Loading IMDB data from src/data/train/imdb.csv
IMDB data loaded with 50000 samples
Injecting symmetric noise with ratio 0.5
Injected noise into 20000 samples
Loading BERT model from bert-base-uncased
Setting up optimizers and losses...
No warm-up-completed models. Training from scratch.
Warmup training for Network 1
Warmup training for Network 2
Evaluating models at epoch 0
Test data size: 10000
Epoch: 0, Test Accuracy: 0.5039, Test F1 Score: 0.3377
Evaluating training data at epoch 0 for Model 1
Evaluating training data at epoch 0 for Model 2
Warmup training for Network 1
Warmup training for Network 2
Warmup completed. Checkpoint saved at checkpoint/dividemix/warmup_checkpoint_0.5_2.pth
Evaluating models at epoch 1
Test data size: 10000
Epoch: 1, Test Accuracy: 0.4961, Test F1 Score: 0.3290
Evaluating training data at epoch 1 for Model 1
Evaluating training data at epoch 1 for Model 2
Training for Network 1
labelled data size: 20227
unlabelled data size: 19773
Epoch 2, Batch 1/633, Grad Norms near zero: 12, Lx 0.6401, Lu 0.4349, Pentalty 0.0024, loss 1.0753
Epoch 2, Batch 2/633, Grad Norms near zero: 12, Lx 0.5606, Lu 0.3066, Pentalty 0.0151, loss 0.8687
Epoch 2, Batch 3/633, Grad Norms near zero: 12, Lx 0.3622, Lu 0.1112, Pentalty 0.1361, loss 0.4869
Epoch 2, Batch 4/633, Grad Norms near zero: 12, Lx 0.2466, Lu 0.0638, Pentalty 0.2531, loss 0.3357
Epoch 2, Batch 5/633, Grad Norms near zero: 12, Lx 0.2747, Lu 0.0126, Pentalty 0.6806, loss 0.3554
Epoch 2, Batch 6/633, Grad Norms near zero: 12, Lx 0.2011, Lu 0.0103, Pentalty 0.6353, loss 0.2749
Epoch 2, Batch 7/633, Grad Norms near zero: 12, Lx 0.2893, Lu 0.0366, Pentalty 0.9212, loss 0.4180
Epoch 2, Batch 8/633, Grad Norms near zero: 12, Lx 0.3670, Lu 0.0340, Pentalty 1.1369, loss 0.5147
Epoch 2, Batch 9/633, Grad Norms near zero: 12, Lx 0.2472, Lu 0.0226, Pentalty 1.5267, loss 0.4225
Epoch 2, Batch 10/633, Grad Norms near zero: 12, Lx 0.1538, Lu 0.0035, Pentalty 1.0987, loss 0.2671
Epoch 2, Batch 11/633, Grad Norms near zero: 12, Lx 0.2075, Lu 0.0100, Pentalty 1.1326, loss 0.3307
Epoch 2, Batch 12/633, Grad Norms near zero: 12, Lx 0.2181, Lu 0.0144, Pentalty 1.1079, loss 0.3433
Epoch 2, Batch 13/633, Grad Norms near zero: 12, Lx 0.3143, Lu 0.0325, Pentalty 1.2763, loss 0.4744
Epoch 2, Batch 14/633, Grad Norms near zero: 12, Lx 0.1958, Lu 0.0068, Pentalty 1.1242, loss 0.3151
Epoch 2, Batch 15/633, Grad Norms near zero: 12, Lx 0.1776, Lu 0.0077, Pentalty 0.9049, loss 0.2758
Epoch 2, Batch 16/633, Grad Norms near zero: 12, Lx 0.1923, Lu 0.0062, Pentalty 0.8052, loss 0.2791
Epoch 2, Batch 17/633, Grad Norms near zero: 12, Lx 0.2916, Lu 0.0105, Pentalty 0.9130, loss 0.3935
Epoch 2, Batch 18/633, Grad Norms near zero: 12, Lx 0.2499, Lu 0.0124, Pentalty 0.6609, loss 0.3284
Epoch 2, Batch 19/633, Grad Norms near zero: 12, Lx 0.1745, Lu 0.0088, Pentalty 0.7051, loss 0.2539
Epoch 2, Batch 20/633, Grad Norms near zero: 12, Lx 0.2307, Lu 0.0149, Pentalty 0.6728, loss 0.3129
Epoch 2, Batch 21/633, Grad Norms near zero: 12, Lx 0.2728, Lu 0.0294, Pentalty 0.3855, loss 0.3408
Epoch 2, Batch 22/633, Grad Norms near zero: 12, Lx 0.2606, Lu 0.0287, Pentalty 0.4055, loss 0.3299
Epoch 2, Batch 23/633, Grad Norms near zero: 12, Lx 0.1878, Lu 0.0183, Pentalty 0.4892, loss 0.2550
Epoch 2, Batch 24/633, Grad Norms near zero: 12, Lx 0.2231, Lu 0.0313, Pentalty 0.3640, loss 0.2908
Epoch 2, Batch 25/633, Grad Norms near zero: 12, Lx 0.2372, Lu 0.0234, Pentalty 0.3865, loss 0.2993
Epoch 2, Batch 26/633, Grad Norms near zero: 12, Lx 0.2760, Lu 0.0231, Pentalty 0.4104, loss 0.3401
Epoch 2, Batch 27/633, Grad Norms near zero: 12, Lx 0.2756, Lu 0.0258, Pentalty 0.4258, loss 0.3441
Epoch 2, Batch 28/633, Grad Norms near zero: 12, Lx 0.2003, Lu 0.0137, Pentalty 0.4929, loss 0.2633
Epoch 2, Batch 29/633, Grad Norms near zero: 12, Lx 0.2033, Lu 0.0133, Pentalty 0.5544, loss 0.2721
Epoch 2, Batch 30/633, Grad Norms near zero: 13, Lx 0.2306, Lu 0.0117, Pentalty 0.5715, loss 0.2995
Epoch 2, Batch 31/633, Grad Norms near zero: 12, Lx 0.2661, Lu 0.0133, Pentalty 0.5702, loss 0.3365
Epoch 2, Batch 32/633, Grad Norms near zero: 12, Lx 0.2002, Lu 0.0102, Pentalty 0.7307, loss 0.2835
Epoch 2, Batch 33/633, Grad Norms near zero: 12, Lx 0.2199, Lu 0.0124, Pentalty 0.7771, loss 0.3100
Epoch 2, Batch 34/633, Grad Norms near zero: 12, Lx 0.2604, Lu 0.0189, Pentalty 0.7926, loss 0.3585
Epoch 2, Batch 35/633, Grad Norms near zero: 12, Lx 0.2694, Lu 0.0142, Pentalty 0.7648, loss 0.3601
Epoch 2, Batch 36/633, Grad Norms near zero: 15, Lx 0.1837, Lu 0.0082, Pentalty 0.7081, loss 0.2627
Epoch 2, Batch 37/633, Grad Norms near zero: 12, Lx 0.2812, Lu 0.0150, Pentalty 0.7481, loss 0.3709
Epoch 2, Batch 38/633, Grad Norms near zero: 12, Lx 0.2475, Lu 0.0214, Pentalty 0.6510, loss 0.3339
Epoch 2, Batch 39/633, Grad Norms near zero: 12, Lx 0.2734, Lu 0.0121, Pentalty 0.5939, loss 0.3449
Epoch 2, Batch 40/633, Grad Norms near zero: 13, Lx 0.2604, Lu 0.0133, Pentalty 0.5936, loss 0.3331
Epoch 2, Batch 41/633, Grad Norms near zero: 12, Lx 0.2840, Lu 0.0174, Pentalty 0.5540, loss 0.3569
Epoch 2, Batch 42/633, Grad Norms near zero: 13, Lx 0.3166, Lu 0.0191, Pentalty 0.5644, loss 0.3921
Epoch 2, Batch 43/633, Grad Norms near zero: 12, Lx 0.2719, Lu 0.0163, Pentalty 0.5145, loss 0.3396
Epoch 2, Batch 44/633, Grad Norms near zero: 15, Lx 0.2783, Lu 0.0180, Pentalty 0.4685, loss 0.3431
Epoch 2, Batch 45/633, Grad Norms near zero: 12, Lx 0.3327, Lu 0.0223, Pentalty 0.4294, loss 0.3980
Epoch 2, Batch 46/633, Grad Norms near zero: 12, Lx 0.2296, Lu 0.0185, Pentalty 0.4544, loss 0.2936
Epoch 2, Batch 47/633, Grad Norms near zero: 13, Lx 0.2857, Lu 0.0239, Pentalty 0.4244, loss 0.3520
Epoch 2, Batch 48/633, Grad Norms near zero: 12, Lx 0.2438, Lu 0.0231, Pentalty 0.4214, loss 0.3090
Epoch 2, Batch 49/633, Grad Norms near zero: 12, Lx 0.2652, Lu 0.0264, Pentalty 0.4042, loss 0.3320
Epoch 2, Batch 50/633, Grad Norms near zero: 12, Lx 0.1813, Lu 0.0285, Pentalty 0.4185, loss 0.2516
Epoch 2, Batch 51/633, Grad Norms near zero: 12, Lx 0.2516, Lu 0.0292, Pentalty 0.4333, loss 0.3242
Epoch 2, Batch 52/633, Grad Norms near zero: 13, Lx 0.2372, Lu 0.0163, Pentalty 0.4818, loss 0.3017
Epoch 2, Batch 53/633, Grad Norms near zero: 12, Lx 0.2034, Lu 0.0142, Pentalty 0.4980, loss 0.2674
Epoch 2, Batch 54/633, Grad Norms near zero: 13, Lx 0.2115, Lu 0.0138, Pentalty 0.5553, loss 0.2808
Epoch 2, Batch 55/633, Grad Norms near zero: 12, Lx 0.1903, Lu 0.0106, Pentalty 0.5914, loss 0.2601
Epoch 2, Batch 56/633, Grad Norms near zero: 13, Lx 0.2367, Lu 0.0085, Pentalty 0.6953, loss 0.3148
Epoch 2, Batch 57/633, Grad Norms near zero: 12, Lx 0.2572, Lu 0.0109, Pentalty 0.6588, loss 0.3339
Epoch 2, Batch 58/633, Grad Norms near zero: 12, Lx 0.2317, Lu 0.0158, Pentalty 0.6947, loss 0.3170
Epoch 2, Batch 59/633, Grad Norms near zero: 12, Lx 0.2358, Lu 0.0115, Pentalty 0.6991, loss 0.3171
Epoch 2, Batch 60/633, Grad Norms near zero: 13, Lx 0.2440, Lu 0.0130, Pentalty 0.7832, loss 0.3353
Epoch 2, Batch 61/633, Grad Norms near zero: 14, Lx 0.1872, Lu 0.0066, Pentalty 0.7123, loss 0.2651
Epoch 2, Batch 62/633, Grad Norms near zero: 13, Lx 0.2832, Lu 0.0114, Pentalty 0.7595, loss 0.3705
Epoch 2, Batch 63/633, Grad Norms near zero: 16, Lx 0.1229, Lu 0.0066, Pentalty 0.6813, loss 0.1976
Epoch 2, Batch 64/633, Grad Norms near zero: 14, Lx 0.2018, Lu 0.0076, Pentalty 0.6988, loss 0.2792
Epoch 2, Batch 65/633, Grad Norms near zero: 12, Lx 0.1705, Lu 0.0158, Pentalty 0.6467, loss 0.2510
Epoch 2, Batch 66/633, Grad Norms near zero: 14, Lx 0.1256, Lu 0.0079, Pentalty 0.6775, loss 0.2012
Epoch 2, Batch 67/633, Grad Norms near zero: 23, Lx 0.1720, Lu 0.0069, Pentalty 0.6555, loss 0.2444
Epoch 2, Batch 68/633, Grad Norms near zero: 13, Lx 0.2175, Lu 0.0106, Pentalty 0.6222, loss 0.2903
Epoch 2, Batch 69/633, Grad Norms near zero: 18, Lx 0.2154, Lu 0.0087, Pentalty 0.6072, loss 0.2848
Epoch 2, Batch 70/633, Grad Norms near zero: 13, Lx 0.1230, Lu 0.0116, Pentalty 0.6098, loss 0.1956
Epoch 2, Batch 71/633, Grad Norms near zero: 13, Lx 0.2448, Lu 0.0167, Pentalty 0.6258, loss 0.3241
Epoch 2, Batch 72/633, Grad Norms near zero: 16, Lx 0.1777, Lu 0.0087, Pentalty 0.6216, loss 0.2486
Epoch 2, Batch 73/633, Grad Norms near zero: 12, Lx 0.2966, Lu 0.0185, Pentalty 0.5701, loss 0.3722
Epoch 2, Batch 74/633, Grad Norms near zero: 12, Lx 0.1287, Lu 0.0151, Pentalty 0.5740, loss 0.2013
Epoch 2, Batch 75/633, Grad Norms near zero: 16, Lx 0.2466, Lu 0.0094, Pentalty 0.6067, loss 0.3167
Epoch 2, Batch 76/633, Grad Norms near zero: 13, Lx 0.2503, Lu 0.0100, Pentalty 0.5631, loss 0.3166
Epoch 2, Batch 77/633, Grad Norms near zero: 13, Lx 0.2451, Lu 0.0158, Pentalty 0.6043, loss 0.3213
Epoch 2, Batch 78/633, Grad Norms near zero: 15, Lx 0.2259, Lu 0.0102, Pentalty 0.5539, loss 0.2915
Epoch 2, Batch 79/633, Grad Norms near zero: 13, Lx 0.2619, Lu 0.0125, Pentalty 0.5840, loss 0.3328
Epoch 2, Batch 80/633, Grad Norms near zero: 19, Lx 0.2089, Lu 0.0103, Pentalty 0.5848, loss 0.2776
Epoch 2, Batch 81/633, Grad Norms near zero: 13, Lx 0.1446, Lu 0.0119, Pentalty 0.5737, loss 0.2138
Epoch 2, Batch 82/633, Grad Norms near zero: 12, Lx 0.3454, Lu 0.0201, Pentalty 0.5223, loss 0.4177
Epoch 2, Batch 83/633, Grad Norms near zero: 14, Lx 0.3091, Lu 0.0172, Pentalty 0.5731, loss 0.3836
Epoch 2, Batch 84/633, Grad Norms near zero: 14, Lx 0.2500, Lu 0.0148, Pentalty 0.5622, loss 0.3210
Epoch 2, Batch 85/633, Grad Norms near zero: 14, Lx 0.2312, Lu 0.0131, Pentalty 0.5545, loss 0.2998
Epoch 2, Batch 86/633, Grad Norms near zero: 14, Lx 0.2708, Lu 0.0162, Pentalty 0.5286, loss 0.3398
Epoch 2, Batch 87/633, Grad Norms near zero: 14, Lx 0.3605, Lu 0.0202, Pentalty 0.5083, loss 0.4314
Epoch 2, Batch 88/633, Grad Norms near zero: 13, Lx 0.2883, Lu 0.0183, Pentalty 0.5147, loss 0.3581
Epoch 2, Batch 89/633, Grad Norms near zero: 14, Lx 0.2773, Lu 0.0200, Pentalty 0.4917, loss 0.3464
Epoch 2, Batch 90/633, Grad Norms near zero: 12, Lx 0.1841, Lu 0.0222, Pentalty 0.4698, loss 0.2533
Epoch 2, Batch 91/633, Grad Norms near zero: 18, Lx 0.3146, Lu 0.0174, Pentalty 0.4694, loss 0.3790
Epoch 2, Batch 92/633, Grad Norms near zero: 13, Lx 0.2219, Lu 0.0174, Pentalty 0.4799, loss 0.2872
Epoch 2, Batch 93/633, Grad Norms near zero: 12, Lx 0.2268, Lu 0.0211, Pentalty 0.4414, loss 0.2920
Epoch 2, Batch 94/633, Grad Norms near zero: 12, Lx 0.2218, Lu 0.0184, Pentalty 0.4569, loss 0.2859
Epoch 2, Batch 95/633, Grad Norms near zero: 12, Lx 0.1975, Lu 0.0140, Pentalty 0.4846, loss 0.2599
Epoch 2, Batch 96/633, Grad Norms near zero: 12, Lx 0.1507, Lu 0.0162, Pentalty 0.5310, loss 0.2201
Epoch 2, Batch 97/633, Grad Norms near zero: 13, Lx 0.2017, Lu 0.0107, Pentalty 0.5511, loss 0.2676
Epoch 2, Batch 98/633, Grad Norms near zero: 17, Lx 0.2388, Lu 0.0090, Pentalty 0.5849, loss 0.3063
Epoch 2, Batch 99/633, Grad Norms near zero: 17, Lx 0.1725, Lu 0.0086, Pentalty 0.6320, loss 0.2443
Epoch 2, Batch 100/633, Grad Norms near zero: 13, Lx 0.2613, Lu 0.0124, Pentalty 0.6475, loss 0.3385
Epoch 2, Batch 101/633, Grad Norms near zero: 17, Lx 0.1985, Lu 0.0075, Pentalty 0.6786, loss 0.2739
Epoch 2, Batch 102/633, Grad Norms near zero: 14, Lx 0.1788, Lu 0.0075, Pentalty 0.6947, loss 0.2558
Epoch 2, Batch 103/633, Grad Norms near zero: 13, Lx 0.2827, Lu 0.0130, Pentalty 0.7265, loss 0.3684
Epoch 2, Batch 104/633, Grad Norms near zero: 13, Lx 0.2423, Lu 0.0127, Pentalty 0.7002, loss 0.3250
Epoch 2, Batch 105/633, Grad Norms near zero: 14, Lx 0.2301, Lu 0.0129, Pentalty 0.6867, loss 0.3117
Epoch 2, Batch 106/633, Grad Norms near zero: 12, Lx 0.2394, Lu 0.0132, Pentalty 0.6856, loss 0.3211
Epoch 2, Batch 107/633, Grad Norms near zero: 12, Lx 0.2572, Lu 0.0177, Pentalty 0.6406, loss 0.3389
Epoch 2, Batch 108/633, Grad Norms near zero: 14, Lx 0.2309, Lu 0.0129, Pentalty 0.6320, loss 0.3070
Epoch 2, Batch 109/633, Grad Norms near zero: 16, Lx 0.2058, Lu 0.0092, Pentalty 0.6171, loss 0.2767
Epoch 2, Batch 110/633, Grad Norms near zero: 15, Lx 0.2142, Lu 0.0082, Pentalty 0.5675, loss 0.2791
Epoch 2, Batch 111/633, Grad Norms near zero: 20, Lx 0.2461, Lu 0.0123, Pentalty 0.5539, loss 0.3139
Epoch 2, Batch 112/633, Grad Norms near zero: 16, Lx 0.2833, Lu 0.0144, Pentalty 0.5181, loss 0.3495
Epoch 2, Batch 113/633, Grad Norms near zero: 14, Lx 0.2101, Lu 0.0154, Pentalty 0.5092, loss 0.2764
Epoch 2, Batch 114/633, Grad Norms near zero: 12, Lx 0.1963, Lu 0.0160, Pentalty 0.5166, loss 0.2640
Epoch 2, Batch 115/633, Grad Norms near zero: 15, Lx 0.3012, Lu 0.0175, Pentalty 0.4649, loss 0.3652
Epoch 2, Batch 116/633, Grad Norms near zero: 13, Lx 0.2764, Lu 0.0221, Pentalty 0.4471, loss 0.3432
Epoch 2, Batch 117/633, Grad Norms near zero: 13, Lx 0.2308, Lu 0.0114, Pentalty 0.5069, loss 0.2928
Epoch 2, Batch 118/633, Grad Norms near zero: 13, Lx 0.1846, Lu 0.0155, Pentalty 0.4878, loss 0.2488
Epoch 2, Batch 119/633, Grad Norms near zero: 14, Lx 0.2778, Lu 0.0194, Pentalty 0.4754, loss 0.3447
Epoch 2, Batch 120/633, Grad Norms near zero: 14, Lx 0.2753, Lu 0.0171, Pentalty 0.4889, loss 0.3413
Epoch 2, Batch 121/633, Grad Norms near zero: 17, Lx 0.2364, Lu 0.0113, Pentalty 0.5234, loss 0.3001
Epoch 2, Batch 122/633, Grad Norms near zero: 19, Lx 0.2307, Lu 0.0107, Pentalty 0.5396, loss 0.2954
Epoch 2, Batch 123/633, Grad Norms near zero: 13, Lx 0.1809, Lu 0.0111, Pentalty 0.5517, loss 0.2472
Epoch 2, Batch 124/633, Grad Norms near zero: 19, Lx 0.2351, Lu 0.0085, Pentalty 0.5715, loss 0.3008
Epoch 2, Batch 125/633, Grad Norms near zero: 22, Lx 0.2280, Lu 0.0105, Pentalty 0.5794, loss 0.2964
Epoch 2, Batch 126/633, Grad Norms near zero: 17, Lx 0.2049, Lu 0.0087, Pentalty 0.6054, loss 0.2741
Epoch 2, Batch 127/633, Grad Norms near zero: 22, Lx 0.2287, Lu 0.0093, Pentalty 0.6032, loss 0.2983
Epoch 2, Batch 128/633, Grad Norms near zero: 17, Lx 0.1967, Lu 0.0095, Pentalty 0.6442, loss 0.2706
Epoch 2, Batch 129/633, Grad Norms near zero: 13, Lx 0.2647, Lu 0.0172, Pentalty 0.6275, loss 0.3447
Epoch 2, Batch 130/633, Grad Norms near zero: 13, Lx 0.2673, Lu 0.0103, Pentalty 0.6329, loss 0.3409
Epoch 2, Batch 131/633, Grad Norms near zero: 13, Lx 0.2718, Lu 0.0131, Pentalty 0.6128, loss 0.3462
Epoch 2, Batch 132/633, Grad Norms near zero: 14, Lx 0.2516, Lu 0.0142, Pentalty 0.5931, loss 0.3251
Epoch 2, Batch 133/633, Grad Norms near zero: 16, Lx 0.1876, Lu 0.0113, Pentalty 0.5938, loss 0.2583
Epoch 2, Batch 134/633, Grad Norms near zero: 14, Lx 0.1500, Lu 0.0073, Pentalty 0.6238, loss 0.2197
Epoch 2, Batch 135/633, Grad Norms near zero: 13, Lx 0.2506, Lu 0.0153, Pentalty 0.5840, loss 0.3242
Epoch 2, Batch 136/633, Grad Norms near zero: 12, Lx 0.3486, Lu 0.0159, Pentalty 0.5933, loss 0.4239
Epoch 2, Batch 137/633, Grad Norms near zero: 16, Lx 0.2912, Lu 0.0146, Pentalty 0.5524, loss 0.3611
Epoch 2, Batch 138/633, Grad Norms near zero: 13, Lx 0.3354, Lu 0.0183, Pentalty 0.5288, loss 0.4065
Epoch 2, Batch 139/633, Grad Norms near zero: 14, Lx 0.2381, Lu 0.0144, Pentalty 0.5095, loss 0.3034
Epoch 2, Batch 140/633, Grad Norms near zero: 12, Lx 0.2054, Lu 0.0099, Pentalty 0.5220, loss 0.2675
Epoch 2, Batch 141/633, Grad Norms near zero: 13, Lx 0.1664, Lu 0.0147, Pentalty 0.4908, loss 0.2302
Epoch 2, Batch 142/633, Grad Norms near zero: 13, Lx 0.2559, Lu 0.0216, Pentalty 0.4853, loss 0.3261
Epoch 2, Batch 143/633, Grad Norms near zero: 12, Lx 0.1837, Lu 0.0128, Pentalty 0.5118, loss 0.2476
Epoch 2, Batch 144/633, Grad Norms near zero: 14, Lx 0.3128, Lu 0.0201, Pentalty 0.5082, loss 0.3837
Epoch 2, Batch 145/633, Grad Norms near zero: 14, Lx 0.2167, Lu 0.0118, Pentalty 0.5157, loss 0.2800
Epoch 2, Batch 146/633, Grad Norms near zero: 14, Lx 0.2703, Lu 0.0181, Pentalty 0.5162, loss 0.3400
Epoch 2, Batch 147/633, Grad Norms near zero: 17, Lx 0.2541, Lu 0.0186, Pentalty 0.5260, loss 0.3252
Epoch 2, Batch 148/633, Grad Norms near zero: 18, Lx 0.2395, Lu 0.0128, Pentalty 0.5426, loss 0.3066
Epoch 2, Batch 149/633, Grad Norms near zero: 12, Lx 0.2753, Lu 0.0139, Pentalty 0.5543, loss 0.3446
Epoch 2, Batch 150/633, Grad Norms near zero: 14, Lx 0.2281, Lu 0.0161, Pentalty 0.5290, loss 0.2971
Epoch 2, Batch 151/633, Grad Norms near zero: 12, Lx 0.3284, Lu 0.0175, Pentalty 0.5379, loss 0.3997
Epoch 2, Batch 152/633, Grad Norms near zero: 14, Lx 0.1946, Lu 0.0092, Pentalty 0.5484, loss 0.2586
Epoch 2, Batch 153/633, Grad Norms near zero: 14, Lx 0.3062, Lu 0.0219, Pentalty 0.5233, loss 0.3804
Epoch 2, Batch 154/633, Grad Norms near zero: 12, Lx 0.2753, Lu 0.0153, Pentalty 0.5269, loss 0.3433
Epoch 2, Batch 155/633, Grad Norms near zero: 14, Lx 0.2151, Lu 0.0115, Pentalty 0.5529, loss 0.2818
Epoch 2, Batch 156/633, Grad Norms near zero: 12, Lx 0.2218, Lu 0.0141, Pentalty 0.5389, loss 0.2898
Epoch 2, Batch 157/633, Grad Norms near zero: 12, Lx 0.3087, Lu 0.0135, Pentalty 0.5098, loss 0.3731
Epoch 2, Batch 158/633, Grad Norms near zero: 17, Lx 0.2667, Lu 0.0162, Pentalty 0.5166, loss 0.3345
Epoch 2, Batch 159/633, Grad Norms near zero: 16, Lx 0.2151, Lu 0.0114, Pentalty 0.5626, loss 0.2828
Epoch 2, Batch 160/633, Grad Norms near zero: 12, Lx 0.2058, Lu 0.0129, Pentalty 0.5408, loss 0.2727
Epoch 2, Batch 161/633, Grad Norms near zero: 15, Lx 0.2499, Lu 0.0095, Pentalty 0.5189, loss 0.3112
Epoch 2, Batch 162/633, Grad Norms near zero: 13, Lx 0.1668, Lu 0.0087, Pentalty 0.5631, loss 0.2318
Epoch 2, Batch 163/633, Grad Norms near zero: 12, Lx 0.1492, Lu 0.0088, Pentalty 0.5699, loss 0.2150
Epoch 2, Batch 164/633, Grad Norms near zero: 16, Lx 0.2017, Lu 0.0081, Pentalty 0.5740, loss 0.2672
Epoch 2, Batch 165/633, Grad Norms near zero: 13, Lx 0.3071, Lu 0.0174, Pentalty 0.5607, loss 0.3806
Epoch 2, Batch 166/633, Grad Norms near zero: 13, Lx 0.2844, Lu 0.0168, Pentalty 0.5743, loss 0.3586
Epoch 2, Batch 167/633, Grad Norms near zero: 13, Lx 0.2444, Lu 0.0120, Pentalty 0.6068, loss 0.3171
Epoch 2, Batch 168/633, Grad Norms near zero: 12, Lx 0.2548, Lu 0.0124, Pentalty 0.5719, loss 0.3244
Epoch 2, Batch 169/633, Grad Norms near zero: 12, Lx 0.3386, Lu 0.0158, Pentalty 0.5704, loss 0.4114
Epoch 2, Batch 170/633, Grad Norms near zero: 12, Lx 0.2877, Lu 0.0131, Pentalty 0.5558, loss 0.3564
Epoch 2, Batch 171/633, Grad Norms near zero: 12, Lx 0.2551, Lu 0.0120, Pentalty 0.5435, loss 0.3214
Epoch 2, Batch 172/633, Grad Norms near zero: 14, Lx 0.2559, Lu 0.0177, Pentalty 0.5116, loss 0.3247
Epoch 2, Batch 173/633, Grad Norms near zero: 15, Lx 0.2513, Lu 0.0132, Pentalty 0.5290, loss 0.3174
Epoch 2, Batch 174/633, Grad Norms near zero: 13, Lx 0.1597, Lu 0.0105, Pentalty 0.5554, loss 0.2257
Epoch 2, Batch 175/633, Grad Norms near zero: 14, Lx 0.2080, Lu 0.0115, Pentalty 0.5493, loss 0.2744
Epoch 2, Batch 176/633, Grad Norms near zero: 14, Lx 0.2660, Lu 0.0199, Pentalty 0.4693, loss 0.3329
Epoch 2, Batch 177/633, Grad Norms near zero: 14, Lx 0.2371, Lu 0.0180, Pentalty 0.4781, loss 0.3030
Epoch 2, Batch 178/633, Grad Norms near zero: 13, Lx 0.2081, Lu 0.0168, Pentalty 0.5256, loss 0.2775
Epoch 2, Batch 179/633, Grad Norms near zero: 16, Lx 0.2730, Lu 0.0143, Pentalty 0.5017, loss 0.3375
Epoch 2, Batch 180/633, Grad Norms near zero: 14, Lx 0.1688, Lu 0.0062, Pentalty 0.5983, loss 0.2348
Epoch 2, Batch 181/633, Grad Norms near zero: 13, Lx 0.2779, Lu 0.0169, Pentalty 0.5544, loss 0.3503
Epoch 2, Batch 182/633, Grad Norms near zero: 13, Lx 0.2728, Lu 0.0113, Pentalty 0.5869, loss 0.3429
Epoch 2, Batch 183/633, Grad Norms near zero: 12, Lx 0.2822, Lu 0.0150, Pentalty 0.5313, loss 0.3503
Epoch 2, Batch 184/633, Grad Norms near zero: 15, Lx 0.2432, Lu 0.0107, Pentalty 0.6028, loss 0.3142
Epoch 2, Batch 185/633, Grad Norms near zero: 12, Lx 0.2044, Lu 0.0119, Pentalty 0.5552, loss 0.2718
Epoch 2, Batch 186/633, Grad Norms near zero: 15, Lx 0.2583, Lu 0.0131, Pentalty 0.5998, loss 0.3314
Epoch 2, Batch 187/633, Grad Norms near zero: 12, Lx 0.2801, Lu 0.0188, Pentalty 0.5150, loss 0.3505
Epoch 2, Batch 188/633, Grad Norms near zero: 15, Lx 0.2889, Lu 0.0159, Pentalty 0.5333, loss 0.3581
Epoch 2, Batch 189/633, Grad Norms near zero: 15, Lx 0.1987, Lu 0.0096, Pentalty 0.5526, loss 0.2636
Epoch 2, Batch 190/633, Grad Norms near zero: 12, Lx 0.2745, Lu 0.0181, Pentalty 0.4870, loss 0.3413
Epoch 2, Batch 191/633, Grad Norms near zero: 12, Lx 0.3229, Lu 0.0177, Pentalty 0.4974, loss 0.3903
Epoch 2, Batch 192/633, Grad Norms near zero: 12, Lx 0.1820, Lu 0.0131, Pentalty 0.5392, loss 0.2490
Epoch 2, Batch 193/633, Grad Norms near zero: 12, Lx 0.2574, Lu 0.0169, Pentalty 0.4881, loss 0.3230
Epoch 2, Batch 194/633, Grad Norms near zero: 12, Lx 0.2158, Lu 0.0127, Pentalty 0.5154, loss 0.2800
Epoch 2, Batch 195/633, Grad Norms near zero: 14, Lx 0.1853, Lu 0.0107, Pentalty 0.5523, loss 0.2512
Epoch 2, Batch 196/633, Grad Norms near zero: 14, Lx 0.2782, Lu 0.0134, Pentalty 0.5407, loss 0.3456
Epoch 2, Batch 197/633, Grad Norms near zero: 13, Lx 0.2919, Lu 0.0151, Pentalty 0.5474, loss 0.3617
Epoch 2, Batch 198/633, Grad Norms near zero: 13, Lx 0.3049, Lu 0.0176, Pentalty 0.5782, loss 0.3803
Epoch 2, Batch 199/633, Grad Norms near zero: 12, Lx 0.2928, Lu 0.0170, Pentalty 0.5255, loss 0.3624
Epoch 2, Batch 200/633, Grad Norms near zero: 14, Lx 0.1982, Lu 0.0088, Pentalty 0.5970, loss 0.2667
Epoch 2, Batch 201/633, Grad Norms near zero: 12, Lx 0.3023, Lu 0.0171, Pentalty 0.5135, loss 0.3708
Epoch 2, Batch 202/633, Grad Norms near zero: 14, Lx 0.2577, Lu 0.0172, Pentalty 0.5507, loss 0.3299
Epoch 2, Batch 203/633, Grad Norms near zero: 13, Lx 0.2657, Lu 0.0187, Pentalty 0.5281, loss 0.3372
Epoch 2, Batch 204/633, Grad Norms near zero: 20, Lx 0.2320, Lu 0.0080, Pentalty 0.5931, loss 0.2992
Epoch 2, Batch 205/633, Grad Norms near zero: 12, Lx 0.2182, Lu 0.0141, Pentalty 0.5104, loss 0.2834
Epoch 2, Batch 206/633, Grad Norms near zero: 12, Lx 0.2578, Lu 0.0184, Pentalty 0.4923, loss 0.3254
Epoch 2, Batch 207/633, Grad Norms near zero: 15, Lx 0.2528, Lu 0.0125, Pentalty 0.5420, loss 0.3195
Epoch 2, Batch 208/633, Grad Norms near zero: 13, Lx 0.1418, Lu 0.0114, Pentalty 0.5825, loss 0.2115
Epoch 2, Batch 209/633, Grad Norms near zero: 14, Lx 0.2015, Lu 0.0107, Pentalty 0.5367, loss 0.2658
Epoch 2, Batch 210/633, Grad Norms near zero: 14, Lx 0.1698, Lu 0.0108, Pentalty 0.5602, loss 0.2366
Epoch 2, Batch 211/633, Grad Norms near zero: 13, Lx 0.2706, Lu 0.0128, Pentalty 0.5794, loss 0.3414
Epoch 2, Batch 212/633, Grad Norms near zero: 12, Lx 0.2509, Lu 0.0142, Pentalty 0.5440, loss 0.3195
Epoch 2, Batch 213/633, Grad Norms near zero: 13, Lx 0.2394, Lu 0.0160, Pentalty 0.5613, loss 0.3116
Epoch 2, Batch 214/633, Grad Norms near zero: 14, Lx 0.2345, Lu 0.0089, Pentalty 0.6278, loss 0.3062
Epoch 2, Batch 215/633, Grad Norms near zero: 13, Lx 0.2887, Lu 0.0148, Pentalty 0.5701, loss 0.3606
Epoch 2, Batch 216/633, Grad Norms near zero: 13, Lx 0.2786, Lu 0.0157, Pentalty 0.5751, loss 0.3518
Epoch 2, Batch 217/633, Grad Norms near zero: 17, Lx 0.2119, Lu 0.0108, Pentalty 0.5674, loss 0.2795
Epoch 2, Batch 218/633, Grad Norms near zero: 16, Lx 0.2439, Lu 0.0119, Pentalty 0.5710, loss 0.3129
Epoch 2, Batch 219/633, Grad Norms near zero: 13, Lx 0.2891, Lu 0.0169, Pentalty 0.5403, loss 0.3600
Epoch 2, Batch 220/633, Grad Norms near zero: 16, Lx 0.2544, Lu 0.0107, Pentalty 0.5543, loss 0.3206
Epoch 2, Batch 221/633, Grad Norms near zero: 15, Lx 0.2519, Lu 0.0152, Pentalty 0.5149, loss 0.3186
Epoch 2, Batch 222/633, Grad Norms near zero: 15, Lx 0.2250, Lu 0.0123, Pentalty 0.5206, loss 0.2894
Epoch 2, Batch 223/633, Grad Norms near zero: 19, Lx 0.2616, Lu 0.0122, Pentalty 0.5179, loss 0.3256
Epoch 2, Batch 224/633, Grad Norms near zero: 14, Lx 0.2229, Lu 0.0123, Pentalty 0.5343, loss 0.2886
Epoch 2, Batch 225/633, Grad Norms near zero: 13, Lx 0.2008, Lu 0.0134, Pentalty 0.5511, loss 0.2692
Epoch 2, Batch 226/633, Grad Norms near zero: 14, Lx 0.3028, Lu 0.0210, Pentalty 0.5019, loss 0.3740
Epoch 2, Batch 227/633, Grad Norms near zero: 13, Lx 0.1930, Lu 0.0095, Pentalty 0.5397, loss 0.2564
Epoch 2, Batch 228/633, Grad Norms near zero: 13, Lx 0.2473, Lu 0.0207, Pentalty 0.4937, loss 0.3174
Epoch 2, Batch 229/633, Grad Norms near zero: 13, Lx 0.2764, Lu 0.0169, Pentalty 0.5241, loss 0.3458
Epoch 2, Batch 230/633, Grad Norms near zero: 21, Lx 0.2424, Lu 0.0121, Pentalty 0.5557, loss 0.3101
Epoch 2, Batch 231/633, Grad Norms near zero: 13, Lx 0.1821, Lu 0.0119, Pentalty 0.5615, loss 0.2501
Epoch 2, Batch 232/633, Grad Norms near zero: 16, Lx 0.1975, Lu 0.0086, Pentalty 0.5716, loss 0.2633
Epoch 2, Batch 233/633, Grad Norms near zero: 14, Lx 0.3097, Lu 0.0160, Pentalty 0.5536, loss 0.3811
Epoch 2, Batch 234/633, Grad Norms near zero: 13, Lx 0.3251, Lu 0.0196, Pentalty 0.5480, loss 0.3994
Epoch 2, Batch 235/633, Grad Norms near zero: 13, Lx 0.2630, Lu 0.0165, Pentalty 0.5277, loss 0.3323
Epoch 2, Batch 236/633, Grad Norms near zero: 13, Lx 0.2629, Lu 0.0173, Pentalty 0.5243, loss 0.3327
Epoch 2, Batch 237/633, Grad Norms near zero: 12, Lx 0.2183, Lu 0.0120, Pentalty 0.5767, loss 0.2879
Epoch 2, Batch 238/633, Grad Norms near zero: 12, Lx 0.2738, Lu 0.0157, Pentalty 0.5402, loss 0.3436
Epoch 2, Batch 239/633, Grad Norms near zero: 13, Lx 0.2741, Lu 0.0132, Pentalty 0.5143, loss 0.3388
Epoch 2, Batch 240/633, Grad Norms near zero: 15, Lx 0.2342, Lu 0.0128, Pentalty 0.5262, loss 0.2997
Epoch 2, Batch 241/633, Grad Norms near zero: 13, Lx 0.3051, Lu 0.0142, Pentalty 0.4713, loss 0.3664
Epoch 2, Batch 242/633, Grad Norms near zero: 13, Lx 0.2147, Lu 0.0120, Pentalty 0.5052, loss 0.2773
Epoch 2, Batch 243/633, Grad Norms near zero: 12, Lx 0.3497, Lu 0.0225, Pentalty 0.4980, loss 0.4220
Epoch 2, Batch 244/633, Grad Norms near zero: 13, Lx 0.2449, Lu 0.0115, Pentalty 0.4952, loss 0.3059
Epoch 2, Batch 245/633, Grad Norms near zero: 12, Lx 0.3013, Lu 0.0178, Pentalty 0.4859, loss 0.3677
Epoch 2, Batch 246/633, Grad Norms near zero: 13, Lx 0.1974, Lu 0.0126, Pentalty 0.4948, loss 0.2595
Epoch 2, Batch 247/633, Grad Norms near zero: 13, Lx 0.2168, Lu 0.0144, Pentalty 0.5320, loss 0.2844
Epoch 2, Batch 248/633, Grad Norms near zero: 13, Lx 0.1824, Lu 0.0133, Pentalty 0.5223, loss 0.2479
Epoch 2, Batch 249/633, Grad Norms near zero: 13, Lx 0.2384, Lu 0.0169, Pentalty 0.4769, loss 0.3030
Epoch 2, Batch 250/633, Grad Norms near zero: 12, Lx 0.2890, Lu 0.0195, Pentalty 0.5081, loss 0.3593
Epoch 2, Batch 251/633, Grad Norms near zero: 15, Lx 0.2224, Lu 0.0107, Pentalty 0.5609, loss 0.2892
Epoch 2, Batch 252/633, Grad Norms near zero: 14, Lx 0.2852, Lu 0.0125, Pentalty 0.5614, loss 0.3538
Epoch 2, Batch 253/633, Grad Norms near zero: 15, Lx 0.2477, Lu 0.0134, Pentalty 0.5710, loss 0.3182
Epoch 2, Batch 254/633, Grad Norms near zero: 14, Lx 0.1645, Lu 0.0095, Pentalty 0.6116, loss 0.2351
Epoch 2, Batch 255/633, Grad Norms near zero: 18, Lx 0.1981, Lu 0.0093, Pentalty 0.6219, loss 0.2696
Epoch 2, Batch 256/633, Grad Norms near zero: 12, Lx 0.2762, Lu 0.0128, Pentalty 0.6029, loss 0.3493
Epoch 2, Batch 257/633, Grad Norms near zero: 13, Lx 0.2909, Lu 0.0136, Pentalty 0.5894, loss 0.3635
Epoch 2, Batch 258/633, Grad Norms near zero: 16, Lx 0.1341, Lu 0.0073, Pentalty 0.6607, loss 0.2075
Epoch 2, Batch 259/633, Grad Norms near zero: 16, Lx 0.1885, Lu 0.0081, Pentalty 0.6120, loss 0.2577
Epoch 2, Batch 260/633, Grad Norms near zero: 17, Lx 0.2212, Lu 0.0115, Pentalty 0.5830, loss 0.2910
Epoch 2, Batch 261/633, Grad Norms near zero: 13, Lx 0.2286, Lu 0.0095, Pentalty 0.6152, loss 0.2996
Epoch 2, Batch 262/633, Grad Norms near zero: 14, Lx 0.2576, Lu 0.0144, Pentalty 0.5715, loss 0.3291
Epoch 2, Batch 263/633, Grad Norms near zero: 13, Lx 0.2436, Lu 0.0205, Pentalty 0.5760, loss 0.3216
Epoch 2, Batch 264/633, Grad Norms near zero: 14, Lx 0.2805, Lu 0.0138, Pentalty 0.5608, loss 0.3504
Epoch 2, Batch 265/633, Grad Norms near zero: 12, Lx 0.1684, Lu 0.0092, Pentalty 0.5879, loss 0.2363
Epoch 2, Batch 266/633, Grad Norms near zero: 13, Lx 0.2611, Lu 0.0190, Pentalty 0.5322, loss 0.3333
Epoch 2, Batch 267/633, Grad Norms near zero: 13, Lx 0.3049, Lu 0.0176, Pentalty 0.5091, loss 0.3734
Epoch 2, Batch 268/633, Grad Norms near zero: 12, Lx 0.2580, Lu 0.0170, Pentalty 0.4874, loss 0.3238
Epoch 2, Batch 269/633, Grad Norms near zero: 13, Lx 0.2713, Lu 0.0171, Pentalty 0.4814, loss 0.3366
Epoch 2, Batch 270/633, Grad Norms near zero: 13, Lx 0.3152, Lu 0.0226, Pentalty 0.4628, loss 0.3841
Epoch 2, Batch 271/633, Grad Norms near zero: 13, Lx 0.2874, Lu 0.0216, Pentalty 0.4611, loss 0.3551
Epoch 2, Batch 272/633, Grad Norms near zero: 12, Lx 0.3110, Lu 0.0211, Pentalty 0.4929, loss 0.3814
Epoch 2, Batch 273/633, Grad Norms near zero: 12, Lx 0.2537, Lu 0.0139, Pentalty 0.4640, loss 0.3139
Epoch 2, Batch 274/633, Grad Norms near zero: 13, Lx 0.2622, Lu 0.0222, Pentalty 0.4562, loss 0.3300
Epoch 2, Batch 275/633, Grad Norms near zero: 12, Lx 0.3094, Lu 0.0241, Pentalty 0.4633, loss 0.3798
Epoch 2, Batch 276/633, Grad Norms near zero: 12, Lx 0.2770, Lu 0.0144, Pentalty 0.4852, loss 0.3399
Epoch 2, Batch 277/633, Grad Norms near zero: 15, Lx 0.2769, Lu 0.0167, Pentalty 0.4610, loss 0.3397
Epoch 2, Batch 278/633, Grad Norms near zero: 14, Lx 0.2359, Lu 0.0132, Pentalty 0.4998, loss 0.2991
Epoch 2, Batch 279/633, Grad Norms near zero: 12, Lx 0.2108, Lu 0.0178, Pentalty 0.5255, loss 0.2811
Epoch 2, Batch 280/633, Grad Norms near zero: 14, Lx 0.2169, Lu 0.0143, Pentalty 0.4920, loss 0.2804
Epoch 2, Batch 281/633, Grad Norms near zero: 14, Lx 0.2063, Lu 0.0084, Pentalty 0.5509, loss 0.2697
Epoch 2, Batch 282/633, Grad Norms near zero: 13, Lx 0.1626, Lu 0.0086, Pentalty 0.5956, loss 0.2308
Epoch 2, Batch 283/633, Grad Norms near zero: 14, Lx 0.2553, Lu 0.0111, Pentalty 0.5509, loss 0.3215
Epoch 2, Batch 284/633, Grad Norms near zero: 12, Lx 0.2597, Lu 0.0182, Pentalty 0.5939, loss 0.3373
Epoch 2, Batch 285/633, Grad Norms near zero: 13, Lx 0.2989, Lu 0.0170, Pentalty 0.5639, loss 0.3724
Epoch 2, Batch 286/633, Grad Norms near zero: 13, Lx 0.2460, Lu 0.0101, Pentalty 0.6363, loss 0.3198
Epoch 2, Batch 287/633, Grad Norms near zero: 12, Lx 0.2915, Lu 0.0173, Pentalty 0.5965, loss 0.3685
Epoch 2, Batch 288/633, Grad Norms near zero: 14, Lx 0.2969, Lu 0.0134, Pentalty 0.5606, loss 0.3664
Epoch 2, Batch 289/633, Grad Norms near zero: 12, Lx 0.2634, Lu 0.0139, Pentalty 0.5721, loss 0.3346
Epoch 2, Batch 290/633, Grad Norms near zero: 12, Lx 0.2778, Lu 0.0175, Pentalty 0.5295, loss 0.3483
Epoch 2, Batch 291/633, Grad Norms near zero: 18, Lx 0.2752, Lu 0.0170, Pentalty 0.5139, loss 0.3436
Epoch 2, Batch 292/633, Grad Norms near zero: 14, Lx 0.1989, Lu 0.0117, Pentalty 0.5458, loss 0.2652
Epoch 2, Batch 293/633, Grad Norms near zero: 14, Lx 0.1891, Lu 0.0098, Pentalty 0.4872, loss 0.2476
Epoch 2, Batch 294/633, Grad Norms near zero: 14, Lx 0.2882, Lu 0.0163, Pentalty 0.4975, loss 0.3543
Epoch 2, Batch 295/633, Grad Norms near zero: 14, Lx 0.2765, Lu 0.0188, Pentalty 0.4671, loss 0.3420
Epoch 2, Batch 296/633, Grad Norms near zero: 13, Lx 0.2689, Lu 0.0155, Pentalty 0.4793, loss 0.3323
Epoch 2, Batch 297/633, Grad Norms near zero: 14, Lx 0.2977, Lu 0.0209, Pentalty 0.4646, loss 0.3651
Epoch 2, Batch 298/633, Grad Norms near zero: 13, Lx 0.2166, Lu 0.0138, Pentalty 0.5194, loss 0.2824
Epoch 2, Batch 299/633, Grad Norms near zero: 12, Lx 0.2769, Lu 0.0155, Pentalty 0.4928, loss 0.3417
Epoch 2, Batch 300/633, Grad Norms near zero: 13, Lx 0.3047, Lu 0.0174, Pentalty 0.5084, loss 0.3729
Epoch 2, Batch 301/633, Grad Norms near zero: 16, Lx 0.2843, Lu 0.0189, Pentalty 0.5037, loss 0.3536
Epoch 2, Batch 302/633, Grad Norms near zero: 15, Lx 0.2316, Lu 0.0126, Pentalty 0.5333, loss 0.2975
Epoch 2, Batch 303/633, Grad Norms near zero: 13, Lx 0.2350, Lu 0.0177, Pentalty 0.5123, loss 0.3039
Epoch 2, Batch 304/633, Grad Norms near zero: 12, Lx 0.1763, Lu 0.0099, Pentalty 0.5761, loss 0.2438
Epoch 2, Batch 305/633, Grad Norms near zero: 12, Lx 0.2867, Lu 0.0126, Pentalty 0.5446, loss 0.3537
Epoch 2, Batch 306/633, Grad Norms near zero: 13, Lx 0.2318, Lu 0.0102, Pentalty 0.5825, loss 0.3003
Epoch 2, Batch 307/633, Grad Norms near zero: 14, Lx 0.2428, Lu 0.0109, Pentalty 0.6067, loss 0.3144
Epoch 2, Batch 308/633, Grad Norms near zero: 14, Lx 0.2137, Lu 0.0089, Pentalty 0.6071, loss 0.2832
Epoch 2, Batch 309/633, Grad Norms near zero: 14, Lx 0.3032, Lu 0.0197, Pentalty 0.5354, loss 0.3764
Epoch 2, Batch 310/633, Grad Norms near zero: 15, Lx 0.2456, Lu 0.0116, Pentalty 0.5722, loss 0.3144
Epoch 2, Batch 311/633, Grad Norms near zero: 17, Lx 0.2466, Lu 0.0128, Pentalty 0.5782, loss 0.3172
Epoch 2, Batch 312/633, Grad Norms near zero: 14, Lx 0.2643, Lu 0.0130, Pentalty 0.5157, loss 0.3289
Epoch 2, Batch 313/633, Grad Norms near zero: 12, Lx 0.2428, Lu 0.0146, Pentalty 0.5281, loss 0.3102
Epoch 2, Batch 314/633, Grad Norms near zero: 15, Lx 0.2510, Lu 0.0135, Pentalty 0.5488, loss 0.3195
Epoch 2, Batch 315/633, Grad Norms near zero: 14, Lx 0.2480, Lu 0.0217, Pentalty 0.4907, loss 0.3187
Epoch 2, Batch 316/633, Grad Norms near zero: 13, Lx 0.1613, Lu 0.0173, Pentalty 0.5425, loss 0.2329
Epoch 2, Batch 317/633, Grad Norms near zero: 12, Lx 0.2885, Lu 0.0143, Pentalty 0.4910, loss 0.3519
Epoch 2, Batch 318/633, Grad Norms near zero: 14, Lx 0.2173, Lu 0.0116, Pentalty 0.5228, loss 0.2811
Epoch 2, Batch 319/633, Grad Norms near zero: 14, Lx 0.2732, Lu 0.0153, Pentalty 0.5140, loss 0.3399
Epoch 2, Batch 320/633, Grad Norms near zero: 12, Lx 0.3124, Lu 0.0142, Pentalty 0.5476, loss 0.3814
Epoch 2, Batch 321/633, Grad Norms near zero: 13, Lx 0.2050, Lu 0.0101, Pentalty 0.5624, loss 0.2714
Epoch 2, Batch 322/633, Grad Norms near zero: 14, Lx 0.1598, Lu 0.0068, Pentalty 0.5668, loss 0.2233
Epoch 2, Batch 323/633, Grad Norms near zero: 14, Lx 0.2387, Lu 0.0159, Pentalty 0.5440, loss 0.3090
Epoch 2, Batch 324/633, Grad Norms near zero: 13, Lx 0.2962, Lu 0.0182, Pentalty 0.5396, loss 0.3683
Epoch 2, Batch 325/633, Grad Norms near zero: 14, Lx 0.2729, Lu 0.0204, Pentalty 0.5426, loss 0.3476
Epoch 2, Batch 326/633, Grad Norms near zero: 15, Lx 0.2296, Lu 0.0100, Pentalty 0.6022, loss 0.2998
Epoch 2, Batch 327/633, Grad Norms near zero: 13, Lx 0.2327, Lu 0.0112, Pentalty 0.5661, loss 0.3005
Epoch 2, Batch 328/633, Grad Norms near zero: 13, Lx 0.2081, Lu 0.0161, Pentalty 0.5476, loss 0.2789
Epoch 2, Batch 329/633, Grad Norms near zero: 20, Lx 0.2307, Lu 0.0090, Pentalty 0.5644, loss 0.2962
Epoch 2, Batch 330/633, Grad Norms near zero: 17, Lx 0.2787, Lu 0.0136, Pentalty 0.5587, loss 0.3481
Epoch 2, Batch 331/633, Grad Norms near zero: 13, Lx 0.2174, Lu 0.0107, Pentalty 0.5491, loss 0.2830
Epoch 2, Batch 332/633, Grad Norms near zero: 12, Lx 0.2442, Lu 0.0141, Pentalty 0.5263, loss 0.3109
Epoch 2, Batch 333/633, Grad Norms near zero: 13, Lx 0.1262, Lu 0.0108, Pentalty 0.5860, loss 0.1956
Epoch 2, Batch 334/633, Grad Norms near zero: 15, Lx 0.2675, Lu 0.0152, Pentalty 0.5330, loss 0.3360
Epoch 2, Batch 335/633, Grad Norms near zero: 17, Lx 0.2517, Lu 0.0148, Pentalty 0.5485, loss 0.3214
Epoch 2, Batch 336/633, Grad Norms near zero: 12, Lx 0.2048, Lu 0.0106, Pentalty 0.5650, loss 0.2719
Epoch 2, Batch 337/633, Grad Norms near zero: 12, Lx 0.2181, Lu 0.0166, Pentalty 0.5468, loss 0.2893
Epoch 2, Batch 338/633, Grad Norms near zero: 14, Lx 0.2932, Lu 0.0149, Pentalty 0.5465, loss 0.3628
Epoch 2, Batch 339/633, Grad Norms near zero: 14, Lx 0.1695, Lu 0.0063, Pentalty 0.6047, loss 0.2362
Epoch 2, Batch 340/633, Grad Norms near zero: 13, Lx 0.3151, Lu 0.0181, Pentalty 0.5427, loss 0.3875
Epoch 2, Batch 341/633, Grad Norms near zero: 14, Lx 0.3298, Lu 0.0179, Pentalty 0.5429, loss 0.4020
Epoch 2, Batch 342/633, Grad Norms near zero: 14, Lx 0.2483, Lu 0.0171, Pentalty 0.5276, loss 0.3182
Epoch 2, Batch 343/633, Grad Norms near zero: 14, Lx 0.2813, Lu 0.0178, Pentalty 0.5100, loss 0.3501
Epoch 2, Batch 344/633, Grad Norms near zero: 12, Lx 0.2745, Lu 0.0139, Pentalty 0.5136, loss 0.3397
Epoch 2, Batch 345/633, Grad Norms near zero: 12, Lx 0.1799, Lu 0.0128, Pentalty 0.5576, loss 0.2484
Epoch 2, Batch 346/633, Grad Norms near zero: 14, Lx 0.2655, Lu 0.0200, Pentalty 0.4730, loss 0.3328
Epoch 2, Batch 347/633, Grad Norms near zero: 13, Lx 0.2092, Lu 0.0108, Pentalty 0.4963, loss 0.2697
Epoch 2, Batch 348/633, Grad Norms near zero: 12, Lx 0.1433, Lu 0.0095, Pentalty 0.5269, loss 0.2055
Epoch 2, Batch 349/633, Grad Norms near zero: 14, Lx 0.3110, Lu 0.0171, Pentalty 0.4857, loss 0.3766
Epoch 2, Batch 350/633, Grad Norms near zero: 14, Lx 0.3196, Lu 0.0210, Pentalty 0.4751, loss 0.3881
Epoch 2, Batch 351/633, Grad Norms near zero: 13, Lx 0.1746, Lu 0.0141, Pentalty 0.5428, loss 0.2430
Epoch 2, Batch 352/633, Grad Norms near zero: 13, Lx 0.2694, Lu 0.0144, Pentalty 0.5445, loss 0.3383
Epoch 2, Batch 353/633, Grad Norms near zero: 12, Lx 0.2594, Lu 0.0213, Pentalty 0.5509, loss 0.3358
Epoch 2, Batch 354/633, Grad Norms near zero: 14, Lx 0.1795, Lu 0.0119, Pentalty 0.5741, loss 0.2488
Epoch 2, Batch 355/633, Grad Norms near zero: 12, Lx 0.2430, Lu 0.0138, Pentalty 0.5613, loss 0.3130
Epoch 2, Batch 356/633, Grad Norms near zero: 12, Lx 0.2843, Lu 0.0153, Pentalty 0.5757, loss 0.3572
Epoch 2, Batch 357/633, Grad Norms near zero: 12, Lx 0.2548, Lu 0.0159, Pentalty 0.5742, loss 0.3281
Epoch 2, Batch 358/633, Grad Norms near zero: 14, Lx 0.2234, Lu 0.0100, Pentalty 0.5753, loss 0.2909
Epoch 2, Batch 359/633, Grad Norms near zero: 14, Lx 0.2052, Lu 0.0118, Pentalty 0.5554, loss 0.2726
Epoch 2, Batch 360/633, Grad Norms near zero: 12, Lx 0.2106, Lu 0.0125, Pentalty 0.5630, loss 0.2794
Epoch 2, Batch 361/633, Grad Norms near zero: 14, Lx 0.1489, Lu 0.0091, Pentalty 0.6279, loss 0.2208
Epoch 2, Batch 362/633, Grad Norms near zero: 15, Lx 0.2690, Lu 0.0158, Pentalty 0.5559, loss 0.3403
Epoch 2, Batch 363/633, Grad Norms near zero: 13, Lx 0.2343, Lu 0.0100, Pentalty 0.5965, loss 0.3040
Epoch 2, Batch 364/633, Grad Norms near zero: 14, Lx 0.2445, Lu 0.0100, Pentalty 0.6013, loss 0.3146
Epoch 2, Batch 365/633, Grad Norms near zero: 15, Lx 0.2686, Lu 0.0121, Pentalty 0.5683, loss 0.3375
Epoch 2, Batch 366/633, Grad Norms near zero: 14, Lx 0.2705, Lu 0.0153, Pentalty 0.5587, loss 0.3417
Epoch 2, Batch 367/633, Grad Norms near zero: 13, Lx 0.2968, Lu 0.0159, Pentalty 0.5524, loss 0.3679
Epoch 2, Batch 368/633, Grad Norms near zero: 13, Lx 0.1758, Lu 0.0093, Pentalty 0.5686, loss 0.2419
Epoch 2, Batch 369/633, Grad Norms near zero: 16, Lx 0.2375, Lu 0.0103, Pentalty 0.5560, loss 0.3034
Epoch 2, Batch 370/633, Grad Norms near zero: 14, Lx 0.2821, Lu 0.0157, Pentalty 0.5140, loss 0.3492
Epoch 2, Batch 371/633, Grad Norms near zero: 15, Lx 0.2379, Lu 0.0138, Pentalty 0.5318, loss 0.3049
Epoch 2, Batch 372/633, Grad Norms near zero: 14, Lx 0.1802, Lu 0.0096, Pentalty 0.5811, loss 0.2480
Epoch 2, Batch 373/633, Grad Norms near zero: 12, Lx 0.2712, Lu 0.0175, Pentalty 0.5084, loss 0.3395
Epoch 2, Batch 374/633, Grad Norms near zero: 14, Lx 0.2121, Lu 0.0119, Pentalty 0.5263, loss 0.2766
Epoch 2, Batch 375/633, Grad Norms near zero: 13, Lx 0.2022, Lu 0.0118, Pentalty 0.5599, loss 0.2700
Epoch 2, Batch 376/633, Grad Norms near zero: 12, Lx 0.2924, Lu 0.0177, Pentalty 0.5259, loss 0.3627
Epoch 2, Batch 377/633, Grad Norms near zero: 13, Lx 0.1698, Lu 0.0092, Pentalty 0.5747, loss 0.2365
Epoch 2, Batch 378/633, Grad Norms near zero: 13, Lx 0.2921, Lu 0.0141, Pentalty 0.5283, loss 0.3590
Epoch 2, Batch 379/633, Grad Norms near zero: 13, Lx 0.2645, Lu 0.0136, Pentalty 0.5238, loss 0.3304
Epoch 2, Batch 380/633, Grad Norms near zero: 12, Lx 0.3009, Lu 0.0197, Pentalty 0.5340, loss 0.3740
Epoch 2, Batch 381/633, Grad Norms near zero: 13, Lx 0.2718, Lu 0.0160, Pentalty 0.5276, loss 0.3406
Epoch 2, Batch 382/633, Grad Norms near zero: 13, Lx 0.2938, Lu 0.0184, Pentalty 0.5070, loss 0.3629
Epoch 2, Batch 383/633, Grad Norms near zero: 15, Lx 0.1950, Lu 0.0092, Pentalty 0.5567, loss 0.2599
Epoch 2, Batch 384/633, Grad Norms near zero: 12, Lx 0.2544, Lu 0.0168, Pentalty 0.5149, loss 0.3227
Epoch 2, Batch 385/633, Grad Norms near zero: 12, Lx 0.2767, Lu 0.0178, Pentalty 0.4864, loss 0.3432
Epoch 2, Batch 386/633, Grad Norms near zero: 13, Lx 0.2632, Lu 0.0146, Pentalty 0.5361, loss 0.3314
Epoch 2, Batch 387/633, Grad Norms near zero: 12, Lx 0.2153, Lu 0.0140, Pentalty 0.5295, loss 0.2823
Epoch 2, Batch 388/633, Grad Norms near zero: 16, Lx 0.2801, Lu 0.0151, Pentalty 0.5357, loss 0.3488
Epoch 2, Batch 389/633, Grad Norms near zero: 13, Lx 0.1697, Lu 0.0134, Pentalty 0.5689, loss 0.2401
Epoch 2, Batch 390/633, Grad Norms near zero: 14, Lx 0.2195, Lu 0.0099, Pentalty 0.5396, loss 0.2834
Epoch 2, Batch 391/633, Grad Norms near zero: 13, Lx 0.2365, Lu 0.0089, Pentalty 0.5451, loss 0.2999
Epoch 2, Batch 392/633, Grad Norms near zero: 16, Lx 0.1775, Lu 0.0083, Pentalty 0.6135, loss 0.2472
Epoch 2, Batch 393/633, Grad Norms near zero: 13, Lx 0.2205, Lu 0.0136, Pentalty 0.5454, loss 0.2886
Epoch 2, Batch 394/633, Grad Norms near zero: 16, Lx 0.2309, Lu 0.0080, Pentalty 0.5899, loss 0.2979
Epoch 2, Batch 395/633, Grad Norms near zero: 13, Lx 0.2793, Lu 0.0140, Pentalty 0.5858, loss 0.3519
Epoch 2, Batch 396/633, Grad Norms near zero: 14, Lx 0.2348, Lu 0.0157, Pentalty 0.5445, loss 0.3049
Epoch 2, Batch 397/633, Grad Norms near zero: 12, Lx 0.2193, Lu 0.0111, Pentalty 0.5972, loss 0.2901
Epoch 2, Batch 398/633, Grad Norms near zero: 14, Lx 0.2236, Lu 0.0145, Pentalty 0.5842, loss 0.2966
Epoch 2, Batch 399/633, Grad Norms near zero: 13, Lx 0.3160, Lu 0.0175, Pentalty 0.5687, loss 0.3904
Epoch 2, Batch 400/633, Grad Norms near zero: 12, Lx 0.3432, Lu 0.0187, Pentalty 0.5529, loss 0.4172
Epoch 2, Batch 401/633, Grad Norms near zero: 15, Lx 0.2432, Lu 0.0114, Pentalty 0.5528, loss 0.3098
Epoch 2, Batch 402/633, Grad Norms near zero: 13, Lx 0.1726, Lu 0.0109, Pentalty 0.5765, loss 0.2411
Epoch 2, Batch 403/633, Grad Norms near zero: 12, Lx 0.3259, Lu 0.0206, Pentalty 0.5057, loss 0.3970
Epoch 2, Batch 404/633, Grad Norms near zero: 13, Lx 0.1857, Lu 0.0103, Pentalty 0.5350, loss 0.2495
Epoch 2, Batch 405/633, Grad Norms near zero: 12, Lx 0.2668, Lu 0.0210, Pentalty 0.4801, loss 0.3358
Epoch 2, Batch 406/633, Grad Norms near zero: 13, Lx 0.2641, Lu 0.0153, Pentalty 0.4260, loss 0.3220
Epoch 2, Batch 407/633, Grad Norms near zero: 12, Lx 0.2565, Lu 0.0180, Pentalty 0.4641, loss 0.3210
Epoch 2, Batch 408/633, Grad Norms near zero: 12, Lx 0.2414, Lu 0.0175, Pentalty 0.4889, loss 0.3077
Epoch 2, Batch 409/633, Grad Norms near zero: 12, Lx 0.2470, Lu 0.0149, Pentalty 0.4983, loss 0.3118
Epoch 2, Batch 410/633, Grad Norms near zero: 12, Lx 0.2541, Lu 0.0154, Pentalty 0.4910, loss 0.3186
Epoch 2, Batch 411/633, Grad Norms near zero: 12, Lx 0.2608, Lu 0.0178, Pentalty 0.5034, loss 0.3289
Epoch 2, Batch 412/633, Grad Norms near zero: 14, Lx 0.2952, Lu 0.0174, Pentalty 0.5163, loss 0.3642
Epoch 2, Batch 413/633, Grad Norms near zero: 12, Lx 0.2756, Lu 0.0147, Pentalty 0.5400, loss 0.3443
Epoch 2, Batch 414/633, Grad Norms near zero: 14, Lx 0.1865, Lu 0.0080, Pentalty 0.5841, loss 0.2530
Epoch 2, Batch 415/633, Grad Norms near zero: 16, Lx 0.1869, Lu 0.0078, Pentalty 0.5848, loss 0.2531
Epoch 2, Batch 416/633, Grad Norms near zero: 14, Lx 0.2935, Lu 0.0171, Pentalty 0.5376, loss 0.3644
Epoch 2, Batch 417/633, Grad Norms near zero: 13, Lx 0.2753, Lu 0.0199, Pentalty 0.5346, loss 0.3486
Epoch 2, Batch 418/633, Grad Norms near zero: 15, Lx 0.1716, Lu 0.0058, Pentalty 0.6247, loss 0.2398
Epoch 2, Batch 419/633, Grad Norms near zero: 13, Lx 0.2683, Lu 0.0127, Pentalty 0.5561, loss 0.3366
Epoch 2, Batch 420/633, Grad Norms near zero: 12, Lx 0.2800, Lu 0.0123, Pentalty 0.5731, loss 0.3496
Epoch 2, Batch 421/633, Grad Norms near zero: 13, Lx 0.3459, Lu 0.0199, Pentalty 0.5274, loss 0.4186
Epoch 2, Batch 422/633, Grad Norms near zero: 12, Lx 0.3231, Lu 0.0132, Pentalty 0.5637, loss 0.3928
Epoch 2, Batch 423/633, Grad Norms near zero: 12, Lx 0.2535, Lu 0.0149, Pentalty 0.5375, loss 0.3221
Epoch 2, Batch 424/633, Grad Norms near zero: 12, Lx 0.2221, Lu 0.0110, Pentalty 0.5110, loss 0.2842
Epoch 2, Batch 425/633, Grad Norms near zero: 12, Lx 0.2000, Lu 0.0112, Pentalty 0.5231, loss 0.2635
Epoch 2, Batch 426/633, Grad Norms near zero: 13, Lx 0.2556, Lu 0.0189, Pentalty 0.4648, loss 0.3209
Epoch 2, Batch 427/633, Grad Norms near zero: 13, Lx 0.1470, Lu 0.0141, Pentalty 0.5600, loss 0.2171
Epoch 2, Batch 428/633, Grad Norms near zero: 13, Lx 0.2186, Lu 0.0110, Pentalty 0.5060, loss 0.2802
Epoch 2, Batch 429/633, Grad Norms near zero: 14, Lx 0.2729, Lu 0.0194, Pentalty 0.4658, loss 0.3389
Epoch 2, Batch 430/633, Grad Norms near zero: 13, Lx 0.2143, Lu 0.0174, Pentalty 0.5103, loss 0.2828
Epoch 2, Batch 431/633, Grad Norms near zero: 13, Lx 0.2929, Lu 0.0191, Pentalty 0.4886, loss 0.3608
Epoch 2, Batch 432/633, Grad Norms near zero: 15, Lx 0.1921, Lu 0.0100, Pentalty 0.5918, loss 0.2612
Epoch 2, Batch 433/633, Grad Norms near zero: 12, Lx 0.2910, Lu 0.0202, Pentalty 0.5730, loss 0.3684
Epoch 2, Batch 434/633, Grad Norms near zero: 13, Lx 0.2280, Lu 0.0094, Pentalty 0.6439, loss 0.3018
Epoch 2, Batch 435/633, Grad Norms near zero: 16, Lx 0.1964, Lu 0.0073, Pentalty 0.6703, loss 0.2707
Epoch 2, Batch 436/633, Grad Norms near zero: 21, Lx 0.1687, Lu 0.0061, Pentalty 0.6678, loss 0.2416
Epoch 2, Batch 437/633, Grad Norms near zero: 15, Lx 0.2030, Lu 0.0101, Pentalty 0.5958, loss 0.2726
Epoch 2, Batch 438/633, Grad Norms near zero: 14, Lx 0.2263, Lu 0.0106, Pentalty 0.6370, loss 0.3006
Epoch 2, Batch 439/633, Grad Norms near zero: 12, Lx 0.2760, Lu 0.0213, Pentalty 0.5770, loss 0.3550
Epoch 2, Batch 440/633, Grad Norms near zero: 14, Lx 0.2689, Lu 0.0174, Pentalty 0.5495, loss 0.3412
Epoch 2, Batch 441/633, Grad Norms near zero: 13, Lx 0.2450, Lu 0.0141, Pentalty 0.5548, loss 0.3146
Epoch 2, Batch 442/633, Grad Norms near zero: 14, Lx 0.2133, Lu 0.0103, Pentalty 0.5679, loss 0.2804
Epoch 2, Batch 443/633, Grad Norms near zero: 13, Lx 0.3133, Lu 0.0187, Pentalty 0.5177, loss 0.3837
Epoch 2, Batch 444/633, Grad Norms near zero: 16, Lx 0.1870, Lu 0.0089, Pentalty 0.6161, loss 0.2574
Epoch 2, Batch 445/633, Grad Norms near zero: 14, Lx 0.2763, Lu 0.0177, Pentalty 0.4925, loss 0.3432
Epoch 2, Batch 446/633, Grad Norms near zero: 14, Lx 0.2443, Lu 0.0129, Pentalty 0.5211, loss 0.3093
Epoch 2, Batch 447/633, Grad Norms near zero: 14, Lx 0.2709, Lu 0.0180, Pentalty 0.4908, loss 0.3380
Epoch 2, Batch 448/633, Grad Norms near zero: 13, Lx 0.2155, Lu 0.0091, Pentalty 0.4982, loss 0.2744
Epoch 2, Batch 449/633, Grad Norms near zero: 12, Lx 0.2547, Lu 0.0126, Pentalty 0.4964, loss 0.3170
Epoch 2, Batch 450/633, Grad Norms near zero: 12, Lx 0.3280, Lu 0.0222, Pentalty 0.4722, loss 0.3974
Epoch 2, Batch 451/633, Grad Norms near zero: 12, Lx 0.3113, Lu 0.0182, Pentalty 0.4812, loss 0.3777
Epoch 2, Batch 452/633, Grad Norms near zero: 12, Lx 0.2570, Lu 0.0148, Pentalty 0.4874, loss 0.3205
Epoch 2, Batch 453/633, Grad Norms near zero: 13, Lx 0.1887, Lu 0.0091, Pentalty 0.5061, loss 0.2485
Epoch 2, Batch 454/633, Grad Norms near zero: 12, Lx 0.3402, Lu 0.0240, Pentalty 0.4448, loss 0.4086
Epoch 2, Batch 455/633, Grad Norms near zero: 13, Lx 0.2021, Lu 0.0102, Pentalty 0.5471, loss 0.2670
Epoch 2, Batch 456/633, Grad Norms near zero: 13, Lx 0.2151, Lu 0.0146, Pentalty 0.4686, loss 0.2765
Epoch 2, Batch 457/633, Grad Norms near zero: 12, Lx 0.1290, Lu 0.0135, Pentalty 0.5723, loss 0.1997
Epoch 2, Batch 458/633, Grad Norms near zero: 13, Lx 0.2407, Lu 0.0113, Pentalty 0.5596, loss 0.3080
Epoch 2, Batch 459/633, Grad Norms near zero: 13, Lx 0.2770, Lu 0.0189, Pentalty 0.5233, loss 0.3482
Epoch 2, Batch 460/633, Grad Norms near zero: 14, Lx 0.2213, Lu 0.0110, Pentalty 0.5575, loss 0.2881
Epoch 2, Batch 461/633, Grad Norms near zero: 12, Lx 0.2741, Lu 0.0148, Pentalty 0.5377, loss 0.3428
Epoch 2, Batch 462/633, Grad Norms near zero: 14, Lx 0.1323, Lu 0.0070, Pentalty 0.6342, loss 0.2027
Epoch 2, Batch 463/633, Grad Norms near zero: 14, Lx 0.2354, Lu 0.0111, Pentalty 0.5932, loss 0.3059
Epoch 2, Batch 464/633, Grad Norms near zero: 14, Lx 0.1808, Lu 0.0096, Pentalty 0.6475, loss 0.2551
Epoch 2, Batch 465/633, Grad Norms near zero: 13, Lx 0.2537, Lu 0.0146, Pentalty 0.5843, loss 0.3267
Epoch 2, Batch 466/633, Grad Norms near zero: 13, Lx 0.2455, Lu 0.0106, Pentalty 0.6139, loss 0.3175
Epoch 2, Batch 467/633, Grad Norms near zero: 13, Lx 0.2361, Lu 0.0133, Pentalty 0.5983, loss 0.3092
Epoch 2, Batch 468/633, Grad Norms near zero: 14, Lx 0.2222, Lu 0.0076, Pentalty 0.6379, loss 0.2936
Epoch 2, Batch 469/633, Grad Norms near zero: 14, Lx 0.2201, Lu 0.0157, Pentalty 0.5911, loss 0.2949
Epoch 2, Batch 470/633, Grad Norms near zero: 12, Lx 0.2836, Lu 0.0146, Pentalty 0.5700, loss 0.3552
Epoch 2, Batch 471/633, Grad Norms near zero: 12, Lx 0.3036, Lu 0.0237, Pentalty 0.5278, loss 0.3800
Epoch 2, Batch 472/633, Grad Norms near zero: 15, Lx 0.2070, Lu 0.0081, Pentalty 0.6417, loss 0.2792
Epoch 2, Batch 473/633, Grad Norms near zero: 14, Lx 0.2567, Lu 0.0136, Pentalty 0.5297, loss 0.3232
Epoch 2, Batch 474/633, Grad Norms near zero: 15, Lx 0.2674, Lu 0.0152, Pentalty 0.5187, loss 0.3344
Epoch 2, Batch 475/633, Grad Norms near zero: 12, Lx 0.2308, Lu 0.0163, Pentalty 0.4944, loss 0.2965
Epoch 2, Batch 476/633, Grad Norms near zero: 13, Lx 0.3280, Lu 0.0193, Pentalty 0.4740, loss 0.3947
Epoch 2, Batch 477/633, Grad Norms near zero: 12, Lx 0.1556, Lu 0.0106, Pentalty 0.5136, loss 0.2175
Epoch 2, Batch 478/633, Grad Norms near zero: 17, Lx 0.2282, Lu 0.0081, Pentalty 0.5649, loss 0.2927
Epoch 2, Batch 479/633, Grad Norms near zero: 14, Lx 0.2756, Lu 0.0149, Pentalty 0.4936, loss 0.3399
Epoch 2, Batch 480/633, Grad Norms near zero: 13, Lx 0.3554, Lu 0.0225, Pentalty 0.4793, loss 0.4259
Epoch 2, Batch 481/633, Grad Norms near zero: 14, Lx 0.2007, Lu 0.0093, Pentalty 0.5592, loss 0.2660
Epoch 2, Batch 482/633, Grad Norms near zero: 13, Lx 0.2235, Lu 0.0124, Pentalty 0.4962, loss 0.2855
Epoch 2, Batch 483/633, Grad Norms near zero: 14, Lx 0.2604, Lu 0.0122, Pentalty 0.4880, loss 0.3214
Epoch 2, Batch 484/633, Grad Norms near zero: 16, Lx 0.2162, Lu 0.0078, Pentalty 0.5811, loss 0.2821
Epoch 2, Batch 485/633, Grad Norms near zero: 15, Lx 0.1688, Lu 0.0092, Pentalty 0.5991, loss 0.2379
Epoch 2, Batch 486/633, Grad Norms near zero: 13, Lx 0.3076, Lu 0.0183, Pentalty 0.5134, loss 0.3772
Epoch 2, Batch 487/633, Grad Norms near zero: 12, Lx 0.2345, Lu 0.0111, Pentalty 0.5154, loss 0.2971
Epoch 2, Batch 488/633, Grad Norms near zero: 13, Lx 0.2638, Lu 0.0114, Pentalty 0.5271, loss 0.3279
Epoch 2, Batch 489/633, Grad Norms near zero: 16, Lx 0.1883, Lu 0.0075, Pentalty 0.6172, loss 0.2575
Epoch 2, Batch 490/633, Grad Norms near zero: 13, Lx 0.2222, Lu 0.0078, Pentalty 0.6180, loss 0.2918
Epoch 2, Batch 491/633, Grad Norms near zero: 13, Lx 0.2477, Lu 0.0092, Pentalty 0.6008, loss 0.3170
Epoch 2, Batch 492/633, Grad Norms near zero: 13, Lx 0.2738, Lu 0.0156, Pentalty 0.5370, loss 0.3431
Epoch 2, Batch 493/633, Grad Norms near zero: 14, Lx 0.1636, Lu 0.0061, Pentalty 0.6276, loss 0.2325
Epoch 2, Batch 494/633, Grad Norms near zero: 13, Lx 0.2352, Lu 0.0099, Pentalty 0.5903, loss 0.3041
Epoch 2, Batch 495/633, Grad Norms near zero: 13, Lx 0.3057, Lu 0.0211, Pentalty 0.5012, loss 0.3769
Epoch 2, Batch 496/633, Grad Norms near zero: 14, Lx 0.1602, Lu 0.0082, Pentalty 0.6397, loss 0.2323
Epoch 2, Batch 497/633, Grad Norms near zero: 13, Lx 0.2719, Lu 0.0198, Pentalty 0.4957, loss 0.3413
Epoch 2, Batch 498/633, Grad Norms near zero: 12, Lx 0.1310, Lu 0.0113, Pentalty 0.6026, loss 0.2025
Epoch 2, Batch 499/633, Grad Norms near zero: 13, Lx 0.2510, Lu 0.0148, Pentalty 0.5273, loss 0.3186
Epoch 2, Batch 500/633, Grad Norms near zero: 12, Lx 0.3025, Lu 0.0106, Pentalty 0.5990, loss 0.3730
Epoch 2, Batch 501/633, Grad Norms near zero: 13, Lx 0.2244, Lu 0.0143, Pentalty 0.5276, loss 0.2914
Epoch 2, Batch 502/633, Grad Norms near zero: 13, Lx 0.3154, Lu 0.0195, Pentalty 0.5231, loss 0.3872
Epoch 2, Batch 503/633, Grad Norms near zero: 12, Lx 0.2439, Lu 0.0159, Pentalty 0.5296, loss 0.3128
Epoch 2, Batch 504/633, Grad Norms near zero: 13, Lx 0.2346, Lu 0.0111, Pentalty 0.5251, loss 0.2982
Epoch 2, Batch 505/633, Grad Norms near zero: 13, Lx 0.1859, Lu 0.0084, Pentalty 0.5934, loss 0.2536
Epoch 2, Batch 506/633, Grad Norms near zero: 13, Lx 0.2781, Lu 0.0154, Pentalty 0.5114, loss 0.3446
Epoch 2, Batch 507/633, Grad Norms near zero: 14, Lx 0.2457, Lu 0.0118, Pentalty 0.5801, loss 0.3155
Epoch 2, Batch 508/633, Grad Norms near zero: 12, Lx 0.2904, Lu 0.0145, Pentalty 0.5229, loss 0.3572
Epoch 2, Batch 509/633, Grad Norms near zero: 12, Lx 0.3071, Lu 0.0181, Pentalty 0.5235, loss 0.3776
Epoch 2, Batch 510/633, Grad Norms near zero: 13, Lx 0.2536, Lu 0.0139, Pentalty 0.4942, loss 0.3170
Epoch 2, Batch 511/633, Grad Norms near zero: 13, Lx 0.3341, Lu 0.0204, Pentalty 0.4656, loss 0.4010
Epoch 2, Batch 512/633, Grad Norms near zero: 13, Lx 0.3436, Lu 0.0230, Pentalty 0.4857, loss 0.4152
Epoch 2, Batch 513/633, Grad Norms near zero: 13, Lx 0.3069, Lu 0.0217, Pentalty 0.4807, loss 0.3766
Epoch 2, Batch 514/633, Grad Norms near zero: 12, Lx 0.2909, Lu 0.0193, Pentalty 0.4743, loss 0.3577
Epoch 2, Batch 515/633, Grad Norms near zero: 13, Lx 0.2669, Lu 0.0146, Pentalty 0.4503, loss 0.3265
Epoch 2, Batch 516/633, Grad Norms near zero: 12, Lx 0.2780, Lu 0.0180, Pentalty 0.4665, loss 0.3426
Epoch 2, Batch 517/633, Grad Norms near zero: 12, Lx 0.2596, Lu 0.0196, Pentalty 0.4509, loss 0.3243
Epoch 2, Batch 518/633, Grad Norms near zero: 13, Lx 0.3329, Lu 0.0190, Pentalty 0.4336, loss 0.3953
Epoch 2, Batch 519/633, Grad Norms near zero: 12, Lx 0.3475, Lu 0.0244, Pentalty 0.4551, loss 0.4174
Epoch 2, Batch 520/633, Grad Norms near zero: 12, Lx 0.1507, Lu 0.0126, Pentalty 0.5208, loss 0.2154
Epoch 2, Batch 521/633, Grad Norms near zero: 12, Lx 0.2274, Lu 0.0147, Pentalty 0.5025, loss 0.2924
Epoch 2, Batch 522/633, Grad Norms near zero: 12, Lx 0.2256, Lu 0.0127, Pentalty 0.5312, loss 0.2914
Epoch 2, Batch 523/633, Grad Norms near zero: 13, Lx 0.1984, Lu 0.0108, Pentalty 0.5720, loss 0.2665
Epoch 2, Batch 524/633, Grad Norms near zero: 13, Lx 0.2281, Lu 0.0192, Pentalty 0.5054, loss 0.2978
Epoch 2, Batch 525/633, Grad Norms near zero: 13, Lx 0.2826, Lu 0.0203, Pentalty 0.5029, loss 0.3532
Epoch 2, Batch 526/633, Grad Norms near zero: 13, Lx 0.2558, Lu 0.0131, Pentalty 0.5842, loss 0.3273
Epoch 2, Batch 527/633, Grad Norms near zero: 13, Lx 0.2137, Lu 0.0071, Pentalty 0.6692, loss 0.2877
Epoch 2, Batch 528/633, Grad Norms near zero: 12, Lx 0.2560, Lu 0.0135, Pentalty 0.6122, loss 0.3307
Epoch 2, Batch 529/633, Grad Norms near zero: 13, Lx 0.2140, Lu 0.0128, Pentalty 0.5967, loss 0.2865
Epoch 2, Batch 530/633, Grad Norms near zero: 13, Lx 0.2621, Lu 0.0150, Pentalty 0.5675, loss 0.3338
Epoch 2, Batch 531/633, Grad Norms near zero: 12, Lx 0.3091, Lu 0.0189, Pentalty 0.6083, loss 0.3888
Epoch 2, Batch 532/633, Grad Norms near zero: 13, Lx 0.2939, Lu 0.0175, Pentalty 0.5540, loss 0.3668
Epoch 2, Batch 533/633, Grad Norms near zero: 13, Lx 0.2279, Lu 0.0088, Pentalty 0.5577, loss 0.2925
Epoch 2, Batch 534/633, Grad Norms near zero: 12, Lx 0.2566, Lu 0.0154, Pentalty 0.5881, loss 0.3308
Epoch 2, Batch 535/633, Grad Norms near zero: 13, Lx 0.2574, Lu 0.0115, Pentalty 0.5372, loss 0.3226
Epoch 2, Batch 536/633, Grad Norms near zero: 14, Lx 0.2053, Lu 0.0120, Pentalty 0.5724, loss 0.2745
Epoch 2, Batch 537/633, Grad Norms near zero: 12, Lx 0.1553, Lu 0.0101, Pentalty 0.5826, loss 0.2236
Epoch 2, Batch 538/633, Grad Norms near zero: 12, Lx 0.1743, Lu 0.0122, Pentalty 0.5635, loss 0.2428
Epoch 2, Batch 539/633, Grad Norms near zero: 13, Lx 0.2662, Lu 0.0156, Pentalty 0.4947, loss 0.3313
Epoch 2, Batch 540/633, Grad Norms near zero: 13, Lx 0.2611, Lu 0.0189, Pentalty 0.4740, loss 0.3275
Epoch 2, Batch 541/633, Grad Norms near zero: 12, Lx 0.2018, Lu 0.0133, Pentalty 0.5524, loss 0.2703
Epoch 2, Batch 542/633, Grad Norms near zero: 13, Lx 0.3095, Lu 0.0206, Pentalty 0.5018, loss 0.3802
Epoch 2, Batch 543/633, Grad Norms near zero: 14, Lx 0.2487, Lu 0.0105, Pentalty 0.5513, loss 0.3144
Epoch 2, Batch 544/633, Grad Norms near zero: 12, Lx 0.1347, Lu 0.0081, Pentalty 0.6260, loss 0.2053
Epoch 2, Batch 545/633, Grad Norms near zero: 13, Lx 0.2465, Lu 0.0122, Pentalty 0.5413, loss 0.3129
Epoch 2, Batch 546/633, Grad Norms near zero: 13, Lx 0.2759, Lu 0.0197, Pentalty 0.4984, loss 0.3455
Epoch 2, Batch 547/633, Grad Norms near zero: 14, Lx 0.1927, Lu 0.0088, Pentalty 0.6077, loss 0.2623
Epoch 2, Batch 548/633, Grad Norms near zero: 12, Lx 0.2874, Lu 0.0166, Pentalty 0.5571, loss 0.3597
Epoch 2, Batch 549/633, Grad Norms near zero: 13, Lx 0.2608, Lu 0.0151, Pentalty 0.5753, loss 0.3335
Epoch 2, Batch 550/633, Grad Norms near zero: 12, Lx 0.2569, Lu 0.0105, Pentalty 0.6155, loss 0.3290
Epoch 2, Batch 551/633, Grad Norms near zero: 12, Lx 0.2582, Lu 0.0108, Pentalty 0.5882, loss 0.3279
Epoch 2, Batch 552/633, Grad Norms near zero: 13, Lx 0.2485, Lu 0.0122, Pentalty 0.5690, loss 0.3177
Epoch 2, Batch 553/633, Grad Norms near zero: 13, Lx 0.2526, Lu 0.0221, Pentalty 0.5262, loss 0.3272
Epoch 2, Batch 554/633, Grad Norms near zero: 13, Lx 0.2720, Lu 0.0202, Pentalty 0.5067, loss 0.3429
Epoch 2, Batch 555/633, Grad Norms near zero: 13, Lx 0.2051, Lu 0.0106, Pentalty 0.5620, loss 0.2719
Epoch 2, Batch 556/633, Grad Norms near zero: 13, Lx 0.2888, Lu 0.0173, Pentalty 0.5019, loss 0.3563
Epoch 2, Batch 557/633, Grad Norms near zero: 13, Lx 0.3430, Lu 0.0257, Pentalty 0.4784, loss 0.4165
Epoch 2, Batch 558/633, Grad Norms near zero: 13, Lx 0.2137, Lu 0.0146, Pentalty 0.5060, loss 0.2789
Epoch 2, Batch 559/633, Grad Norms near zero: 12, Lx 0.1868, Lu 0.0107, Pentalty 0.5664, loss 0.2541
Epoch 2, Batch 560/633, Grad Norms near zero: 13, Lx 0.2339, Lu 0.0134, Pentalty 0.5279, loss 0.3001
Epoch 2, Batch 561/633, Grad Norms near zero: 12, Lx 0.1795, Lu 0.0095, Pentalty 0.5409, loss 0.2431
Epoch 2, Batch 562/633, Grad Norms near zero: 12, Lx 0.1870, Lu 0.0081, Pentalty 0.5594, loss 0.2510
Epoch 2, Batch 563/633, Grad Norms near zero: 13, Lx 0.2218, Lu 0.0126, Pentalty 0.5598, loss 0.2904
Epoch 2, Batch 564/633, Grad Norms near zero: 13, Lx 0.2604, Lu 0.0196, Pentalty 0.5081, loss 0.3309
Epoch 2, Batch 565/633, Grad Norms near zero: 15, Lx 0.1799, Lu 0.0083, Pentalty 0.6217, loss 0.2504
Epoch 2, Batch 566/633, Grad Norms near zero: 12, Lx 0.3288, Lu 0.0171, Pentalty 0.5545, loss 0.4013
Epoch 2, Batch 567/633, Grad Norms near zero: 14, Lx 0.2213, Lu 0.0123, Pentalty 0.5648, loss 0.2900
Epoch 2, Batch 568/633, Grad Norms near zero: 12, Lx 0.2709, Lu 0.0183, Pentalty 0.5720, loss 0.3464
Epoch 2, Batch 569/633, Grad Norms near zero: 13, Lx 0.2234, Lu 0.0120, Pentalty 0.5710, loss 0.2925
Epoch 2, Batch 570/633, Grad Norms near zero: 14, Lx 0.1635, Lu 0.0077, Pentalty 0.6557, loss 0.2368
Epoch 2, Batch 571/633, Grad Norms near zero: 14, Lx 0.1852, Lu 0.0084, Pentalty 0.6220, loss 0.2559
Epoch 2, Batch 572/633, Grad Norms near zero: 13, Lx 0.2294, Lu 0.0115, Pentalty 0.6084, loss 0.3018
Epoch 2, Batch 573/633, Grad Norms near zero: 13, Lx 0.2192, Lu 0.0132, Pentalty 0.5924, loss 0.2916
Epoch 2, Batch 574/633, Grad Norms near zero: 13, Lx 0.2352, Lu 0.0108, Pentalty 0.5659, loss 0.3026
Epoch 2, Batch 575/633, Grad Norms near zero: 13, Lx 0.2865, Lu 0.0120, Pentalty 0.5872, loss 0.3572
Epoch 2, Batch 576/633, Grad Norms near zero: 12, Lx 0.2615, Lu 0.0118, Pentalty 0.5755, loss 0.3309
Epoch 2, Batch 577/633, Grad Norms near zero: 12, Lx 0.2446, Lu 0.0126, Pentalty 0.5506, loss 0.3122
Epoch 2, Batch 578/633, Grad Norms near zero: 12, Lx 0.3295, Lu 0.0145, Pentalty 0.5059, loss 0.3945
Epoch 2, Batch 579/633, Grad Norms near zero: 12, Lx 0.2871, Lu 0.0235, Pentalty 0.4978, loss 0.3604
Epoch 2, Batch 580/633, Grad Norms near zero: 14, Lx 0.3266, Lu 0.0234, Pentalty 0.4485, loss 0.3949
Epoch 2, Batch 581/633, Grad Norms near zero: 13, Lx 0.2105, Lu 0.0129, Pentalty 0.5146, loss 0.2749
Epoch 2, Batch 582/633, Grad Norms near zero: 13, Lx 0.3151, Lu 0.0268, Pentalty 0.4248, loss 0.3844
Epoch 2, Batch 583/633, Grad Norms near zero: 12, Lx 0.1975, Lu 0.0162, Pentalty 0.5104, loss 0.2648
Epoch 2, Batch 584/633, Grad Norms near zero: 12, Lx 0.3296, Lu 0.0201, Pentalty 0.4686, loss 0.3966
Epoch 2, Batch 585/633, Grad Norms near zero: 12, Lx 0.2192, Lu 0.0164, Pentalty 0.5034, loss 0.2860
Epoch 2, Batch 586/633, Grad Norms near zero: 13, Lx 0.2922, Lu 0.0209, Pentalty 0.4477, loss 0.3579
Epoch 2, Batch 587/633, Grad Norms near zero: 14, Lx 0.2518, Lu 0.0118, Pentalty 0.5340, loss 0.3170
Epoch 2, Batch 588/633, Grad Norms near zero: 12, Lx 0.2593, Lu 0.0158, Pentalty 0.5078, loss 0.3259
Epoch 2, Batch 589/633, Grad Norms near zero: 13, Lx 0.2836, Lu 0.0113, Pentalty 0.5193, loss 0.3469
Epoch 2, Batch 590/633, Grad Norms near zero: 12, Lx 0.2982, Lu 0.0164, Pentalty 0.5248, loss 0.3671
Epoch 2, Batch 591/633, Grad Norms near zero: 13, Lx 0.2068, Lu 0.0098, Pentalty 0.5630, loss 0.2730
Epoch 2, Batch 592/633, Grad Norms near zero: 13, Lx 0.3313, Lu 0.0214, Pentalty 0.4776, loss 0.4005
Epoch 2, Batch 593/633, Grad Norms near zero: 14, Lx 0.2226, Lu 0.0111, Pentalty 0.5742, loss 0.2911
Epoch 2, Batch 594/633, Grad Norms near zero: 12, Lx 0.2271, Lu 0.0114, Pentalty 0.5321, loss 0.2917
Epoch 2, Batch 595/633, Grad Norms near zero: 12, Lx 0.2690, Lu 0.0201, Pentalty 0.5251, loss 0.3417
Epoch 2, Batch 596/633, Grad Norms near zero: 12, Lx 0.1913, Lu 0.0077, Pentalty 0.5745, loss 0.2564
Epoch 2, Batch 597/633, Grad Norms near zero: 13, Lx 0.3110, Lu 0.0220, Pentalty 0.4805, loss 0.3811
Epoch 2, Batch 598/633, Grad Norms near zero: 13, Lx 0.2155, Lu 0.0108, Pentalty 0.5558, loss 0.2819
Epoch 2, Batch 599/633, Grad Norms near zero: 12, Lx 0.3139, Lu 0.0219, Pentalty 0.5160, loss 0.3873
Epoch 2, Batch 600/633, Grad Norms near zero: 13, Lx 0.2459, Lu 0.0170, Pentalty 0.5331, loss 0.3162
Epoch 2, Batch 601/633, Grad Norms near zero: 13, Lx 0.3710, Lu 0.0220, Pentalty 0.4880, loss 0.4418
Epoch 2, Batch 602/633, Grad Norms near zero: 13, Lx 0.2978, Lu 0.0212, Pentalty 0.5005, loss 0.3691
Epoch 2, Batch 603/633, Grad Norms near zero: 13, Lx 0.3108, Lu 0.0168, Pentalty 0.5025, loss 0.3779
Epoch 2, Batch 604/633, Grad Norms near zero: 12, Lx 0.2566, Lu 0.0142, Pentalty 0.5055, loss 0.3214
Epoch 2, Batch 605/633, Grad Norms near zero: 12, Lx 0.2714, Lu 0.0163, Pentalty 0.5196, loss 0.3396
Epoch 2, Batch 606/633, Grad Norms near zero: 13, Lx 0.2210, Lu 0.0092, Pentalty 0.5417, loss 0.2843
Epoch 2, Batch 607/633, Grad Norms near zero: 13, Lx 0.3100, Lu 0.0203, Pentalty 0.4421, loss 0.3746
Epoch 2, Batch 608/633, Grad Norms near zero: 12, Lx 0.2472, Lu 0.0218, Pentalty 0.4426, loss 0.3132
Epoch 2, Batch 609/633, Grad Norms near zero: 13, Lx 0.2999, Lu 0.0180, Pentalty 0.4310, loss 0.3610
Epoch 2, Batch 610/633, Grad Norms near zero: 12, Lx 0.2363, Lu 0.0157, Pentalty 0.5235, loss 0.3043
Epoch 2, Batch 611/633, Grad Norms near zero: 13, Lx 0.2981, Lu 0.0247, Pentalty 0.4183, loss 0.3647
Epoch 2, Batch 612/633, Grad Norms near zero: 12, Lx 0.2246, Lu 0.0104, Pentalty 0.5442, loss 0.2894
Epoch 2, Batch 613/633, Grad Norms near zero: 13, Lx 0.2729, Lu 0.0184, Pentalty 0.4890, loss 0.3402
Epoch 2, Batch 614/633, Grad Norms near zero: 12, Lx 0.2631, Lu 0.0145, Pentalty 0.5582, loss 0.3335
Epoch 2, Batch 615/633, Grad Norms near zero: 13, Lx 0.2628, Lu 0.0181, Pentalty 0.5124, loss 0.3321
Epoch 2, Batch 616/633, Grad Norms near zero: 13, Lx 0.2394, Lu 0.0111, Pentalty 0.5770, loss 0.3081
Epoch 2, Batch 617/633, Grad Norms near zero: 12, Lx 0.2655, Lu 0.0171, Pentalty 0.5649, loss 0.3391
Epoch 2, Batch 618/633, Grad Norms near zero: 13, Lx 0.2531, Lu 0.0141, Pentalty 0.5525, loss 0.3225
Epoch 2, Batch 619/633, Grad Norms near zero: 12, Lx 0.2824, Lu 0.0193, Pentalty 0.5584, loss 0.3575
Epoch 2, Batch 620/633, Grad Norms near zero: 13, Lx 0.2642, Lu 0.0156, Pentalty 0.5175, loss 0.3316
Epoch 2, Batch 621/633, Grad Norms near zero: 12, Lx 0.3451, Lu 0.0162, Pentalty 0.5412, loss 0.4154
Epoch 2, Batch 622/633, Grad Norms near zero: 13, Lx 0.2350, Lu 0.0152, Pentalty 0.4978, loss 0.2999
Epoch 2, Batch 623/633, Grad Norms near zero: 13, Lx 0.2569, Lu 0.0121, Pentalty 0.5322, loss 0.3222
Epoch 2, Batch 624/633, Grad Norms near zero: 12, Lx 0.2636, Lu 0.0250, Pentalty 0.4967, loss 0.3383
Epoch 2, Batch 625/633, Grad Norms near zero: 13, Lx 0.2700, Lu 0.0189, Pentalty 0.4771, loss 0.3366
Epoch 2, Batch 626/633, Grad Norms near zero: 13, Lx 0.3053, Lu 0.0201, Pentalty 0.4752, loss 0.3729
Epoch 2, Batch 627/633, Grad Norms near zero: 13, Lx 0.2497, Lu 0.0161, Pentalty 0.4807, loss 0.3139
Epoch 2, Batch 628/633, Grad Norms near zero: 12, Lx 0.2399, Lu 0.0118, Pentalty 0.5334, loss 0.3051
Epoch 2, Batch 629/633, Grad Norms near zero: 12, Lx 0.2152, Lu 0.0105, Pentalty 0.5208, loss 0.2778
Epoch 2, Batch 630/633, Grad Norms near zero: 12, Lx 0.2120, Lu 0.0149, Pentalty 0.5002, loss 0.2769
Epoch 2, Batch 631/633, Grad Norms near zero: 12, Lx 0.2261, Lu 0.0129, Pentalty 0.5317, loss 0.2922
Epoch 2, Batch 632/633, Grad Norms near zero: 13, Lx 0.2376, Lu 0.0125, Pentalty 0.5374, loss 0.3039
Epoch 2, Batch 633/633, Grad Norms near zero: 12, Lx 0.4861, Lu 0.0149, Pentalty 0.5380, loss 0.5548
Training for Network 2
labelled data size: 20227
unlabelled data size: 19773
Epoch 2, Batch 1/633, Grad Norms near zero: 12, Lx 0.6010, Lu 0.3411, Pentalty 0.0116, loss 0.9433
Epoch 2, Batch 2/633, Grad Norms near zero: 12, Lx 0.4913, Lu 0.2236, Pentalty 0.0502, loss 0.7199
Epoch 2, Batch 3/633, Grad Norms near zero: 12, Lx 0.3984, Lu 0.1123, Pentalty 0.1170, loss 0.5224
Epoch 2, Batch 4/633, Grad Norms near zero: 12, Lx 0.2937, Lu 0.0468, Pentalty 0.2814, loss 0.3686
Epoch 2, Batch 5/633, Grad Norms near zero: 15, Lx 0.2507, Lu 0.0306, Pentalty 0.4138, loss 0.3226
Epoch 2, Batch 6/633, Grad Norms near zero: 12, Lx 0.2981, Lu 0.0336, Pentalty 0.5954, loss 0.3912
Epoch 2, Batch 7/633, Grad Norms near zero: 12, Lx 0.3659, Lu 0.0359, Pentalty 0.8006, loss 0.4819
Epoch 2, Batch 8/633, Grad Norms near zero: 12, Lx 0.3827, Lu 0.0489, Pentalty 0.9593, loss 0.5275
Epoch 2, Batch 9/633, Grad Norms near zero: 12, Lx 0.2956, Lu 0.0158, Pentalty 1.0655, loss 0.4180
Epoch 2, Batch 10/633, Grad Norms near zero: 12, Lx 0.2507, Lu 0.0158, Pentalty 1.0509, loss 0.3716
Epoch 2, Batch 11/633, Grad Norms near zero: 12, Lx 0.2069, Lu 0.0120, Pentalty 1.0144, loss 0.3204
Epoch 2, Batch 12/633, Grad Norms near zero: 12, Lx 0.4396, Lu 0.0366, Pentalty 1.1601, loss 0.5923
Epoch 2, Batch 13/633, Grad Norms near zero: 12, Lx 0.3121, Lu 0.0211, Pentalty 1.0162, loss 0.4348
Epoch 2, Batch 14/633, Grad Norms near zero: 13, Lx 0.2619, Lu 0.0139, Pentalty 1.0374, loss 0.3795
Epoch 2, Batch 15/633, Grad Norms near zero: 13, Lx 0.3561, Lu 0.0377, Pentalty 1.0116, loss 0.4950
Epoch 2, Batch 16/633, Grad Norms near zero: 17, Lx 0.1872, Lu 0.0095, Pentalty 0.9464, loss 0.2914
Epoch 2, Batch 17/633, Grad Norms near zero: 14, Lx 0.2535, Lu 0.0138, Pentalty 0.9257, loss 0.3598
Epoch 2, Batch 18/633, Grad Norms near zero: 12, Lx 0.3750, Lu 0.0194, Pentalty 0.9357, loss 0.4880
Epoch 2, Batch 19/633, Grad Norms near zero: 12, Lx 0.3452, Lu 0.0253, Pentalty 1.0125, loss 0.4717
Epoch 2, Batch 20/633, Grad Norms near zero: 14, Lx 0.2377, Lu 0.0191, Pentalty 0.8462, loss 0.3415
Epoch 2, Batch 21/633, Grad Norms near zero: 12, Lx 0.3939, Lu 0.0366, Pentalty 0.9163, loss 0.5221
Epoch 2, Batch 22/633, Grad Norms near zero: 16, Lx 0.3153, Lu 0.0294, Pentalty 0.6690, loss 0.4116
Epoch 2, Batch 23/633, Grad Norms near zero: 18, Lx 0.1607, Lu 0.0131, Pentalty 0.6289, loss 0.2367
Epoch 2, Batch 24/633, Grad Norms near zero: 24, Lx 0.3054, Lu 0.0221, Pentalty 0.5162, loss 0.3792
Epoch 2, Batch 25/633, Grad Norms near zero: 24, Lx 0.2690, Lu 0.0139, Pentalty 0.5955, loss 0.3424
Epoch 2, Batch 26/633, Grad Norms near zero: 26, Lx 0.2816, Lu 0.0245, Pentalty 0.5156, loss 0.3576
Epoch 2, Batch 27/633, Grad Norms near zero: 14, Lx 0.2689, Lu 0.0195, Pentalty 0.4385, loss 0.3322
Epoch 2, Batch 28/633, Grad Norms near zero: 24, Lx 0.3366, Lu 0.0397, Pentalty 0.4432, loss 0.4206
Epoch 2, Batch 29/633, Grad Norms near zero: 25, Lx 0.3466, Lu 0.0247, Pentalty 0.4332, loss 0.4147
Epoch 2, Batch 30/633, Grad Norms near zero: 18, Lx 0.3337, Lu 0.0392, Pentalty 0.4254, loss 0.4154
Epoch 2, Batch 31/633, Grad Norms near zero: 12, Lx 0.2481, Lu 0.0441, Pentalty 0.3157, loss 0.3237
Epoch 2, Batch 32/633, Grad Norms near zero: 13, Lx 0.3288, Lu 0.0436, Pentalty 0.3110, loss 0.4036
Epoch 2, Batch 33/633, Grad Norms near zero: 12, Lx 0.2875, Lu 0.0392, Pentalty 0.3495, loss 0.3616
Epoch 2, Batch 34/633, Grad Norms near zero: 24, Lx 0.3930, Lu 0.0436, Pentalty 0.3933, loss 0.4759
Epoch 2, Batch 35/633, Grad Norms near zero: 12, Lx 0.2777, Lu 0.0281, Pentalty 0.3452, loss 0.3403
Epoch 2, Batch 36/633, Grad Norms near zero: 18, Lx 0.3018, Lu 0.0263, Pentalty 0.4057, loss 0.3687
Epoch 2, Batch 37/633, Grad Norms near zero: 23, Lx 0.3400, Lu 0.0363, Pentalty 0.4297, loss 0.4193
Epoch 2, Batch 38/633, Grad Norms near zero: 27, Lx 0.2946, Lu 0.0345, Pentalty 0.4547, loss 0.3746
Epoch 2, Batch 39/633, Grad Norms near zero: 20, Lx 0.2387, Lu 0.0196, Pentalty 0.4515, loss 0.3034
Epoch 2, Batch 40/633, Grad Norms near zero: 21, Lx 0.4083, Lu 0.0499, Pentalty 0.4541, loss 0.5036
Epoch 2, Batch 41/633, Grad Norms near zero: 12, Lx 0.4220, Lu 0.0305, Pentalty 0.4907, loss 0.5016
Epoch 2, Batch 42/633, Grad Norms near zero: 14, Lx 0.3736, Lu 0.0339, Pentalty 0.4876, loss 0.4562
Epoch 2, Batch 43/633, Grad Norms near zero: 17, Lx 0.1262, Lu 0.0278, Pentalty 0.5059, loss 0.2045
Epoch 2, Batch 44/633, Grad Norms near zero: 29, Lx 0.2602, Lu 0.0209, Pentalty 0.4890, loss 0.3300
Epoch 2, Batch 45/633, Grad Norms near zero: 26, Lx 0.3255, Lu 0.0334, Pentalty 0.4846, loss 0.4074
Epoch 2, Batch 46/633, Grad Norms near zero: 23, Lx 0.2089, Lu 0.0135, Pentalty 0.5360, loss 0.2760
Epoch 2, Batch 47/633, Grad Norms near zero: 34, Lx 0.3064, Lu 0.0245, Pentalty 0.4906, loss 0.3800
Epoch 2, Batch 48/633, Grad Norms near zero: 22, Lx 0.2175, Lu 0.0154, Pentalty 0.5327, loss 0.2861
Epoch 2, Batch 49/633, Grad Norms near zero: 28, Lx 0.2700, Lu 0.0378, Pentalty 0.4897, loss 0.3568
Epoch 2, Batch 50/633, Grad Norms near zero: 12, Lx 0.3784, Lu 0.0281, Pentalty 0.5368, loss 0.4602
Epoch 2, Batch 51/633, Grad Norms near zero: 23, Lx 0.2043, Lu 0.0151, Pentalty 0.5167, loss 0.2711
Epoch 2, Batch 52/633, Grad Norms near zero: 21, Lx 0.4097, Lu 0.0303, Pentalty 0.5317, loss 0.4931
Epoch 2, Batch 53/633, Grad Norms near zero: 22, Lx 0.3716, Lu 0.0327, Pentalty 0.5326, loss 0.4575
Epoch 2, Batch 54/633, Grad Norms near zero: 16, Lx 0.3026, Lu 0.0251, Pentalty 0.4439, loss 0.3721
Epoch 2, Batch 55/633, Grad Norms near zero: 26, Lx 0.2451, Lu 0.0124, Pentalty 0.4983, loss 0.3073
Epoch 2, Batch 56/633, Grad Norms near zero: 20, Lx 0.2195, Lu 0.0136, Pentalty 0.4819, loss 0.2813
Epoch 2, Batch 57/633, Grad Norms near zero: 12, Lx 0.2826, Lu 0.0330, Pentalty 0.4522, loss 0.3608
Epoch 2, Batch 58/633, Grad Norms near zero: 12, Lx 0.3182, Lu 0.0242, Pentalty 0.4911, loss 0.3915
Epoch 2, Batch 59/633, Grad Norms near zero: 30, Lx 0.3050, Lu 0.0218, Pentalty 0.4670, loss 0.3735
Epoch 2, Batch 60/633, Grad Norms near zero: 17, Lx 0.3171, Lu 0.0269, Pentalty 0.4621, loss 0.3902
Epoch 2, Batch 61/633, Grad Norms near zero: 31, Lx 0.3212, Lu 0.0336, Pentalty 0.4572, loss 0.4005
Epoch 2, Batch 62/633, Grad Norms near zero: 25, Lx 0.3968, Lu 0.0322, Pentalty 0.4505, loss 0.4741
Epoch 2, Batch 63/633, Grad Norms near zero: 29, Lx 0.3519, Lu 0.0298, Pentalty 0.4359, loss 0.4253
Epoch 2, Batch 64/633, Grad Norms near zero: 22, Lx 0.1971, Lu 0.0227, Pentalty 0.4512, loss 0.2649
Epoch 2, Batch 65/633, Grad Norms near zero: 21, Lx 0.4024, Lu 0.0363, Pentalty 0.4572, loss 0.4844
Epoch 2, Batch 66/633, Grad Norms near zero: 28, Lx 0.3446, Lu 0.0236, Pentalty 0.4414, loss 0.4124
Epoch 2, Batch 67/633, Grad Norms near zero: 23, Lx 0.2671, Lu 0.0233, Pentalty 0.4159, loss 0.3320
Epoch 2, Batch 68/633, Grad Norms near zero: 13, Lx 0.3935, Lu 0.0284, Pentalty 0.4106, loss 0.4630
Epoch 2, Batch 69/633, Grad Norms near zero: 22, Lx 0.2394, Lu 0.0214, Pentalty 0.4377, loss 0.3046
Epoch 2, Batch 70/633, Grad Norms near zero: 13, Lx 0.3717, Lu 0.0282, Pentalty 0.4064, loss 0.4405
Epoch 2, Batch 71/633, Grad Norms near zero: 29, Lx 0.3266, Lu 0.0278, Pentalty 0.4030, loss 0.3948
Epoch 2, Batch 72/633, Grad Norms near zero: 26, Lx 0.3878, Lu 0.0372, Pentalty 0.4182, loss 0.4669
Epoch 2, Batch 73/633, Grad Norms near zero: 23, Lx 0.2484, Lu 0.0232, Pentalty 0.4404, loss 0.3157
Epoch 2, Batch 74/633, Grad Norms near zero: 13, Lx 0.3655, Lu 0.0331, Pentalty 0.4244, loss 0.4410
Epoch 2, Batch 75/633, Grad Norms near zero: 24, Lx 0.2765, Lu 0.0261, Pentalty 0.4122, loss 0.3438
Epoch 2, Batch 76/633, Grad Norms near zero: 28, Lx 0.3468, Lu 0.0278, Pentalty 0.4119, loss 0.4158
Epoch 2, Batch 77/633, Grad Norms near zero: 19, Lx 0.2016, Lu 0.0279, Pentalty 0.4204, loss 0.2716
Epoch 2, Batch 78/633, Grad Norms near zero: 19, Lx 0.1961, Lu 0.0235, Pentalty 0.4255, loss 0.2621
Epoch 2, Batch 79/633, Grad Norms near zero: 23, Lx 0.2341, Lu 0.0178, Pentalty 0.4414, loss 0.2960
Epoch 2, Batch 80/633, Grad Norms near zero: 17, Lx 0.2739, Lu 0.0146, Pentalty 0.4523, loss 0.3337
Epoch 2, Batch 81/633, Grad Norms near zero: 14, Lx 0.3154, Lu 0.0271, Pentalty 0.4785, loss 0.3904
Epoch 2, Batch 82/633, Grad Norms near zero: 24, Lx 0.2019, Lu 0.0150, Pentalty 0.5132, loss 0.2683
Epoch 2, Batch 83/633, Grad Norms near zero: 32, Lx 0.2649, Lu 0.0174, Pentalty 0.5023, loss 0.3325
Epoch 2, Batch 84/633, Grad Norms near zero: 26, Lx 0.2522, Lu 0.0184, Pentalty 0.5000, loss 0.3206
Epoch 2, Batch 85/633, Grad Norms near zero: 27, Lx 0.2818, Lu 0.0229, Pentalty 0.5236, loss 0.3571
Epoch 2, Batch 86/633, Grad Norms near zero: 12, Lx 0.2865, Lu 0.0221, Pentalty 0.5775, loss 0.3664
Epoch 2, Batch 87/633, Grad Norms near zero: 12, Lx 0.2396, Lu 0.0266, Pentalty 0.5906, loss 0.3253
Epoch 2, Batch 88/633, Grad Norms near zero: 12, Lx 0.3038, Lu 0.0174, Pentalty 0.6047, loss 0.3817
Epoch 2, Batch 89/633, Grad Norms near zero: 12, Lx 0.3737, Lu 0.0370, Pentalty 0.5567, loss 0.4664
Epoch 2, Batch 90/633, Grad Norms near zero: 13, Lx 0.2906, Lu 0.0260, Pentalty 0.5578, loss 0.3724
Epoch 2, Batch 91/633, Grad Norms near zero: 28, Lx 0.2683, Lu 0.0217, Pentalty 0.5697, loss 0.3470
Epoch 2, Batch 92/633, Grad Norms near zero: 20, Lx 0.2281, Lu 0.0234, Pentalty 0.4669, loss 0.2981
Epoch 2, Batch 93/633, Grad Norms near zero: 28, Lx 0.2622, Lu 0.0193, Pentalty 0.5011, loss 0.3316
Epoch 2, Batch 94/633, Grad Norms near zero: 21, Lx 0.3595, Lu 0.0262, Pentalty 0.5188, loss 0.4376
Epoch 2, Batch 95/633, Grad Norms near zero: 12, Lx 0.3653, Lu 0.0302, Pentalty 0.4262, loss 0.4381
Epoch 2, Batch 96/633, Grad Norms near zero: 12, Lx 0.2849, Lu 0.0193, Pentalty 0.4691, loss 0.3511
Epoch 2, Batch 97/633, Grad Norms near zero: 23, Lx 0.3407, Lu 0.0301, Pentalty 0.4467, loss 0.4155
Epoch 2, Batch 98/633, Grad Norms near zero: 26, Lx 0.3993, Lu 0.0260, Pentalty 0.4331, loss 0.4685
Epoch 2, Batch 99/633, Grad Norms near zero: 18, Lx 0.2818, Lu 0.0258, Pentalty 0.4229, loss 0.3499
Epoch 2, Batch 100/633, Grad Norms near zero: 23, Lx 0.3063, Lu 0.0246, Pentalty 0.4223, loss 0.3731
Epoch 2, Batch 101/633, Grad Norms near zero: 28, Lx 0.3669, Lu 0.0275, Pentalty 0.4099, loss 0.4354
Epoch 2, Batch 102/633, Grad Norms near zero: 18, Lx 0.2934, Lu 0.0329, Pentalty 0.4075, loss 0.3670
Epoch 2, Batch 103/633, Grad Norms near zero: 20, Lx 0.2938, Lu 0.0305, Pentalty 0.4076, loss 0.3651
Epoch 2, Batch 104/633, Grad Norms near zero: 12, Lx 0.2297, Lu 0.0272, Pentalty 0.4001, loss 0.2969
Epoch 2, Batch 105/633, Grad Norms near zero: 12, Lx 0.3279, Lu 0.0331, Pentalty 0.3736, loss 0.3983
Epoch 2, Batch 106/633, Grad Norms near zero: 14, Lx 0.3228, Lu 0.0281, Pentalty 0.3882, loss 0.3897
Epoch 2, Batch 107/633, Grad Norms near zero: 12, Lx 0.3044, Lu 0.0306, Pentalty 0.3982, loss 0.3748
Epoch 2, Batch 108/633, Grad Norms near zero: 25, Lx 0.3327, Lu 0.0288, Pentalty 0.4587, loss 0.4074
Epoch 2, Batch 109/633, Grad Norms near zero: 20, Lx 0.3363, Lu 0.0316, Pentalty 0.4820, loss 0.4161
Epoch 2, Batch 110/633, Grad Norms near zero: 18, Lx 0.2098, Lu 0.0233, Pentalty 0.4519, loss 0.2783
Epoch 2, Batch 111/633, Grad Norms near zero: 25, Lx 0.3407, Lu 0.0229, Pentalty 0.5114, loss 0.4147
Epoch 2, Batch 112/633, Grad Norms near zero: 34, Lx 0.2722, Lu 0.0216, Pentalty 0.5287, loss 0.3466
Epoch 2, Batch 113/633, Grad Norms near zero: 26, Lx 0.2782, Lu 0.0305, Pentalty 0.4977, loss 0.3585
Epoch 2, Batch 114/633, Grad Norms near zero: 20, Lx 0.3397, Lu 0.0340, Pentalty 0.5058, loss 0.4244
Epoch 2, Batch 115/633, Grad Norms near zero: 15, Lx 0.2672, Lu 0.0215, Pentalty 0.4708, loss 0.3358
Epoch 2, Batch 116/633, Grad Norms near zero: 28, Lx 0.2987, Lu 0.0272, Pentalty 0.5051, loss 0.3764
Epoch 2, Batch 117/633, Grad Norms near zero: 24, Lx 0.3373, Lu 0.0285, Pentalty 0.4972, loss 0.4155
Epoch 2, Batch 118/633, Grad Norms near zero: 29, Lx 0.2533, Lu 0.0216, Pentalty 0.4934, loss 0.3243
Epoch 2, Batch 119/633, Grad Norms near zero: 30, Lx 0.2710, Lu 0.0158, Pentalty 0.4849, loss 0.3353
Epoch 2, Batch 120/633, Grad Norms near zero: 30, Lx 0.3008, Lu 0.0238, Pentalty 0.4778, loss 0.3724
Epoch 2, Batch 121/633, Grad Norms near zero: 12, Lx 0.3835, Lu 0.0267, Pentalty 0.4488, loss 0.4551
Epoch 2, Batch 122/633, Grad Norms near zero: 14, Lx 0.2773, Lu 0.0253, Pentalty 0.4279, loss 0.3454
Epoch 2, Batch 123/633, Grad Norms near zero: 20, Lx 0.3179, Lu 0.0315, Pentalty 0.4221, loss 0.3916
Epoch 2, Batch 124/633, Grad Norms near zero: 22, Lx 0.3880, Lu 0.0285, Pentalty 0.4277, loss 0.4593
Epoch 2, Batch 125/633, Grad Norms near zero: 29, Lx 0.2988, Lu 0.0234, Pentalty 0.4577, loss 0.3680
Epoch 2, Batch 126/633, Grad Norms near zero: 25, Lx 0.2689, Lu 0.0239, Pentalty 0.4267, loss 0.3355
Epoch 2, Batch 127/633, Grad Norms near zero: 23, Lx 0.2621, Lu 0.0235, Pentalty 0.4271, loss 0.3283
Epoch 2, Batch 128/633, Grad Norms near zero: 29, Lx 0.2888, Lu 0.0197, Pentalty 0.4212, loss 0.3507
Epoch 2, Batch 129/633, Grad Norms near zero: 25, Lx 0.3787, Lu 0.0354, Pentalty 0.4253, loss 0.4566
Epoch 2, Batch 130/633, Grad Norms near zero: 24, Lx 0.3389, Lu 0.0240, Pentalty 0.4186, loss 0.4048
Epoch 2, Batch 131/633, Grad Norms near zero: 22, Lx 0.2266, Lu 0.0182, Pentalty 0.4315, loss 0.2879
Epoch 2, Batch 132/633, Grad Norms near zero: 28, Lx 0.3239, Lu 0.0375, Pentalty 0.4300, loss 0.4044
Epoch 2, Batch 133/633, Grad Norms near zero: 28, Lx 0.3052, Lu 0.0275, Pentalty 0.4256, loss 0.3753
Epoch 2, Batch 134/633, Grad Norms near zero: 28, Lx 0.3692, Lu 0.0242, Pentalty 0.4407, loss 0.4375
Epoch 2, Batch 135/633, Grad Norms near zero: 28, Lx 0.3430, Lu 0.0302, Pentalty 0.4419, loss 0.4174
Epoch 2, Batch 136/633, Grad Norms near zero: 22, Lx 0.2436, Lu 0.0202, Pentalty 0.4445, loss 0.3083
Epoch 2, Batch 137/633, Grad Norms near zero: 16, Lx 0.2643, Lu 0.0204, Pentalty 0.4063, loss 0.3253
Epoch 2, Batch 138/633, Grad Norms near zero: 23, Lx 0.3301, Lu 0.0260, Pentalty 0.4406, loss 0.4001
Epoch 2, Batch 139/633, Grad Norms near zero: 19, Lx 0.3203, Lu 0.0343, Pentalty 0.4075, loss 0.3953
Epoch 2, Batch 140/633, Grad Norms near zero: 28, Lx 0.3385, Lu 0.0317, Pentalty 0.4430, loss 0.4145
Epoch 2, Batch 141/633, Grad Norms near zero: 23, Lx 0.2481, Lu 0.0134, Pentalty 0.4553, loss 0.3071
Epoch 2, Batch 142/633, Grad Norms near zero: 22, Lx 0.3346, Lu 0.0330, Pentalty 0.4272, loss 0.4103
Epoch 2, Batch 143/633, Grad Norms near zero: 26, Lx 0.3594, Lu 0.0306, Pentalty 0.4458, loss 0.4345
Epoch 2, Batch 144/633, Grad Norms near zero: 22, Lx 0.2517, Lu 0.0163, Pentalty 0.4509, loss 0.3131
Epoch 2, Batch 145/633, Grad Norms near zero: 29, Lx 0.2692, Lu 0.0249, Pentalty 0.4626, loss 0.3404
Epoch 2, Batch 146/633, Grad Norms near zero: 23, Lx 0.3935, Lu 0.0290, Pentalty 0.4974, loss 0.4722
Epoch 2, Batch 147/633, Grad Norms near zero: 19, Lx 0.2077, Lu 0.0244, Pentalty 0.4489, loss 0.2770
Epoch 2, Batch 148/633, Grad Norms near zero: 26, Lx 0.3405, Lu 0.0280, Pentalty 0.4676, loss 0.4153
Epoch 2, Batch 149/633, Grad Norms near zero: 28, Lx 0.3046, Lu 0.0229, Pentalty 0.5011, loss 0.3776
Epoch 2, Batch 150/633, Grad Norms near zero: 26, Lx 0.3376, Lu 0.0274, Pentalty 0.4631, loss 0.4113
Epoch 2, Batch 151/633, Grad Norms near zero: 21, Lx 0.3496, Lu 0.0307, Pentalty 0.4802, loss 0.4283
Epoch 2, Batch 152/633, Grad Norms near zero: 30, Lx 0.2621, Lu 0.0226, Pentalty 0.4946, loss 0.3342
Epoch 2, Batch 153/633, Grad Norms near zero: 28, Lx 0.3222, Lu 0.0287, Pentalty 0.4633, loss 0.3972
Epoch 2, Batch 154/633, Grad Norms near zero: 26, Lx 0.3108, Lu 0.0293, Pentalty 0.4553, loss 0.3856
Epoch 2, Batch 155/633, Grad Norms near zero: 32, Lx 0.2948, Lu 0.0216, Pentalty 0.4352, loss 0.3599
Epoch 2, Batch 156/633, Grad Norms near zero: 27, Lx 0.2832, Lu 0.0203, Pentalty 0.4398, loss 0.3474
Epoch 2, Batch 157/633, Grad Norms near zero: 31, Lx 0.2808, Lu 0.0178, Pentalty 0.4542, loss 0.3441
Epoch 2, Batch 158/633, Grad Norms near zero: 23, Lx 0.2790, Lu 0.0210, Pentalty 0.4122, loss 0.3412
Epoch 2, Batch 159/633, Grad Norms near zero: 25, Lx 0.3442, Lu 0.0260, Pentalty 0.4289, loss 0.4131
Epoch 2, Batch 160/633, Grad Norms near zero: 27, Lx 0.2919, Lu 0.0209, Pentalty 0.4265, loss 0.3554
Epoch 2, Batch 161/633, Grad Norms near zero: 20, Lx 0.3028, Lu 0.0183, Pentalty 0.4248, loss 0.3635
Epoch 2, Batch 162/633, Grad Norms near zero: 29, Lx 0.2918, Lu 0.0307, Pentalty 0.4362, loss 0.3661
Epoch 2, Batch 163/633, Grad Norms near zero: 26, Lx 0.3064, Lu 0.0241, Pentalty 0.4211, loss 0.3726
Epoch 2, Batch 164/633, Grad Norms near zero: 23, Lx 0.2612, Lu 0.0113, Pentalty 0.4322, loss 0.3157
Epoch 2, Batch 165/633, Grad Norms near zero: 20, Lx 0.2306, Lu 0.0188, Pentalty 0.4312, loss 0.2926
Epoch 2, Batch 166/633, Grad Norms near zero: 23, Lx 0.3865, Lu 0.0274, Pentalty 0.4408, loss 0.4580
Epoch 2, Batch 167/633, Grad Norms near zero: 27, Lx 0.2852, Lu 0.0212, Pentalty 0.4876, loss 0.3551
Epoch 2, Batch 168/633, Grad Norms near zero: 28, Lx 0.2731, Lu 0.0247, Pentalty 0.4453, loss 0.3424
Epoch 2, Batch 169/633, Grad Norms near zero: 20, Lx 0.2887, Lu 0.0278, Pentalty 0.4667, loss 0.3632
Epoch 2, Batch 170/633, Grad Norms near zero: 26, Lx 0.3372, Lu 0.0253, Pentalty 0.4674, loss 0.4092
Epoch 2, Batch 171/633, Grad Norms near zero: 13, Lx 0.3977, Lu 0.0276, Pentalty 0.4988, loss 0.4752
Epoch 2, Batch 172/633, Grad Norms near zero: 26, Lx 0.2501, Lu 0.0121, Pentalty 0.4600, loss 0.3082
Epoch 2, Batch 173/633, Grad Norms near zero: 28, Lx 0.3447, Lu 0.0275, Pentalty 0.4314, loss 0.4154
Epoch 2, Batch 174/633, Grad Norms near zero: 16, Lx 0.1960, Lu 0.0236, Pentalty 0.4554, loss 0.2652
Epoch 2, Batch 175/633, Grad Norms near zero: 26, Lx 0.3122, Lu 0.0247, Pentalty 0.4600, loss 0.3829
Epoch 2, Batch 176/633, Grad Norms near zero: 35, Lx 0.3222, Lu 0.0242, Pentalty 0.4455, loss 0.3910
Epoch 2, Batch 177/633, Grad Norms near zero: 22, Lx 0.2625, Lu 0.0186, Pentalty 0.4309, loss 0.3241
Epoch 2, Batch 178/633, Grad Norms near zero: 13, Lx 0.3578, Lu 0.0299, Pentalty 0.4678, loss 0.4345
Epoch 2, Batch 179/633, Grad Norms near zero: 19, Lx 0.2776, Lu 0.0233, Pentalty 0.4719, loss 0.3481
Epoch 2, Batch 180/633, Grad Norms near zero: 30, Lx 0.2794, Lu 0.0296, Pentalty 0.4552, loss 0.3545
Epoch 2, Batch 181/633, Grad Norms near zero: 30, Lx 0.2601, Lu 0.0146, Pentalty 0.4767, loss 0.3224
Epoch 2, Batch 182/633, Grad Norms near zero: 30, Lx 0.2966, Lu 0.0187, Pentalty 0.4721, loss 0.3626
Epoch 2, Batch 183/633, Grad Norms near zero: 25, Lx 0.2619, Lu 0.0185, Pentalty 0.4775, loss 0.3282
Epoch 2, Batch 184/633, Grad Norms near zero: 33, Lx 0.2868, Lu 0.0200, Pentalty 0.4836, loss 0.3551
Epoch 2, Batch 185/633, Grad Norms near zero: 30, Lx 0.2750, Lu 0.0194, Pentalty 0.4852, loss 0.3429
Epoch 2, Batch 186/633, Grad Norms near zero: 30, Lx 0.2610, Lu 0.0183, Pentalty 0.4777, loss 0.3271
Epoch 2, Batch 187/633, Grad Norms near zero: 26, Lx 0.2527, Lu 0.0138, Pentalty 0.4757, loss 0.3141
Epoch 2, Batch 188/633, Grad Norms near zero: 23, Lx 0.3887, Lu 0.0298, Pentalty 0.4823, loss 0.4667
Epoch 2, Batch 189/633, Grad Norms near zero: 27, Lx 0.2958, Lu 0.0246, Pentalty 0.4996, loss 0.3703
Epoch 2, Batch 190/633, Grad Norms near zero: 23, Lx 0.3258, Lu 0.0232, Pentalty 0.4994, loss 0.3989
Epoch 2, Batch 191/633, Grad Norms near zero: 16, Lx 0.1798, Lu 0.0218, Pentalty 0.4494, loss 0.2465
Epoch 2, Batch 192/633, Grad Norms near zero: 28, Lx 0.2514, Lu 0.0196, Pentalty 0.4787, loss 0.3188
Epoch 2, Batch 193/633, Grad Norms near zero: 17, Lx 0.2362, Lu 0.0207, Pentalty 0.4684, loss 0.3038
Epoch 2, Batch 194/633, Grad Norms near zero: 27, Lx 0.2902, Lu 0.0179, Pentalty 0.5063, loss 0.3588
Epoch 2, Batch 195/633, Grad Norms near zero: 21, Lx 0.3701, Lu 0.0295, Pentalty 0.4800, loss 0.4476
Epoch 2, Batch 196/633, Grad Norms near zero: 36, Lx 0.3052, Lu 0.0197, Pentalty 0.4720, loss 0.3722
Epoch 2, Batch 197/633, Grad Norms near zero: 23, Lx 0.3337, Lu 0.0267, Pentalty 0.4910, loss 0.4095
Epoch 2, Batch 198/633, Grad Norms near zero: 12, Lx 0.3582, Lu 0.0287, Pentalty 0.4702, loss 0.4340
Epoch 2, Batch 199/633, Grad Norms near zero: 13, Lx 0.3591, Lu 0.0289, Pentalty 0.4720, loss 0.4353
Epoch 2, Batch 200/633, Grad Norms near zero: 14, Lx 0.3341, Lu 0.0237, Pentalty 0.4648, loss 0.4043
Epoch 2, Batch 201/633, Grad Norms near zero: 29, Lx 0.2842, Lu 0.0178, Pentalty 0.4579, loss 0.3478
Epoch 2, Batch 202/633, Grad Norms near zero: 28, Lx 0.3172, Lu 0.0309, Pentalty 0.4166, loss 0.3898
Epoch 2, Batch 203/633, Grad Norms near zero: 23, Lx 0.2298, Lu 0.0190, Pentalty 0.4434, loss 0.2932
Epoch 2, Batch 204/633, Grad Norms near zero: 22, Lx 0.2651, Lu 0.0205, Pentalty 0.4207, loss 0.3276
Epoch 2, Batch 205/633, Grad Norms near zero: 21, Lx 0.2414, Lu 0.0226, Pentalty 0.4200, loss 0.3060
Epoch 2, Batch 206/633, Grad Norms near zero: 20, Lx 0.2278, Lu 0.0191, Pentalty 0.4218, loss 0.2891
Epoch 2, Batch 207/633, Grad Norms near zero: 19, Lx 0.3428, Lu 0.0268, Pentalty 0.4313, loss 0.4127
Epoch 2, Batch 208/633, Grad Norms near zero: 13, Lx 0.3052, Lu 0.0333, Pentalty 0.4105, loss 0.3795
Epoch 2, Batch 209/633, Grad Norms near zero: 12, Lx 0.3866, Lu 0.0318, Pentalty 0.4557, loss 0.4640
Epoch 2, Batch 210/633, Grad Norms near zero: 22, Lx 0.2593, Lu 0.0254, Pentalty 0.4722, loss 0.3319
Epoch 2, Batch 211/633, Grad Norms near zero: 14, Lx 0.3337, Lu 0.0270, Pentalty 0.4263, loss 0.4034
Epoch 2, Batch 212/633, Grad Norms near zero: 12, Lx 0.2201, Lu 0.0174, Pentalty 0.4565, loss 0.2831
Epoch 2, Batch 213/633, Grad Norms near zero: 21, Lx 0.3167, Lu 0.0198, Pentalty 0.5035, loss 0.3868
Epoch 2, Batch 214/633, Grad Norms near zero: 26, Lx 0.2984, Lu 0.0223, Pentalty 0.5048, loss 0.3711
Epoch 2, Batch 215/633, Grad Norms near zero: 18, Lx 0.3358, Lu 0.0331, Pentalty 0.5127, loss 0.4202
Epoch 2, Batch 216/633, Grad Norms near zero: 13, Lx 0.2908, Lu 0.0191, Pentalty 0.4814, loss 0.3581
Epoch 2, Batch 217/633, Grad Norms near zero: 24, Lx 0.2374, Lu 0.0149, Pentalty 0.4961, loss 0.3020
Epoch 2, Batch 218/633, Grad Norms near zero: 23, Lx 0.3136, Lu 0.0183, Pentalty 0.5003, loss 0.3820
Epoch 2, Batch 219/633, Grad Norms near zero: 12, Lx 0.3345, Lu 0.0284, Pentalty 0.4435, loss 0.4072
Epoch 2, Batch 220/633, Grad Norms near zero: 28, Lx 0.2984, Lu 0.0203, Pentalty 0.5051, loss 0.3692
Epoch 2, Batch 221/633, Grad Norms near zero: 28, Lx 0.3121, Lu 0.0234, Pentalty 0.5034, loss 0.3859
Epoch 2, Batch 222/633, Grad Norms near zero: 29, Lx 0.2636, Lu 0.0212, Pentalty 0.4684, loss 0.3317
Epoch 2, Batch 223/633, Grad Norms near zero: 12, Lx 0.3425, Lu 0.0331, Pentalty 0.4252, loss 0.4181
Epoch 2, Batch 224/633, Grad Norms near zero: 31, Lx 0.2919, Lu 0.0273, Pentalty 0.4772, loss 0.3669
Epoch 2, Batch 225/633, Grad Norms near zero: 23, Lx 0.3418, Lu 0.0298, Pentalty 0.4936, loss 0.4210
Epoch 2, Batch 226/633, Grad Norms near zero: 20, Lx 0.2188, Lu 0.0191, Pentalty 0.4450, loss 0.2824
Epoch 2, Batch 227/633, Grad Norms near zero: 20, Lx 0.2353, Lu 0.0142, Pentalty 0.4492, loss 0.2944
Epoch 2, Batch 228/633, Grad Norms near zero: 31, Lx 0.2967, Lu 0.0198, Pentalty 0.4745, loss 0.3639
Epoch 2, Batch 229/633, Grad Norms near zero: 12, Lx 0.2691, Lu 0.0173, Pentalty 0.4407, loss 0.3305
Epoch 2, Batch 230/633, Grad Norms near zero: 28, Lx 0.2639, Lu 0.0215, Pentalty 0.4727, loss 0.3327
Epoch 2, Batch 231/633, Grad Norms near zero: 23, Lx 0.2468, Lu 0.0190, Pentalty 0.4731, loss 0.3132
Epoch 2, Batch 232/633, Grad Norms near zero: 28, Lx 0.2496, Lu 0.0199, Pentalty 0.4851, loss 0.3179
Epoch 2, Batch 233/633, Grad Norms near zero: 21, Lx 0.2885, Lu 0.0177, Pentalty 0.4735, loss 0.3535
Epoch 2, Batch 234/633, Grad Norms near zero: 36, Lx 0.3037, Lu 0.0163, Pentalty 0.5056, loss 0.3706
Epoch 2, Batch 235/633, Grad Norms near zero: 31, Lx 0.2389, Lu 0.0133, Pentalty 0.5057, loss 0.3028
Epoch 2, Batch 236/633, Grad Norms near zero: 20, Lx 0.3809, Lu 0.0322, Pentalty 0.5251, loss 0.4656
Epoch 2, Batch 237/633, Grad Norms near zero: 26, Lx 0.2169, Lu 0.0115, Pentalty 0.5322, loss 0.2815
Epoch 2, Batch 238/633, Grad Norms near zero: 29, Lx 0.2545, Lu 0.0185, Pentalty 0.5166, loss 0.3247
Epoch 2, Batch 239/633, Grad Norms near zero: 23, Lx 0.3343, Lu 0.0199, Pentalty 0.5088, loss 0.4050
Epoch 2, Batch 240/633, Grad Norms near zero: 29, Lx 0.2906, Lu 0.0224, Pentalty 0.5222, loss 0.3653
Epoch 2, Batch 241/633, Grad Norms near zero: 12, Lx 0.3547, Lu 0.0317, Pentalty 0.4725, loss 0.4336
Epoch 2, Batch 242/633, Grad Norms near zero: 19, Lx 0.3062, Lu 0.0202, Pentalty 0.4765, loss 0.3741
Epoch 2, Batch 243/633, Grad Norms near zero: 26, Lx 0.2483, Lu 0.0182, Pentalty 0.4846, loss 0.3150
Epoch 2, Batch 244/633, Grad Norms near zero: 29, Lx 0.3209, Lu 0.0218, Pentalty 0.4799, loss 0.3907
Epoch 2, Batch 245/633, Grad Norms near zero: 12, Lx 0.3357, Lu 0.0314, Pentalty 0.4326, loss 0.4104
Epoch 2, Batch 246/633, Grad Norms near zero: 19, Lx 0.2039, Lu 0.0171, Pentalty 0.4626, loss 0.2673
Epoch 2, Batch 247/633, Grad Norms near zero: 20, Lx 0.3479, Lu 0.0285, Pentalty 0.4582, loss 0.4222
Epoch 2, Batch 248/633, Grad Norms near zero: 12, Lx 0.2775, Lu 0.0145, Pentalty 0.4493, loss 0.3370
Epoch 2, Batch 249/633, Grad Norms near zero: 14, Lx 0.3184, Lu 0.0263, Pentalty 0.4514, loss 0.3899
Epoch 2, Batch 250/633, Grad Norms near zero: 12, Lx 0.3237, Lu 0.0334, Pentalty 0.3532, loss 0.3924
Epoch 2, Batch 251/633, Grad Norms near zero: 20, Lx 0.2853, Lu 0.0218, Pentalty 0.4571, loss 0.3528
Epoch 2, Batch 252/633, Grad Norms near zero: 28, Lx 0.3202, Lu 0.0289, Pentalty 0.4340, loss 0.3925
Epoch 2, Batch 253/633, Grad Norms near zero: 23, Lx 0.3394, Lu 0.0252, Pentalty 0.4390, loss 0.4084
Epoch 2, Batch 254/633, Grad Norms near zero: 12, Lx 0.2164, Lu 0.0194, Pentalty 0.4621, loss 0.2819
Epoch 2, Batch 255/633, Grad Norms near zero: 19, Lx 0.1803, Lu 0.0214, Pentalty 0.4541, loss 0.2470
Epoch 2, Batch 256/633, Grad Norms near zero: 12, Lx 0.3202, Lu 0.0281, Pentalty 0.4349, loss 0.3918
Epoch 2, Batch 257/633, Grad Norms near zero: 16, Lx 0.2628, Lu 0.0179, Pentalty 0.4726, loss 0.3280
Epoch 2, Batch 258/633, Grad Norms near zero: 23, Lx 0.2324, Lu 0.0130, Pentalty 0.4904, loss 0.2944
Epoch 2, Batch 259/633, Grad Norms near zero: 25, Lx 0.2149, Lu 0.0110, Pentalty 0.5043, loss 0.2764
Epoch 2, Batch 260/633, Grad Norms near zero: 28, Lx 0.2336, Lu 0.0137, Pentalty 0.5240, loss 0.2997
Epoch 2, Batch 261/633, Grad Norms near zero: 12, Lx 0.3607, Lu 0.0277, Pentalty 0.4905, loss 0.4374
Epoch 2, Batch 262/633, Grad Norms near zero: 20, Lx 0.3271, Lu 0.0212, Pentalty 0.5593, loss 0.4042
Epoch 2, Batch 263/633, Grad Norms near zero: 12, Lx 0.3124, Lu 0.0317, Pentalty 0.5690, loss 0.4010
Epoch 2, Batch 264/633, Grad Norms near zero: 13, Lx 0.2559, Lu 0.0120, Pentalty 0.4945, loss 0.3174
Epoch 2, Batch 265/633, Grad Norms near zero: 12, Lx 0.2077, Lu 0.0124, Pentalty 0.5242, loss 0.2725
Epoch 2, Batch 266/633, Grad Norms near zero: 12, Lx 0.3036, Lu 0.0191, Pentalty 0.5390, loss 0.3767
Epoch 2, Batch 267/633, Grad Norms near zero: 18, Lx 0.2775, Lu 0.0180, Pentalty 0.5420, loss 0.3497
Epoch 2, Batch 268/633, Grad Norms near zero: 15, Lx 0.3607, Lu 0.0340, Pentalty 0.4520, loss 0.4399
Epoch 2, Batch 269/633, Grad Norms near zero: 26, Lx 0.2984, Lu 0.0174, Pentalty 0.5277, loss 0.3686
Epoch 2, Batch 270/633, Grad Norms near zero: 12, Lx 0.2871, Lu 0.0143, Pentalty 0.4675, loss 0.3481
Epoch 2, Batch 271/633, Grad Norms near zero: 13, Lx 0.3226, Lu 0.0285, Pentalty 0.4996, loss 0.4011
Epoch 2, Batch 272/633, Grad Norms near zero: 28, Lx 0.2648, Lu 0.0221, Pentalty 0.5093, loss 0.3378
Epoch 2, Batch 273/633, Grad Norms near zero: 26, Lx 0.2811, Lu 0.0201, Pentalty 0.4459, loss 0.3459
Epoch 2, Batch 274/633, Grad Norms near zero: 28, Lx 0.2824, Lu 0.0216, Pentalty 0.4541, loss 0.3494
Epoch 2, Batch 275/633, Grad Norms near zero: 15, Lx 0.2105, Lu 0.0172, Pentalty 0.4423, loss 0.2720
Epoch 2, Batch 276/633, Grad Norms near zero: 13, Lx 0.3731, Lu 0.0358, Pentalty 0.3607, loss 0.4450
Epoch 2, Batch 277/633, Grad Norms near zero: 16, Lx 0.2189, Lu 0.0253, Pentalty 0.4480, loss 0.2890
Epoch 2, Batch 278/633, Grad Norms near zero: 20, Lx 0.3612, Lu 0.0279, Pentalty 0.4637, loss 0.4355
Epoch 2, Batch 279/633, Grad Norms near zero: 26, Lx 0.2837, Lu 0.0198, Pentalty 0.4656, loss 0.3501
Epoch 2, Batch 280/633, Grad Norms near zero: 22, Lx 0.3100, Lu 0.0315, Pentalty 0.4690, loss 0.3884
Epoch 2, Batch 281/633, Grad Norms near zero: 18, Lx 0.2381, Lu 0.0195, Pentalty 0.4654, loss 0.3042
Epoch 2, Batch 282/633, Grad Norms near zero: 26, Lx 0.3301, Lu 0.0270, Pentalty 0.4639, loss 0.4035
Epoch 2, Batch 283/633, Grad Norms near zero: 28, Lx 0.2745, Lu 0.0274, Pentalty 0.4672, loss 0.3486
Epoch 2, Batch 284/633, Grad Norms near zero: 28, Lx 0.2796, Lu 0.0240, Pentalty 0.4738, loss 0.3509
Epoch 2, Batch 285/633, Grad Norms near zero: 29, Lx 0.3032, Lu 0.0249, Pentalty 0.4791, loss 0.3759
Epoch 2, Batch 286/633, Grad Norms near zero: 20, Lx 0.3621, Lu 0.0240, Pentalty 0.4718, loss 0.4332
Epoch 2, Batch 287/633, Grad Norms near zero: 23, Lx 0.2298, Lu 0.0181, Pentalty 0.4534, loss 0.2933
Epoch 2, Batch 288/633, Grad Norms near zero: 22, Lx 0.2257, Lu 0.0152, Pentalty 0.4853, loss 0.2894
Epoch 2, Batch 289/633, Grad Norms near zero: 23, Lx 0.2350, Lu 0.0130, Pentalty 0.4769, loss 0.2957
Epoch 2, Batch 290/633, Grad Norms near zero: 29, Lx 0.2744, Lu 0.0189, Pentalty 0.4753, loss 0.3408
Epoch 2, Batch 291/633, Grad Norms near zero: 21, Lx 0.3901, Lu 0.0297, Pentalty 0.4815, loss 0.4679
Epoch 2, Batch 292/633, Grad Norms near zero: 17, Lx 0.2094, Lu 0.0208, Pentalty 0.4606, loss 0.2762
Epoch 2, Batch 293/633, Grad Norms near zero: 22, Lx 0.2388, Lu 0.0173, Pentalty 0.4780, loss 0.3039
Epoch 2, Batch 294/633, Grad Norms near zero: 24, Lx 0.2381, Lu 0.0147, Pentalty 0.4892, loss 0.3018
Epoch 2, Batch 295/633, Grad Norms near zero: 21, Lx 0.3309, Lu 0.0210, Pentalty 0.5035, loss 0.4023
Epoch 2, Batch 296/633, Grad Norms near zero: 20, Lx 0.3316, Lu 0.0319, Pentalty 0.5176, loss 0.4153
Epoch 2, Batch 297/633, Grad Norms near zero: 25, Lx 0.2834, Lu 0.0211, Pentalty 0.5157, loss 0.3560
Epoch 2, Batch 298/633, Grad Norms near zero: 24, Lx 0.3176, Lu 0.0233, Pentalty 0.5154, loss 0.3925
Epoch 2, Batch 299/633, Grad Norms near zero: 27, Lx 0.2900, Lu 0.0168, Pentalty 0.5019, loss 0.3570
Epoch 2, Batch 300/633, Grad Norms near zero: 22, Lx 0.1995, Lu 0.0135, Pentalty 0.5090, loss 0.2638
Epoch 2, Batch 301/633, Grad Norms near zero: 29, Lx 0.2721, Lu 0.0176, Pentalty 0.4998, loss 0.3396
Epoch 2, Batch 302/633, Grad Norms near zero: 20, Lx 0.3197, Lu 0.0279, Pentalty 0.5074, loss 0.3983
Epoch 2, Batch 303/633, Grad Norms near zero: 27, Lx 0.2782, Lu 0.0190, Pentalty 0.4929, loss 0.3466
Epoch 2, Batch 304/633, Grad Norms near zero: 27, Lx 0.2991, Lu 0.0185, Pentalty 0.4851, loss 0.3661
Epoch 2, Batch 305/633, Grad Norms near zero: 20, Lx 0.2017, Lu 0.0172, Pentalty 0.4971, loss 0.2686
Epoch 2, Batch 306/633, Grad Norms near zero: 32, Lx 0.3066, Lu 0.0173, Pentalty 0.4785, loss 0.3717
Epoch 2, Batch 307/633, Grad Norms near zero: 23, Lx 0.2252, Lu 0.0182, Pentalty 0.4769, loss 0.2911
Epoch 2, Batch 308/633, Grad Norms near zero: 18, Lx 0.1951, Lu 0.0146, Pentalty 0.4796, loss 0.2577
Epoch 2, Batch 309/633, Grad Norms near zero: 27, Lx 0.2601, Lu 0.0170, Pentalty 0.4896, loss 0.3260
Epoch 2, Batch 310/633, Grad Norms near zero: 31, Lx 0.2475, Lu 0.0143, Pentalty 0.5432, loss 0.3161
Epoch 2, Batch 311/633, Grad Norms near zero: 24, Lx 0.2969, Lu 0.0144, Pentalty 0.5084, loss 0.3621
Epoch 2, Batch 312/633, Grad Norms near zero: 22, Lx 0.3189, Lu 0.0281, Pentalty 0.5330, loss 0.4002
Epoch 2, Batch 313/633, Grad Norms near zero: 23, Lx 0.2779, Lu 0.0155, Pentalty 0.5382, loss 0.3472
Epoch 2, Batch 314/633, Grad Norms near zero: 27, Lx 0.2053, Lu 0.0125, Pentalty 0.5484, loss 0.2726
Epoch 2, Batch 315/633, Grad Norms near zero: 26, Lx 0.2865, Lu 0.0195, Pentalty 0.5278, loss 0.3587
Epoch 2, Batch 316/633, Grad Norms near zero: 22, Lx 0.1899, Lu 0.0069, Pentalty 0.5121, loss 0.2480
Epoch 2, Batch 317/633, Grad Norms near zero: 27, Lx 0.2661, Lu 0.0202, Pentalty 0.5305, loss 0.3393
Epoch 2, Batch 318/633, Grad Norms near zero: 12, Lx 0.3515, Lu 0.0319, Pentalty 0.5350, loss 0.4369
Epoch 2, Batch 319/633, Grad Norms near zero: 22, Lx 0.3325, Lu 0.0238, Pentalty 0.5356, loss 0.4099
Epoch 2, Batch 320/633, Grad Norms near zero: 25, Lx 0.2234, Lu 0.0160, Pentalty 0.5133, loss 0.2907
Epoch 2, Batch 321/633, Grad Norms near zero: 36, Lx 0.2898, Lu 0.0195, Pentalty 0.5111, loss 0.3604
Epoch 2, Batch 322/633, Grad Norms near zero: 19, Lx 0.3269, Lu 0.0257, Pentalty 0.4864, loss 0.4012
Epoch 2, Batch 323/633, Grad Norms near zero: 22, Lx 0.3128, Lu 0.0251, Pentalty 0.4881, loss 0.3866
Epoch 2, Batch 324/633, Grad Norms near zero: 29, Lx 0.2856, Lu 0.0165, Pentalty 0.4647, loss 0.3486
Epoch 2, Batch 325/633, Grad Norms near zero: 29, Lx 0.2773, Lu 0.0163, Pentalty 0.4653, loss 0.3400
Epoch 2, Batch 326/633, Grad Norms near zero: 14, Lx 0.2733, Lu 0.0230, Pentalty 0.4211, loss 0.3385
Epoch 2, Batch 327/633, Grad Norms near zero: 21, Lx 0.2472, Lu 0.0188, Pentalty 0.4472, loss 0.3107
Epoch 2, Batch 328/633, Grad Norms near zero: 27, Lx 0.3042, Lu 0.0207, Pentalty 0.4496, loss 0.3698
Epoch 2, Batch 329/633, Grad Norms near zero: 25, Lx 0.3168, Lu 0.0275, Pentalty 0.4203, loss 0.3863
Epoch 2, Batch 330/633, Grad Norms near zero: 24, Lx 0.3015, Lu 0.0289, Pentalty 0.4350, loss 0.3739
Epoch 2, Batch 331/633, Grad Norms near zero: 20, Lx 0.3301, Lu 0.0295, Pentalty 0.4310, loss 0.4027
Epoch 2, Batch 332/633, Grad Norms near zero: 14, Lx 0.2872, Lu 0.0195, Pentalty 0.4306, loss 0.3497
Epoch 2, Batch 333/633, Grad Norms near zero: 27, Lx 0.3188, Lu 0.0231, Pentalty 0.4313, loss 0.3850
Epoch 2, Batch 334/633, Grad Norms near zero: 22, Lx 0.2792, Lu 0.0204, Pentalty 0.4184, loss 0.3415
Epoch 2, Batch 335/633, Grad Norms near zero: 24, Lx 0.3229, Lu 0.0303, Pentalty 0.4596, loss 0.3992
Epoch 2, Batch 336/633, Grad Norms near zero: 26, Lx 0.3444, Lu 0.0305, Pentalty 0.4348, loss 0.4184
Epoch 2, Batch 337/633, Grad Norms near zero: 26, Lx 0.2731, Lu 0.0188, Pentalty 0.4583, loss 0.3377
Epoch 2, Batch 338/633, Grad Norms near zero: 19, Lx 0.2374, Lu 0.0231, Pentalty 0.4476, loss 0.3052
Epoch 2, Batch 339/633, Grad Norms near zero: 15, Lx 0.1801, Lu 0.0158, Pentalty 0.4593, loss 0.2419
Epoch 2, Batch 340/633, Grad Norms near zero: 25, Lx 0.2434, Lu 0.0213, Pentalty 0.4797, loss 0.3127
Epoch 2, Batch 341/633, Grad Norms near zero: 29, Lx 0.3061, Lu 0.0193, Pentalty 0.4926, loss 0.3746
Epoch 2, Batch 342/633, Grad Norms near zero: 20, Lx 0.1878, Lu 0.0140, Pentalty 0.5273, loss 0.2545
Epoch 2, Batch 343/633, Grad Norms near zero: 12, Lx 0.3468, Lu 0.0238, Pentalty 0.4811, loss 0.4187
Epoch 2, Batch 344/633, Grad Norms near zero: 37, Lx 0.2499, Lu 0.0124, Pentalty 0.5490, loss 0.3171
Epoch 2, Batch 345/633, Grad Norms near zero: 24, Lx 0.2807, Lu 0.0169, Pentalty 0.5377, loss 0.3514
Epoch 2, Batch 346/633, Grad Norms near zero: 12, Lx 0.3279, Lu 0.0282, Pentalty 0.4700, loss 0.4032
Epoch 2, Batch 347/633, Grad Norms near zero: 24, Lx 0.2346, Lu 0.0204, Pentalty 0.5518, loss 0.3102
Epoch 2, Batch 348/633, Grad Norms near zero: 25, Lx 0.1920, Lu 0.0099, Pentalty 0.5590, loss 0.2578
Epoch 2, Batch 349/633, Grad Norms near zero: 12, Lx 0.2550, Lu 0.0159, Pentalty 0.5562, loss 0.3265
Epoch 2, Batch 350/633, Grad Norms near zero: 16, Lx 0.3103, Lu 0.0242, Pentalty 0.5749, loss 0.3920
Epoch 2, Batch 351/633, Grad Norms near zero: 18, Lx 0.1712, Lu 0.0086, Pentalty 0.6063, loss 0.2405
Epoch 2, Batch 352/633, Grad Norms near zero: 12, Lx 0.2867, Lu 0.0221, Pentalty 0.4485, loss 0.3536
Epoch 2, Batch 353/633, Grad Norms near zero: 12, Lx 0.2514, Lu 0.0179, Pentalty 0.4713, loss 0.3165
Epoch 2, Batch 354/633, Grad Norms near zero: 32, Lx 0.2544, Lu 0.0168, Pentalty 0.5380, loss 0.3250
Epoch 2, Batch 355/633, Grad Norms near zero: 13, Lx 0.2501, Lu 0.0180, Pentalty 0.5039, loss 0.3185
Epoch 2, Batch 356/633, Grad Norms near zero: 16, Lx 0.1876, Lu 0.0107, Pentalty 0.5704, loss 0.2553
Epoch 2, Batch 357/633, Grad Norms near zero: 25, Lx 0.2358, Lu 0.0126, Pentalty 0.5876, loss 0.3071
Epoch 2, Batch 358/633, Grad Norms near zero: 15, Lx 0.3311, Lu 0.0271, Pentalty 0.5669, loss 0.4149
Epoch 2, Batch 359/633, Grad Norms near zero: 27, Lx 0.2580, Lu 0.0120, Pentalty 0.5556, loss 0.3256
Epoch 2, Batch 360/633, Grad Norms near zero: 15, Lx 0.3591, Lu 0.0204, Pentalty 0.5383, loss 0.4334
Epoch 2, Batch 361/633, Grad Norms near zero: 14, Lx 0.2273, Lu 0.0143, Pentalty 0.5550, loss 0.2971
Epoch 2, Batch 362/633, Grad Norms near zero: 20, Lx 0.2587, Lu 0.0192, Pentalty 0.5374, loss 0.3316
Epoch 2, Batch 363/633, Grad Norms near zero: 14, Lx 0.3128, Lu 0.0247, Pentalty 0.4050, loss 0.3780
Epoch 2, Batch 364/633, Grad Norms near zero: 13, Lx 0.2820, Lu 0.0207, Pentalty 0.4660, loss 0.3493
Epoch 2, Batch 365/633, Grad Norms near zero: 12, Lx 0.3231, Lu 0.0300, Pentalty 0.4964, loss 0.4028
Epoch 2, Batch 366/633, Grad Norms near zero: 12, Lx 0.2030, Lu 0.0146, Pentalty 0.4915, loss 0.2667
Epoch 2, Batch 367/633, Grad Norms near zero: 15, Lx 0.2414, Lu 0.0102, Pentalty 0.4762, loss 0.2992
Epoch 2, Batch 368/633, Grad Norms near zero: 14, Lx 0.2062, Lu 0.0189, Pentalty 0.4694, loss 0.2719
Epoch 2, Batch 369/633, Grad Norms near zero: 18, Lx 0.3234, Lu 0.0266, Pentalty 0.4901, loss 0.3991
Epoch 2, Batch 370/633, Grad Norms near zero: 17, Lx 0.3717, Lu 0.0298, Pentalty 0.4699, loss 0.4485
Epoch 2, Batch 371/633, Grad Norms near zero: 13, Lx 0.3186, Lu 0.0271, Pentalty 0.4755, loss 0.3933
Epoch 2, Batch 372/633, Grad Norms near zero: 21, Lx 0.3176, Lu 0.0299, Pentalty 0.4638, loss 0.3939
Epoch 2, Batch 373/633, Grad Norms near zero: 13, Lx 0.3304, Lu 0.0335, Pentalty 0.4026, loss 0.4042
Epoch 2, Batch 374/633, Grad Norms near zero: 12, Lx 0.2746, Lu 0.0217, Pentalty 0.4088, loss 0.3372
Epoch 2, Batch 375/633, Grad Norms near zero: 23, Lx 0.2405, Lu 0.0188, Pentalty 0.4484, loss 0.3042
Epoch 2, Batch 376/633, Grad Norms near zero: 27, Lx 0.2945, Lu 0.0200, Pentalty 0.4438, loss 0.3589
Epoch 2, Batch 377/633, Grad Norms near zero: 15, Lx 0.2370, Lu 0.0176, Pentalty 0.4392, loss 0.2985
Epoch 2, Batch 378/633, Grad Norms near zero: 20, Lx 0.2618, Lu 0.0202, Pentalty 0.4319, loss 0.3252
Epoch 2, Batch 379/633, Grad Norms near zero: 23, Lx 0.2615, Lu 0.0162, Pentalty 0.4551, loss 0.3233
Epoch 2, Batch 380/633, Grad Norms near zero: 27, Lx 0.3010, Lu 0.0193, Pentalty 0.4592, loss 0.3663
Epoch 2, Batch 381/633, Grad Norms near zero: 22, Lx 0.3357, Lu 0.0230, Pentalty 0.5048, loss 0.4091
Epoch 2, Batch 382/633, Grad Norms near zero: 20, Lx 0.3830, Lu 0.0294, Pentalty 0.4943, loss 0.4618
Epoch 2, Batch 383/633, Grad Norms near zero: 25, Lx 0.2623, Lu 0.0306, Pentalty 0.4790, loss 0.3407
Epoch 2, Batch 384/633, Grad Norms near zero: 12, Lx 0.3332, Lu 0.0242, Pentalty 0.5076, loss 0.4081
Epoch 2, Batch 385/633, Grad Norms near zero: 23, Lx 0.2541, Lu 0.0175, Pentalty 0.4937, loss 0.3210
Epoch 2, Batch 386/633, Grad Norms near zero: 12, Lx 0.3475, Lu 0.0271, Pentalty 0.4589, loss 0.4204
Epoch 2, Batch 387/633, Grad Norms near zero: 13, Lx 0.1864, Lu 0.0164, Pentalty 0.4937, loss 0.2522
Epoch 2, Batch 388/633, Grad Norms near zero: 24, Lx 0.3028, Lu 0.0188, Pentalty 0.4906, loss 0.3707
Epoch 2, Batch 389/633, Grad Norms near zero: 26, Lx 0.2787, Lu 0.0233, Pentalty 0.4759, loss 0.3496
Epoch 2, Batch 390/633, Grad Norms near zero: 13, Lx 0.3373, Lu 0.0286, Pentalty 0.4504, loss 0.4109
Epoch 2, Batch 391/633, Grad Norms near zero: 14, Lx 0.2943, Lu 0.0227, Pentalty 0.4238, loss 0.3593
Epoch 2, Batch 392/633, Grad Norms near zero: 18, Lx 0.3078, Lu 0.0202, Pentalty 0.4703, loss 0.3751
Epoch 2, Batch 393/633, Grad Norms near zero: 13, Lx 0.1800, Lu 0.0190, Pentalty 0.4528, loss 0.2443
Epoch 2, Batch 394/633, Grad Norms near zero: 18, Lx 0.2486, Lu 0.0157, Pentalty 0.4765, loss 0.3120
Epoch 2, Batch 395/633, Grad Norms near zero: 12, Lx 0.2114, Lu 0.0134, Pentalty 0.4903, loss 0.2739
Epoch 2, Batch 396/633, Grad Norms near zero: 15, Lx 0.3767, Lu 0.0272, Pentalty 0.4310, loss 0.4470
Epoch 2, Batch 397/633, Grad Norms near zero: 12, Lx 0.3857, Lu 0.0297, Pentalty 0.5038, loss 0.4658
Epoch 2, Batch 398/633, Grad Norms near zero: 15, Lx 0.3078, Lu 0.0280, Pentalty 0.4236, loss 0.3781
Epoch 2, Batch 399/633, Grad Norms near zero: 12, Lx 0.3102, Lu 0.0202, Pentalty 0.4890, loss 0.3793
Epoch 2, Batch 400/633, Grad Norms near zero: 16, Lx 0.3458, Lu 0.0232, Pentalty 0.4671, loss 0.4158
Epoch 2, Batch 401/633, Grad Norms near zero: 12, Lx 0.1862, Lu 0.0190, Pentalty 0.4972, loss 0.2550
Epoch 2, Batch 402/633, Grad Norms near zero: 13, Lx 0.2778, Lu 0.0176, Pentalty 0.4873, loss 0.3441
Epoch 2, Batch 403/633, Grad Norms near zero: 12, Lx 0.3597, Lu 0.0259, Pentalty 0.4686, loss 0.4324
Epoch 2, Batch 404/633, Grad Norms near zero: 22, Lx 0.3039, Lu 0.0275, Pentalty 0.4763, loss 0.3790
Epoch 2, Batch 405/633, Grad Norms near zero: 12, Lx 0.3069, Lu 0.0295, Pentalty 0.3745, loss 0.3738
Epoch 2, Batch 406/633, Grad Norms near zero: 12, Lx 0.2572, Lu 0.0215, Pentalty 0.4470, loss 0.3235
Epoch 2, Batch 407/633, Grad Norms near zero: 19, Lx 0.2909, Lu 0.0280, Pentalty 0.4762, loss 0.3665
Epoch 2, Batch 408/633, Grad Norms near zero: 12, Lx 0.3312, Lu 0.0276, Pentalty 0.4635, loss 0.4051
Epoch 2, Batch 409/633, Grad Norms near zero: 13, Lx 0.3610, Lu 0.0246, Pentalty 0.4229, loss 0.4279
Epoch 2, Batch 410/633, Grad Norms near zero: 24, Lx 0.2990, Lu 0.0255, Pentalty 0.4364, loss 0.3682
Epoch 2, Batch 411/633, Grad Norms near zero: 19, Lx 0.2749, Lu 0.0198, Pentalty 0.4392, loss 0.3386
Epoch 2, Batch 412/633, Grad Norms near zero: 21, Lx 0.2830, Lu 0.0266, Pentalty 0.4397, loss 0.3536
Epoch 2, Batch 413/633, Grad Norms near zero: 17, Lx 0.2355, Lu 0.0162, Pentalty 0.4703, loss 0.2988
Epoch 2, Batch 414/633, Grad Norms near zero: 12, Lx 0.1790, Lu 0.0219, Pentalty 0.4693, loss 0.2478
Epoch 2, Batch 415/633, Grad Norms near zero: 27, Lx 0.2801, Lu 0.0153, Pentalty 0.4625, loss 0.3416
Epoch 2, Batch 416/633, Grad Norms near zero: 21, Lx 0.3259, Lu 0.0258, Pentalty 0.4539, loss 0.3970
Epoch 2, Batch 417/633, Grad Norms near zero: 19, Lx 0.2984, Lu 0.0167, Pentalty 0.5140, loss 0.3665
Epoch 2, Batch 418/633, Grad Norms near zero: 18, Lx 0.2567, Lu 0.0115, Pentalty 0.5237, loss 0.3206
Epoch 2, Batch 419/633, Grad Norms near zero: 24, Lx 0.2336, Lu 0.0139, Pentalty 0.4918, loss 0.2967
Epoch 2, Batch 420/633, Grad Norms near zero: 27, Lx 0.2847, Lu 0.0140, Pentalty 0.4933, loss 0.3481
Epoch 2, Batch 421/633, Grad Norms near zero: 25, Lx 0.2734, Lu 0.0167, Pentalty 0.5039, loss 0.3405
Epoch 2, Batch 422/633, Grad Norms near zero: 27, Lx 0.2994, Lu 0.0225, Pentalty 0.4891, loss 0.3708
Epoch 2, Batch 423/633, Grad Norms near zero: 16, Lx 0.3111, Lu 0.0307, Pentalty 0.5086, loss 0.3927
Epoch 2, Batch 424/633, Grad Norms near zero: 18, Lx 0.2830, Lu 0.0160, Pentalty 0.5270, loss 0.3517
Epoch 2, Batch 425/633, Grad Norms near zero: 22, Lx 0.2952, Lu 0.0193, Pentalty 0.5136, loss 0.3659
Epoch 2, Batch 426/633, Grad Norms near zero: 19, Lx 0.2175, Lu 0.0138, Pentalty 0.4943, loss 0.2807
Epoch 2, Batch 427/633, Grad Norms near zero: 18, Lx 0.2459, Lu 0.0213, Pentalty 0.5264, loss 0.3198
Epoch 2, Batch 428/633, Grad Norms near zero: 15, Lx 0.3305, Lu 0.0216, Pentalty 0.5088, loss 0.4029
Epoch 2, Batch 429/633, Grad Norms near zero: 26, Lx 0.2721, Lu 0.0183, Pentalty 0.4704, loss 0.3373
Epoch 2, Batch 430/633, Grad Norms near zero: 23, Lx 0.2679, Lu 0.0136, Pentalty 0.5021, loss 0.3317
Epoch 2, Batch 431/633, Grad Norms near zero: 22, Lx 0.2972, Lu 0.0182, Pentalty 0.4948, loss 0.3649
Epoch 2, Batch 432/633, Grad Norms near zero: 12, Lx 0.3610, Lu 0.0300, Pentalty 0.4608, loss 0.4371
Epoch 2, Batch 433/633, Grad Norms near zero: 22, Lx 0.2851, Lu 0.0196, Pentalty 0.4665, loss 0.3514
Epoch 2, Batch 434/633, Grad Norms near zero: 14, Lx 0.3116, Lu 0.0219, Pentalty 0.4628, loss 0.3798
Epoch 2, Batch 435/633, Grad Norms near zero: 23, Lx 0.2734, Lu 0.0288, Pentalty 0.4369, loss 0.3459
Epoch 2, Batch 436/633, Grad Norms near zero: 21, Lx 0.3046, Lu 0.0253, Pentalty 0.4239, loss 0.3724
Epoch 2, Batch 437/633, Grad Norms near zero: 15, Lx 0.3121, Lu 0.0303, Pentalty 0.4257, loss 0.3849
Epoch 2, Batch 438/633, Grad Norms near zero: 26, Lx 0.3027, Lu 0.0183, Pentalty 0.4142, loss 0.3624
Epoch 2, Batch 439/633, Grad Norms near zero: 14, Lx 0.2341, Lu 0.0224, Pentalty 0.4330, loss 0.2998
Epoch 2, Batch 440/633, Grad Norms near zero: 19, Lx 0.3563, Lu 0.0322, Pentalty 0.4392, loss 0.4324
Epoch 2, Batch 441/633, Grad Norms near zero: 18, Lx 0.3456, Lu 0.0284, Pentalty 0.4339, loss 0.4173
Epoch 2, Batch 442/633, Grad Norms near zero: 22, Lx 0.2555, Lu 0.0223, Pentalty 0.4453, loss 0.3224
Epoch 2, Batch 443/633, Grad Norms near zero: 21, Lx 0.3315, Lu 0.0343, Pentalty 0.4227, loss 0.4081
Epoch 2, Batch 444/633, Grad Norms near zero: 20, Lx 0.2589, Lu 0.0155, Pentalty 0.4449, loss 0.3189
Epoch 2, Batch 445/633, Grad Norms near zero: 17, Lx 0.3623, Lu 0.0259, Pentalty 0.4407, loss 0.4322
Epoch 2, Batch 446/633, Grad Norms near zero: 17, Lx 0.3526, Lu 0.0256, Pentalty 0.4482, loss 0.4230
Epoch 2, Batch 447/633, Grad Norms near zero: 26, Lx 0.3482, Lu 0.0251, Pentalty 0.4476, loss 0.4181
Epoch 2, Batch 448/633, Grad Norms near zero: 13, Lx 0.2002, Lu 0.0242, Pentalty 0.4463, loss 0.2690
Epoch 2, Batch 449/633, Grad Norms near zero: 27, Lx 0.2951, Lu 0.0209, Pentalty 0.4543, loss 0.3613
Epoch 2, Batch 450/633, Grad Norms near zero: 25, Lx 0.2754, Lu 0.0159, Pentalty 0.4679, loss 0.3381
Epoch 2, Batch 451/633, Grad Norms near zero: 18, Lx 0.2428, Lu 0.0151, Pentalty 0.5027, loss 0.3082
Epoch 2, Batch 452/633, Grad Norms near zero: 22, Lx 0.3123, Lu 0.0198, Pentalty 0.4880, loss 0.3810
Epoch 2, Batch 453/633, Grad Norms near zero: 23, Lx 0.2371, Lu 0.0122, Pentalty 0.4875, loss 0.2981
Epoch 2, Batch 454/633, Grad Norms near zero: 23, Lx 0.2140, Lu 0.0141, Pentalty 0.5191, loss 0.2800
Epoch 2, Batch 455/633, Grad Norms near zero: 28, Lx 0.2676, Lu 0.0165, Pentalty 0.5132, loss 0.3354
Epoch 2, Batch 456/633, Grad Norms near zero: 17, Lx 0.3024, Lu 0.0316, Pentalty 0.5068, loss 0.3847
Epoch 2, Batch 457/633, Grad Norms near zero: 24, Lx 0.2301, Lu 0.0128, Pentalty 0.5091, loss 0.2939
Epoch 2, Batch 458/633, Grad Norms near zero: 12, Lx 0.3308, Lu 0.0257, Pentalty 0.5195, loss 0.4084
Epoch 2, Batch 459/633, Grad Norms near zero: 25, Lx 0.2657, Lu 0.0171, Pentalty 0.5165, loss 0.3345
Epoch 2, Batch 460/633, Grad Norms near zero: 12, Lx 0.2644, Lu 0.0173, Pentalty 0.5408, loss 0.3358
Epoch 2, Batch 461/633, Grad Norms near zero: 18, Lx 0.2985, Lu 0.0264, Pentalty 0.5115, loss 0.3760
Epoch 2, Batch 462/633, Grad Norms near zero: 12, Lx 0.2986, Lu 0.0269, Pentalty 0.4932, loss 0.3749
Epoch 2, Batch 463/633, Grad Norms near zero: 15, Lx 0.1929, Lu 0.0150, Pentalty 0.4913, loss 0.2571
Epoch 2, Batch 464/633, Grad Norms near zero: 15, Lx 0.2023, Lu 0.0183, Pentalty 0.5025, loss 0.2709
Epoch 2, Batch 465/633, Grad Norms near zero: 12, Lx 0.3415, Lu 0.0299, Pentalty 0.5147, loss 0.4229
Epoch 2, Batch 466/633, Grad Norms near zero: 16, Lx 0.3269, Lu 0.0319, Pentalty 0.5089, loss 0.4096
Epoch 2, Batch 467/633, Grad Norms near zero: 16, Lx 0.3357, Lu 0.0228, Pentalty 0.4878, loss 0.4073
Epoch 2, Batch 468/633, Grad Norms near zero: 21, Lx 0.2162, Lu 0.0177, Pentalty 0.4741, loss 0.2813
Epoch 2, Batch 469/633, Grad Norms near zero: 17, Lx 0.1987, Lu 0.0157, Pentalty 0.4866, loss 0.2631
Epoch 2, Batch 470/633, Grad Norms near zero: 18, Lx 0.2203, Lu 0.0143, Pentalty 0.5105, loss 0.2857
Epoch 2, Batch 471/633, Grad Norms near zero: 12, Lx 0.3781, Lu 0.0243, Pentalty 0.4444, loss 0.4468
Epoch 2, Batch 472/633, Grad Norms near zero: 26, Lx 0.2803, Lu 0.0166, Pentalty 0.4941, loss 0.3463
Epoch 2, Batch 473/633, Grad Norms near zero: 14, Lx 0.3013, Lu 0.0235, Pentalty 0.4972, loss 0.3745
Epoch 2, Batch 474/633, Grad Norms near zero: 31, Lx 0.3349, Lu 0.0241, Pentalty 0.4749, loss 0.4065
Epoch 2, Batch 475/633, Grad Norms near zero: 22, Lx 0.2766, Lu 0.0138, Pentalty 0.5004, loss 0.3404
Epoch 2, Batch 476/633, Grad Norms near zero: 18, Lx 0.3352, Lu 0.0228, Pentalty 0.4689, loss 0.4050
Epoch 2, Batch 477/633, Grad Norms near zero: 18, Lx 0.2358, Lu 0.0200, Pentalty 0.4854, loss 0.3043
Epoch 2, Batch 478/633, Grad Norms near zero: 24, Lx 0.2714, Lu 0.0195, Pentalty 0.4742, loss 0.3383
Epoch 2, Batch 479/633, Grad Norms near zero: 18, Lx 0.2439, Lu 0.0210, Pentalty 0.4662, loss 0.3115
Epoch 2, Batch 480/633, Grad Norms near zero: 15, Lx 0.3043, Lu 0.0168, Pentalty 0.4708, loss 0.3682
Epoch 2, Batch 481/633, Grad Norms near zero: 12, Lx 0.2360, Lu 0.0159, Pentalty 0.4702, loss 0.2989
Epoch 2, Batch 482/633, Grad Norms near zero: 15, Lx 0.3186, Lu 0.0249, Pentalty 0.4407, loss 0.3875
Epoch 2, Batch 483/633, Grad Norms near zero: 19, Lx 0.2092, Lu 0.0159, Pentalty 0.4798, loss 0.2731
Epoch 2, Batch 484/633, Grad Norms near zero: 13, Lx 0.2796, Lu 0.0146, Pentalty 0.5013, loss 0.3444
Epoch 2, Batch 485/633, Grad Norms near zero: 21, Lx 0.2258, Lu 0.0154, Pentalty 0.5105, loss 0.2923
Epoch 2, Batch 486/633, Grad Norms near zero: 12, Lx 0.2685, Lu 0.0183, Pentalty 0.4611, loss 0.3329
Epoch 2, Batch 487/633, Grad Norms near zero: 20, Lx 0.2813, Lu 0.0236, Pentalty 0.5061, loss 0.3554
Epoch 2, Batch 488/633, Grad Norms near zero: 27, Lx 0.2723, Lu 0.0148, Pentalty 0.5313, loss 0.3403
Epoch 2, Batch 489/633, Grad Norms near zero: 16, Lx 0.2019, Lu 0.0149, Pentalty 0.5128, loss 0.2680
Epoch 2, Batch 490/633, Grad Norms near zero: 14, Lx 0.3177, Lu 0.0269, Pentalty 0.5259, loss 0.3972
Epoch 2, Batch 491/633, Grad Norms near zero: 15, Lx 0.2912, Lu 0.0343, Pentalty 0.5352, loss 0.3791
Epoch 2, Batch 492/633, Grad Norms near zero: 14, Lx 0.3083, Lu 0.0298, Pentalty 0.5392, loss 0.3920
Epoch 2, Batch 493/633, Grad Norms near zero: 14, Lx 0.2738, Lu 0.0119, Pentalty 0.5460, loss 0.3402
Epoch 2, Batch 494/633, Grad Norms near zero: 25, Lx 0.2526, Lu 0.0162, Pentalty 0.4828, loss 0.3171
Epoch 2, Batch 495/633, Grad Norms near zero: 20, Lx 0.2156, Lu 0.0145, Pentalty 0.5223, loss 0.2823
Epoch 2, Batch 496/633, Grad Norms near zero: 22, Lx 0.2527, Lu 0.0137, Pentalty 0.4856, loss 0.3150
Epoch 2, Batch 497/633, Grad Norms near zero: 12, Lx 0.3523, Lu 0.0265, Pentalty 0.4527, loss 0.4241
Epoch 2, Batch 498/633, Grad Norms near zero: 15, Lx 0.3307, Lu 0.0266, Pentalty 0.4728, loss 0.4046
Epoch 2, Batch 499/633, Grad Norms near zero: 16, Lx 0.2328, Lu 0.0133, Pentalty 0.5083, loss 0.2969
Epoch 2, Batch 500/633, Grad Norms near zero: 23, Lx 0.2715, Lu 0.0236, Pentalty 0.4698, loss 0.3421
Epoch 2, Batch 501/633, Grad Norms near zero: 20, Lx 0.2808, Lu 0.0223, Pentalty 0.4516, loss 0.3482
Epoch 2, Batch 502/633, Grad Norms near zero: 17, Lx 0.2138, Lu 0.0162, Pentalty 0.4987, loss 0.2799
Epoch 2, Batch 503/633, Grad Norms near zero: 17, Lx 0.2292, Lu 0.0134, Pentalty 0.4649, loss 0.2891
Epoch 2, Batch 504/633, Grad Norms near zero: 22, Lx 0.2742, Lu 0.0200, Pentalty 0.4701, loss 0.3411
Epoch 2, Batch 505/633, Grad Norms near zero: 16, Lx 0.1812, Lu 0.0121, Pentalty 0.5130, loss 0.2446
Epoch 2, Batch 506/633, Grad Norms near zero: 14, Lx 0.2965, Lu 0.0340, Pentalty 0.4994, loss 0.3804
Epoch 2, Batch 507/633, Grad Norms near zero: 22, Lx 0.2181, Lu 0.0121, Pentalty 0.5462, loss 0.2848
Epoch 2, Batch 508/633, Grad Norms near zero: 24, Lx 0.2124, Lu 0.0092, Pentalty 0.5831, loss 0.2799
Epoch 2, Batch 509/633, Grad Norms near zero: 12, Lx 0.3111, Lu 0.0224, Pentalty 0.5112, loss 0.3847
Epoch 2, Batch 510/633, Grad Norms near zero: 12, Lx 0.2772, Lu 0.0187, Pentalty 0.5471, loss 0.3506
Epoch 2, Batch 511/633, Grad Norms near zero: 21, Lx 0.2420, Lu 0.0103, Pentalty 0.5731, loss 0.3096
Epoch 2, Batch 512/633, Grad Norms near zero: 12, Lx 0.3264, Lu 0.0256, Pentalty 0.5075, loss 0.4028
Epoch 2, Batch 513/633, Grad Norms near zero: 15, Lx 0.3335, Lu 0.0229, Pentalty 0.5408, loss 0.4105
Epoch 2, Batch 514/633, Grad Norms near zero: 21, Lx 0.2564, Lu 0.0162, Pentalty 0.5189, loss 0.3245
Epoch 2, Batch 515/633, Grad Norms near zero: 21, Lx 0.2426, Lu 0.0223, Pentalty 0.4974, loss 0.3146
Epoch 2, Batch 516/633, Grad Norms near zero: 16, Lx 0.2174, Lu 0.0093, Pentalty 0.5040, loss 0.2771
Epoch 2, Batch 517/633, Grad Norms near zero: 14, Lx 0.2807, Lu 0.0233, Pentalty 0.4954, loss 0.3536
Epoch 2, Batch 518/633, Grad Norms near zero: 14, Lx 0.2682, Lu 0.0176, Pentalty 0.4701, loss 0.3328
Epoch 2, Batch 519/633, Grad Norms near zero: 18, Lx 0.3039, Lu 0.0226, Pentalty 0.4680, loss 0.3733
Epoch 2, Batch 520/633, Grad Norms near zero: 12, Lx 0.3744, Lu 0.0270, Pentalty 0.4625, loss 0.4476
Epoch 2, Batch 521/633, Grad Norms near zero: 24, Lx 0.2958, Lu 0.0252, Pentalty 0.4368, loss 0.3647
Epoch 2, Batch 522/633, Grad Norms near zero: 18, Lx 0.2737, Lu 0.0195, Pentalty 0.4504, loss 0.3383
Epoch 2, Batch 523/633, Grad Norms near zero: 23, Lx 0.3096, Lu 0.0290, Pentalty 0.4371, loss 0.3823
Epoch 2, Batch 524/633, Grad Norms near zero: 23, Lx 0.3099, Lu 0.0226, Pentalty 0.4228, loss 0.3747
Epoch 2, Batch 525/633, Grad Norms near zero: 13, Lx 0.1835, Lu 0.0267, Pentalty 0.4176, loss 0.2519
Epoch 2, Batch 526/633, Grad Norms near zero: 13, Lx 0.2041, Lu 0.0175, Pentalty 0.4430, loss 0.2659
Epoch 2, Batch 527/633, Grad Norms near zero: 22, Lx 0.3065, Lu 0.0225, Pentalty 0.4527, loss 0.3742
Epoch 2, Batch 528/633, Grad Norms near zero: 15, Lx 0.2058, Lu 0.0132, Pentalty 0.5091, loss 0.2699
Epoch 2, Batch 529/633, Grad Norms near zero: 25, Lx 0.2464, Lu 0.0128, Pentalty 0.4951, loss 0.3087
Epoch 2, Batch 530/633, Grad Norms near zero: 13, Lx 0.2234, Lu 0.0172, Pentalty 0.5243, loss 0.2930
Epoch 2, Batch 531/633, Grad Norms near zero: 18, Lx 0.2441, Lu 0.0121, Pentalty 0.5627, loss 0.3125
Epoch 2, Batch 532/633, Grad Norms near zero: 16, Lx 0.2879, Lu 0.0175, Pentalty 0.5471, loss 0.3601
Epoch 2, Batch 533/633, Grad Norms near zero: 15, Lx 0.2635, Lu 0.0173, Pentalty 0.5713, loss 0.3380
Epoch 2, Batch 534/633, Grad Norms near zero: 25, Lx 0.1708, Lu 0.0079, Pentalty 0.6160, loss 0.2403
Epoch 2, Batch 535/633, Grad Norms near zero: 12, Lx 0.2289, Lu 0.0165, Pentalty 0.5746, loss 0.3029
Epoch 2, Batch 536/633, Grad Norms near zero: 16, Lx 0.2371, Lu 0.0172, Pentalty 0.5780, loss 0.3122
Epoch 2, Batch 537/633, Grad Norms near zero: 19, Lx 0.2394, Lu 0.0122, Pentalty 0.5934, loss 0.3110
Epoch 2, Batch 538/633, Grad Norms near zero: 14, Lx 0.2783, Lu 0.0118, Pentalty 0.6189, loss 0.3521
Epoch 2, Batch 539/633, Grad Norms near zero: 19, Lx 0.2412, Lu 0.0128, Pentalty 0.5867, loss 0.3126
Epoch 2, Batch 540/633, Grad Norms near zero: 12, Lx 0.2826, Lu 0.0241, Pentalty 0.5412, loss 0.3609
Epoch 2, Batch 541/633, Grad Norms near zero: 12, Lx 0.2703, Lu 0.0201, Pentalty 0.5221, loss 0.3426
Epoch 2, Batch 542/633, Grad Norms near zero: 19, Lx 0.1620, Lu 0.0104, Pentalty 0.5673, loss 0.2291
Epoch 2, Batch 543/633, Grad Norms near zero: 12, Lx 0.3278, Lu 0.0269, Pentalty 0.4760, loss 0.4023
Epoch 2, Batch 544/633, Grad Norms near zero: 28, Lx 0.2227, Lu 0.0106, Pentalty 0.5687, loss 0.2901
Epoch 2, Batch 545/633, Grad Norms near zero: 26, Lx 0.2594, Lu 0.0130, Pentalty 0.5115, loss 0.3235
Epoch 2, Batch 546/633, Grad Norms near zero: 12, Lx 0.2989, Lu 0.0255, Pentalty 0.5206, loss 0.3764
Epoch 2, Batch 547/633, Grad Norms near zero: 24, Lx 0.2703, Lu 0.0208, Pentalty 0.4887, loss 0.3401
Epoch 2, Batch 548/633, Grad Norms near zero: 12, Lx 0.2667, Lu 0.0191, Pentalty 0.4648, loss 0.3323
Epoch 2, Batch 549/633, Grad Norms near zero: 14, Lx 0.3454, Lu 0.0290, Pentalty 0.3913, loss 0.4136
Epoch 2, Batch 550/633, Grad Norms near zero: 13, Lx 0.3127, Lu 0.0222, Pentalty 0.4437, loss 0.3792
Epoch 2, Batch 551/633, Grad Norms near zero: 12, Lx 0.3148, Lu 0.0228, Pentalty 0.4123, loss 0.3789
Epoch 2, Batch 552/633, Grad Norms near zero: 15, Lx 0.3759, Lu 0.0303, Pentalty 0.4582, loss 0.4520
Epoch 2, Batch 553/633, Grad Norms near zero: 12, Lx 0.2276, Lu 0.0221, Pentalty 0.4252, loss 0.2923
Epoch 2, Batch 554/633, Grad Norms near zero: 17, Lx 0.2434, Lu 0.0180, Pentalty 0.4643, loss 0.3078
Epoch 2, Batch 555/633, Grad Norms near zero: 13, Lx 0.3151, Lu 0.0318, Pentalty 0.4418, loss 0.3911
Epoch 2, Batch 556/633, Grad Norms near zero: 16, Lx 0.2534, Lu 0.0220, Pentalty 0.4581, loss 0.3212
Epoch 2, Batch 557/633, Grad Norms near zero: 14, Lx 0.4054, Lu 0.0269, Pentalty 0.4817, loss 0.4805
Epoch 2, Batch 558/633, Grad Norms near zero: 14, Lx 0.3225, Lu 0.0240, Pentalty 0.4535, loss 0.3919
Epoch 2, Batch 559/633, Grad Norms near zero: 17, Lx 0.2195, Lu 0.0147, Pentalty 0.4921, loss 0.2834
Epoch 2, Batch 560/633, Grad Norms near zero: 13, Lx 0.2794, Lu 0.0231, Pentalty 0.4664, loss 0.3492
Epoch 2, Batch 561/633, Grad Norms near zero: 12, Lx 0.3033, Lu 0.0170, Pentalty 0.4467, loss 0.3649
Epoch 2, Batch 562/633, Grad Norms near zero: 13, Lx 0.3105, Lu 0.0247, Pentalty 0.4217, loss 0.3774
Epoch 2, Batch 563/633, Grad Norms near zero: 13, Lx 0.1416, Lu 0.0211, Pentalty 0.5016, loss 0.2129
Epoch 2, Batch 564/633, Grad Norms near zero: 16, Lx 0.2676, Lu 0.0181, Pentalty 0.4853, loss 0.3342
Epoch 2, Batch 565/633, Grad Norms near zero: 14, Lx 0.2661, Lu 0.0190, Pentalty 0.4903, loss 0.3341
Epoch 2, Batch 566/633, Grad Norms near zero: 12, Lx 0.3118, Lu 0.0161, Pentalty 0.5211, loss 0.3800
Epoch 2, Batch 567/633, Grad Norms near zero: 19, Lx 0.2143, Lu 0.0134, Pentalty 0.5486, loss 0.2826
Epoch 2, Batch 568/633, Grad Norms near zero: 28, Lx 0.2289, Lu 0.0108, Pentalty 0.5350, loss 0.2932
Epoch 2, Batch 569/633, Grad Norms near zero: 23, Lx 0.3027, Lu 0.0268, Pentalty 0.4832, loss 0.3778
Epoch 2, Batch 570/633, Grad Norms near zero: 15, Lx 0.2766, Lu 0.0247, Pentalty 0.5585, loss 0.3571
Epoch 2, Batch 571/633, Grad Norms near zero: 18, Lx 0.2909, Lu 0.0203, Pentalty 0.4928, loss 0.3605
Epoch 2, Batch 572/633, Grad Norms near zero: 16, Lx 0.3599, Lu 0.0310, Pentalty 0.4809, loss 0.4390
Epoch 2, Batch 573/633, Grad Norms near zero: 23, Lx 0.2936, Lu 0.0256, Pentalty 0.4478, loss 0.3639
Epoch 2, Batch 574/633, Grad Norms near zero: 15, Lx 0.3647, Lu 0.0226, Pentalty 0.5216, loss 0.4394
Epoch 2, Batch 575/633, Grad Norms near zero: 16, Lx 0.1967, Lu 0.0098, Pentalty 0.5308, loss 0.2595
Epoch 2, Batch 576/633, Grad Norms near zero: 15, Lx 0.3182, Lu 0.0223, Pentalty 0.4961, loss 0.3901
Epoch 2, Batch 577/633, Grad Norms near zero: 23, Lx 0.2610, Lu 0.0149, Pentalty 0.4907, loss 0.3250
Epoch 2, Batch 578/633, Grad Norms near zero: 12, Lx 0.2351, Lu 0.0206, Pentalty 0.4230, loss 0.2980
Epoch 2, Batch 579/633, Grad Norms near zero: 14, Lx 0.2038, Lu 0.0155, Pentalty 0.4618, loss 0.2654
Epoch 2, Batch 580/633, Grad Norms near zero: 12, Lx 0.2698, Lu 0.0187, Pentalty 0.4448, loss 0.3330
Epoch 2, Batch 581/633, Grad Norms near zero: 12, Lx 0.2885, Lu 0.0236, Pentalty 0.4206, loss 0.3542
Epoch 2, Batch 582/633, Grad Norms near zero: 19, Lx 0.3109, Lu 0.0273, Pentalty 0.4051, loss 0.3787
Epoch 2, Batch 583/633, Grad Norms near zero: 12, Lx 0.2421, Lu 0.0134, Pentalty 0.5035, loss 0.3059
Epoch 2, Batch 584/633, Grad Norms near zero: 12, Lx 0.2791, Lu 0.0197, Pentalty 0.4861, loss 0.3474
Epoch 2, Batch 585/633, Grad Norms near zero: 16, Lx 0.2640, Lu 0.0149, Pentalty 0.5404, loss 0.3330
Epoch 2, Batch 586/633, Grad Norms near zero: 20, Lx 0.2013, Lu 0.0097, Pentalty 0.5768, loss 0.2687
Epoch 2, Batch 587/633, Grad Norms near zero: 12, Lx 0.3446, Lu 0.0315, Pentalty 0.5087, loss 0.4270
Epoch 2, Batch 588/633, Grad Norms near zero: 12, Lx 0.2817, Lu 0.0147, Pentalty 0.5480, loss 0.3512
Epoch 2, Batch 589/633, Grad Norms near zero: 13, Lx 0.2648, Lu 0.0240, Pentalty 0.4869, loss 0.3375
Epoch 2, Batch 590/633, Grad Norms near zero: 12, Lx 0.2784, Lu 0.0169, Pentalty 0.5700, loss 0.3523
Epoch 2, Batch 591/633, Grad Norms near zero: 12, Lx 0.2648, Lu 0.0211, Pentalty 0.5461, loss 0.3404
Epoch 2, Batch 592/633, Grad Norms near zero: 16, Lx 0.2822, Lu 0.0139, Pentalty 0.5427, loss 0.3504
Epoch 2, Batch 593/633, Grad Norms near zero: 14, Lx 0.2891, Lu 0.0164, Pentalty 0.5228, loss 0.3578
Epoch 2, Batch 594/633, Grad Norms near zero: 12, Lx 0.3017, Lu 0.0152, Pentalty 0.5192, loss 0.3688
Epoch 2, Batch 595/633, Grad Norms near zero: 14, Lx 0.3039, Lu 0.0309, Pentalty 0.5011, loss 0.3849
Epoch 2, Batch 596/633, Grad Norms near zero: 15, Lx 0.2126, Lu 0.0162, Pentalty 0.4859, loss 0.2773
Epoch 2, Batch 597/633, Grad Norms near zero: 22, Lx 0.2462, Lu 0.0141, Pentalty 0.4818, loss 0.3085
Epoch 2, Batch 598/633, Grad Norms near zero: 14, Lx 0.3405, Lu 0.0255, Pentalty 0.4514, loss 0.4112
Epoch 2, Batch 599/633, Grad Norms near zero: 18, Lx 0.3783, Lu 0.0373, Pentalty 0.3726, loss 0.4529
Epoch 2, Batch 600/633, Grad Norms near zero: 13, Lx 0.2453, Lu 0.0171, Pentalty 0.4536, loss 0.3078
Epoch 2, Batch 601/633, Grad Norms near zero: 12, Lx 0.2675, Lu 0.0207, Pentalty 0.4610, loss 0.3343
Epoch 2, Batch 602/633, Grad Norms near zero: 12, Lx 0.2779, Lu 0.0295, Pentalty 0.4374, loss 0.3512
Epoch 2, Batch 603/633, Grad Norms near zero: 12, Lx 0.3625, Lu 0.0288, Pentalty 0.4439, loss 0.4357
Epoch 2, Batch 604/633, Grad Norms near zero: 12, Lx 0.2867, Lu 0.0239, Pentalty 0.4344, loss 0.3541
Epoch 2, Batch 605/633, Grad Norms near zero: 12, Lx 0.2662, Lu 0.0304, Pentalty 0.4594, loss 0.3425
Epoch 2, Batch 606/633, Grad Norms near zero: 13, Lx 0.1859, Lu 0.0170, Pentalty 0.4859, loss 0.2516
Epoch 2, Batch 607/633, Grad Norms near zero: 12, Lx 0.3442, Lu 0.0311, Pentalty 0.4250, loss 0.4178
Epoch 2, Batch 608/633, Grad Norms near zero: 14, Lx 0.3122, Lu 0.0289, Pentalty 0.4719, loss 0.3882
Epoch 2, Batch 609/633, Grad Norms near zero: 21, Lx 0.2635, Lu 0.0179, Pentalty 0.4984, loss 0.3312
Epoch 2, Batch 610/633, Grad Norms near zero: 15, Lx 0.3008, Lu 0.0221, Pentalty 0.4877, loss 0.3717
Epoch 2, Batch 611/633, Grad Norms near zero: 13, Lx 0.3482, Lu 0.0262, Pentalty 0.4928, loss 0.4236
Epoch 2, Batch 612/633, Grad Norms near zero: 12, Lx 0.3071, Lu 0.0259, Pentalty 0.4466, loss 0.3776
Epoch 2, Batch 613/633, Grad Norms near zero: 12, Lx 0.3518, Lu 0.0298, Pentalty 0.4252, loss 0.4241
Epoch 2, Batch 614/633, Grad Norms near zero: 12, Lx 0.2776, Lu 0.0284, Pentalty 0.4187, loss 0.3478
Epoch 2, Batch 615/633, Grad Norms near zero: 20, Lx 0.2925, Lu 0.0185, Pentalty 0.4729, loss 0.3583
Epoch 2, Batch 616/633, Grad Norms near zero: 17, Lx 0.2407, Lu 0.0164, Pentalty 0.4700, loss 0.3042
Epoch 2, Batch 617/633, Grad Norms near zero: 12, Lx 0.2760, Lu 0.0269, Pentalty 0.4692, loss 0.3498
Epoch 2, Batch 618/633, Grad Norms near zero: 14, Lx 0.3304, Lu 0.0236, Pentalty 0.4750, loss 0.4014
Epoch 2, Batch 619/633, Grad Norms near zero: 18, Lx 0.3137, Lu 0.0304, Pentalty 0.4164, loss 0.3857
Epoch 2, Batch 620/633, Grad Norms near zero: 16, Lx 0.2482, Lu 0.0202, Pentalty 0.4778, loss 0.3162
Epoch 2, Batch 621/633, Grad Norms near zero: 12, Lx 0.2627, Lu 0.0209, Pentalty 0.4674, loss 0.3303
Epoch 2, Batch 622/633, Grad Norms near zero: 12, Lx 0.2619, Lu 0.0160, Pentalty 0.4610, loss 0.3241
Epoch 2, Batch 623/633, Grad Norms near zero: 13, Lx 0.2938, Lu 0.0245, Pentalty 0.4395, loss 0.3622
Epoch 2, Batch 624/633, Grad Norms near zero: 12, Lx 0.2727, Lu 0.0263, Pentalty 0.4609, loss 0.3452
Epoch 2, Batch 625/633, Grad Norms near zero: 13, Lx 0.3850, Lu 0.0263, Pentalty 0.4946, loss 0.4607
Epoch 2, Batch 626/633, Grad Norms near zero: 23, Lx 0.2672, Lu 0.0180, Pentalty 0.4993, loss 0.3351
Epoch 2, Batch 627/633, Grad Norms near zero: 19, Lx 0.1633, Lu 0.0051, Pentalty 0.5823, loss 0.2267
Epoch 2, Batch 628/633, Grad Norms near zero: 12, Lx 0.3114, Lu 0.0166, Pentalty 0.4954, loss 0.3775
Epoch 2, Batch 629/633, Grad Norms near zero: 21, Lx 0.2523, Lu 0.0164, Pentalty 0.5220, loss 0.3209
Epoch 2, Batch 630/633, Grad Norms near zero: 14, Lx 0.2867, Lu 0.0290, Pentalty 0.4581, loss 0.3615
Epoch 2, Batch 631/633, Grad Norms near zero: 15, Lx 0.3003, Lu 0.0194, Pentalty 0.5092, loss 0.3706
Epoch 2, Batch 632/633, Grad Norms near zero: 13, Lx 0.3545, Lu 0.0232, Pentalty 0.4720, loss 0.4249
Epoch 2, Batch 633/633, Grad Norms near zero: 14, Lx 0.3383, Lu 0.0075, Pentalty 0.5204, loss 0.3978
Evaluating models at epoch 2
Test data size: 10000
Epoch: 2, Test Accuracy: 0.4962, Test F1 Score: 0.3292
Evaluating training data at epoch 2 for Model 1
Evaluating training data at epoch 2 for Model 2
Training for Network 1
labelled data size: 19773
unlabelled data size: 20227
Epoch 3, Batch 1/618, Grad Norms near zero: 12, Lx 2.3557, Lu 3.8539, Pentalty 0.5904, loss 6.2686
Epoch 3, Batch 2/618, Grad Norms near zero: 12, Lx 1.6431, Lu 2.3183, Pentalty 0.3046, loss 3.9918
Epoch 3, Batch 3/618, Grad Norms near zero: 12, Lx 1.1191, Lu 1.8152, Pentalty 0.1011, loss 2.9444
Epoch 3, Batch 4/618, Grad Norms near zero: 12, Lx 0.7810, Lu 0.9121, Pentalty 0.0062, loss 1.6937
Epoch 3, Batch 5/618, Grad Norms near zero: 12, Lx 0.5385, Lu 0.3545, Pentalty 0.0459, loss 0.8975
Epoch 3, Batch 6/618, Grad Norms near zero: 12, Lx 0.4227, Lu 0.1090, Pentalty 0.2712, loss 0.5589
Epoch 3, Batch 7/618, Grad Norms near zero: 12, Lx 0.4061, Lu 0.1535, Pentalty 0.5043, loss 0.6101
Epoch 3, Batch 8/618, Grad Norms near zero: 12, Lx 0.3728, Lu 0.0413, Pentalty 0.7803, loss 0.4921
Epoch 3, Batch 9/618, Grad Norms near zero: 12, Lx 0.2028, Lu 0.0246, Pentalty 1.0037, loss 0.3278
Epoch 3, Batch 10/618, Grad Norms near zero: 12, Lx 0.4666, Lu 0.0470, Pentalty 1.2242, loss 0.6360
Epoch 3, Batch 11/618, Grad Norms near zero: 12, Lx 0.4487, Lu 0.0798, Pentalty 1.3020, loss 0.6587
Epoch 3, Batch 12/618, Grad Norms near zero: 12, Lx 0.6849, Lu 0.1295, Pentalty 1.1212, loss 0.9265
Epoch 3, Batch 13/618, Grad Norms near zero: 12, Lx 0.6249, Lu 0.1158, Pentalty 1.3052, loss 0.8713
Epoch 3, Batch 14/618, Grad Norms near zero: 12, Lx 0.6370, Lu 0.1787, Pentalty 1.1518, loss 0.9310
Epoch 3, Batch 15/618, Grad Norms near zero: 12, Lx 0.4815, Lu 0.1762, Pentalty 0.6828, loss 0.7259
Epoch 3, Batch 16/618, Grad Norms near zero: 13, Lx 0.2780, Lu 0.0594, Pentalty 0.5084, loss 0.3882
Epoch 3, Batch 17/618, Grad Norms near zero: 12, Lx 0.4043, Lu 0.1160, Pentalty 0.3647, loss 0.5568
Epoch 3, Batch 18/618, Grad Norms near zero: 12, Lx 0.4362, Lu 0.1488, Pentalty 0.1889, loss 0.6039
Epoch 3, Batch 19/618, Grad Norms near zero: 12, Lx 0.4822, Lu 0.3182, Pentalty 0.1260, loss 0.8130
Epoch 3, Batch 20/618, Grad Norms near zero: 12, Lx 0.3602, Lu 0.1208, Pentalty 0.2451, loss 0.5055
Epoch 3, Batch 21/618, Grad Norms near zero: 12, Lx 0.4025, Lu 0.1528, Pentalty 0.2790, loss 0.5832
Epoch 3, Batch 22/618, Grad Norms near zero: 12, Lx 0.3361, Lu 0.0682, Pentalty 0.3862, loss 0.4430
Epoch 3, Batch 23/618, Grad Norms near zero: 13, Lx 0.4504, Lu 0.1373, Pentalty 0.4231, loss 0.6300
Epoch 3, Batch 24/618, Grad Norms near zero: 12, Lx 0.3626, Lu 0.1435, Pentalty 0.6008, loss 0.5663
Epoch 3, Batch 25/618, Grad Norms near zero: 12, Lx 0.3170, Lu 0.1114, Pentalty 0.5417, loss 0.4826
Epoch 3, Batch 26/618, Grad Norms near zero: 12, Lx 0.3262, Lu 0.0302, Pentalty 0.6988, loss 0.4263
Epoch 3, Batch 27/618, Grad Norms near zero: 12, Lx 0.4133, Lu 0.1046, Pentalty 0.6298, loss 0.5809
Epoch 3, Batch 28/618, Grad Norms near zero: 12, Lx 0.4454, Lu 0.1322, Pentalty 0.5567, loss 0.6333
Epoch 3, Batch 29/618, Grad Norms near zero: 12, Lx 0.4541, Lu 0.0989, Pentalty 0.5420, loss 0.6072
Epoch 3, Batch 30/618, Grad Norms near zero: 12, Lx 0.5598, Lu 0.1529, Pentalty 0.6387, loss 0.7766
Epoch 3, Batch 31/618, Grad Norms near zero: 12, Lx 0.3167, Lu 0.0575, Pentalty 0.4150, loss 0.4157
Epoch 3, Batch 32/618, Grad Norms near zero: 12, Lx 0.3886, Lu 0.0895, Pentalty 0.3686, loss 0.5150
Epoch 3, Batch 33/618, Grad Norms near zero: 12, Lx 0.3456, Lu 0.1159, Pentalty 0.3410, loss 0.4956
Epoch 3, Batch 34/618, Grad Norms near zero: 12, Lx 0.4156, Lu 0.1343, Pentalty 0.2675, loss 0.5767
Epoch 3, Batch 35/618, Grad Norms near zero: 12, Lx 0.4264, Lu 0.1417, Pentalty 0.2639, loss 0.5945
Epoch 3, Batch 36/618, Grad Norms near zero: 12, Lx 0.3902, Lu 0.1157, Pentalty 0.3099, loss 0.5369
Epoch 3, Batch 37/618, Grad Norms near zero: 12, Lx 0.2610, Lu 0.1284, Pentalty 0.2853, loss 0.4180
Epoch 3, Batch 38/618, Grad Norms near zero: 12, Lx 0.3834, Lu 0.0720, Pentalty 0.3511, loss 0.4906
Epoch 3, Batch 39/618, Grad Norms near zero: 12, Lx 0.4016, Lu 0.0912, Pentalty 0.3797, loss 0.5307
Epoch 3, Batch 40/618, Grad Norms near zero: 13, Lx 0.4095, Lu 0.0820, Pentalty 0.4397, loss 0.5355
Epoch 3, Batch 41/618, Grad Norms near zero: 13, Lx 0.4195, Lu 0.0817, Pentalty 0.5075, loss 0.5519
Epoch 3, Batch 42/618, Grad Norms near zero: 12, Lx 0.2232, Lu 0.0415, Pentalty 0.4887, loss 0.3136
Epoch 3, Batch 43/618, Grad Norms near zero: 12, Lx 0.3547, Lu 0.1604, Pentalty 0.6055, loss 0.5756
Epoch 3, Batch 44/618, Grad Norms near zero: 12, Lx 0.3577, Lu 0.0762, Pentalty 0.5726, loss 0.4912
Epoch 3, Batch 45/618, Grad Norms near zero: 12, Lx 0.4408, Lu 0.1360, Pentalty 0.5969, loss 0.6365
Epoch 3, Batch 46/618, Grad Norms near zero: 12, Lx 0.1864, Lu 0.0341, Pentalty 0.5362, loss 0.2741
Epoch 3, Batch 47/618, Grad Norms near zero: 13, Lx 0.3086, Lu 0.0414, Pentalty 0.4939, loss 0.3994
Epoch 3, Batch 48/618, Grad Norms near zero: 14, Lx 0.2847, Lu 0.0394, Pentalty 0.5600, loss 0.3801
Epoch 3, Batch 49/618, Grad Norms near zero: 13, Lx 0.1934, Lu 0.0376, Pentalty 0.5392, loss 0.2850
Epoch 3, Batch 50/618, Grad Norms near zero: 14, Lx 0.2799, Lu 0.0375, Pentalty 0.5562, loss 0.3729
Epoch 3, Batch 51/618, Grad Norms near zero: 13, Lx 0.2701, Lu 0.0428, Pentalty 0.5389, loss 0.3668
Epoch 3, Batch 52/618, Grad Norms near zero: 12, Lx 0.3918, Lu 0.0670, Pentalty 0.5187, loss 0.5108
Epoch 3, Batch 53/618, Grad Norms near zero: 12, Lx 0.4349, Lu 0.1326, Pentalty 0.5226, loss 0.6198
Epoch 3, Batch 54/618, Grad Norms near zero: 12, Lx 0.1864, Lu 0.0166, Pentalty 0.5302, loss 0.2560
Epoch 3, Batch 55/618, Grad Norms near zero: 12, Lx 0.2663, Lu 0.0381, Pentalty 0.4939, loss 0.3537
Epoch 3, Batch 56/618, Grad Norms near zero: 13, Lx 0.4021, Lu 0.0974, Pentalty 0.5047, loss 0.5500
Epoch 3, Batch 57/618, Grad Norms near zero: 13, Lx 0.3619, Lu 0.0806, Pentalty 0.5044, loss 0.4929
Epoch 3, Batch 58/618, Grad Norms near zero: 12, Lx 0.3792, Lu 0.1140, Pentalty 0.4383, loss 0.5370
Epoch 3, Batch 59/618, Grad Norms near zero: 12, Lx 0.4025, Lu 0.1140, Pentalty 0.4230, loss 0.5587
Epoch 3, Batch 60/618, Grad Norms near zero: 14, Lx 0.3896, Lu 0.1133, Pentalty 0.3857, loss 0.5415
Epoch 3, Batch 61/618, Grad Norms near zero: 12, Lx 0.3067, Lu 0.0543, Pentalty 0.3303, loss 0.3940
Epoch 3, Batch 62/618, Grad Norms near zero: 13, Lx 0.3455, Lu 0.0718, Pentalty 0.3652, loss 0.4538
Epoch 3, Batch 63/618, Grad Norms near zero: 13, Lx 0.3678, Lu 0.0983, Pentalty 0.3289, loss 0.4990
Epoch 3, Batch 64/618, Grad Norms near zero: 12, Lx 0.3017, Lu 0.0570, Pentalty 0.3288, loss 0.3916
Epoch 3, Batch 65/618, Grad Norms near zero: 14, Lx 0.4304, Lu 0.1080, Pentalty 0.3306, loss 0.5715
Epoch 3, Batch 66/618, Grad Norms near zero: 13, Lx 0.4336, Lu 0.0912, Pentalty 0.3501, loss 0.5598
Epoch 3, Batch 67/618, Grad Norms near zero: 12, Lx 0.3704, Lu 0.0671, Pentalty 0.3606, loss 0.4735
Epoch 3, Batch 68/618, Grad Norms near zero: 12, Lx 0.2288, Lu 0.0494, Pentalty 0.3850, loss 0.3167
Epoch 3, Batch 69/618, Grad Norms near zero: 12, Lx 0.2562, Lu 0.0416, Pentalty 0.4183, loss 0.3396
Epoch 3, Batch 70/618, Grad Norms near zero: 13, Lx 0.3716, Lu 0.0510, Pentalty 0.4468, loss 0.4673
Epoch 3, Batch 71/618, Grad Norms near zero: 12, Lx 0.3048, Lu 0.0525, Pentalty 0.5216, loss 0.4095
Epoch 3, Batch 72/618, Grad Norms near zero: 14, Lx 0.2129, Lu 0.0326, Pentalty 0.5370, loss 0.2992
Epoch 3, Batch 73/618, Grad Norms near zero: 12, Lx 0.4593, Lu 0.1096, Pentalty 0.5632, loss 0.6252
Epoch 3, Batch 74/618, Grad Norms near zero: 12, Lx 0.3442, Lu 0.0544, Pentalty 0.5920, loss 0.4578
Epoch 3, Batch 75/618, Grad Norms near zero: 13, Lx 0.3509, Lu 0.0566, Pentalty 0.5615, loss 0.4636
Epoch 3, Batch 76/618, Grad Norms near zero: 12, Lx 0.1935, Lu 0.0319, Pentalty 0.5611, loss 0.2815
Epoch 3, Batch 77/618, Grad Norms near zero: 13, Lx 0.3172, Lu 0.0408, Pentalty 0.5612, loss 0.4141
Epoch 3, Batch 78/618, Grad Norms near zero: 13, Lx 0.4176, Lu 0.1027, Pentalty 0.5216, loss 0.5725
Epoch 3, Batch 79/618, Grad Norms near zero: 14, Lx 0.3029, Lu 0.0362, Pentalty 0.4859, loss 0.3877
Epoch 3, Batch 80/618, Grad Norms near zero: 13, Lx 0.3878, Lu 0.1059, Pentalty 0.4668, loss 0.5404
Epoch 3, Batch 81/618, Grad Norms near zero: 13, Lx 0.2761, Lu 0.0385, Pentalty 0.4488, loss 0.3595
Epoch 3, Batch 82/618, Grad Norms near zero: 13, Lx 0.3851, Lu 0.0951, Pentalty 0.4387, loss 0.5240
Epoch 3, Batch 83/618, Grad Norms near zero: 13, Lx 0.4471, Lu 0.0966, Pentalty 0.4221, loss 0.5859
Epoch 3, Batch 84/618, Grad Norms near zero: 13, Lx 0.2890, Lu 0.0545, Pentalty 0.3822, loss 0.3817
Epoch 3, Batch 85/618, Grad Norms near zero: 13, Lx 0.3820, Lu 0.0750, Pentalty 0.3496, loss 0.4920
Epoch 3, Batch 86/618, Grad Norms near zero: 12, Lx 0.2929, Lu 0.0612, Pentalty 0.3532, loss 0.3895
Epoch 3, Batch 87/618, Grad Norms near zero: 12, Lx 0.4022, Lu 0.1058, Pentalty 0.3575, loss 0.5437
Epoch 3, Batch 88/618, Grad Norms near zero: 12, Lx 0.3402, Lu 0.0818, Pentalty 0.3335, loss 0.4554
Epoch 3, Batch 89/618, Grad Norms near zero: 13, Lx 0.2883, Lu 0.0379, Pentalty 0.3537, loss 0.3616
Epoch 3, Batch 90/618, Grad Norms near zero: 13, Lx 0.3465, Lu 0.0532, Pentalty 0.3676, loss 0.4365
Epoch 3, Batch 91/618, Grad Norms near zero: 12, Lx 0.2246, Lu 0.0355, Pentalty 0.3919, loss 0.2993
Epoch 3, Batch 92/618, Grad Norms near zero: 14, Lx 0.3369, Lu 0.0584, Pentalty 0.4512, loss 0.4403
Epoch 3, Batch 93/618, Grad Norms near zero: 12, Lx 0.2125, Lu 0.0372, Pentalty 0.4721, loss 0.2968
Epoch 3, Batch 94/618, Grad Norms near zero: 13, Lx 0.4404, Lu 0.0832, Pentalty 0.5280, loss 0.5764
Epoch 3, Batch 95/618, Grad Norms near zero: 12, Lx 0.3717, Lu 0.1347, Pentalty 0.5288, loss 0.5592
Epoch 3, Batch 96/618, Grad Norms near zero: 13, Lx 0.3068, Lu 0.0692, Pentalty 0.5346, loss 0.4295
Epoch 3, Batch 97/618, Grad Norms near zero: 13, Lx 0.3191, Lu 0.0353, Pentalty 0.5466, loss 0.4090
Epoch 3, Batch 98/618, Grad Norms near zero: 12, Lx 0.4501, Lu 0.0739, Pentalty 0.5151, loss 0.5755
Epoch 3, Batch 99/618, Grad Norms near zero: 12, Lx 0.3700, Lu 0.0813, Pentalty 0.5206, loss 0.5033
Epoch 3, Batch 100/618, Grad Norms near zero: 12, Lx 0.2008, Lu 0.0315, Pentalty 0.4987, loss 0.2822
Epoch 3, Batch 101/618, Grad Norms near zero: 12, Lx 0.3888, Lu 0.1428, Pentalty 0.4486, loss 0.5765
Epoch 3, Batch 102/618, Grad Norms near zero: 12, Lx 0.3897, Lu 0.0847, Pentalty 0.4047, loss 0.5148
Epoch 3, Batch 103/618, Grad Norms near zero: 12, Lx 0.2120, Lu 0.0432, Pentalty 0.4263, loss 0.2979
Epoch 3, Batch 104/618, Grad Norms near zero: 12, Lx 0.3572, Lu 0.0887, Pentalty 0.3920, loss 0.4851
Epoch 3, Batch 105/618, Grad Norms near zero: 12, Lx 0.3383, Lu 0.0528, Pentalty 0.3603, loss 0.4271
Epoch 3, Batch 106/618, Grad Norms near zero: 14, Lx 0.3352, Lu 0.0851, Pentalty 0.4121, loss 0.4615
Epoch 3, Batch 107/618, Grad Norms near zero: 12, Lx 0.3535, Lu 0.0738, Pentalty 0.3752, loss 0.4648
Epoch 3, Batch 108/618, Grad Norms near zero: 14, Lx 0.3068, Lu 0.0640, Pentalty 0.4189, loss 0.4127
Epoch 3, Batch 109/618, Grad Norms near zero: 12, Lx 0.2458, Lu 0.0446, Pentalty 0.4292, loss 0.3333
Epoch 3, Batch 110/618, Grad Norms near zero: 12, Lx 0.4825, Lu 0.1214, Pentalty 0.4666, loss 0.6505
Epoch 3, Batch 111/618, Grad Norms near zero: 13, Lx 0.3773, Lu 0.0510, Pentalty 0.4435, loss 0.4726
Epoch 3, Batch 112/618, Grad Norms near zero: 12, Lx 0.2774, Lu 0.0600, Pentalty 0.3765, loss 0.3750
Epoch 3, Batch 113/618, Grad Norms near zero: 12, Lx 0.3817, Lu 0.0710, Pentalty 0.3967, loss 0.4924
Epoch 3, Batch 114/618, Grad Norms near zero: 12, Lx 0.4831, Lu 0.1062, Pentalty 0.4079, loss 0.6301
Epoch 3, Batch 115/618, Grad Norms near zero: 14, Lx 0.3528, Lu 0.0587, Pentalty 0.4141, loss 0.4529
Epoch 3, Batch 116/618, Grad Norms near zero: 12, Lx 0.2658, Lu 0.0559, Pentalty 0.3956, loss 0.3613
Epoch 3, Batch 117/618, Grad Norms near zero: 12, Lx 0.3016, Lu 0.0480, Pentalty 0.3870, loss 0.3883
Epoch 3, Batch 118/618, Grad Norms near zero: 12, Lx 0.4577, Lu 0.1087, Pentalty 0.4030, loss 0.6067
Epoch 3, Batch 119/618, Grad Norms near zero: 13, Lx 0.3950, Lu 0.0993, Pentalty 0.3739, loss 0.5317
Epoch 3, Batch 120/618, Grad Norms near zero: 13, Lx 0.3134, Lu 0.0990, Pentalty 0.3807, loss 0.4506
Epoch 3, Batch 121/618, Grad Norms near zero: 12, Lx 0.4461, Lu 0.0832, Pentalty 0.3798, loss 0.5672
Epoch 3, Batch 122/618, Grad Norms near zero: 12, Lx 0.2655, Lu 0.0538, Pentalty 0.3939, loss 0.3587
Epoch 3, Batch 123/618, Grad Norms near zero: 13, Lx 0.3230, Lu 0.0516, Pentalty 0.4033, loss 0.4149
Epoch 3, Batch 124/618, Grad Norms near zero: 12, Lx 0.3734, Lu 0.0865, Pentalty 0.3890, loss 0.4988
Epoch 3, Batch 125/618, Grad Norms near zero: 12, Lx 0.4338, Lu 0.0998, Pentalty 0.4053, loss 0.5742
Epoch 3, Batch 126/618, Grad Norms near zero: 13, Lx 0.3691, Lu 0.1054, Pentalty 0.4381, loss 0.5183
Epoch 3, Batch 127/618, Grad Norms near zero: 12, Lx 0.4126, Lu 0.1135, Pentalty 0.3852, loss 0.5646
Epoch 3, Batch 128/618, Grad Norms near zero: 13, Lx 0.3287, Lu 0.0907, Pentalty 0.4109, loss 0.4604
Epoch 3, Batch 129/618, Grad Norms near zero: 13, Lx 0.4502, Lu 0.1073, Pentalty 0.3709, loss 0.5946
Epoch 3, Batch 130/618, Grad Norms near zero: 14, Lx 0.4180, Lu 0.1083, Pentalty 0.3552, loss 0.5618
Epoch 3, Batch 131/618, Grad Norms near zero: 12, Lx 0.3435, Lu 0.0620, Pentalty 0.3252, loss 0.4380
Epoch 3, Batch 132/618, Grad Norms near zero: 12, Lx 0.3072, Lu 0.0815, Pentalty 0.2857, loss 0.4173
Epoch 3, Batch 133/618, Grad Norms near zero: 13, Lx 0.3686, Lu 0.0903, Pentalty 0.3300, loss 0.4918
Epoch 3, Batch 134/618, Grad Norms near zero: 12, Lx 0.3968, Lu 0.0943, Pentalty 0.2868, loss 0.5198
Epoch 3, Batch 135/618, Grad Norms near zero: 12, Lx 0.3014, Lu 0.0730, Pentalty 0.3307, loss 0.4075
Epoch 3, Batch 136/618, Grad Norms near zero: 12, Lx 0.2674, Lu 0.0483, Pentalty 0.3439, loss 0.3501
Epoch 3, Batch 137/618, Grad Norms near zero: 12, Lx 0.4300, Lu 0.0873, Pentalty 0.3573, loss 0.5531
Epoch 3, Batch 138/618, Grad Norms near zero: 12, Lx 0.4939, Lu 0.0966, Pentalty 0.3874, loss 0.6291
Epoch 3, Batch 139/618, Grad Norms near zero: 13, Lx 0.4145, Lu 0.0872, Pentalty 0.4198, loss 0.5437
Epoch 3, Batch 140/618, Grad Norms near zero: 12, Lx 0.4488, Lu 0.0829, Pentalty 0.4379, loss 0.5755
Epoch 3, Batch 141/618, Grad Norms near zero: 12, Lx 0.3977, Lu 0.0733, Pentalty 0.3976, loss 0.5108
Epoch 3, Batch 142/618, Grad Norms near zero: 13, Lx 0.3102, Lu 0.0408, Pentalty 0.4168, loss 0.3927
Epoch 3, Batch 143/618, Grad Norms near zero: 12, Lx 0.2298, Lu 0.0294, Pentalty 0.4505, loss 0.3043
Epoch 3, Batch 144/618, Grad Norms near zero: 12, Lx 0.3798, Lu 0.0933, Pentalty 0.3847, loss 0.5116
Epoch 3, Batch 145/618, Grad Norms near zero: 12, Lx 0.1986, Lu 0.0262, Pentalty 0.4869, loss 0.2734
Epoch 3, Batch 146/618, Grad Norms near zero: 12, Lx 0.3254, Lu 0.0482, Pentalty 0.4332, loss 0.4169
Epoch 3, Batch 147/618, Grad Norms near zero: 12, Lx 0.3702, Lu 0.0941, Pentalty 0.4146, loss 0.5058
Epoch 3, Batch 148/618, Grad Norms near zero: 12, Lx 0.3185, Lu 0.0732, Pentalty 0.4338, loss 0.4350
Epoch 3, Batch 149/618, Grad Norms near zero: 13, Lx 0.4149, Lu 0.1044, Pentalty 0.5232, loss 0.5716
Epoch 3, Batch 150/618, Grad Norms near zero: 12, Lx 0.3124, Lu 0.0441, Pentalty 0.5250, loss 0.4089
Epoch 3, Batch 151/618, Grad Norms near zero: 13, Lx 0.2693, Lu 0.0496, Pentalty 0.5266, loss 0.3716
Epoch 3, Batch 152/618, Grad Norms near zero: 12, Lx 0.3863, Lu 0.0545, Pentalty 0.5107, loss 0.4920
Epoch 3, Batch 153/618, Grad Norms near zero: 13, Lx 0.3905, Lu 0.0614, Pentalty 0.5043, loss 0.5024
Epoch 3, Batch 154/618, Grad Norms near zero: 12, Lx 0.4146, Lu 0.0815, Pentalty 0.4001, loss 0.5361
Epoch 3, Batch 155/618, Grad Norms near zero: 13, Lx 0.2870, Lu 0.0537, Pentalty 0.4774, loss 0.3884
Epoch 3, Batch 156/618, Grad Norms near zero: 12, Lx 0.3113, Lu 0.0510, Pentalty 0.3985, loss 0.4021
Epoch 3, Batch 157/618, Grad Norms near zero: 12, Lx 0.3108, Lu 0.0580, Pentalty 0.3698, loss 0.4058
Epoch 3, Batch 158/618, Grad Norms near zero: 12, Lx 0.4101, Lu 0.0850, Pentalty 0.4402, loss 0.5391
Epoch 3, Batch 159/618, Grad Norms near zero: 13, Lx 0.2936, Lu 0.0437, Pentalty 0.4600, loss 0.3832
Epoch 3, Batch 160/618, Grad Norms near zero: 12, Lx 0.2273, Lu 0.0445, Pentalty 0.3979, loss 0.3116
Epoch 3, Batch 161/618, Grad Norms near zero: 12, Lx 0.3344, Lu 0.0790, Pentalty 0.3600, loss 0.4494
Epoch 3, Batch 162/618, Grad Norms near zero: 13, Lx 0.4180, Lu 0.0640, Pentalty 0.4381, loss 0.5257
Epoch 3, Batch 163/618, Grad Norms near zero: 12, Lx 0.2604, Lu 0.0388, Pentalty 0.4470, loss 0.3439
Epoch 3, Batch 164/618, Grad Norms near zero: 14, Lx 0.2928, Lu 0.0613, Pentalty 0.4621, loss 0.4003
Epoch 3, Batch 165/618, Grad Norms near zero: 12, Lx 0.3438, Lu 0.0776, Pentalty 0.4751, loss 0.4689
Epoch 3, Batch 166/618, Grad Norms near zero: 12, Lx 0.2435, Lu 0.0291, Pentalty 0.4874, loss 0.3214
Epoch 3, Batch 167/618, Grad Norms near zero: 12, Lx 0.2334, Lu 0.0461, Pentalty 0.4970, loss 0.3292
Epoch 3, Batch 168/618, Grad Norms near zero: 13, Lx 0.3530, Lu 0.0442, Pentalty 0.5135, loss 0.4486
Epoch 3, Batch 169/618, Grad Norms near zero: 13, Lx 0.4087, Lu 0.0941, Pentalty 0.4994, loss 0.5528
Epoch 3, Batch 170/618, Grad Norms near zero: 13, Lx 0.2641, Lu 0.0326, Pentalty 0.5000, loss 0.3468
Epoch 3, Batch 171/618, Grad Norms near zero: 12, Lx 0.3488, Lu 0.0905, Pentalty 0.4821, loss 0.4875
Epoch 3, Batch 172/618, Grad Norms near zero: 13, Lx 0.4383, Lu 0.0952, Pentalty 0.4913, loss 0.5826
Epoch 3, Batch 173/618, Grad Norms near zero: 12, Lx 0.4283, Lu 0.0882, Pentalty 0.4701, loss 0.5635
Epoch 3, Batch 174/618, Grad Norms near zero: 12, Lx 0.4584, Lu 0.0867, Pentalty 0.4435, loss 0.5895
Epoch 3, Batch 175/618, Grad Norms near zero: 12, Lx 0.2108, Lu 0.0371, Pentalty 0.4416, loss 0.2921
Epoch 3, Batch 176/618, Grad Norms near zero: 13, Lx 0.4157, Lu 0.1065, Pentalty 0.3872, loss 0.5609
Epoch 3, Batch 177/618, Grad Norms near zero: 12, Lx 0.4948, Lu 0.1383, Pentalty 0.3788, loss 0.6709
Epoch 3, Batch 178/618, Grad Norms near zero: 13, Lx 0.4030, Lu 0.0987, Pentalty 0.3438, loss 0.5361
Epoch 3, Batch 179/618, Grad Norms near zero: 14, Lx 0.4376, Lu 0.0760, Pentalty 0.3149, loss 0.5451
Epoch 3, Batch 180/618, Grad Norms near zero: 12, Lx 0.3143, Lu 0.0805, Pentalty 0.3140, loss 0.4261
Epoch 3, Batch 181/618, Grad Norms near zero: 13, Lx 0.2931, Lu 0.0938, Pentalty 0.2963, loss 0.4165
Epoch 3, Batch 182/618, Grad Norms near zero: 13, Lx 0.4104, Lu 0.0623, Pentalty 0.3011, loss 0.5028
Epoch 3, Batch 183/618, Grad Norms near zero: 13, Lx 0.3354, Lu 0.0661, Pentalty 0.3175, loss 0.4333
Epoch 3, Batch 184/618, Grad Norms near zero: 12, Lx 0.3503, Lu 0.0694, Pentalty 0.3270, loss 0.4524
Epoch 3, Batch 185/618, Grad Norms near zero: 12, Lx 0.3299, Lu 0.0505, Pentalty 0.3560, loss 0.4160
Epoch 3, Batch 186/618, Grad Norms near zero: 13, Lx 0.3358, Lu 0.0684, Pentalty 0.3816, loss 0.4424
Epoch 3, Batch 187/618, Grad Norms near zero: 13, Lx 0.4084, Lu 0.1091, Pentalty 0.4001, loss 0.5575
Epoch 3, Batch 188/618, Grad Norms near zero: 12, Lx 0.4361, Lu 0.1315, Pentalty 0.3989, loss 0.6074
Epoch 3, Batch 189/618, Grad Norms near zero: 13, Lx 0.4326, Lu 0.1116, Pentalty 0.4015, loss 0.5844
Epoch 3, Batch 190/618, Grad Norms near zero: 12, Lx 0.4329, Lu 0.1172, Pentalty 0.4028, loss 0.5904
Epoch 3, Batch 191/618, Grad Norms near zero: 13, Lx 0.3369, Lu 0.0566, Pentalty 0.4055, loss 0.4340
Epoch 3, Batch 192/618, Grad Norms near zero: 12, Lx 0.2291, Lu 0.0435, Pentalty 0.4147, loss 0.3140
Epoch 3, Batch 193/618, Grad Norms near zero: 12, Lx 0.3676, Lu 0.0970, Pentalty 0.3808, loss 0.5026
Epoch 3, Batch 194/618, Grad Norms near zero: 13, Lx 0.4057, Lu 0.0860, Pentalty 0.3669, loss 0.5283
Epoch 3, Batch 195/618, Grad Norms near zero: 12, Lx 0.3748, Lu 0.0697, Pentalty 0.3684, loss 0.4814
Epoch 3, Batch 196/618, Grad Norms near zero: 13, Lx 0.2851, Lu 0.0401, Pentalty 0.3809, loss 0.3633
Epoch 3, Batch 197/618, Grad Norms near zero: 12, Lx 0.2071, Lu 0.0629, Pentalty 0.4129, loss 0.3113
Epoch 3, Batch 198/618, Grad Norms near zero: 12, Lx 0.3572, Lu 0.0967, Pentalty 0.3961, loss 0.4934
Epoch 3, Batch 199/618, Grad Norms near zero: 13, Lx 0.2711, Lu 0.0436, Pentalty 0.4232, loss 0.3571
Epoch 3, Batch 200/618, Grad Norms near zero: 14, Lx 0.2748, Lu 0.0316, Pentalty 0.4486, loss 0.3512
Epoch 3, Batch 201/618, Grad Norms near zero: 12, Lx 0.4285, Lu 0.1034, Pentalty 0.4319, loss 0.5750
Epoch 3, Batch 202/618, Grad Norms near zero: 12, Lx 0.3456, Lu 0.0784, Pentalty 0.4312, loss 0.4671
Epoch 3, Batch 203/618, Grad Norms near zero: 12, Lx 0.2914, Lu 0.0527, Pentalty 0.4581, loss 0.3899
Epoch 3, Batch 204/618, Grad Norms near zero: 13, Lx 0.3556, Lu 0.0690, Pentalty 0.4436, loss 0.4689
Epoch 3, Batch 205/618, Grad Norms near zero: 12, Lx 0.3639, Lu 0.1118, Pentalty 0.4421, loss 0.5199
Epoch 3, Batch 206/618, Grad Norms near zero: 12, Lx 0.3525, Lu 0.0803, Pentalty 0.4118, loss 0.4740
Epoch 3, Batch 207/618, Grad Norms near zero: 12, Lx 0.2119, Lu 0.0309, Pentalty 0.4389, loss 0.2867
Epoch 3, Batch 208/618, Grad Norms near zero: 13, Lx 0.3316, Lu 0.0640, Pentalty 0.3925, loss 0.4349
Epoch 3, Batch 209/618, Grad Norms near zero: 13, Lx 0.3536, Lu 0.0761, Pentalty 0.3900, loss 0.4688
Epoch 3, Batch 210/618, Grad Norms near zero: 13, Lx 0.3921, Lu 0.0881, Pentalty 0.3994, loss 0.5201
Epoch 3, Batch 211/618, Grad Norms near zero: 12, Lx 0.2794, Lu 0.0387, Pentalty 0.4175, loss 0.3599
Epoch 3, Batch 212/618, Grad Norms near zero: 12, Lx 0.2237, Lu 0.0310, Pentalty 0.4400, loss 0.2987
Epoch 3, Batch 213/618, Grad Norms near zero: 12, Lx 0.3754, Lu 0.0743, Pentalty 0.3893, loss 0.4886
Epoch 3, Batch 214/618, Grad Norms near zero: 13, Lx 0.4179, Lu 0.1139, Pentalty 0.4220, loss 0.5740
Epoch 3, Batch 215/618, Grad Norms near zero: 12, Lx 0.2403, Lu 0.0322, Pentalty 0.4404, loss 0.3165
Epoch 3, Batch 216/618, Grad Norms near zero: 12, Lx 0.2829, Lu 0.0415, Pentalty 0.4175, loss 0.3662
Epoch 3, Batch 217/618, Grad Norms near zero: 13, Lx 0.4138, Lu 0.1133, Pentalty 0.3830, loss 0.5655
Epoch 3, Batch 218/618, Grad Norms near zero: 13, Lx 0.3732, Lu 0.0754, Pentalty 0.3937, loss 0.4879
Epoch 3, Batch 219/618, Grad Norms near zero: 13, Lx 0.3974, Lu 0.0828, Pentalty 0.3835, loss 0.5185
Epoch 3, Batch 220/618, Grad Norms near zero: 13, Lx 0.3031, Lu 0.0615, Pentalty 0.3847, loss 0.4031
Epoch 3, Batch 221/618, Grad Norms near zero: 12, Lx 0.2200, Lu 0.0357, Pentalty 0.4389, loss 0.2997
Epoch 3, Batch 222/618, Grad Norms near zero: 12, Lx 0.3137, Lu 0.0582, Pentalty 0.4039, loss 0.4123
Epoch 3, Batch 223/618, Grad Norms near zero: 12, Lx 0.3471, Lu 0.1074, Pentalty 0.3842, loss 0.4929
Epoch 3, Batch 224/618, Grad Norms near zero: 13, Lx 0.4144, Lu 0.0947, Pentalty 0.3860, loss 0.5477
Epoch 3, Batch 225/618, Grad Norms near zero: 12, Lx 0.5000, Lu 0.1069, Pentalty 0.3782, loss 0.6447
Epoch 3, Batch 226/618, Grad Norms near zero: 13, Lx 0.4106, Lu 0.0799, Pentalty 0.3726, loss 0.5277
Epoch 3, Batch 227/618, Grad Norms near zero: 12, Lx 0.2795, Lu 0.0445, Pentalty 0.4165, loss 0.3656
Epoch 3, Batch 228/618, Grad Norms near zero: 12, Lx 0.3771, Lu 0.0552, Pentalty 0.3939, loss 0.4717
Epoch 3, Batch 229/618, Grad Norms near zero: 12, Lx 0.3318, Lu 0.0850, Pentalty 0.3783, loss 0.4546
Epoch 3, Batch 230/618, Grad Norms near zero: 13, Lx 0.3819, Lu 0.0929, Pentalty 0.4265, loss 0.5174
Epoch 3, Batch 231/618, Grad Norms near zero: 12, Lx 0.2862, Lu 0.0384, Pentalty 0.4116, loss 0.3658
Epoch 3, Batch 232/618, Grad Norms near zero: 12, Lx 0.3531, Lu 0.0925, Pentalty 0.3852, loss 0.4841
Epoch 3, Batch 233/618, Grad Norms near zero: 13, Lx 0.3065, Lu 0.0417, Pentalty 0.4259, loss 0.3907
Epoch 3, Batch 234/618, Grad Norms near zero: 13, Lx 0.4287, Lu 0.1235, Pentalty 0.3334, loss 0.5856
Epoch 3, Batch 235/618, Grad Norms near zero: 14, Lx 0.3554, Lu 0.0787, Pentalty 0.3970, loss 0.4739
Epoch 3, Batch 236/618, Grad Norms near zero: 13, Lx 0.4256, Lu 0.0881, Pentalty 0.4041, loss 0.5542
Epoch 3, Batch 237/618, Grad Norms near zero: 12, Lx 0.4101, Lu 0.0823, Pentalty 0.3370, loss 0.5261
Epoch 3, Batch 238/618, Grad Norms near zero: 13, Lx 0.4086, Lu 0.1124, Pentalty 0.3062, loss 0.5516
Epoch 3, Batch 239/618, Grad Norms near zero: 12, Lx 0.3372, Lu 0.0726, Pentalty 0.3199, loss 0.4418
Epoch 3, Batch 240/618, Grad Norms near zero: 14, Lx 0.3820, Lu 0.0873, Pentalty 0.3544, loss 0.5048
Epoch 3, Batch 241/618, Grad Norms near zero: 12, Lx 0.3614, Lu 0.0950, Pentalty 0.3061, loss 0.4870
Epoch 3, Batch 242/618, Grad Norms near zero: 13, Lx 0.4325, Lu 0.1132, Pentalty 0.3037, loss 0.5761
Epoch 3, Batch 243/618, Grad Norms near zero: 12, Lx 0.4006, Lu 0.1141, Pentalty 0.3191, loss 0.5467
Epoch 3, Batch 244/618, Grad Norms near zero: 12, Lx 0.4042, Lu 0.0873, Pentalty 0.3295, loss 0.5245
Epoch 3, Batch 245/618, Grad Norms near zero: 12, Lx 0.3927, Lu 0.0786, Pentalty 0.3492, loss 0.5062
Epoch 3, Batch 246/618, Grad Norms near zero: 13, Lx 0.3530, Lu 0.1077, Pentalty 0.3961, loss 0.5003
Epoch 3, Batch 247/618, Grad Norms near zero: 13, Lx 0.3092, Lu 0.0354, Pentalty 0.4060, loss 0.3853
Epoch 3, Batch 248/618, Grad Norms near zero: 14, Lx 0.3828, Lu 0.0863, Pentalty 0.3626, loss 0.5053
Epoch 3, Batch 249/618, Grad Norms near zero: 12, Lx 0.3742, Lu 0.0667, Pentalty 0.3794, loss 0.4789
Epoch 3, Batch 250/618, Grad Norms near zero: 12, Lx 0.5224, Lu 0.1165, Pentalty 0.4197, loss 0.6809
Epoch 3, Batch 251/618, Grad Norms near zero: 12, Lx 0.2904, Lu 0.0570, Pentalty 0.4115, loss 0.3885
Epoch 3, Batch 252/618, Grad Norms near zero: 12, Lx 0.3895, Lu 0.0742, Pentalty 0.3810, loss 0.5018
Epoch 3, Batch 253/618, Grad Norms near zero: 14, Lx 0.4345, Lu 0.0830, Pentalty 0.3728, loss 0.5548
Epoch 3, Batch 254/618, Grad Norms near zero: 12, Lx 0.4116, Lu 0.0928, Pentalty 0.3501, loss 0.5394
Epoch 3, Batch 255/618, Grad Norms near zero: 13, Lx 0.3663, Lu 0.1027, Pentalty 0.3863, loss 0.5076
Epoch 3, Batch 256/618, Grad Norms near zero: 14, Lx 0.3303, Lu 0.0898, Pentalty 0.3789, loss 0.4580
Epoch 3, Batch 257/618, Grad Norms near zero: 12, Lx 0.4061, Lu 0.1058, Pentalty 0.3540, loss 0.5473
Epoch 3, Batch 258/618, Grad Norms near zero: 12, Lx 0.3279, Lu 0.0593, Pentalty 0.3799, loss 0.4252
Epoch 3, Batch 259/618, Grad Norms near zero: 13, Lx 0.2997, Lu 0.0692, Pentalty 0.3458, loss 0.4036
Epoch 3, Batch 260/618, Grad Norms near zero: 12, Lx 0.2477, Lu 0.0354, Pentalty 0.4002, loss 0.3231
Epoch 3, Batch 261/618, Grad Norms near zero: 12, Lx 0.4021, Lu 0.0890, Pentalty 0.3696, loss 0.5281
Epoch 3, Batch 262/618, Grad Norms near zero: 12, Lx 0.3882, Lu 0.0956, Pentalty 0.4104, loss 0.5248
Epoch 3, Batch 263/618, Grad Norms near zero: 12, Lx 0.4914, Lu 0.1187, Pentalty 0.3296, loss 0.6431
Epoch 3, Batch 264/618, Grad Norms near zero: 14, Lx 0.3886, Lu 0.0550, Pentalty 0.3939, loss 0.4829
Epoch 3, Batch 265/618, Grad Norms near zero: 13, Lx 0.3765, Lu 0.1071, Pentalty 0.3751, loss 0.5210
Epoch 3, Batch 266/618, Grad Norms near zero: 13, Lx 0.3310, Lu 0.0506, Pentalty 0.3929, loss 0.4209
Epoch 3, Batch 267/618, Grad Norms near zero: 13, Lx 0.3740, Lu 0.0890, Pentalty 0.3736, loss 0.5003
Epoch 3, Batch 268/618, Grad Norms near zero: 12, Lx 0.3224, Lu 0.0523, Pentalty 0.3881, loss 0.4135
Epoch 3, Batch 269/618, Grad Norms near zero: 14, Lx 0.3521, Lu 0.0635, Pentalty 0.3751, loss 0.4531
Epoch 3, Batch 270/618, Grad Norms near zero: 12, Lx 0.3579, Lu 0.0809, Pentalty 0.3614, loss 0.4750
Epoch 3, Batch 271/618, Grad Norms near zero: 12, Lx 0.3642, Lu 0.0961, Pentalty 0.3601, loss 0.4963
Epoch 3, Batch 272/618, Grad Norms near zero: 12, Lx 0.4185, Lu 0.1182, Pentalty 0.3589, loss 0.5726
Epoch 3, Batch 273/618, Grad Norms near zero: 13, Lx 0.3717, Lu 0.0731, Pentalty 0.3652, loss 0.4813
Epoch 3, Batch 274/618, Grad Norms near zero: 13, Lx 0.3461, Lu 0.0755, Pentalty 0.3625, loss 0.4578
Epoch 3, Batch 275/618, Grad Norms near zero: 12, Lx 0.2905, Lu 0.0507, Pentalty 0.4008, loss 0.3813
Epoch 3, Batch 276/618, Grad Norms near zero: 13, Lx 0.3023, Lu 0.0380, Pentalty 0.4100, loss 0.3813
Epoch 3, Batch 277/618, Grad Norms near zero: 13, Lx 0.3261, Lu 0.0527, Pentalty 0.4226, loss 0.4211
Epoch 3, Batch 278/618, Grad Norms near zero: 12, Lx 0.2255, Lu 0.0345, Pentalty 0.4558, loss 0.3056
Epoch 3, Batch 279/618, Grad Norms near zero: 12, Lx 0.3912, Lu 0.0770, Pentalty 0.4285, loss 0.5110
Epoch 3, Batch 280/618, Grad Norms near zero: 13, Lx 0.3574, Lu 0.1108, Pentalty 0.4452, loss 0.5127
Epoch 3, Batch 281/618, Grad Norms near zero: 12, Lx 0.2709, Lu 0.0350, Pentalty 0.4853, loss 0.3544
Epoch 3, Batch 282/618, Grad Norms near zero: 12, Lx 0.4488, Lu 0.1205, Pentalty 0.4877, loss 0.6181
Epoch 3, Batch 283/618, Grad Norms near zero: 12, Lx 0.3766, Lu 0.0960, Pentalty 0.4848, loss 0.5210
Epoch 3, Batch 284/618, Grad Norms near zero: 12, Lx 0.2241, Lu 0.0264, Pentalty 0.5037, loss 0.3008
Epoch 3, Batch 285/618, Grad Norms near zero: 12, Lx 0.4541, Lu 0.0780, Pentalty 0.4247, loss 0.5745
Epoch 3, Batch 286/618, Grad Norms near zero: 12, Lx 0.3351, Lu 0.0553, Pentalty 0.4282, loss 0.4332
Epoch 3, Batch 287/618, Grad Norms near zero: 12, Lx 0.4063, Lu 0.0959, Pentalty 0.3960, loss 0.5418
Epoch 3, Batch 288/618, Grad Norms near zero: 13, Lx 0.4421, Lu 0.1002, Pentalty 0.3661, loss 0.5789
Epoch 3, Batch 289/618, Grad Norms near zero: 13, Lx 0.3567, Lu 0.0860, Pentalty 0.3499, loss 0.4777
Epoch 3, Batch 290/618, Grad Norms near zero: 13, Lx 0.4300, Lu 0.0971, Pentalty 0.2946, loss 0.5566
Epoch 3, Batch 291/618, Grad Norms near zero: 12, Lx 0.4164, Lu 0.0988, Pentalty 0.2907, loss 0.5443
Epoch 3, Batch 292/618, Grad Norms near zero: 12, Lx 0.2086, Lu 0.0651, Pentalty 0.3506, loss 0.3087
Epoch 3, Batch 293/618, Grad Norms near zero: 12, Lx 0.2581, Lu 0.0516, Pentalty 0.3331, loss 0.3430
Epoch 3, Batch 294/618, Grad Norms near zero: 12, Lx 0.3770, Lu 0.0910, Pentalty 0.3113, loss 0.4991
Epoch 3, Batch 295/618, Grad Norms near zero: 12, Lx 0.2698, Lu 0.0357, Pentalty 0.3897, loss 0.3445
Epoch 3, Batch 296/618, Grad Norms near zero: 12, Lx 0.3962, Lu 0.0775, Pentalty 0.3896, loss 0.5127
Epoch 3, Batch 297/618, Grad Norms near zero: 13, Lx 0.2417, Lu 0.0364, Pentalty 0.4382, loss 0.3219
Epoch 3, Batch 298/618, Grad Norms near zero: 12, Lx 0.3477, Lu 0.0506, Pentalty 0.4927, loss 0.4476
Epoch 3, Batch 299/618, Grad Norms near zero: 12, Lx 0.4999, Lu 0.1253, Pentalty 0.4685, loss 0.6721
Epoch 3, Batch 300/618, Grad Norms near zero: 12, Lx 0.3774, Lu 0.0942, Pentalty 0.5224, loss 0.5239
Epoch 3, Batch 301/618, Grad Norms near zero: 12, Lx 0.3855, Lu 0.0961, Pentalty 0.4924, loss 0.5309
Epoch 3, Batch 302/618, Grad Norms near zero: 12, Lx 0.3930, Lu 0.0660, Pentalty 0.5195, loss 0.5109
Epoch 3, Batch 303/618, Grad Norms near zero: 12, Lx 0.2887, Lu 0.0381, Pentalty 0.5140, loss 0.3781
Epoch 3, Batch 304/618, Grad Norms near zero: 12, Lx 0.3640, Lu 0.0612, Pentalty 0.4458, loss 0.4698
Epoch 3, Batch 305/618, Grad Norms near zero: 12, Lx 0.3087, Lu 0.0561, Pentalty 0.4195, loss 0.4067
Epoch 3, Batch 306/618, Grad Norms near zero: 13, Lx 0.4321, Lu 0.0967, Pentalty 0.3797, loss 0.5668
Epoch 3, Batch 307/618, Grad Norms near zero: 13, Lx 0.3337, Lu 0.0466, Pentalty 0.3720, loss 0.4174
Epoch 3, Batch 308/618, Grad Norms near zero: 14, Lx 0.3571, Lu 0.0826, Pentalty 0.3318, loss 0.4729
Epoch 3, Batch 309/618, Grad Norms near zero: 12, Lx 0.4242, Lu 0.1088, Pentalty 0.3164, loss 0.5645
Epoch 3, Batch 310/618, Grad Norms near zero: 13, Lx 0.4205, Lu 0.1103, Pentalty 0.3207, loss 0.5629
Epoch 3, Batch 311/618, Grad Norms near zero: 12, Lx 0.4109, Lu 0.1031, Pentalty 0.3057, loss 0.5446
Epoch 3, Batch 312/618, Grad Norms near zero: 12, Lx 0.4001, Lu 0.1261, Pentalty 0.3360, loss 0.5598
Epoch 3, Batch 313/618, Grad Norms near zero: 12, Lx 0.3982, Lu 0.0785, Pentalty 0.3428, loss 0.5110
Epoch 3, Batch 314/618, Grad Norms near zero: 12, Lx 0.4331, Lu 0.1080, Pentalty 0.3387, loss 0.5750
Epoch 3, Batch 315/618, Grad Norms near zero: 13, Lx 0.3850, Lu 0.0982, Pentalty 0.3077, loss 0.5140
Epoch 3, Batch 316/618, Grad Norms near zero: 12, Lx 0.3762, Lu 0.0816, Pentalty 0.3426, loss 0.4920
Epoch 3, Batch 317/618, Grad Norms near zero: 12, Lx 0.2647, Lu 0.0534, Pentalty 0.3440, loss 0.3525
Epoch 3, Batch 318/618, Grad Norms near zero: 12, Lx 0.4277, Lu 0.1018, Pentalty 0.3467, loss 0.5642
Epoch 3, Batch 319/618, Grad Norms near zero: 12, Lx 0.3064, Lu 0.0577, Pentalty 0.3556, loss 0.3997
Epoch 3, Batch 320/618, Grad Norms near zero: 12, Lx 0.3880, Lu 0.0723, Pentalty 0.3753, loss 0.4978
Epoch 3, Batch 321/618, Grad Norms near zero: 12, Lx 0.2523, Lu 0.0270, Pentalty 0.4592, loss 0.3252
Epoch 3, Batch 322/618, Grad Norms near zero: 12, Lx 0.3615, Lu 0.0776, Pentalty 0.4053, loss 0.4796
Epoch 3, Batch 323/618, Grad Norms near zero: 13, Lx 0.3813, Lu 0.0582, Pentalty 0.4127, loss 0.4808
Epoch 3, Batch 324/618, Grad Norms near zero: 13, Lx 0.2805, Lu 0.0379, Pentalty 0.4399, loss 0.3623
Epoch 3, Batch 325/618, Grad Norms near zero: 12, Lx 0.3232, Lu 0.0382, Pentalty 0.4789, loss 0.4093
Epoch 3, Batch 326/618, Grad Norms near zero: 12, Lx 0.4163, Lu 0.1283, Pentalty 0.4651, loss 0.5912
Epoch 3, Batch 327/618, Grad Norms near zero: 12, Lx 0.3535, Lu 0.0965, Pentalty 0.4603, loss 0.4960
Epoch 3, Batch 328/618, Grad Norms near zero: 12, Lx 0.2968, Lu 0.0688, Pentalty 0.4563, loss 0.4112
Epoch 3, Batch 329/618, Grad Norms near zero: 12, Lx 0.3787, Lu 0.0970, Pentalty 0.4334, loss 0.5191
Epoch 3, Batch 330/618, Grad Norms near zero: 12, Lx 0.4195, Lu 0.0867, Pentalty 0.4085, loss 0.5471
Epoch 3, Batch 331/618, Grad Norms near zero: 12, Lx 0.3926, Lu 0.0843, Pentalty 0.3650, loss 0.5134
Epoch 3, Batch 332/618, Grad Norms near zero: 12, Lx 0.4125, Lu 0.0755, Pentalty 0.3575, loss 0.5238
Epoch 3, Batch 333/618, Grad Norms near zero: 12, Lx 0.3455, Lu 0.0716, Pentalty 0.3179, loss 0.4489
Epoch 3, Batch 334/618, Grad Norms near zero: 12, Lx 0.2846, Lu 0.0559, Pentalty 0.3477, loss 0.3753
Epoch 3, Batch 335/618, Grad Norms near zero: 12, Lx 0.4005, Lu 0.0841, Pentalty 0.3136, loss 0.5159
Epoch 3, Batch 336/618, Grad Norms near zero: 12, Lx 0.3974, Lu 0.0902, Pentalty 0.3345, loss 0.5211
Epoch 3, Batch 337/618, Grad Norms near zero: 12, Lx 0.3517, Lu 0.0773, Pentalty 0.3241, loss 0.4613
Epoch 3, Batch 338/618, Grad Norms near zero: 12, Lx 0.4373, Lu 0.1089, Pentalty 0.3128, loss 0.5774
Epoch 3, Batch 339/618, Grad Norms near zero: 12, Lx 0.3801, Lu 0.0921, Pentalty 0.3564, loss 0.5078
Epoch 3, Batch 340/618, Grad Norms near zero: 12, Lx 0.3802, Lu 0.0921, Pentalty 0.3769, loss 0.5100
Epoch 3, Batch 341/618, Grad Norms near zero: 12, Lx 0.3471, Lu 0.0759, Pentalty 0.3686, loss 0.4598
Epoch 3, Batch 342/618, Grad Norms near zero: 13, Lx 0.3838, Lu 0.1043, Pentalty 0.3674, loss 0.5248
Epoch 3, Batch 343/618, Grad Norms near zero: 14, Lx 0.3784, Lu 0.0444, Pentalty 0.4016, loss 0.4630
Epoch 3, Batch 344/618, Grad Norms near zero: 13, Lx 0.3618, Lu 0.0500, Pentalty 0.3976, loss 0.4516
Epoch 3, Batch 345/618, Grad Norms near zero: 13, Lx 0.4152, Lu 0.0975, Pentalty 0.3807, loss 0.5508
Epoch 3, Batch 346/618, Grad Norms near zero: 12, Lx 0.4310, Lu 0.0697, Pentalty 0.3774, loss 0.5384
Epoch 3, Batch 347/618, Grad Norms near zero: 12, Lx 0.2871, Lu 0.0302, Pentalty 0.4151, loss 0.3588
Epoch 3, Batch 348/618, Grad Norms near zero: 12, Lx 0.3936, Lu 0.0708, Pentalty 0.4122, loss 0.5056
Epoch 3, Batch 349/618, Grad Norms near zero: 12, Lx 0.3646, Lu 0.1074, Pentalty 0.3635, loss 0.5084
Epoch 3, Batch 350/618, Grad Norms near zero: 12, Lx 0.3886, Lu 0.0919, Pentalty 0.3989, loss 0.5204
Epoch 3, Batch 351/618, Grad Norms near zero: 13, Lx 0.4160, Lu 0.0973, Pentalty 0.3884, loss 0.5522
Epoch 3, Batch 352/618, Grad Norms near zero: 12, Lx 0.3915, Lu 0.0612, Pentalty 0.3925, loss 0.4920
Epoch 3, Batch 353/618, Grad Norms near zero: 12, Lx 0.3881, Lu 0.0929, Pentalty 0.3559, loss 0.5166
Epoch 3, Batch 354/618, Grad Norms near zero: 12, Lx 0.3405, Lu 0.0617, Pentalty 0.3649, loss 0.4387
Epoch 3, Batch 355/618, Grad Norms near zero: 14, Lx 0.3392, Lu 0.1001, Pentalty 0.3491, loss 0.4743
Epoch 3, Batch 356/618, Grad Norms near zero: 12, Lx 0.3506, Lu 0.0660, Pentalty 0.3763, loss 0.4543
Epoch 3, Batch 357/618, Grad Norms near zero: 13, Lx 0.4377, Lu 0.0908, Pentalty 0.3391, loss 0.5623
Epoch 3, Batch 358/618, Grad Norms near zero: 12, Lx 0.3506, Lu 0.1124, Pentalty 0.3445, loss 0.4974
Epoch 3, Batch 359/618, Grad Norms near zero: 12, Lx 0.3444, Lu 0.0617, Pentalty 0.3530, loss 0.4413
Epoch 3, Batch 360/618, Grad Norms near zero: 13, Lx 0.3637, Lu 0.0818, Pentalty 0.3527, loss 0.4808
Epoch 3, Batch 361/618, Grad Norms near zero: 13, Lx 0.3285, Lu 0.0585, Pentalty 0.4070, loss 0.4277
Epoch 3, Batch 362/618, Grad Norms near zero: 12, Lx 0.3812, Lu 0.0865, Pentalty 0.3678, loss 0.5045
Epoch 3, Batch 363/618, Grad Norms near zero: 13, Lx 0.3205, Lu 0.0556, Pentalty 0.3906, loss 0.4152
Epoch 3, Batch 364/618, Grad Norms near zero: 13, Lx 0.3915, Lu 0.0801, Pentalty 0.3822, loss 0.5098
Epoch 3, Batch 365/618, Grad Norms near zero: 12, Lx 0.2391, Lu 0.0342, Pentalty 0.4398, loss 0.3174
Epoch 3, Batch 366/618, Grad Norms near zero: 13, Lx 0.3709, Lu 0.0975, Pentalty 0.4023, loss 0.5087
Epoch 3, Batch 367/618, Grad Norms near zero: 12, Lx 0.3058, Lu 0.0983, Pentalty 0.4150, loss 0.4457
Epoch 3, Batch 368/618, Grad Norms near zero: 12, Lx 0.4093, Lu 0.1219, Pentalty 0.4075, loss 0.5720
Epoch 3, Batch 369/618, Grad Norms near zero: 13, Lx 0.3455, Lu 0.0837, Pentalty 0.4108, loss 0.4703
Epoch 3, Batch 370/618, Grad Norms near zero: 12, Lx 0.3552, Lu 0.0912, Pentalty 0.4132, loss 0.4877
Epoch 3, Batch 371/618, Grad Norms near zero: 12, Lx 0.4495, Lu 0.0854, Pentalty 0.3881, loss 0.5738
Epoch 3, Batch 372/618, Grad Norms near zero: 13, Lx 0.3433, Lu 0.0660, Pentalty 0.3931, loss 0.4486
Epoch 3, Batch 373/618, Grad Norms near zero: 12, Lx 0.3948, Lu 0.0832, Pentalty 0.3500, loss 0.5130
Epoch 3, Batch 374/618, Grad Norms near zero: 12, Lx 0.3261, Lu 0.1001, Pentalty 0.3327, loss 0.4595
Epoch 3, Batch 375/618, Grad Norms near zero: 12, Lx 0.3366, Lu 0.0729, Pentalty 0.3470, loss 0.4442
Epoch 3, Batch 376/618, Grad Norms near zero: 12, Lx 0.3645, Lu 0.0702, Pentalty 0.3633, loss 0.4710
Epoch 3, Batch 377/618, Grad Norms near zero: 12, Lx 0.4536, Lu 0.0861, Pentalty 0.3891, loss 0.5786
Epoch 3, Batch 378/618, Grad Norms near zero: 12, Lx 0.3364, Lu 0.0527, Pentalty 0.3501, loss 0.4242
Epoch 3, Batch 379/618, Grad Norms near zero: 14, Lx 0.3622, Lu 0.0611, Pentalty 0.3425, loss 0.4575
Epoch 3, Batch 380/618, Grad Norms near zero: 12, Lx 0.3807, Lu 0.0585, Pentalty 0.3522, loss 0.4744
Epoch 3, Batch 381/618, Grad Norms near zero: 12, Lx 0.3360, Lu 0.0508, Pentalty 0.3858, loss 0.4253
Epoch 3, Batch 382/618, Grad Norms near zero: 12, Lx 0.2793, Lu 0.0388, Pentalty 0.4138, loss 0.3595
Epoch 3, Batch 383/618, Grad Norms near zero: 12, Lx 0.1940, Lu 0.0318, Pentalty 0.4640, loss 0.2723
Epoch 3, Batch 384/618, Grad Norms near zero: 12, Lx 0.4872, Lu 0.0911, Pentalty 0.4237, loss 0.6207
Epoch 3, Batch 385/618, Grad Norms near zero: 13, Lx 0.4327, Lu 0.1041, Pentalty 0.4067, loss 0.5775
Epoch 3, Batch 386/618, Grad Norms near zero: 13, Lx 0.4163, Lu 0.0855, Pentalty 0.4011, loss 0.5419
Epoch 3, Batch 387/618, Grad Norms near zero: 12, Lx 0.4384, Lu 0.1046, Pentalty 0.4074, loss 0.5837
Epoch 3, Batch 388/618, Grad Norms near zero: 12, Lx 0.3092, Lu 0.0568, Pentalty 0.4456, loss 0.4106
Epoch 3, Batch 389/618, Grad Norms near zero: 14, Lx 0.2808, Lu 0.0320, Pentalty 0.4744, loss 0.3602
Epoch 3, Batch 390/618, Grad Norms near zero: 12, Lx 0.2926, Lu 0.0414, Pentalty 0.4426, loss 0.3782
Epoch 3, Batch 391/618, Grad Norms near zero: 13, Lx 0.3222, Lu 0.0693, Pentalty 0.4025, loss 0.4317
Epoch 3, Batch 392/618, Grad Norms near zero: 12, Lx 0.4591, Lu 0.1232, Pentalty 0.3735, loss 0.6196
Epoch 3, Batch 393/618, Grad Norms near zero: 13, Lx 0.3495, Lu 0.0442, Pentalty 0.4234, loss 0.4361
Epoch 3, Batch 394/618, Grad Norms near zero: 12, Lx 0.3945, Lu 0.1119, Pentalty 0.3663, loss 0.5430
Epoch 3, Batch 395/618, Grad Norms near zero: 12, Lx 0.1862, Lu 0.0418, Pentalty 0.4430, loss 0.2723
Epoch 3, Batch 396/618, Grad Norms near zero: 12, Lx 0.2687, Lu 0.0419, Pentalty 0.4228, loss 0.3528
Epoch 3, Batch 397/618, Grad Norms near zero: 14, Lx 0.3392, Lu 0.0660, Pentalty 0.3727, loss 0.4424
Epoch 3, Batch 398/618, Grad Norms near zero: 13, Lx 0.4414, Lu 0.0847, Pentalty 0.3898, loss 0.5651
Epoch 3, Batch 399/618, Grad Norms near zero: 12, Lx 0.4092, Lu 0.1036, Pentalty 0.3928, loss 0.5521
Epoch 3, Batch 400/618, Grad Norms near zero: 12, Lx 0.3928, Lu 0.0796, Pentalty 0.3879, loss 0.5112
Epoch 3, Batch 401/618, Grad Norms near zero: 13, Lx 0.4095, Lu 0.0875, Pentalty 0.3840, loss 0.5354
Epoch 3, Batch 402/618, Grad Norms near zero: 12, Lx 0.4675, Lu 0.0961, Pentalty 0.3732, loss 0.6009
Epoch 3, Batch 403/618, Grad Norms near zero: 13, Lx 0.3821, Lu 0.0657, Pentalty 0.3655, loss 0.4844
Epoch 3, Batch 404/618, Grad Norms near zero: 12, Lx 0.3010, Lu 0.0435, Pentalty 0.3826, loss 0.3827
Epoch 3, Batch 405/618, Grad Norms near zero: 12, Lx 0.3092, Lu 0.0490, Pentalty 0.4082, loss 0.3990
Epoch 3, Batch 406/618, Grad Norms near zero: 12, Lx 0.3746, Lu 0.1140, Pentalty 0.3483, loss 0.5234
Epoch 3, Batch 407/618, Grad Norms near zero: 12, Lx 0.2846, Lu 0.0484, Pentalty 0.3543, loss 0.3684
Epoch 3, Batch 408/618, Grad Norms near zero: 13, Lx 0.3691, Lu 0.0799, Pentalty 0.3621, loss 0.4852
Epoch 3, Batch 409/618, Grad Norms near zero: 12, Lx 0.3169, Lu 0.0443, Pentalty 0.4330, loss 0.4045
Epoch 3, Batch 410/618, Grad Norms near zero: 12, Lx 0.3217, Lu 0.0528, Pentalty 0.4284, loss 0.4174
Epoch 3, Batch 411/618, Grad Norms near zero: 12, Lx 0.3148, Lu 0.0462, Pentalty 0.4240, loss 0.4034
Epoch 3, Batch 412/618, Grad Norms near zero: 12, Lx 0.3681, Lu 0.0701, Pentalty 0.4115, loss 0.4793
Epoch 3, Batch 413/618, Grad Norms near zero: 12, Lx 0.3288, Lu 0.0795, Pentalty 0.4244, loss 0.4507
Epoch 3, Batch 414/618, Grad Norms near zero: 12, Lx 0.3527, Lu 0.1005, Pentalty 0.4216, loss 0.4954
Epoch 3, Batch 415/618, Grad Norms near zero: 12, Lx 0.3063, Lu 0.0714, Pentalty 0.4706, loss 0.4247
Epoch 3, Batch 416/618, Grad Norms near zero: 12, Lx 0.3617, Lu 0.0836, Pentalty 0.4427, loss 0.4896
Epoch 3, Batch 417/618, Grad Norms near zero: 12, Lx 0.2981, Lu 0.0471, Pentalty 0.4498, loss 0.3901
Epoch 3, Batch 418/618, Grad Norms near zero: 12, Lx 0.4296, Lu 0.0848, Pentalty 0.3947, loss 0.5538
Epoch 3, Batch 419/618, Grad Norms near zero: 12, Lx 0.3782, Lu 0.0717, Pentalty 0.4198, loss 0.4918
Epoch 3, Batch 420/618, Grad Norms near zero: 13, Lx 0.3080, Lu 0.0716, Pentalty 0.4214, loss 0.4218
Epoch 3, Batch 421/618, Grad Norms near zero: 12, Lx 0.2810, Lu 0.0382, Pentalty 0.4663, loss 0.3659
Epoch 3, Batch 422/618, Grad Norms near zero: 13, Lx 0.3669, Lu 0.1106, Pentalty 0.3537, loss 0.5128
Epoch 3, Batch 423/618, Grad Norms near zero: 13, Lx 0.4532, Lu 0.0999, Pentalty 0.3829, loss 0.5914
Epoch 3, Batch 424/618, Grad Norms near zero: 12, Lx 0.3047, Lu 0.0487, Pentalty 0.3907, loss 0.3925
Epoch 3, Batch 425/618, Grad Norms near zero: 12, Lx 0.2473, Lu 0.0254, Pentalty 0.4218, loss 0.3148
Epoch 3, Batch 426/618, Grad Norms near zero: 12, Lx 0.2838, Lu 0.0382, Pentalty 0.4645, loss 0.3685
Epoch 3, Batch 427/618, Grad Norms near zero: 12, Lx 0.2780, Lu 0.0500, Pentalty 0.3894, loss 0.3670
Epoch 3, Batch 428/618, Grad Norms near zero: 12, Lx 0.4574, Lu 0.1311, Pentalty 0.3492, loss 0.6234
Epoch 3, Batch 429/618, Grad Norms near zero: 14, Lx 0.3769, Lu 0.1012, Pentalty 0.3788, loss 0.5159
Epoch 3, Batch 430/618, Grad Norms near zero: 12, Lx 0.2600, Lu 0.0324, Pentalty 0.4859, loss 0.3411
Epoch 3, Batch 431/618, Grad Norms near zero: 13, Lx 0.3881, Lu 0.0574, Pentalty 0.4144, loss 0.4870
Epoch 3, Batch 432/618, Grad Norms near zero: 12, Lx 0.3549, Lu 0.0559, Pentalty 0.4576, loss 0.4566
Epoch 3, Batch 433/618, Grad Norms near zero: 12, Lx 0.4212, Lu 0.0912, Pentalty 0.4084, loss 0.5532
Epoch 3, Batch 434/618, Grad Norms near zero: 12, Lx 0.3847, Lu 0.0651, Pentalty 0.4422, loss 0.4940
Epoch 3, Batch 435/618, Grad Norms near zero: 12, Lx 0.3590, Lu 0.1089, Pentalty 0.4299, loss 0.5109
Epoch 3, Batch 436/618, Grad Norms near zero: 12, Lx 0.3191, Lu 0.0626, Pentalty 0.4103, loss 0.4227
Epoch 3, Batch 437/618, Grad Norms near zero: 12, Lx 0.3961, Lu 0.0952, Pentalty 0.4307, loss 0.5343
Epoch 3, Batch 438/618, Grad Norms near zero: 12, Lx 0.1644, Lu 0.0299, Pentalty 0.4930, loss 0.2436
Epoch 3, Batch 439/618, Grad Norms near zero: 12, Lx 0.2384, Lu 0.0319, Pentalty 0.4739, loss 0.3177
Epoch 3, Batch 440/618, Grad Norms near zero: 12, Lx 0.3777, Lu 0.0859, Pentalty 0.3944, loss 0.5030
Epoch 3, Batch 441/618, Grad Norms near zero: 12, Lx 0.3529, Lu 0.0501, Pentalty 0.4424, loss 0.4472
Epoch 3, Batch 442/618, Grad Norms near zero: 12, Lx 0.3716, Lu 0.0683, Pentalty 0.3964, loss 0.4795
Epoch 3, Batch 443/618, Grad Norms near zero: 12, Lx 0.3926, Lu 0.1126, Pentalty 0.3646, loss 0.5417
Epoch 3, Batch 444/618, Grad Norms near zero: 12, Lx 0.2543, Lu 0.0318, Pentalty 0.4286, loss 0.3289
Epoch 3, Batch 445/618, Grad Norms near zero: 12, Lx 0.2291, Lu 0.0345, Pentalty 0.4485, loss 0.3084
Epoch 3, Batch 446/618, Grad Norms near zero: 12, Lx 0.3141, Lu 0.0537, Pentalty 0.4174, loss 0.4095
Epoch 3, Batch 447/618, Grad Norms near zero: 13, Lx 0.2740, Lu 0.0947, Pentalty 0.4040, loss 0.4092
Epoch 3, Batch 448/618, Grad Norms near zero: 13, Lx 0.3245, Lu 0.0462, Pentalty 0.4313, loss 0.4138
Epoch 3, Batch 449/618, Grad Norms near zero: 13, Lx 0.2770, Lu 0.0260, Pentalty 0.4646, loss 0.3495
Epoch 3, Batch 450/618, Grad Norms near zero: 12, Lx 0.3251, Lu 0.0668, Pentalty 0.3934, loss 0.4313
Epoch 3, Batch 451/618, Grad Norms near zero: 13, Lx 0.3616, Lu 0.0857, Pentalty 0.4171, loss 0.4890
Epoch 3, Batch 452/618, Grad Norms near zero: 12, Lx 0.3952, Lu 0.0870, Pentalty 0.4378, loss 0.5259
Epoch 3, Batch 453/618, Grad Norms near zero: 12, Lx 0.2870, Lu 0.0419, Pentalty 0.5333, loss 0.3822
Epoch 3, Batch 454/618, Grad Norms near zero: 12, Lx 0.3722, Lu 0.1276, Pentalty 0.3799, loss 0.5379
Epoch 3, Batch 455/618, Grad Norms near zero: 12, Lx 0.3731, Lu 0.0903, Pentalty 0.4389, loss 0.5073
Epoch 3, Batch 456/618, Grad Norms near zero: 13, Lx 0.3057, Lu 0.0896, Pentalty 0.4222, loss 0.4374
Epoch 3, Batch 457/618, Grad Norms near zero: 12, Lx 0.2806, Lu 0.0409, Pentalty 0.4614, loss 0.3677
Epoch 3, Batch 458/618, Grad Norms near zero: 13, Lx 0.3941, Lu 0.0702, Pentalty 0.4113, loss 0.5054
Epoch 3, Batch 459/618, Grad Norms near zero: 12, Lx 0.2835, Lu 0.0252, Pentalty 0.5123, loss 0.3600
Epoch 3, Batch 460/618, Grad Norms near zero: 12, Lx 0.3172, Lu 0.0464, Pentalty 0.3693, loss 0.4005
Epoch 3, Batch 461/618, Grad Norms near zero: 12, Lx 0.4003, Lu 0.1188, Pentalty 0.2976, loss 0.5490
Epoch 3, Batch 462/618, Grad Norms near zero: 12, Lx 0.2310, Lu 0.0269, Pentalty 0.5036, loss 0.3082
Epoch 3, Batch 463/618, Grad Norms near zero: 13, Lx 0.3905, Lu 0.0893, Pentalty 0.3684, loss 0.5166
Epoch 3, Batch 464/618, Grad Norms near zero: 12, Lx 0.4587, Lu 0.1157, Pentalty 0.3369, loss 0.6081
Epoch 3, Batch 465/618, Grad Norms near zero: 12, Lx 0.4991, Lu 0.0912, Pentalty 0.3738, loss 0.6277
Epoch 3, Batch 466/618, Grad Norms near zero: 12, Lx 0.3102, Lu 0.0433, Pentalty 0.4188, loss 0.3955
Epoch 3, Batch 467/618, Grad Norms near zero: 13, Lx 0.3012, Lu 0.0681, Pentalty 0.3850, loss 0.4078
Epoch 3, Batch 468/618, Grad Norms near zero: 13, Lx 0.3278, Lu 0.0739, Pentalty 0.3899, loss 0.4408
Epoch 3, Batch 469/618, Grad Norms near zero: 13, Lx 0.4425, Lu 0.1040, Pentalty 0.3873, loss 0.5852
Epoch 3, Batch 470/618, Grad Norms near zero: 12, Lx 0.4553, Lu 0.1042, Pentalty 0.3395, loss 0.5935
Epoch 3, Batch 471/618, Grad Norms near zero: 12, Lx 0.2798, Lu 0.0473, Pentalty 0.3899, loss 0.3661
Epoch 3, Batch 472/618, Grad Norms near zero: 12, Lx 0.4251, Lu 0.0835, Pentalty 0.3554, loss 0.5442
Epoch 3, Batch 473/618, Grad Norms near zero: 13, Lx 0.4331, Lu 0.1020, Pentalty 0.3668, loss 0.5719
Epoch 3, Batch 474/618, Grad Norms near zero: 12, Lx 0.2405, Lu 0.0391, Pentalty 0.4155, loss 0.3211
Epoch 3, Batch 475/618, Grad Norms near zero: 12, Lx 0.3286, Lu 0.0485, Pentalty 0.3592, loss 0.4130
Epoch 3, Batch 476/618, Grad Norms near zero: 12, Lx 0.4508, Lu 0.1229, Pentalty 0.3205, loss 0.6057
Epoch 3, Batch 477/618, Grad Norms near zero: 12, Lx 0.4432, Lu 0.1041, Pentalty 0.3231, loss 0.5797
Epoch 3, Batch 478/618, Grad Norms near zero: 12, Lx 0.3256, Lu 0.0561, Pentalty 0.3805, loss 0.4198
Epoch 3, Batch 479/618, Grad Norms near zero: 12, Lx 0.3325, Lu 0.0804, Pentalty 0.3528, loss 0.4482
Epoch 3, Batch 480/618, Grad Norms near zero: 12, Lx 0.1716, Lu 0.0368, Pentalty 0.4836, loss 0.2567
Epoch 3, Batch 481/618, Grad Norms near zero: 12, Lx 0.5115, Lu 0.1106, Pentalty 0.3771, loss 0.6598
Epoch 3, Batch 482/618, Grad Norms near zero: 12, Lx 0.3484, Lu 0.0524, Pentalty 0.4346, loss 0.4443
Epoch 3, Batch 483/618, Grad Norms near zero: 13, Lx 0.2822, Lu 0.0393, Pentalty 0.4535, loss 0.3669
Epoch 3, Batch 484/618, Grad Norms near zero: 12, Lx 0.2773, Lu 0.0521, Pentalty 0.4571, loss 0.3751
Epoch 3, Batch 485/618, Grad Norms near zero: 12, Lx 0.5020, Lu 0.1185, Pentalty 0.4284, loss 0.6634
Epoch 3, Batch 486/618, Grad Norms near zero: 13, Lx 0.3692, Lu 0.1240, Pentalty 0.4223, loss 0.5354
Epoch 3, Batch 487/618, Grad Norms near zero: 12, Lx 0.2121, Lu 0.0205, Pentalty 0.4982, loss 0.2824
Epoch 3, Batch 488/618, Grad Norms near zero: 13, Lx 0.4743, Lu 0.1146, Pentalty 0.3730, loss 0.6261
Epoch 3, Batch 489/618, Grad Norms near zero: 12, Lx 0.2968, Lu 0.0458, Pentalty 0.4691, loss 0.3895
Epoch 3, Batch 490/618, Grad Norms near zero: 12, Lx 0.3695, Lu 0.0940, Pentalty 0.3381, loss 0.4973
Epoch 3, Batch 491/618, Grad Norms near zero: 13, Lx 0.3377, Lu 0.0523, Pentalty 0.4125, loss 0.4313
Epoch 3, Batch 492/618, Grad Norms near zero: 12, Lx 0.4859, Lu 0.0980, Pentalty 0.3638, loss 0.6203
Epoch 3, Batch 493/618, Grad Norms near zero: 12, Lx 0.3721, Lu 0.0617, Pentalty 0.3964, loss 0.4735
Epoch 3, Batch 494/618, Grad Norms near zero: 12, Lx 0.4227, Lu 0.1150, Pentalty 0.2878, loss 0.5664
Epoch 3, Batch 495/618, Grad Norms near zero: 12, Lx 0.3980, Lu 0.1230, Pentalty 0.2545, loss 0.5464
Epoch 3, Batch 496/618, Grad Norms near zero: 12, Lx 0.3987, Lu 0.0735, Pentalty 0.3038, loss 0.5026
Epoch 3, Batch 497/618, Grad Norms near zero: 12, Lx 0.3879, Lu 0.1261, Pentalty 0.2969, loss 0.5437
Epoch 3, Batch 498/618, Grad Norms near zero: 12, Lx 0.3436, Lu 0.0534, Pentalty 0.3633, loss 0.4334
Epoch 3, Batch 499/618, Grad Norms near zero: 12, Lx 0.3684, Lu 0.0654, Pentalty 0.3778, loss 0.4716
Epoch 3, Batch 500/618, Grad Norms near zero: 12, Lx 0.4406, Lu 0.1100, Pentalty 0.3320, loss 0.5838
Epoch 3, Batch 501/618, Grad Norms near zero: 12, Lx 0.3590, Lu 0.0868, Pentalty 0.3545, loss 0.4812
Epoch 3, Batch 502/618, Grad Norms near zero: 12, Lx 0.3218, Lu 0.0470, Pentalty 0.4009, loss 0.4089
Epoch 3, Batch 503/618, Grad Norms near zero: 12, Lx 0.4796, Lu 0.1278, Pentalty 0.3587, loss 0.6433
Epoch 3, Batch 504/618, Grad Norms near zero: 13, Lx 0.2931, Lu 0.0493, Pentalty 0.3967, loss 0.3821
Epoch 3, Batch 505/618, Grad Norms near zero: 12, Lx 0.2328, Lu 0.0388, Pentalty 0.4635, loss 0.3179
Epoch 3, Batch 506/618, Grad Norms near zero: 12, Lx 0.3476, Lu 0.0733, Pentalty 0.3947, loss 0.4603
Epoch 3, Batch 507/618, Grad Norms near zero: 12, Lx 0.2557, Lu 0.0306, Pentalty 0.4721, loss 0.3334
Epoch 3, Batch 508/618, Grad Norms near zero: 13, Lx 0.4336, Lu 0.0927, Pentalty 0.3929, loss 0.5656
Epoch 3, Batch 509/618, Grad Norms near zero: 12, Lx 0.2830, Lu 0.0428, Pentalty 0.4853, loss 0.3743
Epoch 3, Batch 510/618, Grad Norms near zero: 12, Lx 0.3687, Lu 0.0804, Pentalty 0.4068, loss 0.4898
Epoch 3, Batch 511/618, Grad Norms near zero: 12, Lx 0.3480, Lu 0.0534, Pentalty 0.4508, loss 0.4465
Epoch 3, Batch 512/618, Grad Norms near zero: 12, Lx 0.3877, Lu 0.0865, Pentalty 0.4038, loss 0.5146
Epoch 3, Batch 513/618, Grad Norms near zero: 12, Lx 0.4365, Lu 0.1186, Pentalty 0.4062, loss 0.5957
Epoch 3, Batch 514/618, Grad Norms near zero: 12, Lx 0.2748, Lu 0.0486, Pentalty 0.4793, loss 0.3713
Epoch 3, Batch 515/618, Grad Norms near zero: 12, Lx 0.4467, Lu 0.0970, Pentalty 0.3547, loss 0.5792
Epoch 3, Batch 516/618, Grad Norms near zero: 12, Lx 0.3695, Lu 0.1183, Pentalty 0.3299, loss 0.5208
Epoch 3, Batch 517/618, Grad Norms near zero: 12, Lx 0.4450, Lu 0.1336, Pentalty 0.3500, loss 0.6136
Epoch 3, Batch 518/618, Grad Norms near zero: 12, Lx 0.4242, Lu 0.0923, Pentalty 0.2850, loss 0.5449
Epoch 3, Batch 519/618, Grad Norms near zero: 12, Lx 0.4801, Lu 0.1058, Pentalty 0.3086, loss 0.6169
Epoch 3, Batch 520/618, Grad Norms near zero: 12, Lx 0.3906, Lu 0.1143, Pentalty 0.2566, loss 0.5305
Epoch 3, Batch 521/618, Grad Norms near zero: 12, Lx 0.3480, Lu 0.0636, Pentalty 0.3037, loss 0.4420
Epoch 3, Batch 522/618, Grad Norms near zero: 12, Lx 0.3700, Lu 0.0697, Pentalty 0.3182, loss 0.4715
Epoch 3, Batch 523/618, Grad Norms near zero: 12, Lx 0.2892, Lu 0.0515, Pentalty 0.3499, loss 0.3757
Epoch 3, Batch 524/618, Grad Norms near zero: 12, Lx 0.3980, Lu 0.1143, Pentalty 0.3334, loss 0.5457
Epoch 3, Batch 525/618, Grad Norms near zero: 12, Lx 0.4928, Lu 0.1175, Pentalty 0.3487, loss 0.6451
Epoch 3, Batch 526/618, Grad Norms near zero: 12, Lx 0.2025, Lu 0.0247, Pentalty 0.5038, loss 0.2775
Epoch 3, Batch 527/618, Grad Norms near zero: 12, Lx 0.3998, Lu 0.1321, Pentalty 0.4750, loss 0.5793
Epoch 3, Batch 528/618, Grad Norms near zero: 12, Lx 0.4967, Lu 0.1572, Pentalty 0.5305, loss 0.7069
Epoch 3, Batch 529/618, Grad Norms near zero: 12, Lx 0.3025, Lu 0.0717, Pentalty 0.4949, loss 0.4236
Epoch 3, Batch 530/618, Grad Norms near zero: 12, Lx 0.3601, Lu 0.0547, Pentalty 0.5031, loss 0.4651
Epoch 3, Batch 531/618, Grad Norms near zero: 12, Lx 0.4849, Lu 0.1106, Pentalty 0.4649, loss 0.6420
Epoch 3, Batch 532/618, Grad Norms near zero: 12, Lx 0.2667, Lu 0.0396, Pentalty 0.4367, loss 0.3500
Epoch 3, Batch 533/618, Grad Norms near zero: 12, Lx 0.3790, Lu 0.0916, Pentalty 0.3507, loss 0.5056
Epoch 3, Batch 534/618, Grad Norms near zero: 12, Lx 0.2808, Lu 0.0367, Pentalty 0.3709, loss 0.3546
Epoch 3, Batch 535/618, Grad Norms near zero: 12, Lx 0.3336, Lu 0.0611, Pentalty 0.3347, loss 0.4282
Epoch 3, Batch 536/618, Grad Norms near zero: 12, Lx 0.2256, Lu 0.0454, Pentalty 0.4238, loss 0.3134
Epoch 3, Batch 537/618, Grad Norms near zero: 12, Lx 0.3243, Lu 0.0486, Pentalty 0.4171, loss 0.4146
Epoch 3, Batch 538/618, Grad Norms near zero: 12, Lx 0.4115, Lu 0.1173, Pentalty 0.4400, loss 0.5727
Epoch 3, Batch 539/618, Grad Norms near zero: 12, Lx 0.2819, Lu 0.0426, Pentalty 0.4645, loss 0.3709
Epoch 3, Batch 540/618, Grad Norms near zero: 12, Lx 0.3461, Lu 0.0518, Pentalty 0.4683, loss 0.4447
Epoch 3, Batch 541/618, Grad Norms near zero: 12, Lx 0.4572, Lu 0.0907, Pentalty 0.5092, loss 0.5987
Epoch 3, Batch 542/618, Grad Norms near zero: 12, Lx 0.2344, Lu 0.0330, Pentalty 0.5074, loss 0.3182
Epoch 3, Batch 543/618, Grad Norms near zero: 12, Lx 0.1949, Lu 0.0265, Pentalty 0.5119, loss 0.2726
Epoch 3, Batch 544/618, Grad Norms near zero: 12, Lx 0.2971, Lu 0.0679, Pentalty 0.4862, loss 0.4136
Epoch 3, Batch 545/618, Grad Norms near zero: 12, Lx 0.5278, Lu 0.1407, Pentalty 0.4704, loss 0.7156
Epoch 3, Batch 546/618, Grad Norms near zero: 12, Lx 0.2783, Lu 0.0478, Pentalty 0.4640, loss 0.3724
Epoch 3, Batch 547/618, Grad Norms near zero: 12, Lx 0.1809, Lu 0.0288, Pentalty 0.4753, loss 0.2572
Epoch 3, Batch 548/618, Grad Norms near zero: 12, Lx 0.2759, Lu 0.0398, Pentalty 0.4581, loss 0.3615
Epoch 3, Batch 549/618, Grad Norms near zero: 12, Lx 0.2799, Lu 0.0442, Pentalty 0.4845, loss 0.3725
Epoch 3, Batch 550/618, Grad Norms near zero: 12, Lx 0.4770, Lu 0.1114, Pentalty 0.4487, loss 0.6332
Epoch 3, Batch 551/618, Grad Norms near zero: 12, Lx 0.3874, Lu 0.0751, Pentalty 0.4246, loss 0.5050
Epoch 3, Batch 552/618, Grad Norms near zero: 12, Lx 0.3962, Lu 0.0924, Pentalty 0.3752, loss 0.5261
Epoch 3, Batch 553/618, Grad Norms near zero: 12, Lx 0.3356, Lu 0.0630, Pentalty 0.3488, loss 0.4336
Epoch 3, Batch 554/618, Grad Norms near zero: 12, Lx 0.3821, Lu 0.0796, Pentalty 0.3004, loss 0.4917
Epoch 3, Batch 555/618, Grad Norms near zero: 12, Lx 0.3618, Lu 0.0940, Pentalty 0.3076, loss 0.4865
Epoch 3, Batch 556/618, Grad Norms near zero: 12, Lx 0.4944, Lu 0.1143, Pentalty 0.3757, loss 0.6463
Epoch 3, Batch 557/618, Grad Norms near zero: 12, Lx 0.3874, Lu 0.0750, Pentalty 0.3165, loss 0.4941
Epoch 3, Batch 558/618, Grad Norms near zero: 12, Lx 0.2880, Lu 0.0491, Pentalty 0.4403, loss 0.3812
Epoch 3, Batch 559/618, Grad Norms near zero: 12, Lx 0.3440, Lu 0.0975, Pentalty 0.3554, loss 0.4770
Epoch 3, Batch 560/618, Grad Norms near zero: 12, Lx 0.3684, Lu 0.0812, Pentalty 0.4001, loss 0.4896
Epoch 3, Batch 561/618, Grad Norms near zero: 12, Lx 0.4600, Lu 0.1204, Pentalty 0.4262, loss 0.6230
Epoch 3, Batch 562/618, Grad Norms near zero: 12, Lx 0.3981, Lu 0.0842, Pentalty 0.4205, loss 0.5244
Epoch 3, Batch 563/618, Grad Norms near zero: 12, Lx 0.3076, Lu 0.0300, Pentalty 0.4920, loss 0.3868
Epoch 3, Batch 564/618, Grad Norms near zero: 12, Lx 0.3805, Lu 0.1090, Pentalty 0.4321, loss 0.5328
Epoch 3, Batch 565/618, Grad Norms near zero: 12, Lx 0.3589, Lu 0.0876, Pentalty 0.3892, loss 0.4854
Epoch 3, Batch 566/618, Grad Norms near zero: 12, Lx 0.3283, Lu 0.0713, Pentalty 0.3325, loss 0.4329
Epoch 3, Batch 567/618, Grad Norms near zero: 12, Lx 0.4261, Lu 0.1088, Pentalty 0.3754, loss 0.5725
Epoch 3, Batch 568/618, Grad Norms near zero: 12, Lx 0.4087, Lu 0.1008, Pentalty 0.3199, loss 0.5415
Epoch 3, Batch 569/618, Grad Norms near zero: 12, Lx 0.4879, Lu 0.1240, Pentalty 0.3056, loss 0.6425
Epoch 3, Batch 570/618, Grad Norms near zero: 12, Lx 0.2840, Lu 0.0388, Pentalty 0.4713, loss 0.3700
Epoch 3, Batch 571/618, Grad Norms near zero: 12, Lx 0.3990, Lu 0.1029, Pentalty 0.2875, loss 0.5307
Epoch 3, Batch 572/618, Grad Norms near zero: 12, Lx 0.3563, Lu 0.0906, Pentalty 0.3169, loss 0.4785
Epoch 3, Batch 573/618, Grad Norms near zero: 12, Lx 0.3272, Lu 0.0570, Pentalty 0.3635, loss 0.4205
Epoch 3, Batch 574/618, Grad Norms near zero: 12, Lx 0.4145, Lu 0.1033, Pentalty 0.3175, loss 0.5496
Epoch 3, Batch 575/618, Grad Norms near zero: 12, Lx 0.4210, Lu 0.0811, Pentalty 0.3550, loss 0.5376
Epoch 3, Batch 576/618, Grad Norms near zero: 12, Lx 0.3893, Lu 0.0803, Pentalty 0.3665, loss 0.5062
Epoch 3, Batch 577/618, Grad Norms near zero: 12, Lx 0.2922, Lu 0.0762, Pentalty 0.3945, loss 0.4078
Epoch 3, Batch 578/618, Grad Norms near zero: 12, Lx 0.3347, Lu 0.0484, Pentalty 0.4390, loss 0.4271
Epoch 3, Batch 579/618, Grad Norms near zero: 12, Lx 0.2800, Lu 0.0452, Pentalty 0.4582, loss 0.3711
Epoch 3, Batch 580/618, Grad Norms near zero: 12, Lx 0.3782, Lu 0.0816, Pentalty 0.5019, loss 0.5100
Epoch 3, Batch 581/618, Grad Norms near zero: 12, Lx 0.3985, Lu 0.0574, Pentalty 0.4524, loss 0.5012
Epoch 3, Batch 582/618, Grad Norms near zero: 12, Lx 0.3296, Lu 0.0435, Pentalty 0.4805, loss 0.4211
Epoch 3, Batch 583/618, Grad Norms near zero: 12, Lx 0.4578, Lu 0.1048, Pentalty 0.4380, loss 0.6064
Epoch 3, Batch 584/618, Grad Norms near zero: 12, Lx 0.3195, Lu 0.0712, Pentalty 0.4414, loss 0.4348
Epoch 3, Batch 585/618, Grad Norms near zero: 12, Lx 0.4115, Lu 0.1092, Pentalty 0.3493, loss 0.5557
Epoch 3, Batch 586/618, Grad Norms near zero: 12, Lx 0.3630, Lu 0.0544, Pentalty 0.4236, loss 0.4598
Epoch 3, Batch 587/618, Grad Norms near zero: 12, Lx 0.2778, Lu 0.0608, Pentalty 0.3563, loss 0.3742
Epoch 3, Batch 588/618, Grad Norms near zero: 12, Lx 0.3632, Lu 0.0656, Pentalty 0.3224, loss 0.4610
Epoch 3, Batch 589/618, Grad Norms near zero: 12, Lx 0.2774, Lu 0.0534, Pentalty 0.3839, loss 0.3692
Epoch 3, Batch 590/618, Grad Norms near zero: 12, Lx 0.2841, Lu 0.0444, Pentalty 0.3896, loss 0.3675
Epoch 3, Batch 591/618, Grad Norms near zero: 12, Lx 0.4318, Lu 0.1112, Pentalty 0.3567, loss 0.5787
Epoch 3, Batch 592/618, Grad Norms near zero: 12, Lx 0.3808, Lu 0.0713, Pentalty 0.3965, loss 0.4917
Epoch 3, Batch 593/618, Grad Norms near zero: 12, Lx 0.2926, Lu 0.0350, Pentalty 0.5571, loss 0.3833
Epoch 3, Batch 594/618, Grad Norms near zero: 12, Lx 0.2245, Lu 0.0185, Pentalty 0.5280, loss 0.2958
Epoch 3, Batch 595/618, Grad Norms near zero: 12, Lx 0.3882, Lu 0.0871, Pentalty 0.5172, loss 0.5270
Epoch 3, Batch 596/618, Grad Norms near zero: 12, Lx 0.3535, Lu 0.0360, Pentalty 0.5104, loss 0.4406
Epoch 3, Batch 597/618, Grad Norms near zero: 12, Lx 0.3371, Lu 0.0462, Pentalty 0.4682, loss 0.4301
Epoch 3, Batch 598/618, Grad Norms near zero: 12, Lx 0.3705, Lu 0.0803, Pentalty 0.5036, loss 0.5012
Epoch 3, Batch 599/618, Grad Norms near zero: 12, Lx 0.3438, Lu 0.1039, Pentalty 0.4355, loss 0.4912
Epoch 3, Batch 600/618, Grad Norms near zero: 12, Lx 0.2813, Lu 0.0376, Pentalty 0.4573, loss 0.3647
Epoch 3, Batch 601/618, Grad Norms near zero: 12, Lx 0.3633, Lu 0.0711, Pentalty 0.3930, loss 0.4737
Epoch 3, Batch 602/618, Grad Norms near zero: 12, Lx 0.3032, Lu 0.0390, Pentalty 0.4367, loss 0.3858
Epoch 3, Batch 603/618, Grad Norms near zero: 12, Lx 0.3275, Lu 0.0704, Pentalty 0.3725, loss 0.4351
Epoch 3, Batch 604/618, Grad Norms near zero: 12, Lx 0.4048, Lu 0.0743, Pentalty 0.3675, loss 0.5158
Epoch 3, Batch 605/618, Grad Norms near zero: 12, Lx 0.4159, Lu 0.0801, Pentalty 0.3341, loss 0.5294
Epoch 3, Batch 606/618, Grad Norms near zero: 12, Lx 0.3244, Lu 0.0566, Pentalty 0.3839, loss 0.4194
Epoch 3, Batch 607/618, Grad Norms near zero: 12, Lx 0.4769, Lu 0.1083, Pentalty 0.3882, loss 0.6240
Epoch 3, Batch 608/618, Grad Norms near zero: 12, Lx 0.2834, Lu 0.0583, Pentalty 0.3902, loss 0.3807
Epoch 3, Batch 609/618, Grad Norms near zero: 12, Lx 0.4005, Lu 0.0991, Pentalty 0.3272, loss 0.5323
Epoch 3, Batch 610/618, Grad Norms near zero: 12, Lx 0.1677, Lu 0.0304, Pentalty 0.4900, loss 0.2471
Epoch 3, Batch 611/618, Grad Norms near zero: 12, Lx 0.3605, Lu 0.0706, Pentalty 0.4052, loss 0.4717
Epoch 3, Batch 612/618, Grad Norms near zero: 12, Lx 0.2493, Lu 0.0319, Pentalty 0.5083, loss 0.3321
Epoch 3, Batch 613/618, Grad Norms near zero: 12, Lx 0.4194, Lu 0.0978, Pentalty 0.3658, loss 0.5538
Epoch 3, Batch 614/618, Grad Norms near zero: 12, Lx 0.2352, Lu 0.0322, Pentalty 0.4866, loss 0.3160
Epoch 3, Batch 615/618, Grad Norms near zero: 13, Lx 0.2347, Lu 0.0187, Pentalty 0.6121, loss 0.3146
Epoch 3, Batch 616/618, Grad Norms near zero: 12, Lx 0.3699, Lu 0.0806, Pentalty 0.4777, loss 0.4983
Epoch 3, Batch 617/618, Grad Norms near zero: 12, Lx 0.3883, Lu 0.0985, Pentalty 0.4350, loss 0.5303
Epoch 3, Batch 618/618, Grad Norms near zero: 12, Lx 0.3879, Lu 0.0706, Pentalty 0.4757, loss 0.5061
Training for Network 2
labelled data size: 20227
unlabelled data size: 19773
Epoch 3, Batch 1/633, Grad Norms near zero: 12, Lx 0.2345, Lu 0.0355, Pentalty 0.4787, loss 0.3179
Epoch 3, Batch 2/633, Grad Norms near zero: 12, Lx 0.1798, Lu 0.0358, Pentalty 0.4736, loss 0.2630
Epoch 3, Batch 3/633, Grad Norms near zero: 13, Lx 0.2309, Lu 0.0285, Pentalty 0.4879, loss 0.3082
Epoch 3, Batch 4/633, Grad Norms near zero: 13, Lx 0.2686, Lu 0.0403, Pentalty 0.5029, loss 0.3592
Epoch 3, Batch 5/633, Grad Norms near zero: 12, Lx 0.2770, Lu 0.0428, Pentalty 0.5079, loss 0.3706
Epoch 3, Batch 6/633, Grad Norms near zero: 19, Lx 0.2106, Lu 0.0189, Pentalty 0.5965, loss 0.2892
Epoch 3, Batch 7/633, Grad Norms near zero: 13, Lx 0.3428, Lu 0.0446, Pentalty 0.5553, loss 0.4429
Epoch 3, Batch 8/633, Grad Norms near zero: 22, Lx 0.2688, Lu 0.0307, Pentalty 0.5592, loss 0.3554
Epoch 3, Batch 9/633, Grad Norms near zero: 12, Lx 0.2810, Lu 0.0337, Pentalty 0.5779, loss 0.3725
Epoch 3, Batch 10/633, Grad Norms near zero: 12, Lx 0.3203, Lu 0.0303, Pentalty 0.5952, loss 0.4101
Epoch 3, Batch 11/633, Grad Norms near zero: 13, Lx 0.2791, Lu 0.0365, Pentalty 0.5568, loss 0.3713
Epoch 3, Batch 12/633, Grad Norms near zero: 20, Lx 0.2731, Lu 0.0325, Pentalty 0.5330, loss 0.3589
Epoch 3, Batch 13/633, Grad Norms near zero: 13, Lx 0.2130, Lu 0.0311, Pentalty 0.5399, loss 0.2981
Epoch 3, Batch 14/633, Grad Norms near zero: 17, Lx 0.2027, Lu 0.0261, Pentalty 0.5293, loss 0.2817
Epoch 3, Batch 15/633, Grad Norms near zero: 13, Lx 0.3144, Lu 0.0339, Pentalty 0.5151, loss 0.3999
Epoch 3, Batch 16/633, Grad Norms near zero: 12, Lx 0.1724, Lu 0.0255, Pentalty 0.5598, loss 0.2538
Epoch 3, Batch 17/633, Grad Norms near zero: 16, Lx 0.3507, Lu 0.0431, Pentalty 0.4856, loss 0.4424
Epoch 3, Batch 18/633, Grad Norms near zero: 19, Lx 0.3319, Lu 0.0439, Pentalty 0.5120, loss 0.4269
Epoch 3, Batch 19/633, Grad Norms near zero: 21, Lx 0.2835, Lu 0.0308, Pentalty 0.5166, loss 0.3659
Epoch 3, Batch 20/633, Grad Norms near zero: 18, Lx 0.2802, Lu 0.0345, Pentalty 0.5039, loss 0.3651
Epoch 3, Batch 21/633, Grad Norms near zero: 13, Lx 0.3088, Lu 0.0372, Pentalty 0.4951, loss 0.3956
Epoch 3, Batch 22/633, Grad Norms near zero: 22, Lx 0.2739, Lu 0.0290, Pentalty 0.4930, loss 0.3522
Epoch 3, Batch 23/633, Grad Norms near zero: 13, Lx 0.2525, Lu 0.0294, Pentalty 0.4866, loss 0.3306
Epoch 3, Batch 24/633, Grad Norms near zero: 15, Lx 0.2686, Lu 0.0362, Pentalty 0.5076, loss 0.3556
Epoch 3, Batch 25/633, Grad Norms near zero: 13, Lx 0.1987, Lu 0.0301, Pentalty 0.5169, loss 0.2805
Epoch 3, Batch 26/633, Grad Norms near zero: 12, Lx 0.2383, Lu 0.0460, Pentalty 0.4832, loss 0.3326
Epoch 3, Batch 27/633, Grad Norms near zero: 20, Lx 0.2314, Lu 0.0326, Pentalty 0.4918, loss 0.3131
Epoch 3, Batch 28/633, Grad Norms near zero: 12, Lx 0.2573, Lu 0.0307, Pentalty 0.5274, loss 0.3407
Epoch 3, Batch 29/633, Grad Norms near zero: 18, Lx 0.2777, Lu 0.0311, Pentalty 0.5163, loss 0.3604
Epoch 3, Batch 30/633, Grad Norms near zero: 13, Lx 0.2260, Lu 0.0478, Pentalty 0.5739, loss 0.3312
Epoch 3, Batch 31/633, Grad Norms near zero: 13, Lx 0.2053, Lu 0.0219, Pentalty 0.5858, loss 0.2858
Epoch 3, Batch 32/633, Grad Norms near zero: 14, Lx 0.1726, Lu 0.0272, Pentalty 0.5764, loss 0.2574
Epoch 3, Batch 33/633, Grad Norms near zero: 26, Lx 0.2457, Lu 0.0196, Pentalty 0.5991, loss 0.3252
Epoch 3, Batch 34/633, Grad Norms near zero: 12, Lx 0.2963, Lu 0.0414, Pentalty 0.5661, loss 0.3943
Epoch 3, Batch 35/633, Grad Norms near zero: 17, Lx 0.1559, Lu 0.0112, Pentalty 0.6156, loss 0.2287
Epoch 3, Batch 36/633, Grad Norms near zero: 12, Lx 0.2568, Lu 0.0248, Pentalty 0.6196, loss 0.3435
Epoch 3, Batch 37/633, Grad Norms near zero: 13, Lx 0.3451, Lu 0.0444, Pentalty 0.5683, loss 0.4463
Epoch 3, Batch 38/633, Grad Norms near zero: 15, Lx 0.3082, Lu 0.0315, Pentalty 0.5748, loss 0.3971
Epoch 3, Batch 39/633, Grad Norms near zero: 12, Lx 0.2557, Lu 0.0316, Pentalty 0.5736, loss 0.3447
Epoch 3, Batch 40/633, Grad Norms near zero: 13, Lx 0.2234, Lu 0.0257, Pentalty 0.5699, loss 0.3061
Epoch 3, Batch 41/633, Grad Norms near zero: 13, Lx 0.2684, Lu 0.0390, Pentalty 0.5350, loss 0.3610
Epoch 3, Batch 42/633, Grad Norms near zero: 12, Lx 0.3066, Lu 0.0492, Pentalty 0.4934, loss 0.4052
Epoch 3, Batch 43/633, Grad Norms near zero: 16, Lx 0.1906, Lu 0.0188, Pentalty 0.5609, loss 0.2655
Epoch 3, Batch 44/633, Grad Norms near zero: 13, Lx 0.3310, Lu 0.0552, Pentalty 0.4836, loss 0.4346
Epoch 3, Batch 45/633, Grad Norms near zero: 12, Lx 0.2805, Lu 0.0550, Pentalty 0.5565, loss 0.3911
Epoch 3, Batch 46/633, Grad Norms near zero: 16, Lx 0.2938, Lu 0.0412, Pentalty 0.4935, loss 0.3844
Epoch 3, Batch 47/633, Grad Norms near zero: 17, Lx 0.2460, Lu 0.0268, Pentalty 0.5339, loss 0.3262
Epoch 3, Batch 48/633, Grad Norms near zero: 13, Lx 0.2461, Lu 0.0318, Pentalty 0.5118, loss 0.3292
Epoch 3, Batch 49/633, Grad Norms near zero: 12, Lx 0.3372, Lu 0.0444, Pentalty 0.4543, loss 0.4270
Epoch 3, Batch 50/633, Grad Norms near zero: 13, Lx 0.3310, Lu 0.0371, Pentalty 0.5383, loss 0.4219
Epoch 3, Batch 51/633, Grad Norms near zero: 13, Lx 0.1996, Lu 0.0192, Pentalty 0.5684, loss 0.2756
Epoch 3, Batch 52/633, Grad Norms near zero: 16, Lx 0.2431, Lu 0.0427, Pentalty 0.5315, loss 0.3389
Epoch 3, Batch 53/633, Grad Norms near zero: 13, Lx 0.2012, Lu 0.0174, Pentalty 0.5378, loss 0.2724
Epoch 3, Batch 54/633, Grad Norms near zero: 20, Lx 0.2804, Lu 0.0365, Pentalty 0.5154, loss 0.3685
Epoch 3, Batch 55/633, Grad Norms near zero: 16, Lx 0.2383, Lu 0.0307, Pentalty 0.5228, loss 0.3213
Epoch 3, Batch 56/633, Grad Norms near zero: 12, Lx 0.1597, Lu 0.0246, Pentalty 0.5680, loss 0.2412
Epoch 3, Batch 57/633, Grad Norms near zero: 15, Lx 0.2802, Lu 0.0446, Pentalty 0.5363, loss 0.3784
Epoch 3, Batch 58/633, Grad Norms near zero: 13, Lx 0.2607, Lu 0.0425, Pentalty 0.5333, loss 0.3565
Epoch 3, Batch 59/633, Grad Norms near zero: 18, Lx 0.1959, Lu 0.0202, Pentalty 0.5485, loss 0.2710
Epoch 3, Batch 60/633, Grad Norms near zero: 12, Lx 0.1807, Lu 0.0204, Pentalty 0.6207, loss 0.2631
Epoch 3, Batch 61/633, Grad Norms near zero: 12, Lx 0.3176, Lu 0.0554, Pentalty 0.4986, loss 0.4228
Epoch 3, Batch 62/633, Grad Norms near zero: 23, Lx 0.2409, Lu 0.0194, Pentalty 0.6086, loss 0.3211
Epoch 3, Batch 63/633, Grad Norms near zero: 22, Lx 0.2754, Lu 0.0250, Pentalty 0.5963, loss 0.3600
Epoch 3, Batch 64/633, Grad Norms near zero: 12, Lx 0.3601, Lu 0.0526, Pentalty 0.6003, loss 0.4727
Epoch 3, Batch 65/633, Grad Norms near zero: 14, Lx 0.1693, Lu 0.0190, Pentalty 0.6208, loss 0.2504
Epoch 3, Batch 66/633, Grad Norms near zero: 16, Lx 0.2882, Lu 0.0434, Pentalty 0.5279, loss 0.3845
Epoch 3, Batch 67/633, Grad Norms near zero: 12, Lx 0.3017, Lu 0.0388, Pentalty 0.5430, loss 0.3948
Epoch 3, Batch 68/633, Grad Norms near zero: 18, Lx 0.2671, Lu 0.0256, Pentalty 0.5715, loss 0.3498
Epoch 3, Batch 69/633, Grad Norms near zero: 16, Lx 0.2596, Lu 0.0290, Pentalty 0.5290, loss 0.3415
Epoch 3, Batch 70/633, Grad Norms near zero: 13, Lx 0.1779, Lu 0.0207, Pentalty 0.5713, loss 0.2558
Epoch 3, Batch 71/633, Grad Norms near zero: 12, Lx 0.3039, Lu 0.0429, Pentalty 0.5132, loss 0.3981
Epoch 3, Batch 72/633, Grad Norms near zero: 12, Lx 0.3043, Lu 0.0419, Pentalty 0.5734, loss 0.4035
Epoch 3, Batch 73/633, Grad Norms near zero: 15, Lx 0.2944, Lu 0.0362, Pentalty 0.5743, loss 0.3880
Epoch 3, Batch 74/633, Grad Norms near zero: 12, Lx 0.3418, Lu 0.0446, Pentalty 0.5648, loss 0.4429
Epoch 3, Batch 75/633, Grad Norms near zero: 12, Lx 0.2357, Lu 0.0305, Pentalty 0.5088, loss 0.3171
Epoch 3, Batch 76/633, Grad Norms near zero: 12, Lx 0.3275, Lu 0.0443, Pentalty 0.4886, loss 0.4207
Epoch 3, Batch 77/633, Grad Norms near zero: 13, Lx 0.3283, Lu 0.0335, Pentalty 0.4559, loss 0.4074
Epoch 3, Batch 78/633, Grad Norms near zero: 16, Lx 0.2964, Lu 0.0405, Pentalty 0.4990, loss 0.3867
Epoch 3, Batch 79/633, Grad Norms near zero: 12, Lx 0.2857, Lu 0.0573, Pentalty 0.4238, loss 0.3854
Epoch 3, Batch 80/633, Grad Norms near zero: 12, Lx 0.2568, Lu 0.0309, Pentalty 0.4948, loss 0.3372
Epoch 3, Batch 81/633, Grad Norms near zero: 12, Lx 0.1756, Lu 0.0225, Pentalty 0.5604, loss 0.2542
Epoch 3, Batch 82/633, Grad Norms near zero: 13, Lx 0.2924, Lu 0.0467, Pentalty 0.4618, loss 0.3853
Epoch 3, Batch 83/633, Grad Norms near zero: 12, Lx 0.2500, Lu 0.0260, Pentalty 0.4993, loss 0.3259
Epoch 3, Batch 84/633, Grad Norms near zero: 13, Lx 0.3128, Lu 0.0461, Pentalty 0.4736, loss 0.4062
Epoch 3, Batch 85/633, Grad Norms near zero: 13, Lx 0.3448, Lu 0.0496, Pentalty 0.5094, loss 0.4454
Epoch 3, Batch 86/633, Grad Norms near zero: 17, Lx 0.3080, Lu 0.0322, Pentalty 0.5587, loss 0.3960
Epoch 3, Batch 87/633, Grad Norms near zero: 12, Lx 0.3603, Lu 0.0404, Pentalty 0.5130, loss 0.4520
Epoch 3, Batch 88/633, Grad Norms near zero: 20, Lx 0.2430, Lu 0.0253, Pentalty 0.5400, loss 0.3223
Epoch 3, Batch 89/633, Grad Norms near zero: 12, Lx 0.2466, Lu 0.0497, Pentalty 0.4929, loss 0.3456
Epoch 3, Batch 90/633, Grad Norms near zero: 12, Lx 0.2690, Lu 0.0264, Pentalty 0.5907, loss 0.3544
Epoch 3, Batch 91/633, Grad Norms near zero: 13, Lx 0.3687, Lu 0.0499, Pentalty 0.4890, loss 0.4675
Epoch 3, Batch 92/633, Grad Norms near zero: 12, Lx 0.2682, Lu 0.0375, Pentalty 0.5275, loss 0.3584
Epoch 3, Batch 93/633, Grad Norms near zero: 12, Lx 0.2403, Lu 0.0413, Pentalty 0.4935, loss 0.3309
Epoch 3, Batch 94/633, Grad Norms near zero: 12, Lx 0.3137, Lu 0.0455, Pentalty 0.4641, loss 0.4056
Epoch 3, Batch 95/633, Grad Norms near zero: 12, Lx 0.3751, Lu 0.0494, Pentalty 0.5029, loss 0.4748
Epoch 3, Batch 96/633, Grad Norms near zero: 12, Lx 0.3415, Lu 0.0436, Pentalty 0.4478, loss 0.4299
Epoch 3, Batch 97/633, Grad Norms near zero: 15, Lx 0.2500, Lu 0.0231, Pentalty 0.4925, loss 0.3224
Epoch 3, Batch 98/633, Grad Norms near zero: 12, Lx 0.2079, Lu 0.0321, Pentalty 0.4909, loss 0.2892
Epoch 3, Batch 99/633, Grad Norms near zero: 13, Lx 0.1878, Lu 0.0173, Pentalty 0.5890, loss 0.2640
Epoch 3, Batch 100/633, Grad Norms near zero: 12, Lx 0.2990, Lu 0.0345, Pentalty 0.4371, loss 0.3772
Epoch 3, Batch 101/633, Grad Norms near zero: 12, Lx 0.2806, Lu 0.0324, Pentalty 0.4447, loss 0.3574
Epoch 3, Batch 102/633, Grad Norms near zero: 12, Lx 0.2641, Lu 0.0378, Pentalty 0.4622, loss 0.3481
Epoch 3, Batch 103/633, Grad Norms near zero: 12, Lx 0.3051, Lu 0.0402, Pentalty 0.4721, loss 0.3925
Epoch 3, Batch 104/633, Grad Norms near zero: 13, Lx 0.2028, Lu 0.0219, Pentalty 0.5609, loss 0.2808
Epoch 3, Batch 105/633, Grad Norms near zero: 13, Lx 0.2105, Lu 0.0174, Pentalty 0.6868, loss 0.2966
Epoch 3, Batch 106/633, Grad Norms near zero: 19, Lx 0.2161, Lu 0.0153, Pentalty 0.6211, loss 0.2934
Epoch 3, Batch 107/633, Grad Norms near zero: 12, Lx 0.3408, Lu 0.0437, Pentalty 0.5466, loss 0.4392
Epoch 3, Batch 108/633, Grad Norms near zero: 16, Lx 0.1775, Lu 0.0086, Pentalty 0.7610, loss 0.2622
Epoch 3, Batch 109/633, Grad Norms near zero: 12, Lx 0.2951, Lu 0.0375, Pentalty 0.5475, loss 0.3874
Epoch 3, Batch 110/633, Grad Norms near zero: 12, Lx 0.2496, Lu 0.0216, Pentalty 0.6458, loss 0.3358
Epoch 3, Batch 111/633, Grad Norms near zero: 12, Lx 0.2160, Lu 0.0279, Pentalty 0.5674, loss 0.3007
Epoch 3, Batch 112/633, Grad Norms near zero: 15, Lx 0.2297, Lu 0.0346, Pentalty 0.5976, loss 0.3241
Epoch 3, Batch 113/633, Grad Norms near zero: 12, Lx 0.2596, Lu 0.0495, Pentalty 0.6232, loss 0.3714
Epoch 3, Batch 114/633, Grad Norms near zero: 12, Lx 0.3141, Lu 0.0383, Pentalty 0.4872, loss 0.4011
Epoch 3, Batch 115/633, Grad Norms near zero: 12, Lx 0.2879, Lu 0.0382, Pentalty 0.5842, loss 0.3845
Epoch 3, Batch 116/633, Grad Norms near zero: 12, Lx 0.3247, Lu 0.0450, Pentalty 0.4520, loss 0.4149
Epoch 3, Batch 117/633, Grad Norms near zero: 13, Lx 0.2471, Lu 0.0277, Pentalty 0.4964, loss 0.3245
Epoch 3, Batch 118/633, Grad Norms near zero: 12, Lx 0.3392, Lu 0.0411, Pentalty 0.5295, loss 0.4333
Epoch 3, Batch 119/633, Grad Norms near zero: 12, Lx 0.2355, Lu 0.0309, Pentalty 0.4831, loss 0.3147
Epoch 3, Batch 120/633, Grad Norms near zero: 12, Lx 0.2412, Lu 0.0262, Pentalty 0.4622, loss 0.3136
Epoch 3, Batch 121/633, Grad Norms near zero: 12, Lx 0.1869, Lu 0.0247, Pentalty 0.4937, loss 0.2610
Epoch 3, Batch 122/633, Grad Norms near zero: 12, Lx 0.3229, Lu 0.0454, Pentalty 0.4263, loss 0.4109
Epoch 3, Batch 123/633, Grad Norms near zero: 12, Lx 0.2387, Lu 0.0323, Pentalty 0.5027, loss 0.3212
Epoch 3, Batch 124/633, Grad Norms near zero: 12, Lx 0.2882, Lu 0.0322, Pentalty 0.5163, loss 0.3720
Epoch 3, Batch 125/633, Grad Norms near zero: 12, Lx 0.2953, Lu 0.0363, Pentalty 0.5053, loss 0.3821
Epoch 3, Batch 126/633, Grad Norms near zero: 12, Lx 0.2628, Lu 0.0271, Pentalty 0.5783, loss 0.3477
Epoch 3, Batch 127/633, Grad Norms near zero: 12, Lx 0.2849, Lu 0.0340, Pentalty 0.5502, loss 0.3739
Epoch 3, Batch 128/633, Grad Norms near zero: 12, Lx 0.3198, Lu 0.0454, Pentalty 0.5130, loss 0.4165
Epoch 3, Batch 129/633, Grad Norms near zero: 12, Lx 0.3071, Lu 0.0392, Pentalty 0.5259, loss 0.3989
Epoch 3, Batch 130/633, Grad Norms near zero: 12, Lx 0.3000, Lu 0.0373, Pentalty 0.5451, loss 0.3918
Epoch 3, Batch 131/633, Grad Norms near zero: 22, Lx 0.2127, Lu 0.0152, Pentalty 0.6060, loss 0.2885
Epoch 3, Batch 132/633, Grad Norms near zero: 16, Lx 0.2061, Lu 0.0162, Pentalty 0.6364, loss 0.2859
Epoch 3, Batch 133/633, Grad Norms near zero: 12, Lx 0.2126, Lu 0.0272, Pentalty 0.5831, loss 0.2981
Epoch 3, Batch 134/633, Grad Norms near zero: 12, Lx 0.2792, Lu 0.0460, Pentalty 0.5909, loss 0.3843
Epoch 3, Batch 135/633, Grad Norms near zero: 13, Lx 0.1489, Lu 0.0135, Pentalty 0.6512, loss 0.2275
Epoch 3, Batch 136/633, Grad Norms near zero: 12, Lx 0.3497, Lu 0.0403, Pentalty 0.5489, loss 0.4449
Epoch 3, Batch 137/633, Grad Norms near zero: 12, Lx 0.2878, Lu 0.0239, Pentalty 0.5609, loss 0.3677
Epoch 3, Batch 138/633, Grad Norms near zero: 12, Lx 0.3501, Lu 0.0553, Pentalty 0.4334, loss 0.4487
Epoch 3, Batch 139/633, Grad Norms near zero: 12, Lx 0.2442, Lu 0.0359, Pentalty 0.4500, loss 0.3251
Epoch 3, Batch 140/633, Grad Norms near zero: 14, Lx 0.3020, Lu 0.0318, Pentalty 0.5118, loss 0.3850
Epoch 3, Batch 141/633, Grad Norms near zero: 12, Lx 0.2564, Lu 0.0324, Pentalty 0.4443, loss 0.3332
Epoch 3, Batch 142/633, Grad Norms near zero: 12, Lx 0.2414, Lu 0.0296, Pentalty 0.4883, loss 0.3199
Epoch 3, Batch 143/633, Grad Norms near zero: 12, Lx 0.2978, Lu 0.0372, Pentalty 0.4827, loss 0.3832
Epoch 3, Batch 144/633, Grad Norms near zero: 12, Lx 0.2839, Lu 0.0508, Pentalty 0.4455, loss 0.3792
Epoch 3, Batch 145/633, Grad Norms near zero: 12, Lx 0.2961, Lu 0.0360, Pentalty 0.4833, loss 0.3804
Epoch 3, Batch 146/633, Grad Norms near zero: 12, Lx 0.2095, Lu 0.0217, Pentalty 0.5710, loss 0.2883
Epoch 3, Batch 147/633, Grad Norms near zero: 12, Lx 0.1948, Lu 0.0332, Pentalty 0.5018, loss 0.2782
Epoch 3, Batch 148/633, Grad Norms near zero: 14, Lx 0.3192, Lu 0.0363, Pentalty 0.4869, loss 0.4042
Epoch 3, Batch 149/633, Grad Norms near zero: 12, Lx 0.3056, Lu 0.0435, Pentalty 0.4995, loss 0.3990
Epoch 3, Batch 150/633, Grad Norms near zero: 12, Lx 0.3150, Lu 0.0363, Pentalty 0.5478, loss 0.4061
Epoch 3, Batch 151/633, Grad Norms near zero: 12, Lx 0.2157, Lu 0.0245, Pentalty 0.5442, loss 0.2946
Epoch 3, Batch 152/633, Grad Norms near zero: 15, Lx 0.2602, Lu 0.0194, Pentalty 0.6178, loss 0.3414
Epoch 3, Batch 153/633, Grad Norms near zero: 14, Lx 0.2684, Lu 0.0269, Pentalty 0.5753, loss 0.3528
Epoch 3, Batch 154/633, Grad Norms near zero: 12, Lx 0.3412, Lu 0.0482, Pentalty 0.5966, loss 0.4490
Epoch 3, Batch 155/633, Grad Norms near zero: 18, Lx 0.2256, Lu 0.0249, Pentalty 0.5914, loss 0.3096
Epoch 3, Batch 156/633, Grad Norms near zero: 12, Lx 0.2688, Lu 0.0438, Pentalty 0.5543, loss 0.3680
Epoch 3, Batch 157/633, Grad Norms near zero: 12, Lx 0.3327, Lu 0.0400, Pentalty 0.5655, loss 0.4293
Epoch 3, Batch 158/633, Grad Norms near zero: 12, Lx 0.3305, Lu 0.0460, Pentalty 0.5353, loss 0.4300
Epoch 3, Batch 159/633, Grad Norms near zero: 12, Lx 0.2717, Lu 0.0387, Pentalty 0.5424, loss 0.3646
Epoch 3, Batch 160/633, Grad Norms near zero: 13, Lx 0.1958, Lu 0.0185, Pentalty 0.6087, loss 0.2751
Epoch 3, Batch 161/633, Grad Norms near zero: 12, Lx 0.3741, Lu 0.0531, Pentalty 0.4614, loss 0.4734
Epoch 3, Batch 162/633, Grad Norms near zero: 12, Lx 0.2386, Lu 0.0357, Pentalty 0.4410, loss 0.3184
Epoch 3, Batch 163/633, Grad Norms near zero: 12, Lx 0.2457, Lu 0.0379, Pentalty 0.4375, loss 0.3274
Epoch 3, Batch 164/633, Grad Norms near zero: 12, Lx 0.2232, Lu 0.0265, Pentalty 0.4449, loss 0.2942
Epoch 3, Batch 165/633, Grad Norms near zero: 12, Lx 0.2370, Lu 0.0382, Pentalty 0.4500, loss 0.3203
Epoch 3, Batch 166/633, Grad Norms near zero: 12, Lx 0.2962, Lu 0.0271, Pentalty 0.4736, loss 0.3706
Epoch 3, Batch 167/633, Grad Norms near zero: 12, Lx 0.2820, Lu 0.0373, Pentalty 0.4848, loss 0.3678
Epoch 3, Batch 168/633, Grad Norms near zero: 16, Lx 0.2906, Lu 0.0377, Pentalty 0.5125, loss 0.3795
Epoch 3, Batch 169/633, Grad Norms near zero: 12, Lx 0.2746, Lu 0.0326, Pentalty 0.5173, loss 0.3589
Epoch 3, Batch 170/633, Grad Norms near zero: 12, Lx 0.2885, Lu 0.0387, Pentalty 0.5193, loss 0.3791
Epoch 3, Batch 171/633, Grad Norms near zero: 12, Lx 0.3066, Lu 0.0273, Pentalty 0.5423, loss 0.3882
Epoch 3, Batch 172/633, Grad Norms near zero: 12, Lx 0.3409, Lu 0.0444, Pentalty 0.5268, loss 0.4380
Epoch 3, Batch 173/633, Grad Norms near zero: 13, Lx 0.1960, Lu 0.0179, Pentalty 0.6366, loss 0.2775
Epoch 3, Batch 174/633, Grad Norms near zero: 13, Lx 0.2289, Lu 0.0281, Pentalty 0.5455, loss 0.3115
Epoch 3, Batch 175/633, Grad Norms near zero: 12, Lx 0.2364, Lu 0.0164, Pentalty 0.6378, loss 0.3166
Epoch 3, Batch 176/633, Grad Norms near zero: 12, Lx 0.2952, Lu 0.0411, Pentalty 0.5088, loss 0.3872
Epoch 3, Batch 177/633, Grad Norms near zero: 12, Lx 0.3310, Lu 0.0294, Pentalty 0.5472, loss 0.4151
Epoch 3, Batch 178/633, Grad Norms near zero: 13, Lx 0.1813, Lu 0.0166, Pentalty 0.5606, loss 0.2539
Epoch 3, Batch 179/633, Grad Norms near zero: 17, Lx 0.2123, Lu 0.0239, Pentalty 0.5414, loss 0.2903
Epoch 3, Batch 180/633, Grad Norms near zero: 12, Lx 0.3091, Lu 0.0326, Pentalty 0.5102, loss 0.3927
Epoch 3, Batch 181/633, Grad Norms near zero: 12, Lx 0.2700, Lu 0.0451, Pentalty 0.4751, loss 0.3626
Epoch 3, Batch 182/633, Grad Norms near zero: 12, Lx 0.3130, Lu 0.0494, Pentalty 0.5278, loss 0.4151
Epoch 3, Batch 183/633, Grad Norms near zero: 12, Lx 0.2877, Lu 0.0457, Pentalty 0.4686, loss 0.3803
Epoch 3, Batch 184/633, Grad Norms near zero: 12, Lx 0.2767, Lu 0.0290, Pentalty 0.5170, loss 0.3573
Epoch 3, Batch 185/633, Grad Norms near zero: 12, Lx 0.3315, Lu 0.0526, Pentalty 0.4700, loss 0.4310
Epoch 3, Batch 186/633, Grad Norms near zero: 12, Lx 0.2923, Lu 0.0390, Pentalty 0.4886, loss 0.3801
Epoch 3, Batch 187/633, Grad Norms near zero: 12, Lx 0.1912, Lu 0.0259, Pentalty 0.5217, loss 0.2692
Epoch 3, Batch 188/633, Grad Norms near zero: 12, Lx 0.3258, Lu 0.0415, Pentalty 0.5032, loss 0.4177
Epoch 3, Batch 189/633, Grad Norms near zero: 12, Lx 0.2004, Lu 0.0227, Pentalty 0.5684, loss 0.2800
Epoch 3, Batch 190/633, Grad Norms near zero: 12, Lx 0.2308, Lu 0.0307, Pentalty 0.5504, loss 0.3165
Epoch 3, Batch 191/633, Grad Norms near zero: 12, Lx 0.3285, Lu 0.0405, Pentalty 0.5359, loss 0.4226
Epoch 3, Batch 192/633, Grad Norms near zero: 17, Lx 0.2216, Lu 0.0221, Pentalty 0.5649, loss 0.3002
Epoch 3, Batch 193/633, Grad Norms near zero: 12, Lx 0.3586, Lu 0.0431, Pentalty 0.5639, loss 0.4580
Epoch 3, Batch 194/633, Grad Norms near zero: 13, Lx 0.1848, Lu 0.0139, Pentalty 0.6041, loss 0.2591
Epoch 3, Batch 195/633, Grad Norms near zero: 12, Lx 0.2750, Lu 0.0312, Pentalty 0.5633, loss 0.3625
Epoch 3, Batch 196/633, Grad Norms near zero: 12, Lx 0.2763, Lu 0.0446, Pentalty 0.5448, loss 0.3753
Epoch 3, Batch 197/633, Grad Norms near zero: 13, Lx 0.1523, Lu 0.0151, Pentalty 0.6665, loss 0.2341
Epoch 3, Batch 198/633, Grad Norms near zero: 12, Lx 0.3285, Lu 0.0456, Pentalty 0.5166, loss 0.4258
Epoch 3, Batch 199/633, Grad Norms near zero: 13, Lx 0.1732, Lu 0.0149, Pentalty 0.6156, loss 0.2496
Epoch 3, Batch 200/633, Grad Norms near zero: 12, Lx 0.3419, Lu 0.0480, Pentalty 0.4795, loss 0.4379
Epoch 3, Batch 201/633, Grad Norms near zero: 12, Lx 0.3001, Lu 0.0418, Pentalty 0.5243, loss 0.3944
Epoch 3, Batch 202/633, Grad Norms near zero: 13, Lx 0.2903, Lu 0.0332, Pentalty 0.4902, loss 0.3725
Epoch 3, Batch 203/633, Grad Norms near zero: 12, Lx 0.3572, Lu 0.0415, Pentalty 0.5122, loss 0.4499
Epoch 3, Batch 204/633, Grad Norms near zero: 12, Lx 0.2802, Lu 0.0457, Pentalty 0.4992, loss 0.3758
Epoch 3, Batch 205/633, Grad Norms near zero: 12, Lx 0.3573, Lu 0.0501, Pentalty 0.4247, loss 0.4498
Epoch 3, Batch 206/633, Grad Norms near zero: 12, Lx 0.2195, Lu 0.0236, Pentalty 0.5527, loss 0.2984
Epoch 3, Batch 207/633, Grad Norms near zero: 12, Lx 0.3211, Lu 0.0436, Pentalty 0.4722, loss 0.4119
Epoch 3, Batch 208/633, Grad Norms near zero: 12, Lx 0.3051, Lu 0.0482, Pentalty 0.4080, loss 0.3941
Epoch 3, Batch 209/633, Grad Norms near zero: 13, Lx 0.3334, Lu 0.0366, Pentalty 0.4655, loss 0.4166
Epoch 3, Batch 210/633, Grad Norms near zero: 12, Lx 0.2943, Lu 0.0446, Pentalty 0.4358, loss 0.3825
Epoch 3, Batch 211/633, Grad Norms near zero: 12, Lx 0.3063, Lu 0.0439, Pentalty 0.4577, loss 0.3960
Epoch 3, Batch 212/633, Grad Norms near zero: 13, Lx 0.3135, Lu 0.0452, Pentalty 0.4918, loss 0.4078
Epoch 3, Batch 213/633, Grad Norms near zero: 12, Lx 0.2533, Lu 0.0350, Pentalty 0.5080, loss 0.3392
Epoch 3, Batch 214/633, Grad Norms near zero: 12, Lx 0.2965, Lu 0.0295, Pentalty 0.5274, loss 0.3788
Epoch 3, Batch 215/633, Grad Norms near zero: 12, Lx 0.2532, Lu 0.0294, Pentalty 0.5213, loss 0.3347
Epoch 3, Batch 216/633, Grad Norms near zero: 12, Lx 0.1293, Lu 0.0168, Pentalty 0.6233, loss 0.2084
Epoch 3, Batch 217/633, Grad Norms near zero: 12, Lx 0.3321, Lu 0.0485, Pentalty 0.5122, loss 0.4318
Epoch 3, Batch 218/633, Grad Norms near zero: 12, Lx 0.2493, Lu 0.0359, Pentalty 0.5608, loss 0.3413
Epoch 3, Batch 219/633, Grad Norms near zero: 12, Lx 0.3275, Lu 0.0512, Pentalty 0.5348, loss 0.4322
Epoch 3, Batch 220/633, Grad Norms near zero: 12, Lx 0.2525, Lu 0.0266, Pentalty 0.5932, loss 0.3384
Epoch 3, Batch 221/633, Grad Norms near zero: 12, Lx 0.2471, Lu 0.0259, Pentalty 0.6021, loss 0.3332
Epoch 3, Batch 222/633, Grad Norms near zero: 12, Lx 0.2423, Lu 0.0221, Pentalty 0.5681, loss 0.3212
Epoch 3, Batch 223/633, Grad Norms near zero: 12, Lx 0.3639, Lu 0.0479, Pentalty 0.5076, loss 0.4625
Epoch 3, Batch 224/633, Grad Norms near zero: 12, Lx 0.3100, Lu 0.0463, Pentalty 0.4964, loss 0.4059
Epoch 3, Batch 225/633, Grad Norms near zero: 12, Lx 0.3098, Lu 0.0431, Pentalty 0.4703, loss 0.3999
Epoch 3, Batch 226/633, Grad Norms near zero: 12, Lx 0.2785, Lu 0.0330, Pentalty 0.4747, loss 0.3589
Epoch 3, Batch 227/633, Grad Norms near zero: 12, Lx 0.2045, Lu 0.0234, Pentalty 0.5566, loss 0.2836
Epoch 3, Batch 228/633, Grad Norms near zero: 12, Lx 0.1979, Lu 0.0274, Pentalty 0.4988, loss 0.2752
Epoch 3, Batch 229/633, Grad Norms near zero: 12, Lx 0.2777, Lu 0.0342, Pentalty 0.5058, loss 0.3625
Epoch 3, Batch 230/633, Grad Norms near zero: 12, Lx 0.2511, Lu 0.0298, Pentalty 0.4950, loss 0.3304
Epoch 3, Batch 231/633, Grad Norms near zero: 12, Lx 0.2808, Lu 0.0376, Pentalty 0.4850, loss 0.3669
Epoch 3, Batch 232/633, Grad Norms near zero: 12, Lx 0.2837, Lu 0.0516, Pentalty 0.4726, loss 0.3825
Epoch 3, Batch 233/633, Grad Norms near zero: 12, Lx 0.3422, Lu 0.0480, Pentalty 0.4916, loss 0.4394
Epoch 3, Batch 234/633, Grad Norms near zero: 12, Lx 0.2715, Lu 0.0335, Pentalty 0.5113, loss 0.3561
Epoch 3, Batch 235/633, Grad Norms near zero: 12, Lx 0.2569, Lu 0.0319, Pentalty 0.5547, loss 0.3442
Epoch 3, Batch 236/633, Grad Norms near zero: 12, Lx 0.2928, Lu 0.0446, Pentalty 0.5428, loss 0.3917
Epoch 3, Batch 237/633, Grad Norms near zero: 12, Lx 0.2054, Lu 0.0211, Pentalty 0.5566, loss 0.2823
Epoch 3, Batch 238/633, Grad Norms near zero: 12, Lx 0.2855, Lu 0.0255, Pentalty 0.5574, loss 0.3667
Epoch 3, Batch 239/633, Grad Norms near zero: 12, Lx 0.2373, Lu 0.0316, Pentalty 0.5083, loss 0.3197
Epoch 3, Batch 240/633, Grad Norms near zero: 12, Lx 0.2509, Lu 0.0253, Pentalty 0.5574, loss 0.3320
Epoch 3, Batch 241/633, Grad Norms near zero: 12, Lx 0.2382, Lu 0.0312, Pentalty 0.5205, loss 0.3214
Epoch 3, Batch 242/633, Grad Norms near zero: 12, Lx 0.3036, Lu 0.0442, Pentalty 0.4741, loss 0.3952
Epoch 3, Batch 243/633, Grad Norms near zero: 12, Lx 0.2791, Lu 0.0293, Pentalty 0.5312, loss 0.3615
Epoch 3, Batch 244/633, Grad Norms near zero: 12, Lx 0.1117, Lu 0.0124, Pentalty 0.7122, loss 0.1953
Epoch 3, Batch 245/633, Grad Norms near zero: 12, Lx 0.2369, Lu 0.0184, Pentalty 0.5619, loss 0.3115
Epoch 3, Batch 246/633, Grad Norms near zero: 12, Lx 0.2074, Lu 0.0190, Pentalty 0.6801, loss 0.2944
Epoch 3, Batch 247/633, Grad Norms near zero: 12, Lx 0.2979, Lu 0.0417, Pentalty 0.5121, loss 0.3908
Epoch 3, Batch 248/633, Grad Norms near zero: 12, Lx 0.2716, Lu 0.0419, Pentalty 0.4939, loss 0.3629
Epoch 3, Batch 249/633, Grad Norms near zero: 12, Lx 0.3044, Lu 0.0410, Pentalty 0.5667, loss 0.4021
Epoch 3, Batch 250/633, Grad Norms near zero: 12, Lx 0.2364, Lu 0.0251, Pentalty 0.5639, loss 0.3179
Epoch 3, Batch 251/633, Grad Norms near zero: 12, Lx 0.3349, Lu 0.0482, Pentalty 0.5172, loss 0.4348
Epoch 3, Batch 252/633, Grad Norms near zero: 12, Lx 0.2163, Lu 0.0287, Pentalty 0.5413, loss 0.2991
Epoch 3, Batch 253/633, Grad Norms near zero: 12, Lx 0.1839, Lu 0.0233, Pentalty 0.5208, loss 0.2593
Epoch 3, Batch 254/633, Grad Norms near zero: 12, Lx 0.2912, Lu 0.0356, Pentalty 0.4939, loss 0.3763
Epoch 3, Batch 255/633, Grad Norms near zero: 12, Lx 0.2333, Lu 0.0270, Pentalty 0.5219, loss 0.3125
Epoch 3, Batch 256/633, Grad Norms near zero: 12, Lx 0.2420, Lu 0.0261, Pentalty 0.5505, loss 0.3232
Epoch 3, Batch 257/633, Grad Norms near zero: 12, Lx 0.2159, Lu 0.0388, Pentalty 0.5142, loss 0.3061
Epoch 3, Batch 258/633, Grad Norms near zero: 12, Lx 0.2323, Lu 0.0213, Pentalty 0.5878, loss 0.3124
Epoch 3, Batch 259/633, Grad Norms near zero: 12, Lx 0.2150, Lu 0.0173, Pentalty 0.6425, loss 0.2966
Epoch 3, Batch 260/633, Grad Norms near zero: 12, Lx 0.3580, Lu 0.0567, Pentalty 0.4882, loss 0.4635
Epoch 3, Batch 261/633, Grad Norms near zero: 12, Lx 0.1791, Lu 0.0137, Pentalty 0.6785, loss 0.2607
Epoch 3, Batch 262/633, Grad Norms near zero: 12, Lx 0.2830, Lu 0.0354, Pentalty 0.5577, loss 0.3741
Epoch 3, Batch 263/633, Grad Norms near zero: 12, Lx 0.2694, Lu 0.0320, Pentalty 0.4812, loss 0.3495
Epoch 3, Batch 264/633, Grad Norms near zero: 12, Lx 0.2189, Lu 0.0194, Pentalty 0.5867, loss 0.2969
Epoch 3, Batch 265/633, Grad Norms near zero: 12, Lx 0.1614, Lu 0.0134, Pentalty 0.6068, loss 0.2354
Epoch 3, Batch 266/633, Grad Norms near zero: 12, Lx 0.1958, Lu 0.0148, Pentalty 0.6525, loss 0.2758
Epoch 3, Batch 267/633, Grad Norms near zero: 12, Lx 0.3015, Lu 0.0417, Pentalty 0.5259, loss 0.3958
Epoch 3, Batch 268/633, Grad Norms near zero: 12, Lx 0.3105, Lu 0.0504, Pentalty 0.4371, loss 0.4046
Epoch 3, Batch 269/633, Grad Norms near zero: 13, Lx 0.2179, Lu 0.0221, Pentalty 0.5549, loss 0.2954
Epoch 3, Batch 270/633, Grad Norms near zero: 12, Lx 0.2854, Lu 0.0425, Pentalty 0.4801, loss 0.3759
Epoch 3, Batch 271/633, Grad Norms near zero: 13, Lx 0.2246, Lu 0.0222, Pentalty 0.5694, loss 0.3037
Epoch 3, Batch 272/633, Grad Norms near zero: 12, Lx 0.1159, Lu 0.0127, Pentalty 0.7114, loss 0.1997
Epoch 3, Batch 273/633, Grad Norms near zero: 12, Lx 0.2217, Lu 0.0237, Pentalty 0.5985, loss 0.3052
Epoch 3, Batch 274/633, Grad Norms near zero: 12, Lx 0.2689, Lu 0.0424, Pentalty 0.4692, loss 0.3582
Epoch 3, Batch 275/633, Grad Norms near zero: 12, Lx 0.2111, Lu 0.0135, Pentalty 0.7001, loss 0.2945
Epoch 3, Batch 276/633, Grad Norms near zero: 12, Lx 0.3503, Lu 0.0410, Pentalty 0.5509, loss 0.4465
Epoch 3, Batch 277/633, Grad Norms near zero: 12, Lx 0.3109, Lu 0.0359, Pentalty 0.5736, loss 0.4042
Epoch 3, Batch 278/633, Grad Norms near zero: 12, Lx 0.3381, Lu 0.0502, Pentalty 0.5726, loss 0.4456
Epoch 3, Batch 279/633, Grad Norms near zero: 12, Lx 0.2335, Lu 0.0188, Pentalty 0.6016, loss 0.3125
Epoch 3, Batch 280/633, Grad Norms near zero: 12, Lx 0.2138, Lu 0.0313, Pentalty 0.5436, loss 0.2994
Epoch 3, Batch 281/633, Grad Norms near zero: 12, Lx 0.2929, Lu 0.0495, Pentalty 0.4474, loss 0.3871
Epoch 3, Batch 282/633, Grad Norms near zero: 12, Lx 0.2597, Lu 0.0278, Pentalty 0.5194, loss 0.3394
Epoch 3, Batch 283/633, Grad Norms near zero: 12, Lx 0.3218, Lu 0.0379, Pentalty 0.5183, loss 0.4116
Epoch 3, Batch 284/633, Grad Norms near zero: 12, Lx 0.2232, Lu 0.0400, Pentalty 0.5043, loss 0.3136
Epoch 3, Batch 285/633, Grad Norms near zero: 12, Lx 0.2114, Lu 0.0242, Pentalty 0.4981, loss 0.2855
Epoch 3, Batch 286/633, Grad Norms near zero: 12, Lx 0.2212, Lu 0.0273, Pentalty 0.5341, loss 0.3019
Epoch 3, Batch 287/633, Grad Norms near zero: 12, Lx 0.3222, Lu 0.0448, Pentalty 0.4704, loss 0.4140
Epoch 3, Batch 288/633, Grad Norms near zero: 12, Lx 0.2237, Lu 0.0241, Pentalty 0.5174, loss 0.2996
Epoch 3, Batch 289/633, Grad Norms near zero: 12, Lx 0.2818, Lu 0.0450, Pentalty 0.4868, loss 0.3755
Epoch 3, Batch 290/633, Grad Norms near zero: 12, Lx 0.2517, Lu 0.0348, Pentalty 0.4944, loss 0.3360
Epoch 3, Batch 291/633, Grad Norms near zero: 12, Lx 0.2422, Lu 0.0342, Pentalty 0.5161, loss 0.3279
Epoch 3, Batch 292/633, Grad Norms near zero: 12, Lx 0.1803, Lu 0.0133, Pentalty 0.7035, loss 0.2639
Epoch 3, Batch 293/633, Grad Norms near zero: 12, Lx 0.2906, Lu 0.0376, Pentalty 0.5380, loss 0.3820
Epoch 3, Batch 294/633, Grad Norms near zero: 12, Lx 0.2404, Lu 0.0289, Pentalty 0.5677, loss 0.3260
Epoch 3, Batch 295/633, Grad Norms near zero: 12, Lx 0.2524, Lu 0.0259, Pentalty 0.5584, loss 0.3342
Epoch 3, Batch 296/633, Grad Norms near zero: 12, Lx 0.2532, Lu 0.0370, Pentalty 0.5503, loss 0.3453
Epoch 3, Batch 297/633, Grad Norms near zero: 13, Lx 0.1199, Lu 0.0125, Pentalty 0.7272, loss 0.2052
Epoch 3, Batch 298/633, Grad Norms near zero: 12, Lx 0.1834, Lu 0.0131, Pentalty 0.7069, loss 0.2672
Epoch 3, Batch 299/633, Grad Norms near zero: 12, Lx 0.2837, Lu 0.0414, Pentalty 0.5328, loss 0.3784
Epoch 3, Batch 300/633, Grad Norms near zero: 12, Lx 0.1541, Lu 0.0194, Pentalty 0.6374, loss 0.2373
Epoch 3, Batch 301/633, Grad Norms near zero: 12, Lx 0.2836, Lu 0.0358, Pentalty 0.5720, loss 0.3766
Epoch 3, Batch 302/633, Grad Norms near zero: 12, Lx 0.2528, Lu 0.0372, Pentalty 0.5659, loss 0.3466
Epoch 3, Batch 303/633, Grad Norms near zero: 12, Lx 0.2477, Lu 0.0206, Pentalty 0.6457, loss 0.3329
Epoch 3, Batch 304/633, Grad Norms near zero: 12, Lx 0.2896, Lu 0.0325, Pentalty 0.5601, loss 0.3781
Epoch 3, Batch 305/633, Grad Norms near zero: 12, Lx 0.2059, Lu 0.0155, Pentalty 0.6995, loss 0.2913
Epoch 3, Batch 306/633, Grad Norms near zero: 12, Lx 0.2875, Lu 0.0437, Pentalty 0.4903, loss 0.3803
Epoch 3, Batch 307/633, Grad Norms near zero: 12, Lx 0.3265, Lu 0.0453, Pentalty 0.4797, loss 0.4197
Epoch 3, Batch 308/633, Grad Norms near zero: 12, Lx 0.1964, Lu 0.0222, Pentalty 0.5466, loss 0.2733
Epoch 3, Batch 309/633, Grad Norms near zero: 13, Lx 0.1561, Lu 0.0127, Pentalty 0.6888, loss 0.2376
Epoch 3, Batch 310/633, Grad Norms near zero: 12, Lx 0.2817, Lu 0.0320, Pentalty 0.5178, loss 0.3654
Epoch 3, Batch 311/633, Grad Norms near zero: 12, Lx 0.2618, Lu 0.0413, Pentalty 0.5017, loss 0.3533
Epoch 3, Batch 312/633, Grad Norms near zero: 12, Lx 0.3252, Lu 0.0431, Pentalty 0.4316, loss 0.4115
Epoch 3, Batch 313/633, Grad Norms near zero: 12, Lx 0.2918, Lu 0.0352, Pentalty 0.4441, loss 0.3714
Epoch 3, Batch 314/633, Grad Norms near zero: 12, Lx 0.2788, Lu 0.0445, Pentalty 0.4387, loss 0.3672
Epoch 3, Batch 315/633, Grad Norms near zero: 12, Lx 0.2748, Lu 0.0268, Pentalty 0.4653, loss 0.3481
Epoch 3, Batch 316/633, Grad Norms near zero: 12, Lx 0.1901, Lu 0.0132, Pentalty 0.6518, loss 0.2685
Epoch 3, Batch 317/633, Grad Norms near zero: 14, Lx 0.1446, Lu 0.0099, Pentalty 0.7708, loss 0.2315
Epoch 3, Batch 318/633, Grad Norms near zero: 12, Lx 0.2489, Lu 0.0426, Pentalty 0.5142, loss 0.3429
Epoch 3, Batch 319/633, Grad Norms near zero: 16, Lx 0.1330, Lu 0.0064, Pentalty 0.8054, loss 0.2199
Epoch 3, Batch 320/633, Grad Norms near zero: 12, Lx 0.2937, Lu 0.0240, Pentalty 0.6517, loss 0.3828
Epoch 3, Batch 321/633, Grad Norms near zero: 12, Lx 0.1882, Lu 0.0156, Pentalty 0.6678, loss 0.2706
Epoch 3, Batch 322/633, Grad Norms near zero: 12, Lx 0.2833, Lu 0.0251, Pentalty 0.6447, loss 0.3728
Epoch 3, Batch 323/633, Grad Norms near zero: 12, Lx 0.1634, Lu 0.0102, Pentalty 0.7278, loss 0.2464
Epoch 3, Batch 324/633, Grad Norms near zero: 12, Lx 0.2485, Lu 0.0433, Pentalty 0.5274, loss 0.3446
Epoch 3, Batch 325/633, Grad Norms near zero: 12, Lx 0.2742, Lu 0.0261, Pentalty 0.6216, loss 0.3624
Epoch 3, Batch 326/633, Grad Norms near zero: 12, Lx 0.2779, Lu 0.0423, Pentalty 0.5698, loss 0.3772
Epoch 3, Batch 327/633, Grad Norms near zero: 12, Lx 0.1860, Lu 0.0196, Pentalty 0.5851, loss 0.2641
Epoch 3, Batch 328/633, Grad Norms near zero: 12, Lx 0.2355, Lu 0.0440, Pentalty 0.5349, loss 0.3330
Epoch 3, Batch 329/633, Grad Norms near zero: 12, Lx 0.2331, Lu 0.0225, Pentalty 0.5183, loss 0.3075
Epoch 3, Batch 330/633, Grad Norms near zero: 12, Lx 0.2677, Lu 0.0448, Pentalty 0.4489, loss 0.3574
Epoch 3, Batch 331/633, Grad Norms near zero: 12, Lx 0.2595, Lu 0.0243, Pentalty 0.5238, loss 0.3362
Epoch 3, Batch 332/633, Grad Norms near zero: 12, Lx 0.2349, Lu 0.0261, Pentalty 0.5315, loss 0.3141
Epoch 3, Batch 333/633, Grad Norms near zero: 12, Lx 0.2246, Lu 0.0219, Pentalty 0.5499, loss 0.3015
Epoch 3, Batch 334/633, Grad Norms near zero: 12, Lx 0.2890, Lu 0.0475, Pentalty 0.4729, loss 0.3838
Epoch 3, Batch 335/633, Grad Norms near zero: 12, Lx 0.1971, Lu 0.0189, Pentalty 0.5946, loss 0.2754
Epoch 3, Batch 336/633, Grad Norms near zero: 12, Lx 0.2983, Lu 0.0383, Pentalty 0.5629, loss 0.3929
Epoch 3, Batch 337/633, Grad Norms near zero: 13, Lx 0.2516, Lu 0.0189, Pentalty 0.5951, loss 0.3300
Epoch 3, Batch 338/633, Grad Norms near zero: 14, Lx 0.2080, Lu 0.0126, Pentalty 0.6340, loss 0.2841
Epoch 3, Batch 339/633, Grad Norms near zero: 12, Lx 0.1633, Lu 0.0141, Pentalty 0.6715, loss 0.2445
Epoch 3, Batch 340/633, Grad Norms near zero: 12, Lx 0.2938, Lu 0.0334, Pentalty 0.5582, loss 0.3830
Epoch 3, Batch 341/633, Grad Norms near zero: 12, Lx 0.2962, Lu 0.0375, Pentalty 0.5933, loss 0.3931
Epoch 3, Batch 342/633, Grad Norms near zero: 12, Lx 0.2959, Lu 0.0411, Pentalty 0.5334, loss 0.3903
Epoch 3, Batch 343/633, Grad Norms near zero: 13, Lx 0.2138, Lu 0.0202, Pentalty 0.5845, loss 0.2924
Epoch 3, Batch 344/633, Grad Norms near zero: 12, Lx 0.3015, Lu 0.0353, Pentalty 0.5556, loss 0.3924
Epoch 3, Batch 345/633, Grad Norms near zero: 12, Lx 0.2573, Lu 0.0356, Pentalty 0.5137, loss 0.3443
Epoch 3, Batch 346/633, Grad Norms near zero: 12, Lx 0.2941, Lu 0.0316, Pentalty 0.5112, loss 0.3768
Epoch 3, Batch 347/633, Grad Norms near zero: 12, Lx 0.2613, Lu 0.0314, Pentalty 0.5159, loss 0.3443
Epoch 3, Batch 348/633, Grad Norms near zero: 12, Lx 0.2239, Lu 0.0267, Pentalty 0.5025, loss 0.3008
Epoch 3, Batch 349/633, Grad Norms near zero: 12, Lx 0.2286, Lu 0.0262, Pentalty 0.5142, loss 0.3062
Epoch 3, Batch 350/633, Grad Norms near zero: 12, Lx 0.2359, Lu 0.0352, Pentalty 0.5109, loss 0.3223
Epoch 3, Batch 351/633, Grad Norms near zero: 12, Lx 0.3313, Lu 0.0428, Pentalty 0.4917, loss 0.4233
Epoch 3, Batch 352/633, Grad Norms near zero: 12, Lx 0.2569, Lu 0.0380, Pentalty 0.4921, loss 0.3441
Epoch 3, Batch 353/633, Grad Norms near zero: 14, Lx 0.2088, Lu 0.0187, Pentalty 0.5832, loss 0.2859
Epoch 3, Batch 354/633, Grad Norms near zero: 12, Lx 0.3121, Lu 0.0432, Pentalty 0.5171, loss 0.4070
Epoch 3, Batch 355/633, Grad Norms near zero: 13, Lx 0.2200, Lu 0.0161, Pentalty 0.6105, loss 0.2972
Epoch 3, Batch 356/633, Grad Norms near zero: 13, Lx 0.2023, Lu 0.0216, Pentalty 0.5680, loss 0.2807
Epoch 3, Batch 357/633, Grad Norms near zero: 12, Lx 0.2034, Lu 0.0124, Pentalty 0.6603, loss 0.2819
Epoch 3, Batch 358/633, Grad Norms near zero: 12, Lx 0.2342, Lu 0.0264, Pentalty 0.6026, loss 0.3208
Epoch 3, Batch 359/633, Grad Norms near zero: 12, Lx 0.2858, Lu 0.0255, Pentalty 0.5771, loss 0.3691
Epoch 3, Batch 360/633, Grad Norms near zero: 16, Lx 0.2203, Lu 0.0177, Pentalty 0.6252, loss 0.3005
Epoch 3, Batch 361/633, Grad Norms near zero: 12, Lx 0.1683, Lu 0.0146, Pentalty 0.6371, loss 0.2467
Epoch 3, Batch 362/633, Grad Norms near zero: 12, Lx 0.3035, Lu 0.0348, Pentalty 0.5614, loss 0.3944
Epoch 3, Batch 363/633, Grad Norms near zero: 12, Lx 0.2644, Lu 0.0218, Pentalty 0.6237, loss 0.3486
Epoch 3, Batch 364/633, Grad Norms near zero: 12, Lx 0.1243, Lu 0.0189, Pentalty 0.6468, loss 0.2079
Epoch 3, Batch 365/633, Grad Norms near zero: 12, Lx 0.2957, Lu 0.0418, Pentalty 0.5174, loss 0.3892
Epoch 3, Batch 366/633, Grad Norms near zero: 12, Lx 0.2696, Lu 0.0325, Pentalty 0.5599, loss 0.3581
Epoch 3, Batch 367/633, Grad Norms near zero: 12, Lx 0.2031, Lu 0.0193, Pentalty 0.6145, loss 0.2838
Epoch 3, Batch 368/633, Grad Norms near zero: 12, Lx 0.2180, Lu 0.0217, Pentalty 0.5731, loss 0.2970
Epoch 3, Batch 369/633, Grad Norms near zero: 12, Lx 0.1775, Lu 0.0145, Pentalty 0.6645, loss 0.2585
Epoch 3, Batch 370/633, Grad Norms near zero: 12, Lx 0.1932, Lu 0.0138, Pentalty 0.6334, loss 0.2703
Epoch 3, Batch 371/633, Grad Norms near zero: 12, Lx 0.2322, Lu 0.0231, Pentalty 0.5464, loss 0.3100
Epoch 3, Batch 372/633, Grad Norms near zero: 12, Lx 0.3033, Lu 0.0482, Pentalty 0.5068, loss 0.4021
Epoch 3, Batch 373/633, Grad Norms near zero: 12, Lx 0.2590, Lu 0.0251, Pentalty 0.5324, loss 0.3373
Epoch 3, Batch 374/633, Grad Norms near zero: 12, Lx 0.2579, Lu 0.0353, Pentalty 0.5030, loss 0.3435
Epoch 3, Batch 375/633, Grad Norms near zero: 12, Lx 0.3209, Lu 0.0460, Pentalty 0.4886, loss 0.4157
Epoch 3, Batch 376/633, Grad Norms near zero: 12, Lx 0.2417, Lu 0.0268, Pentalty 0.5370, loss 0.3221
Epoch 3, Batch 377/633, Grad Norms near zero: 12, Lx 0.2756, Lu 0.0347, Pentalty 0.5659, loss 0.3668
Epoch 3, Batch 378/633, Grad Norms near zero: 12, Lx 0.2436, Lu 0.0261, Pentalty 0.5685, loss 0.3266
Epoch 3, Batch 379/633, Grad Norms near zero: 12, Lx 0.2943, Lu 0.0402, Pentalty 0.4732, loss 0.3818
Epoch 3, Batch 380/633, Grad Norms near zero: 12, Lx 0.3116, Lu 0.0482, Pentalty 0.4504, loss 0.4048
Epoch 3, Batch 381/633, Grad Norms near zero: 12, Lx 0.2717, Lu 0.0260, Pentalty 0.5088, loss 0.3486
Epoch 3, Batch 382/633, Grad Norms near zero: 12, Lx 0.2321, Lu 0.0259, Pentalty 0.5527, loss 0.3133
Epoch 3, Batch 383/633, Grad Norms near zero: 12, Lx 0.2386, Lu 0.0237, Pentalty 0.5013, loss 0.3124
Epoch 3, Batch 384/633, Grad Norms near zero: 12, Lx 0.1288, Lu 0.0119, Pentalty 0.6660, loss 0.2073
Epoch 3, Batch 385/633, Grad Norms near zero: 12, Lx 0.3410, Lu 0.0411, Pentalty 0.5269, loss 0.4348
Epoch 3, Batch 386/633, Grad Norms near zero: 13, Lx 0.1730, Lu 0.0134, Pentalty 0.5604, loss 0.2425
Epoch 3, Batch 387/633, Grad Norms near zero: 12, Lx 0.2149, Lu 0.0202, Pentalty 0.5533, loss 0.2904
Epoch 3, Batch 388/633, Grad Norms near zero: 12, Lx 0.3162, Lu 0.0526, Pentalty 0.4332, loss 0.4121
Epoch 3, Batch 389/633, Grad Norms near zero: 12, Lx 0.3281, Lu 0.0471, Pentalty 0.4718, loss 0.4224
Epoch 3, Batch 390/633, Grad Norms near zero: 12, Lx 0.2649, Lu 0.0342, Pentalty 0.5775, loss 0.3569
Epoch 3, Batch 391/633, Grad Norms near zero: 12, Lx 0.2591, Lu 0.0413, Pentalty 0.5088, loss 0.3512
Epoch 3, Batch 392/633, Grad Norms near zero: 16, Lx 0.1234, Lu 0.0053, Pentalty 0.7640, loss 0.2051
Epoch 3, Batch 393/633, Grad Norms near zero: 12, Lx 0.2583, Lu 0.0279, Pentalty 0.5915, loss 0.3454
Epoch 3, Batch 394/633, Grad Norms near zero: 13, Lx 0.1297, Lu 0.0080, Pentalty 0.7793, loss 0.2157
Epoch 3, Batch 395/633, Grad Norms near zero: 12, Lx 0.2362, Lu 0.0168, Pentalty 0.6647, loss 0.3195
Epoch 3, Batch 396/633, Grad Norms near zero: 12, Lx 0.2890, Lu 0.0399, Pentalty 0.5398, loss 0.3828
Epoch 3, Batch 397/633, Grad Norms near zero: 12, Lx 0.1715, Lu 0.0212, Pentalty 0.6206, loss 0.2547
Epoch 3, Batch 398/633, Grad Norms near zero: 12, Lx 0.3057, Lu 0.0312, Pentalty 0.5184, loss 0.3887
Epoch 3, Batch 399/633, Grad Norms near zero: 12, Lx 0.2901, Lu 0.0311, Pentalty 0.4929, loss 0.3705
Epoch 3, Batch 400/633, Grad Norms near zero: 12, Lx 0.3011, Lu 0.0451, Pentalty 0.4537, loss 0.3915
Epoch 3, Batch 401/633, Grad Norms near zero: 12, Lx 0.2060, Lu 0.0199, Pentalty 0.5918, loss 0.2851
Epoch 3, Batch 402/633, Grad Norms near zero: 12, Lx 0.2828, Lu 0.0450, Pentalty 0.4650, loss 0.3743
Epoch 3, Batch 403/633, Grad Norms near zero: 12, Lx 0.2052, Lu 0.0122, Pentalty 0.5996, loss 0.2774
Epoch 3, Batch 404/633, Grad Norms near zero: 12, Lx 0.2050, Lu 0.0191, Pentalty 0.6225, loss 0.2864
Epoch 3, Batch 405/633, Grad Norms near zero: 12, Lx 0.2634, Lu 0.0226, Pentalty 0.5448, loss 0.3405
Epoch 3, Batch 406/633, Grad Norms near zero: 12, Lx 0.2457, Lu 0.0270, Pentalty 0.5591, loss 0.3287
Epoch 3, Batch 407/633, Grad Norms near zero: 12, Lx 0.2829, Lu 0.0245, Pentalty 0.5711, loss 0.3645
Epoch 3, Batch 408/633, Grad Norms near zero: 12, Lx 0.3107, Lu 0.0427, Pentalty 0.4825, loss 0.4017
Epoch 3, Batch 409/633, Grad Norms near zero: 12, Lx 0.2520, Lu 0.0319, Pentalty 0.5351, loss 0.3374
Epoch 3, Batch 410/633, Grad Norms near zero: 12, Lx 0.2147, Lu 0.0168, Pentalty 0.5885, loss 0.2904
Epoch 3, Batch 411/633, Grad Norms near zero: 12, Lx 0.1274, Lu 0.0209, Pentalty 0.6137, loss 0.2097
Epoch 3, Batch 412/633, Grad Norms near zero: 12, Lx 0.2890, Lu 0.0282, Pentalty 0.5477, loss 0.3719
Epoch 3, Batch 413/633, Grad Norms near zero: 12, Lx 0.2643, Lu 0.0267, Pentalty 0.5569, loss 0.3467
Epoch 3, Batch 414/633, Grad Norms near zero: 12, Lx 0.1949, Lu 0.0268, Pentalty 0.5516, loss 0.2769
Epoch 3, Batch 415/633, Grad Norms near zero: 12, Lx 0.2718, Lu 0.0324, Pentalty 0.5637, loss 0.3606
Epoch 3, Batch 416/633, Grad Norms near zero: 12, Lx 0.2055, Lu 0.0159, Pentalty 0.5985, loss 0.2813
Epoch 3, Batch 417/633, Grad Norms near zero: 12, Lx 0.2868, Lu 0.0362, Pentalty 0.5207, loss 0.3751
Epoch 3, Batch 418/633, Grad Norms near zero: 12, Lx 0.2955, Lu 0.0409, Pentalty 0.4950, loss 0.3859
Epoch 3, Batch 419/633, Grad Norms near zero: 12, Lx 0.2670, Lu 0.0351, Pentalty 0.5192, loss 0.3540
Epoch 3, Batch 420/633, Grad Norms near zero: 12, Lx 0.2765, Lu 0.0473, Pentalty 0.5556, loss 0.3794
Epoch 3, Batch 421/633, Grad Norms near zero: 12, Lx 0.1926, Lu 0.0126, Pentalty 0.7021, loss 0.2754
Epoch 3, Batch 422/633, Grad Norms near zero: 12, Lx 0.2857, Lu 0.0445, Pentalty 0.4942, loss 0.3796
Epoch 3, Batch 423/633, Grad Norms near zero: 12, Lx 0.3257, Lu 0.0500, Pentalty 0.5344, loss 0.4291
Epoch 3, Batch 424/633, Grad Norms near zero: 12, Lx 0.2593, Lu 0.0251, Pentalty 0.5623, loss 0.3406
Epoch 3, Batch 425/633, Grad Norms near zero: 12, Lx 0.1594, Lu 0.0113, Pentalty 0.6924, loss 0.2399
Epoch 3, Batch 426/633, Grad Norms near zero: 12, Lx 0.3566, Lu 0.0539, Pentalty 0.5098, loss 0.4615
Epoch 3, Batch 427/633, Grad Norms near zero: 12, Lx 0.3373, Lu 0.0545, Pentalty 0.4250, loss 0.4342
Epoch 3, Batch 428/633, Grad Norms near zero: 12, Lx 0.2340, Lu 0.0314, Pentalty 0.4666, loss 0.3121
Epoch 3, Batch 429/633, Grad Norms near zero: 12, Lx 0.2513, Lu 0.0277, Pentalty 0.5219, loss 0.3312
Epoch 3, Batch 430/633, Grad Norms near zero: 12, Lx 0.2792, Lu 0.0360, Pentalty 0.4705, loss 0.3623
Epoch 3, Batch 431/633, Grad Norms near zero: 12, Lx 0.2767, Lu 0.0323, Pentalty 0.5180, loss 0.3608
Epoch 3, Batch 432/633, Grad Norms near zero: 12, Lx 0.2469, Lu 0.0344, Pentalty 0.5323, loss 0.3345
Epoch 3, Batch 433/633, Grad Norms near zero: 12, Lx 0.3212, Lu 0.0483, Pentalty 0.5200, loss 0.4215
Epoch 3, Batch 434/633, Grad Norms near zero: 12, Lx 0.2796, Lu 0.0237, Pentalty 0.6094, loss 0.3643
Epoch 3, Batch 435/633, Grad Norms near zero: 12, Lx 0.2456, Lu 0.0363, Pentalty 0.5480, loss 0.3367
Epoch 3, Batch 436/633, Grad Norms near zero: 12, Lx 0.2280, Lu 0.0192, Pentalty 0.6988, loss 0.3171
Epoch 3, Batch 437/633, Grad Norms near zero: 12, Lx 0.2896, Lu 0.0494, Pentalty 0.5296, loss 0.3919
Epoch 3, Batch 438/633, Grad Norms near zero: 12, Lx 0.1854, Lu 0.0107, Pentalty 0.7948, loss 0.2756
Epoch 3, Batch 439/633, Grad Norms near zero: 12, Lx 0.2306, Lu 0.0224, Pentalty 0.5963, loss 0.3126
Epoch 3, Batch 440/633, Grad Norms near zero: 12, Lx 0.3065, Lu 0.0360, Pentalty 0.5392, loss 0.3964
Epoch 3, Batch 441/633, Grad Norms near zero: 12, Lx 0.2935, Lu 0.0483, Pentalty 0.5025, loss 0.3921
Epoch 3, Batch 442/633, Grad Norms near zero: 12, Lx 0.2734, Lu 0.0374, Pentalty 0.5022, loss 0.3610
Epoch 3, Batch 443/633, Grad Norms near zero: 12, Lx 0.2417, Lu 0.0262, Pentalty 0.5768, loss 0.3256
Epoch 3, Batch 444/633, Grad Norms near zero: 12, Lx 0.2534, Lu 0.0355, Pentalty 0.4963, loss 0.3385
Epoch 3, Batch 445/633, Grad Norms near zero: 12, Lx 0.2584, Lu 0.0364, Pentalty 0.4940, loss 0.3442
Epoch 3, Batch 446/633, Grad Norms near zero: 12, Lx 0.2205, Lu 0.0295, Pentalty 0.5341, loss 0.3034
Epoch 3, Batch 447/633, Grad Norms near zero: 12, Lx 0.2811, Lu 0.0451, Pentalty 0.4740, loss 0.3737
Epoch 3, Batch 448/633, Grad Norms near zero: 12, Lx 0.2726, Lu 0.0258, Pentalty 0.5621, loss 0.3546
Epoch 3, Batch 449/633, Grad Norms near zero: 12, Lx 0.2926, Lu 0.0285, Pentalty 0.5701, loss 0.3780
Epoch 3, Batch 450/633, Grad Norms near zero: 12, Lx 0.2013, Lu 0.0116, Pentalty 0.7234, loss 0.2852
Epoch 3, Batch 451/633, Grad Norms near zero: 12, Lx 0.3475, Lu 0.0384, Pentalty 0.5594, loss 0.4419
Epoch 3, Batch 452/633, Grad Norms near zero: 12, Lx 0.1955, Lu 0.0151, Pentalty 0.6794, loss 0.2785
Epoch 3, Batch 453/633, Grad Norms near zero: 12, Lx 0.2758, Lu 0.0293, Pentalty 0.5571, loss 0.3608
Epoch 3, Batch 454/633, Grad Norms near zero: 12, Lx 0.2683, Lu 0.0206, Pentalty 0.5731, loss 0.3463
Epoch 3, Batch 455/633, Grad Norms near zero: 12, Lx 0.1668, Lu 0.0166, Pentalty 0.6733, loss 0.2506
Epoch 3, Batch 456/633, Grad Norms near zero: 12, Lx 0.2544, Lu 0.0423, Pentalty 0.5304, loss 0.3498
Epoch 3, Batch 457/633, Grad Norms near zero: 12, Lx 0.1411, Lu 0.0115, Pentalty 0.7067, loss 0.2233
Epoch 3, Batch 458/633, Grad Norms near zero: 12, Lx 0.1918, Lu 0.0139, Pentalty 0.6309, loss 0.2687
Epoch 3, Batch 459/633, Grad Norms near zero: 12, Lx 0.2439, Lu 0.0315, Pentalty 0.5004, loss 0.3254
Epoch 3, Batch 460/633, Grad Norms near zero: 12, Lx 0.2505, Lu 0.0240, Pentalty 0.5681, loss 0.3313
Epoch 3, Batch 461/633, Grad Norms near zero: 12, Lx 0.2540, Lu 0.0205, Pentalty 0.5655, loss 0.3310
Epoch 3, Batch 462/633, Grad Norms near zero: 12, Lx 0.2003, Lu 0.0141, Pentalty 0.6534, loss 0.2797
Epoch 3, Batch 463/633, Grad Norms near zero: 12, Lx 0.2285, Lu 0.0213, Pentalty 0.5735, loss 0.3072
Epoch 3, Batch 464/633, Grad Norms near zero: 12, Lx 0.1818, Lu 0.0139, Pentalty 0.6024, loss 0.2560
Epoch 3, Batch 465/633, Grad Norms near zero: 12, Lx 0.1851, Lu 0.0163, Pentalty 0.6698, loss 0.2683
Epoch 3, Batch 466/633, Grad Norms near zero: 12, Lx 0.3018, Lu 0.0333, Pentalty 0.5660, loss 0.3917
Epoch 3, Batch 467/633, Grad Norms near zero: 12, Lx 0.2600, Lu 0.0239, Pentalty 0.5928, loss 0.3431
Epoch 3, Batch 468/633, Grad Norms near zero: 12, Lx 0.2812, Lu 0.0411, Pentalty 0.5392, loss 0.3762
Epoch 3, Batch 469/633, Grad Norms near zero: 12, Lx 0.2926, Lu 0.0314, Pentalty 0.5709, loss 0.3811
Epoch 3, Batch 470/633, Grad Norms near zero: 13, Lx 0.1481, Lu 0.0083, Pentalty 0.7019, loss 0.2266
Epoch 3, Batch 471/633, Grad Norms near zero: 12, Lx 0.1981, Lu 0.0277, Pentalty 0.5377, loss 0.2796
Epoch 3, Batch 472/633, Grad Norms near zero: 12, Lx 0.3015, Lu 0.0525, Pentalty 0.5256, loss 0.4065
Epoch 3, Batch 473/633, Grad Norms near zero: 12, Lx 0.2679, Lu 0.0357, Pentalty 0.5146, loss 0.3551
Epoch 3, Batch 474/633, Grad Norms near zero: 12, Lx 0.2722, Lu 0.0471, Pentalty 0.5041, loss 0.3697
Epoch 3, Batch 475/633, Grad Norms near zero: 12, Lx 0.2861, Lu 0.0413, Pentalty 0.4449, loss 0.3719
Epoch 3, Batch 476/633, Grad Norms near zero: 12, Lx 0.2770, Lu 0.0357, Pentalty 0.4127, loss 0.3539
Epoch 3, Batch 477/633, Grad Norms near zero: 12, Lx 0.2916, Lu 0.0390, Pentalty 0.4441, loss 0.3750
Epoch 3, Batch 478/633, Grad Norms near zero: 12, Lx 0.2316, Lu 0.0223, Pentalty 0.5623, loss 0.3102
Epoch 3, Batch 479/633, Grad Norms near zero: 12, Lx 0.2634, Lu 0.0323, Pentalty 0.5040, loss 0.3461
Epoch 3, Batch 480/633, Grad Norms near zero: 12, Lx 0.2736, Lu 0.0311, Pentalty 0.5263, loss 0.3573
Epoch 3, Batch 481/633, Grad Norms near zero: 12, Lx 0.2480, Lu 0.0232, Pentalty 0.5310, loss 0.3244
Epoch 3, Batch 482/633, Grad Norms near zero: 12, Lx 0.2293, Lu 0.0237, Pentalty 0.6201, loss 0.3151
Epoch 3, Batch 483/633, Grad Norms near zero: 12, Lx 0.2084, Lu 0.0230, Pentalty 0.5887, loss 0.2902
Epoch 3, Batch 484/633, Grad Norms near zero: 12, Lx 0.3215, Lu 0.0300, Pentalty 0.5696, loss 0.4084
Epoch 3, Batch 485/633, Grad Norms near zero: 12, Lx 0.2652, Lu 0.0298, Pentalty 0.5768, loss 0.3526
Epoch 3, Batch 486/633, Grad Norms near zero: 12, Lx 0.2225, Lu 0.0177, Pentalty 0.6677, loss 0.3069
Epoch 3, Batch 487/633, Grad Norms near zero: 12, Lx 0.2820, Lu 0.0322, Pentalty 0.5681, loss 0.3710
Epoch 3, Batch 488/633, Grad Norms near zero: 12, Lx 0.3174, Lu 0.0368, Pentalty 0.5490, loss 0.4090
Epoch 3, Batch 489/633, Grad Norms near zero: 12, Lx 0.2385, Lu 0.0269, Pentalty 0.5590, loss 0.3213
Epoch 3, Batch 490/633, Grad Norms near zero: 12, Lx 0.2432, Lu 0.0259, Pentalty 0.5465, loss 0.3237
Epoch 3, Batch 491/633, Grad Norms near zero: 12, Lx 0.2345, Lu 0.0192, Pentalty 0.5839, loss 0.3120
Epoch 3, Batch 492/633, Grad Norms near zero: 12, Lx 0.2554, Lu 0.0226, Pentalty 0.5513, loss 0.3331
Epoch 3, Batch 493/633, Grad Norms near zero: 12, Lx 0.3109, Lu 0.0422, Pentalty 0.4928, loss 0.4024
Epoch 3, Batch 494/633, Grad Norms near zero: 12, Lx 0.3006, Lu 0.0447, Pentalty 0.5147, loss 0.3968
Epoch 3, Batch 495/633, Grad Norms near zero: 12, Lx 0.2691, Lu 0.0355, Pentalty 0.4824, loss 0.3528
Epoch 3, Batch 496/633, Grad Norms near zero: 12, Lx 0.1564, Lu 0.0187, Pentalty 0.5759, loss 0.2327
Epoch 3, Batch 497/633, Grad Norms near zero: 12, Lx 0.1714, Lu 0.0245, Pentalty 0.5813, loss 0.2541
Epoch 3, Batch 498/633, Grad Norms near zero: 12, Lx 0.3211, Lu 0.0443, Pentalty 0.4568, loss 0.4111
Epoch 3, Batch 499/633, Grad Norms near zero: 12, Lx 0.3187, Lu 0.0402, Pentalty 0.4850, loss 0.4074
Epoch 3, Batch 500/633, Grad Norms near zero: 12, Lx 0.2763, Lu 0.0294, Pentalty 0.5499, loss 0.3607
Epoch 3, Batch 501/633, Grad Norms near zero: 12, Lx 0.2189, Lu 0.0182, Pentalty 0.6875, loss 0.3059
Epoch 3, Batch 502/633, Grad Norms near zero: 12, Lx 0.2980, Lu 0.0279, Pentalty 0.5656, loss 0.3825
Epoch 3, Batch 503/633, Grad Norms near zero: 12, Lx 0.3197, Lu 0.0381, Pentalty 0.4859, loss 0.4064
Epoch 3, Batch 504/633, Grad Norms near zero: 12, Lx 0.1811, Lu 0.0108, Pentalty 0.6968, loss 0.2616
Epoch 3, Batch 505/633, Grad Norms near zero: 12, Lx 0.2426, Lu 0.0310, Pentalty 0.5415, loss 0.3278
Epoch 3, Batch 506/633, Grad Norms near zero: 12, Lx 0.3040, Lu 0.0426, Pentalty 0.4774, loss 0.3943
Epoch 3, Batch 507/633, Grad Norms near zero: 12, Lx 0.2774, Lu 0.0291, Pentalty 0.5417, loss 0.3607
Epoch 3, Batch 508/633, Grad Norms near zero: 12, Lx 0.2409, Lu 0.0338, Pentalty 0.5382, loss 0.3285
Epoch 3, Batch 509/633, Grad Norms near zero: 12, Lx 0.3032, Lu 0.0399, Pentalty 0.4778, loss 0.3909
Epoch 3, Batch 510/633, Grad Norms near zero: 12, Lx 0.3334, Lu 0.0465, Pentalty 0.4609, loss 0.4260
Epoch 3, Batch 511/633, Grad Norms near zero: 12, Lx 0.1876, Lu 0.0233, Pentalty 0.5736, loss 0.2683
Epoch 3, Batch 512/633, Grad Norms near zero: 12, Lx 0.3093, Lu 0.0408, Pentalty 0.4807, loss 0.3981
Epoch 3, Batch 513/633, Grad Norms near zero: 12, Lx 0.2598, Lu 0.0254, Pentalty 0.5228, loss 0.3375
Epoch 3, Batch 514/633, Grad Norms near zero: 12, Lx 0.2308, Lu 0.0208, Pentalty 0.5632, loss 0.3078
Epoch 3, Batch 515/633, Grad Norms near zero: 12, Lx 0.2285, Lu 0.0245, Pentalty 0.5443, loss 0.3074
Epoch 3, Batch 516/633, Grad Norms near zero: 12, Lx 0.2753, Lu 0.0285, Pentalty 0.5465, loss 0.3584
Epoch 3, Batch 517/633, Grad Norms near zero: 12, Lx 0.2110, Lu 0.0177, Pentalty 0.6672, loss 0.2955
Epoch 3, Batch 518/633, Grad Norms near zero: 12, Lx 0.2851, Lu 0.0312, Pentalty 0.5349, loss 0.3698
Epoch 3, Batch 519/633, Grad Norms near zero: 12, Lx 0.2882, Lu 0.0377, Pentalty 0.5043, loss 0.3764
Epoch 3, Batch 520/633, Grad Norms near zero: 12, Lx 0.2891, Lu 0.0483, Pentalty 0.4717, loss 0.3846
Epoch 3, Batch 521/633, Grad Norms near zero: 12, Lx 0.1549, Lu 0.0088, Pentalty 0.7943, loss 0.2431
Epoch 3, Batch 522/633, Grad Norms near zero: 12, Lx 0.3040, Lu 0.0488, Pentalty 0.4745, loss 0.4002
Epoch 3, Batch 523/633, Grad Norms near zero: 12, Lx 0.3181, Lu 0.0397, Pentalty 0.4845, loss 0.4063
Epoch 3, Batch 524/633, Grad Norms near zero: 12, Lx 0.1606, Lu 0.0090, Pentalty 0.7834, loss 0.2480
Epoch 3, Batch 525/633, Grad Norms near zero: 12, Lx 0.2629, Lu 0.0238, Pentalty 0.5637, loss 0.3430
Epoch 3, Batch 526/633, Grad Norms near zero: 12, Lx 0.2403, Lu 0.0230, Pentalty 0.5543, loss 0.3188
Epoch 3, Batch 527/633, Grad Norms near zero: 12, Lx 0.2117, Lu 0.0191, Pentalty 0.5975, loss 0.2905
Epoch 3, Batch 528/633, Grad Norms near zero: 12, Lx 0.2918, Lu 0.0493, Pentalty 0.4633, loss 0.3874
Epoch 3, Batch 529/633, Grad Norms near zero: 12, Lx 0.3204, Lu 0.0416, Pentalty 0.4639, loss 0.4084
Epoch 3, Batch 530/633, Grad Norms near zero: 12, Lx 0.2861, Lu 0.0413, Pentalty 0.4666, loss 0.3741
Epoch 3, Batch 531/633, Grad Norms near zero: 12, Lx 0.2497, Lu 0.0353, Pentalty 0.5433, loss 0.3393
Epoch 3, Batch 532/633, Grad Norms near zero: 12, Lx 0.1347, Lu 0.0082, Pentalty 0.7192, loss 0.2149
Epoch 3, Batch 533/633, Grad Norms near zero: 12, Lx 0.2598, Lu 0.0336, Pentalty 0.5482, loss 0.3482
Epoch 3, Batch 534/633, Grad Norms near zero: 12, Lx 0.2990, Lu 0.0382, Pentalty 0.4899, loss 0.3862
Epoch 3, Batch 535/633, Grad Norms near zero: 12, Lx 0.2860, Lu 0.0304, Pentalty 0.5175, loss 0.3681
Epoch 3, Batch 536/633, Grad Norms near zero: 12, Lx 0.2771, Lu 0.0464, Pentalty 0.4909, loss 0.3726
Epoch 3, Batch 537/633, Grad Norms near zero: 12, Lx 0.2913, Lu 0.0311, Pentalty 0.5216, loss 0.3745
Epoch 3, Batch 538/633, Grad Norms near zero: 12, Lx 0.3357, Lu 0.0384, Pentalty 0.4779, loss 0.4218
Epoch 3, Batch 539/633, Grad Norms near zero: 12, Lx 0.2845, Lu 0.0448, Pentalty 0.5063, loss 0.3799
Epoch 3, Batch 540/633, Grad Norms near zero: 12, Lx 0.1678, Lu 0.0132, Pentalty 0.6794, loss 0.2490
Epoch 3, Batch 541/633, Grad Norms near zero: 12, Lx 0.1906, Lu 0.0165, Pentalty 0.6670, loss 0.2738
Epoch 3, Batch 542/633, Grad Norms near zero: 13, Lx 0.1573, Lu 0.0123, Pentalty 0.7557, loss 0.2452
Epoch 3, Batch 543/633, Grad Norms near zero: 12, Lx 0.3416, Lu 0.0518, Pentalty 0.4759, loss 0.4409
Epoch 3, Batch 544/633, Grad Norms near zero: 12, Lx 0.2090, Lu 0.0194, Pentalty 0.6057, loss 0.2891
Epoch 3, Batch 545/633, Grad Norms near zero: 12, Lx 0.2056, Lu 0.0155, Pentalty 0.6524, loss 0.2863
Epoch 3, Batch 546/633, Grad Norms near zero: 12, Lx 0.3303, Lu 0.0489, Pentalty 0.5944, loss 0.4386
Epoch 3, Batch 547/633, Grad Norms near zero: 12, Lx 0.2629, Lu 0.0407, Pentalty 0.5547, loss 0.3590
Epoch 3, Batch 548/633, Grad Norms near zero: 12, Lx 0.1073, Lu 0.0152, Pentalty 0.7423, loss 0.1967
Epoch 3, Batch 549/633, Grad Norms near zero: 12, Lx 0.2726, Lu 0.0428, Pentalty 0.4571, loss 0.3611
Epoch 3, Batch 550/633, Grad Norms near zero: 12, Lx 0.2672, Lu 0.0363, Pentalty 0.4601, loss 0.3495
Epoch 3, Batch 551/633, Grad Norms near zero: 12, Lx 0.2152, Lu 0.0203, Pentalty 0.5574, loss 0.2912
Epoch 3, Batch 552/633, Grad Norms near zero: 12, Lx 0.3125, Lu 0.0355, Pentalty 0.5182, loss 0.3998
Epoch 3, Batch 553/633, Grad Norms near zero: 14, Lx 0.2699, Lu 0.0241, Pentalty 0.5627, loss 0.3503
Epoch 3, Batch 554/633, Grad Norms near zero: 12, Lx 0.2142, Lu 0.0264, Pentalty 0.5325, loss 0.2938
Epoch 3, Batch 555/633, Grad Norms near zero: 12, Lx 0.3076, Lu 0.0407, Pentalty 0.4834, loss 0.3966
Epoch 3, Batch 556/633, Grad Norms near zero: 12, Lx 0.3407, Lu 0.0371, Pentalty 0.5062, loss 0.4284
Epoch 3, Batch 557/633, Grad Norms near zero: 12, Lx 0.2459, Lu 0.0269, Pentalty 0.5457, loss 0.3274
Epoch 3, Batch 558/633, Grad Norms near zero: 12, Lx 0.2019, Lu 0.0163, Pentalty 0.5817, loss 0.2764
Epoch 3, Batch 559/633, Grad Norms near zero: 12, Lx 0.3333, Lu 0.0518, Pentalty 0.4654, loss 0.4317
Epoch 3, Batch 560/633, Grad Norms near zero: 12, Lx 0.3200, Lu 0.0454, Pentalty 0.4838, loss 0.4138
Epoch 3, Batch 561/633, Grad Norms near zero: 12, Lx 0.2854, Lu 0.0342, Pentalty 0.5309, loss 0.3727
Epoch 3, Batch 562/633, Grad Norms near zero: 12, Lx 0.2315, Lu 0.0306, Pentalty 0.5485, loss 0.3169
Epoch 3, Batch 563/633, Grad Norms near zero: 12, Lx 0.2847, Lu 0.0403, Pentalty 0.5176, loss 0.3767
Epoch 3, Batch 564/633, Grad Norms near zero: 12, Lx 0.2548, Lu 0.0249, Pentalty 0.5831, loss 0.3380
Epoch 3, Batch 565/633, Grad Norms near zero: 12, Lx 0.2866, Lu 0.0389, Pentalty 0.5381, loss 0.3793
Epoch 3, Batch 566/633, Grad Norms near zero: 12, Lx 0.2416, Lu 0.0173, Pentalty 0.5831, loss 0.3172
Epoch 3, Batch 567/633, Grad Norms near zero: 12, Lx 0.2825, Lu 0.0327, Pentalty 0.5524, loss 0.3705
Epoch 3, Batch 568/633, Grad Norms near zero: 12, Lx 0.2995, Lu 0.0349, Pentalty 0.5348, loss 0.3878
Epoch 3, Batch 569/633, Grad Norms near zero: 12, Lx 0.2522, Lu 0.0260, Pentalty 0.5733, loss 0.3356
Epoch 3, Batch 570/633, Grad Norms near zero: 14, Lx 0.2426, Lu 0.0199, Pentalty 0.5911, loss 0.3216
Epoch 3, Batch 571/633, Grad Norms near zero: 12, Lx 0.2217, Lu 0.0172, Pentalty 0.6278, loss 0.3017
Epoch 3, Batch 572/633, Grad Norms near zero: 12, Lx 0.3090, Lu 0.0544, Pentalty 0.4953, loss 0.4129
Epoch 3, Batch 573/633, Grad Norms near zero: 12, Lx 0.2384, Lu 0.0385, Pentalty 0.4917, loss 0.3261
Epoch 3, Batch 574/633, Grad Norms near zero: 12, Lx 0.3039, Lu 0.0460, Pentalty 0.5020, loss 0.4001
Epoch 3, Batch 575/633, Grad Norms near zero: 12, Lx 0.2198, Lu 0.0200, Pentalty 0.5972, loss 0.2995
Epoch 3, Batch 576/633, Grad Norms near zero: 12, Lx 0.2292, Lu 0.0231, Pentalty 0.5525, loss 0.3075
Epoch 3, Batch 577/633, Grad Norms near zero: 12, Lx 0.3108, Lu 0.0447, Pentalty 0.4827, loss 0.4038
Epoch 3, Batch 578/633, Grad Norms near zero: 12, Lx 0.2999, Lu 0.0416, Pentalty 0.4921, loss 0.3907
Epoch 3, Batch 579/633, Grad Norms near zero: 12, Lx 0.2584, Lu 0.0325, Pentalty 0.4867, loss 0.3396
Epoch 3, Batch 580/633, Grad Norms near zero: 12, Lx 0.3141, Lu 0.0484, Pentalty 0.5025, loss 0.4128
Epoch 3, Batch 581/633, Grad Norms near zero: 12, Lx 0.1979, Lu 0.0172, Pentalty 0.5840, loss 0.2735
Epoch 3, Batch 582/633, Grad Norms near zero: 12, Lx 0.3170, Lu 0.0410, Pentalty 0.5107, loss 0.4091
Epoch 3, Batch 583/633, Grad Norms near zero: 12, Lx 0.2647, Lu 0.0277, Pentalty 0.5182, loss 0.3442
Epoch 3, Batch 584/633, Grad Norms near zero: 12, Lx 0.3235, Lu 0.0327, Pentalty 0.4908, loss 0.4053
Epoch 3, Batch 585/633, Grad Norms near zero: 12, Lx 0.2881, Lu 0.0314, Pentalty 0.4930, loss 0.3688
Epoch 3, Batch 586/633, Grad Norms near zero: 12, Lx 0.1805, Lu 0.0216, Pentalty 0.5537, loss 0.2575
Epoch 3, Batch 587/633, Grad Norms near zero: 12, Lx 0.3098, Lu 0.0411, Pentalty 0.4858, loss 0.3995
Epoch 3, Batch 588/633, Grad Norms near zero: 12, Lx 0.3163, Lu 0.0417, Pentalty 0.5184, loss 0.4099
Epoch 3, Batch 589/633, Grad Norms near zero: 12, Lx 0.3285, Lu 0.0395, Pentalty 0.5053, loss 0.4186
Epoch 3, Batch 590/633, Grad Norms near zero: 12, Lx 0.2491, Lu 0.0155, Pentalty 0.6373, loss 0.3283
Epoch 3, Batch 591/633, Grad Norms near zero: 12, Lx 0.2030, Lu 0.0208, Pentalty 0.5804, loss 0.2819
Epoch 3, Batch 592/633, Grad Norms near zero: 12, Lx 0.3297, Lu 0.0313, Pentalty 0.5150, loss 0.4126
Epoch 3, Batch 593/633, Grad Norms near zero: 12, Lx 0.2657, Lu 0.0250, Pentalty 0.5745, loss 0.3482
Epoch 3, Batch 594/633, Grad Norms near zero: 12, Lx 0.2553, Lu 0.0359, Pentalty 0.5165, loss 0.3429
Epoch 3, Batch 595/633, Grad Norms near zero: 12, Lx 0.2027, Lu 0.0121, Pentalty 0.6542, loss 0.2802
Epoch 3, Batch 596/633, Grad Norms near zero: 12, Lx 0.3087, Lu 0.0415, Pentalty 0.4629, loss 0.3966
Epoch 3, Batch 597/633, Grad Norms near zero: 12, Lx 0.3295, Lu 0.0415, Pentalty 0.4976, loss 0.4208
Epoch 3, Batch 598/633, Grad Norms near zero: 12, Lx 0.2799, Lu 0.0338, Pentalty 0.4954, loss 0.3632
Epoch 3, Batch 599/633, Grad Norms near zero: 12, Lx 0.2154, Lu 0.0159, Pentalty 0.5231, loss 0.2836
Epoch 3, Batch 600/633, Grad Norms near zero: 12, Lx 0.2396, Lu 0.0319, Pentalty 0.4802, loss 0.3196
Epoch 3, Batch 601/633, Grad Norms near zero: 12, Lx 0.2020, Lu 0.0217, Pentalty 0.5766, loss 0.2814
Epoch 3, Batch 602/633, Grad Norms near zero: 12, Lx 0.3032, Lu 0.0358, Pentalty 0.4919, loss 0.3882
Epoch 3, Batch 603/633, Grad Norms near zero: 12, Lx 0.2318, Lu 0.0203, Pentalty 0.5580, loss 0.3079
Epoch 3, Batch 604/633, Grad Norms near zero: 12, Lx 0.1793, Lu 0.0129, Pentalty 0.6222, loss 0.2544
Epoch 3, Batch 605/633, Grad Norms near zero: 12, Lx 0.2041, Lu 0.0214, Pentalty 0.5730, loss 0.2828
Epoch 3, Batch 606/633, Grad Norms near zero: 12, Lx 0.2772, Lu 0.0425, Pentalty 0.5166, loss 0.3713
Epoch 3, Batch 607/633, Grad Norms near zero: 12, Lx 0.2583, Lu 0.0262, Pentalty 0.6158, loss 0.3461
Epoch 3, Batch 608/633, Grad Norms near zero: 12, Lx 0.1600, Lu 0.0161, Pentalty 0.6608, loss 0.2421
Epoch 3, Batch 609/633, Grad Norms near zero: 12, Lx 0.2811, Lu 0.0351, Pentalty 0.5629, loss 0.3725
Epoch 3, Batch 610/633, Grad Norms near zero: 12, Lx 0.3229, Lu 0.0487, Pentalty 0.5406, loss 0.4257
Epoch 3, Batch 611/633, Grad Norms near zero: 12, Lx 0.2427, Lu 0.0297, Pentalty 0.5894, loss 0.3314
Epoch 3, Batch 612/633, Grad Norms near zero: 12, Lx 0.2652, Lu 0.0424, Pentalty 0.4964, loss 0.3572
Epoch 3, Batch 613/633, Grad Norms near zero: 12, Lx 0.2859, Lu 0.0384, Pentalty 0.4868, loss 0.3730
Epoch 3, Batch 614/633, Grad Norms near zero: 12, Lx 0.3567, Lu 0.0441, Pentalty 0.4390, loss 0.4448
Epoch 3, Batch 615/633, Grad Norms near zero: 12, Lx 0.1904, Lu 0.0194, Pentalty 0.5311, loss 0.2629
Epoch 3, Batch 616/633, Grad Norms near zero: 12, Lx 0.2453, Lu 0.0276, Pentalty 0.5313, loss 0.3260
Epoch 3, Batch 617/633, Grad Norms near zero: 12, Lx 0.1600, Lu 0.0155, Pentalty 0.5706, loss 0.2326
Epoch 3, Batch 618/633, Grad Norms near zero: 12, Lx 0.1912, Lu 0.0212, Pentalty 0.5822, loss 0.2705
Epoch 3, Batch 619/633, Grad Norms near zero: 12, Lx 0.2261, Lu 0.0284, Pentalty 0.5197, loss 0.3065
Epoch 3, Batch 620/633, Grad Norms near zero: 12, Lx 0.2773, Lu 0.0245, Pentalty 0.4795, loss 0.3497
Epoch 3, Batch 621/633, Grad Norms near zero: 12, Lx 0.2268, Lu 0.0179, Pentalty 0.6524, loss 0.3100
Epoch 3, Batch 622/633, Grad Norms near zero: 12, Lx 0.2542, Lu 0.0296, Pentalty 0.5281, loss 0.3367
Epoch 3, Batch 623/633, Grad Norms near zero: 12, Lx 0.2303, Lu 0.0169, Pentalty 0.6922, loss 0.3165
Epoch 3, Batch 624/633, Grad Norms near zero: 12, Lx 0.2122, Lu 0.0256, Pentalty 0.6129, loss 0.2992
Epoch 3, Batch 625/633, Grad Norms near zero: 12, Lx 0.2932, Lu 0.0470, Pentalty 0.4927, loss 0.3894
Epoch 3, Batch 626/633, Grad Norms near zero: 12, Lx 0.3008, Lu 0.0444, Pentalty 0.5339, loss 0.3986
Epoch 3, Batch 627/633, Grad Norms near zero: 12, Lx 0.1523, Lu 0.0091, Pentalty 0.8126, loss 0.2426
Epoch 3, Batch 628/633, Grad Norms near zero: 12, Lx 0.3141, Lu 0.0383, Pentalty 0.6429, loss 0.4167
Epoch 3, Batch 629/633, Grad Norms near zero: 12, Lx 0.2148, Lu 0.0150, Pentalty 0.6560, loss 0.2954
Epoch 3, Batch 630/633, Grad Norms near zero: 12, Lx 0.2151, Lu 0.0187, Pentalty 0.6854, loss 0.3024
Epoch 3, Batch 631/633, Grad Norms near zero: 12, Lx 0.2057, Lu 0.0234, Pentalty 0.6031, loss 0.2894
Epoch 3, Batch 632/633, Grad Norms near zero: 12, Lx 0.2478, Lu 0.0377, Pentalty 0.4386, loss 0.3293
Epoch 3, Batch 633/633, Grad Norms near zero: 12, Lx 0.4494, Lu 0.0413, Pentalty 0.6149, loss 0.5522
Evaluating models at epoch 3
Test data size: 10000
Epoch: 3, Test Accuracy: 0.4961, Test F1 Score: 0.3290
Evaluating training data at epoch 3 for Model 1
Evaluating training data at epoch 3 for Model 2
Training for Network 1
labelled data size: 19969
unlabelled data size: 20031
Epoch 4, Batch 1/625, Grad Norms near zero: 12, Lx 0.3818, Lu 0.1010, Pentalty 0.4081, loss 0.5236
Epoch 4, Batch 2/625, Grad Norms near zero: 13, Lx 0.3375, Lu 0.0665, Pentalty 0.4341, loss 0.4474
Epoch 4, Batch 3/625, Grad Norms near zero: 12, Lx 0.4462, Lu 0.1502, Pentalty 0.3223, loss 0.6286
Epoch 4, Batch 4/625, Grad Norms near zero: 12, Lx 0.4289, Lu 0.2667, Pentalty 0.3057, loss 0.7262
Epoch 4, Batch 5/625, Grad Norms near zero: 12, Lx 0.5456, Lu 0.1607, Pentalty 0.3471, loss 0.7410
Epoch 4, Batch 6/625, Grad Norms near zero: 12, Lx 0.4508, Lu 0.3760, Pentalty 0.4651, loss 0.8733
Epoch 4, Batch 7/625, Grad Norms near zero: 12, Lx 0.5187, Lu 0.4365, Pentalty 0.3107, loss 0.9862
Epoch 4, Batch 8/625, Grad Norms near zero: 12, Lx 0.3539, Lu 0.1436, Pentalty 0.2474, loss 0.5222
Epoch 4, Batch 9/625, Grad Norms near zero: 12, Lx 0.4472, Lu 0.2632, Pentalty 0.2466, loss 0.7350
Epoch 4, Batch 10/625, Grad Norms near zero: 12, Lx 0.5150, Lu 0.3502, Pentalty 0.2429, loss 0.8895
Epoch 4, Batch 11/625, Grad Norms near zero: 12, Lx 0.4569, Lu 0.3140, Pentalty 0.3098, loss 0.8019
Epoch 4, Batch 12/625, Grad Norms near zero: 12, Lx 0.4782, Lu 0.3596, Pentalty 0.2151, loss 0.8594
Epoch 4, Batch 13/625, Grad Norms near zero: 12, Lx 0.4610, Lu 0.3382, Pentalty 0.2548, loss 0.8247
Epoch 4, Batch 14/625, Grad Norms near zero: 12, Lx 0.3807, Lu 0.2060, Pentalty 0.2321, loss 0.6099
Epoch 4, Batch 15/625, Grad Norms near zero: 12, Lx 0.4177, Lu 0.1826, Pentalty 0.1976, loss 0.6200
Epoch 4, Batch 16/625, Grad Norms near zero: 12, Lx 0.5335, Lu 0.3323, Pentalty 0.2381, loss 0.8896
Epoch 4, Batch 17/625, Grad Norms near zero: 12, Lx 0.4899, Lu 0.3549, Pentalty 0.2865, loss 0.8734
Epoch 4, Batch 18/625, Grad Norms near zero: 12, Lx 0.3688, Lu 0.1492, Pentalty 0.2247, loss 0.5405
Epoch 4, Batch 19/625, Grad Norms near zero: 13, Lx 0.3819, Lu 0.1761, Pentalty 0.2741, loss 0.5853
Epoch 4, Batch 20/625, Grad Norms near zero: 12, Lx 0.4335, Lu 0.3392, Pentalty 0.3856, loss 0.8113
Epoch 4, Batch 21/625, Grad Norms near zero: 12, Lx 0.5286, Lu 0.4937, Pentalty 0.4259, loss 1.0648
Epoch 4, Batch 22/625, Grad Norms near zero: 12, Lx 0.3101, Lu 0.2119, Pentalty 0.3531, loss 0.5572
Epoch 4, Batch 23/625, Grad Norms near zero: 12, Lx 0.5553, Lu 0.4228, Pentalty 0.3366, loss 1.0117
Epoch 4, Batch 24/625, Grad Norms near zero: 12, Lx 0.3899, Lu 0.2280, Pentalty 0.3576, loss 0.6537
Epoch 4, Batch 25/625, Grad Norms near zero: 12, Lx 0.5722, Lu 0.4989, Pentalty 0.3210, loss 1.1032
Epoch 4, Batch 26/625, Grad Norms near zero: 12, Lx 0.4677, Lu 0.3074, Pentalty 0.2387, loss 0.7990
Epoch 4, Batch 27/625, Grad Norms near zero: 12, Lx 0.4426, Lu 0.2506, Pentalty 0.1871, loss 0.7120
Epoch 4, Batch 28/625, Grad Norms near zero: 12, Lx 0.4050, Lu 0.2351, Pentalty 0.1786, loss 0.6580
Epoch 4, Batch 29/625, Grad Norms near zero: 12, Lx 0.3993, Lu 0.2402, Pentalty 0.1909, loss 0.6585
Epoch 4, Batch 30/625, Grad Norms near zero: 12, Lx 0.4865, Lu 0.3601, Pentalty 0.2080, loss 0.8674
Epoch 4, Batch 31/625, Grad Norms near zero: 12, Lx 0.4390, Lu 0.2698, Pentalty 0.1833, loss 0.7271
Epoch 4, Batch 32/625, Grad Norms near zero: 12, Lx 0.4150, Lu 0.1476, Pentalty 0.2882, loss 0.5914
Epoch 4, Batch 33/625, Grad Norms near zero: 12, Lx 0.3466, Lu 0.1402, Pentalty 0.2825, loss 0.5150
Epoch 4, Batch 34/625, Grad Norms near zero: 12, Lx 0.3476, Lu 0.1977, Pentalty 0.4063, loss 0.5859
Epoch 4, Batch 35/625, Grad Norms near zero: 13, Lx 0.4735, Lu 0.2013, Pentalty 0.4017, loss 0.7150
Epoch 4, Batch 36/625, Grad Norms near zero: 12, Lx 0.6099, Lu 0.3249, Pentalty 0.4586, loss 0.9806
Epoch 4, Batch 37/625, Grad Norms near zero: 12, Lx 0.4363, Lu 0.2429, Pentalty 0.4253, loss 0.7217
Epoch 4, Batch 38/625, Grad Norms near zero: 12, Lx 0.5285, Lu 0.5021, Pentalty 0.4623, loss 1.0769
Epoch 4, Batch 39/625, Grad Norms near zero: 12, Lx 0.3964, Lu 0.2872, Pentalty 0.4599, loss 0.7295
Epoch 4, Batch 40/625, Grad Norms near zero: 12, Lx 0.1957, Lu 0.0592, Pentalty 0.4559, loss 0.3005
Epoch 4, Batch 41/625, Grad Norms near zero: 12, Lx 0.4332, Lu 0.2601, Pentalty 0.3470, loss 0.7280
Epoch 4, Batch 42/625, Grad Norms near zero: 13, Lx 0.3896, Lu 0.2256, Pentalty 0.3421, loss 0.6495
Epoch 4, Batch 43/625, Grad Norms near zero: 12, Lx 0.4489, Lu 0.3373, Pentalty 0.3229, loss 0.8185
Epoch 4, Batch 44/625, Grad Norms near zero: 12, Lx 0.4446, Lu 0.3079, Pentalty 0.2432, loss 0.7769
Epoch 4, Batch 45/625, Grad Norms near zero: 12, Lx 0.3682, Lu 0.1875, Pentalty 0.2725, loss 0.5829
Epoch 4, Batch 46/625, Grad Norms near zero: 12, Lx 0.5941, Lu 0.4017, Pentalty 0.2167, loss 1.0175
Epoch 4, Batch 47/625, Grad Norms near zero: 13, Lx 0.5220, Lu 0.2899, Pentalty 0.2288, loss 0.8347
Epoch 4, Batch 48/625, Grad Norms near zero: 12, Lx 0.3674, Lu 0.1492, Pentalty 0.2374, loss 0.5404
Epoch 4, Batch 49/625, Grad Norms near zero: 13, Lx 0.5150, Lu 0.3389, Pentalty 0.2209, loss 0.8760
Epoch 4, Batch 50/625, Grad Norms near zero: 12, Lx 0.4656, Lu 0.4324, Pentalty 0.2135, loss 0.9193
Epoch 4, Batch 51/625, Grad Norms near zero: 12, Lx 0.4838, Lu 0.3078, Pentalty 0.2109, loss 0.8127
Epoch 4, Batch 52/625, Grad Norms near zero: 12, Lx 0.2873, Lu 0.2399, Pentalty 0.2791, loss 0.5551
Epoch 4, Batch 53/625, Grad Norms near zero: 12, Lx 0.5091, Lu 0.3887, Pentalty 0.2214, loss 0.9199
Epoch 4, Batch 54/625, Grad Norms near zero: 12, Lx 0.3733, Lu 0.1699, Pentalty 0.2352, loss 0.5667
Epoch 4, Batch 55/625, Grad Norms near zero: 12, Lx 0.4462, Lu 0.3028, Pentalty 0.2927, loss 0.7783
Epoch 4, Batch 56/625, Grad Norms near zero: 12, Lx 0.3760, Lu 0.2735, Pentalty 0.3333, loss 0.6828
Epoch 4, Batch 57/625, Grad Norms near zero: 12, Lx 0.4435, Lu 0.3839, Pentalty 0.3496, loss 0.8624
Epoch 4, Batch 58/625, Grad Norms near zero: 12, Lx 0.5092, Lu 0.4399, Pentalty 0.3745, loss 0.9865
Epoch 4, Batch 59/625, Grad Norms near zero: 12, Lx 0.4606, Lu 0.3725, Pentalty 0.3586, loss 0.8689
Epoch 4, Batch 60/625, Grad Norms near zero: 12, Lx 0.5147, Lu 0.5646, Pentalty 0.3778, loss 1.1171
Epoch 4, Batch 61/625, Grad Norms near zero: 12, Lx 0.2355, Lu 0.2158, Pentalty 0.4159, loss 0.4929
Epoch 4, Batch 62/625, Grad Norms near zero: 12, Lx 0.3931, Lu 0.3701, Pentalty 0.2824, loss 0.7915
Epoch 4, Batch 63/625, Grad Norms near zero: 12, Lx 0.3944, Lu 0.1726, Pentalty 0.3232, loss 0.5993
Epoch 4, Batch 64/625, Grad Norms near zero: 12, Lx 0.4725, Lu 0.2368, Pentalty 0.2468, loss 0.7340
Epoch 4, Batch 65/625, Grad Norms near zero: 13, Lx 0.4771, Lu 0.2817, Pentalty 0.2721, loss 0.7860
Epoch 4, Batch 66/625, Grad Norms near zero: 12, Lx 0.4085, Lu 0.1769, Pentalty 0.2639, loss 0.6118
Epoch 4, Batch 67/625, Grad Norms near zero: 12, Lx 0.3278, Lu 0.1036, Pentalty 0.3288, loss 0.4644
Epoch 4, Batch 68/625, Grad Norms near zero: 12, Lx 0.5108, Lu 0.8170, Pentalty 0.3375, loss 1.3616
Epoch 4, Batch 69/625, Grad Norms near zero: 12, Lx 0.4597, Lu 0.3887, Pentalty 0.2158, loss 0.8700
Epoch 4, Batch 70/625, Grad Norms near zero: 13, Lx 0.4788, Lu 0.3725, Pentalty 0.3004, loss 0.8813
Epoch 4, Batch 71/625, Grad Norms near zero: 12, Lx 0.3543, Lu 0.1466, Pentalty 0.2432, loss 0.5252
Epoch 4, Batch 72/625, Grad Norms near zero: 12, Lx 0.3359, Lu 0.1459, Pentalty 0.3807, loss 0.5198
Epoch 4, Batch 73/625, Grad Norms near zero: 13, Lx 0.4266, Lu 0.2345, Pentalty 0.3257, loss 0.6937
Epoch 4, Batch 74/625, Grad Norms near zero: 13, Lx 0.3993, Lu 0.2612, Pentalty 0.3714, loss 0.6976
Epoch 4, Batch 75/625, Grad Norms near zero: 12, Lx 0.4556, Lu 0.5389, Pentalty 0.3660, loss 1.0311
Epoch 4, Batch 76/625, Grad Norms near zero: 12, Lx 0.5178, Lu 0.4726, Pentalty 0.4278, loss 1.0332
Epoch 4, Batch 77/625, Grad Norms near zero: 13, Lx 0.4277, Lu 0.3426, Pentalty 0.3174, loss 0.8020
Epoch 4, Batch 78/625, Grad Norms near zero: 12, Lx 0.2595, Lu 0.1877, Pentalty 0.4427, loss 0.4915
Epoch 4, Batch 79/625, Grad Norms near zero: 12, Lx 0.4542, Lu 0.3271, Pentalty 0.3808, loss 0.8194
Epoch 4, Batch 80/625, Grad Norms near zero: 13, Lx 0.4254, Lu 0.2524, Pentalty 0.2685, loss 0.7047
Epoch 4, Batch 81/625, Grad Norms near zero: 12, Lx 0.5023, Lu 0.5515, Pentalty 0.3119, loss 1.0850
Epoch 4, Batch 82/625, Grad Norms near zero: 12, Lx 0.5112, Lu 0.4141, Pentalty 0.1557, loss 0.9409
Epoch 4, Batch 83/625, Grad Norms near zero: 12, Lx 0.4122, Lu 0.2540, Pentalty 0.1768, loss 0.6838
Epoch 4, Batch 84/625, Grad Norms near zero: 12, Lx 0.4779, Lu 0.3475, Pentalty 0.2364, loss 0.8491
Epoch 4, Batch 85/625, Grad Norms near zero: 12, Lx 0.4390, Lu 0.3308, Pentalty 0.2116, loss 0.7909
Epoch 4, Batch 86/625, Grad Norms near zero: 12, Lx 0.3761, Lu 0.2770, Pentalty 0.1642, loss 0.6696
Epoch 4, Batch 87/625, Grad Norms near zero: 12, Lx 0.4936, Lu 0.3025, Pentalty 0.2350, loss 0.8196
Epoch 4, Batch 88/625, Grad Norms near zero: 12, Lx 0.2759, Lu 0.1988, Pentalty 0.3211, loss 0.5069
Epoch 4, Batch 89/625, Grad Norms near zero: 13, Lx 0.4559, Lu 0.1754, Pentalty 0.2760, loss 0.6589
Epoch 4, Batch 90/625, Grad Norms near zero: 13, Lx 0.4243, Lu 0.1915, Pentalty 0.2635, loss 0.6421
Epoch 4, Batch 91/625, Grad Norms near zero: 12, Lx 0.4467, Lu 0.4395, Pentalty 0.2890, loss 0.9151
Epoch 4, Batch 92/625, Grad Norms near zero: 12, Lx 0.4025, Lu 0.2466, Pentalty 0.3695, loss 0.6860
Epoch 4, Batch 93/625, Grad Norms near zero: 12, Lx 0.5095, Lu 0.3420, Pentalty 0.3003, loss 0.8816
Epoch 4, Batch 94/625, Grad Norms near zero: 12, Lx 0.4624, Lu 0.2658, Pentalty 0.3546, loss 0.7636
Epoch 4, Batch 95/625, Grad Norms near zero: 12, Lx 0.5781, Lu 0.2870, Pentalty 0.3940, loss 0.9045
Epoch 4, Batch 96/625, Grad Norms near zero: 12, Lx 0.5419, Lu 0.4129, Pentalty 0.3058, loss 0.9853
Epoch 4, Batch 97/625, Grad Norms near zero: 12, Lx 0.4599, Lu 0.3229, Pentalty 0.3292, loss 0.8158
Epoch 4, Batch 98/625, Grad Norms near zero: 12, Lx 0.5296, Lu 0.4460, Pentalty 0.2322, loss 0.9988
Epoch 4, Batch 99/625, Grad Norms near zero: 12, Lx 0.4131, Lu 0.4544, Pentalty 0.2525, loss 0.8927
Epoch 4, Batch 100/625, Grad Norms near zero: 12, Lx 0.3292, Lu 0.1934, Pentalty 0.2761, loss 0.5502
Epoch 4, Batch 101/625, Grad Norms near zero: 12, Lx 0.4567, Lu 0.2199, Pentalty 0.1953, loss 0.6961
Epoch 4, Batch 102/625, Grad Norms near zero: 12, Lx 0.5110, Lu 0.3057, Pentalty 0.1670, loss 0.8334
Epoch 4, Batch 103/625, Grad Norms near zero: 12, Lx 0.4238, Lu 0.1628, Pentalty 0.2322, loss 0.6097
Epoch 4, Batch 104/625, Grad Norms near zero: 12, Lx 0.5098, Lu 0.3065, Pentalty 0.2191, loss 0.8382
Epoch 4, Batch 105/625, Grad Norms near zero: 12, Lx 0.4256, Lu 0.2073, Pentalty 0.2139, loss 0.6542
Epoch 4, Batch 106/625, Grad Norms near zero: 12, Lx 0.3593, Lu 0.1535, Pentalty 0.3918, loss 0.5520
Epoch 4, Batch 107/625, Grad Norms near zero: 12, Lx 0.4638, Lu 0.2379, Pentalty 0.3326, loss 0.7350
Epoch 4, Batch 108/625, Grad Norms near zero: 12, Lx 0.4665, Lu 0.1737, Pentalty 0.2554, loss 0.6658
Epoch 4, Batch 109/625, Grad Norms near zero: 12, Lx 0.4754, Lu 0.2978, Pentalty 0.4074, loss 0.8139
Epoch 4, Batch 110/625, Grad Norms near zero: 12, Lx 0.3920, Lu 0.1818, Pentalty 0.3460, loss 0.6084
Epoch 4, Batch 111/625, Grad Norms near zero: 12, Lx 0.2402, Lu 0.0410, Pentalty 0.4698, loss 0.3282
Epoch 4, Batch 112/625, Grad Norms near zero: 12, Lx 0.3693, Lu 0.2644, Pentalty 0.4096, loss 0.6746
Epoch 4, Batch 113/625, Grad Norms near zero: 12, Lx 0.5901, Lu 0.3218, Pentalty 0.3329, loss 0.9452
Epoch 4, Batch 114/625, Grad Norms near zero: 12, Lx 0.3957, Lu 0.1334, Pentalty 0.3798, loss 0.5671
Epoch 4, Batch 115/625, Grad Norms near zero: 12, Lx 0.3207, Lu 0.1083, Pentalty 0.3409, loss 0.4632
Epoch 4, Batch 116/625, Grad Norms near zero: 12, Lx 0.5022, Lu 0.3661, Pentalty 0.2691, loss 0.8952
Epoch 4, Batch 117/625, Grad Norms near zero: 12, Lx 0.4209, Lu 0.2693, Pentalty 0.3542, loss 0.7256
Epoch 4, Batch 118/625, Grad Norms near zero: 12, Lx 0.5382, Lu 0.3102, Pentalty 0.2218, loss 0.8706
Epoch 4, Batch 119/625, Grad Norms near zero: 12, Lx 0.3703, Lu 0.3737, Pentalty 0.2818, loss 0.7722
Epoch 4, Batch 120/625, Grad Norms near zero: 12, Lx 0.4496, Lu 0.2944, Pentalty 0.2114, loss 0.7651
Epoch 4, Batch 121/625, Grad Norms near zero: 12, Lx 0.4569, Lu 0.3056, Pentalty 0.1683, loss 0.7793
Epoch 4, Batch 122/625, Grad Norms near zero: 12, Lx 0.4158, Lu 0.1349, Pentalty 0.1828, loss 0.5691
Epoch 4, Batch 123/625, Grad Norms near zero: 12, Lx 0.5457, Lu 0.4336, Pentalty 0.2343, loss 1.0028
Epoch 4, Batch 124/625, Grad Norms near zero: 12, Lx 0.4407, Lu 0.2264, Pentalty 0.1970, loss 0.6868
Epoch 4, Batch 125/625, Grad Norms near zero: 12, Lx 0.3002, Lu 0.1846, Pentalty 0.3606, loss 0.5208
Epoch 4, Batch 126/625, Grad Norms near zero: 12, Lx 0.3830, Lu 0.1765, Pentalty 0.3211, loss 0.5916
Epoch 4, Batch 127/625, Grad Norms near zero: 12, Lx 0.5820, Lu 0.3733, Pentalty 0.2538, loss 0.9806
Epoch 4, Batch 128/625, Grad Norms near zero: 12, Lx 0.4729, Lu 0.1714, Pentalty 0.2433, loss 0.6687
Epoch 4, Batch 129/625, Grad Norms near zero: 12, Lx 0.3507, Lu 0.1314, Pentalty 0.3239, loss 0.5146
Epoch 4, Batch 130/625, Grad Norms near zero: 12, Lx 0.4751, Lu 0.2815, Pentalty 0.1761, loss 0.7742
Epoch 4, Batch 131/625, Grad Norms near zero: 13, Lx 0.4506, Lu 0.1340, Pentalty 0.2254, loss 0.6071
Epoch 4, Batch 132/625, Grad Norms near zero: 12, Lx 0.5928, Lu 0.5649, Pentalty 0.2085, loss 1.1786
Epoch 4, Batch 133/625, Grad Norms near zero: 12, Lx 0.3803, Lu 0.1222, Pentalty 0.3399, loss 0.5365
Epoch 4, Batch 134/625, Grad Norms near zero: 12, Lx 0.4321, Lu 0.1652, Pentalty 0.2893, loss 0.6263
Epoch 4, Batch 135/625, Grad Norms near zero: 12, Lx 0.3688, Lu 0.1337, Pentalty 0.3095, loss 0.5334
Epoch 4, Batch 136/625, Grad Norms near zero: 13, Lx 0.4742, Lu 0.3912, Pentalty 0.1960, loss 0.8850
Epoch 4, Batch 137/625, Grad Norms near zero: 12, Lx 0.5241, Lu 0.5429, Pentalty 0.3039, loss 1.0973
Epoch 4, Batch 138/625, Grad Norms near zero: 12, Lx 0.2292, Lu 0.1133, Pentalty 0.3432, loss 0.3768
Epoch 4, Batch 139/625, Grad Norms near zero: 12, Lx 0.2938, Lu 0.2620, Pentalty 0.2443, loss 0.5803
Epoch 4, Batch 140/625, Grad Norms near zero: 12, Lx 0.5058, Lu 0.3239, Pentalty 0.2914, loss 0.8589
Epoch 4, Batch 141/625, Grad Norms near zero: 12, Lx 0.4685, Lu 0.3250, Pentalty 0.2765, loss 0.8212
Epoch 4, Batch 142/625, Grad Norms near zero: 12, Lx 0.3308, Lu 0.1295, Pentalty 0.2874, loss 0.4890
Epoch 4, Batch 143/625, Grad Norms near zero: 13, Lx 0.4271, Lu 0.3809, Pentalty 0.1980, loss 0.8279
Epoch 4, Batch 144/625, Grad Norms near zero: 12, Lx 0.4180, Lu 0.3195, Pentalty 0.2925, loss 0.7667
Epoch 4, Batch 145/625, Grad Norms near zero: 13, Lx 0.3738, Lu 0.1283, Pentalty 0.3443, loss 0.5364
Epoch 4, Batch 146/625, Grad Norms near zero: 13, Lx 0.4436, Lu 0.1902, Pentalty 0.2565, loss 0.6595
Epoch 4, Batch 147/625, Grad Norms near zero: 13, Lx 0.4549, Lu 0.2306, Pentalty 0.2994, loss 0.7154
Epoch 4, Batch 148/625, Grad Norms near zero: 12, Lx 0.5131, Lu 0.3342, Pentalty 0.2781, loss 0.8751
Epoch 4, Batch 149/625, Grad Norms near zero: 12, Lx 0.4867, Lu 0.2010, Pentalty 0.2754, loss 0.7153
Epoch 4, Batch 150/625, Grad Norms near zero: 12, Lx 0.4961, Lu 0.3652, Pentalty 0.3578, loss 0.8970
Epoch 4, Batch 151/625, Grad Norms near zero: 12, Lx 0.5006, Lu 0.4011, Pentalty 0.1877, loss 0.9204
Epoch 4, Batch 152/625, Grad Norms near zero: 12, Lx 0.3425, Lu 0.1638, Pentalty 0.3818, loss 0.5445
Epoch 4, Batch 153/625, Grad Norms near zero: 12, Lx 0.4520, Lu 0.2115, Pentalty 0.1583, loss 0.6793
Epoch 4, Batch 154/625, Grad Norms near zero: 12, Lx 0.4302, Lu 0.2647, Pentalty 0.2046, loss 0.7154
Epoch 4, Batch 155/625, Grad Norms near zero: 12, Lx 0.4470, Lu 0.2693, Pentalty 0.1625, loss 0.7326
Epoch 4, Batch 156/625, Grad Norms near zero: 12, Lx 0.4666, Lu 0.2518, Pentalty 0.2312, loss 0.7415
Epoch 4, Batch 157/625, Grad Norms near zero: 12, Lx 0.5345, Lu 0.1878, Pentalty 0.2459, loss 0.7468
Epoch 4, Batch 158/625, Grad Norms near zero: 12, Lx 0.4344, Lu 0.2463, Pentalty 0.2657, loss 0.7072
Epoch 4, Batch 159/625, Grad Norms near zero: 12, Lx 0.5032, Lu 0.3525, Pentalty 0.3216, loss 0.8878
Epoch 4, Batch 160/625, Grad Norms near zero: 12, Lx 0.5377, Lu 0.4310, Pentalty 0.3253, loss 1.0012
Epoch 4, Batch 161/625, Grad Norms near zero: 12, Lx 0.4751, Lu 0.3677, Pentalty 0.2269, loss 0.8655
Epoch 4, Batch 162/625, Grad Norms near zero: 12, Lx 0.4027, Lu 0.2908, Pentalty 0.2274, loss 0.7163
Epoch 4, Batch 163/625, Grad Norms near zero: 12, Lx 0.3771, Lu 0.4328, Pentalty 0.3467, loss 0.8445
Epoch 4, Batch 164/625, Grad Norms near zero: 12, Lx 0.3162, Lu 0.2288, Pentalty 0.2388, loss 0.5688
Epoch 4, Batch 165/625, Grad Norms near zero: 12, Lx 0.3702, Lu 0.2887, Pentalty 0.2456, loss 0.6835
Epoch 4, Batch 166/625, Grad Norms near zero: 12, Lx 0.2923, Lu 0.1066, Pentalty 0.2830, loss 0.4272
Epoch 4, Batch 167/625, Grad Norms near zero: 12, Lx 0.2940, Lu 0.2438, Pentalty 0.2941, loss 0.5672
Epoch 4, Batch 168/625, Grad Norms near zero: 13, Lx 0.4414, Lu 0.1994, Pentalty 0.2185, loss 0.6627
Epoch 4, Batch 169/625, Grad Norms near zero: 12, Lx 0.3719, Lu 0.1491, Pentalty 0.3598, loss 0.5570
Epoch 4, Batch 170/625, Grad Norms near zero: 12, Lx 0.3540, Lu 0.2642, Pentalty 0.2412, loss 0.6424
Epoch 4, Batch 171/625, Grad Norms near zero: 12, Lx 0.4728, Lu 0.4433, Pentalty 0.6139, loss 0.9775
Epoch 4, Batch 172/625, Grad Norms near zero: 12, Lx 0.5101, Lu 0.6763, Pentalty 0.5304, loss 1.2395
Epoch 4, Batch 173/625, Grad Norms near zero: 12, Lx 0.4650, Lu 0.2069, Pentalty 0.5623, loss 0.7282
Epoch 4, Batch 174/625, Grad Norms near zero: 12, Lx 0.4513, Lu 0.4096, Pentalty 0.5380, loss 0.9147
Epoch 4, Batch 175/625, Grad Norms near zero: 12, Lx 0.3812, Lu 0.2023, Pentalty 0.3727, loss 0.6207
Epoch 4, Batch 176/625, Grad Norms near zero: 12, Lx 0.5702, Lu 0.4621, Pentalty 0.5080, loss 1.0831
Epoch 4, Batch 177/625, Grad Norms near zero: 12, Lx 0.3372, Lu 0.2114, Pentalty 0.3748, loss 0.5861
Epoch 4, Batch 178/625, Grad Norms near zero: 12, Lx 0.1712, Lu 0.0549, Pentalty 0.4891, loss 0.2750
Epoch 4, Batch 179/625, Grad Norms near zero: 12, Lx 0.3628, Lu 0.2242, Pentalty 0.3341, loss 0.6203
Epoch 4, Batch 180/625, Grad Norms near zero: 12, Lx 0.3949, Lu 0.2016, Pentalty 0.2280, loss 0.6194
Epoch 4, Batch 181/625, Grad Norms near zero: 12, Lx 0.3400, Lu 0.1222, Pentalty 0.2396, loss 0.4861
Epoch 4, Batch 182/625, Grad Norms near zero: 12, Lx 0.4687, Lu 0.2478, Pentalty 0.2459, loss 0.7410
Epoch 4, Batch 183/625, Grad Norms near zero: 12, Lx 0.5119, Lu 0.3255, Pentalty 0.2148, loss 0.8589
Epoch 4, Batch 184/625, Grad Norms near zero: 12, Lx 0.4644, Lu 0.3664, Pentalty 0.2857, loss 0.8593
Epoch 4, Batch 185/625, Grad Norms near zero: 12, Lx 0.3986, Lu 0.1866, Pentalty 0.2494, loss 0.6102
Epoch 4, Batch 186/625, Grad Norms near zero: 12, Lx 0.3793, Lu 0.1560, Pentalty 0.3350, loss 0.5688
Epoch 4, Batch 187/625, Grad Norms near zero: 12, Lx 0.5291, Lu 0.2908, Pentalty 0.2093, loss 0.8409
Epoch 4, Batch 188/625, Grad Norms near zero: 12, Lx 0.3414, Lu 0.1317, Pentalty 0.3284, loss 0.5060
Epoch 4, Batch 189/625, Grad Norms near zero: 12, Lx 0.4620, Lu 0.3475, Pentalty 0.2627, loss 0.8358
Epoch 4, Batch 190/625, Grad Norms near zero: 12, Lx 0.3306, Lu 0.1727, Pentalty 0.3781, loss 0.5411
Epoch 4, Batch 191/625, Grad Norms near zero: 13, Lx 0.5354, Lu 0.3420, Pentalty 0.1183, loss 0.8892
Epoch 4, Batch 192/625, Grad Norms near zero: 12, Lx 0.4372, Lu 0.1776, Pentalty 0.2214, loss 0.6369
Epoch 4, Batch 193/625, Grad Norms near zero: 12, Lx 0.3710, Lu 0.2659, Pentalty 0.2854, loss 0.6654
Epoch 4, Batch 194/625, Grad Norms near zero: 12, Lx 0.4104, Lu 0.3378, Pentalty 0.3191, loss 0.7801
Epoch 4, Batch 195/625, Grad Norms near zero: 12, Lx 0.2062, Lu 0.0640, Pentalty 0.4308, loss 0.3133
Epoch 4, Batch 196/625, Grad Norms near zero: 12, Lx 0.4867, Lu 0.2978, Pentalty 0.1945, loss 0.8039
Epoch 4, Batch 197/625, Grad Norms near zero: 12, Lx 0.4139, Lu 0.2014, Pentalty 0.2939, loss 0.6447
Epoch 4, Batch 198/625, Grad Norms near zero: 12, Lx 0.4977, Lu 0.3505, Pentalty 0.1969, loss 0.8680
Epoch 4, Batch 199/625, Grad Norms near zero: 12, Lx 0.4681, Lu 0.2496, Pentalty 0.2256, loss 0.7403
Epoch 4, Batch 200/625, Grad Norms near zero: 12, Lx 0.4251, Lu 0.2828, Pentalty 0.3259, loss 0.7405
Epoch 4, Batch 201/625, Grad Norms near zero: 13, Lx 0.4541, Lu 0.4390, Pentalty 0.2397, loss 0.9171
Epoch 4, Batch 202/625, Grad Norms near zero: 12, Lx 0.4024, Lu 0.1604, Pentalty 0.3295, loss 0.5958
Epoch 4, Batch 203/625, Grad Norms near zero: 12, Lx 0.4952, Lu 0.4055, Pentalty 0.3535, loss 0.9361
Epoch 4, Batch 204/625, Grad Norms near zero: 12, Lx 0.3380, Lu 0.1424, Pentalty 0.3550, loss 0.5159
Epoch 4, Batch 205/625, Grad Norms near zero: 12, Lx 0.3776, Lu 0.1114, Pentalty 0.3651, loss 0.5255
Epoch 4, Batch 206/625, Grad Norms near zero: 12, Lx 0.5226, Lu 0.3432, Pentalty 0.2546, loss 0.8913
Epoch 4, Batch 207/625, Grad Norms near zero: 12, Lx 0.2656, Lu 0.1841, Pentalty 0.4643, loss 0.4961
Epoch 4, Batch 208/625, Grad Norms near zero: 12, Lx 0.4030, Lu 0.2765, Pentalty 0.2856, loss 0.7080
Epoch 4, Batch 209/625, Grad Norms near zero: 12, Lx 0.4420, Lu 0.4413, Pentalty 0.4608, loss 0.9294
Epoch 4, Batch 210/625, Grad Norms near zero: 12, Lx 0.3826, Lu 0.1758, Pentalty 0.3189, loss 0.5902
Epoch 4, Batch 211/625, Grad Norms near zero: 12, Lx 0.5212, Lu 0.3561, Pentalty 0.3698, loss 0.9144
Epoch 4, Batch 212/625, Grad Norms near zero: 12, Lx 0.4556, Lu 0.2386, Pentalty 0.1925, loss 0.7135
Epoch 4, Batch 213/625, Grad Norms near zero: 12, Lx 0.4992, Lu 0.3825, Pentalty 0.2308, loss 0.9049
Epoch 4, Batch 214/625, Grad Norms near zero: 12, Lx 0.4818, Lu 0.2077, Pentalty 0.2111, loss 0.7106
Epoch 4, Batch 215/625, Grad Norms near zero: 12, Lx 0.4146, Lu 0.2620, Pentalty 0.1154, loss 0.6881
Epoch 4, Batch 216/625, Grad Norms near zero: 12, Lx 0.4278, Lu 0.2840, Pentalty 0.1767, loss 0.7295
Epoch 4, Batch 217/625, Grad Norms near zero: 12, Lx 0.4941, Lu 0.4535, Pentalty 0.0929, loss 0.9569
Epoch 4, Batch 218/625, Grad Norms near zero: 12, Lx 0.5534, Lu 0.3277, Pentalty 0.0730, loss 0.8883
Epoch 4, Batch 219/625, Grad Norms near zero: 12, Lx 0.4995, Lu 0.4454, Pentalty 0.2406, loss 0.9689
Epoch 4, Batch 220/625, Grad Norms near zero: 12, Lx 0.4812, Lu 0.2876, Pentalty 0.3711, loss 0.8059
Epoch 4, Batch 221/625, Grad Norms near zero: 12, Lx 0.4436, Lu 0.3864, Pentalty 0.5670, loss 0.8866
Epoch 4, Batch 222/625, Grad Norms near zero: 12, Lx 0.4663, Lu 0.2619, Pentalty 0.4416, loss 0.7723
Epoch 4, Batch 223/625, Grad Norms near zero: 12, Lx 0.4100, Lu 0.2876, Pentalty 0.5177, loss 0.7494
Epoch 4, Batch 224/625, Grad Norms near zero: 12, Lx 0.6122, Lu 0.5522, Pentalty 0.4723, loss 1.2116
Epoch 4, Batch 225/625, Grad Norms near zero: 12, Lx 0.3578, Lu 0.1543, Pentalty 0.5162, loss 0.5638
Epoch 4, Batch 226/625, Grad Norms near zero: 12, Lx 0.2240, Lu 0.0254, Pentalty 0.6591, loss 0.3153
Epoch 4, Batch 227/625, Grad Norms near zero: 13, Lx 0.4416, Lu 0.1863, Pentalty 0.3732, loss 0.6651
Epoch 4, Batch 228/625, Grad Norms near zero: 12, Lx 0.6029, Lu 0.2854, Pentalty 0.4875, loss 0.9370
Epoch 4, Batch 229/625, Grad Norms near zero: 12, Lx 0.4513, Lu 0.2287, Pentalty 0.4350, loss 0.7236
Epoch 4, Batch 230/625, Grad Norms near zero: 12, Lx 0.2361, Lu 0.0754, Pentalty 0.3999, loss 0.3515
Epoch 4, Batch 231/625, Grad Norms near zero: 13, Lx 0.5149, Lu 0.4342, Pentalty 0.1844, loss 0.9675
Epoch 4, Batch 232/625, Grad Norms near zero: 12, Lx 0.4871, Lu 0.2193, Pentalty 0.1358, loss 0.7200
Epoch 4, Batch 233/625, Grad Norms near zero: 12, Lx 0.4647, Lu 0.3289, Pentalty 0.1602, loss 0.8096
Epoch 4, Batch 234/625, Grad Norms near zero: 12, Lx 0.4136, Lu 0.2355, Pentalty 0.1864, loss 0.6677
Epoch 4, Batch 235/625, Grad Norms near zero: 12, Lx 0.5943, Lu 0.3704, Pentalty 0.2586, loss 0.9905
Epoch 4, Batch 236/625, Grad Norms near zero: 12, Lx 0.4274, Lu 0.2222, Pentalty 0.2890, loss 0.6786
Epoch 4, Batch 237/625, Grad Norms near zero: 12, Lx 0.4669, Lu 0.2604, Pentalty 0.2798, loss 0.7552
Epoch 4, Batch 238/625, Grad Norms near zero: 13, Lx 0.4751, Lu 0.3444, Pentalty 0.2101, loss 0.8405
Epoch 4, Batch 239/625, Grad Norms near zero: 12, Lx 0.3069, Lu 0.1575, Pentalty 0.3406, loss 0.4984
Epoch 4, Batch 240/625, Grad Norms near zero: 12, Lx 0.4859, Lu 0.3224, Pentalty 0.2856, loss 0.8369
Epoch 4, Batch 241/625, Grad Norms near zero: 13, Lx 0.4703, Lu 0.1995, Pentalty 0.1736, loss 0.6872
Epoch 4, Batch 242/625, Grad Norms near zero: 12, Lx 0.3953, Lu 0.1580, Pentalty 0.2906, loss 0.5824
Epoch 4, Batch 243/625, Grad Norms near zero: 13, Lx 0.4407, Lu 0.2035, Pentalty 0.2614, loss 0.6704
Epoch 4, Batch 244/625, Grad Norms near zero: 13, Lx 0.4037, Lu 0.1712, Pentalty 0.2901, loss 0.6039
Epoch 4, Batch 245/625, Grad Norms near zero: 13, Lx 0.4474, Lu 0.1795, Pentalty 0.2701, loss 0.6539
Epoch 4, Batch 246/625, Grad Norms near zero: 12, Lx 0.4091, Lu 0.2219, Pentalty 0.3901, loss 0.6700
Epoch 4, Batch 247/625, Grad Norms near zero: 12, Lx 0.4562, Lu 0.2632, Pentalty 0.4046, loss 0.7598
Epoch 4, Batch 248/625, Grad Norms near zero: 12, Lx 0.4740, Lu 0.2886, Pentalty 0.3541, loss 0.7981
Epoch 4, Batch 249/625, Grad Norms near zero: 13, Lx 0.4576, Lu 0.1801, Pentalty 0.3434, loss 0.6720
Epoch 4, Batch 250/625, Grad Norms near zero: 12, Lx 0.4176, Lu 0.1699, Pentalty 0.3150, loss 0.6191
Epoch 4, Batch 251/625, Grad Norms near zero: 13, Lx 0.4680, Lu 0.3565, Pentalty 0.3233, loss 0.8568
Epoch 4, Batch 252/625, Grad Norms near zero: 13, Lx 0.4573, Lu 0.4244, Pentalty 0.4180, loss 0.9236
Epoch 4, Batch 253/625, Grad Norms near zero: 12, Lx 0.5316, Lu 0.6018, Pentalty 0.3563, loss 1.1690
Epoch 4, Batch 254/625, Grad Norms near zero: 13, Lx 0.4442, Lu 0.1801, Pentalty 0.2739, loss 0.6517
Epoch 4, Batch 255/625, Grad Norms near zero: 12, Lx 0.3668, Lu 0.1898, Pentalty 0.3152, loss 0.5881
Epoch 4, Batch 256/625, Grad Norms near zero: 12, Lx 0.4920, Lu 0.4436, Pentalty 0.2579, loss 0.9614
Epoch 4, Batch 257/625, Grad Norms near zero: 12, Lx 0.4151, Lu 0.2359, Pentalty 0.2226, loss 0.6733
Epoch 4, Batch 258/625, Grad Norms near zero: 12, Lx 0.5059, Lu 0.2505, Pentalty 0.1657, loss 0.7730
Epoch 4, Batch 259/625, Grad Norms near zero: 12, Lx 0.4091, Lu 0.2872, Pentalty 0.2372, loss 0.7200
Epoch 4, Batch 260/625, Grad Norms near zero: 12, Lx 0.4648, Lu 0.4921, Pentalty 0.2137, loss 0.9783
Epoch 4, Batch 261/625, Grad Norms near zero: 12, Lx 0.4568, Lu 0.3104, Pentalty 0.1688, loss 0.7841
Epoch 4, Batch 262/625, Grad Norms near zero: 12, Lx 0.4627, Lu 0.2706, Pentalty 0.2104, loss 0.7543
Epoch 4, Batch 263/625, Grad Norms near zero: 13, Lx 0.4770, Lu 0.3673, Pentalty 0.1943, loss 0.8638
Epoch 4, Batch 264/625, Grad Norms near zero: 12, Lx 0.4018, Lu 0.2082, Pentalty 0.2454, loss 0.6346
Epoch 4, Batch 265/625, Grad Norms near zero: 13, Lx 0.4504, Lu 0.3009, Pentalty 0.2447, loss 0.7758
Epoch 4, Batch 266/625, Grad Norms near zero: 12, Lx 0.4457, Lu 0.2740, Pentalty 0.2893, loss 0.7486
Epoch 4, Batch 267/625, Grad Norms near zero: 12, Lx 0.6162, Lu 0.6173, Pentalty 0.2718, loss 1.2607
Epoch 4, Batch 268/625, Grad Norms near zero: 13, Lx 0.4204, Lu 0.1713, Pentalty 0.2808, loss 0.6198
Epoch 4, Batch 269/625, Grad Norms near zero: 12, Lx 0.5104, Lu 0.2592, Pentalty 0.3077, loss 0.8004
Epoch 4, Batch 270/625, Grad Norms near zero: 12, Lx 0.4400, Lu 0.4114, Pentalty 0.2563, loss 0.8770
Epoch 4, Batch 271/625, Grad Norms near zero: 13, Lx 0.4573, Lu 0.1974, Pentalty 0.2909, loss 0.6838
Epoch 4, Batch 272/625, Grad Norms near zero: 13, Lx 0.3993, Lu 0.3142, Pentalty 0.3481, loss 0.7483
Epoch 4, Batch 273/625, Grad Norms near zero: 13, Lx 0.5017, Lu 0.3805, Pentalty 0.2395, loss 0.9062
Epoch 4, Batch 274/625, Grad Norms near zero: 12, Lx 0.3834, Lu 0.6480, Pentalty 0.3895, loss 1.0703
Epoch 4, Batch 275/625, Grad Norms near zero: 12, Lx 0.4205, Lu 0.2050, Pentalty 0.2850, loss 0.6541
Epoch 4, Batch 276/625, Grad Norms near zero: 13, Lx 0.5268, Lu 0.3990, Pentalty 0.2139, loss 0.9472
Epoch 4, Batch 277/625, Grad Norms near zero: 12, Lx 0.3254, Lu 0.1417, Pentalty 0.2431, loss 0.4915
Epoch 4, Batch 278/625, Grad Norms near zero: 12, Lx 0.4798, Lu 0.3852, Pentalty 0.2371, loss 0.8886
Epoch 4, Batch 279/625, Grad Norms near zero: 12, Lx 0.4062, Lu 0.3588, Pentalty 0.2635, loss 0.7913
Epoch 4, Batch 280/625, Grad Norms near zero: 12, Lx 0.5025, Lu 0.2651, Pentalty 0.2045, loss 0.7881
Epoch 4, Batch 281/625, Grad Norms near zero: 12, Lx 0.4437, Lu 0.2957, Pentalty 0.2329, loss 0.7627
Epoch 4, Batch 282/625, Grad Norms near zero: 12, Lx 0.3499, Lu 0.2447, Pentalty 0.2876, loss 0.6234
Epoch 4, Batch 283/625, Grad Norms near zero: 12, Lx 0.4519, Lu 0.2443, Pentalty 0.2367, loss 0.7199
Epoch 4, Batch 284/625, Grad Norms near zero: 13, Lx 0.5368, Lu 0.3688, Pentalty 0.2363, loss 0.9292
Epoch 4, Batch 285/625, Grad Norms near zero: 12, Lx 0.4932, Lu 0.2303, Pentalty 0.1734, loss 0.7409
Epoch 4, Batch 286/625, Grad Norms near zero: 12, Lx 0.4290, Lu 0.4680, Pentalty 0.3087, loss 0.9278
Epoch 4, Batch 287/625, Grad Norms near zero: 12, Lx 0.5307, Lu 0.2745, Pentalty 0.2587, loss 0.8311
Epoch 4, Batch 288/625, Grad Norms near zero: 12, Lx 0.4004, Lu 0.2668, Pentalty 0.2241, loss 0.6896
Epoch 4, Batch 289/625, Grad Norms near zero: 12, Lx 0.3452, Lu 0.1128, Pentalty 0.3201, loss 0.4900
Epoch 4, Batch 290/625, Grad Norms near zero: 12, Lx 0.4469, Lu 0.1666, Pentalty 0.2880, loss 0.6422
Epoch 4, Batch 291/625, Grad Norms near zero: 12, Lx 0.4395, Lu 0.2002, Pentalty 0.3141, loss 0.6711
Epoch 4, Batch 292/625, Grad Norms near zero: 12, Lx 0.3918, Lu 0.1018, Pentalty 0.3116, loss 0.5248
Epoch 4, Batch 293/625, Grad Norms near zero: 12, Lx 0.5553, Lu 0.3805, Pentalty 0.2631, loss 0.9621
Epoch 4, Batch 294/625, Grad Norms near zero: 12, Lx 0.3910, Lu 0.2066, Pentalty 0.3141, loss 0.6291
Epoch 4, Batch 295/625, Grad Norms near zero: 13, Lx 0.4051, Lu 0.1675, Pentalty 0.2942, loss 0.6020
Epoch 4, Batch 296/625, Grad Norms near zero: 12, Lx 0.4588, Lu 0.4122, Pentalty 0.4192, loss 0.9129
Epoch 4, Batch 297/625, Grad Norms near zero: 12, Lx 0.5009, Lu 0.2489, Pentalty 0.2976, loss 0.7795
Epoch 4, Batch 298/625, Grad Norms near zero: 13, Lx 0.5890, Lu 0.2745, Pentalty 0.2742, loss 0.8910
Epoch 4, Batch 299/625, Grad Norms near zero: 13, Lx 0.4234, Lu 0.1589, Pentalty 0.2616, loss 0.6084
Epoch 4, Batch 300/625, Grad Norms near zero: 12, Lx 0.4404, Lu 0.8037, Pentalty 0.4039, loss 1.2845
Epoch 4, Batch 301/625, Grad Norms near zero: 12, Lx 0.4871, Lu 0.2044, Pentalty 0.2925, loss 0.7208
Epoch 4, Batch 302/625, Grad Norms near zero: 12, Lx 0.5069, Lu 0.2512, Pentalty 0.2653, loss 0.7846
Epoch 4, Batch 303/625, Grad Norms near zero: 12, Lx 0.4989, Lu 0.3339, Pentalty 0.1893, loss 0.8517
Epoch 4, Batch 304/625, Grad Norms near zero: 12, Lx 0.4504, Lu 0.2219, Pentalty 0.2255, loss 0.6948
Epoch 4, Batch 305/625, Grad Norms near zero: 12, Lx 0.4473, Lu 0.3651, Pentalty 0.2049, loss 0.8328
Epoch 4, Batch 306/625, Grad Norms near zero: 12, Lx 0.4383, Lu 0.1468, Pentalty 0.2022, loss 0.6053
Epoch 4, Batch 307/625, Grad Norms near zero: 12, Lx 0.4949, Lu 0.3213, Pentalty 0.2385, loss 0.8401
Epoch 4, Batch 308/625, Grad Norms near zero: 12, Lx 0.4621, Lu 0.2055, Pentalty 0.2382, loss 0.6915
Epoch 4, Batch 309/625, Grad Norms near zero: 13, Lx 0.4737, Lu 0.3165, Pentalty 0.1877, loss 0.8089
Epoch 4, Batch 310/625, Grad Norms near zero: 12, Lx 0.4755, Lu 0.2342, Pentalty 0.2366, loss 0.7334
Epoch 4, Batch 311/625, Grad Norms near zero: 12, Lx 0.4500, Lu 0.2479, Pentalty 0.2184, loss 0.7197
Epoch 4, Batch 312/625, Grad Norms near zero: 12, Lx 0.5096, Lu 0.3244, Pentalty 0.2267, loss 0.8567
Epoch 4, Batch 313/625, Grad Norms near zero: 12, Lx 0.4527, Lu 0.4444, Pentalty 0.2986, loss 0.9269
Epoch 4, Batch 314/625, Grad Norms near zero: 12, Lx 0.4507, Lu 0.2188, Pentalty 0.1989, loss 0.6894
Epoch 4, Batch 315/625, Grad Norms near zero: 12, Lx 0.5491, Lu 0.4858, Pentalty 0.1910, loss 1.0540
Epoch 4, Batch 316/625, Grad Norms near zero: 12, Lx 0.5807, Lu 0.4020, Pentalty 0.1679, loss 0.9995
Epoch 4, Batch 317/625, Grad Norms near zero: 12, Lx 0.3528, Lu 0.1923, Pentalty 0.2433, loss 0.5695
Epoch 4, Batch 318/625, Grad Norms near zero: 12, Lx 0.4333, Lu 0.2640, Pentalty 0.1751, loss 0.7148
Epoch 4, Batch 319/625, Grad Norms near zero: 12, Lx 0.4935, Lu 0.4114, Pentalty 0.1612, loss 0.9209
Epoch 4, Batch 320/625, Grad Norms near zero: 12, Lx 0.3333, Lu 0.1693, Pentalty 0.2624, loss 0.5288
Epoch 4, Batch 321/625, Grad Norms near zero: 12, Lx 0.4888, Lu 0.5108, Pentalty 0.1952, loss 1.0191
Epoch 4, Batch 322/625, Grad Norms near zero: 12, Lx 0.4699, Lu 0.2883, Pentalty 0.2614, loss 0.7842
Epoch 4, Batch 323/625, Grad Norms near zero: 12, Lx 0.4598, Lu 0.1781, Pentalty 0.2251, loss 0.6604
Epoch 4, Batch 324/625, Grad Norms near zero: 12, Lx 0.3466, Lu 0.2112, Pentalty 0.3313, loss 0.5909
Epoch 4, Batch 325/625, Grad Norms near zero: 12, Lx 0.6006, Lu 0.5565, Pentalty 0.3020, loss 1.1873
Epoch 4, Batch 326/625, Grad Norms near zero: 12, Lx 0.4172, Lu 0.3855, Pentalty 0.3520, loss 0.8378
Epoch 4, Batch 327/625, Grad Norms near zero: 12, Lx 0.5448, Lu 0.6410, Pentalty 0.3619, loss 1.2220
Epoch 4, Batch 328/625, Grad Norms near zero: 12, Lx 0.4008, Lu 0.3328, Pentalty 0.3137, loss 0.7650
Epoch 4, Batch 329/625, Grad Norms near zero: 12, Lx 0.3866, Lu 0.1006, Pentalty 0.3147, loss 0.5186
Epoch 4, Batch 330/625, Grad Norms near zero: 12, Lx 0.5280, Lu 0.1971, Pentalty 0.2523, loss 0.7504
Epoch 4, Batch 331/625, Grad Norms near zero: 12, Lx 0.3011, Lu 0.2537, Pentalty 0.2455, loss 0.5793
Epoch 4, Batch 332/625, Grad Norms near zero: 12, Lx 0.4317, Lu 0.2007, Pentalty 0.1960, loss 0.6520
Epoch 4, Batch 333/625, Grad Norms near zero: 12, Lx 0.2760, Lu 0.0727, Pentalty 0.3356, loss 0.3822
Epoch 4, Batch 334/625, Grad Norms near zero: 12, Lx 0.3842, Lu 0.4355, Pentalty 0.3133, loss 0.8510
Epoch 4, Batch 335/625, Grad Norms near zero: 13, Lx 0.4549, Lu 0.2829, Pentalty 0.2261, loss 0.7604
Epoch 4, Batch 336/625, Grad Norms near zero: 12, Lx 0.3821, Lu 0.1236, Pentalty 0.2813, loss 0.5338
Epoch 4, Batch 337/625, Grad Norms near zero: 13, Lx 0.4156, Lu 0.1514, Pentalty 0.3064, loss 0.5976
Epoch 4, Batch 338/625, Grad Norms near zero: 12, Lx 0.4362, Lu 0.2317, Pentalty 0.4076, loss 0.7088
Epoch 4, Batch 339/625, Grad Norms near zero: 12, Lx 0.5724, Lu 0.3392, Pentalty 0.3856, loss 0.9502
Epoch 4, Batch 340/625, Grad Norms near zero: 12, Lx 0.2752, Lu 0.2127, Pentalty 0.4493, loss 0.5328
Epoch 4, Batch 341/625, Grad Norms near zero: 12, Lx 0.2636, Lu 0.1102, Pentalty 0.3930, loss 0.4131
Epoch 4, Batch 342/625, Grad Norms near zero: 12, Lx 0.3961, Lu 0.1462, Pentalty 0.4431, loss 0.5866
Epoch 4, Batch 343/625, Grad Norms near zero: 12, Lx 0.5224, Lu 0.2785, Pentalty 0.2929, loss 0.8301
Epoch 4, Batch 344/625, Grad Norms near zero: 12, Lx 0.4464, Lu 0.4443, Pentalty 0.3243, loss 0.9232
Epoch 4, Batch 345/625, Grad Norms near zero: 12, Lx 0.5332, Lu 0.4929, Pentalty 0.3170, loss 1.0578
Epoch 4, Batch 346/625, Grad Norms near zero: 13, Lx 0.4599, Lu 0.3207, Pentalty 0.2068, loss 0.8013
Epoch 4, Batch 347/625, Grad Norms near zero: 12, Lx 0.5578, Lu 0.4966, Pentalty 0.2017, loss 1.0746
Epoch 4, Batch 348/625, Grad Norms near zero: 12, Lx 0.4236, Lu 0.2334, Pentalty 0.2823, loss 0.6852
Epoch 4, Batch 349/625, Grad Norms near zero: 12, Lx 0.4833, Lu 0.2979, Pentalty 0.1647, loss 0.7976
Epoch 4, Batch 350/625, Grad Norms near zero: 12, Lx 0.4267, Lu 0.2888, Pentalty 0.1473, loss 0.7302
Epoch 4, Batch 351/625, Grad Norms near zero: 12, Lx 0.4950, Lu 0.3658, Pentalty 0.1168, loss 0.8724
Epoch 4, Batch 352/625, Grad Norms near zero: 12, Lx 0.5171, Lu 0.3978, Pentalty 0.1749, loss 0.9324
Epoch 4, Batch 353/625, Grad Norms near zero: 12, Lx 0.4360, Lu 0.2691, Pentalty 0.2491, loss 0.7300
Epoch 4, Batch 354/625, Grad Norms near zero: 12, Lx 0.3624, Lu 0.1498, Pentalty 0.2757, loss 0.5397
Epoch 4, Batch 355/625, Grad Norms near zero: 12, Lx 0.3155, Lu 0.1114, Pentalty 0.2742, loss 0.4543
Epoch 4, Batch 356/625, Grad Norms near zero: 12, Lx 0.3343, Lu 0.0946, Pentalty 0.3194, loss 0.4609
Epoch 4, Batch 357/625, Grad Norms near zero: 12, Lx 0.4932, Lu 0.1415, Pentalty 0.2594, loss 0.6607
Epoch 4, Batch 358/625, Grad Norms near zero: 12, Lx 0.3909, Lu 0.3163, Pentalty 0.4837, loss 0.7555
Epoch 4, Batch 359/625, Grad Norms near zero: 12, Lx 0.3242, Lu 0.0874, Pentalty 0.4645, loss 0.4580
Epoch 4, Batch 360/625, Grad Norms near zero: 12, Lx 0.3880, Lu 0.2028, Pentalty 0.3321, loss 0.6241
Epoch 4, Batch 361/625, Grad Norms near zero: 12, Lx 0.6197, Lu 0.6511, Pentalty 0.3943, loss 1.3103
Epoch 4, Batch 362/625, Grad Norms near zero: 13, Lx 0.5732, Lu 0.3364, Pentalty 0.3026, loss 0.9399
Epoch 4, Batch 363/625, Grad Norms near zero: 12, Lx 0.3743, Lu 0.2193, Pentalty 0.3087, loss 0.6245
Epoch 4, Batch 364/625, Grad Norms near zero: 12, Lx 0.4623, Lu 0.3882, Pentalty 0.2944, loss 0.8799
Epoch 4, Batch 365/625, Grad Norms near zero: 12, Lx 0.3904, Lu 0.1112, Pentalty 0.3157, loss 0.5331
Epoch 4, Batch 366/625, Grad Norms near zero: 12, Lx 0.5375, Lu 0.4871, Pentalty 0.3274, loss 1.0574
Epoch 4, Batch 367/625, Grad Norms near zero: 12, Lx 0.3623, Lu 0.1242, Pentalty 0.3094, loss 0.5174
Epoch 4, Batch 368/625, Grad Norms near zero: 12, Lx 0.2196, Lu 0.0325, Pentalty 0.4405, loss 0.2961
Epoch 4, Batch 369/625, Grad Norms near zero: 12, Lx 0.4102, Lu 0.3404, Pentalty 0.1965, loss 0.7702
Epoch 4, Batch 370/625, Grad Norms near zero: 12, Lx 0.4088, Lu 0.3326, Pentalty 0.2175, loss 0.7632
Epoch 4, Batch 371/625, Grad Norms near zero: 12, Lx 0.3175, Lu 0.2298, Pentalty 0.2925, loss 0.5765
Epoch 4, Batch 372/625, Grad Norms near zero: 13, Lx 0.4719, Lu 0.2397, Pentalty 0.2300, loss 0.7346
Epoch 4, Batch 373/625, Grad Norms near zero: 12, Lx 0.3316, Lu 0.1397, Pentalty 0.3136, loss 0.5027
Epoch 4, Batch 374/625, Grad Norms near zero: 12, Lx 0.3370, Lu 0.3489, Pentalty 0.2761, loss 0.7135
Epoch 4, Batch 375/625, Grad Norms near zero: 13, Lx 0.5174, Lu 0.2512, Pentalty 0.1761, loss 0.7862
Epoch 4, Batch 376/625, Grad Norms near zero: 12, Lx 0.4037, Lu 0.1827, Pentalty 0.2116, loss 0.6075
Epoch 4, Batch 377/625, Grad Norms near zero: 12, Lx 0.4097, Lu 0.2089, Pentalty 0.2055, loss 0.6391
Epoch 4, Batch 378/625, Grad Norms near zero: 12, Lx 0.4257, Lu 0.3113, Pentalty 0.2294, loss 0.7599
Epoch 4, Batch 379/625, Grad Norms near zero: 12, Lx 0.3324, Lu 0.2269, Pentalty 0.2809, loss 0.5874
Epoch 4, Batch 380/625, Grad Norms near zero: 12, Lx 0.2417, Lu 0.2070, Pentalty 0.4445, loss 0.4932
Epoch 4, Batch 381/625, Grad Norms near zero: 12, Lx 0.5195, Lu 0.2953, Pentalty 0.4420, loss 0.8590
Epoch 4, Batch 382/625, Grad Norms near zero: 12, Lx 0.5331, Lu 0.4215, Pentalty 0.4671, loss 1.0013
Epoch 4, Batch 383/625, Grad Norms near zero: 12, Lx 0.4451, Lu 0.2834, Pentalty 0.4420, loss 0.7727
Epoch 4, Batch 384/625, Grad Norms near zero: 13, Lx 0.4399, Lu 0.2183, Pentalty 0.3158, loss 0.6898
Epoch 4, Batch 385/625, Grad Norms near zero: 12, Lx 0.3659, Lu 0.1709, Pentalty 0.4547, loss 0.5823
Epoch 4, Batch 386/625, Grad Norms near zero: 12, Lx 0.4492, Lu 0.2834, Pentalty 0.2832, loss 0.7609
Epoch 4, Batch 387/625, Grad Norms near zero: 12, Lx 0.3572, Lu 0.2983, Pentalty 0.2161, loss 0.6770
Epoch 4, Batch 388/625, Grad Norms near zero: 12, Lx 0.4726, Lu 0.2496, Pentalty 0.2983, loss 0.7520
Epoch 4, Batch 389/625, Grad Norms near zero: 12, Lx 0.3794, Lu 0.2353, Pentalty 0.2469, loss 0.6393
Epoch 4, Batch 390/625, Grad Norms near zero: 12, Lx 0.3657, Lu 0.3960, Pentalty 0.3482, loss 0.7966
Epoch 4, Batch 391/625, Grad Norms near zero: 12, Lx 0.3435, Lu 0.2043, Pentalty 0.2624, loss 0.5740
Epoch 4, Batch 392/625, Grad Norms near zero: 12, Lx 0.3887, Lu 0.2599, Pentalty 0.3130, loss 0.6799
Epoch 4, Batch 393/625, Grad Norms near zero: 12, Lx 0.4315, Lu 0.2227, Pentalty 0.2154, loss 0.6757
Epoch 4, Batch 394/625, Grad Norms near zero: 12, Lx 0.3774, Lu 0.2898, Pentalty 0.2111, loss 0.6883
Epoch 4, Batch 395/625, Grad Norms near zero: 12, Lx 0.4144, Lu 0.1378, Pentalty 0.2658, loss 0.5787
Epoch 4, Batch 396/625, Grad Norms near zero: 12, Lx 0.4111, Lu 0.3757, Pentalty 0.3491, loss 0.8218
Epoch 4, Batch 397/625, Grad Norms near zero: 12, Lx 0.3419, Lu 0.2911, Pentalty 0.5378, loss 0.6868
Epoch 4, Batch 398/625, Grad Norms near zero: 12, Lx 0.3979, Lu 0.1929, Pentalty 0.4937, loss 0.6401
Epoch 4, Batch 399/625, Grad Norms near zero: 12, Lx 0.2431, Lu 0.0713, Pentalty 0.5706, loss 0.3714
Epoch 4, Batch 400/625, Grad Norms near zero: 12, Lx 0.5048, Lu 0.2756, Pentalty 0.2908, loss 0.8095
Epoch 4, Batch 401/625, Grad Norms near zero: 13, Lx 0.4156, Lu 0.4364, Pentalty 0.3678, loss 0.8888
Epoch 4, Batch 402/625, Grad Norms near zero: 12, Lx 0.3018, Lu 0.0893, Pentalty 0.4059, loss 0.4317
Epoch 4, Batch 403/625, Grad Norms near zero: 13, Lx 0.3910, Lu 0.2028, Pentalty 0.3496, loss 0.6287
Epoch 4, Batch 404/625, Grad Norms near zero: 12, Lx 0.4486, Lu 0.1774, Pentalty 0.2468, loss 0.6507
Epoch 4, Batch 405/625, Grad Norms near zero: 12, Lx 0.4755, Lu 0.2644, Pentalty 0.2367, loss 0.7636
Epoch 4, Batch 406/625, Grad Norms near zero: 12, Lx 0.4369, Lu 0.2456, Pentalty 0.2959, loss 0.7121
Epoch 4, Batch 407/625, Grad Norms near zero: 12, Lx 0.3027, Lu 0.0894, Pentalty 0.3193, loss 0.4240
Epoch 4, Batch 408/625, Grad Norms near zero: 12, Lx 0.4006, Lu 0.1076, Pentalty 0.3050, loss 0.5386
Epoch 4, Batch 409/625, Grad Norms near zero: 13, Lx 0.4547, Lu 0.2625, Pentalty 0.2459, loss 0.7418
Epoch 4, Batch 410/625, Grad Norms near zero: 13, Lx 0.4754, Lu 0.2341, Pentalty 0.3039, loss 0.7399
Epoch 4, Batch 411/625, Grad Norms near zero: 12, Lx 0.4552, Lu 0.1332, Pentalty 0.2695, loss 0.6153
Epoch 4, Batch 412/625, Grad Norms near zero: 12, Lx 0.4163, Lu 0.3213, Pentalty 0.3793, loss 0.7755
Epoch 4, Batch 413/625, Grad Norms near zero: 12, Lx 0.3658, Lu 0.2025, Pentalty 0.4241, loss 0.6107
Epoch 4, Batch 414/625, Grad Norms near zero: 13, Lx 0.4731, Lu 0.2940, Pentalty 0.1908, loss 0.7861
Epoch 4, Batch 415/625, Grad Norms near zero: 12, Lx 0.4154, Lu 0.1664, Pentalty 0.2090, loss 0.6027
Epoch 4, Batch 416/625, Grad Norms near zero: 12, Lx 0.5026, Lu 0.4174, Pentalty 0.2248, loss 0.9425
Epoch 4, Batch 417/625, Grad Norms near zero: 12, Lx 0.5144, Lu 0.4520, Pentalty 0.2006, loss 0.9865
Epoch 4, Batch 418/625, Grad Norms near zero: 12, Lx 0.4329, Lu 0.2350, Pentalty 0.1631, loss 0.6842
Epoch 4, Batch 419/625, Grad Norms near zero: 12, Lx 0.4186, Lu 0.1463, Pentalty 0.2000, loss 0.5849
Epoch 4, Batch 420/625, Grad Norms near zero: 12, Lx 0.3572, Lu 0.1356, Pentalty 0.2968, loss 0.5225
Epoch 4, Batch 421/625, Grad Norms near zero: 12, Lx 0.2653, Lu 0.1032, Pentalty 0.3510, loss 0.4036
Epoch 4, Batch 422/625, Grad Norms near zero: 12, Lx 0.3949, Lu 0.2376, Pentalty 0.2196, loss 0.6545
Epoch 4, Batch 423/625, Grad Norms near zero: 12, Lx 0.4850, Lu 0.2992, Pentalty 0.2204, loss 0.8063
Epoch 4, Batch 424/625, Grad Norms near zero: 12, Lx 0.4708, Lu 0.3172, Pentalty 0.3003, loss 0.8181
Epoch 4, Batch 425/625, Grad Norms near zero: 12, Lx 0.4097, Lu 0.1571, Pentalty 0.3454, loss 0.6013
Epoch 4, Batch 426/625, Grad Norms near zero: 12, Lx 0.3564, Lu 0.1417, Pentalty 0.3312, loss 0.5312
Epoch 4, Batch 427/625, Grad Norms near zero: 12, Lx 0.3278, Lu 0.0850, Pentalty 0.3361, loss 0.4464
Epoch 4, Batch 428/625, Grad Norms near zero: 12, Lx 0.4822, Lu 0.3503, Pentalty 0.3699, loss 0.8695
Epoch 4, Batch 429/625, Grad Norms near zero: 12, Lx 0.3707, Lu 0.2236, Pentalty 0.4324, loss 0.6376
Epoch 4, Batch 430/625, Grad Norms near zero: 12, Lx 0.5096, Lu 0.4220, Pentalty 0.2950, loss 0.9611
Epoch 4, Batch 431/625, Grad Norms near zero: 12, Lx 0.4259, Lu 0.3648, Pentalty 0.3329, loss 0.8239
Epoch 4, Batch 432/625, Grad Norms near zero: 12, Lx 0.3938, Lu 0.2911, Pentalty 0.3128, loss 0.7162
Epoch 4, Batch 433/625, Grad Norms near zero: 12, Lx 0.4889, Lu 0.1892, Pentalty 0.2947, loss 0.7077
Epoch 4, Batch 434/625, Grad Norms near zero: 12, Lx 0.5565, Lu 0.4015, Pentalty 0.2251, loss 0.9805
Epoch 4, Batch 435/625, Grad Norms near zero: 12, Lx 0.3332, Lu 0.1159, Pentalty 0.2860, loss 0.4777
Epoch 4, Batch 436/625, Grad Norms near zero: 12, Lx 0.3696, Lu 0.2053, Pentalty 0.3521, loss 0.6101
Epoch 4, Batch 437/625, Grad Norms near zero: 12, Lx 0.4883, Lu 0.4393, Pentalty 0.2589, loss 0.9534
Epoch 4, Batch 438/625, Grad Norms near zero: 12, Lx 0.3887, Lu 0.2447, Pentalty 0.3366, loss 0.6670
Epoch 4, Batch 439/625, Grad Norms near zero: 13, Lx 0.4175, Lu 0.1458, Pentalty 0.2125, loss 0.5846
Epoch 4, Batch 440/625, Grad Norms near zero: 12, Lx 0.3367, Lu 0.2488, Pentalty 0.3039, loss 0.6158
Epoch 4, Batch 441/625, Grad Norms near zero: 12, Lx 0.3203, Lu 0.1660, Pentalty 0.2952, loss 0.5158
Epoch 4, Batch 442/625, Grad Norms near zero: 12, Lx 0.4691, Lu 0.2732, Pentalty 0.2800, loss 0.7703
Epoch 4, Batch 443/625, Grad Norms near zero: 13, Lx 0.4961, Lu 0.2778, Pentalty 0.2056, loss 0.7945
Epoch 4, Batch 444/625, Grad Norms near zero: 12, Lx 0.4587, Lu 0.4290, Pentalty 0.2783, loss 0.9156
Epoch 4, Batch 445/625, Grad Norms near zero: 12, Lx 0.3407, Lu 0.0742, Pentalty 0.3972, loss 0.4547
Epoch 4, Batch 446/625, Grad Norms near zero: 12, Lx 0.5858, Lu 0.4471, Pentalty 0.2743, loss 1.0603
Epoch 4, Batch 447/625, Grad Norms near zero: 12, Lx 0.3930, Lu 0.1721, Pentalty 0.2248, loss 0.5876
Epoch 4, Batch 448/625, Grad Norms near zero: 12, Lx 0.3728, Lu 0.1353, Pentalty 0.2730, loss 0.5354
Epoch 4, Batch 449/625, Grad Norms near zero: 12, Lx 0.3564, Lu 0.1318, Pentalty 0.2322, loss 0.5114
Epoch 4, Batch 450/625, Grad Norms near zero: 12, Lx 0.3522, Lu 0.2310, Pentalty 0.3041, loss 0.6137
Epoch 4, Batch 451/625, Grad Norms near zero: 12, Lx 0.4128, Lu 0.2613, Pentalty 0.3502, loss 0.7091
Epoch 4, Batch 452/625, Grad Norms near zero: 12, Lx 0.5549, Lu 0.3322, Pentalty 0.2387, loss 0.9109
Epoch 4, Batch 453/625, Grad Norms near zero: 12, Lx 0.5792, Lu 0.2052, Pentalty 0.3940, loss 0.8238
Epoch 4, Batch 454/625, Grad Norms near zero: 12, Lx 0.4889, Lu 0.1771, Pentalty 0.3868, loss 0.7047
Epoch 4, Batch 455/625, Grad Norms near zero: 12, Lx 0.3452, Lu 0.1550, Pentalty 0.4172, loss 0.5419
Epoch 4, Batch 456/625, Grad Norms near zero: 12, Lx 0.5930, Lu 0.4281, Pentalty 0.2720, loss 1.0483
Epoch 4, Batch 457/625, Grad Norms near zero: 12, Lx 0.4504, Lu 0.3040, Pentalty 0.2329, loss 0.7777
Epoch 4, Batch 458/625, Grad Norms near zero: 12, Lx 0.4480, Lu 0.3577, Pentalty 0.2643, loss 0.8321
Epoch 4, Batch 459/625, Grad Norms near zero: 12, Lx 0.4704, Lu 0.3601, Pentalty 0.1647, loss 0.8470
Epoch 4, Batch 460/625, Grad Norms near zero: 12, Lx 0.4327, Lu 0.2186, Pentalty 0.2158, loss 0.6728
Epoch 4, Batch 461/625, Grad Norms near zero: 12, Lx 0.4481, Lu 0.5029, Pentalty 0.1983, loss 0.9708
Epoch 4, Batch 462/625, Grad Norms near zero: 12, Lx 0.3625, Lu 0.2696, Pentalty 0.2338, loss 0.6555
Epoch 4, Batch 463/625, Grad Norms near zero: 13, Lx 0.4130, Lu 0.2822, Pentalty 0.1870, loss 0.7140
Epoch 4, Batch 464/625, Grad Norms near zero: 12, Lx 0.5060, Lu 0.4219, Pentalty 0.1905, loss 0.9470
Epoch 4, Batch 465/625, Grad Norms near zero: 12, Lx 0.4168, Lu 0.1948, Pentalty 0.1917, loss 0.6307
Epoch 4, Batch 466/625, Grad Norms near zero: 12, Lx 0.2544, Lu 0.0748, Pentalty 0.3446, loss 0.3636
Epoch 4, Batch 467/625, Grad Norms near zero: 12, Lx 0.3956, Lu 0.1565, Pentalty 0.2654, loss 0.5786
Epoch 4, Batch 468/625, Grad Norms near zero: 12, Lx 0.5334, Lu 0.4674, Pentalty 0.3561, loss 1.0364
Epoch 4, Batch 469/625, Grad Norms near zero: 13, Lx 0.4519, Lu 0.1752, Pentalty 0.3033, loss 0.6574
Epoch 4, Batch 470/625, Grad Norms near zero: 12, Lx 0.5195, Lu 0.1731, Pentalty 0.3774, loss 0.7303
Epoch 4, Batch 471/625, Grad Norms near zero: 12, Lx 0.4037, Lu 0.1684, Pentalty 0.3111, loss 0.6033
Epoch 4, Batch 472/625, Grad Norms near zero: 12, Lx 0.4575, Lu 0.2562, Pentalty 0.3635, loss 0.7501
Epoch 4, Batch 473/625, Grad Norms near zero: 12, Lx 0.4621, Lu 0.2285, Pentalty 0.3394, loss 0.7245
Epoch 4, Batch 474/625, Grad Norms near zero: 13, Lx 0.3668, Lu 0.1500, Pentalty 0.3360, loss 0.5504
Epoch 4, Batch 475/625, Grad Norms near zero: 12, Lx 0.3488, Lu 0.3854, Pentalty 0.3191, loss 0.7661
Epoch 4, Batch 476/625, Grad Norms near zero: 12, Lx 0.3624, Lu 0.4178, Pentalty 0.4188, loss 0.8221
Epoch 4, Batch 477/625, Grad Norms near zero: 12, Lx 0.3688, Lu 0.1978, Pentalty 0.2958, loss 0.5962
Epoch 4, Batch 478/625, Grad Norms near zero: 12, Lx 0.3718, Lu 0.2329, Pentalty 0.3521, loss 0.6399
Epoch 4, Batch 479/625, Grad Norms near zero: 13, Lx 0.4244, Lu 0.1860, Pentalty 0.2534, loss 0.6358
Epoch 4, Batch 480/625, Grad Norms near zero: 12, Lx 0.3655, Lu 0.1678, Pentalty 0.2888, loss 0.5621
Epoch 4, Batch 481/625, Grad Norms near zero: 12, Lx 0.1929, Lu 0.1446, Pentalty 0.3787, loss 0.3754
Epoch 4, Batch 482/625, Grad Norms near zero: 12, Lx 0.3547, Lu 0.1238, Pentalty 0.2608, loss 0.5046
Epoch 4, Batch 483/625, Grad Norms near zero: 12, Lx 0.4244, Lu 0.3541, Pentalty 0.3107, loss 0.8096
Epoch 4, Batch 484/625, Grad Norms near zero: 12, Lx 0.5809, Lu 0.2116, Pentalty 0.2228, loss 0.8148
Epoch 4, Batch 485/625, Grad Norms near zero: 12, Lx 0.4443, Lu 0.2112, Pentalty 0.2704, loss 0.6826
Epoch 4, Batch 486/625, Grad Norms near zero: 12, Lx 0.4351, Lu 0.2619, Pentalty 0.2666, loss 0.7236
Epoch 4, Batch 487/625, Grad Norms near zero: 12, Lx 0.3934, Lu 0.2315, Pentalty 0.2729, loss 0.6522
Epoch 4, Batch 488/625, Grad Norms near zero: 12, Lx 0.3274, Lu 0.2656, Pentalty 0.3043, loss 0.6234
Epoch 4, Batch 489/625, Grad Norms near zero: 12, Lx 0.4798, Lu 0.2423, Pentalty 0.2488, loss 0.7470
Epoch 4, Batch 490/625, Grad Norms near zero: 12, Lx 0.3072, Lu 0.2794, Pentalty 0.4668, loss 0.6333
Epoch 4, Batch 491/625, Grad Norms near zero: 12, Lx 0.3525, Lu 0.2204, Pentalty 0.2595, loss 0.5989
Epoch 4, Batch 492/625, Grad Norms near zero: 12, Lx 0.4420, Lu 0.3303, Pentalty 0.3594, loss 0.8083
Epoch 4, Batch 493/625, Grad Norms near zero: 12, Lx 0.3672, Lu 0.1874, Pentalty 0.2852, loss 0.5831
Epoch 4, Batch 494/625, Grad Norms near zero: 12, Lx 0.5009, Lu 0.2048, Pentalty 0.3198, loss 0.7376
Epoch 4, Batch 495/625, Grad Norms near zero: 12, Lx 0.3462, Lu 0.2230, Pentalty 0.3550, loss 0.6046
Epoch 4, Batch 496/625, Grad Norms near zero: 12, Lx 0.4515, Lu 0.4095, Pentalty 0.2933, loss 0.8904
Epoch 4, Batch 497/625, Grad Norms near zero: 12, Lx 0.4090, Lu 0.3607, Pentalty 0.2980, loss 0.7995
Epoch 4, Batch 498/625, Grad Norms near zero: 12, Lx 0.5002, Lu 0.4408, Pentalty 0.1488, loss 0.9560
Epoch 4, Batch 499/625, Grad Norms near zero: 13, Lx 0.4754, Lu 0.3610, Pentalty 0.2092, loss 0.8573
Epoch 4, Batch 500/625, Grad Norms near zero: 12, Lx 0.4362, Lu 0.3071, Pentalty 0.2065, loss 0.7640
Epoch 4, Batch 501/625, Grad Norms near zero: 12, Lx 0.4000, Lu 0.2433, Pentalty 0.2605, loss 0.6694
Epoch 4, Batch 502/625, Grad Norms near zero: 12, Lx 0.4624, Lu 0.2728, Pentalty 0.4420, loss 0.7793
Epoch 4, Batch 503/625, Grad Norms near zero: 13, Lx 0.4027, Lu 0.2880, Pentalty 0.2598, loss 0.7167
Epoch 4, Batch 504/625, Grad Norms near zero: 12, Lx 0.3998, Lu 0.1136, Pentalty 0.3692, loss 0.5503
Epoch 4, Batch 505/625, Grad Norms near zero: 13, Lx 0.4340, Lu 0.2588, Pentalty 0.3155, loss 0.7244
Epoch 4, Batch 506/625, Grad Norms near zero: 13, Lx 0.5566, Lu 0.5596, Pentalty 0.2432, loss 1.1406
Epoch 4, Batch 507/625, Grad Norms near zero: 13, Lx 0.4200, Lu 0.1880, Pentalty 0.2926, loss 0.6372
Epoch 4, Batch 508/625, Grad Norms near zero: 12, Lx 0.4065, Lu 0.1739, Pentalty 0.2365, loss 0.6041
Epoch 4, Batch 509/625, Grad Norms near zero: 12, Lx 0.4742, Lu 0.3429, Pentalty 0.2599, loss 0.8431
Epoch 4, Batch 510/625, Grad Norms near zero: 12, Lx 0.5106, Lu 0.2418, Pentalty 0.1653, loss 0.7689
Epoch 4, Batch 511/625, Grad Norms near zero: 13, Lx 0.4466, Lu 0.3010, Pentalty 0.1961, loss 0.7671
Epoch 4, Batch 512/625, Grad Norms near zero: 12, Lx 0.4849, Lu 0.2289, Pentalty 0.1956, loss 0.7334
Epoch 4, Batch 513/625, Grad Norms near zero: 13, Lx 0.4421, Lu 0.3344, Pentalty 0.2219, loss 0.7987
Epoch 4, Batch 514/625, Grad Norms near zero: 12, Lx 0.5189, Lu 0.2114, Pentalty 0.1905, loss 0.7494
Epoch 4, Batch 515/625, Grad Norms near zero: 13, Lx 0.4931, Lu 0.2539, Pentalty 0.2305, loss 0.7700
Epoch 4, Batch 516/625, Grad Norms near zero: 13, Lx 0.4560, Lu 0.2451, Pentalty 0.2652, loss 0.7276
Epoch 4, Batch 517/625, Grad Norms near zero: 12, Lx 0.4110, Lu 0.3675, Pentalty 0.2451, loss 0.8029
Epoch 4, Batch 518/625, Grad Norms near zero: 13, Lx 0.5110, Lu 0.3602, Pentalty 0.2850, loss 0.8998
Epoch 4, Batch 519/625, Grad Norms near zero: 12, Lx 0.4952, Lu 0.3974, Pentalty 0.3617, loss 0.9288
Epoch 4, Batch 520/625, Grad Norms near zero: 13, Lx 0.5505, Lu 0.2489, Pentalty 0.2928, loss 0.8287
Epoch 4, Batch 521/625, Grad Norms near zero: 12, Lx 0.5201, Lu 0.3647, Pentalty 0.2768, loss 0.9125
Epoch 4, Batch 522/625, Grad Norms near zero: 12, Lx 0.4756, Lu 0.3413, Pentalty 0.3124, loss 0.8481
Epoch 4, Batch 523/625, Grad Norms near zero: 13, Lx 0.4060, Lu 0.3374, Pentalty 0.2519, loss 0.7686
Epoch 4, Batch 524/625, Grad Norms near zero: 12, Lx 0.4584, Lu 0.2700, Pentalty 0.2490, loss 0.7534
Epoch 4, Batch 525/625, Grad Norms near zero: 13, Lx 0.5148, Lu 0.4807, Pentalty 0.1525, loss 1.0107
Epoch 4, Batch 526/625, Grad Norms near zero: 12, Lx 0.4049, Lu 0.3169, Pentalty 0.1727, loss 0.7391
Epoch 4, Batch 527/625, Grad Norms near zero: 12, Lx 0.4431, Lu 0.3111, Pentalty 0.1569, loss 0.7698
Epoch 4, Batch 528/625, Grad Norms near zero: 12, Lx 0.3845, Lu 0.1343, Pentalty 0.2336, loss 0.5423
Epoch 4, Batch 529/625, Grad Norms near zero: 13, Lx 0.4602, Lu 0.2086, Pentalty 0.1811, loss 0.6869
Epoch 4, Batch 530/625, Grad Norms near zero: 13, Lx 0.4670, Lu 0.2290, Pentalty 0.2648, loss 0.7225
Epoch 4, Batch 531/625, Grad Norms near zero: 12, Lx 0.4103, Lu 0.2554, Pentalty 0.3769, loss 0.7034
Epoch 4, Batch 532/625, Grad Norms near zero: 12, Lx 0.3580, Lu 0.1575, Pentalty 0.4626, loss 0.5618
Epoch 4, Batch 533/625, Grad Norms near zero: 12, Lx 0.5083, Lu 0.1906, Pentalty 0.3253, loss 0.7314
Epoch 4, Batch 534/625, Grad Norms near zero: 12, Lx 0.3817, Lu 0.1980, Pentalty 0.4508, loss 0.6248
Epoch 4, Batch 535/625, Grad Norms near zero: 12, Lx 0.5239, Lu 0.3810, Pentalty 0.3729, loss 0.9422
Epoch 4, Batch 536/625, Grad Norms near zero: 12, Lx 0.4510, Lu 0.2414, Pentalty 0.3934, loss 0.7317
Epoch 4, Batch 537/625, Grad Norms near zero: 12, Lx 0.5272, Lu 0.4808, Pentalty 0.4684, loss 1.0549
Epoch 4, Batch 538/625, Grad Norms near zero: 12, Lx 0.3381, Lu 0.1818, Pentalty 0.3310, loss 0.5530
Epoch 4, Batch 539/625, Grad Norms near zero: 12, Lx 0.5684, Lu 0.3554, Pentalty 0.2609, loss 0.9498
Epoch 4, Batch 540/625, Grad Norms near zero: 12, Lx 0.4297, Lu 0.1897, Pentalty 0.2228, loss 0.6418
Epoch 4, Batch 541/625, Grad Norms near zero: 12, Lx 0.4415, Lu 0.2427, Pentalty 0.2038, loss 0.7045
Epoch 4, Batch 542/625, Grad Norms near zero: 12, Lx 0.4602, Lu 0.4218, Pentalty 0.2198, loss 0.9040
Epoch 4, Batch 543/625, Grad Norms near zero: 12, Lx 0.5101, Lu 0.3326, Pentalty 0.1624, loss 0.8589
Epoch 4, Batch 544/625, Grad Norms near zero: 12, Lx 0.4570, Lu 0.4755, Pentalty 0.1238, loss 0.9449
Epoch 4, Batch 545/625, Grad Norms near zero: 12, Lx 0.4718, Lu 0.3162, Pentalty 0.1316, loss 0.8012
Epoch 4, Batch 546/625, Grad Norms near zero: 12, Lx 0.5135, Lu 0.3436, Pentalty 0.1000, loss 0.8671
Epoch 4, Batch 547/625, Grad Norms near zero: 12, Lx 0.4373, Lu 0.1829, Pentalty 0.1835, loss 0.6386
Epoch 4, Batch 548/625, Grad Norms near zero: 12, Lx 0.4384, Lu 0.1680, Pentalty 0.1842, loss 0.6249
Epoch 4, Batch 549/625, Grad Norms near zero: 13, Lx 0.4041, Lu 0.2547, Pentalty 0.2316, loss 0.6819
Epoch 4, Batch 550/625, Grad Norms near zero: 12, Lx 0.3583, Lu 0.0931, Pentalty 0.3331, loss 0.4847
Epoch 4, Batch 551/625, Grad Norms near zero: 12, Lx 0.4923, Lu 0.4929, Pentalty 0.3165, loss 1.0169
Epoch 4, Batch 552/625, Grad Norms near zero: 12, Lx 0.5304, Lu 0.2917, Pentalty 0.2802, loss 0.8501
Epoch 4, Batch 553/625, Grad Norms near zero: 12, Lx 0.4098, Lu 0.2912, Pentalty 0.4271, loss 0.7437
Epoch 4, Batch 554/625, Grad Norms near zero: 12, Lx 0.4713, Lu 0.2758, Pentalty 0.4311, loss 0.7902
Epoch 4, Batch 555/625, Grad Norms near zero: 13, Lx 0.4100, Lu 0.1731, Pentalty 0.3875, loss 0.6219
Epoch 4, Batch 556/625, Grad Norms near zero: 13, Lx 0.4564, Lu 0.2946, Pentalty 0.3380, loss 0.7848
Epoch 4, Batch 557/625, Grad Norms near zero: 13, Lx 0.4364, Lu 0.3937, Pentalty 0.3144, loss 0.8615
Epoch 4, Batch 558/625, Grad Norms near zero: 13, Lx 0.4747, Lu 0.3590, Pentalty 0.3000, loss 0.8637
Epoch 4, Batch 559/625, Grad Norms near zero: 13, Lx 0.4381, Lu 0.2652, Pentalty 0.2348, loss 0.7268
Epoch 4, Batch 560/625, Grad Norms near zero: 13, Lx 0.4682, Lu 0.2555, Pentalty 0.2143, loss 0.7451
Epoch 4, Batch 561/625, Grad Norms near zero: 12, Lx 0.4641, Lu 0.2146, Pentalty 0.2805, loss 0.7067
Epoch 4, Batch 562/625, Grad Norms near zero: 12, Lx 0.4008, Lu 0.3911, Pentalty 0.2719, loss 0.8191
Epoch 4, Batch 563/625, Grad Norms near zero: 13, Lx 0.4475, Lu 0.2064, Pentalty 0.1854, loss 0.6724
Epoch 4, Batch 564/625, Grad Norms near zero: 13, Lx 0.5268, Lu 0.2819, Pentalty 0.1177, loss 0.8205
Epoch 4, Batch 565/625, Grad Norms near zero: 12, Lx 0.3028, Lu 0.3143, Pentalty 0.2640, loss 0.6435
Epoch 4, Batch 566/625, Grad Norms near zero: 12, Lx 0.4383, Lu 0.2273, Pentalty 0.1547, loss 0.6810
Epoch 4, Batch 567/625, Grad Norms near zero: 13, Lx 0.4330, Lu 0.1999, Pentalty 0.2397, loss 0.6569
Epoch 4, Batch 568/625, Grad Norms near zero: 12, Lx 0.4662, Lu 0.2200, Pentalty 0.2431, loss 0.7105
Epoch 4, Batch 569/625, Grad Norms near zero: 13, Lx 0.3512, Lu 0.1672, Pentalty 0.3498, loss 0.5534
Epoch 4, Batch 570/625, Grad Norms near zero: 13, Lx 0.4334, Lu 0.2199, Pentalty 0.2792, loss 0.6812
Epoch 4, Batch 571/625, Grad Norms near zero: 12, Lx 0.4218, Lu 0.2073, Pentalty 0.4381, loss 0.6729
Epoch 4, Batch 572/625, Grad Norms near zero: 13, Lx 0.5356, Lu 0.4165, Pentalty 0.3009, loss 0.9822
Epoch 4, Batch 573/625, Grad Norms near zero: 12, Lx 0.2785, Lu 0.1746, Pentalty 0.3526, loss 0.4884
Epoch 4, Batch 574/625, Grad Norms near zero: 13, Lx 0.3997, Lu 0.1216, Pentalty 0.3523, loss 0.5565
Epoch 4, Batch 575/625, Grad Norms near zero: 12, Lx 0.2965, Lu 0.3368, Pentalty 0.4525, loss 0.6785
Epoch 4, Batch 576/625, Grad Norms near zero: 12, Lx 0.2602, Lu 0.0632, Pentalty 0.4814, loss 0.3715
Epoch 4, Batch 577/625, Grad Norms near zero: 12, Lx 0.4352, Lu 0.1352, Pentalty 0.4332, loss 0.6137
Epoch 4, Batch 578/625, Grad Norms near zero: 12, Lx 0.4651, Lu 0.2895, Pentalty 0.3066, loss 0.7853
Epoch 4, Batch 579/625, Grad Norms near zero: 12, Lx 0.2027, Lu 0.0615, Pentalty 0.5023, loss 0.3143
Epoch 4, Batch 580/625, Grad Norms near zero: 13, Lx 0.4619, Lu 0.2844, Pentalty 0.3106, loss 0.7773
Epoch 4, Batch 581/625, Grad Norms near zero: 12, Lx 0.4911, Lu 0.3455, Pentalty 0.2784, loss 0.8645
Epoch 4, Batch 582/625, Grad Norms near zero: 12, Lx 0.3964, Lu 0.2018, Pentalty 0.3950, loss 0.6377
Epoch 4, Batch 583/625, Grad Norms near zero: 13, Lx 0.3604, Lu 0.2563, Pentalty 0.3415, loss 0.6509
Epoch 4, Batch 584/625, Grad Norms near zero: 12, Lx 0.4877, Lu 0.3944, Pentalty 0.3439, loss 0.9165
Epoch 4, Batch 585/625, Grad Norms near zero: 13, Lx 0.4538, Lu 0.4582, Pentalty 0.2299, loss 0.9349
Epoch 4, Batch 586/625, Grad Norms near zero: 12, Lx 0.4193, Lu 0.2035, Pentalty 0.3154, loss 0.6543
Epoch 4, Batch 587/625, Grad Norms near zero: 12, Lx 0.3974, Lu 0.1321, Pentalty 0.2982, loss 0.5594
Epoch 4, Batch 588/625, Grad Norms near zero: 12, Lx 0.3573, Lu 0.2180, Pentalty 0.2630, loss 0.6016
Epoch 4, Batch 589/625, Grad Norms near zero: 12, Lx 0.5292, Lu 0.5028, Pentalty 0.1387, loss 1.0459
Epoch 4, Batch 590/625, Grad Norms near zero: 12, Lx 0.4293, Lu 0.2439, Pentalty 0.1764, loss 0.6908
Epoch 4, Batch 591/625, Grad Norms near zero: 13, Lx 0.4680, Lu 0.2102, Pentalty 0.2217, loss 0.7004
Epoch 4, Batch 592/625, Grad Norms near zero: 12, Lx 0.4249, Lu 0.2293, Pentalty 0.2115, loss 0.6754
Epoch 4, Batch 593/625, Grad Norms near zero: 12, Lx 0.3634, Lu 0.2776, Pentalty 0.3071, loss 0.6717
Epoch 4, Batch 594/625, Grad Norms near zero: 12, Lx 0.3450, Lu 0.2438, Pentalty 0.2831, loss 0.6171
Epoch 4, Batch 595/625, Grad Norms near zero: 12, Lx 0.4534, Lu 0.2136, Pentalty 0.2418, loss 0.6913
Epoch 4, Batch 596/625, Grad Norms near zero: 12, Lx 0.4559, Lu 0.2187, Pentalty 0.3307, loss 0.7076
Epoch 4, Batch 597/625, Grad Norms near zero: 13, Lx 0.4668, Lu 0.2436, Pentalty 0.2741, loss 0.7378
Epoch 4, Batch 598/625, Grad Norms near zero: 12, Lx 0.4148, Lu 0.2682, Pentalty 0.3311, loss 0.7161
Epoch 4, Batch 599/625, Grad Norms near zero: 13, Lx 0.4794, Lu 0.2477, Pentalty 0.3305, loss 0.7601
Epoch 4, Batch 600/625, Grad Norms near zero: 12, Lx 0.4800, Lu 0.3529, Pentalty 0.3076, loss 0.8637
Epoch 4, Batch 601/625, Grad Norms near zero: 12, Lx 0.3282, Lu 0.3297, Pentalty 0.3694, loss 0.6948
Epoch 4, Batch 602/625, Grad Norms near zero: 12, Lx 0.4894, Lu 0.3989, Pentalty 0.2792, loss 0.9162
Epoch 4, Batch 603/625, Grad Norms near zero: 12, Lx 0.5307, Lu 0.4335, Pentalty 0.3392, loss 0.9981
Epoch 4, Batch 604/625, Grad Norms near zero: 12, Lx 0.4928, Lu 0.3792, Pentalty 0.2609, loss 0.8981
Epoch 4, Batch 605/625, Grad Norms near zero: 13, Lx 0.4943, Lu 0.1624, Pentalty 0.2101, loss 0.6777
Epoch 4, Batch 606/625, Grad Norms near zero: 12, Lx 0.4320, Lu 0.2453, Pentalty 0.2038, loss 0.6977
Epoch 4, Batch 607/625, Grad Norms near zero: 12, Lx 0.4903, Lu 0.2683, Pentalty 0.2063, loss 0.7792
Epoch 4, Batch 608/625, Grad Norms near zero: 12, Lx 0.4850, Lu 0.2125, Pentalty 0.1494, loss 0.7124
Epoch 4, Batch 609/625, Grad Norms near zero: 12, Lx 0.4152, Lu 0.1670, Pentalty 0.2415, loss 0.6063
Epoch 4, Batch 610/625, Grad Norms near zero: 12, Lx 0.3935, Lu 0.4194, Pentalty 0.2776, loss 0.8407
Epoch 4, Batch 611/625, Grad Norms near zero: 12, Lx 0.4679, Lu 0.3182, Pentalty 0.1658, loss 0.8027
Epoch 4, Batch 612/625, Grad Norms near zero: 12, Lx 0.4777, Lu 0.3552, Pentalty 0.1764, loss 0.8506
Epoch 4, Batch 613/625, Grad Norms near zero: 12, Lx 0.4035, Lu 0.3183, Pentalty 0.2310, loss 0.7449
Epoch 4, Batch 614/625, Grad Norms near zero: 12, Lx 0.4249, Lu 0.3338, Pentalty 0.3065, loss 0.7893
Epoch 4, Batch 615/625, Grad Norms near zero: 12, Lx 0.4237, Lu 0.1674, Pentalty 0.2594, loss 0.6170
Epoch 4, Batch 616/625, Grad Norms near zero: 12, Lx 0.3786, Lu 0.2181, Pentalty 0.2887, loss 0.6256
Epoch 4, Batch 617/625, Grad Norms near zero: 12, Lx 0.3442, Lu 0.1214, Pentalty 0.3432, loss 0.4999
Epoch 4, Batch 618/625, Grad Norms near zero: 12, Lx 0.2809, Lu 0.1093, Pentalty 0.4590, loss 0.4361
Epoch 4, Batch 619/625, Grad Norms near zero: 12, Lx 0.4699, Lu 0.2333, Pentalty 0.3566, loss 0.7389
Epoch 4, Batch 620/625, Grad Norms near zero: 13, Lx 0.4355, Lu 0.1326, Pentalty 0.3750, loss 0.6057
Epoch 4, Batch 621/625, Grad Norms near zero: 12, Lx 0.4316, Lu 0.2874, Pentalty 0.3956, loss 0.7586
Epoch 4, Batch 622/625, Grad Norms near zero: 12, Lx 0.2041, Lu 0.0322, Pentalty 0.6845, loss 0.3047
Epoch 4, Batch 623/625, Grad Norms near zero: 13, Lx 0.3339, Lu 0.0974, Pentalty 0.4604, loss 0.4772
Epoch 4, Batch 624/625, Grad Norms near zero: 13, Lx 0.4350, Lu 0.3146, Pentalty 0.2860, loss 0.7783
Epoch 4, Batch 625/625, Grad Norms near zero: 12, Lx 0.4553, Lu 0.0314, Pentalty 0.5257, loss 0.5393
Training for Network 2
labelled data size: 20227
unlabelled data size: 19773
Epoch 4, Batch 1/633, Grad Norms near zero: 12, Lx 0.4135, Lu 0.1053, Pentalty 0.3599, loss 0.5548
Epoch 4, Batch 2/633, Grad Norms near zero: 12, Lx 0.2478, Lu 0.0381, Pentalty 0.5013, loss 0.3360
Epoch 4, Batch 3/633, Grad Norms near zero: 12, Lx 0.2614, Lu 0.0584, Pentalty 0.4544, loss 0.3653
Epoch 4, Batch 4/633, Grad Norms near zero: 12, Lx 0.3404, Lu 0.0738, Pentalty 0.4544, loss 0.4597
Epoch 4, Batch 5/633, Grad Norms near zero: 12, Lx 0.3227, Lu 0.0743, Pentalty 0.4394, loss 0.4410
Epoch 4, Batch 6/633, Grad Norms near zero: 12, Lx 0.3533, Lu 0.0788, Pentalty 0.4167, loss 0.4738
Epoch 4, Batch 7/633, Grad Norms near zero: 12, Lx 0.2594, Lu 0.0576, Pentalty 0.4608, loss 0.3631
Epoch 4, Batch 8/633, Grad Norms near zero: 12, Lx 0.2806, Lu 0.0675, Pentalty 0.4529, loss 0.3933
Epoch 4, Batch 9/633, Grad Norms near zero: 12, Lx 0.2490, Lu 0.0438, Pentalty 0.5354, loss 0.3463
Epoch 4, Batch 10/633, Grad Norms near zero: 12, Lx 0.2698, Lu 0.0661, Pentalty 0.5316, loss 0.3891
Epoch 4, Batch 11/633, Grad Norms near zero: 12, Lx 0.3551, Lu 0.0791, Pentalty 0.5698, loss 0.4912
Epoch 4, Batch 12/633, Grad Norms near zero: 12, Lx 0.2016, Lu 0.0205, Pentalty 0.7274, loss 0.2949
Epoch 4, Batch 13/633, Grad Norms near zero: 12, Lx 0.2940, Lu 0.0360, Pentalty 0.6392, loss 0.3939
Epoch 4, Batch 14/633, Grad Norms near zero: 13, Lx 0.1818, Lu 0.0157, Pentalty 0.7287, loss 0.2704
Epoch 4, Batch 15/633, Grad Norms near zero: 12, Lx 0.2673, Lu 0.0475, Pentalty 0.6270, loss 0.3774
Epoch 4, Batch 16/633, Grad Norms near zero: 12, Lx 0.2203, Lu 0.0343, Pentalty 0.6546, loss 0.3201
Epoch 4, Batch 17/633, Grad Norms near zero: 12, Lx 0.3945, Lu 0.0980, Pentalty 0.4979, loss 0.5423
Epoch 4, Batch 18/633, Grad Norms near zero: 12, Lx 0.2543, Lu 0.0433, Pentalty 0.5494, loss 0.3525
Epoch 4, Batch 19/633, Grad Norms near zero: 12, Lx 0.2936, Lu 0.0628, Pentalty 0.4895, loss 0.4053
Epoch 4, Batch 20/633, Grad Norms near zero: 12, Lx 0.3806, Lu 0.0810, Pentalty 0.4355, loss 0.5052
Epoch 4, Batch 21/633, Grad Norms near zero: 12, Lx 0.2726, Lu 0.0663, Pentalty 0.4313, loss 0.3820
Epoch 4, Batch 22/633, Grad Norms near zero: 12, Lx 0.3037, Lu 0.0627, Pentalty 0.4448, loss 0.4109
Epoch 4, Batch 23/633, Grad Norms near zero: 12, Lx 0.2995, Lu 0.0861, Pentalty 0.4521, loss 0.4308
Epoch 4, Batch 24/633, Grad Norms near zero: 12, Lx 0.3156, Lu 0.0594, Pentalty 0.4981, loss 0.4248
Epoch 4, Batch 25/633, Grad Norms near zero: 12, Lx 0.2789, Lu 0.0576, Pentalty 0.4682, loss 0.3833
Epoch 4, Batch 26/633, Grad Norms near zero: 12, Lx 0.2043, Lu 0.0262, Pentalty 0.6010, loss 0.2906
Epoch 4, Batch 27/633, Grad Norms near zero: 12, Lx 0.2941, Lu 0.0543, Pentalty 0.5008, loss 0.3985
Epoch 4, Batch 28/633, Grad Norms near zero: 12, Lx 0.3324, Lu 0.0542, Pentalty 0.5371, loss 0.4403
Epoch 4, Batch 29/633, Grad Norms near zero: 13, Lx 0.2832, Lu 0.0416, Pentalty 0.5561, loss 0.3804
Epoch 4, Batch 30/633, Grad Norms near zero: 12, Lx 0.2711, Lu 0.0431, Pentalty 0.5486, loss 0.3691
Epoch 4, Batch 31/633, Grad Norms near zero: 12, Lx 0.3197, Lu 0.0974, Pentalty 0.5557, loss 0.4726
Epoch 4, Batch 32/633, Grad Norms near zero: 12, Lx 0.2370, Lu 0.0333, Pentalty 0.5504, loss 0.3253
Epoch 4, Batch 33/633, Grad Norms near zero: 13, Lx 0.2591, Lu 0.0435, Pentalty 0.5320, loss 0.3558
Epoch 4, Batch 34/633, Grad Norms near zero: 12, Lx 0.2408, Lu 0.0494, Pentalty 0.5425, loss 0.3445
Epoch 4, Batch 35/633, Grad Norms near zero: 12, Lx 0.2933, Lu 0.0732, Pentalty 0.4963, loss 0.4161
Epoch 4, Batch 36/633, Grad Norms near zero: 12, Lx 0.1937, Lu 0.0430, Pentalty 0.5395, loss 0.2906
Epoch 4, Batch 37/633, Grad Norms near zero: 12, Lx 0.2530, Lu 0.0461, Pentalty 0.5226, loss 0.3514
Epoch 4, Batch 38/633, Grad Norms near zero: 12, Lx 0.3608, Lu 0.0922, Pentalty 0.5261, loss 0.5056
Epoch 4, Batch 39/633, Grad Norms near zero: 12, Lx 0.3111, Lu 0.0700, Pentalty 0.4932, loss 0.4304
Epoch 4, Batch 40/633, Grad Norms near zero: 12, Lx 0.2823, Lu 0.0480, Pentalty 0.5233, loss 0.3827
Epoch 4, Batch 41/633, Grad Norms near zero: 12, Lx 0.3118, Lu 0.0639, Pentalty 0.4753, loss 0.4233
Epoch 4, Batch 42/633, Grad Norms near zero: 12, Lx 0.2028, Lu 0.0409, Pentalty 0.5452, loss 0.2982
Epoch 4, Batch 43/633, Grad Norms near zero: 12, Lx 0.3160, Lu 0.0544, Pentalty 0.4781, loss 0.4182
Epoch 4, Batch 44/633, Grad Norms near zero: 12, Lx 0.2655, Lu 0.0453, Pentalty 0.5014, loss 0.3609
Epoch 4, Batch 45/633, Grad Norms near zero: 12, Lx 0.3962, Lu 0.0812, Pentalty 0.4461, loss 0.5220
Epoch 4, Batch 46/633, Grad Norms near zero: 12, Lx 0.3341, Lu 0.0719, Pentalty 0.4901, loss 0.4550
Epoch 4, Batch 47/633, Grad Norms near zero: 12, Lx 0.2611, Lu 0.0387, Pentalty 0.5119, loss 0.3509
Epoch 4, Batch 48/633, Grad Norms near zero: 12, Lx 0.4088, Lu 0.0964, Pentalty 0.4114, loss 0.5463
Epoch 4, Batch 49/633, Grad Norms near zero: 12, Lx 0.1461, Lu 0.0421, Pentalty 0.5222, loss 0.2404
Epoch 4, Batch 50/633, Grad Norms near zero: 12, Lx 0.2480, Lu 0.0447, Pentalty 0.4968, loss 0.3424
Epoch 4, Batch 51/633, Grad Norms near zero: 12, Lx 0.2018, Lu 0.0283, Pentalty 0.6008, loss 0.2902
Epoch 4, Batch 52/633, Grad Norms near zero: 12, Lx 0.3096, Lu 0.0754, Pentalty 0.5189, loss 0.4368
Epoch 4, Batch 53/633, Grad Norms near zero: 12, Lx 0.2454, Lu 0.0535, Pentalty 0.5589, loss 0.3548
Epoch 4, Batch 54/633, Grad Norms near zero: 12, Lx 0.3452, Lu 0.0744, Pentalty 0.5702, loss 0.4766
Epoch 4, Batch 55/633, Grad Norms near zero: 12, Lx 0.3162, Lu 0.0669, Pentalty 0.6084, loss 0.4439
Epoch 4, Batch 56/633, Grad Norms near zero: 12, Lx 0.3255, Lu 0.0561, Pentalty 0.5740, loss 0.4390
Epoch 4, Batch 57/633, Grad Norms near zero: 12, Lx 0.2708, Lu 0.0358, Pentalty 0.6576, loss 0.3723
Epoch 4, Batch 58/633, Grad Norms near zero: 12, Lx 0.2588, Lu 0.0591, Pentalty 0.5303, loss 0.3709
Epoch 4, Batch 59/633, Grad Norms near zero: 12, Lx 0.3323, Lu 0.0707, Pentalty 0.5394, loss 0.4569
Epoch 4, Batch 60/633, Grad Norms near zero: 12, Lx 0.3018, Lu 0.0612, Pentalty 0.4917, loss 0.4121
Epoch 4, Batch 61/633, Grad Norms near zero: 12, Lx 0.2804, Lu 0.0619, Pentalty 0.5012, loss 0.3924
Epoch 4, Batch 62/633, Grad Norms near zero: 12, Lx 0.2802, Lu 0.0536, Pentalty 0.4590, loss 0.3797
Epoch 4, Batch 63/633, Grad Norms near zero: 12, Lx 0.2954, Lu 0.0366, Pentalty 0.4753, loss 0.3795
Epoch 4, Batch 64/633, Grad Norms near zero: 12, Lx 0.2840, Lu 0.0671, Pentalty 0.4198, loss 0.3931
Epoch 4, Batch 65/633, Grad Norms near zero: 12, Lx 0.2352, Lu 0.0385, Pentalty 0.4662, loss 0.3203
Epoch 4, Batch 66/633, Grad Norms near zero: 12, Lx 0.3764, Lu 0.0906, Pentalty 0.3953, loss 0.5065
Epoch 4, Batch 67/633, Grad Norms near zero: 12, Lx 0.2911, Lu 0.0576, Pentalty 0.4271, loss 0.3914
Epoch 4, Batch 68/633, Grad Norms near zero: 12, Lx 0.3545, Lu 0.0834, Pentalty 0.4522, loss 0.4831
Epoch 4, Batch 69/633, Grad Norms near zero: 12, Lx 0.2609, Lu 0.0474, Pentalty 0.4821, loss 0.3565
Epoch 4, Batch 70/633, Grad Norms near zero: 12, Lx 0.2236, Lu 0.0372, Pentalty 0.5231, loss 0.3132
Epoch 4, Batch 71/633, Grad Norms near zero: 12, Lx 0.2270, Lu 0.0399, Pentalty 0.5093, loss 0.3178
Epoch 4, Batch 72/633, Grad Norms near zero: 12, Lx 0.2220, Lu 0.0226, Pentalty 0.6493, loss 0.3096
Epoch 4, Batch 73/633, Grad Norms near zero: 12, Lx 0.2672, Lu 0.0291, Pentalty 0.6415, loss 0.3604
Epoch 4, Batch 74/633, Grad Norms near zero: 12, Lx 0.3653, Lu 0.0841, Pentalty 0.5445, loss 0.5039
Epoch 4, Batch 75/633, Grad Norms near zero: 12, Lx 0.3030, Lu 0.0530, Pentalty 0.5695, loss 0.4130
Epoch 4, Batch 76/633, Grad Norms near zero: 12, Lx 0.3503, Lu 0.0829, Pentalty 0.5072, loss 0.4839
Epoch 4, Batch 77/633, Grad Norms near zero: 13, Lx 0.2807, Lu 0.0340, Pentalty 0.5884, loss 0.3735
Epoch 4, Batch 78/633, Grad Norms near zero: 12, Lx 0.2550, Lu 0.0511, Pentalty 0.5010, loss 0.3562
Epoch 4, Batch 79/633, Grad Norms near zero: 12, Lx 0.3131, Lu 0.0773, Pentalty 0.4452, loss 0.4349
Epoch 4, Batch 80/633, Grad Norms near zero: 12, Lx 0.2127, Lu 0.0398, Pentalty 0.5082, loss 0.3033
Epoch 4, Batch 81/633, Grad Norms near zero: 12, Lx 0.2827, Lu 0.0476, Pentalty 0.4868, loss 0.3790
Epoch 4, Batch 82/633, Grad Norms near zero: 12, Lx 0.3159, Lu 0.0690, Pentalty 0.4652, loss 0.4314
Epoch 4, Batch 83/633, Grad Norms near zero: 12, Lx 0.2351, Lu 0.0679, Pentalty 0.4825, loss 0.3512
Epoch 4, Batch 84/633, Grad Norms near zero: 12, Lx 0.2122, Lu 0.0310, Pentalty 0.5802, loss 0.3012
Epoch 4, Batch 85/633, Grad Norms near zero: 12, Lx 0.2498, Lu 0.0361, Pentalty 0.6260, loss 0.3485
Epoch 4, Batch 86/633, Grad Norms near zero: 12, Lx 0.3059, Lu 0.0686, Pentalty 0.5697, loss 0.4315
Epoch 4, Batch 87/633, Grad Norms near zero: 12, Lx 0.2553, Lu 0.0295, Pentalty 0.6581, loss 0.3506
Epoch 4, Batch 88/633, Grad Norms near zero: 12, Lx 0.2768, Lu 0.0304, Pentalty 0.6336, loss 0.3705
Epoch 4, Batch 89/633, Grad Norms near zero: 12, Lx 0.2206, Lu 0.0282, Pentalty 0.7154, loss 0.3204
Epoch 4, Batch 90/633, Grad Norms near zero: 12, Lx 0.3089, Lu 0.0785, Pentalty 0.5656, loss 0.4440
Epoch 4, Batch 91/633, Grad Norms near zero: 12, Lx 0.2437, Lu 0.0592, Pentalty 0.5515, loss 0.3580
Epoch 4, Batch 92/633, Grad Norms near zero: 12, Lx 0.3406, Lu 0.0770, Pentalty 0.4999, loss 0.4676
Epoch 4, Batch 93/633, Grad Norms near zero: 12, Lx 0.2032, Lu 0.0326, Pentalty 0.5522, loss 0.2910
Epoch 4, Batch 94/633, Grad Norms near zero: 12, Lx 0.2731, Lu 0.0873, Pentalty 0.4843, loss 0.4088
Epoch 4, Batch 95/633, Grad Norms near zero: 12, Lx 0.2388, Lu 0.0318, Pentalty 0.5118, loss 0.3218
Epoch 4, Batch 96/633, Grad Norms near zero: 12, Lx 0.2915, Lu 0.0471, Pentalty 0.4712, loss 0.3858
Epoch 4, Batch 97/633, Grad Norms near zero: 12, Lx 0.2560, Lu 0.0405, Pentalty 0.4820, loss 0.3447
Epoch 4, Batch 98/633, Grad Norms near zero: 12, Lx 0.1827, Lu 0.0290, Pentalty 0.5508, loss 0.2668
Epoch 4, Batch 99/633, Grad Norms near zero: 12, Lx 0.2665, Lu 0.0555, Pentalty 0.4875, loss 0.3707
Epoch 4, Batch 100/633, Grad Norms near zero: 13, Lx 0.1859, Lu 0.0197, Pentalty 0.5990, loss 0.2654
Epoch 4, Batch 101/633, Grad Norms near zero: 12, Lx 0.3064, Lu 0.0458, Pentalty 0.5249, loss 0.4047
Epoch 4, Batch 102/633, Grad Norms near zero: 12, Lx 0.3435, Lu 0.0589, Pentalty 0.5396, loss 0.4564
Epoch 4, Batch 103/633, Grad Norms near zero: 12, Lx 0.2625, Lu 0.0327, Pentalty 0.6070, loss 0.3559
Epoch 4, Batch 104/633, Grad Norms near zero: 12, Lx 0.3444, Lu 0.0655, Pentalty 0.5168, loss 0.4615
Epoch 4, Batch 105/633, Grad Norms near zero: 12, Lx 0.3018, Lu 0.0627, Pentalty 0.5105, loss 0.4155
Epoch 4, Batch 106/633, Grad Norms near zero: 12, Lx 0.2157, Lu 0.0247, Pentalty 0.6265, loss 0.3030
Epoch 4, Batch 107/633, Grad Norms near zero: 12, Lx 0.2993, Lu 0.0463, Pentalty 0.5395, loss 0.3995
Epoch 4, Batch 108/633, Grad Norms near zero: 12, Lx 0.2129, Lu 0.0349, Pentalty 0.6014, loss 0.3079
Epoch 4, Batch 109/633, Grad Norms near zero: 12, Lx 0.2623, Lu 0.0532, Pentalty 0.5388, loss 0.3694
Epoch 4, Batch 110/633, Grad Norms near zero: 12, Lx 0.3029, Lu 0.0728, Pentalty 0.4537, loss 0.4211
Epoch 4, Batch 111/633, Grad Norms near zero: 12, Lx 0.2624, Lu 0.0472, Pentalty 0.5209, loss 0.3617
Epoch 4, Batch 112/633, Grad Norms near zero: 12, Lx 0.2661, Lu 0.0466, Pentalty 0.4940, loss 0.3621
Epoch 4, Batch 113/633, Grad Norms near zero: 12, Lx 0.2376, Lu 0.0492, Pentalty 0.5365, loss 0.3404
Epoch 4, Batch 114/633, Grad Norms near zero: 12, Lx 0.3999, Lu 0.0892, Pentalty 0.4832, loss 0.5374
Epoch 4, Batch 115/633, Grad Norms near zero: 12, Lx 0.3203, Lu 0.0841, Pentalty 0.4629, loss 0.4507
Epoch 4, Batch 116/633, Grad Norms near zero: 12, Lx 0.2516, Lu 0.0430, Pentalty 0.5498, loss 0.3495
Epoch 4, Batch 117/633, Grad Norms near zero: 12, Lx 0.4022, Lu 0.0749, Pentalty 0.4955, loss 0.5267
Epoch 4, Batch 118/633, Grad Norms near zero: 12, Lx 0.3318, Lu 0.0562, Pentalty 0.5242, loss 0.4404
Epoch 4, Batch 119/633, Grad Norms near zero: 12, Lx 0.1701, Lu 0.0256, Pentalty 0.6005, loss 0.2557
Epoch 4, Batch 120/633, Grad Norms near zero: 12, Lx 0.3067, Lu 0.0898, Pentalty 0.4586, loss 0.4424
Epoch 4, Batch 121/633, Grad Norms near zero: 12, Lx 0.3450, Lu 0.0819, Pentalty 0.4727, loss 0.4742
Epoch 4, Batch 122/633, Grad Norms near zero: 12, Lx 0.2870, Lu 0.0426, Pentalty 0.5578, loss 0.3853
Epoch 4, Batch 123/633, Grad Norms near zero: 12, Lx 0.3034, Lu 0.0889, Pentalty 0.4474, loss 0.4370
Epoch 4, Batch 124/633, Grad Norms near zero: 12, Lx 0.3281, Lu 0.0539, Pentalty 0.5330, loss 0.4353
Epoch 4, Batch 125/633, Grad Norms near zero: 12, Lx 0.2621, Lu 0.0360, Pentalty 0.6048, loss 0.3586
Epoch 4, Batch 126/633, Grad Norms near zero: 12, Lx 0.3164, Lu 0.0733, Pentalty 0.5051, loss 0.4402
Epoch 4, Batch 127/633, Grad Norms near zero: 12, Lx 0.3428, Lu 0.0762, Pentalty 0.4389, loss 0.4629
Epoch 4, Batch 128/633, Grad Norms near zero: 12, Lx 0.3215, Lu 0.0763, Pentalty 0.4180, loss 0.4396
Epoch 4, Batch 129/633, Grad Norms near zero: 12, Lx 0.3245, Lu 0.0566, Pentalty 0.4919, loss 0.4303
Epoch 4, Batch 130/633, Grad Norms near zero: 12, Lx 0.3047, Lu 0.0942, Pentalty 0.4280, loss 0.4417
Epoch 4, Batch 131/633, Grad Norms near zero: 12, Lx 0.3141, Lu 0.0482, Pentalty 0.5249, loss 0.4149
Epoch 4, Batch 132/633, Grad Norms near zero: 12, Lx 0.2921, Lu 0.0620, Pentalty 0.5047, loss 0.4046
Epoch 4, Batch 133/633, Grad Norms near zero: 12, Lx 0.2905, Lu 0.0698, Pentalty 0.4835, loss 0.4087
Epoch 4, Batch 134/633, Grad Norms near zero: 12, Lx 0.2574, Lu 0.0474, Pentalty 0.5368, loss 0.3584
Epoch 4, Batch 135/633, Grad Norms near zero: 12, Lx 0.1683, Lu 0.0214, Pentalty 0.6686, loss 0.2566
Epoch 4, Batch 136/633, Grad Norms near zero: 12, Lx 0.2436, Lu 0.0315, Pentalty 0.6115, loss 0.3363
Epoch 4, Batch 137/633, Grad Norms near zero: 12, Lx 0.2062, Lu 0.0311, Pentalty 0.5645, loss 0.2938
Epoch 4, Batch 138/633, Grad Norms near zero: 12, Lx 0.2147, Lu 0.0315, Pentalty 0.5780, loss 0.3040
Epoch 4, Batch 139/633, Grad Norms near zero: 12, Lx 0.3649, Lu 0.0791, Pentalty 0.4855, loss 0.4926
Epoch 4, Batch 140/633, Grad Norms near zero: 15, Lx 0.1647, Lu 0.0179, Pentalty 0.7237, loss 0.2550
Epoch 4, Batch 141/633, Grad Norms near zero: 12, Lx 0.3020, Lu 0.0526, Pentalty 0.5792, loss 0.4125
Epoch 4, Batch 142/633, Grad Norms near zero: 12, Lx 0.2843, Lu 0.0859, Pentalty 0.5412, loss 0.4242
Epoch 4, Batch 143/633, Grad Norms near zero: 12, Lx 0.3783, Lu 0.0979, Pentalty 0.5250, loss 0.5287
Epoch 4, Batch 144/633, Grad Norms near zero: 12, Lx 0.4056, Lu 0.0700, Pentalty 0.5365, loss 0.5293
Epoch 4, Batch 145/633, Grad Norms near zero: 12, Lx 0.3104, Lu 0.0573, Pentalty 0.5031, loss 0.4180
Epoch 4, Batch 146/633, Grad Norms near zero: 12, Lx 0.2150, Lu 0.0425, Pentalty 0.5250, loss 0.3099
Epoch 4, Batch 147/633, Grad Norms near zero: 12, Lx 0.2256, Lu 0.0366, Pentalty 0.5745, loss 0.3197
Epoch 4, Batch 148/633, Grad Norms near zero: 12, Lx 0.3071, Lu 0.0719, Pentalty 0.4638, loss 0.4253
Epoch 4, Batch 149/633, Grad Norms near zero: 12, Lx 0.2201, Lu 0.0295, Pentalty 0.5635, loss 0.3059
Epoch 4, Batch 150/633, Grad Norms near zero: 12, Lx 0.4031, Lu 0.0914, Pentalty 0.4436, loss 0.5388
Epoch 4, Batch 151/633, Grad Norms near zero: 12, Lx 0.3293, Lu 0.0833, Pentalty 0.3896, loss 0.4516
Epoch 4, Batch 152/633, Grad Norms near zero: 12, Lx 0.3250, Lu 0.0647, Pentalty 0.4996, loss 0.4398
Epoch 4, Batch 153/633, Grad Norms near zero: 12, Lx 0.2361, Lu 0.0318, Pentalty 0.5703, loss 0.3249
Epoch 4, Batch 154/633, Grad Norms near zero: 12, Lx 0.2335, Lu 0.0449, Pentalty 0.5484, loss 0.3332
Epoch 4, Batch 155/633, Grad Norms near zero: 12, Lx 0.3379, Lu 0.0888, Pentalty 0.4792, loss 0.4747
Epoch 4, Batch 156/633, Grad Norms near zero: 12, Lx 0.2876, Lu 0.0402, Pentalty 0.5789, loss 0.3858
Epoch 4, Batch 157/633, Grad Norms near zero: 12, Lx 0.3195, Lu 0.0580, Pentalty 0.5321, loss 0.4307
Epoch 4, Batch 158/633, Grad Norms near zero: 12, Lx 0.2824, Lu 0.0628, Pentalty 0.5043, loss 0.3956
Epoch 4, Batch 159/633, Grad Norms near zero: 12, Lx 0.2587, Lu 0.0476, Pentalty 0.5203, loss 0.3583
Epoch 4, Batch 160/633, Grad Norms near zero: 12, Lx 0.2647, Lu 0.0423, Pentalty 0.5492, loss 0.3619
Epoch 4, Batch 161/633, Grad Norms near zero: 12, Lx 0.2432, Lu 0.0493, Pentalty 0.5036, loss 0.3429
Epoch 4, Batch 162/633, Grad Norms near zero: 12, Lx 0.2909, Lu 0.0665, Pentalty 0.4515, loss 0.4026
Epoch 4, Batch 163/633, Grad Norms near zero: 12, Lx 0.2788, Lu 0.0618, Pentalty 0.4289, loss 0.3835
Epoch 4, Batch 164/633, Grad Norms near zero: 12, Lx 0.2205, Lu 0.0327, Pentalty 0.5994, loss 0.3131
Epoch 4, Batch 165/633, Grad Norms near zero: 12, Lx 0.1187, Lu 0.0141, Pentalty 0.7334, loss 0.2061
Epoch 4, Batch 166/633, Grad Norms near zero: 12, Lx 0.3252, Lu 0.0727, Pentalty 0.4420, loss 0.4421
Epoch 4, Batch 167/633, Grad Norms near zero: 12, Lx 0.1488, Lu 0.0193, Pentalty 0.7349, loss 0.2416
Epoch 4, Batch 168/633, Grad Norms near zero: 12, Lx 0.1277, Lu 0.0160, Pentalty 0.7601, loss 0.2196
Epoch 4, Batch 169/633, Grad Norms near zero: 12, Lx 0.3373, Lu 0.0939, Pentalty 0.4621, loss 0.4774
Epoch 4, Batch 170/633, Grad Norms near zero: 12, Lx 0.2996, Lu 0.0701, Pentalty 0.4888, loss 0.4186
Epoch 4, Batch 171/633, Grad Norms near zero: 12, Lx 0.2764, Lu 0.0536, Pentalty 0.5611, loss 0.3861
Epoch 4, Batch 172/633, Grad Norms near zero: 12, Lx 0.2726, Lu 0.0600, Pentalty 0.5489, loss 0.3876
Epoch 4, Batch 173/633, Grad Norms near zero: 12, Lx 0.3948, Lu 0.0836, Pentalty 0.4940, loss 0.5278
Epoch 4, Batch 174/633, Grad Norms near zero: 12, Lx 0.3016, Lu 0.0797, Pentalty 0.4599, loss 0.4273
Epoch 4, Batch 175/633, Grad Norms near zero: 12, Lx 0.3232, Lu 0.1093, Pentalty 0.3242, loss 0.4650
Epoch 4, Batch 176/633, Grad Norms near zero: 12, Lx 0.2358, Lu 0.0597, Pentalty 0.4130, loss 0.3368
Epoch 4, Batch 177/633, Grad Norms near zero: 12, Lx 0.3626, Lu 0.0705, Pentalty 0.4453, loss 0.4776
Epoch 4, Batch 178/633, Grad Norms near zero: 12, Lx 0.2722, Lu 0.0581, Pentalty 0.5360, loss 0.3839
Epoch 4, Batch 179/633, Grad Norms near zero: 12, Lx 0.3332, Lu 0.0658, Pentalty 0.6405, loss 0.4630
Epoch 4, Batch 180/633, Grad Norms near zero: 12, Lx 0.3823, Lu 0.0865, Pentalty 0.5415, loss 0.5229
Epoch 4, Batch 181/633, Grad Norms near zero: 12, Lx 0.3333, Lu 0.0840, Pentalty 0.6202, loss 0.4794
Epoch 4, Batch 182/633, Grad Norms near zero: 12, Lx 0.2690, Lu 0.0530, Pentalty 0.5266, loss 0.3747
Epoch 4, Batch 183/633, Grad Norms near zero: 12, Lx 0.3716, Lu 0.0651, Pentalty 0.5743, loss 0.4941
Epoch 4, Batch 184/633, Grad Norms near zero: 12, Lx 0.4024, Lu 0.0739, Pentalty 0.5363, loss 0.5300
Epoch 4, Batch 185/633, Grad Norms near zero: 12, Lx 0.3505, Lu 0.0905, Pentalty 0.4205, loss 0.4830
Epoch 4, Batch 186/633, Grad Norms near zero: 12, Lx 0.4220, Lu 0.1074, Pentalty 0.3921, loss 0.5686
Epoch 4, Batch 187/633, Grad Norms near zero: 12, Lx 0.3522, Lu 0.1081, Pentalty 0.3989, loss 0.5002
Epoch 4, Batch 188/633, Grad Norms near zero: 12, Lx 0.2197, Lu 0.0555, Pentalty 0.4254, loss 0.3177
Epoch 4, Batch 189/633, Grad Norms near zero: 12, Lx 0.3124, Lu 0.0813, Pentalty 0.3669, loss 0.4304
Epoch 4, Batch 190/633, Grad Norms near zero: 12, Lx 0.2395, Lu 0.0462, Pentalty 0.4716, loss 0.3328
Epoch 4, Batch 191/633, Grad Norms near zero: 12, Lx 0.4144, Lu 0.0823, Pentalty 0.4258, loss 0.5393
Epoch 4, Batch 192/633, Grad Norms near zero: 12, Lx 0.2781, Lu 0.0441, Pentalty 0.5482, loss 0.3770
Epoch 4, Batch 193/633, Grad Norms near zero: 12, Lx 0.3388, Lu 0.0926, Pentalty 0.5629, loss 0.4877
Epoch 4, Batch 194/633, Grad Norms near zero: 12, Lx 0.4076, Lu 0.0726, Pentalty 0.5455, loss 0.5347
Epoch 4, Batch 195/633, Grad Norms near zero: 14, Lx 0.3294, Lu 0.0557, Pentalty 0.6006, loss 0.4452
Epoch 4, Batch 196/633, Grad Norms near zero: 12, Lx 0.3360, Lu 0.0775, Pentalty 0.5781, loss 0.4713
Epoch 4, Batch 197/633, Grad Norms near zero: 12, Lx 0.2035, Lu 0.0296, Pentalty 0.5816, loss 0.2912
Epoch 4, Batch 198/633, Grad Norms near zero: 12, Lx 0.3452, Lu 0.0877, Pentalty 0.5434, loss 0.4872
Epoch 4, Batch 199/633, Grad Norms near zero: 12, Lx 0.3308, Lu 0.0768, Pentalty 0.4894, loss 0.4565
Epoch 4, Batch 200/633, Grad Norms near zero: 13, Lx 0.2650, Lu 0.0357, Pentalty 0.5574, loss 0.3565
Epoch 4, Batch 201/633, Grad Norms near zero: 12, Lx 0.2815, Lu 0.0626, Pentalty 0.4925, loss 0.3934
Epoch 4, Batch 202/633, Grad Norms near zero: 12, Lx 0.3207, Lu 0.0961, Pentalty 0.4181, loss 0.4586
Epoch 4, Batch 203/633, Grad Norms near zero: 12, Lx 0.3500, Lu 0.0804, Pentalty 0.4734, loss 0.4778
Epoch 4, Batch 204/633, Grad Norms near zero: 12, Lx 0.2072, Lu 0.0331, Pentalty 0.5063, loss 0.2910
Epoch 4, Batch 205/633, Grad Norms near zero: 12, Lx 0.2542, Lu 0.0447, Pentalty 0.4950, loss 0.3484
Epoch 4, Batch 206/633, Grad Norms near zero: 12, Lx 0.3265, Lu 0.0886, Pentalty 0.4419, loss 0.4593
Epoch 4, Batch 207/633, Grad Norms near zero: 12, Lx 0.1892, Lu 0.0321, Pentalty 0.5934, loss 0.2807
Epoch 4, Batch 208/633, Grad Norms near zero: 15, Lx 0.2262, Lu 0.0191, Pentalty 0.6581, loss 0.3112
Epoch 4, Batch 209/633, Grad Norms near zero: 12, Lx 0.2557, Lu 0.0841, Pentalty 0.4931, loss 0.3891
Epoch 4, Batch 210/633, Grad Norms near zero: 12, Lx 0.3641, Lu 0.0569, Pentalty 0.5621, loss 0.4773
Epoch 4, Batch 211/633, Grad Norms near zero: 12, Lx 0.2709, Lu 0.0716, Pentalty 0.5437, loss 0.3969
Epoch 4, Batch 212/633, Grad Norms near zero: 12, Lx 0.3505, Lu 0.0971, Pentalty 0.5231, loss 0.4999
Epoch 4, Batch 213/633, Grad Norms near zero: 12, Lx 0.1730, Lu 0.0306, Pentalty 0.5927, loss 0.2628
Epoch 4, Batch 214/633, Grad Norms near zero: 12, Lx 0.3434, Lu 0.0644, Pentalty 0.4893, loss 0.4568
Epoch 4, Batch 215/633, Grad Norms near zero: 12, Lx 0.2812, Lu 0.0528, Pentalty 0.5036, loss 0.3844
Epoch 4, Batch 216/633, Grad Norms near zero: 12, Lx 0.2743, Lu 0.0333, Pentalty 0.5590, loss 0.3635
Epoch 4, Batch 217/633, Grad Norms near zero: 12, Lx 0.1584, Lu 0.0204, Pentalty 0.6012, loss 0.2389
Epoch 4, Batch 218/633, Grad Norms near zero: 13, Lx 0.1846, Lu 0.0257, Pentalty 0.6169, loss 0.2721
Epoch 4, Batch 219/633, Grad Norms near zero: 12, Lx 0.3211, Lu 0.0700, Pentalty 0.4563, loss 0.4367
Epoch 4, Batch 220/633, Grad Norms near zero: 12, Lx 0.3551, Lu 0.0812, Pentalty 0.4588, loss 0.4822
Epoch 4, Batch 221/633, Grad Norms near zero: 12, Lx 0.2960, Lu 0.0611, Pentalty 0.5128, loss 0.4084
Epoch 4, Batch 222/633, Grad Norms near zero: 12, Lx 0.3054, Lu 0.0710, Pentalty 0.4624, loss 0.4227
Epoch 4, Batch 223/633, Grad Norms near zero: 12, Lx 0.2081, Lu 0.0300, Pentalty 0.6162, loss 0.2998
Epoch 4, Batch 224/633, Grad Norms near zero: 12, Lx 0.1909, Lu 0.0288, Pentalty 0.6269, loss 0.2824
Epoch 4, Batch 225/633, Grad Norms near zero: 12, Lx 0.3011, Lu 0.0528, Pentalty 0.5350, loss 0.4074
Epoch 4, Batch 226/633, Grad Norms near zero: 12, Lx 0.2380, Lu 0.0403, Pentalty 0.5198, loss 0.3303
Epoch 4, Batch 227/633, Grad Norms near zero: 12, Lx 0.3212, Lu 0.0468, Pentalty 0.5988, loss 0.4279
Epoch 4, Batch 228/633, Grad Norms near zero: 12, Lx 0.2967, Lu 0.0865, Pentalty 0.4815, loss 0.4313
Epoch 4, Batch 229/633, Grad Norms near zero: 12, Lx 0.2710, Lu 0.0542, Pentalty 0.5003, loss 0.3753
Epoch 4, Batch 230/633, Grad Norms near zero: 12, Lx 0.1919, Lu 0.0333, Pentalty 0.5666, loss 0.2818
Epoch 4, Batch 231/633, Grad Norms near zero: 12, Lx 0.3204, Lu 0.0684, Pentalty 0.4788, loss 0.4366
Epoch 4, Batch 232/633, Grad Norms near zero: 12, Lx 0.2532, Lu 0.0350, Pentalty 0.5283, loss 0.3411
Epoch 4, Batch 233/633, Grad Norms near zero: 12, Lx 0.2661, Lu 0.0448, Pentalty 0.5647, loss 0.3674
Epoch 4, Batch 234/633, Grad Norms near zero: 12, Lx 0.2244, Lu 0.0312, Pentalty 0.6155, loss 0.3172
Epoch 4, Batch 235/633, Grad Norms near zero: 12, Lx 0.3648, Lu 0.0799, Pentalty 0.5079, loss 0.4954
Epoch 4, Batch 236/633, Grad Norms near zero: 12, Lx 0.3510, Lu 0.0739, Pentalty 0.4904, loss 0.4740
Epoch 4, Batch 237/633, Grad Norms near zero: 12, Lx 0.3652, Lu 0.0966, Pentalty 0.4186, loss 0.5036
Epoch 4, Batch 238/633, Grad Norms near zero: 12, Lx 0.3024, Lu 0.0761, Pentalty 0.4077, loss 0.4193
Epoch 4, Batch 239/633, Grad Norms near zero: 12, Lx 0.3182, Lu 0.0495, Pentalty 0.4777, loss 0.4154
Epoch 4, Batch 240/633, Grad Norms near zero: 12, Lx 0.3729, Lu 0.0901, Pentalty 0.3792, loss 0.5009
Epoch 4, Batch 241/633, Grad Norms near zero: 12, Lx 0.3225, Lu 0.0646, Pentalty 0.4689, loss 0.4340
Epoch 4, Batch 242/633, Grad Norms near zero: 12, Lx 0.2520, Lu 0.0274, Pentalty 0.5541, loss 0.3348
Epoch 4, Batch 243/633, Grad Norms near zero: 12, Lx 0.3224, Lu 0.0870, Pentalty 0.3975, loss 0.4492
Epoch 4, Batch 244/633, Grad Norms near zero: 12, Lx 0.2706, Lu 0.0603, Pentalty 0.4926, loss 0.3801
Epoch 4, Batch 245/633, Grad Norms near zero: 12, Lx 0.3272, Lu 0.0681, Pentalty 0.4422, loss 0.4395
Epoch 4, Batch 246/633, Grad Norms near zero: 12, Lx 0.3147, Lu 0.0493, Pentalty 0.5061, loss 0.4146
Epoch 4, Batch 247/633, Grad Norms near zero: 12, Lx 0.2044, Lu 0.0241, Pentalty 0.6592, loss 0.2944
Epoch 4, Batch 248/633, Grad Norms near zero: 12, Lx 0.3625, Lu 0.0866, Pentalty 0.4580, loss 0.4948
Epoch 4, Batch 249/633, Grad Norms near zero: 12, Lx 0.2283, Lu 0.0333, Pentalty 0.6190, loss 0.3235
Epoch 4, Batch 250/633, Grad Norms near zero: 12, Lx 0.2011, Lu 0.0202, Pentalty 0.6959, loss 0.2909
Epoch 4, Batch 251/633, Grad Norms near zero: 12, Lx 0.3037, Lu 0.0718, Pentalty 0.5455, loss 0.4300
Epoch 4, Batch 252/633, Grad Norms near zero: 12, Lx 0.2581, Lu 0.0451, Pentalty 0.5883, loss 0.3621
Epoch 4, Batch 253/633, Grad Norms near zero: 12, Lx 0.3840, Lu 0.0534, Pentalty 0.5295, loss 0.4903
Epoch 4, Batch 254/633, Grad Norms near zero: 12, Lx 0.1933, Lu 0.0242, Pentalty 0.6635, loss 0.2839
Epoch 4, Batch 255/633, Grad Norms near zero: 12, Lx 0.2573, Lu 0.0395, Pentalty 0.5514, loss 0.3519
Epoch 4, Batch 256/633, Grad Norms near zero: 12, Lx 0.3001, Lu 0.0664, Pentalty 0.4479, loss 0.4113
Epoch 4, Batch 257/633, Grad Norms near zero: 12, Lx 0.2425, Lu 0.0234, Pentalty 0.6093, loss 0.3269
Epoch 4, Batch 258/633, Grad Norms near zero: 12, Lx 0.2411, Lu 0.0507, Pentalty 0.5208, loss 0.3439
Epoch 4, Batch 259/633, Grad Norms near zero: 12, Lx 0.2338, Lu 0.0394, Pentalty 0.5795, loss 0.3311
Epoch 4, Batch 260/633, Grad Norms near zero: 12, Lx 0.2138, Lu 0.0274, Pentalty 0.5827, loss 0.2994
Epoch 4, Batch 261/633, Grad Norms near zero: 12, Lx 0.3039, Lu 0.0806, Pentalty 0.4426, loss 0.4288
Epoch 4, Batch 262/633, Grad Norms near zero: 12, Lx 0.1782, Lu 0.0188, Pentalty 0.6430, loss 0.2613
Epoch 4, Batch 263/633, Grad Norms near zero: 12, Lx 0.2248, Lu 0.0485, Pentalty 0.4710, loss 0.3204
Epoch 4, Batch 264/633, Grad Norms near zero: 12, Lx 0.3206, Lu 0.0750, Pentalty 0.5086, loss 0.4464
Epoch 4, Batch 265/633, Grad Norms near zero: 12, Lx 0.2850, Lu 0.0679, Pentalty 0.4909, loss 0.4020
Epoch 4, Batch 266/633, Grad Norms near zero: 12, Lx 0.2595, Lu 0.0525, Pentalty 0.5612, loss 0.3681
Epoch 4, Batch 267/633, Grad Norms near zero: 12, Lx 0.2988, Lu 0.0489, Pentalty 0.5630, loss 0.4041
Epoch 4, Batch 268/633, Grad Norms near zero: 12, Lx 0.3102, Lu 0.0406, Pentalty 0.5549, loss 0.4062
Epoch 4, Batch 269/633, Grad Norms near zero: 12, Lx 0.3196, Lu 0.0617, Pentalty 0.4990, loss 0.4312
Epoch 4, Batch 270/633, Grad Norms near zero: 12, Lx 0.2521, Lu 0.0502, Pentalty 0.5830, loss 0.3607
Epoch 4, Batch 271/633, Grad Norms near zero: 12, Lx 0.2850, Lu 0.0519, Pentalty 0.5694, loss 0.3938
Epoch 4, Batch 272/633, Grad Norms near zero: 12, Lx 0.3125, Lu 0.0656, Pentalty 0.4670, loss 0.4247
Epoch 4, Batch 273/633, Grad Norms near zero: 12, Lx 0.3840, Lu 0.0800, Pentalty 0.4526, loss 0.5093
Epoch 4, Batch 274/633, Grad Norms near zero: 12, Lx 0.1876, Lu 0.0366, Pentalty 0.5361, loss 0.2778
Epoch 4, Batch 275/633, Grad Norms near zero: 12, Lx 0.2926, Lu 0.0728, Pentalty 0.4450, loss 0.4099
Epoch 4, Batch 276/633, Grad Norms near zero: 12, Lx 0.2080, Lu 0.0274, Pentalty 0.6152, loss 0.2969
Epoch 4, Batch 277/633, Grad Norms near zero: 12, Lx 0.3849, Lu 0.0953, Pentalty 0.4856, loss 0.5288
Epoch 4, Batch 278/633, Grad Norms near zero: 12, Lx 0.3058, Lu 0.0805, Pentalty 0.4435, loss 0.4307
Epoch 4, Batch 279/633, Grad Norms near zero: 12, Lx 0.3555, Lu 0.0925, Pentalty 0.5001, loss 0.4980
Epoch 4, Batch 280/633, Grad Norms near zero: 12, Lx 0.2737, Lu 0.0867, Pentalty 0.4559, loss 0.4060
Epoch 4, Batch 281/633, Grad Norms near zero: 12, Lx 0.2594, Lu 0.0399, Pentalty 0.5076, loss 0.3500
Epoch 4, Batch 282/633, Grad Norms near zero: 12, Lx 0.2453, Lu 0.0377, Pentalty 0.5482, loss 0.3378
Epoch 4, Batch 283/633, Grad Norms near zero: 12, Lx 0.3107, Lu 0.0930, Pentalty 0.4449, loss 0.4482
Epoch 4, Batch 284/633, Grad Norms near zero: 12, Lx 0.2346, Lu 0.0303, Pentalty 0.5382, loss 0.3188
Epoch 4, Batch 285/633, Grad Norms near zero: 12, Lx 0.2253, Lu 0.0526, Pentalty 0.5050, loss 0.3284
Epoch 4, Batch 286/633, Grad Norms near zero: 12, Lx 0.2864, Lu 0.0495, Pentalty 0.4999, loss 0.3859
Epoch 4, Batch 287/633, Grad Norms near zero: 12, Lx 0.1918, Lu 0.0286, Pentalty 0.6216, loss 0.2826
Epoch 4, Batch 288/633, Grad Norms near zero: 12, Lx 0.2811, Lu 0.0651, Pentalty 0.5076, loss 0.3970
Epoch 4, Batch 289/633, Grad Norms near zero: 12, Lx 0.2682, Lu 0.0562, Pentalty 0.5011, loss 0.3745
Epoch 4, Batch 290/633, Grad Norms near zero: 12, Lx 0.2265, Lu 0.0401, Pentalty 0.6416, loss 0.3308
Epoch 4, Batch 291/633, Grad Norms near zero: 12, Lx 0.2608, Lu 0.0282, Pentalty 0.6296, loss 0.3520
Epoch 4, Batch 292/633, Grad Norms near zero: 12, Lx 0.2357, Lu 0.0278, Pentalty 0.6831, loss 0.3318
Epoch 4, Batch 293/633, Grad Norms near zero: 12, Lx 0.3061, Lu 0.0625, Pentalty 0.5306, loss 0.4216
Epoch 4, Batch 294/633, Grad Norms near zero: 12, Lx 0.2969, Lu 0.0559, Pentalty 0.5372, loss 0.4065
Epoch 4, Batch 295/633, Grad Norms near zero: 12, Lx 0.3598, Lu 0.0792, Pentalty 0.4913, loss 0.4881
Epoch 4, Batch 296/633, Grad Norms near zero: 12, Lx 0.2019, Lu 0.0393, Pentalty 0.5717, loss 0.2983
Epoch 4, Batch 297/633, Grad Norms near zero: 12, Lx 0.2481, Lu 0.0529, Pentalty 0.4641, loss 0.3474
Epoch 4, Batch 298/633, Grad Norms near zero: 12, Lx 0.1226, Lu 0.0170, Pentalty 0.7680, loss 0.2163
Epoch 4, Batch 299/633, Grad Norms near zero: 12, Lx 0.2157, Lu 0.0267, Pentalty 0.5907, loss 0.3015
Epoch 4, Batch 300/633, Grad Norms near zero: 12, Lx 0.3732, Lu 0.0926, Pentalty 0.4316, loss 0.5090
Epoch 4, Batch 301/633, Grad Norms near zero: 12, Lx 0.2408, Lu 0.0478, Pentalty 0.5352, loss 0.3422
Epoch 4, Batch 302/633, Grad Norms near zero: 12, Lx 0.2548, Lu 0.0431, Pentalty 0.5577, loss 0.3537
Epoch 4, Batch 303/633, Grad Norms near zero: 12, Lx 0.2755, Lu 0.0680, Pentalty 0.5130, loss 0.3947
Epoch 4, Batch 304/633, Grad Norms near zero: 12, Lx 0.2544, Lu 0.0625, Pentalty 0.5037, loss 0.3673
Epoch 4, Batch 305/633, Grad Norms near zero: 12, Lx 0.2425, Lu 0.0416, Pentalty 0.5998, loss 0.3441
Epoch 4, Batch 306/633, Grad Norms near zero: 12, Lx 0.2224, Lu 0.0222, Pentalty 0.7468, loss 0.3193
Epoch 4, Batch 307/633, Grad Norms near zero: 12, Lx 0.3118, Lu 0.0841, Pentalty 0.4732, loss 0.4433
Epoch 4, Batch 308/633, Grad Norms near zero: 12, Lx 0.3180, Lu 0.0549, Pentalty 0.5217, loss 0.4251
Epoch 4, Batch 309/633, Grad Norms near zero: 12, Lx 0.2523, Lu 0.0429, Pentalty 0.5516, loss 0.3504
Epoch 4, Batch 310/633, Grad Norms near zero: 12, Lx 0.3234, Lu 0.0820, Pentalty 0.4785, loss 0.4532
Epoch 4, Batch 311/633, Grad Norms near zero: 12, Lx 0.2479, Lu 0.0291, Pentalty 0.5996, loss 0.3370
Epoch 4, Batch 312/633, Grad Norms near zero: 12, Lx 0.2542, Lu 0.0511, Pentalty 0.4825, loss 0.3535
Epoch 4, Batch 313/633, Grad Norms near zero: 12, Lx 0.2107, Lu 0.0403, Pentalty 0.5510, loss 0.3061
Epoch 4, Batch 314/633, Grad Norms near zero: 12, Lx 0.2873, Lu 0.0382, Pentalty 0.5700, loss 0.3825
Epoch 4, Batch 315/633, Grad Norms near zero: 12, Lx 0.2874, Lu 0.0746, Pentalty 0.4849, loss 0.4105
Epoch 4, Batch 316/633, Grad Norms near zero: 12, Lx 0.3635, Lu 0.0828, Pentalty 0.4292, loss 0.4893
Epoch 4, Batch 317/633, Grad Norms near zero: 12, Lx 0.3941, Lu 0.0803, Pentalty 0.4420, loss 0.5186
Epoch 4, Batch 318/633, Grad Norms near zero: 12, Lx 0.3444, Lu 0.0924, Pentalty 0.4429, loss 0.4811
Epoch 4, Batch 319/633, Grad Norms near zero: 12, Lx 0.2736, Lu 0.0461, Pentalty 0.5134, loss 0.3711
Epoch 4, Batch 320/633, Grad Norms near zero: 12, Lx 0.2746, Lu 0.0536, Pentalty 0.5182, loss 0.3800
Epoch 4, Batch 321/633, Grad Norms near zero: 12, Lx 0.2440, Lu 0.0334, Pentalty 0.5765, loss 0.3351
Epoch 4, Batch 322/633, Grad Norms near zero: 12, Lx 0.2753, Lu 0.0570, Pentalty 0.4837, loss 0.3807
Epoch 4, Batch 323/633, Grad Norms near zero: 12, Lx 0.3372, Lu 0.0694, Pentalty 0.4905, loss 0.4556
Epoch 4, Batch 324/633, Grad Norms near zero: 12, Lx 0.3128, Lu 0.0556, Pentalty 0.4906, loss 0.4174
Epoch 4, Batch 325/633, Grad Norms near zero: 12, Lx 0.3151, Lu 0.0935, Pentalty 0.4397, loss 0.4526
Epoch 4, Batch 326/633, Grad Norms near zero: 12, Lx 0.2600, Lu 0.0527, Pentalty 0.5158, loss 0.3643
Epoch 4, Batch 327/633, Grad Norms near zero: 12, Lx 0.3168, Lu 0.0475, Pentalty 0.4995, loss 0.4142
Epoch 4, Batch 328/633, Grad Norms near zero: 12, Lx 0.3134, Lu 0.0703, Pentalty 0.4593, loss 0.4297
Epoch 4, Batch 329/633, Grad Norms near zero: 12, Lx 0.2777, Lu 0.0719, Pentalty 0.4518, loss 0.3948
Epoch 4, Batch 330/633, Grad Norms near zero: 12, Lx 0.2799, Lu 0.0638, Pentalty 0.4245, loss 0.3861
Epoch 4, Batch 331/633, Grad Norms near zero: 12, Lx 0.1885, Lu 0.0325, Pentalty 0.6096, loss 0.2819
Epoch 4, Batch 332/633, Grad Norms near zero: 12, Lx 0.3346, Lu 0.0807, Pentalty 0.4087, loss 0.4561
Epoch 4, Batch 333/633, Grad Norms near zero: 12, Lx 0.2538, Lu 0.0372, Pentalty 0.5978, loss 0.3508
Epoch 4, Batch 334/633, Grad Norms near zero: 12, Lx 0.3206, Lu 0.0808, Pentalty 0.4871, loss 0.4501
Epoch 4, Batch 335/633, Grad Norms near zero: 12, Lx 0.3161, Lu 0.0824, Pentalty 0.4687, loss 0.4454
Epoch 4, Batch 336/633, Grad Norms near zero: 12, Lx 0.2054, Lu 0.0329, Pentalty 0.6120, loss 0.2995
Epoch 4, Batch 337/633, Grad Norms near zero: 12, Lx 0.3101, Lu 0.0690, Pentalty 0.4675, loss 0.4259
Epoch 4, Batch 338/633, Grad Norms near zero: 12, Lx 0.3248, Lu 0.0578, Pentalty 0.5184, loss 0.4345
Epoch 4, Batch 339/633, Grad Norms near zero: 12, Lx 0.3085, Lu 0.0655, Pentalty 0.5364, loss 0.4276
Epoch 4, Batch 340/633, Grad Norms near zero: 12, Lx 0.3576, Lu 0.0820, Pentalty 0.4937, loss 0.4889
Epoch 4, Batch 341/633, Grad Norms near zero: 12, Lx 0.2499, Lu 0.0430, Pentalty 0.5590, loss 0.3488
Epoch 4, Batch 342/633, Grad Norms near zero: 12, Lx 0.3133, Lu 0.0675, Pentalty 0.5015, loss 0.4310
Epoch 4, Batch 343/633, Grad Norms near zero: 12, Lx 0.2003, Lu 0.0155, Pentalty 0.7545, loss 0.2912
Epoch 4, Batch 344/633, Grad Norms near zero: 12, Lx 0.2335, Lu 0.0477, Pentalty 0.5349, loss 0.3348
Epoch 4, Batch 345/633, Grad Norms near zero: 12, Lx 0.3038, Lu 0.0908, Pentalty 0.4239, loss 0.4369
Epoch 4, Batch 346/633, Grad Norms near zero: 12, Lx 0.3674, Lu 0.1044, Pentalty 0.4164, loss 0.5134
Epoch 4, Batch 347/633, Grad Norms near zero: 12, Lx 0.3394, Lu 0.0878, Pentalty 0.4662, loss 0.4738
Epoch 4, Batch 348/633, Grad Norms near zero: 12, Lx 0.3270, Lu 0.0768, Pentalty 0.4560, loss 0.4494
Epoch 4, Batch 349/633, Grad Norms near zero: 12, Lx 0.2233, Lu 0.0337, Pentalty 0.6002, loss 0.3170
Epoch 4, Batch 350/633, Grad Norms near zero: 12, Lx 0.2386, Lu 0.0563, Pentalty 0.4693, loss 0.3418
Epoch 4, Batch 351/633, Grad Norms near zero: 12, Lx 0.2568, Lu 0.0422, Pentalty 0.4544, loss 0.3445
Epoch 4, Batch 352/633, Grad Norms near zero: 12, Lx 0.3405, Lu 0.0965, Pentalty 0.3896, loss 0.4760
Epoch 4, Batch 353/633, Grad Norms near zero: 12, Lx 0.3134, Lu 0.0768, Pentalty 0.4327, loss 0.4335
Epoch 4, Batch 354/633, Grad Norms near zero: 12, Lx 0.3609, Lu 0.0840, Pentalty 0.4437, loss 0.4892
Epoch 4, Batch 355/633, Grad Norms near zero: 12, Lx 0.2721, Lu 0.0441, Pentalty 0.5667, loss 0.3728
Epoch 4, Batch 356/633, Grad Norms near zero: 12, Lx 0.3045, Lu 0.0591, Pentalty 0.5222, loss 0.4158
Epoch 4, Batch 357/633, Grad Norms near zero: 12, Lx 0.2788, Lu 0.0722, Pentalty 0.5015, loss 0.4011
Epoch 4, Batch 358/633, Grad Norms near zero: 12, Lx 0.2238, Lu 0.0256, Pentalty 0.6549, loss 0.3149
Epoch 4, Batch 359/633, Grad Norms near zero: 12, Lx 0.2724, Lu 0.0522, Pentalty 0.5402, loss 0.3787
Epoch 4, Batch 360/633, Grad Norms near zero: 12, Lx 0.3059, Lu 0.0796, Pentalty 0.4884, loss 0.4344
Epoch 4, Batch 361/633, Grad Norms near zero: 12, Lx 0.3169, Lu 0.0784, Pentalty 0.5052, loss 0.4458
Epoch 4, Batch 362/633, Grad Norms near zero: 12, Lx 0.1805, Lu 0.0195, Pentalty 0.6921, loss 0.2692
Epoch 4, Batch 363/633, Grad Norms near zero: 12, Lx 0.3025, Lu 0.0443, Pentalty 0.6108, loss 0.4078
Epoch 4, Batch 364/633, Grad Norms near zero: 12, Lx 0.2763, Lu 0.0600, Pentalty 0.5163, loss 0.3880
Epoch 4, Batch 365/633, Grad Norms near zero: 12, Lx 0.2643, Lu 0.0574, Pentalty 0.4888, loss 0.3706
Epoch 4, Batch 366/633, Grad Norms near zero: 12, Lx 0.2281, Lu 0.0428, Pentalty 0.5266, loss 0.3235
Epoch 4, Batch 367/633, Grad Norms near zero: 12, Lx 0.3952, Lu 0.0791, Pentalty 0.4402, loss 0.5184
Epoch 4, Batch 368/633, Grad Norms near zero: 12, Lx 0.3149, Lu 0.0919, Pentalty 0.4505, loss 0.4519
Epoch 4, Batch 369/633, Grad Norms near zero: 12, Lx 0.3614, Lu 0.0786, Pentalty 0.4691, loss 0.4869
Epoch 4, Batch 370/633, Grad Norms near zero: 12, Lx 0.2772, Lu 0.0562, Pentalty 0.4821, loss 0.3817
Epoch 4, Batch 371/633, Grad Norms near zero: 12, Lx 0.2926, Lu 0.0399, Pentalty 0.5979, loss 0.3923
Epoch 4, Batch 372/633, Grad Norms near zero: 13, Lx 0.2352, Lu 0.0381, Pentalty 0.6047, loss 0.3338
Epoch 4, Batch 373/633, Grad Norms near zero: 12, Lx 0.3131, Lu 0.0748, Pentalty 0.4762, loss 0.4355
Epoch 4, Batch 374/633, Grad Norms near zero: 12, Lx 0.2926, Lu 0.0462, Pentalty 0.5783, loss 0.3966
Epoch 4, Batch 375/633, Grad Norms near zero: 12, Lx 0.2459, Lu 0.0382, Pentalty 0.5683, loss 0.3409
Epoch 4, Batch 376/633, Grad Norms near zero: 12, Lx 0.1696, Lu 0.0258, Pentalty 0.6133, loss 0.2567
Epoch 4, Batch 377/633, Grad Norms near zero: 12, Lx 0.2914, Lu 0.0700, Pentalty 0.4079, loss 0.4022
Epoch 4, Batch 378/633, Grad Norms near zero: 12, Lx 0.2584, Lu 0.0514, Pentalty 0.4756, loss 0.3574
Epoch 4, Batch 379/633, Grad Norms near zero: 12, Lx 0.3137, Lu 0.0664, Pentalty 0.4078, loss 0.4208
Epoch 4, Batch 380/633, Grad Norms near zero: 12, Lx 0.2322, Lu 0.0311, Pentalty 0.5739, loss 0.3207
Epoch 4, Batch 381/633, Grad Norms near zero: 12, Lx 0.2016, Lu 0.0224, Pentalty 0.6365, loss 0.2876
Epoch 4, Batch 382/633, Grad Norms near zero: 13, Lx 0.3283, Lu 0.0733, Pentalty 0.4944, loss 0.4511
Epoch 4, Batch 383/633, Grad Norms near zero: 12, Lx 0.2354, Lu 0.0371, Pentalty 0.6143, loss 0.3340
Epoch 4, Batch 384/633, Grad Norms near zero: 12, Lx 0.1562, Lu 0.0184, Pentalty 0.6983, loss 0.2444
Epoch 4, Batch 385/633, Grad Norms near zero: 12, Lx 0.1432, Lu 0.0146, Pentalty 0.7128, loss 0.2291
Epoch 4, Batch 386/633, Grad Norms near zero: 12, Lx 0.2254, Lu 0.0272, Pentalty 0.6590, loss 0.3185
Epoch 4, Batch 387/633, Grad Norms near zero: 12, Lx 0.2928, Lu 0.0443, Pentalty 0.5572, loss 0.3928
Epoch 4, Batch 388/633, Grad Norms near zero: 12, Lx 0.1741, Lu 0.0193, Pentalty 0.6680, loss 0.2602
Epoch 4, Batch 389/633, Grad Norms near zero: 12, Lx 0.3012, Lu 0.0795, Pentalty 0.4971, loss 0.4304
Epoch 4, Batch 390/633, Grad Norms near zero: 12, Lx 0.3286, Lu 0.0770, Pentalty 0.5185, loss 0.4575
Epoch 4, Batch 391/633, Grad Norms near zero: 12, Lx 0.3338, Lu 0.1002, Pentalty 0.4972, loss 0.4837
Epoch 4, Batch 392/633, Grad Norms near zero: 12, Lx 0.3300, Lu 0.0719, Pentalty 0.4663, loss 0.4485
Epoch 4, Batch 393/633, Grad Norms near zero: 12, Lx 0.2592, Lu 0.0485, Pentalty 0.5290, loss 0.3606
Epoch 4, Batch 394/633, Grad Norms near zero: 12, Lx 0.2072, Lu 0.0306, Pentalty 0.5956, loss 0.2973
Epoch 4, Batch 395/633, Grad Norms near zero: 12, Lx 0.2278, Lu 0.0333, Pentalty 0.4954, loss 0.3106
Epoch 4, Batch 396/633, Grad Norms near zero: 12, Lx 0.2628, Lu 0.0492, Pentalty 0.4885, loss 0.3608
Epoch 4, Batch 397/633, Grad Norms near zero: 12, Lx 0.2996, Lu 0.0923, Pentalty 0.4164, loss 0.4335
Epoch 4, Batch 398/633, Grad Norms near zero: 12, Lx 0.3248, Lu 0.0833, Pentalty 0.4447, loss 0.4526
Epoch 4, Batch 399/633, Grad Norms near zero: 12, Lx 0.2643, Lu 0.0669, Pentalty 0.4568, loss 0.3769
Epoch 4, Batch 400/633, Grad Norms near zero: 12, Lx 0.2927, Lu 0.0614, Pentalty 0.4729, loss 0.4014
Epoch 4, Batch 401/633, Grad Norms near zero: 12, Lx 0.2851, Lu 0.0341, Pentalty 0.5600, loss 0.3752
Epoch 4, Batch 402/633, Grad Norms near zero: 12, Lx 0.3198, Lu 0.0736, Pentalty 0.5444, loss 0.4479
Epoch 4, Batch 403/633, Grad Norms near zero: 12, Lx 0.2064, Lu 0.0437, Pentalty 0.5798, loss 0.3082
Epoch 4, Batch 404/633, Grad Norms near zero: 12, Lx 0.2045, Lu 0.0264, Pentalty 0.6293, loss 0.2938
Epoch 4, Batch 405/633, Grad Norms near zero: 12, Lx 0.2893, Lu 0.0473, Pentalty 0.5324, loss 0.3899
Epoch 4, Batch 406/633, Grad Norms near zero: 12, Lx 0.3004, Lu 0.0571, Pentalty 0.5085, loss 0.4084
Epoch 4, Batch 407/633, Grad Norms near zero: 12, Lx 0.1528, Lu 0.0181, Pentalty 0.6691, loss 0.2378
Epoch 4, Batch 408/633, Grad Norms near zero: 12, Lx 0.1247, Lu 0.0076, Pentalty 0.8109, loss 0.2134
Epoch 4, Batch 409/633, Grad Norms near zero: 12, Lx 0.1440, Lu 0.0109, Pentalty 0.7844, loss 0.2333
Epoch 4, Batch 410/633, Grad Norms near zero: 12, Lx 0.2818, Lu 0.0847, Pentalty 0.4855, loss 0.4150
Epoch 4, Batch 411/633, Grad Norms near zero: 12, Lx 0.2858, Lu 0.0554, Pentalty 0.5348, loss 0.3946
Epoch 4, Batch 412/633, Grad Norms near zero: 12, Lx 0.3292, Lu 0.0939, Pentalty 0.4887, loss 0.4719
Epoch 4, Batch 413/633, Grad Norms near zero: 12, Lx 0.3691, Lu 0.0902, Pentalty 0.4414, loss 0.5035
Epoch 4, Batch 414/633, Grad Norms near zero: 12, Lx 0.3277, Lu 0.0717, Pentalty 0.4705, loss 0.4465
Epoch 4, Batch 415/633, Grad Norms near zero: 12, Lx 0.1629, Lu 0.0204, Pentalty 0.6825, loss 0.2515
Epoch 4, Batch 416/633, Grad Norms near zero: 12, Lx 0.2893, Lu 0.0620, Pentalty 0.4683, loss 0.3982
Epoch 4, Batch 417/633, Grad Norms near zero: 12, Lx 0.2025, Lu 0.0217, Pentalty 0.6674, loss 0.2910
Epoch 4, Batch 418/633, Grad Norms near zero: 12, Lx 0.3180, Lu 0.0665, Pentalty 0.4647, loss 0.4310
Epoch 4, Batch 419/633, Grad Norms near zero: 12, Lx 0.3281, Lu 0.0761, Pentalty 0.4436, loss 0.4485
Epoch 4, Batch 420/633, Grad Norms near zero: 12, Lx 0.2894, Lu 0.0656, Pentalty 0.4760, loss 0.4025
Epoch 4, Batch 421/633, Grad Norms near zero: 12, Lx 0.3638, Lu 0.1129, Pentalty 0.3783, loss 0.5146
Epoch 4, Batch 422/633, Grad Norms near zero: 12, Lx 0.3356, Lu 0.0815, Pentalty 0.4232, loss 0.4594
Epoch 4, Batch 423/633, Grad Norms near zero: 12, Lx 0.3212, Lu 0.0727, Pentalty 0.4897, loss 0.4428
Epoch 4, Batch 424/633, Grad Norms near zero: 12, Lx 0.1468, Lu 0.0154, Pentalty 0.7685, loss 0.2391
Epoch 4, Batch 425/633, Grad Norms near zero: 12, Lx 0.2146, Lu 0.0193, Pentalty 0.7512, loss 0.3091
Epoch 4, Batch 426/633, Grad Norms near zero: 12, Lx 0.2309, Lu 0.0296, Pentalty 0.7163, loss 0.3322
Epoch 4, Batch 427/633, Grad Norms near zero: 12, Lx 0.2928, Lu 0.0634, Pentalty 0.5508, loss 0.4113
Epoch 4, Batch 428/633, Grad Norms near zero: 12, Lx 0.2690, Lu 0.0389, Pentalty 0.6384, loss 0.3717
Epoch 4, Batch 429/633, Grad Norms near zero: 12, Lx 0.1926, Lu 0.0294, Pentalty 0.6526, loss 0.2873
Epoch 4, Batch 430/633, Grad Norms near zero: 12, Lx 0.1768, Lu 0.0162, Pentalty 0.7349, loss 0.2664
Epoch 4, Batch 431/633, Grad Norms near zero: 12, Lx 0.2865, Lu 0.0497, Pentalty 0.5688, loss 0.3931
Epoch 4, Batch 432/633, Grad Norms near zero: 12, Lx 0.2644, Lu 0.0413, Pentalty 0.5601, loss 0.3617
Epoch 4, Batch 433/633, Grad Norms near zero: 12, Lx 0.3778, Lu 0.0724, Pentalty 0.4878, loss 0.4990
Epoch 4, Batch 434/633, Grad Norms near zero: 12, Lx 0.2724, Lu 0.0747, Pentalty 0.4661, loss 0.3937
Epoch 4, Batch 435/633, Grad Norms near zero: 12, Lx 0.3456, Lu 0.0829, Pentalty 0.4173, loss 0.4702
Epoch 4, Batch 436/633, Grad Norms near zero: 12, Lx 0.3475, Lu 0.0918, Pentalty 0.4006, loss 0.4794
Epoch 4, Batch 437/633, Grad Norms near zero: 12, Lx 0.2125, Lu 0.0378, Pentalty 0.4812, loss 0.2984
Epoch 4, Batch 438/633, Grad Norms near zero: 12, Lx 0.3013, Lu 0.0765, Pentalty 0.4062, loss 0.4184
Epoch 4, Batch 439/633, Grad Norms near zero: 12, Lx 0.2895, Lu 0.0550, Pentalty 0.4406, loss 0.3886
Epoch 4, Batch 440/633, Grad Norms near zero: 12, Lx 0.2125, Lu 0.0404, Pentalty 0.5307, loss 0.3059
Epoch 4, Batch 441/633, Grad Norms near zero: 12, Lx 0.2858, Lu 0.0515, Pentalty 0.4913, loss 0.3865
Epoch 4, Batch 442/633, Grad Norms near zero: 12, Lx 0.2600, Lu 0.0911, Pentalty 0.4718, loss 0.3984
Epoch 4, Batch 443/633, Grad Norms near zero: 12, Lx 0.2958, Lu 0.0425, Pentalty 0.5738, loss 0.3957
Epoch 4, Batch 444/633, Grad Norms near zero: 12, Lx 0.3026, Lu 0.0852, Pentalty 0.4982, loss 0.4376
Epoch 4, Batch 445/633, Grad Norms near zero: 12, Lx 0.2460, Lu 0.0327, Pentalty 0.5972, loss 0.3384
Epoch 4, Batch 446/633, Grad Norms near zero: 12, Lx 0.3694, Lu 0.0667, Pentalty 0.5564, loss 0.4917
Epoch 4, Batch 447/633, Grad Norms near zero: 12, Lx 0.1497, Lu 0.0124, Pentalty 0.6900, loss 0.2311
Epoch 4, Batch 448/633, Grad Norms near zero: 12, Lx 0.3726, Lu 0.0660, Pentalty 0.5767, loss 0.4963
Epoch 4, Batch 449/633, Grad Norms near zero: 12, Lx 0.2890, Lu 0.0351, Pentalty 0.6514, loss 0.3892
Epoch 4, Batch 450/633, Grad Norms near zero: 14, Lx 0.1760, Lu 0.0212, Pentalty 0.6972, loss 0.2670
Epoch 4, Batch 451/633, Grad Norms near zero: 12, Lx 0.2592, Lu 0.0437, Pentalty 0.6088, loss 0.3638
Epoch 4, Batch 452/633, Grad Norms near zero: 12, Lx 0.2841, Lu 0.0585, Pentalty 0.5257, loss 0.3952
Epoch 4, Batch 453/633, Grad Norms near zero: 12, Lx 0.2688, Lu 0.0588, Pentalty 0.5036, loss 0.3780
Epoch 4, Batch 454/633, Grad Norms near zero: 12, Lx 0.3068, Lu 0.0730, Pentalty 0.5146, loss 0.4313
Epoch 4, Batch 455/633, Grad Norms near zero: 12, Lx 0.3230, Lu 0.0777, Pentalty 0.4873, loss 0.4495
Epoch 4, Batch 456/633, Grad Norms near zero: 12, Lx 0.2756, Lu 0.0731, Pentalty 0.4816, loss 0.3969
Epoch 4, Batch 457/633, Grad Norms near zero: 12, Lx 0.1328, Lu 0.0209, Pentalty 0.5823, loss 0.2119
Epoch 4, Batch 458/633, Grad Norms near zero: 12, Lx 0.3651, Lu 0.0734, Pentalty 0.4280, loss 0.4813
Epoch 4, Batch 459/633, Grad Norms near zero: 12, Lx 0.1830, Lu 0.0282, Pentalty 0.5643, loss 0.2676
Epoch 4, Batch 460/633, Grad Norms near zero: 12, Lx 0.2386, Lu 0.0376, Pentalty 0.5354, loss 0.3297
Epoch 4, Batch 461/633, Grad Norms near zero: 12, Lx 0.3734, Lu 0.0725, Pentalty 0.4812, loss 0.4940
Epoch 4, Batch 462/633, Grad Norms near zero: 14, Lx 0.2578, Lu 0.0367, Pentalty 0.5473, loss 0.3492
Epoch 4, Batch 463/633, Grad Norms near zero: 12, Lx 0.2336, Lu 0.0401, Pentalty 0.5469, loss 0.3284
Epoch 4, Batch 464/633, Grad Norms near zero: 12, Lx 0.2982, Lu 0.0930, Pentalty 0.4922, loss 0.4404
Epoch 4, Batch 465/633, Grad Norms near zero: 12, Lx 0.2973, Lu 0.0727, Pentalty 0.5295, loss 0.4230
Epoch 4, Batch 466/633, Grad Norms near zero: 12, Lx 0.3145, Lu 0.0764, Pentalty 0.4916, loss 0.4401
Epoch 4, Batch 467/633, Grad Norms near zero: 12, Lx 0.1797, Lu 0.0215, Pentalty 0.6312, loss 0.2643
Epoch 4, Batch 468/633, Grad Norms near zero: 12, Lx 0.3116, Lu 0.0824, Pentalty 0.4646, loss 0.4404
Epoch 4, Batch 469/633, Grad Norms near zero: 12, Lx 0.1917, Lu 0.0476, Pentalty 0.5068, loss 0.2899
Epoch 4, Batch 470/633, Grad Norms near zero: 12, Lx 0.2255, Lu 0.0353, Pentalty 0.5694, loss 0.3177
Epoch 4, Batch 471/633, Grad Norms near zero: 12, Lx 0.2748, Lu 0.0521, Pentalty 0.4947, loss 0.3764
Epoch 4, Batch 472/633, Grad Norms near zero: 12, Lx 0.2963, Lu 0.0689, Pentalty 0.5107, loss 0.4163
Epoch 4, Batch 473/633, Grad Norms near zero: 12, Lx 0.3234, Lu 0.0818, Pentalty 0.4711, loss 0.4523
Epoch 4, Batch 474/633, Grad Norms near zero: 12, Lx 0.2635, Lu 0.0313, Pentalty 0.5992, loss 0.3547
Epoch 4, Batch 475/633, Grad Norms near zero: 12, Lx 0.3092, Lu 0.0609, Pentalty 0.4899, loss 0.4191
Epoch 4, Batch 476/633, Grad Norms near zero: 12, Lx 0.2630, Lu 0.0567, Pentalty 0.5524, loss 0.3749
Epoch 4, Batch 477/633, Grad Norms near zero: 12, Lx 0.2726, Lu 0.0427, Pentalty 0.5750, loss 0.3728
Epoch 4, Batch 478/633, Grad Norms near zero: 12, Lx 0.2444, Lu 0.0430, Pentalty 0.5927, loss 0.3467
Epoch 4, Batch 479/633, Grad Norms near zero: 12, Lx 0.1844, Lu 0.0166, Pentalty 0.7120, loss 0.2722
Epoch 4, Batch 480/633, Grad Norms near zero: 12, Lx 0.2635, Lu 0.0468, Pentalty 0.5216, loss 0.3625
Epoch 4, Batch 481/633, Grad Norms near zero: 12, Lx 0.1266, Lu 0.0115, Pentalty 0.7928, loss 0.2174
Epoch 4, Batch 482/633, Grad Norms near zero: 12, Lx 0.3512, Lu 0.1017, Pentalty 0.4469, loss 0.4976
Epoch 4, Batch 483/633, Grad Norms near zero: 12, Lx 0.3319, Lu 0.0559, Pentalty 0.5277, loss 0.4406
Epoch 4, Batch 484/633, Grad Norms near zero: 12, Lx 0.3583, Lu 0.0779, Pentalty 0.4756, loss 0.4837
Epoch 4, Batch 485/633, Grad Norms near zero: 12, Lx 0.2372, Lu 0.0325, Pentalty 0.6048, loss 0.3302
Epoch 4, Batch 486/633, Grad Norms near zero: 12, Lx 0.3823, Lu 0.0833, Pentalty 0.4203, loss 0.5076
Epoch 4, Batch 487/633, Grad Norms near zero: 12, Lx 0.3663, Lu 0.1073, Pentalty 0.4060, loss 0.5143
Epoch 4, Batch 488/633, Grad Norms near zero: 12, Lx 0.3532, Lu 0.0880, Pentalty 0.4379, loss 0.4850
Epoch 4, Batch 489/633, Grad Norms near zero: 12, Lx 0.2950, Lu 0.0463, Pentalty 0.4907, loss 0.3904
Epoch 4, Batch 490/633, Grad Norms near zero: 12, Lx 0.2354, Lu 0.0387, Pentalty 0.5486, loss 0.3290
Epoch 4, Batch 491/633, Grad Norms near zero: 12, Lx 0.2900, Lu 0.0695, Pentalty 0.4509, loss 0.4045
Epoch 4, Batch 492/633, Grad Norms near zero: 12, Lx 0.3620, Lu 0.1024, Pentalty 0.3704, loss 0.5014
Epoch 4, Batch 493/633, Grad Norms near zero: 12, Lx 0.3102, Lu 0.0547, Pentalty 0.5074, loss 0.4156
Epoch 4, Batch 494/633, Grad Norms near zero: 12, Lx 0.3857, Lu 0.0743, Pentalty 0.4552, loss 0.5055
Epoch 4, Batch 495/633, Grad Norms near zero: 12, Lx 0.2506, Lu 0.0638, Pentalty 0.5175, loss 0.3662
Epoch 4, Batch 496/633, Grad Norms near zero: 12, Lx 0.3656, Lu 0.0754, Pentalty 0.5150, loss 0.4925
Epoch 4, Batch 497/633, Grad Norms near zero: 12, Lx 0.2842, Lu 0.0666, Pentalty 0.5204, loss 0.4029
Epoch 4, Batch 498/633, Grad Norms near zero: 12, Lx 0.2645, Lu 0.0398, Pentalty 0.6023, loss 0.3645
Epoch 4, Batch 499/633, Grad Norms near zero: 12, Lx 0.1387, Lu 0.0115, Pentalty 0.7812, loss 0.2283
Epoch 4, Batch 500/633, Grad Norms near zero: 12, Lx 0.3333, Lu 0.0638, Pentalty 0.5311, loss 0.4502
Epoch 4, Batch 501/633, Grad Norms near zero: 12, Lx 0.3085, Lu 0.1004, Pentalty 0.4786, loss 0.4568
Epoch 4, Batch 502/633, Grad Norms near zero: 12, Lx 0.2522, Lu 0.0386, Pentalty 0.5684, loss 0.3476
Epoch 4, Batch 503/633, Grad Norms near zero: 12, Lx 0.2768, Lu 0.0631, Pentalty 0.4956, loss 0.3894
Epoch 4, Batch 504/633, Grad Norms near zero: 12, Lx 0.2754, Lu 0.0426, Pentalty 0.4920, loss 0.3672
Epoch 4, Batch 505/633, Grad Norms near zero: 12, Lx 0.3298, Lu 0.0650, Pentalty 0.4632, loss 0.4411
Epoch 4, Batch 506/633, Grad Norms near zero: 12, Lx 0.3768, Lu 0.0832, Pentalty 0.4417, loss 0.5042
Epoch 4, Batch 507/633, Grad Norms near zero: 12, Lx 0.3058, Lu 0.0527, Pentalty 0.4727, loss 0.4058
Epoch 4, Batch 508/633, Grad Norms near zero: 12, Lx 0.2208, Lu 0.0495, Pentalty 0.5259, loss 0.3229
Epoch 4, Batch 509/633, Grad Norms near zero: 12, Lx 0.3582, Lu 0.0952, Pentalty 0.4009, loss 0.4935
Epoch 4, Batch 510/633, Grad Norms near zero: 12, Lx 0.3824, Lu 0.0911, Pentalty 0.4272, loss 0.5162
Epoch 4, Batch 511/633, Grad Norms near zero: 12, Lx 0.3455, Lu 0.0798, Pentalty 0.4384, loss 0.4691
Epoch 4, Batch 512/633, Grad Norms near zero: 12, Lx 0.1556, Lu 0.0224, Pentalty 0.7015, loss 0.2481
Epoch 4, Batch 513/633, Grad Norms near zero: 12, Lx 0.2817, Lu 0.0563, Pentalty 0.4757, loss 0.3856
Epoch 4, Batch 514/633, Grad Norms near zero: 12, Lx 0.2093, Lu 0.0322, Pentalty 0.5823, loss 0.2997
Epoch 4, Batch 515/633, Grad Norms near zero: 12, Lx 0.3033, Lu 0.0649, Pentalty 0.4911, loss 0.4173
Epoch 4, Batch 516/633, Grad Norms near zero: 12, Lx 0.3414, Lu 0.0979, Pentalty 0.4776, loss 0.4870
Epoch 4, Batch 517/633, Grad Norms near zero: 12, Lx 0.3396, Lu 0.0723, Pentalty 0.5071, loss 0.4627
Epoch 4, Batch 518/633, Grad Norms near zero: 12, Lx 0.2786, Lu 0.0582, Pentalty 0.5379, loss 0.3906
Epoch 4, Batch 519/633, Grad Norms near zero: 12, Lx 0.2356, Lu 0.0333, Pentalty 0.6170, loss 0.3306
Epoch 4, Batch 520/633, Grad Norms near zero: 12, Lx 0.3365, Lu 0.0879, Pentalty 0.4645, loss 0.4709
Epoch 4, Batch 521/633, Grad Norms near zero: 12, Lx 0.2438, Lu 0.0284, Pentalty 0.6414, loss 0.3363
Epoch 4, Batch 522/633, Grad Norms near zero: 12, Lx 0.2984, Lu 0.0875, Pentalty 0.4203, loss 0.4279
Epoch 4, Batch 523/633, Grad Norms near zero: 12, Lx 0.3287, Lu 0.0668, Pentalty 0.4450, loss 0.4400
Epoch 4, Batch 524/633, Grad Norms near zero: 12, Lx 0.3283, Lu 0.0703, Pentalty 0.4135, loss 0.4399
Epoch 4, Batch 525/633, Grad Norms near zero: 12, Lx 0.2996, Lu 0.0399, Pentalty 0.5467, loss 0.3941
Epoch 4, Batch 526/633, Grad Norms near zero: 12, Lx 0.3712, Lu 0.0966, Pentalty 0.3798, loss 0.5058
Epoch 4, Batch 527/633, Grad Norms near zero: 12, Lx 0.3227, Lu 0.0764, Pentalty 0.4115, loss 0.4403
Epoch 4, Batch 528/633, Grad Norms near zero: 12, Lx 0.2800, Lu 0.0644, Pentalty 0.4423, loss 0.3887
Epoch 4, Batch 529/633, Grad Norms near zero: 12, Lx 0.2407, Lu 0.0298, Pentalty 0.5707, loss 0.3276
Epoch 4, Batch 530/633, Grad Norms near zero: 12, Lx 0.2890, Lu 0.0525, Pentalty 0.4881, loss 0.3903
Epoch 4, Batch 531/633, Grad Norms near zero: 12, Lx 0.2828, Lu 0.0302, Pentalty 0.6335, loss 0.3763
Epoch 4, Batch 532/633, Grad Norms near zero: 12, Lx 0.2970, Lu 0.0703, Pentalty 0.4584, loss 0.4131
Epoch 4, Batch 533/633, Grad Norms near zero: 12, Lx 0.3176, Lu 0.0771, Pentalty 0.4482, loss 0.4395
Epoch 4, Batch 534/633, Grad Norms near zero: 12, Lx 0.3097, Lu 0.0577, Pentalty 0.5074, loss 0.4182
Epoch 4, Batch 535/633, Grad Norms near zero: 12, Lx 0.2986, Lu 0.0753, Pentalty 0.4772, loss 0.4217
Epoch 4, Batch 536/633, Grad Norms near zero: 12, Lx 0.3071, Lu 0.0713, Pentalty 0.4937, loss 0.4278
Epoch 4, Batch 537/633, Grad Norms near zero: 12, Lx 0.3065, Lu 0.0640, Pentalty 0.4719, loss 0.4177
Epoch 4, Batch 538/633, Grad Norms near zero: 12, Lx 0.3062, Lu 0.0553, Pentalty 0.5581, loss 0.4174
Epoch 4, Batch 539/633, Grad Norms near zero: 12, Lx 0.3451, Lu 0.0653, Pentalty 0.5159, loss 0.4620
Epoch 4, Batch 540/633, Grad Norms near zero: 12, Lx 0.2443, Lu 0.0341, Pentalty 0.5857, loss 0.3369
Epoch 4, Batch 541/633, Grad Norms near zero: 12, Lx 0.1326, Lu 0.0106, Pentalty 0.8083, loss 0.2241
Epoch 4, Batch 542/633, Grad Norms near zero: 12, Lx 0.3743, Lu 0.0937, Pentalty 0.4279, loss 0.5108
Epoch 4, Batch 543/633, Grad Norms near zero: 12, Lx 0.2972, Lu 0.0305, Pentalty 0.5402, loss 0.3816
Epoch 4, Batch 544/633, Grad Norms near zero: 12, Lx 0.1925, Lu 0.0294, Pentalty 0.6085, loss 0.2827
Epoch 4, Batch 545/633, Grad Norms near zero: 12, Lx 0.1505, Lu 0.0231, Pentalty 0.6677, loss 0.2404
Epoch 4, Batch 546/633, Grad Norms near zero: 12, Lx 0.3125, Lu 0.0755, Pentalty 0.4351, loss 0.4315
Epoch 4, Batch 547/633, Grad Norms near zero: 12, Lx 0.3585, Lu 0.0752, Pentalty 0.4418, loss 0.4778
Epoch 4, Batch 548/633, Grad Norms near zero: 12, Lx 0.3147, Lu 0.0910, Pentalty 0.4370, loss 0.4494
Epoch 4, Batch 549/633, Grad Norms near zero: 12, Lx 0.0988, Lu 0.0123, Pentalty 0.8109, loss 0.1922
Epoch 4, Batch 550/633, Grad Norms near zero: 12, Lx 0.2284, Lu 0.0404, Pentalty 0.5769, loss 0.3264
Epoch 4, Batch 551/633, Grad Norms near zero: 12, Lx 0.2379, Lu 0.0314, Pentalty 0.6583, loss 0.3351
Epoch 4, Batch 552/633, Grad Norms near zero: 12, Lx 0.3740, Lu 0.0618, Pentalty 0.5503, loss 0.4908
Epoch 4, Batch 553/633, Grad Norms near zero: 12, Lx 0.3842, Lu 0.0878, Pentalty 0.5445, loss 0.5265
Epoch 4, Batch 554/633, Grad Norms near zero: 12, Lx 0.1984, Lu 0.0286, Pentalty 0.6220, loss 0.2892
Epoch 4, Batch 555/633, Grad Norms near zero: 12, Lx 0.2446, Lu 0.0317, Pentalty 0.5890, loss 0.3352
Epoch 4, Batch 556/633, Grad Norms near zero: 12, Lx 0.2838, Lu 0.0543, Pentalty 0.5223, loss 0.3903
Epoch 4, Batch 557/633, Grad Norms near zero: 12, Lx 0.3515, Lu 0.0978, Pentalty 0.4667, loss 0.4960
Epoch 4, Batch 558/633, Grad Norms near zero: 12, Lx 0.2100, Lu 0.0270, Pentalty 0.6165, loss 0.2987
Epoch 4, Batch 559/633, Grad Norms near zero: 12, Lx 0.2924, Lu 0.0640, Pentalty 0.4353, loss 0.4000
Epoch 4, Batch 560/633, Grad Norms near zero: 12, Lx 0.2748, Lu 0.0504, Pentalty 0.4461, loss 0.3698
Epoch 4, Batch 561/633, Grad Norms near zero: 12, Lx 0.2861, Lu 0.0565, Pentalty 0.4386, loss 0.3865
Epoch 4, Batch 562/633, Grad Norms near zero: 12, Lx 0.2464, Lu 0.0383, Pentalty 0.5190, loss 0.3366
Epoch 4, Batch 563/633, Grad Norms near zero: 12, Lx 0.3100, Lu 0.0958, Pentalty 0.4175, loss 0.4475
Epoch 4, Batch 564/633, Grad Norms near zero: 12, Lx 0.3058, Lu 0.0561, Pentalty 0.4561, loss 0.4075
Epoch 4, Batch 565/633, Grad Norms near zero: 12, Lx 0.2002, Lu 0.0340, Pentalty 0.6015, loss 0.2943
Epoch 4, Batch 566/633, Grad Norms near zero: 12, Lx 0.2099, Lu 0.0379, Pentalty 0.5676, loss 0.3045
Epoch 4, Batch 567/633, Grad Norms near zero: 12, Lx 0.3527, Lu 0.0951, Pentalty 0.4639, loss 0.4942
Epoch 4, Batch 568/633, Grad Norms near zero: 12, Lx 0.2694, Lu 0.0656, Pentalty 0.5130, loss 0.3863
Epoch 4, Batch 569/633, Grad Norms near zero: 12, Lx 0.2712, Lu 0.0698, Pentalty 0.5045, loss 0.3914
Epoch 4, Batch 570/633, Grad Norms near zero: 12, Lx 0.2519, Lu 0.0480, Pentalty 0.5855, loss 0.3585
Epoch 4, Batch 571/633, Grad Norms near zero: 12, Lx 0.4135, Lu 0.0976, Pentalty 0.5138, loss 0.5625
Epoch 4, Batch 572/633, Grad Norms near zero: 12, Lx 0.3156, Lu 0.0529, Pentalty 0.5424, loss 0.4227
Epoch 4, Batch 573/633, Grad Norms near zero: 12, Lx 0.2408, Lu 0.0273, Pentalty 0.6844, loss 0.3365
Epoch 4, Batch 574/633, Grad Norms near zero: 12, Lx 0.2261, Lu 0.0279, Pentalty 0.6709, loss 0.3211
Epoch 4, Batch 575/633, Grad Norms near zero: 12, Lx 0.2589, Lu 0.0347, Pentalty 0.5494, loss 0.3485
Epoch 4, Batch 576/633, Grad Norms near zero: 12, Lx 0.2556, Lu 0.0456, Pentalty 0.5383, loss 0.3550
Epoch 4, Batch 577/633, Grad Norms near zero: 12, Lx 0.3956, Lu 0.0760, Pentalty 0.4880, loss 0.5205
Epoch 4, Batch 578/633, Grad Norms near zero: 12, Lx 0.2590, Lu 0.0677, Pentalty 0.4031, loss 0.3671
Epoch 4, Batch 579/633, Grad Norms near zero: 12, Lx 0.3179, Lu 0.0906, Pentalty 0.3784, loss 0.4464
Epoch 4, Batch 580/633, Grad Norms near zero: 12, Lx 0.3075, Lu 0.0828, Pentalty 0.4689, loss 0.4372
Epoch 4, Batch 581/633, Grad Norms near zero: 13, Lx 0.1572, Lu 0.0183, Pentalty 0.6829, loss 0.2438
Epoch 4, Batch 582/633, Grad Norms near zero: 12, Lx 0.3107, Lu 0.0489, Pentalty 0.4806, loss 0.4077
Epoch 4, Batch 583/633, Grad Norms near zero: 12, Lx 0.2026, Lu 0.0238, Pentalty 0.6268, loss 0.2890
Epoch 4, Batch 584/633, Grad Norms near zero: 12, Lx 0.3194, Lu 0.0742, Pentalty 0.4500, loss 0.4386
Epoch 4, Batch 585/633, Grad Norms near zero: 12, Lx 0.2996, Lu 0.0496, Pentalty 0.4789, loss 0.3971
Epoch 4, Batch 586/633, Grad Norms near zero: 12, Lx 0.2863, Lu 0.0741, Pentalty 0.5034, loss 0.4107
Epoch 4, Batch 587/633, Grad Norms near zero: 12, Lx 0.2125, Lu 0.0397, Pentalty 0.5125, loss 0.3035
Epoch 4, Batch 588/633, Grad Norms near zero: 12, Lx 0.2585, Lu 0.0521, Pentalty 0.5064, loss 0.3613
Epoch 4, Batch 589/633, Grad Norms near zero: 12, Lx 0.3741, Lu 0.0698, Pentalty 0.4359, loss 0.4875
Epoch 4, Batch 590/633, Grad Norms near zero: 12, Lx 0.1355, Lu 0.0183, Pentalty 0.7144, loss 0.2252
Epoch 4, Batch 591/633, Grad Norms near zero: 12, Lx 0.1874, Lu 0.0212, Pentalty 0.7397, loss 0.2826
Epoch 4, Batch 592/633, Grad Norms near zero: 12, Lx 0.2960, Lu 0.0397, Pentalty 0.5742, loss 0.3931
Epoch 4, Batch 593/633, Grad Norms near zero: 12, Lx 0.2878, Lu 0.0355, Pentalty 0.5677, loss 0.3800
Epoch 4, Batch 594/633, Grad Norms near zero: 12, Lx 0.3595, Lu 0.0668, Pentalty 0.4959, loss 0.4758
Epoch 4, Batch 595/633, Grad Norms near zero: 12, Lx 0.3920, Lu 0.0668, Pentalty 0.4934, loss 0.5082
Epoch 4, Batch 596/633, Grad Norms near zero: 12, Lx 0.1966, Lu 0.0224, Pentalty 0.6891, loss 0.2880
Epoch 4, Batch 597/633, Grad Norms near zero: 12, Lx 0.2097, Lu 0.0249, Pentalty 0.6103, loss 0.2956
Epoch 4, Batch 598/633, Grad Norms near zero: 12, Lx 0.2903, Lu 0.0756, Pentalty 0.3987, loss 0.4057
Epoch 4, Batch 599/633, Grad Norms near zero: 12, Lx 0.3402, Lu 0.0776, Pentalty 0.3840, loss 0.4562
Epoch 4, Batch 600/633, Grad Norms near zero: 12, Lx 0.3421, Lu 0.0634, Pentalty 0.4386, loss 0.4494
Epoch 4, Batch 601/633, Grad Norms near zero: 12, Lx 0.3455, Lu 0.0872, Pentalty 0.3976, loss 0.4724
Epoch 4, Batch 602/633, Grad Norms near zero: 12, Lx 0.3342, Lu 0.0732, Pentalty 0.4292, loss 0.4503
Epoch 4, Batch 603/633, Grad Norms near zero: 12, Lx 0.3223, Lu 0.0854, Pentalty 0.4132, loss 0.4490
Epoch 4, Batch 604/633, Grad Norms near zero: 12, Lx 0.3916, Lu 0.0886, Pentalty 0.4199, loss 0.5222
Epoch 4, Batch 605/633, Grad Norms near zero: 12, Lx 0.3406, Lu 0.0965, Pentalty 0.4105, loss 0.4781
Epoch 4, Batch 606/633, Grad Norms near zero: 12, Lx 0.2681, Lu 0.0477, Pentalty 0.5208, loss 0.3679
Epoch 4, Batch 607/633, Grad Norms near zero: 12, Lx 0.2801, Lu 0.0799, Pentalty 0.4600, loss 0.4060
Epoch 4, Batch 608/633, Grad Norms near zero: 12, Lx 0.3181, Lu 0.0540, Pentalty 0.4818, loss 0.4202
Epoch 4, Batch 609/633, Grad Norms near zero: 12, Lx 0.2508, Lu 0.0480, Pentalty 0.5175, loss 0.3506
Epoch 4, Batch 610/633, Grad Norms near zero: 12, Lx 0.3438, Lu 0.0727, Pentalty 0.4631, loss 0.4628
Epoch 4, Batch 611/633, Grad Norms near zero: 12, Lx 0.2959, Lu 0.0642, Pentalty 0.4983, loss 0.4099
Epoch 4, Batch 612/633, Grad Norms near zero: 12, Lx 0.1918, Lu 0.0181, Pentalty 0.7037, loss 0.2802
Epoch 4, Batch 613/633, Grad Norms near zero: 12, Lx 0.3068, Lu 0.0466, Pentalty 0.5421, loss 0.4076
Epoch 4, Batch 614/633, Grad Norms near zero: 12, Lx 0.3372, Lu 0.0900, Pentalty 0.4737, loss 0.4746
Epoch 4, Batch 615/633, Grad Norms near zero: 12, Lx 0.3188, Lu 0.0525, Pentalty 0.5641, loss 0.4276
Epoch 4, Batch 616/633, Grad Norms near zero: 12, Lx 0.3263, Lu 0.0763, Pentalty 0.4708, loss 0.4496
Epoch 4, Batch 617/633, Grad Norms near zero: 12, Lx 0.1416, Lu 0.0197, Pentalty 0.6767, loss 0.2290
Epoch 4, Batch 618/633, Grad Norms near zero: 12, Lx 0.2149, Lu 0.0648, Pentalty 0.4714, loss 0.3269
Epoch 4, Batch 619/633, Grad Norms near zero: 12, Lx 0.3366, Lu 0.0833, Pentalty 0.4487, loss 0.4648
Epoch 4, Batch 620/633, Grad Norms near zero: 12, Lx 0.3396, Lu 0.0826, Pentalty 0.4867, loss 0.4709
Epoch 4, Batch 621/633, Grad Norms near zero: 12, Lx 0.2463, Lu 0.0429, Pentalty 0.5209, loss 0.3413
Epoch 4, Batch 622/633, Grad Norms near zero: 12, Lx 0.2471, Lu 0.0331, Pentalty 0.6308, loss 0.3433
Epoch 4, Batch 623/633, Grad Norms near zero: 12, Lx 0.2473, Lu 0.0406, Pentalty 0.5642, loss 0.3443
Epoch 4, Batch 624/633, Grad Norms near zero: 12, Lx 0.2978, Lu 0.0481, Pentalty 0.5614, loss 0.4021
Epoch 4, Batch 625/633, Grad Norms near zero: 12, Lx 0.1652, Lu 0.0218, Pentalty 0.6729, loss 0.2543
Epoch 4, Batch 626/633, Grad Norms near zero: 12, Lx 0.2983, Lu 0.0509, Pentalty 0.5756, loss 0.4068
Epoch 4, Batch 627/633, Grad Norms near zero: 12, Lx 0.2040, Lu 0.0230, Pentalty 0.7309, loss 0.3001
Epoch 4, Batch 628/633, Grad Norms near zero: 12, Lx 0.2722, Lu 0.0663, Pentalty 0.5157, loss 0.3900
Epoch 4, Batch 629/633, Grad Norms near zero: 12, Lx 0.1611, Lu 0.0182, Pentalty 0.7266, loss 0.2519
Epoch 4, Batch 630/633, Grad Norms near zero: 12, Lx 0.2281, Lu 0.0349, Pentalty 0.5960, loss 0.3227
Epoch 4, Batch 631/633, Grad Norms near zero: 12, Lx 0.3453, Lu 0.0922, Pentalty 0.4690, loss 0.4845
Epoch 4, Batch 632/633, Grad Norms near zero: 12, Lx 0.2470, Lu 0.0325, Pentalty 0.5472, loss 0.3341
Epoch 4, Batch 633/633, Grad Norms near zero: 12, Lx 0.2012, Lu 0.0010, Pentalty 0.6464, loss 0.2668
Evaluating models at epoch 4
Test data size: 10000
Epoch: 4, Test Accuracy: 0.4961, Test F1 Score: 0.3290
Evaluating training data at epoch 4 for Model 1
Evaluating training data at epoch 4 for Model 2
Training for Network 1
labelled data size: 19807
unlabelled data size: 20193
Epoch 5, Batch 1/619, Grad Norms near zero: 12, Lx 0.4065, Lu 0.5026, Pentalty 0.4855, loss 0.9576
Epoch 5, Batch 2/619, Grad Norms near zero: 12, Lx 0.3553, Lu 0.2355, Pentalty 0.3526, loss 0.6261
Epoch 5, Batch 3/619, Grad Norms near zero: 12, Lx 0.3389, Lu 0.1405, Pentalty 0.3014, loss 0.5096
Epoch 5, Batch 4/619, Grad Norms near zero: 13, Lx 0.2912, Lu 0.1579, Pentalty 0.4150, loss 0.4905
Epoch 5, Batch 5/619, Grad Norms near zero: 12, Lx 0.2500, Lu 0.2618, Pentalty 0.5189, loss 0.5637
Epoch 5, Batch 6/619, Grad Norms near zero: 13, Lx 0.3855, Lu 0.2170, Pentalty 0.3768, loss 0.6402
Epoch 5, Batch 7/619, Grad Norms near zero: 13, Lx 0.3576, Lu 0.2309, Pentalty 0.2786, loss 0.6163
Epoch 5, Batch 8/619, Grad Norms near zero: 12, Lx 0.3730, Lu 0.1477, Pentalty 0.3828, loss 0.5590
Epoch 5, Batch 9/619, Grad Norms near zero: 12, Lx 0.2458, Lu 0.0528, Pentalty 0.5173, loss 0.3503
Epoch 5, Batch 10/619, Grad Norms near zero: 12, Lx 0.4644, Lu 0.4095, Pentalty 0.3664, loss 0.9106
Epoch 5, Batch 11/619, Grad Norms near zero: 12, Lx 0.4205, Lu 0.1789, Pentalty 0.4274, loss 0.6421
Epoch 5, Batch 12/619, Grad Norms near zero: 13, Lx 0.3509, Lu 0.1739, Pentalty 0.4423, loss 0.5690
Epoch 5, Batch 13/619, Grad Norms near zero: 13, Lx 0.4511, Lu 0.2668, Pentalty 0.3816, loss 0.7561
Epoch 5, Batch 14/619, Grad Norms near zero: 13, Lx 0.3743, Lu 0.2346, Pentalty 0.3999, loss 0.6489
Epoch 5, Batch 15/619, Grad Norms near zero: 13, Lx 0.2817, Lu 0.0951, Pentalty 0.4263, loss 0.4194
Epoch 5, Batch 16/619, Grad Norms near zero: 12, Lx 0.2791, Lu 0.3356, Pentalty 0.4652, loss 0.6612
Epoch 5, Batch 17/619, Grad Norms near zero: 12, Lx 0.2778, Lu 0.3077, Pentalty 0.4651, loss 0.6320
Epoch 5, Batch 18/619, Grad Norms near zero: 12, Lx 0.3939, Lu 0.3795, Pentalty 0.3721, loss 0.8106
Epoch 5, Batch 19/619, Grad Norms near zero: 12, Lx 0.3236, Lu 0.3936, Pentalty 0.4271, loss 0.7599
Epoch 5, Batch 20/619, Grad Norms near zero: 12, Lx 0.4589, Lu 0.2516, Pentalty 0.3461, loss 0.7451
Epoch 5, Batch 21/619, Grad Norms near zero: 12, Lx 0.4415, Lu 0.2038, Pentalty 0.2779, loss 0.6731
Epoch 5, Batch 22/619, Grad Norms near zero: 12, Lx 0.3548, Lu 0.4989, Pentalty 0.3138, loss 0.8851
Epoch 5, Batch 23/619, Grad Norms near zero: 12, Lx 0.4615, Lu 0.3977, Pentalty 0.1732, loss 0.8765
Epoch 5, Batch 24/619, Grad Norms near zero: 12, Lx 0.4078, Lu 0.2117, Pentalty 0.2896, loss 0.6485
Epoch 5, Batch 25/619, Grad Norms near zero: 12, Lx 0.4534, Lu 0.4899, Pentalty 0.2341, loss 0.9667
Epoch 5, Batch 26/619, Grad Norms near zero: 12, Lx 0.4558, Lu 0.4614, Pentalty 0.2992, loss 0.9471
Epoch 5, Batch 27/619, Grad Norms near zero: 12, Lx 0.3135, Lu 0.2722, Pentalty 0.3926, loss 0.6250
Epoch 5, Batch 28/619, Grad Norms near zero: 12, Lx 0.3017, Lu 0.0895, Pentalty 0.4150, loss 0.4327
Epoch 5, Batch 29/619, Grad Norms near zero: 12, Lx 0.3662, Lu 0.1542, Pentalty 0.3919, loss 0.5596
Epoch 5, Batch 30/619, Grad Norms near zero: 12, Lx 0.3247, Lu 0.1344, Pentalty 0.4625, loss 0.5054
Epoch 5, Batch 31/619, Grad Norms near zero: 12, Lx 0.3358, Lu 0.1143, Pentalty 0.4962, loss 0.4997
Epoch 5, Batch 32/619, Grad Norms near zero: 12, Lx 0.3133, Lu 0.1052, Pentalty 0.5476, loss 0.4733
Epoch 5, Batch 33/619, Grad Norms near zero: 12, Lx 0.4239, Lu 0.4717, Pentalty 0.5102, loss 0.9466
Epoch 5, Batch 34/619, Grad Norms near zero: 13, Lx 0.2336, Lu 0.0711, Pentalty 0.4965, loss 0.3543
Epoch 5, Batch 35/619, Grad Norms near zero: 12, Lx 0.2911, Lu 0.0652, Pentalty 0.5656, loss 0.4129
Epoch 5, Batch 36/619, Grad Norms near zero: 12, Lx 0.3206, Lu 0.1994, Pentalty 0.5117, loss 0.5711
Epoch 5, Batch 37/619, Grad Norms near zero: 12, Lx 0.2894, Lu 0.1819, Pentalty 0.5666, loss 0.5279
Epoch 5, Batch 38/619, Grad Norms near zero: 13, Lx 0.4353, Lu 0.1229, Pentalty 0.4357, loss 0.6018
Epoch 5, Batch 39/619, Grad Norms near zero: 12, Lx 0.4257, Lu 0.2908, Pentalty 0.5121, loss 0.7677
Epoch 5, Batch 40/619, Grad Norms near zero: 13, Lx 0.3953, Lu 0.1701, Pentalty 0.4259, loss 0.6080
Epoch 5, Batch 41/619, Grad Norms near zero: 12, Lx 0.3436, Lu 0.1681, Pentalty 0.4201, loss 0.5538
Epoch 5, Batch 42/619, Grad Norms near zero: 13, Lx 0.2925, Lu 0.0918, Pentalty 0.4122, loss 0.4255
Epoch 5, Batch 43/619, Grad Norms near zero: 12, Lx 0.3364, Lu 0.0981, Pentalty 0.4286, loss 0.4773
Epoch 5, Batch 44/619, Grad Norms near zero: 12, Lx 0.4432, Lu 0.2332, Pentalty 0.3286, loss 0.7093
Epoch 5, Batch 45/619, Grad Norms near zero: 12, Lx 0.2670, Lu 0.0699, Pentalty 0.4345, loss 0.3803
Epoch 5, Batch 46/619, Grad Norms near zero: 12, Lx 0.5107, Lu 0.3540, Pentalty 0.3755, loss 0.9023
Epoch 5, Batch 47/619, Grad Norms near zero: 12, Lx 0.2710, Lu 0.1120, Pentalty 0.3614, loss 0.4191
Epoch 5, Batch 48/619, Grad Norms near zero: 12, Lx 0.3831, Lu 0.3571, Pentalty 0.2974, loss 0.7699
Epoch 5, Batch 49/619, Grad Norms near zero: 12, Lx 0.3532, Lu 0.2633, Pentalty 0.3242, loss 0.6490
Epoch 5, Batch 50/619, Grad Norms near zero: 12, Lx 0.3290, Lu 0.2026, Pentalty 0.3663, loss 0.5682
Epoch 5, Batch 51/619, Grad Norms near zero: 12, Lx 0.5007, Lu 0.4466, Pentalty 0.3530, loss 0.9826
Epoch 5, Batch 52/619, Grad Norms near zero: 12, Lx 0.2736, Lu 0.0926, Pentalty 0.3635, loss 0.4026
Epoch 5, Batch 53/619, Grad Norms near zero: 12, Lx 0.3181, Lu 0.1466, Pentalty 0.3711, loss 0.5018
Epoch 5, Batch 54/619, Grad Norms near zero: 12, Lx 0.2962, Lu 0.1097, Pentalty 0.3775, loss 0.4436
Epoch 5, Batch 55/619, Grad Norms near zero: 12, Lx 0.1737, Lu 0.0488, Pentalty 0.4778, loss 0.2703
Epoch 5, Batch 56/619, Grad Norms near zero: 12, Lx 0.2561, Lu 0.1180, Pentalty 0.4057, loss 0.4146
Epoch 5, Batch 57/619, Grad Norms near zero: 12, Lx 0.4947, Lu 0.3515, Pentalty 0.3751, loss 0.8837
Epoch 5, Batch 58/619, Grad Norms near zero: 12, Lx 0.3548, Lu 0.3191, Pentalty 0.4834, loss 0.7222
Epoch 5, Batch 59/619, Grad Norms near zero: 12, Lx 0.3529, Lu 0.2182, Pentalty 0.4709, loss 0.6182
Epoch 5, Batch 60/619, Grad Norms near zero: 12, Lx 0.4530, Lu 0.1714, Pentalty 0.3971, loss 0.6641
Epoch 5, Batch 61/619, Grad Norms near zero: 12, Lx 0.3844, Lu 0.2172, Pentalty 0.4253, loss 0.6442
Epoch 5, Batch 62/619, Grad Norms near zero: 12, Lx 0.4218, Lu 0.3177, Pentalty 0.4677, loss 0.7862
Epoch 5, Batch 63/619, Grad Norms near zero: 13, Lx 0.4442, Lu 0.2438, Pentalty 0.3513, loss 0.7232
Epoch 5, Batch 64/619, Grad Norms near zero: 12, Lx 0.2067, Lu 0.1474, Pentalty 0.4245, loss 0.3966
Epoch 5, Batch 65/619, Grad Norms near zero: 12, Lx 0.2695, Lu 0.0770, Pentalty 0.4419, loss 0.3907
Epoch 5, Batch 66/619, Grad Norms near zero: 12, Lx 0.1446, Lu 0.0633, Pentalty 0.5488, loss 0.2628
Epoch 5, Batch 67/619, Grad Norms near zero: 12, Lx 0.4378, Lu 0.1403, Pentalty 0.4046, loss 0.6186
Epoch 5, Batch 68/619, Grad Norms near zero: 13, Lx 0.2695, Lu 0.0458, Pentalty 0.5370, loss 0.3690
Epoch 5, Batch 69/619, Grad Norms near zero: 12, Lx 0.3541, Lu 0.1031, Pentalty 0.4467, loss 0.5019
Epoch 5, Batch 70/619, Grad Norms near zero: 12, Lx 0.2741, Lu 0.1625, Pentalty 0.5658, loss 0.4932
Epoch 5, Batch 71/619, Grad Norms near zero: 12, Lx 0.3891, Lu 0.4533, Pentalty 0.5363, loss 0.8960
Epoch 5, Batch 72/619, Grad Norms near zero: 13, Lx 0.2618, Lu 0.1995, Pentalty 0.5052, loss 0.5118
Epoch 5, Batch 73/619, Grad Norms near zero: 12, Lx 0.3109, Lu 0.0852, Pentalty 0.5272, loss 0.4488
Epoch 5, Batch 74/619, Grad Norms near zero: 13, Lx 0.4078, Lu 0.2604, Pentalty 0.3588, loss 0.7040
Epoch 5, Batch 75/619, Grad Norms near zero: 12, Lx 0.4049, Lu 0.1589, Pentalty 0.5187, loss 0.6156
Epoch 5, Batch 76/619, Grad Norms near zero: 12, Lx 0.4909, Lu 0.3578, Pentalty 0.3448, loss 0.8832
Epoch 5, Batch 77/619, Grad Norms near zero: 12, Lx 0.2905, Lu 0.1892, Pentalty 0.4315, loss 0.5228
Epoch 5, Batch 78/619, Grad Norms near zero: 12, Lx 0.2315, Lu 0.0863, Pentalty 0.4805, loss 0.3658
Epoch 5, Batch 79/619, Grad Norms near zero: 12, Lx 0.2706, Lu 0.1130, Pentalty 0.4349, loss 0.4270
Epoch 5, Batch 80/619, Grad Norms near zero: 12, Lx 0.3051, Lu 0.2129, Pentalty 0.3738, loss 0.5554
Epoch 5, Batch 81/619, Grad Norms near zero: 12, Lx 0.3666, Lu 0.1719, Pentalty 0.3868, loss 0.5771
Epoch 5, Batch 82/619, Grad Norms near zero: 12, Lx 0.3801, Lu 0.1859, Pentalty 0.3332, loss 0.5993
Epoch 5, Batch 83/619, Grad Norms near zero: 12, Lx 0.4226, Lu 0.2701, Pentalty 0.4153, loss 0.7343
Epoch 5, Batch 84/619, Grad Norms near zero: 12, Lx 0.3496, Lu 0.1453, Pentalty 0.4150, loss 0.5364
Epoch 5, Batch 85/619, Grad Norms near zero: 13, Lx 0.3963, Lu 0.1555, Pentalty 0.3673, loss 0.5885
Epoch 5, Batch 86/619, Grad Norms near zero: 12, Lx 0.4581, Lu 0.3856, Pentalty 0.3437, loss 0.8781
Epoch 5, Batch 87/619, Grad Norms near zero: 12, Lx 0.3953, Lu 0.1790, Pentalty 0.4592, loss 0.6202
Epoch 5, Batch 88/619, Grad Norms near zero: 12, Lx 0.2793, Lu 0.3639, Pentalty 0.5411, loss 0.6973
Epoch 5, Batch 89/619, Grad Norms near zero: 12, Lx 0.3571, Lu 0.3270, Pentalty 0.4166, loss 0.7257
Epoch 5, Batch 90/619, Grad Norms near zero: 12, Lx 0.2817, Lu 0.1500, Pentalty 0.4116, loss 0.4728
Epoch 5, Batch 91/619, Grad Norms near zero: 12, Lx 0.3433, Lu 0.2070, Pentalty 0.4365, loss 0.5940
Epoch 5, Batch 92/619, Grad Norms near zero: 12, Lx 0.4128, Lu 0.1910, Pentalty 0.3697, loss 0.6408
Epoch 5, Batch 93/619, Grad Norms near zero: 12, Lx 0.3766, Lu 0.1617, Pentalty 0.4203, loss 0.5803
Epoch 5, Batch 94/619, Grad Norms near zero: 12, Lx 0.2646, Lu 0.3169, Pentalty 0.3865, loss 0.6202
Epoch 5, Batch 95/619, Grad Norms near zero: 12, Lx 0.3337, Lu 0.2068, Pentalty 0.4258, loss 0.5830
Epoch 5, Batch 96/619, Grad Norms near zero: 12, Lx 0.2911, Lu 0.1324, Pentalty 0.3738, loss 0.4609
Epoch 5, Batch 97/619, Grad Norms near zero: 12, Lx 0.2233, Lu 0.1563, Pentalty 0.3605, loss 0.4156
Epoch 5, Batch 98/619, Grad Norms near zero: 12, Lx 0.4123, Lu 0.2342, Pentalty 0.2709, loss 0.6736
Epoch 5, Batch 99/619, Grad Norms near zero: 12, Lx 0.3769, Lu 0.3479, Pentalty 0.3993, loss 0.7647
Epoch 5, Batch 100/619, Grad Norms near zero: 12, Lx 0.3092, Lu 0.1266, Pentalty 0.3818, loss 0.4740
Epoch 5, Batch 101/619, Grad Norms near zero: 12, Lx 0.3258, Lu 0.1100, Pentalty 0.3851, loss 0.4743
Epoch 5, Batch 102/619, Grad Norms near zero: 12, Lx 0.4536, Lu 0.2282, Pentalty 0.3603, loss 0.7179
Epoch 5, Batch 103/619, Grad Norms near zero: 12, Lx 0.4495, Lu 0.4642, Pentalty 0.2712, loss 0.9409
Epoch 5, Batch 104/619, Grad Norms near zero: 12, Lx 0.3028, Lu 0.0974, Pentalty 0.4042, loss 0.4406
Epoch 5, Batch 105/619, Grad Norms near zero: 12, Lx 0.2640, Lu 0.1082, Pentalty 0.4065, loss 0.4129
Epoch 5, Batch 106/619, Grad Norms near zero: 12, Lx 0.3780, Lu 0.1391, Pentalty 0.3375, loss 0.5509
Epoch 5, Batch 107/619, Grad Norms near zero: 12, Lx 0.1854, Lu 0.0440, Pentalty 0.5555, loss 0.2849
Epoch 5, Batch 108/619, Grad Norms near zero: 12, Lx 0.3464, Lu 0.2421, Pentalty 0.3578, loss 0.6243
Epoch 5, Batch 109/619, Grad Norms near zero: 12, Lx 0.3022, Lu 0.1371, Pentalty 0.3872, loss 0.4781
Epoch 5, Batch 110/619, Grad Norms near zero: 12, Lx 0.3345, Lu 0.0798, Pentalty 0.5079, loss 0.4651
Epoch 5, Batch 111/619, Grad Norms near zero: 12, Lx 0.3972, Lu 0.3075, Pentalty 0.5482, loss 0.7595
Epoch 5, Batch 112/619, Grad Norms near zero: 12, Lx 0.3936, Lu 0.1302, Pentalty 0.5863, loss 0.5824
Epoch 5, Batch 113/619, Grad Norms near zero: 12, Lx 0.4511, Lu 0.4088, Pentalty 0.5958, loss 0.9195
Epoch 5, Batch 114/619, Grad Norms near zero: 12, Lx 0.4080, Lu 0.2442, Pentalty 0.4277, loss 0.6950
Epoch 5, Batch 115/619, Grad Norms near zero: 12, Lx 0.3730, Lu 0.1105, Pentalty 0.5306, loss 0.5366
Epoch 5, Batch 116/619, Grad Norms near zero: 12, Lx 0.3057, Lu 0.1036, Pentalty 0.5490, loss 0.4642
Epoch 5, Batch 117/619, Grad Norms near zero: 12, Lx 0.3831, Lu 0.1643, Pentalty 0.4648, loss 0.5938
Epoch 5, Batch 118/619, Grad Norms near zero: 12, Lx 0.3137, Lu 0.0893, Pentalty 0.5237, loss 0.4554
Epoch 5, Batch 119/619, Grad Norms near zero: 12, Lx 0.4336, Lu 0.1853, Pentalty 0.3107, loss 0.6499
Epoch 5, Batch 120/619, Grad Norms near zero: 12, Lx 0.3970, Lu 0.2037, Pentalty 0.3644, loss 0.6371
Epoch 5, Batch 121/619, Grad Norms near zero: 12, Lx 0.3293, Lu 0.1639, Pentalty 0.3590, loss 0.5291
Epoch 5, Batch 122/619, Grad Norms near zero: 12, Lx 0.3827, Lu 0.1485, Pentalty 0.3990, loss 0.5712
Epoch 5, Batch 123/619, Grad Norms near zero: 12, Lx 0.4636, Lu 0.3107, Pentalty 0.2850, loss 0.8028
Epoch 5, Batch 124/619, Grad Norms near zero: 12, Lx 0.3458, Lu 0.1561, Pentalty 0.3393, loss 0.5358
Epoch 5, Batch 125/619, Grad Norms near zero: 12, Lx 0.3520, Lu 0.1652, Pentalty 0.3560, loss 0.5527
Epoch 5, Batch 126/619, Grad Norms near zero: 12, Lx 0.3375, Lu 0.1650, Pentalty 0.3470, loss 0.5372
Epoch 5, Batch 127/619, Grad Norms near zero: 12, Lx 0.4544, Lu 0.3161, Pentalty 0.3178, loss 0.8023
Epoch 5, Batch 128/619, Grad Norms near zero: 12, Lx 0.3378, Lu 0.1805, Pentalty 0.3479, loss 0.5531
Epoch 5, Batch 129/619, Grad Norms near zero: 12, Lx 0.3518, Lu 0.1472, Pentalty 0.3524, loss 0.5343
Epoch 5, Batch 130/619, Grad Norms near zero: 12, Lx 0.3225, Lu 0.2598, Pentalty 0.3767, loss 0.6200
Epoch 5, Batch 131/619, Grad Norms near zero: 12, Lx 0.3223, Lu 0.1933, Pentalty 0.4078, loss 0.5563
Epoch 5, Batch 132/619, Grad Norms near zero: 12, Lx 0.3416, Lu 0.1016, Pentalty 0.4123, loss 0.4844
Epoch 5, Batch 133/619, Grad Norms near zero: 12, Lx 0.3568, Lu 0.2536, Pentalty 0.4229, loss 0.6527
Epoch 5, Batch 134/619, Grad Norms near zero: 12, Lx 0.2325, Lu 0.0455, Pentalty 0.5479, loss 0.3329
Epoch 5, Batch 135/619, Grad Norms near zero: 12, Lx 0.2360, Lu 0.0629, Pentalty 0.5383, loss 0.3527
Epoch 5, Batch 136/619, Grad Norms near zero: 13, Lx 0.2363, Lu 0.0554, Pentalty 0.5295, loss 0.3447
Epoch 5, Batch 137/619, Grad Norms near zero: 13, Lx 0.4269, Lu 0.2000, Pentalty 0.4577, loss 0.6727
Epoch 5, Batch 138/619, Grad Norms near zero: 12, Lx 0.3410, Lu 0.2004, Pentalty 0.5096, loss 0.5924
Epoch 5, Batch 139/619, Grad Norms near zero: 12, Lx 0.2335, Lu 0.0403, Pentalty 0.6034, loss 0.3341
Epoch 5, Batch 140/619, Grad Norms near zero: 12, Lx 0.3684, Lu 0.1093, Pentalty 0.5078, loss 0.5285
Epoch 5, Batch 141/619, Grad Norms near zero: 12, Lx 0.3980, Lu 0.1439, Pentalty 0.3766, loss 0.5796
Epoch 5, Batch 142/619, Grad Norms near zero: 13, Lx 0.3427, Lu 0.1047, Pentalty 0.4343, loss 0.4909
Epoch 5, Batch 143/619, Grad Norms near zero: 12, Lx 0.3308, Lu 0.1590, Pentalty 0.4673, loss 0.5365
Epoch 5, Batch 144/619, Grad Norms near zero: 12, Lx 0.3969, Lu 0.3361, Pentalty 0.4945, loss 0.7825
Epoch 5, Batch 145/619, Grad Norms near zero: 12, Lx 0.2651, Lu 0.0795, Pentalty 0.4625, loss 0.3908
Epoch 5, Batch 146/619, Grad Norms near zero: 12, Lx 0.2975, Lu 0.1310, Pentalty 0.4703, loss 0.4755
Epoch 5, Batch 147/619, Grad Norms near zero: 13, Lx 0.3934, Lu 0.1435, Pentalty 0.3207, loss 0.5689
Epoch 5, Batch 148/619, Grad Norms near zero: 13, Lx 0.3906, Lu 0.1552, Pentalty 0.4080, loss 0.5866
Epoch 5, Batch 149/619, Grad Norms near zero: 12, Lx 0.3386, Lu 0.1223, Pentalty 0.4776, loss 0.5087
Epoch 5, Batch 150/619, Grad Norms near zero: 13, Lx 0.4338, Lu 0.1324, Pentalty 0.4153, loss 0.6077
Epoch 5, Batch 151/619, Grad Norms near zero: 12, Lx 0.1339, Lu 0.1191, Pentalty 0.5268, loss 0.3057
Epoch 5, Batch 152/619, Grad Norms near zero: 12, Lx 0.5738, Lu 0.4940, Pentalty 0.4021, loss 1.1079
Epoch 5, Batch 153/619, Grad Norms near zero: 12, Lx 0.3997, Lu 0.2216, Pentalty 0.4062, loss 0.6620
Epoch 5, Batch 154/619, Grad Norms near zero: 13, Lx 0.4191, Lu 0.1373, Pentalty 0.3807, loss 0.5944
Epoch 5, Batch 155/619, Grad Norms near zero: 12, Lx 0.5193, Lu 0.3213, Pentalty 0.4141, loss 0.8819
Epoch 5, Batch 156/619, Grad Norms near zero: 12, Lx 0.3969, Lu 0.2403, Pentalty 0.3843, loss 0.6756
Epoch 5, Batch 157/619, Grad Norms near zero: 12, Lx 0.4357, Lu 0.1573, Pentalty 0.3713, loss 0.6302
Epoch 5, Batch 158/619, Grad Norms near zero: 12, Lx 0.4332, Lu 0.3098, Pentalty 0.2197, loss 0.7650
Epoch 5, Batch 159/619, Grad Norms near zero: 12, Lx 0.4186, Lu 0.2813, Pentalty 0.2374, loss 0.7236
Epoch 5, Batch 160/619, Grad Norms near zero: 12, Lx 0.2909, Lu 0.2670, Pentalty 0.4041, loss 0.5983
Epoch 5, Batch 161/619, Grad Norms near zero: 12, Lx 0.4607, Lu 0.2607, Pentalty 0.2862, loss 0.7500
Epoch 5, Batch 162/619, Grad Norms near zero: 12, Lx 0.3604, Lu 0.2179, Pentalty 0.2617, loss 0.6044
Epoch 5, Batch 163/619, Grad Norms near zero: 12, Lx 0.3705, Lu 0.2410, Pentalty 0.3687, loss 0.6483
Epoch 5, Batch 164/619, Grad Norms near zero: 12, Lx 0.3731, Lu 0.1560, Pentalty 0.3462, loss 0.5637
Epoch 5, Batch 165/619, Grad Norms near zero: 12, Lx 0.3645, Lu 0.1433, Pentalty 0.3984, loss 0.5477
Epoch 5, Batch 166/619, Grad Norms near zero: 12, Lx 0.3934, Lu 0.5167, Pentalty 0.4160, loss 0.9517
Epoch 5, Batch 167/619, Grad Norms near zero: 12, Lx 0.2624, Lu 0.0489, Pentalty 0.5459, loss 0.3658
Epoch 5, Batch 168/619, Grad Norms near zero: 12, Lx 0.2718, Lu 0.1298, Pentalty 0.4845, loss 0.4501
Epoch 5, Batch 169/619, Grad Norms near zero: 12, Lx 0.3399, Lu 0.0972, Pentalty 0.4479, loss 0.4819
Epoch 5, Batch 170/619, Grad Norms near zero: 12, Lx 0.3372, Lu 0.1700, Pentalty 0.6381, loss 0.5710
Epoch 5, Batch 171/619, Grad Norms near zero: 12, Lx 0.3738, Lu 0.1295, Pentalty 0.4973, loss 0.5530
Epoch 5, Batch 172/619, Grad Norms near zero: 12, Lx 0.2107, Lu 0.0470, Pentalty 0.5541, loss 0.3132
Epoch 5, Batch 173/619, Grad Norms near zero: 12, Lx 0.4418, Lu 0.1389, Pentalty 0.4801, loss 0.6287
Epoch 5, Batch 174/619, Grad Norms near zero: 12, Lx 0.1841, Lu 0.0292, Pentalty 0.6765, loss 0.2809
Epoch 5, Batch 175/619, Grad Norms near zero: 12, Lx 0.3556, Lu 0.0748, Pentalty 0.6469, loss 0.4951
Epoch 5, Batch 176/619, Grad Norms near zero: 12, Lx 0.4368, Lu 0.1513, Pentalty 0.5013, loss 0.6382
Epoch 5, Batch 177/619, Grad Norms near zero: 12, Lx 0.2918, Lu 0.0716, Pentalty 0.5770, loss 0.4211
Epoch 5, Batch 178/619, Grad Norms near zero: 12, Lx 0.3765, Lu 0.0950, Pentalty 0.5260, loss 0.5241
Epoch 5, Batch 179/619, Grad Norms near zero: 12, Lx 0.3651, Lu 0.1264, Pentalty 0.4364, loss 0.5352
Epoch 5, Batch 180/619, Grad Norms near zero: 12, Lx 0.3657, Lu 0.2231, Pentalty 0.4005, loss 0.6289
Epoch 5, Batch 181/619, Grad Norms near zero: 12, Lx 0.3095, Lu 0.1051, Pentalty 0.4626, loss 0.4608
Epoch 5, Batch 182/619, Grad Norms near zero: 12, Lx 0.3838, Lu 0.1859, Pentalty 0.3587, loss 0.6055
Epoch 5, Batch 183/619, Grad Norms near zero: 12, Lx 0.3070, Lu 0.1222, Pentalty 0.4086, loss 0.4700
Epoch 5, Batch 184/619, Grad Norms near zero: 12, Lx 0.3965, Lu 0.3417, Pentalty 0.2843, loss 0.7667
Epoch 5, Batch 185/619, Grad Norms near zero: 12, Lx 0.2518, Lu 0.2028, Pentalty 0.4136, loss 0.4960
Epoch 5, Batch 186/619, Grad Norms near zero: 12, Lx 0.4256, Lu 0.2591, Pentalty 0.3458, loss 0.7193
Epoch 5, Batch 187/619, Grad Norms near zero: 12, Lx 0.2314, Lu 0.0656, Pentalty 0.4216, loss 0.3391
Epoch 5, Batch 188/619, Grad Norms near zero: 12, Lx 0.3644, Lu 0.1734, Pentalty 0.3856, loss 0.5764
Epoch 5, Batch 189/619, Grad Norms near zero: 12, Lx 0.4359, Lu 0.3003, Pentalty 0.3068, loss 0.7669
Epoch 5, Batch 190/619, Grad Norms near zero: 12, Lx 0.2485, Lu 0.1088, Pentalty 0.4488, loss 0.4021
Epoch 5, Batch 191/619, Grad Norms near zero: 12, Lx 0.3447, Lu 0.0989, Pentalty 0.4314, loss 0.4868
Epoch 5, Batch 192/619, Grad Norms near zero: 12, Lx 0.3126, Lu 0.2369, Pentalty 0.3918, loss 0.5887
Epoch 5, Batch 193/619, Grad Norms near zero: 12, Lx 0.2371, Lu 0.0765, Pentalty 0.5005, loss 0.3637
Epoch 5, Batch 194/619, Grad Norms near zero: 12, Lx 0.3913, Lu 0.3169, Pentalty 0.4192, loss 0.7501
Epoch 5, Batch 195/619, Grad Norms near zero: 12, Lx 0.4351, Lu 0.2057, Pentalty 0.4553, loss 0.6862
Epoch 5, Batch 196/619, Grad Norms near zero: 12, Lx 0.3365, Lu 0.2417, Pentalty 0.4895, loss 0.6271
Epoch 5, Batch 197/619, Grad Norms near zero: 12, Lx 0.3658, Lu 0.1993, Pentalty 0.3343, loss 0.5985
Epoch 5, Batch 198/619, Grad Norms near zero: 12, Lx 0.3283, Lu 0.1398, Pentalty 0.3768, loss 0.5057
Epoch 5, Batch 199/619, Grad Norms near zero: 12, Lx 0.3547, Lu 0.1760, Pentalty 0.3308, loss 0.5637
Epoch 5, Batch 200/619, Grad Norms near zero: 12, Lx 0.4262, Lu 0.3043, Pentalty 0.3059, loss 0.7611
Epoch 5, Batch 201/619, Grad Norms near zero: 12, Lx 0.3151, Lu 0.2066, Pentalty 0.5218, loss 0.5739
Epoch 5, Batch 202/619, Grad Norms near zero: 12, Lx 0.3515, Lu 0.0893, Pentalty 0.5053, loss 0.4913
Epoch 5, Batch 203/619, Grad Norms near zero: 12, Lx 0.2844, Lu 0.1056, Pentalty 0.4951, loss 0.4395
Epoch 5, Batch 204/619, Grad Norms near zero: 12, Lx 0.3195, Lu 0.1413, Pentalty 0.4100, loss 0.5018
Epoch 5, Batch 205/619, Grad Norms near zero: 12, Lx 0.4229, Lu 0.1977, Pentalty 0.3472, loss 0.6553
Epoch 5, Batch 206/619, Grad Norms near zero: 12, Lx 0.4762, Lu 0.4618, Pentalty 0.4514, loss 0.9832
Epoch 5, Batch 207/619, Grad Norms near zero: 12, Lx 0.3259, Lu 0.1817, Pentalty 0.5791, loss 0.5655
Epoch 5, Batch 208/619, Grad Norms near zero: 12, Lx 0.3001, Lu 0.0659, Pentalty 0.5809, loss 0.4241
Epoch 5, Batch 209/619, Grad Norms near zero: 12, Lx 0.4428, Lu 0.2777, Pentalty 0.4516, loss 0.7656
Epoch 5, Batch 210/619, Grad Norms near zero: 12, Lx 0.4188, Lu 0.4625, Pentalty 0.4129, loss 0.9226
Epoch 5, Batch 211/619, Grad Norms near zero: 12, Lx 0.5722, Lu 0.3484, Pentalty 0.3333, loss 0.9539
Epoch 5, Batch 212/619, Grad Norms near zero: 12, Lx 0.4113, Lu 0.3095, Pentalty 0.4246, loss 0.7633
Epoch 5, Batch 213/619, Grad Norms near zero: 12, Lx 0.3843, Lu 0.2337, Pentalty 0.2512, loss 0.6431
Epoch 5, Batch 214/619, Grad Norms near zero: 12, Lx 0.2417, Lu 0.0986, Pentalty 0.3597, loss 0.3763
Epoch 5, Batch 215/619, Grad Norms near zero: 12, Lx 0.3560, Lu 0.2908, Pentalty 0.2771, loss 0.6745
Epoch 5, Batch 216/619, Grad Norms near zero: 12, Lx 0.3798, Lu 0.1996, Pentalty 0.2348, loss 0.6028
Epoch 5, Batch 217/619, Grad Norms near zero: 12, Lx 0.3786, Lu 0.2780, Pentalty 0.2043, loss 0.6770
Epoch 5, Batch 218/619, Grad Norms near zero: 12, Lx 0.2898, Lu 0.2996, Pentalty 0.3309, loss 0.6225
Epoch 5, Batch 219/619, Grad Norms near zero: 12, Lx 0.2917, Lu 0.1187, Pentalty 0.3804, loss 0.4485
Epoch 5, Batch 220/619, Grad Norms near zero: 12, Lx 0.3892, Lu 0.1752, Pentalty 0.3386, loss 0.5982
Epoch 5, Batch 221/619, Grad Norms near zero: 12, Lx 0.3976, Lu 0.2221, Pentalty 0.3871, loss 0.6584
Epoch 5, Batch 222/619, Grad Norms near zero: 12, Lx 0.3515, Lu 0.1336, Pentalty 0.4761, loss 0.5327
Epoch 5, Batch 223/619, Grad Norms near zero: 12, Lx 0.3339, Lu 0.1013, Pentalty 0.5845, loss 0.4937
Epoch 5, Batch 224/619, Grad Norms near zero: 12, Lx 0.3405, Lu 0.2707, Pentalty 0.3568, loss 0.6468
Epoch 5, Batch 225/619, Grad Norms near zero: 12, Lx 0.2860, Lu 0.0852, Pentalty 0.5775, loss 0.4289
Epoch 5, Batch 226/619, Grad Norms near zero: 12, Lx 0.4229, Lu 0.2634, Pentalty 0.4847, loss 0.7348
Epoch 5, Batch 227/619, Grad Norms near zero: 12, Lx 0.3772, Lu 0.2180, Pentalty 0.5780, loss 0.6530
Epoch 5, Batch 228/619, Grad Norms near zero: 12, Lx 0.4379, Lu 0.2057, Pentalty 0.3241, loss 0.6761
Epoch 5, Batch 229/619, Grad Norms near zero: 12, Lx 0.1783, Lu 0.0299, Pentalty 0.7146, loss 0.2796
Epoch 5, Batch 230/619, Grad Norms near zero: 12, Lx 0.3313, Lu 0.1932, Pentalty 0.5509, loss 0.5796
Epoch 5, Batch 231/619, Grad Norms near zero: 12, Lx 0.4083, Lu 0.2851, Pentalty 0.4960, loss 0.7429
Epoch 5, Batch 232/619, Grad Norms near zero: 12, Lx 0.3561, Lu 0.2080, Pentalty 0.4243, loss 0.6066
Epoch 5, Batch 233/619, Grad Norms near zero: 12, Lx 0.4637, Lu 0.6533, Pentalty 0.4793, loss 1.1649
Epoch 5, Batch 234/619, Grad Norms near zero: 12, Lx 0.3559, Lu 0.2291, Pentalty 0.2290, loss 0.6079
Epoch 5, Batch 235/619, Grad Norms near zero: 12, Lx 0.2838, Lu 0.0556, Pentalty 0.4257, loss 0.3820
Epoch 5, Batch 236/619, Grad Norms near zero: 12, Lx 0.4478, Lu 0.3279, Pentalty 0.2647, loss 0.8021
Epoch 5, Batch 237/619, Grad Norms near zero: 12, Lx 0.2982, Lu 0.1655, Pentalty 0.3000, loss 0.4937
Epoch 5, Batch 238/619, Grad Norms near zero: 12, Lx 0.4073, Lu 0.1990, Pentalty 0.2990, loss 0.6362
Epoch 5, Batch 239/619, Grad Norms near zero: 12, Lx 0.3933, Lu 0.1901, Pentalty 0.2951, loss 0.6129
Epoch 5, Batch 240/619, Grad Norms near zero: 12, Lx 0.4048, Lu 0.2432, Pentalty 0.3080, loss 0.6788
Epoch 5, Batch 241/619, Grad Norms near zero: 12, Lx 0.3431, Lu 0.1182, Pentalty 0.4296, loss 0.5043
Epoch 5, Batch 242/619, Grad Norms near zero: 12, Lx 0.4326, Lu 0.4201, Pentalty 0.3934, loss 0.8921
Epoch 5, Batch 243/619, Grad Norms near zero: 12, Lx 0.1672, Lu 0.0396, Pentalty 0.6041, loss 0.2672
Epoch 5, Batch 244/619, Grad Norms near zero: 12, Lx 0.4141, Lu 0.1764, Pentalty 0.3820, loss 0.6287
Epoch 5, Batch 245/619, Grad Norms near zero: 12, Lx 0.3214, Lu 0.1137, Pentalty 0.4896, loss 0.4841
Epoch 5, Batch 246/619, Grad Norms near zero: 13, Lx 0.3752, Lu 0.1696, Pentalty 0.4020, loss 0.5850
Epoch 5, Batch 247/619, Grad Norms near zero: 12, Lx 0.3866, Lu 0.1873, Pentalty 0.3690, loss 0.6108
Epoch 5, Batch 248/619, Grad Norms near zero: 12, Lx 0.3898, Lu 0.2535, Pentalty 0.3733, loss 0.6806
Epoch 5, Batch 249/619, Grad Norms near zero: 12, Lx 0.2014, Lu 0.0465, Pentalty 0.5254, loss 0.3005
Epoch 5, Batch 250/619, Grad Norms near zero: 13, Lx 0.3176, Lu 0.1336, Pentalty 0.4127, loss 0.4925
Epoch 5, Batch 251/619, Grad Norms near zero: 12, Lx 0.3749, Lu 0.2379, Pentalty 0.5604, loss 0.6689
Epoch 5, Batch 252/619, Grad Norms near zero: 13, Lx 0.2940, Lu 0.1168, Pentalty 0.4212, loss 0.4529
Epoch 5, Batch 253/619, Grad Norms near zero: 13, Lx 0.3669, Lu 0.1127, Pentalty 0.4297, loss 0.5225
Epoch 5, Batch 254/619, Grad Norms near zero: 12, Lx 0.3941, Lu 0.1575, Pentalty 0.4962, loss 0.6012
Epoch 5, Batch 255/619, Grad Norms near zero: 12, Lx 0.4908, Lu 0.3122, Pentalty 0.4044, loss 0.8434
Epoch 5, Batch 256/619, Grad Norms near zero: 12, Lx 0.1988, Lu 0.0785, Pentalty 0.5504, loss 0.3323
Epoch 5, Batch 257/619, Grad Norms near zero: 13, Lx 0.3605, Lu 0.1424, Pentalty 0.4416, loss 0.5470
Epoch 5, Batch 258/619, Grad Norms near zero: 12, Lx 0.1765, Lu 0.1763, Pentalty 0.5572, loss 0.4085
Epoch 5, Batch 259/619, Grad Norms near zero: 12, Lx 0.3206, Lu 0.1246, Pentalty 0.4378, loss 0.4889
Epoch 5, Batch 260/619, Grad Norms near zero: 12, Lx 0.2352, Lu 0.0912, Pentalty 0.5713, loss 0.3835
Epoch 5, Batch 261/619, Grad Norms near zero: 12, Lx 0.1581, Lu 0.0190, Pentalty 0.6639, loss 0.2434
Epoch 5, Batch 262/619, Grad Norms near zero: 13, Lx 0.3942, Lu 0.2610, Pentalty 0.4026, loss 0.6954
Epoch 5, Batch 263/619, Grad Norms near zero: 12, Lx 0.4797, Lu 0.4162, Pentalty 0.3511, loss 0.9310
Epoch 5, Batch 264/619, Grad Norms near zero: 13, Lx 0.3882, Lu 0.1495, Pentalty 0.4278, loss 0.5804
Epoch 5, Batch 265/619, Grad Norms near zero: 12, Lx 0.4320, Lu 0.3613, Pentalty 0.4196, loss 0.8353
Epoch 5, Batch 266/619, Grad Norms near zero: 13, Lx 0.4299, Lu 0.1856, Pentalty 0.3889, loss 0.6544
Epoch 5, Batch 267/619, Grad Norms near zero: 13, Lx 0.3535, Lu 0.1693, Pentalty 0.3377, loss 0.5565
Epoch 5, Batch 268/619, Grad Norms near zero: 13, Lx 0.4113, Lu 0.1673, Pentalty 0.3070, loss 0.6093
Epoch 5, Batch 269/619, Grad Norms near zero: 12, Lx 0.2546, Lu 0.1066, Pentalty 0.4211, loss 0.4033
Epoch 5, Batch 270/619, Grad Norms near zero: 13, Lx 0.3934, Lu 0.2514, Pentalty 0.3447, loss 0.6793
Epoch 5, Batch 271/619, Grad Norms near zero: 12, Lx 0.3400, Lu 0.2169, Pentalty 0.3284, loss 0.5897
Epoch 5, Batch 272/619, Grad Norms near zero: 13, Lx 0.4121, Lu 0.3519, Pentalty 0.2953, loss 0.7935
Epoch 5, Batch 273/619, Grad Norms near zero: 12, Lx 0.3823, Lu 0.2408, Pentalty 0.2837, loss 0.6516
Epoch 5, Batch 274/619, Grad Norms near zero: 12, Lx 0.2579, Lu 0.1208, Pentalty 0.3837, loss 0.4171
Epoch 5, Batch 275/619, Grad Norms near zero: 12, Lx 0.4403, Lu 0.2543, Pentalty 0.4491, loss 0.7394
Epoch 5, Batch 276/619, Grad Norms near zero: 13, Lx 0.3987, Lu 0.1731, Pentalty 0.2713, loss 0.5989
Epoch 5, Batch 277/619, Grad Norms near zero: 12, Lx 0.2758, Lu 0.2014, Pentalty 0.5144, loss 0.5287
Epoch 5, Batch 278/619, Grad Norms near zero: 13, Lx 0.4122, Lu 0.2998, Pentalty 0.3565, loss 0.7477
Epoch 5, Batch 279/619, Grad Norms near zero: 12, Lx 0.2660, Lu 0.1008, Pentalty 0.4166, loss 0.4085
Epoch 5, Batch 280/619, Grad Norms near zero: 12, Lx 0.3567, Lu 0.2632, Pentalty 0.4145, loss 0.6614
Epoch 5, Batch 281/619, Grad Norms near zero: 12, Lx 0.3160, Lu 0.1076, Pentalty 0.4896, loss 0.4725
Epoch 5, Batch 282/619, Grad Norms near zero: 12, Lx 0.5001, Lu 0.2434, Pentalty 0.4909, loss 0.7927
Epoch 5, Batch 283/619, Grad Norms near zero: 13, Lx 0.4384, Lu 0.2350, Pentalty 0.3081, loss 0.7042
Epoch 5, Batch 284/619, Grad Norms near zero: 12, Lx 0.2482, Lu 0.0576, Pentalty 0.5091, loss 0.3567
Epoch 5, Batch 285/619, Grad Norms near zero: 12, Lx 0.4001, Lu 0.2503, Pentalty 0.3159, loss 0.6820
Epoch 5, Batch 286/619, Grad Norms near zero: 12, Lx 0.3689, Lu 0.1631, Pentalty 0.4747, loss 0.5794
Epoch 5, Batch 287/619, Grad Norms near zero: 13, Lx 0.3273, Lu 0.1362, Pentalty 0.3454, loss 0.4981
Epoch 5, Batch 288/619, Grad Norms near zero: 12, Lx 0.4351, Lu 0.3550, Pentalty 0.4475, loss 0.8349
Epoch 5, Batch 289/619, Grad Norms near zero: 13, Lx 0.4056, Lu 0.2133, Pentalty 0.3110, loss 0.6500
Epoch 5, Batch 290/619, Grad Norms near zero: 13, Lx 0.2863, Lu 0.0730, Pentalty 0.4042, loss 0.3997
Epoch 5, Batch 291/619, Grad Norms near zero: 13, Lx 0.4139, Lu 0.1999, Pentalty 0.3031, loss 0.6441
Epoch 5, Batch 292/619, Grad Norms near zero: 12, Lx 0.3751, Lu 0.1675, Pentalty 0.3093, loss 0.5735
Epoch 5, Batch 293/619, Grad Norms near zero: 12, Lx 0.2659, Lu 0.2625, Pentalty 0.3575, loss 0.5641
Epoch 5, Batch 294/619, Grad Norms near zero: 13, Lx 0.4103, Lu 0.2436, Pentalty 0.2913, loss 0.6831
Epoch 5, Batch 295/619, Grad Norms near zero: 12, Lx 0.4347, Lu 0.1509, Pentalty 0.2821, loss 0.6139
Epoch 5, Batch 296/619, Grad Norms near zero: 12, Lx 0.2513, Lu 0.2312, Pentalty 0.4708, loss 0.5296
Epoch 5, Batch 297/619, Grad Norms near zero: 13, Lx 0.3589, Lu 0.1186, Pentalty 0.3468, loss 0.5121
Epoch 5, Batch 298/619, Grad Norms near zero: 12, Lx 0.3505, Lu 0.1232, Pentalty 0.3643, loss 0.5101
Epoch 5, Batch 299/619, Grad Norms near zero: 12, Lx 0.3506, Lu 0.1350, Pentalty 0.3986, loss 0.5255
Epoch 5, Batch 300/619, Grad Norms near zero: 12, Lx 0.3449, Lu 0.1952, Pentalty 0.4075, loss 0.5808
Epoch 5, Batch 301/619, Grad Norms near zero: 12, Lx 0.3239, Lu 0.1324, Pentalty 0.4929, loss 0.5057
Epoch 5, Batch 302/619, Grad Norms near zero: 12, Lx 0.3993, Lu 0.2246, Pentalty 0.4170, loss 0.6656
Epoch 5, Batch 303/619, Grad Norms near zero: 12, Lx 0.3649, Lu 0.2443, Pentalty 0.4216, loss 0.6514
Epoch 5, Batch 304/619, Grad Norms near zero: 12, Lx 0.3544, Lu 0.1045, Pentalty 0.4524, loss 0.5042
Epoch 5, Batch 305/619, Grad Norms near zero: 12, Lx 0.3184, Lu 0.1357, Pentalty 0.3821, loss 0.4923
Epoch 5, Batch 306/619, Grad Norms near zero: 12, Lx 0.4659, Lu 0.3759, Pentalty 0.3658, loss 0.8783
Epoch 5, Batch 307/619, Grad Norms near zero: 12, Lx 0.3879, Lu 0.1743, Pentalty 0.3175, loss 0.5940
Epoch 5, Batch 308/619, Grad Norms near zero: 13, Lx 0.4291, Lu 0.1503, Pentalty 0.3190, loss 0.6113
Epoch 5, Batch 309/619, Grad Norms near zero: 12, Lx 0.2321, Lu 0.0862, Pentalty 0.4637, loss 0.3647
Epoch 5, Batch 310/619, Grad Norms near zero: 12, Lx 0.2960, Lu 0.1774, Pentalty 0.3352, loss 0.5070
Epoch 5, Batch 311/619, Grad Norms near zero: 12, Lx 0.2708, Lu 0.0437, Pentalty 0.5058, loss 0.3651
Epoch 5, Batch 312/619, Grad Norms near zero: 12, Lx 0.3809, Lu 0.3097, Pentalty 0.3401, loss 0.7246
Epoch 5, Batch 313/619, Grad Norms near zero: 12, Lx 0.3819, Lu 0.1762, Pentalty 0.4106, loss 0.5992
Epoch 5, Batch 314/619, Grad Norms near zero: 12, Lx 0.2125, Lu 0.0414, Pentalty 0.5183, loss 0.3057
Epoch 5, Batch 315/619, Grad Norms near zero: 13, Lx 0.3927, Lu 0.2036, Pentalty 0.4346, loss 0.6397
Epoch 5, Batch 316/619, Grad Norms near zero: 12, Lx 0.3274, Lu 0.1593, Pentalty 0.5048, loss 0.5372
Epoch 5, Batch 317/619, Grad Norms near zero: 12, Lx 0.3363, Lu 0.0881, Pentalty 0.4874, loss 0.4732
Epoch 5, Batch 318/619, Grad Norms near zero: 12, Lx 0.3744, Lu 0.1541, Pentalty 0.5434, loss 0.5828
Epoch 5, Batch 319/619, Grad Norms near zero: 12, Lx 0.3537, Lu 0.2396, Pentalty 0.5300, loss 0.6463
Epoch 5, Batch 320/619, Grad Norms near zero: 12, Lx 0.4269, Lu 0.2657, Pentalty 0.5069, loss 0.7434
Epoch 5, Batch 321/619, Grad Norms near zero: 12, Lx 0.3466, Lu 0.2774, Pentalty 0.5634, loss 0.6803
Epoch 5, Batch 322/619, Grad Norms near zero: 12, Lx 0.3523, Lu 0.2053, Pentalty 0.4589, loss 0.6035
Epoch 5, Batch 323/619, Grad Norms near zero: 12, Lx 0.3366, Lu 0.1397, Pentalty 0.5441, loss 0.5307
Epoch 5, Batch 324/619, Grad Norms near zero: 12, Lx 0.2191, Lu 0.0793, Pentalty 0.5951, loss 0.3578
Epoch 5, Batch 325/619, Grad Norms near zero: 12, Lx 0.2805, Lu 0.1262, Pentalty 0.4816, loss 0.4549
Epoch 5, Batch 326/619, Grad Norms near zero: 12, Lx 0.3355, Lu 0.2231, Pentalty 0.4296, loss 0.6016
Epoch 5, Batch 327/619, Grad Norms near zero: 12, Lx 0.2392, Lu 0.1739, Pentalty 0.4272, loss 0.4558
Epoch 5, Batch 328/619, Grad Norms near zero: 12, Lx 0.3915, Lu 0.2649, Pentalty 0.4172, loss 0.6981
Epoch 5, Batch 329/619, Grad Norms near zero: 13, Lx 0.3813, Lu 0.2765, Pentalty 0.3500, loss 0.6928
Epoch 5, Batch 330/619, Grad Norms near zero: 12, Lx 0.3295, Lu 0.1891, Pentalty 0.3957, loss 0.5582
Epoch 5, Batch 331/619, Grad Norms near zero: 12, Lx 0.3669, Lu 0.3164, Pentalty 0.3614, loss 0.7194
Epoch 5, Batch 332/619, Grad Norms near zero: 12, Lx 0.3344, Lu 0.2431, Pentalty 0.3722, loss 0.6147
Epoch 5, Batch 333/619, Grad Norms near zero: 12, Lx 0.3705, Lu 0.0995, Pentalty 0.3246, loss 0.5025
Epoch 5, Batch 334/619, Grad Norms near zero: 12, Lx 0.3992, Lu 0.2127, Pentalty 0.3193, loss 0.6438
Epoch 5, Batch 335/619, Grad Norms near zero: 12, Lx 0.3711, Lu 0.2658, Pentalty 0.3350, loss 0.6704
Epoch 5, Batch 336/619, Grad Norms near zero: 12, Lx 0.2183, Lu 0.0685, Pentalty 0.4603, loss 0.3328
Epoch 5, Batch 337/619, Grad Norms near zero: 12, Lx 0.2825, Lu 0.2792, Pentalty 0.4580, loss 0.6075
Epoch 5, Batch 338/619, Grad Norms near zero: 12, Lx 0.1805, Lu 0.1000, Pentalty 0.4208, loss 0.3226
Epoch 5, Batch 339/619, Grad Norms near zero: 12, Lx 0.2415, Lu 0.0930, Pentalty 0.4124, loss 0.3757
Epoch 5, Batch 340/619, Grad Norms near zero: 12, Lx 0.3562, Lu 0.2438, Pentalty 0.4240, loss 0.6424
Epoch 5, Batch 341/619, Grad Norms near zero: 12, Lx 0.4980, Lu 0.2752, Pentalty 0.4099, loss 0.8142
Epoch 5, Batch 342/619, Grad Norms near zero: 12, Lx 0.2987, Lu 0.0539, Pentalty 0.5591, loss 0.4085
Epoch 5, Batch 343/619, Grad Norms near zero: 12, Lx 0.2942, Lu 0.1310, Pentalty 0.4633, loss 0.4715
Epoch 5, Batch 344/619, Grad Norms near zero: 13, Lx 0.3784, Lu 0.1024, Pentalty 0.4947, loss 0.5302
Epoch 5, Batch 345/619, Grad Norms near zero: 12, Lx 0.4551, Lu 0.2794, Pentalty 0.3983, loss 0.7743
Epoch 5, Batch 346/619, Grad Norms near zero: 12, Lx 0.2694, Lu 0.0903, Pentalty 0.5065, loss 0.4103
Epoch 5, Batch 347/619, Grad Norms near zero: 12, Lx 0.3711, Lu 0.2299, Pentalty 0.4336, loss 0.6444
Epoch 5, Batch 348/619, Grad Norms near zero: 12, Lx 0.3486, Lu 0.2935, Pentalty 0.5606, loss 0.6981
Epoch 5, Batch 349/619, Grad Norms near zero: 12, Lx 0.4742, Lu 0.1492, Pentalty 0.5194, loss 0.6753
Epoch 5, Batch 350/619, Grad Norms near zero: 12, Lx 0.2791, Lu 0.1743, Pentalty 0.5788, loss 0.5113
Epoch 5, Batch 351/619, Grad Norms near zero: 12, Lx 0.3471, Lu 0.1759, Pentalty 0.3972, loss 0.5627
Epoch 5, Batch 352/619, Grad Norms near zero: 12, Lx 0.3274, Lu 0.1435, Pentalty 0.4226, loss 0.5132
Epoch 5, Batch 353/619, Grad Norms near zero: 12, Lx 0.3556, Lu 0.1162, Pentalty 0.4277, loss 0.5145
Epoch 5, Batch 354/619, Grad Norms near zero: 12, Lx 0.2541, Lu 0.1622, Pentalty 0.3798, loss 0.4543
Epoch 5, Batch 355/619, Grad Norms near zero: 12, Lx 0.3010, Lu 0.1769, Pentalty 0.4709, loss 0.5250
Epoch 5, Batch 356/619, Grad Norms near zero: 12, Lx 0.3009, Lu 0.1372, Pentalty 0.4082, loss 0.4790
Epoch 5, Batch 357/619, Grad Norms near zero: 13, Lx 0.4361, Lu 0.2013, Pentalty 0.3395, loss 0.6713
Epoch 5, Batch 358/619, Grad Norms near zero: 13, Lx 0.3364, Lu 0.2419, Pentalty 0.3639, loss 0.6147
Epoch 5, Batch 359/619, Grad Norms near zero: 12, Lx 0.2470, Lu 0.1221, Pentalty 0.4478, loss 0.4138
Epoch 5, Batch 360/619, Grad Norms near zero: 12, Lx 0.3765, Lu 0.2545, Pentalty 0.4314, loss 0.6742
Epoch 5, Batch 361/619, Grad Norms near zero: 12, Lx 0.3983, Lu 0.2095, Pentalty 0.3190, loss 0.6397
Epoch 5, Batch 362/619, Grad Norms near zero: 13, Lx 0.3851, Lu 0.2494, Pentalty 0.3143, loss 0.6660
Epoch 5, Batch 363/619, Grad Norms near zero: 12, Lx 0.2360, Lu 0.2192, Pentalty 0.4647, loss 0.5016
Epoch 5, Batch 364/619, Grad Norms near zero: 12, Lx 0.3508, Lu 0.1542, Pentalty 0.3743, loss 0.5425
Epoch 5, Batch 365/619, Grad Norms near zero: 12, Lx 0.2256, Lu 0.0876, Pentalty 0.4417, loss 0.3573
Epoch 5, Batch 366/619, Grad Norms near zero: 13, Lx 0.3658, Lu 0.1344, Pentalty 0.4010, loss 0.5403
Epoch 5, Batch 367/619, Grad Norms near zero: 12, Lx 0.3444, Lu 0.2179, Pentalty 0.3917, loss 0.6015
Epoch 5, Batch 368/619, Grad Norms near zero: 12, Lx 0.3596, Lu 0.1210, Pentalty 0.3988, loss 0.5205
Epoch 5, Batch 369/619, Grad Norms near zero: 12, Lx 0.2347, Lu 0.0644, Pentalty 0.4903, loss 0.3481
Epoch 5, Batch 370/619, Grad Norms near zero: 13, Lx 0.3032, Lu 0.1540, Pentalty 0.4248, loss 0.4997
Epoch 5, Batch 371/619, Grad Norms near zero: 13, Lx 0.2984, Lu 0.1002, Pentalty 0.4890, loss 0.4474
Epoch 5, Batch 372/619, Grad Norms near zero: 12, Lx 0.2359, Lu 0.1792, Pentalty 0.4673, loss 0.4619
Epoch 5, Batch 373/619, Grad Norms near zero: 13, Lx 0.3610, Lu 0.1799, Pentalty 0.3186, loss 0.5728
Epoch 5, Batch 374/619, Grad Norms near zero: 12, Lx 0.3772, Lu 0.2690, Pentalty 0.4329, loss 0.6895
Epoch 5, Batch 375/619, Grad Norms near zero: 12, Lx 0.4211, Lu 0.2491, Pentalty 0.4105, loss 0.7113
Epoch 5, Batch 376/619, Grad Norms near zero: 12, Lx 0.4200, Lu 0.1524, Pentalty 0.2815, loss 0.6006
Epoch 5, Batch 377/619, Grad Norms near zero: 13, Lx 0.3510, Lu 0.1546, Pentalty 0.3244, loss 0.5380
Epoch 5, Batch 378/619, Grad Norms near zero: 12, Lx 0.3481, Lu 0.2283, Pentalty 0.3517, loss 0.6116
Epoch 5, Batch 379/619, Grad Norms near zero: 12, Lx 0.4364, Lu 0.2600, Pentalty 0.3529, loss 0.7316
Epoch 5, Batch 380/619, Grad Norms near zero: 12, Lx 0.2811, Lu 0.1140, Pentalty 0.3742, loss 0.4325
Epoch 5, Batch 381/619, Grad Norms near zero: 12, Lx 0.4766, Lu 0.2542, Pentalty 0.2736, loss 0.7581
Epoch 5, Batch 382/619, Grad Norms near zero: 12, Lx 0.3793, Lu 0.2492, Pentalty 0.2703, loss 0.6555
Epoch 5, Batch 383/619, Grad Norms near zero: 12, Lx 0.3413, Lu 0.1678, Pentalty 0.3462, loss 0.5438
Epoch 5, Batch 384/619, Grad Norms near zero: 12, Lx 0.3318, Lu 0.1149, Pentalty 0.3769, loss 0.4844
Epoch 5, Batch 385/619, Grad Norms near zero: 12, Lx 0.4869, Lu 0.2286, Pentalty 0.2799, loss 0.7435
Epoch 5, Batch 386/619, Grad Norms near zero: 13, Lx 0.2663, Lu 0.2043, Pentalty 0.4940, loss 0.5201
Epoch 5, Batch 387/619, Grad Norms near zero: 13, Lx 0.2724, Lu 0.0842, Pentalty 0.4653, loss 0.4031
Epoch 5, Batch 388/619, Grad Norms near zero: 12, Lx 0.4019, Lu 0.0994, Pentalty 0.3821, loss 0.5396
Epoch 5, Batch 389/619, Grad Norms near zero: 12, Lx 0.2582, Lu 0.1118, Pentalty 0.4678, loss 0.4168
Epoch 5, Batch 390/619, Grad Norms near zero: 12, Lx 0.3271, Lu 0.2226, Pentalty 0.5474, loss 0.6044
Epoch 5, Batch 391/619, Grad Norms near zero: 12, Lx 0.3220, Lu 0.1550, Pentalty 0.4212, loss 0.5191
Epoch 5, Batch 392/619, Grad Norms near zero: 13, Lx 0.4053, Lu 0.2046, Pentalty 0.3978, loss 0.6496
Epoch 5, Batch 393/619, Grad Norms near zero: 12, Lx 0.4291, Lu 0.0813, Pentalty 0.3899, loss 0.5494
Epoch 5, Batch 394/619, Grad Norms near zero: 13, Lx 0.2735, Lu 0.0883, Pentalty 0.4643, loss 0.4083
Epoch 5, Batch 395/619, Grad Norms near zero: 13, Lx 0.4501, Lu 0.2498, Pentalty 0.4117, loss 0.7411
Epoch 5, Batch 396/619, Grad Norms near zero: 13, Lx 0.2534, Lu 0.0758, Pentalty 0.4937, loss 0.3786
Epoch 5, Batch 397/619, Grad Norms near zero: 12, Lx 0.2176, Lu 0.0307, Pentalty 0.6635, loss 0.3147
Epoch 5, Batch 398/619, Grad Norms near zero: 12, Lx 0.3604, Lu 0.1704, Pentalty 0.3409, loss 0.5649
Epoch 5, Batch 399/619, Grad Norms near zero: 12, Lx 0.4299, Lu 0.2261, Pentalty 0.4373, loss 0.6997
Epoch 5, Batch 400/619, Grad Norms near zero: 13, Lx 0.3358, Lu 0.1378, Pentalty 0.4009, loss 0.5137
Epoch 5, Batch 401/619, Grad Norms near zero: 12, Lx 0.1916, Lu 0.1622, Pentalty 0.5564, loss 0.4095
Epoch 5, Batch 402/619, Grad Norms near zero: 12, Lx 0.3811, Lu 0.2525, Pentalty 0.3512, loss 0.6687
Epoch 5, Batch 403/619, Grad Norms near zero: 12, Lx 0.3902, Lu 0.3330, Pentalty 0.3834, loss 0.7616
Epoch 5, Batch 404/619, Grad Norms near zero: 13, Lx 0.3941, Lu 0.1643, Pentalty 0.3680, loss 0.5952
Epoch 5, Batch 405/619, Grad Norms near zero: 12, Lx 0.3003, Lu 0.2291, Pentalty 0.5259, loss 0.5820
Epoch 5, Batch 406/619, Grad Norms near zero: 12, Lx 0.3635, Lu 0.1322, Pentalty 0.3809, loss 0.5337
Epoch 5, Batch 407/619, Grad Norms near zero: 12, Lx 0.4392, Lu 0.3061, Pentalty 0.3794, loss 0.7832
Epoch 5, Batch 408/619, Grad Norms near zero: 12, Lx 0.3765, Lu 0.1271, Pentalty 0.4492, loss 0.5485
Epoch 5, Batch 409/619, Grad Norms near zero: 12, Lx 0.3486, Lu 0.1034, Pentalty 0.4033, loss 0.4923
Epoch 5, Batch 410/619, Grad Norms near zero: 12, Lx 0.2669, Lu 0.0492, Pentalty 0.5463, loss 0.3707
Epoch 5, Batch 411/619, Grad Norms near zero: 12, Lx 0.3238, Lu 0.1491, Pentalty 0.3912, loss 0.5121
Epoch 5, Batch 412/619, Grad Norms near zero: 12, Lx 0.3708, Lu 0.2118, Pentalty 0.3736, loss 0.6199
Epoch 5, Batch 413/619, Grad Norms near zero: 12, Lx 0.3899, Lu 0.1743, Pentalty 0.3888, loss 0.6030
Epoch 5, Batch 414/619, Grad Norms near zero: 13, Lx 0.3266, Lu 0.1366, Pentalty 0.4017, loss 0.5034
Epoch 5, Batch 415/619, Grad Norms near zero: 12, Lx 0.3673, Lu 0.1719, Pentalty 0.3763, loss 0.5768
Epoch 5, Batch 416/619, Grad Norms near zero: 13, Lx 0.3050, Lu 0.1273, Pentalty 0.3749, loss 0.4698
Epoch 5, Batch 417/619, Grad Norms near zero: 12, Lx 0.3186, Lu 0.2887, Pentalty 0.3924, loss 0.6466
Epoch 5, Batch 418/619, Grad Norms near zero: 13, Lx 0.3430, Lu 0.1516, Pentalty 0.3405, loss 0.5286
Epoch 5, Batch 419/619, Grad Norms near zero: 12, Lx 0.2499, Lu 0.0454, Pentalty 0.5850, loss 0.3537
Epoch 5, Batch 420/619, Grad Norms near zero: 12, Lx 0.4045, Lu 0.3111, Pentalty 0.4169, loss 0.7573
Epoch 5, Batch 421/619, Grad Norms near zero: 12, Lx 0.3467, Lu 0.2777, Pentalty 0.3384, loss 0.6583
Epoch 5, Batch 422/619, Grad Norms near zero: 12, Lx 0.3388, Lu 0.0955, Pentalty 0.4102, loss 0.4753
Epoch 5, Batch 423/619, Grad Norms near zero: 12, Lx 0.3821, Lu 0.3182, Pentalty 0.4027, loss 0.7406
Epoch 5, Batch 424/619, Grad Norms near zero: 12, Lx 0.3503, Lu 0.1337, Pentalty 0.3709, loss 0.5211
Epoch 5, Batch 425/619, Grad Norms near zero: 12, Lx 0.4202, Lu 0.2307, Pentalty 0.3629, loss 0.6872
Epoch 5, Batch 426/619, Grad Norms near zero: 12, Lx 0.2811, Lu 0.2229, Pentalty 0.4873, loss 0.5527
Epoch 5, Batch 427/619, Grad Norms near zero: 12, Lx 0.4667, Lu 0.3974, Pentalty 0.3398, loss 0.8981
Epoch 5, Batch 428/619, Grad Norms near zero: 12, Lx 0.3223, Lu 0.2313, Pentalty 0.3375, loss 0.5874
Epoch 5, Batch 429/619, Grad Norms near zero: 12, Lx 0.2744, Lu 0.1400, Pentalty 0.3628, loss 0.4507
Epoch 5, Batch 430/619, Grad Norms near zero: 12, Lx 0.3901, Lu 0.1279, Pentalty 0.4034, loss 0.5584
Epoch 5, Batch 431/619, Grad Norms near zero: 13, Lx 0.4370, Lu 0.2141, Pentalty 0.3577, loss 0.6868
Epoch 5, Batch 432/619, Grad Norms near zero: 12, Lx 0.2337, Lu 0.0407, Pentalty 0.5559, loss 0.3299
Epoch 5, Batch 433/619, Grad Norms near zero: 12, Lx 0.2651, Lu 0.0746, Pentalty 0.4098, loss 0.3807
Epoch 5, Batch 434/619, Grad Norms near zero: 12, Lx 0.3100, Lu 0.1056, Pentalty 0.4086, loss 0.4565
Epoch 5, Batch 435/619, Grad Norms near zero: 12, Lx 0.3639, Lu 0.2701, Pentalty 0.4187, loss 0.6759
Epoch 5, Batch 436/619, Grad Norms near zero: 12, Lx 0.3275, Lu 0.1344, Pentalty 0.3872, loss 0.5006
Epoch 5, Batch 437/619, Grad Norms near zero: 12, Lx 0.3300, Lu 0.3326, Pentalty 0.3395, loss 0.6965
Epoch 5, Batch 438/619, Grad Norms near zero: 12, Lx 0.4127, Lu 0.3227, Pentalty 0.3937, loss 0.7748
Epoch 5, Batch 439/619, Grad Norms near zero: 12, Lx 0.3577, Lu 0.2122, Pentalty 0.3489, loss 0.6048
Epoch 5, Batch 440/619, Grad Norms near zero: 12, Lx 0.3914, Lu 0.1576, Pentalty 0.4722, loss 0.5961
Epoch 5, Batch 441/619, Grad Norms near zero: 13, Lx 0.2719, Lu 0.0609, Pentalty 0.5807, loss 0.3909
Epoch 5, Batch 442/619, Grad Norms near zero: 12, Lx 0.2358, Lu 0.2588, Pentalty 0.5656, loss 0.5511
Epoch 5, Batch 443/619, Grad Norms near zero: 12, Lx 0.3537, Lu 0.1364, Pentalty 0.4656, loss 0.5367
Epoch 5, Batch 444/619, Grad Norms near zero: 12, Lx 0.3100, Lu 0.1465, Pentalty 0.5572, loss 0.5123
Epoch 5, Batch 445/619, Grad Norms near zero: 13, Lx 0.4335, Lu 0.2386, Pentalty 0.4168, loss 0.7138
Epoch 5, Batch 446/619, Grad Norms near zero: 12, Lx 0.1614, Lu 0.0415, Pentalty 0.6060, loss 0.2635
Epoch 5, Batch 447/619, Grad Norms near zero: 12, Lx 0.4048, Lu 0.2852, Pentalty 0.4236, loss 0.7324
Epoch 5, Batch 448/619, Grad Norms near zero: 12, Lx 0.3934, Lu 0.1243, Pentalty 0.3992, loss 0.5576
Epoch 5, Batch 449/619, Grad Norms near zero: 12, Lx 0.4084, Lu 0.2839, Pentalty 0.4109, loss 0.7334
Epoch 5, Batch 450/619, Grad Norms near zero: 12, Lx 0.3907, Lu 0.1073, Pentalty 0.4824, loss 0.5462
Epoch 5, Batch 451/619, Grad Norms near zero: 12, Lx 0.1754, Lu 0.0416, Pentalty 0.5788, loss 0.2749
Epoch 5, Batch 452/619, Grad Norms near zero: 12, Lx 0.2236, Lu 0.1883, Pentalty 0.5908, loss 0.4709
Epoch 5, Batch 453/619, Grad Norms near zero: 12, Lx 0.2926, Lu 0.1424, Pentalty 0.4468, loss 0.4797
Epoch 5, Batch 454/619, Grad Norms near zero: 12, Lx 0.3276, Lu 0.1382, Pentalty 0.3789, loss 0.5037
Epoch 5, Batch 455/619, Grad Norms near zero: 12, Lx 0.3166, Lu 0.1370, Pentalty 0.4056, loss 0.4941
Epoch 5, Batch 456/619, Grad Norms near zero: 12, Lx 0.4564, Lu 0.2748, Pentalty 0.4037, loss 0.7716
Epoch 5, Batch 457/619, Grad Norms near zero: 12, Lx 0.4259, Lu 0.3199, Pentalty 0.4036, loss 0.7861
Epoch 5, Batch 458/619, Grad Norms near zero: 12, Lx 0.3942, Lu 0.2142, Pentalty 0.2937, loss 0.6378
Epoch 5, Batch 459/619, Grad Norms near zero: 12, Lx 0.2991, Lu 0.1822, Pentalty 0.3812, loss 0.5194
Epoch 5, Batch 460/619, Grad Norms near zero: 12, Lx 0.3706, Lu 0.1683, Pentalty 0.2566, loss 0.5646
Epoch 5, Batch 461/619, Grad Norms near zero: 12, Lx 0.2671, Lu 0.0748, Pentalty 0.4408, loss 0.3859
Epoch 5, Batch 462/619, Grad Norms near zero: 13, Lx 0.3300, Lu 0.1002, Pentalty 0.3239, loss 0.4626
Epoch 5, Batch 463/619, Grad Norms near zero: 12, Lx 0.2903, Lu 0.0938, Pentalty 0.3863, loss 0.4227
Epoch 5, Batch 464/619, Grad Norms near zero: 12, Lx 0.3444, Lu 0.1537, Pentalty 0.3355, loss 0.5317
Epoch 5, Batch 465/619, Grad Norms near zero: 12, Lx 0.2909, Lu 0.0669, Pentalty 0.4913, loss 0.4070
Epoch 5, Batch 466/619, Grad Norms near zero: 12, Lx 0.3507, Lu 0.1478, Pentalty 0.3863, loss 0.5372
Epoch 5, Batch 467/619, Grad Norms near zero: 12, Lx 0.2294, Lu 0.0479, Pentalty 0.5452, loss 0.3318
Epoch 5, Batch 468/619, Grad Norms near zero: 12, Lx 0.3881, Lu 0.1753, Pentalty 0.5490, loss 0.6182
Epoch 5, Batch 469/619, Grad Norms near zero: 12, Lx 0.3778, Lu 0.2098, Pentalty 0.5189, loss 0.6396
Epoch 5, Batch 470/619, Grad Norms near zero: 12, Lx 0.2372, Lu 0.0364, Pentalty 0.7174, loss 0.3454
Epoch 5, Batch 471/619, Grad Norms near zero: 12, Lx 0.2128, Lu 0.0846, Pentalty 0.5503, loss 0.3524
Epoch 5, Batch 472/619, Grad Norms near zero: 12, Lx 0.4551, Lu 0.3571, Pentalty 0.4743, loss 0.8596
Epoch 5, Batch 473/619, Grad Norms near zero: 12, Lx 0.3607, Lu 0.1281, Pentalty 0.5748, loss 0.5462
Epoch 5, Batch 474/619, Grad Norms near zero: 13, Lx 0.2678, Lu 0.0899, Pentalty 0.5369, loss 0.4114
Epoch 5, Batch 475/619, Grad Norms near zero: 12, Lx 0.3976, Lu 0.2378, Pentalty 0.6790, loss 0.7033
Epoch 5, Batch 476/619, Grad Norms near zero: 12, Lx 0.3830, Lu 0.3045, Pentalty 0.4862, loss 0.7362
Epoch 5, Batch 477/619, Grad Norms near zero: 12, Lx 0.3326, Lu 0.1135, Pentalty 0.5161, loss 0.4976
Epoch 5, Batch 478/619, Grad Norms near zero: 12, Lx 0.4139, Lu 0.3355, Pentalty 0.3785, loss 0.7872
Epoch 5, Batch 479/619, Grad Norms near zero: 13, Lx 0.3619, Lu 0.1502, Pentalty 0.3733, loss 0.5494
Epoch 5, Batch 480/619, Grad Norms near zero: 12, Lx 0.4324, Lu 0.4811, Pentalty 0.3639, loss 0.9498
Epoch 5, Batch 481/619, Grad Norms near zero: 12, Lx 0.2631, Lu 0.1223, Pentalty 0.3911, loss 0.4245
Epoch 5, Batch 482/619, Grad Norms near zero: 12, Lx 0.2074, Lu 0.0695, Pentalty 0.4758, loss 0.3245
Epoch 5, Batch 483/619, Grad Norms near zero: 12, Lx 0.3361, Lu 0.1592, Pentalty 0.2673, loss 0.5221
Epoch 5, Batch 484/619, Grad Norms near zero: 12, Lx 0.3460, Lu 0.1405, Pentalty 0.3343, loss 0.5200
Epoch 5, Batch 485/619, Grad Norms near zero: 12, Lx 0.4213, Lu 0.3182, Pentalty 0.2876, loss 0.7683
Epoch 5, Batch 486/619, Grad Norms near zero: 12, Lx 0.2984, Lu 0.1844, Pentalty 0.3267, loss 0.5155
Epoch 5, Batch 487/619, Grad Norms near zero: 12, Lx 0.3476, Lu 0.1840, Pentalty 0.2695, loss 0.5586
Epoch 5, Batch 488/619, Grad Norms near zero: 12, Lx 0.4289, Lu 0.1500, Pentalty 0.3608, loss 0.6149
Epoch 5, Batch 489/619, Grad Norms near zero: 13, Lx 0.3506, Lu 0.2161, Pentalty 0.3388, loss 0.6007
Epoch 5, Batch 490/619, Grad Norms near zero: 12, Lx 0.3412, Lu 0.1819, Pentalty 0.5077, loss 0.5739
Epoch 5, Batch 491/619, Grad Norms near zero: 13, Lx 0.3232, Lu 0.1767, Pentalty 0.3875, loss 0.5386
Epoch 5, Batch 492/619, Grad Norms near zero: 12, Lx 0.3750, Lu 0.2393, Pentalty 0.3511, loss 0.6494
Epoch 5, Batch 493/619, Grad Norms near zero: 12, Lx 0.4898, Lu 0.3493, Pentalty 0.3729, loss 0.8764
Epoch 5, Batch 494/619, Grad Norms near zero: 12, Lx 0.4006, Lu 0.0949, Pentalty 0.4579, loss 0.5413
Epoch 5, Batch 495/619, Grad Norms near zero: 12, Lx 0.2370, Lu 0.0514, Pentalty 0.5869, loss 0.3471
Epoch 5, Batch 496/619, Grad Norms near zero: 12, Lx 0.4357, Lu 0.3768, Pentalty 0.2950, loss 0.8421
Epoch 5, Batch 497/619, Grad Norms near zero: 12, Lx 0.4111, Lu 0.1321, Pentalty 0.3601, loss 0.5793
Epoch 5, Batch 498/619, Grad Norms near zero: 12, Lx 0.3592, Lu 0.1429, Pentalty 0.3804, loss 0.5402
Epoch 5, Batch 499/619, Grad Norms near zero: 12, Lx 0.3583, Lu 0.3005, Pentalty 0.3168, loss 0.6905
Epoch 5, Batch 500/619, Grad Norms near zero: 12, Lx 0.3843, Lu 0.2470, Pentalty 0.3572, loss 0.6670
Epoch 5, Batch 501/619, Grad Norms near zero: 13, Lx 0.4020, Lu 0.1795, Pentalty 0.3356, loss 0.6151
Epoch 5, Batch 502/619, Grad Norms near zero: 12, Lx 0.3291, Lu 0.0729, Pentalty 0.4260, loss 0.4447
Epoch 5, Batch 503/619, Grad Norms near zero: 12, Lx 0.2530, Lu 0.1829, Pentalty 0.6376, loss 0.4997
Epoch 5, Batch 504/619, Grad Norms near zero: 12, Lx 0.3707, Lu 0.1712, Pentalty 0.2781, loss 0.5698
Epoch 5, Batch 505/619, Grad Norms near zero: 12, Lx 0.2705, Lu 0.2312, Pentalty 0.3994, loss 0.5416
Epoch 5, Batch 506/619, Grad Norms near zero: 12, Lx 0.3417, Lu 0.1440, Pentalty 0.3715, loss 0.5228
Epoch 5, Batch 507/619, Grad Norms near zero: 12, Lx 0.5406, Lu 0.3651, Pentalty 0.3351, loss 0.9392
Epoch 5, Batch 508/619, Grad Norms near zero: 12, Lx 0.2180, Lu 0.1020, Pentalty 0.5706, loss 0.3770
Epoch 5, Batch 509/619, Grad Norms near zero: 12, Lx 0.2842, Lu 0.0915, Pentalty 0.4415, loss 0.4198
Epoch 5, Batch 510/619, Grad Norms near zero: 12, Lx 0.3069, Lu 0.0898, Pentalty 0.4613, loss 0.4428
Epoch 5, Batch 511/619, Grad Norms near zero: 12, Lx 0.3475, Lu 0.0858, Pentalty 0.4367, loss 0.4770
Epoch 5, Batch 512/619, Grad Norms near zero: 12, Lx 0.3843, Lu 0.2306, Pentalty 0.5181, loss 0.6667
Epoch 5, Batch 513/619, Grad Norms near zero: 12, Lx 0.3045, Lu 0.1195, Pentalty 0.4188, loss 0.4659
Epoch 5, Batch 514/619, Grad Norms near zero: 12, Lx 0.3582, Lu 0.1156, Pentalty 0.4302, loss 0.5168
Epoch 5, Batch 515/619, Grad Norms near zero: 12, Lx 0.4142, Lu 0.2717, Pentalty 0.3927, loss 0.7252
Epoch 5, Batch 516/619, Grad Norms near zero: 12, Lx 0.3951, Lu 0.1540, Pentalty 0.4377, loss 0.5929
Epoch 5, Batch 517/619, Grad Norms near zero: 13, Lx 0.3859, Lu 0.1972, Pentalty 0.2969, loss 0.6128
Epoch 5, Batch 518/619, Grad Norms near zero: 12, Lx 0.3599, Lu 0.3600, Pentalty 0.4459, loss 0.7645
Epoch 5, Batch 519/619, Grad Norms near zero: 12, Lx 0.4577, Lu 0.5539, Pentalty 0.3198, loss 1.0436
Epoch 5, Batch 520/619, Grad Norms near zero: 12, Lx 0.3398, Lu 0.2031, Pentalty 0.3634, loss 0.5792
Epoch 5, Batch 521/619, Grad Norms near zero: 12, Lx 0.4018, Lu 0.1381, Pentalty 0.3702, loss 0.5769
Epoch 5, Batch 522/619, Grad Norms near zero: 12, Lx 0.3630, Lu 0.1753, Pentalty 0.3934, loss 0.5776
Epoch 5, Batch 523/619, Grad Norms near zero: 12, Lx 0.4301, Lu 0.1445, Pentalty 0.3425, loss 0.6088
Epoch 5, Batch 524/619, Grad Norms near zero: 12, Lx 0.3213, Lu 0.1457, Pentalty 0.4907, loss 0.5160
Epoch 5, Batch 525/619, Grad Norms near zero: 12, Lx 0.3695, Lu 0.1478, Pentalty 0.3795, loss 0.5553
Epoch 5, Batch 526/619, Grad Norms near zero: 12, Lx 0.3613, Lu 0.1086, Pentalty 0.3562, loss 0.5054
Epoch 5, Batch 527/619, Grad Norms near zero: 12, Lx 0.3489, Lu 0.1392, Pentalty 0.4201, loss 0.5301
Epoch 5, Batch 528/619, Grad Norms near zero: 12, Lx 0.3418, Lu 0.1261, Pentalty 0.4391, loss 0.5118
Epoch 5, Batch 529/619, Grad Norms near zero: 12, Lx 0.3877, Lu 0.1090, Pentalty 0.4525, loss 0.5420
Epoch 5, Batch 530/619, Grad Norms near zero: 12, Lx 0.3481, Lu 0.1125, Pentalty 0.4344, loss 0.5041
Epoch 5, Batch 531/619, Grad Norms near zero: 12, Lx 0.3087, Lu 0.0600, Pentalty 0.5425, loss 0.4229
Epoch 5, Batch 532/619, Grad Norms near zero: 12, Lx 0.3098, Lu 0.2148, Pentalty 0.3962, loss 0.5642
Epoch 5, Batch 533/619, Grad Norms near zero: 12, Lx 0.2757, Lu 0.1514, Pentalty 0.4887, loss 0.4759
Epoch 5, Batch 534/619, Grad Norms near zero: 12, Lx 0.3472, Lu 0.0733, Pentalty 0.5140, loss 0.4719
Epoch 5, Batch 535/619, Grad Norms near zero: 13, Lx 0.3416, Lu 0.1414, Pentalty 0.4379, loss 0.5269
Epoch 5, Batch 536/619, Grad Norms near zero: 12, Lx 0.3953, Lu 0.1587, Pentalty 0.3426, loss 0.5882
Epoch 5, Batch 537/619, Grad Norms near zero: 12, Lx 0.2769, Lu 0.1160, Pentalty 0.4707, loss 0.4399
Epoch 5, Batch 538/619, Grad Norms near zero: 12, Lx 0.3084, Lu 0.1283, Pentalty 0.4233, loss 0.4790
Epoch 5, Batch 539/619, Grad Norms near zero: 12, Lx 0.3708, Lu 0.1252, Pentalty 0.4414, loss 0.5402
Epoch 5, Batch 540/619, Grad Norms near zero: 12, Lx 0.2528, Lu 0.0487, Pentalty 0.5961, loss 0.3611
Epoch 5, Batch 541/619, Grad Norms near zero: 12, Lx 0.2619, Lu 0.2490, Pentalty 0.5082, loss 0.5617
Epoch 5, Batch 542/619, Grad Norms near zero: 12, Lx 0.4478, Lu 0.1611, Pentalty 0.4009, loss 0.6491
Epoch 5, Batch 543/619, Grad Norms near zero: 13, Lx 0.2390, Lu 0.0435, Pentalty 0.6074, loss 0.3433
Epoch 5, Batch 544/619, Grad Norms near zero: 13, Lx 0.2787, Lu 0.1045, Pentalty 0.4300, loss 0.4262
Epoch 5, Batch 545/619, Grad Norms near zero: 12, Lx 0.4013, Lu 0.1354, Pentalty 0.4984, loss 0.5866
Epoch 5, Batch 546/619, Grad Norms near zero: 12, Lx 0.3255, Lu 0.2307, Pentalty 0.5061, loss 0.6069
Epoch 5, Batch 547/619, Grad Norms near zero: 12, Lx 0.4268, Lu 0.1850, Pentalty 0.3601, loss 0.6478
Epoch 5, Batch 548/619, Grad Norms near zero: 12, Lx 0.3429, Lu 0.0870, Pentalty 0.4210, loss 0.4720
Epoch 5, Batch 549/619, Grad Norms near zero: 12, Lx 0.3363, Lu 0.2018, Pentalty 0.4240, loss 0.5805
Epoch 5, Batch 550/619, Grad Norms near zero: 12, Lx 0.2797, Lu 0.1827, Pentalty 0.4880, loss 0.5112
Epoch 5, Batch 551/619, Grad Norms near zero: 12, Lx 0.2835, Lu 0.0813, Pentalty 0.4623, loss 0.4111
Epoch 5, Batch 552/619, Grad Norms near zero: 12, Lx 0.3103, Lu 0.0994, Pentalty 0.4461, loss 0.4544
Epoch 5, Batch 553/619, Grad Norms near zero: 12, Lx 0.5140, Lu 0.3371, Pentalty 0.2980, loss 0.8809
Epoch 5, Batch 554/619, Grad Norms near zero: 12, Lx 0.2411, Lu 0.0699, Pentalty 0.5089, loss 0.3619
Epoch 5, Batch 555/619, Grad Norms near zero: 13, Lx 0.2915, Lu 0.1824, Pentalty 0.4107, loss 0.5149
Epoch 5, Batch 556/619, Grad Norms near zero: 12, Lx 0.3805, Lu 0.2526, Pentalty 0.3003, loss 0.6632
Epoch 5, Batch 557/619, Grad Norms near zero: 12, Lx 0.2547, Lu 0.0624, Pentalty 0.4685, loss 0.3639
Epoch 5, Batch 558/619, Grad Norms near zero: 12, Lx 0.3751, Lu 0.1656, Pentalty 0.3531, loss 0.5760
Epoch 5, Batch 559/619, Grad Norms near zero: 12, Lx 0.2535, Lu 0.0885, Pentalty 0.3548, loss 0.3774
Epoch 5, Batch 560/619, Grad Norms near zero: 12, Lx 0.3638, Lu 0.1071, Pentalty 0.4227, loss 0.5132
Epoch 5, Batch 561/619, Grad Norms near zero: 12, Lx 0.3143, Lu 0.1489, Pentalty 0.5141, loss 0.5145
Epoch 5, Batch 562/619, Grad Norms near zero: 12, Lx 0.2275, Lu 0.1368, Pentalty 0.4813, loss 0.4125
Epoch 5, Batch 563/619, Grad Norms near zero: 12, Lx 0.2604, Lu 0.2204, Pentalty 0.5814, loss 0.5389
Epoch 5, Batch 564/619, Grad Norms near zero: 12, Lx 0.4224, Lu 0.1470, Pentalty 0.3854, loss 0.6080
Epoch 5, Batch 565/619, Grad Norms near zero: 12, Lx 0.4352, Lu 0.1951, Pentalty 0.3986, loss 0.6702
Epoch 5, Batch 566/619, Grad Norms near zero: 12, Lx 0.3321, Lu 0.1839, Pentalty 0.4716, loss 0.5632
Epoch 5, Batch 567/619, Grad Norms near zero: 12, Lx 0.4055, Lu 0.1658, Pentalty 0.3700, loss 0.6083
Epoch 5, Batch 568/619, Grad Norms near zero: 12, Lx 0.3260, Lu 0.0913, Pentalty 0.4144, loss 0.4587
Epoch 5, Batch 569/619, Grad Norms near zero: 12, Lx 0.1857, Lu 0.1854, Pentalty 0.5521, loss 0.4263
Epoch 5, Batch 570/619, Grad Norms near zero: 12, Lx 0.3512, Lu 0.1563, Pentalty 0.3908, loss 0.5466
Epoch 5, Batch 571/619, Grad Norms near zero: 12, Lx 0.1898, Lu 0.0346, Pentalty 0.6023, loss 0.2846
Epoch 5, Batch 572/619, Grad Norms near zero: 12, Lx 0.2292, Lu 0.0378, Pentalty 0.5248, loss 0.3195
Epoch 5, Batch 573/619, Grad Norms near zero: 12, Lx 0.4496, Lu 0.2694, Pentalty 0.3443, loss 0.7534
Epoch 5, Batch 574/619, Grad Norms near zero: 12, Lx 0.4062, Lu 0.2218, Pentalty 0.4665, loss 0.6746
Epoch 5, Batch 575/619, Grad Norms near zero: 12, Lx 0.2868, Lu 0.0965, Pentalty 0.4498, loss 0.4283
Epoch 5, Batch 576/619, Grad Norms near zero: 12, Lx 0.2673, Lu 0.0776, Pentalty 0.4860, loss 0.3935
Epoch 5, Batch 577/619, Grad Norms near zero: 12, Lx 0.3789, Lu 0.2285, Pentalty 0.4069, loss 0.6480
Epoch 5, Batch 578/619, Grad Norms near zero: 12, Lx 0.3068, Lu 0.1043, Pentalty 0.4110, loss 0.4522
Epoch 5, Batch 579/619, Grad Norms near zero: 12, Lx 0.3227, Lu 0.0927, Pentalty 0.4110, loss 0.4564
Epoch 5, Batch 580/619, Grad Norms near zero: 12, Lx 0.2946, Lu 0.1419, Pentalty 0.4005, loss 0.4766
Epoch 5, Batch 581/619, Grad Norms near zero: 12, Lx 0.4037, Lu 0.1425, Pentalty 0.3683, loss 0.5830
Epoch 5, Batch 582/619, Grad Norms near zero: 12, Lx 0.3737, Lu 0.2691, Pentalty 0.4260, loss 0.6854
Epoch 5, Batch 583/619, Grad Norms near zero: 13, Lx 0.4018, Lu 0.2112, Pentalty 0.3752, loss 0.6505
Epoch 5, Batch 584/619, Grad Norms near zero: 12, Lx 0.3290, Lu 0.2108, Pentalty 0.4045, loss 0.5802
Epoch 5, Batch 585/619, Grad Norms near zero: 13, Lx 0.3251, Lu 0.1641, Pentalty 0.3220, loss 0.5214
Epoch 5, Batch 586/619, Grad Norms near zero: 12, Lx 0.2579, Lu 0.0789, Pentalty 0.5364, loss 0.3904
Epoch 5, Batch 587/619, Grad Norms near zero: 12, Lx 0.4890, Lu 0.4729, Pentalty 0.4614, loss 1.0080
Epoch 5, Batch 588/619, Grad Norms near zero: 12, Lx 0.3083, Lu 0.1271, Pentalty 0.4494, loss 0.4803
Epoch 5, Batch 589/619, Grad Norms near zero: 13, Lx 0.3224, Lu 0.0809, Pentalty 0.4685, loss 0.4502
Epoch 5, Batch 590/619, Grad Norms near zero: 12, Lx 0.3590, Lu 0.1366, Pentalty 0.3849, loss 0.5341
Epoch 5, Batch 591/619, Grad Norms near zero: 13, Lx 0.2932, Lu 0.0788, Pentalty 0.4988, loss 0.4220
Epoch 5, Batch 592/619, Grad Norms near zero: 12, Lx 0.2742, Lu 0.0820, Pentalty 0.4876, loss 0.4050
Epoch 5, Batch 593/619, Grad Norms near zero: 12, Lx 0.4281, Lu 0.2870, Pentalty 0.4500, loss 0.7601
Epoch 5, Batch 594/619, Grad Norms near zero: 12, Lx 0.3050, Lu 0.0992, Pentalty 0.4703, loss 0.4512
Epoch 5, Batch 595/619, Grad Norms near zero: 12, Lx 0.3027, Lu 0.0658, Pentalty 0.5953, loss 0.4280
Epoch 5, Batch 596/619, Grad Norms near zero: 12, Lx 0.3200, Lu 0.1598, Pentalty 0.6282, loss 0.5427
Epoch 5, Batch 597/619, Grad Norms near zero: 12, Lx 0.3142, Lu 0.1691, Pentalty 0.6098, loss 0.5443
Epoch 5, Batch 598/619, Grad Norms near zero: 12, Lx 0.3699, Lu 0.1713, Pentalty 0.3767, loss 0.5788
Epoch 5, Batch 599/619, Grad Norms near zero: 12, Lx 0.2828, Lu 0.0787, Pentalty 0.4552, loss 0.4071
Epoch 5, Batch 600/619, Grad Norms near zero: 13, Lx 0.3872, Lu 0.1409, Pentalty 0.4406, loss 0.5722
Epoch 5, Batch 601/619, Grad Norms near zero: 12, Lx 0.3869, Lu 0.1471, Pentalty 0.3362, loss 0.5677
Epoch 5, Batch 602/619, Grad Norms near zero: 12, Lx 0.2336, Lu 0.1050, Pentalty 0.4645, loss 0.3851
Epoch 5, Batch 603/619, Grad Norms near zero: 12, Lx 0.3724, Lu 0.2840, Pentalty 0.4144, loss 0.6979
Epoch 5, Batch 604/619, Grad Norms near zero: 12, Lx 0.3494, Lu 0.2343, Pentalty 0.4987, loss 0.6336
Epoch 5, Batch 605/619, Grad Norms near zero: 12, Lx 0.3747, Lu 0.1769, Pentalty 0.3559, loss 0.5872
Epoch 5, Batch 606/619, Grad Norms near zero: 12, Lx 0.2555, Lu 0.0531, Pentalty 0.4634, loss 0.3549
Epoch 5, Batch 607/619, Grad Norms near zero: 12, Lx 0.4301, Lu 0.3706, Pentalty 0.4419, loss 0.8448
Epoch 5, Batch 608/619, Grad Norms near zero: 12, Lx 0.4008, Lu 0.2455, Pentalty 0.3111, loss 0.6773
Epoch 5, Batch 609/619, Grad Norms near zero: 12, Lx 0.3395, Lu 0.0901, Pentalty 0.4110, loss 0.4707
Epoch 5, Batch 610/619, Grad Norms near zero: 12, Lx 0.3382, Lu 0.1151, Pentalty 0.4023, loss 0.4935
Epoch 5, Batch 611/619, Grad Norms near zero: 12, Lx 0.2698, Lu 0.0946, Pentalty 0.3858, loss 0.4030
Epoch 5, Batch 612/619, Grad Norms near zero: 12, Lx 0.2718, Lu 0.0627, Pentalty 0.4342, loss 0.3779
Epoch 5, Batch 613/619, Grad Norms near zero: 12, Lx 0.3711, Lu 0.2202, Pentalty 0.3515, loss 0.6264
Epoch 5, Batch 614/619, Grad Norms near zero: 12, Lx 0.4023, Lu 0.2350, Pentalty 0.4200, loss 0.6793
Epoch 5, Batch 615/619, Grad Norms near zero: 12, Lx 0.2329, Lu 0.2512, Pentalty 0.4757, loss 0.5316
Epoch 5, Batch 616/619, Grad Norms near zero: 12, Lx 0.3960, Lu 0.3103, Pentalty 0.4086, loss 0.7472
Epoch 5, Batch 617/619, Grad Norms near zero: 12, Lx 0.3260, Lu 0.1291, Pentalty 0.3720, loss 0.4923
Epoch 5, Batch 618/619, Grad Norms near zero: 12, Lx 0.3243, Lu 0.1616, Pentalty 0.4916, loss 0.5350
Epoch 5, Batch 619/619, Grad Norms near zero: 12, Lx 0.3698, Lu 0.2238, Pentalty 0.4673, loss 0.6403
Training for Network 2
labelled data size: 20227
unlabelled data size: 19773
Epoch 5, Batch 1/633, Grad Norms near zero: 12, Lx 0.3687, Lu 0.1413, Pentalty 0.4224, loss 0.5522
Epoch 5, Batch 2/633, Grad Norms near zero: 12, Lx 0.2960, Lu 0.0905, Pentalty 0.4380, loss 0.4303
Epoch 5, Batch 3/633, Grad Norms near zero: 12, Lx 0.4077, Lu 0.1347, Pentalty 0.3886, loss 0.5813
Epoch 5, Batch 4/633, Grad Norms near zero: 12, Lx 0.3263, Lu 0.1091, Pentalty 0.4287, loss 0.4783
Epoch 5, Batch 5/633, Grad Norms near zero: 12, Lx 0.1883, Lu 0.0229, Pentalty 0.6947, loss 0.2807
Epoch 5, Batch 6/633, Grad Norms near zero: 12, Lx 0.2694, Lu 0.0840, Pentalty 0.4506, loss 0.3985
Epoch 5, Batch 7/633, Grad Norms near zero: 13, Lx 0.3227, Lu 0.1244, Pentalty 0.4273, loss 0.4898
Epoch 5, Batch 8/633, Grad Norms near zero: 12, Lx 0.2244, Lu 0.0413, Pentalty 0.6480, loss 0.3305
Epoch 5, Batch 9/633, Grad Norms near zero: 12, Lx 0.2705, Lu 0.0694, Pentalty 0.5442, loss 0.3943
Epoch 5, Batch 10/633, Grad Norms near zero: 12, Lx 0.2835, Lu 0.0910, Pentalty 0.5131, loss 0.4258
Epoch 5, Batch 11/633, Grad Norms near zero: 12, Lx 0.3464, Lu 0.1343, Pentalty 0.4670, loss 0.5274
Epoch 5, Batch 12/633, Grad Norms near zero: 12, Lx 0.3283, Lu 0.1314, Pentalty 0.4498, loss 0.5046
Epoch 5, Batch 13/633, Grad Norms near zero: 12, Lx 0.3697, Lu 0.1321, Pentalty 0.4959, loss 0.5515
Epoch 5, Batch 14/633, Grad Norms near zero: 12, Lx 0.3448, Lu 0.1327, Pentalty 0.4310, loss 0.5205
Epoch 5, Batch 15/633, Grad Norms near zero: 12, Lx 0.2805, Lu 0.0527, Pentalty 0.5757, loss 0.3907
Epoch 5, Batch 16/633, Grad Norms near zero: 12, Lx 0.2147, Lu 0.0365, Pentalty 0.6630, loss 0.3175
Epoch 5, Batch 17/633, Grad Norms near zero: 12, Lx 0.1997, Lu 0.0307, Pentalty 0.6443, loss 0.2948
Epoch 5, Batch 18/633, Grad Norms near zero: 12, Lx 0.2184, Lu 0.0494, Pentalty 0.5696, loss 0.3248
Epoch 5, Batch 19/633, Grad Norms near zero: 12, Lx 0.2789, Lu 0.0452, Pentalty 0.5809, loss 0.3821
Epoch 5, Batch 20/633, Grad Norms near zero: 12, Lx 0.3132, Lu 0.0773, Pentalty 0.4776, loss 0.4382
Epoch 5, Batch 21/633, Grad Norms near zero: 12, Lx 0.3293, Lu 0.1542, Pentalty 0.3319, loss 0.5167
Epoch 5, Batch 22/633, Grad Norms near zero: 12, Lx 0.3466, Lu 0.1459, Pentalty 0.3545, loss 0.5279
Epoch 5, Batch 23/633, Grad Norms near zero: 12, Lx 0.3607, Lu 0.1096, Pentalty 0.4091, loss 0.5112
Epoch 5, Batch 24/633, Grad Norms near zero: 12, Lx 0.4084, Lu 0.1887, Pentalty 0.4598, loss 0.6430
Epoch 5, Batch 25/633, Grad Norms near zero: 12, Lx 0.3602, Lu 0.1242, Pentalty 0.5001, loss 0.5344
Epoch 5, Batch 26/633, Grad Norms near zero: 12, Lx 0.2235, Lu 0.1107, Pentalty 0.5163, loss 0.3858
Epoch 5, Batch 27/633, Grad Norms near zero: 12, Lx 0.1930, Lu 0.0406, Pentalty 0.6644, loss 0.3000
Epoch 5, Batch 28/633, Grad Norms near zero: 12, Lx 0.3109, Lu 0.0690, Pentalty 0.5639, loss 0.4363
Epoch 5, Batch 29/633, Grad Norms near zero: 12, Lx 0.1850, Lu 0.0250, Pentalty 0.7489, loss 0.2849
Epoch 5, Batch 30/633, Grad Norms near zero: 12, Lx 0.3749, Lu 0.1335, Pentalty 0.4480, loss 0.5532
Epoch 5, Batch 31/633, Grad Norms near zero: 12, Lx 0.2282, Lu 0.0558, Pentalty 0.5799, loss 0.3420
Epoch 5, Batch 32/633, Grad Norms near zero: 12, Lx 0.2765, Lu 0.0649, Pentalty 0.5443, loss 0.3958
Epoch 5, Batch 33/633, Grad Norms near zero: 12, Lx 0.2846, Lu 0.0663, Pentalty 0.5000, loss 0.4009
Epoch 5, Batch 34/633, Grad Norms near zero: 12, Lx 0.2512, Lu 0.0505, Pentalty 0.5266, loss 0.3543
Epoch 5, Batch 35/633, Grad Norms near zero: 12, Lx 0.3131, Lu 0.1072, Pentalty 0.4651, loss 0.4668
Epoch 5, Batch 36/633, Grad Norms near zero: 12, Lx 0.2760, Lu 0.0900, Pentalty 0.4366, loss 0.4096
Epoch 5, Batch 37/633, Grad Norms near zero: 12, Lx 0.2923, Lu 0.0851, Pentalty 0.4588, loss 0.4232
Epoch 5, Batch 38/633, Grad Norms near zero: 12, Lx 0.2178, Lu 0.0365, Pentalty 0.5570, loss 0.3101
Epoch 5, Batch 39/633, Grad Norms near zero: 12, Lx 0.3671, Lu 0.1392, Pentalty 0.4293, loss 0.5493
Epoch 5, Batch 40/633, Grad Norms near zero: 12, Lx 0.3689, Lu 0.1413, Pentalty 0.4180, loss 0.5520
Epoch 5, Batch 41/633, Grad Norms near zero: 12, Lx 0.2754, Lu 0.0897, Pentalty 0.4844, loss 0.4136
Epoch 5, Batch 42/633, Grad Norms near zero: 12, Lx 0.1327, Lu 0.0249, Pentalty 0.6389, loss 0.2215
Epoch 5, Batch 43/633, Grad Norms near zero: 12, Lx 0.3738, Lu 0.1158, Pentalty 0.4506, loss 0.5346
Epoch 5, Batch 44/633, Grad Norms near zero: 12, Lx 0.3244, Lu 0.0916, Pentalty 0.4737, loss 0.4634
Epoch 5, Batch 45/633, Grad Norms near zero: 12, Lx 0.3313, Lu 0.0895, Pentalty 0.4987, loss 0.4706
Epoch 5, Batch 46/633, Grad Norms near zero: 12, Lx 0.3616, Lu 0.1636, Pentalty 0.4261, loss 0.5678
Epoch 5, Batch 47/633, Grad Norms near zero: 12, Lx 0.3001, Lu 0.0658, Pentalty 0.4955, loss 0.4154
Epoch 5, Batch 48/633, Grad Norms near zero: 12, Lx 0.3248, Lu 0.0770, Pentalty 0.4901, loss 0.4508
Epoch 5, Batch 49/633, Grad Norms near zero: 12, Lx 0.2675, Lu 0.0673, Pentalty 0.4886, loss 0.3837
Epoch 5, Batch 50/633, Grad Norms near zero: 12, Lx 0.4837, Lu 0.1594, Pentalty 0.4072, loss 0.6838
Epoch 5, Batch 51/633, Grad Norms near zero: 12, Lx 0.4269, Lu 0.1432, Pentalty 0.4384, loss 0.6140
Epoch 5, Batch 52/633, Grad Norms near zero: 12, Lx 0.3497, Lu 0.1062, Pentalty 0.4475, loss 0.5007
Epoch 5, Batch 53/633, Grad Norms near zero: 12, Lx 0.3293, Lu 0.1034, Pentalty 0.4800, loss 0.4808
Epoch 5, Batch 54/633, Grad Norms near zero: 12, Lx 0.2249, Lu 0.0626, Pentalty 0.5660, loss 0.3441
Epoch 5, Batch 55/633, Grad Norms near zero: 12, Lx 0.3662, Lu 0.1104, Pentalty 0.4976, loss 0.5264
Epoch 5, Batch 56/633, Grad Norms near zero: 13, Lx 0.2890, Lu 0.0737, Pentalty 0.5677, loss 0.4195
Epoch 5, Batch 57/633, Grad Norms near zero: 12, Lx 0.3364, Lu 0.1356, Pentalty 0.4359, loss 0.5155
Epoch 5, Batch 58/633, Grad Norms near zero: 12, Lx 0.2043, Lu 0.0385, Pentalty 0.5927, loss 0.3020
Epoch 5, Batch 59/633, Grad Norms near zero: 12, Lx 0.3408, Lu 0.1227, Pentalty 0.4610, loss 0.5096
Epoch 5, Batch 60/633, Grad Norms near zero: 12, Lx 0.4347, Lu 0.1701, Pentalty 0.4750, loss 0.6523
Epoch 5, Batch 61/633, Grad Norms near zero: 12, Lx 0.3292, Lu 0.1194, Pentalty 0.4226, loss 0.4909
Epoch 5, Batch 62/633, Grad Norms near zero: 12, Lx 0.3312, Lu 0.1242, Pentalty 0.4226, loss 0.4977
Epoch 5, Batch 63/633, Grad Norms near zero: 12, Lx 0.3749, Lu 0.1030, Pentalty 0.4140, loss 0.5193
Epoch 5, Batch 64/633, Grad Norms near zero: 12, Lx 0.3926, Lu 0.1616, Pentalty 0.3445, loss 0.5886
Epoch 5, Batch 65/633, Grad Norms near zero: 12, Lx 0.2768, Lu 0.0823, Pentalty 0.4372, loss 0.4028
Epoch 5, Batch 66/633, Grad Norms near zero: 12, Lx 0.3460, Lu 0.1617, Pentalty 0.3390, loss 0.5416
Epoch 5, Batch 67/633, Grad Norms near zero: 12, Lx 0.3939, Lu 0.1432, Pentalty 0.3601, loss 0.5732
Epoch 5, Batch 68/633, Grad Norms near zero: 12, Lx 0.3713, Lu 0.1403, Pentalty 0.3474, loss 0.5463
Epoch 5, Batch 69/633, Grad Norms near zero: 12, Lx 0.3411, Lu 0.1327, Pentalty 0.3883, loss 0.5127
Epoch 5, Batch 70/633, Grad Norms near zero: 12, Lx 0.2311, Lu 0.0912, Pentalty 0.4835, loss 0.3707
Epoch 5, Batch 71/633, Grad Norms near zero: 12, Lx 0.3516, Lu 0.1425, Pentalty 0.4404, loss 0.5381
Epoch 5, Batch 72/633, Grad Norms near zero: 12, Lx 0.2753, Lu 0.0673, Pentalty 0.6358, loss 0.4062
Epoch 5, Batch 73/633, Grad Norms near zero: 12, Lx 0.4405, Lu 0.1275, Pentalty 0.4585, loss 0.6138
Epoch 5, Batch 74/633, Grad Norms near zero: 12, Lx 0.1477, Lu 0.0184, Pentalty 0.7230, loss 0.2383
Epoch 5, Batch 75/633, Grad Norms near zero: 12, Lx 0.3794, Lu 0.1156, Pentalty 0.5038, loss 0.5454
Epoch 5, Batch 76/633, Grad Norms near zero: 12, Lx 0.3826, Lu 0.1160, Pentalty 0.4801, loss 0.5466
Epoch 5, Batch 77/633, Grad Norms near zero: 12, Lx 0.3079, Lu 0.1138, Pentalty 0.4292, loss 0.4647
Epoch 5, Batch 78/633, Grad Norms near zero: 12, Lx 0.1520, Lu 0.0197, Pentalty 0.7575, loss 0.2475
Epoch 5, Batch 79/633, Grad Norms near zero: 12, Lx 0.4232, Lu 0.1425, Pentalty 0.4170, loss 0.6075
Epoch 5, Batch 80/633, Grad Norms near zero: 12, Lx 0.3202, Lu 0.1638, Pentalty 0.3612, loss 0.5201
Epoch 5, Batch 81/633, Grad Norms near zero: 12, Lx 0.4170, Lu 0.1340, Pentalty 0.3520, loss 0.5861
Epoch 5, Batch 82/633, Grad Norms near zero: 12, Lx 0.3828, Lu 0.1302, Pentalty 0.3467, loss 0.5477
Epoch 5, Batch 83/633, Grad Norms near zero: 12, Lx 0.4006, Lu 0.1527, Pentalty 0.3779, loss 0.5911
Epoch 5, Batch 84/633, Grad Norms near zero: 12, Lx 0.3030, Lu 0.0593, Pentalty 0.5846, loss 0.4207
Epoch 5, Batch 85/633, Grad Norms near zero: 12, Lx 0.4203, Lu 0.1515, Pentalty 0.4142, loss 0.6133
Epoch 5, Batch 86/633, Grad Norms near zero: 12, Lx 0.3124, Lu 0.1590, Pentalty 0.4060, loss 0.5119
Epoch 5, Batch 87/633, Grad Norms near zero: 12, Lx 0.3040, Lu 0.0848, Pentalty 0.5162, loss 0.4404
Epoch 5, Batch 88/633, Grad Norms near zero: 12, Lx 0.3178, Lu 0.0925, Pentalty 0.5130, loss 0.4616
Epoch 5, Batch 89/633, Grad Norms near zero: 12, Lx 0.3162, Lu 0.1192, Pentalty 0.5283, loss 0.4883
Epoch 5, Batch 90/633, Grad Norms near zero: 12, Lx 0.3763, Lu 0.1946, Pentalty 0.4908, loss 0.6200
Epoch 5, Batch 91/633, Grad Norms near zero: 12, Lx 0.3667, Lu 0.1383, Pentalty 0.4851, loss 0.5536
Epoch 5, Batch 92/633, Grad Norms near zero: 12, Lx 0.3299, Lu 0.1308, Pentalty 0.4841, loss 0.5091
Epoch 5, Batch 93/633, Grad Norms near zero: 12, Lx 0.2428, Lu 0.0468, Pentalty 0.5968, loss 0.3493
Epoch 5, Batch 94/633, Grad Norms near zero: 12, Lx 0.3608, Lu 0.1184, Pentalty 0.4170, loss 0.5209
Epoch 5, Batch 95/633, Grad Norms near zero: 12, Lx 0.3577, Lu 0.1412, Pentalty 0.3710, loss 0.5360
Epoch 5, Batch 96/633, Grad Norms near zero: 12, Lx 0.4361, Lu 0.1913, Pentalty 0.3195, loss 0.6593
Epoch 5, Batch 97/633, Grad Norms near zero: 12, Lx 0.2363, Lu 0.0747, Pentalty 0.3998, loss 0.3509
Epoch 5, Batch 98/633, Grad Norms near zero: 12, Lx 0.1790, Lu 0.0490, Pentalty 0.5128, loss 0.2793
Epoch 5, Batch 99/633, Grad Norms near zero: 12, Lx 0.1473, Lu 0.0533, Pentalty 0.5574, loss 0.2563
Epoch 5, Batch 100/633, Grad Norms near zero: 12, Lx 0.2935, Lu 0.0924, Pentalty 0.5589, loss 0.4418
Epoch 5, Batch 101/633, Grad Norms near zero: 12, Lx 0.3690, Lu 0.1832, Pentalty 0.4949, loss 0.6017
Epoch 5, Batch 102/633, Grad Norms near zero: 12, Lx 0.2722, Lu 0.1141, Pentalty 0.5637, loss 0.4427
Epoch 5, Batch 103/633, Grad Norms near zero: 12, Lx 0.4416, Lu 0.1630, Pentalty 0.5094, loss 0.6555
Epoch 5, Batch 104/633, Grad Norms near zero: 12, Lx 0.1719, Lu 0.0241, Pentalty 0.9564, loss 0.2917
Epoch 5, Batch 105/633, Grad Norms near zero: 12, Lx 0.3050, Lu 0.0668, Pentalty 0.6860, loss 0.4404
Epoch 5, Batch 106/633, Grad Norms near zero: 12, Lx 0.2985, Lu 0.0842, Pentalty 0.5339, loss 0.4361
Epoch 5, Batch 107/633, Grad Norms near zero: 12, Lx 0.3444, Lu 0.1300, Pentalty 0.4417, loss 0.5186
Epoch 5, Batch 108/633, Grad Norms near zero: 12, Lx 0.3909, Lu 0.1477, Pentalty 0.4265, loss 0.5813
Epoch 5, Batch 109/633, Grad Norms near zero: 12, Lx 0.2558, Lu 0.0502, Pentalty 0.5603, loss 0.3621
Epoch 5, Batch 110/633, Grad Norms near zero: 12, Lx 0.2570, Lu 0.0742, Pentalty 0.4916, loss 0.3804
Epoch 5, Batch 111/633, Grad Norms near zero: 12, Lx 0.3994, Lu 0.1752, Pentalty 0.3351, loss 0.6080
Epoch 5, Batch 112/633, Grad Norms near zero: 12, Lx 0.2535, Lu 0.0620, Pentalty 0.5298, loss 0.3685
Epoch 5, Batch 113/633, Grad Norms near zero: 12, Lx 0.2700, Lu 0.0981, Pentalty 0.3855, loss 0.4066
Epoch 5, Batch 114/633, Grad Norms near zero: 12, Lx 0.2593, Lu 0.0600, Pentalty 0.5454, loss 0.3738
Epoch 5, Batch 115/633, Grad Norms near zero: 12, Lx 0.2735, Lu 0.0587, Pentalty 0.5361, loss 0.3858
Epoch 5, Batch 116/633, Grad Norms near zero: 12, Lx 0.2229, Lu 0.0384, Pentalty 0.5888, loss 0.3202
Epoch 5, Batch 117/633, Grad Norms near zero: 12, Lx 0.3495, Lu 0.1977, Pentalty 0.4789, loss 0.5952
Epoch 5, Batch 118/633, Grad Norms near zero: 12, Lx 0.3129, Lu 0.1699, Pentalty 0.4173, loss 0.5245
Epoch 5, Batch 119/633, Grad Norms near zero: 12, Lx 0.4279, Lu 0.1344, Pentalty 0.4757, loss 0.6098
Epoch 5, Batch 120/633, Grad Norms near zero: 12, Lx 0.3503, Lu 0.1195, Pentalty 0.4128, loss 0.5112
Epoch 5, Batch 121/633, Grad Norms near zero: 12, Lx 0.4017, Lu 0.1750, Pentalty 0.3602, loss 0.6127
Epoch 5, Batch 122/633, Grad Norms near zero: 12, Lx 0.3511, Lu 0.1418, Pentalty 0.4031, loss 0.5332
Epoch 5, Batch 123/633, Grad Norms near zero: 12, Lx 0.2263, Lu 0.0347, Pentalty 0.6434, loss 0.3254
Epoch 5, Batch 124/633, Grad Norms near zero: 12, Lx 0.4343, Lu 0.1309, Pentalty 0.3832, loss 0.6035
Epoch 5, Batch 125/633, Grad Norms near zero: 12, Lx 0.4199, Lu 0.1654, Pentalty 0.4024, loss 0.6255
Epoch 5, Batch 126/633, Grad Norms near zero: 12, Lx 0.2896, Lu 0.0729, Pentalty 0.4482, loss 0.4073
Epoch 5, Batch 127/633, Grad Norms near zero: 12, Lx 0.3545, Lu 0.0931, Pentalty 0.4402, loss 0.4916
Epoch 5, Batch 128/633, Grad Norms near zero: 12, Lx 0.3070, Lu 0.0767, Pentalty 0.4561, loss 0.4294
Epoch 5, Batch 129/633, Grad Norms near zero: 12, Lx 0.2943, Lu 0.1476, Pentalty 0.3711, loss 0.4790
Epoch 5, Batch 130/633, Grad Norms near zero: 12, Lx 0.3130, Lu 0.0890, Pentalty 0.4415, loss 0.4462
Epoch 5, Batch 131/633, Grad Norms near zero: 12, Lx 0.3878, Lu 0.1601, Pentalty 0.4022, loss 0.5882
Epoch 5, Batch 132/633, Grad Norms near zero: 12, Lx 0.3114, Lu 0.1380, Pentalty 0.4221, loss 0.4917
Epoch 5, Batch 133/633, Grad Norms near zero: 12, Lx 0.4115, Lu 0.1595, Pentalty 0.4158, loss 0.6126
Epoch 5, Batch 134/633, Grad Norms near zero: 12, Lx 0.2595, Lu 0.0547, Pentalty 0.6499, loss 0.3792
Epoch 5, Batch 135/633, Grad Norms near zero: 12, Lx 0.2191, Lu 0.0403, Pentalty 0.6738, loss 0.3268
Epoch 5, Batch 136/633, Grad Norms near zero: 12, Lx 0.3737, Lu 0.1285, Pentalty 0.4165, loss 0.5438
Epoch 5, Batch 137/633, Grad Norms near zero: 12, Lx 0.3141, Lu 0.1229, Pentalty 0.4397, loss 0.4809
Epoch 5, Batch 138/633, Grad Norms near zero: 12, Lx 0.4017, Lu 0.1655, Pentalty 0.5431, loss 0.6215
Epoch 5, Batch 139/633, Grad Norms near zero: 12, Lx 0.3773, Lu 0.1308, Pentalty 0.3826, loss 0.5464
Epoch 5, Batch 140/633, Grad Norms near zero: 12, Lx 0.2034, Lu 0.0377, Pentalty 0.6115, loss 0.3022
Epoch 5, Batch 141/633, Grad Norms near zero: 12, Lx 0.3981, Lu 0.1544, Pentalty 0.4276, loss 0.5953
Epoch 5, Batch 142/633, Grad Norms near zero: 12, Lx 0.3039, Lu 0.1302, Pentalty 0.3599, loss 0.4700
Epoch 5, Batch 143/633, Grad Norms near zero: 12, Lx 0.3467, Lu 0.1485, Pentalty 0.3396, loss 0.5291
Epoch 5, Batch 144/633, Grad Norms near zero: 12, Lx 0.4212, Lu 0.1882, Pentalty 0.3178, loss 0.6412
Epoch 5, Batch 145/633, Grad Norms near zero: 12, Lx 0.2696, Lu 0.0934, Pentalty 0.4789, loss 0.4110
Epoch 5, Batch 146/633, Grad Norms near zero: 12, Lx 0.3273, Lu 0.1269, Pentalty 0.4275, loss 0.4970
Epoch 5, Batch 147/633, Grad Norms near zero: 12, Lx 0.2920, Lu 0.0768, Pentalty 0.5744, loss 0.4262
Epoch 5, Batch 148/633, Grad Norms near zero: 12, Lx 0.3789, Lu 0.1083, Pentalty 0.5486, loss 0.5421
Epoch 5, Batch 149/633, Grad Norms near zero: 12, Lx 0.2729, Lu 0.0823, Pentalty 0.5728, loss 0.4125
Epoch 5, Batch 150/633, Grad Norms near zero: 12, Lx 0.3593, Lu 0.1324, Pentalty 0.5705, loss 0.5488
Epoch 5, Batch 151/633, Grad Norms near zero: 12, Lx 0.2551, Lu 0.0464, Pentalty 0.5996, loss 0.3614
Epoch 5, Batch 152/633, Grad Norms near zero: 12, Lx 0.3355, Lu 0.1843, Pentalty 0.4871, loss 0.5685
Epoch 5, Batch 153/633, Grad Norms near zero: 12, Lx 0.4245, Lu 0.1669, Pentalty 0.4804, loss 0.6394
Epoch 5, Batch 154/633, Grad Norms near zero: 12, Lx 0.3747, Lu 0.1305, Pentalty 0.4431, loss 0.5495
Epoch 5, Batch 155/633, Grad Norms near zero: 12, Lx 0.2645, Lu 0.0661, Pentalty 0.5152, loss 0.3821
Epoch 5, Batch 156/633, Grad Norms near zero: 12, Lx 0.3645, Lu 0.1212, Pentalty 0.4097, loss 0.5267
Epoch 5, Batch 157/633, Grad Norms near zero: 12, Lx 0.2499, Lu 0.0940, Pentalty 0.4181, loss 0.3857
Epoch 5, Batch 158/633, Grad Norms near zero: 12, Lx 0.3605, Lu 0.1086, Pentalty 0.3751, loss 0.5066
Epoch 5, Batch 159/633, Grad Norms near zero: 12, Lx 0.4171, Lu 0.1621, Pentalty 0.4206, loss 0.6213
Epoch 5, Batch 160/633, Grad Norms near zero: 12, Lx 0.2313, Lu 0.0523, Pentalty 0.5155, loss 0.3351
Epoch 5, Batch 161/633, Grad Norms near zero: 12, Lx 0.3324, Lu 0.0939, Pentalty 0.4231, loss 0.4686
Epoch 5, Batch 162/633, Grad Norms near zero: 12, Lx 0.3380, Lu 0.1139, Pentalty 0.4951, loss 0.5014
Epoch 5, Batch 163/633, Grad Norms near zero: 12, Lx 0.3352, Lu 0.1344, Pentalty 0.4812, loss 0.5177
Epoch 5, Batch 164/633, Grad Norms near zero: 12, Lx 0.3140, Lu 0.1398, Pentalty 0.5328, loss 0.5071
Epoch 5, Batch 165/633, Grad Norms near zero: 12, Lx 0.3205, Lu 0.1701, Pentalty 0.5219, loss 0.5428
Epoch 5, Batch 166/633, Grad Norms near zero: 12, Lx 0.2621, Lu 0.0432, Pentalty 0.5259, loss 0.3579
Epoch 5, Batch 167/633, Grad Norms near zero: 12, Lx 0.4729, Lu 0.1631, Pentalty 0.4544, loss 0.6814
Epoch 5, Batch 168/633, Grad Norms near zero: 12, Lx 0.3674, Lu 0.1652, Pentalty 0.3990, loss 0.5724
Epoch 5, Batch 169/633, Grad Norms near zero: 12, Lx 0.2912, Lu 0.0891, Pentalty 0.4260, loss 0.4228
Epoch 5, Batch 170/633, Grad Norms near zero: 12, Lx 0.2654, Lu 0.0677, Pentalty 0.4217, loss 0.3752
Epoch 5, Batch 171/633, Grad Norms near zero: 12, Lx 0.2571, Lu 0.0758, Pentalty 0.4830, loss 0.3812
Epoch 5, Batch 172/633, Grad Norms near zero: 12, Lx 0.2942, Lu 0.0807, Pentalty 0.4299, loss 0.4179
Epoch 5, Batch 173/633, Grad Norms near zero: 12, Lx 0.3316, Lu 0.1273, Pentalty 0.4075, loss 0.4996
Epoch 5, Batch 174/633, Grad Norms near zero: 12, Lx 0.1805, Lu 0.0285, Pentalty 0.6380, loss 0.2727
Epoch 5, Batch 175/633, Grad Norms near zero: 12, Lx 0.3656, Lu 0.0819, Pentalty 0.4962, loss 0.4972
Epoch 5, Batch 176/633, Grad Norms near zero: 12, Lx 0.2608, Lu 0.0417, Pentalty 0.5958, loss 0.3621
Epoch 5, Batch 177/633, Grad Norms near zero: 12, Lx 0.3889, Lu 0.1764, Pentalty 0.4176, loss 0.6070
Epoch 5, Batch 178/633, Grad Norms near zero: 12, Lx 0.3053, Lu 0.1244, Pentalty 0.4718, loss 0.4769
Epoch 5, Batch 179/633, Grad Norms near zero: 12, Lx 0.3201, Lu 0.1131, Pentalty 0.5061, loss 0.4838
Epoch 5, Batch 180/633, Grad Norms near zero: 12, Lx 0.2470, Lu 0.0609, Pentalty 0.6183, loss 0.3697
Epoch 5, Batch 181/633, Grad Norms near zero: 12, Lx 0.3402, Lu 0.0978, Pentalty 0.5168, loss 0.4897
Epoch 5, Batch 182/633, Grad Norms near zero: 12, Lx 0.1939, Lu 0.0188, Pentalty 0.6298, loss 0.2757
Epoch 5, Batch 183/633, Grad Norms near zero: 12, Lx 0.3654, Lu 0.1114, Pentalty 0.4865, loss 0.5255
Epoch 5, Batch 184/633, Grad Norms near zero: 12, Lx 0.2125, Lu 0.0414, Pentalty 0.6852, loss 0.3224
Epoch 5, Batch 185/633, Grad Norms near zero: 12, Lx 0.2496, Lu 0.0636, Pentalty 0.5333, loss 0.3666
Epoch 5, Batch 186/633, Grad Norms near zero: 12, Lx 0.2891, Lu 0.0847, Pentalty 0.4929, loss 0.4231
Epoch 5, Batch 187/633, Grad Norms near zero: 12, Lx 0.2997, Lu 0.0566, Pentalty 0.5573, loss 0.4120
Epoch 5, Batch 188/633, Grad Norms near zero: 12, Lx 0.2704, Lu 0.0620, Pentalty 0.5405, loss 0.3864
Epoch 5, Batch 189/633, Grad Norms near zero: 12, Lx 0.2471, Lu 0.0473, Pentalty 0.6298, loss 0.3574
Epoch 5, Batch 190/633, Grad Norms near zero: 12, Lx 0.2253, Lu 0.0317, Pentalty 0.6300, loss 0.3200
Epoch 5, Batch 191/633, Grad Norms near zero: 12, Lx 0.2646, Lu 0.1034, Pentalty 0.4925, loss 0.4173
Epoch 5, Batch 192/633, Grad Norms near zero: 12, Lx 0.3560, Lu 0.1194, Pentalty 0.4537, loss 0.5207
Epoch 5, Batch 193/633, Grad Norms near zero: 12, Lx 0.3543, Lu 0.1388, Pentalty 0.4834, loss 0.5415
Epoch 5, Batch 194/633, Grad Norms near zero: 12, Lx 0.4391, Lu 0.1772, Pentalty 0.4709, loss 0.6634
Epoch 5, Batch 195/633, Grad Norms near zero: 12, Lx 0.3339, Lu 0.1020, Pentalty 0.4675, loss 0.4827
Epoch 5, Batch 196/633, Grad Norms near zero: 12, Lx 0.3207, Lu 0.1333, Pentalty 0.3966, loss 0.4937
Epoch 5, Batch 197/633, Grad Norms near zero: 12, Lx 0.3901, Lu 0.1226, Pentalty 0.3974, loss 0.5524
Epoch 5, Batch 198/633, Grad Norms near zero: 12, Lx 0.2473, Lu 0.0613, Pentalty 0.4671, loss 0.3554
Epoch 5, Batch 199/633, Grad Norms near zero: 12, Lx 0.2832, Lu 0.1001, Pentalty 0.3993, loss 0.4233
Epoch 5, Batch 200/633, Grad Norms near zero: 12, Lx 0.2055, Lu 0.0506, Pentalty 0.5224, loss 0.3084
Epoch 5, Batch 201/633, Grad Norms near zero: 12, Lx 0.3087, Lu 0.0829, Pentalty 0.4548, loss 0.4371
Epoch 5, Batch 202/633, Grad Norms near zero: 12, Lx 0.2732, Lu 0.0681, Pentalty 0.5145, loss 0.3927
Epoch 5, Batch 203/633, Grad Norms near zero: 12, Lx 0.3295, Lu 0.1031, Pentalty 0.4552, loss 0.4781
Epoch 5, Batch 204/633, Grad Norms near zero: 12, Lx 0.2746, Lu 0.0874, Pentalty 0.5221, loss 0.4142
Epoch 5, Batch 205/633, Grad Norms near zero: 12, Lx 0.3578, Lu 0.1741, Pentalty 0.4681, loss 0.5787
Epoch 5, Batch 206/633, Grad Norms near zero: 12, Lx 0.2206, Lu 0.0595, Pentalty 0.6068, loss 0.3408
Epoch 5, Batch 207/633, Grad Norms near zero: 12, Lx 0.2962, Lu 0.1750, Pentalty 0.4924, loss 0.5204
Epoch 5, Batch 208/633, Grad Norms near zero: 12, Lx 0.2556, Lu 0.0558, Pentalty 0.5995, loss 0.3713
Epoch 5, Batch 209/633, Grad Norms near zero: 12, Lx 0.3248, Lu 0.1090, Pentalty 0.5379, loss 0.4876
Epoch 5, Batch 210/633, Grad Norms near zero: 12, Lx 0.2494, Lu 0.0391, Pentalty 0.6794, loss 0.3564
Epoch 5, Batch 211/633, Grad Norms near zero: 12, Lx 0.2011, Lu 0.0212, Pentalty 0.7032, loss 0.2926
Epoch 5, Batch 212/633, Grad Norms near zero: 12, Lx 0.3877, Lu 0.1597, Pentalty 0.4295, loss 0.5903
Epoch 5, Batch 213/633, Grad Norms near zero: 12, Lx 0.3703, Lu 0.1409, Pentalty 0.3896, loss 0.5502
Epoch 5, Batch 214/633, Grad Norms near zero: 12, Lx 0.2814, Lu 0.0692, Pentalty 0.5193, loss 0.4026
Epoch 5, Batch 215/633, Grad Norms near zero: 12, Lx 0.3862, Lu 0.1246, Pentalty 0.3450, loss 0.5453
Epoch 5, Batch 216/633, Grad Norms near zero: 12, Lx 0.2444, Lu 0.0483, Pentalty 0.5380, loss 0.3466
Epoch 5, Batch 217/633, Grad Norms near zero: 12, Lx 0.4503, Lu 0.2107, Pentalty 0.3076, loss 0.6917
Epoch 5, Batch 218/633, Grad Norms near zero: 12, Lx 0.3548, Lu 0.1391, Pentalty 0.3387, loss 0.5277
Epoch 5, Batch 219/633, Grad Norms near zero: 12, Lx 0.3225, Lu 0.1061, Pentalty 0.3902, loss 0.4676
Epoch 5, Batch 220/633, Grad Norms near zero: 12, Lx 0.3880, Lu 0.1743, Pentalty 0.4414, loss 0.6065
Epoch 5, Batch 221/633, Grad Norms near zero: 12, Lx 0.2817, Lu 0.0522, Pentalty 0.5279, loss 0.3867
Epoch 5, Batch 222/633, Grad Norms near zero: 12, Lx 0.3271, Lu 0.1868, Pentalty 0.4418, loss 0.5581
Epoch 5, Batch 223/633, Grad Norms near zero: 12, Lx 0.4152, Lu 0.1772, Pentalty 0.3626, loss 0.6287
Epoch 5, Batch 224/633, Grad Norms near zero: 12, Lx 0.3235, Lu 0.1030, Pentalty 0.4270, loss 0.4692
Epoch 5, Batch 225/633, Grad Norms near zero: 12, Lx 0.3629, Lu 0.1314, Pentalty 0.4146, loss 0.5358
Epoch 5, Batch 226/633, Grad Norms near zero: 12, Lx 0.3800, Lu 0.1715, Pentalty 0.3666, loss 0.5882
Epoch 5, Batch 227/633, Grad Norms near zero: 12, Lx 0.3632, Lu 0.1753, Pentalty 0.3970, loss 0.5783
Epoch 5, Batch 228/633, Grad Norms near zero: 12, Lx 0.3897, Lu 0.1379, Pentalty 0.4302, loss 0.5706
Epoch 5, Batch 229/633, Grad Norms near zero: 12, Lx 0.4695, Lu 0.1523, Pentalty 0.4249, loss 0.6643
Epoch 5, Batch 230/633, Grad Norms near zero: 12, Lx 0.3285, Lu 0.1409, Pentalty 0.4093, loss 0.5104
Epoch 5, Batch 231/633, Grad Norms near zero: 12, Lx 0.3486, Lu 0.1052, Pentalty 0.4455, loss 0.4984
Epoch 5, Batch 232/633, Grad Norms near zero: 12, Lx 0.3034, Lu 0.0878, Pentalty 0.5048, loss 0.4416
Epoch 5, Batch 233/633, Grad Norms near zero: 12, Lx 0.2888, Lu 0.0927, Pentalty 0.4873, loss 0.4302
Epoch 5, Batch 234/633, Grad Norms near zero: 12, Lx 0.3444, Lu 0.1435, Pentalty 0.3973, loss 0.5276
Epoch 5, Batch 235/633, Grad Norms near zero: 12, Lx 0.3523, Lu 0.1129, Pentalty 0.4130, loss 0.5065
Epoch 5, Batch 236/633, Grad Norms near zero: 12, Lx 0.3696, Lu 0.1697, Pentalty 0.4085, loss 0.5801
Epoch 5, Batch 237/633, Grad Norms near zero: 12, Lx 0.3829, Lu 0.1729, Pentalty 0.4213, loss 0.5979
Epoch 5, Batch 238/633, Grad Norms near zero: 12, Lx 0.3604, Lu 0.1556, Pentalty 0.4167, loss 0.5577
Epoch 5, Batch 239/633, Grad Norms near zero: 12, Lx 0.3677, Lu 0.1676, Pentalty 0.3825, loss 0.5735
Epoch 5, Batch 240/633, Grad Norms near zero: 12, Lx 0.3771, Lu 0.1440, Pentalty 0.4117, loss 0.5623
Epoch 5, Batch 241/633, Grad Norms near zero: 12, Lx 0.2381, Lu 0.0431, Pentalty 0.5674, loss 0.3379
Epoch 5, Batch 242/633, Grad Norms near zero: 12, Lx 0.3101, Lu 0.1489, Pentalty 0.4028, loss 0.4993
Epoch 5, Batch 243/633, Grad Norms near zero: 12, Lx 0.4200, Lu 0.1741, Pentalty 0.3892, loss 0.6331
Epoch 5, Batch 244/633, Grad Norms near zero: 12, Lx 0.3362, Lu 0.1415, Pentalty 0.4032, loss 0.5180
Epoch 5, Batch 245/633, Grad Norms near zero: 12, Lx 0.2752, Lu 0.0603, Pentalty 0.4719, loss 0.3827
Epoch 5, Batch 246/633, Grad Norms near zero: 12, Lx 0.3787, Lu 0.1137, Pentalty 0.4321, loss 0.5356
Epoch 5, Batch 247/633, Grad Norms near zero: 12, Lx 0.3371, Lu 0.0851, Pentalty 0.5067, loss 0.4728
Epoch 5, Batch 248/633, Grad Norms near zero: 12, Lx 0.4225, Lu 0.1844, Pentalty 0.4319, loss 0.6501
Epoch 5, Batch 249/633, Grad Norms near zero: 12, Lx 0.3354, Lu 0.1626, Pentalty 0.4276, loss 0.5407
Epoch 5, Batch 250/633, Grad Norms near zero: 12, Lx 0.4069, Lu 0.1839, Pentalty 0.4380, loss 0.6345
Epoch 5, Batch 251/633, Grad Norms near zero: 12, Lx 0.2995, Lu 0.1168, Pentalty 0.4560, loss 0.4618
Epoch 5, Batch 252/633, Grad Norms near zero: 12, Lx 0.4101, Lu 0.1740, Pentalty 0.3895, loss 0.6230
Epoch 5, Batch 253/633, Grad Norms near zero: 12, Lx 0.2912, Lu 0.0589, Pentalty 0.5467, loss 0.4048
Epoch 5, Batch 254/633, Grad Norms near zero: 12, Lx 0.1816, Lu 0.0474, Pentalty 0.5640, loss 0.2854
Epoch 5, Batch 255/633, Grad Norms near zero: 12, Lx 0.2654, Lu 0.0881, Pentalty 0.4319, loss 0.3967
Epoch 5, Batch 256/633, Grad Norms near zero: 12, Lx 0.2167, Lu 0.0569, Pentalty 0.5449, loss 0.3281
Epoch 5, Batch 257/633, Grad Norms near zero: 12, Lx 0.2385, Lu 0.0517, Pentalty 0.5549, loss 0.3457
Epoch 5, Batch 258/633, Grad Norms near zero: 12, Lx 0.3166, Lu 0.1050, Pentalty 0.4827, loss 0.4699
Epoch 5, Batch 259/633, Grad Norms near zero: 12, Lx 0.2223, Lu 0.0450, Pentalty 0.6123, loss 0.3285
Epoch 5, Batch 260/633, Grad Norms near zero: 12, Lx 0.3099, Lu 0.0569, Pentalty 0.6036, loss 0.4272
Epoch 5, Batch 261/633, Grad Norms near zero: 12, Lx 0.3479, Lu 0.1094, Pentalty 0.5106, loss 0.5084
Epoch 5, Batch 262/633, Grad Norms near zero: 12, Lx 0.2809, Lu 0.0889, Pentalty 0.5499, loss 0.4248
Epoch 5, Batch 263/633, Grad Norms near zero: 12, Lx 0.2761, Lu 0.0429, Pentalty 0.6177, loss 0.3807
Epoch 5, Batch 264/633, Grad Norms near zero: 12, Lx 0.3704, Lu 0.1854, Pentalty 0.4870, loss 0.6045
Epoch 5, Batch 265/633, Grad Norms near zero: 12, Lx 0.2907, Lu 0.1181, Pentalty 0.4074, loss 0.4495
Epoch 5, Batch 266/633, Grad Norms near zero: 12, Lx 0.2995, Lu 0.1033, Pentalty 0.3907, loss 0.4419
Epoch 5, Batch 267/633, Grad Norms near zero: 12, Lx 0.4427, Lu 0.1355, Pentalty 0.3581, loss 0.6140
Epoch 5, Batch 268/633, Grad Norms near zero: 12, Lx 0.3467, Lu 0.1765, Pentalty 0.4093, loss 0.5642
Epoch 5, Batch 269/633, Grad Norms near zero: 12, Lx 0.3227, Lu 0.0697, Pentalty 0.4643, loss 0.4389
Epoch 5, Batch 270/633, Grad Norms near zero: 12, Lx 0.3611, Lu 0.1826, Pentalty 0.3200, loss 0.5757
Epoch 5, Batch 271/633, Grad Norms near zero: 12, Lx 0.2868, Lu 0.0885, Pentalty 0.4392, loss 0.4192
Epoch 5, Batch 272/633, Grad Norms near zero: 12, Lx 0.1801, Lu 0.0359, Pentalty 0.6099, loss 0.2770
Epoch 5, Batch 273/633, Grad Norms near zero: 12, Lx 0.2735, Lu 0.0598, Pentalty 0.5166, loss 0.3850
Epoch 5, Batch 274/633, Grad Norms near zero: 12, Lx 0.3600, Lu 0.1340, Pentalty 0.4219, loss 0.5362
Epoch 5, Batch 275/633, Grad Norms near zero: 12, Lx 0.3334, Lu 0.0912, Pentalty 0.4999, loss 0.4746
Epoch 5, Batch 276/633, Grad Norms near zero: 12, Lx 0.2644, Lu 0.1158, Pentalty 0.4720, loss 0.4274
Epoch 5, Batch 277/633, Grad Norms near zero: 12, Lx 0.2759, Lu 0.0429, Pentalty 0.6545, loss 0.3842
Epoch 5, Batch 278/633, Grad Norms near zero: 12, Lx 0.3602, Lu 0.1436, Pentalty 0.4742, loss 0.5512
Epoch 5, Batch 279/633, Grad Norms near zero: 12, Lx 0.3232, Lu 0.1251, Pentalty 0.4999, loss 0.4983
Epoch 5, Batch 280/633, Grad Norms near zero: 12, Lx 0.2890, Lu 0.1212, Pentalty 0.5340, loss 0.4635
Epoch 5, Batch 281/633, Grad Norms near zero: 12, Lx 0.2406, Lu 0.0497, Pentalty 0.6078, loss 0.3510
Epoch 5, Batch 282/633, Grad Norms near zero: 12, Lx 0.3257, Lu 0.1061, Pentalty 0.4864, loss 0.4804
Epoch 5, Batch 283/633, Grad Norms near zero: 12, Lx 0.2849, Lu 0.0765, Pentalty 0.4931, loss 0.4107
Epoch 5, Batch 284/633, Grad Norms near zero: 12, Lx 0.3386, Lu 0.0757, Pentalty 0.4877, loss 0.4631
Epoch 5, Batch 285/633, Grad Norms near zero: 12, Lx 0.2992, Lu 0.0870, Pentalty 0.4715, loss 0.4333
Epoch 5, Batch 286/633, Grad Norms near zero: 12, Lx 0.3343, Lu 0.0873, Pentalty 0.4674, loss 0.4683
Epoch 5, Batch 287/633, Grad Norms near zero: 12, Lx 0.3067, Lu 0.1236, Pentalty 0.3935, loss 0.4697
Epoch 5, Batch 288/633, Grad Norms near zero: 12, Lx 0.2524, Lu 0.0891, Pentalty 0.4437, loss 0.3859
Epoch 5, Batch 289/633, Grad Norms near zero: 12, Lx 0.4197, Lu 0.1710, Pentalty 0.4107, loss 0.6318
Epoch 5, Batch 290/633, Grad Norms near zero: 12, Lx 0.2216, Lu 0.0753, Pentalty 0.4930, loss 0.3462
Epoch 5, Batch 291/633, Grad Norms near zero: 12, Lx 0.4068, Lu 0.1801, Pentalty 0.3818, loss 0.6251
Epoch 5, Batch 292/633, Grad Norms near zero: 12, Lx 0.2582, Lu 0.0400, Pentalty 0.5609, loss 0.3542
Epoch 5, Batch 293/633, Grad Norms near zero: 12, Lx 0.3307, Lu 0.1051, Pentalty 0.4464, loss 0.4804
Epoch 5, Batch 294/633, Grad Norms near zero: 12, Lx 0.3420, Lu 0.0754, Pentalty 0.5156, loss 0.4690
Epoch 5, Batch 295/633, Grad Norms near zero: 12, Lx 0.3994, Lu 0.1310, Pentalty 0.4443, loss 0.5749
Epoch 5, Batch 296/633, Grad Norms near zero: 12, Lx 0.2772, Lu 0.0564, Pentalty 0.5401, loss 0.3876
Epoch 5, Batch 297/633, Grad Norms near zero: 12, Lx 0.4407, Lu 0.1801, Pentalty 0.4207, loss 0.6629
Epoch 5, Batch 298/633, Grad Norms near zero: 12, Lx 0.1821, Lu 0.0261, Pentalty 0.6410, loss 0.2724
Epoch 5, Batch 299/633, Grad Norms near zero: 12, Lx 0.3834, Lu 0.1217, Pentalty 0.4367, loss 0.5488
Epoch 5, Batch 300/633, Grad Norms near zero: 12, Lx 0.3000, Lu 0.1131, Pentalty 0.4430, loss 0.4574
Epoch 5, Batch 301/633, Grad Norms near zero: 12, Lx 0.3886, Lu 0.1327, Pentalty 0.4188, loss 0.5632
Epoch 5, Batch 302/633, Grad Norms near zero: 12, Lx 0.3301, Lu 0.0903, Pentalty 0.4631, loss 0.4667
Epoch 5, Batch 303/633, Grad Norms near zero: 12, Lx 0.4476, Lu 0.1630, Pentalty 0.3913, loss 0.6498
Epoch 5, Batch 304/633, Grad Norms near zero: 12, Lx 0.3215, Lu 0.0746, Pentalty 0.4751, loss 0.4437
Epoch 5, Batch 305/633, Grad Norms near zero: 12, Lx 0.3550, Lu 0.0986, Pentalty 0.4426, loss 0.4979
Epoch 5, Batch 306/633, Grad Norms near zero: 12, Lx 0.3084, Lu 0.1101, Pentalty 0.4136, loss 0.4599
Epoch 5, Batch 307/633, Grad Norms near zero: 12, Lx 0.3288, Lu 0.1111, Pentalty 0.4469, loss 0.4846
Epoch 5, Batch 308/633, Grad Norms near zero: 12, Lx 0.3545, Lu 0.1382, Pentalty 0.3971, loss 0.5324
Epoch 5, Batch 309/633, Grad Norms near zero: 12, Lx 0.3815, Lu 0.1593, Pentalty 0.4215, loss 0.5829
Epoch 5, Batch 310/633, Grad Norms near zero: 12, Lx 0.3744, Lu 0.1355, Pentalty 0.3618, loss 0.5461
Epoch 5, Batch 311/633, Grad Norms near zero: 12, Lx 0.4106, Lu 0.1868, Pentalty 0.3901, loss 0.6365
Epoch 5, Batch 312/633, Grad Norms near zero: 12, Lx 0.3607, Lu 0.1609, Pentalty 0.3465, loss 0.5562
Epoch 5, Batch 313/633, Grad Norms near zero: 12, Lx 0.3005, Lu 0.1058, Pentalty 0.4009, loss 0.4464
Epoch 5, Batch 314/633, Grad Norms near zero: 12, Lx 0.2149, Lu 0.0455, Pentalty 0.5071, loss 0.3112
Epoch 5, Batch 315/633, Grad Norms near zero: 12, Lx 0.2717, Lu 0.0747, Pentalty 0.4376, loss 0.3902
Epoch 5, Batch 316/633, Grad Norms near zero: 12, Lx 0.4059, Lu 0.1489, Pentalty 0.3826, loss 0.5930
Epoch 5, Batch 317/633, Grad Norms near zero: 12, Lx 0.3021, Lu 0.0810, Pentalty 0.4705, loss 0.4301
Epoch 5, Batch 318/633, Grad Norms near zero: 12, Lx 0.3915, Lu 0.1294, Pentalty 0.4240, loss 0.5633
Epoch 5, Batch 319/633, Grad Norms near zero: 12, Lx 0.3046, Lu 0.0968, Pentalty 0.4905, loss 0.4504
Epoch 5, Batch 320/633, Grad Norms near zero: 12, Lx 0.3049, Lu 0.0952, Pentalty 0.4869, loss 0.4488
Epoch 5, Batch 321/633, Grad Norms near zero: 12, Lx 0.4052, Lu 0.1918, Pentalty 0.4400, loss 0.6410
Epoch 5, Batch 322/633, Grad Norms near zero: 12, Lx 0.3312, Lu 0.1030, Pentalty 0.4698, loss 0.4812
Epoch 5, Batch 323/633, Grad Norms near zero: 12, Lx 0.3884, Lu 0.1678, Pentalty 0.4441, loss 0.6006
Epoch 5, Batch 324/633, Grad Norms near zero: 12, Lx 0.2934, Lu 0.0764, Pentalty 0.5215, loss 0.4220
Epoch 5, Batch 325/633, Grad Norms near zero: 12, Lx 0.3329, Lu 0.1123, Pentalty 0.4279, loss 0.4880
Epoch 5, Batch 326/633, Grad Norms near zero: 12, Lx 0.1977, Lu 0.0364, Pentalty 0.6044, loss 0.2945
Epoch 5, Batch 327/633, Grad Norms near zero: 12, Lx 0.2617, Lu 0.0857, Pentalty 0.4996, loss 0.3974
Epoch 5, Batch 328/633, Grad Norms near zero: 12, Lx 0.3363, Lu 0.1089, Pentalty 0.4487, loss 0.4901
Epoch 5, Batch 329/633, Grad Norms near zero: 12, Lx 0.3915, Lu 0.1660, Pentalty 0.4578, loss 0.6033
Epoch 5, Batch 330/633, Grad Norms near zero: 12, Lx 0.3855, Lu 0.1335, Pentalty 0.3859, loss 0.5576
Epoch 5, Batch 331/633, Grad Norms near zero: 12, Lx 0.3031, Lu 0.0559, Pentalty 0.5222, loss 0.4112
Epoch 5, Batch 332/633, Grad Norms near zero: 12, Lx 0.3678, Lu 0.1031, Pentalty 0.4342, loss 0.5144
Epoch 5, Batch 333/633, Grad Norms near zero: 12, Lx 0.3901, Lu 0.1759, Pentalty 0.3500, loss 0.6010
Epoch 5, Batch 334/633, Grad Norms near zero: 12, Lx 0.3415, Lu 0.1635, Pentalty 0.3836, loss 0.5433
Epoch 5, Batch 335/633, Grad Norms near zero: 12, Lx 0.4275, Lu 0.1368, Pentalty 0.4013, loss 0.6044
Epoch 5, Batch 336/633, Grad Norms near zero: 12, Lx 0.2803, Lu 0.0733, Pentalty 0.4682, loss 0.4004
Epoch 5, Batch 337/633, Grad Norms near zero: 12, Lx 0.3063, Lu 0.1041, Pentalty 0.4064, loss 0.4511
Epoch 5, Batch 338/633, Grad Norms near zero: 12, Lx 0.3725, Lu 0.1721, Pentalty 0.3742, loss 0.5819
Epoch 5, Batch 339/633, Grad Norms near zero: 12, Lx 0.4033, Lu 0.1643, Pentalty 0.3650, loss 0.6042
Epoch 5, Batch 340/633, Grad Norms near zero: 12, Lx 0.3653, Lu 0.1189, Pentalty 0.3895, loss 0.5232
Epoch 5, Batch 341/633, Grad Norms near zero: 12, Lx 0.2791, Lu 0.0714, Pentalty 0.4821, loss 0.3987
Epoch 5, Batch 342/633, Grad Norms near zero: 12, Lx 0.3516, Lu 0.1634, Pentalty 0.4228, loss 0.5572
Epoch 5, Batch 343/633, Grad Norms near zero: 12, Lx 0.3244, Lu 0.1309, Pentalty 0.4048, loss 0.4958
Epoch 5, Batch 344/633, Grad Norms near zero: 12, Lx 0.2822, Lu 0.0701, Pentalty 0.5155, loss 0.4038
Epoch 5, Batch 345/633, Grad Norms near zero: 12, Lx 0.3700, Lu 0.1600, Pentalty 0.4192, loss 0.5719
Epoch 5, Batch 346/633, Grad Norms near zero: 12, Lx 0.3093, Lu 0.1089, Pentalty 0.4402, loss 0.4622
Epoch 5, Batch 347/633, Grad Norms near zero: 12, Lx 0.2811, Lu 0.0807, Pentalty 0.5224, loss 0.4140
Epoch 5, Batch 348/633, Grad Norms near zero: 12, Lx 0.3195, Lu 0.0774, Pentalty 0.4986, loss 0.4467
Epoch 5, Batch 349/633, Grad Norms near zero: 12, Lx 0.3254, Lu 0.1156, Pentalty 0.4640, loss 0.4875
Epoch 5, Batch 350/633, Grad Norms near zero: 12, Lx 0.2994, Lu 0.1573, Pentalty 0.4717, loss 0.5038
Epoch 5, Batch 351/633, Grad Norms near zero: 12, Lx 0.4144, Lu 0.1707, Pentalty 0.4360, loss 0.6287
Epoch 5, Batch 352/633, Grad Norms near zero: 12, Lx 0.4479, Lu 0.1791, Pentalty 0.4645, loss 0.6734
Epoch 5, Batch 353/633, Grad Norms near zero: 12, Lx 0.1656, Lu 0.0340, Pentalty 0.6667, loss 0.2663
Epoch 5, Batch 354/633, Grad Norms near zero: 12, Lx 0.2766, Lu 0.0505, Pentalty 0.6272, loss 0.3898
Epoch 5, Batch 355/633, Grad Norms near zero: 12, Lx 0.3211, Lu 0.1640, Pentalty 0.4518, loss 0.5303
Epoch 5, Batch 356/633, Grad Norms near zero: 12, Lx 0.3479, Lu 0.0919, Pentalty 0.4696, loss 0.4868
Epoch 5, Batch 357/633, Grad Norms near zero: 12, Lx 0.4039, Lu 0.1531, Pentalty 0.4033, loss 0.5974
Epoch 5, Batch 358/633, Grad Norms near zero: 12, Lx 0.2908, Lu 0.1005, Pentalty 0.4335, loss 0.4347
Epoch 5, Batch 359/633, Grad Norms near zero: 12, Lx 0.2976, Lu 0.0873, Pentalty 0.4425, loss 0.4291
Epoch 5, Batch 360/633, Grad Norms near zero: 12, Lx 0.2979, Lu 0.0889, Pentalty 0.4578, loss 0.4326
Epoch 5, Batch 361/633, Grad Norms near zero: 12, Lx 0.2918, Lu 0.0800, Pentalty 0.5056, loss 0.4223
Epoch 5, Batch 362/633, Grad Norms near zero: 12, Lx 0.3594, Lu 0.1348, Pentalty 0.4017, loss 0.5344
Epoch 5, Batch 363/633, Grad Norms near zero: 12, Lx 0.2205, Lu 0.0376, Pentalty 0.6265, loss 0.3208
Epoch 5, Batch 364/633, Grad Norms near zero: 12, Lx 0.2794, Lu 0.0989, Pentalty 0.4670, loss 0.4251
Epoch 5, Batch 365/633, Grad Norms near zero: 12, Lx 0.2858, Lu 0.0978, Pentalty 0.4573, loss 0.4294
Epoch 5, Batch 366/633, Grad Norms near zero: 12, Lx 0.2357, Lu 0.0499, Pentalty 0.6051, loss 0.3461
Epoch 5, Batch 367/633, Grad Norms near zero: 12, Lx 0.3337, Lu 0.1219, Pentalty 0.4875, loss 0.5043
Epoch 5, Batch 368/633, Grad Norms near zero: 12, Lx 0.3768, Lu 0.1586, Pentalty 0.4030, loss 0.5758
Epoch 5, Batch 369/633, Grad Norms near zero: 12, Lx 0.2867, Lu 0.0785, Pentalty 0.5341, loss 0.4186
Epoch 5, Batch 370/633, Grad Norms near zero: 12, Lx 0.3835, Lu 0.1731, Pentalty 0.4861, loss 0.6052
Epoch 5, Batch 371/633, Grad Norms near zero: 12, Lx 0.2986, Lu 0.1199, Pentalty 0.4106, loss 0.4595
Epoch 5, Batch 372/633, Grad Norms near zero: 12, Lx 0.3398, Lu 0.0944, Pentalty 0.4492, loss 0.4791
Epoch 5, Batch 373/633, Grad Norms near zero: 12, Lx 0.2920, Lu 0.1225, Pentalty 0.4138, loss 0.4559
Epoch 5, Batch 374/633, Grad Norms near zero: 12, Lx 0.3967, Lu 0.1836, Pentalty 0.3006, loss 0.6104
Epoch 5, Batch 375/633, Grad Norms near zero: 12, Lx 0.3479, Lu 0.0985, Pentalty 0.4183, loss 0.4882
Epoch 5, Batch 376/633, Grad Norms near zero: 12, Lx 0.3482, Lu 0.1195, Pentalty 0.3427, loss 0.5020
Epoch 5, Batch 377/633, Grad Norms near zero: 12, Lx 0.3848, Lu 0.1700, Pentalty 0.3412, loss 0.5889
Epoch 5, Batch 378/633, Grad Norms near zero: 12, Lx 0.3340, Lu 0.1183, Pentalty 0.4028, loss 0.4925
Epoch 5, Batch 379/633, Grad Norms near zero: 12, Lx 0.3682, Lu 0.1315, Pentalty 0.4575, loss 0.5455
Epoch 5, Batch 380/633, Grad Norms near zero: 12, Lx 0.3400, Lu 0.1874, Pentalty 0.4264, loss 0.5700
Epoch 5, Batch 381/633, Grad Norms near zero: 12, Lx 0.3128, Lu 0.1075, Pentalty 0.4895, loss 0.4693
Epoch 5, Batch 382/633, Grad Norms near zero: 12, Lx 0.4045, Lu 0.1086, Pentalty 0.5031, loss 0.5634
Epoch 5, Batch 383/633, Grad Norms near zero: 12, Lx 0.3428, Lu 0.1312, Pentalty 0.4592, loss 0.5199
Epoch 5, Batch 384/633, Grad Norms near zero: 12, Lx 0.3286, Lu 0.0698, Pentalty 0.5160, loss 0.4500
Epoch 5, Batch 385/633, Grad Norms near zero: 12, Lx 0.4270, Lu 0.1603, Pentalty 0.4149, loss 0.6287
Epoch 5, Batch 386/633, Grad Norms near zero: 12, Lx 0.2462, Lu 0.1139, Pentalty 0.4522, loss 0.4053
Epoch 5, Batch 387/633, Grad Norms near zero: 12, Lx 0.2957, Lu 0.1004, Pentalty 0.4646, loss 0.4426
Epoch 5, Batch 388/633, Grad Norms near zero: 12, Lx 0.3708, Lu 0.1494, Pentalty 0.4379, loss 0.5640
Epoch 5, Batch 389/633, Grad Norms near zero: 12, Lx 0.3462, Lu 0.0986, Pentalty 0.4776, loss 0.4925
Epoch 5, Batch 390/633, Grad Norms near zero: 12, Lx 0.2794, Lu 0.1157, Pentalty 0.4670, loss 0.4418
Epoch 5, Batch 391/633, Grad Norms near zero: 12, Lx 0.2292, Lu 0.0600, Pentalty 0.5512, loss 0.3443
Epoch 5, Batch 392/633, Grad Norms near zero: 12, Lx 0.3315, Lu 0.1163, Pentalty 0.4670, loss 0.4946
Epoch 5, Batch 393/633, Grad Norms near zero: 12, Lx 0.2873, Lu 0.1013, Pentalty 0.4922, loss 0.4379
Epoch 5, Batch 394/633, Grad Norms near zero: 12, Lx 0.2531, Lu 0.0767, Pentalty 0.5308, loss 0.3829
Epoch 5, Batch 395/633, Grad Norms near zero: 12, Lx 0.3348, Lu 0.0874, Pentalty 0.4977, loss 0.4719
Epoch 5, Batch 396/633, Grad Norms near zero: 12, Lx 0.2217, Lu 0.0389, Pentalty 0.5630, loss 0.3168
Epoch 5, Batch 397/633, Grad Norms near zero: 12, Lx 0.1097, Lu 0.0244, Pentalty 0.7014, loss 0.2042
Epoch 5, Batch 398/633, Grad Norms near zero: 12, Lx 0.3384, Lu 0.1444, Pentalty 0.4609, loss 0.5289
Epoch 5, Batch 399/633, Grad Norms near zero: 12, Lx 0.3672, Lu 0.1320, Pentalty 0.4678, loss 0.5460
Epoch 5, Batch 400/633, Grad Norms near zero: 12, Lx 0.2326, Lu 0.0607, Pentalty 0.6045, loss 0.3537
Epoch 5, Batch 401/633, Grad Norms near zero: 12, Lx 0.4173, Lu 0.1212, Pentalty 0.4796, loss 0.5865
Epoch 5, Batch 402/633, Grad Norms near zero: 12, Lx 0.3496, Lu 0.1669, Pentalty 0.5010, loss 0.5667
Epoch 5, Batch 403/633, Grad Norms near zero: 12, Lx 0.3938, Lu 0.1106, Pentalty 0.4822, loss 0.5527
Epoch 5, Batch 404/633, Grad Norms near zero: 12, Lx 0.2755, Lu 0.0778, Pentalty 0.5095, loss 0.4042
Epoch 5, Batch 405/633, Grad Norms near zero: 12, Lx 0.2982, Lu 0.0697, Pentalty 0.5119, loss 0.4190
Epoch 5, Batch 406/633, Grad Norms near zero: 12, Lx 0.2570, Lu 0.0689, Pentalty 0.4917, loss 0.3750
Epoch 5, Batch 407/633, Grad Norms near zero: 12, Lx 0.2226, Lu 0.0567, Pentalty 0.5270, loss 0.3320
Epoch 5, Batch 408/633, Grad Norms near zero: 12, Lx 0.3969, Lu 0.1326, Pentalty 0.4066, loss 0.5701
Epoch 5, Batch 409/633, Grad Norms near zero: 12, Lx 0.3242, Lu 0.0996, Pentalty 0.4133, loss 0.4651
Epoch 5, Batch 410/633, Grad Norms near zero: 12, Lx 0.3489, Lu 0.1549, Pentalty 0.4071, loss 0.5446
Epoch 5, Batch 411/633, Grad Norms near zero: 12, Lx 0.2885, Lu 0.0700, Pentalty 0.5062, loss 0.4091
Epoch 5, Batch 412/633, Grad Norms near zero: 12, Lx 0.2986, Lu 0.1144, Pentalty 0.4392, loss 0.4569
Epoch 5, Batch 413/633, Grad Norms near zero: 12, Lx 0.2844, Lu 0.0731, Pentalty 0.4749, loss 0.4050
Epoch 5, Batch 414/633, Grad Norms near zero: 12, Lx 0.2791, Lu 0.0609, Pentalty 0.4828, loss 0.3883
Epoch 5, Batch 415/633, Grad Norms near zero: 12, Lx 0.3331, Lu 0.1572, Pentalty 0.4251, loss 0.5328
Epoch 5, Batch 416/633, Grad Norms near zero: 12, Lx 0.3386, Lu 0.1215, Pentalty 0.4404, loss 0.5042
Epoch 5, Batch 417/633, Grad Norms near zero: 12, Lx 0.2463, Lu 0.0581, Pentalty 0.5334, loss 0.3577
Epoch 5, Batch 418/633, Grad Norms near zero: 12, Lx 0.4086, Lu 0.1604, Pentalty 0.3570, loss 0.6047
Epoch 5, Batch 419/633, Grad Norms near zero: 12, Lx 0.4293, Lu 0.2156, Pentalty 0.4446, loss 0.6893
Epoch 5, Batch 420/633, Grad Norms near zero: 12, Lx 0.3428, Lu 0.1073, Pentalty 0.4527, loss 0.4954
Epoch 5, Batch 421/633, Grad Norms near zero: 12, Lx 0.3157, Lu 0.1482, Pentalty 0.3773, loss 0.5016
Epoch 5, Batch 422/633, Grad Norms near zero: 12, Lx 0.3517, Lu 0.1668, Pentalty 0.3549, loss 0.5540
Epoch 5, Batch 423/633, Grad Norms near zero: 12, Lx 0.3195, Lu 0.1349, Pentalty 0.3853, loss 0.4928
Epoch 5, Batch 424/633, Grad Norms near zero: 12, Lx 0.3171, Lu 0.0990, Pentalty 0.4336, loss 0.4594
Epoch 5, Batch 425/633, Grad Norms near zero: 12, Lx 0.1832, Lu 0.0291, Pentalty 0.6337, loss 0.2757
Epoch 5, Batch 426/633, Grad Norms near zero: 12, Lx 0.4160, Lu 0.1695, Pentalty 0.3977, loss 0.6253
Epoch 5, Batch 427/633, Grad Norms near zero: 12, Lx 0.3111, Lu 0.1243, Pentalty 0.3910, loss 0.4745
Epoch 5, Batch 428/633, Grad Norms near zero: 12, Lx 0.3089, Lu 0.0907, Pentalty 0.4975, loss 0.4494
Epoch 5, Batch 429/633, Grad Norms near zero: 12, Lx 0.2858, Lu 0.0699, Pentalty 0.5134, loss 0.4070
Epoch 5, Batch 430/633, Grad Norms near zero: 12, Lx 0.3467, Lu 0.1342, Pentalty 0.4321, loss 0.5241
Epoch 5, Batch 431/633, Grad Norms near zero: 12, Lx 0.2668, Lu 0.0513, Pentalty 0.5967, loss 0.3777
Epoch 5, Batch 432/633, Grad Norms near zero: 12, Lx 0.4164, Lu 0.1758, Pentalty 0.4013, loss 0.6322
Epoch 5, Batch 433/633, Grad Norms near zero: 12, Lx 0.3846, Lu 0.1580, Pentalty 0.4035, loss 0.5830
Epoch 5, Batch 434/633, Grad Norms near zero: 12, Lx 0.3950, Lu 0.1551, Pentalty 0.4404, loss 0.5942
Epoch 5, Batch 435/633, Grad Norms near zero: 12, Lx 0.3729, Lu 0.1472, Pentalty 0.3595, loss 0.5561
Epoch 5, Batch 436/633, Grad Norms near zero: 12, Lx 0.2907, Lu 0.1076, Pentalty 0.4325, loss 0.4415
Epoch 5, Batch 437/633, Grad Norms near zero: 12, Lx 0.2571, Lu 0.0611, Pentalty 0.5040, loss 0.3686
Epoch 5, Batch 438/633, Grad Norms near zero: 12, Lx 0.2707, Lu 0.0606, Pentalty 0.4970, loss 0.3811
Epoch 5, Batch 439/633, Grad Norms near zero: 12, Lx 0.3894, Lu 0.1843, Pentalty 0.3640, loss 0.6101
Epoch 5, Batch 440/633, Grad Norms near zero: 12, Lx 0.3281, Lu 0.1152, Pentalty 0.3855, loss 0.4819
Epoch 5, Batch 441/633, Grad Norms near zero: 12, Lx 0.3483, Lu 0.1013, Pentalty 0.4451, loss 0.4941
Epoch 5, Batch 442/633, Grad Norms near zero: 12, Lx 0.3774, Lu 0.1479, Pentalty 0.3751, loss 0.5628
Epoch 5, Batch 443/633, Grad Norms near zero: 12, Lx 0.2969, Lu 0.1106, Pentalty 0.4693, loss 0.4544
Epoch 5, Batch 444/633, Grad Norms near zero: 12, Lx 0.3022, Lu 0.1078, Pentalty 0.5019, loss 0.4602
Epoch 5, Batch 445/633, Grad Norms near zero: 12, Lx 0.3913, Lu 0.1473, Pentalty 0.4330, loss 0.5819
Epoch 5, Batch 446/633, Grad Norms near zero: 12, Lx 0.1309, Lu 0.0124, Pentalty 0.8613, loss 0.2294
Epoch 5, Batch 447/633, Grad Norms near zero: 12, Lx 0.3327, Lu 0.1010, Pentalty 0.4980, loss 0.4834
Epoch 5, Batch 448/633, Grad Norms near zero: 12, Lx 0.2046, Lu 0.0500, Pentalty 0.6125, loss 0.3158
Epoch 5, Batch 449/633, Grad Norms near zero: 12, Lx 0.1773, Lu 0.0242, Pentalty 0.7940, loss 0.2810
Epoch 5, Batch 450/633, Grad Norms near zero: 12, Lx 0.3963, Lu 0.1301, Pentalty 0.4692, loss 0.5733
Epoch 5, Batch 451/633, Grad Norms near zero: 12, Lx 0.3583, Lu 0.1588, Pentalty 0.4136, loss 0.5584
Epoch 5, Batch 452/633, Grad Norms near zero: 12, Lx 0.3429, Lu 0.1126, Pentalty 0.4328, loss 0.4988
Epoch 5, Batch 453/633, Grad Norms near zero: 12, Lx 0.2866, Lu 0.0664, Pentalty 0.5306, loss 0.4060
Epoch 5, Batch 454/633, Grad Norms near zero: 12, Lx 0.3806, Lu 0.0988, Pentalty 0.4256, loss 0.5220
Epoch 5, Batch 455/633, Grad Norms near zero: 12, Lx 0.3219, Lu 0.0720, Pentalty 0.4763, loss 0.4416
Epoch 5, Batch 456/633, Grad Norms near zero: 12, Lx 0.3420, Lu 0.1542, Pentalty 0.3576, loss 0.5321
Epoch 5, Batch 457/633, Grad Norms near zero: 12, Lx 0.2258, Lu 0.0653, Pentalty 0.5041, loss 0.3415
Epoch 5, Batch 458/633, Grad Norms near zero: 12, Lx 0.3877, Lu 0.1409, Pentalty 0.3852, loss 0.5672
Epoch 5, Batch 459/633, Grad Norms near zero: 12, Lx 0.4180, Lu 0.1529, Pentalty 0.3749, loss 0.6084
Epoch 5, Batch 460/633, Grad Norms near zero: 12, Lx 0.2435, Lu 0.0571, Pentalty 0.5573, loss 0.3563
Epoch 5, Batch 461/633, Grad Norms near zero: 12, Lx 0.2866, Lu 0.1051, Pentalty 0.4510, loss 0.4368
Epoch 5, Batch 462/633, Grad Norms near zero: 12, Lx 0.4332, Lu 0.1540, Pentalty 0.4443, loss 0.6316
Epoch 5, Batch 463/633, Grad Norms near zero: 12, Lx 0.3165, Lu 0.0745, Pentalty 0.5554, loss 0.4466
Epoch 5, Batch 464/633, Grad Norms near zero: 12, Lx 0.2912, Lu 0.1184, Pentalty 0.5287, loss 0.4625
Epoch 5, Batch 465/633, Grad Norms near zero: 12, Lx 0.3938, Lu 0.1580, Pentalty 0.4820, loss 0.5999
Epoch 5, Batch 466/633, Grad Norms near zero: 12, Lx 0.3677, Lu 0.1320, Pentalty 0.4909, loss 0.5488
Epoch 5, Batch 467/633, Grad Norms near zero: 12, Lx 0.3884, Lu 0.1196, Pentalty 0.4384, loss 0.5519
Epoch 5, Batch 468/633, Grad Norms near zero: 12, Lx 0.3633, Lu 0.1244, Pentalty 0.4731, loss 0.5350
Epoch 5, Batch 469/633, Grad Norms near zero: 12, Lx 0.2761, Lu 0.0793, Pentalty 0.4848, loss 0.4039
Epoch 5, Batch 470/633, Grad Norms near zero: 12, Lx 0.3538, Lu 0.1024, Pentalty 0.3930, loss 0.4954
Epoch 5, Batch 471/633, Grad Norms near zero: 12, Lx 0.3334, Lu 0.1413, Pentalty 0.3793, loss 0.5126
Epoch 5, Batch 472/633, Grad Norms near zero: 12, Lx 0.3614, Lu 0.1190, Pentalty 0.4158, loss 0.5219
Epoch 5, Batch 473/633, Grad Norms near zero: 12, Lx 0.4138, Lu 0.1531, Pentalty 0.3656, loss 0.6034
Epoch 5, Batch 474/633, Grad Norms near zero: 12, Lx 0.2319, Lu 0.0529, Pentalty 0.4630, loss 0.3310
Epoch 5, Batch 475/633, Grad Norms near zero: 12, Lx 0.3114, Lu 0.0871, Pentalty 0.4753, loss 0.4461
Epoch 5, Batch 476/633, Grad Norms near zero: 12, Lx 0.3937, Lu 0.1651, Pentalty 0.3964, loss 0.5984
Epoch 5, Batch 477/633, Grad Norms near zero: 12, Lx 0.2919, Lu 0.1015, Pentalty 0.4686, loss 0.4402
Epoch 5, Batch 478/633, Grad Norms near zero: 12, Lx 0.2401, Lu 0.0440, Pentalty 0.6828, loss 0.3524
Epoch 5, Batch 479/633, Grad Norms near zero: 12, Lx 0.3342, Lu 0.0774, Pentalty 0.5534, loss 0.4670
Epoch 5, Batch 480/633, Grad Norms near zero: 12, Lx 0.2075, Lu 0.0339, Pentalty 0.6203, loss 0.3034
Epoch 5, Batch 481/633, Grad Norms near zero: 12, Lx 0.1279, Lu 0.0152, Pentalty 0.7859, loss 0.2217
Epoch 5, Batch 482/633, Grad Norms near zero: 12, Lx 0.3320, Lu 0.1445, Pentalty 0.4974, loss 0.5262
Epoch 5, Batch 483/633, Grad Norms near zero: 12, Lx 0.3863, Lu 0.1606, Pentalty 0.4266, loss 0.5895
Epoch 5, Batch 484/633, Grad Norms near zero: 12, Lx 0.2986, Lu 0.0853, Pentalty 0.5542, loss 0.4394
Epoch 5, Batch 485/633, Grad Norms near zero: 12, Lx 0.3596, Lu 0.1450, Pentalty 0.4843, loss 0.5530
Epoch 5, Batch 486/633, Grad Norms near zero: 12, Lx 0.2521, Lu 0.0782, Pentalty 0.5234, loss 0.3826
Epoch 5, Batch 487/633, Grad Norms near zero: 12, Lx 0.2924, Lu 0.0776, Pentalty 0.5126, loss 0.4212
Epoch 5, Batch 488/633, Grad Norms near zero: 12, Lx 0.3484, Lu 0.1087, Pentalty 0.4595, loss 0.5031
Epoch 5, Batch 489/633, Grad Norms near zero: 12, Lx 0.2759, Lu 0.0927, Pentalty 0.4676, loss 0.4154
Epoch 5, Batch 490/633, Grad Norms near zero: 12, Lx 0.2076, Lu 0.0455, Pentalty 0.5958, loss 0.3127
Epoch 5, Batch 491/633, Grad Norms near zero: 12, Lx 0.3288, Lu 0.0950, Pentalty 0.5007, loss 0.4738
Epoch 5, Batch 492/633, Grad Norms near zero: 12, Lx 0.3011, Lu 0.1235, Pentalty 0.4086, loss 0.4655
Epoch 5, Batch 493/633, Grad Norms near zero: 12, Lx 0.3310, Lu 0.1529, Pentalty 0.4711, loss 0.5310
Epoch 5, Batch 494/633, Grad Norms near zero: 12, Lx 0.3732, Lu 0.1335, Pentalty 0.4212, loss 0.5488
Epoch 5, Batch 495/633, Grad Norms near zero: 12, Lx 0.4011, Lu 0.1539, Pentalty 0.4572, loss 0.6007
Epoch 5, Batch 496/633, Grad Norms near zero: 12, Lx 0.3244, Lu 0.0675, Pentalty 0.5143, loss 0.4433
Epoch 5, Batch 497/633, Grad Norms near zero: 12, Lx 0.3758, Lu 0.1118, Pentalty 0.4445, loss 0.5321
Epoch 5, Batch 498/633, Grad Norms near zero: 12, Lx 0.2688, Lu 0.1173, Pentalty 0.4355, loss 0.4297
Epoch 5, Batch 499/633, Grad Norms near zero: 12, Lx 0.2297, Lu 0.0483, Pentalty 0.6148, loss 0.3395
Epoch 5, Batch 500/633, Grad Norms near zero: 12, Lx 0.2408, Lu 0.0661, Pentalty 0.5510, loss 0.3620
Epoch 5, Batch 501/633, Grad Norms near zero: 12, Lx 0.3920, Lu 0.1238, Pentalty 0.5069, loss 0.5666
Epoch 5, Batch 502/633, Grad Norms near zero: 12, Lx 0.3374, Lu 0.1345, Pentalty 0.4083, loss 0.5127
Epoch 5, Batch 503/633, Grad Norms near zero: 12, Lx 0.1507, Lu 0.0230, Pentalty 0.6792, loss 0.2417
Epoch 5, Batch 504/633, Grad Norms near zero: 12, Lx 0.2931, Lu 0.0959, Pentalty 0.4756, loss 0.4365
Epoch 5, Batch 505/633, Grad Norms near zero: 12, Lx 0.2136, Lu 0.0469, Pentalty 0.5801, loss 0.3185
Epoch 5, Batch 506/633, Grad Norms near zero: 12, Lx 0.4084, Lu 0.1435, Pentalty 0.3966, loss 0.5915
Epoch 5, Batch 507/633, Grad Norms near zero: 12, Lx 0.3776, Lu 0.1714, Pentalty 0.3714, loss 0.5862
Epoch 5, Batch 508/633, Grad Norms near zero: 12, Lx 0.4488, Lu 0.1448, Pentalty 0.4081, loss 0.6345
Epoch 5, Batch 509/633, Grad Norms near zero: 12, Lx 0.2092, Lu 0.0288, Pentalty 0.6511, loss 0.3031
Epoch 5, Batch 510/633, Grad Norms near zero: 12, Lx 0.2846, Lu 0.0704, Pentalty 0.5057, loss 0.4056
Epoch 5, Batch 511/633, Grad Norms near zero: 12, Lx 0.3300, Lu 0.0904, Pentalty 0.4480, loss 0.4652
Epoch 5, Batch 512/633, Grad Norms near zero: 12, Lx 0.3415, Lu 0.0862, Pentalty 0.4802, loss 0.4757
Epoch 5, Batch 513/633, Grad Norms near zero: 12, Lx 0.4642, Lu 0.1438, Pentalty 0.4018, loss 0.6481
Epoch 5, Batch 514/633, Grad Norms near zero: 12, Lx 0.3340, Lu 0.0880, Pentalty 0.4800, loss 0.4700
Epoch 5, Batch 515/633, Grad Norms near zero: 12, Lx 0.3362, Lu 0.0839, Pentalty 0.4825, loss 0.4684
Epoch 5, Batch 516/633, Grad Norms near zero: 12, Lx 0.3293, Lu 0.1038, Pentalty 0.4320, loss 0.4764
Epoch 5, Batch 517/633, Grad Norms near zero: 12, Lx 0.4024, Lu 0.1563, Pentalty 0.3761, loss 0.5963
Epoch 5, Batch 518/633, Grad Norms near zero: 12, Lx 0.2323, Lu 0.0457, Pentalty 0.5334, loss 0.3313
Epoch 5, Batch 519/633, Grad Norms near zero: 12, Lx 0.2563, Lu 0.0586, Pentalty 0.5234, loss 0.3672
Epoch 5, Batch 520/633, Grad Norms near zero: 12, Lx 0.3761, Lu 0.1308, Pentalty 0.4243, loss 0.5494
Epoch 5, Batch 521/633, Grad Norms near zero: 12, Lx 0.4115, Lu 0.1607, Pentalty 0.3691, loss 0.6091
Epoch 5, Batch 522/633, Grad Norms near zero: 12, Lx 0.3233, Lu 0.1216, Pentalty 0.3884, loss 0.4837
Epoch 5, Batch 523/633, Grad Norms near zero: 12, Lx 0.2975, Lu 0.0928, Pentalty 0.4286, loss 0.4331
Epoch 5, Batch 524/633, Grad Norms near zero: 12, Lx 0.2584, Lu 0.0392, Pentalty 0.5966, loss 0.3573
Epoch 5, Batch 525/633, Grad Norms near zero: 12, Lx 0.3485, Lu 0.1349, Pentalty 0.4020, loss 0.5236
Epoch 5, Batch 526/633, Grad Norms near zero: 12, Lx 0.3381, Lu 0.1354, Pentalty 0.3714, loss 0.5106
Epoch 5, Batch 527/633, Grad Norms near zero: 12, Lx 0.1611, Lu 0.0380, Pentalty 0.5720, loss 0.2563
Epoch 5, Batch 528/633, Grad Norms near zero: 12, Lx 0.2277, Lu 0.0442, Pentalty 0.5563, loss 0.3276
Epoch 5, Batch 529/633, Grad Norms near zero: 12, Lx 0.3228, Lu 0.1247, Pentalty 0.4092, loss 0.4884
Epoch 5, Batch 530/633, Grad Norms near zero: 12, Lx 0.3981, Lu 0.1314, Pentalty 0.4121, loss 0.5708
Epoch 5, Batch 531/633, Grad Norms near zero: 12, Lx 0.3407, Lu 0.1671, Pentalty 0.3792, loss 0.5457
Epoch 5, Batch 532/633, Grad Norms near zero: 12, Lx 0.3144, Lu 0.1287, Pentalty 0.3865, loss 0.4817
Epoch 5, Batch 533/633, Grad Norms near zero: 12, Lx 0.2649, Lu 0.1012, Pentalty 0.4486, loss 0.4109
Epoch 5, Batch 534/633, Grad Norms near zero: 12, Lx 0.3267, Lu 0.1013, Pentalty 0.4339, loss 0.4713
Epoch 5, Batch 535/633, Grad Norms near zero: 12, Lx 0.2955, Lu 0.1144, Pentalty 0.4432, loss 0.4542
Epoch 5, Batch 536/633, Grad Norms near zero: 12, Lx 0.3652, Lu 0.1509, Pentalty 0.4151, loss 0.5576
Epoch 5, Batch 537/633, Grad Norms near zero: 12, Lx 0.2147, Lu 0.0294, Pentalty 0.7872, loss 0.3228
Epoch 5, Batch 538/633, Grad Norms near zero: 12, Lx 0.3987, Lu 0.1611, Pentalty 0.4388, loss 0.6037
Epoch 5, Batch 539/633, Grad Norms near zero: 12, Lx 0.2930, Lu 0.1583, Pentalty 0.4383, loss 0.4951
Epoch 5, Batch 540/633, Grad Norms near zero: 12, Lx 0.2401, Lu 0.0799, Pentalty 0.4978, loss 0.3697
Epoch 5, Batch 541/633, Grad Norms near zero: 12, Lx 0.1911, Lu 0.0448, Pentalty 0.6170, loss 0.2976
Epoch 5, Batch 542/633, Grad Norms near zero: 12, Lx 0.3379, Lu 0.1190, Pentalty 0.4252, loss 0.4995
Epoch 5, Batch 543/633, Grad Norms near zero: 12, Lx 0.3001, Lu 0.1002, Pentalty 0.4025, loss 0.4406
Epoch 5, Batch 544/633, Grad Norms near zero: 12, Lx 0.2612, Lu 0.0561, Pentalty 0.5473, loss 0.3721
Epoch 5, Batch 545/633, Grad Norms near zero: 12, Lx 0.1957, Lu 0.0412, Pentalty 0.5715, loss 0.2941
Epoch 5, Batch 546/633, Grad Norms near zero: 12, Lx 0.2913, Lu 0.0562, Pentalty 0.5718, loss 0.4047
Epoch 5, Batch 547/633, Grad Norms near zero: 12, Lx 0.2988, Lu 0.1018, Pentalty 0.3895, loss 0.4396
Epoch 5, Batch 548/633, Grad Norms near zero: 12, Lx 0.3582, Lu 0.1588, Pentalty 0.4498, loss 0.5620
Epoch 5, Batch 549/633, Grad Norms near zero: 12, Lx 0.3961, Lu 0.1122, Pentalty 0.4631, loss 0.5545
Epoch 5, Batch 550/633, Grad Norms near zero: 12, Lx 0.3622, Lu 0.1563, Pentalty 0.3737, loss 0.5559
Epoch 5, Batch 551/633, Grad Norms near zero: 12, Lx 0.3536, Lu 0.1260, Pentalty 0.4447, loss 0.5241
Epoch 5, Batch 552/633, Grad Norms near zero: 12, Lx 0.3205, Lu 0.0788, Pentalty 0.5080, loss 0.4501
Epoch 5, Batch 553/633, Grad Norms near zero: 12, Lx 0.2193, Lu 0.0520, Pentalty 0.5009, loss 0.3214
Epoch 5, Batch 554/633, Grad Norms near zero: 12, Lx 0.2673, Lu 0.0727, Pentalty 0.4877, loss 0.3888
Epoch 5, Batch 555/633, Grad Norms near zero: 12, Lx 0.2917, Lu 0.1114, Pentalty 0.3934, loss 0.4424
Epoch 5, Batch 556/633, Grad Norms near zero: 12, Lx 0.2865, Lu 0.0584, Pentalty 0.4999, loss 0.3949
Epoch 5, Batch 557/633, Grad Norms near zero: 12, Lx 0.3717, Lu 0.1522, Pentalty 0.3933, loss 0.5632
Epoch 5, Batch 558/633, Grad Norms near zero: 12, Lx 0.4232, Lu 0.1443, Pentalty 0.4282, loss 0.6103
Epoch 5, Batch 559/633, Grad Norms near zero: 12, Lx 0.3165, Lu 0.1370, Pentalty 0.4125, loss 0.4948
Epoch 5, Batch 560/633, Grad Norms near zero: 12, Lx 0.3764, Lu 0.1422, Pentalty 0.4539, loss 0.5640
Epoch 5, Batch 561/633, Grad Norms near zero: 12, Lx 0.2911, Lu 0.0965, Pentalty 0.5386, loss 0.4414
Epoch 5, Batch 562/633, Grad Norms near zero: 12, Lx 0.3817, Lu 0.1266, Pentalty 0.4381, loss 0.5522
Epoch 5, Batch 563/633, Grad Norms near zero: 12, Lx 0.3066, Lu 0.1270, Pentalty 0.4919, loss 0.4828
Epoch 5, Batch 564/633, Grad Norms near zero: 12, Lx 0.1497, Lu 0.0223, Pentalty 0.7857, loss 0.2506
Epoch 5, Batch 565/633, Grad Norms near zero: 12, Lx 0.3281, Lu 0.1358, Pentalty 0.4251, loss 0.5064
Epoch 5, Batch 566/633, Grad Norms near zero: 12, Lx 0.1669, Lu 0.0206, Pentalty 0.7680, loss 0.2643
Epoch 5, Batch 567/633, Grad Norms near zero: 12, Lx 0.3191, Lu 0.0829, Pentalty 0.5025, loss 0.4522
Epoch 5, Batch 568/633, Grad Norms near zero: 12, Lx 0.3378, Lu 0.1205, Pentalty 0.4250, loss 0.5008
Epoch 5, Batch 569/633, Grad Norms near zero: 12, Lx 0.4060, Lu 0.1620, Pentalty 0.4582, loss 0.6139
Epoch 5, Batch 570/633, Grad Norms near zero: 13, Lx 0.3429, Lu 0.0966, Pentalty 0.4976, loss 0.4893
Epoch 5, Batch 571/633, Grad Norms near zero: 12, Lx 0.2941, Lu 0.0739, Pentalty 0.5029, loss 0.4184
Epoch 5, Batch 572/633, Grad Norms near zero: 12, Lx 0.2878, Lu 0.0488, Pentalty 0.5479, loss 0.3914
Epoch 5, Batch 573/633, Grad Norms near zero: 12, Lx 0.3566, Lu 0.1046, Pentalty 0.3476, loss 0.4960
Epoch 5, Batch 574/633, Grad Norms near zero: 12, Lx 0.3312, Lu 0.0995, Pentalty 0.4633, loss 0.4771
Epoch 5, Batch 575/633, Grad Norms near zero: 12, Lx 0.3550, Lu 0.1676, Pentalty 0.4186, loss 0.5645
Epoch 5, Batch 576/633, Grad Norms near zero: 12, Lx 0.2817, Lu 0.0782, Pentalty 0.5123, loss 0.4111
Epoch 5, Batch 577/633, Grad Norms near zero: 12, Lx 0.2485, Lu 0.0690, Pentalty 0.4602, loss 0.3635
Epoch 5, Batch 578/633, Grad Norms near zero: 12, Lx 0.2249, Lu 0.0315, Pentalty 0.6936, loss 0.3257
Epoch 5, Batch 579/633, Grad Norms near zero: 12, Lx 0.2883, Lu 0.0751, Pentalty 0.4649, loss 0.4099
Epoch 5, Batch 580/633, Grad Norms near zero: 12, Lx 0.3239, Lu 0.0611, Pentalty 0.5529, loss 0.4403
Epoch 5, Batch 581/633, Grad Norms near zero: 12, Lx 0.2970, Lu 0.1118, Pentalty 0.4157, loss 0.4504
Epoch 5, Batch 582/633, Grad Norms near zero: 12, Lx 0.3150, Lu 0.0876, Pentalty 0.5259, loss 0.4552
Epoch 5, Batch 583/633, Grad Norms near zero: 12, Lx 0.2830, Lu 0.0582, Pentalty 0.5599, loss 0.3972
Epoch 5, Batch 584/633, Grad Norms near zero: 12, Lx 0.3771, Lu 0.1759, Pentalty 0.4387, loss 0.5969
Epoch 5, Batch 585/633, Grad Norms near zero: 12, Lx 0.3694, Lu 0.1636, Pentalty 0.4444, loss 0.5774
Epoch 5, Batch 586/633, Grad Norms near zero: 12, Lx 0.3474, Lu 0.1075, Pentalty 0.4682, loss 0.5017
Epoch 5, Batch 587/633, Grad Norms near zero: 12, Lx 0.2994, Lu 0.0818, Pentalty 0.4951, loss 0.4307
Epoch 5, Batch 588/633, Grad Norms near zero: 12, Lx 0.3469, Lu 0.1619, Pentalty 0.4553, loss 0.5543
Epoch 5, Batch 589/633, Grad Norms near zero: 12, Lx 0.2116, Lu 0.0608, Pentalty 0.5261, loss 0.3249
Epoch 5, Batch 590/633, Grad Norms near zero: 12, Lx 0.2369, Lu 0.0780, Pentalty 0.4906, loss 0.3639
Epoch 5, Batch 591/633, Grad Norms near zero: 12, Lx 0.2349, Lu 0.0621, Pentalty 0.4905, loss 0.3461
Epoch 5, Batch 592/633, Grad Norms near zero: 12, Lx 0.3016, Lu 0.1194, Pentalty 0.3815, loss 0.4592
Epoch 5, Batch 593/633, Grad Norms near zero: 12, Lx 0.3563, Lu 0.1230, Pentalty 0.3942, loss 0.5187
Epoch 5, Batch 594/633, Grad Norms near zero: 12, Lx 0.3494, Lu 0.1678, Pentalty 0.3611, loss 0.5533
Epoch 5, Batch 595/633, Grad Norms near zero: 12, Lx 0.1531, Lu 0.0196, Pentalty 0.6876, loss 0.2415
Epoch 5, Batch 596/633, Grad Norms near zero: 12, Lx 0.3185, Lu 0.1188, Pentalty 0.4769, loss 0.4851
Epoch 5, Batch 597/633, Grad Norms near zero: 12, Lx 0.3899, Lu 0.1647, Pentalty 0.4192, loss 0.5966
Epoch 5, Batch 598/633, Grad Norms near zero: 12, Lx 0.3215, Lu 0.1038, Pentalty 0.4660, loss 0.4719
Epoch 5, Batch 599/633, Grad Norms near zero: 12, Lx 0.2697, Lu 0.0706, Pentalty 0.5707, loss 0.3973
Epoch 5, Batch 600/633, Grad Norms near zero: 12, Lx 0.2415, Lu 0.0646, Pentalty 0.5916, loss 0.3653
Epoch 5, Batch 601/633, Grad Norms near zero: 12, Lx 0.3169, Lu 0.0755, Pentalty 0.5772, loss 0.4501
Epoch 5, Batch 602/633, Grad Norms near zero: 12, Lx 0.3623, Lu 0.1035, Pentalty 0.5079, loss 0.5166
Epoch 5, Batch 603/633, Grad Norms near zero: 12, Lx 0.3639, Lu 0.1039, Pentalty 0.5454, loss 0.5223
Epoch 5, Batch 604/633, Grad Norms near zero: 12, Lx 0.3084, Lu 0.0862, Pentalty 0.5303, loss 0.4476
Epoch 5, Batch 605/633, Grad Norms near zero: 12, Lx 0.2635, Lu 0.0693, Pentalty 0.5576, loss 0.3886
Epoch 5, Batch 606/633, Grad Norms near zero: 12, Lx 0.3459, Lu 0.1899, Pentalty 0.3927, loss 0.5750
Epoch 5, Batch 607/633, Grad Norms near zero: 12, Lx 0.3106, Lu 0.0782, Pentalty 0.4753, loss 0.4364
Epoch 5, Batch 608/633, Grad Norms near zero: 12, Lx 0.3646, Lu 0.1573, Pentalty 0.3711, loss 0.5590
Epoch 5, Batch 609/633, Grad Norms near zero: 12, Lx 0.4414, Lu 0.1351, Pentalty 0.3788, loss 0.6144
Epoch 5, Batch 610/633, Grad Norms near zero: 12, Lx 0.2961, Lu 0.0902, Pentalty 0.4083, loss 0.4271
Epoch 5, Batch 611/633, Grad Norms near zero: 12, Lx 0.2667, Lu 0.0962, Pentalty 0.4557, loss 0.4085
Epoch 5, Batch 612/633, Grad Norms near zero: 12, Lx 0.1996, Lu 0.0303, Pentalty 0.5701, loss 0.2869
Epoch 5, Batch 613/633, Grad Norms near zero: 12, Lx 0.3763, Lu 0.1108, Pentalty 0.4457, loss 0.5317
Epoch 5, Batch 614/633, Grad Norms near zero: 12, Lx 0.2135, Lu 0.0290, Pentalty 0.5719, loss 0.2997
Epoch 5, Batch 615/633, Grad Norms near zero: 12, Lx 0.3461, Lu 0.1484, Pentalty 0.4649, loss 0.5409
Epoch 5, Batch 616/633, Grad Norms near zero: 12, Lx 0.1611, Lu 0.0159, Pentalty 0.7753, loss 0.2545
Epoch 5, Batch 617/633, Grad Norms near zero: 12, Lx 0.2785, Lu 0.0552, Pentalty 0.5987, loss 0.3935
Epoch 5, Batch 618/633, Grad Norms near zero: 12, Lx 0.3235, Lu 0.1619, Pentalty 0.4693, loss 0.5323
Epoch 5, Batch 619/633, Grad Norms near zero: 12, Lx 0.3289, Lu 0.0915, Pentalty 0.5642, loss 0.4768
Epoch 5, Batch 620/633, Grad Norms near zero: 12, Lx 0.3723, Lu 0.1106, Pentalty 0.4541, loss 0.5284
Epoch 5, Batch 621/633, Grad Norms near zero: 12, Lx 0.3161, Lu 0.1351, Pentalty 0.4162, loss 0.4928
Epoch 5, Batch 622/633, Grad Norms near zero: 12, Lx 0.4120, Lu 0.1641, Pentalty 0.3698, loss 0.6131
Epoch 5, Batch 623/633, Grad Norms near zero: 12, Lx 0.2157, Lu 0.0410, Pentalty 0.5573, loss 0.3124
Epoch 5, Batch 624/633, Grad Norms near zero: 12, Lx 0.3802, Lu 0.1545, Pentalty 0.3336, loss 0.5681
Epoch 5, Batch 625/633, Grad Norms near zero: 12, Lx 0.2949, Lu 0.0879, Pentalty 0.3951, loss 0.4223
Epoch 5, Batch 626/633, Grad Norms near zero: 12, Lx 0.4116, Lu 0.1995, Pentalty 0.3129, loss 0.6423
Epoch 5, Batch 627/633, Grad Norms near zero: 12, Lx 0.3389, Lu 0.0762, Pentalty 0.4111, loss 0.4562
Epoch 5, Batch 628/633, Grad Norms near zero: 12, Lx 0.3874, Lu 0.1693, Pentalty 0.4134, loss 0.5981
Epoch 5, Batch 629/633, Grad Norms near zero: 12, Lx 0.3305, Lu 0.1142, Pentalty 0.4299, loss 0.4878
Epoch 5, Batch 630/633, Grad Norms near zero: 12, Lx 0.3243, Lu 0.1275, Pentalty 0.4459, loss 0.4963
Epoch 5, Batch 631/633, Grad Norms near zero: 12, Lx 0.3476, Lu 0.0948, Pentalty 0.4690, loss 0.4892
Epoch 5, Batch 632/633, Grad Norms near zero: 12, Lx 0.3492, Lu 0.1277, Pentalty 0.4408, loss 0.5210
Epoch 5, Batch 633/633, Grad Norms near zero: 12, Lx 0.4433, Lu 0.0579, Pentalty 0.6218, loss 0.5634
Evaluating models at epoch 5
Test data size: 10000
Epoch: 5, Test Accuracy: 0.4940, Test F1 Score: 0.3523
Evaluating training data at epoch 5 for Model 1
Evaluating training data at epoch 5 for Model 2
Training for Network 1
labelled data size: 19781
unlabelled data size: 20219
Epoch 6, Batch 1/619, Grad Norms near zero: 12, Lx 0.2972, Lu 0.0810, Pentalty 0.4862, loss 0.4269
Epoch 6, Batch 2/619, Grad Norms near zero: 12, Lx 0.3310, Lu 0.0913, Pentalty 0.4475, loss 0.4671
Epoch 6, Batch 3/619, Grad Norms near zero: 12, Lx 0.2165, Lu 0.0524, Pentalty 0.5286, loss 0.3217
Epoch 6, Batch 4/619, Grad Norms near zero: 12, Lx 0.3420, Lu 0.1171, Pentalty 0.4742, loss 0.5066
Epoch 6, Batch 5/619, Grad Norms near zero: 12, Lx 0.3159, Lu 0.1916, Pentalty 0.4334, loss 0.5508
Epoch 6, Batch 6/619, Grad Norms near zero: 12, Lx 0.2412, Lu 0.0467, Pentalty 0.5619, loss 0.3441
Epoch 6, Batch 7/619, Grad Norms near zero: 12, Lx 0.2802, Lu 0.0987, Pentalty 0.4453, loss 0.4234
Epoch 6, Batch 8/619, Grad Norms near zero: 12, Lx 0.3089, Lu 0.0765, Pentalty 0.4884, loss 0.4342
Epoch 6, Batch 9/619, Grad Norms near zero: 13, Lx 0.2852, Lu 0.1177, Pentalty 0.4271, loss 0.4456
Epoch 6, Batch 10/619, Grad Norms near zero: 12, Lx 0.2087, Lu 0.0303, Pentalty 0.6472, loss 0.3036
Epoch 6, Batch 11/619, Grad Norms near zero: 12, Lx 0.3842, Lu 0.2110, Pentalty 0.4759, loss 0.6428
Epoch 6, Batch 12/619, Grad Norms near zero: 12, Lx 0.2268, Lu 0.1191, Pentalty 0.5012, loss 0.3960
Epoch 6, Batch 13/619, Grad Norms near zero: 13, Lx 0.3601, Lu 0.1579, Pentalty 0.3929, loss 0.5573
Epoch 6, Batch 14/619, Grad Norms near zero: 12, Lx 0.2509, Lu 0.3199, Pentalty 0.5466, loss 0.6254
Epoch 6, Batch 15/619, Grad Norms near zero: 13, Lx 0.4434, Lu 0.1618, Pentalty 0.3602, loss 0.6411
Epoch 6, Batch 16/619, Grad Norms near zero: 12, Lx 0.3940, Lu 0.1360, Pentalty 0.4015, loss 0.5701
Epoch 6, Batch 17/619, Grad Norms near zero: 12, Lx 0.1581, Lu 0.1788, Pentalty 0.5195, loss 0.3889
Epoch 6, Batch 18/619, Grad Norms near zero: 12, Lx 0.2867, Lu 0.0957, Pentalty 0.4185, loss 0.4243
Epoch 6, Batch 19/619, Grad Norms near zero: 12, Lx 0.1896, Lu 0.0532, Pentalty 0.5889, loss 0.3017
Epoch 6, Batch 20/619, Grad Norms near zero: 12, Lx 0.2814, Lu 0.1127, Pentalty 0.4755, loss 0.4416
Epoch 6, Batch 21/619, Grad Norms near zero: 12, Lx 0.2961, Lu 0.0411, Pentalty 0.5493, loss 0.3922
Epoch 6, Batch 22/619, Grad Norms near zero: 12, Lx 0.3287, Lu 0.1217, Pentalty 0.4844, loss 0.4989
Epoch 6, Batch 23/619, Grad Norms near zero: 12, Lx 0.4517, Lu 0.1665, Pentalty 0.4958, loss 0.6678
Epoch 6, Batch 24/619, Grad Norms near zero: 12, Lx 0.2313, Lu 0.1295, Pentalty 0.5777, loss 0.4186
Epoch 6, Batch 25/619, Grad Norms near zero: 12, Lx 0.2621, Lu 0.0523, Pentalty 0.5878, loss 0.3732
Epoch 6, Batch 26/619, Grad Norms near zero: 12, Lx 0.2978, Lu 0.1652, Pentalty 0.5809, loss 0.5211
Epoch 6, Batch 27/619, Grad Norms near zero: 12, Lx 0.3569, Lu 0.2127, Pentalty 0.5717, loss 0.6267
Epoch 6, Batch 28/619, Grad Norms near zero: 12, Lx 0.2754, Lu 0.1431, Pentalty 0.5404, loss 0.4725
Epoch 6, Batch 29/619, Grad Norms near zero: 12, Lx 0.2402, Lu 0.0740, Pentalty 0.5163, loss 0.3658
Epoch 6, Batch 30/619, Grad Norms near zero: 12, Lx 0.2177, Lu 0.0434, Pentalty 0.5765, loss 0.3187
Epoch 6, Batch 31/619, Grad Norms near zero: 12, Lx 0.3201, Lu 0.1106, Pentalty 0.4496, loss 0.4756
Epoch 6, Batch 32/619, Grad Norms near zero: 12, Lx 0.2658, Lu 0.0988, Pentalty 0.4308, loss 0.4076
Epoch 6, Batch 33/619, Grad Norms near zero: 12, Lx 0.4808, Lu 0.3174, Pentalty 0.4397, loss 0.8422
Epoch 6, Batch 34/619, Grad Norms near zero: 12, Lx 0.3620, Lu 0.0979, Pentalty 0.4368, loss 0.5036
Epoch 6, Batch 35/619, Grad Norms near zero: 12, Lx 0.3446, Lu 0.1114, Pentalty 0.4186, loss 0.4979
Epoch 6, Batch 36/619, Grad Norms near zero: 12, Lx 0.2477, Lu 0.0464, Pentalty 0.5589, loss 0.3499
Epoch 6, Batch 37/619, Grad Norms near zero: 12, Lx 0.3324, Lu 0.0766, Pentalty 0.5145, loss 0.4605
Epoch 6, Batch 38/619, Grad Norms near zero: 12, Lx 0.3424, Lu 0.0788, Pentalty 0.4627, loss 0.4675
Epoch 6, Batch 39/619, Grad Norms near zero: 12, Lx 0.2713, Lu 0.1772, Pentalty 0.5655, loss 0.5051
Epoch 6, Batch 40/619, Grad Norms near zero: 12, Lx 0.3809, Lu 0.1045, Pentalty 0.4171, loss 0.5272
Epoch 6, Batch 41/619, Grad Norms near zero: 12, Lx 0.3079, Lu 0.0791, Pentalty 0.5045, loss 0.4375
Epoch 6, Batch 42/619, Grad Norms near zero: 12, Lx 0.3386, Lu 0.1364, Pentalty 0.4545, loss 0.5204
Epoch 6, Batch 43/619, Grad Norms near zero: 12, Lx 0.3915, Lu 0.1437, Pentalty 0.4148, loss 0.5767
Epoch 6, Batch 44/619, Grad Norms near zero: 12, Lx 0.2742, Lu 0.1018, Pentalty 0.4035, loss 0.4163
Epoch 6, Batch 45/619, Grad Norms near zero: 12, Lx 0.2729, Lu 0.0848, Pentalty 0.4829, loss 0.4060
Epoch 6, Batch 46/619, Grad Norms near zero: 12, Lx 0.3696, Lu 0.3219, Pentalty 0.4144, loss 0.7330
Epoch 6, Batch 47/619, Grad Norms near zero: 12, Lx 0.2713, Lu 0.0759, Pentalty 0.5088, loss 0.3981
Epoch 6, Batch 48/619, Grad Norms near zero: 12, Lx 0.3431, Lu 0.1691, Pentalty 0.4265, loss 0.5548
Epoch 6, Batch 49/619, Grad Norms near zero: 12, Lx 0.3579, Lu 0.1490, Pentalty 0.4515, loss 0.5521
Epoch 6, Batch 50/619, Grad Norms near zero: 12, Lx 0.3164, Lu 0.1641, Pentalty 0.4124, loss 0.5217
Epoch 6, Batch 51/619, Grad Norms near zero: 12, Lx 0.3731, Lu 0.1068, Pentalty 0.4282, loss 0.5227
Epoch 6, Batch 52/619, Grad Norms near zero: 12, Lx 0.3192, Lu 0.1171, Pentalty 0.4314, loss 0.4794
Epoch 6, Batch 53/619, Grad Norms near zero: 12, Lx 0.2663, Lu 0.1293, Pentalty 0.4662, loss 0.4423
Epoch 6, Batch 54/619, Grad Norms near zero: 12, Lx 0.3092, Lu 0.0643, Pentalty 0.3440, loss 0.4079
Epoch 6, Batch 55/619, Grad Norms near zero: 12, Lx 0.2640, Lu 0.0777, Pentalty 0.5072, loss 0.3924
Epoch 6, Batch 56/619, Grad Norms near zero: 12, Lx 0.3002, Lu 0.0751, Pentalty 0.4988, loss 0.4252
Epoch 6, Batch 57/619, Grad Norms near zero: 12, Lx 0.2651, Lu 0.0537, Pentalty 0.4968, loss 0.3685
Epoch 6, Batch 58/619, Grad Norms near zero: 12, Lx 0.4216, Lu 0.1698, Pentalty 0.3733, loss 0.6287
Epoch 6, Batch 59/619, Grad Norms near zero: 12, Lx 0.4670, Lu 0.2279, Pentalty 0.3761, loss 0.7325
Epoch 6, Batch 60/619, Grad Norms near zero: 12, Lx 0.3728, Lu 0.1985, Pentalty 0.3978, loss 0.6112
Epoch 6, Batch 61/619, Grad Norms near zero: 12, Lx 0.2983, Lu 0.0823, Pentalty 0.4421, loss 0.4248
Epoch 6, Batch 62/619, Grad Norms near zero: 12, Lx 0.3340, Lu 0.1238, Pentalty 0.3870, loss 0.4965
Epoch 6, Batch 63/619, Grad Norms near zero: 12, Lx 0.3482, Lu 0.1114, Pentalty 0.4060, loss 0.5002
Epoch 6, Batch 64/619, Grad Norms near zero: 12, Lx 0.2825, Lu 0.1113, Pentalty 0.3934, loss 0.4332
Epoch 6, Batch 65/619, Grad Norms near zero: 12, Lx 0.3681, Lu 0.1392, Pentalty 0.4036, loss 0.5477
Epoch 6, Batch 66/619, Grad Norms near zero: 12, Lx 0.3283, Lu 0.1432, Pentalty 0.3769, loss 0.5092
Epoch 6, Batch 67/619, Grad Norms near zero: 12, Lx 0.3802, Lu 0.1715, Pentalty 0.4207, loss 0.5937
Epoch 6, Batch 68/619, Grad Norms near zero: 12, Lx 0.2856, Lu 0.0671, Pentalty 0.4763, loss 0.4003
Epoch 6, Batch 69/619, Grad Norms near zero: 12, Lx 0.3378, Lu 0.0928, Pentalty 0.4135, loss 0.4719
Epoch 6, Batch 70/619, Grad Norms near zero: 12, Lx 0.3135, Lu 0.0622, Pentalty 0.5012, loss 0.4258
Epoch 6, Batch 71/619, Grad Norms near zero: 12, Lx 0.2359, Lu 0.0565, Pentalty 0.5499, loss 0.3474
Epoch 6, Batch 72/619, Grad Norms near zero: 12, Lx 0.2879, Lu 0.0834, Pentalty 0.4742, loss 0.4188
Epoch 6, Batch 73/619, Grad Norms near zero: 12, Lx 0.2183, Lu 0.2974, Pentalty 0.4000, loss 0.5556
Epoch 6, Batch 74/619, Grad Norms near zero: 12, Lx 0.1691, Lu 0.0289, Pentalty 0.6194, loss 0.2599
Epoch 6, Batch 75/619, Grad Norms near zero: 12, Lx 0.3387, Lu 0.0901, Pentalty 0.4546, loss 0.4743
Epoch 6, Batch 76/619, Grad Norms near zero: 12, Lx 0.3410, Lu 0.0576, Pentalty 0.5084, loss 0.4494
Epoch 6, Batch 77/619, Grad Norms near zero: 12, Lx 0.2263, Lu 0.0416, Pentalty 0.5967, loss 0.3276
Epoch 6, Batch 78/619, Grad Norms near zero: 12, Lx 0.2928, Lu 0.1602, Pentalty 0.3293, loss 0.4860
Epoch 6, Batch 79/619, Grad Norms near zero: 12, Lx 0.2166, Lu 0.0346, Pentalty 0.6448, loss 0.3157
Epoch 6, Batch 80/619, Grad Norms near zero: 12, Lx 0.3149, Lu 0.0944, Pentalty 0.5219, loss 0.4614
Epoch 6, Batch 81/619, Grad Norms near zero: 12, Lx 0.3847, Lu 0.1527, Pentalty 0.4022, loss 0.5776
Epoch 6, Batch 82/619, Grad Norms near zero: 12, Lx 0.2640, Lu 0.1075, Pentalty 0.4987, loss 0.4214
Epoch 6, Batch 83/619, Grad Norms near zero: 12, Lx 0.2281, Lu 0.2336, Pentalty 0.6710, loss 0.5289
Epoch 6, Batch 84/619, Grad Norms near zero: 12, Lx 0.3837, Lu 0.1183, Pentalty 0.4267, loss 0.5446
Epoch 6, Batch 85/619, Grad Norms near zero: 12, Lx 0.3448, Lu 0.1516, Pentalty 0.4282, loss 0.5393
Epoch 6, Batch 86/619, Grad Norms near zero: 13, Lx 0.2494, Lu 0.0631, Pentalty 0.5204, loss 0.3645
Epoch 6, Batch 87/619, Grad Norms near zero: 12, Lx 0.3277, Lu 0.1292, Pentalty 0.5234, loss 0.5093
Epoch 6, Batch 88/619, Grad Norms near zero: 12, Lx 0.3309, Lu 0.0722, Pentalty 0.4532, loss 0.4485
Epoch 6, Batch 89/619, Grad Norms near zero: 12, Lx 0.4664, Lu 0.3081, Pentalty 0.5139, loss 0.8259
Epoch 6, Batch 90/619, Grad Norms near zero: 12, Lx 0.3579, Lu 0.3466, Pentalty 0.3655, loss 0.7411
Epoch 6, Batch 91/619, Grad Norms near zero: 12, Lx 0.4010, Lu 0.1857, Pentalty 0.3789, loss 0.6245
Epoch 6, Batch 92/619, Grad Norms near zero: 12, Lx 0.2657, Lu 0.1252, Pentalty 0.4005, loss 0.4310
Epoch 6, Batch 93/619, Grad Norms near zero: 12, Lx 0.3932, Lu 0.1593, Pentalty 0.2650, loss 0.5791
Epoch 6, Batch 94/619, Grad Norms near zero: 12, Lx 0.3068, Lu 0.1500, Pentalty 0.3574, loss 0.4925
Epoch 6, Batch 95/619, Grad Norms near zero: 12, Lx 0.3227, Lu 0.0969, Pentalty 0.3220, loss 0.4518
Epoch 6, Batch 96/619, Grad Norms near zero: 12, Lx 0.3361, Lu 0.1576, Pentalty 0.2492, loss 0.5186
Epoch 6, Batch 97/619, Grad Norms near zero: 12, Lx 0.3619, Lu 0.3231, Pentalty 0.3083, loss 0.7159
Epoch 6, Batch 98/619, Grad Norms near zero: 12, Lx 0.2302, Lu 0.2436, Pentalty 0.4482, loss 0.5186
Epoch 6, Batch 99/619, Grad Norms near zero: 12, Lx 0.3330, Lu 0.0972, Pentalty 0.4805, loss 0.4782
Epoch 6, Batch 100/619, Grad Norms near zero: 12, Lx 0.2805, Lu 0.1123, Pentalty 0.4610, loss 0.4390
Epoch 6, Batch 101/619, Grad Norms near zero: 12, Lx 0.3728, Lu 0.1157, Pentalty 0.5180, loss 0.5403
Epoch 6, Batch 102/619, Grad Norms near zero: 12, Lx 0.3500, Lu 0.1183, Pentalty 0.4477, loss 0.5131
Epoch 6, Batch 103/619, Grad Norms near zero: 12, Lx 0.3289, Lu 0.1041, Pentalty 0.5250, loss 0.4855
Epoch 6, Batch 104/619, Grad Norms near zero: 12, Lx 0.4112, Lu 0.1989, Pentalty 0.3943, loss 0.6495
Epoch 6, Batch 105/619, Grad Norms near zero: 12, Lx 0.3014, Lu 0.0737, Pentalty 0.6415, loss 0.4392
Epoch 6, Batch 106/619, Grad Norms near zero: 12, Lx 0.2791, Lu 0.1408, Pentalty 0.4042, loss 0.4604
Epoch 6, Batch 107/619, Grad Norms near zero: 12, Lx 0.3490, Lu 0.1330, Pentalty 0.5078, loss 0.5329
Epoch 6, Batch 108/619, Grad Norms near zero: 12, Lx 0.3765, Lu 0.1039, Pentalty 0.3698, loss 0.5173
Epoch 6, Batch 109/619, Grad Norms near zero: 12, Lx 0.3675, Lu 0.1431, Pentalty 0.4462, loss 0.5552
Epoch 6, Batch 110/619, Grad Norms near zero: 12, Lx 0.3264, Lu 0.0808, Pentalty 0.5526, loss 0.4625
Epoch 6, Batch 111/619, Grad Norms near zero: 12, Lx 0.3245, Lu 0.1352, Pentalty 0.4707, loss 0.5067
Epoch 6, Batch 112/619, Grad Norms near zero: 12, Lx 0.2538, Lu 0.0486, Pentalty 0.4419, loss 0.3466
Epoch 6, Batch 113/619, Grad Norms near zero: 12, Lx 0.2791, Lu 0.1126, Pentalty 0.4140, loss 0.4331
Epoch 6, Batch 114/619, Grad Norms near zero: 12, Lx 0.2580, Lu 0.1973, Pentalty 0.3221, loss 0.4875
Epoch 6, Batch 115/619, Grad Norms near zero: 12, Lx 0.2544, Lu 0.1011, Pentalty 0.4818, loss 0.4037
Epoch 6, Batch 116/619, Grad Norms near zero: 12, Lx 0.2314, Lu 0.0531, Pentalty 0.6040, loss 0.3449
Epoch 6, Batch 117/619, Grad Norms near zero: 12, Lx 0.2076, Lu 0.0262, Pentalty 0.6011, loss 0.2939
Epoch 6, Batch 118/619, Grad Norms near zero: 12, Lx 0.3221, Lu 0.0864, Pentalty 0.5036, loss 0.4589
Epoch 6, Batch 119/619, Grad Norms near zero: 12, Lx 0.2337, Lu 0.1106, Pentalty 0.5046, loss 0.3947
Epoch 6, Batch 120/619, Grad Norms near zero: 12, Lx 0.3301, Lu 0.0672, Pentalty 0.5916, loss 0.4564
Epoch 6, Batch 121/619, Grad Norms near zero: 12, Lx 0.3469, Lu 0.1422, Pentalty 0.5689, loss 0.5459
Epoch 6, Batch 122/619, Grad Norms near zero: 12, Lx 0.3065, Lu 0.0550, Pentalty 0.6541, loss 0.4270
Epoch 6, Batch 123/619, Grad Norms near zero: 12, Lx 0.2087, Lu 0.0808, Pentalty 0.5498, loss 0.3444
Epoch 6, Batch 124/619, Grad Norms near zero: 12, Lx 0.3226, Lu 0.0778, Pentalty 0.5836, loss 0.4588
Epoch 6, Batch 125/619, Grad Norms near zero: 12, Lx 0.3379, Lu 0.0995, Pentalty 0.5298, loss 0.4904
Epoch 6, Batch 126/619, Grad Norms near zero: 12, Lx 0.2139, Lu 0.0721, Pentalty 0.5812, loss 0.3441
Epoch 6, Batch 127/619, Grad Norms near zero: 12, Lx 0.2322, Lu 0.0568, Pentalty 0.6020, loss 0.3492
Epoch 6, Batch 128/619, Grad Norms near zero: 12, Lx 0.3079, Lu 0.2258, Pentalty 0.6200, loss 0.5957
Epoch 6, Batch 129/619, Grad Norms near zero: 12, Lx 0.2536, Lu 0.0632, Pentalty 0.6198, loss 0.3788
Epoch 6, Batch 130/619, Grad Norms near zero: 12, Lx 0.3866, Lu 0.1338, Pentalty 0.5640, loss 0.5768
Epoch 6, Batch 131/619, Grad Norms near zero: 12, Lx 0.3094, Lu 0.1009, Pentalty 0.5433, loss 0.4647
Epoch 6, Batch 132/619, Grad Norms near zero: 12, Lx 0.2899, Lu 0.1711, Pentalty 0.3946, loss 0.5004
Epoch 6, Batch 133/619, Grad Norms near zero: 12, Lx 0.3189, Lu 0.1869, Pentalty 0.3655, loss 0.5424
Epoch 6, Batch 134/619, Grad Norms near zero: 12, Lx 0.2337, Lu 0.2170, Pentalty 0.4729, loss 0.4980
Epoch 6, Batch 135/619, Grad Norms near zero: 12, Lx 0.4157, Lu 0.1248, Pentalty 0.4732, loss 0.5878
Epoch 6, Batch 136/619, Grad Norms near zero: 12, Lx 0.2347, Lu 0.0572, Pentalty 0.5465, loss 0.3465
Epoch 6, Batch 137/619, Grad Norms near zero: 12, Lx 0.2384, Lu 0.1901, Pentalty 0.5500, loss 0.4835
Epoch 6, Batch 138/619, Grad Norms near zero: 12, Lx 0.1896, Lu 0.1448, Pentalty 0.5079, loss 0.3852
Epoch 6, Batch 139/619, Grad Norms near zero: 12, Lx 0.4093, Lu 0.1677, Pentalty 0.3850, loss 0.6155
Epoch 6, Batch 140/619, Grad Norms near zero: 12, Lx 0.2649, Lu 0.1357, Pentalty 0.4809, loss 0.4487
Epoch 6, Batch 141/619, Grad Norms near zero: 12, Lx 0.3729, Lu 0.2458, Pentalty 0.4200, loss 0.6606
Epoch 6, Batch 142/619, Grad Norms near zero: 12, Lx 0.3243, Lu 0.0898, Pentalty 0.5391, loss 0.4679
Epoch 6, Batch 143/619, Grad Norms near zero: 12, Lx 0.2762, Lu 0.1577, Pentalty 0.4198, loss 0.4759
Epoch 6, Batch 144/619, Grad Norms near zero: 12, Lx 0.4295, Lu 0.1313, Pentalty 0.4590, loss 0.6067
Epoch 6, Batch 145/619, Grad Norms near zero: 12, Lx 0.2582, Lu 0.0501, Pentalty 0.5730, loss 0.3656
Epoch 6, Batch 146/619, Grad Norms near zero: 12, Lx 0.2543, Lu 0.1375, Pentalty 0.5151, loss 0.4433
Epoch 6, Batch 147/619, Grad Norms near zero: 12, Lx 0.3416, Lu 0.1544, Pentalty 0.4641, loss 0.5424
Epoch 6, Batch 148/619, Grad Norms near zero: 13, Lx 0.3587, Lu 0.1268, Pentalty 0.4040, loss 0.5259
Epoch 6, Batch 149/619, Grad Norms near zero: 12, Lx 0.2906, Lu 0.0815, Pentalty 0.4802, loss 0.4200
Epoch 6, Batch 150/619, Grad Norms near zero: 12, Lx 0.3880, Lu 0.1578, Pentalty 0.4069, loss 0.5865
Epoch 6, Batch 151/619, Grad Norms near zero: 12, Lx 0.2889, Lu 0.0897, Pentalty 0.4323, loss 0.4219
Epoch 6, Batch 152/619, Grad Norms near zero: 12, Lx 0.4416, Lu 0.1581, Pentalty 0.4025, loss 0.6400
Epoch 6, Batch 153/619, Grad Norms near zero: 12, Lx 0.2758, Lu 0.0884, Pentalty 0.4363, loss 0.4078
Epoch 6, Batch 154/619, Grad Norms near zero: 12, Lx 0.4011, Lu 0.1406, Pentalty 0.4495, loss 0.5866
Epoch 6, Batch 155/619, Grad Norms near zero: 12, Lx 0.4173, Lu 0.1624, Pentalty 0.3743, loss 0.6172
Epoch 6, Batch 156/619, Grad Norms near zero: 12, Lx 0.3538, Lu 0.1972, Pentalty 0.3693, loss 0.5879
Epoch 6, Batch 157/619, Grad Norms near zero: 12, Lx 0.1820, Lu 0.1020, Pentalty 0.5328, loss 0.3373
Epoch 6, Batch 158/619, Grad Norms near zero: 12, Lx 0.3543, Lu 0.1252, Pentalty 0.4481, loss 0.5243
Epoch 6, Batch 159/619, Grad Norms near zero: 12, Lx 0.2790, Lu 0.1712, Pentalty 0.4587, loss 0.4960
Epoch 6, Batch 160/619, Grad Norms near zero: 12, Lx 0.3031, Lu 0.0995, Pentalty 0.4556, loss 0.4482
Epoch 6, Batch 161/619, Grad Norms near zero: 12, Lx 0.2793, Lu 0.0710, Pentalty 0.6064, loss 0.4109
Epoch 6, Batch 162/619, Grad Norms near zero: 12, Lx 0.4184, Lu 0.1761, Pentalty 0.5584, loss 0.6503
Epoch 6, Batch 163/619, Grad Norms near zero: 12, Lx 0.2993, Lu 0.0803, Pentalty 0.5508, loss 0.4347
Epoch 6, Batch 164/619, Grad Norms near zero: 12, Lx 0.3778, Lu 0.2009, Pentalty 0.5029, loss 0.6290
Epoch 6, Batch 165/619, Grad Norms near zero: 12, Lx 0.3626, Lu 0.2074, Pentalty 0.4162, loss 0.6116
Epoch 6, Batch 166/619, Grad Norms near zero: 12, Lx 0.3078, Lu 0.2291, Pentalty 0.4759, loss 0.5844
Epoch 6, Batch 167/619, Grad Norms near zero: 12, Lx 0.3088, Lu 0.1149, Pentalty 0.3721, loss 0.4609
Epoch 6, Batch 168/619, Grad Norms near zero: 12, Lx 0.2469, Lu 0.0748, Pentalty 0.4815, loss 0.3699
Epoch 6, Batch 169/619, Grad Norms near zero: 12, Lx 0.2304, Lu 0.0699, Pentalty 0.4543, loss 0.3457
Epoch 6, Batch 170/619, Grad Norms near zero: 12, Lx 0.3094, Lu 0.1529, Pentalty 0.4648, loss 0.5087
Epoch 6, Batch 171/619, Grad Norms near zero: 12, Lx 0.3845, Lu 0.1731, Pentalty 0.4238, loss 0.6000
Epoch 6, Batch 172/619, Grad Norms near zero: 12, Lx 0.2039, Lu 0.0375, Pentalty 0.5633, loss 0.2978
Epoch 6, Batch 173/619, Grad Norms near zero: 12, Lx 0.1826, Lu 0.2036, Pentalty 0.5363, loss 0.4398
Epoch 6, Batch 174/619, Grad Norms near zero: 12, Lx 0.2792, Lu 0.1267, Pentalty 0.3611, loss 0.4421
Epoch 6, Batch 175/619, Grad Norms near zero: 12, Lx 0.2755, Lu 0.1008, Pentalty 0.4427, loss 0.4206
Epoch 6, Batch 176/619, Grad Norms near zero: 12, Lx 0.3735, Lu 0.0868, Pentalty 0.5079, loss 0.5112
Epoch 6, Batch 177/619, Grad Norms near zero: 12, Lx 0.2800, Lu 0.0814, Pentalty 0.4914, loss 0.4105
Epoch 6, Batch 178/619, Grad Norms near zero: 12, Lx 0.4825, Lu 0.1429, Pentalty 0.4488, loss 0.6703
Epoch 6, Batch 179/619, Grad Norms near zero: 12, Lx 0.4349, Lu 0.1076, Pentalty 0.5096, loss 0.5935
Epoch 6, Batch 180/619, Grad Norms near zero: 12, Lx 0.1667, Lu 0.0353, Pentalty 0.6482, loss 0.2668
Epoch 6, Batch 181/619, Grad Norms near zero: 12, Lx 0.4454, Lu 0.1283, Pentalty 0.4838, loss 0.6221
Epoch 6, Batch 182/619, Grad Norms near zero: 12, Lx 0.2793, Lu 0.0597, Pentalty 0.5902, loss 0.3981
Epoch 6, Batch 183/619, Grad Norms near zero: 12, Lx 0.3944, Lu 0.1945, Pentalty 0.4537, loss 0.6343
Epoch 6, Batch 184/619, Grad Norms near zero: 12, Lx 0.3871, Lu 0.2156, Pentalty 0.4371, loss 0.6464
Epoch 6, Batch 185/619, Grad Norms near zero: 12, Lx 0.4112, Lu 0.1308, Pentalty 0.4799, loss 0.5900
Epoch 6, Batch 186/619, Grad Norms near zero: 12, Lx 0.3087, Lu 0.0909, Pentalty 0.4827, loss 0.4479
Epoch 6, Batch 187/619, Grad Norms near zero: 12, Lx 0.2519, Lu 0.0819, Pentalty 0.4590, loss 0.3798
Epoch 6, Batch 188/619, Grad Norms near zero: 12, Lx 0.2380, Lu 0.0818, Pentalty 0.5693, loss 0.3767
Epoch 6, Batch 189/619, Grad Norms near zero: 13, Lx 0.2818, Lu 0.0962, Pentalty 0.4687, loss 0.4249
Epoch 6, Batch 190/619, Grad Norms near zero: 12, Lx 0.2698, Lu 0.0916, Pentalty 0.4628, loss 0.4076
Epoch 6, Batch 191/619, Grad Norms near zero: 12, Lx 0.3685, Lu 0.1557, Pentalty 0.4045, loss 0.5647
Epoch 6, Batch 192/619, Grad Norms near zero: 12, Lx 0.2745, Lu 0.0884, Pentalty 0.5185, loss 0.4147
Epoch 6, Batch 193/619, Grad Norms near zero: 12, Lx 0.3679, Lu 0.2034, Pentalty 0.4284, loss 0.6141
Epoch 6, Batch 194/619, Grad Norms near zero: 12, Lx 0.2751, Lu 0.0605, Pentalty 0.5380, loss 0.3894
Epoch 6, Batch 195/619, Grad Norms near zero: 12, Lx 0.1443, Lu 0.0330, Pentalty 0.6495, loss 0.2423
Epoch 6, Batch 196/619, Grad Norms near zero: 12, Lx 0.1771, Lu 0.0892, Pentalty 0.5378, loss 0.3201
Epoch 6, Batch 197/619, Grad Norms near zero: 12, Lx 0.2858, Lu 0.1492, Pentalty 0.4600, loss 0.4810
Epoch 6, Batch 198/619, Grad Norms near zero: 12, Lx 0.4362, Lu 0.1366, Pentalty 0.4041, loss 0.6133
Epoch 6, Batch 199/619, Grad Norms near zero: 12, Lx 0.3366, Lu 0.0969, Pentalty 0.5127, loss 0.4848
Epoch 6, Batch 200/619, Grad Norms near zero: 12, Lx 0.3794, Lu 0.1753, Pentalty 0.5088, loss 0.6055
Epoch 6, Batch 201/619, Grad Norms near zero: 12, Lx 0.4092, Lu 0.2876, Pentalty 0.3990, loss 0.7367
Epoch 6, Batch 202/619, Grad Norms near zero: 12, Lx 0.3227, Lu 0.0882, Pentalty 0.4724, loss 0.4582
Epoch 6, Batch 203/619, Grad Norms near zero: 12, Lx 0.3282, Lu 0.1257, Pentalty 0.4454, loss 0.4984
Epoch 6, Batch 204/619, Grad Norms near zero: 13, Lx 0.2386, Lu 0.0377, Pentalty 0.6256, loss 0.3389
Epoch 6, Batch 205/619, Grad Norms near zero: 12, Lx 0.2260, Lu 0.1344, Pentalty 0.5594, loss 0.4163
Epoch 6, Batch 206/619, Grad Norms near zero: 12, Lx 0.3954, Lu 0.1751, Pentalty 0.3296, loss 0.6035
Epoch 6, Batch 207/619, Grad Norms near zero: 12, Lx 0.3037, Lu 0.0875, Pentalty 0.4306, loss 0.4343
Epoch 6, Batch 208/619, Grad Norms near zero: 12, Lx 0.3088, Lu 0.0818, Pentalty 0.3871, loss 0.4293
Epoch 6, Batch 209/619, Grad Norms near zero: 12, Lx 0.2445, Lu 0.0656, Pentalty 0.5050, loss 0.3607
Epoch 6, Batch 210/619, Grad Norms near zero: 12, Lx 0.3377, Lu 0.1925, Pentalty 0.3549, loss 0.5656
Epoch 6, Batch 211/619, Grad Norms near zero: 12, Lx 0.3576, Lu 0.2481, Pentalty 0.3362, loss 0.6393
Epoch 6, Batch 212/619, Grad Norms near zero: 12, Lx 0.2297, Lu 0.0511, Pentalty 0.4593, loss 0.3267
Epoch 6, Batch 213/619, Grad Norms near zero: 12, Lx 0.2145, Lu 0.0350, Pentalty 0.5673, loss 0.3062
Epoch 6, Batch 214/619, Grad Norms near zero: 12, Lx 0.3024, Lu 0.1325, Pentalty 0.4755, loss 0.4825
Epoch 6, Batch 215/619, Grad Norms near zero: 13, Lx 0.2850, Lu 0.2021, Pentalty 0.4214, loss 0.5292
Epoch 6, Batch 216/619, Grad Norms near zero: 12, Lx 0.3192, Lu 0.1159, Pentalty 0.4454, loss 0.4796
Epoch 6, Batch 217/619, Grad Norms near zero: 12, Lx 0.3605, Lu 0.1127, Pentalty 0.5210, loss 0.5253
Epoch 6, Batch 218/619, Grad Norms near zero: 12, Lx 0.2973, Lu 0.0711, Pentalty 0.5234, loss 0.4208
Epoch 6, Batch 219/619, Grad Norms near zero: 12, Lx 0.3750, Lu 0.1647, Pentalty 0.4028, loss 0.5800
Epoch 6, Batch 220/619, Grad Norms near zero: 12, Lx 0.2631, Lu 0.0500, Pentalty 0.6203, loss 0.3751
Epoch 6, Batch 221/619, Grad Norms near zero: 12, Lx 0.3527, Lu 0.1907, Pentalty 0.4455, loss 0.5880
Epoch 6, Batch 222/619, Grad Norms near zero: 12, Lx 0.2999, Lu 0.0649, Pentalty 0.6449, loss 0.4293
Epoch 6, Batch 223/619, Grad Norms near zero: 12, Lx 0.2904, Lu 0.1262, Pentalty 0.4054, loss 0.4572
Epoch 6, Batch 224/619, Grad Norms near zero: 12, Lx 0.2762, Lu 0.0666, Pentalty 0.5518, loss 0.3979
Epoch 6, Batch 225/619, Grad Norms near zero: 12, Lx 0.2283, Lu 0.1338, Pentalty 0.6098, loss 0.4231
Epoch 6, Batch 226/619, Grad Norms near zero: 12, Lx 0.3479, Lu 0.1381, Pentalty 0.3830, loss 0.5242
Epoch 6, Batch 227/619, Grad Norms near zero: 12, Lx 0.2511, Lu 0.0717, Pentalty 0.5477, loss 0.3775
Epoch 6, Batch 228/619, Grad Norms near zero: 12, Lx 0.3265, Lu 0.1073, Pentalty 0.3918, loss 0.4730
Epoch 6, Batch 229/619, Grad Norms near zero: 12, Lx 0.3373, Lu 0.1591, Pentalty 0.4495, loss 0.5413
Epoch 6, Batch 230/619, Grad Norms near zero: 12, Lx 0.2877, Lu 0.1412, Pentalty 0.4745, loss 0.4764
Epoch 6, Batch 231/619, Grad Norms near zero: 12, Lx 0.2759, Lu 0.0769, Pentalty 0.5493, loss 0.4078
Epoch 6, Batch 232/619, Grad Norms near zero: 13, Lx 0.3579, Lu 0.1808, Pentalty 0.4243, loss 0.5812
Epoch 6, Batch 233/619, Grad Norms near zero: 12, Lx 0.3665, Lu 0.2179, Pentalty 0.4614, loss 0.6305
Epoch 6, Batch 234/619, Grad Norms near zero: 12, Lx 0.2181, Lu 0.0706, Pentalty 0.5627, loss 0.3449
Epoch 6, Batch 235/619, Grad Norms near zero: 12, Lx 0.3402, Lu 0.2195, Pentalty 0.4477, loss 0.6044
Epoch 6, Batch 236/619, Grad Norms near zero: 12, Lx 0.3603, Lu 0.1421, Pentalty 0.4532, loss 0.5478
Epoch 6, Batch 237/619, Grad Norms near zero: 12, Lx 0.3870, Lu 0.1485, Pentalty 0.4330, loss 0.5788
Epoch 6, Batch 238/619, Grad Norms near zero: 12, Lx 0.3775, Lu 0.2692, Pentalty 0.3088, loss 0.6776
Epoch 6, Batch 239/619, Grad Norms near zero: 12, Lx 0.1988, Lu 0.0507, Pentalty 0.5272, loss 0.3022
Epoch 6, Batch 240/619, Grad Norms near zero: 12, Lx 0.1953, Lu 0.0764, Pentalty 0.4854, loss 0.3202
Epoch 6, Batch 241/619, Grad Norms near zero: 12, Lx 0.3108, Lu 0.1910, Pentalty 0.4007, loss 0.5419
Epoch 6, Batch 242/619, Grad Norms near zero: 12, Lx 0.2889, Lu 0.1426, Pentalty 0.3398, loss 0.4655
Epoch 6, Batch 243/619, Grad Norms near zero: 13, Lx 0.3586, Lu 0.1444, Pentalty 0.3876, loss 0.5418
Epoch 6, Batch 244/619, Grad Norms near zero: 12, Lx 0.2887, Lu 0.1215, Pentalty 0.4279, loss 0.4531
Epoch 6, Batch 245/619, Grad Norms near zero: 12, Lx 0.2503, Lu 0.0822, Pentalty 0.5186, loss 0.3843
Epoch 6, Batch 246/619, Grad Norms near zero: 12, Lx 0.3063, Lu 0.0999, Pentalty 0.4675, loss 0.4529
Epoch 6, Batch 247/619, Grad Norms near zero: 12, Lx 0.3074, Lu 0.0686, Pentalty 0.5625, loss 0.4323
Epoch 6, Batch 248/619, Grad Norms near zero: 12, Lx 0.2365, Lu 0.0412, Pentalty 0.5525, loss 0.3329
Epoch 6, Batch 249/619, Grad Norms near zero: 13, Lx 0.2497, Lu 0.0573, Pentalty 0.5922, loss 0.3662
Epoch 6, Batch 250/619, Grad Norms near zero: 12, Lx 0.2639, Lu 0.0807, Pentalty 0.5453, loss 0.3991
Epoch 6, Batch 251/619, Grad Norms near zero: 12, Lx 0.3319, Lu 0.1050, Pentalty 0.5022, loss 0.4871
Epoch 6, Batch 252/619, Grad Norms near zero: 13, Lx 0.2959, Lu 0.1272, Pentalty 0.4595, loss 0.4691
Epoch 6, Batch 253/619, Grad Norms near zero: 12, Lx 0.2957, Lu 0.1057, Pentalty 0.5286, loss 0.4543
Epoch 6, Batch 254/619, Grad Norms near zero: 12, Lx 0.3850, Lu 0.1954, Pentalty 0.4858, loss 0.6289
Epoch 6, Batch 255/619, Grad Norms near zero: 13, Lx 0.2412, Lu 0.0445, Pentalty 0.6412, loss 0.3499
Epoch 6, Batch 256/619, Grad Norms near zero: 12, Lx 0.2142, Lu 0.0572, Pentalty 0.5886, loss 0.3302
Epoch 6, Batch 257/619, Grad Norms near zero: 12, Lx 0.2663, Lu 0.0375, Pentalty 0.6408, loss 0.3679
Epoch 6, Batch 258/619, Grad Norms near zero: 12, Lx 0.3598, Lu 0.1271, Pentalty 0.3832, loss 0.5253
Epoch 6, Batch 259/619, Grad Norms near zero: 13, Lx 0.2611, Lu 0.0524, Pentalty 0.5946, loss 0.3730
Epoch 6, Batch 260/619, Grad Norms near zero: 12, Lx 0.2167, Lu 0.1769, Pentalty 0.5054, loss 0.4442
Epoch 6, Batch 261/619, Grad Norms near zero: 12, Lx 0.3801, Lu 0.2173, Pentalty 0.4198, loss 0.6394
Epoch 6, Batch 262/619, Grad Norms near zero: 13, Lx 0.3169, Lu 0.0781, Pentalty 0.4721, loss 0.4422
Epoch 6, Batch 263/619, Grad Norms near zero: 12, Lx 0.2397, Lu 0.0969, Pentalty 0.4595, loss 0.3826
Epoch 6, Batch 264/619, Grad Norms near zero: 12, Lx 0.3218, Lu 0.1275, Pentalty 0.4037, loss 0.4896
Epoch 6, Batch 265/619, Grad Norms near zero: 12, Lx 0.2307, Lu 0.0315, Pentalty 0.4593, loss 0.3082
Epoch 6, Batch 266/619, Grad Norms near zero: 12, Lx 0.2737, Lu 0.0763, Pentalty 0.5370, loss 0.4037
Epoch 6, Batch 267/619, Grad Norms near zero: 12, Lx 0.3835, Lu 0.2061, Pentalty 0.3835, loss 0.6279
Epoch 6, Batch 268/619, Grad Norms near zero: 12, Lx 0.4394, Lu 0.1664, Pentalty 0.4138, loss 0.6472
Epoch 6, Batch 269/619, Grad Norms near zero: 12, Lx 0.3616, Lu 0.1946, Pentalty 0.3733, loss 0.5936
Epoch 6, Batch 270/619, Grad Norms near zero: 12, Lx 0.3120, Lu 0.1725, Pentalty 0.4193, loss 0.5264
Epoch 6, Batch 271/619, Grad Norms near zero: 12, Lx 0.2391, Lu 0.0457, Pentalty 0.5098, loss 0.3358
Epoch 6, Batch 272/619, Grad Norms near zero: 12, Lx 0.2208, Lu 0.0375, Pentalty 0.6318, loss 0.3215
Epoch 6, Batch 273/619, Grad Norms near zero: 12, Lx 0.3391, Lu 0.3047, Pentalty 0.4397, loss 0.6877
Epoch 6, Batch 274/619, Grad Norms near zero: 12, Lx 0.3356, Lu 0.0832, Pentalty 0.4709, loss 0.4659
Epoch 6, Batch 275/619, Grad Norms near zero: 12, Lx 0.3346, Lu 0.1016, Pentalty 0.4142, loss 0.4776
Epoch 6, Batch 276/619, Grad Norms near zero: 12, Lx 0.2488, Lu 0.0525, Pentalty 0.5434, loss 0.3556
Epoch 6, Batch 277/619, Grad Norms near zero: 12, Lx 0.3751, Lu 0.1220, Pentalty 0.2812, loss 0.5252
Epoch 6, Batch 278/619, Grad Norms near zero: 12, Lx 0.1522, Lu 0.0428, Pentalty 0.6420, loss 0.2592
Epoch 6, Batch 279/619, Grad Norms near zero: 13, Lx 0.2730, Lu 0.0594, Pentalty 0.5062, loss 0.3830
Epoch 6, Batch 280/619, Grad Norms near zero: 12, Lx 0.2997, Lu 0.0721, Pentalty 0.5028, loss 0.4220
Epoch 6, Batch 281/619, Grad Norms near zero: 12, Lx 0.3075, Lu 0.3138, Pentalty 0.4973, loss 0.6710
Epoch 6, Batch 282/619, Grad Norms near zero: 12, Lx 0.3339, Lu 0.2195, Pentalty 0.4518, loss 0.5986
Epoch 6, Batch 283/619, Grad Norms near zero: 12, Lx 0.3384, Lu 0.1763, Pentalty 0.4633, loss 0.5610
Epoch 6, Batch 284/619, Grad Norms near zero: 13, Lx 0.2136, Lu 0.0497, Pentalty 0.5892, loss 0.3222
Epoch 6, Batch 285/619, Grad Norms near zero: 12, Lx 0.3963, Lu 0.3325, Pentalty 0.5283, loss 0.7817
Epoch 6, Batch 286/619, Grad Norms near zero: 14, Lx 0.3907, Lu 0.0973, Pentalty 0.4628, loss 0.5343
Epoch 6, Batch 287/619, Grad Norms near zero: 13, Lx 0.2733, Lu 0.0481, Pentalty 0.5579, loss 0.3773
Epoch 6, Batch 288/619, Grad Norms near zero: 12, Lx 0.2256, Lu 0.0664, Pentalty 0.5383, loss 0.3459
Epoch 6, Batch 289/619, Grad Norms near zero: 13, Lx 0.3789, Lu 0.1497, Pentalty 0.3312, loss 0.5617
Epoch 6, Batch 290/619, Grad Norms near zero: 12, Lx 0.2832, Lu 0.1694, Pentalty 0.5747, loss 0.5101
Epoch 6, Batch 291/619, Grad Norms near zero: 13, Lx 0.3127, Lu 0.1507, Pentalty 0.3714, loss 0.5005
Epoch 6, Batch 292/619, Grad Norms near zero: 12, Lx 0.3502, Lu 0.2801, Pentalty 0.4926, loss 0.6796
Epoch 6, Batch 293/619, Grad Norms near zero: 12, Lx 0.3864, Lu 0.2682, Pentalty 0.4143, loss 0.6961
Epoch 6, Batch 294/619, Grad Norms near zero: 12, Lx 0.3308, Lu 0.2098, Pentalty 0.3759, loss 0.5782
Epoch 6, Batch 295/619, Grad Norms near zero: 12, Lx 0.2831, Lu 0.0851, Pentalty 0.4891, loss 0.4171
Epoch 6, Batch 296/619, Grad Norms near zero: 12, Lx 0.3112, Lu 0.0983, Pentalty 0.4485, loss 0.4543
Epoch 6, Batch 297/619, Grad Norms near zero: 12, Lx 0.1999, Lu 0.3161, Pentalty 0.5605, loss 0.5721
Epoch 6, Batch 298/619, Grad Norms near zero: 12, Lx 0.2270, Lu 0.1053, Pentalty 0.4060, loss 0.3728
Epoch 6, Batch 299/619, Grad Norms near zero: 12, Lx 0.2594, Lu 0.1017, Pentalty 0.3533, loss 0.3965
Epoch 6, Batch 300/619, Grad Norms near zero: 12, Lx 0.4169, Lu 0.1678, Pentalty 0.4283, loss 0.6275
Epoch 6, Batch 301/619, Grad Norms near zero: 12, Lx 0.3392, Lu 0.1264, Pentalty 0.4065, loss 0.5062
Epoch 6, Batch 302/619, Grad Norms near zero: 12, Lx 0.2361, Lu 0.0645, Pentalty 0.4297, loss 0.3436
Epoch 6, Batch 303/619, Grad Norms near zero: 12, Lx 0.3591, Lu 0.0843, Pentalty 0.5368, loss 0.4970
Epoch 6, Batch 304/619, Grad Norms near zero: 12, Lx 0.3127, Lu 0.0824, Pentalty 0.4032, loss 0.4355
Epoch 6, Batch 305/619, Grad Norms near zero: 13, Lx 0.3511, Lu 0.1173, Pentalty 0.4373, loss 0.5121
Epoch 6, Batch 306/619, Grad Norms near zero: 12, Lx 0.2909, Lu 0.1427, Pentalty 0.3407, loss 0.4676
Epoch 6, Batch 307/619, Grad Norms near zero: 13, Lx 0.3449, Lu 0.1658, Pentalty 0.4700, loss 0.5577
Epoch 6, Batch 308/619, Grad Norms near zero: 12, Lx 0.3372, Lu 0.0893, Pentalty 0.6141, loss 0.4879
Epoch 6, Batch 309/619, Grad Norms near zero: 12, Lx 0.4138, Lu 0.3136, Pentalty 0.4688, loss 0.7743
Epoch 6, Batch 310/619, Grad Norms near zero: 12, Lx 0.2955, Lu 0.0986, Pentalty 0.5774, loss 0.4519
Epoch 6, Batch 311/619, Grad Norms near zero: 12, Lx 0.3154, Lu 0.1777, Pentalty 0.4381, loss 0.5369
Epoch 6, Batch 312/619, Grad Norms near zero: 12, Lx 0.3377, Lu 0.1110, Pentalty 0.5253, loss 0.5012
Epoch 6, Batch 313/619, Grad Norms near zero: 12, Lx 0.1278, Lu 0.2019, Pentalty 0.7264, loss 0.4024
Epoch 6, Batch 314/619, Grad Norms near zero: 12, Lx 0.2570, Lu 0.0486, Pentalty 0.5793, loss 0.3635
Epoch 6, Batch 315/619, Grad Norms near zero: 12, Lx 0.3827, Lu 0.1351, Pentalty 0.4030, loss 0.5582
Epoch 6, Batch 316/619, Grad Norms near zero: 12, Lx 0.2838, Lu 0.0987, Pentalty 0.4653, loss 0.4290
Epoch 6, Batch 317/619, Grad Norms near zero: 12, Lx 0.3524, Lu 0.1184, Pentalty 0.4174, loss 0.5126
Epoch 6, Batch 318/619, Grad Norms near zero: 12, Lx 0.3014, Lu 0.1257, Pentalty 0.4582, loss 0.4730
Epoch 6, Batch 319/619, Grad Norms near zero: 12, Lx 0.3019, Lu 0.1103, Pentalty 0.4053, loss 0.4527
Epoch 6, Batch 320/619, Grad Norms near zero: 12, Lx 0.2780, Lu 0.0836, Pentalty 0.4729, loss 0.4089
Epoch 6, Batch 321/619, Grad Norms near zero: 12, Lx 0.1450, Lu 0.0353, Pentalty 0.6775, loss 0.2480
Epoch 6, Batch 322/619, Grad Norms near zero: 12, Lx 0.3017, Lu 0.0708, Pentalty 0.4555, loss 0.4181
Epoch 6, Batch 323/619, Grad Norms near zero: 12, Lx 0.3596, Lu 0.1570, Pentalty 0.2670, loss 0.5433
Epoch 6, Batch 324/619, Grad Norms near zero: 13, Lx 0.3578, Lu 0.1596, Pentalty 0.4223, loss 0.5596
Epoch 6, Batch 325/619, Grad Norms near zero: 12, Lx 0.4214, Lu 0.2106, Pentalty 0.3303, loss 0.6650
Epoch 6, Batch 326/619, Grad Norms near zero: 12, Lx 0.3315, Lu 0.2450, Pentalty 0.4476, loss 0.6213
Epoch 6, Batch 327/619, Grad Norms near zero: 12, Lx 0.2406, Lu 0.1871, Pentalty 0.5635, loss 0.4840
Epoch 6, Batch 328/619, Grad Norms near zero: 12, Lx 0.3912, Lu 0.1549, Pentalty 0.4980, loss 0.5958
Epoch 6, Batch 329/619, Grad Norms near zero: 12, Lx 0.3999, Lu 0.1935, Pentalty 0.3714, loss 0.6305
Epoch 6, Batch 330/619, Grad Norms near zero: 12, Lx 0.3531, Lu 0.1596, Pentalty 0.5082, loss 0.5635
Epoch 6, Batch 331/619, Grad Norms near zero: 12, Lx 0.3094, Lu 0.0636, Pentalty 0.6364, loss 0.4366
Epoch 6, Batch 332/619, Grad Norms near zero: 12, Lx 0.1901, Lu 0.0565, Pentalty 0.5845, loss 0.3051
Epoch 6, Batch 333/619, Grad Norms near zero: 12, Lx 0.2384, Lu 0.1902, Pentalty 0.6985, loss 0.4985
Epoch 6, Batch 334/619, Grad Norms near zero: 12, Lx 0.2017, Lu 0.0817, Pentalty 0.5150, loss 0.3349
Epoch 6, Batch 335/619, Grad Norms near zero: 12, Lx 0.3717, Lu 0.2148, Pentalty 0.5162, loss 0.6381
Epoch 6, Batch 336/619, Grad Norms near zero: 12, Lx 0.2279, Lu 0.1169, Pentalty 0.6021, loss 0.4050
Epoch 6, Batch 337/619, Grad Norms near zero: 13, Lx 0.3718, Lu 0.1573, Pentalty 0.4330, loss 0.5724
Epoch 6, Batch 338/619, Grad Norms near zero: 12, Lx 0.2787, Lu 0.2129, Pentalty 0.5940, loss 0.5510
Epoch 6, Batch 339/619, Grad Norms near zero: 12, Lx 0.1895, Lu 0.0308, Pentalty 0.5873, loss 0.2790
Epoch 6, Batch 340/619, Grad Norms near zero: 12, Lx 0.2596, Lu 0.1087, Pentalty 0.4623, loss 0.4146
Epoch 6, Batch 341/619, Grad Norms near zero: 12, Lx 0.3670, Lu 0.1167, Pentalty 0.4023, loss 0.5239
Epoch 6, Batch 342/619, Grad Norms near zero: 12, Lx 0.1603, Lu 0.0462, Pentalty 0.5687, loss 0.2634
Epoch 6, Batch 343/619, Grad Norms near zero: 12, Lx 0.3286, Lu 0.1323, Pentalty 0.3974, loss 0.5006
Epoch 6, Batch 344/619, Grad Norms near zero: 12, Lx 0.1725, Lu 0.1442, Pentalty 0.5126, loss 0.3680
Epoch 6, Batch 345/619, Grad Norms near zero: 12, Lx 0.3713, Lu 0.1693, Pentalty 0.3569, loss 0.5763
Epoch 6, Batch 346/619, Grad Norms near zero: 12, Lx 0.3135, Lu 0.1085, Pentalty 0.4342, loss 0.4654
Epoch 6, Batch 347/619, Grad Norms near zero: 12, Lx 0.2619, Lu 0.1005, Pentalty 0.4161, loss 0.4040
Epoch 6, Batch 348/619, Grad Norms near zero: 13, Lx 0.4210, Lu 0.1815, Pentalty 0.3052, loss 0.6330
Epoch 6, Batch 349/619, Grad Norms near zero: 12, Lx 0.1667, Lu 0.0250, Pentalty 0.6387, loss 0.2556
Epoch 6, Batch 350/619, Grad Norms near zero: 12, Lx 0.4074, Lu 0.1582, Pentalty 0.4742, loss 0.6130
Epoch 6, Batch 351/619, Grad Norms near zero: 12, Lx 0.3549, Lu 0.2253, Pentalty 0.4682, loss 0.6270
Epoch 6, Batch 352/619, Grad Norms near zero: 12, Lx 0.3105, Lu 0.1094, Pentalty 0.4703, loss 0.4670
Epoch 6, Batch 353/619, Grad Norms near zero: 12, Lx 0.2800, Lu 0.0473, Pentalty 0.6325, loss 0.3905
Epoch 6, Batch 354/619, Grad Norms near zero: 12, Lx 0.3266, Lu 0.2332, Pentalty 0.4197, loss 0.6017
Epoch 6, Batch 355/619, Grad Norms near zero: 12, Lx 0.2689, Lu 0.1070, Pentalty 0.4840, loss 0.4243
Epoch 6, Batch 356/619, Grad Norms near zero: 12, Lx 0.3376, Lu 0.0997, Pentalty 0.4887, loss 0.4862
Epoch 6, Batch 357/619, Grad Norms near zero: 12, Lx 0.3811, Lu 0.1482, Pentalty 0.4942, loss 0.5787
Epoch 6, Batch 358/619, Grad Norms near zero: 12, Lx 0.3454, Lu 0.1155, Pentalty 0.5147, loss 0.5124
Epoch 6, Batch 359/619, Grad Norms near zero: 12, Lx 0.3374, Lu 0.1713, Pentalty 0.5164, loss 0.5604
Epoch 6, Batch 360/619, Grad Norms near zero: 12, Lx 0.2303, Lu 0.0725, Pentalty 0.5967, loss 0.3624
Epoch 6, Batch 361/619, Grad Norms near zero: 12, Lx 0.2397, Lu 0.0340, Pentalty 0.5839, loss 0.3321
Epoch 6, Batch 362/619, Grad Norms near zero: 12, Lx 0.3349, Lu 0.0948, Pentalty 0.4878, loss 0.4785
Epoch 6, Batch 363/619, Grad Norms near zero: 12, Lx 0.2621, Lu 0.0548, Pentalty 0.5376, loss 0.3706
Epoch 6, Batch 364/619, Grad Norms near zero: 12, Lx 0.3476, Lu 0.1476, Pentalty 0.3701, loss 0.5323
Epoch 6, Batch 365/619, Grad Norms near zero: 13, Lx 0.4477, Lu 0.1333, Pentalty 0.3761, loss 0.6186
Epoch 6, Batch 366/619, Grad Norms near zero: 12, Lx 0.3512, Lu 0.1601, Pentalty 0.4207, loss 0.5534
Epoch 6, Batch 367/619, Grad Norms near zero: 12, Lx 0.1379, Lu 0.0251, Pentalty 0.5144, loss 0.2144
Epoch 6, Batch 368/619, Grad Norms near zero: 13, Lx 0.3639, Lu 0.1520, Pentalty 0.3971, loss 0.5556
Epoch 6, Batch 369/619, Grad Norms near zero: 12, Lx 0.3891, Lu 0.1307, Pentalty 0.3501, loss 0.5548
Epoch 6, Batch 370/619, Grad Norms near zero: 12, Lx 0.1996, Lu 0.0350, Pentalty 0.5976, loss 0.2943
Epoch 6, Batch 371/619, Grad Norms near zero: 12, Lx 0.3360, Lu 0.0801, Pentalty 0.4707, loss 0.4632
Epoch 6, Batch 372/619, Grad Norms near zero: 12, Lx 0.1894, Lu 0.0389, Pentalty 0.5798, loss 0.2863
Epoch 6, Batch 373/619, Grad Norms near zero: 12, Lx 0.2237, Lu 0.0380, Pentalty 0.6332, loss 0.3250
Epoch 6, Batch 374/619, Grad Norms near zero: 12, Lx 0.2216, Lu 0.0305, Pentalty 0.6537, loss 0.3175
Epoch 6, Batch 375/619, Grad Norms near zero: 12, Lx 0.3441, Lu 0.0929, Pentalty 0.4801, loss 0.4849
Epoch 6, Batch 376/619, Grad Norms near zero: 12, Lx 0.3519, Lu 0.0739, Pentalty 0.5132, loss 0.4771
Epoch 6, Batch 377/619, Grad Norms near zero: 13, Lx 0.2695, Lu 0.1129, Pentalty 0.4860, loss 0.4309
Epoch 6, Batch 378/619, Grad Norms near zero: 13, Lx 0.2602, Lu 0.0666, Pentalty 0.5695, loss 0.3837
Epoch 6, Batch 379/619, Grad Norms near zero: 13, Lx 0.4285, Lu 0.2371, Pentalty 0.3886, loss 0.7045
Epoch 6, Batch 380/619, Grad Norms near zero: 12, Lx 0.4191, Lu 0.1381, Pentalty 0.3964, loss 0.5969
Epoch 6, Batch 381/619, Grad Norms near zero: 12, Lx 0.4014, Lu 0.1312, Pentalty 0.5510, loss 0.5877
Epoch 6, Batch 382/619, Grad Norms near zero: 12, Lx 0.2919, Lu 0.0767, Pentalty 0.4977, loss 0.4183
Epoch 6, Batch 383/619, Grad Norms near zero: 12, Lx 0.3469, Lu 0.1312, Pentalty 0.4315, loss 0.5212
Epoch 6, Batch 384/619, Grad Norms near zero: 12, Lx 0.3356, Lu 0.1380, Pentalty 0.5832, loss 0.5319
Epoch 6, Batch 385/619, Grad Norms near zero: 12, Lx 0.2311, Lu 0.0375, Pentalty 0.5978, loss 0.3283
Epoch 6, Batch 386/619, Grad Norms near zero: 12, Lx 0.3012, Lu 0.1427, Pentalty 0.4687, loss 0.4908
Epoch 6, Batch 387/619, Grad Norms near zero: 13, Lx 0.3273, Lu 0.0877, Pentalty 0.4648, loss 0.4616
Epoch 6, Batch 388/619, Grad Norms near zero: 13, Lx 0.2228, Lu 0.0323, Pentalty 0.5936, loss 0.3145
Epoch 6, Batch 389/619, Grad Norms near zero: 12, Lx 0.2478, Lu 0.1056, Pentalty 0.3874, loss 0.3921
Epoch 6, Batch 390/619, Grad Norms near zero: 12, Lx 0.3125, Lu 0.0801, Pentalty 0.4864, loss 0.4412
Epoch 6, Batch 391/619, Grad Norms near zero: 13, Lx 0.3803, Lu 0.2091, Pentalty 0.3485, loss 0.6242
Epoch 6, Batch 392/619, Grad Norms near zero: 12, Lx 0.3160, Lu 0.1109, Pentalty 0.3953, loss 0.4664
Epoch 6, Batch 393/619, Grad Norms near zero: 12, Lx 0.3424, Lu 0.0840, Pentalty 0.4038, loss 0.4668
Epoch 6, Batch 394/619, Grad Norms near zero: 12, Lx 0.4202, Lu 0.2225, Pentalty 0.3126, loss 0.6739
Epoch 6, Batch 395/619, Grad Norms near zero: 12, Lx 0.3458, Lu 0.1224, Pentalty 0.3942, loss 0.5076
Epoch 6, Batch 396/619, Grad Norms near zero: 12, Lx 0.3809, Lu 0.2191, Pentalty 0.4350, loss 0.6436
Epoch 6, Batch 397/619, Grad Norms near zero: 12, Lx 0.2808, Lu 0.0611, Pentalty 0.5305, loss 0.3950
Epoch 6, Batch 398/619, Grad Norms near zero: 12, Lx 0.2998, Lu 0.0898, Pentalty 0.4869, loss 0.4383
Epoch 6, Batch 399/619, Grad Norms near zero: 12, Lx 0.2149, Lu 0.0301, Pentalty 0.5152, loss 0.2965
Epoch 6, Batch 400/619, Grad Norms near zero: 13, Lx 0.3346, Lu 0.0963, Pentalty 0.4207, loss 0.4730
Epoch 6, Batch 401/619, Grad Norms near zero: 12, Lx 0.3614, Lu 0.1089, Pentalty 0.4540, loss 0.5157
Epoch 6, Batch 402/619, Grad Norms near zero: 12, Lx 0.3057, Lu 0.1085, Pentalty 0.4574, loss 0.4599
Epoch 6, Batch 403/619, Grad Norms near zero: 12, Lx 0.3260, Lu 0.0787, Pentalty 0.5092, loss 0.4556
Epoch 6, Batch 404/619, Grad Norms near zero: 12, Lx 0.2992, Lu 0.1524, Pentalty 0.3769, loss 0.4893
Epoch 6, Batch 405/619, Grad Norms near zero: 12, Lx 0.3059, Lu 0.0803, Pentalty 0.5258, loss 0.4388
Epoch 6, Batch 406/619, Grad Norms near zero: 12, Lx 0.2972, Lu 0.0605, Pentalty 0.4521, loss 0.4029
Epoch 6, Batch 407/619, Grad Norms near zero: 12, Lx 0.3679, Lu 0.1736, Pentalty 0.3928, loss 0.5808
Epoch 6, Batch 408/619, Grad Norms near zero: 12, Lx 0.4127, Lu 0.2028, Pentalty 0.4053, loss 0.6559
Epoch 6, Batch 409/619, Grad Norms near zero: 12, Lx 0.2967, Lu 0.1322, Pentalty 0.4083, loss 0.4697
Epoch 6, Batch 410/619, Grad Norms near zero: 12, Lx 0.3505, Lu 0.2647, Pentalty 0.3022, loss 0.6455
Epoch 6, Batch 411/619, Grad Norms near zero: 12, Lx 0.3482, Lu 0.1050, Pentalty 0.3438, loss 0.4875
Epoch 6, Batch 412/619, Grad Norms near zero: 12, Lx 0.2289, Lu 0.0620, Pentalty 0.4608, loss 0.3370
Epoch 6, Batch 413/619, Grad Norms near zero: 13, Lx 0.3930, Lu 0.1676, Pentalty 0.3738, loss 0.5980
Epoch 6, Batch 414/619, Grad Norms near zero: 13, Lx 0.3427, Lu 0.1261, Pentalty 0.4174, loss 0.5105
Epoch 6, Batch 415/619, Grad Norms near zero: 12, Lx 0.3497, Lu 0.1454, Pentalty 0.3696, loss 0.5321
Epoch 6, Batch 416/619, Grad Norms near zero: 12, Lx 0.2381, Lu 0.1257, Pentalty 0.5675, loss 0.4205
Epoch 6, Batch 417/619, Grad Norms near zero: 12, Lx 0.2844, Lu 0.0600, Pentalty 0.4445, loss 0.3888
Epoch 6, Batch 418/619, Grad Norms near zero: 12, Lx 0.1947, Lu 0.0256, Pentalty 0.6516, loss 0.2854
Epoch 6, Batch 419/619, Grad Norms near zero: 12, Lx 0.3808, Lu 0.1343, Pentalty 0.4194, loss 0.5570
Epoch 6, Batch 420/619, Grad Norms near zero: 12, Lx 0.3358, Lu 0.0784, Pentalty 0.4938, loss 0.4635
Epoch 6, Batch 421/619, Grad Norms near zero: 12, Lx 0.4058, Lu 0.2384, Pentalty 0.3709, loss 0.6813
Epoch 6, Batch 422/619, Grad Norms near zero: 13, Lx 0.3871, Lu 0.1510, Pentalty 0.3757, loss 0.5757
Epoch 6, Batch 423/619, Grad Norms near zero: 12, Lx 0.3384, Lu 0.2286, Pentalty 0.3898, loss 0.6060
Epoch 6, Batch 424/619, Grad Norms near zero: 12, Lx 0.3667, Lu 0.1578, Pentalty 0.4763, loss 0.5721
Epoch 6, Batch 425/619, Grad Norms near zero: 12, Lx 0.2240, Lu 0.0801, Pentalty 0.5187, loss 0.3560
Epoch 6, Batch 426/619, Grad Norms near zero: 12, Lx 0.3569, Lu 0.2073, Pentalty 0.3639, loss 0.6006
Epoch 6, Batch 427/619, Grad Norms near zero: 12, Lx 0.3278, Lu 0.1080, Pentalty 0.4470, loss 0.4805
Epoch 6, Batch 428/619, Grad Norms near zero: 12, Lx 0.3299, Lu 0.2360, Pentalty 0.4408, loss 0.6099
Epoch 6, Batch 429/619, Grad Norms near zero: 12, Lx 0.3351, Lu 0.1704, Pentalty 0.3810, loss 0.5436
Epoch 6, Batch 430/619, Grad Norms near zero: 12, Lx 0.2254, Lu 0.0577, Pentalty 0.5490, loss 0.3380
Epoch 6, Batch 431/619, Grad Norms near zero: 12, Lx 0.2901, Lu 0.0678, Pentalty 0.5001, loss 0.4079
Epoch 6, Batch 432/619, Grad Norms near zero: 12, Lx 0.4171, Lu 0.2828, Pentalty 0.4046, loss 0.7404
Epoch 6, Batch 433/619, Grad Norms near zero: 12, Lx 0.2761, Lu 0.1544, Pentalty 0.4371, loss 0.4742
Epoch 6, Batch 434/619, Grad Norms near zero: 12, Lx 0.2899, Lu 0.1530, Pentalty 0.4152, loss 0.4845
Epoch 6, Batch 435/619, Grad Norms near zero: 12, Lx 0.4043, Lu 0.2076, Pentalty 0.3784, loss 0.6497
Epoch 6, Batch 436/619, Grad Norms near zero: 12, Lx 0.2807, Lu 0.1969, Pentalty 0.4418, loss 0.5218
Epoch 6, Batch 437/619, Grad Norms near zero: 12, Lx 0.1765, Lu 0.3264, Pentalty 0.4364, loss 0.5465
Epoch 6, Batch 438/619, Grad Norms near zero: 12, Lx 0.2652, Lu 0.0665, Pentalty 0.5337, loss 0.3851
Epoch 6, Batch 439/619, Grad Norms near zero: 12, Lx 0.2598, Lu 0.0627, Pentalty 0.4906, loss 0.3716
Epoch 6, Batch 440/619, Grad Norms near zero: 12, Lx 0.3502, Lu 0.2288, Pentalty 0.3428, loss 0.6133
Epoch 6, Batch 441/619, Grad Norms near zero: 12, Lx 0.2747, Lu 0.0525, Pentalty 0.6096, loss 0.3882
Epoch 6, Batch 442/619, Grad Norms near zero: 12, Lx 0.3305, Lu 0.1235, Pentalty 0.4593, loss 0.4999
Epoch 6, Batch 443/619, Grad Norms near zero: 12, Lx 0.4106, Lu 0.3187, Pentalty 0.4197, loss 0.7713
Epoch 6, Batch 444/619, Grad Norms near zero: 12, Lx 0.3381, Lu 0.1355, Pentalty 0.3776, loss 0.5114
Epoch 6, Batch 445/619, Grad Norms near zero: 12, Lx 0.2818, Lu 0.1055, Pentalty 0.5583, loss 0.4431
Epoch 6, Batch 446/619, Grad Norms near zero: 12, Lx 0.2509, Lu 0.0667, Pentalty 0.5586, loss 0.3735
Epoch 6, Batch 447/619, Grad Norms near zero: 12, Lx 0.3184, Lu 0.1632, Pentalty 0.4582, loss 0.5274
Epoch 6, Batch 448/619, Grad Norms near zero: 12, Lx 0.2535, Lu 0.0722, Pentalty 0.5653, loss 0.3822
Epoch 6, Batch 449/619, Grad Norms near zero: 12, Lx 0.4208, Lu 0.2117, Pentalty 0.4484, loss 0.6774
Epoch 6, Batch 450/619, Grad Norms near zero: 12, Lx 0.3746, Lu 0.1163, Pentalty 0.4883, loss 0.5397
Epoch 6, Batch 451/619, Grad Norms near zero: 12, Lx 0.3968, Lu 0.1422, Pentalty 0.4120, loss 0.5802
Epoch 6, Batch 452/619, Grad Norms near zero: 12, Lx 0.2269, Lu 0.0720, Pentalty 0.5389, loss 0.3529
Epoch 6, Batch 453/619, Grad Norms near zero: 12, Lx 0.4438, Lu 0.1296, Pentalty 0.4871, loss 0.6221
Epoch 6, Batch 454/619, Grad Norms near zero: 12, Lx 0.3736, Lu 0.2184, Pentalty 0.3941, loss 0.6313
Epoch 6, Batch 455/619, Grad Norms near zero: 12, Lx 0.2859, Lu 0.0944, Pentalty 0.4287, loss 0.4233
Epoch 6, Batch 456/619, Grad Norms near zero: 12, Lx 0.1806, Lu 0.0310, Pentalty 0.5761, loss 0.2693
Epoch 6, Batch 457/619, Grad Norms near zero: 12, Lx 0.3316, Lu 0.1466, Pentalty 0.3787, loss 0.5161
Epoch 6, Batch 458/619, Grad Norms near zero: 12, Lx 0.3869, Lu 0.1970, Pentalty 0.2932, loss 0.6131
Epoch 6, Batch 459/619, Grad Norms near zero: 12, Lx 0.3530, Lu 0.1255, Pentalty 0.3401, loss 0.5125
Epoch 6, Batch 460/619, Grad Norms near zero: 12, Lx 0.2576, Lu 0.2264, Pentalty 0.3770, loss 0.5217
Epoch 6, Batch 461/619, Grad Norms near zero: 12, Lx 0.3588, Lu 0.1221, Pentalty 0.3603, loss 0.5169
Epoch 6, Batch 462/619, Grad Norms near zero: 12, Lx 0.3304, Lu 0.1096, Pentalty 0.4070, loss 0.4807
Epoch 6, Batch 463/619, Grad Norms near zero: 12, Lx 0.3470, Lu 0.1326, Pentalty 0.3916, loss 0.5188
Epoch 6, Batch 464/619, Grad Norms near zero: 12, Lx 0.3200, Lu 0.1233, Pentalty 0.3747, loss 0.4808
Epoch 6, Batch 465/619, Grad Norms near zero: 12, Lx 0.3262, Lu 0.1526, Pentalty 0.3958, loss 0.5184
Epoch 6, Batch 466/619, Grad Norms near zero: 12, Lx 0.3943, Lu 0.2044, Pentalty 0.3244, loss 0.6312
Epoch 6, Batch 467/619, Grad Norms near zero: 12, Lx 0.3136, Lu 0.0657, Pentalty 0.5005, loss 0.4293
Epoch 6, Batch 468/619, Grad Norms near zero: 12, Lx 0.2452, Lu 0.0828, Pentalty 0.4594, loss 0.3740
Epoch 6, Batch 469/619, Grad Norms near zero: 12, Lx 0.3526, Lu 0.1962, Pentalty 0.3689, loss 0.5857
Epoch 6, Batch 470/619, Grad Norms near zero: 12, Lx 0.3103, Lu 0.1179, Pentalty 0.4206, loss 0.4702
Epoch 6, Batch 471/619, Grad Norms near zero: 12, Lx 0.3962, Lu 0.1174, Pentalty 0.4306, loss 0.5566
Epoch 6, Batch 472/619, Grad Norms near zero: 12, Lx 0.3690, Lu 0.2499, Pentalty 0.4916, loss 0.6681
Epoch 6, Batch 473/619, Grad Norms near zero: 12, Lx 0.3464, Lu 0.1798, Pentalty 0.4697, loss 0.5732
Epoch 6, Batch 474/619, Grad Norms near zero: 12, Lx 0.2575, Lu 0.0905, Pentalty 0.4999, loss 0.3981
Epoch 6, Batch 475/619, Grad Norms near zero: 12, Lx 0.2281, Lu 0.0368, Pentalty 0.5602, loss 0.3209
Epoch 6, Batch 476/619, Grad Norms near zero: 12, Lx 0.3252, Lu 0.0775, Pentalty 0.5408, loss 0.4568
Epoch 6, Batch 477/619, Grad Norms near zero: 12, Lx 0.3052, Lu 0.0708, Pentalty 0.5969, loss 0.4357
Epoch 6, Batch 478/619, Grad Norms near zero: 12, Lx 0.1565, Lu 0.1866, Pentalty 0.5654, loss 0.3997
Epoch 6, Batch 479/619, Grad Norms near zero: 12, Lx 0.4141, Lu 0.1723, Pentalty 0.4330, loss 0.6297
Epoch 6, Batch 480/619, Grad Norms near zero: 12, Lx 0.3066, Lu 0.0885, Pentalty 0.5261, loss 0.4477
Epoch 6, Batch 481/619, Grad Norms near zero: 12, Lx 0.3028, Lu 0.0746, Pentalty 0.4824, loss 0.4257
Epoch 6, Batch 482/619, Grad Norms near zero: 12, Lx 0.2191, Lu 0.0981, Pentalty 0.6392, loss 0.3811
Epoch 6, Batch 483/619, Grad Norms near zero: 12, Lx 0.3385, Lu 0.3280, Pentalty 0.4998, loss 0.7164
Epoch 6, Batch 484/619, Grad Norms near zero: 12, Lx 0.3608, Lu 0.0859, Pentalty 0.5060, loss 0.4973
Epoch 6, Batch 485/619, Grad Norms near zero: 12, Lx 0.3887, Lu 0.2129, Pentalty 0.4520, loss 0.6468
Epoch 6, Batch 486/619, Grad Norms near zero: 12, Lx 0.2368, Lu 0.0442, Pentalty 0.5603, loss 0.3371
Epoch 6, Batch 487/619, Grad Norms near zero: 13, Lx 0.3519, Lu 0.1941, Pentalty 0.3147, loss 0.5775
Epoch 6, Batch 488/619, Grad Norms near zero: 12, Lx 0.2536, Lu 0.1180, Pentalty 0.4460, loss 0.4162
Epoch 6, Batch 489/619, Grad Norms near zero: 12, Lx 0.3509, Lu 0.1265, Pentalty 0.2845, loss 0.5058
Epoch 6, Batch 490/619, Grad Norms near zero: 12, Lx 0.3685, Lu 0.1387, Pentalty 0.3087, loss 0.5380
Epoch 6, Batch 491/619, Grad Norms near zero: 12, Lx 0.2901, Lu 0.0838, Pentalty 0.4515, loss 0.4190
Epoch 6, Batch 492/619, Grad Norms near zero: 12, Lx 0.4186, Lu 0.1536, Pentalty 0.3311, loss 0.6053
Epoch 6, Batch 493/619, Grad Norms near zero: 12, Lx 0.3094, Lu 0.1028, Pentalty 0.3387, loss 0.4460
Epoch 6, Batch 494/619, Grad Norms near zero: 12, Lx 0.2318, Lu 0.0322, Pentalty 0.4739, loss 0.3113
Epoch 6, Batch 495/619, Grad Norms near zero: 12, Lx 0.3484, Lu 0.1494, Pentalty 0.3798, loss 0.5358
Epoch 6, Batch 496/619, Grad Norms near zero: 12, Lx 0.2203, Lu 0.0304, Pentalty 0.6110, loss 0.3118
Epoch 6, Batch 497/619, Grad Norms near zero: 12, Lx 0.1904, Lu 0.0218, Pentalty 0.4368, loss 0.2559
Epoch 6, Batch 498/619, Grad Norms near zero: 12, Lx 0.2163, Lu 0.0383, Pentalty 0.6033, loss 0.3150
Epoch 6, Batch 499/619, Grad Norms near zero: 12, Lx 0.2740, Lu 0.0622, Pentalty 0.5075, loss 0.3870
Epoch 6, Batch 500/619, Grad Norms near zero: 12, Lx 0.3134, Lu 0.1000, Pentalty 0.3845, loss 0.4519
Epoch 6, Batch 501/619, Grad Norms near zero: 12, Lx 0.4319, Lu 0.1602, Pentalty 0.3025, loss 0.6224
Epoch 6, Batch 502/619, Grad Norms near zero: 12, Lx 0.3986, Lu 0.1086, Pentalty 0.5827, loss 0.5655
Epoch 6, Batch 503/619, Grad Norms near zero: 12, Lx 0.3770, Lu 0.1141, Pentalty 0.5850, loss 0.5496
Epoch 6, Batch 504/619, Grad Norms near zero: 12, Lx 0.2132, Lu 0.0690, Pentalty 0.6197, loss 0.3441
Epoch 6, Batch 505/619, Grad Norms near zero: 12, Lx 0.3150, Lu 0.1350, Pentalty 0.5599, loss 0.5060
Epoch 6, Batch 506/619, Grad Norms near zero: 12, Lx 0.2556, Lu 0.0678, Pentalty 0.6852, loss 0.3919
Epoch 6, Batch 507/619, Grad Norms near zero: 12, Lx 0.1869, Lu 0.1781, Pentalty 0.6085, loss 0.4259
Epoch 6, Batch 508/619, Grad Norms near zero: 12, Lx 0.3272, Lu 0.1076, Pentalty 0.4800, loss 0.4828
Epoch 6, Batch 509/619, Grad Norms near zero: 12, Lx 0.2493, Lu 0.0836, Pentalty 0.5584, loss 0.3886
Epoch 6, Batch 510/619, Grad Norms near zero: 12, Lx 0.3814, Lu 0.2488, Pentalty 0.4500, loss 0.6752
Epoch 6, Batch 511/619, Grad Norms near zero: 12, Lx 0.3850, Lu 0.1673, Pentalty 0.3004, loss 0.5824
Epoch 6, Batch 512/619, Grad Norms near zero: 12, Lx 0.4397, Lu 0.2557, Pentalty 0.3624, loss 0.7317
Epoch 6, Batch 513/619, Grad Norms near zero: 12, Lx 0.3810, Lu 0.1338, Pentalty 0.3988, loss 0.5546
Epoch 6, Batch 514/619, Grad Norms near zero: 12, Lx 0.3376, Lu 0.0886, Pentalty 0.3967, loss 0.4659
Epoch 6, Batch 515/619, Grad Norms near zero: 12, Lx 0.3849, Lu 0.1526, Pentalty 0.3775, loss 0.5752
Epoch 6, Batch 516/619, Grad Norms near zero: 12, Lx 0.4111, Lu 0.1351, Pentalty 0.3742, loss 0.5837
Epoch 6, Batch 517/619, Grad Norms near zero: 12, Lx 0.3487, Lu 0.1221, Pentalty 0.3307, loss 0.5039
Epoch 6, Batch 518/619, Grad Norms near zero: 12, Lx 0.4057, Lu 0.1807, Pentalty 0.2982, loss 0.6162
Epoch 6, Batch 519/619, Grad Norms near zero: 12, Lx 0.3073, Lu 0.0648, Pentalty 0.4186, loss 0.4140
Epoch 6, Batch 520/619, Grad Norms near zero: 12, Lx 0.2630, Lu 0.0817, Pentalty 0.4859, loss 0.3933
Epoch 6, Batch 521/619, Grad Norms near zero: 12, Lx 0.3827, Lu 0.2285, Pentalty 0.3191, loss 0.6431
Epoch 6, Batch 522/619, Grad Norms near zero: 12, Lx 0.2900, Lu 0.0829, Pentalty 0.3742, loss 0.4103
Epoch 6, Batch 523/619, Grad Norms near zero: 12, Lx 0.4066, Lu 0.2104, Pentalty 0.3661, loss 0.6536
Epoch 6, Batch 524/619, Grad Norms near zero: 12, Lx 0.2382, Lu 0.0544, Pentalty 0.5161, loss 0.3442
Epoch 6, Batch 525/619, Grad Norms near zero: 12, Lx 0.3504, Lu 0.1765, Pentalty 0.3602, loss 0.5629
Epoch 6, Batch 526/619, Grad Norms near zero: 12, Lx 0.2962, Lu 0.0903, Pentalty 0.4003, loss 0.4265
Epoch 6, Batch 527/619, Grad Norms near zero: 12, Lx 0.3723, Lu 0.1503, Pentalty 0.3409, loss 0.5567
Epoch 6, Batch 528/619, Grad Norms near zero: 12, Lx 0.2524, Lu 0.1945, Pentalty 0.4930, loss 0.4963
Epoch 6, Batch 529/619, Grad Norms near zero: 12, Lx 0.3626, Lu 0.1396, Pentalty 0.4972, loss 0.5519
Epoch 6, Batch 530/619, Grad Norms near zero: 12, Lx 0.2685, Lu 0.0821, Pentalty 0.5467, loss 0.4052
Epoch 6, Batch 531/619, Grad Norms near zero: 12, Lx 0.3650, Lu 0.1259, Pentalty 0.5709, loss 0.5480
Epoch 6, Batch 532/619, Grad Norms near zero: 12, Lx 0.2829, Lu 0.1935, Pentalty 0.5160, loss 0.5280
Epoch 6, Batch 533/619, Grad Norms near zero: 12, Lx 0.2684, Lu 0.1685, Pentalty 0.6299, loss 0.4999
Epoch 6, Batch 534/619, Grad Norms near zero: 12, Lx 0.4002, Lu 0.1490, Pentalty 0.4655, loss 0.5958
Epoch 6, Batch 535/619, Grad Norms near zero: 12, Lx 0.2010, Lu 0.0445, Pentalty 0.5694, loss 0.3025
Epoch 6, Batch 536/619, Grad Norms near zero: 12, Lx 0.3805, Lu 0.1770, Pentalty 0.4627, loss 0.6038
Epoch 6, Batch 537/619, Grad Norms near zero: 12, Lx 0.3549, Lu 0.3166, Pentalty 0.5426, loss 0.7258
Epoch 6, Batch 538/619, Grad Norms near zero: 12, Lx 0.2645, Lu 0.0646, Pentalty 0.5955, loss 0.3886
Epoch 6, Batch 539/619, Grad Norms near zero: 12, Lx 0.3441, Lu 0.1556, Pentalty 0.4262, loss 0.5423
Epoch 6, Batch 540/619, Grad Norms near zero: 12, Lx 0.3143, Lu 0.1051, Pentalty 0.4778, loss 0.4672
Epoch 6, Batch 541/619, Grad Norms near zero: 12, Lx 0.2854, Lu 0.0984, Pentalty 0.4667, loss 0.4305
Epoch 6, Batch 542/619, Grad Norms near zero: 12, Lx 0.3548, Lu 0.2337, Pentalty 0.5268, loss 0.6412
Epoch 6, Batch 543/619, Grad Norms near zero: 12, Lx 0.3150, Lu 0.1162, Pentalty 0.3901, loss 0.4702
Epoch 6, Batch 544/619, Grad Norms near zero: 12, Lx 0.2635, Lu 0.0960, Pentalty 0.3859, loss 0.3982
Epoch 6, Batch 545/619, Grad Norms near zero: 12, Lx 0.3537, Lu 0.1263, Pentalty 0.3806, loss 0.5181
Epoch 6, Batch 546/619, Grad Norms near zero: 12, Lx 0.3371, Lu 0.1658, Pentalty 0.3199, loss 0.5349
Epoch 6, Batch 547/619, Grad Norms near zero: 12, Lx 0.2975, Lu 0.1218, Pentalty 0.3805, loss 0.4574
Epoch 6, Batch 548/619, Grad Norms near zero: 12, Lx 0.3387, Lu 0.1778, Pentalty 0.3167, loss 0.5482
Epoch 6, Batch 549/619, Grad Norms near zero: 12, Lx 0.3574, Lu 0.1446, Pentalty 0.3410, loss 0.5361
Epoch 6, Batch 550/619, Grad Norms near zero: 12, Lx 0.2644, Lu 0.0605, Pentalty 0.4421, loss 0.3691
Epoch 6, Batch 551/619, Grad Norms near zero: 12, Lx 0.2487, Lu 0.0800, Pentalty 0.5019, loss 0.3789
Epoch 6, Batch 552/619, Grad Norms near zero: 12, Lx 0.3647, Lu 0.1863, Pentalty 0.3750, loss 0.5885
Epoch 6, Batch 553/619, Grad Norms near zero: 12, Lx 0.1707, Lu 0.0491, Pentalty 0.5900, loss 0.2787
Epoch 6, Batch 554/619, Grad Norms near zero: 12, Lx 0.3754, Lu 0.2113, Pentalty 0.5037, loss 0.6371
Epoch 6, Batch 555/619, Grad Norms near zero: 12, Lx 0.3570, Lu 0.2553, Pentalty 0.4984, loss 0.6622
Epoch 6, Batch 556/619, Grad Norms near zero: 12, Lx 0.2870, Lu 0.0683, Pentalty 0.5969, loss 0.4149
Epoch 6, Batch 557/619, Grad Norms near zero: 12, Lx 0.2580, Lu 0.1657, Pentalty 0.6665, loss 0.4904
Epoch 6, Batch 558/619, Grad Norms near zero: 12, Lx 0.2873, Lu 0.0580, Pentalty 0.5591, loss 0.4011
Epoch 6, Batch 559/619, Grad Norms near zero: 12, Lx 0.3415, Lu 0.0912, Pentalty 0.4054, loss 0.4733
Epoch 6, Batch 560/619, Grad Norms near zero: 12, Lx 0.2922, Lu 0.1161, Pentalty 0.4378, loss 0.4521
Epoch 6, Batch 561/619, Grad Norms near zero: 12, Lx 0.3821, Lu 0.1590, Pentalty 0.3336, loss 0.5744
Epoch 6, Batch 562/619, Grad Norms near zero: 12, Lx 0.3064, Lu 0.0728, Pentalty 0.4508, loss 0.4243
Epoch 6, Batch 563/619, Grad Norms near zero: 12, Lx 0.3381, Lu 0.1146, Pentalty 0.4023, loss 0.4929
Epoch 6, Batch 564/619, Grad Norms near zero: 12, Lx 0.4040, Lu 0.1410, Pentalty 0.3793, loss 0.5830
Epoch 6, Batch 565/619, Grad Norms near zero: 12, Lx 0.3042, Lu 0.1137, Pentalty 0.4282, loss 0.4607
Epoch 6, Batch 566/619, Grad Norms near zero: 12, Lx 0.3646, Lu 0.1616, Pentalty 0.3396, loss 0.5601
Epoch 6, Batch 567/619, Grad Norms near zero: 12, Lx 0.2290, Lu 0.0494, Pentalty 0.4963, loss 0.3281
Epoch 6, Batch 568/619, Grad Norms near zero: 12, Lx 0.3151, Lu 0.0934, Pentalty 0.4027, loss 0.4488
Epoch 6, Batch 569/619, Grad Norms near zero: 12, Lx 0.3854, Lu 0.2216, Pentalty 0.3959, loss 0.6466
Epoch 6, Batch 570/619, Grad Norms near zero: 12, Lx 0.3027, Lu 0.1486, Pentalty 0.3521, loss 0.4865
Epoch 6, Batch 571/619, Grad Norms near zero: 12, Lx 0.1851, Lu 0.1148, Pentalty 0.4513, loss 0.3450
Epoch 6, Batch 572/619, Grad Norms near zero: 12, Lx 0.4194, Lu 0.1616, Pentalty 0.3633, loss 0.6173
Epoch 6, Batch 573/619, Grad Norms near zero: 12, Lx 0.3529, Lu 0.1187, Pentalty 0.4466, loss 0.5162
Epoch 6, Batch 574/619, Grad Norms near zero: 12, Lx 0.3154, Lu 0.1266, Pentalty 0.4198, loss 0.4840
Epoch 6, Batch 575/619, Grad Norms near zero: 12, Lx 0.2658, Lu 0.1849, Pentalty 0.4562, loss 0.4964
Epoch 6, Batch 576/619, Grad Norms near zero: 12, Lx 0.2665, Lu 0.0765, Pentalty 0.5584, loss 0.3989
Epoch 6, Batch 577/619, Grad Norms near zero: 12, Lx 0.2624, Lu 0.0898, Pentalty 0.4888, loss 0.4011
Epoch 6, Batch 578/619, Grad Norms near zero: 12, Lx 0.2193, Lu 0.1431, Pentalty 0.4704, loss 0.4095
Epoch 6, Batch 579/619, Grad Norms near zero: 12, Lx 0.3808, Lu 0.2529, Pentalty 0.4736, loss 0.6811
Epoch 6, Batch 580/619, Grad Norms near zero: 12, Lx 0.2873, Lu 0.0880, Pentalty 0.5602, loss 0.4313
Epoch 6, Batch 581/619, Grad Norms near zero: 12, Lx 0.2909, Lu 0.1423, Pentalty 0.4849, loss 0.4816
Epoch 6, Batch 582/619, Grad Norms near zero: 12, Lx 0.3855, Lu 0.1880, Pentalty 0.4798, loss 0.6214
Epoch 6, Batch 583/619, Grad Norms near zero: 12, Lx 0.2433, Lu 0.2471, Pentalty 0.5407, loss 0.5445
Epoch 6, Batch 584/619, Grad Norms near zero: 12, Lx 0.3958, Lu 0.3563, Pentalty 0.3445, loss 0.7866
Epoch 6, Batch 585/619, Grad Norms near zero: 12, Lx 0.3658, Lu 0.1763, Pentalty 0.3767, loss 0.5798
Epoch 6, Batch 586/619, Grad Norms near zero: 12, Lx 0.1850, Lu 0.0535, Pentalty 0.5354, loss 0.2920
Epoch 6, Batch 587/619, Grad Norms near zero: 12, Lx 0.4189, Lu 0.2424, Pentalty 0.3412, loss 0.6954
Epoch 6, Batch 588/619, Grad Norms near zero: 12, Lx 0.3303, Lu 0.1294, Pentalty 0.3484, loss 0.4945
Epoch 6, Batch 589/619, Grad Norms near zero: 12, Lx 0.3243, Lu 0.0868, Pentalty 0.4004, loss 0.4512
Epoch 6, Batch 590/619, Grad Norms near zero: 12, Lx 0.3158, Lu 0.1435, Pentalty 0.3525, loss 0.4945
Epoch 6, Batch 591/619, Grad Norms near zero: 12, Lx 0.3113, Lu 0.0851, Pentalty 0.4220, loss 0.4386
Epoch 6, Batch 592/619, Grad Norms near zero: 12, Lx 0.3371, Lu 0.1317, Pentalty 0.4075, loss 0.5096
Epoch 6, Batch 593/619, Grad Norms near zero: 12, Lx 0.2905, Lu 0.1427, Pentalty 0.3930, loss 0.4724
Epoch 6, Batch 594/619, Grad Norms near zero: 12, Lx 0.3817, Lu 0.2287, Pentalty 0.4076, loss 0.6511
Epoch 6, Batch 595/619, Grad Norms near zero: 12, Lx 0.2867, Lu 0.0714, Pentalty 0.4897, loss 0.4071
Epoch 6, Batch 596/619, Grad Norms near zero: 12, Lx 0.4118, Lu 0.1941, Pentalty 0.3628, loss 0.6421
Epoch 6, Batch 597/619, Grad Norms near zero: 12, Lx 0.3186, Lu 0.1177, Pentalty 0.4313, loss 0.4795
Epoch 6, Batch 598/619, Grad Norms near zero: 12, Lx 0.3931, Lu 0.1043, Pentalty 0.3500, loss 0.5324
Epoch 6, Batch 599/619, Grad Norms near zero: 12, Lx 0.2138, Lu 0.0479, Pentalty 0.5601, loss 0.3177
Epoch 6, Batch 600/619, Grad Norms near zero: 12, Lx 0.3703, Lu 0.1746, Pentalty 0.4390, loss 0.5888
Epoch 6, Batch 601/619, Grad Norms near zero: 12, Lx 0.3427, Lu 0.1510, Pentalty 0.4602, loss 0.5397
Epoch 6, Batch 602/619, Grad Norms near zero: 12, Lx 0.3953, Lu 0.2331, Pentalty 0.3708, loss 0.6654
Epoch 6, Batch 603/619, Grad Norms near zero: 12, Lx 0.3431, Lu 0.2239, Pentalty 0.3018, loss 0.5971
Epoch 6, Batch 604/619, Grad Norms near zero: 12, Lx 0.3800, Lu 0.2242, Pentalty 0.3060, loss 0.6348
Epoch 6, Batch 605/619, Grad Norms near zero: 12, Lx 0.1913, Lu 0.0180, Pentalty 0.5279, loss 0.2621
Epoch 6, Batch 606/619, Grad Norms near zero: 12, Lx 0.3804, Lu 0.1352, Pentalty 0.3357, loss 0.5491
Epoch 6, Batch 607/619, Grad Norms near zero: 12, Lx 0.2850, Lu 0.0505, Pentalty 0.4960, loss 0.3851
Epoch 6, Batch 608/619, Grad Norms near zero: 12, Lx 0.3687, Lu 0.1744, Pentalty 0.4073, loss 0.5839
Epoch 6, Batch 609/619, Grad Norms near zero: 12, Lx 0.3030, Lu 0.1130, Pentalty 0.5070, loss 0.4668
Epoch 6, Batch 610/619, Grad Norms near zero: 12, Lx 0.2954, Lu 0.1001, Pentalty 0.4529, loss 0.4408
Epoch 6, Batch 611/619, Grad Norms near zero: 12, Lx 0.2104, Lu 0.0310, Pentalty 0.6553, loss 0.3070
Epoch 6, Batch 612/619, Grad Norms near zero: 12, Lx 0.3356, Lu 0.1385, Pentalty 0.4360, loss 0.5177
Epoch 6, Batch 613/619, Grad Norms near zero: 12, Lx 0.2925, Lu 0.1100, Pentalty 0.4651, loss 0.4490
Epoch 6, Batch 614/619, Grad Norms near zero: 12, Lx 0.3115, Lu 0.1453, Pentalty 0.4554, loss 0.5023
Epoch 6, Batch 615/619, Grad Norms near zero: 12, Lx 0.3166, Lu 0.1128, Pentalty 0.4714, loss 0.4766
Epoch 6, Batch 616/619, Grad Norms near zero: 12, Lx 0.3255, Lu 0.0970, Pentalty 0.4532, loss 0.4678
Epoch 6, Batch 617/619, Grad Norms near zero: 12, Lx 0.2769, Lu 0.0817, Pentalty 0.5402, loss 0.4127
Epoch 6, Batch 618/619, Grad Norms near zero: 12, Lx 0.1974, Lu 0.0337, Pentalty 0.5837, loss 0.2894
Epoch 6, Batch 619/619, Grad Norms near zero: 12, Lx 0.2196, Lu 0.0080, Pentalty 0.6091, loss 0.2885
Training for Network 2
labelled data size: 20050
unlabelled data size: 19950
Epoch 6, Batch 1/627, Grad Norms near zero: 12, Lx 1.6815, Lu 4.8998, Pentalty 0.4294, loss 6.6242
Epoch 6, Batch 2/627, Grad Norms near zero: 12, Lx 1.4430, Lu 3.7986, Pentalty 0.2548, loss 5.2670
Epoch 6, Batch 3/627, Grad Norms near zero: 12, Lx 0.9306, Lu 2.5219, Pentalty 0.0709, loss 3.4596
Epoch 6, Batch 4/627, Grad Norms near zero: 12, Lx 0.6749, Lu 1.2266, Pentalty 0.0002, loss 1.9015
Epoch 6, Batch 5/627, Grad Norms near zero: 12, Lx 0.6762, Lu 0.6793, Pentalty 0.0910, loss 1.3646
Epoch 6, Batch 6/627, Grad Norms near zero: 12, Lx 0.6258, Lu 0.9115, Pentalty 0.2260, loss 1.5599
Epoch 6, Batch 7/627, Grad Norms near zero: 12, Lx 0.6181, Lu 0.5103, Pentalty 0.4146, loss 1.1699
Epoch 6, Batch 8/627, Grad Norms near zero: 12, Lx 0.7130, Lu 0.9837, Pentalty 0.5751, loss 1.7543
Epoch 6, Batch 9/627, Grad Norms near zero: 12, Lx 0.8979, Lu 1.1815, Pentalty 0.6760, loss 2.1470
Epoch 6, Batch 10/627, Grad Norms near zero: 12, Lx 0.5654, Lu 0.6936, Pentalty 0.8310, loss 1.3421
Epoch 6, Batch 11/627, Grad Norms near zero: 12, Lx 0.6911, Lu 0.8551, Pentalty 0.7840, loss 1.6246
Epoch 6, Batch 12/627, Grad Norms near zero: 12, Lx 0.7359, Lu 0.7026, Pentalty 0.7939, loss 1.5179
Epoch 6, Batch 13/627, Grad Norms near zero: 12, Lx 0.7573, Lu 0.8843, Pentalty 0.7700, loss 1.7186
Epoch 6, Batch 14/627, Grad Norms near zero: 12, Lx 0.5889, Lu 0.6574, Pentalty 0.5934, loss 1.3056
Epoch 6, Batch 15/627, Grad Norms near zero: 12, Lx 0.6132, Lu 0.7310, Pentalty 0.5959, loss 1.4038
Epoch 6, Batch 16/627, Grad Norms near zero: 12, Lx 0.7087, Lu 0.8361, Pentalty 0.4872, loss 1.5935
Epoch 6, Batch 17/627, Grad Norms near zero: 12, Lx 0.5725, Lu 0.6636, Pentalty 0.4069, loss 1.2768
Epoch 6, Batch 18/627, Grad Norms near zero: 12, Lx 0.5251, Lu 0.5384, Pentalty 0.2315, loss 1.0866
Epoch 6, Batch 19/627, Grad Norms near zero: 12, Lx 0.4104, Lu 0.5698, Pentalty 0.2704, loss 1.0072
Epoch 6, Batch 20/627, Grad Norms near zero: 12, Lx 0.6757, Lu 1.0346, Pentalty 0.0746, loss 1.7178
Epoch 6, Batch 21/627, Grad Norms near zero: 12, Lx 0.6442, Lu 0.6924, Pentalty 0.1315, loss 1.3498
Epoch 6, Batch 22/627, Grad Norms near zero: 12, Lx 0.5725, Lu 0.3186, Pentalty 0.2031, loss 0.9114
Epoch 6, Batch 23/627, Grad Norms near zero: 12, Lx 0.6260, Lu 0.4633, Pentalty 0.2060, loss 1.1099
Epoch 6, Batch 24/627, Grad Norms near zero: 12, Lx 0.6223, Lu 0.5975, Pentalty 0.0811, loss 1.2278
Epoch 6, Batch 25/627, Grad Norms near zero: 12, Lx 0.7275, Lu 0.7767, Pentalty 0.1597, loss 1.5202
Epoch 6, Batch 26/627, Grad Norms near zero: 12, Lx 0.6645, Lu 1.1945, Pentalty 0.0994, loss 1.8689
Epoch 6, Batch 27/627, Grad Norms near zero: 12, Lx 0.7580, Lu 0.9585, Pentalty 0.0079, loss 1.7173
Epoch 6, Batch 28/627, Grad Norms near zero: 12, Lx 0.6437, Lu 0.8751, Pentalty 0.0605, loss 1.5249
Epoch 6, Batch 29/627, Grad Norms near zero: 12, Lx 0.4818, Lu 0.7110, Pentalty 0.1539, loss 1.2082
Epoch 6, Batch 30/627, Grad Norms near zero: 12, Lx 0.5160, Lu 0.5923, Pentalty 0.1925, loss 1.1275
Epoch 6, Batch 31/627, Grad Norms near zero: 12, Lx 0.6542, Lu 0.6744, Pentalty 0.2395, loss 1.3525
Epoch 6, Batch 32/627, Grad Norms near zero: 12, Lx 0.5153, Lu 0.4516, Pentalty 0.3051, loss 0.9973
Epoch 6, Batch 33/627, Grad Norms near zero: 12, Lx 0.6855, Lu 1.1509, Pentalty 0.2868, loss 1.8651
Epoch 6, Batch 34/627, Grad Norms near zero: 12, Lx 0.6167, Lu 0.8994, Pentalty 0.2885, loss 1.5449
Epoch 6, Batch 35/627, Grad Norms near zero: 12, Lx 0.5955, Lu 1.2911, Pentalty 0.2653, loss 1.9131
Epoch 6, Batch 36/627, Grad Norms near zero: 12, Lx 0.6868, Lu 0.9413, Pentalty 0.2305, loss 1.6511
Epoch 6, Batch 37/627, Grad Norms near zero: 12, Lx 0.6185, Lu 0.7235, Pentalty 0.1702, loss 1.3590
Epoch 6, Batch 38/627, Grad Norms near zero: 12, Lx 0.5499, Lu 0.4763, Pentalty 0.1379, loss 1.0400
Epoch 6, Batch 39/627, Grad Norms near zero: 12, Lx 0.5746, Lu 1.0553, Pentalty 0.0901, loss 1.6389
Epoch 6, Batch 40/627, Grad Norms near zero: 12, Lx 0.5575, Lu 0.7984, Pentalty 0.0749, loss 1.3634
Epoch 6, Batch 41/627, Grad Norms near zero: 12, Lx 0.5794, Lu 0.7547, Pentalty 0.0689, loss 1.3410
Epoch 6, Batch 42/627, Grad Norms near zero: 12, Lx 0.5448, Lu 0.8427, Pentalty 0.0773, loss 1.3953
Epoch 6, Batch 43/627, Grad Norms near zero: 12, Lx 0.6180, Lu 0.9311, Pentalty 0.1698, loss 1.5661
Epoch 6, Batch 44/627, Grad Norms near zero: 12, Lx 0.5565, Lu 0.6886, Pentalty 0.1289, loss 1.2580
Epoch 6, Batch 45/627, Grad Norms near zero: 12, Lx 0.5389, Lu 0.3494, Pentalty 0.1258, loss 0.9009
Epoch 6, Batch 46/627, Grad Norms near zero: 12, Lx 0.6138, Lu 1.0085, Pentalty 0.1695, loss 1.6392
Epoch 6, Batch 47/627, Grad Norms near zero: 12, Lx 0.5420, Lu 0.9372, Pentalty 0.1699, loss 1.4962
Epoch 6, Batch 48/627, Grad Norms near zero: 13, Lx 0.6199, Lu 0.6524, Pentalty 0.1332, loss 1.2856
Epoch 6, Batch 49/627, Grad Norms near zero: 12, Lx 0.6218, Lu 0.9159, Pentalty 0.1308, loss 1.5507
Epoch 6, Batch 50/627, Grad Norms near zero: 12, Lx 0.6032, Lu 1.2902, Pentalty 0.1404, loss 1.9075
Epoch 6, Batch 51/627, Grad Norms near zero: 12, Lx 0.5317, Lu 0.4749, Pentalty 0.1069, loss 1.0173
Epoch 6, Batch 52/627, Grad Norms near zero: 12, Lx 0.5960, Lu 0.8635, Pentalty 0.0867, loss 1.4682
Epoch 6, Batch 53/627, Grad Norms near zero: 12, Lx 0.6116, Lu 0.7883, Pentalty 0.0704, loss 1.4070
Epoch 6, Batch 54/627, Grad Norms near zero: 12, Lx 0.5607, Lu 0.5754, Pentalty 0.0929, loss 1.1454
Epoch 6, Batch 55/627, Grad Norms near zero: 12, Lx 0.5855, Lu 0.9507, Pentalty 0.1133, loss 1.5476
Epoch 6, Batch 56/627, Grad Norms near zero: 12, Lx 0.6150, Lu 1.0534, Pentalty 0.0931, loss 1.6777
Epoch 6, Batch 57/627, Grad Norms near zero: 12, Lx 0.5909, Lu 0.4271, Pentalty 0.1096, loss 1.0290
Epoch 6, Batch 58/627, Grad Norms near zero: 12, Lx 0.6822, Lu 1.1098, Pentalty 0.0922, loss 1.8012
Epoch 6, Batch 59/627, Grad Norms near zero: 12, Lx 0.5559, Lu 0.5178, Pentalty 0.1132, loss 1.0851
Epoch 6, Batch 60/627, Grad Norms near zero: 12, Lx 0.5060, Lu 0.7731, Pentalty 0.1026, loss 1.2894
Epoch 6, Batch 61/627, Grad Norms near zero: 12, Lx 0.6109, Lu 0.7014, Pentalty 0.0877, loss 1.3211
Epoch 6, Batch 62/627, Grad Norms near zero: 12, Lx 0.6294, Lu 0.8307, Pentalty 0.0760, loss 1.4677
Epoch 6, Batch 63/627, Grad Norms near zero: 12, Lx 0.5885, Lu 0.8420, Pentalty 0.1088, loss 1.4414
Epoch 6, Batch 64/627, Grad Norms near zero: 12, Lx 0.6361, Lu 0.6131, Pentalty 0.1029, loss 1.2595
Epoch 6, Batch 65/627, Grad Norms near zero: 12, Lx 0.6626, Lu 0.7020, Pentalty 0.0544, loss 1.3700
Epoch 6, Batch 66/627, Grad Norms near zero: 12, Lx 0.5612, Lu 1.1139, Pentalty 0.0462, loss 1.6798
Epoch 6, Batch 67/627, Grad Norms near zero: 12, Lx 0.5685, Lu 0.5446, Pentalty 0.0778, loss 1.1209
Epoch 6, Batch 68/627, Grad Norms near zero: 12, Lx 0.5846, Lu 0.5764, Pentalty 0.0566, loss 1.1667
Epoch 6, Batch 69/627, Grad Norms near zero: 12, Lx 0.6361, Lu 1.0068, Pentalty 0.1387, loss 1.6568
Epoch 6, Batch 70/627, Grad Norms near zero: 12, Lx 0.4611, Lu 0.7099, Pentalty 0.1839, loss 1.1894
Epoch 6, Batch 71/627, Grad Norms near zero: 12, Lx 0.5987, Lu 0.5559, Pentalty 0.1435, loss 1.1689
Epoch 6, Batch 72/627, Grad Norms near zero: 12, Lx 0.6202, Lu 0.8625, Pentalty 0.2281, loss 1.5055
Epoch 6, Batch 73/627, Grad Norms near zero: 12, Lx 0.6234, Lu 0.6909, Pentalty 0.2422, loss 1.3384
Epoch 6, Batch 74/627, Grad Norms near zero: 12, Lx 0.6189, Lu 1.0010, Pentalty 0.1240, loss 1.6322
Epoch 6, Batch 75/627, Grad Norms near zero: 12, Lx 0.6333, Lu 0.7013, Pentalty 0.0958, loss 1.3442
Epoch 6, Batch 76/627, Grad Norms near zero: 12, Lx 0.6392, Lu 0.5229, Pentalty 0.0294, loss 1.1650
Epoch 6, Batch 77/627, Grad Norms near zero: 12, Lx 0.5655, Lu 0.9737, Pentalty 0.0225, loss 1.5415
Epoch 6, Batch 78/627, Grad Norms near zero: 12, Lx 0.6346, Lu 1.0332, Pentalty 0.0207, loss 1.6698
Epoch 6, Batch 79/627, Grad Norms near zero: 12, Lx 0.6024, Lu 0.7690, Pentalty 0.0298, loss 1.3743
Epoch 6, Batch 80/627, Grad Norms near zero: 12, Lx 0.6087, Lu 0.5630, Pentalty 0.0486, loss 1.1766
Epoch 6, Batch 81/627, Grad Norms near zero: 12, Lx 0.5714, Lu 0.6617, Pentalty 0.0721, loss 1.2402
Epoch 6, Batch 82/627, Grad Norms near zero: 12, Lx 0.5459, Lu 0.5959, Pentalty 0.0674, loss 1.1485
Epoch 6, Batch 83/627, Grad Norms near zero: 12, Lx 0.6175, Lu 0.9004, Pentalty 0.1392, loss 1.5318
Epoch 6, Batch 84/627, Grad Norms near zero: 12, Lx 0.5767, Lu 0.7029, Pentalty 0.1588, loss 1.2955
Epoch 6, Batch 85/627, Grad Norms near zero: 12, Lx 0.5996, Lu 0.7812, Pentalty 0.2450, loss 1.4053
Epoch 6, Batch 86/627, Grad Norms near zero: 12, Lx 0.5013, Lu 0.5086, Pentalty 0.3480, loss 1.0447
Epoch 6, Batch 87/627, Grad Norms near zero: 12, Lx 0.5301, Lu 0.5680, Pentalty 0.3490, loss 1.1329
Epoch 6, Batch 88/627, Grad Norms near zero: 12, Lx 0.4746, Lu 0.3936, Pentalty 0.1496, loss 0.8831
Epoch 6, Batch 89/627, Grad Norms near zero: 12, Lx 0.5432, Lu 0.3363, Pentalty 0.1261, loss 0.8922
Epoch 6, Batch 90/627, Grad Norms near zero: 12, Lx 0.6835, Lu 1.0423, Pentalty 0.1528, loss 1.7410
Epoch 6, Batch 91/627, Grad Norms near zero: 12, Lx 0.5698, Lu 0.5488, Pentalty 0.0861, loss 1.1273
Epoch 6, Batch 92/627, Grad Norms near zero: 12, Lx 0.5714, Lu 0.5204, Pentalty 0.0902, loss 1.1008
Epoch 6, Batch 93/627, Grad Norms near zero: 12, Lx 0.5196, Lu 0.5103, Pentalty 0.1172, loss 1.0416
Epoch 6, Batch 94/627, Grad Norms near zero: 12, Lx 0.5536, Lu 1.0147, Pentalty 0.1050, loss 1.5788
Epoch 6, Batch 95/627, Grad Norms near zero: 12, Lx 0.5542, Lu 0.5103, Pentalty 0.1174, loss 1.0762
Epoch 6, Batch 96/627, Grad Norms near zero: 12, Lx 0.4625, Lu 0.8426, Pentalty 0.1791, loss 1.3230
Epoch 6, Batch 97/627, Grad Norms near zero: 12, Lx 0.5868, Lu 0.4880, Pentalty 0.1983, loss 1.0947
Epoch 6, Batch 98/627, Grad Norms near zero: 12, Lx 0.5736, Lu 0.9421, Pentalty 0.1455, loss 1.5303
Epoch 6, Batch 99/627, Grad Norms near zero: 12, Lx 0.4928, Lu 0.3790, Pentalty 0.1868, loss 0.8905
Epoch 6, Batch 100/627, Grad Norms near zero: 12, Lx 0.6413, Lu 0.7462, Pentalty 0.2386, loss 1.4114
Epoch 6, Batch 101/627, Grad Norms near zero: 12, Lx 0.5987, Lu 0.5787, Pentalty 0.0751, loss 1.1849
Epoch 6, Batch 102/627, Grad Norms near zero: 12, Lx 0.5924, Lu 0.8956, Pentalty 0.0635, loss 1.4943
Epoch 6, Batch 103/627, Grad Norms near zero: 12, Lx 0.6018, Lu 0.6963, Pentalty 0.0472, loss 1.3028
Epoch 6, Batch 104/627, Grad Norms near zero: 12, Lx 0.5351, Lu 0.5874, Pentalty 0.0669, loss 1.1292
Epoch 6, Batch 105/627, Grad Norms near zero: 12, Lx 0.5529, Lu 0.6225, Pentalty 0.1193, loss 1.1874
Epoch 6, Batch 106/627, Grad Norms near zero: 12, Lx 0.5039, Lu 0.5812, Pentalty 0.1542, loss 1.1005
Epoch 6, Batch 107/627, Grad Norms near zero: 12, Lx 0.5287, Lu 0.4046, Pentalty 0.1592, loss 0.9492
Epoch 6, Batch 108/627, Grad Norms near zero: 12, Lx 0.4493, Lu 0.4145, Pentalty 0.1242, loss 0.8762
Epoch 6, Batch 109/627, Grad Norms near zero: 12, Lx 0.4669, Lu 0.3524, Pentalty 0.2524, loss 0.8446
Epoch 6, Batch 110/627, Grad Norms near zero: 12, Lx 0.6110, Lu 0.6407, Pentalty 0.2059, loss 1.2723
Epoch 6, Batch 111/627, Grad Norms near zero: 12, Lx 0.6460, Lu 0.6053, Pentalty 0.1045, loss 1.2617
Epoch 6, Batch 112/627, Grad Norms near zero: 12, Lx 0.6034, Lu 0.5236, Pentalty 0.0369, loss 1.1306
Epoch 6, Batch 113/627, Grad Norms near zero: 12, Lx 0.5977, Lu 0.5914, Pentalty 0.0224, loss 1.1913
Epoch 6, Batch 114/627, Grad Norms near zero: 12, Lx 0.6638, Lu 1.3567, Pentalty 0.0083, loss 2.0213
Epoch 6, Batch 115/627, Grad Norms near zero: 12, Lx 0.5802, Lu 1.1553, Pentalty 0.0086, loss 1.7363
Epoch 6, Batch 116/627, Grad Norms near zero: 12, Lx 0.5444, Lu 0.5153, Pentalty 0.0639, loss 1.0661
Epoch 6, Batch 117/627, Grad Norms near zero: 12, Lx 0.5607, Lu 0.4174, Pentalty 0.1400, loss 0.9921
Epoch 6, Batch 118/627, Grad Norms near zero: 12, Lx 0.4822, Lu 0.7734, Pentalty 0.2250, loss 1.2782
Epoch 6, Batch 119/627, Grad Norms near zero: 12, Lx 0.6178, Lu 0.5087, Pentalty 0.1517, loss 1.1417
Epoch 6, Batch 120/627, Grad Norms near zero: 12, Lx 0.6116, Lu 0.8007, Pentalty 0.2300, loss 1.4353
Epoch 6, Batch 121/627, Grad Norms near zero: 12, Lx 0.5209, Lu 0.3508, Pentalty 0.2873, loss 0.9004
Epoch 6, Batch 122/627, Grad Norms near zero: 12, Lx 0.5394, Lu 0.4817, Pentalty 0.2045, loss 1.0415
Epoch 6, Batch 123/627, Grad Norms near zero: 12, Lx 0.5818, Lu 0.4938, Pentalty 0.1251, loss 1.0882
Epoch 6, Batch 124/627, Grad Norms near zero: 12, Lx 0.4811, Lu 0.4003, Pentalty 0.1175, loss 0.8932
Epoch 6, Batch 125/627, Grad Norms near zero: 12, Lx 0.5810, Lu 0.6278, Pentalty 0.0738, loss 1.2161
Epoch 6, Batch 126/627, Grad Norms near zero: 12, Lx 0.5473, Lu 0.6334, Pentalty 0.1212, loss 1.1929
Epoch 6, Batch 127/627, Grad Norms near zero: 12, Lx 0.6136, Lu 0.6578, Pentalty 0.0931, loss 1.2807
Epoch 6, Batch 128/627, Grad Norms near zero: 12, Lx 0.6206, Lu 0.5504, Pentalty 0.0726, loss 1.1782
Epoch 6, Batch 129/627, Grad Norms near zero: 12, Lx 0.4755, Lu 0.3790, Pentalty 0.1072, loss 0.8652
Epoch 6, Batch 130/627, Grad Norms near zero: 12, Lx 0.5253, Lu 0.6489, Pentalty 0.0684, loss 1.1810
Epoch 6, Batch 131/627, Grad Norms near zero: 12, Lx 0.4851, Lu 0.4362, Pentalty 0.1337, loss 0.9347
Epoch 6, Batch 132/627, Grad Norms near zero: 12, Lx 0.5255, Lu 0.6024, Pentalty 0.0786, loss 1.1357
Epoch 6, Batch 133/627, Grad Norms near zero: 12, Lx 0.5630, Lu 0.4924, Pentalty 0.1272, loss 1.0680
Epoch 6, Batch 134/627, Grad Norms near zero: 12, Lx 0.4697, Lu 0.9335, Pentalty 0.1416, loss 1.4174
Epoch 6, Batch 135/627, Grad Norms near zero: 12, Lx 0.4987, Lu 0.5106, Pentalty 0.2099, loss 1.0302
Epoch 6, Batch 136/627, Grad Norms near zero: 12, Lx 0.5154, Lu 0.5718, Pentalty 0.1189, loss 1.0991
Epoch 6, Batch 137/627, Grad Norms near zero: 12, Lx 0.5142, Lu 0.3297, Pentalty 0.1243, loss 0.8563
Epoch 6, Batch 138/627, Grad Norms near zero: 12, Lx 0.5992, Lu 0.6446, Pentalty 0.0617, loss 1.2499
Epoch 6, Batch 139/627, Grad Norms near zero: 12, Lx 0.5059, Lu 0.5242, Pentalty 0.1705, loss 1.0471
Epoch 6, Batch 140/627, Grad Norms near zero: 12, Lx 0.5692, Lu 0.5690, Pentalty 0.3097, loss 1.1691
Epoch 6, Batch 141/627, Grad Norms near zero: 12, Lx 0.6495, Lu 0.5965, Pentalty 0.2849, loss 1.2745
Epoch 6, Batch 142/627, Grad Norms near zero: 12, Lx 0.4759, Lu 0.3904, Pentalty 0.1134, loss 0.8777
Epoch 6, Batch 143/627, Grad Norms near zero: 12, Lx 0.5299, Lu 0.6726, Pentalty 0.0395, loss 1.2064
Epoch 6, Batch 144/627, Grad Norms near zero: 12, Lx 0.5560, Lu 0.4161, Pentalty 0.0958, loss 0.9816
Epoch 6, Batch 145/627, Grad Norms near zero: 12, Lx 0.5885, Lu 0.4823, Pentalty 0.0679, loss 1.0776
Epoch 6, Batch 146/627, Grad Norms near zero: 12, Lx 0.6132, Lu 0.4946, Pentalty 0.0794, loss 1.1158
Epoch 6, Batch 147/627, Grad Norms near zero: 12, Lx 0.4963, Lu 0.4230, Pentalty 0.0653, loss 0.9259
Epoch 6, Batch 148/627, Grad Norms near zero: 12, Lx 0.5922, Lu 0.5013, Pentalty 0.0628, loss 1.0998
Epoch 6, Batch 149/627, Grad Norms near zero: 12, Lx 0.5196, Lu 0.2473, Pentalty 0.0850, loss 0.7754
Epoch 6, Batch 150/627, Grad Norms near zero: 12, Lx 0.5076, Lu 0.5312, Pentalty 0.0680, loss 1.0456
Epoch 6, Batch 151/627, Grad Norms near zero: 12, Lx 0.4552, Lu 0.4866, Pentalty 0.0917, loss 0.9510
Epoch 6, Batch 152/627, Grad Norms near zero: 12, Lx 0.5908, Lu 0.7344, Pentalty 0.1525, loss 1.3405
Epoch 6, Batch 153/627, Grad Norms near zero: 12, Lx 0.4876, Lu 0.4050, Pentalty 0.2351, loss 0.9161
Epoch 6, Batch 154/627, Grad Norms near zero: 12, Lx 0.6722, Lu 0.6523, Pentalty 0.2310, loss 1.3476
Epoch 6, Batch 155/627, Grad Norms near zero: 12, Lx 0.4999, Lu 0.4588, Pentalty 0.1925, loss 0.9779
Epoch 6, Batch 156/627, Grad Norms near zero: 12, Lx 0.4812, Lu 0.3950, Pentalty 0.3227, loss 0.9085
Epoch 6, Batch 157/627, Grad Norms near zero: 12, Lx 0.5719, Lu 0.4945, Pentalty 0.2091, loss 1.0873
Epoch 6, Batch 158/627, Grad Norms near zero: 12, Lx 0.6136, Lu 0.4178, Pentalty 0.1841, loss 1.0498
Epoch 6, Batch 159/627, Grad Norms near zero: 12, Lx 0.6273, Lu 0.5952, Pentalty 0.0957, loss 1.2321
Epoch 6, Batch 160/627, Grad Norms near zero: 12, Lx 0.5462, Lu 0.4194, Pentalty 0.0792, loss 0.9735
Epoch 6, Batch 161/627, Grad Norms near zero: 12, Lx 0.5534, Lu 0.4542, Pentalty 0.0694, loss 1.0145
Epoch 6, Batch 162/627, Grad Norms near zero: 12, Lx 0.5548, Lu 0.4979, Pentalty 0.1303, loss 1.0658
Epoch 6, Batch 163/627, Grad Norms near zero: 12, Lx 0.4109, Lu 0.4579, Pentalty 0.1286, loss 0.8816
Epoch 6, Batch 164/627, Grad Norms near zero: 12, Lx 0.5835, Lu 0.4873, Pentalty 0.1339, loss 1.0842
Epoch 6, Batch 165/627, Grad Norms near zero: 12, Lx 0.5444, Lu 0.4347, Pentalty 0.1011, loss 0.9892
Epoch 6, Batch 166/627, Grad Norms near zero: 12, Lx 0.5666, Lu 0.4336, Pentalty 0.1443, loss 1.0147
Epoch 6, Batch 167/627, Grad Norms near zero: 12, Lx 0.4490, Lu 0.7014, Pentalty 0.1382, loss 1.1641
Epoch 6, Batch 168/627, Grad Norms near zero: 12, Lx 0.6482, Lu 0.5540, Pentalty 0.0941, loss 1.2115
Epoch 6, Batch 169/627, Grad Norms near zero: 12, Lx 0.6127, Lu 0.4499, Pentalty 0.1196, loss 1.0745
Epoch 6, Batch 170/627, Grad Norms near zero: 12, Lx 0.6044, Lu 0.6238, Pentalty 0.2390, loss 1.2522
Epoch 6, Batch 171/627, Grad Norms near zero: 12, Lx 0.6417, Lu 0.7389, Pentalty 0.2282, loss 1.4033
Epoch 6, Batch 172/627, Grad Norms near zero: 12, Lx 0.6150, Lu 0.5047, Pentalty 0.2023, loss 1.1399
Epoch 6, Batch 173/627, Grad Norms near zero: 12, Lx 0.4841, Lu 0.4169, Pentalty 0.1398, loss 0.9149
Epoch 6, Batch 174/627, Grad Norms near zero: 12, Lx 0.5376, Lu 0.4636, Pentalty 0.1084, loss 1.0120
Epoch 6, Batch 175/627, Grad Norms near zero: 12, Lx 0.4394, Lu 0.2177, Pentalty 0.1000, loss 0.6671
Epoch 6, Batch 176/627, Grad Norms near zero: 12, Lx 0.5829, Lu 0.5083, Pentalty 0.0798, loss 1.0992
Epoch 6, Batch 177/627, Grad Norms near zero: 12, Lx 0.5729, Lu 0.7442, Pentalty 0.0485, loss 1.3220
Epoch 6, Batch 178/627, Grad Norms near zero: 12, Lx 0.5131, Lu 0.3236, Pentalty 0.0707, loss 0.8437
Epoch 6, Batch 179/627, Grad Norms near zero: 12, Lx 0.6017, Lu 0.6634, Pentalty 0.0558, loss 1.2706
Epoch 6, Batch 180/627, Grad Norms near zero: 12, Lx 0.5609, Lu 0.9618, Pentalty 0.0994, loss 1.5327
Epoch 6, Batch 181/627, Grad Norms near zero: 12, Lx 0.5872, Lu 0.5098, Pentalty 0.0365, loss 1.1006
Epoch 6, Batch 182/627, Grad Norms near zero: 12, Lx 0.4880, Lu 0.5870, Pentalty 0.0624, loss 1.0813
Epoch 6, Batch 183/627, Grad Norms near zero: 12, Lx 0.5121, Lu 0.4587, Pentalty 0.0994, loss 0.9808
Epoch 6, Batch 184/627, Grad Norms near zero: 12, Lx 0.4463, Lu 0.3002, Pentalty 0.1224, loss 0.7587
Epoch 6, Batch 185/627, Grad Norms near zero: 12, Lx 0.6227, Lu 0.5252, Pentalty 0.1097, loss 1.1588
Epoch 6, Batch 186/627, Grad Norms near zero: 12, Lx 0.6143, Lu 0.5949, Pentalty 0.1198, loss 1.2212
Epoch 6, Batch 187/627, Grad Norms near zero: 12, Lx 0.6824, Lu 0.4888, Pentalty 0.2046, loss 1.1917
Epoch 6, Batch 188/627, Grad Norms near zero: 12, Lx 0.6282, Lu 0.5868, Pentalty 0.1200, loss 1.2270
Epoch 6, Batch 189/627, Grad Norms near zero: 12, Lx 0.4850, Lu 0.4368, Pentalty 0.1495, loss 0.9367
Epoch 6, Batch 190/627, Grad Norms near zero: 12, Lx 0.6020, Lu 0.3859, Pentalty 0.0945, loss 0.9973
Epoch 6, Batch 191/627, Grad Norms near zero: 12, Lx 0.5449, Lu 0.5208, Pentalty 0.0735, loss 1.0730
Epoch 6, Batch 192/627, Grad Norms near zero: 12, Lx 0.5086, Lu 0.3181, Pentalty 0.0544, loss 0.8321
Epoch 6, Batch 193/627, Grad Norms near zero: 12, Lx 0.5233, Lu 0.4132, Pentalty 0.0967, loss 0.9462
Epoch 6, Batch 194/627, Grad Norms near zero: 12, Lx 0.4969, Lu 0.4741, Pentalty 0.0949, loss 0.9805
Epoch 6, Batch 195/627, Grad Norms near zero: 12, Lx 0.6779, Lu 0.5097, Pentalty 0.0239, loss 1.1900
Epoch 6, Batch 196/627, Grad Norms near zero: 12, Lx 0.5386, Lu 0.5016, Pentalty 0.1077, loss 1.0510
Epoch 6, Batch 197/627, Grad Norms near zero: 12, Lx 0.4993, Lu 0.3868, Pentalty 0.0976, loss 0.8959
Epoch 6, Batch 198/627, Grad Norms near zero: 12, Lx 0.5519, Lu 0.3978, Pentalty 0.1684, loss 0.9665
Epoch 6, Batch 199/627, Grad Norms near zero: 12, Lx 0.6233, Lu 0.3797, Pentalty 0.1010, loss 1.0132
Epoch 6, Batch 200/627, Grad Norms near zero: 12, Lx 0.5552, Lu 0.3883, Pentalty 0.1139, loss 0.9548
Epoch 6, Batch 201/627, Grad Norms near zero: 12, Lx 0.5384, Lu 0.4640, Pentalty 0.1540, loss 1.0178
Epoch 6, Batch 202/627, Grad Norms near zero: 12, Lx 0.6152, Lu 0.4149, Pentalty 0.0850, loss 1.0386
Epoch 6, Batch 203/627, Grad Norms near zero: 12, Lx 0.5583, Lu 0.3347, Pentalty 0.0717, loss 0.9002
Epoch 6, Batch 204/627, Grad Norms near zero: 12, Lx 0.5091, Lu 0.3716, Pentalty 0.1498, loss 0.8957
Epoch 6, Batch 205/627, Grad Norms near zero: 12, Lx 0.4396, Lu 0.1617, Pentalty 0.0876, loss 0.6100
Epoch 6, Batch 206/627, Grad Norms near zero: 12, Lx 0.4646, Lu 0.4594, Pentalty 0.0609, loss 0.9301
Epoch 6, Batch 207/627, Grad Norms near zero: 12, Lx 0.5118, Lu 0.3493, Pentalty 0.1559, loss 0.8767
Epoch 6, Batch 208/627, Grad Norms near zero: 12, Lx 0.5062, Lu 0.4934, Pentalty 0.1506, loss 1.0147
Epoch 6, Batch 209/627, Grad Norms near zero: 12, Lx 0.5012, Lu 0.2611, Pentalty 0.0895, loss 0.7712
Epoch 6, Batch 210/627, Grad Norms near zero: 12, Lx 0.5027, Lu 0.3517, Pentalty 0.1265, loss 0.8670
Epoch 6, Batch 211/627, Grad Norms near zero: 12, Lx 0.4204, Lu 0.4033, Pentalty 0.2569, loss 0.8494
Epoch 6, Batch 212/627, Grad Norms near zero: 12, Lx 0.6201, Lu 0.5459, Pentalty 0.2513, loss 1.1911
Epoch 6, Batch 213/627, Grad Norms near zero: 12, Lx 0.5325, Lu 0.7498, Pentalty 0.1767, loss 1.3000
Epoch 6, Batch 214/627, Grad Norms near zero: 12, Lx 0.5004, Lu 0.3127, Pentalty 0.1030, loss 0.8234
Epoch 6, Batch 215/627, Grad Norms near zero: 12, Lx 0.5190, Lu 0.4481, Pentalty 0.1587, loss 0.9831
Epoch 6, Batch 216/627, Grad Norms near zero: 12, Lx 0.5011, Lu 0.8473, Pentalty 0.1668, loss 1.3651
Epoch 6, Batch 217/627, Grad Norms near zero: 12, Lx 0.4855, Lu 0.3449, Pentalty 0.0675, loss 0.8372
Epoch 6, Batch 218/627, Grad Norms near zero: 12, Lx 0.5092, Lu 0.4469, Pentalty 0.0496, loss 0.9611
Epoch 6, Batch 219/627, Grad Norms near zero: 12, Lx 0.4721, Lu 0.5277, Pentalty 0.0492, loss 1.0047
Epoch 6, Batch 220/627, Grad Norms near zero: 12, Lx 0.5629, Lu 0.5836, Pentalty 0.0330, loss 1.1499
Epoch 6, Batch 221/627, Grad Norms near zero: 12, Lx 0.5436, Lu 0.6966, Pentalty 0.0438, loss 1.2446
Epoch 6, Batch 222/627, Grad Norms near zero: 12, Lx 0.4248, Lu 0.2466, Pentalty 0.1572, loss 0.6871
Epoch 6, Batch 223/627, Grad Norms near zero: 12, Lx 0.6648, Lu 1.0420, Pentalty 0.2236, loss 1.7291
Epoch 6, Batch 224/627, Grad Norms near zero: 12, Lx 0.4827, Lu 0.8449, Pentalty 0.1875, loss 1.3463
Epoch 6, Batch 225/627, Grad Norms near zero: 12, Lx 0.5500, Lu 0.5726, Pentalty 0.1605, loss 1.1386
Epoch 6, Batch 226/627, Grad Norms near zero: 12, Lx 0.5074, Lu 0.2285, Pentalty 0.4240, loss 0.7784
Epoch 6, Batch 227/627, Grad Norms near zero: 12, Lx 0.6669, Lu 0.4916, Pentalty 0.2544, loss 1.1840
Epoch 6, Batch 228/627, Grad Norms near zero: 12, Lx 0.5013, Lu 0.3990, Pentalty 0.2069, loss 0.9211
Epoch 6, Batch 229/627, Grad Norms near zero: 12, Lx 0.5686, Lu 0.4438, Pentalty 0.1481, loss 1.0272
Epoch 6, Batch 230/627, Grad Norms near zero: 12, Lx 0.5137, Lu 0.3469, Pentalty 0.0916, loss 0.8697
Epoch 6, Batch 231/627, Grad Norms near zero: 12, Lx 0.4288, Lu 0.6739, Pentalty 0.2044, loss 1.1232
Epoch 6, Batch 232/627, Grad Norms near zero: 12, Lx 0.5064, Lu 0.4011, Pentalty 0.1126, loss 0.9188
Epoch 6, Batch 233/627, Grad Norms near zero: 12, Lx 0.5443, Lu 0.3651, Pentalty 0.0522, loss 0.9146
Epoch 6, Batch 234/627, Grad Norms near zero: 12, Lx 0.5472, Lu 0.8483, Pentalty 0.0442, loss 1.3999
Epoch 6, Batch 235/627, Grad Norms near zero: 12, Lx 0.5629, Lu 0.4709, Pentalty 0.0696, loss 1.0408
Epoch 6, Batch 236/627, Grad Norms near zero: 12, Lx 0.5126, Lu 0.3485, Pentalty 0.1025, loss 0.8713
Epoch 6, Batch 237/627, Grad Norms near zero: 12, Lx 0.4838, Lu 0.5860, Pentalty 0.1645, loss 1.0862
Epoch 6, Batch 238/627, Grad Norms near zero: 12, Lx 0.4516, Lu 0.6416, Pentalty 0.1697, loss 1.1101
Epoch 6, Batch 239/627, Grad Norms near zero: 12, Lx 0.6314, Lu 0.2916, Pentalty 0.1259, loss 0.9355
Epoch 6, Batch 240/627, Grad Norms near zero: 12, Lx 0.5818, Lu 0.6819, Pentalty 0.2382, loss 1.2876
Epoch 6, Batch 241/627, Grad Norms near zero: 12, Lx 0.5260, Lu 0.2093, Pentalty 0.1611, loss 0.7514
Epoch 6, Batch 242/627, Grad Norms near zero: 12, Lx 0.5339, Lu 0.6298, Pentalty 0.1571, loss 1.1794
Epoch 6, Batch 243/627, Grad Norms near zero: 12, Lx 0.4572, Lu 0.5208, Pentalty 0.2187, loss 0.9999
Epoch 6, Batch 244/627, Grad Norms near zero: 12, Lx 0.3398, Lu 0.2299, Pentalty 0.2629, loss 0.5959
Epoch 6, Batch 245/627, Grad Norms near zero: 12, Lx 0.5763, Lu 0.7130, Pentalty 0.2844, loss 1.3178
Epoch 6, Batch 246/627, Grad Norms near zero: 12, Lx 0.4673, Lu 0.2753, Pentalty 0.1704, loss 0.7596
Epoch 6, Batch 247/627, Grad Norms near zero: 12, Lx 0.5070, Lu 0.4082, Pentalty 0.2591, loss 0.9412
Epoch 6, Batch 248/627, Grad Norms near zero: 12, Lx 0.6603, Lu 0.7146, Pentalty 0.1499, loss 1.3899
Epoch 6, Batch 249/627, Grad Norms near zero: 12, Lx 0.5235, Lu 0.5029, Pentalty 0.0405, loss 1.0305
Epoch 6, Batch 250/627, Grad Norms near zero: 12, Lx 0.5567, Lu 0.3762, Pentalty 0.1290, loss 0.9458
Epoch 6, Batch 251/627, Grad Norms near zero: 12, Lx 0.5297, Lu 0.9124, Pentalty 0.0273, loss 1.4448
Epoch 6, Batch 252/627, Grad Norms near zero: 12, Lx 0.6092, Lu 1.1335, Pentalty 0.0139, loss 1.7440
Epoch 6, Batch 253/627, Grad Norms near zero: 12, Lx 0.5848, Lu 0.5784, Pentalty 0.0280, loss 1.1660
Epoch 6, Batch 254/627, Grad Norms near zero: 12, Lx 0.4860, Lu 0.2579, Pentalty 0.0781, loss 0.7517
Epoch 6, Batch 255/627, Grad Norms near zero: 12, Lx 0.5478, Lu 0.3431, Pentalty 0.0734, loss 0.8983
Epoch 6, Batch 256/627, Grad Norms near zero: 12, Lx 0.5980, Lu 0.5694, Pentalty 0.0288, loss 1.1702
Epoch 6, Batch 257/627, Grad Norms near zero: 12, Lx 0.5482, Lu 0.4714, Pentalty 0.0475, loss 1.0243
Epoch 6, Batch 258/627, Grad Norms near zero: 12, Lx 0.5603, Lu 0.4301, Pentalty 0.1275, loss 1.0032
Epoch 6, Batch 259/627, Grad Norms near zero: 12, Lx 0.4588, Lu 0.2608, Pentalty 0.1559, loss 0.7352
Epoch 6, Batch 260/627, Grad Norms near zero: 12, Lx 0.5082, Lu 0.2896, Pentalty 0.1267, loss 0.8105
Epoch 6, Batch 261/627, Grad Norms near zero: 12, Lx 0.4603, Lu 0.3490, Pentalty 0.1417, loss 0.8235
Epoch 6, Batch 262/627, Grad Norms near zero: 12, Lx 0.6201, Lu 0.5133, Pentalty 0.0999, loss 1.1434
Epoch 6, Batch 263/627, Grad Norms near zero: 12, Lx 0.6631, Lu 0.3384, Pentalty 0.2444, loss 1.0259
Epoch 6, Batch 264/627, Grad Norms near zero: 12, Lx 0.6164, Lu 0.9249, Pentalty 0.2097, loss 1.5622
Epoch 6, Batch 265/627, Grad Norms near zero: 12, Lx 0.5495, Lu 0.3667, Pentalty 0.1398, loss 0.9302
Epoch 6, Batch 266/627, Grad Norms near zero: 12, Lx 0.5100, Lu 0.4180, Pentalty 0.1664, loss 0.9447
Epoch 6, Batch 267/627, Grad Norms near zero: 12, Lx 0.4999, Lu 0.5270, Pentalty 0.1148, loss 1.0384
Epoch 6, Batch 268/627, Grad Norms near zero: 12, Lx 0.5065, Lu 0.2711, Pentalty 0.1409, loss 0.7917
Epoch 6, Batch 269/627, Grad Norms near zero: 12, Lx 0.5538, Lu 0.2894, Pentalty 0.1593, loss 0.8591
Epoch 6, Batch 270/627, Grad Norms near zero: 12, Lx 0.4594, Lu 0.6363, Pentalty 0.1184, loss 1.1076
Epoch 6, Batch 271/627, Grad Norms near zero: 12, Lx 0.4606, Lu 0.3521, Pentalty 0.0943, loss 0.8222
Epoch 6, Batch 272/627, Grad Norms near zero: 12, Lx 0.6170, Lu 0.5938, Pentalty 0.1046, loss 1.2213
Epoch 6, Batch 273/627, Grad Norms near zero: 12, Lx 0.4133, Lu 0.3481, Pentalty 0.1284, loss 0.7742
Epoch 6, Batch 274/627, Grad Norms near zero: 12, Lx 0.4594, Lu 0.6538, Pentalty 0.0681, loss 1.1201
Epoch 6, Batch 275/627, Grad Norms near zero: 12, Lx 0.4271, Lu 0.2464, Pentalty 0.1622, loss 0.6897
Epoch 6, Batch 276/627, Grad Norms near zero: 12, Lx 0.5722, Lu 0.3648, Pentalty 0.1512, loss 0.9521
Epoch 6, Batch 277/627, Grad Norms near zero: 12, Lx 0.3656, Lu 0.1334, Pentalty 0.2732, loss 0.5263
Epoch 6, Batch 278/627, Grad Norms near zero: 12, Lx 0.3881, Lu 0.1979, Pentalty 0.2541, loss 0.6114
Epoch 6, Batch 279/627, Grad Norms near zero: 12, Lx 0.6850, Lu 0.7310, Pentalty 0.1486, loss 1.4309
Epoch 6, Batch 280/627, Grad Norms near zero: 12, Lx 0.5976, Lu 0.5912, Pentalty 0.3071, loss 1.2195
Epoch 6, Batch 281/627, Grad Norms near zero: 12, Lx 0.4648, Lu 0.4119, Pentalty 0.3321, loss 0.9100
Epoch 6, Batch 282/627, Grad Norms near zero: 12, Lx 0.7319, Lu 0.6097, Pentalty 0.2508, loss 1.3667
Epoch 6, Batch 283/627, Grad Norms near zero: 12, Lx 0.5575, Lu 0.5120, Pentalty 0.3129, loss 1.1008
Epoch 6, Batch 284/627, Grad Norms near zero: 12, Lx 0.6042, Lu 0.5502, Pentalty 0.1590, loss 1.1702
Epoch 6, Batch 285/627, Grad Norms near zero: 12, Lx 0.5578, Lu 0.5246, Pentalty 0.2117, loss 1.1036
Epoch 6, Batch 286/627, Grad Norms near zero: 12, Lx 0.5807, Lu 0.6480, Pentalty 0.1167, loss 1.2404
Epoch 6, Batch 287/627, Grad Norms near zero: 12, Lx 0.5093, Lu 0.5342, Pentalty 0.0268, loss 1.0462
Epoch 6, Batch 288/627, Grad Norms near zero: 12, Lx 0.5419, Lu 0.6662, Pentalty 0.0147, loss 1.2095
Epoch 6, Batch 289/627, Grad Norms near zero: 12, Lx 0.6340, Lu 0.6200, Pentalty 0.0117, loss 1.2552
Epoch 6, Batch 290/627, Grad Norms near zero: 12, Lx 0.5437, Lu 0.6058, Pentalty 0.0274, loss 1.1523
Epoch 6, Batch 291/627, Grad Norms near zero: 12, Lx 0.6220, Lu 0.5257, Pentalty 0.0161, loss 1.1493
Epoch 6, Batch 292/627, Grad Norms near zero: 12, Lx 0.5990, Lu 0.7769, Pentalty 0.0137, loss 1.3773
Epoch 6, Batch 293/627, Grad Norms near zero: 12, Lx 0.5462, Lu 0.3942, Pentalty 0.0517, loss 0.9456
Epoch 6, Batch 294/627, Grad Norms near zero: 12, Lx 0.5761, Lu 0.5365, Pentalty 0.0358, loss 1.1162
Epoch 6, Batch 295/627, Grad Norms near zero: 12, Lx 0.5678, Lu 0.5445, Pentalty 0.0450, loss 1.1168
Epoch 6, Batch 296/627, Grad Norms near zero: 12, Lx 0.4817, Lu 0.5464, Pentalty 0.0747, loss 1.0355
Epoch 6, Batch 297/627, Grad Norms near zero: 12, Lx 0.5128, Lu 0.4321, Pentalty 0.2360, loss 0.9684
Epoch 6, Batch 298/627, Grad Norms near zero: 12, Lx 0.7106, Lu 0.7027, Pentalty 0.2355, loss 1.4368
Epoch 6, Batch 299/627, Grad Norms near zero: 12, Lx 0.4213, Lu 0.2256, Pentalty 0.2923, loss 0.6761
Epoch 6, Batch 300/627, Grad Norms near zero: 12, Lx 0.3964, Lu 0.3221, Pentalty 0.2982, loss 0.7483
Epoch 6, Batch 301/627, Grad Norms near zero: 12, Lx 0.4043, Lu 0.5694, Pentalty 0.2833, loss 1.0021
Epoch 6, Batch 302/627, Grad Norms near zero: 12, Lx 0.5614, Lu 0.4515, Pentalty 0.3713, loss 1.0501
Epoch 6, Batch 303/627, Grad Norms near zero: 12, Lx 0.4957, Lu 0.3697, Pentalty 0.2630, loss 0.8918
Epoch 6, Batch 304/627, Grad Norms near zero: 12, Lx 0.5951, Lu 0.6884, Pentalty 0.2095, loss 1.3044
Epoch 6, Batch 305/627, Grad Norms near zero: 12, Lx 0.5425, Lu 0.4814, Pentalty 0.1790, loss 1.0418
Epoch 6, Batch 306/627, Grad Norms near zero: 12, Lx 0.4203, Lu 0.3400, Pentalty 0.1295, loss 0.7733
Epoch 6, Batch 307/627, Grad Norms near zero: 12, Lx 0.3246, Lu 0.4404, Pentalty 0.2693, loss 0.7919
Epoch 6, Batch 308/627, Grad Norms near zero: 12, Lx 0.5340, Lu 0.2275, Pentalty 0.1437, loss 0.7759
Epoch 6, Batch 309/627, Grad Norms near zero: 12, Lx 0.3907, Lu 0.2097, Pentalty 0.2509, loss 0.6255
Epoch 6, Batch 310/627, Grad Norms near zero: 12, Lx 0.4887, Lu 0.5229, Pentalty 0.0482, loss 1.0164
Epoch 6, Batch 311/627, Grad Norms near zero: 12, Lx 0.5579, Lu 0.4404, Pentalty 0.1811, loss 1.0164
Epoch 6, Batch 312/627, Grad Norms near zero: 12, Lx 0.5101, Lu 0.4557, Pentalty 0.0809, loss 0.9740
Epoch 6, Batch 313/627, Grad Norms near zero: 12, Lx 0.4770, Lu 0.3548, Pentalty 0.1030, loss 0.8421
Epoch 6, Batch 314/627, Grad Norms near zero: 12, Lx 0.5754, Lu 0.5654, Pentalty 0.0591, loss 1.1467
Epoch 6, Batch 315/627, Grad Norms near zero: 12, Lx 0.5945, Lu 0.5911, Pentalty 0.1244, loss 1.1981
Epoch 6, Batch 316/627, Grad Norms near zero: 12, Lx 0.4865, Lu 0.4463, Pentalty 0.2072, loss 0.9535
Epoch 6, Batch 317/627, Grad Norms near zero: 12, Lx 0.5631, Lu 0.3428, Pentalty 0.2707, loss 0.9331
Epoch 6, Batch 318/627, Grad Norms near zero: 12, Lx 0.5120, Lu 0.4331, Pentalty 0.1031, loss 0.9554
Epoch 6, Batch 319/627, Grad Norms near zero: 12, Lx 0.5580, Lu 0.5592, Pentalty 0.1244, loss 1.1296
Epoch 6, Batch 320/627, Grad Norms near zero: 12, Lx 0.5529, Lu 0.3592, Pentalty 0.1046, loss 0.9225
Epoch 6, Batch 321/627, Grad Norms near zero: 12, Lx 0.5584, Lu 0.4605, Pentalty 0.0715, loss 1.0260
Epoch 6, Batch 322/627, Grad Norms near zero: 12, Lx 0.5274, Lu 0.3620, Pentalty 0.1193, loss 0.9013
Epoch 6, Batch 323/627, Grad Norms near zero: 12, Lx 0.5465, Lu 0.3603, Pentalty 0.0959, loss 0.9165
Epoch 6, Batch 324/627, Grad Norms near zero: 12, Lx 0.5067, Lu 0.4203, Pentalty 0.0661, loss 0.9336
Epoch 6, Batch 325/627, Grad Norms near zero: 12, Lx 0.5288, Lu 0.3510, Pentalty 0.0837, loss 0.8882
Epoch 6, Batch 326/627, Grad Norms near zero: 12, Lx 0.5967, Lu 0.4161, Pentalty 0.0281, loss 1.0156
Epoch 6, Batch 327/627, Grad Norms near zero: 12, Lx 0.5545, Lu 0.7678, Pentalty 0.1288, loss 1.3352
Epoch 6, Batch 328/627, Grad Norms near zero: 12, Lx 0.5460, Lu 0.2479, Pentalty 0.0874, loss 0.8026
Epoch 6, Batch 329/627, Grad Norms near zero: 12, Lx 0.5632, Lu 0.4358, Pentalty 0.0709, loss 1.0061
Epoch 6, Batch 330/627, Grad Norms near zero: 12, Lx 0.4486, Lu 0.3716, Pentalty 0.1832, loss 0.8386
Epoch 6, Batch 331/627, Grad Norms near zero: 12, Lx 0.5867, Lu 0.4085, Pentalty 0.1091, loss 1.0061
Epoch 6, Batch 332/627, Grad Norms near zero: 12, Lx 0.4272, Lu 0.1862, Pentalty 0.1828, loss 0.6317
Epoch 6, Batch 333/627, Grad Norms near zero: 12, Lx 0.6382, Lu 0.3205, Pentalty 0.1328, loss 0.9720
Epoch 6, Batch 334/627, Grad Norms near zero: 12, Lx 0.5728, Lu 0.5753, Pentalty 0.0682, loss 1.1550
Epoch 6, Batch 335/627, Grad Norms near zero: 12, Lx 0.4646, Lu 0.3985, Pentalty 0.1579, loss 0.8790
Epoch 6, Batch 336/627, Grad Norms near zero: 12, Lx 0.4196, Lu 0.2864, Pentalty 0.2544, loss 0.7315
Epoch 6, Batch 337/627, Grad Norms near zero: 12, Lx 0.5058, Lu 0.2778, Pentalty 0.1308, loss 0.7967
Epoch 6, Batch 338/627, Grad Norms near zero: 12, Lx 0.5090, Lu 0.2342, Pentalty 0.1050, loss 0.7537
Epoch 6, Batch 339/627, Grad Norms near zero: 12, Lx 0.4418, Lu 0.4335, Pentalty 0.2098, loss 0.8963
Epoch 6, Batch 340/627, Grad Norms near zero: 12, Lx 0.5305, Lu 0.2838, Pentalty 0.1684, loss 0.8311
Epoch 6, Batch 341/627, Grad Norms near zero: 12, Lx 0.4733, Lu 0.3789, Pentalty 0.1457, loss 0.8669
Epoch 6, Batch 342/627, Grad Norms near zero: 12, Lx 0.4101, Lu 0.3482, Pentalty 0.2647, loss 0.7848
Epoch 6, Batch 343/627, Grad Norms near zero: 12, Lx 0.5754, Lu 0.3510, Pentalty 0.2245, loss 0.9488
Epoch 6, Batch 344/627, Grad Norms near zero: 12, Lx 0.4697, Lu 0.2980, Pentalty 0.1644, loss 0.7842
Epoch 6, Batch 345/627, Grad Norms near zero: 12, Lx 0.4369, Lu 0.3129, Pentalty 0.2904, loss 0.7789
Epoch 6, Batch 346/627, Grad Norms near zero: 12, Lx 0.6018, Lu 0.7758, Pentalty 0.0507, loss 1.3827
Epoch 6, Batch 347/627, Grad Norms near zero: 12, Lx 0.6015, Lu 0.7578, Pentalty 0.0126, loss 1.3606
Epoch 6, Batch 348/627, Grad Norms near zero: 12, Lx 0.5495, Lu 0.6466, Pentalty 0.0214, loss 1.1983
Epoch 6, Batch 349/627, Grad Norms near zero: 12, Lx 0.6299, Lu 0.5324, Pentalty 0.0911, loss 1.1714
Epoch 6, Batch 350/627, Grad Norms near zero: 12, Lx 0.6983, Lu 0.7032, Pentalty 0.1849, loss 1.4200
Epoch 6, Batch 351/627, Grad Norms near zero: 12, Lx 0.5594, Lu 0.5868, Pentalty 0.2354, loss 1.1697
Epoch 6, Batch 352/627, Grad Norms near zero: 12, Lx 0.5754, Lu 0.5472, Pentalty 0.0947, loss 1.1321
Epoch 6, Batch 353/627, Grad Norms near zero: 12, Lx 0.4346, Lu 0.2471, Pentalty 0.0965, loss 0.6913
Epoch 6, Batch 354/627, Grad Norms near zero: 12, Lx 0.5073, Lu 0.2445, Pentalty 0.1012, loss 0.7619
Epoch 6, Batch 355/627, Grad Norms near zero: 12, Lx 0.5711, Lu 0.6280, Pentalty 0.1247, loss 1.2116
Epoch 6, Batch 356/627, Grad Norms near zero: 12, Lx 0.5563, Lu 0.5532, Pentalty 0.0901, loss 1.1185
Epoch 6, Batch 357/627, Grad Norms near zero: 12, Lx 0.5392, Lu 0.4584, Pentalty 0.0244, loss 1.0000
Epoch 6, Batch 358/627, Grad Norms near zero: 12, Lx 0.5478, Lu 0.2378, Pentalty 0.0534, loss 0.7910
Epoch 6, Batch 359/627, Grad Norms near zero: 12, Lx 0.5428, Lu 0.5146, Pentalty 0.0307, loss 1.0605
Epoch 6, Batch 360/627, Grad Norms near zero: 12, Lx 0.6049, Lu 0.5263, Pentalty 0.0051, loss 1.1318
Epoch 6, Batch 361/627, Grad Norms near zero: 12, Lx 0.4696, Lu 0.4349, Pentalty 0.0957, loss 0.9141
Epoch 6, Batch 362/627, Grad Norms near zero: 12, Lx 0.5340, Lu 0.3565, Pentalty 0.0310, loss 0.8935
Epoch 6, Batch 363/627, Grad Norms near zero: 12, Lx 0.5478, Lu 0.4996, Pentalty 0.0456, loss 1.0520
Epoch 6, Batch 364/627, Grad Norms near zero: 12, Lx 0.5045, Lu 0.4902, Pentalty 0.1083, loss 1.0056
Epoch 6, Batch 365/627, Grad Norms near zero: 12, Lx 0.5000, Lu 0.2396, Pentalty 0.0844, loss 0.7480
Epoch 6, Batch 366/627, Grad Norms near zero: 12, Lx 0.4765, Lu 0.4547, Pentalty 0.1590, loss 0.9471
Epoch 6, Batch 367/627, Grad Norms near zero: 12, Lx 0.5315, Lu 0.2615, Pentalty 0.0778, loss 0.8008
Epoch 6, Batch 368/627, Grad Norms near zero: 12, Lx 0.5374, Lu 0.4117, Pentalty 0.1649, loss 0.9656
Epoch 6, Batch 369/627, Grad Norms near zero: 12, Lx 0.4679, Lu 0.2333, Pentalty 0.2074, loss 0.7219
Epoch 6, Batch 370/627, Grad Norms near zero: 12, Lx 0.5501, Lu 0.5446, Pentalty 0.1048, loss 1.1051
Epoch 6, Batch 371/627, Grad Norms near zero: 12, Lx 0.3456, Lu 0.1209, Pentalty 0.3145, loss 0.4979
Epoch 6, Batch 372/627, Grad Norms near zero: 12, Lx 0.4012, Lu 0.5292, Pentalty 0.1457, loss 0.9449
Epoch 6, Batch 373/627, Grad Norms near zero: 12, Lx 0.4501, Lu 0.2939, Pentalty 0.3148, loss 0.7754
Epoch 6, Batch 374/627, Grad Norms near zero: 12, Lx 0.4549, Lu 0.7402, Pentalty 0.2100, loss 1.2161
Epoch 6, Batch 375/627, Grad Norms near zero: 12, Lx 0.6086, Lu 0.3391, Pentalty 0.1196, loss 0.9596
Epoch 6, Batch 376/627, Grad Norms near zero: 12, Lx 0.4983, Lu 0.1685, Pentalty 0.2173, loss 0.6885
Epoch 6, Batch 377/627, Grad Norms near zero: 12, Lx 0.6258, Lu 0.4605, Pentalty 0.0516, loss 1.0915
Epoch 6, Batch 378/627, Grad Norms near zero: 12, Lx 0.4793, Lu 0.5645, Pentalty 0.1949, loss 1.0633
Epoch 6, Batch 379/627, Grad Norms near zero: 12, Lx 0.4819, Lu 0.4689, Pentalty 0.1552, loss 0.9662
Epoch 6, Batch 380/627, Grad Norms near zero: 12, Lx 0.4737, Lu 0.3566, Pentalty 0.1316, loss 0.8434
Epoch 6, Batch 381/627, Grad Norms near zero: 12, Lx 0.6573, Lu 0.6261, Pentalty 0.1120, loss 1.2946
Epoch 6, Batch 382/627, Grad Norms near zero: 12, Lx 0.5654, Lu 0.5429, Pentalty 0.0500, loss 1.1133
Epoch 6, Batch 383/627, Grad Norms near zero: 12, Lx 0.5314, Lu 0.5569, Pentalty 0.0471, loss 1.0930
Epoch 6, Batch 384/627, Grad Norms near zero: 12, Lx 0.5630, Lu 0.4774, Pentalty 0.0277, loss 1.0431
Epoch 6, Batch 385/627, Grad Norms near zero: 12, Lx 0.3914, Lu 0.2343, Pentalty 0.2489, loss 0.6506
Epoch 6, Batch 386/627, Grad Norms near zero: 12, Lx 0.4482, Lu 0.4615, Pentalty 0.2793, loss 0.9376
Epoch 6, Batch 387/627, Grad Norms near zero: 12, Lx 0.5339, Lu 0.2757, Pentalty 0.2489, loss 0.8345
Epoch 6, Batch 388/627, Grad Norms near zero: 12, Lx 0.7120, Lu 0.4784, Pentalty 0.1988, loss 1.2103
Epoch 6, Batch 389/627, Grad Norms near zero: 12, Lx 0.4561, Lu 0.5050, Pentalty 0.1660, loss 0.9777
Epoch 6, Batch 390/627, Grad Norms near zero: 12, Lx 0.3845, Lu 0.1281, Pentalty 0.2480, loss 0.5374
Epoch 6, Batch 391/627, Grad Norms near zero: 12, Lx 0.7123, Lu 0.8115, Pentalty 0.1170, loss 1.5355
Epoch 6, Batch 392/627, Grad Norms near zero: 12, Lx 0.5579, Lu 0.5186, Pentalty 0.1187, loss 1.0884
Epoch 6, Batch 393/627, Grad Norms near zero: 12, Lx 0.6058, Lu 0.4024, Pentalty 0.0922, loss 1.0174
Epoch 6, Batch 394/627, Grad Norms near zero: 12, Lx 0.5474, Lu 0.4433, Pentalty 0.0589, loss 0.9966
Epoch 6, Batch 395/627, Grad Norms near zero: 12, Lx 0.5078, Lu 0.3933, Pentalty 0.0541, loss 0.9065
Epoch 6, Batch 396/627, Grad Norms near zero: 12, Lx 0.5626, Lu 0.8058, Pentalty 0.0156, loss 1.3700
Epoch 6, Batch 397/627, Grad Norms near zero: 12, Lx 0.5845, Lu 0.5790, Pentalty 0.0345, loss 1.1669
Epoch 6, Batch 398/627, Grad Norms near zero: 12, Lx 0.5084, Lu 0.3402, Pentalty 0.0920, loss 0.8578
Epoch 6, Batch 399/627, Grad Norms near zero: 12, Lx 0.4709, Lu 0.6162, Pentalty 0.0873, loss 1.0959
Epoch 6, Batch 400/627, Grad Norms near zero: 12, Lx 0.4324, Lu 0.2608, Pentalty 0.1824, loss 0.7115
Epoch 6, Batch 401/627, Grad Norms near zero: 12, Lx 0.5037, Lu 0.2248, Pentalty 0.1687, loss 0.7454
Epoch 6, Batch 402/627, Grad Norms near zero: 12, Lx 0.4925, Lu 0.4078, Pentalty 0.2146, loss 0.9218
Epoch 6, Batch 403/627, Grad Norms near zero: 12, Lx 0.5568, Lu 0.4440, Pentalty 0.1858, loss 1.0194
Epoch 6, Batch 404/627, Grad Norms near zero: 12, Lx 0.6580, Lu 0.5273, Pentalty 0.1342, loss 1.1987
Epoch 6, Batch 405/627, Grad Norms near zero: 12, Lx 0.5359, Lu 0.4775, Pentalty 0.1703, loss 1.0304
Epoch 6, Batch 406/627, Grad Norms near zero: 12, Lx 0.4667, Lu 0.3106, Pentalty 0.1377, loss 0.7911
Epoch 6, Batch 407/627, Grad Norms near zero: 12, Lx 0.4610, Lu 0.2840, Pentalty 0.1287, loss 0.7579
Epoch 6, Batch 408/627, Grad Norms near zero: 12, Lx 0.3865, Lu 0.1302, Pentalty 0.1132, loss 0.5280
Epoch 6, Batch 409/627, Grad Norms near zero: 12, Lx 0.4524, Lu 0.3673, Pentalty 0.0891, loss 0.8286
Epoch 6, Batch 410/627, Grad Norms near zero: 12, Lx 0.4439, Lu 0.3740, Pentalty 0.0789, loss 0.8258
Epoch 6, Batch 411/627, Grad Norms near zero: 12, Lx 0.5198, Lu 0.2841, Pentalty 0.0771, loss 0.8116
Epoch 6, Batch 412/627, Grad Norms near zero: 12, Lx 0.4814, Lu 0.2682, Pentalty 0.1663, loss 0.7663
Epoch 6, Batch 413/627, Grad Norms near zero: 12, Lx 0.5037, Lu 0.4328, Pentalty 0.1675, loss 0.9532
Epoch 6, Batch 414/627, Grad Norms near zero: 12, Lx 0.5115, Lu 0.5725, Pentalty 0.1025, loss 1.0943
Epoch 6, Batch 415/627, Grad Norms near zero: 12, Lx 0.5154, Lu 0.4623, Pentalty 0.2511, loss 1.0028
Epoch 6, Batch 416/627, Grad Norms near zero: 12, Lx 0.4087, Lu 0.1667, Pentalty 0.4540, loss 0.6208
Epoch 6, Batch 417/627, Grad Norms near zero: 12, Lx 0.5203, Lu 0.1646, Pentalty 0.2028, loss 0.7051
Epoch 6, Batch 418/627, Grad Norms near zero: 12, Lx 0.4999, Lu 0.3304, Pentalty 0.3058, loss 0.8610
Epoch 6, Batch 419/627, Grad Norms near zero: 12, Lx 0.5906, Lu 0.3745, Pentalty 0.1912, loss 0.9843
Epoch 6, Batch 420/627, Grad Norms near zero: 12, Lx 0.5534, Lu 0.5687, Pentalty 0.2701, loss 1.1491
Epoch 6, Batch 421/627, Grad Norms near zero: 12, Lx 0.4566, Lu 0.1296, Pentalty 0.3179, loss 0.6180
Epoch 6, Batch 422/627, Grad Norms near zero: 12, Lx 0.4687, Lu 0.3181, Pentalty 0.2752, loss 0.8143
Epoch 6, Batch 423/627, Grad Norms near zero: 12, Lx 0.4650, Lu 0.3200, Pentalty 0.1573, loss 0.8007
Epoch 6, Batch 424/627, Grad Norms near zero: 12, Lx 0.5899, Lu 0.5684, Pentalty 0.0276, loss 1.1611
Epoch 6, Batch 425/627, Grad Norms near zero: 12, Lx 0.4659, Lu 0.2436, Pentalty 0.1325, loss 0.7227
Epoch 6, Batch 426/627, Grad Norms near zero: 12, Lx 0.6256, Lu 0.3617, Pentalty 0.0557, loss 0.9929
Epoch 6, Batch 427/627, Grad Norms near zero: 12, Lx 0.4861, Lu 0.4018, Pentalty 0.0963, loss 0.8974
Epoch 6, Batch 428/627, Grad Norms near zero: 12, Lx 0.5163, Lu 0.4050, Pentalty 0.0910, loss 0.9304
Epoch 6, Batch 429/627, Grad Norms near zero: 12, Lx 0.4993, Lu 0.3463, Pentalty 0.0645, loss 0.8521
Epoch 6, Batch 430/627, Grad Norms near zero: 12, Lx 0.4273, Lu 0.2762, Pentalty 0.1588, loss 0.7193
Epoch 6, Batch 431/627, Grad Norms near zero: 12, Lx 0.5927, Lu 0.4708, Pentalty 0.1456, loss 1.0781
Epoch 6, Batch 432/627, Grad Norms near zero: 12, Lx 0.4120, Lu 0.2091, Pentalty 0.2099, loss 0.6420
Epoch 6, Batch 433/627, Grad Norms near zero: 12, Lx 0.4959, Lu 0.2164, Pentalty 0.1670, loss 0.7290
Epoch 6, Batch 434/627, Grad Norms near zero: 12, Lx 0.4840, Lu 0.3345, Pentalty 0.1837, loss 0.8369
Epoch 6, Batch 435/627, Grad Norms near zero: 12, Lx 0.5806, Lu 0.3127, Pentalty 0.2056, loss 0.9139
Epoch 6, Batch 436/627, Grad Norms near zero: 12, Lx 0.4534, Lu 0.2007, Pentalty 0.2638, loss 0.6806
Epoch 6, Batch 437/627, Grad Norms near zero: 12, Lx 0.5779, Lu 0.5243, Pentalty 0.2133, loss 1.1235
Epoch 6, Batch 438/627, Grad Norms near zero: 12, Lx 0.4689, Lu 0.2729, Pentalty 0.2791, loss 0.7697
Epoch 6, Batch 439/627, Grad Norms near zero: 12, Lx 0.4095, Lu 0.2710, Pentalty 0.1241, loss 0.6929
Epoch 6, Batch 440/627, Grad Norms near zero: 12, Lx 0.4890, Lu 0.2559, Pentalty 0.1597, loss 0.7609
Epoch 6, Batch 441/627, Grad Norms near zero: 12, Lx 0.5343, Lu 0.6992, Pentalty 0.0831, loss 1.2419
Epoch 6, Batch 442/627, Grad Norms near zero: 12, Lx 0.5766, Lu 0.7324, Pentalty 0.0309, loss 1.3121
Epoch 6, Batch 443/627, Grad Norms near zero: 12, Lx 0.4922, Lu 0.3250, Pentalty 0.0803, loss 0.8252
Epoch 6, Batch 444/627, Grad Norms near zero: 12, Lx 0.4702, Lu 0.5735, Pentalty 0.0833, loss 1.0521
Epoch 6, Batch 445/627, Grad Norms near zero: 12, Lx 0.5754, Lu 0.4032, Pentalty 0.0272, loss 0.9813
Epoch 6, Batch 446/627, Grad Norms near zero: 12, Lx 0.4868, Lu 0.2313, Pentalty 0.1702, loss 0.7351
Epoch 6, Batch 447/627, Grad Norms near zero: 12, Lx 0.5356, Lu 0.3706, Pentalty 0.1111, loss 0.9174
Epoch 6, Batch 448/627, Grad Norms near zero: 12, Lx 0.5958, Lu 0.5837, Pentalty 0.1308, loss 1.1925
Epoch 6, Batch 449/627, Grad Norms near zero: 12, Lx 0.5727, Lu 0.4981, Pentalty 0.0956, loss 1.0803
Epoch 6, Batch 450/627, Grad Norms near zero: 12, Lx 0.4877, Lu 0.4873, Pentalty 0.1536, loss 0.9903
Epoch 6, Batch 451/627, Grad Norms near zero: 12, Lx 0.5043, Lu 0.6323, Pentalty 0.1669, loss 1.1534
Epoch 6, Batch 452/627, Grad Norms near zero: 12, Lx 0.3776, Lu 0.3048, Pentalty 0.2421, loss 0.7066
Epoch 6, Batch 453/627, Grad Norms near zero: 12, Lx 0.4018, Lu 0.3166, Pentalty 0.1234, loss 0.7307
Epoch 6, Batch 454/627, Grad Norms near zero: 12, Lx 0.4669, Lu 0.4968, Pentalty 0.1114, loss 0.9749
Epoch 6, Batch 455/627, Grad Norms near zero: 12, Lx 0.5303, Lu 0.3874, Pentalty 0.1017, loss 0.9278
Epoch 6, Batch 456/627, Grad Norms near zero: 12, Lx 0.3655, Lu 0.1173, Pentalty 0.1745, loss 0.5003
Epoch 6, Batch 457/627, Grad Norms near zero: 12, Lx 0.6335, Lu 0.4934, Pentalty 0.1087, loss 1.1378
Epoch 6, Batch 458/627, Grad Norms near zero: 12, Lx 0.5730, Lu 0.6750, Pentalty 0.0595, loss 1.2540
Epoch 6, Batch 459/627, Grad Norms near zero: 12, Lx 0.5254, Lu 0.4757, Pentalty 0.1478, loss 1.0159
Epoch 6, Batch 460/627, Grad Norms near zero: 12, Lx 0.5825, Lu 0.5149, Pentalty 0.1112, loss 1.1085
Epoch 6, Batch 461/627, Grad Norms near zero: 12, Lx 0.4525, Lu 0.3580, Pentalty 0.1397, loss 0.8244
Epoch 6, Batch 462/627, Grad Norms near zero: 12, Lx 0.7336, Lu 0.6348, Pentalty 0.1727, loss 1.3857
Epoch 6, Batch 463/627, Grad Norms near zero: 12, Lx 0.6346, Lu 0.4565, Pentalty 0.1300, loss 1.1041
Epoch 6, Batch 464/627, Grad Norms near zero: 12, Lx 0.4912, Lu 0.3696, Pentalty 0.1264, loss 0.8734
Epoch 6, Batch 465/627, Grad Norms near zero: 12, Lx 0.4980, Lu 0.4411, Pentalty 0.0699, loss 0.9460
Epoch 6, Batch 466/627, Grad Norms near zero: 12, Lx 0.4562, Lu 0.3796, Pentalty 0.1693, loss 0.8527
Epoch 6, Batch 467/627, Grad Norms near zero: 12, Lx 0.4398, Lu 0.6570, Pentalty 0.0920, loss 1.1059
Epoch 6, Batch 468/627, Grad Norms near zero: 12, Lx 0.4146, Lu 0.2515, Pentalty 0.1173, loss 0.6778
Epoch 6, Batch 469/627, Grad Norms near zero: 12, Lx 0.5001, Lu 0.1796, Pentalty 0.0559, loss 0.6853
Epoch 6, Batch 470/627, Grad Norms near zero: 12, Lx 0.4432, Lu 0.1975, Pentalty 0.1048, loss 0.6512
Epoch 6, Batch 471/627, Grad Norms near zero: 12, Lx 0.5402, Lu 0.3103, Pentalty 0.0549, loss 0.8559
Epoch 6, Batch 472/627, Grad Norms near zero: 12, Lx 0.6442, Lu 0.2821, Pentalty 0.0656, loss 0.9329
Epoch 6, Batch 473/627, Grad Norms near zero: 12, Lx 0.5569, Lu 0.3355, Pentalty 0.0910, loss 0.9015
Epoch 6, Batch 474/627, Grad Norms near zero: 12, Lx 0.4956, Lu 0.5216, Pentalty 0.0936, loss 1.0265
Epoch 6, Batch 475/627, Grad Norms near zero: 12, Lx 0.5318, Lu 0.0917, Pentalty 0.0770, loss 0.6312
Epoch 6, Batch 476/627, Grad Norms near zero: 12, Lx 0.4943, Lu 0.3504, Pentalty 0.0570, loss 0.8504
Epoch 6, Batch 477/627, Grad Norms near zero: 12, Lx 0.4405, Lu 0.1758, Pentalty 0.1426, loss 0.6305
Epoch 6, Batch 478/627, Grad Norms near zero: 12, Lx 0.4052, Lu 0.1426, Pentalty 0.1490, loss 0.5627
Epoch 6, Batch 479/627, Grad Norms near zero: 12, Lx 0.3817, Lu 0.4054, Pentalty 0.1769, loss 0.8048
Epoch 6, Batch 480/627, Grad Norms near zero: 12, Lx 0.5722, Lu 0.6102, Pentalty 0.0857, loss 1.1909
Epoch 6, Batch 481/627, Grad Norms near zero: 12, Lx 0.4452, Lu 0.4146, Pentalty 0.2407, loss 0.8839
Epoch 6, Batch 482/627, Grad Norms near zero: 12, Lx 0.6492, Lu 0.3136, Pentalty 0.0881, loss 0.9717
Epoch 6, Batch 483/627, Grad Norms near zero: 12, Lx 0.5972, Lu 0.2827, Pentalty 0.1354, loss 0.8935
Epoch 6, Batch 484/627, Grad Norms near zero: 12, Lx 0.4917, Lu 0.2462, Pentalty 0.2671, loss 0.7646
Epoch 6, Batch 485/627, Grad Norms near zero: 12, Lx 0.3766, Lu 0.2371, Pentalty 0.3381, loss 0.6475
Epoch 6, Batch 486/627, Grad Norms near zero: 12, Lx 0.6495, Lu 0.7712, Pentalty 0.1579, loss 1.4365
Epoch 6, Batch 487/627, Grad Norms near zero: 12, Lx 0.4637, Lu 0.6029, Pentalty 0.2206, loss 1.0886
Epoch 6, Batch 488/627, Grad Norms near zero: 12, Lx 0.3936, Lu 0.2092, Pentalty 0.2428, loss 0.6270
Epoch 6, Batch 489/627, Grad Norms near zero: 12, Lx 0.6072, Lu 0.5523, Pentalty 0.0909, loss 1.1686
Epoch 6, Batch 490/627, Grad Norms near zero: 12, Lx 0.5608, Lu 0.4283, Pentalty 0.0384, loss 0.9929
Epoch 6, Batch 491/627, Grad Norms near zero: 12, Lx 0.4381, Lu 0.3990, Pentalty 0.1177, loss 0.8488
Epoch 6, Batch 492/627, Grad Norms near zero: 12, Lx 0.4438, Lu 0.3536, Pentalty 0.0967, loss 0.8070
Epoch 6, Batch 493/627, Grad Norms near zero: 12, Lx 0.5739, Lu 0.3784, Pentalty 0.0251, loss 0.9547
Epoch 6, Batch 494/627, Grad Norms near zero: 12, Lx 0.5432, Lu 0.4526, Pentalty 0.0652, loss 1.0023
Epoch 6, Batch 495/627, Grad Norms near zero: 12, Lx 0.5133, Lu 0.3256, Pentalty 0.1265, loss 0.8516
Epoch 6, Batch 496/627, Grad Norms near zero: 12, Lx 0.4830, Lu 0.4990, Pentalty 0.0658, loss 0.9885
Epoch 6, Batch 497/627, Grad Norms near zero: 12, Lx 0.3628, Lu 0.1921, Pentalty 0.1500, loss 0.5699
Epoch 6, Batch 498/627, Grad Norms near zero: 12, Lx 0.5078, Lu 0.3862, Pentalty 0.1217, loss 0.9061
Epoch 6, Batch 499/627, Grad Norms near zero: 12, Lx 0.5580, Lu 0.4387, Pentalty 0.1335, loss 1.0101
Epoch 6, Batch 500/627, Grad Norms near zero: 12, Lx 0.5443, Lu 0.5178, Pentalty 0.1729, loss 1.0794
Epoch 6, Batch 501/627, Grad Norms near zero: 12, Lx 0.4854, Lu 0.2191, Pentalty 0.1711, loss 0.7216
Epoch 6, Batch 502/627, Grad Norms near zero: 12, Lx 0.5116, Lu 0.4321, Pentalty 0.1200, loss 0.9558
Epoch 6, Batch 503/627, Grad Norms near zero: 12, Lx 0.4463, Lu 0.3871, Pentalty 0.1262, loss 0.8461
Epoch 6, Batch 504/627, Grad Norms near zero: 12, Lx 0.5018, Lu 0.5137, Pentalty 0.1193, loss 1.0274
Epoch 6, Batch 505/627, Grad Norms near zero: 12, Lx 0.5391, Lu 0.4589, Pentalty 0.0620, loss 1.0042
Epoch 6, Batch 506/627, Grad Norms near zero: 12, Lx 0.5437, Lu 0.3005, Pentalty 0.1372, loss 0.8579
Epoch 6, Batch 507/627, Grad Norms near zero: 12, Lx 0.4954, Lu 0.2124, Pentalty 0.1272, loss 0.7205
Epoch 6, Batch 508/627, Grad Norms near zero: 12, Lx 0.4647, Lu 0.4781, Pentalty 0.0747, loss 0.9502
Epoch 6, Batch 509/627, Grad Norms near zero: 12, Lx 0.6049, Lu 0.4833, Pentalty 0.0401, loss 1.0922
Epoch 6, Batch 510/627, Grad Norms near zero: 12, Lx 0.4633, Lu 0.2398, Pentalty 0.0806, loss 0.7112
Epoch 6, Batch 511/627, Grad Norms near zero: 12, Lx 0.6028, Lu 0.6374, Pentalty 0.0454, loss 1.2447
Epoch 6, Batch 512/627, Grad Norms near zero: 12, Lx 0.2933, Lu 0.5243, Pentalty 0.2256, loss 0.8401
Epoch 6, Batch 513/627, Grad Norms near zero: 12, Lx 0.5380, Lu 0.4163, Pentalty 0.1648, loss 0.9708
Epoch 6, Batch 514/627, Grad Norms near zero: 12, Lx 0.5468, Lu 0.5153, Pentalty 0.2142, loss 1.0835
Epoch 6, Batch 515/627, Grad Norms near zero: 12, Lx 0.4503, Lu 0.3265, Pentalty 0.2606, loss 0.8029
Epoch 6, Batch 516/627, Grad Norms near zero: 12, Lx 0.5060, Lu 0.2809, Pentalty 0.3006, loss 0.8170
Epoch 6, Batch 517/627, Grad Norms near zero: 12, Lx 0.5868, Lu 0.4507, Pentalty 0.2580, loss 1.0633
Epoch 6, Batch 518/627, Grad Norms near zero: 12, Lx 0.5096, Lu 0.3549, Pentalty 0.1908, loss 0.8835
Epoch 6, Batch 519/627, Grad Norms near zero: 12, Lx 0.6034, Lu 0.6287, Pentalty 0.2408, loss 1.2562
Epoch 6, Batch 520/627, Grad Norms near zero: 12, Lx 0.4190, Lu 0.2563, Pentalty 0.2247, loss 0.6978
Epoch 6, Batch 521/627, Grad Norms near zero: 12, Lx 0.5482, Lu 0.3315, Pentalty 0.0592, loss 0.8856
Epoch 6, Batch 522/627, Grad Norms near zero: 12, Lx 0.5279, Lu 0.3475, Pentalty 0.0467, loss 0.8801
Epoch 6, Batch 523/627, Grad Norms near zero: 12, Lx 0.5673, Lu 0.4824, Pentalty 0.0605, loss 1.0557
Epoch 6, Batch 524/627, Grad Norms near zero: 12, Lx 0.5703, Lu 0.4417, Pentalty 0.0165, loss 1.0136
Epoch 6, Batch 525/627, Grad Norms near zero: 12, Lx 0.5923, Lu 0.4690, Pentalty 0.0236, loss 1.0636
Epoch 6, Batch 526/627, Grad Norms near zero: 12, Lx 0.5695, Lu 0.3692, Pentalty 0.0264, loss 0.9414
Epoch 6, Batch 527/627, Grad Norms near zero: 12, Lx 0.4793, Lu 0.4397, Pentalty 0.1062, loss 0.9296
Epoch 6, Batch 528/627, Grad Norms near zero: 12, Lx 0.5560, Lu 0.3957, Pentalty 0.1099, loss 0.9627
Epoch 6, Batch 529/627, Grad Norms near zero: 12, Lx 0.4983, Lu 0.3560, Pentalty 0.1429, loss 0.8686
Epoch 6, Batch 530/627, Grad Norms near zero: 12, Lx 0.5406, Lu 0.7473, Pentalty 0.0990, loss 1.2978
Epoch 6, Batch 531/627, Grad Norms near zero: 12, Lx 0.5916, Lu 0.7639, Pentalty 0.1045, loss 1.3659
Epoch 6, Batch 532/627, Grad Norms near zero: 12, Lx 0.5192, Lu 0.6081, Pentalty 0.1222, loss 1.1395
Epoch 6, Batch 533/627, Grad Norms near zero: 12, Lx 0.5062, Lu 0.3910, Pentalty 0.1395, loss 0.9111
Epoch 6, Batch 534/627, Grad Norms near zero: 12, Lx 0.6197, Lu 0.4090, Pentalty 0.1104, loss 1.0397
Epoch 6, Batch 535/627, Grad Norms near zero: 12, Lx 0.4311, Lu 0.3916, Pentalty 0.1836, loss 0.8411
Epoch 6, Batch 536/627, Grad Norms near zero: 12, Lx 0.4812, Lu 0.4269, Pentalty 0.1402, loss 0.9221
Epoch 6, Batch 537/627, Grad Norms near zero: 12, Lx 0.5227, Lu 0.5418, Pentalty 0.0964, loss 1.0742
Epoch 6, Batch 538/627, Grad Norms near zero: 12, Lx 0.5035, Lu 0.1740, Pentalty 0.1529, loss 0.6928
Epoch 6, Batch 539/627, Grad Norms near zero: 12, Lx 0.5295, Lu 0.2175, Pentalty 0.0879, loss 0.7558
Epoch 6, Batch 540/627, Grad Norms near zero: 12, Lx 0.5218, Lu 0.6280, Pentalty 0.0632, loss 1.1561
Epoch 6, Batch 541/627, Grad Norms near zero: 12, Lx 0.4975, Lu 0.3294, Pentalty 0.1079, loss 0.8377
Epoch 6, Batch 542/627, Grad Norms near zero: 12, Lx 0.5647, Lu 0.4575, Pentalty 0.0477, loss 1.0270
Epoch 6, Batch 543/627, Grad Norms near zero: 12, Lx 0.5973, Lu 0.7331, Pentalty 0.0475, loss 1.3352
Epoch 6, Batch 544/627, Grad Norms near zero: 12, Lx 0.5338, Lu 0.3712, Pentalty 0.0412, loss 0.9091
Epoch 6, Batch 545/627, Grad Norms near zero: 12, Lx 0.5000, Lu 0.5418, Pentalty 0.0717, loss 1.0490
Epoch 6, Batch 546/627, Grad Norms near zero: 12, Lx 0.5192, Lu 0.3012, Pentalty 0.1737, loss 0.8377
Epoch 6, Batch 547/627, Grad Norms near zero: 12, Lx 0.4948, Lu 0.4149, Pentalty 0.0909, loss 0.9188
Epoch 6, Batch 548/627, Grad Norms near zero: 12, Lx 0.5260, Lu 0.5051, Pentalty 0.1135, loss 1.0424
Epoch 6, Batch 549/627, Grad Norms near zero: 12, Lx 0.4830, Lu 0.2869, Pentalty 0.1136, loss 0.7813
Epoch 6, Batch 550/627, Grad Norms near zero: 12, Lx 0.4958, Lu 0.2508, Pentalty 0.1440, loss 0.7610
Epoch 6, Batch 551/627, Grad Norms near zero: 12, Lx 0.5358, Lu 0.2431, Pentalty 0.1257, loss 0.7915
Epoch 6, Batch 552/627, Grad Norms near zero: 12, Lx 0.4560, Lu 0.2427, Pentalty 0.2116, loss 0.7199
Epoch 6, Batch 553/627, Grad Norms near zero: 12, Lx 0.3826, Lu 0.3300, Pentalty 0.2425, loss 0.7369
Epoch 6, Batch 554/627, Grad Norms near zero: 12, Lx 0.4706, Lu 0.4758, Pentalty 0.2661, loss 0.9730
Epoch 6, Batch 555/627, Grad Norms near zero: 12, Lx 0.6181, Lu 0.5559, Pentalty 0.2122, loss 1.1953
Epoch 6, Batch 556/627, Grad Norms near zero: 12, Lx 0.4493, Lu 0.3831, Pentalty 0.1330, loss 0.8457
Epoch 6, Batch 557/627, Grad Norms near zero: 12, Lx 0.4228, Lu 0.3845, Pentalty 0.1238, loss 0.8197
Epoch 6, Batch 558/627, Grad Norms near zero: 12, Lx 0.6224, Lu 0.4145, Pentalty 0.0647, loss 1.0433
Epoch 6, Batch 559/627, Grad Norms near zero: 12, Lx 0.4654, Lu 0.1860, Pentalty 0.1089, loss 0.6622
Epoch 6, Batch 560/627, Grad Norms near zero: 12, Lx 0.4826, Lu 0.2780, Pentalty 0.1414, loss 0.7748
Epoch 6, Batch 561/627, Grad Norms near zero: 12, Lx 0.5344, Lu 0.3009, Pentalty 0.1080, loss 0.8461
Epoch 6, Batch 562/627, Grad Norms near zero: 12, Lx 0.4250, Lu 0.3443, Pentalty 0.1173, loss 0.7811
Epoch 6, Batch 563/627, Grad Norms near zero: 12, Lx 0.5337, Lu 0.3457, Pentalty 0.0629, loss 0.8857
Epoch 6, Batch 564/627, Grad Norms near zero: 12, Lx 0.4718, Lu 0.4533, Pentalty 0.0967, loss 0.9347
Epoch 6, Batch 565/627, Grad Norms near zero: 12, Lx 0.3719, Lu 0.4853, Pentalty 0.2170, loss 0.8790
Epoch 6, Batch 566/627, Grad Norms near zero: 12, Lx 0.5357, Lu 0.6525, Pentalty 0.0766, loss 1.1959
Epoch 6, Batch 567/627, Grad Norms near zero: 12, Lx 0.4294, Lu 0.2566, Pentalty 0.1362, loss 0.6996
Epoch 6, Batch 568/627, Grad Norms near zero: 12, Lx 0.6171, Lu 0.4224, Pentalty 0.1226, loss 1.0518
Epoch 6, Batch 569/627, Grad Norms near zero: 12, Lx 0.5990, Lu 0.2999, Pentalty 0.0458, loss 0.9035
Epoch 6, Batch 570/627, Grad Norms near zero: 12, Lx 0.4363, Lu 0.4776, Pentalty 0.1130, loss 0.9252
Epoch 6, Batch 571/627, Grad Norms near zero: 12, Lx 0.4674, Lu 0.2536, Pentalty 0.1028, loss 0.7313
Epoch 6, Batch 572/627, Grad Norms near zero: 12, Lx 0.4504, Lu 0.2540, Pentalty 0.1639, loss 0.7208
Epoch 6, Batch 573/627, Grad Norms near zero: 12, Lx 0.4597, Lu 0.3267, Pentalty 0.1253, loss 0.7990
Epoch 6, Batch 574/627, Grad Norms near zero: 12, Lx 0.5170, Lu 0.2637, Pentalty 0.0442, loss 0.7851
Epoch 6, Batch 575/627, Grad Norms near zero: 12, Lx 0.5346, Lu 0.2880, Pentalty 0.1205, loss 0.8347
Epoch 6, Batch 576/627, Grad Norms near zero: 12, Lx 0.5010, Lu 0.2207, Pentalty 0.0894, loss 0.7306
Epoch 6, Batch 577/627, Grad Norms near zero: 12, Lx 0.5133, Lu 0.4433, Pentalty 0.1829, loss 0.9748
Epoch 6, Batch 578/627, Grad Norms near zero: 12, Lx 0.6394, Lu 0.6088, Pentalty 0.0201, loss 1.2502
Epoch 6, Batch 579/627, Grad Norms near zero: 12, Lx 0.4540, Lu 0.3046, Pentalty 0.1194, loss 0.7706
Epoch 6, Batch 580/627, Grad Norms near zero: 12, Lx 0.4515, Lu 0.4942, Pentalty 0.1801, loss 0.9637
Epoch 6, Batch 581/627, Grad Norms near zero: 12, Lx 0.5941, Lu 0.9270, Pentalty 0.0380, loss 1.5249
Epoch 6, Batch 582/627, Grad Norms near zero: 12, Lx 0.4911, Lu 0.5279, Pentalty 0.1695, loss 1.0360
Epoch 6, Batch 583/627, Grad Norms near zero: 12, Lx 0.5265, Lu 0.5090, Pentalty 0.1400, loss 1.0495
Epoch 6, Batch 584/627, Grad Norms near zero: 12, Lx 0.6406, Lu 0.3341, Pentalty 0.2571, loss 1.0004
Epoch 6, Batch 585/627, Grad Norms near zero: 12, Lx 0.5948, Lu 0.4900, Pentalty 0.2198, loss 1.1068
Epoch 6, Batch 586/627, Grad Norms near zero: 12, Lx 0.5494, Lu 0.7769, Pentalty 0.2116, loss 1.3474
Epoch 6, Batch 587/627, Grad Norms near zero: 12, Lx 0.5434, Lu 0.3334, Pentalty 0.1861, loss 0.8955
Epoch 6, Batch 588/627, Grad Norms near zero: 12, Lx 0.4807, Lu 0.5358, Pentalty 0.2621, loss 1.0427
Epoch 6, Batch 589/627, Grad Norms near zero: 12, Lx 0.4847, Lu 0.4656, Pentalty 0.1772, loss 0.9679
Epoch 6, Batch 590/627, Grad Norms near zero: 12, Lx 0.5071, Lu 0.3667, Pentalty 0.0773, loss 0.8816
Epoch 6, Batch 591/627, Grad Norms near zero: 12, Lx 0.4491, Lu 0.2873, Pentalty 0.1798, loss 0.7544
Epoch 6, Batch 592/627, Grad Norms near zero: 12, Lx 0.5316, Lu 0.3416, Pentalty 0.1287, loss 0.8861
Epoch 6, Batch 593/627, Grad Norms near zero: 12, Lx 0.4599, Lu 0.3021, Pentalty 0.1396, loss 0.7759
Epoch 6, Batch 594/627, Grad Norms near zero: 12, Lx 0.5156, Lu 0.3266, Pentalty 0.1187, loss 0.8541
Epoch 6, Batch 595/627, Grad Norms near zero: 12, Lx 0.5679, Lu 0.4548, Pentalty 0.1484, loss 1.0376
Epoch 6, Batch 596/627, Grad Norms near zero: 12, Lx 0.5135, Lu 0.3234, Pentalty 0.1306, loss 0.8500
Epoch 6, Batch 597/627, Grad Norms near zero: 12, Lx 0.4116, Lu 0.3595, Pentalty 0.1332, loss 0.7844
Epoch 6, Batch 598/627, Grad Norms near zero: 12, Lx 0.4378, Lu 0.5199, Pentalty 0.0928, loss 0.9670
Epoch 6, Batch 599/627, Grad Norms near zero: 12, Lx 0.5140, Lu 0.5314, Pentalty 0.1102, loss 1.0564
Epoch 6, Batch 600/627, Grad Norms near zero: 12, Lx 0.4087, Lu 0.5575, Pentalty 0.1047, loss 0.9767
Epoch 6, Batch 601/627, Grad Norms near zero: 12, Lx 0.5486, Lu 0.4596, Pentalty 0.1493, loss 1.0231
Epoch 6, Batch 602/627, Grad Norms near zero: 12, Lx 0.5110, Lu 0.6267, Pentalty 0.2579, loss 1.1635
Epoch 6, Batch 603/627, Grad Norms near zero: 12, Lx 0.5028, Lu 0.2835, Pentalty 0.1893, loss 0.8052
Epoch 6, Batch 604/627, Grad Norms near zero: 12, Lx 0.5726, Lu 0.3993, Pentalty 0.2045, loss 0.9924
Epoch 6, Batch 605/627, Grad Norms near zero: 12, Lx 0.4956, Lu 0.4240, Pentalty 0.1618, loss 0.9357
Epoch 6, Batch 606/627, Grad Norms near zero: 12, Lx 0.5111, Lu 0.3296, Pentalty 0.0851, loss 0.8492
Epoch 6, Batch 607/627, Grad Norms near zero: 12, Lx 0.4254, Lu 0.2715, Pentalty 0.1105, loss 0.7080
Epoch 6, Batch 608/627, Grad Norms near zero: 12, Lx 0.4404, Lu 0.4090, Pentalty 0.1393, loss 0.8634
Epoch 6, Batch 609/627, Grad Norms near zero: 12, Lx 0.4438, Lu 0.4259, Pentalty 0.1744, loss 0.8871
Epoch 6, Batch 610/627, Grad Norms near zero: 12, Lx 0.4525, Lu 0.1773, Pentalty 0.1609, loss 0.6459
Epoch 6, Batch 611/627, Grad Norms near zero: 12, Lx 0.4304, Lu 0.1848, Pentalty 0.1735, loss 0.6325
Epoch 6, Batch 612/627, Grad Norms near zero: 12, Lx 0.5292, Lu 0.4171, Pentalty 0.1240, loss 0.9586
Epoch 6, Batch 613/627, Grad Norms near zero: 12, Lx 0.4472, Lu 0.2754, Pentalty 0.0899, loss 0.7316
Epoch 6, Batch 614/627, Grad Norms near zero: 12, Lx 0.5570, Lu 0.3995, Pentalty 0.0843, loss 0.9649
Epoch 6, Batch 615/627, Grad Norms near zero: 12, Lx 0.4984, Lu 0.3123, Pentalty 0.1691, loss 0.8275
Epoch 6, Batch 616/627, Grad Norms near zero: 12, Lx 0.5370, Lu 0.4028, Pentalty 0.1139, loss 0.9512
Epoch 6, Batch 617/627, Grad Norms near zero: 12, Lx 0.4158, Lu 0.2176, Pentalty 0.1996, loss 0.6533
Epoch 6, Batch 618/627, Grad Norms near zero: 12, Lx 0.4443, Lu 0.2610, Pentalty 0.2431, loss 0.7297
Epoch 6, Batch 619/627, Grad Norms near zero: 12, Lx 0.5124, Lu 0.2746, Pentalty 0.0733, loss 0.7944
Epoch 6, Batch 620/627, Grad Norms near zero: 12, Lx 0.4990, Lu 0.3053, Pentalty 0.1097, loss 0.8153
Epoch 6, Batch 621/627, Grad Norms near zero: 12, Lx 0.6026, Lu 0.6243, Pentalty 0.1987, loss 1.2467
Epoch 6, Batch 622/627, Grad Norms near zero: 12, Lx 0.5409, Lu 0.4886, Pentalty 0.1378, loss 1.0433
Epoch 6, Batch 623/627, Grad Norms near zero: 12, Lx 0.5234, Lu 0.3647, Pentalty 0.2611, loss 0.9142
Epoch 6, Batch 624/627, Grad Norms near zero: 12, Lx 0.3636, Lu 0.2927, Pentalty 0.2050, loss 0.6768
Epoch 6, Batch 625/627, Grad Norms near zero: 12, Lx 0.4499, Lu 0.2647, Pentalty 0.1697, loss 0.7316
Epoch 6, Batch 626/627, Grad Norms near zero: 12, Lx 0.5876, Lu 0.3597, Pentalty 0.1162, loss 0.9589
Epoch 6, Batch 627/627, Grad Norms near zero: 12, Lx 0.5255, Lu 0.2167, Pentalty 0.1775, loss 0.7600
Evaluating models at epoch 6
Test data size: 10000
Epoch: 6, Test Accuracy: 0.4961, Test F1 Score: 0.3290
Evaluating training data at epoch 6 for Model 1
Evaluating training data at epoch 6 for Model 2
Training for Network 1
labelled data size: 20227
unlabelled data size: 19773
Epoch 7, Batch 1/633, Grad Norms near zero: 12, Lx 2.0500, Lu 6.7388, Pentalty 0.4608, loss 8.8349
Epoch 7, Batch 2/633, Grad Norms near zero: 12, Lx 1.5627, Lu 5.6474, Pentalty 0.2706, loss 7.2371
Epoch 7, Batch 3/633, Grad Norms near zero: 12, Lx 1.2440, Lu 4.1409, Pentalty 0.1287, loss 5.3977
Epoch 7, Batch 4/633, Grad Norms near zero: 12, Lx 1.1182, Lu 4.0265, Pentalty 0.0623, loss 5.1510
Epoch 7, Batch 5/633, Grad Norms near zero: 12, Lx 0.5352, Lu 0.9781, Pentalty 0.0241, loss 1.5157
Epoch 7, Batch 6/633, Grad Norms near zero: 12, Lx 0.4325, Lu 0.9949, Pentalty 0.0558, loss 1.4329
Epoch 7, Batch 7/633, Grad Norms near zero: 12, Lx 0.2836, Lu 0.1817, Pentalty 0.2967, loss 0.4950
Epoch 7, Batch 8/633, Grad Norms near zero: 13, Lx 0.2943, Lu 0.1097, Pentalty 0.5453, loss 0.4585
Epoch 7, Batch 9/633, Grad Norms near zero: 12, Lx 0.3551, Lu 0.1229, Pentalty 0.7789, loss 0.5558
Epoch 7, Batch 10/633, Grad Norms near zero: 12, Lx 0.2276, Lu 0.0303, Pentalty 0.9750, loss 0.3554
Epoch 7, Batch 11/633, Grad Norms near zero: 12, Lx 0.5611, Lu 0.2358, Pentalty 1.2648, loss 0.9234
Epoch 7, Batch 12/633, Grad Norms near zero: 13, Lx 0.3282, Lu 0.3268, Pentalty 1.2370, loss 0.7787
Epoch 7, Batch 13/633, Grad Norms near zero: 12, Lx 0.3863, Lu 0.2643, Pentalty 1.3689, loss 0.7875
Epoch 7, Batch 14/633, Grad Norms near zero: 12, Lx 0.3300, Lu 0.1259, Pentalty 1.5387, loss 0.6097
Epoch 7, Batch 15/633, Grad Norms near zero: 12, Lx 0.5473, Lu 0.2165, Pentalty 1.3504, loss 0.8989
Epoch 7, Batch 16/633, Grad Norms near zero: 13, Lx 0.3691, Lu 0.1110, Pentalty 1.3150, loss 0.6116
Epoch 7, Batch 17/633, Grad Norms near zero: 12, Lx 0.6117, Lu 0.2938, Pentalty 1.1245, loss 1.0180
Epoch 7, Batch 18/633, Grad Norms near zero: 12, Lx 0.4216, Lu 0.3140, Pentalty 0.9960, loss 0.8352
Epoch 7, Batch 19/633, Grad Norms near zero: 12, Lx 0.3985, Lu 0.2463, Pentalty 0.7672, loss 0.7215
Epoch 7, Batch 20/633, Grad Norms near zero: 12, Lx 0.5083, Lu 0.1883, Pentalty 0.8115, loss 0.7777
Epoch 7, Batch 21/633, Grad Norms near zero: 12, Lx 0.3391, Lu 0.1247, Pentalty 0.5949, loss 0.5232
Epoch 7, Batch 22/633, Grad Norms near zero: 12, Lx 0.4780, Lu 0.4883, Pentalty 0.1405, loss 0.9803
Epoch 7, Batch 23/633, Grad Norms near zero: 12, Lx 0.4336, Lu 0.5333, Pentalty 0.1328, loss 0.9801
Epoch 7, Batch 24/633, Grad Norms near zero: 12, Lx 0.4291, Lu 0.2567, Pentalty 0.3387, loss 0.7197
Epoch 7, Batch 25/633, Grad Norms near zero: 12, Lx 0.3374, Lu 0.2047, Pentalty 0.5924, loss 0.6013
Epoch 7, Batch 26/633, Grad Norms near zero: 12, Lx 0.1176, Lu 0.0463, Pentalty 0.6953, loss 0.2335
Epoch 7, Batch 27/633, Grad Norms near zero: 12, Lx 0.5919, Lu 0.2184, Pentalty 0.8685, loss 0.8971
Epoch 7, Batch 28/633, Grad Norms near zero: 12, Lx 0.3810, Lu 0.0975, Pentalty 0.9225, loss 0.5707
Epoch 7, Batch 29/633, Grad Norms near zero: 12, Lx 0.6749, Lu 0.2247, Pentalty 1.2880, loss 1.0284
Epoch 7, Batch 30/633, Grad Norms near zero: 12, Lx 0.5360, Lu 0.3077, Pentalty 1.0761, loss 0.9514
Epoch 7, Batch 31/633, Grad Norms near zero: 12, Lx 0.4604, Lu 0.3522, Pentalty 1.0915, loss 0.9217
Epoch 7, Batch 32/633, Grad Norms near zero: 12, Lx 0.3549, Lu 0.1379, Pentalty 0.9064, loss 0.5834
Epoch 7, Batch 33/633, Grad Norms near zero: 12, Lx 0.3518, Lu 0.1146, Pentalty 0.9709, loss 0.5635
Epoch 7, Batch 34/633, Grad Norms near zero: 12, Lx 0.4575, Lu 0.2176, Pentalty 0.9194, loss 0.7670
Epoch 7, Batch 35/633, Grad Norms near zero: 12, Lx 0.3442, Lu 0.2816, Pentalty 0.6344, loss 0.6892
Epoch 7, Batch 36/633, Grad Norms near zero: 12, Lx 0.2753, Lu 0.0728, Pentalty 0.4893, loss 0.3971
Epoch 7, Batch 37/633, Grad Norms near zero: 13, Lx 0.3832, Lu 0.1284, Pentalty 0.4786, loss 0.5595
Epoch 7, Batch 38/633, Grad Norms near zero: 12, Lx 0.3645, Lu 0.1884, Pentalty 0.3876, loss 0.5917
Epoch 7, Batch 39/633, Grad Norms near zero: 12, Lx 0.3560, Lu 0.2650, Pentalty 0.3721, loss 0.6583
Epoch 7, Batch 40/633, Grad Norms near zero: 12, Lx 0.2570, Lu 0.1763, Pentalty 0.3341, loss 0.4667
Epoch 7, Batch 41/633, Grad Norms near zero: 12, Lx 0.3783, Lu 0.2180, Pentalty 0.3727, loss 0.6335
Epoch 7, Batch 42/633, Grad Norms near zero: 13, Lx 0.3170, Lu 0.1412, Pentalty 0.4263, loss 0.5008
Epoch 7, Batch 43/633, Grad Norms near zero: 13, Lx 0.3555, Lu 0.1784, Pentalty 0.4661, loss 0.5805
Epoch 7, Batch 44/633, Grad Norms near zero: 13, Lx 0.3104, Lu 0.1188, Pentalty 0.4308, loss 0.4722
Epoch 7, Batch 45/633, Grad Norms near zero: 12, Lx 0.3449, Lu 0.1951, Pentalty 0.5046, loss 0.5905
Epoch 7, Batch 46/633, Grad Norms near zero: 12, Lx 0.3941, Lu 0.1568, Pentalty 0.4772, loss 0.5986
Epoch 7, Batch 47/633, Grad Norms near zero: 13, Lx 0.3247, Lu 0.1262, Pentalty 0.5549, loss 0.5064
Epoch 7, Batch 48/633, Grad Norms near zero: 12, Lx 0.4962, Lu 0.1532, Pentalty 0.5131, loss 0.7008
Epoch 7, Batch 49/633, Grad Norms near zero: 12, Lx 0.2440, Lu 0.0369, Pentalty 0.6466, loss 0.3455
Epoch 7, Batch 50/633, Grad Norms near zero: 14, Lx 0.2751, Lu 0.0883, Pentalty 0.6219, loss 0.4255
Epoch 7, Batch 51/633, Grad Norms near zero: 12, Lx 0.5132, Lu 0.1597, Pentalty 0.5997, loss 0.7329
Epoch 7, Batch 52/633, Grad Norms near zero: 12, Lx 0.3052, Lu 0.0870, Pentalty 0.5544, loss 0.4476
Epoch 7, Batch 53/633, Grad Norms near zero: 13, Lx 0.3374, Lu 0.0929, Pentalty 0.5919, loss 0.4895
Epoch 7, Batch 54/633, Grad Norms near zero: 13, Lx 0.2541, Lu 0.1146, Pentalty 0.5742, loss 0.4261
Epoch 7, Batch 55/633, Grad Norms near zero: 12, Lx 0.4382, Lu 0.2109, Pentalty 0.4088, loss 0.6899
Epoch 7, Batch 56/633, Grad Norms near zero: 13, Lx 0.3830, Lu 0.1306, Pentalty 0.5164, loss 0.5653
Epoch 7, Batch 57/633, Grad Norms near zero: 13, Lx 0.3487, Lu 0.0999, Pentalty 0.4340, loss 0.4920
Epoch 7, Batch 58/633, Grad Norms near zero: 12, Lx 0.3835, Lu 0.2346, Pentalty 0.3757, loss 0.6558
Epoch 7, Batch 59/633, Grad Norms near zero: 13, Lx 0.3238, Lu 0.0860, Pentalty 0.4388, loss 0.4537
Epoch 7, Batch 60/633, Grad Norms near zero: 12, Lx 0.3397, Lu 0.1183, Pentalty 0.4282, loss 0.5008
Epoch 7, Batch 61/633, Grad Norms near zero: 13, Lx 0.3009, Lu 0.2078, Pentalty 0.5003, loss 0.5587
Epoch 7, Batch 62/633, Grad Norms near zero: 12, Lx 0.2671, Lu 0.2345, Pentalty 0.3786, loss 0.5394
Epoch 7, Batch 63/633, Grad Norms near zero: 12, Lx 0.2458, Lu 0.0867, Pentalty 0.4586, loss 0.3784
Epoch 7, Batch 64/633, Grad Norms near zero: 13, Lx 0.3354, Lu 0.1877, Pentalty 0.5181, loss 0.5748
Epoch 7, Batch 65/633, Grad Norms near zero: 13, Lx 0.3686, Lu 0.2443, Pentalty 0.5067, loss 0.6635
Epoch 7, Batch 66/633, Grad Norms near zero: 12, Lx 0.3988, Lu 0.1716, Pentalty 0.5347, loss 0.6238
Epoch 7, Batch 67/633, Grad Norms near zero: 12, Lx 0.2722, Lu 0.0782, Pentalty 0.5201, loss 0.4024
Epoch 7, Batch 68/633, Grad Norms near zero: 13, Lx 0.2402, Lu 0.0573, Pentalty 0.5758, loss 0.3551
Epoch 7, Batch 69/633, Grad Norms near zero: 14, Lx 0.2068, Lu 0.0626, Pentalty 0.6235, loss 0.3318
Epoch 7, Batch 70/633, Grad Norms near zero: 13, Lx 0.3336, Lu 0.2073, Pentalty 0.5983, loss 0.6007
Epoch 7, Batch 71/633, Grad Norms near zero: 13, Lx 0.2620, Lu 0.0727, Pentalty 0.6325, loss 0.3980
Epoch 7, Batch 72/633, Grad Norms near zero: 13, Lx 0.2419, Lu 0.0784, Pentalty 0.5803, loss 0.3784
Epoch 7, Batch 73/633, Grad Norms near zero: 12, Lx 0.3910, Lu 0.2484, Pentalty 0.5933, loss 0.6987
Epoch 7, Batch 74/633, Grad Norms near zero: 12, Lx 0.3813, Lu 0.1364, Pentalty 0.5726, loss 0.5750
Epoch 7, Batch 75/633, Grad Norms near zero: 12, Lx 0.4412, Lu 0.3139, Pentalty 0.5572, loss 0.8108
Epoch 7, Batch 76/633, Grad Norms near zero: 12, Lx 0.2355, Lu 0.0678, Pentalty 0.5144, loss 0.3548
Epoch 7, Batch 77/633, Grad Norms near zero: 12, Lx 0.5287, Lu 0.2834, Pentalty 0.4985, loss 0.8620
Epoch 7, Batch 78/633, Grad Norms near zero: 13, Lx 0.3709, Lu 0.1542, Pentalty 0.4769, loss 0.5727
Epoch 7, Batch 79/633, Grad Norms near zero: 13, Lx 0.4073, Lu 0.1987, Pentalty 0.4164, loss 0.6477
Epoch 7, Batch 80/633, Grad Norms near zero: 13, Lx 0.4115, Lu 0.1175, Pentalty 0.3414, loss 0.5631
Epoch 7, Batch 81/633, Grad Norms near zero: 12, Lx 0.2812, Lu 0.1390, Pentalty 0.3659, loss 0.4569
Epoch 7, Batch 82/633, Grad Norms near zero: 12, Lx 0.4325, Lu 0.1879, Pentalty 0.3307, loss 0.6535
Epoch 7, Batch 83/633, Grad Norms near zero: 12, Lx 0.3536, Lu 0.1802, Pentalty 0.3125, loss 0.5651
Epoch 7, Batch 84/633, Grad Norms near zero: 12, Lx 0.2877, Lu 0.1796, Pentalty 0.3594, loss 0.5033
Epoch 7, Batch 85/633, Grad Norms near zero: 12, Lx 0.4191, Lu 0.2685, Pentalty 0.3178, loss 0.7194
Epoch 7, Batch 86/633, Grad Norms near zero: 12, Lx 0.3762, Lu 0.1453, Pentalty 0.4491, loss 0.5663
Epoch 7, Batch 87/633, Grad Norms near zero: 14, Lx 0.3455, Lu 0.1105, Pentalty 0.4432, loss 0.5003
Epoch 7, Batch 88/633, Grad Norms near zero: 13, Lx 0.3457, Lu 0.1235, Pentalty 0.4973, loss 0.5189
Epoch 7, Batch 89/633, Grad Norms near zero: 13, Lx 0.3444, Lu 0.1609, Pentalty 0.5469, loss 0.5599
Epoch 7, Batch 90/633, Grad Norms near zero: 12, Lx 0.4006, Lu 0.1383, Pentalty 0.5672, loss 0.5956
Epoch 7, Batch 91/633, Grad Norms near zero: 12, Lx 0.3894, Lu 0.2500, Pentalty 0.5043, loss 0.6899
Epoch 7, Batch 92/633, Grad Norms near zero: 13, Lx 0.2842, Lu 0.0792, Pentalty 0.5791, loss 0.4213
Epoch 7, Batch 93/633, Grad Norms near zero: 14, Lx 0.2809, Lu 0.0723, Pentalty 0.5648, loss 0.4096
Epoch 7, Batch 94/633, Grad Norms near zero: 12, Lx 0.3628, Lu 0.1056, Pentalty 0.5830, loss 0.5267
Epoch 7, Batch 95/633, Grad Norms near zero: 13, Lx 0.3346, Lu 0.2028, Pentalty 0.5641, loss 0.5939
Epoch 7, Batch 96/633, Grad Norms near zero: 12, Lx 0.4034, Lu 0.1698, Pentalty 0.5644, loss 0.6296
Epoch 7, Batch 97/633, Grad Norms near zero: 12, Lx 0.4405, Lu 0.2287, Pentalty 0.5079, loss 0.7200
Epoch 7, Batch 98/633, Grad Norms near zero: 13, Lx 0.4386, Lu 0.2167, Pentalty 0.4845, loss 0.7038
Epoch 7, Batch 99/633, Grad Norms near zero: 12, Lx 0.3359, Lu 0.1380, Pentalty 0.4021, loss 0.5141
Epoch 7, Batch 100/633, Grad Norms near zero: 12, Lx 0.4442, Lu 0.2543, Pentalty 0.3476, loss 0.7333
Epoch 7, Batch 101/633, Grad Norms near zero: 13, Lx 0.3365, Lu 0.1760, Pentalty 0.4131, loss 0.5537
Epoch 7, Batch 102/633, Grad Norms near zero: 13, Lx 0.3943, Lu 0.1672, Pentalty 0.3982, loss 0.6013
Epoch 7, Batch 103/633, Grad Norms near zero: 12, Lx 0.2820, Lu 0.1160, Pentalty 0.4328, loss 0.4414
Epoch 7, Batch 104/633, Grad Norms near zero: 13, Lx 0.3004, Lu 0.1144, Pentalty 0.4136, loss 0.4561
Epoch 7, Batch 105/633, Grad Norms near zero: 12, Lx 0.2479, Lu 0.1065, Pentalty 0.4453, loss 0.3989
Epoch 7, Batch 106/633, Grad Norms near zero: 12, Lx 0.4247, Lu 0.1934, Pentalty 0.4179, loss 0.6599
Epoch 7, Batch 107/633, Grad Norms near zero: 13, Lx 0.4025, Lu 0.2136, Pentalty 0.4236, loss 0.6584
Epoch 7, Batch 108/633, Grad Norms near zero: 12, Lx 0.3348, Lu 0.1426, Pentalty 0.3390, loss 0.5113
Epoch 7, Batch 109/633, Grad Norms near zero: 13, Lx 0.4121, Lu 0.1984, Pentalty 0.4338, loss 0.6538
Epoch 7, Batch 110/633, Grad Norms near zero: 12, Lx 0.3041, Lu 0.0985, Pentalty 0.4360, loss 0.4462
Epoch 7, Batch 111/633, Grad Norms near zero: 12, Lx 0.2205, Lu 0.0481, Pentalty 0.5601, loss 0.3246
Epoch 7, Batch 112/633, Grad Norms near zero: 12, Lx 0.3599, Lu 0.1257, Pentalty 0.4613, loss 0.5318
Epoch 7, Batch 113/633, Grad Norms near zero: 13, Lx 0.4315, Lu 0.1806, Pentalty 0.5646, loss 0.6686
Epoch 7, Batch 114/633, Grad Norms near zero: 13, Lx 0.1641, Lu 0.0300, Pentalty 0.6055, loss 0.2547
Epoch 7, Batch 115/633, Grad Norms near zero: 12, Lx 0.2763, Lu 0.0855, Pentalty 0.5519, loss 0.4170
Epoch 7, Batch 116/633, Grad Norms near zero: 12, Lx 0.3609, Lu 0.1827, Pentalty 0.5540, loss 0.5990
Epoch 7, Batch 117/633, Grad Norms near zero: 14, Lx 0.2419, Lu 0.0506, Pentalty 0.6153, loss 0.3541
Epoch 7, Batch 118/633, Grad Norms near zero: 12, Lx 0.3796, Lu 0.2467, Pentalty 0.5576, loss 0.6821
Epoch 7, Batch 119/633, Grad Norms near zero: 13, Lx 0.3857, Lu 0.1446, Pentalty 0.5547, loss 0.5858
Epoch 7, Batch 120/633, Grad Norms near zero: 13, Lx 0.2354, Lu 0.0427, Pentalty 0.5793, loss 0.3360
Epoch 7, Batch 121/633, Grad Norms near zero: 14, Lx 0.3164, Lu 0.1439, Pentalty 0.5414, loss 0.5144
Epoch 7, Batch 122/633, Grad Norms near zero: 14, Lx 0.3274, Lu 0.0760, Pentalty 0.5035, loss 0.4537
Epoch 7, Batch 123/633, Grad Norms near zero: 12, Lx 0.4865, Lu 0.2516, Pentalty 0.4647, loss 0.7846
Epoch 7, Batch 124/633, Grad Norms near zero: 13, Lx 0.3478, Lu 0.1904, Pentalty 0.4318, loss 0.5813
Epoch 7, Batch 125/633, Grad Norms near zero: 13, Lx 0.4662, Lu 0.2286, Pentalty 0.4037, loss 0.7352
Epoch 7, Batch 126/633, Grad Norms near zero: 12, Lx 0.2124, Lu 0.0709, Pentalty 0.4570, loss 0.3290
Epoch 7, Batch 127/633, Grad Norms near zero: 13, Lx 0.4235, Lu 0.1750, Pentalty 0.3810, loss 0.6366
Epoch 7, Batch 128/633, Grad Norms near zero: 12, Lx 0.3496, Lu 0.2009, Pentalty 0.3494, loss 0.5854
Epoch 7, Batch 129/633, Grad Norms near zero: 12, Lx 0.4402, Lu 0.2125, Pentalty 0.3160, loss 0.6843
Epoch 7, Batch 130/633, Grad Norms near zero: 12, Lx 0.2619, Lu 0.1303, Pentalty 0.3684, loss 0.4291
Epoch 7, Batch 131/633, Grad Norms near zero: 12, Lx 0.3229, Lu 0.1215, Pentalty 0.3792, loss 0.4823
Epoch 7, Batch 132/633, Grad Norms near zero: 12, Lx 0.2686, Lu 0.1143, Pentalty 0.3744, loss 0.4204
Epoch 7, Batch 133/633, Grad Norms near zero: 12, Lx 0.4555, Lu 0.2574, Pentalty 0.3484, loss 0.7478
Epoch 7, Batch 134/633, Grad Norms near zero: 13, Lx 0.4263, Lu 0.1879, Pentalty 0.4411, loss 0.6583
Epoch 7, Batch 135/633, Grad Norms near zero: 12, Lx 0.4016, Lu 0.2403, Pentalty 0.4515, loss 0.6870
Epoch 7, Batch 136/633, Grad Norms near zero: 12, Lx 0.4786, Lu 0.2749, Pentalty 0.4684, loss 0.8004
Epoch 7, Batch 137/633, Grad Norms near zero: 12, Lx 0.4153, Lu 0.2037, Pentalty 0.4449, loss 0.6635
Epoch 7, Batch 138/633, Grad Norms near zero: 12, Lx 0.3234, Lu 0.1641, Pentalty 0.4900, loss 0.5364
Epoch 7, Batch 139/633, Grad Norms near zero: 13, Lx 0.2234, Lu 0.0454, Pentalty 0.5459, loss 0.3234
Epoch 7, Batch 140/633, Grad Norms near zero: 13, Lx 0.5026, Lu 0.2541, Pentalty 0.4627, loss 0.8029
Epoch 7, Batch 141/633, Grad Norms near zero: 14, Lx 0.2882, Lu 0.0901, Pentalty 0.4910, loss 0.4274
Epoch 7, Batch 142/633, Grad Norms near zero: 13, Lx 0.4122, Lu 0.1463, Pentalty 0.4810, loss 0.6066
Epoch 7, Batch 143/633, Grad Norms near zero: 12, Lx 0.2586, Lu 0.0620, Pentalty 0.5211, loss 0.3727
Epoch 7, Batch 144/633, Grad Norms near zero: 12, Lx 0.4084, Lu 0.2390, Pentalty 0.4437, loss 0.6918
Epoch 7, Batch 145/633, Grad Norms near zero: 13, Lx 0.3638, Lu 0.1716, Pentalty 0.4014, loss 0.5755
Epoch 7, Batch 146/633, Grad Norms near zero: 12, Lx 0.1903, Lu 0.0539, Pentalty 0.4618, loss 0.2904
Epoch 7, Batch 147/633, Grad Norms near zero: 12, Lx 0.2812, Lu 0.1035, Pentalty 0.4107, loss 0.4257
Epoch 7, Batch 148/633, Grad Norms near zero: 13, Lx 0.3703, Lu 0.1805, Pentalty 0.3879, loss 0.5896
Epoch 7, Batch 149/633, Grad Norms near zero: 12, Lx 0.3044, Lu 0.0688, Pentalty 0.4603, loss 0.4192
Epoch 7, Batch 150/633, Grad Norms near zero: 12, Lx 0.4969, Lu 0.2156, Pentalty 0.3990, loss 0.7525
Epoch 7, Batch 151/633, Grad Norms near zero: 13, Lx 0.3964, Lu 0.2748, Pentalty 0.4166, loss 0.7128
Epoch 7, Batch 152/633, Grad Norms near zero: 12, Lx 0.3245, Lu 0.1084, Pentalty 0.4588, loss 0.4788
Epoch 7, Batch 153/633, Grad Norms near zero: 12, Lx 0.3101, Lu 0.1092, Pentalty 0.4366, loss 0.4630
Epoch 7, Batch 154/633, Grad Norms near zero: 13, Lx 0.3070, Lu 0.1053, Pentalty 0.4144, loss 0.4537
Epoch 7, Batch 155/633, Grad Norms near zero: 12, Lx 0.2237, Lu 0.0571, Pentalty 0.5042, loss 0.3313
Epoch 7, Batch 156/633, Grad Norms near zero: 12, Lx 0.3447, Lu 0.1231, Pentalty 0.4634, loss 0.5142
Epoch 7, Batch 157/633, Grad Norms near zero: 13, Lx 0.3517, Lu 0.1092, Pentalty 0.4364, loss 0.5045
Epoch 7, Batch 158/633, Grad Norms near zero: 12, Lx 0.3171, Lu 0.1074, Pentalty 0.4676, loss 0.4714
Epoch 7, Batch 159/633, Grad Norms near zero: 12, Lx 0.4398, Lu 0.2238, Pentalty 0.4632, loss 0.7099
Epoch 7, Batch 160/633, Grad Norms near zero: 13, Lx 0.4261, Lu 0.1546, Pentalty 0.4604, loss 0.6268
Epoch 7, Batch 161/633, Grad Norms near zero: 12, Lx 0.3416, Lu 0.2908, Pentalty 0.4448, loss 0.6769
Epoch 7, Batch 162/633, Grad Norms near zero: 12, Lx 0.3799, Lu 0.2577, Pentalty 0.3932, loss 0.6769
Epoch 7, Batch 163/633, Grad Norms near zero: 13, Lx 0.3387, Lu 0.1157, Pentalty 0.3983, loss 0.4942
Epoch 7, Batch 164/633, Grad Norms near zero: 12, Lx 0.3658, Lu 0.1657, Pentalty 0.3620, loss 0.5676
Epoch 7, Batch 165/633, Grad Norms near zero: 12, Lx 0.3159, Lu 0.1231, Pentalty 0.3970, loss 0.4787
Epoch 7, Batch 166/633, Grad Norms near zero: 12, Lx 0.3414, Lu 0.1089, Pentalty 0.4269, loss 0.4930
Epoch 7, Batch 167/633, Grad Norms near zero: 12, Lx 0.2571, Lu 0.0842, Pentalty 0.4673, loss 0.3880
Epoch 7, Batch 168/633, Grad Norms near zero: 12, Lx 0.3576, Lu 0.1272, Pentalty 0.4120, loss 0.5259
Epoch 7, Batch 169/633, Grad Norms near zero: 13, Lx 0.3567, Lu 0.1583, Pentalty 0.4081, loss 0.5558
Epoch 7, Batch 170/633, Grad Norms near zero: 13, Lx 0.3059, Lu 0.1703, Pentalty 0.4342, loss 0.5197
Epoch 7, Batch 171/633, Grad Norms near zero: 12, Lx 0.2523, Lu 0.0800, Pentalty 0.4920, loss 0.3815
Epoch 7, Batch 172/633, Grad Norms near zero: 13, Lx 0.3249, Lu 0.2300, Pentalty 0.4351, loss 0.5984
Epoch 7, Batch 173/633, Grad Norms near zero: 13, Lx 0.2224, Lu 0.0483, Pentalty 0.5468, loss 0.3255
Epoch 7, Batch 174/633, Grad Norms near zero: 13, Lx 0.2758, Lu 0.1036, Pentalty 0.4726, loss 0.4268
Epoch 7, Batch 175/633, Grad Norms near zero: 12, Lx 0.3940, Lu 0.1352, Pentalty 0.4657, loss 0.5758
Epoch 7, Batch 176/633, Grad Norms near zero: 13, Lx 0.3591, Lu 0.1662, Pentalty 0.4405, loss 0.5694
Epoch 7, Batch 177/633, Grad Norms near zero: 13, Lx 0.3551, Lu 0.1274, Pentalty 0.4381, loss 0.5263
Epoch 7, Batch 178/633, Grad Norms near zero: 12, Lx 0.4096, Lu 0.1552, Pentalty 0.4159, loss 0.6064
Epoch 7, Batch 179/633, Grad Norms near zero: 12, Lx 0.3184, Lu 0.0927, Pentalty 0.4747, loss 0.4586
Epoch 7, Batch 180/633, Grad Norms near zero: 12, Lx 0.2987, Lu 0.1069, Pentalty 0.4484, loss 0.4504
Epoch 7, Batch 181/633, Grad Norms near zero: 12, Lx 0.3535, Lu 0.1993, Pentalty 0.3877, loss 0.5916
Epoch 7, Batch 182/633, Grad Norms near zero: 12, Lx 0.3612, Lu 0.2253, Pentalty 0.3998, loss 0.6264
Epoch 7, Batch 183/633, Grad Norms near zero: 12, Lx 0.4190, Lu 0.2252, Pentalty 0.3656, loss 0.6807
Epoch 7, Batch 184/633, Grad Norms near zero: 12, Lx 0.3586, Lu 0.1785, Pentalty 0.3363, loss 0.5707
Epoch 7, Batch 185/633, Grad Norms near zero: 12, Lx 0.2131, Lu 0.0913, Pentalty 0.4262, loss 0.3470
Epoch 7, Batch 186/633, Grad Norms near zero: 13, Lx 0.3522, Lu 0.1666, Pentalty 0.3013, loss 0.5489
Epoch 7, Batch 187/633, Grad Norms near zero: 12, Lx 0.2605, Lu 0.0821, Pentalty 0.3754, loss 0.3802
Epoch 7, Batch 188/633, Grad Norms near zero: 12, Lx 0.4208, Lu 0.2217, Pentalty 0.3134, loss 0.6738
Epoch 7, Batch 189/633, Grad Norms near zero: 12, Lx 0.2682, Lu 0.0957, Pentalty 0.4194, loss 0.4059
Epoch 7, Batch 190/633, Grad Norms near zero: 12, Lx 0.4040, Lu 0.2033, Pentalty 0.3924, loss 0.6466
Epoch 7, Batch 191/633, Grad Norms near zero: 13, Lx 0.3051, Lu 0.1191, Pentalty 0.4566, loss 0.4699
Epoch 7, Batch 192/633, Grad Norms near zero: 12, Lx 0.2607, Lu 0.0829, Pentalty 0.5159, loss 0.3952
Epoch 7, Batch 193/633, Grad Norms near zero: 13, Lx 0.4156, Lu 0.2033, Pentalty 0.4692, loss 0.6658
Epoch 7, Batch 194/633, Grad Norms near zero: 12, Lx 0.3406, Lu 0.1124, Pentalty 0.5212, loss 0.5051
Epoch 7, Batch 195/633, Grad Norms near zero: 12, Lx 0.4264, Lu 0.2493, Pentalty 0.4685, loss 0.7225
Epoch 7, Batch 196/633, Grad Norms near zero: 12, Lx 0.2993, Lu 0.1443, Pentalty 0.5187, loss 0.4955
Epoch 7, Batch 197/633, Grad Norms near zero: 13, Lx 0.3610, Lu 0.1334, Pentalty 0.4832, loss 0.5427
Epoch 7, Batch 198/633, Grad Norms near zero: 14, Lx 0.2906, Lu 0.0977, Pentalty 0.4968, loss 0.4379
Epoch 7, Batch 199/633, Grad Norms near zero: 12, Lx 0.2875, Lu 0.0764, Pentalty 0.5115, loss 0.4151
Epoch 7, Batch 200/633, Grad Norms near zero: 13, Lx 0.3243, Lu 0.0840, Pentalty 0.4747, loss 0.4557
Epoch 7, Batch 201/633, Grad Norms near zero: 13, Lx 0.3530, Lu 0.2360, Pentalty 0.4054, loss 0.6295
Epoch 7, Batch 202/633, Grad Norms near zero: 12, Lx 0.4480, Lu 0.1664, Pentalty 0.4174, loss 0.6561
Epoch 7, Batch 203/633, Grad Norms near zero: 13, Lx 0.3592, Lu 0.1205, Pentalty 0.3897, loss 0.5186
Epoch 7, Batch 204/633, Grad Norms near zero: 12, Lx 0.2645, Lu 0.0852, Pentalty 0.4006, loss 0.3898
Epoch 7, Batch 205/633, Grad Norms near zero: 12, Lx 0.3376, Lu 0.1275, Pentalty 0.3793, loss 0.5030
Epoch 7, Batch 206/633, Grad Norms near zero: 12, Lx 0.2230, Lu 0.0842, Pentalty 0.4446, loss 0.3516
Epoch 7, Batch 207/633, Grad Norms near zero: 13, Lx 0.4241, Lu 0.1617, Pentalty 0.3803, loss 0.6238
Epoch 7, Batch 208/633, Grad Norms near zero: 13, Lx 0.3417, Lu 0.1418, Pentalty 0.3886, loss 0.5224
Epoch 7, Batch 209/633, Grad Norms near zero: 12, Lx 0.2586, Lu 0.0695, Pentalty 0.4809, loss 0.3761
Epoch 7, Batch 210/633, Grad Norms near zero: 13, Lx 0.4519, Lu 0.1967, Pentalty 0.3994, loss 0.6886
Epoch 7, Batch 211/633, Grad Norms near zero: 12, Lx 0.2101, Lu 0.0478, Pentalty 0.5366, loss 0.3115
Epoch 7, Batch 212/633, Grad Norms near zero: 13, Lx 0.3805, Lu 0.1586, Pentalty 0.4363, loss 0.5827
Epoch 7, Batch 213/633, Grad Norms near zero: 12, Lx 0.5017, Lu 0.2243, Pentalty 0.4677, loss 0.7728
Epoch 7, Batch 214/633, Grad Norms near zero: 13, Lx 0.4333, Lu 0.2226, Pentalty 0.4563, loss 0.7015
Epoch 7, Batch 215/633, Grad Norms near zero: 14, Lx 0.2864, Lu 0.0635, Pentalty 0.5339, loss 0.4033
Epoch 7, Batch 216/633, Grad Norms near zero: 12, Lx 0.3093, Lu 0.1427, Pentalty 0.4710, loss 0.4991
Epoch 7, Batch 217/633, Grad Norms near zero: 13, Lx 0.3350, Lu 0.1725, Pentalty 0.4332, loss 0.5508
Epoch 7, Batch 218/633, Grad Norms near zero: 13, Lx 0.3931, Lu 0.2220, Pentalty 0.4090, loss 0.6560
Epoch 7, Batch 219/633, Grad Norms near zero: 12, Lx 0.3888, Lu 0.1367, Pentalty 0.4549, loss 0.5710
Epoch 7, Batch 220/633, Grad Norms near zero: 13, Lx 0.4854, Lu 0.1721, Pentalty 0.3963, loss 0.6970
Epoch 7, Batch 221/633, Grad Norms near zero: 13, Lx 0.3396, Lu 0.0989, Pentalty 0.4593, loss 0.4844
Epoch 7, Batch 222/633, Grad Norms near zero: 12, Lx 0.2421, Lu 0.0505, Pentalty 0.4978, loss 0.3424
Epoch 7, Batch 223/633, Grad Norms near zero: 12, Lx 0.2446, Lu 0.0755, Pentalty 0.4534, loss 0.3655
Epoch 7, Batch 224/633, Grad Norms near zero: 13, Lx 0.3549, Lu 0.1355, Pentalty 0.3933, loss 0.5297
Epoch 7, Batch 225/633, Grad Norms near zero: 12, Lx 0.3592, Lu 0.1105, Pentalty 0.4686, loss 0.5166
Epoch 7, Batch 226/633, Grad Norms near zero: 12, Lx 0.2106, Lu 0.0621, Pentalty 0.5132, loss 0.3240
Epoch 7, Batch 227/633, Grad Norms near zero: 12, Lx 0.3231, Lu 0.0587, Pentalty 0.4962, loss 0.4314
Epoch 7, Batch 228/633, Grad Norms near zero: 13, Lx 0.3633, Lu 0.1130, Pentalty 0.4821, loss 0.5245
Epoch 7, Batch 229/633, Grad Norms near zero: 14, Lx 0.2011, Lu 0.0278, Pentalty 0.5748, loss 0.2864
Epoch 7, Batch 230/633, Grad Norms near zero: 12, Lx 0.2244, Lu 0.0471, Pentalty 0.6017, loss 0.3317
Epoch 7, Batch 231/633, Grad Norms near zero: 14, Lx 0.2751, Lu 0.0762, Pentalty 0.5590, loss 0.4072
Epoch 7, Batch 232/633, Grad Norms near zero: 12, Lx 0.2391, Lu 0.0559, Pentalty 0.5808, loss 0.3531
Epoch 7, Batch 233/633, Grad Norms near zero: 12, Lx 0.4202, Lu 0.1708, Pentalty 0.5332, loss 0.6444
Epoch 7, Batch 234/633, Grad Norms near zero: 12, Lx 0.4511, Lu 0.1583, Pentalty 0.5213, loss 0.6615
Epoch 7, Batch 235/633, Grad Norms near zero: 13, Lx 0.2798, Lu 0.0719, Pentalty 0.5419, loss 0.4059
Epoch 7, Batch 236/633, Grad Norms near zero: 12, Lx 0.4191, Lu 0.1998, Pentalty 0.4926, loss 0.6682
Epoch 7, Batch 237/633, Grad Norms near zero: 12, Lx 0.4174, Lu 0.1967, Pentalty 0.4976, loss 0.6639
Epoch 7, Batch 238/633, Grad Norms near zero: 12, Lx 0.2474, Lu 0.0495, Pentalty 0.5362, loss 0.3505
Epoch 7, Batch 239/633, Grad Norms near zero: 13, Lx 0.3521, Lu 0.2466, Pentalty 0.4073, loss 0.6394
Epoch 7, Batch 240/633, Grad Norms near zero: 13, Lx 0.4414, Lu 0.1643, Pentalty 0.3898, loss 0.6447
Epoch 7, Batch 241/633, Grad Norms near zero: 12, Lx 0.2352, Lu 0.0638, Pentalty 0.4846, loss 0.3475
Epoch 7, Batch 242/633, Grad Norms near zero: 12, Lx 0.2517, Lu 0.0704, Pentalty 0.4665, loss 0.3688
Epoch 7, Batch 243/633, Grad Norms near zero: 12, Lx 0.1993, Lu 0.0703, Pentalty 0.4901, loss 0.3186
Epoch 7, Batch 244/633, Grad Norms near zero: 13, Lx 0.3552, Lu 0.1335, Pentalty 0.4120, loss 0.5299
Epoch 7, Batch 245/633, Grad Norms near zero: 12, Lx 0.4099, Lu 0.1669, Pentalty 0.3946, loss 0.6163
Epoch 7, Batch 246/633, Grad Norms near zero: 13, Lx 0.3081, Lu 0.0898, Pentalty 0.4469, loss 0.4425
Epoch 7, Batch 247/633, Grad Norms near zero: 12, Lx 0.3469, Lu 0.1854, Pentalty 0.4203, loss 0.5743
Epoch 7, Batch 248/633, Grad Norms near zero: 12, Lx 0.3794, Lu 0.1731, Pentalty 0.4059, loss 0.5930
Epoch 7, Batch 249/633, Grad Norms near zero: 12, Lx 0.3073, Lu 0.1820, Pentalty 0.4515, loss 0.5344
Epoch 7, Batch 250/633, Grad Norms near zero: 12, Lx 0.3511, Lu 0.1240, Pentalty 0.4888, loss 0.5240
Epoch 7, Batch 251/633, Grad Norms near zero: 12, Lx 0.4168, Lu 0.3208, Pentalty 0.4287, loss 0.7805
Epoch 7, Batch 252/633, Grad Norms near zero: 13, Lx 0.3824, Lu 0.1613, Pentalty 0.4260, loss 0.5863
Epoch 7, Batch 253/633, Grad Norms near zero: 13, Lx 0.2874, Lu 0.0764, Pentalty 0.4796, loss 0.4117
Epoch 7, Batch 254/633, Grad Norms near zero: 12, Lx 0.3373, Lu 0.0915, Pentalty 0.4229, loss 0.4711
Epoch 7, Batch 255/633, Grad Norms near zero: 12, Lx 0.4367, Lu 0.2038, Pentalty 0.3818, loss 0.6787
Epoch 7, Batch 256/633, Grad Norms near zero: 13, Lx 0.3913, Lu 0.2226, Pentalty 0.3346, loss 0.6474
Epoch 7, Batch 257/633, Grad Norms near zero: 12, Lx 0.3817, Lu 0.1721, Pentalty 0.3641, loss 0.5902
Epoch 7, Batch 258/633, Grad Norms near zero: 12, Lx 0.3869, Lu 0.1879, Pentalty 0.3462, loss 0.6095
Epoch 7, Batch 259/633, Grad Norms near zero: 12, Lx 0.1998, Lu 0.0664, Pentalty 0.4619, loss 0.3124
Epoch 7, Batch 260/633, Grad Norms near zero: 12, Lx 0.3240, Lu 0.1525, Pentalty 0.3774, loss 0.5143
Epoch 7, Batch 261/633, Grad Norms near zero: 12, Lx 0.3556, Lu 0.1558, Pentalty 0.3768, loss 0.5491
Epoch 7, Batch 262/633, Grad Norms near zero: 12, Lx 0.4352, Lu 0.2080, Pentalty 0.3602, loss 0.6792
Epoch 7, Batch 263/633, Grad Norms near zero: 12, Lx 0.3320, Lu 0.1250, Pentalty 0.4144, loss 0.4984
Epoch 7, Batch 264/633, Grad Norms near zero: 12, Lx 0.2930, Lu 0.0783, Pentalty 0.4442, loss 0.4157
Epoch 7, Batch 265/633, Grad Norms near zero: 13, Lx 0.4614, Lu 0.1866, Pentalty 0.4092, loss 0.6888
Epoch 7, Batch 266/633, Grad Norms near zero: 13, Lx 0.3757, Lu 0.2129, Pentalty 0.4226, loss 0.6309
Epoch 7, Batch 267/633, Grad Norms near zero: 13, Lx 0.3523, Lu 0.2167, Pentalty 0.4043, loss 0.6095
Epoch 7, Batch 268/633, Grad Norms near zero: 12, Lx 0.3805, Lu 0.1699, Pentalty 0.4515, loss 0.5955
Epoch 7, Batch 269/633, Grad Norms near zero: 12, Lx 0.3519, Lu 0.1575, Pentalty 0.4087, loss 0.5503
Epoch 7, Batch 270/633, Grad Norms near zero: 13, Lx 0.3963, Lu 0.1884, Pentalty 0.3808, loss 0.6228
Epoch 7, Batch 271/633, Grad Norms near zero: 12, Lx 0.2216, Lu 0.0435, Pentalty 0.5282, loss 0.3180
Epoch 7, Batch 272/633, Grad Norms near zero: 13, Lx 0.3391, Lu 0.1281, Pentalty 0.3908, loss 0.5063
Epoch 7, Batch 273/633, Grad Norms near zero: 12, Lx 0.4539, Lu 0.2227, Pentalty 0.3845, loss 0.7150
Epoch 7, Batch 274/633, Grad Norms near zero: 12, Lx 0.3758, Lu 0.1912, Pentalty 0.3774, loss 0.6047
Epoch 7, Batch 275/633, Grad Norms near zero: 12, Lx 0.3030, Lu 0.0922, Pentalty 0.4368, loss 0.4389
Epoch 7, Batch 276/633, Grad Norms near zero: 13, Lx 0.4127, Lu 0.2142, Pentalty 0.3627, loss 0.6632
Epoch 7, Batch 277/633, Grad Norms near zero: 13, Lx 0.2936, Lu 0.0772, Pentalty 0.4903, loss 0.4198
Epoch 7, Batch 278/633, Grad Norms near zero: 12, Lx 0.2137, Lu 0.0542, Pentalty 0.5501, loss 0.3228
Epoch 7, Batch 279/633, Grad Norms near zero: 12, Lx 0.1924, Lu 0.0437, Pentalty 0.5593, loss 0.2921
Epoch 7, Batch 280/633, Grad Norms near zero: 13, Lx 0.2994, Lu 0.0939, Pentalty 0.5063, loss 0.4439
Epoch 7, Batch 281/633, Grad Norms near zero: 12, Lx 0.3968, Lu 0.2274, Pentalty 0.4670, loss 0.6708
Epoch 7, Batch 282/633, Grad Norms near zero: 12, Lx 0.3420, Lu 0.2365, Pentalty 0.4398, loss 0.6225
Epoch 7, Batch 283/633, Grad Norms near zero: 12, Lx 0.3370, Lu 0.1369, Pentalty 0.4429, loss 0.5182
Epoch 7, Batch 284/633, Grad Norms near zero: 12, Lx 0.4753, Lu 0.2068, Pentalty 0.4372, loss 0.7258
Epoch 7, Batch 285/633, Grad Norms near zero: 12, Lx 0.3923, Lu 0.1809, Pentalty 0.4117, loss 0.6143
Epoch 7, Batch 286/633, Grad Norms near zero: 12, Lx 0.4211, Lu 0.2004, Pentalty 0.3875, loss 0.6603
Epoch 7, Batch 287/633, Grad Norms near zero: 12, Lx 0.3230, Lu 0.1302, Pentalty 0.4171, loss 0.4949
Epoch 7, Batch 288/633, Grad Norms near zero: 12, Lx 0.4365, Lu 0.1805, Pentalty 0.3563, loss 0.6527
Epoch 7, Batch 289/633, Grad Norms near zero: 12, Lx 0.3178, Lu 0.1644, Pentalty 0.3456, loss 0.5168
Epoch 7, Batch 290/633, Grad Norms near zero: 12, Lx 0.3667, Lu 0.2289, Pentalty 0.3277, loss 0.6284
Epoch 7, Batch 291/633, Grad Norms near zero: 14, Lx 0.3592, Lu 0.1289, Pentalty 0.3754, loss 0.5256
Epoch 7, Batch 292/633, Grad Norms near zero: 13, Lx 0.4277, Lu 0.1983, Pentalty 0.3405, loss 0.6600
Epoch 7, Batch 293/633, Grad Norms near zero: 12, Lx 0.2846, Lu 0.0909, Pentalty 0.3787, loss 0.4133
Epoch 7, Batch 294/633, Grad Norms near zero: 13, Lx 0.2894, Lu 0.0820, Pentalty 0.4347, loss 0.4148
Epoch 7, Batch 295/633, Grad Norms near zero: 12, Lx 0.2518, Lu 0.0519, Pentalty 0.4835, loss 0.3520
Epoch 7, Batch 296/633, Grad Norms near zero: 12, Lx 0.4373, Lu 0.1999, Pentalty 0.3665, loss 0.6739
Epoch 7, Batch 297/633, Grad Norms near zero: 12, Lx 0.3290, Lu 0.0818, Pentalty 0.4862, loss 0.4594
Epoch 7, Batch 298/633, Grad Norms near zero: 12, Lx 0.3207, Lu 0.1458, Pentalty 0.4062, loss 0.5071
Epoch 7, Batch 299/633, Grad Norms near zero: 12, Lx 0.4794, Lu 0.2071, Pentalty 0.4016, loss 0.7267
Epoch 7, Batch 300/633, Grad Norms near zero: 14, Lx 0.3587, Lu 0.0882, Pentalty 0.5026, loss 0.4972
Epoch 7, Batch 301/633, Grad Norms near zero: 13, Lx 0.3490, Lu 0.1194, Pentalty 0.4420, loss 0.5126
Epoch 7, Batch 302/633, Grad Norms near zero: 12, Lx 0.3563, Lu 0.1400, Pentalty 0.4250, loss 0.5387
Epoch 7, Batch 303/633, Grad Norms near zero: 12, Lx 0.2842, Lu 0.0648, Pentalty 0.5013, loss 0.3992
Epoch 7, Batch 304/633, Grad Norms near zero: 13, Lx 0.3174, Lu 0.0908, Pentalty 0.4716, loss 0.4554
Epoch 7, Batch 305/633, Grad Norms near zero: 13, Lx 0.3265, Lu 0.1157, Pentalty 0.4497, loss 0.4872
Epoch 7, Batch 306/633, Grad Norms near zero: 12, Lx 0.3044, Lu 0.0841, Pentalty 0.4637, loss 0.4348
Epoch 7, Batch 307/633, Grad Norms near zero: 12, Lx 0.3773, Lu 0.1695, Pentalty 0.3950, loss 0.5863
Epoch 7, Batch 308/633, Grad Norms near zero: 13, Lx 0.2666, Lu 0.0594, Pentalty 0.5426, loss 0.3803
Epoch 7, Batch 309/633, Grad Norms near zero: 12, Lx 0.3303, Lu 0.1857, Pentalty 0.4212, loss 0.5581
Epoch 7, Batch 310/633, Grad Norms near zero: 13, Lx 0.4279, Lu 0.1862, Pentalty 0.3771, loss 0.6518
Epoch 7, Batch 311/633, Grad Norms near zero: 13, Lx 0.3843, Lu 0.1163, Pentalty 0.4524, loss 0.5459
Epoch 7, Batch 312/633, Grad Norms near zero: 12, Lx 0.3911, Lu 0.1662, Pentalty 0.3996, loss 0.5973
Epoch 7, Batch 313/633, Grad Norms near zero: 13, Lx 0.2847, Lu 0.0665, Pentalty 0.5096, loss 0.4022
Epoch 7, Batch 314/633, Grad Norms near zero: 13, Lx 0.3870, Lu 0.2102, Pentalty 0.3967, loss 0.6368
Epoch 7, Batch 315/633, Grad Norms near zero: 13, Lx 0.4013, Lu 0.1859, Pentalty 0.3993, loss 0.6271
Epoch 7, Batch 316/633, Grad Norms near zero: 12, Lx 0.3353, Lu 0.1767, Pentalty 0.4000, loss 0.5520
Epoch 7, Batch 317/633, Grad Norms near zero: 12, Lx 0.3535, Lu 0.1345, Pentalty 0.4006, loss 0.5280
Epoch 7, Batch 318/633, Grad Norms near zero: 13, Lx 0.3302, Lu 0.1285, Pentalty 0.3890, loss 0.4977
Epoch 7, Batch 319/633, Grad Norms near zero: 12, Lx 0.3299, Lu 0.1113, Pentalty 0.4028, loss 0.4814
Epoch 7, Batch 320/633, Grad Norms near zero: 12, Lx 0.2917, Lu 0.0979, Pentalty 0.4209, loss 0.4317
Epoch 7, Batch 321/633, Grad Norms near zero: 12, Lx 0.1992, Lu 0.0456, Pentalty 0.5767, loss 0.3025
Epoch 7, Batch 322/633, Grad Norms near zero: 12, Lx 0.3565, Lu 0.1191, Pentalty 0.4308, loss 0.5187
Epoch 7, Batch 323/633, Grad Norms near zero: 12, Lx 0.3106, Lu 0.0921, Pentalty 0.4710, loss 0.4498
Epoch 7, Batch 324/633, Grad Norms near zero: 12, Lx 0.2908, Lu 0.1125, Pentalty 0.4475, loss 0.4481
Epoch 7, Batch 325/633, Grad Norms near zero: 13, Lx 0.3191, Lu 0.1464, Pentalty 0.4022, loss 0.5057
Epoch 7, Batch 326/633, Grad Norms near zero: 13, Lx 0.3578, Lu 0.0847, Pentalty 0.5035, loss 0.4929
Epoch 7, Batch 327/633, Grad Norms near zero: 12, Lx 0.3058, Lu 0.1414, Pentalty 0.4464, loss 0.4918
Epoch 7, Batch 328/633, Grad Norms near zero: 12, Lx 0.3767, Lu 0.1004, Pentalty 0.5343, loss 0.5305
Epoch 7, Batch 329/633, Grad Norms near zero: 12, Lx 0.3540, Lu 0.1586, Pentalty 0.4313, loss 0.5558
Epoch 7, Batch 330/633, Grad Norms near zero: 12, Lx 0.1541, Lu 0.0281, Pentalty 0.6603, loss 0.2482
Epoch 7, Batch 331/633, Grad Norms near zero: 12, Lx 0.2575, Lu 0.0749, Pentalty 0.5337, loss 0.3858
Epoch 7, Batch 332/633, Grad Norms near zero: 12, Lx 0.4292, Lu 0.1696, Pentalty 0.4927, loss 0.6480
Epoch 7, Batch 333/633, Grad Norms near zero: 13, Lx 0.3774, Lu 0.1805, Pentalty 0.4107, loss 0.5990
Epoch 7, Batch 334/633, Grad Norms near zero: 12, Lx 0.2583, Lu 0.1137, Pentalty 0.4795, loss 0.4200
Epoch 7, Batch 335/633, Grad Norms near zero: 12, Lx 0.3944, Lu 0.1686, Pentalty 0.3915, loss 0.6022
Epoch 7, Batch 336/633, Grad Norms near zero: 12, Lx 0.3527, Lu 0.1794, Pentalty 0.4406, loss 0.5762
Epoch 7, Batch 337/633, Grad Norms near zero: 12, Lx 0.3744, Lu 0.1419, Pentalty 0.3960, loss 0.5559
Epoch 7, Batch 338/633, Grad Norms near zero: 12, Lx 0.3928, Lu 0.1971, Pentalty 0.3598, loss 0.6259
Epoch 7, Batch 339/633, Grad Norms near zero: 12, Lx 0.2718, Lu 0.0745, Pentalty 0.4348, loss 0.3898
Epoch 7, Batch 340/633, Grad Norms near zero: 12, Lx 0.3483, Lu 0.1784, Pentalty 0.3405, loss 0.5607
Epoch 7, Batch 341/633, Grad Norms near zero: 12, Lx 0.3235, Lu 0.1211, Pentalty 0.3389, loss 0.4786
Epoch 7, Batch 342/633, Grad Norms near zero: 12, Lx 0.4375, Lu 0.2916, Pentalty 0.2834, loss 0.7574
Epoch 7, Batch 343/633, Grad Norms near zero: 12, Lx 0.3693, Lu 0.1404, Pentalty 0.3782, loss 0.5475
Epoch 7, Batch 344/633, Grad Norms near zero: 12, Lx 0.3851, Lu 0.1410, Pentalty 0.3857, loss 0.5647
Epoch 7, Batch 345/633, Grad Norms near zero: 12, Lx 0.3858, Lu 0.1494, Pentalty 0.3824, loss 0.5735
Epoch 7, Batch 346/633, Grad Norms near zero: 13, Lx 0.3189, Lu 0.1190, Pentalty 0.4291, loss 0.4808
Epoch 7, Batch 347/633, Grad Norms near zero: 13, Lx 0.3877, Lu 0.1844, Pentalty 0.4133, loss 0.6135
Epoch 7, Batch 348/633, Grad Norms near zero: 12, Lx 0.3585, Lu 0.1368, Pentalty 0.4688, loss 0.5421
Epoch 7, Batch 349/633, Grad Norms near zero: 13, Lx 0.3501, Lu 0.1013, Pentalty 0.4910, loss 0.5005
Epoch 7, Batch 350/633, Grad Norms near zero: 13, Lx 0.2992, Lu 0.0934, Pentalty 0.5138, loss 0.4440
Epoch 7, Batch 351/633, Grad Norms near zero: 12, Lx 0.3416, Lu 0.1524, Pentalty 0.5085, loss 0.5449
Epoch 7, Batch 352/633, Grad Norms near zero: 12, Lx 0.1953, Lu 0.0312, Pentalty 0.6544, loss 0.2919
Epoch 7, Batch 353/633, Grad Norms near zero: 12, Lx 0.2863, Lu 0.2039, Pentalty 0.4895, loss 0.5392
Epoch 7, Batch 354/633, Grad Norms near zero: 12, Lx 0.3923, Lu 0.1226, Pentalty 0.4787, loss 0.5628
Epoch 7, Batch 355/633, Grad Norms near zero: 13, Lx 0.3977, Lu 0.1683, Pentalty 0.4486, loss 0.6108
Epoch 7, Batch 356/633, Grad Norms near zero: 12, Lx 0.4032, Lu 0.1929, Pentalty 0.4272, loss 0.6388
Epoch 7, Batch 357/633, Grad Norms near zero: 12, Lx 0.1699, Lu 0.0442, Pentalty 0.6015, loss 0.2742
Epoch 7, Batch 358/633, Grad Norms near zero: 12, Lx 0.4159, Lu 0.1350, Pentalty 0.4216, loss 0.5931
Epoch 7, Batch 359/633, Grad Norms near zero: 13, Lx 0.2627, Lu 0.1243, Pentalty 0.4220, loss 0.4292
Epoch 7, Batch 360/633, Grad Norms near zero: 13, Lx 0.3918, Lu 0.1786, Pentalty 0.3856, loss 0.6090
Epoch 7, Batch 361/633, Grad Norms near zero: 12, Lx 0.3662, Lu 0.1501, Pentalty 0.3907, loss 0.5554
Epoch 7, Batch 362/633, Grad Norms near zero: 12, Lx 0.2918, Lu 0.1089, Pentalty 0.4085, loss 0.4416
Epoch 7, Batch 363/633, Grad Norms near zero: 12, Lx 0.2545, Lu 0.0655, Pentalty 0.4565, loss 0.3656
Epoch 7, Batch 364/633, Grad Norms near zero: 12, Lx 0.4309, Lu 0.1957, Pentalty 0.3640, loss 0.6630
Epoch 7, Batch 365/633, Grad Norms near zero: 14, Lx 0.4463, Lu 0.1907, Pentalty 0.4081, loss 0.6778
Epoch 7, Batch 366/633, Grad Norms near zero: 13, Lx 0.3626, Lu 0.1174, Pentalty 0.4257, loss 0.5225
Epoch 7, Batch 367/633, Grad Norms near zero: 12, Lx 0.1848, Lu 0.0398, Pentalty 0.5589, loss 0.2805
Epoch 7, Batch 368/633, Grad Norms near zero: 12, Lx 0.2396, Lu 0.0614, Pentalty 0.5308, loss 0.3540
Epoch 7, Batch 369/633, Grad Norms near zero: 12, Lx 0.3408, Lu 0.1626, Pentalty 0.4727, loss 0.5506
Epoch 7, Batch 370/633, Grad Norms near zero: 12, Lx 0.2469, Lu 0.0557, Pentalty 0.5589, loss 0.3584
Epoch 7, Batch 371/633, Grad Norms near zero: 12, Lx 0.3253, Lu 0.0965, Pentalty 0.5093, loss 0.4727
Epoch 7, Batch 372/633, Grad Norms near zero: 12, Lx 0.3138, Lu 0.0749, Pentalty 0.5380, loss 0.4424
Epoch 7, Batch 373/633, Grad Norms near zero: 13, Lx 0.2960, Lu 0.0722, Pentalty 0.5152, loss 0.4197
Epoch 7, Batch 374/633, Grad Norms near zero: 13, Lx 0.3031, Lu 0.1210, Pentalty 0.4706, loss 0.4712
Epoch 7, Batch 375/633, Grad Norms near zero: 12, Lx 0.4147, Lu 0.1895, Pentalty 0.4303, loss 0.6472
Epoch 7, Batch 376/633, Grad Norms near zero: 12, Lx 0.4042, Lu 0.1707, Pentalty 0.5166, loss 0.6266
Epoch 7, Batch 377/633, Grad Norms near zero: 13, Lx 0.2748, Lu 0.0806, Pentalty 0.4322, loss 0.3985
Epoch 7, Batch 378/633, Grad Norms near zero: 12, Lx 0.3566, Lu 0.1593, Pentalty 0.3945, loss 0.5554
Epoch 7, Batch 379/633, Grad Norms near zero: 13, Lx 0.2762, Lu 0.0772, Pentalty 0.4768, loss 0.4011
Epoch 7, Batch 380/633, Grad Norms near zero: 12, Lx 0.2563, Lu 0.0611, Pentalty 0.5409, loss 0.3714
Epoch 7, Batch 381/633, Grad Norms near zero: 12, Lx 0.3218, Lu 0.1080, Pentalty 0.4994, loss 0.4797
Epoch 7, Batch 382/633, Grad Norms near zero: 12, Lx 0.2264, Lu 0.0566, Pentalty 0.5439, loss 0.3374
Epoch 7, Batch 383/633, Grad Norms near zero: 12, Lx 0.3338, Lu 0.0980, Pentalty 0.4911, loss 0.4809
Epoch 7, Batch 384/633, Grad Norms near zero: 12, Lx 0.4590, Lu 0.1916, Pentalty 0.3852, loss 0.6891
Epoch 7, Batch 385/633, Grad Norms near zero: 12, Lx 0.2335, Lu 0.0462, Pentalty 0.5224, loss 0.3319
Epoch 7, Batch 386/633, Grad Norms near zero: 12, Lx 0.3450, Lu 0.1150, Pentalty 0.4947, loss 0.5095
Epoch 7, Batch 387/633, Grad Norms near zero: 13, Lx 0.2999, Lu 0.0915, Pentalty 0.4738, loss 0.4387
Epoch 7, Batch 388/633, Grad Norms near zero: 13, Lx 0.2649, Lu 0.0701, Pentalty 0.5224, loss 0.3872
Epoch 7, Batch 389/633, Grad Norms near zero: 12, Lx 0.3467, Lu 0.1500, Pentalty 0.5331, loss 0.5500
Epoch 7, Batch 390/633, Grad Norms near zero: 12, Lx 0.3428, Lu 0.1079, Pentalty 0.5495, loss 0.5057
Epoch 7, Batch 391/633, Grad Norms near zero: 14, Lx 0.2614, Lu 0.0548, Pentalty 0.6041, loss 0.3766
Epoch 7, Batch 392/633, Grad Norms near zero: 12, Lx 0.2129, Lu 0.0338, Pentalty 0.6185, loss 0.3086
Epoch 7, Batch 393/633, Grad Norms near zero: 12, Lx 0.3706, Lu 0.1583, Pentalty 0.4544, loss 0.5744
Epoch 7, Batch 394/633, Grad Norms near zero: 13, Lx 0.3654, Lu 0.1241, Pentalty 0.4851, loss 0.5380
Epoch 7, Batch 395/633, Grad Norms near zero: 14, Lx 0.2958, Lu 0.0433, Pentalty 0.5843, loss 0.3976
Epoch 7, Batch 396/633, Grad Norms near zero: 12, Lx 0.3694, Lu 0.2032, Pentalty 0.4923, loss 0.6218
Epoch 7, Batch 397/633, Grad Norms near zero: 12, Lx 0.3278, Lu 0.1814, Pentalty 0.4688, loss 0.5561
Epoch 7, Batch 398/633, Grad Norms near zero: 14, Lx 0.2821, Lu 0.0854, Pentalty 0.4367, loss 0.4111
Epoch 7, Batch 399/633, Grad Norms near zero: 12, Lx 0.2252, Lu 0.0468, Pentalty 0.5290, loss 0.3248
Epoch 7, Batch 400/633, Grad Norms near zero: 12, Lx 0.3669, Lu 0.2103, Pentalty 0.3746, loss 0.6147
Epoch 7, Batch 401/633, Grad Norms near zero: 12, Lx 0.3049, Lu 0.0810, Pentalty 0.4163, loss 0.4276
Epoch 7, Batch 402/633, Grad Norms near zero: 12, Lx 0.1719, Lu 0.0567, Pentalty 0.5298, loss 0.2816
Epoch 7, Batch 403/633, Grad Norms near zero: 12, Lx 0.3754, Lu 0.1479, Pentalty 0.3497, loss 0.5583
Epoch 7, Batch 404/633, Grad Norms near zero: 12, Lx 0.3848, Lu 0.1817, Pentalty 0.3381, loss 0.6003
Epoch 7, Batch 405/633, Grad Norms near zero: 12, Lx 0.2922, Lu 0.1034, Pentalty 0.3810, loss 0.4336
Epoch 7, Batch 406/633, Grad Norms near zero: 12, Lx 0.3727, Lu 0.1545, Pentalty 0.3713, loss 0.5643
Epoch 7, Batch 407/633, Grad Norms near zero: 13, Lx 0.3238, Lu 0.1036, Pentalty 0.4182, loss 0.4693
Epoch 7, Batch 408/633, Grad Norms near zero: 13, Lx 0.4113, Lu 0.1931, Pentalty 0.3785, loss 0.6423
Epoch 7, Batch 409/633, Grad Norms near zero: 13, Lx 0.2123, Lu 0.0501, Pentalty 0.5728, loss 0.3197
Epoch 7, Batch 410/633, Grad Norms near zero: 12, Lx 0.4077, Lu 0.2101, Pentalty 0.4168, loss 0.6595
Epoch 7, Batch 411/633, Grad Norms near zero: 12, Lx 0.3421, Lu 0.0866, Pentalty 0.5167, loss 0.4804
Epoch 7, Batch 412/633, Grad Norms near zero: 12, Lx 0.3584, Lu 0.1150, Pentalty 0.4822, loss 0.5217
Epoch 7, Batch 413/633, Grad Norms near zero: 12, Lx 0.3063, Lu 0.0891, Pentalty 0.5411, loss 0.4495
Epoch 7, Batch 414/633, Grad Norms near zero: 12, Lx 0.2008, Lu 0.0526, Pentalty 0.5356, loss 0.3070
Epoch 7, Batch 415/633, Grad Norms near zero: 12, Lx 0.3017, Lu 0.0921, Pentalty 0.4844, loss 0.4422
Epoch 7, Batch 416/633, Grad Norms near zero: 12, Lx 0.3386, Lu 0.2041, Pentalty 0.4668, loss 0.5894
Epoch 7, Batch 417/633, Grad Norms near zero: 13, Lx 0.4371, Lu 0.2188, Pentalty 0.4491, loss 0.7008
Epoch 7, Batch 418/633, Grad Norms near zero: 12, Lx 0.3310, Lu 0.1517, Pentalty 0.4306, loss 0.5257
Epoch 7, Batch 419/633, Grad Norms near zero: 12, Lx 0.2814, Lu 0.0654, Pentalty 0.5333, loss 0.4001
Epoch 7, Batch 420/633, Grad Norms near zero: 12, Lx 0.4503, Lu 0.1579, Pentalty 0.4104, loss 0.6493
Epoch 7, Batch 421/633, Grad Norms near zero: 12, Lx 0.2372, Lu 0.0496, Pentalty 0.5522, loss 0.3420
Epoch 7, Batch 422/633, Grad Norms near zero: 12, Lx 0.3461, Lu 0.1916, Pentalty 0.4124, loss 0.5789
Epoch 7, Batch 423/633, Grad Norms near zero: 13, Lx 0.3018, Lu 0.0536, Pentalty 0.5380, loss 0.4092
Epoch 7, Batch 424/633, Grad Norms near zero: 12, Lx 0.3507, Lu 0.1395, Pentalty 0.4175, loss 0.5320
Epoch 7, Batch 425/633, Grad Norms near zero: 12, Lx 0.4019, Lu 0.1832, Pentalty 0.3870, loss 0.6238
Epoch 7, Batch 426/633, Grad Norms near zero: 12, Lx 0.4210, Lu 0.1867, Pentalty 0.4044, loss 0.6482
Epoch 7, Batch 427/633, Grad Norms near zero: 13, Lx 0.3978, Lu 0.1888, Pentalty 0.3952, loss 0.6261
Epoch 7, Batch 428/633, Grad Norms near zero: 12, Lx 0.2623, Lu 0.0556, Pentalty 0.5394, loss 0.3719
Epoch 7, Batch 429/633, Grad Norms near zero: 12, Lx 0.3624, Lu 0.1171, Pentalty 0.3877, loss 0.5182
Epoch 7, Batch 430/633, Grad Norms near zero: 12, Lx 0.3938, Lu 0.1447, Pentalty 0.3559, loss 0.5741
Epoch 7, Batch 431/633, Grad Norms near zero: 12, Lx 0.3338, Lu 0.1372, Pentalty 0.4004, loss 0.5111
Epoch 7, Batch 432/633, Grad Norms near zero: 12, Lx 0.3796, Lu 0.1532, Pentalty 0.4028, loss 0.5730
Epoch 7, Batch 433/633, Grad Norms near zero: 12, Lx 0.3692, Lu 0.1437, Pentalty 0.4113, loss 0.5540
Epoch 7, Batch 434/633, Grad Norms near zero: 12, Lx 0.3275, Lu 0.1812, Pentalty 0.4337, loss 0.5521
Epoch 7, Batch 435/633, Grad Norms near zero: 12, Lx 0.3600, Lu 0.1429, Pentalty 0.4384, loss 0.5467
Epoch 7, Batch 436/633, Grad Norms near zero: 12, Lx 0.3966, Lu 0.0890, Pentalty 0.4931, loss 0.5349
Epoch 7, Batch 437/633, Grad Norms near zero: 12, Lx 0.3929, Lu 0.1846, Pentalty 0.4435, loss 0.6218
Epoch 7, Batch 438/633, Grad Norms near zero: 12, Lx 0.1956, Lu 0.0577, Pentalty 0.5519, loss 0.3085
Epoch 7, Batch 439/633, Grad Norms near zero: 12, Lx 0.4254, Lu 0.1471, Pentalty 0.4335, loss 0.6158
Epoch 7, Batch 440/633, Grad Norms near zero: 13, Lx 0.3311, Lu 0.1145, Pentalty 0.4496, loss 0.4906
Epoch 7, Batch 441/633, Grad Norms near zero: 12, Lx 0.1426, Lu 0.0257, Pentalty 0.6325, loss 0.2315
Epoch 7, Batch 442/633, Grad Norms near zero: 14, Lx 0.3405, Lu 0.1481, Pentalty 0.3615, loss 0.5248
Epoch 7, Batch 443/633, Grad Norms near zero: 14, Lx 0.2807, Lu 0.0787, Pentalty 0.4659, loss 0.4060
Epoch 7, Batch 444/633, Grad Norms near zero: 13, Lx 0.4162, Lu 0.1998, Pentalty 0.3692, loss 0.6529
Epoch 7, Batch 445/633, Grad Norms near zero: 13, Lx 0.3842, Lu 0.2171, Pentalty 0.3618, loss 0.6375
Epoch 7, Batch 446/633, Grad Norms near zero: 12, Lx 0.1699, Lu 0.0404, Pentalty 0.5907, loss 0.2693
Epoch 7, Batch 447/633, Grad Norms near zero: 13, Lx 0.4304, Lu 0.2018, Pentalty 0.3560, loss 0.6677
Epoch 7, Batch 448/633, Grad Norms near zero: 12, Lx 0.2118, Lu 0.0620, Pentalty 0.5133, loss 0.3251
Epoch 7, Batch 449/633, Grad Norms near zero: 12, Lx 0.3796, Lu 0.2127, Pentalty 0.4350, loss 0.6359
Epoch 7, Batch 450/633, Grad Norms near zero: 12, Lx 0.2567, Lu 0.0705, Pentalty 0.4878, loss 0.3759
Epoch 7, Batch 451/633, Grad Norms near zero: 13, Lx 0.3912, Lu 0.2331, Pentalty 0.3957, loss 0.6639
Epoch 7, Batch 452/633, Grad Norms near zero: 12, Lx 0.2585, Lu 0.0600, Pentalty 0.5097, loss 0.3695
Epoch 7, Batch 453/633, Grad Norms near zero: 12, Lx 0.3254, Lu 0.0949, Pentalty 0.4624, loss 0.4665
Epoch 7, Batch 454/633, Grad Norms near zero: 13, Lx 0.3732, Lu 0.1567, Pentalty 0.4087, loss 0.5708
Epoch 7, Batch 455/633, Grad Norms near zero: 13, Lx 0.3662, Lu 0.1257, Pentalty 0.4397, loss 0.5359
Epoch 7, Batch 456/633, Grad Norms near zero: 13, Lx 0.3607, Lu 0.1687, Pentalty 0.4285, loss 0.5723
Epoch 7, Batch 457/633, Grad Norms near zero: 12, Lx 0.1965, Lu 0.0281, Pentalty 0.6698, loss 0.2916
Epoch 7, Batch 458/633, Grad Norms near zero: 12, Lx 0.3209, Lu 0.0897, Pentalty 0.5041, loss 0.4610
Epoch 7, Batch 459/633, Grad Norms near zero: 12, Lx 0.1605, Lu 0.0339, Pentalty 0.6514, loss 0.2596
Epoch 7, Batch 460/633, Grad Norms near zero: 14, Lx 0.2606, Lu 0.0681, Pentalty 0.5795, loss 0.3867
Epoch 7, Batch 461/633, Grad Norms near zero: 12, Lx 0.3704, Lu 0.2074, Pentalty 0.5145, loss 0.6293
Epoch 7, Batch 462/633, Grad Norms near zero: 12, Lx 0.2477, Lu 0.0555, Pentalty 0.5621, loss 0.3594
Epoch 7, Batch 463/633, Grad Norms near zero: 12, Lx 0.3798, Lu 0.1701, Pentalty 0.4977, loss 0.5997
Epoch 7, Batch 464/633, Grad Norms near zero: 12, Lx 0.3258, Lu 0.2560, Pentalty 0.4772, loss 0.6295
Epoch 7, Batch 465/633, Grad Norms near zero: 12, Lx 0.4595, Lu 0.1975, Pentalty 0.4304, loss 0.7001
Epoch 7, Batch 466/633, Grad Norms near zero: 12, Lx 0.4046, Lu 0.2071, Pentalty 0.4056, loss 0.6523
Epoch 7, Batch 467/633, Grad Norms near zero: 12, Lx 0.3021, Lu 0.1174, Pentalty 0.4057, loss 0.4601
Epoch 7, Batch 468/633, Grad Norms near zero: 12, Lx 0.3874, Lu 0.1318, Pentalty 0.4307, loss 0.5623
Epoch 7, Batch 469/633, Grad Norms near zero: 12, Lx 0.3570, Lu 0.1156, Pentalty 0.3785, loss 0.5104
Epoch 7, Batch 470/633, Grad Norms near zero: 12, Lx 0.3702, Lu 0.1598, Pentalty 0.3485, loss 0.5649
Epoch 7, Batch 471/633, Grad Norms near zero: 12, Lx 0.3035, Lu 0.1068, Pentalty 0.4102, loss 0.4513
Epoch 7, Batch 472/633, Grad Norms near zero: 13, Lx 0.3001, Lu 0.1075, Pentalty 0.4221, loss 0.4498
Epoch 7, Batch 473/633, Grad Norms near zero: 12, Lx 0.3368, Lu 0.1470, Pentalty 0.3781, loss 0.5216
Epoch 7, Batch 474/633, Grad Norms near zero: 13, Lx 0.3221, Lu 0.1395, Pentalty 0.3753, loss 0.4991
Epoch 7, Batch 475/633, Grad Norms near zero: 12, Lx 0.3372, Lu 0.1409, Pentalty 0.3546, loss 0.5136
Epoch 7, Batch 476/633, Grad Norms near zero: 12, Lx 0.3659, Lu 0.2232, Pentalty 0.3523, loss 0.6243
Epoch 7, Batch 477/633, Grad Norms near zero: 12, Lx 0.2852, Lu 0.0842, Pentalty 0.4387, loss 0.4133
Epoch 7, Batch 478/633, Grad Norms near zero: 12, Lx 0.3173, Lu 0.1089, Pentalty 0.4269, loss 0.4688
Epoch 7, Batch 479/633, Grad Norms near zero: 12, Lx 0.1575, Lu 0.0333, Pentalty 0.6330, loss 0.2541
Epoch 7, Batch 480/633, Grad Norms near zero: 12, Lx 0.2981, Lu 0.1483, Pentalty 0.4362, loss 0.4900
Epoch 7, Batch 481/633, Grad Norms near zero: 13, Lx 0.3474, Lu 0.2111, Pentalty 0.4197, loss 0.6005
Epoch 7, Batch 482/633, Grad Norms near zero: 12, Lx 0.3546, Lu 0.1585, Pentalty 0.4220, loss 0.5553
Epoch 7, Batch 483/633, Grad Norms near zero: 14, Lx 0.3326, Lu 0.0930, Pentalty 0.4977, loss 0.4754
Epoch 7, Batch 484/633, Grad Norms near zero: 13, Lx 0.4006, Lu 0.1563, Pentalty 0.4616, loss 0.6031
Epoch 7, Batch 485/633, Grad Norms near zero: 12, Lx 0.1696, Lu 0.0219, Pentalty 0.6434, loss 0.2558
Epoch 7, Batch 486/633, Grad Norms near zero: 12, Lx 0.4278, Lu 0.1680, Pentalty 0.4593, loss 0.6418
Epoch 7, Batch 487/633, Grad Norms near zero: 12, Lx 0.1762, Lu 0.0291, Pentalty 0.6863, loss 0.2740
Epoch 7, Batch 488/633, Grad Norms near zero: 13, Lx 0.2932, Lu 0.0549, Pentalty 0.5700, loss 0.4052
Epoch 7, Batch 489/633, Grad Norms near zero: 12, Lx 0.4769, Lu 0.1722, Pentalty 0.4777, loss 0.6968
Epoch 7, Batch 490/633, Grad Norms near zero: 12, Lx 0.3768, Lu 0.0969, Pentalty 0.5002, loss 0.5237
Epoch 7, Batch 491/633, Grad Norms near zero: 12, Lx 0.2393, Lu 0.0391, Pentalty 0.6240, loss 0.3407
Epoch 7, Batch 492/633, Grad Norms near zero: 12, Lx 0.2987, Lu 0.0764, Pentalty 0.5014, loss 0.4252
Epoch 7, Batch 493/633, Grad Norms near zero: 12, Lx 0.3293, Lu 0.1149, Pentalty 0.4204, loss 0.4862
Epoch 7, Batch 494/633, Grad Norms near zero: 12, Lx 0.2327, Lu 0.0534, Pentalty 0.5348, loss 0.3395
Epoch 7, Batch 495/633, Grad Norms near zero: 12, Lx 0.2640, Lu 0.0680, Pentalty 0.5081, loss 0.3828
Epoch 7, Batch 496/633, Grad Norms near zero: 12, Lx 0.3886, Lu 0.1347, Pentalty 0.3857, loss 0.5618
Epoch 7, Batch 497/633, Grad Norms near zero: 12, Lx 0.3911, Lu 0.1261, Pentalty 0.4198, loss 0.5592
Epoch 7, Batch 498/633, Grad Norms near zero: 12, Lx 0.3759, Lu 0.1725, Pentalty 0.4423, loss 0.5926
Epoch 7, Batch 499/633, Grad Norms near zero: 12, Lx 0.3727, Lu 0.1072, Pentalty 0.4224, loss 0.5222
Epoch 7, Batch 500/633, Grad Norms near zero: 13, Lx 0.3312, Lu 0.1964, Pentalty 0.3491, loss 0.5624
Epoch 7, Batch 501/633, Grad Norms near zero: 12, Lx 0.3718, Lu 0.2020, Pentalty 0.3450, loss 0.6083
Epoch 7, Batch 502/633, Grad Norms near zero: 12, Lx 0.1311, Lu 0.0389, Pentalty 0.6164, loss 0.2316
Epoch 7, Batch 503/633, Grad Norms near zero: 12, Lx 0.3044, Lu 0.1564, Pentalty 0.3979, loss 0.5005
Epoch 7, Batch 504/633, Grad Norms near zero: 12, Lx 0.4302, Lu 0.1693, Pentalty 0.3645, loss 0.6359
Epoch 7, Batch 505/633, Grad Norms near zero: 13, Lx 0.2864, Lu 0.0745, Pentalty 0.5092, loss 0.4118
Epoch 7, Batch 506/633, Grad Norms near zero: 13, Lx 0.2480, Lu 0.0481, Pentalty 0.5656, loss 0.3527
Epoch 7, Batch 507/633, Grad Norms near zero: 13, Lx 0.3041, Lu 0.0848, Pentalty 0.4615, loss 0.4350
Epoch 7, Batch 508/633, Grad Norms near zero: 13, Lx 0.3218, Lu 0.1073, Pentalty 0.4695, loss 0.4760
Epoch 7, Batch 509/633, Grad Norms near zero: 13, Lx 0.3029, Lu 0.1253, Pentalty 0.4851, loss 0.4766
Epoch 7, Batch 510/633, Grad Norms near zero: 12, Lx 0.2557, Lu 0.0555, Pentalty 0.5234, loss 0.3636
Epoch 7, Batch 511/633, Grad Norms near zero: 12, Lx 0.3858, Lu 0.1715, Pentalty 0.4288, loss 0.6002
Epoch 7, Batch 512/633, Grad Norms near zero: 12, Lx 0.4569, Lu 0.2141, Pentalty 0.4276, loss 0.7138
Epoch 7, Batch 513/633, Grad Norms near zero: 12, Lx 0.4385, Lu 0.1944, Pentalty 0.3978, loss 0.6726
Epoch 7, Batch 514/633, Grad Norms near zero: 12, Lx 0.2593, Lu 0.0635, Pentalty 0.4861, loss 0.3714
Epoch 7, Batch 515/633, Grad Norms near zero: 12, Lx 0.4409, Lu 0.2447, Pentalty 0.4065, loss 0.7263
Epoch 7, Batch 516/633, Grad Norms near zero: 13, Lx 0.2546, Lu 0.0443, Pentalty 0.5228, loss 0.3511
Epoch 7, Batch 517/633, Grad Norms near zero: 13, Lx 0.4193, Lu 0.1859, Pentalty 0.3631, loss 0.6416
Epoch 7, Batch 518/633, Grad Norms near zero: 13, Lx 0.4113, Lu 0.1922, Pentalty 0.3701, loss 0.6405
Epoch 7, Batch 519/633, Grad Norms near zero: 12, Lx 0.3747, Lu 0.1852, Pentalty 0.3352, loss 0.5934
Epoch 7, Batch 520/633, Grad Norms near zero: 12, Lx 0.4155, Lu 0.2311, Pentalty 0.3241, loss 0.6790
Epoch 7, Batch 521/633, Grad Norms near zero: 12, Lx 0.2801, Lu 0.0978, Pentalty 0.4326, loss 0.4211
Epoch 7, Batch 522/633, Grad Norms near zero: 12, Lx 0.3957, Lu 0.1480, Pentalty 0.3680, loss 0.5805
Epoch 7, Batch 523/633, Grad Norms near zero: 13, Lx 0.4582, Lu 0.2136, Pentalty 0.3140, loss 0.7032
Epoch 7, Batch 524/633, Grad Norms near zero: 12, Lx 0.3771, Lu 0.1906, Pentalty 0.3170, loss 0.5994
Epoch 7, Batch 525/633, Grad Norms near zero: 12, Lx 0.1740, Lu 0.0503, Pentalty 0.5624, loss 0.2805
Epoch 7, Batch 526/633, Grad Norms near zero: 12, Lx 0.4249, Lu 0.2239, Pentalty 0.3552, loss 0.6843
Epoch 7, Batch 527/633, Grad Norms near zero: 12, Lx 0.2960, Lu 0.0619, Pentalty 0.5358, loss 0.4115
Epoch 7, Batch 528/633, Grad Norms near zero: 12, Lx 0.3942, Lu 0.1455, Pentalty 0.4493, loss 0.5847
Epoch 7, Batch 529/633, Grad Norms near zero: 12, Lx 0.3286, Lu 0.1245, Pentalty 0.4238, loss 0.4954
Epoch 7, Batch 530/633, Grad Norms near zero: 12, Lx 0.3159, Lu 0.1252, Pentalty 0.4359, loss 0.4847
Epoch 7, Batch 531/633, Grad Norms near zero: 13, Lx 0.4074, Lu 0.2336, Pentalty 0.3809, loss 0.6791
Epoch 7, Batch 532/633, Grad Norms near zero: 12, Lx 0.3377, Lu 0.1069, Pentalty 0.5123, loss 0.4959
Epoch 7, Batch 533/633, Grad Norms near zero: 14, Lx 0.3558, Lu 0.1121, Pentalty 0.4451, loss 0.5125
Epoch 7, Batch 534/633, Grad Norms near zero: 13, Lx 0.3745, Lu 0.2052, Pentalty 0.3780, loss 0.6175
Epoch 7, Batch 535/633, Grad Norms near zero: 12, Lx 0.4192, Lu 0.1753, Pentalty 0.3769, loss 0.6322
Epoch 7, Batch 536/633, Grad Norms near zero: 13, Lx 0.2866, Lu 0.1193, Pentalty 0.4299, loss 0.4488
Epoch 7, Batch 537/633, Grad Norms near zero: 12, Lx 0.2279, Lu 0.0348, Pentalty 0.5885, loss 0.3215
Epoch 7, Batch 538/633, Grad Norms near zero: 12, Lx 0.3870, Lu 0.1448, Pentalty 0.4802, loss 0.5798
Epoch 7, Batch 539/633, Grad Norms near zero: 12, Lx 0.4292, Lu 0.1337, Pentalty 0.4630, loss 0.6092
Epoch 7, Batch 540/633, Grad Norms near zero: 12, Lx 0.2508, Lu 0.0423, Pentalty 0.5409, loss 0.3472
Epoch 7, Batch 541/633, Grad Norms near zero: 13, Lx 0.2949, Lu 0.1275, Pentalty 0.3848, loss 0.4609
Epoch 7, Batch 542/633, Grad Norms near zero: 13, Lx 0.2780, Lu 0.0815, Pentalty 0.4691, loss 0.4065
Epoch 7, Batch 543/633, Grad Norms near zero: 13, Lx 0.4284, Lu 0.2199, Pentalty 0.3480, loss 0.6831
Epoch 7, Batch 544/633, Grad Norms near zero: 12, Lx 0.1753, Lu 0.0401, Pentalty 0.5875, loss 0.2742
Epoch 7, Batch 545/633, Grad Norms near zero: 13, Lx 0.2989, Lu 0.0921, Pentalty 0.4770, loss 0.4387
Epoch 7, Batch 546/633, Grad Norms near zero: 13, Lx 0.3516, Lu 0.0899, Pentalty 0.4810, loss 0.4896
Epoch 7, Batch 547/633, Grad Norms near zero: 13, Lx 0.4275, Lu 0.2154, Pentalty 0.3841, loss 0.6813
Epoch 7, Batch 548/633, Grad Norms near zero: 13, Lx 0.3747, Lu 0.1300, Pentalty 0.4326, loss 0.5480
Epoch 7, Batch 549/633, Grad Norms near zero: 14, Lx 0.2676, Lu 0.0573, Pentalty 0.5475, loss 0.3797
Epoch 7, Batch 550/633, Grad Norms near zero: 12, Lx 0.4147, Lu 0.2200, Pentalty 0.4757, loss 0.6823
Epoch 7, Batch 551/633, Grad Norms near zero: 13, Lx 0.2792, Lu 0.0992, Pentalty 0.4921, loss 0.4277
Epoch 7, Batch 552/633, Grad Norms near zero: 12, Lx 0.4891, Lu 0.1325, Pentalty 0.4649, loss 0.6681
Epoch 7, Batch 553/633, Grad Norms near zero: 12, Lx 0.3209, Lu 0.1262, Pentalty 0.4408, loss 0.4912
Epoch 7, Batch 554/633, Grad Norms near zero: 13, Lx 0.3503, Lu 0.1121, Pentalty 0.4215, loss 0.5046
Epoch 7, Batch 555/633, Grad Norms near zero: 12, Lx 0.3135, Lu 0.1352, Pentalty 0.4426, loss 0.4929
Epoch 7, Batch 556/633, Grad Norms near zero: 13, Lx 0.3086, Lu 0.0993, Pentalty 0.4716, loss 0.4550
Epoch 7, Batch 557/633, Grad Norms near zero: 12, Lx 0.4382, Lu 0.1930, Pentalty 0.4435, loss 0.6756
Epoch 7, Batch 558/633, Grad Norms near zero: 12, Lx 0.2483, Lu 0.0612, Pentalty 0.5547, loss 0.3650
Epoch 7, Batch 559/633, Grad Norms near zero: 12, Lx 0.3875, Lu 0.1495, Pentalty 0.4065, loss 0.5776
Epoch 7, Batch 560/633, Grad Norms near zero: 12, Lx 0.2162, Lu 0.0459, Pentalty 0.5018, loss 0.3123
Epoch 7, Batch 561/633, Grad Norms near zero: 12, Lx 0.3399, Lu 0.1657, Pentalty 0.3648, loss 0.5420
Epoch 7, Batch 562/633, Grad Norms near zero: 12, Lx 0.2461, Lu 0.0584, Pentalty 0.5446, loss 0.3589
Epoch 7, Batch 563/633, Grad Norms near zero: 12, Lx 0.2832, Lu 0.1037, Pentalty 0.4386, loss 0.4307
Epoch 7, Batch 564/633, Grad Norms near zero: 13, Lx 0.4295, Lu 0.1726, Pentalty 0.3763, loss 0.6397
Epoch 7, Batch 565/633, Grad Norms near zero: 13, Lx 0.3303, Lu 0.1313, Pentalty 0.4550, loss 0.5072
Epoch 7, Batch 566/633, Grad Norms near zero: 12, Lx 0.3766, Lu 0.1353, Pentalty 0.4745, loss 0.5594
Epoch 7, Batch 567/633, Grad Norms near zero: 12, Lx 0.3443, Lu 0.1227, Pentalty 0.4526, loss 0.5123
Epoch 7, Batch 568/633, Grad Norms near zero: 12, Lx 0.2275, Lu 0.0543, Pentalty 0.5225, loss 0.3341
Epoch 7, Batch 569/633, Grad Norms near zero: 12, Lx 0.3846, Lu 0.1707, Pentalty 0.4424, loss 0.5995
Epoch 7, Batch 570/633, Grad Norms near zero: 13, Lx 0.3255, Lu 0.1134, Pentalty 0.4422, loss 0.4831
Epoch 7, Batch 571/633, Grad Norms near zero: 12, Lx 0.1864, Lu 0.0387, Pentalty 0.6050, loss 0.2855
Epoch 7, Batch 572/633, Grad Norms near zero: 13, Lx 0.3192, Lu 0.0960, Pentalty 0.4596, loss 0.4611
Epoch 7, Batch 573/633, Grad Norms near zero: 12, Lx 0.3752, Lu 0.1865, Pentalty 0.4101, loss 0.6027
Epoch 7, Batch 574/633, Grad Norms near zero: 13, Lx 0.3269, Lu 0.0864, Pentalty 0.4583, loss 0.4592
Epoch 7, Batch 575/633, Grad Norms near zero: 13, Lx 0.4090, Lu 0.1737, Pentalty 0.3542, loss 0.6180
Epoch 7, Batch 576/633, Grad Norms near zero: 13, Lx 0.3691, Lu 0.1680, Pentalty 0.3588, loss 0.5730
Epoch 7, Batch 577/633, Grad Norms near zero: 13, Lx 0.3055, Lu 0.1132, Pentalty 0.4307, loss 0.4618
Epoch 7, Batch 578/633, Grad Norms near zero: 12, Lx 0.4661, Lu 0.2203, Pentalty 0.4441, loss 0.7308
Epoch 7, Batch 579/633, Grad Norms near zero: 13, Lx 0.3366, Lu 0.1472, Pentalty 0.3614, loss 0.5200
Epoch 7, Batch 580/633, Grad Norms near zero: 12, Lx 0.2872, Lu 0.0839, Pentalty 0.4824, loss 0.4194
Epoch 7, Batch 581/633, Grad Norms near zero: 12, Lx 0.3634, Lu 0.1668, Pentalty 0.4064, loss 0.5708
Epoch 7, Batch 582/633, Grad Norms near zero: 13, Lx 0.2972, Lu 0.0791, Pentalty 0.4588, loss 0.4222
Epoch 7, Batch 583/633, Grad Norms near zero: 12, Lx 0.1980, Lu 0.0401, Pentalty 0.5412, loss 0.2922
Epoch 7, Batch 584/633, Grad Norms near zero: 13, Lx 0.3969, Lu 0.2043, Pentalty 0.3160, loss 0.6328
Epoch 7, Batch 585/633, Grad Norms near zero: 13, Lx 0.3251, Lu 0.1180, Pentalty 0.4112, loss 0.4842
Epoch 7, Batch 586/633, Grad Norms near zero: 12, Lx 0.4448, Lu 0.1755, Pentalty 0.3568, loss 0.6560
Epoch 7, Batch 587/633, Grad Norms near zero: 12, Lx 0.3577, Lu 0.1585, Pentalty 0.3862, loss 0.5549
Epoch 7, Batch 588/633, Grad Norms near zero: 12, Lx 0.3798, Lu 0.1540, Pentalty 0.4051, loss 0.5744
Epoch 7, Batch 589/633, Grad Norms near zero: 12, Lx 0.3694, Lu 0.1779, Pentalty 0.3740, loss 0.5847
Epoch 7, Batch 590/633, Grad Norms near zero: 12, Lx 0.4360, Lu 0.1995, Pentalty 0.3556, loss 0.6710
Epoch 7, Batch 591/633, Grad Norms near zero: 12, Lx 0.3308, Lu 0.0768, Pentalty 0.4630, loss 0.4539
Epoch 7, Batch 592/633, Grad Norms near zero: 12, Lx 0.3297, Lu 0.1731, Pentalty 0.4017, loss 0.5429
Epoch 7, Batch 593/633, Grad Norms near zero: 12, Lx 0.2402, Lu 0.0587, Pentalty 0.5503, loss 0.3540
Epoch 7, Batch 594/633, Grad Norms near zero: 12, Lx 0.4169, Lu 0.2241, Pentalty 0.3873, loss 0.6797
Epoch 7, Batch 595/633, Grad Norms near zero: 13, Lx 0.2663, Lu 0.0623, Pentalty 0.5323, loss 0.3819
Epoch 7, Batch 596/633, Grad Norms near zero: 12, Lx 0.3760, Lu 0.1523, Pentalty 0.3485, loss 0.5632
Epoch 7, Batch 597/633, Grad Norms near zero: 12, Lx 0.3121, Lu 0.1107, Pentalty 0.4082, loss 0.4636
Epoch 7, Batch 598/633, Grad Norms near zero: 12, Lx 0.3794, Lu 0.1925, Pentalty 0.3653, loss 0.6085
Epoch 7, Batch 599/633, Grad Norms near zero: 12, Lx 0.3225, Lu 0.1066, Pentalty 0.4820, loss 0.4773
Epoch 7, Batch 600/633, Grad Norms near zero: 12, Lx 0.2825, Lu 0.0790, Pentalty 0.4577, loss 0.4073
Epoch 7, Batch 601/633, Grad Norms near zero: 13, Lx 0.2600, Lu 0.0493, Pentalty 0.6039, loss 0.3698
Epoch 7, Batch 602/633, Grad Norms near zero: 12, Lx 0.4093, Lu 0.1835, Pentalty 0.4498, loss 0.6378
Epoch 7, Batch 603/633, Grad Norms near zero: 13, Lx 0.3148, Lu 0.0938, Pentalty 0.5318, loss 0.4618
Epoch 7, Batch 604/633, Grad Norms near zero: 12, Lx 0.3760, Lu 0.1686, Pentalty 0.4468, loss 0.5893
Epoch 7, Batch 605/633, Grad Norms near zero: 12, Lx 0.1783, Lu 0.0277, Pentalty 0.6768, loss 0.2737
Epoch 7, Batch 606/633, Grad Norms near zero: 13, Lx 0.3548, Lu 0.2047, Pentalty 0.4197, loss 0.6014
Epoch 7, Batch 607/633, Grad Norms near zero: 14, Lx 0.2741, Lu 0.0625, Pentalty 0.5787, loss 0.3945
Epoch 7, Batch 608/633, Grad Norms near zero: 13, Lx 0.3588, Lu 0.1299, Pentalty 0.4597, loss 0.5346
Epoch 7, Batch 609/633, Grad Norms near zero: 13, Lx 0.3734, Lu 0.2055, Pentalty 0.3765, loss 0.6165
Epoch 7, Batch 610/633, Grad Norms near zero: 12, Lx 0.2800, Lu 0.0774, Pentalty 0.4608, loss 0.4035
Epoch 7, Batch 611/633, Grad Norms near zero: 12, Lx 0.4134, Lu 0.1898, Pentalty 0.3574, loss 0.6389
Epoch 7, Batch 612/633, Grad Norms near zero: 12, Lx 0.3830, Lu 0.1680, Pentalty 0.4121, loss 0.5922
Epoch 7, Batch 613/633, Grad Norms near zero: 12, Lx 0.4547, Lu 0.1985, Pentalty 0.3443, loss 0.6877
Epoch 7, Batch 614/633, Grad Norms near zero: 12, Lx 0.4462, Lu 0.2352, Pentalty 0.3210, loss 0.7135
Epoch 7, Batch 615/633, Grad Norms near zero: 12, Lx 0.4416, Lu 0.2093, Pentalty 0.3628, loss 0.6872
Epoch 7, Batch 616/633, Grad Norms near zero: 12, Lx 0.1926, Lu 0.0383, Pentalty 0.5823, loss 0.2891
Epoch 7, Batch 617/633, Grad Norms near zero: 13, Lx 0.4307, Lu 0.1669, Pentalty 0.3410, loss 0.6317
Epoch 7, Batch 618/633, Grad Norms near zero: 13, Lx 0.2727, Lu 0.0955, Pentalty 0.4250, loss 0.4107
Epoch 7, Batch 619/633, Grad Norms near zero: 13, Lx 0.3442, Lu 0.1611, Pentalty 0.3767, loss 0.5429
Epoch 7, Batch 620/633, Grad Norms near zero: 12, Lx 0.3294, Lu 0.0741, Pentalty 0.4925, loss 0.4527
Epoch 7, Batch 621/633, Grad Norms near zero: 13, Lx 0.3093, Lu 0.0983, Pentalty 0.4747, loss 0.4551
Epoch 7, Batch 622/633, Grad Norms near zero: 14, Lx 0.2536, Lu 0.0380, Pentalty 0.6034, loss 0.3520
Epoch 7, Batch 623/633, Grad Norms near zero: 12, Lx 0.3603, Lu 0.1389, Pentalty 0.5214, loss 0.5513
Epoch 7, Batch 624/633, Grad Norms near zero: 12, Lx 0.4065, Lu 0.2009, Pentalty 0.4184, loss 0.6493
Epoch 7, Batch 625/633, Grad Norms near zero: 12, Lx 0.3725, Lu 0.1436, Pentalty 0.4295, loss 0.5591
Epoch 7, Batch 626/633, Grad Norms near zero: 13, Lx 0.3606, Lu 0.1583, Pentalty 0.4360, loss 0.5625
Epoch 7, Batch 627/633, Grad Norms near zero: 12, Lx 0.2752, Lu 0.1103, Pentalty 0.4773, loss 0.4332
Epoch 7, Batch 628/633, Grad Norms near zero: 13, Lx 0.2809, Lu 0.0897, Pentalty 0.5311, loss 0.4237
Epoch 7, Batch 629/633, Grad Norms near zero: 14, Lx 0.3176, Lu 0.0960, Pentalty 0.4927, loss 0.4629
Epoch 7, Batch 630/633, Grad Norms near zero: 12, Lx 0.3679, Lu 0.1670, Pentalty 0.4237, loss 0.5773
Epoch 7, Batch 631/633, Grad Norms near zero: 12, Lx 0.3453, Lu 0.1470, Pentalty 0.4140, loss 0.5337
Epoch 7, Batch 632/633, Grad Norms near zero: 12, Lx 0.4625, Lu 0.1929, Pentalty 0.4052, loss 0.6959
Epoch 7, Batch 633/633, Grad Norms near zero: 12, Lx 0.3655, Lu 0.0930, Pentalty 0.4722, loss 0.5058
Training for Network 2
labelled data size: 20228
unlabelled data size: 19772
Epoch 7, Batch 1/633, Grad Norms near zero: 12, Lx 1.2414, Lu 4.0282, Pentalty 0.1009, loss 5.2797
Epoch 7, Batch 2/633, Grad Norms near zero: 12, Lx 0.9463, Lu 3.3340, Pentalty 0.0079, loss 4.2811
Epoch 7, Batch 3/633, Grad Norms near zero: 12, Lx 0.7607, Lu 2.2150, Pentalty 0.0000, loss 2.9757
Epoch 7, Batch 4/633, Grad Norms near zero: 12, Lx 0.4081, Lu 0.3268, Pentalty 0.1672, loss 0.7517
Epoch 7, Batch 5/633, Grad Norms near zero: 12, Lx 0.4429, Lu 0.4615, Pentalty 0.1864, loss 0.9231
Epoch 7, Batch 6/633, Grad Norms near zero: 12, Lx 0.4077, Lu 0.2576, Pentalty 0.6126, loss 0.7265
Epoch 7, Batch 7/633, Grad Norms near zero: 12, Lx 0.2817, Lu 0.0987, Pentalty 0.7240, loss 0.4528
Epoch 7, Batch 8/633, Grad Norms near zero: 12, Lx 0.3668, Lu 0.1757, Pentalty 0.8861, loss 0.6311
Epoch 7, Batch 9/633, Grad Norms near zero: 13, Lx 0.4094, Lu 0.1644, Pentalty 0.9490, loss 0.6686
Epoch 7, Batch 10/633, Grad Norms near zero: 12, Lx 0.3367, Lu 0.1245, Pentalty 1.0204, loss 0.5633
Epoch 7, Batch 11/633, Grad Norms near zero: 12, Lx 0.5222, Lu 0.4245, Pentalty 1.0502, loss 1.0517
Epoch 7, Batch 12/633, Grad Norms near zero: 12, Lx 0.2296, Lu 0.0252, Pentalty 1.0015, loss 0.3550
Epoch 7, Batch 13/633, Grad Norms near zero: 13, Lx 0.5920, Lu 0.2756, Pentalty 0.9822, loss 0.9658
Epoch 7, Batch 14/633, Grad Norms near zero: 13, Lx 0.3163, Lu 0.1968, Pentalty 0.9518, loss 0.6083
Epoch 7, Batch 15/633, Grad Norms near zero: 12, Lx 0.2981, Lu 0.0884, Pentalty 0.9345, loss 0.4799
Epoch 7, Batch 16/633, Grad Norms near zero: 12, Lx 0.5528, Lu 0.2379, Pentalty 0.9318, loss 0.8839
Epoch 7, Batch 17/633, Grad Norms near zero: 12, Lx 0.3670, Lu 0.1907, Pentalty 0.8399, loss 0.6417
Epoch 7, Batch 18/633, Grad Norms near zero: 17, Lx 0.3304, Lu 0.1694, Pentalty 0.8540, loss 0.5852
Epoch 7, Batch 19/633, Grad Norms near zero: 22, Lx 0.4106, Lu 0.1171, Pentalty 0.7774, loss 0.6054
Epoch 7, Batch 20/633, Grad Norms near zero: 12, Lx 0.3462, Lu 0.1355, Pentalty 0.7787, loss 0.5596
Epoch 7, Batch 21/633, Grad Norms near zero: 21, Lx 0.1822, Lu 0.0427, Pentalty 0.6754, loss 0.2924
Epoch 7, Batch 22/633, Grad Norms near zero: 13, Lx 0.3720, Lu 0.1614, Pentalty 0.6614, loss 0.5995
Epoch 7, Batch 23/633, Grad Norms near zero: 22, Lx 0.2301, Lu 0.0536, Pentalty 0.6253, loss 0.3463
Epoch 7, Batch 24/633, Grad Norms near zero: 13, Lx 0.3833, Lu 0.2242, Pentalty 0.6426, loss 0.6718
Epoch 7, Batch 25/633, Grad Norms near zero: 12, Lx 0.4106, Lu 0.1433, Pentalty 0.5463, loss 0.6086
Epoch 7, Batch 26/633, Grad Norms near zero: 12, Lx 0.3164, Lu 0.1060, Pentalty 0.5299, loss 0.4754
Epoch 7, Batch 27/633, Grad Norms near zero: 12, Lx 0.4176, Lu 0.1731, Pentalty 0.4676, loss 0.6374
Epoch 7, Batch 28/633, Grad Norms near zero: 12, Lx 0.3517, Lu 0.1600, Pentalty 0.4184, loss 0.5535
Epoch 7, Batch 29/633, Grad Norms near zero: 13, Lx 0.3842, Lu 0.1284, Pentalty 0.4156, loss 0.5541
Epoch 7, Batch 30/633, Grad Norms near zero: 14, Lx 0.3861, Lu 0.1796, Pentalty 0.4110, loss 0.6068
Epoch 7, Batch 31/633, Grad Norms near zero: 14, Lx 0.5278, Lu 0.2556, Pentalty 0.4801, loss 0.8314
Epoch 7, Batch 32/633, Grad Norms near zero: 15, Lx 0.3413, Lu 0.1217, Pentalty 0.4537, loss 0.5084
Epoch 7, Batch 33/633, Grad Norms near zero: 12, Lx 0.4651, Lu 0.2312, Pentalty 0.3891, loss 0.7352
Epoch 7, Batch 34/633, Grad Norms near zero: 13, Lx 0.4271, Lu 0.2095, Pentalty 0.4447, loss 0.6810
Epoch 7, Batch 35/633, Grad Norms near zero: 12, Lx 0.2496, Lu 0.0800, Pentalty 0.3991, loss 0.3696
Epoch 7, Batch 36/633, Grad Norms near zero: 13, Lx 0.4208, Lu 0.1859, Pentalty 0.3521, loss 0.6420
Epoch 7, Batch 37/633, Grad Norms near zero: 13, Lx 0.2894, Lu 0.1262, Pentalty 0.4468, loss 0.4602
Epoch 7, Batch 38/633, Grad Norms near zero: 22, Lx 0.3452, Lu 0.1674, Pentalty 0.4303, loss 0.5556
Epoch 7, Batch 39/633, Grad Norms near zero: 12, Lx 0.2858, Lu 0.1521, Pentalty 0.4183, loss 0.4798
Epoch 7, Batch 40/633, Grad Norms near zero: 15, Lx 0.3623, Lu 0.1630, Pentalty 0.4522, loss 0.5705
Epoch 7, Batch 41/633, Grad Norms near zero: 12, Lx 0.2746, Lu 0.1052, Pentalty 0.4219, loss 0.4220
Epoch 7, Batch 42/633, Grad Norms near zero: 12, Lx 0.2823, Lu 0.1173, Pentalty 0.4047, loss 0.4401
Epoch 7, Batch 43/633, Grad Norms near zero: 22, Lx 0.4680, Lu 0.2824, Pentalty 0.4326, loss 0.7936
Epoch 7, Batch 44/633, Grad Norms near zero: 19, Lx 0.2886, Lu 0.1019, Pentalty 0.4654, loss 0.4370
Epoch 7, Batch 45/633, Grad Norms near zero: 16, Lx 0.3819, Lu 0.0973, Pentalty 0.5171, loss 0.5308
Epoch 7, Batch 46/633, Grad Norms near zero: 22, Lx 0.4903, Lu 0.1740, Pentalty 0.5109, loss 0.7154
Epoch 7, Batch 47/633, Grad Norms near zero: 16, Lx 0.2020, Lu 0.0555, Pentalty 0.4934, loss 0.3068
Epoch 7, Batch 48/633, Grad Norms near zero: 27, Lx 0.3390, Lu 0.1740, Pentalty 0.5380, loss 0.5668
Epoch 7, Batch 49/633, Grad Norms near zero: 15, Lx 0.3000, Lu 0.2220, Pentalty 0.5596, loss 0.5779
Epoch 7, Batch 50/633, Grad Norms near zero: 26, Lx 0.3879, Lu 0.2030, Pentalty 0.5116, loss 0.6421
Epoch 7, Batch 51/633, Grad Norms near zero: 21, Lx 0.3293, Lu 0.1051, Pentalty 0.5186, loss 0.4863
Epoch 7, Batch 52/633, Grad Norms near zero: 36, Lx 0.2640, Lu 0.0781, Pentalty 0.5792, loss 0.4000
Epoch 7, Batch 53/633, Grad Norms near zero: 24, Lx 0.3240, Lu 0.1093, Pentalty 0.5419, loss 0.4875
Epoch 7, Batch 54/633, Grad Norms near zero: 22, Lx 0.3796, Lu 0.2188, Pentalty 0.5769, loss 0.6561
Epoch 7, Batch 55/633, Grad Norms near zero: 18, Lx 0.2498, Lu 0.0801, Pentalty 0.5161, loss 0.3816
Epoch 7, Batch 56/633, Grad Norms near zero: 32, Lx 0.3506, Lu 0.1280, Pentalty 0.5284, loss 0.5315
Epoch 7, Batch 57/633, Grad Norms near zero: 21, Lx 0.4553, Lu 0.3118, Pentalty 0.5753, loss 0.8246
Epoch 7, Batch 58/633, Grad Norms near zero: 18, Lx 0.3734, Lu 0.1471, Pentalty 0.5414, loss 0.5746
Epoch 7, Batch 59/633, Grad Norms near zero: 26, Lx 0.3553, Lu 0.1981, Pentalty 0.4938, loss 0.6028
Epoch 7, Batch 60/633, Grad Norms near zero: 34, Lx 0.2901, Lu 0.0688, Pentalty 0.4853, loss 0.4074
Epoch 7, Batch 61/633, Grad Norms near zero: 27, Lx 0.3778, Lu 0.1730, Pentalty 0.5012, loss 0.6010
Epoch 7, Batch 62/633, Grad Norms near zero: 29, Lx 0.3451, Lu 0.1997, Pentalty 0.4651, loss 0.5914
Epoch 7, Batch 63/633, Grad Norms near zero: 17, Lx 0.4685, Lu 0.3286, Pentalty 0.4597, loss 0.8430
Epoch 7, Batch 64/633, Grad Norms near zero: 30, Lx 0.3177, Lu 0.1011, Pentalty 0.4731, loss 0.4661
Epoch 7, Batch 65/633, Grad Norms near zero: 20, Lx 0.4065, Lu 0.3045, Pentalty 0.4344, loss 0.7545
Epoch 7, Batch 66/633, Grad Norms near zero: 17, Lx 0.2973, Lu 0.1301, Pentalty 0.4224, loss 0.4696
Epoch 7, Batch 67/633, Grad Norms near zero: 27, Lx 0.3629, Lu 0.2005, Pentalty 0.4112, loss 0.6045
Epoch 7, Batch 68/633, Grad Norms near zero: 33, Lx 0.3153, Lu 0.1595, Pentalty 0.4068, loss 0.5154
Epoch 7, Batch 69/633, Grad Norms near zero: 14, Lx 0.2676, Lu 0.1240, Pentalty 0.3825, loss 0.4299
Epoch 7, Batch 70/633, Grad Norms near zero: 17, Lx 0.4163, Lu 0.1541, Pentalty 0.3655, loss 0.6069
Epoch 7, Batch 71/633, Grad Norms near zero: 30, Lx 0.3835, Lu 0.1421, Pentalty 0.4070, loss 0.5663
Epoch 7, Batch 72/633, Grad Norms near zero: 15, Lx 0.3492, Lu 0.1125, Pentalty 0.3583, loss 0.4975
Epoch 7, Batch 73/633, Grad Norms near zero: 15, Lx 0.2613, Lu 0.1246, Pentalty 0.3791, loss 0.4238
Epoch 7, Batch 74/633, Grad Norms near zero: 21, Lx 0.3402, Lu 0.1445, Pentalty 0.4011, loss 0.5249
Epoch 7, Batch 75/633, Grad Norms near zero: 15, Lx 0.3275, Lu 0.1103, Pentalty 0.3830, loss 0.4761
Epoch 7, Batch 76/633, Grad Norms near zero: 22, Lx 0.3390, Lu 0.1550, Pentalty 0.4183, loss 0.5358
Epoch 7, Batch 77/633, Grad Norms near zero: 26, Lx 0.3551, Lu 0.2195, Pentalty 0.4390, loss 0.6185
Epoch 7, Batch 78/633, Grad Norms near zero: 17, Lx 0.4661, Lu 0.2067, Pentalty 0.4514, loss 0.7179
Epoch 7, Batch 79/633, Grad Norms near zero: 20, Lx 0.2498, Lu 0.1086, Pentalty 0.4220, loss 0.4006
Epoch 7, Batch 80/633, Grad Norms near zero: 19, Lx 0.4491, Lu 0.1811, Pentalty 0.4789, loss 0.6781
Epoch 7, Batch 81/633, Grad Norms near zero: 18, Lx 0.3950, Lu 0.2265, Pentalty 0.4336, loss 0.6648
Epoch 7, Batch 82/633, Grad Norms near zero: 26, Lx 0.3302, Lu 0.1343, Pentalty 0.4604, loss 0.5105
Epoch 7, Batch 83/633, Grad Norms near zero: 17, Lx 0.4212, Lu 0.2321, Pentalty 0.4471, loss 0.6980
Epoch 7, Batch 84/633, Grad Norms near zero: 18, Lx 0.4028, Lu 0.1891, Pentalty 0.4258, loss 0.6345
Epoch 7, Batch 85/633, Grad Norms near zero: 12, Lx 0.1757, Lu 0.0881, Pentalty 0.4307, loss 0.3069
Epoch 7, Batch 86/633, Grad Norms near zero: 32, Lx 0.3372, Lu 0.1903, Pentalty 0.3939, loss 0.5669
Epoch 7, Batch 87/633, Grad Norms near zero: 22, Lx 0.3148, Lu 0.1557, Pentalty 0.4011, loss 0.5106
Epoch 7, Batch 88/633, Grad Norms near zero: 17, Lx 0.2807, Lu 0.1393, Pentalty 0.3998, loss 0.4599
Epoch 7, Batch 89/633, Grad Norms near zero: 33, Lx 0.4551, Lu 0.1453, Pentalty 0.4370, loss 0.6441
Epoch 7, Batch 90/633, Grad Norms near zero: 21, Lx 0.2937, Lu 0.1023, Pentalty 0.4365, loss 0.4396
Epoch 7, Batch 91/633, Grad Norms near zero: 17, Lx 0.4485, Lu 0.2213, Pentalty 0.4262, loss 0.7125
Epoch 7, Batch 92/633, Grad Norms near zero: 23, Lx 0.3695, Lu 0.1458, Pentalty 0.4484, loss 0.5602
Epoch 7, Batch 93/633, Grad Norms near zero: 26, Lx 0.3375, Lu 0.1284, Pentalty 0.4477, loss 0.5106
Epoch 7, Batch 94/633, Grad Norms near zero: 29, Lx 0.3147, Lu 0.0949, Pentalty 0.4401, loss 0.4536
Epoch 7, Batch 95/633, Grad Norms near zero: 19, Lx 0.3969, Lu 0.2032, Pentalty 0.4451, loss 0.6446
Epoch 7, Batch 96/633, Grad Norms near zero: 25, Lx 0.3495, Lu 0.0964, Pentalty 0.4178, loss 0.4877
Epoch 7, Batch 97/633, Grad Norms near zero: 19, Lx 0.5130, Lu 0.2145, Pentalty 0.4700, loss 0.7745
Epoch 7, Batch 98/633, Grad Norms near zero: 16, Lx 0.3403, Lu 0.1270, Pentalty 0.4305, loss 0.5103
Epoch 7, Batch 99/633, Grad Norms near zero: 21, Lx 0.2654, Lu 0.0801, Pentalty 0.4554, loss 0.3910
Epoch 7, Batch 100/633, Grad Norms near zero: 24, Lx 0.3689, Lu 0.1735, Pentalty 0.4494, loss 0.5873
Epoch 7, Batch 101/633, Grad Norms near zero: 23, Lx 0.3956, Lu 0.1212, Pentalty 0.4580, loss 0.5626
Epoch 7, Batch 102/633, Grad Norms near zero: 25, Lx 0.3580, Lu 0.1492, Pentalty 0.4478, loss 0.5520
Epoch 7, Batch 103/633, Grad Norms near zero: 19, Lx 0.4391, Lu 0.3094, Pentalty 0.4422, loss 0.7927
Epoch 7, Batch 104/633, Grad Norms near zero: 19, Lx 0.4482, Lu 0.1872, Pentalty 0.4269, loss 0.6780
Epoch 7, Batch 105/633, Grad Norms near zero: 26, Lx 0.3684, Lu 0.1486, Pentalty 0.3922, loss 0.5562
Epoch 7, Batch 106/633, Grad Norms near zero: 25, Lx 0.3727, Lu 0.1846, Pentalty 0.3954, loss 0.5969
Epoch 7, Batch 107/633, Grad Norms near zero: 24, Lx 0.4561, Lu 0.1577, Pentalty 0.4180, loss 0.6556
Epoch 7, Batch 108/633, Grad Norms near zero: 18, Lx 0.3469, Lu 0.1696, Pentalty 0.3867, loss 0.5552
Epoch 7, Batch 109/633, Grad Norms near zero: 23, Lx 0.3816, Lu 0.1658, Pentalty 0.4121, loss 0.5885
Epoch 7, Batch 110/633, Grad Norms near zero: 19, Lx 0.3104, Lu 0.1336, Pentalty 0.3798, loss 0.4820
Epoch 7, Batch 111/633, Grad Norms near zero: 21, Lx 0.3828, Lu 0.1890, Pentalty 0.3770, loss 0.6095
Epoch 7, Batch 112/633, Grad Norms near zero: 22, Lx 0.3378, Lu 0.1056, Pentalty 0.3828, loss 0.4816
Epoch 7, Batch 113/633, Grad Norms near zero: 15, Lx 0.2917, Lu 0.1132, Pentalty 0.3625, loss 0.4411
Epoch 7, Batch 114/633, Grad Norms near zero: 14, Lx 0.2987, Lu 0.0850, Pentalty 0.4091, loss 0.4246
Epoch 7, Batch 115/633, Grad Norms near zero: 17, Lx 0.4103, Lu 0.2244, Pentalty 0.3891, loss 0.6736
Epoch 7, Batch 116/633, Grad Norms near zero: 16, Lx 0.2798, Lu 0.1059, Pentalty 0.4142, loss 0.4271
Epoch 7, Batch 117/633, Grad Norms near zero: 22, Lx 0.3110, Lu 0.1208, Pentalty 0.4418, loss 0.4760
Epoch 7, Batch 118/633, Grad Norms near zero: 22, Lx 0.3032, Lu 0.1919, Pentalty 0.4236, loss 0.5375
Epoch 7, Batch 119/633, Grad Norms near zero: 19, Lx 0.3416, Lu 0.1236, Pentalty 0.4039, loss 0.5056
Epoch 7, Batch 120/633, Grad Norms near zero: 20, Lx 0.3282, Lu 0.1248, Pentalty 0.4355, loss 0.4966
Epoch 7, Batch 121/633, Grad Norms near zero: 20, Lx 0.3873, Lu 0.1180, Pentalty 0.4403, loss 0.5493
Epoch 7, Batch 122/633, Grad Norms near zero: 20, Lx 0.3959, Lu 0.1896, Pentalty 0.4276, loss 0.6283
Epoch 7, Batch 123/633, Grad Norms near zero: 27, Lx 0.4959, Lu 0.1735, Pentalty 0.4211, loss 0.7114
Epoch 7, Batch 124/633, Grad Norms near zero: 29, Lx 0.4460, Lu 0.2324, Pentalty 0.4136, loss 0.7197
Epoch 7, Batch 125/633, Grad Norms near zero: 17, Lx 0.2707, Lu 0.0806, Pentalty 0.4398, loss 0.3953
Epoch 7, Batch 126/633, Grad Norms near zero: 19, Lx 0.4170, Lu 0.2027, Pentalty 0.4585, loss 0.6655
Epoch 7, Batch 127/633, Grad Norms near zero: 19, Lx 0.3441, Lu 0.1482, Pentalty 0.4322, loss 0.5355
Epoch 7, Batch 128/633, Grad Norms near zero: 22, Lx 0.3329, Lu 0.1034, Pentalty 0.4469, loss 0.4811
Epoch 7, Batch 129/633, Grad Norms near zero: 22, Lx 0.4310, Lu 0.2756, Pentalty 0.4284, loss 0.7494
Epoch 7, Batch 130/633, Grad Norms near zero: 12, Lx 0.2613, Lu 0.0814, Pentalty 0.4133, loss 0.3840
Epoch 7, Batch 131/633, Grad Norms near zero: 12, Lx 0.2309, Lu 0.1039, Pentalty 0.4303, loss 0.3778
Epoch 7, Batch 132/633, Grad Norms near zero: 26, Lx 0.3232, Lu 0.1976, Pentalty 0.4092, loss 0.5618
Epoch 7, Batch 133/633, Grad Norms near zero: 23, Lx 0.2575, Lu 0.1085, Pentalty 0.4384, loss 0.4098
Epoch 7, Batch 134/633, Grad Norms near zero: 30, Lx 0.3823, Lu 0.0994, Pentalty 0.4536, loss 0.5271
Epoch 7, Batch 135/633, Grad Norms near zero: 21, Lx 0.3759, Lu 0.1362, Pentalty 0.4516, loss 0.5573
Epoch 7, Batch 136/633, Grad Norms near zero: 27, Lx 0.3389, Lu 0.0681, Pentalty 0.4609, loss 0.4531
Epoch 7, Batch 137/633, Grad Norms near zero: 21, Lx 0.4035, Lu 0.1284, Pentalty 0.4472, loss 0.5766
Epoch 7, Batch 138/633, Grad Norms near zero: 12, Lx 0.2038, Lu 0.0686, Pentalty 0.4640, loss 0.3188
Epoch 7, Batch 139/633, Grad Norms near zero: 17, Lx 0.3127, Lu 0.1744, Pentalty 0.4954, loss 0.5367
Epoch 7, Batch 140/633, Grad Norms near zero: 21, Lx 0.3215, Lu 0.0949, Pentalty 0.4961, loss 0.4660
Epoch 7, Batch 141/633, Grad Norms near zero: 23, Lx 0.3130, Lu 0.0735, Pentalty 0.4658, loss 0.4330
Epoch 7, Batch 142/633, Grad Norms near zero: 14, Lx 0.4169, Lu 0.1573, Pentalty 0.5146, loss 0.6257
Epoch 7, Batch 143/633, Grad Norms near zero: 21, Lx 0.2339, Lu 0.0509, Pentalty 0.5073, loss 0.3355
Epoch 7, Batch 144/633, Grad Norms near zero: 19, Lx 0.2602, Lu 0.0498, Pentalty 0.5301, loss 0.3630
Epoch 7, Batch 145/633, Grad Norms near zero: 17, Lx 0.4732, Lu 0.2606, Pentalty 0.5019, loss 0.7841
Epoch 7, Batch 146/633, Grad Norms near zero: 25, Lx 0.3191, Lu 0.2077, Pentalty 0.4681, loss 0.5737
Epoch 7, Batch 147/633, Grad Norms near zero: 21, Lx 0.2909, Lu 0.1057, Pentalty 0.5170, loss 0.4483
Epoch 7, Batch 148/633, Grad Norms near zero: 19, Lx 0.4378, Lu 0.2063, Pentalty 0.5178, loss 0.6960
Epoch 7, Batch 149/633, Grad Norms near zero: 22, Lx 0.3999, Lu 0.1623, Pentalty 0.4615, loss 0.6083
Epoch 7, Batch 150/633, Grad Norms near zero: 13, Lx 0.3152, Lu 0.0894, Pentalty 0.4686, loss 0.4514
Epoch 7, Batch 151/633, Grad Norms near zero: 22, Lx 0.4125, Lu 0.1628, Pentalty 0.4470, loss 0.6200
Epoch 7, Batch 152/633, Grad Norms near zero: 12, Lx 0.1781, Lu 0.0818, Pentalty 0.4496, loss 0.3049
Epoch 7, Batch 153/633, Grad Norms near zero: 19, Lx 0.3249, Lu 0.1014, Pentalty 0.4706, loss 0.4734
Epoch 7, Batch 154/633, Grad Norms near zero: 17, Lx 0.2901, Lu 0.0837, Pentalty 0.4706, loss 0.4209
Epoch 7, Batch 155/633, Grad Norms near zero: 23, Lx 0.4385, Lu 0.2473, Pentalty 0.4444, loss 0.7302
Epoch 7, Batch 156/633, Grad Norms near zero: 22, Lx 0.3533, Lu 0.0932, Pentalty 0.4740, loss 0.4939
Epoch 7, Batch 157/633, Grad Norms near zero: 31, Lx 0.2894, Lu 0.0764, Pentalty 0.4633, loss 0.4121
Epoch 7, Batch 158/633, Grad Norms near zero: 22, Lx 0.4367, Lu 0.2538, Pentalty 0.4263, loss 0.7332
Epoch 7, Batch 159/633, Grad Norms near zero: 24, Lx 0.4451, Lu 0.2259, Pentalty 0.4287, loss 0.7139
Epoch 7, Batch 160/633, Grad Norms near zero: 22, Lx 0.4351, Lu 0.1943, Pentalty 0.4277, loss 0.6722
Epoch 7, Batch 161/633, Grad Norms near zero: 15, Lx 0.3611, Lu 0.2351, Pentalty 0.4100, loss 0.6372
Epoch 7, Batch 162/633, Grad Norms near zero: 12, Lx 0.4831, Lu 0.2537, Pentalty 0.4470, loss 0.7816
Epoch 7, Batch 163/633, Grad Norms near zero: 12, Lx 0.2771, Lu 0.0868, Pentalty 0.4187, loss 0.4058
Epoch 7, Batch 164/633, Grad Norms near zero: 17, Lx 0.3767, Lu 0.1647, Pentalty 0.4323, loss 0.5846
Epoch 7, Batch 165/633, Grad Norms near zero: 24, Lx 0.4068, Lu 0.2160, Pentalty 0.3852, loss 0.6613
Epoch 7, Batch 166/633, Grad Norms near zero: 23, Lx 0.3937, Lu 0.1487, Pentalty 0.3810, loss 0.5805
Epoch 7, Batch 167/633, Grad Norms near zero: 20, Lx 0.3277, Lu 0.1286, Pentalty 0.3937, loss 0.4957
Epoch 7, Batch 168/633, Grad Norms near zero: 16, Lx 0.3461, Lu 0.0920, Pentalty 0.3752, loss 0.4756
Epoch 7, Batch 169/633, Grad Norms near zero: 18, Lx 0.3758, Lu 0.1485, Pentalty 0.3938, loss 0.5638
Epoch 7, Batch 170/633, Grad Norms near zero: 14, Lx 0.3841, Lu 0.2132, Pentalty 0.3623, loss 0.6335
Epoch 7, Batch 171/633, Grad Norms near zero: 12, Lx 0.2522, Lu 0.1459, Pentalty 0.3755, loss 0.4356
Epoch 7, Batch 172/633, Grad Norms near zero: 12, Lx 0.2986, Lu 0.1238, Pentalty 0.3630, loss 0.4587
Epoch 7, Batch 173/633, Grad Norms near zero: 20, Lx 0.4239, Lu 0.1782, Pentalty 0.4029, loss 0.6424
Epoch 7, Batch 174/633, Grad Norms near zero: 12, Lx 0.3819, Lu 0.1436, Pentalty 0.3794, loss 0.5635
Epoch 7, Batch 175/633, Grad Norms near zero: 12, Lx 0.2331, Lu 0.0850, Pentalty 0.4370, loss 0.3618
Epoch 7, Batch 176/633, Grad Norms near zero: 15, Lx 0.3606, Lu 0.1299, Pentalty 0.3910, loss 0.5296
Epoch 7, Batch 177/633, Grad Norms near zero: 17, Lx 0.2820, Lu 0.0638, Pentalty 0.4391, loss 0.3896
Epoch 7, Batch 178/633, Grad Norms near zero: 19, Lx 0.3416, Lu 0.0994, Pentalty 0.4339, loss 0.4844
Epoch 7, Batch 179/633, Grad Norms near zero: 25, Lx 0.4070, Lu 0.2408, Pentalty 0.4259, loss 0.6903
Epoch 7, Batch 180/633, Grad Norms near zero: 27, Lx 0.2942, Lu 0.1088, Pentalty 0.4842, loss 0.4514
Epoch 7, Batch 181/633, Grad Norms near zero: 12, Lx 0.3106, Lu 0.1132, Pentalty 0.4483, loss 0.4686
Epoch 7, Batch 182/633, Grad Norms near zero: 18, Lx 0.3601, Lu 0.1183, Pentalty 0.4913, loss 0.5276
Epoch 7, Batch 183/633, Grad Norms near zero: 12, Lx 0.2588, Lu 0.0854, Pentalty 0.4743, loss 0.3916
Epoch 7, Batch 184/633, Grad Norms near zero: 12, Lx 0.1888, Lu 0.0752, Pentalty 0.4922, loss 0.3133
Epoch 7, Batch 185/633, Grad Norms near zero: 16, Lx 0.2880, Lu 0.0706, Pentalty 0.5197, loss 0.4106
Epoch 7, Batch 186/633, Grad Norms near zero: 20, Lx 0.3815, Lu 0.2081, Pentalty 0.4450, loss 0.6340
Epoch 7, Batch 187/633, Grad Norms near zero: 13, Lx 0.3871, Lu 0.1320, Pentalty 0.4753, loss 0.5667
Epoch 7, Batch 188/633, Grad Norms near zero: 13, Lx 0.2858, Lu 0.0916, Pentalty 0.4899, loss 0.4263
Epoch 7, Batch 189/633, Grad Norms near zero: 13, Lx 0.3775, Lu 0.2461, Pentalty 0.4886, loss 0.6725
Epoch 7, Batch 190/633, Grad Norms near zero: 15, Lx 0.3047, Lu 0.1116, Pentalty 0.5080, loss 0.4671
Epoch 7, Batch 191/633, Grad Norms near zero: 12, Lx 0.3488, Lu 0.1231, Pentalty 0.5197, loss 0.5238
Epoch 7, Batch 192/633, Grad Norms near zero: 20, Lx 0.2964, Lu 0.0896, Pentalty 0.5486, loss 0.4409
Epoch 7, Batch 193/633, Grad Norms near zero: 12, Lx 0.4206, Lu 0.2160, Pentalty 0.4722, loss 0.6838
Epoch 7, Batch 194/633, Grad Norms near zero: 13, Lx 0.3180, Lu 0.0757, Pentalty 0.4780, loss 0.4415
Epoch 7, Batch 195/633, Grad Norms near zero: 13, Lx 0.4047, Lu 0.2378, Pentalty 0.5210, loss 0.6947
Epoch 7, Batch 196/633, Grad Norms near zero: 18, Lx 0.3317, Lu 0.1070, Pentalty 0.4961, loss 0.4882
Epoch 7, Batch 197/633, Grad Norms near zero: 13, Lx 0.3857, Lu 0.1868, Pentalty 0.4629, loss 0.6188
Epoch 7, Batch 198/633, Grad Norms near zero: 13, Lx 0.1742, Lu 0.0513, Pentalty 0.5100, loss 0.2765
Epoch 7, Batch 199/633, Grad Norms near zero: 12, Lx 0.3012, Lu 0.0975, Pentalty 0.4515, loss 0.4439
Epoch 7, Batch 200/633, Grad Norms near zero: 15, Lx 0.4026, Lu 0.1550, Pentalty 0.4476, loss 0.6023
Epoch 7, Batch 201/633, Grad Norms near zero: 12, Lx 0.1785, Lu 0.0499, Pentalty 0.5197, loss 0.2804
Epoch 7, Batch 202/633, Grad Norms near zero: 12, Lx 0.2197, Lu 0.0478, Pentalty 0.5123, loss 0.3187
Epoch 7, Batch 203/633, Grad Norms near zero: 19, Lx 0.2467, Lu 0.0611, Pentalty 0.5090, loss 0.3587
Epoch 7, Batch 204/633, Grad Norms near zero: 21, Lx 0.2898, Lu 0.1156, Pentalty 0.5267, loss 0.4581
Epoch 7, Batch 205/633, Grad Norms near zero: 12, Lx 0.3399, Lu 0.1145, Pentalty 0.4693, loss 0.5013
Epoch 7, Batch 206/633, Grad Norms near zero: 12, Lx 0.4961, Lu 0.1932, Pentalty 0.5380, loss 0.7431
Epoch 7, Batch 207/633, Grad Norms near zero: 15, Lx 0.4135, Lu 0.1312, Pentalty 0.5382, loss 0.5985
Epoch 7, Batch 208/633, Grad Norms near zero: 12, Lx 0.1945, Lu 0.0849, Pentalty 0.5220, loss 0.3316
Epoch 7, Batch 209/633, Grad Norms near zero: 13, Lx 0.3149, Lu 0.1005, Pentalty 0.4860, loss 0.4639
Epoch 7, Batch 210/633, Grad Norms near zero: 12, Lx 0.3992, Lu 0.2468, Pentalty 0.4670, loss 0.6928
Epoch 7, Batch 211/633, Grad Norms near zero: 12, Lx 0.3339, Lu 0.0935, Pentalty 0.5282, loss 0.4801
Epoch 7, Batch 212/633, Grad Norms near zero: 12, Lx 0.4411, Lu 0.1414, Pentalty 0.4895, loss 0.6315
Epoch 7, Batch 213/633, Grad Norms near zero: 16, Lx 0.4897, Lu 0.2473, Pentalty 0.4439, loss 0.7814
Epoch 7, Batch 214/633, Grad Norms near zero: 12, Lx 0.3753, Lu 0.2982, Pentalty 0.4712, loss 0.7207
Epoch 7, Batch 215/633, Grad Norms near zero: 13, Lx 0.2132, Lu 0.0639, Pentalty 0.5106, loss 0.3282
Epoch 7, Batch 216/633, Grad Norms near zero: 12, Lx 0.2913, Lu 0.0885, Pentalty 0.4400, loss 0.4239
Epoch 7, Batch 217/633, Grad Norms near zero: 12, Lx 0.4018, Lu 0.1324, Pentalty 0.4153, loss 0.5758
Epoch 7, Batch 218/633, Grad Norms near zero: 12, Lx 0.2810, Lu 0.1019, Pentalty 0.4220, loss 0.4251
Epoch 7, Batch 219/633, Grad Norms near zero: 16, Lx 0.2743, Lu 0.0831, Pentalty 0.4424, loss 0.4016
Epoch 7, Batch 220/633, Grad Norms near zero: 12, Lx 0.3131, Lu 0.1030, Pentalty 0.4106, loss 0.4572
Epoch 7, Batch 221/633, Grad Norms near zero: 12, Lx 0.5203, Lu 0.2178, Pentalty 0.4477, loss 0.7829
Epoch 7, Batch 222/633, Grad Norms near zero: 12, Lx 0.2861, Lu 0.0964, Pentalty 0.4160, loss 0.4240
Epoch 7, Batch 223/633, Grad Norms near zero: 12, Lx 0.3607, Lu 0.1798, Pentalty 0.3562, loss 0.5761
Epoch 7, Batch 224/633, Grad Norms near zero: 12, Lx 0.2313, Lu 0.0715, Pentalty 0.4273, loss 0.3455
Epoch 7, Batch 225/633, Grad Norms near zero: 19, Lx 0.3491, Lu 0.1431, Pentalty 0.4133, loss 0.5335
Epoch 7, Batch 226/633, Grad Norms near zero: 12, Lx 0.3599, Lu 0.2539, Pentalty 0.4372, loss 0.6575
Epoch 7, Batch 227/633, Grad Norms near zero: 12, Lx 0.4018, Lu 0.4020, Pentalty 0.4439, loss 0.8482
Epoch 7, Batch 228/633, Grad Norms near zero: 12, Lx 0.3250, Lu 0.1662, Pentalty 0.3927, loss 0.5305
Epoch 7, Batch 229/633, Grad Norms near zero: 12, Lx 0.3826, Lu 0.1275, Pentalty 0.3966, loss 0.5498
Epoch 7, Batch 230/633, Grad Norms near zero: 12, Lx 0.4380, Lu 0.1923, Pentalty 0.3663, loss 0.6669
Epoch 7, Batch 231/633, Grad Norms near zero: 13, Lx 0.3946, Lu 0.2442, Pentalty 0.3834, loss 0.6771
Epoch 7, Batch 232/633, Grad Norms near zero: 12, Lx 0.2950, Lu 0.1071, Pentalty 0.4094, loss 0.4430
Epoch 7, Batch 233/633, Grad Norms near zero: 17, Lx 0.3246, Lu 0.1486, Pentalty 0.4283, loss 0.5160
Epoch 7, Batch 234/633, Grad Norms near zero: 12, Lx 0.4718, Lu 0.2173, Pentalty 0.3587, loss 0.7250
Epoch 7, Batch 235/633, Grad Norms near zero: 12, Lx 0.4027, Lu 0.1577, Pentalty 0.3480, loss 0.5953
Epoch 7, Batch 236/633, Grad Norms near zero: 12, Lx 0.3452, Lu 0.1190, Pentalty 0.3851, loss 0.5028
Epoch 7, Batch 237/633, Grad Norms near zero: 12, Lx 0.3306, Lu 0.1509, Pentalty 0.3786, loss 0.5193
Epoch 7, Batch 238/633, Grad Norms near zero: 12, Lx 0.2226, Lu 0.0848, Pentalty 0.3928, loss 0.3467
Epoch 7, Batch 239/633, Grad Norms near zero: 12, Lx 0.3504, Lu 0.1172, Pentalty 0.3854, loss 0.5061
Epoch 7, Batch 240/633, Grad Norms near zero: 15, Lx 0.3815, Lu 0.2259, Pentalty 0.3860, loss 0.6459
Epoch 7, Batch 241/633, Grad Norms near zero: 12, Lx 0.3343, Lu 0.1335, Pentalty 0.3948, loss 0.5073
Epoch 7, Batch 242/633, Grad Norms near zero: 12, Lx 0.2702, Lu 0.1169, Pentalty 0.3870, loss 0.4258
Epoch 7, Batch 243/633, Grad Norms near zero: 12, Lx 0.2866, Lu 0.0898, Pentalty 0.4293, loss 0.4193
Epoch 7, Batch 244/633, Grad Norms near zero: 14, Lx 0.2688, Lu 0.0678, Pentalty 0.4405, loss 0.3807
Epoch 7, Batch 245/633, Grad Norms near zero: 12, Lx 0.4645, Lu 0.2242, Pentalty 0.4080, loss 0.7295
Epoch 7, Batch 246/633, Grad Norms near zero: 12, Lx 0.4101, Lu 0.1526, Pentalty 0.4251, loss 0.6052
Epoch 7, Batch 247/633, Grad Norms near zero: 12, Lx 0.4604, Lu 0.1421, Pentalty 0.4198, loss 0.6445
Epoch 7, Batch 248/633, Grad Norms near zero: 13, Lx 0.4464, Lu 0.1567, Pentalty 0.4395, loss 0.6471
Epoch 7, Batch 249/633, Grad Norms near zero: 12, Lx 0.3259, Lu 0.1195, Pentalty 0.4191, loss 0.4872
Epoch 7, Batch 250/633, Grad Norms near zero: 12, Lx 0.3653, Lu 0.1306, Pentalty 0.4228, loss 0.5383
Epoch 7, Batch 251/633, Grad Norms near zero: 19, Lx 0.3971, Lu 0.1140, Pentalty 0.4250, loss 0.5536
Epoch 7, Batch 252/633, Grad Norms near zero: 17, Lx 0.4589, Lu 0.1575, Pentalty 0.4199, loss 0.6584
Epoch 7, Batch 253/633, Grad Norms near zero: 12, Lx 0.3452, Lu 0.1275, Pentalty 0.4179, loss 0.5145
Epoch 7, Batch 254/633, Grad Norms near zero: 14, Lx 0.2373, Lu 0.0700, Pentalty 0.4647, loss 0.3538
Epoch 7, Batch 255/633, Grad Norms near zero: 12, Lx 0.4173, Lu 0.2234, Pentalty 0.4040, loss 0.6811
Epoch 7, Batch 256/633, Grad Norms near zero: 12, Lx 0.3824, Lu 0.1382, Pentalty 0.4517, loss 0.5657
Epoch 7, Batch 257/633, Grad Norms near zero: 12, Lx 0.3873, Lu 0.1764, Pentalty 0.4044, loss 0.6042
Epoch 7, Batch 258/633, Grad Norms near zero: 15, Lx 0.2203, Lu 0.0359, Pentalty 0.4619, loss 0.3025
Epoch 7, Batch 259/633, Grad Norms near zero: 13, Lx 0.3422, Lu 0.2172, Pentalty 0.4406, loss 0.6034
Epoch 7, Batch 260/633, Grad Norms near zero: 12, Lx 0.3407, Lu 0.1153, Pentalty 0.4490, loss 0.5009
Epoch 7, Batch 261/633, Grad Norms near zero: 13, Lx 0.2859, Lu 0.0744, Pentalty 0.4589, loss 0.4062
Epoch 7, Batch 262/633, Grad Norms near zero: 13, Lx 0.4245, Lu 0.2150, Pentalty 0.4215, loss 0.6816
Epoch 7, Batch 263/633, Grad Norms near zero: 12, Lx 0.3947, Lu 0.2385, Pentalty 0.3568, loss 0.6688
Epoch 7, Batch 264/633, Grad Norms near zero: 12, Lx 0.2318, Lu 0.0740, Pentalty 0.4552, loss 0.3513
Epoch 7, Batch 265/633, Grad Norms near zero: 12, Lx 0.3882, Lu 0.1987, Pentalty 0.3565, loss 0.6225
Epoch 7, Batch 266/633, Grad Norms near zero: 12, Lx 0.3961, Lu 0.1617, Pentalty 0.3690, loss 0.5947
Epoch 7, Batch 267/633, Grad Norms near zero: 12, Lx 0.3322, Lu 0.0947, Pentalty 0.3867, loss 0.4656
Epoch 7, Batch 268/633, Grad Norms near zero: 12, Lx 0.3574, Lu 0.1652, Pentalty 0.3503, loss 0.5576
Epoch 7, Batch 269/633, Grad Norms near zero: 12, Lx 0.1752, Lu 0.1068, Pentalty 0.4315, loss 0.3251
Epoch 7, Batch 270/633, Grad Norms near zero: 12, Lx 0.3744, Lu 0.2233, Pentalty 0.3706, loss 0.6348
Epoch 7, Batch 271/633, Grad Norms near zero: 12, Lx 0.2944, Lu 0.0856, Pentalty 0.4470, loss 0.4247
Epoch 7, Batch 272/633, Grad Norms near zero: 15, Lx 0.3399, Lu 0.0780, Pentalty 0.4548, loss 0.4634
Epoch 7, Batch 273/633, Grad Norms near zero: 13, Lx 0.4344, Lu 0.1709, Pentalty 0.4559, loss 0.6509
Epoch 7, Batch 274/633, Grad Norms near zero: 12, Lx 0.3318, Lu 0.1723, Pentalty 0.3850, loss 0.5426
Epoch 7, Batch 275/633, Grad Norms near zero: 12, Lx 0.3624, Lu 0.1618, Pentalty 0.4245, loss 0.5667
Epoch 7, Batch 276/633, Grad Norms near zero: 12, Lx 0.3759, Lu 0.1318, Pentalty 0.4243, loss 0.5502
Epoch 7, Batch 277/633, Grad Norms near zero: 12, Lx 0.4946, Lu 0.2703, Pentalty 0.4784, loss 0.8128
Epoch 7, Batch 278/633, Grad Norms near zero: 12, Lx 0.3664, Lu 0.1777, Pentalty 0.4205, loss 0.5862
Epoch 7, Batch 279/633, Grad Norms near zero: 12, Lx 0.3112, Lu 0.0709, Pentalty 0.4496, loss 0.4271
Epoch 7, Batch 280/633, Grad Norms near zero: 12, Lx 0.4374, Lu 0.1895, Pentalty 0.3946, loss 0.6664
Epoch 7, Batch 281/633, Grad Norms near zero: 12, Lx 0.4031, Lu 0.1285, Pentalty 0.4037, loss 0.5720
Epoch 7, Batch 282/633, Grad Norms near zero: 12, Lx 0.4458, Lu 0.1953, Pentalty 0.4200, loss 0.6831
Epoch 7, Batch 283/633, Grad Norms near zero: 12, Lx 0.3496, Lu 0.2434, Pentalty 0.3576, loss 0.6288
Epoch 7, Batch 284/633, Grad Norms near zero: 12, Lx 0.4685, Lu 0.2468, Pentalty 0.4032, loss 0.7556
Epoch 7, Batch 285/633, Grad Norms near zero: 13, Lx 0.5076, Lu 0.2011, Pentalty 0.3811, loss 0.7468
Epoch 7, Batch 286/633, Grad Norms near zero: 13, Lx 0.4299, Lu 0.1777, Pentalty 0.3702, loss 0.6446
Epoch 7, Batch 287/633, Grad Norms near zero: 12, Lx 0.3084, Lu 0.0850, Pentalty 0.3878, loss 0.4321
Epoch 7, Batch 288/633, Grad Norms near zero: 12, Lx 0.3468, Lu 0.1733, Pentalty 0.3342, loss 0.5535
Epoch 7, Batch 289/633, Grad Norms near zero: 12, Lx 0.2856, Lu 0.0645, Pentalty 0.3585, loss 0.3860
Epoch 7, Batch 290/633, Grad Norms near zero: 12, Lx 0.3361, Lu 0.1629, Pentalty 0.3624, loss 0.5352
Epoch 7, Batch 291/633, Grad Norms near zero: 12, Lx 0.4547, Lu 0.2345, Pentalty 0.3169, loss 0.7208
Epoch 7, Batch 292/633, Grad Norms near zero: 12, Lx 0.2934, Lu 0.1367, Pentalty 0.3497, loss 0.4651
Epoch 7, Batch 293/633, Grad Norms near zero: 12, Lx 0.3659, Lu 0.1408, Pentalty 0.3495, loss 0.5417
Epoch 7, Batch 294/633, Grad Norms near zero: 12, Lx 0.4132, Lu 0.1795, Pentalty 0.3314, loss 0.6258
Epoch 7, Batch 295/633, Grad Norms near zero: 12, Lx 0.2962, Lu 0.1288, Pentalty 0.3767, loss 0.4627
Epoch 7, Batch 296/633, Grad Norms near zero: 12, Lx 0.3554, Lu 0.1813, Pentalty 0.3806, loss 0.5748
Epoch 7, Batch 297/633, Grad Norms near zero: 12, Lx 0.3396, Lu 0.1260, Pentalty 0.4045, loss 0.5060
Epoch 7, Batch 298/633, Grad Norms near zero: 12, Lx 0.4306, Lu 0.2394, Pentalty 0.3722, loss 0.7072
Epoch 7, Batch 299/633, Grad Norms near zero: 12, Lx 0.4322, Lu 0.1486, Pentalty 0.4002, loss 0.6209
Epoch 7, Batch 300/633, Grad Norms near zero: 12, Lx 0.4023, Lu 0.2374, Pentalty 0.3976, loss 0.6794
Epoch 7, Batch 301/633, Grad Norms near zero: 12, Lx 0.4293, Lu 0.2493, Pentalty 0.3875, loss 0.7174
Epoch 7, Batch 302/633, Grad Norms near zero: 13, Lx 0.2790, Lu 0.0716, Pentalty 0.4330, loss 0.3938
Epoch 7, Batch 303/633, Grad Norms near zero: 12, Lx 0.3459, Lu 0.1488, Pentalty 0.3939, loss 0.5341
Epoch 7, Batch 304/633, Grad Norms near zero: 12, Lx 0.3800, Lu 0.2379, Pentalty 0.3792, loss 0.6559
Epoch 7, Batch 305/633, Grad Norms near zero: 12, Lx 0.3991, Lu 0.1221, Pentalty 0.4193, loss 0.5632
Epoch 7, Batch 306/633, Grad Norms near zero: 12, Lx 0.3488, Lu 0.2087, Pentalty 0.3861, loss 0.5961
Epoch 7, Batch 307/633, Grad Norms near zero: 12, Lx 0.2980, Lu 0.1802, Pentalty 0.3973, loss 0.5179
Epoch 7, Batch 308/633, Grad Norms near zero: 12, Lx 0.3716, Lu 0.1766, Pentalty 0.3815, loss 0.5863
Epoch 7, Batch 309/633, Grad Norms near zero: 12, Lx 0.2557, Lu 0.0710, Pentalty 0.4566, loss 0.3724
Epoch 7, Batch 310/633, Grad Norms near zero: 12, Lx 0.4666, Lu 0.2365, Pentalty 0.4050, loss 0.7436
Epoch 7, Batch 311/633, Grad Norms near zero: 12, Lx 0.3925, Lu 0.1813, Pentalty 0.3953, loss 0.6133
Epoch 7, Batch 312/633, Grad Norms near zero: 12, Lx 0.2941, Lu 0.1167, Pentalty 0.4062, loss 0.4515
Epoch 7, Batch 313/633, Grad Norms near zero: 12, Lx 0.4642, Lu 0.2136, Pentalty 0.3788, loss 0.7157
Epoch 7, Batch 314/633, Grad Norms near zero: 12, Lx 0.3437, Lu 0.1194, Pentalty 0.4193, loss 0.5050
Epoch 7, Batch 315/633, Grad Norms near zero: 12, Lx 0.3547, Lu 0.1375, Pentalty 0.3967, loss 0.5318
Epoch 7, Batch 316/633, Grad Norms near zero: 12, Lx 0.2716, Lu 0.0965, Pentalty 0.4095, loss 0.4090
Epoch 7, Batch 317/633, Grad Norms near zero: 12, Lx 0.3140, Lu 0.0823, Pentalty 0.4550, loss 0.4418
Epoch 7, Batch 318/633, Grad Norms near zero: 12, Lx 0.4131, Lu 0.2030, Pentalty 0.3755, loss 0.6536
Epoch 7, Batch 319/633, Grad Norms near zero: 12, Lx 0.2039, Lu 0.0687, Pentalty 0.4875, loss 0.3213
Epoch 7, Batch 320/633, Grad Norms near zero: 12, Lx 0.3275, Lu 0.1088, Pentalty 0.4385, loss 0.4802
Epoch 7, Batch 321/633, Grad Norms near zero: 12, Lx 0.3224, Lu 0.0847, Pentalty 0.4676, loss 0.4539
Epoch 7, Batch 322/633, Grad Norms near zero: 12, Lx 0.4314, Lu 0.1268, Pentalty 0.4417, loss 0.6024
Epoch 7, Batch 323/633, Grad Norms near zero: 12, Lx 0.2409, Lu 0.0530, Pentalty 0.5060, loss 0.3446
Epoch 7, Batch 324/633, Grad Norms near zero: 12, Lx 0.3631, Lu 0.2249, Pentalty 0.4590, loss 0.6340
Epoch 7, Batch 325/633, Grad Norms near zero: 12, Lx 0.2078, Lu 0.0566, Pentalty 0.5078, loss 0.3152
Epoch 7, Batch 326/633, Grad Norms near zero: 12, Lx 0.2761, Lu 0.0779, Pentalty 0.5194, loss 0.4060
Epoch 7, Batch 327/633, Grad Norms near zero: 12, Lx 0.3010, Lu 0.1822, Pentalty 0.4208, loss 0.5253
Epoch 7, Batch 328/633, Grad Norms near zero: 12, Lx 0.4474, Lu 0.2297, Pentalty 0.3990, loss 0.7170
Epoch 7, Batch 329/633, Grad Norms near zero: 12, Lx 0.4312, Lu 0.1285, Pentalty 0.4777, loss 0.6074
Epoch 7, Batch 330/633, Grad Norms near zero: 16, Lx 0.3475, Lu 0.1082, Pentalty 0.4883, loss 0.5046
Epoch 7, Batch 331/633, Grad Norms near zero: 12, Lx 0.3710, Lu 0.2233, Pentalty 0.3848, loss 0.6328
Epoch 7, Batch 332/633, Grad Norms near zero: 17, Lx 0.3326, Lu 0.1281, Pentalty 0.4849, loss 0.5092
Epoch 7, Batch 333/633, Grad Norms near zero: 15, Lx 0.4506, Lu 0.2441, Pentalty 0.3718, loss 0.7319
Epoch 7, Batch 334/633, Grad Norms near zero: 12, Lx 0.4321, Lu 0.2000, Pentalty 0.3631, loss 0.6684
Epoch 7, Batch 335/633, Grad Norms near zero: 13, Lx 0.3964, Lu 0.1645, Pentalty 0.3452, loss 0.5954
Epoch 7, Batch 336/633, Grad Norms near zero: 12, Lx 0.2659, Lu 0.1099, Pentalty 0.3926, loss 0.4151
Epoch 7, Batch 337/633, Grad Norms near zero: 12, Lx 0.3347, Lu 0.1315, Pentalty 0.3766, loss 0.5038
Epoch 7, Batch 338/633, Grad Norms near zero: 12, Lx 0.2965, Lu 0.1132, Pentalty 0.3861, loss 0.4483
Epoch 7, Batch 339/633, Grad Norms near zero: 12, Lx 0.2159, Lu 0.0583, Pentalty 0.5016, loss 0.3244
Epoch 7, Batch 340/633, Grad Norms near zero: 12, Lx 0.3013, Lu 0.0697, Pentalty 0.4968, loss 0.4208
Epoch 7, Batch 341/633, Grad Norms near zero: 12, Lx 0.3392, Lu 0.0843, Pentalty 0.5060, loss 0.4741
Epoch 7, Batch 342/633, Grad Norms near zero: 13, Lx 0.3050, Lu 0.1035, Pentalty 0.5025, loss 0.4587
Epoch 7, Batch 343/633, Grad Norms near zero: 12, Lx 0.3394, Lu 0.2001, Pentalty 0.3877, loss 0.5782
Epoch 7, Batch 344/633, Grad Norms near zero: 12, Lx 0.4463, Lu 0.1328, Pentalty 0.4730, loss 0.6265
Epoch 7, Batch 345/633, Grad Norms near zero: 12, Lx 0.3727, Lu 0.1402, Pentalty 0.4652, loss 0.5594
Epoch 7, Batch 346/633, Grad Norms near zero: 12, Lx 0.4610, Lu 0.2981, Pentalty 0.4193, loss 0.8010
Epoch 7, Batch 347/633, Grad Norms near zero: 12, Lx 0.4012, Lu 0.2228, Pentalty 0.4043, loss 0.6645
Epoch 7, Batch 348/633, Grad Norms near zero: 12, Lx 0.4521, Lu 0.1580, Pentalty 0.3950, loss 0.6496
Epoch 7, Batch 349/633, Grad Norms near zero: 19, Lx 0.3145, Lu 0.0745, Pentalty 0.5143, loss 0.4404
Epoch 7, Batch 350/633, Grad Norms near zero: 12, Lx 0.2861, Lu 0.0718, Pentalty 0.4990, loss 0.4078
Epoch 7, Batch 351/633, Grad Norms near zero: 12, Lx 0.3225, Lu 0.0622, Pentalty 0.4915, loss 0.4338
Epoch 7, Batch 352/633, Grad Norms near zero: 12, Lx 0.5010, Lu 0.1998, Pentalty 0.3610, loss 0.7370
Epoch 7, Batch 353/633, Grad Norms near zero: 12, Lx 0.3616, Lu 0.1358, Pentalty 0.3687, loss 0.5343
Epoch 7, Batch 354/633, Grad Norms near zero: 23, Lx 0.4455, Lu 0.2164, Pentalty 0.3185, loss 0.6937
Epoch 7, Batch 355/633, Grad Norms near zero: 12, Lx 0.2765, Lu 0.0725, Pentalty 0.4706, loss 0.3960
Epoch 7, Batch 356/633, Grad Norms near zero: 12, Lx 0.3220, Lu 0.1593, Pentalty 0.3310, loss 0.5145
Epoch 7, Batch 357/633, Grad Norms near zero: 12, Lx 0.4400, Lu 0.2139, Pentalty 0.4262, loss 0.6965
Epoch 7, Batch 358/633, Grad Norms near zero: 12, Lx 0.3753, Lu 0.1667, Pentalty 0.3461, loss 0.5766
Epoch 7, Batch 359/633, Grad Norms near zero: 12, Lx 0.3986, Lu 0.2149, Pentalty 0.4159, loss 0.6551
Epoch 7, Batch 360/633, Grad Norms near zero: 12, Lx 0.4544, Lu 0.2111, Pentalty 0.4120, loss 0.7067
Epoch 7, Batch 361/633, Grad Norms near zero: 12, Lx 0.2969, Lu 0.0758, Pentalty 0.4087, loss 0.4135
Epoch 7, Batch 362/633, Grad Norms near zero: 12, Lx 0.4675, Lu 0.2169, Pentalty 0.2935, loss 0.7138
Epoch 7, Batch 363/633, Grad Norms near zero: 12, Lx 0.3355, Lu 0.1894, Pentalty 0.3705, loss 0.5619
Epoch 7, Batch 364/633, Grad Norms near zero: 12, Lx 0.3637, Lu 0.2147, Pentalty 0.2915, loss 0.6076
Epoch 7, Batch 365/633, Grad Norms near zero: 12, Lx 0.3982, Lu 0.2726, Pentalty 0.3565, loss 0.7064
Epoch 7, Batch 366/633, Grad Norms near zero: 12, Lx 0.4039, Lu 0.1835, Pentalty 0.3271, loss 0.6201
Epoch 7, Batch 367/633, Grad Norms near zero: 12, Lx 0.3682, Lu 0.1044, Pentalty 0.3871, loss 0.5112
Epoch 7, Batch 368/633, Grad Norms near zero: 12, Lx 0.4282, Lu 0.2472, Pentalty 0.2916, loss 0.7045
Epoch 7, Batch 369/633, Grad Norms near zero: 12, Lx 0.4631, Lu 0.2106, Pentalty 0.3431, loss 0.7080
Epoch 7, Batch 370/633, Grad Norms near zero: 12, Lx 0.3959, Lu 0.2256, Pentalty 0.3317, loss 0.6547
Epoch 7, Batch 371/633, Grad Norms near zero: 12, Lx 0.3660, Lu 0.1854, Pentalty 0.3776, loss 0.5891
Epoch 7, Batch 372/633, Grad Norms near zero: 12, Lx 0.4852, Lu 0.2415, Pentalty 0.3418, loss 0.7609
Epoch 7, Batch 373/633, Grad Norms near zero: 12, Lx 0.4660, Lu 0.2512, Pentalty 0.3402, loss 0.7512
Epoch 7, Batch 374/633, Grad Norms near zero: 12, Lx 0.3743, Lu 0.2395, Pentalty 0.3526, loss 0.6490
Epoch 7, Batch 375/633, Grad Norms near zero: 12, Lx 0.3105, Lu 0.0936, Pentalty 0.3667, loss 0.4408
Epoch 7, Batch 376/633, Grad Norms near zero: 12, Lx 0.3204, Lu 0.0931, Pentalty 0.3632, loss 0.4498
Epoch 7, Batch 377/633, Grad Norms near zero: 12, Lx 0.3416, Lu 0.1715, Pentalty 0.3837, loss 0.5514
Epoch 7, Batch 378/633, Grad Norms near zero: 12, Lx 0.4784, Lu 0.1920, Pentalty 0.3457, loss 0.7050
Epoch 7, Batch 379/633, Grad Norms near zero: 12, Lx 0.3854, Lu 0.1449, Pentalty 0.4091, loss 0.5712
Epoch 7, Batch 380/633, Grad Norms near zero: 12, Lx 0.4391, Lu 0.1490, Pentalty 0.3961, loss 0.6277
Epoch 7, Batch 381/633, Grad Norms near zero: 12, Lx 0.2636, Lu 0.0773, Pentalty 0.4220, loss 0.3830
Epoch 7, Batch 382/633, Grad Norms near zero: 12, Lx 0.3363, Lu 0.1461, Pentalty 0.3835, loss 0.5207
Epoch 7, Batch 383/633, Grad Norms near zero: 12, Lx 0.4143, Lu 0.2049, Pentalty 0.3767, loss 0.6568
Epoch 7, Batch 384/633, Grad Norms near zero: 12, Lx 0.3496, Lu 0.2406, Pentalty 0.4146, loss 0.6317
Epoch 7, Batch 385/633, Grad Norms near zero: 12, Lx 0.3632, Lu 0.1643, Pentalty 0.4294, loss 0.5705
Epoch 7, Batch 386/633, Grad Norms near zero: 12, Lx 0.2997, Lu 0.1125, Pentalty 0.4738, loss 0.4596
Epoch 7, Batch 387/633, Grad Norms near zero: 12, Lx 0.4703, Lu 0.2266, Pentalty 0.3809, loss 0.7350
Epoch 7, Batch 388/633, Grad Norms near zero: 13, Lx 0.2800, Lu 0.0720, Pentalty 0.4817, loss 0.4002
Epoch 7, Batch 389/633, Grad Norms near zero: 12, Lx 0.3240, Lu 0.2109, Pentalty 0.4142, loss 0.5763
Epoch 7, Batch 390/633, Grad Norms near zero: 12, Lx 0.4062, Lu 0.1201, Pentalty 0.4179, loss 0.5681
Epoch 7, Batch 391/633, Grad Norms near zero: 12, Lx 0.2995, Lu 0.0924, Pentalty 0.4607, loss 0.4380
Epoch 7, Batch 392/633, Grad Norms near zero: 12, Lx 0.4442, Lu 0.2447, Pentalty 0.3680, loss 0.7258
Epoch 7, Batch 393/633, Grad Norms near zero: 12, Lx 0.3988, Lu 0.2163, Pentalty 0.3628, loss 0.6514
Epoch 7, Batch 394/633, Grad Norms near zero: 12, Lx 0.3487, Lu 0.1117, Pentalty 0.3972, loss 0.5001
Epoch 7, Batch 395/633, Grad Norms near zero: 12, Lx 0.3938, Lu 0.1461, Pentalty 0.3852, loss 0.5785
Epoch 7, Batch 396/633, Grad Norms near zero: 12, Lx 0.3914, Lu 0.2533, Pentalty 0.3639, loss 0.6810
Epoch 7, Batch 397/633, Grad Norms near zero: 12, Lx 0.2441, Lu 0.1019, Pentalty 0.4053, loss 0.3865
Epoch 7, Batch 398/633, Grad Norms near zero: 12, Lx 0.4231, Lu 0.2166, Pentalty 0.3011, loss 0.6698
Epoch 7, Batch 399/633, Grad Norms near zero: 12, Lx 0.4040, Lu 0.2754, Pentalty 0.2824, loss 0.7077
Epoch 7, Batch 400/633, Grad Norms near zero: 12, Lx 0.2999, Lu 0.0958, Pentalty 0.3958, loss 0.4353
Epoch 7, Batch 401/633, Grad Norms near zero: 12, Lx 0.3983, Lu 0.1839, Pentalty 0.3401, loss 0.6161
Epoch 7, Batch 402/633, Grad Norms near zero: 12, Lx 0.3184, Lu 0.1066, Pentalty 0.4008, loss 0.4651
Epoch 7, Batch 403/633, Grad Norms near zero: 12, Lx 0.4553, Lu 0.2322, Pentalty 0.3556, loss 0.7231
Epoch 7, Batch 404/633, Grad Norms near zero: 12, Lx 0.2965, Lu 0.0825, Pentalty 0.4272, loss 0.4218
Epoch 7, Batch 405/633, Grad Norms near zero: 12, Lx 0.4948, Lu 0.2151, Pentalty 0.3405, loss 0.7439
Epoch 7, Batch 406/633, Grad Norms near zero: 12, Lx 0.3368, Lu 0.1377, Pentalty 0.4061, loss 0.5152
Epoch 7, Batch 407/633, Grad Norms near zero: 12, Lx 0.2601, Lu 0.0746, Pentalty 0.4531, loss 0.3800
Epoch 7, Batch 408/633, Grad Norms near zero: 12, Lx 0.4676, Lu 0.2023, Pentalty 0.4010, loss 0.7100
Epoch 7, Batch 409/633, Grad Norms near zero: 12, Lx 0.2609, Lu 0.0569, Pentalty 0.4923, loss 0.3670
Epoch 7, Batch 410/633, Grad Norms near zero: 12, Lx 0.3661, Lu 0.2014, Pentalty 0.3558, loss 0.6031
Epoch 7, Batch 411/633, Grad Norms near zero: 12, Lx 0.3540, Lu 0.1230, Pentalty 0.4454, loss 0.5215
Epoch 7, Batch 412/633, Grad Norms near zero: 12, Lx 0.4405, Lu 0.2104, Pentalty 0.4086, loss 0.6918
Epoch 7, Batch 413/633, Grad Norms near zero: 14, Lx 0.2795, Lu 0.0624, Pentalty 0.5121, loss 0.3932
Epoch 7, Batch 414/633, Grad Norms near zero: 12, Lx 0.4434, Lu 0.1588, Pentalty 0.3958, loss 0.6418
Epoch 7, Batch 415/633, Grad Norms near zero: 12, Lx 0.2156, Lu 0.0522, Pentalty 0.5170, loss 0.3195
Epoch 7, Batch 416/633, Grad Norms near zero: 12, Lx 0.4181, Lu 0.1732, Pentalty 0.3923, loss 0.6305
Epoch 7, Batch 417/633, Grad Norms near zero: 12, Lx 0.3191, Lu 0.1545, Pentalty 0.4043, loss 0.5141
Epoch 7, Batch 418/633, Grad Norms near zero: 12, Lx 0.4694, Lu 0.2108, Pentalty 0.3490, loss 0.7152
Epoch 7, Batch 419/633, Grad Norms near zero: 12, Lx 0.3243, Lu 0.1084, Pentalty 0.4430, loss 0.4770
Epoch 7, Batch 420/633, Grad Norms near zero: 12, Lx 0.4213, Lu 0.1905, Pentalty 0.4010, loss 0.6519
Epoch 7, Batch 421/633, Grad Norms near zero: 13, Lx 0.2839, Lu 0.0705, Pentalty 0.5116, loss 0.4056
Epoch 7, Batch 422/633, Grad Norms near zero: 12, Lx 0.3130, Lu 0.0921, Pentalty 0.4352, loss 0.4486
Epoch 7, Batch 423/633, Grad Norms near zero: 12, Lx 0.4234, Lu 0.2145, Pentalty 0.3767, loss 0.6756
Epoch 7, Batch 424/633, Grad Norms near zero: 12, Lx 0.2976, Lu 0.1046, Pentalty 0.4506, loss 0.4473
Epoch 7, Batch 425/633, Grad Norms near zero: 12, Lx 0.3230, Lu 0.1084, Pentalty 0.4337, loss 0.4748
Epoch 7, Batch 426/633, Grad Norms near zero: 12, Lx 0.2323, Lu 0.0664, Pentalty 0.4532, loss 0.3440
Epoch 7, Batch 427/633, Grad Norms near zero: 12, Lx 0.2071, Lu 0.0498, Pentalty 0.4894, loss 0.3059
Epoch 7, Batch 428/633, Grad Norms near zero: 12, Lx 0.3769, Lu 0.1230, Pentalty 0.4178, loss 0.5418
Epoch 7, Batch 429/633, Grad Norms near zero: 12, Lx 0.3024, Lu 0.0881, Pentalty 0.4677, loss 0.4373
Epoch 7, Batch 430/633, Grad Norms near zero: 12, Lx 0.3313, Lu 0.1449, Pentalty 0.4239, loss 0.5186
Epoch 7, Batch 431/633, Grad Norms near zero: 12, Lx 0.4323, Lu 0.2219, Pentalty 0.3122, loss 0.6854
Epoch 7, Batch 432/633, Grad Norms near zero: 12, Lx 0.4779, Lu 0.2644, Pentalty 0.3945, loss 0.7818
Epoch 7, Batch 433/633, Grad Norms near zero: 12, Lx 0.4615, Lu 0.2027, Pentalty 0.3164, loss 0.6959
Epoch 7, Batch 434/633, Grad Norms near zero: 12, Lx 0.4909, Lu 0.2374, Pentalty 0.3117, loss 0.7594
Epoch 7, Batch 435/633, Grad Norms near zero: 12, Lx 0.2219, Lu 0.0731, Pentalty 0.4828, loss 0.3433
Epoch 7, Batch 436/633, Grad Norms near zero: 12, Lx 0.3029, Lu 0.1330, Pentalty 0.3564, loss 0.4715
Epoch 7, Batch 437/633, Grad Norms near zero: 12, Lx 0.2677, Lu 0.1134, Pentalty 0.3940, loss 0.4205
Epoch 7, Batch 438/633, Grad Norms near zero: 12, Lx 0.4128, Lu 0.1789, Pentalty 0.3639, loss 0.6281
Epoch 7, Batch 439/633, Grad Norms near zero: 12, Lx 0.2945, Lu 0.1302, Pentalty 0.4604, loss 0.4707
Epoch 7, Batch 440/633, Grad Norms near zero: 12, Lx 0.2995, Lu 0.0727, Pentalty 0.4806, loss 0.4202
Epoch 7, Batch 441/633, Grad Norms near zero: 12, Lx 0.4047, Lu 0.1832, Pentalty 0.3881, loss 0.6267
Epoch 7, Batch 442/633, Grad Norms near zero: 12, Lx 0.5338, Lu 0.2404, Pentalty 0.3334, loss 0.8076
Epoch 7, Batch 443/633, Grad Norms near zero: 12, Lx 0.3707, Lu 0.2028, Pentalty 0.4461, loss 0.6182
Epoch 7, Batch 444/633, Grad Norms near zero: 12, Lx 0.4297, Lu 0.1727, Pentalty 0.3691, loss 0.6394
Epoch 7, Batch 445/633, Grad Norms near zero: 12, Lx 0.3099, Lu 0.1707, Pentalty 0.3541, loss 0.5160
Epoch 7, Batch 446/633, Grad Norms near zero: 12, Lx 0.4426, Lu 0.2208, Pentalty 0.3648, loss 0.6999
Epoch 7, Batch 447/633, Grad Norms near zero: 12, Lx 0.3621, Lu 0.1762, Pentalty 0.4127, loss 0.5795
Epoch 7, Batch 448/633, Grad Norms near zero: 12, Lx 0.1865, Lu 0.0543, Pentalty 0.5287, loss 0.2936
Epoch 7, Batch 449/633, Grad Norms near zero: 12, Lx 0.3921, Lu 0.1918, Pentalty 0.3188, loss 0.6158
Epoch 7, Batch 450/633, Grad Norms near zero: 12, Lx 0.2651, Lu 0.0697, Pentalty 0.4804, loss 0.3829
Epoch 7, Batch 451/633, Grad Norms near zero: 12, Lx 0.5558, Lu 0.2285, Pentalty 0.3352, loss 0.8179
Epoch 7, Batch 452/633, Grad Norms near zero: 12, Lx 0.3616, Lu 0.2370, Pentalty 0.3946, loss 0.6381
Epoch 7, Batch 453/633, Grad Norms near zero: 12, Lx 0.3961, Lu 0.1629, Pentalty 0.3388, loss 0.5929
Epoch 7, Batch 454/633, Grad Norms near zero: 12, Lx 0.3724, Lu 0.1370, Pentalty 0.4271, loss 0.5521
Epoch 7, Batch 455/633, Grad Norms near zero: 12, Lx 0.4364, Lu 0.1362, Pentalty 0.4197, loss 0.6145
Epoch 7, Batch 456/633, Grad Norms near zero: 12, Lx 0.3460, Lu 0.0804, Pentalty 0.4643, loss 0.4727
Epoch 7, Batch 457/633, Grad Norms near zero: 12, Lx 0.2588, Lu 0.0705, Pentalty 0.4710, loss 0.3764
Epoch 7, Batch 458/633, Grad Norms near zero: 12, Lx 0.3570, Lu 0.1760, Pentalty 0.3886, loss 0.5718
Epoch 7, Batch 459/633, Grad Norms near zero: 12, Lx 0.4485, Lu 0.1985, Pentalty 0.3387, loss 0.6808
Epoch 7, Batch 460/633, Grad Norms near zero: 12, Lx 0.3975, Lu 0.1769, Pentalty 0.3468, loss 0.6092
Epoch 7, Batch 461/633, Grad Norms near zero: 12, Lx 0.3837, Lu 0.1688, Pentalty 0.3727, loss 0.5898
Epoch 7, Batch 462/633, Grad Norms near zero: 12, Lx 0.3335, Lu 0.2152, Pentalty 0.3574, loss 0.5844
Epoch 7, Batch 463/633, Grad Norms near zero: 12, Lx 0.4393, Lu 0.2068, Pentalty 0.3424, loss 0.6803
Epoch 7, Batch 464/633, Grad Norms near zero: 12, Lx 0.3631, Lu 0.1305, Pentalty 0.4364, loss 0.5373
Epoch 7, Batch 465/633, Grad Norms near zero: 12, Lx 0.3824, Lu 0.1330, Pentalty 0.4234, loss 0.5578
Epoch 7, Batch 466/633, Grad Norms near zero: 12, Lx 0.3863, Lu 0.1660, Pentalty 0.3914, loss 0.5914
Epoch 7, Batch 467/633, Grad Norms near zero: 12, Lx 0.3945, Lu 0.1329, Pentalty 0.4675, loss 0.5742
Epoch 7, Batch 468/633, Grad Norms near zero: 12, Lx 0.3674, Lu 0.2171, Pentalty 0.3509, loss 0.6196
Epoch 7, Batch 469/633, Grad Norms near zero: 12, Lx 0.4330, Lu 0.2020, Pentalty 0.3419, loss 0.6692
Epoch 7, Batch 470/633, Grad Norms near zero: 12, Lx 0.3612, Lu 0.1182, Pentalty 0.4261, loss 0.5220
Epoch 7, Batch 471/633, Grad Norms near zero: 12, Lx 0.3935, Lu 0.2419, Pentalty 0.3252, loss 0.6679
Epoch 7, Batch 472/633, Grad Norms near zero: 12, Lx 0.2162, Lu 0.0640, Pentalty 0.5327, loss 0.3335
Epoch 7, Batch 473/633, Grad Norms near zero: 12, Lx 0.3622, Lu 0.1289, Pentalty 0.4146, loss 0.5326
Epoch 7, Batch 474/633, Grad Norms near zero: 12, Lx 0.4004, Lu 0.1811, Pentalty 0.3349, loss 0.6150
Epoch 7, Batch 475/633, Grad Norms near zero: 12, Lx 0.4570, Lu 0.2130, Pentalty 0.3382, loss 0.7039
Epoch 7, Batch 476/633, Grad Norms near zero: 12, Lx 0.4263, Lu 0.2104, Pentalty 0.3520, loss 0.6719
Epoch 7, Batch 477/633, Grad Norms near zero: 12, Lx 0.2568, Lu 0.0607, Pentalty 0.5134, loss 0.3688
Epoch 7, Batch 478/633, Grad Norms near zero: 12, Lx 0.3457, Lu 0.2484, Pentalty 0.3347, loss 0.6276
Epoch 7, Batch 479/633, Grad Norms near zero: 12, Lx 0.4251, Lu 0.2085, Pentalty 0.3404, loss 0.6676
Epoch 7, Batch 480/633, Grad Norms near zero: 12, Lx 0.3951, Lu 0.2378, Pentalty 0.3456, loss 0.6674
Epoch 7, Batch 481/633, Grad Norms near zero: 12, Lx 0.4012, Lu 0.1716, Pentalty 0.3382, loss 0.6067
Epoch 7, Batch 482/633, Grad Norms near zero: 12, Lx 0.4096, Lu 0.1903, Pentalty 0.3241, loss 0.6323
Epoch 7, Batch 483/633, Grad Norms near zero: 12, Lx 0.2384, Lu 0.0360, Pentalty 0.4697, loss 0.3214
Epoch 7, Batch 484/633, Grad Norms near zero: 12, Lx 0.3168, Lu 0.0672, Pentalty 0.5142, loss 0.4354
Epoch 7, Batch 485/633, Grad Norms near zero: 12, Lx 0.2410, Lu 0.0949, Pentalty 0.4381, loss 0.3797
Epoch 7, Batch 486/633, Grad Norms near zero: 12, Lx 0.1952, Lu 0.0453, Pentalty 0.5048, loss 0.2910
Epoch 7, Batch 487/633, Grad Norms near zero: 12, Lx 0.4461, Lu 0.2367, Pentalty 0.4218, loss 0.7250
Epoch 7, Batch 488/633, Grad Norms near zero: 12, Lx 0.2821, Lu 0.0730, Pentalty 0.4886, loss 0.4039
Epoch 7, Batch 489/633, Grad Norms near zero: 12, Lx 0.2749, Lu 0.0759, Pentalty 0.5114, loss 0.4019
Epoch 7, Batch 490/633, Grad Norms near zero: 12, Lx 0.4761, Lu 0.1957, Pentalty 0.3635, loss 0.7081
Epoch 7, Batch 491/633, Grad Norms near zero: 12, Lx 0.2550, Lu 0.0565, Pentalty 0.5493, loss 0.3664
Epoch 7, Batch 492/633, Grad Norms near zero: 12, Lx 0.3716, Lu 0.1395, Pentalty 0.4140, loss 0.5525
Epoch 7, Batch 493/633, Grad Norms near zero: 12, Lx 0.3470, Lu 0.1390, Pentalty 0.4596, loss 0.5320
Epoch 7, Batch 494/633, Grad Norms near zero: 12, Lx 0.3270, Lu 0.1529, Pentalty 0.4236, loss 0.5223
Epoch 7, Batch 495/633, Grad Norms near zero: 12, Lx 0.4052, Lu 0.2011, Pentalty 0.3805, loss 0.6444
Epoch 7, Batch 496/633, Grad Norms near zero: 12, Lx 0.4486, Lu 0.2156, Pentalty 0.3866, loss 0.7028
Epoch 7, Batch 497/633, Grad Norms near zero: 12, Lx 0.4077, Lu 0.2115, Pentalty 0.4129, loss 0.6604
Epoch 7, Batch 498/633, Grad Norms near zero: 12, Lx 0.2536, Lu 0.0625, Pentalty 0.5473, loss 0.3707
Epoch 7, Batch 499/633, Grad Norms near zero: 12, Lx 0.2733, Lu 0.0745, Pentalty 0.5178, loss 0.3996
Epoch 7, Batch 500/633, Grad Norms near zero: 12, Lx 0.4231, Lu 0.1618, Pentalty 0.4008, loss 0.6251
Epoch 7, Batch 501/633, Grad Norms near zero: 12, Lx 0.4102, Lu 0.1606, Pentalty 0.3760, loss 0.6084
Epoch 7, Batch 502/633, Grad Norms near zero: 12, Lx 0.3589, Lu 0.1513, Pentalty 0.4014, loss 0.5503
Epoch 7, Batch 503/633, Grad Norms near zero: 12, Lx 0.2831, Lu 0.1079, Pentalty 0.4095, loss 0.4320
Epoch 7, Batch 504/633, Grad Norms near zero: 12, Lx 0.3374, Lu 0.1073, Pentalty 0.4231, loss 0.4871
Epoch 7, Batch 505/633, Grad Norms near zero: 12, Lx 0.3670, Lu 0.2065, Pentalty 0.3743, loss 0.6109
Epoch 7, Batch 506/633, Grad Norms near zero: 12, Lx 0.3365, Lu 0.1247, Pentalty 0.4295, loss 0.5042
Epoch 7, Batch 507/633, Grad Norms near zero: 12, Lx 0.4068, Lu 0.1929, Pentalty 0.3773, loss 0.6375
Epoch 7, Batch 508/633, Grad Norms near zero: 12, Lx 0.5004, Lu 0.2330, Pentalty 0.3826, loss 0.7716
Epoch 7, Batch 509/633, Grad Norms near zero: 12, Lx 0.4005, Lu 0.1423, Pentalty 0.4030, loss 0.5831
Epoch 7, Batch 510/633, Grad Norms near zero: 12, Lx 0.4422, Lu 0.4171, Pentalty 0.3666, loss 0.8960
Epoch 7, Batch 511/633, Grad Norms near zero: 12, Lx 0.3189, Lu 0.1263, Pentalty 0.3892, loss 0.4842
Epoch 7, Batch 512/633, Grad Norms near zero: 12, Lx 0.3043, Lu 0.1096, Pentalty 0.3918, loss 0.4531
Epoch 7, Batch 513/633, Grad Norms near zero: 12, Lx 0.3040, Lu 0.1307, Pentalty 0.3653, loss 0.4712
Epoch 7, Batch 514/633, Grad Norms near zero: 12, Lx 0.1401, Lu 0.0891, Pentalty 0.4846, loss 0.2776
Epoch 7, Batch 515/633, Grad Norms near zero: 12, Lx 0.4270, Lu 0.1995, Pentalty 0.3088, loss 0.6574
Epoch 7, Batch 516/633, Grad Norms near zero: 12, Lx 0.3845, Lu 0.1574, Pentalty 0.3374, loss 0.5757
Epoch 7, Batch 517/633, Grad Norms near zero: 12, Lx 0.3763, Lu 0.2137, Pentalty 0.3426, loss 0.6243
Epoch 7, Batch 518/633, Grad Norms near zero: 12, Lx 0.3366, Lu 0.1589, Pentalty 0.4106, loss 0.5366
Epoch 7, Batch 519/633, Grad Norms near zero: 12, Lx 0.3327, Lu 0.0847, Pentalty 0.5037, loss 0.4678
Epoch 7, Batch 520/633, Grad Norms near zero: 12, Lx 0.3125, Lu 0.1075, Pentalty 0.4840, loss 0.4684
Epoch 7, Batch 521/633, Grad Norms near zero: 12, Lx 0.3979, Lu 0.2463, Pentalty 0.3759, loss 0.6818
Epoch 7, Batch 522/633, Grad Norms near zero: 12, Lx 0.3280, Lu 0.0526, Pentalty 0.5970, loss 0.4403
Epoch 7, Batch 523/633, Grad Norms near zero: 12, Lx 0.3720, Lu 0.2431, Pentalty 0.4811, loss 0.6632
Epoch 7, Batch 524/633, Grad Norms near zero: 12, Lx 0.2799, Lu 0.0614, Pentalty 0.5969, loss 0.4010
Epoch 7, Batch 525/633, Grad Norms near zero: 12, Lx 0.2540, Lu 0.0587, Pentalty 0.5966, loss 0.3723
Epoch 7, Batch 526/633, Grad Norms near zero: 12, Lx 0.3131, Lu 0.1044, Pentalty 0.5121, loss 0.4687
Epoch 7, Batch 527/633, Grad Norms near zero: 12, Lx 0.2448, Lu 0.0926, Pentalty 0.5133, loss 0.3887
Epoch 7, Batch 528/633, Grad Norms near zero: 12, Lx 0.3983, Lu 0.1594, Pentalty 0.4404, loss 0.6017
Epoch 7, Batch 529/633, Grad Norms near zero: 12, Lx 0.3052, Lu 0.1167, Pentalty 0.4512, loss 0.4670
Epoch 7, Batch 530/633, Grad Norms near zero: 12, Lx 0.4756, Lu 0.2115, Pentalty 0.3824, loss 0.7253
Epoch 7, Batch 531/633, Grad Norms near zero: 12, Lx 0.3548, Lu 0.1041, Pentalty 0.4560, loss 0.5045
Epoch 7, Batch 532/633, Grad Norms near zero: 12, Lx 0.4188, Lu 0.2532, Pentalty 0.3492, loss 0.7069
Epoch 7, Batch 533/633, Grad Norms near zero: 12, Lx 0.3875, Lu 0.2192, Pentalty 0.3420, loss 0.6410
Epoch 7, Batch 534/633, Grad Norms near zero: 12, Lx 0.4218, Lu 0.2648, Pentalty 0.3727, loss 0.7239
Epoch 7, Batch 535/633, Grad Norms near zero: 12, Lx 0.2747, Lu 0.0967, Pentalty 0.4238, loss 0.4138
Epoch 7, Batch 536/633, Grad Norms near zero: 12, Lx 0.3337, Lu 0.1074, Pentalty 0.3767, loss 0.4787
Epoch 7, Batch 537/633, Grad Norms near zero: 12, Lx 0.3480, Lu 0.1228, Pentalty 0.3535, loss 0.5061
Epoch 7, Batch 538/633, Grad Norms near zero: 12, Lx 0.4401, Lu 0.2061, Pentalty 0.3181, loss 0.6780
Epoch 7, Batch 539/633, Grad Norms near zero: 12, Lx 0.3928, Lu 0.2068, Pentalty 0.3068, loss 0.6303
Epoch 7, Batch 540/633, Grad Norms near zero: 12, Lx 0.4263, Lu 0.2311, Pentalty 0.3222, loss 0.6896
Epoch 7, Batch 541/633, Grad Norms near zero: 12, Lx 0.4321, Lu 0.2769, Pentalty 0.2871, loss 0.7378
Epoch 7, Batch 542/633, Grad Norms near zero: 12, Lx 0.2347, Lu 0.0439, Pentalty 0.4478, loss 0.3234
Epoch 7, Batch 543/633, Grad Norms near zero: 12, Lx 0.2686, Lu 0.0942, Pentalty 0.4231, loss 0.4052
Epoch 7, Batch 544/633, Grad Norms near zero: 12, Lx 0.4853, Lu 0.2069, Pentalty 0.3116, loss 0.7234
Epoch 7, Batch 545/633, Grad Norms near zero: 12, Lx 0.3915, Lu 0.1809, Pentalty 0.3346, loss 0.6058
Epoch 7, Batch 546/633, Grad Norms near zero: 12, Lx 0.4581, Lu 0.1699, Pentalty 0.3481, loss 0.6629
Epoch 7, Batch 547/633, Grad Norms near zero: 13, Lx 0.2858, Lu 0.0552, Pentalty 0.4833, loss 0.3894
Epoch 7, Batch 548/633, Grad Norms near zero: 12, Lx 0.3443, Lu 0.1804, Pentalty 0.3577, loss 0.5604
Epoch 7, Batch 549/633, Grad Norms near zero: 12, Lx 0.2349, Lu 0.0618, Pentalty 0.5167, loss 0.3484
Epoch 7, Batch 550/633, Grad Norms near zero: 12, Lx 0.1727, Lu 0.0342, Pentalty 0.5573, loss 0.2626
Epoch 7, Batch 551/633, Grad Norms near zero: 12, Lx 0.4128, Lu 0.1789, Pentalty 0.3867, loss 0.6304
Epoch 7, Batch 552/633, Grad Norms near zero: 12, Lx 0.4230, Lu 0.1679, Pentalty 0.4344, loss 0.6343
Epoch 7, Batch 553/633, Grad Norms near zero: 12, Lx 0.3859, Lu 0.1673, Pentalty 0.5269, loss 0.6059
Epoch 7, Batch 554/633, Grad Norms near zero: 12, Lx 0.3482, Lu 0.1556, Pentalty 0.4346, loss 0.5472
Epoch 7, Batch 555/633, Grad Norms near zero: 12, Lx 0.3737, Lu 0.2124, Pentalty 0.4145, loss 0.6276
Epoch 7, Batch 556/633, Grad Norms near zero: 12, Lx 0.2385, Lu 0.0567, Pentalty 0.6065, loss 0.3559
Epoch 7, Batch 557/633, Grad Norms near zero: 12, Lx 0.4379, Lu 0.2472, Pentalty 0.4441, loss 0.7295
Epoch 7, Batch 558/633, Grad Norms near zero: 14, Lx 0.2697, Lu 0.0696, Pentalty 0.5728, loss 0.3966
Epoch 7, Batch 559/633, Grad Norms near zero: 12, Lx 0.2808, Lu 0.1114, Pentalty 0.5029, loss 0.4424
Epoch 7, Batch 560/633, Grad Norms near zero: 12, Lx 0.3314, Lu 0.1039, Pentalty 0.4838, loss 0.4837
Epoch 7, Batch 561/633, Grad Norms near zero: 12, Lx 0.4365, Lu 0.2407, Pentalty 0.3721, loss 0.7144
Epoch 7, Batch 562/633, Grad Norms near zero: 12, Lx 0.2828, Lu 0.0632, Pentalty 0.5122, loss 0.3972
Epoch 7, Batch 563/633, Grad Norms near zero: 12, Lx 0.3520, Lu 0.1286, Pentalty 0.4917, loss 0.5297
Epoch 7, Batch 564/633, Grad Norms near zero: 12, Lx 0.3934, Lu 0.1776, Pentalty 0.3449, loss 0.6054
Epoch 7, Batch 565/633, Grad Norms near zero: 12, Lx 0.4960, Lu 0.2399, Pentalty 0.3414, loss 0.7700
Epoch 7, Batch 566/633, Grad Norms near zero: 12, Lx 0.4095, Lu 0.2109, Pentalty 0.3100, loss 0.6514
Epoch 7, Batch 567/633, Grad Norms near zero: 12, Lx 0.2996, Lu 0.0834, Pentalty 0.4398, loss 0.4270
Epoch 7, Batch 568/633, Grad Norms near zero: 12, Lx 0.3681, Lu 0.1409, Pentalty 0.3808, loss 0.5471
Epoch 7, Batch 569/633, Grad Norms near zero: 12, Lx 0.3806, Lu 0.2251, Pentalty 0.3871, loss 0.6444
Epoch 7, Batch 570/633, Grad Norms near zero: 12, Lx 0.3449, Lu 0.1667, Pentalty 0.3399, loss 0.5456
Epoch 7, Batch 571/633, Grad Norms near zero: 12, Lx 0.2906, Lu 0.1204, Pentalty 0.4087, loss 0.4519
Epoch 7, Batch 572/633, Grad Norms near zero: 12, Lx 0.4942, Lu 0.2404, Pentalty 0.3155, loss 0.7661
Epoch 7, Batch 573/633, Grad Norms near zero: 12, Lx 0.3973, Lu 0.2174, Pentalty 0.3158, loss 0.6462
Epoch 7, Batch 574/633, Grad Norms near zero: 12, Lx 0.3341, Lu 0.1444, Pentalty 0.3718, loss 0.5157
Epoch 7, Batch 575/633, Grad Norms near zero: 12, Lx 0.4227, Lu 0.1491, Pentalty 0.3842, loss 0.6103
Epoch 7, Batch 576/633, Grad Norms near zero: 12, Lx 0.3445, Lu 0.1681, Pentalty 0.3742, loss 0.5501
Epoch 7, Batch 577/633, Grad Norms near zero: 13, Lx 0.2704, Lu 0.0550, Pentalty 0.5146, loss 0.3769
Epoch 7, Batch 578/633, Grad Norms near zero: 12, Lx 0.4309, Lu 0.2416, Pentalty 0.3499, loss 0.7076
Epoch 7, Batch 579/633, Grad Norms near zero: 12, Lx 0.4579, Lu 0.1945, Pentalty 0.3531, loss 0.6877
Epoch 7, Batch 580/633, Grad Norms near zero: 12, Lx 0.3431, Lu 0.1363, Pentalty 0.3969, loss 0.5191
Epoch 7, Batch 581/633, Grad Norms near zero: 12, Lx 0.4641, Lu 0.2201, Pentalty 0.3431, loss 0.7185
Epoch 7, Batch 582/633, Grad Norms near zero: 12, Lx 0.3031, Lu 0.0736, Pentalty 0.4407, loss 0.4208
Epoch 7, Batch 583/633, Grad Norms near zero: 12, Lx 0.4002, Lu 0.1605, Pentalty 0.3678, loss 0.5975
Epoch 7, Batch 584/633, Grad Norms near zero: 12, Lx 0.2828, Lu 0.0664, Pentalty 0.5015, loss 0.3994
Epoch 7, Batch 585/633, Grad Norms near zero: 12, Lx 0.4210, Lu 0.1918, Pentalty 0.3831, loss 0.6511
Epoch 7, Batch 586/633, Grad Norms near zero: 12, Lx 0.4238, Lu 0.1501, Pentalty 0.4157, loss 0.6155
Epoch 7, Batch 587/633, Grad Norms near zero: 12, Lx 0.4783, Lu 0.2249, Pentalty 0.3694, loss 0.7401
Epoch 7, Batch 588/633, Grad Norms near zero: 12, Lx 0.4145, Lu 0.2095, Pentalty 0.3661, loss 0.6606
Epoch 7, Batch 589/633, Grad Norms near zero: 12, Lx 0.3807, Lu 0.1487, Pentalty 0.3938, loss 0.5688
Epoch 7, Batch 590/633, Grad Norms near zero: 12, Lx 0.4135, Lu 0.1929, Pentalty 0.3640, loss 0.6428
Epoch 7, Batch 591/633, Grad Norms near zero: 12, Lx 0.3523, Lu 0.1134, Pentalty 0.4351, loss 0.5093
Epoch 7, Batch 592/633, Grad Norms near zero: 12, Lx 0.3954, Lu 0.1395, Pentalty 0.3892, loss 0.5738
Epoch 7, Batch 593/633, Grad Norms near zero: 12, Lx 0.3470, Lu 0.1306, Pentalty 0.4046, loss 0.5181
Epoch 7, Batch 594/633, Grad Norms near zero: 12, Lx 0.4281, Lu 0.2055, Pentalty 0.3341, loss 0.6670
Epoch 7, Batch 595/633, Grad Norms near zero: 12, Lx 0.4279, Lu 0.2472, Pentalty 0.3655, loss 0.7116
Epoch 7, Batch 596/633, Grad Norms near zero: 12, Lx 0.3852, Lu 0.2120, Pentalty 0.3606, loss 0.6333
Epoch 7, Batch 597/633, Grad Norms near zero: 12, Lx 0.3662, Lu 0.1609, Pentalty 0.3732, loss 0.5645
Epoch 7, Batch 598/633, Grad Norms near zero: 12, Lx 0.3534, Lu 0.1317, Pentalty 0.3927, loss 0.5244
Epoch 7, Batch 599/633, Grad Norms near zero: 12, Lx 0.2854, Lu 0.0977, Pentalty 0.4854, loss 0.4316
Epoch 7, Batch 600/633, Grad Norms near zero: 12, Lx 0.3267, Lu 0.1096, Pentalty 0.4602, loss 0.4824
Epoch 7, Batch 601/633, Grad Norms near zero: 12, Lx 0.4710, Lu 0.2121, Pentalty 0.3491, loss 0.7180
Epoch 7, Batch 602/633, Grad Norms near zero: 12, Lx 0.3668, Lu 0.1677, Pentalty 0.3590, loss 0.5704
Epoch 7, Batch 603/633, Grad Norms near zero: 12, Lx 0.4416, Lu 0.2552, Pentalty 0.3490, loss 0.7317
Epoch 7, Batch 604/633, Grad Norms near zero: 12, Lx 0.3932, Lu 0.2065, Pentalty 0.3518, loss 0.6348
Epoch 7, Batch 605/633, Grad Norms near zero: 12, Lx 0.4130, Lu 0.2301, Pentalty 0.3411, loss 0.6772
Epoch 7, Batch 606/633, Grad Norms near zero: 12, Lx 0.3907, Lu 0.1276, Pentalty 0.3753, loss 0.5558
Epoch 7, Batch 607/633, Grad Norms near zero: 12, Lx 0.4448, Lu 0.2664, Pentalty 0.3263, loss 0.7438
Epoch 7, Batch 608/633, Grad Norms near zero: 12, Lx 0.3246, Lu 0.1271, Pentalty 0.3871, loss 0.4905
Epoch 7, Batch 609/633, Grad Norms near zero: 12, Lx 0.3566, Lu 0.1911, Pentalty 0.3545, loss 0.5832
Epoch 7, Batch 610/633, Grad Norms near zero: 12, Lx 0.3675, Lu 0.1389, Pentalty 0.3827, loss 0.5447
Epoch 7, Batch 611/633, Grad Norms near zero: 12, Lx 0.3775, Lu 0.1740, Pentalty 0.3553, loss 0.5871
Epoch 7, Batch 612/633, Grad Norms near zero: 12, Lx 0.3971, Lu 0.1861, Pentalty 0.3473, loss 0.6179
Epoch 7, Batch 613/633, Grad Norms near zero: 12, Lx 0.2938, Lu 0.0934, Pentalty 0.4429, loss 0.4315
Epoch 7, Batch 614/633, Grad Norms near zero: 12, Lx 0.4556, Lu 0.2272, Pentalty 0.3469, loss 0.7174
Epoch 7, Batch 615/633, Grad Norms near zero: 12, Lx 0.1549, Lu 0.0555, Pentalty 0.5372, loss 0.2641
Epoch 7, Batch 616/633, Grad Norms near zero: 12, Lx 0.3935, Lu 0.2157, Pentalty 0.3836, loss 0.6476
Epoch 7, Batch 617/633, Grad Norms near zero: 12, Lx 0.1159, Lu 0.0460, Pentalty 0.6138, loss 0.2232
Epoch 7, Batch 618/633, Grad Norms near zero: 12, Lx 0.4014, Lu 0.1666, Pentalty 0.4143, loss 0.6094
Epoch 7, Batch 619/633, Grad Norms near zero: 12, Lx 0.2306, Lu 0.0695, Pentalty 0.5295, loss 0.3530
Epoch 7, Batch 620/633, Grad Norms near zero: 12, Lx 0.3311, Lu 0.1181, Pentalty 0.4423, loss 0.4935
Epoch 7, Batch 621/633, Grad Norms near zero: 12, Lx 0.4605, Lu 0.2726, Pentalty 0.3986, loss 0.7729
Epoch 7, Batch 622/633, Grad Norms near zero: 12, Lx 0.5076, Lu 0.2414, Pentalty 0.4112, loss 0.7901
Epoch 7, Batch 623/633, Grad Norms near zero: 12, Lx 0.2762, Lu 0.1568, Pentalty 0.4215, loss 0.4752
Epoch 7, Batch 624/633, Grad Norms near zero: 12, Lx 0.4419, Lu 0.2084, Pentalty 0.3813, loss 0.6885
Epoch 7, Batch 625/633, Grad Norms near zero: 12, Lx 0.3663, Lu 0.1636, Pentalty 0.5225, loss 0.5821
Epoch 7, Batch 626/633, Grad Norms near zero: 12, Lx 0.3340, Lu 0.1672, Pentalty 0.3659, loss 0.5378
Epoch 7, Batch 627/633, Grad Norms near zero: 12, Lx 0.4357, Lu 0.2106, Pentalty 0.4468, loss 0.6910
Epoch 7, Batch 628/633, Grad Norms near zero: 12, Lx 0.3420, Lu 0.1522, Pentalty 0.4219, loss 0.5364
Epoch 7, Batch 629/633, Grad Norms near zero: 12, Lx 0.2447, Lu 0.0585, Pentalty 0.5267, loss 0.3559
Epoch 7, Batch 630/633, Grad Norms near zero: 12, Lx 0.3538, Lu 0.1517, Pentalty 0.3023, loss 0.5357
Epoch 7, Batch 631/633, Grad Norms near zero: 12, Lx 0.4245, Lu 0.1821, Pentalty 0.3749, loss 0.6441
Epoch 7, Batch 632/633, Grad Norms near zero: 12, Lx 0.4144, Lu 0.2201, Pentalty 0.3007, loss 0.6645
Epoch 7, Batch 633/633, Grad Norms near zero: 12, Lx 0.5728, Lu 0.0777, Pentalty 0.2956, loss 0.6800
Evaluating models at epoch 7
Test data size: 10000
Epoch: 7, Test Accuracy: 0.5039, Test F1 Score: 0.3377
Evaluating training data at epoch 7 for Model 1
Evaluating training data at epoch 7 for Model 2
Training for Network 1
labelled data size: 20218
unlabelled data size: 19782
Epoch 8, Batch 1/632, Grad Norms near zero: 12, Lx 0.3294, Lu 0.1585, Pentalty 0.4494, loss 0.5328
Epoch 8, Batch 2/632, Grad Norms near zero: 12, Lx 0.4537, Lu 0.2198, Pentalty 0.3012, loss 0.7036
Epoch 8, Batch 3/632, Grad Norms near zero: 12, Lx 0.2842, Lu 0.1142, Pentalty 0.4138, loss 0.4398
Epoch 8, Batch 4/632, Grad Norms near zero: 12, Lx 0.2844, Lu 0.0746, Pentalty 0.4313, loss 0.4021
Epoch 8, Batch 5/632, Grad Norms near zero: 12, Lx 0.3641, Lu 0.1071, Pentalty 0.3974, loss 0.5109
Epoch 8, Batch 6/632, Grad Norms near zero: 13, Lx 0.3580, Lu 0.2264, Pentalty 0.2450, loss 0.6089
Epoch 8, Batch 7/632, Grad Norms near zero: 12, Lx 0.4330, Lu 0.1831, Pentalty 0.3012, loss 0.6462
Epoch 8, Batch 8/632, Grad Norms near zero: 12, Lx 0.3512, Lu 0.1374, Pentalty 0.3420, loss 0.5228
Epoch 8, Batch 9/632, Grad Norms near zero: 13, Lx 0.3541, Lu 0.1283, Pentalty 0.3585, loss 0.5183
Epoch 8, Batch 10/632, Grad Norms near zero: 12, Lx 0.3679, Lu 0.2137, Pentalty 0.4076, loss 0.6224
Epoch 8, Batch 11/632, Grad Norms near zero: 12, Lx 0.2978, Lu 0.0866, Pentalty 0.4993, loss 0.4342
Epoch 8, Batch 12/632, Grad Norms near zero: 12, Lx 0.3387, Lu 0.0630, Pentalty 0.5303, loss 0.4547
Epoch 8, Batch 13/632, Grad Norms near zero: 13, Lx 0.4164, Lu 0.2441, Pentalty 0.3883, loss 0.6993
Epoch 8, Batch 14/632, Grad Norms near zero: 12, Lx 0.2508, Lu 0.0708, Pentalty 0.5604, loss 0.3776
Epoch 8, Batch 15/632, Grad Norms near zero: 12, Lx 0.3865, Lu 0.2408, Pentalty 0.4435, loss 0.6717
Epoch 8, Batch 16/632, Grad Norms near zero: 12, Lx 0.3996, Lu 0.1974, Pentalty 0.4364, loss 0.6406
Epoch 8, Batch 17/632, Grad Norms near zero: 12, Lx 0.4203, Lu 0.1953, Pentalty 0.5249, loss 0.6681
Epoch 8, Batch 18/632, Grad Norms near zero: 12, Lx 0.4107, Lu 0.1590, Pentalty 0.4005, loss 0.6098
Epoch 8, Batch 19/632, Grad Norms near zero: 12, Lx 0.3442, Lu 0.0882, Pentalty 0.4951, loss 0.4819
Epoch 8, Batch 20/632, Grad Norms near zero: 12, Lx 0.3230, Lu 0.1241, Pentalty 0.4509, loss 0.4922
Epoch 8, Batch 21/632, Grad Norms near zero: 12, Lx 0.4052, Lu 0.2698, Pentalty 0.4019, loss 0.7153
Epoch 8, Batch 22/632, Grad Norms near zero: 12, Lx 0.2220, Lu 0.0487, Pentalty 0.4497, loss 0.3157
Epoch 8, Batch 23/632, Grad Norms near zero: 12, Lx 0.3225, Lu 0.1063, Pentalty 0.4590, loss 0.4747
Epoch 8, Batch 24/632, Grad Norms near zero: 13, Lx 0.4244, Lu 0.2730, Pentalty 0.3520, loss 0.7326
Epoch 8, Batch 25/632, Grad Norms near zero: 13, Lx 0.3644, Lu 0.2013, Pentalty 0.3282, loss 0.5986
Epoch 8, Batch 26/632, Grad Norms near zero: 12, Lx 0.3573, Lu 0.1335, Pentalty 0.4100, loss 0.5318
Epoch 8, Batch 27/632, Grad Norms near zero: 12, Lx 0.2976, Lu 0.0830, Pentalty 0.4565, loss 0.4262
Epoch 8, Batch 28/632, Grad Norms near zero: 12, Lx 0.4133, Lu 0.2002, Pentalty 0.2792, loss 0.6414
Epoch 8, Batch 29/632, Grad Norms near zero: 13, Lx 0.3980, Lu 0.2143, Pentalty 0.2970, loss 0.6420
Epoch 8, Batch 30/632, Grad Norms near zero: 12, Lx 0.3628, Lu 0.1449, Pentalty 0.3189, loss 0.5396
Epoch 8, Batch 31/632, Grad Norms near zero: 12, Lx 0.2854, Lu 0.0828, Pentalty 0.4171, loss 0.4099
Epoch 8, Batch 32/632, Grad Norms near zero: 12, Lx 0.4685, Lu 0.2366, Pentalty 0.3221, loss 0.7374
Epoch 8, Batch 33/632, Grad Norms near zero: 12, Lx 0.3519, Lu 0.1447, Pentalty 0.3843, loss 0.5350
Epoch 8, Batch 34/632, Grad Norms near zero: 13, Lx 0.3308, Lu 0.1276, Pentalty 0.4252, loss 0.5009
Epoch 8, Batch 35/632, Grad Norms near zero: 12, Lx 0.3905, Lu 0.1818, Pentalty 0.3814, loss 0.6105
Epoch 8, Batch 36/632, Grad Norms near zero: 12, Lx 0.4013, Lu 0.1785, Pentalty 0.4074, loss 0.6206
Epoch 8, Batch 37/632, Grad Norms near zero: 12, Lx 0.4146, Lu 0.2341, Pentalty 0.4202, loss 0.6907
Epoch 8, Batch 38/632, Grad Norms near zero: 12, Lx 0.3839, Lu 0.2638, Pentalty 0.3845, loss 0.6861
Epoch 8, Batch 39/632, Grad Norms near zero: 12, Lx 0.3644, Lu 0.1301, Pentalty 0.3947, loss 0.5340
Epoch 8, Batch 40/632, Grad Norms near zero: 13, Lx 0.3039, Lu 0.1089, Pentalty 0.4441, loss 0.4572
Epoch 8, Batch 41/632, Grad Norms near zero: 12, Lx 0.2491, Lu 0.0473, Pentalty 0.4644, loss 0.3428
Epoch 8, Batch 42/632, Grad Norms near zero: 13, Lx 0.4216, Lu 0.2316, Pentalty 0.3110, loss 0.6842
Epoch 8, Batch 43/632, Grad Norms near zero: 12, Lx 0.2876, Lu 0.0708, Pentalty 0.4354, loss 0.4020
Epoch 8, Batch 44/632, Grad Norms near zero: 12, Lx 0.3550, Lu 0.2005, Pentalty 0.3347, loss 0.5890
Epoch 8, Batch 45/632, Grad Norms near zero: 13, Lx 0.3796, Lu 0.1569, Pentalty 0.3958, loss 0.5761
Epoch 8, Batch 46/632, Grad Norms near zero: 12, Lx 0.4282, Lu 0.1698, Pentalty 0.3887, loss 0.6369
Epoch 8, Batch 47/632, Grad Norms near zero: 12, Lx 0.1911, Lu 0.0447, Pentalty 0.5397, loss 0.2897
Epoch 8, Batch 48/632, Grad Norms near zero: 12, Lx 0.3467, Lu 0.0996, Pentalty 0.4555, loss 0.4918
Epoch 8, Batch 49/632, Grad Norms near zero: 12, Lx 0.4609, Lu 0.2719, Pentalty 0.3697, loss 0.7697
Epoch 8, Batch 50/632, Grad Norms near zero: 13, Lx 0.3145, Lu 0.1377, Pentalty 0.4219, loss 0.4944
Epoch 8, Batch 51/632, Grad Norms near zero: 12, Lx 0.4477, Lu 0.1790, Pentalty 0.3869, loss 0.6654
Epoch 8, Batch 52/632, Grad Norms near zero: 13, Lx 0.3769, Lu 0.1749, Pentalty 0.3860, loss 0.5904
Epoch 8, Batch 53/632, Grad Norms near zero: 12, Lx 0.3834, Lu 0.1509, Pentalty 0.4108, loss 0.5754
Epoch 8, Batch 54/632, Grad Norms near zero: 12, Lx 0.4467, Lu 0.2680, Pentalty 0.3555, loss 0.7502
Epoch 8, Batch 55/632, Grad Norms near zero: 12, Lx 0.3968, Lu 0.1893, Pentalty 0.3506, loss 0.6212
Epoch 8, Batch 56/632, Grad Norms near zero: 12, Lx 0.3009, Lu 0.1443, Pentalty 0.3981, loss 0.4850
Epoch 8, Batch 57/632, Grad Norms near zero: 12, Lx 0.3169, Lu 0.1338, Pentalty 0.3823, loss 0.4890
Epoch 8, Batch 58/632, Grad Norms near zero: 12, Lx 0.4227, Lu 0.2596, Pentalty 0.3317, loss 0.7154
Epoch 8, Batch 59/632, Grad Norms near zero: 12, Lx 0.4549, Lu 0.2358, Pentalty 0.3360, loss 0.7243
Epoch 8, Batch 60/632, Grad Norms near zero: 12, Lx 0.3987, Lu 0.1477, Pentalty 0.3677, loss 0.5831
Epoch 8, Batch 61/632, Grad Norms near zero: 12, Lx 0.3449, Lu 0.1635, Pentalty 0.3586, loss 0.5443
Epoch 8, Batch 62/632, Grad Norms near zero: 13, Lx 0.3784, Lu 0.1368, Pentalty 0.3716, loss 0.5523
Epoch 8, Batch 63/632, Grad Norms near zero: 12, Lx 0.2801, Lu 0.0765, Pentalty 0.4552, loss 0.4021
Epoch 8, Batch 64/632, Grad Norms near zero: 12, Lx 0.4307, Lu 0.2079, Pentalty 0.3614, loss 0.6747
Epoch 8, Batch 65/632, Grad Norms near zero: 13, Lx 0.3637, Lu 0.1558, Pentalty 0.3504, loss 0.5545
Epoch 8, Batch 66/632, Grad Norms near zero: 13, Lx 0.3444, Lu 0.2777, Pentalty 0.3000, loss 0.6521
Epoch 8, Batch 67/632, Grad Norms near zero: 12, Lx 0.3616, Lu 0.2572, Pentalty 0.2999, loss 0.6488
Epoch 8, Batch 68/632, Grad Norms near zero: 12, Lx 0.3276, Lu 0.1148, Pentalty 0.4163, loss 0.4840
Epoch 8, Batch 69/632, Grad Norms near zero: 12, Lx 0.4301, Lu 0.2573, Pentalty 0.2937, loss 0.7168
Epoch 8, Batch 70/632, Grad Norms near zero: 12, Lx 0.4017, Lu 0.1502, Pentalty 0.3090, loss 0.5829
Epoch 8, Batch 71/632, Grad Norms near zero: 12, Lx 0.3580, Lu 0.1303, Pentalty 0.3262, loss 0.5209
Epoch 8, Batch 72/632, Grad Norms near zero: 12, Lx 0.4169, Lu 0.2540, Pentalty 0.3231, loss 0.7032
Epoch 8, Batch 73/632, Grad Norms near zero: 12, Lx 0.3438, Lu 0.1165, Pentalty 0.4719, loss 0.5075
Epoch 8, Batch 74/632, Grad Norms near zero: 12, Lx 0.4537, Lu 0.2401, Pentalty 0.4296, loss 0.7367
Epoch 8, Batch 75/632, Grad Norms near zero: 12, Lx 0.4196, Lu 0.1531, Pentalty 0.3740, loss 0.6101
Epoch 8, Batch 76/632, Grad Norms near zero: 13, Lx 0.4507, Lu 0.2146, Pentalty 0.4241, loss 0.7077
Epoch 8, Batch 77/632, Grad Norms near zero: 12, Lx 0.2149, Lu 0.0543, Pentalty 0.5270, loss 0.3219
Epoch 8, Batch 78/632, Grad Norms near zero: 13, Lx 0.2646, Lu 0.0845, Pentalty 0.5364, loss 0.4027
Epoch 8, Batch 79/632, Grad Norms near zero: 13, Lx 0.2396, Lu 0.0656, Pentalty 0.5578, loss 0.3610
Epoch 8, Batch 80/632, Grad Norms near zero: 14, Lx 0.2006, Lu 0.0307, Pentalty 0.6706, loss 0.2985
Epoch 8, Batch 81/632, Grad Norms near zero: 12, Lx 0.3970, Lu 0.1962, Pentalty 0.4514, loss 0.6383
Epoch 8, Batch 82/632, Grad Norms near zero: 13, Lx 0.4273, Lu 0.2331, Pentalty 0.4055, loss 0.7009
Epoch 8, Batch 83/632, Grad Norms near zero: 12, Lx 0.3493, Lu 0.1805, Pentalty 0.4177, loss 0.5716
Epoch 8, Batch 84/632, Grad Norms near zero: 13, Lx 0.4362, Lu 0.1834, Pentalty 0.4073, loss 0.6603
Epoch 8, Batch 85/632, Grad Norms near zero: 13, Lx 0.3816, Lu 0.2115, Pentalty 0.3782, loss 0.6310
Epoch 8, Batch 86/632, Grad Norms near zero: 12, Lx 0.3918, Lu 0.2043, Pentalty 0.4057, loss 0.6367
Epoch 8, Batch 87/632, Grad Norms near zero: 12, Lx 0.4401, Lu 0.2572, Pentalty 0.3828, loss 0.7356
Epoch 8, Batch 88/632, Grad Norms near zero: 12, Lx 0.4163, Lu 0.2079, Pentalty 0.3424, loss 0.6585
Epoch 8, Batch 89/632, Grad Norms near zero: 12, Lx 0.4163, Lu 0.1673, Pentalty 0.2925, loss 0.6129
Epoch 8, Batch 90/632, Grad Norms near zero: 12, Lx 0.4338, Lu 0.2230, Pentalty 0.2778, loss 0.6846
Epoch 8, Batch 91/632, Grad Norms near zero: 13, Lx 0.4561, Lu 0.2095, Pentalty 0.2595, loss 0.6915
Epoch 8, Batch 92/632, Grad Norms near zero: 12, Lx 0.3553, Lu 0.0947, Pentalty 0.3517, loss 0.4851
Epoch 8, Batch 93/632, Grad Norms near zero: 12, Lx 0.3032, Lu 0.1329, Pentalty 0.3674, loss 0.4728
Epoch 8, Batch 94/632, Grad Norms near zero: 12, Lx 0.2668, Lu 0.0690, Pentalty 0.4370, loss 0.3795
Epoch 8, Batch 95/632, Grad Norms near zero: 12, Lx 0.4041, Lu 0.2268, Pentalty 0.3033, loss 0.6613
Epoch 8, Batch 96/632, Grad Norms near zero: 13, Lx 0.4131, Lu 0.2447, Pentalty 0.3183, loss 0.6896
Epoch 8, Batch 97/632, Grad Norms near zero: 13, Lx 0.3132, Lu 0.1550, Pentalty 0.3821, loss 0.5064
Epoch 8, Batch 98/632, Grad Norms near zero: 12, Lx 0.3648, Lu 0.1906, Pentalty 0.3617, loss 0.5915
Epoch 8, Batch 99/632, Grad Norms near zero: 12, Lx 0.3245, Lu 0.1384, Pentalty 0.4056, loss 0.5035
Epoch 8, Batch 100/632, Grad Norms near zero: 13, Lx 0.4165, Lu 0.1895, Pentalty 0.3869, loss 0.6446
Epoch 8, Batch 101/632, Grad Norms near zero: 12, Lx 0.2570, Lu 0.0612, Pentalty 0.5647, loss 0.3747
Epoch 8, Batch 102/632, Grad Norms near zero: 12, Lx 0.3938, Lu 0.1823, Pentalty 0.5059, loss 0.6267
Epoch 8, Batch 103/632, Grad Norms near zero: 12, Lx 0.3703, Lu 0.1406, Pentalty 0.4142, loss 0.5523
Epoch 8, Batch 104/632, Grad Norms near zero: 13, Lx 0.4150, Lu 0.1075, Pentalty 0.4517, loss 0.5676
Epoch 8, Batch 105/632, Grad Norms near zero: 12, Lx 0.3776, Lu 0.1430, Pentalty 0.5077, loss 0.5713
Epoch 8, Batch 106/632, Grad Norms near zero: 12, Lx 0.4415, Lu 0.2932, Pentalty 0.4329, loss 0.7780
Epoch 8, Batch 107/632, Grad Norms near zero: 12, Lx 0.3267, Lu 0.1583, Pentalty 0.3624, loss 0.5212
Epoch 8, Batch 108/632, Grad Norms near zero: 12, Lx 0.3507, Lu 0.1507, Pentalty 0.3616, loss 0.5375
Epoch 8, Batch 109/632, Grad Norms near zero: 12, Lx 0.4476, Lu 0.2785, Pentalty 0.2636, loss 0.7525
Epoch 8, Batch 110/632, Grad Norms near zero: 13, Lx 0.4172, Lu 0.2236, Pentalty 0.2922, loss 0.6700
Epoch 8, Batch 111/632, Grad Norms near zero: 12, Lx 0.4200, Lu 0.2457, Pentalty 0.2688, loss 0.6926
Epoch 8, Batch 112/632, Grad Norms near zero: 13, Lx 0.3336, Lu 0.0884, Pentalty 0.4298, loss 0.4650
Epoch 8, Batch 113/632, Grad Norms near zero: 12, Lx 0.4337, Lu 0.2018, Pentalty 0.3385, loss 0.6693
Epoch 8, Batch 114/632, Grad Norms near zero: 13, Lx 0.4160, Lu 0.2340, Pentalty 0.3992, loss 0.6899
Epoch 8, Batch 115/632, Grad Norms near zero: 12, Lx 0.3688, Lu 0.1297, Pentalty 0.4080, loss 0.5393
Epoch 8, Batch 116/632, Grad Norms near zero: 12, Lx 0.4051, Lu 0.2526, Pentalty 0.3727, loss 0.6950
Epoch 8, Batch 117/632, Grad Norms near zero: 13, Lx 0.3934, Lu 0.1298, Pentalty 0.4265, loss 0.5658
Epoch 8, Batch 118/632, Grad Norms near zero: 13, Lx 0.4341, Lu 0.2120, Pentalty 0.3714, loss 0.6832
Epoch 8, Batch 119/632, Grad Norms near zero: 14, Lx 0.2797, Lu 0.0922, Pentalty 0.4788, loss 0.4198
Epoch 8, Batch 120/632, Grad Norms near zero: 14, Lx 0.3934, Lu 0.1201, Pentalty 0.4701, loss 0.5605
Epoch 8, Batch 121/632, Grad Norms near zero: 12, Lx 0.3708, Lu 0.1096, Pentalty 0.4754, loss 0.5279
Epoch 8, Batch 122/632, Grad Norms near zero: 12, Lx 0.4518, Lu 0.2319, Pentalty 0.4053, loss 0.7243
Epoch 8, Batch 123/632, Grad Norms near zero: 14, Lx 0.2482, Lu 0.0938, Pentalty 0.5183, loss 0.3938
Epoch 8, Batch 124/632, Grad Norms near zero: 14, Lx 0.3946, Lu 0.1573, Pentalty 0.4351, loss 0.5954
Epoch 8, Batch 125/632, Grad Norms near zero: 12, Lx 0.3383, Lu 0.1431, Pentalty 0.3895, loss 0.5203
Epoch 8, Batch 126/632, Grad Norms near zero: 12, Lx 0.4222, Lu 0.2273, Pentalty 0.3673, loss 0.6862
Epoch 8, Batch 127/632, Grad Norms near zero: 12, Lx 0.3240, Lu 0.1032, Pentalty 0.4049, loss 0.4676
Epoch 8, Batch 128/632, Grad Norms near zero: 13, Lx 0.3190, Lu 0.0890, Pentalty 0.4721, loss 0.4552
Epoch 8, Batch 129/632, Grad Norms near zero: 13, Lx 0.4395, Lu 0.2682, Pentalty 0.3652, loss 0.7443
Epoch 8, Batch 130/632, Grad Norms near zero: 12, Lx 0.5270, Lu 0.3982, Pentalty 0.3271, loss 0.9578
Epoch 8, Batch 131/632, Grad Norms near zero: 12, Lx 0.3765, Lu 0.1108, Pentalty 0.4125, loss 0.5285
Epoch 8, Batch 132/632, Grad Norms near zero: 13, Lx 0.4026, Lu 0.2439, Pentalty 0.3091, loss 0.6774
Epoch 8, Batch 133/632, Grad Norms near zero: 12, Lx 0.1891, Lu 0.0876, Pentalty 0.4463, loss 0.3213
Epoch 8, Batch 134/632, Grad Norms near zero: 13, Lx 0.4636, Lu 0.2476, Pentalty 0.3271, loss 0.7439
Epoch 8, Batch 135/632, Grad Norms near zero: 12, Lx 0.4058, Lu 0.1299, Pentalty 0.3731, loss 0.5729
Epoch 8, Batch 136/632, Grad Norms near zero: 13, Lx 0.4860, Lu 0.2047, Pentalty 0.3354, loss 0.7242
Epoch 8, Batch 137/632, Grad Norms near zero: 13, Lx 0.4277, Lu 0.2645, Pentalty 0.3232, loss 0.7246
Epoch 8, Batch 138/632, Grad Norms near zero: 12, Lx 0.4102, Lu 0.2163, Pentalty 0.3191, loss 0.6584
Epoch 8, Batch 139/632, Grad Norms near zero: 13, Lx 0.3935, Lu 0.1977, Pentalty 0.3549, loss 0.6266
Epoch 8, Batch 140/632, Grad Norms near zero: 12, Lx 0.2858, Lu 0.0743, Pentalty 0.5056, loss 0.4106
Epoch 8, Batch 141/632, Grad Norms near zero: 12, Lx 0.3239, Lu 0.1436, Pentalty 0.3962, loss 0.5071
Epoch 8, Batch 142/632, Grad Norms near zero: 12, Lx 0.4380, Lu 0.2130, Pentalty 0.3790, loss 0.6889
Epoch 8, Batch 143/632, Grad Norms near zero: 12, Lx 0.2609, Lu 0.0670, Pentalty 0.5172, loss 0.3796
Epoch 8, Batch 144/632, Grad Norms near zero: 12, Lx 0.1448, Lu 0.0289, Pentalty 0.6483, loss 0.2385
Epoch 8, Batch 145/632, Grad Norms near zero: 14, Lx 0.3068, Lu 0.0612, Pentalty 0.5467, loss 0.4228
Epoch 8, Batch 146/632, Grad Norms near zero: 13, Lx 0.3965, Lu 0.1559, Pentalty 0.4260, loss 0.5950
Epoch 8, Batch 147/632, Grad Norms near zero: 12, Lx 0.5513, Lu 0.3229, Pentalty 0.4526, loss 0.9195
Epoch 8, Batch 148/632, Grad Norms near zero: 12, Lx 0.3708, Lu 0.2154, Pentalty 0.4500, loss 0.6312
Epoch 8, Batch 149/632, Grad Norms near zero: 12, Lx 0.3607, Lu 0.2788, Pentalty 0.3550, loss 0.6750
Epoch 8, Batch 150/632, Grad Norms near zero: 13, Lx 0.4481, Lu 0.2437, Pentalty 0.3413, loss 0.7259
Epoch 8, Batch 151/632, Grad Norms near zero: 13, Lx 0.3844, Lu 0.1354, Pentalty 0.3701, loss 0.5569
Epoch 8, Batch 152/632, Grad Norms near zero: 12, Lx 0.3632, Lu 0.1607, Pentalty 0.3551, loss 0.5595
Epoch 8, Batch 153/632, Grad Norms near zero: 12, Lx 0.3946, Lu 0.2964, Pentalty 0.2758, loss 0.7186
Epoch 8, Batch 154/632, Grad Norms near zero: 13, Lx 0.4726, Lu 0.2344, Pentalty 0.2682, loss 0.7338
Epoch 8, Batch 155/632, Grad Norms near zero: 12, Lx 0.2938, Lu 0.1021, Pentalty 0.3741, loss 0.4334
Epoch 8, Batch 156/632, Grad Norms near zero: 12, Lx 0.3490, Lu 0.1934, Pentalty 0.3201, loss 0.5745
Epoch 8, Batch 157/632, Grad Norms near zero: 12, Lx 0.2258, Lu 0.0403, Pentalty 0.4665, loss 0.3128
Epoch 8, Batch 158/632, Grad Norms near zero: 13, Lx 0.4841, Lu 0.2874, Pentalty 0.2891, loss 0.8003
Epoch 8, Batch 159/632, Grad Norms near zero: 13, Lx 0.5031, Lu 0.2706, Pentalty 0.2838, loss 0.8021
Epoch 8, Batch 160/632, Grad Norms near zero: 12, Lx 0.2968, Lu 0.1085, Pentalty 0.3761, loss 0.4429
Epoch 8, Batch 161/632, Grad Norms near zero: 12, Lx 0.3111, Lu 0.1273, Pentalty 0.3796, loss 0.4763
Epoch 8, Batch 162/632, Grad Norms near zero: 12, Lx 0.3908, Lu 0.2441, Pentalty 0.3054, loss 0.6655
Epoch 8, Batch 163/632, Grad Norms near zero: 12, Lx 0.2575, Lu 0.1410, Pentalty 0.3891, loss 0.4374
Epoch 8, Batch 164/632, Grad Norms near zero: 12, Lx 0.4745, Lu 0.1777, Pentalty 0.3288, loss 0.6851
Epoch 8, Batch 165/632, Grad Norms near zero: 13, Lx 0.3491, Lu 0.1477, Pentalty 0.3981, loss 0.5367
Epoch 8, Batch 166/632, Grad Norms near zero: 12, Lx 0.2226, Lu 0.0443, Pentalty 0.5187, loss 0.3188
Epoch 8, Batch 167/632, Grad Norms near zero: 13, Lx 0.4018, Lu 0.2531, Pentalty 0.3502, loss 0.6900
Epoch 8, Batch 168/632, Grad Norms near zero: 13, Lx 0.3489, Lu 0.1028, Pentalty 0.4777, loss 0.4995
Epoch 8, Batch 169/632, Grad Norms near zero: 12, Lx 0.3205, Lu 0.0996, Pentalty 0.5049, loss 0.4706
Epoch 8, Batch 170/632, Grad Norms near zero: 12, Lx 0.2891, Lu 0.0997, Pentalty 0.5047, loss 0.4392
Epoch 8, Batch 171/632, Grad Norms near zero: 12, Lx 0.3563, Lu 0.1541, Pentalty 0.5017, loss 0.5606
Epoch 8, Batch 172/632, Grad Norms near zero: 12, Lx 0.3352, Lu 0.2052, Pentalty 0.4611, loss 0.5865
Epoch 8, Batch 173/632, Grad Norms near zero: 14, Lx 0.2942, Lu 0.0660, Pentalty 0.5331, loss 0.4136
Epoch 8, Batch 174/632, Grad Norms near zero: 12, Lx 0.4400, Lu 0.2193, Pentalty 0.3643, loss 0.6958
Epoch 8, Batch 175/632, Grad Norms near zero: 13, Lx 0.3131, Lu 0.0965, Pentalty 0.4854, loss 0.4581
Epoch 8, Batch 176/632, Grad Norms near zero: 12, Lx 0.3976, Lu 0.1633, Pentalty 0.4511, loss 0.6061
Epoch 8, Batch 177/632, Grad Norms near zero: 12, Lx 0.3580, Lu 0.2078, Pentalty 0.4160, loss 0.6074
Epoch 8, Batch 178/632, Grad Norms near zero: 12, Lx 0.3578, Lu 0.1294, Pentalty 0.4012, loss 0.5273
Epoch 8, Batch 179/632, Grad Norms near zero: 12, Lx 0.3421, Lu 0.2051, Pentalty 0.3392, loss 0.5812
Epoch 8, Batch 180/632, Grad Norms near zero: 13, Lx 0.3482, Lu 0.1954, Pentalty 0.3226, loss 0.5758
Epoch 8, Batch 181/632, Grad Norms near zero: 12, Lx 0.4074, Lu 0.1946, Pentalty 0.3331, loss 0.6353
Epoch 8, Batch 182/632, Grad Norms near zero: 12, Lx 0.2196, Lu 0.0607, Pentalty 0.4887, loss 0.3292
Epoch 8, Batch 183/632, Grad Norms near zero: 12, Lx 0.2037, Lu 0.0762, Pentalty 0.5081, loss 0.3306
Epoch 8, Batch 184/632, Grad Norms near zero: 13, Lx 0.4482, Lu 0.2171, Pentalty 0.3154, loss 0.6969
Epoch 8, Batch 185/632, Grad Norms near zero: 12, Lx 0.3792, Lu 0.1859, Pentalty 0.3716, loss 0.6023
Epoch 8, Batch 186/632, Grad Norms near zero: 12, Lx 0.3476, Lu 0.1085, Pentalty 0.4524, loss 0.5013
Epoch 8, Batch 187/632, Grad Norms near zero: 12, Lx 0.2337, Lu 0.0652, Pentalty 0.5226, loss 0.3512
Epoch 8, Batch 188/632, Grad Norms near zero: 12, Lx 0.3869, Lu 0.2303, Pentalty 0.3557, loss 0.6527
Epoch 8, Batch 189/632, Grad Norms near zero: 12, Lx 0.2210, Lu 0.0439, Pentalty 0.5417, loss 0.3191
Epoch 8, Batch 190/632, Grad Norms near zero: 12, Lx 0.2661, Lu 0.0645, Pentalty 0.5288, loss 0.3835
Epoch 8, Batch 191/632, Grad Norms near zero: 12, Lx 0.2909, Lu 0.1558, Pentalty 0.4197, loss 0.4887
Epoch 8, Batch 192/632, Grad Norms near zero: 13, Lx 0.2919, Lu 0.1045, Pentalty 0.5181, loss 0.4482
Epoch 8, Batch 193/632, Grad Norms near zero: 13, Lx 0.3018, Lu 0.1110, Pentalty 0.4916, loss 0.4620
Epoch 8, Batch 194/632, Grad Norms near zero: 13, Lx 0.3397, Lu 0.1742, Pentalty 0.4339, loss 0.5573
Epoch 8, Batch 195/632, Grad Norms near zero: 12, Lx 0.3573, Lu 0.2279, Pentalty 0.4140, loss 0.6265
Epoch 8, Batch 196/632, Grad Norms near zero: 13, Lx 0.2428, Lu 0.0620, Pentalty 0.6011, loss 0.3649
Epoch 8, Batch 197/632, Grad Norms near zero: 12, Lx 0.4438, Lu 0.2146, Pentalty 0.4280, loss 0.7012
Epoch 8, Batch 198/632, Grad Norms near zero: 12, Lx 0.3666, Lu 0.2210, Pentalty 0.4152, loss 0.6291
Epoch 8, Batch 199/632, Grad Norms near zero: 12, Lx 0.3044, Lu 0.0888, Pentalty 0.5075, loss 0.4440
Epoch 8, Batch 200/632, Grad Norms near zero: 13, Lx 0.3322, Lu 0.1221, Pentalty 0.4462, loss 0.4989
Epoch 8, Batch 201/632, Grad Norms near zero: 12, Lx 0.4057, Lu 0.1966, Pentalty 0.4022, loss 0.6425
Epoch 8, Batch 202/632, Grad Norms near zero: 13, Lx 0.4943, Lu 0.2622, Pentalty 0.3618, loss 0.7927
Epoch 8, Batch 203/632, Grad Norms near zero: 12, Lx 0.2089, Lu 0.0534, Pentalty 0.5103, loss 0.3133
Epoch 8, Batch 204/632, Grad Norms near zero: 13, Lx 0.3159, Lu 0.1328, Pentalty 0.4161, loss 0.4903
Epoch 8, Batch 205/632, Grad Norms near zero: 13, Lx 0.3416, Lu 0.2112, Pentalty 0.3687, loss 0.5897
Epoch 8, Batch 206/632, Grad Norms near zero: 12, Lx 0.4915, Lu 0.2206, Pentalty 0.4035, loss 0.7525
Epoch 8, Batch 207/632, Grad Norms near zero: 12, Lx 0.4353, Lu 0.1826, Pentalty 0.3732, loss 0.6552
Epoch 8, Batch 208/632, Grad Norms near zero: 12, Lx 0.4337, Lu 0.2738, Pentalty 0.3225, loss 0.7397
Epoch 8, Batch 209/632, Grad Norms near zero: 12, Lx 0.3631, Lu 0.1460, Pentalty 0.3541, loss 0.5445
Epoch 8, Batch 210/632, Grad Norms near zero: 13, Lx 0.4680, Lu 0.2303, Pentalty 0.3219, loss 0.7305
Epoch 8, Batch 211/632, Grad Norms near zero: 12, Lx 0.3487, Lu 0.1912, Pentalty 0.3047, loss 0.5703
Epoch 8, Batch 212/632, Grad Norms near zero: 12, Lx 0.3379, Lu 0.0896, Pentalty 0.4156, loss 0.4692
Epoch 8, Batch 213/632, Grad Norms near zero: 12, Lx 0.4868, Lu 0.2213, Pentalty 0.3076, loss 0.7389
Epoch 8, Batch 214/632, Grad Norms near zero: 13, Lx 0.5007, Lu 0.2512, Pentalty 0.2954, loss 0.7814
Epoch 8, Batch 215/632, Grad Norms near zero: 13, Lx 0.3037, Lu 0.1054, Pentalty 0.3820, loss 0.4473
Epoch 8, Batch 216/632, Grad Norms near zero: 12, Lx 0.4508, Lu 0.2138, Pentalty 0.3078, loss 0.6954
Epoch 8, Batch 217/632, Grad Norms near zero: 12, Lx 0.5230, Lu 0.2618, Pentalty 0.3040, loss 0.8152
Epoch 8, Batch 218/632, Grad Norms near zero: 13, Lx 0.3805, Lu 0.2602, Pentalty 0.3099, loss 0.6717
Epoch 8, Batch 219/632, Grad Norms near zero: 12, Lx 0.2419, Lu 0.0864, Pentalty 0.4350, loss 0.3718
Epoch 8, Batch 220/632, Grad Norms near zero: 12, Lx 0.3664, Lu 0.1518, Pentalty 0.3638, loss 0.5546
Epoch 8, Batch 221/632, Grad Norms near zero: 12, Lx 0.3905, Lu 0.2722, Pentalty 0.3545, loss 0.6981
Epoch 8, Batch 222/632, Grad Norms near zero: 12, Lx 0.3873, Lu 0.2322, Pentalty 0.3796, loss 0.6575
Epoch 8, Batch 223/632, Grad Norms near zero: 12, Lx 0.4442, Lu 0.2171, Pentalty 0.3820, loss 0.6995
Epoch 8, Batch 224/632, Grad Norms near zero: 14, Lx 0.3259, Lu 0.0668, Pentalty 0.5240, loss 0.4452
Epoch 8, Batch 225/632, Grad Norms near zero: 12, Lx 0.3947, Lu 0.1411, Pentalty 0.4457, loss 0.5803
Epoch 8, Batch 226/632, Grad Norms near zero: 12, Lx 0.3579, Lu 0.1505, Pentalty 0.3992, loss 0.5483
Epoch 8, Batch 227/632, Grad Norms near zero: 12, Lx 0.2224, Lu 0.0404, Pentalty 0.5441, loss 0.3172
Epoch 8, Batch 228/632, Grad Norms near zero: 12, Lx 0.2866, Lu 0.0862, Pentalty 0.4679, loss 0.4196
Epoch 8, Batch 229/632, Grad Norms near zero: 13, Lx 0.3583, Lu 0.1120, Pentalty 0.4619, loss 0.5165
Epoch 8, Batch 230/632, Grad Norms near zero: 12, Lx 0.4240, Lu 0.1693, Pentalty 0.4000, loss 0.6333
Epoch 8, Batch 231/632, Grad Norms near zero: 12, Lx 0.1760, Lu 0.0254, Pentalty 0.6094, loss 0.2623
Epoch 8, Batch 232/632, Grad Norms near zero: 12, Lx 0.3737, Lu 0.2692, Pentalty 0.3978, loss 0.6827
Epoch 8, Batch 233/632, Grad Norms near zero: 13, Lx 0.3586, Lu 0.2105, Pentalty 0.3649, loss 0.6056
Epoch 8, Batch 234/632, Grad Norms near zero: 13, Lx 0.3761, Lu 0.1429, Pentalty 0.4386, loss 0.5629
Epoch 8, Batch 235/632, Grad Norms near zero: 13, Lx 0.3914, Lu 0.1535, Pentalty 0.3962, loss 0.5846
Epoch 8, Batch 236/632, Grad Norms near zero: 12, Lx 0.4782, Lu 0.2334, Pentalty 0.3891, loss 0.7506
Epoch 8, Batch 237/632, Grad Norms near zero: 13, Lx 0.3235, Lu 0.1242, Pentalty 0.4179, loss 0.4895
Epoch 8, Batch 238/632, Grad Norms near zero: 12, Lx 0.3704, Lu 0.1879, Pentalty 0.3587, loss 0.5942
Epoch 8, Batch 239/632, Grad Norms near zero: 12, Lx 0.2569, Lu 0.0699, Pentalty 0.4872, loss 0.3756
Epoch 8, Batch 240/632, Grad Norms near zero: 12, Lx 0.4781, Lu 0.2533, Pentalty 0.3111, loss 0.7625
Epoch 8, Batch 241/632, Grad Norms near zero: 12, Lx 0.2949, Lu 0.0750, Pentalty 0.4732, loss 0.4172
Epoch 8, Batch 242/632, Grad Norms near zero: 13, Lx 0.3587, Lu 0.1317, Pentalty 0.3730, loss 0.5277
Epoch 8, Batch 243/632, Grad Norms near zero: 12, Lx 0.4241, Lu 0.2479, Pentalty 0.3252, loss 0.7045
Epoch 8, Batch 244/632, Grad Norms near zero: 13, Lx 0.4564, Lu 0.2303, Pentalty 0.3399, loss 0.7208
Epoch 8, Batch 245/632, Grad Norms near zero: 12, Lx 0.3944, Lu 0.2684, Pentalty 0.3736, loss 0.7001
Epoch 8, Batch 246/632, Grad Norms near zero: 13, Lx 0.3269, Lu 0.1591, Pentalty 0.3473, loss 0.5207
Epoch 8, Batch 247/632, Grad Norms near zero: 12, Lx 0.3114, Lu 0.0839, Pentalty 0.4294, loss 0.4383
Epoch 8, Batch 248/632, Grad Norms near zero: 13, Lx 0.3905, Lu 0.2075, Pentalty 0.3120, loss 0.6292
Epoch 8, Batch 249/632, Grad Norms near zero: 12, Lx 0.4177, Lu 0.2134, Pentalty 0.3459, loss 0.6658
Epoch 8, Batch 250/632, Grad Norms near zero: 12, Lx 0.4257, Lu 0.1921, Pentalty 0.3490, loss 0.6527
Epoch 8, Batch 251/632, Grad Norms near zero: 14, Lx 0.3693, Lu 0.1765, Pentalty 0.3367, loss 0.5795
Epoch 8, Batch 252/632, Grad Norms near zero: 12, Lx 0.3430, Lu 0.2524, Pentalty 0.3390, loss 0.6293
Epoch 8, Batch 253/632, Grad Norms near zero: 12, Lx 0.2798, Lu 0.1056, Pentalty 0.4371, loss 0.4292
Epoch 8, Batch 254/632, Grad Norms near zero: 12, Lx 0.4038, Lu 0.2619, Pentalty 0.3173, loss 0.6974
Epoch 8, Batch 255/632, Grad Norms near zero: 12, Lx 0.4427, Lu 0.2710, Pentalty 0.2981, loss 0.7435
Epoch 8, Batch 256/632, Grad Norms near zero: 12, Lx 0.2647, Lu 0.0509, Pentalty 0.4213, loss 0.3577
Epoch 8, Batch 257/632, Grad Norms near zero: 12, Lx 0.3024, Lu 0.1166, Pentalty 0.4068, loss 0.4597
Epoch 8, Batch 258/632, Grad Norms near zero: 12, Lx 0.3790, Lu 0.2327, Pentalty 0.3272, loss 0.6444
Epoch 8, Batch 259/632, Grad Norms near zero: 12, Lx 0.3992, Lu 0.2068, Pentalty 0.3867, loss 0.6447
Epoch 8, Batch 260/632, Grad Norms near zero: 12, Lx 0.4020, Lu 0.1798, Pentalty 0.3798, loss 0.6198
Epoch 8, Batch 261/632, Grad Norms near zero: 13, Lx 0.3775, Lu 0.1242, Pentalty 0.4006, loss 0.5417
Epoch 8, Batch 262/632, Grad Norms near zero: 12, Lx 0.2670, Lu 0.0619, Pentalty 0.5133, loss 0.3803
Epoch 8, Batch 263/632, Grad Norms near zero: 13, Lx 0.4335, Lu 0.2287, Pentalty 0.3586, loss 0.6980
Epoch 8, Batch 264/632, Grad Norms near zero: 13, Lx 0.3181, Lu 0.1175, Pentalty 0.4053, loss 0.4761
Epoch 8, Batch 265/632, Grad Norms near zero: 12, Lx 0.3277, Lu 0.2207, Pentalty 0.3701, loss 0.5854
Epoch 8, Batch 266/632, Grad Norms near zero: 12, Lx 0.3918, Lu 0.2832, Pentalty 0.3251, loss 0.7076
Epoch 8, Batch 267/632, Grad Norms near zero: 12, Lx 0.3342, Lu 0.2793, Pentalty 0.3540, loss 0.6489
Epoch 8, Batch 268/632, Grad Norms near zero: 12, Lx 0.1968, Lu 0.0444, Pentalty 0.5650, loss 0.2977
Epoch 8, Batch 269/632, Grad Norms near zero: 12, Lx 0.4236, Lu 0.2634, Pentalty 0.3284, loss 0.7198
Epoch 8, Batch 270/632, Grad Norms near zero: 14, Lx 0.3098, Lu 0.1177, Pentalty 0.3928, loss 0.4669
Epoch 8, Batch 271/632, Grad Norms near zero: 12, Lx 0.4586, Lu 0.2507, Pentalty 0.2813, loss 0.7374
Epoch 8, Batch 272/632, Grad Norms near zero: 12, Lx 0.1992, Lu 0.0452, Pentalty 0.5093, loss 0.2953
Epoch 8, Batch 273/632, Grad Norms near zero: 12, Lx 0.4035, Lu 0.2344, Pentalty 0.3186, loss 0.6697
Epoch 8, Batch 274/632, Grad Norms near zero: 12, Lx 0.3989, Lu 0.2578, Pentalty 0.3175, loss 0.6884
Epoch 8, Batch 275/632, Grad Norms near zero: 12, Lx 0.4385, Lu 0.1911, Pentalty 0.2936, loss 0.6589
Epoch 8, Batch 276/632, Grad Norms near zero: 12, Lx 0.3673, Lu 0.1775, Pentalty 0.3406, loss 0.5788
Epoch 8, Batch 277/632, Grad Norms near zero: 12, Lx 0.2829, Lu 0.0952, Pentalty 0.3190, loss 0.4101
Epoch 8, Batch 278/632, Grad Norms near zero: 12, Lx 0.4014, Lu 0.1291, Pentalty 0.3887, loss 0.5694
Epoch 8, Batch 279/632, Grad Norms near zero: 12, Lx 0.3767, Lu 0.1398, Pentalty 0.3649, loss 0.5530
Epoch 8, Batch 280/632, Grad Norms near zero: 12, Lx 0.2216, Lu 0.0406, Pentalty 0.5490, loss 0.3171
Epoch 8, Batch 281/632, Grad Norms near zero: 12, Lx 0.3255, Lu 0.1312, Pentalty 0.4374, loss 0.5005
Epoch 8, Batch 282/632, Grad Norms near zero: 12, Lx 0.3258, Lu 0.0922, Pentalty 0.5211, loss 0.4702
Epoch 8, Batch 283/632, Grad Norms near zero: 13, Lx 0.3015, Lu 0.0924, Pentalty 0.5091, loss 0.4449
Epoch 8, Batch 284/632, Grad Norms near zero: 13, Lx 0.3802, Lu 0.1356, Pentalty 0.4720, loss 0.5630
Epoch 8, Batch 285/632, Grad Norms near zero: 12, Lx 0.3625, Lu 0.1727, Pentalty 0.4232, loss 0.5776
Epoch 8, Batch 286/632, Grad Norms near zero: 13, Lx 0.3661, Lu 0.1737, Pentalty 0.4229, loss 0.5821
Epoch 8, Batch 287/632, Grad Norms near zero: 12, Lx 0.3256, Lu 0.1410, Pentalty 0.4697, loss 0.5135
Epoch 8, Batch 288/632, Grad Norms near zero: 12, Lx 0.2451, Lu 0.0471, Pentalty 0.5391, loss 0.3461
Epoch 8, Batch 289/632, Grad Norms near zero: 13, Lx 0.2688, Lu 0.0640, Pentalty 0.5497, loss 0.3878
Epoch 8, Batch 290/632, Grad Norms near zero: 13, Lx 0.3306, Lu 0.1553, Pentalty 0.4315, loss 0.5291
Epoch 8, Batch 291/632, Grad Norms near zero: 14, Lx 0.2932, Lu 0.0747, Pentalty 0.5126, loss 0.4192
Epoch 8, Batch 292/632, Grad Norms near zero: 12, Lx 0.3600, Lu 0.2161, Pentalty 0.4221, loss 0.6184
Epoch 8, Batch 293/632, Grad Norms near zero: 12, Lx 0.3185, Lu 0.1309, Pentalty 0.4542, loss 0.4948
Epoch 8, Batch 294/632, Grad Norms near zero: 12, Lx 0.4363, Lu 0.2769, Pentalty 0.4278, loss 0.7560
Epoch 8, Batch 295/632, Grad Norms near zero: 12, Lx 0.2426, Lu 0.0462, Pentalty 0.5305, loss 0.3418
Epoch 8, Batch 296/632, Grad Norms near zero: 12, Lx 0.2938, Lu 0.1279, Pentalty 0.4131, loss 0.4630
Epoch 8, Batch 297/632, Grad Norms near zero: 13, Lx 0.3441, Lu 0.1734, Pentalty 0.3651, loss 0.5540
Epoch 8, Batch 298/632, Grad Norms near zero: 12, Lx 0.4048, Lu 0.1474, Pentalty 0.3832, loss 0.5905
Epoch 8, Batch 299/632, Grad Norms near zero: 13, Lx 0.4170, Lu 0.2123, Pentalty 0.3437, loss 0.6636
Epoch 8, Batch 300/632, Grad Norms near zero: 12, Lx 0.2280, Lu 0.0446, Pentalty 0.5055, loss 0.3232
Epoch 8, Batch 301/632, Grad Norms near zero: 13, Lx 0.2910, Lu 0.0840, Pentalty 0.4807, loss 0.4231
Epoch 8, Batch 302/632, Grad Norms near zero: 12, Lx 0.3727, Lu 0.1376, Pentalty 0.4106, loss 0.5514
Epoch 8, Batch 303/632, Grad Norms near zero: 12, Lx 0.3535, Lu 0.1694, Pentalty 0.3782, loss 0.5607
Epoch 8, Batch 304/632, Grad Norms near zero: 14, Lx 0.2863, Lu 0.0502, Pentalty 0.5745, loss 0.3940
Epoch 8, Batch 305/632, Grad Norms near zero: 12, Lx 0.4326, Lu 0.2398, Pentalty 0.3921, loss 0.7116
Epoch 8, Batch 306/632, Grad Norms near zero: 12, Lx 0.3805, Lu 0.2599, Pentalty 0.4042, loss 0.6808
Epoch 8, Batch 307/632, Grad Norms near zero: 12, Lx 0.3295, Lu 0.2564, Pentalty 0.4658, loss 0.6325
Epoch 8, Batch 308/632, Grad Norms near zero: 13, Lx 0.3420, Lu 0.1642, Pentalty 0.4324, loss 0.5495
Epoch 8, Batch 309/632, Grad Norms near zero: 12, Lx 0.3990, Lu 0.2250, Pentalty 0.3735, loss 0.6613
Epoch 8, Batch 310/632, Grad Norms near zero: 12, Lx 0.4480, Lu 0.1911, Pentalty 0.3570, loss 0.6747
Epoch 8, Batch 311/632, Grad Norms near zero: 12, Lx 0.2200, Lu 0.0508, Pentalty 0.5551, loss 0.3263
Epoch 8, Batch 312/632, Grad Norms near zero: 12, Lx 0.2119, Lu 0.0576, Pentalty 0.5014, loss 0.3196
Epoch 8, Batch 313/632, Grad Norms near zero: 12, Lx 0.2735, Lu 0.0929, Pentalty 0.4290, loss 0.4093
Epoch 8, Batch 314/632, Grad Norms near zero: 12, Lx 0.3940, Lu 0.1860, Pentalty 0.3282, loss 0.6129
Epoch 8, Batch 315/632, Grad Norms near zero: 12, Lx 0.2362, Lu 0.0463, Pentalty 0.5230, loss 0.3348
Epoch 8, Batch 316/632, Grad Norms near zero: 12, Lx 0.4218, Lu 0.2463, Pentalty 0.3899, loss 0.7071
Epoch 8, Batch 317/632, Grad Norms near zero: 14, Lx 0.3762, Lu 0.1513, Pentalty 0.3938, loss 0.5669
Epoch 8, Batch 318/632, Grad Norms near zero: 12, Lx 0.4466, Lu 0.2159, Pentalty 0.3432, loss 0.6969
Epoch 8, Batch 319/632, Grad Norms near zero: 12, Lx 0.4421, Lu 0.2410, Pentalty 0.3344, loss 0.7165
Epoch 8, Batch 320/632, Grad Norms near zero: 12, Lx 0.4115, Lu 0.2370, Pentalty 0.3247, loss 0.6809
Epoch 8, Batch 321/632, Grad Norms near zero: 12, Lx 0.3844, Lu 0.2815, Pentalty 0.3020, loss 0.6961
Epoch 8, Batch 322/632, Grad Norms near zero: 12, Lx 0.3867, Lu 0.1903, Pentalty 0.3039, loss 0.6074
Epoch 8, Batch 323/632, Grad Norms near zero: 12, Lx 0.3212, Lu 0.1169, Pentalty 0.3912, loss 0.4772
Epoch 8, Batch 324/632, Grad Norms near zero: 12, Lx 0.3812, Lu 0.1716, Pentalty 0.2851, loss 0.5813
Epoch 8, Batch 325/632, Grad Norms near zero: 12, Lx 0.3594, Lu 0.1976, Pentalty 0.3173, loss 0.5888
Epoch 8, Batch 326/632, Grad Norms near zero: 12, Lx 0.3045, Lu 0.0830, Pentalty 0.4843, loss 0.4360
Epoch 8, Batch 327/632, Grad Norms near zero: 12, Lx 0.4588, Lu 0.2225, Pentalty 0.3063, loss 0.7119
Epoch 8, Batch 328/632, Grad Norms near zero: 12, Lx 0.4302, Lu 0.2016, Pentalty 0.3354, loss 0.6653
Epoch 8, Batch 329/632, Grad Norms near zero: 12, Lx 0.4471, Lu 0.1760, Pentalty 0.3593, loss 0.6590
Epoch 8, Batch 330/632, Grad Norms near zero: 12, Lx 0.4114, Lu 0.1966, Pentalty 0.3758, loss 0.6456
Epoch 8, Batch 331/632, Grad Norms near zero: 13, Lx 0.4288, Lu 0.1927, Pentalty 0.3685, loss 0.6584
Epoch 8, Batch 332/632, Grad Norms near zero: 13, Lx 0.2532, Lu 0.0519, Pentalty 0.5430, loss 0.3594
Epoch 8, Batch 333/632, Grad Norms near zero: 12, Lx 0.3942, Lu 0.2419, Pentalty 0.3396, loss 0.6700
Epoch 8, Batch 334/632, Grad Norms near zero: 13, Lx 0.4457, Lu 0.2040, Pentalty 0.3841, loss 0.6881
Epoch 8, Batch 335/632, Grad Norms near zero: 12, Lx 0.4214, Lu 0.1844, Pentalty 0.3774, loss 0.6436
Epoch 8, Batch 336/632, Grad Norms near zero: 12, Lx 0.4062, Lu 0.1686, Pentalty 0.3358, loss 0.6085
Epoch 8, Batch 337/632, Grad Norms near zero: 12, Lx 0.3605, Lu 0.2100, Pentalty 0.3380, loss 0.6043
Epoch 8, Batch 338/632, Grad Norms near zero: 12, Lx 0.4788, Lu 0.2613, Pentalty 0.2872, loss 0.7688
Epoch 8, Batch 339/632, Grad Norms near zero: 12, Lx 0.3383, Lu 0.1232, Pentalty 0.3425, loss 0.4958
Epoch 8, Batch 340/632, Grad Norms near zero: 13, Lx 0.4542, Lu 0.2405, Pentalty 0.2908, loss 0.7238
Epoch 8, Batch 341/632, Grad Norms near zero: 13, Lx 0.3645, Lu 0.1778, Pentalty 0.3314, loss 0.5754
Epoch 8, Batch 342/632, Grad Norms near zero: 12, Lx 0.4258, Lu 0.1966, Pentalty 0.3247, loss 0.6550
Epoch 8, Batch 343/632, Grad Norms near zero: 13, Lx 0.4092, Lu 0.2201, Pentalty 0.3184, loss 0.6612
Epoch 8, Batch 344/632, Grad Norms near zero: 12, Lx 0.3525, Lu 0.1453, Pentalty 0.3808, loss 0.5359
Epoch 8, Batch 345/632, Grad Norms near zero: 12, Lx 0.2490, Lu 0.0619, Pentalty 0.4724, loss 0.3582
Epoch 8, Batch 346/632, Grad Norms near zero: 12, Lx 0.2042, Lu 0.0441, Pentalty 0.5740, loss 0.3057
Epoch 8, Batch 347/632, Grad Norms near zero: 12, Lx 0.4670, Lu 0.1674, Pentalty 0.4032, loss 0.6747
Epoch 8, Batch 348/632, Grad Norms near zero: 13, Lx 0.3550, Lu 0.1749, Pentalty 0.3835, loss 0.5683
Epoch 8, Batch 349/632, Grad Norms near zero: 12, Lx 0.2769, Lu 0.0965, Pentalty 0.4719, loss 0.4206
Epoch 8, Batch 350/632, Grad Norms near zero: 13, Lx 0.3559, Lu 0.1155, Pentalty 0.4721, loss 0.5187
Epoch 8, Batch 351/632, Grad Norms near zero: 12, Lx 0.4491, Lu 0.2623, Pentalty 0.3847, loss 0.7499
Epoch 8, Batch 352/632, Grad Norms near zero: 12, Lx 0.3739, Lu 0.2268, Pentalty 0.4030, loss 0.6409
Epoch 8, Batch 353/632, Grad Norms near zero: 12, Lx 0.4034, Lu 0.2947, Pentalty 0.4751, loss 0.7456
Epoch 8, Batch 354/632, Grad Norms near zero: 13, Lx 0.4596, Lu 0.2143, Pentalty 0.3359, loss 0.7075
Epoch 8, Batch 355/632, Grad Norms near zero: 12, Lx 0.3738, Lu 0.1420, Pentalty 0.3841, loss 0.5542
Epoch 8, Batch 356/632, Grad Norms near zero: 13, Lx 0.3482, Lu 0.1129, Pentalty 0.3865, loss 0.4998
Epoch 8, Batch 357/632, Grad Norms near zero: 12, Lx 0.4408, Lu 0.1912, Pentalty 0.3781, loss 0.6698
Epoch 8, Batch 358/632, Grad Norms near zero: 12, Lx 0.4094, Lu 0.2212, Pentalty 0.2828, loss 0.6589
Epoch 8, Batch 359/632, Grad Norms near zero: 12, Lx 0.2912, Lu 0.0800, Pentalty 0.4412, loss 0.4153
Epoch 8, Batch 360/632, Grad Norms near zero: 12, Lx 0.2906, Lu 0.0803, Pentalty 0.4406, loss 0.4150
Epoch 8, Batch 361/632, Grad Norms near zero: 13, Lx 0.3777, Lu 0.2190, Pentalty 0.3096, loss 0.6276
Epoch 8, Batch 362/632, Grad Norms near zero: 12, Lx 0.4462, Lu 0.2731, Pentalty 0.3817, loss 0.7575
Epoch 8, Batch 363/632, Grad Norms near zero: 12, Lx 0.3739, Lu 0.2921, Pentalty 0.3675, loss 0.7028
Epoch 8, Batch 364/632, Grad Norms near zero: 12, Lx 0.4930, Lu 0.2726, Pentalty 0.3583, loss 0.8014
Epoch 8, Batch 365/632, Grad Norms near zero: 12, Lx 0.2767, Lu 0.0692, Pentalty 0.4158, loss 0.3875
Epoch 8, Batch 366/632, Grad Norms near zero: 12, Lx 0.4249, Lu 0.2858, Pentalty 0.2476, loss 0.7354
Epoch 8, Batch 367/632, Grad Norms near zero: 12, Lx 0.3000, Lu 0.1310, Pentalty 0.3355, loss 0.4645
Epoch 8, Batch 368/632, Grad Norms near zero: 12, Lx 0.3672, Lu 0.1561, Pentalty 0.3107, loss 0.5544
Epoch 8, Batch 369/632, Grad Norms near zero: 12, Lx 0.2075, Lu 0.0317, Pentalty 0.5459, loss 0.2938
Epoch 8, Batch 370/632, Grad Norms near zero: 12, Lx 0.4607, Lu 0.2147, Pentalty 0.3174, loss 0.7072
Epoch 8, Batch 371/632, Grad Norms near zero: 12, Lx 0.4024, Lu 0.2303, Pentalty 0.3307, loss 0.6658
Epoch 8, Batch 372/632, Grad Norms near zero: 12, Lx 0.3627, Lu 0.1790, Pentalty 0.4088, loss 0.5826
Epoch 8, Batch 373/632, Grad Norms near zero: 12, Lx 0.4056, Lu 0.1773, Pentalty 0.3691, loss 0.6198
Epoch 8, Batch 374/632, Grad Norms near zero: 12, Lx 0.3091, Lu 0.1380, Pentalty 0.3857, loss 0.4856
Epoch 8, Batch 375/632, Grad Norms near zero: 14, Lx 0.2747, Lu 0.1143, Pentalty 0.5075, loss 0.4398
Epoch 8, Batch 376/632, Grad Norms near zero: 12, Lx 0.3746, Lu 0.1934, Pentalty 0.3969, loss 0.6076
Epoch 8, Batch 377/632, Grad Norms near zero: 12, Lx 0.3448, Lu 0.1053, Pentalty 0.4627, loss 0.4963
Epoch 8, Batch 378/632, Grad Norms near zero: 12, Lx 0.4215, Lu 0.1499, Pentalty 0.4439, loss 0.6158
Epoch 8, Batch 379/632, Grad Norms near zero: 12, Lx 0.4270, Lu 0.1790, Pentalty 0.4089, loss 0.6469
Epoch 8, Batch 380/632, Grad Norms near zero: 13, Lx 0.2948, Lu 0.0985, Pentalty 0.4659, loss 0.4399
Epoch 8, Batch 381/632, Grad Norms near zero: 12, Lx 0.4529, Lu 0.2518, Pentalty 0.3600, loss 0.7407
Epoch 8, Batch 382/632, Grad Norms near zero: 13, Lx 0.3456, Lu 0.1333, Pentalty 0.4309, loss 0.5220
Epoch 8, Batch 383/632, Grad Norms near zero: 13, Lx 0.3806, Lu 0.2382, Pentalty 0.3687, loss 0.6557
Epoch 8, Batch 384/632, Grad Norms near zero: 12, Lx 0.4410, Lu 0.2501, Pentalty 0.3277, loss 0.7239
Epoch 8, Batch 385/632, Grad Norms near zero: 12, Lx 0.4081, Lu 0.1621, Pentalty 0.2843, loss 0.5987
Epoch 8, Batch 386/632, Grad Norms near zero: 12, Lx 0.3941, Lu 0.2026, Pentalty 0.3132, loss 0.6280
Epoch 8, Batch 387/632, Grad Norms near zero: 12, Lx 0.4144, Lu 0.2606, Pentalty 0.2811, loss 0.7031
Epoch 8, Batch 388/632, Grad Norms near zero: 12, Lx 0.1773, Lu 0.0531, Pentalty 0.5026, loss 0.2807
Epoch 8, Batch 389/632, Grad Norms near zero: 12, Lx 0.3595, Lu 0.1216, Pentalty 0.3585, loss 0.5170
Epoch 8, Batch 390/632, Grad Norms near zero: 12, Lx 0.4006, Lu 0.2152, Pentalty 0.3124, loss 0.6471
Epoch 8, Batch 391/632, Grad Norms near zero: 12, Lx 0.3576, Lu 0.1421, Pentalty 0.3505, loss 0.5348
Epoch 8, Batch 392/632, Grad Norms near zero: 12, Lx 0.3941, Lu 0.1517, Pentalty 0.3665, loss 0.5824
Epoch 8, Batch 393/632, Grad Norms near zero: 12, Lx 0.3294, Lu 0.2014, Pentalty 0.3485, loss 0.5657
Epoch 8, Batch 394/632, Grad Norms near zero: 12, Lx 0.2764, Lu 0.0711, Pentalty 0.5259, loss 0.4002
Epoch 8, Batch 395/632, Grad Norms near zero: 12, Lx 0.4118, Lu 0.2346, Pentalty 0.3542, loss 0.6818
Epoch 8, Batch 396/632, Grad Norms near zero: 12, Lx 0.4423, Lu 0.2436, Pentalty 0.3531, loss 0.7212
Epoch 8, Batch 397/632, Grad Norms near zero: 12, Lx 0.3616, Lu 0.1137, Pentalty 0.4650, loss 0.5218
Epoch 8, Batch 398/632, Grad Norms near zero: 12, Lx 0.4309, Lu 0.2403, Pentalty 0.3828, loss 0.7095
Epoch 8, Batch 399/632, Grad Norms near zero: 12, Lx 0.3386, Lu 0.2868, Pentalty 0.4339, loss 0.6688
Epoch 8, Batch 400/632, Grad Norms near zero: 13, Lx 0.4621, Lu 0.2316, Pentalty 0.3692, loss 0.7307
Epoch 8, Batch 401/632, Grad Norms near zero: 13, Lx 0.2558, Lu 0.0499, Pentalty 0.5553, loss 0.3613
Epoch 8, Batch 402/632, Grad Norms near zero: 12, Lx 0.3616, Lu 0.1919, Pentalty 0.3865, loss 0.5921
Epoch 8, Batch 403/632, Grad Norms near zero: 12, Lx 0.2648, Lu 0.1631, Pentalty 0.3228, loss 0.4602
Epoch 8, Batch 404/632, Grad Norms near zero: 12, Lx 0.4403, Lu 0.2504, Pentalty 0.4641, loss 0.7372
Epoch 8, Batch 405/632, Grad Norms near zero: 12, Lx 0.3154, Lu 0.1472, Pentalty 0.3764, loss 0.5002
Epoch 8, Batch 406/632, Grad Norms near zero: 12, Lx 0.2453, Lu 0.0611, Pentalty 0.4564, loss 0.3520
Epoch 8, Batch 407/632, Grad Norms near zero: 13, Lx 0.4291, Lu 0.1940, Pentalty 0.3025, loss 0.6534
Epoch 8, Batch 408/632, Grad Norms near zero: 12, Lx 0.3325, Lu 0.1371, Pentalty 0.4064, loss 0.5103
Epoch 8, Batch 409/632, Grad Norms near zero: 12, Lx 0.1473, Lu 0.0383, Pentalty 0.5517, loss 0.2408
Epoch 8, Batch 410/632, Grad Norms near zero: 12, Lx 0.1950, Lu 0.0387, Pentalty 0.5192, loss 0.2856
Epoch 8, Batch 411/632, Grad Norms near zero: 12, Lx 0.3707, Lu 0.1563, Pentalty 0.3888, loss 0.5659
Epoch 8, Batch 412/632, Grad Norms near zero: 12, Lx 0.3435, Lu 0.1348, Pentalty 0.4021, loss 0.5184
Epoch 8, Batch 413/632, Grad Norms near zero: 12, Lx 0.3593, Lu 0.1566, Pentalty 0.4605, loss 0.5619
Epoch 8, Batch 414/632, Grad Norms near zero: 13, Lx 0.3165, Lu 0.1190, Pentalty 0.4345, loss 0.4789
Epoch 8, Batch 415/632, Grad Norms near zero: 12, Lx 0.4172, Lu 0.1708, Pentalty 0.4702, loss 0.6350
Epoch 8, Batch 416/632, Grad Norms near zero: 12, Lx 0.3777, Lu 0.1882, Pentalty 0.4753, loss 0.6134
Epoch 8, Batch 417/632, Grad Norms near zero: 12, Lx 0.1624, Lu 0.0310, Pentalty 0.6344, loss 0.2568
Epoch 8, Batch 418/632, Grad Norms near zero: 12, Lx 0.3430, Lu 0.2021, Pentalty 0.4296, loss 0.5880
Epoch 8, Batch 419/632, Grad Norms near zero: 13, Lx 0.2341, Lu 0.0853, Pentalty 0.4607, loss 0.3654
Epoch 8, Batch 420/632, Grad Norms near zero: 12, Lx 0.3449, Lu 0.1890, Pentalty 0.3980, loss 0.5737
Epoch 8, Batch 421/632, Grad Norms near zero: 12, Lx 0.2705, Lu 0.0961, Pentalty 0.4665, loss 0.4133
Epoch 8, Batch 422/632, Grad Norms near zero: 13, Lx 0.2904, Lu 0.1098, Pentalty 0.4205, loss 0.4423
Epoch 8, Batch 423/632, Grad Norms near zero: 12, Lx 0.3216, Lu 0.1370, Pentalty 0.3718, loss 0.4957
Epoch 8, Batch 424/632, Grad Norms near zero: 13, Lx 0.3624, Lu 0.1263, Pentalty 0.4066, loss 0.5294
Epoch 8, Batch 425/632, Grad Norms near zero: 12, Lx 0.4082, Lu 0.1626, Pentalty 0.3351, loss 0.6043
Epoch 8, Batch 426/632, Grad Norms near zero: 12, Lx 0.3371, Lu 0.1125, Pentalty 0.3642, loss 0.4860
Epoch 8, Batch 427/632, Grad Norms near zero: 12, Lx 0.4464, Lu 0.2563, Pentalty 0.3328, loss 0.7360
Epoch 8, Batch 428/632, Grad Norms near zero: 12, Lx 0.3838, Lu 0.2239, Pentalty 0.3360, loss 0.6413
Epoch 8, Batch 429/632, Grad Norms near zero: 12, Lx 0.2960, Lu 0.1276, Pentalty 0.3966, loss 0.4633
Epoch 8, Batch 430/632, Grad Norms near zero: 12, Lx 0.4075, Lu 0.2255, Pentalty 0.3081, loss 0.6638
Epoch 8, Batch 431/632, Grad Norms near zero: 13, Lx 0.4219, Lu 0.1931, Pentalty 0.3167, loss 0.6467
Epoch 8, Batch 432/632, Grad Norms near zero: 12, Lx 0.2338, Lu 0.0551, Pentalty 0.5317, loss 0.3420
Epoch 8, Batch 433/632, Grad Norms near zero: 12, Lx 0.3713, Lu 0.1525, Pentalty 0.3979, loss 0.5636
Epoch 8, Batch 434/632, Grad Norms near zero: 12, Lx 0.4370, Lu 0.2803, Pentalty 0.2276, loss 0.7400
Epoch 8, Batch 435/632, Grad Norms near zero: 12, Lx 0.5005, Lu 0.2234, Pentalty 0.3153, loss 0.7554
Epoch 8, Batch 436/632, Grad Norms near zero: 12, Lx 0.3931, Lu 0.2211, Pentalty 0.3639, loss 0.6506
Epoch 8, Batch 437/632, Grad Norms near zero: 12, Lx 0.3657, Lu 0.2066, Pentalty 0.2909, loss 0.6014
Epoch 8, Batch 438/632, Grad Norms near zero: 12, Lx 0.2738, Lu 0.0845, Pentalty 0.4917, loss 0.4074
Epoch 8, Batch 439/632, Grad Norms near zero: 12, Lx 0.3043, Lu 0.0713, Pentalty 0.5505, loss 0.4307
Epoch 8, Batch 440/632, Grad Norms near zero: 12, Lx 0.3160, Lu 0.0864, Pentalty 0.5260, loss 0.4549
Epoch 8, Batch 441/632, Grad Norms near zero: 12, Lx 0.2130, Lu 0.0553, Pentalty 0.5170, loss 0.3200
Epoch 8, Batch 442/632, Grad Norms near zero: 12, Lx 0.3959, Lu 0.1727, Pentalty 0.4675, loss 0.6154
Epoch 8, Batch 443/632, Grad Norms near zero: 13, Lx 0.2618, Lu 0.1126, Pentalty 0.5283, loss 0.4271
Epoch 8, Batch 444/632, Grad Norms near zero: 12, Lx 0.3306, Lu 0.0816, Pentalty 0.5909, loss 0.4713
Epoch 8, Batch 445/632, Grad Norms near zero: 12, Lx 0.3303, Lu 0.1145, Pentalty 0.5139, loss 0.4962
Epoch 8, Batch 446/632, Grad Norms near zero: 13, Lx 0.3193, Lu 0.1020, Pentalty 0.5546, loss 0.4768
Epoch 8, Batch 447/632, Grad Norms near zero: 12, Lx 0.2942, Lu 0.1137, Pentalty 0.5113, loss 0.4591
Epoch 8, Batch 448/632, Grad Norms near zero: 12, Lx 0.3560, Lu 0.1024, Pentalty 0.5575, loss 0.5141
Epoch 8, Batch 449/632, Grad Norms near zero: 12, Lx 0.2939, Lu 0.0760, Pentalty 0.5465, loss 0.4245
Epoch 8, Batch 450/632, Grad Norms near zero: 14, Lx 0.2770, Lu 0.0802, Pentalty 0.5759, loss 0.4148
Epoch 8, Batch 451/632, Grad Norms near zero: 12, Lx 0.2384, Lu 0.0794, Pentalty 0.5461, loss 0.3724
Epoch 8, Batch 452/632, Grad Norms near zero: 12, Lx 0.4112, Lu 0.1717, Pentalty 0.3751, loss 0.6205
Epoch 8, Batch 453/632, Grad Norms near zero: 12, Lx 0.3709, Lu 0.1304, Pentalty 0.4448, loss 0.5457
Epoch 8, Batch 454/632, Grad Norms near zero: 13, Lx 0.3030, Lu 0.0638, Pentalty 0.5658, loss 0.4234
Epoch 8, Batch 455/632, Grad Norms near zero: 12, Lx 0.4587, Lu 0.2261, Pentalty 0.4709, loss 0.7319
Epoch 8, Batch 456/632, Grad Norms near zero: 13, Lx 0.3923, Lu 0.1892, Pentalty 0.3458, loss 0.6161
Epoch 8, Batch 457/632, Grad Norms near zero: 12, Lx 0.4305, Lu 0.2308, Pentalty 0.3147, loss 0.6928
Epoch 8, Batch 458/632, Grad Norms near zero: 12, Lx 0.2366, Lu 0.0463, Pentalty 0.5590, loss 0.3388
Epoch 8, Batch 459/632, Grad Norms near zero: 12, Lx 0.4331, Lu 0.2272, Pentalty 0.3055, loss 0.6908
Epoch 8, Batch 460/632, Grad Norms near zero: 12, Lx 0.3165, Lu 0.1365, Pentalty 0.4434, loss 0.4974
Epoch 8, Batch 461/632, Grad Norms near zero: 12, Lx 0.4349, Lu 0.1818, Pentalty 0.4061, loss 0.6574
Epoch 8, Batch 462/632, Grad Norms near zero: 12, Lx 0.3393, Lu 0.1556, Pentalty 0.3902, loss 0.5340
Epoch 8, Batch 463/632, Grad Norms near zero: 12, Lx 0.4364, Lu 0.2466, Pentalty 0.4149, loss 0.7245
Epoch 8, Batch 464/632, Grad Norms near zero: 12, Lx 0.3695, Lu 0.2363, Pentalty 0.2946, loss 0.6353
Epoch 8, Batch 465/632, Grad Norms near zero: 13, Lx 0.4688, Lu 0.2353, Pentalty 0.3041, loss 0.7345
Epoch 8, Batch 466/632, Grad Norms near zero: 12, Lx 0.3304, Lu 0.1108, Pentalty 0.4107, loss 0.4823
Epoch 8, Batch 467/632, Grad Norms near zero: 12, Lx 0.4085, Lu 0.1725, Pentalty 0.3642, loss 0.6175
Epoch 8, Batch 468/632, Grad Norms near zero: 12, Lx 0.4021, Lu 0.1562, Pentalty 0.3568, loss 0.5939
Epoch 8, Batch 469/632, Grad Norms near zero: 12, Lx 0.3818, Lu 0.2186, Pentalty 0.3415, loss 0.6345
Epoch 8, Batch 470/632, Grad Norms near zero: 12, Lx 0.3573, Lu 0.1827, Pentalty 0.3381, loss 0.5738
Epoch 8, Batch 471/632, Grad Norms near zero: 12, Lx 0.4641, Lu 0.2324, Pentalty 0.3271, loss 0.7293
Epoch 8, Batch 472/632, Grad Norms near zero: 13, Lx 0.2861, Lu 0.1019, Pentalty 0.4487, loss 0.4329
Epoch 8, Batch 473/632, Grad Norms near zero: 13, Lx 0.4429, Lu 0.2034, Pentalty 0.3650, loss 0.6828
Epoch 8, Batch 474/632, Grad Norms near zero: 12, Lx 0.1822, Lu 0.0348, Pentalty 0.6348, loss 0.2804
Epoch 8, Batch 475/632, Grad Norms near zero: 13, Lx 0.3755, Lu 0.2410, Pentalty 0.3669, loss 0.6532
Epoch 8, Batch 476/632, Grad Norms near zero: 12, Lx 0.1643, Lu 0.0214, Pentalty 0.6476, loss 0.2505
Epoch 8, Batch 477/632, Grad Norms near zero: 12, Lx 0.3126, Lu 0.0854, Pentalty 0.4737, loss 0.4453
Epoch 8, Batch 478/632, Grad Norms near zero: 13, Lx 0.4096, Lu 0.2224, Pentalty 0.3855, loss 0.6706
Epoch 8, Batch 479/632, Grad Norms near zero: 13, Lx 0.4923, Lu 0.1799, Pentalty 0.4012, loss 0.7124
Epoch 8, Batch 480/632, Grad Norms near zero: 12, Lx 0.4701, Lu 0.2951, Pentalty 0.4358, loss 0.8088
Epoch 8, Batch 481/632, Grad Norms near zero: 12, Lx 0.3451, Lu 0.0939, Pentalty 0.4542, loss 0.4844
Epoch 8, Batch 482/632, Grad Norms near zero: 13, Lx 0.2674, Lu 0.0676, Pentalty 0.5202, loss 0.3870
Epoch 8, Batch 483/632, Grad Norms near zero: 12, Lx 0.4653, Lu 0.2382, Pentalty 0.3213, loss 0.7356
Epoch 8, Batch 484/632, Grad Norms near zero: 12, Lx 0.3941, Lu 0.2262, Pentalty 0.3559, loss 0.6559
Epoch 8, Batch 485/632, Grad Norms near zero: 12, Lx 0.1417, Lu 0.0385, Pentalty 0.5743, loss 0.2376
Epoch 8, Batch 486/632, Grad Norms near zero: 12, Lx 0.4441, Lu 0.2422, Pentalty 0.3107, loss 0.7174
Epoch 8, Batch 487/632, Grad Norms near zero: 12, Lx 0.4047, Lu 0.1472, Pentalty 0.3147, loss 0.5833
Epoch 8, Batch 488/632, Grad Norms near zero: 12, Lx 0.4111, Lu 0.2600, Pentalty 0.2718, loss 0.6983
Epoch 8, Batch 489/632, Grad Norms near zero: 12, Lx 0.3976, Lu 0.2102, Pentalty 0.2619, loss 0.6340
Epoch 8, Batch 490/632, Grad Norms near zero: 12, Lx 0.3239, Lu 0.0984, Pentalty 0.3852, loss 0.4608
Epoch 8, Batch 491/632, Grad Norms near zero: 12, Lx 0.4441, Lu 0.2244, Pentalty 0.2701, loss 0.6956
Epoch 8, Batch 492/632, Grad Norms near zero: 12, Lx 0.3229, Lu 0.1630, Pentalty 0.2848, loss 0.5143
Epoch 8, Batch 493/632, Grad Norms near zero: 12, Lx 0.3150, Lu 0.1000, Pentalty 0.4063, loss 0.4556
Epoch 8, Batch 494/632, Grad Norms near zero: 12, Lx 0.3858, Lu 0.2228, Pentalty 0.2910, loss 0.6376
Epoch 8, Batch 495/632, Grad Norms near zero: 12, Lx 0.3738, Lu 0.2095, Pentalty 0.3284, loss 0.6162
Epoch 8, Batch 496/632, Grad Norms near zero: 12, Lx 0.3787, Lu 0.2546, Pentalty 0.3729, loss 0.6706
Epoch 8, Batch 497/632, Grad Norms near zero: 12, Lx 0.3779, Lu 0.2108, Pentalty 0.3965, loss 0.6283
Epoch 8, Batch 498/632, Grad Norms near zero: 12, Lx 0.3647, Lu 0.3109, Pentalty 0.3782, loss 0.7135
Epoch 8, Batch 499/632, Grad Norms near zero: 13, Lx 0.2738, Lu 0.1165, Pentalty 0.5028, loss 0.4406
Epoch 8, Batch 500/632, Grad Norms near zero: 13, Lx 0.2196, Lu 0.0361, Pentalty 0.6200, loss 0.3177
Epoch 8, Batch 501/632, Grad Norms near zero: 12, Lx 0.4132, Lu 0.2356, Pentalty 0.3671, loss 0.6855
Epoch 8, Batch 502/632, Grad Norms near zero: 13, Lx 0.3845, Lu 0.1308, Pentalty 0.4209, loss 0.5574
Epoch 8, Batch 503/632, Grad Norms near zero: 12, Lx 0.2913, Lu 0.0787, Pentalty 0.5067, loss 0.4206
Epoch 8, Batch 504/632, Grad Norms near zero: 12, Lx 0.5069, Lu 0.2566, Pentalty 0.3545, loss 0.7990
Epoch 8, Batch 505/632, Grad Norms near zero: 13, Lx 0.3564, Lu 0.1272, Pentalty 0.4337, loss 0.5270
Epoch 8, Batch 506/632, Grad Norms near zero: 13, Lx 0.3302, Lu 0.1628, Pentalty 0.3680, loss 0.5298
Epoch 8, Batch 507/632, Grad Norms near zero: 12, Lx 0.4447, Lu 0.2210, Pentalty 0.3146, loss 0.6971
Epoch 8, Batch 508/632, Grad Norms near zero: 12, Lx 0.3155, Lu 0.1100, Pentalty 0.4001, loss 0.4656
Epoch 8, Batch 509/632, Grad Norms near zero: 12, Lx 0.3548, Lu 0.1532, Pentalty 0.3360, loss 0.5416
Epoch 8, Batch 510/632, Grad Norms near zero: 12, Lx 0.4172, Lu 0.2433, Pentalty 0.2798, loss 0.6885
Epoch 8, Batch 511/632, Grad Norms near zero: 12, Lx 0.4468, Lu 0.2392, Pentalty 0.3265, loss 0.7187
Epoch 8, Batch 512/632, Grad Norms near zero: 13, Lx 0.4312, Lu 0.2352, Pentalty 0.2867, loss 0.6952
Epoch 8, Batch 513/632, Grad Norms near zero: 12, Lx 0.3058, Lu 0.0916, Pentalty 0.4162, loss 0.4390
Epoch 8, Batch 514/632, Grad Norms near zero: 12, Lx 0.3251, Lu 0.1482, Pentalty 0.3319, loss 0.5065
Epoch 8, Batch 515/632, Grad Norms near zero: 13, Lx 0.3708, Lu 0.2227, Pentalty 0.3225, loss 0.6257
Epoch 8, Batch 516/632, Grad Norms near zero: 12, Lx 0.3633, Lu 0.1170, Pentalty 0.4106, loss 0.5213
Epoch 8, Batch 517/632, Grad Norms near zero: 12, Lx 0.3716, Lu 0.1948, Pentalty 0.3619, loss 0.6026
Epoch 8, Batch 518/632, Grad Norms near zero: 12, Lx 0.4640, Lu 0.1685, Pentalty 0.3592, loss 0.6684
Epoch 8, Batch 519/632, Grad Norms near zero: 12, Lx 0.2792, Lu 0.1166, Pentalty 0.4190, loss 0.4377
Epoch 8, Batch 520/632, Grad Norms near zero: 14, Lx 0.2292, Lu 0.0746, Pentalty 0.5375, loss 0.3576
Epoch 8, Batch 521/632, Grad Norms near zero: 12, Lx 0.2683, Lu 0.0571, Pentalty 0.5949, loss 0.3849
Epoch 8, Batch 522/632, Grad Norms near zero: 13, Lx 0.3048, Lu 0.0719, Pentalty 0.5695, loss 0.4336
Epoch 8, Batch 523/632, Grad Norms near zero: 12, Lx 0.3127, Lu 0.1025, Pentalty 0.5206, loss 0.4673
Epoch 8, Batch 524/632, Grad Norms near zero: 13, Lx 0.3184, Lu 0.1714, Pentalty 0.4341, loss 0.5332
Epoch 8, Batch 525/632, Grad Norms near zero: 12, Lx 0.4433, Lu 0.2099, Pentalty 0.3885, loss 0.6921
Epoch 8, Batch 526/632, Grad Norms near zero: 14, Lx 0.2225, Lu 0.0497, Pentalty 0.6411, loss 0.3364
Epoch 8, Batch 527/632, Grad Norms near zero: 13, Lx 0.3582, Lu 0.1304, Pentalty 0.4266, loss 0.5313
Epoch 8, Batch 528/632, Grad Norms near zero: 12, Lx 0.3061, Lu 0.0721, Pentalty 0.5134, loss 0.4295
Epoch 8, Batch 529/632, Grad Norms near zero: 13, Lx 0.4102, Lu 0.2199, Pentalty 0.3734, loss 0.6675
Epoch 8, Batch 530/632, Grad Norms near zero: 12, Lx 0.2795, Lu 0.0669, Pentalty 0.5226, loss 0.3987
Epoch 8, Batch 531/632, Grad Norms near zero: 12, Lx 0.2724, Lu 0.0718, Pentalty 0.4863, loss 0.3928
Epoch 8, Batch 532/632, Grad Norms near zero: 12, Lx 0.4737, Lu 0.1749, Pentalty 0.4538, loss 0.6939
Epoch 8, Batch 533/632, Grad Norms near zero: 12, Lx 0.5237, Lu 0.3720, Pentalty 0.4323, loss 0.9389
Epoch 8, Batch 534/632, Grad Norms near zero: 12, Lx 0.3450, Lu 0.1623, Pentalty 0.4436, loss 0.5516
Epoch 8, Batch 535/632, Grad Norms near zero: 14, Lx 0.3752, Lu 0.1559, Pentalty 0.3382, loss 0.5649
Epoch 8, Batch 536/632, Grad Norms near zero: 12, Lx 0.4370, Lu 0.2193, Pentalty 0.3715, loss 0.6935
Epoch 8, Batch 537/632, Grad Norms near zero: 13, Lx 0.4203, Lu 0.2401, Pentalty 0.2827, loss 0.6887
Epoch 8, Batch 538/632, Grad Norms near zero: 12, Lx 0.3857, Lu 0.1691, Pentalty 0.2772, loss 0.5826
Epoch 8, Batch 539/632, Grad Norms near zero: 13, Lx 0.4257, Lu 0.2267, Pentalty 0.2476, loss 0.6772
Epoch 8, Batch 540/632, Grad Norms near zero: 12, Lx 0.4349, Lu 0.2112, Pentalty 0.2724, loss 0.6733
Epoch 8, Batch 541/632, Grad Norms near zero: 12, Lx 0.3473, Lu 0.1606, Pentalty 0.2929, loss 0.5372
Epoch 8, Batch 542/632, Grad Norms near zero: 12, Lx 0.3732, Lu 0.1623, Pentalty 0.3224, loss 0.5677
Epoch 8, Batch 543/632, Grad Norms near zero: 13, Lx 0.4576, Lu 0.3385, Pentalty 0.2863, loss 0.8247
Epoch 8, Batch 544/632, Grad Norms near zero: 12, Lx 0.4604, Lu 0.2402, Pentalty 0.2807, loss 0.7287
Epoch 8, Batch 545/632, Grad Norms near zero: 12, Lx 0.3558, Lu 0.1710, Pentalty 0.2970, loss 0.5564
Epoch 8, Batch 546/632, Grad Norms near zero: 12, Lx 0.3969, Lu 0.1832, Pentalty 0.3243, loss 0.6125
Epoch 8, Batch 547/632, Grad Norms near zero: 12, Lx 0.3758, Lu 0.1527, Pentalty 0.3620, loss 0.5647
Epoch 8, Batch 548/632, Grad Norms near zero: 14, Lx 0.3551, Lu 0.1002, Pentalty 0.4600, loss 0.5013
Epoch 8, Batch 549/632, Grad Norms near zero: 12, Lx 0.3082, Lu 0.0760, Pentalty 0.5022, loss 0.4344
Epoch 8, Batch 550/632, Grad Norms near zero: 12, Lx 0.2767, Lu 0.0802, Pentalty 0.4984, loss 0.4068
Epoch 8, Batch 551/632, Grad Norms near zero: 13, Lx 0.4801, Lu 0.2507, Pentalty 0.3730, loss 0.7681
Epoch 8, Batch 552/632, Grad Norms near zero: 13, Lx 0.3929, Lu 0.1683, Pentalty 0.4103, loss 0.6022
Epoch 8, Batch 553/632, Grad Norms near zero: 14, Lx 0.2290, Lu 0.0383, Pentalty 0.6486, loss 0.3322
Epoch 8, Batch 554/632, Grad Norms near zero: 14, Lx 0.1726, Lu 0.0317, Pentalty 0.6708, loss 0.2714
Epoch 8, Batch 555/632, Grad Norms near zero: 13, Lx 0.3582, Lu 0.2464, Pentalty 0.4122, loss 0.6459
Epoch 8, Batch 556/632, Grad Norms near zero: 12, Lx 0.2645, Lu 0.0561, Pentalty 0.6296, loss 0.3836
Epoch 8, Batch 557/632, Grad Norms near zero: 13, Lx 0.4354, Lu 0.1492, Pentalty 0.4376, loss 0.6284
Epoch 8, Batch 558/632, Grad Norms near zero: 13, Lx 0.2866, Lu 0.0793, Pentalty 0.5536, loss 0.4212
Epoch 8, Batch 559/632, Grad Norms near zero: 12, Lx 0.3149, Lu 0.1866, Pentalty 0.4776, loss 0.5493
Epoch 8, Batch 560/632, Grad Norms near zero: 12, Lx 0.3678, Lu 0.1133, Pentalty 0.4603, loss 0.5271
Epoch 8, Batch 561/632, Grad Norms near zero: 13, Lx 0.2374, Lu 0.0588, Pentalty 0.5835, loss 0.3545
Epoch 8, Batch 562/632, Grad Norms near zero: 12, Lx 0.2785, Lu 0.0806, Pentalty 0.4932, loss 0.4084
Epoch 8, Batch 563/632, Grad Norms near zero: 12, Lx 0.4352, Lu 0.1805, Pentalty 0.4324, loss 0.6589
Epoch 8, Batch 564/632, Grad Norms near zero: 13, Lx 0.3514, Lu 0.1376, Pentalty 0.3678, loss 0.5257
Epoch 8, Batch 565/632, Grad Norms near zero: 12, Lx 0.1969, Lu 0.0515, Pentalty 0.5717, loss 0.3055
Epoch 8, Batch 566/632, Grad Norms near zero: 12, Lx 0.4448, Lu 0.2150, Pentalty 0.4235, loss 0.7021
Epoch 8, Batch 567/632, Grad Norms near zero: 14, Lx 0.1944, Lu 0.0496, Pentalty 0.5426, loss 0.2983
Epoch 8, Batch 568/632, Grad Norms near zero: 13, Lx 0.2917, Lu 0.0821, Pentalty 0.4955, loss 0.4233
Epoch 8, Batch 569/632, Grad Norms near zero: 13, Lx 0.3680, Lu 0.1685, Pentalty 0.3484, loss 0.5713
Epoch 8, Batch 570/632, Grad Norms near zero: 12, Lx 0.4046, Lu 0.1811, Pentalty 0.3606, loss 0.6218
Epoch 8, Batch 571/632, Grad Norms near zero: 12, Lx 0.2894, Lu 0.1145, Pentalty 0.4253, loss 0.4465
Epoch 8, Batch 572/632, Grad Norms near zero: 13, Lx 0.3949, Lu 0.2238, Pentalty 0.3058, loss 0.6493
Epoch 8, Batch 573/632, Grad Norms near zero: 13, Lx 0.3448, Lu 0.2972, Pentalty 0.3579, loss 0.6778
Epoch 8, Batch 574/632, Grad Norms near zero: 12, Lx 0.3455, Lu 0.1317, Pentalty 0.4189, loss 0.5191
Epoch 8, Batch 575/632, Grad Norms near zero: 12, Lx 0.3231, Lu 0.1248, Pentalty 0.3993, loss 0.4879
Epoch 8, Batch 576/632, Grad Norms near zero: 12, Lx 0.3753, Lu 0.1348, Pentalty 0.3925, loss 0.5493
Epoch 8, Batch 577/632, Grad Norms near zero: 12, Lx 0.4391, Lu 0.3479, Pentalty 0.3583, loss 0.8229
Epoch 8, Batch 578/632, Grad Norms near zero: 13, Lx 0.2606, Lu 0.0639, Pentalty 0.4904, loss 0.3735
Epoch 8, Batch 579/632, Grad Norms near zero: 13, Lx 0.3813, Lu 0.1368, Pentalty 0.4222, loss 0.5604
Epoch 8, Batch 580/632, Grad Norms near zero: 12, Lx 0.3049, Lu 0.1004, Pentalty 0.4612, loss 0.4514
Epoch 8, Batch 581/632, Grad Norms near zero: 12, Lx 0.4615, Lu 0.2574, Pentalty 0.4203, loss 0.7609
Epoch 8, Batch 582/632, Grad Norms near zero: 12, Lx 0.3569, Lu 0.1522, Pentalty 0.3773, loss 0.5468
Epoch 8, Batch 583/632, Grad Norms near zero: 12, Lx 0.2976, Lu 0.0769, Pentalty 0.4622, loss 0.4208
Epoch 8, Batch 584/632, Grad Norms near zero: 13, Lx 0.4164, Lu 0.2453, Pentalty 0.3305, loss 0.6948
Epoch 8, Batch 585/632, Grad Norms near zero: 12, Lx 0.4594, Lu 0.2347, Pentalty 0.3126, loss 0.7254
Epoch 8, Batch 586/632, Grad Norms near zero: 12, Lx 0.3190, Lu 0.2667, Pentalty 0.4741, loss 0.6331
Epoch 8, Batch 587/632, Grad Norms near zero: 12, Lx 0.3113, Lu 0.0879, Pentalty 0.4573, loss 0.4449
Epoch 8, Batch 588/632, Grad Norms near zero: 13, Lx 0.3001, Lu 0.1202, Pentalty 0.3647, loss 0.4568
Epoch 8, Batch 589/632, Grad Norms near zero: 12, Lx 0.3438, Lu 0.1258, Pentalty 0.3751, loss 0.5071
Epoch 8, Batch 590/632, Grad Norms near zero: 12, Lx 0.3962, Lu 0.2325, Pentalty 0.3616, loss 0.6649
Epoch 8, Batch 591/632, Grad Norms near zero: 12, Lx 0.2886, Lu 0.0553, Pentalty 0.5172, loss 0.3956
Epoch 8, Batch 592/632, Grad Norms near zero: 12, Lx 0.2045, Lu 0.0584, Pentalty 0.4668, loss 0.3096
Epoch 8, Batch 593/632, Grad Norms near zero: 12, Lx 0.3940, Lu 0.1458, Pentalty 0.3697, loss 0.5768
Epoch 8, Batch 594/632, Grad Norms near zero: 12, Lx 0.3502, Lu 0.1620, Pentalty 0.3864, loss 0.5508
Epoch 8, Batch 595/632, Grad Norms near zero: 12, Lx 0.3209, Lu 0.0983, Pentalty 0.4367, loss 0.4628
Epoch 8, Batch 596/632, Grad Norms near zero: 12, Lx 0.3479, Lu 0.1379, Pentalty 0.4276, loss 0.5285
Epoch 8, Batch 597/632, Grad Norms near zero: 12, Lx 0.2661, Lu 0.0796, Pentalty 0.4814, loss 0.3938
Epoch 8, Batch 598/632, Grad Norms near zero: 12, Lx 0.1853, Lu 0.0287, Pentalty 0.6601, loss 0.2800
Epoch 8, Batch 599/632, Grad Norms near zero: 13, Lx 0.2179, Lu 0.0416, Pentalty 0.6393, loss 0.3234
Epoch 8, Batch 600/632, Grad Norms near zero: 13, Lx 0.3798, Lu 0.2694, Pentalty 0.3700, loss 0.6862
Epoch 8, Batch 601/632, Grad Norms near zero: 13, Lx 0.3459, Lu 0.1440, Pentalty 0.4429, loss 0.5343
Epoch 8, Batch 602/632, Grad Norms near zero: 12, Lx 0.4503, Lu 0.1548, Pentalty 0.5123, loss 0.6563
Epoch 8, Batch 603/632, Grad Norms near zero: 13, Lx 0.4116, Lu 0.2364, Pentalty 0.3955, loss 0.6876
Epoch 8, Batch 604/632, Grad Norms near zero: 12, Lx 0.4210, Lu 0.3086, Pentalty 0.3720, loss 0.7669
Epoch 8, Batch 605/632, Grad Norms near zero: 13, Lx 0.3816, Lu 0.1915, Pentalty 0.3847, loss 0.6117
Epoch 8, Batch 606/632, Grad Norms near zero: 13, Lx 0.2659, Lu 0.0893, Pentalty 0.4996, loss 0.4052
Epoch 8, Batch 607/632, Grad Norms near zero: 12, Lx 0.3837, Lu 0.2544, Pentalty 0.3041, loss 0.6685
Epoch 8, Batch 608/632, Grad Norms near zero: 12, Lx 0.2455, Lu 0.0695, Pentalty 0.4897, loss 0.3639
Epoch 8, Batch 609/632, Grad Norms near zero: 12, Lx 0.4254, Lu 0.1324, Pentalty 0.3862, loss 0.5964
Epoch 8, Batch 610/632, Grad Norms near zero: 12, Lx 0.4722, Lu 0.3022, Pentalty 0.2327, loss 0.7977
Epoch 8, Batch 611/632, Grad Norms near zero: 12, Lx 0.2229, Lu 0.0515, Pentalty 0.5048, loss 0.3249
Epoch 8, Batch 612/632, Grad Norms near zero: 12, Lx 0.3431, Lu 0.1130, Pentalty 0.3966, loss 0.4957
Epoch 8, Batch 613/632, Grad Norms near zero: 12, Lx 0.4012, Lu 0.1963, Pentalty 0.2935, loss 0.6269
Epoch 8, Batch 614/632, Grad Norms near zero: 12, Lx 0.3947, Lu 0.1583, Pentalty 0.3858, loss 0.5915
Epoch 8, Batch 615/632, Grad Norms near zero: 13, Lx 0.3232, Lu 0.1579, Pentalty 0.3222, loss 0.5134
Epoch 8, Batch 616/632, Grad Norms near zero: 12, Lx 0.2635, Lu 0.0633, Pentalty 0.4738, loss 0.3742
Epoch 8, Batch 617/632, Grad Norms near zero: 12, Lx 0.3854, Lu 0.2159, Pentalty 0.3047, loss 0.6318
Epoch 8, Batch 618/632, Grad Norms near zero: 13, Lx 0.4031, Lu 0.1225, Pentalty 0.3959, loss 0.5651
Epoch 8, Batch 619/632, Grad Norms near zero: 12, Lx 0.1878, Lu 0.1108, Pentalty 0.4886, loss 0.3474
Epoch 8, Batch 620/632, Grad Norms near zero: 12, Lx 0.3868, Lu 0.3190, Pentalty 0.3616, loss 0.7419
Epoch 8, Batch 621/632, Grad Norms near zero: 12, Lx 0.3346, Lu 0.1061, Pentalty 0.4928, loss 0.4899
Epoch 8, Batch 622/632, Grad Norms near zero: 12, Lx 0.3867, Lu 0.1387, Pentalty 0.5169, loss 0.5771
Epoch 8, Batch 623/632, Grad Norms near zero: 12, Lx 0.3192, Lu 0.1091, Pentalty 0.5409, loss 0.4824
Epoch 8, Batch 624/632, Grad Norms near zero: 13, Lx 0.4707, Lu 0.2438, Pentalty 0.3968, loss 0.7541
Epoch 8, Batch 625/632, Grad Norms near zero: 12, Lx 0.4391, Lu 0.2147, Pentalty 0.3714, loss 0.6910
Epoch 8, Batch 626/632, Grad Norms near zero: 13, Lx 0.4775, Lu 0.2156, Pentalty 0.3406, loss 0.7272
Epoch 8, Batch 627/632, Grad Norms near zero: 12, Lx 0.2788, Lu 0.0725, Pentalty 0.5525, loss 0.4066
Epoch 8, Batch 628/632, Grad Norms near zero: 12, Lx 0.3925, Lu 0.1381, Pentalty 0.4917, loss 0.5798
Epoch 8, Batch 629/632, Grad Norms near zero: 12, Lx 0.4942, Lu 0.2408, Pentalty 0.4735, loss 0.7823
Epoch 8, Batch 630/632, Grad Norms near zero: 13, Lx 0.2750, Lu 0.0508, Pentalty 0.5623, loss 0.3820
Epoch 8, Batch 631/632, Grad Norms near zero: 12, Lx 0.4338, Lu 0.1916, Pentalty 0.4068, loss 0.6661
Epoch 8, Batch 632/632, Grad Norms near zero: 12, Lx 0.4375, Lu 0.2294, Pentalty 0.3015, loss 0.6971
Training for Network 2
labelled data size: 19773
unlabelled data size: 20227
Epoch 8, Batch 1/618, Grad Norms near zero: 12, Lx 1.6856, Lu 5.4165, Pentalty 0.2914, loss 7.1312
Epoch 8, Batch 2/618, Grad Norms near zero: 12, Lx 1.6703, Lu 5.8529, Pentalty 0.2855, loss 7.5518
Epoch 8, Batch 3/618, Grad Norms near zero: 12, Lx 1.4518, Lu 5.7539, Pentalty 0.1735, loss 7.2230
Epoch 8, Batch 4/618, Grad Norms near zero: 12, Lx 0.7965, Lu 2.7631, Pentalty 0.0052, loss 3.5601
Epoch 8, Batch 5/618, Grad Norms near zero: 12, Lx 0.3591, Lu 0.3990, Pentalty 0.1381, loss 0.7720
Epoch 8, Batch 6/618, Grad Norms near zero: 12, Lx 0.4071, Lu 0.0942, Pentalty 1.4349, loss 0.6448
Epoch 8, Batch 7/618, Grad Norms near zero: 12, Lx 0.8903, Lu 0.2614, Pentalty 2.3622, loss 1.3879
Epoch 8, Batch 8/618, Grad Norms near zero: 12, Lx 0.7538, Lu 0.1512, Pentalty 1.7585, loss 1.0808
Epoch 8, Batch 9/618, Grad Norms near zero: 12, Lx 0.3614, Lu 0.1258, Pentalty 0.8414, loss 0.5714
Epoch 8, Batch 10/618, Grad Norms near zero: 12, Lx 0.3236, Lu 0.1743, Pentalty 0.4161, loss 0.5395
Epoch 8, Batch 11/618, Grad Norms near zero: 12, Lx 0.4137, Lu 0.4177, Pentalty 0.2345, loss 0.8548
Epoch 8, Batch 12/618, Grad Norms near zero: 12, Lx 0.4965, Lu 0.3119, Pentalty 0.8740, loss 0.8958
Epoch 8, Batch 13/618, Grad Norms near zero: 12, Lx 0.6101, Lu 0.4685, Pentalty 1.1191, loss 1.1905
Epoch 8, Batch 14/618, Grad Norms near zero: 12, Lx 0.5684, Lu 0.4378, Pentalty 0.8634, loss 1.0925
Epoch 8, Batch 15/618, Grad Norms near zero: 12, Lx 0.4380, Lu 0.5020, Pentalty 0.1549, loss 0.9555
Epoch 8, Batch 16/618, Grad Norms near zero: 12, Lx 0.3741, Lu 0.2500, Pentalty 0.3196, loss 0.6561
Epoch 8, Batch 17/618, Grad Norms near zero: 12, Lx 0.3285, Lu 0.1040, Pentalty 0.9746, loss 0.5300
Epoch 8, Batch 18/618, Grad Norms near zero: 12, Lx 0.5633, Lu 0.3266, Pentalty 1.3333, loss 1.0232
Epoch 8, Batch 19/618, Grad Norms near zero: 12, Lx 0.7632, Lu 0.4069, Pentalty 1.2943, loss 1.2995
Epoch 8, Batch 20/618, Grad Norms near zero: 12, Lx 0.5093, Lu 0.4285, Pentalty 1.1062, loss 1.0485
Epoch 8, Batch 21/618, Grad Norms near zero: 12, Lx 0.3140, Lu 0.1673, Pentalty 0.5806, loss 0.5394
Epoch 8, Batch 22/618, Grad Norms near zero: 12, Lx 0.4002, Lu 0.2820, Pentalty 0.2450, loss 0.7067
Epoch 8, Batch 23/618, Grad Norms near zero: 12, Lx 0.4066, Lu 0.3975, Pentalty 0.2143, loss 0.8255
Epoch 8, Batch 24/618, Grad Norms near zero: 12, Lx 0.4887, Lu 0.2886, Pentalty 0.4532, loss 0.8226
Epoch 8, Batch 25/618, Grad Norms near zero: 12, Lx 0.4197, Lu 0.2658, Pentalty 0.7323, loss 0.7588
Epoch 8, Batch 26/618, Grad Norms near zero: 12, Lx 0.2584, Lu 0.0506, Pentalty 0.7392, loss 0.3829
Epoch 8, Batch 27/618, Grad Norms near zero: 12, Lx 0.4586, Lu 0.1704, Pentalty 0.8150, loss 0.7105
Epoch 8, Batch 28/618, Grad Norms near zero: 12, Lx 0.5038, Lu 0.3388, Pentalty 0.6100, loss 0.9036
Epoch 8, Batch 29/618, Grad Norms near zero: 12, Lx 0.5259, Lu 0.3501, Pentalty 0.3524, loss 0.9113
Epoch 8, Batch 30/618, Grad Norms near zero: 12, Lx 0.4961, Lu 0.5598, Pentalty 0.1640, loss 1.0723
Epoch 8, Batch 31/618, Grad Norms near zero: 12, Lx 0.5252, Lu 0.3766, Pentalty 0.3627, loss 0.9381
Epoch 8, Batch 32/618, Grad Norms near zero: 12, Lx 0.4189, Lu 0.2602, Pentalty 0.4140, loss 0.7205
Epoch 8, Batch 33/618, Grad Norms near zero: 12, Lx 0.5385, Lu 0.3042, Pentalty 0.5903, loss 0.9018
Epoch 8, Batch 34/618, Grad Norms near zero: 12, Lx 0.5500, Lu 0.1854, Pentalty 0.6881, loss 0.8042
Epoch 8, Batch 35/618, Grad Norms near zero: 13, Lx 0.4989, Lu 0.1956, Pentalty 0.4672, loss 0.7413
Epoch 8, Batch 36/618, Grad Norms near zero: 12, Lx 0.3759, Lu 0.2591, Pentalty 0.3125, loss 0.6662
Epoch 8, Batch 37/618, Grad Norms near zero: 12, Lx 0.3496, Lu 0.2990, Pentalty 0.2607, loss 0.6747
Epoch 8, Batch 38/618, Grad Norms near zero: 12, Lx 0.4914, Lu 0.2915, Pentalty 0.4291, loss 0.8258
Epoch 8, Batch 39/618, Grad Norms near zero: 15, Lx 0.2921, Lu 0.1089, Pentalty 0.5072, loss 0.4517
Epoch 8, Batch 40/618, Grad Norms near zero: 14, Lx 0.3148, Lu 0.1120, Pentalty 0.5575, loss 0.4826
Epoch 8, Batch 41/618, Grad Norms near zero: 13, Lx 0.3087, Lu 0.0855, Pentalty 0.4955, loss 0.4438
Epoch 8, Batch 42/618, Grad Norms near zero: 12, Lx 0.4934, Lu 0.3732, Pentalty 0.5815, loss 0.9248
Epoch 8, Batch 43/618, Grad Norms near zero: 12, Lx 0.4408, Lu 0.3045, Pentalty 0.5553, loss 0.8009
Epoch 8, Batch 44/618, Grad Norms near zero: 13, Lx 0.4193, Lu 0.3466, Pentalty 0.4093, loss 0.8067
Epoch 8, Batch 45/618, Grad Norms near zero: 12, Lx 0.2909, Lu 0.1113, Pentalty 0.3240, loss 0.4345
Epoch 8, Batch 46/618, Grad Norms near zero: 12, Lx 0.3581, Lu 0.2220, Pentalty 0.2432, loss 0.6045
Epoch 8, Batch 47/618, Grad Norms near zero: 12, Lx 0.4456, Lu 0.3369, Pentalty 0.3083, loss 0.8133
Epoch 8, Batch 48/618, Grad Norms near zero: 12, Lx 0.5658, Lu 0.3476, Pentalty 0.5082, loss 0.9642
Epoch 8, Batch 49/618, Grad Norms near zero: 13, Lx 0.2616, Lu 0.0857, Pentalty 0.5399, loss 0.4012
Epoch 8, Batch 50/618, Grad Norms near zero: 12, Lx 0.4019, Lu 0.3545, Pentalty 0.6060, loss 0.8170
Epoch 8, Batch 51/618, Grad Norms near zero: 15, Lx 0.3599, Lu 0.1112, Pentalty 0.5428, loss 0.5253
Epoch 8, Batch 52/618, Grad Norms near zero: 12, Lx 0.3949, Lu 0.3246, Pentalty 0.6288, loss 0.7824
Epoch 8, Batch 53/618, Grad Norms near zero: 15, Lx 0.3780, Lu 0.1487, Pentalty 0.4669, loss 0.5734
Epoch 8, Batch 54/618, Grad Norms near zero: 12, Lx 0.4723, Lu 0.2148, Pentalty 0.3504, loss 0.7221
Epoch 8, Batch 55/618, Grad Norms near zero: 12, Lx 0.3226, Lu 0.1874, Pentalty 0.2845, loss 0.5385
Epoch 8, Batch 56/618, Grad Norms near zero: 12, Lx 0.4682, Lu 0.2986, Pentalty 0.2558, loss 0.7924
Epoch 8, Batch 57/618, Grad Norms near zero: 12, Lx 0.4239, Lu 0.1989, Pentalty 0.3456, loss 0.6574
Epoch 8, Batch 58/618, Grad Norms near zero: 16, Lx 0.3299, Lu 0.1284, Pentalty 0.5003, loss 0.5083
Epoch 8, Batch 59/618, Grad Norms near zero: 12, Lx 0.3484, Lu 0.1281, Pentalty 0.7490, loss 0.5514
Epoch 8, Batch 60/618, Grad Norms near zero: 12, Lx 0.4319, Lu 0.1515, Pentalty 0.8060, loss 0.6640
Epoch 8, Batch 61/618, Grad Norms near zero: 12, Lx 0.4459, Lu 0.1821, Pentalty 0.8133, loss 0.7094
Epoch 8, Batch 62/618, Grad Norms near zero: 13, Lx 0.3486, Lu 0.1105, Pentalty 0.6606, loss 0.5252
Epoch 8, Batch 63/618, Grad Norms near zero: 12, Lx 0.5068, Lu 0.2395, Pentalty 0.5138, loss 0.7977
Epoch 8, Batch 64/618, Grad Norms near zero: 13, Lx 0.5117, Lu 0.2749, Pentalty 0.3858, loss 0.8253
Epoch 8, Batch 65/618, Grad Norms near zero: 12, Lx 0.4258, Lu 0.1877, Pentalty 0.2289, loss 0.6364
Epoch 8, Batch 66/618, Grad Norms near zero: 12, Lx 0.3425, Lu 0.2851, Pentalty 0.1726, loss 0.6449
Epoch 8, Batch 67/618, Grad Norms near zero: 12, Lx 0.3817, Lu 0.1826, Pentalty 0.3771, loss 0.6019
Epoch 8, Batch 68/618, Grad Norms near zero: 12, Lx 0.5564, Lu 0.2543, Pentalty 0.6013, loss 0.8708
Epoch 8, Batch 69/618, Grad Norms near zero: 13, Lx 0.2928, Lu 0.1378, Pentalty 0.7687, loss 0.5075
Epoch 8, Batch 70/618, Grad Norms near zero: 14, Lx 0.2598, Lu 0.0521, Pentalty 0.9074, loss 0.4026
Epoch 8, Batch 71/618, Grad Norms near zero: 13, Lx 0.2258, Lu 0.0635, Pentalty 0.8760, loss 0.3769
Epoch 8, Batch 72/618, Grad Norms near zero: 12, Lx 0.4608, Lu 0.1678, Pentalty 0.9274, loss 0.7213
Epoch 8, Batch 73/618, Grad Norms near zero: 13, Lx 0.3643, Lu 0.1101, Pentalty 0.8664, loss 0.5610
Epoch 8, Batch 74/618, Grad Norms near zero: 12, Lx 0.3608, Lu 0.2916, Pentalty 0.7635, loss 0.7287
Epoch 8, Batch 75/618, Grad Norms near zero: 12, Lx 0.1971, Lu 0.0408, Pentalty 0.6029, loss 0.2982
Epoch 8, Batch 76/618, Grad Norms near zero: 13, Lx 0.2353, Lu 0.0632, Pentalty 0.4988, loss 0.3484
Epoch 8, Batch 77/618, Grad Norms near zero: 13, Lx 0.3969, Lu 0.2634, Pentalty 0.4677, loss 0.7070
Epoch 8, Batch 78/618, Grad Norms near zero: 12, Lx 0.3080, Lu 0.1394, Pentalty 0.3218, loss 0.4796
Epoch 8, Batch 79/618, Grad Norms near zero: 12, Lx 0.4294, Lu 0.2259, Pentalty 0.2596, loss 0.6813
Epoch 8, Batch 80/618, Grad Norms near zero: 12, Lx 0.3316, Lu 0.1644, Pentalty 0.3386, loss 0.5298
Epoch 8, Batch 81/618, Grad Norms near zero: 16, Lx 0.3379, Lu 0.1443, Pentalty 0.4481, loss 0.5270
Epoch 8, Batch 82/618, Grad Norms near zero: 13, Lx 0.2728, Lu 0.0925, Pentalty 0.4685, loss 0.4122
Epoch 8, Batch 83/618, Grad Norms near zero: 13, Lx 0.2136, Lu 0.0512, Pentalty 0.5689, loss 0.3217
Epoch 8, Batch 84/618, Grad Norms near zero: 13, Lx 0.3448, Lu 0.0716, Pentalty 0.6620, loss 0.4826
Epoch 8, Batch 85/618, Grad Norms near zero: 12, Lx 0.4499, Lu 0.1890, Pentalty 0.7384, loss 0.7128
Epoch 8, Batch 86/618, Grad Norms near zero: 12, Lx 0.3384, Lu 0.1345, Pentalty 0.7727, loss 0.5502
Epoch 8, Batch 87/618, Grad Norms near zero: 12, Lx 0.3478, Lu 0.1748, Pentalty 0.7100, loss 0.5936
Epoch 8, Batch 88/618, Grad Norms near zero: 25, Lx 0.2427, Lu 0.0476, Pentalty 0.6364, loss 0.3539
Epoch 8, Batch 89/618, Grad Norms near zero: 15, Lx 0.2257, Lu 0.0723, Pentalty 0.5381, loss 0.3518
Epoch 8, Batch 90/618, Grad Norms near zero: 17, Lx 0.2980, Lu 0.0955, Pentalty 0.4808, loss 0.4415
Epoch 8, Batch 91/618, Grad Norms near zero: 12, Lx 0.2415, Lu 0.0807, Pentalty 0.4606, loss 0.3683
Epoch 8, Batch 92/618, Grad Norms near zero: 15, Lx 0.3461, Lu 0.0974, Pentalty 0.5145, loss 0.4949
Epoch 8, Batch 93/618, Grad Norms near zero: 17, Lx 0.3387, Lu 0.1035, Pentalty 0.4966, loss 0.4919
Epoch 8, Batch 94/618, Grad Norms near zero: 14, Lx 0.3141, Lu 0.1136, Pentalty 0.4993, loss 0.4777
Epoch 8, Batch 95/618, Grad Norms near zero: 13, Lx 0.4380, Lu 0.1973, Pentalty 0.4903, loss 0.6843
Epoch 8, Batch 96/618, Grad Norms near zero: 13, Lx 0.3349, Lu 0.1653, Pentalty 0.5443, loss 0.5546
Epoch 8, Batch 97/618, Grad Norms near zero: 17, Lx 0.4930, Lu 0.1575, Pentalty 0.4442, loss 0.6949
Epoch 8, Batch 98/618, Grad Norms near zero: 14, Lx 0.3645, Lu 0.1220, Pentalty 0.4145, loss 0.5279
Epoch 8, Batch 99/618, Grad Norms near zero: 13, Lx 0.3155, Lu 0.1007, Pentalty 0.4216, loss 0.4584
Epoch 8, Batch 100/618, Grad Norms near zero: 13, Lx 0.4106, Lu 0.1672, Pentalty 0.3896, loss 0.6168
Epoch 8, Batch 101/618, Grad Norms near zero: 13, Lx 0.4398, Lu 0.1866, Pentalty 0.4693, loss 0.6733
Epoch 8, Batch 102/618, Grad Norms near zero: 12, Lx 0.3144, Lu 0.0892, Pentalty 0.4707, loss 0.4507
Epoch 8, Batch 103/618, Grad Norms near zero: 18, Lx 0.3018, Lu 0.0799, Pentalty 0.4891, loss 0.4307
Epoch 8, Batch 104/618, Grad Norms near zero: 21, Lx 0.3214, Lu 0.0727, Pentalty 0.5277, loss 0.4469
Epoch 8, Batch 105/618, Grad Norms near zero: 13, Lx 0.2979, Lu 0.1081, Pentalty 0.5690, loss 0.4629
Epoch 8, Batch 106/618, Grad Norms near zero: 20, Lx 0.3059, Lu 0.0844, Pentalty 0.5303, loss 0.4433
Epoch 8, Batch 107/618, Grad Norms near zero: 13, Lx 0.3895, Lu 0.2043, Pentalty 0.5917, loss 0.6530
Epoch 8, Batch 108/618, Grad Norms near zero: 12, Lx 0.4354, Lu 0.1507, Pentalty 0.5880, loss 0.6449
Epoch 8, Batch 109/618, Grad Norms near zero: 13, Lx 0.3962, Lu 0.1758, Pentalty 0.5068, loss 0.6226
Epoch 8, Batch 110/618, Grad Norms near zero: 13, Lx 0.3364, Lu 0.1201, Pentalty 0.4393, loss 0.5004
Epoch 8, Batch 111/618, Grad Norms near zero: 13, Lx 0.3399, Lu 0.1426, Pentalty 0.3781, loss 0.5204
Epoch 8, Batch 112/618, Grad Norms near zero: 13, Lx 0.3035, Lu 0.1389, Pentalty 0.3986, loss 0.4822
Epoch 8, Batch 113/618, Grad Norms near zero: 13, Lx 0.2578, Lu 0.0802, Pentalty 0.4261, loss 0.3806
Epoch 8, Batch 114/618, Grad Norms near zero: 13, Lx 0.4137, Lu 0.1748, Pentalty 0.5076, loss 0.6392
Epoch 8, Batch 115/618, Grad Norms near zero: 16, Lx 0.2871, Lu 0.1005, Pentalty 0.5544, loss 0.4431
Epoch 8, Batch 116/618, Grad Norms near zero: 12, Lx 0.2952, Lu 0.1264, Pentalty 0.6278, loss 0.4844
Epoch 8, Batch 117/618, Grad Norms near zero: 21, Lx 0.1845, Lu 0.0381, Pentalty 0.6397, loss 0.2865
Epoch 8, Batch 118/618, Grad Norms near zero: 12, Lx 0.4505, Lu 0.1776, Pentalty 0.6671, loss 0.6948
Epoch 8, Batch 119/618, Grad Norms near zero: 16, Lx 0.2793, Lu 0.1250, Pentalty 0.5934, loss 0.4636
Epoch 8, Batch 120/618, Grad Norms near zero: 14, Lx 0.3609, Lu 0.1351, Pentalty 0.5780, loss 0.5537
Epoch 8, Batch 121/618, Grad Norms near zero: 14, Lx 0.3517, Lu 0.1310, Pentalty 0.5470, loss 0.5374
Epoch 8, Batch 122/618, Grad Norms near zero: 13, Lx 0.3531, Lu 0.1890, Pentalty 0.4432, loss 0.5864
Epoch 8, Batch 123/618, Grad Norms near zero: 13, Lx 0.3162, Lu 0.1340, Pentalty 0.3733, loss 0.4875
Epoch 8, Batch 124/618, Grad Norms near zero: 12, Lx 0.2882, Lu 0.1456, Pentalty 0.3363, loss 0.4673
Epoch 8, Batch 125/618, Grad Norms near zero: 14, Lx 0.3878, Lu 0.0910, Pentalty 0.3680, loss 0.5156
Epoch 8, Batch 126/618, Grad Norms near zero: 17, Lx 0.3523, Lu 0.1118, Pentalty 0.4180, loss 0.5060
Epoch 8, Batch 127/618, Grad Norms near zero: 13, Lx 0.3195, Lu 0.1590, Pentalty 0.4653, loss 0.5251
Epoch 8, Batch 128/618, Grad Norms near zero: 14, Lx 0.3737, Lu 0.1299, Pentalty 0.4824, loss 0.5519
Epoch 8, Batch 129/618, Grad Norms near zero: 12, Lx 0.3187, Lu 0.1448, Pentalty 0.5642, loss 0.5199
Epoch 8, Batch 130/618, Grad Norms near zero: 14, Lx 0.2929, Lu 0.0688, Pentalty 0.5625, loss 0.4180
Epoch 8, Batch 131/618, Grad Norms near zero: 21, Lx 0.3251, Lu 0.1028, Pentalty 0.4899, loss 0.4769
Epoch 8, Batch 132/618, Grad Norms near zero: 13, Lx 0.3695, Lu 0.1368, Pentalty 0.5318, loss 0.5594
Epoch 8, Batch 133/618, Grad Norms near zero: 15, Lx 0.3670, Lu 0.1469, Pentalty 0.4268, loss 0.5566
Epoch 8, Batch 134/618, Grad Norms near zero: 13, Lx 0.2991, Lu 0.0860, Pentalty 0.4419, loss 0.4293
Epoch 8, Batch 135/618, Grad Norms near zero: 16, Lx 0.4102, Lu 0.1389, Pentalty 0.4296, loss 0.5921
Epoch 8, Batch 136/618, Grad Norms near zero: 14, Lx 0.3403, Lu 0.0937, Pentalty 0.4040, loss 0.4744
Epoch 8, Batch 137/618, Grad Norms near zero: 15, Lx 0.3676, Lu 0.1130, Pentalty 0.4292, loss 0.5235
Epoch 8, Batch 138/618, Grad Norms near zero: 13, Lx 0.3202, Lu 0.1159, Pentalty 0.3886, loss 0.4750
Epoch 8, Batch 139/618, Grad Norms near zero: 12, Lx 0.1965, Lu 0.0834, Pentalty 0.4567, loss 0.3256
Epoch 8, Batch 140/618, Grad Norms near zero: 12, Lx 0.3876, Lu 0.1067, Pentalty 0.4955, loss 0.5439
Epoch 8, Batch 141/618, Grad Norms near zero: 12, Lx 0.3909, Lu 0.1195, Pentalty 0.5870, loss 0.5691
Epoch 8, Batch 142/618, Grad Norms near zero: 15, Lx 0.3659, Lu 0.0684, Pentalty 0.5652, loss 0.4909
Epoch 8, Batch 143/618, Grad Norms near zero: 13, Lx 0.2194, Lu 0.0416, Pentalty 0.5790, loss 0.3189
Epoch 8, Batch 144/618, Grad Norms near zero: 13, Lx 0.2644, Lu 0.0892, Pentalty 0.6064, loss 0.4143
Epoch 8, Batch 145/618, Grad Norms near zero: 12, Lx 0.2736, Lu 0.1809, Pentalty 0.6235, loss 0.5168
Epoch 8, Batch 146/618, Grad Norms near zero: 16, Lx 0.2256, Lu 0.0343, Pentalty 0.5846, loss 0.3183
Epoch 8, Batch 147/618, Grad Norms near zero: 16, Lx 0.3076, Lu 0.1029, Pentalty 0.5966, loss 0.4702
Epoch 8, Batch 148/618, Grad Norms near zero: 20, Lx 0.2837, Lu 0.0594, Pentalty 0.5683, loss 0.3999
Epoch 8, Batch 149/618, Grad Norms near zero: 21, Lx 0.3768, Lu 0.0995, Pentalty 0.5351, loss 0.5298
Epoch 8, Batch 150/618, Grad Norms near zero: 12, Lx 0.3385, Lu 0.1253, Pentalty 0.5231, loss 0.5161
Epoch 8, Batch 151/618, Grad Norms near zero: 19, Lx 0.3148, Lu 0.0665, Pentalty 0.5145, loss 0.4328
Epoch 8, Batch 152/618, Grad Norms near zero: 18, Lx 0.2306, Lu 0.0886, Pentalty 0.5007, loss 0.3692
Epoch 8, Batch 153/618, Grad Norms near zero: 19, Lx 0.3199, Lu 0.1594, Pentalty 0.4755, loss 0.5269
Epoch 8, Batch 154/618, Grad Norms near zero: 15, Lx 0.2833, Lu 0.0821, Pentalty 0.4955, loss 0.4150
Epoch 8, Batch 155/618, Grad Norms near zero: 12, Lx 0.3559, Lu 0.1331, Pentalty 0.4618, loss 0.5352
Epoch 8, Batch 156/618, Grad Norms near zero: 17, Lx 0.2516, Lu 0.0631, Pentalty 0.4620, loss 0.3609
Epoch 8, Batch 157/618, Grad Norms near zero: 19, Lx 0.3656, Lu 0.1266, Pentalty 0.4565, loss 0.5379
Epoch 8, Batch 158/618, Grad Norms near zero: 14, Lx 0.3398, Lu 0.1448, Pentalty 0.4362, loss 0.5282
Epoch 8, Batch 159/618, Grad Norms near zero: 12, Lx 0.1826, Lu 0.0831, Pentalty 0.4694, loss 0.3126
Epoch 8, Batch 160/618, Grad Norms near zero: 12, Lx 0.1952, Lu 0.0481, Pentalty 0.5179, loss 0.2951
Epoch 8, Batch 161/618, Grad Norms near zero: 25, Lx 0.2012, Lu 0.0553, Pentalty 0.6163, loss 0.3182
Epoch 8, Batch 162/618, Grad Norms near zero: 16, Lx 0.2597, Lu 0.0766, Pentalty 0.6517, loss 0.4016
Epoch 8, Batch 163/618, Grad Norms near zero: 12, Lx 0.3563, Lu 0.1428, Pentalty 0.6752, loss 0.5666
Epoch 8, Batch 164/618, Grad Norms near zero: 19, Lx 0.2126, Lu 0.0403, Pentalty 0.7366, loss 0.3265
Epoch 8, Batch 165/618, Grad Norms near zero: 12, Lx 0.3324, Lu 0.1162, Pentalty 0.6907, loss 0.5177
Epoch 8, Batch 166/618, Grad Norms near zero: 13, Lx 0.3578, Lu 0.1893, Pentalty 0.7244, loss 0.6195
Epoch 8, Batch 167/618, Grad Norms near zero: 13, Lx 0.3699, Lu 0.1379, Pentalty 0.6308, loss 0.5708
Epoch 8, Batch 168/618, Grad Norms near zero: 15, Lx 0.3704, Lu 0.1029, Pentalty 0.5314, loss 0.5264
Epoch 8, Batch 169/618, Grad Norms near zero: 12, Lx 0.4102, Lu 0.1547, Pentalty 0.4572, loss 0.6106
Epoch 8, Batch 170/618, Grad Norms near zero: 12, Lx 0.2321, Lu 0.0942, Pentalty 0.3642, loss 0.3627
Epoch 8, Batch 171/618, Grad Norms near zero: 12, Lx 0.3237, Lu 0.1484, Pentalty 0.3374, loss 0.5058
Epoch 8, Batch 172/618, Grad Norms near zero: 13, Lx 0.3290, Lu 0.1493, Pentalty 0.3435, loss 0.5126
Epoch 8, Batch 173/618, Grad Norms near zero: 13, Lx 0.3357, Lu 0.1138, Pentalty 0.3903, loss 0.4886
Epoch 8, Batch 174/618, Grad Norms near zero: 12, Lx 0.2911, Lu 0.0957, Pentalty 0.4129, loss 0.4281
Epoch 8, Batch 175/618, Grad Norms near zero: 19, Lx 0.2672, Lu 0.0875, Pentalty 0.5129, loss 0.4060
Epoch 8, Batch 176/618, Grad Norms near zero: 13, Lx 0.3033, Lu 0.1492, Pentalty 0.6139, loss 0.5139
Epoch 8, Batch 177/618, Grad Norms near zero: 16, Lx 0.3530, Lu 0.1393, Pentalty 0.6430, loss 0.5565
Epoch 8, Batch 178/618, Grad Norms near zero: 18, Lx 0.1964, Lu 0.0323, Pentalty 0.6557, loss 0.2942
Epoch 8, Batch 179/618, Grad Norms near zero: 14, Lx 0.2953, Lu 0.1281, Pentalty 0.6744, loss 0.4909
Epoch 8, Batch 180/618, Grad Norms near zero: 13, Lx 0.4115, Lu 0.1540, Pentalty 0.6874, loss 0.6342
Epoch 8, Batch 181/618, Grad Norms near zero: 14, Lx 0.3900, Lu 0.1091, Pentalty 0.6332, loss 0.5624
Epoch 8, Batch 182/618, Grad Norms near zero: 14, Lx 0.1492, Lu 0.0407, Pentalty 0.6092, loss 0.2508
Epoch 8, Batch 183/618, Grad Norms near zero: 14, Lx 0.3350, Lu 0.1336, Pentalty 0.5694, loss 0.5256
Epoch 8, Batch 184/618, Grad Norms near zero: 14, Lx 0.3161, Lu 0.1043, Pentalty 0.4790, loss 0.4683
Epoch 8, Batch 185/618, Grad Norms near zero: 12, Lx 0.1899, Lu 0.0596, Pentalty 0.4743, loss 0.2969
Epoch 8, Batch 186/618, Grad Norms near zero: 18, Lx 0.3416, Lu 0.1015, Pentalty 0.5068, loss 0.4938
Epoch 8, Batch 187/618, Grad Norms near zero: 20, Lx 0.3198, Lu 0.1034, Pentalty 0.4773, loss 0.4709
Epoch 8, Batch 188/618, Grad Norms near zero: 14, Lx 0.3786, Lu 0.1267, Pentalty 0.4907, loss 0.5544
Epoch 8, Batch 189/618, Grad Norms near zero: 18, Lx 0.2922, Lu 0.1026, Pentalty 0.4742, loss 0.4422
Epoch 8, Batch 190/618, Grad Norms near zero: 19, Lx 0.2877, Lu 0.0790, Pentalty 0.4872, loss 0.4154
Epoch 8, Batch 191/618, Grad Norms near zero: 15, Lx 0.3603, Lu 0.1445, Pentalty 0.4646, loss 0.5512
Epoch 8, Batch 192/618, Grad Norms near zero: 20, Lx 0.3348, Lu 0.1512, Pentalty 0.4577, loss 0.5317
Epoch 8, Batch 193/618, Grad Norms near zero: 13, Lx 0.2787, Lu 0.0949, Pentalty 0.4202, loss 0.4156
Epoch 8, Batch 194/618, Grad Norms near zero: 15, Lx 0.3907, Lu 0.1134, Pentalty 0.4526, loss 0.5493
Epoch 8, Batch 195/618, Grad Norms near zero: 14, Lx 0.2911, Lu 0.0782, Pentalty 0.4641, loss 0.4157
Epoch 8, Batch 196/618, Grad Norms near zero: 20, Lx 0.3024, Lu 0.1036, Pentalty 0.5010, loss 0.4560
Epoch 8, Batch 197/618, Grad Norms near zero: 23, Lx 0.2544, Lu 0.0616, Pentalty 0.5469, loss 0.3707
Epoch 8, Batch 198/618, Grad Norms near zero: 14, Lx 0.3353, Lu 0.1159, Pentalty 0.5671, loss 0.5079
Epoch 8, Batch 199/618, Grad Norms near zero: 14, Lx 0.3140, Lu 0.1314, Pentalty 0.6237, loss 0.5079
Epoch 8, Batch 200/618, Grad Norms near zero: 13, Lx 0.3007, Lu 0.1252, Pentalty 0.6303, loss 0.4889
Epoch 8, Batch 201/618, Grad Norms near zero: 28, Lx 0.2216, Lu 0.0546, Pentalty 0.5989, loss 0.3361
Epoch 8, Batch 202/618, Grad Norms near zero: 21, Lx 0.2751, Lu 0.0796, Pentalty 0.5767, loss 0.4123
Epoch 8, Batch 203/618, Grad Norms near zero: 13, Lx 0.4498, Lu 0.1369, Pentalty 0.5640, loss 0.6431
Epoch 8, Batch 204/618, Grad Norms near zero: 13, Lx 0.2337, Lu 0.0506, Pentalty 0.4973, loss 0.3341
Epoch 8, Batch 205/618, Grad Norms near zero: 14, Lx 0.2579, Lu 0.0676, Pentalty 0.4908, loss 0.3746
Epoch 8, Batch 206/618, Grad Norms near zero: 12, Lx 0.1962, Lu 0.0770, Pentalty 0.5058, loss 0.3237
Epoch 8, Batch 207/618, Grad Norms near zero: 15, Lx 0.3968, Lu 0.1158, Pentalty 0.5051, loss 0.5631
Epoch 8, Batch 208/618, Grad Norms near zero: 13, Lx 0.1949, Lu 0.0344, Pentalty 0.5600, loss 0.2853
Epoch 8, Batch 209/618, Grad Norms near zero: 13, Lx 0.3400, Lu 0.0891, Pentalty 0.6138, loss 0.4905
Epoch 8, Batch 210/618, Grad Norms near zero: 13, Lx 0.1700, Lu 0.0419, Pentalty 0.6152, loss 0.2735
Epoch 8, Batch 211/618, Grad Norms near zero: 25, Lx 0.2596, Lu 0.0498, Pentalty 0.6408, loss 0.3735
Epoch 8, Batch 212/618, Grad Norms near zero: 13, Lx 0.1489, Lu 0.0288, Pentalty 0.6472, loss 0.2424
Epoch 8, Batch 213/618, Grad Norms near zero: 14, Lx 0.3590, Lu 0.1509, Pentalty 0.6530, loss 0.5752
Epoch 8, Batch 214/618, Grad Norms near zero: 13, Lx 0.3766, Lu 0.1716, Pentalty 0.6725, loss 0.6155
Epoch 8, Batch 215/618, Grad Norms near zero: 12, Lx 0.3232, Lu 0.1646, Pentalty 0.6918, loss 0.5570
Epoch 8, Batch 216/618, Grad Norms near zero: 15, Lx 0.3028, Lu 0.0642, Pentalty 0.6024, loss 0.4273
Epoch 8, Batch 217/618, Grad Norms near zero: 17, Lx 0.2453, Lu 0.0524, Pentalty 0.5543, loss 0.3531
Epoch 8, Batch 218/618, Grad Norms near zero: 12, Lx 0.1673, Lu 0.0597, Pentalty 0.5235, loss 0.2794
Epoch 8, Batch 219/618, Grad Norms near zero: 15, Lx 0.2528, Lu 0.0750, Pentalty 0.5109, loss 0.3789
Epoch 8, Batch 220/618, Grad Norms near zero: 13, Lx 0.4211, Lu 0.1371, Pentalty 0.5115, loss 0.6094
Epoch 8, Batch 221/618, Grad Norms near zero: 12, Lx 0.3411, Lu 0.1059, Pentalty 0.5347, loss 0.5005
Epoch 8, Batch 222/618, Grad Norms near zero: 12, Lx 0.3798, Lu 0.1590, Pentalty 0.5560, loss 0.5944
Epoch 8, Batch 223/618, Grad Norms near zero: 20, Lx 0.3386, Lu 0.1015, Pentalty 0.5121, loss 0.4913
Epoch 8, Batch 224/618, Grad Norms near zero: 14, Lx 0.2457, Lu 0.0801, Pentalty 0.5029, loss 0.3761
Epoch 8, Batch 225/618, Grad Norms near zero: 16, Lx 0.3877, Lu 0.1658, Pentalty 0.4805, loss 0.6015
Epoch 8, Batch 226/618, Grad Norms near zero: 16, Lx 0.2907, Lu 0.0796, Pentalty 0.4836, loss 0.4186
Epoch 8, Batch 227/618, Grad Norms near zero: 14, Lx 0.2742, Lu 0.0888, Pentalty 0.4947, loss 0.4125
Epoch 8, Batch 228/618, Grad Norms near zero: 17, Lx 0.3301, Lu 0.0716, Pentalty 0.5113, loss 0.4528
Epoch 8, Batch 229/618, Grad Norms near zero: 21, Lx 0.2748, Lu 0.0740, Pentalty 0.5642, loss 0.4052
Epoch 8, Batch 230/618, Grad Norms near zero: 16, Lx 0.3826, Lu 0.1188, Pentalty 0.5508, loss 0.5565
Epoch 8, Batch 231/618, Grad Norms near zero: 13, Lx 0.4036, Lu 0.1311, Pentalty 0.5528, loss 0.5900
Epoch 8, Batch 232/618, Grad Norms near zero: 12, Lx 0.3543, Lu 0.1492, Pentalty 0.5812, loss 0.5616
Epoch 8, Batch 233/618, Grad Norms near zero: 13, Lx 0.3611, Lu 0.1549, Pentalty 0.5208, loss 0.5681
Epoch 8, Batch 234/618, Grad Norms near zero: 14, Lx 0.2263, Lu 0.0504, Pentalty 0.5003, loss 0.3267
Epoch 8, Batch 235/618, Grad Norms near zero: 17, Lx 0.3140, Lu 0.1398, Pentalty 0.4488, loss 0.4986
Epoch 8, Batch 236/618, Grad Norms near zero: 14, Lx 0.2847, Lu 0.1462, Pentalty 0.4166, loss 0.4725
Epoch 8, Batch 237/618, Grad Norms near zero: 16, Lx 0.3757, Lu 0.1135, Pentalty 0.4264, loss 0.5318
Epoch 8, Batch 238/618, Grad Norms near zero: 13, Lx 0.3626, Lu 0.1056, Pentalty 0.4114, loss 0.5093
Epoch 8, Batch 239/618, Grad Norms near zero: 15, Lx 0.3608, Lu 0.1534, Pentalty 0.3756, loss 0.5518
Epoch 8, Batch 240/618, Grad Norms near zero: 13, Lx 0.3817, Lu 0.1505, Pentalty 0.3822, loss 0.5704
Epoch 8, Batch 241/618, Grad Norms near zero: 12, Lx 0.2463, Lu 0.1062, Pentalty 0.3979, loss 0.3922
Epoch 8, Batch 242/618, Grad Norms near zero: 13, Lx 0.2056, Lu 0.0644, Pentalty 0.4574, loss 0.3158
Epoch 8, Batch 243/618, Grad Norms near zero: 13, Lx 0.2882, Lu 0.0738, Pentalty 0.4761, loss 0.4097
Epoch 8, Batch 244/618, Grad Norms near zero: 13, Lx 0.4294, Lu 0.1723, Pentalty 0.5653, loss 0.6583
Epoch 8, Batch 245/618, Grad Norms near zero: 17, Lx 0.2900, Lu 0.0798, Pentalty 0.6364, loss 0.4334
Epoch 8, Batch 246/618, Grad Norms near zero: 17, Lx 0.1602, Lu 0.0318, Pentalty 0.6678, loss 0.2588
Epoch 8, Batch 247/618, Grad Norms near zero: 17, Lx 0.2932, Lu 0.0688, Pentalty 0.7064, loss 0.4326
Epoch 8, Batch 248/618, Grad Norms near zero: 13, Lx 0.4061, Lu 0.1465, Pentalty 0.7120, loss 0.6238
Epoch 8, Batch 249/618, Grad Norms near zero: 15, Lx 0.2812, Lu 0.0568, Pentalty 0.6928, loss 0.4073
Epoch 8, Batch 250/618, Grad Norms near zero: 25, Lx 0.1725, Lu 0.0231, Pentalty 0.6803, loss 0.2636
Epoch 8, Batch 251/618, Grad Norms near zero: 14, Lx 0.2775, Lu 0.0462, Pentalty 0.7069, loss 0.3943
Epoch 8, Batch 252/618, Grad Norms near zero: 13, Lx 0.4390, Lu 0.1168, Pentalty 0.6319, loss 0.6189
Epoch 8, Batch 253/618, Grad Norms near zero: 14, Lx 0.3198, Lu 0.0656, Pentalty 0.6280, loss 0.4482
Epoch 8, Batch 254/618, Grad Norms near zero: 22, Lx 0.3697, Lu 0.0808, Pentalty 0.5444, loss 0.5050
Epoch 8, Batch 255/618, Grad Norms near zero: 16, Lx 0.3358, Lu 0.1277, Pentalty 0.5026, loss 0.5137
Epoch 8, Batch 256/618, Grad Norms near zero: 13, Lx 0.2752, Lu 0.0914, Pentalty 0.4244, loss 0.4091
Epoch 8, Batch 257/618, Grad Norms near zero: 14, Lx 0.3154, Lu 0.1835, Pentalty 0.3926, loss 0.5381
Epoch 8, Batch 258/618, Grad Norms near zero: 14, Lx 0.3029, Lu 0.1019, Pentalty 0.4309, loss 0.4479
Epoch 8, Batch 259/618, Grad Norms near zero: 19, Lx 0.2719, Lu 0.0818, Pentalty 0.4033, loss 0.3940
Epoch 8, Batch 260/618, Grad Norms near zero: 12, Lx 0.2141, Lu 0.0711, Pentalty 0.4403, loss 0.3292
Epoch 8, Batch 261/618, Grad Norms near zero: 14, Lx 0.4959, Lu 0.1529, Pentalty 0.4736, loss 0.6962
Epoch 8, Batch 262/618, Grad Norms near zero: 15, Lx 0.3423, Lu 0.1341, Pentalty 0.5013, loss 0.5265
Epoch 8, Batch 263/618, Grad Norms near zero: 15, Lx 0.3913, Lu 0.0738, Pentalty 0.5377, loss 0.5189
Epoch 8, Batch 264/618, Grad Norms near zero: 17, Lx 0.2424, Lu 0.0507, Pentalty 0.5538, loss 0.3485
Epoch 8, Batch 265/618, Grad Norms near zero: 12, Lx 0.3669, Lu 0.1323, Pentalty 0.5650, loss 0.5557
Epoch 8, Batch 266/618, Grad Norms near zero: 15, Lx 0.3405, Lu 0.1283, Pentalty 0.5177, loss 0.5206
Epoch 8, Batch 267/618, Grad Norms near zero: 17, Lx 0.3938, Lu 0.1484, Pentalty 0.5294, loss 0.5951
Epoch 8, Batch 268/618, Grad Norms near zero: 19, Lx 0.4506, Lu 0.1482, Pentalty 0.4779, loss 0.6466
Epoch 8, Batch 269/618, Grad Norms near zero: 24, Lx 0.2279, Lu 0.0482, Pentalty 0.4934, loss 0.3254
Epoch 8, Batch 270/618, Grad Norms near zero: 12, Lx 0.1748, Lu 0.0878, Pentalty 0.4503, loss 0.3077
Epoch 8, Batch 271/618, Grad Norms near zero: 23, Lx 0.3338, Lu 0.0930, Pentalty 0.4475, loss 0.4716
Epoch 8, Batch 272/618, Grad Norms near zero: 19, Lx 0.3203, Lu 0.1223, Pentalty 0.4903, loss 0.4916
Epoch 8, Batch 273/618, Grad Norms near zero: 19, Lx 0.2928, Lu 0.0980, Pentalty 0.5242, loss 0.4432
Epoch 8, Batch 274/618, Grad Norms near zero: 15, Lx 0.3661, Lu 0.1373, Pentalty 0.4959, loss 0.5530
Epoch 8, Batch 275/618, Grad Norms near zero: 18, Lx 0.3119, Lu 0.1731, Pentalty 0.5061, loss 0.5356
Epoch 8, Batch 276/618, Grad Norms near zero: 12, Lx 0.1815, Lu 0.0501, Pentalty 0.4891, loss 0.2805
Epoch 8, Batch 277/618, Grad Norms near zero: 22, Lx 0.2778, Lu 0.0881, Pentalty 0.4836, loss 0.4143
Epoch 8, Batch 278/618, Grad Norms near zero: 18, Lx 0.3132, Lu 0.1033, Pentalty 0.5426, loss 0.4707
Epoch 8, Batch 279/618, Grad Norms near zero: 15, Lx 0.2609, Lu 0.0684, Pentalty 0.5033, loss 0.3797
Epoch 8, Batch 280/618, Grad Norms near zero: 18, Lx 0.2536, Lu 0.0584, Pentalty 0.5370, loss 0.3657
Epoch 8, Batch 281/618, Grad Norms near zero: 13, Lx 0.3401, Lu 0.1587, Pentalty 0.5516, loss 0.5540
Epoch 8, Batch 282/618, Grad Norms near zero: 19, Lx 0.1750, Lu 0.0330, Pentalty 0.6195, loss 0.2700
Epoch 8, Batch 283/618, Grad Norms near zero: 13, Lx 0.2881, Lu 0.0732, Pentalty 0.6230, loss 0.4237
Epoch 8, Batch 284/618, Grad Norms near zero: 17, Lx 0.3608, Lu 0.1022, Pentalty 0.5904, loss 0.5221
Epoch 8, Batch 285/618, Grad Norms near zero: 15, Lx 0.3117, Lu 0.1099, Pentalty 0.5596, loss 0.4775
Epoch 8, Batch 286/618, Grad Norms near zero: 15, Lx 0.3705, Lu 0.0974, Pentalty 0.5434, loss 0.5223
Epoch 8, Batch 287/618, Grad Norms near zero: 18, Lx 0.2317, Lu 0.0503, Pentalty 0.5492, loss 0.3370
Epoch 8, Batch 288/618, Grad Norms near zero: 20, Lx 0.2170, Lu 0.0441, Pentalty 0.5313, loss 0.3142
Epoch 8, Batch 289/618, Grad Norms near zero: 19, Lx 0.2673, Lu 0.0586, Pentalty 0.5293, loss 0.3788
Epoch 8, Batch 290/618, Grad Norms near zero: 14, Lx 0.2333, Lu 0.0484, Pentalty 0.5092, loss 0.3326
Epoch 8, Batch 291/618, Grad Norms near zero: 17, Lx 0.2415, Lu 0.0867, Pentalty 0.5110, loss 0.3793
Epoch 8, Batch 292/618, Grad Norms near zero: 16, Lx 0.2991, Lu 0.0767, Pentalty 0.4968, loss 0.4255
Epoch 8, Batch 293/618, Grad Norms near zero: 21, Lx 0.3518, Lu 0.1218, Pentalty 0.4780, loss 0.5215
Epoch 8, Batch 294/618, Grad Norms near zero: 13, Lx 0.4197, Lu 0.1445, Pentalty 0.5061, loss 0.6148
Epoch 8, Batch 295/618, Grad Norms near zero: 14, Lx 0.2475, Lu 0.0517, Pentalty 0.5145, loss 0.3506
Epoch 8, Batch 296/618, Grad Norms near zero: 19, Lx 0.2984, Lu 0.1292, Pentalty 0.5052, loss 0.4781
Epoch 8, Batch 297/618, Grad Norms near zero: 12, Lx 0.1283, Lu 0.0743, Pentalty 0.5335, loss 0.2560
Epoch 8, Batch 298/618, Grad Norms near zero: 22, Lx 0.2297, Lu 0.0370, Pentalty 0.5589, loss 0.3225
Epoch 8, Batch 299/618, Grad Norms near zero: 24, Lx 0.2956, Lu 0.0609, Pentalty 0.5621, loss 0.4127
Epoch 8, Batch 300/618, Grad Norms near zero: 20, Lx 0.2403, Lu 0.0300, Pentalty 0.6008, loss 0.3304
Epoch 8, Batch 301/618, Grad Norms near zero: 19, Lx 0.1873, Lu 0.0331, Pentalty 0.6383, loss 0.2843
Epoch 8, Batch 302/618, Grad Norms near zero: 14, Lx 0.3205, Lu 0.1175, Pentalty 0.6540, loss 0.5034
Epoch 8, Batch 303/618, Grad Norms near zero: 13, Lx 0.3477, Lu 0.1126, Pentalty 0.6409, loss 0.5244
Epoch 8, Batch 304/618, Grad Norms near zero: 14, Lx 0.3343, Lu 0.0978, Pentalty 0.6528, loss 0.4974
Epoch 8, Batch 305/618, Grad Norms near zero: 13, Lx 0.3259, Lu 0.1121, Pentalty 0.6663, loss 0.5046
Epoch 8, Batch 306/618, Grad Norms near zero: 14, Lx 0.2977, Lu 0.0608, Pentalty 0.5835, loss 0.4168
Epoch 8, Batch 307/618, Grad Norms near zero: 20, Lx 0.2343, Lu 0.1108, Pentalty 0.4873, loss 0.3938
Epoch 8, Batch 308/618, Grad Norms near zero: 14, Lx 0.2378, Lu 0.0693, Pentalty 0.4774, loss 0.3548
Epoch 8, Batch 309/618, Grad Norms near zero: 14, Lx 0.3065, Lu 0.0731, Pentalty 0.4433, loss 0.4240
Epoch 8, Batch 310/618, Grad Norms near zero: 14, Lx 0.3027, Lu 0.1060, Pentalty 0.4343, loss 0.4522
Epoch 8, Batch 311/618, Grad Norms near zero: 16, Lx 0.3371, Lu 0.1138, Pentalty 0.3905, loss 0.4899
Epoch 8, Batch 312/618, Grad Norms near zero: 13, Lx 0.3262, Lu 0.1203, Pentalty 0.4281, loss 0.4893
Epoch 8, Batch 313/618, Grad Norms near zero: 13, Lx 0.3347, Lu 0.1067, Pentalty 0.3912, loss 0.4805
Epoch 8, Batch 314/618, Grad Norms near zero: 12, Lx 0.2047, Lu 0.0759, Pentalty 0.4559, loss 0.3261
Epoch 8, Batch 315/618, Grad Norms near zero: 19, Lx 0.3200, Lu 0.1276, Pentalty 0.4718, loss 0.4948
Epoch 8, Batch 316/618, Grad Norms near zero: 16, Lx 0.2355, Lu 0.0615, Pentalty 0.5428, loss 0.3512
Epoch 8, Batch 317/618, Grad Norms near zero: 13, Lx 0.3653, Lu 0.1225, Pentalty 0.5969, loss 0.5475
Epoch 8, Batch 318/618, Grad Norms near zero: 15, Lx 0.1625, Lu 0.0328, Pentalty 0.6679, loss 0.2621
Epoch 8, Batch 319/618, Grad Norms near zero: 14, Lx 0.2391, Lu 0.1061, Pentalty 0.6669, loss 0.4119
Epoch 8, Batch 320/618, Grad Norms near zero: 14, Lx 0.2849, Lu 0.1256, Pentalty 0.6771, loss 0.4782
Epoch 8, Batch 321/618, Grad Norms near zero: 32, Lx 0.1902, Lu 0.0291, Pentalty 0.7470, loss 0.2940
Epoch 8, Batch 322/618, Grad Norms near zero: 20, Lx 0.2288, Lu 0.0442, Pentalty 0.7010, loss 0.3430
Epoch 8, Batch 323/618, Grad Norms near zero: 29, Lx 0.1759, Lu 0.0213, Pentalty 0.7399, loss 0.2713
Epoch 8, Batch 324/618, Grad Norms near zero: 29, Lx 0.1607, Lu 0.0188, Pentalty 0.7552, loss 0.2550
Epoch 8, Batch 325/618, Grad Norms near zero: 13, Lx 0.2357, Lu 0.1448, Pentalty 0.7544, loss 0.4559
Epoch 8, Batch 326/618, Grad Norms near zero: 14, Lx 0.1921, Lu 0.0434, Pentalty 0.6338, loss 0.2989
Epoch 8, Batch 327/618, Grad Norms near zero: 21, Lx 0.3434, Lu 0.0854, Pentalty 0.5836, loss 0.4872
Epoch 8, Batch 328/618, Grad Norms near zero: 17, Lx 0.2278, Lu 0.0427, Pentalty 0.5952, loss 0.3300
Epoch 8, Batch 329/618, Grad Norms near zero: 17, Lx 0.2880, Lu 0.0694, Pentalty 0.5735, loss 0.4148
Epoch 8, Batch 330/618, Grad Norms near zero: 13, Lx 0.2965, Lu 0.0986, Pentalty 0.5573, loss 0.4509
Epoch 8, Batch 331/618, Grad Norms near zero: 16, Lx 0.2056, Lu 0.0463, Pentalty 0.5827, loss 0.3101
Epoch 8, Batch 332/618, Grad Norms near zero: 21, Lx 0.3294, Lu 0.0951, Pentalty 0.5143, loss 0.4760
Epoch 8, Batch 333/618, Grad Norms near zero: 18, Lx 0.2872, Lu 0.0943, Pentalty 0.4788, loss 0.4294
Epoch 8, Batch 334/618, Grad Norms near zero: 15, Lx 0.2434, Lu 0.0854, Pentalty 0.4888, loss 0.3777
Epoch 8, Batch 335/618, Grad Norms near zero: 16, Lx 0.3407, Lu 0.0845, Pentalty 0.4575, loss 0.4709
Epoch 8, Batch 336/618, Grad Norms near zero: 12, Lx 0.2012, Lu 0.0513, Pentalty 0.4939, loss 0.3019
Epoch 8, Batch 337/618, Grad Norms near zero: 22, Lx 0.2960, Lu 0.0688, Pentalty 0.5646, loss 0.4212
Epoch 8, Batch 338/618, Grad Norms near zero: 22, Lx 0.2890, Lu 0.0717, Pentalty 0.5396, loss 0.4146
Epoch 8, Batch 339/618, Grad Norms near zero: 13, Lx 0.3445, Lu 0.1374, Pentalty 0.5264, loss 0.5346
Epoch 8, Batch 340/618, Grad Norms near zero: 17, Lx 0.2763, Lu 0.0799, Pentalty 0.5581, loss 0.4120
Epoch 8, Batch 341/618, Grad Norms near zero: 16, Lx 0.2827, Lu 0.0712, Pentalty 0.6301, loss 0.4169
Epoch 8, Batch 342/618, Grad Norms near zero: 14, Lx 0.2592, Lu 0.0726, Pentalty 0.5432, loss 0.3861
Epoch 8, Batch 343/618, Grad Norms near zero: 12, Lx 0.3435, Lu 0.1447, Pentalty 0.6425, loss 0.5524
Epoch 8, Batch 344/618, Grad Norms near zero: 14, Lx 0.3949, Lu 0.1277, Pentalty 0.5361, loss 0.5761
Epoch 8, Batch 345/618, Grad Norms near zero: 21, Lx 0.2598, Lu 0.0760, Pentalty 0.5021, loss 0.3860
Epoch 8, Batch 346/618, Grad Norms near zero: 17, Lx 0.2509, Lu 0.0642, Pentalty 0.5073, loss 0.3658
Epoch 8, Batch 347/618, Grad Norms near zero: 18, Lx 0.3078, Lu 0.1329, Pentalty 0.4175, loss 0.4825
Epoch 8, Batch 348/618, Grad Norms near zero: 13, Lx 0.3349, Lu 0.1255, Pentalty 0.3928, loss 0.4997
Epoch 8, Batch 349/618, Grad Norms near zero: 16, Lx 0.3726, Lu 0.1188, Pentalty 0.4050, loss 0.5319
Epoch 8, Batch 350/618, Grad Norms near zero: 12, Lx 0.2358, Lu 0.0866, Pentalty 0.3897, loss 0.3613
Epoch 8, Batch 351/618, Grad Norms near zero: 13, Lx 0.2932, Lu 0.1049, Pentalty 0.4175, loss 0.4399
Epoch 8, Batch 352/618, Grad Norms near zero: 13, Lx 0.3361, Lu 0.1340, Pentalty 0.4738, loss 0.5175
Epoch 8, Batch 353/618, Grad Norms near zero: 14, Lx 0.3566, Lu 0.1397, Pentalty 0.5193, loss 0.5482
Epoch 8, Batch 354/618, Grad Norms near zero: 16, Lx 0.2710, Lu 0.0581, Pentalty 0.5525, loss 0.3843
Epoch 8, Batch 355/618, Grad Norms near zero: 13, Lx 0.3231, Lu 0.1287, Pentalty 0.6006, loss 0.5119
Epoch 8, Batch 356/618, Grad Norms near zero: 15, Lx 0.2942, Lu 0.0617, Pentalty 0.6209, loss 0.4180
Epoch 8, Batch 357/618, Grad Norms near zero: 15, Lx 0.3059, Lu 0.0905, Pentalty 0.6343, loss 0.4598
Epoch 8, Batch 358/618, Grad Norms near zero: 20, Lx 0.3101, Lu 0.1323, Pentalty 0.5272, loss 0.4952
Epoch 8, Batch 359/618, Grad Norms near zero: 16, Lx 0.1905, Lu 0.0396, Pentalty 0.5504, loss 0.2852
Epoch 8, Batch 360/618, Grad Norms near zero: 17, Lx 0.2582, Lu 0.0697, Pentalty 0.5875, loss 0.3866
Epoch 8, Batch 361/618, Grad Norms near zero: 12, Lx 0.1338, Lu 0.0650, Pentalty 0.5332, loss 0.2521
Epoch 8, Batch 362/618, Grad Norms near zero: 20, Lx 0.2981, Lu 0.1028, Pentalty 0.5186, loss 0.4527
Epoch 8, Batch 363/618, Grad Norms near zero: 13, Lx 0.2832, Lu 0.1051, Pentalty 0.6338, loss 0.4516
Epoch 8, Batch 364/618, Grad Norms near zero: 18, Lx 0.2875, Lu 0.0463, Pentalty 0.5989, loss 0.3937
Epoch 8, Batch 365/618, Grad Norms near zero: 22, Lx 0.2536, Lu 0.0535, Pentalty 0.5694, loss 0.3640
Epoch 8, Batch 366/618, Grad Norms near zero: 14, Lx 0.2878, Lu 0.1147, Pentalty 0.5303, loss 0.4555
Epoch 8, Batch 367/618, Grad Norms near zero: 27, Lx 0.2750, Lu 0.0588, Pentalty 0.5539, loss 0.3892
Epoch 8, Batch 368/618, Grad Norms near zero: 14, Lx 0.2698, Lu 0.0723, Pentalty 0.4780, loss 0.3899
Epoch 8, Batch 369/618, Grad Norms near zero: 24, Lx 0.2942, Lu 0.0595, Pentalty 0.5166, loss 0.4053
Epoch 8, Batch 370/618, Grad Norms near zero: 16, Lx 0.3798, Lu 0.1223, Pentalty 0.4796, loss 0.5500
Epoch 8, Batch 371/618, Grad Norms near zero: 19, Lx 0.2764, Lu 0.0614, Pentalty 0.5463, loss 0.3924
Epoch 8, Batch 372/618, Grad Norms near zero: 14, Lx 0.2540, Lu 0.0662, Pentalty 0.5039, loss 0.3706
Epoch 8, Batch 373/618, Grad Norms near zero: 20, Lx 0.2619, Lu 0.0888, Pentalty 0.4924, loss 0.3999
Epoch 8, Batch 374/618, Grad Norms near zero: 15, Lx 0.3436, Lu 0.1246, Pentalty 0.5331, loss 0.5215
Epoch 8, Batch 375/618, Grad Norms near zero: 18, Lx 0.3917, Lu 0.1330, Pentalty 0.5019, loss 0.5749
Epoch 8, Batch 376/618, Grad Norms near zero: 19, Lx 0.2515, Lu 0.0700, Pentalty 0.5129, loss 0.3728
Epoch 8, Batch 377/618, Grad Norms near zero: 22, Lx 0.3339, Lu 0.0658, Pentalty 0.5236, loss 0.4521
Epoch 8, Batch 378/618, Grad Norms near zero: 17, Lx 0.3000, Lu 0.0974, Pentalty 0.4824, loss 0.4456
Epoch 8, Batch 379/618, Grad Norms near zero: 22, Lx 0.3244, Lu 0.0932, Pentalty 0.4989, loss 0.4674
Epoch 8, Batch 380/618, Grad Norms near zero: 14, Lx 0.2002, Lu 0.0518, Pentalty 0.5256, loss 0.3046
Epoch 8, Batch 381/618, Grad Norms near zero: 29, Lx 0.2403, Lu 0.0633, Pentalty 0.5635, loss 0.3599
Epoch 8, Batch 382/618, Grad Norms near zero: 18, Lx 0.2209, Lu 0.0429, Pentalty 0.5569, loss 0.3195
Epoch 8, Batch 383/618, Grad Norms near zero: 18, Lx 0.2825, Lu 0.0749, Pentalty 0.5809, loss 0.4155
Epoch 8, Batch 384/618, Grad Norms near zero: 20, Lx 0.3192, Lu 0.1100, Pentalty 0.5421, loss 0.4834
Epoch 8, Batch 385/618, Grad Norms near zero: 16, Lx 0.3294, Lu 0.1033, Pentalty 0.5677, loss 0.4895
Epoch 8, Batch 386/618, Grad Norms near zero: 26, Lx 0.2672, Lu 0.0472, Pentalty 0.6057, loss 0.3749
Epoch 8, Batch 387/618, Grad Norms near zero: 19, Lx 0.3063, Lu 0.0794, Pentalty 0.5907, loss 0.4448
Epoch 8, Batch 388/618, Grad Norms near zero: 13, Lx 0.2186, Lu 0.0519, Pentalty 0.5710, loss 0.3276
Epoch 8, Batch 389/618, Grad Norms near zero: 15, Lx 0.3021, Lu 0.0834, Pentalty 0.5660, loss 0.4421
Epoch 8, Batch 390/618, Grad Norms near zero: 21, Lx 0.2889, Lu 0.0847, Pentalty 0.5525, loss 0.4288
Epoch 8, Batch 391/618, Grad Norms near zero: 23, Lx 0.2352, Lu 0.0612, Pentalty 0.5756, loss 0.3540
Epoch 8, Batch 392/618, Grad Norms near zero: 12, Lx 0.3258, Lu 0.1523, Pentalty 0.5777, loss 0.5359
Epoch 8, Batch 393/618, Grad Norms near zero: 22, Lx 0.3137, Lu 0.0914, Pentalty 0.5205, loss 0.4572
Epoch 8, Batch 394/618, Grad Norms near zero: 21, Lx 0.2871, Lu 0.0654, Pentalty 0.4990, loss 0.4024
Epoch 8, Batch 395/618, Grad Norms near zero: 22, Lx 0.2908, Lu 0.0774, Pentalty 0.5115, loss 0.4193
Epoch 8, Batch 396/618, Grad Norms near zero: 20, Lx 0.3343, Lu 0.1248, Pentalty 0.4541, loss 0.5045
Epoch 8, Batch 397/618, Grad Norms near zero: 12, Lx 0.2510, Lu 0.0878, Pentalty 0.4555, loss 0.3844
Epoch 8, Batch 398/618, Grad Norms near zero: 19, Lx 0.2962, Lu 0.0784, Pentalty 0.4748, loss 0.4220
Epoch 8, Batch 399/618, Grad Norms near zero: 15, Lx 0.2180, Lu 0.0345, Pentalty 0.4822, loss 0.3007
Epoch 8, Batch 400/618, Grad Norms near zero: 12, Lx 0.3237, Lu 0.0916, Pentalty 0.5087, loss 0.4661
Epoch 8, Batch 401/618, Grad Norms near zero: 19, Lx 0.3989, Lu 0.1247, Pentalty 0.4929, loss 0.5728
Epoch 8, Batch 402/618, Grad Norms near zero: 20, Lx 0.3544, Lu 0.0992, Pentalty 0.5021, loss 0.5039
Epoch 8, Batch 403/618, Grad Norms near zero: 12, Lx 0.3367, Lu 0.1140, Pentalty 0.5339, loss 0.5041
Epoch 8, Batch 404/618, Grad Norms near zero: 14, Lx 0.2593, Lu 0.1028, Pentalty 0.4798, loss 0.4100
Epoch 8, Batch 405/618, Grad Norms near zero: 13, Lx 0.1842, Lu 0.0435, Pentalty 0.5202, loss 0.2798
Epoch 8, Batch 406/618, Grad Norms near zero: 19, Lx 0.2463, Lu 0.0601, Pentalty 0.5423, loss 0.3607
Epoch 8, Batch 407/618, Grad Norms near zero: 19, Lx 0.3441, Lu 0.0719, Pentalty 0.5149, loss 0.4675
Epoch 8, Batch 408/618, Grad Norms near zero: 24, Lx 0.2678, Lu 0.0806, Pentalty 0.5322, loss 0.4016
Epoch 8, Batch 409/618, Grad Norms near zero: 19, Lx 0.2505, Lu 0.0284, Pentalty 0.5501, loss 0.3339
Epoch 8, Batch 410/618, Grad Norms near zero: 13, Lx 0.3280, Lu 0.0898, Pentalty 0.5704, loss 0.4748
Epoch 8, Batch 411/618, Grad Norms near zero: 12, Lx 0.1635, Lu 0.0382, Pentalty 0.5862, loss 0.2604
Epoch 8, Batch 412/618, Grad Norms near zero: 26, Lx 0.2250, Lu 0.0619, Pentalty 0.5610, loss 0.3430
Epoch 8, Batch 413/618, Grad Norms near zero: 16, Lx 0.2736, Lu 0.0860, Pentalty 0.5910, loss 0.4187
Epoch 8, Batch 414/618, Grad Norms near zero: 15, Lx 0.1646, Lu 0.0265, Pentalty 0.5959, loss 0.2506
Epoch 8, Batch 415/618, Grad Norms near zero: 14, Lx 0.3258, Lu 0.1217, Pentalty 0.5918, loss 0.5067
Epoch 8, Batch 416/618, Grad Norms near zero: 13, Lx 0.3371, Lu 0.0847, Pentalty 0.6088, loss 0.4827
Epoch 8, Batch 417/618, Grad Norms near zero: 13, Lx 0.3049, Lu 0.1240, Pentalty 0.5925, loss 0.4881
Epoch 8, Batch 418/618, Grad Norms near zero: 22, Lx 0.2581, Lu 0.0789, Pentalty 0.5781, loss 0.3948
Epoch 8, Batch 419/618, Grad Norms near zero: 22, Lx 0.2508, Lu 0.0610, Pentalty 0.5601, loss 0.3678
Epoch 8, Batch 420/618, Grad Norms near zero: 25, Lx 0.2111, Lu 0.0616, Pentalty 0.5397, loss 0.3267
Epoch 8, Batch 421/618, Grad Norms near zero: 25, Lx 0.2401, Lu 0.0509, Pentalty 0.5703, loss 0.3480
Epoch 8, Batch 422/618, Grad Norms near zero: 20, Lx 0.2742, Lu 0.1060, Pentalty 0.4939, loss 0.4296
Epoch 8, Batch 423/618, Grad Norms near zero: 20, Lx 0.2887, Lu 0.0715, Pentalty 0.5095, loss 0.4111
Epoch 8, Batch 424/618, Grad Norms near zero: 12, Lx 0.2340, Lu 0.0729, Pentalty 0.4870, loss 0.3556
Epoch 8, Batch 425/618, Grad Norms near zero: 15, Lx 0.2521, Lu 0.0516, Pentalty 0.4930, loss 0.3530
Epoch 8, Batch 426/618, Grad Norms near zero: 19, Lx 0.2912, Lu 0.1140, Pentalty 0.5332, loss 0.4585
Epoch 8, Batch 427/618, Grad Norms near zero: 21, Lx 0.3267, Lu 0.1016, Pentalty 0.5275, loss 0.4810
Epoch 8, Batch 428/618, Grad Norms near zero: 14, Lx 0.2486, Lu 0.0635, Pentalty 0.5503, loss 0.3671
Epoch 8, Batch 429/618, Grad Norms near zero: 12, Lx 0.3440, Lu 0.0746, Pentalty 0.6133, loss 0.4799
Epoch 8, Batch 430/618, Grad Norms near zero: 14, Lx 0.2096, Lu 0.0396, Pentalty 0.5979, loss 0.3090
Epoch 8, Batch 431/618, Grad Norms near zero: 25, Lx 0.2037, Lu 0.0363, Pentalty 0.6491, loss 0.3049
Epoch 8, Batch 432/618, Grad Norms near zero: 13, Lx 0.2640, Lu 0.0707, Pentalty 0.6282, loss 0.3975
Epoch 8, Batch 433/618, Grad Norms near zero: 18, Lx 0.2571, Lu 0.0562, Pentalty 0.6134, loss 0.3747
Epoch 8, Batch 434/618, Grad Norms near zero: 14, Lx 0.2954, Lu 0.0595, Pentalty 0.6492, loss 0.4198
Epoch 8, Batch 435/618, Grad Norms near zero: 14, Lx 0.3430, Lu 0.0639, Pentalty 0.6119, loss 0.4680
Epoch 8, Batch 436/618, Grad Norms near zero: 25, Lx 0.2070, Lu 0.0338, Pentalty 0.6469, loss 0.3054
Epoch 8, Batch 437/618, Grad Norms near zero: 20, Lx 0.3394, Lu 0.0794, Pentalty 0.5837, loss 0.4772
Epoch 8, Batch 438/618, Grad Norms near zero: 12, Lx 0.3776, Lu 0.1329, Pentalty 0.5869, loss 0.5691
Epoch 8, Batch 439/618, Grad Norms near zero: 14, Lx 0.2110, Lu 0.0493, Pentalty 0.5397, loss 0.3143
Epoch 8, Batch 440/618, Grad Norms near zero: 12, Lx 0.3745, Lu 0.1483, Pentalty 0.5393, loss 0.5767
Epoch 8, Batch 441/618, Grad Norms near zero: 15, Lx 0.3752, Lu 0.1337, Pentalty 0.4943, loss 0.5583
Epoch 8, Batch 442/618, Grad Norms near zero: 13, Lx 0.3358, Lu 0.0948, Pentalty 0.3973, loss 0.4703
Epoch 8, Batch 443/618, Grad Norms near zero: 16, Lx 0.3135, Lu 0.1302, Pentalty 0.3651, loss 0.4803
Epoch 8, Batch 444/618, Grad Norms near zero: 12, Lx 0.3208, Lu 0.1417, Pentalty 0.3395, loss 0.4965
Epoch 8, Batch 445/618, Grad Norms near zero: 12, Lx 0.2269, Lu 0.0773, Pentalty 0.3878, loss 0.3430
Epoch 8, Batch 446/618, Grad Norms near zero: 13, Lx 0.2497, Lu 0.0771, Pentalty 0.4293, loss 0.3697
Epoch 8, Batch 447/618, Grad Norms near zero: 14, Lx 0.2048, Lu 0.0549, Pentalty 0.4942, loss 0.3091
Epoch 8, Batch 448/618, Grad Norms near zero: 14, Lx 0.3883, Lu 0.1261, Pentalty 0.5465, loss 0.5690
Epoch 8, Batch 449/618, Grad Norms near zero: 12, Lx 0.3878, Lu 0.1620, Pentalty 0.6488, loss 0.6147
Epoch 8, Batch 450/618, Grad Norms near zero: 25, Lx 0.2363, Lu 0.0494, Pentalty 0.6631, loss 0.3520
Epoch 8, Batch 451/618, Grad Norms near zero: 13, Lx 0.4212, Lu 0.1265, Pentalty 0.6447, loss 0.6122
Epoch 8, Batch 452/618, Grad Norms near zero: 12, Lx 0.3869, Lu 0.1893, Pentalty 0.6379, loss 0.6399
Epoch 8, Batch 453/618, Grad Norms near zero: 25, Lx 0.2551, Lu 0.0591, Pentalty 0.6011, loss 0.3743
Epoch 8, Batch 454/618, Grad Norms near zero: 14, Lx 0.2733, Lu 0.0618, Pentalty 0.5618, loss 0.3912
Epoch 8, Batch 455/618, Grad Norms near zero: 18, Lx 0.2032, Lu 0.0509, Pentalty 0.5336, loss 0.3075
Epoch 8, Batch 456/618, Grad Norms near zero: 21, Lx 0.2911, Lu 0.0870, Pentalty 0.5555, loss 0.4337
Epoch 8, Batch 457/618, Grad Norms near zero: 16, Lx 0.3264, Lu 0.1376, Pentalty 0.5630, loss 0.5203
Epoch 8, Batch 458/618, Grad Norms near zero: 19, Lx 0.4181, Lu 0.1406, Pentalty 0.4988, loss 0.6086
Epoch 8, Batch 459/618, Grad Norms near zero: 14, Lx 0.2278, Lu 0.0725, Pentalty 0.4790, loss 0.3482
Epoch 8, Batch 460/618, Grad Norms near zero: 21, Lx 0.3604, Lu 0.0917, Pentalty 0.4754, loss 0.4997
Epoch 8, Batch 461/618, Grad Norms near zero: 21, Lx 0.2841, Lu 0.1272, Pentalty 0.4434, loss 0.4556
Epoch 8, Batch 462/618, Grad Norms near zero: 16, Lx 0.3401, Lu 0.1117, Pentalty 0.4509, loss 0.4968
Epoch 8, Batch 463/618, Grad Norms near zero: 18, Lx 0.3221, Lu 0.0956, Pentalty 0.4948, loss 0.4672
Epoch 8, Batch 464/618, Grad Norms near zero: 12, Lx 0.1499, Lu 0.0694, Pentalty 0.5082, loss 0.2702
Epoch 8, Batch 465/618, Grad Norms near zero: 13, Lx 0.3222, Lu 0.0916, Pentalty 0.4805, loss 0.4618
Epoch 8, Batch 466/618, Grad Norms near zero: 19, Lx 0.2458, Lu 0.0577, Pentalty 0.5382, loss 0.3574
Epoch 8, Batch 467/618, Grad Norms near zero: 20, Lx 0.2774, Lu 0.0762, Pentalty 0.5664, loss 0.4103
Epoch 8, Batch 468/618, Grad Norms near zero: 13, Lx 0.3276, Lu 0.1622, Pentalty 0.6084, loss 0.5507
Epoch 8, Batch 469/618, Grad Norms near zero: 16, Lx 0.2987, Lu 0.0749, Pentalty 0.6383, loss 0.4374
Epoch 8, Batch 470/618, Grad Norms near zero: 15, Lx 0.2881, Lu 0.0558, Pentalty 0.6241, loss 0.4063
Epoch 8, Batch 471/618, Grad Norms near zero: 16, Lx 0.2922, Lu 0.0948, Pentalty 0.5980, loss 0.4468
Epoch 8, Batch 472/618, Grad Norms near zero: 28, Lx 0.2187, Lu 0.0457, Pentalty 0.6298, loss 0.3273
Epoch 8, Batch 473/618, Grad Norms near zero: 19, Lx 0.2964, Lu 0.0819, Pentalty 0.5749, loss 0.4357
Epoch 8, Batch 474/618, Grad Norms near zero: 25, Lx 0.2960, Lu 0.0635, Pentalty 0.5977, loss 0.4194
Epoch 8, Batch 475/618, Grad Norms near zero: 12, Lx 0.3550, Lu 0.1545, Pentalty 0.5665, loss 0.5661
Epoch 8, Batch 476/618, Grad Norms near zero: 14, Lx 0.2394, Lu 0.0480, Pentalty 0.5011, loss 0.3375
Epoch 8, Batch 477/618, Grad Norms near zero: 16, Lx 0.2839, Lu 0.0651, Pentalty 0.4854, loss 0.3975
Epoch 8, Batch 478/618, Grad Norms near zero: 17, Lx 0.3033, Lu 0.0662, Pentalty 0.4684, loss 0.4163
Epoch 8, Batch 479/618, Grad Norms near zero: 13, Lx 0.3200, Lu 0.0965, Pentalty 0.4818, loss 0.4647
Epoch 8, Batch 480/618, Grad Norms near zero: 16, Lx 0.3644, Lu 0.1285, Pentalty 0.5072, loss 0.5437
Epoch 8, Batch 481/618, Grad Norms near zero: 12, Lx 0.2163, Lu 0.0654, Pentalty 0.4932, loss 0.3310
Epoch 8, Batch 482/618, Grad Norms near zero: 14, Lx 0.2230, Lu 0.0797, Pentalty 0.5060, loss 0.3533
Epoch 8, Batch 483/618, Grad Norms near zero: 23, Lx 0.2754, Lu 0.0646, Pentalty 0.5110, loss 0.3911
Epoch 8, Batch 484/618, Grad Norms near zero: 13, Lx 0.3646, Lu 0.1403, Pentalty 0.5649, loss 0.5614
Epoch 8, Batch 485/618, Grad Norms near zero: 12, Lx 0.3435, Lu 0.1725, Pentalty 0.6071, loss 0.5767
Epoch 8, Batch 486/618, Grad Norms near zero: 17, Lx 0.2102, Lu 0.0474, Pentalty 0.5684, loss 0.3145
Epoch 8, Batch 487/618, Grad Norms near zero: 13, Lx 0.4491, Lu 0.1271, Pentalty 0.5388, loss 0.6301
Epoch 8, Batch 488/618, Grad Norms near zero: 13, Lx 0.1497, Lu 0.0392, Pentalty 0.5689, loss 0.2458
Epoch 8, Batch 489/618, Grad Norms near zero: 14, Lx 0.1975, Lu 0.0448, Pentalty 0.5701, loss 0.2993
Epoch 8, Batch 490/618, Grad Norms near zero: 14, Lx 0.2279, Lu 0.0390, Pentalty 0.5711, loss 0.3240
Epoch 8, Batch 491/618, Grad Norms near zero: 17, Lx 0.3220, Lu 0.0486, Pentalty 0.5809, loss 0.4287
Epoch 8, Batch 492/618, Grad Norms near zero: 17, Lx 0.2283, Lu 0.0842, Pentalty 0.5623, loss 0.3688
Epoch 8, Batch 493/618, Grad Norms near zero: 14, Lx 0.3518, Lu 0.1137, Pentalty 0.5633, loss 0.5218
Epoch 8, Batch 494/618, Grad Norms near zero: 15, Lx 0.3364, Lu 0.0998, Pentalty 0.5800, loss 0.4942
Epoch 8, Batch 495/618, Grad Norms near zero: 22, Lx 0.2728, Lu 0.0815, Pentalty 0.5134, loss 0.4056
Epoch 8, Batch 496/618, Grad Norms near zero: 15, Lx 0.2183, Lu 0.0423, Pentalty 0.5376, loss 0.3144
Epoch 8, Batch 497/618, Grad Norms near zero: 14, Lx 0.1827, Lu 0.0381, Pentalty 0.5130, loss 0.2720
Epoch 8, Batch 498/618, Grad Norms near zero: 25, Lx 0.2936, Lu 0.0678, Pentalty 0.5405, loss 0.4154
Epoch 8, Batch 499/618, Grad Norms near zero: 21, Lx 0.2558, Lu 0.0561, Pentalty 0.5874, loss 0.3706
Epoch 8, Batch 500/618, Grad Norms near zero: 14, Lx 0.2034, Lu 0.0465, Pentalty 0.5629, loss 0.3061
Epoch 8, Batch 501/618, Grad Norms near zero: 12, Lx 0.3254, Lu 0.1246, Pentalty 0.6109, loss 0.5111
Epoch 8, Batch 502/618, Grad Norms near zero: 13, Lx 0.1400, Lu 0.0386, Pentalty 0.5952, loss 0.2381
Epoch 8, Batch 503/618, Grad Norms near zero: 23, Lx 0.2085, Lu 0.0491, Pentalty 0.5898, loss 0.3166
Epoch 8, Batch 504/618, Grad Norms near zero: 13, Lx 0.3158, Lu 0.1101, Pentalty 0.6436, loss 0.4902
Epoch 8, Batch 505/618, Grad Norms near zero: 16, Lx 0.1377, Lu 0.0272, Pentalty 0.6473, loss 0.2297
Epoch 8, Batch 506/618, Grad Norms near zero: 26, Lx 0.2057, Lu 0.0336, Pentalty 0.6325, loss 0.3025
Epoch 8, Batch 507/618, Grad Norms near zero: 13, Lx 0.2531, Lu 0.0530, Pentalty 0.6159, loss 0.3677
Epoch 8, Batch 508/618, Grad Norms near zero: 14, Lx 0.2802, Lu 0.0804, Pentalty 0.6171, loss 0.4223
Epoch 8, Batch 509/618, Grad Norms near zero: 21, Lx 0.3278, Lu 0.1263, Pentalty 0.6037, loss 0.5145
Epoch 8, Batch 510/618, Grad Norms near zero: 23, Lx 0.1986, Lu 0.0369, Pentalty 0.6120, loss 0.2967
Epoch 8, Batch 511/618, Grad Norms near zero: 19, Lx 0.2839, Lu 0.0795, Pentalty 0.6089, loss 0.4243
Epoch 8, Batch 512/618, Grad Norms near zero: 13, Lx 0.3603, Lu 0.1355, Pentalty 0.5715, loss 0.5529
Epoch 8, Batch 513/618, Grad Norms near zero: 12, Lx 0.3568, Lu 0.1405, Pentalty 0.5913, loss 0.5564
Epoch 8, Batch 514/618, Grad Norms near zero: 14, Lx 0.3365, Lu 0.1052, Pentalty 0.5008, loss 0.4918
Epoch 8, Batch 515/618, Grad Norms near zero: 13, Lx 0.2631, Lu 0.0560, Pentalty 0.4971, loss 0.3689
Epoch 8, Batch 516/618, Grad Norms near zero: 20, Lx 0.4062, Lu 0.1265, Pentalty 0.4140, loss 0.5741
Epoch 8, Batch 517/618, Grad Norms near zero: 13, Lx 0.3711, Lu 0.1319, Pentalty 0.3935, loss 0.5423
Epoch 8, Batch 518/618, Grad Norms near zero: 14, Lx 0.3335, Lu 0.1330, Pentalty 0.3928, loss 0.5058
Epoch 8, Batch 519/618, Grad Norms near zero: 12, Lx 0.3007, Lu 0.0981, Pentalty 0.4508, loss 0.4438
Epoch 8, Batch 520/618, Grad Norms near zero: 12, Lx 0.1824, Lu 0.0804, Pentalty 0.4725, loss 0.3101
Epoch 8, Batch 521/618, Grad Norms near zero: 14, Lx 0.2365, Lu 0.0486, Pentalty 0.5385, loss 0.3389
Epoch 8, Batch 522/618, Grad Norms near zero: 17, Lx 0.1862, Lu 0.0382, Pentalty 0.5915, loss 0.2835
Epoch 8, Batch 523/618, Grad Norms near zero: 27, Lx 0.2094, Lu 0.0331, Pentalty 0.6786, loss 0.3103
Epoch 8, Batch 524/618, Grad Norms near zero: 23, Lx 0.1821, Lu 0.0376, Pentalty 0.7508, loss 0.2948
Epoch 8, Batch 525/618, Grad Norms near zero: 14, Lx 0.2146, Lu 0.0457, Pentalty 0.7898, loss 0.3393
Epoch 8, Batch 526/618, Grad Norms near zero: 13, Lx 0.3774, Lu 0.1541, Pentalty 0.7890, loss 0.6104
Epoch 8, Batch 527/618, Grad Norms near zero: 14, Lx 0.2586, Lu 0.0489, Pentalty 0.8445, loss 0.3919
Epoch 8, Batch 528/618, Grad Norms near zero: 13, Lx 0.2233, Lu 0.0626, Pentalty 0.8200, loss 0.3679
Epoch 8, Batch 529/618, Grad Norms near zero: 16, Lx 0.2243, Lu 0.0269, Pentalty 0.8297, loss 0.3341
Epoch 8, Batch 530/618, Grad Norms near zero: 12, Lx 0.2708, Lu 0.0919, Pentalty 0.7888, loss 0.4416
Epoch 8, Batch 531/618, Grad Norms near zero: 12, Lx 0.3030, Lu 0.1271, Pentalty 0.7648, loss 0.5065
Epoch 8, Batch 532/618, Grad Norms near zero: 18, Lx 0.2517, Lu 0.0596, Pentalty 0.6362, loss 0.3749
Epoch 8, Batch 533/618, Grad Norms near zero: 17, Lx 0.2223, Lu 0.0349, Pentalty 0.5730, loss 0.3145
Epoch 8, Batch 534/618, Grad Norms near zero: 13, Lx 0.3483, Lu 0.1238, Pentalty 0.4846, loss 0.5205
Epoch 8, Batch 535/618, Grad Norms near zero: 20, Lx 0.3604, Lu 0.1175, Pentalty 0.4190, loss 0.5198
Epoch 8, Batch 536/618, Grad Norms near zero: 18, Lx 0.3921, Lu 0.1123, Pentalty 0.4388, loss 0.5484
Epoch 8, Batch 537/618, Grad Norms near zero: 14, Lx 0.3471, Lu 0.0954, Pentalty 0.3586, loss 0.4784
Epoch 8, Batch 538/618, Grad Norms near zero: 12, Lx 0.3798, Lu 0.1590, Pentalty 0.3235, loss 0.5712
Epoch 8, Batch 539/618, Grad Norms near zero: 13, Lx 0.3162, Lu 0.1169, Pentalty 0.3339, loss 0.4665
Epoch 8, Batch 540/618, Grad Norms near zero: 14, Lx 0.3279, Lu 0.1270, Pentalty 0.3619, loss 0.4911
Epoch 8, Batch 541/618, Grad Norms near zero: 14, Lx 0.3335, Lu 0.1527, Pentalty 0.4100, loss 0.5272
Epoch 8, Batch 542/618, Grad Norms near zero: 14, Lx 0.3427, Lu 0.1266, Pentalty 0.4563, loss 0.5149
Epoch 8, Batch 543/618, Grad Norms near zero: 22, Lx 0.3279, Lu 0.1307, Pentalty 0.4772, loss 0.5063
Epoch 8, Batch 544/618, Grad Norms near zero: 13, Lx 0.2857, Lu 0.1058, Pentalty 0.5058, loss 0.4421
Epoch 8, Batch 545/618, Grad Norms near zero: 24, Lx 0.2755, Lu 0.0531, Pentalty 0.5899, loss 0.3876
Epoch 8, Batch 546/618, Grad Norms near zero: 14, Lx 0.3547, Lu 0.1545, Pentalty 0.5234, loss 0.5616
Epoch 8, Batch 547/618, Grad Norms near zero: 27, Lx 0.2481, Lu 0.0534, Pentalty 0.5889, loss 0.3603
Epoch 8, Batch 548/618, Grad Norms near zero: 14, Lx 0.2838, Lu 0.0889, Pentalty 0.5660, loss 0.4292
Epoch 8, Batch 549/618, Grad Norms near zero: 18, Lx 0.2819, Lu 0.0521, Pentalty 0.5156, loss 0.3856
Epoch 8, Batch 550/618, Grad Norms near zero: 18, Lx 0.2189, Lu 0.0453, Pentalty 0.5294, loss 0.3171
Epoch 8, Batch 551/618, Grad Norms near zero: 15, Lx 0.2203, Lu 0.0491, Pentalty 0.5508, loss 0.3245
Epoch 8, Batch 552/618, Grad Norms near zero: 18, Lx 0.2058, Lu 0.0457, Pentalty 0.5327, loss 0.3048
Epoch 8, Batch 553/618, Grad Norms near zero: 13, Lx 0.2177, Lu 0.0554, Pentalty 0.5490, loss 0.3280
Epoch 8, Batch 554/618, Grad Norms near zero: 17, Lx 0.3050, Lu 0.1110, Pentalty 0.6030, loss 0.4763
Epoch 8, Batch 555/618, Grad Norms near zero: 15, Lx 0.3265, Lu 0.1163, Pentalty 0.6106, loss 0.5038
Epoch 8, Batch 556/618, Grad Norms near zero: 14, Lx 0.3420, Lu 0.1211, Pentalty 0.5307, loss 0.5162
Epoch 8, Batch 557/618, Grad Norms near zero: 18, Lx 0.3400, Lu 0.0610, Pentalty 0.5778, loss 0.4588
Epoch 8, Batch 558/618, Grad Norms near zero: 16, Lx 0.3608, Lu 0.0909, Pentalty 0.5354, loss 0.5053
Epoch 8, Batch 559/618, Grad Norms near zero: 14, Lx 0.3468, Lu 0.1226, Pentalty 0.4874, loss 0.5181
Epoch 8, Batch 560/618, Grad Norms near zero: 17, Lx 0.3291, Lu 0.1225, Pentalty 0.5220, loss 0.5038
Epoch 8, Batch 561/618, Grad Norms near zero: 25, Lx 0.2783, Lu 0.0818, Pentalty 0.5184, loss 0.4119
Epoch 8, Batch 562/618, Grad Norms near zero: 16, Lx 0.3375, Lu 0.0902, Pentalty 0.4254, loss 0.4702
Epoch 8, Batch 563/618, Grad Norms near zero: 13, Lx 0.3499, Lu 0.0877, Pentalty 0.3738, loss 0.4749
Epoch 8, Batch 564/618, Grad Norms near zero: 13, Lx 0.3439, Lu 0.1157, Pentalty 0.3784, loss 0.4975
Epoch 8, Batch 565/618, Grad Norms near zero: 14, Lx 0.2825, Lu 0.1090, Pentalty 0.3612, loss 0.4276
Epoch 8, Batch 566/618, Grad Norms near zero: 14, Lx 0.3672, Lu 0.1227, Pentalty 0.4118, loss 0.5311
Epoch 8, Batch 567/618, Grad Norms near zero: 17, Lx 0.3084, Lu 0.0916, Pentalty 0.4593, loss 0.4459
Epoch 8, Batch 568/618, Grad Norms near zero: 13, Lx 0.2869, Lu 0.1558, Pentalty 0.5321, loss 0.4959
Epoch 8, Batch 569/618, Grad Norms near zero: 16, Lx 0.3282, Lu 0.1011, Pentalty 0.5294, loss 0.4822
Epoch 8, Batch 570/618, Grad Norms near zero: 18, Lx 0.2568, Lu 0.0672, Pentalty 0.5421, loss 0.3782
Epoch 8, Batch 571/618, Grad Norms near zero: 12, Lx 0.1531, Lu 0.0707, Pentalty 0.5539, loss 0.2791
Epoch 8, Batch 572/618, Grad Norms near zero: 14, Lx 0.3373, Lu 0.1320, Pentalty 0.5669, loss 0.5260
Epoch 8, Batch 573/618, Grad Norms near zero: 24, Lx 0.3172, Lu 0.0687, Pentalty 0.5784, loss 0.4438
Epoch 8, Batch 574/618, Grad Norms near zero: 16, Lx 0.2979, Lu 0.0936, Pentalty 0.6126, loss 0.4528
Epoch 8, Batch 575/618, Grad Norms near zero: 18, Lx 0.2121, Lu 0.0377, Pentalty 0.6071, loss 0.3104
Epoch 8, Batch 576/618, Grad Norms near zero: 13, Lx 0.4538, Lu 0.1232, Pentalty 0.5807, loss 0.6351
Epoch 8, Batch 577/618, Grad Norms near zero: 22, Lx 0.2227, Lu 0.0521, Pentalty 0.5870, loss 0.3336
Epoch 8, Batch 578/618, Grad Norms near zero: 26, Lx 0.3084, Lu 0.0843, Pentalty 0.5632, loss 0.4491
Epoch 8, Batch 579/618, Grad Norms near zero: 25, Lx 0.2099, Lu 0.0369, Pentalty 0.6043, loss 0.3072
Epoch 8, Batch 580/618, Grad Norms near zero: 14, Lx 0.3619, Lu 0.1391, Pentalty 0.5521, loss 0.5562
Epoch 8, Batch 581/618, Grad Norms near zero: 25, Lx 0.2913, Lu 0.0624, Pentalty 0.5622, loss 0.4099
Epoch 8, Batch 582/618, Grad Norms near zero: 12, Lx 0.3814, Lu 0.1107, Pentalty 0.5671, loss 0.5488
Epoch 8, Batch 583/618, Grad Norms near zero: 17, Lx 0.3041, Lu 0.0674, Pentalty 0.4816, loss 0.4197
Epoch 8, Batch 584/618, Grad Norms near zero: 14, Lx 0.2690, Lu 0.0566, Pentalty 0.4778, loss 0.3734
Epoch 8, Batch 585/618, Grad Norms near zero: 13, Lx 0.2375, Lu 0.0759, Pentalty 0.4630, loss 0.3597
Epoch 8, Batch 586/618, Grad Norms near zero: 19, Lx 0.3624, Lu 0.0787, Pentalty 0.5000, loss 0.4911
Epoch 8, Batch 587/618, Grad Norms near zero: 19, Lx 0.2917, Lu 0.0973, Pentalty 0.4797, loss 0.4370
Epoch 8, Batch 588/618, Grad Norms near zero: 15, Lx 0.2634, Lu 0.0610, Pentalty 0.4985, loss 0.3742
Epoch 8, Batch 589/618, Grad Norms near zero: 23, Lx 0.2472, Lu 0.0548, Pentalty 0.5079, loss 0.3527
Epoch 8, Batch 590/618, Grad Norms near zero: 17, Lx 0.3274, Lu 0.1082, Pentalty 0.5089, loss 0.4865
Epoch 8, Batch 591/618, Grad Norms near zero: 16, Lx 0.2067, Lu 0.0416, Pentalty 0.5402, loss 0.3023
Epoch 8, Batch 592/618, Grad Norms near zero: 13, Lx 0.1369, Lu 0.0323, Pentalty 0.5715, loss 0.2263
Epoch 8, Batch 593/618, Grad Norms near zero: 17, Lx 0.2829, Lu 0.1379, Pentalty 0.5922, loss 0.4800
Epoch 8, Batch 594/618, Grad Norms near zero: 13, Lx 0.3337, Lu 0.0927, Pentalty 0.6192, loss 0.4883
Epoch 8, Batch 595/618, Grad Norms near zero: 14, Lx 0.3074, Lu 0.1574, Pentalty 0.5444, loss 0.5193
Epoch 8, Batch 596/618, Grad Norms near zero: 23, Lx 0.2667, Lu 0.0484, Pentalty 0.5639, loss 0.3715
Epoch 8, Batch 597/618, Grad Norms near zero: 14, Lx 0.3458, Lu 0.1431, Pentalty 0.5196, loss 0.5409
Epoch 8, Batch 598/618, Grad Norms near zero: 13, Lx 0.1830, Lu 0.0457, Pentalty 0.5661, loss 0.2853
Epoch 8, Batch 599/618, Grad Norms near zero: 18, Lx 0.2964, Lu 0.0736, Pentalty 0.5514, loss 0.4251
Epoch 8, Batch 600/618, Grad Norms near zero: 13, Lx 0.3274, Lu 0.1335, Pentalty 0.5303, loss 0.5140
Epoch 8, Batch 601/618, Grad Norms near zero: 25, Lx 0.2748, Lu 0.0912, Pentalty 0.5190, loss 0.4179
Epoch 8, Batch 602/618, Grad Norms near zero: 18, Lx 0.2912, Lu 0.1208, Pentalty 0.4415, loss 0.4562
Epoch 8, Batch 603/618, Grad Norms near zero: 15, Lx 0.3303, Lu 0.1184, Pentalty 0.4020, loss 0.4889
Epoch 8, Batch 604/618, Grad Norms near zero: 14, Lx 0.3242, Lu 0.0928, Pentalty 0.4213, loss 0.4591
Epoch 8, Batch 605/618, Grad Norms near zero: 17, Lx 0.3218, Lu 0.0828, Pentalty 0.4311, loss 0.4477
Epoch 8, Batch 606/618, Grad Norms near zero: 12, Lx 0.2925, Lu 0.1010, Pentalty 0.4272, loss 0.4362
Epoch 8, Batch 607/618, Grad Norms near zero: 14, Lx 0.4150, Lu 0.1431, Pentalty 0.4100, loss 0.5991
Epoch 8, Batch 608/618, Grad Norms near zero: 16, Lx 0.1986, Lu 0.0346, Pentalty 0.4936, loss 0.2825
Epoch 8, Batch 609/618, Grad Norms near zero: 14, Lx 0.2993, Lu 0.0862, Pentalty 0.4829, loss 0.4338
Epoch 8, Batch 610/618, Grad Norms near zero: 17, Lx 0.3111, Lu 0.0845, Pentalty 0.5705, loss 0.4527
Epoch 8, Batch 611/618, Grad Norms near zero: 27, Lx 0.3267, Lu 0.0671, Pentalty 0.5420, loss 0.4480
Epoch 8, Batch 612/618, Grad Norms near zero: 16, Lx 0.2756, Lu 0.0836, Pentalty 0.5802, loss 0.4172
Epoch 8, Batch 613/618, Grad Norms near zero: 15, Lx 0.3225, Lu 0.1320, Pentalty 0.5267, loss 0.5072
Epoch 8, Batch 614/618, Grad Norms near zero: 17, Lx 0.3114, Lu 0.0732, Pentalty 0.5577, loss 0.4404
Epoch 8, Batch 615/618, Grad Norms near zero: 14, Lx 0.4027, Lu 0.0890, Pentalty 0.5073, loss 0.5424
Epoch 8, Batch 616/618, Grad Norms near zero: 21, Lx 0.2374, Lu 0.0560, Pentalty 0.5269, loss 0.3461
Epoch 8, Batch 617/618, Grad Norms near zero: 20, Lx 0.3649, Lu 0.1242, Pentalty 0.4466, loss 0.5338
Epoch 8, Batch 618/618, Grad Norms near zero: 20, Lx 0.3033, Lu 0.0915, Pentalty 0.4513, loss 0.4399
Evaluating models at epoch 8
Test data size: 10000
Epoch: 8, Test Accuracy: 0.5039, Test F1 Score: 0.3377
Evaluating training data at epoch 8 for Model 1
Evaluating training data at epoch 8 for Model 2
Training for Network 1
labelled data size: 20227
unlabelled data size: 19773
Epoch 9, Batch 1/633, Grad Norms near zero: 12, Lx 0.1425, Lu 0.0319, Pentalty 0.6006, loss 0.2344
Epoch 9, Batch 2/633, Grad Norms near zero: 12, Lx 0.3202, Lu 0.1375, Pentalty 0.3455, loss 0.4923
Epoch 9, Batch 3/633, Grad Norms near zero: 12, Lx 0.3756, Lu 0.1221, Pentalty 0.3348, loss 0.5311
Epoch 9, Batch 4/633, Grad Norms near zero: 13, Lx 0.3590, Lu 0.0985, Pentalty 0.3720, loss 0.4947
Epoch 9, Batch 5/633, Grad Norms near zero: 12, Lx 0.3541, Lu 0.1606, Pentalty 0.3006, loss 0.5448
Epoch 9, Batch 6/633, Grad Norms near zero: 12, Lx 0.4278, Lu 0.1680, Pentalty 0.3333, loss 0.6292
Epoch 9, Batch 7/633, Grad Norms near zero: 12, Lx 0.2504, Lu 0.0609, Pentalty 0.5367, loss 0.3650
Epoch 9, Batch 8/633, Grad Norms near zero: 12, Lx 0.1790, Lu 0.0710, Pentalty 0.4980, loss 0.2998
Epoch 9, Batch 9/633, Grad Norms near zero: 12, Lx 0.3667, Lu 0.1194, Pentalty 0.4231, loss 0.5284
Epoch 9, Batch 10/633, Grad Norms near zero: 12, Lx 0.4379, Lu 0.1895, Pentalty 0.4059, loss 0.6680
Epoch 9, Batch 11/633, Grad Norms near zero: 14, Lx 0.3732, Lu 0.1655, Pentalty 0.4034, loss 0.5791
Epoch 9, Batch 12/633, Grad Norms near zero: 12, Lx 0.3574, Lu 0.0886, Pentalty 0.4553, loss 0.4916
Epoch 9, Batch 13/633, Grad Norms near zero: 12, Lx 0.3324, Lu 0.1172, Pentalty 0.4397, loss 0.4936
Epoch 9, Batch 14/633, Grad Norms near zero: 12, Lx 0.2603, Lu 0.0773, Pentalty 0.4791, loss 0.3855
Epoch 9, Batch 15/633, Grad Norms near zero: 13, Lx 0.3105, Lu 0.1030, Pentalty 0.5109, loss 0.4646
Epoch 9, Batch 16/633, Grad Norms near zero: 12, Lx 0.2716, Lu 0.0683, Pentalty 0.5091, loss 0.3908
Epoch 9, Batch 17/633, Grad Norms near zero: 12, Lx 0.4178, Lu 0.1459, Pentalty 0.4767, loss 0.6114
Epoch 9, Batch 18/633, Grad Norms near zero: 12, Lx 0.2612, Lu 0.0678, Pentalty 0.5172, loss 0.3808
Epoch 9, Batch 19/633, Grad Norms near zero: 12, Lx 0.2307, Lu 0.0408, Pentalty 0.5707, loss 0.3285
Epoch 9, Batch 20/633, Grad Norms near zero: 12, Lx 0.3520, Lu 0.0885, Pentalty 0.5294, loss 0.4935
Epoch 9, Batch 21/633, Grad Norms near zero: 12, Lx 0.1751, Lu 0.0253, Pentalty 0.6536, loss 0.2657
Epoch 9, Batch 22/633, Grad Norms near zero: 12, Lx 0.2430, Lu 0.0487, Pentalty 0.6610, loss 0.3578
Epoch 9, Batch 23/633, Grad Norms near zero: 12, Lx 0.3705, Lu 0.1139, Pentalty 0.5156, loss 0.5359
Epoch 9, Batch 24/633, Grad Norms near zero: 13, Lx 0.3673, Lu 0.1717, Pentalty 0.4655, loss 0.5856
Epoch 9, Batch 25/633, Grad Norms near zero: 15, Lx 0.1508, Lu 0.0243, Pentalty 0.7337, loss 0.2484
Epoch 9, Batch 26/633, Grad Norms near zero: 12, Lx 0.4192, Lu 0.1298, Pentalty 0.4484, loss 0.5938
Epoch 9, Batch 27/633, Grad Norms near zero: 12, Lx 0.2962, Lu 0.1254, Pentalty 0.4178, loss 0.4634
Epoch 9, Batch 28/633, Grad Norms near zero: 12, Lx 0.3831, Lu 0.1094, Pentalty 0.4897, loss 0.5415
Epoch 9, Batch 29/633, Grad Norms near zero: 12, Lx 0.2493, Lu 0.0814, Pentalty 0.5109, loss 0.3817
Epoch 9, Batch 30/633, Grad Norms near zero: 12, Lx 0.2193, Lu 0.0322, Pentalty 0.5873, loss 0.3102
Epoch 9, Batch 31/633, Grad Norms near zero: 12, Lx 0.3786, Lu 0.1884, Pentalty 0.3609, loss 0.6030
Epoch 9, Batch 32/633, Grad Norms near zero: 12, Lx 0.3113, Lu 0.1542, Pentalty 0.4483, loss 0.5103
Epoch 9, Batch 33/633, Grad Norms near zero: 13, Lx 0.3181, Lu 0.1326, Pentalty 0.3647, loss 0.4872
Epoch 9, Batch 34/633, Grad Norms near zero: 13, Lx 0.3417, Lu 0.1004, Pentalty 0.4239, loss 0.4845
Epoch 9, Batch 35/633, Grad Norms near zero: 13, Lx 0.3034, Lu 0.1352, Pentalty 0.3692, loss 0.4756
Epoch 9, Batch 36/633, Grad Norms near zero: 12, Lx 0.3386, Lu 0.1496, Pentalty 0.3384, loss 0.5220
Epoch 9, Batch 37/633, Grad Norms near zero: 12, Lx 0.2858, Lu 0.0818, Pentalty 0.4453, loss 0.4122
Epoch 9, Batch 38/633, Grad Norms near zero: 12, Lx 0.3074, Lu 0.1016, Pentalty 0.4307, loss 0.4520
Epoch 9, Batch 39/633, Grad Norms near zero: 12, Lx 0.1908, Lu 0.0429, Pentalty 0.6159, loss 0.2954
Epoch 9, Batch 40/633, Grad Norms near zero: 13, Lx 0.3061, Lu 0.0752, Pentalty 0.5144, loss 0.4328
Epoch 9, Batch 41/633, Grad Norms near zero: 12, Lx 0.4615, Lu 0.1488, Pentalty 0.3725, loss 0.6476
Epoch 9, Batch 42/633, Grad Norms near zero: 12, Lx 0.2062, Lu 0.0302, Pentalty 0.5597, loss 0.2924
Epoch 9, Batch 43/633, Grad Norms near zero: 12, Lx 0.3439, Lu 0.1443, Pentalty 0.3904, loss 0.5272
Epoch 9, Batch 44/633, Grad Norms near zero: 14, Lx 0.3283, Lu 0.1072, Pentalty 0.4379, loss 0.4793
Epoch 9, Batch 45/633, Grad Norms near zero: 12, Lx 0.2818, Lu 0.0612, Pentalty 0.5279, loss 0.3958
Epoch 9, Batch 46/633, Grad Norms near zero: 12, Lx 0.2046, Lu 0.0687, Pentalty 0.5572, loss 0.3290
Epoch 9, Batch 47/633, Grad Norms near zero: 13, Lx 0.3804, Lu 0.1421, Pentalty 0.3944, loss 0.5619
Epoch 9, Batch 48/633, Grad Norms near zero: 13, Lx 0.3735, Lu 0.1134, Pentalty 0.4454, loss 0.5315
Epoch 9, Batch 49/633, Grad Norms near zero: 12, Lx 0.3197, Lu 0.0833, Pentalty 0.4895, loss 0.4520
Epoch 9, Batch 50/633, Grad Norms near zero: 12, Lx 0.2710, Lu 0.0833, Pentalty 0.5149, loss 0.4058
Epoch 9, Batch 51/633, Grad Norms near zero: 14, Lx 0.2368, Lu 0.0659, Pentalty 0.5796, loss 0.3607
Epoch 9, Batch 52/633, Grad Norms near zero: 13, Lx 0.3311, Lu 0.1405, Pentalty 0.4348, loss 0.5151
Epoch 9, Batch 53/633, Grad Norms near zero: 13, Lx 0.3563, Lu 0.1442, Pentalty 0.4440, loss 0.5450
Epoch 9, Batch 54/633, Grad Norms near zero: 13, Lx 0.3409, Lu 0.0604, Pentalty 0.5642, loss 0.4578
Epoch 9, Batch 55/633, Grad Norms near zero: 12, Lx 0.2943, Lu 0.1266, Pentalty 0.4909, loss 0.4700
Epoch 9, Batch 56/633, Grad Norms near zero: 13, Lx 0.3171, Lu 0.0570, Pentalty 0.5432, loss 0.4285
Epoch 9, Batch 57/633, Grad Norms near zero: 12, Lx 0.3573, Lu 0.1100, Pentalty 0.5247, loss 0.5197
Epoch 9, Batch 58/633, Grad Norms near zero: 12, Lx 0.2387, Lu 0.0492, Pentalty 0.6031, loss 0.3482
Epoch 9, Batch 59/633, Grad Norms near zero: 13, Lx 0.2751, Lu 0.0586, Pentalty 0.6163, loss 0.3954
Epoch 9, Batch 60/633, Grad Norms near zero: 12, Lx 0.2964, Lu 0.0821, Pentalty 0.5481, loss 0.4333
Epoch 9, Batch 61/633, Grad Norms near zero: 14, Lx 0.2065, Lu 0.0461, Pentalty 0.6182, loss 0.3144
Epoch 9, Batch 62/633, Grad Norms near zero: 13, Lx 0.3599, Lu 0.1284, Pentalty 0.4304, loss 0.5313
Epoch 9, Batch 63/633, Grad Norms near zero: 13, Lx 0.2548, Lu 0.1100, Pentalty 0.5057, loss 0.4155
Epoch 9, Batch 64/633, Grad Norms near zero: 12, Lx 0.3254, Lu 0.1240, Pentalty 0.4424, loss 0.4936
Epoch 9, Batch 65/633, Grad Norms near zero: 13, Lx 0.2933, Lu 0.1190, Pentalty 0.4423, loss 0.4565
Epoch 9, Batch 66/633, Grad Norms near zero: 12, Lx 0.2949, Lu 0.1304, Pentalty 0.4714, loss 0.4724
Epoch 9, Batch 67/633, Grad Norms near zero: 14, Lx 0.2207, Lu 0.0470, Pentalty 0.6452, loss 0.3322
Epoch 9, Batch 68/633, Grad Norms near zero: 13, Lx 0.2213, Lu 0.0541, Pentalty 0.5773, loss 0.3331
Epoch 9, Batch 69/633, Grad Norms near zero: 12, Lx 0.2709, Lu 0.0527, Pentalty 0.5410, loss 0.3777
Epoch 9, Batch 70/633, Grad Norms near zero: 13, Lx 0.4393, Lu 0.1661, Pentalty 0.3656, loss 0.6419
Epoch 9, Batch 71/633, Grad Norms near zero: 12, Lx 0.3344, Lu 0.1188, Pentalty 0.4350, loss 0.4967
Epoch 9, Batch 72/633, Grad Norms near zero: 13, Lx 0.1964, Lu 0.0409, Pentalty 0.6031, loss 0.2975
Epoch 9, Batch 73/633, Grad Norms near zero: 13, Lx 0.3493, Lu 0.1743, Pentalty 0.4000, loss 0.5637
Epoch 9, Batch 74/633, Grad Norms near zero: 12, Lx 0.1646, Lu 0.0328, Pentalty 0.6747, loss 0.2648
Epoch 9, Batch 75/633, Grad Norms near zero: 12, Lx 0.2579, Lu 0.0538, Pentalty 0.5734, loss 0.3691
Epoch 9, Batch 76/633, Grad Norms near zero: 12, Lx 0.3462, Lu 0.1122, Pentalty 0.4435, loss 0.5027
Epoch 9, Batch 77/633, Grad Norms near zero: 13, Lx 0.3196, Lu 0.1133, Pentalty 0.4649, loss 0.4794
Epoch 9, Batch 78/633, Grad Norms near zero: 12, Lx 0.2629, Lu 0.0922, Pentalty 0.4655, loss 0.4017
Epoch 9, Batch 79/633, Grad Norms near zero: 12, Lx 0.3576, Lu 0.1367, Pentalty 0.4731, loss 0.5417
Epoch 9, Batch 80/633, Grad Norms near zero: 12, Lx 0.3569, Lu 0.0918, Pentalty 0.4925, loss 0.4979
Epoch 9, Batch 81/633, Grad Norms near zero: 13, Lx 0.3800, Lu 0.1219, Pentalty 0.4333, loss 0.5452
Epoch 9, Batch 82/633, Grad Norms near zero: 12, Lx 0.1281, Lu 0.0212, Pentalty 0.6960, loss 0.2190
Epoch 9, Batch 83/633, Grad Norms near zero: 15, Lx 0.1916, Lu 0.0210, Pentalty 0.7425, loss 0.2868
Epoch 9, Batch 84/633, Grad Norms near zero: 14, Lx 0.2744, Lu 0.0656, Pentalty 0.5990, loss 0.3998
Epoch 9, Batch 85/633, Grad Norms near zero: 12, Lx 0.3757, Lu 0.1541, Pentalty 0.4148, loss 0.5713
Epoch 9, Batch 86/633, Grad Norms near zero: 12, Lx 0.3104, Lu 0.0853, Pentalty 0.5630, loss 0.4520
Epoch 9, Batch 87/633, Grad Norms near zero: 12, Lx 0.3466, Lu 0.1338, Pentalty 0.5044, loss 0.5308
Epoch 9, Batch 88/633, Grad Norms near zero: 12, Lx 0.2179, Lu 0.0428, Pentalty 0.5853, loss 0.3193
Epoch 9, Batch 89/633, Grad Norms near zero: 12, Lx 0.3007, Lu 0.0653, Pentalty 0.5485, loss 0.4209
Epoch 9, Batch 90/633, Grad Norms near zero: 13, Lx 0.3404, Lu 0.1596, Pentalty 0.4361, loss 0.5437
Epoch 9, Batch 91/633, Grad Norms near zero: 12, Lx 0.2610, Lu 0.0697, Pentalty 0.5414, loss 0.3848
Epoch 9, Batch 92/633, Grad Norms near zero: 12, Lx 0.2711, Lu 0.1015, Pentalty 0.4556, loss 0.4182
Epoch 9, Batch 93/633, Grad Norms near zero: 13, Lx 0.3618, Lu 0.1308, Pentalty 0.4210, loss 0.5347
Epoch 9, Batch 94/633, Grad Norms near zero: 12, Lx 0.4352, Lu 0.1726, Pentalty 0.3645, loss 0.6443
Epoch 9, Batch 95/633, Grad Norms near zero: 12, Lx 0.3583, Lu 0.1145, Pentalty 0.3965, loss 0.5124
Epoch 9, Batch 96/633, Grad Norms near zero: 12, Lx 0.3576, Lu 0.1017, Pentalty 0.3997, loss 0.4993
Epoch 9, Batch 97/633, Grad Norms near zero: 12, Lx 0.3719, Lu 0.1687, Pentalty 0.4162, loss 0.5822
Epoch 9, Batch 98/633, Grad Norms near zero: 12, Lx 0.3888, Lu 0.1146, Pentalty 0.4387, loss 0.5473
Epoch 9, Batch 99/633, Grad Norms near zero: 13, Lx 0.3254, Lu 0.1226, Pentalty 0.4040, loss 0.4884
Epoch 9, Batch 100/633, Grad Norms near zero: 13, Lx 0.2846, Lu 0.1452, Pentalty 0.4100, loss 0.4708
Epoch 9, Batch 101/633, Grad Norms near zero: 12, Lx 0.3315, Lu 0.1569, Pentalty 0.3973, loss 0.5282
Epoch 9, Batch 102/633, Grad Norms near zero: 12, Lx 0.3672, Lu 0.1661, Pentalty 0.4175, loss 0.5751
Epoch 9, Batch 103/633, Grad Norms near zero: 12, Lx 0.2513, Lu 0.0834, Pentalty 0.5224, loss 0.3869
Epoch 9, Batch 104/633, Grad Norms near zero: 12, Lx 0.2771, Lu 0.1405, Pentalty 0.4258, loss 0.4602
Epoch 9, Batch 105/633, Grad Norms near zero: 12, Lx 0.2380, Lu 0.0536, Pentalty 0.5230, loss 0.3439
Epoch 9, Batch 106/633, Grad Norms near zero: 12, Lx 0.3562, Lu 0.1305, Pentalty 0.4563, loss 0.5323
Epoch 9, Batch 107/633, Grad Norms near zero: 13, Lx 0.3453, Lu 0.1010, Pentalty 0.4852, loss 0.4948
Epoch 9, Batch 108/633, Grad Norms near zero: 12, Lx 0.4550, Lu 0.1574, Pentalty 0.4377, loss 0.6562
Epoch 9, Batch 109/633, Grad Norms near zero: 12, Lx 0.2502, Lu 0.0610, Pentalty 0.5416, loss 0.3654
Epoch 9, Batch 110/633, Grad Norms near zero: 13, Lx 0.4032, Lu 0.1555, Pentalty 0.4136, loss 0.6001
Epoch 9, Batch 111/633, Grad Norms near zero: 13, Lx 0.3989, Lu 0.1274, Pentalty 0.4282, loss 0.5691
Epoch 9, Batch 112/633, Grad Norms near zero: 13, Lx 0.2982, Lu 0.0964, Pentalty 0.4596, loss 0.4406
Epoch 9, Batch 113/633, Grad Norms near zero: 13, Lx 0.2057, Lu 0.0297, Pentalty 0.6403, loss 0.2994
Epoch 9, Batch 114/633, Grad Norms near zero: 14, Lx 0.1975, Lu 0.0369, Pentalty 0.6206, loss 0.2965
Epoch 9, Batch 115/633, Grad Norms near zero: 12, Lx 0.3214, Lu 0.1150, Pentalty 0.4624, loss 0.4826
Epoch 9, Batch 116/633, Grad Norms near zero: 12, Lx 0.3665, Lu 0.1239, Pentalty 0.4459, loss 0.5350
Epoch 9, Batch 117/633, Grad Norms near zero: 13, Lx 0.3002, Lu 0.0892, Pentalty 0.4516, loss 0.4345
Epoch 9, Batch 118/633, Grad Norms near zero: 14, Lx 0.2995, Lu 0.0835, Pentalty 0.4943, loss 0.4324
Epoch 9, Batch 119/633, Grad Norms near zero: 14, Lx 0.1967, Lu 0.0431, Pentalty 0.5933, loss 0.2991
Epoch 9, Batch 120/633, Grad Norms near zero: 12, Lx 0.3049, Lu 0.1236, Pentalty 0.4606, loss 0.4746
Epoch 9, Batch 121/633, Grad Norms near zero: 12, Lx 0.3342, Lu 0.0890, Pentalty 0.5057, loss 0.4738
Epoch 9, Batch 122/633, Grad Norms near zero: 12, Lx 0.3856, Lu 0.1784, Pentalty 0.4524, loss 0.6092
Epoch 9, Batch 123/633, Grad Norms near zero: 12, Lx 0.3350, Lu 0.1000, Pentalty 0.4488, loss 0.4799
Epoch 9, Batch 124/633, Grad Norms near zero: 13, Lx 0.3679, Lu 0.1318, Pentalty 0.3823, loss 0.5379
Epoch 9, Batch 125/633, Grad Norms near zero: 12, Lx 0.2568, Lu 0.0558, Pentalty 0.5247, loss 0.3651
Epoch 9, Batch 126/633, Grad Norms near zero: 12, Lx 0.3737, Lu 0.1126, Pentalty 0.3855, loss 0.5249
Epoch 9, Batch 127/633, Grad Norms near zero: 12, Lx 0.2179, Lu 0.0326, Pentalty 0.6548, loss 0.3160
Epoch 9, Batch 128/633, Grad Norms near zero: 13, Lx 0.3409, Lu 0.1106, Pentalty 0.4167, loss 0.4931
Epoch 9, Batch 129/633, Grad Norms near zero: 13, Lx 0.3096, Lu 0.0960, Pentalty 0.4508, loss 0.4507
Epoch 9, Batch 130/633, Grad Norms near zero: 14, Lx 0.2141, Lu 0.0331, Pentalty 0.6602, loss 0.3132
Epoch 9, Batch 131/633, Grad Norms near zero: 13, Lx 0.3300, Lu 0.1764, Pentalty 0.3847, loss 0.5448
Epoch 9, Batch 132/633, Grad Norms near zero: 12, Lx 0.4405, Lu 0.1648, Pentalty 0.4382, loss 0.6492
Epoch 9, Batch 133/633, Grad Norms near zero: 12, Lx 0.2729, Lu 0.0748, Pentalty 0.5204, loss 0.3997
Epoch 9, Batch 134/633, Grad Norms near zero: 13, Lx 0.2395, Lu 0.0405, Pentalty 0.5896, loss 0.3389
Epoch 9, Batch 135/633, Grad Norms near zero: 13, Lx 0.3288, Lu 0.0794, Pentalty 0.4900, loss 0.4572
Epoch 9, Batch 136/633, Grad Norms near zero: 14, Lx 0.2609, Lu 0.0470, Pentalty 0.6075, loss 0.3687
Epoch 9, Batch 137/633, Grad Norms near zero: 12, Lx 0.3396, Lu 0.1244, Pentalty 0.4232, loss 0.5064
Epoch 9, Batch 138/633, Grad Norms near zero: 13, Lx 0.3959, Lu 0.1334, Pentalty 0.4067, loss 0.5699
Epoch 9, Batch 139/633, Grad Norms near zero: 12, Lx 0.3392, Lu 0.1200, Pentalty 0.4031, loss 0.4996
Epoch 9, Batch 140/633, Grad Norms near zero: 13, Lx 0.4051, Lu 0.1479, Pentalty 0.3855, loss 0.5915
Epoch 9, Batch 141/633, Grad Norms near zero: 12, Lx 0.3107, Lu 0.0708, Pentalty 0.4881, loss 0.4302
Epoch 9, Batch 142/633, Grad Norms near zero: 13, Lx 0.3579, Lu 0.1488, Pentalty 0.3812, loss 0.5448
Epoch 9, Batch 143/633, Grad Norms near zero: 13, Lx 0.2911, Lu 0.0985, Pentalty 0.4271, loss 0.4323
Epoch 9, Batch 144/633, Grad Norms near zero: 12, Lx 0.3242, Lu 0.1087, Pentalty 0.4291, loss 0.4757
Epoch 9, Batch 145/633, Grad Norms near zero: 12, Lx 0.3959, Lu 0.1478, Pentalty 0.3720, loss 0.5809
Epoch 9, Batch 146/633, Grad Norms near zero: 12, Lx 0.3045, Lu 0.1087, Pentalty 0.4601, loss 0.4593
Epoch 9, Batch 147/633, Grad Norms near zero: 14, Lx 0.2557, Lu 0.0722, Pentalty 0.5033, loss 0.3783
Epoch 9, Batch 148/633, Grad Norms near zero: 14, Lx 0.2147, Lu 0.0572, Pentalty 0.5686, loss 0.3288
Epoch 9, Batch 149/633, Grad Norms near zero: 12, Lx 0.2781, Lu 0.0737, Pentalty 0.5279, loss 0.4046
Epoch 9, Batch 150/633, Grad Norms near zero: 14, Lx 0.1913, Lu 0.0288, Pentalty 0.6976, loss 0.2899
Epoch 9, Batch 151/633, Grad Norms near zero: 12, Lx 0.3306, Lu 0.0825, Pentalty 0.4749, loss 0.4606
Epoch 9, Batch 152/633, Grad Norms near zero: 12, Lx 0.3863, Lu 0.1472, Pentalty 0.4409, loss 0.5776
Epoch 9, Batch 153/633, Grad Norms near zero: 13, Lx 0.1230, Lu 0.0212, Pentalty 0.7328, loss 0.2175
Epoch 9, Batch 154/633, Grad Norms near zero: 12, Lx 0.4589, Lu 0.1664, Pentalty 0.4218, loss 0.6675
Epoch 9, Batch 155/633, Grad Norms near zero: 13, Lx 0.3249, Lu 0.1134, Pentalty 0.4480, loss 0.4831
Epoch 9, Batch 156/633, Grad Norms near zero: 13, Lx 0.3735, Lu 0.1335, Pentalty 0.4185, loss 0.5489
Epoch 9, Batch 157/633, Grad Norms near zero: 13, Lx 0.2438, Lu 0.0611, Pentalty 0.5646, loss 0.3614
Epoch 9, Batch 158/633, Grad Norms near zero: 13, Lx 0.2767, Lu 0.0805, Pentalty 0.5240, loss 0.4096
Epoch 9, Batch 159/633, Grad Norms near zero: 12, Lx 0.2394, Lu 0.0402, Pentalty 0.5299, loss 0.3326
Epoch 9, Batch 160/633, Grad Norms near zero: 14, Lx 0.4152, Lu 0.1256, Pentalty 0.4389, loss 0.5847
Epoch 9, Batch 161/633, Grad Norms near zero: 12, Lx 0.1892, Lu 0.0487, Pentalty 0.5946, loss 0.2973
Epoch 9, Batch 162/633, Grad Norms near zero: 13, Lx 0.3311, Lu 0.0751, Pentalty 0.5392, loss 0.4602
Epoch 9, Batch 163/633, Grad Norms near zero: 13, Lx 0.3226, Lu 0.1477, Pentalty 0.4525, loss 0.5155
Epoch 9, Batch 164/633, Grad Norms near zero: 12, Lx 0.3345, Lu 0.1400, Pentalty 0.4245, loss 0.5170
Epoch 9, Batch 165/633, Grad Norms near zero: 12, Lx 0.4076, Lu 0.1319, Pentalty 0.4660, loss 0.5861
Epoch 9, Batch 166/633, Grad Norms near zero: 13, Lx 0.3609, Lu 0.1718, Pentalty 0.3914, loss 0.5718
Epoch 9, Batch 167/633, Grad Norms near zero: 13, Lx 0.4041, Lu 0.1595, Pentalty 0.4226, loss 0.6059
Epoch 9, Batch 168/633, Grad Norms near zero: 13, Lx 0.3152, Lu 0.0684, Pentalty 0.5435, loss 0.4380
Epoch 9, Batch 169/633, Grad Norms near zero: 12, Lx 0.2812, Lu 0.0942, Pentalty 0.5150, loss 0.4269
Epoch 9, Batch 170/633, Grad Norms near zero: 12, Lx 0.2628, Lu 0.0840, Pentalty 0.4980, loss 0.3967
Epoch 9, Batch 171/633, Grad Norms near zero: 12, Lx 0.3480, Lu 0.1715, Pentalty 0.3862, loss 0.5581
Epoch 9, Batch 172/633, Grad Norms near zero: 13, Lx 0.3861, Lu 0.1745, Pentalty 0.3826, loss 0.5988
Epoch 9, Batch 173/633, Grad Norms near zero: 12, Lx 0.3532, Lu 0.0864, Pentalty 0.4882, loss 0.4883
Epoch 9, Batch 174/633, Grad Norms near zero: 12, Lx 0.3837, Lu 0.1218, Pentalty 0.4490, loss 0.5504
Epoch 9, Batch 175/633, Grad Norms near zero: 12, Lx 0.3620, Lu 0.1104, Pentalty 0.4641, loss 0.5189
Epoch 9, Batch 176/633, Grad Norms near zero: 13, Lx 0.3707, Lu 0.1250, Pentalty 0.4393, loss 0.5397
Epoch 9, Batch 177/633, Grad Norms near zero: 13, Lx 0.3414, Lu 0.1628, Pentalty 0.3724, loss 0.5414
Epoch 9, Batch 178/633, Grad Norms near zero: 12, Lx 0.4930, Lu 0.1936, Pentalty 0.3697, loss 0.7236
Epoch 9, Batch 179/633, Grad Norms near zero: 12, Lx 0.3267, Lu 0.1027, Pentalty 0.4274, loss 0.4721
Epoch 9, Batch 180/633, Grad Norms near zero: 12, Lx 0.3892, Lu 0.1570, Pentalty 0.4258, loss 0.5888
Epoch 9, Batch 181/633, Grad Norms near zero: 12, Lx 0.2286, Lu 0.0578, Pentalty 0.5105, loss 0.3375
Epoch 9, Batch 182/633, Grad Norms near zero: 12, Lx 0.4436, Lu 0.1775, Pentalty 0.4062, loss 0.6617
Epoch 9, Batch 183/633, Grad Norms near zero: 13, Lx 0.3672, Lu 0.1282, Pentalty 0.3895, loss 0.5343
Epoch 9, Batch 184/633, Grad Norms near zero: 12, Lx 0.3536, Lu 0.1517, Pentalty 0.4096, loss 0.5463
Epoch 9, Batch 185/633, Grad Norms near zero: 12, Lx 0.4304, Lu 0.1787, Pentalty 0.4163, loss 0.6507
Epoch 9, Batch 186/633, Grad Norms near zero: 12, Lx 0.3015, Lu 0.0596, Pentalty 0.5417, loss 0.4152
Epoch 9, Batch 187/633, Grad Norms near zero: 13, Lx 0.3279, Lu 0.0759, Pentalty 0.4793, loss 0.4517
Epoch 9, Batch 188/633, Grad Norms near zero: 13, Lx 0.2476, Lu 0.0567, Pentalty 0.5479, loss 0.3591
Epoch 9, Batch 189/633, Grad Norms near zero: 13, Lx 0.4320, Lu 0.1723, Pentalty 0.3660, loss 0.6409
Epoch 9, Batch 190/633, Grad Norms near zero: 12, Lx 0.2206, Lu 0.0357, Pentalty 0.6297, loss 0.3193
Epoch 9, Batch 191/633, Grad Norms near zero: 12, Lx 0.4057, Lu 0.1767, Pentalty 0.3457, loss 0.6170
Epoch 9, Batch 192/633, Grad Norms near zero: 12, Lx 0.3297, Lu 0.1748, Pentalty 0.3577, loss 0.5402
Epoch 9, Batch 193/633, Grad Norms near zero: 12, Lx 0.3506, Lu 0.1686, Pentalty 0.3444, loss 0.5536
Epoch 9, Batch 194/633, Grad Norms near zero: 12, Lx 0.3010, Lu 0.1003, Pentalty 0.3943, loss 0.4408
Epoch 9, Batch 195/633, Grad Norms near zero: 13, Lx 0.2722, Lu 0.0679, Pentalty 0.5246, loss 0.3925
Epoch 9, Batch 196/633, Grad Norms near zero: 13, Lx 0.3518, Lu 0.1541, Pentalty 0.3715, loss 0.5431
Epoch 9, Batch 197/633, Grad Norms near zero: 12, Lx 0.2834, Lu 0.1407, Pentalty 0.3851, loss 0.4626
Epoch 9, Batch 198/633, Grad Norms near zero: 14, Lx 0.2540, Lu 0.0542, Pentalty 0.5791, loss 0.3662
Epoch 9, Batch 199/633, Grad Norms near zero: 12, Lx 0.3087, Lu 0.0799, Pentalty 0.5375, loss 0.4423
Epoch 9, Batch 200/633, Grad Norms near zero: 12, Lx 0.2814, Lu 0.0618, Pentalty 0.5653, loss 0.3997
Epoch 9, Batch 201/633, Grad Norms near zero: 13, Lx 0.3002, Lu 0.0712, Pentalty 0.5619, loss 0.4276
Epoch 9, Batch 202/633, Grad Norms near zero: 13, Lx 0.3123, Lu 0.1399, Pentalty 0.4555, loss 0.4978
Epoch 9, Batch 203/633, Grad Norms near zero: 13, Lx 0.3161, Lu 0.1386, Pentalty 0.4236, loss 0.4971
Epoch 9, Batch 204/633, Grad Norms near zero: 12, Lx 0.2365, Lu 0.0491, Pentalty 0.5915, loss 0.3448
Epoch 9, Batch 205/633, Grad Norms near zero: 12, Lx 0.3875, Lu 0.1413, Pentalty 0.4559, loss 0.5744
Epoch 9, Batch 206/633, Grad Norms near zero: 12, Lx 0.3751, Lu 0.1259, Pentalty 0.4882, loss 0.5498
Epoch 9, Batch 207/633, Grad Norms near zero: 12, Lx 0.2317, Lu 0.0398, Pentalty 0.5909, loss 0.3306
Epoch 9, Batch 208/633, Grad Norms near zero: 13, Lx 0.3250, Lu 0.1260, Pentalty 0.4555, loss 0.4966
Epoch 9, Batch 209/633, Grad Norms near zero: 12, Lx 0.4150, Lu 0.1723, Pentalty 0.4602, loss 0.6333
Epoch 9, Batch 210/633, Grad Norms near zero: 12, Lx 0.4163, Lu 0.1375, Pentalty 0.4698, loss 0.6008
Epoch 9, Batch 211/633, Grad Norms near zero: 13, Lx 0.2972, Lu 0.0480, Pentalty 0.5922, loss 0.4044
Epoch 9, Batch 212/633, Grad Norms near zero: 12, Lx 0.3040, Lu 0.1187, Pentalty 0.4541, loss 0.4680
Epoch 9, Batch 213/633, Grad Norms near zero: 13, Lx 0.3947, Lu 0.1542, Pentalty 0.3729, loss 0.5862
Epoch 9, Batch 214/633, Grad Norms near zero: 12, Lx 0.2757, Lu 0.1030, Pentalty 0.4540, loss 0.4241
Epoch 9, Batch 215/633, Grad Norms near zero: 13, Lx 0.3158, Lu 0.0846, Pentalty 0.4357, loss 0.4440
Epoch 9, Batch 216/633, Grad Norms near zero: 12, Lx 0.1971, Lu 0.0491, Pentalty 0.5656, loss 0.3028
Epoch 9, Batch 217/633, Grad Norms near zero: 13, Lx 0.3880, Lu 0.1497, Pentalty 0.3750, loss 0.5752
Epoch 9, Batch 218/633, Grad Norms near zero: 12, Lx 0.1965, Lu 0.0317, Pentalty 0.6431, loss 0.2925
Epoch 9, Batch 219/633, Grad Norms near zero: 13, Lx 0.2592, Lu 0.0545, Pentalty 0.5651, loss 0.3703
Epoch 9, Batch 220/633, Grad Norms near zero: 12, Lx 0.3425, Lu 0.1314, Pentalty 0.4776, loss 0.5216
Epoch 9, Batch 221/633, Grad Norms near zero: 12, Lx 0.1394, Lu 0.0215, Pentalty 0.7147, loss 0.2324
Epoch 9, Batch 222/633, Grad Norms near zero: 14, Lx 0.3788, Lu 0.1079, Pentalty 0.4686, loss 0.5335
Epoch 9, Batch 223/633, Grad Norms near zero: 14, Lx 0.2019, Lu 0.0367, Pentalty 0.6496, loss 0.3035
Epoch 9, Batch 224/633, Grad Norms near zero: 12, Lx 0.3016, Lu 0.0886, Pentalty 0.5020, loss 0.4404
Epoch 9, Batch 225/633, Grad Norms near zero: 14, Lx 0.2359, Lu 0.0348, Pentalty 0.6440, loss 0.3351
Epoch 9, Batch 226/633, Grad Norms near zero: 12, Lx 0.2929, Lu 0.1140, Pentalty 0.4585, loss 0.4528
Epoch 9, Batch 227/633, Grad Norms near zero: 12, Lx 0.2603, Lu 0.0688, Pentalty 0.5144, loss 0.3805
Epoch 9, Batch 228/633, Grad Norms near zero: 12, Lx 0.2620, Lu 0.0676, Pentalty 0.5360, loss 0.3832
Epoch 9, Batch 229/633, Grad Norms near zero: 12, Lx 0.2545, Lu 0.0591, Pentalty 0.5292, loss 0.3665
Epoch 9, Batch 230/633, Grad Norms near zero: 14, Lx 0.2151, Lu 0.0392, Pentalty 0.6439, loss 0.3187
Epoch 9, Batch 231/633, Grad Norms near zero: 12, Lx 0.3526, Lu 0.1229, Pentalty 0.4959, loss 0.5251
Epoch 9, Batch 232/633, Grad Norms near zero: 14, Lx 0.2139, Lu 0.0689, Pentalty 0.5250, loss 0.3353
Epoch 9, Batch 233/633, Grad Norms near zero: 12, Lx 0.2567, Lu 0.0491, Pentalty 0.5706, loss 0.3628
Epoch 9, Batch 234/633, Grad Norms near zero: 12, Lx 0.2837, Lu 0.0717, Pentalty 0.5273, loss 0.4080
Epoch 9, Batch 235/633, Grad Norms near zero: 12, Lx 0.2105, Lu 0.0479, Pentalty 0.5802, loss 0.3164
Epoch 9, Batch 236/633, Grad Norms near zero: 12, Lx 0.3222, Lu 0.0841, Pentalty 0.5134, loss 0.4576
Epoch 9, Batch 237/633, Grad Norms near zero: 13, Lx 0.3332, Lu 0.0904, Pentalty 0.5006, loss 0.4736
Epoch 9, Batch 238/633, Grad Norms near zero: 13, Lx 0.3487, Lu 0.1859, Pentalty 0.4376, loss 0.5783
Epoch 9, Batch 239/633, Grad Norms near zero: 13, Lx 0.3483, Lu 0.1278, Pentalty 0.4498, loss 0.5211
Epoch 9, Batch 240/633, Grad Norms near zero: 12, Lx 0.2879, Lu 0.1143, Pentalty 0.4636, loss 0.4486
Epoch 9, Batch 241/633, Grad Norms near zero: 12, Lx 0.2884, Lu 0.0964, Pentalty 0.5165, loss 0.4364
Epoch 9, Batch 242/633, Grad Norms near zero: 13, Lx 0.3736, Lu 0.1497, Pentalty 0.4417, loss 0.5674
Epoch 9, Batch 243/633, Grad Norms near zero: 12, Lx 0.3517, Lu 0.1174, Pentalty 0.4836, loss 0.5174
Epoch 9, Batch 244/633, Grad Norms near zero: 12, Lx 0.4010, Lu 0.1496, Pentalty 0.4719, loss 0.5978
Epoch 9, Batch 245/633, Grad Norms near zero: 12, Lx 0.4288, Lu 0.1490, Pentalty 0.3847, loss 0.6162
Epoch 9, Batch 246/633, Grad Norms near zero: 14, Lx 0.2885, Lu 0.0573, Pentalty 0.5436, loss 0.4002
Epoch 9, Batch 247/633, Grad Norms near zero: 12, Lx 0.1873, Lu 0.0356, Pentalty 0.6174, loss 0.2847
Epoch 9, Batch 248/633, Grad Norms near zero: 12, Lx 0.2776, Lu 0.1113, Pentalty 0.4289, loss 0.4318
Epoch 9, Batch 249/633, Grad Norms near zero: 12, Lx 0.2403, Lu 0.0675, Pentalty 0.4866, loss 0.3565
Epoch 9, Batch 250/633, Grad Norms near zero: 12, Lx 0.2970, Lu 0.0586, Pentalty 0.5029, loss 0.4059
Epoch 9, Batch 251/633, Grad Norms near zero: 12, Lx 0.2279, Lu 0.0450, Pentalty 0.5755, loss 0.3305
Epoch 9, Batch 252/633, Grad Norms near zero: 12, Lx 0.1444, Lu 0.0313, Pentalty 0.5782, loss 0.2335
Epoch 9, Batch 253/633, Grad Norms near zero: 12, Lx 0.2129, Lu 0.0572, Pentalty 0.5678, loss 0.3269
Epoch 9, Batch 254/633, Grad Norms near zero: 12, Lx 0.3976, Lu 0.0972, Pentalty 0.4386, loss 0.5387
Epoch 9, Batch 255/633, Grad Norms near zero: 13, Lx 0.3419, Lu 0.0849, Pentalty 0.4799, loss 0.4748
Epoch 9, Batch 256/633, Grad Norms near zero: 12, Lx 0.4125, Lu 0.1454, Pentalty 0.4927, loss 0.6071
Epoch 9, Batch 257/633, Grad Norms near zero: 13, Lx 0.2812, Lu 0.0987, Pentalty 0.4603, loss 0.4259
Epoch 9, Batch 258/633, Grad Norms near zero: 14, Lx 0.2289, Lu 0.0408, Pentalty 0.6085, loss 0.3306
Epoch 9, Batch 259/633, Grad Norms near zero: 12, Lx 0.2887, Lu 0.0821, Pentalty 0.5275, loss 0.4236
Epoch 9, Batch 260/633, Grad Norms near zero: 14, Lx 0.3138, Lu 0.1179, Pentalty 0.4795, loss 0.4796
Epoch 9, Batch 261/633, Grad Norms near zero: 13, Lx 0.3498, Lu 0.1372, Pentalty 0.4431, loss 0.5314
Epoch 9, Batch 262/633, Grad Norms near zero: 12, Lx 0.3837, Lu 0.1373, Pentalty 0.4234, loss 0.5633
Epoch 9, Batch 263/633, Grad Norms near zero: 12, Lx 0.3418, Lu 0.1441, Pentalty 0.4659, loss 0.5325
Epoch 9, Batch 264/633, Grad Norms near zero: 12, Lx 0.3547, Lu 0.1570, Pentalty 0.4717, loss 0.5589
Epoch 9, Batch 265/633, Grad Norms near zero: 13, Lx 0.3425, Lu 0.1332, Pentalty 0.4223, loss 0.5179
Epoch 9, Batch 266/633, Grad Norms near zero: 13, Lx 0.2811, Lu 0.0989, Pentalty 0.4693, loss 0.4269
Epoch 9, Batch 267/633, Grad Norms near zero: 13, Lx 0.3169, Lu 0.1000, Pentalty 0.4504, loss 0.4619
Epoch 9, Batch 268/633, Grad Norms near zero: 12, Lx 0.3083, Lu 0.1280, Pentalty 0.4236, loss 0.4787
Epoch 9, Batch 269/633, Grad Norms near zero: 12, Lx 0.3731, Lu 0.1538, Pentalty 0.3944, loss 0.5664
Epoch 9, Batch 270/633, Grad Norms near zero: 12, Lx 0.2709, Lu 0.0548, Pentalty 0.4852, loss 0.3742
Epoch 9, Batch 271/633, Grad Norms near zero: 12, Lx 0.3360, Lu 0.1208, Pentalty 0.4255, loss 0.4993
Epoch 9, Batch 272/633, Grad Norms near zero: 12, Lx 0.3847, Lu 0.1370, Pentalty 0.4032, loss 0.5621
Epoch 9, Batch 273/633, Grad Norms near zero: 12, Lx 0.3713, Lu 0.1150, Pentalty 0.4547, loss 0.5318
Epoch 9, Batch 274/633, Grad Norms near zero: 12, Lx 0.3561, Lu 0.1551, Pentalty 0.4155, loss 0.5527
Epoch 9, Batch 275/633, Grad Norms near zero: 12, Lx 0.3299, Lu 0.1058, Pentalty 0.4206, loss 0.4777
Epoch 9, Batch 276/633, Grad Norms near zero: 13, Lx 0.3042, Lu 0.1188, Pentalty 0.4263, loss 0.4656
Epoch 9, Batch 277/633, Grad Norms near zero: 12, Lx 0.2925, Lu 0.1196, Pentalty 0.3981, loss 0.4520
Epoch 9, Batch 278/633, Grad Norms near zero: 13, Lx 0.2928, Lu 0.1425, Pentalty 0.4249, loss 0.4777
Epoch 9, Batch 279/633, Grad Norms near zero: 12, Lx 0.3298, Lu 0.1086, Pentalty 0.4022, loss 0.4786
Epoch 9, Batch 280/633, Grad Norms near zero: 12, Lx 0.3334, Lu 0.1303, Pentalty 0.4009, loss 0.5038
Epoch 9, Batch 281/633, Grad Norms near zero: 13, Lx 0.2979, Lu 0.0968, Pentalty 0.4868, loss 0.4435
Epoch 9, Batch 282/633, Grad Norms near zero: 13, Lx 0.3877, Lu 0.1281, Pentalty 0.4131, loss 0.5571
Epoch 9, Batch 283/633, Grad Norms near zero: 13, Lx 0.3113, Lu 0.0894, Pentalty 0.5008, loss 0.4508
Epoch 9, Batch 284/633, Grad Norms near zero: 12, Lx 0.2515, Lu 0.0689, Pentalty 0.5835, loss 0.3788
Epoch 9, Batch 285/633, Grad Norms near zero: 12, Lx 0.3804, Lu 0.0981, Pentalty 0.4290, loss 0.5214
Epoch 9, Batch 286/633, Grad Norms near zero: 13, Lx 0.3537, Lu 0.1330, Pentalty 0.4376, loss 0.5304
Epoch 9, Batch 287/633, Grad Norms near zero: 12, Lx 0.3171, Lu 0.1145, Pentalty 0.4432, loss 0.4760
Epoch 9, Batch 288/633, Grad Norms near zero: 13, Lx 0.4072, Lu 0.1349, Pentalty 0.4615, loss 0.5882
Epoch 9, Batch 289/633, Grad Norms near zero: 12, Lx 0.2404, Lu 0.0530, Pentalty 0.5058, loss 0.3439
Epoch 9, Batch 290/633, Grad Norms near zero: 12, Lx 0.2162, Lu 0.0384, Pentalty 0.7140, loss 0.3260
Epoch 9, Batch 291/633, Grad Norms near zero: 12, Lx 0.2048, Lu 0.0311, Pentalty 0.7297, loss 0.3089
Epoch 9, Batch 292/633, Grad Norms near zero: 12, Lx 0.2781, Lu 0.0538, Pentalty 0.6628, loss 0.3982
Epoch 9, Batch 293/633, Grad Norms near zero: 14, Lx 0.3217, Lu 0.1178, Pentalty 0.4985, loss 0.4894
Epoch 9, Batch 294/633, Grad Norms near zero: 12, Lx 0.2976, Lu 0.0677, Pentalty 0.6040, loss 0.4257
Epoch 9, Batch 295/633, Grad Norms near zero: 12, Lx 0.3604, Lu 0.1497, Pentalty 0.4695, loss 0.5571
Epoch 9, Batch 296/633, Grad Norms near zero: 12, Lx 0.2664, Lu 0.0811, Pentalty 0.4711, loss 0.3946
Epoch 9, Batch 297/633, Grad Norms near zero: 13, Lx 0.4131, Lu 0.1685, Pentalty 0.4170, loss 0.6233
Epoch 9, Batch 298/633, Grad Norms near zero: 12, Lx 0.1718, Lu 0.0314, Pentalty 0.6709, loss 0.2703
Epoch 9, Batch 299/633, Grad Norms near zero: 13, Lx 0.3662, Lu 0.0896, Pentalty 0.4438, loss 0.5001
Epoch 9, Batch 300/633, Grad Norms near zero: 14, Lx 0.3056, Lu 0.0607, Pentalty 0.5584, loss 0.4221
Epoch 9, Batch 301/633, Grad Norms near zero: 12, Lx 0.3647, Lu 0.1269, Pentalty 0.4280, loss 0.5344
Epoch 9, Batch 302/633, Grad Norms near zero: 12, Lx 0.2884, Lu 0.0740, Pentalty 0.4435, loss 0.4068
Epoch 9, Batch 303/633, Grad Norms near zero: 13, Lx 0.3923, Lu 0.1551, Pentalty 0.4032, loss 0.5877
Epoch 9, Batch 304/633, Grad Norms near zero: 12, Lx 0.3367, Lu 0.1240, Pentalty 0.4324, loss 0.5039
Epoch 9, Batch 305/633, Grad Norms near zero: 13, Lx 0.2901, Lu 0.0471, Pentalty 0.5523, loss 0.3925
Epoch 9, Batch 306/633, Grad Norms near zero: 12, Lx 0.4159, Lu 0.1402, Pentalty 0.4009, loss 0.5962
Epoch 9, Batch 307/633, Grad Norms near zero: 14, Lx 0.2344, Lu 0.0350, Pentalty 0.6276, loss 0.3321
Epoch 9, Batch 308/633, Grad Norms near zero: 13, Lx 0.2192, Lu 0.0505, Pentalty 0.6165, loss 0.3313
Epoch 9, Batch 309/633, Grad Norms near zero: 12, Lx 0.2423, Lu 0.0601, Pentalty 0.5569, loss 0.3582
Epoch 9, Batch 310/633, Grad Norms near zero: 13, Lx 0.3872, Lu 0.1667, Pentalty 0.4004, loss 0.5939
Epoch 9, Batch 311/633, Grad Norms near zero: 12, Lx 0.3104, Lu 0.1062, Pentalty 0.4734, loss 0.4639
Epoch 9, Batch 312/633, Grad Norms near zero: 13, Lx 0.3508, Lu 0.1236, Pentalty 0.4338, loss 0.5177
Epoch 9, Batch 313/633, Grad Norms near zero: 12, Lx 0.2936, Lu 0.0776, Pentalty 0.5077, loss 0.4219
Epoch 9, Batch 314/633, Grad Norms near zero: 12, Lx 0.3860, Lu 0.1395, Pentalty 0.4725, loss 0.5728
Epoch 9, Batch 315/633, Grad Norms near zero: 13, Lx 0.3149, Lu 0.1107, Pentalty 0.4678, loss 0.4724
Epoch 9, Batch 316/633, Grad Norms near zero: 12, Lx 0.3328, Lu 0.0791, Pentalty 0.4831, loss 0.4601
Epoch 9, Batch 317/633, Grad Norms near zero: 12, Lx 0.2651, Lu 0.0733, Pentalty 0.4925, loss 0.3876
Epoch 9, Batch 318/633, Grad Norms near zero: 12, Lx 0.3186, Lu 0.0998, Pentalty 0.4352, loss 0.4619
Epoch 9, Batch 319/633, Grad Norms near zero: 12, Lx 0.2149, Lu 0.0397, Pentalty 0.6318, loss 0.3178
Epoch 9, Batch 320/633, Grad Norms near zero: 13, Lx 0.3233, Lu 0.1372, Pentalty 0.3570, loss 0.4962
Epoch 9, Batch 321/633, Grad Norms near zero: 12, Lx 0.2535, Lu 0.0461, Pentalty 0.5182, loss 0.3514
Epoch 9, Batch 322/633, Grad Norms near zero: 12, Lx 0.3905, Lu 0.1303, Pentalty 0.3848, loss 0.5593
Epoch 9, Batch 323/633, Grad Norms near zero: 12, Lx 0.3803, Lu 0.1648, Pentalty 0.4130, loss 0.5864
Epoch 9, Batch 324/633, Grad Norms near zero: 12, Lx 0.2511, Lu 0.0808, Pentalty 0.4421, loss 0.3761
Epoch 9, Batch 325/633, Grad Norms near zero: 12, Lx 0.3286, Lu 0.0945, Pentalty 0.4496, loss 0.4680
Epoch 9, Batch 326/633, Grad Norms near zero: 13, Lx 0.3837, Lu 0.1065, Pentalty 0.4829, loss 0.5385
Epoch 9, Batch 327/633, Grad Norms near zero: 12, Lx 0.3282, Lu 0.1139, Pentalty 0.4912, loss 0.4913
Epoch 9, Batch 328/633, Grad Norms near zero: 14, Lx 0.2507, Lu 0.0555, Pentalty 0.6064, loss 0.3669
Epoch 9, Batch 329/633, Grad Norms near zero: 13, Lx 0.2697, Lu 0.0742, Pentalty 0.5950, loss 0.4034
Epoch 9, Batch 330/633, Grad Norms near zero: 12, Lx 0.2631, Lu 0.0662, Pentalty 0.5390, loss 0.3832
Epoch 9, Batch 331/633, Grad Norms near zero: 13, Lx 0.2506, Lu 0.0877, Pentalty 0.5520, loss 0.3935
Epoch 9, Batch 332/633, Grad Norms near zero: 13, Lx 0.2695, Lu 0.1066, Pentalty 0.5475, loss 0.4308
Epoch 9, Batch 333/633, Grad Norms near zero: 12, Lx 0.3059, Lu 0.0757, Pentalty 0.5164, loss 0.4332
Epoch 9, Batch 334/633, Grad Norms near zero: 12, Lx 0.2882, Lu 0.1972, Pentalty 0.4735, loss 0.5327
Epoch 9, Batch 335/633, Grad Norms near zero: 12, Lx 0.2454, Lu 0.0589, Pentalty 0.5109, loss 0.3554
Epoch 9, Batch 336/633, Grad Norms near zero: 12, Lx 0.2936, Lu 0.0747, Pentalty 0.5671, loss 0.4250
Epoch 9, Batch 337/633, Grad Norms near zero: 12, Lx 0.3193, Lu 0.1308, Pentalty 0.4543, loss 0.4955
Epoch 9, Batch 338/633, Grad Norms near zero: 12, Lx 0.2033, Lu 0.0492, Pentalty 0.5736, loss 0.3099
Epoch 9, Batch 339/633, Grad Norms near zero: 12, Lx 0.3708, Lu 0.0898, Pentalty 0.4578, loss 0.5064
Epoch 9, Batch 340/633, Grad Norms near zero: 12, Lx 0.2823, Lu 0.1082, Pentalty 0.4522, loss 0.4358
Epoch 9, Batch 341/633, Grad Norms near zero: 12, Lx 0.2309, Lu 0.0411, Pentalty 0.4804, loss 0.3201
Epoch 9, Batch 342/633, Grad Norms near zero: 12, Lx 0.3313, Lu 0.1545, Pentalty 0.4260, loss 0.5283
Epoch 9, Batch 343/633, Grad Norms near zero: 12, Lx 0.2618, Lu 0.0531, Pentalty 0.5081, loss 0.3657
Epoch 9, Batch 344/633, Grad Norms near zero: 12, Lx 0.3640, Lu 0.1107, Pentalty 0.4507, loss 0.5197
Epoch 9, Batch 345/633, Grad Norms near zero: 12, Lx 0.1855, Lu 0.0373, Pentalty 0.6481, loss 0.2875
Epoch 9, Batch 346/633, Grad Norms near zero: 12, Lx 0.3433, Lu 0.1240, Pentalty 0.4567, loss 0.5130
Epoch 9, Batch 347/633, Grad Norms near zero: 13, Lx 0.3936, Lu 0.1754, Pentalty 0.4235, loss 0.6114
Epoch 9, Batch 348/633, Grad Norms near zero: 12, Lx 0.2352, Lu 0.0462, Pentalty 0.5459, loss 0.3360
Epoch 9, Batch 349/633, Grad Norms near zero: 12, Lx 0.3174, Lu 0.1179, Pentalty 0.4627, loss 0.4815
Epoch 9, Batch 350/633, Grad Norms near zero: 18, Lx 0.1727, Lu 0.0223, Pentalty 0.7174, loss 0.2668
Epoch 9, Batch 351/633, Grad Norms near zero: 12, Lx 0.4071, Lu 0.1235, Pentalty 0.4736, loss 0.5780
Epoch 9, Batch 352/633, Grad Norms near zero: 12, Lx 0.3332, Lu 0.1098, Pentalty 0.4779, loss 0.4907
Epoch 9, Batch 353/633, Grad Norms near zero: 12, Lx 0.3102, Lu 0.0796, Pentalty 0.4962, loss 0.4394
Epoch 9, Batch 354/633, Grad Norms near zero: 14, Lx 0.3436, Lu 0.0973, Pentalty 0.4894, loss 0.4898
Epoch 9, Batch 355/633, Grad Norms near zero: 13, Lx 0.3409, Lu 0.1244, Pentalty 0.4256, loss 0.5078
Epoch 9, Batch 356/633, Grad Norms near zero: 12, Lx 0.3427, Lu 0.1232, Pentalty 0.4792, loss 0.5138
Epoch 9, Batch 357/633, Grad Norms near zero: 12, Lx 0.3119, Lu 0.0996, Pentalty 0.4874, loss 0.4602
Epoch 9, Batch 358/633, Grad Norms near zero: 14, Lx 0.3405, Lu 0.0893, Pentalty 0.4761, loss 0.4774
Epoch 9, Batch 359/633, Grad Norms near zero: 14, Lx 0.3359, Lu 0.0996, Pentalty 0.4621, loss 0.4817
Epoch 9, Batch 360/633, Grad Norms near zero: 13, Lx 0.3414, Lu 0.1054, Pentalty 0.4540, loss 0.4921
Epoch 9, Batch 361/633, Grad Norms near zero: 12, Lx 0.3719, Lu 0.1497, Pentalty 0.4578, loss 0.5673
Epoch 9, Batch 362/633, Grad Norms near zero: 14, Lx 0.3206, Lu 0.0774, Pentalty 0.4916, loss 0.4472
Epoch 9, Batch 363/633, Grad Norms near zero: 13, Lx 0.3745, Lu 0.1479, Pentalty 0.3897, loss 0.5613
Epoch 9, Batch 364/633, Grad Norms near zero: 14, Lx 0.2153, Lu 0.0266, Pentalty 0.6149, loss 0.3034
Epoch 9, Batch 365/633, Grad Norms near zero: 12, Lx 0.3927, Lu 0.1039, Pentalty 0.4370, loss 0.5402
Epoch 9, Batch 366/633, Grad Norms near zero: 12, Lx 0.1462, Lu 0.0233, Pentalty 0.6594, loss 0.2355
Epoch 9, Batch 367/633, Grad Norms near zero: 12, Lx 0.3853, Lu 0.1601, Pentalty 0.3695, loss 0.5823
Epoch 9, Batch 368/633, Grad Norms near zero: 13, Lx 0.3092, Lu 0.1452, Pentalty 0.3846, loss 0.4928
Epoch 9, Batch 369/633, Grad Norms near zero: 12, Lx 0.3429, Lu 0.1270, Pentalty 0.4236, loss 0.5123
Epoch 9, Batch 370/633, Grad Norms near zero: 12, Lx 0.2971, Lu 0.1176, Pentalty 0.4029, loss 0.4551
Epoch 9, Batch 371/633, Grad Norms near zero: 12, Lx 0.2090, Lu 0.0657, Pentalty 0.4644, loss 0.3212
Epoch 9, Batch 372/633, Grad Norms near zero: 12, Lx 0.2993, Lu 0.0898, Pentalty 0.4427, loss 0.4334
Epoch 9, Batch 373/633, Grad Norms near zero: 13, Lx 0.4099, Lu 0.1554, Pentalty 0.3854, loss 0.6038
Epoch 9, Batch 374/633, Grad Norms near zero: 13, Lx 0.1686, Lu 0.0322, Pentalty 0.6603, loss 0.2668
Epoch 9, Batch 375/633, Grad Norms near zero: 12, Lx 0.3778, Lu 0.1449, Pentalty 0.4736, loss 0.5701
Epoch 9, Batch 376/633, Grad Norms near zero: 12, Lx 0.2973, Lu 0.0612, Pentalty 0.5393, loss 0.4124
Epoch 9, Batch 377/633, Grad Norms near zero: 13, Lx 0.3187, Lu 0.1337, Pentalty 0.4316, loss 0.4956
Epoch 9, Batch 378/633, Grad Norms near zero: 13, Lx 0.2789, Lu 0.0785, Pentalty 0.5183, loss 0.4092
Epoch 9, Batch 379/633, Grad Norms near zero: 14, Lx 0.3139, Lu 0.0761, Pentalty 0.5405, loss 0.4441
Epoch 9, Batch 380/633, Grad Norms near zero: 14, Lx 0.2592, Lu 0.0600, Pentalty 0.5679, loss 0.3760
Epoch 9, Batch 381/633, Grad Norms near zero: 13, Lx 0.3246, Lu 0.1219, Pentalty 0.4528, loss 0.4918
Epoch 9, Batch 382/633, Grad Norms near zero: 13, Lx 0.2749, Lu 0.0829, Pentalty 0.5125, loss 0.4091
Epoch 9, Batch 383/633, Grad Norms near zero: 12, Lx 0.3285, Lu 0.1600, Pentalty 0.5067, loss 0.5391
Epoch 9, Batch 384/633, Grad Norms near zero: 12, Lx 0.3289, Lu 0.1449, Pentalty 0.4859, loss 0.5223
Epoch 9, Batch 385/633, Grad Norms near zero: 14, Lx 0.2718, Lu 0.0532, Pentalty 0.5942, loss 0.3844
Epoch 9, Batch 386/633, Grad Norms near zero: 13, Lx 0.3291, Lu 0.1030, Pentalty 0.4411, loss 0.4762
Epoch 9, Batch 387/633, Grad Norms near zero: 12, Lx 0.3960, Lu 0.1369, Pentalty 0.4015, loss 0.5730
Epoch 9, Batch 388/633, Grad Norms near zero: 12, Lx 0.3599, Lu 0.0962, Pentalty 0.4632, loss 0.5024
Epoch 9, Batch 389/633, Grad Norms near zero: 13, Lx 0.3260, Lu 0.0902, Pentalty 0.4348, loss 0.4597
Epoch 9, Batch 390/633, Grad Norms near zero: 12, Lx 0.3675, Lu 0.1033, Pentalty 0.4357, loss 0.5144
Epoch 9, Batch 391/633, Grad Norms near zero: 13, Lx 0.2343, Lu 0.0339, Pentalty 0.5608, loss 0.3243
Epoch 9, Batch 392/633, Grad Norms near zero: 12, Lx 0.3371, Lu 0.1407, Pentalty 0.3674, loss 0.5146
Epoch 9, Batch 393/633, Grad Norms near zero: 13, Lx 0.4109, Lu 0.1504, Pentalty 0.3710, loss 0.5984
Epoch 9, Batch 394/633, Grad Norms near zero: 12, Lx 0.4180, Lu 0.1932, Pentalty 0.3647, loss 0.6476
Epoch 9, Batch 395/633, Grad Norms near zero: 13, Lx 0.3777, Lu 0.1174, Pentalty 0.4224, loss 0.5374
Epoch 9, Batch 396/633, Grad Norms near zero: 13, Lx 0.3097, Lu 0.1182, Pentalty 0.3771, loss 0.4656
Epoch 9, Batch 397/633, Grad Norms near zero: 12, Lx 0.3373, Lu 0.1331, Pentalty 0.4186, loss 0.5123
Epoch 9, Batch 398/633, Grad Norms near zero: 13, Lx 0.4025, Lu 0.1585, Pentalty 0.3767, loss 0.5986
Epoch 9, Batch 399/633, Grad Norms near zero: 14, Lx 0.2054, Lu 0.0414, Pentalty 0.6275, loss 0.3096
Epoch 9, Batch 400/633, Grad Norms near zero: 14, Lx 0.2312, Lu 0.0305, Pentalty 0.6490, loss 0.3266
Epoch 9, Batch 401/633, Grad Norms near zero: 13, Lx 0.3197, Lu 0.0960, Pentalty 0.4704, loss 0.4628
Epoch 9, Batch 402/633, Grad Norms near zero: 13, Lx 0.3722, Lu 0.1177, Pentalty 0.4153, loss 0.5314
Epoch 9, Batch 403/633, Grad Norms near zero: 12, Lx 0.2976, Lu 0.1282, Pentalty 0.4361, loss 0.4694
Epoch 9, Batch 404/633, Grad Norms near zero: 12, Lx 0.3003, Lu 0.1057, Pentalty 0.4556, loss 0.4516
Epoch 9, Batch 405/633, Grad Norms near zero: 12, Lx 0.3127, Lu 0.0876, Pentalty 0.4820, loss 0.4485
Epoch 9, Batch 406/633, Grad Norms near zero: 12, Lx 0.4587, Lu 0.1431, Pentalty 0.4122, loss 0.6431
Epoch 9, Batch 407/633, Grad Norms near zero: 12, Lx 0.3722, Lu 0.1336, Pentalty 0.4469, loss 0.5505
Epoch 9, Batch 408/633, Grad Norms near zero: 13, Lx 0.3407, Lu 0.0753, Pentalty 0.4790, loss 0.4639
Epoch 9, Batch 409/633, Grad Norms near zero: 12, Lx 0.3923, Lu 0.1166, Pentalty 0.4410, loss 0.5530
Epoch 9, Batch 410/633, Grad Norms near zero: 12, Lx 0.3384, Lu 0.1526, Pentalty 0.3954, loss 0.5305
Epoch 9, Batch 411/633, Grad Norms near zero: 12, Lx 0.2841, Lu 0.0991, Pentalty 0.4784, loss 0.4310
Epoch 9, Batch 412/633, Grad Norms near zero: 12, Lx 0.3999, Lu 0.1593, Pentalty 0.4251, loss 0.6018
Epoch 9, Batch 413/633, Grad Norms near zero: 12, Lx 0.3568, Lu 0.1484, Pentalty 0.4191, loss 0.5471
Epoch 9, Batch 414/633, Grad Norms near zero: 12, Lx 0.3136, Lu 0.1513, Pentalty 0.3994, loss 0.5048
Epoch 9, Batch 415/633, Grad Norms near zero: 12, Lx 0.3087, Lu 0.1041, Pentalty 0.4194, loss 0.4547
Epoch 9, Batch 416/633, Grad Norms near zero: 12, Lx 0.3255, Lu 0.0979, Pentalty 0.4140, loss 0.4648
Epoch 9, Batch 417/633, Grad Norms near zero: 12, Lx 0.3255, Lu 0.1409, Pentalty 0.4213, loss 0.5086
Epoch 9, Batch 418/633, Grad Norms near zero: 13, Lx 0.3769, Lu 0.1271, Pentalty 0.4203, loss 0.5460
Epoch 9, Batch 419/633, Grad Norms near zero: 12, Lx 0.3935, Lu 0.1217, Pentalty 0.4383, loss 0.5591
Epoch 9, Batch 420/633, Grad Norms near zero: 12, Lx 0.3098, Lu 0.1183, Pentalty 0.4247, loss 0.4706
Epoch 9, Batch 421/633, Grad Norms near zero: 12, Lx 0.3672, Lu 0.1080, Pentalty 0.4368, loss 0.5188
Epoch 9, Batch 422/633, Grad Norms near zero: 12, Lx 0.2844, Lu 0.1238, Pentalty 0.4149, loss 0.4497
Epoch 9, Batch 423/633, Grad Norms near zero: 14, Lx 0.2132, Lu 0.0394, Pentalty 0.5848, loss 0.3111
Epoch 9, Batch 424/633, Grad Norms near zero: 13, Lx 0.1332, Lu 0.0220, Pentalty 0.6862, loss 0.2238
Epoch 9, Batch 425/633, Grad Norms near zero: 12, Lx 0.3952, Lu 0.1334, Pentalty 0.4331, loss 0.5719
Epoch 9, Batch 426/633, Grad Norms near zero: 12, Lx 0.2675, Lu 0.1028, Pentalty 0.4848, loss 0.4188
Epoch 9, Batch 427/633, Grad Norms near zero: 12, Lx 0.2928, Lu 0.1059, Pentalty 0.4486, loss 0.4435
Epoch 9, Batch 428/633, Grad Norms near zero: 12, Lx 0.3436, Lu 0.1019, Pentalty 0.4757, loss 0.4930
Epoch 9, Batch 429/633, Grad Norms near zero: 12, Lx 0.3240, Lu 0.1316, Pentalty 0.4420, loss 0.4998
Epoch 9, Batch 430/633, Grad Norms near zero: 12, Lx 0.2927, Lu 0.1169, Pentalty 0.4569, loss 0.4554
Epoch 9, Batch 431/633, Grad Norms near zero: 14, Lx 0.1900, Lu 0.0293, Pentalty 0.7019, loss 0.2894
Epoch 9, Batch 432/633, Grad Norms near zero: 13, Lx 0.2556, Lu 0.1062, Pentalty 0.4679, loss 0.4085
Epoch 9, Batch 433/633, Grad Norms near zero: 12, Lx 0.3409, Lu 0.1273, Pentalty 0.4431, loss 0.5126
Epoch 9, Batch 434/633, Grad Norms near zero: 12, Lx 0.2691, Lu 0.0511, Pentalty 0.6057, loss 0.3808
Epoch 9, Batch 435/633, Grad Norms near zero: 12, Lx 0.2753, Lu 0.0725, Pentalty 0.4774, loss 0.3956
Epoch 9, Batch 436/633, Grad Norms near zero: 12, Lx 0.3421, Lu 0.1176, Pentalty 0.4452, loss 0.5042
Epoch 9, Batch 437/633, Grad Norms near zero: 12, Lx 0.3290, Lu 0.1066, Pentalty 0.4510, loss 0.4806
Epoch 9, Batch 438/633, Grad Norms near zero: 12, Lx 0.3346, Lu 0.0954, Pentalty 0.4696, loss 0.4769
Epoch 9, Batch 439/633, Grad Norms near zero: 13, Lx 0.2384, Lu 0.0340, Pentalty 0.6685, loss 0.3393
Epoch 9, Batch 440/633, Grad Norms near zero: 12, Lx 0.3521, Lu 0.1175, Pentalty 0.4813, loss 0.5178
Epoch 9, Batch 441/633, Grad Norms near zero: 13, Lx 0.2743, Lu 0.1109, Pentalty 0.4735, loss 0.4326
Epoch 9, Batch 442/633, Grad Norms near zero: 12, Lx 0.3692, Lu 0.1538, Pentalty 0.4696, loss 0.5700
Epoch 9, Batch 443/633, Grad Norms near zero: 12, Lx 0.2341, Lu 0.0524, Pentalty 0.5464, loss 0.3412
Epoch 9, Batch 444/633, Grad Norms near zero: 12, Lx 0.3072, Lu 0.1274, Pentalty 0.4448, loss 0.4791
Epoch 9, Batch 445/633, Grad Norms near zero: 13, Lx 0.3161, Lu 0.1584, Pentalty 0.4398, loss 0.5185
Epoch 9, Batch 446/633, Grad Norms near zero: 13, Lx 0.3193, Lu 0.0991, Pentalty 0.4911, loss 0.4675
Epoch 9, Batch 447/633, Grad Norms near zero: 13, Lx 0.2037, Lu 0.0280, Pentalty 0.7010, loss 0.3018
Epoch 9, Batch 448/633, Grad Norms near zero: 12, Lx 0.3242, Lu 0.1090, Pentalty 0.4603, loss 0.4792
Epoch 9, Batch 449/633, Grad Norms near zero: 12, Lx 0.3870, Lu 0.1463, Pentalty 0.4089, loss 0.5742
Epoch 9, Batch 450/633, Grad Norms near zero: 12, Lx 0.3571, Lu 0.1490, Pentalty 0.4181, loss 0.5480
Epoch 9, Batch 451/633, Grad Norms near zero: 12, Lx 0.2991, Lu 0.0875, Pentalty 0.4511, loss 0.4317
Epoch 9, Batch 452/633, Grad Norms near zero: 12, Lx 0.3992, Lu 0.1160, Pentalty 0.4309, loss 0.5584
Epoch 9, Batch 453/633, Grad Norms near zero: 12, Lx 0.3128, Lu 0.1662, Pentalty 0.4303, loss 0.5220
Epoch 9, Batch 454/633, Grad Norms near zero: 12, Lx 0.2632, Lu 0.0744, Pentalty 0.4488, loss 0.3824
Epoch 9, Batch 455/633, Grad Norms near zero: 12, Lx 0.2961, Lu 0.0838, Pentalty 0.4257, loss 0.4224
Epoch 9, Batch 456/633, Grad Norms near zero: 12, Lx 0.3175, Lu 0.0866, Pentalty 0.4394, loss 0.4481
Epoch 9, Batch 457/633, Grad Norms near zero: 13, Lx 0.3954, Lu 0.1770, Pentalty 0.3430, loss 0.6067
Epoch 9, Batch 458/633, Grad Norms near zero: 13, Lx 0.3613, Lu 0.1805, Pentalty 0.3446, loss 0.5762
Epoch 9, Batch 459/633, Grad Norms near zero: 12, Lx 0.4197, Lu 0.1608, Pentalty 0.3860, loss 0.6191
Epoch 9, Batch 460/633, Grad Norms near zero: 13, Lx 0.2955, Lu 0.0709, Pentalty 0.4510, loss 0.4114
Epoch 9, Batch 461/633, Grad Norms near zero: 13, Lx 0.2863, Lu 0.0752, Pentalty 0.4658, loss 0.4081
Epoch 9, Batch 462/633, Grad Norms near zero: 12, Lx 0.3189, Lu 0.1123, Pentalty 0.4017, loss 0.4714
Epoch 9, Batch 463/633, Grad Norms near zero: 12, Lx 0.2805, Lu 0.0804, Pentalty 0.4519, loss 0.4062
Epoch 9, Batch 464/633, Grad Norms near zero: 12, Lx 0.3090, Lu 0.0846, Pentalty 0.4337, loss 0.4369
Epoch 9, Batch 465/633, Grad Norms near zero: 12, Lx 0.2971, Lu 0.0645, Pentalty 0.4830, loss 0.4099
Epoch 9, Batch 466/633, Grad Norms near zero: 13, Lx 0.3267, Lu 0.1296, Pentalty 0.4232, loss 0.4986
Epoch 9, Batch 467/633, Grad Norms near zero: 12, Lx 0.3434, Lu 0.0957, Pentalty 0.4851, loss 0.4876
Epoch 9, Batch 468/633, Grad Norms near zero: 12, Lx 0.3183, Lu 0.0730, Pentalty 0.5233, loss 0.4436
Epoch 9, Batch 469/633, Grad Norms near zero: 12, Lx 0.3225, Lu 0.0944, Pentalty 0.5016, loss 0.4670
Epoch 9, Batch 470/633, Grad Norms near zero: 12, Lx 0.3739, Lu 0.1662, Pentalty 0.4598, loss 0.5861
Epoch 9, Batch 471/633, Grad Norms near zero: 13, Lx 0.2486, Lu 0.0697, Pentalty 0.5941, loss 0.3778
Epoch 9, Batch 472/633, Grad Norms near zero: 13, Lx 0.2563, Lu 0.0375, Pentalty 0.6787, loss 0.3618
Epoch 9, Batch 473/633, Grad Norms near zero: 12, Lx 0.3299, Lu 0.1435, Pentalty 0.4707, loss 0.5204
Epoch 9, Batch 474/633, Grad Norms near zero: 14, Lx 0.1986, Lu 0.0369, Pentalty 0.6568, loss 0.3012
Epoch 9, Batch 475/633, Grad Norms near zero: 12, Lx 0.2948, Lu 0.0885, Pentalty 0.5303, loss 0.4363
Epoch 9, Batch 476/633, Grad Norms near zero: 12, Lx 0.3860, Lu 0.1525, Pentalty 0.5058, loss 0.5891
Epoch 9, Batch 477/633, Grad Norms near zero: 12, Lx 0.3733, Lu 0.1018, Pentalty 0.4889, loss 0.5240
Epoch 9, Batch 478/633, Grad Norms near zero: 12, Lx 0.3143, Lu 0.1371, Pentalty 0.4489, loss 0.4963
Epoch 9, Batch 479/633, Grad Norms near zero: 13, Lx 0.3303, Lu 0.1246, Pentalty 0.3817, loss 0.4931
Epoch 9, Batch 480/633, Grad Norms near zero: 12, Lx 0.3971, Lu 0.1736, Pentalty 0.4135, loss 0.6121
Epoch 9, Batch 481/633, Grad Norms near zero: 12, Lx 0.3528, Lu 0.1364, Pentalty 0.3716, loss 0.5264
Epoch 9, Batch 482/633, Grad Norms near zero: 12, Lx 0.3518, Lu 0.1267, Pentalty 0.3772, loss 0.5163
Epoch 9, Batch 483/633, Grad Norms near zero: 12, Lx 0.3036, Lu 0.1572, Pentalty 0.3274, loss 0.4935
Epoch 9, Batch 484/633, Grad Norms near zero: 12, Lx 0.4402, Lu 0.1596, Pentalty 0.3620, loss 0.6360
Epoch 9, Batch 485/633, Grad Norms near zero: 13, Lx 0.3660, Lu 0.1837, Pentalty 0.3423, loss 0.5839
Epoch 9, Batch 486/633, Grad Norms near zero: 12, Lx 0.2959, Lu 0.1430, Pentalty 0.3606, loss 0.4749
Epoch 9, Batch 487/633, Grad Norms near zero: 12, Lx 0.3813, Lu 0.1439, Pentalty 0.3764, loss 0.5629
Epoch 9, Batch 488/633, Grad Norms near zero: 13, Lx 0.3099, Lu 0.0896, Pentalty 0.4859, loss 0.4481
Epoch 9, Batch 489/633, Grad Norms near zero: 12, Lx 0.3581, Lu 0.1297, Pentalty 0.4400, loss 0.5318
Epoch 9, Batch 490/633, Grad Norms near zero: 13, Lx 0.3783, Lu 0.1696, Pentalty 0.4257, loss 0.5904
Epoch 9, Batch 491/633, Grad Norms near zero: 12, Lx 0.2750, Lu 0.0834, Pentalty 0.4682, loss 0.4051
Epoch 9, Batch 492/633, Grad Norms near zero: 13, Lx 0.3750, Lu 0.1191, Pentalty 0.4504, loss 0.5392
Epoch 9, Batch 493/633, Grad Norms near zero: 12, Lx 0.3375, Lu 0.0688, Pentalty 0.5070, loss 0.4570
Epoch 9, Batch 494/633, Grad Norms near zero: 13, Lx 0.2912, Lu 0.0625, Pentalty 0.6005, loss 0.4137
Epoch 9, Batch 495/633, Grad Norms near zero: 12, Lx 0.3955, Lu 0.1368, Pentalty 0.4849, loss 0.5808
Epoch 9, Batch 496/633, Grad Norms near zero: 12, Lx 0.3326, Lu 0.1250, Pentalty 0.4738, loss 0.5050
Epoch 9, Batch 497/633, Grad Norms near zero: 13, Lx 0.3556, Lu 0.0994, Pentalty 0.4788, loss 0.5029
Epoch 9, Batch 498/633, Grad Norms near zero: 12, Lx 0.2906, Lu 0.0786, Pentalty 0.4905, loss 0.4183
Epoch 9, Batch 499/633, Grad Norms near zero: 12, Lx 0.3277, Lu 0.1193, Pentalty 0.4792, loss 0.4950
Epoch 9, Batch 500/633, Grad Norms near zero: 14, Lx 0.2933, Lu 0.0829, Pentalty 0.4983, loss 0.4260
Epoch 9, Batch 501/633, Grad Norms near zero: 12, Lx 0.2426, Lu 0.0683, Pentalty 0.4751, loss 0.3584
Epoch 9, Batch 502/633, Grad Norms near zero: 12, Lx 0.3600, Lu 0.1223, Pentalty 0.4534, loss 0.5276
Epoch 9, Batch 503/633, Grad Norms near zero: 12, Lx 0.3469, Lu 0.1003, Pentalty 0.4736, loss 0.4945
Epoch 9, Batch 504/633, Grad Norms near zero: 12, Lx 0.2483, Lu 0.0542, Pentalty 0.5954, loss 0.3620
Epoch 9, Batch 505/633, Grad Norms near zero: 12, Lx 0.2942, Lu 0.1174, Pentalty 0.4526, loss 0.4568
Epoch 9, Batch 506/633, Grad Norms near zero: 12, Lx 0.2638, Lu 0.1125, Pentalty 0.4377, loss 0.4201
Epoch 9, Batch 507/633, Grad Norms near zero: 12, Lx 0.3022, Lu 0.1593, Pentalty 0.4217, loss 0.5036
Epoch 9, Batch 508/633, Grad Norms near zero: 13, Lx 0.3982, Lu 0.1426, Pentalty 0.3855, loss 0.5794
Epoch 9, Batch 509/633, Grad Norms near zero: 12, Lx 0.3545, Lu 0.0903, Pentalty 0.4602, loss 0.4908
Epoch 9, Batch 510/633, Grad Norms near zero: 12, Lx 0.3570, Lu 0.1440, Pentalty 0.3854, loss 0.5396
Epoch 9, Batch 511/633, Grad Norms near zero: 12, Lx 0.2118, Lu 0.0608, Pentalty 0.4884, loss 0.3215
Epoch 9, Batch 512/633, Grad Norms near zero: 12, Lx 0.1806, Lu 0.0528, Pentalty 0.5271, loss 0.2861
Epoch 9, Batch 513/633, Grad Norms near zero: 13, Lx 0.2580, Lu 0.0597, Pentalty 0.5343, loss 0.3712
Epoch 9, Batch 514/633, Grad Norms near zero: 13, Lx 0.2347, Lu 0.0458, Pentalty 0.6122, loss 0.3417
Epoch 9, Batch 515/633, Grad Norms near zero: 13, Lx 0.3334, Lu 0.1798, Pentalty 0.4182, loss 0.5550
Epoch 9, Batch 516/633, Grad Norms near zero: 14, Lx 0.2670, Lu 0.0632, Pentalty 0.5228, loss 0.3824
Epoch 9, Batch 517/633, Grad Norms near zero: 14, Lx 0.1964, Lu 0.0284, Pentalty 0.6614, loss 0.2909
Epoch 9, Batch 518/633, Grad Norms near zero: 14, Lx 0.3468, Lu 0.1465, Pentalty 0.4450, loss 0.5378
Epoch 9, Batch 519/633, Grad Norms near zero: 12, Lx 0.3654, Lu 0.1737, Pentalty 0.4430, loss 0.5834
Epoch 9, Batch 520/633, Grad Norms near zero: 14, Lx 0.2422, Lu 0.0769, Pentalty 0.5346, loss 0.3725
Epoch 9, Batch 521/633, Grad Norms near zero: 13, Lx 0.3770, Lu 0.1793, Pentalty 0.4386, loss 0.6002
Epoch 9, Batch 522/633, Grad Norms near zero: 14, Lx 0.2723, Lu 0.0669, Pentalty 0.5454, loss 0.3937
Epoch 9, Batch 523/633, Grad Norms near zero: 12, Lx 0.3166, Lu 0.0817, Pentalty 0.5535, loss 0.4537
Epoch 9, Batch 524/633, Grad Norms near zero: 13, Lx 0.2672, Lu 0.0576, Pentalty 0.5819, loss 0.3830
Epoch 9, Batch 525/633, Grad Norms near zero: 12, Lx 0.3403, Lu 0.1062, Pentalty 0.5230, loss 0.4988
Epoch 9, Batch 526/633, Grad Norms near zero: 12, Lx 0.2474, Lu 0.0480, Pentalty 0.5757, loss 0.3529
Epoch 9, Batch 527/633, Grad Norms near zero: 12, Lx 0.3582, Lu 0.1574, Pentalty 0.4097, loss 0.5567
Epoch 9, Batch 528/633, Grad Norms near zero: 12, Lx 0.2796, Lu 0.0555, Pentalty 0.5535, loss 0.3904
Epoch 9, Batch 529/633, Grad Norms near zero: 13, Lx 0.3630, Lu 0.1371, Pentalty 0.3832, loss 0.5384
Epoch 9, Batch 530/633, Grad Norms near zero: 13, Lx 0.2576, Lu 0.0971, Pentalty 0.4519, loss 0.3998
Epoch 9, Batch 531/633, Grad Norms near zero: 12, Lx 0.2600, Lu 0.0808, Pentalty 0.5007, loss 0.3909
Epoch 9, Batch 532/633, Grad Norms near zero: 12, Lx 0.3514, Lu 0.1498, Pentalty 0.3429, loss 0.5355
Epoch 9, Batch 533/633, Grad Norms near zero: 13, Lx 0.3462, Lu 0.1387, Pentalty 0.3613, loss 0.5210
Epoch 9, Batch 534/633, Grad Norms near zero: 12, Lx 0.2900, Lu 0.0913, Pentalty 0.4582, loss 0.4272
Epoch 9, Batch 535/633, Grad Norms near zero: 13, Lx 0.2937, Lu 0.1170, Pentalty 0.4157, loss 0.4523
Epoch 9, Batch 536/633, Grad Norms near zero: 13, Lx 0.3865, Lu 0.1305, Pentalty 0.4228, loss 0.5593
Epoch 9, Batch 537/633, Grad Norms near zero: 14, Lx 0.2316, Lu 0.0561, Pentalty 0.5524, loss 0.3429
Epoch 9, Batch 538/633, Grad Norms near zero: 13, Lx 0.3401, Lu 0.1092, Pentalty 0.4595, loss 0.4953
Epoch 9, Batch 539/633, Grad Norms near zero: 13, Lx 0.3331, Lu 0.0984, Pentalty 0.4980, loss 0.4812
Epoch 9, Batch 540/633, Grad Norms near zero: 12, Lx 0.3986, Lu 0.1416, Pentalty 0.5296, loss 0.5932
Epoch 9, Batch 541/633, Grad Norms near zero: 14, Lx 0.3302, Lu 0.0757, Pentalty 0.5343, loss 0.4593
Epoch 9, Batch 542/633, Grad Norms near zero: 12, Lx 0.3295, Lu 0.1862, Pentalty 0.5221, loss 0.5679
Epoch 9, Batch 543/633, Grad Norms near zero: 12, Lx 0.2593, Lu 0.0634, Pentalty 0.5601, loss 0.3787
Epoch 9, Batch 544/633, Grad Norms near zero: 13, Lx 0.4246, Lu 0.1339, Pentalty 0.4341, loss 0.6019
Epoch 9, Batch 545/633, Grad Norms near zero: 13, Lx 0.3921, Lu 0.1286, Pentalty 0.4231, loss 0.5630
Epoch 9, Batch 546/633, Grad Norms near zero: 13, Lx 0.2625, Lu 0.0829, Pentalty 0.4773, loss 0.3932
Epoch 9, Batch 547/633, Grad Norms near zero: 12, Lx 0.3032, Lu 0.0836, Pentalty 0.4826, loss 0.4350
Epoch 9, Batch 548/633, Grad Norms near zero: 12, Lx 0.2384, Lu 0.0587, Pentalty 0.5400, loss 0.3511
Epoch 9, Batch 549/633, Grad Norms near zero: 12, Lx 0.2098, Lu 0.0384, Pentalty 0.6079, loss 0.3090
Epoch 9, Batch 550/633, Grad Norms near zero: 13, Lx 0.2625, Lu 0.0531, Pentalty 0.5651, loss 0.3722
Epoch 9, Batch 551/633, Grad Norms near zero: 13, Lx 0.3610, Lu 0.1601, Pentalty 0.3914, loss 0.5602
Epoch 9, Batch 552/633, Grad Norms near zero: 12, Lx 0.3444, Lu 0.1107, Pentalty 0.4527, loss 0.5005
Epoch 9, Batch 553/633, Grad Norms near zero: 12, Lx 0.3388, Lu 0.1177, Pentalty 0.4125, loss 0.4978
Epoch 9, Batch 554/633, Grad Norms near zero: 13, Lx 0.3605, Lu 0.1320, Pentalty 0.4473, loss 0.5372
Epoch 9, Batch 555/633, Grad Norms near zero: 14, Lx 0.2360, Lu 0.0450, Pentalty 0.5886, loss 0.3398
Epoch 9, Batch 556/633, Grad Norms near zero: 12, Lx 0.3398, Lu 0.1357, Pentalty 0.4327, loss 0.5187
Epoch 9, Batch 557/633, Grad Norms near zero: 13, Lx 0.3398, Lu 0.1046, Pentalty 0.4529, loss 0.4896
Epoch 9, Batch 558/633, Grad Norms near zero: 13, Lx 0.2913, Lu 0.0663, Pentalty 0.5437, loss 0.4120
Epoch 9, Batch 559/633, Grad Norms near zero: 12, Lx 0.1865, Lu 0.0558, Pentalty 0.5162, loss 0.2939
Epoch 9, Batch 560/633, Grad Norms near zero: 12, Lx 0.2541, Lu 0.0728, Pentalty 0.5751, loss 0.3844
Epoch 9, Batch 561/633, Grad Norms near zero: 13, Lx 0.3182, Lu 0.0678, Pentalty 0.5941, loss 0.4455
Epoch 9, Batch 562/633, Grad Norms near zero: 12, Lx 0.2756, Lu 0.1113, Pentalty 0.5323, loss 0.4401
Epoch 9, Batch 563/633, Grad Norms near zero: 12, Lx 0.3561, Lu 0.1382, Pentalty 0.4476, loss 0.5390
Epoch 9, Batch 564/633, Grad Norms near zero: 12, Lx 0.3052, Lu 0.0864, Pentalty 0.4663, loss 0.4382
Epoch 9, Batch 565/633, Grad Norms near zero: 12, Lx 0.3124, Lu 0.1114, Pentalty 0.4907, loss 0.4729
Epoch 9, Batch 566/633, Grad Norms near zero: 12, Lx 0.1907, Lu 0.0549, Pentalty 0.5509, loss 0.3007
Epoch 9, Batch 567/633, Grad Norms near zero: 13, Lx 0.2484, Lu 0.0936, Pentalty 0.5773, loss 0.3998
Epoch 9, Batch 568/633, Grad Norms near zero: 13, Lx 0.4200, Lu 0.1802, Pentalty 0.4684, loss 0.6470
Epoch 9, Batch 569/633, Grad Norms near zero: 12, Lx 0.3249, Lu 0.1182, Pentalty 0.5006, loss 0.4931
Epoch 9, Batch 570/633, Grad Norms near zero: 13, Lx 0.3942, Lu 0.1303, Pentalty 0.4714, loss 0.5716
Epoch 9, Batch 571/633, Grad Norms near zero: 14, Lx 0.1908, Lu 0.0288, Pentalty 0.6818, loss 0.2877
Epoch 9, Batch 572/633, Grad Norms near zero: 12, Lx 0.2717, Lu 0.0490, Pentalty 0.5227, loss 0.3730
Epoch 9, Batch 573/633, Grad Norms near zero: 12, Lx 0.3056, Lu 0.1246, Pentalty 0.4422, loss 0.4745
Epoch 9, Batch 574/633, Grad Norms near zero: 12, Lx 0.3443, Lu 0.1263, Pentalty 0.4429, loss 0.5149
Epoch 9, Batch 575/633, Grad Norms near zero: 12, Lx 0.3071, Lu 0.1289, Pentalty 0.4648, loss 0.4825
Epoch 9, Batch 576/633, Grad Norms near zero: 14, Lx 0.2910, Lu 0.0607, Pentalty 0.5427, loss 0.4060
Epoch 9, Batch 577/633, Grad Norms near zero: 12, Lx 0.2125, Lu 0.0552, Pentalty 0.5623, loss 0.3239
Epoch 9, Batch 578/633, Grad Norms near zero: 14, Lx 0.2719, Lu 0.0553, Pentalty 0.5308, loss 0.3803
Epoch 9, Batch 579/633, Grad Norms near zero: 12, Lx 0.2764, Lu 0.0977, Pentalty 0.4479, loss 0.4189
Epoch 9, Batch 580/633, Grad Norms near zero: 12, Lx 0.3101, Lu 0.0755, Pentalty 0.4800, loss 0.4336
Epoch 9, Batch 581/633, Grad Norms near zero: 12, Lx 0.3746, Lu 0.1353, Pentalty 0.4250, loss 0.5524
Epoch 9, Batch 582/633, Grad Norms near zero: 14, Lx 0.2525, Lu 0.0607, Pentalty 0.5551, loss 0.3687
Epoch 9, Batch 583/633, Grad Norms near zero: 12, Lx 0.3315, Lu 0.1185, Pentalty 0.4305, loss 0.4930
Epoch 9, Batch 584/633, Grad Norms near zero: 12, Lx 0.3716, Lu 0.1060, Pentalty 0.4747, loss 0.5251
Epoch 9, Batch 585/633, Grad Norms near zero: 12, Lx 0.2735, Lu 0.0554, Pentalty 0.5335, loss 0.3822
Epoch 9, Batch 586/633, Grad Norms near zero: 12, Lx 0.3305, Lu 0.1385, Pentalty 0.4188, loss 0.5109
Epoch 9, Batch 587/633, Grad Norms near zero: 13, Lx 0.3885, Lu 0.1350, Pentalty 0.4217, loss 0.5657
Epoch 9, Batch 588/633, Grad Norms near zero: 13, Lx 0.2426, Lu 0.0466, Pentalty 0.6394, loss 0.3532
Epoch 9, Batch 589/633, Grad Norms near zero: 13, Lx 0.3301, Lu 0.0689, Pentalty 0.5503, loss 0.4540
Epoch 9, Batch 590/633, Grad Norms near zero: 13, Lx 0.2969, Lu 0.1060, Pentalty 0.4841, loss 0.4513
Epoch 9, Batch 591/633, Grad Norms near zero: 12, Lx 0.3684, Lu 0.0887, Pentalty 0.5256, loss 0.5097
Epoch 9, Batch 592/633, Grad Norms near zero: 12, Lx 0.3234, Lu 0.0866, Pentalty 0.5097, loss 0.4610
Epoch 9, Batch 593/633, Grad Norms near zero: 13, Lx 0.3699, Lu 0.1253, Pentalty 0.4490, loss 0.5401
Epoch 9, Batch 594/633, Grad Norms near zero: 12, Lx 0.3709, Lu 0.1174, Pentalty 0.4948, loss 0.5377
Epoch 9, Batch 595/633, Grad Norms near zero: 12, Lx 0.2195, Lu 0.0394, Pentalty 0.6407, loss 0.3230
Epoch 9, Batch 596/633, Grad Norms near zero: 12, Lx 0.1054, Lu 0.0275, Pentalty 0.6947, loss 0.2023
Epoch 9, Batch 597/633, Grad Norms near zero: 12, Lx 0.2754, Lu 0.1485, Pentalty 0.4692, loss 0.4708
Epoch 9, Batch 598/633, Grad Norms near zero: 12, Lx 0.2595, Lu 0.0679, Pentalty 0.5303, loss 0.3804
Epoch 9, Batch 599/633, Grad Norms near zero: 12, Lx 0.2518, Lu 0.0464, Pentalty 0.5862, loss 0.3568
Epoch 9, Batch 600/633, Grad Norms near zero: 12, Lx 0.3087, Lu 0.0880, Pentalty 0.4670, loss 0.4434
Epoch 9, Batch 601/633, Grad Norms near zero: 13, Lx 0.2022, Lu 0.0294, Pentalty 0.6074, loss 0.2923
Epoch 9, Batch 602/633, Grad Norms near zero: 12, Lx 0.3778, Lu 0.1650, Pentalty 0.4401, loss 0.5868
Epoch 9, Batch 603/633, Grad Norms near zero: 12, Lx 0.3364, Lu 0.1093, Pentalty 0.4476, loss 0.4904
Epoch 9, Batch 604/633, Grad Norms near zero: 12, Lx 0.3698, Lu 0.1431, Pentalty 0.4212, loss 0.5550
Epoch 9, Batch 605/633, Grad Norms near zero: 13, Lx 0.3281, Lu 0.1185, Pentalty 0.4096, loss 0.4875
Epoch 9, Batch 606/633, Grad Norms near zero: 12, Lx 0.3446, Lu 0.0849, Pentalty 0.4623, loss 0.4756
Epoch 9, Batch 607/633, Grad Norms near zero: 12, Lx 0.3367, Lu 0.1521, Pentalty 0.3851, loss 0.5273
Epoch 9, Batch 608/633, Grad Norms near zero: 12, Lx 0.3975, Lu 0.1222, Pentalty 0.4036, loss 0.5601
Epoch 9, Batch 609/633, Grad Norms near zero: 12, Lx 0.4029, Lu 0.1569, Pentalty 0.3782, loss 0.5977
Epoch 9, Batch 610/633, Grad Norms near zero: 12, Lx 0.3167, Lu 0.1653, Pentalty 0.3861, loss 0.5206
Epoch 9, Batch 611/633, Grad Norms near zero: 12, Lx 0.2994, Lu 0.1206, Pentalty 0.4397, loss 0.4640
Epoch 9, Batch 612/633, Grad Norms near zero: 12, Lx 0.2929, Lu 0.1344, Pentalty 0.3857, loss 0.4659
Epoch 9, Batch 613/633, Grad Norms near zero: 12, Lx 0.3868, Lu 0.1107, Pentalty 0.4065, loss 0.5382
Epoch 9, Batch 614/633, Grad Norms near zero: 15, Lx 0.2049, Lu 0.0288, Pentalty 0.6390, loss 0.2975
Epoch 9, Batch 615/633, Grad Norms near zero: 12, Lx 0.1691, Lu 0.0285, Pentalty 0.6964, loss 0.2672
Epoch 9, Batch 616/633, Grad Norms near zero: 13, Lx 0.1918, Lu 0.0280, Pentalty 0.6917, loss 0.2890
Epoch 9, Batch 617/633, Grad Norms near zero: 13, Lx 0.2392, Lu 0.0445, Pentalty 0.6231, loss 0.3460
Epoch 9, Batch 618/633, Grad Norms near zero: 12, Lx 0.1548, Lu 0.0344, Pentalty 0.6095, loss 0.2502
Epoch 9, Batch 619/633, Grad Norms near zero: 13, Lx 0.3101, Lu 0.1312, Pentalty 0.4962, loss 0.4909
Epoch 9, Batch 620/633, Grad Norms near zero: 12, Lx 0.3786, Lu 0.1783, Pentalty 0.4780, loss 0.6047
Epoch 9, Batch 621/633, Grad Norms near zero: 12, Lx 0.2561, Lu 0.0476, Pentalty 0.5698, loss 0.3607
Epoch 9, Batch 622/633, Grad Norms near zero: 13, Lx 0.3399, Lu 0.1049, Pentalty 0.5562, loss 0.5005
Epoch 9, Batch 623/633, Grad Norms near zero: 13, Lx 0.1415, Lu 0.0194, Pentalty 0.7577, loss 0.2366
Epoch 9, Batch 624/633, Grad Norms near zero: 12, Lx 0.4531, Lu 0.1804, Pentalty 0.4948, loss 0.6830
Epoch 9, Batch 625/633, Grad Norms near zero: 14, Lx 0.1534, Lu 0.0220, Pentalty 0.7527, loss 0.2507
Epoch 9, Batch 626/633, Grad Norms near zero: 13, Lx 0.3079, Lu 0.1526, Pentalty 0.4615, loss 0.5067
Epoch 9, Batch 627/633, Grad Norms near zero: 12, Lx 0.3606, Lu 0.1734, Pentalty 0.4492, loss 0.5789
Epoch 9, Batch 628/633, Grad Norms near zero: 12, Lx 0.3418, Lu 0.1674, Pentalty 0.4344, loss 0.5527
Epoch 9, Batch 629/633, Grad Norms near zero: 13, Lx 0.3098, Lu 0.1198, Pentalty 0.4158, loss 0.4712
Epoch 9, Batch 630/633, Grad Norms near zero: 13, Lx 0.3496, Lu 0.1237, Pentalty 0.4155, loss 0.5148
Epoch 9, Batch 631/633, Grad Norms near zero: 12, Lx 0.2141, Lu 0.0524, Pentalty 0.5075, loss 0.3173
Epoch 9, Batch 632/633, Grad Norms near zero: 13, Lx 0.3747, Lu 0.1304, Pentalty 0.3811, loss 0.5433
Epoch 9, Batch 633/633, Grad Norms near zero: 12, Lx 0.3132, Lu 0.0444, Pentalty 0.4537, loss 0.4030
Training for Network 2
labelled data size: 19773
unlabelled data size: 20227
