Loading Yahoo train data from src/data/train/yahoo_train.csv
Yahoo train data loaded with 1400000 samples
Reduced Yahoo train data to 42000 samples
Loading Yahoo tratestin data from src/data/test/yahoo_test.csv
Yahoo test data loaded with 60000 samples
Injecting symmetric noise with ratio 0.5
Detected 10 classes: [0, 1, 2, 3, 4, 5, 6, 7, 8, 9]
Injected noise into 21000 samples.
Number of classes in Yahoo dataset: 10
Loading BERT model from bert-base-uncased
Setting up optimizers and losses...
Found warm-up-completed models
Training for Network 1
labelled data size: 11885
unlabelled data size: 30115
Epoch 10, Batch 1/372, Lx 2.8762, Lu 0.1359, Penalty 0.4169, loss 3.4290
Epoch 10, Batch 2/372, Lx 2.6185, Lu 0.1147, Penalty 0.1735, loss 2.9067
Epoch 10, Batch 3/372, Lx 2.4571, Lu 0.1345, Penalty 0.2598, loss 2.8514
Epoch 10, Batch 4/372, Lx 2.8100, Lu 0.1088, Penalty 0.0835, loss 3.0023
Epoch 10, Batch 5/372, Lx 2.5337, Lu 0.1252, Penalty 0.0507, loss 2.7096
Epoch 10, Batch 6/372, Lx 2.4237, Lu 0.1143, Penalty 0.0391, loss 2.5771
Epoch 10, Batch 7/372, Lx 2.4233, Lu 0.0813, Penalty 0.0297, loss 2.5343
Epoch 10, Batch 8/372, Lx 2.2861, Lu 0.1051, Penalty 0.1646, loss 2.5557
Epoch 10, Batch 9/372, Lx 2.3415, Lu 0.0972, Penalty 0.1006, loss 2.5393
Epoch 10, Batch 10/372, Lx 2.2922, Lu 0.0972, Penalty 0.1392, loss 2.5285
Epoch 10, Batch 11/372, Lx 2.3541, Lu 0.0783, Penalty 0.0600, loss 2.4924
Epoch 10, Batch 12/372, Lx 2.2994, Lu 0.0756, Penalty 0.0608, loss 2.4358
Epoch 10, Batch 13/372, Lx 2.1714, Lu 0.0917, Penalty 0.0669, loss 2.3300
Epoch 10, Batch 14/372, Lx 2.2470, Lu 0.0874, Penalty 0.0731, loss 2.4075
Epoch 10, Batch 15/372, Lx 2.1622, Lu 0.0627, Penalty 0.0862, loss 2.3111
Epoch 10, Batch 16/372, Lx 2.2833, Lu 0.0751, Penalty 0.0754, loss 2.4337
Epoch 10, Batch 17/372, Lx 2.2309, Lu 0.0642, Penalty 0.0687, loss 2.3639
Epoch 10, Batch 18/372, Lx 2.2050, Lu 0.0868, Penalty 0.0668, loss 2.3586
Epoch 10, Batch 19/372, Lx 2.2506, Lu 0.0532, Penalty 0.0544, loss 2.3582
Epoch 10, Batch 20/372, Lx 2.2664, Lu 0.0690, Penalty 0.0402, loss 2.3755
Epoch 10, Batch 21/372, Lx 2.2119, Lu 0.0769, Penalty 0.0364, loss 2.3252
Epoch 10, Batch 22/372, Lx 2.2333, Lu 0.0742, Penalty 0.0305, loss 2.3380
Epoch 10, Batch 23/372, Lx 2.1841, Lu 0.0689, Penalty 0.0351, loss 2.2881
Epoch 10, Batch 24/372, Lx 2.2399, Lu 0.0757, Penalty 0.0260, loss 2.3416
Epoch 10, Batch 25/372, Lx 2.1189, Lu 0.0656, Penalty 0.0281, loss 2.2126
Epoch 10, Batch 26/372, Lx 2.2392, Lu 0.0532, Penalty 0.0379, loss 2.3304
Epoch 10, Batch 27/372, Lx 2.2156, Lu 0.0627, Penalty 0.0367, loss 2.3149
Epoch 10, Batch 28/372, Lx 2.2186, Lu 0.0818, Penalty 0.0483, loss 2.3487
Epoch 10, Batch 29/372, Lx 2.2267, Lu 0.0864, Penalty 0.0511, loss 2.3642
Epoch 10, Batch 30/372, Lx 2.2683, Lu 0.0965, Penalty 0.0495, loss 2.4143
Epoch 10, Batch 31/372, Lx 2.2118, Lu 0.0573, Penalty 0.0458, loss 2.3149
Epoch 10, Batch 32/372, Lx 2.1725, Lu 0.0616, Penalty 0.0577, loss 2.2918
Epoch 10, Batch 33/372, Lx 2.1011, Lu 0.0765, Penalty 0.0580, loss 2.2355
Epoch 10, Batch 34/372, Lx 2.1761, Lu 0.0808, Penalty 0.0448, loss 2.3017
Epoch 10, Batch 35/372, Lx 2.0713, Lu 0.0522, Penalty 0.0517, loss 2.1752
Epoch 10, Batch 36/372, Lx 2.2160, Lu 0.0996, Penalty 0.0556, loss 2.3711
Epoch 10, Batch 37/372, Lx 2.1812, Lu 0.0747, Penalty 0.0613, loss 2.3171
Epoch 10, Batch 38/372, Lx 2.2004, Lu 0.0769, Penalty 0.0586, loss 2.3359
Epoch 10, Batch 39/372, Lx 2.1771, Lu 0.0749, Penalty 0.0628, loss 2.3148
Epoch 10, Batch 40/372, Lx 2.2275, Lu 0.0647, Penalty 0.0627, loss 2.3548
Epoch 10, Batch 41/372, Lx 2.1538, Lu 0.0769, Penalty 0.0550, loss 2.2857
Epoch 10, Batch 42/372, Lx 2.1915, Lu 0.0709, Penalty 0.0564, loss 2.3188
Epoch 10, Batch 43/372, Lx 2.1644, Lu 0.0717, Penalty 0.0500, loss 2.2860
Epoch 10, Batch 44/372, Lx 2.1660, Lu 0.0698, Penalty 0.0443, loss 2.2801
Epoch 10, Batch 45/372, Lx 2.1152, Lu 0.0825, Penalty 0.0414, loss 2.2391
Epoch 10, Batch 46/372, Lx 2.1491, Lu 0.0908, Penalty 0.0593, loss 2.2992
Epoch 10, Batch 47/372, Lx 2.2679, Lu 0.1108, Penalty 0.0344, loss 2.4131
Epoch 10, Batch 48/372, Lx 2.1855, Lu 0.0897, Penalty 0.0359, loss 2.3111
Epoch 10, Batch 49/372, Lx 2.1955, Lu 0.0876, Penalty 0.0329, loss 2.3161
Epoch 10, Batch 50/372, Lx 2.1602, Lu 0.0535, Penalty 0.0473, loss 2.2610
Epoch 10, Batch 51/372, Lx 2.1304, Lu 0.0820, Penalty 0.0421, loss 2.2545
Epoch 10, Batch 52/372, Lx 2.1873, Lu 0.0873, Penalty 0.0342, loss 2.3087
Epoch 10, Batch 53/372, Lx 2.1149, Lu 0.0710, Penalty 0.0369, loss 2.2228
Epoch 10, Batch 54/372, Lx 2.0872, Lu 0.0808, Penalty 0.0378, loss 2.2057
Epoch 10, Batch 55/372, Lx 2.1775, Lu 0.0811, Penalty 0.0286, loss 2.2872
Epoch 10, Batch 56/372, Lx 2.0859, Lu 0.0555, Penalty 0.0404, loss 2.1819
Epoch 10, Batch 57/372, Lx 2.2172, Lu 0.0835, Penalty 0.0455, loss 2.3463
Epoch 10, Batch 58/372, Lx 2.1855, Lu 0.1042, Penalty 0.0374, loss 2.3271
Epoch 10, Batch 59/372, Lx 2.2087, Lu 0.0819, Penalty 0.0365, loss 2.3272
Epoch 10, Batch 60/372, Lx 2.1565, Lu 0.0676, Penalty 0.0373, loss 2.2614
Epoch 10, Batch 61/372, Lx 2.1537, Lu 0.0441, Penalty 0.0350, loss 2.2328
Epoch 10, Batch 62/372, Lx 2.1330, Lu 0.0771, Penalty 0.0368, loss 2.2469
Epoch 10, Batch 63/372, Lx 2.0874, Lu 0.0712, Penalty 0.0389, loss 2.1975
Epoch 10, Batch 64/372, Lx 2.0691, Lu 0.0690, Penalty 0.0615, loss 2.1996
Epoch 10, Batch 65/372, Lx 2.1505, Lu 0.0731, Penalty 0.0386, loss 2.2621
Epoch 10, Batch 66/372, Lx 2.0087, Lu 0.0760, Penalty 0.0650, loss 2.1497
Epoch 10, Batch 67/372, Lx 2.1300, Lu 0.0808, Penalty 0.0518, loss 2.2626
Epoch 10, Batch 68/372, Lx 1.9879, Lu 0.0844, Penalty 0.0675, loss 2.1397
Epoch 10, Batch 69/372, Lx 2.0807, Lu 0.0959, Penalty 0.0519, loss 2.2285
Epoch 10, Batch 70/372, Lx 1.9672, Lu 0.0687, Penalty 0.0357, loss 2.0716
Epoch 10, Batch 71/372, Lx 2.1259, Lu 0.0859, Penalty 0.0351, loss 2.2468
Epoch 10, Batch 72/372, Lx 2.0232, Lu 0.0793, Penalty 0.0318, loss 2.1343
Epoch 10, Batch 73/372, Lx 2.0710, Lu 0.0778, Penalty 0.0304, loss 2.1792
Epoch 10, Batch 74/372, Lx 2.0063, Lu 0.0937, Penalty 0.0497, loss 2.1497
Epoch 10, Batch 75/372, Lx 2.1510, Lu 0.0843, Penalty 0.0318, loss 2.2672
Epoch 10, Batch 76/372, Lx 2.0628, Lu 0.0844, Penalty 0.0403, loss 2.1875
Epoch 10, Batch 77/372, Lx 1.9015, Lu 0.0508, Penalty 0.0516, loss 2.0039
Epoch 10, Batch 78/372, Lx 2.0372, Lu 0.0579, Penalty 0.0371, loss 2.1322
Epoch 10, Batch 79/372, Lx 1.9066, Lu 0.0630, Penalty 0.0538, loss 2.0235
Epoch 10, Batch 80/372, Lx 1.9478, Lu 0.0543, Penalty 0.0345, loss 2.0365
Epoch 10, Batch 81/372, Lx 1.7946, Lu 0.0573, Penalty 0.0381, loss 1.8900
Epoch 10, Batch 82/372, Lx 1.8069, Lu 0.0494, Penalty 0.0432, loss 1.8995
Epoch 10, Batch 83/372, Lx 1.9000, Lu 0.0701, Penalty 0.0428, loss 2.0129
Epoch 10, Batch 84/372, Lx 1.7833, Lu 0.0649, Penalty 0.0984, loss 1.9467
Epoch 10, Batch 85/372, Lx 1.8979, Lu 0.0982, Penalty 0.0626, loss 2.0587
Epoch 10, Batch 86/372, Lx 1.6960, Lu 0.0634, Penalty 0.0625, loss 1.8219
Epoch 10, Batch 87/372, Lx 1.9213, Lu 0.0965, Penalty 0.0808, loss 2.0987
Epoch 10, Batch 88/372, Lx 1.7806, Lu 0.0634, Penalty 0.0614, loss 1.9054
Epoch 10, Batch 89/372, Lx 1.8484, Lu 0.0700, Penalty 0.0515, loss 1.9699
Epoch 10, Batch 90/372, Lx 1.5056, Lu 0.0472, Penalty 0.0714, loss 1.6241
Epoch 10, Batch 91/372, Lx 1.7977, Lu 0.0710, Penalty 0.0502, loss 1.9189
Epoch 10, Batch 92/372, Lx 1.8230, Lu 0.0507, Penalty 0.0529, loss 1.9267
Epoch 10, Batch 93/372, Lx 1.6662, Lu 0.0526, Penalty 0.0565, loss 1.7754
Epoch 10, Batch 94/372, Lx 1.8926, Lu 0.0832, Penalty 0.1084, loss 2.0841
Epoch 10, Batch 95/372, Lx 1.8049, Lu 0.0719, Penalty 0.0776, loss 1.9544
Epoch 10, Batch 96/372, Lx 1.8013, Lu 0.0835, Penalty 0.1103, loss 1.9951
Epoch 10, Batch 97/372, Lx 1.6165, Lu 0.0729, Penalty 0.0752, loss 1.7646
Epoch 10, Batch 98/372, Lx 1.9948, Lu 0.0907, Penalty 0.0656, loss 2.1511
Epoch 10, Batch 99/372, Lx 1.4611, Lu 0.0756, Penalty 0.0422, loss 1.5789
Epoch 10, Batch 100/372, Lx 1.5401, Lu 0.0703, Penalty 0.0308, loss 1.6412
Epoch 10, Batch 101/372, Lx 2.0994, Lu 0.0885, Penalty 0.2363, loss 2.4241
Epoch 10, Batch 102/372, Lx 1.9966, Lu 0.1089, Penalty 0.0737, loss 2.1791
Epoch 10, Batch 103/372, Lx 1.6321, Lu 0.0710, Penalty 0.0434, loss 1.7465
Epoch 10, Batch 104/372, Lx 1.6592, Lu 0.0583, Penalty 0.0417, loss 1.7592
Epoch 10, Batch 105/372, Lx 1.7481, Lu 0.0716, Penalty 0.0407, loss 1.8603
Epoch 10, Batch 106/372, Lx 1.6098, Lu 0.0762, Penalty 0.0955, loss 1.7815
Epoch 10, Batch 107/372, Lx 2.0183, Lu 0.0918, Penalty 0.1038, loss 2.2139
Epoch 10, Batch 108/372, Lx 1.5817, Lu 0.0565, Penalty 0.0403, loss 1.6785
Epoch 10, Batch 109/372, Lx 1.6839, Lu 0.0838, Penalty 0.0824, loss 1.8501
Epoch 10, Batch 110/372, Lx 1.1894, Lu 0.0507, Penalty 0.1055, loss 1.3457
Epoch 10, Batch 111/372, Lx 1.8187, Lu 0.0908, Penalty 0.1075, loss 2.0170
Epoch 10, Batch 112/372, Lx 1.4143, Lu 0.0635, Penalty 0.1115, loss 1.5893
Epoch 10, Batch 113/372, Lx 1.7312, Lu 0.0747, Penalty 0.0801, loss 1.8860
Epoch 10, Batch 114/372, Lx 1.6183, Lu 0.0612, Penalty 0.0729, loss 1.7524
Epoch 10, Batch 115/372, Lx 1.5800, Lu 0.0667, Penalty 0.0941, loss 1.7407
Epoch 10, Batch 116/372, Lx 1.5904, Lu 0.0546, Penalty 0.0714, loss 1.7163
Epoch 10, Batch 117/372, Lx 1.3790, Lu 0.0426, Penalty 0.0946, loss 1.5162
Epoch 10, Batch 118/372, Lx 1.5644, Lu 0.0557, Penalty 0.0490, loss 1.6690
Epoch 10, Batch 119/372, Lx 1.4060, Lu 0.0505, Penalty 0.0708, loss 1.5272
Epoch 10, Batch 120/372, Lx 1.1282, Lu 0.0652, Penalty 0.0330, loss 1.2263
Epoch 10, Batch 121/372, Lx 1.5224, Lu 0.0643, Penalty 0.0410, loss 1.6277
Epoch 10, Batch 122/372, Lx 1.6464, Lu 0.0565, Penalty 0.0591, loss 1.7620
Epoch 10, Batch 123/372, Lx 1.6885, Lu 0.0879, Penalty 0.0590, loss 1.8354
Epoch 10, Batch 124/372, Lx 1.6759, Lu 0.0614, Penalty 0.0377, loss 1.7749
Epoch 10, Batch 125/372, Lx 1.6129, Lu 0.0798, Penalty 0.0511, loss 1.7438
Epoch 10, Batch 126/372, Lx 1.6155, Lu 0.0688, Penalty 0.0556, loss 1.7399
Epoch 10, Batch 127/372, Lx 1.6057, Lu 0.0657, Penalty 0.0340, loss 1.7054
Epoch 10, Batch 128/372, Lx 1.7598, Lu 0.0877, Penalty 0.0342, loss 1.8817
Epoch 10, Batch 129/372, Lx 1.4005, Lu 0.0732, Penalty 0.0218, loss 1.4954
Epoch 10, Batch 130/372, Lx 1.5635, Lu 0.0528, Penalty 0.0551, loss 1.6714
Epoch 10, Batch 131/372, Lx 1.4579, Lu 0.0572, Penalty 0.0583, loss 1.5733
Epoch 10, Batch 132/372, Lx 1.7346, Lu 0.0848, Penalty 0.0442, loss 1.8636
Epoch 10, Batch 133/372, Lx 1.6683, Lu 0.0546, Penalty 0.0680, loss 1.7908
Epoch 10, Batch 134/372, Lx 1.5072, Lu 0.0615, Penalty 0.0901, loss 1.6589
Epoch 10, Batch 135/372, Lx 1.6364, Lu 0.0655, Penalty 0.0879, loss 1.7898
Epoch 10, Batch 136/372, Lx 1.5231, Lu 0.0730, Penalty 0.0917, loss 1.6877
Epoch 10, Batch 137/372, Lx 1.5932, Lu 0.0687, Penalty 0.0465, loss 1.7085
Epoch 10, Batch 138/372, Lx 1.6260, Lu 0.0779, Penalty 0.0406, loss 1.7445
Epoch 10, Batch 139/372, Lx 1.4063, Lu 0.0490, Penalty 0.0689, loss 1.5241
Epoch 10, Batch 140/372, Lx 1.2489, Lu 0.0417, Penalty 0.0559, loss 1.3466
Epoch 10, Batch 141/372, Lx 1.5768, Lu 0.0405, Penalty 0.0521, loss 1.6693
Epoch 10, Batch 142/372, Lx 1.4728, Lu 0.0516, Penalty 0.0326, loss 1.5569
Epoch 10, Batch 143/372, Lx 1.5827, Lu 0.0553, Penalty 0.0301, loss 1.6680
Epoch 10, Batch 144/372, Lx 1.6036, Lu 0.0430, Penalty 0.0406, loss 1.6872
Epoch 10, Batch 145/372, Lx 1.6894, Lu 0.0751, Penalty 0.0758, loss 1.8403
Epoch 10, Batch 146/372, Lx 1.5604, Lu 0.0628, Penalty 0.0351, loss 1.6583
Epoch 10, Batch 147/372, Lx 1.5252, Lu 0.0610, Penalty 0.0534, loss 1.6396
Epoch 10, Batch 148/372, Lx 1.4357, Lu 0.0632, Penalty 0.1015, loss 1.6003
Epoch 10, Batch 149/372, Lx 1.4958, Lu 0.0694, Penalty 0.0701, loss 1.6352
Epoch 10, Batch 150/372, Lx 1.6267, Lu 0.0758, Penalty 0.0904, loss 1.7930
Epoch 10, Batch 151/372, Lx 1.6070, Lu 0.0886, Penalty 0.0653, loss 1.7610
Epoch 10, Batch 152/372, Lx 1.5850, Lu 0.0583, Penalty 0.1022, loss 1.7455
Epoch 10, Batch 153/372, Lx 1.6273, Lu 0.0897, Penalty 0.0457, loss 1.7627
Epoch 10, Batch 154/372, Lx 1.3381, Lu 0.0599, Penalty 0.0561, loss 1.4541
Epoch 10, Batch 155/372, Lx 1.5402, Lu 0.0710, Penalty 0.0650, loss 1.6762
Epoch 10, Batch 156/372, Lx 0.9772, Lu 0.0493, Penalty 0.0647, loss 1.0911
Epoch 10, Batch 157/372, Lx 1.4440, Lu 0.0629, Penalty 0.0500, loss 1.5568
Epoch 10, Batch 158/372, Lx 1.4203, Lu 0.0589, Penalty 0.0496, loss 1.5288
Epoch 10, Batch 159/372, Lx 1.6471, Lu 0.0620, Penalty 0.0596, loss 1.7688
Epoch 10, Batch 160/372, Lx 1.4570, Lu 0.0606, Penalty 0.0563, loss 1.5739
Epoch 10, Batch 161/372, Lx 1.6545, Lu 0.0592, Penalty 0.0646, loss 1.7783
Epoch 10, Batch 162/372, Lx 1.2292, Lu 0.0533, Penalty 0.0706, loss 1.3530
Epoch 10, Batch 163/372, Lx 1.2761, Lu 0.0601, Penalty 0.0678, loss 1.4040
Epoch 10, Batch 164/372, Lx 1.1742, Lu 0.0624, Penalty 0.0777, loss 1.3143
Epoch 10, Batch 165/372, Lx 1.3370, Lu 0.0799, Penalty 0.0700, loss 1.4869
Epoch 10, Batch 166/372, Lx 1.7057, Lu 0.0713, Penalty 0.0444, loss 1.8214
Epoch 10, Batch 167/372, Lx 1.3998, Lu 0.0511, Penalty 0.0648, loss 1.5157
Epoch 10, Batch 168/372, Lx 1.5170, Lu 0.0458, Penalty 0.0807, loss 1.6435
Epoch 10, Batch 169/372, Lx 1.4300, Lu 0.0725, Penalty 0.0358, loss 1.5383
Epoch 10, Batch 170/372, Lx 1.5777, Lu 0.0643, Penalty 0.1134, loss 1.7554
Epoch 10, Batch 171/372, Lx 1.5540, Lu 0.0741, Penalty 0.0737, loss 1.7017
Epoch 10, Batch 172/372, Lx 1.5073, Lu 0.0764, Penalty 0.0994, loss 1.6832
Epoch 10, Batch 173/372, Lx 1.4990, Lu 0.0594, Penalty 0.0443, loss 1.6027
Epoch 10, Batch 174/372, Lx 1.5423, Lu 0.0893, Penalty 0.0460, loss 1.6776
Epoch 10, Batch 175/372, Lx 1.4420, Lu 0.0547, Penalty 0.0306, loss 1.5274
Epoch 10, Batch 176/372, Lx 1.4956, Lu 0.0609, Penalty 0.0376, loss 1.5940
Epoch 10, Batch 177/372, Lx 1.6706, Lu 0.0622, Penalty 0.0358, loss 1.7687
Epoch 10, Batch 178/372, Lx 1.4335, Lu 0.0601, Penalty 0.0453, loss 1.5388
Epoch 10, Batch 179/372, Lx 1.1884, Lu 0.0430, Penalty 0.0787, loss 1.3101
Epoch 10, Batch 180/372, Lx 1.5846, Lu 0.0608, Penalty 0.0534, loss 1.6988
Epoch 10, Batch 181/372, Lx 1.2055, Lu 0.0429, Penalty 0.1025, loss 1.3509
Epoch 10, Batch 182/372, Lx 1.2116, Lu 0.0616, Penalty 0.1169, loss 1.3902
Epoch 10, Batch 183/372, Lx 1.4885, Lu 0.0685, Penalty 0.0434, loss 1.6005
Epoch 10, Batch 184/372, Lx 1.2872, Lu 0.0680, Penalty 0.0796, loss 1.4348
Epoch 10, Batch 185/372, Lx 1.5964, Lu 0.0741, Penalty 0.0295, loss 1.6999
Epoch 10, Batch 186/372, Lx 1.3387, Lu 0.0693, Penalty 0.0542, loss 1.4621
Epoch 10, Batch 187/372, Lx 1.3585, Lu 0.0525, Penalty 0.0347, loss 1.4458
Epoch 10, Batch 188/372, Lx 1.6449, Lu 0.0801, Penalty 0.0910, loss 1.8159
Epoch 10, Batch 189/372, Lx 1.5774, Lu 0.0748, Penalty 0.0369, loss 1.6891
Epoch 10, Batch 190/372, Lx 1.2478, Lu 0.0989, Penalty 0.0723, loss 1.4190
Epoch 10, Batch 191/372, Lx 1.3219, Lu 0.0770, Penalty 0.0810, loss 1.4799
Epoch 10, Batch 192/372, Lx 1.5526, Lu 0.0919, Penalty 0.1165, loss 1.7610
Epoch 10, Batch 193/372, Lx 1.3197, Lu 0.0659, Penalty 0.0767, loss 1.4623
Epoch 10, Batch 194/372, Lx 1.4199, Lu 0.0677, Penalty 0.0998, loss 1.5875
Epoch 10, Batch 195/372, Lx 1.4914, Lu 0.0594, Penalty 0.0528, loss 1.6035
Epoch 10, Batch 196/372, Lx 1.5786, Lu 0.0605, Penalty 0.1123, loss 1.7515
Epoch 10, Batch 197/372, Lx 1.4031, Lu 0.0574, Penalty 0.0543, loss 1.5148
Epoch 10, Batch 198/372, Lx 1.2121, Lu 0.0543, Penalty 0.0603, loss 1.3267
Epoch 10, Batch 199/372, Lx 1.4478, Lu 0.0521, Penalty 0.0894, loss 1.5893
Epoch 10, Batch 200/372, Lx 1.5016, Lu 0.0673, Penalty 0.0941, loss 1.6630
Epoch 10, Batch 201/372, Lx 1.5925, Lu 0.0562, Penalty 0.0781, loss 1.7269
Epoch 10, Batch 202/372, Lx 1.6062, Lu 0.0560, Penalty 0.0314, loss 1.6936
Epoch 10, Batch 203/372, Lx 1.5829, Lu 0.0727, Penalty 0.0617, loss 1.7173
Epoch 10, Batch 204/372, Lx 1.4910, Lu 0.0900, Penalty 0.0511, loss 1.6321
Epoch 10, Batch 205/372, Lx 1.5313, Lu 0.0699, Penalty 0.0377, loss 1.6389
Epoch 10, Batch 206/372, Lx 1.2815, Lu 0.0567, Penalty 0.0311, loss 1.3693
Epoch 10, Batch 207/372, Lx 1.4407, Lu 0.0747, Penalty 0.0890, loss 1.6045
Epoch 10, Batch 208/372, Lx 1.2316, Lu 0.0745, Penalty 0.0475, loss 1.3536
Epoch 10, Batch 209/372, Lx 1.1263, Lu 0.0616, Penalty 0.0400, loss 1.2280
Epoch 10, Batch 210/372, Lx 1.5063, Lu 0.0684, Penalty 0.0933, loss 1.6679
Epoch 10, Batch 211/372, Lx 1.7620, Lu 0.0797, Penalty 0.0564, loss 1.8981
Epoch 10, Batch 212/372, Lx 1.4089, Lu 0.0573, Penalty 0.0610, loss 1.5271
Epoch 10, Batch 213/372, Lx 1.5508, Lu 0.0638, Penalty 0.0814, loss 1.6960
Epoch 10, Batch 214/372, Lx 1.3797, Lu 0.0776, Penalty 0.0610, loss 1.5184
Epoch 10, Batch 215/372, Lx 1.3724, Lu 0.0691, Penalty 0.0851, loss 1.5265
Epoch 10, Batch 216/372, Lx 1.4174, Lu 0.0585, Penalty 0.1575, loss 1.6335
Epoch 10, Batch 217/372, Lx 1.5232, Lu 0.0558, Penalty 0.1438, loss 1.7228
Epoch 10, Batch 218/372, Lx 1.4462, Lu 0.0635, Penalty 0.1598, loss 1.6695
Epoch 10, Batch 219/372, Lx 1.3307, Lu 0.0494, Penalty 0.1008, loss 1.4809
Epoch 10, Batch 220/372, Lx 1.4547, Lu 0.0400, Penalty 0.1307, loss 1.6254
Epoch 10, Batch 221/372, Lx 1.5659, Lu 0.0770, Penalty 0.0376, loss 1.6805
Epoch 10, Batch 222/372, Lx 1.4719, Lu 0.0457, Penalty 0.1262, loss 1.6438
Epoch 10, Batch 223/372, Lx 1.5243, Lu 0.0511, Penalty 0.0697, loss 1.6451
Epoch 10, Batch 224/372, Lx 1.5606, Lu 0.0592, Penalty 0.0186, loss 1.6384
Epoch 10, Batch 225/372, Lx 1.7275, Lu 0.0854, Penalty 0.0238, loss 1.8368
Epoch 10, Batch 226/372, Lx 1.6200, Lu 0.0819, Penalty 0.0340, loss 1.7359
Epoch 10, Batch 227/372, Lx 1.3850, Lu 0.0536, Penalty 0.0937, loss 1.5323
Epoch 10, Batch 228/372, Lx 1.3444, Lu 0.0713, Penalty 0.0602, loss 1.4759
Epoch 10, Batch 229/372, Lx 1.1408, Lu 0.0612, Penalty 0.0555, loss 1.2575
Epoch 10, Batch 230/372, Lx 1.0895, Lu 0.0593, Penalty 0.0668, loss 1.2156
Epoch 10, Batch 231/372, Lx 1.3284, Lu 0.0439, Penalty 0.0503, loss 1.4227
Epoch 10, Batch 232/372, Lx 1.5552, Lu 0.0678, Penalty 0.0179, loss 1.6409
Epoch 10, Batch 233/372, Lx 1.7483, Lu 0.0890, Penalty 0.0596, loss 1.8969
Epoch 10, Batch 234/372, Lx 1.4795, Lu 0.0624, Penalty 0.0520, loss 1.5938
Epoch 10, Batch 235/372, Lx 1.6162, Lu 0.0552, Penalty 0.0481, loss 1.7195
Epoch 10, Batch 236/372, Lx 1.3934, Lu 0.0672, Penalty 0.0532, loss 1.5138
Epoch 10, Batch 237/372, Lx 1.4401, Lu 0.0563, Penalty 0.0512, loss 1.5476
Epoch 10, Batch 238/372, Lx 1.3622, Lu 0.0646, Penalty 0.0711, loss 1.4979
Epoch 10, Batch 239/372, Lx 1.4499, Lu 0.0558, Penalty 0.1305, loss 1.6363
Epoch 10, Batch 240/372, Lx 1.2508, Lu 0.0651, Penalty 0.0584, loss 1.3742
Epoch 10, Batch 241/372, Lx 1.4699, Lu 0.0572, Penalty 0.0663, loss 1.5934
Epoch 10, Batch 242/372, Lx 1.4837, Lu 0.0591, Penalty 0.0616, loss 1.6044
Epoch 10, Batch 243/372, Lx 1.1684, Lu 0.0555, Penalty 0.0441, loss 1.2679
Epoch 10, Batch 244/372, Lx 1.5358, Lu 0.0702, Penalty 0.0569, loss 1.6629
Epoch 10, Batch 245/372, Lx 1.5602, Lu 0.0579, Penalty 0.0836, loss 1.7017
Epoch 10, Batch 246/372, Lx 1.2564, Lu 0.0577, Penalty 0.0327, loss 1.3468
Epoch 10, Batch 247/372, Lx 1.3450, Lu 0.0581, Penalty 0.0515, loss 1.4546
Epoch 10, Batch 248/372, Lx 1.5520, Lu 0.0620, Penalty 0.0355, loss 1.6496
Epoch 10, Batch 249/372, Lx 1.5491, Lu 0.0825, Penalty 0.0466, loss 1.6783
Epoch 10, Batch 250/372, Lx 1.2216, Lu 0.0669, Penalty 0.0668, loss 1.3553
Epoch 10, Batch 251/372, Lx 1.2087, Lu 0.0681, Penalty 0.0395, loss 1.3163
Epoch 10, Batch 252/372, Lx 1.1293, Lu 0.0546, Penalty 0.1008, loss 1.2846
Epoch 10, Batch 253/372, Lx 1.4045, Lu 0.0747, Penalty 0.0797, loss 1.5590
Epoch 10, Batch 254/372, Lx 1.5920, Lu 0.0542, Penalty 0.0389, loss 1.6851
Epoch 10, Batch 255/372, Lx 1.3269, Lu 0.0585, Penalty 0.0676, loss 1.4530
Epoch 10, Batch 256/372, Lx 1.4201, Lu 0.0654, Penalty 0.0612, loss 1.5466
Epoch 10, Batch 257/372, Lx 1.4792, Lu 0.0550, Penalty 0.1101, loss 1.6442
Epoch 10, Batch 258/372, Lx 1.2233, Lu 0.0383, Penalty 0.0877, loss 1.3492
Epoch 10, Batch 259/372, Lx 1.2849, Lu 0.0475, Penalty 0.0567, loss 1.3892
Epoch 10, Batch 260/372, Lx 1.5234, Lu 0.0563, Penalty 0.0728, loss 1.6525
Epoch 10, Batch 261/372, Lx 1.5212, Lu 0.0660, Penalty 0.0748, loss 1.6620
Epoch 10, Batch 262/372, Lx 1.3530, Lu 0.0523, Penalty 0.0717, loss 1.4770
Epoch 10, Batch 263/372, Lx 1.4331, Lu 0.0520, Penalty 0.0646, loss 1.5497
Epoch 10, Batch 264/372, Lx 1.3353, Lu 0.0543, Penalty 0.0614, loss 1.4511
Epoch 10, Batch 265/372, Lx 1.5307, Lu 0.0486, Penalty 0.0643, loss 1.6436
Epoch 10, Batch 266/372, Lx 1.1108, Lu 0.0647, Penalty 0.0370, loss 1.2125
Epoch 10, Batch 267/372, Lx 1.3005, Lu 0.0594, Penalty 0.0534, loss 1.4132
Epoch 10, Batch 268/372, Lx 1.6960, Lu 0.0681, Penalty 0.0239, loss 1.7879
Epoch 10, Batch 269/372, Lx 1.3543, Lu 0.0563, Penalty 0.0661, loss 1.4767
Epoch 10, Batch 270/372, Lx 1.1818, Lu 0.0567, Penalty 0.1156, loss 1.3541
Epoch 10, Batch 271/372, Lx 1.3821, Lu 0.0580, Penalty 0.0769, loss 1.5170
Epoch 10, Batch 272/372, Lx 1.3806, Lu 0.0628, Penalty 0.0590, loss 1.5024
Epoch 10, Batch 273/372, Lx 1.4590, Lu 0.0658, Penalty 0.0547, loss 1.5796
Epoch 10, Batch 274/372, Lx 1.3405, Lu 0.0601, Penalty 0.0551, loss 1.4556
Epoch 10, Batch 275/372, Lx 1.4743, Lu 0.0639, Penalty 0.0541, loss 1.5923
Epoch 10, Batch 276/372, Lx 1.4012, Lu 0.0499, Penalty 0.1319, loss 1.5830
Epoch 10, Batch 277/372, Lx 1.5085, Lu 0.0439, Penalty 0.0900, loss 1.6424
Epoch 10, Batch 278/372, Lx 1.4009, Lu 0.0553, Penalty 0.0529, loss 1.5091
Epoch 10, Batch 279/372, Lx 1.3019, Lu 0.0528, Penalty 0.0680, loss 1.4226
Epoch 10, Batch 280/372, Lx 1.5324, Lu 0.0492, Penalty 0.0629, loss 1.6446
Epoch 10, Batch 281/372, Lx 1.4358, Lu 0.0562, Penalty 0.0587, loss 1.5507
Epoch 10, Batch 282/372, Lx 1.3816, Lu 0.0543, Penalty 0.0999, loss 1.5358
Epoch 10, Batch 283/372, Lx 1.2408, Lu 0.0546, Penalty 0.0839, loss 1.3794
Epoch 10, Batch 284/372, Lx 1.3188, Lu 0.0578, Penalty 0.0709, loss 1.4475
Epoch 10, Batch 285/372, Lx 1.3264, Lu 0.0518, Penalty 0.0559, loss 1.4341
Epoch 10, Batch 286/372, Lx 1.1870, Lu 0.0438, Penalty 0.0785, loss 1.3093
Epoch 10, Batch 287/372, Lx 1.0915, Lu 0.0739, Penalty 0.0920, loss 1.2573
Epoch 10, Batch 288/372, Lx 1.4824, Lu 0.0743, Penalty 0.0679, loss 1.6246
Epoch 10, Batch 289/372, Lx 1.5282, Lu 0.0587, Penalty 0.0427, loss 1.6296
Epoch 10, Batch 290/372, Lx 1.4239, Lu 0.0632, Penalty 0.0632, loss 1.5503
Epoch 10, Batch 291/372, Lx 1.3737, Lu 0.0531, Penalty 0.0365, loss 1.4632
Epoch 10, Batch 292/372, Lx 1.2395, Lu 0.0546, Penalty 0.0315, loss 1.3256
Epoch 10, Batch 293/372, Lx 1.4311, Lu 0.0518, Penalty 0.0317, loss 1.5146
Epoch 10, Batch 294/372, Lx 1.2234, Lu 0.0462, Penalty 0.0327, loss 1.3023
Epoch 10, Batch 295/372, Lx 1.2018, Lu 0.0482, Penalty 0.0545, loss 1.3044
Epoch 10, Batch 296/372, Lx 1.5421, Lu 0.0652, Penalty 0.0482, loss 1.6554
Epoch 10, Batch 297/372, Lx 1.3883, Lu 0.0350, Penalty 0.0654, loss 1.4887
Epoch 10, Batch 298/372, Lx 1.1665, Lu 0.0651, Penalty 0.1214, loss 1.3530
Epoch 10, Batch 299/372, Lx 1.3943, Lu 0.0591, Penalty 0.0998, loss 1.5532
Epoch 10, Batch 300/372, Lx 1.2450, Lu 0.0435, Penalty 0.0398, loss 1.3283
Epoch 10, Batch 301/372, Lx 1.2778, Lu 0.0615, Penalty 0.0377, loss 1.3770
Epoch 10, Batch 302/372, Lx 0.9957, Lu 0.0586, Penalty 0.0622, loss 1.1166
Epoch 10, Batch 303/372, Lx 1.3263, Lu 0.0529, Penalty 0.0448, loss 1.4240
Epoch 10, Batch 304/372, Lx 1.4406, Lu 0.0512, Penalty 0.0378, loss 1.5297
Epoch 10, Batch 305/372, Lx 1.3196, Lu 0.0482, Penalty 0.0718, loss 1.4395
Epoch 10, Batch 306/372, Lx 1.3043, Lu 0.0682, Penalty 0.0525, loss 1.4250
Epoch 10, Batch 307/372, Lx 1.2419, Lu 0.0693, Penalty 0.0717, loss 1.3830
Epoch 10, Batch 308/372, Lx 1.3990, Lu 0.0605, Penalty 0.0444, loss 1.5039
Epoch 10, Batch 309/372, Lx 1.4429, Lu 0.0499, Penalty 0.0958, loss 1.5886
Epoch 10, Batch 310/372, Lx 1.3270, Lu 0.0589, Penalty 0.0443, loss 1.4302
Epoch 10, Batch 311/372, Lx 1.3662, Lu 0.0543, Penalty 0.0466, loss 1.4671
Epoch 10, Batch 312/372, Lx 1.4325, Lu 0.0549, Penalty 0.1016, loss 1.5889
Epoch 10, Batch 313/372, Lx 1.4521, Lu 0.0562, Penalty 0.0357, loss 1.5441
Epoch 10, Batch 314/372, Lx 1.4095, Lu 0.0578, Penalty 0.0702, loss 1.5375
Epoch 10, Batch 315/372, Lx 1.3475, Lu 0.0492, Penalty 0.0969, loss 1.4935
Epoch 10, Batch 316/372, Lx 1.2533, Lu 0.0764, Penalty 0.0503, loss 1.3799
Epoch 10, Batch 317/372, Lx 1.4542, Lu 0.0621, Penalty 0.0928, loss 1.6091
Epoch 10, Batch 318/372, Lx 1.3416, Lu 0.0517, Penalty 0.0779, loss 1.4712
Epoch 10, Batch 319/372, Lx 1.3826, Lu 0.0594, Penalty 0.0859, loss 1.5279
Epoch 10, Batch 320/372, Lx 1.3271, Lu 0.0463, Penalty 0.0553, loss 1.4287
Epoch 10, Batch 321/372, Lx 1.5046, Lu 0.0774, Penalty 0.0715, loss 1.6535
Epoch 10, Batch 322/372, Lx 1.2769, Lu 0.0652, Penalty 0.1075, loss 1.4496
Epoch 10, Batch 323/372, Lx 1.1304, Lu 0.0466, Penalty 0.0929, loss 1.2699
Epoch 10, Batch 324/372, Lx 1.2351, Lu 0.0618, Penalty 0.0898, loss 1.3867
Epoch 10, Batch 325/372, Lx 1.4813, Lu 0.0664, Penalty 0.0312, loss 1.5790
Epoch 10, Batch 326/372, Lx 1.5942, Lu 0.0527, Penalty 0.0262, loss 1.6731
Epoch 10, Batch 327/372, Lx 1.4212, Lu 0.0515, Penalty 0.0229, loss 1.4957
Epoch 10, Batch 328/372, Lx 1.2082, Lu 0.0620, Penalty 0.0350, loss 1.3052
Epoch 10, Batch 329/372, Lx 1.5090, Lu 0.0641, Penalty 0.0560, loss 1.6291
Epoch 10, Batch 330/372, Lx 1.5544, Lu 0.0549, Penalty 0.0227, loss 1.6320
Epoch 10, Batch 331/372, Lx 1.4033, Lu 0.0579, Penalty 0.0813, loss 1.5425
Epoch 10, Batch 332/372, Lx 1.3526, Lu 0.0409, Penalty 0.0791, loss 1.4727
Epoch 10, Batch 333/372, Lx 1.4763, Lu 0.0561, Penalty 0.0655, loss 1.5978
Epoch 10, Batch 334/372, Lx 1.0613, Lu 0.0462, Penalty 0.2013, loss 1.3087
Epoch 10, Batch 335/372, Lx 1.2564, Lu 0.0467, Penalty 0.0768, loss 1.3799
Epoch 10, Batch 336/372, Lx 1.2527, Lu 0.0591, Penalty 0.0583, loss 1.3701
Epoch 10, Batch 337/372, Lx 1.2774, Lu 0.0454, Penalty 0.0739, loss 1.3967
Epoch 10, Batch 338/372, Lx 1.2852, Lu 0.0699, Penalty 0.0436, loss 1.3987
Epoch 10, Batch 339/372, Lx 1.3405, Lu 0.0468, Penalty 0.0237, loss 1.4110
Epoch 10, Batch 340/372, Lx 1.3497, Lu 0.0724, Penalty 0.0322, loss 1.4542
Epoch 10, Batch 341/372, Lx 1.1446, Lu 0.0716, Penalty 0.0423, loss 1.2585
Epoch 10, Batch 342/372, Lx 1.4139, Lu 0.0750, Penalty 0.0350, loss 1.5240
Epoch 10, Batch 343/372, Lx 1.3448, Lu 0.0642, Penalty 0.0441, loss 1.4531
Epoch 10, Batch 344/372, Lx 1.2595, Lu 0.0536, Penalty 0.0990, loss 1.4121
Epoch 10, Batch 345/372, Lx 1.3566, Lu 0.0647, Penalty 0.0679, loss 1.4893
Epoch 10, Batch 346/372, Lx 1.2352, Lu 0.0552, Penalty 0.0944, loss 1.3848
Epoch 10, Batch 347/372, Lx 1.1714, Lu 0.0526, Penalty 0.1139, loss 1.3378
Epoch 10, Batch 348/372, Lx 1.2573, Lu 0.0616, Penalty 0.0664, loss 1.3854
Epoch 10, Batch 349/372, Lx 1.2267, Lu 0.0711, Penalty 0.0642, loss 1.3621
Epoch 10, Batch 350/372, Lx 1.3885, Lu 0.0525, Penalty 0.0543, loss 1.4953
Epoch 10, Batch 351/372, Lx 1.2125, Lu 0.0635, Penalty 0.0652, loss 1.3413
Epoch 10, Batch 352/372, Lx 1.3853, Lu 0.0656, Penalty 0.0394, loss 1.4903
Epoch 10, Batch 353/372, Lx 1.2543, Lu 0.0624, Penalty 0.0740, loss 1.3907
Epoch 10, Batch 354/372, Lx 1.2603, Lu 0.0668, Penalty 0.0516, loss 1.3787
Epoch 10, Batch 355/372, Lx 1.4991, Lu 0.0586, Penalty 0.0850, loss 1.6427
Epoch 10, Batch 356/372, Lx 1.3990, Lu 0.0573, Penalty 0.0697, loss 1.5260
Epoch 10, Batch 357/372, Lx 1.4063, Lu 0.0602, Penalty 0.0707, loss 1.5372
Epoch 10, Batch 358/372, Lx 1.2712, Lu 0.0684, Penalty 0.0562, loss 1.3958
Epoch 10, Batch 359/372, Lx 1.5830, Lu 0.0677, Penalty 0.0481, loss 1.6988
Epoch 10, Batch 360/372, Lx 1.0476, Lu 0.0711, Penalty 0.0732, loss 1.1919
Epoch 10, Batch 361/372, Lx 1.2958, Lu 0.0648, Penalty 0.0503, loss 1.4110
Epoch 10, Batch 362/372, Lx 1.4048, Lu 0.0660, Penalty 0.1137, loss 1.5845
Epoch 10, Batch 363/372, Lx 1.4092, Lu 0.0414, Penalty 0.0717, loss 1.5223
Epoch 10, Batch 364/372, Lx 1.2600, Lu 0.0579, Penalty 0.1400, loss 1.4580
Epoch 10, Batch 365/372, Lx 1.3779, Lu 0.0464, Penalty 0.0770, loss 1.5013
Epoch 10, Batch 366/372, Lx 1.3370, Lu 0.0439, Penalty 0.1448, loss 1.5257
Epoch 10, Batch 367/372, Lx 0.9827, Lu 0.0592, Penalty 0.0669, loss 1.1088
Epoch 10, Batch 368/372, Lx 1.2245, Lu 0.0486, Penalty 0.0543, loss 1.3274
Epoch 10, Batch 369/372, Lx 1.1887, Lu 0.0676, Penalty 0.0410, loss 1.2973
Epoch 10, Batch 370/372, Lx 1.2935, Lu 0.0496, Penalty 0.0743, loss 1.4174
Epoch 10, Batch 371/372, Lx 1.0782, Lu 0.0478, Penalty 0.0386, loss 1.1645
Epoch 10, Batch 372/372, Lx 1.3121, Lu 0.0539, Penalty 0.0740, loss 1.4400
Loss: 1.7392, Lx: 1.6080, Lu: 0.0661, Penalty: 0.0651
Training for Network 2
labelled data size: 12232
unlabelled data size: 29768
Epoch 10, Batch 1/383, Lx 2.6837, Lu 0.1658, Penalty 0.2331, loss 3.0826
Epoch 10, Batch 2/383, Lx 2.6036, Lu 0.1704, Penalty 0.3040, loss 3.0780
Epoch 10, Batch 3/383, Lx 2.5151, Lu 0.1256, Penalty 0.1181, loss 2.7587
Epoch 10, Batch 4/383, Lx 3.1375, Lu 0.2334, Penalty 0.5209, loss 3.8918
Epoch 10, Batch 5/383, Lx 2.4704, Lu 0.1105, Penalty 0.1232, loss 2.7041
Epoch 10, Batch 6/383, Lx 2.5265, Lu 0.1644, Penalty 0.1119, loss 2.8028
Epoch 10, Batch 7/383, Lx 2.5053, Lu 0.1156, Penalty 0.1014, loss 2.7223
Epoch 10, Batch 8/383, Lx 2.4410, Lu 0.1191, Penalty 0.0982, loss 2.6583
Epoch 10, Batch 9/383, Lx 2.4010, Lu 0.0884, Penalty 0.1544, loss 2.6438
Epoch 10, Batch 10/383, Lx 2.3940, Lu 0.1219, Penalty 0.0721, loss 2.5881
Epoch 10, Batch 11/383, Lx 2.4455, Lu 0.1166, Penalty 0.0981, loss 2.6602
Epoch 10, Batch 12/383, Lx 2.3443, Lu 0.1161, Penalty 0.0936, loss 2.5540
Epoch 10, Batch 13/383, Lx 2.3253, Lu 0.0976, Penalty 0.0686, loss 2.4915
Epoch 10, Batch 14/383, Lx 2.3384, Lu 0.1164, Penalty 0.0602, loss 2.5149
Epoch 10, Batch 15/383, Lx 2.4332, Lu 0.0843, Penalty 0.0452, loss 2.5627
Epoch 10, Batch 16/383, Lx 2.3803, Lu 0.1001, Penalty 0.0440, loss 2.5243
Epoch 10, Batch 17/383, Lx 2.3121, Lu 0.1323, Penalty 0.0264, loss 2.4709
Epoch 10, Batch 18/383, Lx 2.2789, Lu 0.1160, Penalty 0.0253, loss 2.4203
Epoch 10, Batch 19/383, Lx 2.2522, Lu 0.1313, Penalty 0.0294, loss 2.4130
Epoch 10, Batch 20/383, Lx 2.3054, Lu 0.1229, Penalty 0.0801, loss 2.5085
Epoch 10, Batch 21/383, Lx 2.2329, Lu 0.0887, Penalty 0.0493, loss 2.3709
Epoch 10, Batch 22/383, Lx 2.3118, Lu 0.0943, Penalty 0.0972, loss 2.5032
Epoch 10, Batch 23/383, Lx 2.2489, Lu 0.0658, Penalty 0.0959, loss 2.4105
Epoch 10, Batch 24/383, Lx 2.2081, Lu 0.0674, Penalty 0.0593, loss 2.3348
Epoch 10, Batch 25/383, Lx 2.1629, Lu 0.0838, Penalty 0.0834, loss 2.3301
Epoch 10, Batch 26/383, Lx 2.3695, Lu 0.0932, Penalty 0.0690, loss 2.5316
Epoch 10, Batch 27/383, Lx 2.2257, Lu 0.0926, Penalty 0.0588, loss 2.3771
Epoch 10, Batch 28/383, Lx 2.2292, Lu 0.0812, Penalty 0.0551, loss 2.3654
Epoch 10, Batch 29/383, Lx 2.2396, Lu 0.0854, Penalty 0.0464, loss 2.3714
Epoch 10, Batch 30/383, Lx 2.2361, Lu 0.0843, Penalty 0.0374, loss 2.3578
Epoch 10, Batch 31/383, Lx 2.2893, Lu 0.1122, Penalty 0.0314, loss 2.4329
Epoch 10, Batch 32/383, Lx 2.2549, Lu 0.0891, Penalty 0.0290, loss 2.3730
Epoch 10, Batch 33/383, Lx 2.2491, Lu 0.0993, Penalty 0.0242, loss 2.3726
Epoch 10, Batch 34/383, Lx 2.2452, Lu 0.1167, Penalty 0.0233, loss 2.3852
Epoch 10, Batch 35/383, Lx 2.1230, Lu 0.0907, Penalty 0.0258, loss 2.2395
Epoch 10, Batch 36/383, Lx 2.2440, Lu 0.0964, Penalty 0.0293, loss 2.3697
Epoch 10, Batch 37/383, Lx 2.2255, Lu 0.1045, Penalty 0.0288, loss 2.3589
Epoch 10, Batch 38/383, Lx 2.2422, Lu 0.0891, Penalty 0.0312, loss 2.3625
Epoch 10, Batch 39/383, Lx 2.1776, Lu 0.0904, Penalty 0.0352, loss 2.3032
Epoch 10, Batch 40/383, Lx 2.2615, Lu 0.0896, Penalty 0.0377, loss 2.3888
Epoch 10, Batch 41/383, Lx 2.1882, Lu 0.1016, Penalty 0.0404, loss 2.3302
Epoch 10, Batch 42/383, Lx 2.2232, Lu 0.0769, Penalty 0.0408, loss 2.3410
Epoch 10, Batch 43/383, Lx 2.2408, Lu 0.0718, Penalty 0.0397, loss 2.3523
Epoch 10, Batch 44/383, Lx 2.2099, Lu 0.0977, Penalty 0.0396, loss 2.3472
Epoch 10, Batch 45/383, Lx 2.2178, Lu 0.1079, Penalty 0.0385, loss 2.3642
Epoch 10, Batch 46/383, Lx 2.2231, Lu 0.1127, Penalty 0.0368, loss 2.3726
Epoch 10, Batch 47/383, Lx 2.1951, Lu 0.0870, Penalty 0.0360, loss 2.3180
Epoch 10, Batch 48/383, Lx 2.1773, Lu 0.0816, Penalty 0.0340, loss 2.2930
Epoch 10, Batch 49/383, Lx 2.2346, Lu 0.1010, Penalty 0.0327, loss 2.3683
Epoch 10, Batch 50/383, Lx 2.1922, Lu 0.0940, Penalty 0.0320, loss 2.3181
Epoch 10, Batch 51/383, Lx 2.1747, Lu 0.0597, Penalty 0.0326, loss 2.2670
Epoch 10, Batch 52/383, Lx 2.2671, Lu 0.0973, Penalty 0.0296, loss 2.3940
Epoch 10, Batch 53/383, Lx 2.2197, Lu 0.0893, Penalty 0.0282, loss 2.3372
Epoch 10, Batch 54/383, Lx 2.1290, Lu 0.0765, Penalty 0.0301, loss 2.2356
Epoch 10, Batch 55/383, Lx 2.2700, Lu 0.0773, Penalty 0.0278, loss 2.3751
Epoch 10, Batch 56/383, Lx 2.2251, Lu 0.0795, Penalty 0.0290, loss 2.3336
Epoch 10, Batch 57/383, Lx 2.1676, Lu 0.0811, Penalty 0.0310, loss 2.2798
Epoch 10, Batch 58/383, Lx 2.1821, Lu 0.0769, Penalty 0.0336, loss 2.2927
Epoch 10, Batch 59/383, Lx 2.2714, Lu 0.0923, Penalty 0.0335, loss 2.3972
Epoch 10, Batch 60/383, Lx 2.2257, Lu 0.1054, Penalty 0.0361, loss 2.3672
Epoch 10, Batch 61/383, Lx 2.2125, Lu 0.0830, Penalty 0.0334, loss 2.3289
Epoch 10, Batch 62/383, Lx 2.2455, Lu 0.0891, Penalty 0.0338, loss 2.3684
Epoch 10, Batch 63/383, Lx 2.2311, Lu 0.0720, Penalty 0.0326, loss 2.3357
Epoch 10, Batch 64/383, Lx 2.2324, Lu 0.0921, Penalty 0.0305, loss 2.3550
Epoch 10, Batch 65/383, Lx 2.1898, Lu 0.0835, Penalty 0.0323, loss 2.3056
Epoch 10, Batch 66/383, Lx 2.1881, Lu 0.1171, Penalty 0.0309, loss 2.3362
Epoch 10, Batch 67/383, Lx 2.1988, Lu 0.1136, Penalty 0.0329, loss 2.3454
Epoch 10, Batch 68/383, Lx 2.2034, Lu 0.0759, Penalty 0.0357, loss 2.3150
Epoch 10, Batch 69/383, Lx 2.2161, Lu 0.1061, Penalty 0.0399, loss 2.3621
Epoch 10, Batch 70/383, Lx 2.1774, Lu 0.0876, Penalty 0.0452, loss 2.3102
Epoch 10, Batch 71/383, Lx 2.1588, Lu 0.1089, Penalty 0.0411, loss 2.3088
Epoch 10, Batch 72/383, Lx 2.2013, Lu 0.0842, Penalty 0.0469, loss 2.3324
Epoch 10, Batch 73/383, Lx 2.1004, Lu 0.1007, Penalty 0.0468, loss 2.2480
Epoch 10, Batch 74/383, Lx 2.1955, Lu 0.0988, Penalty 0.0525, loss 2.3468
Epoch 10, Batch 75/383, Lx 2.2695, Lu 0.0923, Penalty 0.0577, loss 2.4196
Epoch 10, Batch 76/383, Lx 2.2012, Lu 0.0681, Penalty 0.0573, loss 2.3266
Epoch 10, Batch 77/383, Lx 2.1944, Lu 0.0825, Penalty 0.0511, loss 2.3280
Epoch 10, Batch 78/383, Lx 2.1473, Lu 0.0787, Penalty 0.0352, loss 2.2612
Epoch 10, Batch 79/383, Lx 2.2084, Lu 0.1122, Penalty 0.0364, loss 2.3571
Epoch 10, Batch 80/383, Lx 2.2640, Lu 0.0903, Penalty 0.0286, loss 2.3828
Epoch 10, Batch 81/383, Lx 2.2244, Lu 0.1155, Penalty 0.0247, loss 2.3646
Epoch 10, Batch 82/383, Lx 2.1999, Lu 0.0985, Penalty 0.0212, loss 2.3196
Epoch 10, Batch 83/383, Lx 2.1638, Lu 0.0925, Penalty 0.0223, loss 2.2785
Epoch 10, Batch 84/383, Lx 2.1794, Lu 0.0773, Penalty 0.0193, loss 2.2760
Epoch 10, Batch 85/383, Lx 2.2118, Lu 0.0834, Penalty 0.0178, loss 2.3131
Epoch 10, Batch 86/383, Lx 2.1387, Lu 0.1088, Penalty 0.0234, loss 2.2708
Epoch 10, Batch 87/383, Lx 2.1698, Lu 0.1034, Penalty 0.0239, loss 2.2971
Epoch 10, Batch 88/383, Lx 2.1926, Lu 0.0893, Penalty 0.0395, loss 2.3214
Epoch 10, Batch 89/383, Lx 2.1950, Lu 0.1060, Penalty 0.0311, loss 2.3320
Epoch 10, Batch 90/383, Lx 2.1708, Lu 0.1002, Penalty 0.0404, loss 2.3115
Epoch 10, Batch 91/383, Lx 2.2091, Lu 0.1024, Penalty 0.0386, loss 2.3501
Epoch 10, Batch 92/383, Lx 2.1352, Lu 0.0997, Penalty 0.0353, loss 2.2702
Epoch 10, Batch 93/383, Lx 2.2182, Lu 0.1223, Penalty 0.0292, loss 2.3697
Epoch 10, Batch 94/383, Lx 1.9841, Lu 0.0697, Penalty 0.0346, loss 2.0884
Epoch 10, Batch 95/383, Lx 2.1243, Lu 0.0899, Penalty 0.0275, loss 2.2416
Epoch 10, Batch 96/383, Lx 2.1206, Lu 0.0908, Penalty 0.0397, loss 2.2511
Epoch 10, Batch 97/383, Lx 2.0684, Lu 0.0778, Penalty 0.0442, loss 2.1904
Epoch 10, Batch 98/383, Lx 2.0549, Lu 0.0914, Penalty 0.0500, loss 2.1963
Epoch 10, Batch 99/383, Lx 2.0428, Lu 0.1005, Penalty 0.0537, loss 2.1970
Epoch 10, Batch 100/383, Lx 1.9955, Lu 0.0886, Penalty 0.0486, loss 2.1328
Epoch 10, Batch 101/383, Lx 1.9956, Lu 0.0985, Penalty 0.0676, loss 2.1617
Epoch 10, Batch 102/383, Lx 2.0940, Lu 0.1039, Penalty 0.0605, loss 2.2585
Epoch 10, Batch 103/383, Lx 1.9608, Lu 0.0952, Penalty 0.0556, loss 2.1115
Epoch 10, Batch 104/383, Lx 2.1290, Lu 0.1067, Penalty 0.0532, loss 2.2889
Epoch 10, Batch 105/383, Lx 1.9379, Lu 0.0934, Penalty 0.0400, loss 2.0713
Epoch 10, Batch 106/383, Lx 2.0435, Lu 0.0811, Penalty 0.0768, loss 2.2014
Epoch 10, Batch 107/383, Lx 1.7493, Lu 0.0905, Penalty 0.0448, loss 1.8846
Epoch 10, Batch 108/383, Lx 1.8497, Lu 0.0749, Penalty 0.0359, loss 1.9606
Epoch 10, Batch 109/383, Lx 1.9474, Lu 0.0811, Penalty 0.0439, loss 2.0723
Epoch 10, Batch 110/383, Lx 1.8316, Lu 0.0804, Penalty 0.0470, loss 1.9590
Epoch 10, Batch 111/383, Lx 2.0536, Lu 0.1094, Penalty 0.0497, loss 2.2127
Epoch 10, Batch 112/383, Lx 2.0104, Lu 0.1148, Penalty 0.0659, loss 2.1912
Epoch 10, Batch 113/383, Lx 1.8726, Lu 0.0899, Penalty 0.0260, loss 1.9885
Epoch 10, Batch 114/383, Lx 1.7756, Lu 0.0858, Penalty 0.0451, loss 1.9064
Epoch 10, Batch 115/383, Lx 1.8467, Lu 0.0840, Penalty 0.0389, loss 1.9696
Epoch 10, Batch 116/383, Lx 1.9311, Lu 0.1000, Penalty 0.0467, loss 2.0778
Epoch 10, Batch 117/383, Lx 1.9167, Lu 0.0737, Penalty 0.0317, loss 2.0221
Epoch 10, Batch 118/383, Lx 1.8628, Lu 0.0874, Penalty 0.1042, loss 2.0544
Epoch 10, Batch 119/383, Lx 1.6215, Lu 0.0647, Penalty 0.0561, loss 1.7423
Epoch 10, Batch 120/383, Lx 1.8415, Lu 0.0860, Penalty 0.0519, loss 1.9793
Epoch 10, Batch 121/383, Lx 1.6032, Lu 0.0634, Penalty 0.0799, loss 1.7465
Epoch 10, Batch 122/383, Lx 1.6170, Lu 0.0687, Penalty 0.0914, loss 1.7771
Epoch 10, Batch 123/383, Lx 1.6378, Lu 0.0629, Penalty 0.0417, loss 1.7424
Epoch 10, Batch 124/383, Lx 1.4848, Lu 0.0634, Penalty 0.0323, loss 1.5804
Epoch 10, Batch 125/383, Lx 1.4504, Lu 0.0886, Penalty 0.0503, loss 1.5893
Epoch 10, Batch 126/383, Lx 1.6883, Lu 0.0824, Penalty 0.0863, loss 1.8570
Epoch 10, Batch 127/383, Lx 1.7795, Lu 0.0892, Penalty 0.0479, loss 1.9166
Epoch 10, Batch 128/383, Lx 1.6151, Lu 0.1070, Penalty 0.1003, loss 1.8223
Epoch 10, Batch 129/383, Lx 1.5401, Lu 0.0669, Penalty 0.0394, loss 1.6464
Epoch 10, Batch 130/383, Lx 1.4987, Lu 0.0794, Penalty 0.0645, loss 1.6427
Epoch 10, Batch 131/383, Lx 1.7645, Lu 0.0942, Penalty 0.0444, loss 1.9032
Epoch 10, Batch 132/383, Lx 1.7066, Lu 0.0996, Penalty 0.0606, loss 1.8668
Epoch 10, Batch 133/383, Lx 1.3943, Lu 0.0614, Penalty 0.0309, loss 1.4866
Epoch 10, Batch 134/383, Lx 1.6919, Lu 0.0808, Penalty 0.0630, loss 1.8358
Epoch 10, Batch 135/383, Lx 0.9052, Lu 0.0718, Penalty 0.0639, loss 1.0409
Epoch 10, Batch 136/383, Lx 1.6495, Lu 0.0652, Penalty 0.0472, loss 1.7619
Epoch 10, Batch 137/383, Lx 1.6547, Lu 0.0635, Penalty 0.0598, loss 1.7780
Epoch 10, Batch 138/383, Lx 1.7707, Lu 0.0936, Penalty 0.0500, loss 1.9144
Epoch 10, Batch 139/383, Lx 1.4578, Lu 0.0637, Penalty 0.0305, loss 1.5520
Epoch 10, Batch 140/383, Lx 1.6036, Lu 0.0769, Penalty 0.0473, loss 1.7277
Epoch 10, Batch 141/383, Lx 1.5993, Lu 0.0755, Penalty 0.0502, loss 1.7250
Epoch 10, Batch 142/383, Lx 1.7061, Lu 0.0930, Penalty 0.0586, loss 1.8577
Epoch 10, Batch 143/383, Lx 1.7614, Lu 0.0816, Penalty 0.0589, loss 1.9019
Epoch 10, Batch 144/383, Lx 1.8276, Lu 0.0922, Penalty 0.0295, loss 1.9492
Epoch 10, Batch 145/383, Lx 1.5453, Lu 0.0693, Penalty 0.0388, loss 1.6533
Epoch 10, Batch 146/383, Lx 1.7106, Lu 0.0878, Penalty 0.0868, loss 1.8853
Epoch 10, Batch 147/383, Lx 1.5748, Lu 0.0882, Penalty 0.0953, loss 1.7583
Epoch 10, Batch 148/383, Lx 1.7621, Lu 0.0762, Penalty 0.0841, loss 1.9224
Epoch 10, Batch 149/383, Lx 1.7582, Lu 0.0752, Penalty 0.0729, loss 1.9064
Epoch 10, Batch 150/383, Lx 1.6524, Lu 0.0709, Penalty 0.0556, loss 1.7789
Epoch 10, Batch 151/383, Lx 1.5887, Lu 0.0787, Penalty 0.0665, loss 1.7339
Epoch 10, Batch 152/383, Lx 1.6624, Lu 0.0854, Penalty 0.0585, loss 1.8063
Epoch 10, Batch 153/383, Lx 1.2385, Lu 0.0796, Penalty 0.0478, loss 1.3659
Epoch 10, Batch 154/383, Lx 1.5704, Lu 0.0806, Penalty 0.0320, loss 1.6831
Epoch 10, Batch 155/383, Lx 1.5661, Lu 0.0709, Penalty 0.1101, loss 1.7471
Epoch 10, Batch 156/383, Lx 1.6866, Lu 0.0833, Penalty 0.0604, loss 1.8302
Epoch 10, Batch 157/383, Lx 1.2475, Lu 0.0862, Penalty 0.0295, loss 1.3632
Epoch 10, Batch 158/383, Lx 1.6628, Lu 0.0843, Penalty 0.0686, loss 1.8157
Epoch 10, Batch 159/383, Lx 1.5159, Lu 0.0720, Penalty 0.0662, loss 1.6540
Epoch 10, Batch 160/383, Lx 1.2493, Lu 0.0712, Penalty 0.0381, loss 1.3586
Epoch 10, Batch 161/383, Lx 1.8224, Lu 0.0878, Penalty 0.0300, loss 1.9402
Epoch 10, Batch 162/383, Lx 1.6967, Lu 0.0822, Penalty 0.0246, loss 1.8035
Epoch 10, Batch 163/383, Lx 1.6306, Lu 0.0679, Penalty 0.0352, loss 1.7338
Epoch 10, Batch 164/383, Lx 1.3846, Lu 0.0449, Penalty 0.0717, loss 1.5013
Epoch 10, Batch 165/383, Lx 1.4131, Lu 0.0685, Penalty 0.1141, loss 1.5958
Epoch 10, Batch 166/383, Lx 1.4666, Lu 0.0805, Penalty 0.0578, loss 1.6049
Epoch 10, Batch 167/383, Lx 1.4774, Lu 0.0532, Penalty 0.0687, loss 1.5993
Epoch 10, Batch 168/383, Lx 1.4551, Lu 0.0519, Penalty 0.0635, loss 1.5705
Epoch 10, Batch 169/383, Lx 0.8935, Lu 0.0808, Penalty 0.0602, loss 1.0345
Epoch 10, Batch 170/383, Lx 1.3394, Lu 0.0570, Penalty 0.0657, loss 1.4621
Epoch 10, Batch 171/383, Lx 1.6839, Lu 0.0754, Penalty 0.0577, loss 1.8170
Epoch 10, Batch 172/383, Lx 1.3530, Lu 0.0834, Penalty 0.0514, loss 1.4878
Epoch 10, Batch 173/383, Lx 1.5673, Lu 0.0843, Penalty 0.0589, loss 1.7105
Epoch 10, Batch 174/383, Lx 1.6220, Lu 0.0640, Penalty 0.0628, loss 1.7489
Epoch 10, Batch 175/383, Lx 1.4068, Lu 0.0749, Penalty 0.1048, loss 1.5865
Epoch 10, Batch 176/383, Lx 1.5024, Lu 0.0850, Penalty 0.1050, loss 1.6924
Epoch 10, Batch 177/383, Lx 1.3919, Lu 0.0611, Penalty 0.0934, loss 1.5464
Epoch 10, Batch 178/383, Lx 1.3472, Lu 0.0531, Penalty 0.0858, loss 1.4862
Epoch 10, Batch 179/383, Lx 1.4046, Lu 0.0585, Penalty 0.1225, loss 1.5856
Epoch 10, Batch 180/383, Lx 1.6678, Lu 0.0627, Penalty 0.0409, loss 1.7715
Epoch 10, Batch 181/383, Lx 1.4772, Lu 0.0604, Penalty 0.0672, loss 1.6048
Epoch 10, Batch 182/383, Lx 1.6070, Lu 0.0639, Penalty 0.0683, loss 1.7392
Epoch 10, Batch 183/383, Lx 1.4905, Lu 0.0564, Penalty 0.0555, loss 1.6024
Epoch 10, Batch 184/383, Lx 1.5495, Lu 0.0769, Penalty 0.0140, loss 1.6403
Epoch 10, Batch 185/383, Lx 1.6267, Lu 0.0724, Penalty 0.0207, loss 1.7198
Epoch 10, Batch 186/383, Lx 1.4839, Lu 0.0749, Penalty 0.0171, loss 1.5759
Epoch 10, Batch 187/383, Lx 1.4091, Lu 0.0604, Penalty 0.0418, loss 1.5113
Epoch 10, Batch 188/383, Lx 1.5832, Lu 0.0849, Penalty 0.0585, loss 1.7266
Epoch 10, Batch 189/383, Lx 1.4584, Lu 0.0791, Penalty 0.0636, loss 1.6012
Epoch 10, Batch 190/383, Lx 1.4686, Lu 0.0692, Penalty 0.0407, loss 1.5786
Epoch 10, Batch 191/383, Lx 1.1813, Lu 0.0555, Penalty 0.0708, loss 1.3076
Epoch 10, Batch 192/383, Lx 1.6670, Lu 0.0709, Penalty 0.0497, loss 1.7876
Epoch 10, Batch 193/383, Lx 1.4793, Lu 0.0891, Penalty 0.0493, loss 1.6176
Epoch 10, Batch 194/383, Lx 1.5309, Lu 0.0695, Penalty 0.0786, loss 1.6790
Epoch 10, Batch 195/383, Lx 1.4970, Lu 0.0803, Penalty 0.1111, loss 1.6884
Epoch 10, Batch 196/383, Lx 1.5497, Lu 0.0793, Penalty 0.0473, loss 1.6763
Epoch 10, Batch 197/383, Lx 1.3749, Lu 0.0708, Penalty 0.0812, loss 1.5270
Epoch 10, Batch 198/383, Lx 1.5293, Lu 0.0573, Penalty 0.0847, loss 1.6713
Epoch 10, Batch 199/383, Lx 1.3004, Lu 0.0695, Penalty 0.0763, loss 1.4462
Epoch 10, Batch 200/383, Lx 1.2763, Lu 0.0547, Penalty 0.0988, loss 1.4298
Epoch 10, Batch 201/383, Lx 1.2582, Lu 0.0716, Penalty 0.0566, loss 1.3865
Epoch 10, Batch 202/383, Lx 1.4530, Lu 0.0741, Penalty 0.0499, loss 1.5770
Epoch 10, Batch 203/383, Lx 1.4308, Lu 0.0619, Penalty 0.1045, loss 1.5972
Epoch 10, Batch 204/383, Lx 1.4722, Lu 0.0537, Penalty 0.0294, loss 1.5553
Epoch 10, Batch 205/383, Lx 1.1546, Lu 0.0456, Penalty 0.0413, loss 1.2415
Epoch 10, Batch 206/383, Lx 1.5175, Lu 0.0639, Penalty 0.0210, loss 1.6024
Epoch 10, Batch 207/383, Lx 1.3956, Lu 0.0755, Penalty 0.0517, loss 1.5227
Epoch 10, Batch 208/383, Lx 1.3471, Lu 0.0533, Penalty 0.0377, loss 1.4381
Epoch 10, Batch 209/383, Lx 1.4919, Lu 0.0750, Penalty 0.0737, loss 1.6406
Epoch 10, Batch 210/383, Lx 1.4903, Lu 0.0698, Penalty 0.0261, loss 1.5862
Epoch 10, Batch 211/383, Lx 1.3952, Lu 0.0506, Penalty 0.0389, loss 1.4847
Epoch 10, Batch 212/383, Lx 1.2591, Lu 0.0581, Penalty 0.0212, loss 1.3384
Epoch 10, Batch 213/383, Lx 1.3797, Lu 0.0744, Penalty 0.0522, loss 1.5063
Epoch 10, Batch 214/383, Lx 1.3847, Lu 0.0639, Penalty 0.0431, loss 1.4918
Epoch 10, Batch 215/383, Lx 1.5380, Lu 0.0582, Penalty 0.0346, loss 1.6308
Epoch 10, Batch 216/383, Lx 1.3162, Lu 0.0484, Penalty 0.0398, loss 1.4044
Epoch 10, Batch 217/383, Lx 1.3902, Lu 0.0464, Penalty 0.0747, loss 1.5114
Epoch 10, Batch 218/383, Lx 1.1398, Lu 0.0483, Penalty 0.0838, loss 1.2718
Epoch 10, Batch 219/383, Lx 1.6074, Lu 0.0652, Penalty 0.0353, loss 1.7080
Epoch 10, Batch 220/383, Lx 1.2183, Lu 0.0545, Penalty 0.1021, loss 1.3749
Epoch 10, Batch 221/383, Lx 1.4525, Lu 0.0693, Penalty 0.0932, loss 1.6149
Epoch 10, Batch 222/383, Lx 1.3068, Lu 0.0636, Penalty 0.0764, loss 1.4468
Epoch 10, Batch 223/383, Lx 1.3878, Lu 0.0652, Penalty 0.0363, loss 1.4893
Epoch 10, Batch 224/383, Lx 1.3804, Lu 0.0750, Penalty 0.0415, loss 1.4969
Epoch 10, Batch 225/383, Lx 1.5930, Lu 0.0895, Penalty 0.0604, loss 1.7429
Epoch 10, Batch 226/383, Lx 1.3003, Lu 0.0487, Penalty 0.0353, loss 1.3842
Epoch 10, Batch 227/383, Lx 1.5269, Lu 0.0720, Penalty 0.0445, loss 1.6434
Epoch 10, Batch 228/383, Lx 1.3531, Lu 0.0603, Penalty 0.0251, loss 1.4385
Epoch 10, Batch 229/383, Lx 1.5153, Lu 0.0723, Penalty 0.0294, loss 1.6171
Epoch 10, Batch 230/383, Lx 1.4532, Lu 0.0630, Penalty 0.0457, loss 1.5619
Epoch 10, Batch 231/383, Lx 1.4863, Lu 0.0716, Penalty 0.0375, loss 1.5954
Epoch 10, Batch 232/383, Lx 1.0668, Lu 0.0829, Penalty 0.0329, loss 1.1827
Epoch 10, Batch 233/383, Lx 1.6334, Lu 0.0882, Penalty 0.0589, loss 1.7805
Epoch 10, Batch 234/383, Lx 1.5662, Lu 0.0863, Penalty 0.0435, loss 1.6959
Epoch 10, Batch 235/383, Lx 1.2204, Lu 0.0466, Penalty 0.0386, loss 1.3057
Epoch 10, Batch 236/383, Lx 1.5922, Lu 0.0708, Penalty 0.0621, loss 1.7251
Epoch 10, Batch 237/383, Lx 1.4628, Lu 0.0559, Penalty 0.0957, loss 1.6145
Epoch 10, Batch 238/383, Lx 1.4573, Lu 0.0864, Penalty 0.1223, loss 1.6661
Epoch 10, Batch 239/383, Lx 1.0494, Lu 0.0532, Penalty 0.1039, loss 1.2065
Epoch 10, Batch 240/383, Lx 1.6365, Lu 0.0653, Penalty 0.0389, loss 1.7407
Epoch 10, Batch 241/383, Lx 1.4958, Lu 0.0708, Penalty 0.0745, loss 1.6410
Epoch 10, Batch 242/383, Lx 1.4388, Lu 0.0642, Penalty 0.0539, loss 1.5569
Epoch 10, Batch 243/383, Lx 1.5574, Lu 0.0915, Penalty 0.0409, loss 1.6898
Epoch 10, Batch 244/383, Lx 1.4060, Lu 0.0614, Penalty 0.0451, loss 1.5126
Epoch 10, Batch 245/383, Lx 1.4106, Lu 0.0732, Penalty 0.0351, loss 1.5189
Epoch 10, Batch 246/383, Lx 1.4269, Lu 0.0664, Penalty 0.0909, loss 1.5843
Epoch 10, Batch 247/383, Lx 1.5434, Lu 0.0823, Penalty 0.0453, loss 1.6710
Epoch 10, Batch 248/383, Lx 1.4740, Lu 0.0702, Penalty 0.0173, loss 1.5616
Epoch 10, Batch 249/383, Lx 1.5220, Lu 0.0652, Penalty 0.0466, loss 1.6339
Epoch 10, Batch 250/383, Lx 1.3062, Lu 0.0557, Penalty 0.0510, loss 1.4130
Epoch 10, Batch 251/383, Lx 1.3091, Lu 0.0632, Penalty 0.0604, loss 1.4328
Epoch 10, Batch 252/383, Lx 1.5759, Lu 0.0771, Penalty 0.0617, loss 1.7147
Epoch 10, Batch 253/383, Lx 1.4784, Lu 0.0674, Penalty 0.0556, loss 1.6015
Epoch 10, Batch 254/383, Lx 1.3508, Lu 0.0511, Penalty 0.0402, loss 1.4421
Epoch 10, Batch 255/383, Lx 1.3479, Lu 0.0487, Penalty 0.0469, loss 1.4435
Epoch 10, Batch 256/383, Lx 1.5169, Lu 0.0649, Penalty 0.0463, loss 1.6281
Epoch 10, Batch 257/383, Lx 1.3617, Lu 0.0674, Penalty 0.0348, loss 1.4640
Epoch 10, Batch 258/383, Lx 1.6811, Lu 0.0855, Penalty 0.0409, loss 1.8075
Epoch 10, Batch 259/383, Lx 1.4347, Lu 0.0682, Penalty 0.0458, loss 1.5487
Epoch 10, Batch 260/383, Lx 1.4604, Lu 0.0678, Penalty 0.0492, loss 1.5774
Epoch 10, Batch 261/383, Lx 1.2633, Lu 0.0495, Penalty 0.0405, loss 1.3534
Epoch 10, Batch 262/383, Lx 1.3891, Lu 0.0527, Penalty 0.0493, loss 1.4911
Epoch 10, Batch 263/383, Lx 1.3508, Lu 0.0526, Penalty 0.0718, loss 1.4752
Epoch 10, Batch 264/383, Lx 1.4552, Lu 0.0545, Penalty 0.0409, loss 1.5506
Epoch 10, Batch 265/383, Lx 1.3346, Lu 0.0489, Penalty 0.0669, loss 1.4504
Epoch 10, Batch 266/383, Lx 1.0040, Lu 0.0659, Penalty 0.0717, loss 1.1416
Epoch 10, Batch 267/383, Lx 1.2632, Lu 0.0483, Penalty 0.0333, loss 1.3448
Epoch 10, Batch 268/383, Lx 1.4709, Lu 0.0589, Penalty 0.0500, loss 1.5799
Epoch 10, Batch 269/383, Lx 1.3533, Lu 0.0495, Penalty 0.0564, loss 1.4593
Epoch 10, Batch 270/383, Lx 1.4331, Lu 0.0723, Penalty 0.0438, loss 1.5492
Epoch 10, Batch 271/383, Lx 1.3776, Lu 0.0573, Penalty 0.0649, loss 1.4998
Epoch 10, Batch 272/383, Lx 1.4077, Lu 0.0652, Penalty 0.0845, loss 1.5574
Epoch 10, Batch 273/383, Lx 1.4263, Lu 0.0762, Penalty 0.0792, loss 1.5817
Epoch 10, Batch 274/383, Lx 1.5101, Lu 0.0695, Penalty 0.0401, loss 1.6198
Epoch 10, Batch 275/383, Lx 1.1649, Lu 0.0701, Penalty 0.0339, loss 1.2690
Epoch 10, Batch 276/383, Lx 1.4495, Lu 0.0649, Penalty 0.0769, loss 1.5912
Epoch 10, Batch 277/383, Lx 1.2042, Lu 0.0980, Penalty 0.0537, loss 1.3559
Epoch 10, Batch 278/383, Lx 1.5007, Lu 0.0714, Penalty 0.0430, loss 1.6151
Epoch 10, Batch 279/383, Lx 1.4227, Lu 0.0592, Penalty 0.0404, loss 1.5224
Epoch 10, Batch 280/383, Lx 1.2738, Lu 0.0634, Penalty 0.0496, loss 1.3868
Epoch 10, Batch 281/383, Lx 1.4921, Lu 0.0658, Penalty 0.0525, loss 1.6104
Epoch 10, Batch 282/383, Lx 1.3810, Lu 0.0613, Penalty 0.0408, loss 1.4830
Epoch 10, Batch 283/383, Lx 1.5722, Lu 0.0718, Penalty 0.0259, loss 1.6699
Epoch 10, Batch 284/383, Lx 1.4830, Lu 0.0547, Penalty 0.0231, loss 1.5608
Epoch 10, Batch 285/383, Lx 1.4647, Lu 0.0573, Penalty 0.0499, loss 1.5719
Epoch 10, Batch 286/383, Lx 1.4732, Lu 0.0560, Penalty 0.0656, loss 1.5948
Epoch 10, Batch 287/383, Lx 1.3623, Lu 0.0625, Penalty 0.0701, loss 1.4949
Epoch 10, Batch 288/383, Lx 1.5904, Lu 0.0738, Penalty 0.0179, loss 1.6820
Epoch 10, Batch 289/383, Lx 1.2808, Lu 0.0663, Penalty 0.0446, loss 1.3917
Epoch 10, Batch 290/383, Lx 1.4102, Lu 0.0649, Penalty 0.0600, loss 1.5351
Epoch 10, Batch 291/383, Lx 1.4100, Lu 0.0594, Penalty 0.0837, loss 1.5532
Epoch 10, Batch 292/383, Lx 1.4405, Lu 0.0663, Penalty 0.0491, loss 1.5559
Epoch 10, Batch 293/383, Lx 1.4265, Lu 0.0711, Penalty 0.0772, loss 1.5747
Epoch 10, Batch 294/383, Lx 1.2383, Lu 0.0632, Penalty 0.0586, loss 1.3600
Epoch 10, Batch 295/383, Lx 1.2708, Lu 0.0572, Penalty 0.0550, loss 1.3830
Epoch 10, Batch 296/383, Lx 1.3938, Lu 0.0540, Penalty 0.0568, loss 1.5046
Epoch 10, Batch 297/383, Lx 1.3991, Lu 0.0786, Penalty 0.0452, loss 1.5230
Epoch 10, Batch 298/383, Lx 1.3751, Lu 0.0582, Penalty 0.0503, loss 1.4836
Epoch 10, Batch 299/383, Lx 1.3724, Lu 0.0777, Penalty 0.0846, loss 1.5346
Epoch 10, Batch 300/383, Lx 0.9002, Lu 0.0562, Penalty 0.0749, loss 1.0312
Epoch 10, Batch 301/383, Lx 1.4389, Lu 0.0757, Penalty 0.0501, loss 1.5647
Epoch 10, Batch 302/383, Lx 1.1530, Lu 0.0706, Penalty 0.0594, loss 1.2830
Epoch 10, Batch 303/383, Lx 1.3663, Lu 0.0555, Penalty 0.0418, loss 1.4636
Epoch 10, Batch 304/383, Lx 1.2944, Lu 0.0611, Penalty 0.0509, loss 1.4064
Epoch 10, Batch 305/383, Lx 1.3189, Lu 0.0704, Penalty 0.0230, loss 1.4123
Epoch 10, Batch 306/383, Lx 1.3216, Lu 0.0514, Penalty 0.0449, loss 1.4179
Epoch 10, Batch 307/383, Lx 1.3879, Lu 0.0733, Penalty 0.0850, loss 1.5462
Epoch 10, Batch 308/383, Lx 1.2129, Lu 0.0520, Penalty 0.0590, loss 1.3239
Epoch 10, Batch 309/383, Lx 1.3867, Lu 0.0649, Penalty 0.0794, loss 1.5309
Epoch 10, Batch 310/383, Lx 1.3359, Lu 0.0695, Penalty 0.0403, loss 1.4457
Epoch 10, Batch 311/383, Lx 1.2260, Lu 0.0549, Penalty 0.0325, loss 1.3134
Epoch 10, Batch 312/383, Lx 1.4839, Lu 0.0741, Penalty 0.0460, loss 1.6040
Epoch 10, Batch 313/383, Lx 1.3256, Lu 0.0845, Penalty 0.0920, loss 1.5022
Epoch 10, Batch 314/383, Lx 1.1410, Lu 0.0676, Penalty 0.0397, loss 1.2483
Epoch 10, Batch 315/383, Lx 1.3208, Lu 0.0691, Penalty 0.0694, loss 1.4593
Epoch 10, Batch 316/383, Lx 1.3653, Lu 0.0736, Penalty 0.0594, loss 1.4983
Epoch 10, Batch 317/383, Lx 1.0556, Lu 0.0833, Penalty 0.0342, loss 1.1730
Epoch 10, Batch 318/383, Lx 1.4674, Lu 0.0586, Penalty 0.0315, loss 1.5576
Epoch 10, Batch 319/383, Lx 1.4332, Lu 0.0525, Penalty 0.0377, loss 1.5235
Epoch 10, Batch 320/383, Lx 1.2234, Lu 0.0503, Penalty 0.0733, loss 1.3470
Epoch 10, Batch 321/383, Lx 1.5093, Lu 0.0573, Penalty 0.0309, loss 1.5975
Epoch 10, Batch 322/383, Lx 1.2756, Lu 0.0526, Penalty 0.0195, loss 1.3477
Epoch 10, Batch 323/383, Lx 1.3424, Lu 0.0611, Penalty 0.0356, loss 1.4391
Epoch 10, Batch 324/383, Lx 1.2238, Lu 0.0537, Penalty 0.0612, loss 1.3387
Epoch 10, Batch 325/383, Lx 1.1714, Lu 0.0471, Penalty 0.0647, loss 1.2832
Epoch 10, Batch 326/383, Lx 1.3887, Lu 0.0601, Penalty 0.0385, loss 1.4873
Epoch 10, Batch 327/383, Lx 1.2447, Lu 0.0460, Penalty 0.0750, loss 1.3657
Epoch 10, Batch 328/383, Lx 1.1684, Lu 0.0585, Penalty 0.0589, loss 1.2858
Epoch 10, Batch 329/383, Lx 1.0643, Lu 0.0588, Penalty 0.0332, loss 1.1564
Epoch 10, Batch 330/383, Lx 1.5710, Lu 0.0677, Penalty 0.0385, loss 1.6772
Epoch 10, Batch 331/383, Lx 1.4352, Lu 0.0676, Penalty 0.0380, loss 1.5408
Epoch 10, Batch 332/383, Lx 1.3173, Lu 0.0798, Penalty 0.0434, loss 1.4405
Epoch 10, Batch 333/383, Lx 1.4689, Lu 0.0528, Penalty 0.0699, loss 1.5916
Epoch 10, Batch 334/383, Lx 1.1461, Lu 0.0816, Penalty 0.0374, loss 1.2651
Epoch 10, Batch 335/383, Lx 1.4089, Lu 0.0612, Penalty 0.0655, loss 1.5356
Epoch 10, Batch 336/383, Lx 1.3686, Lu 0.0705, Penalty 0.0647, loss 1.5038
Epoch 10, Batch 337/383, Lx 1.1496, Lu 0.0478, Penalty 0.0470, loss 1.2444
Epoch 10, Batch 338/383, Lx 1.4618, Lu 0.0523, Penalty 0.0413, loss 1.5554
Epoch 10, Batch 339/383, Lx 0.8134, Lu 0.0494, Penalty 0.0542, loss 0.9169
Epoch 10, Batch 340/383, Lx 1.2533, Lu 0.0623, Penalty 0.1060, loss 1.4216
Epoch 10, Batch 341/383, Lx 1.2210, Lu 0.0476, Penalty 0.0888, loss 1.3574
Epoch 10, Batch 342/383, Lx 1.3401, Lu 0.0654, Penalty 0.0589, loss 1.4644
Epoch 10, Batch 343/383, Lx 1.0865, Lu 0.0612, Penalty 0.0795, loss 1.2272
Epoch 10, Batch 344/383, Lx 1.4470, Lu 0.0597, Penalty 0.0826, loss 1.5892
Epoch 10, Batch 345/383, Lx 1.3091, Lu 0.0609, Penalty 0.0455, loss 1.4156
Epoch 10, Batch 346/383, Lx 1.4591, Lu 0.0740, Penalty 0.0485, loss 1.5816
Epoch 10, Batch 347/383, Lx 1.5142, Lu 0.0779, Penalty 0.0809, loss 1.6729
Epoch 10, Batch 348/383, Lx 1.3210, Lu 0.0595, Penalty 0.0901, loss 1.4705
Epoch 10, Batch 349/383, Lx 1.4141, Lu 0.0522, Penalty 0.0947, loss 1.5611
Epoch 10, Batch 350/383, Lx 1.1935, Lu 0.0505, Penalty 0.0448, loss 1.2888
Epoch 10, Batch 351/383, Lx 1.1280, Lu 0.0572, Penalty 0.0461, loss 1.2313
Epoch 10, Batch 352/383, Lx 1.5125, Lu 0.0544, Penalty 0.0646, loss 1.6315
Epoch 10, Batch 353/383, Lx 1.2190, Lu 0.0692, Penalty 0.0892, loss 1.3775
Epoch 10, Batch 354/383, Lx 1.4053, Lu 0.0622, Penalty 0.0565, loss 1.5241
Epoch 10, Batch 355/383, Lx 1.2466, Lu 0.0440, Penalty 0.0465, loss 1.3371
Epoch 10, Batch 356/383, Lx 1.2434, Lu 0.0657, Penalty 0.0586, loss 1.3677
Epoch 10, Batch 357/383, Lx 1.2574, Lu 0.0470, Penalty 0.0243, loss 1.3287
Epoch 10, Batch 358/383, Lx 1.0569, Lu 0.0708, Penalty 0.0490, loss 1.1766
Epoch 10, Batch 359/383, Lx 1.1721, Lu 0.0562, Penalty 0.0757, loss 1.3040
Epoch 10, Batch 360/383, Lx 1.2596, Lu 0.0617, Penalty 0.0455, loss 1.3668
Epoch 10, Batch 361/383, Lx 1.4677, Lu 0.0585, Penalty 0.0889, loss 1.6151
Epoch 10, Batch 362/383, Lx 1.3003, Lu 0.0651, Penalty 0.0634, loss 1.4288
Epoch 10, Batch 363/383, Lx 1.6280, Lu 0.0910, Penalty 0.0687, loss 1.7878
Epoch 10, Batch 364/383, Lx 1.4688, Lu 0.0735, Penalty 0.0975, loss 1.6397
Epoch 10, Batch 365/383, Lx 1.2967, Lu 0.0586, Penalty 0.0561, loss 1.4113
Epoch 10, Batch 366/383, Lx 1.3812, Lu 0.0548, Penalty 0.0726, loss 1.5085
Epoch 10, Batch 367/383, Lx 1.3940, Lu 0.0608, Penalty 0.0802, loss 1.5349
Epoch 10, Batch 368/383, Lx 1.5244, Lu 0.0618, Penalty 0.0384, loss 1.6246
Epoch 10, Batch 369/383, Lx 1.2874, Lu 0.0533, Penalty 0.0571, loss 1.3978
Epoch 10, Batch 370/383, Lx 1.4538, Lu 0.0606, Penalty 0.0388, loss 1.5533
Epoch 10, Batch 371/383, Lx 1.2376, Lu 0.0455, Penalty 0.0897, loss 1.3727
Epoch 10, Batch 372/383, Lx 1.4825, Lu 0.0592, Penalty 0.0284, loss 1.5700
Epoch 10, Batch 373/383, Lx 1.2988, Lu 0.0394, Penalty 0.0872, loss 1.4254
Epoch 10, Batch 374/383, Lx 1.4418, Lu 0.0501, Penalty 0.0687, loss 1.5606
Epoch 10, Batch 375/383, Lx 1.4572, Lu 0.0686, Penalty 0.0590, loss 1.5848
Epoch 10, Batch 376/383, Lx 1.2857, Lu 0.0579, Penalty 0.0380, loss 1.3815
Epoch 10, Batch 377/383, Lx 1.3005, Lu 0.0339, Penalty 0.0765, loss 1.4109
Epoch 10, Batch 378/383, Lx 1.3279, Lu 0.0678, Penalty 0.0362, loss 1.4319
Epoch 10, Batch 379/383, Lx 1.2767, Lu 0.0575, Penalty 0.0641, loss 1.3983
Epoch 10, Batch 380/383, Lx 1.0949, Lu 0.0521, Penalty 0.0718, loss 1.2189
Epoch 10, Batch 381/383, Lx 1.3124, Lu 0.0588, Penalty 0.0155, loss 1.3868
Epoch 10, Batch 382/383, Lx 1.4112, Lu 0.0639, Penalty 0.0674, loss 1.5425
Epoch 10, Batch 383/383, Lx 1.1710, Lu 0.0934, Penalty 0.1056, loss 1.3700
Loss: 1.7899, Lx: 1.6574, Lu: 0.0761, Penalty: 0.0563
Evaluating training data at epoch 10 for Model 1
Evaluating training data at epoch 10 for Model 2
Evaluating models at epoch 10
Test data size: 60000
Epoch: 10, Test Loss: 1.4432, Test Accuracy: 0.5697, Test F1 Score: 0.5501
Training for Network 1
labelled data size: 17080
unlabelled data size: 24920
Epoch 11, Batch 1/534, Lx 1.7335, Lu 0.1534, Penalty 0.0473, loss 1.9342
Epoch 11, Batch 2/534, Lx 1.3386, Lu 0.1179, Penalty 0.0409, loss 1.4974
Epoch 11, Batch 3/534, Lx 1.1389, Lu 0.1462, Penalty 0.0260, loss 1.3111
Epoch 11, Batch 4/534, Lx 1.6163, Lu 0.1626, Penalty 0.0721, loss 1.8511
Epoch 11, Batch 5/534, Lx 1.3032, Lu 0.0774, Penalty 0.0862, loss 1.4668
Epoch 11, Batch 6/534, Lx 1.5271, Lu 0.1141, Penalty 0.0469, loss 1.6881
Epoch 11, Batch 7/534, Lx 1.3691, Lu 0.0956, Penalty 0.1070, loss 1.5717
Epoch 11, Batch 8/534, Lx 1.4313, Lu 0.1146, Penalty 0.1034, loss 1.6493
Epoch 11, Batch 9/534, Lx 1.4924, Lu 0.1066, Penalty 0.0924, loss 1.6913
Epoch 11, Batch 10/534, Lx 1.5443, Lu 0.1219, Penalty 0.0664, loss 1.7326
Epoch 11, Batch 11/534, Lx 1.4211, Lu 0.1405, Penalty 0.0626, loss 1.6242
Epoch 11, Batch 12/534, Lx 1.5175, Lu 0.1356, Penalty 0.0841, loss 1.7373
Epoch 11, Batch 13/534, Lx 1.3499, Lu 0.1156, Penalty 0.0598, loss 1.5253
Epoch 11, Batch 14/534, Lx 1.4228, Lu 0.1188, Penalty 0.0496, loss 1.5911
Epoch 11, Batch 15/534, Lx 1.4393, Lu 0.1241, Penalty 0.0975, loss 1.6609
Epoch 11, Batch 16/534, Lx 1.1448, Lu 0.1212, Penalty 0.0396, loss 1.3055
Epoch 11, Batch 17/534, Lx 1.6167, Lu 0.1735, Penalty 0.0538, loss 1.8440
Epoch 11, Batch 18/534, Lx 1.5704, Lu 0.1103, Penalty 0.0408, loss 1.7216
Epoch 11, Batch 19/534, Lx 1.3427, Lu 0.1320, Penalty 0.0504, loss 1.5250
Epoch 11, Batch 20/534, Lx 1.6892, Lu 0.1546, Penalty 0.0489, loss 1.8928
Epoch 11, Batch 21/534, Lx 1.4149, Lu 0.1443, Penalty 0.0996, loss 1.6589
Epoch 11, Batch 22/534, Lx 1.5022, Lu 0.1319, Penalty 0.0779, loss 1.7120
Epoch 11, Batch 23/534, Lx 1.1690, Lu 0.1209, Penalty 0.0785, loss 1.3683
Epoch 11, Batch 24/534, Lx 1.5327, Lu 0.1125, Penalty 0.1504, loss 1.7956
Epoch 11, Batch 25/534, Lx 1.5609, Lu 0.1495, Penalty 0.0659, loss 1.7763
Epoch 11, Batch 26/534, Lx 1.3829, Lu 0.0834, Penalty 0.1139, loss 1.5802
Epoch 11, Batch 27/534, Lx 1.5860, Lu 0.1623, Penalty 0.0635, loss 1.8118
Epoch 11, Batch 28/534, Lx 1.5728, Lu 0.1079, Penalty 0.1289, loss 1.8096
Epoch 11, Batch 29/534, Lx 1.5545, Lu 0.1103, Penalty 0.0744, loss 1.7391
Epoch 11, Batch 30/534, Lx 1.2575, Lu 0.1289, Penalty 0.0441, loss 1.4305
Epoch 11, Batch 31/534, Lx 1.5739, Lu 0.0845, Penalty 0.1364, loss 1.7949
Epoch 11, Batch 32/534, Lx 1.4111, Lu 0.0953, Penalty 0.0431, loss 1.5495
Epoch 11, Batch 33/534, Lx 1.5290, Lu 0.1234, Penalty 0.0410, loss 1.6935
Epoch 11, Batch 34/534, Lx 1.5843, Lu 0.1302, Penalty 0.0582, loss 1.7728
Epoch 11, Batch 35/534, Lx 1.6019, Lu 0.1046, Penalty 0.0553, loss 1.7618
Epoch 11, Batch 36/534, Lx 1.5353, Lu 0.0903, Penalty 0.0577, loss 1.6833
Epoch 11, Batch 37/534, Lx 1.5073, Lu 0.1210, Penalty 0.0499, loss 1.6783
Epoch 11, Batch 38/534, Lx 1.4490, Lu 0.1270, Penalty 0.0929, loss 1.6689
Epoch 11, Batch 39/534, Lx 1.5599, Lu 0.1556, Penalty 0.0463, loss 1.7618
Epoch 11, Batch 40/534, Lx 1.4827, Lu 0.1134, Penalty 0.0685, loss 1.6646
Epoch 11, Batch 41/534, Lx 1.5648, Lu 0.1371, Penalty 0.0413, loss 1.7433
Epoch 11, Batch 42/534, Lx 1.4710, Lu 0.1053, Penalty 0.0702, loss 1.6465
Epoch 11, Batch 43/534, Lx 1.3396, Lu 0.0954, Penalty 0.0867, loss 1.5217
Epoch 11, Batch 44/534, Lx 1.4990, Lu 0.1228, Penalty 0.0883, loss 1.7100
Epoch 11, Batch 45/534, Lx 1.6624, Lu 0.1380, Penalty 0.0401, loss 1.8405
Epoch 11, Batch 46/534, Lx 1.5086, Lu 0.1373, Penalty 0.0916, loss 1.7375
Epoch 11, Batch 47/534, Lx 1.2705, Lu 0.1057, Penalty 0.1155, loss 1.4918
Epoch 11, Batch 48/534, Lx 1.2627, Lu 0.1214, Penalty 0.0742, loss 1.4583
Epoch 11, Batch 49/534, Lx 1.0463, Lu 0.1038, Penalty 0.0653, loss 1.2154
Epoch 11, Batch 50/534, Lx 1.5234, Lu 0.1574, Penalty 0.0827, loss 1.7635
Epoch 11, Batch 51/534, Lx 1.3824, Lu 0.1004, Penalty 0.0867, loss 1.5694
Epoch 11, Batch 52/534, Lx 1.6486, Lu 0.1715, Penalty 0.0416, loss 1.8617
Epoch 11, Batch 53/534, Lx 1.6126, Lu 0.1831, Penalty 0.0446, loss 1.8403
Epoch 11, Batch 54/534, Lx 0.9362, Lu 0.1081, Penalty 0.0831, loss 1.1274
Epoch 11, Batch 55/534, Lx 1.4365, Lu 0.1149, Penalty 0.0794, loss 1.6309
Epoch 11, Batch 56/534, Lx 1.4772, Lu 0.1231, Penalty 0.0529, loss 1.6532
Epoch 11, Batch 57/534, Lx 1.5104, Lu 0.1095, Penalty 0.0630, loss 1.6830
Epoch 11, Batch 58/534, Lx 1.3557, Lu 0.0956, Penalty 0.0862, loss 1.5375
Epoch 11, Batch 59/534, Lx 1.4389, Lu 0.0939, Penalty 0.1008, loss 1.6336
Epoch 11, Batch 60/534, Lx 1.3155, Lu 0.1061, Penalty 0.1076, loss 1.5291
Epoch 11, Batch 61/534, Lx 1.3943, Lu 0.1349, Penalty 0.0481, loss 1.5772
Epoch 11, Batch 62/534, Lx 1.2359, Lu 0.1015, Penalty 0.0561, loss 1.3935
Epoch 11, Batch 63/534, Lx 1.3492, Lu 0.1017, Penalty 0.0700, loss 1.5209
Epoch 11, Batch 64/534, Lx 1.4579, Lu 0.1173, Penalty 0.0714, loss 1.6467
Epoch 11, Batch 65/534, Lx 1.5438, Lu 0.1947, Penalty 0.0807, loss 1.8192
Epoch 11, Batch 66/534, Lx 1.5388, Lu 0.1046, Penalty 0.0499, loss 1.6933
Epoch 11, Batch 67/534, Lx 1.5532, Lu 0.1417, Penalty 0.0761, loss 1.7710
Epoch 11, Batch 68/534, Lx 1.6124, Lu 0.1208, Penalty 0.0565, loss 1.7898
Epoch 11, Batch 69/534, Lx 1.4268, Lu 0.1064, Penalty 0.0518, loss 1.5850
Epoch 11, Batch 70/534, Lx 1.5155, Lu 0.0981, Penalty 0.0931, loss 1.7067
Epoch 11, Batch 71/534, Lx 1.4389, Lu 0.0884, Penalty 0.0611, loss 1.5884
Epoch 11, Batch 72/534, Lx 1.4181, Lu 0.1421, Penalty 0.0343, loss 1.5945
Epoch 11, Batch 73/534, Lx 1.3411, Lu 0.1089, Penalty 0.0408, loss 1.4907
Epoch 11, Batch 74/534, Lx 1.4475, Lu 0.1524, Penalty 0.0479, loss 1.6479
Epoch 11, Batch 75/534, Lx 1.3576, Lu 0.1248, Penalty 0.1017, loss 1.5841
Epoch 11, Batch 76/534, Lx 1.3812, Lu 0.0993, Penalty 0.0940, loss 1.5745
Epoch 11, Batch 77/534, Lx 1.4522, Lu 0.1197, Penalty 0.0112, loss 1.5831
Epoch 11, Batch 78/534, Lx 1.1914, Lu 0.1005, Penalty 0.1099, loss 1.4018
Epoch 11, Batch 79/534, Lx 1.3073, Lu 0.1140, Penalty 0.0631, loss 1.4844
Epoch 11, Batch 80/534, Lx 1.3302, Lu 0.1042, Penalty 0.0788, loss 1.5131
Epoch 11, Batch 81/534, Lx 1.3922, Lu 0.1041, Penalty 0.0468, loss 1.5431
Epoch 11, Batch 82/534, Lx 1.1285, Lu 0.1230, Penalty 0.0432, loss 1.2948
Epoch 11, Batch 83/534, Lx 1.5202, Lu 0.1120, Penalty 0.1344, loss 1.7666
Epoch 11, Batch 84/534, Lx 1.2112, Lu 0.1434, Penalty 0.1019, loss 1.4565
Epoch 11, Batch 85/534, Lx 1.0989, Lu 0.1240, Penalty 0.1270, loss 1.3499
Epoch 11, Batch 86/534, Lx 1.6517, Lu 0.1232, Penalty 0.0712, loss 1.8460
Epoch 11, Batch 87/534, Lx 1.3156, Lu 0.1369, Penalty 0.0735, loss 1.5261
Epoch 11, Batch 88/534, Lx 1.4030, Lu 0.1104, Penalty 0.0201, loss 1.5335
Epoch 11, Batch 89/534, Lx 1.3795, Lu 0.0903, Penalty 0.0712, loss 1.5410
Epoch 11, Batch 90/534, Lx 1.4975, Lu 0.0738, Penalty 0.0462, loss 1.6175
Epoch 11, Batch 91/534, Lx 1.1046, Lu 0.1278, Penalty 0.0521, loss 1.2844
Epoch 11, Batch 92/534, Lx 1.5050, Lu 0.1015, Penalty 0.0936, loss 1.7000
Epoch 11, Batch 93/534, Lx 1.1720, Lu 0.1164, Penalty 0.0622, loss 1.3507
Epoch 11, Batch 94/534, Lx 1.4336, Lu 0.1289, Penalty 0.0396, loss 1.6021
Epoch 11, Batch 95/534, Lx 1.6744, Lu 0.1488, Penalty 0.0379, loss 1.8610
Epoch 11, Batch 96/534, Lx 1.3981, Lu 0.1172, Penalty 0.0417, loss 1.5569
Epoch 11, Batch 97/534, Lx 1.3586, Lu 0.1020, Penalty 0.0536, loss 1.5142
Epoch 11, Batch 98/534, Lx 1.4949, Lu 0.1302, Penalty 0.0570, loss 1.6821
Epoch 11, Batch 99/534, Lx 1.3821, Lu 0.1082, Penalty 0.0732, loss 1.5635
Epoch 11, Batch 100/534, Lx 1.3952, Lu 0.0968, Penalty 0.0383, loss 1.5303
Epoch 11, Batch 101/534, Lx 1.5157, Lu 0.1081, Penalty 0.1042, loss 1.7280
Epoch 11, Batch 102/534, Lx 1.4076, Lu 0.0999, Penalty 0.0803, loss 1.5878
Epoch 11, Batch 103/534, Lx 1.4900, Lu 0.1109, Penalty 0.0419, loss 1.6428
Epoch 11, Batch 104/534, Lx 1.5405, Lu 0.1280, Penalty 0.0631, loss 1.7315
Epoch 11, Batch 105/534, Lx 1.3896, Lu 0.1197, Penalty 0.0527, loss 1.5620
Epoch 11, Batch 106/534, Lx 1.5296, Lu 0.1507, Penalty 0.0685, loss 1.7488
Epoch 11, Batch 107/534, Lx 1.2897, Lu 0.1255, Penalty 0.0766, loss 1.4918
Epoch 11, Batch 108/534, Lx 1.4749, Lu 0.1080, Penalty 0.0519, loss 1.6349
Epoch 11, Batch 109/534, Lx 1.5847, Lu 0.1502, Penalty 0.0612, loss 1.7962
Epoch 11, Batch 110/534, Lx 1.4647, Lu 0.1137, Penalty 0.0378, loss 1.6162
Epoch 11, Batch 111/534, Lx 1.4942, Lu 0.1718, Penalty 0.0196, loss 1.6856
Epoch 11, Batch 112/534, Lx 1.4676, Lu 0.1325, Penalty 0.0390, loss 1.6391
Epoch 11, Batch 113/534, Lx 1.2736, Lu 0.0986, Penalty 0.0616, loss 1.4337
Epoch 11, Batch 114/534, Lx 1.3210, Lu 0.0884, Penalty 0.0686, loss 1.4780
Epoch 11, Batch 115/534, Lx 1.3075, Lu 0.1112, Penalty 0.0615, loss 1.4802
Epoch 11, Batch 116/534, Lx 1.3796, Lu 0.1068, Penalty 0.1140, loss 1.6004
Epoch 11, Batch 117/534, Lx 1.3858, Lu 0.1064, Penalty 0.0814, loss 1.5735
Epoch 11, Batch 118/534, Lx 1.3817, Lu 0.1034, Penalty 0.0883, loss 1.5734
Epoch 11, Batch 119/534, Lx 1.3317, Lu 0.1107, Penalty 0.0896, loss 1.5319
Epoch 11, Batch 120/534, Lx 1.3865, Lu 0.1020, Penalty 0.0638, loss 1.5523
Epoch 11, Batch 121/534, Lx 1.3059, Lu 0.0944, Penalty 0.0946, loss 1.4949
Epoch 11, Batch 122/534, Lx 1.3298, Lu 0.1016, Penalty 0.0808, loss 1.5122
Epoch 11, Batch 123/534, Lx 1.3778, Lu 0.0827, Penalty 0.0511, loss 1.5116
Epoch 11, Batch 124/534, Lx 1.5819, Lu 0.1074, Penalty 0.0650, loss 1.7544
Epoch 11, Batch 125/534, Lx 1.3263, Lu 0.0867, Penalty 0.0238, loss 1.4369
Epoch 11, Batch 126/534, Lx 1.3929, Lu 0.1314, Penalty 0.0272, loss 1.5515
Epoch 11, Batch 127/534, Lx 1.5212, Lu 0.1361, Penalty 0.0553, loss 1.7126
Epoch 11, Batch 128/534, Lx 1.3019, Lu 0.0984, Penalty 0.0385, loss 1.4387
Epoch 11, Batch 129/534, Lx 1.2967, Lu 0.1299, Penalty 0.0481, loss 1.4747
Epoch 11, Batch 130/534, Lx 1.4473, Lu 0.1187, Penalty 0.0354, loss 1.6014
Epoch 11, Batch 131/534, Lx 1.3827, Lu 0.1330, Penalty 0.1133, loss 1.6290
Epoch 11, Batch 132/534, Lx 1.4005, Lu 0.1326, Penalty 0.0682, loss 1.6013
Epoch 11, Batch 133/534, Lx 1.5654, Lu 0.1315, Penalty 0.0794, loss 1.7763
Epoch 11, Batch 134/534, Lx 1.2442, Lu 0.1043, Penalty 0.0788, loss 1.4273
Epoch 11, Batch 135/534, Lx 1.3807, Lu 0.0824, Penalty 0.0926, loss 1.5557
Epoch 11, Batch 136/534, Lx 1.5397, Lu 0.1234, Penalty 0.0887, loss 1.7518
Epoch 11, Batch 137/534, Lx 1.4741, Lu 0.1243, Penalty 0.1029, loss 1.7013
Epoch 11, Batch 138/534, Lx 1.4643, Lu 0.1015, Penalty 0.1055, loss 1.6713
Epoch 11, Batch 139/534, Lx 1.1548, Lu 0.0864, Penalty 0.0459, loss 1.2871
Epoch 11, Batch 140/534, Lx 1.4102, Lu 0.1059, Penalty 0.0888, loss 1.6049
Epoch 11, Batch 141/534, Lx 1.4831, Lu 0.1179, Penalty 0.0514, loss 1.6524
Epoch 11, Batch 142/534, Lx 1.1197, Lu 0.0931, Penalty 0.0755, loss 1.2884
Epoch 11, Batch 143/534, Lx 1.5743, Lu 0.0941, Penalty 0.1300, loss 1.7984
Epoch 11, Batch 144/534, Lx 1.5209, Lu 0.0914, Penalty 0.0675, loss 1.6798
Epoch 11, Batch 145/534, Lx 1.4050, Lu 0.1146, Penalty 0.0851, loss 1.6047
Epoch 11, Batch 146/534, Lx 1.4236, Lu 0.0881, Penalty 0.0504, loss 1.5622
Epoch 11, Batch 147/534, Lx 1.3361, Lu 0.1182, Penalty 0.0740, loss 1.5283
Epoch 11, Batch 148/534, Lx 1.5598, Lu 0.1360, Penalty 0.0702, loss 1.7661
Epoch 11, Batch 149/534, Lx 1.6546, Lu 0.1332, Penalty 0.0632, loss 1.8510
Epoch 11, Batch 150/534, Lx 1.6774, Lu 0.1324, Penalty 0.0344, loss 1.8441
Epoch 11, Batch 151/534, Lx 1.2743, Lu 0.1024, Penalty 0.0220, loss 1.3987
Epoch 11, Batch 152/534, Lx 1.4726, Lu 0.1088, Penalty 0.0471, loss 1.6286
Epoch 11, Batch 153/534, Lx 1.5366, Lu 0.1336, Penalty 0.0491, loss 1.7192
Epoch 11, Batch 154/534, Lx 1.4509, Lu 0.0920, Penalty 0.0865, loss 1.6293
Epoch 11, Batch 155/534, Lx 1.2987, Lu 0.0900, Penalty 0.0819, loss 1.4706
Epoch 11, Batch 156/534, Lx 1.0531, Lu 0.0923, Penalty 0.1111, loss 1.2565
Epoch 11, Batch 157/534, Lx 1.4066, Lu 0.1025, Penalty 0.0819, loss 1.5909
Epoch 11, Batch 158/534, Lx 1.5805, Lu 0.0965, Penalty 0.0694, loss 1.7465
Epoch 11, Batch 159/534, Lx 1.3774, Lu 0.1288, Penalty 0.0802, loss 1.5864
Epoch 11, Batch 160/534, Lx 1.5582, Lu 0.0996, Penalty 0.0489, loss 1.7066
Epoch 11, Batch 161/534, Lx 1.3165, Lu 0.1047, Penalty 0.0821, loss 1.5033
Epoch 11, Batch 162/534, Lx 1.5830, Lu 0.1467, Penalty 0.0752, loss 1.8049
Epoch 11, Batch 163/534, Lx 1.4572, Lu 0.1316, Penalty 0.0611, loss 1.6498
Epoch 11, Batch 164/534, Lx 1.3062, Lu 0.1012, Penalty 0.0420, loss 1.4494
Epoch 11, Batch 165/534, Lx 1.3571, Lu 0.0954, Penalty 0.0999, loss 1.5524
Epoch 11, Batch 166/534, Lx 1.3668, Lu 0.1123, Penalty 0.0554, loss 1.5344
Epoch 11, Batch 167/534, Lx 1.4325, Lu 0.1024, Penalty 0.0255, loss 1.5604
Epoch 11, Batch 168/534, Lx 1.3772, Lu 0.1185, Penalty 0.0441, loss 1.5397
Epoch 11, Batch 169/534, Lx 1.2788, Lu 0.1225, Penalty 0.0413, loss 1.4426
Epoch 11, Batch 170/534, Lx 1.3600, Lu 0.0957, Penalty 0.0541, loss 1.5097
Epoch 11, Batch 171/534, Lx 1.0174, Lu 0.1346, Penalty 0.1492, loss 1.3012
Epoch 11, Batch 172/534, Lx 1.3596, Lu 0.0979, Penalty 0.0522, loss 1.5097
Epoch 11, Batch 173/534, Lx 1.4362, Lu 0.1155, Penalty 0.0950, loss 1.6466
Epoch 11, Batch 174/534, Lx 1.4535, Lu 0.0989, Penalty 0.1114, loss 1.6639
Epoch 11, Batch 175/534, Lx 1.2946, Lu 0.0764, Penalty 0.0736, loss 1.4446
Epoch 11, Batch 176/534, Lx 1.5360, Lu 0.1579, Penalty 0.0735, loss 1.7674
Epoch 11, Batch 177/534, Lx 1.3055, Lu 0.1296, Penalty 0.0639, loss 1.4990
Epoch 11, Batch 178/534, Lx 1.4307, Lu 0.1020, Penalty 0.0404, loss 1.5731
Epoch 11, Batch 179/534, Lx 1.6728, Lu 0.1757, Penalty 0.0561, loss 1.9046
Epoch 11, Batch 180/534, Lx 1.4387, Lu 0.1222, Penalty 0.0395, loss 1.6004
Epoch 11, Batch 181/534, Lx 1.4537, Lu 0.0979, Penalty 0.0688, loss 1.6204
Epoch 11, Batch 182/534, Lx 1.4839, Lu 0.0988, Penalty 0.0688, loss 1.6514
Epoch 11, Batch 183/534, Lx 1.4948, Lu 0.0775, Penalty 0.0716, loss 1.6440
Epoch 11, Batch 184/534, Lx 1.3502, Lu 0.1384, Penalty 0.0559, loss 1.5445
Epoch 11, Batch 185/534, Lx 1.3089, Lu 0.1030, Penalty 0.1174, loss 1.5292
Epoch 11, Batch 186/534, Lx 1.3440, Lu 0.0959, Penalty 0.1343, loss 1.5743
Epoch 11, Batch 187/534, Lx 1.3397, Lu 0.0886, Penalty 0.0559, loss 1.4842
Epoch 11, Batch 188/534, Lx 1.4531, Lu 0.1110, Penalty 0.0675, loss 1.6317
Epoch 11, Batch 189/534, Lx 1.4692, Lu 0.1162, Penalty 0.0545, loss 1.6398
Epoch 11, Batch 190/534, Lx 1.5640, Lu 0.1100, Penalty 0.0398, loss 1.7138
Epoch 11, Batch 191/534, Lx 1.4038, Lu 0.0924, Penalty 0.0495, loss 1.5458
Epoch 11, Batch 192/534, Lx 1.2599, Lu 0.0996, Penalty 0.1114, loss 1.4709
Epoch 11, Batch 193/534, Lx 1.5340, Lu 0.1097, Penalty 0.0295, loss 1.6732
Epoch 11, Batch 194/534, Lx 1.3395, Lu 0.0880, Penalty 0.0606, loss 1.4881
Epoch 11, Batch 195/534, Lx 1.3440, Lu 0.1067, Penalty 0.0880, loss 1.5387
Epoch 11, Batch 196/534, Lx 1.3747, Lu 0.0883, Penalty 0.0557, loss 1.5186
Epoch 11, Batch 197/534, Lx 1.3911, Lu 0.0859, Penalty 0.0729, loss 1.5499
Epoch 11, Batch 198/534, Lx 1.4950, Lu 0.1148, Penalty 0.0651, loss 1.6748
Epoch 11, Batch 199/534, Lx 1.4034, Lu 0.0998, Penalty 0.1137, loss 1.6170
Epoch 11, Batch 200/534, Lx 1.4041, Lu 0.1269, Penalty 0.0904, loss 1.6214
Epoch 11, Batch 201/534, Lx 1.3236, Lu 0.1052, Penalty 0.0664, loss 1.4953
Epoch 11, Batch 202/534, Lx 1.5401, Lu 0.0816, Penalty 0.0380, loss 1.6597
Epoch 11, Batch 203/534, Lx 1.2456, Lu 0.1225, Penalty 0.0489, loss 1.4170
Epoch 11, Batch 204/534, Lx 1.3671, Lu 0.1177, Penalty 0.0224, loss 1.5072
Epoch 11, Batch 205/534, Lx 1.3254, Lu 0.1008, Penalty 0.0633, loss 1.4895
Epoch 11, Batch 206/534, Lx 1.5023, Lu 0.1030, Penalty 0.0332, loss 1.6385
Epoch 11, Batch 207/534, Lx 1.3949, Lu 0.1036, Penalty 0.0815, loss 1.5799
Epoch 11, Batch 208/534, Lx 1.3850, Lu 0.0858, Penalty 0.0391, loss 1.5099
Epoch 11, Batch 209/534, Lx 1.3988, Lu 0.1028, Penalty 0.0576, loss 1.5592
Epoch 11, Batch 210/534, Lx 1.2393, Lu 0.0897, Penalty 0.0420, loss 1.3710
Epoch 11, Batch 211/534, Lx 1.2475, Lu 0.1129, Penalty 0.0778, loss 1.4382
Epoch 11, Batch 212/534, Lx 1.4088, Lu 0.1376, Penalty 0.0503, loss 1.5967
Epoch 11, Batch 213/534, Lx 1.5958, Lu 0.0859, Penalty 0.0373, loss 1.7189
Epoch 11, Batch 214/534, Lx 1.4733, Lu 0.1527, Penalty 0.0519, loss 1.6779
Epoch 11, Batch 215/534, Lx 1.4344, Lu 0.1124, Penalty 0.0620, loss 1.6087
Epoch 11, Batch 216/534, Lx 1.3185, Lu 0.0993, Penalty 0.0439, loss 1.4617
Epoch 11, Batch 217/534, Lx 1.6502, Lu 0.1310, Penalty 0.0954, loss 1.8765
Epoch 11, Batch 218/534, Lx 1.6556, Lu 0.1635, Penalty 0.0684, loss 1.8875
Epoch 11, Batch 219/534, Lx 1.4215, Lu 0.0980, Penalty 0.0854, loss 1.6048
Epoch 11, Batch 220/534, Lx 1.3216, Lu 0.0705, Penalty 0.0652, loss 1.4573
Epoch 11, Batch 221/534, Lx 1.3331, Lu 0.0953, Penalty 0.1281, loss 1.5565
Epoch 11, Batch 222/534, Lx 1.2363, Lu 0.0782, Penalty 0.0809, loss 1.3954
Epoch 11, Batch 223/534, Lx 1.5601, Lu 0.1207, Penalty 0.0777, loss 1.7585
Epoch 11, Batch 224/534, Lx 1.4528, Lu 0.1118, Penalty 0.0924, loss 1.6570
Epoch 11, Batch 225/534, Lx 1.2956, Lu 0.0920, Penalty 0.1257, loss 1.5132
Epoch 11, Batch 226/534, Lx 1.6452, Lu 0.1480, Penalty 0.0431, loss 1.8363
Epoch 11, Batch 227/534, Lx 1.6061, Lu 0.1249, Penalty 0.0302, loss 1.7612
Epoch 11, Batch 228/534, Lx 1.2841, Lu 0.0806, Penalty 0.0530, loss 1.4176
Epoch 11, Batch 229/534, Lx 1.4193, Lu 0.1169, Penalty 0.1181, loss 1.6543
Epoch 11, Batch 230/534, Lx 1.5453, Lu 0.1365, Penalty 0.0631, loss 1.7450
Epoch 11, Batch 231/534, Lx 1.4765, Lu 0.1088, Penalty 0.0500, loss 1.6353
Epoch 11, Batch 232/534, Lx 1.4498, Lu 0.0974, Penalty 0.0770, loss 1.6242
Epoch 11, Batch 233/534, Lx 1.2842, Lu 0.1080, Penalty 0.0438, loss 1.4361
Epoch 11, Batch 234/534, Lx 1.4367, Lu 0.1399, Penalty 0.0697, loss 1.6463
Epoch 11, Batch 235/534, Lx 1.3741, Lu 0.1472, Penalty 0.0484, loss 1.5698
Epoch 11, Batch 236/534, Lx 1.1614, Lu 0.1101, Penalty 0.0627, loss 1.3342
Epoch 11, Batch 237/534, Lx 1.4393, Lu 0.1051, Penalty 0.0404, loss 1.5849
Epoch 11, Batch 238/534, Lx 1.4617, Lu 0.1132, Penalty 0.0360, loss 1.6109
Epoch 11, Batch 239/534, Lx 1.5124, Lu 0.1593, Penalty 0.0427, loss 1.7145
Epoch 11, Batch 240/534, Lx 1.4655, Lu 0.0955, Penalty 0.0789, loss 1.6399
Epoch 11, Batch 241/534, Lx 1.4838, Lu 0.1243, Penalty 0.0668, loss 1.6749
Epoch 11, Batch 242/534, Lx 1.5045, Lu 0.1051, Penalty 0.1287, loss 1.7383
Epoch 11, Batch 243/534, Lx 1.3640, Lu 0.1067, Penalty 0.0606, loss 1.5313
Epoch 11, Batch 244/534, Lx 1.4714, Lu 0.0821, Penalty 0.0582, loss 1.6117
Epoch 11, Batch 245/534, Lx 1.4718, Lu 0.1134, Penalty 0.0510, loss 1.6363
Epoch 11, Batch 246/534, Lx 1.4652, Lu 0.0849, Penalty 0.0891, loss 1.6392
Epoch 11, Batch 247/534, Lx 1.0765, Lu 0.1283, Penalty 0.1221, loss 1.3269
Epoch 11, Batch 248/534, Lx 1.4034, Lu 0.0841, Penalty 0.0654, loss 1.5529
Epoch 11, Batch 249/534, Lx 1.4767, Lu 0.1511, Penalty 0.0874, loss 1.7151
Epoch 11, Batch 250/534, Lx 1.6343, Lu 0.1114, Penalty 0.1093, loss 1.8550
Epoch 11, Batch 251/534, Lx 1.3181, Lu 0.1178, Penalty 0.0428, loss 1.4787
Epoch 11, Batch 252/534, Lx 1.5220, Lu 0.1167, Penalty 0.0563, loss 1.6951
Epoch 11, Batch 253/534, Lx 1.2198, Lu 0.1077, Penalty 0.0520, loss 1.3795
Epoch 11, Batch 254/534, Lx 1.3922, Lu 0.1441, Penalty 0.0616, loss 1.5980
Epoch 11, Batch 255/534, Lx 1.4078, Lu 0.1316, Penalty 0.0579, loss 1.5973
Epoch 11, Batch 256/534, Lx 1.2438, Lu 0.1013, Penalty 0.0681, loss 1.4131
Epoch 11, Batch 257/534, Lx 1.5073, Lu 0.1275, Penalty 0.0524, loss 1.6872
Epoch 11, Batch 258/534, Lx 1.4831, Lu 0.1358, Penalty 0.1233, loss 1.7423
Epoch 11, Batch 259/534, Lx 1.4636, Lu 0.1263, Penalty 0.0517, loss 1.6416
Epoch 11, Batch 260/534, Lx 1.4461, Lu 0.0744, Penalty 0.0906, loss 1.6111
Epoch 11, Batch 261/534, Lx 1.1023, Lu 0.0753, Penalty 0.1404, loss 1.3181
Epoch 11, Batch 262/534, Lx 1.1887, Lu 0.0937, Penalty 0.0425, loss 1.3249
Epoch 11, Batch 263/534, Lx 1.4214, Lu 0.0885, Penalty 0.0722, loss 1.5821
Epoch 11, Batch 264/534, Lx 1.3211, Lu 0.0935, Penalty 0.0545, loss 1.4691
Epoch 11, Batch 265/534, Lx 1.4302, Lu 0.1030, Penalty 0.0636, loss 1.5968
Epoch 11, Batch 266/534, Lx 1.3407, Lu 0.0833, Penalty 0.0811, loss 1.5051
Epoch 11, Batch 267/534, Lx 1.4300, Lu 0.1038, Penalty 0.0702, loss 1.6040
Epoch 11, Batch 268/534, Lx 1.5818, Lu 0.1239, Penalty 0.0681, loss 1.7737
Epoch 11, Batch 269/534, Lx 1.2348, Lu 0.1276, Penalty 0.0828, loss 1.4452
Epoch 11, Batch 270/534, Lx 1.5901, Lu 0.1191, Penalty 0.0272, loss 1.7363
Epoch 11, Batch 271/534, Lx 1.4927, Lu 0.1006, Penalty 0.0306, loss 1.6239
Epoch 11, Batch 272/534, Lx 1.4835, Lu 0.1201, Penalty 0.0504, loss 1.6541
Epoch 11, Batch 273/534, Lx 1.3625, Lu 0.1215, Penalty 0.0769, loss 1.5609
Epoch 11, Batch 274/534, Lx 1.2674, Lu 0.1582, Penalty 0.0460, loss 1.4716
Epoch 11, Batch 275/534, Lx 1.5467, Lu 0.1598, Penalty 0.0330, loss 1.7396
Epoch 11, Batch 276/534, Lx 1.5062, Lu 0.1463, Penalty 0.0654, loss 1.7179
Epoch 11, Batch 277/534, Lx 1.4660, Lu 0.1086, Penalty 0.0251, loss 1.5997
Epoch 11, Batch 278/534, Lx 1.5332, Lu 0.1125, Penalty 0.0472, loss 1.6929
Epoch 11, Batch 279/534, Lx 1.3148, Lu 0.1038, Penalty 0.1047, loss 1.5233
Epoch 11, Batch 280/534, Lx 1.4062, Lu 0.1029, Penalty 0.0787, loss 1.5878
Epoch 11, Batch 281/534, Lx 1.5477, Lu 0.1163, Penalty 0.0854, loss 1.7494
Epoch 11, Batch 282/534, Lx 1.7441, Lu 0.1425, Penalty 0.0385, loss 1.9251
Epoch 11, Batch 283/534, Lx 1.3985, Lu 0.0974, Penalty 0.0676, loss 1.5636
Epoch 11, Batch 284/534, Lx 1.4419, Lu 0.0953, Penalty 0.1486, loss 1.6858
Epoch 11, Batch 285/534, Lx 1.4290, Lu 0.0868, Penalty 0.0758, loss 1.5917
Epoch 11, Batch 286/534, Lx 1.3539, Lu 0.1107, Penalty 0.0473, loss 1.5119
Epoch 11, Batch 287/534, Lx 1.4514, Lu 0.1114, Penalty 0.0608, loss 1.6237
Epoch 11, Batch 288/534, Lx 1.3640, Lu 0.1048, Penalty 0.0729, loss 1.5417
Epoch 11, Batch 289/534, Lx 1.3280, Lu 0.0947, Penalty 0.0605, loss 1.4833
Epoch 11, Batch 290/534, Lx 1.4455, Lu 0.1322, Penalty 0.0831, loss 1.6607
Epoch 11, Batch 291/534, Lx 1.5506, Lu 0.1362, Penalty 0.0952, loss 1.7819
Epoch 11, Batch 292/534, Lx 1.2661, Lu 0.1560, Penalty 0.0730, loss 1.4951
Epoch 11, Batch 293/534, Lx 1.2973, Lu 0.1359, Penalty 0.0757, loss 1.5089
Epoch 11, Batch 294/534, Lx 1.3112, Lu 0.1042, Penalty 0.0232, loss 1.4387
Epoch 11, Batch 295/534, Lx 1.4341, Lu 0.0954, Penalty 0.0807, loss 1.6102
Epoch 11, Batch 296/534, Lx 1.4332, Lu 0.0747, Penalty 0.0589, loss 1.5668
Epoch 11, Batch 297/534, Lx 1.6294, Lu 0.1277, Penalty 0.0560, loss 1.8131
Epoch 11, Batch 298/534, Lx 1.3561, Lu 0.1065, Penalty 0.0717, loss 1.5343
Epoch 11, Batch 299/534, Lx 1.6020, Lu 0.1004, Penalty 0.0601, loss 1.7624
Epoch 11, Batch 300/534, Lx 1.2621, Lu 0.0841, Penalty 0.0933, loss 1.4395
Epoch 11, Batch 301/534, Lx 1.3456, Lu 0.1132, Penalty 0.0586, loss 1.5174
Epoch 11, Batch 302/534, Lx 1.2129, Lu 0.1102, Penalty 0.0830, loss 1.4060
Epoch 11, Batch 303/534, Lx 1.0728, Lu 0.0880, Penalty 0.0603, loss 1.2211
Epoch 11, Batch 304/534, Lx 1.5259, Lu 0.0962, Penalty 0.0676, loss 1.6897
Epoch 11, Batch 305/534, Lx 1.4382, Lu 0.1075, Penalty 0.0741, loss 1.6198
Epoch 11, Batch 306/534, Lx 1.5243, Lu 0.1357, Penalty 0.0758, loss 1.7358
Epoch 11, Batch 307/534, Lx 1.4268, Lu 0.0924, Penalty 0.0597, loss 1.5789
Epoch 11, Batch 308/534, Lx 1.3398, Lu 0.1004, Penalty 0.1050, loss 1.5452
Epoch 11, Batch 309/534, Lx 1.3821, Lu 0.0779, Penalty 0.0869, loss 1.5469
Epoch 11, Batch 310/534, Lx 1.3798, Lu 0.0885, Penalty 0.0873, loss 1.5556
Epoch 11, Batch 311/534, Lx 1.5227, Lu 0.1101, Penalty 0.0553, loss 1.6881
Epoch 11, Batch 312/534, Lx 1.3986, Lu 0.0949, Penalty 0.0506, loss 1.5440
Epoch 11, Batch 313/534, Lx 1.5009, Lu 0.1287, Penalty 0.1002, loss 1.7298
Epoch 11, Batch 314/534, Lx 1.4802, Lu 0.0948, Penalty 0.0172, loss 1.5921
Epoch 11, Batch 315/534, Lx 1.3174, Lu 0.1046, Penalty 0.0765, loss 1.4985
Epoch 11, Batch 316/534, Lx 1.5846, Lu 0.1256, Penalty 0.1591, loss 1.8693
Epoch 11, Batch 317/534, Lx 1.4033, Lu 0.0935, Penalty 0.1197, loss 1.6165
Epoch 11, Batch 318/534, Lx 1.5545, Lu 0.1161, Penalty 0.0504, loss 1.7210
Epoch 11, Batch 319/534, Lx 1.4880, Lu 0.0949, Penalty 0.0655, loss 1.6485
Epoch 11, Batch 320/534, Lx 1.4549, Lu 0.1013, Penalty 0.0537, loss 1.6100
Epoch 11, Batch 321/534, Lx 1.2108, Lu 0.1085, Penalty 0.0674, loss 1.3867
Epoch 11, Batch 322/534, Lx 1.4918, Lu 0.0834, Penalty 0.0762, loss 1.6515
Epoch 11, Batch 323/534, Lx 1.3288, Lu 0.1168, Penalty 0.0572, loss 1.5027
Epoch 11, Batch 324/534, Lx 1.5394, Lu 0.1204, Penalty 0.0678, loss 1.7276
Epoch 11, Batch 325/534, Lx 1.4123, Lu 0.0909, Penalty 0.0758, loss 1.5790
Epoch 11, Batch 326/534, Lx 1.3815, Lu 0.0970, Penalty 0.0959, loss 1.5744
Epoch 11, Batch 327/534, Lx 1.3724, Lu 0.0943, Penalty 0.0621, loss 1.5288
Epoch 11, Batch 328/534, Lx 1.1764, Lu 0.1255, Penalty 0.0504, loss 1.3523
Epoch 11, Batch 329/534, Lx 1.3441, Lu 0.1197, Penalty 0.0628, loss 1.5265
Epoch 11, Batch 330/534, Lx 1.4308, Lu 0.1077, Penalty 0.1056, loss 1.6441
Epoch 11, Batch 331/534, Lx 1.4883, Lu 0.0989, Penalty 0.0852, loss 1.6724
Epoch 11, Batch 332/534, Lx 1.4748, Lu 0.1336, Penalty 0.0533, loss 1.6617
Epoch 11, Batch 333/534, Lx 1.5020, Lu 0.1358, Penalty 0.0564, loss 1.6942
Epoch 11, Batch 334/534, Lx 1.4516, Lu 0.1568, Penalty 0.0519, loss 1.6604
Epoch 11, Batch 335/534, Lx 1.3902, Lu 0.1072, Penalty 0.0514, loss 1.5488
Epoch 11, Batch 336/534, Lx 1.3808, Lu 0.1097, Penalty 0.0405, loss 1.5310
Epoch 11, Batch 337/534, Lx 1.3107, Lu 0.0965, Penalty 0.0613, loss 1.4686
Epoch 11, Batch 338/534, Lx 1.6401, Lu 0.1464, Penalty 0.0201, loss 1.8066
Epoch 11, Batch 339/534, Lx 1.4729, Lu 0.1437, Penalty 0.0261, loss 1.6427
Epoch 11, Batch 340/534, Lx 1.1264, Lu 0.1056, Penalty 0.0522, loss 1.2842
Epoch 11, Batch 341/534, Lx 1.3411, Lu 0.1323, Penalty 0.0652, loss 1.5386
Epoch 11, Batch 342/534, Lx 1.3055, Lu 0.0894, Penalty 0.0507, loss 1.4456
Epoch 11, Batch 343/534, Lx 1.0897, Lu 0.0739, Penalty 0.0676, loss 1.2312
Epoch 11, Batch 344/534, Lx 1.3403, Lu 0.0952, Penalty 0.0721, loss 1.5076
Epoch 11, Batch 345/534, Lx 1.0600, Lu 0.0900, Penalty 0.0732, loss 1.2231
Epoch 11, Batch 346/534, Lx 1.4490, Lu 0.1199, Penalty 0.0855, loss 1.6544
Epoch 11, Batch 347/534, Lx 1.4099, Lu 0.1021, Penalty 0.0944, loss 1.6064
Epoch 11, Batch 348/534, Lx 1.4318, Lu 0.0862, Penalty 0.0558, loss 1.5738
Epoch 11, Batch 349/534, Lx 1.3573, Lu 0.1129, Penalty 0.1300, loss 1.6003
Epoch 11, Batch 350/534, Lx 1.2789, Lu 0.1164, Penalty 0.0722, loss 1.4675
Epoch 11, Batch 351/534, Lx 1.4035, Lu 0.0976, Penalty 0.0888, loss 1.5899
Epoch 11, Batch 352/534, Lx 1.5192, Lu 0.1148, Penalty 0.0305, loss 1.6645
Epoch 11, Batch 353/534, Lx 1.5833, Lu 0.1133, Penalty 0.0684, loss 1.7649
Epoch 11, Batch 354/534, Lx 1.1763, Lu 0.1020, Penalty 0.0783, loss 1.3566
Epoch 11, Batch 355/534, Lx 1.4470, Lu 0.1230, Penalty 0.0442, loss 1.6142
Epoch 11, Batch 356/534, Lx 1.4666, Lu 0.1376, Penalty 0.0699, loss 1.6741
Epoch 11, Batch 357/534, Lx 1.5046, Lu 0.1428, Penalty 0.0834, loss 1.7308
Epoch 11, Batch 358/534, Lx 1.5187, Lu 0.1389, Penalty 0.1006, loss 1.7582
Epoch 11, Batch 359/534, Lx 1.1732, Lu 0.0949, Penalty 0.0430, loss 1.3111
Epoch 11, Batch 360/534, Lx 1.5613, Lu 0.1243, Penalty 0.0778, loss 1.7634
Epoch 11, Batch 361/534, Lx 1.3632, Lu 0.0792, Penalty 0.0710, loss 1.5134
Epoch 11, Batch 362/534, Lx 1.4712, Lu 0.1081, Penalty 0.0737, loss 1.6530
Epoch 11, Batch 363/534, Lx 1.4658, Lu 0.1097, Penalty 0.0917, loss 1.6672
Epoch 11, Batch 364/534, Lx 1.2838, Lu 0.0804, Penalty 0.0851, loss 1.4494
Epoch 11, Batch 365/534, Lx 1.2784, Lu 0.0682, Penalty 0.1191, loss 1.4657
Epoch 11, Batch 366/534, Lx 1.5578, Lu 0.1274, Penalty 0.0406, loss 1.7257
Epoch 11, Batch 367/534, Lx 1.3770, Lu 0.0896, Penalty 0.0675, loss 1.5341
Epoch 11, Batch 368/534, Lx 1.2800, Lu 0.1062, Penalty 0.0338, loss 1.4201
Epoch 11, Batch 369/534, Lx 1.3743, Lu 0.1117, Penalty 0.0337, loss 1.5198
Epoch 11, Batch 370/534, Lx 1.4370, Lu 0.0962, Penalty 0.0506, loss 1.5838
Epoch 11, Batch 371/534, Lx 1.3955, Lu 0.0956, Penalty 0.1167, loss 1.6078
Epoch 11, Batch 372/534, Lx 1.6407, Lu 0.0818, Penalty 0.0293, loss 1.7518
Epoch 11, Batch 373/534, Lx 1.4210, Lu 0.1085, Penalty 0.0331, loss 1.5625
Epoch 11, Batch 374/534, Lx 1.2532, Lu 0.1063, Penalty 0.0507, loss 1.4102
Epoch 11, Batch 375/534, Lx 1.3895, Lu 0.1252, Penalty 0.0749, loss 1.5896
Epoch 11, Batch 376/534, Lx 1.2636, Lu 0.1137, Penalty 0.0613, loss 1.4386
Epoch 11, Batch 377/534, Lx 1.4759, Lu 0.1361, Penalty 0.0956, loss 1.7077
Epoch 11, Batch 378/534, Lx 1.4058, Lu 0.0908, Penalty 0.0760, loss 1.5726
Epoch 11, Batch 379/534, Lx 1.3255, Lu 0.0965, Penalty 0.0720, loss 1.4941
Epoch 11, Batch 380/534, Lx 1.5076, Lu 0.1014, Penalty 0.0901, loss 1.6990
Epoch 11, Batch 381/534, Lx 1.4088, Lu 0.1240, Penalty 0.0664, loss 1.5992
Epoch 11, Batch 382/534, Lx 1.3645, Lu 0.0982, Penalty 0.0360, loss 1.4987
Epoch 11, Batch 383/534, Lx 1.3930, Lu 0.1133, Penalty 0.0999, loss 1.6062
Epoch 11, Batch 384/534, Lx 1.2571, Lu 0.1073, Penalty 0.0682, loss 1.4326
Epoch 11, Batch 385/534, Lx 1.4653, Lu 0.0812, Penalty 0.0664, loss 1.6129
Epoch 11, Batch 386/534, Lx 1.3734, Lu 0.0922, Penalty 0.0527, loss 1.5183
Epoch 11, Batch 387/534, Lx 1.1860, Lu 0.1091, Penalty 0.0773, loss 1.3724
Epoch 11, Batch 388/534, Lx 1.6629, Lu 0.1419, Penalty 0.0390, loss 1.8437
Epoch 11, Batch 389/534, Lx 1.2803, Lu 0.0962, Penalty 0.0700, loss 1.4464
Epoch 11, Batch 390/534, Lx 1.1755, Lu 0.1276, Penalty 0.0493, loss 1.3523
Epoch 11, Batch 391/534, Lx 1.4377, Lu 0.1328, Penalty 0.0452, loss 1.6157
Epoch 11, Batch 392/534, Lx 1.3657, Lu 0.1075, Penalty 0.0448, loss 1.5180
Epoch 11, Batch 393/534, Lx 1.2178, Lu 0.1026, Penalty 0.0786, loss 1.3990
Epoch 11, Batch 394/534, Lx 1.4498, Lu 0.1125, Penalty 0.0500, loss 1.6124
Epoch 11, Batch 395/534, Lx 1.1892, Lu 0.1180, Penalty 0.0528, loss 1.3599
Epoch 11, Batch 396/534, Lx 1.2250, Lu 0.0868, Penalty 0.0633, loss 1.3751
Epoch 11, Batch 397/534, Lx 1.4334, Lu 0.1416, Penalty 0.0584, loss 1.6334
Epoch 11, Batch 398/534, Lx 1.3969, Lu 0.1259, Penalty 0.1108, loss 1.6336
Epoch 11, Batch 399/534, Lx 1.3389, Lu 0.0925, Penalty 0.0921, loss 1.5235
Epoch 11, Batch 400/534, Lx 1.4559, Lu 0.1086, Penalty 0.0782, loss 1.6427
Epoch 11, Batch 401/534, Lx 1.2892, Lu 0.0973, Penalty 0.0780, loss 1.4645
Epoch 11, Batch 402/534, Lx 1.1785, Lu 0.0891, Penalty 0.0767, loss 1.3442
Epoch 11, Batch 403/534, Lx 1.5411, Lu 0.1004, Penalty 0.0707, loss 1.7122
Epoch 11, Batch 404/534, Lx 1.5266, Lu 0.1331, Penalty 0.0715, loss 1.7311
Epoch 11, Batch 405/534, Lx 1.4149, Lu 0.1155, Penalty 0.0785, loss 1.6090
Epoch 11, Batch 406/534, Lx 1.1358, Lu 0.1151, Penalty 0.0461, loss 1.2969
Epoch 11, Batch 407/534, Lx 1.3942, Lu 0.1046, Penalty 0.1126, loss 1.6115
Epoch 11, Batch 408/534, Lx 1.4544, Lu 0.1104, Penalty 0.0777, loss 1.6426
Epoch 11, Batch 409/534, Lx 1.4107, Lu 0.1376, Penalty 0.1020, loss 1.6503
Epoch 11, Batch 410/534, Lx 1.3442, Lu 0.1272, Penalty 0.0582, loss 1.5296
Epoch 11, Batch 411/534, Lx 1.3113, Lu 0.0979, Penalty 0.0653, loss 1.4745
Epoch 11, Batch 412/534, Lx 1.2486, Lu 0.1276, Penalty 0.0928, loss 1.4690
Epoch 11, Batch 413/534, Lx 1.6763, Lu 0.1235, Penalty 0.0668, loss 1.8667
Epoch 11, Batch 414/534, Lx 1.2365, Lu 0.1236, Penalty 0.0895, loss 1.4495
Epoch 11, Batch 415/534, Lx 1.5374, Lu 0.1182, Penalty 0.0461, loss 1.7018
Epoch 11, Batch 416/534, Lx 1.4916, Lu 0.1042, Penalty 0.1365, loss 1.7323
Epoch 11, Batch 417/534, Lx 1.3815, Lu 0.0934, Penalty 0.0937, loss 1.5686
Epoch 11, Batch 418/534, Lx 1.2116, Lu 0.0940, Penalty 0.0836, loss 1.3892
Epoch 11, Batch 419/534, Lx 1.3838, Lu 0.0707, Penalty 0.0980, loss 1.5525
Epoch 11, Batch 420/534, Lx 1.4682, Lu 0.0963, Penalty 0.0682, loss 1.6327
Epoch 11, Batch 421/534, Lx 1.4997, Lu 0.1035, Penalty 0.0898, loss 1.6930
Epoch 11, Batch 422/534, Lx 1.3613, Lu 0.1034, Penalty 0.1008, loss 1.5656
Epoch 11, Batch 423/534, Lx 1.5079, Lu 0.0966, Penalty 0.0873, loss 1.6918
Epoch 11, Batch 424/534, Lx 1.5172, Lu 0.0973, Penalty 0.0739, loss 1.6884
Epoch 11, Batch 425/534, Lx 1.0172, Lu 0.0924, Penalty 0.0470, loss 1.1567
Epoch 11, Batch 426/534, Lx 1.2690, Lu 0.0906, Penalty 0.0766, loss 1.4362
Epoch 11, Batch 427/534, Lx 1.6388, Lu 0.1010, Penalty 0.0633, loss 1.8030
Epoch 11, Batch 428/534, Lx 1.4678, Lu 0.0724, Penalty 0.0525, loss 1.5927
Epoch 11, Batch 429/534, Lx 1.4000, Lu 0.1175, Penalty 0.0365, loss 1.5540
Epoch 11, Batch 430/534, Lx 1.1170, Lu 0.0978, Penalty 0.1008, loss 1.3156
Epoch 11, Batch 431/534, Lx 1.3767, Lu 0.1250, Penalty 0.0620, loss 1.5637
Epoch 11, Batch 432/534, Lx 1.2202, Lu 0.1038, Penalty 0.0961, loss 1.4201
Epoch 11, Batch 433/534, Lx 1.4331, Lu 0.1229, Penalty 0.0229, loss 1.5789
Epoch 11, Batch 434/534, Lx 1.4899, Lu 0.1522, Penalty 0.0934, loss 1.7355
Epoch 11, Batch 435/534, Lx 1.0689, Lu 0.0833, Penalty 0.0637, loss 1.2159
Epoch 11, Batch 436/534, Lx 1.3687, Lu 0.0979, Penalty 0.0297, loss 1.4963
Epoch 11, Batch 437/534, Lx 1.4539, Lu 0.1487, Penalty 0.0778, loss 1.6804
Epoch 11, Batch 438/534, Lx 1.3719, Lu 0.1328, Penalty 0.0966, loss 1.6012
Epoch 11, Batch 439/534, Lx 1.4571, Lu 0.1472, Penalty 0.0622, loss 1.6665
Epoch 11, Batch 440/534, Lx 1.4382, Lu 0.1127, Penalty 0.0806, loss 1.6315
Epoch 11, Batch 441/534, Lx 1.5327, Lu 0.1287, Penalty 0.0601, loss 1.7215
Epoch 11, Batch 442/534, Lx 1.2854, Lu 0.1010, Penalty 0.0266, loss 1.4131
Epoch 11, Batch 443/534, Lx 1.3157, Lu 0.1130, Penalty 0.0457, loss 1.4744
Epoch 11, Batch 444/534, Lx 1.2812, Lu 0.0858, Penalty 0.0938, loss 1.4608
Epoch 11, Batch 445/534, Lx 0.9672, Lu 0.1112, Penalty 0.1327, loss 1.2111
Epoch 11, Batch 446/534, Lx 1.2770, Lu 0.1149, Penalty 0.1107, loss 1.5026
Epoch 11, Batch 447/534, Lx 1.6538, Lu 0.1350, Penalty 0.0570, loss 1.8458
Epoch 11, Batch 448/534, Lx 1.1810, Lu 0.1206, Penalty 0.0555, loss 1.3571
Epoch 11, Batch 449/534, Lx 1.3338, Lu 0.1145, Penalty 0.1190, loss 1.5674
Epoch 11, Batch 450/534, Lx 1.2757, Lu 0.0808, Penalty 0.0816, loss 1.4381
Epoch 11, Batch 451/534, Lx 1.2292, Lu 0.0880, Penalty 0.0593, loss 1.3765
Epoch 11, Batch 452/534, Lx 1.6484, Lu 0.1656, Penalty 0.0343, loss 1.8484
Epoch 11, Batch 453/534, Lx 1.4127, Lu 0.1139, Penalty 0.0821, loss 1.6087
Epoch 11, Batch 454/534, Lx 1.2075, Lu 0.0954, Penalty 0.0929, loss 1.3958
Epoch 11, Batch 455/534, Lx 1.3683, Lu 0.1025, Penalty 0.0403, loss 1.5111
Epoch 11, Batch 456/534, Lx 1.2719, Lu 0.0910, Penalty 0.0840, loss 1.4468
Epoch 11, Batch 457/534, Lx 1.3468, Lu 0.0981, Penalty 0.0500, loss 1.4948
Epoch 11, Batch 458/534, Lx 1.2778, Lu 0.1227, Penalty 0.0525, loss 1.4530
Epoch 11, Batch 459/534, Lx 1.5843, Lu 0.1136, Penalty 0.0359, loss 1.7338
Epoch 11, Batch 460/534, Lx 1.5375, Lu 0.0998, Penalty 0.0476, loss 1.6849
Epoch 11, Batch 461/534, Lx 1.5278, Lu 0.0929, Penalty 0.0747, loss 1.6954
Epoch 11, Batch 462/534, Lx 1.5690, Lu 0.1449, Penalty 0.0788, loss 1.7926
Epoch 11, Batch 463/534, Lx 1.5722, Lu 0.1043, Penalty 0.0834, loss 1.7599
Epoch 11, Batch 464/534, Lx 1.2907, Lu 0.0709, Penalty 0.0626, loss 1.4242
Epoch 11, Batch 465/534, Lx 1.5115, Lu 0.1234, Penalty 0.0291, loss 1.6639
Epoch 11, Batch 466/534, Lx 1.3525, Lu 0.1066, Penalty 0.0613, loss 1.5204
Epoch 11, Batch 467/534, Lx 1.2791, Lu 0.1039, Penalty 0.0385, loss 1.4214
Epoch 11, Batch 468/534, Lx 1.3558, Lu 0.1211, Penalty 0.0579, loss 1.5347
Epoch 11, Batch 469/534, Lx 1.4632, Lu 0.0985, Penalty 0.0772, loss 1.6389
Epoch 11, Batch 470/534, Lx 1.3752, Lu 0.0985, Penalty 0.0627, loss 1.5364
Epoch 11, Batch 471/534, Lx 1.2735, Lu 0.0963, Penalty 0.1164, loss 1.4862
Epoch 11, Batch 472/534, Lx 1.2135, Lu 0.0957, Penalty 0.0798, loss 1.3890
Epoch 11, Batch 473/534, Lx 1.3833, Lu 0.0975, Penalty 0.0562, loss 1.5371
Epoch 11, Batch 474/534, Lx 1.2295, Lu 0.0787, Penalty 0.0705, loss 1.3786
Epoch 11, Batch 475/534, Lx 1.6465, Lu 0.1095, Penalty 0.0829, loss 1.8389
Epoch 11, Batch 476/534, Lx 1.6401, Lu 0.1150, Penalty 0.0620, loss 1.8171
Epoch 11, Batch 477/534, Lx 1.3654, Lu 0.1089, Penalty 0.0420, loss 1.5163
Epoch 11, Batch 478/534, Lx 1.3588, Lu 0.1198, Penalty 0.0423, loss 1.5209
Epoch 11, Batch 479/534, Lx 1.5841, Lu 0.1320, Penalty 0.0515, loss 1.7677
Epoch 11, Batch 480/534, Lx 1.3777, Lu 0.1269, Penalty 0.0507, loss 1.5553
Epoch 11, Batch 481/534, Lx 1.4411, Lu 0.1445, Penalty 0.0551, loss 1.6407
Epoch 11, Batch 482/534, Lx 1.5440, Lu 0.1142, Penalty 0.0777, loss 1.7359
Epoch 11, Batch 483/534, Lx 1.4091, Lu 0.1095, Penalty 0.1050, loss 1.6237
Epoch 11, Batch 484/534, Lx 1.4576, Lu 0.1147, Penalty 0.0662, loss 1.6384
Epoch 11, Batch 485/534, Lx 1.4004, Lu 0.1012, Penalty 0.0977, loss 1.5993
Epoch 11, Batch 486/534, Lx 1.5239, Lu 0.1137, Penalty 0.0677, loss 1.7053
Epoch 11, Batch 487/534, Lx 1.2919, Lu 0.0963, Penalty 0.1162, loss 1.5044
Epoch 11, Batch 488/534, Lx 1.4360, Lu 0.1009, Penalty 0.0626, loss 1.5995
Epoch 11, Batch 489/534, Lx 1.4048, Lu 0.0893, Penalty 0.0501, loss 1.5442
Epoch 11, Batch 490/534, Lx 1.4637, Lu 0.1054, Penalty 0.0405, loss 1.6095
Epoch 11, Batch 491/534, Lx 1.3966, Lu 0.0853, Penalty 0.0348, loss 1.5167
Epoch 11, Batch 492/534, Lx 1.4710, Lu 0.0870, Penalty 0.0425, loss 1.6005
Epoch 11, Batch 493/534, Lx 1.4212, Lu 0.0993, Penalty 0.0789, loss 1.5993
Epoch 11, Batch 494/534, Lx 1.2831, Lu 0.0880, Penalty 0.0489, loss 1.4200
Epoch 11, Batch 495/534, Lx 1.2662, Lu 0.1000, Penalty 0.0490, loss 1.4152
Epoch 11, Batch 496/534, Lx 1.4972, Lu 0.1157, Penalty 0.0611, loss 1.6740
Epoch 11, Batch 497/534, Lx 1.2774, Lu 0.0980, Penalty 0.0663, loss 1.4417
Epoch 11, Batch 498/534, Lx 1.3798, Lu 0.1015, Penalty 0.0812, loss 1.5625
Epoch 11, Batch 499/534, Lx 1.4155, Lu 0.1017, Penalty 0.0977, loss 1.6149
Epoch 11, Batch 500/534, Lx 1.3411, Lu 0.0856, Penalty 0.0769, loss 1.5036
Epoch 11, Batch 501/534, Lx 1.2784, Lu 0.0805, Penalty 0.1364, loss 1.4953
Epoch 11, Batch 502/534, Lx 1.3895, Lu 0.1128, Penalty 0.0985, loss 1.6008
Epoch 11, Batch 503/534, Lx 1.4819, Lu 0.1310, Penalty 0.0494, loss 1.6623
Epoch 11, Batch 504/534, Lx 1.3487, Lu 0.1050, Penalty 0.0552, loss 1.5089
Epoch 11, Batch 505/534, Lx 1.5515, Lu 0.1169, Penalty 0.1023, loss 1.7707
Epoch 11, Batch 506/534, Lx 1.4990, Lu 0.1343, Penalty 0.0395, loss 1.6727
Epoch 11, Batch 507/534, Lx 1.3090, Lu 0.1087, Penalty 0.0594, loss 1.4771
Epoch 11, Batch 508/534, Lx 1.4532, Lu 0.1715, Penalty 0.0500, loss 1.6747
Epoch 11, Batch 509/534, Lx 1.4443, Lu 0.1040, Penalty 0.0692, loss 1.6174
Epoch 11, Batch 510/534, Lx 1.2885, Lu 0.0926, Penalty 0.0794, loss 1.4605
Epoch 11, Batch 511/534, Lx 1.3676, Lu 0.1080, Penalty 0.0623, loss 1.5379
Epoch 11, Batch 512/534, Lx 1.1524, Lu 0.0906, Penalty 0.0958, loss 1.3387
Epoch 11, Batch 513/534, Lx 1.2879, Lu 0.0998, Penalty 0.0298, loss 1.4175
Epoch 11, Batch 514/534, Lx 1.1807, Lu 0.0709, Penalty 0.1420, loss 1.3936
Epoch 11, Batch 515/534, Lx 1.4970, Lu 0.1163, Penalty 0.0385, loss 1.6518
Epoch 11, Batch 516/534, Lx 1.4113, Lu 0.1165, Penalty 0.0888, loss 1.6166
Epoch 11, Batch 517/534, Lx 1.4831, Lu 0.1396, Penalty 0.1155, loss 1.7382
Epoch 11, Batch 518/534, Lx 1.4301, Lu 0.1175, Penalty 0.0765, loss 1.6240
Epoch 11, Batch 519/534, Lx 1.3480, Lu 0.1112, Penalty 0.1244, loss 1.5835
Epoch 11, Batch 520/534, Lx 1.0990, Lu 0.0960, Penalty 0.1085, loss 1.3035
Epoch 11, Batch 521/534, Lx 1.3772, Lu 0.0777, Penalty 0.1066, loss 1.5614
Epoch 11, Batch 522/534, Lx 1.5478, Lu 0.1003, Penalty 0.0387, loss 1.6868
Epoch 11, Batch 523/534, Lx 1.1373, Lu 0.1486, Penalty 0.0372, loss 1.3231
Epoch 11, Batch 524/534, Lx 1.4058, Lu 0.0929, Penalty 0.0668, loss 1.5654
Epoch 11, Batch 525/534, Lx 1.3095, Lu 0.0981, Penalty 0.0640, loss 1.4716
Epoch 11, Batch 526/534, Lx 1.2486, Lu 0.0992, Penalty 0.0290, loss 1.3767
Epoch 11, Batch 527/534, Lx 1.4679, Lu 0.0782, Penalty 0.0873, loss 1.6335
Epoch 11, Batch 528/534, Lx 1.4492, Lu 0.1410, Penalty 0.0465, loss 1.6367
Epoch 11, Batch 529/534, Lx 1.3865, Lu 0.0959, Penalty 0.0513, loss 1.5336
Epoch 11, Batch 530/534, Lx 1.3158, Lu 0.1286, Penalty 0.0561, loss 1.5005
Epoch 11, Batch 531/534, Lx 1.4432, Lu 0.1068, Penalty 0.0443, loss 1.5943
Epoch 11, Batch 532/534, Lx 1.4160, Lu 0.1124, Penalty 0.0345, loss 1.5629
Epoch 11, Batch 533/534, Lx 1.4607, Lu 0.1258, Penalty 0.0830, loss 1.6695
Epoch 11, Batch 534/534, Lx 1.1336, Lu 0.0939, Penalty 0.1301, loss 1.3576
Loss: 1.5841, Lx: 1.4033, Lu: 0.1118, Penalty: 0.0690
Training for Network 2
labelled data size: 20859
unlabelled data size: 21141
Epoch 11, Batch 1/652, Lx 1.3467, Lu 0.1378, Penalty 0.0378, loss 1.5223
Epoch 11, Batch 2/652, Lx 1.7643, Lu 0.2199, Penalty 0.0352, loss 2.0194
Epoch 11, Batch 3/652, Lx 1.8427, Lu 0.1298, Penalty 0.0316, loss 2.0041
Epoch 11, Batch 4/652, Lx 1.5944, Lu 0.1529, Penalty 0.0847, loss 1.8319
Epoch 11, Batch 5/652, Lx 1.5116, Lu 0.1521, Penalty 0.0588, loss 1.7226
Epoch 11, Batch 6/652, Lx 1.6062, Lu 0.1365, Penalty 0.0421, loss 1.7849
Epoch 11, Batch 7/652, Lx 1.4237, Lu 0.1107, Penalty 0.1414, loss 1.6758
Epoch 11, Batch 8/652, Lx 1.4009, Lu 0.1082, Penalty 0.1205, loss 1.6296
Epoch 11, Batch 9/652, Lx 1.5760, Lu 0.1713, Penalty 0.0612, loss 1.8084
Epoch 11, Batch 10/652, Lx 1.6504, Lu 0.1444, Penalty 0.0807, loss 1.8755
Epoch 11, Batch 11/652, Lx 1.5591, Lu 0.1593, Penalty 0.2324, loss 1.9508
Epoch 11, Batch 12/652, Lx 1.6161, Lu 0.1437, Penalty 0.1344, loss 1.8943
Epoch 11, Batch 13/652, Lx 1.7960, Lu 0.1194, Penalty 0.1573, loss 2.0727
Epoch 11, Batch 14/652, Lx 1.7170, Lu 0.1568, Penalty 0.0625, loss 1.9363
Epoch 11, Batch 15/652, Lx 1.5931, Lu 0.1320, Penalty 0.0931, loss 1.8182
Epoch 11, Batch 16/652, Lx 1.9249, Lu 0.1976, Penalty 0.0530, loss 2.1755
Epoch 11, Batch 17/652, Lx 1.6728, Lu 0.1627, Penalty 0.0743, loss 1.9099
Epoch 11, Batch 18/652, Lx 1.3238, Lu 0.2096, Penalty 0.0138, loss 1.5472
Epoch 11, Batch 19/652, Lx 1.5634, Lu 0.1476, Penalty 0.0515, loss 1.7625
Epoch 11, Batch 20/652, Lx 1.8290, Lu 0.1663, Penalty 0.0624, loss 2.0577
Epoch 11, Batch 21/652, Lx 1.6661, Lu 0.1378, Penalty 0.0332, loss 1.8372
Epoch 11, Batch 22/652, Lx 1.7062, Lu 0.1606, Penalty 0.0238, loss 1.8907
Epoch 11, Batch 23/652, Lx 1.8132, Lu 0.1607, Penalty 0.0432, loss 2.0171
Epoch 11, Batch 24/652, Lx 1.2951, Lu 0.1128, Penalty 0.0268, loss 1.4347
Epoch 11, Batch 25/652, Lx 1.4513, Lu 0.0997, Penalty 0.0620, loss 1.6130
Epoch 11, Batch 26/652, Lx 1.5463, Lu 0.0937, Penalty 0.1562, loss 1.7961
Epoch 11, Batch 27/652, Lx 1.6194, Lu 0.1091, Penalty 0.1155, loss 1.8439
Epoch 11, Batch 28/652, Lx 1.7709, Lu 0.0983, Penalty 0.1638, loss 2.0331
Epoch 11, Batch 29/652, Lx 1.5966, Lu 0.0928, Penalty 0.1481, loss 1.8375
Epoch 11, Batch 30/652, Lx 1.5801, Lu 0.0734, Penalty 0.0683, loss 1.7218
Epoch 11, Batch 31/652, Lx 1.5957, Lu 0.1218, Penalty 0.0921, loss 1.8097
Epoch 11, Batch 32/652, Lx 1.6249, Lu 0.1114, Penalty 0.0372, loss 1.7735
Epoch 11, Batch 33/652, Lx 1.4637, Lu 0.1339, Penalty 0.0383, loss 1.6359
Epoch 11, Batch 34/652, Lx 1.3717, Lu 0.1156, Penalty 0.0248, loss 1.5121
Epoch 11, Batch 35/652, Lx 1.5073, Lu 0.1558, Penalty 0.0175, loss 1.6806
Epoch 11, Batch 36/652, Lx 1.5525, Lu 0.1514, Penalty 0.0213, loss 1.7252
Epoch 11, Batch 37/652, Lx 1.6646, Lu 0.2028, Penalty 0.0380, loss 1.9055
Epoch 11, Batch 38/652, Lx 1.4813, Lu 0.1612, Penalty 0.0177, loss 1.6603
Epoch 11, Batch 39/652, Lx 1.5538, Lu 0.2085, Penalty 0.0510, loss 1.8134
Epoch 11, Batch 40/652, Lx 1.6233, Lu 0.1609, Penalty 0.0649, loss 1.8491
Epoch 11, Batch 41/652, Lx 1.2759, Lu 0.1352, Penalty 0.0605, loss 1.4717
Epoch 11, Batch 42/652, Lx 1.6031, Lu 0.1333, Penalty 0.0320, loss 1.7684
Epoch 11, Batch 43/652, Lx 1.6030, Lu 0.1434, Penalty 0.0400, loss 1.7865
Epoch 11, Batch 44/652, Lx 1.5744, Lu 0.1169, Penalty 0.0620, loss 1.7533
Epoch 11, Batch 45/652, Lx 1.6258, Lu 0.1478, Penalty 0.0934, loss 1.8669
Epoch 11, Batch 46/652, Lx 1.7115, Lu 0.1354, Penalty 0.0568, loss 1.9036
Epoch 11, Batch 47/652, Lx 1.5792, Lu 0.1033, Penalty 0.0836, loss 1.7661
Epoch 11, Batch 48/652, Lx 1.6702, Lu 0.1227, Penalty 0.1062, loss 1.8991
Epoch 11, Batch 49/652, Lx 1.6052, Lu 0.1416, Penalty 0.0948, loss 1.8417
Epoch 11, Batch 50/652, Lx 1.5575, Lu 0.1169, Penalty 0.1109, loss 1.7853
Epoch 11, Batch 51/652, Lx 1.5817, Lu 0.1096, Penalty 0.0783, loss 1.7696
Epoch 11, Batch 52/652, Lx 1.4657, Lu 0.1136, Penalty 0.0581, loss 1.6373
Epoch 11, Batch 53/652, Lx 1.5525, Lu 0.1500, Penalty 0.1200, loss 1.8226
Epoch 11, Batch 54/652, Lx 1.4682, Lu 0.1022, Penalty 0.1248, loss 1.6952
Epoch 11, Batch 55/652, Lx 1.3703, Lu 0.1233, Penalty 0.0536, loss 1.5472
Epoch 11, Batch 56/652, Lx 1.8167, Lu 0.1916, Penalty 0.0415, loss 2.0497
Epoch 11, Batch 57/652, Lx 1.4693, Lu 0.1497, Penalty 0.0592, loss 1.6782
Epoch 11, Batch 58/652, Lx 1.6078, Lu 0.1453, Penalty 0.0575, loss 1.8105
Epoch 11, Batch 59/652, Lx 1.5018, Lu 0.1741, Penalty 0.0520, loss 1.7279
Epoch 11, Batch 60/652, Lx 1.4075, Lu 0.1364, Penalty 0.0530, loss 1.5969
Epoch 11, Batch 61/652, Lx 1.4761, Lu 0.1289, Penalty 0.0713, loss 1.6763
Epoch 11, Batch 62/652, Lx 1.6970, Lu 0.1533, Penalty 0.0903, loss 1.9407
Epoch 11, Batch 63/652, Lx 1.6189, Lu 0.1831, Penalty 0.0782, loss 1.8803
Epoch 11, Batch 64/652, Lx 1.5881, Lu 0.1417, Penalty 0.0850, loss 1.8148
Epoch 11, Batch 65/652, Lx 1.5685, Lu 0.1229, Penalty 0.0609, loss 1.7522
Epoch 11, Batch 66/652, Lx 1.4959, Lu 0.1172, Penalty 0.1515, loss 1.7646
Epoch 11, Batch 67/652, Lx 1.7095, Lu 0.0943, Penalty 0.1509, loss 1.9546
Epoch 11, Batch 68/652, Lx 1.6089, Lu 0.1111, Penalty 0.0992, loss 1.8193
Epoch 11, Batch 69/652, Lx 1.6372, Lu 0.1058, Penalty 0.0670, loss 1.8101
Epoch 11, Batch 70/652, Lx 1.6276, Lu 0.1349, Penalty 0.0715, loss 1.8340
Epoch 11, Batch 71/652, Lx 1.5176, Lu 0.1134, Penalty 0.0978, loss 1.7288
Epoch 11, Batch 72/652, Lx 1.6640, Lu 0.1492, Penalty 0.0749, loss 1.8880
Epoch 11, Batch 73/652, Lx 1.3773, Lu 0.1156, Penalty 0.0817, loss 1.5746
Epoch 11, Batch 74/652, Lx 1.6379, Lu 0.1027, Penalty 0.0492, loss 1.7897
Epoch 11, Batch 75/652, Lx 1.5612, Lu 0.1548, Penalty 0.0310, loss 1.7469
Epoch 11, Batch 76/652, Lx 1.5051, Lu 0.1016, Penalty 0.0598, loss 1.6665
Epoch 11, Batch 77/652, Lx 1.5806, Lu 0.1378, Penalty 0.0528, loss 1.7712
Epoch 11, Batch 78/652, Lx 1.6331, Lu 0.1472, Penalty 0.0715, loss 1.8518
Epoch 11, Batch 79/652, Lx 1.4672, Lu 0.1177, Penalty 0.0237, loss 1.6086
Epoch 11, Batch 80/652, Lx 1.6663, Lu 0.1307, Penalty 0.0492, loss 1.8463
Epoch 11, Batch 81/652, Lx 1.6569, Lu 0.1471, Penalty 0.0806, loss 1.8846
Epoch 11, Batch 82/652, Lx 1.7480, Lu 0.1328, Penalty 0.0434, loss 1.9242
Epoch 11, Batch 83/652, Lx 1.4456, Lu 0.1186, Penalty 0.0354, loss 1.5996
Epoch 11, Batch 84/652, Lx 1.6955, Lu 0.1548, Penalty 0.0954, loss 1.9457
Epoch 11, Batch 85/652, Lx 1.4009, Lu 0.1298, Penalty 0.0541, loss 1.5849
Epoch 11, Batch 86/652, Lx 1.4232, Lu 0.1469, Penalty 0.0902, loss 1.6603
Epoch 11, Batch 87/652, Lx 1.5451, Lu 0.1171, Penalty 0.0685, loss 1.7308
Epoch 11, Batch 88/652, Lx 1.6167, Lu 0.1092, Penalty 0.0577, loss 1.7836
Epoch 11, Batch 89/652, Lx 1.5789, Lu 0.1325, Penalty 0.1020, loss 1.8134
Epoch 11, Batch 90/652, Lx 1.5590, Lu 0.1064, Penalty 0.0967, loss 1.7622
Epoch 11, Batch 91/652, Lx 1.5351, Lu 0.1148, Penalty 0.0799, loss 1.7298
Epoch 11, Batch 92/652, Lx 1.5562, Lu 0.1575, Penalty 0.1293, loss 1.8429
Epoch 11, Batch 93/652, Lx 1.5608, Lu 0.1348, Penalty 0.0485, loss 1.7441
Epoch 11, Batch 94/652, Lx 1.6428, Lu 0.1610, Penalty 0.0693, loss 1.8731
Epoch 11, Batch 95/652, Lx 1.4520, Lu 0.1111, Penalty 0.0786, loss 1.6417
Epoch 11, Batch 96/652, Lx 1.3858, Lu 0.1192, Penalty 0.0587, loss 1.5637
Epoch 11, Batch 97/652, Lx 1.4581, Lu 0.1055, Penalty 0.0594, loss 1.6231
Epoch 11, Batch 98/652, Lx 1.5388, Lu 0.1714, Penalty 0.0739, loss 1.7842
Epoch 11, Batch 99/652, Lx 1.5218, Lu 0.1159, Penalty 0.0584, loss 1.6961
Epoch 11, Batch 100/652, Lx 1.5101, Lu 0.1353, Penalty 0.0700, loss 1.7153
Epoch 11, Batch 101/652, Lx 1.5227, Lu 0.1074, Penalty 0.0989, loss 1.7290
Epoch 11, Batch 102/652, Lx 1.4978, Lu 0.0976, Penalty 0.0575, loss 1.6529
Epoch 11, Batch 103/652, Lx 1.6977, Lu 0.1452, Penalty 0.0613, loss 1.9042
Epoch 11, Batch 104/652, Lx 1.4421, Lu 0.1227, Penalty 0.0974, loss 1.6622
Epoch 11, Batch 105/652, Lx 1.4381, Lu 0.1312, Penalty 0.0448, loss 1.6141
Epoch 11, Batch 106/652, Lx 1.5205, Lu 0.1280, Penalty 0.0376, loss 1.6860
Epoch 11, Batch 107/652, Lx 1.6326, Lu 0.1453, Penalty 0.0455, loss 1.8235
Epoch 11, Batch 108/652, Lx 1.5867, Lu 0.1363, Penalty 0.0824, loss 1.8055
Epoch 11, Batch 109/652, Lx 1.6909, Lu 0.1631, Penalty 0.0595, loss 1.9135
Epoch 11, Batch 110/652, Lx 1.5775, Lu 0.1152, Penalty 0.0687, loss 1.7614
Epoch 11, Batch 111/652, Lx 1.5729, Lu 0.0962, Penalty 0.0700, loss 1.7391
Epoch 11, Batch 112/652, Lx 1.3876, Lu 0.0926, Penalty 0.1026, loss 1.5828
Epoch 11, Batch 113/652, Lx 1.5749, Lu 0.1372, Penalty 0.0870, loss 1.7991
Epoch 11, Batch 114/652, Lx 1.5233, Lu 0.1508, Penalty 0.0747, loss 1.7488
Epoch 11, Batch 115/652, Lx 1.4313, Lu 0.1529, Penalty 0.0525, loss 1.6367
Epoch 11, Batch 116/652, Lx 1.7099, Lu 0.1477, Penalty 0.0611, loss 1.9188
Epoch 11, Batch 117/652, Lx 1.5334, Lu 0.1274, Penalty 0.0405, loss 1.7013
Epoch 11, Batch 118/652, Lx 1.6765, Lu 0.1069, Penalty 0.0795, loss 1.8629
Epoch 11, Batch 119/652, Lx 1.4940, Lu 0.0902, Penalty 0.0504, loss 1.6346
Epoch 11, Batch 120/652, Lx 1.3536, Lu 0.1017, Penalty 0.0570, loss 1.5123
Epoch 11, Batch 121/652, Lx 1.4697, Lu 0.1272, Penalty 0.0512, loss 1.6480
Epoch 11, Batch 122/652, Lx 1.6302, Lu 0.1449, Penalty 0.0830, loss 1.8580
Epoch 11, Batch 123/652, Lx 1.7907, Lu 0.1325, Penalty 0.0896, loss 2.0128
Epoch 11, Batch 124/652, Lx 1.7150, Lu 0.1412, Penalty 0.0295, loss 1.8857
Epoch 11, Batch 125/652, Lx 1.6339, Lu 0.1191, Penalty 0.0928, loss 1.8459
Epoch 11, Batch 126/652, Lx 1.5183, Lu 0.1273, Penalty 0.0907, loss 1.7363
Epoch 11, Batch 127/652, Lx 1.4595, Lu 0.1210, Penalty 0.0748, loss 1.6553
Epoch 11, Batch 128/652, Lx 1.5977, Lu 0.1295, Penalty 0.0882, loss 1.8154
Epoch 11, Batch 129/652, Lx 1.6428, Lu 0.1535, Penalty 0.0768, loss 1.8731
Epoch 11, Batch 130/652, Lx 1.2737, Lu 0.1096, Penalty 0.0806, loss 1.4639
Epoch 11, Batch 131/652, Lx 1.4490, Lu 0.1312, Penalty 0.0909, loss 1.6710
Epoch 11, Batch 132/652, Lx 1.7439, Lu 0.1752, Penalty 0.0859, loss 2.0051
Epoch 11, Batch 133/652, Lx 1.5006, Lu 0.1510, Penalty 0.1226, loss 1.7743
Epoch 11, Batch 134/652, Lx 1.5962, Lu 0.0955, Penalty 0.0582, loss 1.7499
Epoch 11, Batch 135/652, Lx 1.5168, Lu 0.1325, Penalty 0.0349, loss 1.6842
Epoch 11, Batch 136/652, Lx 1.5843, Lu 0.1340, Penalty 0.0427, loss 1.7610
Epoch 11, Batch 137/652, Lx 1.4954, Lu 0.0954, Penalty 0.0790, loss 1.6698
Epoch 11, Batch 138/652, Lx 1.5179, Lu 0.1049, Penalty 0.0704, loss 1.6931
Epoch 11, Batch 139/652, Lx 1.4985, Lu 0.1016, Penalty 0.0525, loss 1.6525
Epoch 11, Batch 140/652, Lx 1.3707, Lu 0.1022, Penalty 0.1095, loss 1.5824
Epoch 11, Batch 141/652, Lx 1.6311, Lu 0.1442, Penalty 0.0842, loss 1.8594
Epoch 11, Batch 142/652, Lx 1.7202, Lu 0.1472, Penalty 0.0626, loss 1.9301
Epoch 11, Batch 143/652, Lx 1.5598, Lu 0.1061, Penalty 0.0469, loss 1.7129
Epoch 11, Batch 144/652, Lx 1.5774, Lu 0.1298, Penalty 0.0493, loss 1.7565
Epoch 11, Batch 145/652, Lx 1.4620, Lu 0.1107, Penalty 0.0663, loss 1.6390
Epoch 11, Batch 146/652, Lx 1.6003, Lu 0.0951, Penalty 0.0475, loss 1.7429
Epoch 11, Batch 147/652, Lx 1.4702, Lu 0.1815, Penalty 0.0623, loss 1.7139
Epoch 11, Batch 148/652, Lx 1.4055, Lu 0.0962, Penalty 0.0649, loss 1.5665
Epoch 11, Batch 149/652, Lx 1.4675, Lu 0.1126, Penalty 0.0680, loss 1.6481
Epoch 11, Batch 150/652, Lx 1.5287, Lu 0.1298, Penalty 0.0571, loss 1.7156
Epoch 11, Batch 151/652, Lx 1.4900, Lu 0.1417, Penalty 0.1098, loss 1.7415
Epoch 11, Batch 152/652, Lx 1.5460, Lu 0.1583, Penalty 0.0508, loss 1.7552
Epoch 11, Batch 153/652, Lx 1.6742, Lu 0.1647, Penalty 0.0924, loss 1.9313
Epoch 11, Batch 154/652, Lx 1.4991, Lu 0.1081, Penalty 0.0766, loss 1.6838
Epoch 11, Batch 155/652, Lx 1.6183, Lu 0.1312, Penalty 0.0836, loss 1.8331
Epoch 11, Batch 156/652, Lx 1.3916, Lu 0.0827, Penalty 0.0589, loss 1.5331
Epoch 11, Batch 157/652, Lx 1.4332, Lu 0.1079, Penalty 0.1767, loss 1.7178
Epoch 11, Batch 158/652, Lx 1.4937, Lu 0.1201, Penalty 0.1054, loss 1.7192
Epoch 11, Batch 159/652, Lx 1.2782, Lu 0.1114, Penalty 0.1053, loss 1.4949
Epoch 11, Batch 160/652, Lx 1.6005, Lu 0.1311, Penalty 0.0882, loss 1.8198
Epoch 11, Batch 161/652, Lx 1.2286, Lu 0.1243, Penalty 0.0688, loss 1.4218
Epoch 11, Batch 162/652, Lx 1.5171, Lu 0.1117, Penalty 0.0767, loss 1.7055
Epoch 11, Batch 163/652, Lx 1.6545, Lu 0.1737, Penalty 0.0689, loss 1.8971
Epoch 11, Batch 164/652, Lx 1.7126, Lu 0.1643, Penalty 0.0513, loss 1.9281
Epoch 11, Batch 165/652, Lx 1.3802, Lu 0.0893, Penalty 0.1073, loss 1.5768
Epoch 11, Batch 166/652, Lx 1.6517, Lu 0.1016, Penalty 0.0636, loss 1.8169
Epoch 11, Batch 167/652, Lx 1.5513, Lu 0.1375, Penalty 0.0667, loss 1.7555
Epoch 11, Batch 168/652, Lx 1.5989, Lu 0.1548, Penalty 0.0607, loss 1.8144
Epoch 11, Batch 169/652, Lx 1.5641, Lu 0.0973, Penalty 0.0786, loss 1.7400
Epoch 11, Batch 170/652, Lx 1.4658, Lu 0.1149, Penalty 0.1320, loss 1.7126
Epoch 11, Batch 171/652, Lx 1.5271, Lu 0.0828, Penalty 0.0634, loss 1.6734
Epoch 11, Batch 172/652, Lx 1.3549, Lu 0.1041, Penalty 0.0664, loss 1.5254
Epoch 11, Batch 173/652, Lx 1.2061, Lu 0.0865, Penalty 0.0894, loss 1.3820
Epoch 11, Batch 174/652, Lx 1.6999, Lu 0.1700, Penalty 0.0430, loss 1.9129
Epoch 11, Batch 175/652, Lx 1.4866, Lu 0.1621, Penalty 0.0509, loss 1.6996
Epoch 11, Batch 176/652, Lx 1.4443, Lu 0.1524, Penalty 0.0406, loss 1.6373
Epoch 11, Batch 177/652, Lx 1.2975, Lu 0.1161, Penalty 0.1100, loss 1.5236
Epoch 11, Batch 178/652, Lx 1.6756, Lu 0.1442, Penalty 0.0301, loss 1.8499
Epoch 11, Batch 179/652, Lx 1.6216, Lu 0.1715, Penalty 0.0628, loss 1.8559
Epoch 11, Batch 180/652, Lx 1.5744, Lu 0.1499, Penalty 0.0608, loss 1.7851
Epoch 11, Batch 181/652, Lx 1.4992, Lu 0.1203, Penalty 0.0812, loss 1.7006
Epoch 11, Batch 182/652, Lx 1.2856, Lu 0.1157, Penalty 0.1123, loss 1.5136
Epoch 11, Batch 183/652, Lx 1.3320, Lu 0.1019, Penalty 0.0992, loss 1.5330
Epoch 11, Batch 184/652, Lx 1.6782, Lu 0.1763, Penalty 0.0950, loss 1.9495
Epoch 11, Batch 185/652, Lx 1.5124, Lu 0.1254, Penalty 0.1203, loss 1.7581
Epoch 11, Batch 186/652, Lx 1.6131, Lu 0.1101, Penalty 0.0936, loss 1.8168
Epoch 11, Batch 187/652, Lx 1.5196, Lu 0.1287, Penalty 0.0691, loss 1.7174
Epoch 11, Batch 188/652, Lx 1.5125, Lu 0.0968, Penalty 0.0977, loss 1.7070
Epoch 11, Batch 189/652, Lx 1.3845, Lu 0.1037, Penalty 0.0781, loss 1.5663
Epoch 11, Batch 190/652, Lx 1.4529, Lu 0.1157, Penalty 0.0951, loss 1.6638
Epoch 11, Batch 191/652, Lx 1.5390, Lu 0.1049, Penalty 0.0587, loss 1.7026
Epoch 11, Batch 192/652, Lx 1.6997, Lu 0.1410, Penalty 0.0892, loss 1.9299
Epoch 11, Batch 193/652, Lx 1.3958, Lu 0.0973, Penalty 0.0636, loss 1.5567
Epoch 11, Batch 194/652, Lx 1.4382, Lu 0.0944, Penalty 0.0945, loss 1.6271
Epoch 11, Batch 195/652, Lx 1.5526, Lu 0.1382, Penalty 0.0797, loss 1.7706
Epoch 11, Batch 196/652, Lx 1.7064, Lu 0.1567, Penalty 0.1339, loss 1.9969
Epoch 11, Batch 197/652, Lx 1.2775, Lu 0.1300, Penalty 0.1370, loss 1.5444
Epoch 11, Batch 198/652, Lx 1.2637, Lu 0.1013, Penalty 0.1309, loss 1.4959
Epoch 11, Batch 199/652, Lx 1.4237, Lu 0.0991, Penalty 0.1720, loss 1.6948
Epoch 11, Batch 200/652, Lx 1.4737, Lu 0.1313, Penalty 0.0695, loss 1.6745
Epoch 11, Batch 201/652, Lx 1.5629, Lu 0.1316, Penalty 0.0822, loss 1.7767
Epoch 11, Batch 202/652, Lx 1.5718, Lu 0.1042, Penalty 0.0997, loss 1.7757
Epoch 11, Batch 203/652, Lx 1.5054, Lu 0.1152, Penalty 0.0830, loss 1.7036
Epoch 11, Batch 204/652, Lx 1.7421, Lu 0.1732, Penalty 0.1520, loss 2.0673
Epoch 11, Batch 205/652, Lx 1.4783, Lu 0.1207, Penalty 0.1010, loss 1.7000
Epoch 11, Batch 206/652, Lx 1.3694, Lu 0.1370, Penalty 0.0664, loss 1.5727
Epoch 11, Batch 207/652, Lx 1.4789, Lu 0.1057, Penalty 0.0756, loss 1.6603
Epoch 11, Batch 208/652, Lx 1.5483, Lu 0.1079, Penalty 0.0797, loss 1.7359
Epoch 11, Batch 209/652, Lx 1.5563, Lu 0.1313, Penalty 0.0315, loss 1.7191
Epoch 11, Batch 210/652, Lx 1.6737, Lu 0.1595, Penalty 0.0585, loss 1.8917
Epoch 11, Batch 211/652, Lx 1.7087, Lu 0.1275, Penalty 0.0508, loss 1.8870
Epoch 11, Batch 212/652, Lx 1.5423, Lu 0.1348, Penalty 0.0494, loss 1.7265
Epoch 11, Batch 213/652, Lx 1.7189, Lu 0.1421, Penalty 0.0640, loss 1.9249
Epoch 11, Batch 214/652, Lx 1.5949, Lu 0.1472, Penalty 0.0612, loss 1.8033
Epoch 11, Batch 215/652, Lx 1.4002, Lu 0.1103, Penalty 0.1053, loss 1.6158
Epoch 11, Batch 216/652, Lx 1.5902, Lu 0.1095, Penalty 0.0927, loss 1.7924
Epoch 11, Batch 217/652, Lx 1.3374, Lu 0.0975, Penalty 0.0783, loss 1.5131
Epoch 11, Batch 218/652, Lx 1.5204, Lu 0.1136, Penalty 0.0576, loss 1.6916
Epoch 11, Batch 219/652, Lx 1.7129, Lu 0.1045, Penalty 0.1098, loss 1.9272
Epoch 11, Batch 220/652, Lx 1.5595, Lu 0.1398, Penalty 0.1274, loss 1.8267
Epoch 11, Batch 221/652, Lx 1.4302, Lu 0.1222, Penalty 0.0950, loss 1.6474
Epoch 11, Batch 222/652, Lx 1.4403, Lu 0.1091, Penalty 0.1849, loss 1.7343
Epoch 11, Batch 223/652, Lx 1.5841, Lu 0.0979, Penalty 0.1004, loss 1.7825
Epoch 11, Batch 224/652, Lx 1.4249, Lu 0.0976, Penalty 0.1259, loss 1.6484
Epoch 11, Batch 225/652, Lx 1.6141, Lu 0.1188, Penalty 0.0755, loss 1.8084
Epoch 11, Batch 226/652, Lx 1.7122, Lu 0.1398, Penalty 0.0703, loss 1.9222
Epoch 11, Batch 227/652, Lx 1.1893, Lu 0.1092, Penalty 0.1081, loss 1.4067
Epoch 11, Batch 228/652, Lx 1.4935, Lu 0.1276, Penalty 0.0806, loss 1.7017
Epoch 11, Batch 229/652, Lx 1.3615, Lu 0.1379, Penalty 0.0478, loss 1.5473
Epoch 11, Batch 230/652, Lx 1.5736, Lu 0.0853, Penalty 0.0305, loss 1.6893
Epoch 11, Batch 231/652, Lx 1.3654, Lu 0.0956, Penalty 0.0718, loss 1.5328
Epoch 11, Batch 232/652, Lx 1.7580, Lu 0.1571, Penalty 0.0520, loss 1.9671
Epoch 11, Batch 233/652, Lx 1.2987, Lu 0.1038, Penalty 0.0845, loss 1.4871
Epoch 11, Batch 234/652, Lx 1.4890, Lu 0.1199, Penalty 0.0467, loss 1.6556
Epoch 11, Batch 235/652, Lx 1.3665, Lu 0.0992, Penalty 0.0939, loss 1.5596
Epoch 11, Batch 236/652, Lx 1.5468, Lu 0.1289, Penalty 0.1014, loss 1.7770
Epoch 11, Batch 237/652, Lx 1.7273, Lu 0.1587, Penalty 0.0620, loss 1.9480
Epoch 11, Batch 238/652, Lx 1.5710, Lu 0.1145, Penalty 0.0357, loss 1.7212
Epoch 11, Batch 239/652, Lx 1.4849, Lu 0.1779, Penalty 0.0922, loss 1.7549
Epoch 11, Batch 240/652, Lx 1.4160, Lu 0.1163, Penalty 0.0848, loss 1.6171
Epoch 11, Batch 241/652, Lx 1.7192, Lu 0.1072, Penalty 0.0841, loss 1.9105
Epoch 11, Batch 242/652, Lx 1.5063, Lu 0.1103, Penalty 0.1235, loss 1.7400
Epoch 11, Batch 243/652, Lx 1.4708, Lu 0.1020, Penalty 0.0826, loss 1.6554
Epoch 11, Batch 244/652, Lx 1.4317, Lu 0.0913, Penalty 0.0828, loss 1.6059
Epoch 11, Batch 245/652, Lx 1.5783, Lu 0.1492, Penalty 0.0737, loss 1.8013
Epoch 11, Batch 246/652, Lx 1.5310, Lu 0.1143, Penalty 0.1418, loss 1.7870
Epoch 11, Batch 247/652, Lx 1.4433, Lu 0.0957, Penalty 0.0830, loss 1.6220
Epoch 11, Batch 248/652, Lx 1.3649, Lu 0.1000, Penalty 0.0935, loss 1.5584
Epoch 11, Batch 249/652, Lx 1.4912, Lu 0.1213, Penalty 0.0471, loss 1.6595
Epoch 11, Batch 250/652, Lx 1.4076, Lu 0.1026, Penalty 0.0863, loss 1.5965
Epoch 11, Batch 251/652, Lx 1.4822, Lu 0.1051, Penalty 0.0701, loss 1.6573
Epoch 11, Batch 252/652, Lx 1.4317, Lu 0.1214, Penalty 0.0578, loss 1.6109
Epoch 11, Batch 253/652, Lx 1.7418, Lu 0.1377, Penalty 0.0668, loss 1.9463
Epoch 11, Batch 254/652, Lx 1.4138, Lu 0.1272, Penalty 0.1106, loss 1.6516
Epoch 11, Batch 255/652, Lx 1.4983, Lu 0.1085, Penalty 0.0931, loss 1.6999
Epoch 11, Batch 256/652, Lx 1.4470, Lu 0.1129, Penalty 0.0529, loss 1.6128
Epoch 11, Batch 257/652, Lx 1.5886, Lu 0.1182, Penalty 0.0414, loss 1.7483
Epoch 11, Batch 258/652, Lx 1.4695, Lu 0.1264, Penalty 0.0766, loss 1.6725
Epoch 11, Batch 259/652, Lx 1.5116, Lu 0.1828, Penalty 0.0753, loss 1.7696
Epoch 11, Batch 260/652, Lx 1.1303, Lu 0.1061, Penalty 0.0908, loss 1.3271
Epoch 11, Batch 261/652, Lx 1.4219, Lu 0.1249, Penalty 0.0741, loss 1.6209
Epoch 11, Batch 262/652, Lx 1.6184, Lu 0.1519, Penalty 0.0536, loss 1.8238
Epoch 11, Batch 263/652, Lx 1.5698, Lu 0.1418, Penalty 0.0514, loss 1.7631
Epoch 11, Batch 264/652, Lx 1.6688, Lu 0.1493, Penalty 0.0572, loss 1.8753
Epoch 11, Batch 265/652, Lx 1.5584, Lu 0.1030, Penalty 0.1386, loss 1.8000
Epoch 11, Batch 266/652, Lx 1.3953, Lu 0.1081, Penalty 0.1060, loss 1.6093
Epoch 11, Batch 267/652, Lx 1.5435, Lu 0.1250, Penalty 0.1529, loss 1.8214
Epoch 11, Batch 268/652, Lx 1.4218, Lu 0.0878, Penalty 0.0999, loss 1.6094
Epoch 11, Batch 269/652, Lx 1.5420, Lu 0.1495, Penalty 0.0873, loss 1.7788
Epoch 11, Batch 270/652, Lx 1.4970, Lu 0.1164, Penalty 0.1540, loss 1.7674
Epoch 11, Batch 271/652, Lx 1.5146, Lu 0.1199, Penalty 0.1124, loss 1.7468
Epoch 11, Batch 272/652, Lx 1.4886, Lu 0.1344, Penalty 0.0703, loss 1.6934
Epoch 11, Batch 273/652, Lx 1.5644, Lu 0.1353, Penalty 0.0550, loss 1.7547
Epoch 11, Batch 274/652, Lx 1.4972, Lu 0.1146, Penalty 0.0268, loss 1.6386
Epoch 11, Batch 275/652, Lx 1.7814, Lu 0.1403, Penalty 0.0582, loss 1.9799
Epoch 11, Batch 276/652, Lx 1.5773, Lu 0.1335, Penalty 0.0449, loss 1.7557
Epoch 11, Batch 277/652, Lx 1.4950, Lu 0.1351, Penalty 0.1400, loss 1.7701
Epoch 11, Batch 278/652, Lx 1.6423, Lu 0.1628, Penalty 0.0344, loss 1.8395
Epoch 11, Batch 279/652, Lx 1.4240, Lu 0.1084, Penalty 0.0436, loss 1.5760
Epoch 11, Batch 280/652, Lx 1.6027, Lu 0.1123, Penalty 0.0655, loss 1.7806
Epoch 11, Batch 281/652, Lx 1.6393, Lu 0.1385, Penalty 0.0798, loss 1.8576
Epoch 11, Batch 282/652, Lx 1.4816, Lu 0.1240, Penalty 0.1080, loss 1.7135
Epoch 11, Batch 283/652, Lx 1.4161, Lu 0.0973, Penalty 0.1310, loss 1.6443
Epoch 11, Batch 284/652, Lx 1.4553, Lu 0.0994, Penalty 0.0950, loss 1.6497
Epoch 11, Batch 285/652, Lx 1.4555, Lu 0.1081, Penalty 0.1171, loss 1.6807
Epoch 11, Batch 286/652, Lx 1.2902, Lu 0.0880, Penalty 0.1219, loss 1.5002
Epoch 11, Batch 287/652, Lx 1.2942, Lu 0.1101, Penalty 0.1460, loss 1.5502
Epoch 11, Batch 288/652, Lx 1.5351, Lu 0.1340, Penalty 0.1459, loss 1.8150
Epoch 11, Batch 289/652, Lx 1.4755, Lu 0.1069, Penalty 0.0508, loss 1.6332
Epoch 11, Batch 290/652, Lx 1.4058, Lu 0.1167, Penalty 0.0540, loss 1.5765
Epoch 11, Batch 291/652, Lx 1.6676, Lu 0.1388, Penalty 0.0553, loss 1.8618
Epoch 11, Batch 292/652, Lx 1.5226, Lu 0.1289, Penalty 0.0487, loss 1.7002
Epoch 11, Batch 293/652, Lx 1.7589, Lu 0.1474, Penalty 0.0158, loss 1.9221
Epoch 11, Batch 294/652, Lx 1.5413, Lu 0.1604, Penalty 0.0522, loss 1.7540
Epoch 11, Batch 295/652, Lx 1.6046, Lu 0.1337, Penalty 0.0692, loss 1.8074
Epoch 11, Batch 296/652, Lx 1.5791, Lu 0.1537, Penalty 0.0766, loss 1.8094
Epoch 11, Batch 297/652, Lx 1.6470, Lu 0.1232, Penalty 0.0953, loss 1.8654
Epoch 11, Batch 298/652, Lx 1.5688, Lu 0.1245, Penalty 0.1033, loss 1.7967
Epoch 11, Batch 299/652, Lx 1.5757, Lu 0.0896, Penalty 0.1424, loss 1.8077
Epoch 11, Batch 300/652, Lx 1.4563, Lu 0.1169, Penalty 0.0967, loss 1.6698
Epoch 11, Batch 301/652, Lx 1.3858, Lu 0.0921, Penalty 0.0980, loss 1.5760
Epoch 11, Batch 302/652, Lx 1.6486, Lu 0.1338, Penalty 0.1002, loss 1.8827
Epoch 11, Batch 303/652, Lx 1.5799, Lu 0.1167, Penalty 0.0965, loss 1.7932
Epoch 11, Batch 304/652, Lx 1.4614, Lu 0.1039, Penalty 0.0696, loss 1.6349
Epoch 11, Batch 305/652, Lx 1.4236, Lu 0.1558, Penalty 0.0878, loss 1.6671
Epoch 11, Batch 306/652, Lx 1.4993, Lu 0.1315, Penalty 0.0917, loss 1.7225
Epoch 11, Batch 307/652, Lx 1.6477, Lu 0.1366, Penalty 0.0740, loss 1.8583
Epoch 11, Batch 308/652, Lx 1.3559, Lu 0.1075, Penalty 0.0664, loss 1.5298
Epoch 11, Batch 309/652, Lx 1.4711, Lu 0.1079, Penalty 0.0728, loss 1.6519
Epoch 11, Batch 310/652, Lx 1.3137, Lu 0.0985, Penalty 0.0673, loss 1.4795
Epoch 11, Batch 311/652, Lx 1.6232, Lu 0.1704, Penalty 0.0809, loss 1.8745
Epoch 11, Batch 312/652, Lx 1.4266, Lu 0.1148, Penalty 0.0740, loss 1.6153
Epoch 11, Batch 313/652, Lx 1.6948, Lu 0.1168, Penalty 0.0854, loss 1.8970
Epoch 11, Batch 314/652, Lx 1.6354, Lu 0.1548, Penalty 0.0956, loss 1.8857
Epoch 11, Batch 315/652, Lx 1.8249, Lu 0.1944, Penalty 0.0668, loss 2.0861
Epoch 11, Batch 316/652, Lx 1.4625, Lu 0.1285, Penalty 0.0833, loss 1.6743
Epoch 11, Batch 317/652, Lx 1.5930, Lu 0.1554, Penalty 0.0696, loss 1.8180
Epoch 11, Batch 318/652, Lx 1.6349, Lu 0.1423, Penalty 0.0692, loss 1.8464
Epoch 11, Batch 319/652, Lx 1.4658, Lu 0.1312, Penalty 0.0966, loss 1.6936
Epoch 11, Batch 320/652, Lx 1.3964, Lu 0.1109, Penalty 0.1373, loss 1.6446
Epoch 11, Batch 321/652, Lx 1.4522, Lu 0.1185, Penalty 0.1506, loss 1.7213
Epoch 11, Batch 322/652, Lx 1.4585, Lu 0.0992, Penalty 0.0831, loss 1.6408
Epoch 11, Batch 323/652, Lx 1.5463, Lu 0.1196, Penalty 0.0826, loss 1.7485
Epoch 11, Batch 324/652, Lx 1.5773, Lu 0.1247, Penalty 0.1000, loss 1.8019
Epoch 11, Batch 325/652, Lx 1.3238, Lu 0.1374, Penalty 0.0717, loss 1.5329
Epoch 11, Batch 326/652, Lx 1.4043, Lu 0.1324, Penalty 0.0443, loss 1.5810
Epoch 11, Batch 327/652, Lx 1.3874, Lu 0.1565, Penalty 0.0550, loss 1.5989
Epoch 11, Batch 328/652, Lx 1.3918, Lu 0.1136, Penalty 0.0671, loss 1.5725
Epoch 11, Batch 329/652, Lx 1.5180, Lu 0.1087, Penalty 0.0798, loss 1.7064
Epoch 11, Batch 330/652, Lx 1.3373, Lu 0.1068, Penalty 0.0592, loss 1.5033
Epoch 11, Batch 331/652, Lx 1.6399, Lu 0.1655, Penalty 0.0339, loss 1.8393
Epoch 11, Batch 332/652, Lx 1.5343, Lu 0.1423, Penalty 0.0345, loss 1.7110
Epoch 11, Batch 333/652, Lx 1.5977, Lu 0.1411, Penalty 0.0440, loss 1.7829
Epoch 11, Batch 334/652, Lx 1.6177, Lu 0.1478, Penalty 0.0977, loss 1.8632
Epoch 11, Batch 335/652, Lx 1.3583, Lu 0.1416, Penalty 0.0870, loss 1.5870
Epoch 11, Batch 336/652, Lx 1.5543, Lu 0.1494, Penalty 0.0573, loss 1.7611
Epoch 11, Batch 337/652, Lx 1.5217, Lu 0.1354, Penalty 0.1082, loss 1.7653
Epoch 11, Batch 338/652, Lx 1.2192, Lu 0.1252, Penalty 0.1066, loss 1.4510
Epoch 11, Batch 339/652, Lx 1.4432, Lu 0.1094, Penalty 0.1020, loss 1.6547
Epoch 11, Batch 340/652, Lx 1.4832, Lu 0.1425, Penalty 0.0565, loss 1.6822
Epoch 11, Batch 341/652, Lx 1.5503, Lu 0.1533, Penalty 0.0655, loss 1.7691
Epoch 11, Batch 342/652, Lx 1.5276, Lu 0.1110, Penalty 0.0790, loss 1.7176
Epoch 11, Batch 343/652, Lx 1.6469, Lu 0.1446, Penalty 0.1016, loss 1.8930
Epoch 11, Batch 344/652, Lx 1.6447, Lu 0.1427, Penalty 0.0364, loss 1.8239
Epoch 11, Batch 345/652, Lx 1.4450, Lu 0.0966, Penalty 0.0739, loss 1.6155
Epoch 11, Batch 346/652, Lx 1.5033, Lu 0.1652, Penalty 0.1023, loss 1.7709
Epoch 11, Batch 347/652, Lx 1.5195, Lu 0.1363, Penalty 0.0732, loss 1.7290
Epoch 11, Batch 348/652, Lx 1.4624, Lu 0.1091, Penalty 0.0641, loss 1.6355
Epoch 11, Batch 349/652, Lx 1.6132, Lu 0.1111, Penalty 0.0432, loss 1.7675
Epoch 11, Batch 350/652, Lx 1.5054, Lu 0.1272, Penalty 0.0648, loss 1.6973
Epoch 11, Batch 351/652, Lx 1.4867, Lu 0.1223, Penalty 0.1381, loss 1.7471
Epoch 11, Batch 352/652, Lx 1.4686, Lu 0.1433, Penalty 0.0469, loss 1.6588
Epoch 11, Batch 353/652, Lx 1.4191, Lu 0.1072, Penalty 0.1560, loss 1.6823
Epoch 11, Batch 354/652, Lx 1.5434, Lu 0.1363, Penalty 0.0719, loss 1.7516
Epoch 11, Batch 355/652, Lx 1.6087, Lu 0.1275, Penalty 0.0647, loss 1.8009
Epoch 11, Batch 356/652, Lx 1.5222, Lu 0.1272, Penalty 0.0942, loss 1.7436
Epoch 11, Batch 357/652, Lx 1.5514, Lu 0.1361, Penalty 0.0386, loss 1.7261
Epoch 11, Batch 358/652, Lx 1.5396, Lu 0.0906, Penalty 0.0450, loss 1.6752
Epoch 11, Batch 359/652, Lx 1.3340, Lu 0.1224, Penalty 0.0896, loss 1.5460
Epoch 11, Batch 360/652, Lx 1.4009, Lu 0.1231, Penalty 0.0445, loss 1.5686
Epoch 11, Batch 361/652, Lx 1.4393, Lu 0.1133, Penalty 0.0718, loss 1.6244
Epoch 11, Batch 362/652, Lx 1.4074, Lu 0.1138, Penalty 0.0501, loss 1.5713
Epoch 11, Batch 363/652, Lx 1.5923, Lu 0.1130, Penalty 0.0513, loss 1.7566
Epoch 11, Batch 364/652, Lx 1.5202, Lu 0.1190, Penalty 0.0927, loss 1.7318
Epoch 11, Batch 365/652, Lx 1.5293, Lu 0.1553, Penalty 0.0830, loss 1.7676
Epoch 11, Batch 366/652, Lx 1.5335, Lu 0.1841, Penalty 0.0637, loss 1.7813
Epoch 11, Batch 367/652, Lx 1.5657, Lu 0.1291, Penalty 0.1093, loss 1.8041
Epoch 11, Batch 368/652, Lx 1.6130, Lu 0.1275, Penalty 0.0483, loss 1.7888
Epoch 11, Batch 369/652, Lx 1.5855, Lu 0.1339, Penalty 0.0671, loss 1.7865
Epoch 11, Batch 370/652, Lx 1.4776, Lu 0.1182, Penalty 0.1332, loss 1.7290
Epoch 11, Batch 371/652, Lx 1.4704, Lu 0.1117, Penalty 0.1232, loss 1.7053
Epoch 11, Batch 372/652, Lx 1.4157, Lu 0.1036, Penalty 0.1263, loss 1.6456
Epoch 11, Batch 373/652, Lx 1.4574, Lu 0.1025, Penalty 0.0657, loss 1.6256
Epoch 11, Batch 374/652, Lx 1.5308, Lu 0.1444, Penalty 0.0706, loss 1.7458
Epoch 11, Batch 375/652, Lx 1.5294, Lu 0.1115, Penalty 0.0447, loss 1.6856
Epoch 11, Batch 376/652, Lx 1.4788, Lu 0.1238, Penalty 0.0680, loss 1.6706
Epoch 11, Batch 377/652, Lx 1.5102, Lu 0.1247, Penalty 0.0574, loss 1.6923
Epoch 11, Batch 378/652, Lx 1.6280, Lu 0.1766, Penalty 0.0450, loss 1.8496
Epoch 11, Batch 379/652, Lx 1.6782, Lu 0.1719, Penalty 0.0927, loss 1.9428
Epoch 11, Batch 380/652, Lx 1.2707, Lu 0.1038, Penalty 0.0976, loss 1.4721
Epoch 11, Batch 381/652, Lx 1.4986, Lu 0.0991, Penalty 0.0757, loss 1.6735
Epoch 11, Batch 382/652, Lx 1.5891, Lu 0.1282, Penalty 0.1379, loss 1.8553
Epoch 11, Batch 383/652, Lx 1.4761, Lu 0.1185, Penalty 0.0969, loss 1.6916
Epoch 11, Batch 384/652, Lx 1.5185, Lu 0.1081, Penalty 0.0745, loss 1.7010
Epoch 11, Batch 385/652, Lx 1.4762, Lu 0.1140, Penalty 0.0657, loss 1.6558
Epoch 11, Batch 386/652, Lx 1.5861, Lu 0.1512, Penalty 0.0518, loss 1.7891
Epoch 11, Batch 387/652, Lx 1.5162, Lu 0.1317, Penalty 0.1245, loss 1.7725
Epoch 11, Batch 388/652, Lx 1.4900, Lu 0.1533, Penalty 0.0559, loss 1.6992
Epoch 11, Batch 389/652, Lx 1.5181, Lu 0.1324, Penalty 0.0615, loss 1.7120
Epoch 11, Batch 390/652, Lx 1.5571, Lu 0.1521, Penalty 0.0812, loss 1.7904
Epoch 11, Batch 391/652, Lx 1.6149, Lu 0.1157, Penalty 0.0828, loss 1.8135
Epoch 11, Batch 392/652, Lx 1.5139, Lu 0.1277, Penalty 0.0741, loss 1.7156
Epoch 11, Batch 393/652, Lx 1.4775, Lu 0.1019, Penalty 0.1059, loss 1.6854
Epoch 11, Batch 394/652, Lx 1.5249, Lu 0.0991, Penalty 0.0765, loss 1.7005
Epoch 11, Batch 395/652, Lx 1.6403, Lu 0.1327, Penalty 0.0682, loss 1.8413
Epoch 11, Batch 396/652, Lx 1.3892, Lu 0.1430, Penalty 0.1497, loss 1.6819
Epoch 11, Batch 397/652, Lx 1.3074, Lu 0.1197, Penalty 0.0736, loss 1.5007
Epoch 11, Batch 398/652, Lx 1.5002, Lu 0.1269, Penalty 0.0863, loss 1.7135
Epoch 11, Batch 399/652, Lx 1.7739, Lu 0.1185, Penalty 0.0807, loss 1.9731
Epoch 11, Batch 400/652, Lx 1.7575, Lu 0.1542, Penalty 0.0423, loss 1.9540
Epoch 11, Batch 401/652, Lx 1.5496, Lu 0.1234, Penalty 0.0869, loss 1.7598
Epoch 11, Batch 402/652, Lx 1.5618, Lu 0.1404, Penalty 0.0716, loss 1.7737
Epoch 11, Batch 403/652, Lx 1.2863, Lu 0.1189, Penalty 0.0332, loss 1.4383
Epoch 11, Batch 404/652, Lx 1.7226, Lu 0.1428, Penalty 0.0504, loss 1.9158
Epoch 11, Batch 405/652, Lx 1.5552, Lu 0.1191, Penalty 0.0657, loss 1.7400
Epoch 11, Batch 406/652, Lx 1.3410, Lu 0.0958, Penalty 0.0818, loss 1.5186
Epoch 11, Batch 407/652, Lx 1.6004, Lu 0.1446, Penalty 0.0756, loss 1.8206
Epoch 11, Batch 408/652, Lx 1.5510, Lu 0.0957, Penalty 0.0612, loss 1.7080
Epoch 11, Batch 409/652, Lx 1.7001, Lu 0.1575, Penalty 0.0352, loss 1.8929
Epoch 11, Batch 410/652, Lx 1.5009, Lu 0.1546, Penalty 0.1408, loss 1.7963
Epoch 11, Batch 411/652, Lx 1.5311, Lu 0.1042, Penalty 0.0594, loss 1.6947
Epoch 11, Batch 412/652, Lx 1.3055, Lu 0.1087, Penalty 0.0909, loss 1.5050
Epoch 11, Batch 413/652, Lx 1.7210, Lu 0.1444, Penalty 0.0732, loss 1.9387
Epoch 11, Batch 414/652, Lx 1.5122, Lu 0.1292, Penalty 0.0578, loss 1.6992
Epoch 11, Batch 415/652, Lx 1.4981, Lu 0.1079, Penalty 0.0880, loss 1.6940
Epoch 11, Batch 416/652, Lx 1.5335, Lu 0.1476, Penalty 0.0763, loss 1.7574
Epoch 11, Batch 417/652, Lx 1.6086, Lu 0.1135, Penalty 0.0497, loss 1.7719
Epoch 11, Batch 418/652, Lx 1.5326, Lu 0.1605, Penalty 0.0817, loss 1.7748
Epoch 11, Batch 419/652, Lx 1.5541, Lu 0.1324, Penalty 0.0769, loss 1.7635
Epoch 11, Batch 420/652, Lx 1.3280, Lu 0.1017, Penalty 0.0602, loss 1.4900
Epoch 11, Batch 421/652, Lx 1.4901, Lu 0.1307, Penalty 0.0625, loss 1.6833
Epoch 11, Batch 422/652, Lx 1.5996, Lu 0.1463, Penalty 0.0903, loss 1.8361
Epoch 11, Batch 423/652, Lx 1.3496, Lu 0.0910, Penalty 0.0594, loss 1.4999
Epoch 11, Batch 424/652, Lx 1.5756, Lu 0.1183, Penalty 0.0369, loss 1.7308
Epoch 11, Batch 425/652, Lx 1.4610, Lu 0.1461, Penalty 0.0947, loss 1.7019
Epoch 11, Batch 426/652, Lx 1.4261, Lu 0.1421, Penalty 0.0579, loss 1.6262
Epoch 11, Batch 427/652, Lx 1.5646, Lu 0.1194, Penalty 0.0574, loss 1.7414
Epoch 11, Batch 428/652, Lx 1.3606, Lu 0.1703, Penalty 0.0256, loss 1.5565
Epoch 11, Batch 429/652, Lx 1.4745, Lu 0.0999, Penalty 0.0704, loss 1.6449
Epoch 11, Batch 430/652, Lx 1.3057, Lu 0.1004, Penalty 0.0442, loss 1.4503
Epoch 11, Batch 431/652, Lx 1.4250, Lu 0.0965, Penalty 0.0782, loss 1.5996
Epoch 11, Batch 432/652, Lx 1.4240, Lu 0.1129, Penalty 0.0764, loss 1.6133
Epoch 11, Batch 433/652, Lx 1.4005, Lu 0.1269, Penalty 0.0935, loss 1.6209
Epoch 11, Batch 434/652, Lx 1.4562, Lu 0.1301, Penalty 0.0773, loss 1.6636
Epoch 11, Batch 435/652, Lx 1.5191, Lu 0.1882, Penalty 0.0819, loss 1.7892
Epoch 11, Batch 436/652, Lx 1.4790, Lu 0.1636, Penalty 0.0808, loss 1.7234
Epoch 11, Batch 437/652, Lx 1.5698, Lu 0.1730, Penalty 0.0607, loss 1.8035
Epoch 11, Batch 438/652, Lx 1.4613, Lu 0.1383, Penalty 0.1007, loss 1.7003
Epoch 11, Batch 439/652, Lx 1.3854, Lu 0.1094, Penalty 0.0880, loss 1.5828
Epoch 11, Batch 440/652, Lx 1.5796, Lu 0.1240, Penalty 0.0952, loss 1.7988
Epoch 11, Batch 441/652, Lx 1.6490, Lu 0.1354, Penalty 0.0883, loss 1.8728
Epoch 11, Batch 442/652, Lx 1.3804, Lu 0.1279, Penalty 0.0574, loss 1.5657
Epoch 11, Batch 443/652, Lx 1.5230, Lu 0.1615, Penalty 0.0629, loss 1.7475
Epoch 11, Batch 444/652, Lx 1.3807, Lu 0.0963, Penalty 0.1054, loss 1.5825
Epoch 11, Batch 445/652, Lx 1.7698, Lu 0.1244, Penalty 0.0651, loss 1.9593
Epoch 11, Batch 446/652, Lx 1.5450, Lu 0.1191, Penalty 0.1464, loss 1.8106
Epoch 11, Batch 447/652, Lx 1.3660, Lu 0.1394, Penalty 0.0808, loss 1.5862
Epoch 11, Batch 448/652, Lx 1.2057, Lu 0.1087, Penalty 0.0964, loss 1.4107
Epoch 11, Batch 449/652, Lx 1.5665, Lu 0.1222, Penalty 0.1135, loss 1.8022
Epoch 11, Batch 450/652, Lx 1.4506, Lu 0.1010, Penalty 0.0884, loss 1.6400
Epoch 11, Batch 451/652, Lx 1.5874, Lu 0.1542, Penalty 0.0954, loss 1.8370
Epoch 11, Batch 452/652, Lx 1.3882, Lu 0.1384, Penalty 0.0836, loss 1.6101
Epoch 11, Batch 453/652, Lx 1.3898, Lu 0.1509, Penalty 0.0799, loss 1.6206
Epoch 11, Batch 454/652, Lx 1.5127, Lu 0.1236, Penalty 0.0889, loss 1.7253
Epoch 11, Batch 455/652, Lx 1.3527, Lu 0.1124, Penalty 0.0858, loss 1.5509
Epoch 11, Batch 456/652, Lx 1.5669, Lu 0.1101, Penalty 0.0702, loss 1.7471
Epoch 11, Batch 457/652, Lx 1.4588, Lu 0.1367, Penalty 0.1216, loss 1.7170
Epoch 11, Batch 458/652, Lx 1.3779, Lu 0.1280, Penalty 0.0993, loss 1.6051
Epoch 11, Batch 459/652, Lx 1.1445, Lu 0.1035, Penalty 0.1193, loss 1.3673
Epoch 11, Batch 460/652, Lx 1.5617, Lu 0.1256, Penalty 0.0774, loss 1.7646
Epoch 11, Batch 461/652, Lx 1.4353, Lu 0.1136, Penalty 0.1498, loss 1.6987
Epoch 11, Batch 462/652, Lx 1.5226, Lu 0.1110, Penalty 0.1050, loss 1.7386
Epoch 11, Batch 463/652, Lx 1.4638, Lu 0.1113, Penalty 0.1208, loss 1.6959
Epoch 11, Batch 464/652, Lx 1.5584, Lu 0.1233, Penalty 0.0955, loss 1.7771
Epoch 11, Batch 465/652, Lx 1.5807, Lu 0.1865, Penalty 0.0995, loss 1.8667
Epoch 11, Batch 466/652, Lx 1.5277, Lu 0.1059, Penalty 0.0806, loss 1.7142
Epoch 11, Batch 467/652, Lx 1.7492, Lu 0.1217, Penalty 0.0414, loss 1.9123
Epoch 11, Batch 468/652, Lx 1.4203, Lu 0.0969, Penalty 0.0914, loss 1.6086
Epoch 11, Batch 469/652, Lx 1.3750, Lu 0.1122, Penalty 0.0438, loss 1.5310
Epoch 11, Batch 470/652, Lx 1.6014, Lu 0.1377, Penalty 0.0558, loss 1.7949
Epoch 11, Batch 471/652, Lx 1.5838, Lu 0.1213, Penalty 0.0638, loss 1.7688
Epoch 11, Batch 472/652, Lx 1.4812, Lu 0.1257, Penalty 0.0930, loss 1.6999
Epoch 11, Batch 473/652, Lx 1.5611, Lu 0.1385, Penalty 0.0752, loss 1.7748
Epoch 11, Batch 474/652, Lx 1.3734, Lu 0.1039, Penalty 0.0340, loss 1.5114
Epoch 11, Batch 475/652, Lx 1.5798, Lu 0.1784, Penalty 0.0814, loss 1.8396
Epoch 11, Batch 476/652, Lx 1.5174, Lu 0.1524, Penalty 0.0421, loss 1.7119
Epoch 11, Batch 477/652, Lx 1.5486, Lu 0.1151, Penalty 0.0822, loss 1.7459
Epoch 11, Batch 478/652, Lx 1.4772, Lu 0.1604, Penalty 0.0987, loss 1.7364
Epoch 11, Batch 479/652, Lx 1.5169, Lu 0.0905, Penalty 0.0768, loss 1.6842
Epoch 11, Batch 480/652, Lx 1.5696, Lu 0.1304, Penalty 0.0549, loss 1.7549
Epoch 11, Batch 481/652, Lx 1.3768, Lu 0.1547, Penalty 0.0666, loss 1.5981
Epoch 11, Batch 482/652, Lx 1.5768, Lu 0.1461, Penalty 0.0848, loss 1.8077
Epoch 11, Batch 483/652, Lx 1.4764, Lu 0.1068, Penalty 0.0487, loss 1.6320
Epoch 11, Batch 484/652, Lx 1.3258, Lu 0.1166, Penalty 0.1019, loss 1.5443
Epoch 11, Batch 485/652, Lx 1.4783, Lu 0.1300, Penalty 0.0592, loss 1.6675
Epoch 11, Batch 486/652, Lx 1.4732, Lu 0.1036, Penalty 0.0631, loss 1.6399
Epoch 11, Batch 487/652, Lx 1.5892, Lu 0.1902, Penalty 0.0839, loss 1.8633
Epoch 11, Batch 488/652, Lx 1.5258, Lu 0.1488, Penalty 0.1189, loss 1.7935
Epoch 11, Batch 489/652, Lx 1.4224, Lu 0.0923, Penalty 0.1231, loss 1.6378
Epoch 11, Batch 490/652, Lx 1.6265, Lu 0.1620, Penalty 0.1279, loss 1.9164
Epoch 11, Batch 491/652, Lx 1.3868, Lu 0.0960, Penalty 0.1403, loss 1.6232
Epoch 11, Batch 492/652, Lx 1.2719, Lu 0.0998, Penalty 0.1059, loss 1.4776
Epoch 11, Batch 493/652, Lx 1.4638, Lu 0.1314, Penalty 0.0927, loss 1.6879
Epoch 11, Batch 494/652, Lx 1.4301, Lu 0.1326, Penalty 0.1118, loss 1.6745
Epoch 11, Batch 495/652, Lx 1.4087, Lu 0.1225, Penalty 0.0576, loss 1.5888
Epoch 11, Batch 496/652, Lx 1.4461, Lu 0.1022, Penalty 0.1033, loss 1.6517
Epoch 11, Batch 497/652, Lx 1.3624, Lu 0.1073, Penalty 0.1433, loss 1.6129
Epoch 11, Batch 498/652, Lx 1.4554, Lu 0.0919, Penalty 0.0846, loss 1.6319
Epoch 11, Batch 499/652, Lx 1.6197, Lu 0.1442, Penalty 0.0672, loss 1.8310
Epoch 11, Batch 500/652, Lx 1.5013, Lu 0.1088, Penalty 0.0481, loss 1.6582
Epoch 11, Batch 501/652, Lx 1.3777, Lu 0.1120, Penalty 0.0743, loss 1.5641
Epoch 11, Batch 502/652, Lx 1.3055, Lu 0.1202, Penalty 0.0844, loss 1.5100
Epoch 11, Batch 503/652, Lx 1.4270, Lu 0.1250, Penalty 0.0940, loss 1.6460
Epoch 11, Batch 504/652, Lx 1.6607, Lu 0.1433, Penalty 0.1301, loss 1.9341
Epoch 11, Batch 505/652, Lx 1.6364, Lu 0.1089, Penalty 0.0883, loss 1.8336
Epoch 11, Batch 506/652, Lx 1.5740, Lu 0.1546, Penalty 0.0554, loss 1.7840
Epoch 11, Batch 507/652, Lx 1.2061, Lu 0.1071, Penalty 0.0860, loss 1.3991
Epoch 11, Batch 508/652, Lx 1.4753, Lu 0.1213, Penalty 0.0805, loss 1.6771
Epoch 11, Batch 509/652, Lx 1.4459, Lu 0.1287, Penalty 0.0844, loss 1.6590
Epoch 11, Batch 510/652, Lx 1.4414, Lu 0.1457, Penalty 0.0678, loss 1.6549
Epoch 11, Batch 511/652, Lx 1.2517, Lu 0.1254, Penalty 0.0840, loss 1.4612
Epoch 11, Batch 512/652, Lx 1.6562, Lu 0.1304, Penalty 0.1096, loss 1.8962
Epoch 11, Batch 513/652, Lx 1.5130, Lu 0.1596, Penalty 0.0424, loss 1.7151
Epoch 11, Batch 514/652, Lx 1.4502, Lu 0.1345, Penalty 0.0676, loss 1.6524
Epoch 11, Batch 515/652, Lx 1.5190, Lu 0.0985, Penalty 0.0431, loss 1.6605
Epoch 11, Batch 516/652, Lx 1.4701, Lu 0.1506, Penalty 0.0972, loss 1.7179
Epoch 11, Batch 517/652, Lx 1.5358, Lu 0.1220, Penalty 0.0694, loss 1.7272
Epoch 11, Batch 518/652, Lx 1.5452, Lu 0.1368, Penalty 0.0532, loss 1.7352
Epoch 11, Batch 519/652, Lx 1.6687, Lu 0.1345, Penalty 0.0354, loss 1.8386
Epoch 11, Batch 520/652, Lx 1.4458, Lu 0.1230, Penalty 0.0546, loss 1.6235
Epoch 11, Batch 521/652, Lx 1.3394, Lu 0.1038, Penalty 0.0784, loss 1.5217
Epoch 11, Batch 522/652, Lx 1.3483, Lu 0.1090, Penalty 0.0625, loss 1.5198
Epoch 11, Batch 523/652, Lx 1.6233, Lu 0.1179, Penalty 0.0554, loss 1.7967
Epoch 11, Batch 524/652, Lx 1.5126, Lu 0.1381, Penalty 0.0690, loss 1.7198
Epoch 11, Batch 525/652, Lx 1.5497, Lu 0.1299, Penalty 0.0589, loss 1.7385
Epoch 11, Batch 526/652, Lx 1.4190, Lu 0.1148, Penalty 0.1228, loss 1.6567
Epoch 11, Batch 527/652, Lx 1.3757, Lu 0.1224, Penalty 0.1220, loss 1.6201
Epoch 11, Batch 528/652, Lx 1.5172, Lu 0.1483, Penalty 0.1328, loss 1.7983
Epoch 11, Batch 529/652, Lx 1.6160, Lu 0.1279, Penalty 0.0690, loss 1.8129
Epoch 11, Batch 530/652, Lx 1.5740, Lu 0.1335, Penalty 0.0629, loss 1.7703
Epoch 11, Batch 531/652, Lx 1.6125, Lu 0.1289, Penalty 0.1107, loss 1.8521
Epoch 11, Batch 532/652, Lx 1.5557, Lu 0.1040, Penalty 0.0774, loss 1.7372
Epoch 11, Batch 533/652, Lx 1.5072, Lu 0.1255, Penalty 0.0632, loss 1.6959
Epoch 11, Batch 534/652, Lx 1.5451, Lu 0.1148, Penalty 0.0813, loss 1.7412
Epoch 11, Batch 535/652, Lx 1.2884, Lu 0.1084, Penalty 0.1615, loss 1.5583
Epoch 11, Batch 536/652, Lx 1.4196, Lu 0.0914, Penalty 0.0405, loss 1.5515
Epoch 11, Batch 537/652, Lx 1.3555, Lu 0.1063, Penalty 0.1093, loss 1.5711
Epoch 11, Batch 538/652, Lx 1.5542, Lu 0.1368, Penalty 0.1070, loss 1.7980
Epoch 11, Batch 539/652, Lx 1.5271, Lu 0.1078, Penalty 0.0759, loss 1.7107
Epoch 11, Batch 540/652, Lx 1.3732, Lu 0.1039, Penalty 0.0605, loss 1.5377
Epoch 11, Batch 541/652, Lx 1.3144, Lu 0.1133, Penalty 0.0907, loss 1.5184
Epoch 11, Batch 542/652, Lx 1.6179, Lu 0.1884, Penalty 0.0406, loss 1.8469
Epoch 11, Batch 543/652, Lx 1.4360, Lu 0.1304, Penalty 0.0558, loss 1.6222
Epoch 11, Batch 544/652, Lx 1.7130, Lu 0.1527, Penalty 0.0454, loss 1.9111
Epoch 11, Batch 545/652, Lx 1.6400, Lu 0.1301, Penalty 0.0863, loss 1.8564
Epoch 11, Batch 546/652, Lx 1.5663, Lu 0.1702, Penalty 0.0689, loss 1.8054
Epoch 11, Batch 547/652, Lx 1.5558, Lu 0.1010, Penalty 0.1354, loss 1.7922
Epoch 11, Batch 548/652, Lx 1.3564, Lu 0.1222, Penalty 0.0920, loss 1.5706
Epoch 11, Batch 549/652, Lx 1.4823, Lu 0.1063, Penalty 0.1197, loss 1.7082
Epoch 11, Batch 550/652, Lx 1.4337, Lu 0.1571, Penalty 0.0629, loss 1.6537
Epoch 11, Batch 551/652, Lx 1.5451, Lu 0.1156, Penalty 0.0830, loss 1.7437
Epoch 11, Batch 552/652, Lx 1.4555, Lu 0.0642, Penalty 0.1649, loss 1.6845
Epoch 11, Batch 553/652, Lx 1.5443, Lu 0.0910, Penalty 0.1062, loss 1.7414
Epoch 11, Batch 554/652, Lx 1.5500, Lu 0.1271, Penalty 0.0478, loss 1.7249
Epoch 11, Batch 555/652, Lx 1.3672, Lu 0.1224, Penalty 0.0687, loss 1.5583
Epoch 11, Batch 556/652, Lx 1.2102, Lu 0.0879, Penalty 0.0999, loss 1.3980
Epoch 11, Batch 557/652, Lx 1.6163, Lu 0.1010, Penalty 0.1099, loss 1.8272
Epoch 11, Batch 558/652, Lx 1.2225, Lu 0.1003, Penalty 0.0975, loss 1.4203
Epoch 11, Batch 559/652, Lx 1.6154, Lu 0.1190, Penalty 0.0919, loss 1.8263
Epoch 11, Batch 560/652, Lx 1.4646, Lu 0.1309, Penalty 0.0827, loss 1.6782
Epoch 11, Batch 561/652, Lx 1.4471, Lu 0.0780, Penalty 0.1342, loss 1.6593
Epoch 11, Batch 562/652, Lx 1.5348, Lu 0.1051, Penalty 0.1483, loss 1.7882
Epoch 11, Batch 563/652, Lx 1.4663, Lu 0.1424, Penalty 0.0525, loss 1.6612
Epoch 11, Batch 564/652, Lx 1.3740, Lu 0.1318, Penalty 0.0534, loss 1.5592
Epoch 11, Batch 565/652, Lx 1.4492, Lu 0.1229, Penalty 0.0538, loss 1.6258
Epoch 11, Batch 566/652, Lx 1.3092, Lu 0.1179, Penalty 0.0387, loss 1.4659
Epoch 11, Batch 567/652, Lx 1.3847, Lu 0.0991, Penalty 0.1363, loss 1.6201
Epoch 11, Batch 568/652, Lx 1.2673, Lu 0.1210, Penalty 0.0768, loss 1.4651
Epoch 11, Batch 569/652, Lx 1.5845, Lu 0.1312, Penalty 0.0682, loss 1.7839
Epoch 11, Batch 570/652, Lx 1.3814, Lu 0.1211, Penalty 0.0644, loss 1.5669
Epoch 11, Batch 571/652, Lx 1.4306, Lu 0.1158, Penalty 0.0920, loss 1.6384
Epoch 11, Batch 572/652, Lx 1.5713, Lu 0.1509, Penalty 0.0384, loss 1.7606
Epoch 11, Batch 573/652, Lx 1.5036, Lu 0.1394, Penalty 0.0712, loss 1.7142
Epoch 11, Batch 574/652, Lx 1.5105, Lu 0.1263, Penalty 0.0900, loss 1.7269
Epoch 11, Batch 575/652, Lx 1.5413, Lu 0.1322, Penalty 0.0503, loss 1.7237
Epoch 11, Batch 576/652, Lx 1.6491, Lu 0.1243, Penalty 0.0726, loss 1.8459
Epoch 11, Batch 577/652, Lx 1.3783, Lu 0.1215, Penalty 0.0408, loss 1.5405
Epoch 11, Batch 578/652, Lx 1.5203, Lu 0.1234, Penalty 0.0559, loss 1.6996
Epoch 11, Batch 579/652, Lx 1.5951, Lu 0.1477, Penalty 0.1308, loss 1.8736
Epoch 11, Batch 580/652, Lx 1.3500, Lu 0.1118, Penalty 0.1506, loss 1.6124
Epoch 11, Batch 581/652, Lx 1.4534, Lu 0.0944, Penalty 0.1085, loss 1.6563
Epoch 11, Batch 582/652, Lx 1.5492, Lu 0.1274, Penalty 0.0882, loss 1.7647
Epoch 11, Batch 583/652, Lx 1.3828, Lu 0.1237, Penalty 0.0453, loss 1.5518
Epoch 11, Batch 584/652, Lx 1.4736, Lu 0.0937, Penalty 0.0588, loss 1.6261
Epoch 11, Batch 585/652, Lx 1.4809, Lu 0.1169, Penalty 0.0574, loss 1.6552
Epoch 11, Batch 586/652, Lx 1.5491, Lu 0.1345, Penalty 0.0919, loss 1.7755
Epoch 11, Batch 587/652, Lx 1.4666, Lu 0.1255, Penalty 0.0663, loss 1.6584
Epoch 11, Batch 588/652, Lx 1.3889, Lu 0.1148, Penalty 0.1005, loss 1.6042
Epoch 11, Batch 589/652, Lx 1.4304, Lu 0.1217, Penalty 0.1395, loss 1.6916
Epoch 11, Batch 590/652, Lx 1.4024, Lu 0.1182, Penalty 0.0716, loss 1.5922
Epoch 11, Batch 591/652, Lx 1.5866, Lu 0.1489, Penalty 0.0525, loss 1.7880
Epoch 11, Batch 592/652, Lx 1.4329, Lu 0.1358, Penalty 0.0786, loss 1.6473
Epoch 11, Batch 593/652, Lx 1.4553, Lu 0.1305, Penalty 0.0747, loss 1.6606
Epoch 11, Batch 594/652, Lx 1.4667, Lu 0.1500, Penalty 0.0820, loss 1.6986
Epoch 11, Batch 595/652, Lx 1.5691, Lu 0.1219, Penalty 0.0843, loss 1.7754
Epoch 11, Batch 596/652, Lx 1.3962, Lu 0.0988, Penalty 0.2100, loss 1.7050
Epoch 11, Batch 597/652, Lx 1.5507, Lu 0.1089, Penalty 0.1058, loss 1.7654
Epoch 11, Batch 598/652, Lx 1.5760, Lu 0.1169, Penalty 0.1142, loss 1.8072
Epoch 11, Batch 599/652, Lx 1.5845, Lu 0.0991, Penalty 0.0990, loss 1.7826
Epoch 11, Batch 600/652, Lx 1.4529, Lu 0.1197, Penalty 0.1000, loss 1.6726
Epoch 11, Batch 601/652, Lx 1.4387, Lu 0.1268, Penalty 0.0520, loss 1.6174
Epoch 11, Batch 602/652, Lx 1.4727, Lu 0.1207, Penalty 0.0578, loss 1.6513
Epoch 11, Batch 603/652, Lx 1.3898, Lu 0.0940, Penalty 0.1229, loss 1.6067
Epoch 11, Batch 604/652, Lx 1.5346, Lu 0.1623, Penalty 0.1010, loss 1.7979
Epoch 11, Batch 605/652, Lx 1.3064, Lu 0.1084, Penalty 0.1297, loss 1.5446
Epoch 11, Batch 606/652, Lx 1.5904, Lu 0.1012, Penalty 0.0744, loss 1.7659
Epoch 11, Batch 607/652, Lx 1.4663, Lu 0.1161, Penalty 0.0862, loss 1.6686
Epoch 11, Batch 608/652, Lx 1.5359, Lu 0.1147, Penalty 0.0706, loss 1.7212
Epoch 11, Batch 609/652, Lx 1.4446, Lu 0.0802, Penalty 0.0889, loss 1.6137
Epoch 11, Batch 610/652, Lx 1.4670, Lu 0.1417, Penalty 0.1067, loss 1.7154
Epoch 11, Batch 611/652, Lx 1.3864, Lu 0.1390, Penalty 0.1381, loss 1.6635
Epoch 11, Batch 612/652, Lx 1.4320, Lu 0.1634, Penalty 0.0895, loss 1.6848
Epoch 11, Batch 613/652, Lx 1.5488, Lu 0.1456, Penalty 0.0940, loss 1.7884
Epoch 11, Batch 614/652, Lx 1.4690, Lu 0.1076, Penalty 0.0815, loss 1.6582
Epoch 11, Batch 615/652, Lx 1.5930, Lu 0.1232, Penalty 0.0795, loss 1.7957
Epoch 11, Batch 616/652, Lx 1.4099, Lu 0.1016, Penalty 0.0916, loss 1.6031
Epoch 11, Batch 617/652, Lx 1.3519, Lu 0.0896, Penalty 0.0613, loss 1.5028
Epoch 11, Batch 618/652, Lx 1.4633, Lu 0.0923, Penalty 0.0797, loss 1.6353
Epoch 11, Batch 619/652, Lx 1.5525, Lu 0.1000, Penalty 0.0698, loss 1.7223
Epoch 11, Batch 620/652, Lx 1.4352, Lu 0.1233, Penalty 0.0615, loss 1.6200
Epoch 11, Batch 621/652, Lx 1.5544, Lu 0.1753, Penalty 0.0501, loss 1.7798
Epoch 11, Batch 622/652, Lx 1.4670, Lu 0.1350, Penalty 0.0561, loss 1.6581
Epoch 11, Batch 623/652, Lx 1.3764, Lu 0.1055, Penalty 0.0954, loss 1.5772
Epoch 11, Batch 624/652, Lx 1.5129, Lu 0.1159, Penalty 0.1403, loss 1.7691
Epoch 11, Batch 625/652, Lx 1.4732, Lu 0.1000, Penalty 0.1193, loss 1.6926
Epoch 11, Batch 626/652, Lx 1.5740, Lu 0.1306, Penalty 0.0627, loss 1.7673
Epoch 11, Batch 627/652, Lx 1.2886, Lu 0.0875, Penalty 0.1453, loss 1.5214
Epoch 11, Batch 628/652, Lx 1.5770, Lu 0.1394, Penalty 0.0770, loss 1.7935
Epoch 11, Batch 629/652, Lx 1.4904, Lu 0.1132, Penalty 0.0613, loss 1.6649
Epoch 11, Batch 630/652, Lx 1.3701, Lu 0.1093, Penalty 0.1010, loss 1.5804
Epoch 11, Batch 631/652, Lx 1.6135, Lu 0.1696, Penalty 0.0840, loss 1.8671
Epoch 11, Batch 632/652, Lx 1.4904, Lu 0.1153, Penalty 0.1154, loss 1.7211
Epoch 11, Batch 633/652, Lx 1.2940, Lu 0.1019, Penalty 0.1471, loss 1.5430
Epoch 11, Batch 634/652, Lx 1.3825, Lu 0.0990, Penalty 0.0556, loss 1.5371
Epoch 11, Batch 635/652, Lx 1.5587, Lu 0.1591, Penalty 0.1002, loss 1.8180
Epoch 11, Batch 636/652, Lx 1.3670, Lu 0.0893, Penalty 0.0820, loss 1.5382
Epoch 11, Batch 637/652, Lx 1.5277, Lu 0.1068, Penalty 0.0742, loss 1.7087
Epoch 11, Batch 638/652, Lx 1.3647, Lu 0.1072, Penalty 0.1162, loss 1.5881
Epoch 11, Batch 639/652, Lx 1.5283, Lu 0.1419, Penalty 0.0943, loss 1.7645
Epoch 11, Batch 640/652, Lx 1.4135, Lu 0.1243, Penalty 0.0804, loss 1.6182
Epoch 11, Batch 641/652, Lx 1.5913, Lu 0.1433, Penalty 0.0594, loss 1.7940
Epoch 11, Batch 642/652, Lx 1.3842, Lu 0.1106, Penalty 0.0835, loss 1.5783
Epoch 11, Batch 643/652, Lx 1.4684, Lu 0.1179, Penalty 0.0621, loss 1.6484
Epoch 11, Batch 644/652, Lx 1.3544, Lu 0.1458, Penalty 0.0503, loss 1.5505
Epoch 11, Batch 645/652, Lx 1.4537, Lu 0.1601, Penalty 0.0501, loss 1.6639
Epoch 11, Batch 646/652, Lx 1.5324, Lu 0.1687, Penalty 0.0486, loss 1.7498
Epoch 11, Batch 647/652, Lx 1.6254, Lu 0.1256, Penalty 0.0774, loss 1.8284
Epoch 11, Batch 648/652, Lx 1.4421, Lu 0.1100, Penalty 0.0465, loss 1.5986
Epoch 11, Batch 649/652, Lx 1.1639, Lu 0.1302, Penalty 0.0617, loss 1.3559
Epoch 11, Batch 650/652, Lx 1.1984, Lu 0.1308, Penalty 0.0938, loss 1.4230
Epoch 11, Batch 651/652, Lx 1.3756, Lu 0.1152, Penalty 0.1638, loss 1.6545
Epoch 11, Batch 652/652, Lx 1.3399, Lu 0.1308, Penalty 0.0531, loss 1.5239
Loss: 1.7165, Lx: 1.5097, Lu: 0.1267, Penalty: 0.0801
Evaluating training data at epoch 11 for Model 1
Evaluating training data at epoch 11 for Model 2
Evaluating models at epoch 11
Test data size: 60000
Epoch: 11, Test Loss: 1.5079, Test Accuracy: 0.4906, Test F1 Score: 0.4653
Training for Network 1
labelled data size: 18397
unlabelled data size: 23603
Epoch 12, Batch 1/575, Lx 1.5592, Lu 0.1959, Penalty 0.0645, loss 1.8195
Epoch 12, Batch 2/575, Lx 1.4914, Lu 0.2589, Penalty 0.0517, loss 1.8020
Epoch 12, Batch 3/575, Lx 1.3944, Lu 0.1918, Penalty 0.0648, loss 1.6511
Epoch 12, Batch 4/575, Lx 1.4735, Lu 0.1293, Penalty 0.0650, loss 1.6678
Epoch 12, Batch 5/575, Lx 1.4022, Lu 0.1605, Penalty 0.0962, loss 1.6589
Epoch 12, Batch 6/575, Lx 1.6264, Lu 0.2152, Penalty 0.0882, loss 1.9298
Epoch 12, Batch 7/575, Lx 1.1619, Lu 0.1454, Penalty 0.1150, loss 1.4223
Epoch 12, Batch 8/575, Lx 1.3033, Lu 0.1294, Penalty 0.1775, loss 1.6102
Epoch 12, Batch 9/575, Lx 1.5307, Lu 0.1681, Penalty 0.1274, loss 1.8262
Epoch 12, Batch 10/575, Lx 1.4354, Lu 0.1534, Penalty 0.0758, loss 1.6647
Epoch 12, Batch 11/575, Lx 1.3034, Lu 0.1318, Penalty 0.2443, loss 1.6796
Epoch 12, Batch 12/575, Lx 1.3345, Lu 0.1135, Penalty 0.2102, loss 1.6582
Epoch 12, Batch 13/575, Lx 1.4935, Lu 0.1959, Penalty 0.0461, loss 1.7355
Epoch 12, Batch 14/575, Lx 1.3174, Lu 0.1502, Penalty 0.1028, loss 1.5705
Epoch 12, Batch 15/575, Lx 1.4122, Lu 0.1429, Penalty 0.1520, loss 1.7070
Epoch 12, Batch 16/575, Lx 1.2677, Lu 0.1168, Penalty 0.1102, loss 1.4947
Epoch 12, Batch 17/575, Lx 1.4096, Lu 0.1786, Penalty 0.0891, loss 1.6774
Epoch 12, Batch 18/575, Lx 1.2987, Lu 0.1787, Penalty 0.0613, loss 1.5387
Epoch 12, Batch 19/575, Lx 1.3907, Lu 0.1871, Penalty 0.0686, loss 1.6464
Epoch 12, Batch 20/575, Lx 1.1377, Lu 0.1806, Penalty 0.0590, loss 1.3772
Epoch 12, Batch 21/575, Lx 1.2060, Lu 0.2202, Penalty 0.0706, loss 1.4968
Epoch 12, Batch 22/575, Lx 1.4324, Lu 0.1992, Penalty 0.1331, loss 1.7647
Epoch 12, Batch 23/575, Lx 1.3450, Lu 0.1777, Penalty 0.0827, loss 1.6054
Epoch 12, Batch 24/575, Lx 1.3056, Lu 0.1763, Penalty 0.2193, loss 1.7012
Epoch 12, Batch 25/575, Lx 1.4506, Lu 0.1699, Penalty 0.0498, loss 1.6703
Epoch 12, Batch 26/575, Lx 1.3580, Lu 0.1453, Penalty 0.0606, loss 1.5639
Epoch 12, Batch 27/575, Lx 1.5686, Lu 0.1381, Penalty 0.0614, loss 1.7681
Epoch 12, Batch 28/575, Lx 1.3670, Lu 0.2082, Penalty 0.1312, loss 1.7065
Epoch 12, Batch 29/575, Lx 1.4835, Lu 0.2115, Penalty 0.0780, loss 1.7730
Epoch 12, Batch 30/575, Lx 1.1611, Lu 0.1482, Penalty 0.0618, loss 1.3711
Epoch 12, Batch 31/575, Lx 1.2754, Lu 0.1419, Penalty 0.0942, loss 1.5116
Epoch 12, Batch 32/575, Lx 1.4753, Lu 0.1798, Penalty 0.0708, loss 1.7259
Epoch 12, Batch 33/575, Lx 1.3088, Lu 0.1227, Penalty 0.0679, loss 1.4994
Epoch 12, Batch 34/575, Lx 1.3601, Lu 0.1632, Penalty 0.0850, loss 1.6082
Epoch 12, Batch 35/575, Lx 1.2744, Lu 0.1370, Penalty 0.0957, loss 1.5070
Epoch 12, Batch 36/575, Lx 1.1884, Lu 0.1694, Penalty 0.0732, loss 1.4309
Epoch 12, Batch 37/575, Lx 1.3894, Lu 0.1523, Penalty 0.0593, loss 1.6010
Epoch 12, Batch 38/575, Lx 1.4093, Lu 0.1422, Penalty 0.1617, loss 1.7132
Epoch 12, Batch 39/575, Lx 1.1394, Lu 0.1092, Penalty 0.1549, loss 1.4034
Epoch 12, Batch 40/575, Lx 1.3255, Lu 0.1612, Penalty 0.1355, loss 1.6221
Epoch 12, Batch 41/575, Lx 1.3266, Lu 0.1547, Penalty 0.1919, loss 1.6732
Epoch 12, Batch 42/575, Lx 1.4822, Lu 0.1265, Penalty 0.1717, loss 1.7804
Epoch 12, Batch 43/575, Lx 1.4011, Lu 0.1568, Penalty 0.0997, loss 1.6576
Epoch 12, Batch 44/575, Lx 1.4369, Lu 0.1310, Penalty 0.1245, loss 1.6924
Epoch 12, Batch 45/575, Lx 1.2770, Lu 0.1377, Penalty 0.1468, loss 1.5615
Epoch 12, Batch 46/575, Lx 1.5190, Lu 0.1874, Penalty 0.0807, loss 1.7871
Epoch 12, Batch 47/575, Lx 1.5869, Lu 0.2179, Penalty 0.0889, loss 1.8936
Epoch 12, Batch 48/575, Lx 1.1902, Lu 0.1793, Penalty 0.1247, loss 1.4942
Epoch 12, Batch 49/575, Lx 1.4009, Lu 0.1568, Penalty 0.1059, loss 1.6636
Epoch 12, Batch 50/575, Lx 1.3271, Lu 0.1666, Penalty 0.1257, loss 1.6194
Epoch 12, Batch 51/575, Lx 1.2349, Lu 0.1862, Penalty 0.1045, loss 1.5256
Epoch 12, Batch 52/575, Lx 1.4585, Lu 0.1859, Penalty 0.1039, loss 1.7483
Epoch 12, Batch 53/575, Lx 1.4609, Lu 0.1526, Penalty 0.1191, loss 1.7325
Epoch 12, Batch 54/575, Lx 1.5468, Lu 0.1625, Penalty 0.1256, loss 1.8349
Epoch 12, Batch 55/575, Lx 1.4250, Lu 0.1197, Penalty 0.0568, loss 1.6015
Epoch 12, Batch 56/575, Lx 1.6674, Lu 0.2250, Penalty 0.1243, loss 2.0167
Epoch 12, Batch 57/575, Lx 1.4120, Lu 0.1419, Penalty 0.0569, loss 1.6109
Epoch 12, Batch 58/575, Lx 1.5317, Lu 0.1818, Penalty 0.0768, loss 1.7903
Epoch 12, Batch 59/575, Lx 1.3996, Lu 0.1621, Penalty 0.0918, loss 1.6535
Epoch 12, Batch 60/575, Lx 1.2861, Lu 0.1444, Penalty 0.0978, loss 1.5284
Epoch 12, Batch 61/575, Lx 1.3554, Lu 0.1311, Penalty 0.0881, loss 1.5747
Epoch 12, Batch 62/575, Lx 1.4011, Lu 0.2229, Penalty 0.0746, loss 1.6986
Epoch 12, Batch 63/575, Lx 1.4631, Lu 0.1822, Penalty 0.0650, loss 1.7103
Epoch 12, Batch 64/575, Lx 1.3396, Lu 0.1685, Penalty 0.1023, loss 1.6104
Epoch 12, Batch 65/575, Lx 1.3623, Lu 0.1230, Penalty 0.0884, loss 1.5737
Epoch 12, Batch 66/575, Lx 1.5556, Lu 0.1827, Penalty 0.1124, loss 1.8507
Epoch 12, Batch 67/575, Lx 1.3710, Lu 0.1616, Penalty 0.1054, loss 1.6380
Epoch 12, Batch 68/575, Lx 1.4723, Lu 0.1733, Penalty 0.0663, loss 1.7119
Epoch 12, Batch 69/575, Lx 1.0513, Lu 0.1078, Penalty 0.1355, loss 1.2946
Epoch 12, Batch 70/575, Lx 1.4180, Lu 0.1775, Penalty 0.0804, loss 1.6759
Epoch 12, Batch 71/575, Lx 1.4628, Lu 0.1352, Penalty 0.1520, loss 1.7500
Epoch 12, Batch 72/575, Lx 1.4893, Lu 0.2302, Penalty 0.1004, loss 1.8199
Epoch 12, Batch 73/575, Lx 1.4001, Lu 0.1666, Penalty 0.1216, loss 1.6883
Epoch 12, Batch 74/575, Lx 1.2663, Lu 0.1679, Penalty 0.0850, loss 1.5192
Epoch 12, Batch 75/575, Lx 1.4959, Lu 0.1279, Penalty 0.1330, loss 1.7568
Epoch 12, Batch 76/575, Lx 1.4225, Lu 0.1365, Penalty 0.0717, loss 1.6308
Epoch 12, Batch 77/575, Lx 1.2274, Lu 0.1156, Penalty 0.1193, loss 1.4622
Epoch 12, Batch 78/575, Lx 1.1710, Lu 0.1506, Penalty 0.1068, loss 1.4284
Epoch 12, Batch 79/575, Lx 1.4397, Lu 0.1720, Penalty 0.0605, loss 1.6723
Epoch 12, Batch 80/575, Lx 1.3196, Lu 0.1460, Penalty 0.1559, loss 1.6214
Epoch 12, Batch 81/575, Lx 1.2524, Lu 0.1272, Penalty 0.1114, loss 1.4910
Epoch 12, Batch 82/575, Lx 1.4732, Lu 0.1255, Penalty 0.0900, loss 1.6886
Epoch 12, Batch 83/575, Lx 1.1906, Lu 0.1576, Penalty 0.1151, loss 1.4633
Epoch 12, Batch 84/575, Lx 1.3095, Lu 0.1486, Penalty 0.0500, loss 1.5081
Epoch 12, Batch 85/575, Lx 0.9684, Lu 0.1174, Penalty 0.1208, loss 1.2066
Epoch 12, Batch 86/575, Lx 1.5054, Lu 0.1759, Penalty 0.0542, loss 1.7356
Epoch 12, Batch 87/575, Lx 1.3421, Lu 0.1607, Penalty 0.0719, loss 1.5747
Epoch 12, Batch 88/575, Lx 1.3673, Lu 0.2533, Penalty 0.1180, loss 1.7386
Epoch 12, Batch 89/575, Lx 1.3832, Lu 0.1413, Penalty 0.0843, loss 1.6089
Epoch 12, Batch 90/575, Lx 1.2123, Lu 0.1303, Penalty 0.0851, loss 1.4277
Epoch 12, Batch 91/575, Lx 1.1782, Lu 0.1713, Penalty 0.1078, loss 1.4573
Epoch 12, Batch 92/575, Lx 1.2859, Lu 0.1620, Penalty 0.0896, loss 1.5376
Epoch 12, Batch 93/575, Lx 1.2396, Lu 0.1546, Penalty 0.1055, loss 1.4997
Epoch 12, Batch 94/575, Lx 1.1867, Lu 0.1392, Penalty 0.0583, loss 1.3842
Epoch 12, Batch 95/575, Lx 1.4693, Lu 0.1837, Penalty 0.0682, loss 1.7212
Epoch 12, Batch 96/575, Lx 1.2475, Lu 0.0951, Penalty 0.1282, loss 1.4708
Epoch 12, Batch 97/575, Lx 1.4375, Lu 0.1480, Penalty 0.1381, loss 1.7236
Epoch 12, Batch 98/575, Lx 1.2247, Lu 0.1065, Penalty 0.1217, loss 1.4529
Epoch 12, Batch 99/575, Lx 1.3979, Lu 0.1083, Penalty 0.0994, loss 1.6056
Epoch 12, Batch 100/575, Lx 1.5023, Lu 0.1214, Penalty 0.1161, loss 1.7398
Epoch 12, Batch 101/575, Lx 1.2812, Lu 0.1489, Penalty 0.1015, loss 1.5316
Epoch 12, Batch 102/575, Lx 1.4438, Lu 0.1888, Penalty 0.0832, loss 1.7158
Epoch 12, Batch 103/575, Lx 1.4476, Lu 0.1758, Penalty 0.1105, loss 1.7339
Epoch 12, Batch 104/575, Lx 1.2671, Lu 0.1374, Penalty 0.0877, loss 1.4922
Epoch 12, Batch 105/575, Lx 1.6370, Lu 0.1508, Penalty 0.0806, loss 1.8685
Epoch 12, Batch 106/575, Lx 1.1648, Lu 0.1392, Penalty 0.1303, loss 1.4344
Epoch 12, Batch 107/575, Lx 1.2614, Lu 0.1580, Penalty 0.0662, loss 1.4856
Epoch 12, Batch 108/575, Lx 1.4161, Lu 0.1448, Penalty 0.0960, loss 1.6569
Epoch 12, Batch 109/575, Lx 1.4255, Lu 0.1567, Penalty 0.0729, loss 1.6550
Epoch 12, Batch 110/575, Lx 1.2894, Lu 0.1884, Penalty 0.0666, loss 1.5444
Epoch 12, Batch 111/575, Lx 1.5056, Lu 0.1669, Penalty 0.0585, loss 1.7310
Epoch 12, Batch 112/575, Lx 1.2008, Lu 0.1259, Penalty 0.0463, loss 1.3729
Epoch 12, Batch 113/575, Lx 1.3870, Lu 0.1874, Penalty 0.0713, loss 1.6458
Epoch 12, Batch 114/575, Lx 1.5120, Lu 0.1360, Penalty 0.0903, loss 1.7384
Epoch 12, Batch 115/575, Lx 1.1860, Lu 0.1790, Penalty 0.0864, loss 1.4514
Epoch 12, Batch 116/575, Lx 1.3837, Lu 0.1711, Penalty 0.0698, loss 1.6247
Epoch 12, Batch 117/575, Lx 1.4119, Lu 0.1669, Penalty 0.0463, loss 1.6251
Epoch 12, Batch 118/575, Lx 1.2918, Lu 0.1299, Penalty 0.1429, loss 1.5646
Epoch 12, Batch 119/575, Lx 1.0790, Lu 0.1052, Penalty 0.1106, loss 1.2947
Epoch 12, Batch 120/575, Lx 1.5725, Lu 0.2004, Penalty 0.0493, loss 1.8221
Epoch 12, Batch 121/575, Lx 1.4603, Lu 0.1423, Penalty 0.1395, loss 1.7422
Epoch 12, Batch 122/575, Lx 1.4318, Lu 0.1492, Penalty 0.0961, loss 1.6771
Epoch 12, Batch 123/575, Lx 1.3383, Lu 0.1582, Penalty 0.1248, loss 1.6213
Epoch 12, Batch 124/575, Lx 1.3514, Lu 0.1429, Penalty 0.1150, loss 1.6093
Epoch 12, Batch 125/575, Lx 1.3827, Lu 0.1281, Penalty 0.1135, loss 1.6243
Epoch 12, Batch 126/575, Lx 1.4353, Lu 0.1589, Penalty 0.0634, loss 1.6576
Epoch 12, Batch 127/575, Lx 1.3925, Lu 0.1683, Penalty 0.0979, loss 1.6586
Epoch 12, Batch 128/575, Lx 1.3389, Lu 0.1429, Penalty 0.0742, loss 1.5560
Epoch 12, Batch 129/575, Lx 1.4791, Lu 0.1388, Penalty 0.1434, loss 1.7613
Epoch 12, Batch 130/575, Lx 1.3905, Lu 0.1001, Penalty 0.0727, loss 1.5632
Epoch 12, Batch 131/575, Lx 1.3612, Lu 0.1691, Penalty 0.1075, loss 1.6377
Epoch 12, Batch 132/575, Lx 1.5197, Lu 0.1570, Penalty 0.0537, loss 1.7305
Epoch 12, Batch 133/575, Lx 1.5244, Lu 0.2172, Penalty 0.0718, loss 1.8134
Epoch 12, Batch 134/575, Lx 1.3021, Lu 0.1527, Penalty 0.0725, loss 1.5273
Epoch 12, Batch 135/575, Lx 1.3488, Lu 0.1949, Penalty 0.0854, loss 1.6291
Epoch 12, Batch 136/575, Lx 1.2029, Lu 0.1676, Penalty 0.0746, loss 1.4451
Epoch 12, Batch 137/575, Lx 1.3896, Lu 0.1490, Penalty 0.0783, loss 1.6170
Epoch 12, Batch 138/575, Lx 1.3699, Lu 0.1543, Penalty 0.0948, loss 1.6190
Epoch 12, Batch 139/575, Lx 1.4242, Lu 0.1790, Penalty 0.1071, loss 1.7102
Epoch 12, Batch 140/575, Lx 1.2798, Lu 0.1291, Penalty 0.1026, loss 1.5116
Epoch 12, Batch 141/575, Lx 1.4683, Lu 0.1984, Penalty 0.1029, loss 1.7696
Epoch 12, Batch 142/575, Lx 1.3439, Lu 0.1070, Penalty 0.1154, loss 1.5663
Epoch 12, Batch 143/575, Lx 1.2372, Lu 0.1435, Penalty 0.1451, loss 1.5258
Epoch 12, Batch 144/575, Lx 1.2495, Lu 0.1712, Penalty 0.0578, loss 1.4785
Epoch 12, Batch 145/575, Lx 1.3116, Lu 0.1199, Penalty 0.1385, loss 1.5700
Epoch 12, Batch 146/575, Lx 1.1852, Lu 0.1628, Penalty 0.0546, loss 1.4026
Epoch 12, Batch 147/575, Lx 1.5748, Lu 0.2297, Penalty 0.0868, loss 1.8914
Epoch 12, Batch 148/575, Lx 1.3563, Lu 0.1826, Penalty 0.0649, loss 1.6038
Epoch 12, Batch 149/575, Lx 1.3065, Lu 0.1381, Penalty 0.1251, loss 1.5697
Epoch 12, Batch 150/575, Lx 1.0663, Lu 0.1308, Penalty 0.1481, loss 1.3451
Epoch 12, Batch 151/575, Lx 1.4026, Lu 0.1411, Penalty 0.1622, loss 1.7059
Epoch 12, Batch 152/575, Lx 1.5965, Lu 0.2100, Penalty 0.1176, loss 1.9241
Epoch 12, Batch 153/575, Lx 1.3323, Lu 0.1319, Penalty 0.1984, loss 1.6625
Epoch 12, Batch 154/575, Lx 1.3616, Lu 0.1953, Penalty 0.1122, loss 1.6691
Epoch 12, Batch 155/575, Lx 1.4655, Lu 0.1522, Penalty 0.1042, loss 1.7219
Epoch 12, Batch 156/575, Lx 1.4923, Lu 0.1822, Penalty 0.0577, loss 1.7323
Epoch 12, Batch 157/575, Lx 1.4926, Lu 0.1765, Penalty 0.0399, loss 1.7090
Epoch 12, Batch 158/575, Lx 1.4966, Lu 0.1643, Penalty 0.0507, loss 1.7117
Epoch 12, Batch 159/575, Lx 1.2895, Lu 0.1460, Penalty 0.0768, loss 1.5124
Epoch 12, Batch 160/575, Lx 1.0319, Lu 0.2018, Penalty 0.0778, loss 1.3116
Epoch 12, Batch 161/575, Lx 1.2453, Lu 0.1690, Penalty 0.0796, loss 1.4939
Epoch 12, Batch 162/575, Lx 1.4155, Lu 0.2188, Penalty 0.0832, loss 1.7175
Epoch 12, Batch 163/575, Lx 1.4460, Lu 0.2253, Penalty 0.0836, loss 1.7549
Epoch 12, Batch 164/575, Lx 1.3600, Lu 0.1507, Penalty 0.0726, loss 1.5833
Epoch 12, Batch 165/575, Lx 1.4307, Lu 0.1753, Penalty 0.0744, loss 1.6805
Epoch 12, Batch 166/575, Lx 1.2758, Lu 0.1781, Penalty 0.0759, loss 1.5299
Epoch 12, Batch 167/575, Lx 1.3542, Lu 0.1818, Penalty 0.1341, loss 1.6701
Epoch 12, Batch 168/575, Lx 1.2261, Lu 0.1273, Penalty 0.0879, loss 1.4412
Epoch 12, Batch 169/575, Lx 1.3902, Lu 0.1653, Penalty 0.1004, loss 1.6559
Epoch 12, Batch 170/575, Lx 1.3764, Lu 0.1639, Penalty 0.0842, loss 1.6245
Epoch 12, Batch 171/575, Lx 1.4963, Lu 0.2089, Penalty 0.1192, loss 1.8244
Epoch 12, Batch 172/575, Lx 1.4179, Lu 0.1340, Penalty 0.0737, loss 1.6256
Epoch 12, Batch 173/575, Lx 1.5647, Lu 0.1682, Penalty 0.1723, loss 1.9052
Epoch 12, Batch 174/575, Lx 1.2104, Lu 0.1168, Penalty 0.2005, loss 1.5276
Epoch 12, Batch 175/575, Lx 1.3730, Lu 0.1560, Penalty 0.1001, loss 1.6291
Epoch 12, Batch 176/575, Lx 1.0732, Lu 0.1470, Penalty 0.0855, loss 1.3057
Epoch 12, Batch 177/575, Lx 1.3942, Lu 0.1310, Penalty 0.1210, loss 1.6462
Epoch 12, Batch 178/575, Lx 1.4585, Lu 0.1602, Penalty 0.0591, loss 1.6779
Epoch 12, Batch 179/575, Lx 1.3169, Lu 0.1392, Penalty 0.0813, loss 1.5374
Epoch 12, Batch 180/575, Lx 1.3511, Lu 0.1781, Penalty 0.0526, loss 1.5819
Epoch 12, Batch 181/575, Lx 1.3613, Lu 0.1440, Penalty 0.0571, loss 1.5624
Epoch 12, Batch 182/575, Lx 1.3461, Lu 0.1082, Penalty 0.0897, loss 1.5440
Epoch 12, Batch 183/575, Lx 1.4833, Lu 0.1847, Penalty 0.0799, loss 1.7480
Epoch 12, Batch 184/575, Lx 1.4989, Lu 0.1564, Penalty 0.0738, loss 1.7291
Epoch 12, Batch 185/575, Lx 1.2991, Lu 0.1341, Penalty 0.0733, loss 1.5065
Epoch 12, Batch 186/575, Lx 1.5077, Lu 0.1180, Penalty 0.1192, loss 1.7450
Epoch 12, Batch 187/575, Lx 1.4859, Lu 0.1752, Penalty 0.1770, loss 1.8381
Epoch 12, Batch 188/575, Lx 1.2503, Lu 0.1106, Penalty 0.1634, loss 1.5243
Epoch 12, Batch 189/575, Lx 1.3725, Lu 0.1304, Penalty 0.1466, loss 1.6496
Epoch 12, Batch 190/575, Lx 1.2374, Lu 0.1234, Penalty 0.1215, loss 1.4823
Epoch 12, Batch 191/575, Lx 1.1373, Lu 0.1602, Penalty 0.0555, loss 1.3531
Epoch 12, Batch 192/575, Lx 1.4318, Lu 0.1604, Penalty 0.0685, loss 1.6607
Epoch 12, Batch 193/575, Lx 1.2133, Lu 0.1039, Penalty 0.1215, loss 1.4386
Epoch 12, Batch 194/575, Lx 1.3969, Lu 0.1616, Penalty 0.0966, loss 1.6552
Epoch 12, Batch 195/575, Lx 1.4325, Lu 0.1584, Penalty 0.0518, loss 1.6427
Epoch 12, Batch 196/575, Lx 1.3777, Lu 0.1578, Penalty 0.0743, loss 1.6098
Epoch 12, Batch 197/575, Lx 1.2972, Lu 0.1842, Penalty 0.0946, loss 1.5759
Epoch 12, Batch 198/575, Lx 1.3890, Lu 0.1684, Penalty 0.0621, loss 1.6195
Epoch 12, Batch 199/575, Lx 1.4775, Lu 0.1803, Penalty 0.0527, loss 1.7104
Epoch 12, Batch 200/575, Lx 1.5427, Lu 0.2189, Penalty 0.0399, loss 1.8015
Epoch 12, Batch 201/575, Lx 1.4716, Lu 0.1786, Penalty 0.0539, loss 1.7042
Epoch 12, Batch 202/575, Lx 1.3293, Lu 0.1645, Penalty 0.0539, loss 1.5477
Epoch 12, Batch 203/575, Lx 1.3243, Lu 0.1085, Penalty 0.1454, loss 1.5782
Epoch 12, Batch 204/575, Lx 1.4306, Lu 0.1472, Penalty 0.0647, loss 1.6425
Epoch 12, Batch 205/575, Lx 1.3661, Lu 0.1217, Penalty 0.1243, loss 1.6122
Epoch 12, Batch 206/575, Lx 1.4902, Lu 0.1673, Penalty 0.0613, loss 1.7188
Epoch 12, Batch 207/575, Lx 1.3763, Lu 0.1579, Penalty 0.0777, loss 1.6119
Epoch 12, Batch 208/575, Lx 1.4341, Lu 0.1902, Penalty 0.1738, loss 1.7981
Epoch 12, Batch 209/575, Lx 1.0789, Lu 0.1086, Penalty 0.1804, loss 1.3679
Epoch 12, Batch 210/575, Lx 1.4207, Lu 0.1333, Penalty 0.0934, loss 1.6474
Epoch 12, Batch 211/575, Lx 1.4397, Lu 0.1128, Penalty 0.1514, loss 1.7038
Epoch 12, Batch 212/575, Lx 1.5164, Lu 0.1483, Penalty 0.0865, loss 1.7512
Epoch 12, Batch 213/575, Lx 1.3560, Lu 0.1252, Penalty 0.1220, loss 1.6032
Epoch 12, Batch 214/575, Lx 1.3414, Lu 0.1419, Penalty 0.0758, loss 1.5591
Epoch 12, Batch 215/575, Lx 1.1265, Lu 0.1027, Penalty 0.1578, loss 1.3871
Epoch 12, Batch 216/575, Lx 1.3130, Lu 0.1325, Penalty 0.1296, loss 1.5750
Epoch 12, Batch 217/575, Lx 1.1299, Lu 0.1154, Penalty 0.1091, loss 1.3544
Epoch 12, Batch 218/575, Lx 1.1771, Lu 0.1223, Penalty 0.0700, loss 1.3694
Epoch 12, Batch 219/575, Lx 1.2877, Lu 0.1482, Penalty 0.0884, loss 1.5243
Epoch 12, Batch 220/575, Lx 1.3638, Lu 0.1320, Penalty 0.0488, loss 1.5447
Epoch 12, Batch 221/575, Lx 1.3199, Lu 0.1677, Penalty 0.0695, loss 1.5570
Epoch 12, Batch 222/575, Lx 1.2851, Lu 0.1630, Penalty 0.0962, loss 1.5443
Epoch 12, Batch 223/575, Lx 1.4199, Lu 0.1357, Penalty 0.0539, loss 1.6096
Epoch 12, Batch 224/575, Lx 1.3642, Lu 0.1434, Penalty 0.1188, loss 1.6264
Epoch 12, Batch 225/575, Lx 1.3026, Lu 0.1777, Penalty 0.0531, loss 1.5334
Epoch 12, Batch 226/575, Lx 1.3521, Lu 0.1612, Penalty 0.0901, loss 1.6034
Epoch 12, Batch 227/575, Lx 1.4984, Lu 0.1945, Penalty 0.1131, loss 1.8059
Epoch 12, Batch 228/575, Lx 1.2678, Lu 0.1357, Penalty 0.1194, loss 1.5230
Epoch 12, Batch 229/575, Lx 1.4324, Lu 0.1598, Penalty 0.0597, loss 1.6519
Epoch 12, Batch 230/575, Lx 1.5011, Lu 0.1493, Penalty 0.0895, loss 1.7399
Epoch 12, Batch 231/575, Lx 1.4732, Lu 0.2150, Penalty 0.1346, loss 1.8228
Epoch 12, Batch 232/575, Lx 1.2569, Lu 0.1121, Penalty 0.0718, loss 1.4409
Epoch 12, Batch 233/575, Lx 1.4326, Lu 0.1774, Penalty 0.0387, loss 1.6487
Epoch 12, Batch 234/575, Lx 1.2781, Lu 0.1322, Penalty 0.0972, loss 1.5075
Epoch 12, Batch 235/575, Lx 1.2561, Lu 0.1377, Penalty 0.1523, loss 1.5461
Epoch 12, Batch 236/575, Lx 1.2060, Lu 0.1403, Penalty 0.0834, loss 1.4297
Epoch 12, Batch 237/575, Lx 1.1300, Lu 0.1301, Penalty 0.1001, loss 1.3602
Epoch 12, Batch 238/575, Lx 1.3590, Lu 0.1559, Penalty 0.0776, loss 1.5925
Epoch 12, Batch 239/575, Lx 1.3369, Lu 0.1453, Penalty 0.1416, loss 1.6237
Epoch 12, Batch 240/575, Lx 1.4941, Lu 0.1406, Penalty 0.1097, loss 1.7444
Epoch 12, Batch 241/575, Lx 1.2648, Lu 0.1541, Penalty 0.0919, loss 1.5109
Epoch 12, Batch 242/575, Lx 1.1831, Lu 0.1382, Penalty 0.1216, loss 1.4429
Epoch 12, Batch 243/575, Lx 1.3011, Lu 0.1124, Penalty 0.0994, loss 1.5128
Epoch 12, Batch 244/575, Lx 1.4439, Lu 0.1513, Penalty 0.1258, loss 1.7210
Epoch 12, Batch 245/575, Lx 1.2247, Lu 0.1292, Penalty 0.1334, loss 1.4873
Epoch 12, Batch 246/575, Lx 1.5469, Lu 0.1417, Penalty 0.0570, loss 1.7457
Epoch 12, Batch 247/575, Lx 1.3125, Lu 0.1374, Penalty 0.1098, loss 1.5597
Epoch 12, Batch 248/575, Lx 1.3718, Lu 0.1801, Penalty 0.0368, loss 1.5886
Epoch 12, Batch 249/575, Lx 1.2121, Lu 0.1575, Penalty 0.0798, loss 1.4495
Epoch 12, Batch 250/575, Lx 1.6143, Lu 0.2041, Penalty 0.0621, loss 1.8805
Epoch 12, Batch 251/575, Lx 1.3760, Lu 0.2005, Penalty 0.0887, loss 1.6652
Epoch 12, Batch 252/575, Lx 1.2632, Lu 0.1669, Penalty 0.0519, loss 1.4820
Epoch 12, Batch 253/575, Lx 1.1236, Lu 0.1323, Penalty 0.1131, loss 1.3689
Epoch 12, Batch 254/575, Lx 1.2819, Lu 0.1392, Penalty 0.0842, loss 1.5053
Epoch 12, Batch 255/575, Lx 1.3191, Lu 0.1230, Penalty 0.1224, loss 1.5644
Epoch 12, Batch 256/575, Lx 1.5887, Lu 0.1564, Penalty 0.0543, loss 1.7995
Epoch 12, Batch 257/575, Lx 1.2242, Lu 0.1155, Penalty 0.0924, loss 1.4321
Epoch 12, Batch 258/575, Lx 1.4698, Lu 0.1920, Penalty 0.1171, loss 1.7789
Epoch 12, Batch 259/575, Lx 1.4070, Lu 0.1118, Penalty 0.0596, loss 1.5784
Epoch 12, Batch 260/575, Lx 1.4089, Lu 0.1273, Penalty 0.0633, loss 1.5995
Epoch 12, Batch 261/575, Lx 1.3385, Lu 0.1676, Penalty 0.0959, loss 1.6020
Epoch 12, Batch 262/575, Lx 1.5038, Lu 0.1635, Penalty 0.1420, loss 1.8093
Epoch 12, Batch 263/575, Lx 1.3708, Lu 0.1283, Penalty 0.1291, loss 1.6282
Epoch 12, Batch 264/575, Lx 1.3051, Lu 0.1401, Penalty 0.1457, loss 1.5909
Epoch 12, Batch 265/575, Lx 1.2405, Lu 0.1121, Penalty 0.0833, loss 1.4358
Epoch 12, Batch 266/575, Lx 1.4406, Lu 0.1674, Penalty 0.1023, loss 1.7103
Epoch 12, Batch 267/575, Lx 1.4575, Lu 0.1850, Penalty 0.0502, loss 1.6927
Epoch 12, Batch 268/575, Lx 1.3479, Lu 0.1675, Penalty 0.0734, loss 1.5888
Epoch 12, Batch 269/575, Lx 1.3226, Lu 0.1409, Penalty 0.0990, loss 1.5625
Epoch 12, Batch 270/575, Lx 1.3615, Lu 0.1681, Penalty 0.1182, loss 1.6478
Epoch 12, Batch 271/575, Lx 1.2863, Lu 0.1280, Penalty 0.0720, loss 1.4863
Epoch 12, Batch 272/575, Lx 1.4011, Lu 0.1534, Penalty 0.0821, loss 1.6366
Epoch 12, Batch 273/575, Lx 1.1969, Lu 0.1351, Penalty 0.1413, loss 1.4732
Epoch 12, Batch 274/575, Lx 1.3046, Lu 0.1052, Penalty 0.1515, loss 1.5613
Epoch 12, Batch 275/575, Lx 1.3633, Lu 0.1292, Penalty 0.0796, loss 1.5721
Epoch 12, Batch 276/575, Lx 1.3987, Lu 0.1253, Penalty 0.1295, loss 1.6535
Epoch 12, Batch 277/575, Lx 1.3106, Lu 0.1226, Penalty 0.0999, loss 1.5331
Epoch 12, Batch 278/575, Lx 1.2385, Lu 0.1679, Penalty 0.1032, loss 1.5096
Epoch 12, Batch 279/575, Lx 1.5950, Lu 0.1633, Penalty 0.0810, loss 1.8394
Epoch 12, Batch 280/575, Lx 1.3135, Lu 0.1307, Penalty 0.1208, loss 1.5650
Epoch 12, Batch 281/575, Lx 1.2688, Lu 0.1402, Penalty 0.1087, loss 1.5178
Epoch 12, Batch 282/575, Lx 1.3397, Lu 0.1291, Penalty 0.1570, loss 1.6258
Epoch 12, Batch 283/575, Lx 1.3886, Lu 0.1564, Penalty 0.0820, loss 1.6270
Epoch 12, Batch 284/575, Lx 1.3571, Lu 0.1924, Penalty 0.0814, loss 1.6309
Epoch 12, Batch 285/575, Lx 1.2816, Lu 0.1100, Penalty 0.1138, loss 1.5054
Epoch 12, Batch 286/575, Lx 1.5224, Lu 0.1491, Penalty 0.0948, loss 1.7663
Epoch 12, Batch 287/575, Lx 1.4328, Lu 0.1519, Penalty 0.0528, loss 1.6375
Epoch 12, Batch 288/575, Lx 1.0346, Lu 0.1586, Penalty 0.0891, loss 1.2823
Epoch 12, Batch 289/575, Lx 1.4430, Lu 0.1729, Penalty 0.0644, loss 1.6804
Epoch 12, Batch 290/575, Lx 1.4374, Lu 0.1665, Penalty 0.0691, loss 1.6730
Epoch 12, Batch 291/575, Lx 1.5704, Lu 0.1467, Penalty 0.1394, loss 1.8564
Epoch 12, Batch 292/575, Lx 1.4449, Lu 0.1469, Penalty 0.1640, loss 1.7559
Epoch 12, Batch 293/575, Lx 1.2854, Lu 0.1617, Penalty 0.0764, loss 1.5234
Epoch 12, Batch 294/575, Lx 1.2657, Lu 0.1369, Penalty 0.1166, loss 1.5193
Epoch 12, Batch 295/575, Lx 1.3296, Lu 0.1251, Penalty 0.0623, loss 1.5170
Epoch 12, Batch 296/575, Lx 1.2011, Lu 0.1150, Penalty 0.0925, loss 1.4086
Epoch 12, Batch 297/575, Lx 1.3232, Lu 0.1324, Penalty 0.1155, loss 1.5710
Epoch 12, Batch 298/575, Lx 1.2977, Lu 0.1333, Penalty 0.1113, loss 1.5424
Epoch 12, Batch 299/575, Lx 1.2915, Lu 0.1344, Penalty 0.1224, loss 1.5483
Epoch 12, Batch 300/575, Lx 1.4717, Lu 0.1088, Penalty 0.0904, loss 1.6709
Epoch 12, Batch 301/575, Lx 1.3633, Lu 0.1325, Penalty 0.0557, loss 1.5514
Epoch 12, Batch 302/575, Lx 1.0899, Lu 0.1283, Penalty 0.1182, loss 1.3364
Epoch 12, Batch 303/575, Lx 1.5180, Lu 0.1697, Penalty 0.1012, loss 1.7890
Epoch 12, Batch 304/575, Lx 1.4001, Lu 0.1430, Penalty 0.0923, loss 1.6353
Epoch 12, Batch 305/575, Lx 1.2702, Lu 0.1310, Penalty 0.1633, loss 1.5645
Epoch 12, Batch 306/575, Lx 1.4168, Lu 0.1248, Penalty 0.2081, loss 1.7497
Epoch 12, Batch 307/575, Lx 1.4632, Lu 0.1590, Penalty 0.0722, loss 1.6944
Epoch 12, Batch 308/575, Lx 1.2489, Lu 0.1323, Penalty 0.0933, loss 1.4745
Epoch 12, Batch 309/575, Lx 1.3074, Lu 0.1398, Penalty 0.0894, loss 1.5367
Epoch 12, Batch 310/575, Lx 1.3871, Lu 0.1314, Penalty 0.0719, loss 1.5904
Epoch 12, Batch 311/575, Lx 1.6316, Lu 0.1604, Penalty 0.0738, loss 1.8657
Epoch 12, Batch 312/575, Lx 1.4519, Lu 0.2280, Penalty 0.0573, loss 1.7372
Epoch 12, Batch 313/575, Lx 1.2942, Lu 0.1380, Penalty 0.0773, loss 1.5095
Epoch 12, Batch 314/575, Lx 1.4648, Lu 0.1545, Penalty 0.0496, loss 1.6688
Epoch 12, Batch 315/575, Lx 1.3168, Lu 0.1439, Penalty 0.0573, loss 1.5180
Epoch 12, Batch 316/575, Lx 1.4569, Lu 0.1656, Penalty 0.0670, loss 1.6896
Epoch 12, Batch 317/575, Lx 1.3977, Lu 0.1339, Penalty 0.1009, loss 1.6325
Epoch 12, Batch 318/575, Lx 1.4254, Lu 0.1573, Penalty 0.0406, loss 1.6234
Epoch 12, Batch 319/575, Lx 1.3048, Lu 0.1003, Penalty 0.1326, loss 1.5377
Epoch 12, Batch 320/575, Lx 1.2544, Lu 0.1320, Penalty 0.1542, loss 1.5406
Epoch 12, Batch 321/575, Lx 1.3222, Lu 0.1526, Penalty 0.1048, loss 1.5796
Epoch 12, Batch 322/575, Lx 1.2868, Lu 0.1297, Penalty 0.1058, loss 1.5222
Epoch 12, Batch 323/575, Lx 1.5121, Lu 0.1524, Penalty 0.1162, loss 1.7807
Epoch 12, Batch 324/575, Lx 1.3328, Lu 0.1555, Penalty 0.0988, loss 1.5871
Epoch 12, Batch 325/575, Lx 1.3710, Lu 0.1593, Penalty 0.0764, loss 1.6067
Epoch 12, Batch 326/575, Lx 1.3319, Lu 0.1304, Penalty 0.1155, loss 1.5778
Epoch 12, Batch 327/575, Lx 1.2714, Lu 0.1031, Penalty 0.0876, loss 1.4621
Epoch 12, Batch 328/575, Lx 1.2475, Lu 0.1126, Penalty 0.1000, loss 1.4601
Epoch 12, Batch 329/575, Lx 1.2578, Lu 0.1516, Penalty 0.0985, loss 1.5079
Epoch 12, Batch 330/575, Lx 1.1769, Lu 0.1392, Penalty 0.0919, loss 1.4080
Epoch 12, Batch 331/575, Lx 1.4044, Lu 0.1615, Penalty 0.1012, loss 1.6670
Epoch 12, Batch 332/575, Lx 1.2918, Lu 0.1569, Penalty 0.1170, loss 1.5658
Epoch 12, Batch 333/575, Lx 1.3994, Lu 0.1370, Penalty 0.1160, loss 1.6524
Epoch 12, Batch 334/575, Lx 1.5208, Lu 0.1747, Penalty 0.0925, loss 1.7880
Epoch 12, Batch 335/575, Lx 1.3417, Lu 0.1844, Penalty 0.0855, loss 1.6116
Epoch 12, Batch 336/575, Lx 1.3953, Lu 0.1280, Penalty 0.1003, loss 1.6236
Epoch 12, Batch 337/575, Lx 1.2393, Lu 0.1429, Penalty 0.0647, loss 1.4469
Epoch 12, Batch 338/575, Lx 1.3587, Lu 0.1543, Penalty 0.0975, loss 1.6105
Epoch 12, Batch 339/575, Lx 1.3684, Lu 0.1492, Penalty 0.0598, loss 1.5774
Epoch 12, Batch 340/575, Lx 1.3444, Lu 0.1203, Penalty 0.1114, loss 1.5761
Epoch 12, Batch 341/575, Lx 1.3814, Lu 0.1168, Penalty 0.0770, loss 1.5751
Epoch 12, Batch 342/575, Lx 1.2500, Lu 0.1356, Penalty 0.0685, loss 1.4542
Epoch 12, Batch 343/575, Lx 1.1920, Lu 0.1507, Penalty 0.1318, loss 1.4746
Epoch 12, Batch 344/575, Lx 1.4376, Lu 0.1457, Penalty 0.0870, loss 1.6703
Epoch 12, Batch 345/575, Lx 1.4946, Lu 0.1114, Penalty 0.1258, loss 1.7318
Epoch 12, Batch 346/575, Lx 1.4186, Lu 0.1754, Penalty 0.1498, loss 1.7439
Epoch 12, Batch 347/575, Lx 1.1908, Lu 0.1664, Penalty 0.0986, loss 1.4558
Epoch 12, Batch 348/575, Lx 1.6399, Lu 0.1647, Penalty 0.0859, loss 1.8905
Epoch 12, Batch 349/575, Lx 1.3051, Lu 0.1357, Penalty 0.0957, loss 1.5364
Epoch 12, Batch 350/575, Lx 1.3366, Lu 0.1367, Penalty 0.1505, loss 1.6237
Epoch 12, Batch 351/575, Lx 1.5532, Lu 0.1596, Penalty 0.0809, loss 1.7937
Epoch 12, Batch 352/575, Lx 1.3105, Lu 0.1343, Penalty 0.1006, loss 1.5454
Epoch 12, Batch 353/575, Lx 1.2173, Lu 0.1787, Penalty 0.0975, loss 1.4935
Epoch 12, Batch 354/575, Lx 1.4591, Lu 0.1677, Penalty 0.1015, loss 1.7284
Epoch 12, Batch 355/575, Lx 1.3667, Lu 0.1340, Penalty 0.0559, loss 1.5567
Epoch 12, Batch 356/575, Lx 1.3840, Lu 0.1800, Penalty 0.0813, loss 1.6453
Epoch 12, Batch 357/575, Lx 0.9343, Lu 0.1395, Penalty 0.0556, loss 1.1294
Epoch 12, Batch 358/575, Lx 1.5162, Lu 0.1488, Penalty 0.0746, loss 1.7396
Epoch 12, Batch 359/575, Lx 1.4091, Lu 0.1958, Penalty 0.1337, loss 1.7386
Epoch 12, Batch 360/575, Lx 1.2921, Lu 0.1350, Penalty 0.0781, loss 1.5053
Epoch 12, Batch 361/575, Lx 1.3696, Lu 0.1556, Penalty 0.0917, loss 1.6169
Epoch 12, Batch 362/575, Lx 1.4253, Lu 0.1432, Penalty 0.1002, loss 1.6687
Epoch 12, Batch 363/575, Lx 1.3922, Lu 0.1861, Penalty 0.0719, loss 1.6501
Epoch 12, Batch 364/575, Lx 1.4306, Lu 0.1980, Penalty 0.1099, loss 1.7385
Epoch 12, Batch 365/575, Lx 1.1480, Lu 0.1019, Penalty 0.1712, loss 1.4212
Epoch 12, Batch 366/575, Lx 1.4512, Lu 0.1750, Penalty 0.0694, loss 1.6956
Epoch 12, Batch 367/575, Lx 1.2885, Lu 0.1027, Penalty 0.1139, loss 1.5051
Epoch 12, Batch 368/575, Lx 1.5210, Lu 0.1752, Penalty 0.1398, loss 1.8359
Epoch 12, Batch 369/575, Lx 1.2724, Lu 0.0964, Penalty 0.1645, loss 1.5333
Epoch 12, Batch 370/575, Lx 1.2898, Lu 0.1279, Penalty 0.1036, loss 1.5213
Epoch 12, Batch 371/575, Lx 1.3050, Lu 0.1043, Penalty 0.1131, loss 1.5224
Epoch 12, Batch 372/575, Lx 1.3689, Lu 0.1279, Penalty 0.1261, loss 1.6229
Epoch 12, Batch 373/575, Lx 1.5466, Lu 0.1534, Penalty 0.1316, loss 1.8316
Epoch 12, Batch 374/575, Lx 1.1810, Lu 0.1416, Penalty 0.1261, loss 1.4487
Epoch 12, Batch 375/575, Lx 1.4146, Lu 0.1459, Penalty 0.1001, loss 1.6606
Epoch 12, Batch 376/575, Lx 1.3298, Lu 0.1847, Penalty 0.0702, loss 1.5847
Epoch 12, Batch 377/575, Lx 1.3807, Lu 0.1311, Penalty 0.0763, loss 1.5881
Epoch 12, Batch 378/575, Lx 1.4263, Lu 0.1666, Penalty 0.0190, loss 1.6119
Epoch 12, Batch 379/575, Lx 1.6774, Lu 0.1896, Penalty 0.0724, loss 1.9394
Epoch 12, Batch 380/575, Lx 1.2333, Lu 0.1704, Penalty 0.1253, loss 1.5290
Epoch 12, Batch 381/575, Lx 1.3790, Lu 0.1640, Penalty 0.0529, loss 1.5959
Epoch 12, Batch 382/575, Lx 1.2339, Lu 0.1636, Penalty 0.0919, loss 1.4894
Epoch 12, Batch 383/575, Lx 1.2067, Lu 0.1031, Penalty 0.0957, loss 1.4055
Epoch 12, Batch 384/575, Lx 1.2026, Lu 0.1305, Penalty 0.1369, loss 1.4701
Epoch 12, Batch 385/575, Lx 1.4561, Lu 0.1509, Penalty 0.0530, loss 1.6600
Epoch 12, Batch 386/575, Lx 1.3842, Lu 0.1546, Penalty 0.1572, loss 1.6960
Epoch 12, Batch 387/575, Lx 1.3700, Lu 0.1735, Penalty 0.1209, loss 1.6644
Epoch 12, Batch 388/575, Lx 1.3538, Lu 0.1364, Penalty 0.0911, loss 1.5813
Epoch 12, Batch 389/575, Lx 1.4117, Lu 0.1295, Penalty 0.0642, loss 1.6053
Epoch 12, Batch 390/575, Lx 1.4996, Lu 0.1825, Penalty 0.0803, loss 1.7625
Epoch 12, Batch 391/575, Lx 1.1756, Lu 0.1430, Penalty 0.1091, loss 1.4277
Epoch 12, Batch 392/575, Lx 1.5457, Lu 0.1730, Penalty 0.0531, loss 1.7718
Epoch 12, Batch 393/575, Lx 1.4810, Lu 0.1078, Penalty 0.0866, loss 1.6754
Epoch 12, Batch 394/575, Lx 1.5807, Lu 0.2201, Penalty 0.1096, loss 1.9103
Epoch 12, Batch 395/575, Lx 1.3829, Lu 0.1418, Penalty 0.2270, loss 1.7517
Epoch 12, Batch 396/575, Lx 1.4171, Lu 0.1880, Penalty 0.1406, loss 1.7457
Epoch 12, Batch 397/575, Lx 1.2789, Lu 0.1293, Penalty 0.1194, loss 1.5276
Epoch 12, Batch 398/575, Lx 1.2243, Lu 0.1144, Penalty 0.0959, loss 1.4345
Epoch 12, Batch 399/575, Lx 1.4372, Lu 0.1262, Penalty 0.0957, loss 1.6591
Epoch 12, Batch 400/575, Lx 1.5014, Lu 0.1693, Penalty 0.0500, loss 1.7207
Epoch 12, Batch 401/575, Lx 1.4654, Lu 0.1668, Penalty 0.1158, loss 1.7481
Epoch 12, Batch 402/575, Lx 1.2892, Lu 0.1322, Penalty 0.0818, loss 1.5033
Epoch 12, Batch 403/575, Lx 1.1403, Lu 0.1184, Penalty 0.0627, loss 1.3213
Epoch 12, Batch 404/575, Lx 1.3566, Lu 0.1284, Penalty 0.0576, loss 1.5426
Epoch 12, Batch 405/575, Lx 1.3193, Lu 0.1802, Penalty 0.0683, loss 1.5678
Epoch 12, Batch 406/575, Lx 1.4061, Lu 0.1270, Penalty 0.0631, loss 1.5961
Epoch 12, Batch 407/575, Lx 1.4887, Lu 0.1200, Penalty 0.0974, loss 1.7061
Epoch 12, Batch 408/575, Lx 1.1914, Lu 0.1710, Penalty 0.0490, loss 1.4114
Epoch 12, Batch 409/575, Lx 1.2745, Lu 0.1646, Penalty 0.0671, loss 1.5062
Epoch 12, Batch 410/575, Lx 1.4084, Lu 0.1519, Penalty 0.0919, loss 1.6521
Epoch 12, Batch 411/575, Lx 1.3856, Lu 0.1941, Penalty 0.0466, loss 1.6262
Epoch 12, Batch 412/575, Lx 1.3029, Lu 0.1450, Penalty 0.0767, loss 1.5246
Epoch 12, Batch 413/575, Lx 1.3940, Lu 0.1544, Penalty 0.0569, loss 1.6052
Epoch 12, Batch 414/575, Lx 1.5138, Lu 0.2130, Penalty 0.0789, loss 1.8058
Epoch 12, Batch 415/575, Lx 1.1039, Lu 0.1249, Penalty 0.0832, loss 1.3120
Epoch 12, Batch 416/575, Lx 1.3318, Lu 0.1388, Penalty 0.1087, loss 1.5793
Epoch 12, Batch 417/575, Lx 1.2925, Lu 0.1728, Penalty 0.0744, loss 1.5397
Epoch 12, Batch 418/575, Lx 1.4926, Lu 0.1997, Penalty 0.0589, loss 1.7512
Epoch 12, Batch 419/575, Lx 1.5019, Lu 0.1431, Penalty 0.0675, loss 1.7125
Epoch 12, Batch 420/575, Lx 1.3699, Lu 0.2003, Penalty 0.1356, loss 1.7057
Epoch 12, Batch 421/575, Lx 1.2813, Lu 0.1209, Penalty 0.0908, loss 1.4930
Epoch 12, Batch 422/575, Lx 1.3230, Lu 0.1652, Penalty 0.1327, loss 1.6209
Epoch 12, Batch 423/575, Lx 1.3980, Lu 0.1094, Penalty 0.0828, loss 1.5902
Epoch 12, Batch 424/575, Lx 1.1025, Lu 0.1474, Penalty 0.1947, loss 1.4446
Epoch 12, Batch 425/575, Lx 1.3741, Lu 0.0996, Penalty 0.1368, loss 1.6104
Epoch 12, Batch 426/575, Lx 0.9918, Lu 0.1154, Penalty 0.1455, loss 1.2527
Epoch 12, Batch 427/575, Lx 1.3178, Lu 0.1426, Penalty 0.0804, loss 1.5408
Epoch 12, Batch 428/575, Lx 1.4120, Lu 0.1549, Penalty 0.0736, loss 1.6405
Epoch 12, Batch 429/575, Lx 1.3157, Lu 0.1141, Penalty 0.0755, loss 1.5053
Epoch 12, Batch 430/575, Lx 1.4915, Lu 0.1774, Penalty 0.0573, loss 1.7261
Epoch 12, Batch 431/575, Lx 1.1518, Lu 0.1024, Penalty 0.1595, loss 1.4137
Epoch 12, Batch 432/575, Lx 1.3655, Lu 0.1880, Penalty 0.0481, loss 1.6016
Epoch 12, Batch 433/575, Lx 1.3243, Lu 0.1233, Penalty 0.0947, loss 1.5424
Epoch 12, Batch 434/575, Lx 1.2662, Lu 0.1329, Penalty 0.0568, loss 1.4559
Epoch 12, Batch 435/575, Lx 1.4406, Lu 0.1473, Penalty 0.0928, loss 1.6807
Epoch 12, Batch 436/575, Lx 1.2189, Lu 0.1385, Penalty 0.0680, loss 1.4254
Epoch 12, Batch 437/575, Lx 1.4314, Lu 0.1925, Penalty 0.0523, loss 1.6762
Epoch 12, Batch 438/575, Lx 1.3229, Lu 0.1593, Penalty 0.0697, loss 1.5519
Epoch 12, Batch 439/575, Lx 1.6077, Lu 0.1703, Penalty 0.0987, loss 1.8768
Epoch 12, Batch 440/575, Lx 1.3230, Lu 0.1800, Penalty 0.0699, loss 1.5729
Epoch 12, Batch 441/575, Lx 1.1703, Lu 0.1132, Penalty 0.1323, loss 1.4158
Epoch 12, Batch 442/575, Lx 1.2847, Lu 0.1097, Penalty 0.0801, loss 1.4744
Epoch 12, Batch 443/575, Lx 1.3835, Lu 0.1924, Penalty 0.0944, loss 1.6704
Epoch 12, Batch 444/575, Lx 1.3153, Lu 0.0952, Penalty 0.0935, loss 1.5040
Epoch 12, Batch 445/575, Lx 1.3662, Lu 0.1388, Penalty 0.0713, loss 1.5763
Epoch 12, Batch 446/575, Lx 1.1765, Lu 0.1199, Penalty 0.1483, loss 1.4446
Epoch 12, Batch 447/575, Lx 1.5388, Lu 0.1872, Penalty 0.1339, loss 1.8599
Epoch 12, Batch 448/575, Lx 1.2919, Lu 0.1281, Penalty 0.0837, loss 1.5037
Epoch 12, Batch 449/575, Lx 1.3954, Lu 0.1325, Penalty 0.1113, loss 1.6392
Epoch 12, Batch 450/575, Lx 1.4038, Lu 0.1296, Penalty 0.1760, loss 1.7094
Epoch 12, Batch 451/575, Lx 1.3473, Lu 0.1060, Penalty 0.1222, loss 1.5755
Epoch 12, Batch 452/575, Lx 1.3518, Lu 0.1459, Penalty 0.0849, loss 1.5826
Epoch 12, Batch 453/575, Lx 1.5704, Lu 0.1347, Penalty 0.0487, loss 1.7537
Epoch 12, Batch 454/575, Lx 1.2928, Lu 0.1106, Penalty 0.0625, loss 1.4659
Epoch 12, Batch 455/575, Lx 1.4343, Lu 0.1939, Penalty 0.0502, loss 1.6784
Epoch 12, Batch 456/575, Lx 1.4281, Lu 0.1226, Penalty 0.1098, loss 1.6605
Epoch 12, Batch 457/575, Lx 1.2758, Lu 0.1518, Penalty 0.0907, loss 1.5182
Epoch 12, Batch 458/575, Lx 1.4400, Lu 0.1218, Penalty 0.0463, loss 1.6081
Epoch 12, Batch 459/575, Lx 1.2116, Lu 0.1149, Penalty 0.0876, loss 1.4140
Epoch 12, Batch 460/575, Lx 1.4920, Lu 0.1700, Penalty 0.0607, loss 1.7226
Epoch 12, Batch 461/575, Lx 1.4486, Lu 0.1977, Penalty 0.0727, loss 1.7189
Epoch 12, Batch 462/575, Lx 1.4761, Lu 0.1364, Penalty 0.0502, loss 1.6627
Epoch 12, Batch 463/575, Lx 1.2351, Lu 0.1257, Penalty 0.1306, loss 1.4914
Epoch 12, Batch 464/575, Lx 1.2634, Lu 0.1179, Penalty 0.1362, loss 1.5176
Epoch 12, Batch 465/575, Lx 1.4227, Lu 0.1599, Penalty 0.0962, loss 1.6788
Epoch 12, Batch 466/575, Lx 1.2327, Lu 0.1121, Penalty 0.1049, loss 1.4496
Epoch 12, Batch 467/575, Lx 1.3343, Lu 0.1349, Penalty 0.1296, loss 1.5988
Epoch 12, Batch 468/575, Lx 1.4310, Lu 0.1172, Penalty 0.0606, loss 1.6088
Epoch 12, Batch 469/575, Lx 1.3011, Lu 0.1322, Penalty 0.0931, loss 1.5264
Epoch 12, Batch 470/575, Lx 1.2195, Lu 0.1543, Penalty 0.1814, loss 1.5552
Epoch 12, Batch 471/575, Lx 1.4046, Lu 0.1340, Penalty 0.1048, loss 1.6434
Epoch 12, Batch 472/575, Lx 1.5583, Lu 0.1554, Penalty 0.0449, loss 1.7586
Epoch 12, Batch 473/575, Lx 1.5322, Lu 0.1696, Penalty 0.0619, loss 1.7636
Epoch 12, Batch 474/575, Lx 1.5536, Lu 0.1662, Penalty 0.0825, loss 1.8024
Epoch 12, Batch 475/575, Lx 1.2668, Lu 0.1353, Penalty 0.0611, loss 1.4633
Epoch 12, Batch 476/575, Lx 1.4500, Lu 0.1811, Penalty 0.0586, loss 1.6897
Epoch 12, Batch 477/575, Lx 1.1290, Lu 0.1608, Penalty 0.0816, loss 1.3714
Epoch 12, Batch 478/575, Lx 1.2544, Lu 0.1269, Penalty 0.0641, loss 1.4455
Epoch 12, Batch 479/575, Lx 1.5330, Lu 0.1912, Penalty 0.0474, loss 1.7716
Epoch 12, Batch 480/575, Lx 1.1501, Lu 0.1160, Penalty 0.1114, loss 1.3775
Epoch 12, Batch 481/575, Lx 1.3767, Lu 0.1717, Penalty 0.0750, loss 1.6234
Epoch 12, Batch 482/575, Lx 1.3154, Lu 0.1201, Penalty 0.1424, loss 1.5779
Epoch 12, Batch 483/575, Lx 1.3047, Lu 0.1176, Penalty 0.1328, loss 1.5551
Epoch 12, Batch 484/575, Lx 1.3093, Lu 0.0970, Penalty 0.1103, loss 1.5167
Epoch 12, Batch 485/575, Lx 1.2454, Lu 0.1108, Penalty 0.0933, loss 1.4494
Epoch 12, Batch 486/575, Lx 1.2805, Lu 0.1098, Penalty 0.1436, loss 1.5339
Epoch 12, Batch 487/575, Lx 1.4131, Lu 0.1735, Penalty 0.1286, loss 1.7152
Epoch 12, Batch 488/575, Lx 1.2872, Lu 0.1433, Penalty 0.0821, loss 1.5126
Epoch 12, Batch 489/575, Lx 1.4132, Lu 0.1444, Penalty 0.1070, loss 1.6646
Epoch 12, Batch 490/575, Lx 1.4586, Lu 0.1666, Penalty 0.0870, loss 1.7121
Epoch 12, Batch 491/575, Lx 1.2471, Lu 0.1159, Penalty 0.0933, loss 1.4563
Epoch 12, Batch 492/575, Lx 1.3387, Lu 0.1999, Penalty 0.1224, loss 1.6610
Epoch 12, Batch 493/575, Lx 1.2649, Lu 0.1458, Penalty 0.0590, loss 1.4697
Epoch 12, Batch 494/575, Lx 1.4372, Lu 0.1268, Penalty 0.0485, loss 1.6125
Epoch 12, Batch 495/575, Lx 1.2842, Lu 0.1300, Penalty 0.0894, loss 1.5037
Epoch 12, Batch 496/575, Lx 1.4925, Lu 0.1521, Penalty 0.0620, loss 1.7067
Epoch 12, Batch 497/575, Lx 1.3630, Lu 0.1564, Penalty 0.0671, loss 1.5865
Epoch 12, Batch 498/575, Lx 1.4911, Lu 0.1513, Penalty 0.0820, loss 1.7245
Epoch 12, Batch 499/575, Lx 1.4144, Lu 0.1451, Penalty 0.0964, loss 1.6560
Epoch 12, Batch 500/575, Lx 1.5179, Lu 0.2212, Penalty 0.0538, loss 1.7929
Epoch 12, Batch 501/575, Lx 1.5763, Lu 0.2391, Penalty 0.0819, loss 1.8973
Epoch 12, Batch 502/575, Lx 1.3854, Lu 0.1348, Penalty 0.0756, loss 1.5959
Epoch 12, Batch 503/575, Lx 1.3829, Lu 0.1384, Penalty 0.1097, loss 1.6310
Epoch 12, Batch 504/575, Lx 1.3160, Lu 0.1273, Penalty 0.0807, loss 1.5239
Epoch 12, Batch 505/575, Lx 1.3330, Lu 0.1177, Penalty 0.1659, loss 1.6165
Epoch 12, Batch 506/575, Lx 1.6026, Lu 0.1797, Penalty 0.0695, loss 1.8518
Epoch 12, Batch 507/575, Lx 1.1431, Lu 0.0978, Penalty 0.1909, loss 1.4318
Epoch 12, Batch 508/575, Lx 1.1253, Lu 0.1545, Penalty 0.1009, loss 1.3807
Epoch 12, Batch 509/575, Lx 1.2133, Lu 0.1346, Penalty 0.0967, loss 1.4446
Epoch 12, Batch 510/575, Lx 1.2508, Lu 0.1374, Penalty 0.0845, loss 1.4727
Epoch 12, Batch 511/575, Lx 1.1337, Lu 0.0963, Penalty 0.1071, loss 1.3371
Epoch 12, Batch 512/575, Lx 1.3219, Lu 0.1325, Penalty 0.1216, loss 1.5761
Epoch 12, Batch 513/575, Lx 1.4397, Lu 0.1360, Penalty 0.0901, loss 1.6659
Epoch 12, Batch 514/575, Lx 1.3871, Lu 0.1428, Penalty 0.1085, loss 1.6385
Epoch 12, Batch 515/575, Lx 1.5393, Lu 0.1265, Penalty 0.0871, loss 1.7529
Epoch 12, Batch 516/575, Lx 1.3493, Lu 0.1191, Penalty 0.1186, loss 1.5869
Epoch 12, Batch 517/575, Lx 1.3716, Lu 0.1756, Penalty 0.0482, loss 1.5954
Epoch 12, Batch 518/575, Lx 1.3544, Lu 0.1204, Penalty 0.1550, loss 1.6299
Epoch 12, Batch 519/575, Lx 1.3837, Lu 0.1442, Penalty 0.0654, loss 1.5934
Epoch 12, Batch 520/575, Lx 1.5101, Lu 0.1656, Penalty 0.1196, loss 1.7954
Epoch 12, Batch 521/575, Lx 1.3310, Lu 0.1226, Penalty 0.0935, loss 1.5472
Epoch 12, Batch 522/575, Lx 1.4182, Lu 0.1669, Penalty 0.0961, loss 1.6812
Epoch 12, Batch 523/575, Lx 1.2501, Lu 0.1504, Penalty 0.1008, loss 1.5013
Epoch 12, Batch 524/575, Lx 1.2141, Lu 0.1921, Penalty 0.0991, loss 1.5053
Epoch 12, Batch 525/575, Lx 1.3386, Lu 0.1448, Penalty 0.0688, loss 1.5522
Epoch 12, Batch 526/575, Lx 1.3285, Lu 0.1456, Penalty 0.1036, loss 1.5777
Epoch 12, Batch 527/575, Lx 1.3397, Lu 0.1536, Penalty 0.1067, loss 1.5999
Epoch 12, Batch 528/575, Lx 1.2439, Lu 0.1298, Penalty 0.1160, loss 1.4897
Epoch 12, Batch 529/575, Lx 1.5015, Lu 0.1598, Penalty 0.0638, loss 1.7250
Epoch 12, Batch 530/575, Lx 1.1195, Lu 0.1349, Penalty 0.0942, loss 1.3486
Epoch 12, Batch 531/575, Lx 1.3118, Lu 0.1213, Penalty 0.1099, loss 1.5430
Epoch 12, Batch 532/575, Lx 1.3311, Lu 0.1870, Penalty 0.1044, loss 1.6225
Epoch 12, Batch 533/575, Lx 1.6292, Lu 0.1581, Penalty 0.0857, loss 1.8731
Epoch 12, Batch 534/575, Lx 1.4745, Lu 0.1415, Penalty 0.0903, loss 1.7063
Epoch 12, Batch 535/575, Lx 1.4306, Lu 0.1389, Penalty 0.0797, loss 1.6493
Epoch 12, Batch 536/575, Lx 1.2643, Lu 0.1445, Penalty 0.0736, loss 1.4824
Epoch 12, Batch 537/575, Lx 1.4515, Lu 0.1455, Penalty 0.0990, loss 1.6960
Epoch 12, Batch 538/575, Lx 1.3736, Lu 0.1394, Penalty 0.0879, loss 1.6009
Epoch 12, Batch 539/575, Lx 1.5243, Lu 0.1720, Penalty 0.0282, loss 1.7245
Epoch 12, Batch 540/575, Lx 1.3972, Lu 0.1486, Penalty 0.0746, loss 1.6204
Epoch 12, Batch 541/575, Lx 1.2655, Lu 0.1726, Penalty 0.0701, loss 1.5081
Epoch 12, Batch 542/575, Lx 1.2990, Lu 0.1538, Penalty 0.1134, loss 1.5662
Epoch 12, Batch 543/575, Lx 1.3356, Lu 0.1424, Penalty 0.0677, loss 1.5457
Epoch 12, Batch 544/575, Lx 1.4601, Lu 0.1330, Penalty 0.0698, loss 1.6629
Epoch 12, Batch 545/575, Lx 1.4317, Lu 0.1522, Penalty 0.0616, loss 1.6454
Epoch 12, Batch 546/575, Lx 1.5068, Lu 0.1303, Penalty 0.0861, loss 1.7233
Epoch 12, Batch 547/575, Lx 1.1467, Lu 0.1548, Penalty 0.1126, loss 1.4141
Epoch 12, Batch 548/575, Lx 1.4508, Lu 0.1426, Penalty 0.1308, loss 1.7242
Epoch 12, Batch 549/575, Lx 1.3969, Lu 0.1418, Penalty 0.0893, loss 1.6279
Epoch 12, Batch 550/575, Lx 1.5273, Lu 0.1757, Penalty 0.0826, loss 1.7856
Epoch 12, Batch 551/575, Lx 1.5417, Lu 0.1441, Penalty 0.0867, loss 1.7725
Epoch 12, Batch 552/575, Lx 1.3451, Lu 0.1254, Penalty 0.0931, loss 1.5636
Epoch 12, Batch 553/575, Lx 1.4115, Lu 0.1634, Penalty 0.0671, loss 1.6419
Epoch 12, Batch 554/575, Lx 1.1810, Lu 0.1352, Penalty 0.0983, loss 1.4146
Epoch 12, Batch 555/575, Lx 1.4370, Lu 0.1587, Penalty 0.0376, loss 1.6333
Epoch 12, Batch 556/575, Lx 1.3206, Lu 0.1896, Penalty 0.1143, loss 1.6245
Epoch 12, Batch 557/575, Lx 1.2854, Lu 0.1353, Penalty 0.0967, loss 1.5174
Epoch 12, Batch 558/575, Lx 1.2211, Lu 0.1267, Penalty 0.0900, loss 1.4377
Epoch 12, Batch 559/575, Lx 1.3198, Lu 0.1235, Penalty 0.0650, loss 1.5083
Epoch 12, Batch 560/575, Lx 1.4259, Lu 0.1821, Penalty 0.0561, loss 1.6641
Epoch 12, Batch 561/575, Lx 1.3645, Lu 0.1275, Penalty 0.0841, loss 1.5761
Epoch 12, Batch 562/575, Lx 1.3096, Lu 0.1406, Penalty 0.0855, loss 1.5357
Epoch 12, Batch 563/575, Lx 1.2418, Lu 0.1599, Penalty 0.0703, loss 1.4720
Epoch 12, Batch 564/575, Lx 1.3892, Lu 0.1351, Penalty 0.0641, loss 1.5884
Epoch 12, Batch 565/575, Lx 1.3307, Lu 0.1506, Penalty 0.1139, loss 1.5951
Epoch 12, Batch 566/575, Lx 1.2062, Lu 0.0955, Penalty 0.1746, loss 1.4763
Epoch 12, Batch 567/575, Lx 1.4314, Lu 0.1327, Penalty 0.0869, loss 1.6510
Epoch 12, Batch 568/575, Lx 1.3990, Lu 0.1417, Penalty 0.0913, loss 1.6320
Epoch 12, Batch 569/575, Lx 1.4774, Lu 0.1607, Penalty 0.0828, loss 1.7209
Epoch 12, Batch 570/575, Lx 1.3441, Lu 0.1536, Penalty 0.1034, loss 1.6011
Epoch 12, Batch 571/575, Lx 1.4374, Lu 0.1326, Penalty 0.0501, loss 1.6200
Epoch 12, Batch 572/575, Lx 1.2631, Lu 0.1497, Penalty 0.0840, loss 1.4967
Epoch 12, Batch 573/575, Lx 1.2836, Lu 0.1793, Penalty 0.1142, loss 1.5771
Epoch 12, Batch 574/575, Lx 1.1069, Lu 0.1614, Penalty 0.1070, loss 1.3753
Epoch 12, Batch 575/575, Lx 1.2637, Lu 0.1244, Penalty 0.1693, loss 1.5574
Loss: 1.6051, Lx: 1.3582, Lu: 0.1509, Penalty: 0.0960
Training for Network 2
labelled data size: 21457
unlabelled data size: 20543
Epoch 12, Batch 1/671, Lx 1.4182, Lu 0.1868, Penalty 0.0554, loss 1.6604
Epoch 12, Batch 2/671, Lx 1.5970, Lu 0.1972, Penalty 0.0474, loss 1.8416
Epoch 12, Batch 3/671, Lx 1.5095, Lu 0.2037, Penalty 0.1075, loss 1.8207
Epoch 12, Batch 4/671, Lx 1.6377, Lu 0.2052, Penalty 0.1098, loss 1.9527
Epoch 12, Batch 5/671, Lx 1.4027, Lu 0.1577, Penalty 0.0986, loss 1.6590
Epoch 12, Batch 6/671, Lx 1.3614, Lu 0.1748, Penalty 0.1585, loss 1.6947
Epoch 12, Batch 7/671, Lx 1.4619, Lu 0.1887, Penalty 0.1346, loss 1.7852
Epoch 12, Batch 8/671, Lx 1.4803, Lu 0.1885, Penalty 0.1161, loss 1.7849
Epoch 12, Batch 9/671, Lx 1.3353, Lu 0.1574, Penalty 0.1159, loss 1.6086
Epoch 12, Batch 10/671, Lx 1.4733, Lu 0.1547, Penalty 0.0881, loss 1.7160
Epoch 12, Batch 11/671, Lx 1.2856, Lu 0.1168, Penalty 0.1269, loss 1.5293
Epoch 12, Batch 12/671, Lx 1.5519, Lu 0.1696, Penalty 0.0946, loss 1.8160
Epoch 12, Batch 13/671, Lx 1.3879, Lu 0.1713, Penalty 0.0906, loss 1.6498
Epoch 12, Batch 14/671, Lx 1.3873, Lu 0.1424, Penalty 0.0987, loss 1.6285
Epoch 12, Batch 15/671, Lx 1.4202, Lu 0.1989, Penalty 0.1348, loss 1.7539
Epoch 12, Batch 16/671, Lx 1.4132, Lu 0.1975, Penalty 0.1008, loss 1.7115
Epoch 12, Batch 17/671, Lx 1.3883, Lu 0.1773, Penalty 0.1039, loss 1.6694
Epoch 12, Batch 18/671, Lx 1.3291, Lu 0.1996, Penalty 0.1016, loss 1.6303
Epoch 12, Batch 19/671, Lx 1.4489, Lu 0.1931, Penalty 0.0536, loss 1.6957
Epoch 12, Batch 20/671, Lx 1.5281, Lu 0.1283, Penalty 0.1200, loss 1.7765
Epoch 12, Batch 21/671, Lx 1.5298, Lu 0.1765, Penalty 0.0664, loss 1.7726
Epoch 12, Batch 22/671, Lx 1.5051, Lu 0.1643, Penalty 0.0743, loss 1.7437
Epoch 12, Batch 23/671, Lx 1.3762, Lu 0.1510, Penalty 0.1123, loss 1.6395
Epoch 12, Batch 24/671, Lx 1.6012, Lu 0.1943, Penalty 0.0639, loss 1.8594
Epoch 12, Batch 25/671, Lx 1.4238, Lu 0.1476, Penalty 0.1428, loss 1.7142
Epoch 12, Batch 26/671, Lx 1.5471, Lu 0.1567, Penalty 0.0732, loss 1.7771
Epoch 12, Batch 27/671, Lx 1.7308, Lu 0.1839, Penalty 0.0690, loss 1.9837
Epoch 12, Batch 28/671, Lx 1.4783, Lu 0.1748, Penalty 0.0886, loss 1.7416
Epoch 12, Batch 29/671, Lx 1.5607, Lu 0.1941, Penalty 0.1255, loss 1.8802
Epoch 12, Batch 30/671, Lx 1.4156, Lu 0.1985, Penalty 0.0967, loss 1.7109
Epoch 12, Batch 31/671, Lx 1.4728, Lu 0.1543, Penalty 0.0891, loss 1.7162
Epoch 12, Batch 32/671, Lx 1.5724, Lu 0.2647, Penalty 0.0719, loss 1.9090
Epoch 12, Batch 33/671, Lx 1.4769, Lu 0.1632, Penalty 0.0852, loss 1.7254
Epoch 12, Batch 34/671, Lx 1.4720, Lu 0.1413, Penalty 0.1237, loss 1.7370
Epoch 12, Batch 35/671, Lx 1.4867, Lu 0.1644, Penalty 0.0516, loss 1.7028
Epoch 12, Batch 36/671, Lx 1.4894, Lu 0.1587, Penalty 0.1258, loss 1.7739
Epoch 12, Batch 37/671, Lx 1.5359, Lu 0.2085, Penalty 0.0754, loss 1.8198
Epoch 12, Batch 38/671, Lx 1.5408, Lu 0.2307, Penalty 0.0588, loss 1.8303
Epoch 12, Batch 39/671, Lx 1.5268, Lu 0.1788, Penalty 0.0419, loss 1.7475
Epoch 12, Batch 40/671, Lx 1.3894, Lu 0.1333, Penalty 0.0782, loss 1.6009
Epoch 12, Batch 41/671, Lx 1.4748, Lu 0.1764, Penalty 0.1129, loss 1.7642
Epoch 12, Batch 42/671, Lx 1.2551, Lu 0.1651, Penalty 0.0254, loss 1.4456
Epoch 12, Batch 43/671, Lx 1.5384, Lu 0.1890, Penalty 0.0944, loss 1.8218
Epoch 12, Batch 44/671, Lx 1.3258, Lu 0.1774, Penalty 0.1841, loss 1.6873
Epoch 12, Batch 45/671, Lx 1.3428, Lu 0.1705, Penalty 0.0720, loss 1.5852
Epoch 12, Batch 46/671, Lx 1.4955, Lu 0.1417, Penalty 0.0722, loss 1.7094
Epoch 12, Batch 47/671, Lx 1.4067, Lu 0.1325, Penalty 0.0982, loss 1.6374
Epoch 12, Batch 48/671, Lx 1.3350, Lu 0.1241, Penalty 0.0870, loss 1.5461
Epoch 12, Batch 49/671, Lx 1.3744, Lu 0.1255, Penalty 0.1115, loss 1.6115
Epoch 12, Batch 50/671, Lx 1.3327, Lu 0.1279, Penalty 0.0978, loss 1.5584
Epoch 12, Batch 51/671, Lx 1.5569, Lu 0.2045, Penalty 0.0956, loss 1.8569
Epoch 12, Batch 52/671, Lx 1.6795, Lu 0.1454, Penalty 0.0835, loss 1.9083
Epoch 12, Batch 53/671, Lx 1.4179, Lu 0.1483, Penalty 0.0772, loss 1.6434
Epoch 12, Batch 54/671, Lx 1.4485, Lu 0.1929, Penalty 0.0832, loss 1.7246
Epoch 12, Batch 55/671, Lx 1.6978, Lu 0.2198, Penalty 0.0829, loss 2.0005
Epoch 12, Batch 56/671, Lx 1.5720, Lu 0.1757, Penalty 0.0539, loss 1.8015
Epoch 12, Batch 57/671, Lx 1.3402, Lu 0.1554, Penalty 0.1069, loss 1.6025
Epoch 12, Batch 58/671, Lx 1.2748, Lu 0.2055, Penalty 0.0796, loss 1.5598
Epoch 12, Batch 59/671, Lx 1.5737, Lu 0.1771, Penalty 0.1191, loss 1.8699
Epoch 12, Batch 60/671, Lx 1.4148, Lu 0.1640, Penalty 0.1131, loss 1.6919
Epoch 12, Batch 61/671, Lx 1.5416, Lu 0.1854, Penalty 0.1600, loss 1.8870
Epoch 12, Batch 62/671, Lx 1.5541, Lu 0.1310, Penalty 0.0873, loss 1.7724
Epoch 12, Batch 63/671, Lx 1.3095, Lu 0.1544, Penalty 0.2386, loss 1.7024
Epoch 12, Batch 64/671, Lx 1.4641, Lu 0.1316, Penalty 0.0881, loss 1.6838
Epoch 12, Batch 65/671, Lx 1.4239, Lu 0.1197, Penalty 0.1062, loss 1.6497
Epoch 12, Batch 66/671, Lx 1.5969, Lu 0.1724, Penalty 0.0911, loss 1.8603
Epoch 12, Batch 67/671, Lx 1.4356, Lu 0.1330, Penalty 0.0437, loss 1.6123
Epoch 12, Batch 68/671, Lx 1.6340, Lu 0.1842, Penalty 0.0883, loss 1.9065
Epoch 12, Batch 69/671, Lx 1.4684, Lu 0.1695, Penalty 0.0388, loss 1.6767
Epoch 12, Batch 70/671, Lx 1.4236, Lu 0.2029, Penalty 0.0761, loss 1.7026
Epoch 12, Batch 71/671, Lx 1.4686, Lu 0.2032, Penalty 0.0817, loss 1.7534
Epoch 12, Batch 72/671, Lx 1.5508, Lu 0.1989, Penalty 0.0787, loss 1.8284
Epoch 12, Batch 73/671, Lx 1.4736, Lu 0.1946, Penalty 0.0731, loss 1.7414
Epoch 12, Batch 74/671, Lx 1.4286, Lu 0.2033, Penalty 0.0738, loss 1.7057
Epoch 12, Batch 75/671, Lx 1.2885, Lu 0.1133, Penalty 0.0627, loss 1.4646
Epoch 12, Batch 76/671, Lx 1.3229, Lu 0.1422, Penalty 0.0800, loss 1.5452
Epoch 12, Batch 77/671, Lx 1.6248, Lu 0.1501, Penalty 0.1035, loss 1.8784
Epoch 12, Batch 78/671, Lx 1.5076, Lu 0.1806, Penalty 0.0796, loss 1.7678
Epoch 12, Batch 79/671, Lx 1.5042, Lu 0.1847, Penalty 0.0566, loss 1.7456
Epoch 12, Batch 80/671, Lx 1.2392, Lu 0.1566, Penalty 0.1036, loss 1.4995
Epoch 12, Batch 81/671, Lx 1.4834, Lu 0.1368, Penalty 0.0751, loss 1.6954
Epoch 12, Batch 82/671, Lx 1.6301, Lu 0.2183, Penalty 0.1065, loss 1.9549
Epoch 12, Batch 83/671, Lx 1.5522, Lu 0.1575, Penalty 0.1268, loss 1.8364
Epoch 12, Batch 84/671, Lx 1.4470, Lu 0.1299, Penalty 0.1397, loss 1.7165
Epoch 12, Batch 85/671, Lx 1.5592, Lu 0.1785, Penalty 0.1461, loss 1.8838
Epoch 12, Batch 86/671, Lx 1.6474, Lu 0.2034, Penalty 0.0382, loss 1.8889
Epoch 12, Batch 87/671, Lx 1.5106, Lu 0.1851, Penalty 0.0497, loss 1.7454
Epoch 12, Batch 88/671, Lx 1.2867, Lu 0.1668, Penalty 0.1197, loss 1.5732
Epoch 12, Batch 89/671, Lx 1.6393, Lu 0.2117, Penalty 0.0456, loss 1.8965
Epoch 12, Batch 90/671, Lx 1.5893, Lu 0.1979, Penalty 0.1067, loss 1.8939
Epoch 12, Batch 91/671, Lx 1.3058, Lu 0.1277, Penalty 0.1147, loss 1.5482
Epoch 12, Batch 92/671, Lx 1.4231, Lu 0.2020, Penalty 0.1144, loss 1.7395
Epoch 12, Batch 93/671, Lx 1.5073, Lu 0.1434, Penalty 0.0934, loss 1.7441
Epoch 12, Batch 94/671, Lx 1.3274, Lu 0.1451, Penalty 0.1154, loss 1.5879
Epoch 12, Batch 95/671, Lx 1.5220, Lu 0.1841, Penalty 0.0740, loss 1.7801
Epoch 12, Batch 96/671, Lx 1.5203, Lu 0.1543, Penalty 0.0942, loss 1.7688
Epoch 12, Batch 97/671, Lx 1.5604, Lu 0.1762, Penalty 0.0699, loss 1.8065
Epoch 12, Batch 98/671, Lx 1.4339, Lu 0.1713, Penalty 0.0942, loss 1.6993
Epoch 12, Batch 99/671, Lx 1.2870, Lu 0.1451, Penalty 0.1105, loss 1.5426
Epoch 12, Batch 100/671, Lx 1.4528, Lu 0.1352, Penalty 0.0717, loss 1.6598
Epoch 12, Batch 101/671, Lx 1.4067, Lu 0.1341, Penalty 0.1337, loss 1.6745
Epoch 12, Batch 102/671, Lx 1.5383, Lu 0.1745, Penalty 0.0633, loss 1.7760
Epoch 12, Batch 103/671, Lx 1.2720, Lu 0.1617, Penalty 0.0710, loss 1.5047
Epoch 12, Batch 104/671, Lx 1.6305, Lu 0.2347, Penalty 0.0809, loss 1.9461
Epoch 12, Batch 105/671, Lx 1.4156, Lu 0.1319, Penalty 0.0921, loss 1.6396
Epoch 12, Batch 106/671, Lx 1.3362, Lu 0.1569, Penalty 0.1019, loss 1.5951
Epoch 12, Batch 107/671, Lx 1.4933, Lu 0.1967, Penalty 0.0948, loss 1.7847
Epoch 12, Batch 108/671, Lx 1.3972, Lu 0.1951, Penalty 0.0596, loss 1.6519
Epoch 12, Batch 109/671, Lx 1.3881, Lu 0.1746, Penalty 0.1015, loss 1.6643
Epoch 12, Batch 110/671, Lx 1.5506, Lu 0.2215, Penalty 0.1302, loss 1.9023
Epoch 12, Batch 111/671, Lx 1.4612, Lu 0.1653, Penalty 0.1171, loss 1.7435
Epoch 12, Batch 112/671, Lx 1.4091, Lu 0.2081, Penalty 0.0809, loss 1.6981
Epoch 12, Batch 113/671, Lx 1.4102, Lu 0.1313, Penalty 0.1414, loss 1.6829
Epoch 12, Batch 114/671, Lx 1.3781, Lu 0.1798, Penalty 0.1372, loss 1.6952
Epoch 12, Batch 115/671, Lx 1.5900, Lu 0.1839, Penalty 0.1406, loss 1.9145
Epoch 12, Batch 116/671, Lx 1.2240, Lu 0.1281, Penalty 0.1036, loss 1.4556
Epoch 12, Batch 117/671, Lx 1.5214, Lu 0.1277, Penalty 0.1097, loss 1.7588
Epoch 12, Batch 118/671, Lx 1.4030, Lu 0.1291, Penalty 0.0991, loss 1.6312
Epoch 12, Batch 119/671, Lx 1.6496, Lu 0.1362, Penalty 0.1106, loss 1.8964
Epoch 12, Batch 120/671, Lx 1.5974, Lu 0.2283, Penalty 0.0771, loss 1.9028
Epoch 12, Batch 121/671, Lx 1.5601, Lu 0.2145, Penalty 0.0778, loss 1.8524
Epoch 12, Batch 122/671, Lx 1.4573, Lu 0.1446, Penalty 0.0879, loss 1.6898
Epoch 12, Batch 123/671, Lx 1.5317, Lu 0.1618, Penalty 0.0957, loss 1.7892
Epoch 12, Batch 124/671, Lx 1.4942, Lu 0.1748, Penalty 0.0854, loss 1.7544
Epoch 12, Batch 125/671, Lx 1.3750, Lu 0.1491, Penalty 0.1037, loss 1.6278
Epoch 12, Batch 126/671, Lx 1.5083, Lu 0.1820, Penalty 0.0613, loss 1.7517
Epoch 12, Batch 127/671, Lx 1.3884, Lu 0.1466, Penalty 0.0901, loss 1.6251
Epoch 12, Batch 128/671, Lx 1.4795, Lu 0.2609, Penalty 0.0928, loss 1.8332
Epoch 12, Batch 129/671, Lx 1.2915, Lu 0.1478, Penalty 0.0868, loss 1.5262
Epoch 12, Batch 130/671, Lx 1.4536, Lu 0.2263, Penalty 0.0839, loss 1.7638
Epoch 12, Batch 131/671, Lx 1.3346, Lu 0.1798, Penalty 0.1249, loss 1.6393
Epoch 12, Batch 132/671, Lx 1.4139, Lu 0.1942, Penalty 0.1000, loss 1.7081
Epoch 12, Batch 133/671, Lx 1.5855, Lu 0.2071, Penalty 0.0636, loss 1.8562
Epoch 12, Batch 134/671, Lx 1.3637, Lu 0.2033, Penalty 0.1229, loss 1.6899
Epoch 12, Batch 135/671, Lx 1.6242, Lu 0.2132, Penalty 0.0773, loss 1.9147
Epoch 12, Batch 136/671, Lx 1.4455, Lu 0.1568, Penalty 0.0711, loss 1.6733
Epoch 12, Batch 137/671, Lx 1.4427, Lu 0.1607, Penalty 0.1308, loss 1.7342
Epoch 12, Batch 138/671, Lx 1.6149, Lu 0.1540, Penalty 0.1257, loss 1.8946
Epoch 12, Batch 139/671, Lx 1.5313, Lu 0.1672, Penalty 0.0626, loss 1.7611
Epoch 12, Batch 140/671, Lx 1.6335, Lu 0.1513, Penalty 0.1227, loss 1.9075
Epoch 12, Batch 141/671, Lx 1.5568, Lu 0.2116, Penalty 0.0814, loss 1.8498
Epoch 12, Batch 142/671, Lx 1.4546, Lu 0.1597, Penalty 0.1071, loss 1.7214
Epoch 12, Batch 143/671, Lx 1.6432, Lu 0.2624, Penalty 0.0605, loss 1.9661
Epoch 12, Batch 144/671, Lx 1.3829, Lu 0.1616, Penalty 0.0841, loss 1.6286
Epoch 12, Batch 145/671, Lx 1.1664, Lu 0.1444, Penalty 0.1030, loss 1.4138
Epoch 12, Batch 146/671, Lx 1.3612, Lu 0.1932, Penalty 0.1204, loss 1.6749
Epoch 12, Batch 147/671, Lx 1.4834, Lu 0.1473, Penalty 0.1387, loss 1.7694
Epoch 12, Batch 148/671, Lx 1.3327, Lu 0.1345, Penalty 0.0968, loss 1.5640
Epoch 12, Batch 149/671, Lx 1.5463, Lu 0.1776, Penalty 0.0960, loss 1.8199
Epoch 12, Batch 150/671, Lx 1.5565, Lu 0.1579, Penalty 0.0849, loss 1.7993
Epoch 12, Batch 151/671, Lx 1.5513, Lu 0.2014, Penalty 0.0733, loss 1.8260
Epoch 12, Batch 152/671, Lx 1.4726, Lu 0.1886, Penalty 0.0856, loss 1.7467
Epoch 12, Batch 153/671, Lx 1.2574, Lu 0.1572, Penalty 0.0647, loss 1.4793
Epoch 12, Batch 154/671, Lx 1.4496, Lu 0.1657, Penalty 0.0651, loss 1.6803
Epoch 12, Batch 155/671, Lx 1.3208, Lu 0.1804, Penalty 0.0944, loss 1.5956
Epoch 12, Batch 156/671, Lx 1.6077, Lu 0.1632, Penalty 0.0641, loss 1.8350
Epoch 12, Batch 157/671, Lx 1.5311, Lu 0.1627, Penalty 0.1094, loss 1.8032
Epoch 12, Batch 158/671, Lx 1.5363, Lu 0.1615, Penalty 0.1062, loss 1.8040
Epoch 12, Batch 159/671, Lx 1.4659, Lu 0.1487, Penalty 0.1264, loss 1.7410
Epoch 12, Batch 160/671, Lx 1.4907, Lu 0.1376, Penalty 0.0828, loss 1.7111
Epoch 12, Batch 161/671, Lx 1.6226, Lu 0.1766, Penalty 0.0974, loss 1.8966
Epoch 12, Batch 162/671, Lx 1.2028, Lu 0.1780, Penalty 0.1231, loss 1.5040
Epoch 12, Batch 163/671, Lx 1.2637, Lu 0.1623, Penalty 0.1109, loss 1.5369
Epoch 12, Batch 164/671, Lx 1.3570, Lu 0.1454, Penalty 0.1400, loss 1.6424
Epoch 12, Batch 165/671, Lx 1.3794, Lu 0.1360, Penalty 0.1280, loss 1.6434
Epoch 12, Batch 166/671, Lx 1.6108, Lu 0.2448, Penalty 0.0953, loss 1.9510
Epoch 12, Batch 167/671, Lx 1.6096, Lu 0.1430, Penalty 0.0899, loss 1.8424
Epoch 12, Batch 168/671, Lx 1.6175, Lu 0.2354, Penalty 0.0822, loss 1.9351
Epoch 12, Batch 169/671, Lx 1.5421, Lu 0.2189, Penalty 0.1034, loss 1.8645
Epoch 12, Batch 170/671, Lx 1.4587, Lu 0.1231, Penalty 0.0849, loss 1.6666
Epoch 12, Batch 171/671, Lx 1.3715, Lu 0.1725, Penalty 0.1044, loss 1.6484
Epoch 12, Batch 172/671, Lx 1.4746, Lu 0.1249, Penalty 0.1239, loss 1.7233
Epoch 12, Batch 173/671, Lx 1.4311, Lu 0.1026, Penalty 0.1336, loss 1.6673
Epoch 12, Batch 174/671, Lx 1.2528, Lu 0.1295, Penalty 0.0654, loss 1.4477
Epoch 12, Batch 175/671, Lx 1.3529, Lu 0.1730, Penalty 0.1176, loss 1.6435
Epoch 12, Batch 176/671, Lx 1.5124, Lu 0.1801, Penalty 0.0606, loss 1.7531
Epoch 12, Batch 177/671, Lx 1.5477, Lu 0.2088, Penalty 0.1435, loss 1.9000
Epoch 12, Batch 178/671, Lx 1.2568, Lu 0.1700, Penalty 0.1229, loss 1.5497
Epoch 12, Batch 179/671, Lx 1.5286, Lu 0.1647, Penalty 0.0748, loss 1.7681
Epoch 12, Batch 180/671, Lx 1.5986, Lu 0.1826, Penalty 0.1278, loss 1.9091
Epoch 12, Batch 181/671, Lx 1.5823, Lu 0.1539, Penalty 0.0863, loss 1.8224
Epoch 12, Batch 182/671, Lx 1.5070, Lu 0.1888, Penalty 0.0793, loss 1.7751
Epoch 12, Batch 183/671, Lx 1.6468, Lu 0.1609, Penalty 0.0907, loss 1.8984
Epoch 12, Batch 184/671, Lx 1.4585, Lu 0.1938, Penalty 0.0654, loss 1.7178
Epoch 12, Batch 185/671, Lx 1.4431, Lu 0.1728, Penalty 0.1211, loss 1.7370
Epoch 12, Batch 186/671, Lx 1.6858, Lu 0.2010, Penalty 0.0377, loss 1.9245
Epoch 12, Batch 187/671, Lx 1.4770, Lu 0.1378, Penalty 0.0698, loss 1.6846
Epoch 12, Batch 188/671, Lx 1.4549, Lu 0.1363, Penalty 0.1254, loss 1.7166
Epoch 12, Batch 189/671, Lx 1.4698, Lu 0.2057, Penalty 0.1765, loss 1.8520
Epoch 12, Batch 190/671, Lx 1.6424, Lu 0.2105, Penalty 0.0650, loss 1.9179
Epoch 12, Batch 191/671, Lx 1.4267, Lu 0.1462, Penalty 0.1679, loss 1.7408
Epoch 12, Batch 192/671, Lx 1.2475, Lu 0.2013, Penalty 0.0873, loss 1.5361
Epoch 12, Batch 193/671, Lx 1.5175, Lu 0.1290, Penalty 0.1207, loss 1.7672
Epoch 12, Batch 194/671, Lx 1.7225, Lu 0.2077, Penalty 0.1235, loss 2.0537
Epoch 12, Batch 195/671, Lx 1.4002, Lu 0.1655, Penalty 0.1445, loss 1.7103
Epoch 12, Batch 196/671, Lx 1.3489, Lu 0.1424, Penalty 0.1333, loss 1.6246
Epoch 12, Batch 197/671, Lx 1.5576, Lu 0.2584, Penalty 0.1131, loss 1.9291
Epoch 12, Batch 198/671, Lx 1.4257, Lu 0.1477, Penalty 0.0886, loss 1.6620
Epoch 12, Batch 199/671, Lx 1.3758, Lu 0.1745, Penalty 0.0850, loss 1.6353
Epoch 12, Batch 200/671, Lx 1.5482, Lu 0.1911, Penalty 0.0957, loss 1.8350
Epoch 12, Batch 201/671, Lx 1.3412, Lu 0.1555, Penalty 0.1671, loss 1.6639
Epoch 12, Batch 202/671, Lx 1.5789, Lu 0.1608, Penalty 0.1000, loss 1.8397
Epoch 12, Batch 203/671, Lx 1.4175, Lu 0.1479, Penalty 0.0754, loss 1.6408
Epoch 12, Batch 204/671, Lx 1.3395, Lu 0.1303, Penalty 0.1042, loss 1.5740
Epoch 12, Batch 205/671, Lx 1.4372, Lu 0.1384, Penalty 0.1144, loss 1.6899
Epoch 12, Batch 206/671, Lx 1.3622, Lu 0.1361, Penalty 0.1355, loss 1.6338
Epoch 12, Batch 207/671, Lx 1.4071, Lu 0.1697, Penalty 0.1724, loss 1.7492
Epoch 12, Batch 208/671, Lx 1.3546, Lu 0.1506, Penalty 0.0701, loss 1.5754
Epoch 12, Batch 209/671, Lx 1.1782, Lu 0.1240, Penalty 0.1343, loss 1.4365
Epoch 12, Batch 210/671, Lx 1.5507, Lu 0.1727, Penalty 0.0907, loss 1.8141
Epoch 12, Batch 211/671, Lx 1.5186, Lu 0.1830, Penalty 0.1016, loss 1.8032
Epoch 12, Batch 212/671, Lx 1.3193, Lu 0.1448, Penalty 0.0697, loss 1.5338
Epoch 12, Batch 213/671, Lx 1.4316, Lu 0.1525, Penalty 0.0786, loss 1.6627
Epoch 12, Batch 214/671, Lx 1.4461, Lu 0.2113, Penalty 0.0618, loss 1.7192
Epoch 12, Batch 215/671, Lx 1.4742, Lu 0.1658, Penalty 0.0820, loss 1.7220
Epoch 12, Batch 216/671, Lx 1.4932, Lu 0.1991, Penalty 0.1249, loss 1.8173
Epoch 12, Batch 217/671, Lx 1.5067, Lu 0.2498, Penalty 0.0645, loss 1.8209
Epoch 12, Batch 218/671, Lx 1.4560, Lu 0.1828, Penalty 0.0570, loss 1.6958
Epoch 12, Batch 219/671, Lx 1.1888, Lu 0.1391, Penalty 0.0772, loss 1.4051
Epoch 12, Batch 220/671, Lx 1.3739, Lu 0.1735, Penalty 0.0924, loss 1.6398
Epoch 12, Batch 221/671, Lx 1.3896, Lu 0.1718, Penalty 0.1423, loss 1.7037
Epoch 12, Batch 222/671, Lx 1.3803, Lu 0.1278, Penalty 0.1063, loss 1.6144
Epoch 12, Batch 223/671, Lx 1.5523, Lu 0.1220, Penalty 0.1350, loss 1.8093
Epoch 12, Batch 224/671, Lx 1.4638, Lu 0.1412, Penalty 0.1355, loss 1.7405
Epoch 12, Batch 225/671, Lx 1.1471, Lu 0.1585, Penalty 0.0984, loss 1.4039
Epoch 12, Batch 226/671, Lx 1.5203, Lu 0.1726, Penalty 0.0986, loss 1.7915
Epoch 12, Batch 227/671, Lx 1.3451, Lu 0.1582, Penalty 0.1099, loss 1.6131
Epoch 12, Batch 228/671, Lx 1.5132, Lu 0.1437, Penalty 0.0924, loss 1.7493
Epoch 12, Batch 229/671, Lx 1.4749, Lu 0.1342, Penalty 0.0962, loss 1.7052
Epoch 12, Batch 230/671, Lx 1.2984, Lu 0.1502, Penalty 0.1232, loss 1.5717
Epoch 12, Batch 231/671, Lx 1.3087, Lu 0.1618, Penalty 0.0808, loss 1.5513
Epoch 12, Batch 232/671, Lx 1.3478, Lu 0.1643, Penalty 0.0538, loss 1.5659
Epoch 12, Batch 233/671, Lx 1.3768, Lu 0.1644, Penalty 0.0859, loss 1.6272
Epoch 12, Batch 234/671, Lx 1.3551, Lu 0.1643, Penalty 0.1215, loss 1.6410
Epoch 12, Batch 235/671, Lx 1.3783, Lu 0.1529, Penalty 0.0597, loss 1.5910
Epoch 12, Batch 236/671, Lx 1.7241, Lu 0.2075, Penalty 0.0441, loss 1.9757
Epoch 12, Batch 237/671, Lx 1.4743, Lu 0.1642, Penalty 0.0548, loss 1.6933
Epoch 12, Batch 238/671, Lx 1.5765, Lu 0.1385, Penalty 0.0521, loss 1.7671
Epoch 12, Batch 239/671, Lx 1.1320, Lu 0.1429, Penalty 0.0833, loss 1.3581
Epoch 12, Batch 240/671, Lx 1.6858, Lu 0.2473, Penalty 0.0744, loss 2.0075
Epoch 12, Batch 241/671, Lx 1.3668, Lu 0.1840, Penalty 0.0785, loss 1.6292
Epoch 12, Batch 242/671, Lx 1.4825, Lu 0.1488, Penalty 0.1159, loss 1.7472
Epoch 12, Batch 243/671, Lx 1.2288, Lu 0.1860, Penalty 0.1049, loss 1.5197
Epoch 12, Batch 244/671, Lx 1.4267, Lu 0.1686, Penalty 0.0967, loss 1.6920
Epoch 12, Batch 245/671, Lx 1.3238, Lu 0.1582, Penalty 0.1027, loss 1.5847
Epoch 12, Batch 246/671, Lx 1.4206, Lu 0.1247, Penalty 0.1113, loss 1.6567
Epoch 12, Batch 247/671, Lx 1.5355, Lu 0.1794, Penalty 0.1499, loss 1.8648
Epoch 12, Batch 248/671, Lx 1.5702, Lu 0.1514, Penalty 0.1741, loss 1.8958
Epoch 12, Batch 249/671, Lx 1.4659, Lu 0.1417, Penalty 0.0823, loss 1.6900
Epoch 12, Batch 250/671, Lx 1.4966, Lu 0.1625, Penalty 0.0391, loss 1.6982
Epoch 12, Batch 251/671, Lx 1.5714, Lu 0.1744, Penalty 0.1024, loss 1.8482
Epoch 12, Batch 252/671, Lx 1.5885, Lu 0.1521, Penalty 0.0830, loss 1.8236
Epoch 12, Batch 253/671, Lx 1.6259, Lu 0.1372, Penalty 0.0702, loss 1.8333
Epoch 12, Batch 254/671, Lx 1.6009, Lu 0.1285, Penalty 0.1008, loss 1.8301
Epoch 12, Batch 255/671, Lx 1.6048, Lu 0.1461, Penalty 0.1145, loss 1.8654
Epoch 12, Batch 256/671, Lx 1.5873, Lu 0.1095, Penalty 0.1206, loss 1.8173
Epoch 12, Batch 257/671, Lx 1.1007, Lu 0.1389, Penalty 0.1883, loss 1.4279
Epoch 12, Batch 258/671, Lx 1.4509, Lu 0.1449, Penalty 0.1091, loss 1.7049
Epoch 12, Batch 259/671, Lx 1.4362, Lu 0.1951, Penalty 0.1207, loss 1.7520
Epoch 12, Batch 260/671, Lx 1.4752, Lu 0.1559, Penalty 0.0856, loss 1.7167
Epoch 12, Batch 261/671, Lx 1.4927, Lu 0.1404, Penalty 0.1189, loss 1.7520
Epoch 12, Batch 262/671, Lx 1.5599, Lu 0.1549, Penalty 0.1074, loss 1.8222
Epoch 12, Batch 263/671, Lx 1.5822, Lu 0.1878, Penalty 0.0430, loss 1.8130
Epoch 12, Batch 264/671, Lx 1.4741, Lu 0.1610, Penalty 0.1161, loss 1.7511
Epoch 12, Batch 265/671, Lx 1.4649, Lu 0.1272, Penalty 0.1276, loss 1.7196
Epoch 12, Batch 266/671, Lx 1.3261, Lu 0.1492, Penalty 0.0929, loss 1.5682
Epoch 12, Batch 267/671, Lx 1.3560, Lu 0.1849, Penalty 0.0533, loss 1.5942
Epoch 12, Batch 268/671, Lx 1.6100, Lu 0.2006, Penalty 0.0200, loss 1.8306
Epoch 12, Batch 269/671, Lx 1.5152, Lu 0.2096, Penalty 0.0542, loss 1.7790
Epoch 12, Batch 270/671, Lx 1.4711, Lu 0.1856, Penalty 0.0609, loss 1.7177
Epoch 12, Batch 271/671, Lx 1.5760, Lu 0.1726, Penalty 0.0523, loss 1.8009
Epoch 12, Batch 272/671, Lx 1.5189, Lu 0.2217, Penalty 0.0423, loss 1.7828
Epoch 12, Batch 273/671, Lx 1.4086, Lu 0.1318, Penalty 0.0862, loss 1.6266
Epoch 12, Batch 274/671, Lx 1.4718, Lu 0.1499, Penalty 0.1098, loss 1.7314
Epoch 12, Batch 275/671, Lx 1.5217, Lu 0.1673, Penalty 0.0891, loss 1.7781
Epoch 12, Batch 276/671, Lx 0.9744, Lu 0.1188, Penalty 0.1317, loss 1.2250
Epoch 12, Batch 277/671, Lx 1.5288, Lu 0.1629, Penalty 0.0799, loss 1.7715
Epoch 12, Batch 278/671, Lx 1.4888, Lu 0.1203, Penalty 0.0696, loss 1.6788
Epoch 12, Batch 279/671, Lx 1.3786, Lu 0.1198, Penalty 0.1240, loss 1.6224
Epoch 12, Batch 280/671, Lx 1.5522, Lu 0.1892, Penalty 0.1337, loss 1.8751
Epoch 12, Batch 281/671, Lx 1.4637, Lu 0.2254, Penalty 0.1354, loss 1.8245
Epoch 12, Batch 282/671, Lx 1.3799, Lu 0.1805, Penalty 0.1180, loss 1.6785
Epoch 12, Batch 283/671, Lx 1.4970, Lu 0.1643, Penalty 0.0891, loss 1.7504
Epoch 12, Batch 284/671, Lx 1.5338, Lu 0.1816, Penalty 0.0669, loss 1.7823
Epoch 12, Batch 285/671, Lx 1.4553, Lu 0.1942, Penalty 0.0631, loss 1.7126
Epoch 12, Batch 286/671, Lx 1.1635, Lu 0.1922, Penalty 0.0563, loss 1.4121
Epoch 12, Batch 287/671, Lx 1.5135, Lu 0.2312, Penalty 0.1276, loss 1.8723
Epoch 12, Batch 288/671, Lx 1.6286, Lu 0.2327, Penalty 0.0558, loss 1.9171
Epoch 12, Batch 289/671, Lx 1.5317, Lu 0.2273, Penalty 0.0769, loss 1.8359
Epoch 12, Batch 290/671, Lx 1.3150, Lu 0.1523, Penalty 0.0940, loss 1.5613
Epoch 12, Batch 291/671, Lx 1.6477, Lu 0.1668, Penalty 0.0608, loss 1.8753
Epoch 12, Batch 292/671, Lx 1.3179, Lu 0.1646, Penalty 0.0928, loss 1.5752
Epoch 12, Batch 293/671, Lx 1.3979, Lu 0.1223, Penalty 0.1397, loss 1.6599
Epoch 12, Batch 294/671, Lx 1.3875, Lu 0.1706, Penalty 0.0963, loss 1.6544
Epoch 12, Batch 295/671, Lx 1.4484, Lu 0.1621, Penalty 0.1026, loss 1.7132
Epoch 12, Batch 296/671, Lx 1.3906, Lu 0.1395, Penalty 0.1202, loss 1.6504
Epoch 12, Batch 297/671, Lx 1.5677, Lu 0.1829, Penalty 0.1010, loss 1.8516
Epoch 12, Batch 298/671, Lx 1.6400, Lu 0.1662, Penalty 0.0495, loss 1.8557
Epoch 12, Batch 299/671, Lx 1.4298, Lu 0.1566, Penalty 0.0862, loss 1.6726
Epoch 12, Batch 300/671, Lx 1.5079, Lu 0.2391, Penalty 0.1356, loss 1.8826
Epoch 12, Batch 301/671, Lx 1.3365, Lu 0.1084, Penalty 0.1187, loss 1.5636
Epoch 12, Batch 302/671, Lx 1.3455, Lu 0.1698, Penalty 0.0870, loss 1.6023
Epoch 12, Batch 303/671, Lx 1.5546, Lu 0.1211, Penalty 0.1299, loss 1.8056
Epoch 12, Batch 304/671, Lx 1.5556, Lu 0.1658, Penalty 0.0914, loss 1.8128
Epoch 12, Batch 305/671, Lx 1.5328, Lu 0.1757, Penalty 0.1089, loss 1.8173
Epoch 12, Batch 306/671, Lx 1.3397, Lu 0.1251, Penalty 0.1336, loss 1.5983
Epoch 12, Batch 307/671, Lx 1.3828, Lu 0.1086, Penalty 0.1557, loss 1.6471
Epoch 12, Batch 308/671, Lx 1.4542, Lu 0.1450, Penalty 0.1168, loss 1.7160
Epoch 12, Batch 309/671, Lx 1.4010, Lu 0.1672, Penalty 0.0518, loss 1.6200
Epoch 12, Batch 310/671, Lx 1.4196, Lu 0.1488, Penalty 0.1056, loss 1.6740
Epoch 12, Batch 311/671, Lx 1.4021, Lu 0.1799, Penalty 0.0870, loss 1.6690
Epoch 12, Batch 312/671, Lx 1.3972, Lu 0.1373, Penalty 0.0601, loss 1.5946
Epoch 12, Batch 313/671, Lx 1.5154, Lu 0.1781, Penalty 0.0846, loss 1.7780
Epoch 12, Batch 314/671, Lx 1.2353, Lu 0.1552, Penalty 0.1376, loss 1.5281
Epoch 12, Batch 315/671, Lx 1.6051, Lu 0.1994, Penalty 0.1635, loss 1.9680
Epoch 12, Batch 316/671, Lx 1.4931, Lu 0.1495, Penalty 0.1002, loss 1.7429
Epoch 12, Batch 317/671, Lx 1.4577, Lu 0.1214, Penalty 0.1208, loss 1.6999
Epoch 12, Batch 318/671, Lx 1.4339, Lu 0.1574, Penalty 0.1065, loss 1.6977
Epoch 12, Batch 319/671, Lx 1.4703, Lu 0.1804, Penalty 0.1191, loss 1.7698
Epoch 12, Batch 320/671, Lx 1.3327, Lu 0.1122, Penalty 0.0907, loss 1.5355
Epoch 12, Batch 321/671, Lx 1.6536, Lu 0.1894, Penalty 0.1012, loss 1.9442
Epoch 12, Batch 322/671, Lx 1.4045, Lu 0.1422, Penalty 0.1515, loss 1.6982
Epoch 12, Batch 323/671, Lx 1.3301, Lu 0.1196, Penalty 0.1118, loss 1.5615
Epoch 12, Batch 324/671, Lx 1.4893, Lu 0.1943, Penalty 0.1617, loss 1.8453
Epoch 12, Batch 325/671, Lx 1.5789, Lu 0.2167, Penalty 0.0593, loss 1.8549
Epoch 12, Batch 326/671, Lx 1.4042, Lu 0.2018, Penalty 0.0834, loss 1.6894
Epoch 12, Batch 327/671, Lx 1.5075, Lu 0.2023, Penalty 0.0872, loss 1.7970
Epoch 12, Batch 328/671, Lx 1.4897, Lu 0.1528, Penalty 0.0832, loss 1.7257
Epoch 12, Batch 329/671, Lx 1.4314, Lu 0.1638, Penalty 0.0542, loss 1.6495
Epoch 12, Batch 330/671, Lx 1.0739, Lu 0.1501, Penalty 0.0667, loss 1.2907
Epoch 12, Batch 331/671, Lx 1.2378, Lu 0.1894, Penalty 0.0526, loss 1.4798
Epoch 12, Batch 332/671, Lx 1.2933, Lu 0.1147, Penalty 0.1780, loss 1.5860
Epoch 12, Batch 333/671, Lx 1.5133, Lu 0.1313, Penalty 0.0817, loss 1.7263
Epoch 12, Batch 334/671, Lx 1.5029, Lu 0.1457, Penalty 0.1660, loss 1.8146
Epoch 12, Batch 335/671, Lx 1.5710, Lu 0.2663, Penalty 0.0797, loss 1.9171
Epoch 12, Batch 336/671, Lx 1.5243, Lu 0.2048, Penalty 0.0774, loss 1.8065
Epoch 12, Batch 337/671, Lx 1.4472, Lu 0.1923, Penalty 0.0713, loss 1.7108
Epoch 12, Batch 338/671, Lx 1.4897, Lu 0.1532, Penalty 0.0754, loss 1.7183
Epoch 12, Batch 339/671, Lx 1.2679, Lu 0.1425, Penalty 0.0959, loss 1.5063
Epoch 12, Batch 340/671, Lx 1.5206, Lu 0.1338, Penalty 0.0609, loss 1.7154
Epoch 12, Batch 341/671, Lx 1.6708, Lu 0.1868, Penalty 0.0851, loss 1.9427
Epoch 12, Batch 342/671, Lx 1.3999, Lu 0.1493, Penalty 0.0622, loss 1.6113
Epoch 12, Batch 343/671, Lx 1.2623, Lu 0.1174, Penalty 0.1379, loss 1.5177
Epoch 12, Batch 344/671, Lx 1.5011, Lu 0.2299, Penalty 0.0706, loss 1.8016
Epoch 12, Batch 345/671, Lx 1.5019, Lu 0.1633, Penalty 0.1134, loss 1.7787
Epoch 12, Batch 346/671, Lx 1.4922, Lu 0.1400, Penalty 0.1022, loss 1.7344
Epoch 12, Batch 347/671, Lx 1.5258, Lu 0.2058, Penalty 0.1064, loss 1.8379
Epoch 12, Batch 348/671, Lx 1.2749, Lu 0.1337, Penalty 0.0881, loss 1.4966
Epoch 12, Batch 349/671, Lx 1.3956, Lu 0.1754, Penalty 0.1026, loss 1.6735
Epoch 12, Batch 350/671, Lx 1.2727, Lu 0.1544, Penalty 0.1272, loss 1.5543
Epoch 12, Batch 351/671, Lx 1.4455, Lu 0.1824, Penalty 0.1335, loss 1.7614
Epoch 12, Batch 352/671, Lx 1.5817, Lu 0.1949, Penalty 0.0609, loss 1.8374
Epoch 12, Batch 353/671, Lx 1.4624, Lu 0.1742, Penalty 0.0595, loss 1.6962
Epoch 12, Batch 354/671, Lx 1.3647, Lu 0.1865, Penalty 0.0884, loss 1.6396
Epoch 12, Batch 355/671, Lx 1.6067, Lu 0.1718, Penalty 0.0713, loss 1.8497
Epoch 12, Batch 356/671, Lx 1.4776, Lu 0.1562, Penalty 0.0798, loss 1.7135
Epoch 12, Batch 357/671, Lx 1.3379, Lu 0.1892, Penalty 0.1366, loss 1.6637
Epoch 12, Batch 358/671, Lx 1.5684, Lu 0.2076, Penalty 0.0685, loss 1.8445
Epoch 12, Batch 359/671, Lx 1.6497, Lu 0.2123, Penalty 0.0666, loss 1.9285
Epoch 12, Batch 360/671, Lx 1.4111, Lu 0.1273, Penalty 0.0677, loss 1.6062
Epoch 12, Batch 361/671, Lx 1.4091, Lu 0.1959, Penalty 0.1791, loss 1.7840
Epoch 12, Batch 362/671, Lx 1.3801, Lu 0.1410, Penalty 0.1498, loss 1.6709
Epoch 12, Batch 363/671, Lx 1.2746, Lu 0.1162, Penalty 0.1831, loss 1.5739
Epoch 12, Batch 364/671, Lx 1.4405, Lu 0.1966, Penalty 0.1301, loss 1.7672
Epoch 12, Batch 365/671, Lx 1.2017, Lu 0.1108, Penalty 0.0794, loss 1.3918
Epoch 12, Batch 366/671, Lx 1.5517, Lu 0.1888, Penalty 0.0742, loss 1.8147
Epoch 12, Batch 367/671, Lx 1.4108, Lu 0.1506, Penalty 0.1192, loss 1.6806
Epoch 12, Batch 368/671, Lx 1.3381, Lu 0.1145, Penalty 0.0962, loss 1.5488
Epoch 12, Batch 369/671, Lx 1.4385, Lu 0.1311, Penalty 0.1430, loss 1.7125
Epoch 12, Batch 370/671, Lx 1.5944, Lu 0.2369, Penalty 0.0774, loss 1.9087
Epoch 12, Batch 371/671, Lx 1.5268, Lu 0.2005, Penalty 0.0684, loss 1.7957
Epoch 12, Batch 372/671, Lx 1.4721, Lu 0.1508, Penalty 0.0777, loss 1.7006
Epoch 12, Batch 373/671, Lx 1.4903, Lu 0.1753, Penalty 0.1004, loss 1.7661
Epoch 12, Batch 374/671, Lx 1.3696, Lu 0.1646, Penalty 0.0895, loss 1.6237
Epoch 12, Batch 375/671, Lx 1.4871, Lu 0.1487, Penalty 0.1108, loss 1.7466
Epoch 12, Batch 376/671, Lx 1.4173, Lu 0.0950, Penalty 0.1088, loss 1.6211
Epoch 12, Batch 377/671, Lx 1.3412, Lu 0.1243, Penalty 0.0876, loss 1.5531
Epoch 12, Batch 378/671, Lx 1.4382, Lu 0.1910, Penalty 0.0673, loss 1.6966
Epoch 12, Batch 379/671, Lx 1.5352, Lu 0.1992, Penalty 0.0621, loss 1.7966
Epoch 12, Batch 380/671, Lx 1.5189, Lu 0.1587, Penalty 0.0578, loss 1.7354
Epoch 12, Batch 381/671, Lx 1.5107, Lu 0.1786, Penalty 0.0423, loss 1.7316
Epoch 12, Batch 382/671, Lx 1.5662, Lu 0.2149, Penalty 0.1150, loss 1.8960
Epoch 12, Batch 383/671, Lx 1.5601, Lu 0.1647, Penalty 0.0602, loss 1.7850
Epoch 12, Batch 384/671, Lx 1.4883, Lu 0.1406, Penalty 0.1029, loss 1.7319
Epoch 12, Batch 385/671, Lx 1.3942, Lu 0.2196, Penalty 0.1371, loss 1.7508
Epoch 12, Batch 386/671, Lx 1.3070, Lu 0.1372, Penalty 0.0636, loss 1.5079
Epoch 12, Batch 387/671, Lx 1.5065, Lu 0.1401, Penalty 0.0833, loss 1.7299
Epoch 12, Batch 388/671, Lx 1.2257, Lu 0.1449, Penalty 0.1430, loss 1.5136
Epoch 12, Batch 389/671, Lx 1.3885, Lu 0.1246, Penalty 0.1293, loss 1.6424
Epoch 12, Batch 390/671, Lx 1.6170, Lu 0.2130, Penalty 0.0780, loss 1.9080
Epoch 12, Batch 391/671, Lx 1.4741, Lu 0.1542, Penalty 0.1107, loss 1.7390
Epoch 12, Batch 392/671, Lx 1.2890, Lu 0.1187, Penalty 0.1240, loss 1.5317
Epoch 12, Batch 393/671, Lx 1.5730, Lu 0.1611, Penalty 0.0941, loss 1.8282
Epoch 12, Batch 394/671, Lx 1.3931, Lu 0.1418, Penalty 0.1324, loss 1.6673
Epoch 12, Batch 395/671, Lx 1.4887, Lu 0.1229, Penalty 0.0990, loss 1.7107
Epoch 12, Batch 396/671, Lx 1.5264, Lu 0.2093, Penalty 0.1338, loss 1.8696
Epoch 12, Batch 397/671, Lx 1.3650, Lu 0.1538, Penalty 0.0657, loss 1.5845
Epoch 12, Batch 398/671, Lx 1.4996, Lu 0.1946, Penalty 0.0511, loss 1.7453
Epoch 12, Batch 399/671, Lx 1.3214, Lu 0.1436, Penalty 0.1052, loss 1.5702
Epoch 12, Batch 400/671, Lx 1.6241, Lu 0.2169, Penalty 0.0853, loss 1.9263
Epoch 12, Batch 401/671, Lx 1.2764, Lu 0.1153, Penalty 0.0751, loss 1.4669
Epoch 12, Batch 402/671, Lx 1.4830, Lu 0.2396, Penalty 0.0573, loss 1.7799
Epoch 12, Batch 403/671, Lx 1.2807, Lu 0.1371, Penalty 0.1106, loss 1.5284
Epoch 12, Batch 404/671, Lx 1.7399, Lu 0.2420, Penalty 0.0679, loss 2.0499
Epoch 12, Batch 405/671, Lx 1.5194, Lu 0.1501, Penalty 0.1620, loss 1.8315
Epoch 12, Batch 406/671, Lx 1.3546, Lu 0.1983, Penalty 0.0378, loss 1.5907
Epoch 12, Batch 407/671, Lx 1.4832, Lu 0.1986, Penalty 0.1063, loss 1.7881
Epoch 12, Batch 408/671, Lx 1.3861, Lu 0.1539, Penalty 0.1562, loss 1.6961
Epoch 12, Batch 409/671, Lx 1.3198, Lu 0.1239, Penalty 0.1254, loss 1.5691
Epoch 12, Batch 410/671, Lx 1.3235, Lu 0.1654, Penalty 0.1504, loss 1.6393
Epoch 12, Batch 411/671, Lx 1.5182, Lu 0.1855, Penalty 0.0524, loss 1.7561
Epoch 12, Batch 412/671, Lx 1.3170, Lu 0.1360, Penalty 0.1186, loss 1.5717
Epoch 12, Batch 413/671, Lx 1.3406, Lu 0.1724, Penalty 0.1508, loss 1.6638
Epoch 12, Batch 414/671, Lx 1.4532, Lu 0.1138, Penalty 0.0733, loss 1.6403
Epoch 12, Batch 415/671, Lx 1.4342, Lu 0.1464, Penalty 0.1168, loss 1.6975
Epoch 12, Batch 416/671, Lx 1.8444, Lu 0.2460, Penalty 0.1159, loss 2.2063
Epoch 12, Batch 417/671, Lx 1.5522, Lu 0.1715, Penalty 0.0935, loss 1.8172
Epoch 12, Batch 418/671, Lx 1.4380, Lu 0.1864, Penalty 0.0688, loss 1.6933
Epoch 12, Batch 419/671, Lx 1.6549, Lu 0.2342, Penalty 0.0604, loss 1.9494
Epoch 12, Batch 420/671, Lx 1.5065, Lu 0.2139, Penalty 0.0718, loss 1.7921
Epoch 12, Batch 421/671, Lx 1.6217, Lu 0.1807, Penalty 0.0699, loss 1.8724
Epoch 12, Batch 422/671, Lx 1.2198, Lu 0.1217, Penalty 0.0886, loss 1.4300
Epoch 12, Batch 423/671, Lx 1.4056, Lu 0.1463, Penalty 0.1143, loss 1.6662
Epoch 12, Batch 424/671, Lx 1.5969, Lu 0.2023, Penalty 0.0767, loss 1.8759
Epoch 12, Batch 425/671, Lx 1.4148, Lu 0.1641, Penalty 0.0682, loss 1.6471
Epoch 12, Batch 426/671, Lx 1.5286, Lu 0.1568, Penalty 0.1380, loss 1.8234
Epoch 12, Batch 427/671, Lx 1.3382, Lu 0.1576, Penalty 0.1456, loss 1.6415
Epoch 12, Batch 428/671, Lx 1.5292, Lu 0.2079, Penalty 0.1056, loss 1.8426
Epoch 12, Batch 429/671, Lx 1.3947, Lu 0.1987, Penalty 0.0800, loss 1.6734
Epoch 12, Batch 430/671, Lx 1.3563, Lu 0.1309, Penalty 0.0749, loss 1.5621
Epoch 12, Batch 431/671, Lx 1.3803, Lu 0.1265, Penalty 0.0859, loss 1.5927
Epoch 12, Batch 432/671, Lx 1.3922, Lu 0.1117, Penalty 0.1069, loss 1.6107
Epoch 12, Batch 433/671, Lx 1.3205, Lu 0.1450, Penalty 0.1485, loss 1.6140
Epoch 12, Batch 434/671, Lx 1.4289, Lu 0.1687, Penalty 0.1043, loss 1.7019
Epoch 12, Batch 435/671, Lx 1.4978, Lu 0.1352, Penalty 0.1142, loss 1.7472
Epoch 12, Batch 436/671, Lx 1.5341, Lu 0.1150, Penalty 0.1657, loss 1.8149
Epoch 12, Batch 437/671, Lx 1.2423, Lu 0.1316, Penalty 0.0741, loss 1.4481
Epoch 12, Batch 438/671, Lx 1.3585, Lu 0.1389, Penalty 0.0761, loss 1.5735
Epoch 12, Batch 439/671, Lx 1.4410, Lu 0.1611, Penalty 0.1993, loss 1.8014
Epoch 12, Batch 440/671, Lx 1.5005, Lu 0.1222, Penalty 0.1004, loss 1.7231
Epoch 12, Batch 441/671, Lx 1.5347, Lu 0.1381, Penalty 0.0924, loss 1.7652
Epoch 12, Batch 442/671, Lx 1.3696, Lu 0.2127, Penalty 0.0834, loss 1.6657
Epoch 12, Batch 443/671, Lx 1.5733, Lu 0.1901, Penalty 0.1122, loss 1.8757
Epoch 12, Batch 444/671, Lx 1.5267, Lu 0.2506, Penalty 0.0807, loss 1.8580
Epoch 12, Batch 445/671, Lx 1.4381, Lu 0.1746, Penalty 0.0573, loss 1.6700
Epoch 12, Batch 446/671, Lx 1.5988, Lu 0.2410, Penalty 0.0501, loss 1.8899
Epoch 12, Batch 447/671, Lx 1.3133, Lu 0.1760, Penalty 0.0750, loss 1.5644
Epoch 12, Batch 448/671, Lx 1.3325, Lu 0.1211, Penalty 0.0854, loss 1.5390
Epoch 12, Batch 449/671, Lx 1.5862, Lu 0.2246, Penalty 0.0931, loss 1.9039
Epoch 12, Batch 450/671, Lx 1.4418, Lu 0.1753, Penalty 0.1286, loss 1.7457
Epoch 12, Batch 451/671, Lx 1.4814, Lu 0.2303, Penalty 0.1442, loss 1.8559
Epoch 12, Batch 452/671, Lx 1.6559, Lu 0.1858, Penalty 0.0916, loss 1.9334
Epoch 12, Batch 453/671, Lx 1.3867, Lu 0.2114, Penalty 0.1186, loss 1.7166
Epoch 12, Batch 454/671, Lx 1.4691, Lu 0.1558, Penalty 0.0897, loss 1.7146
Epoch 12, Batch 455/671, Lx 1.5399, Lu 0.1862, Penalty 0.1000, loss 1.8260
Epoch 12, Batch 456/671, Lx 1.2749, Lu 0.1150, Penalty 0.0648, loss 1.4547
Epoch 12, Batch 457/671, Lx 1.4420, Lu 0.2085, Penalty 0.1011, loss 1.7517
Epoch 12, Batch 458/671, Lx 1.4529, Lu 0.1496, Penalty 0.1057, loss 1.7082
Epoch 12, Batch 459/671, Lx 1.3622, Lu 0.1538, Penalty 0.1417, loss 1.6576
Epoch 12, Batch 460/671, Lx 1.3540, Lu 0.1195, Penalty 0.1461, loss 1.6197
Epoch 12, Batch 461/671, Lx 1.4664, Lu 0.1283, Penalty 0.1233, loss 1.7180
Epoch 12, Batch 462/671, Lx 1.4791, Lu 0.1462, Penalty 0.0905, loss 1.7158
Epoch 12, Batch 463/671, Lx 1.2018, Lu 0.1012, Penalty 0.1273, loss 1.4303
Epoch 12, Batch 464/671, Lx 1.2721, Lu 0.0924, Penalty 0.1176, loss 1.4821
Epoch 12, Batch 465/671, Lx 1.3771, Lu 0.1463, Penalty 0.1387, loss 1.6621
Epoch 12, Batch 466/671, Lx 1.4638, Lu 0.1336, Penalty 0.1018, loss 1.6992
Epoch 12, Batch 467/671, Lx 1.3037, Lu 0.2262, Penalty 0.1080, loss 1.6379
Epoch 12, Batch 468/671, Lx 1.6157, Lu 0.1820, Penalty 0.0729, loss 1.8705
Epoch 12, Batch 469/671, Lx 1.5681, Lu 0.2156, Penalty 0.0434, loss 1.8270
Epoch 12, Batch 470/671, Lx 1.5998, Lu 0.2105, Penalty 0.1080, loss 1.9184
Epoch 12, Batch 471/671, Lx 1.3264, Lu 0.1316, Penalty 0.1390, loss 1.5970
Epoch 12, Batch 472/671, Lx 1.3716, Lu 0.1299, Penalty 0.0962, loss 1.5977
Epoch 12, Batch 473/671, Lx 1.6974, Lu 0.1837, Penalty 0.0665, loss 1.9476
Epoch 12, Batch 474/671, Lx 1.2818, Lu 0.1252, Penalty 0.1111, loss 1.5182
Epoch 12, Batch 475/671, Lx 1.5438, Lu 0.2209, Penalty 0.0873, loss 1.8520
Epoch 12, Batch 476/671, Lx 1.4353, Lu 0.1504, Penalty 0.0994, loss 1.6851
Epoch 12, Batch 477/671, Lx 1.3876, Lu 0.1172, Penalty 0.0957, loss 1.6005
Epoch 12, Batch 478/671, Lx 1.3310, Lu 0.1952, Penalty 0.1714, loss 1.6976
Epoch 12, Batch 479/671, Lx 1.6021, Lu 0.1850, Penalty 0.0643, loss 1.8514
Epoch 12, Batch 480/671, Lx 1.6011, Lu 0.1822, Penalty 0.1030, loss 1.8863
Epoch 12, Batch 481/671, Lx 1.4470, Lu 0.1557, Penalty 0.0903, loss 1.6929
Epoch 12, Batch 482/671, Lx 1.5160, Lu 0.1954, Penalty 0.1092, loss 1.8207
Epoch 12, Batch 483/671, Lx 1.3314, Lu 0.1367, Penalty 0.0791, loss 1.5471
Epoch 12, Batch 484/671, Lx 1.4907, Lu 0.1373, Penalty 0.1073, loss 1.7352
Epoch 12, Batch 485/671, Lx 1.3260, Lu 0.1440, Penalty 0.1704, loss 1.6403
Epoch 12, Batch 486/671, Lx 1.3577, Lu 0.1371, Penalty 0.0863, loss 1.5811
Epoch 12, Batch 487/671, Lx 1.2778, Lu 0.1167, Penalty 0.1421, loss 1.5366
Epoch 12, Batch 488/671, Lx 1.1326, Lu 0.0789, Penalty 0.1751, loss 1.3866
Epoch 12, Batch 489/671, Lx 1.5916, Lu 0.1485, Penalty 0.1444, loss 1.8845
Epoch 12, Batch 490/671, Lx 1.4014, Lu 0.1267, Penalty 0.1164, loss 1.6445
Epoch 12, Batch 491/671, Lx 1.6029, Lu 0.2024, Penalty 0.0954, loss 1.9007
Epoch 12, Batch 492/671, Lx 1.5734, Lu 0.1382, Penalty 0.0622, loss 1.7738
Epoch 12, Batch 493/671, Lx 1.4495, Lu 0.1322, Penalty 0.0956, loss 1.6772
Epoch 12, Batch 494/671, Lx 1.4652, Lu 0.1433, Penalty 0.0936, loss 1.7022
Epoch 12, Batch 495/671, Lx 1.4968, Lu 0.1729, Penalty 0.0317, loss 1.7014
Epoch 12, Batch 496/671, Lx 1.4943, Lu 0.1490, Penalty 0.1183, loss 1.7617
Epoch 12, Batch 497/671, Lx 1.5562, Lu 0.2066, Penalty 0.0636, loss 1.8264
Epoch 12, Batch 498/671, Lx 1.4379, Lu 0.1400, Penalty 0.0888, loss 1.6667
Epoch 12, Batch 499/671, Lx 1.5034, Lu 0.1679, Penalty 0.0674, loss 1.7387
Epoch 12, Batch 500/671, Lx 1.5152, Lu 0.1580, Penalty 0.1042, loss 1.7775
Epoch 12, Batch 501/671, Lx 1.5402, Lu 0.1868, Penalty 0.0582, loss 1.7852
Epoch 12, Batch 502/671, Lx 1.3539, Lu 0.2193, Penalty 0.1321, loss 1.7053
Epoch 12, Batch 503/671, Lx 1.4126, Lu 0.1381, Penalty 0.0770, loss 1.6277
Epoch 12, Batch 504/671, Lx 1.3868, Lu 0.1305, Penalty 0.1138, loss 1.6311
Epoch 12, Batch 505/671, Lx 1.3794, Lu 0.1821, Penalty 0.1094, loss 1.6709
Epoch 12, Batch 506/671, Lx 1.3177, Lu 0.1551, Penalty 0.0890, loss 1.5618
Epoch 12, Batch 507/671, Lx 1.4602, Lu 0.1842, Penalty 0.1370, loss 1.7814
Epoch 12, Batch 508/671, Lx 1.4653, Lu 0.1538, Penalty 0.1034, loss 1.7225
Epoch 12, Batch 509/671, Lx 1.5563, Lu 0.1568, Penalty 0.1382, loss 1.8513
Epoch 12, Batch 510/671, Lx 1.3917, Lu 0.1573, Penalty 0.1001, loss 1.6491
Epoch 12, Batch 511/671, Lx 1.5116, Lu 0.1233, Penalty 0.1356, loss 1.7704
Epoch 12, Batch 512/671, Lx 1.3867, Lu 0.1487, Penalty 0.1045, loss 1.6399
Epoch 12, Batch 513/671, Lx 1.3995, Lu 0.1519, Penalty 0.1383, loss 1.6897
Epoch 12, Batch 514/671, Lx 1.5859, Lu 0.1819, Penalty 0.1168, loss 1.8847
Epoch 12, Batch 515/671, Lx 1.2914, Lu 0.1608, Penalty 0.1074, loss 1.5596
Epoch 12, Batch 516/671, Lx 1.3921, Lu 0.1185, Penalty 0.1424, loss 1.6530
Epoch 12, Batch 517/671, Lx 1.6124, Lu 0.1767, Penalty 0.1051, loss 1.8942
Epoch 12, Batch 518/671, Lx 1.3435, Lu 0.1225, Penalty 0.1358, loss 1.6018
Epoch 12, Batch 519/671, Lx 1.4283, Lu 0.1809, Penalty 0.1283, loss 1.7374
Epoch 12, Batch 520/671, Lx 1.3854, Lu 0.1344, Penalty 0.0964, loss 1.6162
Epoch 12, Batch 521/671, Lx 1.3610, Lu 0.1222, Penalty 0.1512, loss 1.6344
Epoch 12, Batch 522/671, Lx 1.3554, Lu 0.1521, Penalty 0.1109, loss 1.6183
Epoch 12, Batch 523/671, Lx 1.4825, Lu 0.1930, Penalty 0.1025, loss 1.7780
Epoch 12, Batch 524/671, Lx 1.5755, Lu 0.2292, Penalty 0.0596, loss 1.8643
Epoch 12, Batch 525/671, Lx 1.5202, Lu 0.1454, Penalty 0.0544, loss 1.7200
Epoch 12, Batch 526/671, Lx 1.5543, Lu 0.1576, Penalty 0.1068, loss 1.8186
Epoch 12, Batch 527/671, Lx 1.5317, Lu 0.1364, Penalty 0.0968, loss 1.7649
Epoch 12, Batch 528/671, Lx 1.5026, Lu 0.1412, Penalty 0.0718, loss 1.7155
Epoch 12, Batch 529/671, Lx 1.6386, Lu 0.1642, Penalty 0.0863, loss 1.8891
Epoch 12, Batch 530/671, Lx 1.3485, Lu 0.1520, Penalty 0.0908, loss 1.5913
Epoch 12, Batch 531/671, Lx 1.5095, Lu 0.2012, Penalty 0.0760, loss 1.7867
Epoch 12, Batch 532/671, Lx 1.3431, Lu 0.1143, Penalty 0.0951, loss 1.5525
Epoch 12, Batch 533/671, Lx 1.6190, Lu 0.2233, Penalty 0.0897, loss 1.9320
Epoch 12, Batch 534/671, Lx 1.3315, Lu 0.1582, Penalty 0.1184, loss 1.6081
Epoch 12, Batch 535/671, Lx 1.4523, Lu 0.1758, Penalty 0.0935, loss 1.7215
Epoch 12, Batch 536/671, Lx 1.6389, Lu 0.1625, Penalty 0.0923, loss 1.8937
Epoch 12, Batch 537/671, Lx 1.6814, Lu 0.2018, Penalty 0.1021, loss 1.9853
Epoch 12, Batch 538/671, Lx 1.4887, Lu 0.1652, Penalty 0.0976, loss 1.7516
Epoch 12, Batch 539/671, Lx 1.3866, Lu 0.1245, Penalty 0.0915, loss 1.6026
Epoch 12, Batch 540/671, Lx 1.1383, Lu 0.1673, Penalty 0.1074, loss 1.4130
Epoch 12, Batch 541/671, Lx 1.5103, Lu 0.1653, Penalty 0.0782, loss 1.7538
Epoch 12, Batch 542/671, Lx 1.6334, Lu 0.2074, Penalty 0.0557, loss 1.8966
Epoch 12, Batch 543/671, Lx 1.2016, Lu 0.1261, Penalty 0.1003, loss 1.4280
Epoch 12, Batch 544/671, Lx 1.3484, Lu 0.1528, Penalty 0.0808, loss 1.5820
Epoch 12, Batch 545/671, Lx 1.3149, Lu 0.1888, Penalty 0.0970, loss 1.6008
Epoch 12, Batch 546/671, Lx 1.4951, Lu 0.2143, Penalty 0.0586, loss 1.7680
Epoch 12, Batch 547/671, Lx 1.4177, Lu 0.1813, Penalty 0.1642, loss 1.7633
Epoch 12, Batch 548/671, Lx 1.5573, Lu 0.1437, Penalty 0.1426, loss 1.8436
Epoch 12, Batch 549/671, Lx 1.4938, Lu 0.0958, Penalty 0.1702, loss 1.7598
Epoch 12, Batch 550/671, Lx 1.5058, Lu 0.1450, Penalty 0.0795, loss 1.7303
Epoch 12, Batch 551/671, Lx 1.5030, Lu 0.1433, Penalty 0.1122, loss 1.7585
Epoch 12, Batch 552/671, Lx 1.4581, Lu 0.1560, Penalty 0.0776, loss 1.6917
Epoch 12, Batch 553/671, Lx 1.4065, Lu 0.1476, Penalty 0.0838, loss 1.6380
Epoch 12, Batch 554/671, Lx 1.6303, Lu 0.1932, Penalty 0.1377, loss 1.9612
Epoch 12, Batch 555/671, Lx 1.5357, Lu 0.1809, Penalty 0.0816, loss 1.7982
Epoch 12, Batch 556/671, Lx 1.5075, Lu 0.1437, Penalty 0.1062, loss 1.7573
Epoch 12, Batch 557/671, Lx 1.4585, Lu 0.1347, Penalty 0.1138, loss 1.7070
Epoch 12, Batch 558/671, Lx 1.5819, Lu 0.2062, Penalty 0.1570, loss 1.9450
Epoch 12, Batch 559/671, Lx 1.3298, Lu 0.1359, Penalty 0.0625, loss 1.5282
Epoch 12, Batch 560/671, Lx 1.2574, Lu 0.1606, Penalty 0.0917, loss 1.5097
Epoch 12, Batch 561/671, Lx 1.4039, Lu 0.1467, Penalty 0.0880, loss 1.6385
Epoch 12, Batch 562/671, Lx 1.2234, Lu 0.1780, Penalty 0.1092, loss 1.5106
Epoch 12, Batch 563/671, Lx 1.5243, Lu 0.1996, Penalty 0.0865, loss 1.8104
Epoch 12, Batch 564/671, Lx 1.3556, Lu 0.1338, Penalty 0.0711, loss 1.5605
Epoch 12, Batch 565/671, Lx 1.5159, Lu 0.1901, Penalty 0.0973, loss 1.8032
Epoch 12, Batch 566/671, Lx 1.3996, Lu 0.1745, Penalty 0.1309, loss 1.7049
Epoch 12, Batch 567/671, Lx 1.3102, Lu 0.1415, Penalty 0.1295, loss 1.5812
Epoch 12, Batch 568/671, Lx 1.5542, Lu 0.1721, Penalty 0.1395, loss 1.8659
Epoch 12, Batch 569/671, Lx 1.4343, Lu 0.1517, Penalty 0.1014, loss 1.6874
Epoch 12, Batch 570/671, Lx 1.5766, Lu 0.1874, Penalty 0.1058, loss 1.8698
Epoch 12, Batch 571/671, Lx 1.3201, Lu 0.1480, Penalty 0.1663, loss 1.6344
Epoch 12, Batch 572/671, Lx 1.4903, Lu 0.1462, Penalty 0.1128, loss 1.7493
Epoch 12, Batch 573/671, Lx 1.5600, Lu 0.1544, Penalty 0.0940, loss 1.8084
Epoch 12, Batch 574/671, Lx 1.6182, Lu 0.1690, Penalty 0.0979, loss 1.8850
Epoch 12, Batch 575/671, Lx 1.3339, Lu 0.0881, Penalty 0.1854, loss 1.6074
Epoch 12, Batch 576/671, Lx 1.1899, Lu 0.1773, Penalty 0.0984, loss 1.4655
Epoch 12, Batch 577/671, Lx 1.3402, Lu 0.1303, Penalty 0.0829, loss 1.5534
Epoch 12, Batch 578/671, Lx 1.4514, Lu 0.1728, Penalty 0.1092, loss 1.7334
Epoch 12, Batch 579/671, Lx 1.6405, Lu 0.2459, Penalty 0.0807, loss 1.9672
Epoch 12, Batch 580/671, Lx 1.3725, Lu 0.1526, Penalty 0.0707, loss 1.5958
Epoch 12, Batch 581/671, Lx 1.4397, Lu 0.1819, Penalty 0.0764, loss 1.6979
Epoch 12, Batch 582/671, Lx 1.3372, Lu 0.1838, Penalty 0.0838, loss 1.6048
Epoch 12, Batch 583/671, Lx 1.3899, Lu 0.1583, Penalty 0.1214, loss 1.6697
Epoch 12, Batch 584/671, Lx 1.5509, Lu 0.1482, Penalty 0.0737, loss 1.7727
Epoch 12, Batch 585/671, Lx 1.4275, Lu 0.1742, Penalty 0.0898, loss 1.6915
Epoch 12, Batch 586/671, Lx 1.3000, Lu 0.1612, Penalty 0.0899, loss 1.5511
Epoch 12, Batch 587/671, Lx 1.3650, Lu 0.1148, Penalty 0.1046, loss 1.5844
Epoch 12, Batch 588/671, Lx 1.3809, Lu 0.1692, Penalty 0.1578, loss 1.7079
Epoch 12, Batch 589/671, Lx 1.4364, Lu 0.1222, Penalty 0.0909, loss 1.6495
Epoch 12, Batch 590/671, Lx 1.3842, Lu 0.1654, Penalty 0.0857, loss 1.6353
Epoch 12, Batch 591/671, Lx 1.4616, Lu 0.1529, Penalty 0.0417, loss 1.6562
Epoch 12, Batch 592/671, Lx 1.3451, Lu 0.1545, Penalty 0.0837, loss 1.5833
Epoch 12, Batch 593/671, Lx 1.6041, Lu 0.1787, Penalty 0.0564, loss 1.8392
Epoch 12, Batch 594/671, Lx 1.6096, Lu 0.1690, Penalty 0.1016, loss 1.8803
Epoch 12, Batch 595/671, Lx 1.3906, Lu 0.1067, Penalty 0.1162, loss 1.6134
Epoch 12, Batch 596/671, Lx 1.4720, Lu 0.1343, Penalty 0.2369, loss 1.8432
Epoch 12, Batch 597/671, Lx 1.4616, Lu 0.1410, Penalty 0.0846, loss 1.6873
Epoch 12, Batch 598/671, Lx 1.5347, Lu 0.2065, Penalty 0.1078, loss 1.8491
Epoch 12, Batch 599/671, Lx 1.4301, Lu 0.1791, Penalty 0.1338, loss 1.7430
Epoch 12, Batch 600/671, Lx 1.4804, Lu 0.1505, Penalty 0.0655, loss 1.6964
Epoch 12, Batch 601/671, Lx 1.3773, Lu 0.1559, Penalty 0.1562, loss 1.6894
Epoch 12, Batch 602/671, Lx 1.5231, Lu 0.2204, Penalty 0.1039, loss 1.8473
Epoch 12, Batch 603/671, Lx 1.3679, Lu 0.1746, Penalty 0.1051, loss 1.6475
Epoch 12, Batch 604/671, Lx 1.4280, Lu 0.1299, Penalty 0.0575, loss 1.6155
Epoch 12, Batch 605/671, Lx 1.5620, Lu 0.1269, Penalty 0.1161, loss 1.8050
Epoch 12, Batch 606/671, Lx 1.4427, Lu 0.1639, Penalty 0.0644, loss 1.6710
Epoch 12, Batch 607/671, Lx 1.4841, Lu 0.1681, Penalty 0.0904, loss 1.7425
Epoch 12, Batch 608/671, Lx 1.5999, Lu 0.1504, Penalty 0.0659, loss 1.8162
Epoch 12, Batch 609/671, Lx 1.2560, Lu 0.2238, Penalty 0.0689, loss 1.5486
Epoch 12, Batch 610/671, Lx 1.7785, Lu 0.2121, Penalty 0.0708, loss 2.0613
Epoch 12, Batch 611/671, Lx 1.4356, Lu 0.1492, Penalty 0.1007, loss 1.6855
Epoch 12, Batch 612/671, Lx 1.4615, Lu 0.1170, Penalty 0.1287, loss 1.7071
Epoch 12, Batch 613/671, Lx 1.3094, Lu 0.1496, Penalty 0.0787, loss 1.5377
Epoch 12, Batch 614/671, Lx 1.4145, Lu 0.2142, Penalty 0.0755, loss 1.7042
Epoch 12, Batch 615/671, Lx 1.3685, Lu 0.1214, Penalty 0.1122, loss 1.6021
Epoch 12, Batch 616/671, Lx 1.4878, Lu 0.2329, Penalty 0.1335, loss 1.8542
Epoch 12, Batch 617/671, Lx 0.9965, Lu 0.1555, Penalty 0.0908, loss 1.2429
Epoch 12, Batch 618/671, Lx 1.4521, Lu 0.1456, Penalty 0.1153, loss 1.7130
Epoch 12, Batch 619/671, Lx 1.3207, Lu 0.1074, Penalty 0.1544, loss 1.5825
Epoch 12, Batch 620/671, Lx 1.4308, Lu 0.1522, Penalty 0.1062, loss 1.6892
Epoch 12, Batch 621/671, Lx 1.4429, Lu 0.1496, Penalty 0.1170, loss 1.7096
Epoch 12, Batch 622/671, Lx 1.2884, Lu 0.1235, Penalty 0.1465, loss 1.5584
Epoch 12, Batch 623/671, Lx 1.5744, Lu 0.1247, Penalty 0.0844, loss 1.7835
Epoch 12, Batch 624/671, Lx 1.6070, Lu 0.1728, Penalty 0.0750, loss 1.8548
Epoch 12, Batch 625/671, Lx 1.3896, Lu 0.1252, Penalty 0.1104, loss 1.6252
Epoch 12, Batch 626/671, Lx 1.4514, Lu 0.1658, Penalty 0.0910, loss 1.7082
Epoch 12, Batch 627/671, Lx 1.5257, Lu 0.1897, Penalty 0.1116, loss 1.8271
Epoch 12, Batch 628/671, Lx 1.5329, Lu 0.1921, Penalty 0.0764, loss 1.8014
Epoch 12, Batch 629/671, Lx 1.3771, Lu 0.1422, Penalty 0.0888, loss 1.6081
Epoch 12, Batch 630/671, Lx 1.4185, Lu 0.1341, Penalty 0.0914, loss 1.6441
Epoch 12, Batch 631/671, Lx 1.3956, Lu 0.1562, Penalty 0.1257, loss 1.6774
Epoch 12, Batch 632/671, Lx 1.5173, Lu 0.2241, Penalty 0.0663, loss 1.8077
Epoch 12, Batch 633/671, Lx 1.3531, Lu 0.1380, Penalty 0.1133, loss 1.6044
Epoch 12, Batch 634/671, Lx 1.4379, Lu 0.1478, Penalty 0.0953, loss 1.6810
Epoch 12, Batch 635/671, Lx 1.4394, Lu 0.1339, Penalty 0.1349, loss 1.7081
Epoch 12, Batch 636/671, Lx 1.5122, Lu 0.1808, Penalty 0.0692, loss 1.7621
Epoch 12, Batch 637/671, Lx 1.1713, Lu 0.2034, Penalty 0.0629, loss 1.4376
Epoch 12, Batch 638/671, Lx 1.4952, Lu 0.1405, Penalty 0.1194, loss 1.7551
Epoch 12, Batch 639/671, Lx 1.4288, Lu 0.1552, Penalty 0.1394, loss 1.7234
Epoch 12, Batch 640/671, Lx 1.4897, Lu 0.2423, Penalty 0.0796, loss 1.8116
Epoch 12, Batch 641/671, Lx 1.6161, Lu 0.1902, Penalty 0.0756, loss 1.8819
Epoch 12, Batch 642/671, Lx 1.4481, Lu 0.1712, Penalty 0.0960, loss 1.7152
Epoch 12, Batch 643/671, Lx 1.4799, Lu 0.1526, Penalty 0.1019, loss 1.7344
Epoch 12, Batch 644/671, Lx 1.4277, Lu 0.1520, Penalty 0.0973, loss 1.6769
Epoch 12, Batch 645/671, Lx 1.2317, Lu 0.1677, Penalty 0.1486, loss 1.5481
Epoch 12, Batch 646/671, Lx 1.6246, Lu 0.1471, Penalty 0.0608, loss 1.8325
Epoch 12, Batch 647/671, Lx 1.2598, Lu 0.1689, Penalty 0.1157, loss 1.5444
Epoch 12, Batch 648/671, Lx 1.6681, Lu 0.2455, Penalty 0.0438, loss 1.9574
Epoch 12, Batch 649/671, Lx 1.4189, Lu 0.1601, Penalty 0.1183, loss 1.6972
Epoch 12, Batch 650/671, Lx 1.5367, Lu 0.1645, Penalty 0.1136, loss 1.8149
Epoch 12, Batch 651/671, Lx 1.1298, Lu 0.1386, Penalty 0.1205, loss 1.3888
Epoch 12, Batch 652/671, Lx 1.2623, Lu 0.1516, Penalty 0.1306, loss 1.5445
Epoch 12, Batch 653/671, Lx 1.4760, Lu 0.1521, Penalty 0.1059, loss 1.7340
Epoch 12, Batch 654/671, Lx 1.4473, Lu 0.1638, Penalty 0.0919, loss 1.7029
Epoch 12, Batch 655/671, Lx 1.2527, Lu 0.1299, Penalty 0.0963, loss 1.4789
Epoch 12, Batch 656/671, Lx 1.5552, Lu 0.1603, Penalty 0.0752, loss 1.7907
Epoch 12, Batch 657/671, Lx 1.5234, Lu 0.1912, Penalty 0.0594, loss 1.7740
Epoch 12, Batch 658/671, Lx 1.5763, Lu 0.2011, Penalty 0.0766, loss 1.8540
Epoch 12, Batch 659/671, Lx 1.4483, Lu 0.1634, Penalty 0.0981, loss 1.7098
Epoch 12, Batch 660/671, Lx 1.3356, Lu 0.2091, Penalty 0.1201, loss 1.6648
Epoch 12, Batch 661/671, Lx 1.6055, Lu 0.1461, Penalty 0.0901, loss 1.8417
Epoch 12, Batch 662/671, Lx 1.4885, Lu 0.1455, Penalty 0.1062, loss 1.7401
Epoch 12, Batch 663/671, Lx 1.2405, Lu 0.1302, Penalty 0.1055, loss 1.4762
Epoch 12, Batch 664/671, Lx 1.5228, Lu 0.1515, Penalty 0.0725, loss 1.7469
Epoch 12, Batch 665/671, Lx 1.3774, Lu 0.1481, Penalty 0.1326, loss 1.6582
Epoch 12, Batch 666/671, Lx 1.4034, Lu 0.2042, Penalty 0.1308, loss 1.7384
Epoch 12, Batch 667/671, Lx 1.3756, Lu 0.1636, Penalty 0.1587, loss 1.6978
Epoch 12, Batch 668/671, Lx 1.4597, Lu 0.1553, Penalty 0.0658, loss 1.6808
Epoch 12, Batch 669/671, Lx 1.6097, Lu 0.1616, Penalty 0.0680, loss 1.8393
Epoch 12, Batch 670/671, Lx 1.3357, Lu 0.2081, Penalty 0.1914, loss 1.7352
Epoch 12, Batch 671/671, Lx 1.5624, Lu 0.1798, Penalty 0.0997, loss 1.8419
Loss: 1.7161, Lx: 1.4511, Lu: 0.1659, Penalty: 0.0991
Evaluating training data at epoch 12 for Model 1
Evaluating training data at epoch 12 for Model 2
Evaluating models at epoch 12
Test data size: 60000
Epoch: 12, Test Loss: 1.4764, Test Accuracy: 0.4702, Test F1 Score: 0.4289
Training for Network 1
labelled data size: 16808
unlabelled data size: 25192
Epoch 13, Batch 1/526, Lx 1.2074, Lu 0.2187, Penalty 0.1098, loss 1.5359
Epoch 13, Batch 2/526, Lx 1.1937, Lu 0.1732, Penalty 0.1653, loss 1.5322
Epoch 13, Batch 3/526, Lx 1.2818, Lu 0.1956, Penalty 0.0686, loss 1.5459
Epoch 13, Batch 4/526, Lx 1.2203, Lu 0.2258, Penalty 0.1126, loss 1.5587
Epoch 13, Batch 5/526, Lx 0.9220, Lu 0.2513, Penalty 0.0834, loss 1.2566
Epoch 13, Batch 6/526, Lx 1.2320, Lu 0.2273, Penalty 0.1094, loss 1.5687
Epoch 13, Batch 7/526, Lx 1.2042, Lu 0.1564, Penalty 0.1280, loss 1.4886
Epoch 13, Batch 8/526, Lx 1.4268, Lu 0.1750, Penalty 0.1196, loss 1.7214
Epoch 13, Batch 9/526, Lx 1.2528, Lu 0.1604, Penalty 0.2208, loss 1.6341
Epoch 13, Batch 10/526, Lx 1.4058, Lu 0.1514, Penalty 0.1184, loss 1.6757
Epoch 13, Batch 11/526, Lx 1.4163, Lu 0.1667, Penalty 0.0860, loss 1.6690
Epoch 13, Batch 12/526, Lx 1.1331, Lu 0.1440, Penalty 0.2246, loss 1.5016
Epoch 13, Batch 13/526, Lx 1.1668, Lu 0.1377, Penalty 0.1989, loss 1.5034
Epoch 13, Batch 14/526, Lx 1.3777, Lu 0.2310, Penalty 0.1417, loss 1.7503
Epoch 13, Batch 15/526, Lx 1.3853, Lu 0.2499, Penalty 0.1451, loss 1.7802
Epoch 13, Batch 16/526, Lx 1.2889, Lu 0.1791, Penalty 0.1364, loss 1.6045
Epoch 13, Batch 17/526, Lx 1.5094, Lu 0.2610, Penalty 0.0980, loss 1.8683
Epoch 13, Batch 18/526, Lx 1.4802, Lu 0.2874, Penalty 0.0955, loss 1.8632
Epoch 13, Batch 19/526, Lx 1.2513, Lu 0.2357, Penalty 0.1180, loss 1.6050
Epoch 13, Batch 20/526, Lx 1.1775, Lu 0.1523, Penalty 0.1012, loss 1.4310
Epoch 13, Batch 21/526, Lx 1.3629, Lu 0.1681, Penalty 0.0943, loss 1.6252
Epoch 13, Batch 22/526, Lx 1.3473, Lu 0.1681, Penalty 0.1049, loss 1.6203
Epoch 13, Batch 23/526, Lx 1.3274, Lu 0.1638, Penalty 0.1302, loss 1.6214
Epoch 13, Batch 24/526, Lx 1.2581, Lu 0.1524, Penalty 0.1379, loss 1.5484
Epoch 13, Batch 25/526, Lx 1.2305, Lu 0.1648, Penalty 0.0972, loss 1.4925
Epoch 13, Batch 26/526, Lx 1.2634, Lu 0.1972, Penalty 0.0689, loss 1.5295
Epoch 13, Batch 27/526, Lx 1.3276, Lu 0.2003, Penalty 0.1218, loss 1.6497
Epoch 13, Batch 28/526, Lx 1.2193, Lu 0.1480, Penalty 0.1049, loss 1.4722
Epoch 13, Batch 29/526, Lx 1.2332, Lu 0.1617, Penalty 0.0811, loss 1.4761
Epoch 13, Batch 30/526, Lx 1.3239, Lu 0.1984, Penalty 0.0965, loss 1.6188
Epoch 13, Batch 31/526, Lx 1.2047, Lu 0.1267, Penalty 0.1814, loss 1.5128
Epoch 13, Batch 32/526, Lx 1.2588, Lu 0.1556, Penalty 0.1382, loss 1.5526
Epoch 13, Batch 33/526, Lx 1.2545, Lu 0.1796, Penalty 0.1222, loss 1.5563
Epoch 13, Batch 34/526, Lx 1.3232, Lu 0.2222, Penalty 0.1698, loss 1.7153
Epoch 13, Batch 35/526, Lx 1.2693, Lu 0.1881, Penalty 0.1116, loss 1.5690
Epoch 13, Batch 36/526, Lx 1.3976, Lu 0.2456, Penalty 0.1409, loss 1.7840
Epoch 13, Batch 37/526, Lx 1.2550, Lu 0.2370, Penalty 0.1032, loss 1.5952
Epoch 13, Batch 38/526, Lx 1.1251, Lu 0.2063, Penalty 0.1059, loss 1.4374
Epoch 13, Batch 39/526, Lx 1.2223, Lu 0.1970, Penalty 0.0999, loss 1.5193
Epoch 13, Batch 40/526, Lx 1.3056, Lu 0.1621, Penalty 0.0978, loss 1.5655
Epoch 13, Batch 41/526, Lx 1.3457, Lu 0.2455, Penalty 0.1521, loss 1.7434
Epoch 13, Batch 42/526, Lx 1.1176, Lu 0.1989, Penalty 0.1226, loss 1.4391
Epoch 13, Batch 43/526, Lx 1.3322, Lu 0.2067, Penalty 0.1373, loss 1.6762
Epoch 13, Batch 44/526, Lx 1.3629, Lu 0.1811, Penalty 0.0635, loss 1.6075
Epoch 13, Batch 45/526, Lx 1.1203, Lu 0.1449, Penalty 0.1353, loss 1.4005
Epoch 13, Batch 46/526, Lx 1.3129, Lu 0.1622, Penalty 0.1122, loss 1.5873
Epoch 13, Batch 47/526, Lx 1.3841, Lu 0.2166, Penalty 0.1191, loss 1.7199
Epoch 13, Batch 48/526, Lx 1.2773, Lu 0.2009, Penalty 0.1278, loss 1.6060
Epoch 13, Batch 49/526, Lx 1.2667, Lu 0.2059, Penalty 0.0800, loss 1.5526
Epoch 13, Batch 50/526, Lx 1.3579, Lu 0.2291, Penalty 0.0715, loss 1.6586
Epoch 13, Batch 51/526, Lx 1.0695, Lu 0.1558, Penalty 0.1590, loss 1.3843
Epoch 13, Batch 52/526, Lx 1.0247, Lu 0.1945, Penalty 0.1619, loss 1.3811
Epoch 13, Batch 53/526, Lx 1.1786, Lu 0.1952, Penalty 0.0963, loss 1.4701
Epoch 13, Batch 54/526, Lx 1.3356, Lu 0.2183, Penalty 0.0850, loss 1.6389
Epoch 13, Batch 55/526, Lx 1.2440, Lu 0.1897, Penalty 0.1593, loss 1.5930
Epoch 13, Batch 56/526, Lx 1.2953, Lu 0.1879, Penalty 0.1086, loss 1.5918
Epoch 13, Batch 57/526, Lx 1.3882, Lu 0.2018, Penalty 0.1371, loss 1.7271
Epoch 13, Batch 58/526, Lx 1.3893, Lu 0.2455, Penalty 0.0807, loss 1.7155
Epoch 13, Batch 59/526, Lx 1.0816, Lu 0.1470, Penalty 0.1538, loss 1.3823
Epoch 13, Batch 60/526, Lx 1.2070, Lu 0.1983, Penalty 0.0899, loss 1.4953
Epoch 13, Batch 61/526, Lx 1.3886, Lu 0.2465, Penalty 0.1036, loss 1.7388
Epoch 13, Batch 62/526, Lx 1.3229, Lu 0.2102, Penalty 0.1864, loss 1.7195
Epoch 13, Batch 63/526, Lx 1.2053, Lu 0.2428, Penalty 0.2160, loss 1.6641
Epoch 13, Batch 64/526, Lx 1.3100, Lu 0.2366, Penalty 0.1159, loss 1.6624
Epoch 13, Batch 65/526, Lx 1.2737, Lu 0.1483, Penalty 0.1815, loss 1.6034
Epoch 13, Batch 66/526, Lx 1.4673, Lu 0.2106, Penalty 0.1322, loss 1.8100
Epoch 13, Batch 67/526, Lx 1.2711, Lu 0.1586, Penalty 0.1208, loss 1.5505
Epoch 13, Batch 68/526, Lx 1.1982, Lu 0.1674, Penalty 0.1615, loss 1.5270
Epoch 13, Batch 69/526, Lx 1.3506, Lu 0.2432, Penalty 0.0905, loss 1.6844
Epoch 13, Batch 70/526, Lx 1.3555, Lu 0.2731, Penalty 0.0432, loss 1.6717
Epoch 13, Batch 71/526, Lx 1.3420, Lu 0.2236, Penalty 0.0625, loss 1.6282
Epoch 13, Batch 72/526, Lx 1.1659, Lu 0.1959, Penalty 0.1816, loss 1.5435
Epoch 13, Batch 73/526, Lx 1.3150, Lu 0.1561, Penalty 0.0807, loss 1.5519
Epoch 13, Batch 74/526, Lx 1.2372, Lu 0.1681, Penalty 0.1096, loss 1.5149
Epoch 13, Batch 75/526, Lx 1.3585, Lu 0.2341, Penalty 0.1295, loss 1.7221
Epoch 13, Batch 76/526, Lx 1.2659, Lu 0.1799, Penalty 0.0917, loss 1.5375
Epoch 13, Batch 77/526, Lx 1.3019, Lu 0.1918, Penalty 0.1074, loss 1.6011
Epoch 13, Batch 78/526, Lx 1.3570, Lu 0.1523, Penalty 0.1185, loss 1.6278
Epoch 13, Batch 79/526, Lx 1.1850, Lu 0.1405, Penalty 0.1483, loss 1.4738
Epoch 13, Batch 80/526, Lx 1.3137, Lu 0.1498, Penalty 0.2016, loss 1.6651
Epoch 13, Batch 81/526, Lx 1.2211, Lu 0.1542, Penalty 0.1217, loss 1.4971
Epoch 13, Batch 82/526, Lx 1.2797, Lu 0.1416, Penalty 0.2259, loss 1.6472
Epoch 13, Batch 83/526, Lx 1.3411, Lu 0.2161, Penalty 0.0974, loss 1.6546
Epoch 13, Batch 84/526, Lx 1.2912, Lu 0.2325, Penalty 0.1947, loss 1.7184
Epoch 13, Batch 85/526, Lx 1.2945, Lu 0.1981, Penalty 0.0749, loss 1.5675
Epoch 13, Batch 86/526, Lx 1.3367, Lu 0.1898, Penalty 0.1526, loss 1.6790
Epoch 13, Batch 87/526, Lx 1.3932, Lu 0.2151, Penalty 0.0671, loss 1.6753
Epoch 13, Batch 88/526, Lx 1.2591, Lu 0.1827, Penalty 0.1098, loss 1.5516
Epoch 13, Batch 89/526, Lx 1.2800, Lu 0.2391, Penalty 0.0543, loss 1.5735
Epoch 13, Batch 90/526, Lx 1.1789, Lu 0.1650, Penalty 0.1397, loss 1.4836
Epoch 13, Batch 91/526, Lx 1.3031, Lu 0.1823, Penalty 0.0700, loss 1.5555
Epoch 13, Batch 92/526, Lx 1.3359, Lu 0.2404, Penalty 0.1294, loss 1.7057
Epoch 13, Batch 93/526, Lx 1.1796, Lu 0.1176, Penalty 0.1544, loss 1.4515
Epoch 13, Batch 94/526, Lx 1.2678, Lu 0.1769, Penalty 0.1420, loss 1.5867
Epoch 13, Batch 95/526, Lx 1.0280, Lu 0.2239, Penalty 0.1263, loss 1.3782
Epoch 13, Batch 96/526, Lx 1.1495, Lu 0.1739, Penalty 0.1073, loss 1.4307
Epoch 13, Batch 97/526, Lx 1.4564, Lu 0.2468, Penalty 0.1510, loss 1.8543
Epoch 13, Batch 98/526, Lx 1.0942, Lu 0.2366, Penalty 0.1670, loss 1.4977
Epoch 13, Batch 99/526, Lx 1.2430, Lu 0.1531, Penalty 0.1907, loss 1.5867
Epoch 13, Batch 100/526, Lx 1.1985, Lu 0.1981, Penalty 0.0823, loss 1.4789
Epoch 13, Batch 101/526, Lx 1.2223, Lu 0.1833, Penalty 0.1159, loss 1.5215
Epoch 13, Batch 102/526, Lx 1.3302, Lu 0.1805, Penalty 0.1497, loss 1.6604
Epoch 13, Batch 103/526, Lx 1.2980, Lu 0.2824, Penalty 0.0931, loss 1.6735
Epoch 13, Batch 104/526, Lx 1.2096, Lu 0.1829, Penalty 0.1184, loss 1.5108
Epoch 13, Batch 105/526, Lx 1.3043, Lu 0.1983, Penalty 0.1058, loss 1.6085
Epoch 13, Batch 106/526, Lx 1.0572, Lu 0.1621, Penalty 0.1531, loss 1.3724
Epoch 13, Batch 107/526, Lx 1.3398, Lu 0.2062, Penalty 0.0725, loss 1.6186
Epoch 13, Batch 108/526, Lx 1.3380, Lu 0.2069, Penalty 0.1819, loss 1.7268
Epoch 13, Batch 109/526, Lx 1.2735, Lu 0.1746, Penalty 0.1066, loss 1.5546
Epoch 13, Batch 110/526, Lx 1.1812, Lu 0.1620, Penalty 0.1212, loss 1.4645
Epoch 13, Batch 111/526, Lx 1.2126, Lu 0.1774, Penalty 0.1605, loss 1.5504
Epoch 13, Batch 112/526, Lx 1.0343, Lu 0.1847, Penalty 0.1822, loss 1.4013
Epoch 13, Batch 113/526, Lx 1.3111, Lu 0.2486, Penalty 0.1226, loss 1.6823
Epoch 13, Batch 114/526, Lx 1.2233, Lu 0.1108, Penalty 0.1337, loss 1.4678
Epoch 13, Batch 115/526, Lx 1.2862, Lu 0.2127, Penalty 0.1276, loss 1.6265
Epoch 13, Batch 116/526, Lx 1.3302, Lu 0.1872, Penalty 0.1286, loss 1.6460
Epoch 13, Batch 117/526, Lx 1.1004, Lu 0.2015, Penalty 0.1301, loss 1.4320
Epoch 13, Batch 118/526, Lx 1.1668, Lu 0.1600, Penalty 0.1353, loss 1.4621
Epoch 13, Batch 119/526, Lx 0.8929, Lu 0.2409, Penalty 0.1089, loss 1.2428
Epoch 13, Batch 120/526, Lx 1.2160, Lu 0.1589, Penalty 0.1805, loss 1.5554
Epoch 13, Batch 121/526, Lx 1.2648, Lu 0.2308, Penalty 0.1423, loss 1.6380
Epoch 13, Batch 122/526, Lx 1.1211, Lu 0.1917, Penalty 0.1061, loss 1.4189
Epoch 13, Batch 123/526, Lx 1.3612, Lu 0.2078, Penalty 0.1765, loss 1.7456
Epoch 13, Batch 124/526, Lx 1.2307, Lu 0.1459, Penalty 0.1774, loss 1.5539
Epoch 13, Batch 125/526, Lx 1.2963, Lu 0.1892, Penalty 0.1071, loss 1.5926
Epoch 13, Batch 126/526, Lx 1.3650, Lu 0.1974, Penalty 0.1501, loss 1.7125
Epoch 13, Batch 127/526, Lx 1.4538, Lu 0.1742, Penalty 0.0897, loss 1.7176
Epoch 13, Batch 128/526, Lx 1.2945, Lu 0.1854, Penalty 0.1405, loss 1.6204
Epoch 13, Batch 129/526, Lx 1.2191, Lu 0.2074, Penalty 0.1153, loss 1.5418
Epoch 13, Batch 130/526, Lx 1.2014, Lu 0.1635, Penalty 0.1537, loss 1.5186
Epoch 13, Batch 131/526, Lx 1.2093, Lu 0.2183, Penalty 0.1987, loss 1.6263
Epoch 13, Batch 132/526, Lx 1.1684, Lu 0.1507, Penalty 0.2580, loss 1.5772
Epoch 13, Batch 133/526, Lx 1.2960, Lu 0.1735, Penalty 0.1244, loss 1.5939
Epoch 13, Batch 134/526, Lx 1.3448, Lu 0.1953, Penalty 0.1264, loss 1.6666
Epoch 13, Batch 135/526, Lx 1.0149, Lu 0.1500, Penalty 0.1266, loss 1.2916
Epoch 13, Batch 136/526, Lx 1.3484, Lu 0.1328, Penalty 0.1180, loss 1.5992
Epoch 13, Batch 137/526, Lx 1.2490, Lu 0.1401, Penalty 0.1977, loss 1.5868
Epoch 13, Batch 138/526, Lx 1.3265, Lu 0.1811, Penalty 0.1559, loss 1.6635
Epoch 13, Batch 139/526, Lx 1.4006, Lu 0.2396, Penalty 0.0894, loss 1.7295
Epoch 13, Batch 140/526, Lx 1.1365, Lu 0.1664, Penalty 0.1234, loss 1.4263
Epoch 13, Batch 141/526, Lx 1.2250, Lu 0.1326, Penalty 0.1280, loss 1.4856
Epoch 13, Batch 142/526, Lx 1.2404, Lu 0.1671, Penalty 0.1195, loss 1.5269
Epoch 13, Batch 143/526, Lx 1.1704, Lu 0.1769, Penalty 0.1421, loss 1.4893
Epoch 13, Batch 144/526, Lx 1.0296, Lu 0.2135, Penalty 0.0974, loss 1.3405
Epoch 13, Batch 145/526, Lx 1.2287, Lu 0.1785, Penalty 0.1067, loss 1.5138
Epoch 13, Batch 146/526, Lx 0.8463, Lu 0.1915, Penalty 0.1417, loss 1.1795
Epoch 13, Batch 147/526, Lx 1.1452, Lu 0.1606, Penalty 0.1458, loss 1.4517
Epoch 13, Batch 148/526, Lx 1.4944, Lu 0.2858, Penalty 0.0986, loss 1.8788
Epoch 13, Batch 149/526, Lx 1.3104, Lu 0.2172, Penalty 0.1445, loss 1.6721
Epoch 13, Batch 150/526, Lx 1.1272, Lu 0.1372, Penalty 0.1889, loss 1.4532
Epoch 13, Batch 151/526, Lx 1.3561, Lu 0.2022, Penalty 0.1713, loss 1.7296
Epoch 13, Batch 152/526, Lx 1.2784, Lu 0.2071, Penalty 0.0752, loss 1.5607
Epoch 13, Batch 153/526, Lx 1.0787, Lu 0.1687, Penalty 0.1530, loss 1.4004
Epoch 13, Batch 154/526, Lx 1.3438, Lu 0.1877, Penalty 0.0868, loss 1.6183
Epoch 13, Batch 155/526, Lx 1.3158, Lu 0.1553, Penalty 0.1199, loss 1.5911
Epoch 13, Batch 156/526, Lx 1.2759, Lu 0.1493, Penalty 0.1831, loss 1.6083
Epoch 13, Batch 157/526, Lx 1.2269, Lu 0.1083, Penalty 0.2082, loss 1.5434
Epoch 13, Batch 158/526, Lx 0.9203, Lu 0.1572, Penalty 0.2504, loss 1.3279
Epoch 13, Batch 159/526, Lx 1.2739, Lu 0.1452, Penalty 0.1059, loss 1.5249
Epoch 13, Batch 160/526, Lx 1.1847, Lu 0.1778, Penalty 0.1878, loss 1.5503
Epoch 13, Batch 161/526, Lx 1.4270, Lu 0.2195, Penalty 0.1084, loss 1.7549
Epoch 13, Batch 162/526, Lx 1.1126, Lu 0.1790, Penalty 0.0975, loss 1.3891
Epoch 13, Batch 163/526, Lx 1.1372, Lu 0.1562, Penalty 0.1502, loss 1.4436
Epoch 13, Batch 164/526, Lx 1.1180, Lu 0.1737, Penalty 0.1297, loss 1.4215
Epoch 13, Batch 165/526, Lx 1.3102, Lu 0.2361, Penalty 0.1127, loss 1.6589
Epoch 13, Batch 166/526, Lx 1.0371, Lu 0.2327, Penalty 0.1824, loss 1.4522
Epoch 13, Batch 167/526, Lx 1.2878, Lu 0.1868, Penalty 0.1218, loss 1.5964
Epoch 13, Batch 168/526, Lx 1.3811, Lu 0.1880, Penalty 0.1092, loss 1.6784
Epoch 13, Batch 169/526, Lx 1.0860, Lu 0.2462, Penalty 0.1575, loss 1.4897
Epoch 13, Batch 170/526, Lx 1.1963, Lu 0.1710, Penalty 0.0795, loss 1.4468
Epoch 13, Batch 171/526, Lx 1.2483, Lu 0.1846, Penalty 0.1500, loss 1.5829
Epoch 13, Batch 172/526, Lx 0.9595, Lu 0.1548, Penalty 0.1379, loss 1.2522
Epoch 13, Batch 173/526, Lx 1.1772, Lu 0.1726, Penalty 0.1088, loss 1.4586
Epoch 13, Batch 174/526, Lx 1.3947, Lu 0.1896, Penalty 0.1209, loss 1.7052
Epoch 13, Batch 175/526, Lx 1.2554, Lu 0.1637, Penalty 0.1391, loss 1.5582
Epoch 13, Batch 176/526, Lx 1.2759, Lu 0.1536, Penalty 0.1375, loss 1.5669
Epoch 13, Batch 177/526, Lx 1.2810, Lu 0.2302, Penalty 0.1144, loss 1.6256
Epoch 13, Batch 178/526, Lx 1.3023, Lu 0.1374, Penalty 0.1420, loss 1.5817
Epoch 13, Batch 179/526, Lx 1.3086, Lu 0.1707, Penalty 0.1084, loss 1.5877
Epoch 13, Batch 180/526, Lx 1.2625, Lu 0.1528, Penalty 0.1103, loss 1.5256
Epoch 13, Batch 181/526, Lx 1.4619, Lu 0.2330, Penalty 0.1375, loss 1.8324
Epoch 13, Batch 182/526, Lx 1.1776, Lu 0.1800, Penalty 0.1750, loss 1.5326
Epoch 13, Batch 183/526, Lx 1.1765, Lu 0.2026, Penalty 0.1162, loss 1.4952
Epoch 13, Batch 184/526, Lx 1.2360, Lu 0.1669, Penalty 0.1102, loss 1.5131
Epoch 13, Batch 185/526, Lx 1.2736, Lu 0.1719, Penalty 0.1307, loss 1.5762
Epoch 13, Batch 186/526, Lx 1.2926, Lu 0.1795, Penalty 0.1418, loss 1.6139
Epoch 13, Batch 187/526, Lx 0.9699, Lu 0.1724, Penalty 0.0735, loss 1.2158
Epoch 13, Batch 188/526, Lx 1.2435, Lu 0.1977, Penalty 0.1187, loss 1.5600
Epoch 13, Batch 189/526, Lx 1.2690, Lu 0.1509, Penalty 0.1419, loss 1.5618
Epoch 13, Batch 190/526, Lx 1.3597, Lu 0.1620, Penalty 0.1920, loss 1.7137
Epoch 13, Batch 191/526, Lx 1.2067, Lu 0.1979, Penalty 0.2082, loss 1.6129
Epoch 13, Batch 192/526, Lx 1.2461, Lu 0.1748, Penalty 0.0582, loss 1.4790
Epoch 13, Batch 193/526, Lx 1.1454, Lu 0.1500, Penalty 0.1348, loss 1.4302
Epoch 13, Batch 194/526, Lx 1.5080, Lu 0.2289, Penalty 0.0952, loss 1.8320
Epoch 13, Batch 195/526, Lx 1.2024, Lu 0.1968, Penalty 0.1064, loss 1.5056
Epoch 13, Batch 196/526, Lx 1.1634, Lu 0.2088, Penalty 0.1129, loss 1.4850
Epoch 13, Batch 197/526, Lx 1.3822, Lu 0.2532, Penalty 0.1124, loss 1.7478
Epoch 13, Batch 198/526, Lx 1.3031, Lu 0.1758, Penalty 0.0796, loss 1.5585
Epoch 13, Batch 199/526, Lx 1.2245, Lu 0.1424, Penalty 0.2022, loss 1.5690
Epoch 13, Batch 200/526, Lx 1.2682, Lu 0.1725, Penalty 0.1060, loss 1.5467
Epoch 13, Batch 201/526, Lx 1.2059, Lu 0.1247, Penalty 0.0907, loss 1.4213
Epoch 13, Batch 202/526, Lx 1.4298, Lu 0.1958, Penalty 0.1307, loss 1.7562
Epoch 13, Batch 203/526, Lx 1.3580, Lu 0.2069, Penalty 0.0993, loss 1.6642
Epoch 13, Batch 204/526, Lx 1.2643, Lu 0.1434, Penalty 0.1646, loss 1.5723
Epoch 13, Batch 205/526, Lx 1.3328, Lu 0.1725, Penalty 0.1952, loss 1.7005
Epoch 13, Batch 206/526, Lx 1.4366, Lu 0.1902, Penalty 0.0883, loss 1.7151
Epoch 13, Batch 207/526, Lx 1.3905, Lu 0.1699, Penalty 0.1325, loss 1.6930
Epoch 13, Batch 208/526, Lx 1.3176, Lu 0.1541, Penalty 0.1271, loss 1.5988
Epoch 13, Batch 209/526, Lx 1.3610, Lu 0.2275, Penalty 0.1244, loss 1.7129
Epoch 13, Batch 210/526, Lx 1.1424, Lu 0.1667, Penalty 0.1311, loss 1.4403
Epoch 13, Batch 211/526, Lx 1.3687, Lu 0.2188, Penalty 0.1365, loss 1.7240
Epoch 13, Batch 212/526, Lx 1.2407, Lu 0.2098, Penalty 0.0992, loss 1.5498
Epoch 13, Batch 213/526, Lx 1.2301, Lu 0.2043, Penalty 0.0962, loss 1.5306
Epoch 13, Batch 214/526, Lx 1.2339, Lu 0.2086, Penalty 0.0555, loss 1.4980
Epoch 13, Batch 215/526, Lx 1.2814, Lu 0.1667, Penalty 0.0921, loss 1.5402
Epoch 13, Batch 216/526, Lx 1.2957, Lu 0.2166, Penalty 0.1015, loss 1.6138
Epoch 13, Batch 217/526, Lx 1.4069, Lu 0.2495, Penalty 0.1573, loss 1.8137
Epoch 13, Batch 218/526, Lx 1.3809, Lu 0.1765, Penalty 0.1472, loss 1.7046
Epoch 13, Batch 219/526, Lx 1.2897, Lu 0.1974, Penalty 0.1633, loss 1.6505
Epoch 13, Batch 220/526, Lx 1.3700, Lu 0.1602, Penalty 0.1309, loss 1.6611
Epoch 13, Batch 221/526, Lx 1.3531, Lu 0.2017, Penalty 0.1560, loss 1.7108
Epoch 13, Batch 222/526, Lx 1.3863, Lu 0.1314, Penalty 0.1645, loss 1.6822
Epoch 13, Batch 223/526, Lx 1.3498, Lu 0.1905, Penalty 0.1430, loss 1.6833
Epoch 13, Batch 224/526, Lx 1.4106, Lu 0.2631, Penalty 0.1472, loss 1.8209
Epoch 13, Batch 225/526, Lx 1.2474, Lu 0.1507, Penalty 0.1348, loss 1.5330
Epoch 13, Batch 226/526, Lx 1.3842, Lu 0.1707, Penalty 0.1522, loss 1.7071
Epoch 13, Batch 227/526, Lx 1.4704, Lu 0.1718, Penalty 0.1601, loss 1.8023
Epoch 13, Batch 228/526, Lx 1.2284, Lu 0.1026, Penalty 0.1343, loss 1.4654
Epoch 13, Batch 229/526, Lx 1.3285, Lu 0.1516, Penalty 0.0685, loss 1.5486
Epoch 13, Batch 230/526, Lx 1.0112, Lu 0.1410, Penalty 0.1434, loss 1.2955
Epoch 13, Batch 231/526, Lx 1.3434, Lu 0.1738, Penalty 0.0803, loss 1.5975
Epoch 13, Batch 232/526, Lx 1.2547, Lu 0.1855, Penalty 0.0808, loss 1.5210
Epoch 13, Batch 233/526, Lx 1.2247, Lu 0.1846, Penalty 0.0766, loss 1.4859
Epoch 13, Batch 234/526, Lx 1.3704, Lu 0.1745, Penalty 0.0515, loss 1.5964
Epoch 13, Batch 235/526, Lx 1.2807, Lu 0.1934, Penalty 0.0624, loss 1.5365
Epoch 13, Batch 236/526, Lx 1.3037, Lu 0.1583, Penalty 0.1344, loss 1.5965
Epoch 13, Batch 237/526, Lx 1.1275, Lu 0.1779, Penalty 0.1440, loss 1.4493
Epoch 13, Batch 238/526, Lx 1.1887, Lu 0.1667, Penalty 0.1483, loss 1.5037
Epoch 13, Batch 239/526, Lx 1.1873, Lu 0.2303, Penalty 0.0720, loss 1.4896
Epoch 13, Batch 240/526, Lx 1.2032, Lu 0.2140, Penalty 0.1326, loss 1.5498
Epoch 13, Batch 241/526, Lx 0.9961, Lu 0.1638, Penalty 0.0975, loss 1.2573
Epoch 13, Batch 242/526, Lx 1.2425, Lu 0.1561, Penalty 0.1230, loss 1.5216
Epoch 13, Batch 243/526, Lx 1.2214, Lu 0.1974, Penalty 0.1193, loss 1.5380
Epoch 13, Batch 244/526, Lx 1.1200, Lu 0.1510, Penalty 0.1428, loss 1.4139
Epoch 13, Batch 245/526, Lx 1.1779, Lu 0.1623, Penalty 0.2221, loss 1.5623
Epoch 13, Batch 246/526, Lx 1.2027, Lu 0.1412, Penalty 0.2123, loss 1.5562
Epoch 13, Batch 247/526, Lx 1.3722, Lu 0.2713, Penalty 0.1261, loss 1.7696
Epoch 13, Batch 248/526, Lx 1.1827, Lu 0.1485, Penalty 0.0647, loss 1.3959
Epoch 13, Batch 249/526, Lx 1.2476, Lu 0.1128, Penalty 0.1477, loss 1.5080
Epoch 13, Batch 250/526, Lx 1.2429, Lu 0.1986, Penalty 0.1023, loss 1.5438
Epoch 13, Batch 251/526, Lx 1.1511, Lu 0.1407, Penalty 0.1267, loss 1.4185
Epoch 13, Batch 252/526, Lx 1.2457, Lu 0.1419, Penalty 0.1073, loss 1.4949
Epoch 13, Batch 253/526, Lx 1.3244, Lu 0.2124, Penalty 0.1151, loss 1.6519
Epoch 13, Batch 254/526, Lx 1.3444, Lu 0.1988, Penalty 0.1219, loss 1.6651
Epoch 13, Batch 255/526, Lx 1.1932, Lu 0.1491, Penalty 0.0947, loss 1.4370
Epoch 13, Batch 256/526, Lx 1.1542, Lu 0.1767, Penalty 0.1149, loss 1.4458
Epoch 13, Batch 257/526, Lx 1.3248, Lu 0.1788, Penalty 0.1126, loss 1.6162
Epoch 13, Batch 258/526, Lx 1.3075, Lu 0.1565, Penalty 0.1510, loss 1.6150
Epoch 13, Batch 259/526, Lx 1.4593, Lu 0.2962, Penalty 0.0883, loss 1.8438
Epoch 13, Batch 260/526, Lx 1.3105, Lu 0.2401, Penalty 0.1505, loss 1.7011
Epoch 13, Batch 261/526, Lx 1.2241, Lu 0.1626, Penalty 0.2055, loss 1.5922
Epoch 13, Batch 262/526, Lx 1.4029, Lu 0.2501, Penalty 0.1157, loss 1.7687
Epoch 13, Batch 263/526, Lx 1.3554, Lu 0.1393, Penalty 0.1085, loss 1.6032
Epoch 13, Batch 264/526, Lx 1.1909, Lu 0.1126, Penalty 0.1146, loss 1.4180
Epoch 13, Batch 265/526, Lx 1.0357, Lu 0.1595, Penalty 0.1470, loss 1.3422
Epoch 13, Batch 266/526, Lx 1.4385, Lu 0.2308, Penalty 0.1777, loss 1.8471
Epoch 13, Batch 267/526, Lx 1.2330, Lu 0.2195, Penalty 0.1331, loss 1.5856
Epoch 13, Batch 268/526, Lx 1.2332, Lu 0.2246, Penalty 0.1369, loss 1.5947
Epoch 13, Batch 269/526, Lx 1.2316, Lu 0.1702, Penalty 0.0916, loss 1.4934
Epoch 13, Batch 270/526, Lx 1.5363, Lu 0.1633, Penalty 0.1276, loss 1.8273
Epoch 13, Batch 271/526, Lx 1.4486, Lu 0.2097, Penalty 0.0621, loss 1.7205
Epoch 13, Batch 272/526, Lx 1.3876, Lu 0.2056, Penalty 0.1238, loss 1.7170
Epoch 13, Batch 273/526, Lx 1.0986, Lu 0.1426, Penalty 0.1756, loss 1.4168
Epoch 13, Batch 274/526, Lx 1.1449, Lu 0.2160, Penalty 0.1168, loss 1.4777
Epoch 13, Batch 275/526, Lx 1.2278, Lu 0.2369, Penalty 0.1503, loss 1.6150
Epoch 13, Batch 276/526, Lx 1.0917, Lu 0.1553, Penalty 0.1557, loss 1.4027
Epoch 13, Batch 277/526, Lx 1.3182, Lu 0.1536, Penalty 0.1355, loss 1.6073
Epoch 13, Batch 278/526, Lx 1.3142, Lu 0.1139, Penalty 0.1255, loss 1.5535
Epoch 13, Batch 279/526, Lx 1.1392, Lu 0.1510, Penalty 0.1237, loss 1.4139
Epoch 13, Batch 280/526, Lx 1.3848, Lu 0.1951, Penalty 0.1782, loss 1.7581
Epoch 13, Batch 281/526, Lx 1.1800, Lu 0.1394, Penalty 0.2362, loss 1.5556
Epoch 13, Batch 282/526, Lx 1.2017, Lu 0.1337, Penalty 0.1910, loss 1.5263
Epoch 13, Batch 283/526, Lx 1.0447, Lu 0.1466, Penalty 0.1492, loss 1.3406
Epoch 13, Batch 284/526, Lx 1.2167, Lu 0.1551, Penalty 0.2188, loss 1.5905
Epoch 13, Batch 285/526, Lx 1.2615, Lu 0.2146, Penalty 0.1743, loss 1.6503
Epoch 13, Batch 286/526, Lx 1.3795, Lu 0.2213, Penalty 0.0984, loss 1.6993
Epoch 13, Batch 287/526, Lx 1.2983, Lu 0.2262, Penalty 0.1013, loss 1.6257
Epoch 13, Batch 288/526, Lx 1.3368, Lu 0.1936, Penalty 0.0901, loss 1.6206
Epoch 13, Batch 289/526, Lx 1.2267, Lu 0.1855, Penalty 0.0953, loss 1.5075
Epoch 13, Batch 290/526, Lx 1.3632, Lu 0.2346, Penalty 0.1234, loss 1.7211
Epoch 13, Batch 291/526, Lx 1.1622, Lu 0.2065, Penalty 0.1135, loss 1.4822
Epoch 13, Batch 292/526, Lx 1.1863, Lu 0.1248, Penalty 0.1323, loss 1.4434
Epoch 13, Batch 293/526, Lx 1.3817, Lu 0.1613, Penalty 0.0875, loss 1.6305
Epoch 13, Batch 294/526, Lx 1.3109, Lu 0.1299, Penalty 0.1224, loss 1.5632
Epoch 13, Batch 295/526, Lx 1.2400, Lu 0.1347, Penalty 0.1448, loss 1.5194
Epoch 13, Batch 296/526, Lx 1.1609, Lu 0.1498, Penalty 0.1808, loss 1.4915
Epoch 13, Batch 297/526, Lx 1.3130, Lu 0.1564, Penalty 0.1534, loss 1.6227
Epoch 13, Batch 298/526, Lx 1.3977, Lu 0.2000, Penalty 0.1733, loss 1.7710
Epoch 13, Batch 299/526, Lx 1.4049, Lu 0.1999, Penalty 0.1637, loss 1.7684
Epoch 13, Batch 300/526, Lx 1.2891, Lu 0.2447, Penalty 0.1432, loss 1.6770
Epoch 13, Batch 301/526, Lx 1.4804, Lu 0.2244, Penalty 0.0752, loss 1.7800
Epoch 13, Batch 302/526, Lx 1.2985, Lu 0.1869, Penalty 0.1052, loss 1.5906
Epoch 13, Batch 303/526, Lx 1.4574, Lu 0.2636, Penalty 0.0815, loss 1.8025
Epoch 13, Batch 304/526, Lx 1.2203, Lu 0.1724, Penalty 0.1548, loss 1.5474
Epoch 13, Batch 305/526, Lx 1.2704, Lu 0.1730, Penalty 0.1043, loss 1.5477
Epoch 13, Batch 306/526, Lx 1.3356, Lu 0.1887, Penalty 0.1494, loss 1.6737
Epoch 13, Batch 307/526, Lx 1.0621, Lu 0.2056, Penalty 0.0959, loss 1.3636
Epoch 13, Batch 308/526, Lx 1.0955, Lu 0.2102, Penalty 0.1162, loss 1.4219
Epoch 13, Batch 309/526, Lx 1.2839, Lu 0.2091, Penalty 0.0382, loss 1.5311
Epoch 13, Batch 310/526, Lx 1.2372, Lu 0.2220, Penalty 0.1477, loss 1.6069
Epoch 13, Batch 311/526, Lx 1.2296, Lu 0.1823, Penalty 0.1113, loss 1.5231
Epoch 13, Batch 312/526, Lx 1.2443, Lu 0.1897, Penalty 0.1354, loss 1.5694
Epoch 13, Batch 313/526, Lx 1.3501, Lu 0.1754, Penalty 0.1698, loss 1.6953
Epoch 13, Batch 314/526, Lx 1.2491, Lu 0.2058, Penalty 0.1576, loss 1.6125
Epoch 13, Batch 315/526, Lx 1.2151, Lu 0.1824, Penalty 0.1405, loss 1.5380
Epoch 13, Batch 316/526, Lx 0.9631, Lu 0.1449, Penalty 0.1384, loss 1.2464
Epoch 13, Batch 317/526, Lx 1.3367, Lu 0.1430, Penalty 0.1812, loss 1.6609
Epoch 13, Batch 318/526, Lx 1.1050, Lu 0.1119, Penalty 0.2154, loss 1.4323
Epoch 13, Batch 319/526, Lx 1.1751, Lu 0.1394, Penalty 0.1101, loss 1.4246
Epoch 13, Batch 320/526, Lx 1.2429, Lu 0.1301, Penalty 0.1967, loss 1.5697
Epoch 13, Batch 321/526, Lx 1.2640, Lu 0.1903, Penalty 0.1126, loss 1.5668
Epoch 13, Batch 322/526, Lx 1.2033, Lu 0.1864, Penalty 0.1720, loss 1.5617
Epoch 13, Batch 323/526, Lx 1.2718, Lu 0.1738, Penalty 0.0969, loss 1.5424
Epoch 13, Batch 324/526, Lx 1.2126, Lu 0.1635, Penalty 0.1711, loss 1.5473
Epoch 13, Batch 325/526, Lx 1.4419, Lu 0.2879, Penalty 0.1022, loss 1.8320
Epoch 13, Batch 326/526, Lx 1.3246, Lu 0.2257, Penalty 0.0762, loss 1.6265
Epoch 13, Batch 327/526, Lx 1.2333, Lu 0.2020, Penalty 0.0926, loss 1.5280
Epoch 13, Batch 328/526, Lx 1.2618, Lu 0.1725, Penalty 0.1796, loss 1.6139
Epoch 13, Batch 329/526, Lx 1.3796, Lu 0.1641, Penalty 0.1671, loss 1.7108
Epoch 13, Batch 330/526, Lx 1.2154, Lu 0.2064, Penalty 0.1140, loss 1.5359
Epoch 13, Batch 331/526, Lx 1.2617, Lu 0.1651, Penalty 0.1627, loss 1.5895
Epoch 13, Batch 332/526, Lx 1.2576, Lu 0.1399, Penalty 0.2146, loss 1.6120
Epoch 13, Batch 333/526, Lx 1.2107, Lu 0.2149, Penalty 0.1120, loss 1.5376
Epoch 13, Batch 334/526, Lx 1.2240, Lu 0.1636, Penalty 0.1240, loss 1.5116
Epoch 13, Batch 335/526, Lx 1.3076, Lu 0.1733, Penalty 0.1212, loss 1.6021
Epoch 13, Batch 336/526, Lx 1.1601, Lu 0.1803, Penalty 0.1672, loss 1.5076
Epoch 13, Batch 337/526, Lx 1.1668, Lu 0.1858, Penalty 0.0990, loss 1.4516
Epoch 13, Batch 338/526, Lx 1.2750, Lu 0.1338, Penalty 0.1348, loss 1.5436
Epoch 13, Batch 339/526, Lx 1.3143, Lu 0.1604, Penalty 0.1788, loss 1.6534
Epoch 13, Batch 340/526, Lx 1.3284, Lu 0.1319, Penalty 0.1435, loss 1.6038
Epoch 13, Batch 341/526, Lx 1.2200, Lu 0.1730, Penalty 0.1814, loss 1.5745
Epoch 13, Batch 342/526, Lx 1.2169, Lu 0.1597, Penalty 0.1141, loss 1.4907
Epoch 13, Batch 343/526, Lx 1.2967, Lu 0.1922, Penalty 0.1544, loss 1.6432
Epoch 13, Batch 344/526, Lx 1.1954, Lu 0.1294, Penalty 0.1174, loss 1.4422
Epoch 13, Batch 345/526, Lx 1.2902, Lu 0.2527, Penalty 0.0854, loss 1.6282
Epoch 13, Batch 346/526, Lx 1.0601, Lu 0.1876, Penalty 0.1058, loss 1.3535
Epoch 13, Batch 347/526, Lx 1.3598, Lu 0.2052, Penalty 0.1030, loss 1.6680
Epoch 13, Batch 348/526, Lx 1.1440, Lu 0.1780, Penalty 0.1035, loss 1.4256
Epoch 13, Batch 349/526, Lx 1.3191, Lu 0.1733, Penalty 0.1168, loss 1.6092
Epoch 13, Batch 350/526, Lx 1.5096, Lu 0.2780, Penalty 0.0681, loss 1.8556
Epoch 13, Batch 351/526, Lx 1.3525, Lu 0.2024, Penalty 0.0624, loss 1.6172
Epoch 13, Batch 352/526, Lx 1.3669, Lu 0.2228, Penalty 0.1177, loss 1.7074
Epoch 13, Batch 353/526, Lx 1.3303, Lu 0.2036, Penalty 0.1942, loss 1.7282
Epoch 13, Batch 354/526, Lx 1.3635, Lu 0.1938, Penalty 0.1099, loss 1.6672
Epoch 13, Batch 355/526, Lx 1.4011, Lu 0.1470, Penalty 0.1380, loss 1.6861
Epoch 13, Batch 356/526, Lx 1.1052, Lu 0.1446, Penalty 0.1992, loss 1.4490
Epoch 13, Batch 357/526, Lx 1.1762, Lu 0.1548, Penalty 0.1565, loss 1.4875
Epoch 13, Batch 358/526, Lx 1.3749, Lu 0.2004, Penalty 0.1362, loss 1.7115
Epoch 13, Batch 359/526, Lx 1.2314, Lu 0.1314, Penalty 0.1474, loss 1.5101
Epoch 13, Batch 360/526, Lx 1.2386, Lu 0.1496, Penalty 0.1556, loss 1.5438
Epoch 13, Batch 361/526, Lx 1.1567, Lu 0.2184, Penalty 0.1437, loss 1.5188
Epoch 13, Batch 362/526, Lx 1.1889, Lu 0.1668, Penalty 0.1542, loss 1.5099
Epoch 13, Batch 363/526, Lx 1.4786, Lu 0.2658, Penalty 0.0835, loss 1.8279
Epoch 13, Batch 364/526, Lx 1.2877, Lu 0.1681, Penalty 0.1182, loss 1.5740
Epoch 13, Batch 365/526, Lx 1.1517, Lu 0.1378, Penalty 0.1000, loss 1.3895
Epoch 13, Batch 366/526, Lx 1.4957, Lu 0.2477, Penalty 0.0849, loss 1.8283
Epoch 13, Batch 367/526, Lx 1.2602, Lu 0.1540, Penalty 0.1527, loss 1.5670
Epoch 13, Batch 368/526, Lx 1.2743, Lu 0.1328, Penalty 0.0857, loss 1.4928
Epoch 13, Batch 369/526, Lx 1.2321, Lu 0.1758, Penalty 0.0912, loss 1.4991
Epoch 13, Batch 370/526, Lx 1.1973, Lu 0.1351, Penalty 0.0880, loss 1.4204
Epoch 13, Batch 371/526, Lx 1.2660, Lu 0.1634, Penalty 0.1081, loss 1.5375
Epoch 13, Batch 372/526, Lx 1.3138, Lu 0.1664, Penalty 0.1148, loss 1.5950
Epoch 13, Batch 373/526, Lx 1.3011, Lu 0.1858, Penalty 0.0556, loss 1.5426
Epoch 13, Batch 374/526, Lx 1.1589, Lu 0.1307, Penalty 0.1158, loss 1.4054
Epoch 13, Batch 375/526, Lx 1.3130, Lu 0.1734, Penalty 0.1094, loss 1.5958
Epoch 13, Batch 376/526, Lx 1.0110, Lu 0.2288, Penalty 0.1183, loss 1.3581
Epoch 13, Batch 377/526, Lx 1.1641, Lu 0.1748, Penalty 0.1282, loss 1.4671
Epoch 13, Batch 378/526, Lx 1.2235, Lu 0.1665, Penalty 0.0910, loss 1.4810
Epoch 13, Batch 379/526, Lx 1.2501, Lu 0.1758, Penalty 0.1117, loss 1.5376
Epoch 13, Batch 380/526, Lx 1.1165, Lu 0.1808, Penalty 0.1127, loss 1.4100
Epoch 13, Batch 381/526, Lx 1.0805, Lu 0.1678, Penalty 0.1002, loss 1.3485
Epoch 13, Batch 382/526, Lx 1.1829, Lu 0.1804, Penalty 0.1558, loss 1.5190
Epoch 13, Batch 383/526, Lx 1.0687, Lu 0.1792, Penalty 0.1101, loss 1.3581
Epoch 13, Batch 384/526, Lx 1.0163, Lu 0.1776, Penalty 0.1517, loss 1.3456
Epoch 13, Batch 385/526, Lx 1.0143, Lu 0.1698, Penalty 0.1387, loss 1.3229
Epoch 13, Batch 386/526, Lx 1.4032, Lu 0.1510, Penalty 0.1454, loss 1.6996
Epoch 13, Batch 387/526, Lx 1.2592, Lu 0.1717, Penalty 0.1682, loss 1.5991
Epoch 13, Batch 388/526, Lx 1.3393, Lu 0.1954, Penalty 0.1112, loss 1.6459
Epoch 13, Batch 389/526, Lx 1.5175, Lu 0.2306, Penalty 0.0842, loss 1.8323
Epoch 13, Batch 390/526, Lx 1.1926, Lu 0.1732, Penalty 0.1195, loss 1.4853
Epoch 13, Batch 391/526, Lx 1.3716, Lu 0.1713, Penalty 0.1452, loss 1.6881
Epoch 13, Batch 392/526, Lx 1.1457, Lu 0.1542, Penalty 0.1306, loss 1.4305
Epoch 13, Batch 393/526, Lx 1.2567, Lu 0.1875, Penalty 0.1163, loss 1.5606
Epoch 13, Batch 394/526, Lx 1.4402, Lu 0.2556, Penalty 0.0986, loss 1.7943
Epoch 13, Batch 395/526, Lx 1.3644, Lu 0.1500, Penalty 0.0996, loss 1.6140
Epoch 13, Batch 396/526, Lx 1.5692, Lu 0.2016, Penalty 0.1064, loss 1.8772
Epoch 13, Batch 397/526, Lx 0.9582, Lu 0.1583, Penalty 0.0775, loss 1.1940
Epoch 13, Batch 398/526, Lx 1.2315, Lu 0.1262, Penalty 0.0878, loss 1.4455
Epoch 13, Batch 399/526, Lx 1.2172, Lu 0.1840, Penalty 0.1227, loss 1.5240
Epoch 13, Batch 400/526, Lx 1.0673, Lu 0.1947, Penalty 0.1044, loss 1.3664
Epoch 13, Batch 401/526, Lx 1.1657, Lu 0.1330, Penalty 0.1616, loss 1.4603
Epoch 13, Batch 402/526, Lx 1.1140, Lu 0.1710, Penalty 0.1523, loss 1.4373
Epoch 13, Batch 403/526, Lx 1.3078, Lu 0.2155, Penalty 0.1074, loss 1.6307
Epoch 13, Batch 404/526, Lx 1.2234, Lu 0.2055, Penalty 0.1105, loss 1.5395
Epoch 13, Batch 405/526, Lx 1.2729, Lu 0.1828, Penalty 0.1401, loss 1.5958
Epoch 13, Batch 406/526, Lx 1.2423, Lu 0.1824, Penalty 0.1260, loss 1.5506
Epoch 13, Batch 407/526, Lx 1.0750, Lu 0.2316, Penalty 0.0914, loss 1.3979
Epoch 13, Batch 408/526, Lx 1.2804, Lu 0.1529, Penalty 0.1486, loss 1.5819
Epoch 13, Batch 409/526, Lx 1.1605, Lu 0.1784, Penalty 0.1445, loss 1.4834
Epoch 13, Batch 410/526, Lx 1.5140, Lu 0.2527, Penalty 0.1179, loss 1.8846
Epoch 13, Batch 411/526, Lx 1.3332, Lu 0.2398, Penalty 0.1935, loss 1.7665
Epoch 13, Batch 412/526, Lx 1.3187, Lu 0.1782, Penalty 0.1392, loss 1.6361
Epoch 13, Batch 413/526, Lx 1.1745, Lu 0.1488, Penalty 0.1253, loss 1.4487
Epoch 13, Batch 414/526, Lx 1.2424, Lu 0.1985, Penalty 0.1327, loss 1.5736
Epoch 13, Batch 415/526, Lx 1.2569, Lu 0.1496, Penalty 0.1119, loss 1.5184
Epoch 13, Batch 416/526, Lx 1.3793, Lu 0.1947, Penalty 0.0864, loss 1.6604
Epoch 13, Batch 417/526, Lx 1.2718, Lu 0.1645, Penalty 0.1245, loss 1.5607
Epoch 13, Batch 418/526, Lx 1.0908, Lu 0.1634, Penalty 0.1690, loss 1.4233
Epoch 13, Batch 419/526, Lx 1.3386, Lu 0.1417, Penalty 0.1246, loss 1.6049
Epoch 13, Batch 420/526, Lx 1.3009, Lu 0.1936, Penalty 0.2058, loss 1.7002
Epoch 13, Batch 421/526, Lx 1.3107, Lu 0.2288, Penalty 0.1829, loss 1.7224
Epoch 13, Batch 422/526, Lx 1.2489, Lu 0.1885, Penalty 0.1495, loss 1.5869
Epoch 13, Batch 423/526, Lx 1.2744, Lu 0.1771, Penalty 0.0849, loss 1.5364
Epoch 13, Batch 424/526, Lx 1.1955, Lu 0.1279, Penalty 0.1358, loss 1.4592
Epoch 13, Batch 425/526, Lx 1.2888, Lu 0.1754, Penalty 0.0982, loss 1.5624
Epoch 13, Batch 426/526, Lx 1.2925, Lu 0.1724, Penalty 0.1234, loss 1.5883
Epoch 13, Batch 427/526, Lx 1.3301, Lu 0.1919, Penalty 0.1117, loss 1.6337
Epoch 13, Batch 428/526, Lx 1.1760, Lu 0.1381, Penalty 0.1094, loss 1.4235
Epoch 13, Batch 429/526, Lx 1.1738, Lu 0.1912, Penalty 0.1218, loss 1.4868
Epoch 13, Batch 430/526, Lx 0.7623, Lu 0.1764, Penalty 0.0916, loss 1.0303
Epoch 13, Batch 431/526, Lx 1.2965, Lu 0.2353, Penalty 0.1089, loss 1.6407
Epoch 13, Batch 432/526, Lx 1.2026, Lu 0.2195, Penalty 0.1065, loss 1.5286
Epoch 13, Batch 433/526, Lx 1.3416, Lu 0.2630, Penalty 0.0825, loss 1.6872
Epoch 13, Batch 434/526, Lx 1.2887, Lu 0.3168, Penalty 0.1125, loss 1.7179
Epoch 13, Batch 435/526, Lx 1.2192, Lu 0.2067, Penalty 0.1748, loss 1.6008
Epoch 13, Batch 436/526, Lx 1.3791, Lu 0.2194, Penalty 0.1121, loss 1.7107
Epoch 13, Batch 437/526, Lx 1.3822, Lu 0.1913, Penalty 0.1257, loss 1.6992
Epoch 13, Batch 438/526, Lx 1.4441, Lu 0.1885, Penalty 0.0989, loss 1.7315
Epoch 13, Batch 439/526, Lx 1.2785, Lu 0.1967, Penalty 0.1490, loss 1.6243
Epoch 13, Batch 440/526, Lx 1.1319, Lu 0.2109, Penalty 0.1429, loss 1.4857
Epoch 13, Batch 441/526, Lx 1.2585, Lu 0.1811, Penalty 0.1341, loss 1.5737
Epoch 13, Batch 442/526, Lx 1.3239, Lu 0.1998, Penalty 0.1676, loss 1.6914
Epoch 13, Batch 443/526, Lx 1.2115, Lu 0.1512, Penalty 0.1334, loss 1.4961
Epoch 13, Batch 444/526, Lx 1.3219, Lu 0.1466, Penalty 0.1910, loss 1.6595
Epoch 13, Batch 445/526, Lx 1.2339, Lu 0.1561, Penalty 0.1850, loss 1.5750
Epoch 13, Batch 446/526, Lx 1.0538, Lu 0.1505, Penalty 0.1171, loss 1.3214
Epoch 13, Batch 447/526, Lx 1.2194, Lu 0.2012, Penalty 0.2112, loss 1.6318
Epoch 13, Batch 448/526, Lx 1.3532, Lu 0.2480, Penalty 0.0951, loss 1.6963
Epoch 13, Batch 449/526, Lx 1.1654, Lu 0.1776, Penalty 0.1697, loss 1.5127
Epoch 13, Batch 450/526, Lx 1.1919, Lu 0.1505, Penalty 0.1262, loss 1.4685
Epoch 13, Batch 451/526, Lx 1.3158, Lu 0.2260, Penalty 0.1258, loss 1.6677
Epoch 13, Batch 452/526, Lx 1.0205, Lu 0.1644, Penalty 0.1141, loss 1.2990
Epoch 13, Batch 453/526, Lx 1.3890, Lu 0.1967, Penalty 0.1584, loss 1.7441
Epoch 13, Batch 454/526, Lx 1.3442, Lu 0.2183, Penalty 0.1381, loss 1.7006
Epoch 13, Batch 455/526, Lx 1.0776, Lu 0.1621, Penalty 0.0954, loss 1.3351
Epoch 13, Batch 456/526, Lx 1.4550, Lu 0.2338, Penalty 0.0737, loss 1.7624
Epoch 13, Batch 457/526, Lx 1.1554, Lu 0.1492, Penalty 0.1091, loss 1.4137
Epoch 13, Batch 458/526, Lx 1.5259, Lu 0.2350, Penalty 0.1104, loss 1.8713
Epoch 13, Batch 459/526, Lx 1.1677, Lu 0.2293, Penalty 0.0748, loss 1.4718
Epoch 13, Batch 460/526, Lx 1.3876, Lu 0.2019, Penalty 0.1539, loss 1.7434
Epoch 13, Batch 461/526, Lx 1.2361, Lu 0.1730, Penalty 0.1109, loss 1.5201
Epoch 13, Batch 462/526, Lx 1.3425, Lu 0.1585, Penalty 0.1731, loss 1.6741
Epoch 13, Batch 463/526, Lx 1.0911, Lu 0.1629, Penalty 0.1596, loss 1.4136
Epoch 13, Batch 464/526, Lx 1.3034, Lu 0.1986, Penalty 0.1378, loss 1.6398
Epoch 13, Batch 465/526, Lx 1.0907, Lu 0.1653, Penalty 0.1964, loss 1.4524
Epoch 13, Batch 466/526, Lx 1.2578, Lu 0.1626, Penalty 0.1780, loss 1.5983
Epoch 13, Batch 467/526, Lx 1.1144, Lu 0.1024, Penalty 0.1818, loss 1.3986
Epoch 13, Batch 468/526, Lx 1.2195, Lu 0.1304, Penalty 0.1339, loss 1.4839
Epoch 13, Batch 469/526, Lx 1.2754, Lu 0.1630, Penalty 0.1738, loss 1.6123
Epoch 13, Batch 470/526, Lx 1.0972, Lu 0.1977, Penalty 0.1230, loss 1.4179
Epoch 13, Batch 471/526, Lx 1.1496, Lu 0.1347, Penalty 0.1703, loss 1.4546
Epoch 13, Batch 472/526, Lx 1.2174, Lu 0.1512, Penalty 0.1693, loss 1.5380
Epoch 13, Batch 473/526, Lx 1.0389, Lu 0.2055, Penalty 0.0909, loss 1.3353
Epoch 13, Batch 474/526, Lx 1.0689, Lu 0.1522, Penalty 0.1205, loss 1.3417
Epoch 13, Batch 475/526, Lx 1.2164, Lu 0.1743, Penalty 0.1048, loss 1.4955
Epoch 13, Batch 476/526, Lx 1.3240, Lu 0.1807, Penalty 0.0867, loss 1.5914
Epoch 13, Batch 477/526, Lx 1.3597, Lu 0.1558, Penalty 0.0593, loss 1.5748
Epoch 13, Batch 478/526, Lx 1.2327, Lu 0.1629, Penalty 0.0988, loss 1.4944
Epoch 13, Batch 479/526, Lx 1.3314, Lu 0.1942, Penalty 0.1538, loss 1.6794
Epoch 13, Batch 480/526, Lx 0.9846, Lu 0.2315, Penalty 0.1397, loss 1.3558
Epoch 13, Batch 481/526, Lx 1.3392, Lu 0.2288, Penalty 0.0947, loss 1.6627
Epoch 13, Batch 482/526, Lx 1.2330, Lu 0.1652, Penalty 0.1632, loss 1.5614
Epoch 13, Batch 483/526, Lx 1.4069, Lu 0.2209, Penalty 0.1132, loss 1.7410
Epoch 13, Batch 484/526, Lx 1.2214, Lu 0.1843, Penalty 0.0672, loss 1.4729
Epoch 13, Batch 485/526, Lx 1.1153, Lu 0.1638, Penalty 0.1793, loss 1.4584
Epoch 13, Batch 486/526, Lx 1.3671, Lu 0.2066, Penalty 0.1257, loss 1.6994
Epoch 13, Batch 487/526, Lx 1.4780, Lu 0.2442, Penalty 0.1156, loss 1.8378
Epoch 13, Batch 488/526, Lx 1.3733, Lu 0.2041, Penalty 0.1252, loss 1.7026
Epoch 13, Batch 489/526, Lx 1.2136, Lu 0.1255, Penalty 0.1770, loss 1.5160
Epoch 13, Batch 490/526, Lx 1.3148, Lu 0.1875, Penalty 0.1955, loss 1.6978
Epoch 13, Batch 491/526, Lx 1.2471, Lu 0.1934, Penalty 0.1558, loss 1.5962
Epoch 13, Batch 492/526, Lx 1.3469, Lu 0.1593, Penalty 0.1832, loss 1.6894
Epoch 13, Batch 493/526, Lx 1.1253, Lu 0.1610, Penalty 0.0872, loss 1.3735
Epoch 13, Batch 494/526, Lx 1.2997, Lu 0.1914, Penalty 0.1405, loss 1.6316
Epoch 13, Batch 495/526, Lx 1.3420, Lu 0.2602, Penalty 0.1129, loss 1.7152
Epoch 13, Batch 496/526, Lx 1.1557, Lu 0.1655, Penalty 0.2276, loss 1.5488
Epoch 13, Batch 497/526, Lx 1.2360, Lu 0.1501, Penalty 0.1386, loss 1.5246
Epoch 13, Batch 498/526, Lx 1.4156, Lu 0.1630, Penalty 0.0933, loss 1.6718
Epoch 13, Batch 499/526, Lx 1.3622, Lu 0.2207, Penalty 0.1139, loss 1.6968
Epoch 13, Batch 500/526, Lx 0.9240, Lu 0.1659, Penalty 0.1391, loss 1.2290
Epoch 13, Batch 501/526, Lx 1.3238, Lu 0.1750, Penalty 0.0927, loss 1.5915
Epoch 13, Batch 502/526, Lx 1.2257, Lu 0.1729, Penalty 0.1749, loss 1.5735
Epoch 13, Batch 503/526, Lx 0.9647, Lu 0.2592, Penalty 0.0881, loss 1.3120
Epoch 13, Batch 504/526, Lx 1.5381, Lu 0.3274, Penalty 0.1041, loss 1.9696
Epoch 13, Batch 505/526, Lx 1.3419, Lu 0.1893, Penalty 0.1287, loss 1.6599
Epoch 13, Batch 506/526, Lx 1.1370, Lu 0.1704, Penalty 0.1867, loss 1.4940
Epoch 13, Batch 507/526, Lx 1.1997, Lu 0.1738, Penalty 0.1160, loss 1.4896
Epoch 13, Batch 508/526, Lx 1.2590, Lu 0.2192, Penalty 0.1439, loss 1.6221
Epoch 13, Batch 509/526, Lx 1.1738, Lu 0.2072, Penalty 0.1831, loss 1.5641
Epoch 13, Batch 510/526, Lx 1.2667, Lu 0.1418, Penalty 0.1718, loss 1.5803
Epoch 13, Batch 511/526, Lx 1.2861, Lu 0.1610, Penalty 0.1436, loss 1.5907
Epoch 13, Batch 512/526, Lx 1.2448, Lu 0.1674, Penalty 0.2545, loss 1.6667
Epoch 13, Batch 513/526, Lx 1.1783, Lu 0.1353, Penalty 0.1407, loss 1.4543
Epoch 13, Batch 514/526, Lx 1.2603, Lu 0.1355, Penalty 0.1823, loss 1.5781
Epoch 13, Batch 515/526, Lx 1.1925, Lu 0.1530, Penalty 0.1622, loss 1.5077
Epoch 13, Batch 516/526, Lx 1.3443, Lu 0.1904, Penalty 0.1147, loss 1.6494
Epoch 13, Batch 517/526, Lx 1.3650, Lu 0.1918, Penalty 0.1557, loss 1.7125
Epoch 13, Batch 518/526, Lx 1.0700, Lu 0.1325, Penalty 0.1022, loss 1.3047
Epoch 13, Batch 519/526, Lx 1.3086, Lu 0.1768, Penalty 0.1175, loss 1.6028
Epoch 13, Batch 520/526, Lx 1.3537, Lu 0.1717, Penalty 0.0878, loss 1.6132
Epoch 13, Batch 521/526, Lx 1.3040, Lu 0.2374, Penalty 0.0835, loss 1.6250
Epoch 13, Batch 522/526, Lx 1.2493, Lu 0.1867, Penalty 0.1030, loss 1.5390
Epoch 13, Batch 523/526, Lx 1.0419, Lu 0.1218, Penalty 0.1654, loss 1.3291
Epoch 13, Batch 524/526, Lx 0.9824, Lu 0.1643, Penalty 0.1259, loss 1.2726
Epoch 13, Batch 525/526, Lx 1.3444, Lu 0.2191, Penalty 0.1316, loss 1.6951
Epoch 13, Batch 526/526, Lx 1.5542, Lu 0.1028, Penalty 0.1972, loss 1.8542
Loss: 1.5707, Lx: 1.2561, Lu: 0.1848, Penalty: 0.1298
Training for Network 2
labelled data size: 21249
unlabelled data size: 20751
