Loading Yahoo train data from src/data/train/yahoo_train.csv
Yahoo train data loaded with 1400000 samples
Reduced Yahoo train data to 42000 samples
Loading Yahoo test data from src/data/test/yahoo_test.csv
Yahoo test data loaded with 60000 samples
Injecting symmetric noise with ratio 0.5
Detected 10 classes: [0, 1, 2, 3, 4, 5, 6, 7, 8, 9]
Injected noise into 21000 samples.
Number of classes in Yahoo dataset: 10
Loading BERT model from bert-base-uncased
Setting up optimizers and losses...
No warm-up-completed models. Training from scratch.
Warmup training for Network 1
Loading Yahoo train data from src/data/train/yahoo_train.csv
Yahoo train data loaded with 1400000 samples
Reduced Yahoo train data to 42000 samples
Loading Yahoo test data from src/data/test/yahoo_test.csv
Yahoo test data loaded with 60000 samples
Injecting symmetric noise with ratio 0.5
Detected 10 classes: [0, 1, 2, 3, 4, 5, 6, 7, 8, 9]
Injected noise into 21000 samples.
Number of classes in Yahoo dataset: 10
Loading BERT model from bert-base-uncased
Setting up optimizers and losses...
checkpoint/dividemix/warmup_checkpoint_0.5_10_yahoo.pth
Found warm-up-completed models
Training for Network 1
labelled data size: 7475
unlabelled data size: 34525
Loading Yahoo train data from src/data/train/yahoo_train.csv
Yahoo train data loaded with 1400000 samples
Reduced Yahoo train data to 42000 samples
Loading Yahoo test data from src/data/test/yahoo_test.csv
Yahoo test data loaded with 60000 samples
Injecting symmetric noise with ratio 0.5
Detected 10 classes: [0, 1, 2, 3, 4, 5, 6, 7, 8, 9]
Injected noise into 21000 samples.
Number of classes in Yahoo dataset: 10
Loading BERT model from bert-base-uncased
Setting up optimizers and losses...
Found warm-up-completed models
Warmup training for Network 1
Warmup training for Network 2
Evaluating training data at epoch 10 for Model 1
GMM Means: [0.29943211 0.55743286]
GMM Covariances: [0.01198631 0.01154813]
Evaluating training data at epoch 10 for Model 2
GMM Means: [0.61794842 0.37965955]
GMM Covariances: [0.01279033 0.01333942]
Evaluating models at epoch 10
Test data size: 60000
Epoch: 10, Test Loss: 1.4087, Test Accuracy: 0.5350, Test F1 Score: 0.5085
Warmup training for Network 1
Warmup training for Network 2
Evaluating training data at epoch 11 for Model 1
GMM Means: [0.36787234 0.62522077]
GMM Covariances: [0.01427125 0.01345827]
Evaluating training data at epoch 11 for Model 2
GMM Means: [0.3468574  0.58444117]
GMM Covariances: [0.01423197 0.01234696]
Evaluating models at epoch 11
Test data size: 60000
Epoch: 11, Test Loss: 1.5096, Test Accuracy: 0.5296, Test F1 Score: 0.5155
Warmup training for Network 1
Warmup training for Network 2
Evaluating training data at epoch 12 for Model 1
GMM Means: [0.56993219 0.31444467]
GMM Covariances: [0.01244652 0.01525916]
Evaluating training data at epoch 12 for Model 2
GMM Means: [0.38549082 0.61948216]
GMM Covariances: [0.0139355  0.01393391]
Evaluating models at epoch 12
Test data size: 60000
Epoch: 12, Test Loss: 1.5011, Test Accuracy: 0.5304, Test F1 Score: 0.5069
Warmup training for Network 1
Warmup training for Network 2
Evaluating training data at epoch 13 for Model 1
GMM Means: [0.5728582  0.29884292]
GMM Covariances: [0.01030778 0.00916862]
Evaluating training data at epoch 13 for Model 2
GMM Means: [0.35882346 0.61240927]
GMM Covariances: [0.01148334 0.01155539]
Evaluating models at epoch 13
Test data size: 60000
Epoch: 13, Test Loss: 1.3546, Test Accuracy: 0.5661, Test F1 Score: 0.5474
Warmup training for Network 1
Warmup training for Network 2
Evaluating training data at epoch 14 for Model 1
GMM Means: [0.3582009  0.61405695]
GMM Covariances: [0.01379169 0.01268072]
Evaluating training data at epoch 14 for Model 2
GMM Means: [0.34640301 0.58088972]
GMM Covariances: [0.01289392 0.0134468 ]
Evaluating models at epoch 14
Test data size: 60000
Epoch: 14, Test Loss: 1.3901, Test Accuracy: 0.5555, Test F1 Score: 0.5527
Warmup training for Network 1
Warmup training for Network 2
Evaluating training data at epoch 15 for Model 1
GMM Means: [0.56299492 0.29055657]
GMM Covariances: [0.01049872 0.01006431]
Evaluating training data at epoch 15 for Model 2
GMM Means: [0.64050745 0.38504603]
GMM Covariances: [0.01239899 0.01299178]
Evaluating models at epoch 15
Test data size: 60000
Epoch: 15, Test Loss: 1.4125, Test Accuracy: 0.5498, Test F1 Score: 0.5365
Warmup training for Network 1
Warmup training for Network 2
Evaluating training data at epoch 16 for Model 1
GMM Means: [0.61587388 0.33689959]
GMM Covariances: [0.01295761 0.01620991]
Evaluating training data at epoch 16 for Model 2
GMM Means: [0.61988758 0.34058985]
GMM Covariances: [0.01116588 0.01253458]
Evaluating models at epoch 16
Test data size: 60000
Epoch: 16, Test Loss: 1.2637, Test Accuracy: 0.5279, Test F1 Score: 0.5072
Warmup training for Network 1
Warmup training for Network 2
Evaluating training data at epoch 17 for Model 1
GMM Means: [0.5938112  0.33873758]
GMM Covariances: [0.01252511 0.01307957]
Evaluating training data at epoch 17 for Model 2
GMM Means: [0.59099848 0.35851878]
GMM Covariances: [0.01295583 0.0143027 ]
Evaluating models at epoch 17
Test data size: 60000
Epoch: 17, Test Loss: 1.4964, Test Accuracy: 0.5486, Test F1 Score: 0.5437
Warmup training for Network 1
Warmup training for Network 2
Evaluating training data at epoch 18 for Model 1
GMM Means: [0.62628173 0.33890819]
GMM Covariances: [0.01171942 0.01316816]
Evaluating training data at epoch 18 for Model 2
GMM Means: [0.31418575 0.60846159]
GMM Covariances: [0.0125439  0.01202956]
Evaluating models at epoch 18
Test data size: 60000
Epoch: 18, Test Loss: 1.2830, Test Accuracy: 0.5879, Test F1 Score: 0.5723
Warmup training for Network 1
Warmup training for Network 2
Evaluating training data at epoch 19 for Model 1
GMM Means: [0.6194847  0.32880563]
GMM Covariances: [0.01128843 0.01285065]
Evaluating training data at epoch 19 for Model 2
GMM Means: [0.61815264 0.32259385]
GMM Covariances: [0.01213966 0.01302853]
Evaluating models at epoch 19
Test data size: 60000
Epoch: 19, Test Loss: 1.2939, Test Accuracy: 0.5925, Test F1 Score: 0.5759
Warmup completed. Checkpoint saved at checkpoint/dividemix/warmup_checkpoint_0.5_10_yahoo.pth
Training for Network 1
labelled data size: 10569
unlabelled data size: 31431
Epoch 20, Batch 1/331, Lx 2.7701, Lu 0.0782, Penalty 0.4574, loss 3.3057
Epoch 20, Batch 2/331, Lx 2.4036, Lu 0.0676, Penalty 0.3256, loss 2.7968
Epoch 20, Batch 3/331, Lx 2.4411, Lu 0.0787, Penalty 0.4401, loss 2.9599
Epoch 20, Batch 4/331, Lx 2.6363, Lu 0.0849, Penalty 0.3876, loss 3.1088
Epoch 20, Batch 5/331, Lx 2.5764, Lu 0.0635, Penalty 0.2481, loss 2.8880
Epoch 20, Batch 6/331, Lx 2.4883, Lu 0.0653, Penalty 0.3154, loss 2.8690
Epoch 20, Batch 7/331, Lx 2.7244, Lu 0.0867, Penalty 0.2927, loss 3.1038
Epoch 20, Batch 8/331, Lx 2.6255, Lu 0.0758, Penalty 0.1860, loss 2.8873
Epoch 20, Batch 9/331, Lx 2.5552, Lu 0.0726, Penalty 0.1995, loss 2.8274
Epoch 20, Batch 10/331, Lx 2.5983, Lu 0.0653, Penalty 0.1958, loss 2.8594
Epoch 20, Batch 11/331, Lx 2.7376, Lu 0.0629, Penalty 0.1760, loss 2.9766
Epoch 20, Batch 12/331, Lx 2.6433, Lu 0.0649, Penalty 0.1787, loss 2.8869
Epoch 20, Batch 13/331, Lx 2.5877, Lu 0.0627, Penalty 0.1198, loss 2.7702
Epoch 20, Batch 14/331, Lx 2.6036, Lu 0.0743, Penalty 0.1873, loss 2.8651
Epoch 20, Batch 15/331, Lx 2.5675, Lu 0.0586, Penalty 0.1320, loss 2.7581
Epoch 20, Batch 16/331, Lx 2.5356, Lu 0.0610, Penalty 0.0621, loss 2.6587
Epoch 20, Batch 17/331, Lx 2.4874, Lu 0.0605, Penalty 0.0720, loss 2.6198
Epoch 20, Batch 18/331, Lx 2.4857, Lu 0.0576, Penalty 0.0580, loss 2.6013
Epoch 20, Batch 19/331, Lx 2.4421, Lu 0.0676, Penalty 0.1257, loss 2.6354
Epoch 20, Batch 20/331, Lx 2.6153, Lu 0.0666, Penalty 0.0773, loss 2.7593
Epoch 20, Batch 21/331, Lx 2.7161, Lu 0.0616, Penalty 0.0626, loss 2.8402
Epoch 20, Batch 22/331, Lx 2.5455, Lu 0.0647, Penalty 0.0690, loss 2.6791
Epoch 20, Batch 23/331, Lx 2.4557, Lu 0.0616, Penalty 0.1075, loss 2.6248
Epoch 20, Batch 24/331, Lx 2.6169, Lu 0.0554, Penalty 0.0322, loss 2.7044
Epoch 20, Batch 25/331, Lx 2.4821, Lu 0.0646, Penalty 0.0870, loss 2.6337
Epoch 20, Batch 26/331, Lx 2.3714, Lu 0.0751, Penalty 0.0814, loss 2.5279
Epoch 20, Batch 27/331, Lx 2.4935, Lu 0.0670, Penalty 0.0303, loss 2.5908
Epoch 20, Batch 28/331, Lx 2.4172, Lu 0.0549, Penalty 0.0325, loss 2.5045
Epoch 20, Batch 29/331, Lx 2.4876, Lu 0.0702, Penalty 0.0753, loss 2.6331
Epoch 20, Batch 30/331, Lx 2.3620, Lu 0.0534, Penalty 0.0731, loss 2.4885
Epoch 20, Batch 31/331, Lx 2.4105, Lu 0.0564, Penalty 0.0370, loss 2.5038
Epoch 20, Batch 32/331, Lx 2.3100, Lu 0.0544, Penalty 0.0671, loss 2.4316
Epoch 20, Batch 33/331, Lx 2.3702, Lu 0.0709, Penalty 0.0328, loss 2.4739
Epoch 20, Batch 34/331, Lx 2.2847, Lu 0.0488, Penalty 0.0339, loss 2.3674
Epoch 20, Batch 35/331, Lx 2.3764, Lu 0.0631, Penalty 0.0547, loss 2.4942
Epoch 20, Batch 36/331, Lx 2.4447, Lu 0.0646, Penalty 0.0267, loss 2.5360
Epoch 20, Batch 37/331, Lx 2.5265, Lu 0.0672, Penalty 0.0264, loss 2.6201
Epoch 20, Batch 38/331, Lx 2.4388, Lu 0.0686, Penalty 0.0310, loss 2.5385
Epoch 20, Batch 39/331, Lx 2.5033, Lu 0.0507, Penalty 0.0213, loss 2.5753
Epoch 20, Batch 40/331, Lx 2.5230, Lu 0.0506, Penalty 0.0462, loss 2.6199
Epoch 20, Batch 41/331, Lx 2.4463, Lu 0.0589, Penalty 0.0293, loss 2.5346
Epoch 20, Batch 42/331, Lx 2.3504, Lu 0.0534, Penalty 0.0472, loss 2.4510
Epoch 20, Batch 43/331, Lx 2.3873, Lu 0.0634, Penalty 0.0435, loss 2.4942
Epoch 20, Batch 44/331, Lx 2.5403, Lu 0.0603, Penalty 0.0181, loss 2.6187
Epoch 20, Batch 45/331, Lx 2.3905, Lu 0.0625, Penalty 0.0189, loss 2.4719
Epoch 20, Batch 46/331, Lx 2.4355, Lu 0.0545, Penalty 0.0431, loss 2.5330
Epoch 20, Batch 47/331, Lx 2.4588, Lu 0.0613, Penalty 0.0509, loss 2.5711
Epoch 20, Batch 48/331, Lx 2.3840, Lu 0.0583, Penalty 0.0230, loss 2.4653
Epoch 20, Batch 49/331, Lx 2.3750, Lu 0.0534, Penalty 0.0484, loss 2.4769
Epoch 20, Batch 50/331, Lx 2.3967, Lu 0.0686, Penalty 0.0453, loss 2.5106
Epoch 20, Batch 51/331, Lx 2.4491, Lu 0.0433, Penalty 0.0394, loss 2.5319
Epoch 20, Batch 52/331, Lx 2.4382, Lu 0.0667, Penalty 0.0295, loss 2.5343
Epoch 20, Batch 53/331, Lx 2.5400, Lu 0.0521, Penalty 0.0286, loss 2.6207
Epoch 20, Batch 54/331, Lx 2.4163, Lu 0.0607, Penalty 0.0227, loss 2.4997
Epoch 20, Batch 55/331, Lx 2.3476, Lu 0.0513, Penalty 0.0240, loss 2.4229
Epoch 20, Batch 56/331, Lx 2.3716, Lu 0.0438, Penalty 0.0408, loss 2.4562
Epoch 20, Batch 57/331, Lx 2.4569, Lu 0.0625, Penalty 0.0375, loss 2.5568
Epoch 20, Batch 58/331, Lx 2.4082, Lu 0.0510, Penalty 0.0373, loss 2.4965
Epoch 20, Batch 59/331, Lx 2.4904, Lu 0.0674, Penalty 0.0354, loss 2.5932
Epoch 20, Batch 60/331, Lx 2.4246, Lu 0.0573, Penalty 0.0349, loss 2.5168
Epoch 20, Batch 61/331, Lx 2.4492, Lu 0.0561, Penalty 0.0397, loss 2.5450
Epoch 20, Batch 62/331, Lx 2.3617, Lu 0.0573, Penalty 0.0384, loss 2.4574
Epoch 20, Batch 63/331, Lx 2.2734, Lu 0.0652, Penalty 0.0271, loss 2.3658
Epoch 20, Batch 64/331, Lx 2.4952, Lu 0.0473, Penalty 0.0380, loss 2.5805
Epoch 20, Batch 65/331, Lx 2.3861, Lu 0.0529, Penalty 0.0320, loss 2.4710
Epoch 20, Batch 66/331, Lx 2.3370, Lu 0.0598, Penalty 0.0362, loss 2.4331
Epoch 20, Batch 67/331, Lx 2.3342, Lu 0.0549, Penalty 0.0256, loss 2.4147
Epoch 20, Batch 68/331, Lx 2.4245, Lu 0.0537, Penalty 0.0332, loss 2.5114
Epoch 20, Batch 69/331, Lx 2.2840, Lu 0.0459, Penalty 0.0324, loss 2.3622
Epoch 20, Batch 70/331, Lx 2.4050, Lu 0.0584, Penalty 0.0277, loss 2.4911
Epoch 20, Batch 71/331, Lx 2.3255, Lu 0.0499, Penalty 0.0469, loss 2.4222
Epoch 20, Batch 72/331, Lx 2.2564, Lu 0.0522, Penalty 0.0356, loss 2.3442
Epoch 20, Batch 73/331, Lx 2.4140, Lu 0.0464, Penalty 0.0213, loss 2.4818
Epoch 20, Batch 74/331, Lx 2.2964, Lu 0.0466, Penalty 0.0227, loss 2.3657
Epoch 20, Batch 75/331, Lx 2.4197, Lu 0.0662, Penalty 0.0353, loss 2.5212
Epoch 20, Batch 76/331, Lx 2.4271, Lu 0.0576, Penalty 0.0250, loss 2.5097
Epoch 20, Batch 77/331, Lx 2.3559, Lu 0.0511, Penalty 0.0267, loss 2.4337
Epoch 20, Batch 78/331, Lx 2.4495, Lu 0.0626, Penalty 0.0262, loss 2.5384
Epoch 20, Batch 79/331, Lx 2.3026, Lu 0.0593, Penalty 0.0311, loss 2.3931
Epoch 20, Batch 80/331, Lx 2.3469, Lu 0.0517, Penalty 0.0384, loss 2.4369
Epoch 20, Batch 81/331, Lx 2.4394, Lu 0.0456, Penalty 0.0271, loss 2.5121
Epoch 20, Batch 82/331, Lx 2.4060, Lu 0.0520, Penalty 0.0255, loss 2.4835
Epoch 20, Batch 83/331, Lx 2.3692, Lu 0.0568, Penalty 0.0191, loss 2.4450
Epoch 20, Batch 84/331, Lx 2.4139, Lu 0.0590, Penalty 0.0165, loss 2.4895
Epoch 20, Batch 85/331, Lx 2.3549, Lu 0.0585, Penalty 0.0277, loss 2.4411
Epoch 20, Batch 86/331, Lx 2.2763, Lu 0.0546, Penalty 0.0242, loss 2.3551
Epoch 20, Batch 87/331, Lx 2.3304, Lu 0.0502, Penalty 0.0369, loss 2.4175
Epoch 20, Batch 88/331, Lx 2.3571, Lu 0.0451, Penalty 0.0218, loss 2.4240
Epoch 20, Batch 89/331, Lx 2.3905, Lu 0.0574, Penalty 0.0209, loss 2.4688
Epoch 20, Batch 90/331, Lx 2.3287, Lu 0.0487, Penalty 0.0179, loss 2.3953
Epoch 20, Batch 91/331, Lx 2.4407, Lu 0.0610, Penalty 0.0348, loss 2.5365
Epoch 20, Batch 92/331, Lx 2.4007, Lu 0.0617, Penalty 0.0308, loss 2.4933
Epoch 20, Batch 93/331, Lx 2.3008, Lu 0.0458, Penalty 0.0228, loss 2.3693
Epoch 20, Batch 94/331, Lx 2.4272, Lu 0.0483, Penalty 0.0322, loss 2.5078
Epoch 20, Batch 95/331, Lx 2.3278, Lu 0.0589, Penalty 0.0248, loss 2.4115
Epoch 20, Batch 96/331, Lx 2.2705, Lu 0.0485, Penalty 0.0282, loss 2.3473
Epoch 20, Batch 97/331, Lx 2.3351, Lu 0.0461, Penalty 0.0376, loss 2.4189
Epoch 20, Batch 98/331, Lx 2.3544, Lu 0.0514, Penalty 0.0213, loss 2.4271
Epoch 20, Batch 99/331, Lx 2.3539, Lu 0.0542, Penalty 0.0331, loss 2.4411
Epoch 20, Batch 100/331, Lx 2.3872, Lu 0.0603, Penalty 0.0295, loss 2.4770
Epoch 20, Batch 101/331, Lx 2.3584, Lu 0.0512, Penalty 0.0256, loss 2.4352
Epoch 20, Batch 102/331, Lx 2.2615, Lu 0.0504, Penalty 0.0304, loss 2.3423
Epoch 20, Batch 103/331, Lx 2.3613, Lu 0.0644, Penalty 0.0281, loss 2.4539
Epoch 20, Batch 104/331, Lx 2.3116, Lu 0.0605, Penalty 0.0314, loss 2.4035
Epoch 20, Batch 105/331, Lx 2.3375, Lu 0.0528, Penalty 0.0420, loss 2.4322
Epoch 20, Batch 106/331, Lx 2.4615, Lu 0.0525, Penalty 0.0263, loss 2.5403
Epoch 20, Batch 107/331, Lx 2.3985, Lu 0.0471, Penalty 0.0295, loss 2.4751
Epoch 20, Batch 108/331, Lx 2.2623, Lu 0.0596, Penalty 0.0302, loss 2.3521
Epoch 20, Batch 109/331, Lx 2.2928, Lu 0.0448, Penalty 0.0309, loss 2.3684
Epoch 20, Batch 110/331, Lx 2.3587, Lu 0.0533, Penalty 0.0306, loss 2.4426
Epoch 20, Batch 111/331, Lx 2.2799, Lu 0.0621, Penalty 0.0368, loss 2.3788
Epoch 20, Batch 112/331, Lx 2.3098, Lu 0.0541, Penalty 0.0227, loss 2.3866
Epoch 20, Batch 113/331, Lx 2.4487, Lu 0.0453, Penalty 0.0221, loss 2.5160
Epoch 20, Batch 114/331, Lx 2.3421, Lu 0.0454, Penalty 0.0285, loss 2.4160
Epoch 20, Batch 115/331, Lx 2.2863, Lu 0.0468, Penalty 0.0270, loss 2.3601
Epoch 20, Batch 116/331, Lx 2.2432, Lu 0.0494, Penalty 0.0333, loss 2.3259
Epoch 20, Batch 117/331, Lx 2.3618, Lu 0.0540, Penalty 0.0243, loss 2.4401
Epoch 20, Batch 118/331, Lx 2.3979, Lu 0.0478, Penalty 0.0215, loss 2.4672
Epoch 20, Batch 119/331, Lx 2.3356, Lu 0.0523, Penalty 0.0224, loss 2.4103
Epoch 20, Batch 120/331, Lx 2.3501, Lu 0.0576, Penalty 0.0282, loss 2.4359
Epoch 20, Batch 121/331, Lx 2.3163, Lu 0.0601, Penalty 0.0218, loss 2.3983
Epoch 20, Batch 122/331, Lx 2.2516, Lu 0.0579, Penalty 0.0270, loss 2.3364
Epoch 20, Batch 123/331, Lx 2.3576, Lu 0.0505, Penalty 0.0264, loss 2.4345
Epoch 20, Batch 124/331, Lx 2.3655, Lu 0.0490, Penalty 0.0239, loss 2.4384
Epoch 20, Batch 125/331, Lx 2.3059, Lu 0.0400, Penalty 0.0242, loss 2.3701
Epoch 20, Batch 126/331, Lx 2.2701, Lu 0.0501, Penalty 0.0265, loss 2.3467
Epoch 20, Batch 127/331, Lx 2.2961, Lu 0.0470, Penalty 0.0231, loss 2.3661
Epoch 20, Batch 128/331, Lx 2.2956, Lu 0.0517, Penalty 0.0231, loss 2.3704
Epoch 20, Batch 129/331, Lx 2.2701, Lu 0.0522, Penalty 0.0315, loss 2.3539
Epoch 20, Batch 130/331, Lx 2.2949, Lu 0.0527, Penalty 0.0215, loss 2.3691
Epoch 20, Batch 131/331, Lx 2.2938, Lu 0.0503, Penalty 0.0246, loss 2.3688
Epoch 20, Batch 132/331, Lx 2.3554, Lu 0.0498, Penalty 0.0199, loss 2.4251
Epoch 20, Batch 133/331, Lx 2.3749, Lu 0.0494, Penalty 0.0213, loss 2.4456
Epoch 20, Batch 134/331, Lx 2.2606, Lu 0.0537, Penalty 0.0228, loss 2.3371
Epoch 20, Batch 135/331, Lx 2.2659, Lu 0.0443, Penalty 0.0279, loss 2.3381
Epoch 20, Batch 136/331, Lx 2.3679, Lu 0.0467, Penalty 0.0180, loss 2.4327
Epoch 20, Batch 137/331, Lx 2.3287, Lu 0.0537, Penalty 0.0170, loss 2.3993
Epoch 20, Batch 138/331, Lx 2.3180, Lu 0.0529, Penalty 0.0274, loss 2.3984
Epoch 20, Batch 139/331, Lx 2.3998, Lu 0.0421, Penalty 0.0244, loss 2.4664
Epoch 20, Batch 140/331, Lx 2.3479, Lu 0.0584, Penalty 0.0317, loss 2.4380
Epoch 20, Batch 141/331, Lx 2.3469, Lu 0.0461, Penalty 0.0262, loss 2.4192
Epoch 20, Batch 142/331, Lx 2.3331, Lu 0.0575, Penalty 0.0266, loss 2.4172
Epoch 20, Batch 143/331, Lx 2.2871, Lu 0.0591, Penalty 0.0305, loss 2.3767
Epoch 20, Batch 144/331, Lx 2.3268, Lu 0.0518, Penalty 0.0335, loss 2.4121
Epoch 20, Batch 145/331, Lx 2.3363, Lu 0.0574, Penalty 0.0233, loss 2.4170
Epoch 20, Batch 146/331, Lx 2.3477, Lu 0.0497, Penalty 0.0251, loss 2.4226
Epoch 20, Batch 147/331, Lx 2.3476, Lu 0.0587, Penalty 0.0266, loss 2.4330
Epoch 20, Batch 148/331, Lx 2.3104, Lu 0.0530, Penalty 0.0254, loss 2.3888
Epoch 20, Batch 149/331, Lx 2.4107, Lu 0.0587, Penalty 0.0299, loss 2.4994
Epoch 20, Batch 150/331, Lx 2.3302, Lu 0.0507, Penalty 0.0298, loss 2.4108
Epoch 20, Batch 151/331, Lx 2.3914, Lu 0.0583, Penalty 0.0284, loss 2.4781
Epoch 20, Batch 152/331, Lx 2.3161, Lu 0.0455, Penalty 0.0214, loss 2.3830
Epoch 20, Batch 153/331, Lx 2.2916, Lu 0.0446, Penalty 0.0292, loss 2.3655
Epoch 20, Batch 154/331, Lx 2.3350, Lu 0.0595, Penalty 0.0204, loss 2.4149
Epoch 20, Batch 155/331, Lx 2.3214, Lu 0.0570, Penalty 0.0174, loss 2.3958
Epoch 20, Batch 156/331, Lx 2.2830, Lu 0.0553, Penalty 0.0359, loss 2.3742
Epoch 20, Batch 157/331, Lx 2.3270, Lu 0.0526, Penalty 0.0201, loss 2.3997
Epoch 20, Batch 158/331, Lx 2.2914, Lu 0.0630, Penalty 0.0200, loss 2.3744
Epoch 20, Batch 159/331, Lx 2.2798, Lu 0.0509, Penalty 0.0215, loss 2.3523
Epoch 20, Batch 160/331, Lx 2.3955, Lu 0.0565, Penalty 0.0230, loss 2.4750
Epoch 20, Batch 161/331, Lx 2.2445, Lu 0.0466, Penalty 0.0279, loss 2.3191
Epoch 20, Batch 162/331, Lx 2.3468, Lu 0.0525, Penalty 0.0256, loss 2.4249
Epoch 20, Batch 163/331, Lx 2.3333, Lu 0.0535, Penalty 0.0176, loss 2.4044
Epoch 20, Batch 164/331, Lx 2.2043, Lu 0.0566, Penalty 0.0260, loss 2.2869
Epoch 20, Batch 165/331, Lx 2.3315, Lu 0.0515, Penalty 0.0317, loss 2.4147
Epoch 20, Batch 166/331, Lx 2.2987, Lu 0.0457, Penalty 0.0271, loss 2.3715
Epoch 20, Batch 167/331, Lx 2.2735, Lu 0.0444, Penalty 0.0225, loss 2.3404
Epoch 20, Batch 168/331, Lx 2.2311, Lu 0.0581, Penalty 0.0273, loss 2.3165
Epoch 20, Batch 169/331, Lx 2.3507, Lu 0.0594, Penalty 0.0182, loss 2.4284
Epoch 20, Batch 170/331, Lx 2.3662, Lu 0.0616, Penalty 0.0360, loss 2.4638
Epoch 20, Batch 171/331, Lx 2.3772, Lu 0.0440, Penalty 0.0238, loss 2.4451
Epoch 20, Batch 172/331, Lx 2.2822, Lu 0.0471, Penalty 0.0379, loss 2.3673
Epoch 20, Batch 173/331, Lx 2.2351, Lu 0.0576, Penalty 0.0300, loss 2.3226
Epoch 20, Batch 174/331, Lx 2.2265, Lu 0.0520, Penalty 0.0279, loss 2.3064
Epoch 20, Batch 175/331, Lx 2.2991, Lu 0.0435, Penalty 0.0311, loss 2.3737
Epoch 20, Batch 176/331, Lx 2.2913, Lu 0.0524, Penalty 0.0351, loss 2.3788
Epoch 20, Batch 177/331, Lx 2.2084, Lu 0.0511, Penalty 0.0329, loss 2.2925
Epoch 20, Batch 178/331, Lx 2.2106, Lu 0.0590, Penalty 0.0278, loss 2.2974
Epoch 20, Batch 179/331, Lx 2.3166, Lu 0.0459, Penalty 0.0382, loss 2.4007
Epoch 20, Batch 180/331, Lx 2.3519, Lu 0.0428, Penalty 0.0303, loss 2.4250
Epoch 20, Batch 181/331, Lx 2.2471, Lu 0.0481, Penalty 0.0326, loss 2.3278
Epoch 20, Batch 182/331, Lx 2.3443, Lu 0.0413, Penalty 0.0336, loss 2.4193
Epoch 20, Batch 183/331, Lx 2.3071, Lu 0.0532, Penalty 0.0334, loss 2.3937
Epoch 20, Batch 184/331, Lx 2.2170, Lu 0.0471, Penalty 0.0423, loss 2.3064
Epoch 20, Batch 185/331, Lx 2.3369, Lu 0.0488, Penalty 0.0316, loss 2.4173
Epoch 20, Batch 186/331, Lx 2.2366, Lu 0.0548, Penalty 0.0340, loss 2.3254
Epoch 20, Batch 187/331, Lx 2.2521, Lu 0.0501, Penalty 0.0290, loss 2.3311
Epoch 20, Batch 188/331, Lx 2.3202, Lu 0.0509, Penalty 0.0342, loss 2.4053
Epoch 20, Batch 189/331, Lx 2.3472, Lu 0.0477, Penalty 0.0231, loss 2.4181
Epoch 20, Batch 190/331, Lx 2.2389, Lu 0.0521, Penalty 0.0349, loss 2.3259
Epoch 20, Batch 191/331, Lx 2.3794, Lu 0.0528, Penalty 0.0267, loss 2.4589
Epoch 20, Batch 192/331, Lx 2.3361, Lu 0.0441, Penalty 0.0300, loss 2.4102
Epoch 20, Batch 193/331, Lx 2.3263, Lu 0.0442, Penalty 0.0284, loss 2.3989
Epoch 20, Batch 194/331, Lx 2.3191, Lu 0.0511, Penalty 0.0263, loss 2.3965
Epoch 20, Batch 195/331, Lx 2.3509, Lu 0.0382, Penalty 0.0238, loss 2.4129
Epoch 20, Batch 196/331, Lx 2.2104, Lu 0.0499, Penalty 0.0316, loss 2.2919
Epoch 20, Batch 197/331, Lx 2.3114, Lu 0.0575, Penalty 0.0202, loss 2.3891
Epoch 20, Batch 198/331, Lx 2.1521, Lu 0.0536, Penalty 0.0262, loss 2.2320
Epoch 20, Batch 199/331, Lx 2.2809, Lu 0.0409, Penalty 0.0304, loss 2.3522
Epoch 20, Batch 200/331, Lx 2.2954, Lu 0.0518, Penalty 0.0273, loss 2.3745
Epoch 20, Batch 201/331, Lx 2.3036, Lu 0.0480, Penalty 0.0300, loss 2.3817
Epoch 20, Batch 202/331, Lx 2.2612, Lu 0.0442, Penalty 0.0261, loss 2.3315
Epoch 20, Batch 203/331, Lx 2.2847, Lu 0.0522, Penalty 0.0318, loss 2.3687
Epoch 20, Batch 204/331, Lx 2.3728, Lu 0.0655, Penalty 0.0306, loss 2.4688
Epoch 20, Batch 205/331, Lx 2.2664, Lu 0.0529, Penalty 0.0272, loss 2.3466
Epoch 20, Batch 206/331, Lx 2.2755, Lu 0.0630, Penalty 0.0223, loss 2.3609
Epoch 20, Batch 207/331, Lx 2.2943, Lu 0.0465, Penalty 0.0241, loss 2.3649
Epoch 20, Batch 208/331, Lx 2.2948, Lu 0.0435, Penalty 0.0237, loss 2.3619
Epoch 20, Batch 209/331, Lx 2.2230, Lu 0.0463, Penalty 0.0260, loss 2.2952
Epoch 20, Batch 210/331, Lx 2.2400, Lu 0.0489, Penalty 0.0311, loss 2.3199
Epoch 20, Batch 211/331, Lx 2.3001, Lu 0.0483, Penalty 0.0268, loss 2.3752
Epoch 20, Batch 212/331, Lx 2.2932, Lu 0.0497, Penalty 0.0291, loss 2.3719
Epoch 20, Batch 213/331, Lx 2.3480, Lu 0.0463, Penalty 0.0337, loss 2.4279
Epoch 20, Batch 214/331, Lx 2.2584, Lu 0.0530, Penalty 0.0253, loss 2.3367
Epoch 20, Batch 215/331, Lx 2.3574, Lu 0.0425, Penalty 0.0258, loss 2.4258
Epoch 20, Batch 216/331, Lx 2.3154, Lu 0.0389, Penalty 0.0240, loss 2.3783
Epoch 20, Batch 217/331, Lx 2.3568, Lu 0.0551, Penalty 0.0243, loss 2.4362
Epoch 20, Batch 218/331, Lx 2.2747, Lu 0.0404, Penalty 0.0250, loss 2.3402
Epoch 20, Batch 219/331, Lx 2.3267, Lu 0.0572, Penalty 0.0239, loss 2.4078
Epoch 20, Batch 220/331, Lx 2.2932, Lu 0.0535, Penalty 0.0293, loss 2.3760
Epoch 20, Batch 221/331, Lx 2.3078, Lu 0.0477, Penalty 0.0268, loss 2.3823
Epoch 20, Batch 222/331, Lx 2.2313, Lu 0.0539, Penalty 0.0267, loss 2.3119
Epoch 20, Batch 223/331, Lx 2.2583, Lu 0.0451, Penalty 0.0254, loss 2.3287
Epoch 20, Batch 224/331, Lx 2.2662, Lu 0.0482, Penalty 0.0289, loss 2.3434
Epoch 20, Batch 225/331, Lx 2.2667, Lu 0.0513, Penalty 0.0200, loss 2.3381
Epoch 20, Batch 226/331, Lx 2.2684, Lu 0.0464, Penalty 0.0229, loss 2.3377
Epoch 20, Batch 227/331, Lx 2.3042, Lu 0.0520, Penalty 0.0254, loss 2.3817
Epoch 20, Batch 228/331, Lx 2.2683, Lu 0.0434, Penalty 0.0201, loss 2.3317
Epoch 20, Batch 229/331, Lx 2.2487, Lu 0.0539, Penalty 0.0250, loss 2.3276
Epoch 20, Batch 230/331, Lx 2.3541, Lu 0.0437, Penalty 0.0190, loss 2.4168
Epoch 20, Batch 231/331, Lx 2.2957, Lu 0.0460, Penalty 0.0273, loss 2.3690
Epoch 20, Batch 232/331, Lx 2.3255, Lu 0.0470, Penalty 0.0233, loss 2.3957
Epoch 20, Batch 233/331, Lx 2.1815, Lu 0.0430, Penalty 0.0288, loss 2.2533
Epoch 20, Batch 234/331, Lx 2.3317, Lu 0.0634, Penalty 0.0326, loss 2.4277
Epoch 20, Batch 235/331, Lx 2.2675, Lu 0.0415, Penalty 0.0311, loss 2.3401
Epoch 20, Batch 236/331, Lx 2.2550, Lu 0.0536, Penalty 0.0244, loss 2.3329
Epoch 20, Batch 237/331, Lx 2.1980, Lu 0.0532, Penalty 0.0256, loss 2.2768
Epoch 20, Batch 238/331, Lx 2.3241, Lu 0.0497, Penalty 0.0264, loss 2.4002
Epoch 20, Batch 239/331, Lx 2.2884, Lu 0.0627, Penalty 0.0210, loss 2.3721
Epoch 20, Batch 240/331, Lx 2.2250, Lu 0.0487, Penalty 0.0300, loss 2.3036
Epoch 20, Batch 241/331, Lx 2.3340, Lu 0.0521, Penalty 0.0367, loss 2.4229
Epoch 20, Batch 242/331, Lx 2.1380, Lu 0.0429, Penalty 0.0259, loss 2.2068
Epoch 20, Batch 243/331, Lx 2.3123, Lu 0.0406, Penalty 0.0294, loss 2.3823
Epoch 20, Batch 244/331, Lx 2.2746, Lu 0.0555, Penalty 0.0283, loss 2.3585
Epoch 20, Batch 245/331, Lx 2.2957, Lu 0.0520, Penalty 0.0298, loss 2.3776
Epoch 20, Batch 246/331, Lx 2.2787, Lu 0.0359, Penalty 0.0288, loss 2.3434
Epoch 20, Batch 247/331, Lx 2.2732, Lu 0.0432, Penalty 0.0208, loss 2.3372
Epoch 20, Batch 248/331, Lx 2.2289, Lu 0.0356, Penalty 0.0285, loss 2.2931
Epoch 20, Batch 249/331, Lx 2.1974, Lu 0.0502, Penalty 0.0243, loss 2.2719
Epoch 20, Batch 250/331, Lx 2.2324, Lu 0.0594, Penalty 0.0277, loss 2.3195
Epoch 20, Batch 251/331, Lx 2.2269, Lu 0.0404, Penalty 0.0265, loss 2.2938
Epoch 20, Batch 252/331, Lx 2.2824, Lu 0.0452, Penalty 0.0224, loss 2.3500
Epoch 20, Batch 253/331, Lx 2.2507, Lu 0.0464, Penalty 0.0236, loss 2.3207
Epoch 20, Batch 254/331, Lx 2.2671, Lu 0.0577, Penalty 0.0308, loss 2.3556
Epoch 20, Batch 255/331, Lx 2.2570, Lu 0.0441, Penalty 0.0327, loss 2.3338
Epoch 20, Batch 256/331, Lx 2.2930, Lu 0.0394, Penalty 0.0303, loss 2.3626
Epoch 20, Batch 257/331, Lx 2.2792, Lu 0.0491, Penalty 0.0240, loss 2.3523
Epoch 20, Batch 258/331, Lx 2.2756, Lu 0.0485, Penalty 0.0327, loss 2.3568
Epoch 20, Batch 259/331, Lx 2.2613, Lu 0.0432, Penalty 0.0257, loss 2.3302
Epoch 20, Batch 260/331, Lx 2.1966, Lu 0.0445, Penalty 0.0303, loss 2.2715
Epoch 20, Batch 261/331, Lx 2.2287, Lu 0.0396, Penalty 0.0312, loss 2.2995
Epoch 20, Batch 262/331, Lx 2.2045, Lu 0.0526, Penalty 0.0268, loss 2.2839
Epoch 20, Batch 263/331, Lx 2.2551, Lu 0.0434, Penalty 0.0285, loss 2.3271
Epoch 20, Batch 264/331, Lx 2.2606, Lu 0.0626, Penalty 0.0257, loss 2.3489
Epoch 20, Batch 265/331, Lx 2.2139, Lu 0.0458, Penalty 0.0302, loss 2.2899
Epoch 20, Batch 266/331, Lx 2.3073, Lu 0.0471, Penalty 0.0274, loss 2.3817
Epoch 20, Batch 267/331, Lx 2.2834, Lu 0.0400, Penalty 0.0293, loss 2.3527
Epoch 20, Batch 268/331, Lx 2.1862, Lu 0.0421, Penalty 0.0309, loss 2.2592
Epoch 20, Batch 269/331, Lx 2.1803, Lu 0.0434, Penalty 0.0297, loss 2.2533
Epoch 20, Batch 270/331, Lx 2.3128, Lu 0.0509, Penalty 0.0252, loss 2.3889
Epoch 20, Batch 271/331, Lx 2.2558, Lu 0.0528, Penalty 0.0286, loss 2.3371
Epoch 20, Batch 272/331, Lx 2.1983, Lu 0.0391, Penalty 0.0347, loss 2.2720
Epoch 20, Batch 273/331, Lx 2.2706, Lu 0.0580, Penalty 0.0314, loss 2.3600
Epoch 20, Batch 274/331, Lx 2.2747, Lu 0.0474, Penalty 0.0242, loss 2.3464
Epoch 20, Batch 275/331, Lx 2.2197, Lu 0.0504, Penalty 0.0383, loss 2.3083
Epoch 20, Batch 276/331, Lx 2.2882, Lu 0.0519, Penalty 0.0220, loss 2.3621
Epoch 20, Batch 277/331, Lx 2.2128, Lu 0.0437, Penalty 0.0296, loss 2.2861
Epoch 20, Batch 278/331, Lx 2.2370, Lu 0.0463, Penalty 0.0322, loss 2.3155
Epoch 20, Batch 279/331, Lx 2.2387, Lu 0.0407, Penalty 0.0272, loss 2.3066
Epoch 20, Batch 280/331, Lx 2.2204, Lu 0.0506, Penalty 0.0291, loss 2.3001
Epoch 20, Batch 281/331, Lx 2.2134, Lu 0.0539, Penalty 0.0307, loss 2.2980
Epoch 20, Batch 282/331, Lx 2.2353, Lu 0.0586, Penalty 0.0314, loss 2.3254
Epoch 20, Batch 283/331, Lx 2.2261, Lu 0.0584, Penalty 0.0315, loss 2.3160
Epoch 20, Batch 284/331, Lx 2.1040, Lu 0.0441, Penalty 0.0330, loss 2.1811
Epoch 20, Batch 285/331, Lx 2.2421, Lu 0.0445, Penalty 0.0394, loss 2.3260
Epoch 20, Batch 286/331, Lx 2.2682, Lu 0.0562, Penalty 0.0312, loss 2.3556
Epoch 20, Batch 287/331, Lx 2.2763, Lu 0.0424, Penalty 0.0340, loss 2.3527
Epoch 20, Batch 288/331, Lx 2.2747, Lu 0.0473, Penalty 0.0367, loss 2.3586
Epoch 20, Batch 289/331, Lx 2.2403, Lu 0.0515, Penalty 0.0325, loss 2.3243
Epoch 20, Batch 290/331, Lx 2.2529, Lu 0.0336, Penalty 0.0326, loss 2.3191
Epoch 20, Batch 291/331, Lx 2.2706, Lu 0.0540, Penalty 0.0275, loss 2.3521
Epoch 20, Batch 292/331, Lx 2.1642, Lu 0.0459, Penalty 0.0261, loss 2.2362
Epoch 20, Batch 293/331, Lx 2.2561, Lu 0.0475, Penalty 0.0345, loss 2.3381
Epoch 20, Batch 294/331, Lx 2.3416, Lu 0.0510, Penalty 0.0241, loss 2.4167
Epoch 20, Batch 295/331, Lx 2.2709, Lu 0.0501, Penalty 0.0321, loss 2.3530
Epoch 20, Batch 296/331, Lx 2.2522, Lu 0.0490, Penalty 0.0361, loss 2.3373
Epoch 20, Batch 297/331, Lx 2.2451, Lu 0.0427, Penalty 0.0311, loss 2.3189
Epoch 20, Batch 298/331, Lx 2.2145, Lu 0.0392, Penalty 0.0311, loss 2.2849
Epoch 20, Batch 299/331, Lx 2.1932, Lu 0.0373, Penalty 0.0257, loss 2.2561
Epoch 20, Batch 300/331, Lx 2.1988, Lu 0.0596, Penalty 0.0270, loss 2.2854
Epoch 20, Batch 301/331, Lx 2.2422, Lu 0.0603, Penalty 0.0274, loss 2.3299
Epoch 20, Batch 302/331, Lx 2.2346, Lu 0.0546, Penalty 0.0289, loss 2.3181
Epoch 20, Batch 303/331, Lx 2.2546, Lu 0.0538, Penalty 0.0207, loss 2.3292
Epoch 20, Batch 304/331, Lx 2.2911, Lu 0.0446, Penalty 0.0289, loss 2.3645
Epoch 20, Batch 305/331, Lx 2.2298, Lu 0.0461, Penalty 0.0348, loss 2.3107
Epoch 20, Batch 306/331, Lx 2.2435, Lu 0.0564, Penalty 0.0312, loss 2.3311
Epoch 20, Batch 307/331, Lx 2.2476, Lu 0.0563, Penalty 0.0291, loss 2.3330
Epoch 20, Batch 308/331, Lx 2.2357, Lu 0.0426, Penalty 0.0267, loss 2.3050
Epoch 20, Batch 309/331, Lx 2.3060, Lu 0.0391, Penalty 0.0233, loss 2.3684
Epoch 20, Batch 310/331, Lx 2.1863, Lu 0.0557, Penalty 0.0251, loss 2.2671
Epoch 20, Batch 311/331, Lx 2.2059, Lu 0.0393, Penalty 0.0274, loss 2.2725
Epoch 20, Batch 312/331, Lx 2.2780, Lu 0.0428, Penalty 0.0243, loss 2.3451
Epoch 20, Batch 313/331, Lx 2.2158, Lu 0.0470, Penalty 0.0228, loss 2.2856
Epoch 20, Batch 314/331, Lx 2.2828, Lu 0.0487, Penalty 0.0246, loss 2.3561
Epoch 20, Batch 315/331, Lx 2.3164, Lu 0.0513, Penalty 0.0247, loss 2.3924
Epoch 20, Batch 316/331, Lx 2.2590, Lu 0.0419, Penalty 0.0242, loss 2.3251
Epoch 20, Batch 317/331, Lx 2.1079, Lu 0.0511, Penalty 0.0241, loss 2.1831
Epoch 20, Batch 318/331, Lx 2.1817, Lu 0.0392, Penalty 0.0266, loss 2.2476
Epoch 20, Batch 319/331, Lx 2.2830, Lu 0.0518, Penalty 0.0243, loss 2.3591
Epoch 20, Batch 320/331, Lx 2.2167, Lu 0.0420, Penalty 0.0261, loss 2.2848
Epoch 20, Batch 321/331, Lx 2.2209, Lu 0.0428, Penalty 0.0268, loss 2.2905
Epoch 20, Batch 322/331, Lx 2.2209, Lu 0.0529, Penalty 0.0256, loss 2.2994
Epoch 20, Batch 323/331, Lx 2.1679, Lu 0.0569, Penalty 0.0262, loss 2.2510
Epoch 20, Batch 324/331, Lx 2.2800, Lu 0.0580, Penalty 0.0200, loss 2.3580
Epoch 20, Batch 325/331, Lx 2.2081, Lu 0.0406, Penalty 0.0257, loss 2.2744
Epoch 20, Batch 326/331, Lx 2.1302, Lu 0.0435, Penalty 0.0283, loss 2.2020
Epoch 20, Batch 327/331, Lx 2.2736, Lu 0.0522, Penalty 0.0227, loss 2.3485
Epoch 20, Batch 328/331, Lx 2.2302, Lu 0.0552, Penalty 0.0236, loss 2.3091
Epoch 20, Batch 329/331, Lx 2.2869, Lu 0.0393, Penalty 0.0206, loss 2.3469
Epoch 20, Batch 330/331, Lx 2.2060, Lu 0.0428, Penalty 0.0209, loss 2.2697
Epoch 20, Batch 331/331, Lx 2.0023, Lu 0.0328, Penalty 0.0229, loss 2.0580
Loss: 2.4203, Lx: 2.3271, Lu: 0.0525, Penalty: 0.0408
Training for Network 2
labelled data size: 10422
unlabelled data size: 31578
Epoch 20, Batch 1/326, Lx 2.5296, Lu 0.0798, Penalty 0.2659, loss 2.8753
Epoch 20, Batch 2/326, Lx 2.8122, Lu 0.0758, Penalty 0.2416, loss 3.1296
Epoch 20, Batch 3/326, Lx 2.7852, Lu 0.0958, Penalty 0.2427, loss 3.1237
Epoch 20, Batch 4/326, Lx 2.7409, Lu 0.0855, Penalty 0.1745, loss 3.0009
Epoch 20, Batch 5/326, Lx 2.7167, Lu 0.0731, Penalty 0.2396, loss 3.0294
Epoch 20, Batch 6/326, Lx 2.6636, Lu 0.0711, Penalty 0.1549, loss 2.8896
Epoch 20, Batch 7/326, Lx 2.5845, Lu 0.0683, Penalty 0.1236, loss 2.7764
Epoch 20, Batch 8/326, Lx 2.4471, Lu 0.0818, Penalty 0.1822, loss 2.7111
Epoch 20, Batch 9/326, Lx 2.7422, Lu 0.0574, Penalty 0.0930, loss 2.8925
Epoch 20, Batch 10/326, Lx 2.6691, Lu 0.0643, Penalty 0.0891, loss 2.8226
Epoch 20, Batch 11/326, Lx 2.4525, Lu 0.0624, Penalty 0.1590, loss 2.6740
Epoch 20, Batch 12/326, Lx 2.5229, Lu 0.0767, Penalty 0.0460, loss 2.6457
Epoch 20, Batch 13/326, Lx 2.5707, Lu 0.0680, Penalty 0.0770, loss 2.7157
Epoch 20, Batch 14/326, Lx 2.3701, Lu 0.0744, Penalty 0.1035, loss 2.5480
Epoch 20, Batch 15/326, Lx 2.5443, Lu 0.0686, Penalty 0.0377, loss 2.6506
Epoch 20, Batch 16/326, Lx 2.3932, Lu 0.0657, Penalty 0.0969, loss 2.5559
Epoch 20, Batch 17/326, Lx 2.4095, Lu 0.0706, Penalty 0.0861, loss 2.5662
Epoch 20, Batch 18/326, Lx 2.5628, Lu 0.0657, Penalty 0.0294, loss 2.6578
Epoch 20, Batch 19/326, Lx 2.4093, Lu 0.0554, Penalty 0.0839, loss 2.5486
Epoch 20, Batch 20/326, Lx 2.4270, Lu 0.0661, Penalty 0.0218, loss 2.5150
Epoch 20, Batch 21/326, Lx 2.4708, Lu 0.0617, Penalty 0.0952, loss 2.6276
Epoch 20, Batch 22/326, Lx 2.3580, Lu 0.0610, Penalty 0.0506, loss 2.4696
Epoch 20, Batch 23/326, Lx 2.4220, Lu 0.0724, Penalty 0.0535, loss 2.5479
Epoch 20, Batch 24/326, Lx 2.4068, Lu 0.0748, Penalty 0.0435, loss 2.5251
Epoch 20, Batch 25/326, Lx 2.4264, Lu 0.0547, Penalty 0.0485, loss 2.5296
Epoch 20, Batch 26/326, Lx 2.5169, Lu 0.0559, Penalty 0.0243, loss 2.5970
Epoch 20, Batch 27/326, Lx 2.4619, Lu 0.0552, Penalty 0.0203, loss 2.5375
Epoch 20, Batch 28/326, Lx 2.4696, Lu 0.0587, Penalty 0.0816, loss 2.6098
Epoch 20, Batch 29/326, Lx 2.4494, Lu 0.0564, Penalty 0.0320, loss 2.5378
Epoch 20, Batch 30/326, Lx 2.4949, Lu 0.0554, Penalty 0.0693, loss 2.6197
Epoch 20, Batch 31/326, Lx 2.5187, Lu 0.0585, Penalty 0.0856, loss 2.6628
Epoch 20, Batch 32/326, Lx 2.3622, Lu 0.0505, Penalty 0.0400, loss 2.4527
Epoch 20, Batch 33/326, Lx 2.5260, Lu 0.0557, Penalty 0.0285, loss 2.6102
Epoch 20, Batch 34/326, Lx 2.4323, Lu 0.0532, Penalty 0.0220, loss 2.5076
Epoch 20, Batch 35/326, Lx 2.4171, Lu 0.0543, Penalty 0.0245, loss 2.4958
Epoch 20, Batch 36/326, Lx 2.4214, Lu 0.0630, Penalty 0.0435, loss 2.5279
Epoch 20, Batch 37/326, Lx 2.4829, Lu 0.0533, Penalty 0.0285, loss 2.5647
Epoch 20, Batch 38/326, Lx 2.4519, Lu 0.0628, Penalty 0.0771, loss 2.5918
Epoch 20, Batch 39/326, Lx 2.4969, Lu 0.0576, Penalty 0.0537, loss 2.6082
Epoch 20, Batch 40/326, Lx 2.4825, Lu 0.0513, Penalty 0.0479, loss 2.5816
Epoch 20, Batch 41/326, Lx 2.4310, Lu 0.0596, Penalty 0.0394, loss 2.5300
Epoch 20, Batch 42/326, Lx 2.5512, Lu 0.0483, Penalty 0.0235, loss 2.6231
Epoch 20, Batch 43/326, Lx 2.5375, Lu 0.0564, Penalty 0.0294, loss 2.6233
Epoch 20, Batch 44/326, Lx 2.3997, Lu 0.0596, Penalty 0.0255, loss 2.4847
Epoch 20, Batch 45/326, Lx 2.4271, Lu 0.0640, Penalty 0.0558, loss 2.5469
Epoch 20, Batch 46/326, Lx 2.4123, Lu 0.0654, Penalty 0.0196, loss 2.4973
Epoch 20, Batch 47/326, Lx 2.5413, Lu 0.0537, Penalty 0.0221, loss 2.6171
Epoch 20, Batch 48/326, Lx 2.4553, Lu 0.0698, Penalty 0.0575, loss 2.5826
Epoch 20, Batch 49/326, Lx 2.4530, Lu 0.0493, Penalty 0.0510, loss 2.5533
Epoch 20, Batch 50/326, Lx 2.3709, Lu 0.0459, Penalty 0.0343, loss 2.4511
Epoch 20, Batch 51/326, Lx 2.4219, Lu 0.0536, Penalty 0.0481, loss 2.5235
Epoch 20, Batch 52/326, Lx 2.3350, Lu 0.0507, Penalty 0.0255, loss 2.4112
Epoch 20, Batch 53/326, Lx 2.4860, Lu 0.0566, Penalty 0.0594, loss 2.6021
Epoch 20, Batch 54/326, Lx 2.3922, Lu 0.0497, Penalty 0.0460, loss 2.4879
Epoch 20, Batch 55/326, Lx 2.3878, Lu 0.0557, Penalty 0.0294, loss 2.4728
Epoch 20, Batch 56/326, Lx 2.3755, Lu 0.0558, Penalty 0.0600, loss 2.4913
Epoch 20, Batch 57/326, Lx 2.3431, Lu 0.0603, Penalty 0.0311, loss 2.4345
Epoch 20, Batch 58/326, Lx 2.3702, Lu 0.0498, Penalty 0.0321, loss 2.4522
Epoch 20, Batch 59/326, Lx 2.2423, Lu 0.0660, Penalty 0.0674, loss 2.3757
Epoch 20, Batch 60/326, Lx 2.4216, Lu 0.0543, Penalty 0.0274, loss 2.5033
Epoch 20, Batch 61/326, Lx 2.4337, Lu 0.0598, Penalty 0.0432, loss 2.5366
Epoch 20, Batch 62/326, Lx 2.5192, Lu 0.0505, Penalty 0.0343, loss 2.6040
Epoch 20, Batch 63/326, Lx 2.3757, Lu 0.0589, Penalty 0.0288, loss 2.4634
Epoch 20, Batch 64/326, Lx 2.4125, Lu 0.0458, Penalty 0.0326, loss 2.4909
Epoch 20, Batch 65/326, Lx 2.4157, Lu 0.0586, Penalty 0.0280, loss 2.5023
Epoch 20, Batch 66/326, Lx 2.3204, Lu 0.0525, Penalty 0.0313, loss 2.4042
Epoch 20, Batch 67/326, Lx 2.3763, Lu 0.0640, Penalty 0.0311, loss 2.4713
Epoch 20, Batch 68/326, Lx 2.4289, Lu 0.0526, Penalty 0.0295, loss 2.5110
Epoch 20, Batch 69/326, Lx 2.4315, Lu 0.0601, Penalty 0.0351, loss 2.5266
Epoch 20, Batch 70/326, Lx 2.3245, Lu 0.0628, Penalty 0.0300, loss 2.4173
Epoch 20, Batch 71/326, Lx 2.3607, Lu 0.0556, Penalty 0.0186, loss 2.4348
Epoch 20, Batch 72/326, Lx 2.3991, Lu 0.0453, Penalty 0.0564, loss 2.5008
Epoch 20, Batch 73/326, Lx 2.3572, Lu 0.0639, Penalty 0.0245, loss 2.4456
Epoch 20, Batch 74/326, Lx 2.4158, Lu 0.0587, Penalty 0.0298, loss 2.5043
Epoch 20, Batch 75/326, Lx 2.4015, Lu 0.0489, Penalty 0.0490, loss 2.4994
Epoch 20, Batch 76/326, Lx 2.4118, Lu 0.0543, Penalty 0.0493, loss 2.5154
Epoch 20, Batch 77/326, Lx 2.3777, Lu 0.0543, Penalty 0.0216, loss 2.4536
Epoch 20, Batch 78/326, Lx 2.4747, Lu 0.0545, Penalty 0.0202, loss 2.5494
Epoch 20, Batch 79/326, Lx 2.4375, Lu 0.0462, Penalty 0.0494, loss 2.5331
Epoch 20, Batch 80/326, Lx 2.3664, Lu 0.0575, Penalty 0.0452, loss 2.4691
Epoch 20, Batch 81/326, Lx 2.2842, Lu 0.0497, Penalty 0.0266, loss 2.3605
Epoch 20, Batch 82/326, Lx 2.3597, Lu 0.0536, Penalty 0.0219, loss 2.4352
Epoch 20, Batch 83/326, Lx 2.3504, Lu 0.0530, Penalty 0.0170, loss 2.4204
Epoch 20, Batch 84/326, Lx 2.3690, Lu 0.0590, Penalty 0.0283, loss 2.4563
Epoch 20, Batch 85/326, Lx 2.3723, Lu 0.0499, Penalty 0.0243, loss 2.4464
Epoch 20, Batch 86/326, Lx 2.3679, Lu 0.0538, Penalty 0.0383, loss 2.4601
Epoch 20, Batch 87/326, Lx 2.3218, Lu 0.0516, Penalty 0.0217, loss 2.3951
Epoch 20, Batch 88/326, Lx 2.3082, Lu 0.0434, Penalty 0.0462, loss 2.3978
Epoch 20, Batch 89/326, Lx 2.4315, Lu 0.0512, Penalty 0.0255, loss 2.5082
Epoch 20, Batch 90/326, Lx 2.4276, Lu 0.0607, Penalty 0.0233, loss 2.5116
Epoch 20, Batch 91/326, Lx 2.3742, Lu 0.0597, Penalty 0.0372, loss 2.4711
Epoch 20, Batch 92/326, Lx 2.3785, Lu 0.0514, Penalty 0.0315, loss 2.4614
Epoch 20, Batch 93/326, Lx 2.3113, Lu 0.0643, Penalty 0.0285, loss 2.4042
Epoch 20, Batch 94/326, Lx 2.3545, Lu 0.0595, Penalty 0.0226, loss 2.4367
Epoch 20, Batch 95/326, Lx 2.3365, Lu 0.0526, Penalty 0.0260, loss 2.4151
Epoch 20, Batch 96/326, Lx 2.2832, Lu 0.0479, Penalty 0.0359, loss 2.3670
Epoch 20, Batch 97/326, Lx 2.4387, Lu 0.0542, Penalty 0.0258, loss 2.5187
Epoch 20, Batch 98/326, Lx 2.2684, Lu 0.0431, Penalty 0.0231, loss 2.3347
Epoch 20, Batch 99/326, Lx 2.2859, Lu 0.0504, Penalty 0.0290, loss 2.3653
Epoch 20, Batch 100/326, Lx 2.3254, Lu 0.0435, Penalty 0.0188, loss 2.3877
Epoch 20, Batch 101/326, Lx 2.3695, Lu 0.0652, Penalty 0.0184, loss 2.4530
Epoch 20, Batch 102/326, Lx 2.4158, Lu 0.0583, Penalty 0.0299, loss 2.5040
Epoch 20, Batch 103/326, Lx 2.4114, Lu 0.0545, Penalty 0.0267, loss 2.4927
Epoch 20, Batch 104/326, Lx 2.4023, Lu 0.0410, Penalty 0.0420, loss 2.4852
Epoch 20, Batch 105/326, Lx 2.3607, Lu 0.0461, Penalty 0.0193, loss 2.4261
Epoch 20, Batch 106/326, Lx 2.2931, Lu 0.0588, Penalty 0.0425, loss 2.3943
Epoch 20, Batch 107/326, Lx 2.5471, Lu 0.0529, Penalty 0.0308, loss 2.6308
Epoch 20, Batch 108/326, Lx 2.3628, Lu 0.0624, Penalty 0.0245, loss 2.4498
Epoch 20, Batch 109/326, Lx 2.3295, Lu 0.0437, Penalty 0.0419, loss 2.4151
Epoch 20, Batch 110/326, Lx 2.3289, Lu 0.0552, Penalty 0.0355, loss 2.4196
Epoch 20, Batch 111/326, Lx 2.3578, Lu 0.0587, Penalty 0.0354, loss 2.4519
Epoch 20, Batch 112/326, Lx 2.3943, Lu 0.0502, Penalty 0.0289, loss 2.4734
Epoch 20, Batch 113/326, Lx 2.3448, Lu 0.0536, Penalty 0.0398, loss 2.4382
Epoch 20, Batch 114/326, Lx 2.3482, Lu 0.0465, Penalty 0.0251, loss 2.4198
Epoch 20, Batch 115/326, Lx 2.3241, Lu 0.0645, Penalty 0.0391, loss 2.4277
Epoch 20, Batch 116/326, Lx 2.3871, Lu 0.0485, Penalty 0.0223, loss 2.4579
Epoch 20, Batch 117/326, Lx 2.3091, Lu 0.0539, Penalty 0.0381, loss 2.4010
Epoch 20, Batch 118/326, Lx 2.3323, Lu 0.0471, Penalty 0.0378, loss 2.4171
Epoch 20, Batch 119/326, Lx 2.3064, Lu 0.0539, Penalty 0.0228, loss 2.3831
Epoch 20, Batch 120/326, Lx 2.3064, Lu 0.0457, Penalty 0.0176, loss 2.3696
Epoch 20, Batch 121/326, Lx 2.2812, Lu 0.0674, Penalty 0.0351, loss 2.3837
Epoch 20, Batch 122/326, Lx 2.2943, Lu 0.0557, Penalty 0.0244, loss 2.3745
Epoch 20, Batch 123/326, Lx 2.2867, Lu 0.0474, Penalty 0.0251, loss 2.3592
Epoch 20, Batch 124/326, Lx 2.3394, Lu 0.0606, Penalty 0.0202, loss 2.4203
Epoch 20, Batch 125/326, Lx 2.3134, Lu 0.0700, Penalty 0.0329, loss 2.4163
Epoch 20, Batch 126/326, Lx 2.3538, Lu 0.0545, Penalty 0.0225, loss 2.4309
Epoch 20, Batch 127/326, Lx 2.3390, Lu 0.0468, Penalty 0.0221, loss 2.4079
Epoch 20, Batch 128/326, Lx 2.3675, Lu 0.0435, Penalty 0.0214, loss 2.4324
Epoch 20, Batch 129/326, Lx 2.2267, Lu 0.0481, Penalty 0.0211, loss 2.2958
Epoch 20, Batch 130/326, Lx 2.3348, Lu 0.0590, Penalty 0.0262, loss 2.4200
Epoch 20, Batch 131/326, Lx 2.2973, Lu 0.0698, Penalty 0.0365, loss 2.4036
Epoch 20, Batch 132/326, Lx 2.2465, Lu 0.0448, Penalty 0.0349, loss 2.3262
Epoch 20, Batch 133/326, Lx 2.3508, Lu 0.0439, Penalty 0.0274, loss 2.4222
Epoch 20, Batch 134/326, Lx 2.3488, Lu 0.0468, Penalty 0.0268, loss 2.4224
Epoch 20, Batch 135/326, Lx 2.2396, Lu 0.0492, Penalty 0.0272, loss 2.3160
Epoch 20, Batch 136/326, Lx 2.3109, Lu 0.0421, Penalty 0.0236, loss 2.3766
Epoch 20, Batch 137/326, Lx 2.3413, Lu 0.0454, Penalty 0.0313, loss 2.4181
Epoch 20, Batch 138/326, Lx 2.3964, Lu 0.0514, Penalty 0.0298, loss 2.4776
Epoch 20, Batch 139/326, Lx 2.2648, Lu 0.0531, Penalty 0.0322, loss 2.3500
Epoch 20, Batch 140/326, Lx 2.2901, Lu 0.0535, Penalty 0.0411, loss 2.3847
Epoch 20, Batch 141/326, Lx 2.2638, Lu 0.0423, Penalty 0.0301, loss 2.3363
Epoch 20, Batch 142/326, Lx 2.3009, Lu 0.0438, Penalty 0.0374, loss 2.3821
Epoch 20, Batch 143/326, Lx 2.3753, Lu 0.0613, Penalty 0.0327, loss 2.4693
Epoch 20, Batch 144/326, Lx 2.2473, Lu 0.0509, Penalty 0.0422, loss 2.3404
Epoch 20, Batch 145/326, Lx 2.2946, Lu 0.0604, Penalty 0.0374, loss 2.3924
Epoch 20, Batch 146/326, Lx 2.2772, Lu 0.0433, Penalty 0.0237, loss 2.3441
Epoch 20, Batch 147/326, Lx 2.3115, Lu 0.0493, Penalty 0.0291, loss 2.3898
Epoch 20, Batch 148/326, Lx 2.3888, Lu 0.0501, Penalty 0.0437, loss 2.4827
Epoch 20, Batch 149/326, Lx 2.3606, Lu 0.0539, Penalty 0.0363, loss 2.4508
Epoch 20, Batch 150/326, Lx 2.3033, Lu 0.0520, Penalty 0.0294, loss 2.3847
Epoch 20, Batch 151/326, Lx 2.3193, Lu 0.0444, Penalty 0.0305, loss 2.3942
Epoch 20, Batch 152/326, Lx 2.2965, Lu 0.0528, Penalty 0.0369, loss 2.3863
Epoch 20, Batch 153/326, Lx 2.3061, Lu 0.0533, Penalty 0.0295, loss 2.3889
Epoch 20, Batch 154/326, Lx 2.3530, Lu 0.0621, Penalty 0.0303, loss 2.4454
Epoch 20, Batch 155/326, Lx 2.3289, Lu 0.0611, Penalty 0.0357, loss 2.4257
Epoch 20, Batch 156/326, Lx 2.3913, Lu 0.0457, Penalty 0.0383, loss 2.4753
Epoch 20, Batch 157/326, Lx 2.3842, Lu 0.0462, Penalty 0.0262, loss 2.4565
Epoch 20, Batch 158/326, Lx 2.3281, Lu 0.0534, Penalty 0.0252, loss 2.4067
Epoch 20, Batch 159/326, Lx 2.2775, Lu 0.0532, Penalty 0.0361, loss 2.3667
Epoch 20, Batch 160/326, Lx 2.3096, Lu 0.0437, Penalty 0.0342, loss 2.3875
Epoch 20, Batch 161/326, Lx 2.3470, Lu 0.0565, Penalty 0.0234, loss 2.4268
Epoch 20, Batch 162/326, Lx 2.2808, Lu 0.0686, Penalty 0.0263, loss 2.3757
Epoch 20, Batch 163/326, Lx 2.2962, Lu 0.0648, Penalty 0.0223, loss 2.3833
Epoch 20, Batch 164/326, Lx 2.2852, Lu 0.0571, Penalty 0.0209, loss 2.3632
Epoch 20, Batch 165/326, Lx 2.3257, Lu 0.0479, Penalty 0.0165, loss 2.3900
Epoch 20, Batch 166/326, Lx 2.2611, Lu 0.0595, Penalty 0.0254, loss 2.3460
Epoch 20, Batch 167/326, Lx 2.2718, Lu 0.0536, Penalty 0.0196, loss 2.3450
Epoch 20, Batch 168/326, Lx 2.3256, Lu 0.0499, Penalty 0.0207, loss 2.3962
Epoch 20, Batch 169/326, Lx 2.3107, Lu 0.0598, Penalty 0.0261, loss 2.3966
Epoch 20, Batch 170/326, Lx 2.2843, Lu 0.0435, Penalty 0.0173, loss 2.3451
Epoch 20, Batch 171/326, Lx 2.4196, Lu 0.0400, Penalty 0.0191, loss 2.4786
Epoch 20, Batch 172/326, Lx 2.2804, Lu 0.0552, Penalty 0.0201, loss 2.3558
Epoch 20, Batch 173/326, Lx 2.3449, Lu 0.0568, Penalty 0.0162, loss 2.4179
Epoch 20, Batch 174/326, Lx 2.2514, Lu 0.0478, Penalty 0.0233, loss 2.3224
Epoch 20, Batch 175/326, Lx 2.2867, Lu 0.0630, Penalty 0.0261, loss 2.3757
Epoch 20, Batch 176/326, Lx 2.2685, Lu 0.0420, Penalty 0.0156, loss 2.3261
Epoch 20, Batch 177/326, Lx 2.3517, Lu 0.0589, Penalty 0.0336, loss 2.4442
Epoch 20, Batch 178/326, Lx 2.2464, Lu 0.0489, Penalty 0.0331, loss 2.3284
Epoch 20, Batch 179/326, Lx 2.2310, Lu 0.0533, Penalty 0.0290, loss 2.3133
Epoch 20, Batch 180/326, Lx 2.3868, Lu 0.0607, Penalty 0.0355, loss 2.4830
Epoch 20, Batch 181/326, Lx 2.2988, Lu 0.0491, Penalty 0.0158, loss 2.3637
Epoch 20, Batch 182/326, Lx 2.2194, Lu 0.0455, Penalty 0.0341, loss 2.2989
Epoch 20, Batch 183/326, Lx 2.3981, Lu 0.0588, Penalty 0.0192, loss 2.4762
Epoch 20, Batch 184/326, Lx 2.3333, Lu 0.0461, Penalty 0.0196, loss 2.3990
Epoch 20, Batch 185/326, Lx 2.2269, Lu 0.0506, Penalty 0.0410, loss 2.3185
Epoch 20, Batch 186/326, Lx 2.2844, Lu 0.0551, Penalty 0.0243, loss 2.3639
Epoch 20, Batch 187/326, Lx 2.2864, Lu 0.0474, Penalty 0.0161, loss 2.3499
Epoch 20, Batch 188/326, Lx 2.3508, Lu 0.0558, Penalty 0.0171, loss 2.4237
Epoch 20, Batch 189/326, Lx 2.3307, Lu 0.0610, Penalty 0.0350, loss 2.4267
Epoch 20, Batch 190/326, Lx 2.2943, Lu 0.0468, Penalty 0.0160, loss 2.3571
Epoch 20, Batch 191/326, Lx 2.2838, Lu 0.0479, Penalty 0.0281, loss 2.3598
Epoch 20, Batch 192/326, Lx 2.2142, Lu 0.0451, Penalty 0.0199, loss 2.2792
Epoch 20, Batch 193/326, Lx 2.2725, Lu 0.0509, Penalty 0.0227, loss 2.3461
Epoch 20, Batch 194/326, Lx 2.2570, Lu 0.0493, Penalty 0.0231, loss 2.3294
Epoch 20, Batch 195/326, Lx 2.3086, Lu 0.0434, Penalty 0.0274, loss 2.3793
Epoch 20, Batch 196/326, Lx 2.3042, Lu 0.0569, Penalty 0.0219, loss 2.3830
Epoch 20, Batch 197/326, Lx 2.2182, Lu 0.0417, Penalty 0.0390, loss 2.2989
Epoch 20, Batch 198/326, Lx 2.3621, Lu 0.0434, Penalty 0.0362, loss 2.4417
Epoch 20, Batch 199/326, Lx 2.2521, Lu 0.0481, Penalty 0.0222, loss 2.3224
Epoch 20, Batch 200/326, Lx 2.2846, Lu 0.0566, Penalty 0.0352, loss 2.3764
Epoch 20, Batch 201/326, Lx 2.2498, Lu 0.0533, Penalty 0.0298, loss 2.3329
Epoch 20, Batch 202/326, Lx 2.2306, Lu 0.0587, Penalty 0.0208, loss 2.3101
Epoch 20, Batch 203/326, Lx 2.2512, Lu 0.0446, Penalty 0.0198, loss 2.3156
Epoch 20, Batch 204/326, Lx 2.3585, Lu 0.0606, Penalty 0.0256, loss 2.4447
Epoch 20, Batch 205/326, Lx 2.3501, Lu 0.0549, Penalty 0.0321, loss 2.4371
Epoch 20, Batch 206/326, Lx 2.2666, Lu 0.0509, Penalty 0.0228, loss 2.3404
Epoch 20, Batch 207/326, Lx 2.2801, Lu 0.0493, Penalty 0.0285, loss 2.3580
Epoch 20, Batch 208/326, Lx 2.2348, Lu 0.0492, Penalty 0.0245, loss 2.3084
Epoch 20, Batch 209/326, Lx 2.2447, Lu 0.0445, Penalty 0.0296, loss 2.3188
Epoch 20, Batch 210/326, Lx 2.1953, Lu 0.0422, Penalty 0.0248, loss 2.2623
Epoch 20, Batch 211/326, Lx 2.2313, Lu 0.0453, Penalty 0.0320, loss 2.3086
Epoch 20, Batch 212/326, Lx 2.1975, Lu 0.0400, Penalty 0.0312, loss 2.2687
Epoch 20, Batch 213/326, Lx 2.2961, Lu 0.0514, Penalty 0.0280, loss 2.3756
Epoch 20, Batch 214/326, Lx 2.3402, Lu 0.0545, Penalty 0.0254, loss 2.4201
Epoch 20, Batch 215/326, Lx 2.2464, Lu 0.0536, Penalty 0.0292, loss 2.3292
Epoch 20, Batch 216/326, Lx 2.3185, Lu 0.0605, Penalty 0.0368, loss 2.4157
Epoch 20, Batch 217/326, Lx 2.2999, Lu 0.0415, Penalty 0.0232, loss 2.3646
Epoch 20, Batch 218/326, Lx 2.2590, Lu 0.0597, Penalty 0.0336, loss 2.3522
Epoch 20, Batch 219/326, Lx 2.2504, Lu 0.0495, Penalty 0.0279, loss 2.3278
Epoch 20, Batch 220/326, Lx 2.2328, Lu 0.0510, Penalty 0.0318, loss 2.3156
Epoch 20, Batch 221/326, Lx 2.3446, Lu 0.0430, Penalty 0.0247, loss 2.4122
Epoch 20, Batch 222/326, Lx 2.3002, Lu 0.0480, Penalty 0.0315, loss 2.3796
Epoch 20, Batch 223/326, Lx 2.3582, Lu 0.0452, Penalty 0.0302, loss 2.4336
Epoch 20, Batch 224/326, Lx 2.3048, Lu 0.0534, Penalty 0.0295, loss 2.3877
Epoch 20, Batch 225/326, Lx 2.1873, Lu 0.0599, Penalty 0.0304, loss 2.2777
Epoch 20, Batch 226/326, Lx 2.2280, Lu 0.0620, Penalty 0.0216, loss 2.3117
Epoch 20, Batch 227/326, Lx 2.3629, Lu 0.0598, Penalty 0.0239, loss 2.4466
Epoch 20, Batch 228/326, Lx 2.3222, Lu 0.0527, Penalty 0.0311, loss 2.4060
Epoch 20, Batch 229/326, Lx 2.2141, Lu 0.0451, Penalty 0.0251, loss 2.2843
Epoch 20, Batch 230/326, Lx 2.3564, Lu 0.0507, Penalty 0.0229, loss 2.4300
Epoch 20, Batch 231/326, Lx 2.2049, Lu 0.0416, Penalty 0.0225, loss 2.2690
Epoch 20, Batch 232/326, Lx 2.2020, Lu 0.0405, Penalty 0.0236, loss 2.2660
Epoch 20, Batch 233/326, Lx 2.2130, Lu 0.0436, Penalty 0.0318, loss 2.2884
Epoch 20, Batch 234/326, Lx 2.3318, Lu 0.0462, Penalty 0.0267, loss 2.4047
Epoch 20, Batch 235/326, Lx 2.2017, Lu 0.0434, Penalty 0.0270, loss 2.2721
Epoch 20, Batch 236/326, Lx 2.2671, Lu 0.0386, Penalty 0.0292, loss 2.3348
Epoch 20, Batch 237/326, Lx 2.1692, Lu 0.0458, Penalty 0.0226, loss 2.2376
Epoch 20, Batch 238/326, Lx 2.3168, Lu 0.0500, Penalty 0.0214, loss 2.3881
Epoch 20, Batch 239/326, Lx 2.2481, Lu 0.0489, Penalty 0.0192, loss 2.3162
Epoch 20, Batch 240/326, Lx 2.3112, Lu 0.0466, Penalty 0.0311, loss 2.3889
Epoch 20, Batch 241/326, Lx 2.3475, Lu 0.0365, Penalty 0.0209, loss 2.4050
Epoch 20, Batch 242/326, Lx 2.2717, Lu 0.0438, Penalty 0.0317, loss 2.3472
Epoch 20, Batch 243/326, Lx 2.2390, Lu 0.0520, Penalty 0.0194, loss 2.3105
Epoch 20, Batch 244/326, Lx 2.3514, Lu 0.0510, Penalty 0.0199, loss 2.4223
Epoch 20, Batch 245/326, Lx 2.2096, Lu 0.0476, Penalty 0.0325, loss 2.2896
Epoch 20, Batch 246/326, Lx 2.2231, Lu 0.0466, Penalty 0.0282, loss 2.2979
Epoch 20, Batch 247/326, Lx 2.2520, Lu 0.0442, Penalty 0.0206, loss 2.3168
Epoch 20, Batch 248/326, Lx 2.3445, Lu 0.0420, Penalty 0.0219, loss 2.4084
Epoch 20, Batch 249/326, Lx 2.2975, Lu 0.0446, Penalty 0.0270, loss 2.3691
Epoch 20, Batch 250/326, Lx 2.3280, Lu 0.0477, Penalty 0.0191, loss 2.3948
Epoch 20, Batch 251/326, Lx 2.2900, Lu 0.0484, Penalty 0.0190, loss 2.3574
Epoch 20, Batch 252/326, Lx 2.2861, Lu 0.0571, Penalty 0.0224, loss 2.3655
Epoch 20, Batch 253/326, Lx 2.2293, Lu 0.0440, Penalty 0.0205, loss 2.2937
Epoch 20, Batch 254/326, Lx 2.2512, Lu 0.0537, Penalty 0.0214, loss 2.3263
Epoch 20, Batch 255/326, Lx 2.3065, Lu 0.0495, Penalty 0.0229, loss 2.3789
Epoch 20, Batch 256/326, Lx 2.2277, Lu 0.0467, Penalty 0.0394, loss 2.3138
Epoch 20, Batch 257/326, Lx 2.2739, Lu 0.0507, Penalty 0.0245, loss 2.3491
Epoch 20, Batch 258/326, Lx 2.4148, Lu 0.0483, Penalty 0.0218, loss 2.4849
Epoch 20, Batch 259/326, Lx 2.2395, Lu 0.0482, Penalty 0.0216, loss 2.3093
Epoch 20, Batch 260/326, Lx 2.2672, Lu 0.0488, Penalty 0.0225, loss 2.3385
Epoch 20, Batch 261/326, Lx 2.2131, Lu 0.0527, Penalty 0.0360, loss 2.3018
Epoch 20, Batch 262/326, Lx 2.2448, Lu 0.0449, Penalty 0.0220, loss 2.3117
Epoch 20, Batch 263/326, Lx 2.2495, Lu 0.0422, Penalty 0.0249, loss 2.3165
Epoch 20, Batch 264/326, Lx 2.2669, Lu 0.0570, Penalty 0.0332, loss 2.3571
Epoch 20, Batch 265/326, Lx 2.3073, Lu 0.0544, Penalty 0.0210, loss 2.3826
Epoch 20, Batch 266/326, Lx 2.1722, Lu 0.0384, Penalty 0.0247, loss 2.2354
Epoch 20, Batch 267/326, Lx 2.2537, Lu 0.0502, Penalty 0.0210, loss 2.3249
Epoch 20, Batch 268/326, Lx 2.2266, Lu 0.0442, Penalty 0.0262, loss 2.2970
Epoch 20, Batch 269/326, Lx 2.1766, Lu 0.0469, Penalty 0.0284, loss 2.2519
Epoch 20, Batch 270/326, Lx 2.2548, Lu 0.0510, Penalty 0.0367, loss 2.3426
Epoch 20, Batch 271/326, Lx 2.3768, Lu 0.0573, Penalty 0.0293, loss 2.4634
Epoch 20, Batch 272/326, Lx 2.2338, Lu 0.0433, Penalty 0.0204, loss 2.2976
Epoch 20, Batch 273/326, Lx 2.2212, Lu 0.0464, Penalty 0.0234, loss 2.2910
Epoch 20, Batch 274/326, Lx 2.3409, Lu 0.0533, Penalty 0.0273, loss 2.4216
Epoch 20, Batch 275/326, Lx 2.1484, Lu 0.0441, Penalty 0.0166, loss 2.2091
Epoch 20, Batch 276/326, Lx 2.2555, Lu 0.0550, Penalty 0.0222, loss 2.3328
Epoch 20, Batch 277/326, Lx 2.2116, Lu 0.0572, Penalty 0.0353, loss 2.3041
Epoch 20, Batch 278/326, Lx 2.2958, Lu 0.0548, Penalty 0.0349, loss 2.3855
Epoch 20, Batch 279/326, Lx 2.3047, Lu 0.0490, Penalty 0.0385, loss 2.3922
Epoch 20, Batch 280/326, Lx 2.2901, Lu 0.0615, Penalty 0.0179, loss 2.3695
Epoch 20, Batch 281/326, Lx 2.2851, Lu 0.0462, Penalty 0.0310, loss 2.3622
Epoch 20, Batch 282/326, Lx 2.2200, Lu 0.0534, Penalty 0.0233, loss 2.2968
Epoch 20, Batch 283/326, Lx 2.2641, Lu 0.0429, Penalty 0.0321, loss 2.3391
Epoch 20, Batch 284/326, Lx 2.2814, Lu 0.0485, Penalty 0.0243, loss 2.3542
Epoch 20, Batch 285/326, Lx 2.2279, Lu 0.0448, Penalty 0.0209, loss 2.2936
Epoch 20, Batch 286/326, Lx 2.1826, Lu 0.0483, Penalty 0.0229, loss 2.2538
Epoch 20, Batch 287/326, Lx 2.1424, Lu 0.0409, Penalty 0.0300, loss 2.2133
Epoch 20, Batch 288/326, Lx 2.2289, Lu 0.0465, Penalty 0.0268, loss 2.3021
Epoch 20, Batch 289/326, Lx 2.2081, Lu 0.0539, Penalty 0.0294, loss 2.2914
Epoch 20, Batch 290/326, Lx 2.2370, Lu 0.0516, Penalty 0.0290, loss 2.3177
Epoch 20, Batch 291/326, Lx 2.2303, Lu 0.0518, Penalty 0.0320, loss 2.3141
Epoch 20, Batch 292/326, Lx 2.2983, Lu 0.0454, Penalty 0.0275, loss 2.3711
Epoch 20, Batch 293/326, Lx 2.2345, Lu 0.0431, Penalty 0.0334, loss 2.3109
Epoch 20, Batch 294/326, Lx 2.2511, Lu 0.0485, Penalty 0.0213, loss 2.3210
Epoch 20, Batch 295/326, Lx 2.2537, Lu 0.0435, Penalty 0.0251, loss 2.3222
Epoch 20, Batch 296/326, Lx 2.2768, Lu 0.0498, Penalty 0.0276, loss 2.3542
Epoch 20, Batch 297/326, Lx 2.2708, Lu 0.0508, Penalty 0.0218, loss 2.3434
Epoch 20, Batch 298/326, Lx 2.3461, Lu 0.0432, Penalty 0.0266, loss 2.4159
Epoch 20, Batch 299/326, Lx 2.1919, Lu 0.0431, Penalty 0.0209, loss 2.2558
Epoch 20, Batch 300/326, Lx 2.2849, Lu 0.0460, Penalty 0.0198, loss 2.3507
Epoch 20, Batch 301/326, Lx 2.2523, Lu 0.0472, Penalty 0.0208, loss 2.3203
Epoch 20, Batch 302/326, Lx 2.2993, Lu 0.0443, Penalty 0.0307, loss 2.3744
Epoch 20, Batch 303/326, Lx 2.1990, Lu 0.0515, Penalty 0.0163, loss 2.2668
Epoch 20, Batch 304/326, Lx 2.1781, Lu 0.0461, Penalty 0.0252, loss 2.2494
Epoch 20, Batch 305/326, Lx 2.2721, Lu 0.0564, Penalty 0.0247, loss 2.3532
Epoch 20, Batch 306/326, Lx 2.2639, Lu 0.0492, Penalty 0.0245, loss 2.3376
Epoch 20, Batch 307/326, Lx 2.1270, Lu 0.0431, Penalty 0.0168, loss 2.1869
Epoch 20, Batch 308/326, Lx 2.2035, Lu 0.0505, Penalty 0.0278, loss 2.2817
Epoch 20, Batch 309/326, Lx 2.2370, Lu 0.0436, Penalty 0.0243, loss 2.3048
Epoch 20, Batch 310/326, Lx 2.2528, Lu 0.0481, Penalty 0.0228, loss 2.3237
Epoch 20, Batch 311/326, Lx 2.1668, Lu 0.0450, Penalty 0.0319, loss 2.2437
Epoch 20, Batch 312/326, Lx 2.2426, Lu 0.0598, Penalty 0.0199, loss 2.3222
Epoch 20, Batch 313/326, Lx 2.2957, Lu 0.0346, Penalty 0.0226, loss 2.3529
Epoch 20, Batch 314/326, Lx 2.1884, Lu 0.0347, Penalty 0.0259, loss 2.2490
Epoch 20, Batch 315/326, Lx 2.2474, Lu 0.0400, Penalty 0.0230, loss 2.3104
Epoch 20, Batch 316/326, Lx 2.2167, Lu 0.0514, Penalty 0.0179, loss 2.2860
Epoch 20, Batch 317/326, Lx 2.2389, Lu 0.0462, Penalty 0.0218, loss 2.3070
Epoch 20, Batch 318/326, Lx 2.2412, Lu 0.0459, Penalty 0.0204, loss 2.3075
Epoch 20, Batch 319/326, Lx 2.1876, Lu 0.0603, Penalty 0.0294, loss 2.2773
Epoch 20, Batch 320/326, Lx 2.2084, Lu 0.0573, Penalty 0.0280, loss 2.2936
Epoch 20, Batch 321/326, Lx 2.2607, Lu 0.0458, Penalty 0.0246, loss 2.3311
Epoch 20, Batch 322/326, Lx 2.2079, Lu 0.0435, Penalty 0.0216, loss 2.2730
Epoch 20, Batch 323/326, Lx 2.2059, Lu 0.0495, Penalty 0.0307, loss 2.2861
Epoch 20, Batch 324/326, Lx 2.3083, Lu 0.0543, Penalty 0.0205, loss 2.3831
Epoch 20, Batch 325/326, Lx 2.1794, Lu 0.0424, Penalty 0.0289, loss 2.2506
Epoch 20, Batch 326/326, Lx 2.2648, Lu 0.0317, Penalty 0.0192, loss 2.3157
Loss: 2.4191, Lx: 2.3307, Lu: 0.0528, Penalty: 0.0356
Evaluating training data at epoch 20 for Model 1
GMM Means: [0.34725992 0.61384593]
GMM Covariances: [0.01271768 0.0133845 ]
Evaluating training data at epoch 20 for Model 2
GMM Means: [0.3155168  0.56623849]
GMM Covariances: [0.01214664 0.01242616]
Evaluating models at epoch 20
Test data size: 60000
Epoch: 20, Test Loss: 1.3309, Test Accuracy: 0.5755, Test F1 Score: 0.5711
Training for Network 1
labelled data size: 9368
unlabelled data size: 32632
Epoch 21, Batch 1/293, Lx 2.2518, Lu 0.1021, Penalty 0.0282, loss 2.3821
Epoch 21, Batch 2/293, Lx 2.2829, Lu 0.1062, Penalty 0.0311, loss 2.4201
Epoch 21, Batch 3/293, Lx 2.2238, Lu 0.0829, Penalty 0.0283, loss 2.3350
Epoch 21, Batch 4/293, Lx 2.2376, Lu 0.1057, Penalty 0.0269, loss 2.3702
Epoch 21, Batch 5/293, Lx 2.2763, Lu 0.1063, Penalty 0.0292, loss 2.4118
Epoch 21, Batch 6/293, Lx 2.1412, Lu 0.0918, Penalty 0.0310, loss 2.2640
Epoch 21, Batch 7/293, Lx 2.1697, Lu 0.1157, Penalty 0.0285, loss 2.3139
Epoch 21, Batch 8/293, Lx 2.2679, Lu 0.1054, Penalty 0.0302, loss 2.4035
Epoch 21, Batch 9/293, Lx 2.1637, Lu 0.0954, Penalty 0.0303, loss 2.2894
Epoch 21, Batch 10/293, Lx 2.3390, Lu 0.1195, Penalty 0.0256, loss 2.4840
Epoch 21, Batch 11/293, Lx 2.2632, Lu 0.1029, Penalty 0.0310, loss 2.3972
Epoch 21, Batch 12/293, Lx 2.2868, Lu 0.1071, Penalty 0.0273, loss 2.4212
Epoch 21, Batch 13/293, Lx 2.2534, Lu 0.1188, Penalty 0.0326, loss 2.4049
Epoch 21, Batch 14/293, Lx 2.2206, Lu 0.1105, Penalty 0.0305, loss 2.3616
Epoch 21, Batch 15/293, Lx 2.1747, Lu 0.0854, Penalty 0.0292, loss 2.2892
Epoch 21, Batch 16/293, Lx 2.2121, Lu 0.0941, Penalty 0.0270, loss 2.3332
Epoch 21, Batch 17/293, Lx 2.2522, Lu 0.0965, Penalty 0.0309, loss 2.3796
Epoch 21, Batch 18/293, Lx 2.2014, Lu 0.0781, Penalty 0.0277, loss 2.3072
Epoch 21, Batch 19/293, Lx 2.2384, Lu 0.0888, Penalty 0.0301, loss 2.3572
Epoch 21, Batch 20/293, Lx 2.2293, Lu 0.1151, Penalty 0.0320, loss 2.3763
Epoch 21, Batch 21/293, Lx 2.1564, Lu 0.0742, Penalty 0.0300, loss 2.2606
Epoch 21, Batch 22/293, Lx 2.3023, Lu 0.0831, Penalty 0.0274, loss 2.4128
Epoch 21, Batch 23/293, Lx 2.2433, Lu 0.0930, Penalty 0.0388, loss 2.3751
Epoch 21, Batch 24/293, Lx 2.1825, Lu 0.1084, Penalty 0.0356, loss 2.3265
Epoch 21, Batch 25/293, Lx 2.1442, Lu 0.0765, Penalty 0.0362, loss 2.2569
Epoch 21, Batch 26/293, Lx 2.1410, Lu 0.0921, Penalty 0.0260, loss 2.2591
Epoch 21, Batch 27/293, Lx 2.2957, Lu 0.0984, Penalty 0.0343, loss 2.4284
Epoch 21, Batch 28/293, Lx 2.2043, Lu 0.0997, Penalty 0.0292, loss 2.3331
Epoch 21, Batch 29/293, Lx 2.1643, Lu 0.1028, Penalty 0.0296, loss 2.2967
Epoch 21, Batch 30/293, Lx 2.2253, Lu 0.0788, Penalty 0.0343, loss 2.3385
Epoch 21, Batch 31/293, Lx 2.2893, Lu 0.0913, Penalty 0.0311, loss 2.4117
Epoch 21, Batch 32/293, Lx 2.2243, Lu 0.0927, Penalty 0.0316, loss 2.3485
Epoch 21, Batch 33/293, Lx 2.2572, Lu 0.1034, Penalty 0.0336, loss 2.3942
Epoch 21, Batch 34/293, Lx 2.3015, Lu 0.0835, Penalty 0.0308, loss 2.4157
Epoch 21, Batch 35/293, Lx 2.1842, Lu 0.0831, Penalty 0.0337, loss 2.3011
Epoch 21, Batch 36/293, Lx 2.1998, Lu 0.1177, Penalty 0.0267, loss 2.3442
Epoch 21, Batch 37/293, Lx 2.2231, Lu 0.0778, Penalty 0.0297, loss 2.3306
Epoch 21, Batch 38/293, Lx 2.2139, Lu 0.0836, Penalty 0.0302, loss 2.3277
Epoch 21, Batch 39/293, Lx 2.2215, Lu 0.0835, Penalty 0.0263, loss 2.3313
Epoch 21, Batch 40/293, Lx 2.1599, Lu 0.0806, Penalty 0.0283, loss 2.2688
Epoch 21, Batch 41/293, Lx 2.2280, Lu 0.0940, Penalty 0.0323, loss 2.3543
Epoch 21, Batch 42/293, Lx 2.1457, Lu 0.0752, Penalty 0.0333, loss 2.2542
Epoch 21, Batch 43/293, Lx 2.1979, Lu 0.0642, Penalty 0.0298, loss 2.2919
Epoch 21, Batch 44/293, Lx 2.0922, Lu 0.0821, Penalty 0.0324, loss 2.2067
Epoch 21, Batch 45/293, Lx 2.1914, Lu 0.0929, Penalty 0.0291, loss 2.3134
Epoch 21, Batch 46/293, Lx 2.1309, Lu 0.0773, Penalty 0.0277, loss 2.2359
Epoch 21, Batch 47/293, Lx 2.1998, Lu 0.0854, Penalty 0.0276, loss 2.3128
Epoch 21, Batch 48/293, Lx 2.1451, Lu 0.0802, Penalty 0.0236, loss 2.2489
Epoch 21, Batch 49/293, Lx 2.2114, Lu 0.1125, Penalty 0.0307, loss 2.3547
Epoch 21, Batch 50/293, Lx 2.2068, Lu 0.1025, Penalty 0.0313, loss 2.3406
Epoch 21, Batch 51/293, Lx 2.1834, Lu 0.0895, Penalty 0.0307, loss 2.3036
Epoch 21, Batch 52/293, Lx 2.1478, Lu 0.0755, Penalty 0.0276, loss 2.2508
Epoch 21, Batch 53/293, Lx 2.1791, Lu 0.0980, Penalty 0.0282, loss 2.3053
Epoch 21, Batch 54/293, Lx 2.1113, Lu 0.0744, Penalty 0.0295, loss 2.2152
Epoch 21, Batch 55/293, Lx 2.1922, Lu 0.0812, Penalty 0.0274, loss 2.3008
Epoch 21, Batch 56/293, Lx 2.1127, Lu 0.0827, Penalty 0.0334, loss 2.2289
Epoch 21, Batch 57/293, Lx 2.2007, Lu 0.0850, Penalty 0.0273, loss 2.3130
Epoch 21, Batch 58/293, Lx 2.1613, Lu 0.0723, Penalty 0.0308, loss 2.2644
Epoch 21, Batch 59/293, Lx 2.2545, Lu 0.0968, Penalty 0.0299, loss 2.3813
Epoch 21, Batch 60/293, Lx 2.2121, Lu 0.0894, Penalty 0.0303, loss 2.3318
Epoch 21, Batch 61/293, Lx 2.2069, Lu 0.0890, Penalty 0.0269, loss 2.3228
Epoch 21, Batch 62/293, Lx 2.1850, Lu 0.1014, Penalty 0.0275, loss 2.3139
Epoch 21, Batch 63/293, Lx 2.1238, Lu 0.0798, Penalty 0.0313, loss 2.2349
Epoch 21, Batch 64/293, Lx 2.2065, Lu 0.1118, Penalty 0.0343, loss 2.3526
Epoch 21, Batch 65/293, Lx 2.1334, Lu 0.0838, Penalty 0.0387, loss 2.2559
Epoch 21, Batch 66/293, Lx 2.0877, Lu 0.0834, Penalty 0.0361, loss 2.2071
Epoch 21, Batch 67/293, Lx 2.1700, Lu 0.1132, Penalty 0.0373, loss 2.3206
Epoch 21, Batch 68/293, Lx 2.1833, Lu 0.0771, Penalty 0.0291, loss 2.2895
Epoch 21, Batch 69/293, Lx 2.1411, Lu 0.0710, Penalty 0.0288, loss 2.2409
Epoch 21, Batch 70/293, Lx 2.1720, Lu 0.0889, Penalty 0.0276, loss 2.2884
Epoch 21, Batch 71/293, Lx 2.2155, Lu 0.0806, Penalty 0.0345, loss 2.3305
Epoch 21, Batch 72/293, Lx 2.1768, Lu 0.0810, Penalty 0.0304, loss 2.2882
Epoch 21, Batch 73/293, Lx 2.2823, Lu 0.0902, Penalty 0.0375, loss 2.4101
Epoch 21, Batch 74/293, Lx 2.1598, Lu 0.0706, Penalty 0.0329, loss 2.2633
Epoch 21, Batch 75/293, Lx 2.1668, Lu 0.0800, Penalty 0.0362, loss 2.2830
Epoch 21, Batch 76/293, Lx 2.1857, Lu 0.0750, Penalty 0.0370, loss 2.2977
Epoch 21, Batch 77/293, Lx 2.2132, Lu 0.0892, Penalty 0.0357, loss 2.3381
Epoch 21, Batch 78/293, Lx 2.1851, Lu 0.0731, Penalty 0.0391, loss 2.2973
Epoch 21, Batch 79/293, Lx 2.2223, Lu 0.0747, Penalty 0.0428, loss 2.3399
Epoch 21, Batch 80/293, Lx 2.1688, Lu 0.1133, Penalty 0.0316, loss 2.3136
Epoch 21, Batch 81/293, Lx 2.1815, Lu 0.1019, Penalty 0.0405, loss 2.3239
Epoch 21, Batch 82/293, Lx 2.2524, Lu 0.0913, Penalty 0.0354, loss 2.3790
Epoch 21, Batch 83/293, Lx 2.2445, Lu 0.0940, Penalty 0.0333, loss 2.3718
Epoch 21, Batch 84/293, Lx 2.2274, Lu 0.0752, Penalty 0.0337, loss 2.3363
Epoch 21, Batch 85/293, Lx 2.2466, Lu 0.1077, Penalty 0.0327, loss 2.3870
Epoch 21, Batch 86/293, Lx 2.1310, Lu 0.1127, Penalty 0.0324, loss 2.2761
Epoch 21, Batch 87/293, Lx 2.2083, Lu 0.0889, Penalty 0.0350, loss 2.3321
Epoch 21, Batch 88/293, Lx 2.1300, Lu 0.0926, Penalty 0.0315, loss 2.2542
Epoch 21, Batch 89/293, Lx 2.1043, Lu 0.0843, Penalty 0.0350, loss 2.2236
Epoch 21, Batch 90/293, Lx 2.1211, Lu 0.0896, Penalty 0.0289, loss 2.2396
Epoch 21, Batch 91/293, Lx 2.1592, Lu 0.1002, Penalty 0.0393, loss 2.2986
Epoch 21, Batch 92/293, Lx 2.1979, Lu 0.0911, Penalty 0.0412, loss 2.3302
Epoch 21, Batch 93/293, Lx 2.1852, Lu 0.1010, Penalty 0.0350, loss 2.3212
Epoch 21, Batch 94/293, Lx 2.2359, Lu 0.0794, Penalty 0.0276, loss 2.3429
Epoch 21, Batch 95/293, Lx 2.1989, Lu 0.0756, Penalty 0.0364, loss 2.3109
Epoch 21, Batch 96/293, Lx 2.1822, Lu 0.0845, Penalty 0.0262, loss 2.2929
Epoch 21, Batch 97/293, Lx 2.1292, Lu 0.0754, Penalty 0.0349, loss 2.2394
Epoch 21, Batch 98/293, Lx 2.1790, Lu 0.0849, Penalty 0.0347, loss 2.2985
Epoch 21, Batch 99/293, Lx 2.2395, Lu 0.1001, Penalty 0.0283, loss 2.3679
Epoch 21, Batch 100/293, Lx 2.3305, Lu 0.0984, Penalty 0.0357, loss 2.4646
Epoch 21, Batch 101/293, Lx 2.1459, Lu 0.0914, Penalty 0.0312, loss 2.2685
Epoch 21, Batch 102/293, Lx 2.1502, Lu 0.0783, Penalty 0.0295, loss 2.2581
Epoch 21, Batch 103/293, Lx 2.1908, Lu 0.0941, Penalty 0.0325, loss 2.3174
Epoch 21, Batch 104/293, Lx 2.1310, Lu 0.0808, Penalty 0.0378, loss 2.2497
Epoch 21, Batch 105/293, Lx 2.1983, Lu 0.0723, Penalty 0.0352, loss 2.3058
Epoch 21, Batch 106/293, Lx 2.1814, Lu 0.0857, Penalty 0.0327, loss 2.2998
Epoch 21, Batch 107/293, Lx 2.1817, Lu 0.1083, Penalty 0.0395, loss 2.3295
Epoch 21, Batch 108/293, Lx 2.1097, Lu 0.0761, Penalty 0.0364, loss 2.2222
Epoch 21, Batch 109/293, Lx 2.0897, Lu 0.0779, Penalty 0.0275, loss 2.1951
Epoch 21, Batch 110/293, Lx 2.1785, Lu 0.0999, Penalty 0.0344, loss 2.3127
Epoch 21, Batch 111/293, Lx 2.2498, Lu 0.0935, Penalty 0.0332, loss 2.3765
Epoch 21, Batch 112/293, Lx 2.1079, Lu 0.0908, Penalty 0.0340, loss 2.2327
Epoch 21, Batch 113/293, Lx 2.1589, Lu 0.0858, Penalty 0.0355, loss 2.2802
Epoch 21, Batch 114/293, Lx 2.1691, Lu 0.0846, Penalty 0.0338, loss 2.2875
Epoch 21, Batch 115/293, Lx 2.1866, Lu 0.0884, Penalty 0.0325, loss 2.3075
Epoch 21, Batch 116/293, Lx 2.1368, Lu 0.0815, Penalty 0.0354, loss 2.2536
Epoch 21, Batch 117/293, Lx 2.1467, Lu 0.0870, Penalty 0.0308, loss 2.2645
Epoch 21, Batch 118/293, Lx 2.1152, Lu 0.0930, Penalty 0.0324, loss 2.2406
Epoch 21, Batch 119/293, Lx 2.2503, Lu 0.0923, Penalty 0.0344, loss 2.3770
Epoch 21, Batch 120/293, Lx 2.2108, Lu 0.0982, Penalty 0.0295, loss 2.3385
Epoch 21, Batch 121/293, Lx 2.2427, Lu 0.0954, Penalty 0.0378, loss 2.3759
Epoch 21, Batch 122/293, Lx 2.1494, Lu 0.0915, Penalty 0.0385, loss 2.2794
Epoch 21, Batch 123/293, Lx 2.2348, Lu 0.0838, Penalty 0.0311, loss 2.3496
Epoch 21, Batch 124/293, Lx 2.2311, Lu 0.0722, Penalty 0.0352, loss 2.3385
Epoch 21, Batch 125/293, Lx 2.1174, Lu 0.0680, Penalty 0.0330, loss 2.2184
Epoch 21, Batch 126/293, Lx 2.1244, Lu 0.0983, Penalty 0.0297, loss 2.2525
Epoch 21, Batch 127/293, Lx 2.1089, Lu 0.0855, Penalty 0.0310, loss 2.2254
Epoch 21, Batch 128/293, Lx 2.1811, Lu 0.1040, Penalty 0.0381, loss 2.3231
Epoch 21, Batch 129/293, Lx 2.1926, Lu 0.0989, Penalty 0.0319, loss 2.3234
Epoch 21, Batch 130/293, Lx 2.2816, Lu 0.1012, Penalty 0.0292, loss 2.4120
Epoch 21, Batch 131/293, Lx 2.0642, Lu 0.0741, Penalty 0.0301, loss 2.1684
Epoch 21, Batch 132/293, Lx 2.0870, Lu 0.0679, Penalty 0.0315, loss 2.1864
Epoch 21, Batch 133/293, Lx 2.1455, Lu 0.0654, Penalty 0.0331, loss 2.2439
Epoch 21, Batch 134/293, Lx 2.2273, Lu 0.0993, Penalty 0.0263, loss 2.3528
Epoch 21, Batch 135/293, Lx 2.2019, Lu 0.0798, Penalty 0.0275, loss 2.3092
Epoch 21, Batch 136/293, Lx 2.2195, Lu 0.1116, Penalty 0.0306, loss 2.3618
Epoch 21, Batch 137/293, Lx 2.0582, Lu 0.0991, Penalty 0.0348, loss 2.1922
Epoch 21, Batch 138/293, Lx 2.1618, Lu 0.0839, Penalty 0.0366, loss 2.2824
Epoch 21, Batch 139/293, Lx 2.1939, Lu 0.0983, Penalty 0.0338, loss 2.3260
Epoch 21, Batch 140/293, Lx 2.2761, Lu 0.1100, Penalty 0.0323, loss 2.4184
Epoch 21, Batch 141/293, Lx 2.2170, Lu 0.0786, Penalty 0.0295, loss 2.3251
Epoch 21, Batch 142/293, Lx 2.0871, Lu 0.0863, Penalty 0.0309, loss 2.2042
Epoch 21, Batch 143/293, Lx 2.0917, Lu 0.1108, Penalty 0.0274, loss 2.2299
Epoch 21, Batch 144/293, Lx 2.2183, Lu 0.0895, Penalty 0.0311, loss 2.3389
Epoch 21, Batch 145/293, Lx 2.2392, Lu 0.0794, Penalty 0.0327, loss 2.3512
Epoch 21, Batch 146/293, Lx 1.9856, Lu 0.0623, Penalty 0.0325, loss 2.0804
Epoch 21, Batch 147/293, Lx 2.1847, Lu 0.1012, Penalty 0.0314, loss 2.3174
Epoch 21, Batch 148/293, Lx 2.2072, Lu 0.0920, Penalty 0.0349, loss 2.3340
Epoch 21, Batch 149/293, Lx 2.1729, Lu 0.0833, Penalty 0.0315, loss 2.2876
Epoch 21, Batch 150/293, Lx 2.1688, Lu 0.1027, Penalty 0.0311, loss 2.3025
Epoch 21, Batch 151/293, Lx 2.0311, Lu 0.0697, Penalty 0.0290, loss 2.1298
Epoch 21, Batch 152/293, Lx 2.0493, Lu 0.0778, Penalty 0.0277, loss 2.1548
Epoch 21, Batch 153/293, Lx 2.1344, Lu 0.0761, Penalty 0.0266, loss 2.2371
Epoch 21, Batch 154/293, Lx 2.2130, Lu 0.0845, Penalty 0.0283, loss 2.3258
Epoch 21, Batch 155/293, Lx 2.2713, Lu 0.1059, Penalty 0.0291, loss 2.4064
Epoch 21, Batch 156/293, Lx 2.1622, Lu 0.1079, Penalty 0.0295, loss 2.2996
Epoch 21, Batch 157/293, Lx 2.1025, Lu 0.0684, Penalty 0.0299, loss 2.2007
Epoch 21, Batch 158/293, Lx 2.1406, Lu 0.1123, Penalty 0.0267, loss 2.2796
Epoch 21, Batch 159/293, Lx 2.1262, Lu 0.0691, Penalty 0.0332, loss 2.2285
Epoch 21, Batch 160/293, Lx 2.0772, Lu 0.0910, Penalty 0.0315, loss 2.1997
Epoch 21, Batch 161/293, Lx 2.2189, Lu 0.0951, Penalty 0.0270, loss 2.3410
Epoch 21, Batch 162/293, Lx 2.1426, Lu 0.0825, Penalty 0.0286, loss 2.2537
Epoch 21, Batch 163/293, Lx 2.2040, Lu 0.0913, Penalty 0.0300, loss 2.3254
Epoch 21, Batch 164/293, Lx 2.1502, Lu 0.0804, Penalty 0.0299, loss 2.2605
Epoch 21, Batch 165/293, Lx 2.2311, Lu 0.0749, Penalty 0.0337, loss 2.3397
Epoch 21, Batch 166/293, Lx 2.1582, Lu 0.0820, Penalty 0.0291, loss 2.2693
Epoch 21, Batch 167/293, Lx 2.0893, Lu 0.0791, Penalty 0.0306, loss 2.1990
Epoch 21, Batch 168/293, Lx 2.1784, Lu 0.0979, Penalty 0.0282, loss 2.3045
Epoch 21, Batch 169/293, Lx 2.1678, Lu 0.0823, Penalty 0.0349, loss 2.2850
Epoch 21, Batch 170/293, Lx 2.1441, Lu 0.0890, Penalty 0.0304, loss 2.2634
Epoch 21, Batch 171/293, Lx 2.2041, Lu 0.0707, Penalty 0.0290, loss 2.3037
Epoch 21, Batch 172/293, Lx 2.1622, Lu 0.0881, Penalty 0.0301, loss 2.2804
Epoch 21, Batch 173/293, Lx 2.1712, Lu 0.0997, Penalty 0.0323, loss 2.3032
Epoch 21, Batch 174/293, Lx 2.0756, Lu 0.0936, Penalty 0.0362, loss 2.2055
Epoch 21, Batch 175/293, Lx 2.1751, Lu 0.0747, Penalty 0.0313, loss 2.2811
Epoch 21, Batch 176/293, Lx 2.1656, Lu 0.1045, Penalty 0.0288, loss 2.2989
Epoch 21, Batch 177/293, Lx 2.2491, Lu 0.0966, Penalty 0.0316, loss 2.3773
Epoch 21, Batch 178/293, Lx 2.0681, Lu 0.0757, Penalty 0.0282, loss 2.1721
Epoch 21, Batch 179/293, Lx 2.2207, Lu 0.0856, Penalty 0.0316, loss 2.3379
Epoch 21, Batch 180/293, Lx 2.2638, Lu 0.0916, Penalty 0.0324, loss 2.3878
Epoch 21, Batch 181/293, Lx 2.2199, Lu 0.0914, Penalty 0.0273, loss 2.3386
Epoch 21, Batch 182/293, Lx 2.1323, Lu 0.0633, Penalty 0.0297, loss 2.2252
Epoch 21, Batch 183/293, Lx 2.1654, Lu 0.0753, Penalty 0.0327, loss 2.2733
Epoch 21, Batch 184/293, Lx 2.1807, Lu 0.0863, Penalty 0.0294, loss 2.2963
Epoch 21, Batch 185/293, Lx 2.0566, Lu 0.0825, Penalty 0.0260, loss 2.1650
Epoch 21, Batch 186/293, Lx 2.1561, Lu 0.0895, Penalty 0.0306, loss 2.2762
Epoch 21, Batch 187/293, Lx 2.1992, Lu 0.0925, Penalty 0.0268, loss 2.3185
Epoch 21, Batch 188/293, Lx 2.2003, Lu 0.0885, Penalty 0.0300, loss 2.3188
Epoch 21, Batch 189/293, Lx 2.1620, Lu 0.0917, Penalty 0.0346, loss 2.2883
Epoch 21, Batch 190/293, Lx 2.0955, Lu 0.0979, Penalty 0.0308, loss 2.2242
Epoch 21, Batch 191/293, Lx 2.1287, Lu 0.1147, Penalty 0.0283, loss 2.2717
Epoch 21, Batch 192/293, Lx 2.0676, Lu 0.1056, Penalty 0.0286, loss 2.2019
Epoch 21, Batch 193/293, Lx 2.0323, Lu 0.0869, Penalty 0.0276, loss 2.1469
Epoch 21, Batch 194/293, Lx 2.0843, Lu 0.0803, Penalty 0.0324, loss 2.1969
Epoch 21, Batch 195/293, Lx 2.2183, Lu 0.0962, Penalty 0.0370, loss 2.3515
Epoch 21, Batch 196/293, Lx 2.0816, Lu 0.0836, Penalty 0.0320, loss 2.1972
Epoch 21, Batch 197/293, Lx 2.1243, Lu 0.0830, Penalty 0.0327, loss 2.2400
Epoch 21, Batch 198/293, Lx 2.1886, Lu 0.0761, Penalty 0.0334, loss 2.2982
Epoch 21, Batch 199/293, Lx 2.1336, Lu 0.0718, Penalty 0.0369, loss 2.2422
Epoch 21, Batch 200/293, Lx 2.1106, Lu 0.0891, Penalty 0.0414, loss 2.2412
Epoch 21, Batch 201/293, Lx 2.1504, Lu 0.0858, Penalty 0.0363, loss 2.2725
Epoch 21, Batch 202/293, Lx 2.2024, Lu 0.1039, Penalty 0.0373, loss 2.3436
Epoch 21, Batch 203/293, Lx 2.1016, Lu 0.0974, Penalty 0.0351, loss 2.2341
Epoch 21, Batch 204/293, Lx 2.1298, Lu 0.0829, Penalty 0.0329, loss 2.2457
Epoch 21, Batch 205/293, Lx 2.1588, Lu 0.0770, Penalty 0.0407, loss 2.2764
Epoch 21, Batch 206/293, Lx 2.1565, Lu 0.0832, Penalty 0.0474, loss 2.2871
Epoch 21, Batch 207/293, Lx 2.2002, Lu 0.0926, Penalty 0.0377, loss 2.3305
Epoch 21, Batch 208/293, Lx 2.1434, Lu 0.1139, Penalty 0.0292, loss 2.2865
Epoch 21, Batch 209/293, Lx 2.2259, Lu 0.0782, Penalty 0.0336, loss 2.3377
Epoch 21, Batch 210/293, Lx 2.2146, Lu 0.0840, Penalty 0.0412, loss 2.3399
Epoch 21, Batch 211/293, Lx 2.2044, Lu 0.0770, Penalty 0.0289, loss 2.3104
Epoch 21, Batch 212/293, Lx 2.0211, Lu 0.0816, Penalty 0.0385, loss 2.1413
Epoch 21, Batch 213/293, Lx 2.1363, Lu 0.0989, Penalty 0.0391, loss 2.2743
Epoch 21, Batch 214/293, Lx 2.1274, Lu 0.0635, Penalty 0.0354, loss 2.2263
Epoch 21, Batch 215/293, Lx 2.2364, Lu 0.0952, Penalty 0.0400, loss 2.3717
Epoch 21, Batch 216/293, Lx 2.1414, Lu 0.0716, Penalty 0.0314, loss 2.2444
Epoch 21, Batch 217/293, Lx 2.1851, Lu 0.0870, Penalty 0.0443, loss 2.3165
Epoch 21, Batch 218/293, Lx 2.1246, Lu 0.0799, Penalty 0.0329, loss 2.2374
Epoch 21, Batch 219/293, Lx 2.1172, Lu 0.0872, Penalty 0.0302, loss 2.2346
Epoch 21, Batch 220/293, Lx 2.2476, Lu 0.0733, Penalty 0.0298, loss 2.3506
Epoch 21, Batch 221/293, Lx 2.0625, Lu 0.0959, Penalty 0.0334, loss 2.1919
Epoch 21, Batch 222/293, Lx 2.1887, Lu 0.0719, Penalty 0.0436, loss 2.3042
Epoch 21, Batch 223/293, Lx 2.0673, Lu 0.0771, Penalty 0.0296, loss 2.1740
Epoch 21, Batch 224/293, Lx 2.0546, Lu 0.0721, Penalty 0.0291, loss 2.1558
Epoch 21, Batch 225/293, Lx 2.1130, Lu 0.1001, Penalty 0.0357, loss 2.2488
Epoch 21, Batch 226/293, Lx 2.1919, Lu 0.1000, Penalty 0.0267, loss 2.3186
Epoch 21, Batch 227/293, Lx 2.1897, Lu 0.0885, Penalty 0.0389, loss 2.3171
Epoch 21, Batch 228/293, Lx 2.0796, Lu 0.0713, Penalty 0.0355, loss 2.1864
Epoch 21, Batch 229/293, Lx 2.2205, Lu 0.0666, Penalty 0.0236, loss 2.3107
Epoch 21, Batch 230/293, Lx 2.1379, Lu 0.0767, Penalty 0.0326, loss 2.2472
Epoch 21, Batch 231/293, Lx 2.1184, Lu 0.0896, Penalty 0.0275, loss 2.2355
Epoch 21, Batch 232/293, Lx 2.0912, Lu 0.0697, Penalty 0.0268, loss 2.1877
Epoch 21, Batch 233/293, Lx 2.0487, Lu 0.0844, Penalty 0.0306, loss 2.1637
Epoch 21, Batch 234/293, Lx 2.0882, Lu 0.0775, Penalty 0.0332, loss 2.1989
Epoch 21, Batch 235/293, Lx 2.0777, Lu 0.0853, Penalty 0.0289, loss 2.1920
Epoch 21, Batch 236/293, Lx 2.0759, Lu 0.0792, Penalty 0.0297, loss 2.1847
Epoch 21, Batch 237/293, Lx 2.2111, Lu 0.0689, Penalty 0.0339, loss 2.3139
Epoch 21, Batch 238/293, Lx 2.1107, Lu 0.0867, Penalty 0.0404, loss 2.2378
Epoch 21, Batch 239/293, Lx 2.2067, Lu 0.0831, Penalty 0.0268, loss 2.3166
Epoch 21, Batch 240/293, Lx 2.0376, Lu 0.0737, Penalty 0.0340, loss 2.1452
Epoch 21, Batch 241/293, Lx 2.0738, Lu 0.0907, Penalty 0.0380, loss 2.2025
Epoch 21, Batch 242/293, Lx 2.1903, Lu 0.0823, Penalty 0.0366, loss 2.3092
Epoch 21, Batch 243/293, Lx 2.1253, Lu 0.0852, Penalty 0.0336, loss 2.2441
Epoch 21, Batch 244/293, Lx 2.0706, Lu 0.0901, Penalty 0.0401, loss 2.2007
Epoch 21, Batch 245/293, Lx 2.0494, Lu 0.0637, Penalty 0.0247, loss 2.1377
Epoch 21, Batch 246/293, Lx 2.2148, Lu 0.0740, Penalty 0.0383, loss 2.3270
Epoch 21, Batch 247/293, Lx 2.0678, Lu 0.0874, Penalty 0.0378, loss 2.1930
Epoch 21, Batch 248/293, Lx 2.1580, Lu 0.0854, Penalty 0.0419, loss 2.2853
Epoch 21, Batch 249/293, Lx 2.0840, Lu 0.0815, Penalty 0.0320, loss 2.1975
Epoch 21, Batch 250/293, Lx 2.1260, Lu 0.0750, Penalty 0.0296, loss 2.2305
Epoch 21, Batch 251/293, Lx 2.1945, Lu 0.0828, Penalty 0.0400, loss 2.3173
Epoch 21, Batch 252/293, Lx 2.1109, Lu 0.0741, Penalty 0.0269, loss 2.2118
Epoch 21, Batch 253/293, Lx 2.0597, Lu 0.0703, Penalty 0.0318, loss 2.1619
Epoch 21, Batch 254/293, Lx 2.0269, Lu 0.0861, Penalty 0.0274, loss 2.1404
Epoch 21, Batch 255/293, Lx 2.1159, Lu 0.0795, Penalty 0.0310, loss 2.2264
Epoch 21, Batch 256/293, Lx 2.1585, Lu 0.0896, Penalty 0.0321, loss 2.2802
Epoch 21, Batch 257/293, Lx 2.0756, Lu 0.0998, Penalty 0.0300, loss 2.2055
Epoch 21, Batch 258/293, Lx 2.1542, Lu 0.0721, Penalty 0.0287, loss 2.2550
Epoch 21, Batch 259/293, Lx 2.2221, Lu 0.1192, Penalty 0.0307, loss 2.3720
Epoch 21, Batch 260/293, Lx 2.1560, Lu 0.0935, Penalty 0.0244, loss 2.2738
Epoch 21, Batch 261/293, Lx 2.2080, Lu 0.0752, Penalty 0.0348, loss 2.3180
Epoch 21, Batch 262/293, Lx 2.2141, Lu 0.0795, Penalty 0.0321, loss 2.3257
Epoch 21, Batch 263/293, Lx 2.1556, Lu 0.0950, Penalty 0.0290, loss 2.2796
Epoch 21, Batch 264/293, Lx 1.9690, Lu 0.0736, Penalty 0.0419, loss 2.0845
Epoch 21, Batch 265/293, Lx 2.1102, Lu 0.0881, Penalty 0.0316, loss 2.2299
Epoch 21, Batch 266/293, Lx 2.1754, Lu 0.0680, Penalty 0.0337, loss 2.2771
Epoch 21, Batch 267/293, Lx 2.1167, Lu 0.0765, Penalty 0.0295, loss 2.2227
Epoch 21, Batch 268/293, Lx 2.1102, Lu 0.0724, Penalty 0.0334, loss 2.2160
Epoch 21, Batch 269/293, Lx 2.1583, Lu 0.0704, Penalty 0.0296, loss 2.2584
Epoch 21, Batch 270/293, Lx 2.1134, Lu 0.0812, Penalty 0.0389, loss 2.2335
Epoch 21, Batch 271/293, Lx 2.1498, Lu 0.1066, Penalty 0.0294, loss 2.2858
Epoch 21, Batch 272/293, Lx 2.2179, Lu 0.1091, Penalty 0.0270, loss 2.3541
Epoch 21, Batch 273/293, Lx 1.9833, Lu 0.0799, Penalty 0.0330, loss 2.0963
Epoch 21, Batch 274/293, Lx 2.1906, Lu 0.0803, Penalty 0.0313, loss 2.3022
Epoch 21, Batch 275/293, Lx 2.1607, Lu 0.1043, Penalty 0.0377, loss 2.3027
Epoch 21, Batch 276/293, Lx 2.0637, Lu 0.0754, Penalty 0.0404, loss 2.1795
Epoch 21, Batch 277/293, Lx 2.1322, Lu 0.0902, Penalty 0.0280, loss 2.2504
Epoch 21, Batch 278/293, Lx 2.1076, Lu 0.0838, Penalty 0.0321, loss 2.2235
Epoch 21, Batch 279/293, Lx 2.2056, Lu 0.0885, Penalty 0.0437, loss 2.3378
Epoch 21, Batch 280/293, Lx 2.1101, Lu 0.0902, Penalty 0.0365, loss 2.2368
Epoch 21, Batch 281/293, Lx 2.1602, Lu 0.0767, Penalty 0.0352, loss 2.2722
Epoch 21, Batch 282/293, Lx 2.1491, Lu 0.1006, Penalty 0.0399, loss 2.2896
Epoch 21, Batch 283/293, Lx 2.0339, Lu 0.0761, Penalty 0.0422, loss 2.1522
Epoch 21, Batch 284/293, Lx 2.0825, Lu 0.0694, Penalty 0.0331, loss 2.1850
Epoch 21, Batch 285/293, Lx 2.1590, Lu 0.0752, Penalty 0.0266, loss 2.2608
Epoch 21, Batch 286/293, Lx 2.2318, Lu 0.0819, Penalty 0.0343, loss 2.3480
Epoch 21, Batch 287/293, Lx 2.1676, Lu 0.0704, Penalty 0.0309, loss 2.2690
Epoch 21, Batch 288/293, Lx 2.1487, Lu 0.0953, Penalty 0.0428, loss 2.2868
Epoch 21, Batch 289/293, Lx 2.1547, Lu 0.0845, Penalty 0.0249, loss 2.2640
Epoch 21, Batch 290/293, Lx 2.1840, Lu 0.0711, Penalty 0.0241, loss 2.2792
Epoch 21, Batch 291/293, Lx 2.1476, Lu 0.0858, Penalty 0.0288, loss 2.2622
Epoch 21, Batch 292/293, Lx 2.0702, Lu 0.0752, Penalty 0.0287, loss 2.1742
Epoch 21, Batch 293/293, Lx 2.1205, Lu 0.0960, Penalty 0.0318, loss 2.2483
Loss: 2.2847, Lx: 2.1650, Lu: 0.0875, Penalty: 0.0322
Training for Network 2
labelled data size: 10374
unlabelled data size: 31626
Epoch 21, Batch 1/325, Lx 2.2714, Lu 0.1246, Penalty 0.0291, loss 2.4251
Epoch 21, Batch 2/325, Lx 2.2807, Lu 0.0906, Penalty 0.0198, loss 2.3910
Epoch 21, Batch 3/325, Lx 2.3174, Lu 0.0799, Penalty 0.0186, loss 2.4159
Epoch 21, Batch 4/325, Lx 2.3511, Lu 0.0769, Penalty 0.0182, loss 2.4462
Epoch 21, Batch 5/325, Lx 2.1906, Lu 0.1071, Penalty 0.0190, loss 2.3166
Epoch 21, Batch 6/325, Lx 2.3862, Lu 0.0812, Penalty 0.0247, loss 2.4920
Epoch 21, Batch 7/325, Lx 2.3154, Lu 0.1294, Penalty 0.0170, loss 2.4617
Epoch 21, Batch 8/325, Lx 2.2035, Lu 0.0725, Penalty 0.0220, loss 2.2981
Epoch 21, Batch 9/325, Lx 2.2737, Lu 0.0956, Penalty 0.0224, loss 2.3917
Epoch 21, Batch 10/325, Lx 2.2938, Lu 0.0960, Penalty 0.0187, loss 2.4085
Epoch 21, Batch 11/325, Lx 2.2677, Lu 0.1085, Penalty 0.0236, loss 2.3998
Epoch 21, Batch 12/325, Lx 2.2588, Lu 0.0722, Penalty 0.0238, loss 2.3547
Epoch 21, Batch 13/325, Lx 2.1938, Lu 0.1132, Penalty 0.0189, loss 2.3259
Epoch 21, Batch 14/325, Lx 2.2378, Lu 0.0922, Penalty 0.0195, loss 2.3495
Epoch 21, Batch 15/325, Lx 2.1869, Lu 0.0904, Penalty 0.0132, loss 2.2905
Epoch 21, Batch 16/325, Lx 2.2959, Lu 0.0863, Penalty 0.0248, loss 2.4070
Epoch 21, Batch 17/325, Lx 2.2509, Lu 0.1035, Penalty 0.0262, loss 2.3807
Epoch 21, Batch 18/325, Lx 2.2363, Lu 0.0739, Penalty 0.0163, loss 2.3265
Epoch 21, Batch 19/325, Lx 2.2368, Lu 0.0966, Penalty 0.0170, loss 2.3504
Epoch 21, Batch 20/325, Lx 2.2456, Lu 0.0612, Penalty 0.0215, loss 2.3284
Epoch 21, Batch 21/325, Lx 2.2070, Lu 0.0948, Penalty 0.0191, loss 2.3209
Epoch 21, Batch 22/325, Lx 2.2360, Lu 0.0975, Penalty 0.0206, loss 2.3542
Epoch 21, Batch 23/325, Lx 2.2838, Lu 0.1038, Penalty 0.0178, loss 2.4054
Epoch 21, Batch 24/325, Lx 2.2518, Lu 0.1130, Penalty 0.0175, loss 2.3824
Epoch 21, Batch 25/325, Lx 2.2256, Lu 0.0808, Penalty 0.0216, loss 2.3280
Epoch 21, Batch 26/325, Lx 2.1642, Lu 0.0956, Penalty 0.0191, loss 2.2790
Epoch 21, Batch 27/325, Lx 2.3503, Lu 0.1051, Penalty 0.0184, loss 2.4738
Epoch 21, Batch 28/325, Lx 2.2565, Lu 0.0737, Penalty 0.0275, loss 2.3576
Epoch 21, Batch 29/325, Lx 2.1926, Lu 0.0860, Penalty 0.0190, loss 2.2976
Epoch 21, Batch 30/325, Lx 2.2680, Lu 0.1043, Penalty 0.0225, loss 2.3947
Epoch 21, Batch 31/325, Lx 2.2468, Lu 0.0749, Penalty 0.0301, loss 2.3517
Epoch 21, Batch 32/325, Lx 2.2022, Lu 0.0688, Penalty 0.0195, loss 2.2905
Epoch 21, Batch 33/325, Lx 2.2596, Lu 0.1056, Penalty 0.0207, loss 2.3859
Epoch 21, Batch 34/325, Lx 2.1974, Lu 0.0713, Penalty 0.0235, loss 2.2923
Epoch 21, Batch 35/325, Lx 2.3345, Lu 0.0768, Penalty 0.0232, loss 2.4346
Epoch 21, Batch 36/325, Lx 2.2009, Lu 0.0934, Penalty 0.0197, loss 2.3140
Epoch 21, Batch 37/325, Lx 2.2352, Lu 0.0847, Penalty 0.0187, loss 2.3386
Epoch 21, Batch 38/325, Lx 2.1589, Lu 0.0914, Penalty 0.0194, loss 2.2697
Epoch 21, Batch 39/325, Lx 2.1988, Lu 0.0765, Penalty 0.0314, loss 2.3067
Epoch 21, Batch 40/325, Lx 2.2512, Lu 0.0960, Penalty 0.0277, loss 2.3750
Epoch 21, Batch 41/325, Lx 2.2778, Lu 0.1017, Penalty 0.0251, loss 2.4046
Epoch 21, Batch 42/325, Lx 2.2255, Lu 0.0827, Penalty 0.0193, loss 2.3276
Epoch 21, Batch 43/325, Lx 2.2447, Lu 0.0914, Penalty 0.0196, loss 2.3557
Epoch 21, Batch 44/325, Lx 2.2795, Lu 0.1024, Penalty 0.0185, loss 2.4004
Epoch 21, Batch 45/325, Lx 2.2793, Lu 0.1062, Penalty 0.0196, loss 2.4051
Epoch 21, Batch 46/325, Lx 2.2943, Lu 0.1023, Penalty 0.0232, loss 2.4198
Epoch 21, Batch 47/325, Lx 2.2811, Lu 0.0742, Penalty 0.0234, loss 2.3786
Epoch 21, Batch 48/325, Lx 2.1150, Lu 0.1162, Penalty 0.0208, loss 2.2520
Epoch 21, Batch 49/325, Lx 2.2408, Lu 0.0774, Penalty 0.0200, loss 2.3383
Epoch 21, Batch 50/325, Lx 2.2283, Lu 0.0808, Penalty 0.0241, loss 2.3331
Epoch 21, Batch 51/325, Lx 2.2559, Lu 0.0705, Penalty 0.0295, loss 2.3559
Epoch 21, Batch 52/325, Lx 2.3194, Lu 0.0818, Penalty 0.0186, loss 2.4198
Epoch 21, Batch 53/325, Lx 2.1725, Lu 0.0711, Penalty 0.0273, loss 2.2709
Epoch 21, Batch 54/325, Lx 2.1278, Lu 0.0816, Penalty 0.0228, loss 2.2323
Epoch 21, Batch 55/325, Lx 2.1359, Lu 0.0985, Penalty 0.0204, loss 2.2548
Epoch 21, Batch 56/325, Lx 2.3052, Lu 0.0833, Penalty 0.0256, loss 2.4141
Epoch 21, Batch 57/325, Lx 2.2878, Lu 0.0860, Penalty 0.0194, loss 2.3932
Epoch 21, Batch 58/325, Lx 2.1675, Lu 0.1089, Penalty 0.0161, loss 2.2924
Epoch 21, Batch 59/325, Lx 2.2896, Lu 0.0957, Penalty 0.0142, loss 2.3994
Epoch 21, Batch 60/325, Lx 2.2285, Lu 0.0693, Penalty 0.0186, loss 2.3163
Epoch 21, Batch 61/325, Lx 2.2744, Lu 0.1051, Penalty 0.0249, loss 2.4043
Epoch 21, Batch 62/325, Lx 2.2301, Lu 0.0824, Penalty 0.0135, loss 2.3261
Epoch 21, Batch 63/325, Lx 2.2615, Lu 0.1141, Penalty 0.0177, loss 2.3933
Epoch 21, Batch 64/325, Lx 2.2353, Lu 0.1186, Penalty 0.0151, loss 2.3690
Epoch 21, Batch 65/325, Lx 2.1784, Lu 0.0700, Penalty 0.0224, loss 2.2709
Epoch 21, Batch 66/325, Lx 2.2045, Lu 0.0886, Penalty 0.0239, loss 2.3170
Epoch 21, Batch 67/325, Lx 2.2067, Lu 0.0889, Penalty 0.0166, loss 2.3122
Epoch 21, Batch 68/325, Lx 2.1304, Lu 0.0861, Penalty 0.0154, loss 2.2319
Epoch 21, Batch 69/325, Lx 2.1853, Lu 0.0647, Penalty 0.0197, loss 2.2697
Epoch 21, Batch 70/325, Lx 2.2057, Lu 0.0935, Penalty 0.0139, loss 2.3131
Epoch 21, Batch 71/325, Lx 2.3213, Lu 0.1026, Penalty 0.0222, loss 2.4462
Epoch 21, Batch 72/325, Lx 2.2571, Lu 0.0862, Penalty 0.0129, loss 2.3562
Epoch 21, Batch 73/325, Lx 2.2223, Lu 0.0954, Penalty 0.0244, loss 2.3422
Epoch 21, Batch 74/325, Lx 2.2111, Lu 0.0989, Penalty 0.0198, loss 2.3299
Epoch 21, Batch 75/325, Lx 2.2524, Lu 0.0857, Penalty 0.0216, loss 2.3598
Epoch 21, Batch 76/325, Lx 2.1981, Lu 0.1244, Penalty 0.0247, loss 2.3472
Epoch 21, Batch 77/325, Lx 2.2220, Lu 0.0849, Penalty 0.0239, loss 2.3308
Epoch 21, Batch 78/325, Lx 2.2691, Lu 0.1068, Penalty 0.0248, loss 2.4007
Epoch 21, Batch 79/325, Lx 2.1966, Lu 0.0773, Penalty 0.0227, loss 2.2966
Epoch 21, Batch 80/325, Lx 2.1391, Lu 0.0801, Penalty 0.0197, loss 2.2389
Epoch 21, Batch 81/325, Lx 2.2730, Lu 0.0760, Penalty 0.0191, loss 2.3681
Epoch 21, Batch 82/325, Lx 2.1070, Lu 0.0921, Penalty 0.0130, loss 2.2121
Epoch 21, Batch 83/325, Lx 2.2553, Lu 0.0823, Penalty 0.0135, loss 2.3511
Epoch 21, Batch 84/325, Lx 2.2948, Lu 0.0795, Penalty 0.0157, loss 2.3900
Epoch 21, Batch 85/325, Lx 2.1598, Lu 0.0767, Penalty 0.0180, loss 2.2545
Epoch 21, Batch 86/325, Lx 2.1791, Lu 0.1004, Penalty 0.0157, loss 2.2951
Epoch 21, Batch 87/325, Lx 2.2364, Lu 0.1087, Penalty 0.0231, loss 2.3682
Epoch 21, Batch 88/325, Lx 2.1902, Lu 0.0740, Penalty 0.0202, loss 2.2845
Epoch 21, Batch 89/325, Lx 2.2012, Lu 0.1044, Penalty 0.0261, loss 2.3316
Epoch 21, Batch 90/325, Lx 2.1556, Lu 0.0783, Penalty 0.0200, loss 2.2539
Epoch 21, Batch 91/325, Lx 2.2928, Lu 0.0797, Penalty 0.0217, loss 2.3942
Epoch 21, Batch 92/325, Lx 2.2654, Lu 0.1042, Penalty 0.0280, loss 2.3976
Epoch 21, Batch 93/325, Lx 2.2341, Lu 0.1072, Penalty 0.0227, loss 2.3640
Epoch 21, Batch 94/325, Lx 2.2176, Lu 0.1214, Penalty 0.0194, loss 2.3584
Epoch 21, Batch 95/325, Lx 2.1903, Lu 0.0778, Penalty 0.0241, loss 2.2923
Epoch 21, Batch 96/325, Lx 2.3230, Lu 0.1012, Penalty 0.0265, loss 2.4507
Epoch 21, Batch 97/325, Lx 2.2223, Lu 0.0864, Penalty 0.0200, loss 2.3286
Epoch 21, Batch 98/325, Lx 2.2707, Lu 0.0786, Penalty 0.0231, loss 2.3724
Epoch 21, Batch 99/325, Lx 2.2962, Lu 0.0848, Penalty 0.0204, loss 2.4014
Epoch 21, Batch 100/325, Lx 2.2046, Lu 0.1173, Penalty 0.0210, loss 2.3430
Epoch 21, Batch 101/325, Lx 2.2777, Lu 0.1112, Penalty 0.0241, loss 2.4130
Epoch 21, Batch 102/325, Lx 2.2434, Lu 0.1104, Penalty 0.0254, loss 2.3792
Epoch 21, Batch 103/325, Lx 2.2595, Lu 0.1037, Penalty 0.0219, loss 2.3851
Epoch 21, Batch 104/325, Lx 2.2149, Lu 0.0896, Penalty 0.0294, loss 2.3339
Epoch 21, Batch 105/325, Lx 2.3084, Lu 0.0826, Penalty 0.0187, loss 2.4097
Epoch 21, Batch 106/325, Lx 2.1491, Lu 0.0848, Penalty 0.0261, loss 2.2600
Epoch 21, Batch 107/325, Lx 2.2579, Lu 0.0887, Penalty 0.0232, loss 2.3699
Epoch 21, Batch 108/325, Lx 2.2130, Lu 0.0903, Penalty 0.0190, loss 2.3224
Epoch 21, Batch 109/325, Lx 2.1627, Lu 0.0784, Penalty 0.0147, loss 2.2557
Epoch 21, Batch 110/325, Lx 2.1562, Lu 0.0767, Penalty 0.0202, loss 2.2531
Epoch 21, Batch 111/325, Lx 2.2846, Lu 0.0748, Penalty 0.0200, loss 2.3794
Epoch 21, Batch 112/325, Lx 2.1463, Lu 0.1069, Penalty 0.0200, loss 2.2732
Epoch 21, Batch 113/325, Lx 2.1864, Lu 0.0998, Penalty 0.0213, loss 2.3075
Epoch 21, Batch 114/325, Lx 2.2526, Lu 0.0823, Penalty 0.0245, loss 2.3595
Epoch 21, Batch 115/325, Lx 2.2229, Lu 0.0908, Penalty 0.0246, loss 2.3382
Epoch 21, Batch 116/325, Lx 2.2393, Lu 0.0925, Penalty 0.0260, loss 2.3578
Epoch 21, Batch 117/325, Lx 2.3015, Lu 0.1097, Penalty 0.0177, loss 2.4288
Epoch 21, Batch 118/325, Lx 2.2566, Lu 0.0838, Penalty 0.0129, loss 2.3533
Epoch 21, Batch 119/325, Lx 2.1974, Lu 0.1062, Penalty 0.0212, loss 2.3248
Epoch 21, Batch 120/325, Lx 2.2186, Lu 0.1198, Penalty 0.0235, loss 2.3619
Epoch 21, Batch 121/325, Lx 2.1724, Lu 0.0958, Penalty 0.0249, loss 2.2931
Epoch 21, Batch 122/325, Lx 2.1731, Lu 0.0974, Penalty 0.0173, loss 2.2877
Epoch 21, Batch 123/325, Lx 2.1363, Lu 0.1010, Penalty 0.0219, loss 2.2592
Epoch 21, Batch 124/325, Lx 2.2650, Lu 0.0957, Penalty 0.0223, loss 2.3830
Epoch 21, Batch 125/325, Lx 2.2889, Lu 0.0940, Penalty 0.0244, loss 2.4074
Epoch 21, Batch 126/325, Lx 2.1648, Lu 0.0815, Penalty 0.0226, loss 2.2688
Epoch 21, Batch 127/325, Lx 2.1067, Lu 0.0738, Penalty 0.0183, loss 2.1989
Epoch 21, Batch 128/325, Lx 2.1569, Lu 0.1030, Penalty 0.0181, loss 2.2779
Epoch 21, Batch 129/325, Lx 2.1633, Lu 0.0786, Penalty 0.0230, loss 2.2649
Epoch 21, Batch 130/325, Lx 2.2564, Lu 0.1160, Penalty 0.0238, loss 2.3963
Epoch 21, Batch 131/325, Lx 2.1551, Lu 0.0828, Penalty 0.0183, loss 2.2563
Epoch 21, Batch 132/325, Lx 2.1315, Lu 0.0888, Penalty 0.0218, loss 2.2421
Epoch 21, Batch 133/325, Lx 2.1704, Lu 0.0957, Penalty 0.0253, loss 2.2914
Epoch 21, Batch 134/325, Lx 2.2131, Lu 0.0933, Penalty 0.0320, loss 2.3384
Epoch 21, Batch 135/325, Lx 2.1152, Lu 0.1095, Penalty 0.0231, loss 2.2478
Epoch 21, Batch 136/325, Lx 2.1653, Lu 0.1095, Penalty 0.0275, loss 2.3023
Epoch 21, Batch 137/325, Lx 2.1499, Lu 0.1195, Penalty 0.0334, loss 2.3027
Epoch 21, Batch 138/325, Lx 2.2364, Lu 0.0797, Penalty 0.0324, loss 2.3485
Epoch 21, Batch 139/325, Lx 2.2813, Lu 0.1126, Penalty 0.0251, loss 2.4190
Epoch 21, Batch 140/325, Lx 2.3166, Lu 0.0779, Penalty 0.0255, loss 2.4200
Epoch 21, Batch 141/325, Lx 2.1643, Lu 0.0936, Penalty 0.0293, loss 2.2872
Epoch 21, Batch 142/325, Lx 2.1780, Lu 0.0961, Penalty 0.0258, loss 2.2999
Epoch 21, Batch 143/325, Lx 2.1852, Lu 0.0777, Penalty 0.0301, loss 2.2930
Epoch 21, Batch 144/325, Lx 2.1473, Lu 0.0648, Penalty 0.0205, loss 2.2326
Epoch 21, Batch 145/325, Lx 2.1436, Lu 0.0977, Penalty 0.0306, loss 2.2719
Epoch 21, Batch 146/325, Lx 2.2092, Lu 0.0839, Penalty 0.0292, loss 2.3223
Epoch 21, Batch 147/325, Lx 2.1424, Lu 0.0846, Penalty 0.0351, loss 2.2622
Epoch 21, Batch 148/325, Lx 2.2600, Lu 0.1064, Penalty 0.0312, loss 2.3977
Epoch 21, Batch 149/325, Lx 2.2452, Lu 0.0896, Penalty 0.0282, loss 2.3630
Epoch 21, Batch 150/325, Lx 2.2164, Lu 0.0868, Penalty 0.0289, loss 2.3322
Epoch 21, Batch 151/325, Lx 2.2036, Lu 0.0821, Penalty 0.0345, loss 2.3202
Epoch 21, Batch 152/325, Lx 2.1477, Lu 0.0931, Penalty 0.0301, loss 2.2710
Epoch 21, Batch 153/325, Lx 2.1612, Lu 0.1007, Penalty 0.0319, loss 2.2937
Epoch 21, Batch 154/325, Lx 2.1571, Lu 0.0837, Penalty 0.0312, loss 2.2720
Epoch 21, Batch 155/325, Lx 2.2527, Lu 0.0746, Penalty 0.0326, loss 2.3599
Epoch 21, Batch 156/325, Lx 2.2723, Lu 0.1040, Penalty 0.0216, loss 2.3979
Epoch 21, Batch 157/325, Lx 2.2277, Lu 0.0867, Penalty 0.0292, loss 2.3436
Epoch 21, Batch 158/325, Lx 2.2124, Lu 0.0833, Penalty 0.0300, loss 2.3256
Epoch 21, Batch 159/325, Lx 2.1482, Lu 0.0756, Penalty 0.0287, loss 2.2525
Epoch 21, Batch 160/325, Lx 2.1328, Lu 0.0869, Penalty 0.0238, loss 2.2434
Epoch 21, Batch 161/325, Lx 2.1699, Lu 0.0949, Penalty 0.0215, loss 2.2863
Epoch 21, Batch 162/325, Lx 2.1735, Lu 0.0836, Penalty 0.0213, loss 2.2784
Epoch 21, Batch 163/325, Lx 2.2428, Lu 0.1089, Penalty 0.0253, loss 2.3771
Epoch 21, Batch 164/325, Lx 2.2023, Lu 0.1024, Penalty 0.0271, loss 2.3318
Epoch 21, Batch 165/325, Lx 2.2408, Lu 0.1018, Penalty 0.0261, loss 2.3687
Epoch 21, Batch 166/325, Lx 2.1480, Lu 0.0826, Penalty 0.0275, loss 2.2581
Epoch 21, Batch 167/325, Lx 2.1918, Lu 0.0730, Penalty 0.0224, loss 2.2872
Epoch 21, Batch 168/325, Lx 2.1752, Lu 0.0726, Penalty 0.0242, loss 2.2721
Epoch 21, Batch 169/325, Lx 2.1835, Lu 0.0958, Penalty 0.0261, loss 2.3054
Epoch 21, Batch 170/325, Lx 1.9990, Lu 0.0902, Penalty 0.0244, loss 2.1136
Epoch 21, Batch 171/325, Lx 2.2387, Lu 0.0889, Penalty 0.0207, loss 2.3483
Epoch 21, Batch 172/325, Lx 2.1448, Lu 0.0883, Penalty 0.0229, loss 2.2560
Epoch 21, Batch 173/325, Lx 2.2773, Lu 0.1049, Penalty 0.0254, loss 2.4077
Epoch 21, Batch 174/325, Lx 2.2540, Lu 0.0820, Penalty 0.0197, loss 2.3557
Epoch 21, Batch 175/325, Lx 2.2097, Lu 0.0844, Penalty 0.0287, loss 2.3228
Epoch 21, Batch 176/325, Lx 2.2098, Lu 0.0804, Penalty 0.0222, loss 2.3124
Epoch 21, Batch 177/325, Lx 2.2172, Lu 0.0845, Penalty 0.0212, loss 2.3230
Epoch 21, Batch 178/325, Lx 2.1249, Lu 0.0894, Penalty 0.0203, loss 2.2346
Epoch 21, Batch 179/325, Lx 2.1149, Lu 0.0895, Penalty 0.0231, loss 2.2274
Epoch 21, Batch 180/325, Lx 2.1213, Lu 0.0910, Penalty 0.0256, loss 2.2379
Epoch 21, Batch 181/325, Lx 2.1700, Lu 0.0860, Penalty 0.0218, loss 2.2778
Epoch 21, Batch 182/325, Lx 2.2333, Lu 0.0800, Penalty 0.0274, loss 2.3407
Epoch 21, Batch 183/325, Lx 2.2287, Lu 0.0929, Penalty 0.0266, loss 2.3481
Epoch 21, Batch 184/325, Lx 2.1914, Lu 0.0917, Penalty 0.0333, loss 2.3164
Epoch 21, Batch 185/325, Lx 2.1688, Lu 0.0796, Penalty 0.0191, loss 2.2675
Epoch 21, Batch 186/325, Lx 2.2122, Lu 0.0971, Penalty 0.0293, loss 2.3385
Epoch 21, Batch 187/325, Lx 2.1464, Lu 0.0792, Penalty 0.0315, loss 2.2571
Epoch 21, Batch 188/325, Lx 2.2350, Lu 0.1224, Penalty 0.0217, loss 2.3791
Epoch 21, Batch 189/325, Lx 2.2171, Lu 0.0793, Penalty 0.0272, loss 2.3236
Epoch 21, Batch 190/325, Lx 2.2457, Lu 0.0906, Penalty 0.0280, loss 2.3644
Epoch 21, Batch 191/325, Lx 2.1652, Lu 0.0906, Penalty 0.0223, loss 2.2781
Epoch 21, Batch 192/325, Lx 2.2298, Lu 0.1062, Penalty 0.0271, loss 2.3631
Epoch 21, Batch 193/325, Lx 2.1480, Lu 0.0743, Penalty 0.0220, loss 2.2443
Epoch 21, Batch 194/325, Lx 2.1936, Lu 0.1007, Penalty 0.0242, loss 2.3186
Epoch 21, Batch 195/325, Lx 2.1996, Lu 0.0765, Penalty 0.0211, loss 2.2972
Epoch 21, Batch 196/325, Lx 2.2448, Lu 0.0832, Penalty 0.0231, loss 2.3511
Epoch 21, Batch 197/325, Lx 2.2157, Lu 0.0917, Penalty 0.0222, loss 2.3297
Epoch 21, Batch 198/325, Lx 2.2695, Lu 0.0895, Penalty 0.0260, loss 2.3850
Epoch 21, Batch 199/325, Lx 2.2203, Lu 0.0962, Penalty 0.0174, loss 2.3338
Epoch 21, Batch 200/325, Lx 2.2247, Lu 0.0750, Penalty 0.0227, loss 2.3224
Epoch 21, Batch 201/325, Lx 2.2424, Lu 0.0883, Penalty 0.0252, loss 2.3559
Epoch 21, Batch 202/325, Lx 2.1234, Lu 0.0818, Penalty 0.0205, loss 2.2257
Epoch 21, Batch 203/325, Lx 2.2836, Lu 0.0876, Penalty 0.0233, loss 2.3945
Epoch 21, Batch 204/325, Lx 2.1970, Lu 0.0622, Penalty 0.0256, loss 2.2848
Epoch 21, Batch 205/325, Lx 2.2236, Lu 0.0945, Penalty 0.0211, loss 2.3393
Epoch 21, Batch 206/325, Lx 2.2236, Lu 0.0701, Penalty 0.0251, loss 2.3188
Epoch 21, Batch 207/325, Lx 2.0210, Lu 0.0914, Penalty 0.0228, loss 2.1352
Epoch 21, Batch 208/325, Lx 2.2178, Lu 0.1152, Penalty 0.0306, loss 2.3636
Epoch 21, Batch 209/325, Lx 2.1810, Lu 0.0824, Penalty 0.0210, loss 2.2845
Epoch 21, Batch 210/325, Lx 2.2166, Lu 0.0905, Penalty 0.0223, loss 2.3294
Epoch 21, Batch 211/325, Lx 2.1889, Lu 0.0959, Penalty 0.0187, loss 2.3035
Epoch 21, Batch 212/325, Lx 2.2070, Lu 0.0931, Penalty 0.0234, loss 2.3235
Epoch 21, Batch 213/325, Lx 2.1783, Lu 0.0774, Penalty 0.0221, loss 2.2778
Epoch 21, Batch 214/325, Lx 2.2206, Lu 0.0914, Penalty 0.0166, loss 2.3286
Epoch 21, Batch 215/325, Lx 2.2049, Lu 0.0967, Penalty 0.0210, loss 2.3226
Epoch 21, Batch 216/325, Lx 2.1922, Lu 0.0777, Penalty 0.0211, loss 2.2910
Epoch 21, Batch 217/325, Lx 2.2187, Lu 0.1091, Penalty 0.0168, loss 2.3445
Epoch 21, Batch 218/325, Lx 2.1996, Lu 0.0725, Penalty 0.0207, loss 2.2929
Epoch 21, Batch 219/325, Lx 2.1918, Lu 0.0875, Penalty 0.0176, loss 2.2970
Epoch 21, Batch 220/325, Lx 2.2329, Lu 0.0814, Penalty 0.0190, loss 2.3333
Epoch 21, Batch 221/325, Lx 2.1776, Lu 0.0817, Penalty 0.0211, loss 2.2804
Epoch 21, Batch 222/325, Lx 2.2511, Lu 0.0764, Penalty 0.0214, loss 2.3489
Epoch 21, Batch 223/325, Lx 2.2499, Lu 0.1172, Penalty 0.0196, loss 2.3867
Epoch 21, Batch 224/325, Lx 2.2505, Lu 0.0815, Penalty 0.0151, loss 2.3471
Epoch 21, Batch 225/325, Lx 2.2132, Lu 0.0887, Penalty 0.0170, loss 2.3190
Epoch 21, Batch 226/325, Lx 2.2741, Lu 0.0899, Penalty 0.0186, loss 2.3827
Epoch 21, Batch 227/325, Lx 2.1552, Lu 0.0688, Penalty 0.0217, loss 2.2457
Epoch 21, Batch 228/325, Lx 2.2105, Lu 0.0664, Penalty 0.0169, loss 2.2937
Epoch 21, Batch 229/325, Lx 2.1203, Lu 0.1114, Penalty 0.0184, loss 2.2500
Epoch 21, Batch 230/325, Lx 2.2228, Lu 0.0796, Penalty 0.0185, loss 2.3209
Epoch 21, Batch 231/325, Lx 2.1931, Lu 0.0853, Penalty 0.0165, loss 2.2948
Epoch 21, Batch 232/325, Lx 2.2140, Lu 0.0662, Penalty 0.0157, loss 2.2959
Epoch 21, Batch 233/325, Lx 2.2297, Lu 0.1221, Penalty 0.0127, loss 2.3645
Epoch 21, Batch 234/325, Lx 2.2346, Lu 0.0781, Penalty 0.0184, loss 2.3311
Epoch 21, Batch 235/325, Lx 2.1869, Lu 0.1122, Penalty 0.0151, loss 2.3142
Epoch 21, Batch 236/325, Lx 2.1606, Lu 0.1144, Penalty 0.0219, loss 2.2969
Epoch 21, Batch 237/325, Lx 2.0876, Lu 0.0809, Penalty 0.0160, loss 2.1844
Epoch 21, Batch 238/325, Lx 2.2000, Lu 0.0856, Penalty 0.0165, loss 2.3021
Epoch 21, Batch 239/325, Lx 2.2404, Lu 0.0888, Penalty 0.0196, loss 2.3488
Epoch 21, Batch 240/325, Lx 2.1057, Lu 0.0998, Penalty 0.0174, loss 2.2229
Epoch 21, Batch 241/325, Lx 2.1520, Lu 0.0770, Penalty 0.0164, loss 2.2454
Epoch 21, Batch 242/325, Lx 2.2220, Lu 0.0795, Penalty 0.0195, loss 2.3210
Epoch 21, Batch 243/325, Lx 2.1349, Lu 0.0957, Penalty 0.0183, loss 2.2489
Epoch 21, Batch 244/325, Lx 2.2106, Lu 0.0839, Penalty 0.0241, loss 2.3187
Epoch 21, Batch 245/325, Lx 2.2043, Lu 0.0896, Penalty 0.0208, loss 2.3147
Epoch 21, Batch 246/325, Lx 2.1573, Lu 0.0803, Penalty 0.0206, loss 2.2582
Epoch 21, Batch 247/325, Lx 2.1954, Lu 0.0797, Penalty 0.0269, loss 2.3020
Epoch 21, Batch 248/325, Lx 2.2168, Lu 0.0894, Penalty 0.0288, loss 2.3351
Epoch 21, Batch 249/325, Lx 2.1628, Lu 0.0900, Penalty 0.0198, loss 2.2726
Epoch 21, Batch 250/325, Lx 2.2703, Lu 0.0872, Penalty 0.0215, loss 2.3790
Epoch 21, Batch 251/325, Lx 2.0903, Lu 0.0837, Penalty 0.0274, loss 2.2014
Epoch 21, Batch 252/325, Lx 2.1164, Lu 0.0985, Penalty 0.0191, loss 2.2339
Epoch 21, Batch 253/325, Lx 2.1930, Lu 0.0827, Penalty 0.0177, loss 2.2934
Epoch 21, Batch 254/325, Lx 2.1190, Lu 0.0775, Penalty 0.0238, loss 2.2203
Epoch 21, Batch 255/325, Lx 2.1852, Lu 0.0837, Penalty 0.0226, loss 2.2915
Epoch 21, Batch 256/325, Lx 2.2474, Lu 0.0952, Penalty 0.0289, loss 2.3715
Epoch 21, Batch 257/325, Lx 2.1656, Lu 0.0792, Penalty 0.0313, loss 2.2761
Epoch 21, Batch 258/325, Lx 2.1836, Lu 0.0987, Penalty 0.0213, loss 2.3036
Epoch 21, Batch 259/325, Lx 2.1933, Lu 0.1044, Penalty 0.0301, loss 2.3277
Epoch 21, Batch 260/325, Lx 2.2040, Lu 0.0668, Penalty 0.0290, loss 2.2999
Epoch 21, Batch 261/325, Lx 2.2358, Lu 0.0989, Penalty 0.0260, loss 2.3607
Epoch 21, Batch 262/325, Lx 2.2804, Lu 0.0849, Penalty 0.0271, loss 2.3924
Epoch 21, Batch 263/325, Lx 2.1248, Lu 0.0699, Penalty 0.0158, loss 2.2104
Epoch 21, Batch 264/325, Lx 2.2127, Lu 0.0923, Penalty 0.0257, loss 2.3306
Epoch 21, Batch 265/325, Lx 2.1731, Lu 0.1047, Penalty 0.0271, loss 2.3048
Epoch 21, Batch 266/325, Lx 2.1746, Lu 0.0818, Penalty 0.0251, loss 2.2815
Epoch 21, Batch 267/325, Lx 2.2401, Lu 0.1027, Penalty 0.0231, loss 2.3660
Epoch 21, Batch 268/325, Lx 2.2466, Lu 0.0847, Penalty 0.0253, loss 2.3566
Epoch 21, Batch 269/325, Lx 2.1410, Lu 0.1016, Penalty 0.0249, loss 2.2675
Epoch 21, Batch 270/325, Lx 2.1978, Lu 0.0878, Penalty 0.0252, loss 2.3107
Epoch 21, Batch 271/325, Lx 2.2136, Lu 0.1065, Penalty 0.0246, loss 2.3447
Epoch 21, Batch 272/325, Lx 2.1176, Lu 0.0874, Penalty 0.0276, loss 2.2326
Epoch 21, Batch 273/325, Lx 2.2676, Lu 0.1027, Penalty 0.0201, loss 2.3903
Epoch 21, Batch 274/325, Lx 2.1421, Lu 0.1067, Penalty 0.0222, loss 2.2709
Epoch 21, Batch 275/325, Lx 2.1585, Lu 0.0733, Penalty 0.0138, loss 2.2456
Epoch 21, Batch 276/325, Lx 2.1477, Lu 0.1023, Penalty 0.0203, loss 2.2703
Epoch 21, Batch 277/325, Lx 2.1516, Lu 0.0907, Penalty 0.0162, loss 2.2585
Epoch 21, Batch 278/325, Lx 2.1756, Lu 0.0897, Penalty 0.0241, loss 2.2894
Epoch 21, Batch 279/325, Lx 2.2554, Lu 0.1021, Penalty 0.0259, loss 2.3833
Epoch 21, Batch 280/325, Lx 2.2295, Lu 0.0992, Penalty 0.0251, loss 2.3538
Epoch 21, Batch 281/325, Lx 2.2551, Lu 0.0785, Penalty 0.0187, loss 2.3523
Epoch 21, Batch 282/325, Lx 2.1614, Lu 0.0663, Penalty 0.0110, loss 2.2387
Epoch 21, Batch 283/325, Lx 2.2003, Lu 0.0804, Penalty 0.0236, loss 2.3042
Epoch 21, Batch 284/325, Lx 2.1020, Lu 0.0728, Penalty 0.0191, loss 2.1939
Epoch 21, Batch 285/325, Lx 2.1603, Lu 0.0775, Penalty 0.0242, loss 2.2620
Epoch 21, Batch 286/325, Lx 2.2942, Lu 0.0860, Penalty 0.0158, loss 2.3959
Epoch 21, Batch 287/325, Lx 2.0666, Lu 0.0600, Penalty 0.0235, loss 2.1501
Epoch 21, Batch 288/325, Lx 2.2298, Lu 0.1189, Penalty 0.0206, loss 2.3693
Epoch 21, Batch 289/325, Lx 2.1958, Lu 0.0625, Penalty 0.0163, loss 2.2746
Epoch 21, Batch 290/325, Lx 2.1855, Lu 0.1037, Penalty 0.0245, loss 2.3137
Epoch 21, Batch 291/325, Lx 2.1711, Lu 0.0811, Penalty 0.0227, loss 2.2750
Epoch 21, Batch 292/325, Lx 2.1767, Lu 0.1024, Penalty 0.0249, loss 2.3040
Epoch 21, Batch 293/325, Lx 2.2407, Lu 0.0776, Penalty 0.0217, loss 2.3400
Epoch 21, Batch 294/325, Lx 2.1981, Lu 0.0927, Penalty 0.0217, loss 2.3124
Epoch 21, Batch 295/325, Lx 2.0699, Lu 0.0584, Penalty 0.0169, loss 2.1452
Epoch 21, Batch 296/325, Lx 2.2394, Lu 0.0824, Penalty 0.0221, loss 2.3439
Epoch 21, Batch 297/325, Lx 2.2482, Lu 0.0979, Penalty 0.0210, loss 2.3671
Epoch 21, Batch 298/325, Lx 2.0983, Lu 0.0941, Penalty 0.0197, loss 2.2121
Epoch 21, Batch 299/325, Lx 2.1221, Lu 0.0790, Penalty 0.0167, loss 2.2179
Epoch 21, Batch 300/325, Lx 2.1644, Lu 0.1115, Penalty 0.0246, loss 2.3004
Epoch 21, Batch 301/325, Lx 2.2003, Lu 0.0745, Penalty 0.0168, loss 2.2916
Epoch 21, Batch 302/325, Lx 2.1782, Lu 0.1027, Penalty 0.0205, loss 2.3013
Epoch 21, Batch 303/325, Lx 2.1248, Lu 0.0837, Penalty 0.0204, loss 2.2289
Epoch 21, Batch 304/325, Lx 2.1224, Lu 0.1031, Penalty 0.0185, loss 2.2440
Epoch 21, Batch 305/325, Lx 2.1315, Lu 0.0759, Penalty 0.0168, loss 2.2242
Epoch 21, Batch 306/325, Lx 2.2069, Lu 0.0956, Penalty 0.0166, loss 2.3191
Epoch 21, Batch 307/325, Lx 2.1645, Lu 0.1109, Penalty 0.0234, loss 2.2988
Epoch 21, Batch 308/325, Lx 2.1858, Lu 0.1004, Penalty 0.0219, loss 2.3081
Epoch 21, Batch 309/325, Lx 2.1097, Lu 0.0779, Penalty 0.0161, loss 2.2037
Epoch 21, Batch 310/325, Lx 2.0368, Lu 0.0664, Penalty 0.0160, loss 2.1193
Epoch 21, Batch 311/325, Lx 2.2393, Lu 0.0921, Penalty 0.0226, loss 2.3540
Epoch 21, Batch 312/325, Lx 2.2257, Lu 0.0839, Penalty 0.0269, loss 2.3365
Epoch 21, Batch 313/325, Lx 2.1145, Lu 0.0951, Penalty 0.0216, loss 2.2312
Epoch 21, Batch 314/325, Lx 2.1632, Lu 0.0922, Penalty 0.0252, loss 2.2807
Epoch 21, Batch 315/325, Lx 2.1889, Lu 0.0764, Penalty 0.0155, loss 2.2809
Epoch 21, Batch 316/325, Lx 2.1725, Lu 0.0731, Penalty 0.0182, loss 2.2637
Epoch 21, Batch 317/325, Lx 2.1623, Lu 0.0986, Penalty 0.0254, loss 2.2863
Epoch 21, Batch 318/325, Lx 2.0453, Lu 0.0643, Penalty 0.0222, loss 2.1318
Epoch 21, Batch 319/325, Lx 2.1780, Lu 0.0782, Penalty 0.0219, loss 2.2781
Epoch 21, Batch 320/325, Lx 2.1357, Lu 0.0841, Penalty 0.0244, loss 2.2442
Epoch 21, Batch 321/325, Lx 2.0365, Lu 0.0651, Penalty 0.0204, loss 2.1220
Epoch 21, Batch 322/325, Lx 2.1277, Lu 0.0962, Penalty 0.0176, loss 2.2416
Epoch 21, Batch 323/325, Lx 2.1343, Lu 0.1093, Penalty 0.0201, loss 2.2637
Epoch 21, Batch 324/325, Lx 2.1610, Lu 0.1078, Penalty 0.0236, loss 2.2924
Epoch 21, Batch 325/325, Lx 2.2419, Lu 0.0892, Penalty 0.0192, loss 2.3503
Loss: 2.3169, Lx: 2.2047, Lu: 0.0900, Penalty: 0.0222
Evaluating training data at epoch 21 for Model 1
GMM Means: [0.34991895 0.61071101]
GMM Covariances: [0.0127038  0.01454858]
Evaluating training data at epoch 21 for Model 2
GMM Means: [0.55451387 0.32221733]
GMM Covariances: [0.01330202 0.01232128]
Evaluating models at epoch 21
Test data size: 60000
Epoch: 21, Test Loss: 1.3907, Test Accuracy: 0.5544, Test F1 Score: 0.5558
Training for Network 1
labelled data size: 9728
unlabelled data size: 32272
Epoch 22, Batch 1/305, Lx 2.1867, Lu 0.1684, Penalty 0.0237, loss 2.3787
Epoch 22, Batch 2/305, Lx 2.1535, Lu 0.1176, Penalty 0.0256, loss 2.2966
Epoch 22, Batch 3/305, Lx 2.1703, Lu 0.1481, Penalty 0.0312, loss 2.3496
Epoch 22, Batch 4/305, Lx 2.2197, Lu 0.1464, Penalty 0.0360, loss 2.4022
Epoch 22, Batch 5/305, Lx 2.1580, Lu 0.1387, Penalty 0.0264, loss 2.3231
Epoch 22, Batch 6/305, Lx 2.1336, Lu 0.1402, Penalty 0.0283, loss 2.3022
Epoch 22, Batch 7/305, Lx 2.1523, Lu 0.1196, Penalty 0.0321, loss 2.3040
Epoch 22, Batch 8/305, Lx 2.0641, Lu 0.1436, Penalty 0.0318, loss 2.2395
Epoch 22, Batch 9/305, Lx 2.2346, Lu 0.1017, Penalty 0.0243, loss 2.3606
Epoch 22, Batch 10/305, Lx 2.1505, Lu 0.1115, Penalty 0.0337, loss 2.2957
Epoch 22, Batch 11/305, Lx 2.1549, Lu 0.1096, Penalty 0.0286, loss 2.2931
Epoch 22, Batch 12/305, Lx 2.1493, Lu 0.1524, Penalty 0.0249, loss 2.3266
Epoch 22, Batch 13/305, Lx 2.0928, Lu 0.1229, Penalty 0.0240, loss 2.2397
Epoch 22, Batch 14/305, Lx 2.1369, Lu 0.1359, Penalty 0.0263, loss 2.2991
Epoch 22, Batch 15/305, Lx 2.1904, Lu 0.1177, Penalty 0.0352, loss 2.3433
Epoch 22, Batch 16/305, Lx 2.2294, Lu 0.1145, Penalty 0.0336, loss 2.3776
Epoch 22, Batch 17/305, Lx 2.1229, Lu 0.0891, Penalty 0.0256, loss 2.2377
Epoch 22, Batch 18/305, Lx 2.0324, Lu 0.1143, Penalty 0.0331, loss 2.1799
Epoch 22, Batch 19/305, Lx 2.1270, Lu 0.1106, Penalty 0.0397, loss 2.2773
Epoch 22, Batch 20/305, Lx 2.1290, Lu 0.1519, Penalty 0.0380, loss 2.3189
Epoch 22, Batch 21/305, Lx 2.2525, Lu 0.1252, Penalty 0.0278, loss 2.4054
Epoch 22, Batch 22/305, Lx 2.1666, Lu 0.1167, Penalty 0.0364, loss 2.3198
Epoch 22, Batch 23/305, Lx 2.1484, Lu 0.1200, Penalty 0.0269, loss 2.2952
Epoch 22, Batch 24/305, Lx 2.2121, Lu 0.1753, Penalty 0.0300, loss 2.4174
Epoch 22, Batch 25/305, Lx 2.0936, Lu 0.0883, Penalty 0.0287, loss 2.2106
Epoch 22, Batch 26/305, Lx 2.2275, Lu 0.1151, Penalty 0.0275, loss 2.3701
Epoch 22, Batch 27/305, Lx 2.1954, Lu 0.1467, Penalty 0.0343, loss 2.3765
Epoch 22, Batch 28/305, Lx 2.2208, Lu 0.1248, Penalty 0.0259, loss 2.3715
Epoch 22, Batch 29/305, Lx 2.2741, Lu 0.1224, Penalty 0.0235, loss 2.4199
Epoch 22, Batch 30/305, Lx 2.0893, Lu 0.0930, Penalty 0.0254, loss 2.2077
Epoch 22, Batch 31/305, Lx 2.0943, Lu 0.1196, Penalty 0.0283, loss 2.2422
Epoch 22, Batch 32/305, Lx 2.1566, Lu 0.1542, Penalty 0.0329, loss 2.3437
Epoch 22, Batch 33/305, Lx 2.2145, Lu 0.1445, Penalty 0.0308, loss 2.3898
Epoch 22, Batch 34/305, Lx 2.1181, Lu 0.1450, Penalty 0.0296, loss 2.2927
Epoch 22, Batch 35/305, Lx 1.9841, Lu 0.0900, Penalty 0.0329, loss 2.1070
Epoch 22, Batch 36/305, Lx 2.0296, Lu 0.1117, Penalty 0.0311, loss 2.1723
Epoch 22, Batch 37/305, Lx 2.0543, Lu 0.1021, Penalty 0.0287, loss 2.1850
Epoch 22, Batch 38/305, Lx 2.1265, Lu 0.1499, Penalty 0.0285, loss 2.3048
Epoch 22, Batch 39/305, Lx 2.1650, Lu 0.1431, Penalty 0.0326, loss 2.3407
Epoch 22, Batch 40/305, Lx 2.2207, Lu 0.1367, Penalty 0.0204, loss 2.3778
Epoch 22, Batch 41/305, Lx 2.0928, Lu 0.1190, Penalty 0.0350, loss 2.2468
Epoch 22, Batch 42/305, Lx 2.0941, Lu 0.1293, Penalty 0.0180, loss 2.2415
Epoch 22, Batch 43/305, Lx 2.2013, Lu 0.1229, Penalty 0.0296, loss 2.3539
Epoch 22, Batch 44/305, Lx 2.1306, Lu 0.1212, Penalty 0.0304, loss 2.2822
Epoch 22, Batch 45/305, Lx 2.1651, Lu 0.1588, Penalty 0.0254, loss 2.3493
Epoch 22, Batch 46/305, Lx 2.2079, Lu 0.1096, Penalty 0.0300, loss 2.3475
Epoch 22, Batch 47/305, Lx 2.1611, Lu 0.1252, Penalty 0.0343, loss 2.3206
Epoch 22, Batch 48/305, Lx 2.1758, Lu 0.1346, Penalty 0.0319, loss 2.3424
Epoch 22, Batch 49/305, Lx 1.9830, Lu 0.1103, Penalty 0.0375, loss 2.1309
Epoch 22, Batch 50/305, Lx 2.1837, Lu 0.1276, Penalty 0.0238, loss 2.3351
Epoch 22, Batch 51/305, Lx 2.0869, Lu 0.1008, Penalty 0.0363, loss 2.2240
Epoch 22, Batch 52/305, Lx 2.0444, Lu 0.1544, Penalty 0.0340, loss 2.2328
Epoch 22, Batch 53/305, Lx 2.1207, Lu 0.1614, Penalty 0.0225, loss 2.3046
Epoch 22, Batch 54/305, Lx 2.0565, Lu 0.1008, Penalty 0.0321, loss 2.1894
Epoch 22, Batch 55/305, Lx 2.1279, Lu 0.1403, Penalty 0.0357, loss 2.3039
Epoch 22, Batch 56/305, Lx 2.1602, Lu 0.1214, Penalty 0.0341, loss 2.3158
Epoch 22, Batch 57/305, Lx 2.2006, Lu 0.1204, Penalty 0.0233, loss 2.3442
Epoch 22, Batch 58/305, Lx 2.1222, Lu 0.1071, Penalty 0.0297, loss 2.2590
Epoch 22, Batch 59/305, Lx 2.1519, Lu 0.1355, Penalty 0.0470, loss 2.3344
Epoch 22, Batch 60/305, Lx 2.1705, Lu 0.1367, Penalty 0.0240, loss 2.3312
Epoch 22, Batch 61/305, Lx 2.0668, Lu 0.0951, Penalty 0.0335, loss 2.1954
Epoch 22, Batch 62/305, Lx 2.2075, Lu 0.1089, Penalty 0.0285, loss 2.3450
Epoch 22, Batch 63/305, Lx 2.0881, Lu 0.1152, Penalty 0.0240, loss 2.2273
Epoch 22, Batch 64/305, Lx 2.1981, Lu 0.1024, Penalty 0.0282, loss 2.3287
Epoch 22, Batch 65/305, Lx 2.0900, Lu 0.1082, Penalty 0.0333, loss 2.2314
Epoch 22, Batch 66/305, Lx 2.0866, Lu 0.1339, Penalty 0.0357, loss 2.2562
Epoch 22, Batch 67/305, Lx 2.1285, Lu 0.1858, Penalty 0.0302, loss 2.3445
Epoch 22, Batch 68/305, Lx 2.1510, Lu 0.1370, Penalty 0.0305, loss 2.3186
Epoch 22, Batch 69/305, Lx 2.2145, Lu 0.1535, Penalty 0.0410, loss 2.4090
Epoch 22, Batch 70/305, Lx 2.1458, Lu 0.1490, Penalty 0.0289, loss 2.3236
Epoch 22, Batch 71/305, Lx 2.1730, Lu 0.1385, Penalty 0.0437, loss 2.3553
Epoch 22, Batch 72/305, Lx 2.0767, Lu 0.1377, Penalty 0.0424, loss 2.2568
Epoch 22, Batch 73/305, Lx 2.0868, Lu 0.0982, Penalty 0.0418, loss 2.2268
Epoch 22, Batch 74/305, Lx 2.1475, Lu 0.0826, Penalty 0.0445, loss 2.2745
Epoch 22, Batch 75/305, Lx 2.1606, Lu 0.1294, Penalty 0.0301, loss 2.3200
Epoch 22, Batch 76/305, Lx 2.1116, Lu 0.1517, Penalty 0.0348, loss 2.2982
Epoch 22, Batch 77/305, Lx 2.0446, Lu 0.1112, Penalty 0.0380, loss 2.1937
Epoch 22, Batch 78/305, Lx 2.1508, Lu 0.1501, Penalty 0.0269, loss 2.3278
Epoch 22, Batch 79/305, Lx 2.1820, Lu 0.1219, Penalty 0.0379, loss 2.3418
Epoch 22, Batch 80/305, Lx 2.0275, Lu 0.0975, Penalty 0.0347, loss 2.1597
Epoch 22, Batch 81/305, Lx 1.9856, Lu 0.1204, Penalty 0.0429, loss 2.1489
Epoch 22, Batch 82/305, Lx 2.1779, Lu 0.1386, Penalty 0.0419, loss 2.3584
Epoch 22, Batch 83/305, Lx 2.1939, Lu 0.1205, Penalty 0.0374, loss 2.3518
Epoch 22, Batch 84/305, Lx 2.2302, Lu 0.1071, Penalty 0.0238, loss 2.3610
Epoch 22, Batch 85/305, Lx 2.0489, Lu 0.1177, Penalty 0.0431, loss 2.2096
Epoch 22, Batch 86/305, Lx 2.0337, Lu 0.1308, Penalty 0.0427, loss 2.2072
Epoch 22, Batch 87/305, Lx 2.1643, Lu 0.1287, Penalty 0.0284, loss 2.3214
Epoch 22, Batch 88/305, Lx 2.1486, Lu 0.1285, Penalty 0.0351, loss 2.3121
Epoch 22, Batch 89/305, Lx 2.1384, Lu 0.0975, Penalty 0.0350, loss 2.2709
Epoch 22, Batch 90/305, Lx 2.1786, Lu 0.1068, Penalty 0.0391, loss 2.3245
Epoch 22, Batch 91/305, Lx 1.8995, Lu 0.1047, Penalty 0.0336, loss 2.0377
Epoch 22, Batch 92/305, Lx 2.1020, Lu 0.1357, Penalty 0.0301, loss 2.2678
Epoch 22, Batch 93/305, Lx 2.0290, Lu 0.1372, Penalty 0.0309, loss 2.1971
Epoch 22, Batch 94/305, Lx 2.0606, Lu 0.0995, Penalty 0.0269, loss 2.1869
Epoch 22, Batch 95/305, Lx 2.1160, Lu 0.1133, Penalty 0.0271, loss 2.2564
Epoch 22, Batch 96/305, Lx 2.1105, Lu 0.1399, Penalty 0.0327, loss 2.2831
Epoch 22, Batch 97/305, Lx 2.1192, Lu 0.1350, Penalty 0.0331, loss 2.2873
Epoch 22, Batch 98/305, Lx 2.0728, Lu 0.0899, Penalty 0.0281, loss 2.1907
Epoch 22, Batch 99/305, Lx 2.0133, Lu 0.0808, Penalty 0.0292, loss 2.1233
Epoch 22, Batch 100/305, Lx 2.1122, Lu 0.1454, Penalty 0.0272, loss 2.2847
Epoch 22, Batch 101/305, Lx 2.1366, Lu 0.1409, Penalty 0.0449, loss 2.3223
Epoch 22, Batch 102/305, Lx 2.0168, Lu 0.1204, Penalty 0.0315, loss 2.1688
Epoch 22, Batch 103/305, Lx 2.2669, Lu 0.1163, Penalty 0.0324, loss 2.4155
Epoch 22, Batch 104/305, Lx 2.1080, Lu 0.1418, Penalty 0.0266, loss 2.2765
Epoch 22, Batch 105/305, Lx 2.1256, Lu 0.1504, Penalty 0.0322, loss 2.3082
Epoch 22, Batch 106/305, Lx 2.1707, Lu 0.1099, Penalty 0.0350, loss 2.3155
Epoch 22, Batch 107/305, Lx 2.1500, Lu 0.1390, Penalty 0.0262, loss 2.3153
Epoch 22, Batch 108/305, Lx 2.1076, Lu 0.1180, Penalty 0.0361, loss 2.2617
Epoch 22, Batch 109/305, Lx 2.1503, Lu 0.1407, Penalty 0.0395, loss 2.3305
Epoch 22, Batch 110/305, Lx 2.0376, Lu 0.1274, Penalty 0.0398, loss 2.2049
Epoch 22, Batch 111/305, Lx 2.1486, Lu 0.1160, Penalty 0.0247, loss 2.2892
Epoch 22, Batch 112/305, Lx 2.0663, Lu 0.1276, Penalty 0.0334, loss 2.2273
Epoch 22, Batch 113/305, Lx 2.1529, Lu 0.1252, Penalty 0.0216, loss 2.2997
Epoch 22, Batch 114/305, Lx 2.1683, Lu 0.1495, Penalty 0.0473, loss 2.3651
Epoch 22, Batch 115/305, Lx 2.0945, Lu 0.1175, Penalty 0.0287, loss 2.2407
Epoch 22, Batch 116/305, Lx 2.1751, Lu 0.1319, Penalty 0.0380, loss 2.3449
Epoch 22, Batch 117/305, Lx 1.9670, Lu 0.1197, Penalty 0.0464, loss 2.1331
Epoch 22, Batch 118/305, Lx 1.9690, Lu 0.1379, Penalty 0.0316, loss 2.1386
Epoch 22, Batch 119/305, Lx 2.1746, Lu 0.1344, Penalty 0.0346, loss 2.3436
Epoch 22, Batch 120/305, Lx 2.0569, Lu 0.1267, Penalty 0.0330, loss 2.2166
Epoch 22, Batch 121/305, Lx 2.0446, Lu 0.1014, Penalty 0.0329, loss 2.1789
Epoch 22, Batch 122/305, Lx 2.1492, Lu 0.1113, Penalty 0.0451, loss 2.3055
Epoch 22, Batch 123/305, Lx 2.1648, Lu 0.1124, Penalty 0.0496, loss 2.3268
Epoch 22, Batch 124/305, Lx 2.1048, Lu 0.1119, Penalty 0.0350, loss 2.2517
Epoch 22, Batch 125/305, Lx 2.0454, Lu 0.1183, Penalty 0.0315, loss 2.1952
Epoch 22, Batch 126/305, Lx 2.0998, Lu 0.1072, Penalty 0.0404, loss 2.2474
Epoch 22, Batch 127/305, Lx 2.0817, Lu 0.1144, Penalty 0.0305, loss 2.2266
Epoch 22, Batch 128/305, Lx 2.1340, Lu 0.0971, Penalty 0.0391, loss 2.2701
Epoch 22, Batch 129/305, Lx 2.0623, Lu 0.1457, Penalty 0.0337, loss 2.2417
Epoch 22, Batch 130/305, Lx 2.1188, Lu 0.1142, Penalty 0.0360, loss 2.2690
Epoch 22, Batch 131/305, Lx 2.1226, Lu 0.1088, Penalty 0.0266, loss 2.2579
Epoch 22, Batch 132/305, Lx 2.1408, Lu 0.1092, Penalty 0.0406, loss 2.2906
Epoch 22, Batch 133/305, Lx 2.2021, Lu 0.1665, Penalty 0.0313, loss 2.3999
Epoch 22, Batch 134/305, Lx 2.0952, Lu 0.1175, Penalty 0.0364, loss 2.2491
Epoch 22, Batch 135/305, Lx 2.0189, Lu 0.0999, Penalty 0.0262, loss 2.1451
Epoch 22, Batch 136/305, Lx 2.1314, Lu 0.1252, Penalty 0.0340, loss 2.2906
Epoch 22, Batch 137/305, Lx 2.1570, Lu 0.1454, Penalty 0.0237, loss 2.3262
Epoch 22, Batch 138/305, Lx 1.9999, Lu 0.1177, Penalty 0.0323, loss 2.1499
Epoch 22, Batch 139/305, Lx 2.1028, Lu 0.1343, Penalty 0.0393, loss 2.2764
Epoch 22, Batch 140/305, Lx 2.0300, Lu 0.1027, Penalty 0.0341, loss 2.1669
Epoch 22, Batch 141/305, Lx 2.1413, Lu 0.1044, Penalty 0.0344, loss 2.2801
Epoch 22, Batch 142/305, Lx 2.1118, Lu 0.1343, Penalty 0.0355, loss 2.2816
Epoch 22, Batch 143/305, Lx 2.1859, Lu 0.0888, Penalty 0.0289, loss 2.3037
Epoch 22, Batch 144/305, Lx 1.9971, Lu 0.1194, Penalty 0.0346, loss 2.1510
Epoch 22, Batch 145/305, Lx 2.0269, Lu 0.1505, Penalty 0.0288, loss 2.2062
Epoch 22, Batch 146/305, Lx 2.0464, Lu 0.0936, Penalty 0.0383, loss 2.1783
Epoch 22, Batch 147/305, Lx 2.0569, Lu 0.1191, Penalty 0.0283, loss 2.2043
Epoch 22, Batch 148/305, Lx 2.2132, Lu 0.1332, Penalty 0.0261, loss 2.3724
Epoch 22, Batch 149/305, Lx 2.0917, Lu 0.1241, Penalty 0.0251, loss 2.2410
Epoch 22, Batch 150/305, Lx 2.0308, Lu 0.1144, Penalty 0.0286, loss 2.1738
Epoch 22, Batch 151/305, Lx 2.0533, Lu 0.1330, Penalty 0.0316, loss 2.2179
Epoch 22, Batch 152/305, Lx 2.2149, Lu 0.1388, Penalty 0.0296, loss 2.3833
Epoch 22, Batch 153/305, Lx 2.1252, Lu 0.1139, Penalty 0.0308, loss 2.2699
Epoch 22, Batch 154/305, Lx 2.2017, Lu 0.1541, Penalty 0.0360, loss 2.3918
Epoch 22, Batch 155/305, Lx 2.1571, Lu 0.1175, Penalty 0.0366, loss 2.3112
Epoch 22, Batch 156/305, Lx 2.0933, Lu 0.1118, Penalty 0.0249, loss 2.2300
Epoch 22, Batch 157/305, Lx 2.1380, Lu 0.1099, Penalty 0.0379, loss 2.2859
Epoch 22, Batch 158/305, Lx 1.9571, Lu 0.1099, Penalty 0.0304, loss 2.0974
Epoch 22, Batch 159/305, Lx 2.1015, Lu 0.1058, Penalty 0.0283, loss 2.2356
Epoch 22, Batch 160/305, Lx 2.1529, Lu 0.1745, Penalty 0.0285, loss 2.3559
Epoch 22, Batch 161/305, Lx 2.1752, Lu 0.1432, Penalty 0.0286, loss 2.3470
Epoch 22, Batch 162/305, Lx 2.1293, Lu 0.1303, Penalty 0.0287, loss 2.2883
Epoch 22, Batch 163/305, Lx 2.1442, Lu 0.0857, Penalty 0.0272, loss 2.2571
Epoch 22, Batch 164/305, Lx 2.1008, Lu 0.1064, Penalty 0.0311, loss 2.2383
Epoch 22, Batch 165/305, Lx 1.9459, Lu 0.1028, Penalty 0.0353, loss 2.0840
Epoch 22, Batch 166/305, Lx 2.1524, Lu 0.1407, Penalty 0.0259, loss 2.3190
Epoch 22, Batch 167/305, Lx 2.1972, Lu 0.1227, Penalty 0.0291, loss 2.3490
Epoch 22, Batch 168/305, Lx 2.1307, Lu 0.1100, Penalty 0.0281, loss 2.2688
Epoch 22, Batch 169/305, Lx 2.1200, Lu 0.1112, Penalty 0.0290, loss 2.2602
Epoch 22, Batch 170/305, Lx 2.2715, Lu 0.1300, Penalty 0.0347, loss 2.4362
Epoch 22, Batch 171/305, Lx 2.1403, Lu 0.1157, Penalty 0.0413, loss 2.2973
Epoch 22, Batch 172/305, Lx 2.0795, Lu 0.1069, Penalty 0.0385, loss 2.2249
Epoch 22, Batch 173/305, Lx 2.1122, Lu 0.0991, Penalty 0.0289, loss 2.2403
Epoch 22, Batch 174/305, Lx 2.1598, Lu 0.1068, Penalty 0.0267, loss 2.2932
Epoch 22, Batch 175/305, Lx 2.1336, Lu 0.1375, Penalty 0.0271, loss 2.2982
Epoch 22, Batch 176/305, Lx 1.9701, Lu 0.1106, Penalty 0.0266, loss 2.1074
Epoch 22, Batch 177/305, Lx 2.1091, Lu 0.1307, Penalty 0.0309, loss 2.2707
Epoch 22, Batch 178/305, Lx 2.1576, Lu 0.1225, Penalty 0.0354, loss 2.3155
Epoch 22, Batch 179/305, Lx 2.0947, Lu 0.1220, Penalty 0.0291, loss 2.2458
Epoch 22, Batch 180/305, Lx 2.0663, Lu 0.0944, Penalty 0.0223, loss 2.1831
Epoch 22, Batch 181/305, Lx 1.9864, Lu 0.1176, Penalty 0.0373, loss 2.1413
Epoch 22, Batch 182/305, Lx 2.0099, Lu 0.1055, Penalty 0.0237, loss 2.1391
Epoch 22, Batch 183/305, Lx 2.1360, Lu 0.1219, Penalty 0.0230, loss 2.2809
Epoch 22, Batch 184/305, Lx 2.1909, Lu 0.1346, Penalty 0.0280, loss 2.3534
Epoch 22, Batch 185/305, Lx 2.1071, Lu 0.1394, Penalty 0.0264, loss 2.2729
Epoch 22, Batch 186/305, Lx 2.0252, Lu 0.0920, Penalty 0.0262, loss 2.1435
Epoch 22, Batch 187/305, Lx 2.1754, Lu 0.1346, Penalty 0.0437, loss 2.3537
Epoch 22, Batch 188/305, Lx 2.2028, Lu 0.1100, Penalty 0.0341, loss 2.3468
Epoch 22, Batch 189/305, Lx 2.1063, Lu 0.1200, Penalty 0.0252, loss 2.2515
Epoch 22, Batch 190/305, Lx 2.0284, Lu 0.1282, Penalty 0.0265, loss 2.1831
Epoch 22, Batch 191/305, Lx 2.0865, Lu 0.1233, Penalty 0.0247, loss 2.2346
Epoch 22, Batch 192/305, Lx 2.0823, Lu 0.1289, Penalty 0.0324, loss 2.2436
Epoch 22, Batch 193/305, Lx 2.2107, Lu 0.1005, Penalty 0.0427, loss 2.3539
Epoch 22, Batch 194/305, Lx 2.1065, Lu 0.1231, Penalty 0.0278, loss 2.2575
Epoch 22, Batch 195/305, Lx 2.1129, Lu 0.1218, Penalty 0.0423, loss 2.2771
Epoch 22, Batch 196/305, Lx 2.0605, Lu 0.1414, Penalty 0.0331, loss 2.2350
Epoch 22, Batch 197/305, Lx 2.1003, Lu 0.1203, Penalty 0.0271, loss 2.2476
Epoch 22, Batch 198/305, Lx 2.0514, Lu 0.1132, Penalty 0.0281, loss 2.1927
Epoch 22, Batch 199/305, Lx 1.9562, Lu 0.0859, Penalty 0.0314, loss 2.0735
Epoch 22, Batch 200/305, Lx 2.1300, Lu 0.1628, Penalty 0.0242, loss 2.3170
Epoch 22, Batch 201/305, Lx 1.9621, Lu 0.1432, Penalty 0.0337, loss 2.1389
Epoch 22, Batch 202/305, Lx 2.0229, Lu 0.1098, Penalty 0.0332, loss 2.1659
Epoch 22, Batch 203/305, Lx 2.1350, Lu 0.1074, Penalty 0.0345, loss 2.2770
Epoch 22, Batch 204/305, Lx 2.0936, Lu 0.1239, Penalty 0.0373, loss 2.2548
Epoch 22, Batch 205/305, Lx 2.1392, Lu 0.1281, Penalty 0.0361, loss 2.3033
Epoch 22, Batch 206/305, Lx 2.1167, Lu 0.1321, Penalty 0.0356, loss 2.2844
Epoch 22, Batch 207/305, Lx 2.0768, Lu 0.1207, Penalty 0.0280, loss 2.2254
Epoch 22, Batch 208/305, Lx 2.0592, Lu 0.1294, Penalty 0.0292, loss 2.2178
Epoch 22, Batch 209/305, Lx 1.9980, Lu 0.0940, Penalty 0.0272, loss 2.1192
Epoch 22, Batch 210/305, Lx 2.0889, Lu 0.1256, Penalty 0.0274, loss 2.2419
Epoch 22, Batch 211/305, Lx 2.0365, Lu 0.1274, Penalty 0.0294, loss 2.1934
Epoch 22, Batch 212/305, Lx 2.1690, Lu 0.1129, Penalty 0.0392, loss 2.3211
Epoch 22, Batch 213/305, Lx 2.0996, Lu 0.1312, Penalty 0.0430, loss 2.2738
Epoch 22, Batch 214/305, Lx 2.0380, Lu 0.1411, Penalty 0.0362, loss 2.2153
Epoch 22, Batch 215/305, Lx 2.1333, Lu 0.1347, Penalty 0.0524, loss 2.3203
Epoch 22, Batch 216/305, Lx 2.1683, Lu 0.1416, Penalty 0.0288, loss 2.3388
Epoch 22, Batch 217/305, Lx 2.1222, Lu 0.1339, Penalty 0.0399, loss 2.2959
Epoch 22, Batch 218/305, Lx 2.0678, Lu 0.1346, Penalty 0.0344, loss 2.2368
Epoch 22, Batch 219/305, Lx 2.1826, Lu 0.1163, Penalty 0.0367, loss 2.3356
Epoch 22, Batch 220/305, Lx 2.0698, Lu 0.1403, Penalty 0.0382, loss 2.2483
Epoch 22, Batch 221/305, Lx 2.0007, Lu 0.0971, Penalty 0.0276, loss 2.1253
Epoch 22, Batch 222/305, Lx 2.1089, Lu 0.1075, Penalty 0.0235, loss 2.2399
Epoch 22, Batch 223/305, Lx 1.9221, Lu 0.1069, Penalty 0.0367, loss 2.0657
Epoch 22, Batch 224/305, Lx 1.8865, Lu 0.1120, Penalty 0.0415, loss 2.0401
Epoch 22, Batch 225/305, Lx 1.9977, Lu 0.1259, Penalty 0.0319, loss 2.1556
Epoch 22, Batch 226/305, Lx 2.0735, Lu 0.1486, Penalty 0.0313, loss 2.2534
Epoch 22, Batch 227/305, Lx 1.9747, Lu 0.0979, Penalty 0.0370, loss 2.1096
Epoch 22, Batch 228/305, Lx 2.1710, Lu 0.0922, Penalty 0.0238, loss 2.2870
Epoch 22, Batch 229/305, Lx 2.0951, Lu 0.1283, Penalty 0.0248, loss 2.2482
Epoch 22, Batch 230/305, Lx 2.1320, Lu 0.1507, Penalty 0.0440, loss 2.3268
Epoch 22, Batch 231/305, Lx 2.0933, Lu 0.1462, Penalty 0.0397, loss 2.2792
Epoch 22, Batch 232/305, Lx 2.1465, Lu 0.1280, Penalty 0.0264, loss 2.3009
Epoch 22, Batch 233/305, Lx 2.0469, Lu 0.1168, Penalty 0.0352, loss 2.1988
Epoch 22, Batch 234/305, Lx 2.1760, Lu 0.1615, Penalty 0.0264, loss 2.3639
Epoch 22, Batch 235/305, Lx 2.1766, Lu 0.1339, Penalty 0.0389, loss 2.3493
Epoch 22, Batch 236/305, Lx 2.0673, Lu 0.1298, Penalty 0.0351, loss 2.2321
Epoch 22, Batch 237/305, Lx 2.1040, Lu 0.1169, Penalty 0.0270, loss 2.2479
Epoch 22, Batch 238/305, Lx 2.0764, Lu 0.1432, Penalty 0.0255, loss 2.2451
Epoch 22, Batch 239/305, Lx 2.1022, Lu 0.1485, Penalty 0.0341, loss 2.2848
Epoch 22, Batch 240/305, Lx 2.0348, Lu 0.1414, Penalty 0.0450, loss 2.2212
Epoch 22, Batch 241/305, Lx 2.0668, Lu 0.1513, Penalty 0.0471, loss 2.2652
Epoch 22, Batch 242/305, Lx 1.9675, Lu 0.0873, Penalty 0.0287, loss 2.0835
Epoch 22, Batch 243/305, Lx 2.0712, Lu 0.1223, Penalty 0.0343, loss 2.2278
Epoch 22, Batch 244/305, Lx 2.1457, Lu 0.1118, Penalty 0.0329, loss 2.2904
Epoch 22, Batch 245/305, Lx 2.0704, Lu 0.1229, Penalty 0.0426, loss 2.2359
Epoch 22, Batch 246/305, Lx 2.0745, Lu 0.1320, Penalty 0.0338, loss 2.2404
Epoch 22, Batch 247/305, Lx 1.9987, Lu 0.1268, Penalty 0.0329, loss 2.1583
Epoch 22, Batch 248/305, Lx 2.1321, Lu 0.1193, Penalty 0.0420, loss 2.2933
Epoch 22, Batch 249/305, Lx 2.1263, Lu 0.1204, Penalty 0.0228, loss 2.2695
Epoch 22, Batch 250/305, Lx 2.1066, Lu 0.1266, Penalty 0.0299, loss 2.2630
Epoch 22, Batch 251/305, Lx 2.1766, Lu 0.1322, Penalty 0.0299, loss 2.3387
Epoch 22, Batch 252/305, Lx 2.0258, Lu 0.1270, Penalty 0.0389, loss 2.1918
Epoch 22, Batch 253/305, Lx 2.1249, Lu 0.1051, Penalty 0.0326, loss 2.2626
Epoch 22, Batch 254/305, Lx 2.0239, Lu 0.1285, Penalty 0.0324, loss 2.1848
Epoch 22, Batch 255/305, Lx 2.2021, Lu 0.1288, Penalty 0.0312, loss 2.3621
Epoch 22, Batch 256/305, Lx 2.1289, Lu 0.1291, Penalty 0.0302, loss 2.2882
Epoch 22, Batch 257/305, Lx 2.1055, Lu 0.0993, Penalty 0.0313, loss 2.2361
Epoch 22, Batch 258/305, Lx 2.0622, Lu 0.1348, Penalty 0.0313, loss 2.2283
Epoch 22, Batch 259/305, Lx 2.1780, Lu 0.1353, Penalty 0.0299, loss 2.3433
Epoch 22, Batch 260/305, Lx 2.0103, Lu 0.1173, Penalty 0.0296, loss 2.1572
Epoch 22, Batch 261/305, Lx 2.1278, Lu 0.1326, Penalty 0.0307, loss 2.2911
Epoch 22, Batch 262/305, Lx 2.1664, Lu 0.1275, Penalty 0.0442, loss 2.3381
Epoch 22, Batch 263/305, Lx 2.0870, Lu 0.0947, Penalty 0.0190, loss 2.2007
Epoch 22, Batch 264/305, Lx 2.0458, Lu 0.1406, Penalty 0.0345, loss 2.2209
Epoch 22, Batch 265/305, Lx 2.0809, Lu 0.1226, Penalty 0.0408, loss 2.2443
Epoch 22, Batch 266/305, Lx 1.9877, Lu 0.1201, Penalty 0.0247, loss 2.1325
Epoch 22, Batch 267/305, Lx 2.1453, Lu 0.1464, Penalty 0.0259, loss 2.3176
Epoch 22, Batch 268/305, Lx 2.1174, Lu 0.1290, Penalty 0.0272, loss 2.2736
Epoch 22, Batch 269/305, Lx 2.0949, Lu 0.1531, Penalty 0.0358, loss 2.2839
Epoch 22, Batch 270/305, Lx 2.1513, Lu 0.1367, Penalty 0.0283, loss 2.3163
Epoch 22, Batch 271/305, Lx 2.1003, Lu 0.1310, Penalty 0.0390, loss 2.2702
Epoch 22, Batch 272/305, Lx 2.2571, Lu 0.1214, Penalty 0.0376, loss 2.4162
Epoch 22, Batch 273/305, Lx 2.0792, Lu 0.1202, Penalty 0.0348, loss 2.2341
Epoch 22, Batch 274/305, Lx 2.0196, Lu 0.1172, Penalty 0.0330, loss 2.1698
Epoch 22, Batch 275/305, Lx 2.1369, Lu 0.1219, Penalty 0.0342, loss 2.2930
Epoch 22, Batch 276/305, Lx 2.0137, Lu 0.1244, Penalty 0.0246, loss 2.1626
Epoch 22, Batch 277/305, Lx 2.2103, Lu 0.1391, Penalty 0.0380, loss 2.3874
Epoch 22, Batch 278/305, Lx 2.0343, Lu 0.1340, Penalty 0.0334, loss 2.2017
Epoch 22, Batch 279/305, Lx 2.0956, Lu 0.1272, Penalty 0.0234, loss 2.2462
Epoch 22, Batch 280/305, Lx 2.0174, Lu 0.1138, Penalty 0.0418, loss 2.1729
Epoch 22, Batch 281/305, Lx 2.0971, Lu 0.1356, Penalty 0.0351, loss 2.2677
Epoch 22, Batch 282/305, Lx 2.0979, Lu 0.0880, Penalty 0.0392, loss 2.2250
Epoch 22, Batch 283/305, Lx 2.0745, Lu 0.1365, Penalty 0.0319, loss 2.2429
Epoch 22, Batch 284/305, Lx 2.0101, Lu 0.1048, Penalty 0.0324, loss 2.1473
Epoch 22, Batch 285/305, Lx 2.0671, Lu 0.0856, Penalty 0.0364, loss 2.1890
Epoch 22, Batch 286/305, Lx 2.1341, Lu 0.1393, Penalty 0.0484, loss 2.3218
Epoch 22, Batch 287/305, Lx 2.0945, Lu 0.1146, Penalty 0.0476, loss 2.2568
Epoch 22, Batch 288/305, Lx 1.9669, Lu 0.1031, Penalty 0.0443, loss 2.1143
Epoch 22, Batch 289/305, Lx 2.0997, Lu 0.1147, Penalty 0.0425, loss 2.2569
Epoch 22, Batch 290/305, Lx 2.1203, Lu 0.1220, Penalty 0.0492, loss 2.2915
Epoch 22, Batch 291/305, Lx 2.1644, Lu 0.1139, Penalty 0.0359, loss 2.3142
Epoch 22, Batch 292/305, Lx 2.2296, Lu 0.1187, Penalty 0.0424, loss 2.3906
Epoch 22, Batch 293/305, Lx 2.1225, Lu 0.1030, Penalty 0.0289, loss 2.2544
Epoch 22, Batch 294/305, Lx 2.1321, Lu 0.1082, Penalty 0.0332, loss 2.2735
Epoch 22, Batch 295/305, Lx 2.1880, Lu 0.1284, Penalty 0.0502, loss 2.3666
Epoch 22, Batch 296/305, Lx 2.0838, Lu 0.1433, Penalty 0.0481, loss 2.2752
Epoch 22, Batch 297/305, Lx 2.1340, Lu 0.1194, Penalty 0.0323, loss 2.2857
Epoch 22, Batch 298/305, Lx 2.2130, Lu 0.1396, Penalty 0.0398, loss 2.3924
Epoch 22, Batch 299/305, Lx 2.0447, Lu 0.1152, Penalty 0.0268, loss 2.1868
Epoch 22, Batch 300/305, Lx 2.1637, Lu 0.1444, Penalty 0.0249, loss 2.3331
Epoch 22, Batch 301/305, Lx 2.1155, Lu 0.1277, Penalty 0.0249, loss 2.2682
Epoch 22, Batch 302/305, Lx 2.1505, Lu 0.1481, Penalty 0.0287, loss 2.3273
Epoch 22, Batch 303/305, Lx 2.1528, Lu 0.1398, Penalty 0.0292, loss 2.3218
Epoch 22, Batch 304/305, Lx 2.1853, Lu 0.1365, Penalty 0.0362, loss 2.3580
Loss: 2.2668, Lx: 2.1103, Lu: 0.1239, Penalty: 0.0327
Training for Network 2
labelled data size: 10088
unlabelled data size: 31912
Epoch 22, Batch 1/316, Lx 2.2081, Lu 0.1457, Penalty 0.0205, loss 2.3742
Epoch 22, Batch 2/316, Lx 2.1873, Lu 0.1487, Penalty 0.0257, loss 2.3617
Epoch 22, Batch 3/316, Lx 2.0938, Lu 0.1118, Penalty 0.0264, loss 2.2319
Epoch 22, Batch 4/316, Lx 2.0007, Lu 0.1106, Penalty 0.0213, loss 2.1326
Epoch 22, Batch 5/316, Lx 2.1942, Lu 0.1390, Penalty 0.0204, loss 2.3536
Epoch 22, Batch 6/316, Lx 2.1289, Lu 0.1605, Penalty 0.0211, loss 2.3105
Epoch 22, Batch 7/316, Lx 2.1581, Lu 0.1083, Penalty 0.0258, loss 2.2923
Epoch 22, Batch 8/316, Lx 2.1885, Lu 0.1603, Penalty 0.0152, loss 2.3640
Epoch 22, Batch 9/316, Lx 2.2429, Lu 0.1469, Penalty 0.0231, loss 2.4130
Epoch 22, Batch 10/316, Lx 2.0925, Lu 0.1332, Penalty 0.0224, loss 2.2480
Epoch 22, Batch 11/316, Lx 2.1790, Lu 0.1402, Penalty 0.0245, loss 2.3438
Epoch 22, Batch 12/316, Lx 2.1811, Lu 0.1275, Penalty 0.0231, loss 2.3317
Epoch 22, Batch 13/316, Lx 2.2174, Lu 0.1371, Penalty 0.0144, loss 2.3689
Epoch 22, Batch 14/316, Lx 2.1782, Lu 0.1351, Penalty 0.0198, loss 2.3331
Epoch 22, Batch 15/316, Lx 2.0790, Lu 0.1601, Penalty 0.0308, loss 2.2699
Epoch 22, Batch 16/316, Lx 2.1450, Lu 0.1414, Penalty 0.0203, loss 2.3067
Epoch 22, Batch 17/316, Lx 2.1675, Lu 0.1386, Penalty 0.0261, loss 2.3321
Epoch 22, Batch 18/316, Lx 2.1895, Lu 0.1400, Penalty 0.0276, loss 2.3570
Epoch 22, Batch 19/316, Lx 2.1276, Lu 0.1285, Penalty 0.0232, loss 2.2793
Epoch 22, Batch 20/316, Lx 2.1640, Lu 0.1411, Penalty 0.0238, loss 2.3288
Epoch 22, Batch 21/316, Lx 2.1870, Lu 0.1481, Penalty 0.0279, loss 2.3630
Epoch 22, Batch 22/316, Lx 2.0344, Lu 0.1022, Penalty 0.0145, loss 2.1511
Epoch 22, Batch 23/316, Lx 2.1321, Lu 0.1224, Penalty 0.0247, loss 2.2792
Epoch 22, Batch 24/316, Lx 2.1666, Lu 0.1160, Penalty 0.0280, loss 2.3106
Epoch 22, Batch 25/316, Lx 2.1918, Lu 0.1286, Penalty 0.0289, loss 2.3494
Epoch 22, Batch 26/316, Lx 2.0885, Lu 0.1345, Penalty 0.0272, loss 2.2502
Epoch 22, Batch 27/316, Lx 2.1656, Lu 0.1284, Penalty 0.0271, loss 2.3211
Epoch 22, Batch 28/316, Lx 2.2593, Lu 0.1369, Penalty 0.0242, loss 2.4205
Epoch 22, Batch 29/316, Lx 2.2279, Lu 0.1020, Penalty 0.0214, loss 2.3513
Epoch 22, Batch 30/316, Lx 2.1784, Lu 0.1414, Penalty 0.0272, loss 2.3471
Epoch 22, Batch 31/316, Lx 2.1799, Lu 0.1039, Penalty 0.0268, loss 2.3106
Epoch 22, Batch 32/316, Lx 2.0825, Lu 0.1114, Penalty 0.0210, loss 2.2149
Epoch 22, Batch 33/316, Lx 2.1305, Lu 0.1254, Penalty 0.0188, loss 2.2747
Epoch 22, Batch 34/316, Lx 2.1753, Lu 0.1201, Penalty 0.0208, loss 2.3162
Epoch 22, Batch 35/316, Lx 2.1853, Lu 0.1556, Penalty 0.0256, loss 2.3665
Epoch 22, Batch 36/316, Lx 2.0798, Lu 0.1317, Penalty 0.0221, loss 2.2336
Epoch 22, Batch 37/316, Lx 2.0550, Lu 0.1282, Penalty 0.0247, loss 2.2079
Epoch 22, Batch 38/316, Lx 2.0791, Lu 0.0885, Penalty 0.0181, loss 2.1858
Epoch 22, Batch 39/316, Lx 2.1608, Lu 0.1095, Penalty 0.0311, loss 2.3014
Epoch 22, Batch 40/316, Lx 2.1938, Lu 0.1290, Penalty 0.0242, loss 2.3469
Epoch 22, Batch 41/316, Lx 2.1162, Lu 0.1444, Penalty 0.0257, loss 2.2862
Epoch 22, Batch 42/316, Lx 2.1751, Lu 0.1644, Penalty 0.0338, loss 2.3733
Epoch 22, Batch 43/316, Lx 2.1141, Lu 0.1172, Penalty 0.0272, loss 2.2586
Epoch 22, Batch 44/316, Lx 2.1699, Lu 0.0942, Penalty 0.0279, loss 2.2919
Epoch 22, Batch 45/316, Lx 2.0810, Lu 0.1074, Penalty 0.0266, loss 2.2150
Epoch 22, Batch 46/316, Lx 2.2426, Lu 0.1339, Penalty 0.0308, loss 2.4073
Epoch 22, Batch 47/316, Lx 2.1211, Lu 0.1479, Penalty 0.0263, loss 2.2953
Epoch 22, Batch 48/316, Lx 2.0998, Lu 0.1442, Penalty 0.0261, loss 2.2701
Epoch 22, Batch 49/316, Lx 2.1775, Lu 0.1298, Penalty 0.0312, loss 2.3386
Epoch 22, Batch 50/316, Lx 2.1248, Lu 0.1057, Penalty 0.0297, loss 2.2603
Epoch 22, Batch 51/316, Lx 2.1297, Lu 0.0919, Penalty 0.0268, loss 2.2484
Epoch 22, Batch 52/316, Lx 2.1927, Lu 0.1104, Penalty 0.0354, loss 2.3384
Epoch 22, Batch 53/316, Lx 2.0836, Lu 0.1416, Penalty 0.0220, loss 2.2472
Epoch 22, Batch 54/316, Lx 2.1325, Lu 0.1116, Penalty 0.0314, loss 2.2756
Epoch 22, Batch 55/316, Lx 2.1070, Lu 0.0954, Penalty 0.0295, loss 2.2318
Epoch 22, Batch 56/316, Lx 2.1823, Lu 0.1361, Penalty 0.0294, loss 2.3479
Epoch 22, Batch 57/316, Lx 1.9155, Lu 0.0969, Penalty 0.0295, loss 2.0419
Epoch 22, Batch 58/316, Lx 2.0304, Lu 0.1229, Penalty 0.0248, loss 2.1782
Epoch 22, Batch 59/316, Lx 2.2680, Lu 0.1212, Penalty 0.0300, loss 2.4192
Epoch 22, Batch 60/316, Lx 2.2123, Lu 0.1409, Penalty 0.0275, loss 2.3806
Epoch 22, Batch 61/316, Lx 2.2034, Lu 0.1138, Penalty 0.0284, loss 2.3456
Epoch 22, Batch 62/316, Lx 2.1103, Lu 0.0994, Penalty 0.0254, loss 2.2351
Epoch 22, Batch 63/316, Lx 2.2124, Lu 0.1329, Penalty 0.0274, loss 2.3727
Epoch 22, Batch 64/316, Lx 2.0887, Lu 0.1530, Penalty 0.0271, loss 2.2689
Epoch 22, Batch 65/316, Lx 2.1561, Lu 0.1079, Penalty 0.0278, loss 2.2918
Epoch 22, Batch 66/316, Lx 2.1568, Lu 0.0975, Penalty 0.0186, loss 2.2729
Epoch 22, Batch 67/316, Lx 2.0886, Lu 0.1089, Penalty 0.0221, loss 2.2196
Epoch 22, Batch 68/316, Lx 2.1313, Lu 0.1183, Penalty 0.0279, loss 2.2775
Epoch 22, Batch 69/316, Lx 2.1341, Lu 0.1576, Penalty 0.0220, loss 2.3137
Epoch 22, Batch 70/316, Lx 2.1745, Lu 0.1239, Penalty 0.0339, loss 2.3323
Epoch 22, Batch 71/316, Lx 2.2372, Lu 0.1387, Penalty 0.0245, loss 2.4004
Epoch 22, Batch 72/316, Lx 2.1584, Lu 0.1102, Penalty 0.0248, loss 2.2933
Epoch 22, Batch 73/316, Lx 2.1518, Lu 0.1605, Penalty 0.0263, loss 2.3385
Epoch 22, Batch 74/316, Lx 2.2920, Lu 0.1390, Penalty 0.0282, loss 2.4592
Epoch 22, Batch 75/316, Lx 2.0450, Lu 0.1151, Penalty 0.0214, loss 2.1815
Epoch 22, Batch 76/316, Lx 2.0399, Lu 0.1289, Penalty 0.0185, loss 2.1872
Epoch 22, Batch 77/316, Lx 2.1998, Lu 0.1295, Penalty 0.0228, loss 2.3521
Epoch 22, Batch 78/316, Lx 2.1843, Lu 0.1187, Penalty 0.0235, loss 2.3265
Epoch 22, Batch 79/316, Lx 2.0935, Lu 0.1069, Penalty 0.0224, loss 2.2228
Epoch 22, Batch 80/316, Lx 2.1997, Lu 0.1456, Penalty 0.0236, loss 2.3689
Epoch 22, Batch 81/316, Lx 2.2115, Lu 0.1504, Penalty 0.0204, loss 2.3823
Epoch 22, Batch 82/316, Lx 2.1089, Lu 0.1237, Penalty 0.0140, loss 2.2466
Epoch 22, Batch 83/316, Lx 2.1894, Lu 0.1501, Penalty 0.0266, loss 2.3661
Epoch 22, Batch 84/316, Lx 2.0862, Lu 0.1401, Penalty 0.0260, loss 2.2523
Epoch 22, Batch 85/316, Lx 2.1267, Lu 0.1572, Penalty 0.0192, loss 2.3031
Epoch 22, Batch 86/316, Lx 2.1860, Lu 0.0963, Penalty 0.0171, loss 2.2994
Epoch 22, Batch 87/316, Lx 2.1680, Lu 0.1245, Penalty 0.0217, loss 2.3142
Epoch 22, Batch 88/316, Lx 2.1719, Lu 0.1258, Penalty 0.0251, loss 2.3228
Epoch 22, Batch 89/316, Lx 2.1818, Lu 0.1154, Penalty 0.0233, loss 2.3205
Epoch 22, Batch 90/316, Lx 2.0352, Lu 0.1254, Penalty 0.0225, loss 2.1831
Epoch 22, Batch 91/316, Lx 2.2579, Lu 0.1326, Penalty 0.0223, loss 2.4128
Epoch 22, Batch 92/316, Lx 2.1455, Lu 0.1239, Penalty 0.0186, loss 2.2880
Epoch 22, Batch 93/316, Lx 2.1662, Lu 0.1425, Penalty 0.0234, loss 2.3321
Epoch 22, Batch 94/316, Lx 2.2120, Lu 0.1216, Penalty 0.0244, loss 2.3580
Epoch 22, Batch 95/316, Lx 2.1907, Lu 0.1050, Penalty 0.0256, loss 2.3213
Epoch 22, Batch 96/316, Lx 2.1202, Lu 0.1072, Penalty 0.0218, loss 2.2493
Epoch 22, Batch 97/316, Lx 2.1804, Lu 0.1388, Penalty 0.0291, loss 2.3483
Epoch 22, Batch 98/316, Lx 2.1487, Lu 0.1427, Penalty 0.0209, loss 2.3124
Epoch 22, Batch 99/316, Lx 2.0183, Lu 0.1054, Penalty 0.0153, loss 2.1389
Epoch 22, Batch 100/316, Lx 2.1910, Lu 0.1431, Penalty 0.0229, loss 2.3570
Epoch 22, Batch 101/316, Lx 2.2343, Lu 0.1648, Penalty 0.0279, loss 2.4269
Epoch 22, Batch 102/316, Lx 2.0548, Lu 0.1487, Penalty 0.0300, loss 2.2335
Epoch 22, Batch 103/316, Lx 2.1584, Lu 0.1447, Penalty 0.0202, loss 2.3233
Epoch 22, Batch 104/316, Lx 2.1215, Lu 0.1377, Penalty 0.0252, loss 2.2844
Epoch 22, Batch 105/316, Lx 2.0760, Lu 0.1465, Penalty 0.0271, loss 2.2496
Epoch 22, Batch 106/316, Lx 2.1246, Lu 0.1316, Penalty 0.0158, loss 2.2720
Epoch 22, Batch 107/316, Lx 2.1829, Lu 0.1606, Penalty 0.0214, loss 2.3649
Epoch 22, Batch 108/316, Lx 2.1332, Lu 0.1027, Penalty 0.0198, loss 2.2558
Epoch 22, Batch 109/316, Lx 2.1595, Lu 0.1148, Penalty 0.0231, loss 2.2974
Epoch 22, Batch 110/316, Lx 2.1471, Lu 0.1465, Penalty 0.0200, loss 2.3136
Epoch 22, Batch 111/316, Lx 2.1326, Lu 0.1519, Penalty 0.0209, loss 2.3053
Epoch 22, Batch 112/316, Lx 2.1335, Lu 0.1213, Penalty 0.0264, loss 2.2812
Epoch 22, Batch 113/316, Lx 1.9910, Lu 0.1023, Penalty 0.0228, loss 2.1161
Epoch 22, Batch 114/316, Lx 2.1342, Lu 0.1015, Penalty 0.0219, loss 2.2576
Epoch 22, Batch 115/316, Lx 2.0877, Lu 0.1208, Penalty 0.0244, loss 2.2329
Epoch 22, Batch 116/316, Lx 2.1607, Lu 0.1226, Penalty 0.0229, loss 2.3062
Epoch 22, Batch 117/316, Lx 2.1191, Lu 0.1283, Penalty 0.0312, loss 2.2786
Epoch 22, Batch 118/316, Lx 2.1343, Lu 0.1264, Penalty 0.0184, loss 2.2791
Epoch 22, Batch 119/316, Lx 2.1983, Lu 0.1805, Penalty 0.0267, loss 2.4055
Epoch 22, Batch 120/316, Lx 2.0943, Lu 0.1151, Penalty 0.0180, loss 2.2273
Epoch 22, Batch 121/316, Lx 2.1519, Lu 0.1428, Penalty 0.0278, loss 2.3225
Epoch 22, Batch 122/316, Lx 2.2027, Lu 0.1290, Penalty 0.0292, loss 2.3609
Epoch 22, Batch 123/316, Lx 2.1012, Lu 0.1577, Penalty 0.0294, loss 2.2883
Epoch 22, Batch 124/316, Lx 2.0447, Lu 0.1226, Penalty 0.0267, loss 2.1940
Epoch 22, Batch 125/316, Lx 2.1908, Lu 0.0992, Penalty 0.0276, loss 2.3177
Epoch 22, Batch 126/316, Lx 2.2029, Lu 0.1543, Penalty 0.0283, loss 2.3856
Epoch 22, Batch 127/316, Lx 2.0750, Lu 0.1290, Penalty 0.0289, loss 2.2329
Epoch 22, Batch 128/316, Lx 2.0380, Lu 0.1274, Penalty 0.0257, loss 2.1912
Epoch 22, Batch 129/316, Lx 2.1491, Lu 0.1523, Penalty 0.0264, loss 2.3277
Epoch 22, Batch 130/316, Lx 2.1402, Lu 0.1329, Penalty 0.0245, loss 2.2976
Epoch 22, Batch 131/316, Lx 2.1523, Lu 0.1203, Penalty 0.0302, loss 2.3028
Epoch 22, Batch 132/316, Lx 2.1730, Lu 0.1400, Penalty 0.0225, loss 2.3355
Epoch 22, Batch 133/316, Lx 2.2297, Lu 0.1294, Penalty 0.0275, loss 2.3867
Epoch 22, Batch 134/316, Lx 2.1438, Lu 0.1608, Penalty 0.0266, loss 2.3312
Epoch 22, Batch 135/316, Lx 2.2157, Lu 0.1118, Penalty 0.0347, loss 2.3621
Epoch 22, Batch 136/316, Lx 2.1731, Lu 0.1638, Penalty 0.0299, loss 2.3668
Epoch 22, Batch 137/316, Lx 2.2014, Lu 0.1460, Penalty 0.0261, loss 2.3734
Epoch 22, Batch 138/316, Lx 2.1052, Lu 0.1127, Penalty 0.0329, loss 2.2507
Epoch 22, Batch 139/316, Lx 2.1320, Lu 0.1288, Penalty 0.0354, loss 2.2962
Epoch 22, Batch 140/316, Lx 2.2388, Lu 0.1584, Penalty 0.0263, loss 2.4236
Epoch 22, Batch 141/316, Lx 2.1044, Lu 0.1408, Penalty 0.0336, loss 2.2788
Epoch 22, Batch 142/316, Lx 2.1742, Lu 0.1577, Penalty 0.0289, loss 2.3608
Epoch 22, Batch 143/316, Lx 2.0909, Lu 0.1329, Penalty 0.0281, loss 2.2519
Epoch 22, Batch 144/316, Lx 2.1533, Lu 0.1112, Penalty 0.0288, loss 2.2933
Epoch 22, Batch 145/316, Lx 2.2549, Lu 0.1173, Penalty 0.0226, loss 2.3947
Epoch 22, Batch 146/316, Lx 2.0856, Lu 0.1645, Penalty 0.0240, loss 2.2741
Epoch 22, Batch 147/316, Lx 2.1655, Lu 0.1080, Penalty 0.0228, loss 2.2963
Epoch 22, Batch 148/316, Lx 2.0450, Lu 0.1018, Penalty 0.0235, loss 2.1703
Epoch 22, Batch 149/316, Lx 2.0986, Lu 0.1243, Penalty 0.0368, loss 2.2596
Epoch 22, Batch 150/316, Lx 2.1449, Lu 0.1298, Penalty 0.0289, loss 2.3036
Epoch 22, Batch 151/316, Lx 2.1629, Lu 0.1042, Penalty 0.0274, loss 2.2945
Epoch 22, Batch 152/316, Lx 2.1388, Lu 0.1563, Penalty 0.0270, loss 2.3220
Epoch 22, Batch 153/316, Lx 2.0768, Lu 0.1253, Penalty 0.0225, loss 2.2246
Epoch 22, Batch 154/316, Lx 2.1451, Lu 0.1044, Penalty 0.0264, loss 2.2759
Epoch 22, Batch 155/316, Lx 2.1575, Lu 0.1291, Penalty 0.0237, loss 2.3103
Epoch 22, Batch 156/316, Lx 2.0672, Lu 0.0927, Penalty 0.0231, loss 2.1831
Epoch 22, Batch 157/316, Lx 2.2341, Lu 0.1147, Penalty 0.0247, loss 2.3735
Epoch 22, Batch 158/316, Lx 2.1141, Lu 0.1267, Penalty 0.0254, loss 2.2662
Epoch 22, Batch 159/316, Lx 2.2691, Lu 0.1260, Penalty 0.0252, loss 2.4202
Epoch 22, Batch 160/316, Lx 2.1723, Lu 0.1465, Penalty 0.0242, loss 2.3430
Epoch 22, Batch 161/316, Lx 1.9605, Lu 0.1081, Penalty 0.0293, loss 2.0980
Epoch 22, Batch 162/316, Lx 2.0951, Lu 0.1189, Penalty 0.0256, loss 2.2396
Epoch 22, Batch 163/316, Lx 2.1293, Lu 0.1265, Penalty 0.0245, loss 2.2803
Epoch 22, Batch 164/316, Lx 2.1551, Lu 0.1505, Penalty 0.0196, loss 2.3253
Epoch 22, Batch 165/316, Lx 2.1017, Lu 0.1267, Penalty 0.0208, loss 2.2491
Epoch 22, Batch 166/316, Lx 2.1198, Lu 0.1067, Penalty 0.0179, loss 2.2444
Epoch 22, Batch 167/316, Lx 2.2009, Lu 0.1679, Penalty 0.0286, loss 2.3975
Epoch 22, Batch 168/316, Lx 2.1588, Lu 0.1158, Penalty 0.0201, loss 2.2947
Epoch 22, Batch 169/316, Lx 2.2459, Lu 0.1514, Penalty 0.0248, loss 2.4222
Epoch 22, Batch 170/316, Lx 2.1465, Lu 0.1598, Penalty 0.0327, loss 2.3390
Epoch 22, Batch 171/316, Lx 2.1660, Lu 0.1363, Penalty 0.0270, loss 2.3292
Epoch 22, Batch 172/316, Lx 2.1394, Lu 0.1562, Penalty 0.0203, loss 2.3159
Epoch 22, Batch 173/316, Lx 2.1328, Lu 0.1233, Penalty 0.0286, loss 2.2847
Epoch 22, Batch 174/316, Lx 1.9825, Lu 0.1109, Penalty 0.0285, loss 2.1219
Epoch 22, Batch 175/316, Lx 2.1579, Lu 0.1425, Penalty 0.0286, loss 2.3290
Epoch 22, Batch 176/316, Lx 2.1591, Lu 0.1326, Penalty 0.0227, loss 2.3144
Epoch 22, Batch 177/316, Lx 2.1029, Lu 0.1386, Penalty 0.0219, loss 2.2634
Epoch 22, Batch 178/316, Lx 2.1302, Lu 0.1257, Penalty 0.0229, loss 2.2788
Epoch 22, Batch 179/316, Lx 2.1768, Lu 0.1330, Penalty 0.0256, loss 2.3354
Epoch 22, Batch 180/316, Lx 2.0373, Lu 0.1248, Penalty 0.0306, loss 2.1927
Epoch 22, Batch 181/316, Lx 2.1280, Lu 0.1244, Penalty 0.0264, loss 2.2788
Epoch 22, Batch 182/316, Lx 2.0025, Lu 0.1278, Penalty 0.0269, loss 2.1572
Epoch 22, Batch 183/316, Lx 2.0423, Lu 0.1213, Penalty 0.0246, loss 2.1883
Epoch 22, Batch 184/316, Lx 2.0974, Lu 0.1498, Penalty 0.0199, loss 2.2671
Epoch 22, Batch 185/316, Lx 2.1792, Lu 0.1246, Penalty 0.0227, loss 2.3264
Epoch 22, Batch 186/316, Lx 2.0362, Lu 0.1423, Penalty 0.0261, loss 2.2046
Epoch 22, Batch 187/316, Lx 2.0446, Lu 0.1065, Penalty 0.0188, loss 2.1699
Epoch 22, Batch 188/316, Lx 2.1948, Lu 0.1399, Penalty 0.0234, loss 2.3581
Epoch 22, Batch 189/316, Lx 2.0925, Lu 0.1156, Penalty 0.0168, loss 2.2249
Epoch 22, Batch 190/316, Lx 2.2607, Lu 0.1475, Penalty 0.0229, loss 2.4311
Epoch 22, Batch 191/316, Lx 2.0547, Lu 0.1217, Penalty 0.0299, loss 2.2063
Epoch 22, Batch 192/316, Lx 2.1457, Lu 0.1277, Penalty 0.0270, loss 2.3004
Epoch 22, Batch 193/316, Lx 2.1060, Lu 0.1242, Penalty 0.0141, loss 2.2443
Epoch 22, Batch 194/316, Lx 2.1577, Lu 0.1248, Penalty 0.0226, loss 2.3051
Epoch 22, Batch 195/316, Lx 2.2376, Lu 0.1594, Penalty 0.0222, loss 2.4193
Epoch 22, Batch 196/316, Lx 2.0756, Lu 0.1704, Penalty 0.0283, loss 2.2743
Epoch 22, Batch 197/316, Lx 2.0067, Lu 0.1181, Penalty 0.0190, loss 2.1439
Epoch 22, Batch 198/316, Lx 2.2060, Lu 0.1298, Penalty 0.0157, loss 2.3515
Epoch 22, Batch 199/316, Lx 2.1843, Lu 0.1190, Penalty 0.0274, loss 2.3307
Epoch 22, Batch 200/316, Lx 2.1147, Lu 0.1491, Penalty 0.0281, loss 2.2920
Epoch 22, Batch 201/316, Lx 2.0949, Lu 0.1084, Penalty 0.0218, loss 2.2252
Epoch 22, Batch 202/316, Lx 1.9710, Lu 0.1412, Penalty 0.0277, loss 2.1399
Epoch 22, Batch 203/316, Lx 2.1295, Lu 0.1325, Penalty 0.0333, loss 2.2953
Epoch 22, Batch 204/316, Lx 2.1787, Lu 0.1185, Penalty 0.0204, loss 2.3177
Epoch 22, Batch 205/316, Lx 2.1768, Lu 0.1316, Penalty 0.0216, loss 2.3300
Epoch 22, Batch 206/316, Lx 2.0518, Lu 0.1580, Penalty 0.0171, loss 2.2269
Epoch 22, Batch 207/316, Lx 2.0639, Lu 0.0999, Penalty 0.0169, loss 2.1808
Epoch 22, Batch 208/316, Lx 2.1467, Lu 0.1473, Penalty 0.0223, loss 2.3163
Epoch 22, Batch 209/316, Lx 2.1777, Lu 0.1534, Penalty 0.0217, loss 2.3529
Epoch 22, Batch 210/316, Lx 2.0670, Lu 0.1468, Penalty 0.0367, loss 2.2505
Epoch 22, Batch 211/316, Lx 2.1551, Lu 0.1083, Penalty 0.0229, loss 2.2862
Epoch 22, Batch 212/316, Lx 2.1130, Lu 0.1414, Penalty 0.0282, loss 2.2826
Epoch 22, Batch 213/316, Lx 2.1323, Lu 0.1273, Penalty 0.0185, loss 2.2780
Epoch 22, Batch 214/316, Lx 2.0897, Lu 0.1134, Penalty 0.0249, loss 2.2280
Epoch 22, Batch 215/316, Lx 2.2218, Lu 0.1039, Penalty 0.0235, loss 2.3492
Epoch 22, Batch 216/316, Lx 2.0155, Lu 0.0995, Penalty 0.0282, loss 2.1432
Epoch 22, Batch 217/316, Lx 2.2213, Lu 0.1055, Penalty 0.0264, loss 2.3532
Epoch 22, Batch 218/316, Lx 2.2307, Lu 0.1475, Penalty 0.0230, loss 2.4012
Epoch 22, Batch 219/316, Lx 1.9919, Lu 0.1226, Penalty 0.0226, loss 2.1371
Epoch 22, Batch 220/316, Lx 2.0446, Lu 0.1129, Penalty 0.0279, loss 2.1854
Epoch 22, Batch 221/316, Lx 2.0826, Lu 0.1269, Penalty 0.0237, loss 2.2332
Epoch 22, Batch 222/316, Lx 2.0829, Lu 0.1190, Penalty 0.0249, loss 2.2268
Epoch 22, Batch 223/316, Lx 2.1194, Lu 0.1342, Penalty 0.0193, loss 2.2729
Epoch 22, Batch 224/316, Lx 2.1517, Lu 0.1272, Penalty 0.0205, loss 2.2994
Epoch 22, Batch 225/316, Lx 2.0679, Lu 0.1199, Penalty 0.0204, loss 2.2081
Epoch 22, Batch 226/316, Lx 2.0695, Lu 0.1197, Penalty 0.0350, loss 2.2241
Epoch 22, Batch 227/316, Lx 2.1218, Lu 0.1523, Penalty 0.0204, loss 2.2945
Epoch 22, Batch 228/316, Lx 2.1673, Lu 0.1135, Penalty 0.0221, loss 2.3029
Epoch 22, Batch 229/316, Lx 1.9699, Lu 0.0914, Penalty 0.0201, loss 2.0814
Epoch 22, Batch 230/316, Lx 2.1135, Lu 0.1552, Penalty 0.0257, loss 2.2944
Epoch 22, Batch 231/316, Lx 2.1906, Lu 0.1218, Penalty 0.0235, loss 2.3358
Epoch 22, Batch 232/316, Lx 1.9883, Lu 0.1215, Penalty 0.0328, loss 2.1425
Epoch 22, Batch 233/316, Lx 2.1133, Lu 0.1032, Penalty 0.0262, loss 2.2428
Epoch 22, Batch 234/316, Lx 2.0629, Lu 0.1153, Penalty 0.0278, loss 2.2060
Epoch 22, Batch 235/316, Lx 2.0795, Lu 0.1060, Penalty 0.0210, loss 2.2065
Epoch 22, Batch 236/316, Lx 1.9961, Lu 0.0981, Penalty 0.0154, loss 2.1096
Epoch 22, Batch 237/316, Lx 2.0149, Lu 0.1153, Penalty 0.0157, loss 2.1459
Epoch 22, Batch 238/316, Lx 2.1231, Lu 0.1014, Penalty 0.0173, loss 2.2419
Epoch 22, Batch 239/316, Lx 2.0335, Lu 0.1406, Penalty 0.0211, loss 2.1951
Epoch 22, Batch 240/316, Lx 2.2717, Lu 0.1407, Penalty 0.0310, loss 2.4434
Epoch 22, Batch 241/316, Lx 2.1865, Lu 0.0925, Penalty 0.0267, loss 2.3058
Epoch 22, Batch 242/316, Lx 2.1464, Lu 0.0914, Penalty 0.0279, loss 2.2657
Epoch 22, Batch 243/316, Lx 2.0908, Lu 0.1326, Penalty 0.0259, loss 2.2493
Epoch 22, Batch 244/316, Lx 2.0268, Lu 0.1119, Penalty 0.0277, loss 2.1664
Epoch 22, Batch 245/316, Lx 2.0865, Lu 0.1216, Penalty 0.0276, loss 2.2357
Epoch 22, Batch 246/316, Lx 2.1944, Lu 0.1744, Penalty 0.0220, loss 2.3908
Epoch 22, Batch 247/316, Lx 2.0554, Lu 0.1029, Penalty 0.0203, loss 2.1786
Epoch 22, Batch 248/316, Lx 2.0257, Lu 0.1040, Penalty 0.0308, loss 2.1606
Epoch 22, Batch 249/316, Lx 2.1247, Lu 0.1070, Penalty 0.0229, loss 2.2545
Epoch 22, Batch 250/316, Lx 2.0923, Lu 0.1391, Penalty 0.0236, loss 2.2550
Epoch 22, Batch 251/316, Lx 1.9695, Lu 0.1148, Penalty 0.0218, loss 2.1061
Epoch 22, Batch 252/316, Lx 2.1553, Lu 0.1197, Penalty 0.0304, loss 2.3054
Epoch 22, Batch 253/316, Lx 2.1576, Lu 0.1249, Penalty 0.0332, loss 2.3156
Epoch 22, Batch 254/316, Lx 2.1696, Lu 0.1426, Penalty 0.0269, loss 2.3391
Epoch 22, Batch 255/316, Lx 1.9992, Lu 0.1025, Penalty 0.0385, loss 2.1402
Epoch 22, Batch 256/316, Lx 2.1832, Lu 0.1391, Penalty 0.0308, loss 2.3530
Epoch 22, Batch 257/316, Lx 2.1492, Lu 0.1441, Penalty 0.0262, loss 2.3195
Epoch 22, Batch 258/316, Lx 2.0191, Lu 0.0922, Penalty 0.0336, loss 2.1449
Epoch 22, Batch 259/316, Lx 2.0174, Lu 0.1036, Penalty 0.0235, loss 2.1444
Epoch 22, Batch 260/316, Lx 1.9581, Lu 0.1330, Penalty 0.0316, loss 2.1227
Epoch 22, Batch 261/316, Lx 2.1895, Lu 0.1256, Penalty 0.0306, loss 2.3457
Epoch 22, Batch 262/316, Lx 2.2374, Lu 0.1380, Penalty 0.0313, loss 2.4068
Epoch 22, Batch 263/316, Lx 2.0667, Lu 0.1401, Penalty 0.0284, loss 2.2352
Epoch 22, Batch 264/316, Lx 2.1270, Lu 0.1268, Penalty 0.0281, loss 2.2818
Epoch 22, Batch 265/316, Lx 2.1379, Lu 0.0991, Penalty 0.0151, loss 2.2522
Epoch 22, Batch 266/316, Lx 2.1587, Lu 0.1152, Penalty 0.0216, loss 2.2956
Epoch 22, Batch 267/316, Lx 1.9749, Lu 0.1230, Penalty 0.0245, loss 2.1224
Epoch 22, Batch 268/316, Lx 2.1173, Lu 0.1409, Penalty 0.0231, loss 2.2813
Epoch 22, Batch 269/316, Lx 1.9319, Lu 0.1088, Penalty 0.0269, loss 2.0676
Epoch 22, Batch 270/316, Lx 2.1725, Lu 0.0931, Penalty 0.0235, loss 2.2891
Epoch 22, Batch 271/316, Lx 2.1939, Lu 0.1666, Penalty 0.0257, loss 2.3862
Epoch 22, Batch 272/316, Lx 2.0796, Lu 0.1224, Penalty 0.0301, loss 2.2322
Epoch 22, Batch 273/316, Lx 2.1266, Lu 0.1142, Penalty 0.0291, loss 2.2699
Epoch 22, Batch 274/316, Lx 2.0368, Lu 0.1549, Penalty 0.0194, loss 2.2111
Epoch 22, Batch 275/316, Lx 2.1673, Lu 0.1192, Penalty 0.0280, loss 2.3146
Epoch 22, Batch 276/316, Lx 2.1656, Lu 0.1182, Penalty 0.0262, loss 2.3101
Epoch 22, Batch 277/316, Lx 2.1177, Lu 0.1490, Penalty 0.0200, loss 2.2867
Epoch 22, Batch 278/316, Lx 2.2429, Lu 0.1095, Penalty 0.0242, loss 2.3766
Epoch 22, Batch 279/316, Lx 2.1755, Lu 0.1465, Penalty 0.0241, loss 2.3460
Epoch 22, Batch 280/316, Lx 2.1213, Lu 0.1386, Penalty 0.0245, loss 2.2845
Epoch 22, Batch 281/316, Lx 2.0802, Lu 0.1084, Penalty 0.0204, loss 2.2091
Epoch 22, Batch 282/316, Lx 2.0831, Lu 0.1286, Penalty 0.0173, loss 2.2290
Epoch 22, Batch 283/316, Lx 2.1413, Lu 0.1289, Penalty 0.0291, loss 2.2993
Epoch 22, Batch 284/316, Lx 2.0882, Lu 0.1219, Penalty 0.0170, loss 2.2271
Epoch 22, Batch 285/316, Lx 2.1290, Lu 0.1063, Penalty 0.0238, loss 2.2590
Epoch 22, Batch 286/316, Lx 2.0500, Lu 0.0915, Penalty 0.0157, loss 2.1572
Epoch 22, Batch 287/316, Lx 2.0534, Lu 0.1270, Penalty 0.0218, loss 2.2023
Epoch 22, Batch 288/316, Lx 2.2160, Lu 0.1031, Penalty 0.0231, loss 2.3421
Epoch 22, Batch 289/316, Lx 2.0198, Lu 0.0996, Penalty 0.0194, loss 2.1387
Epoch 22, Batch 290/316, Lx 2.0867, Lu 0.1207, Penalty 0.0192, loss 2.2266
Epoch 22, Batch 291/316, Lx 2.1243, Lu 0.1215, Penalty 0.0183, loss 2.2641
Epoch 22, Batch 292/316, Lx 2.1837, Lu 0.1055, Penalty 0.0194, loss 2.3087
Epoch 22, Batch 293/316, Lx 2.0442, Lu 0.1306, Penalty 0.0246, loss 2.1995
Epoch 22, Batch 294/316, Lx 2.1646, Lu 0.1307, Penalty 0.0157, loss 2.3110
Epoch 22, Batch 295/316, Lx 2.1752, Lu 0.1181, Penalty 0.0252, loss 2.3185
Epoch 22, Batch 296/316, Lx 2.0682, Lu 0.1294, Penalty 0.0222, loss 2.2199
Epoch 22, Batch 297/316, Lx 2.1205, Lu 0.1371, Penalty 0.0136, loss 2.2712
Epoch 22, Batch 298/316, Lx 2.0713, Lu 0.1495, Penalty 0.0248, loss 2.2456
Epoch 22, Batch 299/316, Lx 2.1400, Lu 0.1234, Penalty 0.0190, loss 2.2824
Epoch 22, Batch 300/316, Lx 2.1925, Lu 0.1611, Penalty 0.0179, loss 2.3715
Epoch 22, Batch 301/316, Lx 2.1704, Lu 0.1449, Penalty 0.0198, loss 2.3352
Epoch 22, Batch 302/316, Lx 2.1282, Lu 0.1139, Penalty 0.0219, loss 2.2640
Epoch 22, Batch 303/316, Lx 2.0125, Lu 0.1105, Penalty 0.0202, loss 2.1433
Epoch 22, Batch 304/316, Lx 2.0506, Lu 0.1221, Penalty 0.0250, loss 2.1978
Epoch 22, Batch 305/316, Lx 2.1488, Lu 0.1368, Penalty 0.0181, loss 2.3036
Epoch 22, Batch 306/316, Lx 2.0771, Lu 0.1415, Penalty 0.0194, loss 2.2381
Epoch 22, Batch 307/316, Lx 2.1855, Lu 0.1209, Penalty 0.0209, loss 2.3274
Epoch 22, Batch 308/316, Lx 2.0233, Lu 0.1018, Penalty 0.0260, loss 2.1512
Epoch 22, Batch 309/316, Lx 2.1078, Lu 0.1225, Penalty 0.0202, loss 2.2505
Epoch 22, Batch 310/316, Lx 2.1910, Lu 0.1121, Penalty 0.0205, loss 2.3236
Epoch 22, Batch 311/316, Lx 2.1168, Lu 0.1142, Penalty 0.0227, loss 2.2537
Epoch 22, Batch 312/316, Lx 1.9607, Lu 0.1082, Penalty 0.0203, loss 2.0892
Epoch 22, Batch 313/316, Lx 2.0807, Lu 0.1167, Penalty 0.0241, loss 2.2215
Epoch 22, Batch 314/316, Lx 2.2123, Lu 0.1385, Penalty 0.0273, loss 2.3780
Epoch 22, Batch 315/316, Lx 2.1864, Lu 0.1400, Penalty 0.0302, loss 2.3565
Epoch 22, Batch 316/316, Lx 2.0358, Lu 0.0882, Penalty 0.0222, loss 2.1463
Loss: 2.2804, Lx: 2.1286, Lu: 0.1273, Penalty: 0.0245
Evaluating training data at epoch 22 for Model 1
GMM Means: [0.35213575 0.6117944 ]
GMM Covariances: [0.01276313 0.01514577]
Evaluating training data at epoch 22 for Model 2
GMM Means: [0.55511494 0.32410615]
GMM Covariances: [0.01449876 0.01266523]
Evaluating models at epoch 22
Test data size: 60000
Epoch: 22, Test Loss: 1.4387, Test Accuracy: 0.5336, Test F1 Score: 0.5364
Training for Network 1
labelled data size: 9935
unlabelled data size: 32065
Epoch 23, Batch 1/311, Lx 2.1429, Lu 0.1799, Penalty 0.0234, loss 2.3462
Epoch 23, Batch 2/311, Lx 2.1488, Lu 0.1630, Penalty 0.0249, loss 2.3368
Epoch 23, Batch 3/311, Lx 1.9318, Lu 0.1228, Penalty 0.0265, loss 2.0812
Epoch 23, Batch 4/311, Lx 2.1593, Lu 0.1959, Penalty 0.0226, loss 2.3778
Epoch 23, Batch 5/311, Lx 2.1321, Lu 0.1690, Penalty 0.0339, loss 2.3350
Epoch 23, Batch 6/311, Lx 2.0422, Lu 0.1825, Penalty 0.0457, loss 2.2704
Epoch 23, Batch 7/311, Lx 2.0093, Lu 0.1840, Penalty 0.0249, loss 2.2182
Epoch 23, Batch 8/311, Lx 1.9729, Lu 0.1615, Penalty 0.0241, loss 2.1585
Epoch 23, Batch 9/311, Lx 2.1250, Lu 0.1337, Penalty 0.0206, loss 2.2793
Epoch 23, Batch 10/311, Lx 1.9788, Lu 0.1287, Penalty 0.0281, loss 2.1356
Epoch 23, Batch 11/311, Lx 2.0364, Lu 0.1454, Penalty 0.0270, loss 2.2089
Epoch 23, Batch 12/311, Lx 2.0846, Lu 0.1975, Penalty 0.0317, loss 2.3138
Epoch 23, Batch 13/311, Lx 2.0595, Lu 0.1402, Penalty 0.0343, loss 2.2340
Epoch 23, Batch 14/311, Lx 2.0106, Lu 0.1517, Penalty 0.0379, loss 2.2002
Epoch 23, Batch 15/311, Lx 2.1336, Lu 0.2014, Penalty 0.0362, loss 2.3712
Epoch 23, Batch 16/311, Lx 2.1863, Lu 0.1299, Penalty 0.0396, loss 2.3557
Epoch 23, Batch 17/311, Lx 2.0874, Lu 0.1610, Penalty 0.0319, loss 2.2803
Epoch 23, Batch 18/311, Lx 2.0483, Lu 0.1358, Penalty 0.0246, loss 2.2087
Epoch 23, Batch 19/311, Lx 2.0967, Lu 0.1694, Penalty 0.0372, loss 2.3033
Epoch 23, Batch 20/311, Lx 2.0703, Lu 0.1432, Penalty 0.0431, loss 2.2565
Epoch 23, Batch 21/311, Lx 2.0705, Lu 0.1539, Penalty 0.0400, loss 2.2644
Epoch 23, Batch 22/311, Lx 2.1201, Lu 0.1377, Penalty 0.0300, loss 2.2879
Epoch 23, Batch 23/311, Lx 2.1356, Lu 0.1851, Penalty 0.0323, loss 2.3529
Epoch 23, Batch 24/311, Lx 2.1268, Lu 0.1986, Penalty 0.0259, loss 2.3514
Epoch 23, Batch 25/311, Lx 1.9894, Lu 0.1256, Penalty 0.0374, loss 2.1524
Epoch 23, Batch 26/311, Lx 1.9672, Lu 0.1513, Penalty 0.0364, loss 2.1549
Epoch 23, Batch 27/311, Lx 2.1433, Lu 0.1605, Penalty 0.0411, loss 2.3450
Epoch 23, Batch 28/311, Lx 2.0657, Lu 0.1680, Penalty 0.0414, loss 2.2751
Epoch 23, Batch 29/311, Lx 2.0213, Lu 0.1868, Penalty 0.0442, loss 2.2523
Epoch 23, Batch 30/311, Lx 1.9559, Lu 0.1392, Penalty 0.0381, loss 2.1332
Epoch 23, Batch 31/311, Lx 2.1354, Lu 0.1665, Penalty 0.0433, loss 2.3453
Epoch 23, Batch 32/311, Lx 2.1459, Lu 0.1640, Penalty 0.0460, loss 2.3559
Epoch 23, Batch 33/311, Lx 2.1419, Lu 0.1411, Penalty 0.0313, loss 2.3143
Epoch 23, Batch 34/311, Lx 1.9626, Lu 0.1189, Penalty 0.0356, loss 2.1171
Epoch 23, Batch 35/311, Lx 1.9499, Lu 0.1267, Penalty 0.0425, loss 2.1190
Epoch 23, Batch 36/311, Lx 1.9894, Lu 0.1127, Penalty 0.0410, loss 2.1430
Epoch 23, Batch 37/311, Lx 2.1364, Lu 0.1633, Penalty 0.0311, loss 2.3309
Epoch 23, Batch 38/311, Lx 2.1110, Lu 0.2034, Penalty 0.0311, loss 2.3456
Epoch 23, Batch 39/311, Lx 2.1513, Lu 0.1756, Penalty 0.0333, loss 2.3602
Epoch 23, Batch 40/311, Lx 2.1847, Lu 0.1479, Penalty 0.0296, loss 2.3622
Epoch 23, Batch 41/311, Lx 2.1704, Lu 0.1850, Penalty 0.0392, loss 2.3947
Epoch 23, Batch 42/311, Lx 2.0475, Lu 0.1424, Penalty 0.0341, loss 2.2240
Epoch 23, Batch 43/311, Lx 2.0411, Lu 0.1576, Penalty 0.0410, loss 2.2397
Epoch 23, Batch 44/311, Lx 1.9469, Lu 0.1450, Penalty 0.0400, loss 2.1319
Epoch 23, Batch 45/311, Lx 2.1596, Lu 0.1415, Penalty 0.0436, loss 2.3448
Epoch 23, Batch 46/311, Lx 2.0211, Lu 0.1356, Penalty 0.0375, loss 2.1941
Epoch 23, Batch 47/311, Lx 2.0355, Lu 0.1577, Penalty 0.0510, loss 2.2442
Epoch 23, Batch 48/311, Lx 2.0271, Lu 0.1779, Penalty 0.0486, loss 2.2535
Epoch 23, Batch 49/311, Lx 2.0848, Lu 0.1180, Penalty 0.0362, loss 2.2390
Epoch 23, Batch 50/311, Lx 2.1322, Lu 0.1845, Penalty 0.0320, loss 2.3486
Epoch 23, Batch 51/311, Lx 2.0017, Lu 0.1877, Penalty 0.0393, loss 2.2287
Epoch 23, Batch 52/311, Lx 1.9897, Lu 0.1550, Penalty 0.0317, loss 2.1765
Epoch 23, Batch 53/311, Lx 2.0741, Lu 0.1761, Penalty 0.0368, loss 2.2870
Epoch 23, Batch 54/311, Lx 1.9105, Lu 0.1413, Penalty 0.0391, loss 2.0909
Epoch 23, Batch 55/311, Lx 2.0496, Lu 0.1363, Penalty 0.0356, loss 2.2215
Epoch 23, Batch 56/311, Lx 1.9684, Lu 0.1583, Penalty 0.0434, loss 2.1701
Epoch 23, Batch 57/311, Lx 1.9770, Lu 0.1514, Penalty 0.0315, loss 2.1599
Epoch 23, Batch 58/311, Lx 2.0793, Lu 0.1359, Penalty 0.0387, loss 2.2539
Epoch 23, Batch 59/311, Lx 2.1444, Lu 0.1754, Penalty 0.0483, loss 2.3680
Epoch 23, Batch 60/311, Lx 2.0838, Lu 0.1605, Penalty 0.0356, loss 2.2799
Epoch 23, Batch 61/311, Lx 2.0247, Lu 0.1675, Penalty 0.0469, loss 2.2391
Epoch 23, Batch 62/311, Lx 2.1755, Lu 0.1514, Penalty 0.0351, loss 2.3619
Epoch 23, Batch 63/311, Lx 2.1156, Lu 0.1970, Penalty 0.0534, loss 2.3660
Epoch 23, Batch 64/311, Lx 2.0802, Lu 0.1843, Penalty 0.0520, loss 2.3165
Epoch 23, Batch 65/311, Lx 2.0202, Lu 0.1436, Penalty 0.0404, loss 2.2042
Epoch 23, Batch 66/311, Lx 1.9801, Lu 0.1153, Penalty 0.0399, loss 2.1354
Epoch 23, Batch 67/311, Lx 2.0655, Lu 0.1514, Penalty 0.0353, loss 2.2522
Epoch 23, Batch 68/311, Lx 2.0507, Lu 0.1887, Penalty 0.0318, loss 2.2713
Epoch 23, Batch 69/311, Lx 2.1446, Lu 0.1552, Penalty 0.0344, loss 2.3342
Epoch 23, Batch 70/311, Lx 2.1463, Lu 0.1547, Penalty 0.0451, loss 2.3462
Epoch 23, Batch 71/311, Lx 2.0854, Lu 0.1828, Penalty 0.0368, loss 2.3050
Epoch 23, Batch 72/311, Lx 2.0535, Lu 0.1531, Penalty 0.0332, loss 2.2398
Epoch 23, Batch 73/311, Lx 2.0612, Lu 0.1885, Penalty 0.0359, loss 2.2856
Epoch 23, Batch 74/311, Lx 2.1527, Lu 0.1278, Penalty 0.0300, loss 2.3105
Epoch 23, Batch 75/311, Lx 2.1381, Lu 0.1250, Penalty 0.0412, loss 2.3043
Epoch 23, Batch 76/311, Lx 2.0834, Lu 0.1809, Penalty 0.0451, loss 2.3094
Epoch 23, Batch 77/311, Lx 1.9550, Lu 0.1327, Penalty 0.0357, loss 2.1234
Epoch 23, Batch 78/311, Lx 2.0392, Lu 0.1559, Penalty 0.0369, loss 2.2320
Epoch 23, Batch 79/311, Lx 2.0009, Lu 0.1646, Penalty 0.0364, loss 2.2019
Epoch 23, Batch 80/311, Lx 2.1335, Lu 0.1722, Penalty 0.0332, loss 2.3389
Epoch 23, Batch 81/311, Lx 2.1014, Lu 0.1698, Penalty 0.0261, loss 2.2973
Epoch 23, Batch 82/311, Lx 2.0451, Lu 0.1522, Penalty 0.0445, loss 2.2418
Epoch 23, Batch 83/311, Lx 2.0615, Lu 0.1775, Penalty 0.0347, loss 2.2737
Epoch 23, Batch 84/311, Lx 2.1525, Lu 0.1859, Penalty 0.0307, loss 2.3691
Epoch 23, Batch 85/311, Lx 2.0080, Lu 0.1364, Penalty 0.0345, loss 2.1788
Epoch 23, Batch 86/311, Lx 2.1273, Lu 0.1567, Penalty 0.0388, loss 2.3228
Epoch 23, Batch 87/311, Lx 2.0854, Lu 0.1664, Penalty 0.0410, loss 2.2928
Epoch 23, Batch 88/311, Lx 2.1474, Lu 0.1315, Penalty 0.0301, loss 2.3090
Epoch 23, Batch 89/311, Lx 2.1324, Lu 0.1921, Penalty 0.0417, loss 2.3662
Epoch 23, Batch 90/311, Lx 2.0715, Lu 0.1589, Penalty 0.0452, loss 2.2755
Epoch 23, Batch 91/311, Lx 2.2317, Lu 0.1710, Penalty 0.0356, loss 2.4383
Epoch 23, Batch 92/311, Lx 2.0932, Lu 0.1385, Penalty 0.0396, loss 2.2713
Epoch 23, Batch 93/311, Lx 1.8933, Lu 0.1364, Penalty 0.0530, loss 2.0827
Epoch 23, Batch 94/311, Lx 2.1647, Lu 0.1726, Penalty 0.0417, loss 2.3790
Epoch 23, Batch 95/311, Lx 1.8084, Lu 0.0991, Penalty 0.0437, loss 1.9513
Epoch 23, Batch 96/311, Lx 2.0221, Lu 0.1838, Penalty 0.0540, loss 2.2598
Epoch 23, Batch 97/311, Lx 1.9422, Lu 0.1389, Penalty 0.0487, loss 2.1298
Epoch 23, Batch 98/311, Lx 2.0993, Lu 0.1265, Penalty 0.0358, loss 2.2617
Epoch 23, Batch 99/311, Lx 2.1049, Lu 0.1530, Penalty 0.0339, loss 2.2918
Epoch 23, Batch 100/311, Lx 2.0277, Lu 0.1291, Penalty 0.0386, loss 2.1954
Epoch 23, Batch 101/311, Lx 2.0719, Lu 0.1374, Penalty 0.0319, loss 2.2411
Epoch 23, Batch 102/311, Lx 2.0842, Lu 0.1398, Penalty 0.0337, loss 2.2577
Epoch 23, Batch 103/311, Lx 2.1048, Lu 0.2119, Penalty 0.0329, loss 2.3496
Epoch 23, Batch 104/311, Lx 2.0951, Lu 0.2019, Penalty 0.0371, loss 2.3341
Epoch 23, Batch 105/311, Lx 2.0771, Lu 0.2154, Penalty 0.0345, loss 2.3269
Epoch 23, Batch 106/311, Lx 2.1658, Lu 0.1267, Penalty 0.0365, loss 2.3291
Epoch 23, Batch 107/311, Lx 2.0900, Lu 0.1936, Penalty 0.0347, loss 2.3183
Epoch 23, Batch 108/311, Lx 2.0042, Lu 0.1295, Penalty 0.0397, loss 2.1734
Epoch 23, Batch 109/311, Lx 2.1135, Lu 0.1317, Penalty 0.0357, loss 2.2809
Epoch 23, Batch 110/311, Lx 2.2152, Lu 0.1604, Penalty 0.0378, loss 2.4134
Epoch 23, Batch 111/311, Lx 1.9022, Lu 0.1151, Penalty 0.0419, loss 2.0593
Epoch 23, Batch 112/311, Lx 2.0194, Lu 0.1775, Penalty 0.0475, loss 2.2444
Epoch 23, Batch 113/311, Lx 1.9711, Lu 0.1446, Penalty 0.0382, loss 2.1540
Epoch 23, Batch 114/311, Lx 2.0688, Lu 0.1580, Penalty 0.0388, loss 2.2656
Epoch 23, Batch 115/311, Lx 2.1936, Lu 0.1963, Penalty 0.0297, loss 2.4197
Epoch 23, Batch 116/311, Lx 2.1595, Lu 0.1367, Penalty 0.0311, loss 2.3273
Epoch 23, Batch 117/311, Lx 1.9808, Lu 0.1251, Penalty 0.0403, loss 2.1461
Epoch 23, Batch 118/311, Lx 2.1330, Lu 0.1581, Penalty 0.0325, loss 2.3236
Epoch 23, Batch 119/311, Lx 2.1483, Lu 0.1850, Penalty 0.0569, loss 2.3902
Epoch 23, Batch 120/311, Lx 1.9375, Lu 0.1438, Penalty 0.0362, loss 2.1175
Epoch 23, Batch 121/311, Lx 2.0068, Lu 0.1376, Penalty 0.0387, loss 2.1831
Epoch 23, Batch 122/311, Lx 2.1517, Lu 0.1722, Penalty 0.0389, loss 2.3627
Epoch 23, Batch 123/311, Lx 1.9156, Lu 0.1461, Penalty 0.0382, loss 2.0999
Epoch 23, Batch 124/311, Lx 2.1666, Lu 0.2181, Penalty 0.0243, loss 2.4089
Epoch 23, Batch 125/311, Lx 1.9969, Lu 0.1305, Penalty 0.0405, loss 2.1678
Epoch 23, Batch 126/311, Lx 1.9566, Lu 0.1686, Penalty 0.0367, loss 2.1618
Epoch 23, Batch 127/311, Lx 2.1133, Lu 0.1401, Penalty 0.0288, loss 2.2822
Epoch 23, Batch 128/311, Lx 2.0011, Lu 0.1420, Penalty 0.0367, loss 2.1798
Epoch 23, Batch 129/311, Lx 2.1525, Lu 0.2002, Penalty 0.0403, loss 2.3930
Epoch 23, Batch 130/311, Lx 2.0245, Lu 0.1319, Penalty 0.0450, loss 2.2015
Epoch 23, Batch 131/311, Lx 1.9930, Lu 0.1133, Penalty 0.0220, loss 2.1284
Epoch 23, Batch 132/311, Lx 2.0970, Lu 0.1783, Penalty 0.0361, loss 2.3113
Epoch 23, Batch 133/311, Lx 2.0480, Lu 0.1558, Penalty 0.0282, loss 2.2320
Epoch 23, Batch 134/311, Lx 1.9454, Lu 0.1259, Penalty 0.0382, loss 2.1096
Epoch 23, Batch 135/311, Lx 1.9859, Lu 0.1421, Penalty 0.0317, loss 2.1597
Epoch 23, Batch 136/311, Lx 2.0931, Lu 0.1621, Penalty 0.0372, loss 2.2924
Epoch 23, Batch 137/311, Lx 2.0522, Lu 0.1670, Penalty 0.0389, loss 2.2582
Epoch 23, Batch 138/311, Lx 2.1727, Lu 0.2101, Penalty 0.0245, loss 2.4072
Epoch 23, Batch 139/311, Lx 2.0122, Lu 0.1800, Penalty 0.0579, loss 2.2501
Epoch 23, Batch 140/311, Lx 2.1420, Lu 0.1528, Penalty 0.0370, loss 2.3318
Epoch 23, Batch 141/311, Lx 2.1499, Lu 0.1807, Penalty 0.0243, loss 2.3549
Epoch 23, Batch 142/311, Lx 2.0098, Lu 0.1353, Penalty 0.0363, loss 2.1814
Epoch 23, Batch 143/311, Lx 2.1373, Lu 0.1826, Penalty 0.0326, loss 2.3525
Epoch 23, Batch 144/311, Lx 1.9576, Lu 0.1366, Penalty 0.0473, loss 2.1414
Epoch 23, Batch 145/311, Lx 1.9695, Lu 0.1407, Penalty 0.0462, loss 2.1564
Epoch 23, Batch 146/311, Lx 2.0758, Lu 0.1376, Penalty 0.0362, loss 2.2496
Epoch 23, Batch 147/311, Lx 2.0006, Lu 0.1429, Penalty 0.0396, loss 2.1831
Epoch 23, Batch 148/311, Lx 1.9990, Lu 0.1400, Penalty 0.0361, loss 2.1750
Epoch 23, Batch 149/311, Lx 1.9237, Lu 0.1581, Penalty 0.0528, loss 2.1346
Epoch 23, Batch 150/311, Lx 2.1452, Lu 0.2025, Penalty 0.0434, loss 2.3911
Epoch 23, Batch 151/311, Lx 2.1062, Lu 0.1668, Penalty 0.0432, loss 2.3162
Epoch 23, Batch 152/311, Lx 2.0969, Lu 0.1496, Penalty 0.0352, loss 2.2817
Epoch 23, Batch 153/311, Lx 2.1310, Lu 0.1668, Penalty 0.0425, loss 2.3403
Epoch 23, Batch 154/311, Lx 2.1674, Lu 0.1642, Penalty 0.0353, loss 2.3669
Epoch 23, Batch 155/311, Lx 2.0807, Lu 0.1422, Penalty 0.0340, loss 2.2569
Epoch 23, Batch 156/311, Lx 1.9854, Lu 0.1454, Penalty 0.0440, loss 2.1748
Epoch 23, Batch 157/311, Lx 1.9520, Lu 0.1702, Penalty 0.0428, loss 2.1650
Epoch 23, Batch 158/311, Lx 2.0300, Lu 0.1583, Penalty 0.0562, loss 2.2445
Epoch 23, Batch 159/311, Lx 2.0997, Lu 0.1576, Penalty 0.0352, loss 2.2925
Epoch 23, Batch 160/311, Lx 1.9706, Lu 0.1448, Penalty 0.0388, loss 2.1542
Epoch 23, Batch 161/311, Lx 2.1165, Lu 0.1674, Penalty 0.0394, loss 2.3233
Epoch 23, Batch 162/311, Lx 1.9850, Lu 0.1449, Penalty 0.0532, loss 2.1831
Epoch 23, Batch 163/311, Lx 1.9970, Lu 0.1415, Penalty 0.0385, loss 2.1770
Epoch 23, Batch 164/311, Lx 2.0223, Lu 0.1318, Penalty 0.0436, loss 2.1977
Epoch 23, Batch 165/311, Lx 2.0026, Lu 0.1352, Penalty 0.0432, loss 2.1809
Epoch 23, Batch 166/311, Lx 2.0065, Lu 0.1648, Penalty 0.0392, loss 2.2105
Epoch 23, Batch 167/311, Lx 2.0511, Lu 0.1352, Penalty 0.0426, loss 2.2289
Epoch 23, Batch 168/311, Lx 1.8957, Lu 0.1278, Penalty 0.0356, loss 2.0592
Epoch 23, Batch 169/311, Lx 1.9670, Lu 0.1430, Penalty 0.0462, loss 2.1562
Epoch 23, Batch 170/311, Lx 2.0252, Lu 0.1634, Penalty 0.0296, loss 2.2182
Epoch 23, Batch 171/311, Lx 2.0533, Lu 0.1761, Penalty 0.0347, loss 2.2641
Epoch 23, Batch 172/311, Lx 1.9983, Lu 0.1832, Penalty 0.0398, loss 2.2213
Epoch 23, Batch 173/311, Lx 1.8655, Lu 0.1499, Penalty 0.0389, loss 2.0543
Epoch 23, Batch 174/311, Lx 2.0776, Lu 0.1737, Penalty 0.0379, loss 2.2892
Epoch 23, Batch 175/311, Lx 2.0607, Lu 0.1062, Penalty 0.0439, loss 2.2107
Epoch 23, Batch 176/311, Lx 1.9690, Lu 0.1087, Penalty 0.0523, loss 2.1300
Epoch 23, Batch 177/311, Lx 2.0469, Lu 0.1297, Penalty 0.0379, loss 2.2145
Epoch 23, Batch 178/311, Lx 2.0160, Lu 0.1316, Penalty 0.0528, loss 2.2004
Epoch 23, Batch 179/311, Lx 2.0646, Lu 0.1693, Penalty 0.0428, loss 2.2767
Epoch 23, Batch 180/311, Lx 2.1197, Lu 0.1716, Penalty 0.0425, loss 2.3338
Epoch 23, Batch 181/311, Lx 1.6538, Lu 0.1025, Penalty 0.0652, loss 1.8215
Epoch 23, Batch 182/311, Lx 2.0995, Lu 0.1854, Penalty 0.0378, loss 2.3226
Epoch 23, Batch 183/311, Lx 1.9869, Lu 0.1307, Penalty 0.0523, loss 2.1699
Epoch 23, Batch 184/311, Lx 2.0058, Lu 0.1329, Penalty 0.0587, loss 2.1973
Epoch 23, Batch 185/311, Lx 1.9749, Lu 0.1517, Penalty 0.0486, loss 2.1753
Epoch 23, Batch 186/311, Lx 2.1213, Lu 0.1454, Penalty 0.0509, loss 2.3176
Epoch 23, Batch 187/311, Lx 1.9542, Lu 0.1237, Penalty 0.0615, loss 2.1394
Epoch 23, Batch 188/311, Lx 1.9816, Lu 0.1394, Penalty 0.0478, loss 2.1687
Epoch 23, Batch 189/311, Lx 2.0918, Lu 0.1742, Penalty 0.0426, loss 2.3086
Epoch 23, Batch 190/311, Lx 1.9617, Lu 0.1559, Penalty 0.0418, loss 2.1595
Epoch 23, Batch 191/311, Lx 1.7939, Lu 0.1280, Penalty 0.0573, loss 1.9792
Epoch 23, Batch 192/311, Lx 1.9207, Lu 0.1501, Penalty 0.0428, loss 2.1136
Epoch 23, Batch 193/311, Lx 1.9837, Lu 0.1569, Penalty 0.0479, loss 2.1885
Epoch 23, Batch 194/311, Lx 1.9612, Lu 0.1470, Penalty 0.0521, loss 2.1604
Epoch 23, Batch 195/311, Lx 2.1059, Lu 0.1392, Penalty 0.0396, loss 2.2848
Epoch 23, Batch 196/311, Lx 2.0504, Lu 0.1008, Penalty 0.0450, loss 2.1962
Epoch 23, Batch 197/311, Lx 1.9677, Lu 0.1419, Penalty 0.0463, loss 2.1559
Epoch 23, Batch 198/311, Lx 1.9036, Lu 0.1371, Penalty 0.0591, loss 2.0998
Epoch 23, Batch 199/311, Lx 2.1314, Lu 0.1883, Penalty 0.0366, loss 2.3563
Epoch 23, Batch 200/311, Lx 2.1071, Lu 0.1999, Penalty 0.0341, loss 2.3411
Epoch 23, Batch 201/311, Lx 1.8678, Lu 0.1546, Penalty 0.0553, loss 2.0776
Epoch 23, Batch 202/311, Lx 1.9276, Lu 0.1199, Penalty 0.0376, loss 2.0852
Epoch 23, Batch 203/311, Lx 1.9446, Lu 0.1286, Penalty 0.0366, loss 2.1098
Epoch 23, Batch 204/311, Lx 2.0707, Lu 0.1841, Penalty 0.0325, loss 2.2873
Epoch 23, Batch 205/311, Lx 1.8405, Lu 0.1157, Penalty 0.0397, loss 1.9960
Epoch 23, Batch 206/311, Lx 2.1032, Lu 0.1839, Penalty 0.0408, loss 2.3278
Epoch 23, Batch 207/311, Lx 1.8029, Lu 0.1069, Penalty 0.0397, loss 1.9495
Epoch 23, Batch 208/311, Lx 2.1338, Lu 0.1803, Penalty 0.0542, loss 2.3684
Epoch 23, Batch 209/311, Lx 2.0384, Lu 0.1608, Penalty 0.0360, loss 2.2352
Epoch 23, Batch 210/311, Lx 2.1078, Lu 0.1797, Penalty 0.0428, loss 2.3302
Epoch 23, Batch 211/311, Lx 1.9332, Lu 0.1352, Penalty 0.0316, loss 2.0999
Epoch 23, Batch 212/311, Lx 1.9363, Lu 0.1465, Penalty 0.0574, loss 2.1401
Epoch 23, Batch 213/311, Lx 2.0852, Lu 0.1452, Penalty 0.0523, loss 2.2828
Epoch 23, Batch 214/311, Lx 2.0655, Lu 0.1652, Penalty 0.0543, loss 2.2850
Epoch 23, Batch 215/311, Lx 2.0909, Lu 0.1471, Penalty 0.0546, loss 2.2925
Epoch 23, Batch 216/311, Lx 2.0397, Lu 0.1503, Penalty 0.0426, loss 2.2326
Epoch 23, Batch 217/311, Lx 2.1035, Lu 0.1371, Penalty 0.0516, loss 2.2921
Epoch 23, Batch 218/311, Lx 2.0886, Lu 0.1624, Penalty 0.0268, loss 2.2777
Epoch 23, Batch 219/311, Lx 1.9356, Lu 0.1749, Penalty 0.0492, loss 2.1596
Epoch 23, Batch 220/311, Lx 2.0836, Lu 0.1268, Penalty 0.0489, loss 2.2593
Epoch 23, Batch 221/311, Lx 2.0025, Lu 0.1848, Penalty 0.0297, loss 2.2170
Epoch 23, Batch 222/311, Lx 2.0281, Lu 0.1528, Penalty 0.0208, loss 2.2017
Epoch 23, Batch 223/311, Lx 2.1067, Lu 0.1481, Penalty 0.0495, loss 2.3043
Epoch 23, Batch 224/311, Lx 2.0507, Lu 0.1654, Penalty 0.0411, loss 2.2572
Epoch 23, Batch 225/311, Lx 2.1267, Lu 0.1975, Penalty 0.0590, loss 2.3831
Epoch 23, Batch 226/311, Lx 2.1232, Lu 0.1791, Penalty 0.0278, loss 2.3301
Epoch 23, Batch 227/311, Lx 2.0922, Lu 0.1658, Penalty 0.0412, loss 2.2993
Epoch 23, Batch 228/311, Lx 2.0441, Lu 0.1361, Penalty 0.0463, loss 2.2265
Epoch 23, Batch 229/311, Lx 2.1063, Lu 0.1795, Penalty 0.0460, loss 2.3318
Epoch 23, Batch 230/311, Lx 1.9017, Lu 0.1522, Penalty 0.0449, loss 2.0988
Epoch 23, Batch 231/311, Lx 2.1622, Lu 0.1584, Penalty 0.0358, loss 2.3564
Epoch 23, Batch 232/311, Lx 2.0278, Lu 0.1291, Penalty 0.0347, loss 2.1915
Epoch 23, Batch 233/311, Lx 2.1013, Lu 0.1941, Penalty 0.0353, loss 2.3308
Epoch 23, Batch 234/311, Lx 2.1181, Lu 0.1495, Penalty 0.0459, loss 2.3135
Epoch 23, Batch 235/311, Lx 2.0981, Lu 0.1893, Penalty 0.0325, loss 2.3199
Epoch 23, Batch 236/311, Lx 1.9792, Lu 0.1359, Penalty 0.0289, loss 2.1439
Epoch 23, Batch 237/311, Lx 2.0661, Lu 0.1340, Penalty 0.0302, loss 2.2304
Epoch 23, Batch 238/311, Lx 2.0404, Lu 0.1357, Penalty 0.0414, loss 2.2176
Epoch 23, Batch 239/311, Lx 2.0203, Lu 0.1478, Penalty 0.0410, loss 2.2091
Epoch 23, Batch 240/311, Lx 1.9888, Lu 0.1447, Penalty 0.0233, loss 2.1568
Epoch 23, Batch 241/311, Lx 2.1500, Lu 0.1380, Penalty 0.0419, loss 2.3299
Epoch 23, Batch 242/311, Lx 2.0549, Lu 0.1505, Penalty 0.0473, loss 2.2527
Epoch 23, Batch 243/311, Lx 2.0737, Lu 0.1374, Penalty 0.0301, loss 2.2412
Epoch 23, Batch 244/311, Lx 2.1346, Lu 0.1703, Penalty 0.0252, loss 2.3302
Epoch 23, Batch 245/311, Lx 1.9011, Lu 0.1520, Penalty 0.0424, loss 2.0956
Epoch 23, Batch 246/311, Lx 2.0023, Lu 0.1328, Penalty 0.0370, loss 2.1721
Epoch 23, Batch 247/311, Lx 2.0906, Lu 0.1674, Penalty 0.0329, loss 2.2909
Epoch 23, Batch 248/311, Lx 2.1133, Lu 0.1045, Penalty 0.0291, loss 2.2469
Epoch 23, Batch 249/311, Lx 2.0387, Lu 0.1297, Penalty 0.0424, loss 2.2109
Epoch 23, Batch 250/311, Lx 2.0611, Lu 0.1862, Penalty 0.0257, loss 2.2731
Epoch 23, Batch 251/311, Lx 1.8754, Lu 0.1295, Penalty 0.0379, loss 2.0429
Epoch 23, Batch 252/311, Lx 2.0023, Lu 0.1204, Penalty 0.0286, loss 2.1513
Epoch 23, Batch 253/311, Lx 2.1265, Lu 0.1378, Penalty 0.0534, loss 2.3177
Epoch 23, Batch 254/311, Lx 1.8299, Lu 0.1191, Penalty 0.0371, loss 1.9860
Epoch 23, Batch 255/311, Lx 2.1507, Lu 0.1242, Penalty 0.0370, loss 2.3119
Epoch 23, Batch 256/311, Lx 2.0725, Lu 0.1922, Penalty 0.0347, loss 2.2995
Epoch 23, Batch 257/311, Lx 2.0874, Lu 0.1614, Penalty 0.0671, loss 2.3158
Epoch 23, Batch 258/311, Lx 2.1345, Lu 0.1651, Penalty 0.0332, loss 2.3328
Epoch 23, Batch 259/311, Lx 1.9780, Lu 0.1510, Penalty 0.0386, loss 2.1676
Epoch 23, Batch 260/311, Lx 2.1331, Lu 0.1732, Penalty 0.0465, loss 2.3528
Epoch 23, Batch 261/311, Lx 2.0634, Lu 0.1522, Penalty 0.0357, loss 2.2513
Epoch 23, Batch 262/311, Lx 2.1055, Lu 0.1721, Penalty 0.0338, loss 2.3114
Epoch 23, Batch 263/311, Lx 2.0586, Lu 0.1780, Penalty 0.0255, loss 2.2621
Epoch 23, Batch 264/311, Lx 1.9758, Lu 0.1640, Penalty 0.0544, loss 2.1942
Epoch 23, Batch 265/311, Lx 2.0184, Lu 0.1402, Penalty 0.0359, loss 2.1945
Epoch 23, Batch 266/311, Lx 2.0660, Lu 0.1832, Penalty 0.0490, loss 2.2982
Epoch 23, Batch 267/311, Lx 1.9961, Lu 0.1398, Penalty 0.0442, loss 2.1801
Epoch 23, Batch 268/311, Lx 2.0527, Lu 0.1622, Penalty 0.0587, loss 2.2736
Epoch 23, Batch 269/311, Lx 2.0085, Lu 0.1452, Penalty 0.0563, loss 2.2101
Epoch 23, Batch 270/311, Lx 2.0363, Lu 0.1577, Penalty 0.0565, loss 2.2505
Epoch 23, Batch 271/311, Lx 1.8372, Lu 0.1359, Penalty 0.0500, loss 2.0231
Epoch 23, Batch 272/311, Lx 1.9965, Lu 0.1205, Penalty 0.0383, loss 2.1552
Epoch 23, Batch 273/311, Lx 1.9322, Lu 0.1511, Penalty 0.0513, loss 2.1346
Epoch 23, Batch 274/311, Lx 2.0162, Lu 0.1409, Penalty 0.0516, loss 2.2087
Epoch 23, Batch 275/311, Lx 2.1178, Lu 0.1398, Penalty 0.0375, loss 2.2950
Epoch 23, Batch 276/311, Lx 1.7859, Lu 0.1097, Penalty 0.0386, loss 1.9343
Epoch 23, Batch 277/311, Lx 2.1096, Lu 0.1399, Penalty 0.0521, loss 2.3016
Epoch 23, Batch 278/311, Lx 1.8001, Lu 0.1208, Penalty 0.0528, loss 1.9737
Epoch 23, Batch 279/311, Lx 2.0383, Lu 0.1754, Penalty 0.0497, loss 2.2634
Epoch 23, Batch 280/311, Lx 1.9470, Lu 0.1646, Penalty 0.0393, loss 2.1509
Epoch 23, Batch 281/311, Lx 1.9667, Lu 0.1545, Penalty 0.0393, loss 2.1604
Epoch 23, Batch 282/311, Lx 2.0224, Lu 0.1669, Penalty 0.0592, loss 2.2485
Epoch 23, Batch 283/311, Lx 2.0469, Lu 0.1483, Penalty 0.0592, loss 2.2544
Epoch 23, Batch 284/311, Lx 1.9808, Lu 0.1654, Penalty 0.0368, loss 2.1831
Epoch 23, Batch 285/311, Lx 2.1479, Lu 0.1871, Penalty 0.0438, loss 2.3789
Epoch 23, Batch 286/311, Lx 1.8946, Lu 0.1023, Penalty 0.0404, loss 2.0374
Epoch 23, Batch 287/311, Lx 2.0857, Lu 0.1345, Penalty 0.0354, loss 2.2555
Epoch 23, Batch 288/311, Lx 2.0807, Lu 0.1493, Penalty 0.0306, loss 2.2606
Epoch 23, Batch 289/311, Lx 1.9907, Lu 0.1528, Penalty 0.0483, loss 2.1918
Epoch 23, Batch 290/311, Lx 2.1184, Lu 0.1783, Penalty 0.0437, loss 2.3404
Epoch 23, Batch 291/311, Lx 2.0635, Lu 0.1304, Penalty 0.0445, loss 2.2384
Epoch 23, Batch 292/311, Lx 2.0329, Lu 0.1392, Penalty 0.0347, loss 2.2068
Epoch 23, Batch 293/311, Lx 2.0446, Lu 0.1611, Penalty 0.0534, loss 2.2591
Epoch 23, Batch 294/311, Lx 1.9887, Lu 0.1726, Penalty 0.0339, loss 2.1953
Epoch 23, Batch 295/311, Lx 1.9693, Lu 0.1696, Penalty 0.0642, loss 2.2031
Epoch 23, Batch 296/311, Lx 1.8066, Lu 0.1628, Penalty 0.0544, loss 2.0238
Epoch 23, Batch 297/311, Lx 2.0037, Lu 0.1312, Penalty 0.0594, loss 2.1943
Epoch 23, Batch 298/311, Lx 1.9650, Lu 0.1354, Penalty 0.0495, loss 2.1499
Epoch 23, Batch 299/311, Lx 2.0070, Lu 0.1401, Penalty 0.0420, loss 2.1891
Epoch 23, Batch 300/311, Lx 2.0473, Lu 0.1845, Penalty 0.0549, loss 2.2867
Epoch 23, Batch 301/311, Lx 1.9713, Lu 0.1484, Penalty 0.0426, loss 2.1623
Epoch 23, Batch 302/311, Lx 1.9145, Lu 0.1522, Penalty 0.0359, loss 2.1026
Epoch 23, Batch 303/311, Lx 1.9571, Lu 0.1541, Penalty 0.0304, loss 2.1416
Epoch 23, Batch 304/311, Lx 2.0736, Lu 0.1576, Penalty 0.0339, loss 2.2652
Epoch 23, Batch 305/311, Lx 2.0826, Lu 0.1267, Penalty 0.0395, loss 2.2488
Epoch 23, Batch 306/311, Lx 1.9931, Lu 0.1312, Penalty 0.0310, loss 2.1554
Epoch 23, Batch 307/311, Lx 2.0751, Lu 0.1682, Penalty 0.0524, loss 2.2957
Epoch 23, Batch 308/311, Lx 2.1411, Lu 0.1971, Penalty 0.0401, loss 2.3783
Epoch 23, Batch 309/311, Lx 1.8998, Lu 0.1215, Penalty 0.0333, loss 2.0546
Epoch 23, Batch 310/311, Lx 2.0524, Lu 0.1396, Penalty 0.0327, loss 2.2247
Epoch 23, Batch 311/311, Lx 2.1276, Lu 0.1132, Penalty 0.0399, loss 2.2807
Loss: 2.2367, Lx: 2.0427, Lu: 0.1540, Penalty: 0.0400
Training for Network 2
labelled data size: 10396
unlabelled data size: 31604
Epoch 23, Batch 1/325, Lx 2.2067, Lu 0.1856, Penalty 0.0184, loss 2.4107
Epoch 23, Batch 2/325, Lx 2.0816, Lu 0.1922, Penalty 0.0236, loss 2.2974
Epoch 23, Batch 3/325, Lx 2.1332, Lu 0.1531, Penalty 0.0270, loss 2.3133
Epoch 23, Batch 4/325, Lx 2.1045, Lu 0.1451, Penalty 0.0283, loss 2.2778
Epoch 23, Batch 5/325, Lx 2.1883, Lu 0.1479, Penalty 0.0236, loss 2.3598
Epoch 23, Batch 6/325, Lx 2.0746, Lu 0.1746, Penalty 0.0286, loss 2.2777
Epoch 23, Batch 7/325, Lx 2.0347, Lu 0.1492, Penalty 0.0259, loss 2.2098
Epoch 23, Batch 8/325, Lx 1.8830, Lu 0.1609, Penalty 0.0400, loss 2.0838
Epoch 23, Batch 9/325, Lx 2.1549, Lu 0.1425, Penalty 0.0277, loss 2.3251
Epoch 23, Batch 10/325, Lx 2.2097, Lu 0.2046, Penalty 0.0262, loss 2.4405
Epoch 23, Batch 11/325, Lx 2.0576, Lu 0.1479, Penalty 0.0216, loss 2.2271
Epoch 23, Batch 12/325, Lx 2.0210, Lu 0.1182, Penalty 0.0340, loss 2.1732
Epoch 23, Batch 13/325, Lx 2.0836, Lu 0.1883, Penalty 0.0280, loss 2.2999
Epoch 23, Batch 14/325, Lx 2.1572, Lu 0.1687, Penalty 0.0213, loss 2.3473
Epoch 23, Batch 15/325, Lx 2.1335, Lu 0.1459, Penalty 0.0254, loss 2.3047
Epoch 23, Batch 16/325, Lx 2.1640, Lu 0.1477, Penalty 0.0204, loss 2.3321
Epoch 23, Batch 17/325, Lx 2.0339, Lu 0.1393, Penalty 0.0245, loss 2.1977
Epoch 23, Batch 18/325, Lx 2.0746, Lu 0.1357, Penalty 0.0381, loss 2.2484
Epoch 23, Batch 19/325, Lx 2.0323, Lu 0.1766, Penalty 0.0273, loss 2.2362
Epoch 23, Batch 20/325, Lx 2.1257, Lu 0.1690, Penalty 0.0361, loss 2.3308
Epoch 23, Batch 21/325, Lx 2.0350, Lu 0.1120, Penalty 0.0262, loss 2.1732
Epoch 23, Batch 22/325, Lx 2.1399, Lu 0.1443, Penalty 0.0270, loss 2.3112
Epoch 23, Batch 23/325, Lx 2.0232, Lu 0.1757, Penalty 0.0369, loss 2.2358
Epoch 23, Batch 24/325, Lx 2.0372, Lu 0.1881, Penalty 0.0308, loss 2.2561
Epoch 23, Batch 25/325, Lx 2.0738, Lu 0.1950, Penalty 0.0224, loss 2.2912
Epoch 23, Batch 26/325, Lx 2.0207, Lu 0.1754, Penalty 0.0286, loss 2.2247
Epoch 23, Batch 27/325, Lx 2.0801, Lu 0.1597, Penalty 0.0340, loss 2.2738
Epoch 23, Batch 28/325, Lx 2.1301, Lu 0.2145, Penalty 0.0273, loss 2.3719
Epoch 23, Batch 29/325, Lx 2.0117, Lu 0.1173, Penalty 0.0269, loss 2.1558
Epoch 23, Batch 30/325, Lx 2.1028, Lu 0.1622, Penalty 0.0310, loss 2.2960
Epoch 23, Batch 31/325, Lx 2.0542, Lu 0.1489, Penalty 0.0263, loss 2.2295
Epoch 23, Batch 32/325, Lx 2.1515, Lu 0.1817, Penalty 0.0202, loss 2.3534
Epoch 23, Batch 33/325, Lx 2.0469, Lu 0.1579, Penalty 0.0278, loss 2.2327
Epoch 23, Batch 34/325, Lx 2.1201, Lu 0.2001, Penalty 0.0257, loss 2.3459
Epoch 23, Batch 35/325, Lx 2.1335, Lu 0.1456, Penalty 0.0353, loss 2.3143
Epoch 23, Batch 36/325, Lx 2.1109, Lu 0.1488, Penalty 0.0323, loss 2.2920
Epoch 23, Batch 37/325, Lx 2.0894, Lu 0.1675, Penalty 0.0267, loss 2.2837
Epoch 23, Batch 38/325, Lx 2.0081, Lu 0.1864, Penalty 0.0401, loss 2.2347
Epoch 23, Batch 39/325, Lx 2.0623, Lu 0.1615, Penalty 0.0314, loss 2.2551
Epoch 23, Batch 40/325, Lx 2.1641, Lu 0.1745, Penalty 0.0241, loss 2.3627
Epoch 23, Batch 41/325, Lx 2.1493, Lu 0.1832, Penalty 0.0378, loss 2.3703
Epoch 23, Batch 42/325, Lx 2.1586, Lu 0.1722, Penalty 0.0277, loss 2.3585
Epoch 23, Batch 43/325, Lx 1.9962, Lu 0.1531, Penalty 0.0333, loss 2.1827
Epoch 23, Batch 44/325, Lx 1.9540, Lu 0.1466, Penalty 0.0318, loss 2.1324
Epoch 23, Batch 45/325, Lx 2.1538, Lu 0.1393, Penalty 0.0296, loss 2.3226
Epoch 23, Batch 46/325, Lx 2.1171, Lu 0.1471, Penalty 0.0265, loss 2.2907
Epoch 23, Batch 47/325, Lx 2.1056, Lu 0.1553, Penalty 0.0267, loss 2.2876
Epoch 23, Batch 48/325, Lx 2.2027, Lu 0.2016, Penalty 0.0279, loss 2.4322
Epoch 23, Batch 49/325, Lx 2.1559, Lu 0.1311, Penalty 0.0232, loss 2.3102
Epoch 23, Batch 50/325, Lx 2.1116, Lu 0.1552, Penalty 0.0303, loss 2.2971
Epoch 23, Batch 51/325, Lx 2.1213, Lu 0.1808, Penalty 0.0370, loss 2.3391
Epoch 23, Batch 52/325, Lx 2.0552, Lu 0.1985, Penalty 0.0350, loss 2.2887
Epoch 23, Batch 53/325, Lx 2.1576, Lu 0.1809, Penalty 0.0282, loss 2.3667
Epoch 23, Batch 54/325, Lx 2.0950, Lu 0.2191, Penalty 0.0426, loss 2.3567
Epoch 23, Batch 55/325, Lx 2.1559, Lu 0.1749, Penalty 0.0236, loss 2.3544
Epoch 23, Batch 56/325, Lx 2.0850, Lu 0.1664, Penalty 0.0267, loss 2.2780
Epoch 23, Batch 57/325, Lx 2.1585, Lu 0.1699, Penalty 0.0321, loss 2.3605
Epoch 23, Batch 58/325, Lx 2.0988, Lu 0.2133, Penalty 0.0270, loss 2.3390
Epoch 23, Batch 59/325, Lx 2.0705, Lu 0.1586, Penalty 0.0254, loss 2.2544
Epoch 23, Batch 60/325, Lx 2.1895, Lu 0.1634, Penalty 0.0247, loss 2.3776
Epoch 23, Batch 61/325, Lx 2.0784, Lu 0.1464, Penalty 0.0319, loss 2.2566
Epoch 23, Batch 62/325, Lx 2.0245, Lu 0.1799, Penalty 0.0242, loss 2.2286
Epoch 23, Batch 63/325, Lx 2.1680, Lu 0.1381, Penalty 0.0241, loss 2.3302
Epoch 23, Batch 64/325, Lx 2.0111, Lu 0.1429, Penalty 0.0287, loss 2.1827
Epoch 23, Batch 65/325, Lx 2.0257, Lu 0.1522, Penalty 0.0383, loss 2.2163
Epoch 23, Batch 66/325, Lx 2.1386, Lu 0.1974, Penalty 0.0303, loss 2.3663
Epoch 23, Batch 67/325, Lx 2.1120, Lu 0.1353, Penalty 0.0354, loss 2.2827
Epoch 23, Batch 68/325, Lx 2.1943, Lu 0.1743, Penalty 0.0304, loss 2.3989
Epoch 23, Batch 69/325, Lx 2.1696, Lu 0.2430, Penalty 0.0337, loss 2.4462
Epoch 23, Batch 70/325, Lx 2.0453, Lu 0.1174, Penalty 0.0185, loss 2.1811
Epoch 23, Batch 71/325, Lx 2.2516, Lu 0.1305, Penalty 0.0266, loss 2.4088
Epoch 23, Batch 72/325, Lx 2.0667, Lu 0.1690, Penalty 0.0267, loss 2.2623
Epoch 23, Batch 73/325, Lx 2.1264, Lu 0.1272, Penalty 0.0280, loss 2.2817
Epoch 23, Batch 74/325, Lx 2.2484, Lu 0.1673, Penalty 0.0241, loss 2.4398
Epoch 23, Batch 75/325, Lx 2.1760, Lu 0.1675, Penalty 0.0317, loss 2.3751
Epoch 23, Batch 76/325, Lx 2.1132, Lu 0.1853, Penalty 0.0301, loss 2.3287
Epoch 23, Batch 77/325, Lx 2.0627, Lu 0.1494, Penalty 0.0192, loss 2.2313
Epoch 23, Batch 78/325, Lx 2.1876, Lu 0.1416, Penalty 0.0197, loss 2.3489
Epoch 23, Batch 79/325, Lx 2.0664, Lu 0.1549, Penalty 0.0310, loss 2.2524
Epoch 23, Batch 80/325, Lx 2.1082, Lu 0.1797, Penalty 0.0234, loss 2.3113
Epoch 23, Batch 81/325, Lx 2.0422, Lu 0.1476, Penalty 0.0160, loss 2.2057
Epoch 23, Batch 82/325, Lx 2.1916, Lu 0.1260, Penalty 0.0173, loss 2.3349
Epoch 23, Batch 83/325, Lx 2.1553, Lu 0.1868, Penalty 0.0270, loss 2.3691
Epoch 23, Batch 84/325, Lx 2.2103, Lu 0.1577, Penalty 0.0256, loss 2.3935
Epoch 23, Batch 85/325, Lx 2.1472, Lu 0.1615, Penalty 0.0271, loss 2.3358
Epoch 23, Batch 86/325, Lx 2.1301, Lu 0.1639, Penalty 0.0230, loss 2.3170
Epoch 23, Batch 87/325, Lx 2.0389, Lu 0.1661, Penalty 0.0266, loss 2.2315
Epoch 23, Batch 88/325, Lx 2.0586, Lu 0.1205, Penalty 0.0170, loss 2.1961
Epoch 23, Batch 89/325, Lx 2.1492, Lu 0.1763, Penalty 0.0249, loss 2.3504
Epoch 23, Batch 90/325, Lx 2.0892, Lu 0.1922, Penalty 0.0266, loss 2.3080
Epoch 23, Batch 91/325, Lx 2.1017, Lu 0.2098, Penalty 0.0298, loss 2.3413
Epoch 23, Batch 92/325, Lx 2.0557, Lu 0.1612, Penalty 0.0215, loss 2.2384
Epoch 23, Batch 93/325, Lx 2.1283, Lu 0.1967, Penalty 0.0265, loss 2.3514
Epoch 23, Batch 94/325, Lx 2.0411, Lu 0.1809, Penalty 0.0178, loss 2.2398
Epoch 23, Batch 95/325, Lx 2.1361, Lu 0.1732, Penalty 0.0330, loss 2.3424
Epoch 23, Batch 96/325, Lx 1.9808, Lu 0.1271, Penalty 0.0221, loss 2.1300
Epoch 23, Batch 97/325, Lx 2.1862, Lu 0.1951, Penalty 0.0409, loss 2.4222
Epoch 23, Batch 98/325, Lx 2.1501, Lu 0.1771, Penalty 0.0182, loss 2.3454
Epoch 23, Batch 99/325, Lx 2.0931, Lu 0.1123, Penalty 0.0223, loss 2.2277
Epoch 23, Batch 100/325, Lx 2.0912, Lu 0.1398, Penalty 0.0287, loss 2.2597
Epoch 23, Batch 101/325, Lx 2.0039, Lu 0.1754, Penalty 0.0267, loss 2.2060
Epoch 23, Batch 102/325, Lx 1.9810, Lu 0.1322, Penalty 0.0181, loss 2.1313
Epoch 23, Batch 103/325, Lx 2.0659, Lu 0.1641, Penalty 0.0368, loss 2.2669
Epoch 23, Batch 104/325, Lx 2.1704, Lu 0.1709, Penalty 0.0292, loss 2.3705
Epoch 23, Batch 105/325, Lx 2.1047, Lu 0.1855, Penalty 0.0312, loss 2.3214
Epoch 23, Batch 106/325, Lx 2.1270, Lu 0.1685, Penalty 0.0291, loss 2.3247
Epoch 23, Batch 107/325, Lx 1.9306, Lu 0.1219, Penalty 0.0223, loss 2.0748
Epoch 23, Batch 108/325, Lx 2.2082, Lu 0.1478, Penalty 0.0287, loss 2.3847
Epoch 23, Batch 109/325, Lx 2.0342, Lu 0.1577, Penalty 0.0343, loss 2.2262
Epoch 23, Batch 110/325, Lx 2.0645, Lu 0.1746, Penalty 0.0372, loss 2.2763
Epoch 23, Batch 111/325, Lx 2.2199, Lu 0.1615, Penalty 0.0257, loss 2.4071
Epoch 23, Batch 112/325, Lx 2.1959, Lu 0.2133, Penalty 0.0240, loss 2.4332
Epoch 23, Batch 113/325, Lx 1.9843, Lu 0.1392, Penalty 0.0224, loss 2.1459
Epoch 23, Batch 114/325, Lx 2.1293, Lu 0.2095, Penalty 0.0286, loss 2.3674
Epoch 23, Batch 115/325, Lx 2.1784, Lu 0.1667, Penalty 0.0175, loss 2.3626
Epoch 23, Batch 116/325, Lx 2.0815, Lu 0.1446, Penalty 0.0377, loss 2.2637
Epoch 23, Batch 117/325, Lx 1.8437, Lu 0.1433, Penalty 0.0332, loss 2.0202
Epoch 23, Batch 118/325, Lx 2.0269, Lu 0.1621, Penalty 0.0266, loss 2.2157
Epoch 23, Batch 119/325, Lx 2.1038, Lu 0.1803, Penalty 0.0229, loss 2.3070
Epoch 23, Batch 120/325, Lx 2.1811, Lu 0.1503, Penalty 0.0268, loss 2.3581
Epoch 23, Batch 121/325, Lx 2.2489, Lu 0.1637, Penalty 0.0223, loss 2.4348
Epoch 23, Batch 122/325, Lx 1.9814, Lu 0.1672, Penalty 0.0280, loss 2.1767
Epoch 23, Batch 123/325, Lx 2.1120, Lu 0.1600, Penalty 0.0413, loss 2.3133
Epoch 23, Batch 124/325, Lx 2.0493, Lu 0.1355, Penalty 0.0250, loss 2.2098
Epoch 23, Batch 125/325, Lx 2.0237, Lu 0.1196, Penalty 0.0140, loss 2.1573
Epoch 23, Batch 126/325, Lx 2.0760, Lu 0.1710, Penalty 0.0342, loss 2.2812
Epoch 23, Batch 127/325, Lx 1.9981, Lu 0.2203, Penalty 0.0274, loss 2.2458
Epoch 23, Batch 128/325, Lx 2.2630, Lu 0.1346, Penalty 0.0225, loss 2.4201
Epoch 23, Batch 129/325, Lx 2.0680, Lu 0.1536, Penalty 0.0321, loss 2.2537
Epoch 23, Batch 130/325, Lx 2.1372, Lu 0.1449, Penalty 0.0309, loss 2.3130
Epoch 23, Batch 131/325, Lx 2.0719, Lu 0.1622, Penalty 0.0224, loss 2.2566
Epoch 23, Batch 132/325, Lx 2.1254, Lu 0.1612, Penalty 0.0320, loss 2.3187
Epoch 23, Batch 133/325, Lx 2.1013, Lu 0.1892, Penalty 0.0238, loss 2.3143
Epoch 23, Batch 134/325, Lx 2.0681, Lu 0.1474, Penalty 0.0311, loss 2.2466
Epoch 23, Batch 135/325, Lx 2.1901, Lu 0.1418, Penalty 0.0234, loss 2.3552
Epoch 23, Batch 136/325, Lx 2.0814, Lu 0.1486, Penalty 0.0271, loss 2.2571
Epoch 23, Batch 137/325, Lx 2.1171, Lu 0.1694, Penalty 0.0246, loss 2.3111
Epoch 23, Batch 138/325, Lx 2.0811, Lu 0.1625, Penalty 0.0283, loss 2.2718
Epoch 23, Batch 139/325, Lx 2.1468, Lu 0.2100, Penalty 0.0274, loss 2.3842
Epoch 23, Batch 140/325, Lx 2.2583, Lu 0.1774, Penalty 0.0350, loss 2.4707
Epoch 23, Batch 141/325, Lx 2.1010, Lu 0.1976, Penalty 0.0429, loss 2.3415
Epoch 23, Batch 142/325, Lx 2.0558, Lu 0.1645, Penalty 0.0243, loss 2.2446
Epoch 23, Batch 143/325, Lx 2.1612, Lu 0.1834, Penalty 0.0264, loss 2.3711
Epoch 23, Batch 144/325, Lx 2.0791, Lu 0.1863, Penalty 0.0245, loss 2.2899
Epoch 23, Batch 145/325, Lx 2.1191, Lu 0.1630, Penalty 0.0299, loss 2.3120
Epoch 23, Batch 146/325, Lx 2.1065, Lu 0.1983, Penalty 0.0276, loss 2.3324
Epoch 23, Batch 147/325, Lx 1.9924, Lu 0.1668, Penalty 0.0239, loss 2.1831
Epoch 23, Batch 148/325, Lx 2.1529, Lu 0.1429, Penalty 0.0197, loss 2.3154
Epoch 23, Batch 149/325, Lx 2.1293, Lu 0.1514, Penalty 0.0223, loss 2.3031
Epoch 23, Batch 150/325, Lx 2.1588, Lu 0.2084, Penalty 0.0253, loss 2.3925
Epoch 23, Batch 151/325, Lx 2.1353, Lu 0.1531, Penalty 0.0275, loss 2.3159
Epoch 23, Batch 152/325, Lx 2.0618, Lu 0.1362, Penalty 0.0204, loss 2.2184
Epoch 23, Batch 153/325, Lx 2.2061, Lu 0.1542, Penalty 0.0199, loss 2.3802
Epoch 23, Batch 154/325, Lx 2.0457, Lu 0.1779, Penalty 0.0342, loss 2.2577
Epoch 23, Batch 155/325, Lx 1.9941, Lu 0.1616, Penalty 0.0347, loss 2.1904
Epoch 23, Batch 156/325, Lx 2.0253, Lu 0.1660, Penalty 0.0221, loss 2.2134
Epoch 23, Batch 157/325, Lx 2.1713, Lu 0.2008, Penalty 0.0266, loss 2.3987
Epoch 23, Batch 158/325, Lx 2.1300, Lu 0.1500, Penalty 0.0403, loss 2.3202
Epoch 23, Batch 159/325, Lx 1.9852, Lu 0.1648, Penalty 0.0267, loss 2.1767
Epoch 23, Batch 160/325, Lx 2.0588, Lu 0.1564, Penalty 0.0236, loss 2.2388
Epoch 23, Batch 161/325, Lx 2.0237, Lu 0.1257, Penalty 0.0327, loss 2.1822
Epoch 23, Batch 162/325, Lx 2.1704, Lu 0.1972, Penalty 0.0235, loss 2.3912
Epoch 23, Batch 163/325, Lx 2.0618, Lu 0.1952, Penalty 0.0317, loss 2.2886
Epoch 23, Batch 164/325, Lx 2.0682, Lu 0.1660, Penalty 0.0409, loss 2.2751
Epoch 23, Batch 165/325, Lx 2.0890, Lu 0.1560, Penalty 0.0362, loss 2.2812
Epoch 23, Batch 166/325, Lx 2.1632, Lu 0.1769, Penalty 0.0319, loss 2.3719
Epoch 23, Batch 167/325, Lx 2.1040, Lu 0.1598, Penalty 0.0265, loss 2.2903
Epoch 23, Batch 168/325, Lx 2.1284, Lu 0.2001, Penalty 0.0336, loss 2.3621
Epoch 23, Batch 169/325, Lx 2.1462, Lu 0.1629, Penalty 0.0346, loss 2.3438
Epoch 23, Batch 170/325, Lx 2.1322, Lu 0.1978, Penalty 0.0356, loss 2.3657
Epoch 23, Batch 171/325, Lx 2.2489, Lu 0.1837, Penalty 0.0294, loss 2.4620
Epoch 23, Batch 172/325, Lx 2.0100, Lu 0.1572, Penalty 0.0269, loss 2.1941
Epoch 23, Batch 173/325, Lx 2.0616, Lu 0.1198, Penalty 0.0388, loss 2.2202
Epoch 23, Batch 174/325, Lx 2.1072, Lu 0.1864, Penalty 0.0258, loss 2.3195
Epoch 23, Batch 175/325, Lx 2.1099, Lu 0.1935, Penalty 0.0325, loss 2.3359
Epoch 23, Batch 176/325, Lx 2.1367, Lu 0.1547, Penalty 0.0332, loss 2.3245
Epoch 23, Batch 177/325, Lx 1.8841, Lu 0.1440, Penalty 0.0248, loss 2.0529
Epoch 23, Batch 178/325, Lx 1.8323, Lu 0.1332, Penalty 0.0333, loss 1.9988
Epoch 23, Batch 179/325, Lx 2.1323, Lu 0.1730, Penalty 0.0344, loss 2.3397
Epoch 23, Batch 180/325, Lx 2.1473, Lu 0.1614, Penalty 0.0300, loss 2.3386
Epoch 23, Batch 181/325, Lx 2.1379, Lu 0.1525, Penalty 0.0313, loss 2.3217
Epoch 23, Batch 182/325, Lx 2.0128, Lu 0.1835, Penalty 0.0276, loss 2.2239
Epoch 23, Batch 183/325, Lx 2.1664, Lu 0.1856, Penalty 0.0286, loss 2.3806
Epoch 23, Batch 184/325, Lx 2.1431, Lu 0.1901, Penalty 0.0280, loss 2.3611
Epoch 23, Batch 185/325, Lx 2.1219, Lu 0.2050, Penalty 0.0279, loss 2.3548
Epoch 23, Batch 186/325, Lx 2.0241, Lu 0.1317, Penalty 0.0268, loss 2.1826
Epoch 23, Batch 187/325, Lx 2.1763, Lu 0.1953, Penalty 0.0243, loss 2.3959
Epoch 23, Batch 188/325, Lx 1.6738, Lu 0.1212, Penalty 0.0285, loss 1.8235
Epoch 23, Batch 189/325, Lx 1.9746, Lu 0.1802, Penalty 0.0388, loss 2.1935
Epoch 23, Batch 190/325, Lx 2.0753, Lu 0.1508, Penalty 0.0305, loss 2.2566
Epoch 23, Batch 191/325, Lx 1.9021, Lu 0.1396, Penalty 0.0239, loss 2.0656
Epoch 23, Batch 192/325, Lx 2.0126, Lu 0.1601, Penalty 0.0274, loss 2.2000
Epoch 23, Batch 193/325, Lx 2.1153, Lu 0.2041, Penalty 0.0272, loss 2.3466
Epoch 23, Batch 194/325, Lx 2.0321, Lu 0.1620, Penalty 0.0207, loss 2.2147
Epoch 23, Batch 195/325, Lx 2.0038, Lu 0.1727, Penalty 0.0152, loss 2.1917
Epoch 23, Batch 196/325, Lx 2.2115, Lu 0.1838, Penalty 0.0260, loss 2.4213
Epoch 23, Batch 197/325, Lx 2.2054, Lu 0.1653, Penalty 0.0195, loss 2.3902
Epoch 23, Batch 198/325, Lx 2.1245, Lu 0.1353, Penalty 0.0202, loss 2.2801
Epoch 23, Batch 199/325, Lx 1.9811, Lu 0.1636, Penalty 0.0251, loss 2.1698
Epoch 23, Batch 200/325, Lx 2.2088, Lu 0.1782, Penalty 0.0224, loss 2.4094
Epoch 23, Batch 201/325, Lx 2.0818, Lu 0.1814, Penalty 0.0298, loss 2.2930
Epoch 23, Batch 202/325, Lx 2.0654, Lu 0.1949, Penalty 0.0195, loss 2.2798
Epoch 23, Batch 203/325, Lx 1.9501, Lu 0.1184, Penalty 0.0246, loss 2.0932
Epoch 23, Batch 204/325, Lx 1.9814, Lu 0.1485, Penalty 0.0358, loss 2.1657
Epoch 23, Batch 205/325, Lx 2.1483, Lu 0.1739, Penalty 0.0166, loss 2.3388
Epoch 23, Batch 206/325, Lx 2.1896, Lu 0.1319, Penalty 0.0185, loss 2.3400
Epoch 23, Batch 207/325, Lx 2.1430, Lu 0.1901, Penalty 0.0318, loss 2.3649
Epoch 23, Batch 208/325, Lx 2.2026, Lu 0.2136, Penalty 0.0210, loss 2.4372
Epoch 23, Batch 209/325, Lx 2.1440, Lu 0.1441, Penalty 0.0302, loss 2.3183
Epoch 23, Batch 210/325, Lx 2.0153, Lu 0.1106, Penalty 0.0225, loss 2.1484
Epoch 23, Batch 211/325, Lx 2.1732, Lu 0.1527, Penalty 0.0285, loss 2.3544
Epoch 23, Batch 212/325, Lx 2.1797, Lu 0.2066, Penalty 0.0224, loss 2.4088
Epoch 23, Batch 213/325, Lx 2.1100, Lu 0.1590, Penalty 0.0214, loss 2.2904
Epoch 23, Batch 214/325, Lx 1.9333, Lu 0.1694, Penalty 0.0163, loss 2.1191
Epoch 23, Batch 215/325, Lx 2.1138, Lu 0.2067, Penalty 0.0330, loss 2.3535
Epoch 23, Batch 216/325, Lx 1.9845, Lu 0.1335, Penalty 0.0315, loss 2.1494
Epoch 23, Batch 217/325, Lx 2.0514, Lu 0.1607, Penalty 0.0249, loss 2.2370
Epoch 23, Batch 218/325, Lx 2.1387, Lu 0.1617, Penalty 0.0231, loss 2.3234
Epoch 23, Batch 219/325, Lx 2.1672, Lu 0.1617, Penalty 0.0212, loss 2.3500
Epoch 23, Batch 220/325, Lx 2.1098, Lu 0.1631, Penalty 0.0191, loss 2.2920
Epoch 23, Batch 221/325, Lx 2.1331, Lu 0.1426, Penalty 0.0326, loss 2.3083
Epoch 23, Batch 222/325, Lx 2.0900, Lu 0.1944, Penalty 0.0414, loss 2.3257
Epoch 23, Batch 223/325, Lx 2.0949, Lu 0.1497, Penalty 0.0304, loss 2.2750
Epoch 23, Batch 224/325, Lx 1.9536, Lu 0.1661, Penalty 0.0249, loss 2.1445
Epoch 23, Batch 225/325, Lx 2.1569, Lu 0.1732, Penalty 0.0343, loss 2.3643
Epoch 23, Batch 226/325, Lx 1.9091, Lu 0.1249, Penalty 0.0232, loss 2.0573
Epoch 23, Batch 227/325, Lx 1.9659, Lu 0.1071, Penalty 0.0342, loss 2.1072
Epoch 23, Batch 228/325, Lx 2.1403, Lu 0.1413, Penalty 0.0228, loss 2.3044
Epoch 23, Batch 229/325, Lx 2.1496, Lu 0.1763, Penalty 0.0267, loss 2.3526
Epoch 23, Batch 230/325, Lx 1.9101, Lu 0.1518, Penalty 0.0423, loss 2.1042
Epoch 23, Batch 231/325, Lx 2.0375, Lu 0.1463, Penalty 0.0360, loss 2.2198
Epoch 23, Batch 232/325, Lx 2.0586, Lu 0.1485, Penalty 0.0233, loss 2.2304
Epoch 23, Batch 233/325, Lx 2.0782, Lu 0.2128, Penalty 0.0359, loss 2.3270
Epoch 23, Batch 234/325, Lx 2.0822, Lu 0.1400, Penalty 0.0297, loss 2.2519
Epoch 23, Batch 235/325, Lx 1.9301, Lu 0.1732, Penalty 0.0264, loss 2.1297
Epoch 23, Batch 236/325, Lx 2.1598, Lu 0.2141, Penalty 0.0371, loss 2.4110
Epoch 23, Batch 237/325, Lx 2.0392, Lu 0.1725, Penalty 0.0341, loss 2.2459
Epoch 23, Batch 238/325, Lx 2.0703, Lu 0.1680, Penalty 0.0399, loss 2.2781
Epoch 23, Batch 239/325, Lx 2.1189, Lu 0.1699, Penalty 0.0344, loss 2.3232
Epoch 23, Batch 240/325, Lx 2.1282, Lu 0.1567, Penalty 0.0395, loss 2.3245
Epoch 23, Batch 241/325, Lx 2.1402, Lu 0.2146, Penalty 0.0341, loss 2.3890
Epoch 23, Batch 242/325, Lx 2.0018, Lu 0.1286, Penalty 0.0332, loss 2.1636
Epoch 23, Batch 243/325, Lx 2.0139, Lu 0.1927, Penalty 0.0321, loss 2.2388
Epoch 23, Batch 244/325, Lx 2.1580, Lu 0.1712, Penalty 0.0311, loss 2.3603
Epoch 23, Batch 245/325, Lx 2.1069, Lu 0.1488, Penalty 0.0339, loss 2.2896
Epoch 23, Batch 246/325, Lx 2.1252, Lu 0.1445, Penalty 0.0318, loss 2.3016
Epoch 23, Batch 247/325, Lx 1.9455, Lu 0.1114, Penalty 0.0347, loss 2.0916
Epoch 23, Batch 248/325, Lx 2.2293, Lu 0.1707, Penalty 0.0313, loss 2.4313
Epoch 23, Batch 249/325, Lx 2.1414, Lu 0.1522, Penalty 0.0281, loss 2.3218
Epoch 23, Batch 250/325, Lx 1.9933, Lu 0.1481, Penalty 0.0266, loss 2.1680
Epoch 23, Batch 251/325, Lx 1.9443, Lu 0.1372, Penalty 0.0340, loss 2.1155
Epoch 23, Batch 252/325, Lx 1.8817, Lu 0.1354, Penalty 0.0391, loss 2.0563
Epoch 23, Batch 253/325, Lx 2.0437, Lu 0.1553, Penalty 0.0254, loss 2.2244
Epoch 23, Batch 254/325, Lx 2.0684, Lu 0.1959, Penalty 0.0293, loss 2.2936
Epoch 23, Batch 255/325, Lx 2.0780, Lu 0.1340, Penalty 0.0233, loss 2.2353
Epoch 23, Batch 256/325, Lx 1.9809, Lu 0.1620, Penalty 0.0248, loss 2.1678
Epoch 23, Batch 257/325, Lx 2.1153, Lu 0.1886, Penalty 0.0310, loss 2.3350
Epoch 23, Batch 258/325, Lx 2.0125, Lu 0.1646, Penalty 0.0271, loss 2.2043
Epoch 23, Batch 259/325, Lx 1.8754, Lu 0.1292, Penalty 0.0306, loss 2.0352
Epoch 23, Batch 260/325, Lx 2.2130, Lu 0.1511, Penalty 0.0296, loss 2.3938
Epoch 23, Batch 261/325, Lx 1.9315, Lu 0.1219, Penalty 0.0264, loss 2.0798
Epoch 23, Batch 262/325, Lx 2.1141, Lu 0.1709, Penalty 0.0305, loss 2.3156
Epoch 23, Batch 263/325, Lx 2.1846, Lu 0.1633, Penalty 0.0216, loss 2.3694
Epoch 23, Batch 264/325, Lx 1.8306, Lu 0.1214, Penalty 0.0319, loss 1.9839
Epoch 23, Batch 265/325, Lx 1.9384, Lu 0.1562, Penalty 0.0385, loss 2.1331
Epoch 23, Batch 266/325, Lx 2.1462, Lu 0.1663, Penalty 0.0239, loss 2.3364
Epoch 23, Batch 267/325, Lx 2.1202, Lu 0.1620, Penalty 0.0263, loss 2.3085
Epoch 23, Batch 268/325, Lx 1.9712, Lu 0.1233, Penalty 0.0255, loss 2.1201
Epoch 23, Batch 269/325, Lx 2.1475, Lu 0.1630, Penalty 0.0222, loss 2.3327
Epoch 23, Batch 270/325, Lx 2.1723, Lu 0.2033, Penalty 0.0252, loss 2.4008
Epoch 23, Batch 271/325, Lx 2.1125, Lu 0.1727, Penalty 0.0186, loss 2.3038
Epoch 23, Batch 272/325, Lx 2.1316, Lu 0.1706, Penalty 0.0275, loss 2.3297
Epoch 23, Batch 273/325, Lx 1.9067, Lu 0.1459, Penalty 0.0350, loss 2.0875
Epoch 23, Batch 274/325, Lx 2.1675, Lu 0.1612, Penalty 0.0234, loss 2.3522
Epoch 23, Batch 275/325, Lx 2.0209, Lu 0.1479, Penalty 0.0205, loss 2.1892
Epoch 23, Batch 276/325, Lx 2.1059, Lu 0.1814, Penalty 0.0282, loss 2.3155
Epoch 23, Batch 277/325, Lx 2.0413, Lu 0.2012, Penalty 0.0325, loss 2.2750
Epoch 23, Batch 278/325, Lx 2.0036, Lu 0.1591, Penalty 0.0259, loss 2.1886
Epoch 23, Batch 279/325, Lx 2.0013, Lu 0.1454, Penalty 0.0300, loss 2.1767
Epoch 23, Batch 280/325, Lx 2.1759, Lu 0.1805, Penalty 0.0336, loss 2.3901
Epoch 23, Batch 281/325, Lx 1.9994, Lu 0.1424, Penalty 0.0357, loss 2.1775
Epoch 23, Batch 282/325, Lx 2.1049, Lu 0.1395, Penalty 0.0288, loss 2.2733
Epoch 23, Batch 283/325, Lx 2.0681, Lu 0.2007, Penalty 0.0284, loss 2.2972
Epoch 23, Batch 284/325, Lx 1.9717, Lu 0.1190, Penalty 0.0203, loss 2.1110
Epoch 23, Batch 285/325, Lx 2.1726, Lu 0.1804, Penalty 0.0332, loss 2.3861
Epoch 23, Batch 286/325, Lx 2.0304, Lu 0.1421, Penalty 0.0226, loss 2.1951
Epoch 23, Batch 287/325, Lx 2.0530, Lu 0.2037, Penalty 0.0374, loss 2.2940
Epoch 23, Batch 288/325, Lx 2.1049, Lu 0.1186, Penalty 0.0250, loss 2.2485
Epoch 23, Batch 289/325, Lx 2.0048, Lu 0.1151, Penalty 0.0172, loss 2.1370
Epoch 23, Batch 290/325, Lx 2.1162, Lu 0.1984, Penalty 0.0245, loss 2.3391
Epoch 23, Batch 291/325, Lx 2.0548, Lu 0.1528, Penalty 0.0268, loss 2.2344
Epoch 23, Batch 292/325, Lx 1.9806, Lu 0.1613, Penalty 0.0266, loss 2.1686
Epoch 23, Batch 293/325, Lx 1.9648, Lu 0.1729, Penalty 0.0306, loss 2.1683
Epoch 23, Batch 294/325, Lx 2.0973, Lu 0.1478, Penalty 0.0140, loss 2.2592
Epoch 23, Batch 295/325, Lx 2.0883, Lu 0.1277, Penalty 0.0247, loss 2.2407
Epoch 23, Batch 296/325, Lx 1.9363, Lu 0.1513, Penalty 0.0347, loss 2.1224
Epoch 23, Batch 297/325, Lx 1.9789, Lu 0.1698, Penalty 0.0330, loss 2.1816
Epoch 23, Batch 298/325, Lx 2.0727, Lu 0.1864, Penalty 0.0368, loss 2.2959
Epoch 23, Batch 299/325, Lx 2.1256, Lu 0.1393, Penalty 0.0247, loss 2.2897
Epoch 23, Batch 300/325, Lx 1.9857, Lu 0.1539, Penalty 0.0253, loss 2.1649
Epoch 23, Batch 301/325, Lx 2.0074, Lu 0.1356, Penalty 0.0245, loss 2.1675
Epoch 23, Batch 302/325, Lx 2.1825, Lu 0.1870, Penalty 0.0353, loss 2.4048
Epoch 23, Batch 303/325, Lx 2.0790, Lu 0.1371, Penalty 0.0333, loss 2.2495
Epoch 23, Batch 304/325, Lx 2.0790, Lu 0.1442, Penalty 0.0348, loss 2.2580
Epoch 23, Batch 305/325, Lx 1.9534, Lu 0.1248, Penalty 0.0198, loss 2.0981
Epoch 23, Batch 306/325, Lx 2.0204, Lu 0.1359, Penalty 0.0392, loss 2.1955
Epoch 23, Batch 307/325, Lx 2.0148, Lu 0.1466, Penalty 0.0347, loss 2.1961
Epoch 23, Batch 308/325, Lx 2.0910, Lu 0.1645, Penalty 0.0212, loss 2.2768
Epoch 23, Batch 309/325, Lx 2.1112, Lu 0.1661, Penalty 0.0327, loss 2.3100
Epoch 23, Batch 310/325, Lx 2.0010, Lu 0.1379, Penalty 0.0201, loss 2.1590
Epoch 23, Batch 311/325, Lx 2.1607, Lu 0.1657, Penalty 0.0225, loss 2.3489
Epoch 23, Batch 312/325, Lx 2.0887, Lu 0.1456, Penalty 0.0286, loss 2.2629
Epoch 23, Batch 313/325, Lx 2.0382, Lu 0.1733, Penalty 0.0345, loss 2.2461
Epoch 23, Batch 314/325, Lx 2.0187, Lu 0.1413, Penalty 0.0174, loss 2.1775
Epoch 23, Batch 315/325, Lx 2.0443, Lu 0.1676, Penalty 0.0282, loss 2.2401
Epoch 23, Batch 316/325, Lx 2.0217, Lu 0.1232, Penalty 0.0349, loss 2.1798
Epoch 23, Batch 317/325, Lx 2.1159, Lu 0.2206, Penalty 0.0278, loss 2.3643
Epoch 23, Batch 318/325, Lx 2.1155, Lu 0.1237, Penalty 0.0233, loss 2.2625
Epoch 23, Batch 319/325, Lx 2.1258, Lu 0.1589, Penalty 0.0204, loss 2.3051
Epoch 23, Batch 320/325, Lx 2.0842, Lu 0.1726, Penalty 0.0291, loss 2.2860
Epoch 23, Batch 321/325, Lx 2.0944, Lu 0.1473, Penalty 0.0275, loss 2.2692
Epoch 23, Batch 322/325, Lx 1.9228, Lu 0.1727, Penalty 0.0344, loss 2.1299
Epoch 23, Batch 323/325, Lx 2.0175, Lu 0.1334, Penalty 0.0232, loss 2.1741
Epoch 23, Batch 324/325, Lx 2.2008, Lu 0.2096, Penalty 0.0303, loss 2.4407
Epoch 23, Batch 325/325, Lx 2.0186, Lu 0.1303, Penalty 0.0247, loss 2.1737
Loss: 2.2740, Lx: 2.0833, Lu: 0.1626, Penalty: 0.0281
Evaluating training data at epoch 23 for Model 1
GMM Means: [0.60839226 0.35024569]
GMM Covariances: [0.01598319 0.01291447]
Evaluating training data at epoch 23 for Model 2
GMM Means: [0.56225277 0.32765417]
GMM Covariances: [0.01533699 0.01312534]
Evaluating models at epoch 23
Test data size: 60000
Epoch: 23, Test Loss: 1.4785, Test Accuracy: 0.5130, Test F1 Score: 0.5152
Training for Network 1
labelled data size: 10687
unlabelled data size: 31313
Epoch 24, Batch 1/334, Lx 2.1256, Lu 0.1748, Penalty 0.0259, loss 2.3263
Epoch 24, Batch 2/334, Lx 1.8599, Lu 0.1637, Penalty 0.0536, loss 2.0772
Epoch 24, Batch 3/334, Lx 2.1221, Lu 0.2105, Penalty 0.0441, loss 2.3766
Epoch 24, Batch 4/334, Lx 2.0701, Lu 0.2583, Penalty 0.0307, loss 2.3591
Epoch 24, Batch 5/334, Lx 2.1517, Lu 0.2190, Penalty 0.0327, loss 2.4034
Epoch 24, Batch 6/334, Lx 2.0306, Lu 0.1572, Penalty 0.0345, loss 2.2223
Epoch 24, Batch 7/334, Lx 2.0493, Lu 0.2059, Penalty 0.0278, loss 2.2830
Epoch 24, Batch 8/334, Lx 1.9381, Lu 0.1764, Penalty 0.0353, loss 2.1497
Epoch 24, Batch 9/334, Lx 2.0766, Lu 0.1971, Penalty 0.0419, loss 2.3156
Epoch 24, Batch 10/334, Lx 2.0031, Lu 0.1985, Penalty 0.0509, loss 2.2524
Epoch 24, Batch 11/334, Lx 2.0370, Lu 0.2029, Penalty 0.0375, loss 2.2775
Epoch 24, Batch 12/334, Lx 2.0480, Lu 0.2089, Penalty 0.0375, loss 2.2944
Epoch 24, Batch 13/334, Lx 2.0623, Lu 0.1744, Penalty 0.0392, loss 2.2759
Epoch 24, Batch 14/334, Lx 1.9757, Lu 0.1693, Penalty 0.0419, loss 2.1869
Epoch 24, Batch 15/334, Lx 1.9054, Lu 0.1930, Penalty 0.0509, loss 2.1493
Epoch 24, Batch 16/334, Lx 1.9481, Lu 0.1465, Penalty 0.0503, loss 2.1449
Epoch 24, Batch 17/334, Lx 1.9825, Lu 0.2181, Penalty 0.0438, loss 2.2444
Epoch 24, Batch 18/334, Lx 2.0433, Lu 0.2129, Penalty 0.0546, loss 2.3108
Epoch 24, Batch 19/334, Lx 2.0107, Lu 0.1995, Penalty 0.0629, loss 2.2731
Epoch 24, Batch 20/334, Lx 2.0228, Lu 0.1683, Penalty 0.0617, loss 2.2529
Epoch 24, Batch 21/334, Lx 1.9586, Lu 0.2153, Penalty 0.0685, loss 2.2424
Epoch 24, Batch 22/334, Lx 2.0600, Lu 0.2257, Penalty 0.0765, loss 2.3621
Epoch 24, Batch 23/334, Lx 2.1545, Lu 0.1946, Penalty 0.0546, loss 2.4038
Epoch 24, Batch 24/334, Lx 1.8990, Lu 0.1796, Penalty 0.0650, loss 2.1436
Epoch 24, Batch 25/334, Lx 1.9796, Lu 0.1731, Penalty 0.0670, loss 2.2196
Epoch 24, Batch 26/334, Lx 2.0649, Lu 0.1693, Penalty 0.0644, loss 2.2986
Epoch 24, Batch 27/334, Lx 2.0537, Lu 0.1883, Penalty 0.0467, loss 2.2887
Epoch 24, Batch 28/334, Lx 1.9337, Lu 0.1308, Penalty 0.0479, loss 2.1124
Epoch 24, Batch 29/334, Lx 2.0387, Lu 0.1521, Penalty 0.0489, loss 2.2397
Epoch 24, Batch 30/334, Lx 2.0792, Lu 0.2265, Penalty 0.0566, loss 2.3622
Epoch 24, Batch 31/334, Lx 1.9389, Lu 0.1540, Penalty 0.0543, loss 2.1473
Epoch 24, Batch 32/334, Lx 2.0829, Lu 0.2613, Penalty 0.0552, loss 2.3994
Epoch 24, Batch 33/334, Lx 1.9206, Lu 0.1608, Penalty 0.0556, loss 2.1370
Epoch 24, Batch 34/334, Lx 1.8377, Lu 0.1687, Penalty 0.0806, loss 2.0870
Epoch 24, Batch 35/334, Lx 2.0462, Lu 0.2015, Penalty 0.0507, loss 2.2985
Epoch 24, Batch 36/334, Lx 1.9712, Lu 0.2197, Penalty 0.0662, loss 2.2572
Epoch 24, Batch 37/334, Lx 1.9769, Lu 0.1896, Penalty 0.0540, loss 2.2204
Epoch 24, Batch 38/334, Lx 1.9785, Lu 0.1593, Penalty 0.0465, loss 2.1844
Epoch 24, Batch 39/334, Lx 1.9749, Lu 0.1816, Penalty 0.0434, loss 2.1998
Epoch 24, Batch 40/334, Lx 2.0718, Lu 0.2350, Penalty 0.0760, loss 2.3829
Epoch 24, Batch 41/334, Lx 1.9554, Lu 0.1561, Penalty 0.0551, loss 2.1666
Epoch 24, Batch 42/334, Lx 1.9592, Lu 0.1678, Penalty 0.0632, loss 2.1902
Epoch 24, Batch 43/334, Lx 1.7543, Lu 0.1336, Penalty 0.0593, loss 1.9472
Epoch 24, Batch 44/334, Lx 2.0147, Lu 0.2067, Penalty 0.0602, loss 2.2816
Epoch 24, Batch 45/334, Lx 2.1337, Lu 0.2142, Penalty 0.0691, loss 2.4170
Epoch 24, Batch 46/334, Lx 2.1335, Lu 0.1613, Penalty 0.0444, loss 2.3392
Epoch 24, Batch 47/334, Lx 2.0253, Lu 0.2113, Penalty 0.0529, loss 2.2895
Epoch 24, Batch 48/334, Lx 1.7794, Lu 0.1409, Penalty 0.0472, loss 1.9674
Epoch 24, Batch 49/334, Lx 1.9518, Lu 0.2064, Penalty 0.0649, loss 2.2231
Epoch 24, Batch 50/334, Lx 2.0639, Lu 0.2163, Penalty 0.0603, loss 2.3405
Epoch 24, Batch 51/334, Lx 2.0633, Lu 0.1670, Penalty 0.0577, loss 2.2879
Epoch 24, Batch 52/334, Lx 2.0346, Lu 0.1968, Penalty 0.0516, loss 2.2830
Epoch 24, Batch 53/334, Lx 2.1014, Lu 0.2117, Penalty 0.0494, loss 2.3625
Epoch 24, Batch 54/334, Lx 2.1425, Lu 0.2255, Penalty 0.0436, loss 2.4115
Epoch 24, Batch 55/334, Lx 2.0360, Lu 0.1634, Penalty 0.0536, loss 2.2529
Epoch 24, Batch 56/334, Lx 1.9815, Lu 0.1850, Penalty 0.0569, loss 2.2234
Epoch 24, Batch 57/334, Lx 2.1012, Lu 0.1991, Penalty 0.0511, loss 2.3513
Epoch 24, Batch 58/334, Lx 1.7304, Lu 0.1621, Penalty 0.0404, loss 1.9329
Epoch 24, Batch 59/334, Lx 1.9872, Lu 0.1965, Penalty 0.0670, loss 2.2506
Epoch 24, Batch 60/334, Lx 1.8586, Lu 0.1853, Penalty 0.0434, loss 2.0873
Epoch 24, Batch 61/334, Lx 2.0532, Lu 0.2242, Penalty 0.0512, loss 2.3286
Epoch 24, Batch 62/334, Lx 1.9443, Lu 0.1748, Penalty 0.0498, loss 2.1689
Epoch 24, Batch 63/334, Lx 2.2245, Lu 0.2388, Penalty 0.0430, loss 2.5063
Epoch 24, Batch 64/334, Lx 1.9339, Lu 0.1647, Penalty 0.0554, loss 2.1540
Epoch 24, Batch 65/334, Lx 1.8241, Lu 0.1534, Penalty 0.0612, loss 2.0387
Epoch 24, Batch 66/334, Lx 2.0648, Lu 0.1747, Penalty 0.0485, loss 2.2880
Epoch 24, Batch 67/334, Lx 2.0813, Lu 0.2529, Penalty 0.0410, loss 2.3753
Epoch 24, Batch 68/334, Lx 2.1093, Lu 0.1954, Penalty 0.0401, loss 2.3448
Epoch 24, Batch 69/334, Lx 2.0595, Lu 0.1580, Penalty 0.0392, loss 2.2567
Epoch 24, Batch 70/334, Lx 2.0881, Lu 0.1833, Penalty 0.0504, loss 2.3218
Epoch 24, Batch 71/334, Lx 2.0274, Lu 0.1693, Penalty 0.0424, loss 2.2392
Epoch 24, Batch 72/334, Lx 2.0417, Lu 0.2175, Penalty 0.0466, loss 2.3059
Epoch 24, Batch 73/334, Lx 1.9887, Lu 0.2400, Penalty 0.0669, loss 2.2956
Epoch 24, Batch 74/334, Lx 2.0173, Lu 0.1637, Penalty 0.0420, loss 2.2230
Epoch 24, Batch 75/334, Lx 2.1150, Lu 0.2072, Penalty 0.0408, loss 2.3630
Epoch 24, Batch 76/334, Lx 2.0288, Lu 0.1757, Penalty 0.0519, loss 2.2564
Epoch 24, Batch 77/334, Lx 2.1118, Lu 0.2289, Penalty 0.0367, loss 2.3774
Epoch 24, Batch 78/334, Lx 1.9354, Lu 0.1654, Penalty 0.0473, loss 2.1481
Epoch 24, Batch 79/334, Lx 1.9951, Lu 0.1709, Penalty 0.0415, loss 2.2075
Epoch 24, Batch 80/334, Lx 2.0605, Lu 0.2154, Penalty 0.0521, loss 2.3280
Epoch 24, Batch 81/334, Lx 1.7968, Lu 0.1627, Penalty 0.0530, loss 2.0125
Epoch 24, Batch 82/334, Lx 2.1370, Lu 0.2078, Penalty 0.0429, loss 2.3877
Epoch 24, Batch 83/334, Lx 2.0904, Lu 0.2301, Penalty 0.0505, loss 2.3710
Epoch 24, Batch 84/334, Lx 2.1007, Lu 0.1657, Penalty 0.0481, loss 2.3145
Epoch 24, Batch 85/334, Lx 2.1075, Lu 0.2157, Penalty 0.0517, loss 2.3749
Epoch 24, Batch 86/334, Lx 2.1071, Lu 0.2151, Penalty 0.0441, loss 2.3663
Epoch 24, Batch 87/334, Lx 2.0228, Lu 0.1550, Penalty 0.0407, loss 2.2185
Epoch 24, Batch 88/334, Lx 1.8627, Lu 0.1489, Penalty 0.0460, loss 2.0576
Epoch 24, Batch 89/334, Lx 1.7822, Lu 0.1673, Penalty 0.0587, loss 2.0082
Epoch 24, Batch 90/334, Lx 2.0357, Lu 0.1751, Penalty 0.0472, loss 2.2580
Epoch 24, Batch 91/334, Lx 1.7789, Lu 0.1596, Penalty 0.0508, loss 1.9893
Epoch 24, Batch 92/334, Lx 1.9583, Lu 0.2245, Penalty 0.0641, loss 2.2469
Epoch 24, Batch 93/334, Lx 1.8799, Lu 0.1640, Penalty 0.0499, loss 2.0938
Epoch 24, Batch 94/334, Lx 2.0329, Lu 0.2191, Penalty 0.0636, loss 2.3156
Epoch 24, Batch 95/334, Lx 2.0686, Lu 0.1731, Penalty 0.0619, loss 2.3036
Epoch 24, Batch 96/334, Lx 2.1156, Lu 0.2103, Penalty 0.0371, loss 2.3629
Epoch 24, Batch 97/334, Lx 1.9741, Lu 0.2189, Penalty 0.0612, loss 2.2542
Epoch 24, Batch 98/334, Lx 2.0759, Lu 0.1917, Penalty 0.0400, loss 2.3075
Epoch 24, Batch 99/334, Lx 2.0939, Lu 0.1712, Penalty 0.0494, loss 2.3145
Epoch 24, Batch 100/334, Lx 1.9796, Lu 0.1546, Penalty 0.0429, loss 2.1771
Epoch 24, Batch 101/334, Lx 1.9889, Lu 0.2495, Penalty 0.0355, loss 2.2738
Epoch 24, Batch 102/334, Lx 2.0584, Lu 0.1964, Penalty 0.0407, loss 2.2955
Epoch 24, Batch 103/334, Lx 2.0621, Lu 0.2475, Penalty 0.0546, loss 2.3642
Epoch 24, Batch 104/334, Lx 2.0195, Lu 0.1556, Penalty 0.0358, loss 2.2108
Epoch 24, Batch 105/334, Lx 2.0116, Lu 0.2305, Penalty 0.0499, loss 2.2920
Epoch 24, Batch 106/334, Lx 1.9519, Lu 0.1688, Penalty 0.0428, loss 2.1635
Epoch 24, Batch 107/334, Lx 2.1294, Lu 0.2241, Penalty 0.0592, loss 2.4127
Epoch 24, Batch 108/334, Lx 1.9585, Lu 0.2104, Penalty 0.0511, loss 2.2200
Epoch 24, Batch 109/334, Lx 1.9343, Lu 0.2182, Penalty 0.0563, loss 2.2088
Epoch 24, Batch 110/334, Lx 1.8951, Lu 0.1668, Penalty 0.0404, loss 2.1022
Epoch 24, Batch 111/334, Lx 2.0536, Lu 0.1855, Penalty 0.0607, loss 2.2999
Epoch 24, Batch 112/334, Lx 1.9601, Lu 0.1834, Penalty 0.0547, loss 2.1982
Epoch 24, Batch 113/334, Lx 2.1185, Lu 0.1650, Penalty 0.0498, loss 2.3333
Epoch 24, Batch 114/334, Lx 2.1306, Lu 0.1585, Penalty 0.0409, loss 2.3300
Epoch 24, Batch 115/334, Lx 1.9828, Lu 0.1904, Penalty 0.0410, loss 2.2142
Epoch 24, Batch 116/334, Lx 2.0640, Lu 0.1659, Penalty 0.0441, loss 2.2740
Epoch 24, Batch 117/334, Lx 1.9904, Lu 0.1692, Penalty 0.0452, loss 2.2047
Epoch 24, Batch 118/334, Lx 1.9458, Lu 0.1953, Penalty 0.0478, loss 2.1889
Epoch 24, Batch 119/334, Lx 2.0077, Lu 0.1905, Penalty 0.0598, loss 2.2579
Epoch 24, Batch 120/334, Lx 2.0800, Lu 0.1482, Penalty 0.0476, loss 2.2758
Epoch 24, Batch 121/334, Lx 2.1171, Lu 0.1762, Penalty 0.0508, loss 2.3442
Epoch 24, Batch 122/334, Lx 2.0782, Lu 0.2525, Penalty 0.0618, loss 2.3925
Epoch 24, Batch 123/334, Lx 2.0779, Lu 0.2153, Penalty 0.0516, loss 2.3448
Epoch 24, Batch 124/334, Lx 2.0518, Lu 0.1862, Penalty 0.0502, loss 2.2882
Epoch 24, Batch 125/334, Lx 2.1664, Lu 0.2095, Penalty 0.0375, loss 2.4134
Epoch 24, Batch 126/334, Lx 2.0630, Lu 0.2663, Penalty 0.0463, loss 2.3755
Epoch 24, Batch 127/334, Lx 2.0299, Lu 0.2153, Penalty 0.0428, loss 2.2880
Epoch 24, Batch 128/334, Lx 2.0794, Lu 0.2122, Penalty 0.0556, loss 2.3472
Epoch 24, Batch 129/334, Lx 2.0684, Lu 0.1708, Penalty 0.0400, loss 2.2793
Epoch 24, Batch 130/334, Lx 2.0197, Lu 0.2197, Penalty 0.0635, loss 2.3029
Epoch 24, Batch 131/334, Lx 2.0557, Lu 0.1756, Penalty 0.0447, loss 2.2760
Epoch 24, Batch 132/334, Lx 1.9796, Lu 0.2039, Penalty 0.0579, loss 2.2414
Epoch 24, Batch 133/334, Lx 1.9517, Lu 0.2233, Penalty 0.0356, loss 2.2105
Epoch 24, Batch 134/334, Lx 2.0562, Lu 0.1584, Penalty 0.0315, loss 2.2460
Epoch 24, Batch 135/334, Lx 2.0287, Lu 0.1704, Penalty 0.0418, loss 2.2410
Epoch 24, Batch 136/334, Lx 2.0054, Lu 0.1724, Penalty 0.0409, loss 2.2187
Epoch 24, Batch 137/334, Lx 2.0945, Lu 0.1762, Penalty 0.0344, loss 2.3051
Epoch 24, Batch 138/334, Lx 2.0726, Lu 0.2569, Penalty 0.0400, loss 2.3695
Epoch 24, Batch 139/334, Lx 1.8718, Lu 0.1462, Penalty 0.0387, loss 2.0567
Epoch 24, Batch 140/334, Lx 2.1172, Lu 0.1714, Penalty 0.0342, loss 2.3228
Epoch 24, Batch 141/334, Lx 2.0105, Lu 0.2178, Penalty 0.0663, loss 2.2945
Epoch 24, Batch 142/334, Lx 2.1632, Lu 0.2382, Penalty 0.0276, loss 2.4290
Epoch 24, Batch 143/334, Lx 1.9449, Lu 0.1638, Penalty 0.0443, loss 2.1530
Epoch 24, Batch 144/334, Lx 2.0007, Lu 0.1719, Penalty 0.0408, loss 2.2135
Epoch 24, Batch 145/334, Lx 1.8092, Lu 0.1956, Penalty 0.0481, loss 2.0530
Epoch 24, Batch 146/334, Lx 1.7098, Lu 0.1612, Penalty 0.0605, loss 1.9315
Epoch 24, Batch 147/334, Lx 2.1071, Lu 0.2190, Penalty 0.0484, loss 2.3745
Epoch 24, Batch 148/334, Lx 2.0795, Lu 0.2809, Penalty 0.0405, loss 2.4009
Epoch 24, Batch 149/334, Lx 1.9902, Lu 0.1729, Penalty 0.0552, loss 2.2183
Epoch 24, Batch 150/334, Lx 2.1430, Lu 0.2092, Penalty 0.0483, loss 2.4005
Epoch 24, Batch 151/334, Lx 1.8781, Lu 0.1662, Penalty 0.0493, loss 2.0936
Epoch 24, Batch 152/334, Lx 1.9347, Lu 0.1984, Penalty 0.0424, loss 2.1755
Epoch 24, Batch 153/334, Lx 1.8743, Lu 0.1937, Penalty 0.0454, loss 2.1134
Epoch 24, Batch 154/334, Lx 2.1564, Lu 0.2069, Penalty 0.0489, loss 2.4122
Epoch 24, Batch 155/334, Lx 2.0567, Lu 0.2136, Penalty 0.0376, loss 2.3079
Epoch 24, Batch 156/334, Lx 1.9748, Lu 0.1404, Penalty 0.0571, loss 2.1723
Epoch 24, Batch 157/334, Lx 1.9576, Lu 0.1618, Penalty 0.0528, loss 2.1721
Epoch 24, Batch 158/334, Lx 2.0526, Lu 0.1848, Penalty 0.0402, loss 2.2776
Epoch 24, Batch 159/334, Lx 1.9504, Lu 0.1460, Penalty 0.0468, loss 2.1432
Epoch 24, Batch 160/334, Lx 1.8179, Lu 0.1311, Penalty 0.0617, loss 2.0107
Epoch 24, Batch 161/334, Lx 1.9974, Lu 0.1640, Penalty 0.0405, loss 2.2018
Epoch 24, Batch 162/334, Lx 1.9680, Lu 0.1734, Penalty 0.0386, loss 2.1801
Epoch 24, Batch 163/334, Lx 1.7762, Lu 0.1343, Penalty 0.0426, loss 1.9531
Epoch 24, Batch 164/334, Lx 2.0312, Lu 0.2056, Penalty 0.0409, loss 2.2778
Epoch 24, Batch 165/334, Lx 2.0924, Lu 0.1890, Penalty 0.0417, loss 2.3231
Epoch 24, Batch 166/334, Lx 1.9507, Lu 0.1839, Penalty 0.0716, loss 2.2063
Epoch 24, Batch 167/334, Lx 2.0712, Lu 0.2308, Penalty 0.0441, loss 2.3460
Epoch 24, Batch 168/334, Lx 2.0277, Lu 0.2231, Penalty 0.0579, loss 2.3086
Epoch 24, Batch 169/334, Lx 1.8973, Lu 0.1855, Penalty 0.0385, loss 2.1212
Epoch 24, Batch 170/334, Lx 2.0315, Lu 0.1737, Penalty 0.0409, loss 2.2462
Epoch 24, Batch 171/334, Lx 2.0970, Lu 0.2421, Penalty 0.0433, loss 2.3824
Epoch 24, Batch 172/334, Lx 1.9761, Lu 0.1593, Penalty 0.0507, loss 2.1862
Epoch 24, Batch 173/334, Lx 2.1281, Lu 0.2244, Penalty 0.0431, loss 2.3956
Epoch 24, Batch 174/334, Lx 1.9602, Lu 0.1860, Penalty 0.0336, loss 2.1799
Epoch 24, Batch 175/334, Lx 1.8796, Lu 0.1765, Penalty 0.0362, loss 2.0923
Epoch 24, Batch 176/334, Lx 1.9701, Lu 0.1356, Penalty 0.0499, loss 2.1557
Epoch 24, Batch 177/334, Lx 1.8543, Lu 0.1610, Penalty 0.0406, loss 2.0560
Epoch 24, Batch 178/334, Lx 1.7526, Lu 0.2016, Penalty 0.0625, loss 2.0166
Epoch 24, Batch 179/334, Lx 1.9998, Lu 0.2088, Penalty 0.0459, loss 2.2545
Epoch 24, Batch 180/334, Lx 2.0034, Lu 0.2067, Penalty 0.0667, loss 2.2768
Epoch 24, Batch 181/334, Lx 1.9058, Lu 0.1674, Penalty 0.0538, loss 2.1271
Epoch 24, Batch 182/334, Lx 2.0655, Lu 0.2113, Penalty 0.0597, loss 2.3364
Epoch 24, Batch 183/334, Lx 1.7783, Lu 0.1479, Penalty 0.0496, loss 1.9757
Epoch 24, Batch 184/334, Lx 1.8239, Lu 0.1958, Penalty 0.0583, loss 2.0780
Epoch 24, Batch 185/334, Lx 1.9756, Lu 0.1383, Penalty 0.0616, loss 2.1755
Epoch 24, Batch 186/334, Lx 2.0285, Lu 0.1870, Penalty 0.0570, loss 2.2725
Epoch 24, Batch 187/334, Lx 1.9733, Lu 0.1838, Penalty 0.0707, loss 2.2278
Epoch 24, Batch 188/334, Lx 2.0311, Lu 0.2186, Penalty 0.0531, loss 2.3027
Epoch 24, Batch 189/334, Lx 2.0268, Lu 0.1723, Penalty 0.0618, loss 2.2608
Epoch 24, Batch 190/334, Lx 1.9461, Lu 0.2381, Penalty 0.0480, loss 2.2321
Epoch 24, Batch 191/334, Lx 1.9537, Lu 0.1528, Penalty 0.0593, loss 2.1658
Epoch 24, Batch 192/334, Lx 2.1455, Lu 0.2554, Penalty 0.0515, loss 2.4524
Epoch 24, Batch 193/334, Lx 2.0930, Lu 0.1785, Penalty 0.0472, loss 2.3187
Epoch 24, Batch 194/334, Lx 1.9579, Lu 0.1626, Penalty 0.0567, loss 2.1772
Epoch 24, Batch 195/334, Lx 1.8198, Lu 0.1386, Penalty 0.0704, loss 2.0288
Epoch 24, Batch 196/334, Lx 2.0389, Lu 0.1939, Penalty 0.0531, loss 2.2859
Epoch 24, Batch 197/334, Lx 1.9456, Lu 0.1824, Penalty 0.0460, loss 2.1741
Epoch 24, Batch 198/334, Lx 2.0654, Lu 0.1705, Penalty 0.0584, loss 2.2943
Epoch 24, Batch 199/334, Lx 1.9152, Lu 0.1579, Penalty 0.0566, loss 2.1297
Epoch 24, Batch 200/334, Lx 1.7625, Lu 0.1531, Penalty 0.0528, loss 1.9685
Epoch 24, Batch 201/334, Lx 2.0157, Lu 0.2022, Penalty 0.0616, loss 2.2795
Epoch 24, Batch 202/334, Lx 1.9966, Lu 0.2259, Penalty 0.0487, loss 2.2712
Epoch 24, Batch 203/334, Lx 2.0097, Lu 0.2405, Penalty 0.0416, loss 2.2918
Epoch 24, Batch 204/334, Lx 2.0809, Lu 0.2075, Penalty 0.0476, loss 2.3360
Epoch 24, Batch 205/334, Lx 2.0901, Lu 0.1359, Penalty 0.0461, loss 2.2721
Epoch 24, Batch 206/334, Lx 2.0169, Lu 0.1853, Penalty 0.0419, loss 2.2440
Epoch 24, Batch 207/334, Lx 1.7851, Lu 0.1538, Penalty 0.0573, loss 1.9962
Epoch 24, Batch 208/334, Lx 1.9652, Lu 0.1826, Penalty 0.0505, loss 2.1982
Epoch 24, Batch 209/334, Lx 2.0550, Lu 0.1633, Penalty 0.0473, loss 2.2656
Epoch 24, Batch 210/334, Lx 1.9555, Lu 0.2262, Penalty 0.0541, loss 2.2358
Epoch 24, Batch 211/334, Lx 1.9381, Lu 0.1326, Penalty 0.0512, loss 2.1220
Epoch 24, Batch 212/334, Lx 1.9075, Lu 0.1514, Penalty 0.0442, loss 2.1031
Epoch 24, Batch 213/334, Lx 2.0681, Lu 0.1848, Penalty 0.0405, loss 2.2934
Epoch 24, Batch 214/334, Lx 1.8399, Lu 0.1424, Penalty 0.0398, loss 2.0221
Epoch 24, Batch 215/334, Lx 1.8992, Lu 0.1972, Penalty 0.0702, loss 2.1666
Epoch 24, Batch 216/334, Lx 1.9437, Lu 0.1602, Penalty 0.0474, loss 2.1513
Epoch 24, Batch 217/334, Lx 1.9884, Lu 0.1920, Penalty 0.0734, loss 2.2539
Epoch 24, Batch 218/334, Lx 1.9133, Lu 0.1577, Penalty 0.0472, loss 2.1182
Epoch 24, Batch 219/334, Lx 2.0143, Lu 0.2132, Penalty 0.0420, loss 2.2695
Epoch 24, Batch 220/334, Lx 2.0530, Lu 0.1676, Penalty 0.0443, loss 2.2649
Epoch 24, Batch 221/334, Lx 1.9991, Lu 0.1891, Penalty 0.0429, loss 2.2311
Epoch 24, Batch 222/334, Lx 2.0262, Lu 0.2274, Penalty 0.0450, loss 2.2986
Epoch 24, Batch 223/334, Lx 1.9183, Lu 0.1592, Penalty 0.0822, loss 2.1596
Epoch 24, Batch 224/334, Lx 2.0002, Lu 0.1513, Penalty 0.0604, loss 2.2119
Epoch 24, Batch 225/334, Lx 2.0880, Lu 0.1821, Penalty 0.0623, loss 2.3323
Epoch 24, Batch 226/334, Lx 1.9877, Lu 0.1699, Penalty 0.0556, loss 2.2132
Epoch 24, Batch 227/334, Lx 2.0875, Lu 0.2025, Penalty 0.0528, loss 2.3428
Epoch 24, Batch 228/334, Lx 2.0585, Lu 0.1389, Penalty 0.0445, loss 2.2419
Epoch 24, Batch 229/334, Lx 1.9160, Lu 0.1548, Penalty 0.0499, loss 2.1207
Epoch 24, Batch 230/334, Lx 2.0701, Lu 0.1767, Penalty 0.0371, loss 2.2838
Epoch 24, Batch 231/334, Lx 1.9522, Lu 0.2444, Penalty 0.0521, loss 2.2486
Epoch 24, Batch 232/334, Lx 1.8728, Lu 0.1516, Penalty 0.0441, loss 2.0684
Epoch 24, Batch 233/334, Lx 2.0654, Lu 0.1631, Penalty 0.0503, loss 2.2788
Epoch 24, Batch 234/334, Lx 1.8966, Lu 0.1783, Penalty 0.0492, loss 2.1241
Epoch 24, Batch 235/334, Lx 2.0513, Lu 0.1632, Penalty 0.0403, loss 2.2548
Epoch 24, Batch 236/334, Lx 1.9964, Lu 0.1840, Penalty 0.0446, loss 2.2249
Epoch 24, Batch 237/334, Lx 1.9153, Lu 0.1957, Penalty 0.0450, loss 2.1559
Epoch 24, Batch 238/334, Lx 2.0209, Lu 0.1357, Penalty 0.0472, loss 2.2038
Epoch 24, Batch 239/334, Lx 1.8536, Lu 0.1498, Penalty 0.0401, loss 2.0435
Epoch 24, Batch 240/334, Lx 2.1653, Lu 0.2401, Penalty 0.0330, loss 2.4384
Epoch 24, Batch 241/334, Lx 2.0528, Lu 0.1447, Penalty 0.0417, loss 2.2392
Epoch 24, Batch 242/334, Lx 2.0180, Lu 0.2317, Penalty 0.0598, loss 2.3095
Epoch 24, Batch 243/334, Lx 2.0708, Lu 0.2334, Penalty 0.0486, loss 2.3528
Epoch 24, Batch 244/334, Lx 1.8575, Lu 0.1648, Penalty 0.0634, loss 2.0857
Epoch 24, Batch 245/334, Lx 2.1174, Lu 0.2282, Penalty 0.0390, loss 2.3846
Epoch 24, Batch 246/334, Lx 1.8692, Lu 0.2064, Penalty 0.0534, loss 2.1291
Epoch 24, Batch 247/334, Lx 2.0970, Lu 0.2361, Penalty 0.0420, loss 2.3751
Epoch 24, Batch 248/334, Lx 2.0403, Lu 0.1804, Penalty 0.0415, loss 2.2622
Epoch 24, Batch 249/334, Lx 1.8951, Lu 0.1692, Penalty 0.0724, loss 2.1367
Epoch 24, Batch 250/334, Lx 1.8119, Lu 0.1588, Penalty 0.0684, loss 2.0390
Epoch 24, Batch 251/334, Lx 2.0985, Lu 0.1886, Penalty 0.0412, loss 2.3284
Epoch 24, Batch 252/334, Lx 2.1198, Lu 0.2014, Penalty 0.0571, loss 2.3782
Epoch 24, Batch 253/334, Lx 1.9804, Lu 0.1678, Penalty 0.0604, loss 2.2086
Epoch 24, Batch 254/334, Lx 2.1476, Lu 0.2087, Penalty 0.0418, loss 2.3981
Epoch 24, Batch 255/334, Lx 1.8741, Lu 0.1532, Penalty 0.0625, loss 2.0899
Epoch 24, Batch 256/334, Lx 2.1260, Lu 0.2476, Penalty 0.0463, loss 2.4199
Epoch 24, Batch 257/334, Lx 1.9102, Lu 0.1512, Penalty 0.0567, loss 2.1181
Epoch 24, Batch 258/334, Lx 2.1022, Lu 0.2529, Penalty 0.0417, loss 2.3968
Epoch 24, Batch 259/334, Lx 2.0818, Lu 0.2301, Penalty 0.0552, loss 2.3670
Epoch 24, Batch 260/334, Lx 2.0921, Lu 0.1980, Penalty 0.0586, loss 2.3487
Epoch 24, Batch 261/334, Lx 2.0417, Lu 0.1580, Penalty 0.0630, loss 2.2627
Epoch 24, Batch 262/334, Lx 1.9254, Lu 0.1454, Penalty 0.0588, loss 2.1296
Epoch 24, Batch 263/334, Lx 1.8578, Lu 0.1346, Penalty 0.0562, loss 2.0486
Epoch 24, Batch 264/334, Lx 2.0788, Lu 0.1986, Penalty 0.0496, loss 2.3271
Epoch 24, Batch 265/334, Lx 1.7250, Lu 0.1830, Penalty 0.0709, loss 1.9789
Epoch 24, Batch 266/334, Lx 2.0554, Lu 0.1946, Penalty 0.0588, loss 2.3089
Epoch 24, Batch 267/334, Lx 1.9448, Lu 0.1859, Penalty 0.0519, loss 2.1826
Epoch 24, Batch 268/334, Lx 1.6569, Lu 0.1594, Penalty 0.0786, loss 1.8950
Epoch 24, Batch 269/334, Lx 2.0087, Lu 0.2440, Penalty 0.0547, loss 2.3074
Epoch 24, Batch 270/334, Lx 1.9808, Lu 0.1493, Penalty 0.0536, loss 2.1838
Epoch 24, Batch 271/334, Lx 2.0821, Lu 0.1897, Penalty 0.0475, loss 2.3193
Epoch 24, Batch 272/334, Lx 1.9628, Lu 0.1361, Penalty 0.0702, loss 2.1691
Epoch 24, Batch 273/334, Lx 2.0049, Lu 0.1421, Penalty 0.0507, loss 2.1977
Epoch 24, Batch 274/334, Lx 1.8279, Lu 0.1459, Penalty 0.0506, loss 2.0244
Epoch 24, Batch 275/334, Lx 1.9255, Lu 0.1904, Penalty 0.0571, loss 2.1729
Epoch 24, Batch 276/334, Lx 2.0926, Lu 0.1857, Penalty 0.0536, loss 2.3319
Epoch 24, Batch 277/334, Lx 1.9952, Lu 0.1606, Penalty 0.0411, loss 2.1969
Epoch 24, Batch 278/334, Lx 2.0150, Lu 0.2158, Penalty 0.0503, loss 2.2810
Epoch 24, Batch 279/334, Lx 2.1612, Lu 0.2023, Penalty 0.0615, loss 2.4249
Epoch 24, Batch 280/334, Lx 2.0350, Lu 0.1668, Penalty 0.0540, loss 2.2558
Epoch 24, Batch 281/334, Lx 2.0456, Lu 0.2626, Penalty 0.0655, loss 2.3737
Epoch 24, Batch 282/334, Lx 2.0357, Lu 0.2069, Penalty 0.0442, loss 2.2868
Epoch 24, Batch 283/334, Lx 1.9968, Lu 0.2189, Penalty 0.0605, loss 2.2762
Epoch 24, Batch 284/334, Lx 2.0463, Lu 0.1540, Penalty 0.0539, loss 2.2542
Epoch 24, Batch 285/334, Lx 2.0579, Lu 0.2098, Penalty 0.0492, loss 2.3169
Epoch 24, Batch 286/334, Lx 2.0705, Lu 0.1521, Penalty 0.0434, loss 2.2660
Epoch 24, Batch 287/334, Lx 1.8017, Lu 0.1404, Penalty 0.0635, loss 2.0055
Epoch 24, Batch 288/334, Lx 2.0170, Lu 0.1900, Penalty 0.0458, loss 2.2528
Epoch 24, Batch 289/334, Lx 1.9970, Lu 0.1720, Penalty 0.0528, loss 2.2217
Epoch 24, Batch 290/334, Lx 2.0759, Lu 0.2185, Penalty 0.0538, loss 2.3482
Epoch 24, Batch 291/334, Lx 2.0313, Lu 0.1595, Penalty 0.0675, loss 2.2583
Epoch 24, Batch 292/334, Lx 1.9355, Lu 0.1683, Penalty 0.0646, loss 2.1685
Epoch 24, Batch 293/334, Lx 2.0217, Lu 0.1782, Penalty 0.0777, loss 2.2776
Epoch 24, Batch 294/334, Lx 1.9123, Lu 0.1420, Penalty 0.0572, loss 2.1115
Epoch 24, Batch 295/334, Lx 2.0918, Lu 0.2047, Penalty 0.0421, loss 2.3386
Epoch 24, Batch 296/334, Lx 2.1110, Lu 0.2177, Penalty 0.0835, loss 2.4122
Epoch 24, Batch 297/334, Lx 1.9584, Lu 0.2493, Penalty 0.0746, loss 2.2823
Epoch 24, Batch 298/334, Lx 1.8872, Lu 0.1403, Penalty 0.0454, loss 2.0729
Epoch 24, Batch 299/334, Lx 1.9439, Lu 0.1650, Penalty 0.0481, loss 2.1571
Epoch 24, Batch 300/334, Lx 2.0791, Lu 0.1947, Penalty 0.0540, loss 2.3279
Epoch 24, Batch 301/334, Lx 1.8950, Lu 0.1505, Penalty 0.0468, loss 2.0923
Epoch 24, Batch 302/334, Lx 2.0361, Lu 0.1725, Penalty 0.0662, loss 2.2749
Epoch 24, Batch 303/334, Lx 1.8828, Lu 0.1698, Penalty 0.0471, loss 2.0997
Epoch 24, Batch 304/334, Lx 1.8186, Lu 0.1596, Penalty 0.0534, loss 2.0315
Epoch 24, Batch 305/334, Lx 1.9096, Lu 0.1796, Penalty 0.0504, loss 2.1396
Epoch 24, Batch 306/334, Lx 1.8888, Lu 0.1966, Penalty 0.0618, loss 2.1472
Epoch 24, Batch 307/334, Lx 2.0350, Lu 0.2216, Penalty 0.0472, loss 2.3038
Epoch 24, Batch 308/334, Lx 1.9224, Lu 0.1849, Penalty 0.0475, loss 2.1548
Epoch 24, Batch 309/334, Lx 2.1237, Lu 0.2194, Penalty 0.0524, loss 2.3955
Epoch 24, Batch 310/334, Lx 2.0875, Lu 0.1916, Penalty 0.0483, loss 2.3274
Epoch 24, Batch 311/334, Lx 1.7964, Lu 0.1775, Penalty 0.0574, loss 2.0312
Epoch 24, Batch 312/334, Lx 2.0595, Lu 0.2205, Penalty 0.0375, loss 2.3175
Epoch 24, Batch 313/334, Lx 1.9115, Lu 0.1895, Penalty 0.0516, loss 2.1527
Epoch 24, Batch 314/334, Lx 2.0247, Lu 0.1590, Penalty 0.0386, loss 2.2223
Epoch 24, Batch 315/334, Lx 2.1025, Lu 0.2125, Penalty 0.0363, loss 2.3513
Epoch 24, Batch 316/334, Lx 1.9194, Lu 0.1761, Penalty 0.0525, loss 2.1481
Epoch 24, Batch 317/334, Lx 1.9902, Lu 0.1906, Penalty 0.0394, loss 2.2202
Epoch 24, Batch 318/334, Lx 2.1075, Lu 0.1846, Penalty 0.0517, loss 2.3438
Epoch 24, Batch 319/334, Lx 1.8572, Lu 0.1378, Penalty 0.0534, loss 2.0483
Epoch 24, Batch 320/334, Lx 2.0320, Lu 0.1829, Penalty 0.0435, loss 2.2585
Epoch 24, Batch 321/334, Lx 2.0480, Lu 0.2075, Penalty 0.0428, loss 2.2983
Epoch 24, Batch 322/334, Lx 2.0489, Lu 0.1632, Penalty 0.0476, loss 2.2596
Epoch 24, Batch 323/334, Lx 1.9661, Lu 0.2186, Penalty 0.0407, loss 2.2254
Epoch 24, Batch 324/334, Lx 2.0162, Lu 0.1964, Penalty 0.0385, loss 2.2512
Epoch 24, Batch 325/334, Lx 1.9587, Lu 0.1676, Penalty 0.0517, loss 2.1780
Epoch 24, Batch 326/334, Lx 2.0009, Lu 0.1697, Penalty 0.0513, loss 2.2219
Epoch 24, Batch 327/334, Lx 2.0731, Lu 0.1827, Penalty 0.0397, loss 2.2956
Epoch 24, Batch 328/334, Lx 2.0981, Lu 0.1886, Penalty 0.0464, loss 2.3331
Epoch 24, Batch 329/334, Lx 1.8807, Lu 0.1987, Penalty 0.0504, loss 2.1298
Epoch 24, Batch 330/334, Lx 1.9679, Lu 0.1866, Penalty 0.0667, loss 2.2212
Epoch 24, Batch 331/334, Lx 2.0139, Lu 0.1745, Penalty 0.0721, loss 2.2605
Epoch 24, Batch 332/334, Lx 1.8726, Lu 0.2019, Penalty 0.0422, loss 2.1167
Epoch 24, Batch 333/334, Lx 2.0009, Lu 0.2240, Penalty 0.0586, loss 2.2835
Epoch 24, Batch 334/334, Lx 1.9443, Lu 0.1695, Penalty 0.0641, loss 2.1779
Loss: 2.2360, Lx: 1.9978, Lu: 0.1874, Penalty: 0.0508
Training for Network 2
labelled data size: 10220
unlabelled data size: 31780
Epoch 24, Batch 1/320, Lx 2.1254, Lu 0.2346, Penalty 0.0227, loss 2.3828
Epoch 24, Batch 2/320, Lx 1.9313, Lu 0.2034, Penalty 0.0312, loss 2.1659
Epoch 24, Batch 3/320, Lx 2.0856, Lu 0.1738, Penalty 0.0294, loss 2.2888
Epoch 24, Batch 4/320, Lx 1.8178, Lu 0.1563, Penalty 0.0327, loss 2.0068
Epoch 24, Batch 5/320, Lx 2.1306, Lu 0.2114, Penalty 0.0213, loss 2.3633
Epoch 24, Batch 6/320, Lx 2.0947, Lu 0.2130, Penalty 0.0243, loss 2.3321
Epoch 24, Batch 7/320, Lx 2.0541, Lu 0.1917, Penalty 0.0270, loss 2.2727
Epoch 24, Batch 8/320, Lx 2.1441, Lu 0.2308, Penalty 0.0258, loss 2.4007
Epoch 24, Batch 9/320, Lx 2.0967, Lu 0.2358, Penalty 0.0228, loss 2.3553
Epoch 24, Batch 10/320, Lx 2.1465, Lu 0.2106, Penalty 0.0283, loss 2.3853
Epoch 24, Batch 11/320, Lx 1.8709, Lu 0.1504, Penalty 0.0207, loss 2.0421
Epoch 24, Batch 12/320, Lx 1.9577, Lu 0.1555, Penalty 0.0344, loss 2.1476
Epoch 24, Batch 13/320, Lx 2.1306, Lu 0.1922, Penalty 0.0314, loss 2.3542
Epoch 24, Batch 14/320, Lx 1.9650, Lu 0.1582, Penalty 0.0283, loss 2.1514
Epoch 24, Batch 15/320, Lx 1.8560, Lu 0.1551, Penalty 0.0167, loss 2.0278
Epoch 24, Batch 16/320, Lx 2.0719, Lu 0.1751, Penalty 0.0304, loss 2.2774
Epoch 24, Batch 17/320, Lx 2.0300, Lu 0.2579, Penalty 0.0308, loss 2.3187
Epoch 24, Batch 18/320, Lx 2.1726, Lu 0.1721, Penalty 0.0284, loss 2.3731
Epoch 24, Batch 19/320, Lx 2.0343, Lu 0.2032, Penalty 0.0393, loss 2.2767
Epoch 24, Batch 20/320, Lx 1.7251, Lu 0.1803, Penalty 0.0400, loss 1.9453
Epoch 24, Batch 21/320, Lx 2.0378, Lu 0.2269, Penalty 0.0346, loss 2.2993
Epoch 24, Batch 22/320, Lx 2.0948, Lu 0.1972, Penalty 0.0267, loss 2.3188
Epoch 24, Batch 23/320, Lx 1.9859, Lu 0.2052, Penalty 0.0223, loss 2.2135
Epoch 24, Batch 24/320, Lx 2.1007, Lu 0.2815, Penalty 0.0287, loss 2.4109
Epoch 24, Batch 25/320, Lx 1.8944, Lu 0.1466, Penalty 0.0377, loss 2.0788
Epoch 24, Batch 26/320, Lx 2.1101, Lu 0.1997, Penalty 0.0273, loss 2.3371
Epoch 24, Batch 27/320, Lx 1.9791, Lu 0.1828, Penalty 0.0229, loss 2.1848
Epoch 24, Batch 28/320, Lx 2.0966, Lu 0.2274, Penalty 0.0300, loss 2.3540
Epoch 24, Batch 29/320, Lx 2.1411, Lu 0.1792, Penalty 0.0384, loss 2.3587
Epoch 24, Batch 30/320, Lx 1.9264, Lu 0.1760, Penalty 0.0386, loss 2.1410
Epoch 24, Batch 31/320, Lx 2.0592, Lu 0.1689, Penalty 0.0366, loss 2.2647
Epoch 24, Batch 32/320, Lx 1.9832, Lu 0.1807, Penalty 0.0377, loss 2.2017
Epoch 24, Batch 33/320, Lx 2.0915, Lu 0.2058, Penalty 0.0447, loss 2.3420
Epoch 24, Batch 34/320, Lx 2.0437, Lu 0.2364, Penalty 0.0324, loss 2.3126
Epoch 24, Batch 35/320, Lx 2.0677, Lu 0.2259, Penalty 0.0295, loss 2.3231
Epoch 24, Batch 36/320, Lx 2.1307, Lu 0.2413, Penalty 0.0384, loss 2.4104
Epoch 24, Batch 37/320, Lx 2.1231, Lu 0.2599, Penalty 0.0281, loss 2.4110
Epoch 24, Batch 38/320, Lx 1.9357, Lu 0.1661, Penalty 0.0199, loss 2.1216
Epoch 24, Batch 39/320, Lx 2.0196, Lu 0.1623, Penalty 0.0365, loss 2.2185
Epoch 24, Batch 40/320, Lx 2.0277, Lu 0.1364, Penalty 0.0443, loss 2.2083
Epoch 24, Batch 41/320, Lx 1.9480, Lu 0.1894, Penalty 0.0393, loss 2.1767
Epoch 24, Batch 42/320, Lx 2.0885, Lu 0.2173, Penalty 0.0387, loss 2.3445
Epoch 24, Batch 43/320, Lx 2.0790, Lu 0.2216, Penalty 0.0368, loss 2.3373
Epoch 24, Batch 44/320, Lx 1.9540, Lu 0.2205, Penalty 0.0475, loss 2.2220
Epoch 24, Batch 45/320, Lx 2.0560, Lu 0.2317, Penalty 0.0237, loss 2.3114
Epoch 24, Batch 46/320, Lx 2.0653, Lu 0.2305, Penalty 0.0346, loss 2.3303
Epoch 24, Batch 47/320, Lx 2.1559, Lu 0.2387, Penalty 0.0282, loss 2.4228
Epoch 24, Batch 48/320, Lx 2.0657, Lu 0.2540, Penalty 0.0311, loss 2.3508
Epoch 24, Batch 49/320, Lx 2.1011, Lu 0.1941, Penalty 0.0267, loss 2.3218
Epoch 24, Batch 50/320, Lx 1.9894, Lu 0.1731, Penalty 0.0319, loss 2.1945
Epoch 24, Batch 51/320, Lx 2.1731, Lu 0.2469, Penalty 0.0359, loss 2.4559
Epoch 24, Batch 52/320, Lx 2.2115, Lu 0.2320, Penalty 0.0319, loss 2.4754
Epoch 24, Batch 53/320, Lx 1.9671, Lu 0.1740, Penalty 0.0411, loss 2.1822
Epoch 24, Batch 54/320, Lx 1.9636, Lu 0.1370, Penalty 0.0361, loss 2.1367
Epoch 24, Batch 55/320, Lx 1.9211, Lu 0.1839, Penalty 0.0304, loss 2.1354
Epoch 24, Batch 56/320, Lx 1.8892, Lu 0.1743, Penalty 0.0266, loss 2.0900
Epoch 24, Batch 57/320, Lx 2.0892, Lu 0.1656, Penalty 0.0241, loss 2.2788
Epoch 24, Batch 58/320, Lx 1.9928, Lu 0.1744, Penalty 0.0341, loss 2.2013
Epoch 24, Batch 59/320, Lx 2.0084, Lu 0.2112, Penalty 0.0409, loss 2.2606
Epoch 24, Batch 60/320, Lx 1.8833, Lu 0.1644, Penalty 0.0477, loss 2.0954
Epoch 24, Batch 61/320, Lx 1.9661, Lu 0.2318, Penalty 0.0324, loss 2.2303
Epoch 24, Batch 62/320, Lx 1.9942, Lu 0.1832, Penalty 0.0445, loss 2.2218
Epoch 24, Batch 63/320, Lx 2.0883, Lu 0.1851, Penalty 0.0289, loss 2.3022
Epoch 24, Batch 64/320, Lx 1.9907, Lu 0.1682, Penalty 0.0412, loss 2.2000
Epoch 24, Batch 65/320, Lx 2.0581, Lu 0.2314, Penalty 0.0470, loss 2.3364
Epoch 24, Batch 66/320, Lx 2.1437, Lu 0.1780, Penalty 0.0369, loss 2.3587
Epoch 24, Batch 67/320, Lx 2.0359, Lu 0.2737, Penalty 0.0375, loss 2.3472
Epoch 24, Batch 68/320, Lx 1.8605, Lu 0.1307, Penalty 0.0359, loss 2.0271
Epoch 24, Batch 69/320, Lx 1.9423, Lu 0.2302, Penalty 0.0538, loss 2.2263
Epoch 24, Batch 70/320, Lx 2.0961, Lu 0.1825, Penalty 0.0418, loss 2.3203
Epoch 24, Batch 71/320, Lx 1.8226, Lu 0.1970, Penalty 0.0358, loss 2.0554
Epoch 24, Batch 72/320, Lx 2.0221, Lu 0.1943, Penalty 0.0301, loss 2.2465
Epoch 24, Batch 73/320, Lx 2.0119, Lu 0.2226, Penalty 0.0325, loss 2.2670
Epoch 24, Batch 74/320, Lx 1.9491, Lu 0.1937, Penalty 0.0317, loss 2.1745
Epoch 24, Batch 75/320, Lx 1.9285, Lu 0.2529, Penalty 0.0255, loss 2.2069
Epoch 24, Batch 76/320, Lx 1.9775, Lu 0.2173, Penalty 0.0489, loss 2.2437
Epoch 24, Batch 77/320, Lx 2.0844, Lu 0.2003, Penalty 0.0320, loss 2.3167
Epoch 24, Batch 78/320, Lx 2.0385, Lu 0.2129, Penalty 0.0380, loss 2.2894
Epoch 24, Batch 79/320, Lx 1.9792, Lu 0.1703, Penalty 0.0394, loss 2.1888
Epoch 24, Batch 80/320, Lx 2.1036, Lu 0.2016, Penalty 0.0322, loss 2.3374
Epoch 24, Batch 81/320, Lx 2.0324, Lu 0.2305, Penalty 0.0451, loss 2.3080
Epoch 24, Batch 82/320, Lx 2.0902, Lu 0.2212, Penalty 0.0336, loss 2.3450
Epoch 24, Batch 83/320, Lx 1.9619, Lu 0.1567, Penalty 0.0384, loss 2.1570
Epoch 24, Batch 84/320, Lx 2.1483, Lu 0.1572, Penalty 0.0322, loss 2.3377
Epoch 24, Batch 85/320, Lx 1.8058, Lu 0.2199, Penalty 0.0639, loss 2.0896
Epoch 24, Batch 86/320, Lx 2.0526, Lu 0.2018, Penalty 0.0366, loss 2.2910
Epoch 24, Batch 87/320, Lx 2.0566, Lu 0.1751, Penalty 0.0337, loss 2.2655
Epoch 24, Batch 88/320, Lx 1.9494, Lu 0.1552, Penalty 0.0321, loss 2.1368
Epoch 24, Batch 89/320, Lx 2.0180, Lu 0.2177, Penalty 0.0413, loss 2.2769
Epoch 24, Batch 90/320, Lx 2.0636, Lu 0.2125, Penalty 0.0401, loss 2.3161
Epoch 24, Batch 91/320, Lx 2.0683, Lu 0.1709, Penalty 0.0282, loss 2.2674
Epoch 24, Batch 92/320, Lx 1.9755, Lu 0.2015, Penalty 0.0420, loss 2.2189
Epoch 24, Batch 93/320, Lx 1.9890, Lu 0.1653, Penalty 0.0396, loss 2.1939
Epoch 24, Batch 94/320, Lx 2.0450, Lu 0.1875, Penalty 0.0459, loss 2.2784
Epoch 24, Batch 95/320, Lx 2.0187, Lu 0.2296, Penalty 0.0398, loss 2.2881
Epoch 24, Batch 96/320, Lx 2.1150, Lu 0.2100, Penalty 0.0451, loss 2.3701
Epoch 24, Batch 97/320, Lx 2.1571, Lu 0.1910, Penalty 0.0417, loss 2.3899
Epoch 24, Batch 98/320, Lx 2.0180, Lu 0.1931, Penalty 0.0377, loss 2.2488
Epoch 24, Batch 99/320, Lx 1.9065, Lu 0.1870, Penalty 0.0628, loss 2.1563
Epoch 24, Batch 100/320, Lx 2.0118, Lu 0.2113, Penalty 0.0313, loss 2.2543
Epoch 24, Batch 101/320, Lx 1.8655, Lu 0.1908, Penalty 0.0360, loss 2.0924
Epoch 24, Batch 102/320, Lx 2.0393, Lu 0.1569, Penalty 0.0334, loss 2.2296
Epoch 24, Batch 103/320, Lx 1.9137, Lu 0.1635, Penalty 0.0405, loss 2.1177
Epoch 24, Batch 104/320, Lx 2.1592, Lu 0.2148, Penalty 0.0269, loss 2.4009
Epoch 24, Batch 105/320, Lx 2.1333, Lu 0.1870, Penalty 0.0450, loss 2.3652
Epoch 24, Batch 106/320, Lx 2.0577, Lu 0.1988, Penalty 0.0649, loss 2.3213
Epoch 24, Batch 107/320, Lx 2.0659, Lu 0.1946, Penalty 0.0397, loss 2.3002
Epoch 24, Batch 108/320, Lx 1.9491, Lu 0.1644, Penalty 0.0352, loss 2.1487
Epoch 24, Batch 109/320, Lx 1.9294, Lu 0.1722, Penalty 0.0419, loss 2.1435
Epoch 24, Batch 110/320, Lx 2.0908, Lu 0.2409, Penalty 0.0343, loss 2.3660
Epoch 24, Batch 111/320, Lx 2.0543, Lu 0.2095, Penalty 0.0610, loss 2.3248
Epoch 24, Batch 112/320, Lx 1.8815, Lu 0.1712, Penalty 0.0353, loss 2.0880
Epoch 24, Batch 113/320, Lx 1.9523, Lu 0.1615, Penalty 0.0419, loss 2.1558
Epoch 24, Batch 114/320, Lx 1.9723, Lu 0.2101, Penalty 0.0452, loss 2.2276
Epoch 24, Batch 115/320, Lx 2.1681, Lu 0.2230, Penalty 0.0371, loss 2.4282
Epoch 24, Batch 116/320, Lx 2.1121, Lu 0.2050, Penalty 0.0358, loss 2.3529
Epoch 24, Batch 117/320, Lx 2.1880, Lu 0.2163, Penalty 0.0450, loss 2.4493
Epoch 24, Batch 118/320, Lx 2.1131, Lu 0.1652, Penalty 0.0339, loss 2.3122
Epoch 24, Batch 119/320, Lx 2.1734, Lu 0.2049, Penalty 0.0349, loss 2.4133
Epoch 24, Batch 120/320, Lx 1.8930, Lu 0.1635, Penalty 0.0400, loss 2.0966
Epoch 24, Batch 121/320, Lx 1.9139, Lu 0.1634, Penalty 0.0297, loss 2.1070
Epoch 24, Batch 122/320, Lx 1.9313, Lu 0.1712, Penalty 0.0253, loss 2.1278
Epoch 24, Batch 123/320, Lx 1.9489, Lu 0.1838, Penalty 0.0332, loss 2.1658
Epoch 24, Batch 124/320, Lx 2.0239, Lu 0.1874, Penalty 0.0251, loss 2.2364
Epoch 24, Batch 125/320, Lx 1.9526, Lu 0.2424, Penalty 0.0341, loss 2.2291
Epoch 24, Batch 126/320, Lx 2.0680, Lu 0.1967, Penalty 0.0339, loss 2.2985
Epoch 24, Batch 127/320, Lx 2.1217, Lu 0.2240, Penalty 0.0297, loss 2.3754
Epoch 24, Batch 128/320, Lx 2.0304, Lu 0.1990, Penalty 0.0289, loss 2.2583
Epoch 24, Batch 129/320, Lx 1.8957, Lu 0.1570, Penalty 0.0392, loss 2.0919
Epoch 24, Batch 130/320, Lx 2.0928, Lu 0.2361, Penalty 0.0303, loss 2.3592
Epoch 24, Batch 131/320, Lx 2.0904, Lu 0.2157, Penalty 0.0306, loss 2.3368
Epoch 24, Batch 132/320, Lx 2.0245, Lu 0.1516, Penalty 0.0307, loss 2.2068
Epoch 24, Batch 133/320, Lx 1.9353, Lu 0.1934, Penalty 0.0353, loss 2.1640
Epoch 24, Batch 134/320, Lx 2.0306, Lu 0.1740, Penalty 0.0282, loss 2.2328
Epoch 24, Batch 135/320, Lx 1.8752, Lu 0.2103, Penalty 0.0442, loss 2.1297
Epoch 24, Batch 136/320, Lx 1.9600, Lu 0.1830, Penalty 0.0449, loss 2.1880
Epoch 24, Batch 137/320, Lx 2.0204, Lu 0.2121, Penalty 0.0493, loss 2.2817
Epoch 24, Batch 138/320, Lx 2.1191, Lu 0.1942, Penalty 0.0460, loss 2.3593
Epoch 24, Batch 139/320, Lx 2.1105, Lu 0.2274, Penalty 0.0317, loss 2.3695
Epoch 24, Batch 140/320, Lx 2.0443, Lu 0.2537, Penalty 0.0393, loss 2.3372
Epoch 24, Batch 141/320, Lx 1.9815, Lu 0.2117, Penalty 0.0282, loss 2.2215
Epoch 24, Batch 142/320, Lx 2.1532, Lu 0.1769, Penalty 0.0343, loss 2.3645
Epoch 24, Batch 143/320, Lx 2.0408, Lu 0.1773, Penalty 0.0619, loss 2.2800
Epoch 24, Batch 144/320, Lx 2.0922, Lu 0.1753, Penalty 0.0363, loss 2.3038
Epoch 24, Batch 145/320, Lx 1.8390, Lu 0.1515, Penalty 0.0479, loss 2.0383
Epoch 24, Batch 146/320, Lx 1.9530, Lu 0.2237, Penalty 0.0488, loss 2.2255
Epoch 24, Batch 147/320, Lx 2.1125, Lu 0.2085, Penalty 0.0314, loss 2.3525
Epoch 24, Batch 148/320, Lx 1.9548, Lu 0.2080, Penalty 0.0417, loss 2.2045
Epoch 24, Batch 149/320, Lx 2.0030, Lu 0.2049, Penalty 0.0339, loss 2.2418
Epoch 24, Batch 150/320, Lx 2.1916, Lu 0.2647, Penalty 0.0314, loss 2.4877
Epoch 24, Batch 151/320, Lx 1.8915, Lu 0.1793, Penalty 0.0363, loss 2.1072
Epoch 24, Batch 152/320, Lx 2.1227, Lu 0.1946, Penalty 0.0282, loss 2.3454
Epoch 24, Batch 153/320, Lx 2.0622, Lu 0.2185, Penalty 0.0282, loss 2.3089
Epoch 24, Batch 154/320, Lx 1.8350, Lu 0.1854, Penalty 0.0631, loss 2.0834
Epoch 24, Batch 155/320, Lx 2.0732, Lu 0.2342, Penalty 0.0328, loss 2.3402
Epoch 24, Batch 156/320, Lx 2.0781, Lu 0.2542, Penalty 0.0320, loss 2.3643
Epoch 24, Batch 157/320, Lx 2.2229, Lu 0.2490, Penalty 0.0343, loss 2.5063
Epoch 24, Batch 158/320, Lx 2.1111, Lu 0.1768, Penalty 0.0361, loss 2.3241
Epoch 24, Batch 159/320, Lx 1.9328, Lu 0.2364, Penalty 0.0288, loss 2.1980
Epoch 24, Batch 160/320, Lx 2.0112, Lu 0.1920, Penalty 0.0328, loss 2.2360
Epoch 24, Batch 161/320, Lx 2.1277, Lu 0.2074, Penalty 0.0338, loss 2.3689
Epoch 24, Batch 162/320, Lx 2.1306, Lu 0.2211, Penalty 0.0373, loss 2.3890
Epoch 24, Batch 163/320, Lx 1.9828, Lu 0.1837, Penalty 0.0428, loss 2.2093
Epoch 24, Batch 164/320, Lx 2.0305, Lu 0.1704, Penalty 0.0388, loss 2.2397
Epoch 24, Batch 165/320, Lx 1.8934, Lu 0.1121, Penalty 0.0273, loss 2.0327
Epoch 24, Batch 166/320, Lx 2.0098, Lu 0.1692, Penalty 0.0392, loss 2.2182
Epoch 24, Batch 167/320, Lx 1.8661, Lu 0.1983, Penalty 0.0281, loss 2.0925
Epoch 24, Batch 168/320, Lx 1.8727, Lu 0.1646, Penalty 0.0336, loss 2.0710
Epoch 24, Batch 169/320, Lx 2.0268, Lu 0.1851, Penalty 0.0498, loss 2.2618
Epoch 24, Batch 170/320, Lx 2.0164, Lu 0.1437, Penalty 0.0320, loss 2.1921
Epoch 24, Batch 171/320, Lx 2.1000, Lu 0.2785, Penalty 0.0385, loss 2.4169
Epoch 24, Batch 172/320, Lx 1.9406, Lu 0.2313, Penalty 0.0390, loss 2.2109
Epoch 24, Batch 173/320, Lx 2.0805, Lu 0.2075, Penalty 0.0378, loss 2.3258
Epoch 24, Batch 174/320, Lx 2.0048, Lu 0.1931, Penalty 0.0486, loss 2.2465
Epoch 24, Batch 175/320, Lx 2.0032, Lu 0.2099, Penalty 0.0214, loss 2.2345
Epoch 24, Batch 176/320, Lx 2.0581, Lu 0.2358, Penalty 0.0341, loss 2.3280
Epoch 24, Batch 177/320, Lx 2.1342, Lu 0.2859, Penalty 0.0325, loss 2.4525
Epoch 24, Batch 178/320, Lx 2.0826, Lu 0.1946, Penalty 0.0374, loss 2.3146
Epoch 24, Batch 179/320, Lx 2.0672, Lu 0.2007, Penalty 0.0387, loss 2.3066
Epoch 24, Batch 180/320, Lx 2.1343, Lu 0.2619, Penalty 0.0394, loss 2.4356
Epoch 24, Batch 181/320, Lx 2.0017, Lu 0.1765, Penalty 0.0370, loss 2.2152
Epoch 24, Batch 182/320, Lx 2.1326, Lu 0.2799, Penalty 0.0446, loss 2.4571
Epoch 24, Batch 183/320, Lx 2.0938, Lu 0.1820, Penalty 0.0407, loss 2.3165
Epoch 24, Batch 184/320, Lx 2.1345, Lu 0.2332, Penalty 0.0433, loss 2.4109
Epoch 24, Batch 185/320, Lx 2.1294, Lu 0.2633, Penalty 0.0620, loss 2.4547
Epoch 24, Batch 186/320, Lx 2.0994, Lu 0.2322, Penalty 0.0441, loss 2.3757
Epoch 24, Batch 187/320, Lx 1.9826, Lu 0.1543, Penalty 0.0439, loss 2.1808
Epoch 24, Batch 188/320, Lx 1.8636, Lu 0.1486, Penalty 0.0396, loss 2.0518
Epoch 24, Batch 189/320, Lx 1.8768, Lu 0.1531, Penalty 0.0444, loss 2.0743
Epoch 24, Batch 190/320, Lx 2.0573, Lu 0.1456, Penalty 0.0345, loss 2.2374
Epoch 24, Batch 191/320, Lx 1.7772, Lu 0.1617, Penalty 0.0406, loss 1.9795
Epoch 24, Batch 192/320, Lx 1.9604, Lu 0.1778, Penalty 0.0321, loss 2.1703
Epoch 24, Batch 193/320, Lx 1.8365, Lu 0.1471, Penalty 0.0327, loss 2.0163
Epoch 24, Batch 194/320, Lx 2.0883, Lu 0.2250, Penalty 0.0389, loss 2.3521
Epoch 24, Batch 195/320, Lx 2.0446, Lu 0.2525, Penalty 0.0317, loss 2.3288
Epoch 24, Batch 196/320, Lx 1.9688, Lu 0.2270, Penalty 0.0453, loss 2.2411
Epoch 24, Batch 197/320, Lx 1.9040, Lu 0.1735, Penalty 0.0276, loss 2.1051
Epoch 24, Batch 198/320, Lx 1.9351, Lu 0.1840, Penalty 0.0344, loss 2.1535
Epoch 24, Batch 199/320, Lx 2.0543, Lu 0.2464, Penalty 0.0444, loss 2.3451
Epoch 24, Batch 200/320, Lx 1.9989, Lu 0.1933, Penalty 0.0374, loss 2.2296
Epoch 24, Batch 201/320, Lx 2.0892, Lu 0.2015, Penalty 0.0437, loss 2.3343
Epoch 24, Batch 202/320, Lx 2.0834, Lu 0.2188, Penalty 0.0288, loss 2.3310
Epoch 24, Batch 203/320, Lx 2.0183, Lu 0.1686, Penalty 0.0489, loss 2.2358
Epoch 24, Batch 204/320, Lx 2.0690, Lu 0.2346, Penalty 0.0348, loss 2.3384
Epoch 24, Batch 205/320, Lx 2.1369, Lu 0.2000, Penalty 0.0422, loss 2.3791
Epoch 24, Batch 206/320, Lx 2.1339, Lu 0.2642, Penalty 0.0338, loss 2.4319
Epoch 24, Batch 207/320, Lx 2.1566, Lu 0.2356, Penalty 0.0356, loss 2.4279
Epoch 24, Batch 208/320, Lx 1.8989, Lu 0.2205, Penalty 0.0511, loss 2.1705
Epoch 24, Batch 209/320, Lx 2.0852, Lu 0.2284, Penalty 0.0417, loss 2.3554
Epoch 24, Batch 210/320, Lx 2.0195, Lu 0.1690, Penalty 0.0347, loss 2.2232
Epoch 24, Batch 211/320, Lx 1.9305, Lu 0.2020, Penalty 0.0159, loss 2.1485
Epoch 24, Batch 212/320, Lx 2.0860, Lu 0.1854, Penalty 0.0470, loss 2.3185
Epoch 24, Batch 213/320, Lx 2.0977, Lu 0.2004, Penalty 0.0279, loss 2.3261
Epoch 24, Batch 214/320, Lx 2.0808, Lu 0.1988, Penalty 0.0315, loss 2.3111
Epoch 24, Batch 215/320, Lx 2.0449, Lu 0.1899, Penalty 0.0324, loss 2.2672
Epoch 24, Batch 216/320, Lx 1.8891, Lu 0.1411, Penalty 0.0392, loss 2.0694
Epoch 24, Batch 217/320, Lx 2.1012, Lu 0.2131, Penalty 0.0306, loss 2.3449
Epoch 24, Batch 218/320, Lx 2.1306, Lu 0.2694, Penalty 0.0450, loss 2.4450
Epoch 24, Batch 219/320, Lx 2.0572, Lu 0.1685, Penalty 0.0331, loss 2.2587
Epoch 24, Batch 220/320, Lx 2.1526, Lu 0.2156, Penalty 0.0441, loss 2.4123
Epoch 24, Batch 221/320, Lx 2.0588, Lu 0.2969, Penalty 0.0416, loss 2.3973
Epoch 24, Batch 222/320, Lx 1.9151, Lu 0.1978, Penalty 0.0293, loss 2.1422
Epoch 24, Batch 223/320, Lx 2.1449, Lu 0.1810, Penalty 0.0423, loss 2.3682
Epoch 24, Batch 224/320, Lx 2.0321, Lu 0.1703, Penalty 0.0287, loss 2.2311
Epoch 24, Batch 225/320, Lx 1.9260, Lu 0.1810, Penalty 0.0407, loss 2.1477
Epoch 24, Batch 226/320, Lx 2.0743, Lu 0.2238, Penalty 0.0492, loss 2.3473
Epoch 24, Batch 227/320, Lx 1.9510, Lu 0.1555, Penalty 0.0538, loss 2.1603
Epoch 24, Batch 228/320, Lx 1.9348, Lu 0.2022, Penalty 0.0360, loss 2.1729
Epoch 24, Batch 229/320, Lx 1.9209, Lu 0.1562, Penalty 0.0367, loss 2.1138
Epoch 24, Batch 230/320, Lx 2.0463, Lu 0.2053, Penalty 0.0448, loss 2.2964
Epoch 24, Batch 231/320, Lx 1.8717, Lu 0.1767, Penalty 0.0344, loss 2.0827
Epoch 24, Batch 232/320, Lx 1.9745, Lu 0.2123, Penalty 0.0550, loss 2.2418
Epoch 24, Batch 233/320, Lx 1.9057, Lu 0.2139, Penalty 0.0328, loss 2.1524
Epoch 24, Batch 234/320, Lx 2.1585, Lu 0.2488, Penalty 0.0411, loss 2.4484
Epoch 24, Batch 235/320, Lx 1.9581, Lu 0.1998, Penalty 0.0472, loss 2.2050
Epoch 24, Batch 236/320, Lx 2.0702, Lu 0.2293, Penalty 0.0475, loss 2.3469
Epoch 24, Batch 237/320, Lx 1.8332, Lu 0.1606, Penalty 0.0210, loss 2.0148
Epoch 24, Batch 238/320, Lx 2.1301, Lu 0.2158, Penalty 0.0348, loss 2.3807
Epoch 24, Batch 239/320, Lx 2.0507, Lu 0.1483, Penalty 0.0460, loss 2.2450
Epoch 24, Batch 240/320, Lx 2.0117, Lu 0.2177, Penalty 0.0680, loss 2.2974
Epoch 24, Batch 241/320, Lx 1.9166, Lu 0.1943, Penalty 0.0437, loss 2.1545
Epoch 24, Batch 242/320, Lx 2.0965, Lu 0.2235, Penalty 0.0557, loss 2.3757
Epoch 24, Batch 243/320, Lx 1.8171, Lu 0.1583, Penalty 0.0288, loss 2.0042
Epoch 24, Batch 244/320, Lx 1.7321, Lu 0.1594, Penalty 0.0373, loss 1.9288
Epoch 24, Batch 245/320, Lx 2.0401, Lu 0.1789, Penalty 0.0366, loss 2.2556
Epoch 24, Batch 246/320, Lx 2.0589, Lu 0.1876, Penalty 0.0452, loss 2.2918
Epoch 24, Batch 247/320, Lx 1.9351, Lu 0.1963, Penalty 0.0222, loss 2.1536
Epoch 24, Batch 248/320, Lx 1.8820, Lu 0.1690, Penalty 0.0502, loss 2.1012
Epoch 24, Batch 249/320, Lx 1.9701, Lu 0.1926, Penalty 0.0272, loss 2.1900
Epoch 24, Batch 250/320, Lx 2.0230, Lu 0.2574, Penalty 0.0491, loss 2.3296
Epoch 24, Batch 251/320, Lx 2.1872, Lu 0.2296, Penalty 0.0210, loss 2.4378
Epoch 24, Batch 252/320, Lx 2.1591, Lu 0.1788, Penalty 0.0352, loss 2.3731
Epoch 24, Batch 253/320, Lx 2.0062, Lu 0.1796, Penalty 0.0454, loss 2.2311
Epoch 24, Batch 254/320, Lx 2.0442, Lu 0.1982, Penalty 0.0245, loss 2.2669
Epoch 24, Batch 255/320, Lx 2.0502, Lu 0.2193, Penalty 0.0380, loss 2.3075
Epoch 24, Batch 256/320, Lx 2.1887, Lu 0.1837, Penalty 0.0343, loss 2.4067
Epoch 24, Batch 257/320, Lx 2.0844, Lu 0.1330, Penalty 0.0300, loss 2.2474
Epoch 24, Batch 258/320, Lx 1.9854, Lu 0.2438, Penalty 0.0456, loss 2.2749
Epoch 24, Batch 259/320, Lx 1.8962, Lu 0.1777, Penalty 0.0309, loss 2.1048
Epoch 24, Batch 260/320, Lx 1.9755, Lu 0.2613, Penalty 0.0242, loss 2.2610
Epoch 24, Batch 261/320, Lx 2.1598, Lu 0.1668, Penalty 0.0253, loss 2.3519
Epoch 24, Batch 262/320, Lx 2.0010, Lu 0.1604, Penalty 0.0287, loss 2.1901
Epoch 24, Batch 263/320, Lx 1.9593, Lu 0.1930, Penalty 0.0324, loss 2.1847
Epoch 24, Batch 264/320, Lx 2.0530, Lu 0.1713, Penalty 0.0347, loss 2.2590
Epoch 24, Batch 265/320, Lx 1.9773, Lu 0.1573, Penalty 0.0293, loss 2.1640
Epoch 24, Batch 266/320, Lx 1.8308, Lu 0.1927, Penalty 0.0219, loss 2.0454
Epoch 24, Batch 267/320, Lx 1.9990, Lu 0.2472, Penalty 0.0326, loss 2.2788
Epoch 24, Batch 268/320, Lx 2.0461, Lu 0.2226, Penalty 0.0337, loss 2.3025
Epoch 24, Batch 269/320, Lx 2.0678, Lu 0.1859, Penalty 0.0361, loss 2.2898
Epoch 24, Batch 270/320, Lx 2.0738, Lu 0.1510, Penalty 0.0336, loss 2.2583
Epoch 24, Batch 271/320, Lx 2.0924, Lu 0.2457, Penalty 0.0302, loss 2.3683
Epoch 24, Batch 272/320, Lx 1.8084, Lu 0.1712, Penalty 0.0259, loss 2.0055
Epoch 24, Batch 273/320, Lx 2.0423, Lu 0.1860, Penalty 0.0319, loss 2.2601
Epoch 24, Batch 274/320, Lx 2.0160, Lu 0.2172, Penalty 0.0301, loss 2.2633
Epoch 24, Batch 275/320, Lx 1.9908, Lu 0.1742, Penalty 0.0363, loss 2.2013
Epoch 24, Batch 276/320, Lx 1.8486, Lu 0.1809, Penalty 0.0307, loss 2.0602
Epoch 24, Batch 277/320, Lx 2.1495, Lu 0.2635, Penalty 0.0349, loss 2.4480
Epoch 24, Batch 278/320, Lx 2.0560, Lu 0.1680, Penalty 0.0353, loss 2.2592
Epoch 24, Batch 279/320, Lx 2.1404, Lu 0.1975, Penalty 0.0399, loss 2.3777
Epoch 24, Batch 280/320, Lx 2.0587, Lu 0.1871, Penalty 0.0416, loss 2.2874
Epoch 24, Batch 281/320, Lx 1.9172, Lu 0.1817, Penalty 0.0457, loss 2.1446
Epoch 24, Batch 282/320, Lx 2.1364, Lu 0.2118, Penalty 0.0329, loss 2.3811
Epoch 24, Batch 283/320, Lx 2.0462, Lu 0.1588, Penalty 0.0337, loss 2.2388
Epoch 24, Batch 284/320, Lx 1.9882, Lu 0.1522, Penalty 0.0295, loss 2.1699
Epoch 24, Batch 285/320, Lx 2.1753, Lu 0.2781, Penalty 0.0293, loss 2.4826
Epoch 24, Batch 286/320, Lx 2.0247, Lu 0.1820, Penalty 0.0341, loss 2.2408
Epoch 24, Batch 287/320, Lx 2.1057, Lu 0.2545, Penalty 0.0318, loss 2.3920
Epoch 24, Batch 288/320, Lx 1.9128, Lu 0.2300, Penalty 0.0345, loss 2.1773
Epoch 24, Batch 289/320, Lx 1.8978, Lu 0.1593, Penalty 0.0253, loss 2.0825
Epoch 24, Batch 290/320, Lx 1.8873, Lu 0.1940, Penalty 0.0403, loss 2.1216
Epoch 24, Batch 291/320, Lx 1.9941, Lu 0.1939, Penalty 0.0333, loss 2.2214
Epoch 24, Batch 292/320, Lx 1.8847, Lu 0.1280, Penalty 0.0358, loss 2.0485
Epoch 24, Batch 293/320, Lx 1.9645, Lu 0.1994, Penalty 0.0399, loss 2.2038
Epoch 24, Batch 294/320, Lx 2.0833, Lu 0.2243, Penalty 0.0362, loss 2.3439
Epoch 24, Batch 295/320, Lx 2.0775, Lu 0.2012, Penalty 0.0364, loss 2.3150
Epoch 24, Batch 296/320, Lx 1.9678, Lu 0.2106, Penalty 0.0328, loss 2.2111
Epoch 24, Batch 297/320, Lx 2.0831, Lu 0.2357, Penalty 0.0344, loss 2.3532
Epoch 24, Batch 298/320, Lx 1.9269, Lu 0.1343, Penalty 0.0355, loss 2.0967
Epoch 24, Batch 299/320, Lx 2.0198, Lu 0.2059, Penalty 0.0407, loss 2.2665
Epoch 24, Batch 300/320, Lx 1.9602, Lu 0.1611, Penalty 0.0442, loss 2.1654
Epoch 24, Batch 301/320, Lx 1.9150, Lu 0.2083, Penalty 0.0385, loss 2.1618
Epoch 24, Batch 302/320, Lx 1.8188, Lu 0.1772, Penalty 0.0328, loss 2.0288
Epoch 24, Batch 303/320, Lx 2.1574, Lu 0.2051, Penalty 0.0285, loss 2.3910
Epoch 24, Batch 304/320, Lx 2.1152, Lu 0.2247, Penalty 0.0460, loss 2.3859
Epoch 24, Batch 305/320, Lx 2.0187, Lu 0.2126, Penalty 0.0428, loss 2.2742
Epoch 24, Batch 306/320, Lx 1.7789, Lu 0.1531, Penalty 0.0648, loss 1.9968
Epoch 24, Batch 307/320, Lx 1.9819, Lu 0.1975, Penalty 0.0295, loss 2.2090
Epoch 24, Batch 308/320, Lx 2.0674, Lu 0.1954, Penalty 0.0370, loss 2.2997
Epoch 24, Batch 309/320, Lx 2.0491, Lu 0.1774, Penalty 0.0284, loss 2.2549
Epoch 24, Batch 310/320, Lx 2.1170, Lu 0.1631, Penalty 0.0298, loss 2.3099
Epoch 24, Batch 311/320, Lx 2.0017, Lu 0.1829, Penalty 0.0435, loss 2.2282
Epoch 24, Batch 312/320, Lx 2.1179, Lu 0.2529, Penalty 0.0414, loss 2.4122
Epoch 24, Batch 313/320, Lx 2.0623, Lu 0.1551, Penalty 0.0373, loss 2.2547
Epoch 24, Batch 314/320, Lx 2.1423, Lu 0.2264, Penalty 0.0350, loss 2.4037
Epoch 24, Batch 315/320, Lx 1.9749, Lu 0.2012, Penalty 0.0461, loss 2.2222
Epoch 24, Batch 316/320, Lx 1.9474, Lu 0.1624, Penalty 0.0448, loss 2.1546
Epoch 24, Batch 317/320, Lx 2.0271, Lu 0.1855, Penalty 0.0367, loss 2.2493
Epoch 24, Batch 318/320, Lx 2.1376, Lu 0.2406, Penalty 0.0376, loss 2.4157
Epoch 24, Batch 319/320, Lx 2.1148, Lu 0.2413, Penalty 0.0439, loss 2.4000
Epoch 24, Batch 320/320, Lx 1.9822, Lu 0.1714, Penalty 0.0382, loss 2.1918
Loss: 2.2560, Lx: 2.0211, Lu: 0.1984, Penalty: 0.0365
Evaluating training data at epoch 24 for Model 1
GMM Means: [0.60399792 0.34873034]
GMM Covariances: [0.01653562 0.01323251]
Evaluating training data at epoch 24 for Model 2
GMM Means: [0.33087019 0.56819558]
GMM Covariances: [0.0138295  0.01602378]
Evaluating models at epoch 24
Test data size: 60000
Epoch: 24, Test Loss: 1.5198, Test Accuracy: 0.4985, Test F1 Score: 0.4980
Training for Network 1
labelled data size: 11221
unlabelled data size: 30779
Epoch 25, Batch 1/351, Lx 1.8355, Lu 0.1965, Penalty 0.0434, loss 2.0754
Epoch 25, Batch 2/351, Lx 1.8684, Lu 0.1826, Penalty 0.0419, loss 2.0929
Epoch 25, Batch 3/351, Lx 1.9513, Lu 0.1687, Penalty 0.0429, loss 2.1629
Epoch 25, Batch 4/351, Lx 1.9491, Lu 0.2342, Penalty 0.0526, loss 2.2359
Epoch 25, Batch 5/351, Lx 1.9726, Lu 0.1674, Penalty 0.0518, loss 2.1918
Epoch 25, Batch 6/351, Lx 1.7682, Lu 0.1859, Penalty 0.0464, loss 2.0005
Epoch 25, Batch 7/351, Lx 1.9816, Lu 0.2304, Penalty 0.0528, loss 2.2649
Epoch 25, Batch 8/351, Lx 1.7436, Lu 0.1685, Penalty 0.0587, loss 1.9709
Epoch 25, Batch 9/351, Lx 1.8336, Lu 0.2560, Penalty 0.0653, loss 2.1548
Epoch 25, Batch 10/351, Lx 2.0169, Lu 0.2450, Penalty 0.0440, loss 2.3060
Epoch 25, Batch 11/351, Lx 1.9333, Lu 0.2263, Penalty 0.0593, loss 2.2188
Epoch 25, Batch 12/351, Lx 2.0644, Lu 0.2309, Penalty 0.0569, loss 2.3522
Epoch 25, Batch 13/351, Lx 2.0298, Lu 0.2021, Penalty 0.0340, loss 2.2659
Epoch 25, Batch 14/351, Lx 1.8280, Lu 0.1771, Penalty 0.0584, loss 2.0634
Epoch 25, Batch 15/351, Lx 1.8755, Lu 0.1825, Penalty 0.0588, loss 2.1168
Epoch 25, Batch 16/351, Lx 1.8448, Lu 0.1601, Penalty 0.0460, loss 2.0509
Epoch 25, Batch 17/351, Lx 2.0740, Lu 0.2373, Penalty 0.0345, loss 2.3457
Epoch 25, Batch 18/351, Lx 1.9334, Lu 0.2363, Penalty 0.0596, loss 2.2292
Epoch 25, Batch 19/351, Lx 2.0912, Lu 0.2739, Penalty 0.0475, loss 2.4127
Epoch 25, Batch 20/351, Lx 1.9698, Lu 0.1947, Penalty 0.0502, loss 2.2147
Epoch 25, Batch 21/351, Lx 1.8724, Lu 0.2207, Penalty 0.0638, loss 2.1569
Epoch 25, Batch 22/351, Lx 2.0644, Lu 0.2824, Penalty 0.0386, loss 2.3854
Epoch 25, Batch 23/351, Lx 1.9852, Lu 0.1946, Penalty 0.0564, loss 2.2362
Epoch 25, Batch 24/351, Lx 1.6012, Lu 0.1831, Penalty 0.0659, loss 1.8502
Epoch 25, Batch 25/351, Lx 1.7915, Lu 0.1581, Penalty 0.0611, loss 2.0107
Epoch 25, Batch 26/351, Lx 1.7792, Lu 0.2095, Penalty 0.0728, loss 2.0614
Epoch 25, Batch 27/351, Lx 2.0451, Lu 0.2333, Penalty 0.0431, loss 2.3215
Epoch 25, Batch 28/351, Lx 2.0358, Lu 0.3279, Penalty 0.0368, loss 2.4005
Epoch 25, Batch 29/351, Lx 2.1165, Lu 0.2421, Penalty 0.0489, loss 2.4075
Epoch 25, Batch 30/351, Lx 2.0362, Lu 0.2365, Penalty 0.0416, loss 2.3143
Epoch 25, Batch 31/351, Lx 2.0361, Lu 0.1883, Penalty 0.0583, loss 2.2828
Epoch 25, Batch 32/351, Lx 2.0598, Lu 0.2064, Penalty 0.0521, loss 2.3183
Epoch 25, Batch 33/351, Lx 1.9907, Lu 0.2906, Penalty 0.0615, loss 2.3428
Epoch 25, Batch 34/351, Lx 1.9646, Lu 0.2509, Penalty 0.0466, loss 2.2621
Epoch 25, Batch 35/351, Lx 2.1275, Lu 0.2025, Penalty 0.0576, loss 2.3875
Epoch 25, Batch 36/351, Lx 2.0331, Lu 0.2609, Penalty 0.0446, loss 2.3386
Epoch 25, Batch 37/351, Lx 1.8551, Lu 0.1859, Penalty 0.0597, loss 2.1008
Epoch 25, Batch 38/351, Lx 2.0469, Lu 0.2618, Penalty 0.0527, loss 2.3613
Epoch 25, Batch 39/351, Lx 1.8728, Lu 0.1829, Penalty 0.0698, loss 2.1255
Epoch 25, Batch 40/351, Lx 1.9371, Lu 0.2380, Penalty 0.0736, loss 2.2487
Epoch 25, Batch 41/351, Lx 1.9947, Lu 0.2895, Penalty 0.0519, loss 2.3361
Epoch 25, Batch 42/351, Lx 1.8802, Lu 0.1583, Penalty 0.0685, loss 2.1070
Epoch 25, Batch 43/351, Lx 1.9909, Lu 0.2254, Penalty 0.0594, loss 2.2756
Epoch 25, Batch 44/351, Lx 1.7873, Lu 0.1910, Penalty 0.0832, loss 2.0615
Epoch 25, Batch 45/351, Lx 1.9223, Lu 0.2120, Penalty 0.0699, loss 2.2041
Epoch 25, Batch 46/351, Lx 1.7772, Lu 0.1895, Penalty 0.0678, loss 2.0345
Epoch 25, Batch 47/351, Lx 1.7671, Lu 0.1664, Penalty 0.0788, loss 2.0124
Epoch 25, Batch 48/351, Lx 1.8909, Lu 0.1974, Penalty 0.0668, loss 2.1551
Epoch 25, Batch 49/351, Lx 2.1092, Lu 0.2807, Penalty 0.0585, loss 2.4484
Epoch 25, Batch 50/351, Lx 1.9811, Lu 0.2593, Penalty 0.0570, loss 2.2975
Epoch 25, Batch 51/351, Lx 1.9329, Lu 0.2772, Penalty 0.0717, loss 2.2818
Epoch 25, Batch 52/351, Lx 1.8774, Lu 0.2216, Penalty 0.0872, loss 2.1862
Epoch 25, Batch 53/351, Lx 1.8442, Lu 0.1809, Penalty 0.0787, loss 2.1038
Epoch 25, Batch 54/351, Lx 1.9942, Lu 0.1928, Penalty 0.0581, loss 2.2451
Epoch 25, Batch 55/351, Lx 1.9532, Lu 0.2011, Penalty 0.0459, loss 2.2001
Epoch 25, Batch 56/351, Lx 1.6693, Lu 0.1583, Penalty 0.0684, loss 1.8959
Epoch 25, Batch 57/351, Lx 1.9727, Lu 0.2396, Penalty 0.0525, loss 2.2647
Epoch 25, Batch 58/351, Lx 1.8646, Lu 0.2382, Penalty 0.0629, loss 2.1657
Epoch 25, Batch 59/351, Lx 2.0561, Lu 0.2301, Penalty 0.0566, loss 2.3428
Epoch 25, Batch 60/351, Lx 2.0552, Lu 0.1920, Penalty 0.0495, loss 2.2967
Epoch 25, Batch 61/351, Lx 1.8977, Lu 0.2016, Penalty 0.0591, loss 2.1583
Epoch 25, Batch 62/351, Lx 1.9222, Lu 0.2482, Penalty 0.0845, loss 2.2549
Epoch 25, Batch 63/351, Lx 1.9455, Lu 0.2233, Penalty 0.0647, loss 2.2335
Epoch 25, Batch 64/351, Lx 1.7621, Lu 0.2050, Penalty 0.0608, loss 2.0278
Epoch 25, Batch 65/351, Lx 1.8953, Lu 0.2352, Penalty 0.0649, loss 2.1954
Epoch 25, Batch 66/351, Lx 1.9513, Lu 0.1828, Penalty 0.0595, loss 2.1936
Epoch 25, Batch 67/351, Lx 2.0247, Lu 0.2551, Penalty 0.0547, loss 2.3345
Epoch 25, Batch 68/351, Lx 1.9348, Lu 0.2319, Penalty 0.0713, loss 2.2380
Epoch 25, Batch 69/351, Lx 1.9498, Lu 0.2168, Penalty 0.0500, loss 2.2167
Epoch 25, Batch 70/351, Lx 1.9760, Lu 0.2239, Penalty 0.0528, loss 2.2527
Epoch 25, Batch 71/351, Lx 2.0027, Lu 0.2300, Penalty 0.0729, loss 2.3057
Epoch 25, Batch 72/351, Lx 2.0257, Lu 0.2558, Penalty 0.0609, loss 2.3424
Epoch 25, Batch 73/351, Lx 1.9354, Lu 0.1982, Penalty 0.0554, loss 2.1889
Epoch 25, Batch 74/351, Lx 1.8867, Lu 0.2586, Penalty 0.0986, loss 2.2439
Epoch 25, Batch 75/351, Lx 1.9271, Lu 0.2027, Penalty 0.0497, loss 2.1794
Epoch 25, Batch 76/351, Lx 1.8554, Lu 0.2213, Penalty 0.0691, loss 2.1457
Epoch 25, Batch 77/351, Lx 1.8752, Lu 0.1727, Penalty 0.0564, loss 2.1042
Epoch 25, Batch 78/351, Lx 1.7599, Lu 0.1804, Penalty 0.0854, loss 2.0257
Epoch 25, Batch 79/351, Lx 2.1082, Lu 0.2513, Penalty 0.0611, loss 2.4206
Epoch 25, Batch 80/351, Lx 1.9512, Lu 0.2327, Penalty 0.0489, loss 2.2328
Epoch 25, Batch 81/351, Lx 1.9870, Lu 0.2228, Penalty 0.0812, loss 2.2910
Epoch 25, Batch 82/351, Lx 1.9897, Lu 0.2332, Penalty 0.0422, loss 2.2651
Epoch 25, Batch 83/351, Lx 1.9415, Lu 0.2609, Penalty 0.0559, loss 2.2583
Epoch 25, Batch 84/351, Lx 1.8927, Lu 0.2748, Penalty 0.0802, loss 2.2478
Epoch 25, Batch 85/351, Lx 2.0422, Lu 0.2520, Penalty 0.0476, loss 2.3418
Epoch 25, Batch 86/351, Lx 1.7829, Lu 0.1665, Penalty 0.0505, loss 1.9999
Epoch 25, Batch 87/351, Lx 1.9458, Lu 0.2722, Penalty 0.0581, loss 2.2762
Epoch 25, Batch 88/351, Lx 1.8931, Lu 0.1944, Penalty 0.0833, loss 2.1708
Epoch 25, Batch 89/351, Lx 1.9085, Lu 0.1850, Penalty 0.0511, loss 2.1447
Epoch 25, Batch 90/351, Lx 1.9772, Lu 0.2127, Penalty 0.0542, loss 2.2441
Epoch 25, Batch 91/351, Lx 2.1057, Lu 0.2744, Penalty 0.0521, loss 2.4323
Epoch 25, Batch 92/351, Lx 2.1901, Lu 0.2891, Penalty 0.0707, loss 2.5500
Epoch 25, Batch 93/351, Lx 2.0341, Lu 0.1919, Penalty 0.0488, loss 2.2748
Epoch 25, Batch 94/351, Lx 1.9338, Lu 0.2377, Penalty 0.0484, loss 2.2199
Epoch 25, Batch 95/351, Lx 2.0394, Lu 0.1783, Penalty 0.0457, loss 2.2633
Epoch 25, Batch 96/351, Lx 1.8196, Lu 0.1899, Penalty 0.0601, loss 2.0696
Epoch 25, Batch 97/351, Lx 2.0190, Lu 0.2068, Penalty 0.0682, loss 2.2939
Epoch 25, Batch 98/351, Lx 2.1047, Lu 0.2410, Penalty 0.0410, loss 2.3867
Epoch 25, Batch 99/351, Lx 1.8790, Lu 0.1750, Penalty 0.0370, loss 2.0910
Epoch 25, Batch 100/351, Lx 1.9612, Lu 0.2071, Penalty 0.0443, loss 2.2126
Epoch 25, Batch 101/351, Lx 1.6619, Lu 0.1668, Penalty 0.0579, loss 1.8865
Epoch 25, Batch 102/351, Lx 2.1181, Lu 0.2228, Penalty 0.0617, loss 2.4026
Epoch 25, Batch 103/351, Lx 2.0102, Lu 0.2391, Penalty 0.0575, loss 2.3068
Epoch 25, Batch 104/351, Lx 2.0205, Lu 0.2338, Penalty 0.0412, loss 2.2954
Epoch 25, Batch 105/351, Lx 1.9824, Lu 0.2171, Penalty 0.0501, loss 2.2495
Epoch 25, Batch 106/351, Lx 2.0056, Lu 0.1931, Penalty 0.0429, loss 2.2416
Epoch 25, Batch 107/351, Lx 1.8224, Lu 0.2253, Penalty 0.0619, loss 2.1096
Epoch 25, Batch 108/351, Lx 2.0237, Lu 0.2014, Penalty 0.0649, loss 2.2901
Epoch 25, Batch 109/351, Lx 1.9858, Lu 0.2522, Penalty 0.0596, loss 2.2976
Epoch 25, Batch 110/351, Lx 1.9312, Lu 0.1945, Penalty 0.0468, loss 2.1725
Epoch 25, Batch 111/351, Lx 1.8472, Lu 0.1847, Penalty 0.0584, loss 2.0904
Epoch 25, Batch 112/351, Lx 1.9434, Lu 0.2735, Penalty 0.0506, loss 2.2675
Epoch 25, Batch 113/351, Lx 1.9103, Lu 0.2570, Penalty 0.0476, loss 2.2150
Epoch 25, Batch 114/351, Lx 1.9827, Lu 0.1722, Penalty 0.0536, loss 2.2086
Epoch 25, Batch 115/351, Lx 1.7031, Lu 0.2094, Penalty 0.0673, loss 1.9799
Epoch 25, Batch 116/351, Lx 1.8450, Lu 0.2613, Penalty 0.0478, loss 2.1541
Epoch 25, Batch 117/351, Lx 1.9552, Lu 0.2637, Penalty 0.0727, loss 2.2917
Epoch 25, Batch 118/351, Lx 1.9870, Lu 0.2072, Penalty 0.0567, loss 2.2509
Epoch 25, Batch 119/351, Lx 1.9943, Lu 0.1904, Penalty 0.0527, loss 2.2374
Epoch 25, Batch 120/351, Lx 1.9202, Lu 0.2278, Penalty 0.0539, loss 2.2019
Epoch 25, Batch 121/351, Lx 1.8157, Lu 0.2137, Penalty 0.0760, loss 2.1054
Epoch 25, Batch 122/351, Lx 2.0318, Lu 0.2141, Penalty 0.0503, loss 2.2962
Epoch 25, Batch 123/351, Lx 2.0952, Lu 0.2354, Penalty 0.0708, loss 2.4013
Epoch 25, Batch 124/351, Lx 2.0359, Lu 0.2371, Penalty 0.0573, loss 2.3303
Epoch 25, Batch 125/351, Lx 2.0053, Lu 0.1931, Penalty 0.0754, loss 2.2738
Epoch 25, Batch 126/351, Lx 2.0931, Lu 0.2502, Penalty 0.0722, loss 2.4155
Epoch 25, Batch 127/351, Lx 1.9543, Lu 0.2516, Penalty 0.0578, loss 2.2637
Epoch 25, Batch 128/351, Lx 2.0725, Lu 0.2374, Penalty 0.0413, loss 2.3511
Epoch 25, Batch 129/351, Lx 2.0178, Lu 0.2476, Penalty 0.0544, loss 2.3198
Epoch 25, Batch 130/351, Lx 1.9894, Lu 0.1874, Penalty 0.0625, loss 2.2393
Epoch 25, Batch 131/351, Lx 2.0122, Lu 0.2083, Penalty 0.0654, loss 2.2858
Epoch 25, Batch 132/351, Lx 2.0873, Lu 0.2630, Penalty 0.0640, loss 2.4142
Epoch 25, Batch 133/351, Lx 1.9604, Lu 0.2307, Penalty 0.0597, loss 2.2507
Epoch 25, Batch 134/351, Lx 1.9947, Lu 0.1666, Penalty 0.0488, loss 2.2101
Epoch 25, Batch 135/351, Lx 1.8483, Lu 0.1981, Penalty 0.0747, loss 2.1212
Epoch 25, Batch 136/351, Lx 2.0571, Lu 0.2512, Penalty 0.0489, loss 2.3572
Epoch 25, Batch 137/351, Lx 2.0367, Lu 0.2066, Penalty 0.0554, loss 2.2987
Epoch 25, Batch 138/351, Lx 1.7990, Lu 0.1666, Penalty 0.0895, loss 2.0551
Epoch 25, Batch 139/351, Lx 1.9866, Lu 0.2552, Penalty 0.0793, loss 2.3211
Epoch 25, Batch 140/351, Lx 1.8402, Lu 0.1638, Penalty 0.0578, loss 2.0618
Epoch 25, Batch 141/351, Lx 1.9466, Lu 0.2427, Penalty 0.0634, loss 2.2527
Epoch 25, Batch 142/351, Lx 1.8355, Lu 0.2429, Penalty 0.0763, loss 2.1547
Epoch 25, Batch 143/351, Lx 2.0841, Lu 0.2252, Penalty 0.0433, loss 2.3525
Epoch 25, Batch 144/351, Lx 1.9446, Lu 0.2269, Penalty 0.0588, loss 2.2304
Epoch 25, Batch 145/351, Lx 1.9974, Lu 0.2165, Penalty 0.0568, loss 2.2706
Epoch 25, Batch 146/351, Lx 2.0822, Lu 0.2251, Penalty 0.0560, loss 2.3632
Epoch 25, Batch 147/351, Lx 2.0594, Lu 0.2537, Penalty 0.0520, loss 2.3651
Epoch 25, Batch 148/351, Lx 1.8791, Lu 0.1888, Penalty 0.0441, loss 2.1120
Epoch 25, Batch 149/351, Lx 2.0409, Lu 0.2389, Penalty 0.0484, loss 2.3283
Epoch 25, Batch 150/351, Lx 1.8225, Lu 0.2145, Penalty 0.0763, loss 2.1133
Epoch 25, Batch 151/351, Lx 2.0951, Lu 0.2974, Penalty 0.0450, loss 2.4376
Epoch 25, Batch 152/351, Lx 1.8907, Lu 0.2050, Penalty 0.0642, loss 2.1600
Epoch 25, Batch 153/351, Lx 1.8589, Lu 0.2098, Penalty 0.0539, loss 2.1225
Epoch 25, Batch 154/351, Lx 2.0292, Lu 0.2288, Penalty 0.0447, loss 2.3027
Epoch 25, Batch 155/351, Lx 1.7124, Lu 0.1773, Penalty 0.0715, loss 1.9612
Epoch 25, Batch 156/351, Lx 2.0423, Lu 0.1900, Penalty 0.0464, loss 2.2787
Epoch 25, Batch 157/351, Lx 1.9818, Lu 0.1919, Penalty 0.0525, loss 2.2262
Epoch 25, Batch 158/351, Lx 1.9530, Lu 0.2489, Penalty 0.0650, loss 2.2669
Epoch 25, Batch 159/351, Lx 2.0853, Lu 0.3029, Penalty 0.0478, loss 2.4360
Epoch 25, Batch 160/351, Lx 2.0480, Lu 0.1903, Penalty 0.0416, loss 2.2799
Epoch 25, Batch 161/351, Lx 2.0655, Lu 0.1969, Penalty 0.0421, loss 2.3046
Epoch 25, Batch 162/351, Lx 2.1038, Lu 0.2464, Penalty 0.0652, loss 2.4154
Epoch 25, Batch 163/351, Lx 1.9487, Lu 0.2303, Penalty 0.0582, loss 2.2372
Epoch 25, Batch 164/351, Lx 1.9369, Lu 0.1813, Penalty 0.0525, loss 2.1708
Epoch 25, Batch 165/351, Lx 2.0400, Lu 0.2063, Penalty 0.0482, loss 2.2944
Epoch 25, Batch 166/351, Lx 1.7825, Lu 0.2419, Penalty 0.0773, loss 2.1017
Epoch 25, Batch 167/351, Lx 1.9855, Lu 0.2697, Penalty 0.0487, loss 2.3039
Epoch 25, Batch 168/351, Lx 2.0400, Lu 0.2723, Penalty 0.0487, loss 2.3610
Epoch 25, Batch 169/351, Lx 1.9336, Lu 0.2998, Penalty 0.0617, loss 2.2950
Epoch 25, Batch 170/351, Lx 1.8365, Lu 0.1789, Penalty 0.0770, loss 2.0924
Epoch 25, Batch 171/351, Lx 1.7864, Lu 0.1605, Penalty 0.0681, loss 2.0150
Epoch 25, Batch 172/351, Lx 1.9434, Lu 0.1873, Penalty 0.0629, loss 2.1935
Epoch 25, Batch 173/351, Lx 1.9108, Lu 0.1711, Penalty 0.0653, loss 2.1472
Epoch 25, Batch 174/351, Lx 2.0098, Lu 0.2156, Penalty 0.0503, loss 2.2758
Epoch 25, Batch 175/351, Lx 1.9132, Lu 0.1661, Penalty 0.0495, loss 2.1287
Epoch 25, Batch 176/351, Lx 1.9452, Lu 0.2713, Penalty 0.0539, loss 2.2704
Epoch 25, Batch 177/351, Lx 2.0419, Lu 0.2983, Penalty 0.0690, loss 2.4092
Epoch 25, Batch 178/351, Lx 1.7757, Lu 0.2159, Penalty 0.0816, loss 2.0733
Epoch 25, Batch 179/351, Lx 2.1013, Lu 0.3216, Penalty 0.0503, loss 2.4732
Epoch 25, Batch 180/351, Lx 2.0353, Lu 0.2618, Penalty 0.0547, loss 2.3518
Epoch 25, Batch 181/351, Lx 2.0197, Lu 0.2069, Penalty 0.0628, loss 2.2894
Epoch 25, Batch 182/351, Lx 1.9827, Lu 0.2024, Penalty 0.0708, loss 2.2559
Epoch 25, Batch 183/351, Lx 1.9961, Lu 0.2001, Penalty 0.0640, loss 2.2603
Epoch 25, Batch 184/351, Lx 1.9453, Lu 0.1989, Penalty 0.0648, loss 2.2090
Epoch 25, Batch 185/351, Lx 1.9193, Lu 0.2177, Penalty 0.0511, loss 2.1881
Epoch 25, Batch 186/351, Lx 1.9967, Lu 0.2115, Penalty 0.0542, loss 2.2625
Epoch 25, Batch 187/351, Lx 2.0460, Lu 0.2560, Penalty 0.0595, loss 2.3614
Epoch 25, Batch 188/351, Lx 1.8769, Lu 0.1472, Penalty 0.0480, loss 2.0721
Epoch 25, Batch 189/351, Lx 1.8375, Lu 0.1812, Penalty 0.0628, loss 2.0815
Epoch 25, Batch 190/351, Lx 1.9894, Lu 0.2131, Penalty 0.0617, loss 2.2641
Epoch 25, Batch 191/351, Lx 2.0544, Lu 0.2469, Penalty 0.0577, loss 2.3589
Epoch 25, Batch 192/351, Lx 1.8605, Lu 0.1648, Penalty 0.0595, loss 2.0849
Epoch 25, Batch 193/351, Lx 1.9363, Lu 0.2532, Penalty 0.0643, loss 2.2539
Epoch 25, Batch 194/351, Lx 1.9221, Lu 0.2516, Penalty 0.0632, loss 2.2369
Epoch 25, Batch 195/351, Lx 2.1195, Lu 0.2869, Penalty 0.0628, loss 2.4692
Epoch 25, Batch 196/351, Lx 1.9446, Lu 0.2954, Penalty 0.0738, loss 2.3138
Epoch 25, Batch 197/351, Lx 2.0270, Lu 0.2021, Penalty 0.0526, loss 2.2818
Epoch 25, Batch 198/351, Lx 2.0041, Lu 0.1864, Penalty 0.0886, loss 2.2790
Epoch 25, Batch 199/351, Lx 1.7960, Lu 0.1334, Penalty 0.0590, loss 1.9884
Epoch 25, Batch 200/351, Lx 1.9779, Lu 0.1995, Penalty 0.0596, loss 2.2371
Epoch 25, Batch 201/351, Lx 1.7074, Lu 0.1609, Penalty 0.0723, loss 1.9406
Epoch 25, Batch 202/351, Lx 2.0219, Lu 0.2198, Penalty 0.0911, loss 2.3327
Epoch 25, Batch 203/351, Lx 1.9172, Lu 0.1816, Penalty 0.0809, loss 2.1797
Epoch 25, Batch 204/351, Lx 2.0966, Lu 0.2531, Penalty 0.0593, loss 2.4089
Epoch 25, Batch 205/351, Lx 2.0428, Lu 0.2302, Penalty 0.0655, loss 2.3384
Epoch 25, Batch 206/351, Lx 2.0163, Lu 0.2986, Penalty 0.0665, loss 2.3814
Epoch 25, Batch 207/351, Lx 1.8864, Lu 0.2191, Penalty 0.0656, loss 2.1712
Epoch 25, Batch 208/351, Lx 1.8977, Lu 0.1967, Penalty 0.0545, loss 2.1489
Epoch 25, Batch 209/351, Lx 2.0080, Lu 0.2182, Penalty 0.0808, loss 2.3069
Epoch 25, Batch 210/351, Lx 1.8352, Lu 0.1805, Penalty 0.0597, loss 2.0753
Epoch 25, Batch 211/351, Lx 1.8839, Lu 0.1687, Penalty 0.0659, loss 2.1185
Epoch 25, Batch 212/351, Lx 1.9735, Lu 0.2400, Penalty 0.0514, loss 2.2649
Epoch 25, Batch 213/351, Lx 1.8347, Lu 0.2166, Penalty 0.0899, loss 2.1413
Epoch 25, Batch 214/351, Lx 2.0253, Lu 0.2185, Penalty 0.0710, loss 2.3148
Epoch 25, Batch 215/351, Lx 1.8342, Lu 0.2322, Penalty 0.1131, loss 2.1794
Epoch 25, Batch 216/351, Lx 1.8067, Lu 0.1890, Penalty 0.0744, loss 2.0701
Epoch 25, Batch 217/351, Lx 1.9160, Lu 0.2004, Penalty 0.0727, loss 2.1891
Epoch 25, Batch 218/351, Lx 1.9545, Lu 0.2435, Penalty 0.0559, loss 2.2540
Epoch 25, Batch 219/351, Lx 2.0956, Lu 0.3003, Penalty 0.0624, loss 2.4583
Epoch 25, Batch 220/351, Lx 2.0659, Lu 0.1619, Penalty 0.0470, loss 2.2748
Epoch 25, Batch 221/351, Lx 2.0383, Lu 0.2517, Penalty 0.0498, loss 2.3398
Epoch 25, Batch 222/351, Lx 1.8815, Lu 0.1852, Penalty 0.0583, loss 2.1251
Epoch 25, Batch 223/351, Lx 2.1485, Lu 0.2088, Penalty 0.0502, loss 2.4075
Epoch 25, Batch 224/351, Lx 1.8992, Lu 0.2076, Penalty 0.0739, loss 2.1806
Epoch 25, Batch 225/351, Lx 2.1062, Lu 0.2004, Penalty 0.0537, loss 2.3603
Epoch 25, Batch 226/351, Lx 1.9847, Lu 0.2526, Penalty 0.0689, loss 2.3062
Epoch 25, Batch 227/351, Lx 1.9524, Lu 0.2406, Penalty 0.0476, loss 2.2406
Epoch 25, Batch 228/351, Lx 2.0585, Lu 0.1980, Penalty 0.0442, loss 2.3007
Epoch 25, Batch 229/351, Lx 1.9994, Lu 0.2231, Penalty 0.0636, loss 2.2861
Epoch 25, Batch 230/351, Lx 1.8544, Lu 0.1837, Penalty 0.0676, loss 2.1057
Epoch 25, Batch 231/351, Lx 1.9881, Lu 0.2085, Penalty 0.0463, loss 2.2428
Epoch 25, Batch 232/351, Lx 1.6909, Lu 0.1879, Penalty 0.0898, loss 1.9686
Epoch 25, Batch 233/351, Lx 2.1051, Lu 0.2589, Penalty 0.0600, loss 2.4239
Epoch 25, Batch 234/351, Lx 1.9141, Lu 0.2372, Penalty 0.0599, loss 2.2111
Epoch 25, Batch 235/351, Lx 1.8495, Lu 0.1605, Penalty 0.0523, loss 2.0623
Epoch 25, Batch 236/351, Lx 1.9938, Lu 0.2143, Penalty 0.0505, loss 2.2586
Epoch 25, Batch 237/351, Lx 1.9621, Lu 0.2801, Penalty 0.0621, loss 2.3042
Epoch 25, Batch 238/351, Lx 1.9409, Lu 0.2516, Penalty 0.0560, loss 2.2485
Epoch 25, Batch 239/351, Lx 2.0419, Lu 0.2839, Penalty 0.0522, loss 2.3780
Epoch 25, Batch 240/351, Lx 2.0052, Lu 0.2371, Penalty 0.0411, loss 2.2834
Epoch 25, Batch 241/351, Lx 1.7976, Lu 0.1858, Penalty 0.0519, loss 2.0353
Epoch 25, Batch 242/351, Lx 1.7567, Lu 0.1701, Penalty 0.0686, loss 1.9954
Epoch 25, Batch 243/351, Lx 1.9834, Lu 0.2423, Penalty 0.0519, loss 2.2777
Epoch 25, Batch 244/351, Lx 2.0891, Lu 0.2618, Penalty 0.0632, loss 2.4142
Epoch 25, Batch 245/351, Lx 1.9587, Lu 0.2875, Penalty 0.0649, loss 2.3111
Epoch 25, Batch 246/351, Lx 1.9733, Lu 0.2402, Penalty 0.0607, loss 2.2742
Epoch 25, Batch 247/351, Lx 1.9197, Lu 0.1687, Penalty 0.0576, loss 2.1459
Epoch 25, Batch 248/351, Lx 1.6938, Lu 0.1857, Penalty 0.0445, loss 1.9240
Epoch 25, Batch 249/351, Lx 2.0335, Lu 0.2604, Penalty 0.0526, loss 2.3466
Epoch 25, Batch 250/351, Lx 1.7785, Lu 0.1895, Penalty 0.0566, loss 2.0246
Epoch 25, Batch 251/351, Lx 2.0129, Lu 0.2640, Penalty 0.0690, loss 2.3459
Epoch 25, Batch 252/351, Lx 2.0766, Lu 0.2290, Penalty 0.0418, loss 2.3474
Epoch 25, Batch 253/351, Lx 2.0524, Lu 0.2659, Penalty 0.0450, loss 2.3633
Epoch 25, Batch 254/351, Lx 1.8690, Lu 0.2418, Penalty 0.0571, loss 2.1678
Epoch 25, Batch 255/351, Lx 1.9988, Lu 0.2187, Penalty 0.0470, loss 2.2645
Epoch 25, Batch 256/351, Lx 1.9952, Lu 0.2708, Penalty 0.0557, loss 2.3217
Epoch 25, Batch 257/351, Lx 1.8964, Lu 0.1894, Penalty 0.0750, loss 2.1609
Epoch 25, Batch 258/351, Lx 2.0329, Lu 0.3383, Penalty 0.0496, loss 2.4209
Epoch 25, Batch 259/351, Lx 1.8822, Lu 0.2105, Penalty 0.0671, loss 2.1598
Epoch 25, Batch 260/351, Lx 2.0853, Lu 0.2526, Penalty 0.0622, loss 2.4000
Epoch 25, Batch 261/351, Lx 1.8780, Lu 0.2055, Penalty 0.0598, loss 2.1434
Epoch 25, Batch 262/351, Lx 2.0146, Lu 0.1743, Penalty 0.0645, loss 2.2534
Epoch 25, Batch 263/351, Lx 2.1025, Lu 0.2901, Penalty 0.0834, loss 2.4760
Epoch 25, Batch 264/351, Lx 1.9625, Lu 0.2583, Penalty 0.0627, loss 2.2836
Epoch 25, Batch 265/351, Lx 2.0982, Lu 0.2400, Penalty 0.0762, loss 2.4144
Epoch 25, Batch 266/351, Lx 1.9602, Lu 0.1836, Penalty 0.0637, loss 2.2075
Epoch 25, Batch 267/351, Lx 2.0197, Lu 0.2248, Penalty 0.0606, loss 2.3051
Epoch 25, Batch 268/351, Lx 2.0051, Lu 0.2155, Penalty 0.0808, loss 2.3013
Epoch 25, Batch 269/351, Lx 1.9398, Lu 0.2245, Penalty 0.0686, loss 2.2330
Epoch 25, Batch 270/351, Lx 1.9039, Lu 0.1923, Penalty 0.0689, loss 2.1650
Epoch 25, Batch 271/351, Lx 2.0066, Lu 0.2167, Penalty 0.0703, loss 2.2936
Epoch 25, Batch 272/351, Lx 2.0131, Lu 0.2771, Penalty 0.0516, loss 2.3417
Epoch 25, Batch 273/351, Lx 1.7481, Lu 0.1810, Penalty 0.0691, loss 1.9982
Epoch 25, Batch 274/351, Lx 1.8639, Lu 0.1579, Penalty 0.0542, loss 2.0761
Epoch 25, Batch 275/351, Lx 2.0695, Lu 0.2097, Penalty 0.0465, loss 2.3257
Epoch 25, Batch 276/351, Lx 1.8418, Lu 0.2054, Penalty 0.0798, loss 2.1270
Epoch 25, Batch 277/351, Lx 1.9472, Lu 0.1970, Penalty 0.0696, loss 2.2139
Epoch 25, Batch 278/351, Lx 1.8259, Lu 0.1995, Penalty 0.0806, loss 2.1060
Epoch 25, Batch 279/351, Lx 1.9317, Lu 0.2378, Penalty 0.0416, loss 2.2112
Epoch 25, Batch 280/351, Lx 1.9313, Lu 0.1688, Penalty 0.0615, loss 2.1616
Epoch 25, Batch 281/351, Lx 1.8515, Lu 0.2182, Penalty 0.0643, loss 2.1340
Epoch 25, Batch 282/351, Lx 2.0036, Lu 0.2128, Penalty 0.0569, loss 2.2733
Epoch 25, Batch 283/351, Lx 1.8203, Lu 0.1958, Penalty 0.0582, loss 2.0742
Epoch 25, Batch 284/351, Lx 1.8107, Lu 0.1645, Penalty 0.0715, loss 2.0466
Epoch 25, Batch 285/351, Lx 1.8401, Lu 0.1676, Penalty 0.0649, loss 2.0726
Epoch 25, Batch 286/351, Lx 2.0366, Lu 0.2349, Penalty 0.0705, loss 2.3420
Epoch 25, Batch 287/351, Lx 2.0255, Lu 0.2804, Penalty 0.0518, loss 2.3576
Epoch 25, Batch 288/351, Lx 1.9504, Lu 0.2111, Penalty 0.0485, loss 2.2100
Epoch 25, Batch 289/351, Lx 2.0017, Lu 0.1611, Penalty 0.0643, loss 2.2271
Epoch 25, Batch 290/351, Lx 2.0547, Lu 0.2706, Penalty 0.0625, loss 2.3878
Epoch 25, Batch 291/351, Lx 1.8737, Lu 0.1905, Penalty 0.0681, loss 2.1323
Epoch 25, Batch 292/351, Lx 1.9756, Lu 0.2152, Penalty 0.0560, loss 2.2468
Epoch 25, Batch 293/351, Lx 1.9155, Lu 0.2508, Penalty 0.0578, loss 2.2241
Epoch 25, Batch 294/351, Lx 1.7288, Lu 0.1656, Penalty 0.0534, loss 1.9478
Epoch 25, Batch 295/351, Lx 1.9553, Lu 0.2761, Penalty 0.0583, loss 2.2897
Epoch 25, Batch 296/351, Lx 2.0796, Lu 0.2754, Penalty 0.0495, loss 2.4045
Epoch 25, Batch 297/351, Lx 2.0188, Lu 0.1952, Penalty 0.0458, loss 2.2598
Epoch 25, Batch 298/351, Lx 1.8498, Lu 0.1616, Penalty 0.0689, loss 2.0804
Epoch 25, Batch 299/351, Lx 2.0466, Lu 0.2410, Penalty 0.0581, loss 2.3457
Epoch 25, Batch 300/351, Lx 1.8922, Lu 0.2138, Penalty 0.0563, loss 2.1624
Epoch 25, Batch 301/351, Lx 1.8120, Lu 0.2192, Penalty 0.0662, loss 2.0973
Epoch 25, Batch 302/351, Lx 1.8881, Lu 0.2432, Penalty 0.0714, loss 2.2028
Epoch 25, Batch 303/351, Lx 1.9070, Lu 0.2435, Penalty 0.0771, loss 2.2276
Epoch 25, Batch 304/351, Lx 1.8204, Lu 0.1961, Penalty 0.0708, loss 2.0873
Epoch 25, Batch 305/351, Lx 1.9579, Lu 0.2347, Penalty 0.0688, loss 2.2614
Epoch 25, Batch 306/351, Lx 1.9273, Lu 0.1889, Penalty 0.0503, loss 2.1665
Epoch 25, Batch 307/351, Lx 1.8974, Lu 0.1809, Penalty 0.0593, loss 2.1377
Epoch 25, Batch 308/351, Lx 1.8588, Lu 0.2209, Penalty 0.0677, loss 2.1474
Epoch 25, Batch 309/351, Lx 2.0264, Lu 0.2273, Penalty 0.0627, loss 2.3164
Epoch 25, Batch 310/351, Lx 2.0206, Lu 0.2064, Penalty 0.0616, loss 2.2886
Epoch 25, Batch 311/351, Lx 2.0722, Lu 0.1760, Penalty 0.0520, loss 2.3002
Epoch 25, Batch 312/351, Lx 1.8919, Lu 0.2082, Penalty 0.0621, loss 2.1623
Epoch 25, Batch 313/351, Lx 1.8094, Lu 0.1792, Penalty 0.0630, loss 2.0516
Epoch 25, Batch 314/351, Lx 1.9948, Lu 0.2338, Penalty 0.0679, loss 2.2965
Epoch 25, Batch 315/351, Lx 1.9656, Lu 0.1913, Penalty 0.0740, loss 2.2309
Epoch 25, Batch 316/351, Lx 2.0144, Lu 0.2993, Penalty 0.0651, loss 2.3788
Epoch 25, Batch 317/351, Lx 1.7517, Lu 0.1911, Penalty 0.0692, loss 2.0120
Epoch 25, Batch 318/351, Lx 1.8065, Lu 0.1838, Penalty 0.0549, loss 2.0452
Epoch 25, Batch 319/351, Lx 1.9094, Lu 0.1807, Penalty 0.0606, loss 2.1508
Epoch 25, Batch 320/351, Lx 1.7449, Lu 0.1622, Penalty 0.0804, loss 1.9875
Epoch 25, Batch 321/351, Lx 1.8867, Lu 0.1802, Penalty 0.0661, loss 2.1331
Epoch 25, Batch 322/351, Lx 2.1047, Lu 0.2855, Penalty 0.0477, loss 2.4379
Epoch 25, Batch 323/351, Lx 1.9154, Lu 0.1834, Penalty 0.0657, loss 2.1645
Epoch 25, Batch 324/351, Lx 1.6220, Lu 0.1303, Penalty 0.0549, loss 1.8072
Epoch 25, Batch 325/351, Lx 1.8502, Lu 0.1469, Penalty 0.0457, loss 2.0428
Epoch 25, Batch 326/351, Lx 1.9813, Lu 0.1953, Penalty 0.0594, loss 2.2360
Epoch 25, Batch 327/351, Lx 1.9756, Lu 0.2074, Penalty 0.0554, loss 2.2384
Epoch 25, Batch 328/351, Lx 1.9939, Lu 0.2524, Penalty 0.0560, loss 2.3023
Epoch 25, Batch 329/351, Lx 1.9264, Lu 0.2111, Penalty 0.0654, loss 2.2030
Epoch 25, Batch 330/351, Lx 2.0202, Lu 0.2550, Penalty 0.0885, loss 2.3637
Epoch 25, Batch 331/351, Lx 2.0266, Lu 0.2703, Penalty 0.0851, loss 2.3820
Epoch 25, Batch 332/351, Lx 1.9766, Lu 0.2170, Penalty 0.0526, loss 2.2462
Epoch 25, Batch 333/351, Lx 2.0602, Lu 0.2410, Penalty 0.0667, loss 2.3679
Epoch 25, Batch 334/351, Lx 2.0052, Lu 0.1956, Penalty 0.0705, loss 2.2712
Epoch 25, Batch 335/351, Lx 1.9804, Lu 0.2238, Penalty 0.0498, loss 2.2541
Epoch 25, Batch 336/351, Lx 2.0530, Lu 0.2232, Penalty 0.0631, loss 2.3393
Epoch 25, Batch 337/351, Lx 2.0533, Lu 0.2273, Penalty 0.0575, loss 2.3381
Epoch 25, Batch 338/351, Lx 1.8994, Lu 0.1601, Penalty 0.0685, loss 2.1280
Epoch 25, Batch 339/351, Lx 1.9054, Lu 0.2670, Penalty 0.0740, loss 2.2464
Epoch 25, Batch 340/351, Lx 2.0415, Lu 0.2816, Penalty 0.0647, loss 2.3878
Epoch 25, Batch 341/351, Lx 1.8100, Lu 0.1698, Penalty 0.0786, loss 2.0584
Epoch 25, Batch 342/351, Lx 1.7436, Lu 0.1545, Penalty 0.0746, loss 1.9727
Epoch 25, Batch 343/351, Lx 1.8695, Lu 0.2220, Penalty 0.0918, loss 2.1833
Epoch 25, Batch 344/351, Lx 1.8077, Lu 0.1994, Penalty 0.0664, loss 2.0736
Epoch 25, Batch 345/351, Lx 2.0111, Lu 0.1728, Penalty 0.0637, loss 2.2476
Epoch 25, Batch 346/351, Lx 1.8279, Lu 0.1574, Penalty 0.0504, loss 2.0357
Epoch 25, Batch 347/351, Lx 1.9187, Lu 0.2270, Penalty 0.0762, loss 2.2218
Epoch 25, Batch 348/351, Lx 1.9897, Lu 0.2087, Penalty 0.0611, loss 2.2595
Epoch 25, Batch 349/351, Lx 1.8749, Lu 0.2747, Penalty 0.0429, loss 2.1925
Epoch 25, Batch 350/351, Lx 1.7338, Lu 0.1497, Penalty 0.0759, loss 1.9593
Epoch 25, Batch 351/351, Lx 1.9687, Lu 0.2381, Penalty 0.0632, loss 2.2699
Loss: 2.2255, Lx: 1.9463, Lu: 0.2187, Penalty: 0.0604
Training for Network 2
labelled data size: 10332
unlabelled data size: 31668
Epoch 25, Batch 1/323, Lx 1.8663, Lu 0.2487, Penalty 0.0694, loss 2.1843
Epoch 25, Batch 2/323, Lx 2.0655, Lu 0.2395, Penalty 0.0413, loss 2.3464
Epoch 25, Batch 3/323, Lx 1.8383, Lu 0.1888, Penalty 0.0379, loss 2.0651
Epoch 25, Batch 4/323, Lx 2.0107, Lu 0.2973, Penalty 0.0469, loss 2.3549
Epoch 25, Batch 5/323, Lx 1.9757, Lu 0.2048, Penalty 0.0440, loss 2.2245
Epoch 25, Batch 6/323, Lx 2.0429, Lu 0.2487, Penalty 0.0397, loss 2.3313
Epoch 25, Batch 7/323, Lx 2.0414, Lu 0.2642, Penalty 0.0420, loss 2.3476
Epoch 25, Batch 8/323, Lx 2.0267, Lu 0.2035, Penalty 0.0496, loss 2.2797
Epoch 25, Batch 9/323, Lx 1.9146, Lu 0.2282, Penalty 0.0496, loss 2.1924
Epoch 25, Batch 10/323, Lx 2.1170, Lu 0.3207, Penalty 0.0350, loss 2.4727
Epoch 25, Batch 11/323, Lx 1.8529, Lu 0.2063, Penalty 0.0384, loss 2.0975
Epoch 25, Batch 12/323, Lx 2.0578, Lu 0.2715, Penalty 0.0617, loss 2.3909
Epoch 25, Batch 13/323, Lx 2.1234, Lu 0.3119, Penalty 0.0451, loss 2.4804
Epoch 25, Batch 14/323, Lx 1.9886, Lu 0.2093, Penalty 0.0611, loss 2.2590
Epoch 25, Batch 15/323, Lx 2.0421, Lu 0.2665, Penalty 0.0355, loss 2.3441
Epoch 25, Batch 16/323, Lx 2.1190, Lu 0.1966, Penalty 0.0447, loss 2.3603
Epoch 25, Batch 17/323, Lx 1.9792, Lu 0.2143, Penalty 0.0410, loss 2.2344
Epoch 25, Batch 18/323, Lx 2.0015, Lu 0.2743, Penalty 0.0477, loss 2.3235
Epoch 25, Batch 19/323, Lx 2.0080, Lu 0.2553, Penalty 0.0407, loss 2.3040
Epoch 25, Batch 20/323, Lx 2.0896, Lu 0.2006, Penalty 0.0345, loss 2.3247
Epoch 25, Batch 21/323, Lx 1.8281, Lu 0.1834, Penalty 0.0523, loss 2.0639
Epoch 25, Batch 22/323, Lx 2.0528, Lu 0.2760, Penalty 0.0591, loss 2.3879
Epoch 25, Batch 23/323, Lx 2.0942, Lu 0.2481, Penalty 0.0436, loss 2.3859
Epoch 25, Batch 24/323, Lx 2.1186, Lu 0.2573, Penalty 0.0650, loss 2.4410
Epoch 25, Batch 25/323, Lx 1.8813, Lu 0.2117, Penalty 0.0544, loss 2.1474
Epoch 25, Batch 26/323, Lx 2.0502, Lu 0.2274, Penalty 0.0481, loss 2.3257
Epoch 25, Batch 27/323, Lx 2.0356, Lu 0.2266, Penalty 0.0692, loss 2.3314
Epoch 25, Batch 28/323, Lx 1.9586, Lu 0.2070, Penalty 0.0457, loss 2.2113
Epoch 25, Batch 29/323, Lx 1.9046, Lu 0.1903, Penalty 0.0515, loss 2.1464
Epoch 25, Batch 30/323, Lx 1.8693, Lu 0.1636, Penalty 0.0608, loss 2.0937
Epoch 25, Batch 31/323, Lx 2.1018, Lu 0.2472, Penalty 0.0425, loss 2.3916
Epoch 25, Batch 32/323, Lx 2.0061, Lu 0.2219, Penalty 0.0375, loss 2.2655
Epoch 25, Batch 33/323, Lx 1.9858, Lu 0.2012, Penalty 0.0659, loss 2.2529
Epoch 25, Batch 34/323, Lx 2.0870, Lu 0.1831, Penalty 0.0460, loss 2.3160
Epoch 25, Batch 35/323, Lx 1.9103, Lu 0.2032, Penalty 0.0556, loss 2.1691
Epoch 25, Batch 36/323, Lx 1.8600, Lu 0.2122, Penalty 0.0518, loss 2.1240
Epoch 25, Batch 37/323, Lx 1.7103, Lu 0.1853, Penalty 0.0805, loss 1.9760
Epoch 25, Batch 38/323, Lx 2.1112, Lu 0.2370, Penalty 0.0554, loss 2.4037
Epoch 25, Batch 39/323, Lx 1.9328, Lu 0.2743, Penalty 0.0516, loss 2.2587
Epoch 25, Batch 40/323, Lx 2.0959, Lu 0.2362, Penalty 0.0404, loss 2.3726
Epoch 25, Batch 41/323, Lx 1.7678, Lu 0.1679, Penalty 0.0512, loss 1.9868
Epoch 25, Batch 42/323, Lx 2.1515, Lu 0.2653, Penalty 0.0468, loss 2.4636
Epoch 25, Batch 43/323, Lx 2.0329, Lu 0.2856, Penalty 0.0607, loss 2.3792
Epoch 25, Batch 44/323, Lx 2.1279, Lu 0.2757, Penalty 0.0485, loss 2.4522
Epoch 25, Batch 45/323, Lx 1.9662, Lu 0.2328, Penalty 0.0497, loss 2.2487
Epoch 25, Batch 46/323, Lx 2.0573, Lu 0.2024, Penalty 0.0391, loss 2.2989
Epoch 25, Batch 47/323, Lx 1.9847, Lu 0.2099, Penalty 0.0373, loss 2.2319
Epoch 25, Batch 48/323, Lx 1.8827, Lu 0.1958, Penalty 0.0618, loss 2.1403
Epoch 25, Batch 49/323, Lx 1.9409, Lu 0.2483, Penalty 0.0402, loss 2.2294
Epoch 25, Batch 50/323, Lx 2.0504, Lu 0.1952, Penalty 0.0425, loss 2.2881
Epoch 25, Batch 51/323, Lx 1.8251, Lu 0.2039, Penalty 0.0434, loss 2.0724
Epoch 25, Batch 52/323, Lx 1.9172, Lu 0.2382, Penalty 0.0422, loss 2.1976
Epoch 25, Batch 53/323, Lx 2.0689, Lu 0.1884, Penalty 0.0306, loss 2.2879
Epoch 25, Batch 54/323, Lx 1.8865, Lu 0.2589, Penalty 0.0469, loss 2.1924
Epoch 25, Batch 55/323, Lx 1.8798, Lu 0.2573, Penalty 0.0504, loss 2.1875
Epoch 25, Batch 56/323, Lx 2.0339, Lu 0.2545, Penalty 0.0341, loss 2.3225
Epoch 25, Batch 57/323, Lx 2.1345, Lu 0.2047, Penalty 0.0396, loss 2.3789
Epoch 25, Batch 58/323, Lx 1.9542, Lu 0.2245, Penalty 0.0468, loss 2.2254
Epoch 25, Batch 59/323, Lx 1.8929, Lu 0.1924, Penalty 0.0469, loss 2.1321
Epoch 25, Batch 60/323, Lx 2.0919, Lu 0.1944, Penalty 0.0274, loss 2.3137
Epoch 25, Batch 61/323, Lx 2.0535, Lu 0.2328, Penalty 0.0334, loss 2.3197
Epoch 25, Batch 62/323, Lx 2.0454, Lu 0.2524, Penalty 0.0418, loss 2.3396
Epoch 25, Batch 63/323, Lx 1.8575, Lu 0.2035, Penalty 0.0329, loss 2.0939
Epoch 25, Batch 64/323, Lx 2.0140, Lu 0.1845, Penalty 0.0336, loss 2.2321
Epoch 25, Batch 65/323, Lx 2.1382, Lu 0.2979, Penalty 0.0306, loss 2.4667
Epoch 25, Batch 66/323, Lx 2.0968, Lu 0.1747, Penalty 0.0317, loss 2.3031
Epoch 25, Batch 67/323, Lx 2.0253, Lu 0.2951, Penalty 0.0209, loss 2.3413
Epoch 25, Batch 68/323, Lx 1.9222, Lu 0.2506, Penalty 0.0345, loss 2.2073
Epoch 25, Batch 69/323, Lx 1.8954, Lu 0.2141, Penalty 0.0477, loss 2.1572
Epoch 25, Batch 70/323, Lx 2.0544, Lu 0.2855, Penalty 0.0368, loss 2.3767
Epoch 25, Batch 71/323, Lx 1.8921, Lu 0.2040, Penalty 0.0433, loss 2.1394
Epoch 25, Batch 72/323, Lx 2.1281, Lu 0.2642, Penalty 0.0295, loss 2.4218
Epoch 25, Batch 73/323, Lx 2.0871, Lu 0.2325, Penalty 0.0274, loss 2.3470
Epoch 25, Batch 74/323, Lx 2.0078, Lu 0.2195, Penalty 0.0328, loss 2.2601
Epoch 25, Batch 75/323, Lx 2.1045, Lu 0.2557, Penalty 0.0209, loss 2.3812
Epoch 25, Batch 76/323, Lx 2.0852, Lu 0.2363, Penalty 0.0258, loss 2.3473
Epoch 25, Batch 77/323, Lx 1.9999, Lu 0.1758, Penalty 0.0313, loss 2.2070
Epoch 25, Batch 78/323, Lx 1.7008, Lu 0.1866, Penalty 0.0668, loss 1.9542
Epoch 25, Batch 79/323, Lx 2.0961, Lu 0.2348, Penalty 0.0414, loss 2.3722
Epoch 25, Batch 80/323, Lx 2.1517, Lu 0.3162, Penalty 0.0437, loss 2.5117
Epoch 25, Batch 81/323, Lx 2.1102, Lu 0.2357, Penalty 0.0357, loss 2.3816
Epoch 25, Batch 82/323, Lx 1.9054, Lu 0.1779, Penalty 0.0432, loss 2.1265
Epoch 25, Batch 83/323, Lx 2.0453, Lu 0.2744, Penalty 0.0501, loss 2.3699
Epoch 25, Batch 84/323, Lx 1.9025, Lu 0.2349, Penalty 0.0467, loss 2.1841
Epoch 25, Batch 85/323, Lx 1.9253, Lu 0.1766, Penalty 0.0267, loss 2.1285
Epoch 25, Batch 86/323, Lx 2.0208, Lu 0.2202, Penalty 0.0454, loss 2.2864
Epoch 25, Batch 87/323, Lx 2.0163, Lu 0.2432, Penalty 0.0422, loss 2.3017
Epoch 25, Batch 88/323, Lx 1.7654, Lu 0.1771, Penalty 0.0418, loss 1.9843
Epoch 25, Batch 89/323, Lx 1.9428, Lu 0.2000, Penalty 0.0529, loss 2.1957
Epoch 25, Batch 90/323, Lx 1.9160, Lu 0.2487, Penalty 0.0472, loss 2.2119
Epoch 25, Batch 91/323, Lx 1.8947, Lu 0.2413, Penalty 0.0486, loss 2.1846
Epoch 25, Batch 92/323, Lx 1.9704, Lu 0.1907, Penalty 0.0521, loss 2.2131
Epoch 25, Batch 93/323, Lx 1.9034, Lu 0.1587, Penalty 0.0468, loss 2.1089
Epoch 25, Batch 94/323, Lx 1.9401, Lu 0.2520, Penalty 0.0432, loss 2.2353
Epoch 25, Batch 95/323, Lx 2.0318, Lu 0.2030, Penalty 0.0529, loss 2.2877
Epoch 25, Batch 96/323, Lx 1.9203, Lu 0.2425, Penalty 0.0432, loss 2.2059
Epoch 25, Batch 97/323, Lx 2.0113, Lu 0.2730, Penalty 0.0480, loss 2.3323
Epoch 25, Batch 98/323, Lx 1.8680, Lu 0.1668, Penalty 0.0446, loss 2.0794
Epoch 25, Batch 99/323, Lx 1.8784, Lu 0.2185, Penalty 0.0492, loss 2.1462
Epoch 25, Batch 100/323, Lx 1.9110, Lu 0.2203, Penalty 0.0638, loss 2.1951
Epoch 25, Batch 101/323, Lx 1.8611, Lu 0.1708, Penalty 0.0548, loss 2.0868
Epoch 25, Batch 102/323, Lx 1.8209, Lu 0.1569, Penalty 0.0564, loss 2.0342
Epoch 25, Batch 103/323, Lx 2.0215, Lu 0.2618, Penalty 0.0425, loss 2.3258
Epoch 25, Batch 104/323, Lx 2.0635, Lu 0.2346, Penalty 0.0588, loss 2.3569
Epoch 25, Batch 105/323, Lx 1.9744, Lu 0.1754, Penalty 0.0394, loss 2.1892
Epoch 25, Batch 106/323, Lx 2.1153, Lu 0.1884, Penalty 0.0575, loss 2.3611
Epoch 25, Batch 107/323, Lx 1.7890, Lu 0.2534, Penalty 0.0564, loss 2.0987
Epoch 25, Batch 108/323, Lx 2.1213, Lu 0.2094, Penalty 0.0480, loss 2.3787
Epoch 25, Batch 109/323, Lx 1.9383, Lu 0.2545, Penalty 0.0301, loss 2.2228
Epoch 25, Batch 110/323, Lx 1.8275, Lu 0.1712, Penalty 0.0355, loss 2.0341
Epoch 25, Batch 111/323, Lx 2.0448, Lu 0.2031, Penalty 0.0414, loss 2.2893
Epoch 25, Batch 112/323, Lx 2.0218, Lu 0.2072, Penalty 0.0454, loss 2.2744
Epoch 25, Batch 113/323, Lx 2.1572, Lu 0.2546, Penalty 0.0504, loss 2.4622
Epoch 25, Batch 114/323, Lx 2.0510, Lu 0.2459, Penalty 0.0576, loss 2.3544
Epoch 25, Batch 115/323, Lx 2.0569, Lu 0.2255, Penalty 0.0329, loss 2.3153
Epoch 25, Batch 116/323, Lx 2.1372, Lu 0.1984, Penalty 0.0456, loss 2.3813
Epoch 25, Batch 117/323, Lx 1.8899, Lu 0.2681, Penalty 0.0610, loss 2.2190
Epoch 25, Batch 118/323, Lx 2.0215, Lu 0.2053, Penalty 0.0485, loss 2.2753
Epoch 25, Batch 119/323, Lx 1.9424, Lu 0.1549, Penalty 0.0390, loss 2.1363
Epoch 25, Batch 120/323, Lx 1.6288, Lu 0.1924, Penalty 0.0568, loss 1.8780
Epoch 25, Batch 121/323, Lx 1.8242, Lu 0.1752, Penalty 0.0397, loss 2.0391
Epoch 25, Batch 122/323, Lx 2.0724, Lu 0.2070, Penalty 0.0496, loss 2.3290
Epoch 25, Batch 123/323, Lx 2.0381, Lu 0.2278, Penalty 0.0577, loss 2.3236
Epoch 25, Batch 124/323, Lx 2.0556, Lu 0.2255, Penalty 0.0348, loss 2.3159
Epoch 25, Batch 125/323, Lx 2.2629, Lu 0.2778, Penalty 0.0465, loss 2.5872
Epoch 25, Batch 126/323, Lx 1.6865, Lu 0.1878, Penalty 0.0505, loss 1.9247
Epoch 25, Batch 127/323, Lx 2.0549, Lu 0.2843, Penalty 0.0541, loss 2.3934
Epoch 25, Batch 128/323, Lx 1.9933, Lu 0.2671, Penalty 0.0361, loss 2.2964
Epoch 25, Batch 129/323, Lx 2.2368, Lu 0.2796, Penalty 0.0475, loss 2.5639
Epoch 25, Batch 130/323, Lx 1.9976, Lu 0.2075, Penalty 0.0577, loss 2.2628
Epoch 25, Batch 131/323, Lx 2.0595, Lu 0.2520, Penalty 0.0259, loss 2.3374
Epoch 25, Batch 132/323, Lx 2.0438, Lu 0.2491, Penalty 0.0340, loss 2.3269
Epoch 25, Batch 133/323, Lx 1.6459, Lu 0.1926, Penalty 0.0588, loss 1.8972
Epoch 25, Batch 134/323, Lx 2.0665, Lu 0.2744, Penalty 0.0227, loss 2.3636
Epoch 25, Batch 135/323, Lx 2.1408, Lu 0.3069, Penalty 0.0328, loss 2.4806
Epoch 25, Batch 136/323, Lx 1.8649, Lu 0.1790, Penalty 0.0420, loss 2.0859
Epoch 25, Batch 137/323, Lx 2.1087, Lu 0.2757, Penalty 0.0266, loss 2.4111
Epoch 25, Batch 138/323, Lx 2.0553, Lu 0.2484, Penalty 0.0395, loss 2.3432
Epoch 25, Batch 139/323, Lx 1.6982, Lu 0.1997, Penalty 0.0442, loss 1.9421
Epoch 25, Batch 140/323, Lx 2.1051, Lu 0.2948, Penalty 0.0535, loss 2.4533
Epoch 25, Batch 141/323, Lx 2.0510, Lu 0.3151, Penalty 0.0369, loss 2.4030
Epoch 25, Batch 142/323, Lx 1.9428, Lu 0.3081, Penalty 0.0447, loss 2.2955
Epoch 25, Batch 143/323, Lx 2.0062, Lu 0.2182, Penalty 0.0476, loss 2.2720
Epoch 25, Batch 144/323, Lx 2.0730, Lu 0.1979, Penalty 0.0652, loss 2.3361
Epoch 25, Batch 145/323, Lx 1.9865, Lu 0.2253, Penalty 0.0259, loss 2.2376
Epoch 25, Batch 146/323, Lx 1.9583, Lu 0.2559, Penalty 0.0473, loss 2.2615
Epoch 25, Batch 147/323, Lx 2.0697, Lu 0.2218, Penalty 0.0488, loss 2.3403
Epoch 25, Batch 148/323, Lx 1.9381, Lu 0.2558, Penalty 0.0646, loss 2.2585
Epoch 25, Batch 149/323, Lx 1.8874, Lu 0.1602, Penalty 0.0458, loss 2.0935
Epoch 25, Batch 150/323, Lx 2.0381, Lu 0.2765, Penalty 0.0494, loss 2.3640
Epoch 25, Batch 151/323, Lx 1.9790, Lu 0.2015, Penalty 0.0533, loss 2.2339
Epoch 25, Batch 152/323, Lx 1.9752, Lu 0.2193, Penalty 0.0375, loss 2.2320
Epoch 25, Batch 153/323, Lx 1.8112, Lu 0.2047, Penalty 0.0742, loss 2.0901
Epoch 25, Batch 154/323, Lx 1.8087, Lu 0.1985, Penalty 0.0578, loss 2.0649
Epoch 25, Batch 155/323, Lx 2.0415, Lu 0.2385, Penalty 0.0486, loss 2.3286
Epoch 25, Batch 156/323, Lx 2.0552, Lu 0.2567, Penalty 0.0463, loss 2.3583
Epoch 25, Batch 157/323, Lx 2.1482, Lu 0.1868, Penalty 0.0465, loss 2.3815
Epoch 25, Batch 158/323, Lx 1.8496, Lu 0.1485, Penalty 0.0377, loss 2.0359
Epoch 25, Batch 159/323, Lx 2.0604, Lu 0.2562, Penalty 0.0398, loss 2.3563
Epoch 25, Batch 160/323, Lx 1.8467, Lu 0.2542, Penalty 0.0524, loss 2.1533
Epoch 25, Batch 161/323, Lx 2.0675, Lu 0.2352, Penalty 0.0438, loss 2.3465
Epoch 25, Batch 162/323, Lx 2.1111, Lu 0.2000, Penalty 0.0299, loss 2.3410
Epoch 25, Batch 163/323, Lx 1.8990, Lu 0.2110, Penalty 0.0517, loss 2.1618
Epoch 25, Batch 164/323, Lx 1.9702, Lu 0.2557, Penalty 0.0463, loss 2.2722
Epoch 25, Batch 165/323, Lx 2.0893, Lu 0.2046, Penalty 0.0329, loss 2.3268
Epoch 25, Batch 166/323, Lx 2.0771, Lu 0.2111, Penalty 0.0334, loss 2.3216
Epoch 25, Batch 167/323, Lx 2.0438, Lu 0.2459, Penalty 0.0412, loss 2.3309
Epoch 25, Batch 168/323, Lx 1.8992, Lu 0.2223, Penalty 0.0590, loss 2.1805
Epoch 25, Batch 169/323, Lx 2.0040, Lu 0.2154, Penalty 0.0542, loss 2.2736
Epoch 25, Batch 170/323, Lx 1.9509, Lu 0.2370, Penalty 0.0596, loss 2.2475
Epoch 25, Batch 171/323, Lx 2.0387, Lu 0.2044, Penalty 0.0430, loss 2.2860
Epoch 25, Batch 172/323, Lx 1.8334, Lu 0.2195, Penalty 0.0433, loss 2.0962
Epoch 25, Batch 173/323, Lx 2.0437, Lu 0.2408, Penalty 0.0345, loss 2.3191
Epoch 25, Batch 174/323, Lx 1.9569, Lu 0.2080, Penalty 0.0370, loss 2.2020
Epoch 25, Batch 175/323, Lx 1.9260, Lu 0.2146, Penalty 0.0417, loss 2.1824
Epoch 25, Batch 176/323, Lx 2.0210, Lu 0.2303, Penalty 0.0478, loss 2.2990
Epoch 25, Batch 177/323, Lx 1.9382, Lu 0.2741, Penalty 0.0595, loss 2.2719
Epoch 25, Batch 178/323, Lx 1.9857, Lu 0.2471, Penalty 0.0274, loss 2.2602
Epoch 25, Batch 179/323, Lx 2.0828, Lu 0.2588, Penalty 0.0271, loss 2.3687
Epoch 25, Batch 180/323, Lx 1.9590, Lu 0.2645, Penalty 0.0338, loss 2.2573
Epoch 25, Batch 181/323, Lx 1.9645, Lu 0.2690, Penalty 0.0312, loss 2.2647
Epoch 25, Batch 182/323, Lx 2.0946, Lu 0.2375, Penalty 0.0293, loss 2.3614
Epoch 25, Batch 183/323, Lx 2.1100, Lu 0.2923, Penalty 0.0359, loss 2.4381
Epoch 25, Batch 184/323, Lx 1.9913, Lu 0.1914, Penalty 0.0410, loss 2.2238
Epoch 25, Batch 185/323, Lx 2.0286, Lu 0.2998, Penalty 0.0336, loss 2.3620
Epoch 25, Batch 186/323, Lx 2.2219, Lu 0.2535, Penalty 0.0327, loss 2.5081
Epoch 25, Batch 187/323, Lx 1.9517, Lu 0.2757, Penalty 0.0400, loss 2.2674
Epoch 25, Batch 188/323, Lx 2.1163, Lu 0.3115, Penalty 0.0432, loss 2.4710
Epoch 25, Batch 189/323, Lx 1.9381, Lu 0.2268, Penalty 0.0524, loss 2.2173
Epoch 25, Batch 190/323, Lx 2.0297, Lu 0.2682, Penalty 0.0438, loss 2.3417
Epoch 25, Batch 191/323, Lx 2.0569, Lu 0.2592, Penalty 0.0346, loss 2.3507
Epoch 25, Batch 192/323, Lx 2.0701, Lu 0.2287, Penalty 0.0384, loss 2.3371
Epoch 25, Batch 193/323, Lx 2.0148, Lu 0.2387, Penalty 0.0294, loss 2.2829
Epoch 25, Batch 194/323, Lx 2.0584, Lu 0.2944, Penalty 0.0397, loss 2.3925
Epoch 25, Batch 195/323, Lx 2.0589, Lu 0.2082, Penalty 0.0365, loss 2.3036
Epoch 25, Batch 196/323, Lx 1.9931, Lu 0.2548, Penalty 0.0573, loss 2.3051
Epoch 25, Batch 197/323, Lx 1.7971, Lu 0.1610, Penalty 0.0411, loss 1.9993
Epoch 25, Batch 198/323, Lx 2.0528, Lu 0.2336, Penalty 0.0302, loss 2.3166
Epoch 25, Batch 199/323, Lx 2.0947, Lu 0.2659, Penalty 0.0325, loss 2.3931
Epoch 25, Batch 200/323, Lx 2.0792, Lu 0.2571, Penalty 0.0387, loss 2.3750
Epoch 25, Batch 201/323, Lx 1.9547, Lu 0.2336, Penalty 0.0504, loss 2.2387
Epoch 25, Batch 202/323, Lx 1.9831, Lu 0.2454, Penalty 0.0424, loss 2.2709
Epoch 25, Batch 203/323, Lx 2.0171, Lu 0.2252, Penalty 0.0395, loss 2.2818
Epoch 25, Batch 204/323, Lx 1.8005, Lu 0.2058, Penalty 0.0309, loss 2.0373
Epoch 25, Batch 205/323, Lx 1.9208, Lu 0.1693, Penalty 0.0344, loss 2.1245
Epoch 25, Batch 206/323, Lx 2.0056, Lu 0.2078, Penalty 0.0508, loss 2.2641
Epoch 25, Batch 207/323, Lx 2.0176, Lu 0.2875, Penalty 0.0491, loss 2.3542
Epoch 25, Batch 208/323, Lx 1.9420, Lu 0.2837, Penalty 0.0442, loss 2.2699
Epoch 25, Batch 209/323, Lx 2.0498, Lu 0.2188, Penalty 0.0519, loss 2.3206
Epoch 25, Batch 210/323, Lx 1.9917, Lu 0.2417, Penalty 0.0504, loss 2.2837
Epoch 25, Batch 211/323, Lx 1.6810, Lu 0.1754, Penalty 0.0949, loss 1.9513
Epoch 25, Batch 212/323, Lx 1.8653, Lu 0.1788, Penalty 0.0503, loss 2.0944
Epoch 25, Batch 213/323, Lx 2.0748, Lu 0.2458, Penalty 0.0726, loss 2.3932
Epoch 25, Batch 214/323, Lx 2.0271, Lu 0.2343, Penalty 0.0505, loss 2.3119
Epoch 25, Batch 215/323, Lx 1.9826, Lu 0.2332, Penalty 0.0672, loss 2.2830
Epoch 25, Batch 216/323, Lx 1.8570, Lu 0.2413, Penalty 0.0629, loss 2.1611
Epoch 25, Batch 217/323, Lx 1.9910, Lu 0.1942, Penalty 0.0632, loss 2.2485
Epoch 25, Batch 218/323, Lx 2.0630, Lu 0.2304, Penalty 0.0437, loss 2.3371
Epoch 25, Batch 219/323, Lx 1.9843, Lu 0.2122, Penalty 0.0346, loss 2.2311
Epoch 25, Batch 220/323, Lx 1.9220, Lu 0.3085, Penalty 0.0545, loss 2.2850
Epoch 25, Batch 221/323, Lx 1.8155, Lu 0.1677, Penalty 0.0591, loss 2.0424
Epoch 25, Batch 222/323, Lx 2.0465, Lu 0.1916, Penalty 0.0469, loss 2.2850
Epoch 25, Batch 223/323, Lx 1.9955, Lu 0.2706, Penalty 0.0463, loss 2.3124
Epoch 25, Batch 224/323, Lx 2.0704, Lu 0.2546, Penalty 0.0426, loss 2.3676
Epoch 25, Batch 225/323, Lx 1.7776, Lu 0.1585, Penalty 0.0353, loss 1.9715
Epoch 25, Batch 226/323, Lx 1.8901, Lu 0.2300, Penalty 0.0527, loss 2.1728
Epoch 25, Batch 227/323, Lx 1.9863, Lu 0.2388, Penalty 0.0540, loss 2.2792
Epoch 25, Batch 228/323, Lx 1.7495, Lu 0.1522, Penalty 0.0555, loss 1.9572
Epoch 25, Batch 229/323, Lx 1.9505, Lu 0.2595, Penalty 0.0537, loss 2.2638
Epoch 25, Batch 230/323, Lx 2.0422, Lu 0.2015, Penalty 0.0312, loss 2.2749
Epoch 25, Batch 231/323, Lx 1.9025, Lu 0.2099, Penalty 0.0412, loss 2.1536
Epoch 25, Batch 232/323, Lx 2.0701, Lu 0.2541, Penalty 0.0381, loss 2.3623
Epoch 25, Batch 233/323, Lx 2.0486, Lu 0.2699, Penalty 0.0459, loss 2.3643
Epoch 25, Batch 234/323, Lx 2.0686, Lu 0.2499, Penalty 0.0371, loss 2.3556
Epoch 25, Batch 235/323, Lx 1.9975, Lu 0.1795, Penalty 0.0290, loss 2.2060
Epoch 25, Batch 236/323, Lx 2.0128, Lu 0.1810, Penalty 0.0309, loss 2.2247
Epoch 25, Batch 237/323, Lx 2.1507, Lu 0.2599, Penalty 0.0402, loss 2.4508
Epoch 25, Batch 238/323, Lx 2.0240, Lu 0.1542, Penalty 0.0363, loss 2.2145
Epoch 25, Batch 239/323, Lx 2.0123, Lu 0.3108, Penalty 0.0385, loss 2.3616
Epoch 25, Batch 240/323, Lx 1.7917, Lu 0.1889, Penalty 0.0503, loss 2.0309
Epoch 25, Batch 241/323, Lx 2.0992, Lu 0.2035, Penalty 0.0342, loss 2.3369
Epoch 25, Batch 242/323, Lx 2.0229, Lu 0.2037, Penalty 0.0446, loss 2.2711
Epoch 25, Batch 243/323, Lx 1.7796, Lu 0.2250, Penalty 0.0641, loss 2.0688
Epoch 25, Batch 244/323, Lx 1.7866, Lu 0.2122, Penalty 0.0609, loss 2.0597
Epoch 25, Batch 245/323, Lx 1.9101, Lu 0.2082, Penalty 0.0502, loss 2.1685
Epoch 25, Batch 246/323, Lx 1.8365, Lu 0.2053, Penalty 0.0345, loss 2.0763
Epoch 25, Batch 247/323, Lx 1.8876, Lu 0.2687, Penalty 0.0685, loss 2.2249
Epoch 25, Batch 248/323, Lx 2.0335, Lu 0.2014, Penalty 0.0423, loss 2.2773
Epoch 25, Batch 249/323, Lx 2.0419, Lu 0.2598, Penalty 0.0366, loss 2.3383
Epoch 25, Batch 250/323, Lx 1.8892, Lu 0.1694, Penalty 0.0479, loss 2.1064
Epoch 25, Batch 251/323, Lx 2.1079, Lu 0.1806, Penalty 0.0293, loss 2.3177
Epoch 25, Batch 252/323, Lx 1.9369, Lu 0.2181, Penalty 0.0418, loss 2.1967
Epoch 25, Batch 253/323, Lx 2.1143, Lu 0.2192, Penalty 0.0334, loss 2.3668
Epoch 25, Batch 254/323, Lx 2.1192, Lu 0.3059, Penalty 0.0471, loss 2.4722
Epoch 25, Batch 255/323, Lx 2.1098, Lu 0.2296, Penalty 0.0327, loss 2.3721
Epoch 25, Batch 256/323, Lx 2.0381, Lu 0.2731, Penalty 0.0370, loss 2.3482
Epoch 25, Batch 257/323, Lx 1.9210, Lu 0.2181, Penalty 0.0436, loss 2.1827
Epoch 25, Batch 258/323, Lx 1.8714, Lu 0.1635, Penalty 0.0489, loss 2.0838
Epoch 25, Batch 259/323, Lx 2.0625, Lu 0.2319, Penalty 0.0530, loss 2.3474
Epoch 25, Batch 260/323, Lx 1.9463, Lu 0.2556, Penalty 0.0312, loss 2.2331
Epoch 25, Batch 261/323, Lx 2.0800, Lu 0.1920, Penalty 0.0349, loss 2.3070
Epoch 25, Batch 262/323, Lx 1.9658, Lu 0.2264, Penalty 0.0519, loss 2.2441
Epoch 25, Batch 263/323, Lx 1.8767, Lu 0.1486, Penalty 0.0339, loss 2.0592
Epoch 25, Batch 264/323, Lx 1.8069, Lu 0.1611, Penalty 0.0427, loss 2.0107
Epoch 25, Batch 265/323, Lx 1.8909, Lu 0.2288, Penalty 0.0302, loss 2.1499
Epoch 25, Batch 266/323, Lx 1.7869, Lu 0.2392, Penalty 0.0730, loss 2.0992
Epoch 25, Batch 267/323, Lx 2.1227, Lu 0.2262, Penalty 0.0392, loss 2.3882
Epoch 25, Batch 268/323, Lx 1.8843, Lu 0.1880, Penalty 0.0479, loss 2.1202
Epoch 25, Batch 269/323, Lx 1.9803, Lu 0.2421, Penalty 0.0429, loss 2.2652
Epoch 25, Batch 270/323, Lx 2.1031, Lu 0.1956, Penalty 0.0304, loss 2.3291
Epoch 25, Batch 271/323, Lx 1.7727, Lu 0.1888, Penalty 0.0538, loss 2.0153
Epoch 25, Batch 272/323, Lx 1.7355, Lu 0.1564, Penalty 0.0515, loss 1.9434
Epoch 25, Batch 273/323, Lx 2.1391, Lu 0.2431, Penalty 0.0335, loss 2.4156
Epoch 25, Batch 274/323, Lx 1.9916, Lu 0.2546, Penalty 0.0576, loss 2.3037
Epoch 25, Batch 275/323, Lx 2.0708, Lu 0.3198, Penalty 0.0375, loss 2.4281
Epoch 25, Batch 276/323, Lx 1.9888, Lu 0.2753, Penalty 0.0566, loss 2.3207
Epoch 25, Batch 277/323, Lx 1.8832, Lu 0.1796, Penalty 0.0798, loss 2.1426
Epoch 25, Batch 278/323, Lx 1.8186, Lu 0.2407, Penalty 0.0547, loss 2.1139
Epoch 25, Batch 279/323, Lx 1.9963, Lu 0.2712, Penalty 0.0431, loss 2.3106
Epoch 25, Batch 280/323, Lx 2.0441, Lu 0.2400, Penalty 0.0504, loss 2.3345
Epoch 25, Batch 281/323, Lx 2.0020, Lu 0.1998, Penalty 0.0537, loss 2.2555
Epoch 25, Batch 282/323, Lx 2.1215, Lu 0.2071, Penalty 0.0393, loss 2.3679
Epoch 25, Batch 283/323, Lx 2.0398, Lu 0.2262, Penalty 0.0459, loss 2.3118
Epoch 25, Batch 284/323, Lx 1.7832, Lu 0.2119, Penalty 0.0571, loss 2.0523
Epoch 25, Batch 285/323, Lx 1.9313, Lu 0.2165, Penalty 0.0577, loss 2.2054
Epoch 25, Batch 286/323, Lx 2.0218, Lu 0.2044, Penalty 0.0636, loss 2.2897
Epoch 25, Batch 287/323, Lx 1.9303, Lu 0.2121, Penalty 0.0397, loss 2.1820
Epoch 25, Batch 288/323, Lx 1.8042, Lu 0.2091, Penalty 0.0773, loss 2.0907
Epoch 25, Batch 289/323, Lx 1.6873, Lu 0.1884, Penalty 0.0321, loss 1.9078
Epoch 25, Batch 290/323, Lx 1.6957, Lu 0.1884, Penalty 0.0894, loss 1.9736
Epoch 25, Batch 291/323, Lx 1.9746, Lu 0.2613, Penalty 0.0514, loss 2.2873
Epoch 25, Batch 292/323, Lx 2.0406, Lu 0.1591, Penalty 0.0398, loss 2.2395
Epoch 25, Batch 293/323, Lx 1.9129, Lu 0.2551, Penalty 0.0636, loss 2.2316
Epoch 25, Batch 294/323, Lx 1.7368, Lu 0.1653, Penalty 0.0537, loss 1.9559
Epoch 25, Batch 295/323, Lx 2.0850, Lu 0.2679, Penalty 0.0547, loss 2.4077
Epoch 25, Batch 296/323, Lx 2.0282, Lu 0.2471, Penalty 0.0516, loss 2.3268
Epoch 25, Batch 297/323, Lx 1.7848, Lu 0.1977, Penalty 0.0633, loss 2.0458
Epoch 25, Batch 298/323, Lx 2.0130, Lu 0.2555, Penalty 0.0311, loss 2.2996
Epoch 25, Batch 299/323, Lx 2.1540, Lu 0.2559, Penalty 0.0458, loss 2.4557
Epoch 25, Batch 300/323, Lx 1.8856, Lu 0.1921, Penalty 0.0346, loss 2.1123
Epoch 25, Batch 301/323, Lx 1.9895, Lu 0.2387, Penalty 0.0443, loss 2.2726
Epoch 25, Batch 302/323, Lx 2.1470, Lu 0.1986, Penalty 0.0447, loss 2.3904
Epoch 25, Batch 303/323, Lx 2.0406, Lu 0.3184, Penalty 0.0510, loss 2.4101
Epoch 25, Batch 304/323, Lx 1.9912, Lu 0.2536, Penalty 0.0438, loss 2.2885
Epoch 25, Batch 305/323, Lx 2.0976, Lu 0.2313, Penalty 0.0413, loss 2.3703
Epoch 25, Batch 306/323, Lx 1.8692, Lu 0.2482, Penalty 0.0479, loss 2.1653
Epoch 25, Batch 307/323, Lx 1.9924, Lu 0.2579, Penalty 0.0333, loss 2.2837
Epoch 25, Batch 308/323, Lx 2.0154, Lu 0.2518, Penalty 0.0363, loss 2.3035
Epoch 25, Batch 309/323, Lx 1.7380, Lu 0.2104, Penalty 0.0351, loss 1.9836
Epoch 25, Batch 310/323, Lx 2.0087, Lu 0.2200, Penalty 0.0326, loss 2.2613
Epoch 25, Batch 311/323, Lx 2.0596, Lu 0.2499, Penalty 0.0248, loss 2.3343
Epoch 25, Batch 312/323, Lx 1.9987, Lu 0.1806, Penalty 0.0590, loss 2.2383
Epoch 25, Batch 313/323, Lx 1.7987, Lu 0.2459, Penalty 0.0461, loss 2.0906
Epoch 25, Batch 314/323, Lx 2.0825, Lu 0.1776, Penalty 0.0249, loss 2.2850
Epoch 25, Batch 315/323, Lx 2.0951, Lu 0.2686, Penalty 0.0516, loss 2.4153
Epoch 25, Batch 316/323, Lx 1.9666, Lu 0.2288, Penalty 0.0361, loss 2.2314
Epoch 25, Batch 317/323, Lx 1.8713, Lu 0.2020, Penalty 0.0487, loss 2.1221
Epoch 25, Batch 318/323, Lx 1.8295, Lu 0.1870, Penalty 0.0469, loss 2.0634
Epoch 25, Batch 319/323, Lx 2.1139, Lu 0.1651, Penalty 0.0241, loss 2.3031
Epoch 25, Batch 320/323, Lx 1.8985, Lu 0.1896, Penalty 0.0376, loss 2.1257
Epoch 25, Batch 321/323, Lx 1.9047, Lu 0.1897, Penalty 0.0485, loss 2.1428
Epoch 25, Batch 322/323, Lx 1.8378, Lu 0.2113, Penalty 0.0333, loss 2.0824
Epoch 25, Batch 323/323, Lx 1.7439, Lu 0.2189, Penalty 0.0554, loss 2.0183
Loss: 2.2507, Lx: 1.9783, Lu: 0.2272, Penalty: 0.0452
Evaluating training data at epoch 25 for Model 1
GMM Means: [0.34669196 0.59866907]
GMM Covariances: [0.01378331 0.01734196]
Evaluating training data at epoch 25 for Model 2
GMM Means: [0.56903668 0.33187605]
GMM Covariances: [0.01665597 0.01432321]
Evaluating models at epoch 25
Test data size: 60000
Epoch: 25, Test Loss: 1.5210, Test Accuracy: 0.4956, Test F1 Score: 0.4928
Training for Network 1
labelled data size: 10848
unlabelled data size: 31152
Epoch 26, Batch 1/340, Lx 1.9058, Lu 0.2736, Penalty 0.0411, loss 2.2205
Epoch 26, Batch 2/340, Lx 1.7740, Lu 0.1650, Penalty 0.0675, loss 2.0065
Epoch 26, Batch 3/340, Lx 1.9111, Lu 0.2425, Penalty 0.0724, loss 2.2260
Epoch 26, Batch 4/340, Lx 1.9311, Lu 0.2796, Penalty 0.0645, loss 2.2751
Epoch 26, Batch 5/340, Lx 2.0308, Lu 0.2654, Penalty 0.0691, loss 2.3652
Epoch 26, Batch 6/340, Lx 1.8689, Lu 0.2212, Penalty 0.0641, loss 2.1541
Epoch 26, Batch 7/340, Lx 2.1295, Lu 0.2892, Penalty 0.0707, loss 2.4894
Epoch 26, Batch 8/340, Lx 2.0259, Lu 0.2693, Penalty 0.0714, loss 2.3666
Epoch 26, Batch 9/340, Lx 2.0137, Lu 0.1962, Penalty 0.0649, loss 2.2749
Epoch 26, Batch 10/340, Lx 1.8297, Lu 0.3294, Penalty 0.0865, loss 2.2456
Epoch 26, Batch 11/340, Lx 2.0570, Lu 0.2277, Penalty 0.0590, loss 2.3437
Epoch 26, Batch 12/340, Lx 1.8036, Lu 0.2218, Penalty 0.0644, loss 2.0897
Epoch 26, Batch 13/340, Lx 1.8988, Lu 0.1794, Penalty 0.0759, loss 2.1542
Epoch 26, Batch 14/340, Lx 1.9683, Lu 0.3038, Penalty 0.0655, loss 2.3377
Epoch 26, Batch 15/340, Lx 1.8732, Lu 0.2306, Penalty 0.0700, loss 2.1738
Epoch 26, Batch 16/340, Lx 1.9689, Lu 0.2482, Penalty 0.0635, loss 2.2806
Epoch 26, Batch 17/340, Lx 1.8806, Lu 0.2029, Penalty 0.0596, loss 2.1431
Epoch 26, Batch 18/340, Lx 1.9229, Lu 0.2405, Penalty 0.0798, loss 2.2432
Epoch 26, Batch 19/340, Lx 1.8931, Lu 0.2366, Penalty 0.0642, loss 2.1938
Epoch 26, Batch 20/340, Lx 2.0219, Lu 0.3625, Penalty 0.0769, loss 2.4613
Epoch 26, Batch 21/340, Lx 2.0984, Lu 0.3409, Penalty 0.0789, loss 2.5182
Epoch 26, Batch 22/340, Lx 1.8486, Lu 0.2821, Penalty 0.0932, loss 2.2239
Epoch 26, Batch 23/340, Lx 1.9380, Lu 0.2382, Penalty 0.0881, loss 2.2643
Epoch 26, Batch 24/340, Lx 1.8922, Lu 0.2878, Penalty 0.0694, loss 2.2494
Epoch 26, Batch 25/340, Lx 1.8402, Lu 0.2356, Penalty 0.0593, loss 2.1351
Epoch 26, Batch 26/340, Lx 2.0415, Lu 0.3083, Penalty 0.0624, loss 2.4122
Epoch 26, Batch 27/340, Lx 1.9452, Lu 0.2755, Penalty 0.0800, loss 2.3007
Epoch 26, Batch 28/340, Lx 2.0070, Lu 0.2614, Penalty 0.0593, loss 2.3277
Epoch 26, Batch 29/340, Lx 1.8959, Lu 0.2007, Penalty 0.0734, loss 2.1700
Epoch 26, Batch 30/340, Lx 1.9846, Lu 0.2704, Penalty 0.0712, loss 2.3262
Epoch 26, Batch 31/340, Lx 1.9676, Lu 0.2363, Penalty 0.0495, loss 2.2534
Epoch 26, Batch 32/340, Lx 1.7957, Lu 0.1794, Penalty 0.0608, loss 2.0358
Epoch 26, Batch 33/340, Lx 1.7947, Lu 0.2026, Penalty 0.0621, loss 2.0594
Epoch 26, Batch 34/340, Lx 2.0790, Lu 0.3017, Penalty 0.0447, loss 2.4254
Epoch 26, Batch 35/340, Lx 1.8726, Lu 0.2031, Penalty 0.0557, loss 2.1313
Epoch 26, Batch 36/340, Lx 2.0244, Lu 0.3222, Penalty 0.0497, loss 2.3963
Epoch 26, Batch 37/340, Lx 1.9776, Lu 0.2312, Penalty 0.0500, loss 2.2588
Epoch 26, Batch 38/340, Lx 1.9100, Lu 0.2290, Penalty 0.0754, loss 2.2144
Epoch 26, Batch 39/340, Lx 1.9319, Lu 0.2876, Penalty 0.0718, loss 2.2913
Epoch 26, Batch 40/340, Lx 2.0365, Lu 0.2506, Penalty 0.0712, loss 2.3583
Epoch 26, Batch 41/340, Lx 1.7626, Lu 0.1856, Penalty 0.0729, loss 2.0210
Epoch 26, Batch 42/340, Lx 1.9067, Lu 0.2789, Penalty 0.0527, loss 2.2383
Epoch 26, Batch 43/340, Lx 1.8188, Lu 0.2713, Penalty 0.0568, loss 2.1469
Epoch 26, Batch 44/340, Lx 2.0608, Lu 0.2607, Penalty 0.0650, loss 2.3865
Epoch 26, Batch 45/340, Lx 1.9017, Lu 0.2577, Penalty 0.0583, loss 2.2177
Epoch 26, Batch 46/340, Lx 1.8852, Lu 0.2529, Penalty 0.0583, loss 2.1965
Epoch 26, Batch 47/340, Lx 1.9400, Lu 0.2658, Penalty 0.0554, loss 2.2613
Epoch 26, Batch 48/340, Lx 1.8021, Lu 0.1762, Penalty 0.0593, loss 2.0375
Epoch 26, Batch 49/340, Lx 1.8161, Lu 0.2295, Penalty 0.0615, loss 2.1071
Epoch 26, Batch 50/340, Lx 1.7315, Lu 0.2238, Penalty 0.0459, loss 2.0012
Epoch 26, Batch 51/340, Lx 1.9689, Lu 0.2371, Penalty 0.0712, loss 2.2772
Epoch 26, Batch 52/340, Lx 1.8869, Lu 0.2138, Penalty 0.0714, loss 2.1721
Epoch 26, Batch 53/340, Lx 1.9643, Lu 0.2235, Penalty 0.0639, loss 2.2518
Epoch 26, Batch 54/340, Lx 1.9233, Lu 0.1966, Penalty 0.0572, loss 2.1770
Epoch 26, Batch 55/340, Lx 1.9539, Lu 0.2629, Penalty 0.0866, loss 2.3034
Epoch 26, Batch 56/340, Lx 2.0247, Lu 0.3305, Penalty 0.0744, loss 2.4296
Epoch 26, Batch 57/340, Lx 1.9020, Lu 0.1733, Penalty 0.0588, loss 2.1341
Epoch 26, Batch 58/340, Lx 1.6665, Lu 0.2062, Penalty 0.0596, loss 1.9323
Epoch 26, Batch 59/340, Lx 1.7365, Lu 0.1559, Penalty 0.0743, loss 1.9667
Epoch 26, Batch 60/340, Lx 1.7456, Lu 0.1948, Penalty 0.0544, loss 1.9949
Epoch 26, Batch 61/340, Lx 1.9354, Lu 0.2521, Penalty 0.0483, loss 2.2358
Epoch 26, Batch 62/340, Lx 1.7568, Lu 0.2533, Penalty 0.0611, loss 2.0712
Epoch 26, Batch 63/340, Lx 1.9571, Lu 0.2456, Penalty 0.0377, loss 2.2403
Epoch 26, Batch 64/340, Lx 1.8774, Lu 0.2363, Penalty 0.0564, loss 2.1701
Epoch 26, Batch 65/340, Lx 1.9655, Lu 0.2251, Penalty 0.0620, loss 2.2526
Epoch 26, Batch 66/340, Lx 1.7858, Lu 0.1943, Penalty 0.0876, loss 2.0676
Epoch 26, Batch 67/340, Lx 1.9346, Lu 0.2222, Penalty 0.0724, loss 2.2292
Epoch 26, Batch 68/340, Lx 1.9768, Lu 0.2219, Penalty 0.0740, loss 2.2728
Epoch 26, Batch 69/340, Lx 1.8715, Lu 0.2672, Penalty 0.0465, loss 2.1852
Epoch 26, Batch 70/340, Lx 1.9192, Lu 0.2194, Penalty 0.0709, loss 2.2095
Epoch 26, Batch 71/340, Lx 1.9910, Lu 0.2837, Penalty 0.0873, loss 2.3621
Epoch 26, Batch 72/340, Lx 1.9708, Lu 0.2129, Penalty 0.0738, loss 2.2576
Epoch 26, Batch 73/340, Lx 1.9067, Lu 0.1922, Penalty 0.0994, loss 2.1983
Epoch 26, Batch 74/340, Lx 1.8238, Lu 0.2775, Penalty 0.1001, loss 2.2013
Epoch 26, Batch 75/340, Lx 2.0196, Lu 0.2653, Penalty 0.0869, loss 2.3718
Epoch 26, Batch 76/340, Lx 1.9701, Lu 0.2613, Penalty 0.0795, loss 2.3109
Epoch 26, Batch 77/340, Lx 1.7522, Lu 0.1919, Penalty 0.0925, loss 2.0366
Epoch 26, Batch 78/340, Lx 2.0338, Lu 0.3228, Penalty 0.0622, loss 2.4188
Epoch 26, Batch 79/340, Lx 1.8411, Lu 0.2125, Penalty 0.0782, loss 2.1318
Epoch 26, Batch 80/340, Lx 1.8894, Lu 0.2163, Penalty 0.0498, loss 2.1555
Epoch 26, Batch 81/340, Lx 1.9014, Lu 0.2230, Penalty 0.0689, loss 2.1932
Epoch 26, Batch 82/340, Lx 2.0493, Lu 0.2286, Penalty 0.0658, loss 2.3437
Epoch 26, Batch 83/340, Lx 1.9227, Lu 0.2747, Penalty 0.0669, loss 2.2643
Epoch 26, Batch 84/340, Lx 1.6623, Lu 0.2247, Penalty 0.0555, loss 1.9424
Epoch 26, Batch 85/340, Lx 1.9002, Lu 0.2235, Penalty 0.0729, loss 2.1966
Epoch 26, Batch 86/340, Lx 1.8710, Lu 0.1901, Penalty 0.0624, loss 2.1235
Epoch 26, Batch 87/340, Lx 1.9294, Lu 0.2632, Penalty 0.0815, loss 2.2741
Epoch 26, Batch 88/340, Lx 1.9223, Lu 0.1978, Penalty 0.0698, loss 2.1899
Epoch 26, Batch 89/340, Lx 1.9586, Lu 0.2003, Penalty 0.0460, loss 2.2050
Epoch 26, Batch 90/340, Lx 1.8501, Lu 0.2334, Penalty 0.0687, loss 2.1522
Epoch 26, Batch 91/340, Lx 1.8691, Lu 0.2295, Penalty 0.0760, loss 2.1746
Epoch 26, Batch 92/340, Lx 1.8537, Lu 0.2716, Penalty 0.0681, loss 2.1934
Epoch 26, Batch 93/340, Lx 1.8874, Lu 0.2692, Penalty 0.0734, loss 2.2300
Epoch 26, Batch 94/340, Lx 1.8741, Lu 0.2209, Penalty 0.0714, loss 2.1664
Epoch 26, Batch 95/340, Lx 2.0203, Lu 0.3209, Penalty 0.0874, loss 2.4286
Epoch 26, Batch 96/340, Lx 2.0446, Lu 0.2539, Penalty 0.0729, loss 2.3714
Epoch 26, Batch 97/340, Lx 1.7612, Lu 0.2329, Penalty 0.0890, loss 2.0831
Epoch 26, Batch 98/340, Lx 1.8418, Lu 0.2596, Penalty 0.0998, loss 2.2011
Epoch 26, Batch 99/340, Lx 1.8838, Lu 0.2567, Penalty 0.0674, loss 2.2080
Epoch 26, Batch 100/340, Lx 1.9112, Lu 0.2038, Penalty 0.0762, loss 2.1912
Epoch 26, Batch 101/340, Lx 1.8780, Lu 0.2025, Penalty 0.0644, loss 2.1450
Epoch 26, Batch 102/340, Lx 1.8752, Lu 0.2725, Penalty 0.0930, loss 2.2407
Epoch 26, Batch 103/340, Lx 1.7457, Lu 0.1801, Penalty 0.0678, loss 1.9935
Epoch 26, Batch 104/340, Lx 2.0434, Lu 0.2561, Penalty 0.0627, loss 2.3622
Epoch 26, Batch 105/340, Lx 1.6277, Lu 0.2203, Penalty 0.1085, loss 1.9565
Epoch 26, Batch 106/340, Lx 1.8382, Lu 0.2290, Penalty 0.0721, loss 2.1393
Epoch 26, Batch 107/340, Lx 1.7518, Lu 0.1830, Penalty 0.0702, loss 2.0050
Epoch 26, Batch 108/340, Lx 1.9701, Lu 0.2421, Penalty 0.0917, loss 2.3039
Epoch 26, Batch 109/340, Lx 1.8600, Lu 0.2167, Penalty 0.0634, loss 2.1401
Epoch 26, Batch 110/340, Lx 1.8521, Lu 0.1799, Penalty 0.0661, loss 2.0981
Epoch 26, Batch 111/340, Lx 1.8384, Lu 0.2718, Penalty 0.0786, loss 2.1887
Epoch 26, Batch 112/340, Lx 1.9014, Lu 0.1873, Penalty 0.0864, loss 2.1752
Epoch 26, Batch 113/340, Lx 1.8529, Lu 0.2046, Penalty 0.0893, loss 2.1468
Epoch 26, Batch 114/340, Lx 1.9760, Lu 0.2448, Penalty 0.0772, loss 2.2981
Epoch 26, Batch 115/340, Lx 1.8035, Lu 0.2066, Penalty 0.0802, loss 2.0903
Epoch 26, Batch 116/340, Lx 1.9403, Lu 0.3191, Penalty 0.0827, loss 2.3421
Epoch 26, Batch 117/340, Lx 1.7149, Lu 0.2551, Penalty 0.0740, loss 2.0440
Epoch 26, Batch 118/340, Lx 1.7395, Lu 0.2098, Penalty 0.0785, loss 2.0278
Epoch 26, Batch 119/340, Lx 1.9017, Lu 0.2767, Penalty 0.0515, loss 2.2299
Epoch 26, Batch 120/340, Lx 1.9997, Lu 0.2439, Penalty 0.0645, loss 2.3081
Epoch 26, Batch 121/340, Lx 1.9428, Lu 0.3069, Penalty 0.0723, loss 2.3220
Epoch 26, Batch 122/340, Lx 1.9350, Lu 0.2556, Penalty 0.0907, loss 2.2813
Epoch 26, Batch 123/340, Lx 1.8979, Lu 0.3387, Penalty 0.1072, loss 2.3438
Epoch 26, Batch 124/340, Lx 1.8865, Lu 0.2393, Penalty 0.0818, loss 2.2076
Epoch 26, Batch 125/340, Lx 1.9688, Lu 0.3118, Penalty 0.0745, loss 2.3552
Epoch 26, Batch 126/340, Lx 1.9879, Lu 0.2755, Penalty 0.0748, loss 2.3382
Epoch 26, Batch 127/340, Lx 1.9080, Lu 0.2663, Penalty 0.0791, loss 2.2535
Epoch 26, Batch 128/340, Lx 1.7968, Lu 0.2133, Penalty 0.0959, loss 2.1060
Epoch 26, Batch 129/340, Lx 1.7452, Lu 0.2221, Penalty 0.0679, loss 2.0352
Epoch 26, Batch 130/340, Lx 1.8669, Lu 0.1863, Penalty 0.0793, loss 2.1325
Epoch 26, Batch 131/340, Lx 1.9714, Lu 0.2386, Penalty 0.0785, loss 2.2885
Epoch 26, Batch 132/340, Lx 1.8578, Lu 0.2700, Penalty 0.0870, loss 2.2148
Epoch 26, Batch 133/340, Lx 2.0152, Lu 0.2810, Penalty 0.0824, loss 2.3785
Epoch 26, Batch 134/340, Lx 1.9318, Lu 0.2737, Penalty 0.0952, loss 2.3007
Epoch 26, Batch 135/340, Lx 2.0076, Lu 0.2486, Penalty 0.0733, loss 2.3295
Epoch 26, Batch 136/340, Lx 1.9148, Lu 0.2442, Penalty 0.0905, loss 2.2495
Epoch 26, Batch 137/340, Lx 1.7262, Lu 0.1697, Penalty 0.0512, loss 1.9471
Epoch 26, Batch 138/340, Lx 1.9849, Lu 0.2675, Penalty 0.0787, loss 2.3310
Epoch 26, Batch 139/340, Lx 1.8871, Lu 0.2776, Penalty 0.0612, loss 2.2258
Epoch 26, Batch 140/340, Lx 1.7914, Lu 0.2698, Penalty 0.0575, loss 2.1188
Epoch 26, Batch 141/340, Lx 2.0266, Lu 0.3687, Penalty 0.0772, loss 2.4725
Epoch 26, Batch 142/340, Lx 1.8132, Lu 0.2089, Penalty 0.0737, loss 2.0958
Epoch 26, Batch 143/340, Lx 1.9494, Lu 0.2402, Penalty 0.0650, loss 2.2546
Epoch 26, Batch 144/340, Lx 1.8426, Lu 0.2267, Penalty 0.0739, loss 2.1431
Epoch 26, Batch 145/340, Lx 2.0218, Lu 0.2815, Penalty 0.0526, loss 2.3560
Epoch 26, Batch 146/340, Lx 1.9988, Lu 0.2748, Penalty 0.0549, loss 2.3285
Epoch 26, Batch 147/340, Lx 1.9746, Lu 0.2281, Penalty 0.0729, loss 2.2757
Epoch 26, Batch 148/340, Lx 1.8875, Lu 0.2283, Penalty 0.0527, loss 2.1685
Epoch 26, Batch 149/340, Lx 1.9241, Lu 0.3143, Penalty 0.0598, loss 2.2982
Epoch 26, Batch 150/340, Lx 1.9952, Lu 0.3248, Penalty 0.0662, loss 2.3863
Epoch 26, Batch 151/340, Lx 1.9467, Lu 0.2524, Penalty 0.0593, loss 2.2583
Epoch 26, Batch 152/340, Lx 2.0286, Lu 0.2512, Penalty 0.0640, loss 2.3438
Epoch 26, Batch 153/340, Lx 1.9073, Lu 0.2772, Penalty 0.0560, loss 2.2405
Epoch 26, Batch 154/340, Lx 1.9929, Lu 0.2399, Penalty 0.0623, loss 2.2951
Epoch 26, Batch 155/340, Lx 1.6035, Lu 0.1827, Penalty 0.0654, loss 1.8516
Epoch 26, Batch 156/340, Lx 1.9955, Lu 0.2492, Penalty 0.0665, loss 2.3113
Epoch 26, Batch 157/340, Lx 1.8223, Lu 0.2033, Penalty 0.0410, loss 2.0666
Epoch 26, Batch 158/340, Lx 1.8376, Lu 0.2159, Penalty 0.0466, loss 2.1001
Epoch 26, Batch 159/340, Lx 1.9359, Lu 0.2983, Penalty 0.0629, loss 2.2971
Epoch 26, Batch 160/340, Lx 2.0241, Lu 0.3639, Penalty 0.0662, loss 2.4542
Epoch 26, Batch 161/340, Lx 1.9521, Lu 0.2607, Penalty 0.0608, loss 2.2736
Epoch 26, Batch 162/340, Lx 1.9642, Lu 0.2607, Penalty 0.0608, loss 2.2857
Epoch 26, Batch 163/340, Lx 1.7797, Lu 0.2666, Penalty 0.0653, loss 2.1116
Epoch 26, Batch 164/340, Lx 1.7314, Lu 0.2140, Penalty 0.0747, loss 2.0200
Epoch 26, Batch 165/340, Lx 1.7980, Lu 0.2594, Penalty 0.0762, loss 2.1336
Epoch 26, Batch 166/340, Lx 1.8474, Lu 0.2367, Penalty 0.0747, loss 2.1588
Epoch 26, Batch 167/340, Lx 1.8299, Lu 0.1989, Penalty 0.0722, loss 2.1010
Epoch 26, Batch 168/340, Lx 2.0029, Lu 0.3224, Penalty 0.0583, loss 2.3836
Epoch 26, Batch 169/340, Lx 1.8456, Lu 0.2385, Penalty 0.0785, loss 2.1626
Epoch 26, Batch 170/340, Lx 1.9008, Lu 0.2116, Penalty 0.0300, loss 2.1424
Epoch 26, Batch 171/340, Lx 1.8853, Lu 0.2323, Penalty 0.0880, loss 2.2057
Epoch 26, Batch 172/340, Lx 1.6248, Lu 0.1863, Penalty 0.0566, loss 1.8677
Epoch 26, Batch 173/340, Lx 1.9760, Lu 0.2616, Penalty 0.0464, loss 2.2840
Epoch 26, Batch 174/340, Lx 1.8911, Lu 0.2032, Penalty 0.0696, loss 2.1640
Epoch 26, Batch 175/340, Lx 1.7684, Lu 0.2335, Penalty 0.0844, loss 2.0863
Epoch 26, Batch 176/340, Lx 1.9300, Lu 0.2826, Penalty 0.0639, loss 2.2764
Epoch 26, Batch 177/340, Lx 1.8352, Lu 0.2580, Penalty 0.0601, loss 2.1533
Epoch 26, Batch 178/340, Lx 2.0343, Lu 0.2292, Penalty 0.0716, loss 2.3351
Epoch 26, Batch 179/340, Lx 1.9291, Lu 0.2435, Penalty 0.0689, loss 2.2415
Epoch 26, Batch 180/340, Lx 1.9760, Lu 0.3141, Penalty 0.0562, loss 2.3464
Epoch 26, Batch 181/340, Lx 1.9393, Lu 0.2655, Penalty 0.0884, loss 2.2932
Epoch 26, Batch 182/340, Lx 1.8921, Lu 0.2621, Penalty 0.0900, loss 2.2442
Epoch 26, Batch 183/340, Lx 1.7598, Lu 0.1893, Penalty 0.0834, loss 2.0325
Epoch 26, Batch 184/340, Lx 1.8640, Lu 0.1916, Penalty 0.1012, loss 2.1567
Epoch 26, Batch 185/340, Lx 1.9700, Lu 0.2767, Penalty 0.0942, loss 2.3410
Epoch 26, Batch 186/340, Lx 1.6172, Lu 0.1802, Penalty 0.1000, loss 1.8974
Epoch 26, Batch 187/340, Lx 1.9314, Lu 0.2432, Penalty 0.0805, loss 2.2551
Epoch 26, Batch 188/340, Lx 1.7760, Lu 0.2291, Penalty 0.0928, loss 2.0979
Epoch 26, Batch 189/340, Lx 1.7420, Lu 0.2215, Penalty 0.0816, loss 2.0451
Epoch 26, Batch 190/340, Lx 1.7787, Lu 0.2468, Penalty 0.0734, loss 2.0989
Epoch 26, Batch 191/340, Lx 2.0120, Lu 0.2790, Penalty 0.0709, loss 2.3619
Epoch 26, Batch 192/340, Lx 1.8832, Lu 0.2807, Penalty 0.0530, loss 2.2169
Epoch 26, Batch 193/340, Lx 1.7078, Lu 0.1949, Penalty 0.0810, loss 1.9837
Epoch 26, Batch 194/340, Lx 1.8751, Lu 0.2773, Penalty 0.0458, loss 2.1982
Epoch 26, Batch 195/340, Lx 1.9435, Lu 0.2118, Penalty 0.0822, loss 2.2374
Epoch 26, Batch 196/340, Lx 1.9110, Lu 0.2942, Penalty 0.0745, loss 2.2796
Epoch 26, Batch 197/340, Lx 1.7900, Lu 0.1986, Penalty 0.0767, loss 2.0653
Epoch 26, Batch 198/340, Lx 1.9533, Lu 0.2287, Penalty 0.0613, loss 2.2433
Epoch 26, Batch 199/340, Lx 2.0115, Lu 0.2324, Penalty 0.0742, loss 2.3181
Epoch 26, Batch 200/340, Lx 1.9452, Lu 0.2370, Penalty 0.0641, loss 2.2463
Epoch 26, Batch 201/340, Lx 1.8065, Lu 0.2172, Penalty 0.0594, loss 2.0831
Epoch 26, Batch 202/340, Lx 2.0232, Lu 0.3254, Penalty 0.0714, loss 2.4200
Epoch 26, Batch 203/340, Lx 1.9453, Lu 0.2544, Penalty 0.0880, loss 2.2877
Epoch 26, Batch 204/340, Lx 1.9117, Lu 0.2339, Penalty 0.0619, loss 2.2074
Epoch 26, Batch 205/340, Lx 1.9955, Lu 0.3431, Penalty 0.0647, loss 2.4033
Epoch 26, Batch 206/340, Lx 1.9877, Lu 0.2731, Penalty 0.0816, loss 2.3424
Epoch 26, Batch 207/340, Lx 1.8676, Lu 0.2833, Penalty 0.0717, loss 2.2226
Epoch 26, Batch 208/340, Lx 2.0320, Lu 0.1805, Penalty 0.0492, loss 2.2617
Epoch 26, Batch 209/340, Lx 1.9966, Lu 0.3668, Penalty 0.0793, loss 2.4426
Epoch 26, Batch 210/340, Lx 1.7164, Lu 0.2517, Penalty 0.0809, loss 2.0490
Epoch 26, Batch 211/340, Lx 1.9498, Lu 0.2744, Penalty 0.0701, loss 2.2943
Epoch 26, Batch 212/340, Lx 1.7209, Lu 0.1837, Penalty 0.0865, loss 1.9911
Epoch 26, Batch 213/340, Lx 1.9244, Lu 0.2755, Penalty 0.0687, loss 2.2686
Epoch 26, Batch 214/340, Lx 1.8192, Lu 0.2278, Penalty 0.0554, loss 2.1025
Epoch 26, Batch 215/340, Lx 1.9092, Lu 0.2602, Penalty 0.0706, loss 2.2400
Epoch 26, Batch 216/340, Lx 1.9406, Lu 0.2532, Penalty 0.0591, loss 2.2530
Epoch 26, Batch 217/340, Lx 1.9633, Lu 0.3058, Penalty 0.0546, loss 2.3237
Epoch 26, Batch 218/340, Lx 1.9181, Lu 0.2282, Penalty 0.0701, loss 2.2164
Epoch 26, Batch 219/340, Lx 2.0503, Lu 0.2975, Penalty 0.0467, loss 2.3945
Epoch 26, Batch 220/340, Lx 1.7874, Lu 0.1959, Penalty 0.0691, loss 2.0523
Epoch 26, Batch 221/340, Lx 2.1708, Lu 0.3008, Penalty 0.0561, loss 2.5277
Epoch 26, Batch 222/340, Lx 2.0429, Lu 0.2370, Penalty 0.0668, loss 2.3466
Epoch 26, Batch 223/340, Lx 1.8573, Lu 0.2226, Penalty 0.0610, loss 2.1409
Epoch 26, Batch 224/340, Lx 1.7827, Lu 0.1953, Penalty 0.0733, loss 2.0513
Epoch 26, Batch 225/340, Lx 1.8515, Lu 0.2254, Penalty 0.0546, loss 2.1314
Epoch 26, Batch 226/340, Lx 1.6479, Lu 0.1587, Penalty 0.0701, loss 1.8767
Epoch 26, Batch 227/340, Lx 1.8052, Lu 0.2374, Penalty 0.0894, loss 2.1320
Epoch 26, Batch 228/340, Lx 1.9617, Lu 0.2805, Penalty 0.0442, loss 2.2865
Epoch 26, Batch 229/340, Lx 1.8994, Lu 0.2501, Penalty 0.0762, loss 2.2257
Epoch 26, Batch 230/340, Lx 2.1245, Lu 0.3159, Penalty 0.0617, loss 2.5021
Epoch 26, Batch 231/340, Lx 2.0355, Lu 0.2682, Penalty 0.0525, loss 2.3563
Epoch 26, Batch 232/340, Lx 2.0496, Lu 0.2801, Penalty 0.0470, loss 2.3767
Epoch 26, Batch 233/340, Lx 1.8784, Lu 0.2227, Penalty 0.0560, loss 2.1571
Epoch 26, Batch 234/340, Lx 2.0701, Lu 0.2785, Penalty 0.0724, loss 2.4210
Epoch 26, Batch 235/340, Lx 1.9948, Lu 0.2781, Penalty 0.0469, loss 2.3197
Epoch 26, Batch 236/340, Lx 1.9541, Lu 0.3458, Penalty 0.0530, loss 2.3530
Epoch 26, Batch 237/340, Lx 1.9957, Lu 0.2831, Penalty 0.0454, loss 2.3242
Epoch 26, Batch 238/340, Lx 1.6897, Lu 0.1928, Penalty 0.0557, loss 1.9382
Epoch 26, Batch 239/340, Lx 1.7418, Lu 0.1790, Penalty 0.0643, loss 1.9851
Epoch 26, Batch 240/340, Lx 2.0349, Lu 0.3557, Penalty 0.0663, loss 2.4568
Epoch 26, Batch 241/340, Lx 2.0029, Lu 0.3023, Penalty 0.0590, loss 2.3641
Epoch 26, Batch 242/340, Lx 1.9419, Lu 0.2934, Penalty 0.0659, loss 2.3013
Epoch 26, Batch 243/340, Lx 1.9598, Lu 0.2672, Penalty 0.0740, loss 2.3010
Epoch 26, Batch 244/340, Lx 1.8652, Lu 0.1612, Penalty 0.0741, loss 2.1006
Epoch 26, Batch 245/340, Lx 1.6227, Lu 0.1723, Penalty 0.0504, loss 1.8453
Epoch 26, Batch 246/340, Lx 1.7837, Lu 0.2736, Penalty 0.0713, loss 2.1285
Epoch 26, Batch 247/340, Lx 1.8630, Lu 0.1949, Penalty 0.0590, loss 2.1169
Epoch 26, Batch 248/340, Lx 1.9250, Lu 0.2377, Penalty 0.0725, loss 2.2351
Epoch 26, Batch 249/340, Lx 1.8340, Lu 0.2331, Penalty 0.0820, loss 2.1491
Epoch 26, Batch 250/340, Lx 2.0141, Lu 0.3063, Penalty 0.0652, loss 2.3855
Epoch 26, Batch 251/340, Lx 1.5434, Lu 0.1881, Penalty 0.1238, loss 1.8553
Epoch 26, Batch 252/340, Lx 1.9923, Lu 0.3081, Penalty 0.0616, loss 2.3620
Epoch 26, Batch 253/340, Lx 2.0508, Lu 0.2912, Penalty 0.0842, loss 2.4262
Epoch 26, Batch 254/340, Lx 2.0649, Lu 0.2606, Penalty 0.0589, loss 2.3844
Epoch 26, Batch 255/340, Lx 1.9107, Lu 0.2927, Penalty 0.0645, loss 2.2680
Epoch 26, Batch 256/340, Lx 1.9146, Lu 0.2867, Penalty 0.0609, loss 2.2622
Epoch 26, Batch 257/340, Lx 1.8807, Lu 0.2083, Penalty 0.0768, loss 2.1659
Epoch 26, Batch 258/340, Lx 1.8258, Lu 0.2059, Penalty 0.0730, loss 2.1046
Epoch 26, Batch 259/340, Lx 2.0874, Lu 0.2156, Penalty 0.0591, loss 2.3621
Epoch 26, Batch 260/340, Lx 1.9047, Lu 0.2809, Penalty 0.0623, loss 2.2479
Epoch 26, Batch 261/340, Lx 1.8300, Lu 0.3057, Penalty 0.0755, loss 2.2112
Epoch 26, Batch 262/340, Lx 1.9557, Lu 0.2164, Penalty 0.0974, loss 2.2696
Epoch 26, Batch 263/340, Lx 1.7913, Lu 0.2247, Penalty 0.0504, loss 2.0663
Epoch 26, Batch 264/340, Lx 1.6665, Lu 0.2021, Penalty 0.0783, loss 1.9470
Epoch 26, Batch 265/340, Lx 1.6710, Lu 0.2066, Penalty 0.0795, loss 1.9571
Epoch 26, Batch 266/340, Lx 1.9149, Lu 0.1751, Penalty 0.0755, loss 2.1655
Epoch 26, Batch 267/340, Lx 1.9267, Lu 0.1844, Penalty 0.0780, loss 2.1892
Epoch 26, Batch 268/340, Lx 1.8229, Lu 0.2445, Penalty 0.0753, loss 2.1427
Epoch 26, Batch 269/340, Lx 1.8975, Lu 0.2202, Penalty 0.0760, loss 2.1937
Epoch 26, Batch 270/340, Lx 2.0044, Lu 0.3223, Penalty 0.0554, loss 2.3821
Epoch 26, Batch 271/340, Lx 1.7428, Lu 0.2333, Penalty 0.0990, loss 2.0752
Epoch 26, Batch 272/340, Lx 1.9468, Lu 0.2847, Penalty 0.0676, loss 2.2991
Epoch 26, Batch 273/340, Lx 2.0869, Lu 0.3260, Penalty 0.0741, loss 2.4870
Epoch 26, Batch 274/340, Lx 1.9538, Lu 0.2188, Penalty 0.0475, loss 2.2201
Epoch 26, Batch 275/340, Lx 2.0014, Lu 0.2348, Penalty 0.0557, loss 2.2919
Epoch 26, Batch 276/340, Lx 2.0016, Lu 0.2954, Penalty 0.0668, loss 2.3638
Epoch 26, Batch 277/340, Lx 2.0179, Lu 0.2940, Penalty 0.0551, loss 2.3670
Epoch 26, Batch 278/340, Lx 1.8407, Lu 0.3050, Penalty 0.0416, loss 2.1874
Epoch 26, Batch 279/340, Lx 1.7975, Lu 0.2399, Penalty 0.0694, loss 2.1067
Epoch 26, Batch 280/340, Lx 2.0023, Lu 0.2957, Penalty 0.0631, loss 2.3611
Epoch 26, Batch 281/340, Lx 1.9363, Lu 0.3149, Penalty 0.0933, loss 2.3445
Epoch 26, Batch 282/340, Lx 1.9332, Lu 0.2294, Penalty 0.0668, loss 2.2294
Epoch 26, Batch 283/340, Lx 1.9151, Lu 0.2637, Penalty 0.0680, loss 2.2468
Epoch 26, Batch 284/340, Lx 2.0145, Lu 0.2375, Penalty 0.0650, loss 2.3169
Epoch 26, Batch 285/340, Lx 1.9574, Lu 0.2512, Penalty 0.0597, loss 2.2683
Epoch 26, Batch 286/340, Lx 1.8222, Lu 0.2582, Penalty 0.0784, loss 2.1589
Epoch 26, Batch 287/340, Lx 1.8494, Lu 0.2182, Penalty 0.0768, loss 2.1444
Epoch 26, Batch 288/340, Lx 1.7368, Lu 0.1870, Penalty 0.0861, loss 2.0099
Epoch 26, Batch 289/340, Lx 1.5894, Lu 0.1412, Penalty 0.0661, loss 1.7968
Epoch 26, Batch 290/340, Lx 2.0350, Lu 0.2606, Penalty 0.0670, loss 2.3627
Epoch 26, Batch 291/340, Lx 2.0315, Lu 0.3372, Penalty 0.0544, loss 2.4231
Epoch 26, Batch 292/340, Lx 1.6784, Lu 0.1876, Penalty 0.0550, loss 1.9210
Epoch 26, Batch 293/340, Lx 1.8931, Lu 0.2362, Penalty 0.0613, loss 2.1906
Epoch 26, Batch 294/340, Lx 1.8996, Lu 0.2029, Penalty 0.0671, loss 2.1695
Epoch 26, Batch 295/340, Lx 1.9670, Lu 0.2199, Penalty 0.0511, loss 2.2380
Epoch 26, Batch 296/340, Lx 1.7756, Lu 0.2306, Penalty 0.0745, loss 2.0807
Epoch 26, Batch 297/340, Lx 2.1160, Lu 0.2549, Penalty 0.0579, loss 2.4289
Epoch 26, Batch 298/340, Lx 1.9150, Lu 0.2677, Penalty 0.0717, loss 2.2544
Epoch 26, Batch 299/340, Lx 1.9431, Lu 0.2145, Penalty 0.0469, loss 2.2045
Epoch 26, Batch 300/340, Lx 1.8566, Lu 0.2653, Penalty 0.0623, loss 2.1842
Epoch 26, Batch 301/340, Lx 1.7124, Lu 0.2242, Penalty 0.0676, loss 2.0043
Epoch 26, Batch 302/340, Lx 1.9856, Lu 0.3056, Penalty 0.0586, loss 2.3499
Epoch 26, Batch 303/340, Lx 1.9760, Lu 0.2764, Penalty 0.0584, loss 2.3107
Epoch 26, Batch 304/340, Lx 1.9526, Lu 0.2781, Penalty 0.0702, loss 2.3009
Epoch 26, Batch 305/340, Lx 1.9215, Lu 0.2318, Penalty 0.0740, loss 2.2272
Epoch 26, Batch 306/340, Lx 1.8439, Lu 0.1958, Penalty 0.0386, loss 2.0783
Epoch 26, Batch 307/340, Lx 1.7187, Lu 0.1892, Penalty 0.0664, loss 1.9743
Epoch 26, Batch 308/340, Lx 1.8024, Lu 0.2371, Penalty 0.0806, loss 2.1200
Epoch 26, Batch 309/340, Lx 1.7983, Lu 0.1833, Penalty 0.0593, loss 2.0408
Epoch 26, Batch 310/340, Lx 1.8295, Lu 0.2908, Penalty 0.0719, loss 2.1921
Epoch 26, Batch 311/340, Lx 2.1103, Lu 0.3506, Penalty 0.0561, loss 2.5169
Epoch 26, Batch 312/340, Lx 1.7071, Lu 0.1802, Penalty 0.0717, loss 1.9590
Epoch 26, Batch 313/340, Lx 2.0394, Lu 0.2410, Penalty 0.0644, loss 2.3447
Epoch 26, Batch 314/340, Lx 1.7965, Lu 0.1942, Penalty 0.0515, loss 2.0421
Epoch 26, Batch 315/340, Lx 1.7863, Lu 0.2262, Penalty 0.0769, loss 2.0894
Epoch 26, Batch 316/340, Lx 1.6971, Lu 0.1703, Penalty 0.0649, loss 1.9323
Epoch 26, Batch 317/340, Lx 1.8581, Lu 0.2480, Penalty 0.0462, loss 2.1524
Epoch 26, Batch 318/340, Lx 1.9648, Lu 0.2996, Penalty 0.0533, loss 2.3177
Epoch 26, Batch 319/340, Lx 1.9487, Lu 0.2940, Penalty 0.0665, loss 2.3092
Epoch 26, Batch 320/340, Lx 1.7488, Lu 0.1609, Penalty 0.0668, loss 1.9766
Epoch 26, Batch 321/340, Lx 1.9583, Lu 0.2821, Penalty 0.0459, loss 2.2863
Epoch 26, Batch 322/340, Lx 2.0095, Lu 0.2406, Penalty 0.0514, loss 2.3015
Epoch 26, Batch 323/340, Lx 1.9351, Lu 0.2236, Penalty 0.0494, loss 2.2080
Epoch 26, Batch 324/340, Lx 2.0006, Lu 0.3345, Penalty 0.0604, loss 2.3955
Epoch 26, Batch 325/340, Lx 1.7563, Lu 0.2186, Penalty 0.0630, loss 2.0379
Epoch 26, Batch 326/340, Lx 1.9638, Lu 0.2299, Penalty 0.0606, loss 2.2542
Epoch 26, Batch 327/340, Lx 1.9208, Lu 0.3117, Penalty 0.0736, loss 2.3060
Epoch 26, Batch 328/340, Lx 2.0448, Lu 0.3070, Penalty 0.0527, loss 2.4045
Epoch 26, Batch 329/340, Lx 2.0026, Lu 0.2680, Penalty 0.0504, loss 2.3210
Epoch 26, Batch 330/340, Lx 2.0755, Lu 0.2282, Penalty 0.0647, loss 2.3684
Epoch 26, Batch 331/340, Lx 1.9438, Lu 0.2190, Penalty 0.0768, loss 2.2396
Epoch 26, Batch 332/340, Lx 2.1327, Lu 0.2830, Penalty 0.0596, loss 2.4753
Epoch 26, Batch 333/340, Lx 1.7071, Lu 0.1733, Penalty 0.0745, loss 1.9549
Epoch 26, Batch 334/340, Lx 1.7458, Lu 0.1762, Penalty 0.0613, loss 1.9833
Epoch 26, Batch 335/340, Lx 1.9825, Lu 0.2447, Penalty 0.0670, loss 2.2943
Epoch 26, Batch 336/340, Lx 1.7507, Lu 0.2287, Penalty 0.0959, loss 2.0753
Epoch 26, Batch 337/340, Lx 1.8231, Lu 0.2421, Penalty 0.0825, loss 2.1477
Epoch 26, Batch 338/340, Lx 1.9498, Lu 0.2430, Penalty 0.0738, loss 2.2666
Epoch 26, Batch 339/340, Lx 1.9322, Lu 0.2279, Penalty 0.0555, loss 2.2156
Loss: 2.2143, Lx: 1.8996, Lu: 0.2463, Penalty: 0.0684
Training for Network 2
labelled data size: 9590
unlabelled data size: 32410
Epoch 26, Batch 1/300, Lx 1.8710, Lu 0.2753, Penalty 0.0335, loss 2.1798
Epoch 26, Batch 2/300, Lx 1.9348, Lu 0.2125, Penalty 0.0387, loss 2.1861
Epoch 26, Batch 3/300, Lx 1.8643, Lu 0.2561, Penalty 0.0594, loss 2.1798
Epoch 26, Batch 4/300, Lx 1.9097, Lu 0.2697, Penalty 0.0420, loss 2.2214
Epoch 26, Batch 5/300, Lx 1.9841, Lu 0.2435, Penalty 0.0437, loss 2.2713
Epoch 26, Batch 6/300, Lx 2.0766, Lu 0.2779, Penalty 0.0424, loss 2.3969
Epoch 26, Batch 7/300, Lx 1.8300, Lu 0.2079, Penalty 0.0559, loss 2.0938
Epoch 26, Batch 8/300, Lx 1.9700, Lu 0.3282, Penalty 0.0432, loss 2.3414
Epoch 26, Batch 9/300, Lx 1.8668, Lu 0.2651, Penalty 0.0458, loss 2.1776
Epoch 26, Batch 10/300, Lx 1.9502, Lu 0.2684, Penalty 0.0561, loss 2.2746
Epoch 26, Batch 11/300, Lx 2.1489, Lu 0.3809, Penalty 0.0386, loss 2.5683
Epoch 26, Batch 12/300, Lx 1.7329, Lu 0.2145, Penalty 0.0666, loss 2.0140
Epoch 26, Batch 13/300, Lx 2.0256, Lu 0.3545, Penalty 0.0514, loss 2.4315
Epoch 26, Batch 14/300, Lx 1.5430, Lu 0.2101, Penalty 0.0549, loss 1.8080
Epoch 26, Batch 15/300, Lx 1.9561, Lu 0.2252, Penalty 0.0430, loss 2.2243
Epoch 26, Batch 16/300, Lx 1.8161, Lu 0.2246, Penalty 0.0513, loss 2.0921
Epoch 26, Batch 17/300, Lx 1.6137, Lu 0.2194, Penalty 0.0663, loss 1.8994
Epoch 26, Batch 18/300, Lx 2.0231, Lu 0.2247, Penalty 0.0645, loss 2.3123
Epoch 26, Batch 19/300, Lx 2.0844, Lu 0.2950, Penalty 0.0711, loss 2.4505
Epoch 26, Batch 20/300, Lx 1.6745, Lu 0.2128, Penalty 0.0546, loss 1.9420
Epoch 26, Batch 21/300, Lx 1.9252, Lu 0.2048, Penalty 0.0591, loss 2.1890
Epoch 26, Batch 22/300, Lx 2.0606, Lu 0.3397, Penalty 0.0656, loss 2.4660
Epoch 26, Batch 23/300, Lx 1.8374, Lu 0.2438, Penalty 0.0644, loss 2.1456
Epoch 26, Batch 24/300, Lx 2.0015, Lu 0.2077, Penalty 0.0509, loss 2.2601
Epoch 26, Batch 25/300, Lx 2.0619, Lu 0.2528, Penalty 0.0669, loss 2.3816
Epoch 26, Batch 26/300, Lx 2.0642, Lu 0.2841, Penalty 0.0424, loss 2.3907
Epoch 26, Batch 27/300, Lx 2.0330, Lu 0.2548, Penalty 0.0503, loss 2.3381
Epoch 26, Batch 28/300, Lx 1.9766, Lu 0.2762, Penalty 0.0479, loss 2.3007
Epoch 26, Batch 29/300, Lx 2.0611, Lu 0.2636, Penalty 0.0481, loss 2.3729
Epoch 26, Batch 30/300, Lx 1.8828, Lu 0.2345, Penalty 0.0612, loss 2.1785
Epoch 26, Batch 31/300, Lx 1.9692, Lu 0.3022, Penalty 0.0459, loss 2.3172
Epoch 26, Batch 32/300, Lx 1.6503, Lu 0.1791, Penalty 0.0820, loss 1.9114
Epoch 26, Batch 33/300, Lx 1.9581, Lu 0.2270, Penalty 0.0465, loss 2.2316
Epoch 26, Batch 34/300, Lx 1.8009, Lu 0.2287, Penalty 0.0606, loss 2.0902
Epoch 26, Batch 35/300, Lx 1.8771, Lu 0.2139, Penalty 0.0461, loss 2.1372
Epoch 26, Batch 36/300, Lx 1.9514, Lu 0.2333, Penalty 0.0606, loss 2.2453
Epoch 26, Batch 37/300, Lx 2.0467, Lu 0.2532, Penalty 0.0490, loss 2.3488
Epoch 26, Batch 38/300, Lx 2.0719, Lu 0.2734, Penalty 0.0443, loss 2.3895
Epoch 26, Batch 39/300, Lx 1.9783, Lu 0.3075, Penalty 0.0459, loss 2.3317
Epoch 26, Batch 40/300, Lx 2.0167, Lu 0.2512, Penalty 0.0573, loss 2.3252
Epoch 26, Batch 41/300, Lx 1.6294, Lu 0.2279, Penalty 0.0578, loss 1.9151
Epoch 26, Batch 42/300, Lx 2.0707, Lu 0.2648, Penalty 0.0439, loss 2.3794
Epoch 26, Batch 43/300, Lx 2.0025, Lu 0.2471, Penalty 0.0405, loss 2.2900
Epoch 26, Batch 44/300, Lx 1.9119, Lu 0.3077, Penalty 0.0551, loss 2.2747
Epoch 26, Batch 45/300, Lx 2.0168, Lu 0.2541, Penalty 0.0678, loss 2.3387
Epoch 26, Batch 46/300, Lx 1.8388, Lu 0.2809, Penalty 0.0652, loss 2.1850
Epoch 26, Batch 47/300, Lx 2.0173, Lu 0.2558, Penalty 0.0479, loss 2.3210
Epoch 26, Batch 48/300, Lx 2.1011, Lu 0.3510, Penalty 0.0563, loss 2.5083
Epoch 26, Batch 49/300, Lx 2.0455, Lu 0.2280, Penalty 0.0404, loss 2.3138
Epoch 26, Batch 50/300, Lx 1.6744, Lu 0.2029, Penalty 0.0591, loss 1.9364
Epoch 26, Batch 51/300, Lx 2.0810, Lu 0.2627, Penalty 0.0363, loss 2.3800
Epoch 26, Batch 52/300, Lx 1.9640, Lu 0.2279, Penalty 0.0513, loss 2.2431
Epoch 26, Batch 53/300, Lx 1.9193, Lu 0.2539, Penalty 0.0548, loss 2.2279
Epoch 26, Batch 54/300, Lx 2.0208, Lu 0.2928, Penalty 0.0522, loss 2.3657
Epoch 26, Batch 55/300, Lx 1.7242, Lu 0.1950, Penalty 0.0973, loss 2.0165
Epoch 26, Batch 56/300, Lx 1.8456, Lu 0.2482, Penalty 0.0435, loss 2.1372
Epoch 26, Batch 57/300, Lx 2.0464, Lu 0.3306, Penalty 0.0445, loss 2.4215
Epoch 26, Batch 58/300, Lx 1.7958, Lu 0.1716, Penalty 0.0431, loss 2.0105
Epoch 26, Batch 59/300, Lx 2.0013, Lu 0.3268, Penalty 0.0525, loss 2.3806
Epoch 26, Batch 60/300, Lx 2.1600, Lu 0.3128, Penalty 0.0408, loss 2.5136
Epoch 26, Batch 61/300, Lx 2.0402, Lu 0.2592, Penalty 0.0483, loss 2.3477
Epoch 26, Batch 62/300, Lx 1.9852, Lu 0.3281, Penalty 0.0515, loss 2.3647
Epoch 26, Batch 63/300, Lx 1.7185, Lu 0.2177, Penalty 0.0598, loss 1.9960
Epoch 26, Batch 64/300, Lx 2.1275, Lu 0.3475, Penalty 0.0291, loss 2.5041
Epoch 26, Batch 65/300, Lx 1.8017, Lu 0.2577, Penalty 0.0610, loss 2.1203
Epoch 26, Batch 66/300, Lx 1.8880, Lu 0.2304, Penalty 0.0377, loss 2.1561
Epoch 26, Batch 67/300, Lx 1.8238, Lu 0.2208, Penalty 0.0573, loss 2.1019
Epoch 26, Batch 68/300, Lx 1.9520, Lu 0.2230, Penalty 0.0572, loss 2.2322
Epoch 26, Batch 69/300, Lx 2.0193, Lu 0.3330, Penalty 0.0572, loss 2.4095
Epoch 26, Batch 70/300, Lx 1.9746, Lu 0.2366, Penalty 0.0567, loss 2.2679
Epoch 26, Batch 71/300, Lx 1.7321, Lu 0.1861, Penalty 0.0435, loss 1.9617
Epoch 26, Batch 72/300, Lx 1.7943, Lu 0.2061, Penalty 0.0526, loss 2.0531
Epoch 26, Batch 73/300, Lx 2.0786, Lu 0.2351, Penalty 0.0365, loss 2.3501
Epoch 26, Batch 74/300, Lx 2.0276, Lu 0.2453, Penalty 0.0428, loss 2.3158
Epoch 26, Batch 75/300, Lx 1.8595, Lu 0.2119, Penalty 0.0492, loss 2.1206
Epoch 26, Batch 76/300, Lx 1.9524, Lu 0.2408, Penalty 0.0435, loss 2.2368
Epoch 26, Batch 77/300, Lx 1.9835, Lu 0.3211, Penalty 0.0425, loss 2.3471
Epoch 26, Batch 78/300, Lx 1.7605, Lu 0.2168, Penalty 0.0503, loss 2.0275
Epoch 26, Batch 79/300, Lx 1.6611, Lu 0.1726, Penalty 0.0804, loss 1.9141
Epoch 26, Batch 80/300, Lx 1.7830, Lu 0.2237, Penalty 0.0621, loss 2.0687
Epoch 26, Batch 81/300, Lx 1.9780, Lu 0.2880, Penalty 0.0656, loss 2.3316
Epoch 26, Batch 82/300, Lx 1.9766, Lu 0.3139, Penalty 0.0599, loss 2.3504
Epoch 26, Batch 83/300, Lx 1.8806, Lu 0.2328, Penalty 0.0378, loss 2.1512
Epoch 26, Batch 84/300, Lx 1.9116, Lu 0.3096, Penalty 0.0395, loss 2.2607
Epoch 26, Batch 85/300, Lx 1.9809, Lu 0.2934, Penalty 0.0389, loss 2.3131
Epoch 26, Batch 86/300, Lx 2.0368, Lu 0.3260, Penalty 0.0557, loss 2.4184
Epoch 26, Batch 87/300, Lx 1.9947, Lu 0.2143, Penalty 0.0565, loss 2.2655
Epoch 26, Batch 88/300, Lx 1.8965, Lu 0.2371, Penalty 0.0275, loss 2.1611
Epoch 26, Batch 89/300, Lx 1.9019, Lu 0.2403, Penalty 0.0855, loss 2.2277
Epoch 26, Batch 90/300, Lx 2.0580, Lu 0.2568, Penalty 0.0510, loss 2.3658
Epoch 26, Batch 91/300, Lx 2.0063, Lu 0.2949, Penalty 0.0524, loss 2.3536
Epoch 26, Batch 92/300, Lx 1.8995, Lu 0.2228, Penalty 0.0526, loss 2.1749
Epoch 26, Batch 93/300, Lx 1.9639, Lu 0.2258, Penalty 0.0664, loss 2.2561
Epoch 26, Batch 94/300, Lx 1.9584, Lu 0.2705, Penalty 0.0426, loss 2.2715
Epoch 26, Batch 95/300, Lx 1.9012, Lu 0.2400, Penalty 0.0458, loss 2.1870
Epoch 26, Batch 96/300, Lx 1.8365, Lu 0.3001, Penalty 0.0702, loss 2.2068
Epoch 26, Batch 97/300, Lx 1.8094, Lu 0.2407, Penalty 0.0638, loss 2.1139
Epoch 26, Batch 98/300, Lx 2.0202, Lu 0.2480, Penalty 0.0575, loss 2.3258
Epoch 26, Batch 99/300, Lx 1.9223, Lu 0.2957, Penalty 0.0749, loss 2.2928
Epoch 26, Batch 100/300, Lx 1.6952, Lu 0.2185, Penalty 0.0528, loss 1.9665
Epoch 26, Batch 101/300, Lx 2.0042, Lu 0.2510, Penalty 0.0550, loss 2.3101
Epoch 26, Batch 102/300, Lx 2.0537, Lu 0.3588, Penalty 0.0515, loss 2.4639
Epoch 26, Batch 103/300, Lx 2.0445, Lu 0.2335, Penalty 0.0502, loss 2.3282
Epoch 26, Batch 104/300, Lx 1.7977, Lu 0.2270, Penalty 0.0525, loss 2.0773
Epoch 26, Batch 105/300, Lx 2.1233, Lu 0.2785, Penalty 0.0504, loss 2.4523
Epoch 26, Batch 106/300, Lx 2.0248, Lu 0.2739, Penalty 0.0467, loss 2.3454
Epoch 26, Batch 107/300, Lx 2.0423, Lu 0.2965, Penalty 0.0500, loss 2.3888
Epoch 26, Batch 108/300, Lx 1.9609, Lu 0.2666, Penalty 0.0468, loss 2.2743
Epoch 26, Batch 109/300, Lx 1.9830, Lu 0.1919, Penalty 0.0577, loss 2.2326
Epoch 26, Batch 110/300, Lx 2.0107, Lu 0.3104, Penalty 0.0551, loss 2.3762
Epoch 26, Batch 111/300, Lx 2.0621, Lu 0.2986, Penalty 0.0369, loss 2.3976
Epoch 26, Batch 112/300, Lx 2.0213, Lu 0.3333, Penalty 0.0335, loss 2.3880
Epoch 26, Batch 113/300, Lx 1.7911, Lu 0.2756, Penalty 0.0505, loss 2.1172
Epoch 26, Batch 114/300, Lx 1.8994, Lu 0.2627, Penalty 0.0484, loss 2.2105
Epoch 26, Batch 115/300, Lx 1.6822, Lu 0.2252, Penalty 0.0693, loss 1.9766
Epoch 26, Batch 116/300, Lx 2.0659, Lu 0.2945, Penalty 0.0481, loss 2.4085
Epoch 26, Batch 117/300, Lx 1.8584, Lu 0.2406, Penalty 0.0391, loss 2.1380
Epoch 26, Batch 118/300, Lx 1.7729, Lu 0.2366, Penalty 0.0471, loss 2.0566
Epoch 26, Batch 119/300, Lx 1.8816, Lu 0.3073, Penalty 0.0576, loss 2.2465
Epoch 26, Batch 120/300, Lx 1.9469, Lu 0.1982, Penalty 0.0588, loss 2.2039
Epoch 26, Batch 121/300, Lx 2.0185, Lu 0.2383, Penalty 0.0364, loss 2.2932
Epoch 26, Batch 122/300, Lx 1.8627, Lu 0.2513, Penalty 0.0463, loss 2.1604
Epoch 26, Batch 123/300, Lx 1.8399, Lu 0.2446, Penalty 0.0512, loss 2.1357
Epoch 26, Batch 124/300, Lx 1.7759, Lu 0.2791, Penalty 0.0504, loss 2.1054
Epoch 26, Batch 125/300, Lx 1.8290, Lu 0.1737, Penalty 0.0544, loss 2.0572
Epoch 26, Batch 126/300, Lx 2.1149, Lu 0.2997, Penalty 0.0410, loss 2.4555
Epoch 26, Batch 127/300, Lx 1.9773, Lu 0.3149, Penalty 0.0568, loss 2.3490
Epoch 26, Batch 128/300, Lx 1.8490, Lu 0.2939, Penalty 0.0517, loss 2.1946
Epoch 26, Batch 129/300, Lx 1.8499, Lu 0.3010, Penalty 0.0757, loss 2.2265
Epoch 26, Batch 130/300, Lx 1.8676, Lu 0.2280, Penalty 0.0491, loss 2.1447
Epoch 26, Batch 131/300, Lx 1.8828, Lu 0.2306, Penalty 0.0308, loss 2.1442
Epoch 26, Batch 132/300, Lx 2.0057, Lu 0.3385, Penalty 0.0603, loss 2.4044
Epoch 26, Batch 133/300, Lx 1.7400, Lu 0.2957, Penalty 0.0721, loss 2.1078
Epoch 26, Batch 134/300, Lx 1.6121, Lu 0.1976, Penalty 0.0694, loss 1.8791
Epoch 26, Batch 135/300, Lx 1.9205, Lu 0.3097, Penalty 0.0696, loss 2.2997
Epoch 26, Batch 136/300, Lx 1.6276, Lu 0.1860, Penalty 0.0492, loss 1.8628
Epoch 26, Batch 137/300, Lx 1.6034, Lu 0.1806, Penalty 0.0563, loss 1.8404
Epoch 26, Batch 138/300, Lx 1.9463, Lu 0.2944, Penalty 0.0568, loss 2.2975
Epoch 26, Batch 139/300, Lx 1.9951, Lu 0.2795, Penalty 0.0492, loss 2.3237
Epoch 26, Batch 140/300, Lx 2.0643, Lu 0.3323, Penalty 0.0659, loss 2.4624
Epoch 26, Batch 141/300, Lx 1.8016, Lu 0.2453, Penalty 0.0608, loss 2.1078
Epoch 26, Batch 142/300, Lx 1.9557, Lu 0.2470, Penalty 0.0605, loss 2.2631
Epoch 26, Batch 143/300, Lx 1.9530, Lu 0.2768, Penalty 0.0630, loss 2.2929
Epoch 26, Batch 144/300, Lx 1.7990, Lu 0.2261, Penalty 0.0846, loss 2.1097
Epoch 26, Batch 145/300, Lx 1.9222, Lu 0.2072, Penalty 0.0508, loss 2.1802
Epoch 26, Batch 146/300, Lx 1.9270, Lu 0.2647, Penalty 0.0671, loss 2.2589
Epoch 26, Batch 147/300, Lx 1.8019, Lu 0.2348, Penalty 0.0558, loss 2.0924
Epoch 26, Batch 148/300, Lx 1.9670, Lu 0.2906, Penalty 0.0514, loss 2.3091
Epoch 26, Batch 149/300, Lx 1.7691, Lu 0.2012, Penalty 0.0700, loss 2.0403
Epoch 26, Batch 150/300, Lx 1.8168, Lu 0.2247, Penalty 0.0761, loss 2.1175
Epoch 26, Batch 151/300, Lx 1.9479, Lu 0.1948, Penalty 0.0834, loss 2.2261
Epoch 26, Batch 152/300, Lx 1.6966, Lu 0.2459, Penalty 0.0552, loss 1.9977
Epoch 26, Batch 153/300, Lx 1.8738, Lu 0.2015, Penalty 0.0577, loss 2.1330
Epoch 26, Batch 154/300, Lx 1.9544, Lu 0.2618, Penalty 0.0577, loss 2.2740
Epoch 26, Batch 155/300, Lx 1.8724, Lu 0.2312, Penalty 0.0393, loss 2.1428
Epoch 26, Batch 156/300, Lx 2.0334, Lu 0.3609, Penalty 0.0410, loss 2.4353
Epoch 26, Batch 157/300, Lx 1.9651, Lu 0.2029, Penalty 0.0411, loss 2.2091
Epoch 26, Batch 158/300, Lx 1.6350, Lu 0.2037, Penalty 0.0459, loss 1.8847
Epoch 26, Batch 159/300, Lx 1.8350, Lu 0.2802, Penalty 0.0549, loss 2.1700
Epoch 26, Batch 160/300, Lx 1.6582, Lu 0.1912, Penalty 0.0580, loss 1.9074
Epoch 26, Batch 161/300, Lx 1.6522, Lu 0.2360, Penalty 0.0579, loss 1.9461
Epoch 26, Batch 162/300, Lx 1.8469, Lu 0.2366, Penalty 0.0667, loss 2.1503
Epoch 26, Batch 163/300, Lx 2.0615, Lu 0.2788, Penalty 0.0554, loss 2.3957
Epoch 26, Batch 164/300, Lx 1.7283, Lu 0.1887, Penalty 0.0635, loss 1.9804
Epoch 26, Batch 165/300, Lx 1.9904, Lu 0.2480, Penalty 0.0486, loss 2.2870
Epoch 26, Batch 166/300, Lx 2.1726, Lu 0.2708, Penalty 0.0776, loss 2.5210
Epoch 26, Batch 167/300, Lx 1.9117, Lu 0.2702, Penalty 0.0574, loss 2.2393
Epoch 26, Batch 168/300, Lx 1.8752, Lu 0.2200, Penalty 0.0586, loss 2.1538
Epoch 26, Batch 169/300, Lx 1.7406, Lu 0.2656, Penalty 0.0387, loss 2.0449
Epoch 26, Batch 170/300, Lx 1.8869, Lu 0.2323, Penalty 0.0479, loss 2.1671
Epoch 26, Batch 171/300, Lx 1.8476, Lu 0.2284, Penalty 0.0358, loss 2.1118
Epoch 26, Batch 172/300, Lx 1.9056, Lu 0.2427, Penalty 0.0955, loss 2.2438
Epoch 26, Batch 173/300, Lx 1.5429, Lu 0.2154, Penalty 0.0950, loss 1.8533
Epoch 26, Batch 174/300, Lx 2.0506, Lu 0.3139, Penalty 0.0665, loss 2.4310
Epoch 26, Batch 175/300, Lx 1.9904, Lu 0.2850, Penalty 0.0680, loss 2.3435
Epoch 26, Batch 176/300, Lx 1.9276, Lu 0.1959, Penalty 0.0581, loss 2.1816
Epoch 26, Batch 177/300, Lx 2.1039, Lu 0.2808, Penalty 0.1077, loss 2.4924
Epoch 26, Batch 178/300, Lx 2.0150, Lu 0.2358, Penalty 0.0552, loss 2.3060
Epoch 26, Batch 179/300, Lx 2.0680, Lu 0.3338, Penalty 0.0666, loss 2.4684
Epoch 26, Batch 180/300, Lx 1.8290, Lu 0.3013, Penalty 0.0819, loss 2.2123
Epoch 26, Batch 181/300, Lx 1.7061, Lu 0.2284, Penalty 0.0677, loss 2.0022
Epoch 26, Batch 182/300, Lx 1.7112, Lu 0.2452, Penalty 0.0594, loss 2.0158
Epoch 26, Batch 183/300, Lx 1.7322, Lu 0.2071, Penalty 0.0559, loss 1.9952
Epoch 26, Batch 184/300, Lx 1.8590, Lu 0.1884, Penalty 0.0738, loss 2.1212
Epoch 26, Batch 185/300, Lx 1.6715, Lu 0.2004, Penalty 0.1339, loss 2.0058
Epoch 26, Batch 186/300, Lx 1.6483, Lu 0.1706, Penalty 0.0668, loss 1.8858
Epoch 26, Batch 187/300, Lx 2.0066, Lu 0.2912, Penalty 0.0610, loss 2.3588
Epoch 26, Batch 188/300, Lx 2.0215, Lu 0.3430, Penalty 0.0533, loss 2.4179
Epoch 26, Batch 189/300, Lx 2.0727, Lu 0.2482, Penalty 0.0439, loss 2.3649
Epoch 26, Batch 190/300, Lx 1.9569, Lu 0.2481, Penalty 0.0624, loss 2.2674
Epoch 26, Batch 191/300, Lx 1.7517, Lu 0.2461, Penalty 0.0673, loss 2.0652
Epoch 26, Batch 192/300, Lx 1.7634, Lu 0.2002, Penalty 0.0529, loss 2.0164
Epoch 26, Batch 193/300, Lx 1.9657, Lu 0.2595, Penalty 0.0557, loss 2.2808
Epoch 26, Batch 194/300, Lx 1.9023, Lu 0.2740, Penalty 0.0851, loss 2.2614
Epoch 26, Batch 195/300, Lx 1.8214, Lu 0.2418, Penalty 0.0468, loss 2.1100
Epoch 26, Batch 196/300, Lx 2.0366, Lu 0.2774, Penalty 0.0552, loss 2.3691
Epoch 26, Batch 197/300, Lx 2.1001, Lu 0.2522, Penalty 0.0708, loss 2.4231
Epoch 26, Batch 198/300, Lx 2.0784, Lu 0.3480, Penalty 0.0799, loss 2.5063
Epoch 26, Batch 199/300, Lx 2.0543, Lu 0.2549, Penalty 0.0741, loss 2.3833
Epoch 26, Batch 200/300, Lx 1.7668, Lu 0.1770, Penalty 0.0456, loss 1.9894
Epoch 26, Batch 201/300, Lx 1.7946, Lu 0.2402, Penalty 0.0595, loss 2.0943
Epoch 26, Batch 202/300, Lx 1.9220, Lu 0.2364, Penalty 0.0474, loss 2.2058
Epoch 26, Batch 203/300, Lx 1.7049, Lu 0.2019, Penalty 0.0908, loss 1.9976
Epoch 26, Batch 204/300, Lx 2.1158, Lu 0.2857, Penalty 0.0517, loss 2.4532
Epoch 26, Batch 205/300, Lx 1.9983, Lu 0.2523, Penalty 0.0679, loss 2.3184
Epoch 26, Batch 206/300, Lx 1.9247, Lu 0.2978, Penalty 0.0546, loss 2.2772
Epoch 26, Batch 207/300, Lx 2.1339, Lu 0.3253, Penalty 0.0316, loss 2.4908
Epoch 26, Batch 208/300, Lx 1.7354, Lu 0.1957, Penalty 0.0692, loss 2.0003
Epoch 26, Batch 209/300, Lx 1.9521, Lu 0.2303, Penalty 0.0406, loss 2.2230
Epoch 26, Batch 210/300, Lx 1.7242, Lu 0.2016, Penalty 0.0546, loss 1.9803
Epoch 26, Batch 211/300, Lx 1.9283, Lu 0.1972, Penalty 0.0463, loss 2.1717
Epoch 26, Batch 212/300, Lx 2.0130, Lu 0.2923, Penalty 0.0421, loss 2.3473
Epoch 26, Batch 213/300, Lx 1.9979, Lu 0.2835, Penalty 0.0376, loss 2.3190
Epoch 26, Batch 214/300, Lx 2.0770, Lu 0.2784, Penalty 0.0293, loss 2.3847
Epoch 26, Batch 215/300, Lx 1.9055, Lu 0.2531, Penalty 0.0442, loss 2.2027
Epoch 26, Batch 216/300, Lx 1.8369, Lu 0.2186, Penalty 0.0719, loss 2.1273
Epoch 26, Batch 217/300, Lx 1.9730, Lu 0.2765, Penalty 0.0362, loss 2.2856
Epoch 26, Batch 218/300, Lx 2.0159, Lu 0.3006, Penalty 0.0500, loss 2.3665
Epoch 26, Batch 219/300, Lx 1.8854, Lu 0.2503, Penalty 0.0453, loss 2.1810
Epoch 26, Batch 220/300, Lx 1.7803, Lu 0.3030, Penalty 0.0602, loss 2.1435
Epoch 26, Batch 221/300, Lx 1.9023, Lu 0.2513, Penalty 0.0458, loss 2.1995
Epoch 26, Batch 222/300, Lx 2.0411, Lu 0.1989, Penalty 0.0399, loss 2.2799
Epoch 26, Batch 223/300, Lx 1.9998, Lu 0.2109, Penalty 0.0432, loss 2.2539
Epoch 26, Batch 224/300, Lx 1.7183, Lu 0.2169, Penalty 0.0700, loss 2.0052
Epoch 26, Batch 225/300, Lx 1.7699, Lu 0.2327, Penalty 0.0562, loss 2.0588
Epoch 26, Batch 226/300, Lx 1.7361, Lu 0.2524, Penalty 0.0588, loss 2.0473
Epoch 26, Batch 227/300, Lx 1.9652, Lu 0.3476, Penalty 0.0476, loss 2.3604
Epoch 26, Batch 228/300, Lx 2.0462, Lu 0.3065, Penalty 0.0380, loss 2.3907
Epoch 26, Batch 229/300, Lx 2.0348, Lu 0.3166, Penalty 0.0532, loss 2.4046
Epoch 26, Batch 230/300, Lx 2.0097, Lu 0.2062, Penalty 0.0525, loss 2.2684
Epoch 26, Batch 231/300, Lx 1.9632, Lu 0.2288, Penalty 0.0610, loss 2.2531
Epoch 26, Batch 232/300, Lx 2.0172, Lu 0.2236, Penalty 0.0583, loss 2.2991
Epoch 26, Batch 233/300, Lx 2.0233, Lu 0.2777, Penalty 0.0597, loss 2.3607
Epoch 26, Batch 234/300, Lx 1.8872, Lu 0.2561, Penalty 0.0401, loss 2.1833
Epoch 26, Batch 235/300, Lx 1.8550, Lu 0.2590, Penalty 0.0494, loss 2.1635
Epoch 26, Batch 236/300, Lx 1.8938, Lu 0.2801, Penalty 0.0624, loss 2.2363
Epoch 26, Batch 237/300, Lx 1.9824, Lu 0.2148, Penalty 0.0398, loss 2.2370
Epoch 26, Batch 238/300, Lx 1.8151, Lu 0.2854, Penalty 0.0473, loss 2.1479
Epoch 26, Batch 239/300, Lx 1.8478, Lu 0.3121, Penalty 0.0429, loss 2.2028
Epoch 26, Batch 240/300, Lx 1.9138, Lu 0.2940, Penalty 0.0550, loss 2.2628
Epoch 26, Batch 241/300, Lx 1.9297, Lu 0.2259, Penalty 0.0701, loss 2.2257
Epoch 26, Batch 242/300, Lx 1.5842, Lu 0.2724, Penalty 0.0709, loss 1.9276
Epoch 26, Batch 243/300, Lx 1.9608, Lu 0.3131, Penalty 0.0592, loss 2.3331
Epoch 26, Batch 244/300, Lx 1.9086, Lu 0.2344, Penalty 0.0660, loss 2.2090
Epoch 26, Batch 245/300, Lx 2.0260, Lu 0.2852, Penalty 0.0538, loss 2.3650
Epoch 26, Batch 246/300, Lx 1.8931, Lu 0.1994, Penalty 0.0627, loss 2.1553
Epoch 26, Batch 247/300, Lx 1.9869, Lu 0.2365, Penalty 0.0618, loss 2.2852
Epoch 26, Batch 248/300, Lx 2.0162, Lu 0.2403, Penalty 0.0706, loss 2.3270
Epoch 26, Batch 249/300, Lx 1.8241, Lu 0.2120, Penalty 0.0694, loss 2.1055
Epoch 26, Batch 250/300, Lx 1.9244, Lu 0.2469, Penalty 0.0612, loss 2.2325
Epoch 26, Batch 251/300, Lx 2.0384, Lu 0.2877, Penalty 0.0589, loss 2.3851
Epoch 26, Batch 252/300, Lx 2.0068, Lu 0.2497, Penalty 0.0648, loss 2.3213
Epoch 26, Batch 253/300, Lx 1.8236, Lu 0.2251, Penalty 0.0456, loss 2.0943
Epoch 26, Batch 254/300, Lx 2.0013, Lu 0.2914, Penalty 0.0665, loss 2.3591
Epoch 26, Batch 255/300, Lx 1.7693, Lu 0.2139, Penalty 0.0534, loss 2.0366
Epoch 26, Batch 256/300, Lx 1.8933, Lu 0.2472, Penalty 0.0596, loss 2.2001
Epoch 26, Batch 257/300, Lx 1.9951, Lu 0.3190, Penalty 0.0489, loss 2.3630
Epoch 26, Batch 258/300, Lx 2.0501, Lu 0.3264, Penalty 0.0644, loss 2.4409
Epoch 26, Batch 259/300, Lx 1.4878, Lu 0.1927, Penalty 0.0759, loss 1.7564
Epoch 26, Batch 260/300, Lx 2.0059, Lu 0.3105, Penalty 0.0576, loss 2.3740
Epoch 26, Batch 261/300, Lx 1.9578, Lu 0.2568, Penalty 0.0366, loss 2.2512
Epoch 26, Batch 262/300, Lx 1.6545, Lu 0.1972, Penalty 0.0499, loss 1.9015
Epoch 26, Batch 263/300, Lx 1.8164, Lu 0.1670, Penalty 0.0589, loss 2.0423
Epoch 26, Batch 264/300, Lx 1.9039, Lu 0.2744, Penalty 0.0465, loss 2.2247
Epoch 26, Batch 265/300, Lx 2.0519, Lu 0.2569, Penalty 0.0429, loss 2.3517
Epoch 26, Batch 266/300, Lx 1.9751, Lu 0.2611, Penalty 0.0740, loss 2.3102
Epoch 26, Batch 267/300, Lx 1.8042, Lu 0.2392, Penalty 0.0419, loss 2.0853
Epoch 26, Batch 268/300, Lx 2.0561, Lu 0.3088, Penalty 0.0529, loss 2.4178
Epoch 26, Batch 269/300, Lx 2.0336, Lu 0.2713, Penalty 0.0570, loss 2.3620
Epoch 26, Batch 270/300, Lx 1.8479, Lu 0.2166, Penalty 0.0607, loss 2.1252
Epoch 26, Batch 271/300, Lx 2.0187, Lu 0.3385, Penalty 0.0603, loss 2.4174
Epoch 26, Batch 272/300, Lx 1.9459, Lu 0.2390, Penalty 0.0508, loss 2.2357
Epoch 26, Batch 273/300, Lx 1.9626, Lu 0.3233, Penalty 0.0491, loss 2.3350
Epoch 26, Batch 274/300, Lx 1.7520, Lu 0.2280, Penalty 0.0509, loss 2.0309
Epoch 26, Batch 275/300, Lx 1.9725, Lu 0.2554, Penalty 0.0503, loss 2.2782
Epoch 26, Batch 276/300, Lx 1.8159, Lu 0.2428, Penalty 0.0709, loss 2.1296
Epoch 26, Batch 277/300, Lx 2.0513, Lu 0.2091, Penalty 0.0425, loss 2.3029
Epoch 26, Batch 278/300, Lx 1.9607, Lu 0.2169, Penalty 0.0491, loss 2.2267
Epoch 26, Batch 279/300, Lx 1.9981, Lu 0.2274, Penalty 0.0485, loss 2.2740
Epoch 26, Batch 280/300, Lx 1.7983, Lu 0.2013, Penalty 0.0785, loss 2.0781
Epoch 26, Batch 281/300, Lx 2.0755, Lu 0.2427, Penalty 0.0569, loss 2.3751
Epoch 26, Batch 282/300, Lx 2.0876, Lu 0.2812, Penalty 0.0560, loss 2.4248
Epoch 26, Batch 283/300, Lx 2.0167, Lu 0.3305, Penalty 0.0473, loss 2.3945
Epoch 26, Batch 284/300, Lx 1.9861, Lu 0.2925, Penalty 0.0627, loss 2.3414
Epoch 26, Batch 285/300, Lx 1.8914, Lu 0.2258, Penalty 0.0701, loss 2.1873
Epoch 26, Batch 286/300, Lx 1.7331, Lu 0.2087, Penalty 0.0525, loss 1.9943
Epoch 26, Batch 287/300, Lx 1.8524, Lu 0.2155, Penalty 0.0701, loss 2.1380
Epoch 26, Batch 288/300, Lx 1.9618, Lu 0.2965, Penalty 0.0674, loss 2.3258
Epoch 26, Batch 289/300, Lx 1.7994, Lu 0.2639, Penalty 0.0459, loss 2.1092
Epoch 26, Batch 290/300, Lx 1.7606, Lu 0.2642, Penalty 0.0399, loss 2.0647
Epoch 26, Batch 291/300, Lx 1.8409, Lu 0.2086, Penalty 0.0479, loss 2.0974
Epoch 26, Batch 292/300, Lx 1.8649, Lu 0.2507, Penalty 0.0602, loss 2.1758
Epoch 26, Batch 293/300, Lx 1.9742, Lu 0.4302, Penalty 0.0706, loss 2.4750
Epoch 26, Batch 294/300, Lx 1.7911, Lu 0.2406, Penalty 0.0524, loss 2.0841
Epoch 26, Batch 295/300, Lx 1.8264, Lu 0.2704, Penalty 0.0541, loss 2.1509
Epoch 26, Batch 296/300, Lx 2.0953, Lu 0.3287, Penalty 0.0598, loss 2.4837
Epoch 26, Batch 297/300, Lx 1.9745, Lu 0.2931, Penalty 0.0570, loss 2.3246
Epoch 26, Batch 298/300, Lx 2.0959, Lu 0.3448, Penalty 0.0547, loss 2.4954
Epoch 26, Batch 299/300, Lx 2.0364, Lu 0.2725, Penalty 0.0436, loss 2.3526
Epoch 26, Batch 300/300, Lx 2.0214, Lu 0.2407, Penalty 0.0427, loss 2.3048
Loss: 2.2250, Lx: 1.9132, Lu: 0.2563, Penalty: 0.0555
Evaluating training data at epoch 26 for Model 1
GMM Means: [0.34572147 0.59647472]
GMM Covariances: [0.0138802  0.01735275]
Evaluating training data at epoch 26 for Model 2
GMM Means: [0.33332357 0.57464201]
GMM Covariances: [0.0147739  0.01673047]
Evaluating models at epoch 26
Test data size: 60000
Epoch: 26, Test Loss: 1.5510, Test Accuracy: 0.4815, Test F1 Score: 0.4766
Training for Network 1
labelled data size: 11707
unlabelled data size: 30293
Epoch 27, Batch 1/366, Lx 1.9582, Lu 0.3128, Penalty 0.0562, loss 2.3272
Epoch 27, Batch 2/366, Lx 1.8520, Lu 0.2264, Penalty 0.0864, loss 2.1648
Epoch 27, Batch 3/366, Lx 2.0225, Lu 0.2961, Penalty 0.0710, loss 2.3897
Epoch 27, Batch 4/366, Lx 1.8913, Lu 0.2829, Penalty 0.0998, loss 2.2740
Epoch 27, Batch 5/366, Lx 1.8052, Lu 0.2905, Penalty 0.0727, loss 2.1685
Epoch 27, Batch 6/366, Lx 1.9088, Lu 0.3054, Penalty 0.0776, loss 2.2918
Epoch 27, Batch 7/366, Lx 1.9189, Lu 0.3343, Penalty 0.0824, loss 2.3356
Epoch 27, Batch 8/366, Lx 1.9116, Lu 0.2746, Penalty 0.0751, loss 2.2613
Epoch 27, Batch 9/366, Lx 1.8494, Lu 0.3110, Penalty 0.0763, loss 2.2367
Epoch 27, Batch 10/366, Lx 1.8337, Lu 0.2537, Penalty 0.0670, loss 2.1544
Epoch 27, Batch 11/366, Lx 1.7815, Lu 0.1804, Penalty 0.0722, loss 2.0341
Epoch 27, Batch 12/366, Lx 1.8476, Lu 0.2580, Penalty 0.0827, loss 2.1883
Epoch 27, Batch 13/366, Lx 1.6883, Lu 0.1860, Penalty 0.0461, loss 1.9204
Epoch 27, Batch 14/366, Lx 2.0743, Lu 0.3287, Penalty 0.0572, loss 2.4602
Epoch 27, Batch 15/366, Lx 1.9045, Lu 0.2739, Penalty 0.0481, loss 2.2265
Epoch 27, Batch 16/366, Lx 1.6706, Lu 0.1993, Penalty 0.0907, loss 1.9606
Epoch 27, Batch 17/366, Lx 1.8378, Lu 0.2802, Penalty 0.0636, loss 2.1815
Epoch 27, Batch 18/366, Lx 1.8049, Lu 0.2175, Penalty 0.0913, loss 2.1137
Epoch 27, Batch 19/366, Lx 1.8131, Lu 0.1877, Penalty 0.0790, loss 2.0798
Epoch 27, Batch 20/366, Lx 1.9611, Lu 0.2837, Penalty 0.0828, loss 2.3276
Epoch 27, Batch 21/366, Lx 1.9314, Lu 0.2946, Penalty 0.0657, loss 2.2917
Epoch 27, Batch 22/366, Lx 1.7220, Lu 0.2088, Penalty 0.0500, loss 1.9808
Epoch 27, Batch 23/366, Lx 1.8575, Lu 0.2098, Penalty 0.0786, loss 2.1459
Epoch 27, Batch 24/366, Lx 2.0024, Lu 0.2812, Penalty 0.0737, loss 2.3573
Epoch 27, Batch 25/366, Lx 1.8903, Lu 0.2869, Penalty 0.0592, loss 2.2364
Epoch 27, Batch 26/366, Lx 1.6847, Lu 0.2208, Penalty 0.0916, loss 1.9971
Epoch 27, Batch 27/366, Lx 1.9136, Lu 0.2883, Penalty 0.0757, loss 2.2776
Epoch 27, Batch 28/366, Lx 1.5996, Lu 0.1941, Penalty 0.0780, loss 1.8717
Epoch 27, Batch 29/366, Lx 1.9112, Lu 0.3292, Penalty 0.0565, loss 2.2969
Epoch 27, Batch 30/366, Lx 1.8959, Lu 0.2283, Penalty 0.0709, loss 2.1951
Epoch 27, Batch 31/366, Lx 1.9722, Lu 0.2806, Penalty 0.0870, loss 2.3398
Epoch 27, Batch 32/366, Lx 1.9895, Lu 0.3505, Penalty 0.0810, loss 2.4211
Epoch 27, Batch 33/366, Lx 1.7872, Lu 0.2956, Penalty 0.0566, loss 2.1393
Epoch 27, Batch 34/366, Lx 1.8963, Lu 0.2662, Penalty 0.0604, loss 2.2229
Epoch 27, Batch 35/366, Lx 1.8444, Lu 0.2543, Penalty 0.0791, loss 2.1777
Epoch 27, Batch 36/366, Lx 1.9892, Lu 0.2736, Penalty 0.0886, loss 2.3514
Epoch 27, Batch 37/366, Lx 1.8725, Lu 0.2980, Penalty 0.0838, loss 2.2542
Epoch 27, Batch 38/366, Lx 1.8298, Lu 0.2991, Penalty 0.0848, loss 2.2137
Epoch 27, Batch 39/366, Lx 1.7803, Lu 0.2585, Penalty 0.1086, loss 2.1474
Epoch 27, Batch 40/366, Lx 1.9732, Lu 0.3017, Penalty 0.0837, loss 2.3586
Epoch 27, Batch 41/366, Lx 1.9840, Lu 0.2736, Penalty 0.0623, loss 2.3199
Epoch 27, Batch 42/366, Lx 1.9185, Lu 0.3828, Penalty 0.0722, loss 2.3734
Epoch 27, Batch 43/366, Lx 2.1082, Lu 0.3507, Penalty 0.0509, loss 2.5098
Epoch 27, Batch 44/366, Lx 1.9953, Lu 0.2625, Penalty 0.0977, loss 2.3555
Epoch 27, Batch 45/366, Lx 1.9225, Lu 0.2653, Penalty 0.0545, loss 2.2423
Epoch 27, Batch 46/366, Lx 1.8561, Lu 0.2372, Penalty 0.0535, loss 2.1468
Epoch 27, Batch 47/366, Lx 1.8929, Lu 0.2570, Penalty 0.0721, loss 2.2220
Epoch 27, Batch 48/366, Lx 1.8556, Lu 0.2796, Penalty 0.0826, loss 2.2177
Epoch 27, Batch 49/366, Lx 1.8410, Lu 0.3027, Penalty 0.0685, loss 2.2122
Epoch 27, Batch 50/366, Lx 1.9340, Lu 0.3643, Penalty 0.0771, loss 2.3754
Epoch 27, Batch 51/366, Lx 1.8612, Lu 0.2871, Penalty 0.0961, loss 2.2443
Epoch 27, Batch 52/366, Lx 1.9412, Lu 0.2539, Penalty 0.0951, loss 2.2902
Epoch 27, Batch 53/366, Lx 1.8569, Lu 0.2968, Penalty 0.0933, loss 2.2470
Epoch 27, Batch 54/366, Lx 1.7519, Lu 0.2447, Penalty 0.1336, loss 2.1302
Epoch 27, Batch 55/366, Lx 2.0953, Lu 0.4107, Penalty 0.0912, loss 2.5971
Epoch 27, Batch 56/366, Lx 1.7865, Lu 0.2002, Penalty 0.0940, loss 2.0806
Epoch 27, Batch 57/366, Lx 1.9317, Lu 0.3677, Penalty 0.0824, loss 2.3818
Epoch 27, Batch 58/366, Lx 2.0184, Lu 0.2993, Penalty 0.0760, loss 2.3937
Epoch 27, Batch 59/366, Lx 1.9734, Lu 0.2565, Penalty 0.0817, loss 2.3117
Epoch 27, Batch 60/366, Lx 1.9373, Lu 0.3142, Penalty 0.0793, loss 2.3308
Epoch 27, Batch 61/366, Lx 1.6888, Lu 0.2239, Penalty 0.0735, loss 1.9863
Epoch 27, Batch 62/366, Lx 1.9269, Lu 0.2578, Penalty 0.0773, loss 2.2620
Epoch 27, Batch 63/366, Lx 1.7611, Lu 0.2487, Penalty 0.0856, loss 2.0955
Epoch 27, Batch 64/366, Lx 1.7418, Lu 0.2261, Penalty 0.1216, loss 2.0894
Epoch 27, Batch 65/366, Lx 2.0322, Lu 0.2770, Penalty 0.0637, loss 2.3729
Epoch 27, Batch 66/366, Lx 1.6523, Lu 0.1683, Penalty 0.0814, loss 1.9020
Epoch 27, Batch 67/366, Lx 1.6688, Lu 0.2015, Penalty 0.1146, loss 1.9848
Epoch 27, Batch 68/366, Lx 1.9535, Lu 0.3299, Penalty 0.0672, loss 2.3505
Epoch 27, Batch 69/366, Lx 1.8424, Lu 0.3102, Penalty 0.1024, loss 2.2550
Epoch 27, Batch 70/366, Lx 1.8009, Lu 0.2676, Penalty 0.0729, loss 2.1414
Epoch 27, Batch 71/366, Lx 2.0372, Lu 0.3272, Penalty 0.0800, loss 2.4444
Epoch 27, Batch 72/366, Lx 1.8003, Lu 0.2567, Penalty 0.0784, loss 2.1354
Epoch 27, Batch 73/366, Lx 2.0476, Lu 0.3328, Penalty 0.0632, loss 2.4436
Epoch 27, Batch 74/366, Lx 1.9463, Lu 0.3100, Penalty 0.0943, loss 2.3506
Epoch 27, Batch 75/366, Lx 1.9387, Lu 0.3283, Penalty 0.0835, loss 2.3505
Epoch 27, Batch 76/366, Lx 1.8920, Lu 0.2041, Penalty 0.0680, loss 2.1640
Epoch 27, Batch 77/366, Lx 1.9797, Lu 0.2304, Penalty 0.0619, loss 2.2720
Epoch 27, Batch 78/366, Lx 1.9849, Lu 0.3182, Penalty 0.0731, loss 2.3762
Epoch 27, Batch 79/366, Lx 1.9379, Lu 0.3281, Penalty 0.0677, loss 2.3337
Epoch 27, Batch 80/366, Lx 1.9074, Lu 0.2728, Penalty 0.0755, loss 2.2557
Epoch 27, Batch 81/366, Lx 2.0123, Lu 0.3197, Penalty 0.0800, loss 2.4120
Epoch 27, Batch 82/366, Lx 1.9710, Lu 0.2641, Penalty 0.0818, loss 2.3168
Epoch 27, Batch 83/366, Lx 1.9054, Lu 0.2879, Penalty 0.0669, loss 2.2602
Epoch 27, Batch 84/366, Lx 1.9512, Lu 0.2560, Penalty 0.0665, loss 2.2737
Epoch 27, Batch 85/366, Lx 1.9572, Lu 0.3879, Penalty 0.0832, loss 2.4283
Epoch 27, Batch 86/366, Lx 1.9388, Lu 0.3435, Penalty 0.0860, loss 2.3683
Epoch 27, Batch 87/366, Lx 1.9362, Lu 0.3143, Penalty 0.0775, loss 2.3280
Epoch 27, Batch 88/366, Lx 1.8886, Lu 0.3017, Penalty 0.1140, loss 2.3044
Epoch 27, Batch 89/366, Lx 1.9745, Lu 0.3803, Penalty 0.0759, loss 2.4307
Epoch 27, Batch 90/366, Lx 2.0071, Lu 0.3130, Penalty 0.0669, loss 2.3871
Epoch 27, Batch 91/366, Lx 1.7630, Lu 0.2147, Penalty 0.0592, loss 2.0369
Epoch 27, Batch 92/366, Lx 1.9838, Lu 0.2904, Penalty 0.0616, loss 2.3358
Epoch 27, Batch 93/366, Lx 1.8322, Lu 0.2963, Penalty 0.0866, loss 2.2151
Epoch 27, Batch 94/366, Lx 1.8192, Lu 0.2597, Penalty 0.0653, loss 2.1442
Epoch 27, Batch 95/366, Lx 1.8830, Lu 0.3089, Penalty 0.1155, loss 2.3074
Epoch 27, Batch 96/366, Lx 1.7288, Lu 0.2327, Penalty 0.0845, loss 2.0460
Epoch 27, Batch 97/366, Lx 2.0598, Lu 0.2455, Penalty 0.0829, loss 2.3882
Epoch 27, Batch 98/366, Lx 1.9590, Lu 0.2766, Penalty 0.0774, loss 2.3130
Epoch 27, Batch 99/366, Lx 1.9578, Lu 0.2031, Penalty 0.0852, loss 2.2461
Epoch 27, Batch 100/366, Lx 1.7635, Lu 0.1985, Penalty 0.0760, loss 2.0380
Epoch 27, Batch 101/366, Lx 1.5629, Lu 0.2151, Penalty 0.0772, loss 1.8552
Epoch 27, Batch 102/366, Lx 1.9199, Lu 0.3377, Penalty 0.0876, loss 2.3452
Epoch 27, Batch 103/366, Lx 1.9604, Lu 0.2806, Penalty 0.0895, loss 2.3305
Epoch 27, Batch 104/366, Lx 1.9074, Lu 0.2758, Penalty 0.0789, loss 2.2621
Epoch 27, Batch 105/366, Lx 1.8404, Lu 0.3003, Penalty 0.0781, loss 2.2189
Epoch 27, Batch 106/366, Lx 2.0483, Lu 0.2772, Penalty 0.0912, loss 2.4167
Epoch 27, Batch 107/366, Lx 1.8644, Lu 0.3377, Penalty 0.0722, loss 2.2743
Epoch 27, Batch 108/366, Lx 1.9760, Lu 0.2588, Penalty 0.0660, loss 2.3008
Epoch 27, Batch 109/366, Lx 1.7505, Lu 0.2213, Penalty 0.0588, loss 2.0306
Epoch 27, Batch 110/366, Lx 1.8759, Lu 0.3277, Penalty 0.0801, loss 2.2837
Epoch 27, Batch 111/366, Lx 1.9797, Lu 0.2307, Penalty 0.0662, loss 2.2766
Epoch 27, Batch 112/366, Lx 1.9557, Lu 0.2871, Penalty 0.0857, loss 2.3285
Epoch 27, Batch 113/366, Lx 1.7705, Lu 0.2424, Penalty 0.1083, loss 2.1211
Epoch 27, Batch 114/366, Lx 1.9418, Lu 0.2747, Penalty 0.0833, loss 2.2999
Epoch 27, Batch 115/366, Lx 2.0604, Lu 0.3005, Penalty 0.0503, loss 2.4112
Epoch 27, Batch 116/366, Lx 1.9691, Lu 0.2909, Penalty 0.0629, loss 2.3230
Epoch 27, Batch 117/366, Lx 2.0276, Lu 0.3380, Penalty 0.0755, loss 2.4411
Epoch 27, Batch 118/366, Lx 1.8512, Lu 0.3355, Penalty 0.0688, loss 2.2555
Epoch 27, Batch 119/366, Lx 2.0568, Lu 0.2824, Penalty 0.0668, loss 2.4061
Epoch 27, Batch 120/366, Lx 1.9818, Lu 0.3959, Penalty 0.0645, loss 2.4421
Epoch 27, Batch 121/366, Lx 1.9146, Lu 0.3212, Penalty 0.0645, loss 2.3003
Epoch 27, Batch 122/366, Lx 1.8875, Lu 0.2797, Penalty 0.0598, loss 2.2270
Epoch 27, Batch 123/366, Lx 1.9964, Lu 0.3116, Penalty 0.0465, loss 2.3545
Epoch 27, Batch 124/366, Lx 2.0884, Lu 0.3346, Penalty 0.0487, loss 2.4717
Epoch 27, Batch 125/366, Lx 1.8932, Lu 0.2539, Penalty 0.0619, loss 2.2090
Epoch 27, Batch 126/366, Lx 1.9436, Lu 0.3804, Penalty 0.0756, loss 2.3996
Epoch 27, Batch 127/366, Lx 1.8430, Lu 0.2777, Penalty 0.0784, loss 2.1991
Epoch 27, Batch 128/366, Lx 1.9619, Lu 0.2706, Penalty 0.0569, loss 2.2895
Epoch 27, Batch 129/366, Lx 1.8318, Lu 0.2076, Penalty 0.0668, loss 2.1062
Epoch 27, Batch 130/366, Lx 1.8063, Lu 0.2121, Penalty 0.0892, loss 2.1076
Epoch 27, Batch 131/366, Lx 1.7483, Lu 0.2473, Penalty 0.0632, loss 2.0589
Epoch 27, Batch 132/366, Lx 1.6631, Lu 0.2343, Penalty 0.0743, loss 1.9717
Epoch 27, Batch 133/366, Lx 1.9516, Lu 0.3218, Penalty 0.1072, loss 2.3805
Epoch 27, Batch 134/366, Lx 1.8122, Lu 0.2620, Penalty 0.0724, loss 2.1465
Epoch 27, Batch 135/366, Lx 1.9156, Lu 0.3315, Penalty 0.0826, loss 2.3297
Epoch 27, Batch 136/366, Lx 1.9800, Lu 0.2956, Penalty 0.0797, loss 2.3553
Epoch 27, Batch 137/366, Lx 1.9518, Lu 0.3307, Penalty 0.0742, loss 2.3567
Epoch 27, Batch 138/366, Lx 1.8632, Lu 0.2557, Penalty 0.0693, loss 2.1881
Epoch 27, Batch 139/366, Lx 2.0036, Lu 0.3032, Penalty 0.0831, loss 2.3899
Epoch 27, Batch 140/366, Lx 1.8893, Lu 0.2785, Penalty 0.0865, loss 2.2542
Epoch 27, Batch 141/366, Lx 1.7925, Lu 0.2092, Penalty 0.0309, loss 2.0326
Epoch 27, Batch 142/366, Lx 1.9176, Lu 0.3153, Penalty 0.0772, loss 2.3101
Epoch 27, Batch 143/366, Lx 1.8921, Lu 0.2773, Penalty 0.0694, loss 2.2389
Epoch 27, Batch 144/366, Lx 2.0037, Lu 0.2548, Penalty 0.0563, loss 2.3148
Epoch 27, Batch 145/366, Lx 2.0133, Lu 0.2986, Penalty 0.0800, loss 2.3919
Epoch 27, Batch 146/366, Lx 1.9740, Lu 0.3701, Penalty 0.0642, loss 2.4082
Epoch 27, Batch 147/366, Lx 1.8587, Lu 0.2434, Penalty 0.0665, loss 2.1687
Epoch 27, Batch 148/366, Lx 1.9125, Lu 0.2314, Penalty 0.0521, loss 2.1959
Epoch 27, Batch 149/366, Lx 1.7574, Lu 0.2416, Penalty 0.0958, loss 2.0948
Epoch 27, Batch 150/366, Lx 1.9329, Lu 0.3677, Penalty 0.0843, loss 2.3849
Epoch 27, Batch 151/366, Lx 1.8538, Lu 0.2562, Penalty 0.0817, loss 2.1917
Epoch 27, Batch 152/366, Lx 1.9173, Lu 0.2985, Penalty 0.0882, loss 2.3040
Epoch 27, Batch 153/366, Lx 1.7935, Lu 0.2248, Penalty 0.0656, loss 2.0839
Epoch 27, Batch 154/366, Lx 1.9559, Lu 0.3610, Penalty 0.0793, loss 2.3962
Epoch 27, Batch 155/366, Lx 1.8157, Lu 0.2999, Penalty 0.0971, loss 2.2127
Epoch 27, Batch 156/366, Lx 1.8184, Lu 0.2764, Penalty 0.0956, loss 2.1904
Epoch 27, Batch 157/366, Lx 2.0613, Lu 0.2641, Penalty 0.0500, loss 2.3754
Epoch 27, Batch 158/366, Lx 2.0440, Lu 0.3462, Penalty 0.0506, loss 2.4409
Epoch 27, Batch 159/366, Lx 1.6919, Lu 0.2191, Penalty 0.0750, loss 1.9860
Epoch 27, Batch 160/366, Lx 2.0111, Lu 0.3498, Penalty 0.0776, loss 2.4385
Epoch 27, Batch 161/366, Lx 1.8164, Lu 0.3220, Penalty 0.0540, loss 2.1924
Epoch 27, Batch 162/366, Lx 1.9327, Lu 0.2597, Penalty 0.0745, loss 2.2669
Epoch 27, Batch 163/366, Lx 1.8367, Lu 0.2811, Penalty 0.0975, loss 2.2153
Epoch 27, Batch 164/366, Lx 1.9905, Lu 0.3071, Penalty 0.0494, loss 2.3470
Epoch 27, Batch 165/366, Lx 1.8824, Lu 0.2631, Penalty 0.0733, loss 2.2188
Epoch 27, Batch 166/366, Lx 1.8039, Lu 0.2371, Penalty 0.0541, loss 2.0952
Epoch 27, Batch 167/366, Lx 1.8916, Lu 0.2642, Penalty 0.0793, loss 2.2351
Epoch 27, Batch 168/366, Lx 1.9832, Lu 0.2924, Penalty 0.0657, loss 2.3413
Epoch 27, Batch 169/366, Lx 1.7747, Lu 0.2775, Penalty 0.0639, loss 2.1160
Epoch 27, Batch 170/366, Lx 1.7960, Lu 0.2989, Penalty 0.0614, loss 2.1564
Epoch 27, Batch 171/366, Lx 1.9778, Lu 0.3383, Penalty 0.0744, loss 2.3905
Epoch 27, Batch 172/366, Lx 1.9054, Lu 0.2510, Penalty 0.0758, loss 2.2321
Epoch 27, Batch 173/366, Lx 1.6488, Lu 0.2511, Penalty 0.0854, loss 1.9854
Epoch 27, Batch 174/366, Lx 2.0107, Lu 0.2788, Penalty 0.0568, loss 2.3463
Epoch 27, Batch 175/366, Lx 1.9238, Lu 0.3577, Penalty 0.0790, loss 2.3605
Epoch 27, Batch 176/366, Lx 1.5985, Lu 0.2204, Penalty 0.0685, loss 1.8874
Epoch 27, Batch 177/366, Lx 1.8475, Lu 0.3263, Penalty 0.0824, loss 2.2562
Epoch 27, Batch 178/366, Lx 1.8856, Lu 0.2756, Penalty 0.0746, loss 2.2358
Epoch 27, Batch 179/366, Lx 1.7827, Lu 0.2324, Penalty 0.0860, loss 2.1012
Epoch 27, Batch 180/366, Lx 1.8637, Lu 0.3186, Penalty 0.0882, loss 2.2705
Epoch 27, Batch 181/366, Lx 1.5530, Lu 0.1828, Penalty 0.0873, loss 1.8231
Epoch 27, Batch 182/366, Lx 1.9271, Lu 0.3141, Penalty 0.1028, loss 2.3441
Epoch 27, Batch 183/366, Lx 1.9459, Lu 0.2888, Penalty 0.1071, loss 2.3418
Epoch 27, Batch 184/366, Lx 2.1052, Lu 0.3400, Penalty 0.0718, loss 2.5170
Epoch 27, Batch 185/366, Lx 1.7862, Lu 0.2349, Penalty 0.0799, loss 2.1010
Epoch 27, Batch 186/366, Lx 1.8282, Lu 0.2238, Penalty 0.0954, loss 2.1474
Epoch 27, Batch 187/366, Lx 1.7560, Lu 0.2302, Penalty 0.0847, loss 2.0709
Epoch 27, Batch 188/366, Lx 1.9946, Lu 0.3114, Penalty 0.0740, loss 2.3800
Epoch 27, Batch 189/366, Lx 1.9958, Lu 0.3022, Penalty 0.1162, loss 2.4141
Epoch 27, Batch 190/366, Lx 1.8111, Lu 0.2776, Penalty 0.1069, loss 2.1955
Epoch 27, Batch 191/366, Lx 2.0174, Lu 0.2861, Penalty 0.0894, loss 2.3929
Epoch 27, Batch 192/366, Lx 1.9682, Lu 0.2853, Penalty 0.0804, loss 2.3339
Epoch 27, Batch 193/366, Lx 1.9972, Lu 0.2794, Penalty 0.0836, loss 2.3602
Epoch 27, Batch 194/366, Lx 1.7824, Lu 0.2703, Penalty 0.0686, loss 2.1213
Epoch 27, Batch 195/366, Lx 1.9471, Lu 0.2930, Penalty 0.0718, loss 2.3119
Epoch 27, Batch 196/366, Lx 2.0228, Lu 0.2854, Penalty 0.0856, loss 2.3938
Epoch 27, Batch 197/366, Lx 1.9176, Lu 0.2911, Penalty 0.0949, loss 2.3036
Epoch 27, Batch 198/366, Lx 1.7538, Lu 0.2190, Penalty 0.0801, loss 2.0530
Epoch 27, Batch 199/366, Lx 2.0725, Lu 0.3737, Penalty 0.0723, loss 2.5185
Epoch 27, Batch 200/366, Lx 1.9076, Lu 0.3104, Penalty 0.0707, loss 2.2886
Epoch 27, Batch 201/366, Lx 1.9591, Lu 0.3170, Penalty 0.0808, loss 2.3570
Epoch 27, Batch 202/366, Lx 1.8705, Lu 0.3213, Penalty 0.0499, loss 2.2418
Epoch 27, Batch 203/366, Lx 1.6942, Lu 0.1878, Penalty 0.0720, loss 1.9540
Epoch 27, Batch 204/366, Lx 1.9514, Lu 0.3489, Penalty 0.0829, loss 2.3832
Epoch 27, Batch 205/366, Lx 1.9794, Lu 0.2955, Penalty 0.0967, loss 2.3717
Epoch 27, Batch 206/366, Lx 1.7420, Lu 0.2528, Penalty 0.0703, loss 2.0651
Epoch 27, Batch 207/366, Lx 2.0050, Lu 0.3000, Penalty 0.0768, loss 2.3818
Epoch 27, Batch 208/366, Lx 1.8438, Lu 0.2826, Penalty 0.0539, loss 2.1803
Epoch 27, Batch 209/366, Lx 1.8602, Lu 0.2213, Penalty 0.1047, loss 2.1862
Epoch 27, Batch 210/366, Lx 1.9245, Lu 0.2791, Penalty 0.0733, loss 2.2770
Epoch 27, Batch 211/366, Lx 1.8454, Lu 0.2471, Penalty 0.0583, loss 2.1508
Epoch 27, Batch 212/366, Lx 1.9220, Lu 0.2735, Penalty 0.0675, loss 2.2630
Epoch 27, Batch 213/366, Lx 2.0057, Lu 0.3023, Penalty 0.0752, loss 2.3832
Epoch 27, Batch 214/366, Lx 2.0563, Lu 0.2930, Penalty 0.0851, loss 2.4343
Epoch 27, Batch 215/366, Lx 1.7305, Lu 0.2429, Penalty 0.0698, loss 2.0432
Epoch 27, Batch 216/366, Lx 1.9238, Lu 0.2948, Penalty 0.0837, loss 2.3023
Epoch 27, Batch 217/366, Lx 1.9835, Lu 0.3773, Penalty 0.0485, loss 2.4094
Epoch 27, Batch 218/366, Lx 2.0126, Lu 0.2974, Penalty 0.0529, loss 2.3629
Epoch 27, Batch 219/366, Lx 1.7770, Lu 0.1947, Penalty 0.0659, loss 2.0376
Epoch 27, Batch 220/366, Lx 1.9677, Lu 0.2604, Penalty 0.0549, loss 2.2830
Epoch 27, Batch 221/366, Lx 1.9385, Lu 0.2579, Penalty 0.0505, loss 2.2469
Epoch 27, Batch 222/366, Lx 1.8450, Lu 0.2471, Penalty 0.0726, loss 2.1648
Epoch 27, Batch 223/366, Lx 1.8458, Lu 0.2416, Penalty 0.0617, loss 2.1490
Epoch 27, Batch 224/366, Lx 1.8774, Lu 0.2618, Penalty 0.0539, loss 2.1932
Epoch 27, Batch 225/366, Lx 1.9390, Lu 0.3638, Penalty 0.0772, loss 2.3800
Epoch 27, Batch 226/366, Lx 2.0175, Lu 0.2435, Penalty 0.0686, loss 2.3296
Epoch 27, Batch 227/366, Lx 1.9385, Lu 0.2956, Penalty 0.0624, loss 2.2964
Epoch 27, Batch 228/366, Lx 1.9870, Lu 0.3347, Penalty 0.0681, loss 2.3898
Epoch 27, Batch 229/366, Lx 1.7582, Lu 0.2374, Penalty 0.0724, loss 2.0679
Epoch 27, Batch 230/366, Lx 1.8841, Lu 0.2786, Penalty 0.0851, loss 2.2478
Epoch 27, Batch 231/366, Lx 1.5588, Lu 0.2119, Penalty 0.1139, loss 1.8846
Epoch 27, Batch 232/366, Lx 1.9927, Lu 0.2397, Penalty 0.0567, loss 2.2890
Epoch 27, Batch 233/366, Lx 1.9377, Lu 0.2372, Penalty 0.0750, loss 2.2499
Epoch 27, Batch 234/366, Lx 1.7200, Lu 0.3095, Penalty 0.0857, loss 2.1151
Epoch 27, Batch 235/366, Lx 1.8157, Lu 0.2432, Penalty 0.0711, loss 2.1299
Epoch 27, Batch 236/366, Lx 1.8580, Lu 0.3051, Penalty 0.0892, loss 2.2522
Epoch 27, Batch 237/366, Lx 2.0482, Lu 0.2960, Penalty 0.0913, loss 2.4355
Epoch 27, Batch 238/366, Lx 1.8748, Lu 0.3346, Penalty 0.0597, loss 2.2691
Epoch 27, Batch 239/366, Lx 2.0270, Lu 0.2560, Penalty 0.0500, loss 2.3331
Epoch 27, Batch 240/366, Lx 2.0010, Lu 0.3062, Penalty 0.0729, loss 2.3802
Epoch 27, Batch 241/366, Lx 1.9793, Lu 0.3648, Penalty 0.0555, loss 2.3997
Epoch 27, Batch 242/366, Lx 1.8896, Lu 0.2501, Penalty 0.0781, loss 2.2178
Epoch 27, Batch 243/366, Lx 1.9779, Lu 0.2940, Penalty 0.0637, loss 2.3356
Epoch 27, Batch 244/366, Lx 1.7243, Lu 0.2348, Penalty 0.0561, loss 2.0152
Epoch 27, Batch 245/366, Lx 1.8799, Lu 0.2193, Penalty 0.0973, loss 2.1965
Epoch 27, Batch 246/366, Lx 1.9169, Lu 0.2460, Penalty 0.0636, loss 2.2265
Epoch 27, Batch 247/366, Lx 2.0100, Lu 0.3189, Penalty 0.0749, loss 2.4038
Epoch 27, Batch 248/366, Lx 1.9617, Lu 0.3075, Penalty 0.0730, loss 2.3422
Epoch 27, Batch 249/366, Lx 2.0374, Lu 0.3805, Penalty 0.0706, loss 2.4885
Epoch 27, Batch 250/366, Lx 2.0066, Lu 0.3570, Penalty 0.0772, loss 2.4408
Epoch 27, Batch 251/366, Lx 2.0713, Lu 0.3084, Penalty 0.0547, loss 2.4343
Epoch 27, Batch 252/366, Lx 1.9179, Lu 0.2896, Penalty 0.0678, loss 2.2753
Epoch 27, Batch 253/366, Lx 1.9890, Lu 0.3964, Penalty 0.0927, loss 2.4780
Epoch 27, Batch 254/366, Lx 1.6880, Lu 0.1885, Penalty 0.0681, loss 1.9446
Epoch 27, Batch 255/366, Lx 1.5804, Lu 0.2098, Penalty 0.0798, loss 1.8700
Epoch 27, Batch 256/366, Lx 1.7760, Lu 0.3346, Penalty 0.0837, loss 2.1943
Epoch 27, Batch 257/366, Lx 1.8915, Lu 0.2729, Penalty 0.0648, loss 2.2292
Epoch 27, Batch 258/366, Lx 1.9940, Lu 0.3355, Penalty 0.0620, loss 2.3915
Epoch 27, Batch 259/366, Lx 1.7990, Lu 0.2295, Penalty 0.0790, loss 2.1075
Epoch 27, Batch 260/366, Lx 1.8083, Lu 0.2546, Penalty 0.0837, loss 2.1466
Epoch 27, Batch 261/366, Lx 1.8937, Lu 0.2253, Penalty 0.0727, loss 2.1917
Epoch 27, Batch 262/366, Lx 1.9091, Lu 0.2682, Penalty 0.0690, loss 2.2462
Epoch 27, Batch 263/366, Lx 1.9527, Lu 0.3651, Penalty 0.0910, loss 2.4087
Epoch 27, Batch 264/366, Lx 2.0350, Lu 0.3033, Penalty 0.0799, loss 2.4181
Epoch 27, Batch 265/366, Lx 1.7458, Lu 0.2160, Penalty 0.0719, loss 2.0337
Epoch 27, Batch 266/366, Lx 1.9898, Lu 0.3204, Penalty 0.0662, loss 2.3764
Epoch 27, Batch 267/366, Lx 1.9476, Lu 0.3110, Penalty 0.0807, loss 2.3393
Epoch 27, Batch 268/366, Lx 1.9320, Lu 0.2540, Penalty 0.0822, loss 2.2682
Epoch 27, Batch 269/366, Lx 1.9156, Lu 0.2848, Penalty 0.0591, loss 2.2595
Epoch 27, Batch 270/366, Lx 1.9053, Lu 0.2631, Penalty 0.0773, loss 2.2458
Epoch 27, Batch 271/366, Lx 2.0520, Lu 0.3532, Penalty 0.0596, loss 2.4648
Epoch 27, Batch 272/366, Lx 1.8367, Lu 0.3546, Penalty 0.0972, loss 2.2885
Epoch 27, Batch 273/366, Lx 1.5762, Lu 0.1974, Penalty 0.1260, loss 1.8996
Epoch 27, Batch 274/366, Lx 1.9547, Lu 0.3313, Penalty 0.0861, loss 2.3721
Epoch 27, Batch 275/366, Lx 1.8926, Lu 0.2844, Penalty 0.0925, loss 2.2695
Epoch 27, Batch 276/366, Lx 1.7710, Lu 0.1721, Penalty 0.0948, loss 2.0379
Epoch 27, Batch 277/366, Lx 1.8393, Lu 0.3229, Penalty 0.1084, loss 2.2705
Epoch 27, Batch 278/366, Lx 1.6846, Lu 0.2768, Penalty 0.1074, loss 2.0689
Epoch 27, Batch 279/366, Lx 1.5640, Lu 0.1613, Penalty 0.1332, loss 1.8585
Epoch 27, Batch 280/366, Lx 1.8475, Lu 0.2532, Penalty 0.0681, loss 2.1688
Epoch 27, Batch 281/366, Lx 1.8429, Lu 0.2323, Penalty 0.0797, loss 2.1548
Epoch 27, Batch 282/366, Lx 2.0297, Lu 0.3105, Penalty 0.0728, loss 2.4130
Epoch 27, Batch 283/366, Lx 1.8256, Lu 0.2459, Penalty 0.0667, loss 2.1382
Epoch 27, Batch 284/366, Lx 1.9943, Lu 0.3025, Penalty 0.0745, loss 2.3713
Epoch 27, Batch 285/366, Lx 2.0449, Lu 0.3259, Penalty 0.0831, loss 2.4539
Epoch 27, Batch 286/366, Lx 2.0744, Lu 0.2777, Penalty 0.0486, loss 2.4008
Epoch 27, Batch 287/366, Lx 1.9114, Lu 0.1973, Penalty 0.0785, loss 2.1872
Epoch 27, Batch 288/366, Lx 1.9020, Lu 0.2018, Penalty 0.0747, loss 2.1785
Epoch 27, Batch 289/366, Lx 2.0136, Lu 0.3510, Penalty 0.0772, loss 2.4418
Epoch 27, Batch 290/366, Lx 1.9654, Lu 0.3808, Penalty 0.0625, loss 2.4086
Epoch 27, Batch 291/366, Lx 1.7759, Lu 0.2546, Penalty 0.1002, loss 2.1306
Epoch 27, Batch 292/366, Lx 2.0008, Lu 0.4420, Penalty 0.0489, loss 2.4918
Epoch 27, Batch 293/366, Lx 1.9463, Lu 0.3010, Penalty 0.0654, loss 2.3127
Epoch 27, Batch 294/366, Lx 1.8683, Lu 0.2892, Penalty 0.0694, loss 2.2269
Epoch 27, Batch 295/366, Lx 1.9627, Lu 0.3615, Penalty 0.0868, loss 2.4109
Epoch 27, Batch 296/366, Lx 1.9761, Lu 0.2732, Penalty 0.0486, loss 2.2980
Epoch 27, Batch 297/366, Lx 1.6809, Lu 0.2038, Penalty 0.0928, loss 1.9776
Epoch 27, Batch 298/366, Lx 1.8139, Lu 0.2397, Penalty 0.0558, loss 2.1094
Epoch 27, Batch 299/366, Lx 1.8184, Lu 0.2548, Penalty 0.0686, loss 2.1418
Epoch 27, Batch 300/366, Lx 2.0203, Lu 0.3502, Penalty 0.0501, loss 2.4206
Epoch 27, Batch 301/366, Lx 1.9951, Lu 0.3447, Penalty 0.0599, loss 2.3997
Epoch 27, Batch 302/366, Lx 1.9838, Lu 0.2814, Penalty 0.0463, loss 2.3115
Epoch 27, Batch 303/366, Lx 1.6308, Lu 0.1927, Penalty 0.0726, loss 1.8960
Epoch 27, Batch 304/366, Lx 1.9470, Lu 0.2334, Penalty 0.0605, loss 2.2409
Epoch 27, Batch 305/366, Lx 1.7264, Lu 0.2254, Penalty 0.0756, loss 2.0274
Epoch 27, Batch 306/366, Lx 1.9601, Lu 0.2568, Penalty 0.0605, loss 2.2775
Epoch 27, Batch 307/366, Lx 1.7890, Lu 0.2582, Penalty 0.0712, loss 2.1184
Epoch 27, Batch 308/366, Lx 1.9820, Lu 0.3486, Penalty 0.0566, loss 2.3872
Epoch 27, Batch 309/366, Lx 1.9390, Lu 0.3009, Penalty 0.0721, loss 2.3120
Epoch 27, Batch 310/366, Lx 1.6997, Lu 0.1997, Penalty 0.0792, loss 1.9787
Epoch 27, Batch 311/366, Lx 1.9963, Lu 0.2895, Penalty 0.0710, loss 2.3568
Epoch 27, Batch 312/366, Lx 1.9379, Lu 0.3137, Penalty 0.0579, loss 2.3095
Epoch 27, Batch 313/366, Lx 1.9259, Lu 0.3247, Penalty 0.0570, loss 2.3076
Epoch 27, Batch 314/366, Lx 1.8518, Lu 0.2489, Penalty 0.1286, loss 2.2293
Epoch 27, Batch 315/366, Lx 1.8892, Lu 0.2532, Penalty 0.1078, loss 2.2501
Epoch 27, Batch 316/366, Lx 1.8681, Lu 0.3208, Penalty 0.0544, loss 2.2432
Epoch 27, Batch 317/366, Lx 1.6505, Lu 0.1995, Penalty 0.1136, loss 1.9636
Epoch 27, Batch 318/366, Lx 1.9870, Lu 0.3276, Penalty 0.0729, loss 2.3876
Epoch 27, Batch 319/366, Lx 1.9612, Lu 0.3759, Penalty 0.0728, loss 2.4099
Epoch 27, Batch 320/366, Lx 1.9924, Lu 0.2613, Penalty 0.0626, loss 2.3164
Epoch 27, Batch 321/366, Lx 1.8611, Lu 0.2839, Penalty 0.0814, loss 2.2264
Epoch 27, Batch 322/366, Lx 1.7958, Lu 0.2756, Penalty 0.0874, loss 2.1588
Epoch 27, Batch 323/366, Lx 1.6115, Lu 0.1864, Penalty 0.1126, loss 1.9105
Epoch 27, Batch 324/366, Lx 1.9008, Lu 0.2643, Penalty 0.1155, loss 2.2805
Epoch 27, Batch 325/366, Lx 1.8575, Lu 0.3598, Penalty 0.0906, loss 2.3079
Epoch 27, Batch 326/366, Lx 1.8191, Lu 0.2468, Penalty 0.1093, loss 2.1752
Epoch 27, Batch 327/366, Lx 1.9238, Lu 0.3649, Penalty 0.0781, loss 2.3668
Epoch 27, Batch 328/366, Lx 1.8971, Lu 0.2876, Penalty 0.1019, loss 2.2866
Epoch 27, Batch 329/366, Lx 1.9068, Lu 0.3187, Penalty 0.1029, loss 2.3285
Epoch 27, Batch 330/366, Lx 1.8904, Lu 0.2299, Penalty 0.0805, loss 2.2007
Epoch 27, Batch 331/366, Lx 1.8607, Lu 0.3024, Penalty 0.1082, loss 2.2712
Epoch 27, Batch 332/366, Lx 1.9433, Lu 0.2749, Penalty 0.0857, loss 2.3039
Epoch 27, Batch 333/366, Lx 1.8044, Lu 0.3023, Penalty 0.0748, loss 2.1815
Epoch 27, Batch 334/366, Lx 1.6806, Lu 0.2229, Penalty 0.0993, loss 2.0028
Epoch 27, Batch 335/366, Lx 1.8188, Lu 0.1980, Penalty 0.0792, loss 2.0959
Epoch 27, Batch 336/366, Lx 1.9233, Lu 0.2675, Penalty 0.0963, loss 2.2871
Epoch 27, Batch 337/366, Lx 2.0959, Lu 0.2865, Penalty 0.0758, loss 2.4583
Epoch 27, Batch 338/366, Lx 1.9569, Lu 0.2873, Penalty 0.0837, loss 2.3280
Epoch 27, Batch 339/366, Lx 2.1056, Lu 0.3373, Penalty 0.0690, loss 2.5119
Epoch 27, Batch 340/366, Lx 1.8015, Lu 0.2949, Penalty 0.0631, loss 2.1595
Epoch 27, Batch 341/366, Lx 1.8655, Lu 0.2606, Penalty 0.0881, loss 2.2142
Epoch 27, Batch 342/366, Lx 1.8539, Lu 0.2548, Penalty 0.0694, loss 2.1781
Epoch 27, Batch 343/366, Lx 1.9621, Lu 0.2885, Penalty 0.0609, loss 2.3115
Epoch 27, Batch 344/366, Lx 2.0164, Lu 0.3585, Penalty 0.0680, loss 2.4429
Epoch 27, Batch 345/366, Lx 1.8821, Lu 0.2607, Penalty 0.0952, loss 2.2380
Epoch 27, Batch 346/366, Lx 2.0018, Lu 0.2628, Penalty 0.0764, loss 2.3410
Epoch 27, Batch 347/366, Lx 2.0220, Lu 0.3900, Penalty 0.0750, loss 2.4870
Epoch 27, Batch 348/366, Lx 1.9955, Lu 0.3176, Penalty 0.1160, loss 2.4291
Epoch 27, Batch 349/366, Lx 1.7678, Lu 0.2211, Penalty 0.1101, loss 2.0989
Epoch 27, Batch 350/366, Lx 1.9017, Lu 0.2521, Penalty 0.0601, loss 2.2139
Epoch 27, Batch 351/366, Lx 1.9155, Lu 0.2944, Penalty 0.0422, loss 2.2520
Epoch 27, Batch 352/366, Lx 1.7044, Lu 0.2211, Penalty 0.0589, loss 1.9845
Epoch 27, Batch 353/366, Lx 1.9153, Lu 0.3427, Penalty 0.1018, loss 2.3598
Epoch 27, Batch 354/366, Lx 1.8004, Lu 0.2445, Penalty 0.0687, loss 2.1136
Epoch 27, Batch 355/366, Lx 1.8508, Lu 0.2296, Penalty 0.0696, loss 2.1500
Epoch 27, Batch 356/366, Lx 2.0009, Lu 0.2699, Penalty 0.0463, loss 2.3172
Epoch 27, Batch 357/366, Lx 1.9435, Lu 0.2631, Penalty 0.0644, loss 2.2710
Epoch 27, Batch 358/366, Lx 1.9517, Lu 0.3155, Penalty 0.0549, loss 2.3221
Epoch 27, Batch 359/366, Lx 1.9415, Lu 0.2839, Penalty 0.0635, loss 2.2889
Epoch 27, Batch 360/366, Lx 1.8601, Lu 0.2901, Penalty 0.0478, loss 2.1981
Epoch 27, Batch 361/366, Lx 1.8324, Lu 0.2322, Penalty 0.0519, loss 2.1165
Epoch 27, Batch 362/366, Lx 2.0077, Lu 0.3336, Penalty 0.0873, loss 2.4285
Epoch 27, Batch 363/366, Lx 1.9469, Lu 0.3192, Penalty 0.0809, loss 2.3469
Epoch 27, Batch 364/366, Lx 1.9133, Lu 0.2139, Penalty 0.0980, loss 2.2253
Epoch 27, Batch 365/366, Lx 1.6095, Lu 0.2401, Penalty 0.0770, loss 1.9267
Epoch 27, Batch 366/366, Lx 1.8467, Lu 0.3211, Penalty 0.0767, loss 2.2446
Loss: 2.2494, Lx: 1.8920, Lu: 0.2810, Penalty: 0.0764
Training for Network 2
labelled data size: 10245
unlabelled data size: 31755
Epoch 27, Batch 1/321, Lx 1.9697, Lu 0.3361, Penalty 0.0624, loss 2.3682
Epoch 27, Batch 2/321, Lx 1.8829, Lu 0.2284, Penalty 0.0475, loss 2.1588
Epoch 27, Batch 3/321, Lx 1.7193, Lu 0.2101, Penalty 0.0576, loss 1.9869
Epoch 27, Batch 4/321, Lx 1.9696, Lu 0.3537, Penalty 0.0401, loss 2.3634
Epoch 27, Batch 5/321, Lx 2.0827, Lu 0.3742, Penalty 0.0480, loss 2.5050
Epoch 27, Batch 6/321, Lx 2.1165, Lu 0.3221, Penalty 0.0332, loss 2.4719
Epoch 27, Batch 7/321, Lx 1.9402, Lu 0.2792, Penalty 0.0477, loss 2.2671
Epoch 27, Batch 8/321, Lx 1.8776, Lu 0.2563, Penalty 0.0511, loss 2.1850
Epoch 27, Batch 9/321, Lx 2.0660, Lu 0.2850, Penalty 0.0461, loss 2.3972
Epoch 27, Batch 10/321, Lx 1.8560, Lu 0.3322, Penalty 0.0667, loss 2.2548
Epoch 27, Batch 11/321, Lx 1.8331, Lu 0.3167, Penalty 0.0508, loss 2.2006
Epoch 27, Batch 12/321, Lx 1.8483, Lu 0.3338, Penalty 0.0346, loss 2.2168
Epoch 27, Batch 13/321, Lx 1.8783, Lu 0.2900, Penalty 0.0645, loss 2.2328
Epoch 27, Batch 14/321, Lx 1.9864, Lu 0.3142, Penalty 0.0729, loss 2.3735
Epoch 27, Batch 15/321, Lx 2.0160, Lu 0.2807, Penalty 0.0668, loss 2.3635
Epoch 27, Batch 16/321, Lx 1.8385, Lu 0.2643, Penalty 0.0753, loss 2.1781
Epoch 27, Batch 17/321, Lx 1.8659, Lu 0.3188, Penalty 0.0523, loss 2.2370
Epoch 27, Batch 18/321, Lx 1.9372, Lu 0.3276, Penalty 0.0736, loss 2.3384
Epoch 27, Batch 19/321, Lx 2.1095, Lu 0.3799, Penalty 0.0465, loss 2.5359
Epoch 27, Batch 20/321, Lx 1.9780, Lu 0.2888, Penalty 0.0564, loss 2.3232
Epoch 27, Batch 21/321, Lx 1.9910, Lu 0.3488, Penalty 0.0588, loss 2.3985
Epoch 27, Batch 22/321, Lx 2.0422, Lu 0.4113, Penalty 0.0595, loss 2.5130
Epoch 27, Batch 23/321, Lx 1.9848, Lu 0.3401, Penalty 0.0663, loss 2.3912
Epoch 27, Batch 24/321, Lx 2.0700, Lu 0.3048, Penalty 0.0508, loss 2.4256
Epoch 27, Batch 25/321, Lx 2.0054, Lu 0.3410, Penalty 0.0611, loss 2.4076
Epoch 27, Batch 26/321, Lx 1.9761, Lu 0.2648, Penalty 0.0359, loss 2.2768
Epoch 27, Batch 27/321, Lx 2.0500, Lu 0.2972, Penalty 0.0554, loss 2.4026
Epoch 27, Batch 28/321, Lx 2.0455, Lu 0.3365, Penalty 0.0536, loss 2.4356
Epoch 27, Batch 29/321, Lx 1.9328, Lu 0.3081, Penalty 0.0586, loss 2.2995
Epoch 27, Batch 30/321, Lx 1.9492, Lu 0.3285, Penalty 0.0603, loss 2.3379
Epoch 27, Batch 31/321, Lx 1.7818, Lu 0.2910, Penalty 0.0575, loss 2.1303
Epoch 27, Batch 32/321, Lx 2.0067, Lu 0.3272, Penalty 0.0782, loss 2.4120
Epoch 27, Batch 33/321, Lx 1.8023, Lu 0.2626, Penalty 0.0806, loss 2.1456
Epoch 27, Batch 34/321, Lx 1.9316, Lu 0.3261, Penalty 0.0634, loss 2.3211
Epoch 27, Batch 35/321, Lx 1.9998, Lu 0.2239, Penalty 0.0650, loss 2.2887
Epoch 27, Batch 36/321, Lx 1.5151, Lu 0.2485, Penalty 0.0357, loss 1.7993
Epoch 27, Batch 37/321, Lx 1.9571, Lu 0.2579, Penalty 0.0455, loss 2.2605
Epoch 27, Batch 38/321, Lx 1.8672, Lu 0.2664, Penalty 0.0619, loss 2.1954
Epoch 27, Batch 39/321, Lx 2.0837, Lu 0.3739, Penalty 0.0407, loss 2.4983
Epoch 27, Batch 40/321, Lx 1.9764, Lu 0.2944, Penalty 0.0681, loss 2.3390
Epoch 27, Batch 41/321, Lx 2.0995, Lu 0.3423, Penalty 0.0530, loss 2.4948
Epoch 27, Batch 42/321, Lx 1.9598, Lu 0.2644, Penalty 0.0378, loss 2.2619
Epoch 27, Batch 43/321, Lx 1.8319, Lu 0.3098, Penalty 0.0696, loss 2.2112
Epoch 27, Batch 44/321, Lx 1.8180, Lu 0.2677, Penalty 0.0976, loss 2.1833
Epoch 27, Batch 45/321, Lx 1.8115, Lu 0.2599, Penalty 0.0505, loss 2.1220
Epoch 27, Batch 46/321, Lx 1.9968, Lu 0.2930, Penalty 0.0417, loss 2.3315
Epoch 27, Batch 47/321, Lx 1.7204, Lu 0.3172, Penalty 0.0613, loss 2.0989
Epoch 27, Batch 48/321, Lx 2.1031, Lu 0.3137, Penalty 0.0716, loss 2.4884
Epoch 27, Batch 49/321, Lx 1.8955, Lu 0.2854, Penalty 0.0713, loss 2.2523
Epoch 27, Batch 50/321, Lx 1.8969, Lu 0.2730, Penalty 0.0448, loss 2.2147
Epoch 27, Batch 51/321, Lx 1.8713, Lu 0.2035, Penalty 0.0652, loss 2.1401
Epoch 27, Batch 52/321, Lx 2.0371, Lu 0.2982, Penalty 0.0349, loss 2.3701
Epoch 27, Batch 53/321, Lx 2.0115, Lu 0.3505, Penalty 0.0550, loss 2.4170
Epoch 27, Batch 54/321, Lx 2.1778, Lu 0.3712, Penalty 0.0662, loss 2.6152
Epoch 27, Batch 55/321, Lx 1.9436, Lu 0.2422, Penalty 0.0468, loss 2.2326
Epoch 27, Batch 56/321, Lx 1.9457, Lu 0.3401, Penalty 0.0783, loss 2.3641
Epoch 27, Batch 57/321, Lx 2.0033, Lu 0.3982, Penalty 0.0671, loss 2.4686
Epoch 27, Batch 58/321, Lx 1.6890, Lu 0.2974, Penalty 0.0797, loss 2.0660
Epoch 27, Batch 59/321, Lx 1.7750, Lu 0.2436, Penalty 0.0326, loss 2.0511
Epoch 27, Batch 60/321, Lx 2.0003, Lu 0.3758, Penalty 0.0759, loss 2.4520
Epoch 27, Batch 61/321, Lx 1.9942, Lu 0.3618, Penalty 0.0578, loss 2.4138
Epoch 27, Batch 62/321, Lx 1.8485, Lu 0.2720, Penalty 0.0685, loss 2.1889
Epoch 27, Batch 63/321, Lx 2.1269, Lu 0.3362, Penalty 0.0526, loss 2.5156
Epoch 27, Batch 64/321, Lx 2.0317, Lu 0.2544, Penalty 0.0512, loss 2.3373
Epoch 27, Batch 65/321, Lx 1.8578, Lu 0.2830, Penalty 0.0321, loss 2.1729
Epoch 27, Batch 66/321, Lx 2.0065, Lu 0.3113, Penalty 0.0644, loss 2.3823
Epoch 27, Batch 67/321, Lx 1.9811, Lu 0.3208, Penalty 0.0700, loss 2.3719
Epoch 27, Batch 68/321, Lx 1.8921, Lu 0.2873, Penalty 0.0512, loss 2.2306
Epoch 27, Batch 69/321, Lx 1.8564, Lu 0.2806, Penalty 0.0528, loss 2.1898
Epoch 27, Batch 70/321, Lx 1.8752, Lu 0.2895, Penalty 0.0779, loss 2.2426
Epoch 27, Batch 71/321, Lx 1.8877, Lu 0.3109, Penalty 0.1025, loss 2.3011
Epoch 27, Batch 72/321, Lx 2.0095, Lu 0.2909, Penalty 0.0575, loss 2.3579
Epoch 27, Batch 73/321, Lx 2.0111, Lu 0.3068, Penalty 0.0483, loss 2.3662
Epoch 27, Batch 74/321, Lx 1.6465, Lu 0.2151, Penalty 0.0566, loss 1.9183
Epoch 27, Batch 75/321, Lx 1.9550, Lu 0.3239, Penalty 0.0679, loss 2.3469
Epoch 27, Batch 76/321, Lx 1.9647, Lu 0.3291, Penalty 0.0540, loss 2.3479
Epoch 27, Batch 77/321, Lx 1.9352, Lu 0.3385, Penalty 0.0814, loss 2.3551
Epoch 27, Batch 78/321, Lx 1.9581, Lu 0.3258, Penalty 0.0528, loss 2.3367
Epoch 27, Batch 79/321, Lx 1.8987, Lu 0.2930, Penalty 0.0624, loss 2.2541
Epoch 27, Batch 80/321, Lx 1.7673, Lu 0.2651, Penalty 0.0868, loss 2.1192
Epoch 27, Batch 81/321, Lx 2.0079, Lu 0.3553, Penalty 0.0676, loss 2.4308
Epoch 27, Batch 82/321, Lx 1.4398, Lu 0.2583, Penalty 0.0497, loss 1.7478
Epoch 27, Batch 83/321, Lx 1.9807, Lu 0.3191, Penalty 0.0662, loss 2.3660
Epoch 27, Batch 84/321, Lx 1.7400, Lu 0.2392, Penalty 0.0986, loss 2.0779
Epoch 27, Batch 85/321, Lx 1.9596, Lu 0.3451, Penalty 0.0700, loss 2.3747
Epoch 27, Batch 86/321, Lx 1.7942, Lu 0.2566, Penalty 0.0611, loss 2.1118
Epoch 27, Batch 87/321, Lx 1.5400, Lu 0.2459, Penalty 0.0630, loss 1.8489
Epoch 27, Batch 88/321, Lx 1.8605, Lu 0.2661, Penalty 0.0539, loss 2.1805
Epoch 27, Batch 89/321, Lx 2.0088, Lu 0.3018, Penalty 0.0683, loss 2.3789
Epoch 27, Batch 90/321, Lx 1.9100, Lu 0.3416, Penalty 0.0631, loss 2.3147
Epoch 27, Batch 91/321, Lx 1.9885, Lu 0.3426, Penalty 0.0584, loss 2.3895
Epoch 27, Batch 92/321, Lx 2.0181, Lu 0.2775, Penalty 0.0573, loss 2.3528
Epoch 27, Batch 93/321, Lx 2.0606, Lu 0.2672, Penalty 0.0545, loss 2.3824
Epoch 27, Batch 94/321, Lx 1.7920, Lu 0.2263, Penalty 0.0754, loss 2.0936
Epoch 27, Batch 95/321, Lx 1.9504, Lu 0.2694, Penalty 0.0509, loss 2.2707
Epoch 27, Batch 96/321, Lx 1.9894, Lu 0.3487, Penalty 0.0555, loss 2.3935
Epoch 27, Batch 97/321, Lx 1.5828, Lu 0.2170, Penalty 0.0692, loss 1.8690
Epoch 27, Batch 98/321, Lx 1.8613, Lu 0.2894, Penalty 0.0670, loss 2.2177
Epoch 27, Batch 99/321, Lx 1.9025, Lu 0.3406, Penalty 0.0803, loss 2.3234
Epoch 27, Batch 100/321, Lx 2.0949, Lu 0.3002, Penalty 0.0590, loss 2.4541
Epoch 27, Batch 101/321, Lx 1.9710, Lu 0.2833, Penalty 0.0661, loss 2.3204
Epoch 27, Batch 102/321, Lx 1.8105, Lu 0.2594, Penalty 0.0610, loss 2.1309
Epoch 27, Batch 103/321, Lx 1.9727, Lu 0.2842, Penalty 0.0545, loss 2.3114
Epoch 27, Batch 104/321, Lx 1.9548, Lu 0.2287, Penalty 0.0726, loss 2.2561
Epoch 27, Batch 105/321, Lx 2.0350, Lu 0.4044, Penalty 0.0549, loss 2.4943
Epoch 27, Batch 106/321, Lx 2.0782, Lu 0.2565, Penalty 0.0404, loss 2.3751
Epoch 27, Batch 107/321, Lx 1.7892, Lu 0.2763, Penalty 0.0537, loss 2.1192
Epoch 27, Batch 108/321, Lx 2.0883, Lu 0.3785, Penalty 0.0529, loss 2.5196
Epoch 27, Batch 109/321, Lx 1.8552, Lu 0.1921, Penalty 0.0446, loss 2.0918
Epoch 27, Batch 110/321, Lx 2.0418, Lu 0.2910, Penalty 0.0406, loss 2.3735
Epoch 27, Batch 111/321, Lx 1.8985, Lu 0.2891, Penalty 0.0481, loss 2.2356
Epoch 27, Batch 112/321, Lx 1.9674, Lu 0.2476, Penalty 0.0471, loss 2.2621
Epoch 27, Batch 113/321, Lx 1.9860, Lu 0.3189, Penalty 0.0536, loss 2.3584
Epoch 27, Batch 114/321, Lx 1.7699, Lu 0.2171, Penalty 0.0505, loss 2.0376
Epoch 27, Batch 115/321, Lx 1.9900, Lu 0.3100, Penalty 0.0612, loss 2.3612
Epoch 27, Batch 116/321, Lx 1.8730, Lu 0.3084, Penalty 0.0596, loss 2.2409
Epoch 27, Batch 117/321, Lx 2.0033, Lu 0.2412, Penalty 0.0416, loss 2.2861
Epoch 27, Batch 118/321, Lx 2.0191, Lu 0.2666, Penalty 0.0424, loss 2.3280
Epoch 27, Batch 119/321, Lx 1.9264, Lu 0.3156, Penalty 0.0490, loss 2.2910
Epoch 27, Batch 120/321, Lx 1.8968, Lu 0.3548, Penalty 0.0389, loss 2.2905
Epoch 27, Batch 121/321, Lx 1.9877, Lu 0.3313, Penalty 0.0583, loss 2.3773
Epoch 27, Batch 122/321, Lx 1.9927, Lu 0.2588, Penalty 0.0523, loss 2.3039
Epoch 27, Batch 123/321, Lx 1.7699, Lu 0.2568, Penalty 0.0605, loss 2.0872
Epoch 27, Batch 124/321, Lx 1.7345, Lu 0.2845, Penalty 0.0611, loss 2.0801
Epoch 27, Batch 125/321, Lx 1.7671, Lu 0.2398, Penalty 0.0756, loss 2.0824
Epoch 27, Batch 126/321, Lx 1.9549, Lu 0.3050, Penalty 0.0552, loss 2.3152
Epoch 27, Batch 127/321, Lx 1.9342, Lu 0.3089, Penalty 0.0627, loss 2.3058
Epoch 27, Batch 128/321, Lx 1.8901, Lu 0.2862, Penalty 0.0627, loss 2.2391
Epoch 27, Batch 129/321, Lx 1.7836, Lu 0.2630, Penalty 0.0882, loss 2.1349
Epoch 27, Batch 130/321, Lx 1.9677, Lu 0.2997, Penalty 0.0711, loss 2.3384
Epoch 27, Batch 131/321, Lx 2.0222, Lu 0.2463, Penalty 0.0639, loss 2.3323
Epoch 27, Batch 132/321, Lx 1.7967, Lu 0.3069, Penalty 0.0771, loss 2.1806
Epoch 27, Batch 133/321, Lx 2.1134, Lu 0.3101, Penalty 0.0750, loss 2.4985
Epoch 27, Batch 134/321, Lx 1.9226, Lu 0.2478, Penalty 0.0602, loss 2.2306
Epoch 27, Batch 135/321, Lx 2.1340, Lu 0.3678, Penalty 0.0552, loss 2.5569
Epoch 27, Batch 136/321, Lx 2.0332, Lu 0.2160, Penalty 0.0598, loss 2.3090
Epoch 27, Batch 137/321, Lx 1.9184, Lu 0.3349, Penalty 0.0747, loss 2.3280
Epoch 27, Batch 138/321, Lx 1.8515, Lu 0.2592, Penalty 0.0561, loss 2.1669
Epoch 27, Batch 139/321, Lx 1.8663, Lu 0.2528, Penalty 0.0552, loss 2.1743
Epoch 27, Batch 140/321, Lx 1.8903, Lu 0.2691, Penalty 0.0546, loss 2.2140
Epoch 27, Batch 141/321, Lx 1.9701, Lu 0.3236, Penalty 0.0523, loss 2.3460
Epoch 27, Batch 142/321, Lx 1.9427, Lu 0.4222, Penalty 0.0596, loss 2.4245
Epoch 27, Batch 143/321, Lx 1.8342, Lu 0.2448, Penalty 0.0710, loss 2.1499
Epoch 27, Batch 144/321, Lx 2.0004, Lu 0.3081, Penalty 0.0751, loss 2.3836
Epoch 27, Batch 145/321, Lx 1.7608, Lu 0.2752, Penalty 0.1017, loss 2.1377
Epoch 27, Batch 146/321, Lx 1.8254, Lu 0.2025, Penalty 0.0508, loss 2.0787
Epoch 27, Batch 147/321, Lx 2.0030, Lu 0.3266, Penalty 0.0700, loss 2.3996
Epoch 27, Batch 148/321, Lx 2.0484, Lu 0.3360, Penalty 0.0655, loss 2.4500
Epoch 27, Batch 149/321, Lx 2.0665, Lu 0.3065, Penalty 0.0737, loss 2.4467
Epoch 27, Batch 150/321, Lx 1.8321, Lu 0.1848, Penalty 0.0717, loss 2.0886
Epoch 27, Batch 151/321, Lx 1.7711, Lu 0.2501, Penalty 0.0482, loss 2.0693
Epoch 27, Batch 152/321, Lx 1.9377, Lu 0.2908, Penalty 0.0458, loss 2.2743
Epoch 27, Batch 153/321, Lx 1.9052, Lu 0.2623, Penalty 0.0548, loss 2.2223
Epoch 27, Batch 154/321, Lx 1.9317, Lu 0.2814, Penalty 0.0504, loss 2.2634
Epoch 27, Batch 155/321, Lx 1.7411, Lu 0.2086, Penalty 0.0482, loss 1.9979
Epoch 27, Batch 156/321, Lx 1.9489, Lu 0.2551, Penalty 0.0736, loss 2.2776
Epoch 27, Batch 157/321, Lx 1.7955, Lu 0.2237, Penalty 0.0527, loss 2.0719
Epoch 27, Batch 158/321, Lx 2.0375, Lu 0.3326, Penalty 0.0610, loss 2.4311
Epoch 27, Batch 159/321, Lx 1.9333, Lu 0.2448, Penalty 0.0656, loss 2.2437
Epoch 27, Batch 160/321, Lx 1.9568, Lu 0.3146, Penalty 0.0722, loss 2.3436
Epoch 27, Batch 161/321, Lx 1.9503, Lu 0.3358, Penalty 0.0490, loss 2.3351
Epoch 27, Batch 162/321, Lx 2.0532, Lu 0.2386, Penalty 0.0528, loss 2.3446
Epoch 27, Batch 163/321, Lx 2.0123, Lu 0.3172, Penalty 0.0434, loss 2.3729
Epoch 27, Batch 164/321, Lx 1.8379, Lu 0.2820, Penalty 0.0808, loss 2.2007
Epoch 27, Batch 165/321, Lx 1.6980, Lu 0.2357, Penalty 0.0350, loss 1.9687
Epoch 27, Batch 166/321, Lx 1.9897, Lu 0.3742, Penalty 0.0347, loss 2.3986
Epoch 27, Batch 167/321, Lx 1.9648, Lu 0.3776, Penalty 0.0751, loss 2.4175
Epoch 27, Batch 168/321, Lx 2.0910, Lu 0.3205, Penalty 0.0744, loss 2.4858
Epoch 27, Batch 169/321, Lx 1.9514, Lu 0.3645, Penalty 0.0490, loss 2.3649
Epoch 27, Batch 170/321, Lx 1.9518, Lu 0.3298, Penalty 0.0640, loss 2.3456
Epoch 27, Batch 171/321, Lx 1.9499, Lu 0.3354, Penalty 0.0762, loss 2.3615
Epoch 27, Batch 172/321, Lx 1.9922, Lu 0.3773, Penalty 0.0435, loss 2.4130
Epoch 27, Batch 173/321, Lx 1.7390, Lu 0.2799, Penalty 0.0772, loss 2.0961
Epoch 27, Batch 174/321, Lx 2.0603, Lu 0.2714, Penalty 0.0535, loss 2.3853
Epoch 27, Batch 175/321, Lx 2.0029, Lu 0.3636, Penalty 0.0662, loss 2.4328
Epoch 27, Batch 176/321, Lx 1.9262, Lu 0.2622, Penalty 0.0995, loss 2.2879
Epoch 27, Batch 177/321, Lx 1.7433, Lu 0.2608, Penalty 0.0858, loss 2.0899
Epoch 27, Batch 178/321, Lx 1.7831, Lu 0.2184, Penalty 0.0414, loss 2.0429
Epoch 27, Batch 179/321, Lx 1.4517, Lu 0.1838, Penalty 0.0642, loss 1.6997
Epoch 27, Batch 180/321, Lx 1.9136, Lu 0.3387, Penalty 0.0683, loss 2.3206
Epoch 27, Batch 181/321, Lx 1.9395, Lu 0.2374, Penalty 0.0594, loss 2.2363
Epoch 27, Batch 182/321, Lx 1.9687, Lu 0.2300, Penalty 0.0430, loss 2.2417
Epoch 27, Batch 183/321, Lx 2.0418, Lu 0.3217, Penalty 0.0471, loss 2.4106
Epoch 27, Batch 184/321, Lx 2.0610, Lu 0.3474, Penalty 0.0685, loss 2.4770
Epoch 27, Batch 185/321, Lx 2.0159, Lu 0.3511, Penalty 0.0715, loss 2.4385
Epoch 27, Batch 186/321, Lx 2.0560, Lu 0.3327, Penalty 0.0568, loss 2.4455
Epoch 27, Batch 187/321, Lx 1.9827, Lu 0.3278, Penalty 0.0782, loss 2.3887
Epoch 27, Batch 188/321, Lx 2.0257, Lu 0.2652, Penalty 0.0587, loss 2.3495
Epoch 27, Batch 189/321, Lx 1.9837, Lu 0.2543, Penalty 0.0594, loss 2.2975
Epoch 27, Batch 190/321, Lx 1.8696, Lu 0.2777, Penalty 0.0520, loss 2.1993
Epoch 27, Batch 191/321, Lx 1.8573, Lu 0.1992, Penalty 0.0494, loss 2.1059
Epoch 27, Batch 192/321, Lx 1.8181, Lu 0.3644, Penalty 0.0711, loss 2.2535
Epoch 27, Batch 193/321, Lx 1.8821, Lu 0.2944, Penalty 0.0699, loss 2.2463
Epoch 27, Batch 194/321, Lx 1.8937, Lu 0.3360, Penalty 0.0533, loss 2.2830
Epoch 27, Batch 195/321, Lx 1.7308, Lu 0.2519, Penalty 0.0714, loss 2.0540
Epoch 27, Batch 196/321, Lx 2.0535, Lu 0.3692, Penalty 0.0497, loss 2.4724
Epoch 27, Batch 197/321, Lx 1.9404, Lu 0.2757, Penalty 0.0490, loss 2.2651
Epoch 27, Batch 198/321, Lx 1.9506, Lu 0.2870, Penalty 0.0519, loss 2.2894
Epoch 27, Batch 199/321, Lx 2.0486, Lu 0.2684, Penalty 0.0604, loss 2.3774
Epoch 27, Batch 200/321, Lx 1.9486, Lu 0.2655, Penalty 0.0649, loss 2.2791
Epoch 27, Batch 201/321, Lx 1.8663, Lu 0.2963, Penalty 0.0695, loss 2.2321
Epoch 27, Batch 202/321, Lx 1.8402, Lu 0.2606, Penalty 0.0658, loss 2.1666
Epoch 27, Batch 203/321, Lx 2.0616, Lu 0.2761, Penalty 0.0498, loss 2.3875
Epoch 27, Batch 204/321, Lx 1.9286, Lu 0.2475, Penalty 0.0507, loss 2.2268
Epoch 27, Batch 205/321, Lx 1.9305, Lu 0.2696, Penalty 0.0631, loss 2.2632
Epoch 27, Batch 206/321, Lx 1.7807, Lu 0.2337, Penalty 0.0597, loss 2.0741
Epoch 27, Batch 207/321, Lx 2.0705, Lu 0.2813, Penalty 0.0473, loss 2.3991
Epoch 27, Batch 208/321, Lx 1.4909, Lu 0.2636, Penalty 0.0606, loss 1.8151
Epoch 27, Batch 209/321, Lx 2.1819, Lu 0.3439, Penalty 0.0579, loss 2.5836
Epoch 27, Batch 210/321, Lx 2.0851, Lu 0.3594, Penalty 0.0376, loss 2.4821
Epoch 27, Batch 211/321, Lx 1.6277, Lu 0.2233, Penalty 0.0573, loss 1.9083
Epoch 27, Batch 212/321, Lx 1.8822, Lu 0.2875, Penalty 0.0505, loss 2.2202
Epoch 27, Batch 213/321, Lx 1.9321, Lu 0.3467, Penalty 0.0591, loss 2.3379
Epoch 27, Batch 214/321, Lx 1.9796, Lu 0.2320, Penalty 0.0746, loss 2.2862
Epoch 27, Batch 215/321, Lx 1.9972, Lu 0.3620, Penalty 0.0636, loss 2.4228
Epoch 27, Batch 216/321, Lx 2.0540, Lu 0.3430, Penalty 0.0459, loss 2.4429
Epoch 27, Batch 217/321, Lx 1.9753, Lu 0.3310, Penalty 0.0416, loss 2.3479
Epoch 27, Batch 218/321, Lx 1.9604, Lu 0.2379, Penalty 0.0585, loss 2.2568
Epoch 27, Batch 219/321, Lx 1.7689, Lu 0.2424, Penalty 0.0587, loss 2.0700
Epoch 27, Batch 220/321, Lx 1.9315, Lu 0.3954, Penalty 0.0654, loss 2.3924
Epoch 27, Batch 221/321, Lx 1.8303, Lu 0.2380, Penalty 0.0517, loss 2.1200
Epoch 27, Batch 222/321, Lx 1.9053, Lu 0.2757, Penalty 0.0511, loss 2.2321
Epoch 27, Batch 223/321, Lx 1.8888, Lu 0.2866, Penalty 0.0549, loss 2.2303
Epoch 27, Batch 224/321, Lx 2.0926, Lu 0.3399, Penalty 0.0428, loss 2.4752
Epoch 27, Batch 225/321, Lx 1.7887, Lu 0.3038, Penalty 0.1089, loss 2.2014
Epoch 27, Batch 226/321, Lx 1.8880, Lu 0.3002, Penalty 0.0842, loss 2.2724
Epoch 27, Batch 227/321, Lx 1.8274, Lu 0.3212, Penalty 0.0436, loss 2.1922
Epoch 27, Batch 228/321, Lx 2.0333, Lu 0.3894, Penalty 0.0722, loss 2.4949
Epoch 27, Batch 229/321, Lx 1.7847, Lu 0.2758, Penalty 0.0618, loss 2.1224
Epoch 27, Batch 230/321, Lx 2.0078, Lu 0.3223, Penalty 0.0630, loss 2.3931
Epoch 27, Batch 231/321, Lx 1.9290, Lu 0.3149, Penalty 0.0654, loss 2.3094
Epoch 27, Batch 232/321, Lx 1.9164, Lu 0.2025, Penalty 0.0702, loss 2.1891
Epoch 27, Batch 233/321, Lx 1.6953, Lu 0.2131, Penalty 0.0769, loss 1.9853
Epoch 27, Batch 234/321, Lx 1.9044, Lu 0.2731, Penalty 0.0938, loss 2.2713
Epoch 27, Batch 235/321, Lx 1.8830, Lu 0.3149, Penalty 0.0868, loss 2.2847
Epoch 27, Batch 236/321, Lx 1.9556, Lu 0.2565, Penalty 0.0557, loss 2.2678
Epoch 27, Batch 237/321, Lx 1.9529, Lu 0.2470, Penalty 0.0465, loss 2.2464
Epoch 27, Batch 238/321, Lx 1.9332, Lu 0.2987, Penalty 0.0847, loss 2.3165
Epoch 27, Batch 239/321, Lx 1.9840, Lu 0.3663, Penalty 0.0732, loss 2.4235
Epoch 27, Batch 240/321, Lx 1.8669, Lu 0.2506, Penalty 0.0767, loss 2.1942
Epoch 27, Batch 241/321, Lx 1.8897, Lu 0.3333, Penalty 0.0658, loss 2.2888
Epoch 27, Batch 242/321, Lx 2.0828, Lu 0.3378, Penalty 0.0687, loss 2.4894
Epoch 27, Batch 243/321, Lx 1.7517, Lu 0.2324, Penalty 0.0714, loss 2.0554
Epoch 27, Batch 244/321, Lx 1.6712, Lu 0.1645, Penalty 0.0959, loss 1.9316
Epoch 27, Batch 245/321, Lx 1.9816, Lu 0.3554, Penalty 0.0620, loss 2.3990
Epoch 27, Batch 246/321, Lx 2.0545, Lu 0.3920, Penalty 0.0774, loss 2.5240
Epoch 27, Batch 247/321, Lx 1.7694, Lu 0.2988, Penalty 0.0729, loss 2.1412
Epoch 27, Batch 248/321, Lx 2.0180, Lu 0.3233, Penalty 0.0637, loss 2.4049
Epoch 27, Batch 249/321, Lx 1.8132, Lu 0.2286, Penalty 0.0765, loss 2.1184
Epoch 27, Batch 250/321, Lx 2.0615, Lu 0.3018, Penalty 0.0780, loss 2.4414
Epoch 27, Batch 251/321, Lx 2.0384, Lu 0.3035, Penalty 0.0444, loss 2.3862
Epoch 27, Batch 252/321, Lx 1.9944, Lu 0.2426, Penalty 0.0705, loss 2.3074
Epoch 27, Batch 253/321, Lx 1.7994, Lu 0.3011, Penalty 0.0654, loss 2.1659
Epoch 27, Batch 254/321, Lx 2.0156, Lu 0.2787, Penalty 0.0680, loss 2.3623
Epoch 27, Batch 255/321, Lx 1.8213, Lu 0.2571, Penalty 0.0805, loss 2.1589
Epoch 27, Batch 256/321, Lx 2.0279, Lu 0.3310, Penalty 0.0473, loss 2.4062
Epoch 27, Batch 257/321, Lx 1.5863, Lu 0.2480, Penalty 0.0885, loss 1.9228
Epoch 27, Batch 258/321, Lx 1.8401, Lu 0.3069, Penalty 0.0430, loss 2.1900
Epoch 27, Batch 259/321, Lx 1.9991, Lu 0.2501, Penalty 0.0496, loss 2.2988
Epoch 27, Batch 260/321, Lx 1.6644, Lu 0.2262, Penalty 0.0893, loss 1.9799
Epoch 27, Batch 261/321, Lx 2.0619, Lu 0.3787, Penalty 0.0757, loss 2.5163
Epoch 27, Batch 262/321, Lx 1.6434, Lu 0.2383, Penalty 0.0511, loss 1.9329
Epoch 27, Batch 263/321, Lx 2.0361, Lu 0.2326, Penalty 0.0477, loss 2.3164
Epoch 27, Batch 264/321, Lx 1.8710, Lu 0.2869, Penalty 0.0550, loss 2.2129
Epoch 27, Batch 265/321, Lx 1.3968, Lu 0.2143, Penalty 0.0779, loss 1.6890
Epoch 27, Batch 266/321, Lx 1.9547, Lu 0.3844, Penalty 0.0494, loss 2.3884
Epoch 27, Batch 267/321, Lx 1.9400, Lu 0.3186, Penalty 0.0459, loss 2.3046
Epoch 27, Batch 268/321, Lx 1.9446, Lu 0.2596, Penalty 0.0529, loss 2.2571
Epoch 27, Batch 269/321, Lx 2.0220, Lu 0.3714, Penalty 0.0510, loss 2.4444
Epoch 27, Batch 270/321, Lx 2.0217, Lu 0.3040, Penalty 0.0395, loss 2.3652
Epoch 27, Batch 271/321, Lx 1.5457, Lu 0.2357, Penalty 0.0479, loss 1.8293
Epoch 27, Batch 272/321, Lx 1.9156, Lu 0.2745, Penalty 0.0513, loss 2.2413
Epoch 27, Batch 273/321, Lx 1.9276, Lu 0.2635, Penalty 0.0492, loss 2.2403
Epoch 27, Batch 274/321, Lx 1.7108, Lu 0.2524, Penalty 0.0577, loss 2.0209
Epoch 27, Batch 275/321, Lx 1.8609, Lu 0.2739, Penalty 0.0654, loss 2.2002
Epoch 27, Batch 276/321, Lx 1.7205, Lu 0.2301, Penalty 0.0659, loss 2.0164
Epoch 27, Batch 277/321, Lx 1.7826, Lu 0.2132, Penalty 0.0558, loss 2.0515
Epoch 27, Batch 278/321, Lx 1.9226, Lu 0.2810, Penalty 0.0407, loss 2.2443
Epoch 27, Batch 279/321, Lx 2.0432, Lu 0.3757, Penalty 0.0634, loss 2.4822
Epoch 27, Batch 280/321, Lx 1.9458, Lu 0.3437, Penalty 0.0524, loss 2.3418
Epoch 27, Batch 281/321, Lx 1.9248, Lu 0.3325, Penalty 0.0403, loss 2.2977
Epoch 27, Batch 282/321, Lx 1.9167, Lu 0.2005, Penalty 0.0515, loss 2.1688
Epoch 27, Batch 283/321, Lx 1.5726, Lu 0.2108, Penalty 0.0624, loss 1.8458
Epoch 27, Batch 284/321, Lx 1.9892, Lu 0.3190, Penalty 0.0740, loss 2.3822
Epoch 27, Batch 285/321, Lx 1.8951, Lu 0.2793, Penalty 0.0748, loss 2.2491
Epoch 27, Batch 286/321, Lx 1.9387, Lu 0.2627, Penalty 0.0438, loss 2.2452
Epoch 27, Batch 287/321, Lx 1.7072, Lu 0.2822, Penalty 0.0845, loss 2.0740
Epoch 27, Batch 288/321, Lx 1.9361, Lu 0.2090, Penalty 0.0553, loss 2.2003
Epoch 27, Batch 289/321, Lx 1.9458, Lu 0.3925, Penalty 0.0635, loss 2.4018
Epoch 27, Batch 290/321, Lx 1.8251, Lu 0.2207, Penalty 0.0457, loss 2.0914
Epoch 27, Batch 291/321, Lx 1.2867, Lu 0.1774, Penalty 0.1010, loss 1.5651
Epoch 27, Batch 292/321, Lx 1.9126, Lu 0.2702, Penalty 0.0510, loss 2.2338
Epoch 27, Batch 293/321, Lx 1.8970, Lu 0.3062, Penalty 0.0534, loss 2.2566
Epoch 27, Batch 294/321, Lx 1.7110, Lu 0.2172, Penalty 0.0375, loss 1.9657
Epoch 27, Batch 295/321, Lx 1.8345, Lu 0.2502, Penalty 0.0655, loss 2.1502
Epoch 27, Batch 296/321, Lx 1.8709, Lu 0.3309, Penalty 0.0603, loss 2.2621
Epoch 27, Batch 297/321, Lx 1.8079, Lu 0.2324, Penalty 0.0478, loss 2.0881
Epoch 27, Batch 298/321, Lx 1.9799, Lu 0.2322, Penalty 0.0711, loss 2.2832
Epoch 27, Batch 299/321, Lx 2.0781, Lu 0.3063, Penalty 0.0513, loss 2.4357
Epoch 27, Batch 300/321, Lx 1.9759, Lu 0.2217, Penalty 0.0576, loss 2.2552
Epoch 27, Batch 301/321, Lx 1.7327, Lu 0.1959, Penalty 0.0964, loss 2.0249
Epoch 27, Batch 302/321, Lx 1.6632, Lu 0.2458, Penalty 0.0828, loss 1.9918
Epoch 27, Batch 303/321, Lx 1.8975, Lu 0.3053, Penalty 0.0647, loss 2.2675
Epoch 27, Batch 304/321, Lx 1.9648, Lu 0.2785, Penalty 0.0722, loss 2.3155
Epoch 27, Batch 305/321, Lx 2.1106, Lu 0.3167, Penalty 0.1073, loss 2.5346
Epoch 27, Batch 306/321, Lx 1.7820, Lu 0.2512, Penalty 0.1057, loss 2.1389
Epoch 27, Batch 307/321, Lx 1.9566, Lu 0.2623, Penalty 0.0830, loss 2.3020
Epoch 27, Batch 308/321, Lx 1.9568, Lu 0.2884, Penalty 0.0650, loss 2.3102
Epoch 27, Batch 309/321, Lx 1.7303, Lu 0.2860, Penalty 0.0902, loss 2.1065
Epoch 27, Batch 310/321, Lx 1.9730, Lu 0.3212, Penalty 0.0647, loss 2.3588
Epoch 27, Batch 311/321, Lx 1.9400, Lu 0.2953, Penalty 0.0522, loss 2.2876
Epoch 27, Batch 312/321, Lx 1.7538, Lu 0.2791, Penalty 0.0748, loss 2.1077
Epoch 27, Batch 313/321, Lx 2.1198, Lu 0.3395, Penalty 0.0565, loss 2.5157
Epoch 27, Batch 314/321, Lx 2.0454, Lu 0.3705, Penalty 0.0845, loss 2.5004
Epoch 27, Batch 315/321, Lx 1.8892, Lu 0.2560, Penalty 0.0596, loss 2.2047
Epoch 27, Batch 316/321, Lx 1.6558, Lu 0.2261, Penalty 0.0521, loss 1.9340
Epoch 27, Batch 317/321, Lx 1.9506, Lu 0.3353, Penalty 0.0487, loss 2.3347
Epoch 27, Batch 318/321, Lx 1.9739, Lu 0.3080, Penalty 0.0492, loss 2.3310
Epoch 27, Batch 319/321, Lx 1.8212, Lu 0.3345, Penalty 0.0643, loss 2.2200
Epoch 27, Batch 320/321, Lx 1.9480, Lu 0.2925, Penalty 0.0730, loss 2.3135
Epoch 27, Batch 321/321, Lx 2.0635, Lu 0.2365, Penalty 0.0495, loss 2.3495
Loss: 2.2630, Lx: 1.9110, Lu: 0.2908, Penalty: 0.0612
Evaluating training data at epoch 27 for Model 1
GMM Means: [0.5909815  0.34454005]
GMM Covariances: [0.01810124 0.01376243]
Evaluating training data at epoch 27 for Model 2
GMM Means: [0.58205795 0.33832954]
GMM Covariances: [0.01739305 0.01533879]
Evaluating models at epoch 27
Test data size: 60000
Epoch: 27, Test Loss: 1.5566, Test Accuracy: 0.4840, Test F1 Score: 0.4793
Training for Network 1
labelled data size: 11608
unlabelled data size: 30392
Epoch 28, Batch 1/363, Lx 1.9714, Lu 0.3172, Penalty 0.0479, loss 2.3366
Epoch 28, Batch 2/363, Lx 2.0965, Lu 0.3218, Penalty 0.0816, loss 2.4998
Epoch 28, Batch 3/363, Lx 1.9042, Lu 0.2595, Penalty 0.0776, loss 2.2414
Epoch 28, Batch 4/363, Lx 1.9031, Lu 0.2458, Penalty 0.0530, loss 2.2019
Epoch 28, Batch 5/363, Lx 1.8570, Lu 0.2741, Penalty 0.0757, loss 2.2068
Epoch 28, Batch 6/363, Lx 1.9954, Lu 0.3629, Penalty 0.0726, loss 2.4308
Epoch 28, Batch 7/363, Lx 1.9446, Lu 0.3484, Penalty 0.0722, loss 2.3652
Epoch 28, Batch 8/363, Lx 1.9207, Lu 0.3036, Penalty 0.0707, loss 2.2951
Epoch 28, Batch 9/363, Lx 1.9898, Lu 0.3160, Penalty 0.0614, loss 2.3671
Epoch 28, Batch 10/363, Lx 1.7757, Lu 0.2504, Penalty 0.1021, loss 2.1282
Epoch 28, Batch 11/363, Lx 1.7522, Lu 0.2584, Penalty 0.0737, loss 2.0844
Epoch 28, Batch 12/363, Lx 2.0964, Lu 0.3208, Penalty 0.0641, loss 2.4813
Epoch 28, Batch 13/363, Lx 2.0322, Lu 0.2922, Penalty 0.0745, loss 2.3990
Epoch 28, Batch 14/363, Lx 1.9598, Lu 0.3684, Penalty 0.0695, loss 2.3977
Epoch 28, Batch 15/363, Lx 1.6204, Lu 0.2446, Penalty 0.1076, loss 1.9726
Epoch 28, Batch 16/363, Lx 1.9546, Lu 0.3279, Penalty 0.0693, loss 2.3518
Epoch 28, Batch 17/363, Lx 1.8327, Lu 0.2444, Penalty 0.0845, loss 2.1615
Epoch 28, Batch 18/363, Lx 1.9306, Lu 0.2155, Penalty 0.0735, loss 2.2196
Epoch 28, Batch 19/363, Lx 1.8552, Lu 0.2456, Penalty 0.0777, loss 2.1785
Epoch 28, Batch 20/363, Lx 1.6616, Lu 0.1874, Penalty 0.1018, loss 1.9507
Epoch 28, Batch 21/363, Lx 1.8441, Lu 0.2234, Penalty 0.0826, loss 2.1501
Epoch 28, Batch 22/363, Lx 1.8036, Lu 0.2920, Penalty 0.0730, loss 2.1686
Epoch 28, Batch 23/363, Lx 1.9295, Lu 0.2312, Penalty 0.0819, loss 2.2426
Epoch 28, Batch 24/363, Lx 1.9384, Lu 0.2465, Penalty 0.0654, loss 2.2503
Epoch 28, Batch 25/363, Lx 1.9621, Lu 0.2936, Penalty 0.0560, loss 2.3117
Epoch 28, Batch 26/363, Lx 1.9830, Lu 0.3399, Penalty 0.0577, loss 2.3805
Epoch 28, Batch 27/363, Lx 2.0270, Lu 0.2608, Penalty 0.0559, loss 2.3436
Epoch 28, Batch 28/363, Lx 2.1691, Lu 0.3483, Penalty 0.0660, loss 2.5835
Epoch 28, Batch 29/363, Lx 1.8239, Lu 0.2804, Penalty 0.0636, loss 2.1679
Epoch 28, Batch 30/363, Lx 1.8449, Lu 0.2423, Penalty 0.0701, loss 2.1572
Epoch 28, Batch 31/363, Lx 2.0528, Lu 0.3283, Penalty 0.0736, loss 2.4546
Epoch 28, Batch 32/363, Lx 2.0348, Lu 0.3338, Penalty 0.0487, loss 2.4172
Epoch 28, Batch 33/363, Lx 2.0139, Lu 0.3449, Penalty 0.0736, loss 2.4324
Epoch 28, Batch 34/363, Lx 1.9658, Lu 0.3674, Penalty 0.0577, loss 2.3909
Epoch 28, Batch 35/363, Lx 1.9795, Lu 0.2448, Penalty 0.0624, loss 2.2866
Epoch 28, Batch 36/363, Lx 1.6906, Lu 0.2578, Penalty 0.0775, loss 2.0259
Epoch 28, Batch 37/363, Lx 1.9570, Lu 0.2681, Penalty 0.0689, loss 2.2940
Epoch 28, Batch 38/363, Lx 2.0230, Lu 0.3267, Penalty 0.0490, loss 2.3987
Epoch 28, Batch 39/363, Lx 2.0077, Lu 0.3388, Penalty 0.0579, loss 2.4044
Epoch 28, Batch 40/363, Lx 1.7326, Lu 0.1991, Penalty 0.1017, loss 2.0335
Epoch 28, Batch 41/363, Lx 1.9444, Lu 0.2949, Penalty 0.0478, loss 2.2872
Epoch 28, Batch 42/363, Lx 1.8895, Lu 0.2520, Penalty 0.0496, loss 2.1910
Epoch 28, Batch 43/363, Lx 1.8626, Lu 0.2390, Penalty 0.0826, loss 2.1841
Epoch 28, Batch 44/363, Lx 1.8063, Lu 0.2926, Penalty 0.0731, loss 2.1719
Epoch 28, Batch 45/363, Lx 1.9661, Lu 0.2607, Penalty 0.0740, loss 2.3008
Epoch 28, Batch 46/363, Lx 1.4265, Lu 0.1792, Penalty 0.1175, loss 1.7233
Epoch 28, Batch 47/363, Lx 1.6958, Lu 0.2792, Penalty 0.1346, loss 2.1097
Epoch 28, Batch 48/363, Lx 1.9951, Lu 0.3164, Penalty 0.0812, loss 2.3926
Epoch 28, Batch 49/363, Lx 1.9466, Lu 0.3090, Penalty 0.0777, loss 2.3334
Epoch 28, Batch 50/363, Lx 1.9446, Lu 0.2671, Penalty 0.0571, loss 2.2688
Epoch 28, Batch 51/363, Lx 1.8097, Lu 0.2033, Penalty 0.0660, loss 2.0790
Epoch 28, Batch 52/363, Lx 1.8847, Lu 0.1996, Penalty 0.0651, loss 2.1494
Epoch 28, Batch 53/363, Lx 1.7888, Lu 0.2561, Penalty 0.0738, loss 2.1188
Epoch 28, Batch 54/363, Lx 1.8276, Lu 0.2691, Penalty 0.0895, loss 2.1862
Epoch 28, Batch 55/363, Lx 1.9031, Lu 0.2863, Penalty 0.0846, loss 2.2740
Epoch 28, Batch 56/363, Lx 1.8912, Lu 0.3069, Penalty 0.0640, loss 2.2621
Epoch 28, Batch 57/363, Lx 1.9306, Lu 0.2453, Penalty 0.0927, loss 2.2686
Epoch 28, Batch 58/363, Lx 1.6663, Lu 0.1784, Penalty 0.0843, loss 1.9290
Epoch 28, Batch 59/363, Lx 1.9121, Lu 0.2774, Penalty 0.0658, loss 2.2552
Epoch 28, Batch 60/363, Lx 1.8089, Lu 0.3020, Penalty 0.0920, loss 2.2029
Epoch 28, Batch 61/363, Lx 1.9143, Lu 0.3305, Penalty 0.1003, loss 2.3450
Epoch 28, Batch 62/363, Lx 1.7964, Lu 0.2872, Penalty 0.0926, loss 2.1762
Epoch 28, Batch 63/363, Lx 1.9637, Lu 0.3057, Penalty 0.0747, loss 2.3441
Epoch 28, Batch 64/363, Lx 2.0934, Lu 0.3388, Penalty 0.0741, loss 2.5063
Epoch 28, Batch 65/363, Lx 1.8950, Lu 0.1965, Penalty 0.0701, loss 2.1617
Epoch 28, Batch 66/363, Lx 1.9910, Lu 0.2164, Penalty 0.0925, loss 2.2999
Epoch 28, Batch 67/363, Lx 2.0345, Lu 0.3316, Penalty 0.0916, loss 2.4577
Epoch 28, Batch 68/363, Lx 1.8675, Lu 0.1966, Penalty 0.0727, loss 2.1368
Epoch 28, Batch 69/363, Lx 1.9141, Lu 0.2487, Penalty 0.0913, loss 2.2541
Epoch 28, Batch 70/363, Lx 1.9192, Lu 0.2159, Penalty 0.0611, loss 2.1962
Epoch 28, Batch 71/363, Lx 1.9602, Lu 0.3323, Penalty 0.0545, loss 2.3470
Epoch 28, Batch 72/363, Lx 1.8592, Lu 0.2476, Penalty 0.0683, loss 2.1751
Epoch 28, Batch 73/363, Lx 1.6535, Lu 0.2517, Penalty 0.0898, loss 1.9949
Epoch 28, Batch 74/363, Lx 1.8076, Lu 0.2300, Penalty 0.0710, loss 2.1087
Epoch 28, Batch 75/363, Lx 1.7588, Lu 0.2451, Penalty 0.0721, loss 2.0760
Epoch 28, Batch 76/363, Lx 1.8240, Lu 0.2997, Penalty 0.0847, loss 2.2084
Epoch 28, Batch 77/363, Lx 1.5625, Lu 0.1999, Penalty 0.0634, loss 1.8258
Epoch 28, Batch 78/363, Lx 1.9759, Lu 0.3314, Penalty 0.0811, loss 2.3883
Epoch 28, Batch 79/363, Lx 1.8002, Lu 0.2101, Penalty 0.0702, loss 2.0806
Epoch 28, Batch 80/363, Lx 2.0083, Lu 0.3456, Penalty 0.0699, loss 2.4237
Epoch 28, Batch 81/363, Lx 1.7659, Lu 0.3257, Penalty 0.0842, loss 2.1759
Epoch 28, Batch 82/363, Lx 2.0390, Lu 0.2747, Penalty 0.0685, loss 2.3822
Epoch 28, Batch 83/363, Lx 1.8630, Lu 0.3166, Penalty 0.0766, loss 2.2561
Epoch 28, Batch 84/363, Lx 1.7501, Lu 0.2004, Penalty 0.0773, loss 2.0278
Epoch 28, Batch 85/363, Lx 2.0051, Lu 0.3533, Penalty 0.0554, loss 2.4138
Epoch 28, Batch 86/363, Lx 1.9395, Lu 0.3038, Penalty 0.0688, loss 2.3121
Epoch 28, Batch 87/363, Lx 1.9216, Lu 0.2497, Penalty 0.0583, loss 2.2297
Epoch 28, Batch 88/363, Lx 1.8354, Lu 0.2378, Penalty 0.0746, loss 2.1478
Epoch 28, Batch 89/363, Lx 1.8457, Lu 0.3444, Penalty 0.0540, loss 2.2441
Epoch 28, Batch 90/363, Lx 1.5391, Lu 0.2180, Penalty 0.0731, loss 1.8302
Epoch 28, Batch 91/363, Lx 1.9667, Lu 0.3384, Penalty 0.0806, loss 2.3857
Epoch 28, Batch 92/363, Lx 1.9072, Lu 0.2622, Penalty 0.0764, loss 2.2458
Epoch 28, Batch 93/363, Lx 1.9103, Lu 0.2438, Penalty 0.0651, loss 2.2193
Epoch 28, Batch 94/363, Lx 1.8874, Lu 0.2333, Penalty 0.0741, loss 2.1948
Epoch 28, Batch 95/363, Lx 1.8060, Lu 0.2946, Penalty 0.0867, loss 2.1873
Epoch 28, Batch 96/363, Lx 2.0470, Lu 0.2478, Penalty 0.0595, loss 2.3543
Epoch 28, Batch 97/363, Lx 1.9591, Lu 0.2029, Penalty 0.0773, loss 2.2392
Epoch 28, Batch 98/363, Lx 1.8326, Lu 0.2382, Penalty 0.0732, loss 2.1440
Epoch 28, Batch 99/363, Lx 1.9402, Lu 0.3446, Penalty 0.0665, loss 2.3513
Epoch 28, Batch 100/363, Lx 1.8770, Lu 0.2610, Penalty 0.0745, loss 2.2125
Epoch 28, Batch 101/363, Lx 1.9296, Lu 0.2013, Penalty 0.0655, loss 2.1964
Epoch 28, Batch 102/363, Lx 1.6381, Lu 0.2775, Penalty 0.0800, loss 1.9955
Epoch 28, Batch 103/363, Lx 1.9616, Lu 0.2356, Penalty 0.0759, loss 2.2730
Epoch 28, Batch 104/363, Lx 1.9007, Lu 0.2610, Penalty 0.0744, loss 2.2362
Epoch 28, Batch 105/363, Lx 1.9027, Lu 0.3472, Penalty 0.0781, loss 2.3280
Epoch 28, Batch 106/363, Lx 1.7093, Lu 0.2482, Penalty 0.0591, loss 2.0165
Epoch 28, Batch 107/363, Lx 1.7189, Lu 0.2344, Penalty 0.0610, loss 2.0143
Epoch 28, Batch 108/363, Lx 1.8995, Lu 0.2990, Penalty 0.0636, loss 2.2621
Epoch 28, Batch 109/363, Lx 1.7003, Lu 0.2602, Penalty 0.0696, loss 2.0302
Epoch 28, Batch 110/363, Lx 2.0924, Lu 0.4044, Penalty 0.0639, loss 2.5607
Epoch 28, Batch 111/363, Lx 1.5882, Lu 0.2232, Penalty 0.0882, loss 1.8996
Epoch 28, Batch 112/363, Lx 2.0867, Lu 0.4229, Penalty 0.0694, loss 2.5790
Epoch 28, Batch 113/363, Lx 1.9075, Lu 0.2710, Penalty 0.1068, loss 2.2853
Epoch 28, Batch 114/363, Lx 1.6911, Lu 0.2069, Penalty 0.0458, loss 1.9438
Epoch 28, Batch 115/363, Lx 1.9670, Lu 0.2719, Penalty 0.0723, loss 2.3111
Epoch 28, Batch 116/363, Lx 1.9602, Lu 0.2037, Penalty 0.0500, loss 2.2139
Epoch 28, Batch 117/363, Lx 1.9528, Lu 0.3535, Penalty 0.0822, loss 2.3885
Epoch 28, Batch 118/363, Lx 1.8959, Lu 0.2596, Penalty 0.0828, loss 2.2383
Epoch 28, Batch 119/363, Lx 2.0419, Lu 0.2847, Penalty 0.0577, loss 2.3843
Epoch 28, Batch 120/363, Lx 1.8054, Lu 0.2794, Penalty 0.0831, loss 2.1679
Epoch 28, Batch 121/363, Lx 1.9040, Lu 0.2971, Penalty 0.0722, loss 2.2733
Epoch 28, Batch 122/363, Lx 1.7364, Lu 0.1995, Penalty 0.0782, loss 2.0141
Epoch 28, Batch 123/363, Lx 1.8938, Lu 0.3531, Penalty 0.0702, loss 2.3172
Epoch 28, Batch 124/363, Lx 1.6645, Lu 0.1953, Penalty 0.0997, loss 1.9595
Epoch 28, Batch 125/363, Lx 1.8314, Lu 0.2329, Penalty 0.0734, loss 2.1377
Epoch 28, Batch 126/363, Lx 1.9141, Lu 0.3045, Penalty 0.0580, loss 2.2766
Epoch 28, Batch 127/363, Lx 1.8773, Lu 0.3019, Penalty 0.0827, loss 2.2619
Epoch 28, Batch 128/363, Lx 1.9842, Lu 0.3193, Penalty 0.0696, loss 2.3731
Epoch 28, Batch 129/363, Lx 1.9110, Lu 0.2221, Penalty 0.0830, loss 2.2161
Epoch 28, Batch 130/363, Lx 1.9383, Lu 0.3159, Penalty 0.0776, loss 2.3317
Epoch 28, Batch 131/363, Lx 1.8031, Lu 0.2993, Penalty 0.0813, loss 2.1838
Epoch 28, Batch 132/363, Lx 1.7204, Lu 0.1997, Penalty 0.1137, loss 2.0338
Epoch 28, Batch 133/363, Lx 1.9561, Lu 0.2795, Penalty 0.0807, loss 2.3163
Epoch 28, Batch 134/363, Lx 1.7219, Lu 0.2635, Penalty 0.1027, loss 2.0881
Epoch 28, Batch 135/363, Lx 1.6987, Lu 0.2515, Penalty 0.0766, loss 2.0267
Epoch 28, Batch 136/363, Lx 1.8417, Lu 0.2778, Penalty 0.0719, loss 2.1913
Epoch 28, Batch 137/363, Lx 1.8137, Lu 0.2836, Penalty 0.0946, loss 2.1918
Epoch 28, Batch 138/363, Lx 1.5665, Lu 0.2075, Penalty 0.0939, loss 1.8679
Epoch 28, Batch 139/363, Lx 1.9472, Lu 0.2312, Penalty 0.0882, loss 2.2667
Epoch 28, Batch 140/363, Lx 1.7785, Lu 0.2839, Penalty 0.0684, loss 2.1308
Epoch 28, Batch 141/363, Lx 1.8058, Lu 0.2558, Penalty 0.0683, loss 2.1299
Epoch 28, Batch 142/363, Lx 1.8958, Lu 0.1964, Penalty 0.0688, loss 2.1609
Epoch 28, Batch 143/363, Lx 1.5908, Lu 0.1689, Penalty 0.0937, loss 1.8533
Epoch 28, Batch 144/363, Lx 1.9862, Lu 0.2342, Penalty 0.0911, loss 2.3115
Epoch 28, Batch 145/363, Lx 1.7054, Lu 0.1900, Penalty 0.0838, loss 1.9793
Epoch 28, Batch 146/363, Lx 1.6989, Lu 0.2191, Penalty 0.0659, loss 1.9839
Epoch 28, Batch 147/363, Lx 1.9066, Lu 0.2811, Penalty 0.0662, loss 2.2539
Epoch 28, Batch 148/363, Lx 2.0682, Lu 0.2715, Penalty 0.0829, loss 2.4226
Epoch 28, Batch 149/363, Lx 1.7809, Lu 0.2328, Penalty 0.0630, loss 2.0767
Epoch 28, Batch 150/363, Lx 1.7625, Lu 0.2387, Penalty 0.0992, loss 2.1004
Epoch 28, Batch 151/363, Lx 1.9327, Lu 0.2289, Penalty 0.0634, loss 2.2250
Epoch 28, Batch 152/363, Lx 1.6839, Lu 0.2450, Penalty 0.0700, loss 1.9989
Epoch 28, Batch 153/363, Lx 2.0728, Lu 0.3231, Penalty 0.0791, loss 2.4750
Epoch 28, Batch 154/363, Lx 2.0903, Lu 0.3065, Penalty 0.0534, loss 2.4501
Epoch 28, Batch 155/363, Lx 1.9056, Lu 0.3105, Penalty 0.0665, loss 2.2825
Epoch 28, Batch 156/363, Lx 1.7368, Lu 0.2091, Penalty 0.0626, loss 2.0084
Epoch 28, Batch 157/363, Lx 1.9315, Lu 0.2745, Penalty 0.0645, loss 2.2705
Epoch 28, Batch 158/363, Lx 2.0218, Lu 0.3335, Penalty 0.0825, loss 2.4378
Epoch 28, Batch 159/363, Lx 2.0787, Lu 0.2879, Penalty 0.0732, loss 2.4398
Epoch 28, Batch 160/363, Lx 1.8833, Lu 0.3763, Penalty 0.0861, loss 2.3457
Epoch 28, Batch 161/363, Lx 1.9878, Lu 0.3290, Penalty 0.0568, loss 2.3737
Epoch 28, Batch 162/363, Lx 2.0043, Lu 0.2668, Penalty 0.0561, loss 2.3271
Epoch 28, Batch 163/363, Lx 1.9722, Lu 0.3753, Penalty 0.0630, loss 2.4105
Epoch 28, Batch 164/363, Lx 1.8682, Lu 0.2091, Penalty 0.0731, loss 2.1504
Epoch 28, Batch 165/363, Lx 1.9774, Lu 0.3284, Penalty 0.0658, loss 2.3716
Epoch 28, Batch 166/363, Lx 1.9916, Lu 0.2792, Penalty 0.0517, loss 2.3225
Epoch 28, Batch 167/363, Lx 1.8742, Lu 0.2470, Penalty 0.0606, loss 2.1819
Epoch 28, Batch 168/363, Lx 1.9544, Lu 0.2872, Penalty 0.0579, loss 2.2995
Epoch 28, Batch 169/363, Lx 1.9614, Lu 0.2271, Penalty 0.0477, loss 2.2363
Epoch 28, Batch 170/363, Lx 2.0200, Lu 0.2646, Penalty 0.0407, loss 2.3253
Epoch 28, Batch 171/363, Lx 1.9072, Lu 0.1963, Penalty 0.0653, loss 2.1688
Epoch 28, Batch 172/363, Lx 1.8553, Lu 0.2850, Penalty 0.0740, loss 2.2143
Epoch 28, Batch 173/363, Lx 1.6610, Lu 0.1862, Penalty 0.0578, loss 1.9051
Epoch 28, Batch 174/363, Lx 1.9219, Lu 0.2744, Penalty 0.0693, loss 2.2656
Epoch 28, Batch 175/363, Lx 1.8273, Lu 0.2494, Penalty 0.0663, loss 2.1430
Epoch 28, Batch 176/363, Lx 1.8153, Lu 0.2466, Penalty 0.0797, loss 2.1416
Epoch 28, Batch 177/363, Lx 1.9166, Lu 0.2800, Penalty 0.0486, loss 2.2452
Epoch 28, Batch 178/363, Lx 2.0344, Lu 0.3457, Penalty 0.0624, loss 2.4425
Epoch 28, Batch 179/363, Lx 1.9976, Lu 0.3394, Penalty 0.0803, loss 2.4172
Epoch 28, Batch 180/363, Lx 1.7587, Lu 0.3066, Penalty 0.0918, loss 2.1571
Epoch 28, Batch 181/363, Lx 1.8446, Lu 0.2678, Penalty 0.0636, loss 2.1760
Epoch 28, Batch 182/363, Lx 1.7267, Lu 0.2139, Penalty 0.0814, loss 2.0220
Epoch 28, Batch 183/363, Lx 1.9179, Lu 0.2392, Penalty 0.0750, loss 2.2320
Epoch 28, Batch 184/363, Lx 1.9543, Lu 0.3015, Penalty 0.0929, loss 2.3487
Epoch 28, Batch 185/363, Lx 1.8716, Lu 0.2008, Penalty 0.0575, loss 2.1300
Epoch 28, Batch 186/363, Lx 1.7856, Lu 0.2788, Penalty 0.0829, loss 2.1472
Epoch 28, Batch 187/363, Lx 1.8220, Lu 0.2725, Penalty 0.1150, loss 2.2095
Epoch 28, Batch 188/363, Lx 1.7268, Lu 0.2778, Penalty 0.1222, loss 2.1268
Epoch 28, Batch 189/363, Lx 1.8790, Lu 0.3101, Penalty 0.0577, loss 2.2467
Epoch 28, Batch 190/363, Lx 1.8798, Lu 0.1960, Penalty 0.0693, loss 2.1451
Epoch 28, Batch 191/363, Lx 1.7316, Lu 0.2777, Penalty 0.1065, loss 2.1158
Epoch 28, Batch 192/363, Lx 1.6791, Lu 0.2642, Penalty 0.0766, loss 2.0199
Epoch 28, Batch 193/363, Lx 2.0224, Lu 0.2144, Penalty 0.0631, loss 2.2999
Epoch 28, Batch 194/363, Lx 2.0412, Lu 0.2244, Penalty 0.0628, loss 2.3284
Epoch 28, Batch 195/363, Lx 1.6608, Lu 0.2169, Penalty 0.0955, loss 1.9732
Epoch 28, Batch 196/363, Lx 1.8928, Lu 0.2421, Penalty 0.0869, loss 2.2218
Epoch 28, Batch 197/363, Lx 1.9551, Lu 0.3308, Penalty 0.0640, loss 2.3499
Epoch 28, Batch 198/363, Lx 1.7252, Lu 0.2283, Penalty 0.0683, loss 2.0218
Epoch 28, Batch 199/363, Lx 2.0439, Lu 0.3112, Penalty 0.0618, loss 2.4170
Epoch 28, Batch 200/363, Lx 1.6119, Lu 0.2132, Penalty 0.0829, loss 1.9080
Epoch 28, Batch 201/363, Lx 2.0143, Lu 0.2742, Penalty 0.0787, loss 2.3672
Epoch 28, Batch 202/363, Lx 2.0386, Lu 0.3274, Penalty 0.0683, loss 2.4343
Epoch 28, Batch 203/363, Lx 2.0604, Lu 0.3567, Penalty 0.0699, loss 2.4870
Epoch 28, Batch 204/363, Lx 1.9878, Lu 0.3072, Penalty 0.0646, loss 2.3595
Epoch 28, Batch 205/363, Lx 1.5591, Lu 0.2191, Penalty 0.0995, loss 1.8776
Epoch 28, Batch 206/363, Lx 1.8191, Lu 0.2295, Penalty 0.0596, loss 2.1082
Epoch 28, Batch 207/363, Lx 1.9612, Lu 0.3980, Penalty 0.0750, loss 2.4342
Epoch 28, Batch 208/363, Lx 1.8566, Lu 0.2370, Penalty 0.0660, loss 2.1597
Epoch 28, Batch 209/363, Lx 1.6566, Lu 0.2489, Penalty 0.1069, loss 2.0124
Epoch 28, Batch 210/363, Lx 1.9044, Lu 0.3209, Penalty 0.0695, loss 2.2948
Epoch 28, Batch 211/363, Lx 1.8614, Lu 0.2743, Penalty 0.1005, loss 2.2362
Epoch 28, Batch 212/363, Lx 1.8731, Lu 0.2087, Penalty 0.0569, loss 2.1387
Epoch 28, Batch 213/363, Lx 1.9274, Lu 0.3285, Penalty 0.0729, loss 2.3289
Epoch 28, Batch 214/363, Lx 1.7709, Lu 0.3015, Penalty 0.1000, loss 2.1724
Epoch 28, Batch 215/363, Lx 1.9586, Lu 0.3226, Penalty 0.0884, loss 2.3696
Epoch 28, Batch 216/363, Lx 1.8480, Lu 0.1993, Penalty 0.0767, loss 2.1240
Epoch 28, Batch 217/363, Lx 1.7279, Lu 0.2730, Penalty 0.0807, loss 2.0816
Epoch 28, Batch 218/363, Lx 1.8065, Lu 0.2655, Penalty 0.0802, loss 2.1522
Epoch 28, Batch 219/363, Lx 1.8188, Lu 0.2087, Penalty 0.0982, loss 2.1257
Epoch 28, Batch 220/363, Lx 1.6671, Lu 0.2397, Penalty 0.0831, loss 1.9898
Epoch 28, Batch 221/363, Lx 1.8277, Lu 0.2267, Penalty 0.0966, loss 2.1510
Epoch 28, Batch 222/363, Lx 1.8075, Lu 0.2396, Penalty 0.0931, loss 2.1402
Epoch 28, Batch 223/363, Lx 1.8729, Lu 0.2524, Penalty 0.0679, loss 2.1932
Epoch 28, Batch 224/363, Lx 1.9755, Lu 0.3288, Penalty 0.0674, loss 2.3716
Epoch 28, Batch 225/363, Lx 1.9127, Lu 0.3053, Penalty 0.0862, loss 2.3042
Epoch 28, Batch 226/363, Lx 1.9504, Lu 0.2261, Penalty 0.0738, loss 2.2503
Epoch 28, Batch 227/363, Lx 1.6829, Lu 0.2553, Penalty 0.0947, loss 2.0329
Epoch 28, Batch 228/363, Lx 1.9024, Lu 0.2870, Penalty 0.0933, loss 2.2827
Epoch 28, Batch 229/363, Lx 1.9683, Lu 0.2926, Penalty 0.0481, loss 2.3090
Epoch 28, Batch 230/363, Lx 1.6566, Lu 0.2001, Penalty 0.0663, loss 1.9230
Epoch 28, Batch 231/363, Lx 2.0074, Lu 0.3562, Penalty 0.0647, loss 2.4283
Epoch 28, Batch 232/363, Lx 1.9403, Lu 0.2853, Penalty 0.0496, loss 2.2751
Epoch 28, Batch 233/363, Lx 1.9102, Lu 0.3294, Penalty 0.0750, loss 2.3146
Epoch 28, Batch 234/363, Lx 1.6606, Lu 0.2667, Penalty 0.0780, loss 2.0054
Epoch 28, Batch 235/363, Lx 1.8456, Lu 0.2509, Penalty 0.0627, loss 2.1591
Epoch 28, Batch 236/363, Lx 1.7220, Lu 0.1875, Penalty 0.0781, loss 1.9877
Epoch 28, Batch 237/363, Lx 1.9941, Lu 0.3639, Penalty 0.0643, loss 2.4223
Epoch 28, Batch 238/363, Lx 2.0270, Lu 0.3320, Penalty 0.0778, loss 2.4367
Epoch 28, Batch 239/363, Lx 2.0380, Lu 0.3314, Penalty 0.0750, loss 2.4444
Epoch 28, Batch 240/363, Lx 2.0552, Lu 0.2666, Penalty 0.0723, loss 2.3941
Epoch 28, Batch 241/363, Lx 1.8031, Lu 0.2600, Penalty 0.0728, loss 2.1358
Epoch 28, Batch 242/363, Lx 1.9573, Lu 0.3404, Penalty 0.0745, loss 2.3722
Epoch 28, Batch 243/363, Lx 1.9674, Lu 0.3312, Penalty 0.0840, loss 2.3826
Epoch 28, Batch 244/363, Lx 1.9353, Lu 0.3538, Penalty 0.0848, loss 2.3738
Epoch 28, Batch 245/363, Lx 1.8960, Lu 0.2351, Penalty 0.0577, loss 2.1888
Epoch 28, Batch 246/363, Lx 1.8700, Lu 0.2622, Penalty 0.0744, loss 2.2066
Epoch 28, Batch 247/363, Lx 1.7496, Lu 0.3608, Penalty 0.0831, loss 2.1934
Epoch 28, Batch 248/363, Lx 1.7368, Lu 0.2118, Penalty 0.0719, loss 2.0205
Epoch 28, Batch 249/363, Lx 1.9138, Lu 0.2848, Penalty 0.0824, loss 2.2809
Epoch 28, Batch 250/363, Lx 1.7376, Lu 0.2425, Penalty 0.0853, loss 2.0653
Epoch 28, Batch 251/363, Lx 1.9638, Lu 0.2710, Penalty 0.0905, loss 2.3253
Epoch 28, Batch 252/363, Lx 2.0394, Lu 0.3432, Penalty 0.0577, loss 2.4403
Epoch 28, Batch 253/363, Lx 1.9178, Lu 0.3542, Penalty 0.0808, loss 2.3528
Epoch 28, Batch 254/363, Lx 2.0087, Lu 0.3738, Penalty 0.0851, loss 2.4676
Epoch 28, Batch 255/363, Lx 1.7011, Lu 0.2279, Penalty 0.1281, loss 2.0571
Epoch 28, Batch 256/363, Lx 1.9713, Lu 0.2094, Penalty 0.0744, loss 2.2552
Epoch 28, Batch 257/363, Lx 1.7054, Lu 0.2174, Penalty 0.0640, loss 1.9868
Epoch 28, Batch 258/363, Lx 1.8722, Lu 0.2395, Penalty 0.0961, loss 2.2078
Epoch 28, Batch 259/363, Lx 1.8437, Lu 0.2843, Penalty 0.0767, loss 2.2048
Epoch 28, Batch 260/363, Lx 1.7453, Lu 0.2798, Penalty 0.0740, loss 2.0991
Epoch 28, Batch 261/363, Lx 1.8899, Lu 0.2223, Penalty 0.0648, loss 2.1769
Epoch 28, Batch 262/363, Lx 1.6791, Lu 0.2819, Penalty 0.0914, loss 2.0524
Epoch 28, Batch 263/363, Lx 1.9272, Lu 0.3476, Penalty 0.0786, loss 2.3535
Epoch 28, Batch 264/363, Lx 1.8740, Lu 0.1987, Penalty 0.0860, loss 2.1587
Epoch 28, Batch 265/363, Lx 1.8763, Lu 0.2543, Penalty 0.0708, loss 2.2014
Epoch 28, Batch 266/363, Lx 1.7788, Lu 0.1877, Penalty 0.0581, loss 2.0245
Epoch 28, Batch 267/363, Lx 1.5482, Lu 0.2013, Penalty 0.0975, loss 1.8470
Epoch 28, Batch 268/363, Lx 1.8827, Lu 0.3079, Penalty 0.0826, loss 2.2732
Epoch 28, Batch 269/363, Lx 1.8326, Lu 0.2379, Penalty 0.0962, loss 2.1666
Epoch 28, Batch 270/363, Lx 1.9077, Lu 0.2040, Penalty 0.0748, loss 2.1865
Epoch 28, Batch 271/363, Lx 1.9126, Lu 0.3740, Penalty 0.0903, loss 2.3768
Epoch 28, Batch 272/363, Lx 1.9403, Lu 0.2897, Penalty 0.0558, loss 2.2858
Epoch 28, Batch 273/363, Lx 1.6976, Lu 0.2628, Penalty 0.0668, loss 2.0272
Epoch 28, Batch 274/363, Lx 1.9146, Lu 0.2551, Penalty 0.0758, loss 2.2455
Epoch 28, Batch 275/363, Lx 1.9199, Lu 0.3166, Penalty 0.1086, loss 2.3451
Epoch 28, Batch 276/363, Lx 1.8531, Lu 0.2315, Penalty 0.0665, loss 2.1510
Epoch 28, Batch 277/363, Lx 1.9801, Lu 0.3796, Penalty 0.0616, loss 2.4213
Epoch 28, Batch 278/363, Lx 2.0091, Lu 0.2815, Penalty 0.0839, loss 2.3746
Epoch 28, Batch 279/363, Lx 1.7086, Lu 0.2709, Penalty 0.0767, loss 2.0561
Epoch 28, Batch 280/363, Lx 1.7932, Lu 0.2864, Penalty 0.0641, loss 2.1437
Epoch 28, Batch 281/363, Lx 1.7733, Lu 0.2797, Penalty 0.0997, loss 2.1527
Epoch 28, Batch 282/363, Lx 1.9026, Lu 0.2733, Penalty 0.1000, loss 2.2759
Epoch 28, Batch 283/363, Lx 1.8477, Lu 0.2624, Penalty 0.1187, loss 2.2288
Epoch 28, Batch 284/363, Lx 1.8290, Lu 0.2117, Penalty 0.0764, loss 2.1171
Epoch 28, Batch 285/363, Lx 1.9029, Lu 0.2159, Penalty 0.0704, loss 2.1893
Epoch 28, Batch 286/363, Lx 1.9635, Lu 0.2987, Penalty 0.0786, loss 2.3407
Epoch 28, Batch 287/363, Lx 1.7937, Lu 0.2926, Penalty 0.0677, loss 2.1540
Epoch 28, Batch 288/363, Lx 1.8067, Lu 0.2672, Penalty 0.0844, loss 2.1583
Epoch 28, Batch 289/363, Lx 1.8840, Lu 0.2922, Penalty 0.0855, loss 2.2617
Epoch 28, Batch 290/363, Lx 1.9936, Lu 0.3067, Penalty 0.0765, loss 2.3767
Epoch 28, Batch 291/363, Lx 1.7142, Lu 0.1902, Penalty 0.0744, loss 1.9789
Epoch 28, Batch 292/363, Lx 1.9850, Lu 0.3537, Penalty 0.0820, loss 2.4207
Epoch 28, Batch 293/363, Lx 1.9279, Lu 0.3352, Penalty 0.0705, loss 2.3336
Epoch 28, Batch 294/363, Lx 1.6662, Lu 0.2573, Penalty 0.0869, loss 2.0104
Epoch 28, Batch 295/363, Lx 1.9840, Lu 0.2757, Penalty 0.0687, loss 2.3284
Epoch 28, Batch 296/363, Lx 1.8185, Lu 0.2244, Penalty 0.0814, loss 2.1243
Epoch 28, Batch 297/363, Lx 1.9197, Lu 0.2947, Penalty 0.0936, loss 2.3081
Epoch 28, Batch 298/363, Lx 1.8220, Lu 0.2061, Penalty 0.0754, loss 2.1034
Epoch 28, Batch 299/363, Lx 1.7360, Lu 0.2858, Penalty 0.1081, loss 2.1299
Epoch 28, Batch 300/363, Lx 1.9505, Lu 0.4077, Penalty 0.0908, loss 2.4490
Epoch 28, Batch 301/363, Lx 1.7811, Lu 0.2412, Penalty 0.0739, loss 2.0962
Epoch 28, Batch 302/363, Lx 2.0059, Lu 0.3372, Penalty 0.0599, loss 2.4031
Epoch 28, Batch 303/363, Lx 1.9975, Lu 0.3160, Penalty 0.0529, loss 2.3664
Epoch 28, Batch 304/363, Lx 1.6660, Lu 0.2246, Penalty 0.0866, loss 1.9772
Epoch 28, Batch 305/363, Lx 1.9400, Lu 0.3747, Penalty 0.1073, loss 2.4219
Epoch 28, Batch 306/363, Lx 1.6815, Lu 0.1495, Penalty 0.0860, loss 1.9170
Epoch 28, Batch 307/363, Lx 1.7719, Lu 0.2532, Penalty 0.1159, loss 2.1409
Epoch 28, Batch 308/363, Lx 1.9307, Lu 0.2252, Penalty 0.0868, loss 2.2426
Epoch 28, Batch 309/363, Lx 1.8320, Lu 0.3827, Penalty 0.0865, loss 2.3013
Epoch 28, Batch 310/363, Lx 1.7694, Lu 0.1946, Penalty 0.0827, loss 2.0468
Epoch 28, Batch 311/363, Lx 1.8556, Lu 0.2032, Penalty 0.0892, loss 2.1480
Epoch 28, Batch 312/363, Lx 1.8949, Lu 0.3177, Penalty 0.0791, loss 2.2917
Epoch 28, Batch 313/363, Lx 1.6722, Lu 0.2194, Penalty 0.0979, loss 1.9896
Epoch 28, Batch 314/363, Lx 1.7692, Lu 0.2971, Penalty 0.0882, loss 2.1545
Epoch 28, Batch 315/363, Lx 1.6756, Lu 0.2202, Penalty 0.0761, loss 1.9718
Epoch 28, Batch 316/363, Lx 1.9168, Lu 0.2225, Penalty 0.0791, loss 2.2184
Epoch 28, Batch 317/363, Lx 1.8417, Lu 0.2277, Penalty 0.0771, loss 2.1465
Epoch 28, Batch 318/363, Lx 1.7953, Lu 0.2545, Penalty 0.0659, loss 2.1157
Epoch 28, Batch 319/363, Lx 1.7607, Lu 0.2883, Penalty 0.0842, loss 2.1332
Epoch 28, Batch 320/363, Lx 1.9053, Lu 0.2536, Penalty 0.0743, loss 2.2331
Epoch 28, Batch 321/363, Lx 1.9760, Lu 0.3236, Penalty 0.0783, loss 2.3779
Epoch 28, Batch 322/363, Lx 1.9392, Lu 0.3087, Penalty 0.0854, loss 2.3333
Epoch 28, Batch 323/363, Lx 2.0179, Lu 0.2353, Penalty 0.0730, loss 2.3262
Epoch 28, Batch 324/363, Lx 1.9916, Lu 0.2964, Penalty 0.0717, loss 2.3597
Epoch 28, Batch 325/363, Lx 1.9328, Lu 0.2330, Penalty 0.0853, loss 2.2511
Epoch 28, Batch 326/363, Lx 1.9613, Lu 0.3135, Penalty 0.0777, loss 2.3525
Epoch 28, Batch 327/363, Lx 1.8798, Lu 0.3161, Penalty 0.0843, loss 2.2801
Epoch 28, Batch 328/363, Lx 1.4594, Lu 0.1690, Penalty 0.0897, loss 1.7181
Epoch 28, Batch 329/363, Lx 2.0042, Lu 0.2710, Penalty 0.0746, loss 2.3498
Epoch 28, Batch 330/363, Lx 1.7307, Lu 0.2152, Penalty 0.0675, loss 2.0134
Epoch 28, Batch 331/363, Lx 1.9780, Lu 0.2200, Penalty 0.0811, loss 2.2791
Epoch 28, Batch 332/363, Lx 1.6590, Lu 0.2490, Penalty 0.1025, loss 2.0106
Epoch 28, Batch 333/363, Lx 1.7450, Lu 0.3032, Penalty 0.0742, loss 2.1224
Epoch 28, Batch 334/363, Lx 1.8862, Lu 0.3052, Penalty 0.0897, loss 2.2811
Epoch 28, Batch 335/363, Lx 1.9824, Lu 0.3289, Penalty 0.0954, loss 2.4066
Epoch 28, Batch 336/363, Lx 1.8806, Lu 0.2791, Penalty 0.0920, loss 2.2517
Epoch 28, Batch 337/363, Lx 1.8777, Lu 0.2731, Penalty 0.1018, loss 2.2526
Epoch 28, Batch 338/363, Lx 1.9905, Lu 0.2625, Penalty 0.0917, loss 2.3447
Epoch 28, Batch 339/363, Lx 1.8701, Lu 0.2817, Penalty 0.0758, loss 2.2276
Epoch 28, Batch 340/363, Lx 1.7047, Lu 0.2068, Penalty 0.0821, loss 1.9937
Epoch 28, Batch 341/363, Lx 1.9676, Lu 0.2533, Penalty 0.0604, loss 2.2813
Epoch 28, Batch 342/363, Lx 2.0287, Lu 0.2553, Penalty 0.0766, loss 2.3606
Epoch 28, Batch 343/363, Lx 1.7052, Lu 0.2225, Penalty 0.0855, loss 2.0132
Epoch 28, Batch 344/363, Lx 1.5760, Lu 0.1916, Penalty 0.0899, loss 1.8576
Epoch 28, Batch 345/363, Lx 2.0046, Lu 0.3104, Penalty 0.0859, loss 2.4009
Epoch 28, Batch 346/363, Lx 1.8904, Lu 0.2198, Penalty 0.0750, loss 2.1852
Epoch 28, Batch 347/363, Lx 1.7988, Lu 0.2536, Penalty 0.0698, loss 2.1221
Epoch 28, Batch 348/363, Lx 1.8973, Lu 0.2171, Penalty 0.0915, loss 2.2058
Epoch 28, Batch 349/363, Lx 2.0171, Lu 0.3382, Penalty 0.0733, loss 2.4286
Epoch 28, Batch 350/363, Lx 1.6725, Lu 0.2168, Penalty 0.0566, loss 1.9459
Epoch 28, Batch 351/363, Lx 1.8446, Lu 0.2605, Penalty 0.0784, loss 2.1834
Epoch 28, Batch 352/363, Lx 1.7403, Lu 0.2451, Penalty 0.0733, loss 2.0587
Epoch 28, Batch 353/363, Lx 1.8300, Lu 0.2657, Penalty 0.0668, loss 2.1625
Epoch 28, Batch 354/363, Lx 1.8003, Lu 0.2949, Penalty 0.0682, loss 2.1634
Epoch 28, Batch 355/363, Lx 1.8848, Lu 0.2860, Penalty 0.0510, loss 2.2218
Epoch 28, Batch 356/363, Lx 1.9433, Lu 0.2463, Penalty 0.0549, loss 2.2446
Epoch 28, Batch 357/363, Lx 1.9945, Lu 0.3276, Penalty 0.0497, loss 2.3718
Epoch 28, Batch 358/363, Lx 1.9716, Lu 0.3896, Penalty 0.0699, loss 2.4311
Epoch 28, Batch 359/363, Lx 1.9958, Lu 0.2841, Penalty 0.0745, loss 2.3544
Epoch 28, Batch 360/363, Lx 1.9401, Lu 0.3272, Penalty 0.0664, loss 2.3337
Epoch 28, Batch 361/363, Lx 1.7995, Lu 0.2526, Penalty 0.0464, loss 2.0985
Epoch 28, Batch 362/363, Lx 2.0089, Lu 0.3082, Penalty 0.0549, loss 2.3720
Epoch 28, Batch 363/363, Lx 1.6500, Lu 0.2607, Penalty 0.1001, loss 2.0108
Loss: 2.2179, Lx: 1.8697, Lu: 0.2720, Penalty: 0.0762
Training for Network 2
labelled data size: 9905
unlabelled data size: 32095
Epoch 28, Batch 1/310, Lx 2.0414, Lu 0.2767, Penalty 0.0628, loss 2.3808
Epoch 28, Batch 2/310, Lx 1.9437, Lu 0.2820, Penalty 0.0605, loss 2.2862
Epoch 28, Batch 3/310, Lx 1.8240, Lu 0.2670, Penalty 0.0408, loss 2.1318
Epoch 28, Batch 4/310, Lx 1.9525, Lu 0.2636, Penalty 0.0699, loss 2.2860
Epoch 28, Batch 5/310, Lx 1.5991, Lu 0.1714, Penalty 0.0443, loss 1.8148
Epoch 28, Batch 6/310, Lx 2.0111, Lu 0.2799, Penalty 0.0663, loss 2.3573
Epoch 28, Batch 7/310, Lx 1.7427, Lu 0.3003, Penalty 0.0605, loss 2.1035
Epoch 28, Batch 8/310, Lx 1.6931, Lu 0.1984, Penalty 0.0677, loss 1.9593
Epoch 28, Batch 9/310, Lx 1.7835, Lu 0.2176, Penalty 0.0681, loss 2.0692
Epoch 28, Batch 10/310, Lx 1.7857, Lu 0.2396, Penalty 0.0428, loss 2.0681
Epoch 28, Batch 11/310, Lx 1.7708, Lu 0.2913, Penalty 0.0840, loss 2.1462
Epoch 28, Batch 12/310, Lx 1.8087, Lu 0.2667, Penalty 0.0703, loss 2.1457
Epoch 28, Batch 13/310, Lx 1.9406, Lu 0.2734, Penalty 0.0792, loss 2.2931
Epoch 28, Batch 14/310, Lx 1.9660, Lu 0.3348, Penalty 0.0553, loss 2.3562
Epoch 28, Batch 15/310, Lx 2.1165, Lu 0.2720, Penalty 0.0548, loss 2.4433
Epoch 28, Batch 16/310, Lx 1.9045, Lu 0.2428, Penalty 0.0666, loss 2.2139
Epoch 28, Batch 17/310, Lx 2.1169, Lu 0.3431, Penalty 0.0726, loss 2.5325
Epoch 28, Batch 18/310, Lx 1.9159, Lu 0.2815, Penalty 0.0651, loss 2.2626
Epoch 28, Batch 19/310, Lx 1.8283, Lu 0.2816, Penalty 0.0801, loss 2.1899
Epoch 28, Batch 20/310, Lx 1.8677, Lu 0.2672, Penalty 0.0592, loss 2.1941
Epoch 28, Batch 21/310, Lx 1.9143, Lu 0.2889, Penalty 0.0724, loss 2.2755
Epoch 28, Batch 22/310, Lx 2.0054, Lu 0.3477, Penalty 0.0592, loss 2.4124
Epoch 28, Batch 23/310, Lx 1.7434, Lu 0.2540, Penalty 0.0720, loss 2.0695
Epoch 28, Batch 24/310, Lx 1.9064, Lu 0.2439, Penalty 0.0500, loss 2.2002
Epoch 28, Batch 25/310, Lx 2.0760, Lu 0.2973, Penalty 0.0415, loss 2.4149
Epoch 28, Batch 26/310, Lx 2.0558, Lu 0.2792, Penalty 0.0452, loss 2.3802
Epoch 28, Batch 27/310, Lx 1.7665, Lu 0.2087, Penalty 0.0994, loss 2.0745
Epoch 28, Batch 28/310, Lx 1.9535, Lu 0.2522, Penalty 0.0512, loss 2.2570
Epoch 28, Batch 29/310, Lx 1.5313, Lu 0.2453, Penalty 0.0940, loss 1.8705
Epoch 28, Batch 30/310, Lx 2.0230, Lu 0.4189, Penalty 0.0487, loss 2.4906
Epoch 28, Batch 31/310, Lx 1.7603, Lu 0.2887, Penalty 0.0521, loss 2.1011
Epoch 28, Batch 32/310, Lx 1.8966, Lu 0.3132, Penalty 0.0450, loss 2.2548
Epoch 28, Batch 33/310, Lx 1.7903, Lu 0.2488, Penalty 0.0658, loss 2.1048
Epoch 28, Batch 34/310, Lx 1.9939, Lu 0.2551, Penalty 0.0590, loss 2.3080
Epoch 28, Batch 35/310, Lx 1.5627, Lu 0.2602, Penalty 0.1078, loss 1.9307
Epoch 28, Batch 36/310, Lx 2.0244, Lu 0.3084, Penalty 0.0692, loss 2.4020
Epoch 28, Batch 37/310, Lx 1.9146, Lu 0.3280, Penalty 0.0748, loss 2.3175
Epoch 28, Batch 38/310, Lx 2.0313, Lu 0.2963, Penalty 0.0532, loss 2.3808
Epoch 28, Batch 39/310, Lx 1.9381, Lu 0.3059, Penalty 0.0623, loss 2.3063
Epoch 28, Batch 40/310, Lx 1.9774, Lu 0.2666, Penalty 0.0492, loss 2.2932
Epoch 28, Batch 41/310, Lx 1.9552, Lu 0.3634, Penalty 0.0491, loss 2.3677
Epoch 28, Batch 42/310, Lx 2.0393, Lu 0.3020, Penalty 0.0350, loss 2.3762
Epoch 28, Batch 43/310, Lx 2.0086, Lu 0.2681, Penalty 0.0711, loss 2.3478
Epoch 28, Batch 44/310, Lx 2.0088, Lu 0.3362, Penalty 0.0599, loss 2.4050
Epoch 28, Batch 45/310, Lx 2.0950, Lu 0.2886, Penalty 0.0522, loss 2.4359
Epoch 28, Batch 46/310, Lx 1.9977, Lu 0.3369, Penalty 0.0655, loss 2.4001
Epoch 28, Batch 47/310, Lx 1.9423, Lu 0.3476, Penalty 0.0529, loss 2.3427
Epoch 28, Batch 48/310, Lx 1.8073, Lu 0.2495, Penalty 0.0663, loss 2.1230
Epoch 28, Batch 49/310, Lx 2.0180, Lu 0.3050, Penalty 0.0420, loss 2.3650
Epoch 28, Batch 50/310, Lx 2.0312, Lu 0.3634, Penalty 0.0618, loss 2.4564
Epoch 28, Batch 51/310, Lx 1.9315, Lu 0.3129, Penalty 0.0778, loss 2.3223
Epoch 28, Batch 52/310, Lx 1.9259, Lu 0.3176, Penalty 0.0506, loss 2.2942
Epoch 28, Batch 53/310, Lx 1.9047, Lu 0.2108, Penalty 0.0386, loss 2.1541
Epoch 28, Batch 54/310, Lx 1.9725, Lu 0.2715, Penalty 0.0561, loss 2.3001
Epoch 28, Batch 55/310, Lx 1.6470, Lu 0.2506, Penalty 0.0726, loss 1.9702
Epoch 28, Batch 56/310, Lx 1.8571, Lu 0.3381, Penalty 0.0793, loss 2.2745
Epoch 28, Batch 57/310, Lx 1.9213, Lu 0.3672, Penalty 0.0656, loss 2.3541
Epoch 28, Batch 58/310, Lx 1.9775, Lu 0.3303, Penalty 0.0979, loss 2.4056
Epoch 28, Batch 59/310, Lx 2.0442, Lu 0.2901, Penalty 0.0809, loss 2.4152
Epoch 28, Batch 60/310, Lx 1.8711, Lu 0.2538, Penalty 0.0804, loss 2.2052
Epoch 28, Batch 61/310, Lx 1.9831, Lu 0.2253, Penalty 0.0562, loss 2.2647
Epoch 28, Batch 62/310, Lx 2.0142, Lu 0.2646, Penalty 0.0887, loss 2.3675
Epoch 28, Batch 63/310, Lx 1.7021, Lu 0.2221, Penalty 0.0617, loss 1.9858
Epoch 28, Batch 64/310, Lx 1.9131, Lu 0.3670, Penalty 0.0709, loss 2.3511
Epoch 28, Batch 65/310, Lx 1.8263, Lu 0.2634, Penalty 0.0704, loss 2.1601
Epoch 28, Batch 66/310, Lx 1.5649, Lu 0.2408, Penalty 0.0740, loss 1.8797
Epoch 28, Batch 67/310, Lx 2.0084, Lu 0.3329, Penalty 0.0765, loss 2.4178
Epoch 28, Batch 68/310, Lx 1.9881, Lu 0.2684, Penalty 0.0780, loss 2.3345
Epoch 28, Batch 69/310, Lx 2.0058, Lu 0.2616, Penalty 0.0637, loss 2.3311
Epoch 28, Batch 70/310, Lx 1.8087, Lu 0.3123, Penalty 0.0669, loss 2.1879
Epoch 28, Batch 71/310, Lx 2.0958, Lu 0.3352, Penalty 0.0714, loss 2.5025
Epoch 28, Batch 72/310, Lx 1.9585, Lu 0.3001, Penalty 0.0513, loss 2.3098
Epoch 28, Batch 73/310, Lx 1.6357, Lu 0.2337, Penalty 0.0783, loss 1.9477
Epoch 28, Batch 74/310, Lx 2.0554, Lu 0.3279, Penalty 0.0473, loss 2.4306
Epoch 28, Batch 75/310, Lx 2.0508, Lu 0.2841, Penalty 0.0321, loss 2.3670
Epoch 28, Batch 76/310, Lx 1.6930, Lu 0.2123, Penalty 0.0480, loss 1.9533
Epoch 28, Batch 77/310, Lx 2.0431, Lu 0.2342, Penalty 0.0445, loss 2.3218
Epoch 28, Batch 78/310, Lx 1.8145, Lu 0.2952, Penalty 0.0707, loss 2.1803
Epoch 28, Batch 79/310, Lx 1.9627, Lu 0.3618, Penalty 0.0444, loss 2.3689
Epoch 28, Batch 80/310, Lx 2.0686, Lu 0.2747, Penalty 0.0429, loss 2.3863
Epoch 28, Batch 81/310, Lx 1.9770, Lu 0.3131, Penalty 0.0470, loss 2.3370
Epoch 28, Batch 82/310, Lx 2.0139, Lu 0.2842, Penalty 0.0530, loss 2.3511
Epoch 28, Batch 83/310, Lx 1.7704, Lu 0.2857, Penalty 0.0555, loss 2.1115
Epoch 28, Batch 84/310, Lx 1.8930, Lu 0.2868, Penalty 0.0599, loss 2.2397
Epoch 28, Batch 85/310, Lx 2.0430, Lu 0.3654, Penalty 0.0577, loss 2.4662
Epoch 28, Batch 86/310, Lx 1.7014, Lu 0.2510, Penalty 0.0656, loss 2.0180
Epoch 28, Batch 87/310, Lx 1.7753, Lu 0.2294, Penalty 0.0586, loss 2.0633
Epoch 28, Batch 88/310, Lx 2.0389, Lu 0.3128, Penalty 0.0624, loss 2.4141
Epoch 28, Batch 89/310, Lx 1.8818, Lu 0.2697, Penalty 0.0549, loss 2.2065
Epoch 28, Batch 90/310, Lx 1.8093, Lu 0.2355, Penalty 0.0579, loss 2.1026
Epoch 28, Batch 91/310, Lx 1.6853, Lu 0.2217, Penalty 0.0469, loss 1.9539
Epoch 28, Batch 92/310, Lx 1.6349, Lu 0.2763, Penalty 0.0572, loss 1.9684
Epoch 28, Batch 93/310, Lx 1.7701, Lu 0.2827, Penalty 0.0497, loss 2.1025
Epoch 28, Batch 94/310, Lx 1.8022, Lu 0.2869, Penalty 0.0669, loss 2.1560
Epoch 28, Batch 95/310, Lx 1.8039, Lu 0.2791, Penalty 0.0629, loss 2.1459
Epoch 28, Batch 96/310, Lx 1.8562, Lu 0.2322, Penalty 0.0625, loss 2.1508
Epoch 28, Batch 97/310, Lx 1.9078, Lu 0.3381, Penalty 0.0526, loss 2.2985
Epoch 28, Batch 98/310, Lx 1.9597, Lu 0.3345, Penalty 0.0732, loss 2.3674
Epoch 28, Batch 99/310, Lx 1.8599, Lu 0.3798, Penalty 0.0484, loss 2.2881
Epoch 28, Batch 100/310, Lx 1.8980, Lu 0.2444, Penalty 0.0578, loss 2.2002
Epoch 28, Batch 101/310, Lx 1.9862, Lu 0.3623, Penalty 0.0634, loss 2.4119
Epoch 28, Batch 102/310, Lx 1.9059, Lu 0.2465, Penalty 0.0799, loss 2.2323
Epoch 28, Batch 103/310, Lx 1.6962, Lu 0.2485, Penalty 0.0809, loss 2.0257
Epoch 28, Batch 104/310, Lx 1.7490, Lu 0.2620, Penalty 0.0782, loss 2.0891
Epoch 28, Batch 105/310, Lx 1.7759, Lu 0.2212, Penalty 0.0737, loss 2.0708
Epoch 28, Batch 106/310, Lx 1.7302, Lu 0.2281, Penalty 0.0797, loss 2.0381
Epoch 28, Batch 107/310, Lx 1.6825, Lu 0.2433, Penalty 0.0577, loss 1.9836
Epoch 28, Batch 108/310, Lx 1.6093, Lu 0.2236, Penalty 0.1019, loss 1.9349
Epoch 28, Batch 109/310, Lx 1.8702, Lu 0.3003, Penalty 0.0643, loss 2.2349
Epoch 28, Batch 110/310, Lx 1.9733, Lu 0.3153, Penalty 0.0552, loss 2.3438
Epoch 28, Batch 111/310, Lx 1.9133, Lu 0.2629, Penalty 0.0426, loss 2.2188
Epoch 28, Batch 112/310, Lx 1.8969, Lu 0.2373, Penalty 0.0729, loss 2.2071
Epoch 28, Batch 113/310, Lx 1.8380, Lu 0.2813, Penalty 0.0457, loss 2.1650
Epoch 28, Batch 114/310, Lx 1.9312, Lu 0.2996, Penalty 0.0993, loss 2.3300
Epoch 28, Batch 115/310, Lx 1.7387, Lu 0.2794, Penalty 0.1068, loss 2.1249
Epoch 28, Batch 116/310, Lx 1.8107, Lu 0.3534, Penalty 0.0611, loss 2.2251
Epoch 28, Batch 117/310, Lx 1.8414, Lu 0.2489, Penalty 0.0843, loss 2.1746
Epoch 28, Batch 118/310, Lx 1.7311, Lu 0.2980, Penalty 0.0932, loss 2.1223
Epoch 28, Batch 119/310, Lx 1.5507, Lu 0.2028, Penalty 0.0620, loss 1.8155
Epoch 28, Batch 120/310, Lx 1.7605, Lu 0.3048, Penalty 0.0979, loss 2.1631
Epoch 28, Batch 121/310, Lx 1.4822, Lu 0.2268, Penalty 0.0996, loss 1.8086
Epoch 28, Batch 122/310, Lx 2.0079, Lu 0.2616, Penalty 0.0502, loss 2.3197
Epoch 28, Batch 123/310, Lx 1.9492, Lu 0.3273, Penalty 0.0818, loss 2.3584
Epoch 28, Batch 124/310, Lx 1.9210, Lu 0.3264, Penalty 0.0644, loss 2.3119
Epoch 28, Batch 125/310, Lx 1.9872, Lu 0.2588, Penalty 0.0549, loss 2.3009
Epoch 28, Batch 126/310, Lx 1.9972, Lu 0.3292, Penalty 0.0595, loss 2.3859
Epoch 28, Batch 127/310, Lx 2.0493, Lu 0.3042, Penalty 0.0682, loss 2.4216
Epoch 28, Batch 128/310, Lx 2.0534, Lu 0.2784, Penalty 0.0596, loss 2.3913
Epoch 28, Batch 129/310, Lx 2.0435, Lu 0.2193, Penalty 0.0636, loss 2.3265
Epoch 28, Batch 130/310, Lx 1.8881, Lu 0.2608, Penalty 0.0663, loss 2.2152
Epoch 28, Batch 131/310, Lx 2.0855, Lu 0.3221, Penalty 0.0552, loss 2.4627
Epoch 28, Batch 132/310, Lx 2.0206, Lu 0.3448, Penalty 0.0441, loss 2.4095
Epoch 28, Batch 133/310, Lx 2.0876, Lu 0.3116, Penalty 0.0553, loss 2.4545
Epoch 28, Batch 134/310, Lx 1.5308, Lu 0.2529, Penalty 0.0718, loss 1.8556
Epoch 28, Batch 135/310, Lx 1.8540, Lu 0.2974, Penalty 0.1000, loss 2.2513
Epoch 28, Batch 136/310, Lx 1.7755, Lu 0.2896, Penalty 0.0434, loss 2.1085
Epoch 28, Batch 137/310, Lx 1.8911, Lu 0.3032, Penalty 0.0872, loss 2.2815
Epoch 28, Batch 138/310, Lx 2.0229, Lu 0.3298, Penalty 0.0769, loss 2.4296
Epoch 28, Batch 139/310, Lx 1.8194, Lu 0.3274, Penalty 0.0541, loss 2.2009
Epoch 28, Batch 140/310, Lx 1.8340, Lu 0.2769, Penalty 0.0989, loss 2.2098
Epoch 28, Batch 141/310, Lx 2.0397, Lu 0.3201, Penalty 0.0635, loss 2.4234
Epoch 28, Batch 142/310, Lx 1.5908, Lu 0.2203, Penalty 0.0447, loss 1.8558
Epoch 28, Batch 143/310, Lx 1.7884, Lu 0.2521, Penalty 0.0766, loss 2.1171
Epoch 28, Batch 144/310, Lx 1.8793, Lu 0.2513, Penalty 0.0728, loss 2.2034
Epoch 28, Batch 145/310, Lx 1.7793, Lu 0.2643, Penalty 0.0490, loss 2.0926
Epoch 28, Batch 146/310, Lx 1.9334, Lu 0.2893, Penalty 0.0657, loss 2.2884
Epoch 28, Batch 147/310, Lx 1.8841, Lu 0.2412, Penalty 0.0561, loss 2.1815
Epoch 28, Batch 148/310, Lx 2.0511, Lu 0.2698, Penalty 0.0553, loss 2.3763
Epoch 28, Batch 149/310, Lx 1.8527, Lu 0.2564, Penalty 0.0565, loss 2.1656
Epoch 28, Batch 150/310, Lx 2.0658, Lu 0.3779, Penalty 0.0549, loss 2.4987
Epoch 28, Batch 151/310, Lx 1.9656, Lu 0.2946, Penalty 0.0672, loss 2.3274
Epoch 28, Batch 152/310, Lx 1.8786, Lu 0.2486, Penalty 0.0694, loss 2.1966
Epoch 28, Batch 153/310, Lx 1.6864, Lu 0.2088, Penalty 0.0678, loss 1.9630
Epoch 28, Batch 154/310, Lx 1.8593, Lu 0.2723, Penalty 0.0507, loss 2.1823
Epoch 28, Batch 155/310, Lx 1.9033, Lu 0.2200, Penalty 0.0600, loss 2.1833
Epoch 28, Batch 156/310, Lx 1.7827, Lu 0.2499, Penalty 0.0606, loss 2.0933
Epoch 28, Batch 157/310, Lx 1.7953, Lu 0.2612, Penalty 0.0544, loss 2.1110
Epoch 28, Batch 158/310, Lx 1.9135, Lu 0.2576, Penalty 0.0818, loss 2.2530
Epoch 28, Batch 159/310, Lx 1.7485, Lu 0.2538, Penalty 0.0740, loss 2.0763
Epoch 28, Batch 160/310, Lx 1.7949, Lu 0.2357, Penalty 0.0595, loss 2.0901
Epoch 28, Batch 161/310, Lx 1.6295, Lu 0.2336, Penalty 0.0600, loss 1.9231
Epoch 28, Batch 162/310, Lx 1.9121, Lu 0.4109, Penalty 0.0787, loss 2.4016
Epoch 28, Batch 163/310, Lx 2.0578, Lu 0.2945, Penalty 0.0612, loss 2.4135
Epoch 28, Batch 164/310, Lx 2.0603, Lu 0.3275, Penalty 0.0603, loss 2.4480
Epoch 28, Batch 165/310, Lx 2.0652, Lu 0.2893, Penalty 0.0631, loss 2.4176
Epoch 28, Batch 166/310, Lx 1.8575, Lu 0.2363, Penalty 0.0632, loss 2.1570
Epoch 28, Batch 167/310, Lx 1.9120, Lu 0.2866, Penalty 0.0692, loss 2.2678
Epoch 28, Batch 168/310, Lx 1.6637, Lu 0.2345, Penalty 0.0708, loss 1.9690
Epoch 28, Batch 169/310, Lx 1.8142, Lu 0.2912, Penalty 0.0613, loss 2.1667
Epoch 28, Batch 170/310, Lx 1.9357, Lu 0.3256, Penalty 0.0757, loss 2.3369
Epoch 28, Batch 171/310, Lx 1.7262, Lu 0.2753, Penalty 0.0610, loss 2.0626
Epoch 28, Batch 172/310, Lx 1.5287, Lu 0.2123, Penalty 0.0538, loss 1.7948
Epoch 28, Batch 173/310, Lx 1.9229, Lu 0.2855, Penalty 0.0476, loss 2.2560
Epoch 28, Batch 174/310, Lx 2.0124, Lu 0.3135, Penalty 0.0538, loss 2.3798
Epoch 28, Batch 175/310, Lx 1.9760, Lu 0.3410, Penalty 0.0606, loss 2.3776
Epoch 28, Batch 176/310, Lx 1.8325, Lu 0.2766, Penalty 0.0607, loss 2.1699
Epoch 28, Batch 177/310, Lx 1.9883, Lu 0.2851, Penalty 0.0546, loss 2.3280
Epoch 28, Batch 178/310, Lx 2.0839, Lu 0.2883, Penalty 0.0720, loss 2.4441
Epoch 28, Batch 179/310, Lx 2.0744, Lu 0.3896, Penalty 0.0389, loss 2.5029
Epoch 28, Batch 180/310, Lx 1.8808, Lu 0.2277, Penalty 0.0778, loss 2.1862
Epoch 28, Batch 181/310, Lx 1.6631, Lu 0.2599, Penalty 0.0623, loss 1.9853
Epoch 28, Batch 182/310, Lx 1.8444, Lu 0.2787, Penalty 0.1010, loss 2.2241
Epoch 28, Batch 183/310, Lx 1.6822, Lu 0.2825, Penalty 0.0912, loss 2.0559
Epoch 28, Batch 184/310, Lx 1.9809, Lu 0.3715, Penalty 0.0698, loss 2.4222
Epoch 28, Batch 185/310, Lx 1.9361, Lu 0.2739, Penalty 0.0710, loss 2.2810
Epoch 28, Batch 186/310, Lx 1.9241, Lu 0.2832, Penalty 0.0605, loss 2.2678
Epoch 28, Batch 187/310, Lx 1.8241, Lu 0.2865, Penalty 0.0712, loss 2.1818
Epoch 28, Batch 188/310, Lx 1.9264, Lu 0.3070, Penalty 0.0705, loss 2.3040
Epoch 28, Batch 189/310, Lx 1.8525, Lu 0.2941, Penalty 0.0863, loss 2.2328
Epoch 28, Batch 190/310, Lx 1.9981, Lu 0.3363, Penalty 0.0939, loss 2.4282
Epoch 28, Batch 191/310, Lx 2.0614, Lu 0.3437, Penalty 0.0695, loss 2.4745
Epoch 28, Batch 192/310, Lx 1.8934, Lu 0.2185, Penalty 0.0581, loss 2.1700
Epoch 28, Batch 193/310, Lx 1.7462, Lu 0.3203, Penalty 0.1185, loss 2.1850
Epoch 28, Batch 194/310, Lx 1.7690, Lu 0.2491, Penalty 0.0739, loss 2.0920
Epoch 28, Batch 195/310, Lx 1.7441, Lu 0.2100, Penalty 0.0743, loss 2.0285
Epoch 28, Batch 196/310, Lx 1.6249, Lu 0.1887, Penalty 0.0789, loss 1.8926
Epoch 28, Batch 197/310, Lx 1.9558, Lu 0.2284, Penalty 0.0499, loss 2.2341
Epoch 28, Batch 198/310, Lx 1.8594, Lu 0.2902, Penalty 0.0437, loss 2.1933
Epoch 28, Batch 199/310, Lx 1.8491, Lu 0.3757, Penalty 0.0609, loss 2.2857
Epoch 28, Batch 200/310, Lx 1.8865, Lu 0.2531, Penalty 0.0656, loss 2.2051
Epoch 28, Batch 201/310, Lx 1.5787, Lu 0.2103, Penalty 0.0679, loss 1.8569
Epoch 28, Batch 202/310, Lx 1.9257, Lu 0.3515, Penalty 0.0740, loss 2.3512
Epoch 28, Batch 203/310, Lx 1.6680, Lu 0.1969, Penalty 0.1127, loss 1.9777
Epoch 28, Batch 204/310, Lx 1.9151, Lu 0.2547, Penalty 0.0460, loss 2.2158
Epoch 28, Batch 205/310, Lx 1.8187, Lu 0.2478, Penalty 0.0695, loss 2.1359
Epoch 28, Batch 206/310, Lx 1.4951, Lu 0.1792, Penalty 0.0644, loss 1.7387
Epoch 28, Batch 207/310, Lx 2.0826, Lu 0.2613, Penalty 0.0700, loss 2.4140
Epoch 28, Batch 208/310, Lx 1.7235, Lu 0.3100, Penalty 0.0746, loss 2.1081
Epoch 28, Batch 209/310, Lx 1.9230, Lu 0.3045, Penalty 0.0733, loss 2.3008
Epoch 28, Batch 210/310, Lx 1.7880, Lu 0.1890, Penalty 0.0581, loss 2.0351
Epoch 28, Batch 211/310, Lx 1.9099, Lu 0.3359, Penalty 0.0692, loss 2.3151
Epoch 28, Batch 212/310, Lx 1.9866, Lu 0.2966, Penalty 0.0562, loss 2.3394
Epoch 28, Batch 213/310, Lx 1.9553, Lu 0.3023, Penalty 0.0482, loss 2.3058
Epoch 28, Batch 214/310, Lx 1.6316, Lu 0.1842, Penalty 0.1113, loss 1.9271
Epoch 28, Batch 215/310, Lx 1.7963, Lu 0.2073, Penalty 0.0705, loss 2.0741
Epoch 28, Batch 216/310, Lx 1.9530, Lu 0.3022, Penalty 0.0594, loss 2.3145
Epoch 28, Batch 217/310, Lx 1.7902, Lu 0.2488, Penalty 0.0822, loss 2.1212
Epoch 28, Batch 218/310, Lx 1.8524, Lu 0.2481, Penalty 0.0608, loss 2.1613
Epoch 28, Batch 219/310, Lx 1.9576, Lu 0.2601, Penalty 0.0801, loss 2.2978
Epoch 28, Batch 220/310, Lx 1.9929, Lu 0.2829, Penalty 0.0687, loss 2.3445
Epoch 28, Batch 221/310, Lx 1.7978, Lu 0.2545, Penalty 0.0462, loss 2.0986
Epoch 28, Batch 222/310, Lx 1.7968, Lu 0.2591, Penalty 0.0586, loss 2.1145
Epoch 28, Batch 223/310, Lx 1.5001, Lu 0.2015, Penalty 0.0704, loss 1.7720
Epoch 28, Batch 224/310, Lx 2.0931, Lu 0.4339, Penalty 0.0332, loss 2.5602
Epoch 28, Batch 225/310, Lx 2.0723, Lu 0.2676, Penalty 0.0492, loss 2.3891
Epoch 28, Batch 226/310, Lx 2.0092, Lu 0.2604, Penalty 0.0400, loss 2.3096
Epoch 28, Batch 227/310, Lx 1.8380, Lu 0.2847, Penalty 0.0343, loss 2.1571
Epoch 28, Batch 228/310, Lx 1.8098, Lu 0.2797, Penalty 0.0493, loss 2.1388
Epoch 28, Batch 229/310, Lx 1.9628, Lu 0.2986, Penalty 0.0460, loss 2.3074
Epoch 28, Batch 230/310, Lx 1.9172, Lu 0.2874, Penalty 0.0304, loss 2.2350
Epoch 28, Batch 231/310, Lx 1.7203, Lu 0.2519, Penalty 0.0814, loss 2.0536
Epoch 28, Batch 232/310, Lx 1.5758, Lu 0.2110, Penalty 0.0779, loss 1.8647
Epoch 28, Batch 233/310, Lx 1.9079, Lu 0.3409, Penalty 0.0568, loss 2.3056
Epoch 28, Batch 234/310, Lx 1.5970, Lu 0.2728, Penalty 0.0586, loss 1.9283
Epoch 28, Batch 235/310, Lx 2.0386, Lu 0.2349, Penalty 0.0547, loss 2.3283
Epoch 28, Batch 236/310, Lx 2.0764, Lu 0.2594, Penalty 0.0453, loss 2.3811
Epoch 28, Batch 237/310, Lx 1.8734, Lu 0.2507, Penalty 0.0462, loss 2.1703
Epoch 28, Batch 238/310, Lx 1.6669, Lu 0.2336, Penalty 0.0607, loss 1.9612
Epoch 28, Batch 239/310, Lx 1.6344, Lu 0.2842, Penalty 0.0697, loss 1.9883
Epoch 28, Batch 240/310, Lx 2.0067, Lu 0.3482, Penalty 0.0530, loss 2.4079
Epoch 28, Batch 241/310, Lx 1.7187, Lu 0.2338, Penalty 0.0782, loss 2.0307
Epoch 28, Batch 242/310, Lx 1.9413, Lu 0.2728, Penalty 0.0431, loss 2.2572
Epoch 28, Batch 243/310, Lx 1.8692, Lu 0.3586, Penalty 0.0482, loss 2.2759
Epoch 28, Batch 244/310, Lx 2.0635, Lu 0.3308, Penalty 0.0383, loss 2.4326
Epoch 28, Batch 245/310, Lx 1.7356, Lu 0.2270, Penalty 0.0583, loss 2.0209
Epoch 28, Batch 246/310, Lx 1.9220, Lu 0.2932, Penalty 0.0669, loss 2.2821
Epoch 28, Batch 247/310, Lx 1.6512, Lu 0.2026, Penalty 0.0528, loss 1.9066
Epoch 28, Batch 248/310, Lx 1.4868, Lu 0.1987, Penalty 0.0890, loss 1.7745
Epoch 28, Batch 249/310, Lx 1.6533, Lu 0.2417, Penalty 0.0833, loss 1.9783
Epoch 28, Batch 250/310, Lx 1.8884, Lu 0.3069, Penalty 0.0725, loss 2.2678
Epoch 28, Batch 251/310, Lx 2.0752, Lu 0.2561, Penalty 0.0671, loss 2.3984
Epoch 28, Batch 252/310, Lx 1.7591, Lu 0.1980, Penalty 0.0483, loss 2.0054
Epoch 28, Batch 253/310, Lx 2.0399, Lu 0.3026, Penalty 0.0619, loss 2.4043
Epoch 28, Batch 254/310, Lx 1.8767, Lu 0.2947, Penalty 0.0580, loss 2.2293
Epoch 28, Batch 255/310, Lx 1.7435, Lu 0.2414, Penalty 0.0746, loss 2.0595
Epoch 28, Batch 256/310, Lx 1.7489, Lu 0.2335, Penalty 0.0435, loss 2.0259
Epoch 28, Batch 257/310, Lx 1.8376, Lu 0.3079, Penalty 0.0902, loss 2.2357
Epoch 28, Batch 258/310, Lx 1.9667, Lu 0.3116, Penalty 0.0627, loss 2.3410
Epoch 28, Batch 259/310, Lx 1.8598, Lu 0.2751, Penalty 0.0703, loss 2.2052
Epoch 28, Batch 260/310, Lx 2.0087, Lu 0.3267, Penalty 0.0477, loss 2.3831
Epoch 28, Batch 261/310, Lx 1.9960, Lu 0.3029, Penalty 0.0404, loss 2.3392
Epoch 28, Batch 262/310, Lx 1.8334, Lu 0.3140, Penalty 0.0592, loss 2.2066
Epoch 28, Batch 263/310, Lx 2.0651, Lu 0.4146, Penalty 0.0423, loss 2.5220
Epoch 28, Batch 264/310, Lx 1.9856, Lu 0.2764, Penalty 0.0492, loss 2.3112
Epoch 28, Batch 265/310, Lx 1.8471, Lu 0.2478, Penalty 0.0394, loss 2.1343
Epoch 28, Batch 266/310, Lx 1.5699, Lu 0.2018, Penalty 0.0843, loss 1.8560
Epoch 28, Batch 267/310, Lx 2.0314, Lu 0.2308, Penalty 0.0350, loss 2.2973
Epoch 28, Batch 268/310, Lx 1.9344, Lu 0.2433, Penalty 0.0640, loss 2.2417
Epoch 28, Batch 269/310, Lx 1.9420, Lu 0.3166, Penalty 0.0664, loss 2.3250
Epoch 28, Batch 270/310, Lx 1.9239, Lu 0.3164, Penalty 0.0470, loss 2.2873
Epoch 28, Batch 271/310, Lx 1.9933, Lu 0.2822, Penalty 0.0429, loss 2.3184
Epoch 28, Batch 272/310, Lx 1.9997, Lu 0.2626, Penalty 0.0586, loss 2.3208
Epoch 28, Batch 273/310, Lx 1.8311, Lu 0.3019, Penalty 0.0696, loss 2.2025
Epoch 28, Batch 274/310, Lx 1.9134, Lu 0.2488, Penalty 0.0532, loss 2.2153
Epoch 28, Batch 275/310, Lx 1.8666, Lu 0.3040, Penalty 0.0489, loss 2.2195
Epoch 28, Batch 276/310, Lx 1.7614, Lu 0.2782, Penalty 0.0439, loss 2.0835
Epoch 28, Batch 277/310, Lx 2.0064, Lu 0.3189, Penalty 0.0554, loss 2.3807
Epoch 28, Batch 278/310, Lx 2.0360, Lu 0.2898, Penalty 0.0436, loss 2.3693
Epoch 28, Batch 279/310, Lx 1.9637, Lu 0.3155, Penalty 0.0701, loss 2.3493
Epoch 28, Batch 280/310, Lx 1.8652, Lu 0.3139, Penalty 0.0693, loss 2.2483
Epoch 28, Batch 281/310, Lx 1.7445, Lu 0.1997, Penalty 0.0506, loss 1.9948
Epoch 28, Batch 282/310, Lx 1.9007, Lu 0.2681, Penalty 0.0499, loss 2.2186
Epoch 28, Batch 283/310, Lx 1.7682, Lu 0.3233, Penalty 0.0755, loss 2.1670
Epoch 28, Batch 284/310, Lx 1.6376, Lu 0.2943, Penalty 0.0535, loss 1.9853
Epoch 28, Batch 285/310, Lx 1.9655, Lu 0.3763, Penalty 0.0704, loss 2.4123
Epoch 28, Batch 286/310, Lx 1.9791, Lu 0.2518, Penalty 0.0605, loss 2.2914
Epoch 28, Batch 287/310, Lx 1.8479, Lu 0.2141, Penalty 0.0758, loss 2.1378
Epoch 28, Batch 288/310, Lx 1.9215, Lu 0.2834, Penalty 0.0631, loss 2.2679
Epoch 28, Batch 289/310, Lx 2.0018, Lu 0.3102, Penalty 0.0432, loss 2.3552
Epoch 28, Batch 290/310, Lx 1.9229, Lu 0.3193, Penalty 0.0603, loss 2.3026
Epoch 28, Batch 291/310, Lx 1.5730, Lu 0.1997, Penalty 0.0674, loss 1.8401
Epoch 28, Batch 292/310, Lx 1.7567, Lu 0.2474, Penalty 0.0585, loss 2.0625
Epoch 28, Batch 293/310, Lx 1.9922, Lu 0.3121, Penalty 0.0609, loss 2.3653
Epoch 28, Batch 294/310, Lx 1.8730, Lu 0.2645, Penalty 0.0677, loss 2.2052
Epoch 28, Batch 295/310, Lx 1.9143, Lu 0.2390, Penalty 0.0637, loss 2.2170
Epoch 28, Batch 296/310, Lx 1.8117, Lu 0.2496, Penalty 0.0470, loss 2.1082
Epoch 28, Batch 297/310, Lx 1.5446, Lu 0.1870, Penalty 0.0755, loss 1.8070
Epoch 28, Batch 298/310, Lx 1.9879, Lu 0.2919, Penalty 0.0574, loss 2.3373
Epoch 28, Batch 299/310, Lx 1.6368, Lu 0.2372, Penalty 0.0920, loss 1.9660
Epoch 28, Batch 300/310, Lx 1.6762, Lu 0.2708, Penalty 0.0590, loss 2.0059
Epoch 28, Batch 301/310, Lx 1.6460, Lu 0.2445, Penalty 0.0823, loss 1.9728
Epoch 28, Batch 302/310, Lx 1.9240, Lu 0.3000, Penalty 0.0561, loss 2.2801
Epoch 28, Batch 303/310, Lx 2.0342, Lu 0.3606, Penalty 0.0548, loss 2.4497
Epoch 28, Batch 304/310, Lx 1.9427, Lu 0.2610, Penalty 0.0554, loss 2.2591
Epoch 28, Batch 305/310, Lx 1.8925, Lu 0.3935, Penalty 0.0756, loss 2.3616
Epoch 28, Batch 306/310, Lx 1.9695, Lu 0.2956, Penalty 0.0567, loss 2.3218
Epoch 28, Batch 307/310, Lx 1.6992, Lu 0.2377, Penalty 0.0668, loss 2.0037
Epoch 28, Batch 308/310, Lx 1.7523, Lu 0.2599, Penalty 0.0501, loss 2.0623
Epoch 28, Batch 309/310, Lx 1.7319, Lu 0.2540, Penalty 0.0411, loss 2.0269
Epoch 28, Batch 310/310, Lx 1.8053, Lu 0.1937, Penalty 0.0564, loss 2.0554
Loss: 2.2130, Lx: 1.8705, Lu: 0.2790, Penalty: 0.0634
Evaluating training data at epoch 28 for Model 1
GMM Means: [0.58258525 0.3408748 ]
GMM Covariances: [0.01898977 0.01360036]
Evaluating training data at epoch 28 for Model 2
GMM Means: [0.58640759 0.34185673]
GMM Covariances: [0.01765262 0.01551769]
Evaluating models at epoch 28
Test data size: 60000
Epoch: 28, Test Loss: 1.5626, Test Accuracy: 0.4818, Test F1 Score: 0.4766
Training for Network 1
labelled data size: 11541
unlabelled data size: 30459
Epoch 29, Batch 1/361, Lx 1.9219, Lu 0.3220, Penalty 0.0622, loss 2.3062
Epoch 29, Batch 2/361, Lx 1.8360, Lu 0.2397, Penalty 0.0495, loss 2.1251
Epoch 29, Batch 3/361, Lx 1.9048, Lu 0.2513, Penalty 0.0568, loss 2.2129
Epoch 29, Batch 4/361, Lx 1.8181, Lu 0.2010, Penalty 0.0854, loss 2.1045
Epoch 29, Batch 5/361, Lx 1.8566, Lu 0.2794, Penalty 0.0738, loss 2.2097
Epoch 29, Batch 6/361, Lx 1.8878, Lu 0.2995, Penalty 0.0783, loss 2.2656
Epoch 29, Batch 7/361, Lx 1.7441, Lu 0.2271, Penalty 0.0858, loss 2.0570
Epoch 29, Batch 8/361, Lx 1.9090, Lu 0.3253, Penalty 0.0685, loss 2.3028
Epoch 29, Batch 9/361, Lx 1.8145, Lu 0.2306, Penalty 0.0584, loss 2.1036
Epoch 29, Batch 10/361, Lx 1.8700, Lu 0.2305, Penalty 0.0821, loss 2.1825
Epoch 29, Batch 11/361, Lx 1.9415, Lu 0.2972, Penalty 0.0741, loss 2.3128
Epoch 29, Batch 12/361, Lx 1.6368, Lu 0.1837, Penalty 0.0941, loss 1.9146
Epoch 29, Batch 13/361, Lx 2.0810, Lu 0.3360, Penalty 0.0755, loss 2.4925
Epoch 29, Batch 14/361, Lx 2.1393, Lu 0.3711, Penalty 0.0519, loss 2.5622
Epoch 29, Batch 15/361, Lx 1.7146, Lu 0.2100, Penalty 0.0831, loss 2.0078
Epoch 29, Batch 16/361, Lx 1.5738, Lu 0.2163, Penalty 0.0690, loss 1.8591
Epoch 29, Batch 17/361, Lx 1.6670, Lu 0.1956, Penalty 0.0996, loss 1.9622
Epoch 29, Batch 18/361, Lx 1.6724, Lu 0.3061, Penalty 0.1283, loss 2.1069
Epoch 29, Batch 19/361, Lx 1.6157, Lu 0.2265, Penalty 0.0780, loss 1.9203
Epoch 29, Batch 20/361, Lx 2.0368, Lu 0.2969, Penalty 0.0525, loss 2.3862
Epoch 29, Batch 21/361, Lx 1.9683, Lu 0.3291, Penalty 0.0535, loss 2.3509
Epoch 29, Batch 22/361, Lx 1.9229, Lu 0.2556, Penalty 0.0614, loss 2.2399
Epoch 29, Batch 23/361, Lx 1.8847, Lu 0.3299, Penalty 0.0558, loss 2.2705
Epoch 29, Batch 24/361, Lx 1.5953, Lu 0.2269, Penalty 0.0912, loss 1.9135
Epoch 29, Batch 25/361, Lx 1.7745, Lu 0.2796, Penalty 0.0597, loss 2.1138
Epoch 29, Batch 26/361, Lx 1.9469, Lu 0.2539, Penalty 0.0655, loss 2.2664
Epoch 29, Batch 27/361, Lx 1.8837, Lu 0.2150, Penalty 0.0662, loss 2.1650
Epoch 29, Batch 28/361, Lx 1.9606, Lu 0.3055, Penalty 0.0564, loss 2.3225
Epoch 29, Batch 29/361, Lx 1.7671, Lu 0.2454, Penalty 0.0642, loss 2.0767
Epoch 29, Batch 30/361, Lx 1.7893, Lu 0.2353, Penalty 0.0660, loss 2.0907
Epoch 29, Batch 31/361, Lx 1.8968, Lu 0.2412, Penalty 0.0564, loss 2.1943
Epoch 29, Batch 32/361, Lx 1.9906, Lu 0.2782, Penalty 0.0716, loss 2.3405
Epoch 29, Batch 33/361, Lx 1.8058, Lu 0.2411, Penalty 0.0868, loss 2.1338
Epoch 29, Batch 34/361, Lx 1.8325, Lu 0.3109, Penalty 0.0524, loss 2.1958
Epoch 29, Batch 35/361, Lx 1.8403, Lu 0.2427, Penalty 0.0892, loss 2.1722
Epoch 29, Batch 36/361, Lx 1.9432, Lu 0.2430, Penalty 0.0614, loss 2.2476
Epoch 29, Batch 37/361, Lx 1.9459, Lu 0.2441, Penalty 0.0972, loss 2.2873
Epoch 29, Batch 38/361, Lx 1.7643, Lu 0.2255, Penalty 0.0820, loss 2.0718
Epoch 29, Batch 39/361, Lx 1.9704, Lu 0.2842, Penalty 0.0790, loss 2.3336
Epoch 29, Batch 40/361, Lx 1.9354, Lu 0.3075, Penalty 0.0658, loss 2.3088
Epoch 29, Batch 41/361, Lx 1.9263, Lu 0.2835, Penalty 0.0620, loss 2.2718
Epoch 29, Batch 42/361, Lx 1.6644, Lu 0.2617, Penalty 0.0790, loss 2.0051
Epoch 29, Batch 43/361, Lx 1.8591, Lu 0.2564, Penalty 0.0798, loss 2.1953
Epoch 29, Batch 44/361, Lx 1.9610, Lu 0.2593, Penalty 0.0630, loss 2.2833
Epoch 29, Batch 45/361, Lx 1.7920, Lu 0.2520, Penalty 0.0627, loss 2.1066
Epoch 29, Batch 46/361, Lx 1.7470, Lu 0.1903, Penalty 0.0626, loss 2.0000
Epoch 29, Batch 47/361, Lx 1.9232, Lu 0.1966, Penalty 0.0925, loss 2.2122
Epoch 29, Batch 48/361, Lx 1.9709, Lu 0.3843, Penalty 0.0548, loss 2.4100
Epoch 29, Batch 49/361, Lx 1.8883, Lu 0.3116, Penalty 0.0919, loss 2.2917
Epoch 29, Batch 50/361, Lx 1.8615, Lu 0.2847, Penalty 0.0781, loss 2.2243
Epoch 29, Batch 51/361, Lx 1.7086, Lu 0.2998, Penalty 0.0981, loss 2.1064
Epoch 29, Batch 52/361, Lx 1.5940, Lu 0.2536, Penalty 0.0900, loss 1.9376
Epoch 29, Batch 53/361, Lx 1.8135, Lu 0.2251, Penalty 0.0604, loss 2.0990
Epoch 29, Batch 54/361, Lx 1.6410, Lu 0.1748, Penalty 0.0969, loss 1.9128
Epoch 29, Batch 55/361, Lx 1.6907, Lu 0.2439, Penalty 0.1038, loss 2.0385
Epoch 29, Batch 56/361, Lx 1.9409, Lu 0.2873, Penalty 0.0682, loss 2.2964
Epoch 29, Batch 57/361, Lx 1.8617, Lu 0.2734, Penalty 0.0881, loss 2.2233
Epoch 29, Batch 58/361, Lx 1.8419, Lu 0.2335, Penalty 0.0720, loss 2.1474
Epoch 29, Batch 59/361, Lx 2.0188, Lu 0.3305, Penalty 0.0724, loss 2.4217
Epoch 29, Batch 60/361, Lx 1.9292, Lu 0.2129, Penalty 0.0795, loss 2.2216
Epoch 29, Batch 61/361, Lx 1.7451, Lu 0.2541, Penalty 0.0682, loss 2.0674
Epoch 29, Batch 62/361, Lx 1.6666, Lu 0.2425, Penalty 0.0868, loss 1.9959
Epoch 29, Batch 63/361, Lx 1.8220, Lu 0.2845, Penalty 0.0516, loss 2.1581
Epoch 29, Batch 64/361, Lx 1.8195, Lu 0.2268, Penalty 0.0892, loss 2.1356
Epoch 29, Batch 65/361, Lx 1.9343, Lu 0.3025, Penalty 0.0748, loss 2.3116
Epoch 29, Batch 66/361, Lx 1.7769, Lu 0.3399, Penalty 0.0716, loss 2.1884
Epoch 29, Batch 67/361, Lx 1.8421, Lu 0.2383, Penalty 0.0596, loss 2.1401
Epoch 29, Batch 68/361, Lx 1.7017, Lu 0.1943, Penalty 0.0726, loss 1.9686
Epoch 29, Batch 69/361, Lx 1.9205, Lu 0.3394, Penalty 0.0626, loss 2.3225
Epoch 29, Batch 70/361, Lx 1.6462, Lu 0.2224, Penalty 0.0986, loss 1.9673
Epoch 29, Batch 71/361, Lx 1.8846, Lu 0.3020, Penalty 0.0784, loss 2.2650
Epoch 29, Batch 72/361, Lx 1.9052, Lu 0.2358, Penalty 0.0897, loss 2.2308
Epoch 29, Batch 73/361, Lx 1.9143, Lu 0.3150, Penalty 0.0753, loss 2.3047
Epoch 29, Batch 74/361, Lx 1.8170, Lu 0.2206, Penalty 0.1144, loss 2.1521
Epoch 29, Batch 75/361, Lx 1.8782, Lu 0.2955, Penalty 0.0828, loss 2.2566
Epoch 29, Batch 76/361, Lx 2.0118, Lu 0.3823, Penalty 0.0853, loss 2.4794
Epoch 29, Batch 77/361, Lx 1.8940, Lu 0.2465, Penalty 0.0718, loss 2.2123
Epoch 29, Batch 78/361, Lx 1.9543, Lu 0.2822, Penalty 0.0819, loss 2.3183
Epoch 29, Batch 79/361, Lx 1.8912, Lu 0.2900, Penalty 0.0834, loss 2.2647
Epoch 29, Batch 80/361, Lx 1.8343, Lu 0.2430, Penalty 0.1152, loss 2.1926
Epoch 29, Batch 81/361, Lx 1.6360, Lu 0.2158, Penalty 0.0950, loss 1.9468
Epoch 29, Batch 82/361, Lx 1.8762, Lu 0.2686, Penalty 0.1104, loss 2.2552
Epoch 29, Batch 83/361, Lx 1.4909, Lu 0.1825, Penalty 0.1194, loss 1.7927
Epoch 29, Batch 84/361, Lx 1.6930, Lu 0.2343, Penalty 0.0664, loss 1.9937
Epoch 29, Batch 85/361, Lx 1.7817, Lu 0.2977, Penalty 0.0856, loss 2.1650
Epoch 29, Batch 86/361, Lx 1.9604, Lu 0.2210, Penalty 0.0973, loss 2.2787
Epoch 29, Batch 87/361, Lx 1.9175, Lu 0.2301, Penalty 0.1021, loss 2.2497
Epoch 29, Batch 88/361, Lx 1.9028, Lu 0.2833, Penalty 0.0837, loss 2.2698
Epoch 29, Batch 89/361, Lx 1.7865, Lu 0.2640, Penalty 0.0657, loss 2.1163
Epoch 29, Batch 90/361, Lx 1.6930, Lu 0.2334, Penalty 0.0996, loss 2.0260
Epoch 29, Batch 91/361, Lx 1.8326, Lu 0.1958, Penalty 0.0991, loss 2.1276
Epoch 29, Batch 92/361, Lx 1.7781, Lu 0.2452, Penalty 0.0893, loss 2.1126
Epoch 29, Batch 93/361, Lx 1.8965, Lu 0.2528, Penalty 0.1378, loss 2.2871
Epoch 29, Batch 94/361, Lx 2.0598, Lu 0.3095, Penalty 0.0680, loss 2.4374
Epoch 29, Batch 95/361, Lx 1.6200, Lu 0.2671, Penalty 0.0809, loss 1.9680
Epoch 29, Batch 96/361, Lx 1.6624, Lu 0.2196, Penalty 0.0946, loss 1.9766
Epoch 29, Batch 97/361, Lx 2.0428, Lu 0.2891, Penalty 0.0689, loss 2.4008
Epoch 29, Batch 98/361, Lx 1.8886, Lu 0.2135, Penalty 0.0766, loss 2.1788
Epoch 29, Batch 99/361, Lx 2.0266, Lu 0.3434, Penalty 0.1087, loss 2.4786
Epoch 29, Batch 100/361, Lx 1.9161, Lu 0.3360, Penalty 0.0915, loss 2.3435
Epoch 29, Batch 101/361, Lx 1.8706, Lu 0.2706, Penalty 0.0565, loss 2.1977
Epoch 29, Batch 102/361, Lx 2.0297, Lu 0.3320, Penalty 0.0684, loss 2.4301
Epoch 29, Batch 103/361, Lx 1.6537, Lu 0.1916, Penalty 0.0701, loss 1.9154
Epoch 29, Batch 104/361, Lx 1.9888, Lu 0.2779, Penalty 0.0773, loss 2.3440
Epoch 29, Batch 105/361, Lx 1.8731, Lu 0.3137, Penalty 0.0791, loss 2.2659
Epoch 29, Batch 106/361, Lx 1.7490, Lu 0.2094, Penalty 0.0604, loss 2.0188
Epoch 29, Batch 107/361, Lx 2.0084, Lu 0.3479, Penalty 0.0793, loss 2.4355
Epoch 29, Batch 108/361, Lx 1.9604, Lu 0.2989, Penalty 0.0771, loss 2.3365
Epoch 29, Batch 109/361, Lx 2.0463, Lu 0.2225, Penalty 0.0597, loss 2.3284
Epoch 29, Batch 110/361, Lx 1.6791, Lu 0.2280, Penalty 0.0904, loss 1.9976
Epoch 29, Batch 111/361, Lx 1.6429, Lu 0.1975, Penalty 0.0664, loss 1.9067
Epoch 29, Batch 112/361, Lx 1.8481, Lu 0.2188, Penalty 0.0682, loss 2.1351
Epoch 29, Batch 113/361, Lx 1.9515, Lu 0.3656, Penalty 0.0717, loss 2.3889
Epoch 29, Batch 114/361, Lx 1.9702, Lu 0.3710, Penalty 0.0638, loss 2.4049
Epoch 29, Batch 115/361, Lx 1.9273, Lu 0.2863, Penalty 0.0514, loss 2.2650
Epoch 29, Batch 116/361, Lx 1.7643, Lu 0.2389, Penalty 0.0736, loss 2.0768
Epoch 29, Batch 117/361, Lx 1.7621, Lu 0.2786, Penalty 0.0725, loss 2.1132
Epoch 29, Batch 118/361, Lx 1.9108, Lu 0.2075, Penalty 0.0724, loss 2.1907
Epoch 29, Batch 119/361, Lx 1.7502, Lu 0.2729, Penalty 0.0888, loss 2.1118
Epoch 29, Batch 120/361, Lx 2.0263, Lu 0.3301, Penalty 0.0809, loss 2.4372
Epoch 29, Batch 121/361, Lx 1.8562, Lu 0.2349, Penalty 0.0822, loss 2.1734
Epoch 29, Batch 122/361, Lx 1.6799, Lu 0.2140, Penalty 0.0543, loss 1.9482
Epoch 29, Batch 123/361, Lx 1.7124, Lu 0.2174, Penalty 0.0732, loss 2.0029
Epoch 29, Batch 124/361, Lx 1.7300, Lu 0.2669, Penalty 0.0486, loss 2.0455
Epoch 29, Batch 125/361, Lx 1.6726, Lu 0.2503, Penalty 0.0933, loss 2.0161
Epoch 29, Batch 126/361, Lx 1.6815, Lu 0.1767, Penalty 0.0404, loss 1.8986
Epoch 29, Batch 127/361, Lx 1.6070, Lu 0.2340, Penalty 0.0599, loss 1.9009
Epoch 29, Batch 128/361, Lx 1.5900, Lu 0.2171, Penalty 0.0951, loss 1.9022
Epoch 29, Batch 129/361, Lx 1.8432, Lu 0.3070, Penalty 0.0794, loss 2.2295
Epoch 29, Batch 130/361, Lx 1.7535, Lu 0.2770, Penalty 0.0939, loss 2.1244
Epoch 29, Batch 131/361, Lx 1.9444, Lu 0.2492, Penalty 0.0774, loss 2.2710
Epoch 29, Batch 132/361, Lx 1.8098, Lu 0.2148, Penalty 0.0814, loss 2.1060
Epoch 29, Batch 133/361, Lx 1.6194, Lu 0.2398, Penalty 0.1047, loss 1.9638
Epoch 29, Batch 134/361, Lx 1.9654, Lu 0.2862, Penalty 0.0880, loss 2.3396
Epoch 29, Batch 135/361, Lx 1.8690, Lu 0.2439, Penalty 0.0537, loss 2.1666
Epoch 29, Batch 136/361, Lx 1.8549, Lu 0.2848, Penalty 0.0689, loss 2.2087
Epoch 29, Batch 137/361, Lx 1.6090, Lu 0.2440, Penalty 0.1120, loss 1.9650
Epoch 29, Batch 138/361, Lx 1.7465, Lu 0.1940, Penalty 0.0637, loss 2.0041
Epoch 29, Batch 139/361, Lx 1.7886, Lu 0.2365, Penalty 0.0868, loss 2.1119
Epoch 29, Batch 140/361, Lx 1.8794, Lu 0.3007, Penalty 0.0685, loss 2.2486
Epoch 29, Batch 141/361, Lx 1.9158, Lu 0.3243, Penalty 0.0760, loss 2.3161
Epoch 29, Batch 142/361, Lx 1.7647, Lu 0.2719, Penalty 0.0795, loss 2.1161
Epoch 29, Batch 143/361, Lx 1.8993, Lu 0.2605, Penalty 0.0723, loss 2.2321
Epoch 29, Batch 144/361, Lx 1.9731, Lu 0.3113, Penalty 0.0653, loss 2.3497
Epoch 29, Batch 145/361, Lx 1.8173, Lu 0.2926, Penalty 0.0838, loss 2.1936
Epoch 29, Batch 146/361, Lx 1.9426, Lu 0.2743, Penalty 0.0671, loss 2.2841
Epoch 29, Batch 147/361, Lx 1.8944, Lu 0.2363, Penalty 0.0627, loss 2.1933
Epoch 29, Batch 148/361, Lx 1.9900, Lu 0.3298, Penalty 0.0815, loss 2.4013
Epoch 29, Batch 149/361, Lx 1.8844, Lu 0.2562, Penalty 0.0713, loss 2.2119
Epoch 29, Batch 150/361, Lx 1.9609, Lu 0.3409, Penalty 0.1012, loss 2.4030
Epoch 29, Batch 151/361, Lx 1.8750, Lu 0.2066, Penalty 0.0794, loss 2.1610
Epoch 29, Batch 152/361, Lx 1.6318, Lu 0.1818, Penalty 0.0688, loss 1.8823
Epoch 29, Batch 153/361, Lx 1.8703, Lu 0.2762, Penalty 0.0818, loss 2.2283
Epoch 29, Batch 154/361, Lx 1.8266, Lu 0.2244, Penalty 0.0699, loss 2.1209
Epoch 29, Batch 155/361, Lx 1.7529, Lu 0.2764, Penalty 0.0863, loss 2.1156
Epoch 29, Batch 156/361, Lx 1.9378, Lu 0.2842, Penalty 0.0847, loss 2.3066
Epoch 29, Batch 157/361, Lx 1.8561, Lu 0.1898, Penalty 0.1083, loss 2.1541
Epoch 29, Batch 158/361, Lx 1.9190, Lu 0.2911, Penalty 0.0846, loss 2.2947
Epoch 29, Batch 159/361, Lx 2.0219, Lu 0.2627, Penalty 0.0725, loss 2.3572
Epoch 29, Batch 160/361, Lx 1.7143, Lu 0.2585, Penalty 0.0775, loss 2.0503
Epoch 29, Batch 161/361, Lx 1.9018, Lu 0.2694, Penalty 0.0462, loss 2.2175
Epoch 29, Batch 162/361, Lx 1.8342, Lu 0.2112, Penalty 0.1023, loss 2.1477
Epoch 29, Batch 163/361, Lx 1.9650, Lu 0.3154, Penalty 0.0628, loss 2.3432
Epoch 29, Batch 164/361, Lx 1.8565, Lu 0.2867, Penalty 0.0617, loss 2.2050
Epoch 29, Batch 165/361, Lx 2.0367, Lu 0.2926, Penalty 0.0683, loss 2.3977
Epoch 29, Batch 166/361, Lx 1.9793, Lu 0.3206, Penalty 0.0477, loss 2.3476
Epoch 29, Batch 167/361, Lx 1.7622, Lu 0.2111, Penalty 0.0620, loss 2.0352
Epoch 29, Batch 168/361, Lx 1.9366, Lu 0.2395, Penalty 0.0645, loss 2.2405
Epoch 29, Batch 169/361, Lx 1.9042, Lu 0.2317, Penalty 0.0751, loss 2.2110
Epoch 29, Batch 170/361, Lx 1.6395, Lu 0.2407, Penalty 0.0608, loss 1.9410
Epoch 29, Batch 171/361, Lx 1.8582, Lu 0.2862, Penalty 0.0676, loss 2.2121
Epoch 29, Batch 172/361, Lx 1.9204, Lu 0.2669, Penalty 0.0328, loss 2.2200
Epoch 29, Batch 173/361, Lx 2.0487, Lu 0.3604, Penalty 0.0394, loss 2.4484
Epoch 29, Batch 174/361, Lx 1.8516, Lu 0.2226, Penalty 0.0582, loss 2.1324
Epoch 29, Batch 175/361, Lx 2.0275, Lu 0.3406, Penalty 0.0582, loss 2.4264
Epoch 29, Batch 176/361, Lx 1.8643, Lu 0.2364, Penalty 0.0596, loss 2.1603
Epoch 29, Batch 177/361, Lx 1.9417, Lu 0.2884, Penalty 0.0567, loss 2.2868
Epoch 29, Batch 178/361, Lx 1.9473, Lu 0.2989, Penalty 0.0477, loss 2.2939
Epoch 29, Batch 179/361, Lx 2.0279, Lu 0.2492, Penalty 0.0430, loss 2.3202
Epoch 29, Batch 180/361, Lx 1.7962, Lu 0.2004, Penalty 0.0590, loss 2.0555
Epoch 29, Batch 181/361, Lx 1.8575, Lu 0.3328, Penalty 0.0707, loss 2.2610
Epoch 29, Batch 182/361, Lx 1.8865, Lu 0.2279, Penalty 0.0654, loss 2.1798
Epoch 29, Batch 183/361, Lx 1.7636, Lu 0.2377, Penalty 0.0383, loss 2.0396
Epoch 29, Batch 184/361, Lx 1.8665, Lu 0.2612, Penalty 0.0475, loss 2.1752
Epoch 29, Batch 185/361, Lx 1.8874, Lu 0.3665, Penalty 0.0867, loss 2.3405
Epoch 29, Batch 186/361, Lx 1.9891, Lu 0.3274, Penalty 0.0620, loss 2.3786
Epoch 29, Batch 187/361, Lx 1.9409, Lu 0.3397, Penalty 0.0693, loss 2.3499
Epoch 29, Batch 188/361, Lx 1.8699, Lu 0.2862, Penalty 0.0939, loss 2.2501
Epoch 29, Batch 189/361, Lx 1.6372, Lu 0.1725, Penalty 0.0595, loss 1.8692
Epoch 29, Batch 190/361, Lx 1.7976, Lu 0.2431, Penalty 0.0728, loss 2.1135
Epoch 29, Batch 191/361, Lx 1.9064, Lu 0.2426, Penalty 0.0729, loss 2.2219
Epoch 29, Batch 192/361, Lx 1.9296, Lu 0.3566, Penalty 0.0770, loss 2.3631
Epoch 29, Batch 193/361, Lx 1.9492, Lu 0.3583, Penalty 0.0671, loss 2.3746
Epoch 29, Batch 194/361, Lx 1.7168, Lu 0.2077, Penalty 0.0739, loss 1.9984
Epoch 29, Batch 195/361, Lx 1.5530, Lu 0.2044, Penalty 0.0573, loss 1.8146
Epoch 29, Batch 196/361, Lx 1.8901, Lu 0.3123, Penalty 0.0849, loss 2.2873
Epoch 29, Batch 197/361, Lx 1.8881, Lu 0.2890, Penalty 0.0761, loss 2.2531
Epoch 29, Batch 198/361, Lx 2.0275, Lu 0.2413, Penalty 0.0708, loss 2.3396
Epoch 29, Batch 199/361, Lx 1.9512, Lu 0.3772, Penalty 0.0720, loss 2.4004
Epoch 29, Batch 200/361, Lx 1.8721, Lu 0.2439, Penalty 0.0875, loss 2.2035
Epoch 29, Batch 201/361, Lx 1.8195, Lu 0.3240, Penalty 0.0846, loss 2.2281
Epoch 29, Batch 202/361, Lx 1.8652, Lu 0.2341, Penalty 0.0773, loss 2.1767
Epoch 29, Batch 203/361, Lx 1.8800, Lu 0.2215, Penalty 0.0782, loss 2.1796
Epoch 29, Batch 204/361, Lx 1.8987, Lu 0.2968, Penalty 0.0686, loss 2.2641
Epoch 29, Batch 205/361, Lx 1.8580, Lu 0.2558, Penalty 0.0545, loss 2.1684
Epoch 29, Batch 206/361, Lx 1.7174, Lu 0.2254, Penalty 0.0492, loss 1.9919
Epoch 29, Batch 207/361, Lx 1.8779, Lu 0.3250, Penalty 0.0828, loss 2.2857
Epoch 29, Batch 208/361, Lx 1.8941, Lu 0.3048, Penalty 0.0929, loss 2.2918
Epoch 29, Batch 209/361, Lx 1.9998, Lu 0.3252, Penalty 0.1137, loss 2.4387
Epoch 29, Batch 210/361, Lx 1.6511, Lu 0.2207, Penalty 0.0905, loss 1.9624
Epoch 29, Batch 211/361, Lx 1.8622, Lu 0.2652, Penalty 0.1016, loss 2.2290
Epoch 29, Batch 212/361, Lx 1.7606, Lu 0.2315, Penalty 0.0822, loss 2.0742
Epoch 29, Batch 213/361, Lx 1.8689, Lu 0.2434, Penalty 0.0848, loss 2.1971
Epoch 29, Batch 214/361, Lx 1.8436, Lu 0.2312, Penalty 0.0889, loss 2.1637
Epoch 29, Batch 215/361, Lx 1.8362, Lu 0.2494, Penalty 0.1105, loss 2.1961
Epoch 29, Batch 216/361, Lx 1.8372, Lu 0.2483, Penalty 0.0684, loss 2.1539
Epoch 29, Batch 217/361, Lx 1.9065, Lu 0.3480, Penalty 0.0793, loss 2.3339
Epoch 29, Batch 218/361, Lx 1.9335, Lu 0.2496, Penalty 0.0693, loss 2.2524
Epoch 29, Batch 219/361, Lx 1.6984, Lu 0.2639, Penalty 0.1038, loss 2.0662
Epoch 29, Batch 220/361, Lx 1.9324, Lu 0.2156, Penalty 0.0745, loss 2.2226
Epoch 29, Batch 221/361, Lx 1.6521, Lu 0.1783, Penalty 0.0480, loss 1.8784
Epoch 29, Batch 222/361, Lx 1.6762, Lu 0.2299, Penalty 0.0824, loss 1.9885
Epoch 29, Batch 223/361, Lx 1.9290, Lu 0.2362, Penalty 0.0786, loss 2.2438
Epoch 29, Batch 224/361, Lx 1.9480, Lu 0.3319, Penalty 0.1208, loss 2.4006
Epoch 29, Batch 225/361, Lx 1.9138, Lu 0.3703, Penalty 0.1103, loss 2.3944
Epoch 29, Batch 226/361, Lx 1.9637, Lu 0.3258, Penalty 0.0989, loss 2.3884
Epoch 29, Batch 227/361, Lx 1.9325, Lu 0.2766, Penalty 0.0863, loss 2.2954
Epoch 29, Batch 228/361, Lx 1.9005, Lu 0.3057, Penalty 0.0802, loss 2.2863
Epoch 29, Batch 229/361, Lx 1.8077, Lu 0.2929, Penalty 0.1484, loss 2.2491
Epoch 29, Batch 230/361, Lx 1.9542, Lu 0.2093, Penalty 0.0939, loss 2.2574
Epoch 29, Batch 231/361, Lx 1.9419, Lu 0.2097, Penalty 0.0776, loss 2.2291
Epoch 29, Batch 232/361, Lx 1.9483, Lu 0.2175, Penalty 0.0595, loss 2.2253
Epoch 29, Batch 233/361, Lx 1.8458, Lu 0.2426, Penalty 0.0755, loss 2.1638
Epoch 29, Batch 234/361, Lx 1.7372, Lu 0.2483, Penalty 0.0671, loss 2.0525
Epoch 29, Batch 235/361, Lx 1.9085, Lu 0.2915, Penalty 0.0746, loss 2.2747
Epoch 29, Batch 236/361, Lx 1.6346, Lu 0.1976, Penalty 0.0955, loss 1.9277
Epoch 29, Batch 237/361, Lx 1.6583, Lu 0.2327, Penalty 0.0747, loss 1.9656
Epoch 29, Batch 238/361, Lx 1.5173, Lu 0.1750, Penalty 0.0625, loss 1.7548
Epoch 29, Batch 239/361, Lx 1.5452, Lu 0.1997, Penalty 0.0444, loss 1.7893
Epoch 29, Batch 240/361, Lx 1.7181, Lu 0.2516, Penalty 0.1118, loss 2.0815
Epoch 29, Batch 241/361, Lx 1.4781, Lu 0.1893, Penalty 0.0898, loss 1.7572
Epoch 29, Batch 242/361, Lx 1.9994, Lu 0.2957, Penalty 0.0725, loss 2.3675
Epoch 29, Batch 243/361, Lx 1.7976, Lu 0.2541, Penalty 0.0976, loss 2.1493
Epoch 29, Batch 244/361, Lx 1.8550, Lu 0.3060, Penalty 0.0963, loss 2.2574
Epoch 29, Batch 245/361, Lx 1.6304, Lu 0.2627, Penalty 0.0731, loss 1.9661
Epoch 29, Batch 246/361, Lx 2.0606, Lu 0.3812, Penalty 0.0601, loss 2.5019
Epoch 29, Batch 247/361, Lx 1.9652, Lu 0.4083, Penalty 0.0648, loss 2.4383
Epoch 29, Batch 248/361, Lx 2.0329, Lu 0.3367, Penalty 0.0600, loss 2.4296
Epoch 29, Batch 249/361, Lx 1.7290, Lu 0.2254, Penalty 0.0464, loss 2.0007
Epoch 29, Batch 250/361, Lx 1.9660, Lu 0.3692, Penalty 0.0738, loss 2.4090
Epoch 29, Batch 251/361, Lx 1.9164, Lu 0.3182, Penalty 0.0542, loss 2.2887
Epoch 29, Batch 252/361, Lx 1.8952, Lu 0.3091, Penalty 0.0960, loss 2.3003
Epoch 29, Batch 253/361, Lx 1.8945, Lu 0.3523, Penalty 0.0682, loss 2.3149
Epoch 29, Batch 254/361, Lx 1.9797, Lu 0.2959, Penalty 0.0611, loss 2.3367
Epoch 29, Batch 255/361, Lx 1.7362, Lu 0.2215, Penalty 0.0921, loss 2.0499
Epoch 29, Batch 256/361, Lx 1.9066, Lu 0.3676, Penalty 0.0615, loss 2.3357
Epoch 29, Batch 257/361, Lx 1.9987, Lu 0.2755, Penalty 0.0534, loss 2.3276
Epoch 29, Batch 258/361, Lx 1.8668, Lu 0.4331, Penalty 0.0747, loss 2.3746
Epoch 29, Batch 259/361, Lx 1.8859, Lu 0.2632, Penalty 0.0684, loss 2.2175
Epoch 29, Batch 260/361, Lx 1.8925, Lu 0.2393, Penalty 0.0683, loss 2.2001
Epoch 29, Batch 261/361, Lx 1.7936, Lu 0.2322, Penalty 0.0629, loss 2.0887
Epoch 29, Batch 262/361, Lx 1.6629, Lu 0.2223, Penalty 0.0780, loss 1.9631
Epoch 29, Batch 263/361, Lx 1.7833, Lu 0.2069, Penalty 0.0750, loss 2.0652
Epoch 29, Batch 264/361, Lx 1.7978, Lu 0.2499, Penalty 0.0963, loss 2.1439
Epoch 29, Batch 265/361, Lx 1.8823, Lu 0.2635, Penalty 0.0650, loss 2.2108
Epoch 29, Batch 266/361, Lx 1.8692, Lu 0.2535, Penalty 0.0927, loss 2.2154
Epoch 29, Batch 267/361, Lx 1.6618, Lu 0.2184, Penalty 0.1128, loss 1.9930
Epoch 29, Batch 268/361, Lx 1.8459, Lu 0.2424, Penalty 0.0867, loss 2.1751
Epoch 29, Batch 269/361, Lx 1.9449, Lu 0.3644, Penalty 0.1029, loss 2.4122
Epoch 29, Batch 270/361, Lx 1.6756, Lu 0.2462, Penalty 0.0687, loss 1.9905
Epoch 29, Batch 271/361, Lx 1.7933, Lu 0.2768, Penalty 0.0773, loss 2.1474
Epoch 29, Batch 272/361, Lx 1.7694, Lu 0.2198, Penalty 0.1010, loss 2.0901
Epoch 29, Batch 273/361, Lx 1.8802, Lu 0.2671, Penalty 0.0873, loss 2.2345
Epoch 29, Batch 274/361, Lx 1.8702, Lu 0.2487, Penalty 0.0919, loss 2.2108
Epoch 29, Batch 275/361, Lx 1.6879, Lu 0.2833, Penalty 0.0822, loss 2.0534
Epoch 29, Batch 276/361, Lx 1.6572, Lu 0.2405, Penalty 0.0664, loss 1.9640
Epoch 29, Batch 277/361, Lx 1.8623, Lu 0.2483, Penalty 0.1072, loss 2.2177
Epoch 29, Batch 278/361, Lx 2.0427, Lu 0.2928, Penalty 0.0601, loss 2.3956
Epoch 29, Batch 279/361, Lx 2.0460, Lu 0.2865, Penalty 0.0772, loss 2.4097
Epoch 29, Batch 280/361, Lx 1.6192, Lu 0.2384, Penalty 0.0963, loss 1.9539
Epoch 29, Batch 281/361, Lx 1.9037, Lu 0.2845, Penalty 0.0615, loss 2.2497
Epoch 29, Batch 282/361, Lx 2.0841, Lu 0.3614, Penalty 0.0853, loss 2.5308
Epoch 29, Batch 283/361, Lx 1.8210, Lu 0.3000, Penalty 0.0868, loss 2.2078
Epoch 29, Batch 284/361, Lx 1.8733, Lu 0.2362, Penalty 0.0722, loss 2.1817
Epoch 29, Batch 285/361, Lx 1.9416, Lu 0.3108, Penalty 0.0759, loss 2.3283
Epoch 29, Batch 286/361, Lx 1.9686, Lu 0.3212, Penalty 0.0869, loss 2.3767
Epoch 29, Batch 287/361, Lx 1.9387, Lu 0.3102, Penalty 0.0830, loss 2.3319
Epoch 29, Batch 288/361, Lx 1.9606, Lu 0.2784, Penalty 0.0728, loss 2.3119
Epoch 29, Batch 289/361, Lx 1.7358, Lu 0.2352, Penalty 0.0871, loss 2.0581
Epoch 29, Batch 290/361, Lx 1.8579, Lu 0.2354, Penalty 0.0633, loss 2.1566
Epoch 29, Batch 291/361, Lx 1.9613, Lu 0.2463, Penalty 0.0499, loss 2.2575
Epoch 29, Batch 292/361, Lx 1.9825, Lu 0.3373, Penalty 0.0710, loss 2.3909
Epoch 29, Batch 293/361, Lx 1.9667, Lu 0.3283, Penalty 0.0666, loss 2.3616
Epoch 29, Batch 294/361, Lx 1.8751, Lu 0.2495, Penalty 0.0653, loss 2.1898
Epoch 29, Batch 295/361, Lx 1.6372, Lu 0.2180, Penalty 0.0696, loss 1.9247
Epoch 29, Batch 296/361, Lx 1.9973, Lu 0.3790, Penalty 0.0780, loss 2.4544
Epoch 29, Batch 297/361, Lx 2.0684, Lu 0.3550, Penalty 0.0466, loss 2.4700
Epoch 29, Batch 298/361, Lx 1.8438, Lu 0.2085, Penalty 0.0766, loss 2.1289
Epoch 29, Batch 299/361, Lx 1.9520, Lu 0.3198, Penalty 0.0621, loss 2.3339
Epoch 29, Batch 300/361, Lx 2.0311, Lu 0.3568, Penalty 0.0586, loss 2.4466
Epoch 29, Batch 301/361, Lx 1.5160, Lu 0.2059, Penalty 0.0547, loss 1.7767
Epoch 29, Batch 302/361, Lx 1.7264, Lu 0.2848, Penalty 0.1272, loss 2.1384
Epoch 29, Batch 303/361, Lx 1.7532, Lu 0.2713, Penalty 0.0799, loss 2.1043
Epoch 29, Batch 304/361, Lx 1.9730, Lu 0.2311, Penalty 0.0498, loss 2.2539
Epoch 29, Batch 305/361, Lx 1.8456, Lu 0.2966, Penalty 0.0586, loss 2.2008
Epoch 29, Batch 306/361, Lx 1.8764, Lu 0.2382, Penalty 0.0573, loss 2.1719
Epoch 29, Batch 307/361, Lx 1.9229, Lu 0.2630, Penalty 0.0577, loss 2.2436
Epoch 29, Batch 308/361, Lx 1.6652, Lu 0.2088, Penalty 0.0835, loss 1.9575
Epoch 29, Batch 309/361, Lx 1.9257, Lu 0.3821, Penalty 0.0842, loss 2.3920
Epoch 29, Batch 310/361, Lx 1.8974, Lu 0.3182, Penalty 0.0797, loss 2.2953
Epoch 29, Batch 311/361, Lx 1.9035, Lu 0.3086, Penalty 0.0639, loss 2.2760
Epoch 29, Batch 312/361, Lx 1.9175, Lu 0.2934, Penalty 0.0630, loss 2.2739
Epoch 29, Batch 313/361, Lx 1.7781, Lu 0.3071, Penalty 0.0625, loss 2.1478
Epoch 29, Batch 314/361, Lx 1.8952, Lu 0.3223, Penalty 0.0593, loss 2.2768
Epoch 29, Batch 315/361, Lx 1.8875, Lu 0.2719, Penalty 0.0600, loss 2.2195
Epoch 29, Batch 316/361, Lx 1.7401, Lu 0.2648, Penalty 0.0723, loss 2.0771
Epoch 29, Batch 317/361, Lx 1.9475, Lu 0.2200, Penalty 0.0755, loss 2.2431
Epoch 29, Batch 318/361, Lx 2.0033, Lu 0.3413, Penalty 0.0676, loss 2.4123
Epoch 29, Batch 319/361, Lx 1.6918, Lu 0.2349, Penalty 0.1091, loss 2.0358
Epoch 29, Batch 320/361, Lx 1.9402, Lu 0.3196, Penalty 0.0959, loss 2.3557
Epoch 29, Batch 321/361, Lx 1.7409, Lu 0.2507, Penalty 0.1266, loss 2.1182
Epoch 29, Batch 322/361, Lx 1.9664, Lu 0.3019, Penalty 0.1138, loss 2.3821
Epoch 29, Batch 323/361, Lx 1.8797, Lu 0.2522, Penalty 0.0952, loss 2.2271
Epoch 29, Batch 324/361, Lx 1.8396, Lu 0.1777, Penalty 0.0888, loss 2.1061
Epoch 29, Batch 325/361, Lx 1.7319, Lu 0.3323, Penalty 0.0849, loss 2.1491
Epoch 29, Batch 326/361, Lx 2.0449, Lu 0.2554, Penalty 0.0740, loss 2.3744
Epoch 29, Batch 327/361, Lx 1.7149, Lu 0.3067, Penalty 0.1079, loss 2.1295
Epoch 29, Batch 328/361, Lx 2.0185, Lu 0.2839, Penalty 0.0773, loss 2.3797
Epoch 29, Batch 329/361, Lx 1.8377, Lu 0.1937, Penalty 0.0418, loss 2.0733
Epoch 29, Batch 330/361, Lx 1.9492, Lu 0.2595, Penalty 0.0730, loss 2.2816
Epoch 29, Batch 331/361, Lx 1.9528, Lu 0.2596, Penalty 0.0956, loss 2.3080
Epoch 29, Batch 332/361, Lx 1.7859, Lu 0.2852, Penalty 0.0484, loss 2.1194
Epoch 29, Batch 333/361, Lx 1.8711, Lu 0.2382, Penalty 0.0599, loss 2.1692
Epoch 29, Batch 334/361, Lx 1.8679, Lu 0.2874, Penalty 0.0735, loss 2.2288
Epoch 29, Batch 335/361, Lx 1.9347, Lu 0.2141, Penalty 0.0629, loss 2.2116
Epoch 29, Batch 336/361, Lx 1.8859, Lu 0.2416, Penalty 0.0736, loss 2.2011
Epoch 29, Batch 337/361, Lx 1.7774, Lu 0.2824, Penalty 0.1005, loss 2.1603
Epoch 29, Batch 338/361, Lx 1.8604, Lu 0.3199, Penalty 0.1075, loss 2.2878
Epoch 29, Batch 339/361, Lx 1.9364, Lu 0.3673, Penalty 0.0821, loss 2.3858
Epoch 29, Batch 340/361, Lx 1.8958, Lu 0.2473, Penalty 0.0568, loss 2.1999
Epoch 29, Batch 341/361, Lx 1.9706, Lu 0.2840, Penalty 0.0643, loss 2.3189
Epoch 29, Batch 342/361, Lx 1.8611, Lu 0.2336, Penalty 0.0782, loss 2.1729
Epoch 29, Batch 343/361, Lx 1.9260, Lu 0.3031, Penalty 0.0573, loss 2.2865
Epoch 29, Batch 344/361, Lx 1.9636, Lu 0.2781, Penalty 0.0675, loss 2.3092
Epoch 29, Batch 345/361, Lx 1.8864, Lu 0.3673, Penalty 0.0715, loss 2.3252
Epoch 29, Batch 346/361, Lx 1.6125, Lu 0.2616, Penalty 0.0968, loss 1.9709
Epoch 29, Batch 347/361, Lx 1.8627, Lu 0.2630, Penalty 0.0553, loss 2.1810
Epoch 29, Batch 348/361, Lx 1.5850, Lu 0.1870, Penalty 0.1152, loss 1.8873
Epoch 29, Batch 349/361, Lx 1.3577, Lu 0.1839, Penalty 0.1154, loss 1.6571
Epoch 29, Batch 350/361, Lx 1.9368, Lu 0.3221, Penalty 0.0773, loss 2.3362
Epoch 29, Batch 351/361, Lx 1.8788, Lu 0.3225, Penalty 0.0919, loss 2.2931
Epoch 29, Batch 352/361, Lx 2.0660, Lu 0.2650, Penalty 0.0582, loss 2.3892
Epoch 29, Batch 353/361, Lx 1.8562, Lu 0.2373, Penalty 0.0948, loss 2.1884
Epoch 29, Batch 354/361, Lx 1.8634, Lu 0.2157, Penalty 0.0750, loss 2.1541
Epoch 29, Batch 355/361, Lx 1.8687, Lu 0.2895, Penalty 0.0865, loss 2.2447
Epoch 29, Batch 356/361, Lx 1.8930, Lu 0.3288, Penalty 0.0950, loss 2.3168
Epoch 29, Batch 357/361, Lx 1.8589, Lu 0.2929, Penalty 0.0935, loss 2.2453
Epoch 29, Batch 358/361, Lx 1.9918, Lu 0.2090, Penalty 0.0822, loss 2.2831
Epoch 29, Batch 359/361, Lx 1.7644, Lu 0.2479, Penalty 0.0936, loss 2.1059
Epoch 29, Batch 360/361, Lx 1.9297, Lu 0.2902, Penalty 0.0681, loss 2.2880
Epoch 29, Batch 361/361, Lx 2.0101, Lu 0.2077, Penalty 0.0754, loss 2.2933
Loss: 2.1949, Lx: 1.8496, Lu: 0.2685, Penalty: 0.0768
Training for Network 2
labelled data size: 9092
unlabelled data size: 32908
