Loading Yahoo train data from src/data/train/yahoo_train.csv
Yahoo train data loaded with 1400000 samples
Reduced Yahoo train data to 42000 samples
Loading Yahoo test data from src/data/test/yahoo_test.csv
Yahoo test data loaded with 60000 samples
Injecting symmetric noise with ratio 0.5
Detected 10 classes: [0, 1, 2, 3, 4, 5, 6, 7, 8, 9]
Injected noise into 21000 samples.
Number of classes in Yahoo dataset: 10
Loading BERT model from bert-base-uncased
Setting up optimizers and losses...
Found warm-up-completed models
Training for Network 1
labelled data size: 18461
unlabelled data size: 23539
Epoch 5, Batch 1/577, Lx 2.5539, Lu 0.0728, Penalty 0.2589, loss 2.8855
Epoch 5, Batch 2/577, Lx 2.5124, Lu 0.0503, Penalty 0.1235, loss 2.6862
Epoch 5, Batch 3/577, Lx 2.5468, Lu 0.0391, Penalty 0.1541, loss 2.7400
Epoch 5, Batch 4/577, Lx 2.8044, Lu 0.0446, Penalty 0.3294, loss 3.1783
Epoch 5, Batch 5/577, Lx 2.3335, Lu 0.0518, Penalty 0.1486, loss 2.5339
Epoch 5, Batch 6/577, Lx 2.4384, Lu 0.0506, Penalty 0.1666, loss 2.6556
Epoch 5, Batch 7/577, Lx 2.5714, Lu 0.0492, Penalty 0.1419, loss 2.7625
Epoch 5, Batch 8/577, Lx 2.2676, Lu 0.0402, Penalty 0.1168, loss 2.4246
Epoch 5, Batch 9/577, Lx 2.3369, Lu 0.0237, Penalty 0.0908, loss 2.4514
Epoch 5, Batch 10/577, Lx 2.3374, Lu 0.0418, Penalty 0.1340, loss 2.5131
Epoch 5, Batch 11/577, Lx 2.2437, Lu 0.0315, Penalty 0.0735, loss 2.3487
Epoch 5, Batch 12/577, Lx 2.2869, Lu 0.0407, Penalty 0.0779, loss 2.4054
Epoch 5, Batch 13/577, Lx 2.2390, Lu 0.0361, Penalty 0.0655, loss 2.3406
Epoch 5, Batch 14/577, Lx 2.2867, Lu 0.0447, Penalty 0.0633, loss 2.3948
Epoch 5, Batch 15/577, Lx 2.3630, Lu 0.0484, Penalty 0.0544, loss 2.4657
Epoch 5, Batch 16/577, Lx 2.3212, Lu 0.0458, Penalty 0.0713, loss 2.4384
Epoch 5, Batch 17/577, Lx 2.2976, Lu 0.0391, Penalty 0.0808, loss 2.4176
Epoch 5, Batch 18/577, Lx 2.2374, Lu 0.0304, Penalty 0.0363, loss 2.3040
Epoch 5, Batch 19/577, Lx 2.2882, Lu 0.0367, Penalty 0.0415, loss 2.3664
Epoch 5, Batch 20/577, Lx 2.3228, Lu 0.0413, Penalty 0.0729, loss 2.4370
Epoch 5, Batch 21/577, Lx 2.2522, Lu 0.0261, Penalty 0.0736, loss 2.3519
Epoch 5, Batch 22/577, Lx 2.2136, Lu 0.0313, Penalty 0.0672, loss 2.3122
Epoch 5, Batch 23/577, Lx 2.2503, Lu 0.0490, Penalty 0.0560, loss 2.3553
Epoch 5, Batch 24/577, Lx 2.1696, Lu 0.0230, Penalty 0.0406, loss 2.2332
Epoch 5, Batch 25/577, Lx 2.1528, Lu 0.0272, Penalty 0.0467, loss 2.2267
Epoch 5, Batch 26/577, Lx 2.2230, Lu 0.0450, Penalty 0.0571, loss 2.3251
Epoch 5, Batch 27/577, Lx 2.2750, Lu 0.0370, Penalty 0.0703, loss 2.3823
Epoch 5, Batch 28/577, Lx 2.2063, Lu 0.0399, Penalty 0.0687, loss 2.3149
Epoch 5, Batch 29/577, Lx 2.1651, Lu 0.0210, Penalty 0.0658, loss 2.2519
Epoch 5, Batch 30/577, Lx 2.1996, Lu 0.0320, Penalty 0.0563, loss 2.2879
Epoch 5, Batch 31/577, Lx 2.2474, Lu 0.0215, Penalty 0.0463, loss 2.3152
Epoch 5, Batch 32/577, Lx 2.1575, Lu 0.0232, Penalty 0.0390, loss 2.2198
Epoch 5, Batch 33/577, Lx 2.2720, Lu 0.0345, Penalty 0.0380, loss 2.3445
Epoch 5, Batch 34/577, Lx 2.1652, Lu 0.0282, Penalty 0.0330, loss 2.2264
Epoch 5, Batch 35/577, Lx 2.2592, Lu 0.0407, Penalty 0.0317, loss 2.3316
Epoch 5, Batch 36/577, Lx 2.2680, Lu 0.0599, Penalty 0.0275, loss 2.3554
Epoch 5, Batch 37/577, Lx 2.2556, Lu 0.0284, Penalty 0.0259, loss 2.3099
Epoch 5, Batch 38/577, Lx 2.2067, Lu 0.0409, Penalty 0.0256, loss 2.2732
Epoch 5, Batch 39/577, Lx 2.2173, Lu 0.0371, Penalty 0.0291, loss 2.2835
Epoch 5, Batch 40/577, Lx 2.2502, Lu 0.0321, Penalty 0.0307, loss 2.3130
Epoch 5, Batch 41/577, Lx 2.2219, Lu 0.0314, Penalty 0.0339, loss 2.2872
Epoch 5, Batch 42/577, Lx 2.1905, Lu 0.0324, Penalty 0.0332, loss 2.2561
Epoch 5, Batch 43/577, Lx 2.1845, Lu 0.0247, Penalty 0.0386, loss 2.2478
Epoch 5, Batch 44/577, Lx 2.2160, Lu 0.0286, Penalty 0.0501, loss 2.2947
Epoch 5, Batch 45/577, Lx 2.2036, Lu 0.0493, Penalty 0.0489, loss 2.3018
Epoch 5, Batch 46/577, Lx 2.2435, Lu 0.0343, Penalty 0.0603, loss 2.3380
Epoch 5, Batch 47/577, Lx 2.1615, Lu 0.0222, Penalty 0.0507, loss 2.2345
Epoch 5, Batch 48/577, Lx 2.2091, Lu 0.0389, Penalty 0.0605, loss 2.3085
Epoch 5, Batch 49/577, Lx 2.1468, Lu 0.0254, Penalty 0.0537, loss 2.2259
Epoch 5, Batch 50/577, Lx 2.1969, Lu 0.0294, Penalty 0.0499, loss 2.2762
Epoch 5, Batch 51/577, Lx 2.2361, Lu 0.0389, Penalty 0.0595, loss 2.3346
Epoch 5, Batch 52/577, Lx 2.1761, Lu 0.0232, Penalty 0.0545, loss 2.2539
Epoch 5, Batch 53/577, Lx 2.1142, Lu 0.0297, Penalty 0.0495, loss 2.1934
Epoch 5, Batch 54/577, Lx 2.1446, Lu 0.0209, Penalty 0.0509, loss 2.2163
Epoch 5, Batch 55/577, Lx 2.2293, Lu 0.0255, Penalty 0.0483, loss 2.3031
Epoch 5, Batch 56/577, Lx 2.1947, Lu 0.0415, Penalty 0.0473, loss 2.2835
Epoch 5, Batch 57/577, Lx 2.2103, Lu 0.0259, Penalty 0.0524, loss 2.2885
Epoch 5, Batch 58/577, Lx 2.1463, Lu 0.0440, Penalty 0.0465, loss 2.2368
Epoch 5, Batch 59/577, Lx 2.2159, Lu 0.0460, Penalty 0.0477, loss 2.3096
Epoch 5, Batch 60/577, Lx 2.2612, Lu 0.0341, Penalty 0.0402, loss 2.3355
Epoch 5, Batch 61/577, Lx 2.2624, Lu 0.0316, Penalty 0.0393, loss 2.3333
Epoch 5, Batch 62/577, Lx 2.1718, Lu 0.0373, Penalty 0.0353, loss 2.2444
Epoch 5, Batch 63/577, Lx 2.2181, Lu 0.0302, Penalty 0.0280, loss 2.2763
Epoch 5, Batch 64/577, Lx 2.1325, Lu 0.0249, Penalty 0.0295, loss 2.1870
Epoch 5, Batch 65/577, Lx 2.2096, Lu 0.0463, Penalty 0.0299, loss 2.2858
Epoch 5, Batch 66/577, Lx 2.2588, Lu 0.0339, Penalty 0.0250, loss 2.3178
Epoch 5, Batch 67/577, Lx 2.2068, Lu 0.0249, Penalty 0.0354, loss 2.2671
Epoch 5, Batch 68/577, Lx 2.1505, Lu 0.0492, Penalty 0.0296, loss 2.2294
Epoch 5, Batch 69/577, Lx 2.1985, Lu 0.0401, Penalty 0.0452, loss 2.2837
Epoch 5, Batch 70/577, Lx 2.1374, Lu 0.0238, Penalty 0.0320, loss 2.1933
Epoch 5, Batch 71/577, Lx 2.1848, Lu 0.0372, Penalty 0.0354, loss 2.2573
Epoch 5, Batch 72/577, Lx 2.1749, Lu 0.0354, Penalty 0.0488, loss 2.2591
Epoch 5, Batch 73/577, Lx 2.2288, Lu 0.0319, Penalty 0.0418, loss 2.3025
Epoch 5, Batch 74/577, Lx 2.1827, Lu 0.0438, Penalty 0.0446, loss 2.2711
Epoch 5, Batch 75/577, Lx 2.2238, Lu 0.0251, Penalty 0.0518, loss 2.3007
Epoch 5, Batch 76/577, Lx 2.1390, Lu 0.0336, Penalty 0.0353, loss 2.2079
Epoch 5, Batch 77/577, Lx 2.1188, Lu 0.0432, Penalty 0.0383, loss 2.2003
Epoch 5, Batch 78/577, Lx 2.1684, Lu 0.0330, Penalty 0.0327, loss 2.2341
Epoch 5, Batch 79/577, Lx 2.2094, Lu 0.0348, Penalty 0.0301, loss 2.2743
Epoch 5, Batch 80/577, Lx 2.1454, Lu 0.0245, Penalty 0.0448, loss 2.2146
Epoch 5, Batch 81/577, Lx 2.2963, Lu 0.0675, Penalty 0.0939, loss 2.4577
Epoch 5, Batch 82/577, Lx 2.1591, Lu 0.0398, Penalty 0.0357, loss 2.2345
Epoch 5, Batch 83/577, Lx 2.1051, Lu 0.0340, Penalty 0.0328, loss 2.1719
Epoch 5, Batch 84/577, Lx 2.1683, Lu 0.0316, Penalty 0.0555, loss 2.2554
Epoch 5, Batch 85/577, Lx 2.0658, Lu 0.0353, Penalty 0.0526, loss 2.1537
Epoch 5, Batch 86/577, Lx 2.2024, Lu 0.0480, Penalty 0.0537, loss 2.3042
Epoch 5, Batch 87/577, Lx 2.1287, Lu 0.0352, Penalty 0.0544, loss 2.2183
Epoch 5, Batch 88/577, Lx 2.0427, Lu 0.0269, Penalty 0.0489, loss 2.1185
Epoch 5, Batch 89/577, Lx 2.1462, Lu 0.0450, Penalty 0.0449, loss 2.2361
Epoch 5, Batch 90/577, Lx 2.0061, Lu 0.0282, Penalty 0.0466, loss 2.0809
Epoch 5, Batch 91/577, Lx 2.1895, Lu 0.0356, Penalty 0.0608, loss 2.2859
Epoch 5, Batch 92/577, Lx 2.1022, Lu 0.0254, Penalty 0.0563, loss 2.1839
Epoch 5, Batch 93/577, Lx 1.9621, Lu 0.0339, Penalty 0.0557, loss 2.0517
Epoch 5, Batch 94/577, Lx 2.0712, Lu 0.0456, Penalty 0.0547, loss 2.1715
Epoch 5, Batch 95/577, Lx 2.1008, Lu 0.0371, Penalty 0.0515, loss 2.1894
Epoch 5, Batch 96/577, Lx 2.0272, Lu 0.0284, Penalty 0.0952, loss 2.1508
Epoch 5, Batch 97/577, Lx 2.1446, Lu 0.0359, Penalty 0.0367, loss 2.2172
Epoch 5, Batch 98/577, Lx 1.9803, Lu 0.0409, Penalty 0.0335, loss 2.0546
Epoch 5, Batch 99/577, Lx 1.9038, Lu 0.0215, Penalty 0.1103, loss 2.0356
Epoch 5, Batch 100/577, Lx 2.0552, Lu 0.0264, Penalty 0.0792, loss 2.1608
Epoch 5, Batch 101/577, Lx 2.0164, Lu 0.0286, Penalty 0.0442, loss 2.0892
Epoch 5, Batch 102/577, Lx 2.0285, Lu 0.0301, Penalty 0.0288, loss 2.0874
Epoch 5, Batch 103/577, Lx 2.0036, Lu 0.0327, Penalty 0.0319, loss 2.0682
Epoch 5, Batch 104/577, Lx 2.0110, Lu 0.0321, Penalty 0.0372, loss 2.0804
Epoch 5, Batch 105/577, Lx 2.0673, Lu 0.0403, Penalty 0.0416, loss 2.1492
Epoch 5, Batch 106/577, Lx 1.9336, Lu 0.0310, Penalty 0.0442, loss 2.0088
Epoch 5, Batch 107/577, Lx 1.9381, Lu 0.0253, Penalty 0.0353, loss 1.9988
Epoch 5, Batch 108/577, Lx 1.8372, Lu 0.0268, Penalty 0.0735, loss 1.9375
Epoch 5, Batch 109/577, Lx 1.9907, Lu 0.0302, Penalty 0.0735, loss 2.0945
Epoch 5, Batch 110/577, Lx 2.0127, Lu 0.0395, Penalty 0.0699, loss 2.1221
Epoch 5, Batch 111/577, Lx 1.9739, Lu 0.0405, Penalty 0.1239, loss 2.1383
Epoch 5, Batch 112/577, Lx 1.9702, Lu 0.0247, Penalty 0.0860, loss 2.0810
Epoch 5, Batch 113/577, Lx 1.8995, Lu 0.0367, Penalty 0.0937, loss 2.0299
Epoch 5, Batch 114/577, Lx 1.9298, Lu 0.0370, Penalty 0.0461, loss 2.0129
Epoch 5, Batch 115/577, Lx 2.0197, Lu 0.0362, Penalty 0.0573, loss 2.1131
Epoch 5, Batch 116/577, Lx 2.0490, Lu 0.0376, Penalty 0.0208, loss 2.1074
Epoch 5, Batch 117/577, Lx 1.8715, Lu 0.0430, Penalty 0.0383, loss 1.9528
Epoch 5, Batch 118/577, Lx 1.9027, Lu 0.0368, Penalty 0.0212, loss 1.9608
Epoch 5, Batch 119/577, Lx 1.7529, Lu 0.0223, Penalty 0.0547, loss 1.8299
Epoch 5, Batch 120/577, Lx 2.1285, Lu 0.0482, Penalty 0.0252, loss 2.2018
Epoch 5, Batch 121/577, Lx 1.8653, Lu 0.0290, Penalty 0.0258, loss 1.9202
Epoch 5, Batch 122/577, Lx 1.7590, Lu 0.0236, Penalty 0.0509, loss 1.8335
Epoch 5, Batch 123/577, Lx 1.9605, Lu 0.0259, Penalty 0.0580, loss 2.0444
Epoch 5, Batch 124/577, Lx 1.9747, Lu 0.0372, Penalty 0.0823, loss 2.0941
Epoch 5, Batch 125/577, Lx 1.8977, Lu 0.0312, Penalty 0.0689, loss 1.9977
Epoch 5, Batch 126/577, Lx 1.9128, Lu 0.0209, Penalty 0.0773, loss 2.0109
Epoch 5, Batch 127/577, Lx 1.8900, Lu 0.0283, Penalty 0.0746, loss 1.9929
Epoch 5, Batch 128/577, Lx 1.9428, Lu 0.0336, Penalty 0.0471, loss 2.0235
Epoch 5, Batch 129/577, Lx 1.9393, Lu 0.0385, Penalty 0.0665, loss 2.0444
Epoch 5, Batch 130/577, Lx 1.9919, Lu 0.0228, Penalty 0.0349, loss 2.0497
Epoch 5, Batch 131/577, Lx 1.8185, Lu 0.0223, Penalty 0.0396, loss 1.8804
Epoch 5, Batch 132/577, Lx 1.8673, Lu 0.0218, Penalty 0.0498, loss 1.9388
Epoch 5, Batch 133/577, Lx 1.8503, Lu 0.0230, Penalty 0.0734, loss 1.9467
Epoch 5, Batch 134/577, Lx 1.8367, Lu 0.0285, Penalty 0.0486, loss 1.9138
Epoch 5, Batch 135/577, Lx 1.9683, Lu 0.0404, Penalty 0.0465, loss 2.0552
Epoch 5, Batch 136/577, Lx 1.9297, Lu 0.0339, Penalty 0.0441, loss 2.0076
Epoch 5, Batch 137/577, Lx 1.9253, Lu 0.0294, Penalty 0.0650, loss 2.0197
Epoch 5, Batch 138/577, Lx 1.9596, Lu 0.0298, Penalty 0.0704, loss 2.0599
Epoch 5, Batch 139/577, Lx 1.7831, Lu 0.0213, Penalty 0.0477, loss 1.8521
Epoch 5, Batch 140/577, Lx 2.0003, Lu 0.0316, Penalty 0.0453, loss 2.0772
Epoch 5, Batch 141/577, Lx 2.0641, Lu 0.0410, Penalty 0.0548, loss 2.1598
Epoch 5, Batch 142/577, Lx 2.0218, Lu 0.0354, Penalty 0.0212, loss 2.0784
Epoch 5, Batch 143/577, Lx 1.9860, Lu 0.0403, Penalty 0.0851, loss 2.1114
Epoch 5, Batch 144/577, Lx 1.7617, Lu 0.0254, Penalty 0.0349, loss 1.8220
Epoch 5, Batch 145/577, Lx 1.9098, Lu 0.0244, Penalty 0.0200, loss 1.9541
Epoch 5, Batch 146/577, Lx 1.9535, Lu 0.0373, Penalty 0.0537, loss 2.0446
Epoch 5, Batch 147/577, Lx 1.9499, Lu 0.0266, Penalty 0.0313, loss 2.0078
Epoch 5, Batch 148/577, Lx 1.9631, Lu 0.0324, Penalty 0.0344, loss 2.0298
Epoch 5, Batch 149/577, Lx 1.7960, Lu 0.0222, Penalty 0.0456, loss 1.8638
Epoch 5, Batch 150/577, Lx 1.8871, Lu 0.0314, Penalty 0.0823, loss 2.0008
Epoch 5, Batch 151/577, Lx 1.9188, Lu 0.0338, Penalty 0.0492, loss 2.0018
Epoch 5, Batch 152/577, Lx 1.8745, Lu 0.0340, Penalty 0.0723, loss 1.9808
Epoch 5, Batch 153/577, Lx 1.7900, Lu 0.0294, Penalty 0.0932, loss 1.9126
Epoch 5, Batch 154/577, Lx 1.8364, Lu 0.0306, Penalty 0.0820, loss 1.9490
Epoch 5, Batch 155/577, Lx 1.8010, Lu 0.0371, Penalty 0.0887, loss 1.9268
Epoch 5, Batch 156/577, Lx 1.7961, Lu 0.0404, Penalty 0.1050, loss 1.9415
Epoch 5, Batch 157/577, Lx 1.8895, Lu 0.0369, Penalty 0.0881, loss 2.0144
Epoch 5, Batch 158/577, Lx 1.7075, Lu 0.0248, Penalty 0.0384, loss 1.7707
Epoch 5, Batch 159/577, Lx 1.8664, Lu 0.0368, Penalty 0.0324, loss 1.9356
Epoch 5, Batch 160/577, Lx 1.6348, Lu 0.0239, Penalty 0.0311, loss 1.6899
Epoch 5, Batch 161/577, Lx 1.7836, Lu 0.0328, Penalty 0.0392, loss 1.8555
Epoch 5, Batch 162/577, Lx 1.8858, Lu 0.0339, Penalty 0.0525, loss 1.9722
Epoch 5, Batch 163/577, Lx 1.6008, Lu 0.0234, Penalty 0.0402, loss 1.6645
Epoch 5, Batch 164/577, Lx 1.8310, Lu 0.0252, Penalty 0.0567, loss 1.9130
Epoch 5, Batch 165/577, Lx 1.6954, Lu 0.0197, Penalty 0.0534, loss 1.7685
Epoch 5, Batch 166/577, Lx 1.9097, Lu 0.0321, Penalty 0.0767, loss 2.0185
Epoch 5, Batch 167/577, Lx 1.7335, Lu 0.0352, Penalty 0.1630, loss 1.9317
Epoch 5, Batch 168/577, Lx 1.7871, Lu 0.0248, Penalty 0.0808, loss 1.8926
Epoch 5, Batch 169/577, Lx 1.8223, Lu 0.0329, Penalty 0.0426, loss 1.8979
Epoch 5, Batch 170/577, Lx 1.7570, Lu 0.0230, Penalty 0.0475, loss 1.8275
Epoch 5, Batch 171/577, Lx 1.9042, Lu 0.0303, Penalty 0.0310, loss 1.9655
Epoch 5, Batch 172/577, Lx 1.7952, Lu 0.0381, Penalty 0.0310, loss 1.8643
Epoch 5, Batch 173/577, Lx 1.8681, Lu 0.0336, Penalty 0.0218, loss 1.9234
Epoch 5, Batch 174/577, Lx 1.8463, Lu 0.0259, Penalty 0.0389, loss 1.9112
Epoch 5, Batch 175/577, Lx 1.7160, Lu 0.0339, Penalty 0.0389, loss 1.7887
Epoch 5, Batch 176/577, Lx 1.7525, Lu 0.0323, Penalty 0.0835, loss 1.8683
Epoch 5, Batch 177/577, Lx 1.7185, Lu 0.0233, Penalty 0.0500, loss 1.7917
Epoch 5, Batch 178/577, Lx 1.7922, Lu 0.0255, Penalty 0.0684, loss 1.8861
Epoch 5, Batch 179/577, Lx 1.8720, Lu 0.0341, Penalty 0.0362, loss 1.9423
Epoch 5, Batch 180/577, Lx 1.9573, Lu 0.0338, Penalty 0.0509, loss 2.0419
Epoch 5, Batch 181/577, Lx 1.8438, Lu 0.0313, Penalty 0.0361, loss 1.9112
Epoch 5, Batch 182/577, Lx 1.8046, Lu 0.0318, Penalty 0.0436, loss 1.8800
Epoch 5, Batch 183/577, Lx 1.8290, Lu 0.0330, Penalty 0.0329, loss 1.8949
Epoch 5, Batch 184/577, Lx 2.0145, Lu 0.0415, Penalty 0.0320, loss 2.0879
Epoch 5, Batch 185/577, Lx 1.8310, Lu 0.0300, Penalty 0.0756, loss 1.9366
Epoch 5, Batch 186/577, Lx 1.6917, Lu 0.0264, Penalty 0.0527, loss 1.7707
Epoch 5, Batch 187/577, Lx 1.7109, Lu 0.0236, Penalty 0.0470, loss 1.7815
Epoch 5, Batch 188/577, Lx 1.8186, Lu 0.0263, Penalty 0.0656, loss 1.9105
Epoch 5, Batch 189/577, Lx 1.7961, Lu 0.0249, Penalty 0.0447, loss 1.8656
Epoch 5, Batch 190/577, Lx 1.9452, Lu 0.0341, Penalty 0.0200, loss 1.9993
Epoch 5, Batch 191/577, Lx 1.8329, Lu 0.0284, Penalty 0.0238, loss 1.8852
Epoch 5, Batch 192/577, Lx 1.7936, Lu 0.0261, Penalty 0.0335, loss 1.8531
Epoch 5, Batch 193/577, Lx 1.5974, Lu 0.0182, Penalty 0.0586, loss 1.6742
Epoch 5, Batch 194/577, Lx 1.8347, Lu 0.0250, Penalty 0.0225, loss 1.8821
Epoch 5, Batch 195/577, Lx 1.7175, Lu 0.0315, Penalty 0.0501, loss 1.7991
Epoch 5, Batch 196/577, Lx 1.5551, Lu 0.0174, Penalty 0.0593, loss 1.6318
Epoch 5, Batch 197/577, Lx 1.7535, Lu 0.0267, Penalty 0.0933, loss 1.8734
Epoch 5, Batch 198/577, Lx 1.5912, Lu 0.0202, Penalty 0.0446, loss 1.6560
Epoch 5, Batch 199/577, Lx 1.6944, Lu 0.0320, Penalty 0.0647, loss 1.7911
Epoch 5, Batch 200/577, Lx 1.5894, Lu 0.0225, Penalty 0.0670, loss 1.6788
Epoch 5, Batch 201/577, Lx 1.8507, Lu 0.0336, Penalty 0.0872, loss 1.9715
Epoch 5, Batch 202/577, Lx 1.8184, Lu 0.0396, Penalty 0.0974, loss 1.9555
Epoch 5, Batch 203/577, Lx 1.7030, Lu 0.0308, Penalty 0.1178, loss 1.8516
Epoch 5, Batch 204/577, Lx 1.8542, Lu 0.0285, Penalty 0.0469, loss 1.9296
Epoch 5, Batch 205/577, Lx 1.6768, Lu 0.0270, Penalty 0.0547, loss 1.7585
Epoch 5, Batch 206/577, Lx 1.6384, Lu 0.0286, Penalty 0.0448, loss 1.7119
Epoch 5, Batch 207/577, Lx 1.8676, Lu 0.0359, Penalty 0.0404, loss 1.9438
Epoch 5, Batch 208/577, Lx 1.8531, Lu 0.0429, Penalty 0.0676, loss 1.9636
Epoch 5, Batch 209/577, Lx 1.6168, Lu 0.0233, Penalty 0.0508, loss 1.6910
Epoch 5, Batch 210/577, Lx 1.8255, Lu 0.0419, Penalty 0.0555, loss 1.9229
Epoch 5, Batch 211/577, Lx 1.6199, Lu 0.0200, Penalty 0.0864, loss 1.7264
Epoch 5, Batch 212/577, Lx 1.8976, Lu 0.0372, Penalty 0.0689, loss 2.0038
Epoch 5, Batch 213/577, Lx 1.8150, Lu 0.0312, Penalty 0.0526, loss 1.8988
Epoch 5, Batch 214/577, Lx 1.7301, Lu 0.0300, Penalty 0.0422, loss 1.8023
Epoch 5, Batch 215/577, Lx 1.6915, Lu 0.0358, Penalty 0.0273, loss 1.7546
Epoch 5, Batch 216/577, Lx 1.6851, Lu 0.0321, Penalty 0.0661, loss 1.7833
Epoch 5, Batch 217/577, Lx 1.8152, Lu 0.0311, Penalty 0.0276, loss 1.8739
Epoch 5, Batch 218/577, Lx 1.6846, Lu 0.0236, Penalty 0.0522, loss 1.7604
Epoch 5, Batch 219/577, Lx 1.7552, Lu 0.0246, Penalty 0.0260, loss 1.8058
Epoch 5, Batch 220/577, Lx 1.7415, Lu 0.0240, Penalty 0.0368, loss 1.8022
Epoch 5, Batch 221/577, Lx 1.6806, Lu 0.0342, Penalty 0.0592, loss 1.7740
Epoch 5, Batch 222/577, Lx 1.7186, Lu 0.0267, Penalty 0.0739, loss 1.8192
Epoch 5, Batch 223/577, Lx 1.8111, Lu 0.0332, Penalty 0.0976, loss 1.9420
Epoch 5, Batch 224/577, Lx 1.6137, Lu 0.0286, Penalty 0.0337, loss 1.6760
Epoch 5, Batch 225/577, Lx 1.6036, Lu 0.0265, Penalty 0.0766, loss 1.7067
Epoch 5, Batch 226/577, Lx 1.6984, Lu 0.0203, Penalty 0.1192, loss 1.8379
Epoch 5, Batch 227/577, Lx 1.8577, Lu 0.0228, Penalty 0.0648, loss 1.9453
Epoch 5, Batch 228/577, Lx 2.0182, Lu 0.0276, Penalty 0.0812, loss 2.1271
Epoch 5, Batch 229/577, Lx 1.5726, Lu 0.0232, Penalty 0.0459, loss 1.6418
Epoch 5, Batch 230/577, Lx 1.7419, Lu 0.0298, Penalty 0.0530, loss 1.8248
Epoch 5, Batch 231/577, Lx 1.8037, Lu 0.0352, Penalty 0.0297, loss 1.8685
Epoch 5, Batch 232/577, Lx 1.7564, Lu 0.0312, Penalty 0.0453, loss 1.8330
Epoch 5, Batch 233/577, Lx 1.7378, Lu 0.0324, Penalty 0.0515, loss 1.8218
Epoch 5, Batch 234/577, Lx 1.7583, Lu 0.0269, Penalty 0.0361, loss 1.8213
Epoch 5, Batch 235/577, Lx 1.7781, Lu 0.0349, Penalty 0.0809, loss 1.8939
Epoch 5, Batch 236/577, Lx 1.8526, Lu 0.0265, Penalty 0.0344, loss 1.9135
Epoch 5, Batch 237/577, Lx 1.8050, Lu 0.0330, Penalty 0.0329, loss 1.8709
Epoch 5, Batch 238/577, Lx 1.6192, Lu 0.0288, Penalty 0.0436, loss 1.6916
Epoch 5, Batch 239/577, Lx 1.3297, Lu 0.0187, Penalty 0.0731, loss 1.4215
Epoch 5, Batch 240/577, Lx 1.7212, Lu 0.0300, Penalty 0.0465, loss 1.7978
Epoch 5, Batch 241/577, Lx 1.5844, Lu 0.0202, Penalty 0.0541, loss 1.6587
Epoch 5, Batch 242/577, Lx 1.8229, Lu 0.0251, Penalty 0.1149, loss 1.9629
Epoch 5, Batch 243/577, Lx 1.7375, Lu 0.0325, Penalty 0.0984, loss 1.8685
Epoch 5, Batch 244/577, Lx 1.6323, Lu 0.0193, Penalty 0.0670, loss 1.7186
Epoch 5, Batch 245/577, Lx 1.7278, Lu 0.0319, Penalty 0.0521, loss 1.8118
Epoch 5, Batch 246/577, Lx 1.7925, Lu 0.0324, Penalty 0.0621, loss 1.8870
Epoch 5, Batch 247/577, Lx 1.7023, Lu 0.0220, Penalty 0.0654, loss 1.7896
Epoch 5, Batch 248/577, Lx 1.7953, Lu 0.0293, Penalty 0.0872, loss 1.9118
Epoch 5, Batch 249/577, Lx 1.6263, Lu 0.0262, Penalty 0.0320, loss 1.6845
Epoch 5, Batch 250/577, Lx 1.7451, Lu 0.0294, Penalty 0.0332, loss 1.8077
Epoch 5, Batch 251/577, Lx 1.6566, Lu 0.0261, Penalty 0.0392, loss 1.7220
Epoch 5, Batch 252/577, Lx 1.6888, Lu 0.0351, Penalty 0.0675, loss 1.7914
Epoch 5, Batch 253/577, Lx 1.7314, Lu 0.0461, Penalty 0.0770, loss 1.8545
Epoch 5, Batch 254/577, Lx 1.5566, Lu 0.0239, Penalty 0.0562, loss 1.6367
Epoch 5, Batch 255/577, Lx 1.8327, Lu 0.0291, Penalty 0.0296, loss 1.8914
Epoch 5, Batch 256/577, Lx 1.6581, Lu 0.0288, Penalty 0.0408, loss 1.7278
Epoch 5, Batch 257/577, Lx 1.6475, Lu 0.0245, Penalty 0.0745, loss 1.7465
Epoch 5, Batch 258/577, Lx 1.7773, Lu 0.0333, Penalty 0.0533, loss 1.8639
Epoch 5, Batch 259/577, Lx 1.5597, Lu 0.0257, Penalty 0.0804, loss 1.6657
Epoch 5, Batch 260/577, Lx 1.6388, Lu 0.0246, Penalty 0.0379, loss 1.7013
Epoch 5, Batch 261/577, Lx 1.7800, Lu 0.0339, Penalty 0.0544, loss 1.8682
Epoch 5, Batch 262/577, Lx 1.7315, Lu 0.0356, Penalty 0.0533, loss 1.8203
Epoch 5, Batch 263/577, Lx 1.3871, Lu 0.0351, Penalty 0.0713, loss 1.4935
Epoch 5, Batch 264/577, Lx 1.5686, Lu 0.0256, Penalty 0.0687, loss 1.6630
Epoch 5, Batch 265/577, Lx 1.7212, Lu 0.0256, Penalty 0.0813, loss 1.8281
Epoch 5, Batch 266/577, Lx 1.6840, Lu 0.0276, Penalty 0.0871, loss 1.7988
Epoch 5, Batch 267/577, Lx 1.8940, Lu 0.0416, Penalty 0.0550, loss 1.9907
Epoch 5, Batch 268/577, Lx 1.6236, Lu 0.0268, Penalty 0.0876, loss 1.7381
Epoch 5, Batch 269/577, Lx 1.4808, Lu 0.0249, Penalty 0.0685, loss 1.5742
Epoch 5, Batch 270/577, Lx 1.8688, Lu 0.0405, Penalty 0.0744, loss 1.9836
Epoch 5, Batch 271/577, Lx 1.5314, Lu 0.0248, Penalty 0.0873, loss 1.6436
Epoch 5, Batch 272/577, Lx 1.9012, Lu 0.0390, Penalty 0.0778, loss 2.0179
Epoch 5, Batch 273/577, Lx 1.6272, Lu 0.0321, Penalty 0.0398, loss 1.6991
Epoch 5, Batch 274/577, Lx 1.8569, Lu 0.0349, Penalty 0.0564, loss 1.9482
Epoch 5, Batch 275/577, Lx 1.8834, Lu 0.0410, Penalty 0.0792, loss 2.0036
Epoch 5, Batch 276/577, Lx 1.4526, Lu 0.0174, Penalty 0.0611, loss 1.5312
Epoch 5, Batch 277/577, Lx 1.8261, Lu 0.0316, Penalty 0.0546, loss 1.9123
Epoch 5, Batch 278/577, Lx 1.7294, Lu 0.0265, Penalty 0.0390, loss 1.7950
Epoch 5, Batch 279/577, Lx 1.6984, Lu 0.0275, Penalty 0.0478, loss 1.7737
Epoch 5, Batch 280/577, Lx 1.4972, Lu 0.0240, Penalty 0.0691, loss 1.5903
Epoch 5, Batch 281/577, Lx 1.7512, Lu 0.0301, Penalty 0.0629, loss 1.8442
Epoch 5, Batch 282/577, Lx 1.7836, Lu 0.0288, Penalty 0.0542, loss 1.8666
Epoch 5, Batch 283/577, Lx 1.8463, Lu 0.0393, Penalty 0.0476, loss 1.9332
Epoch 5, Batch 284/577, Lx 1.8226, Lu 0.0385, Penalty 0.0411, loss 1.9021
Epoch 5, Batch 285/577, Lx 1.4562, Lu 0.0202, Penalty 0.0479, loss 1.5244
Epoch 5, Batch 286/577, Lx 1.7000, Lu 0.0274, Penalty 0.0702, loss 1.7976
Epoch 5, Batch 287/577, Lx 1.4558, Lu 0.0154, Penalty 0.0595, loss 1.5306
Epoch 5, Batch 288/577, Lx 1.6398, Lu 0.0272, Penalty 0.0650, loss 1.7320
Epoch 5, Batch 289/577, Lx 1.7582, Lu 0.0344, Penalty 0.0760, loss 1.8685
Epoch 5, Batch 290/577, Lx 1.8092, Lu 0.0332, Penalty 0.0423, loss 1.8848
Epoch 5, Batch 291/577, Lx 1.7236, Lu 0.0343, Penalty 0.0517, loss 1.8097
Epoch 5, Batch 292/577, Lx 1.7894, Lu 0.0326, Penalty 0.0813, loss 1.9033
Epoch 5, Batch 293/577, Lx 1.6707, Lu 0.0273, Penalty 0.0737, loss 1.7718
Epoch 5, Batch 294/577, Lx 1.6074, Lu 0.0258, Penalty 0.0445, loss 1.6777
Epoch 5, Batch 295/577, Lx 1.7399, Lu 0.0378, Penalty 0.0791, loss 1.8568
Epoch 5, Batch 296/577, Lx 1.7887, Lu 0.0292, Penalty 0.0589, loss 1.8768
Epoch 5, Batch 297/577, Lx 1.6378, Lu 0.0233, Penalty 0.0623, loss 1.7234
Epoch 5, Batch 298/577, Lx 1.8001, Lu 0.0299, Penalty 0.0335, loss 1.8634
Epoch 5, Batch 299/577, Lx 1.5807, Lu 0.0259, Penalty 0.0573, loss 1.6639
Epoch 5, Batch 300/577, Lx 1.7474, Lu 0.0322, Penalty 0.0312, loss 1.8107
Epoch 5, Batch 301/577, Lx 1.7587, Lu 0.0266, Penalty 0.0732, loss 1.8585
Epoch 5, Batch 302/577, Lx 1.5858, Lu 0.0200, Penalty 0.0658, loss 1.6715
Epoch 5, Batch 303/577, Lx 1.6221, Lu 0.0227, Penalty 0.0192, loss 1.6640
Epoch 5, Batch 304/577, Lx 1.8861, Lu 0.0294, Penalty 0.0594, loss 1.9750
Epoch 5, Batch 305/577, Lx 1.7336, Lu 0.0314, Penalty 0.0602, loss 1.8252
Epoch 5, Batch 306/577, Lx 1.7823, Lu 0.0331, Penalty 0.0427, loss 1.8581
Epoch 5, Batch 307/577, Lx 1.7732, Lu 0.0359, Penalty 0.0627, loss 1.8718
Epoch 5, Batch 308/577, Lx 1.6906, Lu 0.0268, Penalty 0.0761, loss 1.7934
Epoch 5, Batch 309/577, Lx 1.6355, Lu 0.0255, Penalty 0.0257, loss 1.6866
Epoch 5, Batch 310/577, Lx 1.7358, Lu 0.0232, Penalty 0.0259, loss 1.7849
Epoch 5, Batch 311/577, Lx 1.8291, Lu 0.0370, Penalty 0.0837, loss 1.9498
Epoch 5, Batch 312/577, Lx 1.6429, Lu 0.0321, Penalty 0.0646, loss 1.7395
Epoch 5, Batch 313/577, Lx 1.5718, Lu 0.0267, Penalty 0.0741, loss 1.6726
Epoch 5, Batch 314/577, Lx 1.7576, Lu 0.0380, Penalty 0.0727, loss 1.8682
Epoch 5, Batch 315/577, Lx 1.7699, Lu 0.0324, Penalty 0.0607, loss 1.8629
Epoch 5, Batch 316/577, Lx 1.6516, Lu 0.0241, Penalty 0.0510, loss 1.7267
Epoch 5, Batch 317/577, Lx 1.7238, Lu 0.0289, Penalty 0.0652, loss 1.8179
Epoch 5, Batch 318/577, Lx 1.6192, Lu 0.0222, Penalty 0.0652, loss 1.7067
Epoch 5, Batch 319/577, Lx 1.7623, Lu 0.0216, Penalty 0.0454, loss 1.8294
Epoch 5, Batch 320/577, Lx 1.6600, Lu 0.0219, Penalty 0.0448, loss 1.7268
Epoch 5, Batch 321/577, Lx 1.7071, Lu 0.0321, Penalty 0.0187, loss 1.7579
Epoch 5, Batch 322/577, Lx 1.9328, Lu 0.0300, Penalty 0.0458, loss 2.0086
Epoch 5, Batch 323/577, Lx 1.4944, Lu 0.0206, Penalty 0.0717, loss 1.5866
Epoch 5, Batch 324/577, Lx 1.5260, Lu 0.0249, Penalty 0.0549, loss 1.6058
Epoch 5, Batch 325/577, Lx 1.6152, Lu 0.0211, Penalty 0.0285, loss 1.6648
Epoch 5, Batch 326/577, Lx 1.7005, Lu 0.0222, Penalty 0.0405, loss 1.7631
Epoch 5, Batch 327/577, Lx 1.7524, Lu 0.0334, Penalty 0.0759, loss 1.8617
Epoch 5, Batch 328/577, Lx 1.5120, Lu 0.0188, Penalty 0.0441, loss 1.5748
Epoch 5, Batch 329/577, Lx 1.7355, Lu 0.0393, Penalty 0.0699, loss 1.8446
Epoch 5, Batch 330/577, Lx 1.8143, Lu 0.0328, Penalty 0.0638, loss 1.9109
Epoch 5, Batch 331/577, Lx 1.8120, Lu 0.0298, Penalty 0.0646, loss 1.9064
Epoch 5, Batch 332/577, Lx 1.7079, Lu 0.0300, Penalty 0.0842, loss 1.8221
Epoch 5, Batch 333/577, Lx 1.6287, Lu 0.0375, Penalty 0.0352, loss 1.7014
Epoch 5, Batch 334/577, Lx 1.8791, Lu 0.0396, Penalty 0.0253, loss 1.9440
Epoch 5, Batch 335/577, Lx 1.8421, Lu 0.0314, Penalty 0.0619, loss 1.9354
Epoch 5, Batch 336/577, Lx 1.5018, Lu 0.0217, Penalty 0.0511, loss 1.5746
Epoch 5, Batch 337/577, Lx 1.7949, Lu 0.0381, Penalty 0.0366, loss 1.8696
Epoch 5, Batch 338/577, Lx 1.7667, Lu 0.0310, Penalty 0.0260, loss 1.8238
Epoch 5, Batch 339/577, Lx 1.6427, Lu 0.0327, Penalty 0.0419, loss 1.7173
Epoch 5, Batch 340/577, Lx 1.7253, Lu 0.0361, Penalty 0.0279, loss 1.7893
Epoch 5, Batch 341/577, Lx 1.6450, Lu 0.0201, Penalty 0.0556, loss 1.7208
Epoch 5, Batch 342/577, Lx 1.6161, Lu 0.0274, Penalty 0.0439, loss 1.6874
Epoch 5, Batch 343/577, Lx 1.5911, Lu 0.0245, Penalty 0.0775, loss 1.6930
Epoch 5, Batch 344/577, Lx 1.5382, Lu 0.0240, Penalty 0.0599, loss 1.6222
Epoch 5, Batch 345/577, Lx 1.7097, Lu 0.0230, Penalty 0.0441, loss 1.7768
Epoch 5, Batch 346/577, Lx 1.6562, Lu 0.0377, Penalty 0.0335, loss 1.7275
Epoch 5, Batch 347/577, Lx 1.9030, Lu 0.0407, Penalty 0.0679, loss 2.0116
Epoch 5, Batch 348/577, Lx 1.6641, Lu 0.0316, Penalty 0.0778, loss 1.7736
Epoch 5, Batch 349/577, Lx 2.0475, Lu 0.0441, Penalty 0.0384, loss 2.1300
Epoch 5, Batch 350/577, Lx 1.5715, Lu 0.0221, Penalty 0.0359, loss 1.6296
Epoch 5, Batch 351/577, Lx 1.6826, Lu 0.0255, Penalty 0.0518, loss 1.7599
Epoch 5, Batch 352/577, Lx 1.7135, Lu 0.0324, Penalty 0.0869, loss 1.8327
Epoch 5, Batch 353/577, Lx 1.7258, Lu 0.0278, Penalty 0.0779, loss 1.8316
Epoch 5, Batch 354/577, Lx 1.7280, Lu 0.0352, Penalty 0.1416, loss 1.9047
Epoch 5, Batch 355/577, Lx 1.5459, Lu 0.0222, Penalty 0.1005, loss 1.6686
Epoch 5, Batch 356/577, Lx 1.8032, Lu 0.0345, Penalty 0.0557, loss 1.8933
Epoch 5, Batch 357/577, Lx 1.5390, Lu 0.0242, Penalty 0.0408, loss 1.6040
Epoch 5, Batch 358/577, Lx 1.8854, Lu 0.0300, Penalty 0.0223, loss 1.9376
Epoch 5, Batch 359/577, Lx 1.6395, Lu 0.0256, Penalty 0.0768, loss 1.7419
Epoch 5, Batch 360/577, Lx 1.8999, Lu 0.0301, Penalty 0.0731, loss 2.0031
Epoch 5, Batch 361/577, Lx 1.6444, Lu 0.0336, Penalty 0.0275, loss 1.7055
Epoch 5, Batch 362/577, Lx 1.6795, Lu 0.0289, Penalty 0.0230, loss 1.7315
Epoch 5, Batch 363/577, Lx 1.6017, Lu 0.0239, Penalty 0.0287, loss 1.6543
Epoch 5, Batch 364/577, Lx 1.6593, Lu 0.0294, Penalty 0.0516, loss 1.7403
Epoch 5, Batch 365/577, Lx 1.5908, Lu 0.0270, Penalty 0.0449, loss 1.6626
Epoch 5, Batch 366/577, Lx 1.6418, Lu 0.0297, Penalty 0.0837, loss 1.7553
Epoch 5, Batch 367/577, Lx 1.7240, Lu 0.0284, Penalty 0.0653, loss 1.8177
Epoch 5, Batch 368/577, Lx 1.6357, Lu 0.0198, Penalty 0.1487, loss 1.8042
Epoch 5, Batch 369/577, Lx 1.6402, Lu 0.0269, Penalty 0.0849, loss 1.7520
Epoch 5, Batch 370/577, Lx 1.6460, Lu 0.0271, Penalty 0.0443, loss 1.7174
Epoch 5, Batch 371/577, Lx 1.7398, Lu 0.0314, Penalty 0.0587, loss 1.8299
Epoch 5, Batch 372/577, Lx 1.4257, Lu 0.0259, Penalty 0.0468, loss 1.4984
Epoch 5, Batch 373/577, Lx 1.5837, Lu 0.0273, Penalty 0.0209, loss 1.6319
Epoch 5, Batch 374/577, Lx 1.8546, Lu 0.0333, Penalty 0.0278, loss 1.9157
Epoch 5, Batch 375/577, Lx 1.6502, Lu 0.0242, Penalty 0.0539, loss 1.7283
Epoch 5, Batch 376/577, Lx 1.6742, Lu 0.0351, Penalty 0.0395, loss 1.7488
Epoch 5, Batch 377/577, Lx 1.7591, Lu 0.0398, Penalty 0.0457, loss 1.8445
Epoch 5, Batch 378/577, Lx 1.4272, Lu 0.0281, Penalty 0.0618, loss 1.5171
Epoch 5, Batch 379/577, Lx 1.7556, Lu 0.0335, Penalty 0.0495, loss 1.8386
Epoch 5, Batch 380/577, Lx 1.7871, Lu 0.0344, Penalty 0.0558, loss 1.8774
Epoch 5, Batch 381/577, Lx 1.8236, Lu 0.0338, Penalty 0.0587, loss 1.9161
Epoch 5, Batch 382/577, Lx 1.5441, Lu 0.0266, Penalty 0.0680, loss 1.6387
Epoch 5, Batch 383/577, Lx 1.7860, Lu 0.0243, Penalty 0.0628, loss 1.8730
Epoch 5, Batch 384/577, Lx 1.5027, Lu 0.0224, Penalty 0.0448, loss 1.5700
Epoch 5, Batch 385/577, Lx 1.6610, Lu 0.0265, Penalty 0.0787, loss 1.7662
Epoch 5, Batch 386/577, Lx 1.7469, Lu 0.0279, Penalty 0.0431, loss 1.8179
Epoch 5, Batch 387/577, Lx 1.5898, Lu 0.0322, Penalty 0.0464, loss 1.6684
Epoch 5, Batch 388/577, Lx 1.4751, Lu 0.0236, Penalty 0.0594, loss 1.5580
Epoch 5, Batch 389/577, Lx 1.5858, Lu 0.0285, Penalty 0.0599, loss 1.6743
Epoch 5, Batch 390/577, Lx 1.8947, Lu 0.0393, Penalty 0.0425, loss 1.9765
Epoch 5, Batch 391/577, Lx 1.5091, Lu 0.0254, Penalty 0.0755, loss 1.6100
Epoch 5, Batch 392/577, Lx 1.5031, Lu 0.0245, Penalty 0.0514, loss 1.5790
Epoch 5, Batch 393/577, Lx 1.8137, Lu 0.0388, Penalty 0.0510, loss 1.9035
Epoch 5, Batch 394/577, Lx 1.7376, Lu 0.0357, Penalty 0.0487, loss 1.8220
Epoch 5, Batch 395/577, Lx 1.7375, Lu 0.0327, Penalty 0.0171, loss 1.7873
Epoch 5, Batch 396/577, Lx 1.6634, Lu 0.0404, Penalty 0.0345, loss 1.7382
Epoch 5, Batch 397/577, Lx 1.6757, Lu 0.0289, Penalty 0.0563, loss 1.7609
Epoch 5, Batch 398/577, Lx 1.5619, Lu 0.0256, Penalty 0.0669, loss 1.6545
Epoch 5, Batch 399/577, Lx 1.6130, Lu 0.0375, Penalty 0.0600, loss 1.7104
Epoch 5, Batch 400/577, Lx 1.5960, Lu 0.0265, Penalty 0.0809, loss 1.7034
Epoch 5, Batch 401/577, Lx 1.6998, Lu 0.0288, Penalty 0.0851, loss 1.8138
Epoch 5, Batch 402/577, Lx 1.6753, Lu 0.0289, Penalty 0.0807, loss 1.7848
Epoch 5, Batch 403/577, Lx 1.6370, Lu 0.0246, Penalty 0.0581, loss 1.7197
Epoch 5, Batch 404/577, Lx 1.5841, Lu 0.0308, Penalty 0.0591, loss 1.6740
Epoch 5, Batch 405/577, Lx 1.5295, Lu 0.0313, Penalty 0.0452, loss 1.6060
Epoch 5, Batch 406/577, Lx 1.6554, Lu 0.0305, Penalty 0.0652, loss 1.7512
Epoch 5, Batch 407/577, Lx 1.6592, Lu 0.0304, Penalty 0.0369, loss 1.7265
Epoch 5, Batch 408/577, Lx 1.7168, Lu 0.0304, Penalty 0.0215, loss 1.7687
Epoch 5, Batch 409/577, Lx 1.4965, Lu 0.0252, Penalty 0.0348, loss 1.5565
Epoch 5, Batch 410/577, Lx 1.7398, Lu 0.0325, Penalty 0.1022, loss 1.8745
Epoch 5, Batch 411/577, Lx 1.6941, Lu 0.0290, Penalty 0.0715, loss 1.7946
Epoch 5, Batch 412/577, Lx 1.4976, Lu 0.0288, Penalty 0.0633, loss 1.5898
Epoch 5, Batch 413/577, Lx 1.7083, Lu 0.0292, Penalty 0.0665, loss 1.8040
Epoch 5, Batch 414/577, Lx 1.7855, Lu 0.0289, Penalty 0.0573, loss 1.8717
Epoch 5, Batch 415/577, Lx 1.5056, Lu 0.0227, Penalty 0.0725, loss 1.6008
Epoch 5, Batch 416/577, Lx 1.6648, Lu 0.0322, Penalty 0.0598, loss 1.7568
Epoch 5, Batch 417/577, Lx 1.6917, Lu 0.0359, Penalty 0.0571, loss 1.7847
Epoch 5, Batch 418/577, Lx 1.8024, Lu 0.0368, Penalty 0.0613, loss 1.9004
Epoch 5, Batch 419/577, Lx 1.6615, Lu 0.0300, Penalty 0.0441, loss 1.7356
Epoch 5, Batch 420/577, Lx 1.0460, Lu 0.0221, Penalty 0.0549, loss 1.1230
Epoch 5, Batch 421/577, Lx 1.5057, Lu 0.0359, Penalty 0.0538, loss 1.5954
Epoch 5, Batch 422/577, Lx 1.7449, Lu 0.0371, Penalty 0.0495, loss 1.8315
Epoch 5, Batch 423/577, Lx 1.4236, Lu 0.0224, Penalty 0.0786, loss 1.5246
Epoch 5, Batch 424/577, Lx 1.7965, Lu 0.0346, Penalty 0.0558, loss 1.8869
Epoch 5, Batch 425/577, Lx 1.6447, Lu 0.0306, Penalty 0.0763, loss 1.7516
Epoch 5, Batch 426/577, Lx 1.6737, Lu 0.0329, Penalty 0.0257, loss 1.7324
Epoch 5, Batch 427/577, Lx 1.6176, Lu 0.0413, Penalty 0.0875, loss 1.7464
Epoch 5, Batch 428/577, Lx 1.9014, Lu 0.0360, Penalty 0.0610, loss 1.9983
Epoch 5, Batch 429/577, Lx 1.4099, Lu 0.0281, Penalty 0.0808, loss 1.5189
Epoch 5, Batch 430/577, Lx 1.7985, Lu 0.0386, Penalty 0.0555, loss 1.8926
Epoch 5, Batch 431/577, Lx 1.5363, Lu 0.0281, Penalty 0.0976, loss 1.6620
Epoch 5, Batch 432/577, Lx 1.7898, Lu 0.0417, Penalty 0.0642, loss 1.8956
Epoch 5, Batch 433/577, Lx 1.7659, Lu 0.0327, Penalty 0.0356, loss 1.8342
Epoch 5, Batch 434/577, Lx 1.9459, Lu 0.0359, Penalty 0.0426, loss 2.0244
Epoch 5, Batch 435/577, Lx 1.6656, Lu 0.0296, Penalty 0.0639, loss 1.7591
Epoch 5, Batch 436/577, Lx 1.8573, Lu 0.0318, Penalty 0.0570, loss 1.9461
Epoch 5, Batch 437/577, Lx 1.6921, Lu 0.0260, Penalty 0.0745, loss 1.7926
Epoch 5, Batch 438/577, Lx 1.6947, Lu 0.0293, Penalty 0.0636, loss 1.7875
Epoch 5, Batch 439/577, Lx 1.3626, Lu 0.0167, Penalty 0.0505, loss 1.4298
Epoch 5, Batch 440/577, Lx 1.7902, Lu 0.0279, Penalty 0.0475, loss 1.8655
Epoch 5, Batch 441/577, Lx 1.6588, Lu 0.0246, Penalty 0.0778, loss 1.7612
Epoch 5, Batch 442/577, Lx 1.5590, Lu 0.0253, Penalty 0.0745, loss 1.6588
Epoch 5, Batch 443/577, Lx 1.4721, Lu 0.0275, Penalty 0.0593, loss 1.5589
Epoch 5, Batch 444/577, Lx 1.7452, Lu 0.0237, Penalty 0.1102, loss 1.8791
Epoch 5, Batch 445/577, Lx 1.4425, Lu 0.0191, Penalty 0.0703, loss 1.5318
Epoch 5, Batch 446/577, Lx 1.5209, Lu 0.0259, Penalty 0.0211, loss 1.5679
Epoch 5, Batch 447/577, Lx 1.6224, Lu 0.0266, Penalty 0.0347, loss 1.6837
Epoch 5, Batch 448/577, Lx 1.8712, Lu 0.0350, Penalty 0.0203, loss 1.9265
Epoch 5, Batch 449/577, Lx 1.6673, Lu 0.0263, Penalty 0.0600, loss 1.7536
Epoch 5, Batch 450/577, Lx 1.7339, Lu 0.0346, Penalty 0.0603, loss 1.8288
Epoch 5, Batch 451/577, Lx 1.7273, Lu 0.0279, Penalty 0.0860, loss 1.8411
Epoch 5, Batch 452/577, Lx 1.7268, Lu 0.0293, Penalty 0.0554, loss 1.8115
Epoch 5, Batch 453/577, Lx 1.7997, Lu 0.0318, Penalty 0.0634, loss 1.8950
Epoch 5, Batch 454/577, Lx 1.8149, Lu 0.0327, Penalty 0.0872, loss 1.9349
Epoch 5, Batch 455/577, Lx 1.7565, Lu 0.0345, Penalty 0.0682, loss 1.8592
Epoch 5, Batch 456/577, Lx 1.8144, Lu 0.0277, Penalty 0.0558, loss 1.8978
Epoch 5, Batch 457/577, Lx 1.5415, Lu 0.0229, Penalty 0.0837, loss 1.6481
Epoch 5, Batch 458/577, Lx 1.6787, Lu 0.0286, Penalty 0.0746, loss 1.7819
Epoch 5, Batch 459/577, Lx 1.8094, Lu 0.0375, Penalty 0.0358, loss 1.8827
Epoch 5, Batch 460/577, Lx 1.7456, Lu 0.0294, Penalty 0.0571, loss 1.8321
Epoch 5, Batch 461/577, Lx 1.8112, Lu 0.0395, Penalty 0.0390, loss 1.8896
Epoch 5, Batch 462/577, Lx 1.6508, Lu 0.0305, Penalty 0.0797, loss 1.7611
Epoch 5, Batch 463/577, Lx 1.6984, Lu 0.0382, Penalty 0.0527, loss 1.7892
Epoch 5, Batch 464/577, Lx 1.6367, Lu 0.0286, Penalty 0.0380, loss 1.7032
Epoch 5, Batch 465/577, Lx 1.8395, Lu 0.0258, Penalty 0.0480, loss 1.9132
Epoch 5, Batch 466/577, Lx 1.5056, Lu 0.0220, Penalty 0.0510, loss 1.5786
Epoch 5, Batch 467/577, Lx 1.8233, Lu 0.0274, Penalty 0.0926, loss 1.9433
Epoch 5, Batch 468/577, Lx 1.6437, Lu 0.0304, Penalty 0.0539, loss 1.7280
Epoch 5, Batch 469/577, Lx 1.6167, Lu 0.0268, Penalty 0.0561, loss 1.6996
Epoch 5, Batch 470/577, Lx 1.7642, Lu 0.0296, Penalty 0.0461, loss 1.8400
Epoch 5, Batch 471/577, Lx 1.5789, Lu 0.0262, Penalty 0.0604, loss 1.6656
Epoch 5, Batch 472/577, Lx 1.6511, Lu 0.0273, Penalty 0.0511, loss 1.7296
Epoch 5, Batch 473/577, Lx 1.4163, Lu 0.0250, Penalty 0.0778, loss 1.5190
Epoch 5, Batch 474/577, Lx 1.6826, Lu 0.0294, Penalty 0.0443, loss 1.7564
Epoch 5, Batch 475/577, Lx 1.5603, Lu 0.0315, Penalty 0.0688, loss 1.6606
Epoch 5, Batch 476/577, Lx 1.6649, Lu 0.0289, Penalty 0.0405, loss 1.7343
Epoch 5, Batch 477/577, Lx 1.3957, Lu 0.0251, Penalty 0.1298, loss 1.5506
Epoch 5, Batch 478/577, Lx 1.9508, Lu 0.0420, Penalty 0.0629, loss 2.0557
Epoch 5, Batch 479/577, Lx 1.6879, Lu 0.0307, Penalty 0.0386, loss 1.7572
Epoch 5, Batch 480/577, Lx 1.6987, Lu 0.0361, Penalty 0.0535, loss 1.7884
Epoch 5, Batch 481/577, Lx 1.6867, Lu 0.0267, Penalty 0.0332, loss 1.7465
Epoch 5, Batch 482/577, Lx 1.8128, Lu 0.0333, Penalty 0.0292, loss 1.8753
Epoch 5, Batch 483/577, Lx 1.7456, Lu 0.0278, Penalty 0.0264, loss 1.7997
Epoch 5, Batch 484/577, Lx 1.6337, Lu 0.0294, Penalty 0.0319, loss 1.6949
Epoch 5, Batch 485/577, Lx 1.3726, Lu 0.0189, Penalty 0.0699, loss 1.4614
Epoch 5, Batch 486/577, Lx 1.5248, Lu 0.0260, Penalty 0.0482, loss 1.5990
Epoch 5, Batch 487/577, Lx 1.6894, Lu 0.0275, Penalty 0.0178, loss 1.7347
Epoch 5, Batch 488/577, Lx 1.6967, Lu 0.0356, Penalty 0.0419, loss 1.7742
Epoch 5, Batch 489/577, Lx 1.5475, Lu 0.0267, Penalty 0.0476, loss 1.6217
Epoch 5, Batch 490/577, Lx 1.5068, Lu 0.0244, Penalty 0.0506, loss 1.5818
Epoch 5, Batch 491/577, Lx 1.7216, Lu 0.0367, Penalty 0.0745, loss 1.8327
Epoch 5, Batch 492/577, Lx 1.8161, Lu 0.0408, Penalty 0.0380, loss 1.8949
Epoch 5, Batch 493/577, Lx 1.7740, Lu 0.0392, Penalty 0.0516, loss 1.8648
Epoch 5, Batch 494/577, Lx 1.5787, Lu 0.0309, Penalty 0.0166, loss 1.6262
Epoch 5, Batch 495/577, Lx 1.7389, Lu 0.0316, Penalty 0.0707, loss 1.8412
Epoch 5, Batch 496/577, Lx 1.4246, Lu 0.0280, Penalty 0.0245, loss 1.4771
Epoch 5, Batch 497/577, Lx 1.6545, Lu 0.0338, Penalty 0.0298, loss 1.7180
Epoch 5, Batch 498/577, Lx 1.6119, Lu 0.0334, Penalty 0.0407, loss 1.6860
Epoch 5, Batch 499/577, Lx 1.7160, Lu 0.0295, Penalty 0.0333, loss 1.7787
Epoch 5, Batch 500/577, Lx 1.8567, Lu 0.0316, Penalty 0.0685, loss 1.9569
Epoch 5, Batch 501/577, Lx 1.7029, Lu 0.0383, Penalty 0.0373, loss 1.7785
Epoch 5, Batch 502/577, Lx 1.7251, Lu 0.0261, Penalty 0.0566, loss 1.8078
Epoch 5, Batch 503/577, Lx 1.6290, Lu 0.0264, Penalty 0.0990, loss 1.7544
Epoch 5, Batch 504/577, Lx 1.7149, Lu 0.0294, Penalty 0.0507, loss 1.7951
Epoch 5, Batch 505/577, Lx 1.4780, Lu 0.0202, Penalty 0.0882, loss 1.5863
Epoch 5, Batch 506/577, Lx 1.8463, Lu 0.0298, Penalty 0.0813, loss 1.9574
Epoch 5, Batch 507/577, Lx 1.4160, Lu 0.0212, Penalty 0.0965, loss 1.5337
Epoch 5, Batch 508/577, Lx 1.5338, Lu 0.0229, Penalty 0.1212, loss 1.6779
Epoch 5, Batch 509/577, Lx 1.7152, Lu 0.0357, Penalty 0.0672, loss 1.8180
Epoch 5, Batch 510/577, Lx 1.5000, Lu 0.0261, Penalty 0.0985, loss 1.6247
Epoch 5, Batch 511/577, Lx 1.8494, Lu 0.0264, Penalty 0.0423, loss 1.9181
Epoch 5, Batch 512/577, Lx 1.6059, Lu 0.0254, Penalty 0.0294, loss 1.6607
Epoch 5, Batch 513/577, Lx 1.5650, Lu 0.0252, Penalty 0.0523, loss 1.6425
Epoch 5, Batch 514/577, Lx 1.6089, Lu 0.0252, Penalty 0.0257, loss 1.6599
Epoch 5, Batch 515/577, Lx 1.7166, Lu 0.0316, Penalty 0.0419, loss 1.7900
Epoch 5, Batch 516/577, Lx 1.6683, Lu 0.0280, Penalty 0.0415, loss 1.7378
Epoch 5, Batch 517/577, Lx 1.8068, Lu 0.0364, Penalty 0.0194, loss 1.8626
Epoch 5, Batch 518/577, Lx 1.7390, Lu 0.0351, Penalty 0.0404, loss 1.8145
Epoch 5, Batch 519/577, Lx 1.5760, Lu 0.0301, Penalty 0.0415, loss 1.6477
Epoch 5, Batch 520/577, Lx 1.6078, Lu 0.0335, Penalty 0.0620, loss 1.7033
Epoch 5, Batch 521/577, Lx 1.7585, Lu 0.0368, Penalty 0.0439, loss 1.8392
Epoch 5, Batch 522/577, Lx 1.4944, Lu 0.0183, Penalty 0.0797, loss 1.5924
Epoch 5, Batch 523/577, Lx 1.7251, Lu 0.0320, Penalty 0.0720, loss 1.8292
Epoch 5, Batch 524/577, Lx 1.5806, Lu 0.0260, Penalty 0.0322, loss 1.6388
Epoch 5, Batch 525/577, Lx 1.4917, Lu 0.0201, Penalty 0.0942, loss 1.6061
Epoch 5, Batch 526/577, Lx 1.6501, Lu 0.0322, Penalty 0.0573, loss 1.7396
Epoch 5, Batch 527/577, Lx 1.5026, Lu 0.0230, Penalty 0.0738, loss 1.5994
Epoch 5, Batch 528/577, Lx 1.8963, Lu 0.0306, Penalty 0.0396, loss 1.9665
Epoch 5, Batch 529/577, Lx 1.6261, Lu 0.0316, Penalty 0.0564, loss 1.7141
Epoch 5, Batch 530/577, Lx 1.6335, Lu 0.0294, Penalty 0.0882, loss 1.7511
Epoch 5, Batch 531/577, Lx 1.4576, Lu 0.0254, Penalty 0.0418, loss 1.5247
Epoch 5, Batch 532/577, Lx 1.5938, Lu 0.0285, Penalty 0.0641, loss 1.6864
Epoch 5, Batch 533/577, Lx 1.8415, Lu 0.0321, Penalty 0.0729, loss 1.9465
Epoch 5, Batch 534/577, Lx 1.5784, Lu 0.0310, Penalty 0.0474, loss 1.6569
Epoch 5, Batch 535/577, Lx 1.6936, Lu 0.0314, Penalty 0.0660, loss 1.7910
Epoch 5, Batch 536/577, Lx 1.5268, Lu 0.0282, Penalty 0.0358, loss 1.5907
Epoch 5, Batch 537/577, Lx 1.7843, Lu 0.0291, Penalty 0.0542, loss 1.8677
Epoch 5, Batch 538/577, Lx 1.5176, Lu 0.0301, Penalty 0.0760, loss 1.6237
Epoch 5, Batch 539/577, Lx 1.7886, Lu 0.0290, Penalty 0.0385, loss 1.8561
Epoch 5, Batch 540/577, Lx 1.6586, Lu 0.0362, Penalty 0.0844, loss 1.7792
Epoch 5, Batch 541/577, Lx 1.6572, Lu 0.0350, Penalty 0.0762, loss 1.7684
Epoch 5, Batch 542/577, Lx 1.6554, Lu 0.0316, Penalty 0.0444, loss 1.7314
Epoch 5, Batch 543/577, Lx 1.5710, Lu 0.0326, Penalty 0.0568, loss 1.6604
Epoch 5, Batch 544/577, Lx 1.6528, Lu 0.0311, Penalty 0.0856, loss 1.7695
Epoch 5, Batch 545/577, Lx 1.6185, Lu 0.0339, Penalty 0.0568, loss 1.7091
Epoch 5, Batch 546/577, Lx 1.7508, Lu 0.0296, Penalty 0.0431, loss 1.8236
Epoch 5, Batch 547/577, Lx 1.7519, Lu 0.0370, Penalty 0.0269, loss 1.8158
Epoch 5, Batch 548/577, Lx 1.6472, Lu 0.0323, Penalty 0.0679, loss 1.7474
Epoch 5, Batch 549/577, Lx 1.5722, Lu 0.0321, Penalty 0.0947, loss 1.6990
Epoch 5, Batch 550/577, Lx 1.6666, Lu 0.0370, Penalty 0.0577, loss 1.7612
Epoch 5, Batch 551/577, Lx 1.7023, Lu 0.0328, Penalty 0.0229, loss 1.7579
Epoch 5, Batch 552/577, Lx 1.6493, Lu 0.0314, Penalty 0.1041, loss 1.7848
Epoch 5, Batch 553/577, Lx 1.5307, Lu 0.0284, Penalty 0.0572, loss 1.6163
Epoch 5, Batch 554/577, Lx 1.5501, Lu 0.0334, Penalty 0.0533, loss 1.6369
Epoch 5, Batch 555/577, Lx 1.7165, Lu 0.0252, Penalty 0.1309, loss 1.8726
Epoch 5, Batch 556/577, Lx 1.5978, Lu 0.0275, Penalty 0.1795, loss 1.8049
Epoch 5, Batch 557/577, Lx 1.7103, Lu 0.0347, Penalty 0.0577, loss 1.8027
Epoch 5, Batch 558/577, Lx 1.6202, Lu 0.0315, Penalty 0.0928, loss 1.7445
Epoch 5, Batch 559/577, Lx 1.6022, Lu 0.0257, Penalty 0.0696, loss 1.6976
Epoch 5, Batch 560/577, Lx 1.7119, Lu 0.0313, Penalty 0.0602, loss 1.8034
Epoch 5, Batch 561/577, Lx 1.8584, Lu 0.0299, Penalty 0.0514, loss 1.9396
Epoch 5, Batch 562/577, Lx 1.2510, Lu 0.0247, Penalty 0.0363, loss 1.3120
Epoch 5, Batch 563/577, Lx 1.6614, Lu 0.0270, Penalty 0.0239, loss 1.7123
Epoch 5, Batch 564/577, Lx 1.3989, Lu 0.0248, Penalty 0.0334, loss 1.4572
Epoch 5, Batch 565/577, Lx 1.5986, Lu 0.0263, Penalty 0.0305, loss 1.6554
Epoch 5, Batch 566/577, Lx 1.4700, Lu 0.0225, Penalty 0.0419, loss 1.5344
Epoch 5, Batch 567/577, Lx 1.5461, Lu 0.0202, Penalty 0.0684, loss 1.6347
Epoch 5, Batch 568/577, Lx 1.5972, Lu 0.0242, Penalty 0.0454, loss 1.6668
Epoch 5, Batch 569/577, Lx 1.3667, Lu 0.0248, Penalty 0.0754, loss 1.4669
Epoch 5, Batch 570/577, Lx 1.6878, Lu 0.0349, Penalty 0.0793, loss 1.8020
Epoch 5, Batch 571/577, Lx 1.8555, Lu 0.0295, Penalty 0.1022, loss 1.9871
Epoch 5, Batch 572/577, Lx 1.6657, Lu 0.0340, Penalty 0.0507, loss 1.7504
Epoch 5, Batch 573/577, Lx 1.5557, Lu 0.0277, Penalty 0.0513, loss 1.6347
Epoch 5, Batch 574/577, Lx 1.6058, Lu 0.0230, Penalty 0.0724, loss 1.7013
Epoch 5, Batch 575/577, Lx 1.6537, Lu 0.0258, Penalty 0.0541, loss 1.7335
Epoch 5, Batch 576/577, Lx 1.6258, Lu 0.0305, Penalty 0.0304, loss 1.6868
Epoch 5, Batch 577/577, Lx 1.7011, Lu 0.0333, Penalty 0.1023, loss 1.8366
Loss: 1.8905, Lx: 1.8015, Lu: 0.0308, Penalty: 0.0581
Training for Network 2
labelled data size: 13380
unlabelled data size: 28620
Epoch 5, Batch 1/419, Lx 2.9534, Lu 0.0704, Penalty 0.3005, loss 3.3244
Epoch 5, Batch 2/419, Lx 2.4573, Lu 0.0642, Penalty 0.1217, loss 2.6432
Epoch 5, Batch 3/419, Lx 2.7072, Lu 0.0822, Penalty 0.1881, loss 2.9775
Epoch 5, Batch 4/419, Lx 2.5511, Lu 0.0619, Penalty 0.0696, loss 2.6826
Epoch 5, Batch 5/419, Lx 2.4249, Lu 0.0388, Penalty 0.0353, loss 2.4990
Epoch 5, Batch 6/419, Lx 2.4696, Lu 0.0557, Penalty 0.0637, loss 2.5891
Epoch 5, Batch 7/419, Lx 2.7287, Lu 0.0691, Penalty 0.2087, loss 3.0064
Epoch 5, Batch 8/419, Lx 2.2022, Lu 0.0466, Penalty 0.1318, loss 2.3807
Epoch 5, Batch 9/419, Lx 2.2826, Lu 0.0523, Penalty 0.1747, loss 2.5096
Epoch 5, Batch 10/419, Lx 2.3535, Lu 0.0424, Penalty 0.0688, loss 2.4647
Epoch 5, Batch 11/419, Lx 2.5378, Lu 0.0740, Penalty 0.2666, loss 2.8783
Epoch 5, Batch 12/419, Lx 2.4145, Lu 0.0528, Penalty 0.1859, loss 2.6532
Epoch 5, Batch 13/419, Lx 2.2835, Lu 0.0409, Penalty 0.0419, loss 2.3663
Epoch 5, Batch 14/419, Lx 2.1416, Lu 0.0510, Penalty 0.1162, loss 2.3088
Epoch 5, Batch 15/419, Lx 2.3132, Lu 0.0494, Penalty 0.0398, loss 2.4024
Epoch 5, Batch 16/419, Lx 2.2230, Lu 0.0449, Penalty 0.0833, loss 2.3512
Epoch 5, Batch 17/419, Lx 2.2476, Lu 0.0421, Penalty 0.0382, loss 2.3279
Epoch 5, Batch 18/419, Lx 2.3080, Lu 0.0515, Penalty 0.0547, loss 2.4142
Epoch 5, Batch 19/419, Lx 2.2543, Lu 0.0471, Penalty 0.0306, loss 2.3321
Epoch 5, Batch 20/419, Lx 2.2002, Lu 0.0377, Penalty 0.0365, loss 2.2745
Epoch 5, Batch 21/419, Lx 2.2294, Lu 0.0398, Penalty 0.0332, loss 2.3025
Epoch 5, Batch 22/419, Lx 2.2704, Lu 0.0455, Penalty 0.0350, loss 2.3509
Epoch 5, Batch 23/419, Lx 2.2931, Lu 0.0453, Penalty 0.0522, loss 2.3906
Epoch 5, Batch 24/419, Lx 2.2141, Lu 0.0323, Penalty 0.0543, loss 2.3007
Epoch 5, Batch 25/419, Lx 2.2146, Lu 0.0374, Penalty 0.0429, loss 2.2949
Epoch 5, Batch 26/419, Lx 2.2920, Lu 0.0290, Penalty 0.0515, loss 2.3725
Epoch 5, Batch 27/419, Lx 2.2795, Lu 0.0474, Penalty 0.0457, loss 2.3726
Epoch 5, Batch 28/419, Lx 2.1037, Lu 0.0378, Penalty 0.0406, loss 2.1821
Epoch 5, Batch 29/419, Lx 2.1863, Lu 0.0510, Penalty 0.0381, loss 2.2754
Epoch 5, Batch 30/419, Lx 2.2721, Lu 0.0413, Penalty 0.0468, loss 2.3602
Epoch 5, Batch 31/419, Lx 2.0917, Lu 0.0360, Penalty 0.0405, loss 2.1682
Epoch 5, Batch 32/419, Lx 2.3148, Lu 0.0442, Penalty 0.0469, loss 2.4059
Epoch 5, Batch 33/419, Lx 2.1006, Lu 0.0483, Penalty 0.0401, loss 2.1890
Epoch 5, Batch 34/419, Lx 2.1967, Lu 0.0334, Penalty 0.0442, loss 2.2743
Epoch 5, Batch 35/419, Lx 2.2410, Lu 0.0328, Penalty 0.0425, loss 2.3163
Epoch 5, Batch 36/419, Lx 2.2471, Lu 0.0468, Penalty 0.0437, loss 2.3376
Epoch 5, Batch 37/419, Lx 2.1708, Lu 0.0434, Penalty 0.0494, loss 2.2636
Epoch 5, Batch 38/419, Lx 2.1328, Lu 0.0378, Penalty 0.0508, loss 2.2214
Epoch 5, Batch 39/419, Lx 2.2072, Lu 0.0408, Penalty 0.0475, loss 2.2955
Epoch 5, Batch 40/419, Lx 2.2275, Lu 0.0418, Penalty 0.0500, loss 2.3194
Epoch 5, Batch 41/419, Lx 2.1592, Lu 0.0588, Penalty 0.0485, loss 2.2664
Epoch 5, Batch 42/419, Lx 2.1443, Lu 0.0318, Penalty 0.0622, loss 2.2383
Epoch 5, Batch 43/419, Lx 2.3021, Lu 0.0431, Penalty 0.0591, loss 2.4043
Epoch 5, Batch 44/419, Lx 2.1623, Lu 0.0370, Penalty 0.0694, loss 2.2687
Epoch 5, Batch 45/419, Lx 2.1775, Lu 0.0494, Penalty 0.0660, loss 2.2929
Epoch 5, Batch 46/419, Lx 2.2212, Lu 0.0381, Penalty 0.0667, loss 2.3259
Epoch 5, Batch 47/419, Lx 2.2239, Lu 0.0482, Penalty 0.0616, loss 2.3336
Epoch 5, Batch 48/419, Lx 2.1998, Lu 0.0381, Penalty 0.0568, loss 2.2947
Epoch 5, Batch 49/419, Lx 2.2015, Lu 0.0412, Penalty 0.0549, loss 2.2976
Epoch 5, Batch 50/419, Lx 2.1917, Lu 0.0441, Penalty 0.0430, loss 2.2788
Epoch 5, Batch 51/419, Lx 2.1855, Lu 0.0465, Penalty 0.0391, loss 2.2711
Epoch 5, Batch 52/419, Lx 2.2077, Lu 0.0352, Penalty 0.0371, loss 2.2801
Epoch 5, Batch 53/419, Lx 2.2573, Lu 0.0412, Penalty 0.0387, loss 2.3372
Epoch 5, Batch 54/419, Lx 2.2208, Lu 0.0522, Penalty 0.0540, loss 2.3271
Epoch 5, Batch 55/419, Lx 2.2631, Lu 0.0415, Penalty 0.0420, loss 2.3466
Epoch 5, Batch 56/419, Lx 2.2332, Lu 0.0288, Penalty 0.0421, loss 2.3041
Epoch 5, Batch 57/419, Lx 2.2444, Lu 0.0346, Penalty 0.0278, loss 2.3067
Epoch 5, Batch 58/419, Lx 2.1687, Lu 0.0402, Penalty 0.0239, loss 2.2327
Epoch 5, Batch 59/419, Lx 2.0451, Lu 0.0354, Penalty 0.0216, loss 2.1022
Epoch 5, Batch 60/419, Lx 2.1106, Lu 0.0401, Penalty 0.0205, loss 2.1712
Epoch 5, Batch 61/419, Lx 2.1598, Lu 0.0426, Penalty 0.0239, loss 2.2264
Epoch 5, Batch 62/419, Lx 2.1669, Lu 0.0370, Penalty 0.0286, loss 2.2326
Epoch 5, Batch 63/419, Lx 2.2058, Lu 0.0401, Penalty 0.0346, loss 2.2806
Epoch 5, Batch 64/419, Lx 2.1631, Lu 0.0480, Penalty 0.0437, loss 2.2548
Epoch 5, Batch 65/419, Lx 2.0548, Lu 0.0437, Penalty 0.0465, loss 2.1451
Epoch 5, Batch 66/419, Lx 2.0391, Lu 0.0322, Penalty 0.0685, loss 2.1398
Epoch 5, Batch 67/419, Lx 2.0730, Lu 0.0416, Penalty 0.0611, loss 2.1756
Epoch 5, Batch 68/419, Lx 2.1096, Lu 0.0328, Penalty 0.0644, loss 2.2068
Epoch 5, Batch 69/419, Lx 2.1106, Lu 0.0391, Penalty 0.0592, loss 2.2089
Epoch 5, Batch 70/419, Lx 2.1764, Lu 0.0491, Penalty 0.0722, loss 2.2976
Epoch 5, Batch 71/419, Lx 2.1098, Lu 0.0458, Penalty 0.0648, loss 2.2204
Epoch 5, Batch 72/419, Lx 2.0723, Lu 0.0406, Penalty 0.0896, loss 2.2025
Epoch 5, Batch 73/419, Lx 1.9117, Lu 0.0300, Penalty 0.0430, loss 1.9848
Epoch 5, Batch 74/419, Lx 1.9805, Lu 0.0358, Penalty 0.0570, loss 2.0733
Epoch 5, Batch 75/419, Lx 2.1131, Lu 0.0379, Penalty 0.0591, loss 2.2100
Epoch 5, Batch 76/419, Lx 2.1111, Lu 0.0391, Penalty 0.0569, loss 2.2071
Epoch 5, Batch 77/419, Lx 2.1277, Lu 0.0458, Penalty 0.0433, loss 2.2168
Epoch 5, Batch 78/419, Lx 2.0461, Lu 0.0415, Penalty 0.0335, loss 2.1212
Epoch 5, Batch 79/419, Lx 2.0254, Lu 0.0351, Penalty 0.0364, loss 2.0969
Epoch 5, Batch 80/419, Lx 1.9169, Lu 0.0404, Penalty 0.0272, loss 1.9844
Epoch 5, Batch 81/419, Lx 1.9930, Lu 0.0477, Penalty 0.0432, loss 2.0838
Epoch 5, Batch 82/419, Lx 1.9838, Lu 0.0353, Penalty 0.0575, loss 2.0766
Epoch 5, Batch 83/419, Lx 1.8955, Lu 0.0289, Penalty 0.0865, loss 2.0109
Epoch 5, Batch 84/419, Lx 1.7264, Lu 0.0374, Penalty 0.0656, loss 1.8295
Epoch 5, Batch 85/419, Lx 1.9339, Lu 0.0375, Penalty 0.0520, loss 2.0234
Epoch 5, Batch 86/419, Lx 1.9566, Lu 0.0459, Penalty 0.0842, loss 2.0866
Epoch 5, Batch 87/419, Lx 1.9358, Lu 0.0416, Penalty 0.0912, loss 2.0686
Epoch 5, Batch 88/419, Lx 1.6013, Lu 0.0264, Penalty 0.0621, loss 1.6897
Epoch 5, Batch 89/419, Lx 1.7978, Lu 0.0344, Penalty 0.0523, loss 1.8845
Epoch 5, Batch 90/419, Lx 1.8005, Lu 0.0329, Penalty 0.0283, loss 1.8617
Epoch 5, Batch 91/419, Lx 2.0123, Lu 0.0400, Penalty 0.0287, loss 2.0810
Epoch 5, Batch 92/419, Lx 1.8892, Lu 0.0372, Penalty 0.0311, loss 1.9574
Epoch 5, Batch 93/419, Lx 1.7976, Lu 0.0405, Penalty 0.0524, loss 1.8905
Epoch 5, Batch 94/419, Lx 1.8310, Lu 0.0291, Penalty 0.0751, loss 1.9353
Epoch 5, Batch 95/419, Lx 1.8508, Lu 0.0341, Penalty 0.0586, loss 1.9435
Epoch 5, Batch 96/419, Lx 1.8344, Lu 0.0340, Penalty 0.0368, loss 1.9052
Epoch 5, Batch 97/419, Lx 1.9099, Lu 0.0515, Penalty 0.0640, loss 2.0254
Epoch 5, Batch 98/419, Lx 1.9262, Lu 0.0365, Penalty 0.0959, loss 2.0586
Epoch 5, Batch 99/419, Lx 1.8376, Lu 0.0393, Penalty 0.0124, loss 1.8893
Epoch 5, Batch 100/419, Lx 1.9313, Lu 0.0340, Penalty 0.0198, loss 1.9851
Epoch 5, Batch 101/419, Lx 1.8221, Lu 0.0304, Penalty 0.0352, loss 1.8876
Epoch 5, Batch 102/419, Lx 1.6808, Lu 0.0307, Penalty 0.0274, loss 1.7389
Epoch 5, Batch 103/419, Lx 1.7735, Lu 0.0352, Penalty 0.0993, loss 1.9080
Epoch 5, Batch 104/419, Lx 1.7436, Lu 0.0254, Penalty 0.0362, loss 1.8053
Epoch 5, Batch 105/419, Lx 1.4867, Lu 0.0313, Penalty 0.1229, loss 1.6409
Epoch 5, Batch 106/419, Lx 1.5396, Lu 0.0291, Penalty 0.0706, loss 1.6393
Epoch 5, Batch 107/419, Lx 1.6348, Lu 0.0369, Penalty 0.0882, loss 1.7599
Epoch 5, Batch 108/419, Lx 1.6224, Lu 0.0273, Penalty 0.0876, loss 1.7374
Epoch 5, Batch 109/419, Lx 1.7406, Lu 0.0316, Penalty 0.0381, loss 1.8103
Epoch 5, Batch 110/419, Lx 1.8160, Lu 0.0305, Penalty 0.0576, loss 1.9041
Epoch 5, Batch 111/419, Lx 1.6853, Lu 0.0389, Penalty 0.0790, loss 1.8032
Epoch 5, Batch 112/419, Lx 1.7386, Lu 0.0310, Penalty 0.0315, loss 1.8011
Epoch 5, Batch 113/419, Lx 1.7710, Lu 0.0308, Penalty 0.0261, loss 1.8280
Epoch 5, Batch 114/419, Lx 1.6344, Lu 0.0272, Penalty 0.0311, loss 1.6927
Epoch 5, Batch 115/419, Lx 1.6121, Lu 0.0351, Penalty 0.0449, loss 1.6922
Epoch 5, Batch 116/419, Lx 1.5954, Lu 0.0246, Penalty 0.0802, loss 1.7002
Epoch 5, Batch 117/419, Lx 1.7531, Lu 0.0373, Penalty 0.0933, loss 1.8837
Epoch 5, Batch 118/419, Lx 1.6069, Lu 0.0287, Penalty 0.0644, loss 1.7000
Epoch 5, Batch 119/419, Lx 1.5591, Lu 0.0268, Penalty 0.0900, loss 1.6760
Epoch 5, Batch 120/419, Lx 1.6836, Lu 0.0328, Penalty 0.0467, loss 1.7631
Epoch 5, Batch 121/419, Lx 1.5680, Lu 0.0312, Penalty 0.0504, loss 1.6496
Epoch 5, Batch 122/419, Lx 1.6245, Lu 0.0373, Penalty 0.0380, loss 1.6997
Epoch 5, Batch 123/419, Lx 1.5642, Lu 0.0381, Penalty 0.0445, loss 1.6468
Epoch 5, Batch 124/419, Lx 1.8795, Lu 0.0404, Penalty 0.0479, loss 1.9678
Epoch 5, Batch 125/419, Lx 1.8578, Lu 0.0428, Penalty 0.0225, loss 1.9231
Epoch 5, Batch 126/419, Lx 1.3768, Lu 0.0345, Penalty 0.0413, loss 1.4526
Epoch 5, Batch 127/419, Lx 1.7857, Lu 0.0374, Penalty 0.0536, loss 1.8767
Epoch 5, Batch 128/419, Lx 1.7616, Lu 0.0336, Penalty 0.0443, loss 1.8395
Epoch 5, Batch 129/419, Lx 1.7701, Lu 0.0369, Penalty 0.1134, loss 1.9204
Epoch 5, Batch 130/419, Lx 1.6990, Lu 0.0505, Penalty 0.1011, loss 1.8506
Epoch 5, Batch 131/419, Lx 1.6371, Lu 0.0289, Penalty 0.0499, loss 1.7159
Epoch 5, Batch 132/419, Lx 1.5866, Lu 0.0317, Penalty 0.0683, loss 1.6865
Epoch 5, Batch 133/419, Lx 1.7408, Lu 0.0354, Penalty 0.1256, loss 1.9019
Epoch 5, Batch 134/419, Lx 1.6914, Lu 0.0347, Penalty 0.0677, loss 1.7937
Epoch 5, Batch 135/419, Lx 1.7373, Lu 0.0311, Penalty 0.0656, loss 1.8340
Epoch 5, Batch 136/419, Lx 1.5690, Lu 0.0258, Penalty 0.0316, loss 1.6264
Epoch 5, Batch 137/419, Lx 1.7220, Lu 0.0295, Penalty 0.0464, loss 1.7980
Epoch 5, Batch 138/419, Lx 1.6348, Lu 0.0248, Penalty 0.0754, loss 1.7351
Epoch 5, Batch 139/419, Lx 1.7439, Lu 0.0269, Penalty 0.0188, loss 1.7896
Epoch 5, Batch 140/419, Lx 1.6325, Lu 0.0356, Penalty 0.0320, loss 1.7001
Epoch 5, Batch 141/419, Lx 1.4824, Lu 0.0166, Penalty 0.0395, loss 1.5385
Epoch 5, Batch 142/419, Lx 1.3907, Lu 0.0237, Penalty 0.0211, loss 1.4355
Epoch 5, Batch 143/419, Lx 1.3911, Lu 0.0165, Penalty 0.0242, loss 1.4317
Epoch 5, Batch 144/419, Lx 1.5241, Lu 0.0236, Penalty 0.0579, loss 1.6055
Epoch 5, Batch 145/419, Lx 1.8899, Lu 0.0394, Penalty 0.0543, loss 1.9837
Epoch 5, Batch 146/419, Lx 1.5983, Lu 0.0282, Penalty 0.0485, loss 1.6749
Epoch 5, Batch 147/419, Lx 1.8654, Lu 0.0358, Penalty 0.0483, loss 1.9494
Epoch 5, Batch 148/419, Lx 1.7056, Lu 0.0348, Penalty 0.0524, loss 1.7928
Epoch 5, Batch 149/419, Lx 1.5048, Lu 0.0275, Penalty 0.1179, loss 1.6502
Epoch 5, Batch 150/419, Lx 1.5000, Lu 0.0286, Penalty 0.0551, loss 1.5837
Epoch 5, Batch 151/419, Lx 1.7341, Lu 0.0356, Penalty 0.0578, loss 1.8275
Epoch 5, Batch 152/419, Lx 1.6673, Lu 0.0454, Penalty 0.0433, loss 1.7560
Epoch 5, Batch 153/419, Lx 1.5830, Lu 0.0246, Penalty 0.0683, loss 1.6758
Epoch 5, Batch 154/419, Lx 1.4813, Lu 0.0282, Penalty 0.0504, loss 1.5598
Epoch 5, Batch 155/419, Lx 1.7738, Lu 0.0304, Penalty 0.0711, loss 1.8753
Epoch 5, Batch 156/419, Lx 1.4445, Lu 0.0246, Penalty 0.1139, loss 1.5830
Epoch 5, Batch 157/419, Lx 1.6184, Lu 0.0295, Penalty 0.0596, loss 1.7075
Epoch 5, Batch 158/419, Lx 1.6093, Lu 0.0236, Penalty 0.0497, loss 1.6826
Epoch 5, Batch 159/419, Lx 1.5566, Lu 0.0311, Penalty 0.0537, loss 1.6413
Epoch 5, Batch 160/419, Lx 1.6342, Lu 0.0297, Penalty 0.0429, loss 1.7068
Epoch 5, Batch 161/419, Lx 1.3505, Lu 0.0207, Penalty 0.0852, loss 1.4564
Epoch 5, Batch 162/419, Lx 1.2440, Lu 0.0199, Penalty 0.0448, loss 1.3087
Epoch 5, Batch 163/419, Lx 1.6700, Lu 0.0308, Penalty 0.0556, loss 1.7565
Epoch 5, Batch 164/419, Lx 1.5942, Lu 0.0319, Penalty 0.0407, loss 1.6668
Epoch 5, Batch 165/419, Lx 1.4896, Lu 0.0262, Penalty 0.0367, loss 1.5524
Epoch 5, Batch 166/419, Lx 1.5682, Lu 0.0262, Penalty 0.0495, loss 1.6438
Epoch 5, Batch 167/419, Lx 1.5421, Lu 0.0230, Penalty 0.0334, loss 1.5985
Epoch 5, Batch 168/419, Lx 1.4229, Lu 0.0241, Penalty 0.0747, loss 1.5217
Epoch 5, Batch 169/419, Lx 1.6847, Lu 0.0355, Penalty 0.0863, loss 1.8065
Epoch 5, Batch 170/419, Lx 1.8657, Lu 0.0383, Penalty 0.0477, loss 1.9517
Epoch 5, Batch 171/419, Lx 1.4240, Lu 0.0319, Penalty 0.0991, loss 1.5550
Epoch 5, Batch 172/419, Lx 1.6386, Lu 0.0322, Penalty 0.0716, loss 1.7424
Epoch 5, Batch 173/419, Lx 1.6101, Lu 0.0223, Penalty 0.0523, loss 1.6847
Epoch 5, Batch 174/419, Lx 1.5547, Lu 0.0313, Penalty 0.0582, loss 1.6441
Epoch 5, Batch 175/419, Lx 1.3338, Lu 0.0290, Penalty 0.0483, loss 1.4112
Epoch 5, Batch 176/419, Lx 1.5071, Lu 0.0318, Penalty 0.0725, loss 1.6114
Epoch 5, Batch 177/419, Lx 1.0594, Lu 0.0219, Penalty 0.0552, loss 1.1365
Epoch 5, Batch 178/419, Lx 1.3555, Lu 0.0286, Penalty 0.0580, loss 1.4421
Epoch 5, Batch 179/419, Lx 1.6965, Lu 0.0398, Penalty 0.0366, loss 1.7730
Epoch 5, Batch 180/419, Lx 1.5244, Lu 0.0323, Penalty 0.0829, loss 1.6396
Epoch 5, Batch 181/419, Lx 1.7068, Lu 0.0342, Penalty 0.0613, loss 1.8022
Epoch 5, Batch 182/419, Lx 1.6820, Lu 0.0302, Penalty 0.0551, loss 1.7673
Epoch 5, Batch 183/419, Lx 1.6293, Lu 0.0267, Penalty 0.0917, loss 1.7477
Epoch 5, Batch 184/419, Lx 1.4724, Lu 0.0348, Penalty 0.1402, loss 1.6474
Epoch 5, Batch 185/419, Lx 1.3079, Lu 0.0238, Penalty 0.0907, loss 1.4224
Epoch 5, Batch 186/419, Lx 1.9248, Lu 0.0338, Penalty 0.0770, loss 2.0357
Epoch 5, Batch 187/419, Lx 1.5106, Lu 0.0293, Penalty 0.1179, loss 1.6578
Epoch 5, Batch 188/419, Lx 1.2626, Lu 0.0233, Penalty 0.0723, loss 1.3582
Epoch 5, Batch 189/419, Lx 1.4965, Lu 0.0248, Penalty 0.0935, loss 1.6148
Epoch 5, Batch 190/419, Lx 1.2582, Lu 0.0232, Penalty 0.0394, loss 1.3207
Epoch 5, Batch 191/419, Lx 1.4192, Lu 0.0262, Penalty 0.0330, loss 1.4784
Epoch 5, Batch 192/419, Lx 1.5126, Lu 0.0299, Penalty 0.0833, loss 1.6258
Epoch 5, Batch 193/419, Lx 1.6562, Lu 0.0329, Penalty 0.0774, loss 1.7664
Epoch 5, Batch 194/419, Lx 1.5101, Lu 0.0253, Penalty 0.0336, loss 1.5690
Epoch 5, Batch 195/419, Lx 1.6643, Lu 0.0306, Penalty 0.0536, loss 1.7486
Epoch 5, Batch 196/419, Lx 1.5211, Lu 0.0339, Penalty 0.0280, loss 1.5831
Epoch 5, Batch 197/419, Lx 1.5083, Lu 0.0280, Penalty 0.0459, loss 1.5822
Epoch 5, Batch 198/419, Lx 1.7276, Lu 0.0344, Penalty 0.0513, loss 1.8133
Epoch 5, Batch 199/419, Lx 1.6515, Lu 0.0266, Penalty 0.0529, loss 1.7310
Epoch 5, Batch 200/419, Lx 1.4779, Lu 0.0260, Penalty 0.0493, loss 1.5532
Epoch 5, Batch 201/419, Lx 1.5124, Lu 0.0309, Penalty 0.0465, loss 1.5898
Epoch 5, Batch 202/419, Lx 1.2319, Lu 0.0308, Penalty 0.0569, loss 1.3196
Epoch 5, Batch 203/419, Lx 1.6003, Lu 0.0252, Penalty 0.0615, loss 1.6870
Epoch 5, Batch 204/419, Lx 1.7563, Lu 0.0312, Penalty 0.1203, loss 1.9078
Epoch 5, Batch 205/419, Lx 1.5863, Lu 0.0294, Penalty 0.0633, loss 1.6789
Epoch 5, Batch 206/419, Lx 1.6640, Lu 0.0352, Penalty 0.0594, loss 1.7586
Epoch 5, Batch 207/419, Lx 1.1629, Lu 0.0194, Penalty 0.0765, loss 1.2587
Epoch 5, Batch 208/419, Lx 1.5495, Lu 0.0335, Penalty 0.1179, loss 1.7009
Epoch 5, Batch 209/419, Lx 1.5204, Lu 0.0303, Penalty 0.1419, loss 1.6926
Epoch 5, Batch 210/419, Lx 1.3833, Lu 0.0252, Penalty 0.0617, loss 1.4702
Epoch 5, Batch 211/419, Lx 1.5749, Lu 0.0373, Penalty 0.0663, loss 1.6785
Epoch 5, Batch 212/419, Lx 1.5970, Lu 0.0259, Penalty 0.0435, loss 1.6665
Epoch 5, Batch 213/419, Lx 1.4878, Lu 0.0275, Penalty 0.0406, loss 1.5559
Epoch 5, Batch 214/419, Lx 1.5689, Lu 0.0252, Penalty 0.0393, loss 1.6335
Epoch 5, Batch 215/419, Lx 1.4932, Lu 0.0354, Penalty 0.0576, loss 1.5862
Epoch 5, Batch 216/419, Lx 1.5246, Lu 0.0262, Penalty 0.0527, loss 1.6034
Epoch 5, Batch 217/419, Lx 1.7367, Lu 0.0287, Penalty 0.0367, loss 1.8021
Epoch 5, Batch 218/419, Lx 1.7869, Lu 0.0349, Penalty 0.0299, loss 1.8517
Epoch 5, Batch 219/419, Lx 1.3537, Lu 0.0243, Penalty 0.0388, loss 1.4168
Epoch 5, Batch 220/419, Lx 1.4225, Lu 0.0245, Penalty 0.0472, loss 1.4943
Epoch 5, Batch 221/419, Lx 1.4251, Lu 0.0267, Penalty 0.0267, loss 1.4785
Epoch 5, Batch 222/419, Lx 1.7339, Lu 0.0268, Penalty 0.0547, loss 1.8153
Epoch 5, Batch 223/419, Lx 1.5773, Lu 0.0255, Penalty 0.0374, loss 1.6402
Epoch 5, Batch 224/419, Lx 1.4673, Lu 0.0235, Penalty 0.0723, loss 1.5631
Epoch 5, Batch 225/419, Lx 1.3906, Lu 0.0186, Penalty 0.0249, loss 1.4341
Epoch 5, Batch 226/419, Lx 1.6094, Lu 0.0367, Penalty 0.0615, loss 1.7076
Epoch 5, Batch 227/419, Lx 1.7010, Lu 0.0296, Penalty 0.0365, loss 1.7671
Epoch 5, Batch 228/419, Lx 1.5689, Lu 0.0448, Penalty 0.1834, loss 1.7971
Epoch 5, Batch 229/419, Lx 1.6607, Lu 0.0423, Penalty 0.0754, loss 1.7784
Epoch 5, Batch 230/419, Lx 1.3779, Lu 0.0252, Penalty 0.0739, loss 1.4770
Epoch 5, Batch 231/419, Lx 1.4827, Lu 0.0275, Penalty 0.0657, loss 1.5759
Epoch 5, Batch 232/419, Lx 1.3386, Lu 0.0261, Penalty 0.1206, loss 1.4853
Epoch 5, Batch 233/419, Lx 1.6358, Lu 0.0328, Penalty 0.1323, loss 1.8009
Epoch 5, Batch 234/419, Lx 1.6574, Lu 0.0313, Penalty 0.1305, loss 1.8192
Epoch 5, Batch 235/419, Lx 1.6744, Lu 0.0275, Penalty 0.0632, loss 1.7651
Epoch 5, Batch 236/419, Lx 1.5437, Lu 0.0298, Penalty 0.0473, loss 1.6208
Epoch 5, Batch 237/419, Lx 1.5944, Lu 0.0279, Penalty 0.0186, loss 1.6408
Epoch 5, Batch 238/419, Lx 1.2608, Lu 0.0237, Penalty 0.0498, loss 1.3343
Epoch 5, Batch 239/419, Lx 1.3936, Lu 0.0290, Penalty 0.0585, loss 1.4811
Epoch 5, Batch 240/419, Lx 1.5583, Lu 0.0230, Penalty 0.0627, loss 1.6440
Epoch 5, Batch 241/419, Lx 1.3552, Lu 0.0202, Penalty 0.0363, loss 1.4117
Epoch 5, Batch 242/419, Lx 1.5932, Lu 0.0318, Penalty 0.0326, loss 1.6576
Epoch 5, Batch 243/419, Lx 1.6951, Lu 0.0404, Penalty 0.0619, loss 1.7974
Epoch 5, Batch 244/419, Lx 1.4772, Lu 0.0254, Penalty 0.0466, loss 1.5492
Epoch 5, Batch 245/419, Lx 1.7652, Lu 0.0365, Penalty 0.0679, loss 1.8696
Epoch 5, Batch 246/419, Lx 1.6018, Lu 0.0326, Penalty 0.0618, loss 1.6961
Epoch 5, Batch 247/419, Lx 1.4762, Lu 0.0229, Penalty 0.0389, loss 1.5380
Epoch 5, Batch 248/419, Lx 1.5305, Lu 0.0249, Penalty 0.1024, loss 1.6578
Epoch 5, Batch 249/419, Lx 0.9455, Lu 0.0233, Penalty 0.0519, loss 1.0206
Epoch 5, Batch 250/419, Lx 1.3816, Lu 0.0215, Penalty 0.0601, loss 1.4632
Epoch 5, Batch 251/419, Lx 1.5786, Lu 0.0250, Penalty 0.0934, loss 1.6970
Epoch 5, Batch 252/419, Lx 1.5636, Lu 0.0289, Penalty 0.0785, loss 1.6710
Epoch 5, Batch 253/419, Lx 1.5645, Lu 0.0317, Penalty 0.1171, loss 1.7133
Epoch 5, Batch 254/419, Lx 1.5391, Lu 0.0240, Penalty 0.0825, loss 1.6457
Epoch 5, Batch 255/419, Lx 1.6674, Lu 0.0311, Penalty 0.1113, loss 1.8098
Epoch 5, Batch 256/419, Lx 1.4216, Lu 0.0294, Penalty 0.0488, loss 1.4997
Epoch 5, Batch 257/419, Lx 1.5985, Lu 0.0274, Penalty 0.0858, loss 1.7117
Epoch 5, Batch 258/419, Lx 1.3973, Lu 0.0247, Penalty 0.0444, loss 1.4665
Epoch 5, Batch 259/419, Lx 1.4468, Lu 0.0257, Penalty 0.0594, loss 1.5318
Epoch 5, Batch 260/419, Lx 1.5710, Lu 0.0320, Penalty 0.0942, loss 1.6972
Epoch 5, Batch 261/419, Lx 1.3727, Lu 0.0328, Penalty 0.0990, loss 1.5045
Epoch 5, Batch 262/419, Lx 1.6177, Lu 0.0306, Penalty 0.0823, loss 1.7306
Epoch 5, Batch 263/419, Lx 1.2509, Lu 0.0263, Penalty 0.1271, loss 1.4043
Epoch 5, Batch 264/419, Lx 1.4007, Lu 0.0271, Penalty 0.0749, loss 1.5027
Epoch 5, Batch 265/419, Lx 1.4126, Lu 0.0256, Penalty 0.0650, loss 1.5032
Epoch 5, Batch 266/419, Lx 1.5285, Lu 0.0287, Penalty 0.0375, loss 1.5948
Epoch 5, Batch 267/419, Lx 1.4844, Lu 0.0361, Penalty 0.0630, loss 1.5835
Epoch 5, Batch 268/419, Lx 1.5522, Lu 0.0368, Penalty 0.0714, loss 1.6604
Epoch 5, Batch 269/419, Lx 1.3909, Lu 0.0353, Penalty 0.0568, loss 1.4830
Epoch 5, Batch 270/419, Lx 1.5280, Lu 0.0272, Penalty 0.0611, loss 1.6163
Epoch 5, Batch 271/419, Lx 1.6412, Lu 0.0313, Penalty 0.0657, loss 1.7382
Epoch 5, Batch 272/419, Lx 1.1888, Lu 0.0304, Penalty 0.0519, loss 1.2711
Epoch 5, Batch 273/419, Lx 1.5646, Lu 0.0232, Penalty 0.0491, loss 1.6370
Epoch 5, Batch 274/419, Lx 1.6306, Lu 0.0324, Penalty 0.0242, loss 1.6872
Epoch 5, Batch 275/419, Lx 1.5190, Lu 0.0354, Penalty 0.0365, loss 1.5909
Epoch 5, Batch 276/419, Lx 1.3745, Lu 0.0285, Penalty 0.0486, loss 1.4516
Epoch 5, Batch 277/419, Lx 1.6192, Lu 0.0368, Penalty 0.0390, loss 1.6950
Epoch 5, Batch 278/419, Lx 1.6083, Lu 0.0309, Penalty 0.0343, loss 1.6735
Epoch 5, Batch 279/419, Lx 1.3395, Lu 0.0339, Penalty 0.0470, loss 1.4204
Epoch 5, Batch 280/419, Lx 1.3180, Lu 0.0232, Penalty 0.0404, loss 1.3817
Epoch 5, Batch 281/419, Lx 1.4519, Lu 0.0254, Penalty 0.0460, loss 1.5234
Epoch 5, Batch 282/419, Lx 1.6107, Lu 0.0254, Penalty 0.0627, loss 1.6988
Epoch 5, Batch 283/419, Lx 1.4962, Lu 0.0307, Penalty 0.0531, loss 1.5799
Epoch 5, Batch 284/419, Lx 1.5556, Lu 0.0262, Penalty 0.0721, loss 1.6538
Epoch 5, Batch 285/419, Lx 1.4731, Lu 0.0282, Penalty 0.0632, loss 1.5645
Epoch 5, Batch 286/419, Lx 1.5936, Lu 0.0234, Penalty 0.0519, loss 1.6689
Epoch 5, Batch 287/419, Lx 1.5899, Lu 0.0303, Penalty 0.0852, loss 1.7054
Epoch 5, Batch 288/419, Lx 1.5854, Lu 0.0344, Penalty 0.0724, loss 1.6923
Epoch 5, Batch 289/419, Lx 1.3803, Lu 0.0244, Penalty 0.1163, loss 1.5209
Epoch 5, Batch 290/419, Lx 1.5632, Lu 0.0272, Penalty 0.0503, loss 1.6407
Epoch 5, Batch 291/419, Lx 1.5385, Lu 0.0318, Penalty 0.0500, loss 1.6202
Epoch 5, Batch 292/419, Lx 1.5480, Lu 0.0302, Penalty 0.0271, loss 1.6053
Epoch 5, Batch 293/419, Lx 1.6522, Lu 0.0305, Penalty 0.0524, loss 1.7351
Epoch 5, Batch 294/419, Lx 1.7029, Lu 0.0348, Penalty 0.0257, loss 1.7635
Epoch 5, Batch 295/419, Lx 1.4405, Lu 0.0291, Penalty 0.0690, loss 1.5387
Epoch 5, Batch 296/419, Lx 1.5834, Lu 0.0279, Penalty 0.0297, loss 1.6410
Epoch 5, Batch 297/419, Lx 1.5590, Lu 0.0325, Penalty 0.0498, loss 1.6413
Epoch 5, Batch 298/419, Lx 1.6743, Lu 0.0287, Penalty 0.0578, loss 1.7607
Epoch 5, Batch 299/419, Lx 1.5887, Lu 0.0305, Penalty 0.0610, loss 1.6801
Epoch 5, Batch 300/419, Lx 1.4761, Lu 0.0327, Penalty 0.0715, loss 1.5803
Epoch 5, Batch 301/419, Lx 1.5920, Lu 0.0308, Penalty 0.0590, loss 1.6818
Epoch 5, Batch 302/419, Lx 1.4700, Lu 0.0266, Penalty 0.0155, loss 1.5122
Epoch 5, Batch 303/419, Lx 1.6133, Lu 0.0297, Penalty 0.0557, loss 1.6987
Epoch 5, Batch 304/419, Lx 1.5248, Lu 0.0266, Penalty 0.0447, loss 1.5961
Epoch 5, Batch 305/419, Lx 1.4106, Lu 0.0191, Penalty 0.0974, loss 1.5271
Epoch 5, Batch 306/419, Lx 1.6697, Lu 0.0377, Penalty 0.0699, loss 1.7773
Epoch 5, Batch 307/419, Lx 1.5250, Lu 0.0290, Penalty 0.0594, loss 1.6134
Epoch 5, Batch 308/419, Lx 1.4192, Lu 0.0257, Penalty 0.0813, loss 1.5262
Epoch 5, Batch 309/419, Lx 1.3839, Lu 0.0238, Penalty 0.0802, loss 1.4879
Epoch 5, Batch 310/419, Lx 1.5056, Lu 0.0280, Penalty 0.0824, loss 1.6161
Epoch 5, Batch 311/419, Lx 1.5153, Lu 0.0276, Penalty 0.0407, loss 1.5837
Epoch 5, Batch 312/419, Lx 1.5203, Lu 0.0246, Penalty 0.0375, loss 1.5824
Epoch 5, Batch 313/419, Lx 1.4892, Lu 0.0206, Penalty 0.0466, loss 1.5564
Epoch 5, Batch 314/419, Lx 1.5166, Lu 0.0305, Penalty 0.0239, loss 1.5710
Epoch 5, Batch 315/419, Lx 1.5891, Lu 0.0375, Penalty 0.0623, loss 1.6890
Epoch 5, Batch 316/419, Lx 1.5415, Lu 0.0240, Penalty 0.0415, loss 1.6070
Epoch 5, Batch 317/419, Lx 1.5354, Lu 0.0288, Penalty 0.0532, loss 1.6174
Epoch 5, Batch 318/419, Lx 1.6130, Lu 0.0278, Penalty 0.0452, loss 1.6860
Epoch 5, Batch 319/419, Lx 1.5992, Lu 0.0246, Penalty 0.0704, loss 1.6943
Epoch 5, Batch 320/419, Lx 1.5231, Lu 0.0316, Penalty 0.1030, loss 1.6578
Epoch 5, Batch 321/419, Lx 1.3927, Lu 0.0278, Penalty 0.0919, loss 1.5124
Epoch 5, Batch 322/419, Lx 1.5737, Lu 0.0300, Penalty 0.0738, loss 1.6775
Epoch 5, Batch 323/419, Lx 1.4378, Lu 0.0208, Penalty 0.0365, loss 1.4951
Epoch 5, Batch 324/419, Lx 1.5698, Lu 0.0240, Penalty 0.0503, loss 1.6442
Epoch 5, Batch 325/419, Lx 1.4292, Lu 0.0227, Penalty 0.0804, loss 1.5323
Epoch 5, Batch 326/419, Lx 1.4622, Lu 0.0220, Penalty 0.1000, loss 1.5843
Epoch 5, Batch 327/419, Lx 1.3257, Lu 0.0288, Penalty 0.0596, loss 1.4141
Epoch 5, Batch 328/419, Lx 1.4958, Lu 0.0260, Penalty 0.0483, loss 1.5701
Epoch 5, Batch 329/419, Lx 1.5723, Lu 0.0259, Penalty 0.0643, loss 1.6625
Epoch 5, Batch 330/419, Lx 1.5509, Lu 0.0264, Penalty 0.0416, loss 1.6189
Epoch 5, Batch 331/419, Lx 1.5725, Lu 0.0273, Penalty 0.0228, loss 1.6226
Epoch 5, Batch 332/419, Lx 1.4628, Lu 0.0190, Penalty 0.0472, loss 1.5290
Epoch 5, Batch 333/419, Lx 1.3422, Lu 0.0214, Penalty 0.0542, loss 1.4178
Epoch 5, Batch 334/419, Lx 1.5379, Lu 0.0207, Penalty 0.0846, loss 1.6432
Epoch 5, Batch 335/419, Lx 1.4165, Lu 0.0255, Penalty 0.0454, loss 1.4874
Epoch 5, Batch 336/419, Lx 1.4550, Lu 0.0303, Penalty 0.0997, loss 1.5850
Epoch 5, Batch 337/419, Lx 1.6547, Lu 0.0245, Penalty 0.0307, loss 1.7099
Epoch 5, Batch 338/419, Lx 1.2923, Lu 0.0244, Penalty 0.0535, loss 1.3701
Epoch 5, Batch 339/419, Lx 1.4304, Lu 0.0248, Penalty 0.0445, loss 1.4997
Epoch 5, Batch 340/419, Lx 1.3168, Lu 0.0321, Penalty 0.0421, loss 1.3910
Epoch 5, Batch 341/419, Lx 1.3355, Lu 0.0225, Penalty 0.0458, loss 1.4038
Epoch 5, Batch 342/419, Lx 1.4590, Lu 0.0337, Penalty 0.1430, loss 1.6357
Epoch 5, Batch 343/419, Lx 1.4881, Lu 0.0281, Penalty 0.0274, loss 1.5436
Epoch 5, Batch 344/419, Lx 1.3146, Lu 0.0242, Penalty 0.0462, loss 1.3850
Epoch 5, Batch 345/419, Lx 1.2842, Lu 0.0227, Penalty 0.0730, loss 1.3799
Epoch 5, Batch 346/419, Lx 1.4221, Lu 0.0238, Penalty 0.1167, loss 1.5627
Epoch 5, Batch 347/419, Lx 1.5232, Lu 0.0329, Penalty 0.0640, loss 1.6201
Epoch 5, Batch 348/419, Lx 1.5417, Lu 0.0254, Penalty 0.0369, loss 1.6040
Epoch 5, Batch 349/419, Lx 1.4540, Lu 0.0250, Penalty 0.0539, loss 1.5328
Epoch 5, Batch 350/419, Lx 1.5503, Lu 0.0315, Penalty 0.0713, loss 1.6531
Epoch 5, Batch 351/419, Lx 1.5444, Lu 0.0328, Penalty 0.0754, loss 1.6526
Epoch 5, Batch 352/419, Lx 1.6151, Lu 0.0301, Penalty 0.0207, loss 1.6659
Epoch 5, Batch 353/419, Lx 1.4214, Lu 0.0257, Penalty 0.0519, loss 1.4990
Epoch 5, Batch 354/419, Lx 1.2723, Lu 0.0315, Penalty 0.0336, loss 1.3374
Epoch 5, Batch 355/419, Lx 1.5852, Lu 0.0353, Penalty 0.0309, loss 1.6514
Epoch 5, Batch 356/419, Lx 1.4220, Lu 0.0242, Penalty 0.0755, loss 1.5217
Epoch 5, Batch 357/419, Lx 1.3615, Lu 0.0261, Penalty 0.0223, loss 1.4098
Epoch 5, Batch 358/419, Lx 1.4568, Lu 0.0248, Penalty 0.0298, loss 1.5115
Epoch 5, Batch 359/419, Lx 1.4343, Lu 0.0225, Penalty 0.0227, loss 1.4796
Epoch 5, Batch 360/419, Lx 1.2654, Lu 0.0204, Penalty 0.0654, loss 1.3512
Epoch 5, Batch 361/419, Lx 1.5293, Lu 0.0245, Penalty 0.0179, loss 1.5717
Epoch 5, Batch 362/419, Lx 1.3474, Lu 0.0286, Penalty 0.0616, loss 1.4376
Epoch 5, Batch 363/419, Lx 1.3876, Lu 0.0282, Penalty 0.0712, loss 1.4871
Epoch 5, Batch 364/419, Lx 1.6279, Lu 0.0331, Penalty 0.0614, loss 1.7224
Epoch 5, Batch 365/419, Lx 1.7002, Lu 0.0294, Penalty 0.0939, loss 1.8236
Epoch 5, Batch 366/419, Lx 1.5745, Lu 0.0332, Penalty 0.0380, loss 1.6457
Epoch 5, Batch 367/419, Lx 1.7035, Lu 0.0469, Penalty 0.1731, loss 1.9236
Epoch 5, Batch 368/419, Lx 1.4278, Lu 0.0220, Penalty 0.0654, loss 1.5152
Epoch 5, Batch 369/419, Lx 1.4854, Lu 0.0294, Penalty 0.0317, loss 1.5466
Epoch 5, Batch 370/419, Lx 1.3667, Lu 0.0243, Penalty 0.1150, loss 1.5060
Epoch 5, Batch 371/419, Lx 1.5160, Lu 0.0305, Penalty 0.0656, loss 1.6121
Epoch 5, Batch 372/419, Lx 1.3978, Lu 0.0283, Penalty 0.0651, loss 1.4912
Epoch 5, Batch 373/419, Lx 1.5575, Lu 0.0236, Penalty 0.0596, loss 1.6407
Epoch 5, Batch 374/419, Lx 1.4480, Lu 0.0229, Penalty 0.0503, loss 1.5212
Epoch 5, Batch 375/419, Lx 1.6702, Lu 0.0370, Penalty 0.0720, loss 1.7791
Epoch 5, Batch 376/419, Lx 1.4271, Lu 0.0293, Penalty 0.0281, loss 1.4844
Epoch 5, Batch 377/419, Lx 1.5812, Lu 0.0359, Penalty 0.0508, loss 1.6678
Epoch 5, Batch 378/419, Lx 1.1611, Lu 0.0214, Penalty 0.0487, loss 1.2311
Epoch 5, Batch 379/419, Lx 1.6497, Lu 0.0329, Penalty 0.0408, loss 1.7235
Epoch 5, Batch 380/419, Lx 1.5272, Lu 0.0267, Penalty 0.0924, loss 1.6463
Epoch 5, Batch 381/419, Lx 1.2270, Lu 0.0231, Penalty 0.0764, loss 1.3265
Epoch 5, Batch 382/419, Lx 1.6307, Lu 0.0315, Penalty 0.0540, loss 1.7162
Epoch 5, Batch 383/419, Lx 1.4375, Lu 0.0242, Penalty 0.1397, loss 1.6014
Epoch 5, Batch 384/419, Lx 1.3938, Lu 0.0306, Penalty 0.0683, loss 1.4927
Epoch 5, Batch 385/419, Lx 1.2634, Lu 0.0229, Penalty 0.0543, loss 1.3407
Epoch 5, Batch 386/419, Lx 1.6645, Lu 0.0277, Penalty 0.0342, loss 1.7264
Epoch 5, Batch 387/419, Lx 1.5621, Lu 0.0290, Penalty 0.0569, loss 1.6480
Epoch 5, Batch 388/419, Lx 1.6821, Lu 0.0309, Penalty 0.0308, loss 1.7438
Epoch 5, Batch 389/419, Lx 1.4160, Lu 0.0318, Penalty 0.0431, loss 1.4909
Epoch 5, Batch 390/419, Lx 1.4252, Lu 0.0290, Penalty 0.0596, loss 1.5137
Epoch 5, Batch 391/419, Lx 1.4894, Lu 0.0355, Penalty 0.0807, loss 1.6057
Epoch 5, Batch 392/419, Lx 1.5707, Lu 0.0330, Penalty 0.0473, loss 1.6510
Epoch 5, Batch 393/419, Lx 1.6579, Lu 0.0301, Penalty 0.0904, loss 1.7783
Epoch 5, Batch 394/419, Lx 1.5030, Lu 0.0210, Penalty 0.0662, loss 1.5901
Epoch 5, Batch 395/419, Lx 1.4098, Lu 0.0255, Penalty 0.0679, loss 1.5033
Epoch 5, Batch 396/419, Lx 1.3792, Lu 0.0189, Penalty 0.0613, loss 1.4594
Epoch 5, Batch 397/419, Lx 1.2656, Lu 0.0227, Penalty 0.0474, loss 1.3357
Epoch 5, Batch 398/419, Lx 1.3359, Lu 0.0247, Penalty 0.0642, loss 1.4247
Epoch 5, Batch 399/419, Lx 1.5732, Lu 0.0312, Penalty 0.0836, loss 1.6880
Epoch 5, Batch 400/419, Lx 1.2083, Lu 0.0218, Penalty 0.0966, loss 1.3268
Epoch 5, Batch 401/419, Lx 1.6023, Lu 0.0302, Penalty 0.0637, loss 1.6963
Epoch 5, Batch 402/419, Lx 1.5603, Lu 0.0323, Penalty 0.0460, loss 1.6385
Epoch 5, Batch 403/419, Lx 1.6146, Lu 0.0277, Penalty 0.0415, loss 1.6837
Epoch 5, Batch 404/419, Lx 1.5061, Lu 0.0265, Penalty 0.0410, loss 1.5737
Epoch 5, Batch 405/419, Lx 1.4208, Lu 0.0312, Penalty 0.0589, loss 1.5109
Epoch 5, Batch 406/419, Lx 1.1601, Lu 0.0239, Penalty 0.0667, loss 1.2507
Epoch 5, Batch 407/419, Lx 1.3882, Lu 0.0285, Penalty 0.0357, loss 1.4524
Epoch 5, Batch 408/419, Lx 1.5570, Lu 0.0321, Penalty 0.0555, loss 1.6447
Epoch 5, Batch 409/419, Lx 1.6507, Lu 0.0271, Penalty 0.0822, loss 1.7599
Epoch 5, Batch 410/419, Lx 1.5305, Lu 0.0222, Penalty 0.0413, loss 1.5939
Epoch 5, Batch 411/419, Lx 1.6001, Lu 0.0283, Penalty 0.0630, loss 1.6913
Epoch 5, Batch 412/419, Lx 1.4316, Lu 0.0236, Penalty 0.0721, loss 1.5272
Epoch 5, Batch 413/419, Lx 1.4954, Lu 0.0223, Penalty 0.0771, loss 1.5948
Epoch 5, Batch 414/419, Lx 1.4010, Lu 0.0233, Penalty 0.0637, loss 1.4880
Epoch 5, Batch 415/419, Lx 1.4482, Lu 0.0218, Penalty 0.0383, loss 1.5083
Epoch 5, Batch 416/419, Lx 1.3387, Lu 0.0285, Penalty 0.0844, loss 1.4515
Epoch 5, Batch 417/419, Lx 1.4474, Lu 0.0232, Penalty 0.0438, loss 1.5144
Epoch 5, Batch 418/419, Lx 1.4072, Lu 0.0245, Penalty 0.0523, loss 1.4840
Epoch 5, Batch 419/419, Lx 1.9811, Lu 0.0271, Penalty 0.0452, loss 2.0535
Loss: 1.7726, Lx: 1.6790, Lu: 0.0321, Penalty: 0.0615
Evaluating training data at epoch 5 for Model 1
GMM Means: [0.219259   0.48637736]
GMM Covariances: [0.00889122 0.01189171]
Evaluating training data at epoch 5 for Model 2
GMM Means: [0.21442541 0.48143648]
GMM Covariances: [0.01028228 0.01517903]
Evaluating models at epoch 5
Test data size: 60000
Epoch: 5, Test Loss: 1.3022, Test Accuracy: 0.5690, Test F1 Score: 0.5375
Training for Network 1
labelled data size: 20166
unlabelled data size: 21834
Epoch 6, Batch 1/631, Lx 1.8991, Lu 0.0757, Penalty 0.0620, loss 2.0368
Epoch 6, Batch 2/631, Lx 1.6248, Lu 0.0430, Penalty 0.0408, loss 1.7086
Epoch 6, Batch 3/631, Lx 1.7109, Lu 0.0786, Penalty 0.0316, loss 1.8212
Epoch 6, Batch 4/631, Lx 1.7807, Lu 0.0654, Penalty 0.0438, loss 1.8899
Epoch 6, Batch 5/631, Lx 1.4947, Lu 0.0624, Penalty 0.0530, loss 1.6101
Epoch 6, Batch 6/631, Lx 1.8081, Lu 0.0630, Penalty 0.0218, loss 1.8929
Epoch 6, Batch 7/631, Lx 1.6219, Lu 0.0548, Penalty 0.0205, loss 1.6972
Epoch 6, Batch 8/631, Lx 1.6226, Lu 0.0516, Penalty 0.0658, loss 1.7400
Epoch 6, Batch 9/631, Lx 1.3825, Lu 0.0327, Penalty 0.0322, loss 1.4475
Epoch 6, Batch 10/631, Lx 1.6225, Lu 0.0590, Penalty 0.0758, loss 1.7573
Epoch 6, Batch 11/631, Lx 1.7482, Lu 0.0816, Penalty 0.0465, loss 1.8763
Epoch 6, Batch 12/631, Lx 1.4253, Lu 0.0436, Penalty 0.0775, loss 1.5464
Epoch 6, Batch 13/631, Lx 1.5312, Lu 0.0630, Penalty 0.0287, loss 1.6229
Epoch 6, Batch 14/631, Lx 1.6957, Lu 0.0584, Penalty 0.0452, loss 1.7993
Epoch 6, Batch 15/631, Lx 1.6693, Lu 0.0759, Penalty 0.0277, loss 1.7729
Epoch 6, Batch 16/631, Lx 1.3344, Lu 0.0512, Penalty 0.0358, loss 1.4214
Epoch 6, Batch 17/631, Lx 1.6376, Lu 0.0482, Penalty 0.0193, loss 1.7051
Epoch 6, Batch 18/631, Lx 1.4514, Lu 0.0481, Penalty 0.0342, loss 1.5337
Epoch 6, Batch 19/631, Lx 1.6922, Lu 0.0723, Penalty 0.0519, loss 1.8165
Epoch 6, Batch 20/631, Lx 1.9144, Lu 0.0985, Penalty 0.0237, loss 2.0366
Epoch 6, Batch 21/631, Lx 1.7650, Lu 0.0661, Penalty 0.0175, loss 1.8487
Epoch 6, Batch 22/631, Lx 1.5738, Lu 0.0587, Penalty 0.0291, loss 1.6615
Epoch 6, Batch 23/631, Lx 1.4279, Lu 0.0560, Penalty 0.0365, loss 1.5203
Epoch 6, Batch 24/631, Lx 1.7243, Lu 0.0613, Penalty 0.0349, loss 1.8205
Epoch 6, Batch 25/631, Lx 1.4623, Lu 0.0567, Penalty 0.0040, loss 1.5229
Epoch 6, Batch 26/631, Lx 1.3276, Lu 0.0563, Penalty 0.0866, loss 1.4706
Epoch 6, Batch 27/631, Lx 1.3858, Lu 0.0542, Penalty 0.0406, loss 1.4806
Epoch 6, Batch 28/631, Lx 1.7414, Lu 0.0684, Penalty 0.0295, loss 1.8394
Epoch 6, Batch 29/631, Lx 1.5865, Lu 0.0640, Penalty 0.1001, loss 1.7506
Epoch 6, Batch 30/631, Lx 1.7610, Lu 0.0503, Penalty 0.0491, loss 1.8604
Epoch 6, Batch 31/631, Lx 1.8877, Lu 0.0616, Penalty 0.0296, loss 1.9789
Epoch 6, Batch 32/631, Lx 1.4594, Lu 0.0445, Penalty 0.0454, loss 1.5493
Epoch 6, Batch 33/631, Lx 1.8100, Lu 0.0859, Penalty 0.0272, loss 1.9231
Epoch 6, Batch 34/631, Lx 1.5100, Lu 0.0691, Penalty 0.0274, loss 1.6065
Epoch 6, Batch 35/631, Lx 1.6888, Lu 0.0591, Penalty 0.0666, loss 1.8146
Epoch 6, Batch 36/631, Lx 1.4512, Lu 0.0444, Penalty 0.0307, loss 1.5263
Epoch 6, Batch 37/631, Lx 1.4777, Lu 0.0538, Penalty 0.0690, loss 1.6005
Epoch 6, Batch 38/631, Lx 1.6891, Lu 0.0690, Penalty 0.0378, loss 1.7959
Epoch 6, Batch 39/631, Lx 1.4128, Lu 0.0542, Penalty 0.0679, loss 1.5350
Epoch 6, Batch 40/631, Lx 1.7191, Lu 0.0631, Penalty 0.0682, loss 1.8505
Epoch 6, Batch 41/631, Lx 1.3910, Lu 0.0546, Penalty 0.0474, loss 1.4929
Epoch 6, Batch 42/631, Lx 1.6343, Lu 0.0651, Penalty 0.0283, loss 1.7277
Epoch 6, Batch 43/631, Lx 1.4529, Lu 0.0543, Penalty 0.0331, loss 1.5404
Epoch 6, Batch 44/631, Lx 1.4934, Lu 0.0546, Penalty 0.0571, loss 1.6050
Epoch 6, Batch 45/631, Lx 1.5998, Lu 0.0478, Penalty 0.0704, loss 1.7180
Epoch 6, Batch 46/631, Lx 1.5958, Lu 0.0412, Penalty 0.0092, loss 1.6461
Epoch 6, Batch 47/631, Lx 1.3481, Lu 0.0431, Penalty 0.0299, loss 1.4211
Epoch 6, Batch 48/631, Lx 1.5150, Lu 0.0498, Penalty 0.0284, loss 1.5932
Epoch 6, Batch 49/631, Lx 1.7164, Lu 0.0543, Penalty 0.0464, loss 1.8171
Epoch 6, Batch 50/631, Lx 1.5948, Lu 0.0489, Penalty 0.0614, loss 1.7051
Epoch 6, Batch 51/631, Lx 1.6020, Lu 0.0552, Penalty 0.0204, loss 1.6777
Epoch 6, Batch 52/631, Lx 1.6645, Lu 0.0570, Penalty 0.0181, loss 1.7396
Epoch 6, Batch 53/631, Lx 1.5454, Lu 0.0643, Penalty 0.0292, loss 1.6390
Epoch 6, Batch 54/631, Lx 1.6088, Lu 0.0581, Penalty 0.0580, loss 1.7249
Epoch 6, Batch 55/631, Lx 1.5495, Lu 0.0511, Penalty 0.0400, loss 1.6405
Epoch 6, Batch 56/631, Lx 1.6788, Lu 0.0673, Penalty 0.0533, loss 1.7994
Epoch 6, Batch 57/631, Lx 1.5310, Lu 0.0512, Penalty 0.0922, loss 1.6744
Epoch 6, Batch 58/631, Lx 1.4654, Lu 0.0594, Penalty 0.0779, loss 1.6028
Epoch 6, Batch 59/631, Lx 1.3696, Lu 0.0420, Penalty 0.0401, loss 1.4517
Epoch 6, Batch 60/631, Lx 1.5736, Lu 0.0666, Penalty 0.0206, loss 1.6609
Epoch 6, Batch 61/631, Lx 1.5875, Lu 0.0580, Penalty 0.0149, loss 1.6603
Epoch 6, Batch 62/631, Lx 1.5060, Lu 0.0553, Penalty 0.0241, loss 1.5854
Epoch 6, Batch 63/631, Lx 1.2383, Lu 0.0515, Penalty 0.0196, loss 1.3093
Epoch 6, Batch 64/631, Lx 1.6136, Lu 0.0678, Penalty 0.0602, loss 1.7416
Epoch 6, Batch 65/631, Lx 1.6765, Lu 0.0606, Penalty 0.0927, loss 1.8298
Epoch 6, Batch 66/631, Lx 1.5539, Lu 0.0650, Penalty 0.0448, loss 1.6636
Epoch 6, Batch 67/631, Lx 1.6965, Lu 0.0746, Penalty 0.0763, loss 1.8474
Epoch 6, Batch 68/631, Lx 1.7606, Lu 0.0728, Penalty 0.0349, loss 1.8683
Epoch 6, Batch 69/631, Lx 1.4790, Lu 0.0505, Penalty 0.0368, loss 1.5663
Epoch 6, Batch 70/631, Lx 1.5616, Lu 0.0690, Penalty 0.0465, loss 1.6771
Epoch 6, Batch 71/631, Lx 1.5474, Lu 0.0725, Penalty 0.0680, loss 1.6879
Epoch 6, Batch 72/631, Lx 1.5965, Lu 0.0638, Penalty 0.0422, loss 1.7025
Epoch 6, Batch 73/631, Lx 1.5896, Lu 0.0674, Penalty 0.0514, loss 1.7084
Epoch 6, Batch 74/631, Lx 1.7828, Lu 0.0643, Penalty 0.0578, loss 1.9049
Epoch 6, Batch 75/631, Lx 1.6219, Lu 0.0633, Penalty 0.0312, loss 1.7164
Epoch 6, Batch 76/631, Lx 1.7453, Lu 0.0632, Penalty 0.0335, loss 1.8420
Epoch 6, Batch 77/631, Lx 1.3489, Lu 0.0387, Penalty 0.0749, loss 1.4625
Epoch 6, Batch 78/631, Lx 1.4556, Lu 0.0541, Penalty 0.0571, loss 1.5667
Epoch 6, Batch 79/631, Lx 1.6109, Lu 0.0492, Penalty 0.0682, loss 1.7284
Epoch 6, Batch 80/631, Lx 1.5016, Lu 0.0370, Penalty 0.0546, loss 1.5931
Epoch 6, Batch 81/631, Lx 1.5179, Lu 0.0463, Penalty 0.0702, loss 1.6345
Epoch 6, Batch 82/631, Lx 1.6719, Lu 0.0819, Penalty 0.0611, loss 1.8149
Epoch 6, Batch 83/631, Lx 1.3755, Lu 0.0433, Penalty 0.0500, loss 1.4688
Epoch 6, Batch 84/631, Lx 1.7956, Lu 0.0545, Penalty 0.0730, loss 1.9232
Epoch 6, Batch 85/631, Lx 1.5433, Lu 0.0786, Penalty 0.0514, loss 1.6734
Epoch 6, Batch 86/631, Lx 1.5745, Lu 0.0610, Penalty 0.0325, loss 1.6680
Epoch 6, Batch 87/631, Lx 1.6221, Lu 0.0487, Penalty 0.0126, loss 1.6834
Epoch 6, Batch 88/631, Lx 1.5531, Lu 0.0430, Penalty 0.0229, loss 1.6190
Epoch 6, Batch 89/631, Lx 1.6475, Lu 0.0581, Penalty 0.0189, loss 1.7244
Epoch 6, Batch 90/631, Lx 1.5546, Lu 0.0634, Penalty 0.0403, loss 1.6583
Epoch 6, Batch 91/631, Lx 1.6066, Lu 0.0751, Penalty 0.0151, loss 1.6967
Epoch 6, Batch 92/631, Lx 1.5660, Lu 0.0577, Penalty 0.0385, loss 1.6623
Epoch 6, Batch 93/631, Lx 1.8325, Lu 0.0617, Penalty 0.0272, loss 1.9214
Epoch 6, Batch 94/631, Lx 1.4621, Lu 0.0425, Penalty 0.0330, loss 1.5376
Epoch 6, Batch 95/631, Lx 1.6317, Lu 0.0510, Penalty 0.0763, loss 1.7590
Epoch 6, Batch 96/631, Lx 1.4343, Lu 0.0484, Penalty 0.0321, loss 1.5148
Epoch 6, Batch 97/631, Lx 1.4079, Lu 0.0383, Penalty 0.0393, loss 1.4855
Epoch 6, Batch 98/631, Lx 1.4911, Lu 0.0495, Penalty 0.0301, loss 1.5706
Epoch 6, Batch 99/631, Lx 1.5734, Lu 0.0600, Penalty 0.0556, loss 1.6890
Epoch 6, Batch 100/631, Lx 1.6346, Lu 0.0725, Penalty 0.1070, loss 1.8141
Epoch 6, Batch 101/631, Lx 1.5379, Lu 0.0559, Penalty 0.1296, loss 1.7234
Epoch 6, Batch 102/631, Lx 1.6852, Lu 0.0597, Penalty 0.0456, loss 1.7905
Epoch 6, Batch 103/631, Lx 1.6872, Lu 0.0613, Penalty 0.0414, loss 1.7900
Epoch 6, Batch 104/631, Lx 1.6549, Lu 0.0423, Penalty 0.0619, loss 1.7591
Epoch 6, Batch 105/631, Lx 1.7344, Lu 0.0705, Penalty 0.0612, loss 1.8661
Epoch 6, Batch 106/631, Lx 1.4930, Lu 0.0630, Penalty 0.0233, loss 1.5794
Epoch 6, Batch 107/631, Lx 1.4344, Lu 0.0459, Penalty 0.0340, loss 1.5143
Epoch 6, Batch 108/631, Lx 1.6254, Lu 0.0640, Penalty 0.0333, loss 1.7227
Epoch 6, Batch 109/631, Lx 1.6395, Lu 0.0734, Penalty 0.0376, loss 1.7506
Epoch 6, Batch 110/631, Lx 1.5334, Lu 0.0584, Penalty 0.0343, loss 1.6261
Epoch 6, Batch 111/631, Lx 1.4454, Lu 0.0642, Penalty 0.0201, loss 1.5296
Epoch 6, Batch 112/631, Lx 1.5149, Lu 0.0652, Penalty 0.0320, loss 1.6121
Epoch 6, Batch 113/631, Lx 1.6325, Lu 0.0597, Penalty 0.0540, loss 1.7462
Epoch 6, Batch 114/631, Lx 1.7145, Lu 0.0659, Penalty 0.0617, loss 1.8421
Epoch 6, Batch 115/631, Lx 1.5214, Lu 0.0523, Penalty 0.0293, loss 1.6030
Epoch 6, Batch 116/631, Lx 1.5435, Lu 0.0513, Penalty 0.0586, loss 1.6534
Epoch 6, Batch 117/631, Lx 1.0772, Lu 0.0394, Penalty 0.0178, loss 1.1344
Epoch 6, Batch 118/631, Lx 1.5694, Lu 0.0425, Penalty 0.0388, loss 1.6507
Epoch 6, Batch 119/631, Lx 1.4879, Lu 0.0472, Penalty 0.0430, loss 1.5780
Epoch 6, Batch 120/631, Lx 1.4783, Lu 0.0426, Penalty 0.0530, loss 1.5740
Epoch 6, Batch 121/631, Lx 1.6766, Lu 0.0626, Penalty 0.0238, loss 1.7630
Epoch 6, Batch 122/631, Lx 1.6756, Lu 0.0538, Penalty 0.0130, loss 1.7424
Epoch 6, Batch 123/631, Lx 1.5307, Lu 0.0528, Penalty 0.0218, loss 1.6053
Epoch 6, Batch 124/631, Lx 1.6222, Lu 0.0630, Penalty 0.0692, loss 1.7544
Epoch 6, Batch 125/631, Lx 1.5377, Lu 0.0384, Penalty 0.0228, loss 1.5989
Epoch 6, Batch 126/631, Lx 1.5062, Lu 0.0535, Penalty 0.0608, loss 1.6205
Epoch 6, Batch 127/631, Lx 1.3484, Lu 0.0514, Penalty 0.0576, loss 1.4574
Epoch 6, Batch 128/631, Lx 1.5398, Lu 0.0580, Penalty 0.0186, loss 1.6165
Epoch 6, Batch 129/631, Lx 1.3029, Lu 0.0546, Penalty 0.0253, loss 1.3829
Epoch 6, Batch 130/631, Lx 1.2997, Lu 0.0552, Penalty 0.0232, loss 1.3781
Epoch 6, Batch 131/631, Lx 1.4517, Lu 0.0541, Penalty 0.0638, loss 1.5696
Epoch 6, Batch 132/631, Lx 1.2128, Lu 0.0612, Penalty 0.0607, loss 1.3348
Epoch 6, Batch 133/631, Lx 1.6834, Lu 0.0786, Penalty 0.0637, loss 1.8257
Epoch 6, Batch 134/631, Lx 1.5288, Lu 0.0623, Penalty 0.0148, loss 1.6059
Epoch 6, Batch 135/631, Lx 1.5117, Lu 0.0716, Penalty 0.0240, loss 1.6074
Epoch 6, Batch 136/631, Lx 1.4941, Lu 0.0633, Penalty 0.0259, loss 1.5833
Epoch 6, Batch 137/631, Lx 1.6550, Lu 0.0699, Penalty 0.0584, loss 1.7833
Epoch 6, Batch 138/631, Lx 1.4249, Lu 0.0575, Penalty 0.0373, loss 1.5197
Epoch 6, Batch 139/631, Lx 1.3749, Lu 0.0476, Penalty 0.0276, loss 1.4501
Epoch 6, Batch 140/631, Lx 1.7155, Lu 0.0734, Penalty 0.0593, loss 1.8482
Epoch 6, Batch 141/631, Lx 1.5191, Lu 0.0450, Penalty 0.0235, loss 1.5876
Epoch 6, Batch 142/631, Lx 1.4719, Lu 0.0505, Penalty 0.0350, loss 1.5575
Epoch 6, Batch 143/631, Lx 1.4280, Lu 0.0481, Penalty 0.0669, loss 1.5429
Epoch 6, Batch 144/631, Lx 1.5437, Lu 0.0532, Penalty 0.0626, loss 1.6595
Epoch 6, Batch 145/631, Lx 1.5380, Lu 0.0600, Penalty 0.0380, loss 1.6360
Epoch 6, Batch 146/631, Lx 1.2067, Lu 0.0498, Penalty 0.0527, loss 1.3091
Epoch 6, Batch 147/631, Lx 1.4177, Lu 0.0587, Penalty 0.0386, loss 1.5151
Epoch 6, Batch 148/631, Lx 1.3464, Lu 0.0394, Penalty 0.0228, loss 1.4087
Epoch 6, Batch 149/631, Lx 1.6007, Lu 0.0599, Penalty 0.0617, loss 1.7223
Epoch 6, Batch 150/631, Lx 1.5622, Lu 0.0457, Penalty 0.0344, loss 1.6423
Epoch 6, Batch 151/631, Lx 1.5702, Lu 0.0676, Penalty 0.0287, loss 1.6665
Epoch 6, Batch 152/631, Lx 1.6862, Lu 0.0661, Penalty 0.0401, loss 1.7924
Epoch 6, Batch 153/631, Lx 1.5497, Lu 0.0538, Penalty 0.0372, loss 1.6406
Epoch 6, Batch 154/631, Lx 1.5033, Lu 0.0417, Penalty 0.0233, loss 1.5683
Epoch 6, Batch 155/631, Lx 1.5051, Lu 0.0512, Penalty 0.0296, loss 1.5859
Epoch 6, Batch 156/631, Lx 1.6769, Lu 0.0619, Penalty 0.0275, loss 1.7663
Epoch 6, Batch 157/631, Lx 1.6726, Lu 0.0687, Penalty 0.0177, loss 1.7589
Epoch 6, Batch 158/631, Lx 1.5326, Lu 0.0477, Penalty 0.0421, loss 1.6224
Epoch 6, Batch 159/631, Lx 1.4440, Lu 0.0475, Penalty 0.0309, loss 1.5224
Epoch 6, Batch 160/631, Lx 1.6464, Lu 0.0548, Penalty 0.0180, loss 1.7192
Epoch 6, Batch 161/631, Lx 1.6629, Lu 0.0650, Penalty 0.0322, loss 1.7602
Epoch 6, Batch 162/631, Lx 1.4525, Lu 0.0637, Penalty 0.0679, loss 1.5841
Epoch 6, Batch 163/631, Lx 1.4487, Lu 0.0606, Penalty 0.0813, loss 1.5906
Epoch 6, Batch 164/631, Lx 1.6127, Lu 0.0569, Penalty 0.0796, loss 1.7492
Epoch 6, Batch 165/631, Lx 1.6118, Lu 0.0709, Penalty 0.0278, loss 1.7105
Epoch 6, Batch 166/631, Lx 1.5109, Lu 0.0442, Penalty 0.0927, loss 1.6478
Epoch 6, Batch 167/631, Lx 1.7320, Lu 0.0735, Penalty 0.0215, loss 1.8270
Epoch 6, Batch 168/631, Lx 1.4981, Lu 0.0590, Penalty 0.0322, loss 1.5894
Epoch 6, Batch 169/631, Lx 1.5756, Lu 0.0599, Penalty 0.0717, loss 1.7072
Epoch 6, Batch 170/631, Lx 1.4660, Lu 0.0596, Penalty 0.1034, loss 1.6290
Epoch 6, Batch 171/631, Lx 1.6732, Lu 0.0600, Penalty 0.0486, loss 1.7818
Epoch 6, Batch 172/631, Lx 1.5804, Lu 0.0641, Penalty 0.0535, loss 1.6980
Epoch 6, Batch 173/631, Lx 1.5396, Lu 0.0426, Penalty 0.0276, loss 1.6098
Epoch 6, Batch 174/631, Lx 1.6396, Lu 0.0706, Penalty 0.0417, loss 1.7518
Epoch 6, Batch 175/631, Lx 1.6029, Lu 0.0571, Penalty 0.0310, loss 1.6909
Epoch 6, Batch 176/631, Lx 1.5030, Lu 0.0560, Penalty 0.0451, loss 1.6041
Epoch 6, Batch 177/631, Lx 1.4206, Lu 0.0623, Penalty 0.0116, loss 1.4944
Epoch 6, Batch 178/631, Lx 1.5691, Lu 0.0445, Penalty 0.0238, loss 1.6375
Epoch 6, Batch 179/631, Lx 1.2836, Lu 0.0561, Penalty 0.0219, loss 1.3616
Epoch 6, Batch 180/631, Lx 1.5666, Lu 0.0613, Penalty 0.0423, loss 1.6702
Epoch 6, Batch 181/631, Lx 1.4144, Lu 0.0449, Penalty 0.0081, loss 1.4674
Epoch 6, Batch 182/631, Lx 1.5868, Lu 0.0550, Penalty 0.0475, loss 1.6893
Epoch 6, Batch 183/631, Lx 1.5490, Lu 0.0494, Penalty 0.0512, loss 1.6497
Epoch 6, Batch 184/631, Lx 1.6162, Lu 0.0502, Penalty 0.0447, loss 1.7111
Epoch 6, Batch 185/631, Lx 1.5004, Lu 0.0399, Penalty 0.0520, loss 1.5923
Epoch 6, Batch 186/631, Lx 1.7178, Lu 0.0536, Penalty 0.0279, loss 1.7993
Epoch 6, Batch 187/631, Lx 1.3515, Lu 0.0465, Penalty 0.0309, loss 1.4290
Epoch 6, Batch 188/631, Lx 1.5471, Lu 0.0478, Penalty 0.0250, loss 1.6198
Epoch 6, Batch 189/631, Lx 1.6177, Lu 0.0759, Penalty 0.0463, loss 1.7399
Epoch 6, Batch 190/631, Lx 1.5276, Lu 0.0432, Penalty 0.0442, loss 1.6149
Epoch 6, Batch 191/631, Lx 1.5739, Lu 0.0537, Penalty 0.0371, loss 1.6647
Epoch 6, Batch 192/631, Lx 1.7887, Lu 0.0587, Penalty 0.0376, loss 1.8850
Epoch 6, Batch 193/631, Lx 1.4622, Lu 0.0394, Penalty 0.0271, loss 1.5288
Epoch 6, Batch 194/631, Lx 1.4588, Lu 0.0493, Penalty 0.0452, loss 1.5533
Epoch 6, Batch 195/631, Lx 1.7181, Lu 0.0558, Penalty 0.0670, loss 1.8409
Epoch 6, Batch 196/631, Lx 1.6700, Lu 0.0577, Penalty 0.0306, loss 1.7582
Epoch 6, Batch 197/631, Lx 1.4800, Lu 0.0503, Penalty 0.1500, loss 1.6802
Epoch 6, Batch 198/631, Lx 1.5301, Lu 0.0447, Penalty 0.0297, loss 1.6046
Epoch 6, Batch 199/631, Lx 1.5089, Lu 0.0471, Penalty 0.0534, loss 1.6093
Epoch 6, Batch 200/631, Lx 1.5044, Lu 0.0471, Penalty 0.0486, loss 1.6001
Epoch 6, Batch 201/631, Lx 1.5274, Lu 0.0532, Penalty 0.0370, loss 1.6175
Epoch 6, Batch 202/631, Lx 1.7058, Lu 0.0655, Penalty 0.0489, loss 1.8202
Epoch 6, Batch 203/631, Lx 1.4137, Lu 0.0475, Penalty 0.0156, loss 1.4768
Epoch 6, Batch 204/631, Lx 1.3512, Lu 0.0480, Penalty 0.0521, loss 1.4513
Epoch 6, Batch 205/631, Lx 1.4703, Lu 0.0437, Penalty 0.0266, loss 1.5406
Epoch 6, Batch 206/631, Lx 1.5848, Lu 0.0418, Penalty 0.0457, loss 1.6723
Epoch 6, Batch 207/631, Lx 1.4051, Lu 0.0490, Penalty 0.0382, loss 1.4924
Epoch 6, Batch 208/631, Lx 1.2648, Lu 0.0495, Penalty 0.0315, loss 1.3458
Epoch 6, Batch 209/631, Lx 1.3438, Lu 0.0363, Penalty 0.0535, loss 1.4336
Epoch 6, Batch 210/631, Lx 1.3464, Lu 0.0400, Penalty 0.0391, loss 1.4255
Epoch 6, Batch 211/631, Lx 1.4307, Lu 0.0508, Penalty 0.0231, loss 1.5045
Epoch 6, Batch 212/631, Lx 1.5213, Lu 0.0521, Penalty 0.0606, loss 1.6340
Epoch 6, Batch 213/631, Lx 1.5752, Lu 0.0587, Penalty 0.1074, loss 1.7414
Epoch 6, Batch 214/631, Lx 1.6907, Lu 0.0722, Penalty 0.0148, loss 1.7777
Epoch 6, Batch 215/631, Lx 1.6683, Lu 0.0547, Penalty 0.0227, loss 1.7458
Epoch 6, Batch 216/631, Lx 1.3335, Lu 0.0460, Penalty 0.0599, loss 1.4393
Epoch 6, Batch 217/631, Lx 1.6145, Lu 0.0531, Penalty 0.0434, loss 1.7110
Epoch 6, Batch 218/631, Lx 1.5188, Lu 0.0528, Penalty 0.0399, loss 1.6116
Epoch 6, Batch 219/631, Lx 1.2464, Lu 0.0338, Penalty 0.0421, loss 1.3224
Epoch 6, Batch 220/631, Lx 1.5844, Lu 0.0497, Penalty 0.0500, loss 1.6841
Epoch 6, Batch 221/631, Lx 1.3635, Lu 0.0503, Penalty 0.0423, loss 1.4561
Epoch 6, Batch 222/631, Lx 1.5985, Lu 0.0686, Penalty 0.0184, loss 1.6855
Epoch 6, Batch 223/631, Lx 1.6626, Lu 0.0712, Penalty 0.0537, loss 1.7875
Epoch 6, Batch 224/631, Lx 1.2109, Lu 0.0497, Penalty 0.0448, loss 1.3053
Epoch 6, Batch 225/631, Lx 1.6077, Lu 0.0580, Penalty 0.0421, loss 1.7078
Epoch 6, Batch 226/631, Lx 1.6244, Lu 0.0694, Penalty 0.0473, loss 1.7411
Epoch 6, Batch 227/631, Lx 1.5277, Lu 0.0494, Penalty 0.0277, loss 1.6048
Epoch 6, Batch 228/631, Lx 1.4760, Lu 0.0533, Penalty 0.0285, loss 1.5578
Epoch 6, Batch 229/631, Lx 1.3977, Lu 0.0606, Penalty 0.0348, loss 1.4931
Epoch 6, Batch 230/631, Lx 1.0272, Lu 0.0492, Penalty 0.0527, loss 1.1291
Epoch 6, Batch 231/631, Lx 1.4322, Lu 0.0515, Penalty 0.0604, loss 1.5441
Epoch 6, Batch 232/631, Lx 1.5522, Lu 0.0586, Penalty 0.0150, loss 1.6258
Epoch 6, Batch 233/631, Lx 1.6949, Lu 0.0590, Penalty 0.0307, loss 1.7845
Epoch 6, Batch 234/631, Lx 1.3231, Lu 0.0497, Penalty 0.0375, loss 1.4102
Epoch 6, Batch 235/631, Lx 1.5238, Lu 0.0452, Penalty 0.0187, loss 1.5877
Epoch 6, Batch 236/631, Lx 1.2772, Lu 0.0522, Penalty 0.0432, loss 1.3726
Epoch 6, Batch 237/631, Lx 1.5466, Lu 0.0552, Penalty 0.0291, loss 1.6308
Epoch 6, Batch 238/631, Lx 1.6740, Lu 0.0673, Penalty 0.0161, loss 1.7573
Epoch 6, Batch 239/631, Lx 1.4128, Lu 0.0473, Penalty 0.1295, loss 1.5896
Epoch 6, Batch 240/631, Lx 1.2752, Lu 0.0432, Penalty 0.0239, loss 1.3423
Epoch 6, Batch 241/631, Lx 1.7177, Lu 0.0653, Penalty 0.0379, loss 1.8209
Epoch 6, Batch 242/631, Lx 1.2785, Lu 0.0616, Penalty 0.0441, loss 1.3841
Epoch 6, Batch 243/631, Lx 1.5836, Lu 0.0613, Penalty 0.0365, loss 1.6814
Epoch 6, Batch 244/631, Lx 1.4837, Lu 0.0580, Penalty 0.0242, loss 1.5659
Epoch 6, Batch 245/631, Lx 1.3671, Lu 0.0472, Penalty 0.0282, loss 1.4426
Epoch 6, Batch 246/631, Lx 1.4025, Lu 0.0607, Penalty 0.0199, loss 1.4831
Epoch 6, Batch 247/631, Lx 1.4843, Lu 0.0573, Penalty 0.0289, loss 1.5704
Epoch 6, Batch 248/631, Lx 1.4245, Lu 0.0618, Penalty 0.0252, loss 1.5115
Epoch 6, Batch 249/631, Lx 1.3168, Lu 0.0502, Penalty 0.0377, loss 1.4048
Epoch 6, Batch 250/631, Lx 1.6805, Lu 0.0611, Penalty 0.0423, loss 1.7839
Epoch 6, Batch 251/631, Lx 1.6555, Lu 0.0605, Penalty 0.0444, loss 1.7604
Epoch 6, Batch 252/631, Lx 1.6005, Lu 0.0539, Penalty 0.0709, loss 1.7253
Epoch 6, Batch 253/631, Lx 1.5225, Lu 0.0552, Penalty 0.0423, loss 1.6200
Epoch 6, Batch 254/631, Lx 1.3234, Lu 0.0521, Penalty 0.0196, loss 1.3951
Epoch 6, Batch 255/631, Lx 1.4858, Lu 0.0576, Penalty 0.0555, loss 1.5990
Epoch 6, Batch 256/631, Lx 1.4704, Lu 0.0374, Penalty 0.0832, loss 1.5910
Epoch 6, Batch 257/631, Lx 1.5606, Lu 0.0496, Penalty 0.0493, loss 1.6596
Epoch 6, Batch 258/631, Lx 1.5713, Lu 0.0533, Penalty 0.0692, loss 1.6938
Epoch 6, Batch 259/631, Lx 1.0617, Lu 0.0425, Penalty 0.0357, loss 1.1398
Epoch 6, Batch 260/631, Lx 1.5814, Lu 0.0469, Penalty 0.0251, loss 1.6533
Epoch 6, Batch 261/631, Lx 1.5177, Lu 0.0504, Penalty 0.0488, loss 1.6168
Epoch 6, Batch 262/631, Lx 1.2784, Lu 0.0539, Penalty 0.0220, loss 1.3543
Epoch 6, Batch 263/631, Lx 1.4317, Lu 0.0512, Penalty 0.0225, loss 1.5054
Epoch 6, Batch 264/631, Lx 1.4827, Lu 0.0354, Penalty 0.0677, loss 1.5857
Epoch 6, Batch 265/631, Lx 1.6372, Lu 0.0609, Penalty 0.0664, loss 1.7645
Epoch 6, Batch 266/631, Lx 1.3716, Lu 0.0574, Penalty 0.0599, loss 1.4889
Epoch 6, Batch 267/631, Lx 1.2937, Lu 0.0609, Penalty 0.0849, loss 1.4395
Epoch 6, Batch 268/631, Lx 1.4664, Lu 0.0735, Penalty 0.0363, loss 1.5762
Epoch 6, Batch 269/631, Lx 1.6022, Lu 0.0760, Penalty 0.0466, loss 1.7248
Epoch 6, Batch 270/631, Lx 1.5853, Lu 0.0509, Penalty 0.0244, loss 1.6606
Epoch 6, Batch 271/631, Lx 1.3698, Lu 0.0419, Penalty 0.0277, loss 1.4393
Epoch 6, Batch 272/631, Lx 1.4135, Lu 0.0415, Penalty 0.0238, loss 1.4788
Epoch 6, Batch 273/631, Lx 1.4634, Lu 0.0675, Penalty 0.0373, loss 1.5683
Epoch 6, Batch 274/631, Lx 1.4649, Lu 0.0458, Penalty 0.0455, loss 1.5563
Epoch 6, Batch 275/631, Lx 1.6029, Lu 0.0526, Penalty 0.0312, loss 1.6867
Epoch 6, Batch 276/631, Lx 1.4156, Lu 0.0496, Penalty 0.0423, loss 1.5076
Epoch 6, Batch 277/631, Lx 1.6494, Lu 0.0444, Penalty 0.0339, loss 1.7278
Epoch 6, Batch 278/631, Lx 1.4349, Lu 0.0443, Penalty 0.0422, loss 1.5214
Epoch 6, Batch 279/631, Lx 1.5727, Lu 0.0486, Penalty 0.0363, loss 1.6576
Epoch 6, Batch 280/631, Lx 1.5972, Lu 0.0664, Penalty 0.0404, loss 1.7040
Epoch 6, Batch 281/631, Lx 1.4456, Lu 0.0532, Penalty 0.0482, loss 1.5470
Epoch 6, Batch 282/631, Lx 1.4172, Lu 0.0511, Penalty 0.0313, loss 1.4996
Epoch 6, Batch 283/631, Lx 1.5123, Lu 0.0599, Penalty 0.0243, loss 1.5966
Epoch 6, Batch 284/631, Lx 1.2685, Lu 0.0495, Penalty 0.0317, loss 1.3497
Epoch 6, Batch 285/631, Lx 1.5945, Lu 0.0509, Penalty 0.0223, loss 1.6677
Epoch 6, Batch 286/631, Lx 1.5307, Lu 0.0473, Penalty 0.0225, loss 1.6005
Epoch 6, Batch 287/631, Lx 1.3930, Lu 0.0491, Penalty 0.0399, loss 1.4820
Epoch 6, Batch 288/631, Lx 1.5329, Lu 0.0532, Penalty 0.0298, loss 1.6159
Epoch 6, Batch 289/631, Lx 1.4518, Lu 0.0681, Penalty 0.0358, loss 1.5557
Epoch 6, Batch 290/631, Lx 1.7122, Lu 0.0638, Penalty 0.0432, loss 1.8192
Epoch 6, Batch 291/631, Lx 1.4460, Lu 0.0552, Penalty 0.0214, loss 1.5225
Epoch 6, Batch 292/631, Lx 1.3112, Lu 0.0621, Penalty 0.0275, loss 1.4008
Epoch 6, Batch 293/631, Lx 1.2987, Lu 0.0497, Penalty 0.0245, loss 1.3729
Epoch 6, Batch 294/631, Lx 1.4388, Lu 0.0537, Penalty 0.0549, loss 1.5474
Epoch 6, Batch 295/631, Lx 1.6082, Lu 0.0463, Penalty 0.0520, loss 1.7066
Epoch 6, Batch 296/631, Lx 1.5650, Lu 0.0564, Penalty 0.0674, loss 1.6888
Epoch 6, Batch 297/631, Lx 1.6334, Lu 0.0582, Penalty 0.0128, loss 1.7043
Epoch 6, Batch 298/631, Lx 1.4528, Lu 0.0480, Penalty 0.0101, loss 1.5110
Epoch 6, Batch 299/631, Lx 1.5421, Lu 0.0570, Penalty 0.0496, loss 1.6487
Epoch 6, Batch 300/631, Lx 1.4899, Lu 0.0482, Penalty 0.0632, loss 1.6013
Epoch 6, Batch 301/631, Lx 1.4802, Lu 0.0523, Penalty 0.0426, loss 1.5751
Epoch 6, Batch 302/631, Lx 1.4232, Lu 0.0742, Penalty 0.0451, loss 1.5425
Epoch 6, Batch 303/631, Lx 1.3767, Lu 0.0519, Penalty 0.0559, loss 1.4844
Epoch 6, Batch 304/631, Lx 1.6567, Lu 0.0634, Penalty 0.0374, loss 1.7575
Epoch 6, Batch 305/631, Lx 1.4772, Lu 0.0597, Penalty 0.1225, loss 1.6594
Epoch 6, Batch 306/631, Lx 1.6774, Lu 0.0615, Penalty 0.0213, loss 1.7603
Epoch 6, Batch 307/631, Lx 1.4690, Lu 0.0602, Penalty 0.0180, loss 1.5472
Epoch 6, Batch 308/631, Lx 1.6052, Lu 0.0642, Penalty 0.0554, loss 1.7248
Epoch 6, Batch 309/631, Lx 1.5775, Lu 0.0695, Penalty 0.0482, loss 1.6953
Epoch 6, Batch 310/631, Lx 1.5091, Lu 0.0617, Penalty 0.0267, loss 1.5975
Epoch 6, Batch 311/631, Lx 1.5273, Lu 0.0695, Penalty 0.0077, loss 1.6044
Epoch 6, Batch 312/631, Lx 1.5875, Lu 0.0579, Penalty 0.0268, loss 1.6723
Epoch 6, Batch 313/631, Lx 1.6450, Lu 0.0572, Penalty 0.0444, loss 1.7466
Epoch 6, Batch 314/631, Lx 1.3709, Lu 0.0669, Penalty 0.0269, loss 1.4648
Epoch 6, Batch 315/631, Lx 1.7098, Lu 0.0827, Penalty 0.0263, loss 1.8188
Epoch 6, Batch 316/631, Lx 1.3214, Lu 0.0389, Penalty 0.0237, loss 1.3840
Epoch 6, Batch 317/631, Lx 1.6974, Lu 0.0568, Penalty 0.0784, loss 1.8325
Epoch 6, Batch 318/631, Lx 1.5022, Lu 0.0558, Penalty 0.1058, loss 1.6638
Epoch 6, Batch 319/631, Lx 1.4171, Lu 0.0461, Penalty 0.0383, loss 1.5016
Epoch 6, Batch 320/631, Lx 1.5688, Lu 0.0458, Penalty 0.0498, loss 1.6644
Epoch 6, Batch 321/631, Lx 1.5673, Lu 0.0645, Penalty 0.0589, loss 1.6907
Epoch 6, Batch 322/631, Lx 1.5660, Lu 0.0628, Penalty 0.0206, loss 1.6495
Epoch 6, Batch 323/631, Lx 1.7406, Lu 0.0450, Penalty 0.0147, loss 1.8002
Epoch 6, Batch 324/631, Lx 1.6377, Lu 0.0506, Penalty 0.0475, loss 1.7359
Epoch 6, Batch 325/631, Lx 1.5756, Lu 0.0577, Penalty 0.0457, loss 1.6790
Epoch 6, Batch 326/631, Lx 1.1442, Lu 0.0357, Penalty 0.0709, loss 1.2507
Epoch 6, Batch 327/631, Lx 1.4478, Lu 0.0446, Penalty 0.0327, loss 1.5250
Epoch 6, Batch 328/631, Lx 1.5530, Lu 0.0570, Penalty 0.0192, loss 1.6291
Epoch 6, Batch 329/631, Lx 1.2792, Lu 0.0443, Penalty 0.0351, loss 1.3586
Epoch 6, Batch 330/631, Lx 1.6500, Lu 0.0653, Penalty 0.0535, loss 1.7688
Epoch 6, Batch 331/631, Lx 1.5724, Lu 0.0553, Penalty 0.0761, loss 1.7038
Epoch 6, Batch 332/631, Lx 1.4191, Lu 0.0399, Penalty 0.0252, loss 1.4841
Epoch 6, Batch 333/631, Lx 1.5248, Lu 0.0436, Penalty 0.0642, loss 1.6326
Epoch 6, Batch 334/631, Lx 1.2043, Lu 0.0580, Penalty 0.0331, loss 1.2953
Epoch 6, Batch 335/631, Lx 1.3669, Lu 0.0526, Penalty 0.1077, loss 1.5273
Epoch 6, Batch 336/631, Lx 1.5141, Lu 0.0454, Penalty 0.0413, loss 1.6008
Epoch 6, Batch 337/631, Lx 1.5848, Lu 0.0518, Penalty 0.0238, loss 1.6604
Epoch 6, Batch 338/631, Lx 1.3677, Lu 0.0599, Penalty 0.0493, loss 1.4769
Epoch 6, Batch 339/631, Lx 1.4360, Lu 0.0677, Penalty 0.0755, loss 1.5791
Epoch 6, Batch 340/631, Lx 1.6369, Lu 0.0594, Penalty 0.0360, loss 1.7324
Epoch 6, Batch 341/631, Lx 1.5772, Lu 0.0593, Penalty 0.0171, loss 1.6535
Epoch 6, Batch 342/631, Lx 1.4631, Lu 0.0559, Penalty 0.0269, loss 1.5459
Epoch 6, Batch 343/631, Lx 1.3607, Lu 0.0487, Penalty 0.0362, loss 1.4456
Epoch 6, Batch 344/631, Lx 1.4461, Lu 0.0502, Penalty 0.0510, loss 1.5473
Epoch 6, Batch 345/631, Lx 1.6058, Lu 0.0611, Penalty 0.0291, loss 1.6960
Epoch 6, Batch 346/631, Lx 1.6745, Lu 0.0665, Penalty 0.0280, loss 1.7689
Epoch 6, Batch 347/631, Lx 1.6177, Lu 0.0688, Penalty 0.0271, loss 1.7137
Epoch 6, Batch 348/631, Lx 1.4258, Lu 0.0578, Penalty 0.0437, loss 1.5273
Epoch 6, Batch 349/631, Lx 1.5791, Lu 0.0547, Penalty 0.0368, loss 1.6707
Epoch 6, Batch 350/631, Lx 1.3262, Lu 0.0500, Penalty 0.0228, loss 1.3990
Epoch 6, Batch 351/631, Lx 1.3993, Lu 0.0554, Penalty 0.0772, loss 1.5318
Epoch 6, Batch 352/631, Lx 1.2520, Lu 0.0493, Penalty 0.0487, loss 1.3500
Epoch 6, Batch 353/631, Lx 1.4273, Lu 0.0446, Penalty 0.0181, loss 1.4900
Epoch 6, Batch 354/631, Lx 1.2381, Lu 0.0457, Penalty 0.0617, loss 1.3454
Epoch 6, Batch 355/631, Lx 1.3023, Lu 0.0462, Penalty 0.0542, loss 1.4027
Epoch 6, Batch 356/631, Lx 1.4747, Lu 0.0394, Penalty 0.0394, loss 1.5534
Epoch 6, Batch 357/631, Lx 1.6557, Lu 0.0739, Penalty 0.0277, loss 1.7572
Epoch 6, Batch 358/631, Lx 1.4970, Lu 0.0535, Penalty 0.0595, loss 1.6100
Epoch 6, Batch 359/631, Lx 1.6058, Lu 0.0473, Penalty 0.0267, loss 1.6798
Epoch 6, Batch 360/631, Lx 1.1575, Lu 0.0572, Penalty 0.0598, loss 1.2745
Epoch 6, Batch 361/631, Lx 1.7242, Lu 0.0577, Penalty 0.0599, loss 1.8419
Epoch 6, Batch 362/631, Lx 1.5345, Lu 0.0517, Penalty 0.0376, loss 1.6238
Epoch 6, Batch 363/631, Lx 1.5455, Lu 0.0499, Penalty 0.0444, loss 1.6398
Epoch 6, Batch 364/631, Lx 1.5517, Lu 0.0512, Penalty 0.0273, loss 1.6302
Epoch 6, Batch 365/631, Lx 1.5058, Lu 0.0625, Penalty 0.0374, loss 1.6058
Epoch 6, Batch 366/631, Lx 1.2004, Lu 0.0440, Penalty 0.0510, loss 1.2954
Epoch 6, Batch 367/631, Lx 1.3486, Lu 0.0459, Penalty 0.0439, loss 1.4385
Epoch 6, Batch 368/631, Lx 1.6120, Lu 0.0620, Penalty 0.0596, loss 1.7336
Epoch 6, Batch 369/631, Lx 1.4407, Lu 0.0438, Penalty 0.0523, loss 1.5367
Epoch 6, Batch 370/631, Lx 1.6017, Lu 0.0621, Penalty 0.0407, loss 1.7044
Epoch 6, Batch 371/631, Lx 1.5849, Lu 0.0535, Penalty 0.0454, loss 1.6838
Epoch 6, Batch 372/631, Lx 1.3291, Lu 0.0410, Penalty 0.0456, loss 1.4157
Epoch 6, Batch 373/631, Lx 1.8480, Lu 0.0470, Penalty 0.0353, loss 1.9302
Epoch 6, Batch 374/631, Lx 1.5997, Lu 0.0631, Penalty 0.0205, loss 1.6833
Epoch 6, Batch 375/631, Lx 1.4645, Lu 0.0560, Penalty 0.0288, loss 1.5493
Epoch 6, Batch 376/631, Lx 1.4655, Lu 0.0482, Penalty 0.0151, loss 1.5288
Epoch 6, Batch 377/631, Lx 1.3766, Lu 0.0418, Penalty 0.0775, loss 1.4959
Epoch 6, Batch 378/631, Lx 1.5221, Lu 0.0495, Penalty 0.0328, loss 1.6044
Epoch 6, Batch 379/631, Lx 1.4879, Lu 0.0668, Penalty 0.0330, loss 1.5877
Epoch 6, Batch 380/631, Lx 1.4983, Lu 0.0470, Penalty 0.0125, loss 1.5578
Epoch 6, Batch 381/631, Lx 1.5056, Lu 0.0596, Penalty 0.0370, loss 1.6022
Epoch 6, Batch 382/631, Lx 1.5093, Lu 0.0468, Penalty 0.0373, loss 1.5934
Epoch 6, Batch 383/631, Lx 1.6209, Lu 0.0570, Penalty 0.0152, loss 1.6931
Epoch 6, Batch 384/631, Lx 1.4254, Lu 0.0483, Penalty 0.0192, loss 1.4928
Epoch 6, Batch 385/631, Lx 1.5243, Lu 0.0679, Penalty 0.0552, loss 1.6474
Epoch 6, Batch 386/631, Lx 1.6287, Lu 0.0633, Penalty 0.0295, loss 1.7215
Epoch 6, Batch 387/631, Lx 1.2777, Lu 0.0422, Penalty 0.0552, loss 1.3751
Epoch 6, Batch 388/631, Lx 1.4663, Lu 0.0666, Penalty 0.0317, loss 1.5647
Epoch 6, Batch 389/631, Lx 1.6152, Lu 0.0660, Penalty 0.0136, loss 1.6948
Epoch 6, Batch 390/631, Lx 1.3896, Lu 0.0483, Penalty 0.0686, loss 1.5064
Epoch 6, Batch 391/631, Lx 1.2906, Lu 0.0433, Penalty 0.0403, loss 1.3742
Epoch 6, Batch 392/631, Lx 1.5370, Lu 0.0525, Penalty 0.0242, loss 1.6136
Epoch 6, Batch 393/631, Lx 1.3711, Lu 0.0497, Penalty 0.0829, loss 1.5037
Epoch 6, Batch 394/631, Lx 1.6996, Lu 0.0683, Penalty 0.0518, loss 1.8196
Epoch 6, Batch 395/631, Lx 1.6605, Lu 0.0504, Penalty 0.0932, loss 1.8042
Epoch 6, Batch 396/631, Lx 1.4470, Lu 0.0578, Penalty 0.0185, loss 1.5234
Epoch 6, Batch 397/631, Lx 1.4420, Lu 0.0453, Penalty 0.0363, loss 1.5235
Epoch 6, Batch 398/631, Lx 1.4698, Lu 0.0419, Penalty 0.0921, loss 1.6038
Epoch 6, Batch 399/631, Lx 1.6593, Lu 0.0618, Penalty 0.0423, loss 1.7635
Epoch 6, Batch 400/631, Lx 1.2212, Lu 0.0459, Penalty 0.0260, loss 1.2931
Epoch 6, Batch 401/631, Lx 1.2668, Lu 0.0551, Penalty 0.0236, loss 1.3455
Epoch 6, Batch 402/631, Lx 1.5132, Lu 0.0434, Penalty 0.0235, loss 1.5801
Epoch 6, Batch 403/631, Lx 1.4302, Lu 0.0470, Penalty 0.0371, loss 1.5142
Epoch 6, Batch 404/631, Lx 1.5528, Lu 0.0652, Penalty 0.0535, loss 1.6715
Epoch 6, Batch 405/631, Lx 1.3373, Lu 0.0388, Penalty 0.0209, loss 1.3969
Epoch 6, Batch 406/631, Lx 1.4260, Lu 0.0674, Penalty 0.0569, loss 1.5503
Epoch 6, Batch 407/631, Lx 1.3877, Lu 0.0571, Penalty 0.0461, loss 1.4909
Epoch 6, Batch 408/631, Lx 1.6087, Lu 0.0686, Penalty 0.0744, loss 1.7516
Epoch 6, Batch 409/631, Lx 1.4972, Lu 0.0613, Penalty 0.0942, loss 1.6527
Epoch 6, Batch 410/631, Lx 1.7101, Lu 0.0672, Penalty 0.0563, loss 1.8337
Epoch 6, Batch 411/631, Lx 1.5360, Lu 0.0426, Penalty 0.0703, loss 1.6489
Epoch 6, Batch 412/631, Lx 1.2859, Lu 0.0516, Penalty 0.0275, loss 1.3650
Epoch 6, Batch 413/631, Lx 1.4651, Lu 0.0528, Penalty 0.0460, loss 1.5639
Epoch 6, Batch 414/631, Lx 1.5776, Lu 0.0583, Penalty 0.0528, loss 1.6887
Epoch 6, Batch 415/631, Lx 1.5474, Lu 0.0425, Penalty 0.0461, loss 1.6360
Epoch 6, Batch 416/631, Lx 1.4752, Lu 0.0427, Penalty 0.0242, loss 1.5420
Epoch 6, Batch 417/631, Lx 1.5383, Lu 0.0611, Penalty 0.0704, loss 1.6699
Epoch 6, Batch 418/631, Lx 1.4469, Lu 0.0601, Penalty 0.0624, loss 1.5694
Epoch 6, Batch 419/631, Lx 1.4180, Lu 0.0638, Penalty 0.0435, loss 1.5254
Epoch 6, Batch 420/631, Lx 1.4066, Lu 0.0401, Penalty 0.0194, loss 1.4661
Epoch 6, Batch 421/631, Lx 1.3498, Lu 0.0461, Penalty 0.0886, loss 1.4845
Epoch 6, Batch 422/631, Lx 1.5698, Lu 0.0524, Penalty 0.0134, loss 1.6355
Epoch 6, Batch 423/631, Lx 1.5228, Lu 0.0670, Penalty 0.0245, loss 1.6143
Epoch 6, Batch 424/631, Lx 1.6868, Lu 0.0394, Penalty 0.0260, loss 1.7522
Epoch 6, Batch 425/631, Lx 1.5524, Lu 0.0514, Penalty 0.0396, loss 1.6434
Epoch 6, Batch 426/631, Lx 1.4664, Lu 0.0530, Penalty 0.0271, loss 1.5465
Epoch 6, Batch 427/631, Lx 1.6277, Lu 0.0625, Penalty 0.0333, loss 1.7235
Epoch 6, Batch 428/631, Lx 1.6480, Lu 0.0608, Penalty 0.0545, loss 1.7633
Epoch 6, Batch 429/631, Lx 1.4569, Lu 0.0544, Penalty 0.0531, loss 1.5644
Epoch 6, Batch 430/631, Lx 1.4831, Lu 0.0604, Penalty 0.0490, loss 1.5926
Epoch 6, Batch 431/631, Lx 1.5182, Lu 0.0524, Penalty 0.0435, loss 1.6141
Epoch 6, Batch 432/631, Lx 1.4878, Lu 0.0630, Penalty 0.0894, loss 1.6403
Epoch 6, Batch 433/631, Lx 1.4496, Lu 0.0430, Penalty 0.0669, loss 1.5595
Epoch 6, Batch 434/631, Lx 1.4838, Lu 0.0543, Penalty 0.0787, loss 1.6168
Epoch 6, Batch 435/631, Lx 1.7321, Lu 0.0587, Penalty 0.0248, loss 1.8156
Epoch 6, Batch 436/631, Lx 1.5710, Lu 0.0547, Penalty 0.0480, loss 1.6736
Epoch 6, Batch 437/631, Lx 1.4398, Lu 0.0446, Penalty 0.0165, loss 1.5009
Epoch 6, Batch 438/631, Lx 1.4854, Lu 0.0583, Penalty 0.0567, loss 1.6005
Epoch 6, Batch 439/631, Lx 1.5090, Lu 0.0505, Penalty 0.0368, loss 1.5963
Epoch 6, Batch 440/631, Lx 1.5803, Lu 0.0481, Penalty 0.0085, loss 1.6369
Epoch 6, Batch 441/631, Lx 1.3702, Lu 0.0506, Penalty 0.0436, loss 1.4643
Epoch 6, Batch 442/631, Lx 1.4040, Lu 0.0447, Penalty 0.0450, loss 1.4937
Epoch 6, Batch 443/631, Lx 1.5768, Lu 0.0616, Penalty 0.0476, loss 1.6860
Epoch 6, Batch 444/631, Lx 1.5227, Lu 0.0520, Penalty 0.0450, loss 1.6197
Epoch 6, Batch 445/631, Lx 1.3965, Lu 0.0520, Penalty 0.0226, loss 1.4710
Epoch 6, Batch 446/631, Lx 1.6098, Lu 0.0446, Penalty 0.0126, loss 1.6670
Epoch 6, Batch 447/631, Lx 1.3579, Lu 0.0496, Penalty 0.0297, loss 1.4372
Epoch 6, Batch 448/631, Lx 1.5100, Lu 0.0616, Penalty 0.0148, loss 1.5864
Epoch 6, Batch 449/631, Lx 1.5293, Lu 0.0472, Penalty 0.0636, loss 1.6401
Epoch 6, Batch 450/631, Lx 1.5654, Lu 0.0531, Penalty 0.0398, loss 1.6583
Epoch 6, Batch 451/631, Lx 1.4477, Lu 0.0421, Penalty 0.0236, loss 1.5134
Epoch 6, Batch 452/631, Lx 1.5421, Lu 0.0606, Penalty 0.0374, loss 1.6401
Epoch 6, Batch 453/631, Lx 1.5210, Lu 0.0502, Penalty 0.0291, loss 1.6002
Epoch 6, Batch 454/631, Lx 1.2476, Lu 0.0347, Penalty 0.1183, loss 1.4006
Epoch 6, Batch 455/631, Lx 1.5542, Lu 0.0470, Penalty 0.0518, loss 1.6530
Epoch 6, Batch 456/631, Lx 1.1931, Lu 0.0374, Penalty 0.0511, loss 1.2816
Epoch 6, Batch 457/631, Lx 1.4076, Lu 0.0618, Penalty 0.0108, loss 1.4803
Epoch 6, Batch 458/631, Lx 1.3593, Lu 0.0644, Penalty 0.0336, loss 1.4573
Epoch 6, Batch 459/631, Lx 1.5731, Lu 0.0547, Penalty 0.0444, loss 1.6722
Epoch 6, Batch 460/631, Lx 1.5371, Lu 0.0545, Penalty 0.0682, loss 1.6597
Epoch 6, Batch 461/631, Lx 1.6142, Lu 0.0543, Penalty 0.0510, loss 1.7195
Epoch 6, Batch 462/631, Lx 1.5614, Lu 0.0441, Penalty 0.0154, loss 1.6209
Epoch 6, Batch 463/631, Lx 1.4537, Lu 0.0508, Penalty 0.0382, loss 1.5427
Epoch 6, Batch 464/631, Lx 1.4947, Lu 0.0627, Penalty 0.0199, loss 1.5773
Epoch 6, Batch 465/631, Lx 1.3048, Lu 0.0401, Penalty 0.0419, loss 1.3868
Epoch 6, Batch 466/631, Lx 1.3201, Lu 0.0529, Penalty 0.0340, loss 1.4069
Epoch 6, Batch 467/631, Lx 1.4554, Lu 0.0454, Penalty 0.0207, loss 1.5215
Epoch 6, Batch 468/631, Lx 1.5621, Lu 0.0637, Penalty 0.0431, loss 1.6689
Epoch 6, Batch 469/631, Lx 1.3974, Lu 0.0398, Penalty 0.0773, loss 1.5146
Epoch 6, Batch 470/631, Lx 1.4623, Lu 0.0653, Penalty 0.0622, loss 1.5899
Epoch 6, Batch 471/631, Lx 1.4607, Lu 0.0530, Penalty 0.0421, loss 1.5558
Epoch 6, Batch 472/631, Lx 1.4412, Lu 0.0655, Penalty 0.0361, loss 1.5428
Epoch 6, Batch 473/631, Lx 1.4461, Lu 0.0497, Penalty 0.0633, loss 1.5591
Epoch 6, Batch 474/631, Lx 1.5585, Lu 0.0535, Penalty 0.0374, loss 1.6494
Epoch 6, Batch 475/631, Lx 1.5415, Lu 0.0657, Penalty 0.0330, loss 1.6402
Epoch 6, Batch 476/631, Lx 1.5823, Lu 0.0463, Penalty 0.0462, loss 1.6748
Epoch 6, Batch 477/631, Lx 1.4690, Lu 0.0399, Penalty 0.0725, loss 1.5815
Epoch 6, Batch 478/631, Lx 1.5754, Lu 0.0505, Penalty 0.0591, loss 1.6849
Epoch 6, Batch 479/631, Lx 1.4972, Lu 0.0519, Penalty 0.0396, loss 1.5888
Epoch 6, Batch 480/631, Lx 1.5188, Lu 0.0683, Penalty 0.0340, loss 1.6211
Epoch 6, Batch 481/631, Lx 1.5375, Lu 0.0529, Penalty 0.0722, loss 1.6626
Epoch 6, Batch 482/631, Lx 1.6649, Lu 0.0490, Penalty 0.0383, loss 1.7522
Epoch 6, Batch 483/631, Lx 1.1932, Lu 0.0430, Penalty 0.0339, loss 1.2702
Epoch 6, Batch 484/631, Lx 1.4370, Lu 0.0441, Penalty 0.1135, loss 1.5946
Epoch 6, Batch 485/631, Lx 1.6232, Lu 0.0495, Penalty 0.0357, loss 1.7084
Epoch 6, Batch 486/631, Lx 1.5926, Lu 0.0503, Penalty 0.0213, loss 1.6642
Epoch 6, Batch 487/631, Lx 1.3614, Lu 0.0451, Penalty 0.0974, loss 1.5039
Epoch 6, Batch 488/631, Lx 1.6007, Lu 0.0516, Penalty 0.0342, loss 1.6865
Epoch 6, Batch 489/631, Lx 1.3573, Lu 0.0436, Penalty 0.0283, loss 1.4292
Epoch 6, Batch 490/631, Lx 1.3872, Lu 0.0576, Penalty 0.0863, loss 1.5311
Epoch 6, Batch 491/631, Lx 1.6100, Lu 0.0737, Penalty 0.0215, loss 1.7052
Epoch 6, Batch 492/631, Lx 1.4471, Lu 0.0479, Penalty 0.0681, loss 1.5631
Epoch 6, Batch 493/631, Lx 1.3984, Lu 0.0400, Penalty 0.0125, loss 1.4510
Epoch 6, Batch 494/631, Lx 1.3718, Lu 0.0308, Penalty 0.0379, loss 1.4404
Epoch 6, Batch 495/631, Lx 1.5442, Lu 0.0419, Penalty 0.0271, loss 1.6132
Epoch 6, Batch 496/631, Lx 1.4380, Lu 0.0430, Penalty 0.0563, loss 1.5373
Epoch 6, Batch 497/631, Lx 1.6097, Lu 0.0531, Penalty 0.0378, loss 1.7006
Epoch 6, Batch 498/631, Lx 1.5460, Lu 0.0473, Penalty 0.0144, loss 1.6076
Epoch 6, Batch 499/631, Lx 1.5854, Lu 0.0438, Penalty 0.0409, loss 1.6701
Epoch 6, Batch 500/631, Lx 1.5049, Lu 0.0525, Penalty 0.0379, loss 1.5952
Epoch 6, Batch 501/631, Lx 1.4108, Lu 0.0513, Penalty 0.0753, loss 1.5374
Epoch 6, Batch 502/631, Lx 1.3970, Lu 0.0502, Penalty 0.0195, loss 1.4667
Epoch 6, Batch 503/631, Lx 1.5395, Lu 0.0606, Penalty 0.0511, loss 1.6511
Epoch 6, Batch 504/631, Lx 1.3727, Lu 0.0600, Penalty 0.0393, loss 1.4721
Epoch 6, Batch 505/631, Lx 1.4265, Lu 0.0497, Penalty 0.0137, loss 1.4899
Epoch 6, Batch 506/631, Lx 1.4992, Lu 0.0483, Penalty 0.0312, loss 1.5787
Epoch 6, Batch 507/631, Lx 1.4694, Lu 0.0745, Penalty 0.0535, loss 1.5974
Epoch 6, Batch 508/631, Lx 1.0864, Lu 0.0390, Penalty 0.0672, loss 1.1927
Epoch 6, Batch 509/631, Lx 1.5360, Lu 0.0529, Penalty 0.0229, loss 1.6118
Epoch 6, Batch 510/631, Lx 1.5945, Lu 0.0685, Penalty 0.0158, loss 1.6788
Epoch 6, Batch 511/631, Lx 1.4659, Lu 0.0583, Penalty 0.0574, loss 1.5816
Epoch 6, Batch 512/631, Lx 1.1949, Lu 0.0659, Penalty 0.0429, loss 1.3036
Epoch 6, Batch 513/631, Lx 1.4026, Lu 0.0522, Penalty 0.0538, loss 1.5085
Epoch 6, Batch 514/631, Lx 1.5568, Lu 0.0542, Penalty 0.0356, loss 1.6466
Epoch 6, Batch 515/631, Lx 1.5139, Lu 0.0579, Penalty 0.0674, loss 1.6391
Epoch 6, Batch 516/631, Lx 1.6249, Lu 0.0577, Penalty 0.0792, loss 1.7618
Epoch 6, Batch 517/631, Lx 1.5334, Lu 0.0542, Penalty 0.0604, loss 1.6480
Epoch 6, Batch 518/631, Lx 1.4301, Lu 0.0500, Penalty 0.0212, loss 1.5013
Epoch 6, Batch 519/631, Lx 1.7450, Lu 0.0553, Penalty 0.0743, loss 1.8746
Epoch 6, Batch 520/631, Lx 1.3443, Lu 0.0513, Penalty 0.0317, loss 1.4273
Epoch 6, Batch 521/631, Lx 1.4103, Lu 0.0473, Penalty 0.0364, loss 1.4940
Epoch 6, Batch 522/631, Lx 1.7231, Lu 0.0722, Penalty 0.0420, loss 1.8373
Epoch 6, Batch 523/631, Lx 1.6208, Lu 0.0567, Penalty 0.0141, loss 1.6916
Epoch 6, Batch 524/631, Lx 1.5100, Lu 0.0519, Penalty 0.0262, loss 1.5881
Epoch 6, Batch 525/631, Lx 1.5798, Lu 0.0480, Penalty 0.0429, loss 1.6706
Epoch 6, Batch 526/631, Lx 1.5911, Lu 0.0784, Penalty 0.0817, loss 1.7512
Epoch 6, Batch 527/631, Lx 1.4834, Lu 0.0460, Penalty 0.0224, loss 1.5518
Epoch 6, Batch 528/631, Lx 1.4506, Lu 0.0593, Penalty 0.0674, loss 1.5773
Epoch 6, Batch 529/631, Lx 1.4019, Lu 0.0470, Penalty 0.0211, loss 1.4700
Epoch 6, Batch 530/631, Lx 1.6256, Lu 0.0531, Penalty 0.0212, loss 1.7000
Epoch 6, Batch 531/631, Lx 1.6171, Lu 0.0529, Penalty 0.0539, loss 1.7239
Epoch 6, Batch 532/631, Lx 1.4613, Lu 0.0478, Penalty 0.0412, loss 1.5504
Epoch 6, Batch 533/631, Lx 1.6380, Lu 0.0561, Penalty 0.0320, loss 1.7260
Epoch 6, Batch 534/631, Lx 1.4551, Lu 0.0660, Penalty 0.0239, loss 1.5450
Epoch 6, Batch 535/631, Lx 1.4185, Lu 0.0424, Penalty 0.0466, loss 1.5076
Epoch 6, Batch 536/631, Lx 1.4899, Lu 0.0618, Penalty 0.0724, loss 1.6241
Epoch 6, Batch 537/631, Lx 1.5509, Lu 0.0637, Penalty 0.0637, loss 1.6782
Epoch 6, Batch 538/631, Lx 1.5380, Lu 0.0364, Penalty 0.0552, loss 1.6296
Epoch 6, Batch 539/631, Lx 1.4749, Lu 0.0619, Penalty 0.0731, loss 1.6099
Epoch 6, Batch 540/631, Lx 1.3366, Lu 0.0494, Penalty 0.0792, loss 1.4652
Epoch 6, Batch 541/631, Lx 1.3872, Lu 0.0467, Penalty 0.0725, loss 1.5064
Epoch 6, Batch 542/631, Lx 1.4994, Lu 0.0478, Penalty 0.0244, loss 1.5716
Epoch 6, Batch 543/631, Lx 1.6011, Lu 0.0689, Penalty 0.0420, loss 1.7120
Epoch 6, Batch 544/631, Lx 1.6175, Lu 0.0383, Penalty 0.0666, loss 1.7224
Epoch 6, Batch 545/631, Lx 1.4941, Lu 0.0534, Penalty 0.0584, loss 1.6060
Epoch 6, Batch 546/631, Lx 1.3149, Lu 0.0533, Penalty 0.0596, loss 1.4277
Epoch 6, Batch 547/631, Lx 1.4845, Lu 0.0558, Penalty 0.0451, loss 1.5855
Epoch 6, Batch 548/631, Lx 1.7639, Lu 0.0590, Penalty 0.0712, loss 1.8940
Epoch 6, Batch 549/631, Lx 1.2180, Lu 0.0528, Penalty 0.0398, loss 1.3107
Epoch 6, Batch 550/631, Lx 1.4105, Lu 0.0490, Penalty 0.0407, loss 1.5002
Epoch 6, Batch 551/631, Lx 1.4685, Lu 0.0557, Penalty 0.0634, loss 1.5876
Epoch 6, Batch 552/631, Lx 1.2721, Lu 0.0436, Penalty 0.0561, loss 1.3719
Epoch 6, Batch 553/631, Lx 1.5292, Lu 0.0607, Penalty 0.0245, loss 1.6143
Epoch 6, Batch 554/631, Lx 1.8012, Lu 0.0552, Penalty 0.0196, loss 1.8760
Epoch 6, Batch 555/631, Lx 1.5382, Lu 0.0637, Penalty 0.0251, loss 1.6269
Epoch 6, Batch 556/631, Lx 1.4716, Lu 0.0445, Penalty 0.0383, loss 1.5544
Epoch 6, Batch 557/631, Lx 1.6529, Lu 0.0591, Penalty 0.0294, loss 1.7415
Epoch 6, Batch 558/631, Lx 1.5338, Lu 0.0497, Penalty 0.0409, loss 1.6244
Epoch 6, Batch 559/631, Lx 1.4281, Lu 0.0482, Penalty 0.0416, loss 1.5179
Epoch 6, Batch 560/631, Lx 1.5565, Lu 0.0522, Penalty 0.0596, loss 1.6683
Epoch 6, Batch 561/631, Lx 1.5900, Lu 0.0474, Penalty 0.0460, loss 1.6835
Epoch 6, Batch 562/631, Lx 1.4053, Lu 0.0530, Penalty 0.0422, loss 1.5005
Epoch 6, Batch 563/631, Lx 1.4789, Lu 0.0596, Penalty 0.0335, loss 1.5720
Epoch 6, Batch 564/631, Lx 1.4352, Lu 0.0395, Penalty 0.0394, loss 1.5141
Epoch 6, Batch 565/631, Lx 1.5737, Lu 0.0387, Penalty 0.0353, loss 1.6477
Epoch 6, Batch 566/631, Lx 1.4827, Lu 0.0560, Penalty 0.0518, loss 1.5904
Epoch 6, Batch 567/631, Lx 1.3838, Lu 0.0516, Penalty 0.0550, loss 1.4905
Epoch 6, Batch 568/631, Lx 1.3761, Lu 0.0485, Penalty 0.0771, loss 1.5017
Epoch 6, Batch 569/631, Lx 1.6227, Lu 0.0397, Penalty 0.0527, loss 1.7151
Epoch 6, Batch 570/631, Lx 1.6831, Lu 0.0647, Penalty 0.0524, loss 1.8002
Epoch 6, Batch 571/631, Lx 1.3465, Lu 0.0425, Penalty 0.0133, loss 1.4023
Epoch 6, Batch 572/631, Lx 1.5330, Lu 0.0510, Penalty 0.0423, loss 1.6264
Epoch 6, Batch 573/631, Lx 1.3311, Lu 0.0434, Penalty 0.0587, loss 1.4332
Epoch 6, Batch 574/631, Lx 1.4010, Lu 0.0421, Penalty 0.0406, loss 1.4837
Epoch 6, Batch 575/631, Lx 1.5676, Lu 0.0504, Penalty 0.0178, loss 1.6358
Epoch 6, Batch 576/631, Lx 1.4947, Lu 0.0605, Penalty 0.0132, loss 1.5684
Epoch 6, Batch 577/631, Lx 1.6915, Lu 0.0541, Penalty 0.0270, loss 1.7725
Epoch 6, Batch 578/631, Lx 1.3651, Lu 0.0564, Penalty 0.0424, loss 1.4639
Epoch 6, Batch 579/631, Lx 1.4864, Lu 0.0528, Penalty 0.0454, loss 1.5847
Epoch 6, Batch 580/631, Lx 1.7993, Lu 0.0751, Penalty 0.0226, loss 1.8969
Epoch 6, Batch 581/631, Lx 1.5606, Lu 0.0674, Penalty 0.0135, loss 1.6416
Epoch 6, Batch 582/631, Lx 1.5206, Lu 0.0443, Penalty 0.0294, loss 1.5944
Epoch 6, Batch 583/631, Lx 1.4403, Lu 0.0469, Penalty 0.0245, loss 1.5117
Epoch 6, Batch 584/631, Lx 1.4068, Lu 0.0463, Penalty 0.0325, loss 1.4856
Epoch 6, Batch 585/631, Lx 1.4979, Lu 0.0470, Penalty 0.0362, loss 1.5811
Epoch 6, Batch 586/631, Lx 1.5964, Lu 0.0462, Penalty 0.0218, loss 1.6644
Epoch 6, Batch 587/631, Lx 1.4208, Lu 0.0434, Penalty 0.0315, loss 1.4957
Epoch 6, Batch 588/631, Lx 1.5558, Lu 0.0518, Penalty 0.0375, loss 1.6450
Epoch 6, Batch 589/631, Lx 1.4212, Lu 0.0506, Penalty 0.0599, loss 1.5317
Epoch 6, Batch 590/631, Lx 1.5762, Lu 0.0545, Penalty 0.0902, loss 1.7209
Epoch 6, Batch 591/631, Lx 1.4078, Lu 0.0504, Penalty 0.0475, loss 1.5057
Epoch 6, Batch 592/631, Lx 1.5696, Lu 0.0664, Penalty 0.0750, loss 1.7110
Epoch 6, Batch 593/631, Lx 1.7036, Lu 0.0589, Penalty 0.0557, loss 1.8181
Epoch 6, Batch 594/631, Lx 1.3889, Lu 0.0347, Penalty 0.0377, loss 1.4613
Epoch 6, Batch 595/631, Lx 1.4450, Lu 0.0387, Penalty 0.0265, loss 1.5102
Epoch 6, Batch 596/631, Lx 1.5529, Lu 0.0497, Penalty 0.0768, loss 1.6795
Epoch 6, Batch 597/631, Lx 1.4644, Lu 0.0513, Penalty 0.0925, loss 1.6081
Epoch 6, Batch 598/631, Lx 1.6681, Lu 0.0586, Penalty 0.0486, loss 1.7753
Epoch 6, Batch 599/631, Lx 1.4836, Lu 0.0580, Penalty 0.0327, loss 1.5742
Epoch 6, Batch 600/631, Lx 1.5907, Lu 0.0497, Penalty 0.0420, loss 1.6823
Epoch 6, Batch 601/631, Lx 1.6347, Lu 0.0645, Penalty 0.0148, loss 1.7140
Epoch 6, Batch 602/631, Lx 1.4741, Lu 0.0532, Penalty 0.0418, loss 1.5691
Epoch 6, Batch 603/631, Lx 1.6040, Lu 0.0653, Penalty 0.0289, loss 1.6981
Epoch 6, Batch 604/631, Lx 1.3884, Lu 0.0440, Penalty 0.0325, loss 1.4649
Epoch 6, Batch 605/631, Lx 1.5063, Lu 0.0485, Penalty 0.0335, loss 1.5883
Epoch 6, Batch 606/631, Lx 1.3130, Lu 0.0459, Penalty 0.0211, loss 1.3800
Epoch 6, Batch 607/631, Lx 1.5536, Lu 0.0401, Penalty 0.0198, loss 1.6136
Epoch 6, Batch 608/631, Lx 1.3620, Lu 0.0463, Penalty 0.0486, loss 1.4570
Epoch 6, Batch 609/631, Lx 1.2240, Lu 0.0502, Penalty 0.0239, loss 1.2981
Epoch 6, Batch 610/631, Lx 1.6347, Lu 0.0714, Penalty 0.0148, loss 1.7209
Epoch 6, Batch 611/631, Lx 1.7436, Lu 0.0617, Penalty 0.0317, loss 1.8369
Epoch 6, Batch 612/631, Lx 1.4139, Lu 0.0496, Penalty 0.0366, loss 1.5001
Epoch 6, Batch 613/631, Lx 1.4179, Lu 0.0435, Penalty 0.0320, loss 1.4934
Epoch 6, Batch 614/631, Lx 1.4830, Lu 0.0449, Penalty 0.0653, loss 1.5932
Epoch 6, Batch 615/631, Lx 1.6466, Lu 0.0665, Penalty 0.0653, loss 1.7784
Epoch 6, Batch 616/631, Lx 1.3137, Lu 0.0398, Penalty 0.0699, loss 1.4234
Epoch 6, Batch 617/631, Lx 1.5900, Lu 0.0489, Penalty 0.0705, loss 1.7094
Epoch 6, Batch 618/631, Lx 1.4198, Lu 0.0393, Penalty 0.0158, loss 1.4749
Epoch 6, Batch 619/631, Lx 1.6005, Lu 0.0530, Penalty 0.0212, loss 1.6747
Epoch 6, Batch 620/631, Lx 1.4963, Lu 0.0394, Penalty 0.0462, loss 1.5819
Epoch 6, Batch 621/631, Lx 1.6468, Lu 0.0620, Penalty 0.0522, loss 1.7610
Epoch 6, Batch 622/631, Lx 1.4141, Lu 0.0420, Penalty 0.0342, loss 1.4903
Epoch 6, Batch 623/631, Lx 1.5215, Lu 0.0472, Penalty 0.0240, loss 1.5926
Epoch 6, Batch 624/631, Lx 1.2250, Lu 0.0560, Penalty 0.0121, loss 1.2931
Epoch 6, Batch 625/631, Lx 1.4738, Lu 0.0420, Penalty 0.0445, loss 1.5602
Epoch 6, Batch 626/631, Lx 1.6329, Lu 0.0472, Penalty 0.0219, loss 1.7020
Epoch 6, Batch 627/631, Lx 1.6476, Lu 0.0530, Penalty 0.0656, loss 1.7662
Epoch 6, Batch 628/631, Lx 1.5194, Lu 0.0506, Penalty 0.0258, loss 1.5958
Epoch 6, Batch 629/631, Lx 1.6028, Lu 0.0579, Penalty 0.0351, loss 1.6958
Epoch 6, Batch 630/631, Lx 1.5648, Lu 0.0546, Penalty 0.0378, loss 1.6572
Epoch 6, Batch 631/631, Lx 1.4541, Lu 0.0406, Penalty 0.0272, loss 1.5220
Loss: 1.6098, Lx: 1.5125, Lu: 0.0544, Penalty: 0.0429
Training for Network 2
labelled data size: 20241
unlabelled data size: 21759
Epoch 6, Batch 1/633, Lx 1.5510, Lu 0.0550, Penalty 0.0490, loss 1.6550
Epoch 6, Batch 2/633, Lx 1.5957, Lu 0.0645, Penalty 0.0651, loss 1.7253
Epoch 6, Batch 3/633, Lx 1.5561, Lu 0.0486, Penalty 0.0373, loss 1.6420
Epoch 6, Batch 4/633, Lx 1.7157, Lu 0.0546, Penalty 0.0381, loss 1.8083
Epoch 6, Batch 5/633, Lx 1.6283, Lu 0.0571, Penalty 0.1219, loss 1.8073
Epoch 6, Batch 6/633, Lx 1.5950, Lu 0.0471, Penalty 0.0334, loss 1.6756
Epoch 6, Batch 7/633, Lx 1.8151, Lu 0.0693, Penalty 0.0438, loss 1.9282
Epoch 6, Batch 8/633, Lx 1.6834, Lu 0.0663, Penalty 0.0662, loss 1.8159
Epoch 6, Batch 9/633, Lx 1.5430, Lu 0.0475, Penalty 0.0693, loss 1.6598
Epoch 6, Batch 10/633, Lx 1.7148, Lu 0.0581, Penalty 0.0723, loss 1.8452
Epoch 6, Batch 11/633, Lx 1.5316, Lu 0.0418, Penalty 0.1285, loss 1.7019
Epoch 6, Batch 12/633, Lx 1.5691, Lu 0.0700, Penalty 0.0671, loss 1.7061
Epoch 6, Batch 13/633, Lx 1.6510, Lu 0.0597, Penalty 0.0369, loss 1.7476
Epoch 6, Batch 14/633, Lx 1.6992, Lu 0.0519, Penalty 0.0434, loss 1.7945
Epoch 6, Batch 15/633, Lx 1.5944, Lu 0.0749, Penalty 0.0798, loss 1.7491
Epoch 6, Batch 16/633, Lx 1.7724, Lu 0.0749, Penalty 0.0710, loss 1.9183
Epoch 6, Batch 17/633, Lx 1.6798, Lu 0.0655, Penalty 0.0335, loss 1.7787
Epoch 6, Batch 18/633, Lx 1.5508, Lu 0.0615, Penalty 0.1105, loss 1.7227
Epoch 6, Batch 19/633, Lx 1.5985, Lu 0.0664, Penalty 0.0649, loss 1.7298
Epoch 6, Batch 20/633, Lx 1.7805, Lu 0.0502, Penalty 0.0312, loss 1.8619
Epoch 6, Batch 21/633, Lx 1.7861, Lu 0.0568, Penalty 0.0995, loss 1.9424
Epoch 6, Batch 22/633, Lx 1.7018, Lu 0.0666, Penalty 0.0899, loss 1.8582
Epoch 6, Batch 23/633, Lx 1.6940, Lu 0.0599, Penalty 0.0697, loss 1.8236
Epoch 6, Batch 24/633, Lx 1.5452, Lu 0.0378, Penalty 0.0760, loss 1.6591
Epoch 6, Batch 25/633, Lx 1.7494, Lu 0.0345, Penalty 0.0720, loss 1.8558
Epoch 6, Batch 26/633, Lx 1.6836, Lu 0.0604, Penalty 0.0609, loss 1.8050
Epoch 6, Batch 27/633, Lx 1.6839, Lu 0.0598, Penalty 0.0496, loss 1.7933
Epoch 6, Batch 28/633, Lx 1.5659, Lu 0.0701, Penalty 0.0614, loss 1.6974
Epoch 6, Batch 29/633, Lx 1.4585, Lu 0.0482, Penalty 0.0707, loss 1.5774
Epoch 6, Batch 30/633, Lx 1.7018, Lu 0.0549, Penalty 0.0490, loss 1.8056
Epoch 6, Batch 31/633, Lx 1.8195, Lu 0.0608, Penalty 0.0454, loss 1.9257
Epoch 6, Batch 32/633, Lx 1.3922, Lu 0.0305, Penalty 0.0548, loss 1.4775
Epoch 6, Batch 33/633, Lx 1.5992, Lu 0.0537, Penalty 0.0350, loss 1.6879
Epoch 6, Batch 34/633, Lx 1.5758, Lu 0.0737, Penalty 0.0564, loss 1.7059
Epoch 6, Batch 35/633, Lx 1.7922, Lu 0.0510, Penalty 0.0508, loss 1.8940
Epoch 6, Batch 36/633, Lx 1.7771, Lu 0.0545, Penalty 0.0540, loss 1.8856
Epoch 6, Batch 37/633, Lx 1.6121, Lu 0.0539, Penalty 0.0533, loss 1.7192
Epoch 6, Batch 38/633, Lx 1.6578, Lu 0.0488, Penalty 0.0659, loss 1.7725
Epoch 6, Batch 39/633, Lx 1.5435, Lu 0.0369, Penalty 0.1150, loss 1.6953
Epoch 6, Batch 40/633, Lx 1.7445, Lu 0.0641, Penalty 0.0777, loss 1.8864
Epoch 6, Batch 41/633, Lx 1.6720, Lu 0.0571, Penalty 0.1270, loss 1.8561
Epoch 6, Batch 42/633, Lx 1.4726, Lu 0.0399, Penalty 0.0660, loss 1.5785
Epoch 6, Batch 43/633, Lx 1.5397, Lu 0.0474, Penalty 0.0561, loss 1.6432
Epoch 6, Batch 44/633, Lx 1.4421, Lu 0.0533, Penalty 0.0742, loss 1.5696
Epoch 6, Batch 45/633, Lx 1.4496, Lu 0.0454, Penalty 0.0313, loss 1.5263
Epoch 6, Batch 46/633, Lx 1.5339, Lu 0.0437, Penalty 0.0727, loss 1.6503
Epoch 6, Batch 47/633, Lx 1.7544, Lu 0.0452, Penalty 0.0267, loss 1.8263
Epoch 6, Batch 48/633, Lx 1.4912, Lu 0.0574, Penalty 0.1213, loss 1.6699
Epoch 6, Batch 49/633, Lx 1.7866, Lu 0.0787, Penalty 0.0587, loss 1.9240
Epoch 6, Batch 50/633, Lx 1.5765, Lu 0.0599, Penalty 0.0558, loss 1.6923
Epoch 6, Batch 51/633, Lx 1.7910, Lu 0.0427, Penalty 0.0452, loss 1.8790
Epoch 6, Batch 52/633, Lx 1.5065, Lu 0.0473, Penalty 0.0206, loss 1.5745
Epoch 6, Batch 53/633, Lx 1.6851, Lu 0.0458, Penalty 0.0434, loss 1.7743
Epoch 6, Batch 54/633, Lx 1.7972, Lu 0.0652, Penalty 0.0429, loss 1.9053
Epoch 6, Batch 55/633, Lx 1.7002, Lu 0.0586, Penalty 0.0615, loss 1.8203
Epoch 6, Batch 56/633, Lx 1.6461, Lu 0.0503, Penalty 0.0356, loss 1.7319
Epoch 6, Batch 57/633, Lx 1.5937, Lu 0.0396, Penalty 0.1124, loss 1.7457
Epoch 6, Batch 58/633, Lx 1.3313, Lu 0.0328, Penalty 0.0551, loss 1.4192
Epoch 6, Batch 59/633, Lx 1.4959, Lu 0.0414, Penalty 0.0791, loss 1.6164
Epoch 6, Batch 60/633, Lx 1.6755, Lu 0.0488, Penalty 0.0497, loss 1.7739
Epoch 6, Batch 61/633, Lx 1.6983, Lu 0.0538, Penalty 0.0494, loss 1.8016
Epoch 6, Batch 62/633, Lx 1.6905, Lu 0.0671, Penalty 0.0718, loss 1.8294
Epoch 6, Batch 63/633, Lx 1.5232, Lu 0.0519, Penalty 0.0751, loss 1.6501
Epoch 6, Batch 64/633, Lx 1.5403, Lu 0.0467, Penalty 0.0495, loss 1.6365
Epoch 6, Batch 65/633, Lx 1.6005, Lu 0.0563, Penalty 0.0657, loss 1.7225
Epoch 6, Batch 66/633, Lx 1.6293, Lu 0.0477, Penalty 0.1102, loss 1.7872
Epoch 6, Batch 67/633, Lx 1.4832, Lu 0.0510, Penalty 0.0281, loss 1.5624
Epoch 6, Batch 68/633, Lx 1.5717, Lu 0.0469, Penalty 0.0484, loss 1.6670
Epoch 6, Batch 69/633, Lx 1.4228, Lu 0.0439, Penalty 0.0475, loss 1.5142
Epoch 6, Batch 70/633, Lx 1.4928, Lu 0.0582, Penalty 0.0342, loss 1.5852
Epoch 6, Batch 71/633, Lx 1.5156, Lu 0.0666, Penalty 0.0426, loss 1.6248
Epoch 6, Batch 72/633, Lx 1.6425, Lu 0.0595, Penalty 0.0474, loss 1.7493
Epoch 6, Batch 73/633, Lx 1.3002, Lu 0.0452, Penalty 0.0337, loss 1.3790
Epoch 6, Batch 74/633, Lx 1.4677, Lu 0.0384, Penalty 0.0668, loss 1.5730
Epoch 6, Batch 75/633, Lx 1.4823, Lu 0.0388, Penalty 0.0412, loss 1.5623
Epoch 6, Batch 76/633, Lx 1.5116, Lu 0.0498, Penalty 0.0449, loss 1.6063
Epoch 6, Batch 77/633, Lx 1.4946, Lu 0.0417, Penalty 0.0259, loss 1.5623
Epoch 6, Batch 78/633, Lx 1.3912, Lu 0.0425, Penalty 0.0484, loss 1.4821
Epoch 6, Batch 79/633, Lx 1.8355, Lu 0.0647, Penalty 0.0390, loss 1.9393
Epoch 6, Batch 80/633, Lx 1.6083, Lu 0.0511, Penalty 0.0362, loss 1.6956
Epoch 6, Batch 81/633, Lx 1.4046, Lu 0.0573, Penalty 0.0265, loss 1.4884
Epoch 6, Batch 82/633, Lx 1.6349, Lu 0.0657, Penalty 0.0747, loss 1.7753
Epoch 6, Batch 83/633, Lx 1.5733, Lu 0.0458, Penalty 0.0529, loss 1.6721
Epoch 6, Batch 84/633, Lx 1.4393, Lu 0.0359, Penalty 0.0628, loss 1.5380
Epoch 6, Batch 85/633, Lx 1.6391, Lu 0.0436, Penalty 0.0873, loss 1.7700
Epoch 6, Batch 86/633, Lx 1.3655, Lu 0.0429, Penalty 0.0571, loss 1.4655
Epoch 6, Batch 87/633, Lx 1.5448, Lu 0.0602, Penalty 0.0434, loss 1.6484
Epoch 6, Batch 88/633, Lx 1.7247, Lu 0.0480, Penalty 0.0478, loss 1.8205
Epoch 6, Batch 89/633, Lx 1.5139, Lu 0.0312, Penalty 0.0523, loss 1.5974
Epoch 6, Batch 90/633, Lx 1.5502, Lu 0.0357, Penalty 0.0192, loss 1.6052
Epoch 6, Batch 91/633, Lx 1.2632, Lu 0.0282, Penalty 0.0693, loss 1.3607
Epoch 6, Batch 92/633, Lx 1.8013, Lu 0.0738, Penalty 0.0618, loss 1.9368
Epoch 6, Batch 93/633, Lx 1.6860, Lu 0.0678, Penalty 0.0349, loss 1.7887
Epoch 6, Batch 94/633, Lx 1.7256, Lu 0.0622, Penalty 0.0363, loss 1.8241
Epoch 6, Batch 95/633, Lx 1.5576, Lu 0.0365, Penalty 0.0634, loss 1.6575
Epoch 6, Batch 96/633, Lx 1.5622, Lu 0.0521, Penalty 0.0826, loss 1.6968
Epoch 6, Batch 97/633, Lx 1.4678, Lu 0.0495, Penalty 0.0845, loss 1.6019
Epoch 6, Batch 98/633, Lx 1.6929, Lu 0.0432, Penalty 0.0496, loss 1.7857
Epoch 6, Batch 99/633, Lx 1.7769, Lu 0.0626, Penalty 0.0524, loss 1.8920
Epoch 6, Batch 100/633, Lx 1.8230, Lu 0.0652, Penalty 0.0634, loss 1.9516
Epoch 6, Batch 101/633, Lx 1.6033, Lu 0.0347, Penalty 0.0694, loss 1.7075
Epoch 6, Batch 102/633, Lx 1.6772, Lu 0.0470, Penalty 0.0581, loss 1.7823
Epoch 6, Batch 103/633, Lx 1.6641, Lu 0.0635, Penalty 0.0911, loss 1.8187
Epoch 6, Batch 104/633, Lx 1.4313, Lu 0.0396, Penalty 0.0579, loss 1.5288
Epoch 6, Batch 105/633, Lx 1.4645, Lu 0.0409, Penalty 0.0916, loss 1.5970
Epoch 6, Batch 106/633, Lx 1.6872, Lu 0.0568, Penalty 0.0897, loss 1.8337
Epoch 6, Batch 107/633, Lx 1.5705, Lu 0.0426, Penalty 0.1060, loss 1.7191
Epoch 6, Batch 108/633, Lx 1.3652, Lu 0.0397, Penalty 0.0414, loss 1.4463
Epoch 6, Batch 109/633, Lx 1.5362, Lu 0.0321, Penalty 0.0433, loss 1.6117
Epoch 6, Batch 110/633, Lx 1.7009, Lu 0.0585, Penalty 0.0559, loss 1.8153
Epoch 6, Batch 111/633, Lx 1.6309, Lu 0.0440, Penalty 0.0468, loss 1.7217
Epoch 6, Batch 112/633, Lx 1.7081, Lu 0.0448, Penalty 0.0395, loss 1.7925
Epoch 6, Batch 113/633, Lx 1.7051, Lu 0.0485, Penalty 0.0473, loss 1.8010
Epoch 6, Batch 114/633, Lx 1.7655, Lu 0.0507, Penalty 0.0347, loss 1.8509
Epoch 6, Batch 115/633, Lx 1.4692, Lu 0.0345, Penalty 0.0256, loss 1.5293
Epoch 6, Batch 116/633, Lx 1.3371, Lu 0.0458, Penalty 0.0605, loss 1.4434
Epoch 6, Batch 117/633, Lx 1.6053, Lu 0.0680, Penalty 0.0291, loss 1.7024
Epoch 6, Batch 118/633, Lx 1.4404, Lu 0.0430, Penalty 0.0325, loss 1.5159
Epoch 6, Batch 119/633, Lx 1.3182, Lu 0.0345, Penalty 0.0613, loss 1.4139
Epoch 6, Batch 120/633, Lx 1.6437, Lu 0.0576, Penalty 0.0930, loss 1.7943
Epoch 6, Batch 121/633, Lx 1.6915, Lu 0.0470, Penalty 0.0322, loss 1.7707
Epoch 6, Batch 122/633, Lx 1.4065, Lu 0.0342, Penalty 0.0455, loss 1.4863
Epoch 6, Batch 123/633, Lx 1.5246, Lu 0.0406, Penalty 0.0540, loss 1.6192
Epoch 6, Batch 124/633, Lx 1.8410, Lu 0.0670, Penalty 0.0504, loss 1.9583
Epoch 6, Batch 125/633, Lx 1.3548, Lu 0.0383, Penalty 0.0557, loss 1.4489
Epoch 6, Batch 126/633, Lx 1.5659, Lu 0.0554, Penalty 0.0412, loss 1.6625
Epoch 6, Batch 127/633, Lx 1.4619, Lu 0.0450, Penalty 0.0828, loss 1.5898
Epoch 6, Batch 128/633, Lx 1.5868, Lu 0.0478, Penalty 0.0427, loss 1.6772
Epoch 6, Batch 129/633, Lx 1.5111, Lu 0.0534, Penalty 0.1081, loss 1.6726
Epoch 6, Batch 130/633, Lx 1.6792, Lu 0.0495, Penalty 0.0323, loss 1.7610
Epoch 6, Batch 131/633, Lx 1.6111, Lu 0.0440, Penalty 0.0667, loss 1.7219
Epoch 6, Batch 132/633, Lx 1.6506, Lu 0.0419, Penalty 0.0394, loss 1.7319
Epoch 6, Batch 133/633, Lx 1.3371, Lu 0.0444, Penalty 0.0716, loss 1.4530
Epoch 6, Batch 134/633, Lx 1.6227, Lu 0.0505, Penalty 0.0328, loss 1.7060
Epoch 6, Batch 135/633, Lx 1.5890, Lu 0.0509, Penalty 0.0844, loss 1.7243
Epoch 6, Batch 136/633, Lx 1.5687, Lu 0.0350, Penalty 0.0680, loss 1.6718
Epoch 6, Batch 137/633, Lx 1.5432, Lu 0.0433, Penalty 0.0913, loss 1.6778
Epoch 6, Batch 138/633, Lx 1.3118, Lu 0.0390, Penalty 0.0786, loss 1.4294
Epoch 6, Batch 139/633, Lx 1.3090, Lu 0.0427, Penalty 0.0423, loss 1.3939
Epoch 6, Batch 140/633, Lx 1.5078, Lu 0.0577, Penalty 0.0746, loss 1.6401
Epoch 6, Batch 141/633, Lx 1.5299, Lu 0.0441, Penalty 0.0449, loss 1.6190
Epoch 6, Batch 142/633, Lx 1.4533, Lu 0.0565, Penalty 0.0819, loss 1.5916
Epoch 6, Batch 143/633, Lx 1.4327, Lu 0.0366, Penalty 0.0650, loss 1.5344
Epoch 6, Batch 144/633, Lx 1.5381, Lu 0.0483, Penalty 0.0419, loss 1.6283
Epoch 6, Batch 145/633, Lx 1.5222, Lu 0.0415, Penalty 0.0288, loss 1.5925
Epoch 6, Batch 146/633, Lx 1.7110, Lu 0.0624, Penalty 0.0316, loss 1.8051
Epoch 6, Batch 147/633, Lx 1.6688, Lu 0.0620, Penalty 0.0657, loss 1.7965
Epoch 6, Batch 148/633, Lx 1.4663, Lu 0.0494, Penalty 0.0508, loss 1.5665
Epoch 6, Batch 149/633, Lx 1.8218, Lu 0.0697, Penalty 0.0518, loss 1.9434
Epoch 6, Batch 150/633, Lx 1.6714, Lu 0.0539, Penalty 0.0526, loss 1.7778
Epoch 6, Batch 151/633, Lx 1.5974, Lu 0.0446, Penalty 0.0319, loss 1.6739
Epoch 6, Batch 152/633, Lx 1.5582, Lu 0.0693, Penalty 0.0492, loss 1.6767
Epoch 6, Batch 153/633, Lx 1.6806, Lu 0.0583, Penalty 0.0747, loss 1.8136
Epoch 6, Batch 154/633, Lx 1.4903, Lu 0.0464, Penalty 0.0376, loss 1.5743
Epoch 6, Batch 155/633, Lx 1.6198, Lu 0.0572, Penalty 0.0422, loss 1.7192
Epoch 6, Batch 156/633, Lx 1.6903, Lu 0.0736, Penalty 0.0726, loss 1.8366
Epoch 6, Batch 157/633, Lx 1.4076, Lu 0.0418, Penalty 0.0587, loss 1.5081
Epoch 6, Batch 158/633, Lx 1.5731, Lu 0.0442, Penalty 0.0541, loss 1.6713
Epoch 6, Batch 159/633, Lx 1.4552, Lu 0.0460, Penalty 0.0444, loss 1.5456
Epoch 6, Batch 160/633, Lx 1.5633, Lu 0.0543, Penalty 0.0566, loss 1.6742
Epoch 6, Batch 161/633, Lx 1.5967, Lu 0.0631, Penalty 0.0770, loss 1.7367
Epoch 6, Batch 162/633, Lx 1.5559, Lu 0.0384, Penalty 0.0646, loss 1.6589
Epoch 6, Batch 163/633, Lx 1.6162, Lu 0.0566, Penalty 0.0690, loss 1.7417
Epoch 6, Batch 164/633, Lx 1.5527, Lu 0.0411, Penalty 0.0528, loss 1.6465
Epoch 6, Batch 165/633, Lx 1.6046, Lu 0.0515, Penalty 0.0896, loss 1.7457
Epoch 6, Batch 166/633, Lx 1.7067, Lu 0.0499, Penalty 0.0407, loss 1.7974
Epoch 6, Batch 167/633, Lx 1.4354, Lu 0.0398, Penalty 0.0620, loss 1.5372
Epoch 6, Batch 168/633, Lx 1.5137, Lu 0.0434, Penalty 0.0394, loss 1.5966
Epoch 6, Batch 169/633, Lx 1.4820, Lu 0.0503, Penalty 0.0343, loss 1.5665
Epoch 6, Batch 170/633, Lx 1.5038, Lu 0.0617, Penalty 0.0490, loss 1.6145
Epoch 6, Batch 171/633, Lx 1.6404, Lu 0.0612, Penalty 0.0227, loss 1.7243
Epoch 6, Batch 172/633, Lx 1.3217, Lu 0.0393, Penalty 0.0532, loss 1.4142
Epoch 6, Batch 173/633, Lx 1.4728, Lu 0.0545, Penalty 0.0465, loss 1.5738
Epoch 6, Batch 174/633, Lx 1.5890, Lu 0.0461, Penalty 0.0381, loss 1.6732
Epoch 6, Batch 175/633, Lx 1.4061, Lu 0.0438, Penalty 0.0449, loss 1.4948
Epoch 6, Batch 176/633, Lx 1.6792, Lu 0.0440, Penalty 0.0788, loss 1.8020
Epoch 6, Batch 177/633, Lx 1.5443, Lu 0.0496, Penalty 0.0608, loss 1.6546
Epoch 6, Batch 178/633, Lx 1.2900, Lu 0.0475, Penalty 0.0687, loss 1.4062
Epoch 6, Batch 179/633, Lx 1.6228, Lu 0.0642, Penalty 0.0467, loss 1.7337
Epoch 6, Batch 180/633, Lx 1.4928, Lu 0.0471, Penalty 0.0796, loss 1.6195
Epoch 6, Batch 181/633, Lx 1.7822, Lu 0.0614, Penalty 0.0364, loss 1.8799
Epoch 6, Batch 182/633, Lx 1.4898, Lu 0.0430, Penalty 0.0799, loss 1.6128
Epoch 6, Batch 183/633, Lx 1.5162, Lu 0.0570, Penalty 0.0785, loss 1.6517
Epoch 6, Batch 184/633, Lx 1.6329, Lu 0.0589, Penalty 0.0432, loss 1.7350
Epoch 6, Batch 185/633, Lx 1.6551, Lu 0.0528, Penalty 0.0409, loss 1.7487
Epoch 6, Batch 186/633, Lx 1.6661, Lu 0.0493, Penalty 0.0446, loss 1.7599
Epoch 6, Batch 187/633, Lx 1.5483, Lu 0.0407, Penalty 0.0755, loss 1.6645
Epoch 6, Batch 188/633, Lx 1.5854, Lu 0.0521, Penalty 0.0344, loss 1.6719
Epoch 6, Batch 189/633, Lx 1.6047, Lu 0.0606, Penalty 0.0409, loss 1.7063
Epoch 6, Batch 190/633, Lx 1.6269, Lu 0.0550, Penalty 0.0619, loss 1.7438
Epoch 6, Batch 191/633, Lx 1.4035, Lu 0.0480, Penalty 0.0790, loss 1.5305
Epoch 6, Batch 192/633, Lx 1.7321, Lu 0.0540, Penalty 0.0366, loss 1.8227
Epoch 6, Batch 193/633, Lx 1.5934, Lu 0.0400, Penalty 0.0551, loss 1.6886
Epoch 6, Batch 194/633, Lx 1.5090, Lu 0.0471, Penalty 0.0651, loss 1.6211
Epoch 6, Batch 195/633, Lx 1.6070, Lu 0.0581, Penalty 0.0358, loss 1.7009
Epoch 6, Batch 196/633, Lx 1.5473, Lu 0.0436, Penalty 0.0493, loss 1.6401
Epoch 6, Batch 197/633, Lx 1.2906, Lu 0.0344, Penalty 0.0938, loss 1.4188
Epoch 6, Batch 198/633, Lx 1.6258, Lu 0.0457, Penalty 0.0487, loss 1.7203
Epoch 6, Batch 199/633, Lx 1.9111, Lu 0.0682, Penalty 0.0524, loss 2.0316
Epoch 6, Batch 200/633, Lx 1.6175, Lu 0.0465, Penalty 0.0514, loss 1.7154
Epoch 6, Batch 201/633, Lx 1.5554, Lu 0.0633, Penalty 0.0598, loss 1.6785
Epoch 6, Batch 202/633, Lx 1.7808, Lu 0.0617, Penalty 0.0776, loss 1.9201
Epoch 6, Batch 203/633, Lx 1.3061, Lu 0.0366, Penalty 0.0591, loss 1.4018
Epoch 6, Batch 204/633, Lx 1.6084, Lu 0.0600, Penalty 0.0613, loss 1.7297
Epoch 6, Batch 205/633, Lx 1.4832, Lu 0.0451, Penalty 0.0442, loss 1.5724
Epoch 6, Batch 206/633, Lx 1.7111, Lu 0.0677, Penalty 0.0512, loss 1.8300
Epoch 6, Batch 207/633, Lx 1.5273, Lu 0.0484, Penalty 0.0829, loss 1.6586
Epoch 6, Batch 208/633, Lx 1.7449, Lu 0.0689, Penalty 0.0385, loss 1.8523
Epoch 6, Batch 209/633, Lx 1.6212, Lu 0.0492, Penalty 0.0733, loss 1.7437
Epoch 6, Batch 210/633, Lx 1.6908, Lu 0.0660, Penalty 0.0348, loss 1.7915
Epoch 6, Batch 211/633, Lx 1.4738, Lu 0.0632, Penalty 0.0482, loss 1.5852
Epoch 6, Batch 212/633, Lx 1.6936, Lu 0.0438, Penalty 0.0346, loss 1.7720
Epoch 6, Batch 213/633, Lx 1.3737, Lu 0.0358, Penalty 0.0705, loss 1.4800
Epoch 6, Batch 214/633, Lx 1.7179, Lu 0.0387, Penalty 0.0667, loss 1.8233
Epoch 6, Batch 215/633, Lx 1.4581, Lu 0.0622, Penalty 0.1038, loss 1.6241
Epoch 6, Batch 216/633, Lx 1.5270, Lu 0.0420, Penalty 0.0782, loss 1.6473
Epoch 6, Batch 217/633, Lx 1.3503, Lu 0.0402, Penalty 0.0419, loss 1.4324
Epoch 6, Batch 218/633, Lx 1.4127, Lu 0.0407, Penalty 0.0397, loss 1.4931
Epoch 6, Batch 219/633, Lx 1.4895, Lu 0.0405, Penalty 0.0702, loss 1.6003
Epoch 6, Batch 220/633, Lx 1.4892, Lu 0.0493, Penalty 0.0560, loss 1.5945
Epoch 6, Batch 221/633, Lx 1.6471, Lu 0.0531, Penalty 0.0443, loss 1.7445
Epoch 6, Batch 222/633, Lx 1.6419, Lu 0.0434, Penalty 0.0488, loss 1.7342
Epoch 6, Batch 223/633, Lx 1.6882, Lu 0.0533, Penalty 0.0996, loss 1.8411
Epoch 6, Batch 224/633, Lx 1.5654, Lu 0.0533, Penalty 0.0435, loss 1.6622
Epoch 6, Batch 225/633, Lx 1.6426, Lu 0.0632, Penalty 0.0622, loss 1.7680
Epoch 6, Batch 226/633, Lx 1.2132, Lu 0.0313, Penalty 0.0765, loss 1.3209
Epoch 6, Batch 227/633, Lx 1.4442, Lu 0.0330, Penalty 0.0419, loss 1.5190
Epoch 6, Batch 228/633, Lx 1.5956, Lu 0.0488, Penalty 0.0650, loss 1.7094
Epoch 6, Batch 229/633, Lx 1.8378, Lu 0.0624, Penalty 0.0366, loss 1.9368
Epoch 6, Batch 230/633, Lx 1.8017, Lu 0.0423, Penalty 0.0783, loss 1.9224
Epoch 6, Batch 231/633, Lx 1.8438, Lu 0.0610, Penalty 0.0377, loss 1.9425
Epoch 6, Batch 232/633, Lx 1.3222, Lu 0.0386, Penalty 0.0440, loss 1.4047
Epoch 6, Batch 233/633, Lx 1.3091, Lu 0.0407, Penalty 0.0795, loss 1.4294
Epoch 6, Batch 234/633, Lx 1.9003, Lu 0.0583, Penalty 0.0713, loss 2.0299
Epoch 6, Batch 235/633, Lx 1.5005, Lu 0.0343, Penalty 0.0478, loss 1.5826
Epoch 6, Batch 236/633, Lx 1.6680, Lu 0.0548, Penalty 0.0794, loss 1.8022
Epoch 6, Batch 237/633, Lx 1.6406, Lu 0.0401, Penalty 0.0428, loss 1.7235
Epoch 6, Batch 238/633, Lx 1.4335, Lu 0.0503, Penalty 0.1006, loss 1.5844
Epoch 6, Batch 239/633, Lx 1.3857, Lu 0.0442, Penalty 0.0524, loss 1.4823
Epoch 6, Batch 240/633, Lx 1.4908, Lu 0.0456, Penalty 0.0464, loss 1.5829
Epoch 6, Batch 241/633, Lx 1.4415, Lu 0.0490, Penalty 0.0468, loss 1.5374
Epoch 6, Batch 242/633, Lx 1.4344, Lu 0.0480, Penalty 0.0344, loss 1.5168
Epoch 6, Batch 243/633, Lx 1.5923, Lu 0.0695, Penalty 0.0422, loss 1.7040
Epoch 6, Batch 244/633, Lx 1.7103, Lu 0.0592, Penalty 0.0819, loss 1.8513
Epoch 6, Batch 245/633, Lx 1.4738, Lu 0.0453, Penalty 0.0582, loss 1.5773
Epoch 6, Batch 246/633, Lx 1.7727, Lu 0.0520, Penalty 0.0876, loss 1.9123
Epoch 6, Batch 247/633, Lx 1.5635, Lu 0.0508, Penalty 0.0481, loss 1.6623
Epoch 6, Batch 248/633, Lx 1.5795, Lu 0.0500, Penalty 0.0501, loss 1.6796
Epoch 6, Batch 249/633, Lx 1.7089, Lu 0.0636, Penalty 0.0321, loss 1.8046
Epoch 6, Batch 250/633, Lx 1.4891, Lu 0.0507, Penalty 0.0307, loss 1.5705
Epoch 6, Batch 251/633, Lx 1.5449, Lu 0.0560, Penalty 0.0350, loss 1.6358
Epoch 6, Batch 252/633, Lx 1.7471, Lu 0.0545, Penalty 0.0379, loss 1.8394
Epoch 6, Batch 253/633, Lx 1.5571, Lu 0.0468, Penalty 0.0268, loss 1.6307
Epoch 6, Batch 254/633, Lx 1.6155, Lu 0.0469, Penalty 0.0313, loss 1.6938
Epoch 6, Batch 255/633, Lx 1.3507, Lu 0.0365, Penalty 0.0652, loss 1.4524
Epoch 6, Batch 256/633, Lx 1.4685, Lu 0.0472, Penalty 0.0532, loss 1.5689
Epoch 6, Batch 257/633, Lx 1.4903, Lu 0.0457, Penalty 0.0712, loss 1.6073
Epoch 6, Batch 258/633, Lx 1.5854, Lu 0.0482, Penalty 0.0290, loss 1.6626
Epoch 6, Batch 259/633, Lx 1.6376, Lu 0.0423, Penalty 0.0850, loss 1.7650
Epoch 6, Batch 260/633, Lx 1.6781, Lu 0.0517, Penalty 0.0493, loss 1.7791
Epoch 6, Batch 261/633, Lx 1.5493, Lu 0.0453, Penalty 0.0637, loss 1.6582
Epoch 6, Batch 262/633, Lx 1.4356, Lu 0.0415, Penalty 0.0320, loss 1.5091
Epoch 6, Batch 263/633, Lx 1.5914, Lu 0.0469, Penalty 0.0374, loss 1.6758
Epoch 6, Batch 264/633, Lx 1.3744, Lu 0.0392, Penalty 0.0413, loss 1.4549
Epoch 6, Batch 265/633, Lx 1.5840, Lu 0.0578, Penalty 0.0538, loss 1.6955
Epoch 6, Batch 266/633, Lx 1.5069, Lu 0.0485, Penalty 0.0614, loss 1.6168
Epoch 6, Batch 267/633, Lx 1.6248, Lu 0.0527, Penalty 0.0658, loss 1.7433
Epoch 6, Batch 268/633, Lx 1.4832, Lu 0.0420, Penalty 0.0220, loss 1.5472
Epoch 6, Batch 269/633, Lx 1.3963, Lu 0.0388, Penalty 0.0838, loss 1.5188
Epoch 6, Batch 270/633, Lx 1.5533, Lu 0.0473, Penalty 0.0449, loss 1.6455
Epoch 6, Batch 271/633, Lx 1.7373, Lu 0.0570, Penalty 0.0565, loss 1.8508
Epoch 6, Batch 272/633, Lx 1.4310, Lu 0.0571, Penalty 0.0804, loss 1.5685
Epoch 6, Batch 273/633, Lx 1.6445, Lu 0.0524, Penalty 0.0230, loss 1.7199
Epoch 6, Batch 274/633, Lx 1.6358, Lu 0.0581, Penalty 0.0895, loss 1.7835
Epoch 6, Batch 275/633, Lx 1.7055, Lu 0.0637, Penalty 0.0357, loss 1.8049
Epoch 6, Batch 276/633, Lx 1.4845, Lu 0.0383, Penalty 0.0612, loss 1.5840
Epoch 6, Batch 277/633, Lx 1.4239, Lu 0.0408, Penalty 0.0905, loss 1.5552
Epoch 6, Batch 278/633, Lx 1.5316, Lu 0.0409, Penalty 0.0461, loss 1.6187
Epoch 6, Batch 279/633, Lx 1.6808, Lu 0.0485, Penalty 0.0319, loss 1.7612
Epoch 6, Batch 280/633, Lx 1.5575, Lu 0.0499, Penalty 0.0381, loss 1.6456
Epoch 6, Batch 281/633, Lx 1.7434, Lu 0.0600, Penalty 0.0584, loss 1.8617
Epoch 6, Batch 282/633, Lx 1.5176, Lu 0.0486, Penalty 0.0514, loss 1.6177
Epoch 6, Batch 283/633, Lx 1.4410, Lu 0.0412, Penalty 0.1016, loss 1.5838
Epoch 6, Batch 284/633, Lx 1.5182, Lu 0.0370, Penalty 0.0381, loss 1.5933
Epoch 6, Batch 285/633, Lx 1.4683, Lu 0.0521, Penalty 0.0733, loss 1.5937
Epoch 6, Batch 286/633, Lx 1.7562, Lu 0.0788, Penalty 0.0776, loss 1.9126
Epoch 6, Batch 287/633, Lx 1.5891, Lu 0.0477, Penalty 0.0608, loss 1.6976
Epoch 6, Batch 288/633, Lx 1.5404, Lu 0.0376, Penalty 0.0873, loss 1.6653
Epoch 6, Batch 289/633, Lx 1.7236, Lu 0.0488, Penalty 0.0538, loss 1.8262
Epoch 6, Batch 290/633, Lx 1.6714, Lu 0.0478, Penalty 0.0471, loss 1.7663
Epoch 6, Batch 291/633, Lx 1.4056, Lu 0.0378, Penalty 0.0578, loss 1.5012
Epoch 6, Batch 292/633, Lx 1.6785, Lu 0.0479, Penalty 0.0374, loss 1.7638
Epoch 6, Batch 293/633, Lx 1.4786, Lu 0.0412, Penalty 0.0666, loss 1.5863
Epoch 6, Batch 294/633, Lx 1.6316, Lu 0.0515, Penalty 0.0501, loss 1.7333
Epoch 6, Batch 295/633, Lx 1.6274, Lu 0.0482, Penalty 0.0393, loss 1.7148
Epoch 6, Batch 296/633, Lx 1.4537, Lu 0.0398, Penalty 0.0246, loss 1.5182
Epoch 6, Batch 297/633, Lx 1.5718, Lu 0.0433, Penalty 0.0312, loss 1.6463
Epoch 6, Batch 298/633, Lx 1.4206, Lu 0.0445, Penalty 0.0318, loss 1.4969
Epoch 6, Batch 299/633, Lx 1.5648, Lu 0.0519, Penalty 0.0952, loss 1.7118
Epoch 6, Batch 300/633, Lx 1.4618, Lu 0.0376, Penalty 0.0459, loss 1.5454
Epoch 6, Batch 301/633, Lx 1.5670, Lu 0.0471, Penalty 0.0529, loss 1.6670
Epoch 6, Batch 302/633, Lx 1.2482, Lu 0.0436, Penalty 0.0298, loss 1.3217
Epoch 6, Batch 303/633, Lx 1.5497, Lu 0.0330, Penalty 0.0344, loss 1.6171
Epoch 6, Batch 304/633, Lx 1.3041, Lu 0.0259, Penalty 0.0644, loss 1.3944
Epoch 6, Batch 305/633, Lx 1.5589, Lu 0.0467, Penalty 0.0547, loss 1.6604
Epoch 6, Batch 306/633, Lx 1.4783, Lu 0.0436, Penalty 0.0708, loss 1.5927
Epoch 6, Batch 307/633, Lx 1.5215, Lu 0.0486, Penalty 0.0393, loss 1.6093
Epoch 6, Batch 308/633, Lx 1.6625, Lu 0.0628, Penalty 0.0537, loss 1.7789
Epoch 6, Batch 309/633, Lx 1.2940, Lu 0.0390, Penalty 0.0479, loss 1.3808
Epoch 6, Batch 310/633, Lx 1.5481, Lu 0.0485, Penalty 0.0245, loss 1.6210
Epoch 6, Batch 311/633, Lx 1.5971, Lu 0.0519, Penalty 0.0471, loss 1.6960
Epoch 6, Batch 312/633, Lx 1.3572, Lu 0.0393, Penalty 0.0841, loss 1.4806
Epoch 6, Batch 313/633, Lx 1.5394, Lu 0.0788, Penalty 0.0531, loss 1.6713
Epoch 6, Batch 314/633, Lx 1.3959, Lu 0.0484, Penalty 0.0490, loss 1.4933
Epoch 6, Batch 315/633, Lx 1.5189, Lu 0.0479, Penalty 0.0679, loss 1.6348
Epoch 6, Batch 316/633, Lx 1.3937, Lu 0.0454, Penalty 0.0571, loss 1.4962
Epoch 6, Batch 317/633, Lx 1.6139, Lu 0.0447, Penalty 0.0645, loss 1.7231
Epoch 6, Batch 318/633, Lx 1.5007, Lu 0.0476, Penalty 0.0635, loss 1.6119
Epoch 6, Batch 319/633, Lx 1.5513, Lu 0.0438, Penalty 0.0401, loss 1.6352
Epoch 6, Batch 320/633, Lx 1.5663, Lu 0.0563, Penalty 0.0870, loss 1.7096
Epoch 6, Batch 321/633, Lx 1.4618, Lu 0.0528, Penalty 0.0479, loss 1.5624
Epoch 6, Batch 322/633, Lx 1.7101, Lu 0.0545, Penalty 0.0388, loss 1.8034
Epoch 6, Batch 323/633, Lx 1.7985, Lu 0.0626, Penalty 0.0397, loss 1.9008
Epoch 6, Batch 324/633, Lx 1.6149, Lu 0.0598, Penalty 0.0804, loss 1.7552
Epoch 6, Batch 325/633, Lx 1.5065, Lu 0.0634, Penalty 0.0913, loss 1.6612
Epoch 6, Batch 326/633, Lx 1.4289, Lu 0.0522, Penalty 0.0372, loss 1.5183
Epoch 6, Batch 327/633, Lx 1.4892, Lu 0.0388, Penalty 0.0574, loss 1.5854
Epoch 6, Batch 328/633, Lx 1.5747, Lu 0.0428, Penalty 0.0306, loss 1.6481
Epoch 6, Batch 329/633, Lx 1.6976, Lu 0.0506, Penalty 0.0613, loss 1.8095
Epoch 6, Batch 330/633, Lx 1.4294, Lu 0.0346, Penalty 0.0387, loss 1.5027
Epoch 6, Batch 331/633, Lx 1.5503, Lu 0.0426, Penalty 0.0284, loss 1.6214
Epoch 6, Batch 332/633, Lx 1.4302, Lu 0.0411, Penalty 0.0572, loss 1.5284
Epoch 6, Batch 333/633, Lx 1.6514, Lu 0.0530, Penalty 0.0777, loss 1.7822
Epoch 6, Batch 334/633, Lx 1.4570, Lu 0.0522, Penalty 0.1045, loss 1.6137
Epoch 6, Batch 335/633, Lx 1.5223, Lu 0.0413, Penalty 0.0809, loss 1.6445
Epoch 6, Batch 336/633, Lx 1.4768, Lu 0.0299, Penalty 0.1150, loss 1.6217
Epoch 6, Batch 337/633, Lx 1.5349, Lu 0.0412, Penalty 0.0519, loss 1.6280
Epoch 6, Batch 338/633, Lx 1.4969, Lu 0.0525, Penalty 0.1196, loss 1.6690
Epoch 6, Batch 339/633, Lx 1.6999, Lu 0.0461, Penalty 0.0388, loss 1.7848
Epoch 6, Batch 340/633, Lx 1.4768, Lu 0.0506, Penalty 0.0838, loss 1.6113
Epoch 6, Batch 341/633, Lx 1.5767, Lu 0.0599, Penalty 0.0629, loss 1.6995
Epoch 6, Batch 342/633, Lx 1.6129, Lu 0.0573, Penalty 0.0545, loss 1.7247
Epoch 6, Batch 343/633, Lx 1.5398, Lu 0.0414, Penalty 0.0496, loss 1.6309
Epoch 6, Batch 344/633, Lx 1.5416, Lu 0.0561, Penalty 0.0329, loss 1.6307
Epoch 6, Batch 345/633, Lx 1.5858, Lu 0.0501, Penalty 0.0619, loss 1.6978
Epoch 6, Batch 346/633, Lx 1.6627, Lu 0.0432, Penalty 0.0309, loss 1.7368
Epoch 6, Batch 347/633, Lx 1.3845, Lu 0.0381, Penalty 0.0560, loss 1.4786
Epoch 6, Batch 348/633, Lx 1.6112, Lu 0.0452, Penalty 0.0313, loss 1.6877
Epoch 6, Batch 349/633, Lx 1.5852, Lu 0.0455, Penalty 0.0990, loss 1.7297
Epoch 6, Batch 350/633, Lx 1.6243, Lu 0.0455, Penalty 0.0395, loss 1.7093
Epoch 6, Batch 351/633, Lx 1.4632, Lu 0.0459, Penalty 0.0512, loss 1.5602
Epoch 6, Batch 352/633, Lx 1.4377, Lu 0.0502, Penalty 0.0912, loss 1.5791
Epoch 6, Batch 353/633, Lx 1.3597, Lu 0.0383, Penalty 0.0486, loss 1.4466
Epoch 6, Batch 354/633, Lx 1.4898, Lu 0.0424, Penalty 0.0320, loss 1.5641
Epoch 6, Batch 355/633, Lx 1.6086, Lu 0.0697, Penalty 0.0388, loss 1.7172
Epoch 6, Batch 356/633, Lx 1.6219, Lu 0.0734, Penalty 0.0301, loss 1.7254
Epoch 6, Batch 357/633, Lx 1.6420, Lu 0.0505, Penalty 0.0290, loss 1.7216
Epoch 6, Batch 358/633, Lx 1.5940, Lu 0.0405, Penalty 0.0730, loss 1.7075
Epoch 6, Batch 359/633, Lx 1.4350, Lu 0.0369, Penalty 0.0752, loss 1.5470
Epoch 6, Batch 360/633, Lx 1.5561, Lu 0.0621, Penalty 0.0210, loss 1.6391
Epoch 6, Batch 361/633, Lx 1.6190, Lu 0.0406, Penalty 0.0341, loss 1.6937
Epoch 6, Batch 362/633, Lx 1.5442, Lu 0.0439, Penalty 0.0368, loss 1.6249
Epoch 6, Batch 363/633, Lx 1.6873, Lu 0.0401, Penalty 0.0408, loss 1.7682
Epoch 6, Batch 364/633, Lx 1.4724, Lu 0.0420, Penalty 0.0830, loss 1.5974
Epoch 6, Batch 365/633, Lx 1.2600, Lu 0.0375, Penalty 0.0907, loss 1.3882
Epoch 6, Batch 366/633, Lx 1.2705, Lu 0.0524, Penalty 0.0435, loss 1.3664
Epoch 6, Batch 367/633, Lx 1.6491, Lu 0.0615, Penalty 0.0790, loss 1.7895
Epoch 6, Batch 368/633, Lx 1.5568, Lu 0.0460, Penalty 0.0880, loss 1.6908
Epoch 6, Batch 369/633, Lx 1.6296, Lu 0.0600, Penalty 0.0515, loss 1.7411
Epoch 6, Batch 370/633, Lx 1.5914, Lu 0.0494, Penalty 0.0665, loss 1.7074
Epoch 6, Batch 371/633, Lx 1.6884, Lu 0.0478, Penalty 0.0732, loss 1.8094
Epoch 6, Batch 372/633, Lx 1.4571, Lu 0.0431, Penalty 0.0545, loss 1.5548
Epoch 6, Batch 373/633, Lx 1.4989, Lu 0.0408, Penalty 0.0814, loss 1.6210
Epoch 6, Batch 374/633, Lx 1.7548, Lu 0.0628, Penalty 0.0612, loss 1.8789
Epoch 6, Batch 375/633, Lx 1.5261, Lu 0.0508, Penalty 0.0682, loss 1.6450
Epoch 6, Batch 376/633, Lx 1.4076, Lu 0.0433, Penalty 0.0315, loss 1.4825
Epoch 6, Batch 377/633, Lx 1.3244, Lu 0.0381, Penalty 0.0462, loss 1.4086
Epoch 6, Batch 378/633, Lx 1.5165, Lu 0.0496, Penalty 0.0500, loss 1.6161
Epoch 6, Batch 379/633, Lx 1.4686, Lu 0.0422, Penalty 0.0415, loss 1.5523
Epoch 6, Batch 380/633, Lx 1.4157, Lu 0.0493, Penalty 0.0649, loss 1.5298
Epoch 6, Batch 381/633, Lx 1.3916, Lu 0.0586, Penalty 0.0570, loss 1.5071
Epoch 6, Batch 382/633, Lx 1.5209, Lu 0.0429, Penalty 0.0690, loss 1.6328
Epoch 6, Batch 383/633, Lx 1.4479, Lu 0.0637, Penalty 0.0676, loss 1.5792
Epoch 6, Batch 384/633, Lx 1.6276, Lu 0.0550, Penalty 0.0663, loss 1.7489
Epoch 6, Batch 385/633, Lx 1.6164, Lu 0.0420, Penalty 0.0348, loss 1.6932
Epoch 6, Batch 386/633, Lx 1.6344, Lu 0.0458, Penalty 0.0431, loss 1.7233
Epoch 6, Batch 387/633, Lx 1.7143, Lu 0.0564, Penalty 0.0304, loss 1.8011
Epoch 6, Batch 388/633, Lx 1.5177, Lu 0.0430, Penalty 0.0688, loss 1.6296
Epoch 6, Batch 389/633, Lx 1.7058, Lu 0.0598, Penalty 0.0386, loss 1.8042
Epoch 6, Batch 390/633, Lx 1.5446, Lu 0.0458, Penalty 0.0653, loss 1.6558
Epoch 6, Batch 391/633, Lx 1.4068, Lu 0.0364, Penalty 0.0781, loss 1.5213
Epoch 6, Batch 392/633, Lx 1.4109, Lu 0.0366, Penalty 0.1277, loss 1.5752
Epoch 6, Batch 393/633, Lx 1.6060, Lu 0.0461, Penalty 0.0728, loss 1.7249
Epoch 6, Batch 394/633, Lx 1.6568, Lu 0.0474, Penalty 0.0835, loss 1.7877
Epoch 6, Batch 395/633, Lx 1.5631, Lu 0.0476, Penalty 0.0390, loss 1.6496
Epoch 6, Batch 396/633, Lx 1.5488, Lu 0.0556, Penalty 0.0429, loss 1.6473
Epoch 6, Batch 397/633, Lx 1.5750, Lu 0.0626, Penalty 0.0634, loss 1.7009
Epoch 6, Batch 398/633, Lx 1.4307, Lu 0.0559, Penalty 0.0520, loss 1.5386
Epoch 6, Batch 399/633, Lx 1.6251, Lu 0.0609, Penalty 0.0510, loss 1.7371
Epoch 6, Batch 400/633, Lx 1.5331, Lu 0.0602, Penalty 0.0574, loss 1.6507
Epoch 6, Batch 401/633, Lx 1.4168, Lu 0.0528, Penalty 0.1073, loss 1.5770
Epoch 6, Batch 402/633, Lx 1.4133, Lu 0.0475, Penalty 0.0860, loss 1.5468
Epoch 6, Batch 403/633, Lx 1.6893, Lu 0.0456, Penalty 0.0455, loss 1.7805
Epoch 6, Batch 404/633, Lx 1.2955, Lu 0.0447, Penalty 0.0286, loss 1.3688
Epoch 6, Batch 405/633, Lx 1.5265, Lu 0.0551, Penalty 0.0422, loss 1.6238
Epoch 6, Batch 406/633, Lx 1.4810, Lu 0.0518, Penalty 0.0495, loss 1.5823
Epoch 6, Batch 407/633, Lx 1.7122, Lu 0.0584, Penalty 0.0476, loss 1.8183
Epoch 6, Batch 408/633, Lx 1.4339, Lu 0.0487, Penalty 0.0410, loss 1.5236
Epoch 6, Batch 409/633, Lx 1.3655, Lu 0.0343, Penalty 0.0701, loss 1.4699
Epoch 6, Batch 410/633, Lx 1.5759, Lu 0.0520, Penalty 0.1253, loss 1.7532
Epoch 6, Batch 411/633, Lx 1.6440, Lu 0.0619, Penalty 0.0500, loss 1.7559
Epoch 6, Batch 412/633, Lx 1.7029, Lu 0.0400, Penalty 0.0503, loss 1.7932
Epoch 6, Batch 413/633, Lx 1.3049, Lu 0.0371, Penalty 0.0739, loss 1.4158
Epoch 6, Batch 414/633, Lx 1.6650, Lu 0.0526, Penalty 0.0829, loss 1.8005
Epoch 6, Batch 415/633, Lx 1.5716, Lu 0.0452, Penalty 0.0844, loss 1.7011
Epoch 6, Batch 416/633, Lx 1.6334, Lu 0.0345, Penalty 0.0326, loss 1.7005
Epoch 6, Batch 417/633, Lx 1.7762, Lu 0.0579, Penalty 0.0518, loss 1.8859
Epoch 6, Batch 418/633, Lx 1.4939, Lu 0.0375, Penalty 0.0656, loss 1.5969
Epoch 6, Batch 419/633, Lx 1.7174, Lu 0.0570, Penalty 0.0690, loss 1.8434
Epoch 6, Batch 420/633, Lx 1.6044, Lu 0.0559, Penalty 0.0557, loss 1.7160
Epoch 6, Batch 421/633, Lx 1.4161, Lu 0.0423, Penalty 0.0548, loss 1.5132
Epoch 6, Batch 422/633, Lx 1.5039, Lu 0.0305, Penalty 0.0537, loss 1.5881
Epoch 6, Batch 423/633, Lx 1.4166, Lu 0.0430, Penalty 0.1299, loss 1.5896
Epoch 6, Batch 424/633, Lx 1.6264, Lu 0.0739, Penalty 0.0755, loss 1.7759
Epoch 6, Batch 425/633, Lx 1.5258, Lu 0.0526, Penalty 0.0863, loss 1.6646
Epoch 6, Batch 426/633, Lx 1.6237, Lu 0.0518, Penalty 0.0330, loss 1.7085
Epoch 6, Batch 427/633, Lx 1.8066, Lu 0.0616, Penalty 0.0295, loss 1.8977
Epoch 6, Batch 428/633, Lx 1.6305, Lu 0.0484, Penalty 0.0309, loss 1.7098
Epoch 6, Batch 429/633, Lx 1.6388, Lu 0.0580, Penalty 0.0329, loss 1.7297
Epoch 6, Batch 430/633, Lx 1.3337, Lu 0.0358, Penalty 0.0586, loss 1.4281
Epoch 6, Batch 431/633, Lx 1.6465, Lu 0.0675, Penalty 0.0431, loss 1.7571
Epoch 6, Batch 432/633, Lx 1.5485, Lu 0.0395, Penalty 0.0254, loss 1.6135
Epoch 6, Batch 433/633, Lx 1.5364, Lu 0.0539, Penalty 0.0389, loss 1.6292
Epoch 6, Batch 434/633, Lx 1.6423, Lu 0.0565, Penalty 0.0406, loss 1.7394
Epoch 6, Batch 435/633, Lx 1.4167, Lu 0.0361, Penalty 0.0395, loss 1.4922
Epoch 6, Batch 436/633, Lx 1.5869, Lu 0.0493, Penalty 0.0397, loss 1.6759
Epoch 6, Batch 437/633, Lx 1.6091, Lu 0.0515, Penalty 0.0301, loss 1.6907
Epoch 6, Batch 438/633, Lx 1.3568, Lu 0.0475, Penalty 0.0326, loss 1.4369
Epoch 6, Batch 439/633, Lx 1.5767, Lu 0.0546, Penalty 0.0670, loss 1.6983
Epoch 6, Batch 440/633, Lx 1.6116, Lu 0.0448, Penalty 0.0529, loss 1.7094
Epoch 6, Batch 441/633, Lx 1.6729, Lu 0.0536, Penalty 0.0396, loss 1.7661
Epoch 6, Batch 442/633, Lx 1.3675, Lu 0.0320, Penalty 0.0656, loss 1.4651
Epoch 6, Batch 443/633, Lx 1.2382, Lu 0.0369, Penalty 0.0323, loss 1.3073
Epoch 6, Batch 444/633, Lx 1.5324, Lu 0.0499, Penalty 0.0750, loss 1.6572
Epoch 6, Batch 445/633, Lx 1.5881, Lu 0.0486, Penalty 0.0575, loss 1.6942
Epoch 6, Batch 446/633, Lx 1.5137, Lu 0.0466, Penalty 0.0688, loss 1.6292
Epoch 6, Batch 447/633, Lx 1.6407, Lu 0.0374, Penalty 0.0712, loss 1.7493
Epoch 6, Batch 448/633, Lx 1.2877, Lu 0.0443, Penalty 0.1319, loss 1.4640
Epoch 6, Batch 449/633, Lx 1.5109, Lu 0.0514, Penalty 0.0423, loss 1.6046
Epoch 6, Batch 450/633, Lx 1.5277, Lu 0.0514, Penalty 0.0559, loss 1.6350
Epoch 6, Batch 451/633, Lx 1.5378, Lu 0.0487, Penalty 0.0844, loss 1.6709
Epoch 6, Batch 452/633, Lx 1.6318, Lu 0.0536, Penalty 0.0641, loss 1.7496
Epoch 6, Batch 453/633, Lx 1.6218, Lu 0.0642, Penalty 0.0994, loss 1.7855
Epoch 6, Batch 454/633, Lx 1.4841, Lu 0.0431, Penalty 0.0500, loss 1.5772
Epoch 6, Batch 455/633, Lx 1.6238, Lu 0.0521, Penalty 0.0294, loss 1.7053
Epoch 6, Batch 456/633, Lx 1.5476, Lu 0.0494, Penalty 0.0378, loss 1.6348
Epoch 6, Batch 457/633, Lx 1.5737, Lu 0.0494, Penalty 0.0240, loss 1.6471
Epoch 6, Batch 458/633, Lx 1.4066, Lu 0.0341, Penalty 0.0696, loss 1.5103
Epoch 6, Batch 459/633, Lx 1.6290, Lu 0.0503, Penalty 0.1068, loss 1.7861
Epoch 6, Batch 460/633, Lx 1.6559, Lu 0.0584, Penalty 0.0281, loss 1.7425
Epoch 6, Batch 461/633, Lx 1.5973, Lu 0.0520, Penalty 0.0439, loss 1.6932
Epoch 6, Batch 462/633, Lx 1.8103, Lu 0.0561, Penalty 0.0731, loss 1.9395
Epoch 6, Batch 463/633, Lx 1.5841, Lu 0.0489, Penalty 0.0926, loss 1.7255
Epoch 6, Batch 464/633, Lx 1.2764, Lu 0.0353, Penalty 0.0612, loss 1.3729
Epoch 6, Batch 465/633, Lx 1.5223, Lu 0.0351, Penalty 0.1090, loss 1.6664
Epoch 6, Batch 466/633, Lx 1.6434, Lu 0.0533, Penalty 0.0813, loss 1.7779
Epoch 6, Batch 467/633, Lx 1.3906, Lu 0.0483, Penalty 0.0516, loss 1.4905
Epoch 6, Batch 468/633, Lx 1.7016, Lu 0.0529, Penalty 0.0905, loss 1.8451
Epoch 6, Batch 469/633, Lx 1.4750, Lu 0.0398, Penalty 0.0717, loss 1.5865
Epoch 6, Batch 470/633, Lx 1.2820, Lu 0.0411, Penalty 0.1121, loss 1.4352
Epoch 6, Batch 471/633, Lx 1.6289, Lu 0.0402, Penalty 0.0491, loss 1.7182
Epoch 6, Batch 472/633, Lx 1.6431, Lu 0.0621, Penalty 0.0660, loss 1.7712
Epoch 6, Batch 473/633, Lx 1.3564, Lu 0.0436, Penalty 0.0688, loss 1.4689
Epoch 6, Batch 474/633, Lx 1.5994, Lu 0.0686, Penalty 0.0368, loss 1.7049
Epoch 6, Batch 475/633, Lx 1.5980, Lu 0.0514, Penalty 0.0409, loss 1.6903
Epoch 6, Batch 476/633, Lx 1.1596, Lu 0.0457, Penalty 0.0550, loss 1.2602
Epoch 6, Batch 477/633, Lx 1.5499, Lu 0.0522, Penalty 0.0278, loss 1.6298
Epoch 6, Batch 478/633, Lx 1.4454, Lu 0.0382, Penalty 0.0442, loss 1.5279
Epoch 6, Batch 479/633, Lx 1.4023, Lu 0.0535, Penalty 0.0522, loss 1.5081
Epoch 6, Batch 480/633, Lx 1.4954, Lu 0.0408, Penalty 0.0428, loss 1.5789
Epoch 6, Batch 481/633, Lx 1.7172, Lu 0.0691, Penalty 0.0450, loss 1.8313
Epoch 6, Batch 482/633, Lx 1.3879, Lu 0.0555, Penalty 0.0937, loss 1.5371
Epoch 6, Batch 483/633, Lx 1.7253, Lu 0.0676, Penalty 0.0998, loss 1.8927
Epoch 6, Batch 484/633, Lx 1.5328, Lu 0.0441, Penalty 0.0548, loss 1.6316
Epoch 6, Batch 485/633, Lx 1.2886, Lu 0.0405, Penalty 0.0365, loss 1.3656
Epoch 6, Batch 486/633, Lx 1.6787, Lu 0.0540, Penalty 0.0518, loss 1.7846
Epoch 6, Batch 487/633, Lx 1.3614, Lu 0.0314, Penalty 0.0462, loss 1.4390
Epoch 6, Batch 488/633, Lx 1.6053, Lu 0.0474, Penalty 0.0433, loss 1.6959
Epoch 6, Batch 489/633, Lx 1.4469, Lu 0.0365, Penalty 0.0358, loss 1.5193
Epoch 6, Batch 490/633, Lx 1.6030, Lu 0.0493, Penalty 0.0399, loss 1.6922
Epoch 6, Batch 491/633, Lx 1.4844, Lu 0.0459, Penalty 0.0462, loss 1.5765
Epoch 6, Batch 492/633, Lx 1.5044, Lu 0.0429, Penalty 0.0369, loss 1.5842
Epoch 6, Batch 493/633, Lx 1.5273, Lu 0.0330, Penalty 0.0598, loss 1.6201
Epoch 6, Batch 494/633, Lx 1.5178, Lu 0.0385, Penalty 0.0614, loss 1.6177
Epoch 6, Batch 495/633, Lx 1.5830, Lu 0.0435, Penalty 0.0327, loss 1.6593
Epoch 6, Batch 496/633, Lx 1.6135, Lu 0.0563, Penalty 0.0349, loss 1.7047
Epoch 6, Batch 497/633, Lx 1.6991, Lu 0.0550, Penalty 0.0450, loss 1.7991
Epoch 6, Batch 498/633, Lx 1.8764, Lu 0.0601, Penalty 0.0315, loss 1.9681
Epoch 6, Batch 499/633, Lx 1.6655, Lu 0.0710, Penalty 0.0313, loss 1.7679
Epoch 6, Batch 500/633, Lx 1.5346, Lu 0.0489, Penalty 0.0567, loss 1.6402
Epoch 6, Batch 501/633, Lx 1.6377, Lu 0.0537, Penalty 0.1064, loss 1.7978
Epoch 6, Batch 502/633, Lx 1.4198, Lu 0.0502, Penalty 0.0520, loss 1.5221
Epoch 6, Batch 503/633, Lx 1.3344, Lu 0.0442, Penalty 0.0639, loss 1.4426
Epoch 6, Batch 504/633, Lx 1.3316, Lu 0.0394, Penalty 0.0452, loss 1.4162
Epoch 6, Batch 505/633, Lx 1.3875, Lu 0.0473, Penalty 0.1020, loss 1.5368
Epoch 6, Batch 506/633, Lx 1.5355, Lu 0.0455, Penalty 0.0293, loss 1.6103
Epoch 6, Batch 507/633, Lx 1.4851, Lu 0.0461, Penalty 0.0933, loss 1.6245
Epoch 6, Batch 508/633, Lx 1.5163, Lu 0.0509, Penalty 0.0726, loss 1.6399
Epoch 6, Batch 509/633, Lx 1.6329, Lu 0.0588, Penalty 0.0438, loss 1.7356
Epoch 6, Batch 510/633, Lx 1.5540, Lu 0.0402, Penalty 0.0614, loss 1.6556
Epoch 6, Batch 511/633, Lx 1.6212, Lu 0.0415, Penalty 0.0784, loss 1.7411
Epoch 6, Batch 512/633, Lx 1.4556, Lu 0.0545, Penalty 0.0540, loss 1.5642
Epoch 6, Batch 513/633, Lx 1.6194, Lu 0.0451, Penalty 0.0709, loss 1.7354
Epoch 6, Batch 514/633, Lx 1.3678, Lu 0.0480, Penalty 0.0524, loss 1.4682
Epoch 6, Batch 515/633, Lx 1.7446, Lu 0.0629, Penalty 0.0333, loss 1.8408
Epoch 6, Batch 516/633, Lx 1.5526, Lu 0.0510, Penalty 0.0430, loss 1.6466
Epoch 6, Batch 517/633, Lx 1.6894, Lu 0.0426, Penalty 0.0703, loss 1.8023
Epoch 6, Batch 518/633, Lx 1.4915, Lu 0.0562, Penalty 0.0736, loss 1.6214
Epoch 6, Batch 519/633, Lx 1.6502, Lu 0.0608, Penalty 0.0517, loss 1.7626
Epoch 6, Batch 520/633, Lx 1.5157, Lu 0.0575, Penalty 0.0474, loss 1.6206
Epoch 6, Batch 521/633, Lx 1.7802, Lu 0.0766, Penalty 0.0640, loss 1.9208
Epoch 6, Batch 522/633, Lx 1.3789, Lu 0.0460, Penalty 0.0742, loss 1.4991
Epoch 6, Batch 523/633, Lx 1.5710, Lu 0.0363, Penalty 0.0323, loss 1.6396
Epoch 6, Batch 524/633, Lx 1.5875, Lu 0.0504, Penalty 0.0317, loss 1.6695
Epoch 6, Batch 525/633, Lx 1.5568, Lu 0.0529, Penalty 0.0517, loss 1.6613
Epoch 6, Batch 526/633, Lx 1.3982, Lu 0.0439, Penalty 0.0731, loss 1.5152
Epoch 6, Batch 527/633, Lx 1.4975, Lu 0.0419, Penalty 0.0466, loss 1.5860
Epoch 6, Batch 528/633, Lx 1.4783, Lu 0.0415, Penalty 0.0431, loss 1.5628
Epoch 6, Batch 529/633, Lx 1.6904, Lu 0.0586, Penalty 0.0437, loss 1.7927
Epoch 6, Batch 530/633, Lx 1.4699, Lu 0.0476, Penalty 0.1026, loss 1.6200
Epoch 6, Batch 531/633, Lx 1.5244, Lu 0.0526, Penalty 0.0927, loss 1.6698
Epoch 6, Batch 532/633, Lx 1.6432, Lu 0.0419, Penalty 0.0732, loss 1.7583
Epoch 6, Batch 533/633, Lx 1.4997, Lu 0.0506, Penalty 0.0827, loss 1.6330
Epoch 6, Batch 534/633, Lx 1.5753, Lu 0.0497, Penalty 0.0303, loss 1.6553
Epoch 6, Batch 535/633, Lx 1.8335, Lu 0.0603, Penalty 0.0568, loss 1.9506
Epoch 6, Batch 536/633, Lx 1.6983, Lu 0.0557, Penalty 0.0463, loss 1.8003
Epoch 6, Batch 537/633, Lx 1.6069, Lu 0.0565, Penalty 0.0629, loss 1.7263
Epoch 6, Batch 538/633, Lx 1.5674, Lu 0.0384, Penalty 0.0808, loss 1.6866
Epoch 6, Batch 539/633, Lx 1.3767, Lu 0.0324, Penalty 0.0999, loss 1.5090
Epoch 6, Batch 540/633, Lx 1.6163, Lu 0.0541, Penalty 0.0210, loss 1.6913
Epoch 6, Batch 541/633, Lx 1.2828, Lu 0.0342, Penalty 0.0631, loss 1.3801
Epoch 6, Batch 542/633, Lx 1.5177, Lu 0.0356, Penalty 0.0386, loss 1.5919
Epoch 6, Batch 543/633, Lx 1.3857, Lu 0.0354, Penalty 0.0823, loss 1.5034
Epoch 6, Batch 544/633, Lx 1.4366, Lu 0.0481, Penalty 0.0749, loss 1.5596
Epoch 6, Batch 545/633, Lx 1.4833, Lu 0.0497, Penalty 0.0629, loss 1.5959
Epoch 6, Batch 546/633, Lx 1.6487, Lu 0.0535, Penalty 0.0555, loss 1.7576
Epoch 6, Batch 547/633, Lx 1.3992, Lu 0.0355, Penalty 0.0287, loss 1.4634
Epoch 6, Batch 548/633, Lx 1.3875, Lu 0.0358, Penalty 0.0240, loss 1.4473
Epoch 6, Batch 549/633, Lx 1.5212, Lu 0.0354, Penalty 0.0501, loss 1.6067
Epoch 6, Batch 550/633, Lx 1.4881, Lu 0.0352, Penalty 0.0519, loss 1.5752
Epoch 6, Batch 551/633, Lx 1.5226, Lu 0.0497, Penalty 0.0734, loss 1.6457
Epoch 6, Batch 552/633, Lx 1.5532, Lu 0.0304, Penalty 0.0769, loss 1.6604
Epoch 6, Batch 553/633, Lx 1.6856, Lu 0.0509, Penalty 0.0484, loss 1.7848
Epoch 6, Batch 554/633, Lx 1.4306, Lu 0.0330, Penalty 0.0767, loss 1.5403
Epoch 6, Batch 555/633, Lx 1.6662, Lu 0.0736, Penalty 0.0357, loss 1.7755
Epoch 6, Batch 556/633, Lx 1.6235, Lu 0.0346, Penalty 0.0603, loss 1.7184
Epoch 6, Batch 557/633, Lx 1.4897, Lu 0.0344, Penalty 0.0514, loss 1.5755
Epoch 6, Batch 558/633, Lx 1.5658, Lu 0.0537, Penalty 0.0457, loss 1.6652
Epoch 6, Batch 559/633, Lx 1.6090, Lu 0.0434, Penalty 0.0688, loss 1.7212
Epoch 6, Batch 560/633, Lx 1.4507, Lu 0.0431, Penalty 0.0554, loss 1.5492
Epoch 6, Batch 561/633, Lx 1.5802, Lu 0.0412, Penalty 0.0341, loss 1.6554
Epoch 6, Batch 562/633, Lx 1.6121, Lu 0.0402, Penalty 0.0576, loss 1.7099
Epoch 6, Batch 563/633, Lx 1.3669, Lu 0.0427, Penalty 0.0558, loss 1.4655
Epoch 6, Batch 564/633, Lx 1.6529, Lu 0.0584, Penalty 0.0377, loss 1.7490
Epoch 6, Batch 565/633, Lx 1.5802, Lu 0.0515, Penalty 0.0670, loss 1.6987
Epoch 6, Batch 566/633, Lx 1.3999, Lu 0.0539, Penalty 0.0277, loss 1.4815
Epoch 6, Batch 567/633, Lx 1.6358, Lu 0.0632, Penalty 0.0420, loss 1.7410
Epoch 6, Batch 568/633, Lx 1.3182, Lu 0.0373, Penalty 0.0597, loss 1.4152
Epoch 6, Batch 569/633, Lx 1.5031, Lu 0.0560, Penalty 0.0597, loss 1.6188
Epoch 6, Batch 570/633, Lx 1.8089, Lu 0.0795, Penalty 0.1124, loss 2.0008
Epoch 6, Batch 571/633, Lx 1.4913, Lu 0.0363, Penalty 0.0645, loss 1.5921
Epoch 6, Batch 572/633, Lx 1.6987, Lu 0.0508, Penalty 0.0424, loss 1.7918
Epoch 6, Batch 573/633, Lx 1.5374, Lu 0.0613, Penalty 0.0374, loss 1.6361
Epoch 6, Batch 574/633, Lx 1.5150, Lu 0.0443, Penalty 0.0690, loss 1.6283
Epoch 6, Batch 575/633, Lx 1.6253, Lu 0.0547, Penalty 0.0547, loss 1.7347
Epoch 6, Batch 576/633, Lx 1.5286, Lu 0.0333, Penalty 0.0714, loss 1.6334
Epoch 6, Batch 577/633, Lx 1.8070, Lu 0.0564, Penalty 0.0214, loss 1.8849
Epoch 6, Batch 578/633, Lx 1.1252, Lu 0.0263, Penalty 0.0605, loss 1.2120
Epoch 6, Batch 579/633, Lx 1.7721, Lu 0.0514, Penalty 0.0603, loss 1.8838
Epoch 6, Batch 580/633, Lx 1.5764, Lu 0.0498, Penalty 0.0666, loss 1.6928
Epoch 6, Batch 581/633, Lx 1.6381, Lu 0.0560, Penalty 0.0279, loss 1.7220
Epoch 6, Batch 582/633, Lx 1.3851, Lu 0.0413, Penalty 0.0602, loss 1.4867
Epoch 6, Batch 583/633, Lx 1.4697, Lu 0.0388, Penalty 0.1016, loss 1.6101
Epoch 6, Batch 584/633, Lx 1.6270, Lu 0.0489, Penalty 0.0781, loss 1.7539
Epoch 6, Batch 585/633, Lx 1.5069, Lu 0.0482, Penalty 0.0310, loss 1.5862
Epoch 6, Batch 586/633, Lx 1.3087, Lu 0.0468, Penalty 0.0665, loss 1.4221
Epoch 6, Batch 587/633, Lx 1.6242, Lu 0.0385, Penalty 0.0381, loss 1.7008
Epoch 6, Batch 588/633, Lx 1.8185, Lu 0.0596, Penalty 0.0418, loss 1.9199
Epoch 6, Batch 589/633, Lx 1.5689, Lu 0.0375, Penalty 0.0635, loss 1.6699
Epoch 6, Batch 590/633, Lx 1.4254, Lu 0.0434, Penalty 0.0663, loss 1.5351
Epoch 6, Batch 591/633, Lx 1.5580, Lu 0.0296, Penalty 0.0933, loss 1.6808
Epoch 6, Batch 592/633, Lx 1.3360, Lu 0.0350, Penalty 0.0484, loss 1.4194
Epoch 6, Batch 593/633, Lx 1.6491, Lu 0.0560, Penalty 0.0305, loss 1.7356
Epoch 6, Batch 594/633, Lx 1.7161, Lu 0.0581, Penalty 0.0542, loss 1.8284
Epoch 6, Batch 595/633, Lx 1.3342, Lu 0.0340, Penalty 0.0779, loss 1.4462
Epoch 6, Batch 596/633, Lx 1.5153, Lu 0.0409, Penalty 0.1043, loss 1.6605
Epoch 6, Batch 597/633, Lx 1.3408, Lu 0.0424, Penalty 0.0313, loss 1.4145
Epoch 6, Batch 598/633, Lx 1.6136, Lu 0.0526, Penalty 0.0750, loss 1.7413
Epoch 6, Batch 599/633, Lx 1.5741, Lu 0.0628, Penalty 0.0786, loss 1.7155
Epoch 6, Batch 600/633, Lx 1.6611, Lu 0.0489, Penalty 0.0869, loss 1.7969
Epoch 6, Batch 601/633, Lx 1.2384, Lu 0.0357, Penalty 0.0619, loss 1.3360
Epoch 6, Batch 602/633, Lx 1.5983, Lu 0.0569, Penalty 0.0886, loss 1.7438
Epoch 6, Batch 603/633, Lx 1.6714, Lu 0.0616, Penalty 0.0596, loss 1.7926
Epoch 6, Batch 604/633, Lx 1.4033, Lu 0.0383, Penalty 0.0838, loss 1.5253
Epoch 6, Batch 605/633, Lx 1.6417, Lu 0.0477, Penalty 0.0305, loss 1.7200
Epoch 6, Batch 606/633, Lx 1.4599, Lu 0.0375, Penalty 0.1011, loss 1.5984
Epoch 6, Batch 607/633, Lx 1.6549, Lu 0.0439, Penalty 0.0459, loss 1.7446
Epoch 6, Batch 608/633, Lx 1.7787, Lu 0.0482, Penalty 0.0443, loss 1.8713
Epoch 6, Batch 609/633, Lx 1.4932, Lu 0.0419, Penalty 0.0250, loss 1.5601
Epoch 6, Batch 610/633, Lx 1.3363, Lu 0.0316, Penalty 0.0447, loss 1.4126
Epoch 6, Batch 611/633, Lx 1.3840, Lu 0.0479, Penalty 0.0477, loss 1.4797
Epoch 6, Batch 612/633, Lx 1.6518, Lu 0.0596, Penalty 0.0492, loss 1.7606
Epoch 6, Batch 613/633, Lx 1.5314, Lu 0.0520, Penalty 0.0734, loss 1.6568
Epoch 6, Batch 614/633, Lx 1.4987, Lu 0.0377, Penalty 0.0328, loss 1.5692
Epoch 6, Batch 615/633, Lx 1.4638, Lu 0.0439, Penalty 0.0371, loss 1.5448
Epoch 6, Batch 616/633, Lx 1.4918, Lu 0.0471, Penalty 0.0455, loss 1.5844
Epoch 6, Batch 617/633, Lx 1.6166, Lu 0.0520, Penalty 0.0429, loss 1.7115
Epoch 6, Batch 618/633, Lx 1.7052, Lu 0.0645, Penalty 0.0552, loss 1.8249
Epoch 6, Batch 619/633, Lx 1.6213, Lu 0.0425, Penalty 0.0416, loss 1.7055
Epoch 6, Batch 620/633, Lx 1.5264, Lu 0.0387, Penalty 0.0463, loss 1.6114
Epoch 6, Batch 621/633, Lx 1.5765, Lu 0.0467, Penalty 0.0467, loss 1.6698
Epoch 6, Batch 622/633, Lx 1.7034, Lu 0.0493, Penalty 0.0528, loss 1.8055
Epoch 6, Batch 623/633, Lx 1.5641, Lu 0.0570, Penalty 0.1139, loss 1.7350
Epoch 6, Batch 624/633, Lx 1.5001, Lu 0.0462, Penalty 0.0692, loss 1.6156
Epoch 6, Batch 625/633, Lx 1.5395, Lu 0.0422, Penalty 0.0799, loss 1.6616
Epoch 6, Batch 626/633, Lx 1.6725, Lu 0.0581, Penalty 0.0566, loss 1.7872
Epoch 6, Batch 627/633, Lx 1.4381, Lu 0.0520, Penalty 0.0976, loss 1.5877
Epoch 6, Batch 628/633, Lx 1.5112, Lu 0.0374, Penalty 0.1768, loss 1.7254
Epoch 6, Batch 629/633, Lx 1.2140, Lu 0.0287, Penalty 0.0573, loss 1.3000
Epoch 6, Batch 630/633, Lx 1.1974, Lu 0.0321, Penalty 0.1138, loss 1.3434
Epoch 6, Batch 631/633, Lx 1.3008, Lu 0.0431, Penalty 0.0576, loss 1.4016
Epoch 6, Batch 632/633, Lx 1.5631, Lu 0.0549, Penalty 0.0291, loss 1.6471
Epoch 6, Batch 633/633, Lx 1.2149, Lu 0.0449, Penalty 0.0522, loss 1.3120
Loss: 1.6610, Lx: 1.5540, Lu: 0.0491, Penalty: 0.0579
Evaluating training data at epoch 6 for Model 1
GMM Means: [0.53551497 0.22496019]
GMM Covariances: [0.01844005 0.01266875]
Evaluating training data at epoch 6 for Model 2
GMM Means: [0.24755309 0.55044367]
GMM Covariances: [0.01123184 0.01607846]
Evaluating models at epoch 6
Test data size: 60000
Epoch: 6, Test Loss: 1.4157, Test Accuracy: 0.5794, Test F1 Score: 0.5552
Training for Network 1
labelled data size: 23736
unlabelled data size: 18264
Epoch 7, Batch 1/742, Lx 1.3556, Lu 0.0757, Penalty 0.0365, loss 1.4677
Epoch 7, Batch 2/742, Lx 1.4250, Lu 0.0798, Penalty 0.0447, loss 1.5495
Epoch 7, Batch 3/742, Lx 1.5368, Lu 0.0636, Penalty 0.0484, loss 1.6488
Epoch 7, Batch 4/742, Lx 1.8158, Lu 0.0918, Penalty 0.0197, loss 1.9272
Epoch 7, Batch 5/742, Lx 1.4730, Lu 0.0854, Penalty 0.0338, loss 1.5922
Epoch 7, Batch 6/742, Lx 1.4396, Lu 0.0527, Penalty 0.0891, loss 1.5813
Epoch 7, Batch 7/742, Lx 1.3920, Lu 0.0599, Penalty 0.0892, loss 1.5410
Epoch 7, Batch 8/742, Lx 1.7345, Lu 0.0693, Penalty 0.0661, loss 1.8699
Epoch 7, Batch 9/742, Lx 1.5665, Lu 0.0493, Penalty 0.0939, loss 1.7097
Epoch 7, Batch 10/742, Lx 1.5370, Lu 0.0609, Penalty 0.0790, loss 1.6769
Epoch 7, Batch 11/742, Lx 1.4160, Lu 0.0461, Penalty 0.0946, loss 1.5568
Epoch 7, Batch 12/742, Lx 1.3876, Lu 0.0506, Penalty 0.0768, loss 1.5150
Epoch 7, Batch 13/742, Lx 1.5688, Lu 0.0688, Penalty 0.0529, loss 1.6904
Epoch 7, Batch 14/742, Lx 1.3863, Lu 0.0589, Penalty 0.0486, loss 1.4937
Epoch 7, Batch 15/742, Lx 1.4194, Lu 0.0693, Penalty 0.0380, loss 1.5268
Epoch 7, Batch 16/742, Lx 1.5729, Lu 0.0715, Penalty 0.0164, loss 1.6608
Epoch 7, Batch 17/742, Lx 1.3871, Lu 0.0622, Penalty 0.0326, loss 1.4819
Epoch 7, Batch 18/742, Lx 1.7517, Lu 0.1116, Penalty 0.0826, loss 1.9460
Epoch 7, Batch 19/742, Lx 1.4919, Lu 0.0791, Penalty 0.0312, loss 1.6023
Epoch 7, Batch 20/742, Lx 1.4542, Lu 0.0558, Penalty 0.0234, loss 1.5334
Epoch 7, Batch 21/742, Lx 1.4659, Lu 0.0576, Penalty 0.0091, loss 1.5326
Epoch 7, Batch 22/742, Lx 1.6528, Lu 0.0625, Penalty 0.0286, loss 1.7439
Epoch 7, Batch 23/742, Lx 1.5219, Lu 0.0742, Penalty 0.0353, loss 1.6313
Epoch 7, Batch 24/742, Lx 1.5773, Lu 0.0583, Penalty 0.0578, loss 1.6934
Epoch 7, Batch 25/742, Lx 1.6623, Lu 0.0966, Penalty 0.0568, loss 1.8157
Epoch 7, Batch 26/742, Lx 1.5551, Lu 0.0718, Penalty 0.0557, loss 1.6826
Epoch 7, Batch 27/742, Lx 1.5385, Lu 0.0703, Penalty 0.0587, loss 1.6675
Epoch 7, Batch 28/742, Lx 1.7594, Lu 0.0803, Penalty 0.0306, loss 1.8703
Epoch 7, Batch 29/742, Lx 1.5900, Lu 0.0674, Penalty 0.0371, loss 1.6945
Epoch 7, Batch 30/742, Lx 1.5224, Lu 0.0531, Penalty 0.0361, loss 1.6116
Epoch 7, Batch 31/742, Lx 1.4915, Lu 0.0683, Penalty 0.0544, loss 1.6142
Epoch 7, Batch 32/742, Lx 1.6336, Lu 0.0751, Penalty 0.0357, loss 1.7445
Epoch 7, Batch 33/742, Lx 1.5737, Lu 0.0677, Penalty 0.0459, loss 1.6873
Epoch 7, Batch 34/742, Lx 1.6162, Lu 0.1118, Penalty 0.0747, loss 1.8027
Epoch 7, Batch 35/742, Lx 1.4416, Lu 0.0630, Penalty 0.0500, loss 1.5546
Epoch 7, Batch 36/742, Lx 1.7306, Lu 0.0832, Penalty 0.0663, loss 1.8801
Epoch 7, Batch 37/742, Lx 1.4497, Lu 0.0635, Penalty 0.0360, loss 1.5492
Epoch 7, Batch 38/742, Lx 1.7335, Lu 0.0904, Penalty 0.0828, loss 1.9066
Epoch 7, Batch 39/742, Lx 1.5355, Lu 0.0554, Penalty 0.0460, loss 1.6368
Epoch 7, Batch 40/742, Lx 1.8353, Lu 0.1101, Penalty 0.0643, loss 2.0096
Epoch 7, Batch 41/742, Lx 1.5713, Lu 0.0516, Penalty 0.0949, loss 1.7178
Epoch 7, Batch 42/742, Lx 1.6817, Lu 0.0748, Penalty 0.0470, loss 1.8036
Epoch 7, Batch 43/742, Lx 1.5826, Lu 0.0782, Penalty 0.0467, loss 1.7075
Epoch 7, Batch 44/742, Lx 1.4096, Lu 0.0568, Penalty 0.0209, loss 1.4873
Epoch 7, Batch 45/742, Lx 1.7580, Lu 0.0882, Penalty 0.0711, loss 1.9172
Epoch 7, Batch 46/742, Lx 1.6452, Lu 0.0799, Penalty 0.0188, loss 1.7439
Epoch 7, Batch 47/742, Lx 1.6187, Lu 0.0910, Penalty 0.0732, loss 1.7829
Epoch 7, Batch 48/742, Lx 1.5915, Lu 0.0830, Penalty 0.0442, loss 1.7187
Epoch 7, Batch 49/742, Lx 1.4991, Lu 0.0703, Penalty 0.0131, loss 1.5825
Epoch 7, Batch 50/742, Lx 1.4127, Lu 0.0576, Penalty 0.0377, loss 1.5080
Epoch 7, Batch 51/742, Lx 1.6679, Lu 0.1001, Penalty 0.0659, loss 1.8339
Epoch 7, Batch 52/742, Lx 1.4122, Lu 0.0524, Penalty 0.0318, loss 1.4964
Epoch 7, Batch 53/742, Lx 1.4611, Lu 0.0585, Penalty 0.0381, loss 1.5576
Epoch 7, Batch 54/742, Lx 1.4418, Lu 0.0734, Penalty 0.0455, loss 1.5607
Epoch 7, Batch 55/742, Lx 1.6060, Lu 0.0781, Penalty 0.0541, loss 1.7381
Epoch 7, Batch 56/742, Lx 1.6584, Lu 0.0659, Penalty 0.0382, loss 1.7625
Epoch 7, Batch 57/742, Lx 1.5526, Lu 0.0617, Penalty 0.0534, loss 1.6676
Epoch 7, Batch 58/742, Lx 1.6034, Lu 0.0679, Penalty 0.0416, loss 1.7129
Epoch 7, Batch 59/742, Lx 1.5758, Lu 0.0651, Penalty 0.0738, loss 1.7146
Epoch 7, Batch 60/742, Lx 1.5179, Lu 0.0674, Penalty 0.0745, loss 1.6598
Epoch 7, Batch 61/742, Lx 1.5683, Lu 0.0770, Penalty 0.0570, loss 1.7022
Epoch 7, Batch 62/742, Lx 1.4838, Lu 0.0470, Penalty 0.1049, loss 1.6357
Epoch 7, Batch 63/742, Lx 1.5596, Lu 0.0603, Penalty 0.0385, loss 1.6585
Epoch 7, Batch 64/742, Lx 1.7280, Lu 0.0797, Penalty 0.0230, loss 1.8307
Epoch 7, Batch 65/742, Lx 1.5175, Lu 0.0608, Penalty 0.0266, loss 1.6050
Epoch 7, Batch 66/742, Lx 1.6907, Lu 0.0844, Penalty 0.0335, loss 1.8086
Epoch 7, Batch 67/742, Lx 1.5324, Lu 0.0671, Penalty 0.0393, loss 1.6388
Epoch 7, Batch 68/742, Lx 1.5552, Lu 0.0756, Penalty 0.0190, loss 1.6499
Epoch 7, Batch 69/742, Lx 1.2043, Lu 0.0712, Penalty 0.0382, loss 1.3138
Epoch 7, Batch 70/742, Lx 1.2519, Lu 0.0678, Penalty 0.0480, loss 1.3677
Epoch 7, Batch 71/742, Lx 1.5559, Lu 0.0715, Penalty 0.0300, loss 1.6574
Epoch 7, Batch 72/742, Lx 1.5081, Lu 0.0845, Penalty 0.0597, loss 1.6523
Epoch 7, Batch 73/742, Lx 1.4091, Lu 0.0685, Penalty 0.0632, loss 1.5408
Epoch 7, Batch 74/742, Lx 1.4875, Lu 0.0750, Penalty 0.0599, loss 1.6224
Epoch 7, Batch 75/742, Lx 1.5896, Lu 0.0844, Penalty 0.0410, loss 1.7150
Epoch 7, Batch 76/742, Lx 1.5481, Lu 0.0862, Penalty 0.0143, loss 1.6486
Epoch 7, Batch 77/742, Lx 1.5518, Lu 0.0668, Penalty 0.0346, loss 1.6532
Epoch 7, Batch 78/742, Lx 1.7127, Lu 0.1050, Penalty 0.0387, loss 1.8564
Epoch 7, Batch 79/742, Lx 1.6473, Lu 0.0630, Penalty 0.0322, loss 1.7426
Epoch 7, Batch 80/742, Lx 1.5400, Lu 0.0713, Penalty 0.0361, loss 1.6474
Epoch 7, Batch 81/742, Lx 1.3783, Lu 0.0595, Penalty 0.0935, loss 1.5313
Epoch 7, Batch 82/742, Lx 1.5444, Lu 0.0691, Penalty 0.0332, loss 1.6467
Epoch 7, Batch 83/742, Lx 1.6787, Lu 0.1180, Penalty 0.0376, loss 1.8344
Epoch 7, Batch 84/742, Lx 1.6278, Lu 0.0735, Penalty 0.0121, loss 1.7135
Epoch 7, Batch 85/742, Lx 1.5887, Lu 0.0945, Penalty 0.0323, loss 1.7154
Epoch 7, Batch 86/742, Lx 1.4832, Lu 0.0658, Penalty 0.0583, loss 1.6072
Epoch 7, Batch 87/742, Lx 1.4786, Lu 0.0671, Penalty 0.0603, loss 1.6061
Epoch 7, Batch 88/742, Lx 1.5787, Lu 0.0735, Penalty 0.0558, loss 1.7079
Epoch 7, Batch 89/742, Lx 1.4938, Lu 0.0940, Penalty 0.0083, loss 1.5962
Epoch 7, Batch 90/742, Lx 1.5975, Lu 0.0655, Penalty 0.0357, loss 1.6987
Epoch 7, Batch 91/742, Lx 1.6254, Lu 0.0859, Penalty 0.0724, loss 1.7837
Epoch 7, Batch 92/742, Lx 1.5622, Lu 0.0642, Penalty 0.0364, loss 1.6628
Epoch 7, Batch 93/742, Lx 1.6042, Lu 0.0754, Penalty 0.0834, loss 1.7631
Epoch 7, Batch 94/742, Lx 1.5833, Lu 0.0776, Penalty 0.0645, loss 1.7254
Epoch 7, Batch 95/742, Lx 1.7307, Lu 0.0989, Penalty 0.0336, loss 1.8631
Epoch 7, Batch 96/742, Lx 1.4218, Lu 0.0715, Penalty 0.0372, loss 1.5305
Epoch 7, Batch 97/742, Lx 1.7975, Lu 0.0902, Penalty 0.0348, loss 1.9225
Epoch 7, Batch 98/742, Lx 1.2811, Lu 0.0638, Penalty 0.0627, loss 1.4076
Epoch 7, Batch 99/742, Lx 1.4418, Lu 0.0762, Penalty 0.0335, loss 1.5515
Epoch 7, Batch 100/742, Lx 1.7648, Lu 0.0867, Penalty 0.0248, loss 1.8763
Epoch 7, Batch 101/742, Lx 1.3745, Lu 0.0553, Penalty 0.0155, loss 1.4453
Epoch 7, Batch 102/742, Lx 1.8052, Lu 0.0701, Penalty 0.0486, loss 1.9240
Epoch 7, Batch 103/742, Lx 1.3179, Lu 0.0755, Penalty 0.0154, loss 1.4088
Epoch 7, Batch 104/742, Lx 1.6152, Lu 0.0751, Penalty 0.0159, loss 1.7062
Epoch 7, Batch 105/742, Lx 1.6018, Lu 0.0604, Penalty 0.0961, loss 1.7583
Epoch 7, Batch 106/742, Lx 1.6082, Lu 0.0679, Penalty 0.0507, loss 1.7267
Epoch 7, Batch 107/742, Lx 1.6908, Lu 0.0664, Penalty 0.0391, loss 1.7962
Epoch 7, Batch 108/742, Lx 1.6675, Lu 0.0829, Penalty 0.0672, loss 1.8177
Epoch 7, Batch 109/742, Lx 1.3716, Lu 0.0488, Penalty 0.0660, loss 1.4863
Epoch 7, Batch 110/742, Lx 1.7584, Lu 0.0723, Penalty 0.0426, loss 1.8734
Epoch 7, Batch 111/742, Lx 1.4932, Lu 0.0655, Penalty 0.0781, loss 1.6368
Epoch 7, Batch 112/742, Lx 1.6182, Lu 0.0766, Penalty 0.0498, loss 1.7446
Epoch 7, Batch 113/742, Lx 1.8896, Lu 0.0780, Penalty 0.0229, loss 1.9905
Epoch 7, Batch 114/742, Lx 1.2966, Lu 0.0487, Penalty 0.0306, loss 1.3759
Epoch 7, Batch 115/742, Lx 1.4695, Lu 0.0690, Penalty 0.0620, loss 1.6006
Epoch 7, Batch 116/742, Lx 1.5958, Lu 0.0801, Penalty 0.0741, loss 1.7499
Epoch 7, Batch 117/742, Lx 1.4733, Lu 0.0582, Penalty 0.0272, loss 1.5588
Epoch 7, Batch 118/742, Lx 1.5778, Lu 0.0709, Penalty 0.0390, loss 1.6877
Epoch 7, Batch 119/742, Lx 1.5177, Lu 0.0685, Penalty 0.0665, loss 1.6527
Epoch 7, Batch 120/742, Lx 1.5680, Lu 0.0773, Penalty 0.0264, loss 1.6716
Epoch 7, Batch 121/742, Lx 1.6341, Lu 0.0604, Penalty 0.0261, loss 1.7206
Epoch 7, Batch 122/742, Lx 1.6437, Lu 0.0846, Penalty 0.0275, loss 1.7557
Epoch 7, Batch 123/742, Lx 1.4937, Lu 0.0534, Penalty 0.0181, loss 1.5652
Epoch 7, Batch 124/742, Lx 1.4712, Lu 0.0688, Penalty 0.0602, loss 1.6001
Epoch 7, Batch 125/742, Lx 1.5614, Lu 0.0637, Penalty 0.0198, loss 1.6449
Epoch 7, Batch 126/742, Lx 1.5352, Lu 0.0674, Penalty 0.0312, loss 1.6338
Epoch 7, Batch 127/742, Lx 1.7289, Lu 0.0842, Penalty 0.0736, loss 1.8867
Epoch 7, Batch 128/742, Lx 1.5846, Lu 0.0899, Penalty 0.0253, loss 1.6999
Epoch 7, Batch 129/742, Lx 1.5366, Lu 0.0770, Penalty 0.0240, loss 1.6375
Epoch 7, Batch 130/742, Lx 1.4819, Lu 0.0726, Penalty 0.0284, loss 1.5829
Epoch 7, Batch 131/742, Lx 1.5665, Lu 0.0731, Penalty 0.0168, loss 1.6563
Epoch 7, Batch 132/742, Lx 1.8159, Lu 0.0829, Penalty 0.0199, loss 1.9187
Epoch 7, Batch 133/742, Lx 1.6101, Lu 0.0919, Penalty 0.0430, loss 1.7451
Epoch 7, Batch 134/742, Lx 1.8166, Lu 0.0962, Penalty 0.0204, loss 1.9332
Epoch 7, Batch 135/742, Lx 1.6928, Lu 0.1048, Penalty 0.0475, loss 1.8451
Epoch 7, Batch 136/742, Lx 1.6430, Lu 0.0882, Penalty 0.0476, loss 1.7788
Epoch 7, Batch 137/742, Lx 1.5756, Lu 0.0897, Penalty 0.0423, loss 1.7076
Epoch 7, Batch 138/742, Lx 1.4338, Lu 0.0604, Penalty 0.0664, loss 1.5606
Epoch 7, Batch 139/742, Lx 1.3099, Lu 0.0510, Penalty 0.1293, loss 1.4901
Epoch 7, Batch 140/742, Lx 1.4172, Lu 0.0788, Penalty 0.0807, loss 1.5767
Epoch 7, Batch 141/742, Lx 1.6276, Lu 0.0541, Penalty 0.0400, loss 1.7216
Epoch 7, Batch 142/742, Lx 1.6009, Lu 0.0616, Penalty 0.0283, loss 1.6907
Epoch 7, Batch 143/742, Lx 1.3707, Lu 0.0475, Penalty 0.0490, loss 1.4672
Epoch 7, Batch 144/742, Lx 1.5269, Lu 0.0757, Penalty 0.0508, loss 1.6534
Epoch 7, Batch 145/742, Lx 1.5643, Lu 0.0547, Penalty 0.0146, loss 1.6336
Epoch 7, Batch 146/742, Lx 1.6360, Lu 0.0841, Penalty 0.0358, loss 1.7559
Epoch 7, Batch 147/742, Lx 1.6965, Lu 0.0900, Penalty 0.0370, loss 1.8235
Epoch 7, Batch 148/742, Lx 1.8524, Lu 0.0861, Penalty 0.0357, loss 1.9742
Epoch 7, Batch 149/742, Lx 1.7185, Lu 0.0915, Penalty 0.0431, loss 1.8531
Epoch 7, Batch 150/742, Lx 1.5178, Lu 0.0855, Penalty 0.0344, loss 1.6377
Epoch 7, Batch 151/742, Lx 1.4899, Lu 0.0913, Penalty 0.0634, loss 1.6446
Epoch 7, Batch 152/742, Lx 1.4245, Lu 0.0775, Penalty 0.0245, loss 1.5265
Epoch 7, Batch 153/742, Lx 1.7106, Lu 0.1002, Penalty 0.0375, loss 1.8483
Epoch 7, Batch 154/742, Lx 1.3635, Lu 0.0578, Penalty 0.0324, loss 1.4537
Epoch 7, Batch 155/742, Lx 1.4849, Lu 0.0940, Penalty 0.0548, loss 1.6338
Epoch 7, Batch 156/742, Lx 1.5827, Lu 0.0873, Penalty 0.0297, loss 1.6997
Epoch 7, Batch 157/742, Lx 1.6583, Lu 0.0891, Penalty 0.0443, loss 1.7917
Epoch 7, Batch 158/742, Lx 1.5332, Lu 0.0872, Penalty 0.0670, loss 1.6875
Epoch 7, Batch 159/742, Lx 1.6895, Lu 0.0826, Penalty 0.0255, loss 1.7976
Epoch 7, Batch 160/742, Lx 1.7205, Lu 0.0880, Penalty 0.0855, loss 1.8940
Epoch 7, Batch 161/742, Lx 1.3768, Lu 0.0589, Penalty 0.0467, loss 1.4824
Epoch 7, Batch 162/742, Lx 1.5157, Lu 0.0622, Penalty 0.0322, loss 1.6100
Epoch 7, Batch 163/742, Lx 1.6987, Lu 0.0999, Penalty 0.0684, loss 1.8670
Epoch 7, Batch 164/742, Lx 1.6285, Lu 0.0707, Penalty 0.0437, loss 1.7429
Epoch 7, Batch 165/742, Lx 1.6257, Lu 0.0878, Penalty 0.0595, loss 1.7730
Epoch 7, Batch 166/742, Lx 1.6422, Lu 0.0849, Penalty 0.0766, loss 1.8037
Epoch 7, Batch 167/742, Lx 1.4253, Lu 0.0844, Penalty 0.0500, loss 1.5598
Epoch 7, Batch 168/742, Lx 1.4817, Lu 0.0656, Penalty 0.0474, loss 1.5947
Epoch 7, Batch 169/742, Lx 1.6927, Lu 0.0884, Penalty 0.0230, loss 1.8041
Epoch 7, Batch 170/742, Lx 1.5929, Lu 0.0700, Penalty 0.0103, loss 1.6733
Epoch 7, Batch 171/742, Lx 1.5545, Lu 0.0619, Penalty 0.0688, loss 1.6852
Epoch 7, Batch 172/742, Lx 1.6655, Lu 0.0899, Penalty 0.0522, loss 1.8076
Epoch 7, Batch 173/742, Lx 1.3245, Lu 0.0574, Penalty 0.0302, loss 1.4121
Epoch 7, Batch 174/742, Lx 1.6841, Lu 0.0845, Penalty 0.0529, loss 1.8215
Epoch 7, Batch 175/742, Lx 1.5501, Lu 0.0817, Penalty 0.0478, loss 1.6796
Epoch 7, Batch 176/742, Lx 1.4982, Lu 0.0672, Penalty 0.0530, loss 1.6185
Epoch 7, Batch 177/742, Lx 1.7629, Lu 0.0738, Penalty 0.0672, loss 1.9039
Epoch 7, Batch 178/742, Lx 1.4652, Lu 0.0534, Penalty 0.0654, loss 1.5840
Epoch 7, Batch 179/742, Lx 1.5612, Lu 0.0742, Penalty 0.0450, loss 1.6804
Epoch 7, Batch 180/742, Lx 1.5898, Lu 0.0613, Penalty 0.0556, loss 1.7067
Epoch 7, Batch 181/742, Lx 1.4584, Lu 0.0647, Penalty 0.0525, loss 1.5756
Epoch 7, Batch 182/742, Lx 1.7239, Lu 0.0786, Penalty 0.0259, loss 1.8284
Epoch 7, Batch 183/742, Lx 1.4232, Lu 0.0456, Penalty 0.0278, loss 1.4967
Epoch 7, Batch 184/742, Lx 1.5213, Lu 0.0682, Penalty 0.0266, loss 1.6161
Epoch 7, Batch 185/742, Lx 1.5835, Lu 0.1023, Penalty 0.0538, loss 1.7397
Epoch 7, Batch 186/742, Lx 1.7227, Lu 0.0807, Penalty 0.0365, loss 1.8399
Epoch 7, Batch 187/742, Lx 1.6308, Lu 0.0736, Penalty 0.0206, loss 1.7249
Epoch 7, Batch 188/742, Lx 1.3662, Lu 0.0741, Penalty 0.0739, loss 1.5142
Epoch 7, Batch 189/742, Lx 1.5819, Lu 0.0750, Penalty 0.0214, loss 1.6783
Epoch 7, Batch 190/742, Lx 1.4564, Lu 0.0783, Penalty 0.0510, loss 1.5857
Epoch 7, Batch 191/742, Lx 1.6220, Lu 0.0763, Penalty 0.0288, loss 1.7271
Epoch 7, Batch 192/742, Lx 1.3629, Lu 0.0583, Penalty 0.1244, loss 1.5456
Epoch 7, Batch 193/742, Lx 1.4265, Lu 0.0673, Penalty 0.0507, loss 1.5444
Epoch 7, Batch 194/742, Lx 1.6839, Lu 0.0921, Penalty 0.0275, loss 1.8035
Epoch 7, Batch 195/742, Lx 1.4065, Lu 0.0604, Penalty 0.1105, loss 1.5774
Epoch 7, Batch 196/742, Lx 1.5576, Lu 0.0695, Penalty 0.0540, loss 1.6811
Epoch 7, Batch 197/742, Lx 1.6443, Lu 0.0885, Penalty 0.0255, loss 1.7582
Epoch 7, Batch 198/742, Lx 1.6287, Lu 0.0837, Penalty 0.1083, loss 1.8208
Epoch 7, Batch 199/742, Lx 1.6555, Lu 0.0899, Penalty 0.0152, loss 1.7606
Epoch 7, Batch 200/742, Lx 1.4485, Lu 0.0687, Penalty 0.0464, loss 1.5636
Epoch 7, Batch 201/742, Lx 1.4643, Lu 0.0684, Penalty 0.0551, loss 1.5877
Epoch 7, Batch 202/742, Lx 1.4784, Lu 0.0750, Penalty 0.0459, loss 1.5993
Epoch 7, Batch 203/742, Lx 1.5185, Lu 0.0567, Penalty 0.0548, loss 1.6300
Epoch 7, Batch 204/742, Lx 1.5478, Lu 0.1021, Penalty 0.0684, loss 1.7182
Epoch 7, Batch 205/742, Lx 1.6403, Lu 0.1026, Penalty 0.0398, loss 1.7826
Epoch 7, Batch 206/742, Lx 1.5184, Lu 0.0708, Penalty 0.0458, loss 1.6350
Epoch 7, Batch 207/742, Lx 1.4855, Lu 0.0527, Penalty 0.0523, loss 1.5904
Epoch 7, Batch 208/742, Lx 1.8004, Lu 0.1014, Penalty 0.0606, loss 1.9624
Epoch 7, Batch 209/742, Lx 1.6625, Lu 0.0886, Penalty 0.0308, loss 1.7818
Epoch 7, Batch 210/742, Lx 1.4090, Lu 0.0634, Penalty 0.0422, loss 1.5147
Epoch 7, Batch 211/742, Lx 1.5559, Lu 0.0717, Penalty 0.0734, loss 1.7009
Epoch 7, Batch 212/742, Lx 1.3209, Lu 0.0557, Penalty 0.0853, loss 1.4618
Epoch 7, Batch 213/742, Lx 1.3377, Lu 0.0512, Penalty 0.0775, loss 1.4663
Epoch 7, Batch 214/742, Lx 1.5435, Lu 0.0617, Penalty 0.0419, loss 1.6472
Epoch 7, Batch 215/742, Lx 1.6551, Lu 0.0908, Penalty 0.0565, loss 1.8024
Epoch 7, Batch 216/742, Lx 1.4656, Lu 0.0666, Penalty 0.0806, loss 1.6128
Epoch 7, Batch 217/742, Lx 1.5524, Lu 0.0577, Penalty 0.0392, loss 1.6493
Epoch 7, Batch 218/742, Lx 1.7968, Lu 0.0780, Penalty 0.0528, loss 1.9276
Epoch 7, Batch 219/742, Lx 1.7312, Lu 0.0818, Penalty 0.0388, loss 1.8518
Epoch 7, Batch 220/742, Lx 1.7005, Lu 0.0572, Penalty 0.0649, loss 1.8226
Epoch 7, Batch 221/742, Lx 1.4961, Lu 0.0611, Penalty 0.0505, loss 1.6077
Epoch 7, Batch 222/742, Lx 1.5034, Lu 0.0683, Penalty 0.0702, loss 1.6419
Epoch 7, Batch 223/742, Lx 1.6058, Lu 0.0763, Penalty 0.0462, loss 1.7283
Epoch 7, Batch 224/742, Lx 1.5038, Lu 0.0789, Penalty 0.0290, loss 1.6117
Epoch 7, Batch 225/742, Lx 1.6261, Lu 0.0784, Penalty 0.0235, loss 1.7280
Epoch 7, Batch 226/742, Lx 1.5851, Lu 0.0766, Penalty 0.0931, loss 1.7548
Epoch 7, Batch 227/742, Lx 1.8597, Lu 0.0973, Penalty 0.0636, loss 2.0206
Epoch 7, Batch 228/742, Lx 1.6751, Lu 0.0813, Penalty 0.0540, loss 1.8104
Epoch 7, Batch 229/742, Lx 1.4200, Lu 0.0816, Penalty 0.0593, loss 1.5609
Epoch 7, Batch 230/742, Lx 1.7349, Lu 0.1100, Penalty 0.0404, loss 1.8853
Epoch 7, Batch 231/742, Lx 1.5332, Lu 0.0677, Penalty 0.0286, loss 1.6295
Epoch 7, Batch 232/742, Lx 1.6648, Lu 0.1085, Penalty 0.0427, loss 1.8160
Epoch 7, Batch 233/742, Lx 1.5074, Lu 0.0596, Penalty 0.0270, loss 1.5940
Epoch 7, Batch 234/742, Lx 1.5794, Lu 0.0941, Penalty 0.0167, loss 1.6901
Epoch 7, Batch 235/742, Lx 1.5999, Lu 0.0703, Penalty 0.0413, loss 1.7116
Epoch 7, Batch 236/742, Lx 1.4947, Lu 0.0622, Penalty 0.0386, loss 1.5955
Epoch 7, Batch 237/742, Lx 1.6380, Lu 0.1049, Penalty 0.0139, loss 1.7567
Epoch 7, Batch 238/742, Lx 1.5565, Lu 0.0573, Penalty 0.0730, loss 1.6868
Epoch 7, Batch 239/742, Lx 1.7126, Lu 0.0917, Penalty 0.0340, loss 1.8383
Epoch 7, Batch 240/742, Lx 1.6753, Lu 0.0671, Penalty 0.0159, loss 1.7583
Epoch 7, Batch 241/742, Lx 1.5450, Lu 0.0773, Penalty 0.0278, loss 1.6500
Epoch 7, Batch 242/742, Lx 1.3240, Lu 0.0541, Penalty 0.0200, loss 1.3981
Epoch 7, Batch 243/742, Lx 1.3841, Lu 0.0519, Penalty 0.0871, loss 1.5230
Epoch 7, Batch 244/742, Lx 1.4448, Lu 0.0490, Penalty 0.0322, loss 1.5259
Epoch 7, Batch 245/742, Lx 1.5853, Lu 0.0910, Penalty 0.0583, loss 1.7346
Epoch 7, Batch 246/742, Lx 1.4356, Lu 0.0742, Penalty 0.0793, loss 1.5890
Epoch 7, Batch 247/742, Lx 1.4473, Lu 0.0589, Penalty 0.0343, loss 1.5405
Epoch 7, Batch 248/742, Lx 1.5230, Lu 0.0620, Penalty 0.0613, loss 1.6464
Epoch 7, Batch 249/742, Lx 1.5763, Lu 0.0580, Penalty 0.0614, loss 1.6958
Epoch 7, Batch 250/742, Lx 1.6696, Lu 0.0844, Penalty 0.0810, loss 1.8349
Epoch 7, Batch 251/742, Lx 1.5751, Lu 0.0698, Penalty 0.0597, loss 1.7046
Epoch 7, Batch 252/742, Lx 1.5703, Lu 0.0794, Penalty 0.0580, loss 1.7077
Epoch 7, Batch 253/742, Lx 1.5250, Lu 0.0528, Penalty 0.0283, loss 1.6062
Epoch 7, Batch 254/742, Lx 1.6238, Lu 0.0702, Penalty 0.0464, loss 1.7405
Epoch 7, Batch 255/742, Lx 1.4546, Lu 0.0604, Penalty 0.0737, loss 1.5887
Epoch 7, Batch 256/742, Lx 1.6236, Lu 0.0978, Penalty 0.1143, loss 1.8357
Epoch 7, Batch 257/742, Lx 1.2607, Lu 0.0492, Penalty 0.0736, loss 1.3835
Epoch 7, Batch 258/742, Lx 1.5058, Lu 0.0526, Penalty 0.0488, loss 1.6072
Epoch 7, Batch 259/742, Lx 1.8187, Lu 0.0866, Penalty 0.0569, loss 1.9622
Epoch 7, Batch 260/742, Lx 1.5908, Lu 0.0627, Penalty 0.0781, loss 1.7317
Epoch 7, Batch 261/742, Lx 1.6416, Lu 0.0779, Penalty 0.0096, loss 1.7290
Epoch 7, Batch 262/742, Lx 1.4729, Lu 0.0566, Penalty 0.0373, loss 1.5668
Epoch 7, Batch 263/742, Lx 1.5556, Lu 0.0602, Penalty 0.0191, loss 1.6349
Epoch 7, Batch 264/742, Lx 1.5897, Lu 0.0684, Penalty 0.0361, loss 1.6943
Epoch 7, Batch 265/742, Lx 1.5144, Lu 0.0808, Penalty 0.1009, loss 1.6962
Epoch 7, Batch 266/742, Lx 1.6130, Lu 0.0707, Penalty 0.0415, loss 1.7252
Epoch 7, Batch 267/742, Lx 1.7049, Lu 0.0926, Penalty 0.0158, loss 1.8133
Epoch 7, Batch 268/742, Lx 1.6131, Lu 0.0914, Penalty 0.0299, loss 1.7344
Epoch 7, Batch 269/742, Lx 1.3099, Lu 0.0485, Penalty 0.0742, loss 1.4326
Epoch 7, Batch 270/742, Lx 1.6465, Lu 0.0870, Penalty 0.0195, loss 1.7531
Epoch 7, Batch 271/742, Lx 1.3741, Lu 0.0491, Penalty 0.0436, loss 1.4668
Epoch 7, Batch 272/742, Lx 1.4695, Lu 0.0811, Penalty 0.0267, loss 1.5773
Epoch 7, Batch 273/742, Lx 1.3674, Lu 0.0613, Penalty 0.0581, loss 1.4867
Epoch 7, Batch 274/742, Lx 1.5821, Lu 0.0592, Penalty 0.0786, loss 1.7199
Epoch 7, Batch 275/742, Lx 1.7472, Lu 0.0879, Penalty 0.0306, loss 1.8657
Epoch 7, Batch 276/742, Lx 1.5911, Lu 0.0674, Penalty 0.0348, loss 1.6933
Epoch 7, Batch 277/742, Lx 1.6209, Lu 0.0833, Penalty 0.0151, loss 1.7193
Epoch 7, Batch 278/742, Lx 1.5164, Lu 0.0800, Penalty 0.0534, loss 1.6498
Epoch 7, Batch 279/742, Lx 1.4087, Lu 0.0625, Penalty 0.0330, loss 1.5042
Epoch 7, Batch 280/742, Lx 1.6331, Lu 0.0584, Penalty 0.0243, loss 1.7158
Epoch 7, Batch 281/742, Lx 1.5807, Lu 0.0898, Penalty 0.0558, loss 1.7264
Epoch 7, Batch 282/742, Lx 1.7261, Lu 0.0887, Penalty 0.0229, loss 1.8377
Epoch 7, Batch 283/742, Lx 1.6552, Lu 0.0838, Penalty 0.0193, loss 1.7583
Epoch 7, Batch 284/742, Lx 1.4830, Lu 0.0855, Penalty 0.0431, loss 1.6115
Epoch 7, Batch 285/742, Lx 1.4934, Lu 0.0691, Penalty 0.0313, loss 1.5938
Epoch 7, Batch 286/742, Lx 1.5500, Lu 0.0822, Penalty 0.0779, loss 1.7100
Epoch 7, Batch 287/742, Lx 1.1322, Lu 0.0565, Penalty 0.0337, loss 1.2225
Epoch 7, Batch 288/742, Lx 1.8163, Lu 0.0826, Penalty 0.0638, loss 1.9628
Epoch 7, Batch 289/742, Lx 1.4174, Lu 0.0780, Penalty 0.0681, loss 1.5635
Epoch 7, Batch 290/742, Lx 1.5027, Lu 0.0897, Penalty 0.0384, loss 1.6308
Epoch 7, Batch 291/742, Lx 1.5621, Lu 0.0673, Penalty 0.0353, loss 1.6647
Epoch 7, Batch 292/742, Lx 1.6807, Lu 0.0660, Penalty 0.0570, loss 1.8037
Epoch 7, Batch 293/742, Lx 1.4870, Lu 0.0694, Penalty 0.1143, loss 1.6707
Epoch 7, Batch 294/742, Lx 1.3579, Lu 0.0625, Penalty 0.0806, loss 1.5009
Epoch 7, Batch 295/742, Lx 1.7746, Lu 0.1000, Penalty 0.0941, loss 1.9687
Epoch 7, Batch 296/742, Lx 1.4080, Lu 0.0678, Penalty 0.0429, loss 1.5187
Epoch 7, Batch 297/742, Lx 1.5661, Lu 0.0766, Penalty 0.0471, loss 1.6899
Epoch 7, Batch 298/742, Lx 1.6057, Lu 0.0504, Penalty 0.0419, loss 1.6979
Epoch 7, Batch 299/742, Lx 1.4759, Lu 0.0770, Penalty 0.0529, loss 1.6058
Epoch 7, Batch 300/742, Lx 1.4846, Lu 0.0511, Penalty 0.0279, loss 1.5636
Epoch 7, Batch 301/742, Lx 1.5245, Lu 0.0843, Penalty 0.0497, loss 1.6585
Epoch 7, Batch 302/742, Lx 1.2242, Lu 0.0641, Penalty 0.0362, loss 1.3246
Epoch 7, Batch 303/742, Lx 1.4096, Lu 0.0742, Penalty 0.0697, loss 1.5536
Epoch 7, Batch 304/742, Lx 1.6504, Lu 0.0654, Penalty 0.0268, loss 1.7425
Epoch 7, Batch 305/742, Lx 1.8319, Lu 0.1227, Penalty 0.0368, loss 1.9915
Epoch 7, Batch 306/742, Lx 1.5169, Lu 0.0625, Penalty 0.0258, loss 1.6053
Epoch 7, Batch 307/742, Lx 1.5778, Lu 0.0963, Penalty 0.0230, loss 1.6971
Epoch 7, Batch 308/742, Lx 1.6745, Lu 0.0794, Penalty 0.0565, loss 1.8104
Epoch 7, Batch 309/742, Lx 1.6657, Lu 0.0938, Penalty 0.0758, loss 1.8353
Epoch 7, Batch 310/742, Lx 1.3722, Lu 0.0846, Penalty 0.0228, loss 1.4796
Epoch 7, Batch 311/742, Lx 1.7787, Lu 0.1133, Penalty 0.0426, loss 1.9346
Epoch 7, Batch 312/742, Lx 1.6060, Lu 0.0780, Penalty 0.0491, loss 1.7332
Epoch 7, Batch 313/742, Lx 1.8233, Lu 0.0867, Penalty 0.0441, loss 1.9541
Epoch 7, Batch 314/742, Lx 1.5623, Lu 0.0529, Penalty 0.0485, loss 1.6637
Epoch 7, Batch 315/742, Lx 1.6289, Lu 0.0640, Penalty 0.0587, loss 1.7515
Epoch 7, Batch 316/742, Lx 1.2636, Lu 0.0692, Penalty 0.0222, loss 1.3550
Epoch 7, Batch 317/742, Lx 1.5817, Lu 0.0992, Penalty 0.0234, loss 1.7042
Epoch 7, Batch 318/742, Lx 1.6874, Lu 0.0858, Penalty 0.0202, loss 1.7935
Epoch 7, Batch 319/742, Lx 1.3220, Lu 0.0392, Penalty 0.0173, loss 1.3785
Epoch 7, Batch 320/742, Lx 1.6515, Lu 0.0858, Penalty 0.0634, loss 1.8008
Epoch 7, Batch 321/742, Lx 1.4105, Lu 0.0454, Penalty 0.0899, loss 1.5458
Epoch 7, Batch 322/742, Lx 1.6709, Lu 0.0775, Penalty 0.0445, loss 1.7928
Epoch 7, Batch 323/742, Lx 1.5081, Lu 0.0837, Penalty 0.0620, loss 1.6537
Epoch 7, Batch 324/742, Lx 1.5234, Lu 0.0689, Penalty 0.1037, loss 1.6960
Epoch 7, Batch 325/742, Lx 1.4892, Lu 0.0760, Penalty 0.0592, loss 1.6244
Epoch 7, Batch 326/742, Lx 1.5341, Lu 0.0631, Penalty 0.0788, loss 1.6759
Epoch 7, Batch 327/742, Lx 1.5273, Lu 0.0590, Penalty 0.0457, loss 1.6319
Epoch 7, Batch 328/742, Lx 1.5461, Lu 0.0699, Penalty 0.0385, loss 1.6544
Epoch 7, Batch 329/742, Lx 1.7039, Lu 0.0785, Penalty 0.0352, loss 1.8177
Epoch 7, Batch 330/742, Lx 1.5604, Lu 0.0865, Penalty 0.0552, loss 1.7021
Epoch 7, Batch 331/742, Lx 1.5687, Lu 0.0685, Penalty 0.0341, loss 1.6712
Epoch 7, Batch 332/742, Lx 1.5967, Lu 0.0777, Penalty 0.0314, loss 1.7059
Epoch 7, Batch 333/742, Lx 1.4566, Lu 0.0930, Penalty 0.0429, loss 1.5925
Epoch 7, Batch 334/742, Lx 1.6530, Lu 0.0949, Penalty 0.0360, loss 1.7839
Epoch 7, Batch 335/742, Lx 1.4576, Lu 0.0660, Penalty 0.0369, loss 1.5605
Epoch 7, Batch 336/742, Lx 1.5308, Lu 0.0779, Penalty 0.0574, loss 1.6661
Epoch 7, Batch 337/742, Lx 1.6484, Lu 0.0716, Penalty 0.0153, loss 1.7353
Epoch 7, Batch 338/742, Lx 1.4434, Lu 0.0577, Penalty 0.0271, loss 1.5282
Epoch 7, Batch 339/742, Lx 1.3411, Lu 0.0649, Penalty 0.0423, loss 1.4483
Epoch 7, Batch 340/742, Lx 1.5153, Lu 0.0686, Penalty 0.0452, loss 1.6291
Epoch 7, Batch 341/742, Lx 1.7588, Lu 0.0660, Penalty 0.0333, loss 1.8581
Epoch 7, Batch 342/742, Lx 1.7621, Lu 0.1032, Penalty 0.0607, loss 1.9260
Epoch 7, Batch 343/742, Lx 1.5878, Lu 0.0784, Penalty 0.0472, loss 1.7134
Epoch 7, Batch 344/742, Lx 1.7201, Lu 0.0780, Penalty 0.0318, loss 1.8298
Epoch 7, Batch 345/742, Lx 1.6795, Lu 0.0866, Penalty 0.0399, loss 1.8061
Epoch 7, Batch 346/742, Lx 1.7248, Lu 0.0800, Penalty 0.0790, loss 1.8838
Epoch 7, Batch 347/742, Lx 1.6134, Lu 0.0803, Penalty 0.1153, loss 1.8091
Epoch 7, Batch 348/742, Lx 1.6201, Lu 0.0720, Penalty 0.0384, loss 1.7305
Epoch 7, Batch 349/742, Lx 1.6569, Lu 0.1003, Penalty 0.1017, loss 1.8589
Epoch 7, Batch 350/742, Lx 1.5614, Lu 0.0673, Penalty 0.0601, loss 1.6888
Epoch 7, Batch 351/742, Lx 1.6796, Lu 0.0855, Penalty 0.0289, loss 1.7941
Epoch 7, Batch 352/742, Lx 1.3076, Lu 0.0522, Penalty 0.0673, loss 1.4271
Epoch 7, Batch 353/742, Lx 1.5589, Lu 0.0728, Penalty 0.0467, loss 1.6784
Epoch 7, Batch 354/742, Lx 1.6385, Lu 0.0925, Penalty 0.0578, loss 1.7888
Epoch 7, Batch 355/742, Lx 1.7727, Lu 0.0748, Penalty 0.0389, loss 1.8864
Epoch 7, Batch 356/742, Lx 1.5419, Lu 0.0773, Penalty 0.0334, loss 1.6525
Epoch 7, Batch 357/742, Lx 1.6072, Lu 0.0940, Penalty 0.0210, loss 1.7222
Epoch 7, Batch 358/742, Lx 1.6069, Lu 0.0812, Penalty 0.0595, loss 1.7475
Epoch 7, Batch 359/742, Lx 1.5352, Lu 0.0641, Penalty 0.0743, loss 1.6735
Epoch 7, Batch 360/742, Lx 1.6521, Lu 0.0821, Penalty 0.0238, loss 1.7581
Epoch 7, Batch 361/742, Lx 1.2940, Lu 0.0708, Penalty 0.0457, loss 1.4105
Epoch 7, Batch 362/742, Lx 1.7953, Lu 0.0876, Penalty 0.0338, loss 1.9168
Epoch 7, Batch 363/742, Lx 1.4550, Lu 0.0604, Penalty 0.0496, loss 1.5650
Epoch 7, Batch 364/742, Lx 1.5563, Lu 0.0602, Penalty 0.0483, loss 1.6648
Epoch 7, Batch 365/742, Lx 1.4611, Lu 0.0662, Penalty 0.0388, loss 1.5661
Epoch 7, Batch 366/742, Lx 1.6298, Lu 0.0794, Penalty 0.0616, loss 1.7707
Epoch 7, Batch 367/742, Lx 1.6352, Lu 0.0945, Penalty 0.0239, loss 1.7537
Epoch 7, Batch 368/742, Lx 1.5196, Lu 0.0739, Penalty 0.0750, loss 1.6685
Epoch 7, Batch 369/742, Lx 1.4293, Lu 0.0615, Penalty 0.0470, loss 1.5378
Epoch 7, Batch 370/742, Lx 1.5809, Lu 0.0663, Penalty 0.0386, loss 1.6859
Epoch 7, Batch 371/742, Lx 1.3910, Lu 0.0645, Penalty 0.0254, loss 1.4809
Epoch 7, Batch 372/742, Lx 1.5798, Lu 0.0711, Penalty 0.0413, loss 1.6922
Epoch 7, Batch 373/742, Lx 1.8428, Lu 0.0998, Penalty 0.0161, loss 1.9588
Epoch 7, Batch 374/742, Lx 1.5747, Lu 0.0862, Penalty 0.0286, loss 1.6895
Epoch 7, Batch 375/742, Lx 1.6752, Lu 0.0804, Penalty 0.0268, loss 1.7823
Epoch 7, Batch 376/742, Lx 1.4695, Lu 0.0782, Penalty 0.0203, loss 1.5680
Epoch 7, Batch 377/742, Lx 1.5759, Lu 0.0573, Penalty 0.0373, loss 1.6706
Epoch 7, Batch 378/742, Lx 1.8094, Lu 0.1044, Penalty 0.0323, loss 1.9461
Epoch 7, Batch 379/742, Lx 1.4911, Lu 0.0481, Penalty 0.0173, loss 1.5565
Epoch 7, Batch 380/742, Lx 1.6845, Lu 0.0877, Penalty 0.0423, loss 1.8145
Epoch 7, Batch 381/742, Lx 1.5302, Lu 0.0655, Penalty 0.0387, loss 1.6344
Epoch 7, Batch 382/742, Lx 1.8062, Lu 0.0902, Penalty 0.0141, loss 1.9105
Epoch 7, Batch 383/742, Lx 1.6248, Lu 0.0758, Penalty 0.0380, loss 1.7386
Epoch 7, Batch 384/742, Lx 1.4965, Lu 0.0781, Penalty 0.0313, loss 1.6058
Epoch 7, Batch 385/742, Lx 1.7851, Lu 0.0936, Penalty 0.0652, loss 1.9438
Epoch 7, Batch 386/742, Lx 1.6085, Lu 0.0585, Penalty 0.0209, loss 1.6879
Epoch 7, Batch 387/742, Lx 1.6392, Lu 0.0808, Penalty 0.0665, loss 1.7865
Epoch 7, Batch 388/742, Lx 1.6176, Lu 0.1028, Penalty 0.0984, loss 1.8188
Epoch 7, Batch 389/742, Lx 1.5226, Lu 0.0554, Penalty 0.0347, loss 1.6127
Epoch 7, Batch 390/742, Lx 1.4838, Lu 0.0760, Penalty 0.0490, loss 1.6088
Epoch 7, Batch 391/742, Lx 1.5218, Lu 0.0617, Penalty 0.0566, loss 1.6401
Epoch 7, Batch 392/742, Lx 1.6157, Lu 0.0654, Penalty 0.0566, loss 1.7378
Epoch 7, Batch 393/742, Lx 1.5834, Lu 0.0660, Penalty 0.0666, loss 1.7160
Epoch 7, Batch 394/742, Lx 1.4189, Lu 0.0578, Penalty 0.0181, loss 1.4948
Epoch 7, Batch 395/742, Lx 1.4186, Lu 0.0558, Penalty 0.0367, loss 1.5111
Epoch 7, Batch 396/742, Lx 1.4899, Lu 0.0735, Penalty 0.0419, loss 1.6054
Epoch 7, Batch 397/742, Lx 1.7278, Lu 0.0845, Penalty 0.0342, loss 1.8464
Epoch 7, Batch 398/742, Lx 1.7109, Lu 0.0727, Penalty 0.0329, loss 1.8165
Epoch 7, Batch 399/742, Lx 1.6659, Lu 0.0742, Penalty 0.0374, loss 1.7775
Epoch 7, Batch 400/742, Lx 1.5420, Lu 0.1016, Penalty 0.0689, loss 1.7125
Epoch 7, Batch 401/742, Lx 1.6464, Lu 0.0769, Penalty 0.0134, loss 1.7366
Epoch 7, Batch 402/742, Lx 1.5844, Lu 0.0819, Penalty 0.0372, loss 1.7035
Epoch 7, Batch 403/742, Lx 1.6332, Lu 0.0868, Penalty 0.0430, loss 1.7629
Epoch 7, Batch 404/742, Lx 1.4699, Lu 0.0813, Penalty 0.0410, loss 1.5922
Epoch 7, Batch 405/742, Lx 1.6125, Lu 0.0603, Penalty 0.0419, loss 1.7146
Epoch 7, Batch 406/742, Lx 1.6661, Lu 0.0749, Penalty 0.1210, loss 1.8619
Epoch 7, Batch 407/742, Lx 1.3975, Lu 0.0521, Penalty 0.0228, loss 1.4724
Epoch 7, Batch 408/742, Lx 1.6106, Lu 0.0801, Penalty 0.0478, loss 1.7385
Epoch 7, Batch 409/742, Lx 1.5274, Lu 0.0639, Penalty 0.0275, loss 1.6189
Epoch 7, Batch 410/742, Lx 1.5385, Lu 0.0683, Penalty 0.0265, loss 1.6333
Epoch 7, Batch 411/742, Lx 1.4806, Lu 0.0463, Penalty 0.0405, loss 1.5673
Epoch 7, Batch 412/742, Lx 1.3725, Lu 0.0587, Penalty 0.0564, loss 1.4877
Epoch 7, Batch 413/742, Lx 1.7069, Lu 0.1027, Penalty 0.0420, loss 1.8516
Epoch 7, Batch 414/742, Lx 1.7309, Lu 0.0729, Penalty 0.0517, loss 1.8554
Epoch 7, Batch 415/742, Lx 1.4187, Lu 0.0530, Penalty 0.0449, loss 1.5165
Epoch 7, Batch 416/742, Lx 1.6947, Lu 0.0783, Penalty 0.0585, loss 1.8315
Epoch 7, Batch 417/742, Lx 1.5255, Lu 0.0760, Penalty 0.0556, loss 1.6571
Epoch 7, Batch 418/742, Lx 1.7629, Lu 0.0726, Penalty 0.0782, loss 1.9137
Epoch 7, Batch 419/742, Lx 1.5168, Lu 0.0691, Penalty 0.0390, loss 1.6250
Epoch 7, Batch 420/742, Lx 1.5720, Lu 0.0871, Penalty 0.0319, loss 1.6910
Epoch 7, Batch 421/742, Lx 1.5563, Lu 0.0708, Penalty 0.1171, loss 1.7442
Epoch 7, Batch 422/742, Lx 1.7705, Lu 0.0980, Penalty 0.0412, loss 1.9097
Epoch 7, Batch 423/742, Lx 1.3702, Lu 0.0584, Penalty 0.0618, loss 1.4904
Epoch 7, Batch 424/742, Lx 1.5585, Lu 0.0877, Penalty 0.0497, loss 1.6960
Epoch 7, Batch 425/742, Lx 1.6110, Lu 0.1036, Penalty 0.0332, loss 1.7478
Epoch 7, Batch 426/742, Lx 1.4986, Lu 0.0581, Penalty 0.0442, loss 1.6009
Epoch 7, Batch 427/742, Lx 1.3804, Lu 0.0545, Penalty 0.0336, loss 1.4685
Epoch 7, Batch 428/742, Lx 1.6047, Lu 0.0739, Penalty 0.0341, loss 1.7127
Epoch 7, Batch 429/742, Lx 1.6112, Lu 0.0599, Penalty 0.0268, loss 1.6979
Epoch 7, Batch 430/742, Lx 1.7783, Lu 0.0815, Penalty 0.0508, loss 1.9105
Epoch 7, Batch 431/742, Lx 1.6229, Lu 0.0727, Penalty 0.0597, loss 1.7553
Epoch 7, Batch 432/742, Lx 1.6414, Lu 0.0765, Penalty 0.0189, loss 1.7368
Epoch 7, Batch 433/742, Lx 1.5332, Lu 0.0558, Penalty 0.0165, loss 1.6055
Epoch 7, Batch 434/742, Lx 1.6566, Lu 0.0699, Penalty 0.0292, loss 1.7557
Epoch 7, Batch 435/742, Lx 1.5293, Lu 0.0777, Penalty 0.0661, loss 1.6731
Epoch 7, Batch 436/742, Lx 1.6209, Lu 0.0865, Penalty 0.0626, loss 1.7701
Epoch 7, Batch 437/742, Lx 1.5311, Lu 0.0609, Penalty 0.0401, loss 1.6321
Epoch 7, Batch 438/742, Lx 1.6953, Lu 0.0837, Penalty 0.0397, loss 1.8187
Epoch 7, Batch 439/742, Lx 1.5042, Lu 0.0661, Penalty 0.0163, loss 1.5866
Epoch 7, Batch 440/742, Lx 1.2453, Lu 0.0488, Penalty 0.0481, loss 1.3421
Epoch 7, Batch 441/742, Lx 1.7326, Lu 0.0807, Penalty 0.0404, loss 1.8537
Epoch 7, Batch 442/742, Lx 1.7030, Lu 0.0832, Penalty 0.0413, loss 1.8275
Epoch 7, Batch 443/742, Lx 1.6114, Lu 0.0770, Penalty 0.0240, loss 1.7124
Epoch 7, Batch 444/742, Lx 1.4579, Lu 0.0754, Penalty 0.0172, loss 1.5504
Epoch 7, Batch 445/742, Lx 1.7224, Lu 0.0817, Penalty 0.0155, loss 1.8196
Epoch 7, Batch 446/742, Lx 1.2976, Lu 0.0517, Penalty 0.0096, loss 1.3589
Epoch 7, Batch 447/742, Lx 1.5830, Lu 0.0760, Penalty 0.0495, loss 1.7085
Epoch 7, Batch 448/742, Lx 1.6619, Lu 0.0901, Penalty 0.0175, loss 1.7695
Epoch 7, Batch 449/742, Lx 1.6649, Lu 0.0919, Penalty 0.0247, loss 1.7815
Epoch 7, Batch 450/742, Lx 1.6509, Lu 0.1105, Penalty 0.0157, loss 1.7770
Epoch 7, Batch 451/742, Lx 1.5213, Lu 0.0913, Penalty 0.0514, loss 1.6640
Epoch 7, Batch 452/742, Lx 1.6793, Lu 0.0823, Penalty 0.0316, loss 1.7932
Epoch 7, Batch 453/742, Lx 1.7717, Lu 0.1027, Penalty 0.0681, loss 1.9425
Epoch 7, Batch 454/742, Lx 1.4849, Lu 0.1040, Penalty 0.0571, loss 1.6461
Epoch 7, Batch 455/742, Lx 1.5201, Lu 0.0734, Penalty 0.0291, loss 1.6227
Epoch 7, Batch 456/742, Lx 1.6038, Lu 0.0659, Penalty 0.0276, loss 1.6973
Epoch 7, Batch 457/742, Lx 1.6878, Lu 0.0949, Penalty 0.0356, loss 1.8184
Epoch 7, Batch 458/742, Lx 1.5744, Lu 0.0575, Penalty 0.0227, loss 1.6547
Epoch 7, Batch 459/742, Lx 1.6181, Lu 0.0586, Penalty 0.0492, loss 1.7259
Epoch 7, Batch 460/742, Lx 1.8160, Lu 0.0464, Penalty 0.0537, loss 1.9161
Epoch 7, Batch 461/742, Lx 1.4060, Lu 0.0558, Penalty 0.0177, loss 1.4794
Epoch 7, Batch 462/742, Lx 1.4272, Lu 0.0667, Penalty 0.0561, loss 1.5500
Epoch 7, Batch 463/742, Lx 1.8250, Lu 0.1123, Penalty 0.0234, loss 1.9607
Epoch 7, Batch 464/742, Lx 1.5790, Lu 0.0757, Penalty 0.0281, loss 1.6829
Epoch 7, Batch 465/742, Lx 1.6415, Lu 0.0736, Penalty 0.0408, loss 1.7560
Epoch 7, Batch 466/742, Lx 1.6299, Lu 0.0622, Penalty 0.0563, loss 1.7483
Epoch 7, Batch 467/742, Lx 1.6664, Lu 0.0783, Penalty 0.0232, loss 1.7679
Epoch 7, Batch 468/742, Lx 1.7201, Lu 0.0603, Penalty 0.0380, loss 1.8185
Epoch 7, Batch 469/742, Lx 1.6023, Lu 0.0919, Penalty 0.0168, loss 1.7111
Epoch 7, Batch 470/742, Lx 1.6338, Lu 0.0820, Penalty 0.0657, loss 1.7815
Epoch 7, Batch 471/742, Lx 1.6087, Lu 0.0927, Penalty 0.0384, loss 1.7397
Epoch 7, Batch 472/742, Lx 1.4943, Lu 0.0423, Penalty 0.0406, loss 1.5772
Epoch 7, Batch 473/742, Lx 1.5902, Lu 0.0483, Penalty 0.0488, loss 1.6872
Epoch 7, Batch 474/742, Lx 1.6326, Lu 0.0661, Penalty 0.0991, loss 1.7978
Epoch 7, Batch 475/742, Lx 1.6122, Lu 0.0746, Penalty 0.0521, loss 1.7390
Epoch 7, Batch 476/742, Lx 1.5627, Lu 0.0687, Penalty 0.0449, loss 1.6763
Epoch 7, Batch 477/742, Lx 1.6617, Lu 0.0665, Penalty 0.0750, loss 1.8032
Epoch 7, Batch 478/742, Lx 1.7904, Lu 0.0903, Penalty 0.0221, loss 1.9029
Epoch 7, Batch 479/742, Lx 1.6414, Lu 0.0666, Penalty 0.0196, loss 1.7275
Epoch 7, Batch 480/742, Lx 1.7042, Lu 0.0772, Penalty 0.0175, loss 1.7990
Epoch 7, Batch 481/742, Lx 1.2930, Lu 0.0397, Penalty 0.0486, loss 1.3812
Epoch 7, Batch 482/742, Lx 1.4806, Lu 0.0633, Penalty 0.0452, loss 1.5891
Epoch 7, Batch 483/742, Lx 1.6835, Lu 0.0671, Penalty 0.0347, loss 1.7852
Epoch 7, Batch 484/742, Lx 1.5713, Lu 0.0674, Penalty 0.0360, loss 1.6747
Epoch 7, Batch 485/742, Lx 1.4330, Lu 0.0487, Penalty 0.0768, loss 1.5584
Epoch 7, Batch 486/742, Lx 1.3306, Lu 0.0671, Penalty 0.0532, loss 1.4509
Epoch 7, Batch 487/742, Lx 1.5074, Lu 0.0695, Penalty 0.0335, loss 1.6104
Epoch 7, Batch 488/742, Lx 1.6652, Lu 0.0899, Penalty 0.0642, loss 1.8193
Epoch 7, Batch 489/742, Lx 1.6066, Lu 0.0976, Penalty 0.0714, loss 1.7756
Epoch 7, Batch 490/742, Lx 1.5463, Lu 0.0799, Penalty 0.0215, loss 1.6477
Epoch 7, Batch 491/742, Lx 1.6628, Lu 0.0725, Penalty 0.0108, loss 1.7460
Epoch 7, Batch 492/742, Lx 1.7053, Lu 0.0790, Penalty 0.0296, loss 1.8139
Epoch 7, Batch 493/742, Lx 1.6450, Lu 0.0946, Penalty 0.0616, loss 1.8013
Epoch 7, Batch 494/742, Lx 1.6141, Lu 0.0918, Penalty 0.0323, loss 1.7381
Epoch 7, Batch 495/742, Lx 1.3206, Lu 0.0505, Penalty 0.0905, loss 1.4616
Epoch 7, Batch 496/742, Lx 1.5116, Lu 0.0627, Penalty 0.0166, loss 1.5909
Epoch 7, Batch 497/742, Lx 1.4782, Lu 0.0709, Penalty 0.0251, loss 1.5741
Epoch 7, Batch 498/742, Lx 1.4701, Lu 0.0588, Penalty 0.0404, loss 1.5693
Epoch 7, Batch 499/742, Lx 1.4604, Lu 0.0577, Penalty 0.0664, loss 1.5845
Epoch 7, Batch 500/742, Lx 1.6037, Lu 0.0892, Penalty 0.0613, loss 1.7541
Epoch 7, Batch 501/742, Lx 1.3290, Lu 0.0688, Penalty 0.0414, loss 1.4391
Epoch 7, Batch 502/742, Lx 1.6664, Lu 0.0683, Penalty 0.0382, loss 1.7729
Epoch 7, Batch 503/742, Lx 1.4993, Lu 0.0644, Penalty 0.0671, loss 1.6309
Epoch 7, Batch 504/742, Lx 1.4999, Lu 0.0662, Penalty 0.0466, loss 1.6127
Epoch 7, Batch 505/742, Lx 1.3472, Lu 0.0639, Penalty 0.0339, loss 1.4450
Epoch 7, Batch 506/742, Lx 1.5718, Lu 0.0672, Penalty 0.0255, loss 1.6645
Epoch 7, Batch 507/742, Lx 1.7930, Lu 0.0763, Penalty 0.0206, loss 1.8899
Epoch 7, Batch 508/742, Lx 1.6663, Lu 0.1062, Penalty 0.0634, loss 1.8359
Epoch 7, Batch 509/742, Lx 1.4605, Lu 0.0863, Penalty 0.0577, loss 1.6045
Epoch 7, Batch 510/742, Lx 1.5589, Lu 0.0729, Penalty 0.0864, loss 1.7182
Epoch 7, Batch 511/742, Lx 1.6335, Lu 0.0813, Penalty 0.0309, loss 1.7457
Epoch 7, Batch 512/742, Lx 1.3554, Lu 0.0644, Penalty 0.0459, loss 1.4657
Epoch 7, Batch 513/742, Lx 1.5430, Lu 0.0703, Penalty 0.0356, loss 1.6489
Epoch 7, Batch 514/742, Lx 1.4754, Lu 0.0857, Penalty 0.0413, loss 1.6024
Epoch 7, Batch 515/742, Lx 1.4292, Lu 0.0713, Penalty 0.0366, loss 1.5371
Epoch 7, Batch 516/742, Lx 1.2578, Lu 0.0673, Penalty 0.0843, loss 1.4094
Epoch 7, Batch 517/742, Lx 1.7400, Lu 0.0952, Penalty 0.0281, loss 1.8633
Epoch 7, Batch 518/742, Lx 1.3888, Lu 0.0671, Penalty 0.0473, loss 1.5032
Epoch 7, Batch 519/742, Lx 1.5387, Lu 0.0569, Penalty 0.0474, loss 1.6430
Epoch 7, Batch 520/742, Lx 1.5784, Lu 0.0659, Penalty 0.1180, loss 1.7622
Epoch 7, Batch 521/742, Lx 1.5404, Lu 0.0761, Penalty 0.1179, loss 1.7345
Epoch 7, Batch 522/742, Lx 1.5250, Lu 0.0644, Penalty 0.0670, loss 1.6564
Epoch 7, Batch 523/742, Lx 1.3830, Lu 0.0566, Penalty 0.0368, loss 1.4764
Epoch 7, Batch 524/742, Lx 1.5718, Lu 0.0785, Penalty 0.0550, loss 1.7053
Epoch 7, Batch 525/742, Lx 1.2969, Lu 0.0559, Penalty 0.0423, loss 1.3950
Epoch 7, Batch 526/742, Lx 1.5287, Lu 0.0785, Penalty 0.0268, loss 1.6339
Epoch 7, Batch 527/742, Lx 1.8435, Lu 0.0805, Penalty 0.0415, loss 1.9655
Epoch 7, Batch 528/742, Lx 1.3945, Lu 0.0527, Penalty 0.0371, loss 1.4844
Epoch 7, Batch 529/742, Lx 1.5471, Lu 0.0921, Penalty 0.0145, loss 1.6537
Epoch 7, Batch 530/742, Lx 1.5376, Lu 0.0608, Penalty 0.0375, loss 1.6359
Epoch 7, Batch 531/742, Lx 1.5452, Lu 0.0813, Penalty 0.0362, loss 1.6628
Epoch 7, Batch 532/742, Lx 1.5955, Lu 0.0817, Penalty 0.0606, loss 1.7378
Epoch 7, Batch 533/742, Lx 1.4612, Lu 0.0538, Penalty 0.0323, loss 1.5473
Epoch 7, Batch 534/742, Lx 1.5867, Lu 0.0869, Penalty 0.0353, loss 1.7089
Epoch 7, Batch 535/742, Lx 1.3873, Lu 0.0591, Penalty 0.0270, loss 1.4735
Epoch 7, Batch 536/742, Lx 1.4620, Lu 0.0659, Penalty 0.0637, loss 1.5916
Epoch 7, Batch 537/742, Lx 1.4014, Lu 0.0509, Penalty 0.0498, loss 1.5020
Epoch 7, Batch 538/742, Lx 1.3874, Lu 0.0638, Penalty 0.0569, loss 1.5081
Epoch 7, Batch 539/742, Lx 1.5157, Lu 0.0694, Penalty 0.0998, loss 1.6849
Epoch 7, Batch 540/742, Lx 1.5791, Lu 0.0640, Penalty 0.0738, loss 1.7168
Epoch 7, Batch 541/742, Lx 1.6904, Lu 0.0661, Penalty 0.0201, loss 1.7766
Epoch 7, Batch 542/742, Lx 1.6022, Lu 0.0918, Penalty 0.0890, loss 1.7830
Epoch 7, Batch 543/742, Lx 1.4718, Lu 0.0715, Penalty 0.0432, loss 1.5865
Epoch 7, Batch 544/742, Lx 1.6187, Lu 0.0798, Penalty 0.0228, loss 1.7213
Epoch 7, Batch 545/742, Lx 1.7585, Lu 0.1011, Penalty 0.0691, loss 1.9287
Epoch 7, Batch 546/742, Lx 1.6963, Lu 0.0913, Penalty 0.0382, loss 1.8258
Epoch 7, Batch 547/742, Lx 1.3664, Lu 0.0615, Penalty 0.0246, loss 1.4526
Epoch 7, Batch 548/742, Lx 1.5491, Lu 0.0677, Penalty 0.0488, loss 1.6656
Epoch 7, Batch 549/742, Lx 1.4990, Lu 0.0537, Penalty 0.0208, loss 1.5736
Epoch 7, Batch 550/742, Lx 1.6152, Lu 0.0716, Penalty 0.0542, loss 1.7410
Epoch 7, Batch 551/742, Lx 1.5400, Lu 0.0680, Penalty 0.0461, loss 1.6542
Epoch 7, Batch 552/742, Lx 1.4885, Lu 0.0625, Penalty 0.0761, loss 1.6271
Epoch 7, Batch 553/742, Lx 1.5634, Lu 0.0645, Penalty 0.0657, loss 1.6936
Epoch 7, Batch 554/742, Lx 1.5420, Lu 0.0710, Penalty 0.0136, loss 1.6266
Epoch 7, Batch 555/742, Lx 1.6377, Lu 0.0900, Penalty 0.0417, loss 1.7694
Epoch 7, Batch 556/742, Lx 1.6274, Lu 0.0766, Penalty 0.0310, loss 1.7350
Epoch 7, Batch 557/742, Lx 1.4181, Lu 0.0638, Penalty 0.0400, loss 1.5219
Epoch 7, Batch 558/742, Lx 1.6729, Lu 0.0831, Penalty 0.0346, loss 1.7906
Epoch 7, Batch 559/742, Lx 1.5842, Lu 0.0873, Penalty 0.0386, loss 1.7101
Epoch 7, Batch 560/742, Lx 1.7256, Lu 0.1051, Penalty 0.0413, loss 1.8720
Epoch 7, Batch 561/742, Lx 1.4427, Lu 0.0627, Penalty 0.0433, loss 1.5488
Epoch 7, Batch 562/742, Lx 1.5650, Lu 0.0918, Penalty 0.0221, loss 1.6788
Epoch 7, Batch 563/742, Lx 1.5685, Lu 0.0649, Penalty 0.0578, loss 1.6912
Epoch 7, Batch 564/742, Lx 1.4612, Lu 0.0674, Penalty 0.0302, loss 1.5587
Epoch 7, Batch 565/742, Lx 1.5730, Lu 0.0744, Penalty 0.0531, loss 1.7005
Epoch 7, Batch 566/742, Lx 1.5095, Lu 0.0688, Penalty 0.0784, loss 1.6567
Epoch 7, Batch 567/742, Lx 1.4552, Lu 0.0534, Penalty 0.0478, loss 1.5564
Epoch 7, Batch 568/742, Lx 1.5082, Lu 0.0662, Penalty 0.0893, loss 1.6637
Epoch 7, Batch 569/742, Lx 1.4871, Lu 0.0679, Penalty 0.0468, loss 1.6018
Epoch 7, Batch 570/742, Lx 1.5044, Lu 0.0830, Penalty 0.0457, loss 1.6331
Epoch 7, Batch 571/742, Lx 1.7321, Lu 0.1021, Penalty 0.0680, loss 1.9021
Epoch 7, Batch 572/742, Lx 1.5493, Lu 0.0828, Penalty 0.0292, loss 1.6614
Epoch 7, Batch 573/742, Lx 1.4958, Lu 0.0628, Penalty 0.0332, loss 1.5918
Epoch 7, Batch 574/742, Lx 1.6100, Lu 0.0565, Penalty 0.0307, loss 1.6973
Epoch 7, Batch 575/742, Lx 1.5061, Lu 0.0656, Penalty 0.0322, loss 1.6039
Epoch 7, Batch 576/742, Lx 1.7985, Lu 0.0774, Penalty 0.0776, loss 1.9535
Epoch 7, Batch 577/742, Lx 1.4076, Lu 0.0617, Penalty 0.0298, loss 1.4991
Epoch 7, Batch 578/742, Lx 1.7058, Lu 0.0718, Penalty 0.0567, loss 1.8343
Epoch 7, Batch 579/742, Lx 1.5604, Lu 0.0769, Penalty 0.0718, loss 1.7091
Epoch 7, Batch 580/742, Lx 1.5661, Lu 0.0621, Penalty 0.0573, loss 1.6856
Epoch 7, Batch 581/742, Lx 1.5277, Lu 0.0494, Penalty 0.0293, loss 1.6063
Epoch 7, Batch 582/742, Lx 1.4357, Lu 0.0676, Penalty 0.0291, loss 1.5323
Epoch 7, Batch 583/742, Lx 1.3465, Lu 0.0474, Penalty 0.0308, loss 1.4246
Epoch 7, Batch 584/742, Lx 1.6000, Lu 0.0743, Penalty 0.0392, loss 1.7134
Epoch 7, Batch 585/742, Lx 1.5076, Lu 0.0639, Penalty 0.0254, loss 1.5969
Epoch 7, Batch 586/742, Lx 1.6753, Lu 0.0789, Penalty 0.0471, loss 1.8013
Epoch 7, Batch 587/742, Lx 1.6077, Lu 0.0663, Penalty 0.0280, loss 1.7020
Epoch 7, Batch 588/742, Lx 1.5457, Lu 0.0716, Penalty 0.0551, loss 1.6724
Epoch 7, Batch 589/742, Lx 1.6201, Lu 0.0633, Penalty 0.0311, loss 1.7145
Epoch 7, Batch 590/742, Lx 1.7005, Lu 0.1084, Penalty 0.0280, loss 1.8369
Epoch 7, Batch 591/742, Lx 1.7642, Lu 0.0652, Penalty 0.0558, loss 1.8851
Epoch 7, Batch 592/742, Lx 1.6044, Lu 0.0744, Penalty 0.0308, loss 1.7096
Epoch 7, Batch 593/742, Lx 1.3803, Lu 0.0685, Penalty 0.0843, loss 1.5332
Epoch 7, Batch 594/742, Lx 1.6969, Lu 0.0792, Penalty 0.0645, loss 1.8406
Epoch 7, Batch 595/742, Lx 1.4972, Lu 0.0702, Penalty 0.0540, loss 1.6214
Epoch 7, Batch 596/742, Lx 1.7017, Lu 0.0919, Penalty 0.0695, loss 1.8630
Epoch 7, Batch 597/742, Lx 1.5900, Lu 0.0644, Penalty 0.0496, loss 1.7039
Epoch 7, Batch 598/742, Lx 1.4725, Lu 0.0608, Penalty 0.0589, loss 1.5922
Epoch 7, Batch 599/742, Lx 1.5476, Lu 0.0729, Penalty 0.0763, loss 1.6968
Epoch 7, Batch 600/742, Lx 1.6250, Lu 0.0879, Penalty 0.0921, loss 1.8050
Epoch 7, Batch 601/742, Lx 1.4895, Lu 0.0922, Penalty 0.0586, loss 1.6403
Epoch 7, Batch 602/742, Lx 1.4358, Lu 0.0695, Penalty 0.0273, loss 1.5326
Epoch 7, Batch 603/742, Lx 1.6021, Lu 0.0765, Penalty 0.0179, loss 1.6964
Epoch 7, Batch 604/742, Lx 1.5236, Lu 0.0788, Penalty 0.0435, loss 1.6459
Epoch 7, Batch 605/742, Lx 1.4512, Lu 0.0601, Penalty 0.0485, loss 1.5598
Epoch 7, Batch 606/742, Lx 1.6482, Lu 0.0900, Penalty 0.0390, loss 1.7772
Epoch 7, Batch 607/742, Lx 1.4355, Lu 0.0604, Penalty 0.0395, loss 1.5353
Epoch 7, Batch 608/742, Lx 1.5346, Lu 0.0557, Penalty 0.0577, loss 1.6480
Epoch 7, Batch 609/742, Lx 1.5626, Lu 0.1020, Penalty 0.0507, loss 1.7153
Epoch 7, Batch 610/742, Lx 1.4332, Lu 0.0790, Penalty 0.0334, loss 1.5456
Epoch 7, Batch 611/742, Lx 1.7838, Lu 0.0830, Penalty 0.0423, loss 1.9091
Epoch 7, Batch 612/742, Lx 1.4648, Lu 0.0598, Penalty 0.0681, loss 1.5927
Epoch 7, Batch 613/742, Lx 1.3453, Lu 0.0501, Penalty 0.0506, loss 1.4460
Epoch 7, Batch 614/742, Lx 1.5238, Lu 0.0980, Penalty 0.0255, loss 1.6473
Epoch 7, Batch 615/742, Lx 1.6174, Lu 0.0697, Penalty 0.0489, loss 1.7360
Epoch 7, Batch 616/742, Lx 1.5569, Lu 0.0745, Penalty 0.0524, loss 1.6838
Epoch 7, Batch 617/742, Lx 1.5776, Lu 0.0607, Penalty 0.0271, loss 1.6654
Epoch 7, Batch 618/742, Lx 1.7726, Lu 0.1041, Penalty 0.0807, loss 1.9575
Epoch 7, Batch 619/742, Lx 1.6613, Lu 0.0921, Penalty 0.0814, loss 1.8348
Epoch 7, Batch 620/742, Lx 1.6712, Lu 0.0838, Penalty 0.0075, loss 1.7625
Epoch 7, Batch 621/742, Lx 1.4589, Lu 0.0607, Penalty 0.0568, loss 1.5764
Epoch 7, Batch 622/742, Lx 1.5402, Lu 0.0683, Penalty 0.0653, loss 1.6738
Epoch 7, Batch 623/742, Lx 1.5939, Lu 0.0798, Penalty 0.0570, loss 1.7306
Epoch 7, Batch 624/742, Lx 1.7131, Lu 0.0864, Penalty 0.0401, loss 1.8396
Epoch 7, Batch 625/742, Lx 1.5066, Lu 0.0978, Penalty 0.0282, loss 1.6326
Epoch 7, Batch 626/742, Lx 1.5610, Lu 0.0622, Penalty 0.0709, loss 1.6940
Epoch 7, Batch 627/742, Lx 1.6895, Lu 0.0873, Penalty 0.0538, loss 1.8305
Epoch 7, Batch 628/742, Lx 1.6066, Lu 0.0700, Penalty 0.0284, loss 1.7051
Epoch 7, Batch 629/742, Lx 1.4639, Lu 0.0736, Penalty 0.0555, loss 1.5930
Epoch 7, Batch 630/742, Lx 1.6029, Lu 0.0668, Penalty 0.0590, loss 1.7286
Epoch 7, Batch 631/742, Lx 1.4965, Lu 0.0723, Penalty 0.0879, loss 1.6567
Epoch 7, Batch 632/742, Lx 1.2516, Lu 0.0548, Penalty 0.0407, loss 1.3471
Epoch 7, Batch 633/742, Lx 1.4943, Lu 0.0806, Penalty 0.0756, loss 1.6506
Epoch 7, Batch 634/742, Lx 1.5006, Lu 0.0885, Penalty 0.0338, loss 1.6229
Epoch 7, Batch 635/742, Lx 1.4684, Lu 0.0801, Penalty 0.1298, loss 1.6783
Epoch 7, Batch 636/742, Lx 1.5683, Lu 0.0883, Penalty 0.0463, loss 1.7030
Epoch 7, Batch 637/742, Lx 1.6853, Lu 0.0972, Penalty 0.0185, loss 1.8009
Epoch 7, Batch 638/742, Lx 1.5985, Lu 0.0919, Penalty 0.0336, loss 1.7240
Epoch 7, Batch 639/742, Lx 1.5242, Lu 0.0687, Penalty 0.0342, loss 1.6271
Epoch 7, Batch 640/742, Lx 1.2979, Lu 0.0522, Penalty 0.0371, loss 1.3872
Epoch 7, Batch 641/742, Lx 1.4369, Lu 0.0561, Penalty 0.0303, loss 1.5233
Epoch 7, Batch 642/742, Lx 1.4082, Lu 0.0634, Penalty 0.0610, loss 1.5326
Epoch 7, Batch 643/742, Lx 1.5737, Lu 0.0717, Penalty 0.0241, loss 1.6696
Epoch 7, Batch 644/742, Lx 1.5383, Lu 0.0567, Penalty 0.0814, loss 1.6764
Epoch 7, Batch 645/742, Lx 1.6052, Lu 0.0546, Penalty 0.0657, loss 1.7254
Epoch 7, Batch 646/742, Lx 1.5736, Lu 0.0718, Penalty 0.0918, loss 1.7372
Epoch 7, Batch 647/742, Lx 1.6713, Lu 0.0686, Penalty 0.0522, loss 1.7921
Epoch 7, Batch 648/742, Lx 1.6044, Lu 0.0790, Penalty 0.0321, loss 1.7155
Epoch 7, Batch 649/742, Lx 1.6948, Lu 0.0933, Penalty 0.0351, loss 1.8232
Epoch 7, Batch 650/742, Lx 1.4340, Lu 0.0644, Penalty 0.0612, loss 1.5596
Epoch 7, Batch 651/742, Lx 1.7079, Lu 0.0763, Penalty 0.0437, loss 1.8279
Epoch 7, Batch 652/742, Lx 1.6738, Lu 0.0799, Penalty 0.1269, loss 1.8806
Epoch 7, Batch 653/742, Lx 1.4329, Lu 0.0666, Penalty 0.0828, loss 1.5823
Epoch 7, Batch 654/742, Lx 1.5608, Lu 0.0573, Penalty 0.0233, loss 1.6415
Epoch 7, Batch 655/742, Lx 1.7142, Lu 0.0715, Penalty 0.0292, loss 1.8149
Epoch 7, Batch 656/742, Lx 1.5294, Lu 0.0619, Penalty 0.0280, loss 1.6192
Epoch 7, Batch 657/742, Lx 1.4880, Lu 0.0692, Penalty 0.0233, loss 1.5806
Epoch 7, Batch 658/742, Lx 1.4186, Lu 0.0596, Penalty 0.0374, loss 1.5155
Epoch 7, Batch 659/742, Lx 1.6752, Lu 0.1048, Penalty 0.0291, loss 1.8090
Epoch 7, Batch 660/742, Lx 1.7158, Lu 0.0926, Penalty 0.0591, loss 1.8675
Epoch 7, Batch 661/742, Lx 1.5109, Lu 0.0714, Penalty 0.0610, loss 1.6434
Epoch 7, Batch 662/742, Lx 1.5134, Lu 0.0900, Penalty 0.0277, loss 1.6311
Epoch 7, Batch 663/742, Lx 1.6491, Lu 0.0874, Penalty 0.0368, loss 1.7733
Epoch 7, Batch 664/742, Lx 1.4446, Lu 0.0608, Penalty 0.0619, loss 1.5672
Epoch 7, Batch 665/742, Lx 1.4243, Lu 0.0720, Penalty 0.0461, loss 1.5424
Epoch 7, Batch 666/742, Lx 1.3759, Lu 0.0600, Penalty 0.0491, loss 1.4850
Epoch 7, Batch 667/742, Lx 1.7138, Lu 0.0875, Penalty 0.0139, loss 1.8152
Epoch 7, Batch 668/742, Lx 1.5280, Lu 0.0925, Penalty 0.0298, loss 1.6502
Epoch 7, Batch 669/742, Lx 1.4681, Lu 0.0644, Penalty 0.0386, loss 1.5711
Epoch 7, Batch 670/742, Lx 1.6967, Lu 0.0897, Penalty 0.1007, loss 1.8871
Epoch 7, Batch 671/742, Lx 1.4702, Lu 0.0770, Penalty 0.0347, loss 1.5819
Epoch 7, Batch 672/742, Lx 1.6627, Lu 0.0745, Penalty 0.0608, loss 1.7980
Epoch 7, Batch 673/742, Lx 1.6515, Lu 0.0840, Penalty 0.0515, loss 1.7870
Epoch 7, Batch 674/742, Lx 1.4734, Lu 0.0707, Penalty 0.0255, loss 1.5696
Epoch 7, Batch 675/742, Lx 1.3886, Lu 0.0639, Penalty 0.0628, loss 1.5153
Epoch 7, Batch 676/742, Lx 1.4649, Lu 0.0728, Penalty 0.0449, loss 1.5826
Epoch 7, Batch 677/742, Lx 1.6301, Lu 0.0747, Penalty 0.0287, loss 1.7335
Epoch 7, Batch 678/742, Lx 1.5905, Lu 0.0792, Penalty 0.0372, loss 1.7069
Epoch 7, Batch 679/742, Lx 1.7126, Lu 0.1055, Penalty 0.0785, loss 1.8966
Epoch 7, Batch 680/742, Lx 1.7183, Lu 0.0885, Penalty 0.0384, loss 1.8452
Epoch 7, Batch 681/742, Lx 1.1801, Lu 0.0569, Penalty 0.0323, loss 1.2693
Epoch 7, Batch 682/742, Lx 1.6750, Lu 0.0784, Penalty 0.0528, loss 1.8062
Epoch 7, Batch 683/742, Lx 1.5475, Lu 0.0826, Penalty 0.0429, loss 1.6730
Epoch 7, Batch 684/742, Lx 1.5054, Lu 0.0902, Penalty 0.0283, loss 1.6239
Epoch 7, Batch 685/742, Lx 1.0126, Lu 0.0662, Penalty 0.0590, loss 1.1379
Epoch 7, Batch 686/742, Lx 1.6094, Lu 0.0936, Penalty 0.0255, loss 1.7285
Epoch 7, Batch 687/742, Lx 1.4846, Lu 0.0703, Penalty 0.0393, loss 1.5943
Epoch 7, Batch 688/742, Lx 1.4507, Lu 0.0679, Penalty 0.0396, loss 1.5582
Epoch 7, Batch 689/742, Lx 1.5632, Lu 0.0733, Penalty 0.0243, loss 1.6608
Epoch 7, Batch 690/742, Lx 1.5278, Lu 0.0838, Penalty 0.1136, loss 1.7253
Epoch 7, Batch 691/742, Lx 1.7225, Lu 0.0651, Penalty 0.0155, loss 1.8031
Epoch 7, Batch 692/742, Lx 1.5078, Lu 0.0693, Penalty 0.1029, loss 1.6800
Epoch 7, Batch 693/742, Lx 1.4902, Lu 0.0627, Penalty 0.0607, loss 1.6136
Epoch 7, Batch 694/742, Lx 1.4933, Lu 0.0805, Penalty 0.0423, loss 1.6161
Epoch 7, Batch 695/742, Lx 1.5083, Lu 0.0833, Penalty 0.0735, loss 1.6651
Epoch 7, Batch 696/742, Lx 1.5607, Lu 0.0636, Penalty 0.0173, loss 1.6416
Epoch 7, Batch 697/742, Lx 1.4708, Lu 0.0592, Penalty 0.0289, loss 1.5589
Epoch 7, Batch 698/742, Lx 1.4778, Lu 0.0489, Penalty 0.0581, loss 1.5847
Epoch 7, Batch 699/742, Lx 1.3327, Lu 0.0488, Penalty 0.0955, loss 1.4771
Epoch 7, Batch 700/742, Lx 1.4753, Lu 0.0525, Penalty 0.0714, loss 1.5992
Epoch 7, Batch 701/742, Lx 1.5495, Lu 0.0820, Penalty 0.0275, loss 1.6590
Epoch 7, Batch 702/742, Lx 1.4524, Lu 0.0674, Penalty 0.0263, loss 1.5460
Epoch 7, Batch 703/742, Lx 1.6181, Lu 0.0941, Penalty 0.0420, loss 1.7543
Epoch 7, Batch 704/742, Lx 1.5487, Lu 0.0823, Penalty 0.0260, loss 1.6571
Epoch 7, Batch 705/742, Lx 1.4513, Lu 0.0715, Penalty 0.0394, loss 1.5623
Epoch 7, Batch 706/742, Lx 1.6836, Lu 0.0629, Penalty 0.0185, loss 1.7650
Epoch 7, Batch 707/742, Lx 1.5814, Lu 0.0650, Penalty 0.0104, loss 1.6568
Epoch 7, Batch 708/742, Lx 1.5462, Lu 0.0729, Penalty 0.0171, loss 1.6362
Epoch 7, Batch 709/742, Lx 1.3859, Lu 0.0613, Penalty 0.0614, loss 1.5086
Epoch 7, Batch 710/742, Lx 1.5504, Lu 0.0791, Penalty 0.0631, loss 1.6927
Epoch 7, Batch 711/742, Lx 1.5431, Lu 0.0906, Penalty 0.0515, loss 1.6852
Epoch 7, Batch 712/742, Lx 1.3629, Lu 0.0472, Penalty 0.0379, loss 1.4480
Epoch 7, Batch 713/742, Lx 1.6901, Lu 0.0853, Penalty 0.0439, loss 1.8193
Epoch 7, Batch 714/742, Lx 1.5065, Lu 0.0438, Penalty 0.0322, loss 1.5825
Epoch 7, Batch 715/742, Lx 1.6421, Lu 0.0863, Penalty 0.0277, loss 1.7560
Epoch 7, Batch 716/742, Lx 1.6542, Lu 0.0869, Penalty 0.0682, loss 1.8093
Epoch 7, Batch 717/742, Lx 1.4440, Lu 0.0644, Penalty 0.0750, loss 1.5834
Epoch 7, Batch 718/742, Lx 1.4418, Lu 0.0636, Penalty 0.0665, loss 1.5718
Epoch 7, Batch 719/742, Lx 1.7334, Lu 0.0777, Penalty 0.0302, loss 1.8413
Epoch 7, Batch 720/742, Lx 1.5411, Lu 0.0617, Penalty 0.0410, loss 1.6439
Epoch 7, Batch 721/742, Lx 1.5205, Lu 0.0541, Penalty 0.0211, loss 1.5957
Epoch 7, Batch 722/742, Lx 1.6959, Lu 0.0971, Penalty 0.0426, loss 1.8356
Epoch 7, Batch 723/742, Lx 1.4109, Lu 0.0565, Penalty 0.0291, loss 1.4965
Epoch 7, Batch 724/742, Lx 1.5510, Lu 0.0765, Penalty 0.0370, loss 1.6645
Epoch 7, Batch 725/742, Lx 1.3751, Lu 0.0686, Penalty 0.0316, loss 1.4753
Epoch 7, Batch 726/742, Lx 1.5093, Lu 0.0744, Penalty 0.0419, loss 1.6256
Epoch 7, Batch 727/742, Lx 1.4207, Lu 0.0556, Penalty 0.0593, loss 1.5356
Epoch 7, Batch 728/742, Lx 1.5061, Lu 0.0674, Penalty 0.0490, loss 1.6225
Epoch 7, Batch 729/742, Lx 1.5886, Lu 0.0651, Penalty 0.0299, loss 1.6837
Epoch 7, Batch 730/742, Lx 1.5556, Lu 0.0612, Penalty 0.0470, loss 1.6638
Epoch 7, Batch 731/742, Lx 1.5134, Lu 0.0743, Penalty 0.0322, loss 1.6199
Epoch 7, Batch 732/742, Lx 1.5501, Lu 0.0586, Penalty 0.0643, loss 1.6730
Epoch 7, Batch 733/742, Lx 1.4626, Lu 0.0682, Penalty 0.0195, loss 1.5503
Epoch 7, Batch 734/742, Lx 1.6029, Lu 0.0964, Penalty 0.0449, loss 1.7441
Epoch 7, Batch 735/742, Lx 1.6325, Lu 0.0756, Penalty 0.0513, loss 1.7594
Epoch 7, Batch 736/742, Lx 1.6807, Lu 0.1107, Penalty 0.0320, loss 1.8234
Epoch 7, Batch 737/742, Lx 1.5884, Lu 0.0979, Penalty 0.0582, loss 1.7444
Epoch 7, Batch 738/742, Lx 1.6020, Lu 0.0876, Penalty 0.0378, loss 1.7273
Epoch 7, Batch 739/742, Lx 1.5767, Lu 0.0994, Penalty 0.0412, loss 1.7173
Epoch 7, Batch 740/742, Lx 1.5673, Lu 0.0730, Penalty 0.0277, loss 1.6680
Epoch 7, Batch 741/742, Lx 1.6734, Lu 0.0730, Penalty 0.0876, loss 1.8341
Epoch 7, Batch 742/742, Lx 1.5457, Lu 0.0610, Penalty 0.1040, loss 1.7108
Loss: 1.6798, Lx: 1.5592, Lu: 0.0739, Penalty: 0.0467
Training for Network 2
labelled data size: 22301
unlabelled data size: 19699
Epoch 7, Batch 1/697, Lx 1.5243, Lu 0.0716, Penalty 0.0751, loss 1.6709
Epoch 7, Batch 2/697, Lx 1.5904, Lu 0.0986, Penalty 0.0490, loss 1.7381
Epoch 7, Batch 3/697, Lx 1.5231, Lu 0.0751, Penalty 0.0311, loss 1.6293
Epoch 7, Batch 4/697, Lx 1.6821, Lu 0.0898, Penalty 0.0459, loss 1.8178
Epoch 7, Batch 5/697, Lx 1.5295, Lu 0.0830, Penalty 0.0602, loss 1.6727
Epoch 7, Batch 6/697, Lx 1.7329, Lu 0.0900, Penalty 0.0582, loss 1.8810
Epoch 7, Batch 7/697, Lx 1.7133, Lu 0.0788, Penalty 0.0685, loss 1.8607
Epoch 7, Batch 8/697, Lx 1.5180, Lu 0.0618, Penalty 0.0364, loss 1.6162
Epoch 7, Batch 9/697, Lx 1.5897, Lu 0.0771, Penalty 0.0232, loss 1.6900
Epoch 7, Batch 10/697, Lx 1.5594, Lu 0.0655, Penalty 0.0355, loss 1.6603
Epoch 7, Batch 11/697, Lx 1.3453, Lu 0.0571, Penalty 0.0421, loss 1.4445
Epoch 7, Batch 12/697, Lx 1.7395, Lu 0.0975, Penalty 0.0397, loss 1.8768
Epoch 7, Batch 13/697, Lx 1.6352, Lu 0.0949, Penalty 0.0503, loss 1.7804
Epoch 7, Batch 14/697, Lx 1.5008, Lu 0.0633, Penalty 0.0489, loss 1.6130
Epoch 7, Batch 15/697, Lx 1.6086, Lu 0.0562, Penalty 0.0395, loss 1.7043
Epoch 7, Batch 16/697, Lx 1.6795, Lu 0.0735, Penalty 0.0584, loss 1.8114
Epoch 7, Batch 17/697, Lx 1.5775, Lu 0.0672, Penalty 0.0596, loss 1.7043
Epoch 7, Batch 18/697, Lx 1.5133, Lu 0.0617, Penalty 0.0761, loss 1.6510
Epoch 7, Batch 19/697, Lx 1.5715, Lu 0.0826, Penalty 0.0417, loss 1.6958
Epoch 7, Batch 20/697, Lx 1.6401, Lu 0.0718, Penalty 0.0712, loss 1.7831
Epoch 7, Batch 21/697, Lx 1.5271, Lu 0.0554, Penalty 0.0679, loss 1.6505
Epoch 7, Batch 22/697, Lx 1.6330, Lu 0.0611, Penalty 0.0554, loss 1.7495
Epoch 7, Batch 23/697, Lx 1.4775, Lu 0.0521, Penalty 0.0452, loss 1.5748
Epoch 7, Batch 24/697, Lx 1.7358, Lu 0.0684, Penalty 0.0551, loss 1.8592
Epoch 7, Batch 25/697, Lx 1.3658, Lu 0.0501, Penalty 0.0539, loss 1.4698
Epoch 7, Batch 26/697, Lx 1.7022, Lu 0.0679, Penalty 0.0431, loss 1.8133
Epoch 7, Batch 27/697, Lx 1.5325, Lu 0.0547, Penalty 0.0889, loss 1.6761
Epoch 7, Batch 28/697, Lx 1.6170, Lu 0.0800, Penalty 0.0521, loss 1.7491
Epoch 7, Batch 29/697, Lx 1.5731, Lu 0.0920, Penalty 0.0592, loss 1.7243
Epoch 7, Batch 30/697, Lx 1.5893, Lu 0.0819, Penalty 0.0228, loss 1.6940
Epoch 7, Batch 31/697, Lx 1.6284, Lu 0.0616, Penalty 0.0299, loss 1.7198
Epoch 7, Batch 32/697, Lx 1.1265, Lu 0.0803, Penalty 0.0612, loss 1.2680
Epoch 7, Batch 33/697, Lx 1.6472, Lu 0.0929, Penalty 0.0501, loss 1.7902
Epoch 7, Batch 34/697, Lx 1.5994, Lu 0.0850, Penalty 0.0585, loss 1.7429
Epoch 7, Batch 35/697, Lx 1.4899, Lu 0.0573, Penalty 0.0627, loss 1.6100
Epoch 7, Batch 36/697, Lx 1.5383, Lu 0.0758, Penalty 0.0501, loss 1.6642
Epoch 7, Batch 37/697, Lx 1.5425, Lu 0.0678, Penalty 0.0422, loss 1.6526
Epoch 7, Batch 38/697, Lx 1.7111, Lu 0.0748, Penalty 0.0492, loss 1.8352
Epoch 7, Batch 39/697, Lx 1.4940, Lu 0.0711, Penalty 0.1095, loss 1.6746
Epoch 7, Batch 40/697, Lx 1.5986, Lu 0.0840, Penalty 0.0643, loss 1.7469
Epoch 7, Batch 41/697, Lx 1.5237, Lu 0.0873, Penalty 0.0654, loss 1.6764
Epoch 7, Batch 42/697, Lx 1.6771, Lu 0.0886, Penalty 0.0961, loss 1.8617
Epoch 7, Batch 43/697, Lx 1.6440, Lu 0.0761, Penalty 0.0577, loss 1.7778
Epoch 7, Batch 44/697, Lx 1.4662, Lu 0.0691, Penalty 0.0723, loss 1.6076
Epoch 7, Batch 45/697, Lx 1.5331, Lu 0.0789, Penalty 0.0704, loss 1.6824
Epoch 7, Batch 46/697, Lx 1.4267, Lu 0.0689, Penalty 0.0630, loss 1.5586
Epoch 7, Batch 47/697, Lx 1.5635, Lu 0.0711, Penalty 0.0370, loss 1.6717
Epoch 7, Batch 48/697, Lx 1.5716, Lu 0.0528, Penalty 0.0358, loss 1.6602
Epoch 7, Batch 49/697, Lx 1.4260, Lu 0.0630, Penalty 0.0753, loss 1.5643
Epoch 7, Batch 50/697, Lx 1.5740, Lu 0.0883, Penalty 0.0310, loss 1.6933
Epoch 7, Batch 51/697, Lx 1.6773, Lu 0.1133, Penalty 0.0246, loss 1.8152
Epoch 7, Batch 52/697, Lx 1.5914, Lu 0.0902, Penalty 0.0152, loss 1.6968
Epoch 7, Batch 53/697, Lx 1.6445, Lu 0.0845, Penalty 0.0388, loss 1.7678
Epoch 7, Batch 54/697, Lx 1.4627, Lu 0.0702, Penalty 0.0496, loss 1.5825
Epoch 7, Batch 55/697, Lx 1.4563, Lu 0.0671, Penalty 0.0292, loss 1.5525
Epoch 7, Batch 56/697, Lx 1.8379, Lu 0.1131, Penalty 0.0228, loss 1.9738
Epoch 7, Batch 57/697, Lx 1.6462, Lu 0.1048, Penalty 0.0255, loss 1.7766
Epoch 7, Batch 58/697, Lx 1.6538, Lu 0.0887, Penalty 0.0292, loss 1.7716
Epoch 7, Batch 59/697, Lx 1.5149, Lu 0.0636, Penalty 0.0585, loss 1.6371
Epoch 7, Batch 60/697, Lx 1.7652, Lu 0.0777, Penalty 0.0603, loss 1.9031
Epoch 7, Batch 61/697, Lx 1.6200, Lu 0.0637, Penalty 0.0588, loss 1.7425
Epoch 7, Batch 62/697, Lx 1.4913, Lu 0.0622, Penalty 0.0718, loss 1.6254
Epoch 7, Batch 63/697, Lx 1.6267, Lu 0.0736, Penalty 0.0638, loss 1.7641
Epoch 7, Batch 64/697, Lx 1.6829, Lu 0.0767, Penalty 0.0661, loss 1.8257
Epoch 7, Batch 65/697, Lx 1.5699, Lu 0.0596, Penalty 0.1168, loss 1.7463
Epoch 7, Batch 66/697, Lx 1.6114, Lu 0.0695, Penalty 0.1054, loss 1.7863
Epoch 7, Batch 67/697, Lx 1.6026, Lu 0.0713, Penalty 0.0889, loss 1.7627
Epoch 7, Batch 68/697, Lx 1.6153, Lu 0.0574, Penalty 0.0797, loss 1.7524
Epoch 7, Batch 69/697, Lx 1.4937, Lu 0.0747, Penalty 0.0440, loss 1.6123
Epoch 7, Batch 70/697, Lx 1.5474, Lu 0.0627, Penalty 0.0519, loss 1.6620
Epoch 7, Batch 71/697, Lx 1.6807, Lu 0.0708, Penalty 0.0450, loss 1.7966
Epoch 7, Batch 72/697, Lx 1.4236, Lu 0.0570, Penalty 0.0720, loss 1.5526
Epoch 7, Batch 73/697, Lx 1.5556, Lu 0.0692, Penalty 0.0549, loss 1.6796
Epoch 7, Batch 74/697, Lx 1.6770, Lu 0.0987, Penalty 0.0287, loss 1.8044
Epoch 7, Batch 75/697, Lx 1.5055, Lu 0.0738, Penalty 0.0270, loss 1.6063
Epoch 7, Batch 76/697, Lx 1.3331, Lu 0.0571, Penalty 0.0604, loss 1.4506
Epoch 7, Batch 77/697, Lx 1.6473, Lu 0.1025, Penalty 0.0354, loss 1.7852
Epoch 7, Batch 78/697, Lx 1.4030, Lu 0.0641, Penalty 0.0604, loss 1.5274
Epoch 7, Batch 79/697, Lx 1.6809, Lu 0.0970, Penalty 0.0259, loss 1.8038
Epoch 7, Batch 80/697, Lx 1.6709, Lu 0.0735, Penalty 0.0321, loss 1.7764
Epoch 7, Batch 81/697, Lx 1.5340, Lu 0.0749, Penalty 0.0448, loss 1.6537
Epoch 7, Batch 82/697, Lx 1.4280, Lu 0.0749, Penalty 0.0420, loss 1.5449
Epoch 7, Batch 83/697, Lx 1.6936, Lu 0.0685, Penalty 0.0612, loss 1.8233
Epoch 7, Batch 84/697, Lx 1.5512, Lu 0.0568, Penalty 0.0400, loss 1.6480
Epoch 7, Batch 85/697, Lx 1.4844, Lu 0.0637, Penalty 0.0515, loss 1.5996
Epoch 7, Batch 86/697, Lx 1.4507, Lu 0.0851, Penalty 0.0372, loss 1.5729
Epoch 7, Batch 87/697, Lx 1.3803, Lu 0.0558, Penalty 0.1308, loss 1.5668
Epoch 7, Batch 88/697, Lx 1.6372, Lu 0.0699, Penalty 0.0411, loss 1.7481
Epoch 7, Batch 89/697, Lx 1.4837, Lu 0.0699, Penalty 0.0423, loss 1.5959
Epoch 7, Batch 90/697, Lx 1.4749, Lu 0.0702, Penalty 0.0395, loss 1.5846
Epoch 7, Batch 91/697, Lx 1.5523, Lu 0.0696, Penalty 0.0370, loss 1.6589
Epoch 7, Batch 92/697, Lx 1.5860, Lu 0.0929, Penalty 0.0250, loss 1.7039
Epoch 7, Batch 93/697, Lx 1.5263, Lu 0.0626, Penalty 0.0201, loss 1.6090
Epoch 7, Batch 94/697, Lx 1.6183, Lu 0.0709, Penalty 0.0557, loss 1.7448
Epoch 7, Batch 95/697, Lx 1.7209, Lu 0.0886, Penalty 0.0551, loss 1.8646
Epoch 7, Batch 96/697, Lx 1.5412, Lu 0.0752, Penalty 0.0434, loss 1.6598
Epoch 7, Batch 97/697, Lx 1.4711, Lu 0.0708, Penalty 0.0290, loss 1.5710
Epoch 7, Batch 98/697, Lx 1.4934, Lu 0.0499, Penalty 0.0558, loss 1.5991
Epoch 7, Batch 99/697, Lx 1.5146, Lu 0.0575, Penalty 0.0434, loss 1.6156
Epoch 7, Batch 100/697, Lx 1.5691, Lu 0.0868, Penalty 0.0686, loss 1.7246
Epoch 7, Batch 101/697, Lx 1.4134, Lu 0.0587, Penalty 0.0464, loss 1.5185
Epoch 7, Batch 102/697, Lx 1.7448, Lu 0.0959, Penalty 0.0506, loss 1.8914
Epoch 7, Batch 103/697, Lx 1.4857, Lu 0.0815, Penalty 0.0741, loss 1.6413
Epoch 7, Batch 104/697, Lx 1.6249, Lu 0.0829, Penalty 0.0169, loss 1.7247
Epoch 7, Batch 105/697, Lx 1.4902, Lu 0.0818, Penalty 0.0112, loss 1.5831
Epoch 7, Batch 106/697, Lx 1.7155, Lu 0.1086, Penalty 0.0277, loss 1.8519
Epoch 7, Batch 107/697, Lx 1.3899, Lu 0.0630, Penalty 0.1003, loss 1.5532
Epoch 7, Batch 108/697, Lx 1.3495, Lu 0.0492, Penalty 0.0266, loss 1.4253
Epoch 7, Batch 109/697, Lx 1.6631, Lu 0.0809, Penalty 0.0287, loss 1.7728
Epoch 7, Batch 110/697, Lx 1.2032, Lu 0.0775, Penalty 0.0421, loss 1.3228
Epoch 7, Batch 111/697, Lx 1.4277, Lu 0.0812, Penalty 0.0399, loss 1.5489
Epoch 7, Batch 112/697, Lx 1.6764, Lu 0.0769, Penalty 0.0888, loss 1.8420
Epoch 7, Batch 113/697, Lx 1.5976, Lu 0.0767, Penalty 0.0648, loss 1.7391
Epoch 7, Batch 114/697, Lx 1.6535, Lu 0.0917, Penalty 0.0243, loss 1.7696
Epoch 7, Batch 115/697, Lx 1.4954, Lu 0.0600, Penalty 0.0337, loss 1.5891
Epoch 7, Batch 116/697, Lx 1.3771, Lu 0.0601, Penalty 0.0474, loss 1.4845
Epoch 7, Batch 117/697, Lx 1.2575, Lu 0.0616, Penalty 0.0471, loss 1.3662
Epoch 7, Batch 118/697, Lx 1.5627, Lu 0.0552, Penalty 0.0388, loss 1.6567
Epoch 7, Batch 119/697, Lx 1.4057, Lu 0.0626, Penalty 0.0664, loss 1.5346
Epoch 7, Batch 120/697, Lx 1.4615, Lu 0.0784, Penalty 0.0457, loss 1.5856
Epoch 7, Batch 121/697, Lx 1.5065, Lu 0.0624, Penalty 0.0478, loss 1.6166
Epoch 7, Batch 122/697, Lx 1.5458, Lu 0.0720, Penalty 0.0218, loss 1.6396
Epoch 7, Batch 123/697, Lx 1.6795, Lu 0.0816, Penalty 0.1044, loss 1.8654
Epoch 7, Batch 124/697, Lx 1.6356, Lu 0.0837, Penalty 0.0322, loss 1.7516
Epoch 7, Batch 125/697, Lx 1.5336, Lu 0.0710, Penalty 0.0242, loss 1.6288
Epoch 7, Batch 126/697, Lx 1.6698, Lu 0.1079, Penalty 0.0582, loss 1.8358
Epoch 7, Batch 127/697, Lx 1.4053, Lu 0.0637, Penalty 0.0345, loss 1.5035
Epoch 7, Batch 128/697, Lx 1.5216, Lu 0.0746, Penalty 0.0432, loss 1.6393
Epoch 7, Batch 129/697, Lx 1.5162, Lu 0.0760, Penalty 0.0524, loss 1.6445
Epoch 7, Batch 130/697, Lx 1.6253, Lu 0.0793, Penalty 0.0886, loss 1.7931
Epoch 7, Batch 131/697, Lx 1.5938, Lu 0.0720, Penalty 0.0140, loss 1.6798
Epoch 7, Batch 132/697, Lx 1.6480, Lu 0.0813, Penalty 0.0281, loss 1.7574
Epoch 7, Batch 133/697, Lx 1.4882, Lu 0.0619, Penalty 0.0935, loss 1.6436
Epoch 7, Batch 134/697, Lx 1.7581, Lu 0.0843, Penalty 0.0485, loss 1.8909
Epoch 7, Batch 135/697, Lx 1.5849, Lu 0.0673, Penalty 0.0570, loss 1.7092
Epoch 7, Batch 136/697, Lx 1.6161, Lu 0.0764, Penalty 0.0564, loss 1.7490
Epoch 7, Batch 137/697, Lx 1.4131, Lu 0.0725, Penalty 0.0471, loss 1.5327
Epoch 7, Batch 138/697, Lx 1.3433, Lu 0.0662, Penalty 0.0653, loss 1.4749
Epoch 7, Batch 139/697, Lx 1.3445, Lu 0.0507, Penalty 0.0403, loss 1.4354
Epoch 7, Batch 140/697, Lx 1.0307, Lu 0.0534, Penalty 0.0725, loss 1.1566
Epoch 7, Batch 141/697, Lx 1.6288, Lu 0.0891, Penalty 0.0508, loss 1.7686
Epoch 7, Batch 142/697, Lx 1.7762, Lu 0.0895, Penalty 0.0249, loss 1.8906
Epoch 7, Batch 143/697, Lx 1.4806, Lu 0.0725, Penalty 0.0463, loss 1.5995
Epoch 7, Batch 144/697, Lx 1.4520, Lu 0.0567, Penalty 0.0900, loss 1.5987
Epoch 7, Batch 145/697, Lx 1.6174, Lu 0.1048, Penalty 0.0556, loss 1.7778
Epoch 7, Batch 146/697, Lx 1.3707, Lu 0.0615, Penalty 0.0334, loss 1.4656
Epoch 7, Batch 147/697, Lx 1.5613, Lu 0.0841, Penalty 0.0395, loss 1.6849
Epoch 7, Batch 148/697, Lx 1.6997, Lu 0.0830, Penalty 0.0192, loss 1.8019
Epoch 7, Batch 149/697, Lx 1.5982, Lu 0.0878, Penalty 0.0332, loss 1.7191
Epoch 7, Batch 150/697, Lx 1.6323, Lu 0.0792, Penalty 0.0419, loss 1.7535
Epoch 7, Batch 151/697, Lx 1.5007, Lu 0.0698, Penalty 0.0540, loss 1.6246
Epoch 7, Batch 152/697, Lx 1.6946, Lu 0.1014, Penalty 0.0393, loss 1.8353
Epoch 7, Batch 153/697, Lx 1.5717, Lu 0.0665, Penalty 0.0398, loss 1.6780
Epoch 7, Batch 154/697, Lx 1.6720, Lu 0.1087, Penalty 0.0586, loss 1.8393
Epoch 7, Batch 155/697, Lx 1.8062, Lu 0.0826, Penalty 0.0277, loss 1.9164
Epoch 7, Batch 156/697, Lx 1.6075, Lu 0.0533, Penalty 0.1164, loss 1.7772
Epoch 7, Batch 157/697, Lx 1.7110, Lu 0.0904, Penalty 0.0397, loss 1.8410
Epoch 7, Batch 158/697, Lx 1.5953, Lu 0.0640, Penalty 0.0641, loss 1.7234
Epoch 7, Batch 159/697, Lx 1.7596, Lu 0.0865, Penalty 0.0839, loss 1.9300
Epoch 7, Batch 160/697, Lx 1.4804, Lu 0.0577, Penalty 0.0523, loss 1.5904
Epoch 7, Batch 161/697, Lx 1.5837, Lu 0.0509, Penalty 0.1007, loss 1.7353
Epoch 7, Batch 162/697, Lx 1.6715, Lu 0.0668, Penalty 0.0218, loss 1.7601
Epoch 7, Batch 163/697, Lx 1.5919, Lu 0.0655, Penalty 0.0532, loss 1.7106
Epoch 7, Batch 164/697, Lx 1.5084, Lu 0.0733, Penalty 0.0424, loss 1.6241
Epoch 7, Batch 165/697, Lx 1.5270, Lu 0.0551, Penalty 0.0818, loss 1.6639
Epoch 7, Batch 166/697, Lx 1.6421, Lu 0.0684, Penalty 0.0667, loss 1.7772
Epoch 7, Batch 167/697, Lx 1.4184, Lu 0.0825, Penalty 0.0825, loss 1.5833
Epoch 7, Batch 168/697, Lx 1.5419, Lu 0.0543, Penalty 0.0733, loss 1.6695
Epoch 7, Batch 169/697, Lx 1.5057, Lu 0.0610, Penalty 0.0379, loss 1.6046
Epoch 7, Batch 170/697, Lx 1.4682, Lu 0.0524, Penalty 0.0337, loss 1.5543
Epoch 7, Batch 171/697, Lx 1.5123, Lu 0.0914, Penalty 0.0385, loss 1.6422
Epoch 7, Batch 172/697, Lx 1.5738, Lu 0.0768, Penalty 0.0395, loss 1.6901
Epoch 7, Batch 173/697, Lx 1.4258, Lu 0.0573, Penalty 0.0229, loss 1.5060
Epoch 7, Batch 174/697, Lx 1.5869, Lu 0.0802, Penalty 0.0775, loss 1.7447
Epoch 7, Batch 175/697, Lx 1.5530, Lu 0.0796, Penalty 0.0302, loss 1.6628
Epoch 7, Batch 176/697, Lx 1.6181, Lu 0.0696, Penalty 0.0310, loss 1.7187
Epoch 7, Batch 177/697, Lx 1.6198, Lu 0.0696, Penalty 0.0551, loss 1.7445
Epoch 7, Batch 178/697, Lx 1.5754, Lu 0.0783, Penalty 0.0728, loss 1.7265
Epoch 7, Batch 179/697, Lx 1.6170, Lu 0.0918, Penalty 0.0585, loss 1.7674
Epoch 7, Batch 180/697, Lx 1.5868, Lu 0.0722, Penalty 0.0384, loss 1.6975
Epoch 7, Batch 181/697, Lx 1.7186, Lu 0.0806, Penalty 0.0550, loss 1.8542
Epoch 7, Batch 182/697, Lx 1.5244, Lu 0.0626, Penalty 0.0398, loss 1.6269
Epoch 7, Batch 183/697, Lx 1.5395, Lu 0.0744, Penalty 0.0531, loss 1.6670
Epoch 7, Batch 184/697, Lx 1.5234, Lu 0.0793, Penalty 0.0779, loss 1.6806
Epoch 7, Batch 185/697, Lx 1.3866, Lu 0.0616, Penalty 0.0556, loss 1.5038
Epoch 7, Batch 186/697, Lx 1.7324, Lu 0.0859, Penalty 0.0350, loss 1.8533
Epoch 7, Batch 187/697, Lx 1.3953, Lu 0.0522, Penalty 0.0737, loss 1.5212
Epoch 7, Batch 188/697, Lx 1.4031, Lu 0.0568, Penalty 0.0603, loss 1.5201
Epoch 7, Batch 189/697, Lx 1.2793, Lu 0.0505, Penalty 0.0604, loss 1.3902
Epoch 7, Batch 190/697, Lx 1.6871, Lu 0.0783, Penalty 0.0506, loss 1.8160
Epoch 7, Batch 191/697, Lx 1.5067, Lu 0.0705, Penalty 0.1190, loss 1.6962
Epoch 7, Batch 192/697, Lx 1.6469, Lu 0.0621, Penalty 0.1265, loss 1.8355
Epoch 7, Batch 193/697, Lx 1.4558, Lu 0.0502, Penalty 0.0450, loss 1.5510
Epoch 7, Batch 194/697, Lx 1.6849, Lu 0.0539, Penalty 0.0285, loss 1.7673
Epoch 7, Batch 195/697, Lx 1.4617, Lu 0.0624, Penalty 0.1208, loss 1.6450
Epoch 7, Batch 196/697, Lx 1.6903, Lu 0.0910, Penalty 0.0222, loss 1.8035
Epoch 7, Batch 197/697, Lx 1.7006, Lu 0.0783, Penalty 0.0811, loss 1.8600
Epoch 7, Batch 198/697, Lx 1.4728, Lu 0.0604, Penalty 0.0350, loss 1.5681
Epoch 7, Batch 199/697, Lx 1.3801, Lu 0.0546, Penalty 0.0625, loss 1.4972
Epoch 7, Batch 200/697, Lx 1.5330, Lu 0.0773, Penalty 0.0767, loss 1.6870
Epoch 7, Batch 201/697, Lx 1.6689, Lu 0.0808, Penalty 0.0587, loss 1.8084
Epoch 7, Batch 202/697, Lx 1.5099, Lu 0.0731, Penalty 0.0660, loss 1.6490
Epoch 7, Batch 203/697, Lx 1.2896, Lu 0.0503, Penalty 0.0362, loss 1.3761
Epoch 7, Batch 204/697, Lx 1.3234, Lu 0.0588, Penalty 0.0128, loss 1.3951
Epoch 7, Batch 205/697, Lx 1.7498, Lu 0.0983, Penalty 0.0232, loss 1.8714
Epoch 7, Batch 206/697, Lx 1.5903, Lu 0.0712, Penalty 0.0362, loss 1.6978
Epoch 7, Batch 207/697, Lx 1.6867, Lu 0.0704, Penalty 0.0349, loss 1.7920
Epoch 7, Batch 208/697, Lx 1.8315, Lu 0.0722, Penalty 0.0594, loss 1.9632
Epoch 7, Batch 209/697, Lx 1.7119, Lu 0.0804, Penalty 0.0367, loss 1.8290
Epoch 7, Batch 210/697, Lx 1.7179, Lu 0.0767, Penalty 0.0263, loss 1.8209
Epoch 7, Batch 211/697, Lx 1.6329, Lu 0.0756, Penalty 0.0203, loss 1.7288
Epoch 7, Batch 212/697, Lx 1.6651, Lu 0.0734, Penalty 0.0736, loss 1.8121
Epoch 7, Batch 213/697, Lx 1.6270, Lu 0.0770, Penalty 0.0816, loss 1.7856
Epoch 7, Batch 214/697, Lx 1.5663, Lu 0.0544, Penalty 0.0703, loss 1.6910
Epoch 7, Batch 215/697, Lx 1.2086, Lu 0.0412, Penalty 0.0637, loss 1.3135
Epoch 7, Batch 216/697, Lx 1.6203, Lu 0.0813, Penalty 0.0480, loss 1.7496
Epoch 7, Batch 217/697, Lx 1.5455, Lu 0.0470, Penalty 0.0935, loss 1.6861
Epoch 7, Batch 218/697, Lx 1.3398, Lu 0.0544, Penalty 0.0462, loss 1.4405
Epoch 7, Batch 219/697, Lx 1.5800, Lu 0.0663, Penalty 0.0903, loss 1.7367
Epoch 7, Batch 220/697, Lx 1.6567, Lu 0.0750, Penalty 0.0585, loss 1.7902
Epoch 7, Batch 221/697, Lx 1.5129, Lu 0.0919, Penalty 0.0519, loss 1.6567
Epoch 7, Batch 222/697, Lx 1.5225, Lu 0.0660, Penalty 0.0422, loss 1.6307
Epoch 7, Batch 223/697, Lx 1.6663, Lu 0.0999, Penalty 0.0777, loss 1.8439
Epoch 7, Batch 224/697, Lx 1.6408, Lu 0.0614, Penalty 0.0682, loss 1.7705
Epoch 7, Batch 225/697, Lx 1.5837, Lu 0.0898, Penalty 0.0736, loss 1.7470
Epoch 7, Batch 226/697, Lx 1.3319, Lu 0.0566, Penalty 0.0540, loss 1.4424
Epoch 7, Batch 227/697, Lx 1.6396, Lu 0.1053, Penalty 0.0533, loss 1.7982
Epoch 7, Batch 228/697, Lx 1.6503, Lu 0.0681, Penalty 0.0629, loss 1.7814
Epoch 7, Batch 229/697, Lx 1.5891, Lu 0.0753, Penalty 0.0619, loss 1.7263
Epoch 7, Batch 230/697, Lx 1.3317, Lu 0.0519, Penalty 0.0434, loss 1.4270
Epoch 7, Batch 231/697, Lx 1.7076, Lu 0.0847, Penalty 0.0837, loss 1.8760
Epoch 7, Batch 232/697, Lx 1.6253, Lu 0.0816, Penalty 0.0464, loss 1.7533
Epoch 7, Batch 233/697, Lx 1.7562, Lu 0.1150, Penalty 0.0229, loss 1.8941
Epoch 7, Batch 234/697, Lx 1.5628, Lu 0.0744, Penalty 0.0491, loss 1.6863
Epoch 7, Batch 235/697, Lx 1.6302, Lu 0.0797, Penalty 0.0917, loss 1.8016
Epoch 7, Batch 236/697, Lx 1.5511, Lu 0.0575, Penalty 0.0670, loss 1.6757
Epoch 7, Batch 237/697, Lx 1.5709, Lu 0.0677, Penalty 0.0586, loss 1.6971
Epoch 7, Batch 238/697, Lx 1.5188, Lu 0.0687, Penalty 0.0322, loss 1.6197
Epoch 7, Batch 239/697, Lx 1.2030, Lu 0.0485, Penalty 0.0314, loss 1.2829
Epoch 7, Batch 240/697, Lx 1.4269, Lu 0.0509, Penalty 0.0438, loss 1.5216
Epoch 7, Batch 241/697, Lx 1.7294, Lu 0.0824, Penalty 0.0244, loss 1.8362
Epoch 7, Batch 242/697, Lx 1.4851, Lu 0.0941, Penalty 0.0468, loss 1.6260
Epoch 7, Batch 243/697, Lx 1.5990, Lu 0.0700, Penalty 0.0658, loss 1.7348
Epoch 7, Batch 244/697, Lx 1.5300, Lu 0.0467, Penalty 0.0273, loss 1.6041
Epoch 7, Batch 245/697, Lx 1.6757, Lu 0.0775, Penalty 0.0423, loss 1.7955
Epoch 7, Batch 246/697, Lx 1.4991, Lu 0.0710, Penalty 0.0267, loss 1.5967
Epoch 7, Batch 247/697, Lx 1.3641, Lu 0.0612, Penalty 0.0311, loss 1.4564
Epoch 7, Batch 248/697, Lx 1.6632, Lu 0.0705, Penalty 0.0688, loss 1.8025
Epoch 7, Batch 249/697, Lx 1.3848, Lu 0.0461, Penalty 0.0503, loss 1.4812
Epoch 7, Batch 250/697, Lx 1.4994, Lu 0.0659, Penalty 0.0131, loss 1.5784
Epoch 7, Batch 251/697, Lx 1.2378, Lu 0.0714, Penalty 0.0677, loss 1.3768
Epoch 7, Batch 252/697, Lx 1.5797, Lu 0.0851, Penalty 0.0342, loss 1.6990
Epoch 7, Batch 253/697, Lx 1.5485, Lu 0.0599, Penalty 0.0544, loss 1.6628
Epoch 7, Batch 254/697, Lx 1.6887, Lu 0.0796, Penalty 0.0374, loss 1.8057
Epoch 7, Batch 255/697, Lx 1.6871, Lu 0.0939, Penalty 0.0322, loss 1.8132
Epoch 7, Batch 256/697, Lx 1.4440, Lu 0.0683, Penalty 0.0255, loss 1.5377
Epoch 7, Batch 257/697, Lx 1.5408, Lu 0.0676, Penalty 0.0683, loss 1.6766
Epoch 7, Batch 258/697, Lx 1.5226, Lu 0.0644, Penalty 0.0506, loss 1.6376
Epoch 7, Batch 259/697, Lx 1.4173, Lu 0.0552, Penalty 0.0743, loss 1.5469
Epoch 7, Batch 260/697, Lx 1.4683, Lu 0.0729, Penalty 0.0683, loss 1.6095
Epoch 7, Batch 261/697, Lx 1.3121, Lu 0.0517, Penalty 0.0586, loss 1.4225
Epoch 7, Batch 262/697, Lx 1.5181, Lu 0.0854, Penalty 0.0570, loss 1.6605
Epoch 7, Batch 263/697, Lx 1.5775, Lu 0.0829, Penalty 0.0498, loss 1.7103
Epoch 7, Batch 264/697, Lx 1.5376, Lu 0.0545, Penalty 0.0932, loss 1.6854
Epoch 7, Batch 265/697, Lx 1.3595, Lu 0.0690, Penalty 0.0229, loss 1.4514
Epoch 7, Batch 266/697, Lx 1.7704, Lu 0.1055, Penalty 0.0384, loss 1.9143
Epoch 7, Batch 267/697, Lx 1.5857, Lu 0.0719, Penalty 0.0393, loss 1.6969
Epoch 7, Batch 268/697, Lx 1.2990, Lu 0.0614, Penalty 0.0329, loss 1.3933
Epoch 7, Batch 269/697, Lx 1.5947, Lu 0.0633, Penalty 0.0836, loss 1.7415
Epoch 7, Batch 270/697, Lx 1.3978, Lu 0.0544, Penalty 0.0415, loss 1.4937
Epoch 7, Batch 271/697, Lx 1.5239, Lu 0.0771, Penalty 0.0633, loss 1.6643
Epoch 7, Batch 272/697, Lx 1.6859, Lu 0.0698, Penalty 0.0731, loss 1.8288
Epoch 7, Batch 273/697, Lx 1.5855, Lu 0.0725, Penalty 0.0354, loss 1.6935
Epoch 7, Batch 274/697, Lx 1.7553, Lu 0.0971, Penalty 0.0477, loss 1.9001
Epoch 7, Batch 275/697, Lx 1.4863, Lu 0.0573, Penalty 0.0236, loss 1.5673
Epoch 7, Batch 276/697, Lx 1.4895, Lu 0.0770, Penalty 0.0349, loss 1.6013
Epoch 7, Batch 277/697, Lx 1.4368, Lu 0.0516, Penalty 0.0674, loss 1.5558
Epoch 7, Batch 278/697, Lx 1.5738, Lu 0.0627, Penalty 0.0431, loss 1.6796
Epoch 7, Batch 279/697, Lx 1.5365, Lu 0.0687, Penalty 0.0491, loss 1.6543
Epoch 7, Batch 280/697, Lx 1.4881, Lu 0.0622, Penalty 0.1017, loss 1.6519
Epoch 7, Batch 281/697, Lx 1.6659, Lu 0.0742, Penalty 0.0322, loss 1.7723
Epoch 7, Batch 282/697, Lx 1.5489, Lu 0.0766, Penalty 0.0632, loss 1.6887
Epoch 7, Batch 283/697, Lx 1.5365, Lu 0.0718, Penalty 0.0204, loss 1.6287
Epoch 7, Batch 284/697, Lx 1.5496, Lu 0.0641, Penalty 0.0339, loss 1.6476
Epoch 7, Batch 285/697, Lx 1.7110, Lu 0.0854, Penalty 0.0617, loss 1.8581
Epoch 7, Batch 286/697, Lx 1.5376, Lu 0.0674, Penalty 0.0318, loss 1.6368
Epoch 7, Batch 287/697, Lx 1.4003, Lu 0.0673, Penalty 0.0382, loss 1.5059
Epoch 7, Batch 288/697, Lx 1.4641, Lu 0.0767, Penalty 0.0806, loss 1.6213
Epoch 7, Batch 289/697, Lx 1.5537, Lu 0.0762, Penalty 0.0379, loss 1.6678
Epoch 7, Batch 290/697, Lx 1.3746, Lu 0.0667, Penalty 0.0590, loss 1.5003
Epoch 7, Batch 291/697, Lx 1.5476, Lu 0.0562, Penalty 0.0789, loss 1.6827
Epoch 7, Batch 292/697, Lx 1.1190, Lu 0.0788, Penalty 0.0498, loss 1.2477
Epoch 7, Batch 293/697, Lx 1.6130, Lu 0.0693, Penalty 0.0284, loss 1.7106
Epoch 7, Batch 294/697, Lx 1.5773, Lu 0.0707, Penalty 0.0277, loss 1.6757
Epoch 7, Batch 295/697, Lx 1.4236, Lu 0.0466, Penalty 0.0453, loss 1.5154
Epoch 7, Batch 296/697, Lx 1.5692, Lu 0.0943, Penalty 0.0205, loss 1.6840
Epoch 7, Batch 297/697, Lx 1.6242, Lu 0.0847, Penalty 0.0433, loss 1.7523
Epoch 7, Batch 298/697, Lx 1.6596, Lu 0.0888, Penalty 0.0498, loss 1.7982
Epoch 7, Batch 299/697, Lx 1.6147, Lu 0.0537, Penalty 0.0412, loss 1.7096
Epoch 7, Batch 300/697, Lx 1.4355, Lu 0.0499, Penalty 0.0532, loss 1.5386
Epoch 7, Batch 301/697, Lx 1.4882, Lu 0.0838, Penalty 0.0588, loss 1.6308
Epoch 7, Batch 302/697, Lx 1.3808, Lu 0.0587, Penalty 0.0759, loss 1.5154
Epoch 7, Batch 303/697, Lx 1.5760, Lu 0.0582, Penalty 0.0450, loss 1.6792
Epoch 7, Batch 304/697, Lx 1.4658, Lu 0.0748, Penalty 0.0503, loss 1.5910
Epoch 7, Batch 305/697, Lx 1.5283, Lu 0.0961, Penalty 0.0564, loss 1.6808
Epoch 7, Batch 306/697, Lx 1.4575, Lu 0.0641, Penalty 0.0325, loss 1.5541
Epoch 7, Batch 307/697, Lx 1.5090, Lu 0.0828, Penalty 0.0644, loss 1.6563
Epoch 7, Batch 308/697, Lx 1.7682, Lu 0.0807, Penalty 0.0354, loss 1.8843
Epoch 7, Batch 309/697, Lx 1.8949, Lu 0.1086, Penalty 0.0327, loss 2.0362
Epoch 7, Batch 310/697, Lx 1.5389, Lu 0.0692, Penalty 0.1078, loss 1.7159
Epoch 7, Batch 311/697, Lx 1.7603, Lu 0.0716, Penalty 0.0766, loss 1.9085
Epoch 7, Batch 312/697, Lx 1.6558, Lu 0.0758, Penalty 0.0556, loss 1.7872
Epoch 7, Batch 313/697, Lx 1.4412, Lu 0.0545, Penalty 0.0766, loss 1.5723
Epoch 7, Batch 314/697, Lx 1.7916, Lu 0.0662, Penalty 0.0565, loss 1.9143
Epoch 7, Batch 315/697, Lx 1.5124, Lu 0.0576, Penalty 0.0591, loss 1.6291
Epoch 7, Batch 316/697, Lx 1.6828, Lu 0.0569, Penalty 0.0493, loss 1.7890
Epoch 7, Batch 317/697, Lx 1.5127, Lu 0.0488, Penalty 0.0805, loss 1.6420
Epoch 7, Batch 318/697, Lx 1.6345, Lu 0.0718, Penalty 0.0537, loss 1.7600
Epoch 7, Batch 319/697, Lx 1.1675, Lu 0.0572, Penalty 0.0756, loss 1.3003
Epoch 7, Batch 320/697, Lx 1.4787, Lu 0.0605, Penalty 0.0607, loss 1.5999
Epoch 7, Batch 321/697, Lx 1.4674, Lu 0.0889, Penalty 0.0502, loss 1.6065
Epoch 7, Batch 322/697, Lx 1.7078, Lu 0.1261, Penalty 0.0209, loss 1.8548
Epoch 7, Batch 323/697, Lx 1.6497, Lu 0.0723, Penalty 0.0398, loss 1.7617
Epoch 7, Batch 324/697, Lx 1.4635, Lu 0.0596, Penalty 0.0555, loss 1.5787
Epoch 7, Batch 325/697, Lx 1.9115, Lu 0.1117, Penalty 0.0226, loss 2.0458
Epoch 7, Batch 326/697, Lx 1.4821, Lu 0.0677, Penalty 0.0366, loss 1.5864
Epoch 7, Batch 327/697, Lx 1.4536, Lu 0.0502, Penalty 0.0247, loss 1.5286
Epoch 7, Batch 328/697, Lx 1.7703, Lu 0.0659, Penalty 0.0558, loss 1.8920
Epoch 7, Batch 329/697, Lx 1.6151, Lu 0.0914, Penalty 0.0292, loss 1.7357
Epoch 7, Batch 330/697, Lx 1.5507, Lu 0.0812, Penalty 0.0493, loss 1.6812
Epoch 7, Batch 331/697, Lx 1.6561, Lu 0.0766, Penalty 0.0616, loss 1.7943
Epoch 7, Batch 332/697, Lx 1.6170, Lu 0.0883, Penalty 0.0272, loss 1.7326
Epoch 7, Batch 333/697, Lx 1.6561, Lu 0.0894, Penalty 0.0231, loss 1.7686
Epoch 7, Batch 334/697, Lx 1.5648, Lu 0.0637, Penalty 0.0273, loss 1.6558
Epoch 7, Batch 335/697, Lx 1.4748, Lu 0.0495, Penalty 0.0367, loss 1.5611
Epoch 7, Batch 336/697, Lx 1.5205, Lu 0.0638, Penalty 0.0361, loss 1.6204
Epoch 7, Batch 337/697, Lx 1.5341, Lu 0.0770, Penalty 0.0647, loss 1.6759
Epoch 7, Batch 338/697, Lx 1.6610, Lu 0.0747, Penalty 0.0572, loss 1.7929
Epoch 7, Batch 339/697, Lx 1.5518, Lu 0.0649, Penalty 0.0191, loss 1.6358
Epoch 7, Batch 340/697, Lx 1.5084, Lu 0.0658, Penalty 0.0401, loss 1.6143
Epoch 7, Batch 341/697, Lx 1.7137, Lu 0.0869, Penalty 0.0613, loss 1.8618
Epoch 7, Batch 342/697, Lx 1.4940, Lu 0.0584, Penalty 0.0456, loss 1.5979
Epoch 7, Batch 343/697, Lx 1.5601, Lu 0.0754, Penalty 0.0435, loss 1.6790
Epoch 7, Batch 344/697, Lx 1.4227, Lu 0.0701, Penalty 0.0584, loss 1.5512
Epoch 7, Batch 345/697, Lx 1.5735, Lu 0.0700, Penalty 0.0300, loss 1.6734
Epoch 7, Batch 346/697, Lx 1.4099, Lu 0.0526, Penalty 0.0885, loss 1.5511
Epoch 7, Batch 347/697, Lx 1.6887, Lu 0.0789, Penalty 0.0678, loss 1.8355
Epoch 7, Batch 348/697, Lx 1.6700, Lu 0.0860, Penalty 0.0887, loss 1.8447
Epoch 7, Batch 349/697, Lx 1.4351, Lu 0.0615, Penalty 0.0960, loss 1.5927
Epoch 7, Batch 350/697, Lx 1.6451, Lu 0.0855, Penalty 0.0324, loss 1.7631
Epoch 7, Batch 351/697, Lx 1.4929, Lu 0.0704, Penalty 0.0416, loss 1.6049
Epoch 7, Batch 352/697, Lx 1.7465, Lu 0.0871, Penalty 0.0217, loss 1.8553
Epoch 7, Batch 353/697, Lx 1.5807, Lu 0.0700, Penalty 0.0234, loss 1.6741
Epoch 7, Batch 354/697, Lx 1.2874, Lu 0.0570, Penalty 0.0381, loss 1.3826
Epoch 7, Batch 355/697, Lx 1.3765, Lu 0.0679, Penalty 0.0431, loss 1.4875
Epoch 7, Batch 356/697, Lx 1.5826, Lu 0.0824, Penalty 0.0329, loss 1.6980
Epoch 7, Batch 357/697, Lx 1.5111, Lu 0.0845, Penalty 0.0253, loss 1.6209
Epoch 7, Batch 358/697, Lx 1.4467, Lu 0.0668, Penalty 0.0213, loss 1.5348
Epoch 7, Batch 359/697, Lx 1.6961, Lu 0.0802, Penalty 0.0391, loss 1.8154
Epoch 7, Batch 360/697, Lx 1.4499, Lu 0.0693, Penalty 0.0510, loss 1.5702
Epoch 7, Batch 361/697, Lx 1.5708, Lu 0.0652, Penalty 0.0249, loss 1.6609
Epoch 7, Batch 362/697, Lx 1.3542, Lu 0.0744, Penalty 0.0924, loss 1.5210
Epoch 7, Batch 363/697, Lx 1.3884, Lu 0.0725, Penalty 0.0930, loss 1.5539
Epoch 7, Batch 364/697, Lx 1.6556, Lu 0.0945, Penalty 0.0344, loss 1.7845
Epoch 7, Batch 365/697, Lx 1.6927, Lu 0.0966, Penalty 0.0659, loss 1.8552
Epoch 7, Batch 366/697, Lx 1.6337, Lu 0.0579, Penalty 0.0323, loss 1.7238
Epoch 7, Batch 367/697, Lx 1.7617, Lu 0.0817, Penalty 0.0490, loss 1.8924
Epoch 7, Batch 368/697, Lx 1.5874, Lu 0.0714, Penalty 0.0551, loss 1.7139
Epoch 7, Batch 369/697, Lx 1.6358, Lu 0.0549, Penalty 0.0322, loss 1.7229
Epoch 7, Batch 370/697, Lx 1.4877, Lu 0.0666, Penalty 0.0681, loss 1.6224
Epoch 7, Batch 371/697, Lx 1.5284, Lu 0.0564, Penalty 0.0612, loss 1.6460
Epoch 7, Batch 372/697, Lx 1.6283, Lu 0.0632, Penalty 0.0636, loss 1.7551
Epoch 7, Batch 373/697, Lx 1.5931, Lu 0.0812, Penalty 0.0582, loss 1.7325
Epoch 7, Batch 374/697, Lx 1.3877, Lu 0.0620, Penalty 0.0508, loss 1.5004
Epoch 7, Batch 375/697, Lx 1.6089, Lu 0.0821, Penalty 0.0690, loss 1.7600
Epoch 7, Batch 376/697, Lx 1.5010, Lu 0.0779, Penalty 0.0407, loss 1.6196
Epoch 7, Batch 377/697, Lx 1.5683, Lu 0.0920, Penalty 0.0241, loss 1.6844
Epoch 7, Batch 378/697, Lx 1.5844, Lu 0.0798, Penalty 0.0534, loss 1.7176
Epoch 7, Batch 379/697, Lx 1.5127, Lu 0.0723, Penalty 0.0387, loss 1.6237
Epoch 7, Batch 380/697, Lx 1.7491, Lu 0.0555, Penalty 0.0428, loss 1.8474
Epoch 7, Batch 381/697, Lx 1.3379, Lu 0.0469, Penalty 0.0461, loss 1.4309
Epoch 7, Batch 382/697, Lx 1.6721, Lu 0.0792, Penalty 0.0458, loss 1.7970
Epoch 7, Batch 383/697, Lx 1.8388, Lu 0.0989, Penalty 0.0447, loss 1.9823
Epoch 7, Batch 384/697, Lx 1.5684, Lu 0.0773, Penalty 0.0328, loss 1.6785
Epoch 7, Batch 385/697, Lx 1.4080, Lu 0.0560, Penalty 0.0340, loss 1.4980
Epoch 7, Batch 386/697, Lx 1.5504, Lu 0.0692, Penalty 0.0492, loss 1.6689
Epoch 7, Batch 387/697, Lx 1.3824, Lu 0.0533, Penalty 0.0276, loss 1.4633
Epoch 7, Batch 388/697, Lx 1.3303, Lu 0.0593, Penalty 0.0764, loss 1.4660
Epoch 7, Batch 389/697, Lx 1.5794, Lu 0.0729, Penalty 0.0488, loss 1.7012
Epoch 7, Batch 390/697, Lx 1.6220, Lu 0.1069, Penalty 0.0191, loss 1.7480
Epoch 7, Batch 391/697, Lx 1.5897, Lu 0.0762, Penalty 0.0597, loss 1.7257
Epoch 7, Batch 392/697, Lx 1.5934, Lu 0.0626, Penalty 0.0527, loss 1.7086
Epoch 7, Batch 393/697, Lx 1.6227, Lu 0.0881, Penalty 0.0778, loss 1.7886
Epoch 7, Batch 394/697, Lx 1.5420, Lu 0.0714, Penalty 0.0619, loss 1.6753
Epoch 7, Batch 395/697, Lx 1.5251, Lu 0.0630, Penalty 0.0694, loss 1.6574
Epoch 7, Batch 396/697, Lx 1.5223, Lu 0.0622, Penalty 0.0656, loss 1.6502
Epoch 7, Batch 397/697, Lx 1.6293, Lu 0.0728, Penalty 0.0333, loss 1.7355
Epoch 7, Batch 398/697, Lx 1.5935, Lu 0.0686, Penalty 0.0808, loss 1.7428
Epoch 7, Batch 399/697, Lx 1.5541, Lu 0.0733, Penalty 0.1003, loss 1.7276
Epoch 7, Batch 400/697, Lx 1.4490, Lu 0.0634, Penalty 0.0995, loss 1.6120
Epoch 7, Batch 401/697, Lx 1.6008, Lu 0.0946, Penalty 0.0732, loss 1.7686
Epoch 7, Batch 402/697, Lx 1.4004, Lu 0.0704, Penalty 0.0656, loss 1.5364
Epoch 7, Batch 403/697, Lx 1.7418, Lu 0.0826, Penalty 0.0719, loss 1.8964
Epoch 7, Batch 404/697, Lx 1.5952, Lu 0.0793, Penalty 0.0366, loss 1.7111
Epoch 7, Batch 405/697, Lx 1.6877, Lu 0.0959, Penalty 0.0294, loss 1.8131
Epoch 7, Batch 406/697, Lx 1.3568, Lu 0.0700, Penalty 0.0283, loss 1.4552
Epoch 7, Batch 407/697, Lx 1.5210, Lu 0.0901, Penalty 0.0406, loss 1.6518
Epoch 7, Batch 408/697, Lx 1.5649, Lu 0.0700, Penalty 0.0604, loss 1.6953
Epoch 7, Batch 409/697, Lx 1.5623, Lu 0.0605, Penalty 0.0372, loss 1.6600
Epoch 7, Batch 410/697, Lx 1.3264, Lu 0.0573, Penalty 0.0263, loss 1.4100
Epoch 7, Batch 411/697, Lx 1.7279, Lu 0.0731, Penalty 0.0317, loss 1.8327
Epoch 7, Batch 412/697, Lx 1.4077, Lu 0.0537, Penalty 0.0218, loss 1.4833
Epoch 7, Batch 413/697, Lx 1.4561, Lu 0.0785, Penalty 0.0624, loss 1.5970
Epoch 7, Batch 414/697, Lx 1.2658, Lu 0.0608, Penalty 0.0322, loss 1.3588
Epoch 7, Batch 415/697, Lx 1.3375, Lu 0.0600, Penalty 0.0945, loss 1.4919
Epoch 7, Batch 416/697, Lx 1.4612, Lu 0.0627, Penalty 0.0565, loss 1.5804
Epoch 7, Batch 417/697, Lx 1.4437, Lu 0.0484, Penalty 0.0881, loss 1.5803
Epoch 7, Batch 418/697, Lx 1.6570, Lu 0.0783, Penalty 0.0331, loss 1.7684
Epoch 7, Batch 419/697, Lx 1.4185, Lu 0.0741, Penalty 0.1651, loss 1.6577
Epoch 7, Batch 420/697, Lx 1.5681, Lu 0.0550, Penalty 0.0671, loss 1.6902
Epoch 7, Batch 421/697, Lx 1.5307, Lu 0.0692, Penalty 0.0535, loss 1.6534
Epoch 7, Batch 422/697, Lx 1.5150, Lu 0.0794, Penalty 0.0322, loss 1.6266
Epoch 7, Batch 423/697, Lx 1.6440, Lu 0.0608, Penalty 0.0519, loss 1.7568
Epoch 7, Batch 424/697, Lx 1.2930, Lu 0.0688, Penalty 0.0510, loss 1.4128
Epoch 7, Batch 425/697, Lx 1.5157, Lu 0.0770, Penalty 0.0428, loss 1.6355
Epoch 7, Batch 426/697, Lx 1.5990, Lu 0.0822, Penalty 0.0605, loss 1.7418
Epoch 7, Batch 427/697, Lx 1.4527, Lu 0.0824, Penalty 0.0506, loss 1.5857
Epoch 7, Batch 428/697, Lx 1.5116, Lu 0.0762, Penalty 0.0283, loss 1.6161
Epoch 7, Batch 429/697, Lx 1.2868, Lu 0.0545, Penalty 0.0294, loss 1.3707
Epoch 7, Batch 430/697, Lx 1.4947, Lu 0.0837, Penalty 0.0510, loss 1.6294
Epoch 7, Batch 431/697, Lx 1.4938, Lu 0.0810, Penalty 0.0176, loss 1.5923
Epoch 7, Batch 432/697, Lx 1.5752, Lu 0.0856, Penalty 0.0394, loss 1.7002
Epoch 7, Batch 433/697, Lx 1.6317, Lu 0.0672, Penalty 0.0316, loss 1.7304
Epoch 7, Batch 434/697, Lx 1.4196, Lu 0.0959, Penalty 0.0877, loss 1.6032
Epoch 7, Batch 435/697, Lx 1.6615, Lu 0.0967, Penalty 0.0685, loss 1.8267
Epoch 7, Batch 436/697, Lx 1.7724, Lu 0.0704, Penalty 0.0496, loss 1.8924
Epoch 7, Batch 437/697, Lx 1.7435, Lu 0.0889, Penalty 0.1110, loss 1.9433
Epoch 7, Batch 438/697, Lx 1.5960, Lu 0.0735, Penalty 0.0927, loss 1.7622
Epoch 7, Batch 439/697, Lx 1.6772, Lu 0.0824, Penalty 0.0793, loss 1.8388
Epoch 7, Batch 440/697, Lx 1.5813, Lu 0.0473, Penalty 0.1079, loss 1.7365
Epoch 7, Batch 441/697, Lx 1.5493, Lu 0.0950, Penalty 0.1275, loss 1.7717
Epoch 7, Batch 442/697, Lx 1.5965, Lu 0.0685, Penalty 0.0569, loss 1.7218
Epoch 7, Batch 443/697, Lx 1.5547, Lu 0.0832, Penalty 0.0966, loss 1.7345
Epoch 7, Batch 444/697, Lx 1.5429, Lu 0.0569, Penalty 0.0404, loss 1.6401
Epoch 7, Batch 445/697, Lx 1.5973, Lu 0.0767, Penalty 0.0777, loss 1.7516
Epoch 7, Batch 446/697, Lx 1.5605, Lu 0.0651, Penalty 0.0711, loss 1.6967
Epoch 7, Batch 447/697, Lx 1.5661, Lu 0.0643, Penalty 0.0955, loss 1.7259
Epoch 7, Batch 448/697, Lx 1.5294, Lu 0.0566, Penalty 0.0843, loss 1.6704
Epoch 7, Batch 449/697, Lx 1.6441, Lu 0.0657, Penalty 0.0643, loss 1.7742
Epoch 7, Batch 450/697, Lx 1.5509, Lu 0.0821, Penalty 0.0484, loss 1.6813
Epoch 7, Batch 451/697, Lx 1.7320, Lu 0.0929, Penalty 0.0247, loss 1.8496
Epoch 7, Batch 452/697, Lx 1.6195, Lu 0.0802, Penalty 0.0253, loss 1.7250
Epoch 7, Batch 453/697, Lx 1.7125, Lu 0.0964, Penalty 0.0192, loss 1.8281
Epoch 7, Batch 454/697, Lx 1.6118, Lu 0.0569, Penalty 0.0410, loss 1.7098
Epoch 7, Batch 455/697, Lx 1.3999, Lu 0.0811, Penalty 0.0914, loss 1.5725
Epoch 7, Batch 456/697, Lx 1.5227, Lu 0.0673, Penalty 0.0706, loss 1.6605
Epoch 7, Batch 457/697, Lx 1.4830, Lu 0.0664, Penalty 0.0338, loss 1.5832
Epoch 7, Batch 458/697, Lx 1.4125, Lu 0.0482, Penalty 0.0749, loss 1.5355
Epoch 7, Batch 459/697, Lx 1.4606, Lu 0.0672, Penalty 0.0560, loss 1.5838
Epoch 7, Batch 460/697, Lx 1.5534, Lu 0.0848, Penalty 0.0456, loss 1.6837
Epoch 7, Batch 461/697, Lx 1.5366, Lu 0.0562, Penalty 0.0367, loss 1.6296
Epoch 7, Batch 462/697, Lx 1.5063, Lu 0.0692, Penalty 0.0248, loss 1.6002
Epoch 7, Batch 463/697, Lx 1.4848, Lu 0.0823, Penalty 0.0268, loss 1.5939
Epoch 7, Batch 464/697, Lx 1.6628, Lu 0.0893, Penalty 0.0198, loss 1.7719
Epoch 7, Batch 465/697, Lx 1.8499, Lu 0.0953, Penalty 0.0450, loss 1.9902
Epoch 7, Batch 466/697, Lx 1.7155, Lu 0.0883, Penalty 0.0427, loss 1.8465
Epoch 7, Batch 467/697, Lx 1.4243, Lu 0.0678, Penalty 0.0948, loss 1.5869
Epoch 7, Batch 468/697, Lx 1.4340, Lu 0.0699, Penalty 0.0339, loss 1.5378
Epoch 7, Batch 469/697, Lx 1.6220, Lu 0.0799, Penalty 0.0629, loss 1.7648
Epoch 7, Batch 470/697, Lx 1.3855, Lu 0.0575, Penalty 0.0618, loss 1.5048
Epoch 7, Batch 471/697, Lx 1.5582, Lu 0.0694, Penalty 0.0913, loss 1.7189
Epoch 7, Batch 472/697, Lx 1.5475, Lu 0.0697, Penalty 0.1917, loss 1.8089
Epoch 7, Batch 473/697, Lx 1.5609, Lu 0.0724, Penalty 0.0671, loss 1.7005
Epoch 7, Batch 474/697, Lx 1.4348, Lu 0.0593, Penalty 0.0364, loss 1.5304
Epoch 7, Batch 475/697, Lx 1.7282, Lu 0.0734, Penalty 0.0682, loss 1.8698
Epoch 7, Batch 476/697, Lx 1.2815, Lu 0.0643, Penalty 0.0752, loss 1.4210
Epoch 7, Batch 477/697, Lx 1.5548, Lu 0.0576, Penalty 0.0417, loss 1.6541
Epoch 7, Batch 478/697, Lx 1.5785, Lu 0.0829, Penalty 0.0770, loss 1.7384
Epoch 7, Batch 479/697, Lx 1.4599, Lu 0.0547, Penalty 0.0498, loss 1.5645
Epoch 7, Batch 480/697, Lx 1.4892, Lu 0.0615, Penalty 0.0417, loss 1.5924
Epoch 7, Batch 481/697, Lx 1.6726, Lu 0.0842, Penalty 0.0494, loss 1.8062
Epoch 7, Batch 482/697, Lx 1.3666, Lu 0.0708, Penalty 0.0855, loss 1.5229
Epoch 7, Batch 483/697, Lx 1.7678, Lu 0.0967, Penalty 0.0477, loss 1.9121
Epoch 7, Batch 484/697, Lx 1.5228, Lu 0.0657, Penalty 0.1054, loss 1.6938
Epoch 7, Batch 485/697, Lx 1.4361, Lu 0.0588, Penalty 0.0963, loss 1.5912
Epoch 7, Batch 486/697, Lx 1.4285, Lu 0.0602, Penalty 0.0329, loss 1.5216
Epoch 7, Batch 487/697, Lx 1.4565, Lu 0.0702, Penalty 0.0364, loss 1.5632
Epoch 7, Batch 488/697, Lx 1.5894, Lu 0.0890, Penalty 0.1173, loss 1.7956
Epoch 7, Batch 489/697, Lx 1.5538, Lu 0.1156, Penalty 0.0548, loss 1.7242
Epoch 7, Batch 490/697, Lx 1.4333, Lu 0.0805, Penalty 0.0451, loss 1.5589
Epoch 7, Batch 491/697, Lx 1.5371, Lu 0.0676, Penalty 0.0587, loss 1.6634
Epoch 7, Batch 492/697, Lx 1.6348, Lu 0.0913, Penalty 0.0484, loss 1.7745
Epoch 7, Batch 493/697, Lx 1.7087, Lu 0.0830, Penalty 0.0251, loss 1.8169
Epoch 7, Batch 494/697, Lx 1.4032, Lu 0.0708, Penalty 0.0302, loss 1.5042
Epoch 7, Batch 495/697, Lx 1.4149, Lu 0.0659, Penalty 0.0571, loss 1.5380
Epoch 7, Batch 496/697, Lx 1.7203, Lu 0.0910, Penalty 0.0386, loss 1.8499
Epoch 7, Batch 497/697, Lx 1.4584, Lu 0.0626, Penalty 0.0291, loss 1.5501
Epoch 7, Batch 498/697, Lx 1.6609, Lu 0.0777, Penalty 0.0250, loss 1.7635
Epoch 7, Batch 499/697, Lx 1.6165, Lu 0.0619, Penalty 0.0942, loss 1.7726
Epoch 7, Batch 500/697, Lx 1.5763, Lu 0.0616, Penalty 0.0583, loss 1.6962
Epoch 7, Batch 501/697, Lx 1.8279, Lu 0.0855, Penalty 0.1283, loss 2.0416
Epoch 7, Batch 502/697, Lx 1.6656, Lu 0.0556, Penalty 0.0281, loss 1.7493
Epoch 7, Batch 503/697, Lx 1.3149, Lu 0.0464, Penalty 0.0520, loss 1.4133
Epoch 7, Batch 504/697, Lx 1.4943, Lu 0.0523, Penalty 0.0677, loss 1.6143
Epoch 7, Batch 505/697, Lx 1.4654, Lu 0.0754, Penalty 0.0591, loss 1.5999
Epoch 7, Batch 506/697, Lx 1.2938, Lu 0.0532, Penalty 0.1057, loss 1.4527
Epoch 7, Batch 507/697, Lx 1.5206, Lu 0.0633, Penalty 0.0657, loss 1.6497
Epoch 7, Batch 508/697, Lx 1.4481, Lu 0.0627, Penalty 0.0898, loss 1.6006
Epoch 7, Batch 509/697, Lx 1.4906, Lu 0.0684, Penalty 0.0909, loss 1.6499
Epoch 7, Batch 510/697, Lx 1.6386, Lu 0.0771, Penalty 0.0746, loss 1.7903
Epoch 7, Batch 511/697, Lx 1.6173, Lu 0.0861, Penalty 0.0450, loss 1.7484
Epoch 7, Batch 512/697, Lx 1.6820, Lu 0.0781, Penalty 0.0295, loss 1.7897
Epoch 7, Batch 513/697, Lx 1.5684, Lu 0.0610, Penalty 0.0398, loss 1.6692
Epoch 7, Batch 514/697, Lx 1.6468, Lu 0.0850, Penalty 0.0211, loss 1.7528
Epoch 7, Batch 515/697, Lx 1.3416, Lu 0.0522, Penalty 0.0904, loss 1.4841
Epoch 7, Batch 516/697, Lx 1.4067, Lu 0.0494, Penalty 0.0548, loss 1.5110
Epoch 7, Batch 517/697, Lx 1.4941, Lu 0.0606, Penalty 0.0330, loss 1.5877
Epoch 7, Batch 518/697, Lx 1.5642, Lu 0.0803, Penalty 0.0281, loss 1.6727
Epoch 7, Batch 519/697, Lx 1.3609, Lu 0.0578, Penalty 0.0692, loss 1.4879
Epoch 7, Batch 520/697, Lx 1.4969, Lu 0.0841, Penalty 0.0804, loss 1.6614
Epoch 7, Batch 521/697, Lx 1.5346, Lu 0.0856, Penalty 0.0479, loss 1.6681
Epoch 7, Batch 522/697, Lx 1.6722, Lu 0.0629, Penalty 0.0718, loss 1.8069
Epoch 7, Batch 523/697, Lx 1.5033, Lu 0.0926, Penalty 0.0528, loss 1.6487
Epoch 7, Batch 524/697, Lx 1.4593, Lu 0.0603, Penalty 0.0565, loss 1.5760
Epoch 7, Batch 525/697, Lx 1.5760, Lu 0.0759, Penalty 0.0599, loss 1.7117
Epoch 7, Batch 526/697, Lx 1.6547, Lu 0.0610, Penalty 0.0503, loss 1.7660
Epoch 7, Batch 527/697, Lx 1.5648, Lu 0.0782, Penalty 0.0459, loss 1.6889
Epoch 7, Batch 528/697, Lx 1.4695, Lu 0.0697, Penalty 0.0432, loss 1.5825
Epoch 7, Batch 529/697, Lx 1.4742, Lu 0.0611, Penalty 0.0698, loss 1.6052
Epoch 7, Batch 530/697, Lx 1.5020, Lu 0.0739, Penalty 0.0557, loss 1.6316
Epoch 7, Batch 531/697, Lx 1.3676, Lu 0.0635, Penalty 0.0588, loss 1.4899
Epoch 7, Batch 532/697, Lx 1.8391, Lu 0.1142, Penalty 0.0503, loss 2.0036
Epoch 7, Batch 533/697, Lx 1.6383, Lu 0.0668, Penalty 0.0805, loss 1.7856
Epoch 7, Batch 534/697, Lx 1.5062, Lu 0.0707, Penalty 0.0464, loss 1.6233
Epoch 7, Batch 535/697, Lx 1.5278, Lu 0.0707, Penalty 0.0623, loss 1.6608
Epoch 7, Batch 536/697, Lx 1.4686, Lu 0.0709, Penalty 0.0411, loss 1.5806
Epoch 7, Batch 537/697, Lx 1.6367, Lu 0.0677, Penalty 0.0323, loss 1.7367
Epoch 7, Batch 538/697, Lx 1.5314, Lu 0.0933, Penalty 0.0383, loss 1.6630
Epoch 7, Batch 539/697, Lx 1.8213, Lu 0.0828, Penalty 0.0328, loss 1.9369
Epoch 7, Batch 540/697, Lx 1.6584, Lu 0.0753, Penalty 0.0489, loss 1.7825
Epoch 7, Batch 541/697, Lx 1.4633, Lu 0.0502, Penalty 0.0366, loss 1.5501
Epoch 7, Batch 542/697, Lx 1.7410, Lu 0.0950, Penalty 0.0659, loss 1.9019
Epoch 7, Batch 543/697, Lx 1.5660, Lu 0.0738, Penalty 0.0654, loss 1.7052
Epoch 7, Batch 544/697, Lx 1.6156, Lu 0.0720, Penalty 0.0457, loss 1.7333
Epoch 7, Batch 545/697, Lx 1.2808, Lu 0.0580, Penalty 0.0345, loss 1.3733
Epoch 7, Batch 546/697, Lx 1.5646, Lu 0.0675, Penalty 0.0361, loss 1.6682
Epoch 7, Batch 547/697, Lx 1.3724, Lu 0.0549, Penalty 0.0572, loss 1.4845
Epoch 7, Batch 548/697, Lx 1.3553, Lu 0.0689, Penalty 0.0474, loss 1.4715
Epoch 7, Batch 549/697, Lx 1.5673, Lu 0.0675, Penalty 0.0415, loss 1.6763
Epoch 7, Batch 550/697, Lx 1.3570, Lu 0.0704, Penalty 0.0833, loss 1.5107
Epoch 7, Batch 551/697, Lx 1.6270, Lu 0.0837, Penalty 0.0305, loss 1.7411
Epoch 7, Batch 552/697, Lx 1.6164, Lu 0.0822, Penalty 0.0198, loss 1.7184
Epoch 7, Batch 553/697, Lx 1.5103, Lu 0.0698, Penalty 0.0359, loss 1.6160
Epoch 7, Batch 554/697, Lx 1.6088, Lu 0.0785, Penalty 0.0329, loss 1.7202
Epoch 7, Batch 555/697, Lx 1.7857, Lu 0.0811, Penalty 0.0472, loss 1.9140
Epoch 7, Batch 556/697, Lx 1.5960, Lu 0.0946, Penalty 0.0601, loss 1.7507
Epoch 7, Batch 557/697, Lx 1.4336, Lu 0.0808, Penalty 0.0783, loss 1.5927
Epoch 7, Batch 558/697, Lx 1.7554, Lu 0.1063, Penalty 0.0767, loss 1.9384
Epoch 7, Batch 559/697, Lx 1.6090, Lu 0.0983, Penalty 0.0721, loss 1.7794
Epoch 7, Batch 560/697, Lx 1.5961, Lu 0.0897, Penalty 0.0834, loss 1.7693
Epoch 7, Batch 561/697, Lx 1.6648, Lu 0.0827, Penalty 0.0303, loss 1.7778
Epoch 7, Batch 562/697, Lx 1.6182, Lu 0.0583, Penalty 0.1170, loss 1.7934
Epoch 7, Batch 563/697, Lx 1.3863, Lu 0.0509, Penalty 0.1107, loss 1.5480
Epoch 7, Batch 564/697, Lx 1.5617, Lu 0.0566, Penalty 0.0553, loss 1.6736
Epoch 7, Batch 565/697, Lx 1.4928, Lu 0.0616, Penalty 0.0860, loss 1.6404
Epoch 7, Batch 566/697, Lx 1.4760, Lu 0.0520, Penalty 0.0284, loss 1.5564
Epoch 7, Batch 567/697, Lx 1.2359, Lu 0.0529, Penalty 0.0815, loss 1.3703
Epoch 7, Batch 568/697, Lx 1.7315, Lu 0.0791, Penalty 0.0407, loss 1.8513
Epoch 7, Batch 569/697, Lx 1.5288, Lu 0.0551, Penalty 0.0558, loss 1.6397
Epoch 7, Batch 570/697, Lx 1.6682, Lu 0.0788, Penalty 0.0505, loss 1.7975
Epoch 7, Batch 571/697, Lx 1.4126, Lu 0.0571, Penalty 0.0687, loss 1.5384
Epoch 7, Batch 572/697, Lx 1.3888, Lu 0.0619, Penalty 0.0321, loss 1.4828
Epoch 7, Batch 573/697, Lx 1.6237, Lu 0.0826, Penalty 0.0613, loss 1.7676
Epoch 7, Batch 574/697, Lx 1.5426, Lu 0.0661, Penalty 0.0546, loss 1.6633
Epoch 7, Batch 575/697, Lx 1.5106, Lu 0.0656, Penalty 0.0438, loss 1.6201
Epoch 7, Batch 576/697, Lx 1.5888, Lu 0.0988, Penalty 0.0222, loss 1.7098
Epoch 7, Batch 577/697, Lx 1.5301, Lu 0.0668, Penalty 0.0503, loss 1.6471
Epoch 7, Batch 578/697, Lx 1.3946, Lu 0.0793, Penalty 0.0669, loss 1.5408
Epoch 7, Batch 579/697, Lx 1.4280, Lu 0.0656, Penalty 0.0695, loss 1.5631
Epoch 7, Batch 580/697, Lx 1.2476, Lu 0.0517, Penalty 0.0586, loss 1.3579
Epoch 7, Batch 581/697, Lx 1.3915, Lu 0.0541, Penalty 0.0591, loss 1.5048
Epoch 7, Batch 582/697, Lx 1.7181, Lu 0.0862, Penalty 0.0626, loss 1.8670
Epoch 7, Batch 583/697, Lx 1.5334, Lu 0.0718, Penalty 0.0346, loss 1.6398
Epoch 7, Batch 584/697, Lx 1.7332, Lu 0.0663, Penalty 0.0604, loss 1.8599
Epoch 7, Batch 585/697, Lx 1.6119, Lu 0.0691, Penalty 0.0455, loss 1.7265
Epoch 7, Batch 586/697, Lx 1.6043, Lu 0.0689, Penalty 0.0668, loss 1.7400
Epoch 7, Batch 587/697, Lx 1.5332, Lu 0.0535, Penalty 0.0420, loss 1.6287
Epoch 7, Batch 588/697, Lx 1.5134, Lu 0.0839, Penalty 0.1022, loss 1.6995
Epoch 7, Batch 589/697, Lx 1.7097, Lu 0.0898, Penalty 0.0454, loss 1.8449
Epoch 7, Batch 590/697, Lx 1.5382, Lu 0.0782, Penalty 0.0472, loss 1.6636
Epoch 7, Batch 591/697, Lx 1.5564, Lu 0.0718, Penalty 0.0464, loss 1.6745
Epoch 7, Batch 592/697, Lx 1.4718, Lu 0.0751, Penalty 0.0637, loss 1.6106
Epoch 7, Batch 593/697, Lx 1.4958, Lu 0.0768, Penalty 0.0438, loss 1.6164
Epoch 7, Batch 594/697, Lx 1.4050, Lu 0.0556, Penalty 0.0498, loss 1.5105
Epoch 7, Batch 595/697, Lx 1.2753, Lu 0.0652, Penalty 0.0272, loss 1.3677
Epoch 7, Batch 596/697, Lx 1.5993, Lu 0.0741, Penalty 0.0465, loss 1.7200
Epoch 7, Batch 597/697, Lx 1.7631, Lu 0.0850, Penalty 0.0303, loss 1.8785
Epoch 7, Batch 598/697, Lx 1.6026, Lu 0.1022, Penalty 0.0623, loss 1.7671
Epoch 7, Batch 599/697, Lx 1.4907, Lu 0.0729, Penalty 0.0316, loss 1.5952
Epoch 7, Batch 600/697, Lx 1.6366, Lu 0.0815, Penalty 0.0550, loss 1.7732
Epoch 7, Batch 601/697, Lx 1.3943, Lu 0.0777, Penalty 0.0471, loss 1.5190
Epoch 7, Batch 602/697, Lx 1.1736, Lu 0.0692, Penalty 0.0567, loss 1.2995
Epoch 7, Batch 603/697, Lx 1.7003, Lu 0.0723, Penalty 0.0400, loss 1.8126
Epoch 7, Batch 604/697, Lx 1.4431, Lu 0.0705, Penalty 0.0585, loss 1.5721
Epoch 7, Batch 605/697, Lx 1.5754, Lu 0.0877, Penalty 0.0457, loss 1.7088
Epoch 7, Batch 606/697, Lx 1.4699, Lu 0.0663, Penalty 0.0511, loss 1.5873
Epoch 7, Batch 607/697, Lx 1.4752, Lu 0.0833, Penalty 0.1106, loss 1.6691
Epoch 7, Batch 608/697, Lx 1.6180, Lu 0.0704, Penalty 0.0335, loss 1.7219
Epoch 7, Batch 609/697, Lx 1.6360, Lu 0.0547, Penalty 0.0374, loss 1.7281
Epoch 7, Batch 610/697, Lx 1.6518, Lu 0.0764, Penalty 0.0343, loss 1.7624
Epoch 7, Batch 611/697, Lx 1.4672, Lu 0.0460, Penalty 0.0696, loss 1.5827
Epoch 7, Batch 612/697, Lx 1.6945, Lu 0.0984, Penalty 0.0482, loss 1.8410
Epoch 7, Batch 613/697, Lx 1.5917, Lu 0.0560, Penalty 0.0308, loss 1.6786
Epoch 7, Batch 614/697, Lx 1.5523, Lu 0.0582, Penalty 0.0361, loss 1.6467
Epoch 7, Batch 615/697, Lx 1.5072, Lu 0.0986, Penalty 0.0326, loss 1.6384
Epoch 7, Batch 616/697, Lx 1.3531, Lu 0.0763, Penalty 0.0482, loss 1.4775
Epoch 7, Batch 617/697, Lx 1.3520, Lu 0.0621, Penalty 0.0529, loss 1.4671
Epoch 7, Batch 618/697, Lx 1.5494, Lu 0.0643, Penalty 0.0437, loss 1.6574
Epoch 7, Batch 619/697, Lx 1.6197, Lu 0.1141, Penalty 0.0127, loss 1.7465
Epoch 7, Batch 620/697, Lx 1.6261, Lu 0.0942, Penalty 0.0220, loss 1.7423
Epoch 7, Batch 621/697, Lx 1.4979, Lu 0.0591, Penalty 0.0365, loss 1.5934
Epoch 7, Batch 622/697, Lx 1.5377, Lu 0.0593, Penalty 0.0333, loss 1.6302
Epoch 7, Batch 623/697, Lx 1.4051, Lu 0.0581, Penalty 0.0513, loss 1.5145
Epoch 7, Batch 624/697, Lx 1.4583, Lu 0.0591, Penalty 0.0444, loss 1.5618
Epoch 7, Batch 625/697, Lx 1.7308, Lu 0.0879, Penalty 0.0454, loss 1.8642
Epoch 7, Batch 626/697, Lx 1.5521, Lu 0.0648, Penalty 0.0571, loss 1.6741
Epoch 7, Batch 627/697, Lx 1.4320, Lu 0.0698, Penalty 0.0725, loss 1.5743
Epoch 7, Batch 628/697, Lx 1.5866, Lu 0.0637, Penalty 0.0436, loss 1.6939
Epoch 7, Batch 629/697, Lx 1.5049, Lu 0.0649, Penalty 0.0753, loss 1.6450
Epoch 7, Batch 630/697, Lx 1.6186, Lu 0.0633, Penalty 0.0552, loss 1.7371
Epoch 7, Batch 631/697, Lx 1.6885, Lu 0.0972, Penalty 0.0445, loss 1.8301
Epoch 7, Batch 632/697, Lx 1.6809, Lu 0.0656, Penalty 0.0780, loss 1.8245
Epoch 7, Batch 633/697, Lx 1.5413, Lu 0.0515, Penalty 0.0276, loss 1.6203
Epoch 7, Batch 634/697, Lx 1.6456, Lu 0.0932, Penalty 0.0328, loss 1.7715
Epoch 7, Batch 635/697, Lx 1.4960, Lu 0.0704, Penalty 0.0920, loss 1.6584
Epoch 7, Batch 636/697, Lx 1.5678, Lu 0.0660, Penalty 0.0775, loss 1.7113
Epoch 7, Batch 637/697, Lx 1.6584, Lu 0.0827, Penalty 0.0906, loss 1.8317
Epoch 7, Batch 638/697, Lx 1.4220, Lu 0.0569, Penalty 0.0285, loss 1.5074
Epoch 7, Batch 639/697, Lx 1.6820, Lu 0.0764, Penalty 0.0580, loss 1.8165
Epoch 7, Batch 640/697, Lx 1.6423, Lu 0.0572, Penalty 0.0290, loss 1.7285
Epoch 7, Batch 641/697, Lx 1.5927, Lu 0.0706, Penalty 0.0346, loss 1.6980
Epoch 7, Batch 642/697, Lx 1.4594, Lu 0.0750, Penalty 0.0821, loss 1.6164
Epoch 7, Batch 643/697, Lx 1.4899, Lu 0.0597, Penalty 0.0234, loss 1.5730
Epoch 7, Batch 644/697, Lx 1.7405, Lu 0.0876, Penalty 0.0338, loss 1.8619
Epoch 7, Batch 645/697, Lx 1.4894, Lu 0.0581, Penalty 0.0938, loss 1.6412
Epoch 7, Batch 646/697, Lx 1.2554, Lu 0.0525, Penalty 0.1012, loss 1.4091
Epoch 7, Batch 647/697, Lx 1.4101, Lu 0.0725, Penalty 0.0389, loss 1.5214
Epoch 7, Batch 648/697, Lx 1.4157, Lu 0.0589, Penalty 0.0323, loss 1.5070
Epoch 7, Batch 649/697, Lx 1.4806, Lu 0.0749, Penalty 0.0486, loss 1.6041
Epoch 7, Batch 650/697, Lx 1.5329, Lu 0.0799, Penalty 0.0423, loss 1.6551
Epoch 7, Batch 651/697, Lx 1.4968, Lu 0.0614, Penalty 0.0270, loss 1.5852
Epoch 7, Batch 652/697, Lx 1.5061, Lu 0.0772, Penalty 0.0162, loss 1.5994
Epoch 7, Batch 653/697, Lx 1.2832, Lu 0.0596, Penalty 0.0541, loss 1.3969
Epoch 7, Batch 654/697, Lx 1.4848, Lu 0.0620, Penalty 0.0438, loss 1.5906
Epoch 7, Batch 655/697, Lx 1.6749, Lu 0.0893, Penalty 0.0519, loss 1.8161
Epoch 7, Batch 656/697, Lx 1.5222, Lu 0.0784, Penalty 0.0410, loss 1.6416
Epoch 7, Batch 657/697, Lx 1.6813, Lu 0.0617, Penalty 0.0887, loss 1.8317
Epoch 7, Batch 658/697, Lx 1.5324, Lu 0.0690, Penalty 0.0374, loss 1.6388
Epoch 7, Batch 659/697, Lx 1.3855, Lu 0.0568, Penalty 0.0333, loss 1.4756
Epoch 7, Batch 660/697, Lx 1.6859, Lu 0.0671, Penalty 0.0748, loss 1.8277
Epoch 7, Batch 661/697, Lx 1.5154, Lu 0.0814, Penalty 0.0409, loss 1.6377
Epoch 7, Batch 662/697, Lx 1.6009, Lu 0.0706, Penalty 0.0497, loss 1.7212
Epoch 7, Batch 663/697, Lx 1.4812, Lu 0.0577, Penalty 0.0606, loss 1.5995
Epoch 7, Batch 664/697, Lx 1.5100, Lu 0.0678, Penalty 0.0554, loss 1.6331
Epoch 7, Batch 665/697, Lx 1.2964, Lu 0.0530, Penalty 0.0641, loss 1.4134
Epoch 7, Batch 666/697, Lx 1.4780, Lu 0.0716, Penalty 0.0613, loss 1.6109
Epoch 7, Batch 667/697, Lx 1.5465, Lu 0.0531, Penalty 0.0541, loss 1.6538
Epoch 7, Batch 668/697, Lx 1.7255, Lu 0.0761, Penalty 0.0240, loss 1.8257
Epoch 7, Batch 669/697, Lx 1.5494, Lu 0.0479, Penalty 0.0523, loss 1.6497
Epoch 7, Batch 670/697, Lx 1.3581, Lu 0.0553, Penalty 0.0591, loss 1.4725
Epoch 7, Batch 671/697, Lx 1.4502, Lu 0.0564, Penalty 0.0727, loss 1.5792
Epoch 7, Batch 672/697, Lx 1.4954, Lu 0.0689, Penalty 0.0852, loss 1.6495
Epoch 7, Batch 673/697, Lx 1.5125, Lu 0.0507, Penalty 0.0532, loss 1.6164
Epoch 7, Batch 674/697, Lx 1.6112, Lu 0.0537, Penalty 0.0658, loss 1.7307
Epoch 7, Batch 675/697, Lx 1.7821, Lu 0.0984, Penalty 0.0419, loss 1.9224
Epoch 7, Batch 676/697, Lx 1.4105, Lu 0.0657, Penalty 0.0905, loss 1.5668
Epoch 7, Batch 677/697, Lx 1.5694, Lu 0.0738, Penalty 0.0465, loss 1.6897
Epoch 7, Batch 678/697, Lx 1.4419, Lu 0.0875, Penalty 0.0394, loss 1.5687
Epoch 7, Batch 679/697, Lx 1.5162, Lu 0.0775, Penalty 0.0120, loss 1.6057
Epoch 7, Batch 680/697, Lx 1.5382, Lu 0.0631, Penalty 0.0769, loss 1.6782
Epoch 7, Batch 681/697, Lx 1.3911, Lu 0.0557, Penalty 0.0688, loss 1.5156
Epoch 7, Batch 682/697, Lx 1.5646, Lu 0.0707, Penalty 0.0347, loss 1.6700
Epoch 7, Batch 683/697, Lx 1.5707, Lu 0.0600, Penalty 0.0269, loss 1.6576
Epoch 7, Batch 684/697, Lx 1.6989, Lu 0.0768, Penalty 0.0258, loss 1.8015
Epoch 7, Batch 685/697, Lx 1.5857, Lu 0.0799, Penalty 0.0578, loss 1.7234
Epoch 7, Batch 686/697, Lx 1.3555, Lu 0.0546, Penalty 0.0397, loss 1.4497
Epoch 7, Batch 687/697, Lx 1.7750, Lu 0.0668, Penalty 0.0513, loss 1.8930
Epoch 7, Batch 688/697, Lx 1.5347, Lu 0.0632, Penalty 0.0788, loss 1.6768
Epoch 7, Batch 689/697, Lx 1.4164, Lu 0.0501, Penalty 0.0510, loss 1.5175
Epoch 7, Batch 690/697, Lx 1.2962, Lu 0.0407, Penalty 0.0846, loss 1.4214
Epoch 7, Batch 691/697, Lx 1.4850, Lu 0.0559, Penalty 0.0657, loss 1.6066
Epoch 7, Batch 692/697, Lx 1.6528, Lu 0.0753, Penalty 0.0957, loss 1.8239
Epoch 7, Batch 693/697, Lx 1.5987, Lu 0.0822, Penalty 0.0842, loss 1.7651
Epoch 7, Batch 694/697, Lx 1.6117, Lu 0.0659, Penalty 0.0744, loss 1.7520
Epoch 7, Batch 695/697, Lx 1.4297, Lu 0.0772, Penalty 0.0432, loss 1.5501
Epoch 7, Batch 696/697, Lx 1.4620, Lu 0.0752, Penalty 0.0517, loss 1.5888
Epoch 7, Batch 697/697, Lx 1.5829, Lu 0.0688, Penalty 0.0368, loss 1.6885
Loss: 1.6718, Lx: 1.5465, Lu: 0.0721, Penalty: 0.0532
Evaluating training data at epoch 7 for Model 1
GMM Means: [0.24439077 0.52930694]
GMM Covariances: [0.01324298 0.02230624]
Evaluating training data at epoch 7 for Model 2
GMM Means: [0.2131543  0.52433743]
GMM Covariances: [0.01049768 0.01798657]
Evaluating models at epoch 7
Test data size: 60000
Epoch: 7, Test Loss: 1.4569, Test Accuracy: 0.5522, Test F1 Score: 0.5299
Training for Network 1
labelled data size: 25384
unlabelled data size: 16616
Epoch 8, Batch 1/794, Lx 1.5496, Lu 0.1034, Penalty 0.0543, loss 1.7073
Epoch 8, Batch 2/794, Lx 1.5628, Lu 0.0984, Penalty 0.0570, loss 1.7182
Epoch 8, Batch 3/794, Lx 1.6157, Lu 0.1064, Penalty 0.0174, loss 1.7395
Epoch 8, Batch 4/794, Lx 1.6301, Lu 0.0844, Penalty 0.0478, loss 1.7622
Epoch 8, Batch 5/794, Lx 1.5087, Lu 0.0988, Penalty 0.0788, loss 1.6863
Epoch 8, Batch 6/794, Lx 1.5445, Lu 0.0958, Penalty 0.0343, loss 1.6746
Epoch 8, Batch 7/794, Lx 1.7715, Lu 0.1378, Penalty 0.0365, loss 1.9457
Epoch 8, Batch 8/794, Lx 1.7268, Lu 0.1189, Penalty 0.0259, loss 1.8716
Epoch 8, Batch 9/794, Lx 1.6407, Lu 0.1106, Penalty 0.0837, loss 1.8350
Epoch 8, Batch 10/794, Lx 1.6763, Lu 0.1325, Penalty 0.0589, loss 1.8678
Epoch 8, Batch 11/794, Lx 1.4212, Lu 0.1036, Penalty 0.0445, loss 1.5692
Epoch 8, Batch 12/794, Lx 1.6484, Lu 0.1348, Penalty 0.0379, loss 1.8212
Epoch 8, Batch 13/794, Lx 1.4528, Lu 0.0881, Penalty 0.0898, loss 1.6307
Epoch 8, Batch 14/794, Lx 1.5428, Lu 0.0894, Penalty 0.0778, loss 1.7100
Epoch 8, Batch 15/794, Lx 1.9104, Lu 0.1382, Penalty 0.0322, loss 2.0808
Epoch 8, Batch 16/794, Lx 1.7970, Lu 0.1215, Penalty 0.0338, loss 1.9522
Epoch 8, Batch 17/794, Lx 1.6479, Lu 0.1168, Penalty 0.0437, loss 1.8084
Epoch 8, Batch 18/794, Lx 1.6672, Lu 0.1011, Penalty 0.0319, loss 1.8001
Epoch 8, Batch 19/794, Lx 1.5406, Lu 0.0902, Penalty 0.0803, loss 1.7111
Epoch 8, Batch 20/794, Lx 1.6473, Lu 0.1074, Penalty 0.0765, loss 1.8312
Epoch 8, Batch 21/794, Lx 1.6661, Lu 0.0883, Penalty 0.0629, loss 1.8173
Epoch 8, Batch 22/794, Lx 1.6487, Lu 0.0892, Penalty 0.0307, loss 1.7687
Epoch 8, Batch 23/794, Lx 1.2868, Lu 0.0659, Penalty 0.0749, loss 1.4277
Epoch 8, Batch 24/794, Lx 1.6575, Lu 0.0957, Penalty 0.0435, loss 1.7967
Epoch 8, Batch 25/794, Lx 1.6692, Lu 0.1167, Penalty 0.0407, loss 1.8265
Epoch 8, Batch 26/794, Lx 1.4629, Lu 0.0558, Penalty 0.0521, loss 1.5708
Epoch 8, Batch 27/794, Lx 1.3913, Lu 0.1022, Penalty 0.0529, loss 1.5464
Epoch 8, Batch 28/794, Lx 1.5902, Lu 0.1276, Penalty 0.0329, loss 1.7507
Epoch 8, Batch 29/794, Lx 1.5777, Lu 0.0757, Penalty 0.0309, loss 1.6844
Epoch 8, Batch 30/794, Lx 1.6223, Lu 0.0953, Penalty 0.0146, loss 1.7323
Epoch 8, Batch 31/794, Lx 1.5119, Lu 0.0767, Penalty 0.0267, loss 1.6153
Epoch 8, Batch 32/794, Lx 1.6884, Lu 0.0992, Penalty 0.0253, loss 1.8129
Epoch 8, Batch 33/794, Lx 1.5968, Lu 0.0836, Penalty 0.0420, loss 1.7224
Epoch 8, Batch 34/794, Lx 1.6807, Lu 0.0943, Penalty 0.0167, loss 1.7916
Epoch 8, Batch 35/794, Lx 1.5616, Lu 0.0924, Penalty 0.0522, loss 1.7062
Epoch 8, Batch 36/794, Lx 1.5766, Lu 0.0650, Penalty 0.0348, loss 1.6764
Epoch 8, Batch 37/794, Lx 1.6355, Lu 0.1003, Penalty 0.0356, loss 1.7713
Epoch 8, Batch 38/794, Lx 1.5915, Lu 0.1029, Penalty 0.0301, loss 1.7245
Epoch 8, Batch 39/794, Lx 1.7591, Lu 0.1138, Penalty 0.0405, loss 1.9133
Epoch 8, Batch 40/794, Lx 1.6455, Lu 0.1071, Penalty 0.0611, loss 1.8137
Epoch 8, Batch 41/794, Lx 1.4414, Lu 0.0892, Penalty 0.0425, loss 1.5731
Epoch 8, Batch 42/794, Lx 1.4604, Lu 0.1022, Penalty 0.0453, loss 1.6078
Epoch 8, Batch 43/794, Lx 1.6165, Lu 0.1140, Penalty 0.0405, loss 1.7710
Epoch 8, Batch 44/794, Lx 1.7159, Lu 0.1619, Penalty 0.0220, loss 1.8999
Epoch 8, Batch 45/794, Lx 1.5414, Lu 0.0878, Penalty 0.0661, loss 1.6954
Epoch 8, Batch 46/794, Lx 1.6295, Lu 0.0835, Penalty 0.0376, loss 1.7507
Epoch 8, Batch 47/794, Lx 1.5247, Lu 0.0974, Penalty 0.0648, loss 1.6869
Epoch 8, Batch 48/794, Lx 1.6137, Lu 0.1492, Penalty 0.0607, loss 1.8236
Epoch 8, Batch 49/794, Lx 1.5251, Lu 0.0918, Penalty 0.0433, loss 1.6602
Epoch 8, Batch 50/794, Lx 1.6324, Lu 0.1129, Penalty 0.0725, loss 1.8177
Epoch 8, Batch 51/794, Lx 1.3926, Lu 0.0749, Penalty 0.0490, loss 1.5165
Epoch 8, Batch 52/794, Lx 1.4910, Lu 0.0859, Penalty 0.0727, loss 1.6496
Epoch 8, Batch 53/794, Lx 1.6024, Lu 0.1009, Penalty 0.0260, loss 1.7293
Epoch 8, Batch 54/794, Lx 1.4713, Lu 0.0778, Penalty 0.0329, loss 1.5820
Epoch 8, Batch 55/794, Lx 1.5205, Lu 0.0828, Penalty 0.0359, loss 1.6392
Epoch 8, Batch 56/794, Lx 1.6164, Lu 0.1220, Penalty 0.0720, loss 1.8104
Epoch 8, Batch 57/794, Lx 1.5634, Lu 0.1118, Penalty 0.0637, loss 1.7389
Epoch 8, Batch 58/794, Lx 1.4069, Lu 0.1220, Penalty 0.0365, loss 1.5654
Epoch 8, Batch 59/794, Lx 1.5092, Lu 0.1062, Penalty 0.0564, loss 1.6717
Epoch 8, Batch 60/794, Lx 1.6627, Lu 0.1230, Penalty 0.0630, loss 1.8487
Epoch 8, Batch 61/794, Lx 1.4759, Lu 0.0884, Penalty 0.0555, loss 1.6198
Epoch 8, Batch 62/794, Lx 1.4834, Lu 0.0990, Penalty 0.0715, loss 1.6540
Epoch 8, Batch 63/794, Lx 1.6000, Lu 0.1100, Penalty 0.0446, loss 1.7546
Epoch 8, Batch 64/794, Lx 1.9593, Lu 0.1433, Penalty 0.0444, loss 2.1470
Epoch 8, Batch 65/794, Lx 1.5251, Lu 0.1054, Penalty 0.0611, loss 1.6916
Epoch 8, Batch 66/794, Lx 1.6266, Lu 0.1098, Penalty 0.0465, loss 1.7830
Epoch 8, Batch 67/794, Lx 1.6105, Lu 0.1205, Penalty 0.0364, loss 1.7674
Epoch 8, Batch 68/794, Lx 1.7923, Lu 0.0952, Penalty 0.0137, loss 1.9012
Epoch 8, Batch 69/794, Lx 1.3416, Lu 0.0807, Penalty 0.0758, loss 1.4981
Epoch 8, Batch 70/794, Lx 1.5591, Lu 0.1024, Penalty 0.0621, loss 1.7236
Epoch 8, Batch 71/794, Lx 1.4845, Lu 0.0934, Penalty 0.0191, loss 1.5970
Epoch 8, Batch 72/794, Lx 1.6140, Lu 0.0795, Penalty 0.0631, loss 1.7567
Epoch 8, Batch 73/794, Lx 1.6701, Lu 0.1278, Penalty 0.0474, loss 1.8453
Epoch 8, Batch 74/794, Lx 1.6560, Lu 0.1012, Penalty 0.0601, loss 1.8174
Epoch 8, Batch 75/794, Lx 1.5618, Lu 0.0915, Penalty 0.0344, loss 1.6878
Epoch 8, Batch 76/794, Lx 1.7152, Lu 0.1215, Penalty 0.0461, loss 1.8828
Epoch 8, Batch 77/794, Lx 1.6333, Lu 0.1037, Penalty 0.0811, loss 1.8181
Epoch 8, Batch 78/794, Lx 1.5268, Lu 0.0677, Penalty 0.0535, loss 1.6480
Epoch 8, Batch 79/794, Lx 1.5002, Lu 0.0770, Penalty 0.0293, loss 1.6065
Epoch 8, Batch 80/794, Lx 1.7570, Lu 0.1126, Penalty 0.0177, loss 1.8873
Epoch 8, Batch 81/794, Lx 1.5350, Lu 0.0830, Penalty 0.0713, loss 1.6892
Epoch 8, Batch 82/794, Lx 1.5913, Lu 0.1234, Penalty 0.0564, loss 1.7710
Epoch 8, Batch 83/794, Lx 1.7261, Lu 0.0996, Penalty 0.0606, loss 1.8863
Epoch 8, Batch 84/794, Lx 1.5880, Lu 0.0913, Penalty 0.0530, loss 1.7322
Epoch 8, Batch 85/794, Lx 1.5516, Lu 0.0859, Penalty 0.0385, loss 1.6760
Epoch 8, Batch 86/794, Lx 1.7436, Lu 0.1196, Penalty 0.0311, loss 1.8943
Epoch 8, Batch 87/794, Lx 1.6556, Lu 0.0795, Penalty 0.0398, loss 1.7749
Epoch 8, Batch 88/794, Lx 1.4513, Lu 0.0855, Penalty 0.0519, loss 1.5888
Epoch 8, Batch 89/794, Lx 1.6068, Lu 0.1165, Penalty 0.0274, loss 1.7507
Epoch 8, Batch 90/794, Lx 1.5464, Lu 0.1480, Penalty 0.0214, loss 1.7157
Epoch 8, Batch 91/794, Lx 1.3827, Lu 0.0820, Penalty 0.0721, loss 1.5368
Epoch 8, Batch 92/794, Lx 1.6059, Lu 0.1153, Penalty 0.0519, loss 1.7730
Epoch 8, Batch 93/794, Lx 1.3741, Lu 0.0722, Penalty 0.0473, loss 1.4936
Epoch 8, Batch 94/794, Lx 1.5274, Lu 0.0837, Penalty 0.0424, loss 1.6535
Epoch 8, Batch 95/794, Lx 1.6074, Lu 0.1176, Penalty 0.0531, loss 1.7782
Epoch 8, Batch 96/794, Lx 1.5541, Lu 0.1117, Penalty 0.0586, loss 1.7244
Epoch 8, Batch 97/794, Lx 1.5312, Lu 0.1016, Penalty 0.0227, loss 1.6554
Epoch 8, Batch 98/794, Lx 1.3501, Lu 0.0737, Penalty 0.0733, loss 1.4971
Epoch 8, Batch 99/794, Lx 1.5826, Lu 0.1091, Penalty 0.0525, loss 1.7442
Epoch 8, Batch 100/794, Lx 1.4215, Lu 0.0778, Penalty 0.0498, loss 1.5491
Epoch 8, Batch 101/794, Lx 1.5529, Lu 0.0777, Penalty 0.0779, loss 1.7085
Epoch 8, Batch 102/794, Lx 1.4682, Lu 0.0886, Penalty 0.0241, loss 1.5808
Epoch 8, Batch 103/794, Lx 1.3595, Lu 0.0980, Penalty 0.0416, loss 1.4991
Epoch 8, Batch 104/794, Lx 1.6173, Lu 0.0815, Penalty 0.0431, loss 1.7419
Epoch 8, Batch 105/794, Lx 1.6918, Lu 0.1307, Penalty 0.0367, loss 1.8592
Epoch 8, Batch 106/794, Lx 1.5533, Lu 0.0899, Penalty 0.0591, loss 1.7023
Epoch 8, Batch 107/794, Lx 1.7755, Lu 0.1408, Penalty 0.0424, loss 1.9587
Epoch 8, Batch 108/794, Lx 1.7976, Lu 0.1266, Penalty 0.0390, loss 1.9633
Epoch 8, Batch 109/794, Lx 1.4641, Lu 0.0868, Penalty 0.0212, loss 1.5721
Epoch 8, Batch 110/794, Lx 1.4781, Lu 0.0777, Penalty 0.0421, loss 1.5979
Epoch 8, Batch 111/794, Lx 1.5933, Lu 0.0749, Penalty 0.0489, loss 1.7171
Epoch 8, Batch 112/794, Lx 1.5661, Lu 0.0956, Penalty 0.0353, loss 1.6969
Epoch 8, Batch 113/794, Lx 1.7532, Lu 0.1153, Penalty 0.0399, loss 1.9085
Epoch 8, Batch 114/794, Lx 1.7962, Lu 0.1123, Penalty 0.0614, loss 1.9699
Epoch 8, Batch 115/794, Lx 1.7815, Lu 0.1044, Penalty 0.0627, loss 1.9486
Epoch 8, Batch 116/794, Lx 1.5806, Lu 0.0661, Penalty 0.1344, loss 1.7811
Epoch 8, Batch 117/794, Lx 1.7117, Lu 0.1443, Penalty 0.0599, loss 1.9159
Epoch 8, Batch 118/794, Lx 1.5252, Lu 0.1047, Penalty 0.0634, loss 1.6933
Epoch 8, Batch 119/794, Lx 1.8214, Lu 0.1361, Penalty 0.0378, loss 1.9954
Epoch 8, Batch 120/794, Lx 1.6401, Lu 0.0807, Penalty 0.0311, loss 1.7519
Epoch 8, Batch 121/794, Lx 1.6049, Lu 0.1061, Penalty 0.0563, loss 1.7673
Epoch 8, Batch 122/794, Lx 1.5945, Lu 0.1214, Penalty 0.0330, loss 1.7489
Epoch 8, Batch 123/794, Lx 1.4906, Lu 0.0978, Penalty 0.0230, loss 1.6114
Epoch 8, Batch 124/794, Lx 1.6573, Lu 0.1200, Penalty 0.0594, loss 1.8367
Epoch 8, Batch 125/794, Lx 1.5768, Lu 0.0874, Penalty 0.0414, loss 1.7056
Epoch 8, Batch 126/794, Lx 1.6437, Lu 0.0911, Penalty 0.0316, loss 1.7665
Epoch 8, Batch 127/794, Lx 1.5706, Lu 0.0765, Penalty 0.0424, loss 1.6894
Epoch 8, Batch 128/794, Lx 1.4735, Lu 0.0723, Penalty 0.0909, loss 1.6366
Epoch 8, Batch 129/794, Lx 1.4807, Lu 0.0997, Penalty 0.0361, loss 1.6165
Epoch 8, Batch 130/794, Lx 1.6974, Lu 0.0948, Penalty 0.0213, loss 1.8136
Epoch 8, Batch 131/794, Lx 1.6615, Lu 0.1086, Penalty 0.0543, loss 1.8244
Epoch 8, Batch 132/794, Lx 1.4766, Lu 0.0925, Penalty 0.0852, loss 1.6543
Epoch 8, Batch 133/794, Lx 1.5508, Lu 0.0809, Penalty 0.0465, loss 1.6782
Epoch 8, Batch 134/794, Lx 1.5494, Lu 0.0883, Penalty 0.0407, loss 1.6784
Epoch 8, Batch 135/794, Lx 1.7484, Lu 0.1460, Penalty 0.0601, loss 1.9545
Epoch 8, Batch 136/794, Lx 1.5260, Lu 0.0777, Penalty 0.0219, loss 1.6256
Epoch 8, Batch 137/794, Lx 1.4690, Lu 0.0854, Penalty 0.0557, loss 1.6101
Epoch 8, Batch 138/794, Lx 1.5484, Lu 0.0762, Penalty 0.0509, loss 1.6755
Epoch 8, Batch 139/794, Lx 1.6043, Lu 0.0980, Penalty 0.0517, loss 1.7540
Epoch 8, Batch 140/794, Lx 1.6037, Lu 0.0822, Penalty 0.0544, loss 1.7403
Epoch 8, Batch 141/794, Lx 1.5163, Lu 0.0941, Penalty 0.0718, loss 1.6823
Epoch 8, Batch 142/794, Lx 1.4789, Lu 0.0902, Penalty 0.0513, loss 1.6204
Epoch 8, Batch 143/794, Lx 1.4555, Lu 0.0879, Penalty 0.0775, loss 1.6209
Epoch 8, Batch 144/794, Lx 1.6122, Lu 0.0925, Penalty 0.0437, loss 1.7484
Epoch 8, Batch 145/794, Lx 1.6706, Lu 0.1023, Penalty 0.0371, loss 1.8101
Epoch 8, Batch 146/794, Lx 1.5901, Lu 0.0829, Penalty 0.0192, loss 1.6922
Epoch 8, Batch 147/794, Lx 1.6354, Lu 0.0927, Penalty 0.0538, loss 1.7819
Epoch 8, Batch 148/794, Lx 1.4670, Lu 0.0934, Penalty 0.0505, loss 1.6109
Epoch 8, Batch 149/794, Lx 1.6763, Lu 0.1212, Penalty 0.0560, loss 1.8536
Epoch 8, Batch 150/794, Lx 1.6223, Lu 0.1368, Penalty 0.0357, loss 1.7949
Epoch 8, Batch 151/794, Lx 1.6008, Lu 0.1190, Penalty 0.0261, loss 1.7459
Epoch 8, Batch 152/794, Lx 1.5160, Lu 0.0845, Penalty 0.0544, loss 1.6549
Epoch 8, Batch 153/794, Lx 1.5182, Lu 0.0809, Penalty 0.0727, loss 1.6718
Epoch 8, Batch 154/794, Lx 1.5360, Lu 0.0886, Penalty 0.0273, loss 1.6519
Epoch 8, Batch 155/794, Lx 1.6764, Lu 0.1146, Penalty 0.0273, loss 1.8183
Epoch 8, Batch 156/794, Lx 1.4325, Lu 0.0691, Penalty 0.0677, loss 1.5693
Epoch 8, Batch 157/794, Lx 1.5152, Lu 0.1034, Penalty 0.0414, loss 1.6600
Epoch 8, Batch 158/794, Lx 1.4905, Lu 0.0824, Penalty 0.0160, loss 1.5889
Epoch 8, Batch 159/794, Lx 1.5468, Lu 0.0967, Penalty 0.0348, loss 1.6783
Epoch 8, Batch 160/794, Lx 1.6894, Lu 0.1189, Penalty 0.0440, loss 1.8522
Epoch 8, Batch 161/794, Lx 1.5473, Lu 0.0886, Penalty 0.0577, loss 1.6936
Epoch 8, Batch 162/794, Lx 1.6442, Lu 0.1029, Penalty 0.0795, loss 1.8266
Epoch 8, Batch 163/794, Lx 1.4153, Lu 0.0632, Penalty 0.0330, loss 1.5115
Epoch 8, Batch 164/794, Lx 1.6015, Lu 0.1054, Penalty 0.0549, loss 1.7618
Epoch 8, Batch 165/794, Lx 1.7061, Lu 0.1420, Penalty 0.0618, loss 1.9099
Epoch 8, Batch 166/794, Lx 1.5866, Lu 0.0879, Penalty 0.1187, loss 1.7931
Epoch 8, Batch 167/794, Lx 1.6198, Lu 0.1161, Penalty 0.0647, loss 1.8007
Epoch 8, Batch 168/794, Lx 1.6818, Lu 0.1077, Penalty 0.0667, loss 1.8562
Epoch 8, Batch 169/794, Lx 1.6575, Lu 0.0951, Penalty 0.0521, loss 1.8047
Epoch 8, Batch 170/794, Lx 1.6970, Lu 0.1178, Penalty 0.0380, loss 1.8528
Epoch 8, Batch 171/794, Lx 1.6010, Lu 0.1097, Penalty 0.0333, loss 1.7439
Epoch 8, Batch 172/794, Lx 1.5732, Lu 0.0747, Penalty 0.0310, loss 1.6789
Epoch 8, Batch 173/794, Lx 1.5809, Lu 0.1123, Penalty 0.0429, loss 1.7361
Epoch 8, Batch 174/794, Lx 1.6316, Lu 0.0828, Penalty 0.0608, loss 1.7753
Epoch 8, Batch 175/794, Lx 1.6128, Lu 0.1017, Penalty 0.0223, loss 1.7368
Epoch 8, Batch 176/794, Lx 1.6142, Lu 0.0609, Penalty 0.0654, loss 1.7404
Epoch 8, Batch 177/794, Lx 1.5633, Lu 0.0858, Penalty 0.0353, loss 1.6844
Epoch 8, Batch 178/794, Lx 1.5898, Lu 0.0961, Penalty 0.0326, loss 1.7185
Epoch 8, Batch 179/794, Lx 1.5651, Lu 0.0960, Penalty 0.0452, loss 1.7063
Epoch 8, Batch 180/794, Lx 1.6810, Lu 0.1170, Penalty 0.0593, loss 1.8573
Epoch 8, Batch 181/794, Lx 1.6237, Lu 0.1108, Penalty 0.0197, loss 1.7542
Epoch 8, Batch 182/794, Lx 1.6970, Lu 0.1030, Penalty 0.0585, loss 1.8586
Epoch 8, Batch 183/794, Lx 1.6297, Lu 0.1207, Penalty 0.0618, loss 1.8122
Epoch 8, Batch 184/794, Lx 1.4783, Lu 0.0909, Penalty 0.0299, loss 1.5992
Epoch 8, Batch 185/794, Lx 1.6066, Lu 0.1157, Penalty 0.0564, loss 1.7786
Epoch 8, Batch 186/794, Lx 1.7603, Lu 0.1044, Penalty 0.0487, loss 1.9133
Epoch 8, Batch 187/794, Lx 1.7625, Lu 0.1612, Penalty 0.1391, loss 2.0629
Epoch 8, Batch 188/794, Lx 1.5403, Lu 0.0905, Penalty 0.0240, loss 1.6548
Epoch 8, Batch 189/794, Lx 1.4952, Lu 0.0791, Penalty 0.0333, loss 1.6077
Epoch 8, Batch 190/794, Lx 1.4709, Lu 0.0721, Penalty 0.1712, loss 1.7142
Epoch 8, Batch 191/794, Lx 1.9768, Lu 0.1629, Penalty 0.0321, loss 2.1718
Epoch 8, Batch 192/794, Lx 1.3885, Lu 0.0952, Penalty 0.0760, loss 1.5597
Epoch 8, Batch 193/794, Lx 1.6984, Lu 0.1100, Penalty 0.0535, loss 1.8619
Epoch 8, Batch 194/794, Lx 1.5380, Lu 0.0902, Penalty 0.0683, loss 1.6965
Epoch 8, Batch 195/794, Lx 1.6173, Lu 0.0935, Penalty 0.0622, loss 1.7730
Epoch 8, Batch 196/794, Lx 1.5120, Lu 0.0870, Penalty 0.1112, loss 1.7102
Epoch 8, Batch 197/794, Lx 1.7678, Lu 0.0928, Penalty 0.0874, loss 1.9481
Epoch 8, Batch 198/794, Lx 1.7756, Lu 0.1018, Penalty 0.0336, loss 1.9110
Epoch 8, Batch 199/794, Lx 1.6568, Lu 0.0896, Penalty 0.0778, loss 1.8242
Epoch 8, Batch 200/794, Lx 1.5036, Lu 0.1144, Penalty 0.0742, loss 1.6922
Epoch 8, Batch 201/794, Lx 1.3877, Lu 0.0929, Penalty 0.0239, loss 1.5045
Epoch 8, Batch 202/794, Lx 1.6470, Lu 0.1089, Penalty 0.0252, loss 1.7810
Epoch 8, Batch 203/794, Lx 1.3782, Lu 0.1126, Penalty 0.0820, loss 1.5727
Epoch 8, Batch 204/794, Lx 1.6468, Lu 0.1345, Penalty 0.0448, loss 1.8260
Epoch 8, Batch 205/794, Lx 1.5139, Lu 0.1011, Penalty 0.0764, loss 1.6914
Epoch 8, Batch 206/794, Lx 1.5594, Lu 0.1092, Penalty 0.0505, loss 1.7191
Epoch 8, Batch 207/794, Lx 1.6753, Lu 0.0889, Penalty 0.0159, loss 1.7800
Epoch 8, Batch 208/794, Lx 1.6584, Lu 0.1178, Penalty 0.0593, loss 1.8355
Epoch 8, Batch 209/794, Lx 1.5401, Lu 0.1145, Penalty 0.0330, loss 1.6875
Epoch 8, Batch 210/794, Lx 1.4723, Lu 0.0708, Penalty 0.0706, loss 1.6138
Epoch 8, Batch 211/794, Lx 1.4323, Lu 0.0956, Penalty 0.0430, loss 1.5709
Epoch 8, Batch 212/794, Lx 1.6013, Lu 0.0776, Penalty 0.0515, loss 1.7304
Epoch 8, Batch 213/794, Lx 1.6524, Lu 0.0784, Penalty 0.0463, loss 1.7771
Epoch 8, Batch 214/794, Lx 1.5536, Lu 0.1035, Penalty 0.0350, loss 1.6920
Epoch 8, Batch 215/794, Lx 1.4506, Lu 0.0728, Penalty 0.0456, loss 1.5691
Epoch 8, Batch 216/794, Lx 1.6255, Lu 0.0774, Penalty 0.0523, loss 1.7551
Epoch 8, Batch 217/794, Lx 1.3834, Lu 0.0772, Penalty 0.0091, loss 1.4697
Epoch 8, Batch 218/794, Lx 1.4607, Lu 0.0993, Penalty 0.0609, loss 1.6210
Epoch 8, Batch 219/794, Lx 1.3317, Lu 0.0723, Penalty 0.0483, loss 1.4524
Epoch 8, Batch 220/794, Lx 1.6042, Lu 0.1044, Penalty 0.0446, loss 1.7532
Epoch 8, Batch 221/794, Lx 1.7812, Lu 0.1298, Penalty 0.0752, loss 1.9861
Epoch 8, Batch 222/794, Lx 1.4794, Lu 0.1023, Penalty 0.0312, loss 1.6129
Epoch 8, Batch 223/794, Lx 1.6438, Lu 0.1283, Penalty 0.0555, loss 1.8275
Epoch 8, Batch 224/794, Lx 1.6831, Lu 0.0933, Penalty 0.0393, loss 1.8157
Epoch 8, Batch 225/794, Lx 1.5661, Lu 0.1256, Penalty 0.0311, loss 1.7228
Epoch 8, Batch 226/794, Lx 1.5745, Lu 0.1274, Penalty 0.0326, loss 1.7344
Epoch 8, Batch 227/794, Lx 1.6113, Lu 0.0880, Penalty 0.0376, loss 1.7368
Epoch 8, Batch 228/794, Lx 1.4844, Lu 0.1284, Penalty 0.0478, loss 1.6606
Epoch 8, Batch 229/794, Lx 1.6634, Lu 0.1067, Penalty 0.0268, loss 1.7969
Epoch 8, Batch 230/794, Lx 1.6276, Lu 0.1217, Penalty 0.0822, loss 1.8315
Epoch 8, Batch 231/794, Lx 1.5703, Lu 0.0708, Penalty 0.0508, loss 1.6919
Epoch 8, Batch 232/794, Lx 1.7041, Lu 0.1155, Penalty 0.0654, loss 1.8849
Epoch 8, Batch 233/794, Lx 1.5649, Lu 0.0916, Penalty 0.0491, loss 1.7056
Epoch 8, Batch 234/794, Lx 1.4152, Lu 0.0712, Penalty 0.0462, loss 1.5326
Epoch 8, Batch 235/794, Lx 1.6155, Lu 0.0948, Penalty 0.0765, loss 1.7867
Epoch 8, Batch 236/794, Lx 1.6073, Lu 0.1211, Penalty 0.0334, loss 1.7617
Epoch 8, Batch 237/794, Lx 1.3650, Lu 0.0798, Penalty 0.0954, loss 1.5402
Epoch 8, Batch 238/794, Lx 1.4588, Lu 0.0974, Penalty 0.0688, loss 1.6250
Epoch 8, Batch 239/794, Lx 1.6142, Lu 0.1190, Penalty 0.1036, loss 1.8368
Epoch 8, Batch 240/794, Lx 1.3772, Lu 0.0844, Penalty 0.0405, loss 1.5022
Epoch 8, Batch 241/794, Lx 1.6182, Lu 0.1111, Penalty 0.0250, loss 1.7543
Epoch 8, Batch 242/794, Lx 1.4955, Lu 0.0846, Penalty 0.0498, loss 1.6299
Epoch 8, Batch 243/794, Lx 1.5774, Lu 0.0966, Penalty 0.0252, loss 1.6992
Epoch 8, Batch 244/794, Lx 1.7912, Lu 0.1404, Penalty 0.0444, loss 1.9760
Epoch 8, Batch 245/794, Lx 1.5409, Lu 0.1219, Penalty 0.0540, loss 1.7168
Epoch 8, Batch 246/794, Lx 1.5455, Lu 0.1044, Penalty 0.0220, loss 1.6719
Epoch 8, Batch 247/794, Lx 1.8332, Lu 0.1264, Penalty 0.0158, loss 1.9755
Epoch 8, Batch 248/794, Lx 1.7174, Lu 0.0918, Penalty 0.0399, loss 1.8491
Epoch 8, Batch 249/794, Lx 1.6307, Lu 0.1045, Penalty 0.0419, loss 1.7770
Epoch 8, Batch 250/794, Lx 1.6484, Lu 0.1274, Penalty 0.0434, loss 1.8193
Epoch 8, Batch 251/794, Lx 1.7224, Lu 0.1389, Penalty 0.0874, loss 1.9487
Epoch 8, Batch 252/794, Lx 1.5355, Lu 0.1465, Penalty 0.0834, loss 1.7654
Epoch 8, Batch 253/794, Lx 1.5059, Lu 0.0698, Penalty 0.0505, loss 1.6262
Epoch 8, Batch 254/794, Lx 1.5823, Lu 0.0928, Penalty 0.0308, loss 1.7060
Epoch 8, Batch 255/794, Lx 1.5676, Lu 0.0770, Penalty 0.0471, loss 1.6917
Epoch 8, Batch 256/794, Lx 1.4883, Lu 0.0888, Penalty 0.0418, loss 1.6189
Epoch 8, Batch 257/794, Lx 1.3514, Lu 0.1405, Penalty 0.1264, loss 1.6184
Epoch 8, Batch 258/794, Lx 1.4817, Lu 0.0936, Penalty 0.0755, loss 1.6508
Epoch 8, Batch 259/794, Lx 1.6044, Lu 0.0891, Penalty 0.0586, loss 1.7522
Epoch 8, Batch 260/794, Lx 1.7029, Lu 0.1413, Penalty 0.0566, loss 1.9008
Epoch 8, Batch 261/794, Lx 1.7010, Lu 0.0956, Penalty 0.0498, loss 1.8464
Epoch 8, Batch 262/794, Lx 1.4170, Lu 0.0801, Penalty 0.0614, loss 1.5585
Epoch 8, Batch 263/794, Lx 1.5501, Lu 0.1091, Penalty 0.0337, loss 1.6930
Epoch 8, Batch 264/794, Lx 1.7066, Lu 0.1266, Penalty 0.0685, loss 1.9017
Epoch 8, Batch 265/794, Lx 1.5078, Lu 0.0755, Penalty 0.0529, loss 1.6363
Epoch 8, Batch 266/794, Lx 1.6942, Lu 0.0821, Penalty 0.0467, loss 1.8230
Epoch 8, Batch 267/794, Lx 1.6255, Lu 0.0909, Penalty 0.0449, loss 1.7612
Epoch 8, Batch 268/794, Lx 1.4214, Lu 0.0807, Penalty 0.0844, loss 1.5866
Epoch 8, Batch 269/794, Lx 1.6822, Lu 0.1133, Penalty 0.0628, loss 1.8582
Epoch 8, Batch 270/794, Lx 1.5360, Lu 0.0712, Penalty 0.0563, loss 1.6635
Epoch 8, Batch 271/794, Lx 1.5965, Lu 0.1399, Penalty 0.1157, loss 1.8521
Epoch 8, Batch 272/794, Lx 1.6518, Lu 0.1185, Penalty 0.0416, loss 1.8119
Epoch 8, Batch 273/794, Lx 1.4765, Lu 0.0829, Penalty 0.0498, loss 1.6093
Epoch 8, Batch 274/794, Lx 1.5342, Lu 0.1152, Penalty 0.0203, loss 1.6696
Epoch 8, Batch 275/794, Lx 1.5440, Lu 0.0956, Penalty 0.0341, loss 1.6736
Epoch 8, Batch 276/794, Lx 1.4240, Lu 0.0841, Penalty 0.0930, loss 1.6012
Epoch 8, Batch 277/794, Lx 1.5933, Lu 0.1271, Penalty 0.0362, loss 1.7566
Epoch 8, Batch 278/794, Lx 1.6391, Lu 0.1125, Penalty 0.0505, loss 1.8021
Epoch 8, Batch 279/794, Lx 1.6038, Lu 0.0795, Penalty 0.0404, loss 1.7237
Epoch 8, Batch 280/794, Lx 1.5142, Lu 0.0869, Penalty 0.0221, loss 1.6232
Epoch 8, Batch 281/794, Lx 1.5111, Lu 0.0687, Penalty 0.0573, loss 1.6371
Epoch 8, Batch 282/794, Lx 1.3499, Lu 0.0851, Penalty 0.0389, loss 1.4739
Epoch 8, Batch 283/794, Lx 1.4673, Lu 0.0793, Penalty 0.0413, loss 1.5879
Epoch 8, Batch 284/794, Lx 1.3593, Lu 0.0888, Penalty 0.0343, loss 1.4823
Epoch 8, Batch 285/794, Lx 1.6489, Lu 0.0715, Penalty 0.0229, loss 1.7432
Epoch 8, Batch 286/794, Lx 1.5935, Lu 0.1133, Penalty 0.0290, loss 1.7358
Epoch 8, Batch 287/794, Lx 1.4594, Lu 0.0694, Penalty 0.0397, loss 1.5685
Epoch 8, Batch 288/794, Lx 1.6581, Lu 0.1246, Penalty 0.0525, loss 1.8352
Epoch 8, Batch 289/794, Lx 1.5809, Lu 0.0943, Penalty 0.0118, loss 1.6869
Epoch 8, Batch 290/794, Lx 1.6384, Lu 0.0836, Penalty 0.0506, loss 1.7727
Epoch 8, Batch 291/794, Lx 1.5668, Lu 0.1076, Penalty 0.0639, loss 1.7384
Epoch 8, Batch 292/794, Lx 1.6561, Lu 0.1274, Penalty 0.0713, loss 1.8549
Epoch 8, Batch 293/794, Lx 1.5077, Lu 0.0972, Penalty 0.0914, loss 1.6963
Epoch 8, Batch 294/794, Lx 1.5851, Lu 0.1275, Penalty 0.1258, loss 1.8384
Epoch 8, Batch 295/794, Lx 1.6715, Lu 0.0634, Penalty 0.0447, loss 1.7797
Epoch 8, Batch 296/794, Lx 1.5985, Lu 0.1622, Penalty 0.0527, loss 1.8134
Epoch 8, Batch 297/794, Lx 1.6034, Lu 0.1194, Penalty 0.0295, loss 1.7523
Epoch 8, Batch 298/794, Lx 1.4783, Lu 0.0831, Penalty 0.1408, loss 1.7021
Epoch 8, Batch 299/794, Lx 1.4130, Lu 0.0999, Penalty 0.0584, loss 1.5713
Epoch 8, Batch 300/794, Lx 1.4001, Lu 0.0720, Penalty 0.0749, loss 1.5469
Epoch 8, Batch 301/794, Lx 1.3903, Lu 0.0829, Penalty 0.0552, loss 1.5284
Epoch 8, Batch 302/794, Lx 1.7001, Lu 0.1216, Penalty 0.0595, loss 1.8812
Epoch 8, Batch 303/794, Lx 1.5141, Lu 0.0888, Penalty 0.0666, loss 1.6695
Epoch 8, Batch 304/794, Lx 1.3833, Lu 0.0987, Penalty 0.0905, loss 1.5726
Epoch 8, Batch 305/794, Lx 1.5021, Lu 0.1054, Penalty 0.0509, loss 1.6584
Epoch 8, Batch 306/794, Lx 1.4119, Lu 0.0805, Penalty 0.0437, loss 1.5360
Epoch 8, Batch 307/794, Lx 1.4651, Lu 0.0781, Penalty 0.0689, loss 1.6120
Epoch 8, Batch 308/794, Lx 1.6234, Lu 0.1157, Penalty 0.0433, loss 1.7824
Epoch 8, Batch 309/794, Lx 1.3678, Lu 0.0802, Penalty 0.0589, loss 1.5069
Epoch 8, Batch 310/794, Lx 1.6136, Lu 0.1064, Penalty 0.0171, loss 1.7371
Epoch 8, Batch 311/794, Lx 1.6125, Lu 0.1077, Penalty 0.0480, loss 1.7683
Epoch 8, Batch 312/794, Lx 1.6181, Lu 0.1356, Penalty 0.0413, loss 1.7950
Epoch 8, Batch 313/794, Lx 1.5560, Lu 0.0917, Penalty 0.0196, loss 1.6672
Epoch 8, Batch 314/794, Lx 1.6068, Lu 0.1153, Penalty 0.0443, loss 1.7665
Epoch 8, Batch 315/794, Lx 1.5242, Lu 0.1119, Penalty 0.0274, loss 1.6634
Epoch 8, Batch 316/794, Lx 1.5612, Lu 0.1099, Penalty 0.0880, loss 1.7591
Epoch 8, Batch 317/794, Lx 1.6623, Lu 0.1046, Penalty 0.0502, loss 1.8171
Epoch 8, Batch 318/794, Lx 1.6139, Lu 0.0930, Penalty 0.0476, loss 1.7545
Epoch 8, Batch 319/794, Lx 1.5809, Lu 0.1190, Penalty 0.0701, loss 1.7700
Epoch 8, Batch 320/794, Lx 1.6975, Lu 0.1057, Penalty 0.0517, loss 1.8549
Epoch 8, Batch 321/794, Lx 1.5879, Lu 0.1099, Penalty 0.0920, loss 1.7898
Epoch 8, Batch 322/794, Lx 1.5563, Lu 0.1107, Penalty 0.0815, loss 1.7485
Epoch 8, Batch 323/794, Lx 1.6032, Lu 0.0868, Penalty 0.0429, loss 1.7328
Epoch 8, Batch 324/794, Lx 1.5834, Lu 0.0982, Penalty 0.0275, loss 1.7090
Epoch 8, Batch 325/794, Lx 1.7415, Lu 0.1214, Penalty 0.0352, loss 1.8980
Epoch 8, Batch 326/794, Lx 1.5344, Lu 0.1033, Penalty 0.0388, loss 1.6765
Epoch 8, Batch 327/794, Lx 1.5857, Lu 0.1007, Penalty 0.0715, loss 1.7580
Epoch 8, Batch 328/794, Lx 1.6676, Lu 0.0989, Penalty 0.0407, loss 1.8072
Epoch 8, Batch 329/794, Lx 1.4225, Lu 0.0748, Penalty 0.0697, loss 1.5669
Epoch 8, Batch 330/794, Lx 1.6135, Lu 0.1108, Penalty 0.0359, loss 1.7601
Epoch 8, Batch 331/794, Lx 1.5524, Lu 0.0874, Penalty 0.0649, loss 1.7048
Epoch 8, Batch 332/794, Lx 1.5902, Lu 0.1112, Penalty 0.0986, loss 1.8001
Epoch 8, Batch 333/794, Lx 1.6762, Lu 0.0999, Penalty 0.0760, loss 1.8520
Epoch 8, Batch 334/794, Lx 1.3945, Lu 0.0711, Penalty 0.0688, loss 1.5345
Epoch 8, Batch 335/794, Lx 1.5568, Lu 0.1084, Penalty 0.0933, loss 1.7585
Epoch 8, Batch 336/794, Lx 1.3897, Lu 0.0833, Penalty 0.0684, loss 1.5414
Epoch 8, Batch 337/794, Lx 1.6716, Lu 0.1337, Penalty 0.0556, loss 1.8609
Epoch 8, Batch 338/794, Lx 1.4629, Lu 0.0840, Penalty 0.0406, loss 1.5875
Epoch 8, Batch 339/794, Lx 1.4869, Lu 0.0700, Penalty 0.0579, loss 1.6147
Epoch 8, Batch 340/794, Lx 1.5773, Lu 0.1153, Penalty 0.0341, loss 1.7267
Epoch 8, Batch 341/794, Lx 1.6824, Lu 0.1171, Penalty 0.0413, loss 1.8408
Epoch 8, Batch 342/794, Lx 1.6067, Lu 0.1098, Penalty 0.0572, loss 1.7737
Epoch 8, Batch 343/794, Lx 1.6352, Lu 0.1039, Penalty 0.0558, loss 1.7949
Epoch 8, Batch 344/794, Lx 1.7566, Lu 0.1391, Penalty 0.0275, loss 1.9233
Epoch 8, Batch 345/794, Lx 1.4135, Lu 0.0876, Penalty 0.0217, loss 1.5228
Epoch 8, Batch 346/794, Lx 1.4394, Lu 0.0922, Penalty 0.0483, loss 1.5799
Epoch 8, Batch 347/794, Lx 1.7970, Lu 0.1347, Penalty 0.0193, loss 1.9511
Epoch 8, Batch 348/794, Lx 1.5078, Lu 0.0982, Penalty 0.0254, loss 1.6313
Epoch 8, Batch 349/794, Lx 1.5750, Lu 0.1126, Penalty 0.0098, loss 1.6974
Epoch 8, Batch 350/794, Lx 1.6392, Lu 0.1002, Penalty 0.0210, loss 1.7605
Epoch 8, Batch 351/794, Lx 1.3819, Lu 0.0732, Penalty 0.0547, loss 1.5099
Epoch 8, Batch 352/794, Lx 1.6991, Lu 0.1369, Penalty 0.0339, loss 1.8699
Epoch 8, Batch 353/794, Lx 1.5421, Lu 0.0750, Penalty 0.0838, loss 1.7010
Epoch 8, Batch 354/794, Lx 1.6604, Lu 0.1218, Penalty 0.0636, loss 1.8458
Epoch 8, Batch 355/794, Lx 1.5775, Lu 0.0909, Penalty 0.0434, loss 1.7118
Epoch 8, Batch 356/794, Lx 1.5214, Lu 0.0710, Penalty 0.0494, loss 1.6417
Epoch 8, Batch 357/794, Lx 1.6800, Lu 0.0774, Penalty 0.0770, loss 1.8344
Epoch 8, Batch 358/794, Lx 1.8109, Lu 0.0783, Penalty 0.1420, loss 2.0313
Epoch 8, Batch 359/794, Lx 1.6206, Lu 0.0964, Penalty 0.0539, loss 1.7709
Epoch 8, Batch 360/794, Lx 1.6851, Lu 0.1129, Penalty 0.0811, loss 1.8791
Epoch 8, Batch 361/794, Lx 1.7158, Lu 0.1094, Penalty 0.0273, loss 1.8525
Epoch 8, Batch 362/794, Lx 1.5423, Lu 0.0829, Penalty 0.0434, loss 1.6686
Epoch 8, Batch 363/794, Lx 1.7371, Lu 0.1085, Penalty 0.1011, loss 1.9468
Epoch 8, Batch 364/794, Lx 1.2476, Lu 0.0721, Penalty 0.0871, loss 1.4067
Epoch 8, Batch 365/794, Lx 1.5742, Lu 0.0752, Penalty 0.0644, loss 1.7137
Epoch 8, Batch 366/794, Lx 1.6077, Lu 0.1052, Penalty 0.0710, loss 1.7839
Epoch 8, Batch 367/794, Lx 1.6634, Lu 0.1276, Penalty 0.0990, loss 1.8900
Epoch 8, Batch 368/794, Lx 1.6007, Lu 0.1424, Penalty 0.0554, loss 1.7984
Epoch 8, Batch 369/794, Lx 1.7667, Lu 0.1375, Penalty 0.0370, loss 1.9412
Epoch 8, Batch 370/794, Lx 1.7395, Lu 0.0802, Penalty 0.0315, loss 1.8513
Epoch 8, Batch 371/794, Lx 1.6594, Lu 0.1110, Penalty 0.0822, loss 1.8526
Epoch 8, Batch 372/794, Lx 1.6045, Lu 0.1055, Penalty 0.0599, loss 1.7699
Epoch 8, Batch 373/794, Lx 1.6035, Lu 0.0777, Penalty 0.0494, loss 1.7307
Epoch 8, Batch 374/794, Lx 1.4528, Lu 0.1105, Penalty 0.0612, loss 1.6245
Epoch 8, Batch 375/794, Lx 1.7473, Lu 0.1019, Penalty 0.0540, loss 1.9032
Epoch 8, Batch 376/794, Lx 1.4866, Lu 0.0882, Penalty 0.0700, loss 1.6448
Epoch 8, Batch 377/794, Lx 1.5917, Lu 0.0805, Penalty 0.0465, loss 1.7188
Epoch 8, Batch 378/794, Lx 1.6269, Lu 0.0946, Penalty 0.0332, loss 1.7546
Epoch 8, Batch 379/794, Lx 1.5771, Lu 0.1009, Penalty 0.0661, loss 1.7441
Epoch 8, Batch 380/794, Lx 1.6600, Lu 0.1080, Penalty 0.0428, loss 1.8108
Epoch 8, Batch 381/794, Lx 1.5943, Lu 0.0797, Penalty 0.0603, loss 1.7343
Epoch 8, Batch 382/794, Lx 1.5572, Lu 0.0855, Penalty 0.0384, loss 1.6812
Epoch 8, Batch 383/794, Lx 1.6340, Lu 0.0755, Penalty 0.1197, loss 1.8292
Epoch 8, Batch 384/794, Lx 1.6015, Lu 0.0980, Penalty 0.0643, loss 1.7637
Epoch 8, Batch 385/794, Lx 1.6908, Lu 0.1038, Penalty 0.0284, loss 1.8230
Epoch 8, Batch 386/794, Lx 1.5527, Lu 0.0913, Penalty 0.0346, loss 1.6787
Epoch 8, Batch 387/794, Lx 1.5690, Lu 0.0908, Penalty 0.0581, loss 1.7179
Epoch 8, Batch 388/794, Lx 1.6390, Lu 0.1116, Penalty 0.0546, loss 1.8052
Epoch 8, Batch 389/794, Lx 1.5687, Lu 0.0953, Penalty 0.0536, loss 1.7176
Epoch 8, Batch 390/794, Lx 1.6255, Lu 0.1048, Penalty 0.0458, loss 1.7761
Epoch 8, Batch 391/794, Lx 1.6193, Lu 0.1263, Penalty 0.0595, loss 1.8050
Epoch 8, Batch 392/794, Lx 1.6380, Lu 0.0988, Penalty 0.0320, loss 1.7687
Epoch 8, Batch 393/794, Lx 1.6356, Lu 0.1056, Penalty 0.0281, loss 1.7693
Epoch 8, Batch 394/794, Lx 1.7533, Lu 0.1030, Penalty 0.0535, loss 1.9097
Epoch 8, Batch 395/794, Lx 1.4564, Lu 0.0820, Penalty 0.0459, loss 1.5843
Epoch 8, Batch 396/794, Lx 1.5143, Lu 0.0765, Penalty 0.0199, loss 1.6107
Epoch 8, Batch 397/794, Lx 1.5284, Lu 0.0876, Penalty 0.0651, loss 1.6811
Epoch 8, Batch 398/794, Lx 1.5502, Lu 0.0942, Penalty 0.0399, loss 1.6843
Epoch 8, Batch 399/794, Lx 1.6404, Lu 0.1094, Penalty 0.0378, loss 1.7877
Epoch 8, Batch 400/794, Lx 1.5004, Lu 0.1118, Penalty 0.0659, loss 1.6781
Epoch 8, Batch 401/794, Lx 1.4914, Lu 0.0922, Penalty 0.0485, loss 1.6321
Epoch 8, Batch 402/794, Lx 1.5676, Lu 0.1055, Penalty 0.0993, loss 1.7724
Epoch 8, Batch 403/794, Lx 1.6312, Lu 0.0773, Penalty 0.0830, loss 1.7916
Epoch 8, Batch 404/794, Lx 1.5553, Lu 0.0717, Penalty 0.0527, loss 1.6797
Epoch 8, Batch 405/794, Lx 1.4705, Lu 0.0824, Penalty 0.0465, loss 1.5994
Epoch 8, Batch 406/794, Lx 1.6993, Lu 0.1335, Penalty 0.0476, loss 1.8804
Epoch 8, Batch 407/794, Lx 1.8070, Lu 0.1216, Penalty 0.0776, loss 2.0062
Epoch 8, Batch 408/794, Lx 1.7080, Lu 0.1066, Penalty 0.0533, loss 1.8678
Epoch 8, Batch 409/794, Lx 1.4928, Lu 0.0937, Penalty 0.0712, loss 1.6577
Epoch 8, Batch 410/794, Lx 1.5764, Lu 0.1087, Penalty 0.0525, loss 1.7376
Epoch 8, Batch 411/794, Lx 1.6934, Lu 0.0959, Penalty 0.0176, loss 1.8069
Epoch 8, Batch 412/794, Lx 1.4211, Lu 0.0922, Penalty 0.0246, loss 1.5379
Epoch 8, Batch 413/794, Lx 1.4147, Lu 0.0831, Penalty 0.0523, loss 1.5501
Epoch 8, Batch 414/794, Lx 1.4875, Lu 0.1124, Penalty 0.0484, loss 1.6483
Epoch 8, Batch 415/794, Lx 1.6298, Lu 0.0973, Penalty 0.0343, loss 1.7614
Epoch 8, Batch 416/794, Lx 1.4748, Lu 0.1004, Penalty 0.0922, loss 1.6674
Epoch 8, Batch 417/794, Lx 1.5867, Lu 0.1170, Penalty 0.0477, loss 1.7514
Epoch 8, Batch 418/794, Lx 1.6227, Lu 0.0983, Penalty 0.0876, loss 1.8086
Epoch 8, Batch 419/794, Lx 1.7277, Lu 0.1260, Penalty 0.1001, loss 1.9538
Epoch 8, Batch 420/794, Lx 1.6201, Lu 0.1222, Penalty 0.0976, loss 1.8399
Epoch 8, Batch 421/794, Lx 1.5510, Lu 0.1110, Penalty 0.0729, loss 1.7349
Epoch 8, Batch 422/794, Lx 1.6121, Lu 0.1237, Penalty 0.0233, loss 1.7590
Epoch 8, Batch 423/794, Lx 1.5705, Lu 0.0987, Penalty 0.0380, loss 1.7072
Epoch 8, Batch 424/794, Lx 1.4748, Lu 0.0952, Penalty 0.0464, loss 1.6164
Epoch 8, Batch 425/794, Lx 1.5602, Lu 0.1033, Penalty 0.1134, loss 1.7769
Epoch 8, Batch 426/794, Lx 1.4997, Lu 0.1124, Penalty 0.0187, loss 1.6308
Epoch 8, Batch 427/794, Lx 1.4701, Lu 0.1070, Penalty 0.0373, loss 1.6145
Epoch 8, Batch 428/794, Lx 1.4389, Lu 0.0691, Penalty 0.0332, loss 1.5413
Epoch 8, Batch 429/794, Lx 1.4625, Lu 0.0855, Penalty 0.0620, loss 1.6100
Epoch 8, Batch 430/794, Lx 1.6546, Lu 0.1163, Penalty 0.0533, loss 1.8242
Epoch 8, Batch 431/794, Lx 1.6234, Lu 0.0811, Penalty 0.0179, loss 1.7224
Epoch 8, Batch 432/794, Lx 1.6742, Lu 0.0992, Penalty 0.0602, loss 1.8335
Epoch 8, Batch 433/794, Lx 1.5839, Lu 0.1147, Penalty 0.0489, loss 1.7475
Epoch 8, Batch 434/794, Lx 1.8004, Lu 0.1062, Penalty 0.0663, loss 1.9729
Epoch 8, Batch 435/794, Lx 1.6491, Lu 0.1216, Penalty 0.0361, loss 1.8067
Epoch 8, Batch 436/794, Lx 1.5881, Lu 0.1237, Penalty 0.0178, loss 1.7295
Epoch 8, Batch 437/794, Lx 1.4726, Lu 0.0819, Penalty 0.0393, loss 1.5938
Epoch 8, Batch 438/794, Lx 1.5084, Lu 0.1375, Penalty 0.1980, loss 1.8439
Epoch 8, Batch 439/794, Lx 1.8176, Lu 0.1243, Penalty 0.1243, loss 2.0662
Epoch 8, Batch 440/794, Lx 1.4370, Lu 0.0651, Penalty 0.0622, loss 1.5643
Epoch 8, Batch 441/794, Lx 1.5000, Lu 0.1419, Penalty 0.0536, loss 1.6954
Epoch 8, Batch 442/794, Lx 1.5384, Lu 0.0822, Penalty 0.0297, loss 1.6503
Epoch 8, Batch 443/794, Lx 1.6871, Lu 0.1482, Penalty 0.0463, loss 1.8816
Epoch 8, Batch 444/794, Lx 1.7014, Lu 0.0955, Penalty 0.0252, loss 1.8221
Epoch 8, Batch 445/794, Lx 1.2858, Lu 0.0815, Penalty 0.0349, loss 1.4022
Epoch 8, Batch 446/794, Lx 1.3750, Lu 0.0838, Penalty 0.0569, loss 1.5157
Epoch 8, Batch 447/794, Lx 1.5492, Lu 0.0957, Penalty 0.0134, loss 1.6583
Epoch 8, Batch 448/794, Lx 1.8481, Lu 0.1467, Penalty 0.0733, loss 2.0681
Epoch 8, Batch 449/794, Lx 1.5033, Lu 0.1034, Penalty 0.0737, loss 1.6804
Epoch 8, Batch 450/794, Lx 1.4303, Lu 0.0721, Penalty 0.0232, loss 1.5256
Epoch 8, Batch 451/794, Lx 1.6871, Lu 0.1049, Penalty 0.0536, loss 1.8456
Epoch 8, Batch 452/794, Lx 1.6116, Lu 0.1476, Penalty 0.0559, loss 1.8151
Epoch 8, Batch 453/794, Lx 1.7626, Lu 0.1299, Penalty 0.0561, loss 1.9486
Epoch 8, Batch 454/794, Lx 1.6187, Lu 0.1081, Penalty 0.0383, loss 1.7650
Epoch 8, Batch 455/794, Lx 1.6616, Lu 0.1383, Penalty 0.0647, loss 1.8647
Epoch 8, Batch 456/794, Lx 1.5923, Lu 0.0958, Penalty 0.0798, loss 1.7679
Epoch 8, Batch 457/794, Lx 1.5906, Lu 0.1026, Penalty 0.0459, loss 1.7391
Epoch 8, Batch 458/794, Lx 1.4097, Lu 0.0598, Penalty 0.0712, loss 1.5407
Epoch 8, Batch 459/794, Lx 1.7262, Lu 0.1399, Penalty 0.0409, loss 1.9069
Epoch 8, Batch 460/794, Lx 1.5952, Lu 0.0814, Penalty 0.0311, loss 1.7077
Epoch 8, Batch 461/794, Lx 1.6523, Lu 0.0727, Penalty 0.0491, loss 1.7742
Epoch 8, Batch 462/794, Lx 1.5947, Lu 0.0904, Penalty 0.0250, loss 1.7101
Epoch 8, Batch 463/794, Lx 1.6916, Lu 0.1284, Penalty 0.0544, loss 1.8744
Epoch 8, Batch 464/794, Lx 1.5959, Lu 0.0904, Penalty 0.0393, loss 1.7255
Epoch 8, Batch 465/794, Lx 1.3841, Lu 0.0740, Penalty 0.0439, loss 1.5020
Epoch 8, Batch 466/794, Lx 1.7136, Lu 0.1389, Penalty 0.0282, loss 1.8808
Epoch 8, Batch 467/794, Lx 1.4866, Lu 0.0778, Penalty 0.0463, loss 1.6107
Epoch 8, Batch 468/794, Lx 1.6509, Lu 0.1320, Penalty 0.0823, loss 1.8653
Epoch 8, Batch 469/794, Lx 1.6057, Lu 0.0881, Penalty 0.0271, loss 1.7209
Epoch 8, Batch 470/794, Lx 1.5089, Lu 0.1060, Penalty 0.0481, loss 1.6630
Epoch 8, Batch 471/794, Lx 1.7481, Lu 0.1034, Penalty 0.0583, loss 1.9099
Epoch 8, Batch 472/794, Lx 1.5180, Lu 0.1142, Penalty 0.0322, loss 1.6644
Epoch 8, Batch 473/794, Lx 1.4601, Lu 0.0922, Penalty 0.0323, loss 1.5846
Epoch 8, Batch 474/794, Lx 1.6833, Lu 0.0890, Penalty 0.0576, loss 1.8300
Epoch 8, Batch 475/794, Lx 1.4997, Lu 0.0781, Penalty 0.0518, loss 1.6296
Epoch 8, Batch 476/794, Lx 1.6434, Lu 0.0899, Penalty 0.0902, loss 1.8234
Epoch 8, Batch 477/794, Lx 1.4052, Lu 0.0923, Penalty 0.0259, loss 1.5234
Epoch 8, Batch 478/794, Lx 1.6826, Lu 0.1240, Penalty 0.0526, loss 1.8591
Epoch 8, Batch 479/794, Lx 1.5333, Lu 0.0809, Penalty 0.1644, loss 1.7787
Epoch 8, Batch 480/794, Lx 1.4296, Lu 0.1057, Penalty 0.0846, loss 1.6199
Epoch 8, Batch 481/794, Lx 1.4464, Lu 0.0865, Penalty 0.0420, loss 1.5750
Epoch 8, Batch 482/794, Lx 1.8358, Lu 0.1495, Penalty 0.0439, loss 2.0292
Epoch 8, Batch 483/794, Lx 1.6180, Lu 0.1035, Penalty 0.0137, loss 1.7352
Epoch 8, Batch 484/794, Lx 1.5460, Lu 0.0943, Penalty 0.0318, loss 1.6720
Epoch 8, Batch 485/794, Lx 1.7489, Lu 0.1456, Penalty 0.0420, loss 1.9365
Epoch 8, Batch 486/794, Lx 1.5249, Lu 0.1148, Penalty 0.0430, loss 1.6827
Epoch 8, Batch 487/794, Lx 1.6759, Lu 0.1179, Penalty 0.1334, loss 1.9272
Epoch 8, Batch 488/794, Lx 1.4324, Lu 0.0932, Penalty 0.0596, loss 1.5852
Epoch 8, Batch 489/794, Lx 1.4814, Lu 0.0918, Penalty 0.0579, loss 1.6311
Epoch 8, Batch 490/794, Lx 1.6357, Lu 0.0882, Penalty 0.0652, loss 1.7891
Epoch 8, Batch 491/794, Lx 1.5881, Lu 0.0962, Penalty 0.0450, loss 1.7293
Epoch 8, Batch 492/794, Lx 1.7019, Lu 0.1362, Penalty 0.0970, loss 1.9352
Epoch 8, Batch 493/794, Lx 1.6217, Lu 0.0939, Penalty 0.0316, loss 1.7472
Epoch 8, Batch 494/794, Lx 1.6186, Lu 0.1215, Penalty 0.0721, loss 1.8122
Epoch 8, Batch 495/794, Lx 1.6087, Lu 0.1075, Penalty 0.0681, loss 1.7843
Epoch 8, Batch 496/794, Lx 1.4456, Lu 0.0833, Penalty 0.0595, loss 1.5884
Epoch 8, Batch 497/794, Lx 1.4146, Lu 0.0821, Penalty 0.0423, loss 1.5390
Epoch 8, Batch 498/794, Lx 1.4020, Lu 0.1103, Penalty 0.0454, loss 1.5577
Epoch 8, Batch 499/794, Lx 1.5596, Lu 0.1437, Penalty 0.0647, loss 1.7680
Epoch 8, Batch 500/794, Lx 1.6133, Lu 0.0956, Penalty 0.0753, loss 1.7842
Epoch 8, Batch 501/794, Lx 1.4993, Lu 0.1363, Penalty 0.1115, loss 1.7471
Epoch 8, Batch 502/794, Lx 1.6023, Lu 0.1238, Penalty 0.0562, loss 1.7823
Epoch 8, Batch 503/794, Lx 1.6037, Lu 0.1262, Penalty 0.0328, loss 1.7627
Epoch 8, Batch 504/794, Lx 1.5071, Lu 0.0932, Penalty 0.0517, loss 1.6519
Epoch 8, Batch 505/794, Lx 1.7933, Lu 0.0806, Penalty 0.0439, loss 1.9178
Epoch 8, Batch 506/794, Lx 1.6841, Lu 0.1286, Penalty 0.0656, loss 1.8782
Epoch 8, Batch 507/794, Lx 1.6068, Lu 0.1231, Penalty 0.0302, loss 1.7601
Epoch 8, Batch 508/794, Lx 1.6330, Lu 0.1227, Penalty 0.0321, loss 1.7878
Epoch 8, Batch 509/794, Lx 1.8021, Lu 0.1058, Penalty 0.0647, loss 1.9725
Epoch 8, Batch 510/794, Lx 1.3851, Lu 0.0932, Penalty 0.0331, loss 1.5114
Epoch 8, Batch 511/794, Lx 1.6766, Lu 0.1378, Penalty 0.0646, loss 1.8791
Epoch 8, Batch 512/794, Lx 1.7132, Lu 0.1017, Penalty 0.0650, loss 1.8799
Epoch 8, Batch 513/794, Lx 1.8403, Lu 0.1508, Penalty 0.0415, loss 2.0326
Epoch 8, Batch 514/794, Lx 1.6070, Lu 0.1318, Penalty 0.0519, loss 1.7908
Epoch 8, Batch 515/794, Lx 1.5728, Lu 0.0804, Penalty 0.0715, loss 1.7247
Epoch 8, Batch 516/794, Lx 1.4728, Lu 0.0874, Penalty 0.0275, loss 1.5877
Epoch 8, Batch 517/794, Lx 1.6532, Lu 0.1160, Penalty 0.0496, loss 1.8188
Epoch 8, Batch 518/794, Lx 1.5255, Lu 0.0862, Penalty 0.1056, loss 1.7172
Epoch 8, Batch 519/794, Lx 1.6125, Lu 0.1226, Penalty 0.0777, loss 1.8128
Epoch 8, Batch 520/794, Lx 1.5850, Lu 0.1185, Penalty 0.0452, loss 1.7487
Epoch 8, Batch 521/794, Lx 1.4989, Lu 0.0900, Penalty 0.0493, loss 1.6382
Epoch 8, Batch 522/794, Lx 1.7180, Lu 0.1075, Penalty 0.0320, loss 1.8574
Epoch 8, Batch 523/794, Lx 1.7235, Lu 0.1246, Penalty 0.0527, loss 1.9009
Epoch 8, Batch 524/794, Lx 1.6431, Lu 0.1559, Penalty 0.1024, loss 1.9013
Epoch 8, Batch 525/794, Lx 1.6293, Lu 0.1049, Penalty 0.0313, loss 1.7655
Epoch 8, Batch 526/794, Lx 1.4524, Lu 0.0969, Penalty 0.0276, loss 1.5769
Epoch 8, Batch 527/794, Lx 1.5685, Lu 0.0839, Penalty 0.0372, loss 1.6896
Epoch 8, Batch 528/794, Lx 1.6514, Lu 0.1016, Penalty 0.0284, loss 1.7815
Epoch 8, Batch 529/794, Lx 1.6619, Lu 0.1305, Penalty 0.0443, loss 1.8367
Epoch 8, Batch 530/794, Lx 1.3495, Lu 0.0932, Penalty 0.0468, loss 1.4895
Epoch 8, Batch 531/794, Lx 1.6328, Lu 0.1004, Penalty 0.0491, loss 1.7823
Epoch 8, Batch 532/794, Lx 1.6002, Lu 0.0882, Penalty 0.0312, loss 1.7196
Epoch 8, Batch 533/794, Lx 1.6719, Lu 0.1167, Penalty 0.0568, loss 1.8454
Epoch 8, Batch 534/794, Lx 1.4864, Lu 0.0839, Penalty 0.0511, loss 1.6214
Epoch 8, Batch 535/794, Lx 1.5474, Lu 0.0817, Penalty 0.0959, loss 1.7250
Epoch 8, Batch 536/794, Lx 1.7945, Lu 0.0877, Penalty 0.0694, loss 1.9516
Epoch 8, Batch 537/794, Lx 1.5683, Lu 0.0941, Penalty 0.0455, loss 1.7079
Epoch 8, Batch 538/794, Lx 1.5510, Lu 0.1058, Penalty 0.0633, loss 1.7201
Epoch 8, Batch 539/794, Lx 1.4405, Lu 0.0718, Penalty 0.0491, loss 1.5614
Epoch 8, Batch 540/794, Lx 1.5726, Lu 0.0834, Penalty 0.0941, loss 1.7501
Epoch 8, Batch 541/794, Lx 1.4090, Lu 0.0922, Penalty 0.0490, loss 1.5501
Epoch 8, Batch 542/794, Lx 1.6602, Lu 0.0948, Penalty 0.0341, loss 1.7891
Epoch 8, Batch 543/794, Lx 1.7145, Lu 0.1025, Penalty 0.0670, loss 1.8839
Epoch 8, Batch 544/794, Lx 1.5585, Lu 0.1241, Penalty 0.0409, loss 1.7236
Epoch 8, Batch 545/794, Lx 1.3927, Lu 0.0794, Penalty 0.0345, loss 1.5066
Epoch 8, Batch 546/794, Lx 1.5635, Lu 0.0963, Penalty 0.0534, loss 1.7132
Epoch 8, Batch 547/794, Lx 1.4420, Lu 0.0834, Penalty 0.0332, loss 1.5586
Epoch 8, Batch 548/794, Lx 1.6822, Lu 0.1030, Penalty 0.0184, loss 1.8037
Epoch 8, Batch 549/794, Lx 1.6405, Lu 0.1328, Penalty 0.0343, loss 1.8077
Epoch 8, Batch 550/794, Lx 1.4037, Lu 0.0688, Penalty 0.0384, loss 1.5109
Epoch 8, Batch 551/794, Lx 1.6494, Lu 0.0800, Penalty 0.0367, loss 1.7661
Epoch 8, Batch 552/794, Lx 1.6533, Lu 0.1175, Penalty 0.0291, loss 1.7999
Epoch 8, Batch 553/794, Lx 1.5224, Lu 0.0915, Penalty 0.0412, loss 1.6551
Epoch 8, Batch 554/794, Lx 1.6891, Lu 0.0915, Penalty 0.0365, loss 1.8170
Epoch 8, Batch 555/794, Lx 1.9058, Lu 0.1201, Penalty 0.0244, loss 2.0503
Epoch 8, Batch 556/794, Lx 1.4625, Lu 0.0941, Penalty 0.0162, loss 1.5727
Epoch 8, Batch 557/794, Lx 1.4808, Lu 0.0732, Penalty 0.0293, loss 1.5833
Epoch 8, Batch 558/794, Lx 1.5976, Lu 0.1133, Penalty 0.0450, loss 1.7559
Epoch 8, Batch 559/794, Lx 1.5544, Lu 0.0916, Penalty 0.0789, loss 1.7250
Epoch 8, Batch 560/794, Lx 1.4888, Lu 0.0878, Penalty 0.0441, loss 1.6207
Epoch 8, Batch 561/794, Lx 1.7720, Lu 0.1310, Penalty 0.0228, loss 1.9258
Epoch 8, Batch 562/794, Lx 1.4895, Lu 0.0992, Penalty 0.0403, loss 1.6290
Epoch 8, Batch 563/794, Lx 1.5148, Lu 0.0664, Penalty 0.0423, loss 1.6235
Epoch 8, Batch 564/794, Lx 1.1674, Lu 0.0917, Penalty 0.0678, loss 1.3269
Epoch 8, Batch 565/794, Lx 1.4721, Lu 0.0919, Penalty 0.0233, loss 1.5872
Epoch 8, Batch 566/794, Lx 1.7628, Lu 0.0903, Penalty 0.0430, loss 1.8961
Epoch 8, Batch 567/794, Lx 1.5978, Lu 0.1366, Penalty 0.0491, loss 1.7835
Epoch 8, Batch 568/794, Lx 1.5123, Lu 0.0923, Penalty 0.0691, loss 1.6736
Epoch 8, Batch 569/794, Lx 1.6602, Lu 0.0824, Penalty 0.0742, loss 1.8168
Epoch 8, Batch 570/794, Lx 1.5754, Lu 0.1278, Penalty 0.0273, loss 1.7306
Epoch 8, Batch 571/794, Lx 1.6583, Lu 0.0828, Penalty 0.0354, loss 1.7765
Epoch 8, Batch 572/794, Lx 1.5965, Lu 0.0826, Penalty 0.0697, loss 1.7488
Epoch 8, Batch 573/794, Lx 1.4270, Lu 0.0627, Penalty 0.1193, loss 1.6090
Epoch 8, Batch 574/794, Lx 1.8618, Lu 0.1432, Penalty 0.0705, loss 2.0756
Epoch 8, Batch 575/794, Lx 1.5622, Lu 0.1102, Penalty 0.1043, loss 1.7766
Epoch 8, Batch 576/794, Lx 1.6415, Lu 0.1411, Penalty 0.0219, loss 1.8045
Epoch 8, Batch 577/794, Lx 1.5140, Lu 0.0746, Penalty 0.0690, loss 1.6575
Epoch 8, Batch 578/794, Lx 1.5910, Lu 0.0962, Penalty 0.0238, loss 1.7109
Epoch 8, Batch 579/794, Lx 1.6997, Lu 0.0851, Penalty 0.0522, loss 1.8369
Epoch 8, Batch 580/794, Lx 1.4308, Lu 0.1099, Penalty 0.0291, loss 1.5698
Epoch 8, Batch 581/794, Lx 1.5037, Lu 0.1030, Penalty 0.0911, loss 1.6978
Epoch 8, Batch 582/794, Lx 1.6808, Lu 0.0921, Penalty 0.0406, loss 1.8135
Epoch 8, Batch 583/794, Lx 1.8250, Lu 0.1219, Penalty 0.0315, loss 1.9784
Epoch 8, Batch 584/794, Lx 1.6312, Lu 0.1259, Penalty 0.0197, loss 1.7769
Epoch 8, Batch 585/794, Lx 1.6119, Lu 0.1039, Penalty 0.0723, loss 1.7880
Epoch 8, Batch 586/794, Lx 1.3568, Lu 0.0938, Penalty 0.0862, loss 1.5368
Epoch 8, Batch 587/794, Lx 1.6124, Lu 0.1064, Penalty 0.0401, loss 1.7589
Epoch 8, Batch 588/794, Lx 1.5261, Lu 0.1145, Penalty 0.0312, loss 1.6718
Epoch 8, Batch 589/794, Lx 1.5511, Lu 0.0837, Penalty 0.0648, loss 1.6995
Epoch 8, Batch 590/794, Lx 1.6350, Lu 0.1031, Penalty 0.0193, loss 1.7574
Epoch 8, Batch 591/794, Lx 1.2548, Lu 0.0824, Penalty 0.0721, loss 1.4093
Epoch 8, Batch 592/794, Lx 1.7259, Lu 0.1139, Penalty 0.0512, loss 1.8909
Epoch 8, Batch 593/794, Lx 1.6063, Lu 0.1120, Penalty 0.0263, loss 1.7446
Epoch 8, Batch 594/794, Lx 1.5781, Lu 0.0834, Penalty 0.0291, loss 1.6906
Epoch 8, Batch 595/794, Lx 1.5064, Lu 0.0888, Penalty 0.0547, loss 1.6499
Epoch 8, Batch 596/794, Lx 1.5577, Lu 0.1135, Penalty 0.1172, loss 1.7884
Epoch 8, Batch 597/794, Lx 1.6870, Lu 0.0959, Penalty 0.0340, loss 1.8169
Epoch 8, Batch 598/794, Lx 1.4806, Lu 0.0796, Penalty 0.0696, loss 1.6297
Epoch 8, Batch 599/794, Lx 1.5961, Lu 0.1168, Penalty 0.0845, loss 1.7973
Epoch 8, Batch 600/794, Lx 1.6744, Lu 0.0975, Penalty 0.0385, loss 1.8104
Epoch 8, Batch 601/794, Lx 1.5019, Lu 0.0949, Penalty 0.0702, loss 1.6670
Epoch 8, Batch 602/794, Lx 1.6444, Lu 0.0860, Penalty 0.0774, loss 1.8077
Epoch 8, Batch 603/794, Lx 1.6095, Lu 0.1061, Penalty 0.0393, loss 1.7548
Epoch 8, Batch 604/794, Lx 1.6535, Lu 0.0853, Penalty 0.0438, loss 1.7827
Epoch 8, Batch 605/794, Lx 1.6282, Lu 0.0798, Penalty 0.0953, loss 1.8033
Epoch 8, Batch 606/794, Lx 1.5948, Lu 0.0842, Penalty 0.0183, loss 1.6974
Epoch 8, Batch 607/794, Lx 1.6090, Lu 0.1265, Penalty 0.0416, loss 1.7771
Epoch 8, Batch 608/794, Lx 1.4922, Lu 0.0824, Penalty 0.0357, loss 1.6103
Epoch 8, Batch 609/794, Lx 1.7341, Lu 0.0914, Penalty 0.0353, loss 1.8608
Epoch 8, Batch 610/794, Lx 1.5367, Lu 0.1079, Penalty 0.0358, loss 1.6804
Epoch 8, Batch 611/794, Lx 1.3684, Lu 0.0848, Penalty 0.0753, loss 1.5285
Epoch 8, Batch 612/794, Lx 1.6050, Lu 0.1470, Penalty 0.0690, loss 1.8210
Epoch 8, Batch 613/794, Lx 1.4838, Lu 0.1059, Penalty 0.0364, loss 1.6261
Epoch 8, Batch 614/794, Lx 1.6819, Lu 0.0859, Penalty 0.0380, loss 1.8058
Epoch 8, Batch 615/794, Lx 1.5310, Lu 0.0986, Penalty 0.0150, loss 1.6446
Epoch 8, Batch 616/794, Lx 1.5016, Lu 0.0956, Penalty 0.0490, loss 1.6461
Epoch 8, Batch 617/794, Lx 1.5097, Lu 0.1081, Penalty 0.0531, loss 1.6709
Epoch 8, Batch 618/794, Lx 1.3949, Lu 0.0671, Penalty 0.0194, loss 1.4815
Epoch 8, Batch 619/794, Lx 1.7207, Lu 0.1294, Penalty 0.0390, loss 1.8890
Epoch 8, Batch 620/794, Lx 1.7374, Lu 0.1230, Penalty 0.0855, loss 1.9459
Epoch 8, Batch 621/794, Lx 1.5722, Lu 0.0916, Penalty 0.0469, loss 1.7107
Epoch 8, Batch 622/794, Lx 1.5584, Lu 0.0797, Penalty 0.0395, loss 1.6776
Epoch 8, Batch 623/794, Lx 1.6185, Lu 0.0758, Penalty 0.1959, loss 1.8903
Epoch 8, Batch 624/794, Lx 1.5345, Lu 0.0756, Penalty 0.1156, loss 1.7257
Epoch 8, Batch 625/794, Lx 1.7234, Lu 0.1181, Penalty 0.0744, loss 1.9158
Epoch 8, Batch 626/794, Lx 1.6199, Lu 0.0675, Penalty 0.0592, loss 1.7466
Epoch 8, Batch 627/794, Lx 1.6370, Lu 0.0887, Penalty 0.1009, loss 1.8266
Epoch 8, Batch 628/794, Lx 1.6519, Lu 0.1187, Penalty 0.0637, loss 1.8343
Epoch 8, Batch 629/794, Lx 1.4652, Lu 0.1084, Penalty 0.0862, loss 1.6599
Epoch 8, Batch 630/794, Lx 1.6230, Lu 0.1069, Penalty 0.0513, loss 1.7813
Epoch 8, Batch 631/794, Lx 1.7425, Lu 0.1348, Penalty 0.0631, loss 1.9404
Epoch 8, Batch 632/794, Lx 1.5626, Lu 0.1136, Penalty 0.0509, loss 1.7271
Epoch 8, Batch 633/794, Lx 1.7332, Lu 0.1093, Penalty 0.0429, loss 1.8854
Epoch 8, Batch 634/794, Lx 1.5617, Lu 0.1237, Penalty 0.0632, loss 1.7487
Epoch 8, Batch 635/794, Lx 1.6745, Lu 0.1114, Penalty 0.0550, loss 1.8408
Epoch 8, Batch 636/794, Lx 1.5355, Lu 0.0886, Penalty 0.0370, loss 1.6611
Epoch 8, Batch 637/794, Lx 1.5362, Lu 0.0828, Penalty 0.0424, loss 1.6614
Epoch 8, Batch 638/794, Lx 1.5612, Lu 0.0817, Penalty 0.1278, loss 1.7707
Epoch 8, Batch 639/794, Lx 1.8247, Lu 0.0974, Penalty 0.0835, loss 2.0055
Epoch 8, Batch 640/794, Lx 1.6242, Lu 0.0949, Penalty 0.0960, loss 1.8150
Epoch 8, Batch 641/794, Lx 1.5496, Lu 0.0999, Penalty 0.0439, loss 1.6934
Epoch 8, Batch 642/794, Lx 1.5588, Lu 0.1046, Penalty 0.0337, loss 1.6971
Epoch 8, Batch 643/794, Lx 1.6555, Lu 0.1053, Penalty 0.0318, loss 1.7926
Epoch 8, Batch 644/794, Lx 1.4581, Lu 0.0676, Penalty 0.0436, loss 1.5693
Epoch 8, Batch 645/794, Lx 1.5600, Lu 0.0974, Penalty 0.0218, loss 1.6792
Epoch 8, Batch 646/794, Lx 1.4128, Lu 0.0743, Penalty 0.0619, loss 1.5490
Epoch 8, Batch 647/794, Lx 1.4853, Lu 0.0846, Penalty 0.0562, loss 1.6261
Epoch 8, Batch 648/794, Lx 1.4664, Lu 0.0738, Penalty 0.0793, loss 1.6196
Epoch 8, Batch 649/794, Lx 1.6381, Lu 0.1243, Penalty 0.0821, loss 1.8444
Epoch 8, Batch 650/794, Lx 1.5432, Lu 0.1251, Penalty 0.0318, loss 1.7001
Epoch 8, Batch 651/794, Lx 1.5950, Lu 0.1418, Penalty 0.0410, loss 1.7778
Epoch 8, Batch 652/794, Lx 1.5442, Lu 0.0818, Penalty 0.0513, loss 1.6773
Epoch 8, Batch 653/794, Lx 1.7868, Lu 0.1135, Penalty 0.0366, loss 1.9369
Epoch 8, Batch 654/794, Lx 1.7415, Lu 0.1093, Penalty 0.0726, loss 1.9235
Epoch 8, Batch 655/794, Lx 1.4856, Lu 0.1091, Penalty 0.0479, loss 1.6427
Epoch 8, Batch 656/794, Lx 1.6975, Lu 0.1200, Penalty 0.0171, loss 1.8346
Epoch 8, Batch 657/794, Lx 1.4786, Lu 0.1149, Penalty 0.0323, loss 1.6257
Epoch 8, Batch 658/794, Lx 1.5072, Lu 0.0801, Penalty 0.0512, loss 1.6385
Epoch 8, Batch 659/794, Lx 1.4762, Lu 0.1046, Penalty 0.0360, loss 1.6169
Epoch 8, Batch 660/794, Lx 1.7633, Lu 0.1184, Penalty 0.0369, loss 1.9186
Epoch 8, Batch 661/794, Lx 1.7420, Lu 0.1231, Penalty 0.0216, loss 1.8868
Epoch 8, Batch 662/794, Lx 1.6080, Lu 0.1255, Penalty 0.0901, loss 1.8236
Epoch 8, Batch 663/794, Lx 1.5362, Lu 0.0880, Penalty 0.0529, loss 1.6771
Epoch 8, Batch 664/794, Lx 1.5317, Lu 0.0836, Penalty 0.0222, loss 1.6375
Epoch 8, Batch 665/794, Lx 1.3981, Lu 0.0938, Penalty 0.0571, loss 1.5490
Epoch 8, Batch 666/794, Lx 1.6153, Lu 0.0824, Penalty 0.1079, loss 1.8057
Epoch 8, Batch 667/794, Lx 1.6504, Lu 0.1328, Penalty 0.0249, loss 1.8081
Epoch 8, Batch 668/794, Lx 1.4884, Lu 0.0864, Penalty 0.0876, loss 1.6625
Epoch 8, Batch 669/794, Lx 1.3302, Lu 0.0737, Penalty 0.0541, loss 1.4580
Epoch 8, Batch 670/794, Lx 1.5209, Lu 0.1028, Penalty 0.0928, loss 1.7165
Epoch 8, Batch 671/794, Lx 1.6195, Lu 0.0703, Penalty 0.0463, loss 1.7361
Epoch 8, Batch 672/794, Lx 1.5492, Lu 0.0767, Penalty 0.0888, loss 1.7148
Epoch 8, Batch 673/794, Lx 1.5984, Lu 0.1290, Penalty 0.0356, loss 1.7629
Epoch 8, Batch 674/794, Lx 1.6562, Lu 0.1375, Penalty 0.0107, loss 1.8044
Epoch 8, Batch 675/794, Lx 1.5335, Lu 0.0813, Penalty 0.0117, loss 1.6264
Epoch 8, Batch 676/794, Lx 1.2998, Lu 0.0892, Penalty 0.0748, loss 1.4638
Epoch 8, Batch 677/794, Lx 1.7261, Lu 0.1020, Penalty 0.0390, loss 1.8671
Epoch 8, Batch 678/794, Lx 1.6304, Lu 0.1335, Penalty 0.0624, loss 1.8263
Epoch 8, Batch 679/794, Lx 1.6207, Lu 0.1186, Penalty 0.0671, loss 1.8064
Epoch 8, Batch 680/794, Lx 1.5180, Lu 0.1133, Penalty 0.1336, loss 1.7649
Epoch 8, Batch 681/794, Lx 1.7453, Lu 0.1108, Penalty 0.0193, loss 1.8754
Epoch 8, Batch 682/794, Lx 1.4600, Lu 0.0840, Penalty 0.0773, loss 1.6214
Epoch 8, Batch 683/794, Lx 1.6277, Lu 0.0985, Penalty 0.0534, loss 1.7796
Epoch 8, Batch 684/794, Lx 1.5991, Lu 0.1046, Penalty 0.0094, loss 1.7131
Epoch 8, Batch 685/794, Lx 1.6971, Lu 0.1016, Penalty 0.0486, loss 1.8473
Epoch 8, Batch 686/794, Lx 1.5145, Lu 0.0917, Penalty 0.0231, loss 1.6292
Epoch 8, Batch 687/794, Lx 1.6891, Lu 0.0771, Penalty 0.0438, loss 1.8101
Epoch 8, Batch 688/794, Lx 1.7066, Lu 0.0928, Penalty 0.0579, loss 1.8573
Epoch 8, Batch 689/794, Lx 1.3946, Lu 0.0767, Penalty 0.0402, loss 1.5115
Epoch 8, Batch 690/794, Lx 1.5757, Lu 0.1023, Penalty 0.0495, loss 1.7275
Epoch 8, Batch 691/794, Lx 1.6111, Lu 0.0949, Penalty 0.0178, loss 1.7238
Epoch 8, Batch 692/794, Lx 1.5460, Lu 0.0896, Penalty 0.0653, loss 1.7009
Epoch 8, Batch 693/794, Lx 1.7412, Lu 0.1510, Penalty 0.0412, loss 1.9334
Epoch 8, Batch 694/794, Lx 1.4078, Lu 0.0949, Penalty 0.0448, loss 1.5475
Epoch 8, Batch 695/794, Lx 1.6225, Lu 0.1038, Penalty 0.0276, loss 1.7539
Epoch 8, Batch 696/794, Lx 1.5923, Lu 0.1186, Penalty 0.0399, loss 1.7508
Epoch 8, Batch 697/794, Lx 1.8410, Lu 0.1200, Penalty 0.0336, loss 1.9946
Epoch 8, Batch 698/794, Lx 1.6838, Lu 0.1321, Penalty 0.0788, loss 1.8946
Epoch 8, Batch 699/794, Lx 1.6263, Lu 0.0860, Penalty 0.0531, loss 1.7654
Epoch 8, Batch 700/794, Lx 1.5009, Lu 0.1001, Penalty 0.0235, loss 1.6245
Epoch 8, Batch 701/794, Lx 1.5505, Lu 0.1072, Penalty 0.0697, loss 1.7274
Epoch 8, Batch 702/794, Lx 1.5407, Lu 0.1150, Penalty 0.0861, loss 1.7419
Epoch 8, Batch 703/794, Lx 1.5568, Lu 0.0896, Penalty 0.0487, loss 1.6951
Epoch 8, Batch 704/794, Lx 1.7108, Lu 0.1176, Penalty 0.0445, loss 1.8730
Epoch 8, Batch 705/794, Lx 1.5560, Lu 0.0798, Penalty 0.0384, loss 1.6742
Epoch 8, Batch 706/794, Lx 1.6155, Lu 0.1061, Penalty 0.0838, loss 1.8054
Epoch 8, Batch 707/794, Lx 1.5636, Lu 0.0996, Penalty 0.1135, loss 1.7768
Epoch 8, Batch 708/794, Lx 1.5859, Lu 0.0888, Penalty 0.0560, loss 1.7307
Epoch 8, Batch 709/794, Lx 1.5833, Lu 0.0913, Penalty 0.0560, loss 1.7306
Epoch 8, Batch 710/794, Lx 1.4928, Lu 0.1045, Penalty 0.0317, loss 1.6290
Epoch 8, Batch 711/794, Lx 1.5371, Lu 0.1166, Penalty 0.0690, loss 1.7227
Epoch 8, Batch 712/794, Lx 1.5258, Lu 0.0700, Penalty 0.0454, loss 1.6411
Epoch 8, Batch 713/794, Lx 1.4655, Lu 0.0978, Penalty 0.0269, loss 1.5902
Epoch 8, Batch 714/794, Lx 1.7407, Lu 0.0902, Penalty 0.0331, loss 1.8641
Epoch 8, Batch 715/794, Lx 1.7562, Lu 0.1404, Penalty 0.0720, loss 1.9686
Epoch 8, Batch 716/794, Lx 1.4511, Lu 0.0860, Penalty 0.0379, loss 1.5750
Epoch 8, Batch 717/794, Lx 1.4762, Lu 0.0721, Penalty 0.0915, loss 1.6398
Epoch 8, Batch 718/794, Lx 1.6406, Lu 0.1058, Penalty 0.0766, loss 1.8230
Epoch 8, Batch 719/794, Lx 1.7394, Lu 0.0929, Penalty 0.0294, loss 1.8617
Epoch 8, Batch 720/794, Lx 1.5115, Lu 0.0822, Penalty 0.0810, loss 1.6748
Epoch 8, Batch 721/794, Lx 1.6114, Lu 0.0907, Penalty 0.0265, loss 1.7285
Epoch 8, Batch 722/794, Lx 1.4034, Lu 0.0958, Penalty 0.0517, loss 1.5510
Epoch 8, Batch 723/794, Lx 1.5570, Lu 0.1057, Penalty 0.0461, loss 1.7087
Epoch 8, Batch 724/794, Lx 1.2640, Lu 0.0964, Penalty 0.0582, loss 1.4185
Epoch 8, Batch 725/794, Lx 1.6008, Lu 0.1189, Penalty 0.0564, loss 1.7761
Epoch 8, Batch 726/794, Lx 1.7319, Lu 0.0981, Penalty 0.0497, loss 1.8797
Epoch 8, Batch 727/794, Lx 1.5947, Lu 0.1343, Penalty 0.0808, loss 1.8098
Epoch 8, Batch 728/794, Lx 1.3589, Lu 0.0835, Penalty 0.0386, loss 1.4810
Epoch 8, Batch 729/794, Lx 1.5929, Lu 0.1074, Penalty 0.0350, loss 1.7354
Epoch 8, Batch 730/794, Lx 1.4770, Lu 0.1109, Penalty 0.0095, loss 1.5974
Epoch 8, Batch 731/794, Lx 1.9332, Lu 0.1929, Penalty 0.0264, loss 2.1524
Epoch 8, Batch 732/794, Lx 1.5644, Lu 0.1201, Penalty 0.0236, loss 1.7081
Epoch 8, Batch 733/794, Lx 1.7940, Lu 0.1251, Penalty 0.0400, loss 1.9591
Epoch 8, Batch 734/794, Lx 1.5740, Lu 0.1142, Penalty 0.0924, loss 1.7806
Epoch 8, Batch 735/794, Lx 1.3881, Lu 0.0640, Penalty 0.0547, loss 1.5068
Epoch 8, Batch 736/794, Lx 1.5986, Lu 0.1184, Penalty 0.0508, loss 1.7679
Epoch 8, Batch 737/794, Lx 1.4989, Lu 0.0788, Penalty 0.0349, loss 1.6125
Epoch 8, Batch 738/794, Lx 1.6229, Lu 0.1130, Penalty 0.0466, loss 1.7825
Epoch 8, Batch 739/794, Lx 1.4958, Lu 0.0952, Penalty 0.1465, loss 1.7375
Epoch 8, Batch 740/794, Lx 1.3696, Lu 0.0741, Penalty 0.0514, loss 1.4951
Epoch 8, Batch 741/794, Lx 1.7893, Lu 0.1316, Penalty 0.0616, loss 1.9825
Epoch 8, Batch 742/794, Lx 1.7719, Lu 0.0936, Penalty 0.0398, loss 1.9053
Epoch 8, Batch 743/794, Lx 1.6166, Lu 0.0876, Penalty 0.0257, loss 1.7299
Epoch 8, Batch 744/794, Lx 1.5165, Lu 0.1136, Penalty 0.0795, loss 1.7096
Epoch 8, Batch 745/794, Lx 1.4203, Lu 0.0696, Penalty 0.0269, loss 1.5168
Epoch 8, Batch 746/794, Lx 1.7000, Lu 0.1009, Penalty 0.0400, loss 1.8409
Epoch 8, Batch 747/794, Lx 1.5145, Lu 0.1271, Penalty 0.0931, loss 1.7347
Epoch 8, Batch 748/794, Lx 1.5070, Lu 0.1122, Penalty 0.0721, loss 1.6914
Epoch 8, Batch 749/794, Lx 1.6737, Lu 0.1213, Penalty 0.0722, loss 1.8671
Epoch 8, Batch 750/794, Lx 1.5426, Lu 0.0897, Penalty 0.0660, loss 1.6982
Epoch 8, Batch 751/794, Lx 1.6105, Lu 0.1055, Penalty 0.0247, loss 1.7407
Epoch 8, Batch 752/794, Lx 1.7965, Lu 0.1044, Penalty 0.0182, loss 1.9190
Epoch 8, Batch 753/794, Lx 1.4963, Lu 0.0694, Penalty 0.0319, loss 1.5976
Epoch 8, Batch 754/794, Lx 1.7536, Lu 0.1204, Penalty 0.0370, loss 1.9109
Epoch 8, Batch 755/794, Lx 1.8446, Lu 0.1117, Penalty 0.0540, loss 2.0103
Epoch 8, Batch 756/794, Lx 1.4974, Lu 0.0755, Penalty 0.0579, loss 1.6308
Epoch 8, Batch 757/794, Lx 1.6428, Lu 0.0857, Penalty 0.0606, loss 1.7890
Epoch 8, Batch 758/794, Lx 1.6703, Lu 0.1107, Penalty 0.0551, loss 1.8361
Epoch 8, Batch 759/794, Lx 1.5900, Lu 0.0780, Penalty 0.0443, loss 1.7123
Epoch 8, Batch 760/794, Lx 1.5147, Lu 0.0908, Penalty 0.0507, loss 1.6563
Epoch 8, Batch 761/794, Lx 1.5425, Lu 0.0806, Penalty 0.0360, loss 1.6591
Epoch 8, Batch 762/794, Lx 1.6051, Lu 0.1209, Penalty 0.0936, loss 1.8196
Epoch 8, Batch 763/794, Lx 1.6580, Lu 0.1338, Penalty 0.0371, loss 1.8289
Epoch 8, Batch 764/794, Lx 1.5416, Lu 0.0951, Penalty 0.0221, loss 1.6589
Epoch 8, Batch 765/794, Lx 1.4949, Lu 0.0790, Penalty 0.0201, loss 1.5940
Epoch 8, Batch 766/794, Lx 1.5829, Lu 0.1489, Penalty 0.0415, loss 1.7734
Epoch 8, Batch 767/794, Lx 1.8686, Lu 0.1349, Penalty 0.0306, loss 2.0340
Epoch 8, Batch 768/794, Lx 1.5947, Lu 0.1002, Penalty 0.0402, loss 1.7351
Epoch 8, Batch 769/794, Lx 1.5145, Lu 0.1091, Penalty 0.0659, loss 1.6895
Epoch 8, Batch 770/794, Lx 1.7604, Lu 0.1192, Penalty 0.0343, loss 1.9139
Epoch 8, Batch 771/794, Lx 1.5347, Lu 0.0680, Penalty 0.0352, loss 1.6380
Epoch 8, Batch 772/794, Lx 1.5776, Lu 0.1120, Penalty 0.0452, loss 1.7347
Epoch 8, Batch 773/794, Lx 1.5799, Lu 0.1283, Penalty 0.1238, loss 1.8320
Epoch 8, Batch 774/794, Lx 1.7003, Lu 0.1033, Penalty 0.0367, loss 1.8403
Epoch 8, Batch 775/794, Lx 1.7817, Lu 0.1394, Penalty 0.0128, loss 1.9338
Epoch 8, Batch 776/794, Lx 1.5705, Lu 0.0935, Penalty 0.0508, loss 1.7148
Epoch 8, Batch 777/794, Lx 1.6783, Lu 0.0998, Penalty 0.0530, loss 1.8311
Epoch 8, Batch 778/794, Lx 1.6838, Lu 0.0825, Penalty 0.0679, loss 1.8342
Epoch 8, Batch 779/794, Lx 1.6858, Lu 0.1330, Penalty 0.0475, loss 1.8663
Epoch 8, Batch 780/794, Lx 1.6345, Lu 0.0917, Penalty 0.0835, loss 1.8097
Epoch 8, Batch 781/794, Lx 1.6572, Lu 0.1318, Penalty 0.0802, loss 1.8692
Epoch 8, Batch 782/794, Lx 1.7547, Lu 0.0926, Penalty 0.0744, loss 1.9216
Epoch 8, Batch 783/794, Lx 1.5239, Lu 0.0924, Penalty 0.0975, loss 1.7138
Epoch 8, Batch 784/794, Lx 1.6603, Lu 0.1303, Penalty 0.0324, loss 1.8229
Epoch 8, Batch 785/794, Lx 1.4742, Lu 0.0937, Penalty 0.0323, loss 1.6003
Epoch 8, Batch 786/794, Lx 1.4322, Lu 0.1010, Penalty 0.0789, loss 1.6121
Epoch 8, Batch 787/794, Lx 1.5127, Lu 0.0683, Penalty 0.0589, loss 1.6399
Epoch 8, Batch 788/794, Lx 1.6194, Lu 0.1115, Penalty 0.0673, loss 1.7983
Epoch 8, Batch 789/794, Lx 1.3796, Lu 0.0834, Penalty 0.0542, loss 1.5172
Epoch 8, Batch 790/794, Lx 1.6939, Lu 0.1021, Penalty 0.0922, loss 1.8883
Epoch 8, Batch 791/794, Lx 1.4620, Lu 0.1210, Penalty 0.0395, loss 1.6225
Epoch 8, Batch 792/794, Lx 1.5784, Lu 0.0916, Penalty 0.0572, loss 1.7272
Epoch 8, Batch 793/794, Lx 1.5368, Lu 0.0997, Penalty 0.0508, loss 1.6873
Epoch 8, Batch 794/794, Lx 2.0231, Lu 0.0936, Penalty 0.0772, loss 2.1938
Loss: 1.7387, Lx: 1.5845, Lu: 0.1015, Penalty: 0.0527
Training for Network 2
labelled data size: 22716
unlabelled data size: 19284
Epoch 8, Batch 1/710, Lx 1.5486, Lu 0.1223, Penalty 0.0427, loss 1.7136
Epoch 8, Batch 2/710, Lx 1.5085, Lu 0.0879, Penalty 0.0300, loss 1.6264
Epoch 8, Batch 3/710, Lx 1.6563, Lu 0.1429, Penalty 0.0367, loss 1.8359
Epoch 8, Batch 4/710, Lx 1.5222, Lu 0.1144, Penalty 0.0643, loss 1.7009
Epoch 8, Batch 5/710, Lx 1.4890, Lu 0.0875, Penalty 0.0347, loss 1.6112
Epoch 8, Batch 6/710, Lx 1.5471, Lu 0.1117, Penalty 0.0931, loss 1.7520
Epoch 8, Batch 7/710, Lx 1.6499, Lu 0.1383, Penalty 0.0291, loss 1.8173
Epoch 8, Batch 8/710, Lx 1.3699, Lu 0.1003, Penalty 0.0375, loss 1.5076
Epoch 8, Batch 9/710, Lx 1.3514, Lu 0.0897, Penalty 0.0809, loss 1.5220
Epoch 8, Batch 10/710, Lx 1.4379, Lu 0.0825, Penalty 0.1210, loss 1.6415
Epoch 8, Batch 11/710, Lx 1.3497, Lu 0.0768, Penalty 0.0968, loss 1.5233
Epoch 8, Batch 12/710, Lx 1.5550, Lu 0.0802, Penalty 0.1304, loss 1.7656
Epoch 8, Batch 13/710, Lx 1.6065, Lu 0.1226, Penalty 0.0931, loss 1.8222
Epoch 8, Batch 14/710, Lx 1.4744, Lu 0.0948, Penalty 0.1148, loss 1.6840
Epoch 8, Batch 15/710, Lx 1.4704, Lu 0.1129, Penalty 0.0645, loss 1.6477
Epoch 8, Batch 16/710, Lx 1.4619, Lu 0.0904, Penalty 0.0549, loss 1.6072
Epoch 8, Batch 17/710, Lx 1.5364, Lu 0.0931, Penalty 0.0572, loss 1.6868
Epoch 8, Batch 18/710, Lx 1.6580, Lu 0.1082, Penalty 0.0330, loss 1.7992
Epoch 8, Batch 19/710, Lx 1.2023, Lu 0.0691, Penalty 0.1248, loss 1.3962
Epoch 8, Batch 20/710, Lx 1.7825, Lu 0.1079, Penalty 0.0706, loss 1.9610
Epoch 8, Batch 21/710, Lx 1.3713, Lu 0.0786, Penalty 0.0513, loss 1.5013
Epoch 8, Batch 22/710, Lx 1.4642, Lu 0.1054, Penalty 0.0817, loss 1.6513
Epoch 8, Batch 23/710, Lx 1.5885, Lu 0.1117, Penalty 0.0925, loss 1.7927
Epoch 8, Batch 24/710, Lx 1.4356, Lu 0.0990, Penalty 0.0596, loss 1.5942
Epoch 8, Batch 25/710, Lx 1.5232, Lu 0.1262, Penalty 0.0618, loss 1.7113
Epoch 8, Batch 26/710, Lx 1.7106, Lu 0.1144, Penalty 0.0595, loss 1.8845
Epoch 8, Batch 27/710, Lx 1.4530, Lu 0.0999, Penalty 0.0210, loss 1.5739
Epoch 8, Batch 28/710, Lx 1.7018, Lu 0.1005, Penalty 0.0468, loss 1.8491
Epoch 8, Batch 29/710, Lx 1.6604, Lu 0.1438, Penalty 0.0949, loss 1.8990
Epoch 8, Batch 30/710, Lx 1.6740, Lu 0.1109, Penalty 0.0342, loss 1.8191
Epoch 8, Batch 31/710, Lx 1.7121, Lu 0.0949, Penalty 0.0379, loss 1.8448
Epoch 8, Batch 32/710, Lx 1.6307, Lu 0.1322, Penalty 0.0426, loss 1.8054
Epoch 8, Batch 33/710, Lx 1.5037, Lu 0.1130, Penalty 0.0598, loss 1.6764
Epoch 8, Batch 34/710, Lx 1.5556, Lu 0.0833, Penalty 0.0704, loss 1.7093
Epoch 8, Batch 35/710, Lx 1.3119, Lu 0.0770, Penalty 0.0956, loss 1.4844
Epoch 8, Batch 36/710, Lx 1.3570, Lu 0.0781, Penalty 0.0326, loss 1.4677
Epoch 8, Batch 37/710, Lx 1.6157, Lu 0.1161, Penalty 0.1017, loss 1.8335
Epoch 8, Batch 38/710, Lx 1.5570, Lu 0.0914, Penalty 0.0671, loss 1.7154
Epoch 8, Batch 39/710, Lx 1.4176, Lu 0.1075, Penalty 0.0950, loss 1.6201
Epoch 8, Batch 40/710, Lx 1.4374, Lu 0.0964, Penalty 0.0473, loss 1.5811
Epoch 8, Batch 41/710, Lx 1.5800, Lu 0.1423, Penalty 0.0925, loss 1.8149
Epoch 8, Batch 42/710, Lx 1.6229, Lu 0.1239, Penalty 0.0634, loss 1.8102
Epoch 8, Batch 43/710, Lx 1.4856, Lu 0.0921, Penalty 0.0311, loss 1.6088
Epoch 8, Batch 44/710, Lx 1.6586, Lu 0.1387, Penalty 0.0558, loss 1.8531
Epoch 8, Batch 45/710, Lx 1.2893, Lu 0.1018, Penalty 0.0915, loss 1.4826
Epoch 8, Batch 46/710, Lx 1.5252, Lu 0.0903, Penalty 0.0635, loss 1.6790
Epoch 8, Batch 47/710, Lx 1.4916, Lu 0.1047, Penalty 0.0629, loss 1.6592
Epoch 8, Batch 48/710, Lx 1.3320, Lu 0.1012, Penalty 0.0754, loss 1.5086
Epoch 8, Batch 49/710, Lx 1.4450, Lu 0.0999, Penalty 0.0423, loss 1.5872
Epoch 8, Batch 50/710, Lx 1.6237, Lu 0.0764, Penalty 0.0444, loss 1.7445
Epoch 8, Batch 51/710, Lx 1.5906, Lu 0.1122, Penalty 0.0991, loss 1.8020
Epoch 8, Batch 52/710, Lx 1.5876, Lu 0.0983, Penalty 0.0696, loss 1.7554
Epoch 8, Batch 53/710, Lx 1.2883, Lu 0.0918, Penalty 0.0601, loss 1.4402
Epoch 8, Batch 54/710, Lx 1.5820, Lu 0.1071, Penalty 0.0746, loss 1.7637
Epoch 8, Batch 55/710, Lx 1.3756, Lu 0.0681, Penalty 0.0919, loss 1.5356
Epoch 8, Batch 56/710, Lx 1.3434, Lu 0.0870, Penalty 0.0382, loss 1.4686
Epoch 8, Batch 57/710, Lx 1.3860, Lu 0.1102, Penalty 0.0488, loss 1.5449
Epoch 8, Batch 58/710, Lx 1.5169, Lu 0.1242, Penalty 0.1085, loss 1.7496
Epoch 8, Batch 59/710, Lx 1.5062, Lu 0.1278, Penalty 0.0663, loss 1.7002
Epoch 8, Batch 60/710, Lx 1.3985, Lu 0.1071, Penalty 0.0490, loss 1.5546
Epoch 8, Batch 61/710, Lx 1.5286, Lu 0.1099, Penalty 0.0605, loss 1.6990
Epoch 8, Batch 62/710, Lx 1.4995, Lu 0.1077, Penalty 0.0667, loss 1.6739
Epoch 8, Batch 63/710, Lx 1.7387, Lu 0.1464, Penalty 0.0488, loss 1.9339
Epoch 8, Batch 64/710, Lx 1.7121, Lu 0.1638, Penalty 0.0284, loss 1.9044
Epoch 8, Batch 65/710, Lx 1.4720, Lu 0.0998, Penalty 0.0567, loss 1.6285
Epoch 8, Batch 66/710, Lx 1.5641, Lu 0.1042, Penalty 0.0517, loss 1.7200
Epoch 8, Batch 67/710, Lx 1.5349, Lu 0.1013, Penalty 0.0736, loss 1.7098
Epoch 8, Batch 68/710, Lx 1.3514, Lu 0.0883, Penalty 0.1169, loss 1.5565
Epoch 8, Batch 69/710, Lx 1.5820, Lu 0.0966, Penalty 0.1046, loss 1.7832
Epoch 8, Batch 70/710, Lx 1.4776, Lu 0.0742, Penalty 0.0936, loss 1.6454
Epoch 8, Batch 71/710, Lx 1.0575, Lu 0.1220, Penalty 0.1232, loss 1.3027
Epoch 8, Batch 72/710, Lx 1.5483, Lu 0.1148, Penalty 0.1140, loss 1.7771
Epoch 8, Batch 73/710, Lx 1.5427, Lu 0.1047, Penalty 0.0645, loss 1.7119
Epoch 8, Batch 74/710, Lx 1.3072, Lu 0.0724, Penalty 0.1349, loss 1.5145
Epoch 8, Batch 75/710, Lx 1.5890, Lu 0.1190, Penalty 0.0857, loss 1.7937
Epoch 8, Batch 76/710, Lx 1.6471, Lu 0.0974, Penalty 0.0931, loss 1.8377
Epoch 8, Batch 77/710, Lx 1.6575, Lu 0.0896, Penalty 0.0741, loss 1.8212
Epoch 8, Batch 78/710, Lx 1.5273, Lu 0.1365, Penalty 0.0985, loss 1.7623
Epoch 8, Batch 79/710, Lx 1.6658, Lu 0.0922, Penalty 0.0722, loss 1.8301
Epoch 8, Batch 80/710, Lx 1.3809, Lu 0.0812, Penalty 0.0552, loss 1.5174
Epoch 8, Batch 81/710, Lx 1.4624, Lu 0.0894, Penalty 0.0663, loss 1.6181
Epoch 8, Batch 82/710, Lx 1.3990, Lu 0.0929, Penalty 0.0209, loss 1.5128
Epoch 8, Batch 83/710, Lx 1.6231, Lu 0.1133, Penalty 0.0533, loss 1.7897
Epoch 8, Batch 84/710, Lx 1.3672, Lu 0.0747, Penalty 0.0634, loss 1.5053
Epoch 8, Batch 85/710, Lx 1.5884, Lu 0.1084, Penalty 0.0760, loss 1.7729
Epoch 8, Batch 86/710, Lx 1.5788, Lu 0.1003, Penalty 0.0578, loss 1.7369
Epoch 8, Batch 87/710, Lx 1.5634, Lu 0.0959, Penalty 0.0338, loss 1.6932
Epoch 8, Batch 88/710, Lx 1.7052, Lu 0.1154, Penalty 0.0460, loss 1.8665
Epoch 8, Batch 89/710, Lx 1.4875, Lu 0.1170, Penalty 0.0892, loss 1.6936
Epoch 8, Batch 90/710, Lx 1.6309, Lu 0.0905, Penalty 0.0611, loss 1.7825
Epoch 8, Batch 91/710, Lx 1.6240, Lu 0.1063, Penalty 0.0598, loss 1.7902
Epoch 8, Batch 92/710, Lx 1.6226, Lu 0.1360, Penalty 0.0671, loss 1.8257
Epoch 8, Batch 93/710, Lx 1.4840, Lu 0.1311, Penalty 0.0796, loss 1.6948
Epoch 8, Batch 94/710, Lx 1.5590, Lu 0.0663, Penalty 0.0734, loss 1.6988
Epoch 8, Batch 95/710, Lx 1.7837, Lu 0.1467, Penalty 0.0529, loss 1.9833
Epoch 8, Batch 96/710, Lx 1.3058, Lu 0.1096, Penalty 0.0614, loss 1.4769
Epoch 8, Batch 97/710, Lx 1.5821, Lu 0.1064, Penalty 0.0576, loss 1.7462
Epoch 8, Batch 98/710, Lx 1.2883, Lu 0.0809, Penalty 0.0918, loss 1.4610
Epoch 8, Batch 99/710, Lx 1.4632, Lu 0.0964, Penalty 0.1346, loss 1.6942
Epoch 8, Batch 100/710, Lx 1.5651, Lu 0.0896, Penalty 0.0880, loss 1.7428
Epoch 8, Batch 101/710, Lx 1.3160, Lu 0.0651, Penalty 0.0632, loss 1.4443
Epoch 8, Batch 102/710, Lx 1.5592, Lu 0.1329, Penalty 0.0665, loss 1.7586
Epoch 8, Batch 103/710, Lx 1.4559, Lu 0.0690, Penalty 0.0670, loss 1.5919
Epoch 8, Batch 104/710, Lx 1.5611, Lu 0.0951, Penalty 0.0854, loss 1.7416
Epoch 8, Batch 105/710, Lx 1.5560, Lu 0.0682, Penalty 0.0852, loss 1.7094
Epoch 8, Batch 106/710, Lx 1.5341, Lu 0.1106, Penalty 0.0479, loss 1.6926
Epoch 8, Batch 107/710, Lx 1.5652, Lu 0.1084, Penalty 0.0670, loss 1.7406
Epoch 8, Batch 108/710, Lx 1.4715, Lu 0.0890, Penalty 0.0957, loss 1.6561
Epoch 8, Batch 109/710, Lx 1.5735, Lu 0.0900, Penalty 0.0438, loss 1.7073
Epoch 8, Batch 110/710, Lx 1.6250, Lu 0.0970, Penalty 0.0459, loss 1.7679
Epoch 8, Batch 111/710, Lx 1.7181, Lu 0.1145, Penalty 0.1470, loss 1.9797
Epoch 8, Batch 112/710, Lx 1.4985, Lu 0.1083, Penalty 0.0450, loss 1.6518
Epoch 8, Batch 113/710, Lx 1.6547, Lu 0.1563, Penalty 0.0263, loss 1.8373
Epoch 8, Batch 114/710, Lx 1.5080, Lu 0.1046, Penalty 0.0481, loss 1.6607
Epoch 8, Batch 115/710, Lx 1.5732, Lu 0.0977, Penalty 0.0293, loss 1.7001
Epoch 8, Batch 116/710, Lx 1.6954, Lu 0.1220, Penalty 0.0570, loss 1.8744
Epoch 8, Batch 117/710, Lx 1.6249, Lu 0.1060, Penalty 0.0523, loss 1.7832
Epoch 8, Batch 118/710, Lx 1.4999, Lu 0.0695, Penalty 0.0684, loss 1.6378
Epoch 8, Batch 119/710, Lx 1.3936, Lu 0.0995, Penalty 0.0823, loss 1.5753
Epoch 8, Batch 120/710, Lx 1.4969, Lu 0.0990, Penalty 0.0878, loss 1.6837
Epoch 8, Batch 121/710, Lx 1.4840, Lu 0.0726, Penalty 0.0463, loss 1.6029
Epoch 8, Batch 122/710, Lx 1.6163, Lu 0.1028, Penalty 0.0862, loss 1.8054
Epoch 8, Batch 123/710, Lx 1.3311, Lu 0.0860, Penalty 0.1482, loss 1.5653
Epoch 8, Batch 124/710, Lx 1.4270, Lu 0.0625, Penalty 0.0898, loss 1.5794
Epoch 8, Batch 125/710, Lx 1.4276, Lu 0.0799, Penalty 0.0699, loss 1.5774
Epoch 8, Batch 126/710, Lx 1.4400, Lu 0.0872, Penalty 0.0585, loss 1.5857
Epoch 8, Batch 127/710, Lx 1.3345, Lu 0.0752, Penalty 0.0775, loss 1.4872
Epoch 8, Batch 128/710, Lx 1.5791, Lu 0.0956, Penalty 0.0788, loss 1.7536
Epoch 8, Batch 129/710, Lx 1.6636, Lu 0.1126, Penalty 0.0354, loss 1.8116
Epoch 8, Batch 130/710, Lx 1.2515, Lu 0.0659, Penalty 0.0526, loss 1.3701
Epoch 8, Batch 131/710, Lx 1.5024, Lu 0.0852, Penalty 0.0227, loss 1.6103
Epoch 8, Batch 132/710, Lx 1.5165, Lu 0.1015, Penalty 0.0745, loss 1.6925
Epoch 8, Batch 133/710, Lx 1.5819, Lu 0.1124, Penalty 0.0573, loss 1.7515
Epoch 8, Batch 134/710, Lx 1.5542, Lu 0.0784, Penalty 0.0608, loss 1.6933
Epoch 8, Batch 135/710, Lx 1.6530, Lu 0.0996, Penalty 0.0721, loss 1.8247
Epoch 8, Batch 136/710, Lx 1.4680, Lu 0.1085, Penalty 0.1111, loss 1.6877
Epoch 8, Batch 137/710, Lx 1.7345, Lu 0.1335, Penalty 0.0673, loss 1.9353
Epoch 8, Batch 138/710, Lx 1.5114, Lu 0.0915, Penalty 0.0320, loss 1.6349
Epoch 8, Batch 139/710, Lx 1.5250, Lu 0.0932, Penalty 0.0509, loss 1.6692
Epoch 8, Batch 140/710, Lx 1.5884, Lu 0.1015, Penalty 0.0393, loss 1.7292
Epoch 8, Batch 141/710, Lx 1.4639, Lu 0.0875, Penalty 0.0700, loss 1.6214
Epoch 8, Batch 142/710, Lx 1.4118, Lu 0.1058, Penalty 0.0811, loss 1.5987
Epoch 8, Batch 143/710, Lx 1.3595, Lu 0.0714, Penalty 0.0733, loss 1.5042
Epoch 8, Batch 144/710, Lx 1.6729, Lu 0.1172, Penalty 0.0775, loss 1.8676
Epoch 8, Batch 145/710, Lx 1.4789, Lu 0.1118, Penalty 0.0544, loss 1.6451
Epoch 8, Batch 146/710, Lx 1.5480, Lu 0.1212, Penalty 0.0787, loss 1.7479
Epoch 8, Batch 147/710, Lx 1.4844, Lu 0.0812, Penalty 0.1113, loss 1.6769
Epoch 8, Batch 148/710, Lx 1.5181, Lu 0.0969, Penalty 0.0816, loss 1.6966
Epoch 8, Batch 149/710, Lx 1.7276, Lu 0.1081, Penalty 0.1124, loss 1.9481
Epoch 8, Batch 150/710, Lx 1.3101, Lu 0.0634, Penalty 0.0599, loss 1.4334
Epoch 8, Batch 151/710, Lx 1.4182, Lu 0.1075, Penalty 0.0689, loss 1.5946
Epoch 8, Batch 152/710, Lx 1.4952, Lu 0.1067, Penalty 0.0483, loss 1.6501
Epoch 8, Batch 153/710, Lx 1.2778, Lu 0.0627, Penalty 0.0694, loss 1.4098
Epoch 8, Batch 154/710, Lx 1.5223, Lu 0.1060, Penalty 0.0944, loss 1.7226
Epoch 8, Batch 155/710, Lx 1.4864, Lu 0.0894, Penalty 0.0267, loss 1.6026
Epoch 8, Batch 156/710, Lx 1.5515, Lu 0.1131, Penalty 0.0491, loss 1.7137
Epoch 8, Batch 157/710, Lx 1.4503, Lu 0.0921, Penalty 0.0263, loss 1.5687
Epoch 8, Batch 158/710, Lx 1.5562, Lu 0.1128, Penalty 0.0448, loss 1.7138
Epoch 8, Batch 159/710, Lx 1.6809, Lu 0.1399, Penalty 0.0165, loss 1.8373
Epoch 8, Batch 160/710, Lx 1.4038, Lu 0.0763, Penalty 0.0257, loss 1.5058
Epoch 8, Batch 161/710, Lx 1.3750, Lu 0.0818, Penalty 0.0969, loss 1.5537
Epoch 8, Batch 162/710, Lx 1.4509, Lu 0.0702, Penalty 0.0690, loss 1.5901
Epoch 8, Batch 163/710, Lx 1.5348, Lu 0.0917, Penalty 0.0711, loss 1.6977
Epoch 8, Batch 164/710, Lx 1.5895, Lu 0.1273, Penalty 0.0444, loss 1.7612
Epoch 8, Batch 165/710, Lx 1.5864, Lu 0.1065, Penalty 0.1019, loss 1.7948
Epoch 8, Batch 166/710, Lx 1.4765, Lu 0.0855, Penalty 0.0447, loss 1.6067
Epoch 8, Batch 167/710, Lx 1.4153, Lu 0.0868, Penalty 0.0489, loss 1.5511
Epoch 8, Batch 168/710, Lx 1.5345, Lu 0.1207, Penalty 0.0864, loss 1.7416
Epoch 8, Batch 169/710, Lx 1.4909, Lu 0.0663, Penalty 0.0852, loss 1.6424
Epoch 8, Batch 170/710, Lx 1.6043, Lu 0.1139, Penalty 0.0606, loss 1.7788
Epoch 8, Batch 171/710, Lx 1.5403, Lu 0.0832, Penalty 0.0468, loss 1.6702
Epoch 8, Batch 172/710, Lx 1.4273, Lu 0.1223, Penalty 0.0690, loss 1.6187
Epoch 8, Batch 173/710, Lx 1.5487, Lu 0.0985, Penalty 0.0563, loss 1.7035
Epoch 8, Batch 174/710, Lx 1.6563, Lu 0.1131, Penalty 0.0857, loss 1.8551
Epoch 8, Batch 175/710, Lx 1.3150, Lu 0.0829, Penalty 0.0805, loss 1.4784
Epoch 8, Batch 176/710, Lx 1.4647, Lu 0.1156, Penalty 0.0585, loss 1.6388
Epoch 8, Batch 177/710, Lx 1.4487, Lu 0.1121, Penalty 0.0680, loss 1.6289
Epoch 8, Batch 178/710, Lx 1.3806, Lu 0.0750, Penalty 0.0645, loss 1.5201
Epoch 8, Batch 179/710, Lx 1.4733, Lu 0.0721, Penalty 0.0610, loss 1.6064
Epoch 8, Batch 180/710, Lx 1.5406, Lu 0.1107, Penalty 0.0318, loss 1.6831
Epoch 8, Batch 181/710, Lx 1.6444, Lu 0.1202, Penalty 0.0373, loss 1.8019
Epoch 8, Batch 182/710, Lx 1.5692, Lu 0.1069, Penalty 0.0577, loss 1.7338
Epoch 8, Batch 183/710, Lx 1.5309, Lu 0.0839, Penalty 0.0381, loss 1.6529
Epoch 8, Batch 184/710, Lx 1.4159, Lu 0.0925, Penalty 0.0681, loss 1.5765
Epoch 8, Batch 185/710, Lx 1.6390, Lu 0.1359, Penalty 0.0767, loss 1.8516
Epoch 8, Batch 186/710, Lx 1.4524, Lu 0.0856, Penalty 0.0393, loss 1.5773
Epoch 8, Batch 187/710, Lx 1.3762, Lu 0.1132, Penalty 0.1138, loss 1.6031
Epoch 8, Batch 188/710, Lx 1.5794, Lu 0.0937, Penalty 0.0603, loss 1.7334
Epoch 8, Batch 189/710, Lx 1.4328, Lu 0.0945, Penalty 0.0695, loss 1.5968
Epoch 8, Batch 190/710, Lx 1.4329, Lu 0.1134, Penalty 0.0216, loss 1.5679
Epoch 8, Batch 191/710, Lx 1.3343, Lu 0.0859, Penalty 0.0910, loss 1.5111
Epoch 8, Batch 192/710, Lx 1.4716, Lu 0.1170, Penalty 0.0589, loss 1.6475
Epoch 8, Batch 193/710, Lx 1.4824, Lu 0.1075, Penalty 0.0461, loss 1.6360
Epoch 8, Batch 194/710, Lx 1.4632, Lu 0.0985, Penalty 0.0589, loss 1.6206
Epoch 8, Batch 195/710, Lx 1.5372, Lu 0.0978, Penalty 0.0941, loss 1.7291
Epoch 8, Batch 196/710, Lx 1.4616, Lu 0.0918, Penalty 0.0690, loss 1.6223
Epoch 8, Batch 197/710, Lx 1.6524, Lu 0.1187, Penalty 0.0598, loss 1.8309
Epoch 8, Batch 198/710, Lx 1.5541, Lu 0.0835, Penalty 0.0596, loss 1.6972
Epoch 8, Batch 199/710, Lx 1.4645, Lu 0.1306, Penalty 0.0517, loss 1.6469
Epoch 8, Batch 200/710, Lx 1.5129, Lu 0.0845, Penalty 0.0547, loss 1.6521
Epoch 8, Batch 201/710, Lx 1.7188, Lu 0.1661, Penalty 0.0466, loss 1.9315
Epoch 8, Batch 202/710, Lx 1.6043, Lu 0.0979, Penalty 0.1208, loss 1.8231
Epoch 8, Batch 203/710, Lx 1.4479, Lu 0.0861, Penalty 0.0668, loss 1.6008
Epoch 8, Batch 204/710, Lx 1.8022, Lu 0.0937, Penalty 0.1034, loss 1.9993
Epoch 8, Batch 205/710, Lx 1.1801, Lu 0.1112, Penalty 0.0838, loss 1.3751
Epoch 8, Batch 206/710, Lx 1.5819, Lu 0.0891, Penalty 0.0282, loss 1.6991
Epoch 8, Batch 207/710, Lx 1.5667, Lu 0.0982, Penalty 0.0424, loss 1.7072
Epoch 8, Batch 208/710, Lx 1.4631, Lu 0.0726, Penalty 0.0732, loss 1.6089
Epoch 8, Batch 209/710, Lx 1.5732, Lu 0.1163, Penalty 0.0688, loss 1.7583
Epoch 8, Batch 210/710, Lx 1.5443, Lu 0.0907, Penalty 0.0791, loss 1.7142
Epoch 8, Batch 211/710, Lx 1.2893, Lu 0.0720, Penalty 0.0432, loss 1.4045
Epoch 8, Batch 212/710, Lx 1.3224, Lu 0.0900, Penalty 0.0554, loss 1.4678
Epoch 8, Batch 213/710, Lx 1.6534, Lu 0.1142, Penalty 0.0267, loss 1.7942
Epoch 8, Batch 214/710, Lx 1.7311, Lu 0.1290, Penalty 0.0491, loss 1.9091
Epoch 8, Batch 215/710, Lx 1.3246, Lu 0.0810, Penalty 0.0855, loss 1.4911
Epoch 8, Batch 216/710, Lx 1.6316, Lu 0.1274, Penalty 0.0929, loss 1.8519
Epoch 8, Batch 217/710, Lx 1.5544, Lu 0.1042, Penalty 0.0442, loss 1.7027
Epoch 8, Batch 218/710, Lx 1.4496, Lu 0.0951, Penalty 0.0486, loss 1.5934
Epoch 8, Batch 219/710, Lx 1.5041, Lu 0.0930, Penalty 0.0297, loss 1.6268
Epoch 8, Batch 220/710, Lx 1.4118, Lu 0.1021, Penalty 0.0263, loss 1.5402
Epoch 8, Batch 221/710, Lx 1.6869, Lu 0.1022, Penalty 0.0536, loss 1.8426
Epoch 8, Batch 222/710, Lx 1.4417, Lu 0.0793, Penalty 0.0537, loss 1.5747
Epoch 8, Batch 223/710, Lx 1.2422, Lu 0.0803, Penalty 0.0764, loss 1.3988
Epoch 8, Batch 224/710, Lx 1.5836, Lu 0.1370, Penalty 0.0827, loss 1.8033
Epoch 8, Batch 225/710, Lx 1.5441, Lu 0.1085, Penalty 0.0473, loss 1.6999
Epoch 8, Batch 226/710, Lx 1.6007, Lu 0.1062, Penalty 0.0374, loss 1.7443
Epoch 8, Batch 227/710, Lx 1.4807, Lu 0.0876, Penalty 0.0237, loss 1.5919
Epoch 8, Batch 228/710, Lx 1.5494, Lu 0.0793, Penalty 0.0798, loss 1.7086
Epoch 8, Batch 229/710, Lx 1.7519, Lu 0.1244, Penalty 0.0410, loss 1.9173
Epoch 8, Batch 230/710, Lx 1.7358, Lu 0.1466, Penalty 0.0551, loss 1.9376
Epoch 8, Batch 231/710, Lx 1.5752, Lu 0.0921, Penalty 0.0851, loss 1.7524
Epoch 8, Batch 232/710, Lx 1.4627, Lu 0.0651, Penalty 0.0788, loss 1.6066
Epoch 8, Batch 233/710, Lx 1.3312, Lu 0.0844, Penalty 0.0732, loss 1.4888
Epoch 8, Batch 234/710, Lx 1.4720, Lu 0.0800, Penalty 0.0710, loss 1.6230
Epoch 8, Batch 235/710, Lx 1.5391, Lu 0.0898, Penalty 0.0458, loss 1.6747
Epoch 8, Batch 236/710, Lx 1.5130, Lu 0.0985, Penalty 0.0442, loss 1.6556
Epoch 8, Batch 237/710, Lx 1.4676, Lu 0.0840, Penalty 0.0351, loss 1.5867
Epoch 8, Batch 238/710, Lx 1.6365, Lu 0.1118, Penalty 0.0429, loss 1.7913
Epoch 8, Batch 239/710, Lx 1.5048, Lu 0.0820, Penalty 0.0830, loss 1.6698
Epoch 8, Batch 240/710, Lx 1.4125, Lu 0.0824, Penalty 0.0797, loss 1.5746
Epoch 8, Batch 241/710, Lx 1.6565, Lu 0.1443, Penalty 0.0405, loss 1.8413
Epoch 8, Batch 242/710, Lx 1.4997, Lu 0.1010, Penalty 0.0412, loss 1.6419
Epoch 8, Batch 243/710, Lx 1.5187, Lu 0.1256, Penalty 0.0480, loss 1.6922
Epoch 8, Batch 244/710, Lx 1.4517, Lu 0.1029, Penalty 0.0303, loss 1.5849
Epoch 8, Batch 245/710, Lx 1.4738, Lu 0.0982, Penalty 0.0538, loss 1.6258
Epoch 8, Batch 246/710, Lx 1.5017, Lu 0.1024, Penalty 0.0469, loss 1.6509
Epoch 8, Batch 247/710, Lx 1.3514, Lu 0.1010, Penalty 0.0456, loss 1.4979
Epoch 8, Batch 248/710, Lx 1.6801, Lu 0.0945, Penalty 0.0468, loss 1.8214
Epoch 8, Batch 249/710, Lx 1.2717, Lu 0.0737, Penalty 0.0884, loss 1.4337
Epoch 8, Batch 250/710, Lx 1.4693, Lu 0.0588, Penalty 0.0579, loss 1.5861
Epoch 8, Batch 251/710, Lx 1.6571, Lu 0.1105, Penalty 0.0649, loss 1.8325
Epoch 8, Batch 252/710, Lx 1.4852, Lu 0.1104, Penalty 0.0891, loss 1.6848
Epoch 8, Batch 253/710, Lx 1.5415, Lu 0.0983, Penalty 0.0574, loss 1.6973
Epoch 8, Batch 254/710, Lx 1.3260, Lu 0.0809, Penalty 0.0871, loss 1.4940
Epoch 8, Batch 255/710, Lx 1.4515, Lu 0.1015, Penalty 0.0983, loss 1.6514
Epoch 8, Batch 256/710, Lx 1.5282, Lu 0.0816, Penalty 0.0625, loss 1.6723
Epoch 8, Batch 257/710, Lx 1.6515, Lu 0.1018, Penalty 0.0468, loss 1.8001
Epoch 8, Batch 258/710, Lx 1.6123, Lu 0.1108, Penalty 0.0563, loss 1.7794
Epoch 8, Batch 259/710, Lx 1.5567, Lu 0.0830, Penalty 0.0669, loss 1.7066
Epoch 8, Batch 260/710, Lx 1.5173, Lu 0.1084, Penalty 0.0455, loss 1.6711
Epoch 8, Batch 261/710, Lx 1.5489, Lu 0.1255, Penalty 0.0172, loss 1.6916
Epoch 8, Batch 262/710, Lx 1.4443, Lu 0.0831, Penalty 0.0774, loss 1.6049
Epoch 8, Batch 263/710, Lx 1.6292, Lu 0.1041, Penalty 0.0740, loss 1.8073
Epoch 8, Batch 264/710, Lx 1.3949, Lu 0.0935, Penalty 0.0570, loss 1.5454
Epoch 8, Batch 265/710, Lx 1.7326, Lu 0.1038, Penalty 0.0210, loss 1.8574
Epoch 8, Batch 266/710, Lx 1.5607, Lu 0.0998, Penalty 0.0553, loss 1.7158
Epoch 8, Batch 267/710, Lx 1.6411, Lu 0.1255, Penalty 0.0504, loss 1.8171
Epoch 8, Batch 268/710, Lx 1.5288, Lu 0.0882, Penalty 0.0253, loss 1.6423
Epoch 8, Batch 269/710, Lx 1.4255, Lu 0.0870, Penalty 0.0963, loss 1.6089
Epoch 8, Batch 270/710, Lx 1.3701, Lu 0.0960, Penalty 0.1284, loss 1.5945
Epoch 8, Batch 271/710, Lx 1.2930, Lu 0.0752, Penalty 0.0621, loss 1.4303
Epoch 8, Batch 272/710, Lx 1.3493, Lu 0.0784, Penalty 0.0940, loss 1.5217
Epoch 8, Batch 273/710, Lx 1.4302, Lu 0.0914, Penalty 0.0678, loss 1.5894
Epoch 8, Batch 274/710, Lx 1.3346, Lu 0.0730, Penalty 0.0545, loss 1.4621
Epoch 8, Batch 275/710, Lx 1.6181, Lu 0.0877, Penalty 0.0377, loss 1.7435
Epoch 8, Batch 276/710, Lx 1.6151, Lu 0.0977, Penalty 0.0520, loss 1.7649
Epoch 8, Batch 277/710, Lx 1.4669, Lu 0.0878, Penalty 0.0818, loss 1.6366
Epoch 8, Batch 278/710, Lx 1.4935, Lu 0.1189, Penalty 0.0705, loss 1.6829
Epoch 8, Batch 279/710, Lx 1.4221, Lu 0.1111, Penalty 0.0613, loss 1.5945
Epoch 8, Batch 280/710, Lx 1.5449, Lu 0.1123, Penalty 0.0397, loss 1.6970
Epoch 8, Batch 281/710, Lx 1.4825, Lu 0.1077, Penalty 0.0780, loss 1.6682
Epoch 8, Batch 282/710, Lx 1.6139, Lu 0.1071, Penalty 0.0611, loss 1.7821
Epoch 8, Batch 283/710, Lx 1.2479, Lu 0.0983, Penalty 0.0912, loss 1.4374
Epoch 8, Batch 284/710, Lx 1.1015, Lu 0.0820, Penalty 0.0817, loss 1.2651
Epoch 8, Batch 285/710, Lx 1.4421, Lu 0.1062, Penalty 0.1180, loss 1.6663
Epoch 8, Batch 286/710, Lx 1.5272, Lu 0.0950, Penalty 0.0467, loss 1.6689
Epoch 8, Batch 287/710, Lx 1.4782, Lu 0.0912, Penalty 0.0885, loss 1.6579
Epoch 8, Batch 288/710, Lx 1.6757, Lu 0.0902, Penalty 0.0327, loss 1.7986
Epoch 8, Batch 289/710, Lx 1.4915, Lu 0.1286, Penalty 0.0976, loss 1.7177
Epoch 8, Batch 290/710, Lx 1.4531, Lu 0.0703, Penalty 0.0541, loss 1.5776
Epoch 8, Batch 291/710, Lx 1.5205, Lu 0.0982, Penalty 0.0951, loss 1.7138
Epoch 8, Batch 292/710, Lx 1.6025, Lu 0.0970, Penalty 0.0593, loss 1.7587
Epoch 8, Batch 293/710, Lx 1.4920, Lu 0.0852, Penalty 0.1092, loss 1.6864
Epoch 8, Batch 294/710, Lx 1.4291, Lu 0.0781, Penalty 0.0705, loss 1.5777
Epoch 8, Batch 295/710, Lx 1.5490, Lu 0.1013, Penalty 0.1034, loss 1.7537
Epoch 8, Batch 296/710, Lx 1.4744, Lu 0.1117, Penalty 0.0481, loss 1.6342
Epoch 8, Batch 297/710, Lx 1.5110, Lu 0.0857, Penalty 0.0642, loss 1.6609
Epoch 8, Batch 298/710, Lx 1.6264, Lu 0.1057, Penalty 0.0322, loss 1.7643
Epoch 8, Batch 299/710, Lx 1.5149, Lu 0.1225, Penalty 0.0257, loss 1.6631
Epoch 8, Batch 300/710, Lx 1.4566, Lu 0.1110, Penalty 0.0568, loss 1.6244
Epoch 8, Batch 301/710, Lx 1.4809, Lu 0.0792, Penalty 0.0450, loss 1.6052
Epoch 8, Batch 302/710, Lx 1.7020, Lu 0.0911, Penalty 0.0703, loss 1.8634
Epoch 8, Batch 303/710, Lx 1.4879, Lu 0.1297, Penalty 0.0682, loss 1.6858
Epoch 8, Batch 304/710, Lx 1.4056, Lu 0.1140, Penalty 0.0741, loss 1.5937
Epoch 8, Batch 305/710, Lx 1.4865, Lu 0.0714, Penalty 0.0920, loss 1.6499
Epoch 8, Batch 306/710, Lx 1.5156, Lu 0.1079, Penalty 0.0865, loss 1.7100
Epoch 8, Batch 307/710, Lx 1.6764, Lu 0.1041, Penalty 0.0403, loss 1.8208
Epoch 8, Batch 308/710, Lx 1.7115, Lu 0.1357, Penalty 0.1232, loss 1.9703
Epoch 8, Batch 309/710, Lx 1.7905, Lu 0.1809, Penalty 0.0382, loss 2.0096
Epoch 8, Batch 310/710, Lx 1.5298, Lu 0.0880, Penalty 0.0264, loss 1.6442
Epoch 8, Batch 311/710, Lx 1.4523, Lu 0.0683, Penalty 0.1021, loss 1.6228
Epoch 8, Batch 312/710, Lx 1.3004, Lu 0.0592, Penalty 0.0825, loss 1.4421
Epoch 8, Batch 313/710, Lx 1.4783, Lu 0.1055, Penalty 0.1106, loss 1.6944
Epoch 8, Batch 314/710, Lx 1.5186, Lu 0.0899, Penalty 0.0381, loss 1.6467
Epoch 8, Batch 315/710, Lx 1.5351, Lu 0.1070, Penalty 0.0641, loss 1.7062
Epoch 8, Batch 316/710, Lx 1.7107, Lu 0.1269, Penalty 0.0938, loss 1.9313
Epoch 8, Batch 317/710, Lx 1.5337, Lu 0.1118, Penalty 0.0640, loss 1.7095
Epoch 8, Batch 318/710, Lx 1.4432, Lu 0.1034, Penalty 0.0669, loss 1.6135
Epoch 8, Batch 319/710, Lx 1.5394, Lu 0.0883, Penalty 0.0683, loss 1.6959
Epoch 8, Batch 320/710, Lx 1.4371, Lu 0.0973, Penalty 0.0128, loss 1.5473
Epoch 8, Batch 321/710, Lx 1.3885, Lu 0.0961, Penalty 0.0449, loss 1.5295
Epoch 8, Batch 322/710, Lx 1.4396, Lu 0.1103, Penalty 0.0319, loss 1.5818
Epoch 8, Batch 323/710, Lx 1.5888, Lu 0.1396, Penalty 0.0248, loss 1.7532
Epoch 8, Batch 324/710, Lx 1.4916, Lu 0.1529, Penalty 0.0433, loss 1.6879
Epoch 8, Batch 325/710, Lx 1.3817, Lu 0.0927, Penalty 0.0608, loss 1.5352
Epoch 8, Batch 326/710, Lx 1.4452, Lu 0.0816, Penalty 0.0564, loss 1.5832
Epoch 8, Batch 327/710, Lx 1.4671, Lu 0.0921, Penalty 0.0600, loss 1.6191
Epoch 8, Batch 328/710, Lx 1.3727, Lu 0.0908, Penalty 0.0826, loss 1.5462
Epoch 8, Batch 329/710, Lx 1.6275, Lu 0.1158, Penalty 0.0348, loss 1.7781
Epoch 8, Batch 330/710, Lx 1.3783, Lu 0.0987, Penalty 0.0797, loss 1.5567
Epoch 8, Batch 331/710, Lx 1.3757, Lu 0.0986, Penalty 0.0649, loss 1.5392
Epoch 8, Batch 332/710, Lx 1.6638, Lu 0.1266, Penalty 0.0773, loss 1.8678
Epoch 8, Batch 333/710, Lx 1.5946, Lu 0.1257, Penalty 0.0966, loss 1.8169
Epoch 8, Batch 334/710, Lx 1.5263, Lu 0.0941, Penalty 0.0692, loss 1.6896
Epoch 8, Batch 335/710, Lx 1.4661, Lu 0.0978, Penalty 0.0686, loss 1.6325
Epoch 8, Batch 336/710, Lx 1.6241, Lu 0.1063, Penalty 0.0629, loss 1.7933
Epoch 8, Batch 337/710, Lx 1.6179, Lu 0.1379, Penalty 0.0626, loss 1.8184
Epoch 8, Batch 338/710, Lx 1.5099, Lu 0.0995, Penalty 0.0521, loss 1.6616
Epoch 8, Batch 339/710, Lx 1.5433, Lu 0.0846, Penalty 0.0621, loss 1.6900
Epoch 8, Batch 340/710, Lx 1.5278, Lu 0.1020, Penalty 0.0418, loss 1.6715
Epoch 8, Batch 341/710, Lx 1.2289, Lu 0.0900, Penalty 0.1225, loss 1.4414
Epoch 8, Batch 342/710, Lx 1.5972, Lu 0.0956, Penalty 0.1194, loss 1.8121
Epoch 8, Batch 343/710, Lx 1.4648, Lu 0.0887, Penalty 0.0685, loss 1.6220
Epoch 8, Batch 344/710, Lx 1.4539, Lu 0.0915, Penalty 0.0910, loss 1.6364
Epoch 8, Batch 345/710, Lx 1.3526, Lu 0.0870, Penalty 0.0773, loss 1.5169
Epoch 8, Batch 346/710, Lx 1.5160, Lu 0.0918, Penalty 0.0587, loss 1.6664
Epoch 8, Batch 347/710, Lx 1.5192, Lu 0.0793, Penalty 0.0545, loss 1.6530
Epoch 8, Batch 348/710, Lx 1.3703, Lu 0.0867, Penalty 0.0776, loss 1.5346
Epoch 8, Batch 349/710, Lx 1.3605, Lu 0.0972, Penalty 0.1020, loss 1.5597
Epoch 8, Batch 350/710, Lx 1.5406, Lu 0.1267, Penalty 0.0540, loss 1.7212
Epoch 8, Batch 351/710, Lx 1.4870, Lu 0.0943, Penalty 0.0833, loss 1.6646
Epoch 8, Batch 352/710, Lx 1.4737, Lu 0.1066, Penalty 0.0670, loss 1.6472
Epoch 8, Batch 353/710, Lx 1.5481, Lu 0.1076, Penalty 0.1036, loss 1.7593
Epoch 8, Batch 354/710, Lx 1.8015, Lu 0.1580, Penalty 0.0381, loss 1.9976
Epoch 8, Batch 355/710, Lx 1.5883, Lu 0.1074, Penalty 0.0206, loss 1.7163
Epoch 8, Batch 356/710, Lx 1.5221, Lu 0.1024, Penalty 0.0268, loss 1.6513
Epoch 8, Batch 357/710, Lx 1.4185, Lu 0.0919, Penalty 0.0882, loss 1.5986
Epoch 8, Batch 358/710, Lx 1.5650, Lu 0.1114, Penalty 0.0340, loss 1.7103
Epoch 8, Batch 359/710, Lx 1.6312, Lu 0.0989, Penalty 0.0280, loss 1.7580
Epoch 8, Batch 360/710, Lx 1.5538, Lu 0.1002, Penalty 0.0333, loss 1.6873
Epoch 8, Batch 361/710, Lx 1.6191, Lu 0.1144, Penalty 0.0602, loss 1.7937
Epoch 8, Batch 362/710, Lx 1.3567, Lu 0.0883, Penalty 0.0848, loss 1.5298
Epoch 8, Batch 363/710, Lx 1.4526, Lu 0.1207, Penalty 0.0577, loss 1.6311
Epoch 8, Batch 364/710, Lx 1.3722, Lu 0.0725, Penalty 0.0884, loss 1.5331
Epoch 8, Batch 365/710, Lx 1.6252, Lu 0.1004, Penalty 0.0703, loss 1.7960
Epoch 8, Batch 366/710, Lx 1.5789, Lu 0.1021, Penalty 0.0934, loss 1.7743
Epoch 8, Batch 367/710, Lx 1.7516, Lu 0.1223, Penalty 0.0773, loss 1.9512
Epoch 8, Batch 368/710, Lx 1.4541, Lu 0.0783, Penalty 0.0842, loss 1.6166
Epoch 8, Batch 369/710, Lx 1.4562, Lu 0.0873, Penalty 0.0568, loss 1.6003
Epoch 8, Batch 370/710, Lx 1.7861, Lu 0.1168, Penalty 0.1025, loss 2.0054
Epoch 8, Batch 371/710, Lx 1.5051, Lu 0.1119, Penalty 0.1117, loss 1.7287
Epoch 8, Batch 372/710, Lx 1.5421, Lu 0.0905, Penalty 0.0949, loss 1.7275
Epoch 8, Batch 373/710, Lx 1.4427, Lu 0.0840, Penalty 0.1013, loss 1.6280
Epoch 8, Batch 374/710, Lx 1.4460, Lu 0.0800, Penalty 0.0424, loss 1.5684
Epoch 8, Batch 375/710, Lx 1.3243, Lu 0.0914, Penalty 0.0809, loss 1.4966
Epoch 8, Batch 376/710, Lx 1.5076, Lu 0.1084, Penalty 0.0803, loss 1.6963
Epoch 8, Batch 377/710, Lx 1.4059, Lu 0.0774, Penalty 0.0240, loss 1.5073
Epoch 8, Batch 378/710, Lx 1.5851, Lu 0.1106, Penalty 0.0607, loss 1.7564
Epoch 8, Batch 379/710, Lx 1.5508, Lu 0.1089, Penalty 0.0637, loss 1.7234
Epoch 8, Batch 380/710, Lx 1.5920, Lu 0.0954, Penalty 0.0681, loss 1.7556
Epoch 8, Batch 381/710, Lx 1.8054, Lu 0.1524, Penalty 0.0274, loss 1.9852
Epoch 8, Batch 382/710, Lx 1.3340, Lu 0.1035, Penalty 0.0354, loss 1.4729
Epoch 8, Batch 383/710, Lx 1.7090, Lu 0.1162, Penalty 0.0402, loss 1.8654
Epoch 8, Batch 384/710, Lx 1.3253, Lu 0.1134, Penalty 0.0543, loss 1.4930
Epoch 8, Batch 385/710, Lx 1.5055, Lu 0.1066, Penalty 0.0555, loss 1.6677
Epoch 8, Batch 386/710, Lx 1.3790, Lu 0.1021, Penalty 0.0564, loss 1.5375
Epoch 8, Batch 387/710, Lx 1.6185, Lu 0.1104, Penalty 0.0254, loss 1.7543
Epoch 8, Batch 388/710, Lx 1.4818, Lu 0.0943, Penalty 0.0292, loss 1.6052
Epoch 8, Batch 389/710, Lx 1.5786, Lu 0.1272, Penalty 0.0624, loss 1.7682
Epoch 8, Batch 390/710, Lx 1.4261, Lu 0.0889, Penalty 0.0996, loss 1.6146
Epoch 8, Batch 391/710, Lx 1.3244, Lu 0.0904, Penalty 0.0666, loss 1.4814
Epoch 8, Batch 392/710, Lx 1.5017, Lu 0.0790, Penalty 0.0868, loss 1.6675
Epoch 8, Batch 393/710, Lx 1.5105, Lu 0.1046, Penalty 0.0435, loss 1.6586
Epoch 8, Batch 394/710, Lx 1.4800, Lu 0.1045, Penalty 0.0983, loss 1.6828
Epoch 8, Batch 395/710, Lx 1.6810, Lu 0.1177, Penalty 0.0742, loss 1.8729
Epoch 8, Batch 396/710, Lx 1.5107, Lu 0.0902, Penalty 0.0747, loss 1.6756
Epoch 8, Batch 397/710, Lx 1.5956, Lu 0.1313, Penalty 0.0562, loss 1.7831
Epoch 8, Batch 398/710, Lx 1.4560, Lu 0.0912, Penalty 0.1008, loss 1.6480
Epoch 8, Batch 399/710, Lx 1.5804, Lu 0.1347, Penalty 0.0408, loss 1.7559
Epoch 8, Batch 400/710, Lx 1.5394, Lu 0.1185, Penalty 0.0633, loss 1.7212
Epoch 8, Batch 401/710, Lx 1.4876, Lu 0.0955, Penalty 0.0805, loss 1.6636
Epoch 8, Batch 402/710, Lx 1.8449, Lu 0.1265, Penalty 0.0734, loss 2.0449
Epoch 8, Batch 403/710, Lx 1.6874, Lu 0.1253, Penalty 0.0821, loss 1.8949
Epoch 8, Batch 404/710, Lx 1.4315, Lu 0.0893, Penalty 0.1404, loss 1.6612
Epoch 8, Batch 405/710, Lx 1.4059, Lu 0.0819, Penalty 0.1135, loss 1.6013
Epoch 8, Batch 406/710, Lx 1.5916, Lu 0.1068, Penalty 0.0891, loss 1.7875
Epoch 8, Batch 407/710, Lx 1.6278, Lu 0.1014, Penalty 0.0458, loss 1.7751
Epoch 8, Batch 408/710, Lx 1.4181, Lu 0.0832, Penalty 0.0369, loss 1.5382
Epoch 8, Batch 409/710, Lx 1.5355, Lu 0.1027, Penalty 0.0478, loss 1.6860
Epoch 8, Batch 410/710, Lx 1.6188, Lu 0.1139, Penalty 0.0725, loss 1.8052
Epoch 8, Batch 411/710, Lx 1.5824, Lu 0.0933, Penalty 0.0411, loss 1.7168
Epoch 8, Batch 412/710, Lx 1.5630, Lu 0.1041, Penalty 0.0471, loss 1.7142
Epoch 8, Batch 413/710, Lx 1.4722, Lu 0.0853, Penalty 0.0671, loss 1.6247
Epoch 8, Batch 414/710, Lx 1.4992, Lu 0.0952, Penalty 0.0478, loss 1.6421
Epoch 8, Batch 415/710, Lx 1.2569, Lu 0.0874, Penalty 0.0588, loss 1.4031
Epoch 8, Batch 416/710, Lx 1.5346, Lu 0.1113, Penalty 0.0504, loss 1.6963
Epoch 8, Batch 417/710, Lx 1.4768, Lu 0.0873, Penalty 0.0583, loss 1.6224
Epoch 8, Batch 418/710, Lx 1.5932, Lu 0.1120, Penalty 0.0376, loss 1.7429
Epoch 8, Batch 419/710, Lx 1.4881, Lu 0.1193, Penalty 0.1064, loss 1.7139
Epoch 8, Batch 420/710, Lx 1.5208, Lu 0.0825, Penalty 0.0545, loss 1.6578
Epoch 8, Batch 421/710, Lx 1.3649, Lu 0.1172, Penalty 0.0986, loss 1.5808
Epoch 8, Batch 422/710, Lx 1.5855, Lu 0.1088, Penalty 0.0422, loss 1.7366
Epoch 8, Batch 423/710, Lx 1.6538, Lu 0.1226, Penalty 0.0741, loss 1.8506
Epoch 8, Batch 424/710, Lx 1.5882, Lu 0.0974, Penalty 0.0728, loss 1.7585
Epoch 8, Batch 425/710, Lx 1.5323, Lu 0.0886, Penalty 0.1110, loss 1.7318
Epoch 8, Batch 426/710, Lx 1.6333, Lu 0.1136, Penalty 0.0599, loss 1.8068
Epoch 8, Batch 427/710, Lx 1.3248, Lu 0.0797, Penalty 0.0681, loss 1.4727
Epoch 8, Batch 428/710, Lx 1.6398, Lu 0.1218, Penalty 0.0746, loss 1.8363
Epoch 8, Batch 429/710, Lx 1.6554, Lu 0.1264, Penalty 0.0471, loss 1.8289
Epoch 8, Batch 430/710, Lx 1.5338, Lu 0.1116, Penalty 0.0697, loss 1.7151
Epoch 8, Batch 431/710, Lx 1.3144, Lu 0.1068, Penalty 0.0559, loss 1.4771
Epoch 8, Batch 432/710, Lx 1.5820, Lu 0.0826, Penalty 0.0568, loss 1.7214
Epoch 8, Batch 433/710, Lx 1.1719, Lu 0.0753, Penalty 0.0472, loss 1.2945
Epoch 8, Batch 434/710, Lx 1.3970, Lu 0.0923, Penalty 0.0732, loss 1.5626
Epoch 8, Batch 435/710, Lx 1.4322, Lu 0.1114, Penalty 0.0560, loss 1.5996
Epoch 8, Batch 436/710, Lx 1.4490, Lu 0.1099, Penalty 0.0538, loss 1.6127
Epoch 8, Batch 437/710, Lx 1.2687, Lu 0.0655, Penalty 0.0775, loss 1.4116
Epoch 8, Batch 438/710, Lx 1.5511, Lu 0.1474, Penalty 0.0810, loss 1.7794
Epoch 8, Batch 439/710, Lx 1.4380, Lu 0.1155, Penalty 0.0775, loss 1.6310
Epoch 8, Batch 440/710, Lx 1.4388, Lu 0.0905, Penalty 0.0583, loss 1.5876
Epoch 8, Batch 441/710, Lx 1.5084, Lu 0.0979, Penalty 0.0677, loss 1.6740
Epoch 8, Batch 442/710, Lx 1.3658, Lu 0.0645, Penalty 0.0876, loss 1.5179
Epoch 8, Batch 443/710, Lx 1.4296, Lu 0.1134, Penalty 0.0648, loss 1.6077
Epoch 8, Batch 444/710, Lx 1.5255, Lu 0.0995, Penalty 0.0718, loss 1.6968
Epoch 8, Batch 445/710, Lx 1.5480, Lu 0.1274, Penalty 0.1004, loss 1.7757
Epoch 8, Batch 446/710, Lx 1.4868, Lu 0.0932, Penalty 0.0780, loss 1.6580
Epoch 8, Batch 447/710, Lx 1.4489, Lu 0.0839, Penalty 0.0827, loss 1.6156
Epoch 8, Batch 448/710, Lx 1.3670, Lu 0.1009, Penalty 0.0832, loss 1.5511
Epoch 8, Batch 449/710, Lx 1.5042, Lu 0.0885, Penalty 0.0517, loss 1.6444
Epoch 8, Batch 450/710, Lx 1.4086, Lu 0.0941, Penalty 0.0389, loss 1.5416
Epoch 8, Batch 451/710, Lx 1.4217, Lu 0.0989, Penalty 0.0711, loss 1.5916
Epoch 8, Batch 452/710, Lx 1.4964, Lu 0.1080, Penalty 0.1904, loss 1.7949
Epoch 8, Batch 453/710, Lx 1.5689, Lu 0.1069, Penalty 0.0685, loss 1.7443
Epoch 8, Batch 454/710, Lx 1.4988, Lu 0.1062, Penalty 0.0474, loss 1.6523
Epoch 8, Batch 455/710, Lx 1.4592, Lu 0.1221, Penalty 0.0751, loss 1.6564
Epoch 8, Batch 456/710, Lx 1.4726, Lu 0.1130, Penalty 0.0630, loss 1.6487
Epoch 8, Batch 457/710, Lx 1.4258, Lu 0.0904, Penalty 0.0825, loss 1.5986
Epoch 8, Batch 458/710, Lx 1.3971, Lu 0.0934, Penalty 0.0167, loss 1.5072
Epoch 8, Batch 459/710, Lx 1.4823, Lu 0.1059, Penalty 0.0668, loss 1.6550
Epoch 8, Batch 460/710, Lx 1.5296, Lu 0.0875, Penalty 0.0617, loss 1.6789
Epoch 8, Batch 461/710, Lx 1.4531, Lu 0.1044, Penalty 0.1139, loss 1.6714
Epoch 8, Batch 462/710, Lx 1.4342, Lu 0.1125, Penalty 0.0627, loss 1.6094
Epoch 8, Batch 463/710, Lx 1.2872, Lu 0.0847, Penalty 0.0645, loss 1.4363
Epoch 8, Batch 464/710, Lx 1.5179, Lu 0.1215, Penalty 0.0628, loss 1.7022
Epoch 8, Batch 465/710, Lx 1.6183, Lu 0.1248, Penalty 0.0636, loss 1.8066
Epoch 8, Batch 466/710, Lx 1.0546, Lu 0.0735, Penalty 0.0627, loss 1.1908
Epoch 8, Batch 467/710, Lx 1.6172, Lu 0.1075, Penalty 0.0935, loss 1.8182
Epoch 8, Batch 468/710, Lx 1.5106, Lu 0.1176, Penalty 0.0638, loss 1.6919
Epoch 8, Batch 469/710, Lx 1.5883, Lu 0.1187, Penalty 0.0328, loss 1.7399
Epoch 8, Batch 470/710, Lx 1.5614, Lu 0.1210, Penalty 0.0432, loss 1.7256
Epoch 8, Batch 471/710, Lx 1.1058, Lu 0.0726, Penalty 0.1221, loss 1.3005
Epoch 8, Batch 472/710, Lx 1.4924, Lu 0.1284, Penalty 0.0579, loss 1.6787
Epoch 8, Batch 473/710, Lx 1.5713, Lu 0.0919, Penalty 0.1039, loss 1.7670
Epoch 8, Batch 474/710, Lx 1.5259, Lu 0.1110, Penalty 0.0087, loss 1.6456
Epoch 8, Batch 475/710, Lx 1.5193, Lu 0.1215, Penalty 0.0628, loss 1.7036
Epoch 8, Batch 476/710, Lx 1.5224, Lu 0.0905, Penalty 0.0241, loss 1.6370
Epoch 8, Batch 477/710, Lx 1.6178, Lu 0.0911, Penalty 0.0871, loss 1.7959
Epoch 8, Batch 478/710, Lx 1.7438, Lu 0.1231, Penalty 0.0909, loss 1.9578
Epoch 8, Batch 479/710, Lx 1.5013, Lu 0.1003, Penalty 0.0388, loss 1.6404
Epoch 8, Batch 480/710, Lx 1.1917, Lu 0.0865, Penalty 0.1257, loss 1.4038
Epoch 8, Batch 481/710, Lx 1.5273, Lu 0.0925, Penalty 0.0633, loss 1.6831
Epoch 8, Batch 482/710, Lx 1.2230, Lu 0.0853, Penalty 0.0574, loss 1.3657
Epoch 8, Batch 483/710, Lx 1.5598, Lu 0.0735, Penalty 0.0954, loss 1.7287
Epoch 8, Batch 484/710, Lx 1.2918, Lu 0.1146, Penalty 0.0779, loss 1.4844
Epoch 8, Batch 485/710, Lx 1.5083, Lu 0.0691, Penalty 0.0567, loss 1.6341
Epoch 8, Batch 486/710, Lx 1.5770, Lu 0.1280, Penalty 0.0977, loss 1.8028
Epoch 8, Batch 487/710, Lx 1.5885, Lu 0.1290, Penalty 0.0877, loss 1.8051
Epoch 8, Batch 488/710, Lx 1.4071, Lu 0.0876, Penalty 0.1202, loss 1.6149
Epoch 8, Batch 489/710, Lx 1.4926, Lu 0.1036, Penalty 0.0327, loss 1.6289
Epoch 8, Batch 490/710, Lx 1.5480, Lu 0.1092, Penalty 0.0844, loss 1.7416
Epoch 8, Batch 491/710, Lx 1.6769, Lu 0.1003, Penalty 0.0339, loss 1.8111
Epoch 8, Batch 492/710, Lx 1.4545, Lu 0.0833, Penalty 0.0792, loss 1.6169
Epoch 8, Batch 493/710, Lx 1.4929, Lu 0.0684, Penalty 0.0805, loss 1.6418
Epoch 8, Batch 494/710, Lx 1.4360, Lu 0.1055, Penalty 0.0838, loss 1.6252
Epoch 8, Batch 495/710, Lx 1.4087, Lu 0.1182, Penalty 0.0594, loss 1.5863
Epoch 8, Batch 496/710, Lx 1.4482, Lu 0.0872, Penalty 0.1161, loss 1.6514
Epoch 8, Batch 497/710, Lx 1.3781, Lu 0.0795, Penalty 0.0854, loss 1.5430
Epoch 8, Batch 498/710, Lx 1.4620, Lu 0.0941, Penalty 0.0537, loss 1.6098
Epoch 8, Batch 499/710, Lx 1.4271, Lu 0.0971, Penalty 0.0314, loss 1.5556
Epoch 8, Batch 500/710, Lx 1.4882, Lu 0.1081, Penalty 0.0921, loss 1.6883
Epoch 8, Batch 501/710, Lx 1.6769, Lu 0.1036, Penalty 0.0759, loss 1.8565
Epoch 8, Batch 502/710, Lx 1.4261, Lu 0.0869, Penalty 0.0468, loss 1.5598
Epoch 8, Batch 503/710, Lx 1.2679, Lu 0.1043, Penalty 0.0752, loss 1.4474
Epoch 8, Batch 504/710, Lx 1.4588, Lu 0.1095, Penalty 0.0587, loss 1.6270
Epoch 8, Batch 505/710, Lx 1.4483, Lu 0.1046, Penalty 0.1069, loss 1.6598
Epoch 8, Batch 506/710, Lx 1.5632, Lu 0.1053, Penalty 0.0373, loss 1.7058
Epoch 8, Batch 507/710, Lx 1.5990, Lu 0.1038, Penalty 0.0344, loss 1.7371
Epoch 8, Batch 508/710, Lx 1.2973, Lu 0.1084, Penalty 0.0568, loss 1.4626
Epoch 8, Batch 509/710, Lx 1.4366, Lu 0.1037, Penalty 0.0793, loss 1.6196
Epoch 8, Batch 510/710, Lx 1.6489, Lu 0.1305, Penalty 0.0442, loss 1.8236
Epoch 8, Batch 511/710, Lx 1.5964, Lu 0.0679, Penalty 0.1465, loss 1.8109
Epoch 8, Batch 512/710, Lx 1.4080, Lu 0.1054, Penalty 0.1525, loss 1.6659
Epoch 8, Batch 513/710, Lx 1.4066, Lu 0.0711, Penalty 0.0693, loss 1.5471
Epoch 8, Batch 514/710, Lx 1.6530, Lu 0.1239, Penalty 0.0724, loss 1.8494
Epoch 8, Batch 515/710, Lx 1.4710, Lu 0.0993, Penalty 0.0733, loss 1.6436
Epoch 8, Batch 516/710, Lx 1.4615, Lu 0.0807, Penalty 0.0540, loss 1.5962
Epoch 8, Batch 517/710, Lx 1.5006, Lu 0.1070, Penalty 0.0722, loss 1.6798
Epoch 8, Batch 518/710, Lx 1.4289, Lu 0.1210, Penalty 0.0727, loss 1.6226
Epoch 8, Batch 519/710, Lx 1.4909, Lu 0.1200, Penalty 0.0331, loss 1.6439
Epoch 8, Batch 520/710, Lx 1.7548, Lu 0.1284, Penalty 0.0715, loss 1.9546
Epoch 8, Batch 521/710, Lx 1.5683, Lu 0.0873, Penalty 0.0643, loss 1.7199
Epoch 8, Batch 522/710, Lx 1.4924, Lu 0.0836, Penalty 0.0558, loss 1.6319
Epoch 8, Batch 523/710, Lx 1.5865, Lu 0.1100, Penalty 0.0406, loss 1.7371
Epoch 8, Batch 524/710, Lx 1.3999, Lu 0.0667, Penalty 0.0741, loss 1.5408
Epoch 8, Batch 525/710, Lx 1.6699, Lu 0.1061, Penalty 0.0523, loss 1.8284
Epoch 8, Batch 526/710, Lx 1.4191, Lu 0.0812, Penalty 0.0612, loss 1.5615
Epoch 8, Batch 527/710, Lx 1.5411, Lu 0.0885, Penalty 0.0573, loss 1.6870
Epoch 8, Batch 528/710, Lx 1.6904, Lu 0.1462, Penalty 0.0669, loss 1.9035
Epoch 8, Batch 529/710, Lx 1.6118, Lu 0.0960, Penalty 0.0516, loss 1.7594
Epoch 8, Batch 530/710, Lx 1.4638, Lu 0.0995, Penalty 0.0678, loss 1.6311
Epoch 8, Batch 531/710, Lx 1.4569, Lu 0.0843, Penalty 0.1180, loss 1.6592
Epoch 8, Batch 532/710, Lx 1.4117, Lu 0.0957, Penalty 0.0769, loss 1.5842
Epoch 8, Batch 533/710, Lx 1.6334, Lu 0.1026, Penalty 0.1737, loss 1.9097
Epoch 8, Batch 534/710, Lx 1.4943, Lu 0.0784, Penalty 0.0787, loss 1.6514
Epoch 8, Batch 535/710, Lx 1.4910, Lu 0.0883, Penalty 0.0645, loss 1.6438
Epoch 8, Batch 536/710, Lx 1.4940, Lu 0.1071, Penalty 0.0663, loss 1.6674
Epoch 8, Batch 537/710, Lx 1.5929, Lu 0.1368, Penalty 0.0741, loss 1.8038
Epoch 8, Batch 538/710, Lx 1.4799, Lu 0.0997, Penalty 0.0583, loss 1.6379
Epoch 8, Batch 539/710, Lx 1.4513, Lu 0.0952, Penalty 0.0453, loss 1.5919
Epoch 8, Batch 540/710, Lx 1.5772, Lu 0.1130, Penalty 0.0294, loss 1.7196
Epoch 8, Batch 541/710, Lx 1.5291, Lu 0.1133, Penalty 0.0317, loss 1.6741
Epoch 8, Batch 542/710, Lx 1.3442, Lu 0.0884, Penalty 0.0707, loss 1.5033
Epoch 8, Batch 543/710, Lx 1.5790, Lu 0.1119, Penalty 0.0285, loss 1.7194
Epoch 8, Batch 544/710, Lx 1.1816, Lu 0.0890, Penalty 0.0774, loss 1.3480
Epoch 8, Batch 545/710, Lx 1.6353, Lu 0.1276, Penalty 0.0533, loss 1.8161
Epoch 8, Batch 546/710, Lx 1.3742, Lu 0.1150, Penalty 0.0960, loss 1.5851
Epoch 8, Batch 547/710, Lx 1.5347, Lu 0.1287, Penalty 0.0518, loss 1.7152
Epoch 8, Batch 548/710, Lx 1.5518, Lu 0.1162, Penalty 0.0187, loss 1.6868
Epoch 8, Batch 549/710, Lx 1.5275, Lu 0.1033, Penalty 0.0383, loss 1.6691
Epoch 8, Batch 550/710, Lx 1.5177, Lu 0.1061, Penalty 0.1130, loss 1.7368
Epoch 8, Batch 551/710, Lx 1.4832, Lu 0.0763, Penalty 0.0845, loss 1.6439
Epoch 8, Batch 552/710, Lx 1.4930, Lu 0.1009, Penalty 0.0345, loss 1.6284
Epoch 8, Batch 553/710, Lx 1.3968, Lu 0.0712, Penalty 0.0666, loss 1.5347
Epoch 8, Batch 554/710, Lx 1.3794, Lu 0.0996, Penalty 0.0648, loss 1.5437
Epoch 8, Batch 555/710, Lx 1.5808, Lu 0.0842, Penalty 0.0448, loss 1.7098
Epoch 8, Batch 556/710, Lx 1.6540, Lu 0.1145, Penalty 0.0614, loss 1.8300
Epoch 8, Batch 557/710, Lx 1.3595, Lu 0.0833, Penalty 0.0961, loss 1.5389
Epoch 8, Batch 558/710, Lx 1.6571, Lu 0.0674, Penalty 0.0924, loss 1.8169
Epoch 8, Batch 559/710, Lx 1.5266, Lu 0.0871, Penalty 0.1258, loss 1.7395
Epoch 8, Batch 560/710, Lx 1.6748, Lu 0.1192, Penalty 0.0860, loss 1.8801
Epoch 8, Batch 561/710, Lx 1.4012, Lu 0.0930, Penalty 0.0765, loss 1.5707
Epoch 8, Batch 562/710, Lx 1.7972, Lu 0.1056, Penalty 0.0762, loss 1.9790
Epoch 8, Batch 563/710, Lx 1.4904, Lu 0.1209, Penalty 0.0414, loss 1.6527
Epoch 8, Batch 564/710, Lx 1.3100, Lu 0.0999, Penalty 0.0540, loss 1.4639
Epoch 8, Batch 565/710, Lx 1.5464, Lu 0.1274, Penalty 0.0509, loss 1.7248
Epoch 8, Batch 566/710, Lx 1.4211, Lu 0.0916, Penalty 0.0386, loss 1.5513
Epoch 8, Batch 567/710, Lx 1.6083, Lu 0.1347, Penalty 0.0235, loss 1.7665
Epoch 8, Batch 568/710, Lx 1.5721, Lu 0.1115, Penalty 0.0296, loss 1.7132
Epoch 8, Batch 569/710, Lx 1.6285, Lu 0.0979, Penalty 0.0273, loss 1.7536
Epoch 8, Batch 570/710, Lx 1.4414, Lu 0.0865, Penalty 0.0394, loss 1.5673
Epoch 8, Batch 571/710, Lx 1.5595, Lu 0.1010, Penalty 0.0449, loss 1.7054
Epoch 8, Batch 572/710, Lx 1.5572, Lu 0.1226, Penalty 0.0489, loss 1.7287
Epoch 8, Batch 573/710, Lx 1.5009, Lu 0.1004, Penalty 0.0423, loss 1.6436
Epoch 8, Batch 574/710, Lx 1.5593, Lu 0.1158, Penalty 0.0636, loss 1.7388
Epoch 8, Batch 575/710, Lx 1.5839, Lu 0.1239, Penalty 0.0717, loss 1.7795
Epoch 8, Batch 576/710, Lx 1.3681, Lu 0.1258, Penalty 0.0158, loss 1.5097
Epoch 8, Batch 577/710, Lx 1.4766, Lu 0.1013, Penalty 0.0970, loss 1.6749
Epoch 8, Batch 578/710, Lx 1.3123, Lu 0.0953, Penalty 0.1030, loss 1.5106
Epoch 8, Batch 579/710, Lx 1.2418, Lu 0.0983, Penalty 0.0411, loss 1.3812
Epoch 8, Batch 580/710, Lx 1.4398, Lu 0.0990, Penalty 0.0728, loss 1.6117
Epoch 8, Batch 581/710, Lx 1.5846, Lu 0.1139, Penalty 0.0581, loss 1.7566
Epoch 8, Batch 582/710, Lx 1.5578, Lu 0.1061, Penalty 0.1097, loss 1.7735
Epoch 8, Batch 583/710, Lx 1.5270, Lu 0.1000, Penalty 0.0220, loss 1.6490
Epoch 8, Batch 584/710, Lx 1.6239, Lu 0.1183, Penalty 0.0699, loss 1.8120
Epoch 8, Batch 585/710, Lx 1.3936, Lu 0.1085, Penalty 0.0228, loss 1.5249
Epoch 8, Batch 586/710, Lx 1.5483, Lu 0.0900, Penalty 0.0378, loss 1.6761
Epoch 8, Batch 587/710, Lx 1.4108, Lu 0.0998, Penalty 0.0605, loss 1.5711
Epoch 8, Batch 588/710, Lx 1.6032, Lu 0.1254, Penalty 0.0581, loss 1.7868
Epoch 8, Batch 589/710, Lx 1.5756, Lu 0.1126, Penalty 0.0577, loss 1.7459
Epoch 8, Batch 590/710, Lx 1.6852, Lu 0.1056, Penalty 0.0286, loss 1.8194
Epoch 8, Batch 591/710, Lx 1.6436, Lu 0.0916, Penalty 0.0340, loss 1.7692
Epoch 8, Batch 592/710, Lx 1.2150, Lu 0.1036, Penalty 0.0961, loss 1.4146
Epoch 8, Batch 593/710, Lx 1.4947, Lu 0.0803, Penalty 0.0955, loss 1.6704
Epoch 8, Batch 594/710, Lx 1.7298, Lu 0.0977, Penalty 0.0333, loss 1.8608
Epoch 8, Batch 595/710, Lx 1.6183, Lu 0.1334, Penalty 0.0692, loss 1.8208
Epoch 8, Batch 596/710, Lx 1.4835, Lu 0.1040, Penalty 0.1650, loss 1.7525
Epoch 8, Batch 597/710, Lx 1.4410, Lu 0.0997, Penalty 0.0749, loss 1.6155
Epoch 8, Batch 598/710, Lx 1.4099, Lu 0.0809, Penalty 0.1040, loss 1.5948
Epoch 8, Batch 599/710, Lx 1.6601, Lu 0.1141, Penalty 0.0700, loss 1.8442
Epoch 8, Batch 600/710, Lx 1.5439, Lu 0.0869, Penalty 0.0454, loss 1.6762
Epoch 8, Batch 601/710, Lx 1.6107, Lu 0.1063, Penalty 0.0837, loss 1.8006
Epoch 8, Batch 602/710, Lx 1.5741, Lu 0.1149, Penalty 0.0819, loss 1.7710
Epoch 8, Batch 603/710, Lx 1.5019, Lu 0.1217, Penalty 0.0971, loss 1.7207
Epoch 8, Batch 604/710, Lx 1.5871, Lu 0.1099, Penalty 0.0326, loss 1.7296
Epoch 8, Batch 605/710, Lx 1.4638, Lu 0.0925, Penalty 0.0622, loss 1.6185
Epoch 8, Batch 606/710, Lx 1.5486, Lu 0.1018, Penalty 0.0435, loss 1.6939
Epoch 8, Batch 607/710, Lx 1.5107, Lu 0.0919, Penalty 0.0742, loss 1.6768
Epoch 8, Batch 608/710, Lx 1.2540, Lu 0.0869, Penalty 0.0653, loss 1.4062
Epoch 8, Batch 609/710, Lx 1.4583, Lu 0.0841, Penalty 0.0716, loss 1.6140
Epoch 8, Batch 610/710, Lx 1.6035, Lu 0.0979, Penalty 0.0570, loss 1.7584
Epoch 8, Batch 611/710, Lx 1.4966, Lu 0.0939, Penalty 0.0745, loss 1.6650
Epoch 8, Batch 612/710, Lx 1.4615, Lu 0.0946, Penalty 0.0581, loss 1.6142
Epoch 8, Batch 613/710, Lx 1.5512, Lu 0.0877, Penalty 0.0504, loss 1.6893
Epoch 8, Batch 614/710, Lx 1.5440, Lu 0.1041, Penalty 0.0221, loss 1.6702
Epoch 8, Batch 615/710, Lx 1.2502, Lu 0.0783, Penalty 0.0412, loss 1.3696
Epoch 8, Batch 616/710, Lx 1.6780, Lu 0.1252, Penalty 0.0509, loss 1.8540
Epoch 8, Batch 617/710, Lx 1.5108, Lu 0.0722, Penalty 0.0772, loss 1.6601
Epoch 8, Batch 618/710, Lx 1.3602, Lu 0.0775, Penalty 0.0631, loss 1.5008
Epoch 8, Batch 619/710, Lx 1.4157, Lu 0.0844, Penalty 0.0910, loss 1.5911
Epoch 8, Batch 620/710, Lx 1.4400, Lu 0.0988, Penalty 0.0573, loss 1.5961
Epoch 8, Batch 621/710, Lx 1.4359, Lu 0.1245, Penalty 0.1019, loss 1.6623
Epoch 8, Batch 622/710, Lx 1.6185, Lu 0.1058, Penalty 0.0779, loss 1.8022
Epoch 8, Batch 623/710, Lx 1.1185, Lu 0.0770, Penalty 0.0737, loss 1.2692
Epoch 8, Batch 624/710, Lx 1.6987, Lu 0.0892, Penalty 0.1067, loss 1.8947
Epoch 8, Batch 625/710, Lx 1.4109, Lu 0.1055, Penalty 0.0467, loss 1.5631
Epoch 8, Batch 626/710, Lx 1.2887, Lu 0.0793, Penalty 0.0341, loss 1.4021
Epoch 8, Batch 627/710, Lx 1.4268, Lu 0.1056, Penalty 0.0860, loss 1.6184
Epoch 8, Batch 628/710, Lx 1.5152, Lu 0.1029, Penalty 0.0901, loss 1.7082
Epoch 8, Batch 629/710, Lx 1.4092, Lu 0.0966, Penalty 0.0634, loss 1.5692
Epoch 8, Batch 630/710, Lx 1.6090, Lu 0.1418, Penalty 0.1225, loss 1.8733
Epoch 8, Batch 631/710, Lx 1.3690, Lu 0.0844, Penalty 0.1552, loss 1.6086
Epoch 8, Batch 632/710, Lx 1.4735, Lu 0.1079, Penalty 0.0983, loss 1.6797
Epoch 8, Batch 633/710, Lx 1.5281, Lu 0.0990, Penalty 0.0487, loss 1.6759
Epoch 8, Batch 634/710, Lx 1.4373, Lu 0.0802, Penalty 0.0727, loss 1.5902
Epoch 8, Batch 635/710, Lx 1.5567, Lu 0.0941, Penalty 0.1002, loss 1.7509
Epoch 8, Batch 636/710, Lx 1.5425, Lu 0.0789, Penalty 0.0541, loss 1.6754
Epoch 8, Batch 637/710, Lx 1.6341, Lu 0.1128, Penalty 0.0876, loss 1.8344
Epoch 8, Batch 638/710, Lx 1.2798, Lu 0.1070, Penalty 0.0591, loss 1.4459
Epoch 8, Batch 639/710, Lx 1.6753, Lu 0.0967, Penalty 0.0228, loss 1.7948
Epoch 8, Batch 640/710, Lx 1.4378, Lu 0.0881, Penalty 0.0576, loss 1.5835
Epoch 8, Batch 641/710, Lx 1.6448, Lu 0.1484, Penalty 0.0376, loss 1.8309
Epoch 8, Batch 642/710, Lx 1.4225, Lu 0.0935, Penalty 0.0592, loss 1.5751
Epoch 8, Batch 643/710, Lx 1.7032, Lu 0.1293, Penalty 0.0621, loss 1.8947
Epoch 8, Batch 644/710, Lx 1.3263, Lu 0.0803, Penalty 0.0759, loss 1.4825
Epoch 8, Batch 645/710, Lx 1.6208, Lu 0.1651, Penalty 0.0315, loss 1.8174
Epoch 8, Batch 646/710, Lx 1.6713, Lu 0.1471, Penalty 0.0634, loss 1.8818
Epoch 8, Batch 647/710, Lx 1.4511, Lu 0.0887, Penalty 0.1523, loss 1.6921
Epoch 8, Batch 648/710, Lx 1.3365, Lu 0.0715, Penalty 0.0728, loss 1.4808
Epoch 8, Batch 649/710, Lx 1.3927, Lu 0.1161, Penalty 0.1361, loss 1.6449
Epoch 8, Batch 650/710, Lx 1.2962, Lu 0.0770, Penalty 0.1071, loss 1.4803
Epoch 8, Batch 651/710, Lx 1.6172, Lu 0.1203, Penalty 0.0662, loss 1.8036
Epoch 8, Batch 652/710, Lx 1.4197, Lu 0.0823, Penalty 0.0402, loss 1.5422
Epoch 8, Batch 653/710, Lx 1.5360, Lu 0.0978, Penalty 0.0381, loss 1.6719
Epoch 8, Batch 654/710, Lx 1.3244, Lu 0.0904, Penalty 0.0799, loss 1.4947
Epoch 8, Batch 655/710, Lx 1.2650, Lu 0.0845, Penalty 0.0236, loss 1.3731
Epoch 8, Batch 656/710, Lx 1.4803, Lu 0.1182, Penalty 0.0541, loss 1.6526
Epoch 8, Batch 657/710, Lx 1.3616, Lu 0.0724, Penalty 0.0664, loss 1.5004
Epoch 8, Batch 658/710, Lx 1.5603, Lu 0.1310, Penalty 0.0457, loss 1.7370
Epoch 8, Batch 659/710, Lx 1.6716, Lu 0.1079, Penalty 0.0422, loss 1.8217
Epoch 8, Batch 660/710, Lx 1.5361, Lu 0.1166, Penalty 0.0446, loss 1.6973
Epoch 8, Batch 661/710, Lx 1.5914, Lu 0.0856, Penalty 0.0174, loss 1.6943
Epoch 8, Batch 662/710, Lx 1.5020, Lu 0.1010, Penalty 0.0699, loss 1.6729
Epoch 8, Batch 663/710, Lx 1.6624, Lu 0.1098, Penalty 0.0623, loss 1.8345
Epoch 8, Batch 664/710, Lx 1.4203, Lu 0.0924, Penalty 0.0451, loss 1.5578
Epoch 8, Batch 665/710, Lx 1.2792, Lu 0.0767, Penalty 0.0794, loss 1.4352
Epoch 8, Batch 666/710, Lx 1.5645, Lu 0.0895, Penalty 0.0990, loss 1.7530
Epoch 8, Batch 667/710, Lx 1.6091, Lu 0.1077, Penalty 0.0529, loss 1.7697
Epoch 8, Batch 668/710, Lx 1.1909, Lu 0.0824, Penalty 0.1313, loss 1.4046
Epoch 8, Batch 669/710, Lx 1.4957, Lu 0.1108, Penalty 0.1310, loss 1.7375
Epoch 8, Batch 670/710, Lx 1.5797, Lu 0.1093, Penalty 0.0423, loss 1.7313
Epoch 8, Batch 671/710, Lx 1.4921, Lu 0.0987, Penalty 0.0387, loss 1.6294
Epoch 8, Batch 672/710, Lx 1.2748, Lu 0.0783, Penalty 0.0402, loss 1.3933
Epoch 8, Batch 673/710, Lx 1.6497, Lu 0.1210, Penalty 0.0486, loss 1.8193
Epoch 8, Batch 674/710, Lx 1.6532, Lu 0.1222, Penalty 0.0649, loss 1.8402
Epoch 8, Batch 675/710, Lx 1.4125, Lu 0.0873, Penalty 0.0604, loss 1.5602
Epoch 8, Batch 676/710, Lx 1.5689, Lu 0.1121, Penalty 0.0224, loss 1.7034
Epoch 8, Batch 677/710, Lx 1.6181, Lu 0.1214, Penalty 0.0281, loss 1.7676
Epoch 8, Batch 678/710, Lx 1.5941, Lu 0.0762, Penalty 0.0367, loss 1.7071
Epoch 8, Batch 679/710, Lx 1.6583, Lu 0.1055, Penalty 0.0238, loss 1.7876
Epoch 8, Batch 680/710, Lx 1.6112, Lu 0.0936, Penalty 0.1154, loss 1.8202
Epoch 8, Batch 681/710, Lx 1.3798, Lu 0.1238, Penalty 0.1069, loss 1.6104
Epoch 8, Batch 682/710, Lx 1.4587, Lu 0.0885, Penalty 0.0411, loss 1.5883
Epoch 8, Batch 683/710, Lx 1.4175, Lu 0.0927, Penalty 0.0916, loss 1.6018
Epoch 8, Batch 684/710, Lx 1.6488, Lu 0.0913, Penalty 0.0759, loss 1.8159
Epoch 8, Batch 685/710, Lx 1.4485, Lu 0.0962, Penalty 0.1169, loss 1.6616
Epoch 8, Batch 686/710, Lx 1.6207, Lu 0.1184, Penalty 0.0571, loss 1.7962
Epoch 8, Batch 687/710, Lx 1.4304, Lu 0.0924, Penalty 0.0405, loss 1.5633
Epoch 8, Batch 688/710, Lx 1.5156, Lu 0.0823, Penalty 0.0375, loss 1.6353
Epoch 8, Batch 689/710, Lx 1.5359, Lu 0.0899, Penalty 0.0449, loss 1.6708
Epoch 8, Batch 690/710, Lx 1.4257, Lu 0.1070, Penalty 0.0316, loss 1.5644
Epoch 8, Batch 691/710, Lx 1.2382, Lu 0.1213, Penalty 0.0388, loss 1.3982
Epoch 8, Batch 692/710, Lx 1.4406, Lu 0.0895, Penalty 0.0600, loss 1.5901
Epoch 8, Batch 693/710, Lx 1.5871, Lu 0.1084, Penalty 0.0839, loss 1.7795
Epoch 8, Batch 694/710, Lx 1.5111, Lu 0.1074, Penalty 0.0481, loss 1.6666
Epoch 8, Batch 695/710, Lx 1.4308, Lu 0.1072, Penalty 0.0815, loss 1.6196
Epoch 8, Batch 696/710, Lx 1.3481, Lu 0.1179, Penalty 0.0790, loss 1.5451
Epoch 8, Batch 697/710, Lx 1.4410, Lu 0.1143, Penalty 0.0970, loss 1.6523
Epoch 8, Batch 698/710, Lx 1.5223, Lu 0.0933, Penalty 0.0305, loss 1.6462
Epoch 8, Batch 699/710, Lx 1.6234, Lu 0.0959, Penalty 0.0387, loss 1.7580
Epoch 8, Batch 700/710, Lx 1.6439, Lu 0.1456, Penalty 0.0291, loss 1.8186
Epoch 8, Batch 701/710, Lx 1.2204, Lu 0.1202, Penalty 0.0504, loss 1.3910
Epoch 8, Batch 702/710, Lx 1.5513, Lu 0.1212, Penalty 0.0261, loss 1.6985
Epoch 8, Batch 703/710, Lx 1.6448, Lu 0.1334, Penalty 0.0564, loss 1.8347
Epoch 8, Batch 704/710, Lx 1.3185, Lu 0.0907, Penalty 0.0502, loss 1.4594
Epoch 8, Batch 705/710, Lx 1.4247, Lu 0.1265, Penalty 0.0706, loss 1.6218
Epoch 8, Batch 706/710, Lx 1.3415, Lu 0.1058, Penalty 0.0603, loss 1.5076
Epoch 8, Batch 707/710, Lx 1.5715, Lu 0.1052, Penalty 0.0547, loss 1.7314
Epoch 8, Batch 708/710, Lx 1.1756, Lu 0.0693, Penalty 0.0954, loss 1.3404
Epoch 8, Batch 709/710, Lx 1.6171, Lu 0.0873, Penalty 0.0592, loss 1.7635
Epoch 8, Batch 710/710, Lx 1.4438, Lu 0.0793, Penalty 0.0518, loss 1.5749
Loss: 1.6705, Lx: 1.5030, Lu: 0.1014, Penalty: 0.0661
Evaluating training data at epoch 8 for Model 1
GMM Means: [0.53736512 0.22429776]
GMM Covariances: [0.02286157 0.01351494]
Evaluating training data at epoch 8 for Model 2
GMM Means: [0.2187909  0.50859958]
GMM Covariances: [0.01238412 0.02172029]
Evaluating models at epoch 8
Test data size: 60000
Epoch: 8, Test Loss: 1.5580, Test Accuracy: 0.4858, Test F1 Score: 0.4450
Training for Network 1
labelled data size: 28397
unlabelled data size: 13603
Epoch 9, Batch 1/888, Lx 1.6177, Lu 0.1775, Penalty 0.0855, loss 1.8807
Epoch 9, Batch 2/888, Lx 1.6435, Lu 0.1931, Penalty 0.0469, loss 1.8836
Epoch 9, Batch 3/888, Lx 1.7313, Lu 0.1292, Penalty 0.0732, loss 1.9337
Epoch 9, Batch 4/888, Lx 1.9314, Lu 0.2194, Penalty 0.0367, loss 2.1875
Epoch 9, Batch 5/888, Lx 1.5720, Lu 0.1094, Penalty 0.0614, loss 1.7428
Epoch 9, Batch 6/888, Lx 1.6334, Lu 0.2034, Penalty 0.0269, loss 1.8638
Epoch 9, Batch 7/888, Lx 1.7876, Lu 0.2126, Penalty 0.0409, loss 2.0411
Epoch 9, Batch 8/888, Lx 1.7799, Lu 0.1941, Penalty 0.1265, loss 2.1005
Epoch 9, Batch 9/888, Lx 1.6236, Lu 0.1446, Penalty 0.0459, loss 1.8141
Epoch 9, Batch 10/888, Lx 1.6997, Lu 0.1629, Penalty 0.0457, loss 1.9084
Epoch 9, Batch 11/888, Lx 1.5696, Lu 0.1004, Penalty 0.0715, loss 1.7415
Epoch 9, Batch 12/888, Lx 1.5665, Lu 0.1016, Penalty 0.0808, loss 1.7488
Epoch 9, Batch 13/888, Lx 1.7077, Lu 0.1115, Penalty 0.0512, loss 1.8705
Epoch 9, Batch 14/888, Lx 1.4973, Lu 0.1243, Penalty 0.0874, loss 1.7089
Epoch 9, Batch 15/888, Lx 1.6466, Lu 0.1790, Penalty 0.0990, loss 1.9246
Epoch 9, Batch 16/888, Lx 1.6659, Lu 0.1660, Penalty 0.0951, loss 1.9271
Epoch 9, Batch 17/888, Lx 1.7092, Lu 0.1943, Penalty 0.0204, loss 1.9239
Epoch 9, Batch 18/888, Lx 1.7782, Lu 0.1263, Penalty 0.0752, loss 1.9797
Epoch 9, Batch 19/888, Lx 1.4640, Lu 0.1009, Penalty 0.0787, loss 1.6437
Epoch 9, Batch 20/888, Lx 1.7013, Lu 0.1440, Penalty 0.0555, loss 1.9007
Epoch 9, Batch 21/888, Lx 1.7013, Lu 0.1018, Penalty 0.0663, loss 1.8694
Epoch 9, Batch 22/888, Lx 1.7850, Lu 0.2154, Penalty 0.0711, loss 2.0715
Epoch 9, Batch 23/888, Lx 1.6640, Lu 0.1385, Penalty 0.0982, loss 1.9007
Epoch 9, Batch 24/888, Lx 1.7567, Lu 0.1325, Penalty 0.0442, loss 1.9335
Epoch 9, Batch 25/888, Lx 1.5900, Lu 0.0965, Penalty 0.0318, loss 1.7184
Epoch 9, Batch 26/888, Lx 1.7850, Lu 0.1722, Penalty 0.0848, loss 2.0420
Epoch 9, Batch 27/888, Lx 1.7965, Lu 0.1270, Penalty 0.0366, loss 1.9601
Epoch 9, Batch 28/888, Lx 1.6029, Lu 0.1391, Penalty 0.0416, loss 1.7836
Epoch 9, Batch 29/888, Lx 1.7114, Lu 0.1706, Penalty 0.0218, loss 1.9038
Epoch 9, Batch 30/888, Lx 1.6388, Lu 0.1235, Penalty 0.0498, loss 1.8121
Epoch 9, Batch 31/888, Lx 1.7435, Lu 0.1526, Penalty 0.0375, loss 1.9335
Epoch 9, Batch 32/888, Lx 1.7280, Lu 0.1428, Penalty 0.0386, loss 1.9094
Epoch 9, Batch 33/888, Lx 1.5625, Lu 0.1723, Penalty 0.0996, loss 1.8343
Epoch 9, Batch 34/888, Lx 1.7588, Lu 0.1708, Penalty 0.0334, loss 1.9629
Epoch 9, Batch 35/888, Lx 1.7397, Lu 0.1336, Penalty 0.0637, loss 1.9370
Epoch 9, Batch 36/888, Lx 1.5215, Lu 0.1270, Penalty 0.0344, loss 1.6829
Epoch 9, Batch 37/888, Lx 1.6840, Lu 0.1517, Penalty 0.0411, loss 1.8768
Epoch 9, Batch 38/888, Lx 1.6766, Lu 0.1783, Penalty 0.1103, loss 1.9651
Epoch 9, Batch 39/888, Lx 1.5822, Lu 0.1619, Penalty 0.0444, loss 1.7885
Epoch 9, Batch 40/888, Lx 1.8685, Lu 0.1795, Penalty 0.0640, loss 2.1121
Epoch 9, Batch 41/888, Lx 1.5321, Lu 0.1121, Penalty 0.0444, loss 1.6887
Epoch 9, Batch 42/888, Lx 1.7104, Lu 0.1519, Penalty 0.0910, loss 1.9533
Epoch 9, Batch 43/888, Lx 1.5319, Lu 0.0982, Penalty 0.1422, loss 1.7723
Epoch 9, Batch 44/888, Lx 1.6678, Lu 0.1121, Penalty 0.1263, loss 1.9062
Epoch 9, Batch 45/888, Lx 1.8891, Lu 0.1137, Penalty 0.0847, loss 2.0875
Epoch 9, Batch 46/888, Lx 1.5379, Lu 0.0976, Penalty 0.0663, loss 1.7017
Epoch 9, Batch 47/888, Lx 1.5992, Lu 0.0894, Penalty 0.0659, loss 1.7545
Epoch 9, Batch 48/888, Lx 1.6659, Lu 0.1502, Penalty 0.0808, loss 1.8969
Epoch 9, Batch 49/888, Lx 1.5043, Lu 0.1291, Penalty 0.0457, loss 1.6790
Epoch 9, Batch 50/888, Lx 1.8101, Lu 0.0936, Penalty 0.0684, loss 1.9720
Epoch 9, Batch 51/888, Lx 1.6649, Lu 0.1541, Penalty 0.0610, loss 1.8801
Epoch 9, Batch 52/888, Lx 1.6915, Lu 0.1407, Penalty 0.0802, loss 1.9124
Epoch 9, Batch 53/888, Lx 1.8336, Lu 0.1655, Penalty 0.0387, loss 2.0378
Epoch 9, Batch 54/888, Lx 1.8647, Lu 0.1565, Penalty 0.0342, loss 2.0554
Epoch 9, Batch 55/888, Lx 1.6806, Lu 0.1483, Penalty 0.1083, loss 1.9372
Epoch 9, Batch 56/888, Lx 1.5269, Lu 0.1082, Penalty 0.1063, loss 1.7414
Epoch 9, Batch 57/888, Lx 1.6454, Lu 0.1579, Penalty 0.0755, loss 1.8788
Epoch 9, Batch 58/888, Lx 1.6859, Lu 0.1163, Penalty 0.0621, loss 1.8643
Epoch 9, Batch 59/888, Lx 1.6927, Lu 0.0999, Penalty 0.0822, loss 1.8748
Epoch 9, Batch 60/888, Lx 1.4960, Lu 0.1009, Penalty 0.0219, loss 1.6188
Epoch 9, Batch 61/888, Lx 1.7685, Lu 0.1694, Penalty 0.0493, loss 1.9872
Epoch 9, Batch 62/888, Lx 1.7186, Lu 0.1845, Penalty 0.0665, loss 1.9696
Epoch 9, Batch 63/888, Lx 1.4489, Lu 0.1628, Penalty 0.0807, loss 1.6924
Epoch 9, Batch 64/888, Lx 1.5750, Lu 0.1210, Penalty 0.1130, loss 1.8090
Epoch 9, Batch 65/888, Lx 1.5685, Lu 0.1283, Penalty 0.0766, loss 1.7735
Epoch 9, Batch 66/888, Lx 1.6360, Lu 0.1151, Penalty 0.0447, loss 1.7957
Epoch 9, Batch 67/888, Lx 1.7558, Lu 0.1418, Penalty 0.0456, loss 1.9432
Epoch 9, Batch 68/888, Lx 1.6785, Lu 0.1339, Penalty 0.0663, loss 1.8787
Epoch 9, Batch 69/888, Lx 1.7140, Lu 0.1238, Penalty 0.0580, loss 1.8959
Epoch 9, Batch 70/888, Lx 1.3325, Lu 0.0943, Penalty 0.0401, loss 1.4669
Epoch 9, Batch 71/888, Lx 1.7232, Lu 0.1695, Penalty 0.0998, loss 1.9925
Epoch 9, Batch 72/888, Lx 1.6433, Lu 0.1394, Penalty 0.0866, loss 1.8693
Epoch 9, Batch 73/888, Lx 1.8230, Lu 0.1310, Penalty 0.1107, loss 2.0647
Epoch 9, Batch 74/888, Lx 1.7463, Lu 0.1288, Penalty 0.0386, loss 1.9137
Epoch 9, Batch 75/888, Lx 1.4901, Lu 0.1549, Penalty 0.0564, loss 1.7014
Epoch 9, Batch 76/888, Lx 1.6147, Lu 0.1071, Penalty 0.0662, loss 1.7880
Epoch 9, Batch 77/888, Lx 1.8050, Lu 0.1647, Penalty 0.0460, loss 2.0158
Epoch 9, Batch 78/888, Lx 1.7262, Lu 0.1369, Penalty 0.0443, loss 1.9074
Epoch 9, Batch 79/888, Lx 1.7319, Lu 0.1405, Penalty 0.0744, loss 1.9468
Epoch 9, Batch 80/888, Lx 1.5993, Lu 0.1293, Penalty 0.0417, loss 1.7703
Epoch 9, Batch 81/888, Lx 1.7800, Lu 0.1333, Penalty 0.0291, loss 1.9424
Epoch 9, Batch 82/888, Lx 1.6597, Lu 0.1459, Penalty 0.0925, loss 1.8981
Epoch 9, Batch 83/888, Lx 1.7125, Lu 0.1242, Penalty 0.0282, loss 1.8648
Epoch 9, Batch 84/888, Lx 1.7305, Lu 0.1361, Penalty 0.0235, loss 1.8901
Epoch 9, Batch 85/888, Lx 1.7839, Lu 0.1723, Penalty 0.0583, loss 2.0144
Epoch 9, Batch 86/888, Lx 1.6100, Lu 0.1441, Penalty 0.0547, loss 1.8088
Epoch 9, Batch 87/888, Lx 1.6927, Lu 0.1503, Penalty 0.0460, loss 1.8890
Epoch 9, Batch 88/888, Lx 1.7627, Lu 0.1435, Penalty 0.0288, loss 1.9350
Epoch 9, Batch 89/888, Lx 1.6689, Lu 0.1389, Penalty 0.0881, loss 1.8959
Epoch 9, Batch 90/888, Lx 1.5321, Lu 0.1037, Penalty 0.1208, loss 1.7567
Epoch 9, Batch 91/888, Lx 1.7205, Lu 0.1802, Penalty 0.0333, loss 1.9340
Epoch 9, Batch 92/888, Lx 1.7426, Lu 0.1153, Penalty 0.1070, loss 1.9649
Epoch 9, Batch 93/888, Lx 1.3992, Lu 0.1430, Penalty 0.1269, loss 1.6690
Epoch 9, Batch 94/888, Lx 1.7604, Lu 0.1480, Penalty 0.0759, loss 1.9843
Epoch 9, Batch 95/888, Lx 1.8442, Lu 0.1667, Penalty 0.0787, loss 2.0896
Epoch 9, Batch 96/888, Lx 1.7108, Lu 0.1274, Penalty 0.0806, loss 1.9189
Epoch 9, Batch 97/888, Lx 1.8329, Lu 0.1555, Penalty 0.0450, loss 2.0334
Epoch 9, Batch 98/888, Lx 1.5875, Lu 0.0982, Penalty 0.0380, loss 1.7237
Epoch 9, Batch 99/888, Lx 1.6763, Lu 0.1488, Penalty 0.0274, loss 1.8525
Epoch 9, Batch 100/888, Lx 1.5901, Lu 0.1610, Penalty 0.0207, loss 1.7717
Epoch 9, Batch 101/888, Lx 1.6408, Lu 0.1626, Penalty 0.0848, loss 1.8882
Epoch 9, Batch 102/888, Lx 1.5346, Lu 0.0883, Penalty 0.0630, loss 1.6860
Epoch 9, Batch 103/888, Lx 1.6077, Lu 0.1223, Penalty 0.0900, loss 1.8200
Epoch 9, Batch 104/888, Lx 1.6002, Lu 0.1283, Penalty 0.0543, loss 1.7828
Epoch 9, Batch 105/888, Lx 1.5506, Lu 0.1685, Penalty 0.1011, loss 1.8202
Epoch 9, Batch 106/888, Lx 1.8357, Lu 0.1370, Penalty 0.0506, loss 2.0233
Epoch 9, Batch 107/888, Lx 1.4004, Lu 0.1253, Penalty 0.0455, loss 1.5713
Epoch 9, Batch 108/888, Lx 1.6230, Lu 0.1328, Penalty 0.0415, loss 1.7973
Epoch 9, Batch 109/888, Lx 1.6618, Lu 0.1637, Penalty 0.0375, loss 1.8630
Epoch 9, Batch 110/888, Lx 1.5441, Lu 0.1466, Penalty 0.0702, loss 1.7609
Epoch 9, Batch 111/888, Lx 1.6217, Lu 0.1619, Penalty 0.0588, loss 1.8423
Epoch 9, Batch 112/888, Lx 1.7902, Lu 0.1356, Penalty 0.0281, loss 1.9539
Epoch 9, Batch 113/888, Lx 1.7364, Lu 0.1653, Penalty 0.0421, loss 1.9438
Epoch 9, Batch 114/888, Lx 1.6557, Lu 0.1229, Penalty 0.0307, loss 1.8093
Epoch 9, Batch 115/888, Lx 1.6473, Lu 0.1338, Penalty 0.0246, loss 1.8057
Epoch 9, Batch 116/888, Lx 1.6758, Lu 0.1405, Penalty 0.0839, loss 1.9002
Epoch 9, Batch 117/888, Lx 1.6330, Lu 0.1550, Penalty 0.1121, loss 1.9001
Epoch 9, Batch 118/888, Lx 1.6154, Lu 0.1490, Penalty 0.1048, loss 1.8692
Epoch 9, Batch 119/888, Lx 1.5265, Lu 0.1195, Penalty 0.1104, loss 1.7564
Epoch 9, Batch 120/888, Lx 1.6322, Lu 0.1463, Penalty 0.0594, loss 1.8380
Epoch 9, Batch 121/888, Lx 1.7218, Lu 0.1346, Penalty 0.0250, loss 1.8814
Epoch 9, Batch 122/888, Lx 1.6993, Lu 0.1604, Penalty 0.0983, loss 1.9579
Epoch 9, Batch 123/888, Lx 1.7463, Lu 0.1472, Penalty 0.0404, loss 1.9340
Epoch 9, Batch 124/888, Lx 1.7386, Lu 0.1153, Penalty 0.0586, loss 1.9126
Epoch 9, Batch 125/888, Lx 1.8745, Lu 0.1757, Penalty 0.0770, loss 2.1272
Epoch 9, Batch 126/888, Lx 1.7237, Lu 0.1626, Penalty 0.0691, loss 1.9554
Epoch 9, Batch 127/888, Lx 1.8531, Lu 0.1456, Penalty 0.0683, loss 2.0670
Epoch 9, Batch 128/888, Lx 1.6366, Lu 0.1614, Penalty 0.0469, loss 1.8449
Epoch 9, Batch 129/888, Lx 1.7039, Lu 0.1410, Penalty 0.0416, loss 1.8866
Epoch 9, Batch 130/888, Lx 1.8170, Lu 0.1643, Penalty 0.0638, loss 2.0451
Epoch 9, Batch 131/888, Lx 1.5689, Lu 0.1126, Penalty 0.0366, loss 1.7180
Epoch 9, Batch 132/888, Lx 1.7648, Lu 0.1724, Penalty 0.0454, loss 1.9827
Epoch 9, Batch 133/888, Lx 1.6859, Lu 0.1284, Penalty 0.1655, loss 1.9798
Epoch 9, Batch 134/888, Lx 1.7256, Lu 0.1380, Penalty 0.0482, loss 1.9118
Epoch 9, Batch 135/888, Lx 1.7125, Lu 0.1505, Penalty 0.0804, loss 1.9434
Epoch 9, Batch 136/888, Lx 1.7012, Lu 0.0993, Penalty 0.0416, loss 1.8421
Epoch 9, Batch 137/888, Lx 1.5030, Lu 0.0887, Penalty 0.0313, loss 1.6230
Epoch 9, Batch 138/888, Lx 1.8020, Lu 0.1468, Penalty 0.0392, loss 1.9880
Epoch 9, Batch 139/888, Lx 1.6305, Lu 0.1517, Penalty 0.0826, loss 1.8648
Epoch 9, Batch 140/888, Lx 1.7543, Lu 0.2030, Penalty 0.0474, loss 2.0047
Epoch 9, Batch 141/888, Lx 1.6306, Lu 0.1182, Penalty 0.1229, loss 1.8717
Epoch 9, Batch 142/888, Lx 1.6238, Lu 0.1652, Penalty 0.0742, loss 1.8632
Epoch 9, Batch 143/888, Lx 2.0230, Lu 0.1954, Penalty 0.0427, loss 2.2611
Epoch 9, Batch 144/888, Lx 1.6288, Lu 0.1159, Penalty 0.0889, loss 1.8336
Epoch 9, Batch 145/888, Lx 1.6635, Lu 0.1476, Penalty 0.0327, loss 1.8438
Epoch 9, Batch 146/888, Lx 1.6675, Lu 0.1374, Penalty 0.0996, loss 1.9045
Epoch 9, Batch 147/888, Lx 1.7400, Lu 0.1594, Penalty 0.0809, loss 1.9803
Epoch 9, Batch 148/888, Lx 1.3998, Lu 0.0810, Penalty 0.1355, loss 1.6162
Epoch 9, Batch 149/888, Lx 1.5330, Lu 0.1412, Penalty 0.1432, loss 1.8175
Epoch 9, Batch 150/888, Lx 1.7288, Lu 0.1634, Penalty 0.0968, loss 1.9890
Epoch 9, Batch 151/888, Lx 1.6196, Lu 0.1408, Penalty 0.0259, loss 1.7863
Epoch 9, Batch 152/888, Lx 1.6941, Lu 0.1286, Penalty 0.0493, loss 1.8720
Epoch 9, Batch 153/888, Lx 1.7071, Lu 0.2223, Penalty 0.0923, loss 2.0217
Epoch 9, Batch 154/888, Lx 1.7232, Lu 0.1281, Penalty 0.0899, loss 1.9412
Epoch 9, Batch 155/888, Lx 1.6483, Lu 0.1706, Penalty 0.0367, loss 1.8557
Epoch 9, Batch 156/888, Lx 1.3666, Lu 0.1192, Penalty 0.0614, loss 1.5472
Epoch 9, Batch 157/888, Lx 1.8374, Lu 0.1951, Penalty 0.0359, loss 2.0683
Epoch 9, Batch 158/888, Lx 1.4862, Lu 0.1890, Penalty 0.0592, loss 1.7345
Epoch 9, Batch 159/888, Lx 1.6957, Lu 0.1847, Penalty 0.0586, loss 1.9390
Epoch 9, Batch 160/888, Lx 1.7823, Lu 0.1313, Penalty 0.0499, loss 1.9635
Epoch 9, Batch 161/888, Lx 1.7331, Lu 0.1550, Penalty 0.0356, loss 1.9238
Epoch 9, Batch 162/888, Lx 1.6246, Lu 0.1307, Penalty 0.0931, loss 1.8484
Epoch 9, Batch 163/888, Lx 1.7395, Lu 0.1009, Penalty 0.0506, loss 1.8910
Epoch 9, Batch 164/888, Lx 1.6325, Lu 0.1439, Penalty 0.0354, loss 1.8119
Epoch 9, Batch 165/888, Lx 1.5922, Lu 0.1166, Penalty 0.0628, loss 1.7716
Epoch 9, Batch 166/888, Lx 1.7478, Lu 0.1027, Penalty 0.0618, loss 1.9123
Epoch 9, Batch 167/888, Lx 1.7497, Lu 0.1146, Penalty 0.0765, loss 1.9408
Epoch 9, Batch 168/888, Lx 1.7616, Lu 0.1520, Penalty 0.0690, loss 1.9826
Epoch 9, Batch 169/888, Lx 1.6392, Lu 0.1245, Penalty 0.0912, loss 1.8549
Epoch 9, Batch 170/888, Lx 1.3511, Lu 0.1070, Penalty 0.1259, loss 1.5840
Epoch 9, Batch 171/888, Lx 1.6399, Lu 0.1534, Penalty 0.0437, loss 1.8369
Epoch 9, Batch 172/888, Lx 1.6711, Lu 0.1484, Penalty 0.0633, loss 1.8828
Epoch 9, Batch 173/888, Lx 1.6772, Lu 0.1146, Penalty 0.0427, loss 1.8344
Epoch 9, Batch 174/888, Lx 1.6584, Lu 0.1132, Penalty 0.0336, loss 1.8052
Epoch 9, Batch 175/888, Lx 1.8175, Lu 0.1737, Penalty 0.0768, loss 2.0680
Epoch 9, Batch 176/888, Lx 1.5286, Lu 0.1262, Penalty 0.0473, loss 1.7020
Epoch 9, Batch 177/888, Lx 1.6931, Lu 0.1709, Penalty 0.0153, loss 1.8794
Epoch 9, Batch 178/888, Lx 1.7380, Lu 0.1657, Penalty 0.0669, loss 1.9706
Epoch 9, Batch 179/888, Lx 1.6975, Lu 0.1247, Penalty 0.0209, loss 1.8431
Epoch 9, Batch 180/888, Lx 1.4938, Lu 0.1075, Penalty 0.0844, loss 1.6857
Epoch 9, Batch 181/888, Lx 1.6716, Lu 0.1714, Penalty 0.0211, loss 1.8640
Epoch 9, Batch 182/888, Lx 1.5423, Lu 0.1473, Penalty 0.0556, loss 1.7452
Epoch 9, Batch 183/888, Lx 1.5440, Lu 0.1559, Penalty 0.0384, loss 1.7382
Epoch 9, Batch 184/888, Lx 1.7631, Lu 0.1516, Penalty 0.0136, loss 1.9283
Epoch 9, Batch 185/888, Lx 1.7415, Lu 0.1852, Penalty 0.0415, loss 1.9682
Epoch 9, Batch 186/888, Lx 1.7529, Lu 0.1443, Penalty 0.0413, loss 1.9385
Epoch 9, Batch 187/888, Lx 1.9318, Lu 0.1329, Penalty 0.0331, loss 2.0978
Epoch 9, Batch 188/888, Lx 1.4978, Lu 0.1202, Penalty 0.0535, loss 1.6715
Epoch 9, Batch 189/888, Lx 1.6164, Lu 0.1669, Penalty 0.0564, loss 1.8397
Epoch 9, Batch 190/888, Lx 1.6158, Lu 0.1135, Penalty 0.1225, loss 1.8517
Epoch 9, Batch 191/888, Lx 1.6417, Lu 0.1600, Penalty 0.0715, loss 1.8731
Epoch 9, Batch 192/888, Lx 1.3958, Lu 0.0967, Penalty 0.0758, loss 1.5682
Epoch 9, Batch 193/888, Lx 1.6524, Lu 0.1162, Penalty 0.1152, loss 1.8838
Epoch 9, Batch 194/888, Lx 1.5386, Lu 0.1056, Penalty 0.0975, loss 1.7417
Epoch 9, Batch 195/888, Lx 1.4839, Lu 0.0960, Penalty 0.1124, loss 1.6923
Epoch 9, Batch 196/888, Lx 1.8573, Lu 0.1485, Penalty 0.0531, loss 2.0589
Epoch 9, Batch 197/888, Lx 1.7985, Lu 0.1474, Penalty 0.0485, loss 1.9943
Epoch 9, Batch 198/888, Lx 1.6478, Lu 0.1425, Penalty 0.0715, loss 1.8618
Epoch 9, Batch 199/888, Lx 1.7502, Lu 0.1664, Penalty 0.0274, loss 1.9441
Epoch 9, Batch 200/888, Lx 1.5494, Lu 0.1369, Penalty 0.1044, loss 1.7907
Epoch 9, Batch 201/888, Lx 1.5095, Lu 0.1174, Penalty 0.0596, loss 1.6865
Epoch 9, Batch 202/888, Lx 1.5645, Lu 0.1236, Penalty 0.1096, loss 1.7977
Epoch 9, Batch 203/888, Lx 1.7447, Lu 0.1469, Penalty 0.0503, loss 1.9419
Epoch 9, Batch 204/888, Lx 1.8923, Lu 0.1930, Penalty 0.0482, loss 2.1334
Epoch 9, Batch 205/888, Lx 1.6495, Lu 0.1764, Penalty 0.0332, loss 1.8591
Epoch 9, Batch 206/888, Lx 1.7255, Lu 0.1594, Penalty 0.0168, loss 1.9017
Epoch 9, Batch 207/888, Lx 1.6900, Lu 0.1519, Penalty 0.0587, loss 1.9006
Epoch 9, Batch 208/888, Lx 1.6118, Lu 0.1384, Penalty 0.0646, loss 1.8149
Epoch 9, Batch 209/888, Lx 1.6549, Lu 0.1343, Penalty 0.0349, loss 1.8241
Epoch 9, Batch 210/888, Lx 1.6801, Lu 0.1204, Penalty 0.0213, loss 1.8218
Epoch 9, Batch 211/888, Lx 1.5986, Lu 0.1508, Penalty 0.1378, loss 1.8873
Epoch 9, Batch 212/888, Lx 1.6475, Lu 0.0857, Penalty 0.0789, loss 1.8122
Epoch 9, Batch 213/888, Lx 1.6218, Lu 0.1063, Penalty 0.0414, loss 1.7695
Epoch 9, Batch 214/888, Lx 1.5638, Lu 0.0857, Penalty 0.0664, loss 1.7159
Epoch 9, Batch 215/888, Lx 1.7743, Lu 0.1009, Penalty 0.0679, loss 1.9431
Epoch 9, Batch 216/888, Lx 1.7527, Lu 0.1312, Penalty 0.0536, loss 1.9375
Epoch 9, Batch 217/888, Lx 1.6614, Lu 0.1106, Penalty 0.0432, loss 1.8153
Epoch 9, Batch 218/888, Lx 1.8283, Lu 0.1306, Penalty 0.0745, loss 2.0335
Epoch 9, Batch 219/888, Lx 1.6212, Lu 0.1504, Penalty 0.0462, loss 1.8179
Epoch 9, Batch 220/888, Lx 1.7390, Lu 0.1551, Penalty 0.0588, loss 1.9529
Epoch 9, Batch 221/888, Lx 1.7880, Lu 0.1466, Penalty 0.0990, loss 2.0335
Epoch 9, Batch 222/888, Lx 1.6101, Lu 0.1088, Penalty 0.0704, loss 1.7892
Epoch 9, Batch 223/888, Lx 1.5479, Lu 0.1244, Penalty 0.0766, loss 1.7489
Epoch 9, Batch 224/888, Lx 1.7433, Lu 0.1625, Penalty 0.0612, loss 1.9670
Epoch 9, Batch 225/888, Lx 1.9531, Lu 0.1951, Penalty 0.0583, loss 2.2065
Epoch 9, Batch 226/888, Lx 1.7564, Lu 0.1821, Penalty 0.0794, loss 2.0179
Epoch 9, Batch 227/888, Lx 1.8128, Lu 0.1498, Penalty 0.0947, loss 2.0573
Epoch 9, Batch 228/888, Lx 1.7855, Lu 0.2055, Penalty 0.0734, loss 2.0644
Epoch 9, Batch 229/888, Lx 1.8516, Lu 0.1632, Penalty 0.0395, loss 2.0543
Epoch 9, Batch 230/888, Lx 1.5715, Lu 0.1241, Penalty 0.0422, loss 1.7379
Epoch 9, Batch 231/888, Lx 1.8318, Lu 0.1265, Penalty 0.0238, loss 1.9820
Epoch 9, Batch 232/888, Lx 1.6527, Lu 0.0934, Penalty 0.0577, loss 1.8038
Epoch 9, Batch 233/888, Lx 1.6673, Lu 0.1211, Penalty 0.0515, loss 1.8399
Epoch 9, Batch 234/888, Lx 1.7018, Lu 0.1529, Penalty 0.0617, loss 1.9164
Epoch 9, Batch 235/888, Lx 1.6404, Lu 0.1305, Penalty 0.0533, loss 1.8243
Epoch 9, Batch 236/888, Lx 1.7134, Lu 0.1328, Penalty 0.0255, loss 1.8717
Epoch 9, Batch 237/888, Lx 1.6497, Lu 0.1278, Penalty 0.0500, loss 1.8275
Epoch 9, Batch 238/888, Lx 1.7194, Lu 0.1346, Penalty 0.0731, loss 1.9271
Epoch 9, Batch 239/888, Lx 1.8268, Lu 0.1957, Penalty 0.0647, loss 2.0873
Epoch 9, Batch 240/888, Lx 1.5265, Lu 0.2074, Penalty 0.0879, loss 1.8218
Epoch 9, Batch 241/888, Lx 1.6821, Lu 0.1489, Penalty 0.0663, loss 1.8973
Epoch 9, Batch 242/888, Lx 1.5933, Lu 0.1095, Penalty 0.0903, loss 1.7931
Epoch 9, Batch 243/888, Lx 1.8210, Lu 0.1886, Penalty 0.0559, loss 2.0654
Epoch 9, Batch 244/888, Lx 1.6557, Lu 0.1052, Penalty 0.0945, loss 1.8553
Epoch 9, Batch 245/888, Lx 1.6142, Lu 0.1075, Penalty 0.0671, loss 1.7888
Epoch 9, Batch 246/888, Lx 1.9610, Lu 0.1824, Penalty 0.1246, loss 2.2680
Epoch 9, Batch 247/888, Lx 1.8186, Lu 0.1759, Penalty 0.0811, loss 2.0755
Epoch 9, Batch 248/888, Lx 1.8717, Lu 0.1706, Penalty 0.0648, loss 2.1070
Epoch 9, Batch 249/888, Lx 1.5923, Lu 0.1106, Penalty 0.0579, loss 1.7609
Epoch 9, Batch 250/888, Lx 1.5044, Lu 0.1329, Penalty 0.1259, loss 1.7632
Epoch 9, Batch 251/888, Lx 1.4450, Lu 0.1086, Penalty 0.0529, loss 1.6065
Epoch 9, Batch 252/888, Lx 1.6011, Lu 0.1723, Penalty 0.0794, loss 1.8527
Epoch 9, Batch 253/888, Lx 1.7285, Lu 0.1505, Penalty 0.0579, loss 1.9368
Epoch 9, Batch 254/888, Lx 1.6311, Lu 0.1209, Penalty 0.0931, loss 1.8451
Epoch 9, Batch 255/888, Lx 1.8589, Lu 0.1085, Penalty 0.0527, loss 2.0201
Epoch 9, Batch 256/888, Lx 1.5895, Lu 0.1568, Penalty 0.1139, loss 1.8602
Epoch 9, Batch 257/888, Lx 1.7805, Lu 0.1585, Penalty 0.0664, loss 2.0054
Epoch 9, Batch 258/888, Lx 1.8439, Lu 0.1283, Penalty 0.0423, loss 2.0145
Epoch 9, Batch 259/888, Lx 1.4485, Lu 0.0972, Penalty 0.0784, loss 1.6241
Epoch 9, Batch 260/888, Lx 1.7156, Lu 0.1055, Penalty 0.0529, loss 1.8740
Epoch 9, Batch 261/888, Lx 1.5226, Lu 0.1155, Penalty 0.1132, loss 1.7513
Epoch 9, Batch 262/888, Lx 1.7087, Lu 0.1333, Penalty 0.0917, loss 1.9338
Epoch 9, Batch 263/888, Lx 1.8562, Lu 0.1344, Penalty 0.0693, loss 2.0599
Epoch 9, Batch 264/888, Lx 1.3899, Lu 0.1388, Penalty 0.0507, loss 1.5794
Epoch 9, Batch 265/888, Lx 1.6677, Lu 0.1902, Penalty 0.0424, loss 1.9003
Epoch 9, Batch 266/888, Lx 1.6745, Lu 0.1301, Penalty 0.0257, loss 1.8303
Epoch 9, Batch 267/888, Lx 1.6729, Lu 0.1110, Penalty 0.0419, loss 1.8258
Epoch 9, Batch 268/888, Lx 1.5970, Lu 0.1710, Penalty 0.0670, loss 1.8351
Epoch 9, Batch 269/888, Lx 1.5302, Lu 0.1325, Penalty 0.0406, loss 1.7033
Epoch 9, Batch 270/888, Lx 1.7961, Lu 0.1618, Penalty 0.0426, loss 2.0006
Epoch 9, Batch 271/888, Lx 1.5581, Lu 0.0870, Penalty 0.0796, loss 1.7247
Epoch 9, Batch 272/888, Lx 1.4258, Lu 0.1192, Penalty 0.0937, loss 1.6388
Epoch 9, Batch 273/888, Lx 1.6432, Lu 0.1335, Penalty 0.0793, loss 1.8560
Epoch 9, Batch 274/888, Lx 1.7476, Lu 0.1308, Penalty 0.0479, loss 1.9263
Epoch 9, Batch 275/888, Lx 1.4922, Lu 0.1030, Penalty 0.0661, loss 1.6613
Epoch 9, Batch 276/888, Lx 1.7280, Lu 0.1720, Penalty 0.0810, loss 1.9810
Epoch 9, Batch 277/888, Lx 1.5279, Lu 0.1303, Penalty 0.0745, loss 1.7327
Epoch 9, Batch 278/888, Lx 1.6773, Lu 0.1500, Penalty 0.0599, loss 1.8871
Epoch 9, Batch 279/888, Lx 1.5645, Lu 0.1417, Penalty 0.0764, loss 1.7827
Epoch 9, Batch 280/888, Lx 1.6096, Lu 0.0999, Penalty 0.0392, loss 1.7487
Epoch 9, Batch 281/888, Lx 1.5676, Lu 0.1116, Penalty 0.0539, loss 1.7330
Epoch 9, Batch 282/888, Lx 1.6337, Lu 0.1108, Penalty 0.0560, loss 1.8004
Epoch 9, Batch 283/888, Lx 1.8949, Lu 0.1827, Penalty 0.0348, loss 2.1124
Epoch 9, Batch 284/888, Lx 1.7218, Lu 0.1430, Penalty 0.0579, loss 1.9227
Epoch 9, Batch 285/888, Lx 1.6232, Lu 0.1046, Penalty 0.0465, loss 1.7742
Epoch 9, Batch 286/888, Lx 1.6174, Lu 0.1254, Penalty 0.0154, loss 1.7582
Epoch 9, Batch 287/888, Lx 1.8807, Lu 0.1462, Penalty 0.0409, loss 2.0679
Epoch 9, Batch 288/888, Lx 1.6628, Lu 0.1443, Penalty 0.0273, loss 1.8345
Epoch 9, Batch 289/888, Lx 1.6123, Lu 0.1282, Penalty 0.0676, loss 1.8081
Epoch 9, Batch 290/888, Lx 1.6814, Lu 0.1624, Penalty 0.0831, loss 1.9269
Epoch 9, Batch 291/888, Lx 1.5053, Lu 0.0883, Penalty 0.0862, loss 1.6798
Epoch 9, Batch 292/888, Lx 1.5327, Lu 0.1205, Penalty 0.0400, loss 1.6933
Epoch 9, Batch 293/888, Lx 1.6809, Lu 0.1206, Penalty 0.0623, loss 1.8638
Epoch 9, Batch 294/888, Lx 1.8681, Lu 0.1883, Penalty 0.0662, loss 2.1226
Epoch 9, Batch 295/888, Lx 1.5817, Lu 0.1640, Penalty 0.0711, loss 1.8168
Epoch 9, Batch 296/888, Lx 1.8397, Lu 0.2145, Penalty 0.0770, loss 2.1313
Epoch 9, Batch 297/888, Lx 1.6069, Lu 0.1223, Penalty 0.0749, loss 1.8042
Epoch 9, Batch 298/888, Lx 1.5222, Lu 0.1197, Penalty 0.0626, loss 1.7046
Epoch 9, Batch 299/888, Lx 1.6336, Lu 0.1484, Penalty 0.0588, loss 1.8409
Epoch 9, Batch 300/888, Lx 1.6657, Lu 0.1532, Penalty 0.0213, loss 1.8402
Epoch 9, Batch 301/888, Lx 1.6148, Lu 0.1473, Penalty 0.0635, loss 1.8256
Epoch 9, Batch 302/888, Lx 1.6745, Lu 0.1218, Penalty 0.0545, loss 1.8509
Epoch 9, Batch 303/888, Lx 1.6144, Lu 0.1444, Penalty 0.0513, loss 1.8101
Epoch 9, Batch 304/888, Lx 1.7782, Lu 0.1101, Penalty 0.0846, loss 1.9729
Epoch 9, Batch 305/888, Lx 1.8773, Lu 0.1664, Penalty 0.0342, loss 2.0778
Epoch 9, Batch 306/888, Lx 1.9044, Lu 0.1472, Penalty 0.0885, loss 2.1401
Epoch 9, Batch 307/888, Lx 1.4559, Lu 0.0948, Penalty 0.0729, loss 1.6236
Epoch 9, Batch 308/888, Lx 1.8241, Lu 0.2145, Penalty 0.0511, loss 2.0897
Epoch 9, Batch 309/888, Lx 1.5280, Lu 0.1753, Penalty 0.0886, loss 1.7920
Epoch 9, Batch 310/888, Lx 1.7010, Lu 0.1482, Penalty 0.0894, loss 1.9387
Epoch 9, Batch 311/888, Lx 1.7785, Lu 0.1586, Penalty 0.0386, loss 1.9756
Epoch 9, Batch 312/888, Lx 1.4853, Lu 0.1193, Penalty 0.1162, loss 1.7207
Epoch 9, Batch 313/888, Lx 1.7453, Lu 0.1539, Penalty 0.0502, loss 1.9494
Epoch 9, Batch 314/888, Lx 1.6582, Lu 0.0957, Penalty 0.1001, loss 1.8540
Epoch 9, Batch 315/888, Lx 1.7189, Lu 0.0977, Penalty 0.0663, loss 1.8830
Epoch 9, Batch 316/888, Lx 1.7363, Lu 0.1406, Penalty 0.0502, loss 1.9271
Epoch 9, Batch 317/888, Lx 1.7136, Lu 0.1552, Penalty 0.0698, loss 1.9385
Epoch 9, Batch 318/888, Lx 1.4946, Lu 0.1174, Penalty 0.0567, loss 1.6687
Epoch 9, Batch 319/888, Lx 1.7848, Lu 0.1675, Penalty 0.0735, loss 2.0259
Epoch 9, Batch 320/888, Lx 1.6322, Lu 0.0836, Penalty 0.0883, loss 1.8042
Epoch 9, Batch 321/888, Lx 1.5386, Lu 0.1875, Penalty 0.0449, loss 1.7710
Epoch 9, Batch 322/888, Lx 1.7890, Lu 0.1910, Penalty 0.0324, loss 2.0124
Epoch 9, Batch 323/888, Lx 1.5079, Lu 0.1272, Penalty 0.0435, loss 1.6785
Epoch 9, Batch 324/888, Lx 1.7139, Lu 0.1691, Penalty 0.0411, loss 1.9241
Epoch 9, Batch 325/888, Lx 1.7089, Lu 0.0900, Penalty 0.0480, loss 1.8470
Epoch 9, Batch 326/888, Lx 1.8621, Lu 0.1616, Penalty 0.0987, loss 2.1224
Epoch 9, Batch 327/888, Lx 1.8712, Lu 0.2426, Penalty 0.0825, loss 2.1963
Epoch 9, Batch 328/888, Lx 1.6392, Lu 0.0989, Penalty 0.1129, loss 1.8510
Epoch 9, Batch 329/888, Lx 1.5843, Lu 0.1144, Penalty 0.0371, loss 1.7358
Epoch 9, Batch 330/888, Lx 1.9280, Lu 0.1512, Penalty 0.1158, loss 2.1950
Epoch 9, Batch 331/888, Lx 1.5552, Lu 0.1046, Penalty 0.0602, loss 1.7200
Epoch 9, Batch 332/888, Lx 1.5996, Lu 0.0883, Penalty 0.0712, loss 1.7590
Epoch 9, Batch 333/888, Lx 1.8157, Lu 0.1362, Penalty 0.1222, loss 2.0741
Epoch 9, Batch 334/888, Lx 1.6607, Lu 0.1069, Penalty 0.0763, loss 1.8440
Epoch 9, Batch 335/888, Lx 1.7975, Lu 0.1762, Penalty 0.0671, loss 2.0408
Epoch 9, Batch 336/888, Lx 1.7209, Lu 0.1601, Penalty 0.0375, loss 1.9185
Epoch 9, Batch 337/888, Lx 1.7768, Lu 0.1240, Penalty 0.0327, loss 1.9335
Epoch 9, Batch 338/888, Lx 1.8456, Lu 0.2004, Penalty 0.0952, loss 2.1412
Epoch 9, Batch 339/888, Lx 1.7203, Lu 0.1113, Penalty 0.0392, loss 1.8708
Epoch 9, Batch 340/888, Lx 1.7510, Lu 0.1743, Penalty 0.0754, loss 2.0007
Epoch 9, Batch 341/888, Lx 1.6311, Lu 0.0936, Penalty 0.0793, loss 1.8040
Epoch 9, Batch 342/888, Lx 1.7390, Lu 0.1657, Penalty 0.0381, loss 1.9428
Epoch 9, Batch 343/888, Lx 1.6064, Lu 0.1060, Penalty 0.1023, loss 1.8148
Epoch 9, Batch 344/888, Lx 1.6409, Lu 0.1526, Penalty 0.0346, loss 1.8280
Epoch 9, Batch 345/888, Lx 1.7913, Lu 0.0977, Penalty 0.0374, loss 1.9264
Epoch 9, Batch 346/888, Lx 1.6324, Lu 0.1449, Penalty 0.0158, loss 1.7931
Epoch 9, Batch 347/888, Lx 1.7946, Lu 0.1555, Penalty 0.0585, loss 2.0086
Epoch 9, Batch 348/888, Lx 1.7107, Lu 0.1333, Penalty 0.0415, loss 1.8855
Epoch 9, Batch 349/888, Lx 1.5818, Lu 0.1471, Penalty 0.0691, loss 1.7980
Epoch 9, Batch 350/888, Lx 1.8582, Lu 0.0949, Penalty 0.0542, loss 2.0074
Epoch 9, Batch 351/888, Lx 1.6509, Lu 0.1653, Penalty 0.0659, loss 1.8821
Epoch 9, Batch 352/888, Lx 1.7646, Lu 0.1414, Penalty 0.0810, loss 1.9870
Epoch 9, Batch 353/888, Lx 1.6490, Lu 0.1650, Penalty 0.1221, loss 1.9362
Epoch 9, Batch 354/888, Lx 1.7414, Lu 0.0952, Penalty 0.1113, loss 1.9479
Epoch 9, Batch 355/888, Lx 1.5660, Lu 0.1264, Penalty 0.0899, loss 1.7823
Epoch 9, Batch 356/888, Lx 1.5551, Lu 0.1028, Penalty 0.0469, loss 1.7048
Epoch 9, Batch 357/888, Lx 1.6552, Lu 0.1039, Penalty 0.0938, loss 1.8529
Epoch 9, Batch 358/888, Lx 1.4560, Lu 0.1079, Penalty 0.0243, loss 1.5882
Epoch 9, Batch 359/888, Lx 1.5668, Lu 0.1085, Penalty 0.0997, loss 1.7750
Epoch 9, Batch 360/888, Lx 1.6123, Lu 0.1313, Penalty 0.0255, loss 1.7691
Epoch 9, Batch 361/888, Lx 1.6434, Lu 0.1284, Penalty 0.0627, loss 1.8345
Epoch 9, Batch 362/888, Lx 1.8286, Lu 0.1627, Penalty 0.0200, loss 2.0113
Epoch 9, Batch 363/888, Lx 1.6536, Lu 0.1545, Penalty 0.0726, loss 1.8807
Epoch 9, Batch 364/888, Lx 1.5257, Lu 0.1499, Penalty 0.0125, loss 1.6881
Epoch 9, Batch 365/888, Lx 1.7505, Lu 0.1366, Penalty 0.0386, loss 1.9257
Epoch 9, Batch 366/888, Lx 1.6082, Lu 0.0981, Penalty 0.0310, loss 1.7373
Epoch 9, Batch 367/888, Lx 1.4856, Lu 0.1253, Penalty 0.0453, loss 1.6561
Epoch 9, Batch 368/888, Lx 1.3159, Lu 0.0853, Penalty 0.1626, loss 1.5638
Epoch 9, Batch 369/888, Lx 1.7054, Lu 0.1351, Penalty 0.0478, loss 1.8883
Epoch 9, Batch 370/888, Lx 1.7589, Lu 0.0889, Penalty 0.0564, loss 1.9042
Epoch 9, Batch 371/888, Lx 1.6470, Lu 0.1173, Penalty 0.0566, loss 1.8209
Epoch 9, Batch 372/888, Lx 1.6854, Lu 0.1237, Penalty 0.0521, loss 1.8611
Epoch 9, Batch 373/888, Lx 1.8753, Lu 0.2235, Penalty 0.0200, loss 2.1188
Epoch 9, Batch 374/888, Lx 1.7171, Lu 0.1165, Penalty 0.0147, loss 1.8483
Epoch 9, Batch 375/888, Lx 1.6711, Lu 0.1316, Penalty 0.0271, loss 1.8298
Epoch 9, Batch 376/888, Lx 1.9117, Lu 0.1730, Penalty 0.0550, loss 2.1397
Epoch 9, Batch 377/888, Lx 1.8757, Lu 0.1436, Penalty 0.0581, loss 2.0774
Epoch 9, Batch 378/888, Lx 1.6155, Lu 0.1217, Penalty 0.0491, loss 1.7864
Epoch 9, Batch 379/888, Lx 1.7924, Lu 0.1593, Penalty 0.0459, loss 1.9976
Epoch 9, Batch 380/888, Lx 1.4872, Lu 0.1120, Penalty 0.0798, loss 1.6790
Epoch 9, Batch 381/888, Lx 1.7253, Lu 0.0998, Penalty 0.0487, loss 1.8738
Epoch 9, Batch 382/888, Lx 1.6550, Lu 0.1293, Penalty 0.0538, loss 1.8382
Epoch 9, Batch 383/888, Lx 1.4733, Lu 0.0832, Penalty 0.0354, loss 1.5919
Epoch 9, Batch 384/888, Lx 1.7438, Lu 0.1806, Penalty 0.0249, loss 1.9493
Epoch 9, Batch 385/888, Lx 1.7185, Lu 0.0977, Penalty 0.0266, loss 1.8428
Epoch 9, Batch 386/888, Lx 1.5060, Lu 0.0986, Penalty 0.0217, loss 1.6264
Epoch 9, Batch 387/888, Lx 1.6999, Lu 0.1255, Penalty 0.0300, loss 1.8554
Epoch 9, Batch 388/888, Lx 1.6603, Lu 0.1025, Penalty 0.0584, loss 1.8212
Epoch 9, Batch 389/888, Lx 1.6924, Lu 0.1067, Penalty 0.0688, loss 1.8680
Epoch 9, Batch 390/888, Lx 1.6044, Lu 0.1495, Penalty 0.0564, loss 1.8103
Epoch 9, Batch 391/888, Lx 1.8028, Lu 0.1303, Penalty 0.0532, loss 1.9863
Epoch 9, Batch 392/888, Lx 1.5640, Lu 0.1616, Penalty 0.0768, loss 1.8024
Epoch 9, Batch 393/888, Lx 1.5825, Lu 0.1070, Penalty 0.0870, loss 1.7765
Epoch 9, Batch 394/888, Lx 1.7523, Lu 0.1319, Penalty 0.0964, loss 1.9807
Epoch 9, Batch 395/888, Lx 1.4682, Lu 0.0984, Penalty 0.0805, loss 1.6471
Epoch 9, Batch 396/888, Lx 1.4998, Lu 0.0759, Penalty 0.0932, loss 1.6690
Epoch 9, Batch 397/888, Lx 1.3811, Lu 0.0964, Penalty 0.0735, loss 1.5510
Epoch 9, Batch 398/888, Lx 1.6810, Lu 0.1139, Penalty 0.0391, loss 1.8340
Epoch 9, Batch 399/888, Lx 1.7270, Lu 0.1707, Penalty 0.0809, loss 1.9787
Epoch 9, Batch 400/888, Lx 1.7257, Lu 0.1591, Penalty 0.0404, loss 1.9253
Epoch 9, Batch 401/888, Lx 1.8888, Lu 0.1364, Penalty 0.0936, loss 2.1188
Epoch 9, Batch 402/888, Lx 1.3716, Lu 0.0638, Penalty 0.0924, loss 1.5278
Epoch 9, Batch 403/888, Lx 1.7627, Lu 0.1572, Penalty 0.0247, loss 1.9446
Epoch 9, Batch 404/888, Lx 1.7773, Lu 0.1326, Penalty 0.0534, loss 1.9633
Epoch 9, Batch 405/888, Lx 1.7143, Lu 0.1032, Penalty 0.0317, loss 1.8492
Epoch 9, Batch 406/888, Lx 1.6021, Lu 0.1655, Penalty 0.0854, loss 1.8530
Epoch 9, Batch 407/888, Lx 1.6199, Lu 0.1083, Penalty 0.0458, loss 1.7740
Epoch 9, Batch 408/888, Lx 1.7169, Lu 0.1815, Penalty 0.0544, loss 1.9528
Epoch 9, Batch 409/888, Lx 1.6749, Lu 0.1172, Penalty 0.0611, loss 1.8532
Epoch 9, Batch 410/888, Lx 1.7770, Lu 0.1690, Penalty 0.0472, loss 1.9932
Epoch 9, Batch 411/888, Lx 1.7663, Lu 0.1551, Penalty 0.0298, loss 1.9512
Epoch 9, Batch 412/888, Lx 1.6779, Lu 0.1486, Penalty 0.0371, loss 1.8636
Epoch 9, Batch 413/888, Lx 1.5860, Lu 0.1284, Penalty 0.0274, loss 1.7418
Epoch 9, Batch 414/888, Lx 1.7668, Lu 0.1442, Penalty 0.0897, loss 2.0006
Epoch 9, Batch 415/888, Lx 1.7539, Lu 0.1597, Penalty 0.1426, loss 2.0562
Epoch 9, Batch 416/888, Lx 1.6572, Lu 0.1275, Penalty 0.0264, loss 1.8111
Epoch 9, Batch 417/888, Lx 1.7599, Lu 0.1261, Penalty 0.0501, loss 1.9360
Epoch 9, Batch 418/888, Lx 1.6192, Lu 0.0895, Penalty 0.0581, loss 1.7669
Epoch 9, Batch 419/888, Lx 1.5667, Lu 0.1144, Penalty 0.0623, loss 1.7434
Epoch 9, Batch 420/888, Lx 1.8181, Lu 0.1880, Penalty 0.0534, loss 2.0596
Epoch 9, Batch 421/888, Lx 1.5722, Lu 0.0940, Penalty 0.0184, loss 1.6846
Epoch 9, Batch 422/888, Lx 1.6228, Lu 0.1344, Penalty 0.0972, loss 1.8545
Epoch 9, Batch 423/888, Lx 1.8284, Lu 0.1250, Penalty 0.0663, loss 2.0196
Epoch 9, Batch 424/888, Lx 1.6105, Lu 0.1396, Penalty 0.0468, loss 1.7969
Epoch 9, Batch 425/888, Lx 1.7870, Lu 0.1588, Penalty 0.0457, loss 1.9915
Epoch 9, Batch 426/888, Lx 1.6180, Lu 0.1116, Penalty 0.0749, loss 1.8045
Epoch 9, Batch 427/888, Lx 1.6827, Lu 0.1509, Penalty 0.0684, loss 1.9020
Epoch 9, Batch 428/888, Lx 1.6623, Lu 0.1380, Penalty 0.0183, loss 1.8185
Epoch 9, Batch 429/888, Lx 1.6937, Lu 0.1579, Penalty 0.0551, loss 1.9068
Epoch 9, Batch 430/888, Lx 1.6205, Lu 0.1250, Penalty 0.0537, loss 1.7992
Epoch 9, Batch 431/888, Lx 1.6342, Lu 0.1408, Penalty 0.1164, loss 1.8915
Epoch 9, Batch 432/888, Lx 1.8046, Lu 0.1452, Penalty 0.0745, loss 2.0243
Epoch 9, Batch 433/888, Lx 1.6114, Lu 0.1207, Penalty 0.0643, loss 1.7963
Epoch 9, Batch 434/888, Lx 1.7197, Lu 0.1380, Penalty 0.0729, loss 1.9305
Epoch 9, Batch 435/888, Lx 1.7068, Lu 0.1719, Penalty 0.0185, loss 1.8973
Epoch 9, Batch 436/888, Lx 1.7375, Lu 0.1584, Penalty 0.0292, loss 1.9251
Epoch 9, Batch 437/888, Lx 1.6454, Lu 0.1117, Penalty 0.0678, loss 1.8250
Epoch 9, Batch 438/888, Lx 1.6934, Lu 0.1002, Penalty 0.0822, loss 1.8758
Epoch 9, Batch 439/888, Lx 1.7664, Lu 0.1090, Penalty 0.1242, loss 1.9995
Epoch 9, Batch 440/888, Lx 1.5851, Lu 0.1080, Penalty 0.1086, loss 1.8017
Epoch 9, Batch 441/888, Lx 1.5676, Lu 0.0893, Penalty 0.1675, loss 1.8243
Epoch 9, Batch 442/888, Lx 1.5229, Lu 0.1112, Penalty 0.0887, loss 1.7227
Epoch 9, Batch 443/888, Lx 1.5168, Lu 0.1290, Penalty 0.0223, loss 1.6681
Epoch 9, Batch 444/888, Lx 1.7161, Lu 0.1003, Penalty 0.0692, loss 1.8856
Epoch 9, Batch 445/888, Lx 1.7622, Lu 0.1568, Penalty 0.0461, loss 1.9651
Epoch 9, Batch 446/888, Lx 1.7158, Lu 0.1143, Penalty 0.0765, loss 1.9066
Epoch 9, Batch 447/888, Lx 1.6999, Lu 0.1539, Penalty 0.0607, loss 1.9145
Epoch 9, Batch 448/888, Lx 1.8005, Lu 0.1512, Penalty 0.0540, loss 2.0058
Epoch 9, Batch 449/888, Lx 1.7772, Lu 0.2185, Penalty 0.0946, loss 2.0903
Epoch 9, Batch 450/888, Lx 1.8476, Lu 0.1319, Penalty 0.0470, loss 2.0264
Epoch 9, Batch 451/888, Lx 1.6394, Lu 0.1553, Penalty 0.0790, loss 1.8737
Epoch 9, Batch 452/888, Lx 1.7533, Lu 0.1719, Penalty 0.0469, loss 1.9720
Epoch 9, Batch 453/888, Lx 1.7307, Lu 0.1473, Penalty 0.0403, loss 1.9184
Epoch 9, Batch 454/888, Lx 1.7041, Lu 0.1383, Penalty 0.0740, loss 1.9164
Epoch 9, Batch 455/888, Lx 1.6343, Lu 0.0953, Penalty 0.0601, loss 1.7897
Epoch 9, Batch 456/888, Lx 1.5937, Lu 0.0735, Penalty 0.1067, loss 1.7739
Epoch 9, Batch 457/888, Lx 1.8165, Lu 0.1702, Penalty 0.0495, loss 2.0363
Epoch 9, Batch 458/888, Lx 1.6011, Lu 0.1227, Penalty 0.0624, loss 1.7862
Epoch 9, Batch 459/888, Lx 1.7641, Lu 0.1011, Penalty 0.0486, loss 1.9138
Epoch 9, Batch 460/888, Lx 1.6001, Lu 0.1256, Penalty 0.0280, loss 1.7537
Epoch 9, Batch 461/888, Lx 1.8000, Lu 0.1370, Penalty 0.0493, loss 1.9862
Epoch 9, Batch 462/888, Lx 1.7530, Lu 0.1470, Penalty 0.0264, loss 1.9263
Epoch 9, Batch 463/888, Lx 1.7841, Lu 0.1429, Penalty 0.0683, loss 1.9952
Epoch 9, Batch 464/888, Lx 1.6350, Lu 0.1645, Penalty 0.0153, loss 1.8148
Epoch 9, Batch 465/888, Lx 1.7329, Lu 0.1187, Penalty 0.0951, loss 1.9467
Epoch 9, Batch 466/888, Lx 1.7010, Lu 0.1480, Penalty 0.0632, loss 1.9122
Epoch 9, Batch 467/888, Lx 1.5719, Lu 0.1019, Penalty 0.0472, loss 1.7210
Epoch 9, Batch 468/888, Lx 1.8130, Lu 0.1084, Penalty 0.0734, loss 1.9948
Epoch 9, Batch 469/888, Lx 1.8347, Lu 0.1877, Penalty 0.0720, loss 2.0945
Epoch 9, Batch 470/888, Lx 1.6611, Lu 0.1435, Penalty 0.0404, loss 1.8451
Epoch 9, Batch 471/888, Lx 1.5992, Lu 0.0934, Penalty 0.0907, loss 1.7833
Epoch 9, Batch 472/888, Lx 1.7310, Lu 0.1591, Penalty 0.0509, loss 1.9409
Epoch 9, Batch 473/888, Lx 1.7588, Lu 0.1535, Penalty 0.0146, loss 1.9269
Epoch 9, Batch 474/888, Lx 1.5710, Lu 0.1078, Penalty 0.0512, loss 1.7299
Epoch 9, Batch 475/888, Lx 1.6730, Lu 0.1343, Penalty 0.0946, loss 1.9019
Epoch 9, Batch 476/888, Lx 1.8114, Lu 0.1356, Penalty 0.0373, loss 1.9843
Epoch 9, Batch 477/888, Lx 1.7371, Lu 0.1558, Penalty 0.0292, loss 1.9221
Epoch 9, Batch 478/888, Lx 1.6631, Lu 0.1203, Penalty 0.0529, loss 1.8363
Epoch 9, Batch 479/888, Lx 1.6819, Lu 0.1887, Penalty 0.0583, loss 1.9288
Epoch 9, Batch 480/888, Lx 1.6213, Lu 0.1193, Penalty 0.0801, loss 1.8207
Epoch 9, Batch 481/888, Lx 1.6852, Lu 0.1117, Penalty 0.0895, loss 1.8865
Epoch 9, Batch 482/888, Lx 1.5408, Lu 0.0981, Penalty 0.0721, loss 1.7110
Epoch 9, Batch 483/888, Lx 1.6436, Lu 0.1391, Penalty 0.0464, loss 1.8291
Epoch 9, Batch 484/888, Lx 1.7479, Lu 0.0902, Penalty 0.0596, loss 1.8976
Epoch 9, Batch 485/888, Lx 1.7431, Lu 0.1114, Penalty 0.0567, loss 1.9113
Epoch 9, Batch 486/888, Lx 1.5617, Lu 0.1097, Penalty 0.0982, loss 1.7695
Epoch 9, Batch 487/888, Lx 1.6976, Lu 0.1383, Penalty 0.0896, loss 1.9254
Epoch 9, Batch 488/888, Lx 1.7213, Lu 0.1303, Penalty 0.0606, loss 1.9122
Epoch 9, Batch 489/888, Lx 1.6865, Lu 0.1642, Penalty 0.0717, loss 1.9225
Epoch 9, Batch 490/888, Lx 1.7233, Lu 0.0955, Penalty 0.0477, loss 1.8664
Epoch 9, Batch 491/888, Lx 1.4907, Lu 0.0792, Penalty 0.0638, loss 1.6337
Epoch 9, Batch 492/888, Lx 1.3692, Lu 0.1171, Penalty 0.0719, loss 1.5581
Epoch 9, Batch 493/888, Lx 1.5802, Lu 0.1138, Penalty 0.0617, loss 1.7557
Epoch 9, Batch 494/888, Lx 1.7468, Lu 0.1782, Penalty 0.0366, loss 1.9615
Epoch 9, Batch 495/888, Lx 1.6540, Lu 0.1196, Penalty 0.0545, loss 1.8281
Epoch 9, Batch 496/888, Lx 1.6097, Lu 0.1384, Penalty 0.0407, loss 1.7888
Epoch 9, Batch 497/888, Lx 1.7145, Lu 0.1451, Penalty 0.0337, loss 1.8932
Epoch 9, Batch 498/888, Lx 1.7055, Lu 0.1075, Penalty 0.0514, loss 1.8645
Epoch 9, Batch 499/888, Lx 1.7322, Lu 0.1506, Penalty 0.0778, loss 1.9606
Epoch 9, Batch 500/888, Lx 1.6333, Lu 0.1271, Penalty 0.0885, loss 1.8489
Epoch 9, Batch 501/888, Lx 1.8872, Lu 0.1817, Penalty 0.0929, loss 2.1619
Epoch 9, Batch 502/888, Lx 1.7416, Lu 0.1495, Penalty 0.0147, loss 1.9058
Epoch 9, Batch 503/888, Lx 1.4730, Lu 0.1078, Penalty 0.1058, loss 1.6866
Epoch 9, Batch 504/888, Lx 1.7975, Lu 0.1135, Penalty 0.0227, loss 1.9337
Epoch 9, Batch 505/888, Lx 1.5687, Lu 0.0806, Penalty 0.0721, loss 1.7214
Epoch 9, Batch 506/888, Lx 1.5801, Lu 0.1172, Penalty 0.0835, loss 1.7807
Epoch 9, Batch 507/888, Lx 1.5435, Lu 0.1429, Penalty 0.1452, loss 1.8316
Epoch 9, Batch 508/888, Lx 1.6563, Lu 0.1382, Penalty 0.0444, loss 1.8389
Epoch 9, Batch 509/888, Lx 1.7981, Lu 0.2062, Penalty 0.0339, loss 2.0382
Epoch 9, Batch 510/888, Lx 1.7142, Lu 0.1367, Penalty 0.0371, loss 1.8879
Epoch 9, Batch 511/888, Lx 1.7239, Lu 0.1443, Penalty 0.0345, loss 1.9027
Epoch 9, Batch 512/888, Lx 1.9140, Lu 0.1267, Penalty 0.0414, loss 2.0821
Epoch 9, Batch 513/888, Lx 1.6456, Lu 0.1332, Penalty 0.0430, loss 1.8219
Epoch 9, Batch 514/888, Lx 1.7007, Lu 0.1391, Penalty 0.0640, loss 1.9038
Epoch 9, Batch 515/888, Lx 1.9031, Lu 0.1076, Penalty 0.0180, loss 2.0288
Epoch 9, Batch 516/888, Lx 1.6847, Lu 0.1403, Penalty 0.0660, loss 1.8910
Epoch 9, Batch 517/888, Lx 1.6437, Lu 0.1193, Penalty 0.0599, loss 1.8230
Epoch 9, Batch 518/888, Lx 1.7658, Lu 0.1605, Penalty 0.0575, loss 1.9838
Epoch 9, Batch 519/888, Lx 1.6667, Lu 0.1950, Penalty 0.0207, loss 1.8824
Epoch 9, Batch 520/888, Lx 1.6369, Lu 0.0947, Penalty 0.0295, loss 1.7610
Epoch 9, Batch 521/888, Lx 1.7911, Lu 0.1583, Penalty 0.0518, loss 2.0013
Epoch 9, Batch 522/888, Lx 1.8265, Lu 0.1054, Penalty 0.0221, loss 1.9540
Epoch 9, Batch 523/888, Lx 1.5533, Lu 0.1299, Penalty 0.1013, loss 1.7845
Epoch 9, Batch 524/888, Lx 1.4957, Lu 0.0993, Penalty 0.0258, loss 1.6208
Epoch 9, Batch 525/888, Lx 1.7395, Lu 0.1409, Penalty 0.0663, loss 1.9467
Epoch 9, Batch 526/888, Lx 1.5512, Lu 0.1086, Penalty 0.0788, loss 1.7386
Epoch 9, Batch 527/888, Lx 1.8605, Lu 0.0968, Penalty 0.0940, loss 2.0512
Epoch 9, Batch 528/888, Lx 1.7078, Lu 0.1108, Penalty 0.0793, loss 1.8979
Epoch 9, Batch 529/888, Lx 1.6345, Lu 0.0965, Penalty 0.0724, loss 1.8034
Epoch 9, Batch 530/888, Lx 1.8125, Lu 0.1377, Penalty 0.0580, loss 2.0081
Epoch 9, Batch 531/888, Lx 1.8204, Lu 0.1666, Penalty 0.0251, loss 2.0121
Epoch 9, Batch 532/888, Lx 1.6001, Lu 0.1345, Penalty 0.0548, loss 1.7894
Epoch 9, Batch 533/888, Lx 1.6797, Lu 0.0980, Penalty 0.0618, loss 1.8395
Epoch 9, Batch 534/888, Lx 1.6381, Lu 0.1277, Penalty 0.0445, loss 1.8104
Epoch 9, Batch 535/888, Lx 1.7260, Lu 0.1031, Penalty 0.0438, loss 1.8728
Epoch 9, Batch 536/888, Lx 1.6289, Lu 0.1295, Penalty 0.0350, loss 1.7933
Epoch 9, Batch 537/888, Lx 1.5813, Lu 0.1277, Penalty 0.0391, loss 1.7480
Epoch 9, Batch 538/888, Lx 1.5862, Lu 0.1395, Penalty 0.0501, loss 1.7758
Epoch 9, Batch 539/888, Lx 1.6886, Lu 0.1315, Penalty 0.0827, loss 1.9027
Epoch 9, Batch 540/888, Lx 1.6758, Lu 0.1501, Penalty 0.0438, loss 1.8697
Epoch 9, Batch 541/888, Lx 1.6627, Lu 0.1572, Penalty 0.0763, loss 1.8962
Epoch 9, Batch 542/888, Lx 1.7372, Lu 0.1181, Penalty 0.0522, loss 1.9075
Epoch 9, Batch 543/888, Lx 1.4706, Lu 0.1079, Penalty 0.0698, loss 1.6482
Epoch 9, Batch 544/888, Lx 1.7389, Lu 0.1316, Penalty 0.0473, loss 1.9178
Epoch 9, Batch 545/888, Lx 1.6888, Lu 0.1508, Penalty 0.0567, loss 1.8963
Epoch 9, Batch 546/888, Lx 1.6399, Lu 0.1467, Penalty 0.0510, loss 1.8376
Epoch 9, Batch 547/888, Lx 1.8984, Lu 0.1265, Penalty 0.0734, loss 2.0983
Epoch 9, Batch 548/888, Lx 1.7573, Lu 0.2087, Penalty 0.0574, loss 2.0233
Epoch 9, Batch 549/888, Lx 1.5993, Lu 0.0837, Penalty 0.0658, loss 1.7488
Epoch 9, Batch 550/888, Lx 1.5383, Lu 0.1164, Penalty 0.0352, loss 1.6899
Epoch 9, Batch 551/888, Lx 1.6565, Lu 0.1593, Penalty 0.0587, loss 1.8745
Epoch 9, Batch 552/888, Lx 1.5906, Lu 0.0999, Penalty 0.1386, loss 1.8290
Epoch 9, Batch 553/888, Lx 1.8097, Lu 0.1168, Penalty 0.0547, loss 1.9813
Epoch 9, Batch 554/888, Lx 1.8908, Lu 0.1494, Penalty 0.0391, loss 2.0794
Epoch 9, Batch 555/888, Lx 1.7083, Lu 0.1603, Penalty 0.0783, loss 1.9469
Epoch 9, Batch 556/888, Lx 1.5903, Lu 0.0977, Penalty 0.0425, loss 1.7306
Epoch 9, Batch 557/888, Lx 1.5008, Lu 0.1023, Penalty 0.0463, loss 1.6495
Epoch 9, Batch 558/888, Lx 1.7006, Lu 0.1265, Penalty 0.1207, loss 1.9478
Epoch 9, Batch 559/888, Lx 1.6961, Lu 0.1403, Penalty 0.0335, loss 1.8699
Epoch 9, Batch 560/888, Lx 1.7856, Lu 0.0920, Penalty 0.0803, loss 1.9580
Epoch 9, Batch 561/888, Lx 1.6220, Lu 0.1193, Penalty 0.0366, loss 1.7779
Epoch 9, Batch 562/888, Lx 1.7448, Lu 0.1280, Penalty 0.0615, loss 1.9343
Epoch 9, Batch 563/888, Lx 1.6576, Lu 0.1341, Penalty 0.0417, loss 1.8333
Epoch 9, Batch 564/888, Lx 1.5993, Lu 0.0990, Penalty 0.0525, loss 1.7507
Epoch 9, Batch 565/888, Lx 1.6140, Lu 0.1159, Penalty 0.0879, loss 1.8178
Epoch 9, Batch 566/888, Lx 1.5779, Lu 0.1066, Penalty 0.1029, loss 1.7874
Epoch 9, Batch 567/888, Lx 1.6208, Lu 0.1402, Penalty 0.0509, loss 1.8118
Epoch 9, Batch 568/888, Lx 1.7097, Lu 0.1286, Penalty 0.0852, loss 1.9235
Epoch 9, Batch 569/888, Lx 1.8188, Lu 0.1697, Penalty 0.0660, loss 2.0546
Epoch 9, Batch 570/888, Lx 1.6650, Lu 0.1546, Penalty 0.0479, loss 1.8675
Epoch 9, Batch 571/888, Lx 1.6977, Lu 0.1237, Penalty 0.0220, loss 1.8434
Epoch 9, Batch 572/888, Lx 1.7108, Lu 0.1170, Penalty 0.0268, loss 1.8547
Epoch 9, Batch 573/888, Lx 1.6461, Lu 0.1530, Penalty 0.0274, loss 1.8265
Epoch 9, Batch 574/888, Lx 1.6600, Lu 0.0840, Penalty 0.0246, loss 1.7685
Epoch 9, Batch 575/888, Lx 1.7417, Lu 0.1600, Penalty 0.0813, loss 1.9831
Epoch 9, Batch 576/888, Lx 1.5497, Lu 0.0889, Penalty 0.0400, loss 1.6786
Epoch 9, Batch 577/888, Lx 1.6898, Lu 0.1380, Penalty 0.0599, loss 1.8877
Epoch 9, Batch 578/888, Lx 1.5729, Lu 0.1279, Penalty 0.0148, loss 1.7156
Epoch 9, Batch 579/888, Lx 1.6922, Lu 0.0934, Penalty 0.0473, loss 1.8329
Epoch 9, Batch 580/888, Lx 1.7085, Lu 0.1455, Penalty 0.0448, loss 1.8988
Epoch 9, Batch 581/888, Lx 1.6012, Lu 0.1269, Penalty 0.0436, loss 1.7717
Epoch 9, Batch 582/888, Lx 1.8299, Lu 0.1369, Penalty 0.0429, loss 2.0097
Epoch 9, Batch 583/888, Lx 1.9642, Lu 0.1720, Penalty 0.0590, loss 2.1952
Epoch 9, Batch 584/888, Lx 1.7112, Lu 0.1406, Penalty 0.0429, loss 1.8947
Epoch 9, Batch 585/888, Lx 1.6812, Lu 0.1177, Penalty 0.0578, loss 1.8566
Epoch 9, Batch 586/888, Lx 1.5340, Lu 0.1344, Penalty 0.0603, loss 1.7286
Epoch 9, Batch 587/888, Lx 1.4026, Lu 0.0951, Penalty 0.1147, loss 1.6124
Epoch 9, Batch 588/888, Lx 1.7406, Lu 0.1404, Penalty 0.1833, loss 2.0643
Epoch 9, Batch 589/888, Lx 1.8615, Lu 0.1596, Penalty 0.0756, loss 2.0967
Epoch 9, Batch 590/888, Lx 1.5141, Lu 0.1450, Penalty 0.0327, loss 1.6918
Epoch 9, Batch 591/888, Lx 1.6793, Lu 0.1866, Penalty 0.1089, loss 1.9748
Epoch 9, Batch 592/888, Lx 1.7742, Lu 0.1530, Penalty 0.0654, loss 1.9926
Epoch 9, Batch 593/888, Lx 1.7751, Lu 0.2411, Penalty 0.0374, loss 2.0536
Epoch 9, Batch 594/888, Lx 1.6824, Lu 0.1129, Penalty 0.0446, loss 1.8399
Epoch 9, Batch 595/888, Lx 1.6192, Lu 0.1268, Penalty 0.0532, loss 1.7992
Epoch 9, Batch 596/888, Lx 1.6419, Lu 0.1187, Penalty 0.0706, loss 1.8313
Epoch 9, Batch 597/888, Lx 1.6235, Lu 0.1788, Penalty 0.0680, loss 1.8703
Epoch 9, Batch 598/888, Lx 1.5766, Lu 0.1396, Penalty 0.0546, loss 1.7708
Epoch 9, Batch 599/888, Lx 1.4792, Lu 0.0833, Penalty 0.0839, loss 1.6464
Epoch 9, Batch 600/888, Lx 1.5992, Lu 0.1049, Penalty 0.0733, loss 1.7774
Epoch 9, Batch 601/888, Lx 1.7746, Lu 0.1511, Penalty 0.0302, loss 1.9558
Epoch 9, Batch 602/888, Lx 1.7066, Lu 0.1422, Penalty 0.0595, loss 1.9084
Epoch 9, Batch 603/888, Lx 1.8538, Lu 0.1183, Penalty 0.0576, loss 2.0296
Epoch 9, Batch 604/888, Lx 1.7804, Lu 0.1345, Penalty 0.0492, loss 1.9640
Epoch 9, Batch 605/888, Lx 1.7344, Lu 0.1741, Penalty 0.0264, loss 1.9349
Epoch 9, Batch 606/888, Lx 1.5970, Lu 0.1503, Penalty 0.0665, loss 1.8138
Epoch 9, Batch 607/888, Lx 1.6727, Lu 0.1498, Penalty 0.0490, loss 1.8716
Epoch 9, Batch 608/888, Lx 1.4754, Lu 0.1198, Penalty 0.0454, loss 1.6405
Epoch 9, Batch 609/888, Lx 1.5538, Lu 0.1086, Penalty 0.0308, loss 1.6932
Epoch 9, Batch 610/888, Lx 1.7148, Lu 0.1021, Penalty 0.0526, loss 1.8695
Epoch 9, Batch 611/888, Lx 1.7628, Lu 0.1486, Penalty 0.0766, loss 1.9881
Epoch 9, Batch 612/888, Lx 1.6055, Lu 0.1074, Penalty 0.0226, loss 1.7355
Epoch 9, Batch 613/888, Lx 1.6933, Lu 0.1326, Penalty 0.0186, loss 1.8445
Epoch 9, Batch 614/888, Lx 1.6341, Lu 0.1449, Penalty 0.0283, loss 1.8073
Epoch 9, Batch 615/888, Lx 1.5821, Lu 0.1180, Penalty 0.0688, loss 1.7689
Epoch 9, Batch 616/888, Lx 1.8380, Lu 0.1288, Penalty 0.0758, loss 2.0426
Epoch 9, Batch 617/888, Lx 1.6531, Lu 0.1276, Penalty 0.0213, loss 1.8020
Epoch 9, Batch 618/888, Lx 1.6435, Lu 0.1312, Penalty 0.0806, loss 1.8553
Epoch 9, Batch 619/888, Lx 1.5899, Lu 0.1239, Penalty 0.0497, loss 1.7636
Epoch 9, Batch 620/888, Lx 1.7312, Lu 0.1282, Penalty 0.0503, loss 1.9097
Epoch 9, Batch 621/888, Lx 1.5676, Lu 0.1346, Penalty 0.0437, loss 1.7459
Epoch 9, Batch 622/888, Lx 1.7500, Lu 0.1656, Penalty 0.0920, loss 2.0075
Epoch 9, Batch 623/888, Lx 1.7741, Lu 0.1534, Penalty 0.0541, loss 1.9817
Epoch 9, Batch 624/888, Lx 1.7694, Lu 0.1273, Penalty 0.0565, loss 1.9532
Epoch 9, Batch 625/888, Lx 1.4708, Lu 0.1223, Penalty 0.0461, loss 1.6393
Epoch 9, Batch 626/888, Lx 1.9091, Lu 0.1865, Penalty 0.1014, loss 2.1969
Epoch 9, Batch 627/888, Lx 1.7042, Lu 0.1212, Penalty 0.0583, loss 1.8837
Epoch 9, Batch 628/888, Lx 1.8162, Lu 0.0987, Penalty 0.0542, loss 1.9690
Epoch 9, Batch 629/888, Lx 1.7930, Lu 0.1405, Penalty 0.1261, loss 2.0597
Epoch 9, Batch 630/888, Lx 1.6257, Lu 0.0961, Penalty 0.0369, loss 1.7587
Epoch 9, Batch 631/888, Lx 1.6990, Lu 0.1742, Penalty 0.0389, loss 1.9121
Epoch 9, Batch 632/888, Lx 1.5220, Lu 0.1794, Penalty 0.1030, loss 1.8043
Epoch 9, Batch 633/888, Lx 1.5189, Lu 0.1394, Penalty 0.0482, loss 1.7065
Epoch 9, Batch 634/888, Lx 1.6129, Lu 0.1266, Penalty 0.0713, loss 1.8108
Epoch 9, Batch 635/888, Lx 1.4882, Lu 0.1081, Penalty 0.0677, loss 1.6640
Epoch 9, Batch 636/888, Lx 1.8067, Lu 0.1509, Penalty 0.0408, loss 1.9984
Epoch 9, Batch 637/888, Lx 1.6458, Lu 0.1373, Penalty 0.1853, loss 1.9684
Epoch 9, Batch 638/888, Lx 1.7566, Lu 0.1270, Penalty 0.0448, loss 1.9284
Epoch 9, Batch 639/888, Lx 1.5397, Lu 0.1321, Penalty 0.0761, loss 1.7480
Epoch 9, Batch 640/888, Lx 1.7560, Lu 0.1137, Penalty 0.0647, loss 1.9344
Epoch 9, Batch 641/888, Lx 1.6438, Lu 0.1246, Penalty 0.0248, loss 1.7932
Epoch 9, Batch 642/888, Lx 1.7487, Lu 0.1794, Penalty 0.0410, loss 1.9691
Epoch 9, Batch 643/888, Lx 1.7796, Lu 0.1386, Penalty 0.0586, loss 1.9768
Epoch 9, Batch 644/888, Lx 1.7263, Lu 0.1339, Penalty 0.0755, loss 1.9357
Epoch 9, Batch 645/888, Lx 1.6183, Lu 0.1616, Penalty 0.0549, loss 1.8348
Epoch 9, Batch 646/888, Lx 1.6050, Lu 0.1030, Penalty 0.0786, loss 1.7867
Epoch 9, Batch 647/888, Lx 1.6321, Lu 0.1601, Penalty 0.0919, loss 1.8841
Epoch 9, Batch 648/888, Lx 1.6532, Lu 0.1469, Penalty 0.1200, loss 1.9201
Epoch 9, Batch 649/888, Lx 1.7659, Lu 0.1832, Penalty 0.0829, loss 2.0320
Epoch 9, Batch 650/888, Lx 1.7151, Lu 0.1372, Penalty 0.0505, loss 1.9028
Epoch 9, Batch 651/888, Lx 1.9774, Lu 0.0862, Penalty 0.1230, loss 2.1866
Epoch 9, Batch 652/888, Lx 1.8064, Lu 0.0967, Penalty 0.0699, loss 1.9731
Epoch 9, Batch 653/888, Lx 1.7618, Lu 0.1721, Penalty 0.0491, loss 1.9830
Epoch 9, Batch 654/888, Lx 1.5538, Lu 0.1455, Penalty 0.1048, loss 1.8040
Epoch 9, Batch 655/888, Lx 1.3261, Lu 0.0721, Penalty 0.0643, loss 1.4625
Epoch 9, Batch 656/888, Lx 1.6316, Lu 0.0933, Penalty 0.0654, loss 1.7903
Epoch 9, Batch 657/888, Lx 1.5864, Lu 0.1132, Penalty 0.0862, loss 1.7858
Epoch 9, Batch 658/888, Lx 1.8140, Lu 0.1715, Penalty 0.0395, loss 2.0250
Epoch 9, Batch 659/888, Lx 1.6120, Lu 0.1387, Penalty 0.0357, loss 1.7864
Epoch 9, Batch 660/888, Lx 1.6821, Lu 0.1541, Penalty 0.0622, loss 1.8984
Epoch 9, Batch 661/888, Lx 1.4857, Lu 0.1197, Penalty 0.0815, loss 1.6870
Epoch 9, Batch 662/888, Lx 1.7356, Lu 0.1214, Penalty 0.0516, loss 1.9085
Epoch 9, Batch 663/888, Lx 1.8402, Lu 0.2121, Penalty 0.0513, loss 2.1036
Epoch 9, Batch 664/888, Lx 1.7042, Lu 0.1239, Penalty 0.1073, loss 1.9354
Epoch 9, Batch 665/888, Lx 1.5578, Lu 0.1517, Penalty 0.0643, loss 1.7738
Epoch 9, Batch 666/888, Lx 1.7438, Lu 0.1227, Penalty 0.1051, loss 1.9717
Epoch 9, Batch 667/888, Lx 1.6335, Lu 0.1067, Penalty 0.0798, loss 1.8199
Epoch 9, Batch 668/888, Lx 1.7597, Lu 0.1488, Penalty 0.1086, loss 2.0170
Epoch 9, Batch 669/888, Lx 1.7518, Lu 0.1567, Penalty 0.0349, loss 1.9434
Epoch 9, Batch 670/888, Lx 1.6975, Lu 0.1519, Penalty 0.0672, loss 1.9166
Epoch 9, Batch 671/888, Lx 1.8077, Lu 0.1283, Penalty 0.0305, loss 1.9666
Epoch 9, Batch 672/888, Lx 1.7479, Lu 0.1138, Penalty 0.0591, loss 1.9208
Epoch 9, Batch 673/888, Lx 1.6538, Lu 0.1359, Penalty 0.0727, loss 1.8624
Epoch 9, Batch 674/888, Lx 1.5341, Lu 0.1209, Penalty 0.0805, loss 1.7355
Epoch 9, Batch 675/888, Lx 1.5959, Lu 0.1402, Penalty 0.0896, loss 1.8257
Epoch 9, Batch 676/888, Lx 1.6728, Lu 0.1292, Penalty 0.0953, loss 1.8973
Epoch 9, Batch 677/888, Lx 1.5774, Lu 0.1094, Penalty 0.0605, loss 1.7472
Epoch 9, Batch 678/888, Lx 1.8080, Lu 0.1611, Penalty 0.0453, loss 2.0144
Epoch 9, Batch 679/888, Lx 1.6982, Lu 0.1242, Penalty 0.0897, loss 1.9121
Epoch 9, Batch 680/888, Lx 1.7975, Lu 0.0944, Penalty 0.0325, loss 1.9243
Epoch 9, Batch 681/888, Lx 1.5777, Lu 0.1409, Penalty 0.0364, loss 1.7550
Epoch 9, Batch 682/888, Lx 1.7571, Lu 0.1335, Penalty 0.0527, loss 1.9433
Epoch 9, Batch 683/888, Lx 1.8708, Lu 0.1608, Penalty 0.0347, loss 2.0663
Epoch 9, Batch 684/888, Lx 1.8186, Lu 0.1346, Penalty 0.0597, loss 2.0129
Epoch 9, Batch 685/888, Lx 1.6983, Lu 0.1097, Penalty 0.0710, loss 1.8789
Epoch 9, Batch 686/888, Lx 1.5670, Lu 0.0987, Penalty 0.1391, loss 1.8048
Epoch 9, Batch 687/888, Lx 1.6220, Lu 0.0823, Penalty 0.0648, loss 1.7690
Epoch 9, Batch 688/888, Lx 1.5772, Lu 0.1176, Penalty 0.0406, loss 1.7354
Epoch 9, Batch 689/888, Lx 1.7598, Lu 0.1116, Penalty 0.0128, loss 1.8842
Epoch 9, Batch 690/888, Lx 1.5770, Lu 0.1095, Penalty 0.0678, loss 1.7543
Epoch 9, Batch 691/888, Lx 1.9021, Lu 0.1325, Penalty 0.0974, loss 2.1320
Epoch 9, Batch 692/888, Lx 1.5753, Lu 0.1335, Penalty 0.0347, loss 1.7435
Epoch 9, Batch 693/888, Lx 1.7508, Lu 0.1598, Penalty 0.0305, loss 1.9411
Epoch 9, Batch 694/888, Lx 1.6056, Lu 0.1311, Penalty 0.0665, loss 1.8032
Epoch 9, Batch 695/888, Lx 1.8190, Lu 0.1104, Penalty 0.0687, loss 1.9981
Epoch 9, Batch 696/888, Lx 1.9060, Lu 0.1578, Penalty 0.0210, loss 2.0848
Epoch 9, Batch 697/888, Lx 1.5325, Lu 0.0773, Penalty 0.1092, loss 1.7189
Epoch 9, Batch 698/888, Lx 1.7188, Lu 0.1628, Penalty 0.0380, loss 1.9196
Epoch 9, Batch 699/888, Lx 1.6350, Lu 0.0678, Penalty 0.0661, loss 1.7690
Epoch 9, Batch 700/888, Lx 1.6045, Lu 0.1065, Penalty 0.1022, loss 1.8132
Epoch 9, Batch 701/888, Lx 1.7087, Lu 0.1513, Penalty 0.0740, loss 1.9340
Epoch 9, Batch 702/888, Lx 1.6407, Lu 0.1223, Penalty 0.0743, loss 1.8374
Epoch 9, Batch 703/888, Lx 1.8020, Lu 0.1671, Penalty 0.0368, loss 2.0059
Epoch 9, Batch 704/888, Lx 1.6877, Lu 0.1378, Penalty 0.0567, loss 1.8822
Epoch 9, Batch 705/888, Lx 1.5599, Lu 0.1217, Penalty 0.0462, loss 1.7279
Epoch 9, Batch 706/888, Lx 1.7064, Lu 0.1169, Penalty 0.1838, loss 2.0071
Epoch 9, Batch 707/888, Lx 1.5846, Lu 0.1278, Penalty 0.0638, loss 1.7761
Epoch 9, Batch 708/888, Lx 1.8492, Lu 0.1587, Penalty 0.0349, loss 2.0427
Epoch 9, Batch 709/888, Lx 1.8717, Lu 0.2190, Penalty 0.0624, loss 2.1530
Epoch 9, Batch 710/888, Lx 1.5787, Lu 0.1252, Penalty 0.0622, loss 1.7661
Epoch 9, Batch 711/888, Lx 1.8544, Lu 0.1347, Penalty 0.0311, loss 2.0201
Epoch 9, Batch 712/888, Lx 1.7249, Lu 0.1055, Penalty 0.0297, loss 1.8602
Epoch 9, Batch 713/888, Lx 1.8129, Lu 0.1587, Penalty 0.0299, loss 2.0015
Epoch 9, Batch 714/888, Lx 1.8581, Lu 0.1669, Penalty 0.0357, loss 2.0607
Epoch 9, Batch 715/888, Lx 1.8191, Lu 0.1551, Penalty 0.0391, loss 2.0134
Epoch 9, Batch 716/888, Lx 2.0144, Lu 0.1673, Penalty 0.0618, loss 2.2435
Epoch 9, Batch 717/888, Lx 1.3389, Lu 0.0835, Penalty 0.1123, loss 1.5347
Epoch 9, Batch 718/888, Lx 1.7438, Lu 0.1460, Penalty 0.0646, loss 1.9544
Epoch 9, Batch 719/888, Lx 1.8272, Lu 0.1644, Penalty 0.0537, loss 2.0453
Epoch 9, Batch 720/888, Lx 1.5785, Lu 0.0876, Penalty 0.0701, loss 1.7362
Epoch 9, Batch 721/888, Lx 1.6141, Lu 0.1147, Penalty 0.0972, loss 1.8260
Epoch 9, Batch 722/888, Lx 1.7378, Lu 0.1551, Penalty 0.1006, loss 1.9935
Epoch 9, Batch 723/888, Lx 1.6418, Lu 0.1109, Penalty 0.1004, loss 1.8531
Epoch 9, Batch 724/888, Lx 1.6146, Lu 0.1082, Penalty 0.0459, loss 1.7687
Epoch 9, Batch 725/888, Lx 1.6847, Lu 0.1003, Penalty 0.0444, loss 1.8293
Epoch 9, Batch 726/888, Lx 1.6606, Lu 0.1346, Penalty 0.0330, loss 1.8282
Epoch 9, Batch 727/888, Lx 1.6447, Lu 0.1510, Penalty 0.0229, loss 1.8187
Epoch 9, Batch 728/888, Lx 1.8574, Lu 0.1342, Penalty 0.0143, loss 2.0058
Epoch 9, Batch 729/888, Lx 1.7041, Lu 0.1588, Penalty 0.0265, loss 1.8894
Epoch 9, Batch 730/888, Lx 1.6174, Lu 0.1673, Penalty 0.0636, loss 1.8483
Epoch 9, Batch 731/888, Lx 1.6593, Lu 0.1472, Penalty 0.0286, loss 1.8350
Epoch 9, Batch 732/888, Lx 1.6759, Lu 0.1614, Penalty 0.0753, loss 1.9126
Epoch 9, Batch 733/888, Lx 1.6362, Lu 0.1400, Penalty 0.0825, loss 1.8587
Epoch 9, Batch 734/888, Lx 1.5689, Lu 0.1241, Penalty 0.0999, loss 1.7930
Epoch 9, Batch 735/888, Lx 1.7880, Lu 0.1924, Penalty 0.0364, loss 2.0168
Epoch 9, Batch 736/888, Lx 1.5668, Lu 0.1481, Penalty 0.0600, loss 1.7749
Epoch 9, Batch 737/888, Lx 1.5762, Lu 0.0970, Penalty 0.0603, loss 1.7334
Epoch 9, Batch 738/888, Lx 1.6476, Lu 0.0985, Penalty 0.0816, loss 1.8277
Epoch 9, Batch 739/888, Lx 1.6782, Lu 0.1440, Penalty 0.0542, loss 1.8764
Epoch 9, Batch 740/888, Lx 1.7365, Lu 0.1034, Penalty 0.0428, loss 1.8827
Epoch 9, Batch 741/888, Lx 1.6728, Lu 0.1163, Penalty 0.0446, loss 1.8336
Epoch 9, Batch 742/888, Lx 1.5676, Lu 0.1057, Penalty 0.0544, loss 1.7277
Epoch 9, Batch 743/888, Lx 1.6446, Lu 0.1263, Penalty 0.0987, loss 1.8696
Epoch 9, Batch 744/888, Lx 1.6027, Lu 0.0861, Penalty 0.0927, loss 1.7814
Epoch 9, Batch 745/888, Lx 1.6647, Lu 0.1424, Penalty 0.0682, loss 1.8753
Epoch 9, Batch 746/888, Lx 1.7032, Lu 0.1603, Penalty 0.0561, loss 1.9196
Epoch 9, Batch 747/888, Lx 1.4831, Lu 0.0885, Penalty 0.0689, loss 1.6406
Epoch 9, Batch 748/888, Lx 1.8702, Lu 0.1739, Penalty 0.0311, loss 2.0752
Epoch 9, Batch 749/888, Lx 1.5497, Lu 0.1136, Penalty 0.0953, loss 1.7586
Epoch 9, Batch 750/888, Lx 1.5411, Lu 0.1276, Penalty 0.0789, loss 1.7475
Epoch 9, Batch 751/888, Lx 1.7527, Lu 0.1381, Penalty 0.0532, loss 1.9440
Epoch 9, Batch 752/888, Lx 1.6891, Lu 0.1837, Penalty 0.0403, loss 1.9132
Epoch 9, Batch 753/888, Lx 1.4183, Lu 0.0964, Penalty 0.0491, loss 1.5638
Epoch 9, Batch 754/888, Lx 1.6155, Lu 0.1280, Penalty 0.0162, loss 1.7597
Epoch 9, Batch 755/888, Lx 1.7167, Lu 0.1105, Penalty 0.0311, loss 1.8583
Epoch 9, Batch 756/888, Lx 1.8437, Lu 0.1291, Penalty 0.0430, loss 2.0157
Epoch 9, Batch 757/888, Lx 1.5821, Lu 0.1053, Penalty 0.0366, loss 1.7240
Epoch 9, Batch 758/888, Lx 1.5384, Lu 0.1190, Penalty 0.0310, loss 1.6883
Epoch 9, Batch 759/888, Lx 1.6125, Lu 0.1290, Penalty 0.0816, loss 1.8231
Epoch 9, Batch 760/888, Lx 1.4640, Lu 0.1249, Penalty 0.0926, loss 1.6816
Epoch 9, Batch 761/888, Lx 1.7348, Lu 0.1668, Penalty 0.0740, loss 1.9756
Epoch 9, Batch 762/888, Lx 1.7727, Lu 0.1899, Penalty 0.1336, loss 2.0962
Epoch 9, Batch 763/888, Lx 1.8186, Lu 0.1825, Penalty 0.0336, loss 2.0348
Epoch 9, Batch 764/888, Lx 1.6897, Lu 0.1044, Penalty 0.0529, loss 1.8470
Epoch 9, Batch 765/888, Lx 1.5334, Lu 0.0940, Penalty 0.0538, loss 1.6811
Epoch 9, Batch 766/888, Lx 1.8438, Lu 0.1334, Penalty 0.0392, loss 2.0163
Epoch 9, Batch 767/888, Lx 1.4636, Lu 0.0862, Penalty 0.0607, loss 1.6105
Epoch 9, Batch 768/888, Lx 1.7598, Lu 0.1442, Penalty 0.0852, loss 1.9891
Epoch 9, Batch 769/888, Lx 1.8022, Lu 0.0958, Penalty 0.0546, loss 1.9526
Epoch 9, Batch 770/888, Lx 1.4266, Lu 0.1017, Penalty 0.0956, loss 1.6239
Epoch 9, Batch 771/888, Lx 1.7090, Lu 0.1551, Penalty 0.0913, loss 1.9554
Epoch 9, Batch 772/888, Lx 1.6233, Lu 0.1318, Penalty 0.0663, loss 1.8214
Epoch 9, Batch 773/888, Lx 1.7318, Lu 0.1314, Penalty 0.1046, loss 1.9679
Epoch 9, Batch 774/888, Lx 1.9056, Lu 0.1662, Penalty 0.0351, loss 2.1070
Epoch 9, Batch 775/888, Lx 1.4178, Lu 0.1009, Penalty 0.0381, loss 1.5568
Epoch 9, Batch 776/888, Lx 1.6692, Lu 0.1312, Penalty 0.0648, loss 1.8652
Epoch 9, Batch 777/888, Lx 1.7723, Lu 0.1167, Penalty 0.0649, loss 1.9539
Epoch 9, Batch 778/888, Lx 1.6812, Lu 0.1300, Penalty 0.0835, loss 1.8947
Epoch 9, Batch 779/888, Lx 1.6969, Lu 0.1468, Penalty 0.0533, loss 1.8969
Epoch 9, Batch 780/888, Lx 1.6647, Lu 0.1444, Penalty 0.0397, loss 1.8488
Epoch 9, Batch 781/888, Lx 1.8694, Lu 0.2218, Penalty 0.0650, loss 2.1563
Epoch 9, Batch 782/888, Lx 1.6672, Lu 0.1725, Penalty 0.0429, loss 1.8826
Epoch 9, Batch 783/888, Lx 1.8959, Lu 0.1976, Penalty 0.0860, loss 2.1795
Epoch 9, Batch 784/888, Lx 1.8717, Lu 0.1785, Penalty 0.1119, loss 2.1621
Epoch 9, Batch 785/888, Lx 1.6012, Lu 0.1081, Penalty 0.0980, loss 1.8073
Epoch 9, Batch 786/888, Lx 1.6617, Lu 0.1578, Penalty 0.0583, loss 1.8779
Epoch 9, Batch 787/888, Lx 1.6707, Lu 0.1295, Penalty 0.0373, loss 1.8375
Epoch 9, Batch 788/888, Lx 1.7232, Lu 0.1537, Penalty 0.0379, loss 1.9148
Epoch 9, Batch 789/888, Lx 1.8146, Lu 0.1588, Penalty 0.0776, loss 2.0511
Epoch 9, Batch 790/888, Lx 1.6401, Lu 0.1960, Penalty 0.0765, loss 1.9126
Epoch 9, Batch 791/888, Lx 1.8056, Lu 0.1806, Penalty 0.0498, loss 2.0360
Epoch 9, Batch 792/888, Lx 1.7739, Lu 0.1148, Penalty 0.0464, loss 1.9351
Epoch 9, Batch 793/888, Lx 1.8582, Lu 0.1390, Penalty 0.0732, loss 2.0704
Epoch 9, Batch 794/888, Lx 1.7393, Lu 0.1549, Penalty 0.0510, loss 1.9453
Epoch 9, Batch 795/888, Lx 1.7926, Lu 0.1115, Penalty 0.0692, loss 1.9733
Epoch 9, Batch 796/888, Lx 1.5963, Lu 0.1513, Penalty 0.0552, loss 1.8027
Epoch 9, Batch 797/888, Lx 1.6744, Lu 0.1240, Penalty 0.0388, loss 1.8372
Epoch 9, Batch 798/888, Lx 1.5788, Lu 0.1067, Penalty 0.0652, loss 1.7507
Epoch 9, Batch 799/888, Lx 1.6596, Lu 0.1363, Penalty 0.0555, loss 1.8513
Epoch 9, Batch 800/888, Lx 1.5976, Lu 0.1455, Penalty 0.0819, loss 1.8250
Epoch 9, Batch 801/888, Lx 1.7403, Lu 0.1521, Penalty 0.0401, loss 1.9326
Epoch 9, Batch 802/888, Lx 1.8522, Lu 0.1701, Penalty 0.0269, loss 2.0493
Epoch 9, Batch 803/888, Lx 1.8899, Lu 0.1823, Penalty 0.0458, loss 2.1180
Epoch 9, Batch 804/888, Lx 1.7352, Lu 0.0885, Penalty 0.1203, loss 1.9440
Epoch 9, Batch 805/888, Lx 1.7512, Lu 0.1376, Penalty 0.1268, loss 2.0157
Epoch 9, Batch 806/888, Lx 1.5607, Lu 0.1031, Penalty 0.0939, loss 1.7577
Epoch 9, Batch 807/888, Lx 1.5600, Lu 0.1457, Penalty 0.0742, loss 1.7799
Epoch 9, Batch 808/888, Lx 1.8239, Lu 0.1788, Penalty 0.0565, loss 2.0591
Epoch 9, Batch 809/888, Lx 1.9515, Lu 0.2236, Penalty 0.0422, loss 2.2173
Epoch 9, Batch 810/888, Lx 1.6489, Lu 0.1623, Penalty 0.0557, loss 1.8669
Epoch 9, Batch 811/888, Lx 1.6065, Lu 0.1253, Penalty 0.1055, loss 1.8373
Epoch 9, Batch 812/888, Lx 1.8144, Lu 0.1843, Penalty 0.0258, loss 2.0244
Epoch 9, Batch 813/888, Lx 1.6510, Lu 0.1430, Penalty 0.1075, loss 1.9014
Epoch 9, Batch 814/888, Lx 1.6810, Lu 0.1191, Penalty 0.0949, loss 1.8950
Epoch 9, Batch 815/888, Lx 1.7161, Lu 0.1354, Penalty 0.0638, loss 1.9153
Epoch 9, Batch 816/888, Lx 1.5667, Lu 0.1302, Penalty 0.0858, loss 1.7827
Epoch 9, Batch 817/888, Lx 1.4608, Lu 0.1008, Penalty 0.0618, loss 1.6234
Epoch 9, Batch 818/888, Lx 1.6421, Lu 0.1472, Penalty 0.0345, loss 1.8239
Epoch 9, Batch 819/888, Lx 1.5879, Lu 0.1168, Penalty 0.0552, loss 1.7599
Epoch 9, Batch 820/888, Lx 1.8730, Lu 0.0986, Penalty 0.0836, loss 2.0552
Epoch 9, Batch 821/888, Lx 1.4955, Lu 0.1150, Penalty 0.0664, loss 1.6769
Epoch 9, Batch 822/888, Lx 1.5834, Lu 0.1222, Penalty 0.0744, loss 1.7800
Epoch 9, Batch 823/888, Lx 1.7355, Lu 0.1099, Penalty 0.0382, loss 1.8837
Epoch 9, Batch 824/888, Lx 1.7492, Lu 0.1551, Penalty 0.0559, loss 1.9603
Epoch 9, Batch 825/888, Lx 1.5761, Lu 0.1420, Penalty 0.0261, loss 1.7442
Epoch 9, Batch 826/888, Lx 1.4928, Lu 0.1036, Penalty 0.0903, loss 1.6867
Epoch 9, Batch 827/888, Lx 1.6783, Lu 0.1365, Penalty 0.0500, loss 1.8647
Epoch 9, Batch 828/888, Lx 1.4735, Lu 0.1136, Penalty 0.0551, loss 1.6421
Epoch 9, Batch 829/888, Lx 1.5852, Lu 0.1441, Penalty 0.1022, loss 1.8315
Epoch 9, Batch 830/888, Lx 1.8179, Lu 0.1740, Penalty 0.0640, loss 2.0558
Epoch 9, Batch 831/888, Lx 1.5056, Lu 0.1313, Penalty 0.0775, loss 1.7143
Epoch 9, Batch 832/888, Lx 1.4130, Lu 0.0878, Penalty 0.1049, loss 1.6057
Epoch 9, Batch 833/888, Lx 1.5388, Lu 0.1120, Penalty 0.0841, loss 1.7349
Epoch 9, Batch 834/888, Lx 1.6025, Lu 0.1428, Penalty 0.0532, loss 1.7985
Epoch 9, Batch 835/888, Lx 1.4807, Lu 0.1476, Penalty 0.0573, loss 1.6856
Epoch 9, Batch 836/888, Lx 1.6737, Lu 0.1234, Penalty 0.0574, loss 1.8546
Epoch 9, Batch 837/888, Lx 1.7148, Lu 0.1521, Penalty 0.0684, loss 1.9353
Epoch 9, Batch 838/888, Lx 1.8120, Lu 0.1666, Penalty 0.0580, loss 2.0366
Epoch 9, Batch 839/888, Lx 1.9189, Lu 0.2029, Penalty 0.1239, loss 2.2457
Epoch 9, Batch 840/888, Lx 1.5175, Lu 0.1495, Penalty 0.0396, loss 1.7066
Epoch 9, Batch 841/888, Lx 1.7573, Lu 0.1871, Penalty 0.0344, loss 1.9788
Epoch 9, Batch 842/888, Lx 1.6833, Lu 0.1248, Penalty 0.0339, loss 1.8420
Epoch 9, Batch 843/888, Lx 1.4490, Lu 0.1303, Penalty 0.0450, loss 1.6244
Epoch 9, Batch 844/888, Lx 1.5313, Lu 0.1258, Penalty 0.1580, loss 1.8150
Epoch 9, Batch 845/888, Lx 1.8003, Lu 0.1612, Penalty 0.0469, loss 2.0084
Epoch 9, Batch 846/888, Lx 1.7678, Lu 0.1334, Penalty 0.0486, loss 1.9499
Epoch 9, Batch 847/888, Lx 1.6810, Lu 0.1468, Penalty 0.0914, loss 1.9192
Epoch 9, Batch 848/888, Lx 1.6540, Lu 0.1763, Penalty 0.0415, loss 1.8718
Epoch 9, Batch 849/888, Lx 1.6749, Lu 0.1379, Penalty 0.0731, loss 1.8859
Epoch 9, Batch 850/888, Lx 1.8807, Lu 0.2366, Penalty 0.0318, loss 2.1491
Epoch 9, Batch 851/888, Lx 1.6521, Lu 0.0897, Penalty 0.0347, loss 1.7764
Epoch 9, Batch 852/888, Lx 1.6188, Lu 0.1465, Penalty 0.0806, loss 1.8459
Epoch 9, Batch 853/888, Lx 1.7121, Lu 0.0905, Penalty 0.0166, loss 1.8192
Epoch 9, Batch 854/888, Lx 1.5002, Lu 0.1478, Penalty 0.0557, loss 1.7037
Epoch 9, Batch 855/888, Lx 1.7580, Lu 0.1193, Penalty 0.0411, loss 1.9185
Epoch 9, Batch 856/888, Lx 1.6362, Lu 0.1684, Penalty 0.0297, loss 1.8343
Epoch 9, Batch 857/888, Lx 1.8035, Lu 0.1446, Penalty 0.0462, loss 1.9942
Epoch 9, Batch 858/888, Lx 1.6488, Lu 0.0957, Penalty 0.0515, loss 1.7959
Epoch 9, Batch 859/888, Lx 1.6905, Lu 0.2134, Penalty 0.0867, loss 1.9906
Epoch 9, Batch 860/888, Lx 1.7608, Lu 0.1587, Penalty 0.0334, loss 1.9529
Epoch 9, Batch 861/888, Lx 1.6713, Lu 0.1383, Penalty 0.0542, loss 1.8639
Epoch 9, Batch 862/888, Lx 1.6634, Lu 0.1061, Penalty 0.0697, loss 1.8392
Epoch 9, Batch 863/888, Lx 1.7121, Lu 0.1295, Penalty 0.0878, loss 1.9294
Epoch 9, Batch 864/888, Lx 1.7623, Lu 0.1576, Penalty 0.0804, loss 2.0003
Epoch 9, Batch 865/888, Lx 1.7561, Lu 0.1380, Penalty 0.1121, loss 2.0061
Epoch 9, Batch 866/888, Lx 1.5821, Lu 0.1256, Penalty 0.0455, loss 1.7532
Epoch 9, Batch 867/888, Lx 1.6555, Lu 0.1096, Penalty 0.0794, loss 1.8444
Epoch 9, Batch 868/888, Lx 1.6198, Lu 0.1029, Penalty 0.0919, loss 1.8147
Epoch 9, Batch 869/888, Lx 1.7018, Lu 0.1215, Penalty 0.0631, loss 1.8864
Epoch 9, Batch 870/888, Lx 1.2964, Lu 0.0946, Penalty 0.0350, loss 1.4259
Epoch 9, Batch 871/888, Lx 1.5451, Lu 0.1079, Penalty 0.0579, loss 1.7108
Epoch 9, Batch 872/888, Lx 1.7511, Lu 0.1888, Penalty 0.0438, loss 1.9838
Epoch 9, Batch 873/888, Lx 1.6024, Lu 0.1379, Penalty 0.0585, loss 1.7988
Epoch 9, Batch 874/888, Lx 1.6331, Lu 0.1321, Penalty 0.0431, loss 1.8083
Epoch 9, Batch 875/888, Lx 1.8108, Lu 0.1297, Penalty 0.0364, loss 1.9770
Epoch 9, Batch 876/888, Lx 1.6925, Lu 0.1126, Penalty 0.0460, loss 1.8511
Epoch 9, Batch 877/888, Lx 1.6516, Lu 0.0902, Penalty 0.0968, loss 1.8386
Epoch 9, Batch 878/888, Lx 1.7258, Lu 0.0945, Penalty 0.0466, loss 1.8669
Epoch 9, Batch 879/888, Lx 1.9285, Lu 0.1778, Penalty 0.0400, loss 2.1463
Epoch 9, Batch 880/888, Lx 1.7115, Lu 0.1588, Penalty 0.0445, loss 1.9148
Epoch 9, Batch 881/888, Lx 1.5519, Lu 0.0643, Penalty 0.0851, loss 1.7014
Epoch 9, Batch 882/888, Lx 1.6759, Lu 0.1218, Penalty 0.0558, loss 1.8534
Epoch 9, Batch 883/888, Lx 1.7015, Lu 0.1176, Penalty 0.0392, loss 1.8583
Epoch 9, Batch 884/888, Lx 1.7260, Lu 0.0946, Penalty 0.0384, loss 1.8589
Epoch 9, Batch 885/888, Lx 1.6365, Lu 0.1397, Penalty 0.0929, loss 1.8692
Epoch 9, Batch 886/888, Lx 1.8395, Lu 0.1546, Penalty 0.0457, loss 2.0398
Epoch 9, Batch 887/888, Lx 1.7280, Lu 0.1496, Penalty 0.0595, loss 1.9371
Epoch 9, Batch 888/888, Lx 1.4651, Lu 0.1310, Penalty 0.0469, loss 1.6431
Loss: 1.8752, Lx: 1.6765, Lu: 0.1362, Penalty: 0.0624
Training for Network 2
labelled data size: 21702
unlabelled data size: 20298
Epoch 9, Batch 1/679, Lx 1.4266, Lu 0.1504, Penalty 0.0425, loss 1.6195
Epoch 9, Batch 2/679, Lx 1.4700, Lu 0.1315, Penalty 0.0827, loss 1.6842
Epoch 9, Batch 3/679, Lx 1.5219, Lu 0.1308, Penalty 0.0480, loss 1.7006
Epoch 9, Batch 4/679, Lx 1.6664, Lu 0.1763, Penalty 0.1096, loss 1.9523
Epoch 9, Batch 5/679, Lx 1.3221, Lu 0.1162, Penalty 0.0950, loss 1.5333
Epoch 9, Batch 6/679, Lx 1.4170, Lu 0.1568, Penalty 0.0870, loss 1.6608
Epoch 9, Batch 7/679, Lx 1.5087, Lu 0.1294, Penalty 0.1729, loss 1.8109
Epoch 9, Batch 8/679, Lx 1.3047, Lu 0.1206, Penalty 0.1359, loss 1.5612
Epoch 9, Batch 9/679, Lx 1.3136, Lu 0.1094, Penalty 0.0781, loss 1.5011
Epoch 9, Batch 10/679, Lx 1.2155, Lu 0.1444, Penalty 0.0649, loss 1.4248
Epoch 9, Batch 11/679, Lx 1.1414, Lu 0.1487, Penalty 0.0907, loss 1.3807
Epoch 9, Batch 12/679, Lx 1.4777, Lu 0.1267, Penalty 0.0929, loss 1.6972
Epoch 9, Batch 13/679, Lx 1.4584, Lu 0.1162, Penalty 0.1245, loss 1.6991
Epoch 9, Batch 14/679, Lx 1.5469, Lu 0.1395, Penalty 0.1154, loss 1.8018
Epoch 9, Batch 15/679, Lx 1.4944, Lu 0.1485, Penalty 0.0781, loss 1.7210
Epoch 9, Batch 16/679, Lx 1.3863, Lu 0.1076, Penalty 0.0697, loss 1.5636
Epoch 9, Batch 17/679, Lx 1.2448, Lu 0.1227, Penalty 0.0695, loss 1.4371
Epoch 9, Batch 18/679, Lx 1.6214, Lu 0.1236, Penalty 0.0737, loss 1.8188
Epoch 9, Batch 19/679, Lx 1.5021, Lu 0.1463, Penalty 0.0714, loss 1.7198
Epoch 9, Batch 20/679, Lx 1.5196, Lu 0.1451, Penalty 0.0775, loss 1.7422
Epoch 9, Batch 21/679, Lx 1.2592, Lu 0.1256, Penalty 0.0843, loss 1.4691
Epoch 9, Batch 22/679, Lx 1.2149, Lu 0.1123, Penalty 0.0968, loss 1.4241
Epoch 9, Batch 23/679, Lx 1.4038, Lu 0.1188, Penalty 0.0823, loss 1.6049
Epoch 9, Batch 24/679, Lx 1.6212, Lu 0.1265, Penalty 0.0741, loss 1.8218
Epoch 9, Batch 25/679, Lx 1.3678, Lu 0.1213, Penalty 0.0826, loss 1.5718
Epoch 9, Batch 26/679, Lx 1.5675, Lu 0.1660, Penalty 0.0759, loss 1.8094
Epoch 9, Batch 27/679, Lx 1.5326, Lu 0.1074, Penalty 0.0732, loss 1.7132
Epoch 9, Batch 28/679, Lx 1.4004, Lu 0.1140, Penalty 0.0460, loss 1.5604
Epoch 9, Batch 29/679, Lx 1.5498, Lu 0.1288, Penalty 0.0233, loss 1.7019
Epoch 9, Batch 30/679, Lx 1.5905, Lu 0.1361, Penalty 0.0272, loss 1.7537
Epoch 9, Batch 31/679, Lx 1.4276, Lu 0.1070, Penalty 0.1018, loss 1.6364
Epoch 9, Batch 32/679, Lx 1.5138, Lu 0.1219, Penalty 0.0588, loss 1.6946
Epoch 9, Batch 33/679, Lx 1.5141, Lu 0.1555, Penalty 0.0383, loss 1.7079
Epoch 9, Batch 34/679, Lx 1.4537, Lu 0.1177, Penalty 0.0616, loss 1.6331
Epoch 9, Batch 35/679, Lx 1.4622, Lu 0.1489, Penalty 0.1139, loss 1.7250
Epoch 9, Batch 36/679, Lx 1.5259, Lu 0.1111, Penalty 0.1046, loss 1.7416
Epoch 9, Batch 37/679, Lx 1.4946, Lu 0.1461, Penalty 0.0942, loss 1.7350
Epoch 9, Batch 38/679, Lx 1.4798, Lu 0.1191, Penalty 0.1051, loss 1.7040
Epoch 9, Batch 39/679, Lx 1.2925, Lu 0.1008, Penalty 0.0916, loss 1.4848
Epoch 9, Batch 40/679, Lx 1.5959, Lu 0.1084, Penalty 0.0936, loss 1.7979
Epoch 9, Batch 41/679, Lx 1.4662, Lu 0.1215, Penalty 0.0741, loss 1.6618
Epoch 9, Batch 42/679, Lx 1.3173, Lu 0.1239, Penalty 0.1229, loss 1.5641
Epoch 9, Batch 43/679, Lx 1.4646, Lu 0.1324, Penalty 0.1613, loss 1.7583
Epoch 9, Batch 44/679, Lx 1.4610, Lu 0.1012, Penalty 0.0914, loss 1.6537
Epoch 9, Batch 45/679, Lx 1.4301, Lu 0.1191, Penalty 0.1814, loss 1.7307
Epoch 9, Batch 46/679, Lx 1.5677, Lu 0.1290, Penalty 0.1104, loss 1.8070
Epoch 9, Batch 47/679, Lx 1.4302, Lu 0.1481, Penalty 0.0547, loss 1.6330
Epoch 9, Batch 48/679, Lx 1.3770, Lu 0.1266, Penalty 0.0998, loss 1.6034
Epoch 9, Batch 49/679, Lx 1.5419, Lu 0.1326, Penalty 0.0705, loss 1.7451
Epoch 9, Batch 50/679, Lx 1.4671, Lu 0.1322, Penalty 0.0652, loss 1.6645
Epoch 9, Batch 51/679, Lx 1.5832, Lu 0.1333, Penalty 0.0511, loss 1.7676
Epoch 9, Batch 52/679, Lx 1.4016, Lu 0.0747, Penalty 0.1231, loss 1.5994
Epoch 9, Batch 53/679, Lx 1.3159, Lu 0.1216, Penalty 0.0783, loss 1.5158
Epoch 9, Batch 54/679, Lx 1.6151, Lu 0.1340, Penalty 0.0648, loss 1.8139
Epoch 9, Batch 55/679, Lx 1.5834, Lu 0.1772, Penalty 0.0969, loss 1.8575
Epoch 9, Batch 56/679, Lx 1.4239, Lu 0.1042, Penalty 0.0607, loss 1.5888
Epoch 9, Batch 57/679, Lx 1.5355, Lu 0.1094, Penalty 0.0418, loss 1.6866
Epoch 9, Batch 58/679, Lx 1.6884, Lu 0.1421, Penalty 0.0790, loss 1.9095
Epoch 9, Batch 59/679, Lx 1.4696, Lu 0.1145, Penalty 0.1253, loss 1.7094
Epoch 9, Batch 60/679, Lx 1.5143, Lu 0.1030, Penalty 0.0620, loss 1.6794
Epoch 9, Batch 61/679, Lx 1.4867, Lu 0.1332, Penalty 0.0672, loss 1.6871
Epoch 9, Batch 62/679, Lx 1.4886, Lu 0.1193, Penalty 0.0645, loss 1.6724
Epoch 9, Batch 63/679, Lx 1.5009, Lu 0.1033, Penalty 0.1145, loss 1.7188
Epoch 9, Batch 64/679, Lx 1.6117, Lu 0.0964, Penalty 0.0544, loss 1.7625
Epoch 9, Batch 65/679, Lx 1.5441, Lu 0.1219, Penalty 0.0597, loss 1.7257
Epoch 9, Batch 66/679, Lx 1.4417, Lu 0.1104, Penalty 0.0608, loss 1.6129
Epoch 9, Batch 67/679, Lx 1.5409, Lu 0.1323, Penalty 0.0651, loss 1.7383
Epoch 9, Batch 68/679, Lx 1.5613, Lu 0.1300, Penalty 0.0906, loss 1.7819
Epoch 9, Batch 69/679, Lx 1.4434, Lu 0.1115, Penalty 0.1016, loss 1.6565
Epoch 9, Batch 70/679, Lx 1.4276, Lu 0.1108, Penalty 0.0554, loss 1.5938
Epoch 9, Batch 71/679, Lx 1.5499, Lu 0.1265, Penalty 0.0808, loss 1.7573
Epoch 9, Batch 72/679, Lx 1.4900, Lu 0.1255, Penalty 0.0563, loss 1.6718
Epoch 9, Batch 73/679, Lx 1.4514, Lu 0.1094, Penalty 0.0328, loss 1.5936
Epoch 9, Batch 74/679, Lx 1.3230, Lu 0.0967, Penalty 0.1241, loss 1.5439
Epoch 9, Batch 75/679, Lx 1.2323, Lu 0.1202, Penalty 0.0895, loss 1.4420
Epoch 9, Batch 76/679, Lx 1.5986, Lu 0.1607, Penalty 0.0408, loss 1.8000
Epoch 9, Batch 77/679, Lx 1.5431, Lu 0.1461, Penalty 0.0644, loss 1.7536
Epoch 9, Batch 78/679, Lx 1.3417, Lu 0.1390, Penalty 0.1030, loss 1.5838
Epoch 9, Batch 79/679, Lx 1.4150, Lu 0.1428, Penalty 0.0657, loss 1.6235
Epoch 9, Batch 80/679, Lx 1.6102, Lu 0.1458, Penalty 0.0788, loss 1.8348
Epoch 9, Batch 81/679, Lx 1.4315, Lu 0.0935, Penalty 0.1597, loss 1.6847
Epoch 9, Batch 82/679, Lx 1.3648, Lu 0.1377, Penalty 0.1700, loss 1.6724
Epoch 9, Batch 83/679, Lx 1.6826, Lu 0.1381, Penalty 0.0803, loss 1.9009
Epoch 9, Batch 84/679, Lx 1.6633, Lu 0.1113, Penalty 0.1072, loss 1.8818
Epoch 9, Batch 85/679, Lx 1.4224, Lu 0.1375, Penalty 0.0758, loss 1.6357
Epoch 9, Batch 86/679, Lx 1.3006, Lu 0.1370, Penalty 0.1541, loss 1.5917
Epoch 9, Batch 87/679, Lx 1.5947, Lu 0.1263, Penalty 0.1032, loss 1.8243
Epoch 9, Batch 88/679, Lx 1.4935, Lu 0.1125, Penalty 0.1135, loss 1.7196
Epoch 9, Batch 89/679, Lx 1.3547, Lu 0.1160, Penalty 0.1065, loss 1.5772
Epoch 9, Batch 90/679, Lx 1.1927, Lu 0.1271, Penalty 0.0660, loss 1.3858
Epoch 9, Batch 91/679, Lx 1.4051, Lu 0.1466, Penalty 0.0565, loss 1.6083
Epoch 9, Batch 92/679, Lx 1.3762, Lu 0.1143, Penalty 0.0622, loss 1.5527
Epoch 9, Batch 93/679, Lx 1.0875, Lu 0.1131, Penalty 0.1283, loss 1.3289
Epoch 9, Batch 94/679, Lx 1.4385, Lu 0.1290, Penalty 0.0479, loss 1.6154
Epoch 9, Batch 95/679, Lx 1.5853, Lu 0.1485, Penalty 0.1210, loss 1.8548
Epoch 9, Batch 96/679, Lx 1.3363, Lu 0.1350, Penalty 0.1440, loss 1.6153
Epoch 9, Batch 97/679, Lx 1.6239, Lu 0.1544, Penalty 0.0386, loss 1.8169
Epoch 9, Batch 98/679, Lx 1.3303, Lu 0.1245, Penalty 0.0711, loss 1.5259
Epoch 9, Batch 99/679, Lx 1.2589, Lu 0.1081, Penalty 0.0564, loss 1.4234
Epoch 9, Batch 100/679, Lx 1.4142, Lu 0.1243, Penalty 0.0722, loss 1.6108
Epoch 9, Batch 101/679, Lx 1.4099, Lu 0.1212, Penalty 0.0701, loss 1.6012
Epoch 9, Batch 102/679, Lx 1.3532, Lu 0.1529, Penalty 0.1267, loss 1.6327
Epoch 9, Batch 103/679, Lx 1.5224, Lu 0.1491, Penalty 0.0386, loss 1.7101
Epoch 9, Batch 104/679, Lx 1.1757, Lu 0.1321, Penalty 0.1149, loss 1.4226
Epoch 9, Batch 105/679, Lx 1.4364, Lu 0.1515, Penalty 0.0546, loss 1.6425
Epoch 9, Batch 106/679, Lx 1.5505, Lu 0.1372, Penalty 0.0547, loss 1.7424
Epoch 9, Batch 107/679, Lx 1.4698, Lu 0.1419, Penalty 0.0895, loss 1.7012
Epoch 9, Batch 108/679, Lx 1.6060, Lu 0.1341, Penalty 0.1210, loss 1.8611
Epoch 9, Batch 109/679, Lx 1.4115, Lu 0.1060, Penalty 0.0983, loss 1.6158
Epoch 9, Batch 110/679, Lx 1.3177, Lu 0.0941, Penalty 0.0822, loss 1.4939
Epoch 9, Batch 111/679, Lx 1.5514, Lu 0.1072, Penalty 0.0742, loss 1.7328
Epoch 9, Batch 112/679, Lx 1.1432, Lu 0.1211, Penalty 0.0947, loss 1.3590
Epoch 9, Batch 113/679, Lx 1.4511, Lu 0.1210, Penalty 0.1726, loss 1.7446
Epoch 9, Batch 114/679, Lx 1.1383, Lu 0.1428, Penalty 0.1250, loss 1.4061
Epoch 9, Batch 115/679, Lx 1.3361, Lu 0.1036, Penalty 0.0905, loss 1.5303
Epoch 9, Batch 116/679, Lx 1.4339, Lu 0.0858, Penalty 0.1359, loss 1.6556
Epoch 9, Batch 117/679, Lx 1.5609, Lu 0.1129, Penalty 0.0526, loss 1.7263
Epoch 9, Batch 118/679, Lx 1.5967, Lu 0.1343, Penalty 0.0578, loss 1.7888
Epoch 9, Batch 119/679, Lx 1.3792, Lu 0.1515, Penalty 0.0422, loss 1.5728
Epoch 9, Batch 120/679, Lx 1.3702, Lu 0.1088, Penalty 0.0665, loss 1.5455
Epoch 9, Batch 121/679, Lx 1.5399, Lu 0.1366, Penalty 0.0615, loss 1.7380
Epoch 9, Batch 122/679, Lx 1.4326, Lu 0.0943, Penalty 0.0591, loss 1.5860
Epoch 9, Batch 123/679, Lx 1.4961, Lu 0.1949, Penalty 0.0458, loss 1.7369
Epoch 9, Batch 124/679, Lx 1.2613, Lu 0.0821, Penalty 0.0585, loss 1.4020
Epoch 9, Batch 125/679, Lx 1.4833, Lu 0.1437, Penalty 0.0716, loss 1.6986
Epoch 9, Batch 126/679, Lx 1.6241, Lu 0.1327, Penalty 0.0538, loss 1.8106
Epoch 9, Batch 127/679, Lx 1.6763, Lu 0.1495, Penalty 0.0685, loss 1.8943
Epoch 9, Batch 128/679, Lx 1.2674, Lu 0.1060, Penalty 0.0986, loss 1.4720
Epoch 9, Batch 129/679, Lx 1.5386, Lu 0.1202, Penalty 0.0623, loss 1.7211
Epoch 9, Batch 130/679, Lx 1.4362, Lu 0.1315, Penalty 0.1068, loss 1.6745
Epoch 9, Batch 131/679, Lx 1.4558, Lu 0.1383, Penalty 0.0880, loss 1.6822
Epoch 9, Batch 132/679, Lx 1.1716, Lu 0.0647, Penalty 0.1182, loss 1.3545
Epoch 9, Batch 133/679, Lx 1.4482, Lu 0.0929, Penalty 0.0719, loss 1.6130
Epoch 9, Batch 134/679, Lx 1.6527, Lu 0.1570, Penalty 0.0513, loss 1.8611
Epoch 9, Batch 135/679, Lx 1.1045, Lu 0.0846, Penalty 0.0630, loss 1.2521
Epoch 9, Batch 136/679, Lx 1.3971, Lu 0.1193, Penalty 0.0937, loss 1.6101
Epoch 9, Batch 137/679, Lx 1.5192, Lu 0.0914, Penalty 0.0762, loss 1.6868
Epoch 9, Batch 138/679, Lx 1.4104, Lu 0.1147, Penalty 0.1731, loss 1.6982
Epoch 9, Batch 139/679, Lx 1.4429, Lu 0.1310, Penalty 0.0739, loss 1.6478
Epoch 9, Batch 140/679, Lx 1.4512, Lu 0.1316, Penalty 0.0714, loss 1.6542
Epoch 9, Batch 141/679, Lx 1.4454, Lu 0.0986, Penalty 0.1229, loss 1.6669
Epoch 9, Batch 142/679, Lx 1.5060, Lu 0.1271, Penalty 0.1000, loss 1.7331
Epoch 9, Batch 143/679, Lx 1.4379, Lu 0.1011, Penalty 0.0897, loss 1.6286
Epoch 9, Batch 144/679, Lx 1.3303, Lu 0.1335, Penalty 0.0935, loss 1.5573
Epoch 9, Batch 145/679, Lx 1.4361, Lu 0.1226, Penalty 0.0599, loss 1.6186
Epoch 9, Batch 146/679, Lx 1.4028, Lu 0.1211, Penalty 0.0832, loss 1.6072
Epoch 9, Batch 147/679, Lx 1.3796, Lu 0.1432, Penalty 0.0652, loss 1.5880
Epoch 9, Batch 148/679, Lx 1.5025, Lu 0.1325, Penalty 0.0782, loss 1.7131
Epoch 9, Batch 149/679, Lx 1.5993, Lu 0.1568, Penalty 0.0593, loss 1.8155
Epoch 9, Batch 150/679, Lx 1.4604, Lu 0.1289, Penalty 0.0816, loss 1.6708
Epoch 9, Batch 151/679, Lx 1.5030, Lu 0.1538, Penalty 0.0995, loss 1.7563
Epoch 9, Batch 152/679, Lx 1.5013, Lu 0.1523, Penalty 0.0854, loss 1.7390
Epoch 9, Batch 153/679, Lx 1.4654, Lu 0.1366, Penalty 0.0587, loss 1.6607
Epoch 9, Batch 154/679, Lx 1.4833, Lu 0.1519, Penalty 0.0788, loss 1.7140
Epoch 9, Batch 155/679, Lx 1.3921, Lu 0.1179, Penalty 0.0791, loss 1.5891
Epoch 9, Batch 156/679, Lx 1.5120, Lu 0.1330, Penalty 0.0845, loss 1.7295
Epoch 9, Batch 157/679, Lx 1.4485, Lu 0.1080, Penalty 0.0852, loss 1.6417
Epoch 9, Batch 158/679, Lx 1.6877, Lu 0.1406, Penalty 0.0340, loss 1.8623
Epoch 9, Batch 159/679, Lx 1.4622, Lu 0.1169, Penalty 0.0949, loss 1.6740
Epoch 9, Batch 160/679, Lx 1.5398, Lu 0.0934, Penalty 0.1001, loss 1.7333
Epoch 9, Batch 161/679, Lx 1.5137, Lu 0.0902, Penalty 0.0934, loss 1.6973
Epoch 9, Batch 162/679, Lx 1.0484, Lu 0.1010, Penalty 0.1302, loss 1.2797
Epoch 9, Batch 163/679, Lx 1.4310, Lu 0.1473, Penalty 0.0929, loss 1.6712
Epoch 9, Batch 164/679, Lx 1.6450, Lu 0.1168, Penalty 0.0623, loss 1.8241
Epoch 9, Batch 165/679, Lx 1.1683, Lu 0.0866, Penalty 0.1280, loss 1.3828
Epoch 9, Batch 166/679, Lx 1.6643, Lu 0.1466, Penalty 0.0695, loss 1.8804
Epoch 9, Batch 167/679, Lx 1.6467, Lu 0.1645, Penalty 0.0642, loss 1.8754
Epoch 9, Batch 168/679, Lx 1.4824, Lu 0.1098, Penalty 0.0720, loss 1.6642
Epoch 9, Batch 169/679, Lx 1.3994, Lu 0.1071, Penalty 0.0793, loss 1.5858
Epoch 9, Batch 170/679, Lx 1.4487, Lu 0.1456, Penalty 0.1182, loss 1.7124
Epoch 9, Batch 171/679, Lx 1.5704, Lu 0.1515, Penalty 0.0624, loss 1.7843
Epoch 9, Batch 172/679, Lx 1.4239, Lu 0.1153, Penalty 0.0527, loss 1.5919
Epoch 9, Batch 173/679, Lx 1.5786, Lu 0.1322, Penalty 0.0690, loss 1.7797
Epoch 9, Batch 174/679, Lx 1.5617, Lu 0.1613, Penalty 0.0406, loss 1.7635
Epoch 9, Batch 175/679, Lx 1.6437, Lu 0.1430, Penalty 0.0461, loss 1.8328
Epoch 9, Batch 176/679, Lx 1.5631, Lu 0.1346, Penalty 0.1350, loss 1.8326
Epoch 9, Batch 177/679, Lx 1.4888, Lu 0.1126, Penalty 0.0634, loss 1.6649
Epoch 9, Batch 178/679, Lx 1.4954, Lu 0.0772, Penalty 0.0831, loss 1.6558
Epoch 9, Batch 179/679, Lx 1.5130, Lu 0.1202, Penalty 0.1152, loss 1.7485
Epoch 9, Batch 180/679, Lx 1.6818, Lu 0.1618, Penalty 0.1080, loss 1.9516
Epoch 9, Batch 181/679, Lx 1.5537, Lu 0.1028, Penalty 0.0979, loss 1.7544
Epoch 9, Batch 182/679, Lx 1.5649, Lu 0.1150, Penalty 0.0695, loss 1.7494
Epoch 9, Batch 183/679, Lx 1.4798, Lu 0.0917, Penalty 0.0562, loss 1.6277
Epoch 9, Batch 184/679, Lx 1.3527, Lu 0.1085, Penalty 0.0584, loss 1.5196
Epoch 9, Batch 185/679, Lx 1.3039, Lu 0.0967, Penalty 0.0570, loss 1.4577
Epoch 9, Batch 186/679, Lx 1.2664, Lu 0.1121, Penalty 0.0961, loss 1.4746
Epoch 9, Batch 187/679, Lx 1.2477, Lu 0.0908, Penalty 0.0616, loss 1.4002
Epoch 9, Batch 188/679, Lx 1.6012, Lu 0.1343, Penalty 0.0387, loss 1.7741
Epoch 9, Batch 189/679, Lx 1.6325, Lu 0.1575, Penalty 0.0283, loss 1.8184
Epoch 9, Batch 190/679, Lx 1.4401, Lu 0.1070, Penalty 0.0429, loss 1.5900
Epoch 9, Batch 191/679, Lx 1.4206, Lu 0.1105, Penalty 0.0724, loss 1.6036
Epoch 9, Batch 192/679, Lx 1.4936, Lu 0.1380, Penalty 0.0962, loss 1.7277
Epoch 9, Batch 193/679, Lx 1.5264, Lu 0.1431, Penalty 0.1069, loss 1.7764
Epoch 9, Batch 194/679, Lx 1.2580, Lu 0.0947, Penalty 0.1059, loss 1.4586
Epoch 9, Batch 195/679, Lx 1.4182, Lu 0.1074, Penalty 0.0713, loss 1.5969
Epoch 9, Batch 196/679, Lx 1.4229, Lu 0.1111, Penalty 0.0558, loss 1.5899
Epoch 9, Batch 197/679, Lx 1.4176, Lu 0.0955, Penalty 0.1263, loss 1.6394
Epoch 9, Batch 198/679, Lx 1.4859, Lu 0.1454, Penalty 0.1514, loss 1.7828
Epoch 9, Batch 199/679, Lx 1.4553, Lu 0.1204, Penalty 0.0751, loss 1.6509
Epoch 9, Batch 200/679, Lx 1.5421, Lu 0.1418, Penalty 0.0541, loss 1.7380
Epoch 9, Batch 201/679, Lx 1.4956, Lu 0.1343, Penalty 0.0504, loss 1.6803
Epoch 9, Batch 202/679, Lx 1.4565, Lu 0.1476, Penalty 0.0471, loss 1.6512
Epoch 9, Batch 203/679, Lx 1.4532, Lu 0.1214, Penalty 0.0625, loss 1.6372
Epoch 9, Batch 204/679, Lx 1.6078, Lu 0.1330, Penalty 0.0573, loss 1.7981
Epoch 9, Batch 205/679, Lx 1.3906, Lu 0.1219, Penalty 0.0482, loss 1.5606
Epoch 9, Batch 206/679, Lx 1.3576, Lu 0.1110, Penalty 0.0767, loss 1.5452
Epoch 9, Batch 207/679, Lx 1.6076, Lu 0.1138, Penalty 0.0547, loss 1.7761
Epoch 9, Batch 208/679, Lx 1.5167, Lu 0.1507, Penalty 0.0852, loss 1.7526
Epoch 9, Batch 209/679, Lx 1.4969, Lu 0.1218, Penalty 0.1087, loss 1.7274
Epoch 9, Batch 210/679, Lx 1.4358, Lu 0.1381, Penalty 0.0906, loss 1.6645
Epoch 9, Batch 211/679, Lx 1.5164, Lu 0.1290, Penalty 0.0761, loss 1.7215
Epoch 9, Batch 212/679, Lx 1.4718, Lu 0.1428, Penalty 0.0682, loss 1.6828
Epoch 9, Batch 213/679, Lx 1.4567, Lu 0.1438, Penalty 0.1368, loss 1.7374
Epoch 9, Batch 214/679, Lx 1.4226, Lu 0.1097, Penalty 0.1150, loss 1.6473
Epoch 9, Batch 215/679, Lx 1.5081, Lu 0.1281, Penalty 0.0840, loss 1.7201
Epoch 9, Batch 216/679, Lx 1.3437, Lu 0.0949, Penalty 0.0711, loss 1.5097
Epoch 9, Batch 217/679, Lx 1.3390, Lu 0.1696, Penalty 0.1368, loss 1.6453
Epoch 9, Batch 218/679, Lx 1.4001, Lu 0.1292, Penalty 0.0876, loss 1.6168
Epoch 9, Batch 219/679, Lx 1.5501, Lu 0.1230, Penalty 0.0664, loss 1.7395
Epoch 9, Batch 220/679, Lx 1.5220, Lu 0.1210, Penalty 0.0621, loss 1.7051
Epoch 9, Batch 221/679, Lx 1.4523, Lu 0.1227, Penalty 0.0897, loss 1.6647
Epoch 9, Batch 222/679, Lx 1.4226, Lu 0.1070, Penalty 0.0592, loss 1.5888
Epoch 9, Batch 223/679, Lx 1.5898, Lu 0.1535, Penalty 0.0992, loss 1.8424
Epoch 9, Batch 224/679, Lx 1.3433, Lu 0.1075, Penalty 0.0875, loss 1.5384
Epoch 9, Batch 225/679, Lx 1.5724, Lu 0.1377, Penalty 0.0495, loss 1.7597
Epoch 9, Batch 226/679, Lx 1.4585, Lu 0.1081, Penalty 0.0584, loss 1.6249
Epoch 9, Batch 227/679, Lx 1.4113, Lu 0.1280, Penalty 0.0755, loss 1.6148
Epoch 9, Batch 228/679, Lx 1.5079, Lu 0.1243, Penalty 0.0666, loss 1.6988
Epoch 9, Batch 229/679, Lx 1.5640, Lu 0.1800, Penalty 0.1586, loss 1.9026
Epoch 9, Batch 230/679, Lx 1.4653, Lu 0.1235, Penalty 0.0640, loss 1.6529
Epoch 9, Batch 231/679, Lx 1.5302, Lu 0.1305, Penalty 0.0787, loss 1.7394
Epoch 9, Batch 232/679, Lx 1.1796, Lu 0.1071, Penalty 0.1010, loss 1.3877
Epoch 9, Batch 233/679, Lx 1.4645, Lu 0.1275, Penalty 0.0726, loss 1.6645
Epoch 9, Batch 234/679, Lx 1.3199, Lu 0.1076, Penalty 0.1277, loss 1.5553
Epoch 9, Batch 235/679, Lx 1.4301, Lu 0.1424, Penalty 0.0815, loss 1.6540
Epoch 9, Batch 236/679, Lx 1.5550, Lu 0.1361, Penalty 0.0354, loss 1.7265
Epoch 9, Batch 237/679, Lx 1.4578, Lu 0.1401, Penalty 0.0500, loss 1.6479
Epoch 9, Batch 238/679, Lx 1.3743, Lu 0.0794, Penalty 0.0787, loss 1.5324
Epoch 9, Batch 239/679, Lx 1.4865, Lu 0.1564, Penalty 0.0935, loss 1.7363
Epoch 9, Batch 240/679, Lx 1.4711, Lu 0.1408, Penalty 0.0845, loss 1.6964
Epoch 9, Batch 241/679, Lx 1.6022, Lu 0.1326, Penalty 0.0748, loss 1.8096
Epoch 9, Batch 242/679, Lx 1.6817, Lu 0.1179, Penalty 0.0679, loss 1.8675
Epoch 9, Batch 243/679, Lx 1.4292, Lu 0.1175, Penalty 0.0959, loss 1.6425
Epoch 9, Batch 244/679, Lx 1.5938, Lu 0.1670, Penalty 0.0970, loss 1.8578
Epoch 9, Batch 245/679, Lx 1.4371, Lu 0.1019, Penalty 0.0854, loss 1.6244
Epoch 9, Batch 246/679, Lx 1.5044, Lu 0.1158, Penalty 0.1174, loss 1.7375
Epoch 9, Batch 247/679, Lx 1.4949, Lu 0.1099, Penalty 0.0482, loss 1.6530
Epoch 9, Batch 248/679, Lx 1.5320, Lu 0.1218, Penalty 0.1130, loss 1.7668
Epoch 9, Batch 249/679, Lx 1.6493, Lu 0.0878, Penalty 0.0729, loss 1.8099
Epoch 9, Batch 250/679, Lx 1.6196, Lu 0.1559, Penalty 0.0637, loss 1.8392
Epoch 9, Batch 251/679, Lx 1.4267, Lu 0.1393, Penalty 0.0757, loss 1.6418
Epoch 9, Batch 252/679, Lx 1.3325, Lu 0.0815, Penalty 0.0996, loss 1.5135
Epoch 9, Batch 253/679, Lx 1.5499, Lu 0.1095, Penalty 0.1334, loss 1.7929
Epoch 9, Batch 254/679, Lx 1.5619, Lu 0.1299, Penalty 0.0964, loss 1.7882
Epoch 9, Batch 255/679, Lx 1.5510, Lu 0.2040, Penalty 0.0669, loss 1.8219
Epoch 9, Batch 256/679, Lx 1.5777, Lu 0.1165, Penalty 0.0525, loss 1.7467
Epoch 9, Batch 257/679, Lx 1.4970, Lu 0.0970, Penalty 0.1156, loss 1.7095
Epoch 9, Batch 258/679, Lx 1.2458, Lu 0.0953, Penalty 0.0680, loss 1.4090
Epoch 9, Batch 259/679, Lx 1.2196, Lu 0.1094, Penalty 0.0907, loss 1.4197
Epoch 9, Batch 260/679, Lx 1.5717, Lu 0.1458, Penalty 0.0708, loss 1.7882
Epoch 9, Batch 261/679, Lx 0.9390, Lu 0.1170, Penalty 0.0813, loss 1.1374
Epoch 9, Batch 262/679, Lx 1.3341, Lu 0.1013, Penalty 0.0635, loss 1.4989
Epoch 9, Batch 263/679, Lx 1.3263, Lu 0.0696, Penalty 0.1753, loss 1.5713
Epoch 9, Batch 264/679, Lx 1.3636, Lu 0.1224, Penalty 0.0963, loss 1.5823
Epoch 9, Batch 265/679, Lx 1.2510, Lu 0.0906, Penalty 0.1289, loss 1.4705
Epoch 9, Batch 266/679, Lx 1.6410, Lu 0.1548, Penalty 0.0498, loss 1.8456
Epoch 9, Batch 267/679, Lx 1.3984, Lu 0.1178, Penalty 0.0490, loss 1.5652
Epoch 9, Batch 268/679, Lx 1.5125, Lu 0.1296, Penalty 0.0595, loss 1.7015
Epoch 9, Batch 269/679, Lx 1.4002, Lu 0.1224, Penalty 0.0961, loss 1.6186
Epoch 9, Batch 270/679, Lx 1.1666, Lu 0.1190, Penalty 0.0854, loss 1.3709
Epoch 9, Batch 271/679, Lx 1.5314, Lu 0.1354, Penalty 0.0360, loss 1.7028
Epoch 9, Batch 272/679, Lx 1.5122, Lu 0.1539, Penalty 0.0632, loss 1.7293
Epoch 9, Batch 273/679, Lx 1.3592, Lu 0.0887, Penalty 0.0807, loss 1.5287
Epoch 9, Batch 274/679, Lx 1.4433, Lu 0.1153, Penalty 0.1272, loss 1.6857
Epoch 9, Batch 275/679, Lx 1.6351, Lu 0.0846, Penalty 0.0915, loss 1.8113
Epoch 9, Batch 276/679, Lx 1.6086, Lu 0.1289, Penalty 0.0945, loss 1.8320
Epoch 9, Batch 277/679, Lx 1.4909, Lu 0.1161, Penalty 0.0959, loss 1.7028
Epoch 9, Batch 278/679, Lx 1.5420, Lu 0.0981, Penalty 0.1174, loss 1.7576
Epoch 9, Batch 279/679, Lx 1.3979, Lu 0.0969, Penalty 0.1117, loss 1.6065
Epoch 9, Batch 280/679, Lx 1.5119, Lu 0.1061, Penalty 0.1075, loss 1.7255
Epoch 9, Batch 281/679, Lx 1.3617, Lu 0.0967, Penalty 0.0813, loss 1.5397
Epoch 9, Batch 282/679, Lx 1.6600, Lu 0.1483, Penalty 0.0691, loss 1.8774
Epoch 9, Batch 283/679, Lx 1.3921, Lu 0.1170, Penalty 0.1276, loss 1.6366
Epoch 9, Batch 284/679, Lx 1.3328, Lu 0.1035, Penalty 0.1213, loss 1.5576
Epoch 9, Batch 285/679, Lx 1.3820, Lu 0.1456, Penalty 0.0650, loss 1.5927
Epoch 9, Batch 286/679, Lx 1.4696, Lu 0.1161, Penalty 0.1234, loss 1.7092
Epoch 9, Batch 287/679, Lx 1.4283, Lu 0.1295, Penalty 0.0609, loss 1.6187
Epoch 9, Batch 288/679, Lx 1.6639, Lu 0.1651, Penalty 0.0635, loss 1.8925
Epoch 9, Batch 289/679, Lx 1.3018, Lu 0.1334, Penalty 0.0957, loss 1.5309
Epoch 9, Batch 290/679, Lx 1.4939, Lu 0.1263, Penalty 0.0742, loss 1.6944
Epoch 9, Batch 291/679, Lx 1.3757, Lu 0.1050, Penalty 0.0690, loss 1.5497
Epoch 9, Batch 292/679, Lx 1.4763, Lu 0.1264, Penalty 0.1251, loss 1.7278
Epoch 9, Batch 293/679, Lx 1.5920, Lu 0.1222, Penalty 0.0625, loss 1.7766
Epoch 9, Batch 294/679, Lx 1.5009, Lu 0.1406, Penalty 0.0799, loss 1.7214
Epoch 9, Batch 295/679, Lx 1.4124, Lu 0.1369, Penalty 0.0834, loss 1.6328
Epoch 9, Batch 296/679, Lx 1.3039, Lu 0.1307, Penalty 0.0285, loss 1.4631
Epoch 9, Batch 297/679, Lx 1.5609, Lu 0.1509, Penalty 0.0524, loss 1.7642
Epoch 9, Batch 298/679, Lx 1.4397, Lu 0.1277, Penalty 0.0888, loss 1.6561
Epoch 9, Batch 299/679, Lx 1.4748, Lu 0.1259, Penalty 0.0725, loss 1.6732
Epoch 9, Batch 300/679, Lx 1.7377, Lu 0.1479, Penalty 0.0498, loss 1.9355
Epoch 9, Batch 301/679, Lx 1.5125, Lu 0.1576, Penalty 0.0837, loss 1.7538
Epoch 9, Batch 302/679, Lx 1.4436, Lu 0.1185, Penalty 0.0623, loss 1.6244
Epoch 9, Batch 303/679, Lx 1.5814, Lu 0.1370, Penalty 0.1011, loss 1.8196
Epoch 9, Batch 304/679, Lx 1.4674, Lu 0.1088, Penalty 0.0665, loss 1.6427
Epoch 9, Batch 305/679, Lx 1.4565, Lu 0.1217, Penalty 0.1005, loss 1.6788
Epoch 9, Batch 306/679, Lx 1.4320, Lu 0.1129, Penalty 0.0797, loss 1.6246
Epoch 9, Batch 307/679, Lx 1.5512, Lu 0.1690, Penalty 0.0653, loss 1.7855
Epoch 9, Batch 308/679, Lx 1.4145, Lu 0.1345, Penalty 0.0649, loss 1.6139
Epoch 9, Batch 309/679, Lx 1.3876, Lu 0.0973, Penalty 0.1555, loss 1.6404
Epoch 9, Batch 310/679, Lx 1.5255, Lu 0.1349, Penalty 0.1309, loss 1.7913
Epoch 9, Batch 311/679, Lx 1.4631, Lu 0.1691, Penalty 0.0534, loss 1.6857
Epoch 9, Batch 312/679, Lx 1.4054, Lu 0.1875, Penalty 0.0979, loss 1.6907
Epoch 9, Batch 313/679, Lx 1.2093, Lu 0.1064, Penalty 0.0759, loss 1.3916
Epoch 9, Batch 314/679, Lx 1.5128, Lu 0.1427, Penalty 0.0637, loss 1.7192
Epoch 9, Batch 315/679, Lx 1.5820, Lu 0.1430, Penalty 0.1047, loss 1.8297
Epoch 9, Batch 316/679, Lx 1.5854, Lu 0.1526, Penalty 0.0722, loss 1.8102
Epoch 9, Batch 317/679, Lx 1.5519, Lu 0.1812, Penalty 0.0515, loss 1.7846
Epoch 9, Batch 318/679, Lx 1.5791, Lu 0.1358, Penalty 0.0587, loss 1.7736
Epoch 9, Batch 319/679, Lx 1.3943, Lu 0.1084, Penalty 0.1788, loss 1.6815
Epoch 9, Batch 320/679, Lx 1.4189, Lu 0.1223, Penalty 0.0603, loss 1.6015
Epoch 9, Batch 321/679, Lx 1.5677, Lu 0.0964, Penalty 0.0966, loss 1.7607
Epoch 9, Batch 322/679, Lx 1.3764, Lu 0.1025, Penalty 0.1123, loss 1.5912
Epoch 9, Batch 323/679, Lx 1.4412, Lu 0.1034, Penalty 0.0831, loss 1.6277
Epoch 9, Batch 324/679, Lx 1.4354, Lu 0.1081, Penalty 0.1421, loss 1.6856
Epoch 9, Batch 325/679, Lx 1.5927, Lu 0.1260, Penalty 0.0831, loss 1.8019
Epoch 9, Batch 326/679, Lx 1.5188, Lu 0.1244, Penalty 0.0647, loss 1.7079
Epoch 9, Batch 327/679, Lx 1.4483, Lu 0.1046, Penalty 0.1088, loss 1.6616
Epoch 9, Batch 328/679, Lx 1.2807, Lu 0.1091, Penalty 0.1011, loss 1.4909
Epoch 9, Batch 329/679, Lx 1.5946, Lu 0.1356, Penalty 0.0943, loss 1.8245
Epoch 9, Batch 330/679, Lx 1.3712, Lu 0.1197, Penalty 0.0897, loss 1.5806
Epoch 9, Batch 331/679, Lx 1.4685, Lu 0.1519, Penalty 0.0529, loss 1.6734
Epoch 9, Batch 332/679, Lx 1.4565, Lu 0.1167, Penalty 0.0707, loss 1.6440
Epoch 9, Batch 333/679, Lx 1.3440, Lu 0.1123, Penalty 0.0468, loss 1.5030
Epoch 9, Batch 334/679, Lx 1.4096, Lu 0.1142, Penalty 0.0860, loss 1.6097
Epoch 9, Batch 335/679, Lx 1.5276, Lu 0.1086, Penalty 0.0617, loss 1.6979
Epoch 9, Batch 336/679, Lx 1.4244, Lu 0.1322, Penalty 0.0813, loss 1.6379
Epoch 9, Batch 337/679, Lx 1.4538, Lu 0.1180, Penalty 0.1564, loss 1.7282
Epoch 9, Batch 338/679, Lx 1.5978, Lu 0.1231, Penalty 0.0663, loss 1.7873
Epoch 9, Batch 339/679, Lx 1.4007, Lu 0.1223, Penalty 0.0817, loss 1.6047
Epoch 9, Batch 340/679, Lx 1.3812, Lu 0.1182, Penalty 0.1091, loss 1.6084
Epoch 9, Batch 341/679, Lx 1.4760, Lu 0.1418, Penalty 0.0635, loss 1.6813
Epoch 9, Batch 342/679, Lx 1.5215, Lu 0.0986, Penalty 0.0643, loss 1.6844
Epoch 9, Batch 343/679, Lx 1.3221, Lu 0.1132, Penalty 0.0772, loss 1.5124
Epoch 9, Batch 344/679, Lx 1.3715, Lu 0.1101, Penalty 0.0560, loss 1.5376
Epoch 9, Batch 345/679, Lx 1.3650, Lu 0.1127, Penalty 0.0893, loss 1.5670
Epoch 9, Batch 346/679, Lx 1.4719, Lu 0.1031, Penalty 0.0716, loss 1.6465
Epoch 9, Batch 347/679, Lx 1.4752, Lu 0.1464, Penalty 0.0679, loss 1.6895
Epoch 9, Batch 348/679, Lx 1.5862, Lu 0.1085, Penalty 0.0931, loss 1.7877
Epoch 9, Batch 349/679, Lx 1.5645, Lu 0.1637, Penalty 0.0975, loss 1.8258
Epoch 9, Batch 350/679, Lx 1.3217, Lu 0.1152, Penalty 0.0787, loss 1.5157
Epoch 9, Batch 351/679, Lx 1.4739, Lu 0.1027, Penalty 0.1180, loss 1.6946
Epoch 9, Batch 352/679, Lx 1.5163, Lu 0.1643, Penalty 0.0469, loss 1.7275
Epoch 9, Batch 353/679, Lx 1.3769, Lu 0.1301, Penalty 0.0356, loss 1.5426
Epoch 9, Batch 354/679, Lx 1.5220, Lu 0.0990, Penalty 0.0726, loss 1.6935
Epoch 9, Batch 355/679, Lx 1.5967, Lu 0.1429, Penalty 0.0518, loss 1.7914
Epoch 9, Batch 356/679, Lx 1.2950, Lu 0.0893, Penalty 0.0793, loss 1.4635
Epoch 9, Batch 357/679, Lx 1.7102, Lu 0.1670, Penalty 0.0805, loss 1.9577
Epoch 9, Batch 358/679, Lx 1.3796, Lu 0.1093, Penalty 0.0384, loss 1.5273
Epoch 9, Batch 359/679, Lx 1.3561, Lu 0.0968, Penalty 0.0708, loss 1.5236
Epoch 9, Batch 360/679, Lx 1.3641, Lu 0.0898, Penalty 0.1367, loss 1.5907
Epoch 9, Batch 361/679, Lx 1.5247, Lu 0.1279, Penalty 0.0565, loss 1.7090
Epoch 9, Batch 362/679, Lx 1.6058, Lu 0.1236, Penalty 0.0952, loss 1.8247
Epoch 9, Batch 363/679, Lx 1.6663, Lu 0.1567, Penalty 0.0231, loss 1.8461
Epoch 9, Batch 364/679, Lx 1.4635, Lu 0.1246, Penalty 0.1127, loss 1.7008
Epoch 9, Batch 365/679, Lx 1.4858, Lu 0.1141, Penalty 0.1937, loss 1.7935
Epoch 9, Batch 366/679, Lx 1.3037, Lu 0.1045, Penalty 0.0559, loss 1.4641
Epoch 9, Batch 367/679, Lx 1.4996, Lu 0.1148, Penalty 0.0767, loss 1.6910
Epoch 9, Batch 368/679, Lx 1.3384, Lu 0.0783, Penalty 0.0688, loss 1.4855
Epoch 9, Batch 369/679, Lx 1.4928, Lu 0.1208, Penalty 0.0717, loss 1.6853
Epoch 9, Batch 370/679, Lx 1.3339, Lu 0.1010, Penalty 0.1531, loss 1.5881
Epoch 9, Batch 371/679, Lx 1.4664, Lu 0.0932, Penalty 0.0815, loss 1.6412
Epoch 9, Batch 372/679, Lx 1.5698, Lu 0.1427, Penalty 0.1326, loss 1.8451
Epoch 9, Batch 373/679, Lx 1.3583, Lu 0.0805, Penalty 0.1016, loss 1.5404
Epoch 9, Batch 374/679, Lx 1.4092, Lu 0.0904, Penalty 0.1129, loss 1.6125
Epoch 9, Batch 375/679, Lx 1.5412, Lu 0.1194, Penalty 0.0582, loss 1.7187
Epoch 9, Batch 376/679, Lx 1.2527, Lu 0.0952, Penalty 0.0676, loss 1.4155
Epoch 9, Batch 377/679, Lx 1.5158, Lu 0.1631, Penalty 0.0736, loss 1.7525
Epoch 9, Batch 378/679, Lx 1.4378, Lu 0.1266, Penalty 0.0745, loss 1.6388
Epoch 9, Batch 379/679, Lx 1.3275, Lu 0.1759, Penalty 0.1123, loss 1.6157
Epoch 9, Batch 380/679, Lx 1.2908, Lu 0.1076, Penalty 0.0658, loss 1.4643
Epoch 9, Batch 381/679, Lx 1.5118, Lu 0.1625, Penalty 0.0699, loss 1.7442
Epoch 9, Batch 382/679, Lx 1.5718, Lu 0.1127, Penalty 0.0409, loss 1.7254
Epoch 9, Batch 383/679, Lx 1.5556, Lu 0.1629, Penalty 0.0624, loss 1.7809
Epoch 9, Batch 384/679, Lx 1.4627, Lu 0.1380, Penalty 0.0459, loss 1.6466
Epoch 9, Batch 385/679, Lx 1.4478, Lu 0.1487, Penalty 0.0975, loss 1.6940
Epoch 9, Batch 386/679, Lx 1.4674, Lu 0.1148, Penalty 0.0826, loss 1.6648
Epoch 9, Batch 387/679, Lx 1.2666, Lu 0.0999, Penalty 0.0960, loss 1.4624
Epoch 9, Batch 388/679, Lx 1.4137, Lu 0.1177, Penalty 0.0964, loss 1.6278
Epoch 9, Batch 389/679, Lx 1.4179, Lu 0.1104, Penalty 0.0820, loss 1.6104
Epoch 9, Batch 390/679, Lx 1.4476, Lu 0.1140, Penalty 0.0791, loss 1.6407
Epoch 9, Batch 391/679, Lx 1.5279, Lu 0.1545, Penalty 0.1255, loss 1.8079
Epoch 9, Batch 392/679, Lx 1.3590, Lu 0.0815, Penalty 0.0974, loss 1.5379
Epoch 9, Batch 393/679, Lx 1.3842, Lu 0.0855, Penalty 0.1287, loss 1.5984
Epoch 9, Batch 394/679, Lx 1.5549, Lu 0.1130, Penalty 0.1396, loss 1.8075
Epoch 9, Batch 395/679, Lx 1.2837, Lu 0.0928, Penalty 0.0711, loss 1.4476
Epoch 9, Batch 396/679, Lx 1.4566, Lu 0.0924, Penalty 0.0937, loss 1.6426
Epoch 9, Batch 397/679, Lx 1.4766, Lu 0.1171, Penalty 0.0564, loss 1.6501
Epoch 9, Batch 398/679, Lx 1.5237, Lu 0.1213, Penalty 0.0594, loss 1.7044
Epoch 9, Batch 399/679, Lx 1.4295, Lu 0.1609, Penalty 0.0895, loss 1.6799
Epoch 9, Batch 400/679, Lx 1.2619, Lu 0.1557, Penalty 0.0676, loss 1.4853
Epoch 9, Batch 401/679, Lx 1.2785, Lu 0.1515, Penalty 0.0551, loss 1.4851
Epoch 9, Batch 402/679, Lx 1.3062, Lu 0.1034, Penalty 0.0622, loss 1.4718
Epoch 9, Batch 403/679, Lx 1.4087, Lu 0.1367, Penalty 0.0479, loss 1.5933
Epoch 9, Batch 404/679, Lx 1.2996, Lu 0.1140, Penalty 0.0571, loss 1.4707
Epoch 9, Batch 405/679, Lx 1.6818, Lu 0.1305, Penalty 0.1592, loss 1.9715
Epoch 9, Batch 406/679, Lx 1.6261, Lu 0.1495, Penalty 0.0575, loss 1.8331
Epoch 9, Batch 407/679, Lx 1.2249, Lu 0.0970, Penalty 0.0959, loss 1.4178
Epoch 9, Batch 408/679, Lx 1.3862, Lu 0.1169, Penalty 0.0780, loss 1.5810
Epoch 9, Batch 409/679, Lx 1.2900, Lu 0.1141, Penalty 0.0740, loss 1.4782
Epoch 9, Batch 410/679, Lx 1.1034, Lu 0.1082, Penalty 0.0618, loss 1.2735
Epoch 9, Batch 411/679, Lx 1.4807, Lu 0.1049, Penalty 0.1088, loss 1.6944
Epoch 9, Batch 412/679, Lx 1.5576, Lu 0.1669, Penalty 0.0701, loss 1.7946
Epoch 9, Batch 413/679, Lx 1.3880, Lu 0.0941, Penalty 0.0551, loss 1.5372
Epoch 9, Batch 414/679, Lx 1.3645, Lu 0.1139, Penalty 0.1433, loss 1.6217
Epoch 9, Batch 415/679, Lx 1.3776, Lu 0.0867, Penalty 0.0755, loss 1.5398
Epoch 9, Batch 416/679, Lx 1.3466, Lu 0.0927, Penalty 0.0886, loss 1.5278
Epoch 9, Batch 417/679, Lx 1.5499, Lu 0.0731, Penalty 0.1327, loss 1.7556
Epoch 9, Batch 418/679, Lx 1.5077, Lu 0.1096, Penalty 0.0925, loss 1.7098
Epoch 9, Batch 419/679, Lx 1.6058, Lu 0.1316, Penalty 0.0794, loss 1.8168
Epoch 9, Batch 420/679, Lx 1.4553, Lu 0.1383, Penalty 0.0602, loss 1.6538
Epoch 9, Batch 421/679, Lx 1.4883, Lu 0.1381, Penalty 0.1043, loss 1.7307
Epoch 9, Batch 422/679, Lx 1.3703, Lu 0.1294, Penalty 0.0327, loss 1.5324
Epoch 9, Batch 423/679, Lx 1.4405, Lu 0.1538, Penalty 0.0500, loss 1.6444
Epoch 9, Batch 424/679, Lx 1.5269, Lu 0.1462, Penalty 0.0905, loss 1.7635
Epoch 9, Batch 425/679, Lx 1.4948, Lu 0.1387, Penalty 0.1164, loss 1.7498
Epoch 9, Batch 426/679, Lx 1.3531, Lu 0.1117, Penalty 0.0593, loss 1.5241
Epoch 9, Batch 427/679, Lx 1.5778, Lu 0.1910, Penalty 0.0749, loss 1.8437
Epoch 9, Batch 428/679, Lx 1.5667, Lu 0.1605, Penalty 0.0517, loss 1.7789
Epoch 9, Batch 429/679, Lx 1.1921, Lu 0.0822, Penalty 0.0622, loss 1.3365
Epoch 9, Batch 430/679, Lx 1.3262, Lu 0.1051, Penalty 0.0862, loss 1.5175
Epoch 9, Batch 431/679, Lx 1.4194, Lu 0.1111, Penalty 0.0772, loss 1.6077
Epoch 9, Batch 432/679, Lx 1.5123, Lu 0.1446, Penalty 0.0636, loss 1.7206
Epoch 9, Batch 433/679, Lx 1.5445, Lu 0.1360, Penalty 0.0940, loss 1.7745
Epoch 9, Batch 434/679, Lx 1.5220, Lu 0.1594, Penalty 0.0616, loss 1.7431
Epoch 9, Batch 435/679, Lx 1.2566, Lu 0.0893, Penalty 0.1485, loss 1.4944
Epoch 9, Batch 436/679, Lx 1.4884, Lu 0.1188, Penalty 0.0625, loss 1.6698
Epoch 9, Batch 437/679, Lx 1.3801, Lu 0.1222, Penalty 0.1104, loss 1.6127
Epoch 9, Batch 438/679, Lx 1.4240, Lu 0.1063, Penalty 0.0706, loss 1.6009
Epoch 9, Batch 439/679, Lx 1.5546, Lu 0.1100, Penalty 0.1080, loss 1.7726
Epoch 9, Batch 440/679, Lx 1.7026, Lu 0.1239, Penalty 0.0722, loss 1.8987
Epoch 9, Batch 441/679, Lx 1.3789, Lu 0.1182, Penalty 0.0671, loss 1.5642
Epoch 9, Batch 442/679, Lx 1.2173, Lu 0.1035, Penalty 0.1350, loss 1.4559
Epoch 9, Batch 443/679, Lx 1.1683, Lu 0.1103, Penalty 0.0673, loss 1.3458
Epoch 9, Batch 444/679, Lx 1.4506, Lu 0.1396, Penalty 0.1122, loss 1.7024
Epoch 9, Batch 445/679, Lx 1.6144, Lu 0.1902, Penalty 0.0967, loss 1.9013
Epoch 9, Batch 446/679, Lx 1.4043, Lu 0.0849, Penalty 0.0627, loss 1.5519
Epoch 9, Batch 447/679, Lx 1.2965, Lu 0.1029, Penalty 0.0926, loss 1.4920
Epoch 9, Batch 448/679, Lx 1.4057, Lu 0.0996, Penalty 0.0875, loss 1.5928
Epoch 9, Batch 449/679, Lx 1.3840, Lu 0.1253, Penalty 0.0942, loss 1.6036
Epoch 9, Batch 450/679, Lx 1.4082, Lu 0.1389, Penalty 0.0783, loss 1.6253
Epoch 9, Batch 451/679, Lx 1.5499, Lu 0.1387, Penalty 0.0937, loss 1.7823
Epoch 9, Batch 452/679, Lx 1.4606, Lu 0.1201, Penalty 0.1364, loss 1.7170
Epoch 9, Batch 453/679, Lx 1.2953, Lu 0.0781, Penalty 0.1223, loss 1.4957
Epoch 9, Batch 454/679, Lx 1.2526, Lu 0.1264, Penalty 0.0879, loss 1.4670
Epoch 9, Batch 455/679, Lx 1.3681, Lu 0.0775, Penalty 0.0597, loss 1.5053
Epoch 9, Batch 456/679, Lx 1.5125, Lu 0.1326, Penalty 0.0787, loss 1.7237
Epoch 9, Batch 457/679, Lx 1.3604, Lu 0.1025, Penalty 0.0924, loss 1.5553
Epoch 9, Batch 458/679, Lx 1.5993, Lu 0.0963, Penalty 0.0902, loss 1.7858
Epoch 9, Batch 459/679, Lx 1.4876, Lu 0.1456, Penalty 0.0388, loss 1.6721
Epoch 9, Batch 460/679, Lx 1.5107, Lu 0.1336, Penalty 0.0662, loss 1.7105
Epoch 9, Batch 461/679, Lx 1.4958, Lu 0.1430, Penalty 0.0454, loss 1.6842
Epoch 9, Batch 462/679, Lx 1.3263, Lu 0.1349, Penalty 0.1061, loss 1.5673
Epoch 9, Batch 463/679, Lx 1.3827, Lu 0.1597, Penalty 0.0856, loss 1.6279
Epoch 9, Batch 464/679, Lx 1.4664, Lu 0.1184, Penalty 0.0885, loss 1.6733
Epoch 9, Batch 465/679, Lx 1.4232, Lu 0.1551, Penalty 0.1034, loss 1.6816
Epoch 9, Batch 466/679, Lx 1.6608, Lu 0.1358, Penalty 0.0728, loss 1.8695
Epoch 9, Batch 467/679, Lx 1.3996, Lu 0.1078, Penalty 0.0763, loss 1.5838
Epoch 9, Batch 468/679, Lx 1.3228, Lu 0.0958, Penalty 0.0720, loss 1.4905
Epoch 9, Batch 469/679, Lx 1.4771, Lu 0.0942, Penalty 0.0521, loss 1.6235
Epoch 9, Batch 470/679, Lx 1.4223, Lu 0.0786, Penalty 0.0773, loss 1.5782
Epoch 9, Batch 471/679, Lx 1.3335, Lu 0.1083, Penalty 0.1123, loss 1.5541
Epoch 9, Batch 472/679, Lx 1.5505, Lu 0.1219, Penalty 0.0882, loss 1.7606
Epoch 9, Batch 473/679, Lx 1.4187, Lu 0.1333, Penalty 0.0905, loss 1.6424
Epoch 9, Batch 474/679, Lx 1.4823, Lu 0.1151, Penalty 0.0712, loss 1.6686
Epoch 9, Batch 475/679, Lx 1.5799, Lu 0.1285, Penalty 0.1128, loss 1.8212
Epoch 9, Batch 476/679, Lx 1.8754, Lu 0.1594, Penalty 0.0578, loss 2.0927
Epoch 9, Batch 477/679, Lx 1.4244, Lu 0.1254, Penalty 0.0511, loss 1.6008
Epoch 9, Batch 478/679, Lx 1.3123, Lu 0.1278, Penalty 0.1275, loss 1.5677
Epoch 9, Batch 479/679, Lx 1.7527, Lu 0.1544, Penalty 0.1032, loss 2.0103
Epoch 9, Batch 480/679, Lx 1.2665, Lu 0.0979, Penalty 0.1076, loss 1.4720
Epoch 9, Batch 481/679, Lx 1.4764, Lu 0.1361, Penalty 0.0330, loss 1.6455
Epoch 9, Batch 482/679, Lx 1.3490, Lu 0.1025, Penalty 0.0490, loss 1.5005
Epoch 9, Batch 483/679, Lx 1.2062, Lu 0.1002, Penalty 0.1250, loss 1.4315
Epoch 9, Batch 484/679, Lx 1.4599, Lu 0.1015, Penalty 0.1175, loss 1.6790
Epoch 9, Batch 485/679, Lx 1.6709, Lu 0.1646, Penalty 0.0499, loss 1.8854
Epoch 9, Batch 486/679, Lx 1.5519, Lu 0.1460, Penalty 0.0844, loss 1.7823
Epoch 9, Batch 487/679, Lx 1.5820, Lu 0.1376, Penalty 0.1104, loss 1.8300
Epoch 9, Batch 488/679, Lx 1.5344, Lu 0.1019, Penalty 0.0815, loss 1.7179
Epoch 9, Batch 489/679, Lx 1.4517, Lu 0.0842, Penalty 0.0864, loss 1.6222
Epoch 9, Batch 490/679, Lx 1.5730, Lu 0.1325, Penalty 0.0337, loss 1.7392
Epoch 9, Batch 491/679, Lx 1.1929, Lu 0.0947, Penalty 0.0756, loss 1.3632
Epoch 9, Batch 492/679, Lx 1.2486, Lu 0.1366, Penalty 0.0954, loss 1.4806
Epoch 9, Batch 493/679, Lx 1.1574, Lu 0.1225, Penalty 0.0545, loss 1.3344
Epoch 9, Batch 494/679, Lx 1.6134, Lu 0.1320, Penalty 0.0442, loss 1.7896
Epoch 9, Batch 495/679, Lx 1.5389, Lu 0.1152, Penalty 0.0917, loss 1.7458
Epoch 9, Batch 496/679, Lx 1.2649, Lu 0.0954, Penalty 0.0909, loss 1.4512
Epoch 9, Batch 497/679, Lx 1.6847, Lu 0.1805, Penalty 0.0626, loss 1.9278
Epoch 9, Batch 498/679, Lx 1.4244, Lu 0.1262, Penalty 0.0506, loss 1.6012
Epoch 9, Batch 499/679, Lx 1.5516, Lu 0.1737, Penalty 0.0361, loss 1.7613
Epoch 9, Batch 500/679, Lx 1.4792, Lu 0.1476, Penalty 0.0920, loss 1.7188
Epoch 9, Batch 501/679, Lx 1.4848, Lu 0.1036, Penalty 0.0781, loss 1.6665
Epoch 9, Batch 502/679, Lx 1.1877, Lu 0.1047, Penalty 0.1769, loss 1.4694
Epoch 9, Batch 503/679, Lx 1.5494, Lu 0.1071, Penalty 0.1126, loss 1.7691
Epoch 9, Batch 504/679, Lx 1.4907, Lu 0.1243, Penalty 0.0925, loss 1.7075
Epoch 9, Batch 505/679, Lx 1.4854, Lu 0.1223, Penalty 0.0678, loss 1.6755
Epoch 9, Batch 506/679, Lx 1.5351, Lu 0.1130, Penalty 0.1484, loss 1.7965
Epoch 9, Batch 507/679, Lx 1.5350, Lu 0.1315, Penalty 0.0989, loss 1.7655
Epoch 9, Batch 508/679, Lx 1.4093, Lu 0.1095, Penalty 0.0709, loss 1.5898
Epoch 9, Batch 509/679, Lx 1.5490, Lu 0.1784, Penalty 0.1020, loss 1.8293
Epoch 9, Batch 510/679, Lx 1.6023, Lu 0.1013, Penalty 0.0982, loss 1.8018
Epoch 9, Batch 511/679, Lx 1.5611, Lu 0.1410, Penalty 0.0492, loss 1.7514
Epoch 9, Batch 512/679, Lx 1.4957, Lu 0.1528, Penalty 0.0665, loss 1.7149
Epoch 9, Batch 513/679, Lx 1.5215, Lu 0.1070, Penalty 0.0643, loss 1.6927
Epoch 9, Batch 514/679, Lx 1.4076, Lu 0.1503, Penalty 0.0641, loss 1.6220
Epoch 9, Batch 515/679, Lx 1.5406, Lu 0.1650, Penalty 0.0781, loss 1.7837
Epoch 9, Batch 516/679, Lx 1.3964, Lu 0.0982, Penalty 0.0482, loss 1.5428
Epoch 9, Batch 517/679, Lx 1.4309, Lu 0.1074, Penalty 0.0350, loss 1.5732
Epoch 9, Batch 518/679, Lx 1.4352, Lu 0.1427, Penalty 0.0582, loss 1.6360
Epoch 9, Batch 519/679, Lx 1.6654, Lu 0.1465, Penalty 0.0387, loss 1.8507
Epoch 9, Batch 520/679, Lx 1.2811, Lu 0.1080, Penalty 0.1410, loss 1.5301
Epoch 9, Batch 521/679, Lx 1.2979, Lu 0.0847, Penalty 0.0443, loss 1.4269
Epoch 9, Batch 522/679, Lx 1.2303, Lu 0.1708, Penalty 0.0849, loss 1.4860
Epoch 9, Batch 523/679, Lx 1.5480, Lu 0.1450, Penalty 0.1214, loss 1.8145
Epoch 9, Batch 524/679, Lx 1.4663, Lu 0.1356, Penalty 0.1224, loss 1.7243
Epoch 9, Batch 525/679, Lx 1.5003, Lu 0.1091, Penalty 0.0551, loss 1.6646
Epoch 9, Batch 526/679, Lx 1.4257, Lu 0.1263, Penalty 0.1044, loss 1.6564
Epoch 9, Batch 527/679, Lx 1.4302, Lu 0.1031, Penalty 0.0728, loss 1.6061
Epoch 9, Batch 528/679, Lx 1.6595, Lu 0.1405, Penalty 0.1347, loss 1.9347
Epoch 9, Batch 529/679, Lx 1.6001, Lu 0.1299, Penalty 0.0618, loss 1.7918
Epoch 9, Batch 530/679, Lx 1.4758, Lu 0.1360, Penalty 0.0528, loss 1.6646
Epoch 9, Batch 531/679, Lx 1.4184, Lu 0.1194, Penalty 0.0627, loss 1.6005
Epoch 9, Batch 532/679, Lx 1.4678, Lu 0.1014, Penalty 0.1061, loss 1.6753
Epoch 9, Batch 533/679, Lx 1.7180, Lu 0.1289, Penalty 0.0470, loss 1.8939
Epoch 9, Batch 534/679, Lx 1.3899, Lu 0.0965, Penalty 0.0480, loss 1.5344
Epoch 9, Batch 535/679, Lx 1.4344, Lu 0.1190, Penalty 0.0574, loss 1.6108
Epoch 9, Batch 536/679, Lx 1.1546, Lu 0.1206, Penalty 0.1288, loss 1.4040
Epoch 9, Batch 537/679, Lx 1.5583, Lu 0.1227, Penalty 0.1745, loss 1.8555
Epoch 9, Batch 538/679, Lx 1.4618, Lu 0.1178, Penalty 0.0857, loss 1.6653
Epoch 9, Batch 539/679, Lx 1.3687, Lu 0.1228, Penalty 0.0701, loss 1.5616
Epoch 9, Batch 540/679, Lx 1.6471, Lu 0.1516, Penalty 0.0469, loss 1.8456
Epoch 9, Batch 541/679, Lx 1.4793, Lu 0.1273, Penalty 0.0880, loss 1.6947
Epoch 9, Batch 542/679, Lx 1.3595, Lu 0.0917, Penalty 0.0815, loss 1.5327
Epoch 9, Batch 543/679, Lx 1.2576, Lu 0.1113, Penalty 0.0796, loss 1.4486
Epoch 9, Batch 544/679, Lx 1.6698, Lu 0.2078, Penalty 0.0750, loss 1.9527
Epoch 9, Batch 545/679, Lx 1.5710, Lu 0.1755, Penalty 0.0888, loss 1.8354
Epoch 9, Batch 546/679, Lx 1.4119, Lu 0.1234, Penalty 0.1793, loss 1.7145
Epoch 9, Batch 547/679, Lx 1.2135, Lu 0.1086, Penalty 0.0647, loss 1.3868
Epoch 9, Batch 548/679, Lx 1.4963, Lu 0.1211, Penalty 0.0827, loss 1.7002
Epoch 9, Batch 549/679, Lx 1.0912, Lu 0.1539, Penalty 0.0826, loss 1.3276
Epoch 9, Batch 550/679, Lx 1.4731, Lu 0.1650, Penalty 0.0618, loss 1.6998
Epoch 9, Batch 551/679, Lx 1.4006, Lu 0.1295, Penalty 0.0975, loss 1.6276
Epoch 9, Batch 552/679, Lx 1.4930, Lu 0.1541, Penalty 0.0595, loss 1.7066
Epoch 9, Batch 553/679, Lx 1.2648, Lu 0.1375, Penalty 0.0894, loss 1.4916
Epoch 9, Batch 554/679, Lx 1.3764, Lu 0.1017, Penalty 0.1041, loss 1.5821
Epoch 9, Batch 555/679, Lx 1.3427, Lu 0.1187, Penalty 0.0892, loss 1.5506
Epoch 9, Batch 556/679, Lx 1.3729, Lu 0.1207, Penalty 0.1023, loss 1.5958
Epoch 9, Batch 557/679, Lx 1.3545, Lu 0.1044, Penalty 0.1211, loss 1.5799
Epoch 9, Batch 558/679, Lx 1.5131, Lu 0.0930, Penalty 0.1462, loss 1.7523
Epoch 9, Batch 559/679, Lx 1.4299, Lu 0.1549, Penalty 0.1770, loss 1.7617
Epoch 9, Batch 560/679, Lx 1.2433, Lu 0.0630, Penalty 0.1613, loss 1.4677
Epoch 9, Batch 561/679, Lx 1.7090, Lu 0.1340, Penalty 0.0728, loss 1.9158
Epoch 9, Batch 562/679, Lx 1.4361, Lu 0.1330, Penalty 0.1234, loss 1.6925
Epoch 9, Batch 563/679, Lx 1.3246, Lu 0.1597, Penalty 0.1189, loss 1.6033
Epoch 9, Batch 564/679, Lx 1.4568, Lu 0.1258, Penalty 0.0730, loss 1.6556
Epoch 9, Batch 565/679, Lx 1.3608, Lu 0.0946, Penalty 0.0521, loss 1.5074
Epoch 9, Batch 566/679, Lx 1.4649, Lu 0.1204, Penalty 0.0759, loss 1.6612
Epoch 9, Batch 567/679, Lx 1.5684, Lu 0.1738, Penalty 0.0397, loss 1.7819
Epoch 9, Batch 568/679, Lx 1.3433, Lu 0.1353, Penalty 0.0678, loss 1.5464
Epoch 9, Batch 569/679, Lx 1.5491, Lu 0.1793, Penalty 0.0936, loss 1.8220
Epoch 9, Batch 570/679, Lx 1.4673, Lu 0.1257, Penalty 0.0533, loss 1.6463
Epoch 9, Batch 571/679, Lx 1.4839, Lu 0.1406, Penalty 0.1013, loss 1.7257
Epoch 9, Batch 572/679, Lx 1.5431, Lu 0.1351, Penalty 0.0959, loss 1.7741
Epoch 9, Batch 573/679, Lx 1.5179, Lu 0.1271, Penalty 0.1013, loss 1.7463
Epoch 9, Batch 574/679, Lx 1.4008, Lu 0.1577, Penalty 0.1301, loss 1.6887
Epoch 9, Batch 575/679, Lx 1.5730, Lu 0.1204, Penalty 0.0942, loss 1.7876
Epoch 9, Batch 576/679, Lx 1.3030, Lu 0.1239, Penalty 0.0706, loss 1.4974
Epoch 9, Batch 577/679, Lx 1.5697, Lu 0.1449, Penalty 0.0890, loss 1.8036
Epoch 9, Batch 578/679, Lx 1.4059, Lu 0.1124, Penalty 0.0902, loss 1.6085
Epoch 9, Batch 579/679, Lx 1.2966, Lu 0.1028, Penalty 0.0931, loss 1.4925
Epoch 9, Batch 580/679, Lx 1.1620, Lu 0.1022, Penalty 0.1629, loss 1.4272
Epoch 9, Batch 581/679, Lx 1.3887, Lu 0.1130, Penalty 0.1249, loss 1.6267
Epoch 9, Batch 582/679, Lx 1.4961, Lu 0.1327, Penalty 0.1133, loss 1.7420
Epoch 9, Batch 583/679, Lx 1.2443, Lu 0.0988, Penalty 0.1068, loss 1.4499
Epoch 9, Batch 584/679, Lx 1.4770, Lu 0.1326, Penalty 0.1023, loss 1.7119
Epoch 9, Batch 585/679, Lx 1.4929, Lu 0.1155, Penalty 0.0526, loss 1.6610
Epoch 9, Batch 586/679, Lx 1.3445, Lu 0.0915, Penalty 0.1053, loss 1.5412
Epoch 9, Batch 587/679, Lx 1.4809, Lu 0.1422, Penalty 0.0616, loss 1.6847
Epoch 9, Batch 588/679, Lx 1.4345, Lu 0.1436, Penalty 0.0655, loss 1.6436
Epoch 9, Batch 589/679, Lx 1.4676, Lu 0.1263, Penalty 0.0506, loss 1.6445
Epoch 9, Batch 590/679, Lx 1.6382, Lu 0.1697, Penalty 0.0777, loss 1.8857
Epoch 9, Batch 591/679, Lx 1.5527, Lu 0.1620, Penalty 0.0739, loss 1.7887
Epoch 9, Batch 592/679, Lx 1.4103, Lu 0.1443, Penalty 0.0751, loss 1.6298
Epoch 9, Batch 593/679, Lx 1.4311, Lu 0.1058, Penalty 0.1052, loss 1.6421
Epoch 9, Batch 594/679, Lx 1.5749, Lu 0.1269, Penalty 0.1029, loss 1.8048
Epoch 9, Batch 595/679, Lx 1.3216, Lu 0.0931, Penalty 0.0850, loss 1.4996
Epoch 9, Batch 596/679, Lx 1.5212, Lu 0.1331, Penalty 0.1077, loss 1.7620
Epoch 9, Batch 597/679, Lx 1.6155, Lu 0.1612, Penalty 0.1536, loss 1.9302
Epoch 9, Batch 598/679, Lx 1.1043, Lu 0.1090, Penalty 0.1143, loss 1.3276
Epoch 9, Batch 599/679, Lx 1.1675, Lu 0.0709, Penalty 0.1915, loss 1.4298
Epoch 9, Batch 600/679, Lx 1.5479, Lu 0.0879, Penalty 0.0808, loss 1.7166
Epoch 9, Batch 601/679, Lx 1.5951, Lu 0.1021, Penalty 0.1172, loss 1.8145
Epoch 9, Batch 602/679, Lx 1.2445, Lu 0.1384, Penalty 0.1012, loss 1.4841
Epoch 9, Batch 603/679, Lx 1.3614, Lu 0.1048, Penalty 0.1189, loss 1.5851
Epoch 9, Batch 604/679, Lx 1.3574, Lu 0.1288, Penalty 0.0619, loss 1.5481
Epoch 9, Batch 605/679, Lx 1.3400, Lu 0.1234, Penalty 0.0478, loss 1.5112
Epoch 9, Batch 606/679, Lx 1.4177, Lu 0.1395, Penalty 0.0574, loss 1.6147
Epoch 9, Batch 607/679, Lx 1.5526, Lu 0.1040, Penalty 0.0716, loss 1.7283
Epoch 9, Batch 608/679, Lx 1.4636, Lu 0.1272, Penalty 0.0866, loss 1.6774
Epoch 9, Batch 609/679, Lx 1.3996, Lu 0.1248, Penalty 0.0437, loss 1.5681
Epoch 9, Batch 610/679, Lx 1.1539, Lu 0.1060, Penalty 0.0559, loss 1.3157
Epoch 9, Batch 611/679, Lx 1.5866, Lu 0.1691, Penalty 0.0656, loss 1.8214
Epoch 9, Batch 612/679, Lx 1.5411, Lu 0.1388, Penalty 0.1718, loss 1.8518
Epoch 9, Batch 613/679, Lx 1.6346, Lu 0.1411, Penalty 0.0501, loss 1.8258
Epoch 9, Batch 614/679, Lx 1.4544, Lu 0.1087, Penalty 0.1174, loss 1.6805
Epoch 9, Batch 615/679, Lx 1.2217, Lu 0.0903, Penalty 0.0777, loss 1.3897
Epoch 9, Batch 616/679, Lx 1.4743, Lu 0.1363, Penalty 0.0764, loss 1.6870
Epoch 9, Batch 617/679, Lx 1.2240, Lu 0.0819, Penalty 0.0870, loss 1.3929
Epoch 9, Batch 618/679, Lx 1.4156, Lu 0.1034, Penalty 0.0677, loss 1.5866
Epoch 9, Batch 619/679, Lx 1.5508, Lu 0.1540, Penalty 0.1295, loss 1.8344
Epoch 9, Batch 620/679, Lx 1.3303, Lu 0.0937, Penalty 0.1098, loss 1.5338
Epoch 9, Batch 621/679, Lx 1.2555, Lu 0.0919, Penalty 0.0674, loss 1.4148
Epoch 9, Batch 622/679, Lx 1.5798, Lu 0.1771, Penalty 0.0637, loss 1.8206
Epoch 9, Batch 623/679, Lx 1.3473, Lu 0.1202, Penalty 0.0534, loss 1.5209
Epoch 9, Batch 624/679, Lx 1.7713, Lu 0.1783, Penalty 0.0944, loss 2.0440
Epoch 9, Batch 625/679, Lx 1.3424, Lu 0.1016, Penalty 0.1200, loss 1.5640
Epoch 9, Batch 626/679, Lx 1.4671, Lu 0.1518, Penalty 0.0905, loss 1.7094
Epoch 9, Batch 627/679, Lx 1.5431, Lu 0.1431, Penalty 0.1209, loss 1.8071
Epoch 9, Batch 628/679, Lx 1.4374, Lu 0.1247, Penalty 0.0503, loss 1.6124
Epoch 9, Batch 629/679, Lx 1.4115, Lu 0.1337, Penalty 0.0876, loss 1.6328
Epoch 9, Batch 630/679, Lx 1.4437, Lu 0.1051, Penalty 0.0748, loss 1.6236
Epoch 9, Batch 631/679, Lx 1.3748, Lu 0.1144, Penalty 0.0787, loss 1.5679
Epoch 9, Batch 632/679, Lx 1.5118, Lu 0.1868, Penalty 0.0534, loss 1.7521
Epoch 9, Batch 633/679, Lx 1.3652, Lu 0.1358, Penalty 0.1049, loss 1.6059
Epoch 9, Batch 634/679, Lx 1.4537, Lu 0.1166, Penalty 0.0633, loss 1.6335
Epoch 9, Batch 635/679, Lx 1.2087, Lu 0.1193, Penalty 0.1800, loss 1.5080
Epoch 9, Batch 636/679, Lx 1.5506, Lu 0.1393, Penalty 0.1276, loss 1.8175
Epoch 9, Batch 637/679, Lx 1.5346, Lu 0.1218, Penalty 0.0634, loss 1.7198
Epoch 9, Batch 638/679, Lx 1.3890, Lu 0.1165, Penalty 0.0651, loss 1.5706
Epoch 9, Batch 639/679, Lx 1.4653, Lu 0.1273, Penalty 0.0442, loss 1.6369
Epoch 9, Batch 640/679, Lx 1.3363, Lu 0.0959, Penalty 0.1270, loss 1.5592
Epoch 9, Batch 641/679, Lx 1.5434, Lu 0.1361, Penalty 0.0674, loss 1.7468
Epoch 9, Batch 642/679, Lx 1.4182, Lu 0.1823, Penalty 0.0639, loss 1.6643
Epoch 9, Batch 643/679, Lx 1.5927, Lu 0.1479, Penalty 0.0953, loss 1.8359
Epoch 9, Batch 644/679, Lx 1.6129, Lu 0.1711, Penalty 0.0766, loss 1.8605
Epoch 9, Batch 645/679, Lx 1.3634, Lu 0.0925, Penalty 0.1287, loss 1.5846
Epoch 9, Batch 646/679, Lx 1.4076, Lu 0.1113, Penalty 0.1289, loss 1.6479
Epoch 9, Batch 647/679, Lx 1.3669, Lu 0.0997, Penalty 0.0737, loss 1.5403
Epoch 9, Batch 648/679, Lx 1.5176, Lu 0.1046, Penalty 0.1406, loss 1.7629
Epoch 9, Batch 649/679, Lx 1.6301, Lu 0.1438, Penalty 0.0590, loss 1.8329
Epoch 9, Batch 650/679, Lx 1.3835, Lu 0.0777, Penalty 0.0986, loss 1.5598
Epoch 9, Batch 651/679, Lx 1.2046, Lu 0.1504, Penalty 0.0851, loss 1.4400
Epoch 9, Batch 652/679, Lx 1.4108, Lu 0.1177, Penalty 0.1435, loss 1.6720
Epoch 9, Batch 653/679, Lx 1.3700, Lu 0.1373, Penalty 0.1345, loss 1.6418
Epoch 9, Batch 654/679, Lx 1.4741, Lu 0.1419, Penalty 0.0550, loss 1.6710
Epoch 9, Batch 655/679, Lx 1.5040, Lu 0.1516, Penalty 0.0582, loss 1.7138
Epoch 9, Batch 656/679, Lx 1.3443, Lu 0.0927, Penalty 0.1239, loss 1.5609
Epoch 9, Batch 657/679, Lx 1.4360, Lu 0.1017, Penalty 0.0776, loss 1.6153
Epoch 9, Batch 658/679, Lx 1.4204, Lu 0.1308, Penalty 0.1629, loss 1.7141
Epoch 9, Batch 659/679, Lx 1.4108, Lu 0.1073, Penalty 0.0440, loss 1.5621
Epoch 9, Batch 660/679, Lx 1.5032, Lu 0.1305, Penalty 0.0621, loss 1.6959
Epoch 9, Batch 661/679, Lx 1.5250, Lu 0.1474, Penalty 0.0774, loss 1.7498
Epoch 9, Batch 662/679, Lx 1.3450, Lu 0.0903, Penalty 0.1120, loss 1.5473
Epoch 9, Batch 663/679, Lx 1.3476, Lu 0.1174, Penalty 0.0406, loss 1.5056
Epoch 9, Batch 664/679, Lx 1.7074, Lu 0.1746, Penalty 0.0396, loss 1.9216
Epoch 9, Batch 665/679, Lx 1.3392, Lu 0.1228, Penalty 0.1297, loss 1.5917
Epoch 9, Batch 666/679, Lx 1.3538, Lu 0.1135, Penalty 0.0704, loss 1.5377
Epoch 9, Batch 667/679, Lx 1.4503, Lu 0.1180, Penalty 0.0683, loss 1.6366
Epoch 9, Batch 668/679, Lx 1.5214, Lu 0.1578, Penalty 0.0689, loss 1.7481
Epoch 9, Batch 669/679, Lx 1.4678, Lu 0.1206, Penalty 0.1049, loss 1.6933
Epoch 9, Batch 670/679, Lx 1.3299, Lu 0.1125, Penalty 0.0795, loss 1.5219
Epoch 9, Batch 671/679, Lx 1.4976, Lu 0.1338, Penalty 0.0728, loss 1.7042
Epoch 9, Batch 672/679, Lx 1.6743, Lu 0.1424, Penalty 0.1751, loss 1.9917
Epoch 9, Batch 673/679, Lx 1.5242, Lu 0.1511, Penalty 0.1008, loss 1.7760
Epoch 9, Batch 674/679, Lx 1.5032, Lu 0.1406, Penalty 0.0690, loss 1.7128
Epoch 9, Batch 675/679, Lx 1.5757, Lu 0.1216, Penalty 0.0895, loss 1.7868
Epoch 9, Batch 676/679, Lx 1.5734, Lu 0.1038, Penalty 0.0995, loss 1.7767
Epoch 9, Batch 677/679, Lx 1.3860, Lu 0.1195, Penalty 0.1100, loss 1.6155
Epoch 9, Batch 678/679, Lx 1.5818, Lu 0.1211, Penalty 0.0583, loss 1.7612
Epoch 9, Batch 679/679, Lx 1.7435, Lu 0.0782, Penalty 0.1316, loss 1.9533
Loss: 1.6606, Lx: 1.4507, Lu: 0.1248, Penalty: 0.0852
Evaluating training data at epoch 9 for Model 1
GMM Means: [0.51315752 0.2215064 ]
GMM Covariances: [0.02618896 0.01472976]
Evaluating training data at epoch 9 for Model 2
GMM Means: [0.56369491 0.22917744]
GMM Covariances: [0.01978497 0.01269514]
Evaluating models at epoch 9
Test data size: 60000
Epoch: 9, Test Loss: 1.6347, Test Accuracy: 0.4838, Test F1 Score: 0.4507
Training for Network 1
labelled data size: 30309
unlabelled data size: 11691
Epoch 10, Batch 1/948, Lx 1.6035, Lu 0.1750, Penalty 0.0973, loss 1.8757
Epoch 10, Batch 2/948, Lx 1.5826, Lu 0.1174, Penalty 0.0948, loss 1.7948
Epoch 10, Batch 3/948, Lx 1.7529, Lu 0.2354, Penalty 0.0560, loss 2.0443
Epoch 10, Batch 4/948, Lx 1.7438, Lu 0.1899, Penalty 0.0791, loss 2.0128
Epoch 10, Batch 5/948, Lx 1.7540, Lu 0.1978, Penalty 0.0514, loss 2.0032
Epoch 10, Batch 6/948, Lx 1.7574, Lu 0.1936, Penalty 0.0561, loss 2.0071
Epoch 10, Batch 7/948, Lx 1.7349, Lu 0.2406, Penalty 0.1055, loss 2.0810
Epoch 10, Batch 8/948, Lx 1.6572, Lu 0.1500, Penalty 0.0890, loss 1.8963
Epoch 10, Batch 9/948, Lx 1.7881, Lu 0.2098, Penalty 0.0592, loss 2.0571
Epoch 10, Batch 10/948, Lx 1.7209, Lu 0.2299, Penalty 0.1137, loss 2.0645
Epoch 10, Batch 11/948, Lx 1.4854, Lu 0.1658, Penalty 0.0992, loss 1.7504
Epoch 10, Batch 12/948, Lx 1.6618, Lu 0.0742, Penalty 0.1315, loss 1.8675
Epoch 10, Batch 13/948, Lx 1.9752, Lu 0.2488, Penalty 0.1016, loss 2.3256
Epoch 10, Batch 14/948, Lx 1.5957, Lu 0.1490, Penalty 0.1200, loss 1.8647
Epoch 10, Batch 15/948, Lx 1.8792, Lu 0.1292, Penalty 0.1311, loss 2.1396
Epoch 10, Batch 16/948, Lx 1.8226, Lu 0.1609, Penalty 0.1047, loss 2.0882
Epoch 10, Batch 17/948, Lx 1.8000, Lu 0.1280, Penalty 0.1297, loss 2.0576
Epoch 10, Batch 18/948, Lx 1.8044, Lu 0.2056, Penalty 0.0663, loss 2.0764
Epoch 10, Batch 19/948, Lx 1.4293, Lu 0.1495, Penalty 0.1023, loss 1.6812
Epoch 10, Batch 20/948, Lx 1.6937, Lu 0.1404, Penalty 0.0623, loss 1.8964
Epoch 10, Batch 21/948, Lx 1.5885, Lu 0.0785, Penalty 0.0983, loss 1.7653
Epoch 10, Batch 22/948, Lx 1.8166, Lu 0.2181, Penalty 0.0494, loss 2.0841
Epoch 10, Batch 23/948, Lx 1.7409, Lu 0.2392, Penalty 0.0623, loss 2.0424
Epoch 10, Batch 24/948, Lx 1.7575, Lu 0.2152, Penalty 0.0356, loss 2.0083
Epoch 10, Batch 25/948, Lx 1.5606, Lu 0.1724, Penalty 0.0498, loss 1.7828
Epoch 10, Batch 26/948, Lx 1.6624, Lu 0.1817, Penalty 0.0470, loss 1.8911
Epoch 10, Batch 27/948, Lx 1.8906, Lu 0.2082, Penalty 0.0684, loss 2.1673
Epoch 10, Batch 28/948, Lx 1.7305, Lu 0.1228, Penalty 0.0796, loss 1.9329
Epoch 10, Batch 29/948, Lx 1.6002, Lu 0.1469, Penalty 0.0528, loss 1.8000
Epoch 10, Batch 30/948, Lx 1.5858, Lu 0.1718, Penalty 0.0863, loss 1.8439
Epoch 10, Batch 31/948, Lx 1.9247, Lu 0.2291, Penalty 0.0810, loss 2.2347
Epoch 10, Batch 32/948, Lx 1.6592, Lu 0.1519, Penalty 0.0741, loss 1.8852
Epoch 10, Batch 33/948, Lx 1.7982, Lu 0.1525, Penalty 0.0431, loss 1.9937
Epoch 10, Batch 34/948, Lx 1.8276, Lu 0.1563, Penalty 0.0959, loss 2.0798
Epoch 10, Batch 35/948, Lx 1.8568, Lu 0.2480, Penalty 0.0658, loss 2.1705
Epoch 10, Batch 36/948, Lx 1.8207, Lu 0.1975, Penalty 0.0404, loss 2.0586
Epoch 10, Batch 37/948, Lx 1.7865, Lu 0.1944, Penalty 0.1528, loss 2.1337
Epoch 10, Batch 38/948, Lx 1.6039, Lu 0.1520, Penalty 0.1036, loss 1.8595
Epoch 10, Batch 39/948, Lx 1.6291, Lu 0.1438, Penalty 0.0653, loss 1.8382
Epoch 10, Batch 40/948, Lx 1.6806, Lu 0.1592, Penalty 0.0706, loss 1.9103
Epoch 10, Batch 41/948, Lx 1.7624, Lu 0.1899, Penalty 0.0839, loss 2.0363
Epoch 10, Batch 42/948, Lx 1.6953, Lu 0.1452, Penalty 0.0614, loss 1.9019
Epoch 10, Batch 43/948, Lx 1.7436, Lu 0.1614, Penalty 0.0217, loss 1.9268
Epoch 10, Batch 44/948, Lx 1.5695, Lu 0.0982, Penalty 0.0496, loss 1.7173
Epoch 10, Batch 45/948, Lx 1.6992, Lu 0.1492, Penalty 0.0300, loss 1.8784
Epoch 10, Batch 46/948, Lx 1.5527, Lu 0.1490, Penalty 0.1178, loss 1.8195
Epoch 10, Batch 47/948, Lx 1.8564, Lu 0.2774, Penalty 0.0218, loss 2.1557
Epoch 10, Batch 48/948, Lx 1.5761, Lu 0.1028, Penalty 0.0813, loss 1.7602
Epoch 10, Batch 49/948, Lx 1.6740, Lu 0.1403, Penalty 0.1155, loss 1.9298
Epoch 10, Batch 50/948, Lx 1.8186, Lu 0.2386, Penalty 0.0667, loss 2.1239
Epoch 10, Batch 51/948, Lx 1.8000, Lu 0.1774, Penalty 0.0542, loss 2.0316
Epoch 10, Batch 52/948, Lx 1.4231, Lu 0.1266, Penalty 0.0447, loss 1.5944
Epoch 10, Batch 53/948, Lx 1.7870, Lu 0.1893, Penalty 0.0567, loss 2.0330
Epoch 10, Batch 54/948, Lx 1.8729, Lu 0.1868, Penalty 0.0568, loss 2.1166
Epoch 10, Batch 55/948, Lx 1.4263, Lu 0.1300, Penalty 0.1059, loss 1.6622
Epoch 10, Batch 56/948, Lx 1.7625, Lu 0.1438, Penalty 0.1600, loss 2.0663
Epoch 10, Batch 57/948, Lx 1.5476, Lu 0.1370, Penalty 0.0969, loss 1.7815
Epoch 10, Batch 58/948, Lx 1.8787, Lu 0.1898, Penalty 0.0809, loss 2.1494
Epoch 10, Batch 59/948, Lx 1.6375, Lu 0.1353, Penalty 0.1037, loss 1.8765
Epoch 10, Batch 60/948, Lx 1.7480, Lu 0.1931, Penalty 0.0744, loss 2.0155
Epoch 10, Batch 61/948, Lx 1.7048, Lu 0.1400, Penalty 0.0941, loss 1.9389
Epoch 10, Batch 62/948, Lx 1.7597, Lu 0.1717, Penalty 0.0593, loss 1.9907
Epoch 10, Batch 63/948, Lx 1.7129, Lu 0.1254, Penalty 0.0308, loss 1.8691
Epoch 10, Batch 64/948, Lx 1.7976, Lu 0.1096, Penalty 0.0548, loss 1.9620
Epoch 10, Batch 65/948, Lx 1.5575, Lu 0.1569, Penalty 0.0868, loss 1.8012
Epoch 10, Batch 66/948, Lx 1.6178, Lu 0.1665, Penalty 0.0893, loss 1.8736
Epoch 10, Batch 67/948, Lx 1.9251, Lu 0.2075, Penalty 0.0872, loss 2.2198
Epoch 10, Batch 68/948, Lx 1.7718, Lu 0.1308, Penalty 0.0818, loss 1.9844
Epoch 10, Batch 69/948, Lx 1.5293, Lu 0.1540, Penalty 0.1404, loss 1.8237
Epoch 10, Batch 70/948, Lx 1.6969, Lu 0.1905, Penalty 0.0753, loss 1.9627
Epoch 10, Batch 71/948, Lx 1.7169, Lu 0.1241, Penalty 0.0270, loss 1.8680
Epoch 10, Batch 72/948, Lx 1.6024, Lu 0.1187, Penalty 0.0530, loss 1.7740
Epoch 10, Batch 73/948, Lx 1.7161, Lu 0.1222, Penalty 0.1278, loss 1.9661
Epoch 10, Batch 74/948, Lx 1.8704, Lu 0.1597, Penalty 0.0524, loss 2.0825
Epoch 10, Batch 75/948, Lx 1.7112, Lu 0.1981, Penalty 0.0711, loss 1.9804
Epoch 10, Batch 76/948, Lx 1.7655, Lu 0.1692, Penalty 0.0927, loss 2.0274
Epoch 10, Batch 77/948, Lx 1.7232, Lu 0.1533, Penalty 0.0234, loss 1.8999
Epoch 10, Batch 78/948, Lx 1.7574, Lu 0.1375, Penalty 0.0689, loss 1.9637
Epoch 10, Batch 79/948, Lx 1.6403, Lu 0.1544, Penalty 0.0400, loss 1.8347
Epoch 10, Batch 80/948, Lx 1.6930, Lu 0.1902, Penalty 0.1016, loss 1.9848
Epoch 10, Batch 81/948, Lx 1.7102, Lu 0.0955, Penalty 0.0774, loss 1.8831
Epoch 10, Batch 82/948, Lx 1.5036, Lu 0.1546, Penalty 0.0610, loss 1.7193
Epoch 10, Batch 83/948, Lx 1.5909, Lu 0.1680, Penalty 0.0727, loss 1.8316
Epoch 10, Batch 84/948, Lx 1.7653, Lu 0.1786, Penalty 0.0685, loss 2.0124
Epoch 10, Batch 85/948, Lx 1.7484, Lu 0.2074, Penalty 0.0543, loss 2.0101
Epoch 10, Batch 86/948, Lx 1.6706, Lu 0.1117, Penalty 0.1122, loss 1.8945
Epoch 10, Batch 87/948, Lx 1.9521, Lu 0.2579, Penalty 0.0600, loss 2.2700
Epoch 10, Batch 88/948, Lx 1.7878, Lu 0.1576, Penalty 0.0801, loss 2.0255
Epoch 10, Batch 89/948, Lx 1.8188, Lu 0.1620, Penalty 0.0524, loss 2.0333
Epoch 10, Batch 90/948, Lx 1.7618, Lu 0.1615, Penalty 0.0790, loss 2.0022
Epoch 10, Batch 91/948, Lx 1.6684, Lu 0.1441, Penalty 0.0762, loss 1.8887
Epoch 10, Batch 92/948, Lx 1.7989, Lu 0.1784, Penalty 0.0724, loss 2.0497
Epoch 10, Batch 93/948, Lx 1.7273, Lu 0.2289, Penalty 0.0505, loss 2.0066
Epoch 10, Batch 94/948, Lx 1.8319, Lu 0.1371, Penalty 0.1064, loss 2.0753
Epoch 10, Batch 95/948, Lx 1.6662, Lu 0.1563, Penalty 0.0775, loss 1.9000
Epoch 10, Batch 96/948, Lx 1.7571, Lu 0.1303, Penalty 0.0421, loss 1.9294
Epoch 10, Batch 97/948, Lx 1.7319, Lu 0.1702, Penalty 0.1230, loss 2.0251
Epoch 10, Batch 98/948, Lx 1.7954, Lu 0.1594, Penalty 0.0985, loss 2.0533
Epoch 10, Batch 99/948, Lx 1.7487, Lu 0.2018, Penalty 0.0625, loss 2.0131
Epoch 10, Batch 100/948, Lx 1.6016, Lu 0.1416, Penalty 0.0641, loss 1.8073
Epoch 10, Batch 101/948, Lx 1.5078, Lu 0.1612, Penalty 0.0752, loss 1.7442
Epoch 10, Batch 102/948, Lx 1.7604, Lu 0.1622, Penalty 0.0512, loss 1.9738
Epoch 10, Batch 103/948, Lx 1.7103, Lu 0.2053, Penalty 0.0587, loss 1.9743
Epoch 10, Batch 104/948, Lx 1.7401, Lu 0.1733, Penalty 0.0579, loss 1.9713
Epoch 10, Batch 105/948, Lx 1.6933, Lu 0.1810, Penalty 0.0399, loss 1.9142
Epoch 10, Batch 106/948, Lx 1.5376, Lu 0.1497, Penalty 0.0386, loss 1.7259
Epoch 10, Batch 107/948, Lx 1.7364, Lu 0.2199, Penalty 0.0215, loss 1.9778
Epoch 10, Batch 108/948, Lx 1.8490, Lu 0.2201, Penalty 0.0462, loss 2.1153
Epoch 10, Batch 109/948, Lx 1.7262, Lu 0.1431, Penalty 0.0669, loss 1.9362
Epoch 10, Batch 110/948, Lx 1.7621, Lu 0.1585, Penalty 0.0716, loss 1.9921
Epoch 10, Batch 111/948, Lx 1.6595, Lu 0.1898, Penalty 0.0742, loss 1.9235
Epoch 10, Batch 112/948, Lx 1.9114, Lu 0.1593, Penalty 0.0338, loss 2.1045
Epoch 10, Batch 113/948, Lx 1.9063, Lu 0.1420, Penalty 0.0405, loss 2.0887
Epoch 10, Batch 114/948, Lx 1.6743, Lu 0.1515, Penalty 0.1637, loss 1.9895
Epoch 10, Batch 115/948, Lx 1.7670, Lu 0.2064, Penalty 0.0618, loss 2.0351
Epoch 10, Batch 116/948, Lx 1.5421, Lu 0.1004, Penalty 0.1315, loss 1.7740
Epoch 10, Batch 117/948, Lx 1.7640, Lu 0.1393, Penalty 0.1388, loss 2.0420
Epoch 10, Batch 118/948, Lx 1.7951, Lu 0.2050, Penalty 0.0743, loss 2.0745
Epoch 10, Batch 119/948, Lx 1.7961, Lu 0.1604, Penalty 0.1176, loss 2.0741
Epoch 10, Batch 120/948, Lx 1.6493, Lu 0.1606, Penalty 0.0861, loss 1.8960
Epoch 10, Batch 121/948, Lx 1.4058, Lu 0.1071, Penalty 0.0720, loss 1.5849
Epoch 10, Batch 122/948, Lx 1.5952, Lu 0.1513, Penalty 0.1027, loss 1.8491
Epoch 10, Batch 123/948, Lx 1.8674, Lu 0.1993, Penalty 0.0958, loss 2.1625
Epoch 10, Batch 124/948, Lx 1.5584, Lu 0.1177, Penalty 0.0485, loss 1.7246
Epoch 10, Batch 125/948, Lx 1.3275, Lu 0.1355, Penalty 0.0972, loss 1.5602
Epoch 10, Batch 126/948, Lx 1.8653, Lu 0.2156, Penalty 0.0557, loss 2.1367
Epoch 10, Batch 127/948, Lx 1.6787, Lu 0.1861, Penalty 0.0483, loss 1.9131
Epoch 10, Batch 128/948, Lx 1.8733, Lu 0.2048, Penalty 0.0571, loss 2.1353
Epoch 10, Batch 129/948, Lx 1.6513, Lu 0.1840, Penalty 0.0633, loss 1.8987
Epoch 10, Batch 130/948, Lx 1.7085, Lu 0.1882, Penalty 0.0407, loss 1.9374
Epoch 10, Batch 131/948, Lx 1.8693, Lu 0.1961, Penalty 0.0401, loss 2.1056
Epoch 10, Batch 132/948, Lx 1.7409, Lu 0.2538, Penalty 0.0950, loss 2.0898
Epoch 10, Batch 133/948, Lx 1.7537, Lu 0.1543, Penalty 0.0840, loss 1.9920
Epoch 10, Batch 134/948, Lx 1.8636, Lu 0.1452, Penalty 0.0601, loss 2.0689
Epoch 10, Batch 135/948, Lx 1.7205, Lu 0.2044, Penalty 0.0688, loss 1.9937
Epoch 10, Batch 136/948, Lx 1.8868, Lu 0.1962, Penalty 0.0642, loss 2.1472
Epoch 10, Batch 137/948, Lx 1.6287, Lu 0.1149, Penalty 0.0894, loss 1.8329
Epoch 10, Batch 138/948, Lx 1.7779, Lu 0.1811, Penalty 0.0793, loss 2.0383
Epoch 10, Batch 139/948, Lx 1.8354, Lu 0.1842, Penalty 0.0524, loss 2.0720
Epoch 10, Batch 140/948, Lx 1.6859, Lu 0.1366, Penalty 0.1167, loss 1.9393
Epoch 10, Batch 141/948, Lx 1.5980, Lu 0.1266, Penalty 0.1084, loss 1.8331
Epoch 10, Batch 142/948, Lx 1.7913, Lu 0.1868, Penalty 0.0733, loss 2.0514
Epoch 10, Batch 143/948, Lx 1.7195, Lu 0.1829, Penalty 0.0600, loss 1.9624
Epoch 10, Batch 144/948, Lx 1.5146, Lu 0.1910, Penalty 0.0714, loss 1.7769
Epoch 10, Batch 145/948, Lx 1.5692, Lu 0.1715, Penalty 0.0855, loss 1.8262
Epoch 10, Batch 146/948, Lx 1.7513, Lu 0.1703, Penalty 0.0495, loss 1.9711
Epoch 10, Batch 147/948, Lx 1.7470, Lu 0.2007, Penalty 0.0418, loss 1.9895
Epoch 10, Batch 148/948, Lx 1.6342, Lu 0.1442, Penalty 0.0376, loss 1.8160
Epoch 10, Batch 149/948, Lx 1.5275, Lu 0.1132, Penalty 0.0528, loss 1.6935
Epoch 10, Batch 150/948, Lx 1.7835, Lu 0.1775, Penalty 0.0444, loss 2.0054
Epoch 10, Batch 151/948, Lx 1.7637, Lu 0.1627, Penalty 0.0617, loss 1.9882
Epoch 10, Batch 152/948, Lx 1.6659, Lu 0.1646, Penalty 0.0472, loss 1.8777
Epoch 10, Batch 153/948, Lx 1.5089, Lu 0.1277, Penalty 0.0740, loss 1.7107
Epoch 10, Batch 154/948, Lx 1.7112, Lu 0.1926, Penalty 0.0636, loss 1.9674
Epoch 10, Batch 155/948, Lx 1.6303, Lu 0.1400, Penalty 0.0350, loss 1.8053
Epoch 10, Batch 156/948, Lx 1.8625, Lu 0.1718, Penalty 0.1210, loss 2.1553
Epoch 10, Batch 157/948, Lx 1.8958, Lu 0.1622, Penalty 0.0280, loss 2.0860
Epoch 10, Batch 158/948, Lx 1.5889, Lu 0.1303, Penalty 0.0834, loss 1.8026
Epoch 10, Batch 159/948, Lx 1.7251, Lu 0.1323, Penalty 0.0447, loss 1.9022
Epoch 10, Batch 160/948, Lx 1.6809, Lu 0.2165, Penalty 0.0623, loss 1.9597
Epoch 10, Batch 161/948, Lx 1.7232, Lu 0.1920, Penalty 0.0517, loss 1.9670
Epoch 10, Batch 162/948, Lx 1.6373, Lu 0.1332, Penalty 0.0648, loss 1.8352
Epoch 10, Batch 163/948, Lx 1.8348, Lu 0.2013, Penalty 0.0501, loss 2.0861
Epoch 10, Batch 164/948, Lx 1.8165, Lu 0.2019, Penalty 0.0560, loss 2.0744
Epoch 10, Batch 165/948, Lx 1.7935, Lu 0.2158, Penalty 0.0971, loss 2.1065
Epoch 10, Batch 166/948, Lx 1.7349, Lu 0.2030, Penalty 0.1390, loss 2.0770
Epoch 10, Batch 167/948, Lx 1.5347, Lu 0.1392, Penalty 0.2057, loss 1.8795
Epoch 10, Batch 168/948, Lx 1.6512, Lu 0.1187, Penalty 0.0907, loss 1.8606
Epoch 10, Batch 169/948, Lx 1.8285, Lu 0.1057, Penalty 0.0612, loss 1.9954
Epoch 10, Batch 170/948, Lx 1.6974, Lu 0.1928, Penalty 0.1322, loss 2.0223
Epoch 10, Batch 171/948, Lx 1.9359, Lu 0.2409, Penalty 0.0603, loss 2.2371
Epoch 10, Batch 172/948, Lx 1.7227, Lu 0.1135, Penalty 0.1294, loss 1.9656
Epoch 10, Batch 173/948, Lx 1.4858, Lu 0.1092, Penalty 0.1255, loss 1.7205
Epoch 10, Batch 174/948, Lx 1.7817, Lu 0.1455, Penalty 0.0645, loss 1.9918
Epoch 10, Batch 175/948, Lx 1.8196, Lu 0.2165, Penalty 0.1007, loss 2.1368
Epoch 10, Batch 176/948, Lx 1.8153, Lu 0.2148, Penalty 0.1089, loss 2.1390
Epoch 10, Batch 177/948, Lx 1.4656, Lu 0.1205, Penalty 0.0532, loss 1.6392
Epoch 10, Batch 178/948, Lx 1.7488, Lu 0.1349, Penalty 0.0854, loss 1.9691
Epoch 10, Batch 179/948, Lx 1.8327, Lu 0.1964, Penalty 0.0492, loss 2.0783
Epoch 10, Batch 180/948, Lx 1.5887, Lu 0.1454, Penalty 0.0691, loss 1.8033
Epoch 10, Batch 181/948, Lx 1.6265, Lu 0.2155, Penalty 0.0427, loss 1.8847
Epoch 10, Batch 182/948, Lx 1.7101, Lu 0.1612, Penalty 0.0421, loss 1.9134
Epoch 10, Batch 183/948, Lx 1.7795, Lu 0.1346, Penalty 0.0870, loss 2.0011
Epoch 10, Batch 184/948, Lx 1.6332, Lu 0.1235, Penalty 0.0431, loss 1.7998
Epoch 10, Batch 185/948, Lx 1.7809, Lu 0.1764, Penalty 0.0864, loss 2.0437
Epoch 10, Batch 186/948, Lx 1.6559, Lu 0.1381, Penalty 0.1065, loss 1.9005
Epoch 10, Batch 187/948, Lx 1.6490, Lu 0.1275, Penalty 0.0559, loss 1.8324
Epoch 10, Batch 188/948, Lx 1.7342, Lu 0.1614, Penalty 0.0768, loss 1.9724
Epoch 10, Batch 189/948, Lx 1.7320, Lu 0.1458, Penalty 0.1282, loss 2.0060
Epoch 10, Batch 190/948, Lx 1.7432, Lu 0.1962, Penalty 0.0564, loss 1.9957
Epoch 10, Batch 191/948, Lx 1.7186, Lu 0.1928, Penalty 0.1281, loss 2.0395
Epoch 10, Batch 192/948, Lx 1.9824, Lu 0.1744, Penalty 0.0254, loss 2.1822
Epoch 10, Batch 193/948, Lx 1.7488, Lu 0.1400, Penalty 0.0500, loss 1.9388
Epoch 10, Batch 194/948, Lx 1.6738, Lu 0.0889, Penalty 0.0258, loss 1.7886
Epoch 10, Batch 195/948, Lx 1.6429, Lu 0.1809, Penalty 0.0913, loss 1.9151
Epoch 10, Batch 196/948, Lx 1.7511, Lu 0.1374, Penalty 0.0856, loss 1.9741
Epoch 10, Batch 197/948, Lx 1.8118, Lu 0.1478, Penalty 0.0521, loss 2.0118
Epoch 10, Batch 198/948, Lx 1.7718, Lu 0.1417, Penalty 0.0432, loss 1.9567
Epoch 10, Batch 199/948, Lx 1.6252, Lu 0.1236, Penalty 0.0965, loss 1.8453
Epoch 10, Batch 200/948, Lx 1.7590, Lu 0.2278, Penalty 0.0642, loss 2.0510
Epoch 10, Batch 201/948, Lx 1.8414, Lu 0.1812, Penalty 0.0804, loss 2.1030
Epoch 10, Batch 202/948, Lx 1.6182, Lu 0.1862, Penalty 0.0733, loss 1.8777
Epoch 10, Batch 203/948, Lx 1.5180, Lu 0.1000, Penalty 0.0632, loss 1.6812
Epoch 10, Batch 204/948, Lx 1.7845, Lu 0.1708, Penalty 0.0688, loss 2.0241
Epoch 10, Batch 205/948, Lx 1.5961, Lu 0.1327, Penalty 0.1154, loss 1.8442
Epoch 10, Batch 206/948, Lx 1.7785, Lu 0.2016, Penalty 0.0427, loss 2.0229
Epoch 10, Batch 207/948, Lx 1.6217, Lu 0.1708, Penalty 0.1173, loss 1.9098
Epoch 10, Batch 208/948, Lx 1.8141, Lu 0.1799, Penalty 0.0555, loss 2.0494
Epoch 10, Batch 209/948, Lx 1.7174, Lu 0.2022, Penalty 0.0719, loss 1.9916
Epoch 10, Batch 210/948, Lx 1.6486, Lu 0.1261, Penalty 0.0928, loss 1.8675
Epoch 10, Batch 211/948, Lx 1.5724, Lu 0.1331, Penalty 0.0498, loss 1.7554
Epoch 10, Batch 212/948, Lx 1.8289, Lu 0.1203, Penalty 0.0607, loss 2.0099
Epoch 10, Batch 213/948, Lx 1.6499, Lu 0.1052, Penalty 0.0982, loss 1.8533
Epoch 10, Batch 214/948, Lx 1.6220, Lu 0.1797, Penalty 0.0766, loss 1.8783
Epoch 10, Batch 215/948, Lx 1.9563, Lu 0.2290, Penalty 0.1149, loss 2.3002
Epoch 10, Batch 216/948, Lx 1.6155, Lu 0.2350, Penalty 0.0533, loss 1.9038
Epoch 10, Batch 217/948, Lx 1.5768, Lu 0.1142, Penalty 0.0678, loss 1.7587
Epoch 10, Batch 218/948, Lx 1.7373, Lu 0.1949, Penalty 0.0809, loss 2.0130
Epoch 10, Batch 219/948, Lx 1.7268, Lu 0.1437, Penalty 0.0443, loss 1.9147
Epoch 10, Batch 220/948, Lx 1.6384, Lu 0.1296, Penalty 0.0757, loss 1.8437
Epoch 10, Batch 221/948, Lx 1.7453, Lu 0.1557, Penalty 0.0763, loss 1.9774
Epoch 10, Batch 222/948, Lx 1.6410, Lu 0.1430, Penalty 0.0495, loss 1.8335
Epoch 10, Batch 223/948, Lx 1.6358, Lu 0.1409, Penalty 0.0389, loss 1.8156
Epoch 10, Batch 224/948, Lx 1.7554, Lu 0.1597, Penalty 0.0792, loss 1.9942
Epoch 10, Batch 225/948, Lx 1.6645, Lu 0.1514, Penalty 0.0386, loss 1.8545
Epoch 10, Batch 226/948, Lx 1.6927, Lu 0.1319, Penalty 0.1030, loss 1.9277
Epoch 10, Batch 227/948, Lx 1.6638, Lu 0.1813, Penalty 0.0270, loss 1.8722
Epoch 10, Batch 228/948, Lx 1.7344, Lu 0.1951, Penalty 0.0757, loss 2.0052
Epoch 10, Batch 229/948, Lx 1.6667, Lu 0.2011, Penalty 0.0597, loss 1.9275
Epoch 10, Batch 230/948, Lx 1.6612, Lu 0.1666, Penalty 0.0330, loss 1.8609
Epoch 10, Batch 231/948, Lx 1.8173, Lu 0.1415, Penalty 0.0505, loss 2.0093
Epoch 10, Batch 232/948, Lx 1.8092, Lu 0.2603, Penalty 0.0668, loss 2.1363
Epoch 10, Batch 233/948, Lx 1.7462, Lu 0.1253, Penalty 0.0266, loss 1.8980
Epoch 10, Batch 234/948, Lx 1.7874, Lu 0.2100, Penalty 0.2427, loss 2.2401
Epoch 10, Batch 235/948, Lx 1.6446, Lu 0.1275, Penalty 0.0633, loss 1.8354
Epoch 10, Batch 236/948, Lx 1.7831, Lu 0.1801, Penalty 0.0731, loss 2.0363
Epoch 10, Batch 237/948, Lx 1.8012, Lu 0.1276, Penalty 0.0344, loss 1.9632
Epoch 10, Batch 238/948, Lx 1.7499, Lu 0.1727, Penalty 0.0708, loss 1.9934
Epoch 10, Batch 239/948, Lx 1.7033, Lu 0.1234, Penalty 0.0999, loss 1.9266
Epoch 10, Batch 240/948, Lx 1.6765, Lu 0.1822, Penalty 0.0843, loss 1.9430
Epoch 10, Batch 241/948, Lx 1.5109, Lu 0.1200, Penalty 0.1184, loss 1.7493
Epoch 10, Batch 242/948, Lx 1.7612, Lu 0.1774, Penalty 0.0876, loss 2.0262
Epoch 10, Batch 243/948, Lx 1.8701, Lu 0.2076, Penalty 0.0348, loss 2.1125
Epoch 10, Batch 244/948, Lx 1.7040, Lu 0.1358, Penalty 0.0504, loss 1.8901
Epoch 10, Batch 245/948, Lx 1.8248, Lu 0.1145, Penalty 0.0964, loss 2.0357
Epoch 10, Batch 246/948, Lx 1.7099, Lu 0.0999, Penalty 0.1413, loss 1.9512
Epoch 10, Batch 247/948, Lx 1.7163, Lu 0.1354, Penalty 0.0629, loss 1.9146
Epoch 10, Batch 248/948, Lx 1.9260, Lu 0.2114, Penalty 0.0787, loss 2.2161
Epoch 10, Batch 249/948, Lx 1.6358, Lu 0.1678, Penalty 0.0628, loss 1.8665
Epoch 10, Batch 250/948, Lx 1.9842, Lu 0.1715, Penalty 0.0471, loss 2.2028
Epoch 10, Batch 251/948, Lx 1.7481, Lu 0.1822, Penalty 0.0340, loss 1.9643
Epoch 10, Batch 252/948, Lx 1.7254, Lu 0.1900, Penalty 0.0494, loss 1.9648
Epoch 10, Batch 253/948, Lx 1.7302, Lu 0.1893, Penalty 0.0518, loss 1.9713
Epoch 10, Batch 254/948, Lx 1.4392, Lu 0.1030, Penalty 0.0505, loss 1.5927
Epoch 10, Batch 255/948, Lx 1.7389, Lu 0.2028, Penalty 0.0778, loss 2.0195
Epoch 10, Batch 256/948, Lx 1.8933, Lu 0.1271, Penalty 0.0345, loss 2.0550
Epoch 10, Batch 257/948, Lx 1.7628, Lu 0.2147, Penalty 0.0468, loss 2.0243
Epoch 10, Batch 258/948, Lx 1.7361, Lu 0.2361, Penalty 0.0556, loss 2.0279
Epoch 10, Batch 259/948, Lx 1.8597, Lu 0.1349, Penalty 0.0384, loss 2.0329
Epoch 10, Batch 260/948, Lx 1.5739, Lu 0.1537, Penalty 0.0436, loss 1.7711
Epoch 10, Batch 261/948, Lx 1.5959, Lu 0.2141, Penalty 0.0486, loss 1.8587
Epoch 10, Batch 262/948, Lx 1.8895, Lu 0.1640, Penalty 0.0585, loss 2.1120
Epoch 10, Batch 263/948, Lx 1.8335, Lu 0.1258, Penalty 0.0529, loss 2.0121
Epoch 10, Batch 264/948, Lx 1.5926, Lu 0.1567, Penalty 0.0764, loss 1.8256
Epoch 10, Batch 265/948, Lx 1.7735, Lu 0.1425, Penalty 0.0424, loss 1.9584
Epoch 10, Batch 266/948, Lx 1.8013, Lu 0.1345, Penalty 0.0753, loss 2.0111
Epoch 10, Batch 267/948, Lx 1.7779, Lu 0.1707, Penalty 0.0968, loss 2.0454
Epoch 10, Batch 268/948, Lx 1.6821, Lu 0.1536, Penalty 0.1109, loss 1.9466
Epoch 10, Batch 269/948, Lx 1.8695, Lu 0.1681, Penalty 0.0675, loss 2.1051
Epoch 10, Batch 270/948, Lx 1.6361, Lu 0.1476, Penalty 0.0835, loss 1.8671
Epoch 10, Batch 271/948, Lx 1.7780, Lu 0.1132, Penalty 0.0539, loss 1.9451
Epoch 10, Batch 272/948, Lx 1.5695, Lu 0.1408, Penalty 0.0928, loss 1.8032
Epoch 10, Batch 273/948, Lx 1.7834, Lu 0.1035, Penalty 0.1463, loss 2.0331
Epoch 10, Batch 274/948, Lx 1.7051, Lu 0.1571, Penalty 0.0925, loss 1.9548
Epoch 10, Batch 275/948, Lx 1.7533, Lu 0.2077, Penalty 0.0521, loss 2.0131
Epoch 10, Batch 276/948, Lx 1.7154, Lu 0.2377, Penalty 0.0695, loss 2.0225
Epoch 10, Batch 277/948, Lx 1.6499, Lu 0.1528, Penalty 0.0972, loss 1.8998
Epoch 10, Batch 278/948, Lx 1.7224, Lu 0.1577, Penalty 0.0617, loss 1.9419
Epoch 10, Batch 279/948, Lx 1.7665, Lu 0.1307, Penalty 0.0642, loss 1.9615
Epoch 10, Batch 280/948, Lx 1.6516, Lu 0.1391, Penalty 0.0651, loss 1.8558
Epoch 10, Batch 281/948, Lx 1.7751, Lu 0.1603, Penalty 0.0757, loss 2.0112
Epoch 10, Batch 282/948, Lx 1.6587, Lu 0.1234, Penalty 0.0619, loss 1.8440
Epoch 10, Batch 283/948, Lx 1.6419, Lu 0.1313, Penalty 0.0562, loss 1.8294
Epoch 10, Batch 284/948, Lx 1.7045, Lu 0.1430, Penalty 0.0680, loss 1.9155
Epoch 10, Batch 285/948, Lx 1.8223, Lu 0.2073, Penalty 0.0746, loss 2.1041
Epoch 10, Batch 286/948, Lx 1.6076, Lu 0.1628, Penalty 0.0463, loss 1.8166
Epoch 10, Batch 287/948, Lx 1.6916, Lu 0.1229, Penalty 0.0716, loss 1.8860
Epoch 10, Batch 288/948, Lx 1.7941, Lu 0.2106, Penalty 0.0894, loss 2.0941
Epoch 10, Batch 289/948, Lx 1.6860, Lu 0.1765, Penalty 0.0823, loss 1.9448
Epoch 10, Batch 290/948, Lx 1.5822, Lu 0.1757, Penalty 0.0887, loss 1.8467
Epoch 10, Batch 291/948, Lx 1.7293, Lu 0.1995, Penalty 0.0444, loss 1.9732
Epoch 10, Batch 292/948, Lx 1.7766, Lu 0.2178, Penalty 0.0722, loss 2.0667
Epoch 10, Batch 293/948, Lx 1.6396, Lu 0.1539, Penalty 0.0575, loss 1.8510
Epoch 10, Batch 294/948, Lx 1.9031, Lu 0.1690, Penalty 0.0466, loss 2.1187
Epoch 10, Batch 295/948, Lx 1.8051, Lu 0.1543, Penalty 0.0609, loss 2.0203
Epoch 10, Batch 296/948, Lx 1.7006, Lu 0.2002, Penalty 0.0822, loss 1.9830
Epoch 10, Batch 297/948, Lx 1.7848, Lu 0.1625, Penalty 0.0645, loss 2.0118
Epoch 10, Batch 298/948, Lx 1.7637, Lu 0.1407, Penalty 0.0200, loss 1.9244
Epoch 10, Batch 299/948, Lx 1.7103, Lu 0.1847, Penalty 0.0552, loss 1.9502
Epoch 10, Batch 300/948, Lx 1.7978, Lu 0.2274, Penalty 0.0311, loss 2.0563
Epoch 10, Batch 301/948, Lx 1.8229, Lu 0.1708, Penalty 0.0210, loss 2.0147
Epoch 10, Batch 302/948, Lx 1.6927, Lu 0.1630, Penalty 0.0641, loss 1.9198
Epoch 10, Batch 303/948, Lx 1.7999, Lu 0.2048, Penalty 0.0892, loss 2.0938
Epoch 10, Batch 304/948, Lx 1.4997, Lu 0.1562, Penalty 0.0507, loss 1.7065
Epoch 10, Batch 305/948, Lx 1.6339, Lu 0.1799, Penalty 0.0500, loss 1.8639
Epoch 10, Batch 306/948, Lx 1.8822, Lu 0.2769, Penalty 0.1063, loss 2.2653
Epoch 10, Batch 307/948, Lx 1.7204, Lu 0.1763, Penalty 0.0461, loss 1.9428
Epoch 10, Batch 308/948, Lx 1.9047, Lu 0.1090, Penalty 0.1624, loss 2.1761
Epoch 10, Batch 309/948, Lx 1.6277, Lu 0.1415, Penalty 0.0806, loss 1.8498
Epoch 10, Batch 310/948, Lx 1.5514, Lu 0.1429, Penalty 0.0716, loss 1.7659
Epoch 10, Batch 311/948, Lx 1.6983, Lu 0.1307, Penalty 0.0850, loss 1.9139
Epoch 10, Batch 312/948, Lx 1.9889, Lu 0.1997, Penalty 0.0558, loss 2.2444
Epoch 10, Batch 313/948, Lx 1.7602, Lu 0.1869, Penalty 0.0532, loss 2.0003
Epoch 10, Batch 314/948, Lx 1.7464, Lu 0.1485, Penalty 0.0582, loss 1.9532
Epoch 10, Batch 315/948, Lx 1.9167, Lu 0.2175, Penalty 0.0733, loss 2.2075
Epoch 10, Batch 316/948, Lx 1.7752, Lu 0.1947, Penalty 0.0653, loss 2.0351
Epoch 10, Batch 317/948, Lx 1.6611, Lu 0.1302, Penalty 0.0543, loss 1.8456
Epoch 10, Batch 318/948, Lx 1.8886, Lu 0.1868, Penalty 0.0667, loss 2.1422
Epoch 10, Batch 319/948, Lx 1.6501, Lu 0.1666, Penalty 0.0644, loss 1.8812
Epoch 10, Batch 320/948, Lx 1.8029, Lu 0.1866, Penalty 0.0567, loss 2.0461
Epoch 10, Batch 321/948, Lx 1.6296, Lu 0.1441, Penalty 0.1190, loss 1.8927
Epoch 10, Batch 322/948, Lx 1.7575, Lu 0.1407, Penalty 0.0598, loss 1.9580
Epoch 10, Batch 323/948, Lx 1.6952, Lu 0.1768, Penalty 0.0912, loss 1.9631
Epoch 10, Batch 324/948, Lx 1.8228, Lu 0.1345, Penalty 0.0836, loss 2.0409
Epoch 10, Batch 325/948, Lx 1.8020, Lu 0.1717, Penalty 0.0836, loss 2.0572
Epoch 10, Batch 326/948, Lx 1.8593, Lu 0.1906, Penalty 0.0695, loss 2.1194
Epoch 10, Batch 327/948, Lx 1.7101, Lu 0.1853, Penalty 0.0380, loss 1.9334
Epoch 10, Batch 328/948, Lx 1.5977, Lu 0.1913, Penalty 0.0485, loss 1.8375
Epoch 10, Batch 329/948, Lx 1.7915, Lu 0.1791, Penalty 0.0841, loss 2.0547
Epoch 10, Batch 330/948, Lx 1.4144, Lu 0.1103, Penalty 0.0901, loss 1.6148
Epoch 10, Batch 331/948, Lx 1.6364, Lu 0.1081, Penalty 0.0856, loss 1.8301
Epoch 10, Batch 332/948, Lx 1.7660, Lu 0.1759, Penalty 0.0886, loss 2.0305
Epoch 10, Batch 333/948, Lx 1.6607, Lu 0.1546, Penalty 0.0394, loss 1.8547
Epoch 10, Batch 334/948, Lx 1.4272, Lu 0.1155, Penalty 0.0991, loss 1.6419
Epoch 10, Batch 335/948, Lx 1.8032, Lu 0.1528, Penalty 0.0749, loss 2.0309
Epoch 10, Batch 336/948, Lx 1.8057, Lu 0.2428, Penalty 0.0931, loss 2.1415
Epoch 10, Batch 337/948, Lx 1.7281, Lu 0.1743, Penalty 0.0688, loss 1.9713
Epoch 10, Batch 338/948, Lx 1.4008, Lu 0.1056, Penalty 0.0904, loss 1.5968
Epoch 10, Batch 339/948, Lx 1.7347, Lu 0.1588, Penalty 0.0645, loss 1.9580
Epoch 10, Batch 340/948, Lx 1.5680, Lu 0.1189, Penalty 0.0605, loss 1.7474
Epoch 10, Batch 341/948, Lx 1.5878, Lu 0.1265, Penalty 0.0481, loss 1.7624
Epoch 10, Batch 342/948, Lx 1.7266, Lu 0.1604, Penalty 0.0718, loss 1.9587
Epoch 10, Batch 343/948, Lx 1.5685, Lu 0.1687, Penalty 0.0760, loss 1.8132
Epoch 10, Batch 344/948, Lx 1.9122, Lu 0.1789, Penalty 0.0974, loss 2.1885
Epoch 10, Batch 345/948, Lx 1.8408, Lu 0.1271, Penalty 0.0518, loss 2.0198
Epoch 10, Batch 346/948, Lx 1.6063, Lu 0.1431, Penalty 0.0458, loss 1.7951
Epoch 10, Batch 347/948, Lx 1.8122, Lu 0.1936, Penalty 0.0570, loss 2.0628
Epoch 10, Batch 348/948, Lx 1.7389, Lu 0.0927, Penalty 0.0540, loss 1.8856
Epoch 10, Batch 349/948, Lx 1.7637, Lu 0.1987, Penalty 0.0799, loss 2.0424
Epoch 10, Batch 350/948, Lx 1.7530, Lu 0.1641, Penalty 0.0603, loss 1.9773
Epoch 10, Batch 351/948, Lx 1.9311, Lu 0.1693, Penalty 0.0215, loss 2.1218
Epoch 10, Batch 352/948, Lx 1.8424, Lu 0.1876, Penalty 0.0616, loss 2.0916
Epoch 10, Batch 353/948, Lx 1.8576, Lu 0.2226, Penalty 0.0820, loss 2.1623
Epoch 10, Batch 354/948, Lx 1.7087, Lu 0.1698, Penalty 0.1344, loss 2.0130
Epoch 10, Batch 355/948, Lx 1.7680, Lu 0.2050, Penalty 0.0320, loss 2.0051
Epoch 10, Batch 356/948, Lx 1.6905, Lu 0.1645, Penalty 0.0314, loss 1.8864
Epoch 10, Batch 357/948, Lx 1.8806, Lu 0.2350, Penalty 0.0532, loss 2.1688
Epoch 10, Batch 358/948, Lx 1.8799, Lu 0.1808, Penalty 0.0270, loss 2.0877
Epoch 10, Batch 359/948, Lx 1.5617, Lu 0.1511, Penalty 0.0456, loss 1.7584
Epoch 10, Batch 360/948, Lx 1.8127, Lu 0.1455, Penalty 0.0385, loss 1.9966
Epoch 10, Batch 361/948, Lx 1.6407, Lu 0.1637, Penalty 0.0994, loss 1.9037
Epoch 10, Batch 362/948, Lx 1.8076, Lu 0.2012, Penalty 0.0712, loss 2.0800
Epoch 10, Batch 363/948, Lx 1.8666, Lu 0.1500, Penalty 0.0628, loss 2.0793
Epoch 10, Batch 364/948, Lx 1.7403, Lu 0.1289, Penalty 0.0782, loss 1.9475
Epoch 10, Batch 365/948, Lx 1.5760, Lu 0.2047, Penalty 0.1805, loss 1.9612
Epoch 10, Batch 366/948, Lx 1.6703, Lu 0.1349, Penalty 0.0944, loss 1.8996
Epoch 10, Batch 367/948, Lx 1.6263, Lu 0.1318, Penalty 0.0933, loss 1.8514
Epoch 10, Batch 368/948, Lx 1.6803, Lu 0.1536, Penalty 0.1347, loss 1.9685
Epoch 10, Batch 369/948, Lx 1.7701, Lu 0.1335, Penalty 0.0607, loss 1.9643
Epoch 10, Batch 370/948, Lx 1.9390, Lu 0.1561, Penalty 0.0494, loss 2.1445
Epoch 10, Batch 371/948, Lx 1.6661, Lu 0.1617, Penalty 0.0580, loss 1.8859
Epoch 10, Batch 372/948, Lx 1.6703, Lu 0.1595, Penalty 0.1092, loss 1.9391
Epoch 10, Batch 373/948, Lx 1.8176, Lu 0.1260, Penalty 0.1157, loss 2.0593
Epoch 10, Batch 374/948, Lx 1.8376, Lu 0.1430, Penalty 0.0518, loss 2.0324
Epoch 10, Batch 375/948, Lx 1.7474, Lu 0.2356, Penalty 0.0488, loss 2.0319
Epoch 10, Batch 376/948, Lx 1.8312, Lu 0.2080, Penalty 0.0685, loss 2.1076
Epoch 10, Batch 377/948, Lx 1.8642, Lu 0.1817, Penalty 0.0288, loss 2.0747
Epoch 10, Batch 378/948, Lx 1.7326, Lu 0.1789, Penalty 0.0297, loss 1.9412
Epoch 10, Batch 379/948, Lx 1.6906, Lu 0.1331, Penalty 0.0269, loss 1.8505
Epoch 10, Batch 380/948, Lx 1.8585, Lu 0.1481, Penalty 0.0424, loss 2.0490
Epoch 10, Batch 381/948, Lx 1.6769, Lu 0.1471, Penalty 0.0413, loss 1.8653
Epoch 10, Batch 382/948, Lx 1.6511, Lu 0.1630, Penalty 0.0522, loss 1.8662
Epoch 10, Batch 383/948, Lx 1.7151, Lu 0.2421, Penalty 0.0618, loss 2.0189
Epoch 10, Batch 384/948, Lx 1.8423, Lu 0.1649, Penalty 0.0717, loss 2.0789
Epoch 10, Batch 385/948, Lx 1.8999, Lu 0.1879, Penalty 0.0543, loss 2.1420
Epoch 10, Batch 386/948, Lx 1.7617, Lu 0.1377, Penalty 0.0892, loss 1.9887
Epoch 10, Batch 387/948, Lx 1.8860, Lu 0.1008, Penalty 0.0856, loss 2.0724
Epoch 10, Batch 388/948, Lx 1.7124, Lu 0.1851, Penalty 0.0462, loss 1.9437
Epoch 10, Batch 389/948, Lx 1.7409, Lu 0.1209, Penalty 0.0865, loss 1.9483
Epoch 10, Batch 390/948, Lx 1.5632, Lu 0.1768, Penalty 0.0785, loss 1.8185
Epoch 10, Batch 391/948, Lx 1.8790, Lu 0.1870, Penalty 0.0669, loss 2.1330
Epoch 10, Batch 392/948, Lx 1.5865, Lu 0.1279, Penalty 0.0705, loss 1.7849
Epoch 10, Batch 393/948, Lx 1.7942, Lu 0.1789, Penalty 0.0559, loss 2.0290
Epoch 10, Batch 394/948, Lx 1.8952, Lu 0.2199, Penalty 0.0606, loss 2.1757
Epoch 10, Batch 395/948, Lx 1.7940, Lu 0.1422, Penalty 0.0447, loss 1.9809
Epoch 10, Batch 396/948, Lx 1.5659, Lu 0.1305, Penalty 0.1116, loss 1.8080
Epoch 10, Batch 397/948, Lx 1.6858, Lu 0.1053, Penalty 0.0418, loss 1.8329
Epoch 10, Batch 398/948, Lx 1.7617, Lu 0.1541, Penalty 0.0949, loss 2.0108
Epoch 10, Batch 399/948, Lx 1.6936, Lu 0.1656, Penalty 0.1042, loss 1.9634
Epoch 10, Batch 400/948, Lx 1.7214, Lu 0.1309, Penalty 0.0771, loss 1.9294
Epoch 10, Batch 401/948, Lx 1.7700, Lu 0.1976, Penalty 0.0577, loss 2.0252
Epoch 10, Batch 402/948, Lx 1.7665, Lu 0.1291, Penalty 0.0839, loss 1.9795
Epoch 10, Batch 403/948, Lx 1.6322, Lu 0.1910, Penalty 0.0968, loss 1.9200
Epoch 10, Batch 404/948, Lx 1.7506, Lu 0.1022, Penalty 0.0282, loss 1.8810
Epoch 10, Batch 405/948, Lx 1.7570, Lu 0.1549, Penalty 0.0741, loss 1.9860
Epoch 10, Batch 406/948, Lx 1.7301, Lu 0.1953, Penalty 0.0368, loss 1.9622
Epoch 10, Batch 407/948, Lx 1.7260, Lu 0.1446, Penalty 0.0750, loss 1.9457
Epoch 10, Batch 408/948, Lx 1.8010, Lu 0.1981, Penalty 0.0421, loss 2.0412
Epoch 10, Batch 409/948, Lx 1.8884, Lu 0.1273, Penalty 0.0401, loss 2.0558
Epoch 10, Batch 410/948, Lx 1.5536, Lu 0.1316, Penalty 0.0774, loss 1.7625
Epoch 10, Batch 411/948, Lx 1.8748, Lu 0.2534, Penalty 0.0342, loss 2.1624
Epoch 10, Batch 412/948, Lx 1.9572, Lu 0.1553, Penalty 0.0665, loss 2.1790
Epoch 10, Batch 413/948, Lx 1.4553, Lu 0.1170, Penalty 0.1600, loss 1.7322
Epoch 10, Batch 414/948, Lx 1.6406, Lu 0.1472, Penalty 0.0550, loss 1.8427
Epoch 10, Batch 415/948, Lx 1.6096, Lu 0.1535, Penalty 0.0529, loss 1.8160
Epoch 10, Batch 416/948, Lx 1.7905, Lu 0.1961, Penalty 0.0826, loss 2.0692
Epoch 10, Batch 417/948, Lx 1.6250, Lu 0.1733, Penalty 0.0458, loss 1.8442
Epoch 10, Batch 418/948, Lx 1.6684, Lu 0.1140, Penalty 0.0535, loss 1.8360
Epoch 10, Batch 419/948, Lx 1.6559, Lu 0.1714, Penalty 0.0897, loss 1.9170
Epoch 10, Batch 420/948, Lx 1.6977, Lu 0.2262, Penalty 0.0601, loss 1.9840
Epoch 10, Batch 421/948, Lx 1.6903, Lu 0.0989, Penalty 0.0702, loss 1.8594
Epoch 10, Batch 422/948, Lx 1.6529, Lu 0.1697, Penalty 0.0802, loss 1.9028
Epoch 10, Batch 423/948, Lx 1.8521, Lu 0.1668, Penalty 0.0602, loss 2.0791
Epoch 10, Batch 424/948, Lx 1.6556, Lu 0.1333, Penalty 0.0525, loss 1.8414
Epoch 10, Batch 425/948, Lx 1.7003, Lu 0.1801, Penalty 0.0520, loss 1.9323
Epoch 10, Batch 426/948, Lx 1.7294, Lu 0.1672, Penalty 0.0813, loss 1.9779
Epoch 10, Batch 427/948, Lx 1.8671, Lu 0.1536, Penalty 0.0490, loss 2.0697
Epoch 10, Batch 428/948, Lx 1.5706, Lu 0.1729, Penalty 0.0415, loss 1.7850
Epoch 10, Batch 429/948, Lx 1.8657, Lu 0.1356, Penalty 0.0794, loss 2.0807
Epoch 10, Batch 430/948, Lx 1.9063, Lu 0.2685, Penalty 0.0963, loss 2.2710
Epoch 10, Batch 431/948, Lx 1.7288, Lu 0.1639, Penalty 0.0697, loss 1.9625
Epoch 10, Batch 432/948, Lx 1.6328, Lu 0.1247, Penalty 0.0953, loss 1.8528
Epoch 10, Batch 433/948, Lx 1.4894, Lu 0.1344, Penalty 0.1093, loss 1.7330
Epoch 10, Batch 434/948, Lx 1.8131, Lu 0.1136, Penalty 0.1084, loss 2.0351
Epoch 10, Batch 435/948, Lx 1.7838, Lu 0.1962, Penalty 0.0425, loss 2.0226
Epoch 10, Batch 436/948, Lx 1.8484, Lu 0.2055, Penalty 0.1184, loss 2.1723
Epoch 10, Batch 437/948, Lx 1.8233, Lu 0.1672, Penalty 0.0535, loss 2.0440
Epoch 10, Batch 438/948, Lx 1.4533, Lu 0.1079, Penalty 0.1108, loss 1.6720
Epoch 10, Batch 439/948, Lx 1.5915, Lu 0.1605, Penalty 0.0838, loss 1.8358
Epoch 10, Batch 440/948, Lx 1.6078, Lu 0.1357, Penalty 0.0553, loss 1.7988
Epoch 10, Batch 441/948, Lx 1.6359, Lu 0.1231, Penalty 0.0364, loss 1.7954
Epoch 10, Batch 442/948, Lx 1.9088, Lu 0.1732, Penalty 0.0305, loss 2.1125
Epoch 10, Batch 443/948, Lx 1.8242, Lu 0.1616, Penalty 0.0420, loss 2.0278
Epoch 10, Batch 444/948, Lx 1.6997, Lu 0.1606, Penalty 0.0489, loss 1.9092
Epoch 10, Batch 445/948, Lx 1.7659, Lu 0.2042, Penalty 0.0215, loss 1.9917
Epoch 10, Batch 446/948, Lx 1.7538, Lu 0.1760, Penalty 0.0892, loss 2.0191
Epoch 10, Batch 447/948, Lx 1.7711, Lu 0.1609, Penalty 0.0592, loss 1.9912
Epoch 10, Batch 448/948, Lx 1.8206, Lu 0.1502, Penalty 0.0462, loss 2.0170
Epoch 10, Batch 449/948, Lx 1.5265, Lu 0.0938, Penalty 0.0802, loss 1.7005
Epoch 10, Batch 450/948, Lx 1.7349, Lu 0.1876, Penalty 0.0254, loss 1.9480
Epoch 10, Batch 451/948, Lx 1.3883, Lu 0.1121, Penalty 0.0888, loss 1.5892
Epoch 10, Batch 452/948, Lx 1.8303, Lu 0.1580, Penalty 0.0345, loss 2.0228
Epoch 10, Batch 453/948, Lx 1.6389, Lu 0.1528, Penalty 0.1201, loss 1.9119
Epoch 10, Batch 454/948, Lx 1.5989, Lu 0.1218, Penalty 0.0999, loss 1.8206
Epoch 10, Batch 455/948, Lx 1.6490, Lu 0.1335, Penalty 0.0520, loss 1.8345
Epoch 10, Batch 456/948, Lx 1.6619, Lu 0.1365, Penalty 0.0622, loss 1.8606
Epoch 10, Batch 457/948, Lx 1.7287, Lu 0.1145, Penalty 0.0489, loss 1.8921
Epoch 10, Batch 458/948, Lx 1.7809, Lu 0.1964, Penalty 0.1052, loss 2.0825
Epoch 10, Batch 459/948, Lx 2.0319, Lu 0.1533, Penalty 0.0668, loss 2.2519
Epoch 10, Batch 460/948, Lx 1.6403, Lu 0.1298, Penalty 0.0728, loss 1.8429
Epoch 10, Batch 461/948, Lx 1.8037, Lu 0.1684, Penalty 0.0800, loss 2.0521
Epoch 10, Batch 462/948, Lx 1.5401, Lu 0.1080, Penalty 0.0740, loss 1.7221
Epoch 10, Batch 463/948, Lx 1.7247, Lu 0.0969, Penalty 0.1886, loss 2.0103
Epoch 10, Batch 464/948, Lx 1.6780, Lu 0.1147, Penalty 0.0925, loss 1.8853
Epoch 10, Batch 465/948, Lx 1.8038, Lu 0.2031, Penalty 0.0550, loss 2.0619
Epoch 10, Batch 466/948, Lx 1.6151, Lu 0.1101, Penalty 0.0470, loss 1.7722
Epoch 10, Batch 467/948, Lx 1.5528, Lu 0.1396, Penalty 0.1040, loss 1.7964
Epoch 10, Batch 468/948, Lx 1.8335, Lu 0.1577, Penalty 0.0371, loss 2.0283
Epoch 10, Batch 469/948, Lx 1.7785, Lu 0.2366, Penalty 0.0308, loss 2.0459
Epoch 10, Batch 470/948, Lx 1.7608, Lu 0.1538, Penalty 0.0228, loss 1.9374
Epoch 10, Batch 471/948, Lx 1.6184, Lu 0.1102, Penalty 0.1131, loss 1.8417
Epoch 10, Batch 472/948, Lx 1.6520, Lu 0.1949, Penalty 0.0688, loss 1.9157
Epoch 10, Batch 473/948, Lx 1.6541, Lu 0.1457, Penalty 0.0797, loss 1.8795
Epoch 10, Batch 474/948, Lx 1.5700, Lu 0.1557, Penalty 0.0518, loss 1.7775
Epoch 10, Batch 475/948, Lx 1.7908, Lu 0.1680, Penalty 0.0430, loss 2.0018
Epoch 10, Batch 476/948, Lx 1.7000, Lu 0.1580, Penalty 0.0080, loss 1.8659
Epoch 10, Batch 477/948, Lx 1.6659, Lu 0.2037, Penalty 0.0372, loss 1.9068
Epoch 10, Batch 478/948, Lx 1.5894, Lu 0.1490, Penalty 0.0510, loss 1.7893
Epoch 10, Batch 479/948, Lx 1.7350, Lu 0.2082, Penalty 0.0186, loss 1.9618
Epoch 10, Batch 480/948, Lx 1.7265, Lu 0.1628, Penalty 0.0965, loss 1.9858
Epoch 10, Batch 481/948, Lx 1.6362, Lu 0.1661, Penalty 0.0383, loss 1.8406
Epoch 10, Batch 482/948, Lx 1.7207, Lu 0.1108, Penalty 0.0685, loss 1.9001
Epoch 10, Batch 483/948, Lx 1.6889, Lu 0.1896, Penalty 0.0436, loss 1.9221
Epoch 10, Batch 484/948, Lx 1.6093, Lu 0.1298, Penalty 0.0593, loss 1.7983
Epoch 10, Batch 485/948, Lx 1.8486, Lu 0.1888, Penalty 0.0430, loss 2.0804
Epoch 10, Batch 486/948, Lx 1.6849, Lu 0.1295, Penalty 0.0583, loss 1.8726
Epoch 10, Batch 487/948, Lx 1.7363, Lu 0.1541, Penalty 0.0931, loss 1.9835
Epoch 10, Batch 488/948, Lx 1.6528, Lu 0.1934, Penalty 0.0588, loss 1.9050
Epoch 10, Batch 489/948, Lx 1.7433, Lu 0.1455, Penalty 0.0725, loss 1.9614
Epoch 10, Batch 490/948, Lx 1.7212, Lu 0.1712, Penalty 0.0815, loss 1.9739
Epoch 10, Batch 491/948, Lx 1.6665, Lu 0.1907, Penalty 0.0702, loss 1.9274
Epoch 10, Batch 492/948, Lx 1.8533, Lu 0.1996, Penalty 0.0828, loss 2.1356
Epoch 10, Batch 493/948, Lx 1.8201, Lu 0.1502, Penalty 0.0734, loss 2.0437
Epoch 10, Batch 494/948, Lx 1.7548, Lu 0.1762, Penalty 0.0410, loss 1.9720
Epoch 10, Batch 495/948, Lx 1.6152, Lu 0.1398, Penalty 0.0772, loss 1.8321
Epoch 10, Batch 496/948, Lx 1.5598, Lu 0.1592, Penalty 0.0327, loss 1.7517
Epoch 10, Batch 497/948, Lx 1.8781, Lu 0.1963, Penalty 0.0346, loss 2.1090
Epoch 10, Batch 498/948, Lx 1.5839, Lu 0.1488, Penalty 0.0582, loss 1.7909
Epoch 10, Batch 499/948, Lx 1.6797, Lu 0.1337, Penalty 0.0542, loss 1.8677
Epoch 10, Batch 500/948, Lx 1.5707, Lu 0.1224, Penalty 0.0962, loss 1.7893
Epoch 10, Batch 501/948, Lx 1.5939, Lu 0.1810, Penalty 0.1626, loss 1.9375
Epoch 10, Batch 502/948, Lx 1.7774, Lu 0.2016, Penalty 0.0526, loss 2.0316
Epoch 10, Batch 503/948, Lx 1.6878, Lu 0.1512, Penalty 0.0820, loss 1.9211
Epoch 10, Batch 504/948, Lx 1.6588, Lu 0.1503, Penalty 0.0822, loss 1.8913
Epoch 10, Batch 505/948, Lx 1.6719, Lu 0.1272, Penalty 0.0458, loss 1.8449
Epoch 10, Batch 506/948, Lx 1.7613, Lu 0.2153, Penalty 0.0415, loss 2.0181
Epoch 10, Batch 507/948, Lx 1.7733, Lu 0.2217, Penalty 0.0486, loss 2.0437
Epoch 10, Batch 508/948, Lx 1.6524, Lu 0.1880, Penalty 0.0446, loss 1.8849
Epoch 10, Batch 509/948, Lx 1.6222, Lu 0.1438, Penalty 0.0721, loss 1.8381
Epoch 10, Batch 510/948, Lx 1.4421, Lu 0.1743, Penalty 0.1796, loss 1.7960
Epoch 10, Batch 511/948, Lx 1.9296, Lu 0.2733, Penalty 0.0438, loss 2.2467
Epoch 10, Batch 512/948, Lx 1.7714, Lu 0.1854, Penalty 0.0733, loss 2.0301
Epoch 10, Batch 513/948, Lx 1.6369, Lu 0.1825, Penalty 0.0522, loss 1.8716
Epoch 10, Batch 514/948, Lx 1.8486, Lu 0.1332, Penalty 0.0425, loss 2.0243
Epoch 10, Batch 515/948, Lx 1.7124, Lu 0.1800, Penalty 0.0483, loss 1.9407
Epoch 10, Batch 516/948, Lx 1.7356, Lu 0.2017, Penalty 0.0335, loss 1.9708
Epoch 10, Batch 517/948, Lx 1.7104, Lu 0.2168, Penalty 0.0767, loss 2.0038
Epoch 10, Batch 518/948, Lx 1.7947, Lu 0.1131, Penalty 0.0378, loss 1.9456
Epoch 10, Batch 519/948, Lx 1.5055, Lu 0.1396, Penalty 0.0707, loss 1.7157
Epoch 10, Batch 520/948, Lx 1.8784, Lu 0.1937, Penalty 0.0703, loss 2.1424
Epoch 10, Batch 521/948, Lx 1.8421, Lu 0.1325, Penalty 0.0974, loss 2.0720
Epoch 10, Batch 522/948, Lx 1.5779, Lu 0.1415, Penalty 0.0824, loss 1.8018
Epoch 10, Batch 523/948, Lx 1.6415, Lu 0.1411, Penalty 0.0654, loss 1.8481
Epoch 10, Batch 524/948, Lx 2.0661, Lu 0.2735, Penalty 0.0325, loss 2.3722
Epoch 10, Batch 525/948, Lx 1.8451, Lu 0.1804, Penalty 0.0518, loss 2.0773
Epoch 10, Batch 526/948, Lx 1.8077, Lu 0.1573, Penalty 0.0865, loss 2.0515
Epoch 10, Batch 527/948, Lx 1.8818, Lu 0.1706, Penalty 0.0424, loss 2.0948
Epoch 10, Batch 528/948, Lx 1.9180, Lu 0.1653, Penalty 0.0604, loss 2.1437
Epoch 10, Batch 529/948, Lx 1.6938, Lu 0.1589, Penalty 0.0674, loss 1.9201
Epoch 10, Batch 530/948, Lx 1.8439, Lu 0.1793, Penalty 0.0664, loss 2.0896
Epoch 10, Batch 531/948, Lx 1.7242, Lu 0.1045, Penalty 0.0397, loss 1.8684
Epoch 10, Batch 532/948, Lx 1.6504, Lu 0.1236, Penalty 0.1200, loss 1.8940
Epoch 10, Batch 533/948, Lx 1.7932, Lu 0.1502, Penalty 0.1016, loss 2.0450
Epoch 10, Batch 534/948, Lx 1.5622, Lu 0.1124, Penalty 0.1757, loss 1.8502
Epoch 10, Batch 535/948, Lx 1.7829, Lu 0.1330, Penalty 0.0952, loss 2.0111
Epoch 10, Batch 536/948, Lx 1.7708, Lu 0.2002, Penalty 0.0713, loss 2.0423
Epoch 10, Batch 537/948, Lx 1.5566, Lu 0.1171, Penalty 0.0749, loss 1.7486
Epoch 10, Batch 538/948, Lx 1.7202, Lu 0.1080, Penalty 0.0763, loss 1.9045
Epoch 10, Batch 539/948, Lx 1.8421, Lu 0.1694, Penalty 0.1131, loss 2.1246
Epoch 10, Batch 540/948, Lx 1.7813, Lu 0.1728, Penalty 0.0556, loss 2.0097
Epoch 10, Batch 541/948, Lx 1.8351, Lu 0.1899, Penalty 0.0970, loss 2.1220
Epoch 10, Batch 542/948, Lx 1.6380, Lu 0.1780, Penalty 0.1403, loss 1.9563
Epoch 10, Batch 543/948, Lx 1.7221, Lu 0.1413, Penalty 0.0507, loss 1.9141
Epoch 10, Batch 544/948, Lx 1.5193, Lu 0.1304, Penalty 0.0355, loss 1.6851
Epoch 10, Batch 545/948, Lx 1.6624, Lu 0.1927, Penalty 0.0447, loss 1.8998
Epoch 10, Batch 546/948, Lx 1.6848, Lu 0.2179, Penalty 0.0554, loss 1.9580
Epoch 10, Batch 547/948, Lx 1.6240, Lu 0.1275, Penalty 0.0429, loss 1.7944
Epoch 10, Batch 548/948, Lx 1.7112, Lu 0.2066, Penalty 0.0348, loss 1.9526
Epoch 10, Batch 549/948, Lx 1.8628, Lu 0.2003, Penalty 0.0458, loss 2.1088
Epoch 10, Batch 550/948, Lx 1.6753, Lu 0.1680, Penalty 0.0390, loss 1.8823
Epoch 10, Batch 551/948, Lx 1.7900, Lu 0.1363, Penalty 0.0250, loss 1.9513
Epoch 10, Batch 552/948, Lx 1.5291, Lu 0.1206, Penalty 0.0757, loss 1.7255
Epoch 10, Batch 553/948, Lx 1.6557, Lu 0.1652, Penalty 0.0607, loss 1.8816
Epoch 10, Batch 554/948, Lx 1.7810, Lu 0.1835, Penalty 0.0525, loss 2.0171
Epoch 10, Batch 555/948, Lx 1.7757, Lu 0.1243, Penalty 0.0313, loss 1.9313
Epoch 10, Batch 556/948, Lx 1.5606, Lu 0.1034, Penalty 0.0718, loss 1.7358
Epoch 10, Batch 557/948, Lx 1.7401, Lu 0.1803, Penalty 0.1221, loss 2.0425
Epoch 10, Batch 558/948, Lx 1.7421, Lu 0.2000, Penalty 0.0566, loss 1.9987
Epoch 10, Batch 559/948, Lx 1.4965, Lu 0.1136, Penalty 0.0669, loss 1.6771
Epoch 10, Batch 560/948, Lx 1.7616, Lu 0.1507, Penalty 0.1194, loss 2.0317
Epoch 10, Batch 561/948, Lx 1.8404, Lu 0.1377, Penalty 0.0430, loss 2.0211
Epoch 10, Batch 562/948, Lx 1.7870, Lu 0.1562, Penalty 0.0473, loss 1.9905
Epoch 10, Batch 563/948, Lx 1.7330, Lu 0.1576, Penalty 0.0806, loss 1.9712
Epoch 10, Batch 564/948, Lx 1.6972, Lu 0.0987, Penalty 0.1055, loss 1.9014
Epoch 10, Batch 565/948, Lx 1.6908, Lu 0.1660, Penalty 0.0754, loss 1.9322
Epoch 10, Batch 566/948, Lx 1.8691, Lu 0.1313, Penalty 0.1065, loss 2.1070
Epoch 10, Batch 567/948, Lx 1.6017, Lu 0.1291, Penalty 0.0841, loss 1.8149
Epoch 10, Batch 568/948, Lx 1.7035, Lu 0.2023, Penalty 0.0966, loss 2.0025
Epoch 10, Batch 569/948, Lx 1.7671, Lu 0.1179, Penalty 0.0839, loss 1.9690
Epoch 10, Batch 570/948, Lx 1.8087, Lu 0.1900, Penalty 0.0516, loss 2.0503
Epoch 10, Batch 571/948, Lx 1.8843, Lu 0.1904, Penalty 0.0895, loss 2.1642
Epoch 10, Batch 572/948, Lx 1.6526, Lu 0.1543, Penalty 0.0741, loss 1.8810
Epoch 10, Batch 573/948, Lx 1.5733, Lu 0.1205, Penalty 0.0863, loss 1.7802
Epoch 10, Batch 574/948, Lx 1.7726, Lu 0.1312, Penalty 0.0373, loss 1.9411
Epoch 10, Batch 575/948, Lx 1.8275, Lu 0.1795, Penalty 0.0534, loss 2.0604
Epoch 10, Batch 576/948, Lx 1.6371, Lu 0.1947, Penalty 0.1454, loss 1.9771
Epoch 10, Batch 577/948, Lx 1.6300, Lu 0.1186, Penalty 0.0512, loss 1.7997
Epoch 10, Batch 578/948, Lx 1.8497, Lu 0.1349, Penalty 0.0416, loss 2.0262
Epoch 10, Batch 579/948, Lx 1.8170, Lu 0.2328, Penalty 0.0897, loss 2.1394
Epoch 10, Batch 580/948, Lx 1.5505, Lu 0.1398, Penalty 0.0436, loss 1.7339
Epoch 10, Batch 581/948, Lx 1.8545, Lu 0.2209, Penalty 0.0542, loss 2.1297
Epoch 10, Batch 582/948, Lx 1.5699, Lu 0.1516, Penalty 0.1015, loss 1.8230
Epoch 10, Batch 583/948, Lx 1.9640, Lu 0.2536, Penalty 0.0586, loss 2.2762
Epoch 10, Batch 584/948, Lx 1.8087, Lu 0.1599, Penalty 0.0359, loss 2.0045
Epoch 10, Batch 585/948, Lx 1.8927, Lu 0.1633, Penalty 0.0360, loss 2.0921
Epoch 10, Batch 586/948, Lx 1.5971, Lu 0.1106, Penalty 0.0371, loss 1.7447
Epoch 10, Batch 587/948, Lx 1.6631, Lu 0.1483, Penalty 0.0682, loss 1.8796
Epoch 10, Batch 588/948, Lx 1.7115, Lu 0.2014, Penalty 0.0531, loss 1.9660
Epoch 10, Batch 589/948, Lx 1.8995, Lu 0.1313, Penalty 0.0287, loss 2.0595
Epoch 10, Batch 590/948, Lx 1.6346, Lu 0.1537, Penalty 0.0292, loss 1.8174
Epoch 10, Batch 591/948, Lx 1.7525, Lu 0.1659, Penalty 0.0816, loss 2.0000
Epoch 10, Batch 592/948, Lx 1.5854, Lu 0.1421, Penalty 0.0980, loss 1.8255
Epoch 10, Batch 593/948, Lx 1.7054, Lu 0.1280, Penalty 0.0679, loss 1.9013
Epoch 10, Batch 594/948, Lx 1.9553, Lu 0.1268, Penalty 0.0499, loss 2.1321
Epoch 10, Batch 595/948, Lx 1.6675, Lu 0.1704, Penalty 0.1036, loss 1.9416
Epoch 10, Batch 596/948, Lx 1.6435, Lu 0.0811, Penalty 0.0745, loss 1.7991
Epoch 10, Batch 597/948, Lx 1.6243, Lu 0.1274, Penalty 0.1559, loss 1.9076
Epoch 10, Batch 598/948, Lx 1.5908, Lu 0.1911, Penalty 0.1288, loss 1.9107
Epoch 10, Batch 599/948, Lx 1.7974, Lu 0.1952, Penalty 0.0292, loss 2.0218
Epoch 10, Batch 600/948, Lx 1.6962, Lu 0.1289, Penalty 0.1479, loss 1.9730
Epoch 10, Batch 601/948, Lx 1.6519, Lu 0.1228, Penalty 0.0931, loss 1.8678
Epoch 10, Batch 602/948, Lx 1.9423, Lu 0.1696, Penalty 0.0983, loss 2.2103
Epoch 10, Batch 603/948, Lx 1.7725, Lu 0.2493, Penalty 0.1057, loss 2.1275
Epoch 10, Batch 604/948, Lx 1.6722, Lu 0.1811, Penalty 0.0443, loss 1.8976
Epoch 10, Batch 605/948, Lx 1.6882, Lu 0.1925, Penalty 0.0538, loss 1.9345
Epoch 10, Batch 606/948, Lx 1.7488, Lu 0.1464, Penalty 0.0304, loss 1.9256
Epoch 10, Batch 607/948, Lx 1.6368, Lu 0.1785, Penalty 0.0382, loss 1.8535
Epoch 10, Batch 608/948, Lx 1.5365, Lu 0.2007, Penalty 0.0794, loss 1.8166
Epoch 10, Batch 609/948, Lx 1.7867, Lu 0.2533, Penalty 0.0256, loss 2.0656
Epoch 10, Batch 610/948, Lx 1.6605, Lu 0.1697, Penalty 0.0521, loss 1.8822
Epoch 10, Batch 611/948, Lx 1.6863, Lu 0.1734, Penalty 0.0445, loss 1.9042
Epoch 10, Batch 612/948, Lx 1.5947, Lu 0.1589, Penalty 0.0418, loss 1.7954
Epoch 10, Batch 613/948, Lx 1.7333, Lu 0.2508, Penalty 0.0268, loss 2.0109
Epoch 10, Batch 614/948, Lx 1.6483, Lu 0.2225, Penalty 0.1141, loss 1.9849
Epoch 10, Batch 615/948, Lx 1.6763, Lu 0.1709, Penalty 0.0535, loss 1.9007
Epoch 10, Batch 616/948, Lx 1.5824, Lu 0.1544, Penalty 0.0512, loss 1.7880
Epoch 10, Batch 617/948, Lx 1.6628, Lu 0.1223, Penalty 0.0924, loss 1.8775
Epoch 10, Batch 618/948, Lx 1.7978, Lu 0.1842, Penalty 0.0508, loss 2.0328
Epoch 10, Batch 619/948, Lx 1.7611, Lu 0.1530, Penalty 0.0586, loss 1.9728
Epoch 10, Batch 620/948, Lx 1.6459, Lu 0.1081, Penalty 0.1469, loss 1.9009
Epoch 10, Batch 621/948, Lx 1.5989, Lu 0.0822, Penalty 0.1135, loss 1.7946
Epoch 10, Batch 622/948, Lx 1.8066, Lu 0.1665, Penalty 0.0741, loss 2.0472
Epoch 10, Batch 623/948, Lx 1.5821, Lu 0.0932, Penalty 0.1440, loss 1.8193
Epoch 10, Batch 624/948, Lx 1.6883, Lu 0.0965, Penalty 0.1807, loss 1.9655
Epoch 10, Batch 625/948, Lx 1.6992, Lu 0.1517, Penalty 0.1041, loss 1.9550
Epoch 10, Batch 626/948, Lx 1.4552, Lu 0.1036, Penalty 0.0940, loss 1.6528
Epoch 10, Batch 627/948, Lx 1.9263, Lu 0.1924, Penalty 0.1146, loss 2.2334
Epoch 10, Batch 628/948, Lx 1.6184, Lu 0.1718, Penalty 0.0817, loss 1.8720
Epoch 10, Batch 629/948, Lx 1.7182, Lu 0.1939, Penalty 0.0814, loss 1.9935
Epoch 10, Batch 630/948, Lx 1.8375, Lu 0.1853, Penalty 0.0314, loss 2.0542
Epoch 10, Batch 631/948, Lx 1.8805, Lu 0.2151, Penalty 0.0745, loss 2.1700
Epoch 10, Batch 632/948, Lx 1.8762, Lu 0.1211, Penalty 0.1144, loss 2.1117
Epoch 10, Batch 633/948, Lx 1.8746, Lu 0.1866, Penalty 0.0200, loss 2.0812
Epoch 10, Batch 634/948, Lx 1.7096, Lu 0.1413, Penalty 0.0315, loss 1.8824
Epoch 10, Batch 635/948, Lx 1.8025, Lu 0.2331, Penalty 0.0686, loss 2.1042
Epoch 10, Batch 636/948, Lx 1.5973, Lu 0.1100, Penalty 0.0406, loss 1.7479
Epoch 10, Batch 637/948, Lx 1.6703, Lu 0.1775, Penalty 0.0385, loss 1.8863
Epoch 10, Batch 638/948, Lx 1.7206, Lu 0.1424, Penalty 0.0930, loss 1.9560
Epoch 10, Batch 639/948, Lx 1.6898, Lu 0.2199, Penalty 0.1340, loss 2.0437
Epoch 10, Batch 640/948, Lx 1.6402, Lu 0.1807, Penalty 0.1003, loss 1.9213
Epoch 10, Batch 641/948, Lx 1.8033, Lu 0.1847, Penalty 0.0962, loss 2.0841
Epoch 10, Batch 642/948, Lx 1.8484, Lu 0.1896, Penalty 0.0677, loss 2.1057
Epoch 10, Batch 643/948, Lx 1.7785, Lu 0.1382, Penalty 0.0852, loss 2.0020
Epoch 10, Batch 644/948, Lx 1.8360, Lu 0.1664, Penalty 0.0840, loss 2.0864
Epoch 10, Batch 645/948, Lx 1.7869, Lu 0.2828, Penalty 0.0611, loss 2.1307
Epoch 10, Batch 646/948, Lx 1.7533, Lu 0.1501, Penalty 0.1817, loss 2.0851
Epoch 10, Batch 647/948, Lx 1.7303, Lu 0.1686, Penalty 0.0409, loss 1.9398
Epoch 10, Batch 648/948, Lx 1.6219, Lu 0.1278, Penalty 0.0838, loss 1.8335
Epoch 10, Batch 649/948, Lx 1.6580, Lu 0.1195, Penalty 0.0572, loss 1.8347
Epoch 10, Batch 650/948, Lx 1.8802, Lu 0.2085, Penalty 0.1009, loss 2.1895
Epoch 10, Batch 651/948, Lx 1.6410, Lu 0.1192, Penalty 0.0445, loss 1.8047
Epoch 10, Batch 652/948, Lx 1.7004, Lu 0.1826, Penalty 0.0497, loss 1.9327
Epoch 10, Batch 653/948, Lx 1.7580, Lu 0.1182, Penalty 0.0336, loss 1.9098
Epoch 10, Batch 654/948, Lx 1.7309, Lu 0.1514, Penalty 0.0566, loss 1.9390
Epoch 10, Batch 655/948, Lx 1.4151, Lu 0.1210, Penalty 0.0683, loss 1.6044
Epoch 10, Batch 656/948, Lx 1.6638, Lu 0.1575, Penalty 0.1134, loss 1.9347
Epoch 10, Batch 657/948, Lx 1.7845, Lu 0.2348, Penalty 0.0604, loss 2.0796
Epoch 10, Batch 658/948, Lx 1.6676, Lu 0.1601, Penalty 0.0339, loss 1.8616
Epoch 10, Batch 659/948, Lx 1.5875, Lu 0.1206, Penalty 0.0973, loss 1.8054
Epoch 10, Batch 660/948, Lx 1.8071, Lu 0.1305, Penalty 0.0799, loss 2.0176
Epoch 10, Batch 661/948, Lx 1.5850, Lu 0.1012, Penalty 0.0725, loss 1.7587
Epoch 10, Batch 662/948, Lx 1.5421, Lu 0.1197, Penalty 0.0656, loss 1.7274
Epoch 10, Batch 663/948, Lx 1.8089, Lu 0.1994, Penalty 0.0790, loss 2.0873
Epoch 10, Batch 664/948, Lx 1.8199, Lu 0.1267, Penalty 0.1368, loss 2.0835
Epoch 10, Batch 665/948, Lx 1.7722, Lu 0.1980, Penalty 0.0570, loss 2.0272
Epoch 10, Batch 666/948, Lx 1.7683, Lu 0.2092, Penalty 0.1029, loss 2.0803
Epoch 10, Batch 667/948, Lx 1.9336, Lu 0.2065, Penalty 0.0663, loss 2.2064
Epoch 10, Batch 668/948, Lx 1.9454, Lu 0.1738, Penalty 0.0720, loss 2.1913
Epoch 10, Batch 669/948, Lx 1.6308, Lu 0.1427, Penalty 0.0700, loss 1.8436
Epoch 10, Batch 670/948, Lx 1.6513, Lu 0.1558, Penalty 0.1227, loss 1.9297
Epoch 10, Batch 671/948, Lx 1.8022, Lu 0.2020, Penalty 0.0675, loss 2.0717
Epoch 10, Batch 672/948, Lx 1.7707, Lu 0.1714, Penalty 0.1018, loss 2.0439
Epoch 10, Batch 673/948, Lx 1.7280, Lu 0.1596, Penalty 0.0377, loss 1.9254
Epoch 10, Batch 674/948, Lx 1.6927, Lu 0.1480, Penalty 0.1522, loss 1.9929
Epoch 10, Batch 675/948, Lx 1.7812, Lu 0.1855, Penalty 0.0769, loss 2.0435
Epoch 10, Batch 676/948, Lx 1.7253, Lu 0.1718, Penalty 0.0808, loss 1.9779
Epoch 10, Batch 677/948, Lx 1.6871, Lu 0.1853, Penalty 0.0906, loss 1.9630
Epoch 10, Batch 678/948, Lx 1.7164, Lu 0.1472, Penalty 0.1236, loss 1.9873
Epoch 10, Batch 679/948, Lx 1.8430, Lu 0.1588, Penalty 0.0629, loss 2.0646
Epoch 10, Batch 680/948, Lx 1.6827, Lu 0.1513, Penalty 0.0843, loss 1.9182
Epoch 10, Batch 681/948, Lx 1.6314, Lu 0.1231, Penalty 0.0432, loss 1.7977
Epoch 10, Batch 682/948, Lx 1.7084, Lu 0.1960, Penalty 0.0437, loss 1.9481
Epoch 10, Batch 683/948, Lx 1.7529, Lu 0.1833, Penalty 0.0607, loss 1.9968
Epoch 10, Batch 684/948, Lx 1.8666, Lu 0.1624, Penalty 0.0556, loss 2.0845
Epoch 10, Batch 685/948, Lx 1.5238, Lu 0.1250, Penalty 0.0593, loss 1.7081
Epoch 10, Batch 686/948, Lx 1.5987, Lu 0.1063, Penalty 0.0359, loss 1.7408
Epoch 10, Batch 687/948, Lx 1.6241, Lu 0.1476, Penalty 0.0682, loss 1.8399
Epoch 10, Batch 688/948, Lx 1.8630, Lu 0.1677, Penalty 0.0679, loss 2.0987
Epoch 10, Batch 689/948, Lx 1.4864, Lu 0.1184, Penalty 0.1199, loss 1.7248
Epoch 10, Batch 690/948, Lx 2.0282, Lu 0.1868, Penalty 0.0380, loss 2.2530
Epoch 10, Batch 691/948, Lx 1.7856, Lu 0.1503, Penalty 0.0881, loss 2.0239
Epoch 10, Batch 692/948, Lx 1.8357, Lu 0.1231, Penalty 0.0768, loss 2.0356
Epoch 10, Batch 693/948, Lx 1.6421, Lu 0.1559, Penalty 0.0980, loss 1.8960
Epoch 10, Batch 694/948, Lx 1.8831, Lu 0.2424, Penalty 0.0551, loss 2.1806
Epoch 10, Batch 695/948, Lx 1.7011, Lu 0.1240, Penalty 0.1075, loss 1.9325
Epoch 10, Batch 696/948, Lx 1.7053, Lu 0.1076, Penalty 0.0794, loss 1.8922
Epoch 10, Batch 697/948, Lx 1.7037, Lu 0.1762, Penalty 0.0392, loss 1.9192
Epoch 10, Batch 698/948, Lx 1.7142, Lu 0.1396, Penalty 0.0564, loss 1.9102
Epoch 10, Batch 699/948, Lx 1.6440, Lu 0.1872, Penalty 0.0440, loss 1.8752
Epoch 10, Batch 700/948, Lx 1.6697, Lu 0.1245, Penalty 0.0889, loss 1.8831
Epoch 10, Batch 701/948, Lx 1.5827, Lu 0.1253, Penalty 0.0828, loss 1.7907
Epoch 10, Batch 702/948, Lx 1.8386, Lu 0.1982, Penalty 0.0748, loss 2.1116
Epoch 10, Batch 703/948, Lx 1.7479, Lu 0.1544, Penalty 0.0265, loss 1.9288
Epoch 10, Batch 704/948, Lx 1.5084, Lu 0.1257, Penalty 0.0902, loss 1.7244
Epoch 10, Batch 705/948, Lx 1.7476, Lu 0.1990, Penalty 0.0844, loss 2.0310
Epoch 10, Batch 706/948, Lx 1.7456, Lu 0.1796, Penalty 0.1053, loss 2.0305
Epoch 10, Batch 707/948, Lx 1.7869, Lu 0.1269, Penalty 0.2063, loss 2.1200
Epoch 10, Batch 708/948, Lx 1.5834, Lu 0.0804, Penalty 0.0851, loss 1.7489
Epoch 10, Batch 709/948, Lx 1.7599, Lu 0.1400, Penalty 0.1387, loss 2.0387
Epoch 10, Batch 710/948, Lx 1.8256, Lu 0.2252, Penalty 0.1404, loss 2.1911
Epoch 10, Batch 711/948, Lx 1.6407, Lu 0.1361, Penalty 0.0815, loss 1.8583
Epoch 10, Batch 712/948, Lx 1.7854, Lu 0.1955, Penalty 0.0997, loss 2.0806
Epoch 10, Batch 713/948, Lx 1.8631, Lu 0.1382, Penalty 0.0556, loss 2.0569
Epoch 10, Batch 714/948, Lx 1.7636, Lu 0.1261, Penalty 0.0315, loss 1.9213
Epoch 10, Batch 715/948, Lx 1.7029, Lu 0.1299, Penalty 0.0768, loss 1.9096
Epoch 10, Batch 716/948, Lx 1.7182, Lu 0.1749, Penalty 0.0568, loss 1.9498
Epoch 10, Batch 717/948, Lx 1.7863, Lu 0.1908, Penalty 0.0680, loss 2.0451
Epoch 10, Batch 718/948, Lx 1.7003, Lu 0.2176, Penalty 0.0249, loss 1.9428
Epoch 10, Batch 719/948, Lx 1.6710, Lu 0.1471, Penalty 0.0741, loss 1.8921
Epoch 10, Batch 720/948, Lx 1.6430, Lu 0.1587, Penalty 0.0822, loss 1.8840
Epoch 10, Batch 721/948, Lx 1.9386, Lu 0.1897, Penalty 0.0508, loss 2.1791
Epoch 10, Batch 722/948, Lx 1.4183, Lu 0.1343, Penalty 0.0542, loss 1.6068
Epoch 10, Batch 723/948, Lx 1.6454, Lu 0.1181, Penalty 0.0754, loss 1.8390
Epoch 10, Batch 724/948, Lx 1.7057, Lu 0.1819, Penalty 0.0499, loss 1.9375
Epoch 10, Batch 725/948, Lx 1.7106, Lu 0.1326, Penalty 0.0737, loss 1.9169
Epoch 10, Batch 726/948, Lx 1.7045, Lu 0.1228, Penalty 0.1221, loss 1.9494
Epoch 10, Batch 727/948, Lx 1.7385, Lu 0.1718, Penalty 0.0635, loss 1.9738
Epoch 10, Batch 728/948, Lx 1.5669, Lu 0.1411, Penalty 0.0421, loss 1.7501
Epoch 10, Batch 729/948, Lx 1.6998, Lu 0.2073, Penalty 0.0388, loss 1.9459
Epoch 10, Batch 730/948, Lx 1.7143, Lu 0.1679, Penalty 0.0682, loss 1.9504
Epoch 10, Batch 731/948, Lx 1.8254, Lu 0.1563, Penalty 0.0389, loss 2.0207
Epoch 10, Batch 732/948, Lx 1.6279, Lu 0.2508, Penalty 0.1624, loss 2.0411
Epoch 10, Batch 733/948, Lx 1.6410, Lu 0.1681, Penalty 0.1587, loss 1.9678
Epoch 10, Batch 734/948, Lx 1.6486, Lu 0.1189, Penalty 0.0551, loss 1.8227
Epoch 10, Batch 735/948, Lx 1.6910, Lu 0.1512, Penalty 0.1332, loss 1.9754
Epoch 10, Batch 736/948, Lx 1.5920, Lu 0.1394, Penalty 0.1249, loss 1.8562
Epoch 10, Batch 737/948, Lx 1.7204, Lu 0.1228, Penalty 0.0844, loss 1.9276
Epoch 10, Batch 738/948, Lx 1.7797, Lu 0.1382, Penalty 0.0477, loss 1.9656
Epoch 10, Batch 739/948, Lx 1.7950, Lu 0.1552, Penalty 0.0864, loss 2.0366
Epoch 10, Batch 740/948, Lx 1.9552, Lu 0.1795, Penalty 0.0291, loss 2.1637
Epoch 10, Batch 741/948, Lx 1.8299, Lu 0.2335, Penalty 0.0441, loss 2.1075
Epoch 10, Batch 742/948, Lx 1.8884, Lu 0.1506, Penalty 0.0507, loss 2.0897
Epoch 10, Batch 743/948, Lx 1.7987, Lu 0.1201, Penalty 0.0557, loss 1.9744
Epoch 10, Batch 744/948, Lx 1.5586, Lu 0.1524, Penalty 0.0893, loss 1.8002
Epoch 10, Batch 745/948, Lx 1.7990, Lu 0.1849, Penalty 0.0879, loss 2.0718
Epoch 10, Batch 746/948, Lx 1.6436, Lu 0.1575, Penalty 0.0740, loss 1.8751
Epoch 10, Batch 747/948, Lx 1.7997, Lu 0.1345, Penalty 0.0728, loss 2.0070
Epoch 10, Batch 748/948, Lx 1.6264, Lu 0.1168, Penalty 0.0185, loss 1.7617
Epoch 10, Batch 749/948, Lx 1.5646, Lu 0.1454, Penalty 0.0799, loss 1.7899
Epoch 10, Batch 750/948, Lx 1.7932, Lu 0.1531, Penalty 0.0369, loss 1.9833
Epoch 10, Batch 751/948, Lx 1.8586, Lu 0.1810, Penalty 0.0662, loss 2.1058
Epoch 10, Batch 752/948, Lx 1.7147, Lu 0.1749, Penalty 0.0171, loss 1.9067
Epoch 10, Batch 753/948, Lx 1.5838, Lu 0.1224, Penalty 0.1425, loss 1.8486
Epoch 10, Batch 754/948, Lx 1.7397, Lu 0.1893, Penalty 0.0337, loss 1.9628
Epoch 10, Batch 755/948, Lx 1.7336, Lu 0.1692, Penalty 0.1250, loss 2.0279
Epoch 10, Batch 756/948, Lx 1.7211, Lu 0.1720, Penalty 0.0775, loss 1.9706
Epoch 10, Batch 757/948, Lx 1.6991, Lu 0.1662, Penalty 0.0658, loss 1.9311
Epoch 10, Batch 758/948, Lx 1.8335, Lu 0.1891, Penalty 0.0617, loss 2.0843
Epoch 10, Batch 759/948, Lx 1.7683, Lu 0.1912, Penalty 0.0614, loss 2.0209
Epoch 10, Batch 760/948, Lx 1.5241, Lu 0.1304, Penalty 0.1052, loss 1.7598
Epoch 10, Batch 761/948, Lx 1.6827, Lu 0.0935, Penalty 0.0609, loss 1.8370
Epoch 10, Batch 762/948, Lx 1.6763, Lu 0.1786, Penalty 0.1333, loss 1.9883
Epoch 10, Batch 763/948, Lx 1.7083, Lu 0.1601, Penalty 0.0616, loss 1.9301
Epoch 10, Batch 764/948, Lx 1.8075, Lu 0.1323, Penalty 0.0675, loss 2.0073
Epoch 10, Batch 765/948, Lx 1.6888, Lu 0.1370, Penalty 0.0537, loss 1.8795
Epoch 10, Batch 766/948, Lx 1.7760, Lu 0.2061, Penalty 0.0307, loss 2.0128
Epoch 10, Batch 767/948, Lx 1.4552, Lu 0.1256, Penalty 0.0611, loss 1.6419
Epoch 10, Batch 768/948, Lx 1.6190, Lu 0.1703, Penalty 0.0976, loss 1.8868
Epoch 10, Batch 769/948, Lx 1.6051, Lu 0.1386, Penalty 0.0249, loss 1.7686
Epoch 10, Batch 770/948, Lx 1.8256, Lu 0.2983, Penalty 0.0387, loss 2.1627
Epoch 10, Batch 771/948, Lx 1.8014, Lu 0.1379, Penalty 0.0843, loss 2.0236
Epoch 10, Batch 772/948, Lx 1.7471, Lu 0.2519, Penalty 0.0144, loss 2.0134
Epoch 10, Batch 773/948, Lx 1.5593, Lu 0.1526, Penalty 0.0837, loss 1.7956
Epoch 10, Batch 774/948, Lx 1.5993, Lu 0.1367, Penalty 0.0475, loss 1.7835
Epoch 10, Batch 775/948, Lx 1.5697, Lu 0.1498, Penalty 0.1028, loss 1.8223
Epoch 10, Batch 776/948, Lx 1.7353, Lu 0.2007, Penalty 0.0716, loss 2.0076
Epoch 10, Batch 777/948, Lx 1.7993, Lu 0.1872, Penalty 0.0746, loss 2.0611
Epoch 10, Batch 778/948, Lx 1.4453, Lu 0.1256, Penalty 0.0944, loss 1.6653
Epoch 10, Batch 779/948, Lx 1.7787, Lu 0.1353, Penalty 0.0517, loss 1.9658
Epoch 10, Batch 780/948, Lx 1.6182, Lu 0.0957, Penalty 0.0454, loss 1.7593
Epoch 10, Batch 781/948, Lx 1.6198, Lu 0.1796, Penalty 0.0781, loss 1.8775
Epoch 10, Batch 782/948, Lx 1.8606, Lu 0.1606, Penalty 0.1057, loss 2.1269
Epoch 10, Batch 783/948, Lx 1.7515, Lu 0.1596, Penalty 0.1788, loss 2.0899
Epoch 10, Batch 784/948, Lx 1.7685, Lu 0.1570, Penalty 0.1349, loss 2.0603
Epoch 10, Batch 785/948, Lx 1.9227, Lu 0.1999, Penalty 0.0610, loss 2.1836
Epoch 10, Batch 786/948, Lx 1.8955, Lu 0.2046, Penalty 0.0445, loss 2.1446
Epoch 10, Batch 787/948, Lx 1.6964, Lu 0.2112, Penalty 0.0952, loss 2.0029
Epoch 10, Batch 788/948, Lx 1.5447, Lu 0.1624, Penalty 0.1477, loss 1.8548
Epoch 10, Batch 789/948, Lx 1.7591, Lu 0.1547, Penalty 0.0786, loss 1.9924
Epoch 10, Batch 790/948, Lx 1.8336, Lu 0.1957, Penalty 0.1007, loss 2.1299
Epoch 10, Batch 791/948, Lx 1.8044, Lu 0.1929, Penalty 0.1472, loss 2.1445
Epoch 10, Batch 792/948, Lx 1.9015, Lu 0.2359, Penalty 0.0748, loss 2.2122
Epoch 10, Batch 793/948, Lx 1.7455, Lu 0.1816, Penalty 0.0889, loss 2.0160
Epoch 10, Batch 794/948, Lx 1.6805, Lu 0.1482, Penalty 0.1010, loss 1.9297
Epoch 10, Batch 795/948, Lx 1.6890, Lu 0.1586, Penalty 0.1010, loss 1.9485
Epoch 10, Batch 796/948, Lx 1.5847, Lu 0.1720, Penalty 0.1330, loss 1.8897
Epoch 10, Batch 797/948, Lx 1.8492, Lu 0.1975, Penalty 0.0487, loss 2.0954
Epoch 10, Batch 798/948, Lx 1.7082, Lu 0.1343, Penalty 0.0877, loss 1.9302
Epoch 10, Batch 799/948, Lx 1.7185, Lu 0.1334, Penalty 0.0905, loss 1.9424
Epoch 10, Batch 800/948, Lx 1.6404, Lu 0.1871, Penalty 0.0601, loss 1.8877
Epoch 10, Batch 801/948, Lx 1.7872, Lu 0.1259, Penalty 0.0381, loss 1.9512
Epoch 10, Batch 802/948, Lx 1.5926, Lu 0.1491, Penalty 0.0699, loss 1.8116
Epoch 10, Batch 803/948, Lx 1.8171, Lu 0.1417, Penalty 0.0865, loss 2.0453
Epoch 10, Batch 804/948, Lx 1.6556, Lu 0.1116, Penalty 0.0857, loss 1.8529
Epoch 10, Batch 805/948, Lx 1.9211, Lu 0.1312, Penalty 0.0563, loss 2.1086
Epoch 10, Batch 806/948, Lx 1.8766, Lu 0.1561, Penalty 0.0228, loss 2.0555
Epoch 10, Batch 807/948, Lx 1.8688, Lu 0.2376, Penalty 0.0610, loss 2.1675
Epoch 10, Batch 808/948, Lx 1.3686, Lu 0.1252, Penalty 0.0606, loss 1.5544
Epoch 10, Batch 809/948, Lx 1.7206, Lu 0.1803, Penalty 0.0452, loss 1.9461
Epoch 10, Batch 810/948, Lx 1.9016, Lu 0.1996, Penalty 0.0894, loss 2.1906
Epoch 10, Batch 811/948, Lx 1.9152, Lu 0.2521, Penalty 0.0506, loss 2.2180
Epoch 10, Batch 812/948, Lx 1.7735, Lu 0.1334, Penalty 0.0549, loss 1.9618
Epoch 10, Batch 813/948, Lx 1.8742, Lu 0.2364, Penalty 0.0508, loss 2.1614
Epoch 10, Batch 814/948, Lx 1.6597, Lu 0.2372, Penalty 0.0838, loss 1.9807
Epoch 10, Batch 815/948, Lx 1.7584, Lu 0.1626, Penalty 0.0526, loss 1.9736
Epoch 10, Batch 816/948, Lx 1.6886, Lu 0.1739, Penalty 0.0560, loss 1.9185
Epoch 10, Batch 817/948, Lx 1.5609, Lu 0.1061, Penalty 0.0753, loss 1.7422
Epoch 10, Batch 818/948, Lx 1.6386, Lu 0.1601, Penalty 0.0424, loss 1.8411
Epoch 10, Batch 819/948, Lx 1.6658, Lu 0.1253, Penalty 0.1105, loss 1.9016
Epoch 10, Batch 820/948, Lx 1.5947, Lu 0.1399, Penalty 0.0614, loss 1.7959
Epoch 10, Batch 821/948, Lx 2.0168, Lu 0.2421, Penalty 0.0421, loss 2.3010
Epoch 10, Batch 822/948, Lx 1.6932, Lu 0.1608, Penalty 0.0483, loss 1.9024
Epoch 10, Batch 823/948, Lx 1.6881, Lu 0.1216, Penalty 0.0560, loss 1.8656
Epoch 10, Batch 824/948, Lx 1.7543, Lu 0.1875, Penalty 0.0589, loss 2.0007
Epoch 10, Batch 825/948, Lx 1.6856, Lu 0.1840, Penalty 0.1238, loss 1.9935
Epoch 10, Batch 826/948, Lx 1.6203, Lu 0.1199, Penalty 0.0705, loss 1.8107
Epoch 10, Batch 827/948, Lx 1.7968, Lu 0.2140, Penalty 0.0580, loss 2.0688
Epoch 10, Batch 828/948, Lx 1.6300, Lu 0.1443, Penalty 0.0561, loss 1.8304
Epoch 10, Batch 829/948, Lx 1.8296, Lu 0.1564, Penalty 0.0685, loss 2.0545
Epoch 10, Batch 830/948, Lx 1.5299, Lu 0.1480, Penalty 0.0886, loss 1.7666
Epoch 10, Batch 831/948, Lx 1.7131, Lu 0.1330, Penalty 0.0340, loss 1.8801
Epoch 10, Batch 832/948, Lx 1.5020, Lu 0.1155, Penalty 0.1424, loss 1.7599
Epoch 10, Batch 833/948, Lx 1.6984, Lu 0.2379, Penalty 0.0696, loss 2.0059
Epoch 10, Batch 834/948, Lx 1.7897, Lu 0.1704, Penalty 0.1351, loss 2.0953
Epoch 10, Batch 835/948, Lx 1.8825, Lu 0.1345, Penalty 0.0443, loss 2.0614
Epoch 10, Batch 836/948, Lx 1.8824, Lu 0.1977, Penalty 0.0390, loss 2.1190
Epoch 10, Batch 837/948, Lx 1.7661, Lu 0.1892, Penalty 0.0455, loss 2.0008
Epoch 10, Batch 838/948, Lx 1.5226, Lu 0.1355, Penalty 0.0679, loss 1.7260
Epoch 10, Batch 839/948, Lx 1.8200, Lu 0.1546, Penalty 0.0708, loss 2.0453
Epoch 10, Batch 840/948, Lx 1.7417, Lu 0.1656, Penalty 0.0940, loss 2.0013
Epoch 10, Batch 841/948, Lx 1.7628, Lu 0.1488, Penalty 0.0503, loss 1.9619
Epoch 10, Batch 842/948, Lx 1.8053, Lu 0.1633, Penalty 0.0590, loss 2.0276
Epoch 10, Batch 843/948, Lx 1.6030, Lu 0.1454, Penalty 0.0997, loss 1.8481
Epoch 10, Batch 844/948, Lx 1.7061, Lu 0.1345, Penalty 0.0910, loss 1.9316
Epoch 10, Batch 845/948, Lx 1.8159, Lu 0.1933, Penalty 0.0923, loss 2.1014
Epoch 10, Batch 846/948, Lx 1.6237, Lu 0.1238, Penalty 0.1342, loss 1.8816
Epoch 10, Batch 847/948, Lx 1.8021, Lu 0.1282, Penalty 0.0432, loss 1.9735
Epoch 10, Batch 848/948, Lx 1.7591, Lu 0.1799, Penalty 0.0827, loss 2.0217
Epoch 10, Batch 849/948, Lx 1.7969, Lu 0.1696, Penalty 0.1043, loss 2.0707
Epoch 10, Batch 850/948, Lx 1.8030, Lu 0.2309, Penalty 0.0721, loss 2.1059
Epoch 10, Batch 851/948, Lx 1.7246, Lu 0.1228, Penalty 0.0377, loss 1.8852
Epoch 10, Batch 852/948, Lx 1.6971, Lu 0.1755, Penalty 0.0699, loss 1.9425
Epoch 10, Batch 853/948, Lx 1.6415, Lu 0.1723, Penalty 0.1150, loss 1.9289
Epoch 10, Batch 854/948, Lx 1.7840, Lu 0.1393, Penalty 0.0451, loss 1.9683
Epoch 10, Batch 855/948, Lx 1.7768, Lu 0.1596, Penalty 0.0743, loss 2.0107
Epoch 10, Batch 856/948, Lx 1.7089, Lu 0.1856, Penalty 0.1854, loss 2.0798
Epoch 10, Batch 857/948, Lx 1.7456, Lu 0.1881, Penalty 0.0830, loss 2.0167
Epoch 10, Batch 858/948, Lx 1.6939, Lu 0.1400, Penalty 0.1511, loss 1.9850
Epoch 10, Batch 859/948, Lx 1.7592, Lu 0.1533, Penalty 0.0616, loss 1.9741
Epoch 10, Batch 860/948, Lx 1.7735, Lu 0.2069, Penalty 0.0992, loss 2.0796
Epoch 10, Batch 861/948, Lx 1.7680, Lu 0.1244, Penalty 0.0425, loss 1.9349
Epoch 10, Batch 862/948, Lx 1.8895, Lu 0.1794, Penalty 0.0543, loss 2.1232
Epoch 10, Batch 863/948, Lx 1.6101, Lu 0.1195, Penalty 0.1065, loss 1.8361
Epoch 10, Batch 864/948, Lx 1.7721, Lu 0.1438, Penalty 0.0572, loss 1.9731
Epoch 10, Batch 865/948, Lx 1.6310, Lu 0.1699, Penalty 0.0923, loss 1.8932
Epoch 10, Batch 866/948, Lx 1.7367, Lu 0.1062, Penalty 0.0685, loss 1.9114
Epoch 10, Batch 867/948, Lx 1.8759, Lu 0.2076, Penalty 0.0488, loss 2.1323
Epoch 10, Batch 868/948, Lx 1.8034, Lu 0.1655, Penalty 0.0808, loss 2.0496
Epoch 10, Batch 869/948, Lx 1.8828, Lu 0.1671, Penalty 0.1167, loss 2.1666
Epoch 10, Batch 870/948, Lx 1.9467, Lu 0.1694, Penalty 0.0338, loss 2.1499
Epoch 10, Batch 871/948, Lx 1.8594, Lu 0.1535, Penalty 0.0581, loss 2.0711
Epoch 10, Batch 872/948, Lx 1.7130, Lu 0.1779, Penalty 0.0816, loss 1.9725
Epoch 10, Batch 873/948, Lx 1.7252, Lu 0.1553, Penalty 0.1126, loss 1.9931
Epoch 10, Batch 874/948, Lx 1.7253, Lu 0.1497, Penalty 0.0653, loss 1.9403
Epoch 10, Batch 875/948, Lx 1.8225, Lu 0.2756, Penalty 0.0470, loss 2.1452
Epoch 10, Batch 876/948, Lx 1.8442, Lu 0.1793, Penalty 0.0761, loss 2.0997
Epoch 10, Batch 877/948, Lx 1.6204, Lu 0.1483, Penalty 0.0440, loss 1.8127
Epoch 10, Batch 878/948, Lx 1.6839, Lu 0.1589, Penalty 0.0735, loss 1.9163
Epoch 10, Batch 879/948, Lx 1.6804, Lu 0.1791, Penalty 0.1519, loss 2.0114
Epoch 10, Batch 880/948, Lx 1.4981, Lu 0.0931, Penalty 0.1276, loss 1.7188
Epoch 10, Batch 881/948, Lx 1.7706, Lu 0.1874, Penalty 0.0996, loss 2.0577
Epoch 10, Batch 882/948, Lx 1.7934, Lu 0.1721, Penalty 0.1568, loss 2.1223
Epoch 10, Batch 883/948, Lx 1.7309, Lu 0.1429, Penalty 0.0997, loss 1.9735
Epoch 10, Batch 884/948, Lx 1.7126, Lu 0.1274, Penalty 0.1384, loss 1.9784
Epoch 10, Batch 885/948, Lx 1.7324, Lu 0.1041, Penalty 0.0912, loss 1.9277
Epoch 10, Batch 886/948, Lx 1.7644, Lu 0.1785, Penalty 0.0989, loss 2.0418
Epoch 10, Batch 887/948, Lx 1.8529, Lu 0.2042, Penalty 0.1189, loss 2.1760
Epoch 10, Batch 888/948, Lx 1.5951, Lu 0.1188, Penalty 0.1064, loss 1.8204
Epoch 10, Batch 889/948, Lx 1.8222, Lu 0.1446, Penalty 0.0417, loss 2.0086
Epoch 10, Batch 890/948, Lx 1.5236, Lu 0.1079, Penalty 0.0558, loss 1.6873
Epoch 10, Batch 891/948, Lx 1.6106, Lu 0.1312, Penalty 0.0843, loss 1.8261
Epoch 10, Batch 892/948, Lx 1.7169, Lu 0.1350, Penalty 0.0570, loss 1.9089
Epoch 10, Batch 893/948, Lx 1.5843, Lu 0.1262, Penalty 0.0591, loss 1.7695
Epoch 10, Batch 894/948, Lx 1.8290, Lu 0.1735, Penalty 0.0198, loss 2.0223
Epoch 10, Batch 895/948, Lx 1.5467, Lu 0.1400, Penalty 0.0534, loss 1.7401
Epoch 10, Batch 896/948, Lx 1.6871, Lu 0.2140, Penalty 0.0824, loss 1.9835
Epoch 10, Batch 897/948, Lx 1.7884, Lu 0.1504, Penalty 0.0222, loss 1.9610
Epoch 10, Batch 898/948, Lx 1.8000, Lu 0.1297, Penalty 0.0254, loss 1.9551
Epoch 10, Batch 899/948, Lx 1.5617, Lu 0.1273, Penalty 0.0862, loss 1.7753
Epoch 10, Batch 900/948, Lx 1.9095, Lu 0.2276, Penalty 0.0189, loss 2.1560
Epoch 10, Batch 901/948, Lx 1.6741, Lu 0.2404, Penalty 0.0496, loss 1.9640
Epoch 10, Batch 902/948, Lx 1.6851, Lu 0.1315, Penalty 0.0428, loss 1.8594
Epoch 10, Batch 903/948, Lx 1.5276, Lu 0.1596, Penalty 0.0616, loss 1.7488
Epoch 10, Batch 904/948, Lx 1.6866, Lu 0.1287, Penalty 0.0927, loss 1.9080
Epoch 10, Batch 905/948, Lx 1.6992, Lu 0.1775, Penalty 0.0465, loss 1.9232
Epoch 10, Batch 906/948, Lx 1.5199, Lu 0.0913, Penalty 0.1162, loss 1.7275
Epoch 10, Batch 907/948, Lx 1.8341, Lu 0.2563, Penalty 0.0810, loss 2.1714
Epoch 10, Batch 908/948, Lx 1.7156, Lu 0.1400, Penalty 0.0757, loss 1.9313
Epoch 10, Batch 909/948, Lx 1.6136, Lu 0.1925, Penalty 0.0711, loss 1.8772
Epoch 10, Batch 910/948, Lx 1.6631, Lu 0.1361, Penalty 0.1076, loss 1.9069
Epoch 10, Batch 911/948, Lx 1.5502, Lu 0.2368, Penalty 0.1083, loss 1.8952
Epoch 10, Batch 912/948, Lx 1.7474, Lu 0.1958, Penalty 0.0913, loss 2.0345
Epoch 10, Batch 913/948, Lx 1.7184, Lu 0.1451, Penalty 0.0441, loss 1.9076
Epoch 10, Batch 914/948, Lx 1.6960, Lu 0.1558, Penalty 0.0618, loss 1.9137
Epoch 10, Batch 915/948, Lx 1.7426, Lu 0.2025, Penalty 0.0761, loss 2.0212
Epoch 10, Batch 916/948, Lx 1.5816, Lu 0.0905, Penalty 0.0812, loss 1.7533
Epoch 10, Batch 917/948, Lx 1.6565, Lu 0.1996, Penalty 0.0476, loss 1.9037
Epoch 10, Batch 918/948, Lx 1.6251, Lu 0.1529, Penalty 0.1452, loss 1.9231
Epoch 10, Batch 919/948, Lx 1.6959, Lu 0.1866, Penalty 0.1313, loss 2.0138
Epoch 10, Batch 920/948, Lx 1.7158, Lu 0.1870, Penalty 0.1164, loss 2.0193
Epoch 10, Batch 921/948, Lx 1.8134, Lu 0.1492, Penalty 0.0875, loss 2.0501
Epoch 10, Batch 922/948, Lx 1.9379, Lu 0.1838, Penalty 0.0778, loss 2.1996
Epoch 10, Batch 923/948, Lx 1.7513, Lu 0.1900, Penalty 0.0544, loss 1.9956
Epoch 10, Batch 924/948, Lx 1.6433, Lu 0.1785, Penalty 0.0833, loss 1.9051
Epoch 10, Batch 925/948, Lx 1.4562, Lu 0.1360, Penalty 0.0819, loss 1.6741
Epoch 10, Batch 926/948, Lx 1.8253, Lu 0.2070, Penalty 0.0178, loss 2.0501
Epoch 10, Batch 927/948, Lx 1.8213, Lu 0.2248, Penalty 0.0361, loss 2.0822
Epoch 10, Batch 928/948, Lx 1.8527, Lu 0.2075, Penalty 0.0673, loss 2.1275
Epoch 10, Batch 929/948, Lx 1.5988, Lu 0.2220, Penalty 0.0611, loss 1.8819
Epoch 10, Batch 930/948, Lx 1.6691, Lu 0.1286, Penalty 0.0925, loss 1.8901
Epoch 10, Batch 931/948, Lx 1.6875, Lu 0.1713, Penalty 0.0518, loss 1.9106
Epoch 10, Batch 932/948, Lx 1.7852, Lu 0.2065, Penalty 0.1532, loss 2.1449
Epoch 10, Batch 933/948, Lx 1.5958, Lu 0.1415, Penalty 0.0543, loss 1.7916
Epoch 10, Batch 934/948, Lx 1.5536, Lu 0.1136, Penalty 0.0536, loss 1.7207
Epoch 10, Batch 935/948, Lx 1.7633, Lu 0.2510, Penalty 0.0724, loss 2.0867
Epoch 10, Batch 936/948, Lx 1.6974, Lu 0.0879, Penalty 0.1532, loss 1.9384
Epoch 10, Batch 937/948, Lx 1.8164, Lu 0.1629, Penalty 0.0415, loss 2.0208
Epoch 10, Batch 938/948, Lx 1.7683, Lu 0.1871, Penalty 0.0562, loss 2.0116
Epoch 10, Batch 939/948, Lx 1.7690, Lu 0.1868, Penalty 0.0631, loss 2.0189
Epoch 10, Batch 940/948, Lx 1.5214, Lu 0.1626, Penalty 0.0890, loss 1.7730
Epoch 10, Batch 941/948, Lx 1.8487, Lu 0.2057, Penalty 0.0462, loss 2.1005
Epoch 10, Batch 942/948, Lx 1.5631, Lu 0.1181, Penalty 0.0702, loss 1.7514
Epoch 10, Batch 943/948, Lx 1.6478, Lu 0.2002, Penalty 0.0890, loss 1.9371
Epoch 10, Batch 944/948, Lx 1.8517, Lu 0.1360, Penalty 0.0682, loss 2.0559
Epoch 10, Batch 945/948, Lx 1.9235, Lu 0.2561, Penalty 0.0733, loss 2.2529
Epoch 10, Batch 946/948, Lx 1.8087, Lu 0.1481, Penalty 0.1038, loss 2.0606
Epoch 10, Batch 947/948, Lx 1.5991, Lu 0.1085, Penalty 0.0596, loss 1.7672
Epoch 10, Batch 948/948, Lx 1.6238, Lu 0.1408, Penalty 0.0970, loss 1.8616
Loss: 1.9565, Lx: 1.7201, Lu: 0.1633, Penalty: 0.0731
Training for Network 2
labelled data size: 21513
unlabelled data size: 20487
Epoch 10, Batch 1/673, Lx 1.3569, Lu 0.1562, Penalty 0.1020, loss 1.6151
Epoch 10, Batch 2/673, Lx 1.8375, Lu 0.2165, Penalty 0.0487, loss 2.1026
Epoch 10, Batch 3/673, Lx 1.5222, Lu 0.1221, Penalty 0.0910, loss 1.7353
Epoch 10, Batch 4/673, Lx 1.6730, Lu 0.1710, Penalty 0.0653, loss 1.9092
Epoch 10, Batch 5/673, Lx 1.5012, Lu 0.1653, Penalty 0.0834, loss 1.7499
Epoch 10, Batch 6/673, Lx 1.5548, Lu 0.1668, Penalty 0.1331, loss 1.8547
Epoch 10, Batch 7/673, Lx 1.5054, Lu 0.1479, Penalty 0.0771, loss 1.7304
Epoch 10, Batch 8/673, Lx 1.6176, Lu 0.2019, Penalty 0.1360, loss 1.9555
Epoch 10, Batch 9/673, Lx 1.5346, Lu 0.1311, Penalty 0.0985, loss 1.7642
Epoch 10, Batch 10/673, Lx 1.5457, Lu 0.1154, Penalty 0.1388, loss 1.8000
Epoch 10, Batch 11/673, Lx 1.3718, Lu 0.0835, Penalty 0.1130, loss 1.5684
Epoch 10, Batch 12/673, Lx 1.3748, Lu 0.1475, Penalty 0.0994, loss 1.6217
Epoch 10, Batch 13/673, Lx 1.4352, Lu 0.1335, Penalty 0.1541, loss 1.7227
Epoch 10, Batch 14/673, Lx 1.3105, Lu 0.1302, Penalty 0.0974, loss 1.5381
Epoch 10, Batch 15/673, Lx 1.2864, Lu 0.0996, Penalty 0.0855, loss 1.4715
Epoch 10, Batch 16/673, Lx 1.4521, Lu 0.1376, Penalty 0.0763, loss 1.6659
Epoch 10, Batch 17/673, Lx 1.5199, Lu 0.1629, Penalty 0.0662, loss 1.7490
Epoch 10, Batch 18/673, Lx 1.2070, Lu 0.0869, Penalty 0.1176, loss 1.4115
Epoch 10, Batch 19/673, Lx 1.6602, Lu 0.1998, Penalty 0.0338, loss 1.8939
Epoch 10, Batch 20/673, Lx 1.5022, Lu 0.1218, Penalty 0.1038, loss 1.7278
Epoch 10, Batch 21/673, Lx 1.5327, Lu 0.1463, Penalty 0.1560, loss 1.8349
Epoch 10, Batch 22/673, Lx 1.5828, Lu 0.1651, Penalty 0.0847, loss 1.8326
Epoch 10, Batch 23/673, Lx 1.6906, Lu 0.2119, Penalty 0.0836, loss 1.9862
Epoch 10, Batch 24/673, Lx 1.5502, Lu 0.1538, Penalty 0.0994, loss 1.8035
Epoch 10, Batch 25/673, Lx 1.4488, Lu 0.1216, Penalty 0.0560, loss 1.6263
Epoch 10, Batch 26/673, Lx 1.4517, Lu 0.1266, Penalty 0.0710, loss 1.6493
Epoch 10, Batch 27/673, Lx 1.5086, Lu 0.1117, Penalty 0.0977, loss 1.7180
Epoch 10, Batch 28/673, Lx 1.4763, Lu 0.1570, Penalty 0.0718, loss 1.7050
Epoch 10, Batch 29/673, Lx 1.1461, Lu 0.1153, Penalty 0.0743, loss 1.3356
Epoch 10, Batch 30/673, Lx 1.5628, Lu 0.1452, Penalty 0.0967, loss 1.8047
Epoch 10, Batch 31/673, Lx 1.4820, Lu 0.1401, Penalty 0.0742, loss 1.6964
Epoch 10, Batch 32/673, Lx 1.5552, Lu 0.1439, Penalty 0.0926, loss 1.7918
Epoch 10, Batch 33/673, Lx 1.3602, Lu 0.1392, Penalty 0.1300, loss 1.6294
Epoch 10, Batch 34/673, Lx 1.5105, Lu 0.1627, Penalty 0.0843, loss 1.7575
Epoch 10, Batch 35/673, Lx 1.5647, Lu 0.1548, Penalty 0.1578, loss 1.8773
Epoch 10, Batch 36/673, Lx 1.4063, Lu 0.1537, Penalty 0.0615, loss 1.6215
Epoch 10, Batch 37/673, Lx 1.4218, Lu 0.1315, Penalty 0.0862, loss 1.6395
Epoch 10, Batch 38/673, Lx 1.5729, Lu 0.1697, Penalty 0.1061, loss 1.8486
Epoch 10, Batch 39/673, Lx 1.5592, Lu 0.1683, Penalty 0.0952, loss 1.8228
Epoch 10, Batch 40/673, Lx 1.4668, Lu 0.1379, Penalty 0.1204, loss 1.7251
Epoch 10, Batch 41/673, Lx 1.3672, Lu 0.1306, Penalty 0.1086, loss 1.6064
Epoch 10, Batch 42/673, Lx 1.5262, Lu 0.1507, Penalty 0.1092, loss 1.7861
Epoch 10, Batch 43/673, Lx 1.4395, Lu 0.1618, Penalty 0.0738, loss 1.6751
Epoch 10, Batch 44/673, Lx 1.4768, Lu 0.1616, Penalty 0.1325, loss 1.7710
Epoch 10, Batch 45/673, Lx 1.3583, Lu 0.1053, Penalty 0.1265, loss 1.5901
Epoch 10, Batch 46/673, Lx 1.5551, Lu 0.1917, Penalty 0.0893, loss 1.8361
Epoch 10, Batch 47/673, Lx 1.4404, Lu 0.1325, Penalty 0.0680, loss 1.6410
Epoch 10, Batch 48/673, Lx 1.3984, Lu 0.1326, Penalty 0.0952, loss 1.6263
Epoch 10, Batch 49/673, Lx 1.3975, Lu 0.1376, Penalty 0.1223, loss 1.6575
Epoch 10, Batch 50/673, Lx 1.3532, Lu 0.1271, Penalty 0.0434, loss 1.5236
Epoch 10, Batch 51/673, Lx 1.5416, Lu 0.1202, Penalty 0.0658, loss 1.7277
Epoch 10, Batch 52/673, Lx 1.4914, Lu 0.1723, Penalty 0.0573, loss 1.7210
Epoch 10, Batch 53/673, Lx 1.3041, Lu 0.1089, Penalty 0.1290, loss 1.5419
Epoch 10, Batch 54/673, Lx 1.7277, Lu 0.1544, Penalty 0.0591, loss 1.9412
Epoch 10, Batch 55/673, Lx 1.3407, Lu 0.1236, Penalty 0.0649, loss 1.5292
Epoch 10, Batch 56/673, Lx 1.4838, Lu 0.1575, Penalty 0.0659, loss 1.7072
Epoch 10, Batch 57/673, Lx 1.3094, Lu 0.1478, Penalty 0.0921, loss 1.5493
Epoch 10, Batch 58/673, Lx 1.4110, Lu 0.1630, Penalty 0.0872, loss 1.6612
Epoch 10, Batch 59/673, Lx 1.2476, Lu 0.1276, Penalty 0.0654, loss 1.4406
Epoch 10, Batch 60/673, Lx 1.5393, Lu 0.1988, Penalty 0.1390, loss 1.8771
Epoch 10, Batch 61/673, Lx 1.5056, Lu 0.1840, Penalty 0.0829, loss 1.7724
Epoch 10, Batch 62/673, Lx 1.5367, Lu 0.1990, Penalty 0.0594, loss 1.7951
Epoch 10, Batch 63/673, Lx 1.4667, Lu 0.1670, Penalty 0.0546, loss 1.6882
Epoch 10, Batch 64/673, Lx 1.3561, Lu 0.1048, Penalty 0.0666, loss 1.5275
Epoch 10, Batch 65/673, Lx 1.2573, Lu 0.1319, Penalty 0.1022, loss 1.4914
Epoch 10, Batch 66/673, Lx 1.4496, Lu 0.1319, Penalty 0.1013, loss 1.6828
Epoch 10, Batch 67/673, Lx 1.6559, Lu 0.1442, Penalty 0.1357, loss 1.9359
Epoch 10, Batch 68/673, Lx 1.5773, Lu 0.1554, Penalty 0.0675, loss 1.8003
Epoch 10, Batch 69/673, Lx 1.4995, Lu 0.1313, Penalty 0.1594, loss 1.7902
Epoch 10, Batch 70/673, Lx 1.4919, Lu 0.1634, Penalty 0.0910, loss 1.7463
Epoch 10, Batch 71/673, Lx 1.6880, Lu 0.1778, Penalty 0.1227, loss 1.9885
Epoch 10, Batch 72/673, Lx 1.2165, Lu 0.1152, Penalty 0.1178, loss 1.4496
Epoch 10, Batch 73/673, Lx 1.3662, Lu 0.1438, Penalty 0.0750, loss 1.5850
Epoch 10, Batch 74/673, Lx 1.5243, Lu 0.1757, Penalty 0.0513, loss 1.7512
Epoch 10, Batch 75/673, Lx 1.4286, Lu 0.1364, Penalty 0.0762, loss 1.6411
Epoch 10, Batch 76/673, Lx 1.3723, Lu 0.1507, Penalty 0.1096, loss 1.6327
Epoch 10, Batch 77/673, Lx 1.5719, Lu 0.1365, Penalty 0.0629, loss 1.7712
Epoch 10, Batch 78/673, Lx 1.3157, Lu 0.1560, Penalty 0.1515, loss 1.6232
Epoch 10, Batch 79/673, Lx 1.5041, Lu 0.1749, Penalty 0.0446, loss 1.7236
Epoch 10, Batch 80/673, Lx 1.5567, Lu 0.1666, Penalty 0.0480, loss 1.7714
Epoch 10, Batch 81/673, Lx 1.2646, Lu 0.1396, Penalty 0.0436, loss 1.4479
Epoch 10, Batch 82/673, Lx 1.4541, Lu 0.1859, Penalty 0.0788, loss 1.7188
Epoch 10, Batch 83/673, Lx 1.5318, Lu 0.1443, Penalty 0.1311, loss 1.8071
Epoch 10, Batch 84/673, Lx 1.4381, Lu 0.1588, Penalty 0.1279, loss 1.7248
Epoch 10, Batch 85/673, Lx 1.3854, Lu 0.1538, Penalty 0.1750, loss 1.7142
Epoch 10, Batch 86/673, Lx 1.5548, Lu 0.1501, Penalty 0.0538, loss 1.7587
Epoch 10, Batch 87/673, Lx 1.1937, Lu 0.0839, Penalty 0.1232, loss 1.4007
Epoch 10, Batch 88/673, Lx 1.3418, Lu 0.1342, Penalty 0.1572, loss 1.6331
Epoch 10, Batch 89/673, Lx 1.5504, Lu 0.1709, Penalty 0.1099, loss 1.8311
Epoch 10, Batch 90/673, Lx 1.3874, Lu 0.1404, Penalty 0.1362, loss 1.6640
Epoch 10, Batch 91/673, Lx 1.5028, Lu 0.1443, Penalty 0.0670, loss 1.7141
Epoch 10, Batch 92/673, Lx 1.4108, Lu 0.1201, Penalty 0.1081, loss 1.6390
Epoch 10, Batch 93/673, Lx 1.4143, Lu 0.1422, Penalty 0.1211, loss 1.6776
Epoch 10, Batch 94/673, Lx 1.7770, Lu 0.1373, Penalty 0.0746, loss 1.9889
Epoch 10, Batch 95/673, Lx 1.4471, Lu 0.1145, Penalty 0.0628, loss 1.6244
Epoch 10, Batch 96/673, Lx 1.6608, Lu 0.1479, Penalty 0.1007, loss 1.9094
Epoch 10, Batch 97/673, Lx 1.5708, Lu 0.1658, Penalty 0.0634, loss 1.8000
Epoch 10, Batch 98/673, Lx 1.5638, Lu 0.1280, Penalty 0.0482, loss 1.7400
Epoch 10, Batch 99/673, Lx 1.3618, Lu 0.1424, Penalty 0.1319, loss 1.6361
Epoch 10, Batch 100/673, Lx 1.3964, Lu 0.1416, Penalty 0.0695, loss 1.6075
Epoch 10, Batch 101/673, Lx 1.2466, Lu 0.1301, Penalty 0.0792, loss 1.4559
Epoch 10, Batch 102/673, Lx 1.3801, Lu 0.1310, Penalty 0.0866, loss 1.5977
Epoch 10, Batch 103/673, Lx 1.3583, Lu 0.1427, Penalty 0.0973, loss 1.5983
Epoch 10, Batch 104/673, Lx 1.4416, Lu 0.1251, Penalty 0.1218, loss 1.6885
Epoch 10, Batch 105/673, Lx 1.2553, Lu 0.1330, Penalty 0.0763, loss 1.4646
Epoch 10, Batch 106/673, Lx 1.5492, Lu 0.1340, Penalty 0.0632, loss 1.7463
Epoch 10, Batch 107/673, Lx 1.5200, Lu 0.1647, Penalty 0.1004, loss 1.7852
Epoch 10, Batch 108/673, Lx 1.4103, Lu 0.1500, Penalty 0.0454, loss 1.6056
Epoch 10, Batch 109/673, Lx 1.6107, Lu 0.1635, Penalty 0.1282, loss 1.9024
Epoch 10, Batch 110/673, Lx 1.4973, Lu 0.1291, Penalty 0.0906, loss 1.7170
Epoch 10, Batch 111/673, Lx 1.3992, Lu 0.1061, Penalty 0.0827, loss 1.5880
Epoch 10, Batch 112/673, Lx 1.4347, Lu 0.1202, Penalty 0.1050, loss 1.6599
Epoch 10, Batch 113/673, Lx 1.3077, Lu 0.1031, Penalty 0.1444, loss 1.5552
Epoch 10, Batch 114/673, Lx 1.5195, Lu 0.1731, Penalty 0.0557, loss 1.7482
Epoch 10, Batch 115/673, Lx 1.4291, Lu 0.1466, Penalty 0.0606, loss 1.6363
Epoch 10, Batch 116/673, Lx 1.1270, Lu 0.1022, Penalty 0.1683, loss 1.3975
Epoch 10, Batch 117/673, Lx 1.4922, Lu 0.1581, Penalty 0.0945, loss 1.7448
Epoch 10, Batch 118/673, Lx 1.5447, Lu 0.1585, Penalty 0.1260, loss 1.8292
Epoch 10, Batch 119/673, Lx 1.4021, Lu 0.1441, Penalty 0.0896, loss 1.6358
Epoch 10, Batch 120/673, Lx 1.3443, Lu 0.1283, Penalty 0.0896, loss 1.5622
Epoch 10, Batch 121/673, Lx 1.3893, Lu 0.1412, Penalty 0.0460, loss 1.5765
Epoch 10, Batch 122/673, Lx 1.6457, Lu 0.2052, Penalty 0.0778, loss 1.9287
Epoch 10, Batch 123/673, Lx 1.2016, Lu 0.1177, Penalty 0.1405, loss 1.4598
Epoch 10, Batch 124/673, Lx 1.4764, Lu 0.1822, Penalty 0.0575, loss 1.7161
Epoch 10, Batch 125/673, Lx 1.3908, Lu 0.1511, Penalty 0.0900, loss 1.6319
Epoch 10, Batch 126/673, Lx 1.5828, Lu 0.1726, Penalty 0.0605, loss 1.8159
Epoch 10, Batch 127/673, Lx 1.4262, Lu 0.1574, Penalty 0.0821, loss 1.6656
Epoch 10, Batch 128/673, Lx 1.3984, Lu 0.1244, Penalty 0.0560, loss 1.5788
Epoch 10, Batch 129/673, Lx 1.4806, Lu 0.1293, Penalty 0.1185, loss 1.7285
Epoch 10, Batch 130/673, Lx 1.1589, Lu 0.1421, Penalty 0.1388, loss 1.4398
Epoch 10, Batch 131/673, Lx 1.3871, Lu 0.1122, Penalty 0.1389, loss 1.6382
Epoch 10, Batch 132/673, Lx 1.5156, Lu 0.1649, Penalty 0.1123, loss 1.7928
Epoch 10, Batch 133/673, Lx 1.2461, Lu 0.1181, Penalty 0.0996, loss 1.4638
Epoch 10, Batch 134/673, Lx 1.4077, Lu 0.1146, Penalty 0.1337, loss 1.6560
Epoch 10, Batch 135/673, Lx 1.2856, Lu 0.1305, Penalty 0.1786, loss 1.5947
Epoch 10, Batch 136/673, Lx 1.4954, Lu 0.1547, Penalty 0.1372, loss 1.7873
Epoch 10, Batch 137/673, Lx 1.4977, Lu 0.1404, Penalty 0.1263, loss 1.7645
Epoch 10, Batch 138/673, Lx 1.4120, Lu 0.1532, Penalty 0.1266, loss 1.6917
Epoch 10, Batch 139/673, Lx 1.5366, Lu 0.1692, Penalty 0.1283, loss 1.8342
Epoch 10, Batch 140/673, Lx 1.1888, Lu 0.1496, Penalty 0.0940, loss 1.4324
Epoch 10, Batch 141/673, Lx 1.2438, Lu 0.1404, Penalty 0.0560, loss 1.4401
Epoch 10, Batch 142/673, Lx 1.2925, Lu 0.1464, Penalty 0.0807, loss 1.5195
Epoch 10, Batch 143/673, Lx 1.3553, Lu 0.1331, Penalty 0.1200, loss 1.6085
Epoch 10, Batch 144/673, Lx 1.1797, Lu 0.1191, Penalty 0.1108, loss 1.4096
Epoch 10, Batch 145/673, Lx 1.2906, Lu 0.1493, Penalty 0.0912, loss 1.5311
Epoch 10, Batch 146/673, Lx 1.2860, Lu 0.1612, Penalty 0.0754, loss 1.5226
Epoch 10, Batch 147/673, Lx 1.4996, Lu 0.1597, Penalty 0.1073, loss 1.7666
Epoch 10, Batch 148/673, Lx 1.3605, Lu 0.1228, Penalty 0.0743, loss 1.5576
Epoch 10, Batch 149/673, Lx 1.6308, Lu 0.1754, Penalty 0.1731, loss 1.9793
Epoch 10, Batch 150/673, Lx 1.3497, Lu 0.1583, Penalty 0.0628, loss 1.5708
Epoch 10, Batch 151/673, Lx 1.1888, Lu 0.1066, Penalty 0.0717, loss 1.3672
Epoch 10, Batch 152/673, Lx 1.2648, Lu 0.1368, Penalty 0.0852, loss 1.4869
Epoch 10, Batch 153/673, Lx 1.4347, Lu 0.1580, Penalty 0.1001, loss 1.6928
Epoch 10, Batch 154/673, Lx 1.4450, Lu 0.1889, Penalty 0.1065, loss 1.7404
Epoch 10, Batch 155/673, Lx 1.3207, Lu 0.1616, Penalty 0.1325, loss 1.6147
Epoch 10, Batch 156/673, Lx 1.5219, Lu 0.1493, Penalty 0.1637, loss 1.8349
Epoch 10, Batch 157/673, Lx 1.4639, Lu 0.1804, Penalty 0.1315, loss 1.7759
Epoch 10, Batch 158/673, Lx 1.4362, Lu 0.1836, Penalty 0.1294, loss 1.7492
Epoch 10, Batch 159/673, Lx 1.5440, Lu 0.1713, Penalty 0.1556, loss 1.8709
Epoch 10, Batch 160/673, Lx 1.4748, Lu 0.1307, Penalty 0.0989, loss 1.7043
Epoch 10, Batch 161/673, Lx 1.6339, Lu 0.1489, Penalty 0.1391, loss 1.9219
Epoch 10, Batch 162/673, Lx 1.5551, Lu 0.1140, Penalty 0.0878, loss 1.7569
Epoch 10, Batch 163/673, Lx 1.2512, Lu 0.0977, Penalty 0.1809, loss 1.5298
Epoch 10, Batch 164/673, Lx 1.3344, Lu 0.1195, Penalty 0.0663, loss 1.5202
Epoch 10, Batch 165/673, Lx 1.5000, Lu 0.1489, Penalty 0.1276, loss 1.7765
Epoch 10, Batch 166/673, Lx 1.3865, Lu 0.1255, Penalty 0.0940, loss 1.6061
Epoch 10, Batch 167/673, Lx 1.7032, Lu 0.1370, Penalty 0.0569, loss 1.8970
Epoch 10, Batch 168/673, Lx 1.4603, Lu 0.1477, Penalty 0.0801, loss 1.6881
Epoch 10, Batch 169/673, Lx 1.3621, Lu 0.1511, Penalty 0.1687, loss 1.6819
Epoch 10, Batch 170/673, Lx 1.5979, Lu 0.1970, Penalty 0.0809, loss 1.8758
Epoch 10, Batch 171/673, Lx 1.5119, Lu 0.1813, Penalty 0.0565, loss 1.7497
Epoch 10, Batch 172/673, Lx 1.4874, Lu 0.1763, Penalty 0.0622, loss 1.7258
Epoch 10, Batch 173/673, Lx 1.4578, Lu 0.1527, Penalty 0.0657, loss 1.6761
Epoch 10, Batch 174/673, Lx 1.6349, Lu 0.1655, Penalty 0.0555, loss 1.8559
Epoch 10, Batch 175/673, Lx 1.3269, Lu 0.1476, Penalty 0.1013, loss 1.5758
Epoch 10, Batch 176/673, Lx 1.5662, Lu 0.1960, Penalty 0.1341, loss 1.8963
Epoch 10, Batch 177/673, Lx 1.3563, Lu 0.1182, Penalty 0.1063, loss 1.5808
Epoch 10, Batch 178/673, Lx 1.4450, Lu 0.1219, Penalty 0.0770, loss 1.6438
Epoch 10, Batch 179/673, Lx 1.3777, Lu 0.1550, Penalty 0.0851, loss 1.6177
Epoch 10, Batch 180/673, Lx 1.4415, Lu 0.1256, Penalty 0.1285, loss 1.6957
Epoch 10, Batch 181/673, Lx 1.3645, Lu 0.1545, Penalty 0.0649, loss 1.5838
Epoch 10, Batch 182/673, Lx 1.3056, Lu 0.1100, Penalty 0.1263, loss 1.5420
Epoch 10, Batch 183/673, Lx 1.1915, Lu 0.1073, Penalty 0.1387, loss 1.4375
Epoch 10, Batch 184/673, Lx 1.5599, Lu 0.1534, Penalty 0.0506, loss 1.7638
Epoch 10, Batch 185/673, Lx 1.4254, Lu 0.1010, Penalty 0.2065, loss 1.7329
Epoch 10, Batch 186/673, Lx 1.6503, Lu 0.1486, Penalty 0.0697, loss 1.8686
Epoch 10, Batch 187/673, Lx 1.5145, Lu 0.1188, Penalty 0.0979, loss 1.7312
Epoch 10, Batch 188/673, Lx 1.4344, Lu 0.1354, Penalty 0.1058, loss 1.6755
Epoch 10, Batch 189/673, Lx 1.4671, Lu 0.1379, Penalty 0.0770, loss 1.6821
Epoch 10, Batch 190/673, Lx 1.3452, Lu 0.1124, Penalty 0.1105, loss 1.5681
Epoch 10, Batch 191/673, Lx 1.5781, Lu 0.1812, Penalty 0.0941, loss 1.8534
Epoch 10, Batch 192/673, Lx 1.3726, Lu 0.1133, Penalty 0.1122, loss 1.5980
Epoch 10, Batch 193/673, Lx 1.5995, Lu 0.1789, Penalty 0.0828, loss 1.8612
Epoch 10, Batch 194/673, Lx 1.5097, Lu 0.1676, Penalty 0.0896, loss 1.7669
Epoch 10, Batch 195/673, Lx 1.4135, Lu 0.1390, Penalty 0.1013, loss 1.6538
Epoch 10, Batch 196/673, Lx 1.4650, Lu 0.1861, Penalty 0.1095, loss 1.7605
Epoch 10, Batch 197/673, Lx 1.4210, Lu 0.1682, Penalty 0.1381, loss 1.7272
Epoch 10, Batch 198/673, Lx 1.2165, Lu 0.1119, Penalty 0.0784, loss 1.4067
Epoch 10, Batch 199/673, Lx 1.3445, Lu 0.1135, Penalty 0.1061, loss 1.5640
Epoch 10, Batch 200/673, Lx 1.5575, Lu 0.1670, Penalty 0.0814, loss 1.8059
Epoch 10, Batch 201/673, Lx 1.4057, Lu 0.1139, Penalty 0.0536, loss 1.5731
Epoch 10, Batch 202/673, Lx 1.2096, Lu 0.1073, Penalty 0.1240, loss 1.4409
Epoch 10, Batch 203/673, Lx 1.6049, Lu 0.1634, Penalty 0.0938, loss 1.8621
Epoch 10, Batch 204/673, Lx 1.4991, Lu 0.1478, Penalty 0.1424, loss 1.7892
Epoch 10, Batch 205/673, Lx 1.5560, Lu 0.1983, Penalty 0.1210, loss 1.8753
Epoch 10, Batch 206/673, Lx 1.1833, Lu 0.1150, Penalty 0.1028, loss 1.4012
Epoch 10, Batch 207/673, Lx 1.4098, Lu 0.1519, Penalty 0.0495, loss 1.6112
Epoch 10, Batch 208/673, Lx 1.5149, Lu 0.1615, Penalty 0.0754, loss 1.7518
Epoch 10, Batch 209/673, Lx 0.9646, Lu 0.1419, Penalty 0.1568, loss 1.2634
Epoch 10, Batch 210/673, Lx 1.3384, Lu 0.1650, Penalty 0.0453, loss 1.5487
Epoch 10, Batch 211/673, Lx 1.2856, Lu 0.1514, Penalty 0.0781, loss 1.5151
Epoch 10, Batch 212/673, Lx 1.4603, Lu 0.1666, Penalty 0.1114, loss 1.7382
Epoch 10, Batch 213/673, Lx 1.4880, Lu 0.1408, Penalty 0.0741, loss 1.7029
Epoch 10, Batch 214/673, Lx 1.1309, Lu 0.1281, Penalty 0.1100, loss 1.3690
Epoch 10, Batch 215/673, Lx 1.4546, Lu 0.1442, Penalty 0.0416, loss 1.6404
Epoch 10, Batch 216/673, Lx 1.4448, Lu 0.1508, Penalty 0.1036, loss 1.6992
Epoch 10, Batch 217/673, Lx 1.3401, Lu 0.1699, Penalty 0.0744, loss 1.5844
Epoch 10, Batch 218/673, Lx 1.3189, Lu 0.1113, Penalty 0.1057, loss 1.5359
Epoch 10, Batch 219/673, Lx 1.6500, Lu 0.1364, Penalty 0.0922, loss 1.8786
Epoch 10, Batch 220/673, Lx 1.3521, Lu 0.1492, Penalty 0.1107, loss 1.6120
Epoch 10, Batch 221/673, Lx 1.5485, Lu 0.1193, Penalty 0.0470, loss 1.7148
Epoch 10, Batch 222/673, Lx 1.5765, Lu 0.1477, Penalty 0.1340, loss 1.8582
Epoch 10, Batch 223/673, Lx 1.4551, Lu 0.1612, Penalty 0.0809, loss 1.6972
Epoch 10, Batch 224/673, Lx 1.2972, Lu 0.1222, Penalty 0.1204, loss 1.5398
Epoch 10, Batch 225/673, Lx 1.5465, Lu 0.1437, Penalty 0.0909, loss 1.7811
Epoch 10, Batch 226/673, Lx 1.4733, Lu 0.1764, Penalty 0.0682, loss 1.7179
Epoch 10, Batch 227/673, Lx 1.3687, Lu 0.1273, Penalty 0.0393, loss 1.5353
Epoch 10, Batch 228/673, Lx 1.3026, Lu 0.1237, Penalty 0.0894, loss 1.5157
Epoch 10, Batch 229/673, Lx 1.6010, Lu 0.1809, Penalty 0.0593, loss 1.8413
Epoch 10, Batch 230/673, Lx 1.7593, Lu 0.1874, Penalty 0.0871, loss 2.0338
Epoch 10, Batch 231/673, Lx 1.6114, Lu 0.1939, Penalty 0.1061, loss 1.9113
Epoch 10, Batch 232/673, Lx 1.3289, Lu 0.1242, Penalty 0.0468, loss 1.4998
Epoch 10, Batch 233/673, Lx 1.5797, Lu 0.2150, Penalty 0.0573, loss 1.8519
Epoch 10, Batch 234/673, Lx 1.6556, Lu 0.1682, Penalty 0.1078, loss 1.9316
Epoch 10, Batch 235/673, Lx 1.4068, Lu 0.1777, Penalty 0.0851, loss 1.6696
Epoch 10, Batch 236/673, Lx 1.5466, Lu 0.1477, Penalty 0.0445, loss 1.7387
Epoch 10, Batch 237/673, Lx 1.5711, Lu 0.1581, Penalty 0.1548, loss 1.8840
Epoch 10, Batch 238/673, Lx 1.4526, Lu 0.1340, Penalty 0.1240, loss 1.7107
Epoch 10, Batch 239/673, Lx 1.1356, Lu 0.0807, Penalty 0.1350, loss 1.3512
Epoch 10, Batch 240/673, Lx 1.4584, Lu 0.1100, Penalty 0.1093, loss 1.6778
Epoch 10, Batch 241/673, Lx 1.5944, Lu 0.1339, Penalty 0.0672, loss 1.7955
Epoch 10, Batch 242/673, Lx 1.4919, Lu 0.1425, Penalty 0.1083, loss 1.7427
Epoch 10, Batch 243/673, Lx 1.4359, Lu 0.1399, Penalty 0.1095, loss 1.6852
Epoch 10, Batch 244/673, Lx 1.5392, Lu 0.1394, Penalty 0.1215, loss 1.8001
Epoch 10, Batch 245/673, Lx 1.4183, Lu 0.1465, Penalty 0.1899, loss 1.7547
Epoch 10, Batch 246/673, Lx 1.2655, Lu 0.1346, Penalty 0.0813, loss 1.4814
Epoch 10, Batch 247/673, Lx 1.4599, Lu 0.1337, Penalty 0.1342, loss 1.7279
Epoch 10, Batch 248/673, Lx 1.4783, Lu 0.1720, Penalty 0.0751, loss 1.7254
Epoch 10, Batch 249/673, Lx 1.6389, Lu 0.2211, Penalty 0.0551, loss 1.9151
Epoch 10, Batch 250/673, Lx 1.6078, Lu 0.2402, Penalty 0.0800, loss 1.9281
Epoch 10, Batch 251/673, Lx 1.5430, Lu 0.1151, Penalty 0.0804, loss 1.7384
Epoch 10, Batch 252/673, Lx 1.5672, Lu 0.1496, Penalty 0.1039, loss 1.8207
Epoch 10, Batch 253/673, Lx 1.4386, Lu 0.1409, Penalty 0.0896, loss 1.6691
Epoch 10, Batch 254/673, Lx 1.5571, Lu 0.1815, Penalty 0.0955, loss 1.8340
Epoch 10, Batch 255/673, Lx 1.2336, Lu 0.1076, Penalty 0.1100, loss 1.4513
Epoch 10, Batch 256/673, Lx 1.5840, Lu 0.1883, Penalty 0.1711, loss 1.9434
Epoch 10, Batch 257/673, Lx 1.5819, Lu 0.2355, Penalty 0.1723, loss 1.9897
Epoch 10, Batch 258/673, Lx 1.4543, Lu 0.1353, Penalty 0.1202, loss 1.7098
Epoch 10, Batch 259/673, Lx 1.7648, Lu 0.1973, Penalty 0.0576, loss 2.0197
Epoch 10, Batch 260/673, Lx 1.5492, Lu 0.1410, Penalty 0.0833, loss 1.7736
Epoch 10, Batch 261/673, Lx 1.3821, Lu 0.1186, Penalty 0.1146, loss 1.6153
Epoch 10, Batch 262/673, Lx 1.4730, Lu 0.1352, Penalty 0.1328, loss 1.7410
Epoch 10, Batch 263/673, Lx 1.4316, Lu 0.1709, Penalty 0.0505, loss 1.6530
Epoch 10, Batch 264/673, Lx 1.5589, Lu 0.1743, Penalty 0.0875, loss 1.8208
Epoch 10, Batch 265/673, Lx 1.7527, Lu 0.1574, Penalty 0.0871, loss 1.9973
Epoch 10, Batch 266/673, Lx 1.5040, Lu 0.1653, Penalty 0.0750, loss 1.7444
Epoch 10, Batch 267/673, Lx 1.4265, Lu 0.1351, Penalty 0.0914, loss 1.6530
Epoch 10, Batch 268/673, Lx 1.3971, Lu 0.1037, Penalty 0.1095, loss 1.6103
Epoch 10, Batch 269/673, Lx 1.2950, Lu 0.1219, Penalty 0.0777, loss 1.4946
Epoch 10, Batch 270/673, Lx 1.4969, Lu 0.1440, Penalty 0.1287, loss 1.7696
Epoch 10, Batch 271/673, Lx 1.4552, Lu 0.1331, Penalty 0.1104, loss 1.6988
Epoch 10, Batch 272/673, Lx 1.4793, Lu 0.1540, Penalty 0.1252, loss 1.7585
Epoch 10, Batch 273/673, Lx 1.6241, Lu 0.1758, Penalty 0.0982, loss 1.8981
Epoch 10, Batch 274/673, Lx 1.4418, Lu 0.1078, Penalty 0.1208, loss 1.6704
Epoch 10, Batch 275/673, Lx 1.4758, Lu 0.1275, Penalty 0.0760, loss 1.6793
Epoch 10, Batch 276/673, Lx 1.3559, Lu 0.1194, Penalty 0.0890, loss 1.5644
Epoch 10, Batch 277/673, Lx 1.3528, Lu 0.1156, Penalty 0.0596, loss 1.5281
Epoch 10, Batch 278/673, Lx 1.3724, Lu 0.1104, Penalty 0.1618, loss 1.6445
Epoch 10, Batch 279/673, Lx 1.2655, Lu 0.1366, Penalty 0.0799, loss 1.4820
Epoch 10, Batch 280/673, Lx 1.2492, Lu 0.0943, Penalty 0.0958, loss 1.4393
Epoch 10, Batch 281/673, Lx 1.7327, Lu 0.1926, Penalty 0.0412, loss 1.9666
Epoch 10, Batch 282/673, Lx 1.5856, Lu 0.1603, Penalty 0.0719, loss 1.8178
Epoch 10, Batch 283/673, Lx 1.4118, Lu 0.1663, Penalty 0.0848, loss 1.6630
Epoch 10, Batch 284/673, Lx 1.4431, Lu 0.1412, Penalty 0.0972, loss 1.6815
Epoch 10, Batch 285/673, Lx 1.5705, Lu 0.1287, Penalty 0.0380, loss 1.7372
Epoch 10, Batch 286/673, Lx 1.5043, Lu 0.1494, Penalty 0.1215, loss 1.7753
Epoch 10, Batch 287/673, Lx 1.4733, Lu 0.1620, Penalty 0.1141, loss 1.7494
Epoch 10, Batch 288/673, Lx 1.5106, Lu 0.1332, Penalty 0.1413, loss 1.7851
Epoch 10, Batch 289/673, Lx 1.5246, Lu 0.1470, Penalty 0.1354, loss 1.8070
Epoch 10, Batch 290/673, Lx 1.4994, Lu 0.1455, Penalty 0.0931, loss 1.7381
Epoch 10, Batch 291/673, Lx 1.5408, Lu 0.1715, Penalty 0.1186, loss 1.8309
Epoch 10, Batch 292/673, Lx 1.2783, Lu 0.1027, Penalty 0.0918, loss 1.4728
Epoch 10, Batch 293/673, Lx 1.3752, Lu 0.1464, Penalty 0.0852, loss 1.6068
Epoch 10, Batch 294/673, Lx 1.3421, Lu 0.1662, Penalty 0.0940, loss 1.6023
Epoch 10, Batch 295/673, Lx 1.8756, Lu 0.1708, Penalty 0.0387, loss 2.0851
Epoch 10, Batch 296/673, Lx 1.4234, Lu 0.1383, Penalty 0.1035, loss 1.6651
Epoch 10, Batch 297/673, Lx 1.3786, Lu 0.1366, Penalty 0.1071, loss 1.6222
Epoch 10, Batch 298/673, Lx 1.1537, Lu 0.0818, Penalty 0.1219, loss 1.3574
Epoch 10, Batch 299/673, Lx 1.6096, Lu 0.1372, Penalty 0.1013, loss 1.8480
Epoch 10, Batch 300/673, Lx 1.6550, Lu 0.1777, Penalty 0.0685, loss 1.9012
Epoch 10, Batch 301/673, Lx 1.5076, Lu 0.1703, Penalty 0.1320, loss 1.8099
Epoch 10, Batch 302/673, Lx 1.5420, Lu 0.1836, Penalty 0.1187, loss 1.8442
Epoch 10, Batch 303/673, Lx 1.4576, Lu 0.1487, Penalty 0.0848, loss 1.6911
Epoch 10, Batch 304/673, Lx 1.3720, Lu 0.0838, Penalty 0.1892, loss 1.6451
Epoch 10, Batch 305/673, Lx 1.3053, Lu 0.1568, Penalty 0.1006, loss 1.5627
Epoch 10, Batch 306/673, Lx 1.4261, Lu 0.1275, Penalty 0.0801, loss 1.6338
Epoch 10, Batch 307/673, Lx 1.3917, Lu 0.1584, Penalty 0.0782, loss 1.6283
Epoch 10, Batch 308/673, Lx 1.5455, Lu 0.1811, Penalty 0.0497, loss 1.7763
Epoch 10, Batch 309/673, Lx 1.4972, Lu 0.1248, Penalty 0.1124, loss 1.7344
Epoch 10, Batch 310/673, Lx 1.3111, Lu 0.1044, Penalty 0.0839, loss 1.4994
Epoch 10, Batch 311/673, Lx 1.3701, Lu 0.1051, Penalty 0.1194, loss 1.5945
Epoch 10, Batch 312/673, Lx 1.5263, Lu 0.1605, Penalty 0.1143, loss 1.8012
Epoch 10, Batch 313/673, Lx 1.3166, Lu 0.0961, Penalty 0.0669, loss 1.4796
Epoch 10, Batch 314/673, Lx 1.5182, Lu 0.1298, Penalty 0.0793, loss 1.7273
Epoch 10, Batch 315/673, Lx 1.2356, Lu 0.1068, Penalty 0.1263, loss 1.4688
Epoch 10, Batch 316/673, Lx 1.5471, Lu 0.1485, Penalty 0.0830, loss 1.7786
Epoch 10, Batch 317/673, Lx 1.5319, Lu 0.1633, Penalty 0.1053, loss 1.8005
Epoch 10, Batch 318/673, Lx 1.6512, Lu 0.1567, Penalty 0.1106, loss 1.9186
Epoch 10, Batch 319/673, Lx 1.3827, Lu 0.1357, Penalty 0.1110, loss 1.6294
Epoch 10, Batch 320/673, Lx 1.1300, Lu 0.1520, Penalty 0.0962, loss 1.3782
Epoch 10, Batch 321/673, Lx 1.4031, Lu 0.1282, Penalty 0.1062, loss 1.6375
Epoch 10, Batch 322/673, Lx 1.3138, Lu 0.1308, Penalty 0.1149, loss 1.5596
Epoch 10, Batch 323/673, Lx 1.1820, Lu 0.1472, Penalty 0.1170, loss 1.4462
Epoch 10, Batch 324/673, Lx 1.4059, Lu 0.1701, Penalty 0.1061, loss 1.6821
Epoch 10, Batch 325/673, Lx 1.8305, Lu 0.1707, Penalty 0.0429, loss 2.0441
Epoch 10, Batch 326/673, Lx 1.0301, Lu 0.1411, Penalty 0.1067, loss 1.2779
Epoch 10, Batch 327/673, Lx 1.3069, Lu 0.1098, Penalty 0.1150, loss 1.5318
Epoch 10, Batch 328/673, Lx 1.4085, Lu 0.0993, Penalty 0.1131, loss 1.6208
Epoch 10, Batch 329/673, Lx 1.3598, Lu 0.1258, Penalty 0.1099, loss 1.5955
Epoch 10, Batch 330/673, Lx 1.3566, Lu 0.1270, Penalty 0.1395, loss 1.6231
Epoch 10, Batch 331/673, Lx 1.6286, Lu 0.1919, Penalty 0.0834, loss 1.9039
Epoch 10, Batch 332/673, Lx 1.5405, Lu 0.1498, Penalty 0.1098, loss 1.8000
Epoch 10, Batch 333/673, Lx 1.5063, Lu 0.1504, Penalty 0.1237, loss 1.7805
Epoch 10, Batch 334/673, Lx 1.5167, Lu 0.1214, Penalty 0.0809, loss 1.7190
Epoch 10, Batch 335/673, Lx 1.3593, Lu 0.1351, Penalty 0.1057, loss 1.6001
Epoch 10, Batch 336/673, Lx 1.4913, Lu 0.1757, Penalty 0.0851, loss 1.7521
Epoch 10, Batch 337/673, Lx 1.2607, Lu 0.1281, Penalty 0.0881, loss 1.4769
Epoch 10, Batch 338/673, Lx 1.3612, Lu 0.1232, Penalty 0.0890, loss 1.5733
Epoch 10, Batch 339/673, Lx 1.4518, Lu 0.1030, Penalty 0.0921, loss 1.6469
Epoch 10, Batch 340/673, Lx 1.4398, Lu 0.1762, Penalty 0.0713, loss 1.6873
Epoch 10, Batch 341/673, Lx 1.3044, Lu 0.1052, Penalty 0.1206, loss 1.5302
Epoch 10, Batch 342/673, Lx 1.4765, Lu 0.1766, Penalty 0.0936, loss 1.7467
Epoch 10, Batch 343/673, Lx 1.5043, Lu 0.1060, Penalty 0.0767, loss 1.6870
Epoch 10, Batch 344/673, Lx 1.4709, Lu 0.1512, Penalty 0.1274, loss 1.7495
Epoch 10, Batch 345/673, Lx 1.3748, Lu 0.1509, Penalty 0.1338, loss 1.6594
Epoch 10, Batch 346/673, Lx 1.3945, Lu 0.0945, Penalty 0.1059, loss 1.5950
Epoch 10, Batch 347/673, Lx 1.6473, Lu 0.1898, Penalty 0.1068, loss 1.9439
Epoch 10, Batch 348/673, Lx 1.5146, Lu 0.1103, Penalty 0.1358, loss 1.7607
Epoch 10, Batch 349/673, Lx 1.4241, Lu 0.1260, Penalty 0.0893, loss 1.6394
Epoch 10, Batch 350/673, Lx 1.5203, Lu 0.1139, Penalty 0.1326, loss 1.7667
Epoch 10, Batch 351/673, Lx 1.4031, Lu 0.1249, Penalty 0.1080, loss 1.6359
Epoch 10, Batch 352/673, Lx 1.6929, Lu 0.1978, Penalty 0.1423, loss 2.0330
Epoch 10, Batch 353/673, Lx 1.3524, Lu 0.1131, Penalty 0.0820, loss 1.5474
Epoch 10, Batch 354/673, Lx 1.7120, Lu 0.1791, Penalty 0.0781, loss 1.9692
Epoch 10, Batch 355/673, Lx 1.4807, Lu 0.1203, Penalty 0.1351, loss 1.7361
Epoch 10, Batch 356/673, Lx 1.3096, Lu 0.1280, Penalty 0.0933, loss 1.5309
Epoch 10, Batch 357/673, Lx 1.5499, Lu 0.1819, Penalty 0.1258, loss 1.8577
Epoch 10, Batch 358/673, Lx 1.5199, Lu 0.1548, Penalty 0.0848, loss 1.7595
Epoch 10, Batch 359/673, Lx 1.6155, Lu 0.1934, Penalty 0.0537, loss 1.8626
Epoch 10, Batch 360/673, Lx 1.5269, Lu 0.1642, Penalty 0.0626, loss 1.7536
Epoch 10, Batch 361/673, Lx 1.5940, Lu 0.1436, Penalty 0.0846, loss 1.8222
Epoch 10, Batch 362/673, Lx 1.5366, Lu 0.1383, Penalty 0.0868, loss 1.7617
Epoch 10, Batch 363/673, Lx 1.4675, Lu 0.1831, Penalty 0.1525, loss 1.8031
Epoch 10, Batch 364/673, Lx 1.5240, Lu 0.1329, Penalty 0.0590, loss 1.7159
Epoch 10, Batch 365/673, Lx 1.3558, Lu 0.1332, Penalty 0.0888, loss 1.5778
Epoch 10, Batch 366/673, Lx 1.5361, Lu 0.1019, Penalty 0.1059, loss 1.7439
Epoch 10, Batch 367/673, Lx 1.4641, Lu 0.1146, Penalty 0.1878, loss 1.7665
Epoch 10, Batch 368/673, Lx 1.2638, Lu 0.1323, Penalty 0.0829, loss 1.4790
Epoch 10, Batch 369/673, Lx 1.4094, Lu 0.1217, Penalty 0.1154, loss 1.6464
Epoch 10, Batch 370/673, Lx 1.5607, Lu 0.1479, Penalty 0.1083, loss 1.8169
Epoch 10, Batch 371/673, Lx 1.4603, Lu 0.1889, Penalty 0.1959, loss 1.8452
Epoch 10, Batch 372/673, Lx 1.4570, Lu 0.2003, Penalty 0.1390, loss 1.7963
Epoch 10, Batch 373/673, Lx 1.3121, Lu 0.1087, Penalty 0.1024, loss 1.5232
Epoch 10, Batch 374/673, Lx 1.3997, Lu 0.1214, Penalty 0.0505, loss 1.5717
Epoch 10, Batch 375/673, Lx 1.2737, Lu 0.1169, Penalty 0.1480, loss 1.5385
Epoch 10, Batch 376/673, Lx 1.3791, Lu 0.1330, Penalty 0.1138, loss 1.6259
Epoch 10, Batch 377/673, Lx 1.4100, Lu 0.1335, Penalty 0.0984, loss 1.6420
Epoch 10, Batch 378/673, Lx 1.5087, Lu 0.1488, Penalty 0.0610, loss 1.7185
Epoch 10, Batch 379/673, Lx 1.5037, Lu 0.1091, Penalty 0.0914, loss 1.7042
Epoch 10, Batch 380/673, Lx 1.5189, Lu 0.1180, Penalty 0.0992, loss 1.7361
Epoch 10, Batch 381/673, Lx 1.2393, Lu 0.1211, Penalty 0.1795, loss 1.5399
Epoch 10, Batch 382/673, Lx 1.3456, Lu 0.1351, Penalty 0.0826, loss 1.5633
Epoch 10, Batch 383/673, Lx 1.4989, Lu 0.2049, Penalty 0.0858, loss 1.7897
Epoch 10, Batch 384/673, Lx 1.3988, Lu 0.1489, Penalty 0.1288, loss 1.6765
Epoch 10, Batch 385/673, Lx 1.3347, Lu 0.1318, Penalty 0.0830, loss 1.5494
Epoch 10, Batch 386/673, Lx 1.3170, Lu 0.1356, Penalty 0.0436, loss 1.4962
Epoch 10, Batch 387/673, Lx 1.4893, Lu 0.1900, Penalty 0.0462, loss 1.7255
Epoch 10, Batch 388/673, Lx 1.5254, Lu 0.1667, Penalty 0.0991, loss 1.7913
Epoch 10, Batch 389/673, Lx 1.5648, Lu 0.1695, Penalty 0.0695, loss 1.8038
Epoch 10, Batch 390/673, Lx 1.5237, Lu 0.1761, Penalty 0.1002, loss 1.8000
Epoch 10, Batch 391/673, Lx 1.3122, Lu 0.1022, Penalty 0.1359, loss 1.5503
Epoch 10, Batch 392/673, Lx 1.5195, Lu 0.1650, Penalty 0.1264, loss 1.8110
Epoch 10, Batch 393/673, Lx 1.5388, Lu 0.1169, Penalty 0.1005, loss 1.7561
Epoch 10, Batch 394/673, Lx 1.5507, Lu 0.1487, Penalty 0.0835, loss 1.7829
Epoch 10, Batch 395/673, Lx 1.4406, Lu 0.1630, Penalty 0.0686, loss 1.6721
Epoch 10, Batch 396/673, Lx 1.2128, Lu 0.1076, Penalty 0.1795, loss 1.4999
Epoch 10, Batch 397/673, Lx 1.5664, Lu 0.1539, Penalty 0.1297, loss 1.8500
Epoch 10, Batch 398/673, Lx 1.4077, Lu 0.1207, Penalty 0.1460, loss 1.6744
Epoch 10, Batch 399/673, Lx 1.4903, Lu 0.1290, Penalty 0.2170, loss 1.8363
Epoch 10, Batch 400/673, Lx 1.5946, Lu 0.1604, Penalty 0.0980, loss 1.8531
Epoch 10, Batch 401/673, Lx 1.4336, Lu 0.1602, Penalty 0.1157, loss 1.7095
Epoch 10, Batch 402/673, Lx 1.3514, Lu 0.1060, Penalty 0.1640, loss 1.6214
Epoch 10, Batch 403/673, Lx 1.5332, Lu 0.1528, Penalty 0.0948, loss 1.7808
Epoch 10, Batch 404/673, Lx 1.3685, Lu 0.1125, Penalty 0.0812, loss 1.5621
Epoch 10, Batch 405/673, Lx 1.4922, Lu 0.1785, Penalty 0.0739, loss 1.7447
Epoch 10, Batch 406/673, Lx 1.5072, Lu 0.1502, Penalty 0.0874, loss 1.7448
Epoch 10, Batch 407/673, Lx 1.2510, Lu 0.1421, Penalty 0.0773, loss 1.4704
Epoch 10, Batch 408/673, Lx 1.5834, Lu 0.1896, Penalty 0.0487, loss 1.8217
Epoch 10, Batch 409/673, Lx 1.1447, Lu 0.1291, Penalty 0.0579, loss 1.3317
Epoch 10, Batch 410/673, Lx 1.5298, Lu 0.1944, Penalty 0.0837, loss 1.8079
Epoch 10, Batch 411/673, Lx 1.5011, Lu 0.1650, Penalty 0.0444, loss 1.7105
Epoch 10, Batch 412/673, Lx 1.3816, Lu 0.1684, Penalty 0.0736, loss 1.6236
Epoch 10, Batch 413/673, Lx 1.3767, Lu 0.1481, Penalty 0.2047, loss 1.7294
Epoch 10, Batch 414/673, Lx 1.2221, Lu 0.1027, Penalty 0.0680, loss 1.3927
Epoch 10, Batch 415/673, Lx 1.6065, Lu 0.1489, Penalty 0.0584, loss 1.8138
Epoch 10, Batch 416/673, Lx 1.2904, Lu 0.1327, Penalty 0.1604, loss 1.5835
Epoch 10, Batch 417/673, Lx 1.3933, Lu 0.1129, Penalty 0.1419, loss 1.6481
Epoch 10, Batch 418/673, Lx 1.5339, Lu 0.1247, Penalty 0.0612, loss 1.7197
Epoch 10, Batch 419/673, Lx 1.1882, Lu 0.1225, Penalty 0.0732, loss 1.3838
Epoch 10, Batch 420/673, Lx 1.6535, Lu 0.1776, Penalty 0.0887, loss 1.9198
Epoch 10, Batch 421/673, Lx 1.4844, Lu 0.1218, Penalty 0.0890, loss 1.6952
Epoch 10, Batch 422/673, Lx 1.4525, Lu 0.1528, Penalty 0.0864, loss 1.6918
Epoch 10, Batch 423/673, Lx 1.2709, Lu 0.0943, Penalty 0.1357, loss 1.5010
Epoch 10, Batch 424/673, Lx 1.4834, Lu 0.1682, Penalty 0.0947, loss 1.7463
Epoch 10, Batch 425/673, Lx 1.4320, Lu 0.1114, Penalty 0.0736, loss 1.6171
Epoch 10, Batch 426/673, Lx 1.4216, Lu 0.1745, Penalty 0.1651, loss 1.7612
Epoch 10, Batch 427/673, Lx 1.3677, Lu 0.1306, Penalty 0.0975, loss 1.5958
Epoch 10, Batch 428/673, Lx 1.5909, Lu 0.1619, Penalty 0.0492, loss 1.8020
Epoch 10, Batch 429/673, Lx 1.5517, Lu 0.1395, Penalty 0.0828, loss 1.7740
Epoch 10, Batch 430/673, Lx 1.6056, Lu 0.2319, Penalty 0.0608, loss 1.8982
Epoch 10, Batch 431/673, Lx 1.5221, Lu 0.1856, Penalty 0.1053, loss 1.8130
Epoch 10, Batch 432/673, Lx 1.2392, Lu 0.1438, Penalty 0.0419, loss 1.4249
Epoch 10, Batch 433/673, Lx 1.6204, Lu 0.1493, Penalty 0.0795, loss 1.8493
Epoch 10, Batch 434/673, Lx 1.2964, Lu 0.1414, Penalty 0.0847, loss 1.5225
Epoch 10, Batch 435/673, Lx 1.5695, Lu 0.1375, Penalty 0.0616, loss 1.7687
Epoch 10, Batch 436/673, Lx 1.3004, Lu 0.1457, Penalty 0.1169, loss 1.5630
Epoch 10, Batch 437/673, Lx 1.6758, Lu 0.1606, Penalty 0.1185, loss 1.9549
Epoch 10, Batch 438/673, Lx 1.2998, Lu 0.1353, Penalty 0.0888, loss 1.5239
Epoch 10, Batch 439/673, Lx 1.4047, Lu 0.1316, Penalty 0.0856, loss 1.6219
Epoch 10, Batch 440/673, Lx 1.3282, Lu 0.1127, Penalty 0.1057, loss 1.5467
Epoch 10, Batch 441/673, Lx 1.3580, Lu 0.1325, Penalty 0.1028, loss 1.5934
Epoch 10, Batch 442/673, Lx 1.4423, Lu 0.1300, Penalty 0.1716, loss 1.7439
Epoch 10, Batch 443/673, Lx 1.4088, Lu 0.1241, Penalty 0.1326, loss 1.6654
Epoch 10, Batch 444/673, Lx 1.4863, Lu 0.1542, Penalty 0.1774, loss 1.8179
Epoch 10, Batch 445/673, Lx 1.4620, Lu 0.1443, Penalty 0.1326, loss 1.7390
Epoch 10, Batch 446/673, Lx 1.5314, Lu 0.1200, Penalty 0.0871, loss 1.7385
Epoch 10, Batch 447/673, Lx 1.2781, Lu 0.1045, Penalty 0.1300, loss 1.5126
Epoch 10, Batch 448/673, Lx 1.2699, Lu 0.1216, Penalty 0.1177, loss 1.5092
Epoch 10, Batch 449/673, Lx 1.3209, Lu 0.1470, Penalty 0.0827, loss 1.5506
Epoch 10, Batch 450/673, Lx 1.4148, Lu 0.1367, Penalty 0.1773, loss 1.7288
Epoch 10, Batch 451/673, Lx 1.4141, Lu 0.1538, Penalty 0.1082, loss 1.6761
Epoch 10, Batch 452/673, Lx 1.4337, Lu 0.1369, Penalty 0.0938, loss 1.6644
Epoch 10, Batch 453/673, Lx 1.4657, Lu 0.1599, Penalty 0.0735, loss 1.6991
Epoch 10, Batch 454/673, Lx 1.4953, Lu 0.1679, Penalty 0.1380, loss 1.8011
Epoch 10, Batch 455/673, Lx 1.0495, Lu 0.1182, Penalty 0.1387, loss 1.3064
Epoch 10, Batch 456/673, Lx 1.4292, Lu 0.1626, Penalty 0.0745, loss 1.6663
Epoch 10, Batch 457/673, Lx 1.4484, Lu 0.1039, Penalty 0.0880, loss 1.6403
Epoch 10, Batch 458/673, Lx 1.3831, Lu 0.1446, Penalty 0.0916, loss 1.6194
Epoch 10, Batch 459/673, Lx 1.6428, Lu 0.1596, Penalty 0.0954, loss 1.8978
Epoch 10, Batch 460/673, Lx 1.5123, Lu 0.1460, Penalty 0.0754, loss 1.7337
Epoch 10, Batch 461/673, Lx 1.4985, Lu 0.1188, Penalty 0.0864, loss 1.7037
Epoch 10, Batch 462/673, Lx 1.4894, Lu 0.1738, Penalty 0.2032, loss 1.8664
Epoch 10, Batch 463/673, Lx 1.4823, Lu 0.1238, Penalty 0.0683, loss 1.6744
Epoch 10, Batch 464/673, Lx 1.4089, Lu 0.1419, Penalty 0.1139, loss 1.6647
Epoch 10, Batch 465/673, Lx 1.3827, Lu 0.1245, Penalty 0.1074, loss 1.6145
Epoch 10, Batch 466/673, Lx 1.5484, Lu 0.1934, Penalty 0.0676, loss 1.8094
Epoch 10, Batch 467/673, Lx 1.4451, Lu 0.1293, Penalty 0.0636, loss 1.6380
Epoch 10, Batch 468/673, Lx 1.5039, Lu 0.1274, Penalty 0.0771, loss 1.7084
Epoch 10, Batch 469/673, Lx 1.4863, Lu 0.1556, Penalty 0.0623, loss 1.7042
Epoch 10, Batch 470/673, Lx 1.3123, Lu 0.1036, Penalty 0.0996, loss 1.5155
Epoch 10, Batch 471/673, Lx 1.5646, Lu 0.1475, Penalty 0.0977, loss 1.8098
Epoch 10, Batch 472/673, Lx 1.5055, Lu 0.1633, Penalty 0.1034, loss 1.7722
Epoch 10, Batch 473/673, Lx 1.3565, Lu 0.1080, Penalty 0.1222, loss 1.5867
Epoch 10, Batch 474/673, Lx 1.5860, Lu 0.1658, Penalty 0.0799, loss 1.8318
Epoch 10, Batch 475/673, Lx 1.4801, Lu 0.1395, Penalty 0.0747, loss 1.6942
Epoch 10, Batch 476/673, Lx 1.4955, Lu 0.1562, Penalty 0.1105, loss 1.7622
Epoch 10, Batch 477/673, Lx 1.5075, Lu 0.1722, Penalty 0.1253, loss 1.8050
Epoch 10, Batch 478/673, Lx 1.4548, Lu 0.1288, Penalty 0.0932, loss 1.6768
Epoch 10, Batch 479/673, Lx 1.3364, Lu 0.1593, Penalty 0.1246, loss 1.6203
Epoch 10, Batch 480/673, Lx 1.4661, Lu 0.1370, Penalty 0.1951, loss 1.7982
Epoch 10, Batch 481/673, Lx 1.3997, Lu 0.1579, Penalty 0.1595, loss 1.7170
Epoch 10, Batch 482/673, Lx 1.4566, Lu 0.1824, Penalty 0.0995, loss 1.7385
Epoch 10, Batch 483/673, Lx 1.7516, Lu 0.2204, Penalty 0.1104, loss 2.0824
Epoch 10, Batch 484/673, Lx 1.4045, Lu 0.1409, Penalty 0.1323, loss 1.6777
Epoch 10, Batch 485/673, Lx 1.5697, Lu 0.1866, Penalty 0.0673, loss 1.8236
Epoch 10, Batch 486/673, Lx 1.3012, Lu 0.1321, Penalty 0.0884, loss 1.5216
Epoch 10, Batch 487/673, Lx 1.4942, Lu 0.1753, Penalty 0.0530, loss 1.7224
Epoch 10, Batch 488/673, Lx 1.4937, Lu 0.1593, Penalty 0.0933, loss 1.7464
Epoch 10, Batch 489/673, Lx 1.4652, Lu 0.1403, Penalty 0.1197, loss 1.7252
Epoch 10, Batch 490/673, Lx 1.6737, Lu 0.1775, Penalty 0.0991, loss 1.9503
Epoch 10, Batch 491/673, Lx 1.3958, Lu 0.1749, Penalty 0.1054, loss 1.6760
Epoch 10, Batch 492/673, Lx 1.2784, Lu 0.1293, Penalty 0.0757, loss 1.4835
Epoch 10, Batch 493/673, Lx 1.5703, Lu 0.1280, Penalty 0.1230, loss 1.8213
Epoch 10, Batch 494/673, Lx 1.1858, Lu 0.1128, Penalty 0.0936, loss 1.3921
Epoch 10, Batch 495/673, Lx 1.3635, Lu 0.1388, Penalty 0.0744, loss 1.5767
Epoch 10, Batch 496/673, Lx 1.5029, Lu 0.1832, Penalty 0.1247, loss 1.8108
Epoch 10, Batch 497/673, Lx 1.5598, Lu 0.1476, Penalty 0.0831, loss 1.7905
Epoch 10, Batch 498/673, Lx 1.4806, Lu 0.1636, Penalty 0.1202, loss 1.7644
Epoch 10, Batch 499/673, Lx 1.5190, Lu 0.1333, Penalty 0.0827, loss 1.7350
Epoch 10, Batch 500/673, Lx 1.6653, Lu 0.1487, Penalty 0.0668, loss 1.8808
Epoch 10, Batch 501/673, Lx 1.4102, Lu 0.1143, Penalty 0.1006, loss 1.6251
Epoch 10, Batch 502/673, Lx 1.6164, Lu 0.2228, Penalty 0.1177, loss 1.9569
Epoch 10, Batch 503/673, Lx 1.4640, Lu 0.1129, Penalty 0.1579, loss 1.7348
Epoch 10, Batch 504/673, Lx 1.3699, Lu 0.1224, Penalty 0.1413, loss 1.6336
Epoch 10, Batch 505/673, Lx 1.0016, Lu 0.1289, Penalty 0.0991, loss 1.2297
Epoch 10, Batch 506/673, Lx 1.4967, Lu 0.1202, Penalty 0.1113, loss 1.7282
Epoch 10, Batch 507/673, Lx 1.3170, Lu 0.1510, Penalty 0.0783, loss 1.5463
Epoch 10, Batch 508/673, Lx 1.3000, Lu 0.1401, Penalty 0.1053, loss 1.5455
Epoch 10, Batch 509/673, Lx 1.5048, Lu 0.1953, Penalty 0.0563, loss 1.7564
Epoch 10, Batch 510/673, Lx 1.3601, Lu 0.1258, Penalty 0.0648, loss 1.5507
Epoch 10, Batch 511/673, Lx 1.4372, Lu 0.1281, Penalty 0.1801, loss 1.7453
Epoch 10, Batch 512/673, Lx 1.2203, Lu 0.1276, Penalty 0.1110, loss 1.4589
Epoch 10, Batch 513/673, Lx 1.5516, Lu 0.1561, Penalty 0.1086, loss 1.8163
Epoch 10, Batch 514/673, Lx 1.5463, Lu 0.1510, Penalty 0.0795, loss 1.7768
Epoch 10, Batch 515/673, Lx 1.2954, Lu 0.1137, Penalty 0.1286, loss 1.5376
Epoch 10, Batch 516/673, Lx 1.6983, Lu 0.1537, Penalty 0.1079, loss 1.9599
Epoch 10, Batch 517/673, Lx 1.3763, Lu 0.1330, Penalty 0.0799, loss 1.5891
Epoch 10, Batch 518/673, Lx 1.5064, Lu 0.1746, Penalty 0.0786, loss 1.7596
Epoch 10, Batch 519/673, Lx 1.5447, Lu 0.1990, Penalty 0.0820, loss 1.8257
Epoch 10, Batch 520/673, Lx 1.4237, Lu 0.1399, Penalty 0.0861, loss 1.6496
Epoch 10, Batch 521/673, Lx 1.6081, Lu 0.1387, Penalty 0.0811, loss 1.8279
Epoch 10, Batch 522/673, Lx 1.5858, Lu 0.1727, Penalty 0.0542, loss 1.8127
Epoch 10, Batch 523/673, Lx 1.5179, Lu 0.1697, Penalty 0.1064, loss 1.7941
Epoch 10, Batch 524/673, Lx 1.3680, Lu 0.1212, Penalty 0.0764, loss 1.5656
Epoch 10, Batch 525/673, Lx 1.3384, Lu 0.1504, Penalty 0.1865, loss 1.6753
Epoch 10, Batch 526/673, Lx 1.4236, Lu 0.1192, Penalty 0.0887, loss 1.6315
Epoch 10, Batch 527/673, Lx 1.4221, Lu 0.1382, Penalty 0.0857, loss 1.6461
Epoch 10, Batch 528/673, Lx 1.2617, Lu 0.1106, Penalty 0.1184, loss 1.4907
Epoch 10, Batch 529/673, Lx 1.4197, Lu 0.1348, Penalty 0.0910, loss 1.6455
Epoch 10, Batch 530/673, Lx 1.3860, Lu 0.1228, Penalty 0.1804, loss 1.6892
Epoch 10, Batch 531/673, Lx 1.5346, Lu 0.1676, Penalty 0.0558, loss 1.7580
Epoch 10, Batch 532/673, Lx 1.6031, Lu 0.2002, Penalty 0.0606, loss 1.8639
Epoch 10, Batch 533/673, Lx 1.3725, Lu 0.1139, Penalty 0.1022, loss 1.5886
Epoch 10, Batch 534/673, Lx 1.5367, Lu 0.1161, Penalty 0.1080, loss 1.7608
Epoch 10, Batch 535/673, Lx 1.4201, Lu 0.1310, Penalty 0.1063, loss 1.6573
Epoch 10, Batch 536/673, Lx 1.5208, Lu 0.1400, Penalty 0.1328, loss 1.7936
Epoch 10, Batch 537/673, Lx 1.5567, Lu 0.1707, Penalty 0.1200, loss 1.8474
Epoch 10, Batch 538/673, Lx 1.2069, Lu 0.1019, Penalty 0.1189, loss 1.4277
Epoch 10, Batch 539/673, Lx 1.4982, Lu 0.2194, Penalty 0.1106, loss 1.8282
Epoch 10, Batch 540/673, Lx 1.3411, Lu 0.0886, Penalty 0.2210, loss 1.6507
Epoch 10, Batch 541/673, Lx 1.4081, Lu 0.1304, Penalty 0.1122, loss 1.6507
Epoch 10, Batch 542/673, Lx 1.4425, Lu 0.1530, Penalty 0.1691, loss 1.7646
Epoch 10, Batch 543/673, Lx 1.5553, Lu 0.1441, Penalty 0.0900, loss 1.7894
Epoch 10, Batch 544/673, Lx 1.5812, Lu 0.1310, Penalty 0.0852, loss 1.7974
Epoch 10, Batch 545/673, Lx 1.4803, Lu 0.1639, Penalty 0.0684, loss 1.7127
Epoch 10, Batch 546/673, Lx 1.2986, Lu 0.1857, Penalty 0.0730, loss 1.5573
Epoch 10, Batch 547/673, Lx 1.4284, Lu 0.1399, Penalty 0.0927, loss 1.6610
Epoch 10, Batch 548/673, Lx 1.5073, Lu 0.1532, Penalty 0.0762, loss 1.7367
Epoch 10, Batch 549/673, Lx 1.4919, Lu 0.1455, Penalty 0.1014, loss 1.7387
Epoch 10, Batch 550/673, Lx 1.5071, Lu 0.1340, Penalty 0.1221, loss 1.7632
Epoch 10, Batch 551/673, Lx 1.5363, Lu 0.1720, Penalty 0.0694, loss 1.7777
Epoch 10, Batch 552/673, Lx 1.3544, Lu 0.1204, Penalty 0.0851, loss 1.5599
Epoch 10, Batch 553/673, Lx 1.4361, Lu 0.1439, Penalty 0.1378, loss 1.7178
Epoch 10, Batch 554/673, Lx 1.4511, Lu 0.1783, Penalty 0.1305, loss 1.7599
Epoch 10, Batch 555/673, Lx 1.4255, Lu 0.1357, Penalty 0.1463, loss 1.7075
Epoch 10, Batch 556/673, Lx 1.4430, Lu 0.1827, Penalty 0.0946, loss 1.7203
Epoch 10, Batch 557/673, Lx 1.4531, Lu 0.1484, Penalty 0.1144, loss 1.7159
Epoch 10, Batch 558/673, Lx 1.3707, Lu 0.1391, Penalty 0.1757, loss 1.6854
Epoch 10, Batch 559/673, Lx 1.3537, Lu 0.1161, Penalty 0.1629, loss 1.6327
Epoch 10, Batch 560/673, Lx 1.5658, Lu 0.1934, Penalty 0.0762, loss 1.8354
Epoch 10, Batch 561/673, Lx 1.5020, Lu 0.0985, Penalty 0.1116, loss 1.7121
Epoch 10, Batch 562/673, Lx 1.4911, Lu 0.1583, Penalty 0.0707, loss 1.7201
Epoch 10, Batch 563/673, Lx 1.4745, Lu 0.1566, Penalty 0.0906, loss 1.7216
Epoch 10, Batch 564/673, Lx 1.4688, Lu 0.1647, Penalty 0.0901, loss 1.7235
Epoch 10, Batch 565/673, Lx 1.4919, Lu 0.1633, Penalty 0.0749, loss 1.7301
Epoch 10, Batch 566/673, Lx 1.3761, Lu 0.1777, Penalty 0.0688, loss 1.6226
Epoch 10, Batch 567/673, Lx 1.1822, Lu 0.1619, Penalty 0.1041, loss 1.4482
Epoch 10, Batch 568/673, Lx 1.4347, Lu 0.1766, Penalty 0.0971, loss 1.7084
Epoch 10, Batch 569/673, Lx 1.6537, Lu 0.1726, Penalty 0.0887, loss 1.9150
Epoch 10, Batch 570/673, Lx 1.5325, Lu 0.1244, Penalty 0.1041, loss 1.7609
Epoch 10, Batch 571/673, Lx 1.3084, Lu 0.1214, Penalty 0.1034, loss 1.5331
Epoch 10, Batch 572/673, Lx 1.3983, Lu 0.1463, Penalty 0.0983, loss 1.6429
Epoch 10, Batch 573/673, Lx 1.5026, Lu 0.1619, Penalty 0.1256, loss 1.7902
Epoch 10, Batch 574/673, Lx 1.1137, Lu 0.0926, Penalty 0.1286, loss 1.3349
Epoch 10, Batch 575/673, Lx 1.2897, Lu 0.0995, Penalty 0.1648, loss 1.5540
Epoch 10, Batch 576/673, Lx 1.5601, Lu 0.1294, Penalty 0.0947, loss 1.7842
Epoch 10, Batch 577/673, Lx 1.3635, Lu 0.1365, Penalty 0.0790, loss 1.5790
Epoch 10, Batch 578/673, Lx 1.5412, Lu 0.1312, Penalty 0.1625, loss 1.8350
Epoch 10, Batch 579/673, Lx 1.5295, Lu 0.1269, Penalty 0.1024, loss 1.7588
Epoch 10, Batch 580/673, Lx 1.4592, Lu 0.1245, Penalty 0.1084, loss 1.6920
Epoch 10, Batch 581/673, Lx 1.4858, Lu 0.2166, Penalty 0.1707, loss 1.8731
Epoch 10, Batch 582/673, Lx 1.3844, Lu 0.1689, Penalty 0.2142, loss 1.7675
Epoch 10, Batch 583/673, Lx 1.3157, Lu 0.1285, Penalty 0.1325, loss 1.5768
Epoch 10, Batch 584/673, Lx 1.5464, Lu 0.1381, Penalty 0.0834, loss 1.7679
Epoch 10, Batch 585/673, Lx 1.4473, Lu 0.1298, Penalty 0.1196, loss 1.6967
Epoch 10, Batch 586/673, Lx 1.4912, Lu 0.1177, Penalty 0.1013, loss 1.7103
Epoch 10, Batch 587/673, Lx 1.5257, Lu 0.1851, Penalty 0.0833, loss 1.7941
Epoch 10, Batch 588/673, Lx 1.4714, Lu 0.1332, Penalty 0.1173, loss 1.7219
Epoch 10, Batch 589/673, Lx 1.4389, Lu 0.1356, Penalty 0.1167, loss 1.6913
Epoch 10, Batch 590/673, Lx 1.5294, Lu 0.1442, Penalty 0.1095, loss 1.7831
Epoch 10, Batch 591/673, Lx 1.4100, Lu 0.1720, Penalty 0.0581, loss 1.6401
Epoch 10, Batch 592/673, Lx 1.4073, Lu 0.1150, Penalty 0.0665, loss 1.5887
Epoch 10, Batch 593/673, Lx 1.3825, Lu 0.1166, Penalty 0.0614, loss 1.5604
Epoch 10, Batch 594/673, Lx 1.3743, Lu 0.1326, Penalty 0.1487, loss 1.6556
Epoch 10, Batch 595/673, Lx 1.3854, Lu 0.1397, Penalty 0.0823, loss 1.6074
Epoch 10, Batch 596/673, Lx 1.5998, Lu 0.1128, Penalty 0.0854, loss 1.7980
Epoch 10, Batch 597/673, Lx 1.4922, Lu 0.1184, Penalty 0.0448, loss 1.6554
Epoch 10, Batch 598/673, Lx 1.0853, Lu 0.1538, Penalty 0.1025, loss 1.3417
Epoch 10, Batch 599/673, Lx 1.6085, Lu 0.2001, Penalty 0.0815, loss 1.8901
Epoch 10, Batch 600/673, Lx 1.5504, Lu 0.1482, Penalty 0.1145, loss 1.8131
Epoch 10, Batch 601/673, Lx 1.6154, Lu 0.1417, Penalty 0.0769, loss 1.8339
Epoch 10, Batch 602/673, Lx 1.5575, Lu 0.1635, Penalty 0.0950, loss 1.8160
Epoch 10, Batch 603/673, Lx 1.4307, Lu 0.0943, Penalty 0.0941, loss 1.6192
Epoch 10, Batch 604/673, Lx 1.3592, Lu 0.1000, Penalty 0.1340, loss 1.5932
Epoch 10, Batch 605/673, Lx 1.5756, Lu 0.2330, Penalty 0.2245, loss 2.0331
Epoch 10, Batch 606/673, Lx 1.3312, Lu 0.0926, Penalty 0.1496, loss 1.5735
Epoch 10, Batch 607/673, Lx 1.5105, Lu 0.1483, Penalty 0.0953, loss 1.7540
Epoch 10, Batch 608/673, Lx 1.4468, Lu 0.1680, Penalty 0.1196, loss 1.7344
Epoch 10, Batch 609/673, Lx 1.5144, Lu 0.1631, Penalty 0.0640, loss 1.7414
Epoch 10, Batch 610/673, Lx 1.6641, Lu 0.1505, Penalty 0.0542, loss 1.8688
Epoch 10, Batch 611/673, Lx 1.3492, Lu 0.1191, Penalty 0.1142, loss 1.5826
Epoch 10, Batch 612/673, Lx 1.3544, Lu 0.1408, Penalty 0.1256, loss 1.6207
Epoch 10, Batch 613/673, Lx 1.3646, Lu 0.1280, Penalty 0.0801, loss 1.5726
Epoch 10, Batch 614/673, Lx 1.3607, Lu 0.1487, Penalty 0.0592, loss 1.5686
Epoch 10, Batch 615/673, Lx 1.5032, Lu 0.1141, Penalty 0.0907, loss 1.7081
Epoch 10, Batch 616/673, Lx 1.5297, Lu 0.1218, Penalty 0.1601, loss 1.8117
Epoch 10, Batch 617/673, Lx 1.4483, Lu 0.1191, Penalty 0.1214, loss 1.6887
Epoch 10, Batch 618/673, Lx 1.6896, Lu 0.2527, Penalty 0.0888, loss 2.0311
Epoch 10, Batch 619/673, Lx 1.6600, Lu 0.2103, Penalty 0.0710, loss 1.9413
Epoch 10, Batch 620/673, Lx 1.1954, Lu 0.1038, Penalty 0.1392, loss 1.4384
Epoch 10, Batch 621/673, Lx 1.3591, Lu 0.0971, Penalty 0.1071, loss 1.5633
Epoch 10, Batch 622/673, Lx 1.6277, Lu 0.1329, Penalty 0.1495, loss 1.9102
Epoch 10, Batch 623/673, Lx 1.5735, Lu 0.1703, Penalty 0.0922, loss 1.8361
Epoch 10, Batch 624/673, Lx 1.4278, Lu 0.1710, Penalty 0.0893, loss 1.6880
Epoch 10, Batch 625/673, Lx 1.6244, Lu 0.1716, Penalty 0.0754, loss 1.8714
Epoch 10, Batch 626/673, Lx 1.4536, Lu 0.1529, Penalty 0.1097, loss 1.7162
Epoch 10, Batch 627/673, Lx 1.4798, Lu 0.1832, Penalty 0.1437, loss 1.8067
Epoch 10, Batch 628/673, Lx 1.4692, Lu 0.1586, Penalty 0.0683, loss 1.6960
Epoch 10, Batch 629/673, Lx 1.6548, Lu 0.0938, Penalty 0.0975, loss 1.8462
Epoch 10, Batch 630/673, Lx 1.5124, Lu 0.1565, Penalty 0.0871, loss 1.7560
Epoch 10, Batch 631/673, Lx 1.5457, Lu 0.1403, Penalty 0.1421, loss 1.8281
Epoch 10, Batch 632/673, Lx 1.4360, Lu 0.1447, Penalty 0.1016, loss 1.6824
Epoch 10, Batch 633/673, Lx 1.4744, Lu 0.1298, Penalty 0.0991, loss 1.7033
Epoch 10, Batch 634/673, Lx 1.5010, Lu 0.1715, Penalty 0.1138, loss 1.7863
Epoch 10, Batch 635/673, Lx 1.5371, Lu 0.1689, Penalty 0.1083, loss 1.8143
Epoch 10, Batch 636/673, Lx 1.3837, Lu 0.1178, Penalty 0.1316, loss 1.6331
Epoch 10, Batch 637/673, Lx 1.1356, Lu 0.1103, Penalty 0.1494, loss 1.3953
Epoch 10, Batch 638/673, Lx 1.7274, Lu 0.1948, Penalty 0.1162, loss 2.0384
Epoch 10, Batch 639/673, Lx 1.4892, Lu 0.1980, Penalty 0.0932, loss 1.7804
Epoch 10, Batch 640/673, Lx 1.4641, Lu 0.1673, Penalty 0.1098, loss 1.7413
Epoch 10, Batch 641/673, Lx 1.2921, Lu 0.1158, Penalty 0.0999, loss 1.5078
Epoch 10, Batch 642/673, Lx 1.4565, Lu 0.1074, Penalty 0.0858, loss 1.6497
Epoch 10, Batch 643/673, Lx 1.5302, Lu 0.1541, Penalty 0.1283, loss 1.8126
Epoch 10, Batch 644/673, Lx 1.4746, Lu 0.1485, Penalty 0.1144, loss 1.7375
Epoch 10, Batch 645/673, Lx 1.5472, Lu 0.1566, Penalty 0.0637, loss 1.7674
Epoch 10, Batch 646/673, Lx 1.3720, Lu 0.1416, Penalty 0.0890, loss 1.6027
Epoch 10, Batch 647/673, Lx 1.5258, Lu 0.1406, Penalty 0.1255, loss 1.7919
Epoch 10, Batch 648/673, Lx 1.4965, Lu 0.1359, Penalty 0.1200, loss 1.7524
Epoch 10, Batch 649/673, Lx 1.4756, Lu 0.1517, Penalty 0.1027, loss 1.7300
Epoch 10, Batch 650/673, Lx 1.3658, Lu 0.1210, Penalty 0.0970, loss 1.5838
Epoch 10, Batch 651/673, Lx 1.3918, Lu 0.1121, Penalty 0.1327, loss 1.6366
Epoch 10, Batch 652/673, Lx 1.3165, Lu 0.1183, Penalty 0.0911, loss 1.5259
Epoch 10, Batch 653/673, Lx 1.2523, Lu 0.1184, Penalty 0.1261, loss 1.4968
Epoch 10, Batch 654/673, Lx 1.4337, Lu 0.1126, Penalty 0.0672, loss 1.6135
Epoch 10, Batch 655/673, Lx 1.6452, Lu 0.1640, Penalty 0.0770, loss 1.8862
Epoch 10, Batch 656/673, Lx 1.5139, Lu 0.1390, Penalty 0.0585, loss 1.7114
Epoch 10, Batch 657/673, Lx 1.4008, Lu 0.1194, Penalty 0.1091, loss 1.6293
Epoch 10, Batch 658/673, Lx 1.3411, Lu 0.1565, Penalty 0.1355, loss 1.6331
Epoch 10, Batch 659/673, Lx 1.3437, Lu 0.1359, Penalty 0.0925, loss 1.5722
Epoch 10, Batch 660/673, Lx 1.1743, Lu 0.1051, Penalty 0.1386, loss 1.4180
Epoch 10, Batch 661/673, Lx 1.4909, Lu 0.1537, Penalty 0.1044, loss 1.7491
Epoch 10, Batch 662/673, Lx 1.1085, Lu 0.1518, Penalty 0.0806, loss 1.3409
Epoch 10, Batch 663/673, Lx 1.2037, Lu 0.1519, Penalty 0.1160, loss 1.4716
Epoch 10, Batch 664/673, Lx 1.4587, Lu 0.1110, Penalty 0.1232, loss 1.6929
Epoch 10, Batch 665/673, Lx 1.3933, Lu 0.1707, Penalty 0.1670, loss 1.7311
Epoch 10, Batch 666/673, Lx 1.4545, Lu 0.1277, Penalty 0.1119, loss 1.6942
Epoch 10, Batch 667/673, Lx 1.6345, Lu 0.1578, Penalty 0.0847, loss 1.8770
Epoch 10, Batch 668/673, Lx 1.4713, Lu 0.1262, Penalty 0.1676, loss 1.7651
Epoch 10, Batch 669/673, Lx 1.5750, Lu 0.2243, Penalty 0.0749, loss 1.8741
Epoch 10, Batch 670/673, Lx 1.5880, Lu 0.2310, Penalty 0.0803, loss 1.8993
Epoch 10, Batch 671/673, Lx 1.3642, Lu 0.1239, Penalty 0.1549, loss 1.6430
Epoch 10, Batch 672/673, Lx 1.4911, Lu 0.1916, Penalty 0.0951, loss 1.7779
Epoch 10, Batch 673/673, Lx 1.8127, Lu 0.1569, Penalty 0.1350, loss 2.1046
Loss: 1.6948, Lx: 1.4482, Lu: 0.1453, Penalty: 0.1013
Evaluating training data at epoch 10 for Model 1
GMM Means: [0.21005096 0.53120652]
GMM Covariances: [0.0124688  0.02372596]
Evaluating training data at epoch 10 for Model 2
GMM Means: [0.60808806 0.24699409]
GMM Covariances: [0.02195207 0.01451017]
Evaluating models at epoch 10
Test data size: 60000
Epoch: 10, Test Loss: 1.7431, Test Accuracy: 0.4450, Test F1 Score: 0.4064
Training for Network 1
labelled data size: 28971
unlabelled data size: 13029
Epoch 11, Batch 1/906, Lx 1.5352, Lu 0.2730, Penalty 0.0528, loss 1.8610
Epoch 11, Batch 2/906, Lx 1.8080, Lu 0.3107, Penalty 0.0359, loss 2.1545
Epoch 11, Batch 3/906, Lx 1.6015, Lu 0.1725, Penalty 0.0712, loss 1.8452
Epoch 11, Batch 4/906, Lx 1.6236, Lu 0.1988, Penalty 0.0476, loss 1.8700
Epoch 11, Batch 5/906, Lx 1.6573, Lu 0.1633, Penalty 0.1265, loss 1.9470
Epoch 11, Batch 6/906, Lx 1.6784, Lu 0.2207, Penalty 0.0713, loss 1.9704
Epoch 11, Batch 7/906, Lx 1.5315, Lu 0.1623, Penalty 0.1437, loss 1.8376
Epoch 11, Batch 8/906, Lx 1.6323, Lu 0.2278, Penalty 0.1098, loss 1.9699
Epoch 11, Batch 9/906, Lx 1.7128, Lu 0.2047, Penalty 0.0707, loss 1.9882
Epoch 11, Batch 10/906, Lx 1.5734, Lu 0.1886, Penalty 0.0820, loss 1.8440
Epoch 11, Batch 11/906, Lx 1.6255, Lu 0.1734, Penalty 0.0801, loss 1.8791
Epoch 11, Batch 12/906, Lx 1.6157, Lu 0.1703, Penalty 0.1382, loss 1.9242
Epoch 11, Batch 13/906, Lx 1.6656, Lu 0.1764, Penalty 0.1541, loss 1.9962
Epoch 11, Batch 14/906, Lx 1.7104, Lu 0.1509, Penalty 0.2370, loss 2.0984
Epoch 11, Batch 15/906, Lx 1.5817, Lu 0.1275, Penalty 0.1504, loss 1.8596
Epoch 11, Batch 16/906, Lx 1.6678, Lu 0.2033, Penalty 0.1253, loss 1.9964
Epoch 11, Batch 17/906, Lx 1.5577, Lu 0.1710, Penalty 0.1011, loss 1.8297
Epoch 11, Batch 18/906, Lx 1.7261, Lu 0.2071, Penalty 0.1392, loss 2.0724
Epoch 11, Batch 19/906, Lx 1.7927, Lu 0.1715, Penalty 0.1104, loss 2.0747
Epoch 11, Batch 20/906, Lx 1.6412, Lu 0.2475, Penalty 0.0987, loss 1.9873
Epoch 11, Batch 21/906, Lx 1.6644, Lu 0.2202, Penalty 0.1065, loss 1.9912
Epoch 11, Batch 22/906, Lx 1.7739, Lu 0.1514, Penalty 0.0860, loss 2.0113
Epoch 11, Batch 23/906, Lx 1.6605, Lu 0.2267, Penalty 0.0958, loss 1.9829
Epoch 11, Batch 24/906, Lx 1.6553, Lu 0.2052, Penalty 0.1029, loss 1.9633
Epoch 11, Batch 25/906, Lx 1.6058, Lu 0.1364, Penalty 0.0858, loss 1.8280
Epoch 11, Batch 26/906, Lx 1.7031, Lu 0.2064, Penalty 0.0904, loss 1.9999
Epoch 11, Batch 27/906, Lx 1.8510, Lu 0.2021, Penalty 0.1106, loss 2.1637
Epoch 11, Batch 28/906, Lx 1.6859, Lu 0.1605, Penalty 0.0824, loss 1.9287
Epoch 11, Batch 29/906, Lx 1.4949, Lu 0.1709, Penalty 0.1732, loss 1.8390
Epoch 11, Batch 30/906, Lx 1.8918, Lu 0.1700, Penalty 0.0915, loss 2.1533
Epoch 11, Batch 31/906, Lx 1.9272, Lu 0.1367, Penalty 0.0990, loss 2.1629
Epoch 11, Batch 32/906, Lx 1.5238, Lu 0.2239, Penalty 0.1127, loss 1.8604
Epoch 11, Batch 33/906, Lx 1.6847, Lu 0.1341, Penalty 0.1106, loss 1.9293
Epoch 11, Batch 34/906, Lx 1.6720, Lu 0.1426, Penalty 0.1347, loss 1.9493
Epoch 11, Batch 35/906, Lx 1.7015, Lu 0.1336, Penalty 0.0891, loss 1.9242
Epoch 11, Batch 36/906, Lx 1.7399, Lu 0.1442, Penalty 0.1550, loss 2.0391
Epoch 11, Batch 37/906, Lx 1.6202, Lu 0.1224, Penalty 0.0669, loss 1.8095
Epoch 11, Batch 38/906, Lx 1.8652, Lu 0.2956, Penalty 0.1258, loss 2.2866
Epoch 11, Batch 39/906, Lx 1.6689, Lu 0.1233, Penalty 0.0998, loss 1.8920
Epoch 11, Batch 40/906, Lx 1.4836, Lu 0.1565, Penalty 0.0449, loss 1.6850
Epoch 11, Batch 41/906, Lx 1.7446, Lu 0.2016, Penalty 0.0947, loss 2.0410
Epoch 11, Batch 42/906, Lx 1.8256, Lu 0.1242, Penalty 0.0580, loss 2.0079
Epoch 11, Batch 43/906, Lx 1.4537, Lu 0.1600, Penalty 0.1007, loss 1.7144
Epoch 11, Batch 44/906, Lx 1.8414, Lu 0.1793, Penalty 0.0393, loss 2.0600
Epoch 11, Batch 45/906, Lx 1.8614, Lu 0.2248, Penalty 0.0750, loss 2.1612
Epoch 11, Batch 46/906, Lx 1.6508, Lu 0.2545, Penalty 0.0807, loss 1.9860
Epoch 11, Batch 47/906, Lx 1.8623, Lu 0.2706, Penalty 0.0617, loss 2.1945
Epoch 11, Batch 48/906, Lx 1.7169, Lu 0.1908, Penalty 0.0467, loss 1.9545
Epoch 11, Batch 49/906, Lx 1.8568, Lu 0.2410, Penalty 0.0621, loss 2.1599
Epoch 11, Batch 50/906, Lx 1.5333, Lu 0.1192, Penalty 0.1118, loss 1.7643
Epoch 11, Batch 51/906, Lx 1.7381, Lu 0.1973, Penalty 0.1610, loss 2.0964
Epoch 11, Batch 52/906, Lx 1.6759, Lu 0.1557, Penalty 0.1824, loss 2.0141
Epoch 11, Batch 53/906, Lx 1.9067, Lu 0.2594, Penalty 0.0647, loss 2.2308
Epoch 11, Batch 54/906, Lx 1.6745, Lu 0.1580, Penalty 0.1314, loss 1.9639
Epoch 11, Batch 55/906, Lx 1.6865, Lu 0.1583, Penalty 0.1499, loss 1.9947
Epoch 11, Batch 56/906, Lx 1.6615, Lu 0.2055, Penalty 0.1149, loss 1.9820
Epoch 11, Batch 57/906, Lx 1.6610, Lu 0.1879, Penalty 0.0428, loss 1.8918
Epoch 11, Batch 58/906, Lx 1.4687, Lu 0.1363, Penalty 0.1168, loss 1.7218
Epoch 11, Batch 59/906, Lx 1.7927, Lu 0.2953, Penalty 0.0788, loss 2.1668
Epoch 11, Batch 60/906, Lx 1.5916, Lu 0.1382, Penalty 0.0385, loss 1.7683
Epoch 11, Batch 61/906, Lx 1.7260, Lu 0.1566, Penalty 0.0984, loss 1.9810
Epoch 11, Batch 62/906, Lx 1.6414, Lu 0.2299, Penalty 0.0552, loss 1.9266
Epoch 11, Batch 63/906, Lx 1.8165, Lu 0.1800, Penalty 0.0875, loss 2.0841
Epoch 11, Batch 64/906, Lx 1.7199, Lu 0.1832, Penalty 0.0807, loss 1.9838
Epoch 11, Batch 65/906, Lx 1.8505, Lu 0.2980, Penalty 0.0641, loss 2.2126
Epoch 11, Batch 66/906, Lx 1.8043, Lu 0.2331, Penalty 0.0993, loss 2.1367
Epoch 11, Batch 67/906, Lx 1.5861, Lu 0.2240, Penalty 0.1256, loss 1.9357
Epoch 11, Batch 68/906, Lx 1.6374, Lu 0.1885, Penalty 0.0970, loss 1.9228
Epoch 11, Batch 69/906, Lx 1.7073, Lu 0.1871, Penalty 0.0557, loss 1.9501
Epoch 11, Batch 70/906, Lx 1.9190, Lu 0.2813, Penalty 0.0352, loss 2.2355
Epoch 11, Batch 71/906, Lx 1.7924, Lu 0.1985, Penalty 0.0667, loss 2.0577
Epoch 11, Batch 72/906, Lx 1.5238, Lu 0.1392, Penalty 0.0885, loss 1.7515
Epoch 11, Batch 73/906, Lx 1.7222, Lu 0.1463, Penalty 0.0983, loss 1.9668
Epoch 11, Batch 74/906, Lx 1.4833, Lu 0.1221, Penalty 0.0889, loss 1.6944
Epoch 11, Batch 75/906, Lx 1.7504, Lu 0.1039, Penalty 0.1027, loss 1.9570
Epoch 11, Batch 76/906, Lx 1.8861, Lu 0.2663, Penalty 0.0627, loss 2.2151
Epoch 11, Batch 77/906, Lx 1.6539, Lu 0.1887, Penalty 0.0604, loss 1.9030
Epoch 11, Batch 78/906, Lx 1.6556, Lu 0.1874, Penalty 0.1036, loss 1.9466
Epoch 11, Batch 79/906, Lx 1.6783, Lu 0.1568, Penalty 0.1438, loss 1.9790
Epoch 11, Batch 80/906, Lx 1.5951, Lu 0.1611, Penalty 0.1106, loss 1.8667
Epoch 11, Batch 81/906, Lx 1.6723, Lu 0.1735, Penalty 0.2120, loss 2.0578
Epoch 11, Batch 82/906, Lx 1.6836, Lu 0.2214, Penalty 0.1666, loss 2.0716
Epoch 11, Batch 83/906, Lx 1.4544, Lu 0.1306, Penalty 0.1084, loss 1.6934
Epoch 11, Batch 84/906, Lx 1.8005, Lu 0.2033, Penalty 0.1397, loss 2.1435
Epoch 11, Batch 85/906, Lx 1.6785, Lu 0.1768, Penalty 0.1371, loss 1.9923
Epoch 11, Batch 86/906, Lx 1.5781, Lu 0.1365, Penalty 0.0564, loss 1.7709
Epoch 11, Batch 87/906, Lx 1.7182, Lu 0.2331, Penalty 0.0713, loss 2.0225
Epoch 11, Batch 88/906, Lx 1.7623, Lu 0.2645, Penalty 0.0846, loss 2.1114
Epoch 11, Batch 89/906, Lx 1.6794, Lu 0.2036, Penalty 0.0448, loss 1.9278
Epoch 11, Batch 90/906, Lx 1.6689, Lu 0.1954, Penalty 0.0652, loss 1.9295
Epoch 11, Batch 91/906, Lx 1.5392, Lu 0.1625, Penalty 0.0353, loss 1.7370
Epoch 11, Batch 92/906, Lx 1.5713, Lu 0.1845, Penalty 0.0677, loss 1.8234
Epoch 11, Batch 93/906, Lx 1.5393, Lu 0.1686, Penalty 0.0450, loss 1.7529
Epoch 11, Batch 94/906, Lx 1.5523, Lu 0.2012, Penalty 0.0737, loss 1.8272
Epoch 11, Batch 95/906, Lx 1.7434, Lu 0.2048, Penalty 0.0966, loss 2.0449
Epoch 11, Batch 96/906, Lx 1.7079, Lu 0.2726, Penalty 0.0785, loss 2.0591
Epoch 11, Batch 97/906, Lx 1.6610, Lu 0.1637, Penalty 0.0953, loss 1.9201
Epoch 11, Batch 98/906, Lx 1.6326, Lu 0.2133, Penalty 0.0796, loss 1.9254
Epoch 11, Batch 99/906, Lx 2.0103, Lu 0.2558, Penalty 0.1213, loss 2.3874
Epoch 11, Batch 100/906, Lx 1.6039, Lu 0.1574, Penalty 0.0991, loss 1.8604
Epoch 11, Batch 101/906, Lx 1.7263, Lu 0.1605, Penalty 0.1630, loss 2.0499
Epoch 11, Batch 102/906, Lx 1.8198, Lu 0.2011, Penalty 0.1397, loss 2.1606
Epoch 11, Batch 103/906, Lx 1.6934, Lu 0.2113, Penalty 0.1189, loss 2.0236
Epoch 11, Batch 104/906, Lx 1.6380, Lu 0.1731, Penalty 0.1817, loss 1.9929
Epoch 11, Batch 105/906, Lx 1.6564, Lu 0.1997, Penalty 0.1562, loss 2.0123
Epoch 11, Batch 106/906, Lx 1.7912, Lu 0.2258, Penalty 0.1030, loss 2.1200
Epoch 11, Batch 107/906, Lx 1.5427, Lu 0.1602, Penalty 0.1110, loss 1.8139
Epoch 11, Batch 108/906, Lx 1.6265, Lu 0.1656, Penalty 0.1246, loss 1.9167
Epoch 11, Batch 109/906, Lx 1.7630, Lu 0.2555, Penalty 0.0506, loss 2.0691
Epoch 11, Batch 110/906, Lx 1.6088, Lu 0.1986, Penalty 0.0578, loss 1.8653
Epoch 11, Batch 111/906, Lx 1.8239, Lu 0.1923, Penalty 0.0684, loss 2.0845
Epoch 11, Batch 112/906, Lx 1.6869, Lu 0.2987, Penalty 0.0801, loss 2.0657
Epoch 11, Batch 113/906, Lx 1.6775, Lu 0.1968, Penalty 0.0585, loss 1.9328
Epoch 11, Batch 114/906, Lx 1.7782, Lu 0.1899, Penalty 0.0761, loss 2.0443
Epoch 11, Batch 115/906, Lx 1.5294, Lu 0.1416, Penalty 0.0664, loss 1.7374
Epoch 11, Batch 116/906, Lx 1.9153, Lu 0.2829, Penalty 0.1396, loss 2.3378
Epoch 11, Batch 117/906, Lx 1.6182, Lu 0.2256, Penalty 0.0739, loss 1.9177
Epoch 11, Batch 118/906, Lx 1.7722, Lu 0.2268, Penalty 0.1192, loss 2.1182
Epoch 11, Batch 119/906, Lx 1.7900, Lu 0.1631, Penalty 0.1219, loss 2.0750
Epoch 11, Batch 120/906, Lx 1.8757, Lu 0.1987, Penalty 0.0898, loss 2.1642
Epoch 11, Batch 121/906, Lx 1.6312, Lu 0.1991, Penalty 0.0979, loss 1.9282
Epoch 11, Batch 122/906, Lx 1.8308, Lu 0.2125, Penalty 0.0825, loss 2.1258
Epoch 11, Batch 123/906, Lx 1.6757, Lu 0.1499, Penalty 0.1167, loss 1.9424
Epoch 11, Batch 124/906, Lx 1.5704, Lu 0.1371, Penalty 0.1003, loss 1.8078
Epoch 11, Batch 125/906, Lx 1.6867, Lu 0.2297, Penalty 0.1717, loss 2.0881
Epoch 11, Batch 126/906, Lx 1.8025, Lu 0.1363, Penalty 0.1081, loss 2.0469
Epoch 11, Batch 127/906, Lx 1.6932, Lu 0.2111, Penalty 0.1116, loss 2.0159
Epoch 11, Batch 128/906, Lx 1.6853, Lu 0.2069, Penalty 0.0827, loss 1.9749
Epoch 11, Batch 129/906, Lx 1.7008, Lu 0.1895, Penalty 0.1148, loss 2.0052
Epoch 11, Batch 130/906, Lx 1.7396, Lu 0.2024, Penalty 0.0287, loss 1.9706
Epoch 11, Batch 131/906, Lx 1.7481, Lu 0.2631, Penalty 0.0994, loss 2.1106
Epoch 11, Batch 132/906, Lx 1.6212, Lu 0.1896, Penalty 0.0337, loss 1.8445
Epoch 11, Batch 133/906, Lx 1.4353, Lu 0.1462, Penalty 0.1742, loss 1.7556
Epoch 11, Batch 134/906, Lx 1.6466, Lu 0.1586, Penalty 0.0475, loss 1.8527
Epoch 11, Batch 135/906, Lx 1.6262, Lu 0.2251, Penalty 0.1589, loss 2.0103
Epoch 11, Batch 136/906, Lx 1.5479, Lu 0.1849, Penalty 0.1118, loss 1.8447
Epoch 11, Batch 137/906, Lx 1.4262, Lu 0.1353, Penalty 0.1098, loss 1.6713
Epoch 11, Batch 138/906, Lx 1.8794, Lu 0.1608, Penalty 0.1337, loss 2.1739
Epoch 11, Batch 139/906, Lx 1.7171, Lu 0.1572, Penalty 0.0645, loss 1.9387
Epoch 11, Batch 140/906, Lx 1.5040, Lu 0.1587, Penalty 0.1210, loss 1.7837
Epoch 11, Batch 141/906, Lx 1.7976, Lu 0.1820, Penalty 0.1685, loss 2.1481
Epoch 11, Batch 142/906, Lx 1.7855, Lu 0.1742, Penalty 0.0980, loss 2.0576
Epoch 11, Batch 143/906, Lx 1.4348, Lu 0.1455, Penalty 0.0586, loss 1.6389
Epoch 11, Batch 144/906, Lx 1.5823, Lu 0.1199, Penalty 0.1691, loss 1.8713
Epoch 11, Batch 145/906, Lx 1.6601, Lu 0.2079, Penalty 0.0892, loss 1.9571
Epoch 11, Batch 146/906, Lx 1.5507, Lu 0.1904, Penalty 0.0989, loss 1.8401
Epoch 11, Batch 147/906, Lx 1.5618, Lu 0.1645, Penalty 0.1475, loss 1.8739
Epoch 11, Batch 148/906, Lx 1.7256, Lu 0.2116, Penalty 0.1007, loss 2.0379
Epoch 11, Batch 149/906, Lx 1.3814, Lu 0.1555, Penalty 0.1203, loss 1.6572
Epoch 11, Batch 150/906, Lx 1.6102, Lu 0.1681, Penalty 0.1321, loss 1.9104
Epoch 11, Batch 151/906, Lx 1.7483, Lu 0.2166, Penalty 0.0870, loss 2.0519
Epoch 11, Batch 152/906, Lx 1.7531, Lu 0.1564, Penalty 0.0807, loss 1.9902
Epoch 11, Batch 153/906, Lx 1.8511, Lu 0.1303, Penalty 0.0940, loss 2.0754
Epoch 11, Batch 154/906, Lx 1.8221, Lu 0.2554, Penalty 0.0675, loss 2.1449
Epoch 11, Batch 155/906, Lx 1.7482, Lu 0.2135, Penalty 0.0934, loss 2.0551
Epoch 11, Batch 156/906, Lx 1.8298, Lu 0.2409, Penalty 0.0743, loss 2.1449
Epoch 11, Batch 157/906, Lx 1.8482, Lu 0.1801, Penalty 0.1027, loss 2.1311
Epoch 11, Batch 158/906, Lx 1.8688, Lu 0.1442, Penalty 0.1125, loss 2.1255
Epoch 11, Batch 159/906, Lx 1.6692, Lu 0.1473, Penalty 0.1562, loss 1.9726
Epoch 11, Batch 160/906, Lx 1.6676, Lu 0.1509, Penalty 0.1035, loss 1.9220
Epoch 11, Batch 161/906, Lx 1.9653, Lu 0.2357, Penalty 0.0531, loss 2.2541
Epoch 11, Batch 162/906, Lx 1.7673, Lu 0.2180, Penalty 0.1005, loss 2.0858
Epoch 11, Batch 163/906, Lx 1.5107, Lu 0.1495, Penalty 0.1172, loss 1.7775
Epoch 11, Batch 164/906, Lx 1.7321, Lu 0.1704, Penalty 0.0922, loss 1.9948
Epoch 11, Batch 165/906, Lx 1.4133, Lu 0.1269, Penalty 0.1195, loss 1.6597
Epoch 11, Batch 166/906, Lx 1.6692, Lu 0.1680, Penalty 0.0815, loss 1.9188
Epoch 11, Batch 167/906, Lx 1.6303, Lu 0.2680, Penalty 0.0880, loss 1.9863
Epoch 11, Batch 168/906, Lx 1.8166, Lu 0.1852, Penalty 0.0603, loss 2.0622
Epoch 11, Batch 169/906, Lx 1.7677, Lu 0.2725, Penalty 0.1147, loss 2.1550
Epoch 11, Batch 170/906, Lx 1.5179, Lu 0.1696, Penalty 0.0970, loss 1.7845
Epoch 11, Batch 171/906, Lx 1.5259, Lu 0.1421, Penalty 0.1114, loss 1.7795
Epoch 11, Batch 172/906, Lx 1.7841, Lu 0.2019, Penalty 0.1284, loss 2.1143
Epoch 11, Batch 173/906, Lx 2.0308, Lu 0.2119, Penalty 0.0746, loss 2.3173
Epoch 11, Batch 174/906, Lx 1.7089, Lu 0.1146, Penalty 0.0640, loss 1.8876
Epoch 11, Batch 175/906, Lx 1.6868, Lu 0.1405, Penalty 0.1344, loss 1.9616
Epoch 11, Batch 176/906, Lx 1.4793, Lu 0.1740, Penalty 0.1312, loss 1.7845
Epoch 11, Batch 177/906, Lx 1.4710, Lu 0.1039, Penalty 0.0978, loss 1.6727
Epoch 11, Batch 178/906, Lx 1.7655, Lu 0.1575, Penalty 0.1333, loss 2.0562
Epoch 11, Batch 179/906, Lx 1.4696, Lu 0.1334, Penalty 0.0978, loss 1.7007
Epoch 11, Batch 180/906, Lx 1.6321, Lu 0.1419, Penalty 0.0960, loss 1.8700
Epoch 11, Batch 181/906, Lx 1.7437, Lu 0.1470, Penalty 0.0587, loss 1.9494
Epoch 11, Batch 182/906, Lx 1.6101, Lu 0.2091, Penalty 0.0404, loss 1.8595
Epoch 11, Batch 183/906, Lx 1.4646, Lu 0.1472, Penalty 0.0982, loss 1.7100
Epoch 11, Batch 184/906, Lx 1.7723, Lu 0.2036, Penalty 0.0706, loss 2.0465
Epoch 11, Batch 185/906, Lx 1.6450, Lu 0.1891, Penalty 0.1879, loss 2.0220
Epoch 11, Batch 186/906, Lx 1.7595, Lu 0.1768, Penalty 0.0622, loss 1.9985
Epoch 11, Batch 187/906, Lx 1.4926, Lu 0.1426, Penalty 0.0720, loss 1.7073
Epoch 11, Batch 188/906, Lx 1.4863, Lu 0.1504, Penalty 0.0892, loss 1.7259
Epoch 11, Batch 189/906, Lx 1.7535, Lu 0.2091, Penalty 0.1216, loss 2.0841
Epoch 11, Batch 190/906, Lx 1.7206, Lu 0.1553, Penalty 0.1466, loss 2.0224
Epoch 11, Batch 191/906, Lx 2.0320, Lu 0.1537, Penalty 0.0746, loss 2.2603
Epoch 11, Batch 192/906, Lx 1.3242, Lu 0.1277, Penalty 0.1108, loss 1.5626
Epoch 11, Batch 193/906, Lx 1.8257, Lu 0.2048, Penalty 0.1287, loss 2.1592
Epoch 11, Batch 194/906, Lx 1.6976, Lu 0.1846, Penalty 0.0966, loss 1.9788
Epoch 11, Batch 195/906, Lx 1.6748, Lu 0.1581, Penalty 0.1172, loss 1.9501
Epoch 11, Batch 196/906, Lx 1.6549, Lu 0.2206, Penalty 0.0876, loss 1.9631
Epoch 11, Batch 197/906, Lx 1.7946, Lu 0.1911, Penalty 0.0836, loss 2.0693
Epoch 11, Batch 198/906, Lx 1.7205, Lu 0.1955, Penalty 0.0811, loss 1.9971
Epoch 11, Batch 199/906, Lx 1.6989, Lu 0.1616, Penalty 0.0935, loss 1.9540
Epoch 11, Batch 200/906, Lx 1.4918, Lu 0.1324, Penalty 0.0750, loss 1.6991
Epoch 11, Batch 201/906, Lx 1.5690, Lu 0.1673, Penalty 0.0604, loss 1.7967
Epoch 11, Batch 202/906, Lx 1.5927, Lu 0.1388, Penalty 0.0541, loss 1.7857
Epoch 11, Batch 203/906, Lx 1.7351, Lu 0.2377, Penalty 0.0825, loss 2.0553
Epoch 11, Batch 204/906, Lx 1.7268, Lu 0.1229, Penalty 0.0851, loss 1.9349
Epoch 11, Batch 205/906, Lx 1.4962, Lu 0.2170, Penalty 0.0825, loss 1.7957
Epoch 11, Batch 206/906, Lx 1.9775, Lu 0.2209, Penalty 0.0767, loss 2.2752
Epoch 11, Batch 207/906, Lx 1.6358, Lu 0.1397, Penalty 0.0519, loss 1.8275
Epoch 11, Batch 208/906, Lx 1.4425, Lu 0.1378, Penalty 0.1297, loss 1.7101
Epoch 11, Batch 209/906, Lx 1.5305, Lu 0.1360, Penalty 0.1193, loss 1.7858
Epoch 11, Batch 210/906, Lx 1.9229, Lu 0.3047, Penalty 0.0701, loss 2.2977
Epoch 11, Batch 211/906, Lx 1.7897, Lu 0.2468, Penalty 0.1364, loss 2.1729
Epoch 11, Batch 212/906, Lx 1.6076, Lu 0.1916, Penalty 0.0851, loss 1.8843
Epoch 11, Batch 213/906, Lx 1.6877, Lu 0.1441, Penalty 0.0598, loss 1.8915
Epoch 11, Batch 214/906, Lx 1.6258, Lu 0.2066, Penalty 0.1228, loss 1.9552
Epoch 11, Batch 215/906, Lx 1.6538, Lu 0.1555, Penalty 0.0821, loss 1.8914
Epoch 11, Batch 216/906, Lx 1.4816, Lu 0.1098, Penalty 0.0589, loss 1.6503
Epoch 11, Batch 217/906, Lx 1.7745, Lu 0.1568, Penalty 0.0913, loss 2.0226
Epoch 11, Batch 218/906, Lx 1.7258, Lu 0.2055, Penalty 0.0949, loss 2.0262
Epoch 11, Batch 219/906, Lx 1.5535, Lu 0.1551, Penalty 0.1543, loss 1.8629
Epoch 11, Batch 220/906, Lx 1.2851, Lu 0.1559, Penalty 0.1448, loss 1.5858
Epoch 11, Batch 221/906, Lx 1.6657, Lu 0.2138, Penalty 0.1063, loss 1.9858
Epoch 11, Batch 222/906, Lx 1.6922, Lu 0.1752, Penalty 0.0715, loss 1.9390
Epoch 11, Batch 223/906, Lx 1.4824, Lu 0.1145, Penalty 0.1754, loss 1.7723
Epoch 11, Batch 224/906, Lx 1.5576, Lu 0.1364, Penalty 0.0684, loss 1.7624
Epoch 11, Batch 225/906, Lx 1.5026, Lu 0.1243, Penalty 0.1059, loss 1.7328
Epoch 11, Batch 226/906, Lx 1.7009, Lu 0.2057, Penalty 0.0767, loss 1.9832
Epoch 11, Batch 227/906, Lx 1.7652, Lu 0.2447, Penalty 0.0816, loss 2.0915
Epoch 11, Batch 228/906, Lx 1.7860, Lu 0.2323, Penalty 0.1280, loss 2.1463
Epoch 11, Batch 229/906, Lx 1.6972, Lu 0.1501, Penalty 0.0917, loss 1.9390
Epoch 11, Batch 230/906, Lx 1.7462, Lu 0.1972, Penalty 0.0550, loss 1.9984
Epoch 11, Batch 231/906, Lx 1.5773, Lu 0.1558, Penalty 0.1052, loss 1.8383
Epoch 11, Batch 232/906, Lx 1.5176, Lu 0.1234, Penalty 0.0415, loss 1.6825
Epoch 11, Batch 233/906, Lx 1.6796, Lu 0.2313, Penalty 0.1472, loss 2.0581
Epoch 11, Batch 234/906, Lx 1.3459, Lu 0.1250, Penalty 0.0489, loss 1.5198
Epoch 11, Batch 235/906, Lx 1.5735, Lu 0.1823, Penalty 0.0364, loss 1.7921
Epoch 11, Batch 236/906, Lx 1.8979, Lu 0.2319, Penalty 0.0606, loss 2.1903
Epoch 11, Batch 237/906, Lx 1.9659, Lu 0.2913, Penalty 0.0686, loss 2.3258
Epoch 11, Batch 238/906, Lx 1.6783, Lu 0.1861, Penalty 0.1068, loss 1.9712
Epoch 11, Batch 239/906, Lx 1.7626, Lu 0.1766, Penalty 0.0466, loss 1.9858
Epoch 11, Batch 240/906, Lx 1.7821, Lu 0.1980, Penalty 0.0698, loss 2.0499
Epoch 11, Batch 241/906, Lx 1.6312, Lu 0.1790, Penalty 0.1036, loss 1.9138
Epoch 11, Batch 242/906, Lx 1.5658, Lu 0.1917, Penalty 0.0916, loss 1.8491
Epoch 11, Batch 243/906, Lx 1.7080, Lu 0.1312, Penalty 0.1574, loss 1.9966
Epoch 11, Batch 244/906, Lx 1.7957, Lu 0.1966, Penalty 0.0817, loss 2.0740
Epoch 11, Batch 245/906, Lx 1.5640, Lu 0.1596, Penalty 0.0949, loss 1.8185
Epoch 11, Batch 246/906, Lx 1.6044, Lu 0.1958, Penalty 0.0899, loss 1.8901
Epoch 11, Batch 247/906, Lx 1.7804, Lu 0.1844, Penalty 0.1018, loss 2.0666
Epoch 11, Batch 248/906, Lx 1.7303, Lu 0.1851, Penalty 0.0455, loss 1.9609
Epoch 11, Batch 249/906, Lx 1.5956, Lu 0.1547, Penalty 0.0546, loss 1.8049
Epoch 11, Batch 250/906, Lx 1.7380, Lu 0.2434, Penalty 0.0467, loss 2.0282
Epoch 11, Batch 251/906, Lx 1.6801, Lu 0.2127, Penalty 0.0882, loss 1.9810
Epoch 11, Batch 252/906, Lx 1.6353, Lu 0.2224, Penalty 0.0634, loss 1.9210
Epoch 11, Batch 253/906, Lx 1.7901, Lu 0.2009, Penalty 0.0593, loss 2.0503
Epoch 11, Batch 254/906, Lx 1.7723, Lu 0.2445, Penalty 0.1735, loss 2.1903
Epoch 11, Batch 255/906, Lx 1.9272, Lu 0.2517, Penalty 0.0478, loss 2.2267
Epoch 11, Batch 256/906, Lx 1.5219, Lu 0.1408, Penalty 0.0364, loss 1.6991
Epoch 11, Batch 257/906, Lx 1.7311, Lu 0.1919, Penalty 0.0777, loss 2.0007
Epoch 11, Batch 258/906, Lx 1.7316, Lu 0.1463, Penalty 0.0887, loss 1.9666
Epoch 11, Batch 259/906, Lx 1.7512, Lu 0.2733, Penalty 0.1267, loss 2.1512
Epoch 11, Batch 260/906, Lx 1.7985, Lu 0.2138, Penalty 0.1811, loss 2.1934
Epoch 11, Batch 261/906, Lx 1.7510, Lu 0.1769, Penalty 0.1267, loss 2.0545
Epoch 11, Batch 262/906, Lx 1.5720, Lu 0.1964, Penalty 0.0594, loss 1.8278
Epoch 11, Batch 263/906, Lx 1.5405, Lu 0.1526, Penalty 0.1579, loss 1.8509
Epoch 11, Batch 264/906, Lx 1.7542, Lu 0.2624, Penalty 0.1494, loss 2.1660
Epoch 11, Batch 265/906, Lx 1.7121, Lu 0.2718, Penalty 0.1321, loss 2.1160
Epoch 11, Batch 266/906, Lx 1.5417, Lu 0.1872, Penalty 0.0745, loss 1.8033
Epoch 11, Batch 267/906, Lx 1.6969, Lu 0.1411, Penalty 0.0858, loss 1.9238
Epoch 11, Batch 268/906, Lx 1.6429, Lu 0.2368, Penalty 0.0833, loss 1.9630
Epoch 11, Batch 269/906, Lx 1.6335, Lu 0.1668, Penalty 0.0734, loss 1.8737
Epoch 11, Batch 270/906, Lx 1.5857, Lu 0.2427, Penalty 0.1164, loss 1.9448
Epoch 11, Batch 271/906, Lx 1.7441, Lu 0.2563, Penalty 0.0628, loss 2.0632
Epoch 11, Batch 272/906, Lx 1.7731, Lu 0.1642, Penalty 0.0806, loss 2.0179
Epoch 11, Batch 273/906, Lx 1.7655, Lu 0.2364, Penalty 0.1668, loss 2.1687
Epoch 11, Batch 274/906, Lx 1.8176, Lu 0.1255, Penalty 0.0704, loss 2.0135
Epoch 11, Batch 275/906, Lx 1.9115, Lu 0.1778, Penalty 0.0802, loss 2.1695
Epoch 11, Batch 276/906, Lx 1.6488, Lu 0.1962, Penalty 0.0832, loss 1.9281
Epoch 11, Batch 277/906, Lx 1.7478, Lu 0.2111, Penalty 0.0970, loss 2.0560
Epoch 11, Batch 278/906, Lx 1.6472, Lu 0.2261, Penalty 0.1198, loss 1.9930
Epoch 11, Batch 279/906, Lx 1.7690, Lu 0.1620, Penalty 0.0441, loss 1.9751
Epoch 11, Batch 280/906, Lx 1.7638, Lu 0.1983, Penalty 0.0976, loss 2.0597
Epoch 11, Batch 281/906, Lx 1.7847, Lu 0.2311, Penalty 0.0968, loss 2.1127
Epoch 11, Batch 282/906, Lx 1.6670, Lu 0.1963, Penalty 0.1020, loss 1.9653
Epoch 11, Batch 283/906, Lx 1.6987, Lu 0.1492, Penalty 0.1336, loss 1.9814
Epoch 11, Batch 284/906, Lx 1.7605, Lu 0.2124, Penalty 0.0912, loss 2.0641
Epoch 11, Batch 285/906, Lx 1.7450, Lu 0.1931, Penalty 0.1014, loss 2.0395
Epoch 11, Batch 286/906, Lx 1.9193, Lu 0.1417, Penalty 0.0802, loss 2.1412
Epoch 11, Batch 287/906, Lx 1.7343, Lu 0.1420, Penalty 0.1224, loss 1.9987
Epoch 11, Batch 288/906, Lx 1.7842, Lu 0.2135, Penalty 0.0537, loss 2.0513
Epoch 11, Batch 289/906, Lx 1.8450, Lu 0.1851, Penalty 0.1478, loss 2.1779
Epoch 11, Batch 290/906, Lx 1.7352, Lu 0.1378, Penalty 0.1098, loss 1.9829
Epoch 11, Batch 291/906, Lx 1.6974, Lu 0.1890, Penalty 0.1280, loss 2.0144
Epoch 11, Batch 292/906, Lx 1.6329, Lu 0.1857, Penalty 0.0769, loss 1.8956
Epoch 11, Batch 293/906, Lx 1.4990, Lu 0.1516, Penalty 0.1145, loss 1.7652
Epoch 11, Batch 294/906, Lx 1.7888, Lu 0.2012, Penalty 0.0659, loss 2.0559
Epoch 11, Batch 295/906, Lx 1.5139, Lu 0.1587, Penalty 0.0526, loss 1.7252
Epoch 11, Batch 296/906, Lx 1.5915, Lu 0.1598, Penalty 0.0461, loss 1.7974
Epoch 11, Batch 297/906, Lx 1.7662, Lu 0.1869, Penalty 0.1044, loss 2.0574
Epoch 11, Batch 298/906, Lx 1.6563, Lu 0.1550, Penalty 0.0774, loss 1.8888
Epoch 11, Batch 299/906, Lx 1.7325, Lu 0.2505, Penalty 0.0572, loss 2.0403
Epoch 11, Batch 300/906, Lx 1.7965, Lu 0.2628, Penalty 0.0575, loss 2.1167
Epoch 11, Batch 301/906, Lx 1.7037, Lu 0.2507, Penalty 0.0960, loss 2.0504
Epoch 11, Batch 302/906, Lx 1.6685, Lu 0.2214, Penalty 0.1270, loss 2.0169
Epoch 11, Batch 303/906, Lx 1.4549, Lu 0.1442, Penalty 0.0797, loss 1.6789
Epoch 11, Batch 304/906, Lx 1.8638, Lu 0.1782, Penalty 0.0801, loss 2.1221
Epoch 11, Batch 305/906, Lx 1.6545, Lu 0.2141, Penalty 0.0847, loss 1.9533
Epoch 11, Batch 306/906, Lx 1.6293, Lu 0.1268, Penalty 0.0975, loss 1.8536
Epoch 11, Batch 307/906, Lx 1.4477, Lu 0.1595, Penalty 0.0961, loss 1.7033
Epoch 11, Batch 308/906, Lx 1.5218, Lu 0.1422, Penalty 0.0584, loss 1.7224
Epoch 11, Batch 309/906, Lx 1.7018, Lu 0.1905, Penalty 0.0905, loss 1.9828
Epoch 11, Batch 310/906, Lx 1.7796, Lu 0.2784, Penalty 0.1381, loss 2.1962
Epoch 11, Batch 311/906, Lx 1.6393, Lu 0.1935, Penalty 0.1119, loss 1.9447
Epoch 11, Batch 312/906, Lx 1.7794, Lu 0.1230, Penalty 0.1157, loss 2.0180
Epoch 11, Batch 313/906, Lx 1.5747, Lu 0.1446, Penalty 0.1246, loss 1.8439
Epoch 11, Batch 314/906, Lx 1.6501, Lu 0.1272, Penalty 0.1396, loss 1.9169
Epoch 11, Batch 315/906, Lx 1.5779, Lu 0.1121, Penalty 0.0915, loss 1.7815
Epoch 11, Batch 316/906, Lx 1.6584, Lu 0.1755, Penalty 0.1148, loss 1.9486
Epoch 11, Batch 317/906, Lx 1.4655, Lu 0.2059, Penalty 0.0786, loss 1.7500
Epoch 11, Batch 318/906, Lx 1.9907, Lu 0.2727, Penalty 0.0359, loss 2.2993
Epoch 11, Batch 319/906, Lx 1.7653, Lu 0.1893, Penalty 0.0462, loss 2.0008
Epoch 11, Batch 320/906, Lx 1.5787, Lu 0.2038, Penalty 0.1161, loss 1.8986
Epoch 11, Batch 321/906, Lx 1.8624, Lu 0.2013, Penalty 0.0550, loss 2.1187
Epoch 11, Batch 322/906, Lx 1.3862, Lu 0.1630, Penalty 0.1180, loss 1.6672
Epoch 11, Batch 323/906, Lx 1.6299, Lu 0.2102, Penalty 0.0343, loss 1.8744
Epoch 11, Batch 324/906, Lx 1.6837, Lu 0.1865, Penalty 0.0721, loss 1.9423
Epoch 11, Batch 325/906, Lx 1.8246, Lu 0.2101, Penalty 0.1195, loss 2.1541
Epoch 11, Batch 326/906, Lx 1.6043, Lu 0.1811, Penalty 0.1468, loss 1.9322
Epoch 11, Batch 327/906, Lx 1.7409, Lu 0.1793, Penalty 0.0809, loss 2.0011
Epoch 11, Batch 328/906, Lx 1.7522, Lu 0.1622, Penalty 0.1724, loss 2.0867
Epoch 11, Batch 329/906, Lx 1.6390, Lu 0.1897, Penalty 0.1199, loss 1.9486
Epoch 11, Batch 330/906, Lx 1.7430, Lu 0.1001, Penalty 0.0730, loss 1.9161
Epoch 11, Batch 331/906, Lx 1.5683, Lu 0.0995, Penalty 0.1492, loss 1.8170
Epoch 11, Batch 332/906, Lx 1.6151, Lu 0.1385, Penalty 0.0468, loss 1.8004
Epoch 11, Batch 333/906, Lx 1.6440, Lu 0.1515, Penalty 0.0898, loss 1.8853
Epoch 11, Batch 334/906, Lx 1.6962, Lu 0.2377, Penalty 0.0521, loss 1.9859
Epoch 11, Batch 335/906, Lx 1.6129, Lu 0.1530, Penalty 0.0460, loss 1.8119
Epoch 11, Batch 336/906, Lx 1.8176, Lu 0.2378, Penalty 0.0384, loss 2.0938
Epoch 11, Batch 337/906, Lx 1.7822, Lu 0.2075, Penalty 0.0592, loss 2.0489
Epoch 11, Batch 338/906, Lx 1.5819, Lu 0.1582, Penalty 0.0686, loss 1.8086
Epoch 11, Batch 339/906, Lx 1.7168, Lu 0.1477, Penalty 0.1076, loss 1.9721
Epoch 11, Batch 340/906, Lx 1.7461, Lu 0.1664, Penalty 0.0650, loss 1.9776
Epoch 11, Batch 341/906, Lx 1.9535, Lu 0.3134, Penalty 0.0891, loss 2.3561
Epoch 11, Batch 342/906, Lx 1.7471, Lu 0.1768, Penalty 0.0778, loss 2.0017
Epoch 11, Batch 343/906, Lx 1.5455, Lu 0.1409, Penalty 0.0602, loss 1.7466
Epoch 11, Batch 344/906, Lx 1.4452, Lu 0.1284, Penalty 0.1056, loss 1.6792
Epoch 11, Batch 345/906, Lx 1.6532, Lu 0.2207, Penalty 0.1254, loss 1.9993
Epoch 11, Batch 346/906, Lx 1.5184, Lu 0.1364, Penalty 0.0598, loss 1.7147
Epoch 11, Batch 347/906, Lx 1.6684, Lu 0.1912, Penalty 0.1281, loss 1.9877
Epoch 11, Batch 348/906, Lx 1.6741, Lu 0.1328, Penalty 0.1495, loss 1.9564
Epoch 11, Batch 349/906, Lx 1.6859, Lu 0.1900, Penalty 0.0631, loss 1.9389
Epoch 11, Batch 350/906, Lx 1.3978, Lu 0.1182, Penalty 0.1036, loss 1.6196
Epoch 11, Batch 351/906, Lx 1.6067, Lu 0.1278, Penalty 0.1263, loss 1.8607
Epoch 11, Batch 352/906, Lx 1.8745, Lu 0.2419, Penalty 0.1738, loss 2.2903
Epoch 11, Batch 353/906, Lx 1.5850, Lu 0.1357, Penalty 0.0936, loss 1.8143
Epoch 11, Batch 354/906, Lx 1.7231, Lu 0.1392, Penalty 0.1492, loss 2.0115
Epoch 11, Batch 355/906, Lx 1.6685, Lu 0.1806, Penalty 0.1960, loss 2.0450
Epoch 11, Batch 356/906, Lx 1.7572, Lu 0.2422, Penalty 0.0810, loss 2.0804
Epoch 11, Batch 357/906, Lx 1.4538, Lu 0.1459, Penalty 0.0428, loss 1.6425
Epoch 11, Batch 358/906, Lx 1.6035, Lu 0.1867, Penalty 0.1130, loss 1.9032
Epoch 11, Batch 359/906, Lx 1.6221, Lu 0.2258, Penalty 0.1011, loss 1.9490
Epoch 11, Batch 360/906, Lx 1.6878, Lu 0.1554, Penalty 0.0945, loss 1.9377
Epoch 11, Batch 361/906, Lx 1.8139, Lu 0.2386, Penalty 0.0585, loss 2.1110
Epoch 11, Batch 362/906, Lx 1.4616, Lu 0.1669, Penalty 0.1250, loss 1.7534
Epoch 11, Batch 363/906, Lx 1.7178, Lu 0.1598, Penalty 0.0797, loss 1.9574
Epoch 11, Batch 364/906, Lx 1.9319, Lu 0.1688, Penalty 0.0850, loss 2.1857
Epoch 11, Batch 365/906, Lx 1.5661, Lu 0.1827, Penalty 0.0729, loss 1.8216
Epoch 11, Batch 366/906, Lx 1.5658, Lu 0.2493, Penalty 0.1302, loss 1.9453
Epoch 11, Batch 367/906, Lx 1.9039, Lu 0.2564, Penalty 0.0513, loss 2.2116
Epoch 11, Batch 368/906, Lx 1.5775, Lu 0.1227, Penalty 0.1262, loss 1.8264
Epoch 11, Batch 369/906, Lx 1.8135, Lu 0.2203, Penalty 0.1961, loss 2.2299
Epoch 11, Batch 370/906, Lx 1.6088, Lu 0.1391, Penalty 0.0738, loss 1.8217
Epoch 11, Batch 371/906, Lx 1.8730, Lu 0.2667, Penalty 0.0585, loss 2.1982
Epoch 11, Batch 372/906, Lx 1.7498, Lu 0.2595, Penalty 0.1080, loss 2.1173
Epoch 11, Batch 373/906, Lx 1.8518, Lu 0.2411, Penalty 0.1255, loss 2.2184
Epoch 11, Batch 374/906, Lx 1.5943, Lu 0.1624, Penalty 0.0586, loss 1.8153
Epoch 11, Batch 375/906, Lx 1.6460, Lu 0.2289, Penalty 0.0850, loss 1.9600
Epoch 11, Batch 376/906, Lx 1.6280, Lu 0.1534, Penalty 0.1581, loss 1.9395
Epoch 11, Batch 377/906, Lx 1.7778, Lu 0.1647, Penalty 0.0729, loss 2.0154
Epoch 11, Batch 378/906, Lx 1.7462, Lu 0.2042, Penalty 0.0582, loss 2.0086
Epoch 11, Batch 379/906, Lx 1.8310, Lu 0.1347, Penalty 0.1072, loss 2.0729
Epoch 11, Batch 380/906, Lx 1.7644, Lu 0.2107, Penalty 0.0930, loss 2.0681
Epoch 11, Batch 381/906, Lx 1.7555, Lu 0.1835, Penalty 0.0681, loss 2.0072
Epoch 11, Batch 382/906, Lx 1.8113, Lu 0.1742, Penalty 0.0521, loss 2.0376
Epoch 11, Batch 383/906, Lx 1.7403, Lu 0.2482, Penalty 0.1485, loss 2.1370
Epoch 11, Batch 384/906, Lx 1.4465, Lu 0.1343, Penalty 0.1271, loss 1.7079
Epoch 11, Batch 385/906, Lx 1.5232, Lu 0.1637, Penalty 0.1158, loss 1.8027
Epoch 11, Batch 386/906, Lx 1.5490, Lu 0.1898, Penalty 0.1175, loss 1.8564
Epoch 11, Batch 387/906, Lx 1.6647, Lu 0.2282, Penalty 0.0504, loss 1.9434
Epoch 11, Batch 388/906, Lx 1.6572, Lu 0.2096, Penalty 0.0851, loss 1.9519
Epoch 11, Batch 389/906, Lx 1.6566, Lu 0.2071, Penalty 0.0710, loss 1.9347
Epoch 11, Batch 390/906, Lx 1.6039, Lu 0.1323, Penalty 0.0980, loss 1.8341
Epoch 11, Batch 391/906, Lx 1.7088, Lu 0.2001, Penalty 0.0333, loss 1.9421
Epoch 11, Batch 392/906, Lx 1.4333, Lu 0.1262, Penalty 0.0799, loss 1.6394
Epoch 11, Batch 393/906, Lx 1.6974, Lu 0.1211, Penalty 0.0822, loss 1.9008
Epoch 11, Batch 394/906, Lx 1.6944, Lu 0.1473, Penalty 0.0967, loss 1.9383
Epoch 11, Batch 395/906, Lx 1.6546, Lu 0.2743, Penalty 0.0959, loss 2.0248
Epoch 11, Batch 396/906, Lx 1.6246, Lu 0.1623, Penalty 0.0897, loss 1.8766
Epoch 11, Batch 397/906, Lx 1.8026, Lu 0.1744, Penalty 0.1335, loss 2.1105
Epoch 11, Batch 398/906, Lx 1.5165, Lu 0.1590, Penalty 0.1015, loss 1.7771
Epoch 11, Batch 399/906, Lx 1.7891, Lu 0.2068, Penalty 0.0824, loss 2.0783
Epoch 11, Batch 400/906, Lx 1.7176, Lu 0.1742, Penalty 0.0785, loss 1.9703
Epoch 11, Batch 401/906, Lx 1.6570, Lu 0.1194, Penalty 0.0990, loss 1.8754
Epoch 11, Batch 402/906, Lx 1.5949, Lu 0.1886, Penalty 0.1092, loss 1.8926
Epoch 11, Batch 403/906, Lx 1.5865, Lu 0.1470, Penalty 0.1625, loss 1.8959
Epoch 11, Batch 404/906, Lx 1.6720, Lu 0.1277, Penalty 0.1318, loss 1.9316
Epoch 11, Batch 405/906, Lx 1.4594, Lu 0.1531, Penalty 0.0583, loss 1.6708
Epoch 11, Batch 406/906, Lx 1.7485, Lu 0.2233, Penalty 0.0823, loss 2.0541
Epoch 11, Batch 407/906, Lx 1.2787, Lu 0.1593, Penalty 0.1894, loss 1.6275
Epoch 11, Batch 408/906, Lx 1.4924, Lu 0.1800, Penalty 0.1969, loss 1.8694
Epoch 11, Batch 409/906, Lx 1.6438, Lu 0.1882, Penalty 0.0643, loss 1.8962
Epoch 11, Batch 410/906, Lx 1.5971, Lu 0.1867, Penalty 0.1380, loss 1.9219
Epoch 11, Batch 411/906, Lx 1.7344, Lu 0.1934, Penalty 0.0735, loss 2.0014
Epoch 11, Batch 412/906, Lx 1.4927, Lu 0.1086, Penalty 0.0726, loss 1.6739
Epoch 11, Batch 413/906, Lx 1.7898, Lu 0.2138, Penalty 0.0637, loss 2.0673
Epoch 11, Batch 414/906, Lx 1.6083, Lu 0.1473, Penalty 0.0322, loss 1.7878
Epoch 11, Batch 415/906, Lx 1.7658, Lu 0.1623, Penalty 0.0422, loss 1.9702
Epoch 11, Batch 416/906, Lx 1.7033, Lu 0.1621, Penalty 0.0519, loss 1.9172
Epoch 11, Batch 417/906, Lx 1.5561, Lu 0.1419, Penalty 0.1220, loss 1.8201
Epoch 11, Batch 418/906, Lx 1.8784, Lu 0.1870, Penalty 0.0797, loss 2.1451
Epoch 11, Batch 419/906, Lx 1.6320, Lu 0.1875, Penalty 0.0697, loss 1.8892
Epoch 11, Batch 420/906, Lx 1.8081, Lu 0.3273, Penalty 0.1189, loss 2.2543
Epoch 11, Batch 421/906, Lx 1.6325, Lu 0.1300, Penalty 0.1551, loss 1.9176
Epoch 11, Batch 422/906, Lx 1.3904, Lu 0.1433, Penalty 0.1405, loss 1.6742
Epoch 11, Batch 423/906, Lx 1.7765, Lu 0.1730, Penalty 0.1604, loss 2.1099
Epoch 11, Batch 424/906, Lx 1.9193, Lu 0.1405, Penalty 0.1051, loss 2.1650
Epoch 11, Batch 425/906, Lx 1.5575, Lu 0.2187, Penalty 0.1296, loss 1.9057
Epoch 11, Batch 426/906, Lx 1.8367, Lu 0.2626, Penalty 0.0901, loss 2.1894
Epoch 11, Batch 427/906, Lx 1.7357, Lu 0.1752, Penalty 0.0886, loss 1.9995
Epoch 11, Batch 428/906, Lx 1.7387, Lu 0.2542, Penalty 0.1140, loss 2.1069
Epoch 11, Batch 429/906, Lx 1.4593, Lu 0.1502, Penalty 0.0522, loss 1.6618
Epoch 11, Batch 430/906, Lx 1.7359, Lu 0.1518, Penalty 0.1283, loss 2.0161
Epoch 11, Batch 431/906, Lx 1.8663, Lu 0.2519, Penalty 0.1366, loss 2.2547
Epoch 11, Batch 432/906, Lx 1.7285, Lu 0.1931, Penalty 0.0915, loss 2.0130
Epoch 11, Batch 433/906, Lx 1.6839, Lu 0.2183, Penalty 0.1030, loss 2.0053
Epoch 11, Batch 434/906, Lx 1.8469, Lu 0.2129, Penalty 0.0736, loss 2.1334
Epoch 11, Batch 435/906, Lx 1.8251, Lu 0.1723, Penalty 0.0788, loss 2.0762
Epoch 11, Batch 436/906, Lx 1.7809, Lu 0.1753, Penalty 0.0541, loss 2.0104
Epoch 11, Batch 437/906, Lx 1.7180, Lu 0.1931, Penalty 0.0565, loss 1.9676
Epoch 11, Batch 438/906, Lx 1.6624, Lu 0.2165, Penalty 0.0852, loss 1.9641
Epoch 11, Batch 439/906, Lx 1.5106, Lu 0.1315, Penalty 0.0880, loss 1.7301
Epoch 11, Batch 440/906, Lx 1.6908, Lu 0.1798, Penalty 0.1173, loss 1.9880
Epoch 11, Batch 441/906, Lx 1.5233, Lu 0.2039, Penalty 0.0817, loss 1.8089
Epoch 11, Batch 442/906, Lx 1.7708, Lu 0.2306, Penalty 0.0520, loss 2.0533
Epoch 11, Batch 443/906, Lx 1.6080, Lu 0.1617, Penalty 0.0647, loss 1.8345
Epoch 11, Batch 444/906, Lx 1.6367, Lu 0.2288, Penalty 0.0513, loss 1.9168
Epoch 11, Batch 445/906, Lx 1.8026, Lu 0.2154, Penalty 0.0394, loss 2.0575
Epoch 11, Batch 446/906, Lx 1.7080, Lu 0.2481, Penalty 0.0926, loss 2.0487
Epoch 11, Batch 447/906, Lx 1.5456, Lu 0.1342, Penalty 0.1366, loss 1.8164
Epoch 11, Batch 448/906, Lx 1.5597, Lu 0.1671, Penalty 0.1085, loss 1.8353
Epoch 11, Batch 449/906, Lx 1.7514, Lu 0.1158, Penalty 0.1065, loss 1.9737
Epoch 11, Batch 450/906, Lx 1.6081, Lu 0.1883, Penalty 0.1682, loss 1.9645
Epoch 11, Batch 451/906, Lx 1.5310, Lu 0.0989, Penalty 0.1588, loss 1.7888
Epoch 11, Batch 452/906, Lx 1.6143, Lu 0.2006, Penalty 0.0976, loss 1.9125
Epoch 11, Batch 453/906, Lx 1.7928, Lu 0.1965, Penalty 0.1391, loss 2.1284
Epoch 11, Batch 454/906, Lx 1.4944, Lu 0.1280, Penalty 0.1095, loss 1.7319
Epoch 11, Batch 455/906, Lx 1.8468, Lu 0.2554, Penalty 0.1066, loss 2.2088
Epoch 11, Batch 456/906, Lx 1.7019, Lu 0.2266, Penalty 0.1403, loss 2.0688
Epoch 11, Batch 457/906, Lx 1.6975, Lu 0.1806, Penalty 0.0612, loss 1.9393
Epoch 11, Batch 458/906, Lx 1.5838, Lu 0.1998, Penalty 0.1260, loss 1.9096
Epoch 11, Batch 459/906, Lx 1.6735, Lu 0.2288, Penalty 0.0243, loss 1.9266
Epoch 11, Batch 460/906, Lx 1.6987, Lu 0.2705, Penalty 0.0668, loss 2.0360
Epoch 11, Batch 461/906, Lx 1.6734, Lu 0.2420, Penalty 0.0581, loss 1.9736
Epoch 11, Batch 462/906, Lx 1.6032, Lu 0.1796, Penalty 0.1363, loss 1.9191
Epoch 11, Batch 463/906, Lx 1.6493, Lu 0.1714, Penalty 0.0847, loss 1.9054
Epoch 11, Batch 464/906, Lx 1.6953, Lu 0.1973, Penalty 0.0914, loss 1.9840
Epoch 11, Batch 465/906, Lx 1.9158, Lu 0.2040, Penalty 0.0560, loss 2.1758
Epoch 11, Batch 466/906, Lx 1.7244, Lu 0.2038, Penalty 0.0843, loss 2.0125
Epoch 11, Batch 467/906, Lx 1.7622, Lu 0.2289, Penalty 0.0806, loss 2.0718
Epoch 11, Batch 468/906, Lx 1.6011, Lu 0.1816, Penalty 0.0779, loss 1.8606
Epoch 11, Batch 469/906, Lx 1.6626, Lu 0.1444, Penalty 0.1040, loss 1.9110
Epoch 11, Batch 470/906, Lx 1.6713, Lu 0.1865, Penalty 0.0586, loss 1.9163
Epoch 11, Batch 471/906, Lx 1.5129, Lu 0.1846, Penalty 0.1231, loss 1.8207
Epoch 11, Batch 472/906, Lx 1.6215, Lu 0.2047, Penalty 0.1262, loss 1.9524
Epoch 11, Batch 473/906, Lx 1.7356, Lu 0.2043, Penalty 0.1840, loss 2.1239
Epoch 11, Batch 474/906, Lx 1.5076, Lu 0.2010, Penalty 0.1071, loss 1.8158
Epoch 11, Batch 475/906, Lx 1.5917, Lu 0.1180, Penalty 0.1033, loss 1.8129
Epoch 11, Batch 476/906, Lx 1.6479, Lu 0.1561, Penalty 0.0906, loss 1.8946
Epoch 11, Batch 477/906, Lx 1.5703, Lu 0.2591, Penalty 0.0992, loss 1.9286
Epoch 11, Batch 478/906, Lx 1.7568, Lu 0.2060, Penalty 0.1223, loss 2.0852
Epoch 11, Batch 479/906, Lx 1.7342, Lu 0.2408, Penalty 0.0610, loss 2.0360
Epoch 11, Batch 480/906, Lx 1.7318, Lu 0.1609, Penalty 0.1191, loss 2.0119
Epoch 11, Batch 481/906, Lx 1.5287, Lu 0.1646, Penalty 0.0736, loss 1.7669
Epoch 11, Batch 482/906, Lx 1.8121, Lu 0.2604, Penalty 0.0700, loss 2.1425
Epoch 11, Batch 483/906, Lx 1.7140, Lu 0.2304, Penalty 0.0621, loss 2.0065
Epoch 11, Batch 484/906, Lx 1.7541, Lu 0.1980, Penalty 0.0795, loss 2.0316
Epoch 11, Batch 485/906, Lx 1.6235, Lu 0.2802, Penalty 0.0993, loss 2.0030
Epoch 11, Batch 486/906, Lx 1.5314, Lu 0.2240, Penalty 0.0697, loss 1.8252
Epoch 11, Batch 487/906, Lx 1.6237, Lu 0.1330, Penalty 0.1184, loss 1.8751
Epoch 11, Batch 488/906, Lx 1.6907, Lu 0.1417, Penalty 0.0890, loss 1.9215
Epoch 11, Batch 489/906, Lx 1.6753, Lu 0.1328, Penalty 0.0827, loss 1.8908
Epoch 11, Batch 490/906, Lx 1.7359, Lu 0.2640, Penalty 0.1142, loss 2.1141
Epoch 11, Batch 491/906, Lx 1.6366, Lu 0.1656, Penalty 0.1751, loss 1.9773
Epoch 11, Batch 492/906, Lx 1.6740, Lu 0.1068, Penalty 0.1717, loss 1.9525
Epoch 11, Batch 493/906, Lx 1.7928, Lu 0.1650, Penalty 0.1345, loss 2.0923
Epoch 11, Batch 494/906, Lx 1.7120, Lu 0.2032, Penalty 0.0744, loss 1.9896
Epoch 11, Batch 495/906, Lx 1.7197, Lu 0.1687, Penalty 0.0973, loss 1.9856
Epoch 11, Batch 496/906, Lx 1.6479, Lu 0.2217, Penalty 0.1091, loss 1.9786
Epoch 11, Batch 497/906, Lx 1.7104, Lu 0.2348, Penalty 0.0965, loss 2.0417
Epoch 11, Batch 498/906, Lx 1.4719, Lu 0.1520, Penalty 0.1362, loss 1.7602
Epoch 11, Batch 499/906, Lx 1.5653, Lu 0.1306, Penalty 0.0885, loss 1.7844
Epoch 11, Batch 500/906, Lx 1.5891, Lu 0.1904, Penalty 0.1231, loss 1.9027
Epoch 11, Batch 501/906, Lx 1.6228, Lu 0.1219, Penalty 0.0540, loss 1.7988
Epoch 11, Batch 502/906, Lx 1.7108, Lu 0.1392, Penalty 0.0489, loss 1.8990
Epoch 11, Batch 503/906, Lx 1.7174, Lu 0.1741, Penalty 0.0613, loss 1.9528
Epoch 11, Batch 504/906, Lx 1.5602, Lu 0.1752, Penalty 0.0592, loss 1.7945
Epoch 11, Batch 505/906, Lx 1.6274, Lu 0.2252, Penalty 0.1173, loss 1.9699
Epoch 11, Batch 506/906, Lx 1.7559, Lu 0.1439, Penalty 0.1100, loss 2.0099
Epoch 11, Batch 507/906, Lx 1.7607, Lu 0.2140, Penalty 0.1026, loss 2.0772
Epoch 11, Batch 508/906, Lx 1.3611, Lu 0.1415, Penalty 0.0787, loss 1.5813
Epoch 11, Batch 509/906, Lx 1.6391, Lu 0.1672, Penalty 0.0716, loss 1.8780
Epoch 11, Batch 510/906, Lx 1.6719, Lu 0.2161, Penalty 0.0639, loss 1.9519
Epoch 11, Batch 511/906, Lx 1.7288, Lu 0.2233, Penalty 0.0796, loss 2.0317
Epoch 11, Batch 512/906, Lx 1.5552, Lu 0.2032, Penalty 0.1409, loss 1.8994
Epoch 11, Batch 513/906, Lx 1.6546, Lu 0.1871, Penalty 0.0516, loss 1.8933
Epoch 11, Batch 514/906, Lx 1.6747, Lu 0.1504, Penalty 0.1072, loss 1.9322
Epoch 11, Batch 515/906, Lx 1.5676, Lu 0.1954, Penalty 0.0711, loss 1.8341
Epoch 11, Batch 516/906, Lx 1.6930, Lu 0.2177, Penalty 0.0916, loss 2.0023
Epoch 11, Batch 517/906, Lx 1.4677, Lu 0.1733, Penalty 0.0877, loss 1.7286
Epoch 11, Batch 518/906, Lx 1.5380, Lu 0.1161, Penalty 0.1308, loss 1.7849
Epoch 11, Batch 519/906, Lx 1.5102, Lu 0.1623, Penalty 0.0639, loss 1.7364
Epoch 11, Batch 520/906, Lx 1.5261, Lu 0.1536, Penalty 0.1080, loss 1.7877
Epoch 11, Batch 521/906, Lx 1.6706, Lu 0.1837, Penalty 0.0666, loss 1.9209
Epoch 11, Batch 522/906, Lx 1.5782, Lu 0.1762, Penalty 0.0398, loss 1.7942
Epoch 11, Batch 523/906, Lx 1.7191, Lu 0.2275, Penalty 0.0474, loss 1.9941
Epoch 11, Batch 524/906, Lx 1.7398, Lu 0.2361, Penalty 0.0972, loss 2.0731
Epoch 11, Batch 525/906, Lx 1.6479, Lu 0.2199, Penalty 0.0424, loss 1.9103
Epoch 11, Batch 526/906, Lx 1.5562, Lu 0.1751, Penalty 0.1268, loss 1.8581
Epoch 11, Batch 527/906, Lx 1.6301, Lu 0.2121, Penalty 0.0748, loss 1.9171
Epoch 11, Batch 528/906, Lx 1.5243, Lu 0.1581, Penalty 0.1440, loss 1.8264
Epoch 11, Batch 529/906, Lx 1.5640, Lu 0.1366, Penalty 0.1087, loss 1.8093
Epoch 11, Batch 530/906, Lx 1.8046, Lu 0.1735, Penalty 0.1453, loss 2.1234
Epoch 11, Batch 531/906, Lx 1.4403, Lu 0.1476, Penalty 0.1113, loss 1.6992
Epoch 11, Batch 532/906, Lx 1.5380, Lu 0.1421, Penalty 0.0952, loss 1.7753
Epoch 11, Batch 533/906, Lx 1.5133, Lu 0.1894, Penalty 0.1590, loss 1.8616
Epoch 11, Batch 534/906, Lx 1.7104, Lu 0.2186, Penalty 0.0706, loss 1.9996
Epoch 11, Batch 535/906, Lx 1.7349, Lu 0.1764, Penalty 0.0732, loss 1.9845
Epoch 11, Batch 536/906, Lx 1.7995, Lu 0.2733, Penalty 0.0780, loss 2.1508
Epoch 11, Batch 537/906, Lx 1.4859, Lu 0.1205, Penalty 0.1451, loss 1.7516
Epoch 11, Batch 538/906, Lx 1.5730, Lu 0.1762, Penalty 0.0884, loss 1.8375
Epoch 11, Batch 539/906, Lx 1.5836, Lu 0.2181, Penalty 0.1032, loss 1.9050
Epoch 11, Batch 540/906, Lx 1.5238, Lu 0.1622, Penalty 0.0715, loss 1.7576
Epoch 11, Batch 541/906, Lx 1.6116, Lu 0.2185, Penalty 0.1371, loss 1.9672
Epoch 11, Batch 542/906, Lx 1.5208, Lu 0.2415, Penalty 0.0999, loss 1.8622
Epoch 11, Batch 543/906, Lx 1.6492, Lu 0.2334, Penalty 0.1052, loss 1.9878
Epoch 11, Batch 544/906, Lx 1.5831, Lu 0.1067, Penalty 0.1354, loss 1.8252
Epoch 11, Batch 545/906, Lx 1.5619, Lu 0.2315, Penalty 0.1025, loss 1.8959
Epoch 11, Batch 546/906, Lx 1.7356, Lu 0.1752, Penalty 0.0975, loss 2.0083
Epoch 11, Batch 547/906, Lx 1.7454, Lu 0.1717, Penalty 0.1347, loss 2.0517
Epoch 11, Batch 548/906, Lx 1.7624, Lu 0.2253, Penalty 0.0508, loss 2.0386
Epoch 11, Batch 549/906, Lx 1.5522, Lu 0.1016, Penalty 0.1282, loss 1.7820
Epoch 11, Batch 550/906, Lx 1.8229, Lu 0.1666, Penalty 0.1077, loss 2.0972
Epoch 11, Batch 551/906, Lx 1.7337, Lu 0.1396, Penalty 0.0684, loss 1.9417
Epoch 11, Batch 552/906, Lx 1.5936, Lu 0.1917, Penalty 0.1430, loss 1.9283
Epoch 11, Batch 553/906, Lx 1.6630, Lu 0.1784, Penalty 0.0450, loss 1.8864
Epoch 11, Batch 554/906, Lx 1.6292, Lu 0.1351, Penalty 0.1232, loss 1.8875
Epoch 11, Batch 555/906, Lx 1.7469, Lu 0.1760, Penalty 0.0913, loss 2.0141
Epoch 11, Batch 556/906, Lx 1.7235, Lu 0.1838, Penalty 0.0732, loss 1.9805
Epoch 11, Batch 557/906, Lx 1.6892, Lu 0.1401, Penalty 0.1468, loss 1.9761
Epoch 11, Batch 558/906, Lx 1.7953, Lu 0.1943, Penalty 0.0738, loss 2.0635
Epoch 11, Batch 559/906, Lx 1.7327, Lu 0.2309, Penalty 0.0520, loss 2.0156
Epoch 11, Batch 560/906, Lx 2.0089, Lu 0.1642, Penalty 0.0637, loss 2.2367
Epoch 11, Batch 561/906, Lx 1.8390, Lu 0.2299, Penalty 0.0532, loss 2.1221
Epoch 11, Batch 562/906, Lx 1.7217, Lu 0.2575, Penalty 0.0668, loss 2.0459
Epoch 11, Batch 563/906, Lx 1.5784, Lu 0.1493, Penalty 0.0649, loss 1.7926
Epoch 11, Batch 564/906, Lx 1.6283, Lu 0.1627, Penalty 0.0747, loss 1.8657
Epoch 11, Batch 565/906, Lx 1.7061, Lu 0.1726, Penalty 0.1038, loss 1.9825
Epoch 11, Batch 566/906, Lx 1.4974, Lu 0.1368, Penalty 0.1787, loss 1.8129
Epoch 11, Batch 567/906, Lx 1.4900, Lu 0.1004, Penalty 0.1582, loss 1.7486
Epoch 11, Batch 568/906, Lx 1.8144, Lu 0.2229, Penalty 0.1137, loss 2.1510
Epoch 11, Batch 569/906, Lx 1.6646, Lu 0.2143, Penalty 0.0952, loss 1.9741
Epoch 11, Batch 570/906, Lx 1.3667, Lu 0.1110, Penalty 0.1448, loss 1.6226
Epoch 11, Batch 571/906, Lx 1.5243, Lu 0.1527, Penalty 0.1473, loss 1.8244
Epoch 11, Batch 572/906, Lx 1.7415, Lu 0.1523, Penalty 0.0774, loss 1.9713
Epoch 11, Batch 573/906, Lx 1.7515, Lu 0.1452, Penalty 0.1451, loss 2.0418
Epoch 11, Batch 574/906, Lx 1.5560, Lu 0.1379, Penalty 0.1516, loss 1.8456
Epoch 11, Batch 575/906, Lx 1.8308, Lu 0.2086, Penalty 0.0683, loss 2.1077
Epoch 11, Batch 576/906, Lx 1.7038, Lu 0.2303, Penalty 0.0972, loss 2.0313
Epoch 11, Batch 577/906, Lx 1.5396, Lu 0.1390, Penalty 0.1217, loss 1.8003
Epoch 11, Batch 578/906, Lx 1.7159, Lu 0.2120, Penalty 0.0356, loss 1.9635
Epoch 11, Batch 579/906, Lx 1.7329, Lu 0.2341, Penalty 0.0475, loss 2.0145
Epoch 11, Batch 580/906, Lx 1.6518, Lu 0.2566, Penalty 0.0432, loss 1.9516
Epoch 11, Batch 581/906, Lx 1.6802, Lu 0.1789, Penalty 0.1148, loss 1.9738
Epoch 11, Batch 582/906, Lx 2.0080, Lu 0.2225, Penalty 0.0517, loss 2.2822
Epoch 11, Batch 583/906, Lx 1.6731, Lu 0.2133, Penalty 0.0941, loss 1.9805
Epoch 11, Batch 584/906, Lx 1.4632, Lu 0.1350, Penalty 0.0887, loss 1.6869
Epoch 11, Batch 585/906, Lx 1.5423, Lu 0.1359, Penalty 0.0897, loss 1.7679
Epoch 11, Batch 586/906, Lx 1.4953, Lu 0.1188, Penalty 0.1399, loss 1.7540
Epoch 11, Batch 587/906, Lx 1.7091, Lu 0.2876, Penalty 0.0897, loss 2.0865
Epoch 11, Batch 588/906, Lx 1.7188, Lu 0.1700, Penalty 0.1682, loss 2.0569
Epoch 11, Batch 589/906, Lx 1.5803, Lu 0.2034, Penalty 0.1640, loss 1.9478
Epoch 11, Batch 590/906, Lx 1.7446, Lu 0.2113, Penalty 0.0430, loss 1.9989
Epoch 11, Batch 591/906, Lx 1.7502, Lu 0.1769, Penalty 0.1455, loss 2.0727
Epoch 11, Batch 592/906, Lx 1.5835, Lu 0.1403, Penalty 0.0687, loss 1.7926
Epoch 11, Batch 593/906, Lx 1.7694, Lu 0.1702, Penalty 0.0593, loss 1.9989
Epoch 11, Batch 594/906, Lx 1.6120, Lu 0.1367, Penalty 0.0908, loss 1.8396
Epoch 11, Batch 595/906, Lx 1.6345, Lu 0.1634, Penalty 0.1198, loss 1.9177
Epoch 11, Batch 596/906, Lx 1.7507, Lu 0.1493, Penalty 0.0535, loss 1.9535
Epoch 11, Batch 597/906, Lx 1.5793, Lu 0.2368, Penalty 0.0793, loss 1.8954
Epoch 11, Batch 598/906, Lx 1.4791, Lu 0.1587, Penalty 0.1504, loss 1.7882
Epoch 11, Batch 599/906, Lx 1.7253, Lu 0.1859, Penalty 0.0390, loss 1.9503
Epoch 11, Batch 600/906, Lx 1.7163, Lu 0.1649, Penalty 0.1127, loss 1.9939
Epoch 11, Batch 601/906, Lx 1.7536, Lu 0.1986, Penalty 0.0482, loss 2.0004
Epoch 11, Batch 602/906, Lx 1.6676, Lu 0.1691, Penalty 0.0551, loss 1.8918
Epoch 11, Batch 603/906, Lx 1.7133, Lu 0.1503, Penalty 0.1105, loss 1.9741
Epoch 11, Batch 604/906, Lx 1.7400, Lu 0.1821, Penalty 0.0933, loss 2.0155
Epoch 11, Batch 605/906, Lx 1.7547, Lu 0.1347, Penalty 0.0691, loss 1.9586
Epoch 11, Batch 606/906, Lx 1.7811, Lu 0.1663, Penalty 0.0884, loss 2.0358
Epoch 11, Batch 607/906, Lx 1.4333, Lu 0.1653, Penalty 0.2308, loss 1.8293
Epoch 11, Batch 608/906, Lx 1.7109, Lu 0.1548, Penalty 0.0923, loss 1.9581
Epoch 11, Batch 609/906, Lx 1.5442, Lu 0.1178, Penalty 0.1097, loss 1.7717
Epoch 11, Batch 610/906, Lx 1.6305, Lu 0.1895, Penalty 0.1219, loss 1.9418
Epoch 11, Batch 611/906, Lx 1.7783, Lu 0.1384, Penalty 0.1003, loss 2.0170
Epoch 11, Batch 612/906, Lx 1.6010, Lu 0.1915, Penalty 0.0764, loss 1.8690
Epoch 11, Batch 613/906, Lx 1.6494, Lu 0.1797, Penalty 0.0841, loss 1.9132
Epoch 11, Batch 614/906, Lx 2.0401, Lu 0.2303, Penalty 0.1098, loss 2.3802
Epoch 11, Batch 615/906, Lx 1.7643, Lu 0.2446, Penalty 0.0985, loss 2.1073
Epoch 11, Batch 616/906, Lx 1.7364, Lu 0.2277, Penalty 0.1331, loss 2.0972
Epoch 11, Batch 617/906, Lx 1.7677, Lu 0.1632, Penalty 0.0863, loss 2.0172
Epoch 11, Batch 618/906, Lx 1.7048, Lu 0.1861, Penalty 0.1052, loss 1.9961
Epoch 11, Batch 619/906, Lx 1.6764, Lu 0.2111, Penalty 0.0486, loss 1.9361
Epoch 11, Batch 620/906, Lx 1.8111, Lu 0.2184, Penalty 0.0682, loss 2.0977
Epoch 11, Batch 621/906, Lx 1.8485, Lu 0.1720, Penalty 0.0506, loss 2.0711
Epoch 11, Batch 622/906, Lx 1.7377, Lu 0.2096, Penalty 0.0251, loss 1.9723
Epoch 11, Batch 623/906, Lx 1.7826, Lu 0.1573, Penalty 0.0434, loss 1.9832
Epoch 11, Batch 624/906, Lx 1.7039, Lu 0.2166, Penalty 0.1192, loss 2.0397
Epoch 11, Batch 625/906, Lx 1.7335, Lu 0.3076, Penalty 0.0588, loss 2.0999
Epoch 11, Batch 626/906, Lx 1.6738, Lu 0.2078, Penalty 0.0916, loss 1.9733
Epoch 11, Batch 627/906, Lx 1.8215, Lu 0.2201, Penalty 0.0903, loss 2.1319
Epoch 11, Batch 628/906, Lx 1.7974, Lu 0.1302, Penalty 0.0834, loss 2.0110
Epoch 11, Batch 629/906, Lx 1.6174, Lu 0.1162, Penalty 0.1912, loss 1.9248
Epoch 11, Batch 630/906, Lx 1.6132, Lu 0.1918, Penalty 0.1765, loss 1.9815
Epoch 11, Batch 631/906, Lx 1.7554, Lu 0.1802, Penalty 0.0574, loss 1.9929
Epoch 11, Batch 632/906, Lx 1.8300, Lu 0.1530, Penalty 0.0824, loss 2.0654
Epoch 11, Batch 633/906, Lx 1.6916, Lu 0.1882, Penalty 0.0776, loss 1.9575
Epoch 11, Batch 634/906, Lx 1.4490, Lu 0.1163, Penalty 0.1326, loss 1.6979
Epoch 11, Batch 635/906, Lx 1.8395, Lu 0.1386, Penalty 0.1127, loss 2.0907
Epoch 11, Batch 636/906, Lx 1.6873, Lu 0.1142, Penalty 0.1289, loss 1.9304
Epoch 11, Batch 637/906, Lx 1.7616, Lu 0.1455, Penalty 0.1514, loss 2.0584
Epoch 11, Batch 638/906, Lx 1.6726, Lu 0.1578, Penalty 0.1177, loss 1.9481
Epoch 11, Batch 639/906, Lx 1.6115, Lu 0.1819, Penalty 0.1721, loss 1.9654
Epoch 11, Batch 640/906, Lx 1.7306, Lu 0.0921, Penalty 0.1183, loss 1.9410
Epoch 11, Batch 641/906, Lx 1.6553, Lu 0.1774, Penalty 0.0849, loss 1.9176
Epoch 11, Batch 642/906, Lx 1.7484, Lu 0.1738, Penalty 0.0949, loss 2.0171
Epoch 11, Batch 643/906, Lx 1.6544, Lu 0.2574, Penalty 0.0618, loss 1.9736
Epoch 11, Batch 644/906, Lx 1.5240, Lu 0.1326, Penalty 0.0628, loss 1.7193
Epoch 11, Batch 645/906, Lx 1.5719, Lu 0.1859, Penalty 0.0744, loss 1.8322
Epoch 11, Batch 646/906, Lx 1.5187, Lu 0.1949, Penalty 0.0652, loss 1.7788
Epoch 11, Batch 647/906, Lx 1.6489, Lu 0.1567, Penalty 0.0732, loss 1.8788
Epoch 11, Batch 648/906, Lx 1.5287, Lu 0.1889, Penalty 0.0547, loss 1.7723
Epoch 11, Batch 649/906, Lx 1.6927, Lu 0.2296, Penalty 0.1051, loss 2.0273
Epoch 11, Batch 650/906, Lx 1.6883, Lu 0.2308, Penalty 0.0390, loss 1.9580
Epoch 11, Batch 651/906, Lx 1.5865, Lu 0.1713, Penalty 0.0594, loss 1.8172
Epoch 11, Batch 652/906, Lx 1.5710, Lu 0.1868, Penalty 0.0636, loss 1.8214
Epoch 11, Batch 653/906, Lx 1.8240, Lu 0.1860, Penalty 0.0784, loss 2.0883
Epoch 11, Batch 654/906, Lx 1.6563, Lu 0.1976, Penalty 0.1069, loss 1.9608
Epoch 11, Batch 655/906, Lx 1.3456, Lu 0.1121, Penalty 0.1381, loss 1.5958
Epoch 11, Batch 656/906, Lx 1.7456, Lu 0.1820, Penalty 0.1218, loss 2.0493
Epoch 11, Batch 657/906, Lx 1.6422, Lu 0.1600, Penalty 0.1044, loss 1.9066
Epoch 11, Batch 658/906, Lx 1.6914, Lu 0.1624, Penalty 0.0688, loss 1.9226
Epoch 11, Batch 659/906, Lx 1.6355, Lu 0.1673, Penalty 0.1071, loss 1.9099
Epoch 11, Batch 660/906, Lx 1.7935, Lu 0.1997, Penalty 0.1649, loss 2.1581
Epoch 11, Batch 661/906, Lx 1.7904, Lu 0.2059, Penalty 0.0913, loss 2.0875
Epoch 11, Batch 662/906, Lx 1.8395, Lu 0.2324, Penalty 0.1576, loss 2.2295
Epoch 11, Batch 663/906, Lx 1.6304, Lu 0.1857, Penalty 0.0583, loss 1.8744
Epoch 11, Batch 664/906, Lx 1.8669, Lu 0.1931, Penalty 0.0845, loss 2.1445
Epoch 11, Batch 665/906, Lx 1.5037, Lu 0.1589, Penalty 0.1143, loss 1.7769
Epoch 11, Batch 666/906, Lx 1.8109, Lu 0.1669, Penalty 0.1130, loss 2.0909
Epoch 11, Batch 667/906, Lx 1.8482, Lu 0.2568, Penalty 0.0432, loss 2.1481
Epoch 11, Batch 668/906, Lx 1.5321, Lu 0.1503, Penalty 0.0819, loss 1.7643
Epoch 11, Batch 669/906, Lx 1.5114, Lu 0.1238, Penalty 0.0690, loss 1.7043
Epoch 11, Batch 670/906, Lx 1.8807, Lu 0.2331, Penalty 0.0543, loss 2.1681
Epoch 11, Batch 671/906, Lx 1.8837, Lu 0.2127, Penalty 0.0556, loss 2.1520
Epoch 11, Batch 672/906, Lx 1.5490, Lu 0.1720, Penalty 0.1338, loss 1.8548
Epoch 11, Batch 673/906, Lx 1.6271, Lu 0.1808, Penalty 0.0647, loss 1.8726
Epoch 11, Batch 674/906, Lx 1.7575, Lu 0.1933, Penalty 0.0302, loss 1.9810
Epoch 11, Batch 675/906, Lx 1.6758, Lu 0.2415, Penalty 0.0431, loss 1.9604
Epoch 11, Batch 676/906, Lx 1.6558, Lu 0.1454, Penalty 0.0325, loss 1.8337
Epoch 11, Batch 677/906, Lx 1.6430, Lu 0.1997, Penalty 0.1470, loss 1.9896
Epoch 11, Batch 678/906, Lx 1.8286, Lu 0.3072, Penalty 0.0528, loss 2.1885
Epoch 11, Batch 679/906, Lx 1.6711, Lu 0.1365, Penalty 0.1027, loss 1.9103
Epoch 11, Batch 680/906, Lx 1.6517, Lu 0.1420, Penalty 0.1212, loss 1.9149
Epoch 11, Batch 681/906, Lx 1.6878, Lu 0.1991, Penalty 0.0945, loss 1.9814
Epoch 11, Batch 682/906, Lx 1.7876, Lu 0.2507, Penalty 0.0845, loss 2.1229
Epoch 11, Batch 683/906, Lx 1.5628, Lu 0.1900, Penalty 0.0924, loss 1.8452
Epoch 11, Batch 684/906, Lx 1.8078, Lu 0.1712, Penalty 0.0569, loss 2.0360
Epoch 11, Batch 685/906, Lx 1.7584, Lu 0.1971, Penalty 0.0914, loss 2.0470
Epoch 11, Batch 686/906, Lx 1.6410, Lu 0.1313, Penalty 0.0844, loss 1.8567
Epoch 11, Batch 687/906, Lx 1.7375, Lu 0.2472, Penalty 0.0855, loss 2.0701
Epoch 11, Batch 688/906, Lx 1.6848, Lu 0.1724, Penalty 0.1074, loss 1.9646
Epoch 11, Batch 689/906, Lx 1.5016, Lu 0.1150, Penalty 0.1248, loss 1.7414
Epoch 11, Batch 690/906, Lx 1.7148, Lu 0.1847, Penalty 0.1177, loss 2.0173
Epoch 11, Batch 691/906, Lx 1.4691, Lu 0.1247, Penalty 0.0781, loss 1.6719
Epoch 11, Batch 692/906, Lx 1.7000, Lu 0.1364, Penalty 0.1625, loss 1.9988
Epoch 11, Batch 693/906, Lx 1.6242, Lu 0.1950, Penalty 0.1185, loss 1.9377
Epoch 11, Batch 694/906, Lx 1.7437, Lu 0.1731, Penalty 0.0751, loss 1.9919
Epoch 11, Batch 695/906, Lx 1.7300, Lu 0.1166, Penalty 0.1153, loss 1.9619
Epoch 11, Batch 696/906, Lx 1.7173, Lu 0.2278, Penalty 0.0416, loss 1.9867
Epoch 11, Batch 697/906, Lx 1.6654, Lu 0.1885, Penalty 0.1068, loss 1.9606
Epoch 11, Batch 698/906, Lx 1.5879, Lu 0.1358, Penalty 0.1297, loss 1.8534
Epoch 11, Batch 699/906, Lx 1.8098, Lu 0.1836, Penalty 0.0635, loss 2.0568
Epoch 11, Batch 700/906, Lx 1.5502, Lu 0.1047, Penalty 0.1201, loss 1.7749
Epoch 11, Batch 701/906, Lx 1.7345, Lu 0.2201, Penalty 0.0718, loss 2.0264
Epoch 11, Batch 702/906, Lx 1.7852, Lu 0.1383, Penalty 0.0723, loss 1.9958
Epoch 11, Batch 703/906, Lx 1.5424, Lu 0.1160, Penalty 0.0401, loss 1.6985
Epoch 11, Batch 704/906, Lx 1.5837, Lu 0.1882, Penalty 0.1524, loss 1.9242
Epoch 11, Batch 705/906, Lx 1.6357, Lu 0.1832, Penalty 0.1012, loss 1.9201
Epoch 11, Batch 706/906, Lx 1.6505, Lu 0.1418, Penalty 0.0491, loss 1.8414
Epoch 11, Batch 707/906, Lx 1.7408, Lu 0.2045, Penalty 0.0814, loss 2.0267
Epoch 11, Batch 708/906, Lx 1.8559, Lu 0.1992, Penalty 0.1212, loss 2.1763
Epoch 11, Batch 709/906, Lx 1.5483, Lu 0.1533, Penalty 0.1223, loss 1.8239
Epoch 11, Batch 710/906, Lx 1.5043, Lu 0.1203, Penalty 0.1505, loss 1.7752
Epoch 11, Batch 711/906, Lx 1.7871, Lu 0.2522, Penalty 0.0616, loss 2.1009
Epoch 11, Batch 712/906, Lx 1.5010, Lu 0.1911, Penalty 0.0605, loss 1.7526
Epoch 11, Batch 713/906, Lx 1.7545, Lu 0.1622, Penalty 0.0703, loss 1.9871
Epoch 11, Batch 714/906, Lx 1.6031, Lu 0.1806, Penalty 0.0724, loss 1.8561
Epoch 11, Batch 715/906, Lx 1.4937, Lu 0.1243, Penalty 0.0715, loss 1.6894
Epoch 11, Batch 716/906, Lx 1.6803, Lu 0.2112, Penalty 0.1091, loss 2.0006
Epoch 11, Batch 717/906, Lx 1.6764, Lu 0.1574, Penalty 0.0734, loss 1.9073
Epoch 11, Batch 718/906, Lx 1.7965, Lu 0.1576, Penalty 0.1511, loss 2.1052
Epoch 11, Batch 719/906, Lx 1.2641, Lu 0.1237, Penalty 0.0789, loss 1.4667
Epoch 11, Batch 720/906, Lx 1.7180, Lu 0.1662, Penalty 0.0612, loss 1.9455
Epoch 11, Batch 721/906, Lx 1.6479, Lu 0.1597, Penalty 0.1713, loss 1.9789
Epoch 11, Batch 722/906, Lx 1.6433, Lu 0.1368, Penalty 0.1429, loss 1.9230
Epoch 11, Batch 723/906, Lx 1.8805, Lu 0.1925, Penalty 0.0990, loss 2.1720
Epoch 11, Batch 724/906, Lx 1.5034, Lu 0.1522, Penalty 0.0956, loss 1.7512
Epoch 11, Batch 725/906, Lx 1.8813, Lu 0.2132, Penalty 0.0915, loss 2.1860
Epoch 11, Batch 726/906, Lx 1.5868, Lu 0.1934, Penalty 0.0963, loss 1.8765
Epoch 11, Batch 727/906, Lx 1.5052, Lu 0.1626, Penalty 0.0877, loss 1.7555
Epoch 11, Batch 728/906, Lx 1.6821, Lu 0.1820, Penalty 0.0997, loss 1.9638
Epoch 11, Batch 729/906, Lx 1.8455, Lu 0.1862, Penalty 0.0665, loss 2.0982
Epoch 11, Batch 730/906, Lx 1.7582, Lu 0.1903, Penalty 0.0758, loss 2.0243
Epoch 11, Batch 731/906, Lx 1.4294, Lu 0.1251, Penalty 0.0757, loss 1.6302
Epoch 11, Batch 732/906, Lx 1.6425, Lu 0.1278, Penalty 0.0963, loss 1.8667
Epoch 11, Batch 733/906, Lx 1.5572, Lu 0.1800, Penalty 0.0481, loss 1.7853
Epoch 11, Batch 734/906, Lx 2.0694, Lu 0.2794, Penalty 0.0480, loss 2.3968
Epoch 11, Batch 735/906, Lx 1.6592, Lu 0.1931, Penalty 0.0946, loss 1.9469
Epoch 11, Batch 736/906, Lx 1.6175, Lu 0.2314, Penalty 0.0902, loss 1.9391
Epoch 11, Batch 737/906, Lx 1.7444, Lu 0.1351, Penalty 0.0734, loss 1.9529
Epoch 11, Batch 738/906, Lx 1.6772, Lu 0.1956, Penalty 0.0847, loss 1.9575
Epoch 11, Batch 739/906, Lx 1.5061, Lu 0.1164, Penalty 0.1206, loss 1.7431
Epoch 11, Batch 740/906, Lx 1.7734, Lu 0.1499, Penalty 0.1433, loss 2.0666
Epoch 11, Batch 741/906, Lx 1.7130, Lu 0.2170, Penalty 0.1036, loss 2.0335
Epoch 11, Batch 742/906, Lx 1.7342, Lu 0.1586, Penalty 0.1100, loss 2.0027
Epoch 11, Batch 743/906, Lx 1.8751, Lu 0.2054, Penalty 0.0881, loss 2.1686
Epoch 11, Batch 744/906, Lx 1.7126, Lu 0.1549, Penalty 0.0881, loss 1.9556
Epoch 11, Batch 745/906, Lx 1.4607, Lu 0.1584, Penalty 0.0902, loss 1.7094
Epoch 11, Batch 746/906, Lx 1.6688, Lu 0.1789, Penalty 0.0901, loss 1.9378
Epoch 11, Batch 747/906, Lx 1.6851, Lu 0.1531, Penalty 0.0584, loss 1.8965
Epoch 11, Batch 748/906, Lx 1.5545, Lu 0.1887, Penalty 0.1665, loss 1.9097
Epoch 11, Batch 749/906, Lx 1.7569, Lu 0.2386, Penalty 0.0734, loss 2.0689
Epoch 11, Batch 750/906, Lx 1.7343, Lu 0.1782, Penalty 0.0634, loss 1.9759
Epoch 11, Batch 751/906, Lx 1.5771, Lu 0.1331, Penalty 0.0858, loss 1.7960
Epoch 11, Batch 752/906, Lx 1.5884, Lu 0.2161, Penalty 0.0721, loss 1.8766
Epoch 11, Batch 753/906, Lx 2.0224, Lu 0.2464, Penalty 0.0881, loss 2.3568
Epoch 11, Batch 754/906, Lx 1.5868, Lu 0.1445, Penalty 0.0701, loss 1.8014
Epoch 11, Batch 755/906, Lx 1.7440, Lu 0.1760, Penalty 0.0420, loss 1.9620
Epoch 11, Batch 756/906, Lx 1.8696, Lu 0.2189, Penalty 0.1071, loss 2.1956
Epoch 11, Batch 757/906, Lx 1.5470, Lu 0.1593, Penalty 0.0827, loss 1.7891
Epoch 11, Batch 758/906, Lx 1.7998, Lu 0.1688, Penalty 0.0836, loss 2.0522
Epoch 11, Batch 759/906, Lx 1.6986, Lu 0.1489, Penalty 0.0405, loss 1.8880
Epoch 11, Batch 760/906, Lx 1.5765, Lu 0.2787, Penalty 0.0689, loss 1.9241
Epoch 11, Batch 761/906, Lx 1.8289, Lu 0.2331, Penalty 0.0570, loss 2.1190
Epoch 11, Batch 762/906, Lx 1.7031, Lu 0.2332, Penalty 0.0951, loss 2.0314
Epoch 11, Batch 763/906, Lx 1.9467, Lu 0.2675, Penalty 0.0853, loss 2.2995
Epoch 11, Batch 764/906, Lx 1.7863, Lu 0.2283, Penalty 0.1219, loss 2.1366
Epoch 11, Batch 765/906, Lx 1.7529, Lu 0.1929, Penalty 0.0979, loss 2.0436
Epoch 11, Batch 766/906, Lx 1.7182, Lu 0.1481, Penalty 0.0752, loss 1.9416
Epoch 11, Batch 767/906, Lx 1.7723, Lu 0.2380, Penalty 0.0879, loss 2.0981
Epoch 11, Batch 768/906, Lx 1.8304, Lu 0.2410, Penalty 0.1532, loss 2.2247
Epoch 11, Batch 769/906, Lx 1.7076, Lu 0.1268, Penalty 0.1842, loss 2.0186
Epoch 11, Batch 770/906, Lx 1.8160, Lu 0.1843, Penalty 0.1034, loss 2.1036
Epoch 11, Batch 771/906, Lx 1.5513, Lu 0.1405, Penalty 0.1278, loss 1.8196
Epoch 11, Batch 772/906, Lx 1.6171, Lu 0.1418, Penalty 0.1382, loss 1.8971
Epoch 11, Batch 773/906, Lx 1.2589, Lu 0.1048, Penalty 0.0817, loss 1.4454
Epoch 11, Batch 774/906, Lx 1.8852, Lu 0.2516, Penalty 0.0725, loss 2.2093
Epoch 11, Batch 775/906, Lx 1.8968, Lu 0.1794, Penalty 0.0818, loss 2.1579
Epoch 11, Batch 776/906, Lx 1.4878, Lu 0.2106, Penalty 0.0877, loss 1.7862
Epoch 11, Batch 777/906, Lx 1.7455, Lu 0.2483, Penalty 0.0715, loss 2.0653
Epoch 11, Batch 778/906, Lx 1.7187, Lu 0.1608, Penalty 0.0425, loss 1.9221
Epoch 11, Batch 779/906, Lx 1.4947, Lu 0.1422, Penalty 0.0608, loss 1.6977
Epoch 11, Batch 780/906, Lx 1.6444, Lu 0.1763, Penalty 0.0646, loss 1.8853
Epoch 11, Batch 781/906, Lx 1.5067, Lu 0.1135, Penalty 0.0820, loss 1.7023
Epoch 11, Batch 782/906, Lx 1.8264, Lu 0.3421, Penalty 0.0707, loss 2.2392
Epoch 11, Batch 783/906, Lx 1.6960, Lu 0.1568, Penalty 0.0592, loss 1.9120
Epoch 11, Batch 784/906, Lx 1.6113, Lu 0.1241, Penalty 0.0934, loss 1.8288
Epoch 11, Batch 785/906, Lx 1.6042, Lu 0.2063, Penalty 0.0955, loss 1.9060
Epoch 11, Batch 786/906, Lx 1.7881, Lu 0.1470, Penalty 0.1344, loss 2.0695
Epoch 11, Batch 787/906, Lx 1.6542, Lu 0.1463, Penalty 0.1115, loss 1.9119
Epoch 11, Batch 788/906, Lx 1.4522, Lu 0.1436, Penalty 0.0878, loss 1.6836
Epoch 11, Batch 789/906, Lx 1.7470, Lu 0.1668, Penalty 0.0971, loss 2.0108
Epoch 11, Batch 790/906, Lx 1.7912, Lu 0.2749, Penalty 0.0954, loss 2.1615
Epoch 11, Batch 791/906, Lx 1.5202, Lu 0.1596, Penalty 0.0932, loss 1.7730
Epoch 11, Batch 792/906, Lx 1.6092, Lu 0.1906, Penalty 0.0939, loss 1.8937
Epoch 11, Batch 793/906, Lx 1.5226, Lu 0.1945, Penalty 0.0933, loss 1.8104
Epoch 11, Batch 794/906, Lx 1.8087, Lu 0.1825, Penalty 0.0349, loss 2.0261
Epoch 11, Batch 795/906, Lx 1.9017, Lu 0.1188, Penalty 0.0969, loss 2.1174
Epoch 11, Batch 796/906, Lx 1.6013, Lu 0.1865, Penalty 0.0814, loss 1.8692
Epoch 11, Batch 797/906, Lx 1.7340, Lu 0.1622, Penalty 0.0975, loss 1.9937
Epoch 11, Batch 798/906, Lx 1.5748, Lu 0.1566, Penalty 0.1372, loss 1.8686
Epoch 11, Batch 799/906, Lx 1.7833, Lu 0.1532, Penalty 0.0883, loss 2.0248
Epoch 11, Batch 800/906, Lx 1.7915, Lu 0.1992, Penalty 0.0961, loss 2.0869
Epoch 11, Batch 801/906, Lx 1.6597, Lu 0.2364, Penalty 0.1369, loss 2.0330
Epoch 11, Batch 802/906, Lx 1.6201, Lu 0.1319, Penalty 0.1077, loss 1.8597
Epoch 11, Batch 803/906, Lx 1.6215, Lu 0.1614, Penalty 0.0949, loss 1.8778
Epoch 11, Batch 804/906, Lx 1.6883, Lu 0.2313, Penalty 0.0802, loss 1.9997
Epoch 11, Batch 805/906, Lx 1.8416, Lu 0.2610, Penalty 0.1118, loss 2.2144
Epoch 11, Batch 806/906, Lx 1.7844, Lu 0.2175, Penalty 0.1025, loss 2.1044
Epoch 11, Batch 807/906, Lx 1.5982, Lu 0.2513, Penalty 0.1089, loss 1.9583
Epoch 11, Batch 808/906, Lx 1.6607, Lu 0.2233, Penalty 0.1023, loss 1.9864
Epoch 11, Batch 809/906, Lx 1.5152, Lu 0.1324, Penalty 0.0698, loss 1.7174
Epoch 11, Batch 810/906, Lx 1.5738, Lu 0.2135, Penalty 0.1178, loss 1.9051
Epoch 11, Batch 811/906, Lx 1.8106, Lu 0.2086, Penalty 0.1389, loss 2.1581
Epoch 11, Batch 812/906, Lx 1.5400, Lu 0.1181, Penalty 0.1094, loss 1.7675
Epoch 11, Batch 813/906, Lx 1.6571, Lu 0.1796, Penalty 0.0679, loss 1.9046
Epoch 11, Batch 814/906, Lx 1.6728, Lu 0.1794, Penalty 0.0405, loss 1.8927
Epoch 11, Batch 815/906, Lx 1.8561, Lu 0.1779, Penalty 0.1003, loss 2.1343
Epoch 11, Batch 816/906, Lx 1.8521, Lu 0.2650, Penalty 0.0595, loss 2.1766
Epoch 11, Batch 817/906, Lx 1.7321, Lu 0.1318, Penalty 0.0848, loss 1.9487
Epoch 11, Batch 818/906, Lx 1.5336, Lu 0.1808, Penalty 0.0867, loss 1.8012
Epoch 11, Batch 819/906, Lx 1.8874, Lu 0.1939, Penalty 0.0980, loss 2.1794
Epoch 11, Batch 820/906, Lx 1.7801, Lu 0.2077, Penalty 0.0544, loss 2.0423
Epoch 11, Batch 821/906, Lx 1.5108, Lu 0.1456, Penalty 0.1246, loss 1.7809
Epoch 11, Batch 822/906, Lx 1.6919, Lu 0.1644, Penalty 0.0526, loss 1.9089
Epoch 11, Batch 823/906, Lx 1.5938, Lu 0.2000, Penalty 0.1227, loss 1.9165
Epoch 11, Batch 824/906, Lx 1.8372, Lu 0.0940, Penalty 0.0820, loss 2.0131
Epoch 11, Batch 825/906, Lx 1.5720, Lu 0.1603, Penalty 0.0818, loss 1.8141
Epoch 11, Batch 826/906, Lx 1.6247, Lu 0.1615, Penalty 0.0864, loss 1.8726
Epoch 11, Batch 827/906, Lx 1.8557, Lu 0.2156, Penalty 0.1710, loss 2.2423
Epoch 11, Batch 828/906, Lx 1.5581, Lu 0.1201, Penalty 0.1773, loss 1.8555
Epoch 11, Batch 829/906, Lx 1.5686, Lu 0.1359, Penalty 0.1962, loss 1.9007
Epoch 11, Batch 830/906, Lx 1.9660, Lu 0.1794, Penalty 0.1528, loss 2.2982
Epoch 11, Batch 831/906, Lx 2.0432, Lu 0.1788, Penalty 0.0726, loss 2.2946
Epoch 11, Batch 832/906, Lx 1.7847, Lu 0.2307, Penalty 0.0871, loss 2.1024
Epoch 11, Batch 833/906, Lx 1.6983, Lu 0.1850, Penalty 0.0911, loss 1.9744
Epoch 11, Batch 834/906, Lx 1.6513, Lu 0.1777, Penalty 0.0611, loss 1.8902
Epoch 11, Batch 835/906, Lx 1.7066, Lu 0.1629, Penalty 0.0861, loss 1.9556
Epoch 11, Batch 836/906, Lx 1.5586, Lu 0.1432, Penalty 0.1118, loss 1.8137
Epoch 11, Batch 837/906, Lx 1.5061, Lu 0.1460, Penalty 0.0442, loss 1.6964
Epoch 11, Batch 838/906, Lx 1.4255, Lu 0.1765, Penalty 0.1055, loss 1.7075
Epoch 11, Batch 839/906, Lx 1.8044, Lu 0.2041, Penalty 0.0926, loss 2.1011
Epoch 11, Batch 840/906, Lx 1.5919, Lu 0.1562, Penalty 0.0694, loss 1.8176
Epoch 11, Batch 841/906, Lx 1.5990, Lu 0.2512, Penalty 0.0615, loss 1.9118
Epoch 11, Batch 842/906, Lx 1.5686, Lu 0.1305, Penalty 0.0843, loss 1.7834
Epoch 11, Batch 843/906, Lx 1.7931, Lu 0.1934, Penalty 0.1355, loss 2.1220
Epoch 11, Batch 844/906, Lx 1.6240, Lu 0.2576, Penalty 0.0916, loss 1.9733
Epoch 11, Batch 845/906, Lx 1.6795, Lu 0.1341, Penalty 0.1650, loss 1.9787
Epoch 11, Batch 846/906, Lx 1.6289, Lu 0.1986, Penalty 0.0663, loss 1.8938
Epoch 11, Batch 847/906, Lx 1.6698, Lu 0.1323, Penalty 0.0883, loss 1.8904
Epoch 11, Batch 848/906, Lx 1.6251, Lu 0.1626, Penalty 0.1159, loss 1.9035
Epoch 11, Batch 849/906, Lx 1.7416, Lu 0.1359, Penalty 0.0762, loss 1.9536
Epoch 11, Batch 850/906, Lx 1.9376, Lu 0.2018, Penalty 0.0756, loss 2.2149
Epoch 11, Batch 851/906, Lx 1.5984, Lu 0.1328, Penalty 0.0828, loss 1.8140
Epoch 11, Batch 852/906, Lx 1.6378, Lu 0.1917, Penalty 0.1158, loss 1.9452
Epoch 11, Batch 853/906, Lx 1.8460, Lu 0.2145, Penalty 0.1462, loss 2.2067
Epoch 11, Batch 854/906, Lx 1.7032, Lu 0.1707, Penalty 0.1386, loss 2.0125
Epoch 11, Batch 855/906, Lx 1.6586, Lu 0.1719, Penalty 0.0789, loss 1.9094
Epoch 11, Batch 856/906, Lx 1.7883, Lu 0.1868, Penalty 0.1742, loss 2.1492
Epoch 11, Batch 857/906, Lx 1.5089, Lu 0.1000, Penalty 0.0711, loss 1.6800
Epoch 11, Batch 858/906, Lx 1.5716, Lu 0.1081, Penalty 0.1014, loss 1.7811
Epoch 11, Batch 859/906, Lx 1.8432, Lu 0.2394, Penalty 0.0841, loss 2.1667
Epoch 11, Batch 860/906, Lx 1.5701, Lu 0.1424, Penalty 0.1174, loss 1.8299
Epoch 11, Batch 861/906, Lx 1.6452, Lu 0.1708, Penalty 0.1150, loss 1.9310
Epoch 11, Batch 862/906, Lx 1.5590, Lu 0.1107, Penalty 0.0984, loss 1.7681
Epoch 11, Batch 863/906, Lx 1.7130, Lu 0.1850, Penalty 0.1002, loss 1.9982
Epoch 11, Batch 864/906, Lx 1.7074, Lu 0.1675, Penalty 0.0515, loss 1.9263
Epoch 11, Batch 865/906, Lx 1.5007, Lu 0.1471, Penalty 0.0903, loss 1.7381
Epoch 11, Batch 866/906, Lx 1.8002, Lu 0.2526, Penalty 0.1093, loss 2.1620
Epoch 11, Batch 867/906, Lx 1.7834, Lu 0.1886, Penalty 0.0692, loss 2.0412
Epoch 11, Batch 868/906, Lx 1.3514, Lu 0.1047, Penalty 0.0550, loss 1.5111
Epoch 11, Batch 869/906, Lx 1.8580, Lu 0.1834, Penalty 0.0644, loss 2.1057
Epoch 11, Batch 870/906, Lx 1.6216, Lu 0.1706, Penalty 0.1622, loss 1.9545
Epoch 11, Batch 871/906, Lx 1.7262, Lu 0.1919, Penalty 0.0580, loss 1.9761
Epoch 11, Batch 872/906, Lx 1.7571, Lu 0.2823, Penalty 0.0699, loss 2.1093
Epoch 11, Batch 873/906, Lx 1.7067, Lu 0.2247, Penalty 0.0489, loss 1.9803
Epoch 11, Batch 874/906, Lx 1.5579, Lu 0.1966, Penalty 0.0473, loss 1.8018
Epoch 11, Batch 875/906, Lx 1.7314, Lu 0.1371, Penalty 0.0895, loss 1.9580
Epoch 11, Batch 876/906, Lx 1.7366, Lu 0.2191, Penalty 0.1063, loss 2.0621
Epoch 11, Batch 877/906, Lx 1.5707, Lu 0.1085, Penalty 0.0388, loss 1.7179
Epoch 11, Batch 878/906, Lx 1.7707, Lu 0.1589, Penalty 0.0674, loss 1.9971
Epoch 11, Batch 879/906, Lx 1.6397, Lu 0.2219, Penalty 0.0844, loss 1.9460
Epoch 11, Batch 880/906, Lx 1.3769, Lu 0.1564, Penalty 0.0814, loss 1.6146
Epoch 11, Batch 881/906, Lx 1.6070, Lu 0.1555, Penalty 0.0957, loss 1.8583
Epoch 11, Batch 882/906, Lx 1.5935, Lu 0.1427, Penalty 0.1016, loss 1.8378
Epoch 11, Batch 883/906, Lx 1.6787, Lu 0.1985, Penalty 0.1336, loss 2.0108
Epoch 11, Batch 884/906, Lx 1.6340, Lu 0.1390, Penalty 0.0737, loss 1.8467
Epoch 11, Batch 885/906, Lx 1.6629, Lu 0.1683, Penalty 0.1728, loss 2.0039
Epoch 11, Batch 886/906, Lx 1.4832, Lu 0.1306, Penalty 0.0778, loss 1.6917
Epoch 11, Batch 887/906, Lx 1.6463, Lu 0.1775, Penalty 0.1432, loss 1.9670
Epoch 11, Batch 888/906, Lx 1.8042, Lu 0.2113, Penalty 0.1705, loss 2.1860
Epoch 11, Batch 889/906, Lx 1.7432, Lu 0.2075, Penalty 0.1526, loss 2.1032
Epoch 11, Batch 890/906, Lx 1.5275, Lu 0.1792, Penalty 0.0928, loss 1.7995
Epoch 11, Batch 891/906, Lx 1.5748, Lu 0.1349, Penalty 0.0789, loss 1.7887
Epoch 11, Batch 892/906, Lx 1.8153, Lu 0.2643, Penalty 0.0572, loss 2.1367
Epoch 11, Batch 893/906, Lx 1.8427, Lu 0.3378, Penalty 0.0389, loss 2.2195
Epoch 11, Batch 894/906, Lx 1.6113, Lu 0.1560, Penalty 0.0840, loss 1.8513
Epoch 11, Batch 895/906, Lx 1.7118, Lu 0.2367, Penalty 0.0611, loss 2.0096
Epoch 11, Batch 896/906, Lx 1.7303, Lu 0.2419, Penalty 0.0705, loss 2.0426
Epoch 11, Batch 897/906, Lx 1.7101, Lu 0.2082, Penalty 0.0456, loss 1.9638
Epoch 11, Batch 898/906, Lx 1.6192, Lu 0.1359, Penalty 0.0677, loss 1.8228
Epoch 11, Batch 899/906, Lx 1.6470, Lu 0.2435, Penalty 0.0904, loss 1.9809
Epoch 11, Batch 900/906, Lx 1.5903, Lu 0.1678, Penalty 0.0314, loss 1.7895
Epoch 11, Batch 901/906, Lx 1.7375, Lu 0.1799, Penalty 0.1173, loss 2.0346
Epoch 11, Batch 902/906, Lx 1.6222, Lu 0.1323, Penalty 0.1446, loss 1.8992
Epoch 11, Batch 903/906, Lx 1.8510, Lu 0.2598, Penalty 0.0910, loss 2.2019
Epoch 11, Batch 904/906, Lx 1.7267, Lu 0.1512, Penalty 0.0517, loss 1.9296
Epoch 11, Batch 905/906, Lx 1.7679, Lu 0.1471, Penalty 0.0508, loss 1.9657
Epoch 11, Batch 906/906, Lx 1.5522, Lu 0.1340, Penalty 0.1282, loss 1.8144
Loss: 1.9545, Lx: 1.6758, Lu: 0.1834, Penalty: 0.0954
Training for Network 2
labelled data size: 22258
unlabelled data size: 19742
Epoch 11, Batch 1/696, Lx 1.3562, Lu 0.1788, Penalty 0.1368, loss 1.6717
Epoch 11, Batch 2/696, Lx 1.5249, Lu 0.2072, Penalty 0.0739, loss 1.8060
Epoch 11, Batch 3/696, Lx 1.4527, Lu 0.2721, Penalty 0.0737, loss 1.7986
Epoch 11, Batch 4/696, Lx 1.6514, Lu 0.1609, Penalty 0.0594, loss 1.8717
Epoch 11, Batch 5/696, Lx 1.5535, Lu 0.2283, Penalty 0.1487, loss 1.9306
Epoch 11, Batch 6/696, Lx 1.3886, Lu 0.1715, Penalty 0.0661, loss 1.6262
Epoch 11, Batch 7/696, Lx 1.3092, Lu 0.1573, Penalty 0.1153, loss 1.5819
Epoch 11, Batch 8/696, Lx 1.5284, Lu 0.1648, Penalty 0.0982, loss 1.7913
Epoch 11, Batch 9/696, Lx 1.4258, Lu 0.1439, Penalty 0.1843, loss 1.7540
Epoch 11, Batch 10/696, Lx 1.4180, Lu 0.1832, Penalty 0.1073, loss 1.7085
Epoch 11, Batch 11/696, Lx 1.3396, Lu 0.1560, Penalty 0.0991, loss 1.5947
Epoch 11, Batch 12/696, Lx 1.4260, Lu 0.2202, Penalty 0.1086, loss 1.7548
Epoch 11, Batch 13/696, Lx 1.5624, Lu 0.2550, Penalty 0.0674, loss 1.8848
Epoch 11, Batch 14/696, Lx 1.5126, Lu 0.2379, Penalty 0.1087, loss 1.8592
Epoch 11, Batch 15/696, Lx 1.4535, Lu 0.1909, Penalty 0.0995, loss 1.7439
Epoch 11, Batch 16/696, Lx 1.3948, Lu 0.2412, Penalty 0.0866, loss 1.7226
Epoch 11, Batch 17/696, Lx 1.3140, Lu 0.1665, Penalty 0.1081, loss 1.5887
Epoch 11, Batch 18/696, Lx 1.5340, Lu 0.1578, Penalty 0.0650, loss 1.7569
Epoch 11, Batch 19/696, Lx 1.3479, Lu 0.1303, Penalty 0.1251, loss 1.6033
Epoch 11, Batch 20/696, Lx 1.6327, Lu 0.1942, Penalty 0.0595, loss 1.8864
Epoch 11, Batch 21/696, Lx 1.5681, Lu 0.1996, Penalty 0.2073, loss 1.9750
Epoch 11, Batch 22/696, Lx 1.5215, Lu 0.1525, Penalty 0.2407, loss 1.9148
Epoch 11, Batch 23/696, Lx 1.5771, Lu 0.2006, Penalty 0.0725, loss 1.8502
Epoch 11, Batch 24/696, Lx 1.3246, Lu 0.1628, Penalty 0.1481, loss 1.6356
Epoch 11, Batch 25/696, Lx 1.3506, Lu 0.1643, Penalty 0.1353, loss 1.6502
Epoch 11, Batch 26/696, Lx 1.5454, Lu 0.1773, Penalty 0.1061, loss 1.8288
Epoch 11, Batch 27/696, Lx 1.6138, Lu 0.2226, Penalty 0.0904, loss 1.9267
Epoch 11, Batch 28/696, Lx 1.3417, Lu 0.1562, Penalty 0.1191, loss 1.6170
Epoch 11, Batch 29/696, Lx 1.2324, Lu 0.1370, Penalty 0.0681, loss 1.4375
Epoch 11, Batch 30/696, Lx 1.3057, Lu 0.1915, Penalty 0.0589, loss 1.5560
Epoch 11, Batch 31/696, Lx 1.3155, Lu 0.2164, Penalty 0.0784, loss 1.6103
Epoch 11, Batch 32/696, Lx 1.4539, Lu 0.2414, Penalty 0.1591, loss 1.8544
Epoch 11, Batch 33/696, Lx 1.1416, Lu 0.2034, Penalty 0.0753, loss 1.4203
Epoch 11, Batch 34/696, Lx 1.4755, Lu 0.1739, Penalty 0.0651, loss 1.7145
Epoch 11, Batch 35/696, Lx 1.3047, Lu 0.2006, Penalty 0.0921, loss 1.5974
Epoch 11, Batch 36/696, Lx 1.7228, Lu 0.2752, Penalty 0.0738, loss 2.0718
Epoch 11, Batch 37/696, Lx 1.5138, Lu 0.1872, Penalty 0.0477, loss 1.7488
Epoch 11, Batch 38/696, Lx 1.5071, Lu 0.2415, Penalty 0.0678, loss 1.8164
Epoch 11, Batch 39/696, Lx 1.3408, Lu 0.1176, Penalty 0.1319, loss 1.5903
Epoch 11, Batch 40/696, Lx 1.4767, Lu 0.1339, Penalty 0.1474, loss 1.7580
Epoch 11, Batch 41/696, Lx 1.2792, Lu 0.0989, Penalty 0.0936, loss 1.4716
Epoch 11, Batch 42/696, Lx 1.4459, Lu 0.1660, Penalty 0.1438, loss 1.7557
Epoch 11, Batch 43/696, Lx 1.5201, Lu 0.1721, Penalty 0.1761, loss 1.8682
Epoch 11, Batch 44/696, Lx 1.4132, Lu 0.1489, Penalty 0.1369, loss 1.6990
Epoch 11, Batch 45/696, Lx 1.2584, Lu 0.1136, Penalty 0.1786, loss 1.5505
Epoch 11, Batch 46/696, Lx 1.5304, Lu 0.1789, Penalty 0.0943, loss 1.8036
Epoch 11, Batch 47/696, Lx 1.3963, Lu 0.2231, Penalty 0.1468, loss 1.7662
Epoch 11, Batch 48/696, Lx 1.3828, Lu 0.1294, Penalty 0.1187, loss 1.6309
Epoch 11, Batch 49/696, Lx 1.1850, Lu 0.1561, Penalty 0.0892, loss 1.4302
Epoch 11, Batch 50/696, Lx 1.5947, Lu 0.2080, Penalty 0.1247, loss 1.9274
Epoch 11, Batch 51/696, Lx 1.4310, Lu 0.1878, Penalty 0.0893, loss 1.7081
Epoch 11, Batch 52/696, Lx 1.3389, Lu 0.0995, Penalty 0.0935, loss 1.5319
Epoch 11, Batch 53/696, Lx 1.3526, Lu 0.1393, Penalty 0.0750, loss 1.5669
Epoch 11, Batch 54/696, Lx 1.4564, Lu 0.2213, Penalty 0.0563, loss 1.7340
Epoch 11, Batch 55/696, Lx 1.5447, Lu 0.2207, Penalty 0.1182, loss 1.8836
Epoch 11, Batch 56/696, Lx 1.1888, Lu 0.1637, Penalty 0.0748, loss 1.4273
Epoch 11, Batch 57/696, Lx 1.5237, Lu 0.1684, Penalty 0.0598, loss 1.7519
Epoch 11, Batch 58/696, Lx 1.4917, Lu 0.2250, Penalty 0.1057, loss 1.8224
Epoch 11, Batch 59/696, Lx 1.2473, Lu 0.1282, Penalty 0.1778, loss 1.5533
Epoch 11, Batch 60/696, Lx 1.4423, Lu 0.1984, Penalty 0.1007, loss 1.7414
Epoch 11, Batch 61/696, Lx 1.3496, Lu 0.1982, Penalty 0.0977, loss 1.6455
Epoch 11, Batch 62/696, Lx 1.6272, Lu 0.1886, Penalty 0.0948, loss 1.9106
Epoch 11, Batch 63/696, Lx 1.4838, Lu 0.1828, Penalty 0.1275, loss 1.7941
Epoch 11, Batch 64/696, Lx 1.7943, Lu 0.1697, Penalty 0.0477, loss 2.0117
Epoch 11, Batch 65/696, Lx 1.4620, Lu 0.1445, Penalty 0.1534, loss 1.7599
Epoch 11, Batch 66/696, Lx 1.4181, Lu 0.1310, Penalty 0.0949, loss 1.6440
Epoch 11, Batch 67/696, Lx 1.6415, Lu 0.2940, Penalty 0.0726, loss 2.0081
Epoch 11, Batch 68/696, Lx 1.4972, Lu 0.2005, Penalty 0.0876, loss 1.7854
Epoch 11, Batch 69/696, Lx 1.3165, Lu 0.1443, Penalty 0.0733, loss 1.5341
Epoch 11, Batch 70/696, Lx 1.4144, Lu 0.1687, Penalty 0.1341, loss 1.7172
Epoch 11, Batch 71/696, Lx 1.6610, Lu 0.1625, Penalty 0.0990, loss 1.9224
Epoch 11, Batch 72/696, Lx 1.4809, Lu 0.2241, Penalty 0.1054, loss 1.8103
Epoch 11, Batch 73/696, Lx 1.4816, Lu 0.1429, Penalty 0.0618, loss 1.6863
Epoch 11, Batch 74/696, Lx 1.2996, Lu 0.1922, Penalty 0.0627, loss 1.5546
Epoch 11, Batch 75/696, Lx 1.3587, Lu 0.1978, Penalty 0.1139, loss 1.6703
Epoch 11, Batch 76/696, Lx 1.2962, Lu 0.1735, Penalty 0.0957, loss 1.5654
Epoch 11, Batch 77/696, Lx 1.4552, Lu 0.1741, Penalty 0.0426, loss 1.6719
Epoch 11, Batch 78/696, Lx 1.4022, Lu 0.1699, Penalty 0.1140, loss 1.6861
Epoch 11, Batch 79/696, Lx 1.5942, Lu 0.1842, Penalty 0.0806, loss 1.8591
Epoch 11, Batch 80/696, Lx 1.4706, Lu 0.1741, Penalty 0.1602, loss 1.8049
Epoch 11, Batch 81/696, Lx 1.4433, Lu 0.1107, Penalty 0.0735, loss 1.6275
Epoch 11, Batch 82/696, Lx 1.3269, Lu 0.1497, Penalty 0.0552, loss 1.5319
Epoch 11, Batch 83/696, Lx 1.4782, Lu 0.1463, Penalty 0.1487, loss 1.7731
Epoch 11, Batch 84/696, Lx 1.4044, Lu 0.1788, Penalty 0.0988, loss 1.6820
Epoch 11, Batch 85/696, Lx 1.3919, Lu 0.1547, Penalty 0.0860, loss 1.6327
Epoch 11, Batch 86/696, Lx 1.4406, Lu 0.1508, Penalty 0.0639, loss 1.6553
Epoch 11, Batch 87/696, Lx 1.6259, Lu 0.1428, Penalty 0.0962, loss 1.8649
Epoch 11, Batch 88/696, Lx 1.1558, Lu 0.1515, Penalty 0.1058, loss 1.4131
Epoch 11, Batch 89/696, Lx 1.4860, Lu 0.1732, Penalty 0.0616, loss 1.7208
Epoch 11, Batch 90/696, Lx 1.4370, Lu 0.1990, Penalty 0.0565, loss 1.6925
Epoch 11, Batch 91/696, Lx 1.3419, Lu 0.1909, Penalty 0.0968, loss 1.6295
Epoch 11, Batch 92/696, Lx 1.3218, Lu 0.1914, Penalty 0.0556, loss 1.5688
Epoch 11, Batch 93/696, Lx 1.5498, Lu 0.1560, Penalty 0.1047, loss 1.8105
Epoch 11, Batch 94/696, Lx 1.6318, Lu 0.2333, Penalty 0.1059, loss 1.9710
Epoch 11, Batch 95/696, Lx 1.3182, Lu 0.1468, Penalty 0.1012, loss 1.5662
Epoch 11, Batch 96/696, Lx 1.4461, Lu 0.1357, Penalty 0.1165, loss 1.6983
Epoch 11, Batch 97/696, Lx 1.4693, Lu 0.1319, Penalty 0.1468, loss 1.7479
Epoch 11, Batch 98/696, Lx 1.3655, Lu 0.1385, Penalty 0.1386, loss 1.6425
Epoch 11, Batch 99/696, Lx 1.4791, Lu 0.1728, Penalty 0.0956, loss 1.7474
Epoch 11, Batch 100/696, Lx 1.5637, Lu 0.1330, Penalty 0.1620, loss 1.8587
Epoch 11, Batch 101/696, Lx 1.4783, Lu 0.1480, Penalty 0.1496, loss 1.7759
Epoch 11, Batch 102/696, Lx 1.3398, Lu 0.1802, Penalty 0.0818, loss 1.6018
Epoch 11, Batch 103/696, Lx 1.3491, Lu 0.1777, Penalty 0.1826, loss 1.7094
Epoch 11, Batch 104/696, Lx 1.5094, Lu 0.2217, Penalty 0.0979, loss 1.8290
Epoch 11, Batch 105/696, Lx 1.3141, Lu 0.1547, Penalty 0.0846, loss 1.5534
Epoch 11, Batch 106/696, Lx 1.3207, Lu 0.1398, Penalty 0.0891, loss 1.5496
Epoch 11, Batch 107/696, Lx 1.3613, Lu 0.1622, Penalty 0.1058, loss 1.6293
Epoch 11, Batch 108/696, Lx 1.5753, Lu 0.2126, Penalty 0.0654, loss 1.8533
Epoch 11, Batch 109/696, Lx 1.5946, Lu 0.2224, Penalty 0.1520, loss 1.9690
Epoch 11, Batch 110/696, Lx 1.4662, Lu 0.1669, Penalty 0.0759, loss 1.7090
Epoch 11, Batch 111/696, Lx 1.4452, Lu 0.1696, Penalty 0.0972, loss 1.7120
Epoch 11, Batch 112/696, Lx 1.5095, Lu 0.2093, Penalty 0.0603, loss 1.7792
Epoch 11, Batch 113/696, Lx 1.2534, Lu 0.1301, Penalty 0.1108, loss 1.4943
Epoch 11, Batch 114/696, Lx 1.3697, Lu 0.1649, Penalty 0.0864, loss 1.6210
Epoch 11, Batch 115/696, Lx 1.3604, Lu 0.1358, Penalty 0.1448, loss 1.6409
Epoch 11, Batch 116/696, Lx 1.5317, Lu 0.1405, Penalty 0.1288, loss 1.8009
Epoch 11, Batch 117/696, Lx 1.2925, Lu 0.1279, Penalty 0.1364, loss 1.5568
Epoch 11, Batch 118/696, Lx 1.2082, Lu 0.1995, Penalty 0.0691, loss 1.4769
Epoch 11, Batch 119/696, Lx 1.4319, Lu 0.2071, Penalty 0.1109, loss 1.7500
Epoch 11, Batch 120/696, Lx 1.4733, Lu 0.1996, Penalty 0.0847, loss 1.7575
Epoch 11, Batch 121/696, Lx 1.5571, Lu 0.1665, Penalty 0.0999, loss 1.8236
Epoch 11, Batch 122/696, Lx 1.5926, Lu 0.1679, Penalty 0.1189, loss 1.8795
Epoch 11, Batch 123/696, Lx 1.4488, Lu 0.1618, Penalty 0.1375, loss 1.7481
Epoch 11, Batch 124/696, Lx 1.3766, Lu 0.1260, Penalty 0.1264, loss 1.6289
Epoch 11, Batch 125/696, Lx 1.5338, Lu 0.1687, Penalty 0.0872, loss 1.7896
Epoch 11, Batch 126/696, Lx 1.4547, Lu 0.2050, Penalty 0.0873, loss 1.7470
Epoch 11, Batch 127/696, Lx 1.4053, Lu 0.1525, Penalty 0.1283, loss 1.6861
Epoch 11, Batch 128/696, Lx 1.4446, Lu 0.1624, Penalty 0.0960, loss 1.7030
Epoch 11, Batch 129/696, Lx 1.4954, Lu 0.1540, Penalty 0.1120, loss 1.7614
Epoch 11, Batch 130/696, Lx 1.4962, Lu 0.1646, Penalty 0.0809, loss 1.7417
Epoch 11, Batch 131/696, Lx 1.7432, Lu 0.1497, Penalty 0.0368, loss 1.9297
Epoch 11, Batch 132/696, Lx 1.3773, Lu 0.1157, Penalty 0.1454, loss 1.6384
Epoch 11, Batch 133/696, Lx 1.4576, Lu 0.1601, Penalty 0.1091, loss 1.7269
Epoch 11, Batch 134/696, Lx 1.3139, Lu 0.1426, Penalty 0.1429, loss 1.5994
Epoch 11, Batch 135/696, Lx 1.6085, Lu 0.1997, Penalty 0.0946, loss 1.9028
Epoch 11, Batch 136/696, Lx 1.2468, Lu 0.1280, Penalty 0.1242, loss 1.4990
Epoch 11, Batch 137/696, Lx 1.5606, Lu 0.1511, Penalty 0.0750, loss 1.7867
Epoch 11, Batch 138/696, Lx 1.3651, Lu 0.1933, Penalty 0.1029, loss 1.6613
Epoch 11, Batch 139/696, Lx 1.1225, Lu 0.1448, Penalty 0.0984, loss 1.3657
Epoch 11, Batch 140/696, Lx 1.3384, Lu 0.1668, Penalty 0.1102, loss 1.6153
Epoch 11, Batch 141/696, Lx 1.4440, Lu 0.1798, Penalty 0.0882, loss 1.7120
Epoch 11, Batch 142/696, Lx 1.4858, Lu 0.1952, Penalty 0.0862, loss 1.7672
Epoch 11, Batch 143/696, Lx 1.4003, Lu 0.1723, Penalty 0.0858, loss 1.6584
Epoch 11, Batch 144/696, Lx 1.4354, Lu 0.1657, Penalty 0.0791, loss 1.6802
Epoch 11, Batch 145/696, Lx 1.4628, Lu 0.1628, Penalty 0.1310, loss 1.7566
Epoch 11, Batch 146/696, Lx 1.6946, Lu 0.1967, Penalty 0.0760, loss 1.9672
Epoch 11, Batch 147/696, Lx 1.3866, Lu 0.1379, Penalty 0.1040, loss 1.6285
Epoch 11, Batch 148/696, Lx 1.3693, Lu 0.1660, Penalty 0.0990, loss 1.6342
Epoch 11, Batch 149/696, Lx 1.3838, Lu 0.1406, Penalty 0.0548, loss 1.5791
Epoch 11, Batch 150/696, Lx 1.4005, Lu 0.1955, Penalty 0.0785, loss 1.6745
Epoch 11, Batch 151/696, Lx 1.4361, Lu 0.1235, Penalty 0.1204, loss 1.6799
Epoch 11, Batch 152/696, Lx 1.3144, Lu 0.1353, Penalty 0.1517, loss 1.6014
Epoch 11, Batch 153/696, Lx 1.5936, Lu 0.1604, Penalty 0.1163, loss 1.8702
Epoch 11, Batch 154/696, Lx 1.5167, Lu 0.1742, Penalty 0.0977, loss 1.7886
Epoch 11, Batch 155/696, Lx 1.4341, Lu 0.1531, Penalty 0.1798, loss 1.7669
Epoch 11, Batch 156/696, Lx 1.4398, Lu 0.1686, Penalty 0.1320, loss 1.7404
Epoch 11, Batch 157/696, Lx 1.5200, Lu 0.1523, Penalty 0.1871, loss 1.8593
Epoch 11, Batch 158/696, Lx 1.4330, Lu 0.1529, Penalty 0.1390, loss 1.7248
Epoch 11, Batch 159/696, Lx 1.3890, Lu 0.1958, Penalty 0.1332, loss 1.7180
Epoch 11, Batch 160/696, Lx 1.5383, Lu 0.2005, Penalty 0.1024, loss 1.8412
Epoch 11, Batch 161/696, Lx 1.4201, Lu 0.2096, Penalty 0.0488, loss 1.6785
Epoch 11, Batch 162/696, Lx 1.5558, Lu 0.2224, Penalty 0.0880, loss 1.8662
Epoch 11, Batch 163/696, Lx 1.5818, Lu 0.2372, Penalty 0.0835, loss 1.9025
Epoch 11, Batch 164/696, Lx 1.4231, Lu 0.2019, Penalty 0.0714, loss 1.6964
Epoch 11, Batch 165/696, Lx 1.3794, Lu 0.1949, Penalty 0.1289, loss 1.7032
Epoch 11, Batch 166/696, Lx 1.5023, Lu 0.1804, Penalty 0.1072, loss 1.7899
Epoch 11, Batch 167/696, Lx 1.4764, Lu 0.2380, Penalty 0.0758, loss 1.7903
Epoch 11, Batch 168/696, Lx 1.3609, Lu 0.1547, Penalty 0.1548, loss 1.6704
Epoch 11, Batch 169/696, Lx 1.1935, Lu 0.1078, Penalty 0.0896, loss 1.3910
Epoch 11, Batch 170/696, Lx 1.4720, Lu 0.1847, Penalty 0.0950, loss 1.7517
Epoch 11, Batch 171/696, Lx 1.4447, Lu 0.1798, Penalty 0.1092, loss 1.7337
Epoch 11, Batch 172/696, Lx 1.2084, Lu 0.1405, Penalty 0.0798, loss 1.4286
Epoch 11, Batch 173/696, Lx 1.1836, Lu 0.1294, Penalty 0.1400, loss 1.4530
Epoch 11, Batch 174/696, Lx 1.5731, Lu 0.1524, Penalty 0.0744, loss 1.7999
Epoch 11, Batch 175/696, Lx 1.4368, Lu 0.2008, Penalty 0.0920, loss 1.7296
Epoch 11, Batch 176/696, Lx 1.3415, Lu 0.1948, Penalty 0.0608, loss 1.5971
Epoch 11, Batch 177/696, Lx 1.5687, Lu 0.1657, Penalty 0.1146, loss 1.8490
Epoch 11, Batch 178/696, Lx 1.3864, Lu 0.1778, Penalty 0.0899, loss 1.6541
Epoch 11, Batch 179/696, Lx 1.3880, Lu 0.1202, Penalty 0.1609, loss 1.6691
Epoch 11, Batch 180/696, Lx 1.3457, Lu 0.1385, Penalty 0.0820, loss 1.5663
Epoch 11, Batch 181/696, Lx 1.4073, Lu 0.1901, Penalty 0.1440, loss 1.7413
Epoch 11, Batch 182/696, Lx 1.5401, Lu 0.1906, Penalty 0.1070, loss 1.8377
Epoch 11, Batch 183/696, Lx 1.6210, Lu 0.1733, Penalty 0.0809, loss 1.8752
Epoch 11, Batch 184/696, Lx 1.5369, Lu 0.2291, Penalty 0.1337, loss 1.8998
Epoch 11, Batch 185/696, Lx 1.5815, Lu 0.1627, Penalty 0.1038, loss 1.8480
Epoch 11, Batch 186/696, Lx 1.5967, Lu 0.2018, Penalty 0.1106, loss 1.9091
Epoch 11, Batch 187/696, Lx 1.4230, Lu 0.1961, Penalty 0.0653, loss 1.6843
Epoch 11, Batch 188/696, Lx 1.2288, Lu 0.2040, Penalty 0.0820, loss 1.5147
Epoch 11, Batch 189/696, Lx 1.3998, Lu 0.1655, Penalty 0.1266, loss 1.6919
Epoch 11, Batch 190/696, Lx 1.2682, Lu 0.1340, Penalty 0.0598, loss 1.4621
Epoch 11, Batch 191/696, Lx 1.5365, Lu 0.1452, Penalty 0.1270, loss 1.8086
Epoch 11, Batch 192/696, Lx 1.4026, Lu 0.1651, Penalty 0.1114, loss 1.6790
Epoch 11, Batch 193/696, Lx 1.2320, Lu 0.1232, Penalty 0.0821, loss 1.4373
Epoch 11, Batch 194/696, Lx 1.5495, Lu 0.1893, Penalty 0.1011, loss 1.8398
Epoch 11, Batch 195/696, Lx 1.5512, Lu 0.2035, Penalty 0.0639, loss 1.8186
Epoch 11, Batch 196/696, Lx 1.1669, Lu 0.1209, Penalty 0.1516, loss 1.4394
Epoch 11, Batch 197/696, Lx 1.2390, Lu 0.1691, Penalty 0.0591, loss 1.4672
Epoch 11, Batch 198/696, Lx 1.6083, Lu 0.1845, Penalty 0.0946, loss 1.8874
Epoch 11, Batch 199/696, Lx 1.4613, Lu 0.2060, Penalty 0.0484, loss 1.7156
Epoch 11, Batch 200/696, Lx 1.4197, Lu 0.1641, Penalty 0.0619, loss 1.6457
Epoch 11, Batch 201/696, Lx 1.2536, Lu 0.1283, Penalty 0.1062, loss 1.4881
Epoch 11, Batch 202/696, Lx 1.4946, Lu 0.2150, Penalty 0.0610, loss 1.7707
Epoch 11, Batch 203/696, Lx 1.5970, Lu 0.1913, Penalty 0.1216, loss 1.9099
Epoch 11, Batch 204/696, Lx 1.4048, Lu 0.1713, Penalty 0.1236, loss 1.6997
Epoch 11, Batch 205/696, Lx 1.3925, Lu 0.1321, Penalty 0.1186, loss 1.6432
Epoch 11, Batch 206/696, Lx 1.6279, Lu 0.1479, Penalty 0.1373, loss 1.9131
Epoch 11, Batch 207/696, Lx 1.6379, Lu 0.1855, Penalty 0.0829, loss 1.9064
Epoch 11, Batch 208/696, Lx 1.4401, Lu 0.1565, Penalty 0.1019, loss 1.6986
Epoch 11, Batch 209/696, Lx 1.4674, Lu 0.2105, Penalty 0.1921, loss 1.8699
Epoch 11, Batch 210/696, Lx 1.5920, Lu 0.1370, Penalty 0.0855, loss 1.8145
Epoch 11, Batch 211/696, Lx 1.6140, Lu 0.2584, Penalty 0.0878, loss 1.9602
Epoch 11, Batch 212/696, Lx 1.5959, Lu 0.2355, Penalty 0.0879, loss 1.9192
Epoch 11, Batch 213/696, Lx 1.4585, Lu 0.1467, Penalty 0.1777, loss 1.7830
Epoch 11, Batch 214/696, Lx 1.6040, Lu 0.2225, Penalty 0.0853, loss 1.9118
Epoch 11, Batch 215/696, Lx 1.3265, Lu 0.1383, Penalty 0.1127, loss 1.5775
Epoch 11, Batch 216/696, Lx 1.5331, Lu 0.1889, Penalty 0.1438, loss 1.8658
Epoch 11, Batch 217/696, Lx 1.4995, Lu 0.1526, Penalty 0.0898, loss 1.7419
Epoch 11, Batch 218/696, Lx 1.3717, Lu 0.1323, Penalty 0.0728, loss 1.5768
Epoch 11, Batch 219/696, Lx 1.5227, Lu 0.1697, Penalty 0.0681, loss 1.7605
Epoch 11, Batch 220/696, Lx 1.3856, Lu 0.1325, Penalty 0.1240, loss 1.6421
Epoch 11, Batch 221/696, Lx 1.4054, Lu 0.1695, Penalty 0.0741, loss 1.6490
Epoch 11, Batch 222/696, Lx 1.4626, Lu 0.1715, Penalty 0.1223, loss 1.7564
Epoch 11, Batch 223/696, Lx 1.4306, Lu 0.1999, Penalty 0.0872, loss 1.7177
Epoch 11, Batch 224/696, Lx 1.2984, Lu 0.1640, Penalty 0.0680, loss 1.5304
Epoch 11, Batch 225/696, Lx 1.2721, Lu 0.1608, Penalty 0.1033, loss 1.5361
Epoch 11, Batch 226/696, Lx 1.4775, Lu 0.1617, Penalty 0.0640, loss 1.7033
Epoch 11, Batch 227/696, Lx 1.4754, Lu 0.2355, Penalty 0.0797, loss 1.7906
Epoch 11, Batch 228/696, Lx 1.4307, Lu 0.1497, Penalty 0.1272, loss 1.7076
Epoch 11, Batch 229/696, Lx 1.4041, Lu 0.1871, Penalty 0.1072, loss 1.6984
Epoch 11, Batch 230/696, Lx 1.3396, Lu 0.1177, Penalty 0.1204, loss 1.5776
Epoch 11, Batch 231/696, Lx 1.2525, Lu 0.1570, Penalty 0.1255, loss 1.5350
Epoch 11, Batch 232/696, Lx 1.7871, Lu 0.2064, Penalty 0.1594, loss 2.1529
Epoch 11, Batch 233/696, Lx 1.3600, Lu 0.1460, Penalty 0.0717, loss 1.5778
Epoch 11, Batch 234/696, Lx 1.4441, Lu 0.2032, Penalty 0.1153, loss 1.7626
Epoch 11, Batch 235/696, Lx 1.4925, Lu 0.1738, Penalty 0.0526, loss 1.7189
Epoch 11, Batch 236/696, Lx 1.5167, Lu 0.1846, Penalty 0.1031, loss 1.8043
Epoch 11, Batch 237/696, Lx 1.5665, Lu 0.1853, Penalty 0.1075, loss 1.8594
Epoch 11, Batch 238/696, Lx 1.4523, Lu 0.1320, Penalty 0.0992, loss 1.6836
Epoch 11, Batch 239/696, Lx 1.3847, Lu 0.1675, Penalty 0.0650, loss 1.6172
Epoch 11, Batch 240/696, Lx 1.1854, Lu 0.1106, Penalty 0.0668, loss 1.3628
Epoch 11, Batch 241/696, Lx 1.3067, Lu 0.1459, Penalty 0.0903, loss 1.5429
Epoch 11, Batch 242/696, Lx 1.5517, Lu 0.1803, Penalty 0.0585, loss 1.7905
Epoch 11, Batch 243/696, Lx 1.4489, Lu 0.1765, Penalty 0.1101, loss 1.7356
Epoch 11, Batch 244/696, Lx 1.5218, Lu 0.1543, Penalty 0.1378, loss 1.8139
Epoch 11, Batch 245/696, Lx 1.4342, Lu 0.2354, Penalty 0.0750, loss 1.7446
Epoch 11, Batch 246/696, Lx 1.3934, Lu 0.1778, Penalty 0.1077, loss 1.6790
Epoch 11, Batch 247/696, Lx 1.2282, Lu 0.1368, Penalty 0.1187, loss 1.4837
Epoch 11, Batch 248/696, Lx 1.2995, Lu 0.1395, Penalty 0.1350, loss 1.5740
Epoch 11, Batch 249/696, Lx 1.4459, Lu 0.2010, Penalty 0.0528, loss 1.6996
Epoch 11, Batch 250/696, Lx 1.3889, Lu 0.1704, Penalty 0.1930, loss 1.7523
Epoch 11, Batch 251/696, Lx 1.2345, Lu 0.1427, Penalty 0.0674, loss 1.4446
Epoch 11, Batch 252/696, Lx 1.5581, Lu 0.1241, Penalty 0.0901, loss 1.7723
Epoch 11, Batch 253/696, Lx 1.3770, Lu 0.2463, Penalty 0.0685, loss 1.6917
Epoch 11, Batch 254/696, Lx 1.3225, Lu 0.1663, Penalty 0.0755, loss 1.5643
Epoch 11, Batch 255/696, Lx 1.2951, Lu 0.1367, Penalty 0.1325, loss 1.5644
Epoch 11, Batch 256/696, Lx 1.7157, Lu 0.2427, Penalty 0.0638, loss 2.0222
Epoch 11, Batch 257/696, Lx 1.4582, Lu 0.2028, Penalty 0.0866, loss 1.7476
Epoch 11, Batch 258/696, Lx 1.3481, Lu 0.1496, Penalty 0.1120, loss 1.6097
Epoch 11, Batch 259/696, Lx 1.4069, Lu 0.1909, Penalty 0.0875, loss 1.6853
Epoch 11, Batch 260/696, Lx 1.2099, Lu 0.1529, Penalty 0.1039, loss 1.4667
Epoch 11, Batch 261/696, Lx 1.5291, Lu 0.1896, Penalty 0.1110, loss 1.8297
Epoch 11, Batch 262/696, Lx 1.4887, Lu 0.2033, Penalty 0.1238, loss 1.8158
Epoch 11, Batch 263/696, Lx 1.5364, Lu 0.1825, Penalty 0.0828, loss 1.8017
Epoch 11, Batch 264/696, Lx 1.6660, Lu 0.2328, Penalty 0.0534, loss 1.9522
Epoch 11, Batch 265/696, Lx 1.2692, Lu 0.1825, Penalty 0.1581, loss 1.6099
Epoch 11, Batch 266/696, Lx 1.6321, Lu 0.2222, Penalty 0.1403, loss 1.9946
Epoch 11, Batch 267/696, Lx 1.3407, Lu 0.1786, Penalty 0.1095, loss 1.6287
Epoch 11, Batch 268/696, Lx 1.5131, Lu 0.2028, Penalty 0.0600, loss 1.7759
Epoch 11, Batch 269/696, Lx 1.4111, Lu 0.1448, Penalty 0.1078, loss 1.6637
Epoch 11, Batch 270/696, Lx 1.5487, Lu 0.1993, Penalty 0.1336, loss 1.8816
Epoch 11, Batch 271/696, Lx 1.1626, Lu 0.1276, Penalty 0.0761, loss 1.3664
Epoch 11, Batch 272/696, Lx 1.3798, Lu 0.1273, Penalty 0.0688, loss 1.5760
Epoch 11, Batch 273/696, Lx 1.4898, Lu 0.2534, Penalty 0.0599, loss 1.8031
Epoch 11, Batch 274/696, Lx 1.3927, Lu 0.2367, Penalty 0.0666, loss 1.6960
Epoch 11, Batch 275/696, Lx 1.5427, Lu 0.1397, Penalty 0.0991, loss 1.7815
Epoch 11, Batch 276/696, Lx 1.6649, Lu 0.2154, Penalty 0.0802, loss 1.9605
Epoch 11, Batch 277/696, Lx 1.5278, Lu 0.1856, Penalty 0.1113, loss 1.8247
Epoch 11, Batch 278/696, Lx 1.3746, Lu 0.1370, Penalty 0.1176, loss 1.6292
Epoch 11, Batch 279/696, Lx 1.6720, Lu 0.1832, Penalty 0.0676, loss 1.9228
Epoch 11, Batch 280/696, Lx 1.3375, Lu 0.2165, Penalty 0.0816, loss 1.6355
Epoch 11, Batch 281/696, Lx 1.3409, Lu 0.1213, Penalty 0.0720, loss 1.5343
Epoch 11, Batch 282/696, Lx 1.3564, Lu 0.1445, Penalty 0.0812, loss 1.5821
Epoch 11, Batch 283/696, Lx 1.6435, Lu 0.2247, Penalty 0.1133, loss 1.9815
Epoch 11, Batch 284/696, Lx 1.4711, Lu 0.1730, Penalty 0.1694, loss 1.8135
Epoch 11, Batch 285/696, Lx 1.4074, Lu 0.1434, Penalty 0.0822, loss 1.6330
Epoch 11, Batch 286/696, Lx 1.1714, Lu 0.1095, Penalty 0.1003, loss 1.3811
Epoch 11, Batch 287/696, Lx 1.5143, Lu 0.2168, Penalty 0.1060, loss 1.8370
Epoch 11, Batch 288/696, Lx 1.3045, Lu 0.1586, Penalty 0.1020, loss 1.5651
Epoch 11, Batch 289/696, Lx 1.2327, Lu 0.1807, Penalty 0.0698, loss 1.4832
Epoch 11, Batch 290/696, Lx 1.3130, Lu 0.1162, Penalty 0.1914, loss 1.6206
Epoch 11, Batch 291/696, Lx 1.5422, Lu 0.1431, Penalty 0.1341, loss 1.8194
Epoch 11, Batch 292/696, Lx 1.3673, Lu 0.1727, Penalty 0.0954, loss 1.6354
Epoch 11, Batch 293/696, Lx 1.2341, Lu 0.1411, Penalty 0.1058, loss 1.4809
Epoch 11, Batch 294/696, Lx 1.3696, Lu 0.1283, Penalty 0.1131, loss 1.6110
Epoch 11, Batch 295/696, Lx 1.1375, Lu 0.1281, Penalty 0.1090, loss 1.3746
Epoch 11, Batch 296/696, Lx 1.5120, Lu 0.1731, Penalty 0.0792, loss 1.7643
Epoch 11, Batch 297/696, Lx 1.4856, Lu 0.2589, Penalty 0.0839, loss 1.8284
Epoch 11, Batch 298/696, Lx 1.4475, Lu 0.1446, Penalty 0.0690, loss 1.6611
Epoch 11, Batch 299/696, Lx 1.3759, Lu 0.2057, Penalty 0.0633, loss 1.6450
Epoch 11, Batch 300/696, Lx 1.4480, Lu 0.1872, Penalty 0.1570, loss 1.7922
Epoch 11, Batch 301/696, Lx 1.5387, Lu 0.1749, Penalty 0.0556, loss 1.7692
Epoch 11, Batch 302/696, Lx 1.4475, Lu 0.1508, Penalty 0.0488, loss 1.6472
Epoch 11, Batch 303/696, Lx 1.4216, Lu 0.1679, Penalty 0.0972, loss 1.6866
Epoch 11, Batch 304/696, Lx 1.4465, Lu 0.2541, Penalty 0.0716, loss 1.7723
Epoch 11, Batch 305/696, Lx 1.4275, Lu 0.2434, Penalty 0.0378, loss 1.7087
Epoch 11, Batch 306/696, Lx 1.3968, Lu 0.1797, Penalty 0.0517, loss 1.6282
Epoch 11, Batch 307/696, Lx 1.3539, Lu 0.1966, Penalty 0.0378, loss 1.5882
Epoch 11, Batch 308/696, Lx 1.4444, Lu 0.1495, Penalty 0.0981, loss 1.6920
Epoch 11, Batch 309/696, Lx 1.3252, Lu 0.1240, Penalty 0.1273, loss 1.5765
Epoch 11, Batch 310/696, Lx 1.1469, Lu 0.1192, Penalty 0.1333, loss 1.3994
Epoch 11, Batch 311/696, Lx 1.4169, Lu 0.1261, Penalty 0.1482, loss 1.6912
Epoch 11, Batch 312/696, Lx 1.4845, Lu 0.1724, Penalty 0.0944, loss 1.7513
Epoch 11, Batch 313/696, Lx 1.3297, Lu 0.1912, Penalty 0.1355, loss 1.6564
Epoch 11, Batch 314/696, Lx 1.5222, Lu 0.1490, Penalty 0.1157, loss 1.7870
Epoch 11, Batch 315/696, Lx 1.5651, Lu 0.1603, Penalty 0.1008, loss 1.8262
Epoch 11, Batch 316/696, Lx 1.4842, Lu 0.1106, Penalty 0.0677, loss 1.6625
Epoch 11, Batch 317/696, Lx 1.4555, Lu 0.1527, Penalty 0.1137, loss 1.7219
Epoch 11, Batch 318/696, Lx 1.4043, Lu 0.1846, Penalty 0.0608, loss 1.6497
Epoch 11, Batch 319/696, Lx 1.3710, Lu 0.1539, Penalty 0.0573, loss 1.5822
Epoch 11, Batch 320/696, Lx 1.5274, Lu 0.2123, Penalty 0.0988, loss 1.8384
Epoch 11, Batch 321/696, Lx 1.4510, Lu 0.1246, Penalty 0.1332, loss 1.7089
Epoch 11, Batch 322/696, Lx 1.6447, Lu 0.2762, Penalty 0.0479, loss 1.9688
Epoch 11, Batch 323/696, Lx 1.4546, Lu 0.1948, Penalty 0.0608, loss 1.7103
Epoch 11, Batch 324/696, Lx 1.3887, Lu 0.1651, Penalty 0.1125, loss 1.6662
Epoch 11, Batch 325/696, Lx 1.4113, Lu 0.1833, Penalty 0.0833, loss 1.6779
Epoch 11, Batch 326/696, Lx 1.2569, Lu 0.1890, Penalty 0.1145, loss 1.5603
Epoch 11, Batch 327/696, Lx 1.5030, Lu 0.1486, Penalty 0.0622, loss 1.7139
Epoch 11, Batch 328/696, Lx 1.3630, Lu 0.1151, Penalty 0.1315, loss 1.6096
Epoch 11, Batch 329/696, Lx 1.4837, Lu 0.1722, Penalty 0.1004, loss 1.7562
Epoch 11, Batch 330/696, Lx 1.5999, Lu 0.1838, Penalty 0.0830, loss 1.8667
Epoch 11, Batch 331/696, Lx 1.4940, Lu 0.1234, Penalty 0.0851, loss 1.7024
Epoch 11, Batch 332/696, Lx 1.3978, Lu 0.1096, Penalty 0.1364, loss 1.6437
Epoch 11, Batch 333/696, Lx 1.3947, Lu 0.1307, Penalty 0.1031, loss 1.6285
Epoch 11, Batch 334/696, Lx 1.3161, Lu 0.1053, Penalty 0.1357, loss 1.5571
Epoch 11, Batch 335/696, Lx 1.5658, Lu 0.1709, Penalty 0.1120, loss 1.8488
Epoch 11, Batch 336/696, Lx 1.5610, Lu 0.1636, Penalty 0.1490, loss 1.8736
Epoch 11, Batch 337/696, Lx 1.3175, Lu 0.1141, Penalty 0.1456, loss 1.5773
Epoch 11, Batch 338/696, Lx 1.2381, Lu 0.1513, Penalty 0.1455, loss 1.5349
Epoch 11, Batch 339/696, Lx 1.2950, Lu 0.1785, Penalty 0.0894, loss 1.5629
Epoch 11, Batch 340/696, Lx 1.2884, Lu 0.1411, Penalty 0.1403, loss 1.5697
Epoch 11, Batch 341/696, Lx 1.4075, Lu 0.1675, Penalty 0.1351, loss 1.7100
Epoch 11, Batch 342/696, Lx 1.4178, Lu 0.1468, Penalty 0.1355, loss 1.7000
Epoch 11, Batch 343/696, Lx 1.3739, Lu 0.1553, Penalty 0.1030, loss 1.6322
Epoch 11, Batch 344/696, Lx 1.3190, Lu 0.1300, Penalty 0.0883, loss 1.5373
Epoch 11, Batch 345/696, Lx 1.6020, Lu 0.2179, Penalty 0.0576, loss 1.8775
Epoch 11, Batch 346/696, Lx 1.5260, Lu 0.2047, Penalty 0.0964, loss 1.8272
Epoch 11, Batch 347/696, Lx 1.4207, Lu 0.1370, Penalty 0.0965, loss 1.6541
Epoch 11, Batch 348/696, Lx 1.4864, Lu 0.2175, Penalty 0.0922, loss 1.7961
Epoch 11, Batch 349/696, Lx 1.3850, Lu 0.1259, Penalty 0.1111, loss 1.6219
Epoch 11, Batch 350/696, Lx 1.4431, Lu 0.1744, Penalty 0.1786, loss 1.7961
Epoch 11, Batch 351/696, Lx 1.4961, Lu 0.1458, Penalty 0.0777, loss 1.7196
Epoch 11, Batch 352/696, Lx 1.3494, Lu 0.1631, Penalty 0.0981, loss 1.6106
Epoch 11, Batch 353/696, Lx 1.4946, Lu 0.1637, Penalty 0.0820, loss 1.7403
Epoch 11, Batch 354/696, Lx 1.3595, Lu 0.1349, Penalty 0.0883, loss 1.5827
Epoch 11, Batch 355/696, Lx 1.2183, Lu 0.1123, Penalty 0.0926, loss 1.4232
Epoch 11, Batch 356/696, Lx 1.4811, Lu 0.2118, Penalty 0.0641, loss 1.7570
Epoch 11, Batch 357/696, Lx 1.5011, Lu 0.1969, Penalty 0.0902, loss 1.7882
Epoch 11, Batch 358/696, Lx 1.4241, Lu 0.1702, Penalty 0.0526, loss 1.6469
Epoch 11, Batch 359/696, Lx 1.4621, Lu 0.1572, Penalty 0.0713, loss 1.6907
Epoch 11, Batch 360/696, Lx 1.4047, Lu 0.1743, Penalty 0.0650, loss 1.6440
Epoch 11, Batch 361/696, Lx 1.5971, Lu 0.2113, Penalty 0.0844, loss 1.8928
Epoch 11, Batch 362/696, Lx 1.4486, Lu 0.1943, Penalty 0.0835, loss 1.7264
Epoch 11, Batch 363/696, Lx 1.6166, Lu 0.1749, Penalty 0.0865, loss 1.8779
Epoch 11, Batch 364/696, Lx 1.5040, Lu 0.1572, Penalty 0.1691, loss 1.8303
Epoch 11, Batch 365/696, Lx 1.4714, Lu 0.1932, Penalty 0.1844, loss 1.8491
Epoch 11, Batch 366/696, Lx 1.3973, Lu 0.1676, Penalty 0.1306, loss 1.6955
Epoch 11, Batch 367/696, Lx 1.4193, Lu 0.1429, Penalty 0.1437, loss 1.7058
Epoch 11, Batch 368/696, Lx 1.4126, Lu 0.1509, Penalty 0.0761, loss 1.6396
Epoch 11, Batch 369/696, Lx 1.4578, Lu 0.1348, Penalty 0.0783, loss 1.6709
Epoch 11, Batch 370/696, Lx 1.3563, Lu 0.1558, Penalty 0.1032, loss 1.6153
Epoch 11, Batch 371/696, Lx 1.6307, Lu 0.1954, Penalty 0.1424, loss 1.9685
Epoch 11, Batch 372/696, Lx 1.5735, Lu 0.2008, Penalty 0.0807, loss 1.8550
Epoch 11, Batch 373/696, Lx 1.4437, Lu 0.1935, Penalty 0.0542, loss 1.6915
Epoch 11, Batch 374/696, Lx 1.3001, Lu 0.1673, Penalty 0.0569, loss 1.5243
Epoch 11, Batch 375/696, Lx 1.4387, Lu 0.1801, Penalty 0.1193, loss 1.7382
Epoch 11, Batch 376/696, Lx 1.6219, Lu 0.2645, Penalty 0.0759, loss 1.9623
Epoch 11, Batch 377/696, Lx 1.5879, Lu 0.2146, Penalty 0.0654, loss 1.8679
Epoch 11, Batch 378/696, Lx 1.2805, Lu 0.1359, Penalty 0.0712, loss 1.4876
Epoch 11, Batch 379/696, Lx 1.3340, Lu 0.1611, Penalty 0.0828, loss 1.5778
Epoch 11, Batch 380/696, Lx 1.6536, Lu 0.2655, Penalty 0.1006, loss 2.0197
Epoch 11, Batch 381/696, Lx 1.2536, Lu 0.1333, Penalty 0.1063, loss 1.4933
Epoch 11, Batch 382/696, Lx 1.3712, Lu 0.1289, Penalty 0.1428, loss 1.6429
Epoch 11, Batch 383/696, Lx 1.5678, Lu 0.1428, Penalty 0.1219, loss 1.8325
Epoch 11, Batch 384/696, Lx 1.3661, Lu 0.1608, Penalty 0.0873, loss 1.6143
Epoch 11, Batch 385/696, Lx 1.2712, Lu 0.1247, Penalty 0.0973, loss 1.4932
Epoch 11, Batch 386/696, Lx 1.6760, Lu 0.2211, Penalty 0.0676, loss 1.9647
Epoch 11, Batch 387/696, Lx 1.5286, Lu 0.2260, Penalty 0.1141, loss 1.8688
Epoch 11, Batch 388/696, Lx 1.3630, Lu 0.1503, Penalty 0.0904, loss 1.6037
Epoch 11, Batch 389/696, Lx 1.4472, Lu 0.1704, Penalty 0.0849, loss 1.7025
Epoch 11, Batch 390/696, Lx 1.3547, Lu 0.1604, Penalty 0.0751, loss 1.5902
Epoch 11, Batch 391/696, Lx 1.5316, Lu 0.1723, Penalty 0.1336, loss 1.8375
Epoch 11, Batch 392/696, Lx 1.4992, Lu 0.1874, Penalty 0.1171, loss 1.8037
Epoch 11, Batch 393/696, Lx 1.5215, Lu 0.1696, Penalty 0.1174, loss 1.8085
Epoch 11, Batch 394/696, Lx 1.3359, Lu 0.1144, Penalty 0.1013, loss 1.5515
Epoch 11, Batch 395/696, Lx 1.1640, Lu 0.1745, Penalty 0.1357, loss 1.4742
Epoch 11, Batch 396/696, Lx 1.4141, Lu 0.1410, Penalty 0.0708, loss 1.6259
Epoch 11, Batch 397/696, Lx 1.3694, Lu 0.1428, Penalty 0.1884, loss 1.7006
Epoch 11, Batch 398/696, Lx 1.3136, Lu 0.1745, Penalty 0.1243, loss 1.6125
Epoch 11, Batch 399/696, Lx 1.5937, Lu 0.1936, Penalty 0.0670, loss 1.8543
Epoch 11, Batch 400/696, Lx 1.4900, Lu 0.1777, Penalty 0.0449, loss 1.7126
Epoch 11, Batch 401/696, Lx 1.5310, Lu 0.2343, Penalty 0.0926, loss 1.8579
Epoch 11, Batch 402/696, Lx 1.5412, Lu 0.1621, Penalty 0.1154, loss 1.8187
Epoch 11, Batch 403/696, Lx 1.6044, Lu 0.2236, Penalty 0.0626, loss 1.8906
Epoch 11, Batch 404/696, Lx 1.4285, Lu 0.1546, Penalty 0.0495, loss 1.6327
Epoch 11, Batch 405/696, Lx 1.2841, Lu 0.1684, Penalty 0.0953, loss 1.5479
Epoch 11, Batch 406/696, Lx 1.3097, Lu 0.1502, Penalty 0.1098, loss 1.5697
Epoch 11, Batch 407/696, Lx 1.4221, Lu 0.1881, Penalty 0.0771, loss 1.6873
Epoch 11, Batch 408/696, Lx 1.4416, Lu 0.2135, Penalty 0.1395, loss 1.7945
Epoch 11, Batch 409/696, Lx 1.2809, Lu 0.1422, Penalty 0.1459, loss 1.5691
Epoch 11, Batch 410/696, Lx 1.6719, Lu 0.2540, Penalty 0.1171, loss 2.0430
Epoch 11, Batch 411/696, Lx 1.4272, Lu 0.1534, Penalty 0.1051, loss 1.6857
Epoch 11, Batch 412/696, Lx 1.5511, Lu 0.1477, Penalty 0.0945, loss 1.7933
Epoch 11, Batch 413/696, Lx 1.3719, Lu 0.2290, Penalty 0.1410, loss 1.7419
Epoch 11, Batch 414/696, Lx 1.5624, Lu 0.1868, Penalty 0.0787, loss 1.8279
Epoch 11, Batch 415/696, Lx 1.5570, Lu 0.1455, Penalty 0.1585, loss 1.8610
Epoch 11, Batch 416/696, Lx 1.5128, Lu 0.1756, Penalty 0.1592, loss 1.8476
Epoch 11, Batch 417/696, Lx 1.6392, Lu 0.1654, Penalty 0.1943, loss 1.9989
Epoch 11, Batch 418/696, Lx 1.4797, Lu 0.1228, Penalty 0.1271, loss 1.7296
Epoch 11, Batch 419/696, Lx 1.3744, Lu 0.1303, Penalty 0.1225, loss 1.6272
Epoch 11, Batch 420/696, Lx 1.5177, Lu 0.1956, Penalty 0.0950, loss 1.8082
Epoch 11, Batch 421/696, Lx 1.5656, Lu 0.2085, Penalty 0.0925, loss 1.8666
Epoch 11, Batch 422/696, Lx 1.4073, Lu 0.1919, Penalty 0.1369, loss 1.7362
Epoch 11, Batch 423/696, Lx 1.5073, Lu 0.1375, Penalty 0.1134, loss 1.7582
Epoch 11, Batch 424/696, Lx 1.4654, Lu 0.1650, Penalty 0.0895, loss 1.7199
Epoch 11, Batch 425/696, Lx 1.3841, Lu 0.2003, Penalty 0.0919, loss 1.6762
Epoch 11, Batch 426/696, Lx 1.4144, Lu 0.1428, Penalty 0.0723, loss 1.6295
Epoch 11, Batch 427/696, Lx 1.5843, Lu 0.2606, Penalty 0.0339, loss 1.8788
Epoch 11, Batch 428/696, Lx 1.6096, Lu 0.2099, Penalty 0.0864, loss 1.9060
Epoch 11, Batch 429/696, Lx 1.4599, Lu 0.1383, Penalty 0.0666, loss 1.6648
Epoch 11, Batch 430/696, Lx 1.5564, Lu 0.1376, Penalty 0.0782, loss 1.7722
Epoch 11, Batch 431/696, Lx 1.5380, Lu 0.1936, Penalty 0.0834, loss 1.8150
Epoch 11, Batch 432/696, Lx 1.4701, Lu 0.2049, Penalty 0.0921, loss 1.7671
Epoch 11, Batch 433/696, Lx 1.3666, Lu 0.1242, Penalty 0.1442, loss 1.6349
Epoch 11, Batch 434/696, Lx 1.5541, Lu 0.1232, Penalty 0.1116, loss 1.7890
Epoch 11, Batch 435/696, Lx 1.4082, Lu 0.1919, Penalty 0.1355, loss 1.7356
Epoch 11, Batch 436/696, Lx 1.4209, Lu 0.1427, Penalty 0.1673, loss 1.7309
Epoch 11, Batch 437/696, Lx 1.3493, Lu 0.1158, Penalty 0.1422, loss 1.6073
Epoch 11, Batch 438/696, Lx 1.4710, Lu 0.2160, Penalty 0.1684, loss 1.8555
Epoch 11, Batch 439/696, Lx 1.4248, Lu 0.1941, Penalty 0.1036, loss 1.7225
Epoch 11, Batch 440/696, Lx 1.3485, Lu 0.1628, Penalty 0.0989, loss 1.6102
Epoch 11, Batch 441/696, Lx 1.4572, Lu 0.1869, Penalty 0.1960, loss 1.8402
Epoch 11, Batch 442/696, Lx 1.4650, Lu 0.1595, Penalty 0.1399, loss 1.7645
Epoch 11, Batch 443/696, Lx 1.4006, Lu 0.1557, Penalty 0.0675, loss 1.6238
Epoch 11, Batch 444/696, Lx 1.1966, Lu 0.1547, Penalty 0.0874, loss 1.4387
Epoch 11, Batch 445/696, Lx 1.3691, Lu 0.1327, Penalty 0.0704, loss 1.5723
Epoch 11, Batch 446/696, Lx 1.3883, Lu 0.1892, Penalty 0.1043, loss 1.6818
Epoch 11, Batch 447/696, Lx 1.5886, Lu 0.1939, Penalty 0.0871, loss 1.8696
Epoch 11, Batch 448/696, Lx 1.5444, Lu 0.1883, Penalty 0.1539, loss 1.8866
Epoch 11, Batch 449/696, Lx 1.3681, Lu 0.1742, Penalty 0.0826, loss 1.6249
Epoch 11, Batch 450/696, Lx 1.6629, Lu 0.2393, Penalty 0.0674, loss 1.9696
Epoch 11, Batch 451/696, Lx 1.1628, Lu 0.1233, Penalty 0.1449, loss 1.4310
Epoch 11, Batch 452/696, Lx 1.5382, Lu 0.1881, Penalty 0.0695, loss 1.7958
Epoch 11, Batch 453/696, Lx 1.5418, Lu 0.2021, Penalty 0.0945, loss 1.8384
Epoch 11, Batch 454/696, Lx 1.3821, Lu 0.1320, Penalty 0.1072, loss 1.6214
Epoch 11, Batch 455/696, Lx 1.4321, Lu 0.1580, Penalty 0.0699, loss 1.6601
Epoch 11, Batch 456/696, Lx 1.4869, Lu 0.2006, Penalty 0.0801, loss 1.7676
Epoch 11, Batch 457/696, Lx 1.4221, Lu 0.2049, Penalty 0.0446, loss 1.6716
Epoch 11, Batch 458/696, Lx 1.4932, Lu 0.1916, Penalty 0.0658, loss 1.7505
Epoch 11, Batch 459/696, Lx 1.3758, Lu 0.1241, Penalty 0.0637, loss 1.5636
Epoch 11, Batch 460/696, Lx 1.5557, Lu 0.1894, Penalty 0.1011, loss 1.8462
Epoch 11, Batch 461/696, Lx 1.5581, Lu 0.2249, Penalty 0.1255, loss 1.9085
Epoch 11, Batch 462/696, Lx 1.4742, Lu 0.1643, Penalty 0.1372, loss 1.7756
Epoch 11, Batch 463/696, Lx 1.4463, Lu 0.1191, Penalty 0.0815, loss 1.6469
Epoch 11, Batch 464/696, Lx 1.5791, Lu 0.1913, Penalty 0.1616, loss 1.9321
Epoch 11, Batch 465/696, Lx 1.3795, Lu 0.1233, Penalty 0.0877, loss 1.5905
Epoch 11, Batch 466/696, Lx 1.2966, Lu 0.1324, Penalty 0.0935, loss 1.5225
Epoch 11, Batch 467/696, Lx 1.4392, Lu 0.1531, Penalty 0.0940, loss 1.6863
Epoch 11, Batch 468/696, Lx 1.2876, Lu 0.1450, Penalty 0.1265, loss 1.5591
Epoch 11, Batch 469/696, Lx 1.2949, Lu 0.1264, Penalty 0.0794, loss 1.5007
Epoch 11, Batch 470/696, Lx 1.5142, Lu 0.1573, Penalty 0.2521, loss 1.9235
Epoch 11, Batch 471/696, Lx 1.2648, Lu 0.1211, Penalty 0.1125, loss 1.4983
Epoch 11, Batch 472/696, Lx 1.4063, Lu 0.1510, Penalty 0.0825, loss 1.6398
Epoch 11, Batch 473/696, Lx 1.5420, Lu 0.1826, Penalty 0.1016, loss 1.8263
Epoch 11, Batch 474/696, Lx 1.6287, Lu 0.1946, Penalty 0.0826, loss 1.9060
Epoch 11, Batch 475/696, Lx 1.4196, Lu 0.1715, Penalty 0.1091, loss 1.7002
Epoch 11, Batch 476/696, Lx 1.4037, Lu 0.1703, Penalty 0.0754, loss 1.6494
Epoch 11, Batch 477/696, Lx 1.3246, Lu 0.1803, Penalty 0.0875, loss 1.5924
Epoch 11, Batch 478/696, Lx 1.4186, Lu 0.2139, Penalty 0.1248, loss 1.7573
Epoch 11, Batch 479/696, Lx 1.4738, Lu 0.1804, Penalty 0.1009, loss 1.7551
Epoch 11, Batch 480/696, Lx 1.4078, Lu 0.1887, Penalty 0.1056, loss 1.7021
Epoch 11, Batch 481/696, Lx 1.4452, Lu 0.2199, Penalty 0.0566, loss 1.7217
Epoch 11, Batch 482/696, Lx 1.5308, Lu 0.1919, Penalty 0.1257, loss 1.8484
Epoch 11, Batch 483/696, Lx 1.4593, Lu 0.1700, Penalty 0.1061, loss 1.7354
Epoch 11, Batch 484/696, Lx 1.4863, Lu 0.2083, Penalty 0.0641, loss 1.7587
Epoch 11, Batch 485/696, Lx 1.4878, Lu 0.1994, Penalty 0.1133, loss 1.8006
Epoch 11, Batch 486/696, Lx 1.4902, Lu 0.1822, Penalty 0.0769, loss 1.7494
Epoch 11, Batch 487/696, Lx 1.3047, Lu 0.1459, Penalty 0.0843, loss 1.5349
Epoch 11, Batch 488/696, Lx 1.4019, Lu 0.1666, Penalty 0.0861, loss 1.6546
Epoch 11, Batch 489/696, Lx 1.5343, Lu 0.1516, Penalty 0.1947, loss 1.8806
Epoch 11, Batch 490/696, Lx 1.4664, Lu 0.2365, Penalty 0.1367, loss 1.8397
Epoch 11, Batch 491/696, Lx 1.4917, Lu 0.1714, Penalty 0.1042, loss 1.7673
Epoch 11, Batch 492/696, Lx 1.4797, Lu 0.1884, Penalty 0.1318, loss 1.7999
Epoch 11, Batch 493/696, Lx 1.5785, Lu 0.2259, Penalty 0.0786, loss 1.8830
Epoch 11, Batch 494/696, Lx 1.2557, Lu 0.1151, Penalty 0.0973, loss 1.4681
Epoch 11, Batch 495/696, Lx 1.5905, Lu 0.2099, Penalty 0.0715, loss 1.8719
Epoch 11, Batch 496/696, Lx 1.4852, Lu 0.1887, Penalty 0.0992, loss 1.7731
Epoch 11, Batch 497/696, Lx 1.3837, Lu 0.1416, Penalty 0.1108, loss 1.6361
Epoch 11, Batch 498/696, Lx 1.5029, Lu 0.1604, Penalty 0.0947, loss 1.7580
Epoch 11, Batch 499/696, Lx 1.4831, Lu 0.2065, Penalty 0.0764, loss 1.7660
Epoch 11, Batch 500/696, Lx 1.4601, Lu 0.1542, Penalty 0.1476, loss 1.7620
Epoch 11, Batch 501/696, Lx 1.5098, Lu 0.2045, Penalty 0.1366, loss 1.8508
Epoch 11, Batch 502/696, Lx 1.3511, Lu 0.1747, Penalty 0.1084, loss 1.6342
Epoch 11, Batch 503/696, Lx 1.5913, Lu 0.1980, Penalty 0.0853, loss 1.8747
Epoch 11, Batch 504/696, Lx 1.3183, Lu 0.1284, Penalty 0.1330, loss 1.5798
Epoch 11, Batch 505/696, Lx 1.4907, Lu 0.2181, Penalty 0.0817, loss 1.7904
Epoch 11, Batch 506/696, Lx 1.2778, Lu 0.1716, Penalty 0.0749, loss 1.5242
Epoch 11, Batch 507/696, Lx 1.3740, Lu 0.1801, Penalty 0.0966, loss 1.6507
Epoch 11, Batch 508/696, Lx 1.5003, Lu 0.1254, Penalty 0.0895, loss 1.7152
Epoch 11, Batch 509/696, Lx 1.5689, Lu 0.2266, Penalty 0.0881, loss 1.8836
Epoch 11, Batch 510/696, Lx 1.4927, Lu 0.2243, Penalty 0.1133, loss 1.8303
Epoch 11, Batch 511/696, Lx 1.5985, Lu 0.2329, Penalty 0.0706, loss 1.9021
Epoch 11, Batch 512/696, Lx 1.6697, Lu 0.1998, Penalty 0.0961, loss 1.9656
Epoch 11, Batch 513/696, Lx 1.2327, Lu 0.1009, Penalty 0.1045, loss 1.4381
Epoch 11, Batch 514/696, Lx 1.5648, Lu 0.1648, Penalty 0.1154, loss 1.8450
Epoch 11, Batch 515/696, Lx 1.3550, Lu 0.1204, Penalty 0.0709, loss 1.5463
Epoch 11, Batch 516/696, Lx 1.4526, Lu 0.1157, Penalty 0.1297, loss 1.6980
Epoch 11, Batch 517/696, Lx 1.6035, Lu 0.2549, Penalty 0.1050, loss 1.9635
Epoch 11, Batch 518/696, Lx 1.3837, Lu 0.1494, Penalty 0.0926, loss 1.6257
Epoch 11, Batch 519/696, Lx 1.4955, Lu 0.1546, Penalty 0.1313, loss 1.7814
Epoch 11, Batch 520/696, Lx 1.4855, Lu 0.1656, Penalty 0.0905, loss 1.7416
Epoch 11, Batch 521/696, Lx 1.5296, Lu 0.2016, Penalty 0.0673, loss 1.7984
Epoch 11, Batch 522/696, Lx 1.5228, Lu 0.1604, Penalty 0.0707, loss 1.7539
Epoch 11, Batch 523/696, Lx 1.5176, Lu 0.2239, Penalty 0.0384, loss 1.7799
Epoch 11, Batch 524/696, Lx 1.2797, Lu 0.1473, Penalty 0.0866, loss 1.5135
Epoch 11, Batch 525/696, Lx 1.3861, Lu 0.1737, Penalty 0.1086, loss 1.6684
Epoch 11, Batch 526/696, Lx 1.4288, Lu 0.1563, Penalty 0.1149, loss 1.7000
Epoch 11, Batch 527/696, Lx 1.4742, Lu 0.1512, Penalty 0.1728, loss 1.7982
Epoch 11, Batch 528/696, Lx 1.3341, Lu 0.1104, Penalty 0.1072, loss 1.5517
Epoch 11, Batch 529/696, Lx 1.6491, Lu 0.2254, Penalty 0.0709, loss 1.9454
Epoch 11, Batch 530/696, Lx 1.4332, Lu 0.1945, Penalty 0.0824, loss 1.7102
Epoch 11, Batch 531/696, Lx 1.4009, Lu 0.1577, Penalty 0.0721, loss 1.6307
Epoch 11, Batch 532/696, Lx 1.5113, Lu 0.1612, Penalty 0.0626, loss 1.7350
Epoch 11, Batch 533/696, Lx 1.3666, Lu 0.1958, Penalty 0.0550, loss 1.6174
Epoch 11, Batch 534/696, Lx 1.2087, Lu 0.1547, Penalty 0.0938, loss 1.4572
Epoch 11, Batch 535/696, Lx 1.6157, Lu 0.1917, Penalty 0.1007, loss 1.9081
Epoch 11, Batch 536/696, Lx 1.3774, Lu 0.1343, Penalty 0.0985, loss 1.6102
Epoch 11, Batch 537/696, Lx 1.4265, Lu 0.1739, Penalty 0.0882, loss 1.6886
Epoch 11, Batch 538/696, Lx 1.4309, Lu 0.1760, Penalty 0.1231, loss 1.7300
Epoch 11, Batch 539/696, Lx 1.4142, Lu 0.1441, Penalty 0.1069, loss 1.6652
Epoch 11, Batch 540/696, Lx 1.5882, Lu 0.1984, Penalty 0.0529, loss 1.8395
Epoch 11, Batch 541/696, Lx 1.1799, Lu 0.1247, Penalty 0.0827, loss 1.3873
Epoch 11, Batch 542/696, Lx 1.3518, Lu 0.1307, Penalty 0.0719, loss 1.5544
Epoch 11, Batch 543/696, Lx 1.5001, Lu 0.2245, Penalty 0.0947, loss 1.8193
Epoch 11, Batch 544/696, Lx 1.5171, Lu 0.1609, Penalty 0.0742, loss 1.7522
Epoch 11, Batch 545/696, Lx 1.3504, Lu 0.1324, Penalty 0.0551, loss 1.5380
Epoch 11, Batch 546/696, Lx 1.5631, Lu 0.2468, Penalty 0.0872, loss 1.8971
Epoch 11, Batch 547/696, Lx 1.7000, Lu 0.2613, Penalty 0.0733, loss 2.0346
Epoch 11, Batch 548/696, Lx 1.1662, Lu 0.1405, Penalty 0.0589, loss 1.3656
Epoch 11, Batch 549/696, Lx 1.5454, Lu 0.1971, Penalty 0.0474, loss 1.7898
Epoch 11, Batch 550/696, Lx 1.5455, Lu 0.1728, Penalty 0.0928, loss 1.8112
Epoch 11, Batch 551/696, Lx 1.4785, Lu 0.1137, Penalty 0.0620, loss 1.6542
Epoch 11, Batch 552/696, Lx 1.2777, Lu 0.1487, Penalty 0.1211, loss 1.5475
Epoch 11, Batch 553/696, Lx 1.4028, Lu 0.1981, Penalty 0.0674, loss 1.6683
Epoch 11, Batch 554/696, Lx 1.5477, Lu 0.1989, Penalty 0.0725, loss 1.8191
Epoch 11, Batch 555/696, Lx 1.4894, Lu 0.1953, Penalty 0.1550, loss 1.8398
Epoch 11, Batch 556/696, Lx 1.5320, Lu 0.2060, Penalty 0.1869, loss 1.9249
Epoch 11, Batch 557/696, Lx 1.2894, Lu 0.1419, Penalty 0.1698, loss 1.6011
Epoch 11, Batch 558/696, Lx 1.5017, Lu 0.2427, Penalty 0.0915, loss 1.8359
Epoch 11, Batch 559/696, Lx 1.5755, Lu 0.1408, Penalty 0.0890, loss 1.8053
Epoch 11, Batch 560/696, Lx 1.6070, Lu 0.1244, Penalty 0.1201, loss 1.8514
Epoch 11, Batch 561/696, Lx 1.3801, Lu 0.1748, Penalty 0.1063, loss 1.6613
Epoch 11, Batch 562/696, Lx 1.3592, Lu 0.1542, Penalty 0.1171, loss 1.6305
Epoch 11, Batch 563/696, Lx 1.3780, Lu 0.1515, Penalty 0.0687, loss 1.5981
Epoch 11, Batch 564/696, Lx 1.5282, Lu 0.2918, Penalty 0.0544, loss 1.8745
Epoch 11, Batch 565/696, Lx 1.6100, Lu 0.1775, Penalty 0.1223, loss 1.9097
Epoch 11, Batch 566/696, Lx 1.3880, Lu 0.1981, Penalty 0.0826, loss 1.6688
Epoch 11, Batch 567/696, Lx 1.5413, Lu 0.1657, Penalty 0.1395, loss 1.8465
Epoch 11, Batch 568/696, Lx 1.4641, Lu 0.1508, Penalty 0.0917, loss 1.7065
Epoch 11, Batch 569/696, Lx 1.6359, Lu 0.2189, Penalty 0.0987, loss 1.9535
Epoch 11, Batch 570/696, Lx 1.5316, Lu 0.1501, Penalty 0.1052, loss 1.7868
Epoch 11, Batch 571/696, Lx 1.2999, Lu 0.1008, Penalty 0.1252, loss 1.5259
Epoch 11, Batch 572/696, Lx 1.4770, Lu 0.1623, Penalty 0.1178, loss 1.7570
Epoch 11, Batch 573/696, Lx 1.4671, Lu 0.2053, Penalty 0.0851, loss 1.7575
Epoch 11, Batch 574/696, Lx 1.5307, Lu 0.1957, Penalty 0.0586, loss 1.7850
Epoch 11, Batch 575/696, Lx 1.3328, Lu 0.1212, Penalty 0.1013, loss 1.5553
Epoch 11, Batch 576/696, Lx 1.4831, Lu 0.2178, Penalty 0.0660, loss 1.7668
Epoch 11, Batch 577/696, Lx 1.4307, Lu 0.1649, Penalty 0.0786, loss 1.6742
Epoch 11, Batch 578/696, Lx 1.1406, Lu 0.1438, Penalty 0.0997, loss 1.3841
Epoch 11, Batch 579/696, Lx 1.4692, Lu 0.1775, Penalty 0.0489, loss 1.6956
Epoch 11, Batch 580/696, Lx 1.5211, Lu 0.1886, Penalty 0.0706, loss 1.7803
Epoch 11, Batch 581/696, Lx 1.4945, Lu 0.1343, Penalty 0.1153, loss 1.7441
Epoch 11, Batch 582/696, Lx 1.1967, Lu 0.1490, Penalty 0.0664, loss 1.4122
Epoch 11, Batch 583/696, Lx 1.5181, Lu 0.1558, Penalty 0.0467, loss 1.7205
Epoch 11, Batch 584/696, Lx 1.3169, Lu 0.1570, Penalty 0.1185, loss 1.5924
Epoch 11, Batch 585/696, Lx 1.4202, Lu 0.1217, Penalty 0.0827, loss 1.6246
Epoch 11, Batch 586/696, Lx 1.4702, Lu 0.1790, Penalty 0.0943, loss 1.7436
Epoch 11, Batch 587/696, Lx 1.4660, Lu 0.1432, Penalty 0.0826, loss 1.6918
Epoch 11, Batch 588/696, Lx 1.3974, Lu 0.1192, Penalty 0.0817, loss 1.5983
Epoch 11, Batch 589/696, Lx 1.4871, Lu 0.1737, Penalty 0.0733, loss 1.7341
Epoch 11, Batch 590/696, Lx 1.3838, Lu 0.1384, Penalty 0.1161, loss 1.6383
Epoch 11, Batch 591/696, Lx 1.4326, Lu 0.1370, Penalty 0.0899, loss 1.6594
Epoch 11, Batch 592/696, Lx 1.6668, Lu 0.2170, Penalty 0.0809, loss 1.9648
Epoch 11, Batch 593/696, Lx 1.2656, Lu 0.1358, Penalty 0.0812, loss 1.4826
Epoch 11, Batch 594/696, Lx 1.4476, Lu 0.1819, Penalty 0.1722, loss 1.8017
Epoch 11, Batch 595/696, Lx 1.4171, Lu 0.1157, Penalty 0.0799, loss 1.6127
Epoch 11, Batch 596/696, Lx 1.4393, Lu 0.1329, Penalty 0.0901, loss 1.6622
Epoch 11, Batch 597/696, Lx 1.6119, Lu 0.1510, Penalty 0.0923, loss 1.8552
Epoch 11, Batch 598/696, Lx 1.5599, Lu 0.1642, Penalty 0.1630, loss 1.8871
Epoch 11, Batch 599/696, Lx 1.3871, Lu 0.1205, Penalty 0.1076, loss 1.6152
Epoch 11, Batch 600/696, Lx 1.4529, Lu 0.1442, Penalty 0.0927, loss 1.6898
Epoch 11, Batch 601/696, Lx 1.4139, Lu 0.1674, Penalty 0.0619, loss 1.6432
Epoch 11, Batch 602/696, Lx 1.6685, Lu 0.2166, Penalty 0.0633, loss 1.9485
Epoch 11, Batch 603/696, Lx 1.3287, Lu 0.1402, Penalty 0.1285, loss 1.5974
Epoch 11, Batch 604/696, Lx 1.1480, Lu 0.1453, Penalty 0.1295, loss 1.4227
Epoch 11, Batch 605/696, Lx 1.5220, Lu 0.1935, Penalty 0.0614, loss 1.7769
Epoch 11, Batch 606/696, Lx 1.5476, Lu 0.1546, Penalty 0.0701, loss 1.7723
Epoch 11, Batch 607/696, Lx 1.3334, Lu 0.1245, Penalty 0.1592, loss 1.6171
Epoch 11, Batch 608/696, Lx 1.3023, Lu 0.1529, Penalty 0.0729, loss 1.5280
Epoch 11, Batch 609/696, Lx 1.5069, Lu 0.1710, Penalty 0.0926, loss 1.7705
Epoch 11, Batch 610/696, Lx 1.3942, Lu 0.2049, Penalty 0.1137, loss 1.7129
Epoch 11, Batch 611/696, Lx 1.5351, Lu 0.1618, Penalty 0.0864, loss 1.7833
Epoch 11, Batch 612/696, Lx 1.6303, Lu 0.2042, Penalty 0.2525, loss 2.0871
Epoch 11, Batch 613/696, Lx 1.4713, Lu 0.1473, Penalty 0.1650, loss 1.7836
Epoch 11, Batch 614/696, Lx 1.4254, Lu 0.1186, Penalty 0.0984, loss 1.6425
Epoch 11, Batch 615/696, Lx 1.3766, Lu 0.1518, Penalty 0.0767, loss 1.6051
Epoch 11, Batch 616/696, Lx 1.6598, Lu 0.2374, Penalty 0.0889, loss 1.9861
Epoch 11, Batch 617/696, Lx 1.3780, Lu 0.1233, Penalty 0.1356, loss 1.6369
Epoch 11, Batch 618/696, Lx 1.4549, Lu 0.1437, Penalty 0.1301, loss 1.7286
Epoch 11, Batch 619/696, Lx 1.5559, Lu 0.1542, Penalty 0.0949, loss 1.8049
Epoch 11, Batch 620/696, Lx 1.3199, Lu 0.1259, Penalty 0.0847, loss 1.5305
Epoch 11, Batch 621/696, Lx 1.3446, Lu 0.1292, Penalty 0.1220, loss 1.5957
Epoch 11, Batch 622/696, Lx 1.4759, Lu 0.1890, Penalty 0.1090, loss 1.7740
Epoch 11, Batch 623/696, Lx 1.4287, Lu 0.1761, Penalty 0.0901, loss 1.6949
Epoch 11, Batch 624/696, Lx 1.3854, Lu 0.1533, Penalty 0.0663, loss 1.6050
Epoch 11, Batch 625/696, Lx 1.3587, Lu 0.1501, Penalty 0.0724, loss 1.5813
Epoch 11, Batch 626/696, Lx 1.5068, Lu 0.1989, Penalty 0.0849, loss 1.7906
Epoch 11, Batch 627/696, Lx 1.2765, Lu 0.1553, Penalty 0.0848, loss 1.5166
Epoch 11, Batch 628/696, Lx 1.3271, Lu 0.1456, Penalty 0.0757, loss 1.5483
Epoch 11, Batch 629/696, Lx 1.3675, Lu 0.1436, Penalty 0.0724, loss 1.5835
Epoch 11, Batch 630/696, Lx 1.5488, Lu 0.2274, Penalty 0.0629, loss 1.8391
Epoch 11, Batch 631/696, Lx 1.4149, Lu 0.2001, Penalty 0.0908, loss 1.7058
Epoch 11, Batch 632/696, Lx 1.1885, Lu 0.2092, Penalty 0.0777, loss 1.4755
Epoch 11, Batch 633/696, Lx 1.3337, Lu 0.1641, Penalty 0.0593, loss 1.5571
Epoch 11, Batch 634/696, Lx 1.4338, Lu 0.1372, Penalty 0.0979, loss 1.6689
Epoch 11, Batch 635/696, Lx 1.2842, Lu 0.1019, Penalty 0.1068, loss 1.4929
Epoch 11, Batch 636/696, Lx 1.5678, Lu 0.2096, Penalty 0.1031, loss 1.8804
Epoch 11, Batch 637/696, Lx 1.6098, Lu 0.2398, Penalty 0.0909, loss 1.9405
Epoch 11, Batch 638/696, Lx 1.5757, Lu 0.1824, Penalty 0.0699, loss 1.8280
Epoch 11, Batch 639/696, Lx 1.3077, Lu 0.1518, Penalty 0.0898, loss 1.5493
Epoch 11, Batch 640/696, Lx 1.3863, Lu 0.1547, Penalty 0.1261, loss 1.6671
Epoch 11, Batch 641/696, Lx 1.3451, Lu 0.1539, Penalty 0.0794, loss 1.5785
Epoch 11, Batch 642/696, Lx 1.5062, Lu 0.1561, Penalty 0.0566, loss 1.7189
Epoch 11, Batch 643/696, Lx 1.6956, Lu 0.2084, Penalty 0.0926, loss 1.9967
Epoch 11, Batch 644/696, Lx 1.3693, Lu 0.1357, Penalty 0.1103, loss 1.6153
Epoch 11, Batch 645/696, Lx 1.4195, Lu 0.1305, Penalty 0.0936, loss 1.6437
Epoch 11, Batch 646/696, Lx 1.3016, Lu 0.0849, Penalty 0.1680, loss 1.5545
Epoch 11, Batch 647/696, Lx 1.2375, Lu 0.1065, Penalty 0.1577, loss 1.5017
Epoch 11, Batch 648/696, Lx 1.3882, Lu 0.1623, Penalty 0.0760, loss 1.6264
Epoch 11, Batch 649/696, Lx 1.4763, Lu 0.1370, Penalty 0.1197, loss 1.7330
Epoch 11, Batch 650/696, Lx 1.4911, Lu 0.1645, Penalty 0.0620, loss 1.7176
Epoch 11, Batch 651/696, Lx 1.4514, Lu 0.1098, Penalty 0.0877, loss 1.6488
Epoch 11, Batch 652/696, Lx 1.4285, Lu 0.1796, Penalty 0.1241, loss 1.7322
Epoch 11, Batch 653/696, Lx 1.5235, Lu 0.1552, Penalty 0.0714, loss 1.7501
Epoch 11, Batch 654/696, Lx 1.3652, Lu 0.1820, Penalty 0.0610, loss 1.6083
Epoch 11, Batch 655/696, Lx 1.5550, Lu 0.1866, Penalty 0.0824, loss 1.8239
Epoch 11, Batch 656/696, Lx 1.3995, Lu 0.1494, Penalty 0.0706, loss 1.6195
Epoch 11, Batch 657/696, Lx 1.3224, Lu 0.1856, Penalty 0.1498, loss 1.6578
Epoch 11, Batch 658/696, Lx 1.4585, Lu 0.1730, Penalty 0.1532, loss 1.7848
Epoch 11, Batch 659/696, Lx 1.4729, Lu 0.1630, Penalty 0.0555, loss 1.6915
Epoch 11, Batch 660/696, Lx 1.5235, Lu 0.1402, Penalty 0.0851, loss 1.7488
Epoch 11, Batch 661/696, Lx 1.5179, Lu 0.1592, Penalty 0.1044, loss 1.7815
Epoch 11, Batch 662/696, Lx 1.5254, Lu 0.1652, Penalty 0.0970, loss 1.7876
Epoch 11, Batch 663/696, Lx 1.5085, Lu 0.1763, Penalty 0.1146, loss 1.7994
Epoch 11, Batch 664/696, Lx 1.5003, Lu 0.1581, Penalty 0.0829, loss 1.7413
Epoch 11, Batch 665/696, Lx 1.4350, Lu 0.1629, Penalty 0.1511, loss 1.7490
Epoch 11, Batch 666/696, Lx 1.4647, Lu 0.2154, Penalty 0.1030, loss 1.7831
Epoch 11, Batch 667/696, Lx 1.5745, Lu 0.1841, Penalty 0.0954, loss 1.8540
Epoch 11, Batch 668/696, Lx 1.3057, Lu 0.0979, Penalty 0.1186, loss 1.5222
Epoch 11, Batch 669/696, Lx 1.4847, Lu 0.1479, Penalty 0.1515, loss 1.7840
Epoch 11, Batch 670/696, Lx 1.4235, Lu 0.1221, Penalty 0.1727, loss 1.7183
Epoch 11, Batch 671/696, Lx 1.3864, Lu 0.1534, Penalty 0.1516, loss 1.6914
Epoch 11, Batch 672/696, Lx 1.0192, Lu 0.1023, Penalty 0.1798, loss 1.3014
Epoch 11, Batch 673/696, Lx 1.4041, Lu 0.1511, Penalty 0.0674, loss 1.6227
Epoch 11, Batch 674/696, Lx 1.3612, Lu 0.1339, Penalty 0.1678, loss 1.6630
Epoch 11, Batch 675/696, Lx 1.5023, Lu 0.1514, Penalty 0.1208, loss 1.7744
Epoch 11, Batch 676/696, Lx 1.3774, Lu 0.1219, Penalty 0.1039, loss 1.6032
Epoch 11, Batch 677/696, Lx 1.4954, Lu 0.1495, Penalty 0.1077, loss 1.7526
Epoch 11, Batch 678/696, Lx 1.3060, Lu 0.0940, Penalty 0.0817, loss 1.4817
Epoch 11, Batch 679/696, Lx 1.3542, Lu 0.1448, Penalty 0.0828, loss 1.5818
Epoch 11, Batch 680/696, Lx 1.5298, Lu 0.1661, Penalty 0.0848, loss 1.7807
Epoch 11, Batch 681/696, Lx 1.1827, Lu 0.1347, Penalty 0.0626, loss 1.3799
Epoch 11, Batch 682/696, Lx 1.2385, Lu 0.1528, Penalty 0.1394, loss 1.5307
Epoch 11, Batch 683/696, Lx 1.3960, Lu 0.1716, Penalty 0.0700, loss 1.6376
Epoch 11, Batch 684/696, Lx 1.4231, Lu 0.2174, Penalty 0.0866, loss 1.7271
Epoch 11, Batch 685/696, Lx 1.5785, Lu 0.1955, Penalty 0.0874, loss 1.8615
Epoch 11, Batch 686/696, Lx 1.5527, Lu 0.2278, Penalty 0.0894, loss 1.8699
Epoch 11, Batch 687/696, Lx 1.2383, Lu 0.1622, Penalty 0.1243, loss 1.5249
Epoch 11, Batch 688/696, Lx 1.4286, Lu 0.2277, Penalty 0.1133, loss 1.7695
Epoch 11, Batch 689/696, Lx 1.3798, Lu 0.1189, Penalty 0.1420, loss 1.6407
Epoch 11, Batch 690/696, Lx 1.4577, Lu 0.1789, Penalty 0.0800, loss 1.7166
Epoch 11, Batch 691/696, Lx 1.6709, Lu 0.1996, Penalty 0.1082, loss 1.9787
Epoch 11, Batch 692/696, Lx 1.5953, Lu 0.1576, Penalty 0.0946, loss 1.8475
Epoch 11, Batch 693/696, Lx 1.6050, Lu 0.2002, Penalty 0.1238, loss 1.9290
Epoch 11, Batch 694/696, Lx 1.4720, Lu 0.1646, Penalty 0.0754, loss 1.7120
Epoch 11, Batch 695/696, Lx 1.2486, Lu 0.1221, Penalty 0.0925, loss 1.4631
Epoch 11, Batch 696/696, Lx 1.4671, Lu 0.1410, Penalty 0.1662, loss 1.7743
Loss: 1.7112, Lx: 1.4395, Lu: 0.1705, Penalty: 0.1012
Evaluating training data at epoch 11 for Model 1
GMM Means: [0.19784546 0.52840872]
GMM Covariances: [0.01150664 0.0209724 ]
Evaluating training data at epoch 11 for Model 2
GMM Means: [0.58272303 0.23528343]
GMM Covariances: [0.02231412 0.01405844]
Evaluating models at epoch 11
Test data size: 60000
Epoch: 11, Test Loss: 1.6710, Test Accuracy: 0.4480, Test F1 Score: 0.4088
Training for Network 1
labelled data size: 29210
unlabelled data size: 12790
Epoch 12, Batch 1/913, Lx 1.5758, Lu 0.1889, Penalty 0.0836, loss 1.8484
Epoch 12, Batch 2/913, Lx 1.3709, Lu 0.1301, Penalty 0.0781, loss 1.5791
Epoch 12, Batch 3/913, Lx 1.6164, Lu 0.2942, Penalty 0.1245, loss 2.0352
Epoch 12, Batch 4/913, Lx 1.6006, Lu 0.2003, Penalty 0.0709, loss 1.8718
Epoch 12, Batch 5/913, Lx 1.5028, Lu 0.1775, Penalty 0.0931, loss 1.7734
Epoch 12, Batch 6/913, Lx 1.6215, Lu 0.2206, Penalty 0.0485, loss 1.8906
Epoch 12, Batch 7/913, Lx 1.7862, Lu 0.3633, Penalty 0.0379, loss 2.1874
Epoch 12, Batch 8/913, Lx 1.6335, Lu 0.1832, Penalty 0.1302, loss 1.9469
Epoch 12, Batch 9/913, Lx 1.7813, Lu 0.2274, Penalty 0.0780, loss 2.0867
Epoch 12, Batch 10/913, Lx 1.4573, Lu 0.1551, Penalty 0.0794, loss 1.6917
Epoch 12, Batch 11/913, Lx 1.5756, Lu 0.2227, Penalty 0.1677, loss 1.9660
Epoch 12, Batch 12/913, Lx 1.5816, Lu 0.1815, Penalty 0.1075, loss 1.8705
Epoch 12, Batch 13/913, Lx 1.5878, Lu 0.1623, Penalty 0.0971, loss 1.8471
Epoch 12, Batch 14/913, Lx 1.8247, Lu 0.2296, Penalty 0.0565, loss 2.1107
Epoch 12, Batch 15/913, Lx 1.6128, Lu 0.2295, Penalty 0.1575, loss 1.9998
Epoch 12, Batch 16/913, Lx 1.5525, Lu 0.2540, Penalty 0.0798, loss 1.8862
Epoch 12, Batch 17/913, Lx 1.8173, Lu 0.2097, Penalty 0.1089, loss 2.1359
Epoch 12, Batch 18/913, Lx 1.5862, Lu 0.1716, Penalty 0.0679, loss 1.8257
Epoch 12, Batch 19/913, Lx 1.7371, Lu 0.1854, Penalty 0.0602, loss 1.9827
Epoch 12, Batch 20/913, Lx 1.7431, Lu 0.2124, Penalty 0.1282, loss 2.0837
Epoch 12, Batch 21/913, Lx 1.8321, Lu 0.2285, Penalty 0.0905, loss 2.1511
Epoch 12, Batch 22/913, Lx 1.9827, Lu 0.1720, Penalty 0.0851, loss 2.2398
Epoch 12, Batch 23/913, Lx 1.5658, Lu 0.2074, Penalty 0.0690, loss 1.8423
Epoch 12, Batch 24/913, Lx 1.5728, Lu 0.1750, Penalty 0.0927, loss 1.8405
Epoch 12, Batch 25/913, Lx 1.7661, Lu 0.2238, Penalty 0.1312, loss 2.1211
Epoch 12, Batch 26/913, Lx 1.5913, Lu 0.2168, Penalty 0.1233, loss 1.9314
Epoch 12, Batch 27/913, Lx 1.6287, Lu 0.1737, Penalty 0.0909, loss 1.8933
Epoch 12, Batch 28/913, Lx 1.6228, Lu 0.1616, Penalty 0.1050, loss 1.8894
Epoch 12, Batch 29/913, Lx 1.3681, Lu 0.1594, Penalty 0.1300, loss 1.6575
Epoch 12, Batch 30/913, Lx 1.5162, Lu 0.1715, Penalty 0.1094, loss 1.7970
Epoch 12, Batch 31/913, Lx 1.6340, Lu 0.2289, Penalty 0.0954, loss 1.9583
Epoch 12, Batch 32/913, Lx 1.8105, Lu 0.1800, Penalty 0.0454, loss 2.0358
Epoch 12, Batch 33/913, Lx 1.5785, Lu 0.1837, Penalty 0.1225, loss 1.8847
Epoch 12, Batch 34/913, Lx 1.5710, Lu 0.1469, Penalty 0.1655, loss 1.8834
Epoch 12, Batch 35/913, Lx 1.6094, Lu 0.1424, Penalty 0.0908, loss 1.8427
Epoch 12, Batch 36/913, Lx 1.6984, Lu 0.1987, Penalty 0.1046, loss 2.0016
Epoch 12, Batch 37/913, Lx 1.5404, Lu 0.2427, Penalty 0.0995, loss 1.8826
Epoch 12, Batch 38/913, Lx 1.6654, Lu 0.1792, Penalty 0.0833, loss 1.9280
Epoch 12, Batch 39/913, Lx 1.8864, Lu 0.2387, Penalty 0.1251, loss 2.2502
Epoch 12, Batch 40/913, Lx 1.5456, Lu 0.1968, Penalty 0.0554, loss 1.7978
Epoch 12, Batch 41/913, Lx 1.6507, Lu 0.2359, Penalty 0.0842, loss 1.9707
Epoch 12, Batch 42/913, Lx 1.7935, Lu 0.2139, Penalty 0.0286, loss 2.0360
Epoch 12, Batch 43/913, Lx 1.7062, Lu 0.2541, Penalty 0.0796, loss 2.0399
Epoch 12, Batch 44/913, Lx 1.6359, Lu 0.1971, Penalty 0.0902, loss 1.9232
Epoch 12, Batch 45/913, Lx 1.7570, Lu 0.2529, Penalty 0.0808, loss 2.0907
Epoch 12, Batch 46/913, Lx 1.6914, Lu 0.1729, Penalty 0.0713, loss 1.9357
Epoch 12, Batch 47/913, Lx 1.7439, Lu 0.2698, Penalty 0.0609, loss 2.0746
Epoch 12, Batch 48/913, Lx 1.8020, Lu 0.2588, Penalty 0.1035, loss 2.1643
Epoch 12, Batch 49/913, Lx 1.5459, Lu 0.2040, Penalty 0.1105, loss 1.8604
Epoch 12, Batch 50/913, Lx 1.6068, Lu 0.2564, Penalty 0.0752, loss 1.9384
Epoch 12, Batch 51/913, Lx 1.4891, Lu 0.1447, Penalty 0.1053, loss 1.7391
Epoch 12, Batch 52/913, Lx 1.8071, Lu 0.2429, Penalty 0.0953, loss 2.1452
Epoch 12, Batch 53/913, Lx 1.6124, Lu 0.2136, Penalty 0.0953, loss 1.9212
Epoch 12, Batch 54/913, Lx 1.6425, Lu 0.1901, Penalty 0.0663, loss 1.8989
Epoch 12, Batch 55/913, Lx 1.8043, Lu 0.1830, Penalty 0.1572, loss 2.1445
Epoch 12, Batch 56/913, Lx 1.5694, Lu 0.1556, Penalty 0.1617, loss 1.8867
Epoch 12, Batch 57/913, Lx 1.4430, Lu 0.1408, Penalty 0.1242, loss 1.7079
Epoch 12, Batch 58/913, Lx 1.5849, Lu 0.1602, Penalty 0.1776, loss 1.9227
Epoch 12, Batch 59/913, Lx 1.5893, Lu 0.2493, Penalty 0.0734, loss 1.9120
Epoch 12, Batch 60/913, Lx 1.5305, Lu 0.1661, Penalty 0.1056, loss 1.8022
Epoch 12, Batch 61/913, Lx 1.5684, Lu 0.1861, Penalty 0.0752, loss 1.8297
Epoch 12, Batch 62/913, Lx 1.5692, Lu 0.1792, Penalty 0.0758, loss 1.8242
Epoch 12, Batch 63/913, Lx 1.7922, Lu 0.2570, Penalty 0.0406, loss 2.0898
Epoch 12, Batch 64/913, Lx 1.6749, Lu 0.2410, Penalty 0.1155, loss 2.0314
Epoch 12, Batch 65/913, Lx 1.5242, Lu 0.2559, Penalty 0.0924, loss 1.8725
Epoch 12, Batch 66/913, Lx 1.6589, Lu 0.3078, Penalty 0.0412, loss 2.0079
Epoch 12, Batch 67/913, Lx 1.4972, Lu 0.1411, Penalty 0.0512, loss 1.6895
Epoch 12, Batch 68/913, Lx 1.7732, Lu 0.2421, Penalty 0.1097, loss 2.1251
Epoch 12, Batch 69/913, Lx 1.7002, Lu 0.1593, Penalty 0.0908, loss 1.9503
Epoch 12, Batch 70/913, Lx 1.8623, Lu 0.2772, Penalty 0.1517, loss 2.2912
Epoch 12, Batch 71/913, Lx 1.6872, Lu 0.2245, Penalty 0.0681, loss 1.9798
Epoch 12, Batch 72/913, Lx 1.6856, Lu 0.2723, Penalty 0.0499, loss 2.0078
Epoch 12, Batch 73/913, Lx 1.9053, Lu 0.2131, Penalty 0.0426, loss 2.1611
Epoch 12, Batch 74/913, Lx 1.6591, Lu 0.2248, Penalty 0.0825, loss 1.9664
Epoch 12, Batch 75/913, Lx 1.5346, Lu 0.2053, Penalty 0.1138, loss 1.8537
Epoch 12, Batch 76/913, Lx 1.6325, Lu 0.2528, Penalty 0.0857, loss 1.9710
Epoch 12, Batch 77/913, Lx 1.8088, Lu 0.2458, Penalty 0.1142, loss 2.1688
Epoch 12, Batch 78/913, Lx 1.3531, Lu 0.1080, Penalty 0.1830, loss 1.6441
Epoch 12, Batch 79/913, Lx 1.7424, Lu 0.1375, Penalty 0.1855, loss 2.0655
Epoch 12, Batch 80/913, Lx 1.8921, Lu 0.1850, Penalty 0.0934, loss 2.1705
Epoch 12, Batch 81/913, Lx 1.6506, Lu 0.1791, Penalty 0.1068, loss 1.9365
Epoch 12, Batch 82/913, Lx 1.5983, Lu 0.1598, Penalty 0.1074, loss 1.8655
Epoch 12, Batch 83/913, Lx 1.6545, Lu 0.2066, Penalty 0.1160, loss 1.9770
Epoch 12, Batch 84/913, Lx 1.5966, Lu 0.2035, Penalty 0.0941, loss 1.8941
Epoch 12, Batch 85/913, Lx 1.7852, Lu 0.2565, Penalty 0.0965, loss 2.1382
Epoch 12, Batch 86/913, Lx 1.8007, Lu 0.2039, Penalty 0.1170, loss 2.1217
Epoch 12, Batch 87/913, Lx 1.5122, Lu 0.1971, Penalty 0.0526, loss 1.7619
Epoch 12, Batch 88/913, Lx 1.7848, Lu 0.2635, Penalty 0.0784, loss 2.1267
Epoch 12, Batch 89/913, Lx 1.7942, Lu 0.2812, Penalty 0.0858, loss 2.1612
Epoch 12, Batch 90/913, Lx 1.6982, Lu 0.2449, Penalty 0.0928, loss 2.0359
Epoch 12, Batch 91/913, Lx 1.7728, Lu 0.2069, Penalty 0.0435, loss 2.0232
Epoch 12, Batch 92/913, Lx 1.5514, Lu 0.2209, Penalty 0.0428, loss 1.8151
Epoch 12, Batch 93/913, Lx 1.4842, Lu 0.1965, Penalty 0.0676, loss 1.7483
Epoch 12, Batch 94/913, Lx 1.6287, Lu 0.2096, Penalty 0.0779, loss 1.9162
Epoch 12, Batch 95/913, Lx 1.6254, Lu 0.2360, Penalty 0.0765, loss 1.9380
Epoch 12, Batch 96/913, Lx 1.6590, Lu 0.2504, Penalty 0.0556, loss 1.9650
Epoch 12, Batch 97/913, Lx 1.6678, Lu 0.1086, Penalty 0.0647, loss 1.8410
Epoch 12, Batch 98/913, Lx 1.6187, Lu 0.2089, Penalty 0.0946, loss 1.9221
Epoch 12, Batch 99/913, Lx 1.5582, Lu 0.2657, Penalty 0.1201, loss 1.9440
Epoch 12, Batch 100/913, Lx 1.7334, Lu 0.2262, Penalty 0.1271, loss 2.0868
Epoch 12, Batch 101/913, Lx 1.5952, Lu 0.1955, Penalty 0.0880, loss 1.8787
Epoch 12, Batch 102/913, Lx 1.6595, Lu 0.1453, Penalty 0.1359, loss 1.9407
Epoch 12, Batch 103/913, Lx 1.5865, Lu 0.2599, Penalty 0.1304, loss 1.9767
Epoch 12, Batch 104/913, Lx 1.6894, Lu 0.1944, Penalty 0.1159, loss 1.9998
Epoch 12, Batch 105/913, Lx 1.5030, Lu 0.2034, Penalty 0.0676, loss 1.7739
Epoch 12, Batch 106/913, Lx 1.8213, Lu 0.1843, Penalty 0.0520, loss 2.0577
Epoch 12, Batch 107/913, Lx 1.6604, Lu 0.2906, Penalty 0.0629, loss 2.0138
Epoch 12, Batch 108/913, Lx 1.5525, Lu 0.2668, Penalty 0.0769, loss 1.8962
Epoch 12, Batch 109/913, Lx 1.6112, Lu 0.2448, Penalty 0.1022, loss 1.9582
Epoch 12, Batch 110/913, Lx 1.5445, Lu 0.1931, Penalty 0.0789, loss 1.8165
Epoch 12, Batch 111/913, Lx 1.6263, Lu 0.1524, Penalty 0.1210, loss 1.8997
Epoch 12, Batch 112/913, Lx 1.6061, Lu 0.1913, Penalty 0.0521, loss 1.8495
Epoch 12, Batch 113/913, Lx 1.7361, Lu 0.2547, Penalty 0.1086, loss 2.0994
Epoch 12, Batch 114/913, Lx 1.7696, Lu 0.1293, Penalty 0.1541, loss 2.0531
Epoch 12, Batch 115/913, Lx 1.7589, Lu 0.1972, Penalty 0.0529, loss 2.0090
Epoch 12, Batch 116/913, Lx 1.5047, Lu 0.1700, Penalty 0.1083, loss 1.7830
Epoch 12, Batch 117/913, Lx 1.7950, Lu 0.2830, Penalty 0.0435, loss 2.1215
Epoch 12, Batch 118/913, Lx 1.7297, Lu 0.2593, Penalty 0.0922, loss 2.0812
Epoch 12, Batch 119/913, Lx 1.4134, Lu 0.2145, Penalty 0.1209, loss 1.7487
Epoch 12, Batch 120/913, Lx 1.4845, Lu 0.2121, Penalty 0.1211, loss 1.8176
Epoch 12, Batch 121/913, Lx 1.7508, Lu 0.2571, Penalty 0.0547, loss 2.0627
Epoch 12, Batch 122/913, Lx 1.8134, Lu 0.2833, Penalty 0.0485, loss 2.1452
Epoch 12, Batch 123/913, Lx 1.6494, Lu 0.2222, Penalty 0.0557, loss 1.9274
Epoch 12, Batch 124/913, Lx 1.3317, Lu 0.1885, Penalty 0.1436, loss 1.6638
Epoch 12, Batch 125/913, Lx 1.7701, Lu 0.1905, Penalty 0.0968, loss 2.0573
Epoch 12, Batch 126/913, Lx 1.6502, Lu 0.1642, Penalty 0.0596, loss 1.8740
Epoch 12, Batch 127/913, Lx 1.7887, Lu 0.3362, Penalty 0.1104, loss 2.2354
Epoch 12, Batch 128/913, Lx 1.8182, Lu 0.2037, Penalty 0.1103, loss 2.1323
Epoch 12, Batch 129/913, Lx 1.9022, Lu 0.1541, Penalty 0.1180, loss 2.1743
Epoch 12, Batch 130/913, Lx 1.7650, Lu 0.2486, Penalty 0.1293, loss 2.1429
Epoch 12, Batch 131/913, Lx 1.7536, Lu 0.2094, Penalty 0.0698, loss 2.0328
Epoch 12, Batch 132/913, Lx 1.5890, Lu 0.1802, Penalty 0.1708, loss 1.9400
Epoch 12, Batch 133/913, Lx 1.6853, Lu 0.1584, Penalty 0.1260, loss 1.9696
Epoch 12, Batch 134/913, Lx 1.7085, Lu 0.1484, Penalty 0.1441, loss 2.0010
Epoch 12, Batch 135/913, Lx 1.6421, Lu 0.1918, Penalty 0.1117, loss 1.9456
Epoch 12, Batch 136/913, Lx 1.8171, Lu 0.2101, Penalty 0.0679, loss 2.0952
Epoch 12, Batch 137/913, Lx 1.7366, Lu 0.2787, Penalty 0.1324, loss 2.1477
Epoch 12, Batch 138/913, Lx 1.8573, Lu 0.2724, Penalty 0.0859, loss 2.2157
Epoch 12, Batch 139/913, Lx 1.7322, Lu 0.2573, Penalty 0.0919, loss 2.0814
Epoch 12, Batch 140/913, Lx 1.6921, Lu 0.2020, Penalty 0.1369, loss 2.0310
Epoch 12, Batch 141/913, Lx 1.7158, Lu 0.1367, Penalty 0.0624, loss 1.9149
Epoch 12, Batch 142/913, Lx 1.5880, Lu 0.1524, Penalty 0.1037, loss 1.8441
Epoch 12, Batch 143/913, Lx 1.6132, Lu 0.2359, Penalty 0.0809, loss 1.9300
Epoch 12, Batch 144/913, Lx 1.7343, Lu 0.1887, Penalty 0.0868, loss 2.0099
Epoch 12, Batch 145/913, Lx 1.5800, Lu 0.1449, Penalty 0.1002, loss 1.8251
Epoch 12, Batch 146/913, Lx 1.6248, Lu 0.2338, Penalty 0.0812, loss 1.9398
Epoch 12, Batch 147/913, Lx 1.6192, Lu 0.1518, Penalty 0.0571, loss 1.8281
Epoch 12, Batch 148/913, Lx 1.4972, Lu 0.2419, Penalty 0.1010, loss 1.8400
Epoch 12, Batch 149/913, Lx 1.5916, Lu 0.1968, Penalty 0.0622, loss 1.8505
Epoch 12, Batch 150/913, Lx 1.8088, Lu 0.2762, Penalty 0.0779, loss 2.1629
Epoch 12, Batch 151/913, Lx 1.6587, Lu 0.2267, Penalty 0.0866, loss 1.9721
Epoch 12, Batch 152/913, Lx 1.7804, Lu 0.1826, Penalty 0.0555, loss 2.0185
Epoch 12, Batch 153/913, Lx 1.7149, Lu 0.1778, Penalty 0.0445, loss 1.9372
Epoch 12, Batch 154/913, Lx 1.7495, Lu 0.2089, Penalty 0.0833, loss 2.0418
Epoch 12, Batch 155/913, Lx 1.6816, Lu 0.1842, Penalty 0.0347, loss 1.9005
Epoch 12, Batch 156/913, Lx 1.6298, Lu 0.1703, Penalty 0.0692, loss 1.8693
Epoch 12, Batch 157/913, Lx 1.6888, Lu 0.2207, Penalty 0.0730, loss 1.9825
Epoch 12, Batch 158/913, Lx 1.7233, Lu 0.2553, Penalty 0.0606, loss 2.0391
Epoch 12, Batch 159/913, Lx 1.5888, Lu 0.1983, Penalty 0.1540, loss 1.9412
Epoch 12, Batch 160/913, Lx 1.7877, Lu 0.1867, Penalty 0.0859, loss 2.0603
Epoch 12, Batch 161/913, Lx 1.6119, Lu 0.1432, Penalty 0.0888, loss 1.8439
Epoch 12, Batch 162/913, Lx 1.7902, Lu 0.1514, Penalty 0.0822, loss 2.0238
Epoch 12, Batch 163/913, Lx 1.4626, Lu 0.1742, Penalty 0.2050, loss 1.8418
Epoch 12, Batch 164/913, Lx 1.7789, Lu 0.2553, Penalty 0.1132, loss 2.1474
Epoch 12, Batch 165/913, Lx 1.7597, Lu 0.2753, Penalty 0.0845, loss 2.1195
Epoch 12, Batch 166/913, Lx 1.6970, Lu 0.1798, Penalty 0.0934, loss 1.9702
Epoch 12, Batch 167/913, Lx 1.5623, Lu 0.2629, Penalty 0.1437, loss 1.9688
Epoch 12, Batch 168/913, Lx 1.7219, Lu 0.2320, Penalty 0.0613, loss 2.0151
Epoch 12, Batch 169/913, Lx 1.6035, Lu 0.2087, Penalty 0.0494, loss 1.8615
Epoch 12, Batch 170/913, Lx 1.4835, Lu 0.2236, Penalty 0.0901, loss 1.7972
Epoch 12, Batch 171/913, Lx 1.4713, Lu 0.2027, Penalty 0.1508, loss 1.8248
Epoch 12, Batch 172/913, Lx 1.5993, Lu 0.1782, Penalty 0.0940, loss 1.8715
Epoch 12, Batch 173/913, Lx 1.6670, Lu 0.1484, Penalty 0.0888, loss 1.9042
Epoch 12, Batch 174/913, Lx 1.7602, Lu 0.2457, Penalty 0.0812, loss 2.0872
Epoch 12, Batch 175/913, Lx 1.8472, Lu 0.1938, Penalty 0.1091, loss 2.1501
Epoch 12, Batch 176/913, Lx 1.7531, Lu 0.2958, Penalty 0.0431, loss 2.0920
Epoch 12, Batch 177/913, Lx 1.7832, Lu 0.2610, Penalty 0.0722, loss 2.1164
Epoch 12, Batch 178/913, Lx 1.5442, Lu 0.1709, Penalty 0.0738, loss 1.7888
Epoch 12, Batch 179/913, Lx 1.6408, Lu 0.2149, Penalty 0.1554, loss 2.0111
Epoch 12, Batch 180/913, Lx 1.4810, Lu 0.1680, Penalty 0.1536, loss 1.8026
Epoch 12, Batch 181/913, Lx 1.6644, Lu 0.2444, Penalty 0.1013, loss 2.0101
Epoch 12, Batch 182/913, Lx 1.6718, Lu 0.1903, Penalty 0.0967, loss 1.9588
Epoch 12, Batch 183/913, Lx 1.6225, Lu 0.1576, Penalty 0.1631, loss 1.9432
Epoch 12, Batch 184/913, Lx 1.7486, Lu 0.2456, Penalty 0.1127, loss 2.1069
Epoch 12, Batch 185/913, Lx 1.6360, Lu 0.2431, Penalty 0.1364, loss 2.0155
Epoch 12, Batch 186/913, Lx 1.5761, Lu 0.2076, Penalty 0.1163, loss 1.9000
Epoch 12, Batch 187/913, Lx 1.7371, Lu 0.2265, Penalty 0.1768, loss 2.1404
Epoch 12, Batch 188/913, Lx 1.5301, Lu 0.1753, Penalty 0.0892, loss 1.7947
Epoch 12, Batch 189/913, Lx 1.4956, Lu 0.1499, Penalty 0.1031, loss 1.7486
Epoch 12, Batch 190/913, Lx 1.7272, Lu 0.1723, Penalty 0.0784, loss 1.9779
Epoch 12, Batch 191/913, Lx 1.7187, Lu 0.2135, Penalty 0.0724, loss 2.0046
Epoch 12, Batch 192/913, Lx 1.4596, Lu 0.1489, Penalty 0.0641, loss 1.6726
Epoch 12, Batch 193/913, Lx 1.8462, Lu 0.2488, Penalty 0.0676, loss 2.1626
Epoch 12, Batch 194/913, Lx 1.9568, Lu 0.2816, Penalty 0.1060, loss 2.3444
Epoch 12, Batch 195/913, Lx 1.5633, Lu 0.1564, Penalty 0.0981, loss 1.8177
Epoch 12, Batch 196/913, Lx 1.5754, Lu 0.1760, Penalty 0.1238, loss 1.8751
Epoch 12, Batch 197/913, Lx 1.7087, Lu 0.2140, Penalty 0.0723, loss 1.9949
Epoch 12, Batch 198/913, Lx 1.6458, Lu 0.1562, Penalty 0.0788, loss 1.8809
Epoch 12, Batch 199/913, Lx 1.4534, Lu 0.1731, Penalty 0.0578, loss 1.6842
Epoch 12, Batch 200/913, Lx 1.7978, Lu 0.2102, Penalty 0.0303, loss 2.0384
Epoch 12, Batch 201/913, Lx 1.5092, Lu 0.2218, Penalty 0.0675, loss 1.7985
Epoch 12, Batch 202/913, Lx 1.6202, Lu 0.2364, Penalty 0.0659, loss 1.9226
Epoch 12, Batch 203/913, Lx 1.6764, Lu 0.2290, Penalty 0.0502, loss 1.9556
Epoch 12, Batch 204/913, Lx 1.6612, Lu 0.2588, Penalty 0.1083, loss 2.0284
Epoch 12, Batch 205/913, Lx 1.7845, Lu 0.1645, Penalty 0.0643, loss 2.0133
Epoch 12, Batch 206/913, Lx 1.5138, Lu 0.1246, Penalty 0.0854, loss 1.7237
Epoch 12, Batch 207/913, Lx 1.8183, Lu 0.2472, Penalty 0.0671, loss 2.1326
Epoch 12, Batch 208/913, Lx 1.6391, Lu 0.1596, Penalty 0.1230, loss 1.9217
Epoch 12, Batch 209/913, Lx 1.7577, Lu 0.2517, Penalty 0.0724, loss 2.0818
Epoch 12, Batch 210/913, Lx 1.5138, Lu 0.2104, Penalty 0.1955, loss 1.9196
Epoch 12, Batch 211/913, Lx 1.4108, Lu 0.1427, Penalty 0.0712, loss 1.6248
Epoch 12, Batch 212/913, Lx 1.7172, Lu 0.2660, Penalty 0.0982, loss 2.0814
Epoch 12, Batch 213/913, Lx 1.3676, Lu 0.1662, Penalty 0.0515, loss 1.5852
Epoch 12, Batch 214/913, Lx 1.5916, Lu 0.1866, Penalty 0.1238, loss 1.9019
Epoch 12, Batch 215/913, Lx 1.6487, Lu 0.2446, Penalty 0.1926, loss 2.0859
Epoch 12, Batch 216/913, Lx 1.7323, Lu 0.2514, Penalty 0.1026, loss 2.0863
Epoch 12, Batch 217/913, Lx 1.5697, Lu 0.2552, Penalty 0.0531, loss 1.8779
Epoch 12, Batch 218/913, Lx 1.7214, Lu 0.2612, Penalty 0.0615, loss 2.0441
Epoch 12, Batch 219/913, Lx 1.6709, Lu 0.2000, Penalty 0.1268, loss 1.9977
Epoch 12, Batch 220/913, Lx 1.6978, Lu 0.1981, Penalty 0.0788, loss 1.9747
Epoch 12, Batch 221/913, Lx 1.5851, Lu 0.1996, Penalty 0.1116, loss 1.8963
Epoch 12, Batch 222/913, Lx 1.5262, Lu 0.1693, Penalty 0.0517, loss 1.7472
Epoch 12, Batch 223/913, Lx 1.7329, Lu 0.1362, Penalty 0.0983, loss 1.9675
Epoch 12, Batch 224/913, Lx 1.5314, Lu 0.1667, Penalty 0.1331, loss 1.8312
Epoch 12, Batch 225/913, Lx 1.7676, Lu 0.2138, Penalty 0.0704, loss 2.0518
Epoch 12, Batch 226/913, Lx 1.8075, Lu 0.2918, Penalty 0.1072, loss 2.2065
Epoch 12, Batch 227/913, Lx 1.5362, Lu 0.1497, Penalty 0.0971, loss 1.7830
Epoch 12, Batch 228/913, Lx 1.4744, Lu 0.2262, Penalty 0.0705, loss 1.7711
Epoch 12, Batch 229/913, Lx 1.4447, Lu 0.1439, Penalty 0.1091, loss 1.6978
Epoch 12, Batch 230/913, Lx 1.6712, Lu 0.2430, Penalty 0.0757, loss 1.9898
Epoch 12, Batch 231/913, Lx 1.6743, Lu 0.1858, Penalty 0.0970, loss 1.9571
Epoch 12, Batch 232/913, Lx 1.5846, Lu 0.2174, Penalty 0.1002, loss 1.9022
Epoch 12, Batch 233/913, Lx 1.7122, Lu 0.1880, Penalty 0.1403, loss 2.0404
Epoch 12, Batch 234/913, Lx 1.7631, Lu 0.2577, Penalty 0.0752, loss 2.0959
Epoch 12, Batch 235/913, Lx 1.7127, Lu 0.2331, Penalty 0.0622, loss 2.0080
Epoch 12, Batch 236/913, Lx 1.6269, Lu 0.1842, Penalty 0.0757, loss 1.8867
Epoch 12, Batch 237/913, Lx 1.6362, Lu 0.2586, Penalty 0.0499, loss 1.9447
Epoch 12, Batch 238/913, Lx 1.5214, Lu 0.1776, Penalty 0.0534, loss 1.7524
Epoch 12, Batch 239/913, Lx 1.7577, Lu 0.2131, Penalty 0.0949, loss 2.0658
Epoch 12, Batch 240/913, Lx 1.6147, Lu 0.2745, Penalty 0.0718, loss 1.9610
Epoch 12, Batch 241/913, Lx 1.7614, Lu 0.1988, Penalty 0.0847, loss 2.0449
Epoch 12, Batch 242/913, Lx 1.7957, Lu 0.2855, Penalty 0.0760, loss 2.1572
Epoch 12, Batch 243/913, Lx 1.5040, Lu 0.2184, Penalty 0.1592, loss 1.8816
Epoch 12, Batch 244/913, Lx 1.6074, Lu 0.2396, Penalty 0.1430, loss 1.9900
Epoch 12, Batch 245/913, Lx 1.6684, Lu 0.2392, Penalty 0.1605, loss 2.0681
Epoch 12, Batch 246/913, Lx 1.4686, Lu 0.2034, Penalty 0.1149, loss 1.7869
Epoch 12, Batch 247/913, Lx 1.5272, Lu 0.1494, Penalty 0.1155, loss 1.7920
Epoch 12, Batch 248/913, Lx 1.6288, Lu 0.1839, Penalty 0.0950, loss 1.9077
Epoch 12, Batch 249/913, Lx 1.5476, Lu 0.2015, Penalty 0.1625, loss 1.9116
Epoch 12, Batch 250/913, Lx 1.5824, Lu 0.1436, Penalty 0.0933, loss 1.8193
Epoch 12, Batch 251/913, Lx 1.5666, Lu 0.1267, Penalty 0.1661, loss 1.8594
Epoch 12, Batch 252/913, Lx 1.6459, Lu 0.1659, Penalty 0.0768, loss 1.8885
Epoch 12, Batch 253/913, Lx 1.6842, Lu 0.2003, Penalty 0.1262, loss 2.0107
Epoch 12, Batch 254/913, Lx 1.8237, Lu 0.2287, Penalty 0.0494, loss 2.1018
Epoch 12, Batch 255/913, Lx 1.5571, Lu 0.1725, Penalty 0.1178, loss 1.8473
Epoch 12, Batch 256/913, Lx 1.4646, Lu 0.1507, Penalty 0.1114, loss 1.7267
Epoch 12, Batch 257/913, Lx 1.6660, Lu 0.2091, Penalty 0.1161, loss 1.9912
Epoch 12, Batch 258/913, Lx 1.8131, Lu 0.2081, Penalty 0.0877, loss 2.1089
Epoch 12, Batch 259/913, Lx 1.6705, Lu 0.2296, Penalty 0.0904, loss 1.9905
Epoch 12, Batch 260/913, Lx 1.5812, Lu 0.1861, Penalty 0.1482, loss 1.9155
Epoch 12, Batch 261/913, Lx 1.6870, Lu 0.2193, Penalty 0.1621, loss 2.0685
Epoch 12, Batch 262/913, Lx 1.6386, Lu 0.2393, Penalty 0.0459, loss 1.9237
Epoch 12, Batch 263/913, Lx 1.6292, Lu 0.2113, Penalty 0.1252, loss 1.9658
Epoch 12, Batch 264/913, Lx 1.8252, Lu 0.3453, Penalty 0.0639, loss 2.2343
Epoch 12, Batch 265/913, Lx 1.6856, Lu 0.1898, Penalty 0.1079, loss 1.9833
Epoch 12, Batch 266/913, Lx 1.7468, Lu 0.2177, Penalty 0.1490, loss 2.1135
Epoch 12, Batch 267/913, Lx 1.6418, Lu 0.2036, Penalty 0.1539, loss 1.9994
Epoch 12, Batch 268/913, Lx 1.9554, Lu 0.2306, Penalty 0.1355, loss 2.3215
Epoch 12, Batch 269/913, Lx 1.8653, Lu 0.2158, Penalty 0.2250, loss 2.3062
Epoch 12, Batch 270/913, Lx 1.8758, Lu 0.2113, Penalty 0.1487, loss 2.2357
Epoch 12, Batch 271/913, Lx 1.6884, Lu 0.2521, Penalty 0.0964, loss 2.0369
Epoch 12, Batch 272/913, Lx 1.7675, Lu 0.2074, Penalty 0.0775, loss 2.0524
Epoch 12, Batch 273/913, Lx 1.8279, Lu 0.1883, Penalty 0.0888, loss 2.1050
Epoch 12, Batch 274/913, Lx 1.8369, Lu 0.1773, Penalty 0.1284, loss 2.1425
Epoch 12, Batch 275/913, Lx 1.6660, Lu 0.2440, Penalty 0.0525, loss 1.9625
Epoch 12, Batch 276/913, Lx 1.6407, Lu 0.1918, Penalty 0.0844, loss 1.9169
Epoch 12, Batch 277/913, Lx 1.6595, Lu 0.1802, Penalty 0.0624, loss 1.9022
Epoch 12, Batch 278/913, Lx 1.6567, Lu 0.1685, Penalty 0.1067, loss 1.9320
Epoch 12, Batch 279/913, Lx 1.6786, Lu 0.2627, Penalty 0.0669, loss 2.0083
Epoch 12, Batch 280/913, Lx 1.6903, Lu 0.1696, Penalty 0.0667, loss 1.9266
Epoch 12, Batch 281/913, Lx 1.5768, Lu 0.2031, Penalty 0.0762, loss 1.8561
Epoch 12, Batch 282/913, Lx 1.7027, Lu 0.2796, Penalty 0.0577, loss 2.0401
Epoch 12, Batch 283/913, Lx 1.6666, Lu 0.2267, Penalty 0.0784, loss 1.9717
Epoch 12, Batch 284/913, Lx 1.3973, Lu 0.1376, Penalty 0.0913, loss 1.6263
Epoch 12, Batch 285/913, Lx 1.6330, Lu 0.1351, Penalty 0.1135, loss 1.8816
Epoch 12, Batch 286/913, Lx 1.7084, Lu 0.2762, Penalty 0.0723, loss 2.0569
Epoch 12, Batch 287/913, Lx 1.5935, Lu 0.1320, Penalty 0.1270, loss 1.8525
Epoch 12, Batch 288/913, Lx 1.6865, Lu 0.1998, Penalty 0.0662, loss 1.9525
Epoch 12, Batch 289/913, Lx 1.6257, Lu 0.2366, Penalty 0.1159, loss 1.9781
Epoch 12, Batch 290/913, Lx 1.2960, Lu 0.1387, Penalty 0.1395, loss 1.5743
Epoch 12, Batch 291/913, Lx 1.4552, Lu 0.1895, Penalty 0.0860, loss 1.7307
Epoch 12, Batch 292/913, Lx 1.6146, Lu 0.2255, Penalty 0.0973, loss 1.9374
Epoch 12, Batch 293/913, Lx 1.4419, Lu 0.1680, Penalty 0.1432, loss 1.7531
Epoch 12, Batch 294/913, Lx 1.4120, Lu 0.2023, Penalty 0.0687, loss 1.6830
Epoch 12, Batch 295/913, Lx 1.6469, Lu 0.2150, Penalty 0.0620, loss 1.9239
Epoch 12, Batch 296/913, Lx 1.5114, Lu 0.1304, Penalty 0.1186, loss 1.7605
Epoch 12, Batch 297/913, Lx 1.6298, Lu 0.2018, Penalty 0.0996, loss 1.9311
Epoch 12, Batch 298/913, Lx 1.6550, Lu 0.2651, Penalty 0.1239, loss 2.0441
Epoch 12, Batch 299/913, Lx 1.6098, Lu 0.2680, Penalty 0.1061, loss 1.9839
Epoch 12, Batch 300/913, Lx 1.4411, Lu 0.1572, Penalty 0.0531, loss 1.6514
Epoch 12, Batch 301/913, Lx 1.5828, Lu 0.1483, Penalty 0.1052, loss 1.8363
Epoch 12, Batch 302/913, Lx 1.7636, Lu 0.2903, Penalty 0.0854, loss 2.1392
Epoch 12, Batch 303/913, Lx 1.6041, Lu 0.1501, Penalty 0.0882, loss 1.8423
Epoch 12, Batch 304/913, Lx 1.6002, Lu 0.2093, Penalty 0.1174, loss 1.9270
Epoch 12, Batch 305/913, Lx 1.5432, Lu 0.2187, Penalty 0.1316, loss 1.8935
Epoch 12, Batch 306/913, Lx 1.7097, Lu 0.1961, Penalty 0.1060, loss 2.0118
Epoch 12, Batch 307/913, Lx 1.5749, Lu 0.2300, Penalty 0.0353, loss 1.8402
Epoch 12, Batch 308/913, Lx 1.4759, Lu 0.1608, Penalty 0.1136, loss 1.7504
Epoch 12, Batch 309/913, Lx 1.7689, Lu 0.1614, Penalty 0.1411, loss 2.0714
Epoch 12, Batch 310/913, Lx 1.5072, Lu 0.1910, Penalty 0.0981, loss 1.7962
Epoch 12, Batch 311/913, Lx 1.5994, Lu 0.2607, Penalty 0.2086, loss 2.0686
Epoch 12, Batch 312/913, Lx 1.6418, Lu 0.1750, Penalty 0.1073, loss 1.9242
Epoch 12, Batch 313/913, Lx 1.8966, Lu 0.2258, Penalty 0.1071, loss 2.2296
Epoch 12, Batch 314/913, Lx 1.7133, Lu 0.1832, Penalty 0.0665, loss 1.9629
Epoch 12, Batch 315/913, Lx 1.7583, Lu 0.2358, Penalty 0.0753, loss 2.0694
Epoch 12, Batch 316/913, Lx 1.7939, Lu 0.1894, Penalty 0.1235, loss 2.1069
Epoch 12, Batch 317/913, Lx 1.6644, Lu 0.2504, Penalty 0.1420, loss 2.0568
Epoch 12, Batch 318/913, Lx 1.7067, Lu 0.2844, Penalty 0.0914, loss 2.0826
Epoch 12, Batch 319/913, Lx 1.7414, Lu 0.1980, Penalty 0.0391, loss 1.9785
Epoch 12, Batch 320/913, Lx 1.5197, Lu 0.1843, Penalty 0.1907, loss 1.8947
Epoch 12, Batch 321/913, Lx 1.6397, Lu 0.1753, Penalty 0.0876, loss 1.9027
Epoch 12, Batch 322/913, Lx 1.7627, Lu 0.1888, Penalty 0.0879, loss 2.0394
Epoch 12, Batch 323/913, Lx 1.7012, Lu 0.1635, Penalty 0.0644, loss 1.9291
Epoch 12, Batch 324/913, Lx 1.6803, Lu 0.2809, Penalty 0.0637, loss 2.0250
Epoch 12, Batch 325/913, Lx 1.5733, Lu 0.1812, Penalty 0.1131, loss 1.8676
Epoch 12, Batch 326/913, Lx 1.7073, Lu 0.2529, Penalty 0.0636, loss 2.0238
Epoch 12, Batch 327/913, Lx 1.6831, Lu 0.2806, Penalty 0.0512, loss 2.0149
Epoch 12, Batch 328/913, Lx 1.6554, Lu 0.2140, Penalty 0.0777, loss 1.9471
Epoch 12, Batch 329/913, Lx 1.5748, Lu 0.1910, Penalty 0.0779, loss 1.8438
Epoch 12, Batch 330/913, Lx 1.7313, Lu 0.2564, Penalty 0.1239, loss 2.1116
Epoch 12, Batch 331/913, Lx 1.6420, Lu 0.2186, Penalty 0.1109, loss 1.9714
Epoch 12, Batch 332/913, Lx 1.6130, Lu 0.2161, Penalty 0.0738, loss 1.9029
Epoch 12, Batch 333/913, Lx 1.7141, Lu 0.2027, Penalty 0.1216, loss 2.0383
Epoch 12, Batch 334/913, Lx 1.5348, Lu 0.2483, Penalty 0.0953, loss 1.8783
Epoch 12, Batch 335/913, Lx 1.7297, Lu 0.2256, Penalty 0.1108, loss 2.0660
Epoch 12, Batch 336/913, Lx 1.6300, Lu 0.2176, Penalty 0.0840, loss 1.9317
Epoch 12, Batch 337/913, Lx 1.6226, Lu 0.2492, Penalty 0.1011, loss 1.9729
Epoch 12, Batch 338/913, Lx 1.5022, Lu 0.1508, Penalty 0.1025, loss 1.7555
Epoch 12, Batch 339/913, Lx 1.6023, Lu 0.2323, Penalty 0.0930, loss 1.9276
Epoch 12, Batch 340/913, Lx 1.6146, Lu 0.1589, Penalty 0.0726, loss 1.8461
Epoch 12, Batch 341/913, Lx 1.8296, Lu 0.2005, Penalty 0.1019, loss 2.1320
Epoch 12, Batch 342/913, Lx 1.6453, Lu 0.2858, Penalty 0.0686, loss 1.9998
Epoch 12, Batch 343/913, Lx 1.6050, Lu 0.2476, Penalty 0.0841, loss 1.9366
Epoch 12, Batch 344/913, Lx 1.6726, Lu 0.2309, Penalty 0.0768, loss 1.9802
Epoch 12, Batch 345/913, Lx 1.6138, Lu 0.2042, Penalty 0.0416, loss 1.8596
Epoch 12, Batch 346/913, Lx 1.5379, Lu 0.1954, Penalty 0.0929, loss 1.8262
Epoch 12, Batch 347/913, Lx 1.7764, Lu 0.2042, Penalty 0.0740, loss 2.0546
Epoch 12, Batch 348/913, Lx 1.4700, Lu 0.1744, Penalty 0.1276, loss 1.7719
Epoch 12, Batch 349/913, Lx 1.7695, Lu 0.2792, Penalty 0.0969, loss 2.1456
Epoch 12, Batch 350/913, Lx 1.5539, Lu 0.1386, Penalty 0.1609, loss 1.8533
Epoch 12, Batch 351/913, Lx 1.4715, Lu 0.1434, Penalty 0.2413, loss 1.8561
Epoch 12, Batch 352/913, Lx 1.5249, Lu 0.1636, Penalty 0.1086, loss 1.7971
Epoch 12, Batch 353/913, Lx 1.5658, Lu 0.2026, Penalty 0.0672, loss 1.8356
Epoch 12, Batch 354/913, Lx 1.6871, Lu 0.2215, Penalty 0.1496, loss 2.0583
Epoch 12, Batch 355/913, Lx 1.5908, Lu 0.1781, Penalty 0.1110, loss 1.8799
Epoch 12, Batch 356/913, Lx 1.8969, Lu 0.2027, Penalty 0.1019, loss 2.2015
Epoch 12, Batch 357/913, Lx 1.7564, Lu 0.1778, Penalty 0.0896, loss 2.0237
Epoch 12, Batch 358/913, Lx 1.5851, Lu 0.2672, Penalty 0.0620, loss 1.9142
Epoch 12, Batch 359/913, Lx 1.6294, Lu 0.1357, Penalty 0.1307, loss 1.8958
Epoch 12, Batch 360/913, Lx 1.7204, Lu 0.1463, Penalty 0.0733, loss 1.9400
Epoch 12, Batch 361/913, Lx 1.5549, Lu 0.2296, Penalty 0.0442, loss 1.8288
Epoch 12, Batch 362/913, Lx 1.7810, Lu 0.1964, Penalty 0.0403, loss 2.0176
Epoch 12, Batch 363/913, Lx 1.7888, Lu 0.2857, Penalty 0.0821, loss 2.1566
Epoch 12, Batch 364/913, Lx 1.5906, Lu 0.2091, Penalty 0.1077, loss 1.9074
Epoch 12, Batch 365/913, Lx 1.6840, Lu 0.2010, Penalty 0.0737, loss 1.9587
Epoch 12, Batch 366/913, Lx 1.4814, Lu 0.1998, Penalty 0.0432, loss 1.7244
Epoch 12, Batch 367/913, Lx 1.6737, Lu 0.2206, Penalty 0.0805, loss 1.9748
Epoch 12, Batch 368/913, Lx 1.5159, Lu 0.2154, Penalty 0.1439, loss 1.8752
Epoch 12, Batch 369/913, Lx 1.6519, Lu 0.2138, Penalty 0.0716, loss 1.9374
Epoch 12, Batch 370/913, Lx 1.6551, Lu 0.1317, Penalty 0.1680, loss 1.9548
Epoch 12, Batch 371/913, Lx 1.6952, Lu 0.1767, Penalty 0.1410, loss 2.0129
Epoch 12, Batch 372/913, Lx 1.7029, Lu 0.2205, Penalty 0.1109, loss 2.0343
Epoch 12, Batch 373/913, Lx 1.5976, Lu 0.1988, Penalty 0.1244, loss 1.9208
Epoch 12, Batch 374/913, Lx 1.6947, Lu 0.1544, Penalty 0.1056, loss 1.9547
Epoch 12, Batch 375/913, Lx 1.5487, Lu 0.2312, Penalty 0.1402, loss 1.9201
Epoch 12, Batch 376/913, Lx 1.6410, Lu 0.2457, Penalty 0.1228, loss 2.0095
Epoch 12, Batch 377/913, Lx 1.8954, Lu 0.2606, Penalty 0.0676, loss 2.2237
Epoch 12, Batch 378/913, Lx 1.7751, Lu 0.2853, Penalty 0.0756, loss 2.1361
Epoch 12, Batch 379/913, Lx 1.5001, Lu 0.2516, Penalty 0.0671, loss 1.8188
Epoch 12, Batch 380/913, Lx 1.6898, Lu 0.1814, Penalty 0.0534, loss 1.9245
Epoch 12, Batch 381/913, Lx 1.4703, Lu 0.1756, Penalty 0.0810, loss 1.7269
Epoch 12, Batch 382/913, Lx 1.6119, Lu 0.2270, Penalty 0.0683, loss 1.9073
Epoch 12, Batch 383/913, Lx 1.5549, Lu 0.1405, Penalty 0.0576, loss 1.7530
Epoch 12, Batch 384/913, Lx 1.6121, Lu 0.2386, Penalty 0.0547, loss 1.9054
Epoch 12, Batch 385/913, Lx 1.8269, Lu 0.2633, Penalty 0.0726, loss 2.1627
Epoch 12, Batch 386/913, Lx 1.7068, Lu 0.1994, Penalty 0.0640, loss 1.9702
Epoch 12, Batch 387/913, Lx 1.7652, Lu 0.2112, Penalty 0.0865, loss 2.0629
Epoch 12, Batch 388/913, Lx 1.6004, Lu 0.1722, Penalty 0.0956, loss 1.8683
Epoch 12, Batch 389/913, Lx 1.6140, Lu 0.2312, Penalty 0.1011, loss 1.9464
Epoch 12, Batch 390/913, Lx 1.5308, Lu 0.1640, Penalty 0.1681, loss 1.8629
Epoch 12, Batch 391/913, Lx 1.6241, Lu 0.2442, Penalty 0.1693, loss 2.0377
Epoch 12, Batch 392/913, Lx 1.8089, Lu 0.2127, Penalty 0.0768, loss 2.0984
Epoch 12, Batch 393/913, Lx 1.7538, Lu 0.2311, Penalty 0.0343, loss 2.0192
Epoch 12, Batch 394/913, Lx 1.4194, Lu 0.1280, Penalty 0.1170, loss 1.6644
Epoch 12, Batch 395/913, Lx 1.6897, Lu 0.2299, Penalty 0.1134, loss 2.0330
Epoch 12, Batch 396/913, Lx 1.8301, Lu 0.2518, Penalty 0.0996, loss 2.1815
Epoch 12, Batch 397/913, Lx 1.3309, Lu 0.1228, Penalty 0.0700, loss 1.5237
Epoch 12, Batch 398/913, Lx 1.6811, Lu 0.1244, Penalty 0.0524, loss 1.8578
Epoch 12, Batch 399/913, Lx 1.7655, Lu 0.2028, Penalty 0.0747, loss 2.0430
Epoch 12, Batch 400/913, Lx 1.5641, Lu 0.2830, Penalty 0.0758, loss 1.9229
Epoch 12, Batch 401/913, Lx 1.5134, Lu 0.1592, Penalty 0.1037, loss 1.7763
Epoch 12, Batch 402/913, Lx 1.7917, Lu 0.2625, Penalty 0.0987, loss 2.1528
Epoch 12, Batch 403/913, Lx 1.6827, Lu 0.1201, Penalty 0.0809, loss 1.8837
Epoch 12, Batch 404/913, Lx 1.7211, Lu 0.2538, Penalty 0.0684, loss 2.0434
Epoch 12, Batch 405/913, Lx 1.4598, Lu 0.1659, Penalty 0.1503, loss 1.7760
Epoch 12, Batch 406/913, Lx 1.8508, Lu 0.3762, Penalty 0.0957, loss 2.3228
Epoch 12, Batch 407/913, Lx 1.6195, Lu 0.1743, Penalty 0.0891, loss 1.8829
Epoch 12, Batch 408/913, Lx 1.4247, Lu 0.1562, Penalty 0.0814, loss 1.6623
Epoch 12, Batch 409/913, Lx 1.4049, Lu 0.1826, Penalty 0.0432, loss 1.6307
Epoch 12, Batch 410/913, Lx 1.7991, Lu 0.2483, Penalty 0.1012, loss 2.1487
Epoch 12, Batch 411/913, Lx 1.5862, Lu 0.1962, Penalty 0.0790, loss 1.8613
Epoch 12, Batch 412/913, Lx 1.5023, Lu 0.2151, Penalty 0.0736, loss 1.7910
Epoch 12, Batch 413/913, Lx 1.7720, Lu 0.2674, Penalty 0.0964, loss 2.1357
Epoch 12, Batch 414/913, Lx 1.5740, Lu 0.1416, Penalty 0.0932, loss 1.8088
Epoch 12, Batch 415/913, Lx 1.6704, Lu 0.2189, Penalty 0.0946, loss 1.9839
Epoch 12, Batch 416/913, Lx 1.8486, Lu 0.1976, Penalty 0.1006, loss 2.1468
Epoch 12, Batch 417/913, Lx 1.6093, Lu 0.1892, Penalty 0.0573, loss 1.8557
Epoch 12, Batch 418/913, Lx 1.6061, Lu 0.1689, Penalty 0.1523, loss 1.9273
Epoch 12, Batch 419/913, Lx 1.8021, Lu 0.2394, Penalty 0.0865, loss 2.1280
Epoch 12, Batch 420/913, Lx 1.7339, Lu 0.2229, Penalty 0.1259, loss 2.0827
Epoch 12, Batch 421/913, Lx 1.9091, Lu 0.2662, Penalty 0.0726, loss 2.2479
Epoch 12, Batch 422/913, Lx 1.5764, Lu 0.1639, Penalty 0.0630, loss 1.8033
Epoch 12, Batch 423/913, Lx 1.4057, Lu 0.1779, Penalty 0.0552, loss 1.6387
Epoch 12, Batch 424/913, Lx 1.5453, Lu 0.1177, Penalty 0.1020, loss 1.7650
Epoch 12, Batch 425/913, Lx 1.5482, Lu 0.1227, Penalty 0.0837, loss 1.7546
Epoch 12, Batch 426/913, Lx 1.6194, Lu 0.2256, Penalty 0.0875, loss 1.9325
Epoch 12, Batch 427/913, Lx 1.5314, Lu 0.2253, Penalty 0.0702, loss 1.8269
Epoch 12, Batch 428/913, Lx 1.3464, Lu 0.1773, Penalty 0.1553, loss 1.6790
Epoch 12, Batch 429/913, Lx 1.7141, Lu 0.2673, Penalty 0.1307, loss 2.1121
Epoch 12, Batch 430/913, Lx 1.6512, Lu 0.2634, Penalty 0.1176, loss 2.0323
Epoch 12, Batch 431/913, Lx 1.6401, Lu 0.2205, Penalty 0.0574, loss 1.9180
Epoch 12, Batch 432/913, Lx 1.5063, Lu 0.1917, Penalty 0.0530, loss 1.7509
Epoch 12, Batch 433/913, Lx 1.5987, Lu 0.1295, Penalty 0.1019, loss 1.8301
Epoch 12, Batch 434/913, Lx 1.6083, Lu 0.1996, Penalty 0.1007, loss 1.9087
Epoch 12, Batch 435/913, Lx 1.9472, Lu 0.2874, Penalty 0.0560, loss 2.2906
Epoch 12, Batch 436/913, Lx 1.6755, Lu 0.2142, Penalty 0.0971, loss 1.9868
Epoch 12, Batch 437/913, Lx 1.4785, Lu 0.1923, Penalty 0.1230, loss 1.7937
Epoch 12, Batch 438/913, Lx 1.5268, Lu 0.2071, Penalty 0.1020, loss 1.8360
Epoch 12, Batch 439/913, Lx 1.8171, Lu 0.2168, Penalty 0.1091, loss 2.1430
Epoch 12, Batch 440/913, Lx 1.8534, Lu 0.2341, Penalty 0.0680, loss 2.1555
Epoch 12, Batch 441/913, Lx 1.7593, Lu 0.2029, Penalty 0.1047, loss 2.0668
Epoch 12, Batch 442/913, Lx 1.6916, Lu 0.2124, Penalty 0.1268, loss 2.0308
Epoch 12, Batch 443/913, Lx 1.5002, Lu 0.1617, Penalty 0.1733, loss 1.8352
Epoch 12, Batch 444/913, Lx 1.7585, Lu 0.2234, Penalty 0.0591, loss 2.0410
Epoch 12, Batch 445/913, Lx 1.6108, Lu 0.1973, Penalty 0.1110, loss 1.9191
Epoch 12, Batch 446/913, Lx 1.6780, Lu 0.1898, Penalty 0.1278, loss 1.9956
Epoch 12, Batch 447/913, Lx 1.7403, Lu 0.2285, Penalty 0.0625, loss 2.0313
Epoch 12, Batch 448/913, Lx 1.5536, Lu 0.1608, Penalty 0.0715, loss 1.7859
Epoch 12, Batch 449/913, Lx 1.4064, Lu 0.1531, Penalty 0.0253, loss 1.5848
Epoch 12, Batch 450/913, Lx 1.6195, Lu 0.2151, Penalty 0.0591, loss 1.8937
Epoch 12, Batch 451/913, Lx 1.8146, Lu 0.2721, Penalty 0.0671, loss 2.1537
Epoch 12, Batch 452/913, Lx 1.7594, Lu 0.2378, Penalty 0.0771, loss 2.0744
Epoch 12, Batch 453/913, Lx 1.5271, Lu 0.2120, Penalty 0.0840, loss 1.8231
Epoch 12, Batch 454/913, Lx 1.6732, Lu 0.2330, Penalty 0.1354, loss 2.0416
Epoch 12, Batch 455/913, Lx 1.5740, Lu 0.2029, Penalty 0.1717, loss 1.9486
Epoch 12, Batch 456/913, Lx 1.4623, Lu 0.1618, Penalty 0.0838, loss 1.7079
Epoch 12, Batch 457/913, Lx 1.5966, Lu 0.1936, Penalty 0.1369, loss 1.9271
Epoch 12, Batch 458/913, Lx 1.7460, Lu 0.1734, Penalty 0.1321, loss 2.0515
Epoch 12, Batch 459/913, Lx 1.6801, Lu 0.1975, Penalty 0.1252, loss 2.0028
Epoch 12, Batch 460/913, Lx 1.7497, Lu 0.2462, Penalty 0.1177, loss 2.1136
Epoch 12, Batch 461/913, Lx 1.6652, Lu 0.1919, Penalty 0.1555, loss 2.0125
Epoch 12, Batch 462/913, Lx 1.6188, Lu 0.1730, Penalty 0.1245, loss 1.9163
Epoch 12, Batch 463/913, Lx 1.7051, Lu 0.2324, Penalty 0.1092, loss 2.0467
Epoch 12, Batch 464/913, Lx 1.5200, Lu 0.1954, Penalty 0.0694, loss 1.7849
Epoch 12, Batch 465/913, Lx 1.5426, Lu 0.2639, Penalty 0.1165, loss 1.9229
Epoch 12, Batch 466/913, Lx 1.6330, Lu 0.2652, Penalty 0.1328, loss 2.0310
Epoch 12, Batch 467/913, Lx 1.7126, Lu 0.2948, Penalty 0.0625, loss 2.0698
Epoch 12, Batch 468/913, Lx 1.8284, Lu 0.2521, Penalty 0.0940, loss 2.1745
Epoch 12, Batch 469/913, Lx 1.7043, Lu 0.2413, Penalty 0.0438, loss 1.9895
Epoch 12, Batch 470/913, Lx 1.6739, Lu 0.1913, Penalty 0.0616, loss 1.9268
Epoch 12, Batch 471/913, Lx 1.6854, Lu 0.1896, Penalty 0.0991, loss 1.9741
Epoch 12, Batch 472/913, Lx 1.4107, Lu 0.1653, Penalty 0.0932, loss 1.6692
Epoch 12, Batch 473/913, Lx 1.4085, Lu 0.1426, Penalty 0.0721, loss 1.6232
Epoch 12, Batch 474/913, Lx 1.6016, Lu 0.2655, Penalty 0.1258, loss 1.9929
Epoch 12, Batch 475/913, Lx 1.8656, Lu 0.2822, Penalty 0.1364, loss 2.2842
Epoch 12, Batch 476/913, Lx 1.6309, Lu 0.1335, Penalty 0.1055, loss 1.8699
Epoch 12, Batch 477/913, Lx 1.6460, Lu 0.1620, Penalty 0.0804, loss 1.8884
Epoch 12, Batch 478/913, Lx 1.4856, Lu 0.1688, Penalty 0.1057, loss 1.7602
Epoch 12, Batch 479/913, Lx 1.6235, Lu 0.2460, Penalty 0.1063, loss 1.9758
Epoch 12, Batch 480/913, Lx 1.9049, Lu 0.2828, Penalty 0.0921, loss 2.2798
Epoch 12, Batch 481/913, Lx 1.5412, Lu 0.1778, Penalty 0.0913, loss 1.8102
Epoch 12, Batch 482/913, Lx 1.6655, Lu 0.1748, Penalty 0.1098, loss 1.9502
Epoch 12, Batch 483/913, Lx 1.3615, Lu 0.1819, Penalty 0.1397, loss 1.6831
Epoch 12, Batch 484/913, Lx 1.8073, Lu 0.2761, Penalty 0.1479, loss 2.2314
Epoch 12, Batch 485/913, Lx 1.5273, Lu 0.1572, Penalty 0.1223, loss 1.8068
Epoch 12, Batch 486/913, Lx 1.6872, Lu 0.2421, Penalty 0.0803, loss 2.0097
Epoch 12, Batch 487/913, Lx 1.6130, Lu 0.1636, Penalty 0.0565, loss 1.8331
Epoch 12, Batch 488/913, Lx 1.8493, Lu 0.2675, Penalty 0.1424, loss 2.2591
Epoch 12, Batch 489/913, Lx 1.6918, Lu 0.2248, Penalty 0.0652, loss 1.9818
Epoch 12, Batch 490/913, Lx 1.7884, Lu 0.2327, Penalty 0.1883, loss 2.2095
Epoch 12, Batch 491/913, Lx 1.3291, Lu 0.1250, Penalty 0.1232, loss 1.5772
Epoch 12, Batch 492/913, Lx 1.6597, Lu 0.2727, Penalty 0.1057, loss 2.0381
Epoch 12, Batch 493/913, Lx 1.3014, Lu 0.1379, Penalty 0.0945, loss 1.5339
Epoch 12, Batch 494/913, Lx 1.6878, Lu 0.2415, Penalty 0.0490, loss 1.9782
Epoch 12, Batch 495/913, Lx 1.5779, Lu 0.2028, Penalty 0.1041, loss 1.8848
Epoch 12, Batch 496/913, Lx 1.5979, Lu 0.2253, Penalty 0.1188, loss 1.9420
Epoch 12, Batch 497/913, Lx 1.6868, Lu 0.1693, Penalty 0.1521, loss 2.0083
Epoch 12, Batch 498/913, Lx 1.7472, Lu 0.2257, Penalty 0.0488, loss 2.0218
Epoch 12, Batch 499/913, Lx 1.5214, Lu 0.1727, Penalty 0.1176, loss 1.8118
Epoch 12, Batch 500/913, Lx 1.6392, Lu 0.2273, Penalty 0.0774, loss 1.9440
Epoch 12, Batch 501/913, Lx 1.9418, Lu 0.2307, Penalty 0.0803, loss 2.2528
Epoch 12, Batch 502/913, Lx 1.4451, Lu 0.1882, Penalty 0.1319, loss 1.7653
Epoch 12, Batch 503/913, Lx 1.6544, Lu 0.1781, Penalty 0.0587, loss 1.8912
Epoch 12, Batch 504/913, Lx 1.8460, Lu 0.2749, Penalty 0.0709, loss 2.1918
Epoch 12, Batch 505/913, Lx 1.5216, Lu 0.1666, Penalty 0.0911, loss 1.7793
Epoch 12, Batch 506/913, Lx 1.4526, Lu 0.2062, Penalty 0.1141, loss 1.7729
Epoch 12, Batch 507/913, Lx 1.5772, Lu 0.2219, Penalty 0.0921, loss 1.8913
Epoch 12, Batch 508/913, Lx 1.7620, Lu 0.2372, Penalty 0.0696, loss 2.0688
Epoch 12, Batch 509/913, Lx 1.8019, Lu 0.2338, Penalty 0.0754, loss 2.1111
Epoch 12, Batch 510/913, Lx 1.5868, Lu 0.2252, Penalty 0.0935, loss 1.9056
Epoch 12, Batch 511/913, Lx 1.6028, Lu 0.2360, Penalty 0.0724, loss 1.9112
Epoch 12, Batch 512/913, Lx 1.6419, Lu 0.1837, Penalty 0.1815, loss 2.0071
Epoch 12, Batch 513/913, Lx 1.6146, Lu 0.1749, Penalty 0.0794, loss 1.8689
Epoch 12, Batch 514/913, Lx 1.5683, Lu 0.1523, Penalty 0.0880, loss 1.8085
Epoch 12, Batch 515/913, Lx 1.7375, Lu 0.3272, Penalty 0.0968, loss 2.1615
Epoch 12, Batch 516/913, Lx 1.7318, Lu 0.1941, Penalty 0.0734, loss 1.9994
Epoch 12, Batch 517/913, Lx 1.8597, Lu 0.2186, Penalty 0.0870, loss 2.1653
Epoch 12, Batch 518/913, Lx 1.5852, Lu 0.2220, Penalty 0.0644, loss 1.8716
Epoch 12, Batch 519/913, Lx 1.5106, Lu 0.2205, Penalty 0.1156, loss 1.8467
Epoch 12, Batch 520/913, Lx 1.6699, Lu 0.1643, Penalty 0.1277, loss 1.9620
Epoch 12, Batch 521/913, Lx 1.8414, Lu 0.1981, Penalty 0.1328, loss 2.1723
Epoch 12, Batch 522/913, Lx 1.6486, Lu 0.1985, Penalty 0.0770, loss 1.9240
Epoch 12, Batch 523/913, Lx 1.7176, Lu 0.1561, Penalty 0.1017, loss 1.9754
Epoch 12, Batch 524/913, Lx 1.6783, Lu 0.2175, Penalty 0.0879, loss 1.9837
Epoch 12, Batch 525/913, Lx 1.6522, Lu 0.1472, Penalty 0.1521, loss 1.9515
Epoch 12, Batch 526/913, Lx 1.8157, Lu 0.1650, Penalty 0.0959, loss 2.0766
Epoch 12, Batch 527/913, Lx 1.6842, Lu 0.2154, Penalty 0.1009, loss 2.0005
Epoch 12, Batch 528/913, Lx 1.6853, Lu 0.2179, Penalty 0.1120, loss 2.0152
Epoch 12, Batch 529/913, Lx 1.8037, Lu 0.2510, Penalty 0.1282, loss 2.1830
Epoch 12, Batch 530/913, Lx 1.2418, Lu 0.1205, Penalty 0.0871, loss 1.4494
Epoch 12, Batch 531/913, Lx 1.5146, Lu 0.1714, Penalty 0.1184, loss 1.8044
Epoch 12, Batch 532/913, Lx 1.4278, Lu 0.1459, Penalty 0.1315, loss 1.7052
Epoch 12, Batch 533/913, Lx 1.6209, Lu 0.1582, Penalty 0.1516, loss 1.9307
Epoch 12, Batch 534/913, Lx 1.6798, Lu 0.2227, Penalty 0.1092, loss 2.0117
Epoch 12, Batch 535/913, Lx 1.6774, Lu 0.1938, Penalty 0.1250, loss 1.9962
Epoch 12, Batch 536/913, Lx 1.5553, Lu 0.1626, Penalty 0.1641, loss 1.8820
Epoch 12, Batch 537/913, Lx 1.5979, Lu 0.2129, Penalty 0.1255, loss 1.9363
Epoch 12, Batch 538/913, Lx 1.7877, Lu 0.2365, Penalty 0.0725, loss 2.0966
Epoch 12, Batch 539/913, Lx 1.5954, Lu 0.1374, Penalty 0.0718, loss 1.8046
Epoch 12, Batch 540/913, Lx 1.5247, Lu 0.1747, Penalty 0.1383, loss 1.8377
Epoch 12, Batch 541/913, Lx 1.5852, Lu 0.2333, Penalty 0.0668, loss 1.8853
Epoch 12, Batch 542/913, Lx 1.9702, Lu 0.2110, Penalty 0.0737, loss 2.2549
Epoch 12, Batch 543/913, Lx 1.6058, Lu 0.1526, Penalty 0.0725, loss 1.8309
Epoch 12, Batch 544/913, Lx 1.5322, Lu 0.2061, Penalty 0.0743, loss 1.8125
Epoch 12, Batch 545/913, Lx 1.4626, Lu 0.1695, Penalty 0.1380, loss 1.7701
Epoch 12, Batch 546/913, Lx 1.8712, Lu 0.1874, Penalty 0.1040, loss 2.1625
Epoch 12, Batch 547/913, Lx 1.5161, Lu 0.2424, Penalty 0.0905, loss 1.8490
Epoch 12, Batch 548/913, Lx 1.4869, Lu 0.2336, Penalty 0.1163, loss 1.8368
Epoch 12, Batch 549/913, Lx 1.6666, Lu 0.2369, Penalty 0.1318, loss 2.0353
Epoch 12, Batch 550/913, Lx 1.7694, Lu 0.1837, Penalty 0.1114, loss 2.0645
Epoch 12, Batch 551/913, Lx 1.4669, Lu 0.1530, Penalty 0.1039, loss 1.7237
Epoch 12, Batch 552/913, Lx 1.7222, Lu 0.2939, Penalty 0.0659, loss 2.0820
Epoch 12, Batch 553/913, Lx 1.8009, Lu 0.2337, Penalty 0.1039, loss 2.1385
Epoch 12, Batch 554/913, Lx 1.5582, Lu 0.2519, Penalty 0.2132, loss 2.0232
Epoch 12, Batch 555/913, Lx 1.4461, Lu 0.1657, Penalty 0.0896, loss 1.7013
Epoch 12, Batch 556/913, Lx 1.6706, Lu 0.1927, Penalty 0.0640, loss 1.9273
Epoch 12, Batch 557/913, Lx 1.5733, Lu 0.1593, Penalty 0.0666, loss 1.7992
Epoch 12, Batch 558/913, Lx 1.6170, Lu 0.2158, Penalty 0.1026, loss 1.9354
Epoch 12, Batch 559/913, Lx 1.5862, Lu 0.2000, Penalty 0.1439, loss 1.9301
Epoch 12, Batch 560/913, Lx 1.6795, Lu 0.1544, Penalty 0.0776, loss 1.9115
Epoch 12, Batch 561/913, Lx 1.7281, Lu 0.2836, Penalty 0.0779, loss 2.0896
Epoch 12, Batch 562/913, Lx 1.5390, Lu 0.1670, Penalty 0.1092, loss 1.8151
Epoch 12, Batch 563/913, Lx 1.7216, Lu 0.3058, Penalty 0.0803, loss 2.1077
Epoch 12, Batch 564/913, Lx 1.7434, Lu 0.1878, Penalty 0.0816, loss 2.0128
Epoch 12, Batch 565/913, Lx 1.5364, Lu 0.2044, Penalty 0.0713, loss 1.8121
Epoch 12, Batch 566/913, Lx 1.6905, Lu 0.2170, Penalty 0.1104, loss 2.0179
Epoch 12, Batch 567/913, Lx 1.6645, Lu 0.2042, Penalty 0.1115, loss 1.9802
Epoch 12, Batch 568/913, Lx 1.5232, Lu 0.1673, Penalty 0.1610, loss 1.8515
Epoch 12, Batch 569/913, Lx 1.5060, Lu 0.1362, Penalty 0.0893, loss 1.7315
Epoch 12, Batch 570/913, Lx 1.6775, Lu 0.2047, Penalty 0.0986, loss 1.9808
Epoch 12, Batch 571/913, Lx 1.5115, Lu 0.1803, Penalty 0.0817, loss 1.7735
Epoch 12, Batch 572/913, Lx 1.4832, Lu 0.1812, Penalty 0.1261, loss 1.7905
Epoch 12, Batch 573/913, Lx 1.5602, Lu 0.1684, Penalty 0.1051, loss 1.8337
Epoch 12, Batch 574/913, Lx 1.7748, Lu 0.2624, Penalty 0.0975, loss 2.1348
Epoch 12, Batch 575/913, Lx 1.4939, Lu 0.1906, Penalty 0.1204, loss 1.8049
Epoch 12, Batch 576/913, Lx 1.4382, Lu 0.1427, Penalty 0.1793, loss 1.7602
Epoch 12, Batch 577/913, Lx 1.8555, Lu 0.1631, Penalty 0.0684, loss 2.0871
Epoch 12, Batch 578/913, Lx 1.9228, Lu 0.1603, Penalty 0.1532, loss 2.2362
Epoch 12, Batch 579/913, Lx 1.5268, Lu 0.2035, Penalty 0.1130, loss 1.8433
Epoch 12, Batch 580/913, Lx 1.7357, Lu 0.1677, Penalty 0.0739, loss 1.9774
Epoch 12, Batch 581/913, Lx 1.6674, Lu 0.2456, Penalty 0.1129, loss 2.0259
Epoch 12, Batch 582/913, Lx 1.6683, Lu 0.2278, Penalty 0.0713, loss 1.9675
Epoch 12, Batch 583/913, Lx 1.5442, Lu 0.2457, Penalty 0.0961, loss 1.8861
Epoch 12, Batch 584/913, Lx 1.6497, Lu 0.1638, Penalty 0.0679, loss 1.8813
Epoch 12, Batch 585/913, Lx 1.4754, Lu 0.1337, Penalty 0.0832, loss 1.6924
Epoch 12, Batch 586/913, Lx 1.5497, Lu 0.2605, Penalty 0.0525, loss 1.8627
Epoch 12, Batch 587/913, Lx 1.5809, Lu 0.1658, Penalty 0.1147, loss 1.8613
Epoch 12, Batch 588/913, Lx 1.6434, Lu 0.1840, Penalty 0.1022, loss 1.9295
Epoch 12, Batch 589/913, Lx 1.9489, Lu 0.1452, Penalty 0.1835, loss 2.2776
Epoch 12, Batch 590/913, Lx 1.6007, Lu 0.1821, Penalty 0.1099, loss 1.8926
Epoch 12, Batch 591/913, Lx 1.5757, Lu 0.2171, Penalty 0.1012, loss 1.8940
Epoch 12, Batch 592/913, Lx 1.8194, Lu 0.2372, Penalty 0.0710, loss 2.1277
Epoch 12, Batch 593/913, Lx 1.8609, Lu 0.2010, Penalty 0.0989, loss 2.1608
Epoch 12, Batch 594/913, Lx 1.5607, Lu 0.2070, Penalty 0.0883, loss 1.8561
Epoch 12, Batch 595/913, Lx 1.6822, Lu 0.2088, Penalty 0.0798, loss 1.9708
Epoch 12, Batch 596/913, Lx 1.5733, Lu 0.2126, Penalty 0.0663, loss 1.8521
Epoch 12, Batch 597/913, Lx 1.6339, Lu 0.1971, Penalty 0.1050, loss 1.9360
Epoch 12, Batch 598/913, Lx 1.3745, Lu 0.1645, Penalty 0.1107, loss 1.6498
Epoch 12, Batch 599/913, Lx 1.7277, Lu 0.1808, Penalty 0.1328, loss 2.0414
Epoch 12, Batch 600/913, Lx 1.6840, Lu 0.2015, Penalty 0.0994, loss 1.9850
Epoch 12, Batch 601/913, Lx 1.7655, Lu 0.2421, Penalty 0.1846, loss 2.1921
Epoch 12, Batch 602/913, Lx 1.6959, Lu 0.2127, Penalty 0.0974, loss 2.0060
Epoch 12, Batch 603/913, Lx 1.6475, Lu 0.2281, Penalty 0.0679, loss 1.9435
Epoch 12, Batch 604/913, Lx 1.3857, Lu 0.1271, Penalty 0.1072, loss 1.6200
Epoch 12, Batch 605/913, Lx 1.7135, Lu 0.2672, Penalty 0.0886, loss 2.0693
Epoch 12, Batch 606/913, Lx 1.5858, Lu 0.2011, Penalty 0.0815, loss 1.8684
Epoch 12, Batch 607/913, Lx 1.8570, Lu 0.2777, Penalty 0.1267, loss 2.2614
Epoch 12, Batch 608/913, Lx 1.6762, Lu 0.1635, Penalty 0.0921, loss 1.9318
Epoch 12, Batch 609/913, Lx 1.5403, Lu 0.2128, Penalty 0.0891, loss 1.8422
Epoch 12, Batch 610/913, Lx 1.5514, Lu 0.1702, Penalty 0.0961, loss 1.8177
Epoch 12, Batch 611/913, Lx 1.6886, Lu 0.2023, Penalty 0.1300, loss 2.0209
Epoch 12, Batch 612/913, Lx 1.5666, Lu 0.1628, Penalty 0.1116, loss 1.8409
Epoch 12, Batch 613/913, Lx 1.3670, Lu 0.1238, Penalty 0.0909, loss 1.5817
Epoch 12, Batch 614/913, Lx 1.7338, Lu 0.1849, Penalty 0.1338, loss 2.0524
Epoch 12, Batch 615/913, Lx 1.7638, Lu 0.2106, Penalty 0.1350, loss 2.1094
Epoch 12, Batch 616/913, Lx 1.5828, Lu 0.2494, Penalty 0.0862, loss 1.9184
Epoch 12, Batch 617/913, Lx 1.6615, Lu 0.2000, Penalty 0.0951, loss 1.9565
Epoch 12, Batch 618/913, Lx 1.6763, Lu 0.2216, Penalty 0.1109, loss 2.0089
Epoch 12, Batch 619/913, Lx 1.8186, Lu 0.1116, Penalty 0.1164, loss 2.0466
Epoch 12, Batch 620/913, Lx 1.6349, Lu 0.2059, Penalty 0.1328, loss 1.9736
Epoch 12, Batch 621/913, Lx 1.6286, Lu 0.1986, Penalty 0.1164, loss 1.9436
Epoch 12, Batch 622/913, Lx 1.6858, Lu 0.1927, Penalty 0.1361, loss 2.0146
Epoch 12, Batch 623/913, Lx 1.4902, Lu 0.1801, Penalty 0.1067, loss 1.7770
Epoch 12, Batch 624/913, Lx 1.6847, Lu 0.1804, Penalty 0.0724, loss 1.9375
Epoch 12, Batch 625/913, Lx 1.6934, Lu 0.1860, Penalty 0.1158, loss 1.9953
Epoch 12, Batch 626/913, Lx 1.6335, Lu 0.2409, Penalty 0.1333, loss 2.0078
Epoch 12, Batch 627/913, Lx 1.7173, Lu 0.2608, Penalty 0.1116, loss 2.0897
Epoch 12, Batch 628/913, Lx 1.6077, Lu 0.1839, Penalty 0.0930, loss 1.8847
Epoch 12, Batch 629/913, Lx 1.5600, Lu 0.1967, Penalty 0.1112, loss 1.8680
Epoch 12, Batch 630/913, Lx 1.6877, Lu 0.1792, Penalty 0.1522, loss 2.0191
Epoch 12, Batch 631/913, Lx 1.6384, Lu 0.2006, Penalty 0.1183, loss 1.9574
Epoch 12, Batch 632/913, Lx 1.7025, Lu 0.1897, Penalty 0.0785, loss 1.9707
Epoch 12, Batch 633/913, Lx 1.5513, Lu 0.1872, Penalty 0.0767, loss 1.8151
Epoch 12, Batch 634/913, Lx 1.7614, Lu 0.1869, Penalty 0.0771, loss 2.0254
Epoch 12, Batch 635/913, Lx 1.6586, Lu 0.2474, Penalty 0.0852, loss 1.9912
Epoch 12, Batch 636/913, Lx 1.7291, Lu 0.1996, Penalty 0.1545, loss 2.0832
Epoch 12, Batch 637/913, Lx 1.5249, Lu 0.1748, Penalty 0.0719, loss 1.7717
Epoch 12, Batch 638/913, Lx 1.4886, Lu 0.1362, Penalty 0.1120, loss 1.7368
Epoch 12, Batch 639/913, Lx 1.6669, Lu 0.2298, Penalty 0.0553, loss 1.9519
Epoch 12, Batch 640/913, Lx 1.5263, Lu 0.1283, Penalty 0.1191, loss 1.7737
Epoch 12, Batch 641/913, Lx 1.7889, Lu 0.2629, Penalty 0.0567, loss 2.1085
Epoch 12, Batch 642/913, Lx 1.6554, Lu 0.1895, Penalty 0.0512, loss 1.8961
Epoch 12, Batch 643/913, Lx 1.5117, Lu 0.1886, Penalty 0.0884, loss 1.7888
Epoch 12, Batch 644/913, Lx 1.3287, Lu 0.1567, Penalty 0.1403, loss 1.6257
Epoch 12, Batch 645/913, Lx 1.6502, Lu 0.2199, Penalty 0.1235, loss 1.9935
Epoch 12, Batch 646/913, Lx 1.6296, Lu 0.1658, Penalty 0.0480, loss 1.8434
Epoch 12, Batch 647/913, Lx 1.5999, Lu 0.1952, Penalty 0.1187, loss 1.9137
Epoch 12, Batch 648/913, Lx 1.7947, Lu 0.2341, Penalty 0.1049, loss 2.1337
Epoch 12, Batch 649/913, Lx 1.9000, Lu 0.2761, Penalty 0.0601, loss 2.2362
Epoch 12, Batch 650/913, Lx 1.6882, Lu 0.2525, Penalty 0.1500, loss 2.0907
Epoch 12, Batch 651/913, Lx 1.6233, Lu 0.1341, Penalty 0.1100, loss 1.8675
Epoch 12, Batch 652/913, Lx 1.5293, Lu 0.1478, Penalty 0.1521, loss 1.8292
Epoch 12, Batch 653/913, Lx 1.6136, Lu 0.1500, Penalty 0.0499, loss 1.8134
Epoch 12, Batch 654/913, Lx 1.6886, Lu 0.2334, Penalty 0.1090, loss 2.0310
Epoch 12, Batch 655/913, Lx 1.6976, Lu 0.1833, Penalty 0.0948, loss 1.9757
Epoch 12, Batch 656/913, Lx 1.6228, Lu 0.2022, Penalty 0.0828, loss 1.9078
Epoch 12, Batch 657/913, Lx 1.4804, Lu 0.1695, Penalty 0.0652, loss 1.7151
Epoch 12, Batch 658/913, Lx 1.7923, Lu 0.2126, Penalty 0.0683, loss 2.0732
Epoch 12, Batch 659/913, Lx 1.8662, Lu 0.2836, Penalty 0.0904, loss 2.2402
Epoch 12, Batch 660/913, Lx 1.7114, Lu 0.2584, Penalty 0.1489, loss 2.1186
Epoch 12, Batch 661/913, Lx 1.5787, Lu 0.2773, Penalty 0.0842, loss 1.9402
Epoch 12, Batch 662/913, Lx 1.5814, Lu 0.2071, Penalty 0.0583, loss 1.8468
Epoch 12, Batch 663/913, Lx 1.5916, Lu 0.2656, Penalty 0.0861, loss 1.9433
Epoch 12, Batch 664/913, Lx 1.7487, Lu 0.2628, Penalty 0.1361, loss 2.1477
Epoch 12, Batch 665/913, Lx 1.6601, Lu 0.2565, Penalty 0.0943, loss 2.0109
Epoch 12, Batch 666/913, Lx 1.3915, Lu 0.2090, Penalty 0.1082, loss 1.7087
Epoch 12, Batch 667/913, Lx 1.4679, Lu 0.1544, Penalty 0.0512, loss 1.6736
Epoch 12, Batch 668/913, Lx 1.4882, Lu 0.1901, Penalty 0.0791, loss 1.7574
Epoch 12, Batch 669/913, Lx 1.6363, Lu 0.2243, Penalty 0.1009, loss 1.9616
Epoch 12, Batch 670/913, Lx 1.7277, Lu 0.3116, Penalty 0.1038, loss 2.1431
Epoch 12, Batch 671/913, Lx 1.7534, Lu 0.1859, Penalty 0.1049, loss 2.0442
Epoch 12, Batch 672/913, Lx 1.4670, Lu 0.1986, Penalty 0.1288, loss 1.7944
Epoch 12, Batch 673/913, Lx 1.6092, Lu 0.1914, Penalty 0.0995, loss 1.9000
Epoch 12, Batch 674/913, Lx 1.6134, Lu 0.2145, Penalty 0.1552, loss 1.9831
Epoch 12, Batch 675/913, Lx 1.6443, Lu 0.2445, Penalty 0.1194, loss 2.0082
Epoch 12, Batch 676/913, Lx 1.5930, Lu 0.1847, Penalty 0.1004, loss 1.8781
Epoch 12, Batch 677/913, Lx 1.5872, Lu 0.1007, Penalty 0.1426, loss 1.8305
Epoch 12, Batch 678/913, Lx 1.6328, Lu 0.1632, Penalty 0.1225, loss 1.9184
Epoch 12, Batch 679/913, Lx 1.5317, Lu 0.2202, Penalty 0.1029, loss 1.8548
Epoch 12, Batch 680/913, Lx 1.7279, Lu 0.1761, Penalty 0.0535, loss 1.9576
Epoch 12, Batch 681/913, Lx 1.8294, Lu 0.2468, Penalty 0.0978, loss 2.1741
Epoch 12, Batch 682/913, Lx 1.6547, Lu 0.2634, Penalty 0.1657, loss 2.0838
Epoch 12, Batch 683/913, Lx 1.7251, Lu 0.2662, Penalty 0.0688, loss 2.0601
Epoch 12, Batch 684/913, Lx 1.5454, Lu 0.2132, Penalty 0.1803, loss 1.9389
Epoch 12, Batch 685/913, Lx 1.6384, Lu 0.2442, Penalty 0.0809, loss 1.9635
Epoch 12, Batch 686/913, Lx 1.5878, Lu 0.2151, Penalty 0.0736, loss 1.8765
Epoch 12, Batch 687/913, Lx 1.6283, Lu 0.2033, Penalty 0.0883, loss 1.9198
Epoch 12, Batch 688/913, Lx 1.6780, Lu 0.1891, Penalty 0.0896, loss 1.9568
Epoch 12, Batch 689/913, Lx 1.5448, Lu 0.1585, Penalty 0.1004, loss 1.8038
Epoch 12, Batch 690/913, Lx 1.6797, Lu 0.2617, Penalty 0.1258, loss 2.0673
Epoch 12, Batch 691/913, Lx 1.6230, Lu 0.2322, Penalty 0.0567, loss 1.9119
Epoch 12, Batch 692/913, Lx 1.4537, Lu 0.2196, Penalty 0.1096, loss 1.7829
Epoch 12, Batch 693/913, Lx 1.8292, Lu 0.2706, Penalty 0.0633, loss 2.1631
Epoch 12, Batch 694/913, Lx 1.6811, Lu 0.2097, Penalty 0.0691, loss 1.9599
Epoch 12, Batch 695/913, Lx 1.7697, Lu 0.2562, Penalty 0.0322, loss 2.0581
Epoch 12, Batch 696/913, Lx 1.7601, Lu 0.2903, Penalty 0.0645, loss 2.1150
Epoch 12, Batch 697/913, Lx 1.7179, Lu 0.2054, Penalty 0.0674, loss 1.9907
Epoch 12, Batch 698/913, Lx 1.5566, Lu 0.2124, Penalty 0.0729, loss 1.8420
Epoch 12, Batch 699/913, Lx 1.7665, Lu 0.2983, Penalty 0.0714, loss 2.1362
Epoch 12, Batch 700/913, Lx 1.5183, Lu 0.2116, Penalty 0.1308, loss 1.8607
Epoch 12, Batch 701/913, Lx 1.6959, Lu 0.1951, Penalty 0.0813, loss 1.9723
Epoch 12, Batch 702/913, Lx 1.7089, Lu 0.2421, Penalty 0.1230, loss 2.0740
Epoch 12, Batch 703/913, Lx 1.4678, Lu 0.1502, Penalty 0.1354, loss 1.7533
Epoch 12, Batch 704/913, Lx 1.7393, Lu 0.2290, Penalty 0.1563, loss 2.1246
Epoch 12, Batch 705/913, Lx 1.6053, Lu 0.2069, Penalty 0.1098, loss 1.9220
Epoch 12, Batch 706/913, Lx 1.6407, Lu 0.1407, Penalty 0.0977, loss 1.8791
Epoch 12, Batch 707/913, Lx 1.4952, Lu 0.2042, Penalty 0.0934, loss 1.7928
Epoch 12, Batch 708/913, Lx 1.8165, Lu 0.1484, Penalty 0.0491, loss 2.0140
Epoch 12, Batch 709/913, Lx 1.6862, Lu 0.1728, Penalty 0.1047, loss 1.9636
Epoch 12, Batch 710/913, Lx 1.7232, Lu 0.2484, Penalty 0.0673, loss 2.0389
Epoch 12, Batch 711/913, Lx 1.6097, Lu 0.2152, Penalty 0.0473, loss 1.8722
Epoch 12, Batch 712/913, Lx 1.5615, Lu 0.2345, Penalty 0.1022, loss 1.8981
Epoch 12, Batch 713/913, Lx 1.6494, Lu 0.2585, Penalty 0.0841, loss 1.9919
Epoch 12, Batch 714/913, Lx 1.7082, Lu 0.2112, Penalty 0.1362, loss 2.0556
Epoch 12, Batch 715/913, Lx 1.6331, Lu 0.2183, Penalty 0.1237, loss 1.9751
Epoch 12, Batch 716/913, Lx 1.7558, Lu 0.1716, Penalty 0.0589, loss 1.9863
Epoch 12, Batch 717/913, Lx 1.5671, Lu 0.1657, Penalty 0.1281, loss 1.8609
Epoch 12, Batch 718/913, Lx 1.7588, Lu 0.1885, Penalty 0.1146, loss 2.0620
Epoch 12, Batch 719/913, Lx 1.6531, Lu 0.2553, Penalty 0.0704, loss 1.9787
Epoch 12, Batch 720/913, Lx 1.7284, Lu 0.1764, Penalty 0.1494, loss 2.0542
Epoch 12, Batch 721/913, Lx 1.3978, Lu 0.1379, Penalty 0.1801, loss 1.7157
Epoch 12, Batch 722/913, Lx 1.5327, Lu 0.1858, Penalty 0.1342, loss 1.8527
Epoch 12, Batch 723/913, Lx 1.4604, Lu 0.1910, Penalty 0.1144, loss 1.7657
Epoch 12, Batch 724/913, Lx 1.6377, Lu 0.2304, Penalty 0.1010, loss 1.9691
Epoch 12, Batch 725/913, Lx 1.6254, Lu 0.2160, Penalty 0.1893, loss 2.0307
Epoch 12, Batch 726/913, Lx 1.5652, Lu 0.2149, Penalty 0.0989, loss 1.8790
Epoch 12, Batch 727/913, Lx 1.6669, Lu 0.2313, Penalty 0.1286, loss 2.0268
Epoch 12, Batch 728/913, Lx 1.9278, Lu 0.2744, Penalty 0.0370, loss 2.2392
Epoch 12, Batch 729/913, Lx 1.5164, Lu 0.1850, Penalty 0.1094, loss 1.8108
Epoch 12, Batch 730/913, Lx 1.8025, Lu 0.1902, Penalty 0.1036, loss 2.0962
Epoch 12, Batch 731/913, Lx 1.6679, Lu 0.1853, Penalty 0.0903, loss 1.9435
Epoch 12, Batch 732/913, Lx 1.5832, Lu 0.1828, Penalty 0.1421, loss 1.9081
Epoch 12, Batch 733/913, Lx 1.5091, Lu 0.1902, Penalty 0.0692, loss 1.7685
Epoch 12, Batch 734/913, Lx 1.4646, Lu 0.2052, Penalty 0.1071, loss 1.7769
Epoch 12, Batch 735/913, Lx 1.5410, Lu 0.1941, Penalty 0.0868, loss 1.8219
Epoch 12, Batch 736/913, Lx 1.5132, Lu 0.1606, Penalty 0.1303, loss 1.8041
Epoch 12, Batch 737/913, Lx 1.5324, Lu 0.2216, Penalty 0.0734, loss 1.8273
Epoch 12, Batch 738/913, Lx 1.7421, Lu 0.1724, Penalty 0.1533, loss 2.0678
Epoch 12, Batch 739/913, Lx 1.7289, Lu 0.1943, Penalty 0.0957, loss 2.0189
Epoch 12, Batch 740/913, Lx 1.6117, Lu 0.2219, Penalty 0.0992, loss 1.9328
Epoch 12, Batch 741/913, Lx 1.6096, Lu 0.1654, Penalty 0.1323, loss 1.9072
Epoch 12, Batch 742/913, Lx 1.7178, Lu 0.0948, Penalty 0.0942, loss 1.9068
Epoch 12, Batch 743/913, Lx 1.5705, Lu 0.1400, Penalty 0.1497, loss 1.8603
Epoch 12, Batch 744/913, Lx 1.7288, Lu 0.2253, Penalty 0.1317, loss 2.0858
Epoch 12, Batch 745/913, Lx 1.7253, Lu 0.1628, Penalty 0.0736, loss 1.9617
Epoch 12, Batch 746/913, Lx 1.7901, Lu 0.1503, Penalty 0.1075, loss 2.0479
Epoch 12, Batch 747/913, Lx 1.5559, Lu 0.2254, Penalty 0.0514, loss 1.8328
Epoch 12, Batch 748/913, Lx 1.7047, Lu 0.2506, Penalty 0.1933, loss 2.1485
Epoch 12, Batch 749/913, Lx 1.5947, Lu 0.2094, Penalty 0.0510, loss 1.8551
Epoch 12, Batch 750/913, Lx 1.6626, Lu 0.2506, Penalty 0.0895, loss 2.0027
Epoch 12, Batch 751/913, Lx 1.6658, Lu 0.2444, Penalty 0.0852, loss 1.9954
Epoch 12, Batch 752/913, Lx 1.4537, Lu 0.1846, Penalty 0.0388, loss 1.6771
Epoch 12, Batch 753/913, Lx 1.6501, Lu 0.2166, Penalty 0.0542, loss 1.9210
Epoch 12, Batch 754/913, Lx 1.5692, Lu 0.1868, Penalty 0.1063, loss 1.8624
Epoch 12, Batch 755/913, Lx 1.6409, Lu 0.1881, Penalty 0.0533, loss 1.8823
Epoch 12, Batch 756/913, Lx 1.7532, Lu 0.1388, Penalty 0.0866, loss 1.9786
Epoch 12, Batch 757/913, Lx 1.6922, Lu 0.2994, Penalty 0.1668, loss 2.1584
Epoch 12, Batch 758/913, Lx 1.6884, Lu 0.2677, Penalty 0.1263, loss 2.0824
Epoch 12, Batch 759/913, Lx 1.7141, Lu 0.1699, Penalty 0.0772, loss 1.9612
Epoch 12, Batch 760/913, Lx 1.6119, Lu 0.1864, Penalty 0.0944, loss 1.8927
Epoch 12, Batch 761/913, Lx 2.0434, Lu 0.1682, Penalty 0.1037, loss 2.3152
Epoch 12, Batch 762/913, Lx 1.5210, Lu 0.1225, Penalty 0.1227, loss 1.7661
Epoch 12, Batch 763/913, Lx 1.6982, Lu 0.1463, Penalty 0.0920, loss 1.9365
Epoch 12, Batch 764/913, Lx 1.6726, Lu 0.2688, Penalty 0.1075, loss 2.0488
Epoch 12, Batch 765/913, Lx 1.7120, Lu 0.1946, Penalty 0.0989, loss 2.0054
Epoch 12, Batch 766/913, Lx 1.5010, Lu 0.1856, Penalty 0.1006, loss 1.7872
Epoch 12, Batch 767/913, Lx 1.3476, Lu 0.1480, Penalty 0.0978, loss 1.5935
Epoch 12, Batch 768/913, Lx 1.6831, Lu 0.2572, Penalty 0.0836, loss 2.0240
Epoch 12, Batch 769/913, Lx 1.7238, Lu 0.1859, Penalty 0.1281, loss 2.0378
Epoch 12, Batch 770/913, Lx 1.6498, Lu 0.2067, Penalty 0.0886, loss 1.9452
Epoch 12, Batch 771/913, Lx 1.5263, Lu 0.1493, Penalty 0.1089, loss 1.7846
Epoch 12, Batch 772/913, Lx 1.7656, Lu 0.2017, Penalty 0.1141, loss 2.0814
Epoch 12, Batch 773/913, Lx 1.6177, Lu 0.2415, Penalty 0.0523, loss 1.9115
Epoch 12, Batch 774/913, Lx 1.5277, Lu 0.1808, Penalty 0.1021, loss 1.8106
Epoch 12, Batch 775/913, Lx 1.5437, Lu 0.2541, Penalty 0.0374, loss 1.8352
Epoch 12, Batch 776/913, Lx 1.4834, Lu 0.2113, Penalty 0.1061, loss 1.8008
Epoch 12, Batch 777/913, Lx 1.5668, Lu 0.1782, Penalty 0.1152, loss 1.8603
Epoch 12, Batch 778/913, Lx 1.5436, Lu 0.1638, Penalty 0.0365, loss 1.7439
Epoch 12, Batch 779/913, Lx 1.5367, Lu 0.1823, Penalty 0.0722, loss 1.7912
Epoch 12, Batch 780/913, Lx 1.4353, Lu 0.2555, Penalty 0.0807, loss 1.7715
Epoch 12, Batch 781/913, Lx 1.6920, Lu 0.2543, Penalty 0.0801, loss 2.0264
Epoch 12, Batch 782/913, Lx 1.7922, Lu 0.2586, Penalty 0.0481, loss 2.0990
Epoch 12, Batch 783/913, Lx 1.8700, Lu 0.2606, Penalty 0.1212, loss 2.2518
Epoch 12, Batch 784/913, Lx 1.6802, Lu 0.2738, Penalty 0.1475, loss 2.1016
Epoch 12, Batch 785/913, Lx 1.4860, Lu 0.1551, Penalty 0.0833, loss 1.7244
Epoch 12, Batch 786/913, Lx 1.4582, Lu 0.1624, Penalty 0.1289, loss 1.7495
Epoch 12, Batch 787/913, Lx 1.5818, Lu 0.1714, Penalty 0.0726, loss 1.8259
Epoch 12, Batch 788/913, Lx 1.5900, Lu 0.1265, Penalty 0.1266, loss 1.8431
Epoch 12, Batch 789/913, Lx 1.7030, Lu 0.2495, Penalty 0.1212, loss 2.0738
Epoch 12, Batch 790/913, Lx 1.3819, Lu 0.1486, Penalty 0.1747, loss 1.7052
Epoch 12, Batch 791/913, Lx 1.5217, Lu 0.1477, Penalty 0.0820, loss 1.7514
Epoch 12, Batch 792/913, Lx 1.5027, Lu 0.1917, Penalty 0.0860, loss 1.7804
Epoch 12, Batch 793/913, Lx 1.5990, Lu 0.2312, Penalty 0.0603, loss 1.8905
Epoch 12, Batch 794/913, Lx 1.5429, Lu 0.2271, Penalty 0.0959, loss 1.8659
Epoch 12, Batch 795/913, Lx 1.7395, Lu 0.2303, Penalty 0.1575, loss 2.1274
Epoch 12, Batch 796/913, Lx 1.7393, Lu 0.2155, Penalty 0.0789, loss 2.0337
Epoch 12, Batch 797/913, Lx 1.6915, Lu 0.2742, Penalty 0.0508, loss 2.0165
Epoch 12, Batch 798/913, Lx 1.4326, Lu 0.1840, Penalty 0.1019, loss 1.7185
Epoch 12, Batch 799/913, Lx 1.7349, Lu 0.2371, Penalty 0.1177, loss 2.0898
Epoch 12, Batch 800/913, Lx 1.5793, Lu 0.2351, Penalty 0.0494, loss 1.8638
Epoch 12, Batch 801/913, Lx 1.7598, Lu 0.2230, Penalty 0.0660, loss 2.0487
Epoch 12, Batch 802/913, Lx 1.4979, Lu 0.1657, Penalty 0.1839, loss 1.8476
Epoch 12, Batch 803/913, Lx 1.6675, Lu 0.1905, Penalty 0.0543, loss 1.9124
Epoch 12, Batch 804/913, Lx 1.5890, Lu 0.1228, Penalty 0.1679, loss 1.8797
Epoch 12, Batch 805/913, Lx 1.6308, Lu 0.1723, Penalty 0.1402, loss 1.9433
Epoch 12, Batch 806/913, Lx 1.9622, Lu 0.2074, Penalty 0.0706, loss 2.2402
Epoch 12, Batch 807/913, Lx 1.7253, Lu 0.2421, Penalty 0.2057, loss 2.1731
Epoch 12, Batch 808/913, Lx 1.6801, Lu 0.1547, Penalty 0.1127, loss 1.9474
Epoch 12, Batch 809/913, Lx 1.6152, Lu 0.1311, Penalty 0.1657, loss 1.9119
Epoch 12, Batch 810/913, Lx 1.6971, Lu 0.1964, Penalty 0.0690, loss 1.9625
Epoch 12, Batch 811/913, Lx 1.6366, Lu 0.2031, Penalty 0.0768, loss 1.9165
Epoch 12, Batch 812/913, Lx 1.7927, Lu 0.2113, Penalty 0.0803, loss 2.0843
Epoch 12, Batch 813/913, Lx 1.5788, Lu 0.2123, Penalty 0.0361, loss 1.8272
Epoch 12, Batch 814/913, Lx 1.7891, Lu 0.1715, Penalty 0.0545, loss 2.0151
Epoch 12, Batch 815/913, Lx 1.7068, Lu 0.2388, Penalty 0.0935, loss 2.0390
Epoch 12, Batch 816/913, Lx 1.8965, Lu 0.2435, Penalty 0.0606, loss 2.2006
Epoch 12, Batch 817/913, Lx 1.5977, Lu 0.2160, Penalty 0.0897, loss 1.9034
Epoch 12, Batch 818/913, Lx 1.5977, Lu 0.1477, Penalty 0.0682, loss 1.8137
Epoch 12, Batch 819/913, Lx 1.6819, Lu 0.1794, Penalty 0.0907, loss 1.9520
Epoch 12, Batch 820/913, Lx 1.4846, Lu 0.1669, Penalty 0.1538, loss 1.8053
Epoch 12, Batch 821/913, Lx 1.5336, Lu 0.1744, Penalty 0.0519, loss 1.7599
Epoch 12, Batch 822/913, Lx 1.6034, Lu 0.1754, Penalty 0.0351, loss 1.8139
Epoch 12, Batch 823/913, Lx 1.7227, Lu 0.2161, Penalty 0.0694, loss 2.0081
Epoch 12, Batch 824/913, Lx 1.7300, Lu 0.2220, Penalty 0.0660, loss 2.0181
Epoch 12, Batch 825/913, Lx 1.7593, Lu 0.2668, Penalty 0.0825, loss 2.1086
Epoch 12, Batch 826/913, Lx 1.6787, Lu 0.2207, Penalty 0.1600, loss 2.0594
Epoch 12, Batch 827/913, Lx 1.6801, Lu 0.1225, Penalty 0.0699, loss 1.8725
Epoch 12, Batch 828/913, Lx 1.7761, Lu 0.1843, Penalty 0.1354, loss 2.0958
Epoch 12, Batch 829/913, Lx 1.7788, Lu 0.1785, Penalty 0.0677, loss 2.0251
Epoch 12, Batch 830/913, Lx 1.4838, Lu 0.1309, Penalty 0.1265, loss 1.7411
Epoch 12, Batch 831/913, Lx 1.4624, Lu 0.1230, Penalty 0.1349, loss 1.7203
Epoch 12, Batch 832/913, Lx 1.6708, Lu 0.1346, Penalty 0.0860, loss 1.8914
Epoch 12, Batch 833/913, Lx 1.4951, Lu 0.1896, Penalty 0.1736, loss 1.8582
Epoch 12, Batch 834/913, Lx 1.5519, Lu 0.1528, Penalty 0.0681, loss 1.7729
Epoch 12, Batch 835/913, Lx 1.5255, Lu 0.1825, Penalty 0.1260, loss 1.8341
Epoch 12, Batch 836/913, Lx 1.6743, Lu 0.1588, Penalty 0.0963, loss 1.9294
Epoch 12, Batch 837/913, Lx 1.6967, Lu 0.1666, Penalty 0.1045, loss 1.9678
Epoch 12, Batch 838/913, Lx 1.5939, Lu 0.1924, Penalty 0.1498, loss 1.9361
Epoch 12, Batch 839/913, Lx 1.6017, Lu 0.1783, Penalty 0.0542, loss 1.8343
Epoch 12, Batch 840/913, Lx 1.6968, Lu 0.2552, Penalty 0.1063, loss 2.0583
Epoch 12, Batch 841/913, Lx 1.6390, Lu 0.2651, Penalty 0.1127, loss 2.0168
Epoch 12, Batch 842/913, Lx 1.8193, Lu 0.2882, Penalty 0.0833, loss 2.1908
Epoch 12, Batch 843/913, Lx 1.6003, Lu 0.1931, Penalty 0.0825, loss 1.8759
Epoch 12, Batch 844/913, Lx 1.6265, Lu 0.1762, Penalty 0.1144, loss 1.9171
Epoch 12, Batch 845/913, Lx 1.7405, Lu 0.2836, Penalty 0.1392, loss 2.1633
Epoch 12, Batch 846/913, Lx 1.6867, Lu 0.2079, Penalty 0.0701, loss 1.9647
Epoch 12, Batch 847/913, Lx 1.7625, Lu 0.2063, Penalty 0.1477, loss 2.1165
Epoch 12, Batch 848/913, Lx 1.5860, Lu 0.2570, Penalty 0.0455, loss 1.8884
Epoch 12, Batch 849/913, Lx 1.6612, Lu 0.1946, Penalty 0.0887, loss 1.9446
Epoch 12, Batch 850/913, Lx 1.7330, Lu 0.2300, Penalty 0.1168, loss 2.0798
Epoch 12, Batch 851/913, Lx 1.6213, Lu 0.2358, Penalty 0.0589, loss 1.9160
Epoch 12, Batch 852/913, Lx 1.6561, Lu 0.1584, Penalty 0.0661, loss 1.8805
Epoch 12, Batch 853/913, Lx 1.7791, Lu 0.2440, Penalty 0.1148, loss 2.1379
Epoch 12, Batch 854/913, Lx 1.6684, Lu 0.2139, Penalty 0.0373, loss 1.9195
Epoch 12, Batch 855/913, Lx 1.6691, Lu 0.1798, Penalty 0.0586, loss 1.9075
Epoch 12, Batch 856/913, Lx 1.7170, Lu 0.2269, Penalty 0.1343, loss 2.0782
Epoch 12, Batch 857/913, Lx 1.7542, Lu 0.1606, Penalty 0.0547, loss 1.9695
Epoch 12, Batch 858/913, Lx 1.8311, Lu 0.2394, Penalty 0.1119, loss 2.1824
Epoch 12, Batch 859/913, Lx 1.6733, Lu 0.1777, Penalty 0.0921, loss 1.9430
Epoch 12, Batch 860/913, Lx 1.6940, Lu 0.2100, Penalty 0.1124, loss 2.0164
Epoch 12, Batch 861/913, Lx 1.3772, Lu 0.1577, Penalty 0.1029, loss 1.6378
Epoch 12, Batch 862/913, Lx 1.6152, Lu 0.1598, Penalty 0.0859, loss 1.8609
Epoch 12, Batch 863/913, Lx 1.6986, Lu 0.1616, Penalty 0.0895, loss 1.9497
Epoch 12, Batch 864/913, Lx 1.8573, Lu 0.2533, Penalty 0.1165, loss 2.2270
Epoch 12, Batch 865/913, Lx 1.6376, Lu 0.2178, Penalty 0.1097, loss 1.9651
Epoch 12, Batch 866/913, Lx 1.5718, Lu 0.1124, Penalty 0.2129, loss 1.8970
Epoch 12, Batch 867/913, Lx 1.6821, Lu 0.2563, Penalty 0.1199, loss 2.0583
Epoch 12, Batch 868/913, Lx 1.5980, Lu 0.2261, Penalty 0.1184, loss 1.9424
Epoch 12, Batch 869/913, Lx 1.5729, Lu 0.1997, Penalty 0.0656, loss 1.8382
Epoch 12, Batch 870/913, Lx 1.7545, Lu 0.2504, Penalty 0.1032, loss 2.1081
Epoch 12, Batch 871/913, Lx 1.5394, Lu 0.1498, Penalty 0.1603, loss 1.8495
Epoch 12, Batch 872/913, Lx 1.4758, Lu 0.1894, Penalty 0.1019, loss 1.7671
Epoch 12, Batch 873/913, Lx 1.8300, Lu 0.2830, Penalty 0.1562, loss 2.2693
Epoch 12, Batch 874/913, Lx 1.7116, Lu 0.1833, Penalty 0.1232, loss 2.0181
Epoch 12, Batch 875/913, Lx 1.8130, Lu 0.2226, Penalty 0.0538, loss 2.0895
Epoch 12, Batch 876/913, Lx 1.7774, Lu 0.1564, Penalty 0.0800, loss 2.0137
Epoch 12, Batch 877/913, Lx 1.3939, Lu 0.1329, Penalty 0.0760, loss 1.6028
Epoch 12, Batch 878/913, Lx 1.7358, Lu 0.1680, Penalty 0.0881, loss 1.9919
Epoch 12, Batch 879/913, Lx 1.6182, Lu 0.2514, Penalty 0.1466, loss 2.0162
Epoch 12, Batch 880/913, Lx 1.6694, Lu 0.2657, Penalty 0.1060, loss 2.0412
Epoch 12, Batch 881/913, Lx 1.8239, Lu 0.1747, Penalty 0.1407, loss 2.1393
Epoch 12, Batch 882/913, Lx 1.7315, Lu 0.2292, Penalty 0.0587, loss 2.0195
Epoch 12, Batch 883/913, Lx 1.7794, Lu 0.1929, Penalty 0.0805, loss 2.0528
Epoch 12, Batch 884/913, Lx 1.8154, Lu 0.2281, Penalty 0.0989, loss 2.1423
Epoch 12, Batch 885/913, Lx 1.5721, Lu 0.2099, Penalty 0.1485, loss 1.9305
Epoch 12, Batch 886/913, Lx 1.6232, Lu 0.1686, Penalty 0.0665, loss 1.8583
Epoch 12, Batch 887/913, Lx 1.6486, Lu 0.2814, Penalty 0.1295, loss 2.0595
Epoch 12, Batch 888/913, Lx 1.8158, Lu 0.2418, Penalty 0.0553, loss 2.1129
Epoch 12, Batch 889/913, Lx 1.7450, Lu 0.2722, Penalty 0.0840, loss 2.1012
Epoch 12, Batch 890/913, Lx 1.6701, Lu 0.1590, Penalty 0.0655, loss 1.8947
Epoch 12, Batch 891/913, Lx 1.6533, Lu 0.2254, Penalty 0.1202, loss 1.9990
Epoch 12, Batch 892/913, Lx 1.7669, Lu 0.2406, Penalty 0.0659, loss 2.0734
Epoch 12, Batch 893/913, Lx 1.5928, Lu 0.1392, Penalty 0.0924, loss 1.8244
Epoch 12, Batch 894/913, Lx 1.4024, Lu 0.1246, Penalty 0.1325, loss 1.6595
Epoch 12, Batch 895/913, Lx 1.9511, Lu 0.1858, Penalty 0.0837, loss 2.2207
Epoch 12, Batch 896/913, Lx 1.5452, Lu 0.1483, Penalty 0.0727, loss 1.7663
Epoch 12, Batch 897/913, Lx 1.4958, Lu 0.1550, Penalty 0.1195, loss 1.7704
Epoch 12, Batch 898/913, Lx 1.6328, Lu 0.2495, Penalty 0.0843, loss 1.9667
Epoch 12, Batch 899/913, Lx 1.7270, Lu 0.1740, Penalty 0.1071, loss 2.0081
Epoch 12, Batch 900/913, Lx 1.8005, Lu 0.1957, Penalty 0.1397, loss 2.1360
Epoch 12, Batch 901/913, Lx 1.6212, Lu 0.1900, Penalty 0.1341, loss 1.9453
Epoch 12, Batch 902/913, Lx 1.5414, Lu 0.1786, Penalty 0.1033, loss 1.8233
Epoch 12, Batch 903/913, Lx 1.5260, Lu 0.1680, Penalty 0.1064, loss 1.8005
Epoch 12, Batch 904/913, Lx 1.6738, Lu 0.2042, Penalty 0.2553, loss 2.1333
Epoch 12, Batch 905/913, Lx 1.8735, Lu 0.1936, Penalty 0.1340, loss 2.2012
Epoch 12, Batch 906/913, Lx 1.6181, Lu 0.2121, Penalty 0.0633, loss 1.8936
Epoch 12, Batch 907/913, Lx 1.9916, Lu 0.3589, Penalty 0.0690, loss 2.4195
Epoch 12, Batch 908/913, Lx 1.4915, Lu 0.1694, Penalty 0.0442, loss 1.7051
Epoch 12, Batch 909/913, Lx 1.7745, Lu 0.2746, Penalty 0.0532, loss 2.1023
Epoch 12, Batch 910/913, Lx 1.6076, Lu 0.2134, Penalty 0.0870, loss 1.9080
Epoch 12, Batch 911/913, Lx 1.6769, Lu 0.2292, Penalty 0.0468, loss 1.9529
Epoch 12, Batch 912/913, Lx 1.7461, Lu 0.1869, Penalty 0.0574, loss 1.9903
Epoch 12, Batch 913/913, Lx 1.6672, Lu 0.1348, Penalty 0.0937, loss 1.8957
Loss: 1.9502, Lx: 1.6467, Lu: 0.2050, Penalty: 0.0984
Training for Network 2
labelled data size: 21517
unlabelled data size: 20483
Epoch 12, Batch 1/673, Lx 1.2020, Lu 0.1511, Penalty 0.1156, loss 1.4688
Epoch 12, Batch 2/673, Lx 1.4401, Lu 0.1805, Penalty 0.0995, loss 1.7202
Epoch 12, Batch 3/673, Lx 1.3148, Lu 0.1588, Penalty 0.1177, loss 1.5913
Epoch 12, Batch 4/673, Lx 1.5351, Lu 0.2252, Penalty 0.1189, loss 1.8792
Epoch 12, Batch 5/673, Lx 1.3517, Lu 0.1381, Penalty 0.1929, loss 1.6828
Epoch 12, Batch 6/673, Lx 1.4332, Lu 0.1591, Penalty 0.0755, loss 1.6678
Epoch 12, Batch 7/673, Lx 1.5670, Lu 0.2265, Penalty 0.0770, loss 1.8705
Epoch 12, Batch 8/673, Lx 1.2634, Lu 0.1441, Penalty 0.1208, loss 1.5282
Epoch 12, Batch 9/673, Lx 1.4135, Lu 0.1960, Penalty 0.1128, loss 1.7223
Epoch 12, Batch 10/673, Lx 1.6813, Lu 0.2534, Penalty 0.0701, loss 2.0048
Epoch 12, Batch 11/673, Lx 1.4866, Lu 0.1984, Penalty 0.0795, loss 1.7644
Epoch 12, Batch 12/673, Lx 1.4616, Lu 0.1620, Penalty 0.0826, loss 1.7062
Epoch 12, Batch 13/673, Lx 1.5336, Lu 0.1748, Penalty 0.1075, loss 1.8159
Epoch 12, Batch 14/673, Lx 1.4228, Lu 0.1060, Penalty 0.1422, loss 1.6711
Epoch 12, Batch 15/673, Lx 1.6481, Lu 0.1693, Penalty 0.1173, loss 1.9346
Epoch 12, Batch 16/673, Lx 1.4668, Lu 0.1751, Penalty 0.1064, loss 1.7483
Epoch 12, Batch 17/673, Lx 1.4652, Lu 0.1890, Penalty 0.1013, loss 1.7555
Epoch 12, Batch 18/673, Lx 1.5394, Lu 0.1924, Penalty 0.0941, loss 1.8259
Epoch 12, Batch 19/673, Lx 1.2289, Lu 0.0928, Penalty 0.1276, loss 1.4493
Epoch 12, Batch 20/673, Lx 1.3463, Lu 0.1904, Penalty 0.1723, loss 1.7091
Epoch 12, Batch 21/673, Lx 1.5418, Lu 0.2181, Penalty 0.0982, loss 1.8582
Epoch 12, Batch 22/673, Lx 1.4166, Lu 0.2115, Penalty 0.1527, loss 1.7809
Epoch 12, Batch 23/673, Lx 1.5407, Lu 0.2329, Penalty 0.1831, loss 1.9568
Epoch 12, Batch 24/673, Lx 1.4634, Lu 0.1504, Penalty 0.1171, loss 1.7309
Epoch 12, Batch 25/673, Lx 1.2504, Lu 0.1472, Penalty 0.1306, loss 1.5283
Epoch 12, Batch 26/673, Lx 1.3744, Lu 0.1906, Penalty 0.1205, loss 1.6855
Epoch 12, Batch 27/673, Lx 1.4413, Lu 0.1767, Penalty 0.1024, loss 1.7204
Epoch 12, Batch 28/673, Lx 1.4458, Lu 0.1963, Penalty 0.0724, loss 1.7145
Epoch 12, Batch 29/673, Lx 1.5829, Lu 0.2146, Penalty 0.1308, loss 1.9283
Epoch 12, Batch 30/673, Lx 1.5086, Lu 0.1911, Penalty 0.0655, loss 1.7652
Epoch 12, Batch 31/673, Lx 1.4787, Lu 0.1876, Penalty 0.0899, loss 1.7563
Epoch 12, Batch 32/673, Lx 1.3793, Lu 0.1606, Penalty 0.0864, loss 1.6263
Epoch 12, Batch 33/673, Lx 1.4314, Lu 0.2044, Penalty 0.1169, loss 1.7527
Epoch 12, Batch 34/673, Lx 1.3490, Lu 0.1697, Penalty 0.0655, loss 1.5842
Epoch 12, Batch 35/673, Lx 1.4479, Lu 0.1670, Penalty 0.1069, loss 1.7219
Epoch 12, Batch 36/673, Lx 1.2037, Lu 0.1656, Penalty 0.0910, loss 1.4602
Epoch 12, Batch 37/673, Lx 1.4839, Lu 0.2022, Penalty 0.0948, loss 1.7808
Epoch 12, Batch 38/673, Lx 1.3804, Lu 0.1351, Penalty 0.1261, loss 1.6416
Epoch 12, Batch 39/673, Lx 1.3059, Lu 0.1252, Penalty 0.0945, loss 1.5257
Epoch 12, Batch 40/673, Lx 1.1419, Lu 0.1452, Penalty 0.1338, loss 1.4209
Epoch 12, Batch 41/673, Lx 1.4836, Lu 0.1917, Penalty 0.1306, loss 1.8059
Epoch 12, Batch 42/673, Lx 1.3459, Lu 0.1285, Penalty 0.1206, loss 1.5951
Epoch 12, Batch 43/673, Lx 1.2796, Lu 0.1632, Penalty 0.1146, loss 1.5574
Epoch 12, Batch 44/673, Lx 1.2730, Lu 0.1441, Penalty 0.2072, loss 1.6243
Epoch 12, Batch 45/673, Lx 1.4825, Lu 0.1938, Penalty 0.1012, loss 1.7774
Epoch 12, Batch 46/673, Lx 1.5719, Lu 0.2088, Penalty 0.0810, loss 1.8617
Epoch 12, Batch 47/673, Lx 1.4541, Lu 0.1509, Penalty 0.1286, loss 1.7336
Epoch 12, Batch 48/673, Lx 1.4614, Lu 0.1671, Penalty 0.0999, loss 1.7284
Epoch 12, Batch 49/673, Lx 1.1656, Lu 0.2030, Penalty 0.0800, loss 1.4486
Epoch 12, Batch 50/673, Lx 1.2608, Lu 0.1424, Penalty 0.0639, loss 1.4671
Epoch 12, Batch 51/673, Lx 1.4563, Lu 0.1469, Penalty 0.0819, loss 1.6851
Epoch 12, Batch 52/673, Lx 1.4114, Lu 0.1775, Penalty 0.0793, loss 1.6681
Epoch 12, Batch 53/673, Lx 1.3923, Lu 0.2036, Penalty 0.1392, loss 1.7351
Epoch 12, Batch 54/673, Lx 1.5999, Lu 0.1846, Penalty 0.0648, loss 1.8492
Epoch 12, Batch 55/673, Lx 1.6848, Lu 0.2185, Penalty 0.0446, loss 1.9479
Epoch 12, Batch 56/673, Lx 1.3400, Lu 0.1685, Penalty 0.0626, loss 1.5711
Epoch 12, Batch 57/673, Lx 1.2612, Lu 0.1489, Penalty 0.1211, loss 1.5312
Epoch 12, Batch 58/673, Lx 1.3714, Lu 0.1744, Penalty 0.0854, loss 1.6312
Epoch 12, Batch 59/673, Lx 1.3143, Lu 0.1654, Penalty 0.0840, loss 1.5637
Epoch 12, Batch 60/673, Lx 1.4053, Lu 0.2071, Penalty 0.1166, loss 1.7290
Epoch 12, Batch 61/673, Lx 1.4511, Lu 0.1563, Penalty 0.0604, loss 1.6678
Epoch 12, Batch 62/673, Lx 1.5186, Lu 0.2108, Penalty 0.0956, loss 1.8250
Epoch 12, Batch 63/673, Lx 1.2235, Lu 0.1313, Penalty 0.0802, loss 1.4350
Epoch 12, Batch 64/673, Lx 1.5434, Lu 0.1643, Penalty 0.1119, loss 1.8195
Epoch 12, Batch 65/673, Lx 1.3738, Lu 0.1635, Penalty 0.0908, loss 1.6280
Epoch 12, Batch 66/673, Lx 1.3770, Lu 0.1571, Penalty 0.1622, loss 1.6962
Epoch 12, Batch 67/673, Lx 1.4320, Lu 0.1872, Penalty 0.0971, loss 1.7164
Epoch 12, Batch 68/673, Lx 1.4807, Lu 0.1942, Penalty 0.0965, loss 1.7714
Epoch 12, Batch 69/673, Lx 1.2190, Lu 0.1107, Penalty 0.0874, loss 1.4171
Epoch 12, Batch 70/673, Lx 1.3399, Lu 0.1529, Penalty 0.0845, loss 1.5773
Epoch 12, Batch 71/673, Lx 1.4799, Lu 0.1584, Penalty 0.1373, loss 1.7756
Epoch 12, Batch 72/673, Lx 1.3050, Lu 0.1443, Penalty 0.0845, loss 1.5337
Epoch 12, Batch 73/673, Lx 1.2958, Lu 0.1373, Penalty 0.1525, loss 1.5856
Epoch 12, Batch 74/673, Lx 1.5249, Lu 0.2073, Penalty 0.0587, loss 1.7910
Epoch 12, Batch 75/673, Lx 1.4361, Lu 0.1395, Penalty 0.1041, loss 1.6797
Epoch 12, Batch 76/673, Lx 1.5321, Lu 0.1638, Penalty 0.1329, loss 1.8288
Epoch 12, Batch 77/673, Lx 1.3570, Lu 0.1309, Penalty 0.0895, loss 1.5774
Epoch 12, Batch 78/673, Lx 1.6782, Lu 0.1836, Penalty 0.0675, loss 1.9293
Epoch 12, Batch 79/673, Lx 1.5169, Lu 0.1514, Penalty 0.1000, loss 1.7682
Epoch 12, Batch 80/673, Lx 1.2397, Lu 0.1408, Penalty 0.1415, loss 1.5221
Epoch 12, Batch 81/673, Lx 1.3994, Lu 0.1580, Penalty 0.0846, loss 1.6420
Epoch 12, Batch 82/673, Lx 1.3286, Lu 0.1885, Penalty 0.1369, loss 1.6540
Epoch 12, Batch 83/673, Lx 1.5075, Lu 0.2220, Penalty 0.0796, loss 1.8091
Epoch 12, Batch 84/673, Lx 1.3297, Lu 0.1470, Penalty 0.0490, loss 1.5257
Epoch 12, Batch 85/673, Lx 1.5528, Lu 0.2238, Penalty 0.1694, loss 1.9461
Epoch 12, Batch 86/673, Lx 1.4881, Lu 0.1542, Penalty 0.0703, loss 1.7125
Epoch 12, Batch 87/673, Lx 1.5565, Lu 0.1764, Penalty 0.0930, loss 1.8259
Epoch 12, Batch 88/673, Lx 1.5253, Lu 0.2250, Penalty 0.0805, loss 1.8309
Epoch 12, Batch 89/673, Lx 1.3101, Lu 0.1590, Penalty 0.1301, loss 1.5992
Epoch 12, Batch 90/673, Lx 1.5430, Lu 0.1645, Penalty 0.1068, loss 1.8143
Epoch 12, Batch 91/673, Lx 1.6511, Lu 0.2407, Penalty 0.0899, loss 1.9817
Epoch 12, Batch 92/673, Lx 1.4429, Lu 0.1545, Penalty 0.0882, loss 1.6856
Epoch 12, Batch 93/673, Lx 1.3570, Lu 0.1295, Penalty 0.0947, loss 1.5813
Epoch 12, Batch 94/673, Lx 1.6205, Lu 0.1802, Penalty 0.1034, loss 1.9042
Epoch 12, Batch 95/673, Lx 1.2235, Lu 0.1651, Penalty 0.0717, loss 1.4604
Epoch 12, Batch 96/673, Lx 1.5726, Lu 0.1941, Penalty 0.1116, loss 1.8783
Epoch 12, Batch 97/673, Lx 1.3687, Lu 0.1647, Penalty 0.1565, loss 1.6898
Epoch 12, Batch 98/673, Lx 1.6732, Lu 0.2223, Penalty 0.1035, loss 1.9990
Epoch 12, Batch 99/673, Lx 1.1977, Lu 0.1002, Penalty 0.0921, loss 1.3900
Epoch 12, Batch 100/673, Lx 1.6223, Lu 0.2322, Penalty 0.0847, loss 1.9393
Epoch 12, Batch 101/673, Lx 1.3866, Lu 0.1801, Penalty 0.1180, loss 1.6847
Epoch 12, Batch 102/673, Lx 1.5061, Lu 0.2032, Penalty 0.1328, loss 1.8420
Epoch 12, Batch 103/673, Lx 1.4358, Lu 0.1567, Penalty 0.0963, loss 1.6888
Epoch 12, Batch 104/673, Lx 1.1279, Lu 0.1689, Penalty 0.0816, loss 1.3785
Epoch 12, Batch 105/673, Lx 1.2680, Lu 0.1285, Penalty 0.1082, loss 1.5048
Epoch 12, Batch 106/673, Lx 1.1463, Lu 0.1026, Penalty 0.1714, loss 1.4203
Epoch 12, Batch 107/673, Lx 1.2247, Lu 0.0985, Penalty 0.0622, loss 1.3855
Epoch 12, Batch 108/673, Lx 1.5102, Lu 0.1579, Penalty 0.1004, loss 1.7686
Epoch 12, Batch 109/673, Lx 1.4676, Lu 0.1918, Penalty 0.0573, loss 1.7168
Epoch 12, Batch 110/673, Lx 1.1412, Lu 0.0963, Penalty 0.1283, loss 1.3657
Epoch 12, Batch 111/673, Lx 1.2232, Lu 0.1353, Penalty 0.0789, loss 1.4374
Epoch 12, Batch 112/673, Lx 1.5660, Lu 0.1784, Penalty 0.0793, loss 1.8238
Epoch 12, Batch 113/673, Lx 1.4936, Lu 0.2054, Penalty 0.0515, loss 1.7505
Epoch 12, Batch 114/673, Lx 1.3386, Lu 0.1112, Penalty 0.0706, loss 1.5204
Epoch 12, Batch 115/673, Lx 1.4834, Lu 0.1518, Penalty 0.0656, loss 1.7008
Epoch 12, Batch 116/673, Lx 1.4146, Lu 0.2191, Penalty 0.0716, loss 1.7053
Epoch 12, Batch 117/673, Lx 1.5332, Lu 0.2079, Penalty 0.0604, loss 1.8015
Epoch 12, Batch 118/673, Lx 1.4129, Lu 0.2003, Penalty 0.0731, loss 1.6863
Epoch 12, Batch 119/673, Lx 1.3060, Lu 0.1306, Penalty 0.0961, loss 1.5327
Epoch 12, Batch 120/673, Lx 1.5991, Lu 0.1749, Penalty 0.1042, loss 1.8782
Epoch 12, Batch 121/673, Lx 1.3279, Lu 0.1511, Penalty 0.0928, loss 1.5718
Epoch 12, Batch 122/673, Lx 1.4418, Lu 0.1545, Penalty 0.0887, loss 1.6849
Epoch 12, Batch 123/673, Lx 1.3424, Lu 0.1853, Penalty 0.0996, loss 1.6274
Epoch 12, Batch 124/673, Lx 1.4386, Lu 0.1512, Penalty 0.0661, loss 1.6559
Epoch 12, Batch 125/673, Lx 1.4913, Lu 0.2234, Penalty 0.0973, loss 1.8120
Epoch 12, Batch 126/673, Lx 1.4066, Lu 0.2090, Penalty 0.0596, loss 1.6752
Epoch 12, Batch 127/673, Lx 1.2435, Lu 0.1033, Penalty 0.1697, loss 1.5165
Epoch 12, Batch 128/673, Lx 1.4652, Lu 0.2153, Penalty 0.0644, loss 1.7450
Epoch 12, Batch 129/673, Lx 1.3616, Lu 0.1404, Penalty 0.0842, loss 1.5862
Epoch 12, Batch 130/673, Lx 1.4877, Lu 0.1874, Penalty 0.0824, loss 1.7576
Epoch 12, Batch 131/673, Lx 1.5581, Lu 0.1729, Penalty 0.0842, loss 1.8153
Epoch 12, Batch 132/673, Lx 1.3315, Lu 0.1559, Penalty 0.0750, loss 1.5624
Epoch 12, Batch 133/673, Lx 1.4646, Lu 0.2158, Penalty 0.0563, loss 1.7366
Epoch 12, Batch 134/673, Lx 1.3903, Lu 0.1925, Penalty 0.1195, loss 1.7023
Epoch 12, Batch 135/673, Lx 1.6094, Lu 0.2292, Penalty 0.0544, loss 1.8930
Epoch 12, Batch 136/673, Lx 1.0229, Lu 0.1231, Penalty 0.1024, loss 1.2484
Epoch 12, Batch 137/673, Lx 1.4104, Lu 0.1234, Penalty 0.0573, loss 1.5910
Epoch 12, Batch 138/673, Lx 1.4809, Lu 0.1485, Penalty 0.1373, loss 1.7666
Epoch 12, Batch 139/673, Lx 1.4725, Lu 0.1548, Penalty 0.2044, loss 1.8317
Epoch 12, Batch 140/673, Lx 1.3081, Lu 0.1338, Penalty 0.0701, loss 1.5120
Epoch 12, Batch 141/673, Lx 1.3720, Lu 0.1988, Penalty 0.0927, loss 1.6635
Epoch 12, Batch 142/673, Lx 1.5164, Lu 0.2068, Penalty 0.0789, loss 1.8022
Epoch 12, Batch 143/673, Lx 1.4479, Lu 0.1922, Penalty 0.0654, loss 1.7056
Epoch 12, Batch 144/673, Lx 1.4615, Lu 0.1785, Penalty 0.0974, loss 1.7374
Epoch 12, Batch 145/673, Lx 1.3682, Lu 0.1470, Penalty 0.0945, loss 1.6097
Epoch 12, Batch 146/673, Lx 1.0583, Lu 0.1765, Penalty 0.0802, loss 1.3150
Epoch 12, Batch 147/673, Lx 1.4706, Lu 0.1803, Penalty 0.0719, loss 1.7228
Epoch 12, Batch 148/673, Lx 1.4694, Lu 0.1718, Penalty 0.1688, loss 1.8100
Epoch 12, Batch 149/673, Lx 1.5130, Lu 0.1884, Penalty 0.1076, loss 1.8091
Epoch 12, Batch 150/673, Lx 1.5938, Lu 0.2155, Penalty 0.0631, loss 1.8724
Epoch 12, Batch 151/673, Lx 1.5902, Lu 0.2376, Penalty 0.0473, loss 1.8751
Epoch 12, Batch 152/673, Lx 1.5026, Lu 0.2236, Penalty 0.0787, loss 1.8049
Epoch 12, Batch 153/673, Lx 1.6114, Lu 0.1830, Penalty 0.0655, loss 1.8599
Epoch 12, Batch 154/673, Lx 1.5963, Lu 0.2247, Penalty 0.0518, loss 1.8728
Epoch 12, Batch 155/673, Lx 1.3974, Lu 0.1731, Penalty 0.0602, loss 1.6306
Epoch 12, Batch 156/673, Lx 1.4506, Lu 0.1854, Penalty 0.1150, loss 1.7510
Epoch 12, Batch 157/673, Lx 1.4612, Lu 0.1577, Penalty 0.1069, loss 1.7258
Epoch 12, Batch 158/673, Lx 1.2294, Lu 0.1447, Penalty 0.1120, loss 1.4862
Epoch 12, Batch 159/673, Lx 1.3269, Lu 0.1053, Penalty 0.1460, loss 1.5782
Epoch 12, Batch 160/673, Lx 1.2933, Lu 0.1099, Penalty 0.1149, loss 1.5180
Epoch 12, Batch 161/673, Lx 1.3209, Lu 0.1180, Penalty 0.0925, loss 1.5314
Epoch 12, Batch 162/673, Lx 1.5804, Lu 0.1850, Penalty 0.1022, loss 1.8677
Epoch 12, Batch 163/673, Lx 1.3593, Lu 0.1568, Penalty 0.1447, loss 1.6608
Epoch 12, Batch 164/673, Lx 1.5153, Lu 0.1720, Penalty 0.0715, loss 1.7588
Epoch 12, Batch 165/673, Lx 1.4176, Lu 0.1758, Penalty 0.1755, loss 1.7688
Epoch 12, Batch 166/673, Lx 1.4115, Lu 0.1224, Penalty 0.1872, loss 1.7211
Epoch 12, Batch 167/673, Lx 1.4661, Lu 0.2104, Penalty 0.0721, loss 1.7487
Epoch 12, Batch 168/673, Lx 1.5025, Lu 0.1966, Penalty 0.0737, loss 1.7727
Epoch 12, Batch 169/673, Lx 1.4884, Lu 0.2142, Penalty 0.0599, loss 1.7625
Epoch 12, Batch 170/673, Lx 1.3125, Lu 0.1630, Penalty 0.1155, loss 1.5910
Epoch 12, Batch 171/673, Lx 1.4819, Lu 0.1166, Penalty 0.0944, loss 1.6929
Epoch 12, Batch 172/673, Lx 1.3047, Lu 0.1575, Penalty 0.0672, loss 1.5294
Epoch 12, Batch 173/673, Lx 1.2140, Lu 0.1690, Penalty 0.1008, loss 1.4839
Epoch 12, Batch 174/673, Lx 1.4644, Lu 0.2160, Penalty 0.0946, loss 1.7750
Epoch 12, Batch 175/673, Lx 1.3974, Lu 0.1465, Penalty 0.0837, loss 1.6277
Epoch 12, Batch 176/673, Lx 1.6769, Lu 0.2249, Penalty 0.0871, loss 1.9889
Epoch 12, Batch 177/673, Lx 1.0808, Lu 0.1305, Penalty 0.0902, loss 1.3016
Epoch 12, Batch 178/673, Lx 1.4419, Lu 0.1737, Penalty 0.1298, loss 1.7453
Epoch 12, Batch 179/673, Lx 1.5527, Lu 0.1688, Penalty 0.0575, loss 1.7790
Epoch 12, Batch 180/673, Lx 1.5179, Lu 0.2483, Penalty 0.0580, loss 1.8242
Epoch 12, Batch 181/673, Lx 1.4591, Lu 0.1677, Penalty 0.1498, loss 1.7766
Epoch 12, Batch 182/673, Lx 1.6154, Lu 0.1720, Penalty 0.0972, loss 1.8846
Epoch 12, Batch 183/673, Lx 1.4745, Lu 0.1415, Penalty 0.0709, loss 1.6868
Epoch 12, Batch 184/673, Lx 1.4919, Lu 0.2072, Penalty 0.0485, loss 1.7476
Epoch 12, Batch 185/673, Lx 1.4467, Lu 0.1791, Penalty 0.1274, loss 1.7532
Epoch 12, Batch 186/673, Lx 1.4666, Lu 0.1988, Penalty 0.0869, loss 1.7523
Epoch 12, Batch 187/673, Lx 1.4528, Lu 0.1594, Penalty 0.1125, loss 1.7247
Epoch 12, Batch 188/673, Lx 1.4058, Lu 0.1977, Penalty 0.0825, loss 1.6860
Epoch 12, Batch 189/673, Lx 1.5176, Lu 0.1799, Penalty 0.0411, loss 1.7385
Epoch 12, Batch 190/673, Lx 1.4698, Lu 0.1833, Penalty 0.0831, loss 1.7362
Epoch 12, Batch 191/673, Lx 1.3134, Lu 0.1490, Penalty 0.1374, loss 1.5998
Epoch 12, Batch 192/673, Lx 1.3337, Lu 0.1508, Penalty 0.1251, loss 1.6096
Epoch 12, Batch 193/673, Lx 1.4229, Lu 0.1739, Penalty 0.0688, loss 1.6656
Epoch 12, Batch 194/673, Lx 1.5218, Lu 0.1920, Penalty 0.0733, loss 1.7871
Epoch 12, Batch 195/673, Lx 1.5229, Lu 0.1846, Penalty 0.1023, loss 1.8098
Epoch 12, Batch 196/673, Lx 1.2573, Lu 0.1389, Penalty 0.1085, loss 1.5047
Epoch 12, Batch 197/673, Lx 1.4693, Lu 0.1624, Penalty 0.1060, loss 1.7377
Epoch 12, Batch 198/673, Lx 1.3320, Lu 0.1911, Penalty 0.1214, loss 1.6445
Epoch 12, Batch 199/673, Lx 1.4194, Lu 0.1668, Penalty 0.0714, loss 1.6576
Epoch 12, Batch 200/673, Lx 1.4768, Lu 0.1736, Penalty 0.0940, loss 1.7443
Epoch 12, Batch 201/673, Lx 1.2855, Lu 0.1997, Penalty 0.0810, loss 1.5662
Epoch 12, Batch 202/673, Lx 1.1573, Lu 0.1710, Penalty 0.1893, loss 1.5176
Epoch 12, Batch 203/673, Lx 1.3344, Lu 0.1665, Penalty 0.1480, loss 1.6489
Epoch 12, Batch 204/673, Lx 1.3417, Lu 0.1221, Penalty 0.1042, loss 1.5679
Epoch 12, Batch 205/673, Lx 1.3426, Lu 0.1381, Penalty 0.1069, loss 1.5876
Epoch 12, Batch 206/673, Lx 1.5804, Lu 0.2274, Penalty 0.0788, loss 1.8866
Epoch 12, Batch 207/673, Lx 1.3948, Lu 0.1843, Penalty 0.1063, loss 1.6854
Epoch 12, Batch 208/673, Lx 1.4818, Lu 0.1807, Penalty 0.1470, loss 1.8095
Epoch 12, Batch 209/673, Lx 1.4552, Lu 0.1478, Penalty 0.1434, loss 1.7465
Epoch 12, Batch 210/673, Lx 1.3083, Lu 0.1292, Penalty 0.0624, loss 1.5000
Epoch 12, Batch 211/673, Lx 1.2575, Lu 0.1685, Penalty 0.1021, loss 1.5281
Epoch 12, Batch 212/673, Lx 1.3522, Lu 0.2020, Penalty 0.0824, loss 1.6366
Epoch 12, Batch 213/673, Lx 1.3132, Lu 0.1618, Penalty 0.0999, loss 1.5749
Epoch 12, Batch 214/673, Lx 1.2979, Lu 0.1808, Penalty 0.1002, loss 1.5789
Epoch 12, Batch 215/673, Lx 1.5060, Lu 0.1549, Penalty 0.0813, loss 1.7422
Epoch 12, Batch 216/673, Lx 1.5860, Lu 0.2482, Penalty 0.1597, loss 1.9938
Epoch 12, Batch 217/673, Lx 1.3014, Lu 0.1382, Penalty 0.1148, loss 1.5543
Epoch 12, Batch 218/673, Lx 1.4875, Lu 0.1587, Penalty 0.1893, loss 1.8355
Epoch 12, Batch 219/673, Lx 1.5499, Lu 0.1438, Penalty 0.0687, loss 1.7624
Epoch 12, Batch 220/673, Lx 1.5556, Lu 0.1519, Penalty 0.0916, loss 1.7991
Epoch 12, Batch 221/673, Lx 1.4124, Lu 0.1584, Penalty 0.0681, loss 1.6389
Epoch 12, Batch 222/673, Lx 1.3696, Lu 0.1338, Penalty 0.0805, loss 1.5839
Epoch 12, Batch 223/673, Lx 1.5386, Lu 0.1633, Penalty 0.0746, loss 1.7765
Epoch 12, Batch 224/673, Lx 1.3997, Lu 0.1210, Penalty 0.1126, loss 1.6333
Epoch 12, Batch 225/673, Lx 1.4895, Lu 0.1688, Penalty 0.0552, loss 1.7136
Epoch 12, Batch 226/673, Lx 1.3451, Lu 0.1843, Penalty 0.0553, loss 1.5846
Epoch 12, Batch 227/673, Lx 1.4215, Lu 0.1736, Penalty 0.0851, loss 1.6802
Epoch 12, Batch 228/673, Lx 1.4783, Lu 0.2079, Penalty 0.1369, loss 1.8231
Epoch 12, Batch 229/673, Lx 1.4086, Lu 0.1956, Penalty 0.0662, loss 1.6704
Epoch 12, Batch 230/673, Lx 1.4897, Lu 0.1950, Penalty 0.0564, loss 1.7410
Epoch 12, Batch 231/673, Lx 1.5335, Lu 0.1952, Penalty 0.0886, loss 1.8173
Epoch 12, Batch 232/673, Lx 1.4541, Lu 0.1491, Penalty 0.1017, loss 1.7049
Epoch 12, Batch 233/673, Lx 1.4795, Lu 0.1992, Penalty 0.0626, loss 1.7414
Epoch 12, Batch 234/673, Lx 1.4719, Lu 0.2270, Penalty 0.1070, loss 1.8059
Epoch 12, Batch 235/673, Lx 1.6273, Lu 0.1812, Penalty 0.0744, loss 1.8829
Epoch 12, Batch 236/673, Lx 1.2392, Lu 0.1245, Penalty 0.1225, loss 1.4862
Epoch 12, Batch 237/673, Lx 1.5715, Lu 0.2211, Penalty 0.1482, loss 1.9407
Epoch 12, Batch 238/673, Lx 1.5777, Lu 0.1541, Penalty 0.1632, loss 1.8949
Epoch 12, Batch 239/673, Lx 1.5748, Lu 0.1762, Penalty 0.1116, loss 1.8627
Epoch 12, Batch 240/673, Lx 1.5558, Lu 0.2072, Penalty 0.0769, loss 1.8399
Epoch 12, Batch 241/673, Lx 1.5487, Lu 0.2620, Penalty 0.0888, loss 1.8994
Epoch 12, Batch 242/673, Lx 1.5395, Lu 0.2517, Penalty 0.0720, loss 1.8632
Epoch 12, Batch 243/673, Lx 1.2895, Lu 0.1540, Penalty 0.1132, loss 1.5567
Epoch 12, Batch 244/673, Lx 1.3242, Lu 0.1314, Penalty 0.0598, loss 1.5154
Epoch 12, Batch 245/673, Lx 1.6502, Lu 0.1810, Penalty 0.0817, loss 1.9128
Epoch 12, Batch 246/673, Lx 1.3995, Lu 0.1578, Penalty 0.1268, loss 1.6842
Epoch 12, Batch 247/673, Lx 1.3776, Lu 0.1347, Penalty 0.0936, loss 1.6059
Epoch 12, Batch 248/673, Lx 1.3342, Lu 0.1496, Penalty 0.0845, loss 1.5683
Epoch 12, Batch 249/673, Lx 1.4235, Lu 0.1253, Penalty 0.1226, loss 1.6713
Epoch 12, Batch 250/673, Lx 1.3355, Lu 0.1374, Penalty 0.0631, loss 1.5360
Epoch 12, Batch 251/673, Lx 1.5731, Lu 0.2038, Penalty 0.0800, loss 1.8569
Epoch 12, Batch 252/673, Lx 1.3969, Lu 0.1328, Penalty 0.1270, loss 1.6567
Epoch 12, Batch 253/673, Lx 1.3520, Lu 0.1562, Penalty 0.0915, loss 1.5998
Epoch 12, Batch 254/673, Lx 1.3615, Lu 0.1095, Penalty 0.1313, loss 1.6023
Epoch 12, Batch 255/673, Lx 1.3858, Lu 0.1202, Penalty 0.0741, loss 1.5801
Epoch 12, Batch 256/673, Lx 1.4691, Lu 0.1429, Penalty 0.1147, loss 1.7268
Epoch 12, Batch 257/673, Lx 1.4863, Lu 0.1649, Penalty 0.1241, loss 1.7753
Epoch 12, Batch 258/673, Lx 0.9114, Lu 0.1890, Penalty 0.0602, loss 1.1606
Epoch 12, Batch 259/673, Lx 1.6127, Lu 0.2003, Penalty 0.0641, loss 1.8771
Epoch 12, Batch 260/673, Lx 1.5239, Lu 0.1861, Penalty 0.0973, loss 1.8073
Epoch 12, Batch 261/673, Lx 1.5464, Lu 0.2302, Penalty 0.0569, loss 1.8335
Epoch 12, Batch 262/673, Lx 1.4570, Lu 0.1802, Penalty 0.0710, loss 1.7082
Epoch 12, Batch 263/673, Lx 1.7131, Lu 0.2339, Penalty 0.0727, loss 2.0196
Epoch 12, Batch 264/673, Lx 1.3257, Lu 0.1464, Penalty 0.0865, loss 1.5586
Epoch 12, Batch 265/673, Lx 1.1766, Lu 0.1333, Penalty 0.0825, loss 1.3923
Epoch 12, Batch 266/673, Lx 1.5626, Lu 0.2526, Penalty 0.0633, loss 1.8785
Epoch 12, Batch 267/673, Lx 1.3334, Lu 0.1643, Penalty 0.1472, loss 1.6450
Epoch 12, Batch 268/673, Lx 1.3950, Lu 0.1603, Penalty 0.0838, loss 1.6391
Epoch 12, Batch 269/673, Lx 1.4253, Lu 0.1691, Penalty 0.0700, loss 1.6644
Epoch 12, Batch 270/673, Lx 1.3977, Lu 0.1553, Penalty 0.0537, loss 1.6067
Epoch 12, Batch 271/673, Lx 1.3345, Lu 0.1628, Penalty 0.0761, loss 1.5735
Epoch 12, Batch 272/673, Lx 1.3569, Lu 0.1498, Penalty 0.1402, loss 1.6469
Epoch 12, Batch 273/673, Lx 1.4737, Lu 0.1306, Penalty 0.0622, loss 1.6665
Epoch 12, Batch 274/673, Lx 1.5100, Lu 0.1427, Penalty 0.0765, loss 1.7292
Epoch 12, Batch 275/673, Lx 1.6693, Lu 0.2819, Penalty 0.0919, loss 2.0432
Epoch 12, Batch 276/673, Lx 1.4631, Lu 0.1927, Penalty 0.0956, loss 1.7514
Epoch 12, Batch 277/673, Lx 1.5533, Lu 0.1701, Penalty 0.1308, loss 1.8542
Epoch 12, Batch 278/673, Lx 1.5383, Lu 0.2226, Penalty 0.1142, loss 1.8750
Epoch 12, Batch 279/673, Lx 1.3212, Lu 0.1602, Penalty 0.0839, loss 1.5653
Epoch 12, Batch 280/673, Lx 1.3787, Lu 0.1219, Penalty 0.1047, loss 1.6053
Epoch 12, Batch 281/673, Lx 1.4433, Lu 0.1201, Penalty 0.0876, loss 1.6509
Epoch 12, Batch 282/673, Lx 1.3527, Lu 0.1581, Penalty 0.0796, loss 1.5904
Epoch 12, Batch 283/673, Lx 1.3608, Lu 0.1457, Penalty 0.0781, loss 1.5846
Epoch 12, Batch 284/673, Lx 1.6612, Lu 0.2220, Penalty 0.1627, loss 2.0459
Epoch 12, Batch 285/673, Lx 1.3713, Lu 0.1275, Penalty 0.0667, loss 1.5656
Epoch 12, Batch 286/673, Lx 1.3556, Lu 0.1726, Penalty 0.0636, loss 1.5917
Epoch 12, Batch 287/673, Lx 1.4265, Lu 0.1800, Penalty 0.1282, loss 1.7347
Epoch 12, Batch 288/673, Lx 1.3656, Lu 0.1690, Penalty 0.0650, loss 1.5996
Epoch 12, Batch 289/673, Lx 1.4288, Lu 0.2391, Penalty 0.0935, loss 1.7614
Epoch 12, Batch 290/673, Lx 1.5789, Lu 0.1808, Penalty 0.0838, loss 1.8435
Epoch 12, Batch 291/673, Lx 1.6200, Lu 0.2173, Penalty 0.0669, loss 1.9042
Epoch 12, Batch 292/673, Lx 1.5065, Lu 0.2134, Penalty 0.0917, loss 1.8116
Epoch 12, Batch 293/673, Lx 1.3546, Lu 0.1483, Penalty 0.0988, loss 1.6018
Epoch 12, Batch 294/673, Lx 1.4558, Lu 0.1555, Penalty 0.1378, loss 1.7491
Epoch 12, Batch 295/673, Lx 1.5256, Lu 0.1635, Penalty 0.1046, loss 1.7937
Epoch 12, Batch 296/673, Lx 1.3929, Lu 0.1508, Penalty 0.1133, loss 1.6570
Epoch 12, Batch 297/673, Lx 1.3987, Lu 0.1328, Penalty 0.1077, loss 1.6391
Epoch 12, Batch 298/673, Lx 1.3949, Lu 0.1770, Penalty 0.0806, loss 1.6525
Epoch 12, Batch 299/673, Lx 1.5669, Lu 0.2196, Penalty 0.0783, loss 1.8647
Epoch 12, Batch 300/673, Lx 1.4273, Lu 0.1864, Penalty 0.0581, loss 1.6718
Epoch 12, Batch 301/673, Lx 1.3681, Lu 0.1615, Penalty 0.0318, loss 1.5614
Epoch 12, Batch 302/673, Lx 1.4181, Lu 0.1516, Penalty 0.0555, loss 1.6253
Epoch 12, Batch 303/673, Lx 1.5360, Lu 0.1765, Penalty 0.0656, loss 1.7782
Epoch 12, Batch 304/673, Lx 1.5737, Lu 0.2317, Penalty 0.0585, loss 1.8638
Epoch 12, Batch 305/673, Lx 1.3121, Lu 0.1418, Penalty 0.1004, loss 1.5543
Epoch 12, Batch 306/673, Lx 1.3731, Lu 0.1431, Penalty 0.0803, loss 1.5965
Epoch 12, Batch 307/673, Lx 1.3428, Lu 0.1556, Penalty 0.0896, loss 1.5881
Epoch 12, Batch 308/673, Lx 1.3652, Lu 0.1903, Penalty 0.0924, loss 1.6479
Epoch 12, Batch 309/673, Lx 1.3592, Lu 0.2115, Penalty 0.0812, loss 1.6519
Epoch 12, Batch 310/673, Lx 1.3367, Lu 0.1197, Penalty 0.1424, loss 1.5988
Epoch 12, Batch 311/673, Lx 1.2804, Lu 0.1148, Penalty 0.1578, loss 1.5530
Epoch 12, Batch 312/673, Lx 1.2976, Lu 0.1738, Penalty 0.0576, loss 1.5291
Epoch 12, Batch 313/673, Lx 1.4366, Lu 0.1551, Penalty 0.0728, loss 1.6645
Epoch 12, Batch 314/673, Lx 1.2388, Lu 0.1652, Penalty 0.0933, loss 1.4973
Epoch 12, Batch 315/673, Lx 1.3091, Lu 0.1270, Penalty 0.0962, loss 1.5322
Epoch 12, Batch 316/673, Lx 1.6024, Lu 0.1964, Penalty 0.1512, loss 1.9500
Epoch 12, Batch 317/673, Lx 1.6638, Lu 0.2094, Penalty 0.0907, loss 1.9639
Epoch 12, Batch 318/673, Lx 1.3321, Lu 0.1329, Penalty 0.0939, loss 1.5590
Epoch 12, Batch 319/673, Lx 1.4476, Lu 0.1431, Penalty 0.0714, loss 1.6620
Epoch 12, Batch 320/673, Lx 1.5143, Lu 0.1521, Penalty 0.1280, loss 1.7944
Epoch 12, Batch 321/673, Lx 1.6389, Lu 0.2445, Penalty 0.0378, loss 1.9212
Epoch 12, Batch 322/673, Lx 1.5029, Lu 0.1612, Penalty 0.1265, loss 1.7906
Epoch 12, Batch 323/673, Lx 1.6586, Lu 0.2414, Penalty 0.0721, loss 1.9722
Epoch 12, Batch 324/673, Lx 1.5892, Lu 0.1464, Penalty 0.1086, loss 1.8442
Epoch 12, Batch 325/673, Lx 1.6461, Lu 0.2333, Penalty 0.1383, loss 2.0177
Epoch 12, Batch 326/673, Lx 1.3523, Lu 0.1285, Penalty 0.0704, loss 1.5512
Epoch 12, Batch 327/673, Lx 1.4373, Lu 0.1862, Penalty 0.0732, loss 1.6967
Epoch 12, Batch 328/673, Lx 1.5443, Lu 0.2102, Penalty 0.1406, loss 1.8951
Epoch 12, Batch 329/673, Lx 1.5598, Lu 0.2474, Penalty 0.0904, loss 1.8976
Epoch 12, Batch 330/673, Lx 1.5223, Lu 0.1710, Penalty 0.1070, loss 1.8004
Epoch 12, Batch 331/673, Lx 1.6254, Lu 0.2649, Penalty 0.0951, loss 1.9855
Epoch 12, Batch 332/673, Lx 1.5077, Lu 0.1685, Penalty 0.0539, loss 1.7300
Epoch 12, Batch 333/673, Lx 1.5253, Lu 0.1484, Penalty 0.0966, loss 1.7703
Epoch 12, Batch 334/673, Lx 1.3100, Lu 0.1087, Penalty 0.0791, loss 1.4978
Epoch 12, Batch 335/673, Lx 1.1530, Lu 0.1351, Penalty 0.0654, loss 1.3534
Epoch 12, Batch 336/673, Lx 1.4201, Lu 0.1440, Penalty 0.0958, loss 1.6599
Epoch 12, Batch 337/673, Lx 1.5287, Lu 0.1971, Penalty 0.0667, loss 1.7925
Epoch 12, Batch 338/673, Lx 1.4768, Lu 0.1745, Penalty 0.1345, loss 1.7858
Epoch 12, Batch 339/673, Lx 1.5161, Lu 0.1421, Penalty 0.0750, loss 1.7332
Epoch 12, Batch 340/673, Lx 1.3256, Lu 0.1350, Penalty 0.0699, loss 1.5306
Epoch 12, Batch 341/673, Lx 1.5281, Lu 0.1816, Penalty 0.1180, loss 1.8278
Epoch 12, Batch 342/673, Lx 1.4551, Lu 0.1495, Penalty 0.0716, loss 1.6761
Epoch 12, Batch 343/673, Lx 1.6070, Lu 0.1924, Penalty 0.0848, loss 1.8842
Epoch 12, Batch 344/673, Lx 1.5866, Lu 0.1879, Penalty 0.0863, loss 1.8607
Epoch 12, Batch 345/673, Lx 1.6797, Lu 0.2950, Penalty 0.0785, loss 2.0531
Epoch 12, Batch 346/673, Lx 1.4222, Lu 0.1296, Penalty 0.1124, loss 1.6642
Epoch 12, Batch 347/673, Lx 1.2792, Lu 0.1423, Penalty 0.1239, loss 1.5454
Epoch 12, Batch 348/673, Lx 1.4007, Lu 0.1691, Penalty 0.1234, loss 1.6931
Epoch 12, Batch 349/673, Lx 1.0324, Lu 0.1225, Penalty 0.1376, loss 1.2925
Epoch 12, Batch 350/673, Lx 1.2695, Lu 0.1246, Penalty 0.1284, loss 1.5225
Epoch 12, Batch 351/673, Lx 1.4791, Lu 0.1372, Penalty 0.0990, loss 1.7153
Epoch 12, Batch 352/673, Lx 1.8572, Lu 0.2197, Penalty 0.0771, loss 2.1540
Epoch 12, Batch 353/673, Lx 1.5089, Lu 0.1696, Penalty 0.0904, loss 1.7688
Epoch 12, Batch 354/673, Lx 1.4688, Lu 0.1543, Penalty 0.0895, loss 1.7126
Epoch 12, Batch 355/673, Lx 1.3148, Lu 0.1392, Penalty 0.0803, loss 1.5343
Epoch 12, Batch 356/673, Lx 1.6396, Lu 0.2196, Penalty 0.0533, loss 1.9125
Epoch 12, Batch 357/673, Lx 1.6262, Lu 0.1763, Penalty 0.0536, loss 1.8561
Epoch 12, Batch 358/673, Lx 1.3631, Lu 0.1717, Penalty 0.0498, loss 1.5846
Epoch 12, Batch 359/673, Lx 1.1861, Lu 0.1227, Penalty 0.1505, loss 1.4593
Epoch 12, Batch 360/673, Lx 1.7108, Lu 0.2888, Penalty 0.0771, loss 2.0767
Epoch 12, Batch 361/673, Lx 1.4990, Lu 0.1396, Penalty 0.0832, loss 1.7217
Epoch 12, Batch 362/673, Lx 1.5042, Lu 0.1572, Penalty 0.0661, loss 1.7275
Epoch 12, Batch 363/673, Lx 1.4021, Lu 0.1722, Penalty 0.0760, loss 1.6503
Epoch 12, Batch 364/673, Lx 1.3944, Lu 0.1725, Penalty 0.0512, loss 1.6180
Epoch 12, Batch 365/673, Lx 1.4680, Lu 0.1443, Penalty 0.1000, loss 1.7122
Epoch 12, Batch 366/673, Lx 1.2587, Lu 0.1437, Penalty 0.1536, loss 1.5559
Epoch 12, Batch 367/673, Lx 1.4731, Lu 0.1779, Penalty 0.1084, loss 1.7595
Epoch 12, Batch 368/673, Lx 1.3128, Lu 0.1735, Penalty 0.0747, loss 1.5610
Epoch 12, Batch 369/673, Lx 1.5697, Lu 0.2010, Penalty 0.0789, loss 1.8496
Epoch 12, Batch 370/673, Lx 1.4852, Lu 0.1444, Penalty 0.1190, loss 1.7486
Epoch 12, Batch 371/673, Lx 1.3585, Lu 0.1715, Penalty 0.1045, loss 1.6345
Epoch 12, Batch 372/673, Lx 1.2963, Lu 0.1913, Penalty 0.0727, loss 1.5603
Epoch 12, Batch 373/673, Lx 1.5005, Lu 0.1468, Penalty 0.1682, loss 1.8155
Epoch 12, Batch 374/673, Lx 1.4521, Lu 0.1787, Penalty 0.1103, loss 1.7411
Epoch 12, Batch 375/673, Lx 1.4536, Lu 0.1721, Penalty 0.0997, loss 1.7254
Epoch 12, Batch 376/673, Lx 1.4192, Lu 0.1454, Penalty 0.0993, loss 1.6639
Epoch 12, Batch 377/673, Lx 1.4027, Lu 0.1334, Penalty 0.0967, loss 1.6328
Epoch 12, Batch 378/673, Lx 1.1386, Lu 0.1183, Penalty 0.1532, loss 1.4101
Epoch 12, Batch 379/673, Lx 1.4915, Lu 0.1914, Penalty 0.1659, loss 1.8488
Epoch 12, Batch 380/673, Lx 1.4661, Lu 0.2215, Penalty 0.0739, loss 1.7616
Epoch 12, Batch 381/673, Lx 1.2388, Lu 0.1802, Penalty 0.0686, loss 1.4876
Epoch 12, Batch 382/673, Lx 1.4798, Lu 0.1705, Penalty 0.0894, loss 1.7397
Epoch 12, Batch 383/673, Lx 1.5066, Lu 0.1266, Penalty 0.1446, loss 1.7778
Epoch 12, Batch 384/673, Lx 1.3503, Lu 0.1665, Penalty 0.0785, loss 1.5953
Epoch 12, Batch 385/673, Lx 1.3709, Lu 0.1779, Penalty 0.1131, loss 1.6618
Epoch 12, Batch 386/673, Lx 1.4997, Lu 0.1441, Penalty 0.1015, loss 1.7453
Epoch 12, Batch 387/673, Lx 1.2933, Lu 0.1671, Penalty 0.0628, loss 1.5232
Epoch 12, Batch 388/673, Lx 1.5092, Lu 0.1549, Penalty 0.0483, loss 1.7123
Epoch 12, Batch 389/673, Lx 1.5890, Lu 0.1701, Penalty 0.0615, loss 1.8205
Epoch 12, Batch 390/673, Lx 1.4475, Lu 0.1825, Penalty 0.0431, loss 1.6731
Epoch 12, Batch 391/673, Lx 1.5291, Lu 0.2069, Penalty 0.1238, loss 1.8598
Epoch 12, Batch 392/673, Lx 1.5872, Lu 0.2486, Penalty 0.0732, loss 1.9090
Epoch 12, Batch 393/673, Lx 1.2172, Lu 0.1374, Penalty 0.1185, loss 1.4731
Epoch 12, Batch 394/673, Lx 1.4924, Lu 0.2114, Penalty 0.0550, loss 1.7588
Epoch 12, Batch 395/673, Lx 1.2259, Lu 0.1038, Penalty 0.0731, loss 1.4028
Epoch 12, Batch 396/673, Lx 1.4856, Lu 0.1496, Penalty 0.1184, loss 1.7536
Epoch 12, Batch 397/673, Lx 1.3558, Lu 0.1773, Penalty 0.0663, loss 1.5993
Epoch 12, Batch 398/673, Lx 1.4158, Lu 0.1500, Penalty 0.0839, loss 1.6497
Epoch 12, Batch 399/673, Lx 1.3265, Lu 0.1664, Penalty 0.0812, loss 1.5742
Epoch 12, Batch 400/673, Lx 1.5813, Lu 0.2121, Penalty 0.1266, loss 1.9200
Epoch 12, Batch 401/673, Lx 1.0413, Lu 0.1648, Penalty 0.0944, loss 1.3005
Epoch 12, Batch 402/673, Lx 1.4565, Lu 0.1637, Penalty 0.0805, loss 1.7006
Epoch 12, Batch 403/673, Lx 1.4384, Lu 0.1492, Penalty 0.0498, loss 1.6375
Epoch 12, Batch 404/673, Lx 1.3783, Lu 0.1316, Penalty 0.0509, loss 1.5608
Epoch 12, Batch 405/673, Lx 1.1631, Lu 0.1177, Penalty 0.1093, loss 1.3901
Epoch 12, Batch 406/673, Lx 1.4861, Lu 0.1740, Penalty 0.0551, loss 1.7151
Epoch 12, Batch 407/673, Lx 1.4658, Lu 0.1774, Penalty 0.0624, loss 1.7056
Epoch 12, Batch 408/673, Lx 1.4957, Lu 0.1897, Penalty 0.0850, loss 1.7703
Epoch 12, Batch 409/673, Lx 1.4281, Lu 0.1229, Penalty 0.1049, loss 1.6559
Epoch 12, Batch 410/673, Lx 1.3644, Lu 0.1667, Penalty 0.0949, loss 1.6260
Epoch 12, Batch 411/673, Lx 1.1650, Lu 0.1288, Penalty 0.0554, loss 1.3493
Epoch 12, Batch 412/673, Lx 1.5027, Lu 0.1870, Penalty 0.0984, loss 1.7881
Epoch 12, Batch 413/673, Lx 1.5474, Lu 0.2152, Penalty 0.1630, loss 1.9256
Epoch 12, Batch 414/673, Lx 1.4148, Lu 0.1672, Penalty 0.0718, loss 1.6538
Epoch 12, Batch 415/673, Lx 1.4615, Lu 0.1388, Penalty 0.1008, loss 1.7011
Epoch 12, Batch 416/673, Lx 1.3349, Lu 0.1320, Penalty 0.1386, loss 1.6054
Epoch 12, Batch 417/673, Lx 1.5015, Lu 0.1960, Penalty 0.0869, loss 1.7844
Epoch 12, Batch 418/673, Lx 1.4634, Lu 0.1727, Penalty 0.1482, loss 1.7844
Epoch 12, Batch 419/673, Lx 1.4880, Lu 0.1836, Penalty 0.0476, loss 1.7192
Epoch 12, Batch 420/673, Lx 1.5502, Lu 0.1948, Penalty 0.0964, loss 1.8415
Epoch 12, Batch 421/673, Lx 1.4666, Lu 0.1692, Penalty 0.0748, loss 1.7106
Epoch 12, Batch 422/673, Lx 1.3984, Lu 0.1366, Penalty 0.0714, loss 1.6064
Epoch 12, Batch 423/673, Lx 1.5511, Lu 0.2559, Penalty 0.1097, loss 1.9166
Epoch 12, Batch 424/673, Lx 1.4975, Lu 0.2020, Penalty 0.0936, loss 1.7931
Epoch 12, Batch 425/673, Lx 1.4272, Lu 0.1503, Penalty 0.0987, loss 1.6762
Epoch 12, Batch 426/673, Lx 1.2955, Lu 0.1633, Penalty 0.0912, loss 1.5500
Epoch 12, Batch 427/673, Lx 1.3457, Lu 0.1724, Penalty 0.1411, loss 1.6592
Epoch 12, Batch 428/673, Lx 1.3919, Lu 0.1756, Penalty 0.1022, loss 1.6698
Epoch 12, Batch 429/673, Lx 1.3646, Lu 0.1442, Penalty 0.0773, loss 1.5861
Epoch 12, Batch 430/673, Lx 1.3374, Lu 0.1979, Penalty 0.0476, loss 1.5829
Epoch 12, Batch 431/673, Lx 1.4072, Lu 0.1763, Penalty 0.0548, loss 1.6383
Epoch 12, Batch 432/673, Lx 1.6307, Lu 0.2304, Penalty 0.0776, loss 1.9387
Epoch 12, Batch 433/673, Lx 1.1919, Lu 0.1641, Penalty 0.1283, loss 1.4843
Epoch 12, Batch 434/673, Lx 1.5124, Lu 0.2092, Penalty 0.0633, loss 1.7850
Epoch 12, Batch 435/673, Lx 1.3554, Lu 0.1504, Penalty 0.0785, loss 1.5844
Epoch 12, Batch 436/673, Lx 1.3793, Lu 0.1614, Penalty 0.1209, loss 1.6616
Epoch 12, Batch 437/673, Lx 1.5294, Lu 0.1861, Penalty 0.0542, loss 1.7697
Epoch 12, Batch 438/673, Lx 1.4459, Lu 0.1685, Penalty 0.0810, loss 1.6954
Epoch 12, Batch 439/673, Lx 1.5483, Lu 0.2114, Penalty 0.0860, loss 1.8458
Epoch 12, Batch 440/673, Lx 1.6547, Lu 0.1337, Penalty 0.0789, loss 1.8673
Epoch 12, Batch 441/673, Lx 1.4297, Lu 0.1489, Penalty 0.1012, loss 1.6798
Epoch 12, Batch 442/673, Lx 1.2816, Lu 0.1256, Penalty 0.1252, loss 1.5325
Epoch 12, Batch 443/673, Lx 1.2219, Lu 0.1213, Penalty 0.0996, loss 1.4428
Epoch 12, Batch 444/673, Lx 1.3666, Lu 0.1499, Penalty 0.0942, loss 1.6107
Epoch 12, Batch 445/673, Lx 1.4291, Lu 0.1578, Penalty 0.1108, loss 1.6978
Epoch 12, Batch 446/673, Lx 1.5189, Lu 0.1942, Penalty 0.1253, loss 1.8384
Epoch 12, Batch 447/673, Lx 1.5652, Lu 0.2364, Penalty 0.1651, loss 1.9667
Epoch 12, Batch 448/673, Lx 1.5144, Lu 0.2164, Penalty 0.0806, loss 1.8115
Epoch 12, Batch 449/673, Lx 1.1748, Lu 0.1757, Penalty 0.0866, loss 1.4371
Epoch 12, Batch 450/673, Lx 1.5025, Lu 0.2230, Penalty 0.1408, loss 1.8664
Epoch 12, Batch 451/673, Lx 1.5656, Lu 0.2328, Penalty 0.1701, loss 1.9684
Epoch 12, Batch 452/673, Lx 1.4882, Lu 0.2414, Penalty 0.1467, loss 1.8763
Epoch 12, Batch 453/673, Lx 1.3886, Lu 0.1953, Penalty 0.0797, loss 1.6636
Epoch 12, Batch 454/673, Lx 1.5326, Lu 0.1684, Penalty 0.1140, loss 1.8150
Epoch 12, Batch 455/673, Lx 1.4810, Lu 0.1664, Penalty 0.0869, loss 1.7343
Epoch 12, Batch 456/673, Lx 1.4084, Lu 0.1802, Penalty 0.0556, loss 1.6442
Epoch 12, Batch 457/673, Lx 1.5416, Lu 0.1733, Penalty 0.0759, loss 1.7907
Epoch 12, Batch 458/673, Lx 1.3772, Lu 0.2230, Penalty 0.0459, loss 1.6460
Epoch 12, Batch 459/673, Lx 1.4640, Lu 0.1645, Penalty 0.0554, loss 1.6839
Epoch 12, Batch 460/673, Lx 1.4636, Lu 0.2106, Penalty 0.0727, loss 1.7469
Epoch 12, Batch 461/673, Lx 1.3535, Lu 0.1214, Penalty 0.1202, loss 1.5950
Epoch 12, Batch 462/673, Lx 1.3490, Lu 0.1176, Penalty 0.1076, loss 1.5742
Epoch 12, Batch 463/673, Lx 1.5711, Lu 0.1944, Penalty 0.0838, loss 1.8493
Epoch 12, Batch 464/673, Lx 1.4324, Lu 0.1706, Penalty 0.0862, loss 1.6892
Epoch 12, Batch 465/673, Lx 1.4305, Lu 0.1713, Penalty 0.1272, loss 1.7290
Epoch 12, Batch 466/673, Lx 1.3569, Lu 0.1179, Penalty 0.1058, loss 1.5806
Epoch 12, Batch 467/673, Lx 1.3134, Lu 0.1322, Penalty 0.1973, loss 1.6430
Epoch 12, Batch 468/673, Lx 1.3111, Lu 0.2054, Penalty 0.0838, loss 1.6003
Epoch 12, Batch 469/673, Lx 1.4328, Lu 0.1409, Penalty 0.1478, loss 1.7215
Epoch 12, Batch 470/673, Lx 1.5643, Lu 0.2157, Penalty 0.0919, loss 1.8719
Epoch 12, Batch 471/673, Lx 1.4102, Lu 0.2093, Penalty 0.0795, loss 1.6990
Epoch 12, Batch 472/673, Lx 1.6448, Lu 0.2232, Penalty 0.0934, loss 1.9614
Epoch 12, Batch 473/673, Lx 1.4891, Lu 0.2400, Penalty 0.0690, loss 1.7981
Epoch 12, Batch 474/673, Lx 1.3278, Lu 0.1833, Penalty 0.1357, loss 1.6468
Epoch 12, Batch 475/673, Lx 1.5205, Lu 0.1887, Penalty 0.0438, loss 1.7529
Epoch 12, Batch 476/673, Lx 1.2392, Lu 0.1724, Penalty 0.0919, loss 1.5036
Epoch 12, Batch 477/673, Lx 1.5120, Lu 0.1890, Penalty 0.0602, loss 1.7612
Epoch 12, Batch 478/673, Lx 1.3958, Lu 0.1884, Penalty 0.0989, loss 1.6831
Epoch 12, Batch 479/673, Lx 1.2289, Lu 0.1569, Penalty 0.0553, loss 1.4412
Epoch 12, Batch 480/673, Lx 1.4412, Lu 0.1375, Penalty 0.0623, loss 1.6410
Epoch 12, Batch 481/673, Lx 1.3746, Lu 0.1645, Penalty 0.0537, loss 1.5929
Epoch 12, Batch 482/673, Lx 1.5986, Lu 0.2027, Penalty 0.1291, loss 1.9304
Epoch 12, Batch 483/673, Lx 1.3541, Lu 0.1553, Penalty 0.1109, loss 1.6203
Epoch 12, Batch 484/673, Lx 1.1809, Lu 0.1595, Penalty 0.0896, loss 1.4300
Epoch 12, Batch 485/673, Lx 1.5166, Lu 0.1926, Penalty 0.0862, loss 1.7955
Epoch 12, Batch 486/673, Lx 1.5326, Lu 0.1547, Penalty 0.1136, loss 1.8009
Epoch 12, Batch 487/673, Lx 1.4027, Lu 0.1340, Penalty 0.0942, loss 1.6309
Epoch 12, Batch 488/673, Lx 1.1993, Lu 0.1418, Penalty 0.1086, loss 1.4497
Epoch 12, Batch 489/673, Lx 1.3787, Lu 0.1723, Penalty 0.0843, loss 1.6352
Epoch 12, Batch 490/673, Lx 1.3783, Lu 0.1447, Penalty 0.0780, loss 1.6010
Epoch 12, Batch 491/673, Lx 1.2640, Lu 0.1713, Penalty 0.1197, loss 1.5550
Epoch 12, Batch 492/673, Lx 1.2962, Lu 0.1829, Penalty 0.1735, loss 1.6526
Epoch 12, Batch 493/673, Lx 1.4443, Lu 0.1669, Penalty 0.1079, loss 1.7192
Epoch 12, Batch 494/673, Lx 1.3090, Lu 0.1348, Penalty 0.0553, loss 1.4990
Epoch 12, Batch 495/673, Lx 1.4073, Lu 0.2073, Penalty 0.1055, loss 1.7201
Epoch 12, Batch 496/673, Lx 1.4968, Lu 0.2342, Penalty 0.0457, loss 1.7767
Epoch 12, Batch 497/673, Lx 1.6834, Lu 0.2296, Penalty 0.1231, loss 2.0361
Epoch 12, Batch 498/673, Lx 1.2436, Lu 0.1822, Penalty 0.0890, loss 1.5148
Epoch 12, Batch 499/673, Lx 1.4004, Lu 0.1580, Penalty 0.0750, loss 1.6334
Epoch 12, Batch 500/673, Lx 1.4081, Lu 0.2015, Penalty 0.0715, loss 1.6811
Epoch 12, Batch 501/673, Lx 1.4301, Lu 0.1529, Penalty 0.0813, loss 1.6643
Epoch 12, Batch 502/673, Lx 1.4526, Lu 0.1903, Penalty 0.0477, loss 1.6906
Epoch 12, Batch 503/673, Lx 1.6069, Lu 0.2541, Penalty 0.1052, loss 1.9662
Epoch 12, Batch 504/673, Lx 1.5572, Lu 0.2134, Penalty 0.0940, loss 1.8646
Epoch 12, Batch 505/673, Lx 1.4359, Lu 0.1747, Penalty 0.1050, loss 1.7155
Epoch 12, Batch 506/673, Lx 1.2717, Lu 0.1531, Penalty 0.0799, loss 1.5047
Epoch 12, Batch 507/673, Lx 1.6034, Lu 0.1744, Penalty 0.0998, loss 1.8776
Epoch 12, Batch 508/673, Lx 1.2234, Lu 0.1567, Penalty 0.1581, loss 1.5382
Epoch 12, Batch 509/673, Lx 1.4745, Lu 0.2090, Penalty 0.1393, loss 1.8228
Epoch 12, Batch 510/673, Lx 1.5871, Lu 0.2331, Penalty 0.1011, loss 1.9213
Epoch 12, Batch 511/673, Lx 1.2483, Lu 0.1369, Penalty 0.1226, loss 1.5078
Epoch 12, Batch 512/673, Lx 1.3007, Lu 0.1668, Penalty 0.1284, loss 1.5959
Epoch 12, Batch 513/673, Lx 1.4702, Lu 0.1541, Penalty 0.0897, loss 1.7139
Epoch 12, Batch 514/673, Lx 1.3689, Lu 0.1614, Penalty 0.0985, loss 1.6289
Epoch 12, Batch 515/673, Lx 1.5641, Lu 0.1808, Penalty 0.0849, loss 1.8298
Epoch 12, Batch 516/673, Lx 1.4370, Lu 0.1267, Penalty 0.1060, loss 1.6698
Epoch 12, Batch 517/673, Lx 1.2648, Lu 0.1454, Penalty 0.0845, loss 1.4947
Epoch 12, Batch 518/673, Lx 1.1247, Lu 0.1485, Penalty 0.1196, loss 1.3928
Epoch 12, Batch 519/673, Lx 1.3853, Lu 0.1514, Penalty 0.0643, loss 1.6010
Epoch 12, Batch 520/673, Lx 1.3727, Lu 0.1674, Penalty 0.1098, loss 1.6499
Epoch 12, Batch 521/673, Lx 1.5060, Lu 0.2016, Penalty 0.1181, loss 1.8257
Epoch 12, Batch 522/673, Lx 1.3990, Lu 0.1455, Penalty 0.0544, loss 1.5989
Epoch 12, Batch 523/673, Lx 1.5521, Lu 0.2014, Penalty 0.0658, loss 1.8193
Epoch 12, Batch 524/673, Lx 1.4012, Lu 0.1480, Penalty 0.0691, loss 1.6183
Epoch 12, Batch 525/673, Lx 1.3753, Lu 0.1695, Penalty 0.1374, loss 1.6822
Epoch 12, Batch 526/673, Lx 1.4523, Lu 0.1813, Penalty 0.0880, loss 1.7216
Epoch 12, Batch 527/673, Lx 1.1735, Lu 0.0921, Penalty 0.1718, loss 1.4373
Epoch 12, Batch 528/673, Lx 1.5811, Lu 0.1513, Penalty 0.0777, loss 1.8101
Epoch 12, Batch 529/673, Lx 1.5834, Lu 0.3061, Penalty 0.0655, loss 1.9550
Epoch 12, Batch 530/673, Lx 1.4159, Lu 0.1619, Penalty 0.1062, loss 1.6840
Epoch 12, Batch 531/673, Lx 1.6018, Lu 0.1966, Penalty 0.0421, loss 1.8405
Epoch 12, Batch 532/673, Lx 1.3490, Lu 0.1831, Penalty 0.0602, loss 1.5922
Epoch 12, Batch 533/673, Lx 1.6312, Lu 0.2425, Penalty 0.0945, loss 1.9683
Epoch 12, Batch 534/673, Lx 1.5909, Lu 0.2549, Penalty 0.0876, loss 1.9335
Epoch 12, Batch 535/673, Lx 1.2292, Lu 0.1414, Penalty 0.0704, loss 1.4410
Epoch 12, Batch 536/673, Lx 1.3796, Lu 0.1667, Penalty 0.0394, loss 1.5857
Epoch 12, Batch 537/673, Lx 1.5639, Lu 0.1783, Penalty 0.1861, loss 1.9283
Epoch 12, Batch 538/673, Lx 1.5743, Lu 0.1700, Penalty 0.0999, loss 1.8442
Epoch 12, Batch 539/673, Lx 1.3109, Lu 0.1548, Penalty 0.0906, loss 1.5564
Epoch 12, Batch 540/673, Lx 1.3837, Lu 0.1984, Penalty 0.0757, loss 1.6578
Epoch 12, Batch 541/673, Lx 1.6079, Lu 0.1797, Penalty 0.0927, loss 1.8803
Epoch 12, Batch 542/673, Lx 1.5274, Lu 0.2201, Penalty 0.0650, loss 1.8124
Epoch 12, Batch 543/673, Lx 1.2381, Lu 0.1614, Penalty 0.1030, loss 1.5025
Epoch 12, Batch 544/673, Lx 1.6045, Lu 0.2002, Penalty 0.1022, loss 1.9069
Epoch 12, Batch 545/673, Lx 1.5675, Lu 0.2329, Penalty 0.0556, loss 1.8560
Epoch 12, Batch 546/673, Lx 1.3678, Lu 0.1801, Penalty 0.0809, loss 1.6288
Epoch 12, Batch 547/673, Lx 1.5479, Lu 0.1771, Penalty 0.0514, loss 1.7763
Epoch 12, Batch 548/673, Lx 1.3168, Lu 0.1640, Penalty 0.0657, loss 1.5465
Epoch 12, Batch 549/673, Lx 1.2774, Lu 0.1918, Penalty 0.0558, loss 1.5250
Epoch 12, Batch 550/673, Lx 1.5581, Lu 0.1967, Penalty 0.0904, loss 1.8452
Epoch 12, Batch 551/673, Lx 1.5280, Lu 0.1608, Penalty 0.0686, loss 1.7575
Epoch 12, Batch 552/673, Lx 1.4436, Lu 0.1790, Penalty 0.1224, loss 1.7450
Epoch 12, Batch 553/673, Lx 1.3506, Lu 0.1672, Penalty 0.1537, loss 1.6715
Epoch 12, Batch 554/673, Lx 1.5612, Lu 0.1502, Penalty 0.0861, loss 1.7975
Epoch 12, Batch 555/673, Lx 1.2386, Lu 0.1406, Penalty 0.0616, loss 1.4408
Epoch 12, Batch 556/673, Lx 1.5334, Lu 0.1582, Penalty 0.1200, loss 1.8116
Epoch 12, Batch 557/673, Lx 1.5300, Lu 0.1922, Penalty 0.0633, loss 1.7855
Epoch 12, Batch 558/673, Lx 1.3929, Lu 0.1136, Penalty 0.1227, loss 1.6291
Epoch 12, Batch 559/673, Lx 1.2644, Lu 0.1600, Penalty 0.0804, loss 1.5047
Epoch 12, Batch 560/673, Lx 1.6632, Lu 0.1947, Penalty 0.0760, loss 1.9339
Epoch 12, Batch 561/673, Lx 1.4445, Lu 0.1932, Penalty 0.1436, loss 1.7813
Epoch 12, Batch 562/673, Lx 1.3243, Lu 0.1355, Penalty 0.1101, loss 1.5700
Epoch 12, Batch 563/673, Lx 1.3035, Lu 0.2077, Penalty 0.1325, loss 1.6437
Epoch 12, Batch 564/673, Lx 1.5004, Lu 0.1924, Penalty 0.0986, loss 1.7913
Epoch 12, Batch 565/673, Lx 1.5320, Lu 0.1930, Penalty 0.0973, loss 1.8223
Epoch 12, Batch 566/673, Lx 1.4754, Lu 0.1372, Penalty 0.0882, loss 1.7009
Epoch 12, Batch 567/673, Lx 1.3499, Lu 0.2005, Penalty 0.0925, loss 1.6428
Epoch 12, Batch 568/673, Lx 1.4128, Lu 0.1429, Penalty 0.1354, loss 1.6911
Epoch 12, Batch 569/673, Lx 1.7782, Lu 0.2837, Penalty 0.0658, loss 2.1278
Epoch 12, Batch 570/673, Lx 1.4813, Lu 0.2040, Penalty 0.0530, loss 1.7383
Epoch 12, Batch 571/673, Lx 1.4321, Lu 0.1622, Penalty 0.1085, loss 1.7028
Epoch 12, Batch 572/673, Lx 1.7212, Lu 0.2126, Penalty 0.0625, loss 1.9963
Epoch 12, Batch 573/673, Lx 1.3435, Lu 0.1344, Penalty 0.0579, loss 1.5358
Epoch 12, Batch 574/673, Lx 1.4900, Lu 0.1618, Penalty 0.1377, loss 1.7894
Epoch 12, Batch 575/673, Lx 1.4243, Lu 0.1476, Penalty 0.0383, loss 1.6102
Epoch 12, Batch 576/673, Lx 1.2811, Lu 0.1206, Penalty 0.0587, loss 1.4604
Epoch 12, Batch 577/673, Lx 1.2789, Lu 0.1641, Penalty 0.0540, loss 1.4970
Epoch 12, Batch 578/673, Lx 1.4011, Lu 0.1858, Penalty 0.0994, loss 1.6864
Epoch 12, Batch 579/673, Lx 1.3784, Lu 0.1336, Penalty 0.0937, loss 1.6056
Epoch 12, Batch 580/673, Lx 1.2258, Lu 0.1471, Penalty 0.1741, loss 1.5470
Epoch 12, Batch 581/673, Lx 1.3760, Lu 0.1496, Penalty 0.0834, loss 1.6091
Epoch 12, Batch 582/673, Lx 1.3316, Lu 0.1420, Penalty 0.0862, loss 1.5599
Epoch 12, Batch 583/673, Lx 1.2384, Lu 0.0980, Penalty 0.0889, loss 1.4253
Epoch 12, Batch 584/673, Lx 1.4816, Lu 0.1336, Penalty 0.0935, loss 1.7087
Epoch 12, Batch 585/673, Lx 1.2109, Lu 0.1465, Penalty 0.1337, loss 1.4911
Epoch 12, Batch 586/673, Lx 1.1929, Lu 0.1803, Penalty 0.0629, loss 1.4361
Epoch 12, Batch 587/673, Lx 1.5163, Lu 0.2167, Penalty 0.1042, loss 1.8372
Epoch 12, Batch 588/673, Lx 1.4779, Lu 0.1971, Penalty 0.0984, loss 1.7735
Epoch 12, Batch 589/673, Lx 1.5351, Lu 0.2669, Penalty 0.0810, loss 1.8830
Epoch 12, Batch 590/673, Lx 1.4984, Lu 0.1979, Penalty 0.0524, loss 1.7487
Epoch 12, Batch 591/673, Lx 1.6038, Lu 0.1970, Penalty 0.0734, loss 1.8742
Epoch 12, Batch 592/673, Lx 1.4123, Lu 0.2007, Penalty 0.0903, loss 1.7033
Epoch 12, Batch 593/673, Lx 1.5021, Lu 0.1485, Penalty 0.1175, loss 1.7681
Epoch 12, Batch 594/673, Lx 1.4578, Lu 0.1639, Penalty 0.0864, loss 1.7081
Epoch 12, Batch 595/673, Lx 1.3568, Lu 0.1556, Penalty 0.0601, loss 1.5725
Epoch 12, Batch 596/673, Lx 1.3714, Lu 0.1904, Penalty 0.0936, loss 1.6553
Epoch 12, Batch 597/673, Lx 1.4341, Lu 0.1642, Penalty 0.1074, loss 1.7056
Epoch 12, Batch 598/673, Lx 1.5325, Lu 0.1889, Penalty 0.1460, loss 1.8674
Epoch 12, Batch 599/673, Lx 1.1528, Lu 0.1427, Penalty 0.0899, loss 1.3855
Epoch 12, Batch 600/673, Lx 1.4562, Lu 0.2530, Penalty 0.1038, loss 1.8130
Epoch 12, Batch 601/673, Lx 1.6229, Lu 0.1737, Penalty 0.0461, loss 1.8426
Epoch 12, Batch 602/673, Lx 1.2179, Lu 0.1420, Penalty 0.0947, loss 1.4546
Epoch 12, Batch 603/673, Lx 1.4504, Lu 0.1910, Penalty 0.1272, loss 1.7686
Epoch 12, Batch 604/673, Lx 1.3243, Lu 0.1448, Penalty 0.0524, loss 1.5215
Epoch 12, Batch 605/673, Lx 1.5609, Lu 0.1857, Penalty 0.0586, loss 1.8052
Epoch 12, Batch 606/673, Lx 1.5766, Lu 0.2338, Penalty 0.0924, loss 1.9028
Epoch 12, Batch 607/673, Lx 1.3753, Lu 0.1195, Penalty 0.1162, loss 1.6109
Epoch 12, Batch 608/673, Lx 1.2812, Lu 0.1840, Penalty 0.0659, loss 1.5311
Epoch 12, Batch 609/673, Lx 1.5127, Lu 0.1671, Penalty 0.1149, loss 1.7947
Epoch 12, Batch 610/673, Lx 1.3582, Lu 0.1310, Penalty 0.0972, loss 1.5864
Epoch 12, Batch 611/673, Lx 1.3953, Lu 0.1847, Penalty 0.1228, loss 1.7027
Epoch 12, Batch 612/673, Lx 1.4010, Lu 0.1771, Penalty 0.1272, loss 1.7053
Epoch 12, Batch 613/673, Lx 1.2574, Lu 0.1543, Penalty 0.0848, loss 1.4965
Epoch 12, Batch 614/673, Lx 1.4871, Lu 0.1535, Penalty 0.0854, loss 1.7260
Epoch 12, Batch 615/673, Lx 1.4934, Lu 0.1764, Penalty 0.0711, loss 1.7409
Epoch 12, Batch 616/673, Lx 1.3510, Lu 0.1792, Penalty 0.0784, loss 1.6086
Epoch 12, Batch 617/673, Lx 1.3899, Lu 0.1874, Penalty 0.0803, loss 1.6576
Epoch 12, Batch 618/673, Lx 1.4680, Lu 0.1669, Penalty 0.1026, loss 1.7376
Epoch 12, Batch 619/673, Lx 1.5083, Lu 0.1675, Penalty 0.0995, loss 1.7753
Epoch 12, Batch 620/673, Lx 1.2986, Lu 0.1224, Penalty 0.1707, loss 1.5917
Epoch 12, Batch 621/673, Lx 1.3084, Lu 0.1529, Penalty 0.1707, loss 1.6321
Epoch 12, Batch 622/673, Lx 1.3096, Lu 0.1618, Penalty 0.0499, loss 1.5212
Epoch 12, Batch 623/673, Lx 1.1275, Lu 0.1911, Penalty 0.1261, loss 1.4447
Epoch 12, Batch 624/673, Lx 1.3562, Lu 0.1628, Penalty 0.1165, loss 1.6354
Epoch 12, Batch 625/673, Lx 1.3806, Lu 0.2350, Penalty 0.0506, loss 1.6662
Epoch 12, Batch 626/673, Lx 1.3825, Lu 0.2142, Penalty 0.1375, loss 1.7342
Epoch 12, Batch 627/673, Lx 1.4969, Lu 0.2238, Penalty 0.1020, loss 1.8228
Epoch 12, Batch 628/673, Lx 1.2761, Lu 0.1622, Penalty 0.0770, loss 1.5153
Epoch 12, Batch 629/673, Lx 1.4057, Lu 0.1450, Penalty 0.0724, loss 1.6230
Epoch 12, Batch 630/673, Lx 1.5231, Lu 0.2153, Penalty 0.1069, loss 1.8453
Epoch 12, Batch 631/673, Lx 1.4265, Lu 0.2209, Penalty 0.0511, loss 1.6985
Epoch 12, Batch 632/673, Lx 1.2925, Lu 0.1425, Penalty 0.1358, loss 1.5708
Epoch 12, Batch 633/673, Lx 1.3772, Lu 0.1768, Penalty 0.1387, loss 1.6928
Epoch 12, Batch 634/673, Lx 1.5859, Lu 0.2109, Penalty 0.0548, loss 1.8517
Epoch 12, Batch 635/673, Lx 1.4741, Lu 0.1855, Penalty 0.0872, loss 1.7468
Epoch 12, Batch 636/673, Lx 1.4682, Lu 0.1843, Penalty 0.0877, loss 1.7402
Epoch 12, Batch 637/673, Lx 1.4126, Lu 0.1494, Penalty 0.1368, loss 1.6988
Epoch 12, Batch 638/673, Lx 1.2534, Lu 0.1670, Penalty 0.1000, loss 1.5204
Epoch 12, Batch 639/673, Lx 1.5358, Lu 0.1204, Penalty 0.0994, loss 1.7556
Epoch 12, Batch 640/673, Lx 1.4100, Lu 0.1643, Penalty 0.0854, loss 1.6597
Epoch 12, Batch 641/673, Lx 1.3899, Lu 0.2671, Penalty 0.1042, loss 1.7612
Epoch 12, Batch 642/673, Lx 1.2711, Lu 0.1475, Penalty 0.0883, loss 1.5069
Epoch 12, Batch 643/673, Lx 1.3283, Lu 0.1567, Penalty 0.0918, loss 1.5768
Epoch 12, Batch 644/673, Lx 1.4012, Lu 0.1644, Penalty 0.0840, loss 1.6496
Epoch 12, Batch 645/673, Lx 1.3337, Lu 0.1515, Penalty 0.0862, loss 1.5714
Epoch 12, Batch 646/673, Lx 1.2261, Lu 0.1201, Penalty 0.1647, loss 1.5109
Epoch 12, Batch 647/673, Lx 1.3943, Lu 0.1361, Penalty 0.0932, loss 1.6236
Epoch 12, Batch 648/673, Lx 1.5115, Lu 0.1851, Penalty 0.0750, loss 1.7716
Epoch 12, Batch 649/673, Lx 1.3916, Lu 0.1536, Penalty 0.0924, loss 1.6376
Epoch 12, Batch 650/673, Lx 1.4722, Lu 0.1800, Penalty 0.0519, loss 1.7042
Epoch 12, Batch 651/673, Lx 1.4056, Lu 0.1910, Penalty 0.0759, loss 1.6725
Epoch 12, Batch 652/673, Lx 1.6037, Lu 0.2175, Penalty 0.0815, loss 1.9027
Epoch 12, Batch 653/673, Lx 1.5114, Lu 0.1964, Penalty 0.0850, loss 1.7928
Epoch 12, Batch 654/673, Lx 1.2159, Lu 0.1983, Penalty 0.1169, loss 1.5312
Epoch 12, Batch 655/673, Lx 1.3686, Lu 0.1388, Penalty 0.0945, loss 1.6019
Epoch 12, Batch 656/673, Lx 1.5326, Lu 0.2276, Penalty 0.1144, loss 1.8745
Epoch 12, Batch 657/673, Lx 1.4112, Lu 0.1442, Penalty 0.1499, loss 1.7054
Epoch 12, Batch 658/673, Lx 1.3479, Lu 0.1496, Penalty 0.1007, loss 1.5982
Epoch 12, Batch 659/673, Lx 1.4852, Lu 0.1737, Penalty 0.1405, loss 1.7994
Epoch 12, Batch 660/673, Lx 1.4133, Lu 0.1590, Penalty 0.1591, loss 1.7314
Epoch 12, Batch 661/673, Lx 1.4741, Lu 0.1636, Penalty 0.0837, loss 1.7214
Epoch 12, Batch 662/673, Lx 1.4701, Lu 0.1305, Penalty 0.1115, loss 1.7121
Epoch 12, Batch 663/673, Lx 1.3455, Lu 0.1794, Penalty 0.1098, loss 1.6346
Epoch 12, Batch 664/673, Lx 1.4630, Lu 0.1727, Penalty 0.0614, loss 1.6971
Epoch 12, Batch 665/673, Lx 1.2825, Lu 0.1383, Penalty 0.0688, loss 1.4896
Epoch 12, Batch 666/673, Lx 1.3493, Lu 0.1324, Penalty 0.1009, loss 1.5826
Epoch 12, Batch 667/673, Lx 1.4418, Lu 0.1695, Penalty 0.0906, loss 1.7019
Epoch 12, Batch 668/673, Lx 1.3128, Lu 0.1510, Penalty 0.1044, loss 1.5682
Epoch 12, Batch 669/673, Lx 1.4340, Lu 0.2436, Penalty 0.0867, loss 1.7643
Epoch 12, Batch 670/673, Lx 1.1015, Lu 0.1541, Penalty 0.0694, loss 1.3250
Epoch 12, Batch 671/673, Lx 1.1140, Lu 0.1441, Penalty 0.0869, loss 1.3449
Epoch 12, Batch 672/673, Lx 1.3563, Lu 0.1283, Penalty 0.1108, loss 1.5953
Epoch 12, Batch 673/673, Lx 1.2008, Lu 0.1198, Penalty 0.1421, loss 1.4626
Loss: 1.6928, Lx: 1.4241, Lu: 0.1728, Penalty: 0.0959
Evaluating training data at epoch 12 for Model 1
GMM Means: [0.22442451 0.56128643]
GMM Covariances: [0.0095788  0.01958903]
Evaluating training data at epoch 12 for Model 2
GMM Means: [0.63023107 0.23943495]
GMM Covariances: [0.02033195 0.01372774]
Evaluating models at epoch 12
Test data size: 60000
Epoch: 12, Test Loss: 1.6398, Test Accuracy: 0.4460, Test F1 Score: 0.4036
Training for Network 1
labelled data size: 31542
unlabelled data size: 10458
Epoch 13, Batch 1/986, Lx 1.8548, Lu 0.2176, Penalty 0.0612, loss 2.1335
Epoch 13, Batch 2/986, Lx 1.8024, Lu 0.2964, Penalty 0.0682, loss 2.1670
Epoch 13, Batch 3/986, Lx 1.8326, Lu 0.3338, Penalty 0.0520, loss 2.2184
Epoch 13, Batch 4/986, Lx 1.6367, Lu 0.1885, Penalty 0.0901, loss 1.9153
Epoch 13, Batch 5/986, Lx 1.7700, Lu 0.2805, Penalty 0.0715, loss 2.1220
Epoch 13, Batch 6/986, Lx 1.6314, Lu 0.2071, Penalty 0.1101, loss 1.9486
Epoch 13, Batch 7/986, Lx 1.7500, Lu 0.1689, Penalty 0.0422, loss 1.9611
Epoch 13, Batch 8/986, Lx 1.6568, Lu 0.1854, Penalty 0.1555, loss 1.9977
Epoch 13, Batch 9/986, Lx 1.6604, Lu 0.2596, Penalty 0.0879, loss 2.0079
Epoch 13, Batch 10/986, Lx 1.3333, Lu 0.1579, Penalty 0.0748, loss 1.5660
Epoch 13, Batch 11/986, Lx 1.6884, Lu 0.1862, Penalty 0.1296, loss 2.0042
Epoch 13, Batch 12/986, Lx 1.7568, Lu 0.2151, Penalty 0.0920, loss 2.0638
Epoch 13, Batch 13/986, Lx 1.6786, Lu 0.2199, Penalty 0.1264, loss 2.0249
Epoch 13, Batch 14/986, Lx 1.7918, Lu 0.2704, Penalty 0.0710, loss 2.1332
Epoch 13, Batch 15/986, Lx 2.0180, Lu 0.2166, Penalty 0.1104, loss 2.3450
Epoch 13, Batch 16/986, Lx 1.6974, Lu 0.1619, Penalty 0.0837, loss 1.9430
Epoch 13, Batch 17/986, Lx 1.6885, Lu 0.1800, Penalty 0.0914, loss 1.9599
Epoch 13, Batch 18/986, Lx 1.8094, Lu 0.2527, Penalty 0.1155, loss 2.1776
Epoch 13, Batch 19/986, Lx 1.8038, Lu 0.2181, Penalty 0.1185, loss 2.1405
Epoch 13, Batch 20/986, Lx 1.5406, Lu 0.2381, Penalty 0.0704, loss 1.8490
Epoch 13, Batch 21/986, Lx 1.8502, Lu 0.2883, Penalty 0.0724, loss 2.2110
Epoch 13, Batch 22/986, Lx 1.9753, Lu 0.2149, Penalty 0.0486, loss 2.2387
Epoch 13, Batch 23/986, Lx 1.7139, Lu 0.1641, Penalty 0.0883, loss 1.9664
Epoch 13, Batch 24/986, Lx 1.7628, Lu 0.2317, Penalty 0.0494, loss 2.0438
Epoch 13, Batch 25/986, Lx 1.7011, Lu 0.1918, Penalty 0.0825, loss 1.9754
Epoch 13, Batch 26/986, Lx 1.6840, Lu 0.1887, Penalty 0.0823, loss 1.9550
Epoch 13, Batch 27/986, Lx 1.6846, Lu 0.1376, Penalty 0.0817, loss 1.9039
Epoch 13, Batch 28/986, Lx 1.6953, Lu 0.2562, Penalty 0.0726, loss 2.0241
Epoch 13, Batch 29/986, Lx 1.8345, Lu 0.1776, Penalty 0.1180, loss 2.1301
Epoch 13, Batch 30/986, Lx 1.7334, Lu 0.1936, Penalty 0.1017, loss 2.0286
Epoch 13, Batch 31/986, Lx 1.8240, Lu 0.2145, Penalty 0.1031, loss 2.1417
Epoch 13, Batch 32/986, Lx 1.7553, Lu 0.2569, Penalty 0.0754, loss 2.0876
Epoch 13, Batch 33/986, Lx 1.7224, Lu 0.1824, Penalty 0.0583, loss 1.9631
Epoch 13, Batch 34/986, Lx 1.8390, Lu 0.2252, Penalty 0.0848, loss 2.1490
Epoch 13, Batch 35/986, Lx 1.6945, Lu 0.2852, Penalty 0.1611, loss 2.1409
Epoch 13, Batch 36/986, Lx 1.6589, Lu 0.2595, Penalty 0.0729, loss 1.9913
Epoch 13, Batch 37/986, Lx 1.6558, Lu 0.1399, Penalty 0.1156, loss 1.9113
Epoch 13, Batch 38/986, Lx 1.8475, Lu 0.1541, Penalty 0.0671, loss 2.0687
Epoch 13, Batch 39/986, Lx 1.6364, Lu 0.1865, Penalty 0.1157, loss 1.9386
Epoch 13, Batch 40/986, Lx 1.9333, Lu 0.1349, Penalty 0.1059, loss 2.1741
Epoch 13, Batch 41/986, Lx 1.7906, Lu 0.1753, Penalty 0.0851, loss 2.0510
Epoch 13, Batch 42/986, Lx 1.5496, Lu 0.1456, Penalty 0.1400, loss 1.8351
Epoch 13, Batch 43/986, Lx 1.7105, Lu 0.1863, Penalty 0.0865, loss 1.9833
Epoch 13, Batch 44/986, Lx 1.5375, Lu 0.1407, Penalty 0.0654, loss 1.7436
Epoch 13, Batch 45/986, Lx 1.7386, Lu 0.1750, Penalty 0.0752, loss 1.9888
Epoch 13, Batch 46/986, Lx 1.6367, Lu 0.1335, Penalty 0.0772, loss 1.8474
Epoch 13, Batch 47/986, Lx 1.6627, Lu 0.1698, Penalty 0.1291, loss 1.9616
Epoch 13, Batch 48/986, Lx 1.7007, Lu 0.1790, Penalty 0.1516, loss 2.0313
Epoch 13, Batch 49/986, Lx 1.5514, Lu 0.1532, Penalty 0.1113, loss 1.8159
Epoch 13, Batch 50/986, Lx 1.7814, Lu 0.3437, Penalty 0.0560, loss 2.1811
Epoch 13, Batch 51/986, Lx 1.9872, Lu 0.1682, Penalty 0.0783, loss 2.2337
Epoch 13, Batch 52/986, Lx 1.5694, Lu 0.1148, Penalty 0.1127, loss 1.7968
Epoch 13, Batch 53/986, Lx 1.7298, Lu 0.1890, Penalty 0.0918, loss 2.0107
Epoch 13, Batch 54/986, Lx 1.7486, Lu 0.2342, Penalty 0.0460, loss 2.0288
Epoch 13, Batch 55/986, Lx 1.6326, Lu 0.1278, Penalty 0.0920, loss 1.8525
Epoch 13, Batch 56/986, Lx 1.7887, Lu 0.1743, Penalty 0.0578, loss 2.0208
Epoch 13, Batch 57/986, Lx 1.6222, Lu 0.1718, Penalty 0.1193, loss 1.9133
Epoch 13, Batch 58/986, Lx 1.5807, Lu 0.1737, Penalty 0.0806, loss 1.8350
Epoch 13, Batch 59/986, Lx 1.5833, Lu 0.1377, Penalty 0.0437, loss 1.7647
Epoch 13, Batch 60/986, Lx 1.7810, Lu 0.2643, Penalty 0.0943, loss 2.1396
Epoch 13, Batch 61/986, Lx 1.9242, Lu 0.2254, Penalty 0.0712, loss 2.2207
Epoch 13, Batch 62/986, Lx 1.9320, Lu 0.2029, Penalty 0.0722, loss 2.2071
Epoch 13, Batch 63/986, Lx 1.8331, Lu 0.1277, Penalty 0.1505, loss 2.1113
Epoch 13, Batch 64/986, Lx 2.0054, Lu 0.1842, Penalty 0.0914, loss 2.2810
Epoch 13, Batch 65/986, Lx 1.6768, Lu 0.2021, Penalty 0.1417, loss 2.0205
Epoch 13, Batch 66/986, Lx 1.8188, Lu 0.3142, Penalty 0.0378, loss 2.1708
Epoch 13, Batch 67/986, Lx 1.7945, Lu 0.2886, Penalty 0.1127, loss 2.1957
Epoch 13, Batch 68/986, Lx 1.6221, Lu 0.1326, Penalty 0.1029, loss 1.8577
Epoch 13, Batch 69/986, Lx 1.7608, Lu 0.2333, Penalty 0.1468, loss 2.1409
Epoch 13, Batch 70/986, Lx 1.7766, Lu 0.2957, Penalty 0.0584, loss 2.1307
Epoch 13, Batch 71/986, Lx 1.7228, Lu 0.2567, Penalty 0.0630, loss 2.0424
Epoch 13, Batch 72/986, Lx 1.8537, Lu 0.2003, Penalty 0.0998, loss 2.1538
Epoch 13, Batch 73/986, Lx 1.6658, Lu 0.1774, Penalty 0.1104, loss 1.9537
Epoch 13, Batch 74/986, Lx 1.7897, Lu 0.1750, Penalty 0.0673, loss 2.0320
Epoch 13, Batch 75/986, Lx 1.5937, Lu 0.2507, Penalty 0.0723, loss 1.9167
Epoch 13, Batch 76/986, Lx 1.7603, Lu 0.2092, Penalty 0.0648, loss 2.0343
Epoch 13, Batch 77/986, Lx 1.6866, Lu 0.1318, Penalty 0.1097, loss 1.9281
Epoch 13, Batch 78/986, Lx 1.7394, Lu 0.1431, Penalty 0.0793, loss 1.9619
Epoch 13, Batch 79/986, Lx 1.7248, Lu 0.2183, Penalty 0.0361, loss 1.9792
Epoch 13, Batch 80/986, Lx 1.6489, Lu 0.1345, Penalty 0.1037, loss 1.8871
Epoch 13, Batch 81/986, Lx 1.7873, Lu 0.2342, Penalty 0.0944, loss 2.1159
Epoch 13, Batch 82/986, Lx 1.6962, Lu 0.2468, Penalty 0.0572, loss 2.0001
Epoch 13, Batch 83/986, Lx 1.7740, Lu 0.1407, Penalty 0.0657, loss 1.9804
Epoch 13, Batch 84/986, Lx 1.6757, Lu 0.2256, Penalty 0.0659, loss 1.9671
Epoch 13, Batch 85/986, Lx 1.8140, Lu 0.2220, Penalty 0.0675, loss 2.1034
Epoch 13, Batch 86/986, Lx 1.6733, Lu 0.1990, Penalty 0.1000, loss 1.9722
Epoch 13, Batch 87/986, Lx 1.8853, Lu 0.2153, Penalty 0.0435, loss 2.1441
Epoch 13, Batch 88/986, Lx 1.6174, Lu 0.2280, Penalty 0.1517, loss 1.9971
Epoch 13, Batch 89/986, Lx 1.8292, Lu 0.1676, Penalty 0.0825, loss 2.0793
Epoch 13, Batch 90/986, Lx 1.8399, Lu 0.2562, Penalty 0.1184, loss 2.2146
Epoch 13, Batch 91/986, Lx 1.7983, Lu 0.2370, Penalty 0.1275, loss 2.1628
Epoch 13, Batch 92/986, Lx 1.8917, Lu 0.2078, Penalty 0.0916, loss 2.1911
Epoch 13, Batch 93/986, Lx 1.7336, Lu 0.1928, Penalty 0.0803, loss 2.0067
Epoch 13, Batch 94/986, Lx 1.6017, Lu 0.1482, Penalty 0.1237, loss 1.8736
Epoch 13, Batch 95/986, Lx 1.7203, Lu 0.1889, Penalty 0.0799, loss 1.9891
Epoch 13, Batch 96/986, Lx 1.6301, Lu 0.2005, Penalty 0.0986, loss 1.9291
Epoch 13, Batch 97/986, Lx 1.9281, Lu 0.1982, Penalty 0.1082, loss 2.2344
Epoch 13, Batch 98/986, Lx 1.7728, Lu 0.2594, Penalty 0.1043, loss 2.1365
Epoch 13, Batch 99/986, Lx 1.6745, Lu 0.2387, Penalty 0.0665, loss 1.9797
Epoch 13, Batch 100/986, Lx 1.5574, Lu 0.1558, Penalty 0.0719, loss 1.7851
Epoch 13, Batch 101/986, Lx 1.8807, Lu 0.2489, Penalty 0.0568, loss 2.1864
Epoch 13, Batch 102/986, Lx 1.7235, Lu 0.1650, Penalty 0.1296, loss 2.0181
Epoch 13, Batch 103/986, Lx 1.8143, Lu 0.1693, Penalty 0.0771, loss 2.0607
Epoch 13, Batch 104/986, Lx 1.9376, Lu 0.2163, Penalty 0.0646, loss 2.2185
Epoch 13, Batch 105/986, Lx 1.7308, Lu 0.2298, Penalty 0.1225, loss 2.0831
Epoch 13, Batch 106/986, Lx 1.6810, Lu 0.2617, Penalty 0.0410, loss 1.9837
Epoch 13, Batch 107/986, Lx 1.8469, Lu 0.3020, Penalty 0.0937, loss 2.2425
Epoch 13, Batch 108/986, Lx 1.8331, Lu 0.2416, Penalty 0.0942, loss 2.1689
Epoch 13, Batch 109/986, Lx 1.4968, Lu 0.1553, Penalty 0.0733, loss 1.7254
Epoch 13, Batch 110/986, Lx 1.5839, Lu 0.1693, Penalty 0.1275, loss 1.8807
Epoch 13, Batch 111/986, Lx 1.8069, Lu 0.1588, Penalty 0.0681, loss 2.0338
Epoch 13, Batch 112/986, Lx 1.7964, Lu 0.2561, Penalty 0.0595, loss 2.1120
Epoch 13, Batch 113/986, Lx 1.6005, Lu 0.1671, Penalty 0.1255, loss 1.8931
Epoch 13, Batch 114/986, Lx 1.6579, Lu 0.1635, Penalty 0.1126, loss 1.9340
Epoch 13, Batch 115/986, Lx 1.6060, Lu 0.1325, Penalty 0.0550, loss 1.7935
Epoch 13, Batch 116/986, Lx 1.8351, Lu 0.1589, Penalty 0.0877, loss 2.0816
Epoch 13, Batch 117/986, Lx 1.7330, Lu 0.2467, Penalty 0.0635, loss 2.0433
Epoch 13, Batch 118/986, Lx 1.8179, Lu 0.1736, Penalty 0.0710, loss 2.0624
Epoch 13, Batch 119/986, Lx 1.7367, Lu 0.2348, Penalty 0.1381, loss 2.1096
Epoch 13, Batch 120/986, Lx 1.8756, Lu 0.1265, Penalty 0.0912, loss 2.0934
Epoch 13, Batch 121/986, Lx 1.7255, Lu 0.2509, Penalty 0.1080, loss 2.0845
Epoch 13, Batch 122/986, Lx 1.9266, Lu 0.2900, Penalty 0.0696, loss 2.2862
Epoch 13, Batch 123/986, Lx 1.6610, Lu 0.1603, Penalty 0.0738, loss 1.8951
Epoch 13, Batch 124/986, Lx 1.7237, Lu 0.1656, Penalty 0.0933, loss 1.9827
Epoch 13, Batch 125/986, Lx 1.6282, Lu 0.1466, Penalty 0.1407, loss 1.9155
Epoch 13, Batch 126/986, Lx 1.6859, Lu 0.2478, Penalty 0.0711, loss 2.0047
Epoch 13, Batch 127/986, Lx 1.8457, Lu 0.2084, Penalty 0.0633, loss 2.1174
Epoch 13, Batch 128/986, Lx 1.7410, Lu 0.2290, Penalty 0.1063, loss 2.0763
Epoch 13, Batch 129/986, Lx 1.6728, Lu 0.2165, Penalty 0.1077, loss 1.9969
Epoch 13, Batch 130/986, Lx 1.6284, Lu 0.2702, Penalty 0.1443, loss 2.0428
Epoch 13, Batch 131/986, Lx 1.7416, Lu 0.1509, Penalty 0.1155, loss 2.0079
Epoch 13, Batch 132/986, Lx 1.8542, Lu 0.2097, Penalty 0.0886, loss 2.1525
Epoch 13, Batch 133/986, Lx 1.9250, Lu 0.1820, Penalty 0.1506, loss 2.2575
Epoch 13, Batch 134/986, Lx 1.7157, Lu 0.2152, Penalty 0.1136, loss 2.0445
Epoch 13, Batch 135/986, Lx 1.7076, Lu 0.1272, Penalty 0.1126, loss 1.9475
Epoch 13, Batch 136/986, Lx 1.7535, Lu 0.1407, Penalty 0.1257, loss 2.0200
Epoch 13, Batch 137/986, Lx 1.6260, Lu 0.1702, Penalty 0.1523, loss 1.9484
Epoch 13, Batch 138/986, Lx 1.6522, Lu 0.1438, Penalty 0.0601, loss 1.8560
Epoch 13, Batch 139/986, Lx 1.8122, Lu 0.2516, Penalty 0.0654, loss 2.1291
Epoch 13, Batch 140/986, Lx 1.8308, Lu 0.1973, Penalty 0.1015, loss 2.1296
Epoch 13, Batch 141/986, Lx 1.9468, Lu 0.2753, Penalty 0.0356, loss 2.2576
Epoch 13, Batch 142/986, Lx 1.6550, Lu 0.2080, Penalty 0.0601, loss 1.9232
Epoch 13, Batch 143/986, Lx 1.6652, Lu 0.1672, Penalty 0.0930, loss 1.9254
Epoch 13, Batch 144/986, Lx 1.5934, Lu 0.2176, Penalty 0.1416, loss 1.9526
Epoch 13, Batch 145/986, Lx 1.7065, Lu 0.2297, Penalty 0.0788, loss 2.0149
Epoch 13, Batch 146/986, Lx 1.8438, Lu 0.2210, Penalty 0.0560, loss 2.1208
Epoch 13, Batch 147/986, Lx 1.8346, Lu 0.2536, Penalty 0.0705, loss 2.1586
Epoch 13, Batch 148/986, Lx 1.6716, Lu 0.2614, Penalty 0.0510, loss 1.9839
Epoch 13, Batch 149/986, Lx 1.5255, Lu 0.1316, Penalty 0.0437, loss 1.7007
Epoch 13, Batch 150/986, Lx 1.7557, Lu 0.2227, Penalty 0.0500, loss 2.0284
Epoch 13, Batch 151/986, Lx 1.7923, Lu 0.2675, Penalty 0.0726, loss 2.1324
Epoch 13, Batch 152/986, Lx 1.5000, Lu 0.1439, Penalty 0.0421, loss 1.6860
Epoch 13, Batch 153/986, Lx 1.7198, Lu 0.1179, Penalty 0.0489, loss 1.8866
Epoch 13, Batch 154/986, Lx 1.6861, Lu 0.2136, Penalty 0.0381, loss 1.9378
Epoch 13, Batch 155/986, Lx 1.9316, Lu 0.1776, Penalty 0.0602, loss 2.1694
Epoch 13, Batch 156/986, Lx 1.9018, Lu 0.2752, Penalty 0.1233, loss 2.3003
Epoch 13, Batch 157/986, Lx 1.6710, Lu 0.1816, Penalty 0.1724, loss 2.0250
Epoch 13, Batch 158/986, Lx 1.6976, Lu 0.1628, Penalty 0.0664, loss 1.9269
Epoch 13, Batch 159/986, Lx 1.4249, Lu 0.1336, Penalty 0.0974, loss 1.6559
Epoch 13, Batch 160/986, Lx 1.5834, Lu 0.1214, Penalty 0.1226, loss 1.8274
Epoch 13, Batch 161/986, Lx 1.6857, Lu 0.2229, Penalty 0.0764, loss 1.9849
Epoch 13, Batch 162/986, Lx 1.6114, Lu 0.2226, Penalty 0.1252, loss 1.9592
Epoch 13, Batch 163/986, Lx 1.7715, Lu 0.2517, Penalty 0.0976, loss 2.1207
Epoch 13, Batch 164/986, Lx 1.5511, Lu 0.1277, Penalty 0.0910, loss 1.7698
Epoch 13, Batch 165/986, Lx 1.4746, Lu 0.2068, Penalty 0.0410, loss 1.7225
Epoch 13, Batch 166/986, Lx 1.6883, Lu 0.2127, Penalty 0.0668, loss 1.9677
Epoch 13, Batch 167/986, Lx 1.5998, Lu 0.1892, Penalty 0.1033, loss 1.8923
Epoch 13, Batch 168/986, Lx 1.6247, Lu 0.1647, Penalty 0.1460, loss 1.9354
Epoch 13, Batch 169/986, Lx 1.6512, Lu 0.1656, Penalty 0.1104, loss 1.9273
Epoch 13, Batch 170/986, Lx 1.7277, Lu 0.2444, Penalty 0.0603, loss 2.0323
Epoch 13, Batch 171/986, Lx 1.6824, Lu 0.2299, Penalty 0.0616, loss 1.9739
Epoch 13, Batch 172/986, Lx 1.9623, Lu 0.3208, Penalty 0.0653, loss 2.3485
Epoch 13, Batch 173/986, Lx 1.6963, Lu 0.2146, Penalty 0.0570, loss 1.9679
Epoch 13, Batch 174/986, Lx 1.7727, Lu 0.2274, Penalty 0.0699, loss 2.0700
Epoch 13, Batch 175/986, Lx 1.6942, Lu 0.1622, Penalty 0.0731, loss 1.9295
Epoch 13, Batch 176/986, Lx 1.8456, Lu 0.2673, Penalty 0.1016, loss 2.2146
Epoch 13, Batch 177/986, Lx 1.5049, Lu 0.1325, Penalty 0.0701, loss 1.7075
Epoch 13, Batch 178/986, Lx 1.7887, Lu 0.2364, Penalty 0.0963, loss 2.1214
Epoch 13, Batch 179/986, Lx 1.5722, Lu 0.1708, Penalty 0.0608, loss 1.8039
Epoch 13, Batch 180/986, Lx 1.6720, Lu 0.1616, Penalty 0.0963, loss 1.9299
Epoch 13, Batch 181/986, Lx 1.6106, Lu 0.1757, Penalty 0.0790, loss 1.8653
Epoch 13, Batch 182/986, Lx 1.9798, Lu 0.2403, Penalty 0.0630, loss 2.2832
Epoch 13, Batch 183/986, Lx 1.6500, Lu 0.1629, Penalty 0.0546, loss 1.8674
Epoch 13, Batch 184/986, Lx 1.8330, Lu 0.1716, Penalty 0.0997, loss 2.1044
Epoch 13, Batch 185/986, Lx 1.6082, Lu 0.1673, Penalty 0.0499, loss 1.8255
Epoch 13, Batch 186/986, Lx 1.7308, Lu 0.0964, Penalty 0.1201, loss 1.9473
Epoch 13, Batch 187/986, Lx 1.6978, Lu 0.1354, Penalty 0.0866, loss 1.9199
Epoch 13, Batch 188/986, Lx 1.4761, Lu 0.1206, Penalty 0.1401, loss 1.7368
Epoch 13, Batch 189/986, Lx 2.0128, Lu 0.2405, Penalty 0.1113, loss 2.3646
Epoch 13, Batch 190/986, Lx 1.9583, Lu 0.2679, Penalty 0.0747, loss 2.3008
Epoch 13, Batch 191/986, Lx 1.7494, Lu 0.1855, Penalty 0.0735, loss 2.0083
Epoch 13, Batch 192/986, Lx 1.8190, Lu 0.1670, Penalty 0.0576, loss 2.0435
Epoch 13, Batch 193/986, Lx 1.8455, Lu 0.2258, Penalty 0.0596, loss 2.1309
Epoch 13, Batch 194/986, Lx 1.6687, Lu 0.1535, Penalty 0.1276, loss 1.9498
Epoch 13, Batch 195/986, Lx 1.6448, Lu 0.2190, Penalty 0.1288, loss 1.9925
Epoch 13, Batch 196/986, Lx 1.7511, Lu 0.2647, Penalty 0.1516, loss 2.1673
Epoch 13, Batch 197/986, Lx 1.5546, Lu 0.1438, Penalty 0.0713, loss 1.7697
Epoch 13, Batch 198/986, Lx 1.7934, Lu 0.1984, Penalty 0.0793, loss 2.0711
Epoch 13, Batch 199/986, Lx 1.4999, Lu 0.2007, Penalty 0.0863, loss 1.7868
Epoch 13, Batch 200/986, Lx 1.6314, Lu 0.1920, Penalty 0.0292, loss 1.8527
Epoch 13, Batch 201/986, Lx 1.7469, Lu 0.1748, Penalty 0.0942, loss 2.0159
Epoch 13, Batch 202/986, Lx 1.7174, Lu 0.1816, Penalty 0.0859, loss 1.9848
Epoch 13, Batch 203/986, Lx 1.8587, Lu 0.1806, Penalty 0.0897, loss 2.1291
Epoch 13, Batch 204/986, Lx 1.7424, Lu 0.1808, Penalty 0.0670, loss 1.9902
Epoch 13, Batch 205/986, Lx 1.7709, Lu 0.1838, Penalty 0.0791, loss 2.0338
Epoch 13, Batch 206/986, Lx 1.6666, Lu 0.1448, Penalty 0.0796, loss 1.8910
Epoch 13, Batch 207/986, Lx 1.8072, Lu 0.2437, Penalty 0.0557, loss 2.1066
Epoch 13, Batch 208/986, Lx 1.4986, Lu 0.1395, Penalty 0.0638, loss 1.7019
Epoch 13, Batch 209/986, Lx 1.9345, Lu 0.2022, Penalty 0.1359, loss 2.2726
Epoch 13, Batch 210/986, Lx 1.7162, Lu 0.2291, Penalty 0.0777, loss 2.0230
Epoch 13, Batch 211/986, Lx 1.6822, Lu 0.1435, Penalty 0.0609, loss 1.8865
Epoch 13, Batch 212/986, Lx 1.6809, Lu 0.1908, Penalty 0.0676, loss 1.9392
Epoch 13, Batch 213/986, Lx 1.7577, Lu 0.1896, Penalty 0.0482, loss 1.9955
Epoch 13, Batch 214/986, Lx 1.8957, Lu 0.1916, Penalty 0.0738, loss 2.1610
Epoch 13, Batch 215/986, Lx 1.5486, Lu 0.1465, Penalty 0.1213, loss 1.8164
Epoch 13, Batch 216/986, Lx 1.7894, Lu 0.1769, Penalty 0.0677, loss 2.0341
Epoch 13, Batch 217/986, Lx 1.6398, Lu 0.1990, Penalty 0.0834, loss 1.9222
Epoch 13, Batch 218/986, Lx 1.6463, Lu 0.1623, Penalty 0.1567, loss 1.9652
Epoch 13, Batch 219/986, Lx 1.6291, Lu 0.1522, Penalty 0.1085, loss 1.8897
Epoch 13, Batch 220/986, Lx 1.6785, Lu 0.2794, Penalty 0.1020, loss 2.0599
Epoch 13, Batch 221/986, Lx 1.6683, Lu 0.1824, Penalty 0.1158, loss 1.9666
Epoch 13, Batch 222/986, Lx 1.6814, Lu 0.1856, Penalty 0.1499, loss 2.0168
Epoch 13, Batch 223/986, Lx 1.7316, Lu 0.1425, Penalty 0.0976, loss 1.9717
Epoch 13, Batch 224/986, Lx 1.4828, Lu 0.1148, Penalty 0.2053, loss 1.8029
Epoch 13, Batch 225/986, Lx 1.7121, Lu 0.1927, Penalty 0.1002, loss 2.0050
Epoch 13, Batch 226/986, Lx 1.6868, Lu 0.2381, Penalty 0.0353, loss 1.9601
Epoch 13, Batch 227/986, Lx 1.5437, Lu 0.1362, Penalty 0.0675, loss 1.7475
Epoch 13, Batch 228/986, Lx 1.6119, Lu 0.2095, Penalty 0.1346, loss 1.9560
Epoch 13, Batch 229/986, Lx 1.5338, Lu 0.1884, Penalty 0.1014, loss 1.8236
Epoch 13, Batch 230/986, Lx 1.6477, Lu 0.1562, Penalty 0.0864, loss 1.8902
Epoch 13, Batch 231/986, Lx 1.8481, Lu 0.2524, Penalty 0.1485, loss 2.2489
Epoch 13, Batch 232/986, Lx 1.6932, Lu 0.1562, Penalty 0.0964, loss 1.9459
Epoch 13, Batch 233/986, Lx 1.7208, Lu 0.2044, Penalty 0.0619, loss 1.9871
Epoch 13, Batch 234/986, Lx 1.9244, Lu 0.2621, Penalty 0.0353, loss 2.2217
Epoch 13, Batch 235/986, Lx 1.7448, Lu 0.2510, Penalty 0.0725, loss 2.0683
Epoch 13, Batch 236/986, Lx 1.7316, Lu 0.1765, Penalty 0.0722, loss 1.9803
Epoch 13, Batch 237/986, Lx 1.8608, Lu 0.2545, Penalty 0.0809, loss 2.1962
Epoch 13, Batch 238/986, Lx 1.6408, Lu 0.2765, Penalty 0.0677, loss 1.9850
Epoch 13, Batch 239/986, Lx 1.8823, Lu 0.3615, Penalty 0.0665, loss 2.3103
Epoch 13, Batch 240/986, Lx 1.9808, Lu 0.1845, Penalty 0.1058, loss 2.2712
Epoch 13, Batch 241/986, Lx 1.6713, Lu 0.1579, Penalty 0.0771, loss 1.9063
Epoch 13, Batch 242/986, Lx 1.6493, Lu 0.2416, Penalty 0.1035, loss 1.9945
Epoch 13, Batch 243/986, Lx 1.7127, Lu 0.2449, Penalty 0.0624, loss 2.0200
Epoch 13, Batch 244/986, Lx 1.7819, Lu 0.2754, Penalty 0.0571, loss 2.1144
Epoch 13, Batch 245/986, Lx 1.4990, Lu 0.1332, Penalty 0.1027, loss 1.7349
Epoch 13, Batch 246/986, Lx 1.6982, Lu 0.2288, Penalty 0.0576, loss 1.9845
Epoch 13, Batch 247/986, Lx 1.5915, Lu 0.2439, Penalty 0.1642, loss 1.9996
Epoch 13, Batch 248/986, Lx 1.6457, Lu 0.1234, Penalty 0.1450, loss 1.9141
Epoch 13, Batch 249/986, Lx 1.7348, Lu 0.1471, Penalty 0.1405, loss 2.0224
Epoch 13, Batch 250/986, Lx 1.5108, Lu 0.1406, Penalty 0.0498, loss 1.7012
Epoch 13, Batch 251/986, Lx 1.6721, Lu 0.2305, Penalty 0.0525, loss 1.9552
Epoch 13, Batch 252/986, Lx 1.6261, Lu 0.1860, Penalty 0.1166, loss 1.9287
Epoch 13, Batch 253/986, Lx 1.7302, Lu 0.1969, Penalty 0.0915, loss 2.0186
Epoch 13, Batch 254/986, Lx 1.7995, Lu 0.2607, Penalty 0.1102, loss 2.1705
Epoch 13, Batch 255/986, Lx 1.6996, Lu 0.1527, Penalty 0.1019, loss 1.9542
Epoch 13, Batch 256/986, Lx 1.8579, Lu 0.1709, Penalty 0.0570, loss 2.0858
Epoch 13, Batch 257/986, Lx 1.6229, Lu 0.2317, Penalty 0.0511, loss 1.9056
Epoch 13, Batch 258/986, Lx 1.7176, Lu 0.2075, Penalty 0.0840, loss 2.0091
Epoch 13, Batch 259/986, Lx 1.7119, Lu 0.1512, Penalty 0.0555, loss 1.9186
Epoch 13, Batch 260/986, Lx 1.9653, Lu 0.3128, Penalty 0.0919, loss 2.3700
Epoch 13, Batch 261/986, Lx 1.5655, Lu 0.2418, Penalty 0.0484, loss 1.8557
Epoch 13, Batch 262/986, Lx 1.8241, Lu 0.1674, Penalty 0.0518, loss 2.0433
Epoch 13, Batch 263/986, Lx 1.9218, Lu 0.2447, Penalty 0.0844, loss 2.2508
Epoch 13, Batch 264/986, Lx 1.7183, Lu 0.1690, Penalty 0.1000, loss 1.9873
Epoch 13, Batch 265/986, Lx 1.7340, Lu 0.1902, Penalty 0.1714, loss 2.0956
Epoch 13, Batch 266/986, Lx 1.5743, Lu 0.2327, Penalty 0.1089, loss 1.9160
Epoch 13, Batch 267/986, Lx 1.8358, Lu 0.2305, Penalty 0.1098, loss 2.1761
Epoch 13, Batch 268/986, Lx 1.8736, Lu 0.2135, Penalty 0.1838, loss 2.2709
Epoch 13, Batch 269/986, Lx 1.7568, Lu 0.2371, Penalty 0.0561, loss 2.0500
Epoch 13, Batch 270/986, Lx 1.5889, Lu 0.1550, Penalty 0.0919, loss 1.8357
Epoch 13, Batch 271/986, Lx 1.6088, Lu 0.1735, Penalty 0.1002, loss 1.8825
Epoch 13, Batch 272/986, Lx 1.5836, Lu 0.1817, Penalty 0.0637, loss 1.8290
Epoch 13, Batch 273/986, Lx 1.6314, Lu 0.1282, Penalty 0.1197, loss 1.8793
Epoch 13, Batch 274/986, Lx 1.5947, Lu 0.1602, Penalty 0.1272, loss 1.8822
Epoch 13, Batch 275/986, Lx 1.6774, Lu 0.2983, Penalty 0.1373, loss 2.1130
Epoch 13, Batch 276/986, Lx 1.7021, Lu 0.1735, Penalty 0.0563, loss 1.9319
Epoch 13, Batch 277/986, Lx 1.8666, Lu 0.2739, Penalty 0.0652, loss 2.2057
Epoch 13, Batch 278/986, Lx 1.6044, Lu 0.1799, Penalty 0.0936, loss 1.8779
Epoch 13, Batch 279/986, Lx 1.7027, Lu 0.2247, Penalty 0.0489, loss 1.9764
Epoch 13, Batch 280/986, Lx 1.7671, Lu 0.1663, Penalty 0.0748, loss 2.0082
Epoch 13, Batch 281/986, Lx 1.8138, Lu 0.2829, Penalty 0.0752, loss 2.1719
Epoch 13, Batch 282/986, Lx 1.6582, Lu 0.2593, Penalty 0.0458, loss 1.9633
Epoch 13, Batch 283/986, Lx 1.7296, Lu 0.2593, Penalty 0.0881, loss 2.0771
Epoch 13, Batch 284/986, Lx 1.6270, Lu 0.1880, Penalty 0.0584, loss 1.8734
Epoch 13, Batch 285/986, Lx 1.6847, Lu 0.2610, Penalty 0.0676, loss 2.0134
Epoch 13, Batch 286/986, Lx 1.6272, Lu 0.1727, Penalty 0.0813, loss 1.8812
Epoch 13, Batch 287/986, Lx 1.8394, Lu 0.1875, Penalty 0.0616, loss 2.0885
Epoch 13, Batch 288/986, Lx 1.7613, Lu 0.1898, Penalty 0.1362, loss 2.0874
Epoch 13, Batch 289/986, Lx 1.6255, Lu 0.1620, Penalty 0.1513, loss 1.9387
Epoch 13, Batch 290/986, Lx 1.7871, Lu 0.2170, Penalty 0.1074, loss 2.1115
Epoch 13, Batch 291/986, Lx 1.8002, Lu 0.2138, Penalty 0.0731, loss 2.0870
Epoch 13, Batch 292/986, Lx 1.5501, Lu 0.1634, Penalty 0.0830, loss 1.7965
Epoch 13, Batch 293/986, Lx 1.6661, Lu 0.2397, Penalty 0.0983, loss 2.0041
Epoch 13, Batch 294/986, Lx 1.4381, Lu 0.1235, Penalty 0.1369, loss 1.6985
Epoch 13, Batch 295/986, Lx 1.6882, Lu 0.1634, Penalty 0.1117, loss 1.9634
Epoch 13, Batch 296/986, Lx 1.5916, Lu 0.1462, Penalty 0.0886, loss 1.8263
Epoch 13, Batch 297/986, Lx 1.6422, Lu 0.1682, Penalty 0.0907, loss 1.9011
Epoch 13, Batch 298/986, Lx 1.9253, Lu 0.2774, Penalty 0.0598, loss 2.2625
Epoch 13, Batch 299/986, Lx 2.0817, Lu 0.2558, Penalty 0.0591, loss 2.3965
Epoch 13, Batch 300/986, Lx 1.7823, Lu 0.2888, Penalty 0.0377, loss 2.1088
Epoch 13, Batch 301/986, Lx 1.8479, Lu 0.2018, Penalty 0.1050, loss 2.1547
Epoch 13, Batch 302/986, Lx 1.6613, Lu 0.1811, Penalty 0.0451, loss 1.8875
Epoch 13, Batch 303/986, Lx 1.6728, Lu 0.1795, Penalty 0.1041, loss 1.9564
Epoch 13, Batch 304/986, Lx 1.7625, Lu 0.2446, Penalty 0.0373, loss 2.0445
Epoch 13, Batch 305/986, Lx 1.9811, Lu 0.2438, Penalty 0.1367, loss 2.3616
Epoch 13, Batch 306/986, Lx 1.4491, Lu 0.1535, Penalty 0.0670, loss 1.6696
Epoch 13, Batch 307/986, Lx 2.0149, Lu 0.2053, Penalty 0.0558, loss 2.2760
Epoch 13, Batch 308/986, Lx 1.4896, Lu 0.1839, Penalty 0.0717, loss 1.7453
Epoch 13, Batch 309/986, Lx 1.7969, Lu 0.2677, Penalty 0.1117, loss 2.1763
Epoch 13, Batch 310/986, Lx 1.4770, Lu 0.1652, Penalty 0.0917, loss 1.7338
Epoch 13, Batch 311/986, Lx 1.5994, Lu 0.1914, Penalty 0.0772, loss 1.8680
Epoch 13, Batch 312/986, Lx 1.8917, Lu 0.1510, Penalty 0.0914, loss 2.1341
Epoch 13, Batch 313/986, Lx 1.6865, Lu 0.1570, Penalty 0.1357, loss 1.9792
Epoch 13, Batch 314/986, Lx 1.8147, Lu 0.1580, Penalty 0.0562, loss 2.0289
Epoch 13, Batch 315/986, Lx 1.6744, Lu 0.1884, Penalty 0.0541, loss 1.9169
Epoch 13, Batch 316/986, Lx 1.6716, Lu 0.2116, Penalty 0.0763, loss 1.9595
Epoch 13, Batch 317/986, Lx 1.9155, Lu 0.1213, Penalty 0.0741, loss 2.1109
Epoch 13, Batch 318/986, Lx 1.7031, Lu 0.2124, Penalty 0.0775, loss 1.9929
Epoch 13, Batch 319/986, Lx 1.4027, Lu 0.1460, Penalty 0.1214, loss 1.6701
Epoch 13, Batch 320/986, Lx 1.7497, Lu 0.2280, Penalty 0.1338, loss 2.1114
Epoch 13, Batch 321/986, Lx 1.7555, Lu 0.1500, Penalty 0.0613, loss 1.9669
Epoch 13, Batch 322/986, Lx 1.6325, Lu 0.2294, Penalty 0.0641, loss 1.9260
Epoch 13, Batch 323/986, Lx 1.4807, Lu 0.1237, Penalty 0.1044, loss 1.7088
Epoch 13, Batch 324/986, Lx 1.7330, Lu 0.1796, Penalty 0.0779, loss 1.9906
Epoch 13, Batch 325/986, Lx 1.7251, Lu 0.1793, Penalty 0.1294, loss 2.0338
Epoch 13, Batch 326/986, Lx 1.7569, Lu 0.2722, Penalty 0.1178, loss 2.1470
Epoch 13, Batch 327/986, Lx 1.6181, Lu 0.2654, Penalty 0.1131, loss 1.9966
Epoch 13, Batch 328/986, Lx 1.6903, Lu 0.1914, Penalty 0.0775, loss 1.9593
Epoch 13, Batch 329/986, Lx 1.7723, Lu 0.1592, Penalty 0.0781, loss 2.0097
Epoch 13, Batch 330/986, Lx 1.8107, Lu 0.1022, Penalty 0.1525, loss 2.0654
Epoch 13, Batch 331/986, Lx 1.5114, Lu 0.1461, Penalty 0.1221, loss 1.7796
Epoch 13, Batch 332/986, Lx 1.9208, Lu 0.2382, Penalty 0.0510, loss 2.2099
Epoch 13, Batch 333/986, Lx 1.6973, Lu 0.1093, Penalty 0.1216, loss 1.9281
Epoch 13, Batch 334/986, Lx 1.8186, Lu 0.1784, Penalty 0.0964, loss 2.0934
Epoch 13, Batch 335/986, Lx 1.7224, Lu 0.2061, Penalty 0.0734, loss 2.0019
Epoch 13, Batch 336/986, Lx 1.6154, Lu 0.1922, Penalty 0.0404, loss 1.8481
Epoch 13, Batch 337/986, Lx 1.9748, Lu 0.3271, Penalty 0.0599, loss 2.3618
Epoch 13, Batch 338/986, Lx 1.6228, Lu 0.1409, Penalty 0.0831, loss 1.8468
Epoch 13, Batch 339/986, Lx 1.7358, Lu 0.1981, Penalty 0.1211, loss 2.0550
Epoch 13, Batch 340/986, Lx 1.8042, Lu 0.1397, Penalty 0.0649, loss 2.0088
Epoch 13, Batch 341/986, Lx 1.4416, Lu 0.1263, Penalty 0.0877, loss 1.6556
Epoch 13, Batch 342/986, Lx 1.7629, Lu 0.2393, Penalty 0.1173, loss 2.1196
Epoch 13, Batch 343/986, Lx 1.6578, Lu 0.2014, Penalty 0.0836, loss 1.9428
Epoch 13, Batch 344/986, Lx 1.6982, Lu 0.2460, Penalty 0.1106, loss 2.0548
Epoch 13, Batch 345/986, Lx 1.7479, Lu 0.1805, Penalty 0.0614, loss 1.9898
Epoch 13, Batch 346/986, Lx 1.6441, Lu 0.1942, Penalty 0.0670, loss 1.9053
Epoch 13, Batch 347/986, Lx 1.7688, Lu 0.2010, Penalty 0.0898, loss 2.0597
Epoch 13, Batch 348/986, Lx 1.7305, Lu 0.2216, Penalty 0.0680, loss 2.0202
Epoch 13, Batch 349/986, Lx 1.7108, Lu 0.1835, Penalty 0.0729, loss 1.9673
Epoch 13, Batch 350/986, Lx 1.6313, Lu 0.1448, Penalty 0.1112, loss 1.8872
Epoch 13, Batch 351/986, Lx 1.7601, Lu 0.1850, Penalty 0.1093, loss 2.0544
Epoch 13, Batch 352/986, Lx 1.5351, Lu 0.1561, Penalty 0.0511, loss 1.7424
Epoch 13, Batch 353/986, Lx 1.7857, Lu 0.2178, Penalty 0.0897, loss 2.0932
Epoch 13, Batch 354/986, Lx 1.7203, Lu 0.2134, Penalty 0.0850, loss 2.0187
Epoch 13, Batch 355/986, Lx 1.6825, Lu 0.1443, Penalty 0.1035, loss 1.9303
Epoch 13, Batch 356/986, Lx 1.6939, Lu 0.1400, Penalty 0.1607, loss 1.9946
Epoch 13, Batch 357/986, Lx 1.6842, Lu 0.1995, Penalty 0.0644, loss 1.9481
Epoch 13, Batch 358/986, Lx 1.5340, Lu 0.1510, Penalty 0.0866, loss 1.7716
Epoch 13, Batch 359/986, Lx 1.5352, Lu 0.1657, Penalty 0.0452, loss 1.7461
Epoch 13, Batch 360/986, Lx 1.7851, Lu 0.1286, Penalty 0.1035, loss 2.0171
Epoch 13, Batch 361/986, Lx 1.6181, Lu 0.2194, Penalty 0.0926, loss 1.9301
Epoch 13, Batch 362/986, Lx 1.9125, Lu 0.1923, Penalty 0.0633, loss 2.1681
Epoch 13, Batch 363/986, Lx 1.7004, Lu 0.1453, Penalty 0.0297, loss 1.8754
Epoch 13, Batch 364/986, Lx 1.7215, Lu 0.2464, Penalty 0.1197, loss 2.0877
Epoch 13, Batch 365/986, Lx 1.7915, Lu 0.3134, Penalty 0.0880, loss 2.1930
Epoch 13, Batch 366/986, Lx 1.6247, Lu 0.1903, Penalty 0.0747, loss 1.8897
Epoch 13, Batch 367/986, Lx 1.7437, Lu 0.2391, Penalty 0.0559, loss 2.0387
Epoch 13, Batch 368/986, Lx 1.8935, Lu 0.2215, Penalty 0.0895, loss 2.2045
Epoch 13, Batch 369/986, Lx 1.7175, Lu 0.2285, Penalty 0.0753, loss 2.0213
Epoch 13, Batch 370/986, Lx 1.8180, Lu 0.2789, Penalty 0.0456, loss 2.1426
Epoch 13, Batch 371/986, Lx 1.7085, Lu 0.1900, Penalty 0.0722, loss 1.9707
Epoch 13, Batch 372/986, Lx 1.6440, Lu 0.1683, Penalty 0.0853, loss 1.8976
Epoch 13, Batch 373/986, Lx 1.8526, Lu 0.1194, Penalty 0.1061, loss 2.0782
Epoch 13, Batch 374/986, Lx 1.7439, Lu 0.2219, Penalty 0.0497, loss 2.0155
Epoch 13, Batch 375/986, Lx 1.7761, Lu 0.1716, Penalty 0.1013, loss 2.0490
Epoch 13, Batch 376/986, Lx 1.5360, Lu 0.1524, Penalty 0.1081, loss 1.7965
Epoch 13, Batch 377/986, Lx 1.7227, Lu 0.1270, Penalty 0.0732, loss 1.9229
Epoch 13, Batch 378/986, Lx 1.7121, Lu 0.2304, Penalty 0.0912, loss 2.0337
Epoch 13, Batch 379/986, Lx 1.8524, Lu 0.2492, Penalty 0.0602, loss 2.1618
Epoch 13, Batch 380/986, Lx 1.5952, Lu 0.2125, Penalty 0.1683, loss 1.9760
Epoch 13, Batch 381/986, Lx 1.7952, Lu 0.1600, Penalty 0.1155, loss 2.0707
Epoch 13, Batch 382/986, Lx 1.8742, Lu 0.2141, Penalty 0.1059, loss 2.1942
Epoch 13, Batch 383/986, Lx 1.8372, Lu 0.1890, Penalty 0.0939, loss 2.1201
Epoch 13, Batch 384/986, Lx 1.8003, Lu 0.1743, Penalty 0.0989, loss 2.0736
Epoch 13, Batch 385/986, Lx 1.9104, Lu 0.1921, Penalty 0.0822, loss 2.1847
Epoch 13, Batch 386/986, Lx 1.5399, Lu 0.1683, Penalty 0.0681, loss 1.7763
Epoch 13, Batch 387/986, Lx 1.6995, Lu 0.2644, Penalty 0.0876, loss 2.0515
Epoch 13, Batch 388/986, Lx 1.8910, Lu 0.3023, Penalty 0.0446, loss 2.2379
Epoch 13, Batch 389/986, Lx 1.5445, Lu 0.1962, Penalty 0.1036, loss 1.8444
Epoch 13, Batch 390/986, Lx 1.5312, Lu 0.1567, Penalty 0.1075, loss 1.7954
Epoch 13, Batch 391/986, Lx 1.7797, Lu 0.2188, Penalty 0.0551, loss 2.0536
Epoch 13, Batch 392/986, Lx 1.7293, Lu 0.2110, Penalty 0.0406, loss 1.9809
Epoch 13, Batch 393/986, Lx 1.7058, Lu 0.1765, Penalty 0.0953, loss 1.9776
Epoch 13, Batch 394/986, Lx 1.7692, Lu 0.1761, Penalty 0.0586, loss 2.0039
Epoch 13, Batch 395/986, Lx 1.8921, Lu 0.2471, Penalty 0.0493, loss 2.1884
Epoch 13, Batch 396/986, Lx 1.6649, Lu 0.2177, Penalty 0.0318, loss 1.9144
Epoch 13, Batch 397/986, Lx 1.8082, Lu 0.2114, Penalty 0.1198, loss 2.1394
Epoch 13, Batch 398/986, Lx 1.7683, Lu 0.2375, Penalty 0.0550, loss 2.0609
Epoch 13, Batch 399/986, Lx 1.7511, Lu 0.1655, Penalty 0.0606, loss 1.9772
Epoch 13, Batch 400/986, Lx 1.7923, Lu 0.2046, Penalty 0.1054, loss 2.1023
Epoch 13, Batch 401/986, Lx 1.6634, Lu 0.1940, Penalty 0.0410, loss 1.8985
Epoch 13, Batch 402/986, Lx 1.7879, Lu 0.1763, Penalty 0.1144, loss 2.0786
Epoch 13, Batch 403/986, Lx 1.6169, Lu 0.1311, Penalty 0.0858, loss 1.8339
Epoch 13, Batch 404/986, Lx 1.6699, Lu 0.1954, Penalty 0.0701, loss 1.9355
Epoch 13, Batch 405/986, Lx 1.6834, Lu 0.2454, Penalty 0.0812, loss 2.0100
Epoch 13, Batch 406/986, Lx 1.8643, Lu 0.1425, Penalty 0.0879, loss 2.0948
Epoch 13, Batch 407/986, Lx 1.8179, Lu 0.2565, Penalty 0.0768, loss 2.1513
Epoch 13, Batch 408/986, Lx 1.8950, Lu 0.1340, Penalty 0.1263, loss 2.1554
Epoch 13, Batch 409/986, Lx 1.5464, Lu 0.1201, Penalty 0.0981, loss 1.7645
Epoch 13, Batch 410/986, Lx 1.9838, Lu 0.2177, Penalty 0.0955, loss 2.2969
Epoch 13, Batch 411/986, Lx 1.6704, Lu 0.1694, Penalty 0.0689, loss 1.9086
Epoch 13, Batch 412/986, Lx 1.8504, Lu 0.1586, Penalty 0.0449, loss 2.0539
Epoch 13, Batch 413/986, Lx 1.6804, Lu 0.1880, Penalty 0.0650, loss 1.9334
Epoch 13, Batch 414/986, Lx 1.6183, Lu 0.1627, Penalty 0.0732, loss 1.8542
Epoch 13, Batch 415/986, Lx 1.8347, Lu 0.2206, Penalty 0.0694, loss 2.1246
Epoch 13, Batch 416/986, Lx 1.8879, Lu 0.2353, Penalty 0.0607, loss 2.1839
Epoch 13, Batch 417/986, Lx 1.9773, Lu 0.2432, Penalty 0.1037, loss 2.3242
Epoch 13, Batch 418/986, Lx 1.7599, Lu 0.2058, Penalty 0.1176, loss 2.0833
Epoch 13, Batch 419/986, Lx 1.5631, Lu 0.1504, Penalty 0.0710, loss 1.7845
Epoch 13, Batch 420/986, Lx 1.8641, Lu 0.2420, Penalty 0.0778, loss 2.1839
Epoch 13, Batch 421/986, Lx 1.9807, Lu 0.3264, Penalty 0.0712, loss 2.3782
Epoch 13, Batch 422/986, Lx 1.7100, Lu 0.2178, Penalty 0.1122, loss 2.0399
Epoch 13, Batch 423/986, Lx 1.4814, Lu 0.1263, Penalty 0.0584, loss 1.6662
Epoch 13, Batch 424/986, Lx 1.9863, Lu 0.1929, Penalty 0.0606, loss 2.2398
Epoch 13, Batch 425/986, Lx 1.7272, Lu 0.1988, Penalty 0.0635, loss 1.9895
Epoch 13, Batch 426/986, Lx 1.5857, Lu 0.2044, Penalty 0.1179, loss 1.9079
Epoch 13, Batch 427/986, Lx 1.6458, Lu 0.1476, Penalty 0.1009, loss 1.8943
Epoch 13, Batch 428/986, Lx 1.6486, Lu 0.1638, Penalty 0.0640, loss 1.8763
Epoch 13, Batch 429/986, Lx 1.5934, Lu 0.1591, Penalty 0.1200, loss 1.8725
Epoch 13, Batch 430/986, Lx 1.7461, Lu 0.1559, Penalty 0.0649, loss 1.9669
Epoch 13, Batch 431/986, Lx 1.4671, Lu 0.1767, Penalty 0.0974, loss 1.7413
Epoch 13, Batch 432/986, Lx 1.8459, Lu 0.1912, Penalty 0.0527, loss 2.0898
Epoch 13, Batch 433/986, Lx 1.5334, Lu 0.1202, Penalty 0.1254, loss 1.7790
Epoch 13, Batch 434/986, Lx 1.8160, Lu 0.1839, Penalty 0.0726, loss 2.0725
Epoch 13, Batch 435/986, Lx 1.7666, Lu 0.1840, Penalty 0.0800, loss 2.0306
Epoch 13, Batch 436/986, Lx 1.5951, Lu 0.1758, Penalty 0.0451, loss 1.8160
Epoch 13, Batch 437/986, Lx 1.6566, Lu 0.1646, Penalty 0.0372, loss 1.8584
Epoch 13, Batch 438/986, Lx 1.7833, Lu 0.1454, Penalty 0.0500, loss 1.9788
Epoch 13, Batch 439/986, Lx 1.8261, Lu 0.2175, Penalty 0.0926, loss 2.1362
Epoch 13, Batch 440/986, Lx 1.8657, Lu 0.1932, Penalty 0.0831, loss 2.1421
Epoch 13, Batch 441/986, Lx 1.6871, Lu 0.2386, Penalty 0.0808, loss 2.0064
Epoch 13, Batch 442/986, Lx 1.6053, Lu 0.1726, Penalty 0.0932, loss 1.8712
Epoch 13, Batch 443/986, Lx 1.7363, Lu 0.2108, Penalty 0.1094, loss 2.0566
Epoch 13, Batch 444/986, Lx 1.6500, Lu 0.1640, Penalty 0.0966, loss 1.9106
Epoch 13, Batch 445/986, Lx 1.9355, Lu 0.1728, Penalty 0.0604, loss 2.1687
Epoch 13, Batch 446/986, Lx 1.7344, Lu 0.1638, Penalty 0.0895, loss 1.9877
Epoch 13, Batch 447/986, Lx 1.7645, Lu 0.2358, Penalty 0.0843, loss 2.0846
Epoch 13, Batch 448/986, Lx 1.6251, Lu 0.1441, Penalty 0.0998, loss 1.8690
Epoch 13, Batch 449/986, Lx 1.8694, Lu 0.2529, Penalty 0.2015, loss 2.3238
Epoch 13, Batch 450/986, Lx 1.8243, Lu 0.2769, Penalty 0.0658, loss 2.1670
Epoch 13, Batch 451/986, Lx 1.9696, Lu 0.3133, Penalty 0.0399, loss 2.3229
Epoch 13, Batch 452/986, Lx 1.7798, Lu 0.1570, Penalty 0.0837, loss 2.0205
Epoch 13, Batch 453/986, Lx 1.7986, Lu 0.2496, Penalty 0.0963, loss 2.1446
Epoch 13, Batch 454/986, Lx 1.8330, Lu 0.1604, Penalty 0.0594, loss 2.0528
Epoch 13, Batch 455/986, Lx 1.5048, Lu 0.1544, Penalty 0.1112, loss 1.7704
Epoch 13, Batch 456/986, Lx 1.7858, Lu 0.2775, Penalty 0.0578, loss 2.1212
Epoch 13, Batch 457/986, Lx 1.8041, Lu 0.2185, Penalty 0.0965, loss 2.1191
Epoch 13, Batch 458/986, Lx 1.6721, Lu 0.1529, Penalty 0.0625, loss 1.8875
Epoch 13, Batch 459/986, Lx 1.6596, Lu 0.1947, Penalty 0.1370, loss 1.9913
Epoch 13, Batch 460/986, Lx 1.7875, Lu 0.1578, Penalty 0.0480, loss 1.9933
Epoch 13, Batch 461/986, Lx 1.7020, Lu 0.1742, Penalty 0.0458, loss 1.9219
Epoch 13, Batch 462/986, Lx 1.6984, Lu 0.2437, Penalty 0.0704, loss 2.0126
Epoch 13, Batch 463/986, Lx 1.7684, Lu 0.1469, Penalty 0.0969, loss 2.0122
Epoch 13, Batch 464/986, Lx 1.8445, Lu 0.2640, Penalty 0.1117, loss 2.2203
Epoch 13, Batch 465/986, Lx 1.7027, Lu 0.1307, Penalty 0.1422, loss 1.9757
Epoch 13, Batch 466/986, Lx 1.8151, Lu 0.2005, Penalty 0.0460, loss 2.0616
Epoch 13, Batch 467/986, Lx 1.5923, Lu 0.1374, Penalty 0.1044, loss 1.8341
Epoch 13, Batch 468/986, Lx 1.6612, Lu 0.2356, Penalty 0.1462, loss 2.0430
Epoch 13, Batch 469/986, Lx 1.6598, Lu 0.1760, Penalty 0.0646, loss 1.9004
Epoch 13, Batch 470/986, Lx 1.8937, Lu 0.1496, Penalty 0.1101, loss 2.1534
Epoch 13, Batch 471/986, Lx 1.7267, Lu 0.2331, Penalty 0.1084, loss 2.0682
Epoch 13, Batch 472/986, Lx 1.7316, Lu 0.2759, Penalty 0.0611, loss 2.0685
Epoch 13, Batch 473/986, Lx 1.8056, Lu 0.1921, Penalty 0.0934, loss 2.0910
Epoch 13, Batch 474/986, Lx 1.7679, Lu 0.2247, Penalty 0.0629, loss 2.0555
Epoch 13, Batch 475/986, Lx 1.9141, Lu 0.2566, Penalty 0.0594, loss 2.2301
Epoch 13, Batch 476/986, Lx 1.4245, Lu 0.1042, Penalty 0.1336, loss 1.6622
Epoch 13, Batch 477/986, Lx 1.7051, Lu 0.2787, Penalty 0.1060, loss 2.0898
Epoch 13, Batch 478/986, Lx 1.9830, Lu 0.1887, Penalty 0.0534, loss 2.2250
Epoch 13, Batch 479/986, Lx 1.5211, Lu 0.1652, Penalty 0.0705, loss 1.7568
Epoch 13, Batch 480/986, Lx 1.6122, Lu 0.1560, Penalty 0.0719, loss 1.8402
Epoch 13, Batch 481/986, Lx 1.7176, Lu 0.1652, Penalty 0.0797, loss 1.9625
Epoch 13, Batch 482/986, Lx 1.7620, Lu 0.3085, Penalty 0.1270, loss 2.1975
Epoch 13, Batch 483/986, Lx 1.3184, Lu 0.1224, Penalty 0.1620, loss 1.6027
Epoch 13, Batch 484/986, Lx 1.7244, Lu 0.2224, Penalty 0.0985, loss 2.0453
Epoch 13, Batch 485/986, Lx 1.6814, Lu 0.1163, Penalty 0.1081, loss 1.9059
Epoch 13, Batch 486/986, Lx 1.6763, Lu 0.1340, Penalty 0.0999, loss 1.9101
Epoch 13, Batch 487/986, Lx 1.6882, Lu 0.2211, Penalty 0.1001, loss 2.0095
Epoch 13, Batch 488/986, Lx 1.8970, Lu 0.2473, Penalty 0.1165, loss 2.2607
Epoch 13, Batch 489/986, Lx 1.8728, Lu 0.1846, Penalty 0.1017, loss 2.1591
Epoch 13, Batch 490/986, Lx 1.6197, Lu 0.2501, Penalty 0.0664, loss 1.9362
Epoch 13, Batch 491/986, Lx 1.8138, Lu 0.2791, Penalty 0.0924, loss 2.1853
Epoch 13, Batch 492/986, Lx 1.7262, Lu 0.2303, Penalty 0.0896, loss 2.0461
Epoch 13, Batch 493/986, Lx 1.6863, Lu 0.2672, Penalty 0.0432, loss 1.9968
Epoch 13, Batch 494/986, Lx 1.7096, Lu 0.1591, Penalty 0.0665, loss 1.9352
Epoch 13, Batch 495/986, Lx 1.7640, Lu 0.2121, Penalty 0.0393, loss 2.0154
Epoch 13, Batch 496/986, Lx 1.7173, Lu 0.1558, Penalty 0.0449, loss 1.9180
Epoch 13, Batch 497/986, Lx 1.8248, Lu 0.1749, Penalty 0.1285, loss 2.1282
Epoch 13, Batch 498/986, Lx 1.6990, Lu 0.1296, Penalty 0.0903, loss 1.9189
Epoch 13, Batch 499/986, Lx 1.9795, Lu 0.3765, Penalty 0.0556, loss 2.4116
Epoch 13, Batch 500/986, Lx 1.8357, Lu 0.2091, Penalty 0.1022, loss 2.1471
Epoch 13, Batch 501/986, Lx 1.7117, Lu 0.1233, Penalty 0.0835, loss 1.9185
Epoch 13, Batch 502/986, Lx 1.7935, Lu 0.1916, Penalty 0.0854, loss 2.0705
Epoch 13, Batch 503/986, Lx 1.7276, Lu 0.1755, Penalty 0.0885, loss 1.9916
Epoch 13, Batch 504/986, Lx 1.8941, Lu 0.1803, Penalty 0.0728, loss 2.1472
Epoch 13, Batch 505/986, Lx 1.6869, Lu 0.1634, Penalty 0.1251, loss 1.9755
Epoch 13, Batch 506/986, Lx 1.4595, Lu 0.1544, Penalty 0.0989, loss 1.7128
Epoch 13, Batch 507/986, Lx 1.7964, Lu 0.1458, Penalty 0.0955, loss 2.0378
Epoch 13, Batch 508/986, Lx 1.6172, Lu 0.1640, Penalty 0.1201, loss 1.9012
Epoch 13, Batch 509/986, Lx 1.7692, Lu 0.1715, Penalty 0.0903, loss 2.0310
Epoch 13, Batch 510/986, Lx 1.5770, Lu 0.1621, Penalty 0.0799, loss 1.8189
Epoch 13, Batch 511/986, Lx 1.6061, Lu 0.1028, Penalty 0.0875, loss 1.7964
Epoch 13, Batch 512/986, Lx 1.8359, Lu 0.2370, Penalty 0.0715, loss 2.1443
Epoch 13, Batch 513/986, Lx 1.6831, Lu 0.1852, Penalty 0.1452, loss 2.0135
Epoch 13, Batch 514/986, Lx 1.7105, Lu 0.1434, Penalty 0.0883, loss 1.9422
Epoch 13, Batch 515/986, Lx 1.8645, Lu 0.2163, Penalty 0.0622, loss 2.1430
Epoch 13, Batch 516/986, Lx 1.5873, Lu 0.2367, Penalty 0.0863, loss 1.9102
Epoch 13, Batch 517/986, Lx 1.7047, Lu 0.1514, Penalty 0.0511, loss 1.9072
Epoch 13, Batch 518/986, Lx 1.9362, Lu 0.1704, Penalty 0.1006, loss 2.2072
Epoch 13, Batch 519/986, Lx 1.8023, Lu 0.2451, Penalty 0.0805, loss 2.1279
Epoch 13, Batch 520/986, Lx 1.5392, Lu 0.1254, Penalty 0.0611, loss 1.7257
Epoch 13, Batch 521/986, Lx 1.6577, Lu 0.1241, Penalty 0.1267, loss 1.9085
Epoch 13, Batch 522/986, Lx 1.6010, Lu 0.1434, Penalty 0.0754, loss 1.8198
Epoch 13, Batch 523/986, Lx 1.7346, Lu 0.2354, Penalty 0.1020, loss 2.0721
Epoch 13, Batch 524/986, Lx 2.0332, Lu 0.2338, Penalty 0.0606, loss 2.3276
Epoch 13, Batch 525/986, Lx 1.8076, Lu 0.2004, Penalty 0.0722, loss 2.0802
Epoch 13, Batch 526/986, Lx 1.5567, Lu 0.1213, Penalty 0.1055, loss 1.7834
Epoch 13, Batch 527/986, Lx 1.9776, Lu 0.2238, Penalty 0.0923, loss 2.2938
Epoch 13, Batch 528/986, Lx 1.6481, Lu 0.2213, Penalty 0.0941, loss 1.9634
Epoch 13, Batch 529/986, Lx 1.8434, Lu 0.2957, Penalty 0.0490, loss 2.1881
Epoch 13, Batch 530/986, Lx 1.6761, Lu 0.2165, Penalty 0.0921, loss 1.9847
Epoch 13, Batch 531/986, Lx 1.7034, Lu 0.2661, Penalty 0.0801, loss 2.0497
Epoch 13, Batch 532/986, Lx 1.6077, Lu 0.1802, Penalty 0.0921, loss 1.8800
Epoch 13, Batch 533/986, Lx 1.8108, Lu 0.2113, Penalty 0.0958, loss 2.1180
Epoch 13, Batch 534/986, Lx 1.8318, Lu 0.1559, Penalty 0.0545, loss 2.0422
Epoch 13, Batch 535/986, Lx 1.8085, Lu 0.2109, Penalty 0.0770, loss 2.0964
Epoch 13, Batch 536/986, Lx 1.5899, Lu 0.2623, Penalty 0.1000, loss 1.9522
Epoch 13, Batch 537/986, Lx 1.8519, Lu 0.2454, Penalty 0.0534, loss 2.1507
Epoch 13, Batch 538/986, Lx 1.6404, Lu 0.2554, Penalty 0.1056, loss 2.0013
Epoch 13, Batch 539/986, Lx 1.7076, Lu 0.2325, Penalty 0.1468, loss 2.0869
Epoch 13, Batch 540/986, Lx 1.6308, Lu 0.1810, Penalty 0.1428, loss 1.9547
Epoch 13, Batch 541/986, Lx 1.4789, Lu 0.1496, Penalty 0.1166, loss 1.7451
Epoch 13, Batch 542/986, Lx 1.7555, Lu 0.2318, Penalty 0.0673, loss 2.0546
Epoch 13, Batch 543/986, Lx 1.8025, Lu 0.1742, Penalty 0.1165, loss 2.0932
Epoch 13, Batch 544/986, Lx 1.7401, Lu 0.1560, Penalty 0.1154, loss 2.0115
Epoch 13, Batch 545/986, Lx 1.7231, Lu 0.1714, Penalty 0.0727, loss 1.9672
Epoch 13, Batch 546/986, Lx 1.6668, Lu 0.1566, Penalty 0.1053, loss 1.9287
Epoch 13, Batch 547/986, Lx 1.7339, Lu 0.2008, Penalty 0.0564, loss 1.9910
Epoch 13, Batch 548/986, Lx 1.7436, Lu 0.1913, Penalty 0.0855, loss 2.0204
Epoch 13, Batch 549/986, Lx 1.7693, Lu 0.1363, Penalty 0.0911, loss 1.9967
Epoch 13, Batch 550/986, Lx 1.8057, Lu 0.2277, Penalty 0.1729, loss 2.2063
Epoch 13, Batch 551/986, Lx 1.7530, Lu 0.2096, Penalty 0.0788, loss 2.0415
Epoch 13, Batch 552/986, Lx 1.7206, Lu 0.2611, Penalty 0.0606, loss 2.0423
Epoch 13, Batch 553/986, Lx 1.7594, Lu 0.1723, Penalty 0.0787, loss 2.0105
Epoch 13, Batch 554/986, Lx 1.8200, Lu 0.2076, Penalty 0.0620, loss 2.0896
Epoch 13, Batch 555/986, Lx 1.3810, Lu 0.1656, Penalty 0.0747, loss 1.6213
Epoch 13, Batch 556/986, Lx 1.6758, Lu 0.2685, Penalty 0.0881, loss 2.0323
Epoch 13, Batch 557/986, Lx 1.6921, Lu 0.1542, Penalty 0.0743, loss 1.9205
Epoch 13, Batch 558/986, Lx 1.7913, Lu 0.1766, Penalty 0.0626, loss 2.0305
Epoch 13, Batch 559/986, Lx 1.6776, Lu 0.1939, Penalty 0.0973, loss 1.9687
Epoch 13, Batch 560/986, Lx 1.7537, Lu 0.2007, Penalty 0.0581, loss 2.0126
Epoch 13, Batch 561/986, Lx 1.5063, Lu 0.1512, Penalty 0.1300, loss 1.7875
Epoch 13, Batch 562/986, Lx 1.7628, Lu 0.1874, Penalty 0.1898, loss 2.1399
Epoch 13, Batch 563/986, Lx 1.7396, Lu 0.1906, Penalty 0.1107, loss 2.0408
Epoch 13, Batch 564/986, Lx 1.5597, Lu 0.1526, Penalty 0.1033, loss 1.8155
Epoch 13, Batch 565/986, Lx 1.7294, Lu 0.1691, Penalty 0.0616, loss 1.9601
Epoch 13, Batch 566/986, Lx 1.6909, Lu 0.1340, Penalty 0.0963, loss 1.9212
Epoch 13, Batch 567/986, Lx 1.8755, Lu 0.1536, Penalty 0.0997, loss 2.1288
Epoch 13, Batch 568/986, Lx 1.8659, Lu 0.2052, Penalty 0.0413, loss 2.1124
Epoch 13, Batch 569/986, Lx 1.6588, Lu 0.2322, Penalty 0.1278, loss 2.0188
Epoch 13, Batch 570/986, Lx 1.5499, Lu 0.1465, Penalty 0.0543, loss 1.7507
Epoch 13, Batch 571/986, Lx 1.7112, Lu 0.1846, Penalty 0.0501, loss 1.9458
Epoch 13, Batch 572/986, Lx 1.4618, Lu 0.1518, Penalty 0.0252, loss 1.6387
Epoch 13, Batch 573/986, Lx 1.5436, Lu 0.1917, Penalty 0.0762, loss 1.8114
Epoch 13, Batch 574/986, Lx 1.8778, Lu 0.2343, Penalty 0.0387, loss 2.1508
Epoch 13, Batch 575/986, Lx 1.6829, Lu 0.2791, Penalty 0.0435, loss 2.0055
Epoch 13, Batch 576/986, Lx 1.7373, Lu 0.1952, Penalty 0.1088, loss 2.0413
Epoch 13, Batch 577/986, Lx 1.6213, Lu 0.1929, Penalty 0.0916, loss 1.9058
Epoch 13, Batch 578/986, Lx 1.7274, Lu 0.2667, Penalty 0.0484, loss 2.0424
Epoch 13, Batch 579/986, Lx 1.6848, Lu 0.1809, Penalty 0.0745, loss 1.9401
Epoch 13, Batch 580/986, Lx 1.7647, Lu 0.1826, Penalty 0.0942, loss 2.0416
Epoch 13, Batch 581/986, Lx 1.7626, Lu 0.1883, Penalty 0.0901, loss 2.0410
Epoch 13, Batch 582/986, Lx 1.7006, Lu 0.1623, Penalty 0.0985, loss 1.9614
Epoch 13, Batch 583/986, Lx 1.7117, Lu 0.1572, Penalty 0.0939, loss 1.9628
Epoch 13, Batch 584/986, Lx 1.6078, Lu 0.2082, Penalty 0.1579, loss 1.9739
Epoch 13, Batch 585/986, Lx 1.6853, Lu 0.1433, Penalty 0.1601, loss 1.9887
Epoch 13, Batch 586/986, Lx 1.6335, Lu 0.2154, Penalty 0.0777, loss 1.9266
Epoch 13, Batch 587/986, Lx 1.8027, Lu 0.2456, Penalty 0.0746, loss 2.1228
Epoch 13, Batch 588/986, Lx 1.8610, Lu 0.2882, Penalty 0.0681, loss 2.2174
Epoch 13, Batch 589/986, Lx 1.8798, Lu 0.2876, Penalty 0.0496, loss 2.2170
Epoch 13, Batch 590/986, Lx 1.8468, Lu 0.2198, Penalty 0.0803, loss 2.1470
Epoch 13, Batch 591/986, Lx 1.8205, Lu 0.2449, Penalty 0.1255, loss 2.1909
Epoch 13, Batch 592/986, Lx 1.5983, Lu 0.1761, Penalty 0.0763, loss 1.8506
Epoch 13, Batch 593/986, Lx 1.8055, Lu 0.2956, Penalty 0.0927, loss 2.1937
Epoch 13, Batch 594/986, Lx 1.8406, Lu 0.1746, Penalty 0.0399, loss 2.0552
Epoch 13, Batch 595/986, Lx 1.5475, Lu 0.1215, Penalty 0.1674, loss 1.8364
Epoch 13, Batch 596/986, Lx 1.5841, Lu 0.1839, Penalty 0.0534, loss 1.8214
Epoch 13, Batch 597/986, Lx 1.6579, Lu 0.1339, Penalty 0.0725, loss 1.8643
Epoch 13, Batch 598/986, Lx 1.3500, Lu 0.1399, Penalty 0.0832, loss 1.5731
Epoch 13, Batch 599/986, Lx 1.5940, Lu 0.1376, Penalty 0.0438, loss 1.7754
Epoch 13, Batch 600/986, Lx 1.7037, Lu 0.2330, Penalty 0.0712, loss 2.0078
Epoch 13, Batch 601/986, Lx 1.8559, Lu 0.2928, Penalty 0.0907, loss 2.2393
Epoch 13, Batch 602/986, Lx 1.8413, Lu 0.1547, Penalty 0.0368, loss 2.0329
Epoch 13, Batch 603/986, Lx 1.5450, Lu 0.1536, Penalty 0.1021, loss 1.8006
Epoch 13, Batch 604/986, Lx 1.6982, Lu 0.2446, Penalty 0.0958, loss 2.0386
Epoch 13, Batch 605/986, Lx 1.6406, Lu 0.2427, Penalty 0.0515, loss 1.9348
Epoch 13, Batch 606/986, Lx 1.8660, Lu 0.1391, Penalty 0.0864, loss 2.0916
Epoch 13, Batch 607/986, Lx 1.7067, Lu 0.2161, Penalty 0.0801, loss 2.0030
Epoch 13, Batch 608/986, Lx 1.6714, Lu 0.2050, Penalty 0.0829, loss 1.9593
Epoch 13, Batch 609/986, Lx 1.7898, Lu 0.1849, Penalty 0.0961, loss 2.0709
Epoch 13, Batch 610/986, Lx 1.7453, Lu 0.2075, Penalty 0.0493, loss 2.0021
Epoch 13, Batch 611/986, Lx 1.3945, Lu 0.1389, Penalty 0.0343, loss 1.5677
Epoch 13, Batch 612/986, Lx 1.6402, Lu 0.1443, Penalty 0.0802, loss 1.8647
Epoch 13, Batch 613/986, Lx 1.8171, Lu 0.1927, Penalty 0.0701, loss 2.0799
Epoch 13, Batch 614/986, Lx 1.6305, Lu 0.1490, Penalty 0.1113, loss 1.8908
Epoch 13, Batch 615/986, Lx 1.9089, Lu 0.0949, Penalty 0.1265, loss 2.1303
Epoch 13, Batch 616/986, Lx 1.6521, Lu 0.1591, Penalty 0.1011, loss 1.9124
Epoch 13, Batch 617/986, Lx 1.7772, Lu 0.1408, Penalty 0.0775, loss 1.9955
Epoch 13, Batch 618/986, Lx 1.8784, Lu 0.2897, Penalty 0.0258, loss 2.1938
Epoch 13, Batch 619/986, Lx 1.6774, Lu 0.1661, Penalty 0.1109, loss 1.9543
Epoch 13, Batch 620/986, Lx 1.6386, Lu 0.1523, Penalty 0.1250, loss 1.9160
Epoch 13, Batch 621/986, Lx 1.7208, Lu 0.1548, Penalty 0.1924, loss 2.0680
Epoch 13, Batch 622/986, Lx 1.8818, Lu 0.2986, Penalty 0.1726, loss 2.3531
Epoch 13, Batch 623/986, Lx 1.5514, Lu 0.1556, Penalty 0.1163, loss 1.8232
Epoch 13, Batch 624/986, Lx 1.7159, Lu 0.1670, Penalty 0.1410, loss 2.0238
Epoch 13, Batch 625/986, Lx 1.7196, Lu 0.1927, Penalty 0.0702, loss 1.9826
Epoch 13, Batch 626/986, Lx 1.6773, Lu 0.2137, Penalty 0.0833, loss 1.9743
Epoch 13, Batch 627/986, Lx 1.6719, Lu 0.1818, Penalty 0.1387, loss 1.9923
Epoch 13, Batch 628/986, Lx 1.6115, Lu 0.1927, Penalty 0.0858, loss 1.8900
Epoch 13, Batch 629/986, Lx 1.7499, Lu 0.1461, Penalty 0.0422, loss 1.9382
Epoch 13, Batch 630/986, Lx 1.8528, Lu 0.1760, Penalty 0.0683, loss 2.0970
Epoch 13, Batch 631/986, Lx 1.6310, Lu 0.1576, Penalty 0.0787, loss 1.8673
Epoch 13, Batch 632/986, Lx 1.9305, Lu 0.1858, Penalty 0.0928, loss 2.2091
Epoch 13, Batch 633/986, Lx 1.5746, Lu 0.1490, Penalty 0.0642, loss 1.7879
Epoch 13, Batch 634/986, Lx 1.6627, Lu 0.2316, Penalty 0.1122, loss 2.0065
Epoch 13, Batch 635/986, Lx 1.6978, Lu 0.1797, Penalty 0.0535, loss 1.9310
Epoch 13, Batch 636/986, Lx 1.8399, Lu 0.2156, Penalty 0.0438, loss 2.0993
Epoch 13, Batch 637/986, Lx 1.8256, Lu 0.3296, Penalty 0.1079, loss 2.2631
Epoch 13, Batch 638/986, Lx 1.4189, Lu 0.1381, Penalty 0.0889, loss 1.6459
Epoch 13, Batch 639/986, Lx 1.7306, Lu 0.1605, Penalty 0.1148, loss 2.0059
Epoch 13, Batch 640/986, Lx 1.7119, Lu 0.1425, Penalty 0.0569, loss 1.9113
Epoch 13, Batch 641/986, Lx 1.5958, Lu 0.1287, Penalty 0.0902, loss 1.8147
Epoch 13, Batch 642/986, Lx 1.5608, Lu 0.1428, Penalty 0.0704, loss 1.7740
Epoch 13, Batch 643/986, Lx 1.7549, Lu 0.1787, Penalty 0.0823, loss 2.0159
Epoch 13, Batch 644/986, Lx 1.8397, Lu 0.1539, Penalty 0.0463, loss 2.0399
Epoch 13, Batch 645/986, Lx 1.7320, Lu 0.1650, Penalty 0.0910, loss 1.9880
Epoch 13, Batch 646/986, Lx 1.5850, Lu 0.1425, Penalty 0.0948, loss 1.8224
Epoch 13, Batch 647/986, Lx 1.7811, Lu 0.2744, Penalty 0.0650, loss 2.1204
Epoch 13, Batch 648/986, Lx 1.6341, Lu 0.1751, Penalty 0.1394, loss 1.9486
Epoch 13, Batch 649/986, Lx 1.9648, Lu 0.1675, Penalty 0.0576, loss 2.1899
Epoch 13, Batch 650/986, Lx 1.8719, Lu 0.2338, Penalty 0.0707, loss 2.1764
Epoch 13, Batch 651/986, Lx 1.5609, Lu 0.2099, Penalty 0.0380, loss 1.8088
Epoch 13, Batch 652/986, Lx 1.7876, Lu 0.2300, Penalty 0.0980, loss 2.1156
Epoch 13, Batch 653/986, Lx 1.7888, Lu 0.1591, Penalty 0.1058, loss 2.0537
Epoch 13, Batch 654/986, Lx 1.8466, Lu 0.1942, Penalty 0.0820, loss 2.1229
Epoch 13, Batch 655/986, Lx 1.6872, Lu 0.1403, Penalty 0.0829, loss 1.9104
Epoch 13, Batch 656/986, Lx 1.7111, Lu 0.1480, Penalty 0.0836, loss 1.9427
Epoch 13, Batch 657/986, Lx 1.8266, Lu 0.1742, Penalty 0.0569, loss 2.0576
Epoch 13, Batch 658/986, Lx 1.7468, Lu 0.1844, Penalty 0.1123, loss 2.0435
Epoch 13, Batch 659/986, Lx 1.4999, Lu 0.2097, Penalty 0.0967, loss 1.8062
Epoch 13, Batch 660/986, Lx 1.5432, Lu 0.1369, Penalty 0.1253, loss 1.8053
Epoch 13, Batch 661/986, Lx 1.7188, Lu 0.2068, Penalty 0.0779, loss 2.0036
Epoch 13, Batch 662/986, Lx 1.7098, Lu 0.2146, Penalty 0.0801, loss 2.0045
Epoch 13, Batch 663/986, Lx 1.6474, Lu 0.1225, Penalty 0.1273, loss 1.8972
Epoch 13, Batch 664/986, Lx 1.8581, Lu 0.1535, Penalty 0.0488, loss 2.0605
Epoch 13, Batch 665/986, Lx 1.9806, Lu 0.1669, Penalty 0.1182, loss 2.2657
Epoch 13, Batch 666/986, Lx 1.8156, Lu 0.1283, Penalty 0.0784, loss 2.0223
Epoch 13, Batch 667/986, Lx 1.8793, Lu 0.2151, Penalty 0.0524, loss 2.1468
Epoch 13, Batch 668/986, Lx 1.6732, Lu 0.1564, Penalty 0.0635, loss 1.8931
Epoch 13, Batch 669/986, Lx 1.6391, Lu 0.1999, Penalty 0.1510, loss 1.9900
Epoch 13, Batch 670/986, Lx 1.6239, Lu 0.1886, Penalty 0.1170, loss 1.9296
Epoch 13, Batch 671/986, Lx 1.8166, Lu 0.2297, Penalty 0.0828, loss 2.1290
Epoch 13, Batch 672/986, Lx 1.8781, Lu 0.2501, Penalty 0.0749, loss 2.2031
Epoch 13, Batch 673/986, Lx 1.7344, Lu 0.2130, Penalty 0.0820, loss 2.0294
Epoch 13, Batch 674/986, Lx 1.6869, Lu 0.2075, Penalty 0.0867, loss 1.9811
Epoch 13, Batch 675/986, Lx 1.6314, Lu 0.2090, Penalty 0.0963, loss 1.9368
Epoch 13, Batch 676/986, Lx 1.6811, Lu 0.1783, Penalty 0.1026, loss 1.9621
Epoch 13, Batch 677/986, Lx 1.7801, Lu 0.2207, Penalty 0.0847, loss 2.0854
Epoch 13, Batch 678/986, Lx 1.4535, Lu 0.1275, Penalty 0.0867, loss 1.6677
Epoch 13, Batch 679/986, Lx 1.7017, Lu 0.1949, Penalty 0.0514, loss 1.9481
Epoch 13, Batch 680/986, Lx 1.6107, Lu 0.1136, Penalty 0.0845, loss 1.8087
Epoch 13, Batch 681/986, Lx 1.6575, Lu 0.2152, Penalty 0.0677, loss 1.9404
Epoch 13, Batch 682/986, Lx 1.8362, Lu 0.2112, Penalty 0.0498, loss 2.0973
Epoch 13, Batch 683/986, Lx 1.6054, Lu 0.1516, Penalty 0.0766, loss 1.8336
Epoch 13, Batch 684/986, Lx 1.5267, Lu 0.1503, Penalty 0.1759, loss 1.8529
Epoch 13, Batch 685/986, Lx 1.7996, Lu 0.1939, Penalty 0.1276, loss 2.1212
Epoch 13, Batch 686/986, Lx 1.7257, Lu 0.1295, Penalty 0.1265, loss 1.9816
Epoch 13, Batch 687/986, Lx 1.7981, Lu 0.2867, Penalty 0.0628, loss 2.1476
Epoch 13, Batch 688/986, Lx 1.5882, Lu 0.1767, Penalty 0.0751, loss 1.8400
Epoch 13, Batch 689/986, Lx 1.4286, Lu 0.1670, Penalty 0.0953, loss 1.6908
Epoch 13, Batch 690/986, Lx 1.8951, Lu 0.1943, Penalty 0.0813, loss 2.1707
Epoch 13, Batch 691/986, Lx 1.5953, Lu 0.1652, Penalty 0.0894, loss 1.8499
Epoch 13, Batch 692/986, Lx 1.4879, Lu 0.1523, Penalty 0.0548, loss 1.6949
Epoch 13, Batch 693/986, Lx 1.7705, Lu 0.1480, Penalty 0.1284, loss 2.0469
Epoch 13, Batch 694/986, Lx 1.7397, Lu 0.2502, Penalty 0.0745, loss 2.0644
Epoch 13, Batch 695/986, Lx 1.6274, Lu 0.1716, Penalty 0.1095, loss 1.9085
Epoch 13, Batch 696/986, Lx 1.6675, Lu 0.2204, Penalty 0.1032, loss 1.9912
Epoch 13, Batch 697/986, Lx 1.8315, Lu 0.1994, Penalty 0.0859, loss 2.1168
Epoch 13, Batch 698/986, Lx 1.9516, Lu 0.2003, Penalty 0.0869, loss 2.2388
Epoch 13, Batch 699/986, Lx 1.7062, Lu 0.2353, Penalty 0.1393, loss 2.0808
Epoch 13, Batch 700/986, Lx 1.7932, Lu 0.1932, Penalty 0.0885, loss 2.0749
Epoch 13, Batch 701/986, Lx 1.4253, Lu 0.1536, Penalty 0.0629, loss 1.6419
Epoch 13, Batch 702/986, Lx 1.7207, Lu 0.1509, Penalty 0.0726, loss 1.9442
Epoch 13, Batch 703/986, Lx 1.8176, Lu 0.2359, Penalty 0.1129, loss 2.1663
Epoch 13, Batch 704/986, Lx 1.7145, Lu 0.2393, Penalty 0.0860, loss 2.0398
Epoch 13, Batch 705/986, Lx 1.6508, Lu 0.1341, Penalty 0.1035, loss 1.8884
Epoch 13, Batch 706/986, Lx 1.6573, Lu 0.1467, Penalty 0.1360, loss 1.9400
Epoch 13, Batch 707/986, Lx 1.6474, Lu 0.1883, Penalty 0.0705, loss 1.9062
Epoch 13, Batch 708/986, Lx 1.6134, Lu 0.1362, Penalty 0.1055, loss 1.8550
Epoch 13, Batch 709/986, Lx 1.7246, Lu 0.1985, Penalty 0.0912, loss 2.0143
Epoch 13, Batch 710/986, Lx 1.7273, Lu 0.1923, Penalty 0.0523, loss 1.9719
Epoch 13, Batch 711/986, Lx 1.4878, Lu 0.1762, Penalty 0.0568, loss 1.7208
Epoch 13, Batch 712/986, Lx 1.9570, Lu 0.1587, Penalty 0.0737, loss 2.1894
Epoch 13, Batch 713/986, Lx 1.3062, Lu 0.1465, Penalty 0.0700, loss 1.5226
Epoch 13, Batch 714/986, Lx 1.6851, Lu 0.1484, Penalty 0.1346, loss 1.9682
Epoch 13, Batch 715/986, Lx 1.6980, Lu 0.2283, Penalty 0.0601, loss 1.9864
Epoch 13, Batch 716/986, Lx 1.5715, Lu 0.2129, Penalty 0.0790, loss 1.8634
Epoch 13, Batch 717/986, Lx 1.6049, Lu 0.1644, Penalty 0.0635, loss 1.8328
Epoch 13, Batch 718/986, Lx 1.8166, Lu 0.1648, Penalty 0.0674, loss 2.0487
Epoch 13, Batch 719/986, Lx 1.6423, Lu 0.1559, Penalty 0.1199, loss 1.9180
Epoch 13, Batch 720/986, Lx 1.8173, Lu 0.3120, Penalty 0.0635, loss 2.1927
Epoch 13, Batch 721/986, Lx 1.9791, Lu 0.1871, Penalty 0.0654, loss 2.2316
Epoch 13, Batch 722/986, Lx 1.7151, Lu 0.2033, Penalty 0.1076, loss 2.0259
Epoch 13, Batch 723/986, Lx 1.7416, Lu 0.2206, Penalty 0.1266, loss 2.0888
Epoch 13, Batch 724/986, Lx 1.6477, Lu 0.2528, Penalty 0.0721, loss 1.9725
Epoch 13, Batch 725/986, Lx 1.9637, Lu 0.3052, Penalty 0.0531, loss 2.3220
Epoch 13, Batch 726/986, Lx 1.7400, Lu 0.1688, Penalty 0.0874, loss 1.9962
Epoch 13, Batch 727/986, Lx 1.7263, Lu 0.1719, Penalty 0.1246, loss 2.0229
Epoch 13, Batch 728/986, Lx 1.6212, Lu 0.1445, Penalty 0.2029, loss 1.9686
Epoch 13, Batch 729/986, Lx 1.7168, Lu 0.1789, Penalty 0.0830, loss 1.9787
Epoch 13, Batch 730/986, Lx 1.6883, Lu 0.1071, Penalty 0.0880, loss 1.8834
Epoch 13, Batch 731/986, Lx 1.4727, Lu 0.1637, Penalty 0.1508, loss 1.7872
Epoch 13, Batch 732/986, Lx 1.7341, Lu 0.1635, Penalty 0.0394, loss 1.9369
Epoch 13, Batch 733/986, Lx 1.5092, Lu 0.2144, Penalty 0.0783, loss 1.8020
Epoch 13, Batch 734/986, Lx 1.7763, Lu 0.2143, Penalty 0.0958, loss 2.0864
Epoch 13, Batch 735/986, Lx 1.8034, Lu 0.1951, Penalty 0.0440, loss 2.0425
Epoch 13, Batch 736/986, Lx 1.7857, Lu 0.3272, Penalty 0.0821, loss 2.1951
Epoch 13, Batch 737/986, Lx 1.5044, Lu 0.1605, Penalty 0.0415, loss 1.7064
Epoch 13, Batch 738/986, Lx 1.7619, Lu 0.1808, Penalty 0.0780, loss 2.0208
Epoch 13, Batch 739/986, Lx 1.4583, Lu 0.1472, Penalty 0.0702, loss 1.6757
Epoch 13, Batch 740/986, Lx 1.8237, Lu 0.2104, Penalty 0.0289, loss 2.0631
Epoch 13, Batch 741/986, Lx 1.5580, Lu 0.1376, Penalty 0.0688, loss 1.7644
Epoch 13, Batch 742/986, Lx 1.7269, Lu 0.2025, Penalty 0.0985, loss 2.0280
Epoch 13, Batch 743/986, Lx 1.6486, Lu 0.1894, Penalty 0.0337, loss 1.8717
Epoch 13, Batch 744/986, Lx 1.5649, Lu 0.1278, Penalty 0.1164, loss 1.8091
Epoch 13, Batch 745/986, Lx 1.7933, Lu 0.1766, Penalty 0.0800, loss 2.0499
Epoch 13, Batch 746/986, Lx 1.6607, Lu 0.1904, Penalty 0.0479, loss 1.8990
Epoch 13, Batch 747/986, Lx 1.6395, Lu 0.1172, Penalty 0.1443, loss 1.9011
Epoch 13, Batch 748/986, Lx 1.8519, Lu 0.2578, Penalty 0.0799, loss 2.1896
Epoch 13, Batch 749/986, Lx 1.9559, Lu 0.1415, Penalty 0.1091, loss 2.2065
Epoch 13, Batch 750/986, Lx 1.8527, Lu 0.1463, Penalty 0.0870, loss 2.0860
Epoch 13, Batch 751/986, Lx 1.5571, Lu 0.2084, Penalty 0.1196, loss 1.8851
Epoch 13, Batch 752/986, Lx 1.5899, Lu 0.1513, Penalty 0.1601, loss 1.9013
Epoch 13, Batch 753/986, Lx 1.6929, Lu 0.1515, Penalty 0.0904, loss 1.9349
Epoch 13, Batch 754/986, Lx 1.6755, Lu 0.1204, Penalty 0.1031, loss 1.8990
Epoch 13, Batch 755/986, Lx 1.7300, Lu 0.1591, Penalty 0.0555, loss 1.9446
Epoch 13, Batch 756/986, Lx 1.6377, Lu 0.2250, Penalty 0.0990, loss 1.9617
Epoch 13, Batch 757/986, Lx 1.8131, Lu 0.2275, Penalty 0.1067, loss 2.1473
Epoch 13, Batch 758/986, Lx 1.5847, Lu 0.1945, Penalty 0.0739, loss 1.8531
Epoch 13, Batch 759/986, Lx 1.6674, Lu 0.1768, Penalty 0.1308, loss 1.9750
Epoch 13, Batch 760/986, Lx 1.4461, Lu 0.1566, Penalty 0.0926, loss 1.6953
Epoch 13, Batch 761/986, Lx 1.8422, Lu 0.2404, Penalty 0.0560, loss 2.1386
Epoch 13, Batch 762/986, Lx 1.7222, Lu 0.1498, Penalty 0.0914, loss 1.9634
Epoch 13, Batch 763/986, Lx 1.5236, Lu 0.1439, Penalty 0.1127, loss 1.7802
Epoch 13, Batch 764/986, Lx 1.7451, Lu 0.1891, Penalty 0.0827, loss 2.0169
Epoch 13, Batch 765/986, Lx 1.6431, Lu 0.1439, Penalty 0.1245, loss 1.9115
Epoch 13, Batch 766/986, Lx 1.7340, Lu 0.1880, Penalty 0.0273, loss 1.9493
Epoch 13, Batch 767/986, Lx 1.5484, Lu 0.1515, Penalty 0.1004, loss 1.8004
Epoch 13, Batch 768/986, Lx 1.9701, Lu 0.3000, Penalty 0.0371, loss 2.3072
Epoch 13, Batch 769/986, Lx 1.7690, Lu 0.1438, Penalty 0.1021, loss 2.0149
Epoch 13, Batch 770/986, Lx 1.7481, Lu 0.2472, Penalty 0.0375, loss 2.0329
Epoch 13, Batch 771/986, Lx 1.6419, Lu 0.1724, Penalty 0.0746, loss 1.8889
Epoch 13, Batch 772/986, Lx 1.7526, Lu 0.1891, Penalty 0.1086, loss 2.0503
Epoch 13, Batch 773/986, Lx 1.5012, Lu 0.1489, Penalty 0.0851, loss 1.7353
Epoch 13, Batch 774/986, Lx 1.6208, Lu 0.1565, Penalty 0.0728, loss 1.8500
Epoch 13, Batch 775/986, Lx 1.6022, Lu 0.0989, Penalty 0.1126, loss 1.8137
Epoch 13, Batch 776/986, Lx 1.7189, Lu 0.1692, Penalty 0.0942, loss 1.9823
Epoch 13, Batch 777/986, Lx 1.8098, Lu 0.1977, Penalty 0.0723, loss 2.0797
Epoch 13, Batch 778/986, Lx 1.3884, Lu 0.1311, Penalty 0.0665, loss 1.5860
Epoch 13, Batch 779/986, Lx 1.9948, Lu 0.2918, Penalty 0.0530, loss 2.3396
Epoch 13, Batch 780/986, Lx 1.7360, Lu 0.1697, Penalty 0.0791, loss 1.9847
Epoch 13, Batch 781/986, Lx 1.6496, Lu 0.1786, Penalty 0.1015, loss 1.9297
Epoch 13, Batch 782/986, Lx 1.8504, Lu 0.1826, Penalty 0.1004, loss 2.1334
Epoch 13, Batch 783/986, Lx 1.7653, Lu 0.2802, Penalty 0.0780, loss 2.1235
Epoch 13, Batch 784/986, Lx 1.6353, Lu 0.2026, Penalty 0.0754, loss 1.9132
Epoch 13, Batch 785/986, Lx 1.9301, Lu 0.1606, Penalty 0.0999, loss 2.1906
Epoch 13, Batch 786/986, Lx 1.7011, Lu 0.1946, Penalty 0.1066, loss 2.0024
Epoch 13, Batch 787/986, Lx 1.7252, Lu 0.2506, Penalty 0.1419, loss 2.1176
Epoch 13, Batch 788/986, Lx 1.6277, Lu 0.1363, Penalty 0.0959, loss 1.8600
Epoch 13, Batch 789/986, Lx 1.8224, Lu 0.1223, Penalty 0.1160, loss 2.0607
Epoch 13, Batch 790/986, Lx 1.7063, Lu 0.1253, Penalty 0.1165, loss 1.9482
Epoch 13, Batch 791/986, Lx 1.5236, Lu 0.2395, Penalty 0.0845, loss 1.8476
Epoch 13, Batch 792/986, Lx 1.8487, Lu 0.2294, Penalty 0.0741, loss 2.1522
Epoch 13, Batch 793/986, Lx 1.7063, Lu 0.1222, Penalty 0.0809, loss 1.9094
Epoch 13, Batch 794/986, Lx 1.8401, Lu 0.1961, Penalty 0.1109, loss 2.1471
Epoch 13, Batch 795/986, Lx 1.6157, Lu 0.2058, Penalty 0.1061, loss 1.9277
Epoch 13, Batch 796/986, Lx 1.8719, Lu 0.1883, Penalty 0.0568, loss 2.1170
Epoch 13, Batch 797/986, Lx 1.8236, Lu 0.2538, Penalty 0.0634, loss 2.1408
Epoch 13, Batch 798/986, Lx 1.7561, Lu 0.1314, Penalty 0.0509, loss 1.9383
Epoch 13, Batch 799/986, Lx 1.8304, Lu 0.2472, Penalty 0.0794, loss 2.1571
Epoch 13, Batch 800/986, Lx 1.8442, Lu 0.2290, Penalty 0.1003, loss 2.1734
Epoch 13, Batch 801/986, Lx 1.5869, Lu 0.1607, Penalty 0.1145, loss 1.8621
Epoch 13, Batch 802/986, Lx 1.6525, Lu 0.1629, Penalty 0.1017, loss 1.9171
Epoch 13, Batch 803/986, Lx 1.6613, Lu 0.1456, Penalty 0.1660, loss 1.9728
Epoch 13, Batch 804/986, Lx 1.7526, Lu 0.2665, Penalty 0.1170, loss 2.1361
Epoch 13, Batch 805/986, Lx 1.8343, Lu 0.2067, Penalty 0.0771, loss 2.1182
Epoch 13, Batch 806/986, Lx 1.7766, Lu 0.1713, Penalty 0.0802, loss 2.0282
Epoch 13, Batch 807/986, Lx 1.8675, Lu 0.2563, Penalty 0.0526, loss 2.1764
Epoch 13, Batch 808/986, Lx 1.5485, Lu 0.1533, Penalty 0.0805, loss 1.7824
Epoch 13, Batch 809/986, Lx 1.6171, Lu 0.1793, Penalty 0.1009, loss 1.8973
Epoch 13, Batch 810/986, Lx 1.6898, Lu 0.1934, Penalty 0.1337, loss 2.0168
Epoch 13, Batch 811/986, Lx 1.6537, Lu 0.2222, Penalty 0.0599, loss 1.9358
Epoch 13, Batch 812/986, Lx 1.8800, Lu 0.2964, Penalty 0.0860, loss 2.2624
Epoch 13, Batch 813/986, Lx 1.6135, Lu 0.1506, Penalty 0.0684, loss 1.8325
Epoch 13, Batch 814/986, Lx 1.7469, Lu 0.2183, Penalty 0.1157, loss 2.0810
Epoch 13, Batch 815/986, Lx 1.4620, Lu 0.1539, Penalty 0.0677, loss 1.6836
Epoch 13, Batch 816/986, Lx 1.5795, Lu 0.1827, Penalty 0.0932, loss 1.8554
Epoch 13, Batch 817/986, Lx 1.5143, Lu 0.1524, Penalty 0.0848, loss 1.7515
Epoch 13, Batch 818/986, Lx 1.6609, Lu 0.1781, Penalty 0.0859, loss 1.9248
Epoch 13, Batch 819/986, Lx 1.8279, Lu 0.1754, Penalty 0.0486, loss 2.0518
Epoch 13, Batch 820/986, Lx 1.6290, Lu 0.1656, Penalty 0.1133, loss 1.9079
Epoch 13, Batch 821/986, Lx 1.6306, Lu 0.2344, Penalty 0.0779, loss 1.9430
Epoch 13, Batch 822/986, Lx 1.8291, Lu 0.2431, Penalty 0.0714, loss 2.1436
Epoch 13, Batch 823/986, Lx 1.8777, Lu 0.1895, Penalty 0.1398, loss 2.2070
Epoch 13, Batch 824/986, Lx 1.4822, Lu 0.1479, Penalty 0.0844, loss 1.7145
Epoch 13, Batch 825/986, Lx 1.5829, Lu 0.1770, Penalty 0.0816, loss 1.8416
Epoch 13, Batch 826/986, Lx 1.9060, Lu 0.2569, Penalty 0.0770, loss 2.2398
Epoch 13, Batch 827/986, Lx 1.7103, Lu 0.1889, Penalty 0.1340, loss 2.0333
Epoch 13, Batch 828/986, Lx 1.8122, Lu 0.2426, Penalty 0.1250, loss 2.1799
Epoch 13, Batch 829/986, Lx 1.6315, Lu 0.1946, Penalty 0.0850, loss 1.9112
Epoch 13, Batch 830/986, Lx 1.6926, Lu 0.1518, Penalty 0.0682, loss 1.9125
Epoch 13, Batch 831/986, Lx 1.6707, Lu 0.1448, Penalty 0.0748, loss 1.8903
Epoch 13, Batch 832/986, Lx 1.6559, Lu 0.1785, Penalty 0.0646, loss 1.8990
Epoch 13, Batch 833/986, Lx 1.6852, Lu 0.1860, Penalty 0.0791, loss 1.9503
Epoch 13, Batch 834/986, Lx 1.7762, Lu 0.1554, Penalty 0.0828, loss 2.0144
Epoch 13, Batch 835/986, Lx 1.4800, Lu 0.1550, Penalty 0.0540, loss 1.6889
Epoch 13, Batch 836/986, Lx 1.6293, Lu 0.1629, Penalty 0.0576, loss 1.8499
Epoch 13, Batch 837/986, Lx 1.7879, Lu 0.2556, Penalty 0.1304, loss 2.1739
Epoch 13, Batch 838/986, Lx 1.7346, Lu 0.2755, Penalty 0.1333, loss 2.1434
Epoch 13, Batch 839/986, Lx 1.6542, Lu 0.2279, Penalty 0.0477, loss 1.9298
Epoch 13, Batch 840/986, Lx 1.7720, Lu 0.2155, Penalty 0.0937, loss 2.0812
Epoch 13, Batch 841/986, Lx 1.8597, Lu 0.1911, Penalty 0.1026, loss 2.1534
Epoch 13, Batch 842/986, Lx 1.9675, Lu 0.2751, Penalty 0.0462, loss 2.2888
Epoch 13, Batch 843/986, Lx 1.8639, Lu 0.2521, Penalty 0.1063, loss 2.2223
Epoch 13, Batch 844/986, Lx 1.4973, Lu 0.1722, Penalty 0.1191, loss 1.7886
Epoch 13, Batch 845/986, Lx 1.7038, Lu 0.2142, Penalty 0.0873, loss 2.0053
Epoch 13, Batch 846/986, Lx 1.7963, Lu 0.2451, Penalty 0.1191, loss 2.1605
Epoch 13, Batch 847/986, Lx 1.6248, Lu 0.2223, Penalty 0.0961, loss 1.9431
Epoch 13, Batch 848/986, Lx 1.6789, Lu 0.2186, Penalty 0.0381, loss 1.9356
Epoch 13, Batch 849/986, Lx 1.7774, Lu 0.2145, Penalty 0.0973, loss 2.0892
Epoch 13, Batch 850/986, Lx 1.7192, Lu 0.1554, Penalty 0.0984, loss 1.9730
Epoch 13, Batch 851/986, Lx 1.5569, Lu 0.1211, Penalty 0.1494, loss 1.8274
Epoch 13, Batch 852/986, Lx 1.6569, Lu 0.2308, Penalty 0.0672, loss 1.9549
Epoch 13, Batch 853/986, Lx 1.9049, Lu 0.2929, Penalty 0.0671, loss 2.2649
Epoch 13, Batch 854/986, Lx 1.7297, Lu 0.1417, Penalty 0.0453, loss 1.9167
Epoch 13, Batch 855/986, Lx 1.6207, Lu 0.2734, Penalty 0.0511, loss 1.9452
Epoch 13, Batch 856/986, Lx 1.6510, Lu 0.2222, Penalty 0.0347, loss 1.9079
Epoch 13, Batch 857/986, Lx 1.8132, Lu 0.1880, Penalty 0.1062, loss 2.1074
Epoch 13, Batch 858/986, Lx 1.8572, Lu 0.1886, Penalty 0.0987, loss 2.1445
Epoch 13, Batch 859/986, Lx 1.8557, Lu 0.1820, Penalty 0.0539, loss 2.0916
Epoch 13, Batch 860/986, Lx 1.7140, Lu 0.1987, Penalty 0.0935, loss 2.0062
Epoch 13, Batch 861/986, Lx 1.3463, Lu 0.1687, Penalty 0.0845, loss 1.5995
Epoch 13, Batch 862/986, Lx 1.5743, Lu 0.1063, Penalty 0.0431, loss 1.7238
Epoch 13, Batch 863/986, Lx 1.7761, Lu 0.2559, Penalty 0.0606, loss 2.0926
Epoch 13, Batch 864/986, Lx 1.6179, Lu 0.1740, Penalty 0.1118, loss 1.9037
Epoch 13, Batch 865/986, Lx 1.6576, Lu 0.2429, Penalty 0.0513, loss 1.9518
Epoch 13, Batch 866/986, Lx 1.4313, Lu 0.1160, Penalty 0.0826, loss 1.6298
Epoch 13, Batch 867/986, Lx 1.4973, Lu 0.1863, Penalty 0.1169, loss 1.8005
Epoch 13, Batch 868/986, Lx 1.6563, Lu 0.1595, Penalty 0.0592, loss 1.8749
Epoch 13, Batch 869/986, Lx 1.8818, Lu 0.2413, Penalty 0.0835, loss 2.2067
Epoch 13, Batch 870/986, Lx 1.6202, Lu 0.2006, Penalty 0.0577, loss 1.8784
Epoch 13, Batch 871/986, Lx 1.9582, Lu 0.2881, Penalty 0.0288, loss 2.2751
Epoch 13, Batch 872/986, Lx 1.5489, Lu 0.1621, Penalty 0.0671, loss 1.7780
Epoch 13, Batch 873/986, Lx 1.7870, Lu 0.2301, Penalty 0.0643, loss 2.0815
Epoch 13, Batch 874/986, Lx 1.5281, Lu 0.1368, Penalty 0.0955, loss 1.7604
Epoch 13, Batch 875/986, Lx 1.6814, Lu 0.1899, Penalty 0.0814, loss 1.9527
Epoch 13, Batch 876/986, Lx 1.6512, Lu 0.2162, Penalty 0.0989, loss 1.9663
Epoch 13, Batch 877/986, Lx 1.5293, Lu 0.2019, Penalty 0.0728, loss 1.8040
Epoch 13, Batch 878/986, Lx 1.6541, Lu 0.2565, Penalty 0.0922, loss 2.0028
Epoch 13, Batch 879/986, Lx 1.5558, Lu 0.1495, Penalty 0.0703, loss 1.7756
Epoch 13, Batch 880/986, Lx 1.5653, Lu 0.1752, Penalty 0.1089, loss 1.8494
Epoch 13, Batch 881/986, Lx 1.7046, Lu 0.1610, Penalty 0.0702, loss 1.9358
Epoch 13, Batch 882/986, Lx 1.6803, Lu 0.2776, Penalty 0.1532, loss 2.1111
Epoch 13, Batch 883/986, Lx 1.3664, Lu 0.1443, Penalty 0.1245, loss 1.6351
Epoch 13, Batch 884/986, Lx 1.6635, Lu 0.2616, Penalty 0.1393, loss 2.0644
Epoch 13, Batch 885/986, Lx 1.7625, Lu 0.2064, Penalty 0.0768, loss 2.0457
Epoch 13, Batch 886/986, Lx 1.6272, Lu 0.2054, Penalty 0.0811, loss 1.9138
Epoch 13, Batch 887/986, Lx 1.5780, Lu 0.2021, Penalty 0.1439, loss 1.9240
Epoch 13, Batch 888/986, Lx 1.8429, Lu 0.1569, Penalty 0.0548, loss 2.0546
Epoch 13, Batch 889/986, Lx 1.6239, Lu 0.2894, Penalty 0.0542, loss 1.9675
Epoch 13, Batch 890/986, Lx 1.8632, Lu 0.1853, Penalty 0.0195, loss 2.0680
Epoch 13, Batch 891/986, Lx 1.6133, Lu 0.2028, Penalty 0.0890, loss 1.9051
Epoch 13, Batch 892/986, Lx 1.6107, Lu 0.1477, Penalty 0.1043, loss 1.8627
Epoch 13, Batch 893/986, Lx 1.6702, Lu 0.2099, Penalty 0.0720, loss 1.9522
Epoch 13, Batch 894/986, Lx 1.7540, Lu 0.1856, Penalty 0.0353, loss 1.9749
Epoch 13, Batch 895/986, Lx 1.7734, Lu 0.2248, Penalty 0.0281, loss 2.0263
Epoch 13, Batch 896/986, Lx 1.6629, Lu 0.1559, Penalty 0.0815, loss 1.9003
Epoch 13, Batch 897/986, Lx 1.7144, Lu 0.1599, Penalty 0.0904, loss 1.9646
Epoch 13, Batch 898/986, Lx 1.8872, Lu 0.2661, Penalty 0.1226, loss 2.2759
Epoch 13, Batch 899/986, Lx 1.6801, Lu 0.2108, Penalty 0.1057, loss 1.9966
Epoch 13, Batch 900/986, Lx 1.5843, Lu 0.1648, Penalty 0.0936, loss 1.8427
Epoch 13, Batch 901/986, Lx 1.7535, Lu 0.1556, Penalty 0.0864, loss 1.9956
Epoch 13, Batch 902/986, Lx 1.6814, Lu 0.1832, Penalty 0.1431, loss 2.0076
Epoch 13, Batch 903/986, Lx 1.7195, Lu 0.1739, Penalty 0.0791, loss 1.9724
Epoch 13, Batch 904/986, Lx 1.8927, Lu 0.1849, Penalty 0.1200, loss 2.1977
Epoch 13, Batch 905/986, Lx 1.6041, Lu 0.1809, Penalty 0.0758, loss 1.8609
Epoch 13, Batch 906/986, Lx 1.3664, Lu 0.1227, Penalty 0.1671, loss 1.6562
Epoch 13, Batch 907/986, Lx 1.7024, Lu 0.2229, Penalty 0.0827, loss 2.0081
Epoch 13, Batch 908/986, Lx 1.8266, Lu 0.1895, Penalty 0.0878, loss 2.1039
Epoch 13, Batch 909/986, Lx 1.5946, Lu 0.1773, Penalty 0.1039, loss 1.8758
Epoch 13, Batch 910/986, Lx 1.8279, Lu 0.2323, Penalty 0.0376, loss 2.0978
Epoch 13, Batch 911/986, Lx 1.6983, Lu 0.1542, Penalty 0.1091, loss 1.9616
Epoch 13, Batch 912/986, Lx 1.6543, Lu 0.2067, Penalty 0.0925, loss 1.9535
Epoch 13, Batch 913/986, Lx 1.8017, Lu 0.2128, Penalty 0.0685, loss 2.0829
Epoch 13, Batch 914/986, Lx 1.7906, Lu 0.1847, Penalty 0.1025, loss 2.0777
Epoch 13, Batch 915/986, Lx 1.7320, Lu 0.1114, Penalty 0.1229, loss 1.9663
Epoch 13, Batch 916/986, Lx 1.4843, Lu 0.1010, Penalty 0.2180, loss 1.8034
Epoch 13, Batch 917/986, Lx 1.6142, Lu 0.1582, Penalty 0.1006, loss 1.8730
Epoch 13, Batch 918/986, Lx 1.6732, Lu 0.1558, Penalty 0.1223, loss 1.9513
Epoch 13, Batch 919/986, Lx 1.5255, Lu 0.1697, Penalty 0.1349, loss 1.8300
Epoch 13, Batch 920/986, Lx 1.6341, Lu 0.2400, Penalty 0.0323, loss 1.9064
Epoch 13, Batch 921/986, Lx 1.7111, Lu 0.2565, Penalty 0.0446, loss 2.0122
Epoch 13, Batch 922/986, Lx 1.6780, Lu 0.2057, Penalty 0.0679, loss 1.9516
Epoch 13, Batch 923/986, Lx 1.5727, Lu 0.1499, Penalty 0.0838, loss 1.8064
Epoch 13, Batch 924/986, Lx 1.6715, Lu 0.2449, Penalty 0.0828, loss 1.9993
Epoch 13, Batch 925/986, Lx 1.5362, Lu 0.1863, Penalty 0.0423, loss 1.7648
Epoch 13, Batch 926/986, Lx 1.7795, Lu 0.2543, Penalty 0.0655, loss 2.0993
Epoch 13, Batch 927/986, Lx 1.8006, Lu 0.2184, Penalty 0.0355, loss 2.0545
Epoch 13, Batch 928/986, Lx 1.7308, Lu 0.2680, Penalty 0.1105, loss 2.1093
Epoch 13, Batch 929/986, Lx 1.4146, Lu 0.1675, Penalty 0.0759, loss 1.6580
Epoch 13, Batch 930/986, Lx 1.7307, Lu 0.1774, Penalty 0.0549, loss 1.9630
Epoch 13, Batch 931/986, Lx 1.7892, Lu 0.2111, Penalty 0.1376, loss 2.1379
Epoch 13, Batch 932/986, Lx 1.6903, Lu 0.1553, Penalty 0.1044, loss 1.9499
Epoch 13, Batch 933/986, Lx 1.7855, Lu 0.2096, Penalty 0.0603, loss 2.0553
Epoch 13, Batch 934/986, Lx 1.9071, Lu 0.2091, Penalty 0.1895, loss 2.3058
Epoch 13, Batch 935/986, Lx 1.6953, Lu 0.1715, Penalty 0.1195, loss 1.9863
Epoch 13, Batch 936/986, Lx 1.8072, Lu 0.2417, Penalty 0.0483, loss 2.0972
Epoch 13, Batch 937/986, Lx 1.8968, Lu 0.2331, Penalty 0.0916, loss 2.2215
Epoch 13, Batch 938/986, Lx 1.5213, Lu 0.2138, Penalty 0.1304, loss 1.8655
Epoch 13, Batch 939/986, Lx 1.8192, Lu 0.2549, Penalty 0.0777, loss 2.1518
Epoch 13, Batch 940/986, Lx 1.6998, Lu 0.1877, Penalty 0.1255, loss 2.0130
Epoch 13, Batch 941/986, Lx 1.7500, Lu 0.2540, Penalty 0.1303, loss 2.1344
Epoch 13, Batch 942/986, Lx 1.6273, Lu 0.1618, Penalty 0.0654, loss 1.8545
Epoch 13, Batch 943/986, Lx 1.6046, Lu 0.1656, Penalty 0.0822, loss 1.8524
Epoch 13, Batch 944/986, Lx 1.6269, Lu 0.2100, Penalty 0.0640, loss 1.9010
Epoch 13, Batch 945/986, Lx 1.3857, Lu 0.2118, Penalty 0.0204, loss 1.6179
Epoch 13, Batch 946/986, Lx 1.7740, Lu 0.3116, Penalty 0.0666, loss 2.1522
Epoch 13, Batch 947/986, Lx 1.7400, Lu 0.2163, Penalty 0.0637, loss 2.0200
Epoch 13, Batch 948/986, Lx 1.6843, Lu 0.2086, Penalty 0.0364, loss 1.9293
Epoch 13, Batch 949/986, Lx 1.6856, Lu 0.1741, Penalty 0.0772, loss 1.9369
Epoch 13, Batch 950/986, Lx 1.6758, Lu 0.2184, Penalty 0.0938, loss 1.9879
Epoch 13, Batch 951/986, Lx 1.7281, Lu 0.1707, Penalty 0.0712, loss 1.9699
Epoch 13, Batch 952/986, Lx 1.7222, Lu 0.2682, Penalty 0.0885, loss 2.0790
Epoch 13, Batch 953/986, Lx 1.5284, Lu 0.1890, Penalty 0.0932, loss 1.8106
Epoch 13, Batch 954/986, Lx 1.6664, Lu 0.1383, Penalty 0.0932, loss 1.8979
Epoch 13, Batch 955/986, Lx 1.8197, Lu 0.1851, Penalty 0.0857, loss 2.0905
Epoch 13, Batch 956/986, Lx 1.5147, Lu 0.1429, Penalty 0.1346, loss 1.7922
Epoch 13, Batch 957/986, Lx 1.7289, Lu 0.1432, Penalty 0.0788, loss 1.9508
Epoch 13, Batch 958/986, Lx 1.7740, Lu 0.2631, Penalty 0.1398, loss 2.1769
Epoch 13, Batch 959/986, Lx 1.7895, Lu 0.1350, Penalty 0.1092, loss 2.0336
Epoch 13, Batch 960/986, Lx 1.9002, Lu 0.2810, Penalty 0.1147, loss 2.2959
Epoch 13, Batch 961/986, Lx 1.5973, Lu 0.1598, Penalty 0.1062, loss 1.8632
Epoch 13, Batch 962/986, Lx 1.6419, Lu 0.2174, Penalty 0.0955, loss 1.9547
Epoch 13, Batch 963/986, Lx 1.6054, Lu 0.2093, Penalty 0.0499, loss 1.8646
Epoch 13, Batch 964/986, Lx 1.6685, Lu 0.2658, Penalty 0.1066, loss 2.0408
Epoch 13, Batch 965/986, Lx 1.8033, Lu 0.2511, Penalty 0.1159, loss 2.1702
Epoch 13, Batch 966/986, Lx 1.8337, Lu 0.2853, Penalty 0.0914, loss 2.2104
Epoch 13, Batch 967/986, Lx 1.7917, Lu 0.2991, Penalty 0.0903, loss 2.1811
Epoch 13, Batch 968/986, Lx 1.8051, Lu 0.2551, Penalty 0.0386, loss 2.0987
Epoch 13, Batch 969/986, Lx 1.6698, Lu 0.1356, Penalty 0.1101, loss 1.9156
Epoch 13, Batch 970/986, Lx 1.9537, Lu 0.2742, Penalty 0.0689, loss 2.2968
Epoch 13, Batch 971/986, Lx 1.7022, Lu 0.1663, Penalty 0.0989, loss 1.9674
Epoch 13, Batch 972/986, Lx 1.8256, Lu 0.1717, Penalty 0.1060, loss 2.1033
Epoch 13, Batch 973/986, Lx 1.6127, Lu 0.1857, Penalty 0.0508, loss 1.8492
Epoch 13, Batch 974/986, Lx 1.8125, Lu 0.1861, Penalty 0.0793, loss 2.0779
Epoch 13, Batch 975/986, Lx 1.6124, Lu 0.1470, Penalty 0.0609, loss 1.8204
Epoch 13, Batch 976/986, Lx 1.8158, Lu 0.2596, Penalty 0.0696, loss 2.1451
Epoch 13, Batch 977/986, Lx 1.6948, Lu 0.1609, Penalty 0.0867, loss 1.9424
Epoch 13, Batch 978/986, Lx 1.6472, Lu 0.2315, Penalty 0.0631, loss 1.9419
Epoch 13, Batch 979/986, Lx 1.7453, Lu 0.2733, Penalty 0.0766, loss 2.0952
Epoch 13, Batch 980/986, Lx 1.5665, Lu 0.1726, Penalty 0.1480, loss 1.8870
Epoch 13, Batch 981/986, Lx 1.7432, Lu 0.2214, Penalty 0.1216, loss 2.0863
Epoch 13, Batch 982/986, Lx 1.7045, Lu 0.2452, Penalty 0.0517, loss 2.0015
Epoch 13, Batch 983/986, Lx 1.6783, Lu 0.2456, Penalty 0.0730, loss 1.9969
Epoch 13, Batch 984/986, Lx 1.6217, Lu 0.1779, Penalty 0.0811, loss 1.8807
Epoch 13, Batch 985/986, Lx 1.6272, Lu 0.1715, Penalty 0.0913, loss 1.8900
Epoch 13, Batch 986/986, Lx 1.7789, Lu 0.2118, Penalty 0.0853, loss 2.0760
Loss: 1.9968, Lx: 1.7137, Lu: 0.1954, Penalty: 0.0877
Training for Network 2
labelled data size: 21790
unlabelled data size: 20210
