Loading IMDB data from src/data/train/imdb.csv
IMDB data loaded with 50000 samples
Injecting symmetric noise with ratio 0.5
Injected noise into 20000 samples
Loading BERT model from bert-base-uncased
Setting up optimizers and losses...
Found warm-up-completed models
Training for Network 1
labelled data size: 19619
unlabelled data size: 20381
Epoch 2, Batch 1/614, Grad Norms near zero: 12, Lx 0.6984, Lu 0.1743, Penalty 0.0007, loss 0.8734
Epoch 2, Batch 2/614, Grad Norms near zero: 12, Lx 0.7023, Lu 0.0854, Penalty 0.0015, loss 0.7893
Epoch 2, Batch 3/614, Grad Norms near zero: 12, Lx 0.6922, Lu 0.0450, Penalty 0.0023, loss 0.7395
Epoch 2, Batch 4/614, Grad Norms near zero: 12, Lx 0.7365, Lu 0.1841, Penalty 0.0111, loss 0.9317
Epoch 2, Batch 5/614, Grad Norms near zero: 12, Lx 0.7136, Lu 0.1282, Penalty 0.0018, loss 0.8436
Epoch 2, Batch 6/614, Grad Norms near zero: 12, Lx 0.6861, Lu 0.1347, Penalty 0.0025, loss 0.8233
Epoch 2, Batch 7/614, Grad Norms near zero: 12, Lx 0.7415, Lu 0.2194, Penalty 0.0130, loss 0.9739
Epoch 2, Batch 8/614, Grad Norms near zero: 12, Lx 0.6780, Lu 0.1324, Penalty 0.0059, loss 0.8163
Epoch 2, Batch 9/614, Grad Norms near zero: 12, Lx 0.6974, Lu 0.1743, Penalty 0.0007, loss 0.8723
Epoch 2, Batch 10/614, Grad Norms near zero: 12, Lx 0.7008, Lu 0.0484, Penalty 0.0005, loss 0.7497
Epoch 2, Batch 11/614, Grad Norms near zero: 12, Lx 0.7051, Lu 0.1435, Penalty 0.0123, loss 0.8609
Epoch 2, Batch 12/614, Grad Norms near zero: 12, Lx 0.6966, Lu 0.0792, Penalty 0.0122, loss 0.7879
Epoch 2, Batch 13/614, Grad Norms near zero: 12, Lx 0.6819, Lu 0.1530, Penalty 0.0011, loss 0.8360
Epoch 2, Batch 14/614, Grad Norms near zero: 12, Lx 0.7050, Lu 0.1922, Penalty 0.0016, loss 0.8988
Epoch 2, Batch 15/614, Grad Norms near zero: 12, Lx 0.6903, Lu 0.0964, Penalty 0.0001, loss 0.7867
Epoch 2, Batch 16/614, Grad Norms near zero: 12, Lx 0.6947, Lu 0.2219, Penalty 0.0000, loss 0.9166
Epoch 2, Batch 17/614, Grad Norms near zero: 12, Lx 0.6938, Lu 0.0486, Penalty 0.0007, loss 0.7430
Epoch 2, Batch 18/614, Grad Norms near zero: 12, Lx 0.6892, Lu 0.1023, Penalty 0.0003, loss 0.7917
Epoch 2, Batch 19/614, Grad Norms near zero: 12, Lx 0.6891, Lu 0.1156, Penalty 0.0000, loss 0.8047
Epoch 2, Batch 20/614, Grad Norms near zero: 12, Lx 0.7018, Lu 0.2062, Penalty 0.0016, loss 0.9096
Epoch 2, Batch 21/614, Grad Norms near zero: 12, Lx 0.6904, Lu 0.0488, Penalty 0.0007, loss 0.7399
Epoch 2, Batch 22/614, Grad Norms near zero: 12, Lx 0.6780, Lu 0.0922, Penalty 0.0019, loss 0.7722
Epoch 2, Batch 23/614, Grad Norms near zero: 12, Lx 0.7061, Lu 0.0967, Penalty 0.0023, loss 0.8052
Epoch 2, Batch 24/614, Grad Norms near zero: 12, Lx 0.7202, Lu 0.0568, Penalty 0.0062, loss 0.7831
Epoch 2, Batch 25/614, Grad Norms near zero: 12, Lx 0.6880, Lu 0.1788, Penalty 0.0031, loss 0.8699
Epoch 2, Batch 26/614, Grad Norms near zero: 12, Lx 0.6905, Lu 0.1533, Penalty 0.0001, loss 0.8439
Epoch 2, Batch 27/614, Grad Norms near zero: 12, Lx 0.6900, Lu 0.0424, Penalty 0.0001, loss 0.7325
Epoch 2, Batch 28/614, Grad Norms near zero: 12, Lx 0.6999, Lu 0.1262, Penalty 0.0029, loss 0.8290
Epoch 2, Batch 29/614, Grad Norms near zero: 12, Lx 0.7069, Lu 0.0850, Penalty 0.0010, loss 0.7929
Epoch 2, Batch 30/614, Grad Norms near zero: 12, Lx 0.6944, Lu 0.1150, Penalty 0.0004, loss 0.8098
Epoch 2, Batch 31/614, Grad Norms near zero: 12, Lx 0.6888, Lu 0.1130, Penalty 0.0005, loss 0.8023
Epoch 2, Batch 32/614, Grad Norms near zero: 12, Lx 0.6728, Lu 0.1179, Penalty 0.0051, loss 0.7958
Epoch 2, Batch 33/614, Grad Norms near zero: 12, Lx 0.7011, Lu 0.1958, Penalty 0.0206, loss 0.9175
Epoch 2, Batch 34/614, Grad Norms near zero: 12, Lx 0.6054, Lu 0.0654, Penalty 0.0271, loss 0.6978
Epoch 2, Batch 35/614, Grad Norms near zero: 12, Lx 0.7203, Lu 0.1855, Penalty 0.0160, loss 0.9217
Epoch 2, Batch 36/614, Grad Norms near zero: 12, Lx 0.7089, Lu 0.1240, Penalty 0.0114, loss 0.8443
Epoch 2, Batch 37/614, Grad Norms near zero: 12, Lx 0.6943, Lu 0.1733, Penalty 0.0006, loss 0.8683
Epoch 2, Batch 38/614, Grad Norms near zero: 12, Lx 0.6939, Lu 0.0507, Penalty 0.0000, loss 0.7446
Epoch 2, Batch 39/614, Grad Norms near zero: 12, Lx 0.6988, Lu 0.1549, Penalty 0.0053, loss 0.8590
Epoch 2, Batch 40/614, Grad Norms near zero: 12, Lx 0.7041, Lu 0.2581, Penalty 0.0067, loss 0.9688
Epoch 2, Batch 41/614, Grad Norms near zero: 12, Lx 0.6960, Lu 0.1867, Penalty 0.0019, loss 0.8846
Epoch 2, Batch 42/614, Grad Norms near zero: 12, Lx 0.6925, Lu 0.1475, Penalty 0.0001, loss 0.8401
Epoch 2, Batch 43/614, Grad Norms near zero: 12, Lx 0.6942, Lu 0.0266, Penalty 0.0002, loss 0.7209
Epoch 2, Batch 44/614, Grad Norms near zero: 12, Lx 0.7149, Lu 0.0959, Penalty 0.0027, loss 0.8135
Epoch 2, Batch 45/614, Grad Norms near zero: 12, Lx 0.6999, Lu 0.0812, Penalty 0.0058, loss 0.7869
Epoch 2, Batch 46/614, Grad Norms near zero: 12, Lx 0.6907, Lu 0.1827, Penalty 0.0036, loss 0.8769
Epoch 2, Batch 47/614, Grad Norms near zero: 12, Lx 0.7090, Lu 0.1289, Penalty 0.0040, loss 0.8419
Epoch 2, Batch 48/614, Grad Norms near zero: 12, Lx 0.6939, Lu 0.1432, Penalty 0.0001, loss 0.8372
Epoch 2, Batch 49/614, Grad Norms near zero: 12, Lx 0.6946, Lu 0.1299, Penalty 0.0000, loss 0.8245
Epoch 2, Batch 50/614, Grad Norms near zero: 12, Lx 0.7116, Lu 0.1728, Penalty 0.0011, loss 0.8855
Epoch 2, Batch 51/614, Grad Norms near zero: 12, Lx 0.6911, Lu 0.1486, Penalty 0.0002, loss 0.8399
Epoch 2, Batch 52/614, Grad Norms near zero: 12, Lx 0.6932, Lu 0.0127, Penalty 0.0000, loss 0.7059
Epoch 2, Batch 53/614, Grad Norms near zero: 12, Lx 0.6928, Lu 0.1545, Penalty 0.0002, loss 0.8475
Epoch 2, Batch 54/614, Grad Norms near zero: 12, Lx 0.7068, Lu 0.0506, Penalty 0.0020, loss 0.7594
Epoch 2, Batch 55/614, Grad Norms near zero: 12, Lx 0.7085, Lu 0.0362, Penalty 0.0012, loss 0.7458
Epoch 2, Batch 56/614, Grad Norms near zero: 12, Lx 0.6896, Lu 0.0620, Penalty 0.0003, loss 0.7518
Epoch 2, Batch 57/614, Grad Norms near zero: 12, Lx 0.6936, Lu 0.0492, Penalty 0.0001, loss 0.7428
Epoch 2, Batch 58/614, Grad Norms near zero: 12, Lx 0.6918, Lu 0.1101, Penalty 0.0002, loss 0.8021
Epoch 2, Batch 59/614, Grad Norms near zero: 12, Lx 0.6945, Lu 0.1314, Penalty 0.0005, loss 0.8263
Epoch 2, Batch 60/614, Grad Norms near zero: 12, Lx 0.6937, Lu 0.1607, Penalty 0.0001, loss 0.8545
Epoch 2, Batch 61/614, Grad Norms near zero: 12, Lx 0.6874, Lu 0.0782, Penalty 0.0000, loss 0.7657
Epoch 2, Batch 62/614, Grad Norms near zero: 12, Lx 0.6941, Lu 0.1763, Penalty 0.0005, loss 0.8709
Epoch 2, Batch 63/614, Grad Norms near zero: 12, Lx 0.6887, Lu 0.0985, Penalty 0.0006, loss 0.7878
Epoch 2, Batch 64/614, Grad Norms near zero: 12, Lx 0.6877, Lu 0.0367, Penalty 0.0013, loss 0.7258
Epoch 2, Batch 65/614, Grad Norms near zero: 12, Lx 0.7009, Lu 0.0189, Penalty 0.0025, loss 0.7223
Epoch 2, Batch 66/614, Grad Norms near zero: 12, Lx 0.7068, Lu 0.1387, Penalty 0.0034, loss 0.8489
Epoch 2, Batch 67/614, Grad Norms near zero: 12, Lx 0.6804, Lu 0.1841, Penalty 0.0018, loss 0.8662
Epoch 2, Batch 68/614, Grad Norms near zero: 12, Lx 0.6830, Lu 0.1724, Penalty 0.0008, loss 0.8563
Epoch 2, Batch 69/614, Grad Norms near zero: 12, Lx 0.6864, Lu 0.1145, Penalty 0.0017, loss 0.8026
Epoch 2, Batch 70/614, Grad Norms near zero: 12, Lx 0.6970, Lu 0.1201, Penalty 0.0022, loss 0.8192
Epoch 2, Batch 71/614, Grad Norms near zero: 12, Lx 0.6926, Lu 0.0917, Penalty 0.0017, loss 0.7861
Epoch 2, Batch 72/614, Grad Norms near zero: 12, Lx 0.6859, Lu 0.1585, Penalty 0.0026, loss 0.8470
Epoch 2, Batch 73/614, Grad Norms near zero: 12, Lx 0.6795, Lu 0.1409, Penalty 0.0011, loss 0.8215
Epoch 2, Batch 74/614, Grad Norms near zero: 12, Lx 0.7002, Lu 0.1771, Penalty 0.0031, loss 0.8804
Epoch 2, Batch 75/614, Grad Norms near zero: 12, Lx 0.6793, Lu 0.1289, Penalty 0.0014, loss 0.8096
Epoch 2, Batch 76/614, Grad Norms near zero: 12, Lx 0.6961, Lu 0.1015, Penalty 0.0018, loss 0.7994
Epoch 2, Batch 77/614, Grad Norms near zero: 16, Lx 0.6896, Lu 0.0787, Penalty 0.0017, loss 0.7700
Epoch 2, Batch 78/614, Grad Norms near zero: 12, Lx 0.6981, Lu 0.1618, Penalty 0.0017, loss 0.8615
Epoch 2, Batch 79/614, Grad Norms near zero: 13, Lx 0.6956, Lu 0.1146, Penalty 0.0006, loss 0.8108
Epoch 2, Batch 80/614, Grad Norms near zero: 12, Lx 0.6937, Lu 0.2046, Penalty 0.0000, loss 0.8983
Epoch 2, Batch 81/614, Grad Norms near zero: 12, Lx 0.6942, Lu 0.1098, Penalty 0.0000, loss 0.8040
Epoch 2, Batch 82/614, Grad Norms near zero: 12, Lx 0.6960, Lu 0.0572, Penalty 0.0009, loss 0.7542
Epoch 2, Batch 83/614, Grad Norms near zero: 12, Lx 0.7007, Lu 0.1895, Penalty 0.0011, loss 0.8914
Epoch 2, Batch 84/614, Grad Norms near zero: 12, Lx 0.6952, Lu 0.2111, Penalty 0.0004, loss 0.9068
Epoch 2, Batch 85/614, Grad Norms near zero: 13, Lx 0.6969, Lu 0.0599, Penalty 0.0002, loss 0.7570
Epoch 2, Batch 86/614, Grad Norms near zero: 12, Lx 0.6912, Lu 0.0737, Penalty 0.0007, loss 0.7656
Epoch 2, Batch 87/614, Grad Norms near zero: 12, Lx 0.6901, Lu 0.1654, Penalty 0.0027, loss 0.8582
Epoch 2, Batch 88/614, Grad Norms near zero: 12, Lx 0.7254, Lu 0.1675, Penalty 0.0044, loss 0.8972
Epoch 2, Batch 89/614, Grad Norms near zero: 13, Lx 0.6974, Lu 0.1316, Penalty 0.0032, loss 0.8322
Epoch 2, Batch 90/614, Grad Norms near zero: 15, Lx 0.6851, Lu 0.1012, Penalty 0.0016, loss 0.7878
Epoch 2, Batch 91/614, Grad Norms near zero: 12, Lx 0.7097, Lu 0.0957, Penalty 0.0006, loss 0.8060
Epoch 2, Batch 92/614, Grad Norms near zero: 12, Lx 0.6982, Lu 0.1802, Penalty 0.0002, loss 0.8786
Epoch 2, Batch 93/614, Grad Norms near zero: 12, Lx 0.6963, Lu 0.0735, Penalty 0.0005, loss 0.7704
Epoch 2, Batch 94/614, Grad Norms near zero: 12, Lx 0.6931, Lu 0.1510, Penalty 0.0007, loss 0.8448
Epoch 2, Batch 95/614, Grad Norms near zero: 15, Lx 0.6914, Lu 0.0887, Penalty 0.0004, loss 0.7805
Epoch 2, Batch 96/614, Grad Norms near zero: 12, Lx 0.6993, Lu 0.1359, Penalty 0.0002, loss 0.8353
Epoch 2, Batch 97/614, Grad Norms near zero: 12, Lx 0.6956, Lu 0.1029, Penalty 0.0003, loss 0.7987
Epoch 2, Batch 98/614, Grad Norms near zero: 12, Lx 0.6917, Lu 0.1853, Penalty 0.0019, loss 0.8790
Epoch 2, Batch 99/614, Grad Norms near zero: 12, Lx 0.7167, Lu 0.1006, Penalty 0.0038, loss 0.8211
Epoch 2, Batch 100/614, Grad Norms near zero: 12, Lx 0.7086, Lu 0.1509, Penalty 0.0036, loss 0.8631
Epoch 2, Batch 101/614, Grad Norms near zero: 12, Lx 0.7003, Lu 0.0660, Penalty 0.0014, loss 0.7677
Epoch 2, Batch 102/614, Grad Norms near zero: 12, Lx 0.6913, Lu 0.1176, Penalty 0.0001, loss 0.8090
Epoch 2, Batch 103/614, Grad Norms near zero: 12, Lx 0.6972, Lu 0.0109, Penalty 0.0001, loss 0.7081
Epoch 2, Batch 104/614, Grad Norms near zero: 12, Lx 0.6930, Lu 0.1090, Penalty 0.0002, loss 0.8022
Epoch 2, Batch 105/614, Grad Norms near zero: 12, Lx 0.6926, Lu 0.1185, Penalty 0.0005, loss 0.8116
Epoch 2, Batch 106/614, Grad Norms near zero: 12, Lx 0.6930, Lu 0.1031, Penalty 0.0002, loss 0.7964
Epoch 2, Batch 107/614, Grad Norms near zero: 13, Lx 0.6916, Lu 0.0742, Penalty 0.0002, loss 0.7660
Epoch 2, Batch 108/614, Grad Norms near zero: 12, Lx 0.6993, Lu 0.0617, Penalty 0.0002, loss 0.7613
Epoch 2, Batch 109/614, Grad Norms near zero: 15, Lx 0.6934, Lu 0.0832, Penalty 0.0000, loss 0.7766
Epoch 2, Batch 110/614, Grad Norms near zero: 20, Lx 0.7004, Lu 0.0631, Penalty 0.0002, loss 0.7637
Epoch 2, Batch 111/614, Grad Norms near zero: 12, Lx 0.7038, Lu 0.1696, Penalty 0.0010, loss 0.8744
Epoch 2, Batch 112/614, Grad Norms near zero: 13, Lx 0.6864, Lu 0.0758, Penalty 0.0008, loss 0.7630
Epoch 2, Batch 113/614, Grad Norms near zero: 15, Lx 0.6887, Lu 0.1326, Penalty 0.0010, loss 0.8223
Epoch 2, Batch 114/614, Grad Norms near zero: 12, Lx 0.6858, Lu 0.1880, Penalty 0.0013, loss 0.8751
Epoch 2, Batch 115/614, Grad Norms near zero: 12, Lx 0.6932, Lu 0.1250, Penalty 0.0017, loss 0.8200
Epoch 2, Batch 116/614, Grad Norms near zero: 16, Lx 0.6968, Lu 0.0825, Penalty 0.0016, loss 0.7810
Epoch 2, Batch 117/614, Grad Norms near zero: 12, Lx 0.7000, Lu 0.0278, Penalty 0.0013, loss 0.7291
Epoch 2, Batch 118/614, Grad Norms near zero: 13, Lx 0.7032, Lu 0.0076, Penalty 0.0006, loss 0.7114
Epoch 2, Batch 119/614, Grad Norms near zero: 13, Lx 0.6908, Lu 0.0734, Penalty 0.0000, loss 0.7643
Epoch 2, Batch 120/614, Grad Norms near zero: 12, Lx 0.6934, Lu 0.0729, Penalty 0.0001, loss 0.7664
Epoch 2, Batch 121/614, Grad Norms near zero: 16, Lx 0.6920, Lu 0.1332, Penalty 0.0003, loss 0.8256
Epoch 2, Batch 122/614, Grad Norms near zero: 12, Lx 0.6962, Lu 0.2233, Penalty 0.0005, loss 0.9199
Epoch 2, Batch 123/614, Grad Norms near zero: 12, Lx 0.6978, Lu 0.1340, Penalty 0.0003, loss 0.8322
Epoch 2, Batch 124/614, Grad Norms near zero: 16, Lx 0.6930, Lu 0.1176, Penalty 0.0000, loss 0.8106
Epoch 2, Batch 125/614, Grad Norms near zero: 12, Lx 0.6917, Lu 0.1436, Penalty 0.0003, loss 0.8357
Epoch 2, Batch 126/614, Grad Norms near zero: 12, Lx 0.6879, Lu 0.1908, Penalty 0.0015, loss 0.8802
Epoch 2, Batch 127/614, Grad Norms near zero: 12, Lx 0.6922, Lu 0.1538, Penalty 0.0028, loss 0.8488
Epoch 2, Batch 128/614, Grad Norms near zero: 12, Lx 0.6774, Lu 0.1627, Penalty 0.0033, loss 0.8435
Epoch 2, Batch 129/614, Grad Norms near zero: 14, Lx 0.6947, Lu 0.0383, Penalty 0.0043, loss 0.7372
Epoch 2, Batch 130/614, Grad Norms near zero: 12, Lx 0.7126, Lu 0.2231, Penalty 0.0038, loss 0.9395
Epoch 2, Batch 131/614, Grad Norms near zero: 12, Lx 0.6961, Lu 0.1937, Penalty 0.0014, loss 0.8912
Epoch 2, Batch 132/614, Grad Norms near zero: 12, Lx 0.6966, Lu 0.1579, Penalty 0.0000, loss 0.8545
Epoch 2, Batch 133/614, Grad Norms near zero: 12, Lx 0.6977, Lu 0.1971, Penalty 0.0007, loss 0.8955
Epoch 2, Batch 134/614, Grad Norms near zero: 12, Lx 0.7067, Lu 0.0650, Penalty 0.0017, loss 0.7733
Epoch 2, Batch 135/614, Grad Norms near zero: 12, Lx 0.6845, Lu 0.2013, Penalty 0.0013, loss 0.8871
Epoch 2, Batch 136/614, Grad Norms near zero: 12, Lx 0.6996, Lu 0.0994, Penalty 0.0014, loss 0.8003
Epoch 2, Batch 137/614, Grad Norms near zero: 16, Lx 0.6878, Lu 0.1434, Penalty 0.0006, loss 0.8318
Epoch 2, Batch 138/614, Grad Norms near zero: 14, Lx 0.6929, Lu 0.1401, Penalty 0.0000, loss 0.8330
Epoch 2, Batch 139/614, Grad Norms near zero: 15, Lx 0.6954, Lu 0.1534, Penalty 0.0001, loss 0.8489
Epoch 2, Batch 140/614, Grad Norms near zero: 12, Lx 0.6881, Lu 0.1175, Penalty 0.0003, loss 0.8059
Epoch 2, Batch 141/614, Grad Norms near zero: 12, Lx 0.6835, Lu 0.0961, Penalty 0.0018, loss 0.7814
Epoch 2, Batch 142/614, Grad Norms near zero: 15, Lx 0.6880, Lu 0.0186, Penalty 0.0037, loss 0.7104
Epoch 2, Batch 143/614, Grad Norms near zero: 12, Lx 0.7073, Lu 0.0287, Penalty 0.0056, loss 0.7416
Epoch 2, Batch 144/614, Grad Norms near zero: 12, Lx 0.6945, Lu 0.0928, Penalty 0.0056, loss 0.7929
Epoch 2, Batch 145/614, Grad Norms near zero: 12, Lx 0.7044, Lu 0.1719, Penalty 0.0029, loss 0.8793
Epoch 2, Batch 146/614, Grad Norms near zero: 12, Lx 0.7009, Lu 0.0808, Penalty 0.0017, loss 0.7834
Epoch 2, Batch 147/614, Grad Norms near zero: 12, Lx 0.6952, Lu 0.1868, Penalty 0.0001, loss 0.8821
Epoch 2, Batch 148/614, Grad Norms near zero: 12, Lx 0.6837, Lu 0.1582, Penalty 0.0005, loss 0.8425
Epoch 2, Batch 149/614, Grad Norms near zero: 12, Lx 0.7256, Lu 0.1397, Penalty 0.0032, loss 0.8685
Epoch 2, Batch 150/614, Grad Norms near zero: 12, Lx 0.7009, Lu 0.0740, Penalty 0.0044, loss 0.7792
Epoch 2, Batch 151/614, Grad Norms near zero: 12, Lx 0.6925, Lu 0.1665, Penalty 0.0050, loss 0.8640
Epoch 2, Batch 152/614, Grad Norms near zero: 12, Lx 0.7107, Lu 0.0849, Penalty 0.0031, loss 0.7987
Epoch 2, Batch 153/614, Grad Norms near zero: 12, Lx 0.6895, Lu 0.1584, Penalty 0.0010, loss 0.8488
Epoch 2, Batch 154/614, Grad Norms near zero: 12, Lx 0.6974, Lu 0.0741, Penalty 0.0004, loss 0.7719
Epoch 2, Batch 155/614, Grad Norms near zero: 12, Lx 0.6827, Lu 0.1003, Penalty 0.0009, loss 0.7839
Epoch 2, Batch 156/614, Grad Norms near zero: 12, Lx 0.7030, Lu 0.1575, Penalty 0.0036, loss 0.8642
Epoch 2, Batch 157/614, Grad Norms near zero: 12, Lx 0.7144, Lu 0.0647, Penalty 0.0054, loss 0.7845
Epoch 2, Batch 158/614, Grad Norms near zero: 12, Lx 0.6912, Lu 0.0601, Penalty 0.0067, loss 0.7580
Epoch 2, Batch 159/614, Grad Norms near zero: 12, Lx 0.7142, Lu 0.1964, Penalty 0.0032, loss 0.9138
Epoch 2, Batch 160/614, Grad Norms near zero: 12, Lx 0.6909, Lu 0.0206, Penalty 0.0012, loss 0.7127
Epoch 2, Batch 161/614, Grad Norms near zero: 12, Lx 0.6917, Lu 0.0823, Penalty 0.0000, loss 0.7740
Epoch 2, Batch 162/614, Grad Norms near zero: 12, Lx 0.7077, Lu 0.1835, Penalty 0.0011, loss 0.8923
Epoch 2, Batch 163/614, Grad Norms near zero: 13, Lx 0.6890, Lu 0.0616, Penalty 0.0004, loss 0.7510
Epoch 2, Batch 164/614, Grad Norms near zero: 12, Lx 0.6952, Lu 0.0555, Penalty 0.0007, loss 0.7514
Epoch 2, Batch 165/614, Grad Norms near zero: 12, Lx 0.6886, Lu 0.2027, Penalty 0.0014, loss 0.8928
Epoch 2, Batch 166/614, Grad Norms near zero: 12, Lx 0.6989, Lu 0.1154, Penalty 0.0012, loss 0.8155
Epoch 2, Batch 167/614, Grad Norms near zero: 13, Lx 0.6938, Lu 0.1815, Penalty 0.0002, loss 0.8755
Epoch 2, Batch 168/614, Grad Norms near zero: 13, Lx 0.6896, Lu 0.1601, Penalty 0.0000, loss 0.8497
Epoch 2, Batch 169/614, Grad Norms near zero: 16, Lx 0.6940, Lu 0.0054, Penalty 0.0003, loss 0.6996
Epoch 2, Batch 170/614, Grad Norms near zero: 12, Lx 0.6866, Lu 0.2117, Penalty 0.0011, loss 0.8994
Epoch 2, Batch 171/614, Grad Norms near zero: 12, Lx 0.6985, Lu 0.1122, Penalty 0.0005, loss 0.8112
Epoch 2, Batch 172/614, Grad Norms near zero: 13, Lx 0.6915, Lu 0.0525, Penalty 0.0019, loss 0.7460
Epoch 2, Batch 173/614, Grad Norms near zero: 12, Lx 0.7118, Lu 0.1068, Penalty 0.0022, loss 0.8209
Epoch 2, Batch 174/614, Grad Norms near zero: 18, Lx 0.6914, Lu 0.0383, Penalty 0.0005, loss 0.7302
Epoch 2, Batch 175/614, Grad Norms near zero: 12, Lx 0.6929, Lu 0.1340, Penalty 0.0000, loss 0.8269
Epoch 2, Batch 176/614, Grad Norms near zero: 12, Lx 0.6943, Lu 0.1329, Penalty 0.0004, loss 0.8276
Epoch 2, Batch 177/614, Grad Norms near zero: 12, Lx 0.6979, Lu 0.1758, Penalty 0.0002, loss 0.8739
Epoch 2, Batch 178/614, Grad Norms near zero: 14, Lx 0.6930, Lu 0.1342, Penalty 0.0000, loss 0.8272
Epoch 2, Batch 179/614, Grad Norms near zero: 13, Lx 0.6914, Lu 0.0491, Penalty 0.0001, loss 0.7407
Epoch 2, Batch 180/614, Grad Norms near zero: 13, Lx 0.6943, Lu 0.1247, Penalty 0.0001, loss 0.8191
Epoch 2, Batch 181/614, Grad Norms near zero: 12, Lx 0.6882, Lu 0.1417, Penalty 0.0006, loss 0.8305
Epoch 2, Batch 182/614, Grad Norms near zero: 12, Lx 0.7037, Lu 0.0947, Penalty 0.0011, loss 0.7994
Epoch 2, Batch 183/614, Grad Norms near zero: 12, Lx 0.6987, Lu 0.1034, Penalty 0.0004, loss 0.8025
Epoch 2, Batch 184/614, Grad Norms near zero: 12, Lx 0.6880, Lu 0.1115, Penalty 0.0001, loss 0.7997
Epoch 2, Batch 185/614, Grad Norms near zero: 17, Lx 0.6925, Lu 0.0718, Penalty 0.0002, loss 0.7646
Epoch 2, Batch 186/614, Grad Norms near zero: 15, Lx 0.6961, Lu 0.1539, Penalty 0.0007, loss 0.8507
Epoch 2, Batch 187/614, Grad Norms near zero: 12, Lx 0.7011, Lu 0.0921, Penalty 0.0006, loss 0.7938
Epoch 2, Batch 188/614, Grad Norms near zero: 13, Lx 0.6948, Lu 0.1596, Penalty 0.0000, loss 0.8544
Epoch 2, Batch 189/614, Grad Norms near zero: 13, Lx 0.6907, Lu 0.1459, Penalty 0.0001, loss 0.8366
Epoch 2, Batch 190/614, Grad Norms near zero: 15, Lx 0.6946, Lu 0.0785, Penalty 0.0001, loss 0.7732
Epoch 2, Batch 191/614, Grad Norms near zero: 12, Lx 0.6933, Lu 0.0632, Penalty 0.0000, loss 0.7564
Epoch 2, Batch 192/614, Grad Norms near zero: 15, Lx 0.6950, Lu 0.1205, Penalty 0.0000, loss 0.8155
Epoch 2, Batch 193/614, Grad Norms near zero: 12, Lx 0.6911, Lu 0.0258, Penalty 0.0000, loss 0.7169
Epoch 2, Batch 194/614, Grad Norms near zero: 12, Lx 0.6959, Lu 0.1092, Penalty 0.0006, loss 0.8057
Epoch 2, Batch 195/614, Grad Norms near zero: 21, Lx 0.6942, Lu 0.0359, Penalty 0.0006, loss 0.7307
Epoch 2, Batch 196/614, Grad Norms near zero: 15, Lx 0.6921, Lu 0.1149, Penalty 0.0003, loss 0.8074
Epoch 2, Batch 197/614, Grad Norms near zero: 16, Lx 0.6908, Lu 0.1059, Penalty 0.0007, loss 0.7973
Epoch 2, Batch 198/614, Grad Norms near zero: 12, Lx 0.7074, Lu 0.0757, Penalty 0.0012, loss 0.7843
Epoch 2, Batch 199/614, Grad Norms near zero: 12, Lx 0.7021, Lu 0.0787, Penalty 0.0006, loss 0.7814
Epoch 2, Batch 200/614, Grad Norms near zero: 17, Lx 0.6948, Lu 0.0464, Penalty 0.0000, loss 0.7412
Epoch 2, Batch 201/614, Grad Norms near zero: 12, Lx 0.6961, Lu 0.0998, Penalty 0.0002, loss 0.7962
Epoch 2, Batch 202/614, Grad Norms near zero: 17, Lx 0.6896, Lu 0.1032, Penalty 0.0008, loss 0.7937
Epoch 2, Batch 203/614, Grad Norms near zero: 16, Lx 0.6855, Lu 0.0588, Penalty 0.0014, loss 0.7458
Epoch 2, Batch 204/614, Grad Norms near zero: 12, Lx 0.6915, Lu 0.2055, Penalty 0.0021, loss 0.8992
Epoch 2, Batch 205/614, Grad Norms near zero: 12, Lx 0.6931, Lu 0.0554, Penalty 0.0015, loss 0.7500
Epoch 2, Batch 206/614, Grad Norms near zero: 12, Lx 0.6942, Lu 0.0890, Penalty 0.0008, loss 0.7840
Epoch 2, Batch 207/614, Grad Norms near zero: 12, Lx 0.6982, Lu 0.0399, Penalty 0.0001, loss 0.7382
Epoch 2, Batch 208/614, Grad Norms near zero: 12, Lx 0.6920, Lu 0.0928, Penalty 0.0003, loss 0.7851
Epoch 2, Batch 209/614, Grad Norms near zero: 12, Lx 0.6894, Lu 0.1583, Penalty 0.0026, loss 0.8504
Epoch 2, Batch 210/614, Grad Norms near zero: 12, Lx 0.7064, Lu 0.0588, Penalty 0.0053, loss 0.7705
Epoch 2, Batch 211/614, Grad Norms near zero: 12, Lx 0.7031, Lu 0.1329, Penalty 0.0086, loss 0.8445
Epoch 2, Batch 212/614, Grad Norms near zero: 12, Lx 0.7298, Lu 0.1908, Penalty 0.0073, loss 0.9278
Epoch 2, Batch 213/614, Grad Norms near zero: 12, Lx 0.7105, Lu 0.1213, Penalty 0.0046, loss 0.8363
Epoch 2, Batch 214/614, Grad Norms near zero: 12, Lx 0.6818, Lu 0.1663, Penalty 0.0014, loss 0.8495
Epoch 2, Batch 215/614, Grad Norms near zero: 12, Lx 0.6848, Lu 0.1879, Penalty 0.0005, loss 0.8731
Epoch 2, Batch 216/614, Grad Norms near zero: 13, Lx 0.6931, Lu 0.1281, Penalty 0.0000, loss 0.8212
Epoch 2, Batch 217/614, Grad Norms near zero: 12, Lx 0.6942, Lu 0.1157, Penalty 0.0000, loss 0.8100
Epoch 2, Batch 218/614, Grad Norms near zero: 18, Lx 0.6945, Lu 0.1579, Penalty 0.0002, loss 0.8526
Epoch 2, Batch 219/614, Grad Norms near zero: 18, Lx 0.6931, Lu 0.0659, Penalty 0.0004, loss 0.7595
Epoch 2, Batch 220/614, Grad Norms near zero: 12, Lx 0.6865, Lu 0.1406, Penalty 0.0005, loss 0.8275
Epoch 2, Batch 221/614, Grad Norms near zero: 18, Lx 0.6941, Lu 0.0265, Penalty 0.0011, loss 0.7218
Epoch 2, Batch 222/614, Grad Norms near zero: 14, Lx 0.6983, Lu 0.1484, Penalty 0.0015, loss 0.8483
Epoch 2, Batch 223/614, Grad Norms near zero: 15, Lx 0.6963, Lu 0.0347, Penalty 0.0010, loss 0.7320
Epoch 2, Batch 224/614, Grad Norms near zero: 12, Lx 0.6988, Lu 0.2017, Penalty 0.0008, loss 0.9012
Epoch 2, Batch 225/614, Grad Norms near zero: 14, Lx 0.6910, Lu 0.1058, Penalty 0.0001, loss 0.7969
Epoch 2, Batch 226/614, Grad Norms near zero: 14, Lx 0.6926, Lu 0.0997, Penalty 0.0000, loss 0.7923
Epoch 2, Batch 227/614, Grad Norms near zero: 12, Lx 0.6993, Lu 0.1012, Penalty 0.0002, loss 0.8007
Epoch 2, Batch 228/614, Grad Norms near zero: 15, Lx 0.6887, Lu 0.1309, Penalty 0.0004, loss 0.8200
Epoch 2, Batch 229/614, Grad Norms near zero: 14, Lx 0.6936, Lu 0.1785, Penalty 0.0007, loss 0.8727
Epoch 2, Batch 230/614, Grad Norms near zero: 13, Lx 0.6969, Lu 0.0251, Penalty 0.0001, loss 0.7221
Epoch 2, Batch 231/614, Grad Norms near zero: 12, Lx 0.6922, Lu 0.1822, Penalty 0.0000, loss 0.8744
Epoch 2, Batch 232/614, Grad Norms near zero: 12, Lx 0.6941, Lu 0.1304, Penalty 0.0000, loss 0.8244
Epoch 2, Batch 233/614, Grad Norms near zero: 12, Lx 0.6973, Lu 0.1917, Penalty 0.0004, loss 0.8894
Epoch 2, Batch 234/614, Grad Norms near zero: 12, Lx 0.6955, Lu 0.1605, Penalty 0.0021, loss 0.8582
Epoch 2, Batch 235/614, Grad Norms near zero: 12, Lx 0.6982, Lu 0.1079, Penalty 0.0016, loss 0.8077
Epoch 2, Batch 236/614, Grad Norms near zero: 12, Lx 0.7039, Lu 0.1701, Penalty 0.0023, loss 0.8763
Epoch 2, Batch 237/614, Grad Norms near zero: 14, Lx 0.6944, Lu 0.1425, Penalty 0.0004, loss 0.8373
Epoch 2, Batch 238/614, Grad Norms near zero: 16, Lx 0.6921, Lu 0.1478, Penalty 0.0002, loss 0.8401
Epoch 2, Batch 239/614, Grad Norms near zero: 15, Lx 0.6928, Lu 0.0927, Penalty 0.0000, loss 0.7855
Epoch 2, Batch 240/614, Grad Norms near zero: 14, Lx 0.6940, Lu 0.0402, Penalty 0.0000, loss 0.7342
Epoch 2, Batch 241/614, Grad Norms near zero: 12, Lx 0.6961, Lu 0.1207, Penalty 0.0005, loss 0.8173
Epoch 2, Batch 242/614, Grad Norms near zero: 12, Lx 0.6984, Lu 0.1753, Penalty 0.0007, loss 0.8744
Epoch 2, Batch 243/614, Grad Norms near zero: 18, Lx 0.6930, Lu 0.0960, Penalty 0.0001, loss 0.7892
Epoch 2, Batch 244/614, Grad Norms near zero: 15, Lx 0.6920, Lu 0.1942, Penalty 0.0001, loss 0.8864
Epoch 2, Batch 245/614, Grad Norms near zero: 12, Lx 0.6972, Lu 0.0634, Penalty 0.0001, loss 0.7607
Epoch 2, Batch 246/614, Grad Norms near zero: 12, Lx 0.6932, Lu 0.1012, Penalty 0.0000, loss 0.7944
Epoch 2, Batch 247/614, Grad Norms near zero: 14, Lx 0.6929, Lu 0.0883, Penalty 0.0001, loss 0.7813
Epoch 2, Batch 248/614, Grad Norms near zero: 15, Lx 0.6955, Lu 0.1033, Penalty 0.0000, loss 0.7988
Epoch 2, Batch 249/614, Grad Norms near zero: 13, Lx 0.6920, Lu 0.1314, Penalty 0.0000, loss 0.8234
Epoch 2, Batch 250/614, Grad Norms near zero: 12, Lx 0.6938, Lu 0.1935, Penalty 0.0000, loss 0.8873
Epoch 2, Batch 251/614, Grad Norms near zero: 13, Lx 0.6935, Lu 0.0545, Penalty 0.0000, loss 0.7481
Epoch 2, Batch 252/614, Grad Norms near zero: 13, Lx 0.6914, Lu 0.0763, Penalty 0.0001, loss 0.7677
Epoch 2, Batch 253/614, Grad Norms near zero: 13, Lx 0.6926, Lu 0.0973, Penalty 0.0008, loss 0.7906
Epoch 2, Batch 254/614, Grad Norms near zero: 15, Lx 0.6984, Lu 0.0174, Penalty 0.0021, loss 0.7179
Epoch 2, Batch 255/614, Grad Norms near zero: 13, Lx 0.6944, Lu 0.0463, Penalty 0.0026, loss 0.7433
Epoch 2, Batch 256/614, Grad Norms near zero: 13, Lx 0.7000, Lu 0.1008, Penalty 0.0018, loss 0.8026
Epoch 2, Batch 257/614, Grad Norms near zero: 13, Lx 0.6845, Lu 0.0894, Penalty 0.0023, loss 0.7763
Epoch 2, Batch 258/614, Grad Norms near zero: 13, Lx 0.6969, Lu 0.1020, Penalty 0.0013, loss 0.8002
Epoch 2, Batch 259/614, Grad Norms near zero: 12, Lx 0.6823, Lu 0.1534, Penalty 0.0009, loss 0.8366
Epoch 2, Batch 260/614, Grad Norms near zero: 12, Lx 0.7052, Lu 0.0796, Penalty 0.0008, loss 0.7857
Epoch 2, Batch 261/614, Grad Norms near zero: 13, Lx 0.6903, Lu 0.1975, Penalty 0.0004, loss 0.8882
Epoch 2, Batch 262/614, Grad Norms near zero: 13, Lx 0.6918, Lu 0.1800, Penalty 0.0001, loss 0.8719
Epoch 2, Batch 263/614, Grad Norms near zero: 12, Lx 0.6935, Lu 0.0551, Penalty 0.0000, loss 0.7486
Epoch 2, Batch 264/614, Grad Norms near zero: 12, Lx 0.6926, Lu 0.1634, Penalty 0.0000, loss 0.8561
Epoch 2, Batch 265/614, Grad Norms near zero: 13, Lx 0.6931, Lu 0.0822, Penalty 0.0000, loss 0.7753
Epoch 2, Batch 266/614, Grad Norms near zero: 13, Lx 0.6936, Lu 0.1800, Penalty 0.0000, loss 0.8736
Epoch 2, Batch 267/614, Grad Norms near zero: 12, Lx 0.6986, Lu 0.0469, Penalty 0.0000, loss 0.7455
Epoch 2, Batch 268/614, Grad Norms near zero: 14, Lx 0.6936, Lu 0.0381, Penalty 0.0000, loss 0.7317
Epoch 2, Batch 269/614, Grad Norms near zero: 15, Lx 0.6900, Lu 0.1387, Penalty 0.0001, loss 0.8288
Epoch 2, Batch 270/614, Grad Norms near zero: 13, Lx 0.6871, Lu 0.0550, Penalty 0.0001, loss 0.7422
Epoch 2, Batch 271/614, Grad Norms near zero: 13, Lx 0.6865, Lu 0.1561, Penalty 0.0005, loss 0.8431
Epoch 2, Batch 272/614, Grad Norms near zero: 12, Lx 0.6994, Lu 0.0710, Penalty 0.0009, loss 0.7713
Epoch 2, Batch 273/614, Grad Norms near zero: 12, Lx 0.6864, Lu 0.1464, Penalty 0.0007, loss 0.8335
Epoch 2, Batch 274/614, Grad Norms near zero: 13, Lx 0.6957, Lu 0.0659, Penalty 0.0010, loss 0.7626
Epoch 2, Batch 275/614, Grad Norms near zero: 12, Lx 0.6976, Lu 0.0231, Penalty 0.0011, loss 0.7217
Epoch 2, Batch 276/614, Grad Norms near zero: 12, Lx 0.6930, Lu 0.2076, Penalty 0.0007, loss 0.9014
Epoch 2, Batch 277/614, Grad Norms near zero: 15, Lx 0.6921, Lu 0.1238, Penalty 0.0003, loss 0.8162
Epoch 2, Batch 278/614, Grad Norms near zero: 14, Lx 0.6970, Lu 0.1362, Penalty 0.0001, loss 0.8332
Epoch 2, Batch 279/614, Grad Norms near zero: 12, Lx 0.6919, Lu 0.1803, Penalty 0.0000, loss 0.8722
Epoch 2, Batch 280/614, Grad Norms near zero: 12, Lx 0.6965, Lu 0.1370, Penalty 0.0001, loss 0.8337
Epoch 2, Batch 281/614, Grad Norms near zero: 18, Lx 0.6926, Lu 0.0945, Penalty 0.0003, loss 0.7874
Epoch 2, Batch 282/614, Grad Norms near zero: 12, Lx 0.7020, Lu 0.1621, Penalty 0.0007, loss 0.8648
Epoch 2, Batch 283/614, Grad Norms near zero: 13, Lx 0.6952, Lu 0.0748, Penalty 0.0002, loss 0.7703
Epoch 2, Batch 284/614, Grad Norms near zero: 13, Lx 0.6932, Lu 0.0518, Penalty 0.0002, loss 0.7453
Epoch 2, Batch 285/614, Grad Norms near zero: 18, Lx 0.6920, Lu 0.0785, Penalty 0.0002, loss 0.7707
Epoch 2, Batch 286/614, Grad Norms near zero: 13, Lx 0.6901, Lu 0.1028, Penalty 0.0000, loss 0.7930
Epoch 2, Batch 287/614, Grad Norms near zero: 12, Lx 0.6912, Lu 0.1095, Penalty 0.0000, loss 0.8007
Epoch 2, Batch 288/614, Grad Norms near zero: 16, Lx 0.6936, Lu 0.0787, Penalty 0.0001, loss 0.7724
Epoch 2, Batch 289/614, Grad Norms near zero: 13, Lx 0.6962, Lu 0.1008, Penalty 0.0002, loss 0.7972
Epoch 2, Batch 290/614, Grad Norms near zero: 12, Lx 0.6948, Lu 0.1440, Penalty 0.0000, loss 0.8388
Epoch 2, Batch 291/614, Grad Norms near zero: 13, Lx 0.6923, Lu 0.1263, Penalty 0.0001, loss 0.8188
Epoch 2, Batch 292/614, Grad Norms near zero: 13, Lx 0.6946, Lu 0.1762, Penalty 0.0000, loss 0.8709
Epoch 2, Batch 293/614, Grad Norms near zero: 14, Lx 0.6965, Lu 0.0267, Penalty 0.0000, loss 0.7232
Epoch 2, Batch 294/614, Grad Norms near zero: 12, Lx 0.6994, Lu 0.1115, Penalty 0.0004, loss 0.8113
Epoch 2, Batch 295/614, Grad Norms near zero: 12, Lx 0.6909, Lu 0.0492, Penalty 0.0000, loss 0.7400
Epoch 2, Batch 296/614, Grad Norms near zero: 13, Lx 0.6928, Lu 0.1433, Penalty 0.0000, loss 0.8361
Epoch 2, Batch 297/614, Grad Norms near zero: 13, Lx 0.6935, Lu 0.1162, Penalty 0.0004, loss 0.8102
Epoch 2, Batch 298/614, Grad Norms near zero: 14, Lx 0.6964, Lu 0.1280, Penalty 0.0007, loss 0.8251
Epoch 2, Batch 299/614, Grad Norms near zero: 12, Lx 0.6931, Lu 0.1639, Penalty 0.0011, loss 0.8581
Epoch 2, Batch 300/614, Grad Norms near zero: 12, Lx 0.7048, Lu 0.1129, Penalty 0.0016, loss 0.8194
Epoch 2, Batch 301/614, Grad Norms near zero: 12, Lx 0.6788, Lu 0.1019, Penalty 0.0012, loss 0.7819
Epoch 2, Batch 302/614, Grad Norms near zero: 12, Lx 0.6797, Lu 0.0975, Penalty 0.0008, loss 0.7781
Epoch 2, Batch 303/614, Grad Norms near zero: 13, Lx 0.6878, Lu 0.0368, Penalty 0.0018, loss 0.7264
Epoch 2, Batch 304/614, Grad Norms near zero: 12, Lx 0.6877, Lu 0.1224, Penalty 0.0011, loss 0.8112
Epoch 2, Batch 305/614, Grad Norms near zero: 12, Lx 0.6870, Lu 0.1379, Penalty 0.0024, loss 0.8272
Epoch 2, Batch 306/614, Grad Norms near zero: 13, Lx 0.6934, Lu 0.1882, Penalty 0.0019, loss 0.8834
Epoch 2, Batch 307/614, Grad Norms near zero: 15, Lx 0.6876, Lu 0.0566, Penalty 0.0038, loss 0.7480
Epoch 2, Batch 308/614, Grad Norms near zero: 15, Lx 0.6864, Lu 0.0764, Penalty 0.0028, loss 0.7656
Epoch 2, Batch 309/614, Grad Norms near zero: 14, Lx 0.6865, Lu 0.1628, Penalty 0.0024, loss 0.8516
Epoch 2, Batch 310/614, Grad Norms near zero: 12, Lx 0.6923, Lu 0.2034, Penalty 0.0037, loss 0.8993
Epoch 2, Batch 311/614, Grad Norms near zero: 17, Lx 0.6920, Lu 0.0334, Penalty 0.0025, loss 0.7279
Epoch 2, Batch 312/614, Grad Norms near zero: 13, Lx 0.6904, Lu 0.1331, Penalty 0.0008, loss 0.8243
Epoch 2, Batch 313/614, Grad Norms near zero: 12, Lx 0.6958, Lu 0.2244, Penalty 0.0006, loss 0.9207
Epoch 2, Batch 314/614, Grad Norms near zero: 13, Lx 0.6880, Lu 0.1115, Penalty 0.0007, loss 0.8001
Epoch 2, Batch 315/614, Grad Norms near zero: 12, Lx 0.6940, Lu 0.0855, Penalty 0.0001, loss 0.7797
Epoch 2, Batch 316/614, Grad Norms near zero: 12, Lx 0.6905, Lu 0.2020, Penalty 0.0001, loss 0.8926
Epoch 2, Batch 317/614, Grad Norms near zero: 12, Lx 0.6934, Lu 0.1359, Penalty 0.0004, loss 0.8296
Epoch 2, Batch 318/614, Grad Norms near zero: 12, Lx 0.7008, Lu 0.1813, Penalty 0.0009, loss 0.8830
Epoch 2, Batch 319/614, Grad Norms near zero: 12, Lx 0.7003, Lu 0.0904, Penalty 0.0007, loss 0.7914
Epoch 2, Batch 320/614, Grad Norms near zero: 12, Lx 0.6965, Lu 0.1158, Penalty 0.0002, loss 0.8125
Epoch 2, Batch 321/614, Grad Norms near zero: 16, Lx 0.6924, Lu 0.1854, Penalty 0.0001, loss 0.8779
Epoch 2, Batch 322/614, Grad Norms near zero: 12, Lx 0.7051, Lu 0.1233, Penalty 0.0010, loss 0.8295
Epoch 2, Batch 323/614, Grad Norms near zero: 12, Lx 0.6921, Lu 0.1735, Penalty 0.0008, loss 0.8664
Epoch 2, Batch 324/614, Grad Norms near zero: 12, Lx 0.7093, Lu 0.1261, Penalty 0.0014, loss 0.8368
Epoch 2, Batch 325/614, Grad Norms near zero: 12, Lx 0.6880, Lu 0.1244, Penalty 0.0006, loss 0.8131
Epoch 2, Batch 326/614, Grad Norms near zero: 12, Lx 0.6993, Lu 0.0905, Penalty 0.0015, loss 0.7913
Epoch 2, Batch 327/614, Grad Norms near zero: 17, Lx 0.6902, Lu 0.0623, Penalty 0.0012, loss 0.7536
Epoch 2, Batch 328/614, Grad Norms near zero: 12, Lx 0.6857, Lu 0.1482, Penalty 0.0012, loss 0.8351
Epoch 2, Batch 329/614, Grad Norms near zero: 13, Lx 0.6965, Lu 0.1210, Penalty 0.0008, loss 0.8183
Epoch 2, Batch 330/614, Grad Norms near zero: 12, Lx 0.6919, Lu 0.1635, Penalty 0.0006, loss 0.8560
Epoch 2, Batch 331/614, Grad Norms near zero: 12, Lx 0.6928, Lu 0.1317, Penalty 0.0000, loss 0.8246
Epoch 2, Batch 332/614, Grad Norms near zero: 12, Lx 0.6899, Lu 0.0478, Penalty 0.0002, loss 0.7379
Epoch 2, Batch 333/614, Grad Norms near zero: 12, Lx 0.6946, Lu 0.1610, Penalty 0.0000, loss 0.8556
Epoch 2, Batch 334/614, Grad Norms near zero: 12, Lx 0.6965, Lu 0.0187, Penalty 0.0005, loss 0.7157
Epoch 2, Batch 335/614, Grad Norms near zero: 15, Lx 0.6858, Lu 0.0940, Penalty 0.0008, loss 0.7806
Epoch 2, Batch 336/614, Grad Norms near zero: 12, Lx 0.6992, Lu 0.0202, Penalty 0.0013, loss 0.7208
Epoch 2, Batch 337/614, Grad Norms near zero: 12, Lx 0.6998, Lu 0.1456, Penalty 0.0010, loss 0.8463
Epoch 2, Batch 338/614, Grad Norms near zero: 12, Lx 0.6939, Lu 0.2043, Penalty 0.0005, loss 0.8986
Epoch 2, Batch 339/614, Grad Norms near zero: 12, Lx 0.6914, Lu 0.1397, Penalty 0.0002, loss 0.8314
Epoch 2, Batch 340/614, Grad Norms near zero: 12, Lx 0.6920, Lu 0.1555, Penalty 0.0001, loss 0.8476
Epoch 2, Batch 341/614, Grad Norms near zero: 14, Lx 0.6943, Lu 0.0648, Penalty 0.0001, loss 0.7592
Epoch 2, Batch 342/614, Grad Norms near zero: 12, Lx 0.6886, Lu 0.0150, Penalty 0.0001, loss 0.7037
Epoch 2, Batch 343/614, Grad Norms near zero: 12, Lx 0.6946, Lu 0.1724, Penalty 0.0012, loss 0.8681
Epoch 2, Batch 344/614, Grad Norms near zero: 12, Lx 0.6959, Lu 0.0879, Penalty 0.0005, loss 0.7842
Epoch 2, Batch 345/614, Grad Norms near zero: 12, Lx 0.6933, Lu 0.1541, Penalty 0.0000, loss 0.8474
Epoch 2, Batch 346/614, Grad Norms near zero: 12, Lx 0.6866, Lu 0.1774, Penalty 0.0015, loss 0.8654
Epoch 2, Batch 347/614, Grad Norms near zero: 13, Lx 0.6863, Lu 0.0647, Penalty 0.0013, loss 0.7523
Epoch 2, Batch 348/614, Grad Norms near zero: 13, Lx 0.6892, Lu 0.0130, Penalty 0.0010, loss 0.7031
Epoch 2, Batch 349/614, Grad Norms near zero: 13, Lx 0.6823, Lu 0.0340, Penalty 0.0015, loss 0.7177
Epoch 2, Batch 350/614, Grad Norms near zero: 12, Lx 0.6841, Lu 0.0675, Penalty 0.0008, loss 0.7524
Epoch 2, Batch 351/614, Grad Norms near zero: 12, Lx 0.7046, Lu 0.0619, Penalty 0.0016, loss 0.7681
Epoch 2, Batch 352/614, Grad Norms near zero: 12, Lx 0.6941, Lu 0.0878, Penalty 0.0007, loss 0.7826
Epoch 2, Batch 353/614, Grad Norms near zero: 12, Lx 0.6973, Lu 0.1090, Penalty 0.0005, loss 0.8067
Epoch 2, Batch 354/614, Grad Norms near zero: 12, Lx 0.6858, Lu 0.0098, Penalty 0.0007, loss 0.6963
Epoch 2, Batch 355/614, Grad Norms near zero: 12, Lx 0.6941, Lu 0.1555, Penalty -0.0000, loss 0.8496
Epoch 2, Batch 356/614, Grad Norms near zero: 12, Lx 0.6942, Lu 0.1719, Penalty 0.0000, loss 0.8661
Epoch 2, Batch 357/614, Grad Norms near zero: 12, Lx 0.6922, Lu 0.0697, Penalty 0.0007, loss 0.7625
Epoch 2, Batch 358/614, Grad Norms near zero: 12, Lx 0.6973, Lu 0.1004, Penalty 0.0017, loss 0.7994
Epoch 2, Batch 359/614, Grad Norms near zero: 12, Lx 0.6824, Lu 0.0707, Penalty 0.0008, loss 0.7538
Epoch 2, Batch 360/614, Grad Norms near zero: 12, Lx 0.7078, Lu 0.0233, Penalty 0.0009, loss 0.7320
Epoch 2, Batch 361/614, Grad Norms near zero: 12, Lx 0.6943, Lu 0.1621, Penalty 0.0002, loss 0.8566
Epoch 2, Batch 362/614, Grad Norms near zero: 12, Lx 0.6928, Lu 0.1530, Penalty 0.0000, loss 0.8458
Epoch 2, Batch 363/614, Grad Norms near zero: 12, Lx 0.6968, Lu 0.1713, Penalty 0.0003, loss 0.8684
Epoch 2, Batch 364/614, Grad Norms near zero: 13, Lx 0.6945, Lu 0.1256, Penalty 0.0000, loss 0.8201
Epoch 2, Batch 365/614, Grad Norms near zero: 12, Lx 0.6974, Lu 0.1953, Penalty 0.0006, loss 0.8933
Epoch 2, Batch 366/614, Grad Norms near zero: 12, Lx 0.6926, Lu 0.1135, Penalty 0.0000, loss 0.8060
Epoch 2, Batch 367/614, Grad Norms near zero: 18, Lx 0.6934, Lu 0.1196, Penalty -0.0000, loss 0.8131
Epoch 2, Batch 368/614, Grad Norms near zero: 12, Lx 0.6926, Lu 0.0941, Penalty 0.0003, loss 0.7870
Epoch 2, Batch 369/614, Grad Norms near zero: 12, Lx 0.6972, Lu 0.1260, Penalty 0.0002, loss 0.8234
Epoch 2, Batch 370/614, Grad Norms near zero: 13, Lx 0.6940, Lu 0.1095, Penalty 0.0001, loss 0.8035
Epoch 2, Batch 371/614, Grad Norms near zero: 12, Lx 0.7044, Lu 0.1552, Penalty 0.0010, loss 0.8606
Epoch 2, Batch 372/614, Grad Norms near zero: 12, Lx 0.6989, Lu 0.0739, Penalty 0.0005, loss 0.7733
Epoch 2, Batch 373/614, Grad Norms near zero: 12, Lx 0.6935, Lu 0.0805, Penalty 0.0001, loss 0.7742
Epoch 2, Batch 374/614, Grad Norms near zero: 12, Lx 0.6958, Lu 0.0648, Penalty 0.0002, loss 0.7608
Epoch 2, Batch 375/614, Grad Norms near zero: 13, Lx 0.6899, Lu 0.1666, Penalty 0.0002, loss 0.8568
Epoch 2, Batch 376/614, Grad Norms near zero: 16, Lx 0.6881, Lu 0.0428, Penalty 0.0006, loss 0.7316
Epoch 2, Batch 377/614, Grad Norms near zero: 16, Lx 0.6860, Lu 0.0512, Penalty 0.0014, loss 0.7386
Epoch 2, Batch 378/614, Grad Norms near zero: 12, Lx 0.7011, Lu 0.0706, Penalty 0.0015, loss 0.7732
Epoch 2, Batch 379/614, Grad Norms near zero: 14, Lx 0.6905, Lu 0.0763, Penalty 0.0004, loss 0.7673
Epoch 2, Batch 380/614, Grad Norms near zero: 15, Lx 0.6939, Lu 0.1170, Penalty 0.0003, loss 0.8113
Epoch 2, Batch 381/614, Grad Norms near zero: 15, Lx 0.6873, Lu 0.1041, Penalty 0.0002, loss 0.7916
Epoch 2, Batch 382/614, Grad Norms near zero: 14, Lx 0.6923, Lu 0.0862, Penalty 0.0000, loss 0.7786
Epoch 2, Batch 383/614, Grad Norms near zero: 12, Lx 0.6940, Lu 0.1350, Penalty 0.0001, loss 0.8291
Epoch 2, Batch 384/614, Grad Norms near zero: 12, Lx 0.7010, Lu 0.0705, Penalty 0.0007, loss 0.7722
Epoch 2, Batch 385/614, Grad Norms near zero: 12, Lx 0.6981, Lu 0.2066, Penalty 0.0006, loss 0.9052
Epoch 2, Batch 386/614, Grad Norms near zero: 12, Lx 0.6856, Lu 0.0841, Penalty 0.0004, loss 0.7701
Epoch 2, Batch 387/614, Grad Norms near zero: 12, Lx 0.6929, Lu 0.1233, Penalty 0.0001, loss 0.8164
Epoch 2, Batch 388/614, Grad Norms near zero: 13, Lx 0.6906, Lu 0.1570, Penalty 0.0001, loss 0.8476
Epoch 2, Batch 389/614, Grad Norms near zero: 17, Lx 0.6956, Lu 0.0631, Penalty 0.0000, loss 0.7588
Epoch 2, Batch 390/614, Grad Norms near zero: 12, Lx 0.6948, Lu 0.1605, Penalty 0.0000, loss 0.8552
Epoch 2, Batch 391/614, Grad Norms near zero: 12, Lx 0.6953, Lu 0.0766, Penalty 0.0000, loss 0.7719
Epoch 2, Batch 392/614, Grad Norms near zero: 12, Lx 0.6930, Lu 0.1549, Penalty 0.0000, loss 0.8479
Epoch 2, Batch 393/614, Grad Norms near zero: 12, Lx 0.6933, Lu 0.1484, Penalty 0.0002, loss 0.8419
Epoch 2, Batch 394/614, Grad Norms near zero: 13, Lx 0.6927, Lu 0.1719, Penalty 0.0004, loss 0.8649
Epoch 2, Batch 395/614, Grad Norms near zero: 12, Lx 0.6903, Lu 0.1343, Penalty 0.0002, loss 0.8247
Epoch 2, Batch 396/614, Grad Norms near zero: 13, Lx 0.6931, Lu 0.0932, Penalty 0.0002, loss 0.7864
Epoch 2, Batch 397/614, Grad Norms near zero: 14, Lx 0.6931, Lu 0.1142, Penalty 0.0001, loss 0.8074
Epoch 2, Batch 398/614, Grad Norms near zero: 12, Lx 0.6951, Lu 0.1342, Penalty 0.0000, loss 0.8293
Epoch 2, Batch 399/614, Grad Norms near zero: 20, Lx 0.6931, Lu 0.0168, Penalty 0.0000, loss 0.7099
Epoch 2, Batch 400/614, Grad Norms near zero: 12, Lx 0.6976, Lu 0.1226, Penalty 0.0002, loss 0.8204
Epoch 2, Batch 401/614, Grad Norms near zero: 14, Lx 0.6925, Lu 0.1308, Penalty 0.0002, loss 0.8235
Epoch 2, Batch 402/614, Grad Norms near zero: 20, Lx 0.6960, Lu 0.0448, Penalty 0.0002, loss 0.7411
Epoch 2, Batch 403/614, Grad Norms near zero: 12, Lx 0.6933, Lu 0.0770, Penalty 0.0002, loss 0.7705
Epoch 2, Batch 404/614, Grad Norms near zero: 14, Lx 0.6923, Lu 0.1313, Penalty 0.0000, loss 0.8236
Epoch 2, Batch 405/614, Grad Norms near zero: 12, Lx 0.6949, Lu 0.1464, Penalty 0.0000, loss 0.8413
Epoch 2, Batch 406/614, Grad Norms near zero: 14, Lx 0.6952, Lu 0.0616, Penalty 0.0000, loss 0.7568
Epoch 2, Batch 407/614, Grad Norms near zero: 13, Lx 0.6931, Lu 0.1479, Penalty 0.0000, loss 0.8410
Epoch 2, Batch 408/614, Grad Norms near zero: 13, Lx 0.6987, Lu 0.0286, Penalty 0.0001, loss 0.7273
Epoch 2, Batch 409/614, Grad Norms near zero: 13, Lx 0.6928, Lu 0.1882, Penalty 0.0000, loss 0.8810
Epoch 2, Batch 410/614, Grad Norms near zero: 12, Lx 0.6925, Lu 0.1384, Penalty 0.0000, loss 0.8309
Epoch 2, Batch 411/614, Grad Norms near zero: 12, Lx 0.6963, Lu 0.0583, Penalty 0.0000, loss 0.7546
Epoch 2, Batch 412/614, Grad Norms near zero: 14, Lx 0.6940, Lu 0.1443, Penalty 0.0000, loss 0.8383
Epoch 2, Batch 413/614, Grad Norms near zero: 13, Lx 0.6938, Lu 0.1540, Penalty 0.0000, loss 0.8478
Epoch 2, Batch 414/614, Grad Norms near zero: 12, Lx 0.6908, Lu 0.1437, Penalty 0.0000, loss 0.8346
Epoch 2, Batch 415/614, Grad Norms near zero: 17, Lx 0.6931, Lu 0.0488, Penalty 0.0002, loss 0.7421
Epoch 2, Batch 416/614, Grad Norms near zero: 17, Lx 0.6897, Lu 0.1063, Penalty 0.0003, loss 0.7963
Epoch 2, Batch 417/614, Grad Norms near zero: 14, Lx 0.6943, Lu 0.1503, Penalty 0.0007, loss 0.8454
Epoch 2, Batch 418/614, Grad Norms near zero: 12, Lx 0.6832, Lu 0.1174, Penalty 0.0010, loss 0.8015
Epoch 2, Batch 419/614, Grad Norms near zero: 16, Lx 0.6838, Lu 0.1253, Penalty 0.0014, loss 0.8105
Epoch 2, Batch 420/614, Grad Norms near zero: 12, Lx 0.7081, Lu 0.1625, Penalty 0.0023, loss 0.8729
Epoch 2, Batch 421/614, Grad Norms near zero: 13, Lx 0.6893, Lu 0.0995, Penalty 0.0021, loss 0.7909
Epoch 2, Batch 422/614, Grad Norms near zero: 13, Lx 0.7013, Lu 0.0215, Penalty 0.0014, loss 0.7241
Epoch 2, Batch 423/614, Grad Norms near zero: 21, Lx 0.6953, Lu 0.0694, Penalty 0.0007, loss 0.7653
Epoch 2, Batch 424/614, Grad Norms near zero: 13, Lx 0.6940, Lu 0.1261, Penalty 0.0003, loss 0.8205
Epoch 2, Batch 425/614, Grad Norms near zero: 12, Lx 0.6922, Lu 0.1726, Penalty 0.0001, loss 0.8649
Epoch 2, Batch 426/614, Grad Norms near zero: 12, Lx 0.6948, Lu 0.2009, Penalty 0.0001, loss 0.8957
Epoch 2, Batch 427/614, Grad Norms near zero: 16, Lx 0.6930, Lu 0.0110, Penalty 0.0000, loss 0.7040
Epoch 2, Batch 428/614, Grad Norms near zero: 13, Lx 0.6935, Lu 0.1240, Penalty 0.0000, loss 0.8175
Epoch 2, Batch 429/614, Grad Norms near zero: 14, Lx 0.6937, Lu 0.1652, Penalty 0.0001, loss 0.8590
Epoch 2, Batch 430/614, Grad Norms near zero: 13, Lx 0.6988, Lu 0.0289, Penalty 0.0003, loss 0.7280
Epoch 2, Batch 431/614, Grad Norms near zero: 12, Lx 0.6934, Lu 0.1147, Penalty 0.0004, loss 0.8085
Epoch 2, Batch 432/614, Grad Norms near zero: 18, Lx 0.6970, Lu 0.0271, Penalty 0.0003, loss 0.7245
Epoch 2, Batch 433/614, Grad Norms near zero: 13, Lx 0.6973, Lu 0.1658, Penalty 0.0002, loss 0.8633
Epoch 2, Batch 434/614, Grad Norms near zero: 17, Lx 0.6958, Lu 0.0551, Penalty 0.0000, loss 0.7509
Epoch 2, Batch 435/614, Grad Norms near zero: 18, Lx 0.6957, Lu 0.0509, Penalty 0.0000, loss 0.7466
Epoch 2, Batch 436/614, Grad Norms near zero: 14, Lx 0.6905, Lu 0.1250, Penalty 0.0001, loss 0.8156
Epoch 2, Batch 437/614, Grad Norms near zero: 18, Lx 0.6931, Lu 0.1508, Penalty 0.0002, loss 0.8440
Epoch 2, Batch 438/614, Grad Norms near zero: 13, Lx 0.6904, Lu 0.2063, Penalty 0.0003, loss 0.8970
Epoch 2, Batch 439/614, Grad Norms near zero: 14, Lx 0.6918, Lu 0.1591, Penalty 0.0004, loss 0.8513
Epoch 2, Batch 440/614, Grad Norms near zero: 12, Lx 0.7011, Lu 0.1096, Penalty 0.0005, loss 0.8113
Epoch 2, Batch 441/614, Grad Norms near zero: 17, Lx 0.6936, Lu 0.1265, Penalty 0.0000, loss 0.8201
Epoch 2, Batch 442/614, Grad Norms near zero: 12, Lx 0.6907, Lu 0.0569, Penalty 0.0000, loss 0.7477
Epoch 2, Batch 443/614, Grad Norms near zero: 17, Lx 0.7003, Lu 0.0385, Penalty 0.0006, loss 0.7395
Epoch 2, Batch 444/614, Grad Norms near zero: 12, Lx 0.7017, Lu 0.0867, Penalty 0.0020, loss 0.7903
Epoch 2, Batch 445/614, Grad Norms near zero: 16, Lx 0.6849, Lu 0.1334, Penalty 0.0023, loss 0.8205
Epoch 2, Batch 446/614, Grad Norms near zero: 18, Lx 0.6806, Lu 0.0482, Penalty 0.0029, loss 0.7318
Epoch 2, Batch 447/614, Grad Norms near zero: 12, Lx 0.7100, Lu 0.1416, Penalty 0.0037, loss 0.8553
Epoch 2, Batch 448/614, Grad Norms near zero: 14, Lx 0.6922, Lu 0.0923, Penalty 0.0027, loss 0.7873
Epoch 2, Batch 449/614, Grad Norms near zero: 17, Lx 0.6942, Lu 0.0723, Penalty 0.0016, loss 0.7680
Epoch 2, Batch 450/614, Grad Norms near zero: 18, Lx 0.6947, Lu 0.1390, Penalty 0.0006, loss 0.8344
Epoch 2, Batch 451/614, Grad Norms near zero: 12, Lx 0.6949, Lu 0.0689, Penalty 0.0001, loss 0.7638
Epoch 2, Batch 452/614, Grad Norms near zero: 21, Lx 0.6892, Lu 0.0492, Penalty 0.0001, loss 0.7386
Epoch 2, Batch 453/614, Grad Norms near zero: 13, Lx 0.6921, Lu 0.1708, Penalty 0.0010, loss 0.8639
Epoch 2, Batch 454/614, Grad Norms near zero: 15, Lx 0.6797, Lu 0.0506, Penalty 0.0029, loss 0.7332
Epoch 2, Batch 455/614, Grad Norms near zero: 15, Lx 0.6838, Lu 0.1998, Penalty 0.0049, loss 0.8885
Epoch 2, Batch 456/614, Grad Norms near zero: 12, Lx 0.7214, Lu 0.1113, Penalty 0.0071, loss 0.8398
Epoch 2, Batch 457/614, Grad Norms near zero: 12, Lx 0.7106, Lu 0.1454, Penalty 0.0058, loss 0.8619
Epoch 2, Batch 458/614, Grad Norms near zero: 14, Lx 0.6903, Lu 0.1331, Penalty 0.0036, loss 0.8270
Epoch 2, Batch 459/614, Grad Norms near zero: 12, Lx 0.6923, Lu 0.1431, Penalty 0.0009, loss 0.8364
Epoch 2, Batch 460/614, Grad Norms near zero: 18, Lx 0.6928, Lu 0.1383, Penalty 0.0000, loss 0.8311
Epoch 2, Batch 461/614, Grad Norms near zero: 22, Lx 0.6907, Lu 0.0165, Penalty 0.0006, loss 0.7077
Epoch 2, Batch 462/614, Grad Norms near zero: 16, Lx 0.6937, Lu 0.0737, Penalty 0.0020, loss 0.7694
Epoch 2, Batch 463/614, Grad Norms near zero: 13, Lx 0.7042, Lu 0.1546, Penalty 0.0033, loss 0.8621
Epoch 2, Batch 464/614, Grad Norms near zero: 12, Lx 0.7058, Lu 0.1153, Penalty 0.0043, loss 0.8253
Epoch 2, Batch 465/614, Grad Norms near zero: 12, Lx 0.6919, Lu 0.1322, Penalty 0.0038, loss 0.8279
Epoch 2, Batch 466/614, Grad Norms near zero: 14, Lx 0.6897, Lu 0.0414, Penalty 0.0019, loss 0.7330
Epoch 2, Batch 467/614, Grad Norms near zero: 18, Lx 0.6943, Lu 0.0457, Penalty 0.0012, loss 0.7412
Epoch 2, Batch 468/614, Grad Norms near zero: 18, Lx 0.6913, Lu 0.0279, Penalty 0.0004, loss 0.7196
Epoch 2, Batch 469/614, Grad Norms near zero: 12, Lx 0.6912, Lu 0.1842, Penalty 0.0001, loss 0.8755
Epoch 2, Batch 470/614, Grad Norms near zero: 13, Lx 0.6937, Lu 0.1614, Penalty 0.0000, loss 0.8551
Epoch 2, Batch 471/614, Grad Norms near zero: 16, Lx 0.6930, Lu 0.0242, Penalty 0.0000, loss 0.7172
Epoch 2, Batch 472/614, Grad Norms near zero: 12, Lx 0.6932, Lu 0.1785, Penalty 0.0001, loss 0.8718
Epoch 2, Batch 473/614, Grad Norms near zero: 15, Lx 0.6926, Lu 0.1223, Penalty 0.0000, loss 0.8149
Epoch 2, Batch 474/614, Grad Norms near zero: 12, Lx 0.6998, Lu 0.1015, Penalty 0.0002, loss 0.8015
Epoch 2, Batch 475/614, Grad Norms near zero: 20, Lx 0.6934, Lu 0.1170, Penalty 0.0000, loss 0.8104
Epoch 2, Batch 476/614, Grad Norms near zero: 16, Lx 0.6930, Lu 0.1167, Penalty 0.0000, loss 0.8097
Epoch 2, Batch 477/614, Grad Norms near zero: 12, Lx 0.6950, Lu 0.1894, Penalty 0.0000, loss 0.8845
Epoch 2, Batch 478/614, Grad Norms near zero: 15, Lx 0.6928, Lu 0.1288, Penalty 0.0001, loss 0.8218
Epoch 2, Batch 479/614, Grad Norms near zero: 12, Lx 0.6899, Lu 0.1362, Penalty 0.0004, loss 0.8265
Epoch 2, Batch 480/614, Grad Norms near zero: 19, Lx 0.6938, Lu 0.1624, Penalty 0.0008, loss 0.8570
Epoch 2, Batch 481/614, Grad Norms near zero: 16, Lx 0.6942, Lu 0.0971, Penalty 0.0016, loss 0.7929
Epoch 2, Batch 482/614, Grad Norms near zero: 13, Lx 0.6974, Lu 0.1555, Penalty 0.0024, loss 0.8553
Epoch 2, Batch 483/614, Grad Norms near zero: 16, Lx 0.6921, Lu 0.0921, Penalty 0.0027, loss 0.7869
Epoch 2, Batch 484/614, Grad Norms near zero: 13, Lx 0.6951, Lu 0.1035, Penalty 0.0019, loss 0.8006
Epoch 2, Batch 485/614, Grad Norms near zero: 12, Lx 0.6965, Lu 0.1279, Penalty 0.0018, loss 0.8262
Epoch 2, Batch 486/614, Grad Norms near zero: 16, Lx 0.6947, Lu 0.1237, Penalty 0.0007, loss 0.8191
Epoch 2, Batch 487/614, Grad Norms near zero: 16, Lx 0.6935, Lu 0.0244, Penalty 0.0003, loss 0.7182
Epoch 2, Batch 488/614, Grad Norms near zero: 20, Lx 0.6912, Lu 0.0681, Penalty 0.0000, loss 0.7593
Epoch 2, Batch 489/614, Grad Norms near zero: 12, Lx 0.6936, Lu 0.2168, Penalty 0.0000, loss 0.9105
Epoch 2, Batch 490/614, Grad Norms near zero: 14, Lx 0.6923, Lu 0.1240, Penalty 0.0003, loss 0.8166
Epoch 2, Batch 491/614, Grad Norms near zero: 14, Lx 0.6979, Lu 0.1020, Penalty 0.0017, loss 0.8016
Epoch 2, Batch 492/614, Grad Norms near zero: 12, Lx 0.7017, Lu 0.0809, Penalty 0.0017, loss 0.7843
Epoch 2, Batch 493/614, Grad Norms near zero: 21, Lx 0.6850, Lu 0.0475, Penalty 0.0012, loss 0.7337
Epoch 2, Batch 494/614, Grad Norms near zero: 15, Lx 0.6912, Lu 0.1419, Penalty 0.0003, loss 0.8334
Epoch 2, Batch 495/614, Grad Norms near zero: 12, Lx 0.6959, Lu 0.1593, Penalty 0.0001, loss 0.8553
Epoch 2, Batch 496/614, Grad Norms near zero: 14, Lx 0.6935, Lu 0.0636, Penalty 0.0000, loss 0.7571
Epoch 2, Batch 497/614, Grad Norms near zero: 15, Lx 0.6892, Lu 0.0892, Penalty 0.0005, loss 0.7790
Epoch 2, Batch 498/614, Grad Norms near zero: 12, Lx 0.6950, Lu 0.1430, Penalty 0.0020, loss 0.8400
Epoch 2, Batch 499/614, Grad Norms near zero: 16, Lx 0.6881, Lu 0.1872, Penalty 0.0018, loss 0.8771
Epoch 2, Batch 500/614, Grad Norms near zero: 14, Lx 0.6940, Lu 0.0507, Penalty 0.0029, loss 0.7475
Epoch 2, Batch 501/614, Grad Norms near zero: 16, Lx 0.6879, Lu 0.0741, Penalty 0.0028, loss 0.7648
Epoch 2, Batch 502/614, Grad Norms near zero: 12, Lx 0.7061, Lu 0.1853, Penalty 0.0025, loss 0.8939
Epoch 2, Batch 503/614, Grad Norms near zero: 12, Lx 0.6982, Lu 0.1636, Penalty 0.0015, loss 0.8633
Epoch 2, Batch 504/614, Grad Norms near zero: 12, Lx 0.6934, Lu 0.1203, Penalty 0.0007, loss 0.8144
Epoch 2, Batch 505/614, Grad Norms near zero: 14, Lx 0.6940, Lu 0.1622, Penalty 0.0001, loss 0.8563
Epoch 2, Batch 506/614, Grad Norms near zero: 12, Lx 0.6965, Lu 0.0979, Penalty 0.0001, loss 0.7945
Epoch 2, Batch 507/614, Grad Norms near zero: 18, Lx 0.6929, Lu 0.1100, Penalty 0.0003, loss 0.8032
Epoch 2, Batch 508/614, Grad Norms near zero: 16, Lx 0.6880, Lu 0.0816, Penalty 0.0009, loss 0.7705
Epoch 2, Batch 509/614, Grad Norms near zero: 12, Lx 0.6955, Lu 0.1063, Penalty 0.0005, loss 0.8024
Epoch 2, Batch 510/614, Grad Norms near zero: 13, Lx 0.6903, Lu 0.0903, Penalty 0.0008, loss 0.7814
Epoch 2, Batch 511/614, Grad Norms near zero: 12, Lx 0.6962, Lu 0.1773, Penalty 0.0025, loss 0.8759
Epoch 2, Batch 512/614, Grad Norms near zero: 12, Lx 0.6934, Lu 0.1549, Penalty 0.0024, loss 0.8507
Epoch 2, Batch 513/614, Grad Norms near zero: 12, Lx 0.7033, Lu 0.0447, Penalty 0.0007, loss 0.7487
Epoch 2, Batch 514/614, Grad Norms near zero: 13, Lx 0.6927, Lu 0.1257, Penalty 0.0000, loss 0.8184
Epoch 2, Batch 515/614, Grad Norms near zero: 19, Lx 0.6928, Lu 0.0853, Penalty 0.0000, loss 0.7781
Epoch 2, Batch 516/614, Grad Norms near zero: 13, Lx 0.6931, Lu 0.1177, Penalty 0.0001, loss 0.8109
Epoch 2, Batch 517/614, Grad Norms near zero: 14, Lx 0.6920, Lu 0.1316, Penalty 0.0004, loss 0.8240
Epoch 2, Batch 518/614, Grad Norms near zero: 13, Lx 0.6932, Lu 0.1228, Penalty 0.0011, loss 0.8171
Epoch 2, Batch 519/614, Grad Norms near zero: 12, Lx 0.6983, Lu 0.2175, Penalty 0.0032, loss 0.9190
Epoch 2, Batch 520/614, Grad Norms near zero: 19, Lx 0.6903, Lu 0.0467, Penalty 0.0017, loss 0.7387
Epoch 2, Batch 521/614, Grad Norms near zero: 12, Lx 0.6943, Lu 0.1792, Penalty 0.0012, loss 0.8746
Epoch 2, Batch 522/614, Grad Norms near zero: 12, Lx 0.7056, Lu 0.2163, Penalty 0.0021, loss 0.9241
Epoch 2, Batch 523/614, Grad Norms near zero: 12, Lx 0.7047, Lu 0.0547, Penalty 0.0008, loss 0.7603
Epoch 2, Batch 524/614, Grad Norms near zero: 13, Lx 0.6930, Lu 0.1272, Penalty 0.0000, loss 0.8202
Epoch 2, Batch 525/614, Grad Norms near zero: 12, Lx 0.6951, Lu 0.0854, Penalty 0.0005, loss 0.7810
Epoch 2, Batch 526/614, Grad Norms near zero: 16, Lx 0.6918, Lu 0.1025, Penalty 0.0011, loss 0.7954
Epoch 2, Batch 527/614, Grad Norms near zero: 12, Lx 0.6931, Lu 0.1469, Penalty 0.0017, loss 0.8417
Epoch 2, Batch 528/614, Grad Norms near zero: 17, Lx 0.6882, Lu 0.1433, Penalty 0.0016, loss 0.8331
Epoch 2, Batch 529/614, Grad Norms near zero: 12, Lx 0.6953, Lu 0.1436, Penalty 0.0007, loss 0.8395
Epoch 2, Batch 530/614, Grad Norms near zero: 12, Lx 0.6933, Lu 0.1377, Penalty 0.0010, loss 0.8320
Epoch 2, Batch 531/614, Grad Norms near zero: 12, Lx 0.6978, Lu 0.1306, Penalty 0.0004, loss 0.8289
Epoch 2, Batch 532/614, Grad Norms near zero: 15, Lx 0.6929, Lu 0.0701, Penalty 0.0000, loss 0.7630
Epoch 2, Batch 533/614, Grad Norms near zero: 20, Lx 0.6937, Lu 0.0613, Penalty 0.0002, loss 0.7552
Epoch 2, Batch 534/614, Grad Norms near zero: 12, Lx 0.6847, Lu 0.1531, Penalty 0.0014, loss 0.8392
Epoch 2, Batch 535/614, Grad Norms near zero: 12, Lx 0.7124, Lu 0.0584, Penalty 0.0018, loss 0.7727
Epoch 2, Batch 536/614, Grad Norms near zero: 12, Lx 0.6744, Lu 0.1526, Penalty 0.0017, loss 0.8288
Epoch 2, Batch 537/614, Grad Norms near zero: 12, Lx 0.7235, Lu 0.1655, Penalty 0.0035, loss 0.8925
Epoch 2, Batch 538/614, Grad Norms near zero: 12, Lx 0.6995, Lu 0.2061, Penalty 0.0017, loss 0.9073
Epoch 2, Batch 539/614, Grad Norms near zero: 14, Lx 0.6920, Lu 0.1453, Penalty 0.0008, loss 0.8380
Epoch 2, Batch 540/614, Grad Norms near zero: 14, Lx 0.7007, Lu 0.0724, Penalty 0.0002, loss 0.7734
Epoch 2, Batch 541/614, Grad Norms near zero: 17, Lx 0.6951, Lu 0.0530, Penalty 0.0000, loss 0.7482
Epoch 2, Batch 542/614, Grad Norms near zero: 12, Lx 0.6957, Lu 0.1167, Penalty 0.0008, loss 0.8132
Epoch 2, Batch 543/614, Grad Norms near zero: 20, Lx 0.6858, Lu 0.1307, Penalty 0.0011, loss 0.8175
Epoch 2, Batch 544/614, Grad Norms near zero: 18, Lx 0.6919, Lu 0.0288, Penalty 0.0014, loss 0.7221
Epoch 2, Batch 545/614, Grad Norms near zero: 14, Lx 0.7091, Lu 0.1050, Penalty 0.0013, loss 0.8154
Epoch 2, Batch 546/614, Grad Norms near zero: 12, Lx 0.6965, Lu 0.1359, Penalty 0.0008, loss 0.8332
Epoch 2, Batch 547/614, Grad Norms near zero: 13, Lx 0.6978, Lu 0.0312, Penalty 0.0002, loss 0.7293
Epoch 2, Batch 548/614, Grad Norms near zero: 13, Lx 0.6938, Lu 0.1329, Penalty 0.0000, loss 0.8267
Epoch 2, Batch 549/614, Grad Norms near zero: 13, Lx 0.6966, Lu 0.1106, Penalty 0.0003, loss 0.8075
Epoch 2, Batch 550/614, Grad Norms near zero: 15, Lx 0.6839, Lu 0.0424, Penalty 0.0005, loss 0.7267
Epoch 2, Batch 551/614, Grad Norms near zero: 13, Lx 0.6992, Lu 0.0734, Penalty 0.0010, loss 0.7736
Epoch 2, Batch 552/614, Grad Norms near zero: 16, Lx 0.6952, Lu 0.0978, Penalty 0.0014, loss 0.7944
Epoch 2, Batch 553/614, Grad Norms near zero: 16, Lx 0.6997, Lu 0.0229, Penalty 0.0018, loss 0.7244
Epoch 2, Batch 554/614, Grad Norms near zero: 18, Lx 0.6913, Lu 0.1309, Penalty 0.0015, loss 0.8237
Epoch 2, Batch 555/614, Grad Norms near zero: 12, Lx 0.6998, Lu 0.1681, Penalty 0.0006, loss 0.8685
Epoch 2, Batch 556/614, Grad Norms near zero: 13, Lx 0.6921, Lu 0.1649, Penalty 0.0001, loss 0.8570
Epoch 2, Batch 557/614, Grad Norms near zero: 17, Lx 0.6916, Lu 0.1328, Penalty 0.0000, loss 0.8244
Epoch 2, Batch 558/614, Grad Norms near zero: 12, Lx 0.6930, Lu 0.1746, Penalty 0.0001, loss 0.8677
Epoch 2, Batch 559/614, Grad Norms near zero: 21, Lx 0.6915, Lu 0.1037, Penalty 0.0004, loss 0.7956
Epoch 2, Batch 560/614, Grad Norms near zero: 13, Lx 0.6996, Lu 0.0589, Penalty 0.0011, loss 0.7596
Epoch 2, Batch 561/614, Grad Norms near zero: 16, Lx 0.6959, Lu 0.1042, Penalty 0.0014, loss 0.8016
Epoch 2, Batch 562/614, Grad Norms near zero: 15, Lx 0.7019, Lu 0.1734, Penalty 0.0012, loss 0.8765
Epoch 2, Batch 563/614, Grad Norms near zero: 15, Lx 0.6916, Lu 0.0650, Penalty 0.0008, loss 0.7574
Epoch 2, Batch 564/614, Grad Norms near zero: 19, Lx 0.6934, Lu 0.1318, Penalty 0.0003, loss 0.8255
Epoch 2, Batch 565/614, Grad Norms near zero: 15, Lx 0.6943, Lu 0.1608, Penalty 0.0000, loss 0.8551
Epoch 2, Batch 566/614, Grad Norms near zero: 20, Lx 0.6958, Lu 0.0822, Penalty 0.0001, loss 0.7781
Epoch 2, Batch 567/614, Grad Norms near zero: 14, Lx 0.6959, Lu 0.0980, Penalty 0.0006, loss 0.7945
Epoch 2, Batch 568/614, Grad Norms near zero: 16, Lx 0.6929, Lu 0.0960, Penalty 0.0009, loss 0.7897
Epoch 2, Batch 569/614, Grad Norms near zero: 20, Lx 0.6885, Lu 0.1405, Penalty 0.0007, loss 0.8296
Epoch 2, Batch 570/614, Grad Norms near zero: 20, Lx 0.6831, Lu 0.0071, Penalty 0.0012, loss 0.6915
Epoch 2, Batch 571/614, Grad Norms near zero: 18, Lx 0.6947, Lu 0.1530, Penalty 0.0016, loss 0.8493
Epoch 2, Batch 572/614, Grad Norms near zero: 14, Lx 0.6940, Lu 0.0456, Penalty 0.0014, loss 0.7410
Epoch 2, Batch 573/614, Grad Norms near zero: 14, Lx 0.7060, Lu 0.0105, Penalty 0.0015, loss 0.7179
Epoch 2, Batch 574/614, Grad Norms near zero: 15, Lx 0.6944, Lu 0.1296, Penalty 0.0009, loss 0.8248
Epoch 2, Batch 575/614, Grad Norms near zero: 12, Lx 0.6930, Lu 0.1578, Penalty 0.0004, loss 0.8512
Epoch 2, Batch 576/614, Grad Norms near zero: 12, Lx 0.6960, Lu 0.1693, Penalty 0.0000, loss 0.8653
Epoch 2, Batch 577/614, Grad Norms near zero: 12, Lx 0.6999, Lu 0.1064, Penalty 0.0003, loss 0.8065
Epoch 2, Batch 578/614, Grad Norms near zero: 12, Lx 0.6983, Lu 0.0568, Penalty 0.0009, loss 0.7560
Epoch 2, Batch 579/614, Grad Norms near zero: 17, Lx 0.6848, Lu 0.0983, Penalty 0.0007, loss 0.7838
Epoch 2, Batch 580/614, Grad Norms near zero: 13, Lx 0.6899, Lu 0.1246, Penalty 0.0006, loss 0.8151
Epoch 2, Batch 581/614, Grad Norms near zero: 14, Lx 0.7015, Lu 0.1297, Penalty 0.0005, loss 0.8317
Epoch 2, Batch 582/614, Grad Norms near zero: 19, Lx 0.6940, Lu 0.0953, Penalty 0.0001, loss 0.7894
Epoch 2, Batch 583/614, Grad Norms near zero: 16, Lx 0.6921, Lu 0.0589, Penalty 0.0000, loss 0.7510
Epoch 2, Batch 584/614, Grad Norms near zero: 19, Lx 0.6956, Lu 0.0265, Penalty 0.0001, loss 0.7222
Epoch 2, Batch 585/614, Grad Norms near zero: 19, Lx 0.6875, Lu 0.1243, Penalty 0.0004, loss 0.8121
Epoch 2, Batch 586/614, Grad Norms near zero: 19, Lx 0.6962, Lu 0.0377, Penalty 0.0006, loss 0.7345
Epoch 2, Batch 587/614, Grad Norms near zero: 15, Lx 0.6942, Lu 0.1725, Penalty 0.0005, loss 0.8672
Epoch 2, Batch 588/614, Grad Norms near zero: 22, Lx 0.6929, Lu 0.0600, Penalty 0.0009, loss 0.7538
Epoch 2, Batch 589/614, Grad Norms near zero: 17, Lx 0.6991, Lu 0.0964, Penalty 0.0008, loss 0.7963
Epoch 2, Batch 590/614, Grad Norms near zero: 15, Lx 0.6996, Lu 0.1391, Penalty 0.0006, loss 0.8394
Epoch 2, Batch 591/614, Grad Norms near zero: 13, Lx 0.6860, Lu 0.1488, Penalty 0.0003, loss 0.8351
Epoch 2, Batch 592/614, Grad Norms near zero: 16, Lx 0.6937, Lu 0.0378, Penalty 0.0001, loss 0.7315
Epoch 2, Batch 593/614, Grad Norms near zero: 19, Lx 0.6929, Lu 0.0856, Penalty 0.0000, loss 0.7785
Epoch 2, Batch 594/614, Grad Norms near zero: 14, Lx 0.6953, Lu 0.1337, Penalty 0.0000, loss 0.8290
Epoch 2, Batch 595/614, Grad Norms near zero: 14, Lx 0.6902, Lu 0.0399, Penalty 0.0000, loss 0.7301
Epoch 2, Batch 596/614, Grad Norms near zero: 12, Lx 0.6938, Lu 0.1473, Penalty 0.0001, loss 0.8413
Epoch 2, Batch 597/614, Grad Norms near zero: 21, Lx 0.6918, Lu 0.1334, Penalty 0.0003, loss 0.8255
Epoch 2, Batch 598/614, Grad Norms near zero: 15, Lx 0.6879, Lu 0.1166, Penalty 0.0003, loss 0.8048
Epoch 2, Batch 599/614, Grad Norms near zero: 12, Lx 0.6949, Lu 0.1459, Penalty 0.0005, loss 0.8414
Epoch 2, Batch 600/614, Grad Norms near zero: 20, Lx 0.6884, Lu 0.0945, Penalty 0.0003, loss 0.7832
Epoch 2, Batch 601/614, Grad Norms near zero: 13, Lx 0.6920, Lu 0.0426, Penalty 0.0008, loss 0.7354
Epoch 2, Batch 602/614, Grad Norms near zero: 14, Lx 0.6847, Lu 0.1605, Penalty 0.0007, loss 0.8458
Epoch 2, Batch 603/614, Grad Norms near zero: 18, Lx 0.6994, Lu 0.0646, Penalty 0.0011, loss 0.7650
Epoch 2, Batch 604/614, Grad Norms near zero: 17, Lx 0.6963, Lu 0.1688, Penalty 0.0004, loss 0.8655
Epoch 2, Batch 605/614, Grad Norms near zero: 19, Lx 0.6933, Lu 0.1216, Penalty 0.0003, loss 0.8152
Epoch 2, Batch 606/614, Grad Norms near zero: 19, Lx 0.6928, Lu 0.0861, Penalty 0.0002, loss 0.7791
Epoch 2, Batch 607/614, Grad Norms near zero: 15, Lx 0.6879, Lu 0.1347, Penalty 0.0003, loss 0.8229
Epoch 2, Batch 608/614, Grad Norms near zero: 12, Lx 0.6862, Lu 0.1204, Penalty 0.0004, loss 0.8070
Epoch 2, Batch 609/614, Grad Norms near zero: 21, Lx 0.6945, Lu 0.0926, Penalty 0.0008, loss 0.7879
Epoch 2, Batch 610/614, Grad Norms near zero: 12, Lx 0.6945, Lu 0.1309, Penalty 0.0012, loss 0.8267
Epoch 2, Batch 611/614, Grad Norms near zero: 16, Lx 0.6945, Lu 0.0599, Penalty 0.0009, loss 0.7553
Epoch 2, Batch 612/614, Grad Norms near zero: 12, Lx 0.7004, Lu 0.0799, Penalty 0.0013, loss 0.7816
Epoch 2, Batch 613/614, Grad Norms near zero: 18, Lx 0.6939, Lu 0.1515, Penalty 0.0003, loss 0.8457
Epoch 2, Batch 614/614, Grad Norms near zero: 12, Lx 0.6961, Lu 0.0052, Penalty 0.0003, loss 0.7017
Training for Network 2
labelled data size: 20046
unlabelled data size: 19954
Epoch 2, Batch 1/627, Grad Norms near zero: 12, Lx 0.6841, Lu 0.1738, Penalty 0.0006, loss 0.8584
Epoch 2, Batch 2/627, Grad Norms near zero: 12, Lx 0.7202, Lu 0.2472, Penalty 0.0032, loss 0.9706
Epoch 2, Batch 3/627, Grad Norms near zero: 12, Lx 0.7084, Lu 0.1329, Penalty 0.0000, loss 0.8414
Epoch 2, Batch 4/627, Grad Norms near zero: 12, Lx 0.7253, Lu 0.1166, Penalty 0.0104, loss 0.8523
Epoch 2, Batch 5/627, Grad Norms near zero: 12, Lx 0.7213, Lu 0.2526, Penalty 0.0134, loss 0.9874
Epoch 2, Batch 6/627, Grad Norms near zero: 12, Lx 0.7038, Lu 0.1509, Penalty 0.0008, loss 0.8555
Epoch 2, Batch 7/627, Grad Norms near zero: 12, Lx 0.7108, Lu 0.0583, Penalty 0.0013, loss 0.7703
Epoch 2, Batch 8/627, Grad Norms near zero: 12, Lx 0.6961, Lu 0.0770, Penalty 0.0011, loss 0.7742
Epoch 2, Batch 9/627, Grad Norms near zero: 12, Lx 0.6928, Lu 0.0329, Penalty 0.0000, loss 0.7257
Epoch 2, Batch 10/627, Grad Norms near zero: 12, Lx 0.6985, Lu 0.1743, Penalty 0.0000, loss 0.8728
Epoch 2, Batch 11/627, Grad Norms near zero: 12, Lx 0.6832, Lu 0.1363, Penalty 0.0034, loss 0.8229
Epoch 2, Batch 12/627, Grad Norms near zero: 12, Lx 0.7169, Lu 0.1873, Penalty 0.0047, loss 0.9089
Epoch 2, Batch 13/627, Grad Norms near zero: 12, Lx 0.7036, Lu 0.0476, Penalty 0.0002, loss 0.7515
Epoch 2, Batch 14/627, Grad Norms near zero: 12, Lx 0.6933, Lu 0.0482, Penalty 0.0016, loss 0.7431
Epoch 2, Batch 15/627, Grad Norms near zero: 12, Lx 0.6891, Lu 0.0935, Penalty 0.0004, loss 0.7830
Epoch 2, Batch 16/627, Grad Norms near zero: 12, Lx 0.7016, Lu 0.1429, Penalty 0.0023, loss 0.8468
Epoch 2, Batch 17/627, Grad Norms near zero: 12, Lx 0.6870, Lu 0.0965, Penalty 0.0000, loss 0.7836
Epoch 2, Batch 18/627, Grad Norms near zero: 12, Lx 0.6965, Lu 0.1498, Penalty 0.0006, loss 0.8468
Epoch 2, Batch 19/627, Grad Norms near zero: 12, Lx 0.7217, Lu 0.1633, Penalty 0.0017, loss 0.8867
Epoch 2, Batch 20/627, Grad Norms near zero: 12, Lx 0.6996, Lu 0.0925, Penalty 0.0000, loss 0.7921
Epoch 2, Batch 21/627, Grad Norms near zero: 12, Lx 0.6855, Lu 0.1221, Penalty 0.0008, loss 0.8085
Epoch 2, Batch 22/627, Grad Norms near zero: 12, Lx 0.6835, Lu 0.0830, Penalty 0.0045, loss 0.7710
Epoch 2, Batch 23/627, Grad Norms near zero: 12, Lx 0.7295, Lu 0.2408, Penalty 0.0088, loss 0.9790
Epoch 2, Batch 24/627, Grad Norms near zero: 12, Lx 0.6788, Lu 0.0480, Penalty 0.0042, loss 0.7311
Epoch 2, Batch 25/627, Grad Norms near zero: 12, Lx 0.6841, Lu 0.1626, Penalty 0.0090, loss 0.8558
Epoch 2, Batch 26/627, Grad Norms near zero: 12, Lx 0.7037, Lu 0.1179, Penalty 0.0006, loss 0.8222
Epoch 2, Batch 27/627, Grad Norms near zero: 12, Lx 0.7003, Lu 0.0353, Penalty 0.0002, loss 0.7359
Epoch 2, Batch 28/627, Grad Norms near zero: 12, Lx 0.6978, Lu 0.0521, Penalty 0.0001, loss 0.7500
Epoch 2, Batch 29/627, Grad Norms near zero: 13, Lx 0.6872, Lu 0.1099, Penalty 0.0014, loss 0.7986
Epoch 2, Batch 30/627, Grad Norms near zero: 12, Lx 0.7053, Lu 0.0613, Penalty 0.0044, loss 0.7710
Epoch 2, Batch 31/627, Grad Norms near zero: 12, Lx 0.7253, Lu 0.1313, Penalty 0.0086, loss 0.8652
Epoch 2, Batch 32/627, Grad Norms near zero: 12, Lx 0.7039, Lu 0.1681, Penalty 0.0152, loss 0.8872
Epoch 2, Batch 33/627, Grad Norms near zero: 12, Lx 0.6929, Lu 0.1066, Penalty 0.0001, loss 0.7996
Epoch 2, Batch 34/627, Grad Norms near zero: 12, Lx 0.6958, Lu 0.0363, Penalty 0.0004, loss 0.7324
Epoch 2, Batch 35/627, Grad Norms near zero: 12, Lx 0.6960, Lu 0.1630, Penalty 0.0004, loss 0.8594
Epoch 2, Batch 36/627, Grad Norms near zero: 12, Lx 0.7548, Lu 0.2403, Penalty 0.0159, loss 1.0110
Epoch 2, Batch 37/627, Grad Norms near zero: 12, Lx 0.6975, Lu 0.1440, Penalty 0.0000, loss 0.8415
Epoch 2, Batch 38/627, Grad Norms near zero: 12, Lx 0.6957, Lu 0.0296, Penalty 0.0003, loss 0.7256
Epoch 2, Batch 39/627, Grad Norms near zero: 12, Lx 0.6762, Lu 0.0953, Penalty 0.0085, loss 0.7801
Epoch 2, Batch 40/627, Grad Norms near zero: 12, Lx 0.6577, Lu 0.2061, Penalty 0.0297, loss 0.8935
Epoch 2, Batch 41/627, Grad Norms near zero: 12, Lx 0.6970, Lu 0.1206, Penalty 0.0278, loss 0.8454
Epoch 2, Batch 42/627, Grad Norms near zero: 12, Lx 0.6675, Lu 0.1755, Penalty 0.0231, loss 0.8662
Epoch 2, Batch 43/627, Grad Norms near zero: 12, Lx 0.7158, Lu 0.2072, Penalty 0.0193, loss 0.9423
Epoch 2, Batch 44/627, Grad Norms near zero: 12, Lx 0.7002, Lu 0.1013, Penalty 0.0068, loss 0.8083
Epoch 2, Batch 45/627, Grad Norms near zero: 12, Lx 0.6925, Lu 0.1742, Penalty 0.0000, loss 0.8667
Epoch 2, Batch 46/627, Grad Norms near zero: 12, Lx 0.6939, Lu 0.0976, Penalty 0.0016, loss 0.7931
Epoch 2, Batch 47/627, Grad Norms near zero: 12, Lx 0.7132, Lu 0.1502, Penalty 0.0060, loss 0.8694
Epoch 2, Batch 48/627, Grad Norms near zero: 12, Lx 0.6929, Lu 0.1004, Penalty 0.0054, loss 0.7986
Epoch 2, Batch 49/627, Grad Norms near zero: 12, Lx 0.6852, Lu 0.0509, Penalty 0.0026, loss 0.7386
Epoch 2, Batch 50/627, Grad Norms near zero: 12, Lx 0.6914, Lu 0.1402, Penalty 0.0011, loss 0.8326
Epoch 2, Batch 51/627, Grad Norms near zero: 12, Lx 0.6973, Lu 0.0551, Penalty 0.0000, loss 0.7525
Epoch 2, Batch 52/627, Grad Norms near zero: 12, Lx 0.6950, Lu 0.1081, Penalty 0.0007, loss 0.8038
Epoch 2, Batch 53/627, Grad Norms near zero: 12, Lx 0.6886, Lu 0.0916, Penalty 0.0012, loss 0.7814
Epoch 2, Batch 54/627, Grad Norms near zero: 12, Lx 0.6946, Lu 0.0859, Penalty 0.0045, loss 0.7850
Epoch 2, Batch 55/627, Grad Norms near zero: 12, Lx 0.7093, Lu 0.1421, Penalty 0.0032, loss 0.8546
Epoch 2, Batch 56/627, Grad Norms near zero: 12, Lx 0.6798, Lu 0.0908, Penalty 0.0033, loss 0.7740
Epoch 2, Batch 57/627, Grad Norms near zero: 12, Lx 0.6820, Lu 0.2063, Penalty 0.0029, loss 0.8912
Epoch 2, Batch 58/627, Grad Norms near zero: 12, Lx 0.7014, Lu 0.0423, Penalty 0.0017, loss 0.7454
Epoch 2, Batch 59/627, Grad Norms near zero: 12, Lx 0.6936, Lu 0.1197, Penalty 0.0002, loss 0.8135
Epoch 2, Batch 60/627, Grad Norms near zero: 12, Lx 0.7045, Lu 0.1403, Penalty 0.0006, loss 0.8453
Epoch 2, Batch 61/627, Grad Norms near zero: 12, Lx 0.6907, Lu 0.0377, Penalty 0.0000, loss 0.7284
Epoch 2, Batch 62/627, Grad Norms near zero: 12, Lx 0.7016, Lu 0.0433, Penalty 0.0004, loss 0.7452
Epoch 2, Batch 63/627, Grad Norms near zero: 12, Lx 0.6952, Lu 0.0201, Penalty 0.0001, loss 0.7153
Epoch 2, Batch 64/627, Grad Norms near zero: 12, Lx 0.6959, Lu 0.1249, Penalty 0.0000, loss 0.8208
Epoch 2, Batch 65/627, Grad Norms near zero: 12, Lx 0.6928, Lu 0.1916, Penalty 0.0001, loss 0.8845
Epoch 2, Batch 66/627, Grad Norms near zero: 12, Lx 0.6977, Lu 0.1556, Penalty 0.0014, loss 0.8547
Epoch 2, Batch 67/627, Grad Norms near zero: 12, Lx 0.6829, Lu 0.0681, Penalty 0.0019, loss 0.7528
Epoch 2, Batch 68/627, Grad Norms near zero: 12, Lx 0.6627, Lu 0.1298, Penalty 0.0072, loss 0.7997
Epoch 2, Batch 69/627, Grad Norms near zero: 12, Lx 0.6800, Lu 0.1170, Penalty 0.0099, loss 0.8069
Epoch 2, Batch 70/627, Grad Norms near zero: 12, Lx 0.6620, Lu 0.0536, Penalty 0.0104, loss 0.7261
Epoch 2, Batch 71/627, Grad Norms near zero: 12, Lx 0.6953, Lu 0.0844, Penalty 0.0083, loss 0.7879
Epoch 2, Batch 72/627, Grad Norms near zero: 12, Lx 0.6572, Lu 0.0249, Penalty 0.0079, loss 0.6899
Epoch 2, Batch 73/627, Grad Norms near zero: 12, Lx 0.6909, Lu 0.1762, Penalty 0.0059, loss 0.8730
Epoch 2, Batch 74/627, Grad Norms near zero: 12, Lx 0.6956, Lu 0.0781, Penalty 0.0023, loss 0.7760
Epoch 2, Batch 75/627, Grad Norms near zero: 12, Lx 0.6796, Lu 0.1312, Penalty 0.0005, loss 0.8113
Epoch 2, Batch 76/627, Grad Norms near zero: 12, Lx 0.6887, Lu 0.1272, Penalty 0.0003, loss 0.8163
Epoch 2, Batch 77/627, Grad Norms near zero: 12, Lx 0.6907, Lu 0.1569, Penalty 0.0018, loss 0.8495
Epoch 2, Batch 78/627, Grad Norms near zero: 12, Lx 0.6856, Lu 0.1302, Penalty 0.0023, loss 0.8181
Epoch 2, Batch 79/627, Grad Norms near zero: 12, Lx 0.7047, Lu 0.0194, Penalty 0.0037, loss 0.7278
Epoch 2, Batch 80/627, Grad Norms near zero: 12, Lx 0.6822, Lu 0.1827, Penalty 0.0041, loss 0.8690
Epoch 2, Batch 81/627, Grad Norms near zero: 12, Lx 0.6629, Lu 0.1685, Penalty 0.0031, loss 0.8345
Epoch 2, Batch 82/627, Grad Norms near zero: 12, Lx 0.7121, Lu 0.0775, Penalty 0.0038, loss 0.7935
Epoch 2, Batch 83/627, Grad Norms near zero: 12, Lx 0.6835, Lu 0.1943, Penalty 0.0024, loss 0.8801
Epoch 2, Batch 84/627, Grad Norms near zero: 12, Lx 0.6881, Lu 0.0809, Penalty 0.0010, loss 0.7700
Epoch 2, Batch 85/627, Grad Norms near zero: 12, Lx 0.6977, Lu 0.1453, Penalty 0.0002, loss 0.8432
Epoch 2, Batch 86/627, Grad Norms near zero: 12, Lx 0.6927, Lu 0.0982, Penalty 0.0000, loss 0.7909
Epoch 2, Batch 87/627, Grad Norms near zero: 12, Lx 0.6898, Lu 0.1643, Penalty 0.0001, loss 0.8543
Epoch 2, Batch 88/627, Grad Norms near zero: 12, Lx 0.6882, Lu 0.1309, Penalty 0.0005, loss 0.8196
Epoch 2, Batch 89/627, Grad Norms near zero: 12, Lx 0.7039, Lu 0.0879, Penalty 0.0019, loss 0.7937
Epoch 2, Batch 90/627, Grad Norms near zero: 12, Lx 0.6999, Lu 0.1003, Penalty 0.0013, loss 0.8016
Epoch 2, Batch 91/627, Grad Norms near zero: 12, Lx 0.6979, Lu 0.0539, Penalty 0.0003, loss 0.7521
Epoch 2, Batch 92/627, Grad Norms near zero: 12, Lx 0.6975, Lu 0.1684, Penalty 0.0003, loss 0.8661
Epoch 2, Batch 93/627, Grad Norms near zero: 12, Lx 0.6914, Lu 0.1248, Penalty 0.0006, loss 0.8168
Epoch 2, Batch 94/627, Grad Norms near zero: 12, Lx 0.6996, Lu 0.1158, Penalty 0.0026, loss 0.8179
Epoch 2, Batch 95/627, Grad Norms near zero: 12, Lx 0.6927, Lu 0.0940, Penalty 0.0033, loss 0.7901
Epoch 2, Batch 96/627, Grad Norms near zero: 12, Lx 0.7027, Lu 0.0443, Penalty 0.0026, loss 0.7496
Epoch 2, Batch 97/627, Grad Norms near zero: 12, Lx 0.6866, Lu 0.1440, Penalty 0.0018, loss 0.8325
Epoch 2, Batch 98/627, Grad Norms near zero: 12, Lx 0.6968, Lu 0.0158, Penalty 0.0012, loss 0.7139
Epoch 2, Batch 99/627, Grad Norms near zero: 12, Lx 0.6972, Lu 0.1620, Penalty 0.0006, loss 0.8598
Epoch 2, Batch 100/627, Grad Norms near zero: 12, Lx 0.6904, Lu 0.2019, Penalty 0.0001, loss 0.8924
Epoch 2, Batch 101/627, Grad Norms near zero: 12, Lx 0.6927, Lu 0.1477, Penalty 0.0001, loss 0.8405
Epoch 2, Batch 102/627, Grad Norms near zero: 12, Lx 0.6902, Lu 0.1871, Penalty 0.0000, loss 0.8774
Epoch 2, Batch 103/627, Grad Norms near zero: 12, Lx 0.6883, Lu 0.1273, Penalty 0.0003, loss 0.8159
Epoch 2, Batch 104/627, Grad Norms near zero: 12, Lx 0.6878, Lu 0.0803, Penalty 0.0017, loss 0.7698
Epoch 2, Batch 105/627, Grad Norms near zero: 12, Lx 0.7085, Lu 0.2229, Penalty 0.0040, loss 0.9354
Epoch 2, Batch 106/627, Grad Norms near zero: 12, Lx 0.6849, Lu 0.0444, Penalty 0.0045, loss 0.7337
Epoch 2, Batch 107/627, Grad Norms near zero: 13, Lx 0.6763, Lu 0.1630, Penalty 0.0037, loss 0.8430
Epoch 2, Batch 108/627, Grad Norms near zero: 12, Lx 0.6990, Lu 0.1138, Penalty 0.0030, loss 0.8158
Epoch 2, Batch 109/627, Grad Norms near zero: 12, Lx 0.6893, Lu 0.0527, Penalty 0.0014, loss 0.7435
Epoch 2, Batch 110/627, Grad Norms near zero: 12, Lx 0.6883, Lu 0.1537, Penalty 0.0008, loss 0.8427
Epoch 2, Batch 111/627, Grad Norms near zero: 12, Lx 0.6808, Lu 0.0722, Penalty 0.0008, loss 0.7538
Epoch 2, Batch 112/627, Grad Norms near zero: 12, Lx 0.6889, Lu 0.1793, Penalty 0.0011, loss 0.8693
Epoch 2, Batch 113/627, Grad Norms near zero: 12, Lx 0.7018, Lu 0.1544, Penalty 0.0016, loss 0.8578
Epoch 2, Batch 114/627, Grad Norms near zero: 12, Lx 0.6992, Lu 0.1206, Penalty 0.0015, loss 0.8212
Epoch 2, Batch 115/627, Grad Norms near zero: 12, Lx 0.6897, Lu 0.0676, Penalty 0.0005, loss 0.7578
Epoch 2, Batch 116/627, Grad Norms near zero: 12, Lx 0.6901, Lu 0.1170, Penalty 0.0004, loss 0.8075
Epoch 2, Batch 117/627, Grad Norms near zero: 12, Lx 0.6900, Lu 0.1691, Penalty 0.0002, loss 0.8593
Epoch 2, Batch 118/627, Grad Norms near zero: 12, Lx 0.6932, Lu 0.1982, Penalty 0.0005, loss 0.8919
Epoch 2, Batch 119/627, Grad Norms near zero: 12, Lx 0.6936, Lu 0.1800, Penalty 0.0003, loss 0.8739
Epoch 2, Batch 120/627, Grad Norms near zero: 12, Lx 0.6906, Lu 0.0545, Penalty 0.0007, loss 0.7458
Epoch 2, Batch 121/627, Grad Norms near zero: 12, Lx 0.6782, Lu 0.0406, Penalty 0.0009, loss 0.7197
Epoch 2, Batch 122/627, Grad Norms near zero: 12, Lx 0.6919, Lu 0.0656, Penalty 0.0028, loss 0.7603
Epoch 2, Batch 123/627, Grad Norms near zero: 15, Lx 0.6887, Lu 0.0293, Penalty 0.0038, loss 0.7219
Epoch 2, Batch 124/627, Grad Norms near zero: 14, Lx 0.6762, Lu 0.1192, Penalty 0.0052, loss 0.8006
Epoch 2, Batch 125/627, Grad Norms near zero: 12, Lx 0.7080, Lu 0.0861, Penalty 0.0063, loss 0.8004
Epoch 2, Batch 126/627, Grad Norms near zero: 12, Lx 0.6627, Lu 0.0368, Penalty 0.0047, loss 0.7043
Epoch 2, Batch 127/627, Grad Norms near zero: 12, Lx 0.6943, Lu 0.0873, Penalty 0.0049, loss 0.7866
Epoch 2, Batch 128/627, Grad Norms near zero: 12, Lx 0.6864, Lu 0.1086, Penalty 0.0042, loss 0.7991
Epoch 2, Batch 129/627, Grad Norms near zero: 13, Lx 0.6842, Lu 0.1239, Penalty 0.0023, loss 0.8103
Epoch 2, Batch 130/627, Grad Norms near zero: 13, Lx 0.6847, Lu 0.1296, Penalty 0.0018, loss 0.8161
Epoch 2, Batch 131/627, Grad Norms near zero: 13, Lx 0.6963, Lu 0.1511, Penalty 0.0012, loss 0.8486
Epoch 2, Batch 132/627, Grad Norms near zero: 12, Lx 0.6969, Lu 0.1926, Penalty 0.0002, loss 0.8897
Epoch 2, Batch 133/627, Grad Norms near zero: 12, Lx 0.6970, Lu 0.0878, Penalty 0.0003, loss 0.7851
Epoch 2, Batch 134/627, Grad Norms near zero: 12, Lx 0.6921, Lu 0.1622, Penalty 0.0001, loss 0.8544
Epoch 2, Batch 135/627, Grad Norms near zero: 12, Lx 0.6932, Lu 0.1663, Penalty 0.0000, loss 0.8594
Epoch 2, Batch 136/627, Grad Norms near zero: 12, Lx 0.6923, Lu 0.0951, Penalty 0.0000, loss 0.7874
Epoch 2, Batch 137/627, Grad Norms near zero: 15, Lx 0.6930, Lu 0.0763, Penalty 0.0000, loss 0.7694
Epoch 2, Batch 138/627, Grad Norms near zero: 12, Lx 0.6920, Lu 0.0184, Penalty 0.0002, loss 0.7106
Epoch 2, Batch 139/627, Grad Norms near zero: 12, Lx 0.6922, Lu 0.1193, Penalty 0.0002, loss 0.8117
Epoch 2, Batch 140/627, Grad Norms near zero: 12, Lx 0.6967, Lu 0.1466, Penalty 0.0012, loss 0.8445
Epoch 2, Batch 141/627, Grad Norms near zero: 12, Lx 0.7013, Lu 0.0417, Penalty 0.0015, loss 0.7445
Epoch 2, Batch 142/627, Grad Norms near zero: 13, Lx 0.6961, Lu 0.0120, Penalty 0.0015, loss 0.7097
Epoch 2, Batch 143/627, Grad Norms near zero: 12, Lx 0.6955, Lu 0.1293, Penalty 0.0006, loss 0.8254
Epoch 2, Batch 144/627, Grad Norms near zero: 12, Lx 0.6919, Lu 0.1341, Penalty 0.0005, loss 0.8264
Epoch 2, Batch 145/627, Grad Norms near zero: 13, Lx 0.6910, Lu 0.1676, Penalty 0.0002, loss 0.8588
Epoch 2, Batch 146/627, Grad Norms near zero: 12, Lx 0.6928, Lu 0.0115, Penalty 0.0001, loss 0.7044
Epoch 2, Batch 147/627, Grad Norms near zero: 13, Lx 0.6929, Lu 0.1098, Penalty 0.0000, loss 0.8028
Epoch 2, Batch 148/627, Grad Norms near zero: 12, Lx 0.6960, Lu 0.0990, Penalty 0.0001, loss 0.7951
Epoch 2, Batch 149/627, Grad Norms near zero: 12, Lx 0.6920, Lu 0.0699, Penalty 0.0001, loss 0.7619
Epoch 2, Batch 150/627, Grad Norms near zero: 12, Lx 0.6858, Lu 0.1160, Penalty 0.0005, loss 0.8022
Epoch 2, Batch 151/627, Grad Norms near zero: 12, Lx 0.6896, Lu 0.2078, Penalty 0.0008, loss 0.8981
Epoch 2, Batch 152/627, Grad Norms near zero: 12, Lx 0.7047, Lu 0.0487, Penalty 0.0014, loss 0.7548
Epoch 2, Batch 153/627, Grad Norms near zero: 13, Lx 0.6855, Lu 0.0518, Penalty 0.0010, loss 0.7383
Epoch 2, Batch 154/627, Grad Norms near zero: 12, Lx 0.6983, Lu 0.1704, Penalty 0.0003, loss 0.8691
Epoch 2, Batch 155/627, Grad Norms near zero: 12, Lx 0.6963, Lu 0.2170, Penalty 0.0000, loss 0.9134
Epoch 2, Batch 156/627, Grad Norms near zero: 12, Lx 0.6945, Lu 0.1097, Penalty 0.0002, loss 0.8044
Epoch 2, Batch 157/627, Grad Norms near zero: 12, Lx 0.6920, Lu 0.0813, Penalty 0.0006, loss 0.7739
Epoch 2, Batch 158/627, Grad Norms near zero: 12, Lx 0.6837, Lu 0.0983, Penalty 0.0016, loss 0.7837
Epoch 2, Batch 159/627, Grad Norms near zero: 12, Lx 0.6874, Lu 0.0287, Penalty 0.0029, loss 0.7191
Epoch 2, Batch 160/627, Grad Norms near zero: 12, Lx 0.7005, Lu 0.0282, Penalty 0.0028, loss 0.7315
Epoch 2, Batch 161/627, Grad Norms near zero: 12, Lx 0.7091, Lu 0.0781, Penalty 0.0030, loss 0.7902
Epoch 2, Batch 162/627, Grad Norms near zero: 12, Lx 0.6929, Lu 0.0581, Penalty 0.0016, loss 0.7527
Epoch 2, Batch 163/627, Grad Norms near zero: 12, Lx 0.6962, Lu 0.1104, Penalty 0.0006, loss 0.8072
Epoch 2, Batch 164/627, Grad Norms near zero: 12, Lx 0.6939, Lu 0.1530, Penalty 0.0001, loss 0.8470
Epoch 2, Batch 165/627, Grad Norms near zero: 12, Lx 0.6970, Lu 0.1599, Penalty 0.0002, loss 0.8571
Epoch 2, Batch 166/627, Grad Norms near zero: 12, Lx 0.6945, Lu 0.0820, Penalty 0.0012, loss 0.7777
Epoch 2, Batch 167/627, Grad Norms near zero: 12, Lx 0.6937, Lu 0.1810, Penalty 0.0004, loss 0.8750
Epoch 2, Batch 168/627, Grad Norms near zero: 12, Lx 0.6837, Lu 0.1822, Penalty 0.0008, loss 0.8667
Epoch 2, Batch 169/627, Grad Norms near zero: 12, Lx 0.6945, Lu 0.1293, Penalty 0.0009, loss 0.8247
Epoch 2, Batch 170/627, Grad Norms near zero: 13, Lx 0.6894, Lu 0.1579, Penalty 0.0001, loss 0.8474
Epoch 2, Batch 171/627, Grad Norms near zero: 12, Lx 0.6947, Lu 0.1903, Penalty 0.0001, loss 0.8850
Epoch 2, Batch 172/627, Grad Norms near zero: 12, Lx 0.7038, Lu 0.0891, Penalty 0.0003, loss 0.7932
Epoch 2, Batch 173/627, Grad Norms near zero: 12, Lx 0.6960, Lu 0.0182, Penalty 0.0003, loss 0.7144
Epoch 2, Batch 174/627, Grad Norms near zero: 12, Lx 0.6820, Lu 0.0399, Penalty 0.0024, loss 0.7243
Epoch 2, Batch 175/627, Grad Norms near zero: 12, Lx 0.7095, Lu 0.0891, Penalty 0.0061, loss 0.8048
Epoch 2, Batch 176/627, Grad Norms near zero: 12, Lx 0.6715, Lu 0.1653, Penalty 0.0056, loss 0.8423
Epoch 2, Batch 177/627, Grad Norms near zero: 12, Lx 0.7278, Lu 0.1083, Penalty 0.0079, loss 0.8441
Epoch 2, Batch 178/627, Grad Norms near zero: 12, Lx 0.6965, Lu 0.0143, Penalty 0.0047, loss 0.7155
Epoch 2, Batch 179/627, Grad Norms near zero: 12, Lx 0.6855, Lu 0.1505, Penalty 0.0014, loss 0.8373
Epoch 2, Batch 180/627, Grad Norms near zero: 12, Lx 0.6982, Lu 0.1144, Penalty 0.0004, loss 0.8131
Epoch 2, Batch 181/627, Grad Norms near zero: 12, Lx 0.6903, Lu 0.1427, Penalty 0.0001, loss 0.8330
Epoch 2, Batch 182/627, Grad Norms near zero: 12, Lx 0.6888, Lu 0.1907, Penalty 0.0011, loss 0.8806
Epoch 2, Batch 183/627, Grad Norms near zero: 12, Lx 0.7083, Lu 0.1308, Penalty 0.0027, loss 0.8417
Epoch 2, Batch 184/627, Grad Norms near zero: 12, Lx 0.7043, Lu 0.2597, Penalty 0.0027, loss 0.9667
Epoch 2, Batch 185/627, Grad Norms near zero: 12, Lx 0.6870, Lu 0.0172, Penalty 0.0009, loss 0.7052
Epoch 2, Batch 186/627, Grad Norms near zero: 12, Lx 0.6957, Lu 0.0787, Penalty 0.0001, loss 0.7746
Epoch 2, Batch 187/627, Grad Norms near zero: 12, Lx 0.7004, Lu 0.0955, Penalty 0.0007, loss 0.7965
Epoch 2, Batch 188/627, Grad Norms near zero: 12, Lx 0.6878, Lu 0.1367, Penalty 0.0029, loss 0.8274
Epoch 2, Batch 189/627, Grad Norms near zero: 12, Lx 0.7014, Lu 0.0955, Penalty 0.0038, loss 0.8008
Epoch 2, Batch 190/627, Grad Norms near zero: 12, Lx 0.7086, Lu 0.0444, Penalty 0.0073, loss 0.7603
Epoch 2, Batch 191/627, Grad Norms near zero: 12, Lx 0.6944, Lu 0.1449, Penalty 0.0078, loss 0.8471
Epoch 2, Batch 192/627, Grad Norms near zero: 12, Lx 0.7154, Lu 0.1143, Penalty 0.0041, loss 0.8337
Epoch 2, Batch 193/627, Grad Norms near zero: 12, Lx 0.6821, Lu 0.0662, Penalty 0.0021, loss 0.7504
Epoch 2, Batch 194/627, Grad Norms near zero: 12, Lx 0.6890, Lu 0.1635, Penalty 0.0018, loss 0.8542
Epoch 2, Batch 195/627, Grad Norms near zero: 14, Lx 0.6953, Lu 0.0774, Penalty 0.0005, loss 0.7731
Epoch 2, Batch 196/627, Grad Norms near zero: 12, Lx 0.6946, Lu 0.1219, Penalty 0.0002, loss 0.8167
Epoch 2, Batch 197/627, Grad Norms near zero: 12, Lx 0.6918, Lu 0.1186, Penalty 0.0000, loss 0.8104
Epoch 2, Batch 198/627, Grad Norms near zero: 12, Lx 0.6912, Lu 0.2097, Penalty 0.0005, loss 0.9014
Epoch 2, Batch 199/627, Grad Norms near zero: 12, Lx 0.6961, Lu 0.1428, Penalty 0.0001, loss 0.8389
Epoch 2, Batch 200/627, Grad Norms near zero: 12, Lx 0.6902, Lu 0.1306, Penalty 0.0001, loss 0.8209
Epoch 2, Batch 201/627, Grad Norms near zero: 12, Lx 0.6946, Lu 0.0961, Penalty 0.0007, loss 0.7914
Epoch 2, Batch 202/627, Grad Norms near zero: 12, Lx 0.7081, Lu 0.1641, Penalty 0.0007, loss 0.8730
Epoch 2, Batch 203/627, Grad Norms near zero: 12, Lx 0.6849, Lu 0.1409, Penalty 0.0003, loss 0.8261
Epoch 2, Batch 204/627, Grad Norms near zero: 12, Lx 0.6916, Lu 0.0877, Penalty 0.0000, loss 0.7793
Epoch 2, Batch 205/627, Grad Norms near zero: 14, Lx 0.6927, Lu 0.1066, Penalty 0.0004, loss 0.7997
Epoch 2, Batch 206/627, Grad Norms near zero: 12, Lx 0.6925, Lu 0.1213, Penalty 0.0000, loss 0.8138
Epoch 2, Batch 207/627, Grad Norms near zero: 12, Lx 0.6951, Lu 0.0701, Penalty 0.0006, loss 0.7658
Epoch 2, Batch 208/627, Grad Norms near zero: 12, Lx 0.7009, Lu 0.0948, Penalty 0.0006, loss 0.7963
Epoch 2, Batch 209/627, Grad Norms near zero: 12, Lx 0.6901, Lu 0.0319, Penalty 0.0002, loss 0.7222
Epoch 2, Batch 210/627, Grad Norms near zero: 12, Lx 0.6944, Lu 0.1817, Penalty 0.0000, loss 0.8760
Epoch 2, Batch 211/627, Grad Norms near zero: 12, Lx 0.7010, Lu 0.1588, Penalty 0.0004, loss 0.8601
Epoch 2, Batch 212/627, Grad Norms near zero: 12, Lx 0.6881, Lu 0.0198, Penalty 0.0001, loss 0.7080
Epoch 2, Batch 213/627, Grad Norms near zero: 12, Lx 0.7008, Lu 0.1271, Penalty 0.0006, loss 0.8285
Epoch 2, Batch 214/627, Grad Norms near zero: 12, Lx 0.6940, Lu 0.1311, Penalty 0.0000, loss 0.8251
Epoch 2, Batch 215/627, Grad Norms near zero: 13, Lx 0.6905, Lu 0.0885, Penalty 0.0000, loss 0.7790
Epoch 2, Batch 216/627, Grad Norms near zero: 12, Lx 0.6921, Lu 0.1566, Penalty 0.0002, loss 0.8489
Epoch 2, Batch 217/627, Grad Norms near zero: 12, Lx 0.7013, Lu 0.2081, Penalty 0.0006, loss 0.9101
Epoch 2, Batch 218/627, Grad Norms near zero: 12, Lx 0.7048, Lu 0.1120, Penalty 0.0007, loss 0.8175
Epoch 2, Batch 219/627, Grad Norms near zero: 12, Lx 0.6923, Lu 0.1983, Penalty 0.0006, loss 0.8912
Epoch 2, Batch 220/627, Grad Norms near zero: 12, Lx 0.6915, Lu 0.1424, Penalty 0.0001, loss 0.8340
Epoch 2, Batch 221/627, Grad Norms near zero: 15, Lx 0.6955, Lu 0.0201, Penalty 0.0001, loss 0.7157
Epoch 2, Batch 222/627, Grad Norms near zero: 12, Lx 0.6969, Lu 0.0654, Penalty 0.0001, loss 0.7624
Epoch 2, Batch 223/627, Grad Norms near zero: 12, Lx 0.6950, Lu 0.1953, Penalty 0.0000, loss 0.8903
Epoch 2, Batch 224/627, Grad Norms near zero: 12, Lx 0.6947, Lu 0.0884, Penalty 0.0003, loss 0.7835
Epoch 2, Batch 225/627, Grad Norms near zero: 12, Lx 0.6959, Lu 0.0808, Penalty 0.0000, loss 0.7768
Epoch 2, Batch 226/627, Grad Norms near zero: 12, Lx 0.6938, Lu 0.0623, Penalty 0.0000, loss 0.7561
Epoch 2, Batch 227/627, Grad Norms near zero: 12, Lx 0.6938, Lu 0.1522, Penalty 0.0004, loss 0.8463
Epoch 2, Batch 228/627, Grad Norms near zero: 12, Lx 0.6922, Lu 0.1013, Penalty 0.0002, loss 0.7937
Epoch 2, Batch 229/627, Grad Norms near zero: 13, Lx 0.6944, Lu 0.0257, Penalty 0.0003, loss 0.7204
Epoch 2, Batch 230/627, Grad Norms near zero: 12, Lx 0.6976, Lu 0.1526, Penalty 0.0007, loss 0.8509
Epoch 2, Batch 231/627, Grad Norms near zero: 12, Lx 0.6925, Lu 0.0473, Penalty 0.0000, loss 0.7399
Epoch 2, Batch 232/627, Grad Norms near zero: 12, Lx 0.6930, Lu 0.1980, Penalty 0.0001, loss 0.8911
Epoch 2, Batch 233/627, Grad Norms near zero: 12, Lx 0.6871, Lu 0.1743, Penalty 0.0001, loss 0.8616
Epoch 2, Batch 234/627, Grad Norms near zero: 12, Lx 0.7079, Lu 0.1467, Penalty 0.0022, loss 0.8568
Epoch 2, Batch 235/627, Grad Norms near zero: 12, Lx 0.6970, Lu 0.1901, Penalty 0.0027, loss 0.8897
Epoch 2, Batch 236/627, Grad Norms near zero: 12, Lx 0.6871, Lu 0.0798, Penalty 0.0016, loss 0.7685
Epoch 2, Batch 237/627, Grad Norms near zero: 12, Lx 0.6676, Lu 0.1459, Penalty 0.0032, loss 0.8167
Epoch 2, Batch 238/627, Grad Norms near zero: 12, Lx 0.6874, Lu 0.1199, Penalty 0.0026, loss 0.8099
Epoch 2, Batch 239/627, Grad Norms near zero: 12, Lx 0.7012, Lu 0.2202, Penalty 0.0051, loss 0.9264
Epoch 2, Batch 240/627, Grad Norms near zero: 12, Lx 0.7222, Lu 0.1991, Penalty 0.0045, loss 0.9258
Epoch 2, Batch 241/627, Grad Norms near zero: 12, Lx 0.7064, Lu 0.0716, Penalty 0.0014, loss 0.7794
Epoch 2, Batch 242/627, Grad Norms near zero: 12, Lx 0.6881, Lu 0.2140, Penalty 0.0004, loss 0.9025
Epoch 2, Batch 243/627, Grad Norms near zero: 12, Lx 0.6893, Lu 0.0786, Penalty 0.0000, loss 0.7679
Epoch 2, Batch 244/627, Grad Norms near zero: 12, Lx 0.6963, Lu 0.1167, Penalty 0.0000, loss 0.8131
Epoch 2, Batch 245/627, Grad Norms near zero: 12, Lx 0.6934, Lu 0.1404, Penalty 0.0000, loss 0.8338
Epoch 2, Batch 246/627, Grad Norms near zero: 12, Lx 0.6925, Lu 0.1518, Penalty 0.0000, loss 0.8443
Epoch 2, Batch 247/627, Grad Norms near zero: 13, Lx 0.6891, Lu 0.1977, Penalty 0.0006, loss 0.8874
Epoch 2, Batch 248/627, Grad Norms near zero: 13, Lx 0.6878, Lu 0.1100, Penalty 0.0008, loss 0.7986
Epoch 2, Batch 249/627, Grad Norms near zero: 12, Lx 0.6875, Lu 0.1509, Penalty 0.0015, loss 0.8400
Epoch 2, Batch 250/627, Grad Norms near zero: 12, Lx 0.6758, Lu 0.1355, Penalty 0.0026, loss 0.8139
Epoch 2, Batch 251/627, Grad Norms near zero: 12, Lx 0.6758, Lu 0.0320, Penalty 0.0061, loss 0.7139
Epoch 2, Batch 252/627, Grad Norms near zero: 12, Lx 0.7084, Lu 0.0173, Penalty 0.0072, loss 0.7329
Epoch 2, Batch 253/627, Grad Norms near zero: 12, Lx 0.7173, Lu 0.1763, Penalty 0.0057, loss 0.8993
Epoch 2, Batch 254/627, Grad Norms near zero: 12, Lx 0.6757, Lu 0.1072, Penalty 0.0050, loss 0.7879
Epoch 2, Batch 255/627, Grad Norms near zero: 12, Lx 0.6939, Lu 0.1186, Penalty 0.0016, loss 0.8141
Epoch 2, Batch 256/627, Grad Norms near zero: 12, Lx 0.6895, Lu 0.1313, Penalty 0.0005, loss 0.8213
Epoch 2, Batch 257/627, Grad Norms near zero: 12, Lx 0.7111, Lu 0.0756, Penalty 0.0005, loss 0.7872
Epoch 2, Batch 258/627, Grad Norms near zero: 12, Lx 0.6927, Lu 0.1697, Penalty 0.0000, loss 0.8624
Epoch 2, Batch 259/627, Grad Norms near zero: 12, Lx 0.6944, Lu 0.0494, Penalty 0.0003, loss 0.7441
Epoch 2, Batch 260/627, Grad Norms near zero: 13, Lx 0.6915, Lu 0.0905, Penalty 0.0001, loss 0.7821
Epoch 2, Batch 261/627, Grad Norms near zero: 12, Lx 0.6979, Lu 0.0787, Penalty 0.0004, loss 0.7769
Epoch 2, Batch 262/627, Grad Norms near zero: 12, Lx 0.6962, Lu 0.1417, Penalty 0.0001, loss 0.8380
Epoch 2, Batch 263/627, Grad Norms near zero: 12, Lx 0.6910, Lu 0.2080, Penalty 0.0000, loss 0.8990
Epoch 2, Batch 264/627, Grad Norms near zero: 13, Lx 0.6967, Lu 0.0701, Penalty 0.0008, loss 0.7675
Epoch 2, Batch 265/627, Grad Norms near zero: 12, Lx 0.6968, Lu 0.0941, Penalty 0.0028, loss 0.7937
Epoch 2, Batch 266/627, Grad Norms near zero: 12, Lx 0.7061, Lu 0.0425, Penalty 0.0026, loss 0.7512
Epoch 2, Batch 267/627, Grad Norms near zero: 12, Lx 0.6798, Lu 0.1356, Penalty 0.0021, loss 0.8175
Epoch 2, Batch 268/627, Grad Norms near zero: 12, Lx 0.6946, Lu 0.0617, Penalty 0.0023, loss 0.7587
Epoch 2, Batch 269/627, Grad Norms near zero: 12, Lx 0.7089, Lu 0.0655, Penalty 0.0023, loss 0.7767
Epoch 2, Batch 270/627, Grad Norms near zero: 13, Lx 0.6952, Lu 0.0748, Penalty 0.0013, loss 0.7714
Epoch 2, Batch 271/627, Grad Norms near zero: 12, Lx 0.6946, Lu 0.0731, Penalty 0.0004, loss 0.7681
Epoch 2, Batch 272/627, Grad Norms near zero: 15, Lx 0.6932, Lu 0.0849, Penalty 0.0003, loss 0.7783
Epoch 2, Batch 273/627, Grad Norms near zero: 12, Lx 0.6914, Lu 0.1951, Penalty 0.0000, loss 0.8865
Epoch 2, Batch 274/627, Grad Norms near zero: 17, Lx 0.6953, Lu 0.0638, Penalty 0.0000, loss 0.7592
Epoch 2, Batch 275/627, Grad Norms near zero: 12, Lx 0.6914, Lu 0.0557, Penalty 0.0001, loss 0.7472
Epoch 2, Batch 276/627, Grad Norms near zero: 12, Lx 0.6963, Lu 0.1898, Penalty 0.0003, loss 0.8863
Epoch 2, Batch 277/627, Grad Norms near zero: 12, Lx 0.6940, Lu 0.1533, Penalty 0.0002, loss 0.8475
Epoch 2, Batch 278/627, Grad Norms near zero: 12, Lx 0.6931, Lu 0.1370, Penalty 0.0001, loss 0.8303
Epoch 2, Batch 279/627, Grad Norms near zero: 12, Lx 0.6950, Lu 0.0969, Penalty 0.0011, loss 0.7929
Epoch 2, Batch 280/627, Grad Norms near zero: 12, Lx 0.6792, Lu 0.0788, Penalty 0.0011, loss 0.7591
Epoch 2, Batch 281/627, Grad Norms near zero: 12, Lx 0.6990, Lu 0.1795, Penalty 0.0016, loss 0.8801
Epoch 2, Batch 282/627, Grad Norms near zero: 12, Lx 0.6987, Lu 0.1710, Penalty 0.0018, loss 0.8715
Epoch 2, Batch 283/627, Grad Norms near zero: 12, Lx 0.6889, Lu 0.1609, Penalty 0.0013, loss 0.8511
Epoch 2, Batch 284/627, Grad Norms near zero: 12, Lx 0.6857, Lu 0.1454, Penalty 0.0022, loss 0.8332
Epoch 2, Batch 285/627, Grad Norms near zero: 12, Lx 0.6913, Lu 0.0537, Penalty 0.0014, loss 0.7464
Epoch 2, Batch 286/627, Grad Norms near zero: 12, Lx 0.6777, Lu 0.0621, Penalty 0.0015, loss 0.7413
Epoch 2, Batch 287/627, Grad Norms near zero: 12, Lx 0.7077, Lu 0.0325, Penalty 0.0027, loss 0.7429
Epoch 2, Batch 288/627, Grad Norms near zero: 12, Lx 0.7077, Lu 0.0212, Penalty 0.0017, loss 0.7306
Epoch 2, Batch 289/627, Grad Norms near zero: 12, Lx 0.7022, Lu 0.1353, Penalty 0.0012, loss 0.8387
Epoch 2, Batch 290/627, Grad Norms near zero: 12, Lx 0.6919, Lu 0.1545, Penalty 0.0003, loss 0.8467
Epoch 2, Batch 291/627, Grad Norms near zero: 12, Lx 0.6917, Lu 0.1882, Penalty 0.0004, loss 0.8803
Epoch 2, Batch 292/627, Grad Norms near zero: 14, Lx 0.6928, Lu 0.0203, Penalty 0.0000, loss 0.7131
Epoch 2, Batch 293/627, Grad Norms near zero: 14, Lx 0.6934, Lu 0.1280, Penalty 0.0000, loss 0.8214
Epoch 2, Batch 294/627, Grad Norms near zero: 12, Lx 0.6938, Lu 0.2031, Penalty 0.0000, loss 0.8969
Epoch 2, Batch 295/627, Grad Norms near zero: 12, Lx 0.6946, Lu 0.1549, Penalty 0.0000, loss 0.8495
Epoch 2, Batch 296/627, Grad Norms near zero: 12, Lx 0.6851, Lu 0.1474, Penalty 0.0005, loss 0.8330
Epoch 2, Batch 297/627, Grad Norms near zero: 12, Lx 0.6881, Lu 0.1766, Penalty 0.0015, loss 0.8661
Epoch 2, Batch 298/627, Grad Norms near zero: 12, Lx 0.7103, Lu 0.1217, Penalty 0.0014, loss 0.8334
Epoch 2, Batch 299/627, Grad Norms near zero: 12, Lx 0.6845, Lu 0.0247, Penalty 0.0012, loss 0.7104
Epoch 2, Batch 300/627, Grad Norms near zero: 12, Lx 0.7030, Lu 0.1814, Penalty 0.0015, loss 0.8859
Epoch 2, Batch 301/627, Grad Norms near zero: 12, Lx 0.6900, Lu 0.0815, Penalty 0.0007, loss 0.7722
Epoch 2, Batch 302/627, Grad Norms near zero: 12, Lx 0.6899, Lu 0.1540, Penalty 0.0004, loss 0.8443
Epoch 2, Batch 303/627, Grad Norms near zero: 12, Lx 0.6937, Lu 0.0797, Penalty 0.0002, loss 0.7735
Epoch 2, Batch 304/627, Grad Norms near zero: 12, Lx 0.6917, Lu 0.1180, Penalty 0.0001, loss 0.8099
Epoch 2, Batch 305/627, Grad Norms near zero: 12, Lx 0.6996, Lu 0.1931, Penalty 0.0006, loss 0.8932
Epoch 2, Batch 306/627, Grad Norms near zero: 12, Lx 0.6960, Lu 0.0511, Penalty 0.0003, loss 0.7474
Epoch 2, Batch 307/627, Grad Norms near zero: 12, Lx 0.6916, Lu 0.1051, Penalty 0.0003, loss 0.7969
Epoch 2, Batch 308/627, Grad Norms near zero: 12, Lx 0.6987, Lu 0.1276, Penalty 0.0001, loss 0.8265
Epoch 2, Batch 309/627, Grad Norms near zero: 12, Lx 0.6970, Lu 0.1167, Penalty 0.0005, loss 0.8142
Epoch 2, Batch 310/627, Grad Norms near zero: 12, Lx 0.6913, Lu 0.0695, Penalty 0.0000, loss 0.7608
Epoch 2, Batch 311/627, Grad Norms near zero: 12, Lx 0.6922, Lu 0.1650, Penalty 0.0000, loss 0.8573
Epoch 2, Batch 312/627, Grad Norms near zero: 12, Lx 0.6928, Lu 0.1551, Penalty 0.0001, loss 0.8481
Epoch 2, Batch 313/627, Grad Norms near zero: 12, Lx 0.6925, Lu 0.0906, Penalty 0.0000, loss 0.7831
Epoch 2, Batch 314/627, Grad Norms near zero: 12, Lx 0.6894, Lu 0.0646, Penalty 0.0000, loss 0.7540
Epoch 2, Batch 315/627, Grad Norms near zero: 13, Lx 0.6933, Lu 0.0096, Penalty 0.0007, loss 0.7035
Epoch 2, Batch 316/627, Grad Norms near zero: 12, Lx 0.6923, Lu 0.1225, Penalty 0.0015, loss 0.8164
Epoch 2, Batch 317/627, Grad Norms near zero: 12, Lx 0.6938, Lu 0.1224, Penalty 0.0021, loss 0.8183
Epoch 2, Batch 318/627, Grad Norms near zero: 12, Lx 0.6891, Lu 0.1029, Penalty 0.0039, loss 0.7960
Epoch 2, Batch 319/627, Grad Norms near zero: 12, Lx 0.7300, Lu 0.1110, Penalty 0.0052, loss 0.8461
Epoch 2, Batch 320/627, Grad Norms near zero: 12, Lx 0.6953, Lu 0.0559, Penalty 0.0024, loss 0.7537
Epoch 2, Batch 321/627, Grad Norms near zero: 13, Lx 0.6821, Lu 0.0240, Penalty 0.0019, loss 0.7080
Epoch 2, Batch 322/627, Grad Norms near zero: 13, Lx 0.6866, Lu 0.0265, Penalty 0.0006, loss 0.7138
Epoch 2, Batch 323/627, Grad Norms near zero: 12, Lx 0.6960, Lu 0.1767, Penalty 0.0001, loss 0.8728
Epoch 2, Batch 324/627, Grad Norms near zero: 12, Lx 0.6911, Lu 0.0929, Penalty 0.0001, loss 0.7841
Epoch 2, Batch 325/627, Grad Norms near zero: 12, Lx 0.6934, Lu 0.1396, Penalty 0.0000, loss 0.8330
Epoch 2, Batch 326/627, Grad Norms near zero: 13, Lx 0.6986, Lu 0.0995, Penalty 0.0002, loss 0.7983
Epoch 2, Batch 327/627, Grad Norms near zero: 12, Lx 0.6939, Lu 0.1587, Penalty 0.0000, loss 0.8526
Epoch 2, Batch 328/627, Grad Norms near zero: 12, Lx 0.6949, Lu 0.1403, Penalty 0.0000, loss 0.8353
Epoch 2, Batch 329/627, Grad Norms near zero: 12, Lx 0.6964, Lu 0.1062, Penalty 0.0004, loss 0.8029
Epoch 2, Batch 330/627, Grad Norms near zero: 12, Lx 0.6923, Lu 0.1472, Penalty 0.0005, loss 0.8400
Epoch 2, Batch 331/627, Grad Norms near zero: 12, Lx 0.6953, Lu 0.1619, Penalty 0.0000, loss 0.8572
Epoch 2, Batch 332/627, Grad Norms near zero: 12, Lx 0.6943, Lu 0.0832, Penalty 0.0001, loss 0.7776
Epoch 2, Batch 333/627, Grad Norms near zero: 12, Lx 0.6970, Lu 0.0699, Penalty 0.0008, loss 0.7677
Epoch 2, Batch 334/627, Grad Norms near zero: 12, Lx 0.6948, Lu 0.0319, Penalty 0.0014, loss 0.7282
Epoch 2, Batch 335/627, Grad Norms near zero: 12, Lx 0.6950, Lu 0.0682, Penalty 0.0012, loss 0.7644
Epoch 2, Batch 336/627, Grad Norms near zero: 12, Lx 0.7035, Lu 0.1577, Penalty 0.0032, loss 0.8644
Epoch 2, Batch 337/627, Grad Norms near zero: 12, Lx 0.6869, Lu 0.0190, Penalty 0.0013, loss 0.7073
Epoch 2, Batch 338/627, Grad Norms near zero: 12, Lx 0.6978, Lu 0.0422, Penalty 0.0012, loss 0.7412
Epoch 2, Batch 339/627, Grad Norms near zero: 12, Lx 0.6849, Lu 0.0783, Penalty 0.0010, loss 0.7642
Epoch 2, Batch 340/627, Grad Norms near zero: 12, Lx 0.6946, Lu 0.1350, Penalty 0.0007, loss 0.8303
Epoch 2, Batch 341/627, Grad Norms near zero: 12, Lx 0.6944, Lu 0.2153, Penalty 0.0017, loss 0.9114
Epoch 2, Batch 342/627, Grad Norms near zero: 14, Lx 0.6958, Lu 0.0181, Penalty 0.0002, loss 0.7140
Epoch 2, Batch 343/627, Grad Norms near zero: 12, Lx 0.6938, Lu 0.1028, Penalty 0.0000, loss 0.7966
Epoch 2, Batch 344/627, Grad Norms near zero: 12, Lx 0.6946, Lu 0.1165, Penalty 0.0000, loss 0.8112
Epoch 2, Batch 345/627, Grad Norms near zero: 12, Lx 0.6947, Lu 0.0728, Penalty 0.0001, loss 0.7676
Epoch 2, Batch 346/627, Grad Norms near zero: 12, Lx 0.6932, Lu 0.0782, Penalty 0.0001, loss 0.7715
Epoch 2, Batch 347/627, Grad Norms near zero: 12, Lx 0.6934, Lu 0.1044, Penalty 0.0000, loss 0.7978
Epoch 2, Batch 348/627, Grad Norms near zero: 12, Lx 0.6935, Lu 0.0115, Penalty 0.0000, loss 0.7050
Epoch 2, Batch 349/627, Grad Norms near zero: 13, Lx 0.6935, Lu 0.0664, Penalty 0.0001, loss 0.7600
Epoch 2, Batch 350/627, Grad Norms near zero: 12, Lx 0.6936, Lu 0.1883, Penalty 0.0001, loss 0.8820
Epoch 2, Batch 351/627, Grad Norms near zero: 12, Lx 0.6921, Lu 0.1419, Penalty 0.0000, loss 0.8340
Epoch 2, Batch 352/627, Grad Norms near zero: 12, Lx 0.6901, Lu 0.0610, Penalty 0.0001, loss 0.7512
Epoch 2, Batch 353/627, Grad Norms near zero: 12, Lx 0.6936, Lu 0.0455, Penalty 0.0010, loss 0.7401
Epoch 2, Batch 354/627, Grad Norms near zero: 12, Lx 0.6936, Lu 0.1345, Penalty 0.0006, loss 0.8287
Epoch 2, Batch 355/627, Grad Norms near zero: 12, Lx 0.7226, Lu 0.1434, Penalty 0.0022, loss 0.8682
Epoch 2, Batch 356/627, Grad Norms near zero: 13, Lx 0.6923, Lu 0.1187, Penalty 0.0008, loss 0.8118
Epoch 2, Batch 357/627, Grad Norms near zero: 13, Lx 0.6962, Lu 0.1224, Penalty 0.0002, loss 0.8188
Epoch 2, Batch 358/627, Grad Norms near zero: 12, Lx 0.6935, Lu 0.0481, Penalty 0.0000, loss 0.7416
Epoch 2, Batch 359/627, Grad Norms near zero: 13, Lx 0.6927, Lu 0.0769, Penalty 0.0000, loss 0.7697
Epoch 2, Batch 360/627, Grad Norms near zero: 12, Lx 0.6934, Lu 0.0979, Penalty 0.0001, loss 0.7914
Epoch 2, Batch 361/627, Grad Norms near zero: 12, Lx 0.6951, Lu 0.0343, Penalty 0.0000, loss 0.7294
Epoch 2, Batch 362/627, Grad Norms near zero: 12, Lx 0.6917, Lu 0.0681, Penalty 0.0000, loss 0.7598
Epoch 2, Batch 363/627, Grad Norms near zero: 12, Lx 0.6971, Lu 0.1120, Penalty 0.0004, loss 0.8096
Epoch 2, Batch 364/627, Grad Norms near zero: 12, Lx 0.7015, Lu 0.1059, Penalty 0.0013, loss 0.8087
Epoch 2, Batch 365/627, Grad Norms near zero: 18, Lx 0.6889, Lu 0.0284, Penalty 0.0015, loss 0.7189
Epoch 2, Batch 366/627, Grad Norms near zero: 12, Lx 0.6892, Lu 0.1024, Penalty 0.0017, loss 0.7933
Epoch 2, Batch 367/627, Grad Norms near zero: 12, Lx 0.6856, Lu 0.0976, Penalty 0.0032, loss 0.7863
Epoch 2, Batch 368/627, Grad Norms near zero: 12, Lx 0.7031, Lu 0.1594, Penalty 0.0034, loss 0.8659
Epoch 2, Batch 369/627, Grad Norms near zero: 12, Lx 0.6910, Lu 0.0309, Penalty 0.0025, loss 0.7244
Epoch 2, Batch 370/627, Grad Norms near zero: 12, Lx 0.6987, Lu 0.1336, Penalty 0.0020, loss 0.8344
Epoch 2, Batch 371/627, Grad Norms near zero: 12, Lx 0.7039, Lu 0.1216, Penalty 0.0008, loss 0.8263
Epoch 2, Batch 372/627, Grad Norms near zero: 13, Lx 0.6942, Lu 0.0044, Penalty 0.0002, loss 0.6989
Epoch 2, Batch 373/627, Grad Norms near zero: 12, Lx 0.6931, Lu 0.1013, Penalty 0.0000, loss 0.7944
Epoch 2, Batch 374/627, Grad Norms near zero: 12, Lx 0.7001, Lu 0.0759, Penalty 0.0004, loss 0.7764
Epoch 2, Batch 375/627, Grad Norms near zero: 12, Lx 0.6959, Lu 0.1824, Penalty 0.0003, loss 0.8787
Epoch 2, Batch 376/627, Grad Norms near zero: 12, Lx 0.6935, Lu 0.1543, Penalty 0.0002, loss 0.8480
Epoch 2, Batch 377/627, Grad Norms near zero: 12, Lx 0.6940, Lu 0.0993, Penalty 0.0000, loss 0.7933
Epoch 2, Batch 378/627, Grad Norms near zero: 12, Lx 0.6953, Lu 0.1564, Penalty 0.0000, loss 0.8517
Epoch 2, Batch 379/627, Grad Norms near zero: 14, Lx 0.6961, Lu 0.0816, Penalty 0.0005, loss 0.7782
Epoch 2, Batch 380/627, Grad Norms near zero: 14, Lx 0.6837, Lu 0.1644, Penalty 0.0010, loss 0.8491
Epoch 2, Batch 381/627, Grad Norms near zero: 12, Lx 0.6983, Lu 0.1636, Penalty 0.0017, loss 0.8636
Epoch 2, Batch 382/627, Grad Norms near zero: 13, Lx 0.6927, Lu 0.1781, Penalty 0.0022, loss 0.8730
Epoch 2, Batch 383/627, Grad Norms near zero: 12, Lx 0.7093, Lu 0.1065, Penalty 0.0023, loss 0.8181
Epoch 2, Batch 384/627, Grad Norms near zero: 12, Lx 0.7022, Lu 0.1195, Penalty 0.0010, loss 0.8227
Epoch 2, Batch 385/627, Grad Norms near zero: 12, Lx 0.6924, Lu 0.1620, Penalty 0.0005, loss 0.8549
Epoch 2, Batch 386/627, Grad Norms near zero: 12, Lx 0.6972, Lu 0.0494, Penalty 0.0002, loss 0.7468
Epoch 2, Batch 387/627, Grad Norms near zero: 13, Lx 0.6952, Lu 0.1556, Penalty 0.0000, loss 0.8509
Epoch 2, Batch 388/627, Grad Norms near zero: 12, Lx 0.6890, Lu 0.0678, Penalty 0.0000, loss 0.7568
Epoch 2, Batch 389/627, Grad Norms near zero: 12, Lx 0.6945, Lu 0.1610, Penalty 0.0004, loss 0.8559
Epoch 2, Batch 390/627, Grad Norms near zero: 12, Lx 0.6997, Lu 0.1357, Penalty 0.0010, loss 0.8364
Epoch 2, Batch 391/627, Grad Norms near zero: 12, Lx 0.6984, Lu 0.1052, Penalty 0.0004, loss 0.8040
Epoch 2, Batch 392/627, Grad Norms near zero: 12, Lx 0.6942, Lu 0.1603, Penalty 0.0000, loss 0.8546
Epoch 2, Batch 393/627, Grad Norms near zero: 12, Lx 0.6918, Lu 0.1244, Penalty 0.0001, loss 0.8163
Epoch 2, Batch 394/627, Grad Norms near zero: 12, Lx 0.6990, Lu 0.0875, Penalty 0.0008, loss 0.7873
Epoch 2, Batch 395/627, Grad Norms near zero: 12, Lx 0.6981, Lu 0.1005, Penalty 0.0010, loss 0.7996
Epoch 2, Batch 396/627, Grad Norms near zero: 12, Lx 0.7035, Lu 0.1473, Penalty 0.0022, loss 0.8530
Epoch 2, Batch 397/627, Grad Norms near zero: 12, Lx 0.6993, Lu 0.2071, Penalty 0.0013, loss 0.9077
Epoch 2, Batch 398/627, Grad Norms near zero: 12, Lx 0.6905, Lu 0.1417, Penalty 0.0014, loss 0.8335
Epoch 2, Batch 399/627, Grad Norms near zero: 13, Lx 0.6915, Lu 0.0852, Penalty 0.0008, loss 0.7775
Epoch 2, Batch 400/627, Grad Norms near zero: 12, Lx 0.6945, Lu 0.1955, Penalty 0.0001, loss 0.8901
Epoch 2, Batch 401/627, Grad Norms near zero: 12, Lx 0.6938, Lu 0.0081, Penalty 0.0000, loss 0.7019
Epoch 2, Batch 402/627, Grad Norms near zero: 12, Lx 0.6896, Lu 0.2222, Penalty 0.0002, loss 0.9120
Epoch 2, Batch 403/627, Grad Norms near zero: 13, Lx 0.6884, Lu 0.0901, Penalty 0.0006, loss 0.7790
Epoch 2, Batch 404/627, Grad Norms near zero: 12, Lx 0.6881, Lu 0.1776, Penalty 0.0004, loss 0.8661
Epoch 2, Batch 405/627, Grad Norms near zero: 12, Lx 0.6979, Lu 0.1646, Penalty 0.0006, loss 0.8631
Epoch 2, Batch 406/627, Grad Norms near zero: 12, Lx 0.6980, Lu 0.1979, Penalty 0.0014, loss 0.8973
Epoch 2, Batch 407/627, Grad Norms near zero: 12, Lx 0.6936, Lu 0.1839, Penalty 0.0001, loss 0.8776
Epoch 2, Batch 408/627, Grad Norms near zero: 12, Lx 0.6929, Lu 0.1476, Penalty 0.0000, loss 0.8405
Epoch 2, Batch 409/627, Grad Norms near zero: 12, Lx 0.6920, Lu 0.2062, Penalty 0.0002, loss 0.8984
Epoch 2, Batch 410/627, Grad Norms near zero: 12, Lx 0.6902, Lu 0.1240, Penalty 0.0004, loss 0.8146
Epoch 2, Batch 411/627, Grad Norms near zero: 12, Lx 0.6917, Lu 0.1889, Penalty 0.0021, loss 0.8826
Epoch 2, Batch 412/627, Grad Norms near zero: 13, Lx 0.6866, Lu 0.1431, Penalty 0.0029, loss 0.8326
Epoch 2, Batch 413/627, Grad Norms near zero: 12, Lx 0.6945, Lu 0.1666, Penalty 0.0040, loss 0.8651
Epoch 2, Batch 414/627, Grad Norms near zero: 12, Lx 0.6983, Lu 0.2158, Penalty 0.0033, loss 0.9174
Epoch 2, Batch 415/627, Grad Norms near zero: 13, Lx 0.6928, Lu 0.0684, Penalty 0.0020, loss 0.7631
Epoch 2, Batch 416/627, Grad Norms near zero: 14, Lx 0.6921, Lu 0.0957, Penalty 0.0012, loss 0.7889
Epoch 2, Batch 417/627, Grad Norms near zero: 12, Lx 0.6884, Lu 0.1947, Penalty 0.0010, loss 0.8841
Epoch 2, Batch 418/627, Grad Norms near zero: 12, Lx 0.6973, Lu 0.1588, Penalty 0.0003, loss 0.8563
Epoch 2, Batch 419/627, Grad Norms near zero: 14, Lx 0.6941, Lu 0.1488, Penalty 0.0000, loss 0.8428
Epoch 2, Batch 420/627, Grad Norms near zero: 12, Lx 0.6960, Lu 0.1702, Penalty 0.0001, loss 0.8663
Epoch 2, Batch 421/627, Grad Norms near zero: 12, Lx 0.6931, Lu 0.1350, Penalty 0.0003, loss 0.8284
Epoch 2, Batch 422/627, Grad Norms near zero: 12, Lx 0.6952, Lu 0.1008, Penalty 0.0004, loss 0.7964
Epoch 2, Batch 423/627, Grad Norms near zero: 12, Lx 0.6965, Lu 0.1660, Penalty 0.0006, loss 0.8631
Epoch 2, Batch 424/627, Grad Norms near zero: 12, Lx 0.6967, Lu 0.1615, Penalty 0.0002, loss 0.8584
Epoch 2, Batch 425/627, Grad Norms near zero: 12, Lx 0.6944, Lu 0.0715, Penalty 0.0000, loss 0.7659
Epoch 2, Batch 426/627, Grad Norms near zero: 12, Lx 0.6978, Lu 0.1547, Penalty 0.0008, loss 0.8533
Epoch 2, Batch 427/627, Grad Norms near zero: 12, Lx 0.6925, Lu 0.1381, Penalty 0.0024, loss 0.8330
Epoch 2, Batch 428/627, Grad Norms near zero: 12, Lx 0.7199, Lu 0.2147, Penalty 0.0042, loss 0.9388
Epoch 2, Batch 429/627, Grad Norms near zero: 16, Lx 0.6729, Lu 0.0121, Penalty 0.0048, loss 0.6897
Epoch 2, Batch 430/627, Grad Norms near zero: 12, Lx 0.7140, Lu 0.1513, Penalty 0.0058, loss 0.8711
Epoch 2, Batch 431/627, Grad Norms near zero: 12, Lx 0.6926, Lu 0.1871, Penalty 0.0037, loss 0.8834
Epoch 2, Batch 432/627, Grad Norms near zero: 12, Lx 0.6894, Lu 0.1082, Penalty 0.0027, loss 0.8004
Epoch 2, Batch 433/627, Grad Norms near zero: 13, Lx 0.6911, Lu 0.1609, Penalty 0.0017, loss 0.8537
Epoch 2, Batch 434/627, Grad Norms near zero: 15, Lx 0.6935, Lu 0.0433, Penalty 0.0012, loss 0.7380
Epoch 2, Batch 435/627, Grad Norms near zero: 12, Lx 0.7001, Lu 0.0478, Penalty 0.0004, loss 0.7482
Epoch 2, Batch 436/627, Grad Norms near zero: 12, Lx 0.6934, Lu 0.0593, Penalty 0.0000, loss 0.7527
Epoch 2, Batch 437/627, Grad Norms near zero: 12, Lx 0.6955, Lu 0.1907, Penalty 0.0000, loss 0.8862
Epoch 2, Batch 438/627, Grad Norms near zero: 15, Lx 0.6940, Lu 0.0274, Penalty 0.0000, loss 0.7214
Epoch 2, Batch 439/627, Grad Norms near zero: 12, Lx 0.6926, Lu 0.1525, Penalty 0.0000, loss 0.8452
Epoch 2, Batch 440/627, Grad Norms near zero: 12, Lx 0.6924, Lu 0.1578, Penalty 0.0003, loss 0.8505
Epoch 2, Batch 441/627, Grad Norms near zero: 12, Lx 0.6938, Lu 0.1032, Penalty 0.0004, loss 0.7974
Epoch 2, Batch 442/627, Grad Norms near zero: 14, Lx 0.6971, Lu 0.0716, Penalty 0.0009, loss 0.7696
Epoch 2, Batch 443/627, Grad Norms near zero: 12, Lx 0.6893, Lu 0.1570, Penalty 0.0007, loss 0.8469
Epoch 2, Batch 444/627, Grad Norms near zero: 12, Lx 0.6836, Lu 0.1388, Penalty 0.0009, loss 0.8234
Epoch 2, Batch 445/627, Grad Norms near zero: 13, Lx 0.6858, Lu 0.1549, Penalty 0.0024, loss 0.8431
Epoch 2, Batch 446/627, Grad Norms near zero: 12, Lx 0.7149, Lu 0.0115, Penalty 0.0032, loss 0.7296
Epoch 2, Batch 447/627, Grad Norms near zero: 13, Lx 0.6763, Lu 0.1640, Penalty 0.0034, loss 0.8437
Epoch 2, Batch 448/627, Grad Norms near zero: 12, Lx 0.6846, Lu 0.0374, Penalty 0.0036, loss 0.7255
Epoch 2, Batch 449/627, Grad Norms near zero: 12, Lx 0.6911, Lu 0.2032, Penalty 0.0040, loss 0.8983
Epoch 2, Batch 450/627, Grad Norms near zero: 12, Lx 0.6724, Lu 0.0899, Penalty 0.0037, loss 0.7660
Epoch 2, Batch 451/627, Grad Norms near zero: 12, Lx 0.6955, Lu 0.0162, Penalty 0.0029, loss 0.7145
Epoch 2, Batch 452/627, Grad Norms near zero: 12, Lx 0.7118, Lu 0.0368, Penalty 0.0027, loss 0.7512
Epoch 2, Batch 453/627, Grad Norms near zero: 12, Lx 0.6961, Lu 0.0813, Penalty 0.0017, loss 0.7791
Epoch 2, Batch 454/627, Grad Norms near zero: 13, Lx 0.6922, Lu 0.1252, Penalty 0.0006, loss 0.8180
Epoch 2, Batch 455/627, Grad Norms near zero: 12, Lx 0.6954, Lu 0.1230, Penalty 0.0002, loss 0.8185
Epoch 2, Batch 456/627, Grad Norms near zero: 12, Lx 0.6952, Lu 0.1314, Penalty 0.0000, loss 0.8266
Epoch 2, Batch 457/627, Grad Norms near zero: 12, Lx 0.6924, Lu 0.1933, Penalty 0.0000, loss 0.8857
Epoch 2, Batch 458/627, Grad Norms near zero: 12, Lx 0.6911, Lu 0.1111, Penalty 0.0000, loss 0.8023
Epoch 2, Batch 459/627, Grad Norms near zero: 12, Lx 0.6954, Lu 0.1302, Penalty 0.0005, loss 0.8261
Epoch 2, Batch 460/627, Grad Norms near zero: 13, Lx 0.6882, Lu 0.0248, Penalty 0.0008, loss 0.7139
Epoch 2, Batch 461/627, Grad Norms near zero: 12, Lx 0.6972, Lu 0.0675, Penalty 0.0018, loss 0.7666
Epoch 2, Batch 462/627, Grad Norms near zero: 12, Lx 0.7053, Lu 0.0830, Penalty 0.0021, loss 0.7904
Epoch 2, Batch 463/627, Grad Norms near zero: 12, Lx 0.7060, Lu 0.0715, Penalty 0.0017, loss 0.7792
Epoch 2, Batch 464/627, Grad Norms near zero: 12, Lx 0.6851, Lu 0.1022, Penalty 0.0012, loss 0.7885
Epoch 2, Batch 465/627, Grad Norms near zero: 16, Lx 0.6940, Lu 0.0248, Penalty 0.0011, loss 0.7199
Epoch 2, Batch 466/627, Grad Norms near zero: 12, Lx 0.6977, Lu 0.1358, Penalty 0.0007, loss 0.8341
Epoch 2, Batch 467/627, Grad Norms near zero: 12, Lx 0.6951, Lu 0.1282, Penalty 0.0004, loss 0.8237
Epoch 2, Batch 468/627, Grad Norms near zero: 12, Lx 0.6903, Lu 0.0884, Penalty 0.0002, loss 0.7789
Epoch 2, Batch 469/627, Grad Norms near zero: 12, Lx 0.6966, Lu 0.1451, Penalty 0.0001, loss 0.8418
Epoch 2, Batch 470/627, Grad Norms near zero: 13, Lx 0.6947, Lu 0.0594, Penalty 0.0000, loss 0.7541
Epoch 2, Batch 471/627, Grad Norms near zero: 12, Lx 0.6930, Lu 0.1071, Penalty 0.0000, loss 0.8002
Epoch 2, Batch 472/627, Grad Norms near zero: 12, Lx 0.6935, Lu 0.0774, Penalty 0.0000, loss 0.7710
Epoch 2, Batch 473/627, Grad Norms near zero: 12, Lx 0.6900, Lu 0.1109, Penalty 0.0000, loss 0.8009
Epoch 2, Batch 474/627, Grad Norms near zero: 12, Lx 0.6972, Lu 0.0593, Penalty 0.0007, loss 0.7571
Epoch 2, Batch 475/627, Grad Norms near zero: 12, Lx 0.6873, Lu 0.0705, Penalty 0.0010, loss 0.7588
Epoch 2, Batch 476/627, Grad Norms near zero: 13, Lx 0.6891, Lu 0.0963, Penalty 0.0022, loss 0.7876
Epoch 2, Batch 477/627, Grad Norms near zero: 14, Lx 0.6903, Lu 0.0705, Penalty 0.0030, loss 0.7639
Epoch 2, Batch 478/627, Grad Norms near zero: 14, Lx 0.6927, Lu 0.0470, Penalty 0.0038, loss 0.7435
Epoch 2, Batch 479/627, Grad Norms near zero: 12, Lx 0.6768, Lu 0.1226, Penalty 0.0044, loss 0.8037
Epoch 2, Batch 480/627, Grad Norms near zero: 12, Lx 0.6951, Lu 0.0494, Penalty 0.0053, loss 0.7497
Epoch 2, Batch 481/627, Grad Norms near zero: 12, Lx 0.7130, Lu 0.0790, Penalty 0.0046, loss 0.7966
Epoch 2, Batch 482/627, Grad Norms near zero: 12, Lx 0.6760, Lu 0.1233, Penalty 0.0031, loss 0.8025
Epoch 2, Batch 483/627, Grad Norms near zero: 12, Lx 0.6951, Lu 0.1332, Penalty 0.0025, loss 0.8308
Epoch 2, Batch 484/627, Grad Norms near zero: 12, Lx 0.6856, Lu 0.1640, Penalty 0.0020, loss 0.8516
Epoch 2, Batch 485/627, Grad Norms near zero: 13, Lx 0.6940, Lu 0.1053, Penalty 0.0010, loss 0.8003
Epoch 2, Batch 486/627, Grad Norms near zero: 12, Lx 0.6931, Lu 0.1366, Penalty 0.0008, loss 0.8304
Epoch 2, Batch 487/627, Grad Norms near zero: 12, Lx 0.6961, Lu 0.1479, Penalty 0.0002, loss 0.8442
Epoch 2, Batch 488/627, Grad Norms near zero: 12, Lx 0.6917, Lu 0.0929, Penalty 0.0001, loss 0.7848
Epoch 2, Batch 489/627, Grad Norms near zero: 12, Lx 0.6955, Lu 0.1583, Penalty 0.0001, loss 0.8540
Epoch 2, Batch 490/627, Grad Norms near zero: 12, Lx 0.6928, Lu 0.1857, Penalty 0.0001, loss 0.8786
Epoch 2, Batch 491/627, Grad Norms near zero: 12, Lx 0.6933, Lu 0.1431, Penalty 0.0001, loss 0.8365
Epoch 2, Batch 492/627, Grad Norms near zero: 12, Lx 0.6939, Lu 0.0955, Penalty 0.0000, loss 0.7894
Epoch 2, Batch 493/627, Grad Norms near zero: 12, Lx 0.6961, Lu 0.0444, Penalty 0.0000, loss 0.7404
Epoch 2, Batch 494/627, Grad Norms near zero: 12, Lx 0.6910, Lu 0.1674, Penalty 0.0002, loss 0.8585
Epoch 2, Batch 495/627, Grad Norms near zero: 12, Lx 0.6898, Lu 0.0738, Penalty 0.0005, loss 0.7642
Epoch 2, Batch 496/627, Grad Norms near zero: 13, Lx 0.6944, Lu 0.0812, Penalty 0.0007, loss 0.7764
Epoch 2, Batch 497/627, Grad Norms near zero: 12, Lx 0.6967, Lu 0.1261, Penalty 0.0026, loss 0.8253
Epoch 2, Batch 498/627, Grad Norms near zero: 12, Lx 0.7075, Lu 0.1624, Penalty 0.0032, loss 0.8731
Epoch 2, Batch 499/627, Grad Norms near zero: 12, Lx 0.6743, Lu 0.1040, Penalty 0.0027, loss 0.7810
Epoch 2, Batch 500/627, Grad Norms near zero: 12, Lx 0.6890, Lu 0.0414, Penalty 0.0031, loss 0.7335
Epoch 2, Batch 501/627, Grad Norms near zero: 12, Lx 0.7017, Lu 0.1442, Penalty 0.0031, loss 0.8490
Epoch 2, Batch 502/627, Grad Norms near zero: 12, Lx 0.6841, Lu 0.0602, Penalty 0.0019, loss 0.7462
Epoch 2, Batch 503/627, Grad Norms near zero: 12, Lx 0.7033, Lu 0.1231, Penalty 0.0013, loss 0.8277
Epoch 2, Batch 504/627, Grad Norms near zero: 12, Lx 0.6944, Lu 0.1636, Penalty 0.0002, loss 0.8583
Epoch 2, Batch 505/627, Grad Norms near zero: 12, Lx 0.6949, Lu 0.0420, Penalty 0.0000, loss 0.7369
Epoch 2, Batch 506/627, Grad Norms near zero: 12, Lx 0.6922, Lu 0.0709, Penalty 0.0000, loss 0.7631
Epoch 2, Batch 507/627, Grad Norms near zero: 12, Lx 0.7062, Lu 0.0707, Penalty 0.0009, loss 0.7778
Epoch 2, Batch 508/627, Grad Norms near zero: 12, Lx 0.6933, Lu 0.1207, Penalty 0.0012, loss 0.8153
Epoch 2, Batch 509/627, Grad Norms near zero: 12, Lx 0.6973, Lu 0.1570, Penalty 0.0009, loss 0.8552
Epoch 2, Batch 510/627, Grad Norms near zero: 12, Lx 0.6918, Lu 0.2014, Penalty 0.0002, loss 0.8934
Epoch 2, Batch 511/627, Grad Norms near zero: 14, Lx 0.6912, Lu 0.0150, Penalty 0.0001, loss 0.7063
Epoch 2, Batch 512/627, Grad Norms near zero: 15, Lx 0.6934, Lu 0.1706, Penalty 0.0000, loss 0.8640
Epoch 2, Batch 513/627, Grad Norms near zero: 13, Lx 0.6958, Lu 0.0601, Penalty 0.0001, loss 0.7560
Epoch 2, Batch 514/627, Grad Norms near zero: 13, Lx 0.6916, Lu 0.0614, Penalty 0.0002, loss 0.7532
Epoch 2, Batch 515/627, Grad Norms near zero: 13, Lx 0.6922, Lu 0.2069, Penalty 0.0005, loss 0.8996
Epoch 2, Batch 516/627, Grad Norms near zero: 12, Lx 0.7147, Lu 0.0878, Penalty 0.0015, loss 0.8040
Epoch 2, Batch 517/627, Grad Norms near zero: 12, Lx 0.7000, Lu 0.0615, Penalty 0.0012, loss 0.7627
Epoch 2, Batch 518/627, Grad Norms near zero: 17, Lx 0.6953, Lu 0.0545, Penalty 0.0006, loss 0.7504
Epoch 2, Batch 519/627, Grad Norms near zero: 12, Lx 0.6904, Lu 0.0609, Penalty 0.0002, loss 0.7515
Epoch 2, Batch 520/627, Grad Norms near zero: 17, Lx 0.6937, Lu 0.0948, Penalty 0.0002, loss 0.7888
Epoch 2, Batch 521/627, Grad Norms near zero: 12, Lx 0.6918, Lu 0.1062, Penalty 0.0001, loss 0.7981
Epoch 2, Batch 522/627, Grad Norms near zero: 15, Lx 0.6971, Lu 0.1121, Penalty 0.0002, loss 0.8094
Epoch 2, Batch 523/627, Grad Norms near zero: 15, Lx 0.6902, Lu 0.1052, Penalty 0.0002, loss 0.7956
Epoch 2, Batch 524/627, Grad Norms near zero: 13, Lx 0.6955, Lu 0.1010, Penalty 0.0004, loss 0.7969
Epoch 2, Batch 525/627, Grad Norms near zero: 12, Lx 0.6906, Lu 0.1454, Penalty 0.0004, loss 0.8364
Epoch 2, Batch 526/627, Grad Norms near zero: 12, Lx 0.6970, Lu 0.0933, Penalty 0.0006, loss 0.7909
Epoch 2, Batch 527/627, Grad Norms near zero: 13, Lx 0.6935, Lu 0.1823, Penalty 0.0004, loss 0.8762
Epoch 2, Batch 528/627, Grad Norms near zero: 12, Lx 0.6973, Lu 0.1142, Penalty 0.0006, loss 0.8120
Epoch 2, Batch 529/627, Grad Norms near zero: 13, Lx 0.6998, Lu 0.1893, Penalty 0.0004, loss 0.8896
Epoch 2, Batch 530/627, Grad Norms near zero: 17, Lx 0.6912, Lu 0.0522, Penalty 0.0002, loss 0.7436
Epoch 2, Batch 531/627, Grad Norms near zero: 18, Lx 0.6941, Lu 0.0510, Penalty 0.0001, loss 0.7452
Epoch 2, Batch 532/627, Grad Norms near zero: 12, Lx 0.6911, Lu 0.2351, Penalty 0.0000, loss 0.9262
Epoch 2, Batch 533/627, Grad Norms near zero: 12, Lx 0.6952, Lu 0.2012, Penalty 0.0003, loss 0.8967
Epoch 2, Batch 534/627, Grad Norms near zero: 12, Lx 0.6971, Lu 0.1515, Penalty 0.0003, loss 0.8489
Epoch 2, Batch 535/627, Grad Norms near zero: 15, Lx 0.6932, Lu 0.1738, Penalty 0.0003, loss 0.8673
Epoch 2, Batch 536/627, Grad Norms near zero: 13, Lx 0.6922, Lu 0.0834, Penalty 0.0003, loss 0.7759
Epoch 2, Batch 537/627, Grad Norms near zero: 13, Lx 0.6944, Lu 0.1382, Penalty 0.0003, loss 0.8330
Epoch 2, Batch 538/627, Grad Norms near zero: 20, Lx 0.6935, Lu 0.0839, Penalty 0.0003, loss 0.7777
Epoch 2, Batch 539/627, Grad Norms near zero: 21, Lx 0.6913, Lu 0.0315, Penalty 0.0003, loss 0.7231
Epoch 2, Batch 540/627, Grad Norms near zero: 14, Lx 0.6928, Lu 0.1330, Penalty 0.0003, loss 0.8261
Epoch 2, Batch 541/627, Grad Norms near zero: 14, Lx 0.6925, Lu 0.1352, Penalty 0.0003, loss 0.8280
Epoch 2, Batch 542/627, Grad Norms near zero: 12, Lx 0.6974, Lu 0.1533, Penalty 0.0005, loss 0.8512
Epoch 2, Batch 543/627, Grad Norms near zero: 13, Lx 0.6954, Lu 0.1630, Penalty 0.0006, loss 0.8590
Epoch 2, Batch 544/627, Grad Norms near zero: 12, Lx 0.7025, Lu 0.0936, Penalty 0.0005, loss 0.7967
Epoch 2, Batch 545/627, Grad Norms near zero: 12, Lx 0.6920, Lu 0.0909, Penalty 0.0002, loss 0.7831
Epoch 2, Batch 546/627, Grad Norms near zero: 18, Lx 0.6916, Lu 0.1187, Penalty 0.0001, loss 0.8104
Epoch 2, Batch 547/627, Grad Norms near zero: 12, Lx 0.6920, Lu 0.0835, Penalty 0.0001, loss 0.7755
Epoch 2, Batch 548/627, Grad Norms near zero: 12, Lx 0.6940, Lu 0.1089, Penalty 0.0000, loss 0.8030
Epoch 2, Batch 549/627, Grad Norms near zero: 16, Lx 0.6951, Lu 0.0689, Penalty 0.0001, loss 0.7640
Epoch 2, Batch 550/627, Grad Norms near zero: 12, Lx 0.6900, Lu 0.0660, Penalty 0.0001, loss 0.7560
Epoch 2, Batch 551/627, Grad Norms near zero: 12, Lx 0.6983, Lu 0.0856, Penalty 0.0002, loss 0.7841
Epoch 2, Batch 552/627, Grad Norms near zero: 12, Lx 0.6920, Lu 0.1800, Penalty 0.0000, loss 0.8720
Epoch 2, Batch 553/627, Grad Norms near zero: 12, Lx 0.6919, Lu 0.0318, Penalty 0.0001, loss 0.7238
Epoch 2, Batch 554/627, Grad Norms near zero: 17, Lx 0.6904, Lu 0.0617, Penalty 0.0003, loss 0.7524
Epoch 2, Batch 555/627, Grad Norms near zero: 12, Lx 0.6887, Lu 0.1446, Penalty 0.0006, loss 0.8340
Epoch 2, Batch 556/627, Grad Norms near zero: 12, Lx 0.7022, Lu 0.0776, Penalty 0.0014, loss 0.7811
Epoch 2, Batch 557/627, Grad Norms near zero: 14, Lx 0.6910, Lu 0.1046, Penalty 0.0020, loss 0.7977
Epoch 2, Batch 558/627, Grad Norms near zero: 12, Lx 0.6823, Lu 0.1160, Penalty 0.0026, loss 0.8009
Epoch 2, Batch 559/627, Grad Norms near zero: 12, Lx 0.6879, Lu 0.0641, Penalty 0.0024, loss 0.7545
Epoch 2, Batch 560/627, Grad Norms near zero: 12, Lx 0.6895, Lu 0.1026, Penalty 0.0042, loss 0.7963
Epoch 2, Batch 561/627, Grad Norms near zero: 12, Lx 0.6957, Lu 0.1367, Penalty 0.0039, loss 0.8364
Epoch 2, Batch 562/627, Grad Norms near zero: 12, Lx 0.7047, Lu 0.1497, Penalty 0.0027, loss 0.8572
Epoch 2, Batch 563/627, Grad Norms near zero: 12, Lx 0.6993, Lu 0.0856, Penalty 0.0016, loss 0.7864
Epoch 2, Batch 564/627, Grad Norms near zero: 14, Lx 0.6943, Lu 0.0666, Penalty 0.0013, loss 0.7623
Epoch 2, Batch 565/627, Grad Norms near zero: 12, Lx 0.6951, Lu 0.0780, Penalty 0.0001, loss 0.7732
Epoch 2, Batch 566/627, Grad Norms near zero: 15, Lx 0.6931, Lu 0.0480, Penalty 0.0000, loss 0.7412
Epoch 2, Batch 567/627, Grad Norms near zero: 12, Lx 0.6945, Lu 0.0213, Penalty 0.0000, loss 0.7159
Epoch 2, Batch 568/627, Grad Norms near zero: 12, Lx 0.6903, Lu 0.1014, Penalty 0.0001, loss 0.7918
Epoch 2, Batch 569/627, Grad Norms near zero: 12, Lx 0.6907, Lu 0.1021, Penalty 0.0006, loss 0.7933
Epoch 2, Batch 570/627, Grad Norms near zero: 12, Lx 0.6914, Lu 0.0973, Penalty 0.0025, loss 0.7913
Epoch 2, Batch 571/627, Grad Norms near zero: 12, Lx 0.6894, Lu 0.1072, Penalty 0.0014, loss 0.7980
Epoch 2, Batch 572/627, Grad Norms near zero: 12, Lx 0.6864, Lu 0.1497, Penalty 0.0033, loss 0.8394
Epoch 2, Batch 573/627, Grad Norms near zero: 12, Lx 0.6768, Lu 0.1592, Penalty 0.0032, loss 0.8392
Epoch 2, Batch 574/627, Grad Norms near zero: 12, Lx 0.7032, Lu 0.0799, Penalty 0.0022, loss 0.7852
Epoch 2, Batch 575/627, Grad Norms near zero: 12, Lx 0.7018, Lu 0.0764, Penalty 0.0007, loss 0.7789
Epoch 2, Batch 576/627, Grad Norms near zero: 13, Lx 0.6913, Lu 0.0412, Penalty 0.0001, loss 0.7327
Epoch 2, Batch 577/627, Grad Norms near zero: 13, Lx 0.6915, Lu 0.0304, Penalty 0.0001, loss 0.7220
Epoch 2, Batch 578/627, Grad Norms near zero: 12, Lx 0.6873, Lu 0.0181, Penalty 0.0014, loss 0.7067
Epoch 2, Batch 579/627, Grad Norms near zero: 12, Lx 0.6933, Lu 0.0584, Penalty 0.0028, loss 0.7546
Epoch 2, Batch 580/627, Grad Norms near zero: 12, Lx 0.6903, Lu 0.1764, Penalty 0.0044, loss 0.8711
Epoch 2, Batch 581/627, Grad Norms near zero: 12, Lx 0.6821, Lu 0.1453, Penalty 0.0051, loss 0.8325
Epoch 2, Batch 582/627, Grad Norms near zero: 12, Lx 0.6779, Lu 0.1741, Penalty 0.0043, loss 0.8563
Epoch 2, Batch 583/627, Grad Norms near zero: 12, Lx 0.6913, Lu 0.0751, Penalty 0.0059, loss 0.7723
Epoch 2, Batch 584/627, Grad Norms near zero: 12, Lx 0.7204, Lu 0.1072, Penalty 0.0046, loss 0.8322
Epoch 2, Batch 585/627, Grad Norms near zero: 12, Lx 0.7065, Lu 0.1449, Penalty 0.0030, loss 0.8544
Epoch 2, Batch 586/627, Grad Norms near zero: 12, Lx 0.6837, Lu 0.1577, Penalty 0.0014, loss 0.8428
Epoch 2, Batch 587/627, Grad Norms near zero: 12, Lx 0.6964, Lu 0.1403, Penalty 0.0001, loss 0.8368
Epoch 2, Batch 588/627, Grad Norms near zero: 12, Lx 0.6949, Lu 0.1506, Penalty 0.0000, loss 0.8454
Epoch 2, Batch 589/627, Grad Norms near zero: 12, Lx 0.6940, Lu 0.2123, Penalty 0.0003, loss 0.9066
Epoch 2, Batch 590/627, Grad Norms near zero: 13, Lx 0.6919, Lu 0.0529, Penalty 0.0001, loss 0.7448
Epoch 2, Batch 591/627, Grad Norms near zero: 12, Lx 0.6911, Lu 0.0848, Penalty 0.0001, loss 0.7760
Epoch 2, Batch 592/627, Grad Norms near zero: 12, Lx 0.6939, Lu 0.0668, Penalty 0.0000, loss 0.7608
Epoch 2, Batch 593/627, Grad Norms near zero: 12, Lx 0.6944, Lu 0.1000, Penalty 0.0000, loss 0.7945
Epoch 2, Batch 594/627, Grad Norms near zero: 13, Lx 0.6915, Lu 0.0780, Penalty 0.0002, loss 0.7696
Epoch 2, Batch 595/627, Grad Norms near zero: 12, Lx 0.6924, Lu 0.1596, Penalty 0.0002, loss 0.8522
Epoch 2, Batch 596/627, Grad Norms near zero: 12, Lx 0.6924, Lu 0.1440, Penalty 0.0004, loss 0.8368
Epoch 2, Batch 597/627, Grad Norms near zero: 12, Lx 0.6978, Lu 0.1073, Penalty 0.0009, loss 0.8061
Epoch 2, Batch 598/627, Grad Norms near zero: 12, Lx 0.6943, Lu 0.0633, Penalty 0.0009, loss 0.7585
Epoch 2, Batch 599/627, Grad Norms near zero: 12, Lx 0.6935, Lu 0.1688, Penalty 0.0008, loss 0.8631
Epoch 2, Batch 600/627, Grad Norms near zero: 13, Lx 0.6936, Lu 0.0368, Penalty 0.0004, loss 0.7308
Epoch 2, Batch 601/627, Grad Norms near zero: 12, Lx 0.6945, Lu 0.1635, Penalty 0.0002, loss 0.8582
Epoch 2, Batch 602/627, Grad Norms near zero: 12, Lx 0.6942, Lu 0.1301, Penalty 0.0001, loss 0.8244
Epoch 2, Batch 603/627, Grad Norms near zero: 12, Lx 0.6955, Lu 0.1654, Penalty 0.0001, loss 0.8609
Epoch 2, Batch 604/627, Grad Norms near zero: 13, Lx 0.6921, Lu 0.1600, Penalty 0.0001, loss 0.8522
Epoch 2, Batch 605/627, Grad Norms near zero: 12, Lx 0.6920, Lu 0.1619, Penalty 0.0001, loss 0.8540
Epoch 2, Batch 606/627, Grad Norms near zero: 12, Lx 0.6954, Lu 0.1742, Penalty 0.0000, loss 0.8697
Epoch 2, Batch 607/627, Grad Norms near zero: 12, Lx 0.6937, Lu 0.1576, Penalty 0.0000, loss 0.8514
Epoch 2, Batch 608/627, Grad Norms near zero: 12, Lx 0.6930, Lu 0.1411, Penalty 0.0001, loss 0.8342
Epoch 2, Batch 609/627, Grad Norms near zero: 12, Lx 0.6943, Lu 0.1848, Penalty 0.0001, loss 0.8792
Epoch 2, Batch 610/627, Grad Norms near zero: 12, Lx 0.6942, Lu 0.1406, Penalty 0.0000, loss 0.8349
Epoch 2, Batch 611/627, Grad Norms near zero: 12, Lx 0.6938, Lu 0.1234, Penalty 0.0000, loss 0.8172
Epoch 2, Batch 612/627, Grad Norms near zero: 12, Lx 0.6944, Lu 0.0330, Penalty 0.0000, loss 0.7274
Epoch 2, Batch 613/627, Grad Norms near zero: 12, Lx 0.6947, Lu 0.1760, Penalty 0.0000, loss 0.8707
Epoch 2, Batch 614/627, Grad Norms near zero: 12, Lx 0.6916, Lu 0.1156, Penalty 0.0000, loss 0.8072
Epoch 2, Batch 615/627, Grad Norms near zero: 12, Lx 0.6912, Lu 0.1568, Penalty 0.0001, loss 0.8481
Epoch 2, Batch 616/627, Grad Norms near zero: 12, Lx 0.6918, Lu 0.1334, Penalty 0.0001, loss 0.8252
Epoch 2, Batch 617/627, Grad Norms near zero: 12, Lx 0.6875, Lu 0.1683, Penalty 0.0006, loss 0.8564
Epoch 2, Batch 618/627, Grad Norms near zero: 12, Lx 0.6855, Lu 0.1603, Penalty 0.0008, loss 0.8467
Epoch 2, Batch 619/627, Grad Norms near zero: 12, Lx 0.6903, Lu 0.0615, Penalty 0.0023, loss 0.7540
Epoch 2, Batch 620/627, Grad Norms near zero: 12, Lx 0.6986, Lu 0.1280, Penalty 0.0036, loss 0.8302
Epoch 2, Batch 621/627, Grad Norms near zero: 12, Lx 0.6880, Lu 0.1249, Penalty 0.0036, loss 0.8165
Epoch 2, Batch 622/627, Grad Norms near zero: 12, Lx 0.6884, Lu 0.0855, Penalty 0.0040, loss 0.7779
Epoch 2, Batch 623/627, Grad Norms near zero: 12, Lx 0.7042, Lu 0.1045, Penalty 0.0037, loss 0.8124
Epoch 2, Batch 624/627, Grad Norms near zero: 13, Lx 0.6892, Lu 0.1024, Penalty 0.0024, loss 0.7940
Epoch 2, Batch 625/627, Grad Norms near zero: 12, Lx 0.6991, Lu 0.2037, Penalty 0.0021, loss 0.9049
Epoch 2, Batch 626/627, Grad Norms near zero: 12, Lx 0.6962, Lu 0.1760, Penalty 0.0006, loss 0.8728
Epoch 2, Batch 627/627, Grad Norms near zero: 12, Lx 0.6882, Lu 0.0152, Penalty 0.0001, loss 0.7036
Evaluating models at epoch 2
Test data size: 10000
Epoch: 2, Test Accuracy: 0.5039, Test F1 Score: 0.3377
Evaluating training data at epoch 2 for Model 1
Evaluating training data at epoch 2 for Model 2
Training for Network 1
labelled data size: 20152
unlabelled data size: 19848
Epoch 3, Batch 1/630, Grad Norms near zero: 12, Lx 0.6857, Lu 0.3316, Penalty 0.0001, loss 1.0173
Epoch 3, Batch 2/630, Grad Norms near zero: 12, Lx 0.6609, Lu 0.0881, Penalty 0.0007, loss 0.7497
Epoch 3, Batch 3/630, Grad Norms near zero: 12, Lx 0.6165, Lu 0.2454, Penalty 0.0064, loss 0.8683
Epoch 3, Batch 4/630, Grad Norms near zero: 16, Lx 0.5402, Lu 0.0463, Penalty 0.0195, loss 0.6060
Epoch 3, Batch 5/630, Grad Norms near zero: 12, Lx 0.5223, Lu 0.1646, Penalty 0.0359, loss 0.7228
Epoch 3, Batch 6/630, Grad Norms near zero: 12, Lx 0.4727, Lu 0.1822, Penalty 0.0641, loss 0.7190
Epoch 3, Batch 7/630, Grad Norms near zero: 12, Lx 0.4426, Lu 0.2470, Penalty 0.0959, loss 0.7854
Epoch 3, Batch 8/630, Grad Norms near zero: 12, Lx 0.4228, Lu 0.2681, Penalty 0.1005, loss 0.7914
Epoch 3, Batch 9/630, Grad Norms near zero: 12, Lx 0.3725, Lu 0.3853, Penalty 0.1237, loss 0.8815
Epoch 3, Batch 10/630, Grad Norms near zero: 12, Lx 0.4046, Lu 0.2732, Penalty 0.1052, loss 0.7830
Epoch 3, Batch 11/630, Grad Norms near zero: 12, Lx 0.4164, Lu 0.2409, Penalty 0.0940, loss 0.7513
Epoch 3, Batch 12/630, Grad Norms near zero: 12, Lx 0.4871, Lu 0.1954, Penalty 0.0560, loss 0.7385
Epoch 3, Batch 13/630, Grad Norms near zero: 12, Lx 0.5159, Lu 0.1407, Penalty 0.0385, loss 0.6951
Epoch 3, Batch 14/630, Grad Norms near zero: 12, Lx 0.5480, Lu 0.1972, Penalty 0.0262, loss 0.7713
Epoch 3, Batch 15/630, Grad Norms near zero: 12, Lx 0.5326, Lu 0.1103, Penalty 0.0266, loss 0.6695
Epoch 3, Batch 16/630, Grad Norms near zero: 12, Lx 0.5649, Lu 0.1073, Penalty 0.0146, loss 0.6869
Epoch 3, Batch 17/630, Grad Norms near zero: 12, Lx 0.5467, Lu 0.0753, Penalty 0.0196, loss 0.6416
Epoch 3, Batch 18/630, Grad Norms near zero: 12, Lx 0.5660, Lu 0.1543, Penalty 0.0154, loss 0.7357
Epoch 3, Batch 19/630, Grad Norms near zero: 12, Lx 0.5612, Lu 0.2070, Penalty 0.0185, loss 0.7867
Epoch 3, Batch 20/630, Grad Norms near zero: 14, Lx 0.5345, Lu 0.1169, Penalty 0.0259, loss 0.6773
Epoch 3, Batch 21/630, Grad Norms near zero: 17, Lx 0.5033, Lu 0.1219, Penalty 0.0367, loss 0.6619
Epoch 3, Batch 22/630, Grad Norms near zero: 16, Lx 0.4805, Lu 0.0848, Penalty 0.0446, loss 0.6100
Epoch 3, Batch 23/630, Grad Norms near zero: 14, Lx 0.4592, Lu 0.1295, Penalty 0.0564, loss 0.6450
Epoch 3, Batch 24/630, Grad Norms near zero: 12, Lx 0.4798, Lu 0.1304, Penalty 0.0551, loss 0.6653
Epoch 3, Batch 25/630, Grad Norms near zero: 12, Lx 0.4533, Lu 0.1532, Penalty 0.0600, loss 0.6665
Epoch 3, Batch 26/630, Grad Norms near zero: 17, Lx 0.4992, Lu 0.1812, Penalty 0.0510, loss 0.7314
Epoch 3, Batch 27/630, Grad Norms near zero: 12, Lx 0.4831, Lu 0.1400, Penalty 0.0535, loss 0.6766
Epoch 3, Batch 28/630, Grad Norms near zero: 17, Lx 0.4917, Lu 0.1026, Penalty 0.0443, loss 0.6386
Epoch 3, Batch 29/630, Grad Norms near zero: 19, Lx 0.4983, Lu 0.1216, Penalty 0.0398, loss 0.6596
Epoch 3, Batch 30/630, Grad Norms near zero: 20, Lx 0.5048, Lu 0.0729, Penalty 0.0311, loss 0.6089
Epoch 3, Batch 31/630, Grad Norms near zero: 16, Lx 0.5061, Lu 0.0656, Penalty 0.0261, loss 0.5978
Epoch 3, Batch 32/630, Grad Norms near zero: 23, Lx 0.5279, Lu 0.0532, Penalty 0.0227, loss 0.6038
Epoch 3, Batch 33/630, Grad Norms near zero: 12, Lx 0.5570, Lu 0.1169, Penalty 0.0174, loss 0.6913
Epoch 3, Batch 34/630, Grad Norms near zero: 12, Lx 0.5614, Lu 0.1408, Penalty 0.0174, loss 0.7196
Epoch 3, Batch 35/630, Grad Norms near zero: 18, Lx 0.5412, Lu 0.0412, Penalty 0.0175, loss 0.5999
Epoch 3, Batch 36/630, Grad Norms near zero: 13, Lx 0.5429, Lu 0.0716, Penalty 0.0196, loss 0.6341
Epoch 3, Batch 37/630, Grad Norms near zero: 12, Lx 0.5522, Lu 0.1512, Penalty 0.0225, loss 0.7259
Epoch 3, Batch 38/630, Grad Norms near zero: 12, Lx 0.5416, Lu 0.1387, Penalty 0.0281, loss 0.7085
Epoch 3, Batch 39/630, Grad Norms near zero: 18, Lx 0.5164, Lu 0.1397, Penalty 0.0329, loss 0.6890
Epoch 3, Batch 40/630, Grad Norms near zero: 15, Lx 0.4718, Lu 0.1204, Penalty 0.0469, loss 0.6390
Epoch 3, Batch 41/630, Grad Norms near zero: 15, Lx 0.4844, Lu 0.1207, Penalty 0.0531, loss 0.6583
Epoch 3, Batch 42/630, Grad Norms near zero: 12, Lx 0.4943, Lu 0.1506, Penalty 0.0566, loss 0.7014
Epoch 3, Batch 43/630, Grad Norms near zero: 12, Lx 0.4616, Lu 0.1408, Penalty 0.0527, loss 0.6551
Epoch 3, Batch 44/630, Grad Norms near zero: 14, Lx 0.4583, Lu 0.1257, Penalty 0.0573, loss 0.6413
Epoch 3, Batch 45/630, Grad Norms near zero: 12, Lx 0.4988, Lu 0.1525, Penalty 0.0511, loss 0.7024
Epoch 3, Batch 46/630, Grad Norms near zero: 12, Lx 0.4791, Lu 0.1059, Penalty 0.0409, loss 0.6259
Epoch 3, Batch 47/630, Grad Norms near zero: 16, Lx 0.5199, Lu 0.1534, Penalty 0.0344, loss 0.7077
Epoch 3, Batch 48/630, Grad Norms near zero: 16, Lx 0.4942, Lu 0.0962, Penalty 0.0348, loss 0.6253
Epoch 3, Batch 49/630, Grad Norms near zero: 22, Lx 0.5117, Lu 0.0522, Penalty 0.0282, loss 0.5921
Epoch 3, Batch 50/630, Grad Norms near zero: 14, Lx 0.5367, Lu 0.0986, Penalty 0.0238, loss 0.6590
Epoch 3, Batch 51/630, Grad Norms near zero: 12, Lx 0.5468, Lu 0.1119, Penalty 0.0212, loss 0.6798
Epoch 3, Batch 52/630, Grad Norms near zero: 18, Lx 0.5373, Lu 0.0517, Penalty 0.0201, loss 0.6091
Epoch 3, Batch 53/630, Grad Norms near zero: 12, Lx 0.5586, Lu 0.1128, Penalty 0.0165, loss 0.6879
Epoch 3, Batch 54/630, Grad Norms near zero: 12, Lx 0.5403, Lu 0.1315, Penalty 0.0251, loss 0.6969
Epoch 3, Batch 55/630, Grad Norms near zero: 13, Lx 0.5335, Lu 0.1502, Penalty 0.0279, loss 0.7116
Epoch 3, Batch 56/630, Grad Norms near zero: 21, Lx 0.5100, Lu 0.0836, Penalty 0.0330, loss 0.6266
Epoch 3, Batch 57/630, Grad Norms near zero: 12, Lx 0.4907, Lu 0.1247, Penalty 0.0433, loss 0.6588
Epoch 3, Batch 58/630, Grad Norms near zero: 12, Lx 0.4819, Lu 0.1124, Penalty 0.0451, loss 0.6394
Epoch 3, Batch 59/630, Grad Norms near zero: 13, Lx 0.4814, Lu 0.1197, Penalty 0.0441, loss 0.6451
Epoch 3, Batch 60/630, Grad Norms near zero: 15, Lx 0.4893, Lu 0.1196, Penalty 0.0477, loss 0.6566
Epoch 3, Batch 61/630, Grad Norms near zero: 17, Lx 0.4861, Lu 0.1119, Penalty 0.0474, loss 0.6454
Epoch 3, Batch 62/630, Grad Norms near zero: 14, Lx 0.4749, Lu 0.1030, Penalty 0.0416, loss 0.6195
Epoch 3, Batch 63/630, Grad Norms near zero: 12, Lx 0.4997, Lu 0.0805, Penalty 0.0352, loss 0.6154
Epoch 3, Batch 64/630, Grad Norms near zero: 12, Lx 0.5209, Lu 0.1510, Penalty 0.0316, loss 0.7035
Epoch 3, Batch 65/630, Grad Norms near zero: 15, Lx 0.5308, Lu 0.1150, Penalty 0.0290, loss 0.6748
Epoch 3, Batch 66/630, Grad Norms near zero: 13, Lx 0.5197, Lu 0.1324, Penalty 0.0328, loss 0.6849
Epoch 3, Batch 67/630, Grad Norms near zero: 15, Lx 0.5095, Lu 0.1234, Penalty 0.0334, loss 0.6663
Epoch 3, Batch 68/630, Grad Norms near zero: 12, Lx 0.5238, Lu 0.1047, Penalty 0.0265, loss 0.6551
Epoch 3, Batch 69/630, Grad Norms near zero: 12, Lx 0.5387, Lu 0.1445, Penalty 0.0279, loss 0.7112
Epoch 3, Batch 70/630, Grad Norms near zero: 21, Lx 0.5103, Lu 0.0652, Penalty 0.0288, loss 0.6042
Epoch 3, Batch 71/630, Grad Norms near zero: 12, Lx 0.5207, Lu 0.1628, Penalty 0.0385, loss 0.7221
Epoch 3, Batch 72/630, Grad Norms near zero: 15, Lx 0.5039, Lu 0.1535, Penalty 0.0434, loss 0.7008
Epoch 3, Batch 73/630, Grad Norms near zero: 15, Lx 0.5104, Lu 0.1492, Penalty 0.0480, loss 0.7077
Epoch 3, Batch 74/630, Grad Norms near zero: 14, Lx 0.4993, Lu 0.1366, Penalty 0.0437, loss 0.6795
Epoch 3, Batch 75/630, Grad Norms near zero: 20, Lx 0.5043, Lu 0.1408, Penalty 0.0457, loss 0.6909
Epoch 3, Batch 76/630, Grad Norms near zero: 12, Lx 0.4706, Lu 0.1323, Penalty 0.0581, loss 0.6609
Epoch 3, Batch 77/630, Grad Norms near zero: 12, Lx 0.5066, Lu 0.1555, Penalty 0.0586, loss 0.7207
Epoch 3, Batch 78/630, Grad Norms near zero: 12, Lx 0.4635, Lu 0.1061, Penalty 0.0461, loss 0.6157
Epoch 3, Batch 79/630, Grad Norms near zero: 12, Lx 0.4751, Lu 0.1271, Penalty 0.0488, loss 0.6511
Epoch 3, Batch 80/630, Grad Norms near zero: 15, Lx 0.4873, Lu 0.0747, Penalty 0.0364, loss 0.5984
Epoch 3, Batch 81/630, Grad Norms near zero: 13, Lx 0.5256, Lu 0.1011, Penalty 0.0306, loss 0.6573
Epoch 3, Batch 82/630, Grad Norms near zero: 15, Lx 0.5200, Lu 0.0714, Penalty 0.0254, loss 0.6168
Epoch 3, Batch 83/630, Grad Norms near zero: 14, Lx 0.5262, Lu 0.1156, Penalty 0.0266, loss 0.6684
Epoch 3, Batch 84/630, Grad Norms near zero: 12, Lx 0.5547, Lu 0.1640, Penalty 0.0219, loss 0.7406
Epoch 3, Batch 85/630, Grad Norms near zero: 12, Lx 0.5400, Lu 0.0948, Penalty 0.0233, loss 0.6581
Epoch 3, Batch 86/630, Grad Norms near zero: 12, Lx 0.5342, Lu 0.0888, Penalty 0.0244, loss 0.6475
Epoch 3, Batch 87/630, Grad Norms near zero: 12, Lx 0.5228, Lu 0.1126, Penalty 0.0319, loss 0.6673
Epoch 3, Batch 88/630, Grad Norms near zero: 12, Lx 0.4997, Lu 0.0687, Penalty 0.0336, loss 0.6019
Epoch 3, Batch 89/630, Grad Norms near zero: 13, Lx 0.4993, Lu 0.1380, Penalty 0.0408, loss 0.6782
Epoch 3, Batch 90/630, Grad Norms near zero: 18, Lx 0.5013, Lu 0.1832, Penalty 0.0512, loss 0.7357
Epoch 3, Batch 91/630, Grad Norms near zero: 12, Lx 0.4954, Lu 0.1266, Penalty 0.0466, loss 0.6686
Epoch 3, Batch 92/630, Grad Norms near zero: 13, Lx 0.4758, Lu 0.1610, Penalty 0.0512, loss 0.6879
Epoch 3, Batch 93/630, Grad Norms near zero: 12, Lx 0.4814, Lu 0.1276, Penalty 0.0495, loss 0.6585
Epoch 3, Batch 94/630, Grad Norms near zero: 12, Lx 0.4930, Lu 0.1487, Penalty 0.0475, loss 0.6892
Epoch 3, Batch 95/630, Grad Norms near zero: 12, Lx 0.5327, Lu 0.1801, Penalty 0.0438, loss 0.7566
Epoch 3, Batch 96/630, Grad Norms near zero: 13, Lx 0.4907, Lu 0.1009, Penalty 0.0389, loss 0.6305
Epoch 3, Batch 97/630, Grad Norms near zero: 12, Lx 0.4799, Lu 0.1175, Penalty 0.0409, loss 0.6384
Epoch 3, Batch 98/630, Grad Norms near zero: 13, Lx 0.5180, Lu 0.1735, Penalty 0.0380, loss 0.7295
Epoch 3, Batch 99/630, Grad Norms near zero: 18, Lx 0.5084, Lu 0.1047, Penalty 0.0353, loss 0.6484
Epoch 3, Batch 100/630, Grad Norms near zero: 12, Lx 0.4886, Lu 0.0994, Penalty 0.0281, loss 0.6160
Epoch 3, Batch 101/630, Grad Norms near zero: 12, Lx 0.5294, Lu 0.1088, Penalty 0.0235, loss 0.6617
Epoch 3, Batch 102/630, Grad Norms near zero: 18, Lx 0.5268, Lu 0.0512, Penalty 0.0207, loss 0.5987
Epoch 3, Batch 103/630, Grad Norms near zero: 13, Lx 0.5351, Lu 0.0972, Penalty 0.0228, loss 0.6551
Epoch 3, Batch 104/630, Grad Norms near zero: 18, Lx 0.5299, Lu 0.0663, Penalty 0.0223, loss 0.6185
Epoch 3, Batch 105/630, Grad Norms near zero: 12, Lx 0.5444, Lu 0.1190, Penalty 0.0218, loss 0.6852
Epoch 3, Batch 106/630, Grad Norms near zero: 12, Lx 0.5494, Lu 0.1055, Penalty 0.0196, loss 0.6745
Epoch 3, Batch 107/630, Grad Norms near zero: 12, Lx 0.5421, Lu 0.1622, Penalty 0.0277, loss 0.7320
Epoch 3, Batch 108/630, Grad Norms near zero: 12, Lx 0.5148, Lu 0.1109, Penalty 0.0337, loss 0.6595
Epoch 3, Batch 109/630, Grad Norms near zero: 16, Lx 0.5063, Lu 0.1015, Penalty 0.0354, loss 0.6433
Epoch 3, Batch 110/630, Grad Norms near zero: 14, Lx 0.4921, Lu 0.1267, Penalty 0.0504, loss 0.6692
Epoch 3, Batch 111/630, Grad Norms near zero: 12, Lx 0.4658, Lu 0.1169, Penalty 0.0527, loss 0.6354
Epoch 3, Batch 112/630, Grad Norms near zero: 12, Lx 0.4488, Lu 0.1334, Penalty 0.0547, loss 0.6369
Epoch 3, Batch 113/630, Grad Norms near zero: 12, Lx 0.4953, Lu 0.1688, Penalty 0.0480, loss 0.7121
Epoch 3, Batch 114/630, Grad Norms near zero: 12, Lx 0.4729, Lu 0.1110, Penalty 0.0483, loss 0.6323
Epoch 3, Batch 115/630, Grad Norms near zero: 14, Lx 0.5038, Lu 0.1273, Penalty 0.0379, loss 0.6690
Epoch 3, Batch 116/630, Grad Norms near zero: 12, Lx 0.5238, Lu 0.1455, Penalty 0.0385, loss 0.7078
Epoch 3, Batch 117/630, Grad Norms near zero: 12, Lx 0.5315, Lu 0.1537, Penalty 0.0314, loss 0.7166
Epoch 3, Batch 118/630, Grad Norms near zero: 13, Lx 0.5119, Lu 0.1185, Penalty 0.0311, loss 0.6615
Epoch 3, Batch 119/630, Grad Norms near zero: 12, Lx 0.4866, Lu 0.0877, Penalty 0.0326, loss 0.6068
Epoch 3, Batch 120/630, Grad Norms near zero: 13, Lx 0.4962, Lu 0.0732, Penalty 0.0301, loss 0.5995
Epoch 3, Batch 121/630, Grad Norms near zero: 12, Lx 0.5382, Lu 0.1737, Penalty 0.0296, loss 0.7414
Epoch 3, Batch 122/630, Grad Norms near zero: 12, Lx 0.5364, Lu 0.1287, Penalty 0.0286, loss 0.6937
Epoch 3, Batch 123/630, Grad Norms near zero: 12, Lx 0.5354, Lu 0.1626, Penalty 0.0307, loss 0.7287
Epoch 3, Batch 124/630, Grad Norms near zero: 16, Lx 0.5151, Lu 0.0753, Penalty 0.0280, loss 0.6184
Epoch 3, Batch 125/630, Grad Norms near zero: 12, Lx 0.5142, Lu 0.1477, Penalty 0.0331, loss 0.6950
Epoch 3, Batch 126/630, Grad Norms near zero: 12, Lx 0.4891, Lu 0.0947, Penalty 0.0389, loss 0.6226
Epoch 3, Batch 127/630, Grad Norms near zero: 18, Lx 0.5062, Lu 0.1684, Penalty 0.0408, loss 0.7154
Epoch 3, Batch 128/630, Grad Norms near zero: 12, Lx 0.5000, Lu 0.1328, Penalty 0.0428, loss 0.6756
Epoch 3, Batch 129/630, Grad Norms near zero: 12, Lx 0.5172, Lu 0.1639, Penalty 0.0398, loss 0.7209
Epoch 3, Batch 130/630, Grad Norms near zero: 16, Lx 0.4960, Lu 0.1145, Penalty 0.0431, loss 0.6536
Epoch 3, Batch 131/630, Grad Norms near zero: 12, Lx 0.5105, Lu 0.1787, Penalty 0.0418, loss 0.7310
Epoch 3, Batch 132/630, Grad Norms near zero: 12, Lx 0.4800, Lu 0.0900, Penalty 0.0409, loss 0.6109
Epoch 3, Batch 133/630, Grad Norms near zero: 12, Lx 0.4802, Lu 0.1143, Penalty 0.0423, loss 0.6368
Epoch 3, Batch 134/630, Grad Norms near zero: 12, Lx 0.5065, Lu 0.1541, Penalty 0.0403, loss 0.7009
Epoch 3, Batch 135/630, Grad Norms near zero: 13, Lx 0.4965, Lu 0.0874, Penalty 0.0338, loss 0.6177
Epoch 3, Batch 136/630, Grad Norms near zero: 12, Lx 0.5353, Lu 0.1842, Penalty 0.0317, loss 0.7512
Epoch 3, Batch 137/630, Grad Norms near zero: 12, Lx 0.5243, Lu 0.0914, Penalty 0.0285, loss 0.6442
Epoch 3, Batch 138/630, Grad Norms near zero: 12, Lx 0.5188, Lu 0.1215, Penalty 0.0329, loss 0.6732
Epoch 3, Batch 139/630, Grad Norms near zero: 12, Lx 0.4974, Lu 0.0747, Penalty 0.0323, loss 0.6045
Epoch 3, Batch 140/630, Grad Norms near zero: 12, Lx 0.5213, Lu 0.1547, Penalty 0.0355, loss 0.7116
Epoch 3, Batch 141/630, Grad Norms near zero: 12, Lx 0.5293, Lu 0.1178, Penalty 0.0346, loss 0.6818
Epoch 3, Batch 142/630, Grad Norms near zero: 12, Lx 0.5158, Lu 0.0762, Penalty 0.0306, loss 0.6226
Epoch 3, Batch 143/630, Grad Norms near zero: 12, Lx 0.5043, Lu 0.1204, Penalty 0.0375, loss 0.6622
Epoch 3, Batch 144/630, Grad Norms near zero: 12, Lx 0.5167, Lu 0.1305, Penalty 0.0345, loss 0.6817
Epoch 3, Batch 145/630, Grad Norms near zero: 13, Lx 0.5073, Lu 0.1000, Penalty 0.0363, loss 0.6436
Epoch 3, Batch 146/630, Grad Norms near zero: 12, Lx 0.4974, Lu 0.1287, Penalty 0.0421, loss 0.6682
Epoch 3, Batch 147/630, Grad Norms near zero: 12, Lx 0.5172, Lu 0.1554, Penalty 0.0382, loss 0.7107
Epoch 3, Batch 148/630, Grad Norms near zero: 12, Lx 0.4975, Lu 0.1385, Penalty 0.0439, loss 0.6799
Epoch 3, Batch 149/630, Grad Norms near zero: 12, Lx 0.4836, Lu 0.0872, Penalty 0.0430, loss 0.6137
Epoch 3, Batch 150/630, Grad Norms near zero: 15, Lx 0.5085, Lu 0.1228, Penalty 0.0406, loss 0.6720
Epoch 3, Batch 151/630, Grad Norms near zero: 12, Lx 0.4827, Lu 0.0905, Penalty 0.0362, loss 0.6094
Epoch 3, Batch 152/630, Grad Norms near zero: 12, Lx 0.5046, Lu 0.0868, Penalty 0.0344, loss 0.6258
Epoch 3, Batch 153/630, Grad Norms near zero: 12, Lx 0.4984, Lu 0.0767, Penalty 0.0294, loss 0.6045
Epoch 3, Batch 154/630, Grad Norms near zero: 12, Lx 0.5152, Lu 0.1133, Penalty 0.0318, loss 0.6603
Epoch 3, Batch 155/630, Grad Norms near zero: 12, Lx 0.5282, Lu 0.0851, Penalty 0.0253, loss 0.6386
Epoch 3, Batch 156/630, Grad Norms near zero: 12, Lx 0.5304, Lu 0.0698, Penalty 0.0218, loss 0.6220
Epoch 3, Batch 157/630, Grad Norms near zero: 12, Lx 0.5500, Lu 0.1905, Penalty 0.0230, loss 0.7635
Epoch 3, Batch 158/630, Grad Norms near zero: 12, Lx 0.5265, Lu 0.1314, Penalty 0.0279, loss 0.6859
Epoch 3, Batch 159/630, Grad Norms near zero: 12, Lx 0.5288, Lu 0.0910, Penalty 0.0275, loss 0.6474
Epoch 3, Batch 160/630, Grad Norms near zero: 12, Lx 0.5138, Lu 0.1152, Penalty 0.0354, loss 0.6644
Epoch 3, Batch 161/630, Grad Norms near zero: 12, Lx 0.4864, Lu 0.1044, Penalty 0.0375, loss 0.6283
Epoch 3, Batch 162/630, Grad Norms near zero: 12, Lx 0.4949, Lu 0.0922, Penalty 0.0399, loss 0.6270
Epoch 3, Batch 163/630, Grad Norms near zero: 12, Lx 0.4931, Lu 0.1065, Penalty 0.0415, loss 0.6411
Epoch 3, Batch 164/630, Grad Norms near zero: 12, Lx 0.4943, Lu 0.1070, Penalty 0.0426, loss 0.6439
Epoch 3, Batch 165/630, Grad Norms near zero: 12, Lx 0.4854, Lu 0.0929, Penalty 0.0382, loss 0.6165
Epoch 3, Batch 166/630, Grad Norms near zero: 12, Lx 0.5018, Lu 0.1288, Penalty 0.0414, loss 0.6721
Epoch 3, Batch 167/630, Grad Norms near zero: 12, Lx 0.5062, Lu 0.1137, Penalty 0.0383, loss 0.6582
Epoch 3, Batch 168/630, Grad Norms near zero: 12, Lx 0.5319, Lu 0.1771, Penalty 0.0361, loss 0.7451
Epoch 3, Batch 169/630, Grad Norms near zero: 12, Lx 0.5032, Lu 0.0741, Penalty 0.0316, loss 0.6088
Epoch 3, Batch 170/630, Grad Norms near zero: 13, Lx 0.5064, Lu 0.0752, Penalty 0.0304, loss 0.6120
Epoch 3, Batch 171/630, Grad Norms near zero: 12, Lx 0.5179, Lu 0.1635, Penalty 0.0350, loss 0.7165
Epoch 3, Batch 172/630, Grad Norms near zero: 12, Lx 0.5002, Lu 0.0795, Penalty 0.0319, loss 0.6116
Epoch 3, Batch 173/630, Grad Norms near zero: 12, Lx 0.5253, Lu 0.1447, Penalty 0.0310, loss 0.7010
Epoch 3, Batch 174/630, Grad Norms near zero: 14, Lx 0.5070, Lu 0.0618, Penalty 0.0328, loss 0.6016
Epoch 3, Batch 175/630, Grad Norms near zero: 12, Lx 0.5533, Lu 0.2002, Penalty 0.0329, loss 0.7865
Epoch 3, Batch 176/630, Grad Norms near zero: 12, Lx 0.5210, Lu 0.1658, Penalty 0.0341, loss 0.7209
Epoch 3, Batch 177/630, Grad Norms near zero: 12, Lx 0.4968, Lu 0.0810, Penalty 0.0354, loss 0.6132
Epoch 3, Batch 178/630, Grad Norms near zero: 12, Lx 0.4918, Lu 0.0814, Penalty 0.0369, loss 0.6101
Epoch 3, Batch 179/630, Grad Norms near zero: 12, Lx 0.4961, Lu 0.1101, Penalty 0.0399, loss 0.6462
Epoch 3, Batch 180/630, Grad Norms near zero: 12, Lx 0.4866, Lu 0.1099, Penalty 0.0414, loss 0.6380
Epoch 3, Batch 181/630, Grad Norms near zero: 13, Lx 0.5032, Lu 0.1197, Penalty 0.0362, loss 0.6591
Epoch 3, Batch 182/630, Grad Norms near zero: 12, Lx 0.4872, Lu 0.0739, Penalty 0.0351, loss 0.5963
Epoch 3, Batch 183/630, Grad Norms near zero: 12, Lx 0.5228, Lu 0.1249, Penalty 0.0327, loss 0.6804
Epoch 3, Batch 184/630, Grad Norms near zero: 12, Lx 0.5315, Lu 0.1551, Penalty 0.0297, loss 0.7162
Epoch 3, Batch 185/630, Grad Norms near zero: 12, Lx 0.5262, Lu 0.1544, Penalty 0.0310, loss 0.7115
Epoch 3, Batch 186/630, Grad Norms near zero: 12, Lx 0.5200, Lu 0.1071, Penalty 0.0301, loss 0.6572
Epoch 3, Batch 187/630, Grad Norms near zero: 12, Lx 0.5266, Lu 0.1602, Penalty 0.0336, loss 0.7204
Epoch 3, Batch 188/630, Grad Norms near zero: 12, Lx 0.5099, Lu 0.1148, Penalty 0.0377, loss 0.6623
Epoch 3, Batch 189/630, Grad Norms near zero: 12, Lx 0.4829, Lu 0.0892, Penalty 0.0374, loss 0.6095
Epoch 3, Batch 190/630, Grad Norms near zero: 12, Lx 0.4836, Lu 0.0838, Penalty 0.0352, loss 0.6027
Epoch 3, Batch 191/630, Grad Norms near zero: 12, Lx 0.5002, Lu 0.1098, Penalty 0.0410, loss 0.6510
Epoch 3, Batch 192/630, Grad Norms near zero: 12, Lx 0.5034, Lu 0.1174, Penalty 0.0401, loss 0.6609
Epoch 3, Batch 193/630, Grad Norms near zero: 12, Lx 0.5125, Lu 0.1226, Penalty 0.0379, loss 0.6730
Epoch 3, Batch 194/630, Grad Norms near zero: 12, Lx 0.5056, Lu 0.0786, Penalty 0.0321, loss 0.6164
Epoch 3, Batch 195/630, Grad Norms near zero: 12, Lx 0.5026, Lu 0.0873, Penalty 0.0348, loss 0.6247
Epoch 3, Batch 196/630, Grad Norms near zero: 12, Lx 0.5148, Lu 0.1138, Penalty 0.0353, loss 0.6639
Epoch 3, Batch 197/630, Grad Norms near zero: 12, Lx 0.5200, Lu 0.1469, Penalty 0.0364, loss 0.7033
Epoch 3, Batch 198/630, Grad Norms near zero: 12, Lx 0.5064, Lu 0.1026, Penalty 0.0339, loss 0.6430
Epoch 3, Batch 199/630, Grad Norms near zero: 12, Lx 0.5277, Lu 0.1665, Penalty 0.0381, loss 0.7323
Epoch 3, Batch 200/630, Grad Norms near zero: 12, Lx 0.5084, Lu 0.1144, Penalty 0.0355, loss 0.6583
Epoch 3, Batch 201/630, Grad Norms near zero: 12, Lx 0.4917, Lu 0.1082, Penalty 0.0372, loss 0.6371
Epoch 3, Batch 202/630, Grad Norms near zero: 12, Lx 0.5064, Lu 0.1160, Penalty 0.0428, loss 0.6652
Epoch 3, Batch 203/630, Grad Norms near zero: 12, Lx 0.4890, Lu 0.0945, Penalty 0.0413, loss 0.6248
Epoch 3, Batch 204/630, Grad Norms near zero: 12, Lx 0.5170, Lu 0.1433, Penalty 0.0448, loss 0.7051
Epoch 3, Batch 205/630, Grad Norms near zero: 12, Lx 0.4769, Lu 0.0922, Penalty 0.0355, loss 0.6047
Epoch 3, Batch 206/630, Grad Norms near zero: 12, Lx 0.4931, Lu 0.0802, Penalty 0.0374, loss 0.6106
Epoch 3, Batch 207/630, Grad Norms near zero: 12, Lx 0.5082, Lu 0.1017, Penalty 0.0307, loss 0.6407
Epoch 3, Batch 208/630, Grad Norms near zero: 12, Lx 0.5086, Lu 0.1007, Penalty 0.0320, loss 0.6413
Epoch 3, Batch 209/630, Grad Norms near zero: 12, Lx 0.5409, Lu 0.1124, Penalty 0.0267, loss 0.6800
Epoch 3, Batch 210/630, Grad Norms near zero: 12, Lx 0.5314, Lu 0.1663, Penalty 0.0296, loss 0.7274
Epoch 3, Batch 211/630, Grad Norms near zero: 12, Lx 0.5117, Lu 0.0612, Penalty 0.0265, loss 0.5994
Epoch 3, Batch 212/630, Grad Norms near zero: 12, Lx 0.5216, Lu 0.1326, Penalty 0.0318, loss 0.6859
Epoch 3, Batch 213/630, Grad Norms near zero: 12, Lx 0.5138, Lu 0.0907, Penalty 0.0304, loss 0.6348
Epoch 3, Batch 214/630, Grad Norms near zero: 12, Lx 0.5095, Lu 0.1054, Penalty 0.0373, loss 0.6522
Epoch 3, Batch 215/630, Grad Norms near zero: 12, Lx 0.4872, Lu 0.0786, Penalty 0.0352, loss 0.6010
Epoch 3, Batch 216/630, Grad Norms near zero: 12, Lx 0.5149, Lu 0.0968, Penalty 0.0398, loss 0.6515
Epoch 3, Batch 217/630, Grad Norms near zero: 12, Lx 0.4970, Lu 0.0986, Penalty 0.0390, loss 0.6347
Epoch 3, Batch 218/630, Grad Norms near zero: 12, Lx 0.4893, Lu 0.0981, Penalty 0.0392, loss 0.6266
Epoch 3, Batch 219/630, Grad Norms near zero: 12, Lx 0.5065, Lu 0.1366, Penalty 0.0387, loss 0.6818
Epoch 3, Batch 220/630, Grad Norms near zero: 12, Lx 0.4909, Lu 0.0823, Penalty 0.0309, loss 0.6041
Epoch 3, Batch 221/630, Grad Norms near zero: 12, Lx 0.5141, Lu 0.1619, Penalty 0.0363, loss 0.7123
Epoch 3, Batch 222/630, Grad Norms near zero: 12, Lx 0.5138, Lu 0.0562, Penalty 0.0237, loss 0.5937
Epoch 3, Batch 223/630, Grad Norms near zero: 12, Lx 0.5151, Lu 0.0558, Penalty 0.0241, loss 0.5950
Epoch 3, Batch 224/630, Grad Norms near zero: 12, Lx 0.5280, Lu 0.0420, Penalty 0.0206, loss 0.5906
Epoch 3, Batch 225/630, Grad Norms near zero: 12, Lx 0.5305, Lu 0.0497, Penalty 0.0212, loss 0.6014
Epoch 3, Batch 226/630, Grad Norms near zero: 12, Lx 0.5447, Lu 0.1768, Penalty 0.0234, loss 0.7449
Epoch 3, Batch 227/630, Grad Norms near zero: 12, Lx 0.5284, Lu 0.1356, Penalty 0.0237, loss 0.6876
Epoch 3, Batch 228/630, Grad Norms near zero: 12, Lx 0.5438, Lu 0.1181, Penalty 0.0254, loss 0.6873
Epoch 3, Batch 229/630, Grad Norms near zero: 12, Lx 0.5272, Lu 0.1674, Penalty 0.0332, loss 0.7278
Epoch 3, Batch 230/630, Grad Norms near zero: 12, Lx 0.5009, Lu 0.1006, Penalty 0.0385, loss 0.6399
Epoch 3, Batch 231/630, Grad Norms near zero: 12, Lx 0.4834, Lu 0.1115, Penalty 0.0434, loss 0.6384
Epoch 3, Batch 232/630, Grad Norms near zero: 12, Lx 0.4812, Lu 0.1206, Penalty 0.0506, loss 0.6524
Epoch 3, Batch 233/630, Grad Norms near zero: 12, Lx 0.4895, Lu 0.1738, Penalty 0.0522, loss 0.7155
Epoch 3, Batch 234/630, Grad Norms near zero: 12, Lx 0.4653, Lu 0.1231, Penalty 0.0460, loss 0.6344
Epoch 3, Batch 235/630, Grad Norms near zero: 12, Lx 0.4837, Lu 0.1321, Penalty 0.0501, loss 0.6659
Epoch 3, Batch 236/630, Grad Norms near zero: 12, Lx 0.4942, Lu 0.1296, Penalty 0.0416, loss 0.6653
Epoch 3, Batch 237/630, Grad Norms near zero: 12, Lx 0.5201, Lu 0.1401, Penalty 0.0360, loss 0.6963
Epoch 3, Batch 238/630, Grad Norms near zero: 12, Lx 0.5152, Lu 0.1401, Penalty 0.0357, loss 0.6911
Epoch 3, Batch 239/630, Grad Norms near zero: 12, Lx 0.5250, Lu 0.1791, Penalty 0.0343, loss 0.7384
Epoch 3, Batch 240/630, Grad Norms near zero: 12, Lx 0.5193, Lu 0.0918, Penalty 0.0290, loss 0.6401
Epoch 3, Batch 241/630, Grad Norms near zero: 12, Lx 0.5119, Lu 0.0506, Penalty 0.0231, loss 0.5856
Epoch 3, Batch 242/630, Grad Norms near zero: 12, Lx 0.5360, Lu 0.1848, Penalty 0.0301, loss 0.7509
Epoch 3, Batch 243/630, Grad Norms near zero: 12, Lx 0.5334, Lu 0.1695, Penalty 0.0335, loss 0.7365
Epoch 3, Batch 244/630, Grad Norms near zero: 12, Lx 0.5019, Lu 0.1031, Penalty 0.0385, loss 0.6434
Epoch 3, Batch 245/630, Grad Norms near zero: 12, Lx 0.4973, Lu 0.0873, Penalty 0.0369, loss 0.6216
Epoch 3, Batch 246/630, Grad Norms near zero: 12, Lx 0.4873, Lu 0.0862, Penalty 0.0384, loss 0.6119
Epoch 3, Batch 247/630, Grad Norms near zero: 12, Lx 0.4869, Lu 0.1576, Penalty 0.0520, loss 0.6964
Epoch 3, Batch 248/630, Grad Norms near zero: 12, Lx 0.4859, Lu 0.1389, Penalty 0.0487, loss 0.6735
Epoch 3, Batch 249/630, Grad Norms near zero: 12, Lx 0.4888, Lu 0.1460, Penalty 0.0456, loss 0.6803
Epoch 3, Batch 250/630, Grad Norms near zero: 12, Lx 0.5046, Lu 0.0830, Penalty 0.0333, loss 0.6210
Epoch 3, Batch 251/630, Grad Norms near zero: 12, Lx 0.5085, Lu 0.1234, Penalty 0.0389, loss 0.6708
Epoch 3, Batch 252/630, Grad Norms near zero: 12, Lx 0.5078, Lu 0.1569, Penalty 0.0363, loss 0.7009
Epoch 3, Batch 253/630, Grad Norms near zero: 12, Lx 0.5242, Lu 0.1074, Penalty 0.0323, loss 0.6639
Epoch 3, Batch 254/630, Grad Norms near zero: 12, Lx 0.5242, Lu 0.0667, Penalty 0.0243, loss 0.6151
Epoch 3, Batch 255/630, Grad Norms near zero: 12, Lx 0.5310, Lu 0.0889, Penalty 0.0278, loss 0.6476
Epoch 3, Batch 256/630, Grad Norms near zero: 12, Lx 0.5254, Lu 0.0657, Penalty 0.0290, loss 0.6201
Epoch 3, Batch 257/630, Grad Norms near zero: 12, Lx 0.4971, Lu 0.1218, Penalty 0.0414, loss 0.6603
Epoch 3, Batch 258/630, Grad Norms near zero: 12, Lx 0.4933, Lu 0.1104, Penalty 0.0431, loss 0.6468
Epoch 3, Batch 259/630, Grad Norms near zero: 12, Lx 0.4936, Lu 0.1623, Penalty 0.0470, loss 0.7029
Epoch 3, Batch 260/630, Grad Norms near zero: 12, Lx 0.4883, Lu 0.1272, Penalty 0.0472, loss 0.6628
Epoch 3, Batch 261/630, Grad Norms near zero: 12, Lx 0.4945, Lu 0.1370, Penalty 0.0499, loss 0.6814
Epoch 3, Batch 262/630, Grad Norms near zero: 12, Lx 0.4972, Lu 0.1184, Penalty 0.0449, loss 0.6606
Epoch 3, Batch 263/630, Grad Norms near zero: 12, Lx 0.4950, Lu 0.1289, Penalty 0.0473, loss 0.6711
Epoch 3, Batch 264/630, Grad Norms near zero: 12, Lx 0.4992, Lu 0.0691, Penalty 0.0348, loss 0.6031
Epoch 3, Batch 265/630, Grad Norms near zero: 12, Lx 0.5004, Lu 0.1141, Penalty 0.0422, loss 0.6566
Epoch 3, Batch 266/630, Grad Norms near zero: 12, Lx 0.4961, Lu 0.1642, Penalty 0.0464, loss 0.7067
Epoch 3, Batch 267/630, Grad Norms near zero: 12, Lx 0.5108, Lu 0.0929, Penalty 0.0348, loss 0.6385
Epoch 3, Batch 268/630, Grad Norms near zero: 12, Lx 0.5107, Lu 0.1470, Penalty 0.0352, loss 0.6929
Epoch 3, Batch 269/630, Grad Norms near zero: 12, Lx 0.5225, Lu 0.0505, Penalty 0.0245, loss 0.5975
Epoch 3, Batch 270/630, Grad Norms near zero: 12, Lx 0.5315, Lu 0.1468, Penalty 0.0288, loss 0.7071
Epoch 3, Batch 271/630, Grad Norms near zero: 12, Lx 0.5123, Lu 0.1016, Penalty 0.0320, loss 0.6460
Epoch 3, Batch 272/630, Grad Norms near zero: 12, Lx 0.5139, Lu 0.0882, Penalty 0.0298, loss 0.6319
Epoch 3, Batch 273/630, Grad Norms near zero: 12, Lx 0.5187, Lu 0.1232, Penalty 0.0347, loss 0.6766
Epoch 3, Batch 274/630, Grad Norms near zero: 12, Lx 0.5024, Lu 0.0947, Penalty 0.0391, loss 0.6362
Epoch 3, Batch 275/630, Grad Norms near zero: 12, Lx 0.5077, Lu 0.1454, Penalty 0.0446, loss 0.6977
Epoch 3, Batch 276/630, Grad Norms near zero: 12, Lx 0.4851, Lu 0.0954, Penalty 0.0413, loss 0.6218
Epoch 3, Batch 277/630, Grad Norms near zero: 12, Lx 0.4953, Lu 0.1010, Penalty 0.0433, loss 0.6396
Epoch 3, Batch 278/630, Grad Norms near zero: 12, Lx 0.4868, Lu 0.1153, Penalty 0.0457, loss 0.6479
Epoch 3, Batch 279/630, Grad Norms near zero: 12, Lx 0.4727, Lu 0.1212, Penalty 0.0435, loss 0.6374
Epoch 3, Batch 280/630, Grad Norms near zero: 12, Lx 0.4943, Lu 0.1433, Penalty 0.0445, loss 0.6820
Epoch 3, Batch 281/630, Grad Norms near zero: 12, Lx 0.4920, Lu 0.0728, Penalty 0.0321, loss 0.5969
Epoch 3, Batch 282/630, Grad Norms near zero: 12, Lx 0.5131, Lu 0.1045, Penalty 0.0338, loss 0.6514
Epoch 3, Batch 283/630, Grad Norms near zero: 12, Lx 0.5251, Lu 0.1285, Penalty 0.0311, loss 0.6846
Epoch 3, Batch 284/630, Grad Norms near zero: 12, Lx 0.5344, Lu 0.1826, Penalty 0.0322, loss 0.7492
Epoch 3, Batch 285/630, Grad Norms near zero: 12, Lx 0.5319, Lu 0.1377, Penalty 0.0282, loss 0.6978
Epoch 3, Batch 286/630, Grad Norms near zero: 12, Lx 0.5131, Lu 0.1770, Penalty 0.0385, loss 0.7287
Epoch 3, Batch 287/630, Grad Norms near zero: 12, Lx 0.4987, Lu 0.0743, Penalty 0.0320, loss 0.6050
Epoch 3, Batch 288/630, Grad Norms near zero: 12, Lx 0.4901, Lu 0.1290, Penalty 0.0431, loss 0.6622
Epoch 3, Batch 289/630, Grad Norms near zero: 12, Lx 0.4807, Lu 0.0859, Penalty 0.0351, loss 0.6018
Epoch 3, Batch 290/630, Grad Norms near zero: 12, Lx 0.4961, Lu 0.1042, Penalty 0.0451, loss 0.6453
Epoch 3, Batch 291/630, Grad Norms near zero: 12, Lx 0.4902, Lu 0.0811, Penalty 0.0403, loss 0.6117
Epoch 3, Batch 292/630, Grad Norms near zero: 12, Lx 0.4933, Lu 0.0958, Penalty 0.0391, loss 0.6282
Epoch 3, Batch 293/630, Grad Norms near zero: 12, Lx 0.5042, Lu 0.0510, Penalty 0.0297, loss 0.5849
Epoch 3, Batch 294/630, Grad Norms near zero: 12, Lx 0.5142, Lu 0.0974, Penalty 0.0300, loss 0.6416
Epoch 3, Batch 295/630, Grad Norms near zero: 12, Lx 0.5148, Lu 0.0910, Penalty 0.0299, loss 0.6357
Epoch 3, Batch 296/630, Grad Norms near zero: 12, Lx 0.5431, Lu 0.0929, Penalty 0.0248, loss 0.6608
Epoch 3, Batch 297/630, Grad Norms near zero: 12, Lx 0.5281, Lu 0.1139, Penalty 0.0283, loss 0.6703
Epoch 3, Batch 298/630, Grad Norms near zero: 12, Lx 0.5208, Lu 0.1129, Penalty 0.0301, loss 0.6638
Epoch 3, Batch 299/630, Grad Norms near zero: 12, Lx 0.5236, Lu 0.0775, Penalty 0.0289, loss 0.6299
Epoch 3, Batch 300/630, Grad Norms near zero: 12, Lx 0.5216, Lu 0.0795, Penalty 0.0295, loss 0.6306
Epoch 3, Batch 301/630, Grad Norms near zero: 12, Lx 0.5084, Lu 0.1604, Penalty 0.0435, loss 0.7123
Epoch 3, Batch 302/630, Grad Norms near zero: 12, Lx 0.4988, Lu 0.0772, Penalty 0.0384, loss 0.6145
Epoch 3, Batch 303/630, Grad Norms near zero: 12, Lx 0.4889, Lu 0.1620, Penalty 0.0471, loss 0.6980
Epoch 3, Batch 304/630, Grad Norms near zero: 12, Lx 0.4751, Lu 0.1255, Penalty 0.0528, loss 0.6534
Epoch 3, Batch 305/630, Grad Norms near zero: 12, Lx 0.4782, Lu 0.1592, Penalty 0.0555, loss 0.6929
Epoch 3, Batch 306/630, Grad Norms near zero: 12, Lx 0.4768, Lu 0.1002, Penalty 0.0384, loss 0.6153
Epoch 3, Batch 307/630, Grad Norms near zero: 12, Lx 0.5069, Lu 0.1289, Penalty 0.0397, loss 0.6755
Epoch 3, Batch 308/630, Grad Norms near zero: 12, Lx 0.4979, Lu 0.0883, Penalty 0.0353, loss 0.6216
Epoch 3, Batch 309/630, Grad Norms near zero: 12, Lx 0.5218, Lu 0.0881, Penalty 0.0293, loss 0.6392
Epoch 3, Batch 310/630, Grad Norms near zero: 12, Lx 0.5252, Lu 0.0818, Penalty 0.0275, loss 0.6345
Epoch 3, Batch 311/630, Grad Norms near zero: 12, Lx 0.5277, Lu 0.1100, Penalty 0.0275, loss 0.6652
Epoch 3, Batch 312/630, Grad Norms near zero: 12, Lx 0.5359, Lu 0.1500, Penalty 0.0279, loss 0.7139
Epoch 3, Batch 313/630, Grad Norms near zero: 12, Lx 0.5238, Lu 0.1261, Penalty 0.0338, loss 0.6838
Epoch 3, Batch 314/630, Grad Norms near zero: 12, Lx 0.5273, Lu 0.1719, Penalty 0.0364, loss 0.7356
Epoch 3, Batch 315/630, Grad Norms near zero: 12, Lx 0.4944, Lu 0.1713, Penalty 0.0498, loss 0.7155
Epoch 3, Batch 316/630, Grad Norms near zero: 12, Lx 0.4761, Lu 0.0972, Penalty 0.0394, loss 0.6128
Epoch 3, Batch 317/630, Grad Norms near zero: 12, Lx 0.4940, Lu 0.1688, Penalty 0.0507, loss 0.7135
Epoch 3, Batch 318/630, Grad Norms near zero: 12, Lx 0.4836, Lu 0.0939, Penalty 0.0370, loss 0.6145
Epoch 3, Batch 319/630, Grad Norms near zero: 12, Lx 0.4799, Lu 0.0863, Penalty 0.0330, loss 0.5992
Epoch 3, Batch 320/630, Grad Norms near zero: 12, Lx 0.5199, Lu 0.1533, Penalty 0.0424, loss 0.7156
Epoch 3, Batch 321/630, Grad Norms near zero: 12, Lx 0.5074, Lu 0.1683, Penalty 0.0463, loss 0.7219
Epoch 3, Batch 322/630, Grad Norms near zero: 12, Lx 0.5066, Lu 0.1133, Penalty 0.0365, loss 0.6564
Epoch 3, Batch 323/630, Grad Norms near zero: 12, Lx 0.5112, Lu 0.1429, Penalty 0.0394, loss 0.6935
Epoch 3, Batch 324/630, Grad Norms near zero: 12, Lx 0.5237, Lu 0.0714, Penalty 0.0270, loss 0.6221
Epoch 3, Batch 325/630, Grad Norms near zero: 12, Lx 0.5173, Lu 0.0550, Penalty 0.0263, loss 0.5985
Epoch 3, Batch 326/630, Grad Norms near zero: 12, Lx 0.5139, Lu 0.0705, Penalty 0.0319, loss 0.6163
Epoch 3, Batch 327/630, Grad Norms near zero: 12, Lx 0.5158, Lu 0.1432, Penalty 0.0349, loss 0.6939
Epoch 3, Batch 328/630, Grad Norms near zero: 12, Lx 0.5216, Lu 0.0399, Penalty 0.0233, loss 0.5848
Epoch 3, Batch 329/630, Grad Norms near zero: 12, Lx 0.5232, Lu 0.1345, Penalty 0.0318, loss 0.6894
Epoch 3, Batch 330/630, Grad Norms near zero: 12, Lx 0.5325, Lu 0.1470, Penalty 0.0347, loss 0.7142
Epoch 3, Batch 331/630, Grad Norms near zero: 12, Lx 0.5137, Lu 0.0663, Penalty 0.0282, loss 0.6082
Epoch 3, Batch 332/630, Grad Norms near zero: 12, Lx 0.4968, Lu 0.0932, Penalty 0.0383, loss 0.6284
Epoch 3, Batch 333/630, Grad Norms near zero: 12, Lx 0.5003, Lu 0.1629, Penalty 0.0476, loss 0.7108
Epoch 3, Batch 334/630, Grad Norms near zero: 12, Lx 0.4882, Lu 0.1643, Penalty 0.0548, loss 0.7073
Epoch 3, Batch 335/630, Grad Norms near zero: 12, Lx 0.4814, Lu 0.1153, Penalty 0.0470, loss 0.6437
Epoch 3, Batch 336/630, Grad Norms near zero: 12, Lx 0.4686, Lu 0.1097, Penalty 0.0412, loss 0.6195
Epoch 3, Batch 337/630, Grad Norms near zero: 12, Lx 0.5046, Lu 0.1803, Penalty 0.0427, loss 0.7276
Epoch 3, Batch 338/630, Grad Norms near zero: 13, Lx 0.5077, Lu 0.0631, Penalty 0.0240, loss 0.5948
Epoch 3, Batch 339/630, Grad Norms near zero: 12, Lx 0.5136, Lu 0.1239, Penalty 0.0352, loss 0.6726
Epoch 3, Batch 340/630, Grad Norms near zero: 12, Lx 0.5240, Lu 0.1422, Penalty 0.0324, loss 0.6986
Epoch 3, Batch 341/630, Grad Norms near zero: 12, Lx 0.5348, Lu 0.1720, Penalty 0.0283, loss 0.7352
Epoch 3, Batch 342/630, Grad Norms near zero: 12, Lx 0.5407, Lu 0.1092, Penalty 0.0236, loss 0.6735
Epoch 3, Batch 343/630, Grad Norms near zero: 12, Lx 0.5151, Lu 0.1258, Penalty 0.0324, loss 0.6733
Epoch 3, Batch 344/630, Grad Norms near zero: 12, Lx 0.5168, Lu 0.0499, Penalty 0.0223, loss 0.5890
Epoch 3, Batch 345/630, Grad Norms near zero: 12, Lx 0.5122, Lu 0.1534, Penalty 0.0391, loss 0.7047
Epoch 3, Batch 346/630, Grad Norms near zero: 12, Lx 0.5172, Lu 0.1761, Penalty 0.0432, loss 0.7364
Epoch 3, Batch 347/630, Grad Norms near zero: 12, Lx 0.4769, Lu 0.1125, Penalty 0.0437, loss 0.6332
Epoch 3, Batch 348/630, Grad Norms near zero: 12, Lx 0.4815, Lu 0.1361, Penalty 0.0476, loss 0.6652
Epoch 3, Batch 349/630, Grad Norms near zero: 12, Lx 0.4837, Lu 0.0808, Penalty 0.0407, loss 0.6053
Epoch 3, Batch 350/630, Grad Norms near zero: 12, Lx 0.4906, Lu 0.1569, Penalty 0.0439, loss 0.6914
Epoch 3, Batch 351/630, Grad Norms near zero: 12, Lx 0.5168, Lu 0.1676, Penalty 0.0398, loss 0.7243
Epoch 3, Batch 352/630, Grad Norms near zero: 12, Lx 0.5154, Lu 0.1735, Penalty 0.0365, loss 0.7254
Epoch 3, Batch 353/630, Grad Norms near zero: 12, Lx 0.5197, Lu 0.0538, Penalty 0.0246, loss 0.5981
Epoch 3, Batch 354/630, Grad Norms near zero: 12, Lx 0.5188, Lu 0.0565, Penalty 0.0252, loss 0.6005
Epoch 3, Batch 355/630, Grad Norms near zero: 12, Lx 0.5053, Lu 0.1835, Penalty 0.0452, loss 0.7340
Epoch 3, Batch 356/630, Grad Norms near zero: 12, Lx 0.5230, Lu 0.1407, Penalty 0.0339, loss 0.6976
Epoch 3, Batch 357/630, Grad Norms near zero: 12, Lx 0.4989, Lu 0.1735, Penalty 0.0452, loss 0.7176
Epoch 3, Batch 358/630, Grad Norms near zero: 12, Lx 0.5047, Lu 0.1521, Penalty 0.0442, loss 0.7009
Epoch 3, Batch 359/630, Grad Norms near zero: 12, Lx 0.4947, Lu 0.1556, Penalty 0.0432, loss 0.6934
Epoch 3, Batch 360/630, Grad Norms near zero: 12, Lx 0.5137, Lu 0.1024, Penalty 0.0316, loss 0.6476
Epoch 3, Batch 361/630, Grad Norms near zero: 12, Lx 0.5218, Lu 0.0659, Penalty 0.0261, loss 0.6137
Epoch 3, Batch 362/630, Grad Norms near zero: 12, Lx 0.5298, Lu 0.1554, Penalty 0.0328, loss 0.7181
Epoch 3, Batch 363/630, Grad Norms near zero: 12, Lx 0.5260, Lu 0.1403, Penalty 0.0359, loss 0.7023
Epoch 3, Batch 364/630, Grad Norms near zero: 12, Lx 0.4962, Lu 0.0963, Penalty 0.0369, loss 0.6294
Epoch 3, Batch 365/630, Grad Norms near zero: 12, Lx 0.5059, Lu 0.1348, Penalty 0.0425, loss 0.6832
Epoch 3, Batch 366/630, Grad Norms near zero: 12, Lx 0.5045, Lu 0.1574, Penalty 0.0455, loss 0.7074
Epoch 3, Batch 367/630, Grad Norms near zero: 12, Lx 0.4803, Lu 0.1774, Penalty 0.0516, loss 0.7094
Epoch 3, Batch 368/630, Grad Norms near zero: 12, Lx 0.4848, Lu 0.1697, Penalty 0.0520, loss 0.7066
Epoch 3, Batch 369/630, Grad Norms near zero: 12, Lx 0.4848, Lu 0.0885, Penalty 0.0386, loss 0.6120
Epoch 3, Batch 370/630, Grad Norms near zero: 12, Lx 0.5106, Lu 0.0894, Penalty 0.0338, loss 0.6338
Epoch 3, Batch 371/630, Grad Norms near zero: 12, Lx 0.5037, Lu 0.0840, Penalty 0.0322, loss 0.6198
Epoch 3, Batch 372/630, Grad Norms near zero: 13, Lx 0.5265, Lu 0.0538, Penalty 0.0214, loss 0.6018
Epoch 3, Batch 373/630, Grad Norms near zero: 12, Lx 0.5367, Lu 0.1208, Penalty 0.0269, loss 0.6843
Epoch 3, Batch 374/630, Grad Norms near zero: 13, Lx 0.5487, Lu 0.0336, Penalty 0.0165, loss 0.5989
Epoch 3, Batch 375/630, Grad Norms near zero: 13, Lx 0.5462, Lu 0.0390, Penalty 0.0173, loss 0.6025
Epoch 3, Batch 376/630, Grad Norms near zero: 12, Lx 0.5377, Lu 0.1051, Penalty 0.0238, loss 0.6666
Epoch 3, Batch 377/630, Grad Norms near zero: 12, Lx 0.5312, Lu 0.1735, Penalty 0.0324, loss 0.7371
Epoch 3, Batch 378/630, Grad Norms near zero: 12, Lx 0.5114, Lu 0.0728, Penalty 0.0288, loss 0.6130
Epoch 3, Batch 379/630, Grad Norms near zero: 12, Lx 0.5098, Lu 0.1826, Penalty 0.0445, loss 0.7369
Epoch 3, Batch 380/630, Grad Norms near zero: 12, Lx 0.4931, Lu 0.1490, Penalty 0.0448, loss 0.6869
Epoch 3, Batch 381/630, Grad Norms near zero: 12, Lx 0.5167, Lu 0.1462, Penalty 0.0543, loss 0.7173
Epoch 3, Batch 382/630, Grad Norms near zero: 12, Lx 0.4774, Lu 0.1034, Penalty 0.0465, loss 0.6273
Epoch 3, Batch 383/630, Grad Norms near zero: 12, Lx 0.4527, Lu 0.1420, Penalty 0.0482, loss 0.6429
Epoch 3, Batch 384/630, Grad Norms near zero: 12, Lx 0.4925, Lu 0.1603, Penalty 0.0558, loss 0.7086
Epoch 3, Batch 385/630, Grad Norms near zero: 12, Lx 0.4834, Lu 0.0918, Penalty 0.0381, loss 0.6132
Epoch 3, Batch 386/630, Grad Norms near zero: 12, Lx 0.5128, Lu 0.1695, Penalty 0.0422, loss 0.7245
Epoch 3, Batch 387/630, Grad Norms near zero: 12, Lx 0.5264, Lu 0.0922, Penalty 0.0295, loss 0.6481
Epoch 3, Batch 388/630, Grad Norms near zero: 12, Lx 0.5293, Lu 0.1738, Penalty 0.0287, loss 0.7318
Epoch 3, Batch 389/630, Grad Norms near zero: 12, Lx 0.5182, Lu 0.1101, Penalty 0.0310, loss 0.6593
Epoch 3, Batch 390/630, Grad Norms near zero: 12, Lx 0.5324, Lu 0.0842, Penalty 0.0233, loss 0.6399
Epoch 3, Batch 391/630, Grad Norms near zero: 12, Lx 0.5191, Lu 0.1466, Penalty 0.0338, loss 0.6996
Epoch 3, Batch 392/630, Grad Norms near zero: 12, Lx 0.5266, Lu 0.1322, Penalty 0.0309, loss 0.6896
Epoch 3, Batch 393/630, Grad Norms near zero: 12, Lx 0.4973, Lu 0.0792, Penalty 0.0347, loss 0.6112
Epoch 3, Batch 394/630, Grad Norms near zero: 12, Lx 0.5019, Lu 0.0683, Penalty 0.0275, loss 0.5977
Epoch 3, Batch 395/630, Grad Norms near zero: 12, Lx 0.5008, Lu 0.1264, Penalty 0.0411, loss 0.6683
Epoch 3, Batch 396/630, Grad Norms near zero: 12, Lx 0.5214, Lu 0.1297, Penalty 0.0353, loss 0.6865
Epoch 3, Batch 397/630, Grad Norms near zero: 12, Lx 0.4954, Lu 0.1446, Penalty 0.0422, loss 0.6822
Epoch 3, Batch 398/630, Grad Norms near zero: 12, Lx 0.4851, Lu 0.1294, Penalty 0.0409, loss 0.6553
Epoch 3, Batch 399/630, Grad Norms near zero: 12, Lx 0.4953, Lu 0.1238, Penalty 0.0397, loss 0.6588
Epoch 3, Batch 400/630, Grad Norms near zero: 12, Lx 0.5034, Lu 0.0636, Penalty 0.0272, loss 0.5942
Epoch 3, Batch 401/630, Grad Norms near zero: 12, Lx 0.5249, Lu 0.0927, Penalty 0.0294, loss 0.6470
Epoch 3, Batch 402/630, Grad Norms near zero: 12, Lx 0.5218, Lu 0.0809, Penalty 0.0275, loss 0.6302
Epoch 3, Batch 403/630, Grad Norms near zero: 12, Lx 0.5266, Lu 0.0886, Penalty 0.0272, loss 0.6424
Epoch 3, Batch 404/630, Grad Norms near zero: 12, Lx 0.5306, Lu 0.0638, Penalty 0.0232, loss 0.6176
Epoch 3, Batch 405/630, Grad Norms near zero: 12, Lx 0.5350, Lu 0.1941, Penalty 0.0300, loss 0.7591
Epoch 3, Batch 406/630, Grad Norms near zero: 12, Lx 0.5097, Lu 0.0723, Penalty 0.0318, loss 0.6137
Epoch 3, Batch 407/630, Grad Norms near zero: 12, Lx 0.5031, Lu 0.1361, Penalty 0.0378, loss 0.6770
Epoch 3, Batch 408/630, Grad Norms near zero: 12, Lx 0.4965, Lu 0.1058, Penalty 0.0417, loss 0.6439
Epoch 3, Batch 409/630, Grad Norms near zero: 12, Lx 0.4840, Lu 0.0865, Penalty 0.0361, loss 0.6066
Epoch 3, Batch 410/630, Grad Norms near zero: 12, Lx 0.5109, Lu 0.1706, Penalty 0.0465, loss 0.7280
Epoch 3, Batch 411/630, Grad Norms near zero: 12, Lx 0.4942, Lu 0.1427, Penalty 0.0434, loss 0.6803
Epoch 3, Batch 412/630, Grad Norms near zero: 12, Lx 0.4972, Lu 0.1251, Penalty 0.0433, loss 0.6656
Epoch 3, Batch 413/630, Grad Norms near zero: 12, Lx 0.4979, Lu 0.1058, Penalty 0.0366, loss 0.6402
Epoch 3, Batch 414/630, Grad Norms near zero: 12, Lx 0.5044, Lu 0.1085, Penalty 0.0367, loss 0.6497
Epoch 3, Batch 415/630, Grad Norms near zero: 12, Lx 0.5134, Lu 0.0994, Penalty 0.0341, loss 0.6469
Epoch 3, Batch 416/630, Grad Norms near zero: 13, Lx 0.5154, Lu 0.0896, Penalty 0.0308, loss 0.6357
Epoch 3, Batch 417/630, Grad Norms near zero: 12, Lx 0.5208, Lu 0.1617, Penalty 0.0336, loss 0.7161
Epoch 3, Batch 418/630, Grad Norms near zero: 13, Lx 0.5067, Lu 0.1255, Penalty 0.0334, loss 0.6656
Epoch 3, Batch 419/630, Grad Norms near zero: 12, Lx 0.5214, Lu 0.1764, Penalty 0.0358, loss 0.7336
Epoch 3, Batch 420/630, Grad Norms near zero: 12, Lx 0.5338, Lu 0.1801, Penalty 0.0358, loss 0.7497
Epoch 3, Batch 421/630, Grad Norms near zero: 12, Lx 0.4919, Lu 0.0989, Penalty 0.0379, loss 0.6287
Epoch 3, Batch 422/630, Grad Norms near zero: 12, Lx 0.5005, Lu 0.1569, Penalty 0.0426, loss 0.7000
Epoch 3, Batch 423/630, Grad Norms near zero: 12, Lx 0.5108, Lu 0.1852, Penalty 0.0459, loss 0.7419
Epoch 3, Batch 424/630, Grad Norms near zero: 12, Lx 0.4973, Lu 0.1570, Penalty 0.0447, loss 0.6989
Epoch 3, Batch 425/630, Grad Norms near zero: 12, Lx 0.5040, Lu 0.1541, Penalty 0.0467, loss 0.7047
Epoch 3, Batch 426/630, Grad Norms near zero: 12, Lx 0.5018, Lu 0.1771, Penalty 0.0435, loss 0.7224
Epoch 3, Batch 427/630, Grad Norms near zero: 12, Lx 0.5024, Lu 0.0874, Penalty 0.0353, loss 0.6251
Epoch 3, Batch 428/630, Grad Norms near zero: 12, Lx 0.5007, Lu 0.1496, Penalty 0.0413, loss 0.6916
Epoch 3, Batch 429/630, Grad Norms near zero: 12, Lx 0.5007, Lu 0.1064, Penalty 0.0378, loss 0.6449
Epoch 3, Batch 430/630, Grad Norms near zero: 12, Lx 0.5223, Lu 0.1965, Penalty 0.0366, loss 0.7555
Epoch 3, Batch 431/630, Grad Norms near zero: 12, Lx 0.5125, Lu 0.1272, Penalty 0.0361, loss 0.6757
Epoch 3, Batch 432/630, Grad Norms near zero: 12, Lx 0.5136, Lu 0.1020, Penalty 0.0334, loss 0.6490
Epoch 3, Batch 433/630, Grad Norms near zero: 12, Lx 0.5129, Lu 0.1418, Penalty 0.0354, loss 0.6901
Epoch 3, Batch 434/630, Grad Norms near zero: 12, Lx 0.5070, Lu 0.0915, Penalty 0.0317, loss 0.6302
Epoch 3, Batch 435/630, Grad Norms near zero: 12, Lx 0.5294, Lu 0.1800, Penalty 0.0349, loss 0.7443
Epoch 3, Batch 436/630, Grad Norms near zero: 12, Lx 0.4993, Lu 0.0828, Penalty 0.0339, loss 0.6160
Epoch 3, Batch 437/630, Grad Norms near zero: 12, Lx 0.5037, Lu 0.1075, Penalty 0.0385, loss 0.6497
Epoch 3, Batch 438/630, Grad Norms near zero: 12, Lx 0.5204, Lu 0.1561, Penalty 0.0378, loss 0.7143
Epoch 3, Batch 439/630, Grad Norms near zero: 13, Lx 0.5035, Lu 0.0706, Penalty 0.0291, loss 0.6031
Epoch 3, Batch 440/630, Grad Norms near zero: 12, Lx 0.4993, Lu 0.1707, Penalty 0.0434, loss 0.7134
Epoch 3, Batch 441/630, Grad Norms near zero: 12, Lx 0.4926, Lu 0.1773, Penalty 0.0434, loss 0.7134
Epoch 3, Batch 442/630, Grad Norms near zero: 12, Lx 0.5069, Lu 0.1242, Penalty 0.0362, loss 0.6674
Epoch 3, Batch 443/630, Grad Norms near zero: 12, Lx 0.5103, Lu 0.1100, Penalty 0.0346, loss 0.6549
Epoch 3, Batch 444/630, Grad Norms near zero: 13, Lx 0.5142, Lu 0.0594, Penalty 0.0252, loss 0.5988
Epoch 3, Batch 445/630, Grad Norms near zero: 13, Lx 0.5088, Lu 0.0580, Penalty 0.0261, loss 0.5929
Epoch 3, Batch 446/630, Grad Norms near zero: 12, Lx 0.5061, Lu 0.0616, Penalty 0.0285, loss 0.5962
Epoch 3, Batch 447/630, Grad Norms near zero: 12, Lx 0.5187, Lu 0.1105, Penalty 0.0287, loss 0.6579
Epoch 3, Batch 448/630, Grad Norms near zero: 12, Lx 0.5326, Lu 0.0981, Penalty 0.0265, loss 0.6571
Epoch 3, Batch 449/630, Grad Norms near zero: 12, Lx 0.5415, Lu 0.1810, Penalty 0.0274, loss 0.7498
Epoch 3, Batch 450/630, Grad Norms near zero: 12, Lx 0.5226, Lu 0.1432, Penalty 0.0300, loss 0.6957
Epoch 3, Batch 451/630, Grad Norms near zero: 13, Lx 0.5146, Lu 0.0856, Penalty 0.0294, loss 0.6296
Epoch 3, Batch 452/630, Grad Norms near zero: 12, Lx 0.5182, Lu 0.0581, Penalty 0.0271, loss 0.6034
Epoch 3, Batch 453/630, Grad Norms near zero: 12, Lx 0.5089, Lu 0.1160, Penalty 0.0385, loss 0.6634
Epoch 3, Batch 454/630, Grad Norms near zero: 12, Lx 0.5153, Lu 0.1630, Penalty 0.0427, loss 0.7211
Epoch 3, Batch 455/630, Grad Norms near zero: 12, Lx 0.4781, Lu 0.1048, Penalty 0.0385, loss 0.6215
Epoch 3, Batch 456/630, Grad Norms near zero: 12, Lx 0.5042, Lu 0.1843, Penalty 0.0501, loss 0.7386
Epoch 3, Batch 457/630, Grad Norms near zero: 12, Lx 0.5047, Lu 0.1517, Penalty 0.0505, loss 0.7069
Epoch 3, Batch 458/630, Grad Norms near zero: 12, Lx 0.4820, Lu 0.1019, Penalty 0.0425, loss 0.6263
Epoch 3, Batch 459/630, Grad Norms near zero: 12, Lx 0.4982, Lu 0.1141, Penalty 0.0415, loss 0.6538
Epoch 3, Batch 460/630, Grad Norms near zero: 12, Lx 0.4968, Lu 0.0799, Penalty 0.0353, loss 0.6121
Epoch 3, Batch 461/630, Grad Norms near zero: 12, Lx 0.5208, Lu 0.1406, Penalty 0.0349, loss 0.6963
Epoch 3, Batch 462/630, Grad Norms near zero: 12, Lx 0.5175, Lu 0.0709, Penalty 0.0267, loss 0.6150
Epoch 3, Batch 463/630, Grad Norms near zero: 12, Lx 0.5255, Lu 0.1121, Penalty 0.0316, loss 0.6693
Epoch 3, Batch 464/630, Grad Norms near zero: 12, Lx 0.5206, Lu 0.0487, Penalty 0.0223, loss 0.5916
Epoch 3, Batch 465/630, Grad Norms near zero: 13, Lx 0.5288, Lu 0.0409, Penalty 0.0193, loss 0.5891
Epoch 3, Batch 466/630, Grad Norms near zero: 12, Lx 0.5268, Lu 0.0551, Penalty 0.0255, loss 0.6075
Epoch 3, Batch 467/630, Grad Norms near zero: 12, Lx 0.5475, Lu 0.1723, Penalty 0.0338, loss 0.7537
Epoch 3, Batch 468/630, Grad Norms near zero: 12, Lx 0.5123, Lu 0.0659, Penalty 0.0298, loss 0.6080
Epoch 3, Batch 469/630, Grad Norms near zero: 12, Lx 0.5027, Lu 0.0919, Penalty 0.0382, loss 0.6327
Epoch 3, Batch 470/630, Grad Norms near zero: 12, Lx 0.5110, Lu 0.1810, Penalty 0.0426, loss 0.7347
Epoch 3, Batch 471/630, Grad Norms near zero: 12, Lx 0.4867, Lu 0.1272, Penalty 0.0463, loss 0.6602
Epoch 3, Batch 472/630, Grad Norms near zero: 12, Lx 0.4739, Lu 0.1618, Penalty 0.0597, loss 0.6954
Epoch 3, Batch 473/630, Grad Norms near zero: 12, Lx 0.4750, Lu 0.1420, Penalty 0.0545, loss 0.6716
Epoch 3, Batch 474/630, Grad Norms near zero: 12, Lx 0.4677, Lu 0.1149, Penalty 0.0366, loss 0.6192
Epoch 3, Batch 475/630, Grad Norms near zero: 12, Lx 0.4856, Lu 0.1189, Penalty 0.0440, loss 0.6485
Epoch 3, Batch 476/630, Grad Norms near zero: 12, Lx 0.5337, Lu 0.1695, Penalty 0.0333, loss 0.7365
Epoch 3, Batch 477/630, Grad Norms near zero: 12, Lx 0.5233, Lu 0.1502, Penalty 0.0354, loss 0.7089
Epoch 3, Batch 478/630, Grad Norms near zero: 12, Lx 0.5205, Lu 0.0616, Penalty 0.0249, loss 0.6070
Epoch 3, Batch 479/630, Grad Norms near zero: 12, Lx 0.5315, Lu 0.1203, Penalty 0.0298, loss 0.6816
Epoch 3, Batch 480/630, Grad Norms near zero: 12, Lx 0.5223, Lu 0.0912, Penalty 0.0274, loss 0.6409
Epoch 3, Batch 481/630, Grad Norms near zero: 12, Lx 0.5265, Lu 0.1779, Penalty 0.0367, loss 0.7411
Epoch 3, Batch 482/630, Grad Norms near zero: 12, Lx 0.5064, Lu 0.1697, Penalty 0.0426, loss 0.7187
Epoch 3, Batch 483/630, Grad Norms near zero: 12, Lx 0.5074, Lu 0.0991, Penalty 0.0360, loss 0.6425
Epoch 3, Batch 484/630, Grad Norms near zero: 12, Lx 0.5075, Lu 0.1115, Penalty 0.0402, loss 0.6592
Epoch 3, Batch 485/630, Grad Norms near zero: 12, Lx 0.5021, Lu 0.1614, Penalty 0.0434, loss 0.7069
Epoch 3, Batch 486/630, Grad Norms near zero: 12, Lx 0.4809, Lu 0.1808, Penalty 0.0556, loss 0.7174
Epoch 3, Batch 487/630, Grad Norms near zero: 12, Lx 0.4787, Lu 0.1600, Penalty 0.0539, loss 0.6926
Epoch 3, Batch 488/630, Grad Norms near zero: 12, Lx 0.4857, Lu 0.0814, Penalty 0.0354, loss 0.6025
Epoch 3, Batch 489/630, Grad Norms near zero: 12, Lx 0.4943, Lu 0.1395, Penalty 0.0477, loss 0.6815
Epoch 3, Batch 490/630, Grad Norms near zero: 12, Lx 0.5043, Lu 0.1253, Penalty 0.0358, loss 0.6655
Epoch 3, Batch 491/630, Grad Norms near zero: 12, Lx 0.5087, Lu 0.1209, Penalty 0.0366, loss 0.6662
Epoch 3, Batch 492/630, Grad Norms near zero: 12, Lx 0.5346, Lu 0.0476, Penalty 0.0210, loss 0.6032
Epoch 3, Batch 493/630, Grad Norms near zero: 12, Lx 0.5307, Lu 0.1827, Penalty 0.0336, loss 0.7471
Epoch 3, Batch 494/630, Grad Norms near zero: 12, Lx 0.5212, Lu 0.1070, Penalty 0.0324, loss 0.6606
Epoch 3, Batch 495/630, Grad Norms near zero: 12, Lx 0.5243, Lu 0.1069, Penalty 0.0291, loss 0.6603
Epoch 3, Batch 496/630, Grad Norms near zero: 12, Lx 0.5063, Lu 0.1759, Penalty 0.0414, loss 0.7236
Epoch 3, Batch 497/630, Grad Norms near zero: 12, Lx 0.5137, Lu 0.1644, Penalty 0.0365, loss 0.7146
Epoch 3, Batch 498/630, Grad Norms near zero: 12, Lx 0.5000, Lu 0.1687, Penalty 0.0474, loss 0.7161
Epoch 3, Batch 499/630, Grad Norms near zero: 12, Lx 0.5045, Lu 0.0944, Penalty 0.0378, loss 0.6367
Epoch 3, Batch 500/630, Grad Norms near zero: 12, Lx 0.4817, Lu 0.1219, Penalty 0.0466, loss 0.6502
Epoch 3, Batch 501/630, Grad Norms near zero: 12, Lx 0.5009, Lu 0.1409, Penalty 0.0435, loss 0.6853
Epoch 3, Batch 502/630, Grad Norms near zero: 12, Lx 0.4976, Lu 0.1576, Penalty 0.0495, loss 0.7048
Epoch 3, Batch 503/630, Grad Norms near zero: 12, Lx 0.5111, Lu 0.1442, Penalty 0.0426, loss 0.6978
Epoch 3, Batch 504/630, Grad Norms near zero: 12, Lx 0.5031, Lu 0.1657, Penalty 0.0410, loss 0.7098
Epoch 3, Batch 505/630, Grad Norms near zero: 12, Lx 0.5148, Lu 0.1414, Penalty 0.0404, loss 0.6967
Epoch 3, Batch 506/630, Grad Norms near zero: 12, Lx 0.4958, Lu 0.0919, Penalty 0.0348, loss 0.6224
Epoch 3, Batch 507/630, Grad Norms near zero: 12, Lx 0.4958, Lu 0.1029, Penalty 0.0339, loss 0.6326
Epoch 3, Batch 508/630, Grad Norms near zero: 12, Lx 0.5199, Lu 0.1360, Penalty 0.0359, loss 0.6918
Epoch 3, Batch 509/630, Grad Norms near zero: 12, Lx 0.5142, Lu 0.1587, Penalty 0.0357, loss 0.7086
Epoch 3, Batch 510/630, Grad Norms near zero: 12, Lx 0.5128, Lu 0.1150, Penalty 0.0349, loss 0.6627
Epoch 3, Batch 511/630, Grad Norms near zero: 12, Lx 0.5345, Lu 0.1971, Penalty 0.0340, loss 0.7656
Epoch 3, Batch 512/630, Grad Norms near zero: 12, Lx 0.5126, Lu 0.1128, Penalty 0.0340, loss 0.6594
Epoch 3, Batch 513/630, Grad Norms near zero: 13, Lx 0.5097, Lu 0.0612, Penalty 0.0268, loss 0.5977
Epoch 3, Batch 514/630, Grad Norms near zero: 12, Lx 0.4984, Lu 0.1143, Penalty 0.0389, loss 0.6516
Epoch 3, Batch 515/630, Grad Norms near zero: 12, Lx 0.4929, Lu 0.1146, Penalty 0.0399, loss 0.6474
Epoch 3, Batch 516/630, Grad Norms near zero: 12, Lx 0.4811, Lu 0.1743, Penalty 0.0471, loss 0.7025
Epoch 3, Batch 517/630, Grad Norms near zero: 12, Lx 0.5086, Lu 0.1011, Penalty 0.0361, loss 0.6458
Epoch 3, Batch 518/630, Grad Norms near zero: 12, Lx 0.5159, Lu 0.1539, Penalty 0.0360, loss 0.7058
Epoch 3, Batch 519/630, Grad Norms near zero: 12, Lx 0.5126, Lu 0.0736, Penalty 0.0309, loss 0.6171
Epoch 3, Batch 520/630, Grad Norms near zero: 12, Lx 0.5190, Lu 0.1138, Penalty 0.0341, loss 0.6670
Epoch 3, Batch 521/630, Grad Norms near zero: 12, Lx 0.5084, Lu 0.1020, Penalty 0.0326, loss 0.6430
Epoch 3, Batch 522/630, Grad Norms near zero: 12, Lx 0.5130, Lu 0.1556, Penalty 0.0372, loss 0.7058
Epoch 3, Batch 523/630, Grad Norms near zero: 12, Lx 0.5151, Lu 0.1672, Penalty 0.0394, loss 0.7218
Epoch 3, Batch 524/630, Grad Norms near zero: 12, Lx 0.5132, Lu 0.0866, Penalty 0.0329, loss 0.6327
Epoch 3, Batch 525/630, Grad Norms near zero: 12, Lx 0.4901, Lu 0.0796, Penalty 0.0306, loss 0.6002
Epoch 3, Batch 526/630, Grad Norms near zero: 12, Lx 0.5087, Lu 0.0881, Penalty 0.0343, loss 0.6310
Epoch 3, Batch 527/630, Grad Norms near zero: 12, Lx 0.5093, Lu 0.1118, Penalty 0.0371, loss 0.6581
Epoch 3, Batch 528/630, Grad Norms near zero: 12, Lx 0.5203, Lu 0.1707, Penalty 0.0391, loss 0.7301
Epoch 3, Batch 529/630, Grad Norms near zero: 12, Lx 0.5129, Lu 0.0990, Penalty 0.0348, loss 0.6467
Epoch 3, Batch 530/630, Grad Norms near zero: 12, Lx 0.5006, Lu 0.0736, Penalty 0.0296, loss 0.6038
Epoch 3, Batch 531/630, Grad Norms near zero: 12, Lx 0.5160, Lu 0.1580, Penalty 0.0394, loss 0.7133
Epoch 3, Batch 532/630, Grad Norms near zero: 12, Lx 0.5243, Lu 0.1686, Penalty 0.0347, loss 0.7276
Epoch 3, Batch 533/630, Grad Norms near zero: 13, Lx 0.5108, Lu 0.0618, Penalty 0.0242, loss 0.5968
Epoch 3, Batch 534/630, Grad Norms near zero: 12, Lx 0.4957, Lu 0.1663, Penalty 0.0420, loss 0.7041
Epoch 3, Batch 535/630, Grad Norms near zero: 12, Lx 0.5009, Lu 0.0736, Penalty 0.0291, loss 0.6036
Epoch 3, Batch 536/630, Grad Norms near zero: 12, Lx 0.5099, Lu 0.0834, Penalty 0.0315, loss 0.6249
Epoch 3, Batch 537/630, Grad Norms near zero: 12, Lx 0.5174, Lu 0.1258, Penalty 0.0339, loss 0.6771
Epoch 3, Batch 538/630, Grad Norms near zero: 12, Lx 0.5216, Lu 0.1309, Penalty 0.0326, loss 0.6851
Epoch 3, Batch 539/630, Grad Norms near zero: 12, Lx 0.5226, Lu 0.0640, Penalty 0.0271, loss 0.6138
Epoch 3, Batch 540/630, Grad Norms near zero: 12, Lx 0.5307, Lu 0.0598, Penalty 0.0238, loss 0.6143
Epoch 3, Batch 541/630, Grad Norms near zero: 12, Lx 0.5302, Lu 0.0737, Penalty 0.0273, loss 0.6312
Epoch 3, Batch 542/630, Grad Norms near zero: 12, Lx 0.5071, Lu 0.0758, Penalty 0.0321, loss 0.6150
Epoch 3, Batch 543/630, Grad Norms near zero: 12, Lx 0.5046, Lu 0.1394, Penalty 0.0403, loss 0.6843
Epoch 3, Batch 544/630, Grad Norms near zero: 12, Lx 0.5072, Lu 0.0676, Penalty 0.0303, loss 0.6051
Epoch 3, Batch 545/630, Grad Norms near zero: 12, Lx 0.5190, Lu 0.1636, Penalty 0.0468, loss 0.7293
Epoch 3, Batch 546/630, Grad Norms near zero: 12, Lx 0.4984, Lu 0.1505, Penalty 0.0463, loss 0.6953
Epoch 3, Batch 547/630, Grad Norms near zero: 12, Lx 0.5058, Lu 0.1755, Penalty 0.0429, loss 0.7242
Epoch 3, Batch 548/630, Grad Norms near zero: 12, Lx 0.4906, Lu 0.0974, Penalty 0.0372, loss 0.6252
Epoch 3, Batch 549/630, Grad Norms near zero: 12, Lx 0.4979, Lu 0.0897, Penalty 0.0367, loss 0.6244
Epoch 3, Batch 550/630, Grad Norms near zero: 12, Lx 0.5209, Lu 0.1435, Penalty 0.0383, loss 0.7027
Epoch 3, Batch 551/630, Grad Norms near zero: 12, Lx 0.5029, Lu 0.1555, Penalty 0.0413, loss 0.6997
Epoch 3, Batch 552/630, Grad Norms near zero: 12, Lx 0.5027, Lu 0.0732, Penalty 0.0266, loss 0.6024
Epoch 3, Batch 553/630, Grad Norms near zero: 12, Lx 0.5137, Lu 0.1054, Penalty 0.0317, loss 0.6508
Epoch 3, Batch 554/630, Grad Norms near zero: 12, Lx 0.5283, Lu 0.0582, Penalty 0.0231, loss 0.6096
Epoch 3, Batch 555/630, Grad Norms near zero: 12, Lx 0.5250, Lu 0.1153, Penalty 0.0297, loss 0.6701
Epoch 3, Batch 556/630, Grad Norms near zero: 12, Lx 0.5227, Lu 0.1194, Penalty 0.0301, loss 0.6722
Epoch 3, Batch 557/630, Grad Norms near zero: 12, Lx 0.5382, Lu 0.0441, Penalty 0.0158, loss 0.5982
Epoch 3, Batch 558/630, Grad Norms near zero: 12, Lx 0.5305, Lu 0.0815, Penalty 0.0256, loss 0.6376
Epoch 3, Batch 559/630, Grad Norms near zero: 12, Lx 0.5177, Lu 0.1032, Penalty 0.0315, loss 0.6523
Epoch 3, Batch 560/630, Grad Norms near zero: 12, Lx 0.5318, Lu 0.1512, Penalty 0.0330, loss 0.7160
Epoch 3, Batch 561/630, Grad Norms near zero: 12, Lx 0.5022, Lu 0.1419, Penalty 0.0420, loss 0.6861
Epoch 3, Batch 562/630, Grad Norms near zero: 12, Lx 0.5028, Lu 0.0799, Penalty 0.0371, loss 0.6198
Epoch 3, Batch 563/630, Grad Norms near zero: 12, Lx 0.4841, Lu 0.1719, Penalty 0.0485, loss 0.7045
Epoch 3, Batch 564/630, Grad Norms near zero: 12, Lx 0.4941, Lu 0.1302, Penalty 0.0435, loss 0.6677
Epoch 3, Batch 565/630, Grad Norms near zero: 12, Lx 0.5057, Lu 0.1814, Penalty 0.0479, loss 0.7350
Epoch 3, Batch 566/630, Grad Norms near zero: 12, Lx 0.4966, Lu 0.1814, Penalty 0.0434, loss 0.7214
Epoch 3, Batch 567/630, Grad Norms near zero: 12, Lx 0.5143, Lu 0.1639, Penalty 0.0407, loss 0.7190
Epoch 3, Batch 568/630, Grad Norms near zero: 12, Lx 0.5109, Lu 0.1304, Penalty 0.0423, loss 0.6837
Epoch 3, Batch 569/630, Grad Norms near zero: 12, Lx 0.5006, Lu 0.1258, Penalty 0.0384, loss 0.6647
Epoch 3, Batch 570/630, Grad Norms near zero: 12, Lx 0.5043, Lu 0.1389, Penalty 0.0410, loss 0.6843
Epoch 3, Batch 571/630, Grad Norms near zero: 12, Lx 0.5063, Lu 0.0949, Penalty 0.0346, loss 0.6358
Epoch 3, Batch 572/630, Grad Norms near zero: 12, Lx 0.5153, Lu 0.1535, Penalty 0.0367, loss 0.7055
Epoch 3, Batch 573/630, Grad Norms near zero: 12, Lx 0.5077, Lu 0.1073, Penalty 0.0328, loss 0.6478
Epoch 3, Batch 574/630, Grad Norms near zero: 12, Lx 0.5244, Lu 0.1781, Penalty 0.0354, loss 0.7379
Epoch 3, Batch 575/630, Grad Norms near zero: 12, Lx 0.5124, Lu 0.1723, Penalty 0.0379, loss 0.7227
Epoch 3, Batch 576/630, Grad Norms near zero: 12, Lx 0.5141, Lu 0.0740, Penalty 0.0299, loss 0.6180
Epoch 3, Batch 577/630, Grad Norms near zero: 12, Lx 0.5202, Lu 0.0692, Penalty 0.0283, loss 0.6178
Epoch 3, Batch 578/630, Grad Norms near zero: 12, Lx 0.5164, Lu 0.1030, Penalty 0.0327, loss 0.6521
Epoch 3, Batch 579/630, Grad Norms near zero: 12, Lx 0.5036, Lu 0.1220, Penalty 0.0366, loss 0.6622
Epoch 3, Batch 580/630, Grad Norms near zero: 12, Lx 0.5009, Lu 0.1491, Penalty 0.0363, loss 0.6862
Epoch 3, Batch 581/630, Grad Norms near zero: 12, Lx 0.5168, Lu 0.1326, Penalty 0.0375, loss 0.6869
Epoch 3, Batch 582/630, Grad Norms near zero: 12, Lx 0.5095, Lu 0.1462, Penalty 0.0382, loss 0.6938
Epoch 3, Batch 583/630, Grad Norms near zero: 12, Lx 0.5223, Lu 0.1829, Penalty 0.0374, loss 0.7425
Epoch 3, Batch 584/630, Grad Norms near zero: 12, Lx 0.5025, Lu 0.0729, Penalty 0.0316, loss 0.6069
Epoch 3, Batch 585/630, Grad Norms near zero: 12, Lx 0.5144, Lu 0.1572, Penalty 0.0369, loss 0.7085
Epoch 3, Batch 586/630, Grad Norms near zero: 12, Lx 0.4987, Lu 0.0977, Penalty 0.0337, loss 0.6301
Epoch 3, Batch 587/630, Grad Norms near zero: 12, Lx 0.5065, Lu 0.0869, Penalty 0.0306, loss 0.6241
Epoch 3, Batch 588/630, Grad Norms near zero: 12, Lx 0.5208, Lu 0.1511, Penalty 0.0334, loss 0.7053
Epoch 3, Batch 589/630, Grad Norms near zero: 12, Lx 0.5016, Lu 0.0823, Penalty 0.0298, loss 0.6138
Epoch 3, Batch 590/630, Grad Norms near zero: 12, Lx 0.5130, Lu 0.1135, Penalty 0.0325, loss 0.6591
Epoch 3, Batch 591/630, Grad Norms near zero: 12, Lx 0.5166, Lu 0.1277, Penalty 0.0313, loss 0.6757
Epoch 3, Batch 592/630, Grad Norms near zero: 12, Lx 0.5200, Lu 0.0555, Penalty 0.0245, loss 0.6001
Epoch 3, Batch 593/630, Grad Norms near zero: 12, Lx 0.5283, Lu 0.0605, Penalty 0.0220, loss 0.6108
Epoch 3, Batch 594/630, Grad Norms near zero: 12, Lx 0.5231, Lu 0.1252, Penalty 0.0307, loss 0.6790
Epoch 3, Batch 595/630, Grad Norms near zero: 12, Lx 0.5266, Lu 0.0839, Penalty 0.0272, loss 0.6376
Epoch 3, Batch 596/630, Grad Norms near zero: 12, Lx 0.5196, Lu 0.1464, Penalty 0.0315, loss 0.6975
Epoch 3, Batch 597/630, Grad Norms near zero: 12, Lx 0.5186, Lu 0.1373, Penalty 0.0343, loss 0.6903
Epoch 3, Batch 598/630, Grad Norms near zero: 12, Lx 0.5132, Lu 0.1885, Penalty 0.0420, loss 0.7437
Epoch 3, Batch 599/630, Grad Norms near zero: 12, Lx 0.5040, Lu 0.1157, Penalty 0.0378, loss 0.6575
Epoch 3, Batch 600/630, Grad Norms near zero: 12, Lx 0.4969, Lu 0.0781, Penalty 0.0275, loss 0.6025
Epoch 3, Batch 601/630, Grad Norms near zero: 12, Lx 0.5096, Lu 0.1731, Penalty 0.0453, loss 0.7280
Epoch 3, Batch 602/630, Grad Norms near zero: 12, Lx 0.5060, Lu 0.0774, Penalty 0.0293, loss 0.6127
Epoch 3, Batch 603/630, Grad Norms near zero: 12, Lx 0.5095, Lu 0.1338, Penalty 0.0380, loss 0.6812
Epoch 3, Batch 604/630, Grad Norms near zero: 12, Lx 0.5240, Lu 0.1646, Penalty 0.0329, loss 0.7214
Epoch 3, Batch 605/630, Grad Norms near zero: 12, Lx 0.5245, Lu 0.1091, Penalty 0.0300, loss 0.6637
Epoch 3, Batch 606/630, Grad Norms near zero: 12, Lx 0.5171, Lu 0.1206, Penalty 0.0355, loss 0.6732
Epoch 3, Batch 607/630, Grad Norms near zero: 12, Lx 0.5111, Lu 0.1723, Penalty 0.0388, loss 0.7222
Epoch 3, Batch 608/630, Grad Norms near zero: 12, Lx 0.5093, Lu 0.1837, Penalty 0.0459, loss 0.7389
Epoch 3, Batch 609/630, Grad Norms near zero: 12, Lx 0.5015, Lu 0.0733, Penalty 0.0302, loss 0.6050
Epoch 3, Batch 610/630, Grad Norms near zero: 12, Lx 0.4986, Lu 0.0917, Penalty 0.0329, loss 0.6233
Epoch 3, Batch 611/630, Grad Norms near zero: 12, Lx 0.5185, Lu 0.1548, Penalty 0.0344, loss 0.7077
Epoch 3, Batch 612/630, Grad Norms near zero: 12, Lx 0.5058, Lu 0.1378, Penalty 0.0436, loss 0.6872
Epoch 3, Batch 613/630, Grad Norms near zero: 12, Lx 0.4981, Lu 0.1310, Penalty 0.0414, loss 0.6705
Epoch 3, Batch 614/630, Grad Norms near zero: 12, Lx 0.4997, Lu 0.1448, Penalty 0.0398, loss 0.6844
Epoch 3, Batch 615/630, Grad Norms near zero: 12, Lx 0.5124, Lu 0.0979, Penalty 0.0308, loss 0.6410
Epoch 3, Batch 616/630, Grad Norms near zero: 12, Lx 0.5357, Lu 0.0695, Penalty 0.0239, loss 0.6290
Epoch 3, Batch 617/630, Grad Norms near zero: 12, Lx 0.5309, Lu 0.0599, Penalty 0.0230, loss 0.6138
Epoch 3, Batch 618/630, Grad Norms near zero: 14, Lx 0.5299, Lu 0.0417, Penalty 0.0171, loss 0.5887
Epoch 3, Batch 619/630, Grad Norms near zero: 12, Lx 0.5493, Lu 0.1838, Penalty 0.0244, loss 0.7576
Epoch 3, Batch 620/630, Grad Norms near zero: 12, Lx 0.5335, Lu 0.1158, Penalty 0.0268, loss 0.6760
Epoch 3, Batch 621/630, Grad Norms near zero: 12, Lx 0.4650, Lu 0.1582, Penalty 0.0438, loss 0.6671
Epoch 3, Batch 622/630, Grad Norms near zero: 12, Lx 0.4938, Lu 0.0728, Penalty 0.0355, loss 0.6020
Epoch 3, Batch 623/630, Grad Norms near zero: 12, Lx 0.4937, Lu 0.1938, Penalty 0.0546, loss 0.7421
Epoch 3, Batch 624/630, Grad Norms near zero: 12, Lx 0.4648, Lu 0.1577, Penalty 0.0681, loss 0.6906
Epoch 3, Batch 625/630, Grad Norms near zero: 12, Lx 0.4736, Lu 0.1810, Penalty 0.0789, loss 0.7335
Epoch 3, Batch 626/630, Grad Norms near zero: 12, Lx 0.4894, Lu 0.1682, Penalty 0.0626, loss 0.7202
Epoch 3, Batch 627/630, Grad Norms near zero: 12, Lx 0.4698, Lu 0.1971, Penalty 0.0650, loss 0.7318
Epoch 3, Batch 628/630, Grad Norms near zero: 12, Lx 0.4869, Lu 0.0985, Penalty 0.0394, loss 0.6248
Epoch 3, Batch 629/630, Grad Norms near zero: 12, Lx 0.5007, Lu 0.1100, Penalty 0.0379, loss 0.6486
Epoch 3, Batch 630/630, Grad Norms near zero: 12, Lx 0.5249, Lu 0.1063, Penalty 0.0275, loss 0.6587
Training for Network 2
labelled data size: 20160
unlabelled data size: 19840
Epoch 3, Batch 1/631, Grad Norms near zero: 12, Lx 0.6894, Lu 0.2056, Penalty 0.0000, loss 0.8950
Epoch 3, Batch 2/631, Grad Norms near zero: 12, Lx 0.6546, Lu 0.1237, Penalty 0.0010, loss 0.7793
Epoch 3, Batch 3/631, Grad Norms near zero: 12, Lx 0.6183, Lu 0.2833, Penalty 0.0060, loss 0.9076
Epoch 3, Batch 4/631, Grad Norms near zero: 12, Lx 0.5618, Lu 0.1448, Penalty 0.0195, loss 0.7261
Epoch 3, Batch 5/631, Grad Norms near zero: 12, Lx 0.4908, Lu 0.1188, Penalty 0.0431, loss 0.6527
Epoch 3, Batch 6/631, Grad Norms near zero: 12, Lx 0.4800, Lu 0.1853, Penalty 0.0651, loss 0.7305
Epoch 3, Batch 7/631, Grad Norms near zero: 12, Lx 0.4209, Lu 0.2176, Penalty 0.0930, loss 0.7316
Epoch 3, Batch 8/631, Grad Norms near zero: 12, Lx 0.4253, Lu 0.2301, Penalty 0.0990, loss 0.7544
Epoch 3, Batch 9/631, Grad Norms near zero: 12, Lx 0.3977, Lu 0.2698, Penalty 0.1040, loss 0.7715
Epoch 3, Batch 10/631, Grad Norms near zero: 12, Lx 0.4171, Lu 0.2271, Penalty 0.0896, loss 0.7338
Epoch 3, Batch 11/631, Grad Norms near zero: 12, Lx 0.4538, Lu 0.2247, Penalty 0.0896, loss 0.7681
Epoch 3, Batch 12/631, Grad Norms near zero: 12, Lx 0.4566, Lu 0.1310, Penalty 0.0598, loss 0.6475
Epoch 3, Batch 13/631, Grad Norms near zero: 12, Lx 0.4569, Lu 0.1258, Penalty 0.0535, loss 0.6361
Epoch 3, Batch 14/631, Grad Norms near zero: 12, Lx 0.5016, Lu 0.1204, Penalty 0.0354, loss 0.6574
Epoch 3, Batch 15/631, Grad Norms near zero: 12, Lx 0.5445, Lu 0.1172, Penalty 0.0195, loss 0.6811
Epoch 3, Batch 16/631, Grad Norms near zero: 12, Lx 0.5754, Lu 0.0832, Penalty 0.0122, loss 0.6708
Epoch 3, Batch 17/631, Grad Norms near zero: 12, Lx 0.5883, Lu 0.1142, Penalty 0.0089, loss 0.7114
Epoch 3, Batch 18/631, Grad Norms near zero: 12, Lx 0.6194, Lu 0.1336, Penalty 0.0046, loss 0.7575
Epoch 3, Batch 19/631, Grad Norms near zero: 12, Lx 0.5769, Lu 0.1933, Penalty 0.0134, loss 0.7837
Epoch 3, Batch 20/631, Grad Norms near zero: 12, Lx 0.5833, Lu 0.2068, Penalty 0.0119, loss 0.8020
Epoch 3, Batch 21/631, Grad Norms near zero: 12, Lx 0.5243, Lu 0.1631, Penalty 0.0349, loss 0.7224
Epoch 3, Batch 22/631, Grad Norms near zero: 12, Lx 0.4804, Lu 0.0964, Penalty 0.0393, loss 0.6160
Epoch 3, Batch 23/631, Grad Norms near zero: 12, Lx 0.4701, Lu 0.1211, Penalty 0.0499, loss 0.6411
Epoch 3, Batch 24/631, Grad Norms near zero: 12, Lx 0.4615, Lu 0.1844, Penalty 0.0726, loss 0.7184
Epoch 3, Batch 25/631, Grad Norms near zero: 12, Lx 0.4425, Lu 0.1647, Penalty 0.0710, loss 0.6782
Epoch 3, Batch 26/631, Grad Norms near zero: 12, Lx 0.4586, Lu 0.2393, Penalty 0.0739, loss 0.7719
Epoch 3, Batch 27/631, Grad Norms near zero: 12, Lx 0.4460, Lu 0.1754, Penalty 0.0704, loss 0.6918
Epoch 3, Batch 28/631, Grad Norms near zero: 12, Lx 0.4828, Lu 0.1537, Penalty 0.0500, loss 0.6866
Epoch 3, Batch 29/631, Grad Norms near zero: 12, Lx 0.4907, Lu 0.1179, Penalty 0.0473, loss 0.6559
Epoch 3, Batch 30/631, Grad Norms near zero: 13, Lx 0.5094, Lu 0.0953, Penalty 0.0347, loss 0.6395
Epoch 3, Batch 31/631, Grad Norms near zero: 13, Lx 0.5376, Lu 0.1854, Penalty 0.0272, loss 0.7502
Epoch 3, Batch 32/631, Grad Norms near zero: 13, Lx 0.5321, Lu 0.0579, Penalty 0.0225, loss 0.6125
Epoch 3, Batch 33/631, Grad Norms near zero: 12, Lx 0.5608, Lu 0.1826, Penalty 0.0209, loss 0.7643
Epoch 3, Batch 34/631, Grad Norms near zero: 13, Lx 0.5454, Lu 0.0965, Penalty 0.0219, loss 0.6638
Epoch 3, Batch 35/631, Grad Norms near zero: 13, Lx 0.5317, Lu 0.0748, Penalty 0.0227, loss 0.6292
Epoch 3, Batch 36/631, Grad Norms near zero: 13, Lx 0.5140, Lu 0.0558, Penalty 0.0258, loss 0.5955
Epoch 3, Batch 37/631, Grad Norms near zero: 13, Lx 0.5300, Lu 0.1283, Penalty 0.0334, loss 0.6917
Epoch 3, Batch 38/631, Grad Norms near zero: 13, Lx 0.5104, Lu 0.0698, Penalty 0.0325, loss 0.6127
Epoch 3, Batch 39/631, Grad Norms near zero: 12, Lx 0.4804, Lu 0.0891, Penalty 0.0397, loss 0.6092
Epoch 3, Batch 40/631, Grad Norms near zero: 12, Lx 0.4814, Lu 0.0852, Penalty 0.0389, loss 0.6055
Epoch 3, Batch 41/631, Grad Norms near zero: 13, Lx 0.4994, Lu 0.1250, Penalty 0.0416, loss 0.6660
Epoch 3, Batch 42/631, Grad Norms near zero: 12, Lx 0.4952, Lu 0.0790, Penalty 0.0344, loss 0.6086
Epoch 3, Batch 43/631, Grad Norms near zero: 13, Lx 0.5017, Lu 0.1152, Penalty 0.0365, loss 0.6533
Epoch 3, Batch 44/631, Grad Norms near zero: 13, Lx 0.5241, Lu 0.1720, Penalty 0.0342, loss 0.7303
Epoch 3, Batch 45/631, Grad Norms near zero: 13, Lx 0.5204, Lu 0.1258, Penalty 0.0346, loss 0.6807
Epoch 3, Batch 46/631, Grad Norms near zero: 12, Lx 0.4958, Lu 0.0684, Penalty 0.0330, loss 0.5972
Epoch 3, Batch 47/631, Grad Norms near zero: 12, Lx 0.5534, Lu 0.1999, Penalty 0.0274, loss 0.7808
Epoch 3, Batch 48/631, Grad Norms near zero: 13, Lx 0.5176, Lu 0.1283, Penalty 0.0350, loss 0.6809
Epoch 3, Batch 49/631, Grad Norms near zero: 12, Lx 0.5141, Lu 0.1071, Penalty 0.0331, loss 0.6542
Epoch 3, Batch 50/631, Grad Norms near zero: 12, Lx 0.5159, Lu 0.1423, Penalty 0.0406, loss 0.6988
Epoch 3, Batch 51/631, Grad Norms near zero: 12, Lx 0.4890, Lu 0.1067, Penalty 0.0457, loss 0.6415
Epoch 3, Batch 52/631, Grad Norms near zero: 13, Lx 0.4932, Lu 0.1249, Penalty 0.0491, loss 0.6671
Epoch 3, Batch 53/631, Grad Norms near zero: 13, Lx 0.4945, Lu 0.1413, Penalty 0.0501, loss 0.6860
Epoch 3, Batch 54/631, Grad Norms near zero: 13, Lx 0.4945, Lu 0.1485, Penalty 0.0509, loss 0.6939
Epoch 3, Batch 55/631, Grad Norms near zero: 13, Lx 0.5000, Lu 0.1440, Penalty 0.0502, loss 0.6943
Epoch 3, Batch 56/631, Grad Norms near zero: 12, Lx 0.4939, Lu 0.1825, Penalty 0.0451, loss 0.7215
Epoch 3, Batch 57/631, Grad Norms near zero: 13, Lx 0.5031, Lu 0.1886, Penalty 0.0486, loss 0.7403
Epoch 3, Batch 58/631, Grad Norms near zero: 12, Lx 0.4787, Lu 0.1117, Penalty 0.0448, loss 0.6352
Epoch 3, Batch 59/631, Grad Norms near zero: 14, Lx 0.5008, Lu 0.1253, Penalty 0.0450, loss 0.6710
Epoch 3, Batch 60/631, Grad Norms near zero: 13, Lx 0.5049, Lu 0.1402, Penalty 0.0440, loss 0.6891
Epoch 3, Batch 61/631, Grad Norms near zero: 13, Lx 0.5038, Lu 0.1473, Penalty 0.0414, loss 0.6925
Epoch 3, Batch 62/631, Grad Norms near zero: 13, Lx 0.5158, Lu 0.1757, Penalty 0.0400, loss 0.7315
Epoch 3, Batch 63/631, Grad Norms near zero: 13, Lx 0.5083, Lu 0.1337, Penalty 0.0375, loss 0.6794
Epoch 3, Batch 64/631, Grad Norms near zero: 13, Lx 0.5117, Lu 0.1146, Penalty 0.0400, loss 0.6664
Epoch 3, Batch 65/631, Grad Norms near zero: 13, Lx 0.5020, Lu 0.1094, Penalty 0.0379, loss 0.6494
Epoch 3, Batch 66/631, Grad Norms near zero: 12, Lx 0.4874, Lu 0.0803, Penalty 0.0376, loss 0.6053
Epoch 3, Batch 67/631, Grad Norms near zero: 13, Lx 0.5246, Lu 0.1371, Penalty 0.0354, loss 0.6971
Epoch 3, Batch 68/631, Grad Norms near zero: 13, Lx 0.4912, Lu 0.0947, Penalty 0.0374, loss 0.6233
Epoch 3, Batch 69/631, Grad Norms near zero: 13, Lx 0.5007, Lu 0.1176, Penalty 0.0361, loss 0.6544
Epoch 3, Batch 70/631, Grad Norms near zero: 12, Lx 0.5004, Lu 0.0572, Penalty 0.0296, loss 0.5872
Epoch 3, Batch 71/631, Grad Norms near zero: 12, Lx 0.5339, Lu 0.1029, Penalty 0.0269, loss 0.6637
Epoch 3, Batch 72/631, Grad Norms near zero: 12, Lx 0.5394, Lu 0.1737, Penalty 0.0325, loss 0.7456
Epoch 3, Batch 73/631, Grad Norms near zero: 13, Lx 0.5106, Lu 0.1210, Penalty 0.0341, loss 0.6657
Epoch 3, Batch 74/631, Grad Norms near zero: 13, Lx 0.5065, Lu 0.1018, Penalty 0.0370, loss 0.6453
Epoch 3, Batch 75/631, Grad Norms near zero: 12, Lx 0.4833, Lu 0.0785, Penalty 0.0366, loss 0.5984
Epoch 3, Batch 76/631, Grad Norms near zero: 12, Lx 0.4832, Lu 0.0753, Penalty 0.0329, loss 0.5914
Epoch 3, Batch 77/631, Grad Norms near zero: 13, Lx 0.5176, Lu 0.1450, Penalty 0.0381, loss 0.7007
Epoch 3, Batch 78/631, Grad Norms near zero: 13, Lx 0.5112, Lu 0.1301, Penalty 0.0365, loss 0.6777
Epoch 3, Batch 79/631, Grad Norms near zero: 12, Lx 0.5164, Lu 0.1701, Penalty 0.0383, loss 0.7248
Epoch 3, Batch 80/631, Grad Norms near zero: 12, Lx 0.5008, Lu 0.1133, Penalty 0.0379, loss 0.6520
Epoch 3, Batch 81/631, Grad Norms near zero: 13, Lx 0.4933, Lu 0.0818, Penalty 0.0365, loss 0.6115
Epoch 3, Batch 82/631, Grad Norms near zero: 12, Lx 0.4899, Lu 0.0691, Penalty 0.0360, loss 0.5949
Epoch 3, Batch 83/631, Grad Norms near zero: 12, Lx 0.4919, Lu 0.0798, Penalty 0.0344, loss 0.6061
Epoch 3, Batch 84/631, Grad Norms near zero: 12, Lx 0.5036, Lu 0.0749, Penalty 0.0324, loss 0.6109
Epoch 3, Batch 85/631, Grad Norms near zero: 13, Lx 0.5205, Lu 0.1280, Penalty 0.0320, loss 0.6805
Epoch 3, Batch 86/631, Grad Norms near zero: 12, Lx 0.5520, Lu 0.1664, Penalty 0.0224, loss 0.7408
Epoch 3, Batch 87/631, Grad Norms near zero: 12, Lx 0.5339, Lu 0.1119, Penalty 0.0244, loss 0.6703
Epoch 3, Batch 88/631, Grad Norms near zero: 12, Lx 0.4969, Lu 0.0718, Penalty 0.0341, loss 0.6029
Epoch 3, Batch 89/631, Grad Norms near zero: 12, Lx 0.5053, Lu 0.0807, Penalty 0.0318, loss 0.6178
Epoch 3, Batch 90/631, Grad Norms near zero: 12, Lx 0.5094, Lu 0.1107, Penalty 0.0332, loss 0.6533
Epoch 3, Batch 91/631, Grad Norms near zero: 12, Lx 0.5166, Lu 0.1712, Penalty 0.0361, loss 0.7239
Epoch 3, Batch 92/631, Grad Norms near zero: 12, Lx 0.4962, Lu 0.1022, Penalty 0.0398, loss 0.6382
Epoch 3, Batch 93/631, Grad Norms near zero: 12, Lx 0.5002, Lu 0.1529, Penalty 0.0433, loss 0.6965
Epoch 3, Batch 94/631, Grad Norms near zero: 13, Lx 0.5017, Lu 0.1379, Penalty 0.0514, loss 0.6910
Epoch 3, Batch 95/631, Grad Norms near zero: 12, Lx 0.5131, Lu 0.1545, Penalty 0.0450, loss 0.7126
Epoch 3, Batch 96/631, Grad Norms near zero: 12, Lx 0.4831, Lu 0.1263, Penalty 0.0482, loss 0.6576
Epoch 3, Batch 97/631, Grad Norms near zero: 12, Lx 0.4675, Lu 0.1188, Penalty 0.0537, loss 0.6401
Epoch 3, Batch 98/631, Grad Norms near zero: 12, Lx 0.4741, Lu 0.0907, Penalty 0.0454, loss 0.6102
Epoch 3, Batch 99/631, Grad Norms near zero: 13, Lx 0.4911, Lu 0.1654, Penalty 0.0521, loss 0.7086
Epoch 3, Batch 100/631, Grad Norms near zero: 12, Lx 0.5081, Lu 0.1537, Penalty 0.0399, loss 0.7017
Epoch 3, Batch 101/631, Grad Norms near zero: 12, Lx 0.5055, Lu 0.1527, Penalty 0.0362, loss 0.6944
Epoch 3, Batch 102/631, Grad Norms near zero: 12, Lx 0.4827, Lu 0.0824, Penalty 0.0329, loss 0.5980
Epoch 3, Batch 103/631, Grad Norms near zero: 12, Lx 0.5189, Lu 0.1343, Penalty 0.0334, loss 0.6865
Epoch 3, Batch 104/631, Grad Norms near zero: 12, Lx 0.5318, Lu 0.1211, Penalty 0.0262, loss 0.6791
Epoch 3, Batch 105/631, Grad Norms near zero: 12, Lx 0.5300, Lu 0.1477, Penalty 0.0283, loss 0.7059
Epoch 3, Batch 106/631, Grad Norms near zero: 13, Lx 0.5133, Lu 0.0665, Penalty 0.0282, loss 0.6080
Epoch 3, Batch 107/631, Grad Norms near zero: 12, Lx 0.5337, Lu 0.1831, Penalty 0.0295, loss 0.7462
Epoch 3, Batch 108/631, Grad Norms near zero: 13, Lx 0.5156, Lu 0.0887, Penalty 0.0308, loss 0.6352
Epoch 3, Batch 109/631, Grad Norms near zero: 12, Lx 0.4943, Lu 0.0805, Penalty 0.0327, loss 0.6074
Epoch 3, Batch 110/631, Grad Norms near zero: 12, Lx 0.5029, Lu 0.0614, Penalty 0.0334, loss 0.5977
Epoch 3, Batch 111/631, Grad Norms near zero: 12, Lx 0.4895, Lu 0.1078, Penalty 0.0401, loss 0.6375
Epoch 3, Batch 112/631, Grad Norms near zero: 12, Lx 0.4878, Lu 0.0945, Penalty 0.0377, loss 0.6200
Epoch 3, Batch 113/631, Grad Norms near zero: 12, Lx 0.5153, Lu 0.0792, Penalty 0.0356, loss 0.6301
Epoch 3, Batch 114/631, Grad Norms near zero: 12, Lx 0.4875, Lu 0.0877, Penalty 0.0393, loss 0.6145
Epoch 3, Batch 115/631, Grad Norms near zero: 12, Lx 0.4904, Lu 0.0753, Penalty 0.0343, loss 0.6000
Epoch 3, Batch 116/631, Grad Norms near zero: 13, Lx 0.5136, Lu 0.1681, Penalty 0.0365, loss 0.7182
Epoch 3, Batch 117/631, Grad Norms near zero: 12, Lx 0.5116, Lu 0.0860, Penalty 0.0308, loss 0.6284
Epoch 3, Batch 118/631, Grad Norms near zero: 12, Lx 0.5276, Lu 0.1686, Penalty 0.0338, loss 0.7301
Epoch 3, Batch 119/631, Grad Norms near zero: 12, Lx 0.5044, Lu 0.0642, Penalty 0.0321, loss 0.6007
Epoch 3, Batch 120/631, Grad Norms near zero: 12, Lx 0.5214, Lu 0.1505, Penalty 0.0307, loss 0.7025
Epoch 3, Batch 121/631, Grad Norms near zero: 12, Lx 0.5045, Lu 0.0837, Penalty 0.0302, loss 0.6184
Epoch 3, Batch 122/631, Grad Norms near zero: 12, Lx 0.5236, Lu 0.1022, Penalty 0.0312, loss 0.6570
Epoch 3, Batch 123/631, Grad Norms near zero: 12, Lx 0.5242, Lu 0.1752, Penalty 0.0341, loss 0.7335
Epoch 3, Batch 124/631, Grad Norms near zero: 12, Lx 0.5003, Lu 0.0832, Penalty 0.0328, loss 0.6163
Epoch 3, Batch 125/631, Grad Norms near zero: 13, Lx 0.5059, Lu 0.1630, Penalty 0.0419, loss 0.7107
Epoch 3, Batch 126/631, Grad Norms near zero: 12, Lx 0.4915, Lu 0.1055, Penalty 0.0414, loss 0.6383
Epoch 3, Batch 127/631, Grad Norms near zero: 12, Lx 0.4956, Lu 0.1473, Penalty 0.0402, loss 0.6831
Epoch 3, Batch 128/631, Grad Norms near zero: 12, Lx 0.4922, Lu 0.0773, Penalty 0.0370, loss 0.6065
Epoch 3, Batch 129/631, Grad Norms near zero: 12, Lx 0.4942, Lu 0.0736, Penalty 0.0365, loss 0.6044
Epoch 3, Batch 130/631, Grad Norms near zero: 12, Lx 0.4905, Lu 0.0707, Penalty 0.0323, loss 0.5935
Epoch 3, Batch 131/631, Grad Norms near zero: 12, Lx 0.5005, Lu 0.0585, Penalty 0.0273, loss 0.5863
Epoch 3, Batch 132/631, Grad Norms near zero: 12, Lx 0.5331, Lu 0.1003, Penalty 0.0256, loss 0.6590
Epoch 3, Batch 133/631, Grad Norms near zero: 12, Lx 0.5417, Lu 0.1627, Penalty 0.0268, loss 0.7313
Epoch 3, Batch 134/631, Grad Norms near zero: 12, Lx 0.5361, Lu 0.1295, Penalty 0.0266, loss 0.6923
Epoch 3, Batch 135/631, Grad Norms near zero: 12, Lx 0.5278, Lu 0.0798, Penalty 0.0245, loss 0.6322
Epoch 3, Batch 136/631, Grad Norms near zero: 12, Lx 0.5153, Lu 0.0755, Penalty 0.0314, loss 0.6223
Epoch 3, Batch 137/631, Grad Norms near zero: 12, Lx 0.5216, Lu 0.0873, Penalty 0.0311, loss 0.6401
Epoch 3, Batch 138/631, Grad Norms near zero: 12, Lx 0.5052, Lu 0.1298, Penalty 0.0402, loss 0.6753
Epoch 3, Batch 139/631, Grad Norms near zero: 13, Lx 0.5011, Lu 0.1452, Penalty 0.0448, loss 0.6910
Epoch 3, Batch 140/631, Grad Norms near zero: 12, Lx 0.4918, Lu 0.1776, Penalty 0.0484, loss 0.7178
Epoch 3, Batch 141/631, Grad Norms near zero: 12, Lx 0.4719, Lu 0.1212, Penalty 0.0542, loss 0.6473
Epoch 3, Batch 142/631, Grad Norms near zero: 13, Lx 0.4922, Lu 0.1675, Penalty 0.0535, loss 0.7132
Epoch 3, Batch 143/631, Grad Norms near zero: 12, Lx 0.4750, Lu 0.1754, Penalty 0.0525, loss 0.7029
Epoch 3, Batch 144/631, Grad Norms near zero: 12, Lx 0.4763, Lu 0.0989, Penalty 0.0452, loss 0.6204
Epoch 3, Batch 145/631, Grad Norms near zero: 12, Lx 0.5030, Lu 0.1653, Penalty 0.0474, loss 0.7157
Epoch 3, Batch 146/631, Grad Norms near zero: 12, Lx 0.5062, Lu 0.1100, Penalty 0.0395, loss 0.6558
Epoch 3, Batch 147/631, Grad Norms near zero: 12, Lx 0.5051, Lu 0.0646, Penalty 0.0318, loss 0.6015
Epoch 3, Batch 148/631, Grad Norms near zero: 12, Lx 0.5042, Lu 0.0647, Penalty 0.0305, loss 0.5994
Epoch 3, Batch 149/631, Grad Norms near zero: 12, Lx 0.5271, Lu 0.0616, Penalty 0.0261, loss 0.6148
Epoch 3, Batch 150/631, Grad Norms near zero: 12, Lx 0.5265, Lu 0.1127, Penalty 0.0301, loss 0.6692
Epoch 3, Batch 151/631, Grad Norms near zero: 13, Lx 0.5125, Lu 0.0568, Penalty 0.0273, loss 0.5966
Epoch 3, Batch 152/631, Grad Norms near zero: 13, Lx 0.5138, Lu 0.0799, Penalty 0.0284, loss 0.6222
Epoch 3, Batch 153/631, Grad Norms near zero: 12, Lx 0.5275, Lu 0.0885, Penalty 0.0259, loss 0.6419
Epoch 3, Batch 154/631, Grad Norms near zero: 12, Lx 0.5388, Lu 0.1704, Penalty 0.0310, loss 0.7402
Epoch 3, Batch 155/631, Grad Norms near zero: 12, Lx 0.5069, Lu 0.0799, Penalty 0.0336, loss 0.6204
Epoch 3, Batch 156/631, Grad Norms near zero: 12, Lx 0.5183, Lu 0.1147, Penalty 0.0376, loss 0.6707
Epoch 3, Batch 157/631, Grad Norms near zero: 12, Lx 0.5020, Lu 0.1724, Penalty 0.0456, loss 0.7199
Epoch 3, Batch 158/631, Grad Norms near zero: 12, Lx 0.4898, Lu 0.1392, Penalty 0.0486, loss 0.6775
Epoch 3, Batch 159/631, Grad Norms near zero: 12, Lx 0.4641, Lu 0.1228, Penalty 0.0521, loss 0.6390
Epoch 3, Batch 160/631, Grad Norms near zero: 12, Lx 0.4856, Lu 0.1825, Penalty 0.0536, loss 0.7217
Epoch 3, Batch 161/631, Grad Norms near zero: 12, Lx 0.4923, Lu 0.1621, Penalty 0.0501, loss 0.7044
Epoch 3, Batch 162/631, Grad Norms near zero: 12, Lx 0.4873, Lu 0.1334, Penalty 0.0498, loss 0.6705
Epoch 3, Batch 163/631, Grad Norms near zero: 13, Lx 0.5024, Lu 0.1450, Penalty 0.0490, loss 0.6964
Epoch 3, Batch 164/631, Grad Norms near zero: 12, Lx 0.4874, Lu 0.0909, Penalty 0.0417, loss 0.6200
Epoch 3, Batch 165/631, Grad Norms near zero: 13, Lx 0.5060, Lu 0.1313, Penalty 0.0403, loss 0.6776
Epoch 3, Batch 166/631, Grad Norms near zero: 12, Lx 0.4901, Lu 0.0686, Penalty 0.0341, loss 0.5928
Epoch 3, Batch 167/631, Grad Norms near zero: 12, Lx 0.5345, Lu 0.1508, Penalty 0.0314, loss 0.7167
Epoch 3, Batch 168/631, Grad Norms near zero: 12, Lx 0.5262, Lu 0.1189, Penalty 0.0300, loss 0.6751
Epoch 3, Batch 169/631, Grad Norms near zero: 12, Lx 0.5023, Lu 0.0585, Penalty 0.0304, loss 0.5911
Epoch 3, Batch 170/631, Grad Norms near zero: 12, Lx 0.5349, Lu 0.1852, Penalty 0.0330, loss 0.7531
Epoch 3, Batch 171/631, Grad Norms near zero: 12, Lx 0.5168, Lu 0.1059, Penalty 0.0343, loss 0.6570
Epoch 3, Batch 172/631, Grad Norms near zero: 12, Lx 0.4946, Lu 0.0786, Penalty 0.0354, loss 0.6086
Epoch 3, Batch 173/631, Grad Norms near zero: 12, Lx 0.4920, Lu 0.0802, Penalty 0.0346, loss 0.6067
Epoch 3, Batch 174/631, Grad Norms near zero: 12, Lx 0.4903, Lu 0.0670, Penalty 0.0348, loss 0.5921
Epoch 3, Batch 175/631, Grad Norms near zero: 12, Lx 0.4890, Lu 0.0981, Penalty 0.0394, loss 0.6264
Epoch 3, Batch 176/631, Grad Norms near zero: 13, Lx 0.5056, Lu 0.1101, Penalty 0.0358, loss 0.6515
Epoch 3, Batch 177/631, Grad Norms near zero: 12, Lx 0.5135, Lu 0.1077, Penalty 0.0351, loss 0.6563
Epoch 3, Batch 178/631, Grad Norms near zero: 12, Lx 0.5025, Lu 0.0947, Penalty 0.0338, loss 0.6309
Epoch 3, Batch 179/631, Grad Norms near zero: 12, Lx 0.5181, Lu 0.1111, Penalty 0.0372, loss 0.6664
Epoch 3, Batch 180/631, Grad Norms near zero: 12, Lx 0.5351, Lu 0.1702, Penalty 0.0327, loss 0.7380
Epoch 3, Batch 181/631, Grad Norms near zero: 12, Lx 0.4853, Lu 0.1254, Penalty 0.0407, loss 0.6514
Epoch 3, Batch 182/631, Grad Norms near zero: 12, Lx 0.5132, Lu 0.1122, Penalty 0.0377, loss 0.6631
Epoch 3, Batch 183/631, Grad Norms near zero: 12, Lx 0.4699, Lu 0.0985, Penalty 0.0408, loss 0.6092
Epoch 3, Batch 184/631, Grad Norms near zero: 12, Lx 0.4922, Lu 0.1247, Penalty 0.0400, loss 0.6569
Epoch 3, Batch 185/631, Grad Norms near zero: 12, Lx 0.4829, Lu 0.0920, Penalty 0.0327, loss 0.6077
Epoch 3, Batch 186/631, Grad Norms near zero: 12, Lx 0.5157, Lu 0.1395, Penalty 0.0375, loss 0.6928
Epoch 3, Batch 187/631, Grad Norms near zero: 13, Lx 0.5146, Lu 0.0609, Penalty 0.0267, loss 0.6023
Epoch 3, Batch 188/631, Grad Norms near zero: 12, Lx 0.5238, Lu 0.0567, Penalty 0.0243, loss 0.6049
Epoch 3, Batch 189/631, Grad Norms near zero: 12, Lx 0.5285, Lu 0.1673, Penalty 0.0283, loss 0.7241
Epoch 3, Batch 190/631, Grad Norms near zero: 12, Lx 0.5333, Lu 0.1106, Penalty 0.0259, loss 0.6698
Epoch 3, Batch 191/631, Grad Norms near zero: 13, Lx 0.5180, Lu 0.0800, Penalty 0.0289, loss 0.6269
Epoch 3, Batch 192/631, Grad Norms near zero: 12, Lx 0.5203, Lu 0.0979, Penalty 0.0317, loss 0.6500
Epoch 3, Batch 193/631, Grad Norms near zero: 12, Lx 0.5167, Lu 0.1274, Penalty 0.0360, loss 0.6801
Epoch 3, Batch 194/631, Grad Norms near zero: 12, Lx 0.5107, Lu 0.1035, Penalty 0.0334, loss 0.6476
Epoch 3, Batch 195/631, Grad Norms near zero: 13, Lx 0.5030, Lu 0.0803, Penalty 0.0385, loss 0.6218
Epoch 3, Batch 196/631, Grad Norms near zero: 12, Lx 0.4834, Lu 0.1002, Penalty 0.0428, loss 0.6264
Epoch 3, Batch 197/631, Grad Norms near zero: 12, Lx 0.4743, Lu 0.1179, Penalty 0.0507, loss 0.6430
Epoch 3, Batch 198/631, Grad Norms near zero: 12, Lx 0.4678, Lu 0.1135, Penalty 0.0437, loss 0.6250
Epoch 3, Batch 199/631, Grad Norms near zero: 12, Lx 0.4833, Lu 0.1485, Penalty 0.0483, loss 0.6801
Epoch 3, Batch 200/631, Grad Norms near zero: 13, Lx 0.5006, Lu 0.0866, Penalty 0.0369, loss 0.6241
Epoch 3, Batch 201/631, Grad Norms near zero: 12, Lx 0.5304, Lu 0.1169, Penalty 0.0318, loss 0.6790
Epoch 3, Batch 202/631, Grad Norms near zero: 12, Lx 0.5183, Lu 0.1674, Penalty 0.0365, loss 0.7223
Epoch 3, Batch 203/631, Grad Norms near zero: 12, Lx 0.5225, Lu 0.1623, Penalty 0.0325, loss 0.7173
Epoch 3, Batch 204/631, Grad Norms near zero: 12, Lx 0.5110, Lu 0.1154, Penalty 0.0352, loss 0.6616
Epoch 3, Batch 205/631, Grad Norms near zero: 13, Lx 0.4972, Lu 0.0990, Penalty 0.0396, loss 0.6358
Epoch 3, Batch 206/631, Grad Norms near zero: 13, Lx 0.5024, Lu 0.0619, Penalty 0.0347, loss 0.5990
Epoch 3, Batch 207/631, Grad Norms near zero: 13, Lx 0.4938, Lu 0.1791, Penalty 0.0449, loss 0.7178
Epoch 3, Batch 208/631, Grad Norms near zero: 12, Lx 0.4907, Lu 0.1016, Penalty 0.0410, loss 0.6333
Epoch 3, Batch 209/631, Grad Norms near zero: 12, Lx 0.4861, Lu 0.0814, Penalty 0.0398, loss 0.6073
Epoch 3, Batch 210/631, Grad Norms near zero: 12, Lx 0.4963, Lu 0.1233, Penalty 0.0413, loss 0.6608
Epoch 3, Batch 211/631, Grad Norms near zero: 12, Lx 0.5077, Lu 0.1254, Penalty 0.0388, loss 0.6719
Epoch 3, Batch 212/631, Grad Norms near zero: 12, Lx 0.5126, Lu 0.1216, Penalty 0.0365, loss 0.6706
Epoch 3, Batch 213/631, Grad Norms near zero: 13, Lx 0.4994, Lu 0.1042, Penalty 0.0361, loss 0.6397
Epoch 3, Batch 214/631, Grad Norms near zero: 12, Lx 0.5178, Lu 0.1503, Penalty 0.0367, loss 0.7048
Epoch 3, Batch 215/631, Grad Norms near zero: 12, Lx 0.5176, Lu 0.1250, Penalty 0.0370, loss 0.6796
Epoch 3, Batch 216/631, Grad Norms near zero: 12, Lx 0.5133, Lu 0.1474, Penalty 0.0408, loss 0.7015
Epoch 3, Batch 217/631, Grad Norms near zero: 12, Lx 0.4852, Lu 0.0937, Penalty 0.0371, loss 0.6160
Epoch 3, Batch 218/631, Grad Norms near zero: 12, Lx 0.5028, Lu 0.1545, Penalty 0.0467, loss 0.7041
Epoch 3, Batch 219/631, Grad Norms near zero: 12, Lx 0.5082, Lu 0.1555, Penalty 0.0471, loss 0.7107
Epoch 3, Batch 220/631, Grad Norms near zero: 12, Lx 0.4876, Lu 0.1510, Penalty 0.0506, loss 0.6893
Epoch 3, Batch 221/631, Grad Norms near zero: 12, Lx 0.4973, Lu 0.1494, Penalty 0.0444, loss 0.6911
Epoch 3, Batch 222/631, Grad Norms near zero: 12, Lx 0.4780, Lu 0.0728, Penalty 0.0402, loss 0.5910
Epoch 3, Batch 223/631, Grad Norms near zero: 12, Lx 0.4751, Lu 0.1377, Penalty 0.0500, loss 0.6629
Epoch 3, Batch 224/631, Grad Norms near zero: 12, Lx 0.4772, Lu 0.0864, Penalty 0.0399, loss 0.6034
Epoch 3, Batch 225/631, Grad Norms near zero: 12, Lx 0.5172, Lu 0.1043, Penalty 0.0349, loss 0.6564
Epoch 3, Batch 226/631, Grad Norms near zero: 12, Lx 0.5195, Lu 0.1420, Penalty 0.0330, loss 0.6945
Epoch 3, Batch 227/631, Grad Norms near zero: 12, Lx 0.5069, Lu 0.0725, Penalty 0.0282, loss 0.6076
Epoch 3, Batch 228/631, Grad Norms near zero: 13, Lx 0.5117, Lu 0.0919, Penalty 0.0327, loss 0.6364
Epoch 3, Batch 229/631, Grad Norms near zero: 12, Lx 0.5180, Lu 0.0665, Penalty 0.0258, loss 0.6103
Epoch 3, Batch 230/631, Grad Norms near zero: 12, Lx 0.5281, Lu 0.1027, Penalty 0.0284, loss 0.6592
Epoch 3, Batch 231/631, Grad Norms near zero: 12, Lx 0.5205, Lu 0.1527, Penalty 0.0332, loss 0.7064
Epoch 3, Batch 232/631, Grad Norms near zero: 12, Lx 0.5122, Lu 0.1083, Penalty 0.0323, loss 0.6529
Epoch 3, Batch 233/631, Grad Norms near zero: 12, Lx 0.4921, Lu 0.0775, Penalty 0.0328, loss 0.6024
Epoch 3, Batch 234/631, Grad Norms near zero: 12, Lx 0.5121, Lu 0.1685, Penalty 0.0397, loss 0.7203
Epoch 3, Batch 235/631, Grad Norms near zero: 12, Lx 0.4995, Lu 0.1270, Penalty 0.0421, loss 0.6686
Epoch 3, Batch 236/631, Grad Norms near zero: 12, Lx 0.5020, Lu 0.0642, Penalty 0.0312, loss 0.5974
Epoch 3, Batch 237/631, Grad Norms near zero: 12, Lx 0.5053, Lu 0.0748, Penalty 0.0334, loss 0.6134
Epoch 3, Batch 238/631, Grad Norms near zero: 12, Lx 0.4993, Lu 0.1660, Penalty 0.0469, loss 0.7121
Epoch 3, Batch 239/631, Grad Norms near zero: 12, Lx 0.5196, Lu 0.1630, Penalty 0.0449, loss 0.7275
Epoch 3, Batch 240/631, Grad Norms near zero: 12, Lx 0.5066, Lu 0.1575, Penalty 0.0460, loss 0.7101
Epoch 3, Batch 241/631, Grad Norms near zero: 12, Lx 0.5057, Lu 0.1631, Penalty 0.0471, loss 0.7159
Epoch 3, Batch 242/631, Grad Norms near zero: 12, Lx 0.4846, Lu 0.1392, Penalty 0.0524, loss 0.6761
Epoch 3, Batch 243/631, Grad Norms near zero: 12, Lx 0.4835, Lu 0.1063, Penalty 0.0444, loss 0.6342
Epoch 3, Batch 244/631, Grad Norms near zero: 12, Lx 0.4717, Lu 0.0922, Penalty 0.0442, loss 0.6081
Epoch 3, Batch 245/631, Grad Norms near zero: 12, Lx 0.4904, Lu 0.1789, Penalty 0.0514, loss 0.7207
Epoch 3, Batch 246/631, Grad Norms near zero: 12, Lx 0.4779, Lu 0.0889, Penalty 0.0391, loss 0.6060
Epoch 3, Batch 247/631, Grad Norms near zero: 12, Lx 0.5092, Lu 0.1239, Penalty 0.0369, loss 0.6700
Epoch 3, Batch 248/631, Grad Norms near zero: 12, Lx 0.5021, Lu 0.0778, Penalty 0.0327, loss 0.6126
Epoch 3, Batch 249/631, Grad Norms near zero: 12, Lx 0.5280, Lu 0.1223, Penalty 0.0283, loss 0.6787
Epoch 3, Batch 250/631, Grad Norms near zero: 12, Lx 0.5430, Lu 0.0883, Penalty 0.0201, loss 0.6514
Epoch 3, Batch 251/631, Grad Norms near zero: 12, Lx 0.5448, Lu 0.1469, Penalty 0.0245, loss 0.7161
Epoch 3, Batch 252/631, Grad Norms near zero: 12, Lx 0.5363, Lu 0.1153, Penalty 0.0266, loss 0.6782
Epoch 3, Batch 253/631, Grad Norms near zero: 12, Lx 0.5188, Lu 0.1173, Penalty 0.0373, loss 0.6734
Epoch 3, Batch 254/631, Grad Norms near zero: 12, Lx 0.4813, Lu 0.0895, Penalty 0.0393, loss 0.6101
Epoch 3, Batch 255/631, Grad Norms near zero: 12, Lx 0.4859, Lu 0.1574, Penalty 0.0490, loss 0.6923
Epoch 3, Batch 256/631, Grad Norms near zero: 12, Lx 0.4807, Lu 0.0868, Penalty 0.0446, loss 0.6121
Epoch 3, Batch 257/631, Grad Norms near zero: 12, Lx 0.4808, Lu 0.0789, Penalty 0.0409, loss 0.6006
Epoch 3, Batch 258/631, Grad Norms near zero: 12, Lx 0.4770, Lu 0.0799, Penalty 0.0403, loss 0.5972
Epoch 3, Batch 259/631, Grad Norms near zero: 12, Lx 0.4959, Lu 0.1719, Penalty 0.0543, loss 0.7221
Epoch 3, Batch 260/631, Grad Norms near zero: 12, Lx 0.4880, Lu 0.1178, Penalty 0.0449, loss 0.6507
Epoch 3, Batch 261/631, Grad Norms near zero: 12, Lx 0.5191, Lu 0.1361, Penalty 0.0319, loss 0.6871
Epoch 3, Batch 262/631, Grad Norms near zero: 12, Lx 0.5273, Lu 0.0951, Penalty 0.0286, loss 0.6511
Epoch 3, Batch 263/631, Grad Norms near zero: 13, Lx 0.5067, Lu 0.0573, Penalty 0.0299, loss 0.5939
Epoch 3, Batch 264/631, Grad Norms near zero: 12, Lx 0.5132, Lu 0.1445, Penalty 0.0368, loss 0.6945
Epoch 3, Batch 265/631, Grad Norms near zero: 12, Lx 0.5068, Lu 0.0925, Penalty 0.0338, loss 0.6332
Epoch 3, Batch 266/631, Grad Norms near zero: 12, Lx 0.5082, Lu 0.1533, Penalty 0.0397, loss 0.7011
Epoch 3, Batch 267/631, Grad Norms near zero: 12, Lx 0.4975, Lu 0.1074, Penalty 0.0390, loss 0.6439
Epoch 3, Batch 268/631, Grad Norms near zero: 12, Lx 0.4997, Lu 0.1185, Penalty 0.0439, loss 0.6621
Epoch 3, Batch 269/631, Grad Norms near zero: 12, Lx 0.5255, Lu 0.1641, Penalty 0.0322, loss 0.7218
Epoch 3, Batch 270/631, Grad Norms near zero: 12, Lx 0.5044, Lu 0.0939, Penalty 0.0339, loss 0.6323
Epoch 3, Batch 271/631, Grad Norms near zero: 12, Lx 0.5116, Lu 0.1006, Penalty 0.0367, loss 0.6489
Epoch 3, Batch 272/631, Grad Norms near zero: 12, Lx 0.4776, Lu 0.1026, Penalty 0.0418, loss 0.6220
Epoch 3, Batch 273/631, Grad Norms near zero: 12, Lx 0.4751, Lu 0.1024, Penalty 0.0502, loss 0.6277
Epoch 3, Batch 274/631, Grad Norms near zero: 12, Lx 0.4836, Lu 0.0990, Penalty 0.0438, loss 0.6265
Epoch 3, Batch 275/631, Grad Norms near zero: 12, Lx 0.4873, Lu 0.1286, Penalty 0.0505, loss 0.6663
Epoch 3, Batch 276/631, Grad Norms near zero: 12, Lx 0.5033, Lu 0.0912, Penalty 0.0402, loss 0.6346
Epoch 3, Batch 277/631, Grad Norms near zero: 12, Lx 0.5064, Lu 0.1097, Penalty 0.0358, loss 0.6519
Epoch 3, Batch 278/631, Grad Norms near zero: 12, Lx 0.5325, Lu 0.1270, Penalty 0.0286, loss 0.6881
Epoch 3, Batch 279/631, Grad Norms near zero: 12, Lx 0.5255, Lu 0.0570, Penalty 0.0261, loss 0.6086
Epoch 3, Batch 280/631, Grad Norms near zero: 12, Lx 0.5235, Lu 0.0597, Penalty 0.0259, loss 0.6091
Epoch 3, Batch 281/631, Grad Norms near zero: 13, Lx 0.5075, Lu 0.1203, Penalty 0.0374, loss 0.6652
Epoch 3, Batch 282/631, Grad Norms near zero: 12, Lx 0.5132, Lu 0.1230, Penalty 0.0382, loss 0.6744
Epoch 3, Batch 283/631, Grad Norms near zero: 12, Lx 0.4949, Lu 0.1143, Penalty 0.0391, loss 0.6483
Epoch 3, Batch 284/631, Grad Norms near zero: 12, Lx 0.4944, Lu 0.0956, Penalty 0.0405, loss 0.6305
Epoch 3, Batch 285/631, Grad Norms near zero: 12, Lx 0.4930, Lu 0.0738, Penalty 0.0379, loss 0.6047
Epoch 3, Batch 286/631, Grad Norms near zero: 12, Lx 0.4801, Lu 0.1392, Penalty 0.0487, loss 0.6679
Epoch 3, Batch 287/631, Grad Norms near zero: 12, Lx 0.4987, Lu 0.1585, Penalty 0.0485, loss 0.7057
Epoch 3, Batch 288/631, Grad Norms near zero: 12, Lx 0.4944, Lu 0.1434, Penalty 0.0466, loss 0.6844
Epoch 3, Batch 289/631, Grad Norms near zero: 12, Lx 0.5025, Lu 0.1311, Penalty 0.0430, loss 0.6767
Epoch 3, Batch 290/631, Grad Norms near zero: 12, Lx 0.5060, Lu 0.1376, Penalty 0.0418, loss 0.6854
Epoch 3, Batch 291/631, Grad Norms near zero: 12, Lx 0.5086, Lu 0.1697, Penalty 0.0420, loss 0.7203
Epoch 3, Batch 292/631, Grad Norms near zero: 12, Lx 0.4867, Lu 0.0808, Penalty 0.0347, loss 0.6023
Epoch 3, Batch 293/631, Grad Norms near zero: 12, Lx 0.4961, Lu 0.1386, Penalty 0.0408, loss 0.6756
Epoch 3, Batch 294/631, Grad Norms near zero: 12, Lx 0.5061, Lu 0.0764, Penalty 0.0342, loss 0.6167
Epoch 3, Batch 295/631, Grad Norms near zero: 12, Lx 0.4994, Lu 0.0516, Penalty 0.0317, loss 0.5828
Epoch 3, Batch 296/631, Grad Norms near zero: 12, Lx 0.5219, Lu 0.0856, Penalty 0.0287, loss 0.6361
Epoch 3, Batch 297/631, Grad Norms near zero: 12, Lx 0.5164, Lu 0.0985, Penalty 0.0305, loss 0.6454
Epoch 3, Batch 298/631, Grad Norms near zero: 12, Lx 0.5214, Lu 0.1077, Penalty 0.0298, loss 0.6589
Epoch 3, Batch 299/631, Grad Norms near zero: 12, Lx 0.5160, Lu 0.1696, Penalty 0.0361, loss 0.7217
Epoch 3, Batch 300/631, Grad Norms near zero: 12, Lx 0.5084, Lu 0.0803, Penalty 0.0323, loss 0.6210
Epoch 3, Batch 301/631, Grad Norms near zero: 12, Lx 0.4961, Lu 0.1068, Penalty 0.0412, loss 0.6442
Epoch 3, Batch 302/631, Grad Norms near zero: 13, Lx 0.5006, Lu 0.1310, Penalty 0.0434, loss 0.6749
Epoch 3, Batch 303/631, Grad Norms near zero: 12, Lx 0.4832, Lu 0.1032, Penalty 0.0409, loss 0.6274
Epoch 3, Batch 304/631, Grad Norms near zero: 12, Lx 0.4871, Lu 0.1168, Penalty 0.0439, loss 0.6478
Epoch 3, Batch 305/631, Grad Norms near zero: 12, Lx 0.4819, Lu 0.1013, Penalty 0.0438, loss 0.6270
Epoch 3, Batch 306/631, Grad Norms near zero: 12, Lx 0.5068, Lu 0.1616, Penalty 0.0454, loss 0.7138
Epoch 3, Batch 307/631, Grad Norms near zero: 12, Lx 0.5051, Lu 0.1400, Penalty 0.0439, loss 0.6891
Epoch 3, Batch 308/631, Grad Norms near zero: 12, Lx 0.4951, Lu 0.1215, Penalty 0.0417, loss 0.6583
Epoch 3, Batch 309/631, Grad Norms near zero: 12, Lx 0.4947, Lu 0.1226, Penalty 0.0400, loss 0.6573
Epoch 3, Batch 310/631, Grad Norms near zero: 12, Lx 0.5142, Lu 0.1670, Penalty 0.0415, loss 0.7228
Epoch 3, Batch 311/631, Grad Norms near zero: 12, Lx 0.5121, Lu 0.1485, Penalty 0.0417, loss 0.7024
Epoch 3, Batch 312/631, Grad Norms near zero: 12, Lx 0.4975, Lu 0.0764, Penalty 0.0371, loss 0.6109
Epoch 3, Batch 313/631, Grad Norms near zero: 12, Lx 0.5167, Lu 0.1368, Penalty 0.0418, loss 0.6953
Epoch 3, Batch 314/631, Grad Norms near zero: 12, Lx 0.4983, Lu 0.1700, Penalty 0.0425, loss 0.7108
Epoch 3, Batch 315/631, Grad Norms near zero: 12, Lx 0.5033, Lu 0.1505, Penalty 0.0445, loss 0.6982
Epoch 3, Batch 316/631, Grad Norms near zero: 12, Lx 0.5017, Lu 0.1315, Penalty 0.0443, loss 0.6775
Epoch 3, Batch 317/631, Grad Norms near zero: 12, Lx 0.4982, Lu 0.1222, Penalty 0.0460, loss 0.6664
Epoch 3, Batch 318/631, Grad Norms near zero: 12, Lx 0.4915, Lu 0.0950, Penalty 0.0400, loss 0.6265
Epoch 3, Batch 319/631, Grad Norms near zero: 12, Lx 0.4977, Lu 0.1299, Penalty 0.0466, loss 0.6742
Epoch 3, Batch 320/631, Grad Norms near zero: 12, Lx 0.5020, Lu 0.1114, Penalty 0.0435, loss 0.6569
Epoch 3, Batch 321/631, Grad Norms near zero: 12, Lx 0.4937, Lu 0.1223, Penalty 0.0436, loss 0.6595
Epoch 3, Batch 322/631, Grad Norms near zero: 12, Lx 0.4893, Lu 0.1346, Penalty 0.0428, loss 0.6667
Epoch 3, Batch 323/631, Grad Norms near zero: 12, Lx 0.4964, Lu 0.1464, Penalty 0.0408, loss 0.6836
Epoch 3, Batch 324/631, Grad Norms near zero: 12, Lx 0.4986, Lu 0.1210, Penalty 0.0387, loss 0.6583
Epoch 3, Batch 325/631, Grad Norms near zero: 12, Lx 0.5104, Lu 0.1269, Penalty 0.0362, loss 0.6735
Epoch 3, Batch 326/631, Grad Norms near zero: 12, Lx 0.5135, Lu 0.1320, Penalty 0.0356, loss 0.6811
Epoch 3, Batch 327/631, Grad Norms near zero: 12, Lx 0.5179, Lu 0.0818, Penalty 0.0302, loss 0.6300
Epoch 3, Batch 328/631, Grad Norms near zero: 13, Lx 0.5076, Lu 0.0648, Penalty 0.0271, loss 0.5995
Epoch 3, Batch 329/631, Grad Norms near zero: 12, Lx 0.5213, Lu 0.0684, Penalty 0.0297, loss 0.6195
Epoch 3, Batch 330/631, Grad Norms near zero: 12, Lx 0.5187, Lu 0.0898, Penalty 0.0332, loss 0.6417
Epoch 3, Batch 331/631, Grad Norms near zero: 13, Lx 0.5029, Lu 0.1173, Penalty 0.0368, loss 0.6570
Epoch 3, Batch 332/631, Grad Norms near zero: 12, Lx 0.5011, Lu 0.0833, Penalty 0.0367, loss 0.6211
Epoch 3, Batch 333/631, Grad Norms near zero: 12, Lx 0.4905, Lu 0.0783, Penalty 0.0367, loss 0.6055
Epoch 3, Batch 334/631, Grad Norms near zero: 12, Lx 0.4895, Lu 0.1306, Penalty 0.0464, loss 0.6665
Epoch 3, Batch 335/631, Grad Norms near zero: 12, Lx 0.4954, Lu 0.0686, Penalty 0.0368, loss 0.6008
Epoch 3, Batch 336/631, Grad Norms near zero: 12, Lx 0.5088, Lu 0.1712, Penalty 0.0412, loss 0.7212
Epoch 3, Batch 337/631, Grad Norms near zero: 13, Lx 0.4988, Lu 0.1258, Penalty 0.0476, loss 0.6722
Epoch 3, Batch 338/631, Grad Norms near zero: 12, Lx 0.5049, Lu 0.1374, Penalty 0.0476, loss 0.6899
Epoch 3, Batch 339/631, Grad Norms near zero: 12, Lx 0.4890, Lu 0.0756, Penalty 0.0353, loss 0.5999
Epoch 3, Batch 340/631, Grad Norms near zero: 12, Lx 0.4995, Lu 0.1527, Penalty 0.0403, loss 0.6925
Epoch 3, Batch 341/631, Grad Norms near zero: 13, Lx 0.5038, Lu 0.0810, Penalty 0.0355, loss 0.6204
Epoch 3, Batch 342/631, Grad Norms near zero: 12, Lx 0.5052, Lu 0.1025, Penalty 0.0362, loss 0.6439
Epoch 3, Batch 343/631, Grad Norms near zero: 12, Lx 0.5157, Lu 0.1597, Penalty 0.0383, loss 0.7137
Epoch 3, Batch 344/631, Grad Norms near zero: 13, Lx 0.5010, Lu 0.1236, Penalty 0.0401, loss 0.6647
Epoch 3, Batch 345/631, Grad Norms near zero: 12, Lx 0.5187, Lu 0.1729, Penalty 0.0395, loss 0.7312
Epoch 3, Batch 346/631, Grad Norms near zero: 12, Lx 0.5126, Lu 0.1348, Penalty 0.0379, loss 0.6853
Epoch 3, Batch 347/631, Grad Norms near zero: 12, Lx 0.4886, Lu 0.0687, Penalty 0.0368, loss 0.5941
Epoch 3, Batch 348/631, Grad Norms near zero: 12, Lx 0.4981, Lu 0.1404, Penalty 0.0477, loss 0.6862
Epoch 3, Batch 349/631, Grad Norms near zero: 13, Lx 0.5053, Lu 0.1758, Penalty 0.0474, loss 0.7284
Epoch 3, Batch 350/631, Grad Norms near zero: 12, Lx 0.4867, Lu 0.0957, Penalty 0.0410, loss 0.6233
Epoch 3, Batch 351/631, Grad Norms near zero: 12, Lx 0.4883, Lu 0.0867, Penalty 0.0404, loss 0.6155
Epoch 3, Batch 352/631, Grad Norms near zero: 12, Lx 0.4824, Lu 0.0845, Penalty 0.0322, loss 0.5992
Epoch 3, Batch 353/631, Grad Norms near zero: 12, Lx 0.5119, Lu 0.1353, Penalty 0.0452, loss 0.6924
Epoch 3, Batch 354/631, Grad Norms near zero: 13, Lx 0.5152, Lu 0.1593, Penalty 0.0420, loss 0.7165
Epoch 3, Batch 355/631, Grad Norms near zero: 12, Lx 0.5113, Lu 0.1034, Penalty 0.0368, loss 0.6515
Epoch 3, Batch 356/631, Grad Norms near zero: 12, Lx 0.5095, Lu 0.0944, Penalty 0.0361, loss 0.6401
Epoch 3, Batch 357/631, Grad Norms near zero: 13, Lx 0.4973, Lu 0.1491, Penalty 0.0457, loss 0.6920
Epoch 3, Batch 358/631, Grad Norms near zero: 12, Lx 0.5173, Lu 0.1687, Penalty 0.0361, loss 0.7221
Epoch 3, Batch 359/631, Grad Norms near zero: 12, Lx 0.4858, Lu 0.1796, Penalty 0.0533, loss 0.7187
Epoch 3, Batch 360/631, Grad Norms near zero: 12, Lx 0.4940, Lu 0.0687, Penalty 0.0313, loss 0.5941
Epoch 3, Batch 361/631, Grad Norms near zero: 13, Lx 0.4986, Lu 0.1033, Penalty 0.0463, loss 0.6483
Epoch 3, Batch 362/631, Grad Norms near zero: 12, Lx 0.5192, Lu 0.1613, Penalty 0.0363, loss 0.7168
Epoch 3, Batch 363/631, Grad Norms near zero: 12, Lx 0.4969, Lu 0.1396, Penalty 0.0495, loss 0.6859
Epoch 3, Batch 364/631, Grad Norms near zero: 12, Lx 0.4925, Lu 0.1025, Penalty 0.0407, loss 0.6357
Epoch 3, Batch 365/631, Grad Norms near zero: 12, Lx 0.4907, Lu 0.1609, Penalty 0.0508, loss 0.7024
Epoch 3, Batch 366/631, Grad Norms near zero: 12, Lx 0.5036, Lu 0.1241, Penalty 0.0367, loss 0.6643
Epoch 3, Batch 367/631, Grad Norms near zero: 12, Lx 0.5045, Lu 0.1086, Penalty 0.0351, loss 0.6482
Epoch 3, Batch 368/631, Grad Norms near zero: 12, Lx 0.4975, Lu 0.0577, Penalty 0.0320, loss 0.5871
Epoch 3, Batch 369/631, Grad Norms near zero: 12, Lx 0.5011, Lu 0.0614, Penalty 0.0305, loss 0.5930
Epoch 3, Batch 370/631, Grad Norms near zero: 12, Lx 0.5265, Lu 0.1420, Penalty 0.0392, loss 0.7077
Epoch 3, Batch 371/631, Grad Norms near zero: 12, Lx 0.5040, Lu 0.0731, Penalty 0.0304, loss 0.6074
Epoch 3, Batch 372/631, Grad Norms near zero: 12, Lx 0.5098, Lu 0.1487, Penalty 0.0412, loss 0.6997
Epoch 3, Batch 373/631, Grad Norms near zero: 12, Lx 0.4975, Lu 0.0616, Penalty 0.0328, loss 0.5919
Epoch 3, Batch 374/631, Grad Norms near zero: 12, Lx 0.5072, Lu 0.0505, Penalty 0.0258, loss 0.5835
Epoch 3, Batch 375/631, Grad Norms near zero: 12, Lx 0.5010, Lu 0.0578, Penalty 0.0305, loss 0.5893
Epoch 3, Batch 376/631, Grad Norms near zero: 12, Lx 0.5156, Lu 0.0404, Penalty 0.0265, loss 0.5825
Epoch 3, Batch 377/631, Grad Norms near zero: 12, Lx 0.5194, Lu 0.1748, Penalty 0.0352, loss 0.7294
Epoch 3, Batch 378/631, Grad Norms near zero: 12, Lx 0.5054, Lu 0.1177, Penalty 0.0399, loss 0.6630
Epoch 3, Batch 379/631, Grad Norms near zero: 12, Lx 0.4950, Lu 0.1389, Penalty 0.0437, loss 0.6776
Epoch 3, Batch 380/631, Grad Norms near zero: 12, Lx 0.4911, Lu 0.1524, Penalty 0.0474, loss 0.6909
Epoch 3, Batch 381/631, Grad Norms near zero: 12, Lx 0.4995, Lu 0.0526, Penalty 0.0292, loss 0.5813
Epoch 3, Batch 382/631, Grad Norms near zero: 12, Lx 0.4968, Lu 0.1612, Penalty 0.0477, loss 0.7057
Epoch 3, Batch 383/631, Grad Norms near zero: 12, Lx 0.5123, Lu 0.0865, Penalty 0.0364, loss 0.6352
Epoch 3, Batch 384/631, Grad Norms near zero: 12, Lx 0.5135, Lu 0.1664, Penalty 0.0475, loss 0.7274
Epoch 3, Batch 385/631, Grad Norms near zero: 12, Lx 0.4928, Lu 0.0665, Penalty 0.0368, loss 0.5961
Epoch 3, Batch 386/631, Grad Norms near zero: 12, Lx 0.4931, Lu 0.0694, Penalty 0.0315, loss 0.5939
Epoch 3, Batch 387/631, Grad Norms near zero: 12, Lx 0.5037, Lu 0.1101, Penalty 0.0418, loss 0.6556
Epoch 3, Batch 388/631, Grad Norms near zero: 12, Lx 0.5038, Lu 0.0929, Penalty 0.0378, loss 0.6346
Epoch 3, Batch 389/631, Grad Norms near zero: 12, Lx 0.4914, Lu 0.0845, Penalty 0.0371, loss 0.6131
Epoch 3, Batch 390/631, Grad Norms near zero: 12, Lx 0.4973, Lu 0.0732, Penalty 0.0346, loss 0.6051
Epoch 3, Batch 391/631, Grad Norms near zero: 12, Lx 0.4990, Lu 0.1524, Penalty 0.0516, loss 0.7029
Epoch 3, Batch 392/631, Grad Norms near zero: 12, Lx 0.5037, Lu 0.0741, Penalty 0.0309, loss 0.6088
Epoch 3, Batch 393/631, Grad Norms near zero: 12, Lx 0.5214, Lu 0.0350, Penalty 0.0214, loss 0.5778
Epoch 3, Batch 394/631, Grad Norms near zero: 12, Lx 0.5299, Lu 0.1551, Penalty 0.0303, loss 0.7152
Epoch 3, Batch 395/631, Grad Norms near zero: 12, Lx 0.5132, Lu 0.1118, Penalty 0.0353, loss 0.6602
Epoch 3, Batch 396/631, Grad Norms near zero: 13, Lx 0.5050, Lu 0.1715, Penalty 0.0482, loss 0.7248
Epoch 3, Batch 397/631, Grad Norms near zero: 12, Lx 0.5197, Lu 0.1721, Penalty 0.0373, loss 0.7292
Epoch 3, Batch 398/631, Grad Norms near zero: 12, Lx 0.4900, Lu 0.1486, Penalty 0.0508, loss 0.6894
Epoch 3, Batch 399/631, Grad Norms near zero: 12, Lx 0.5019, Lu 0.0776, Penalty 0.0370, loss 0.6165
Epoch 3, Batch 400/631, Grad Norms near zero: 12, Lx 0.4871, Lu 0.1664, Penalty 0.0588, loss 0.7124
Epoch 3, Batch 401/631, Grad Norms near zero: 12, Lx 0.4846, Lu 0.1881, Penalty 0.0591, loss 0.7318
Epoch 3, Batch 402/631, Grad Norms near zero: 12, Lx 0.4800, Lu 0.1309, Penalty 0.0504, loss 0.6613
Epoch 3, Batch 403/631, Grad Norms near zero: 12, Lx 0.4850, Lu 0.1585, Penalty 0.0562, loss 0.6998
Epoch 3, Batch 404/631, Grad Norms near zero: 12, Lx 0.4917, Lu 0.0654, Penalty 0.0365, loss 0.5936
Epoch 3, Batch 405/631, Grad Norms near zero: 12, Lx 0.5039, Lu 0.0958, Penalty 0.0372, loss 0.6369
Epoch 3, Batch 406/631, Grad Norms near zero: 12, Lx 0.5169, Lu 0.1024, Penalty 0.0344, loss 0.6537
Epoch 3, Batch 407/631, Grad Norms near zero: 12, Lx 0.5118, Lu 0.1396, Penalty 0.0353, loss 0.6868
Epoch 3, Batch 408/631, Grad Norms near zero: 12, Lx 0.5223, Lu 0.1502, Penalty 0.0354, loss 0.7078
Epoch 3, Batch 409/631, Grad Norms near zero: 12, Lx 0.5252, Lu 0.0797, Penalty 0.0260, loss 0.6308
Epoch 3, Batch 410/631, Grad Norms near zero: 12, Lx 0.5118, Lu 0.0403, Penalty 0.0249, loss 0.5770
Epoch 3, Batch 411/631, Grad Norms near zero: 12, Lx 0.5063, Lu 0.0522, Penalty 0.0274, loss 0.5859
Epoch 3, Batch 412/631, Grad Norms near zero: 12, Lx 0.4894, Lu 0.1154, Penalty 0.0487, loss 0.6535
Epoch 3, Batch 413/631, Grad Norms near zero: 12, Lx 0.4942, Lu 0.0693, Penalty 0.0365, loss 0.5999
Epoch 3, Batch 414/631, Grad Norms near zero: 12, Lx 0.5163, Lu 0.1289, Penalty 0.0387, loss 0.6838
Epoch 3, Batch 415/631, Grad Norms near zero: 12, Lx 0.4733, Lu 0.1114, Penalty 0.0501, loss 0.6349
Epoch 3, Batch 416/631, Grad Norms near zero: 12, Lx 0.4705, Lu 0.0943, Penalty 0.0395, loss 0.6043
Epoch 3, Batch 417/631, Grad Norms near zero: 12, Lx 0.5013, Lu 0.0835, Penalty 0.0346, loss 0.6194
Epoch 3, Batch 418/631, Grad Norms near zero: 12, Lx 0.5245, Lu 0.1626, Penalty 0.0315, loss 0.7186
Epoch 3, Batch 419/631, Grad Norms near zero: 12, Lx 0.5212, Lu 0.0872, Penalty 0.0311, loss 0.6394
Epoch 3, Batch 420/631, Grad Norms near zero: 12, Lx 0.5309, Lu 0.1689, Penalty 0.0335, loss 0.7333
Epoch 3, Batch 421/631, Grad Norms near zero: 12, Lx 0.5134, Lu 0.0679, Penalty 0.0285, loss 0.6098
Epoch 3, Batch 422/631, Grad Norms near zero: 12, Lx 0.5101, Lu 0.1088, Penalty 0.0350, loss 0.6539
Epoch 3, Batch 423/631, Grad Norms near zero: 12, Lx 0.5137, Lu 0.1750, Penalty 0.0443, loss 0.7329
Epoch 3, Batch 424/631, Grad Norms near zero: 12, Lx 0.4754, Lu 0.1068, Penalty 0.0477, loss 0.6299
Epoch 3, Batch 425/631, Grad Norms near zero: 12, Lx 0.4713, Lu 0.1224, Penalty 0.0566, loss 0.6504
Epoch 3, Batch 426/631, Grad Norms near zero: 12, Lx 0.4831, Lu 0.1115, Penalty 0.0480, loss 0.6426
Epoch 3, Batch 427/631, Grad Norms near zero: 12, Lx 0.4724, Lu 0.1224, Penalty 0.0526, loss 0.6474
Epoch 3, Batch 428/631, Grad Norms near zero: 12, Lx 0.4846, Lu 0.1176, Penalty 0.0486, loss 0.6508
Epoch 3, Batch 429/631, Grad Norms near zero: 12, Lx 0.4908, Lu 0.0893, Penalty 0.0351, loss 0.6153
Epoch 3, Batch 430/631, Grad Norms near zero: 12, Lx 0.5058, Lu 0.0571, Penalty 0.0306, loss 0.5935
Epoch 3, Batch 431/631, Grad Norms near zero: 12, Lx 0.5268, Lu 0.1647, Penalty 0.0311, loss 0.7226
Epoch 3, Batch 432/631, Grad Norms near zero: 12, Lx 0.5263, Lu 0.0453, Penalty 0.0245, loss 0.5962
Epoch 3, Batch 433/631, Grad Norms near zero: 12, Lx 0.5263, Lu 0.0633, Penalty 0.0245, loss 0.6141
Epoch 3, Batch 434/631, Grad Norms near zero: 12, Lx 0.5177, Lu 0.1521, Penalty 0.0342, loss 0.7040
Epoch 3, Batch 435/631, Grad Norms near zero: 12, Lx 0.5044, Lu 0.0567, Penalty 0.0277, loss 0.5888
Epoch 3, Batch 436/631, Grad Norms near zero: 12, Lx 0.5078, Lu 0.0803, Penalty 0.0354, loss 0.6235
Epoch 3, Batch 437/631, Grad Norms near zero: 12, Lx 0.5189, Lu 0.1357, Penalty 0.0362, loss 0.6907
Epoch 3, Batch 438/631, Grad Norms near zero: 12, Lx 0.4992, Lu 0.1095, Penalty 0.0416, loss 0.6503
Epoch 3, Batch 439/631, Grad Norms near zero: 12, Lx 0.4823, Lu 0.0734, Penalty 0.0369, loss 0.5927
Epoch 3, Batch 440/631, Grad Norms near zero: 12, Lx 0.4863, Lu 0.1022, Penalty 0.0441, loss 0.6326
Epoch 3, Batch 441/631, Grad Norms near zero: 12, Lx 0.4801, Lu 0.1226, Penalty 0.0471, loss 0.6498
Epoch 3, Batch 442/631, Grad Norms near zero: 12, Lx 0.4830, Lu 0.1594, Penalty 0.0534, loss 0.6958
Epoch 3, Batch 443/631, Grad Norms near zero: 12, Lx 0.4928, Lu 0.0724, Penalty 0.0367, loss 0.6018
Epoch 3, Batch 444/631, Grad Norms near zero: 12, Lx 0.5005, Lu 0.1687, Penalty 0.0461, loss 0.7154
Epoch 3, Batch 445/631, Grad Norms near zero: 12, Lx 0.5338, Lu 0.1573, Penalty 0.0330, loss 0.7240
Epoch 3, Batch 446/631, Grad Norms near zero: 13, Lx 0.5005, Lu 0.0771, Penalty 0.0354, loss 0.6129
Epoch 3, Batch 447/631, Grad Norms near zero: 12, Lx 0.5229, Lu 0.1719, Penalty 0.0367, loss 0.7315
Epoch 3, Batch 448/631, Grad Norms near zero: 12, Lx 0.5000, Lu 0.1483, Penalty 0.0442, loss 0.6924
Epoch 3, Batch 449/631, Grad Norms near zero: 12, Lx 0.4967, Lu 0.1438, Penalty 0.0458, loss 0.6862
Epoch 3, Batch 450/631, Grad Norms near zero: 12, Lx 0.4942, Lu 0.0848, Penalty 0.0373, loss 0.6164
Epoch 3, Batch 451/631, Grad Norms near zero: 12, Lx 0.4946, Lu 0.1200, Penalty 0.0421, loss 0.6567
Epoch 3, Batch 452/631, Grad Norms near zero: 12, Lx 0.4821, Lu 0.0984, Penalty 0.0471, loss 0.6275
Epoch 3, Batch 453/631, Grad Norms near zero: 12, Lx 0.4846, Lu 0.0706, Penalty 0.0346, loss 0.5897
Epoch 3, Batch 454/631, Grad Norms near zero: 12, Lx 0.4998, Lu 0.0928, Penalty 0.0366, loss 0.6292
Epoch 3, Batch 455/631, Grad Norms near zero: 12, Lx 0.5030, Lu 0.0638, Penalty 0.0308, loss 0.5976
Epoch 3, Batch 456/631, Grad Norms near zero: 12, Lx 0.5059, Lu 0.0620, Penalty 0.0297, loss 0.5976
Epoch 3, Batch 457/631, Grad Norms near zero: 12, Lx 0.5119, Lu 0.0549, Penalty 0.0310, loss 0.5978
Epoch 3, Batch 458/631, Grad Norms near zero: 12, Lx 0.5131, Lu 0.0476, Penalty 0.0253, loss 0.5860
Epoch 3, Batch 459/631, Grad Norms near zero: 12, Lx 0.5366, Lu 0.0864, Penalty 0.0236, loss 0.6466
Epoch 3, Batch 460/631, Grad Norms near zero: 12, Lx 0.5205, Lu 0.0595, Penalty 0.0269, loss 0.6069
Epoch 3, Batch 461/631, Grad Norms near zero: 12, Lx 0.5081, Lu 0.1125, Penalty 0.0384, loss 0.6589
Epoch 3, Batch 462/631, Grad Norms near zero: 12, Lx 0.5283, Lu 0.1573, Penalty 0.0304, loss 0.7159
Epoch 3, Batch 463/631, Grad Norms near zero: 12, Lx 0.4946, Lu 0.0813, Penalty 0.0369, loss 0.6128
Epoch 3, Batch 464/631, Grad Norms near zero: 12, Lx 0.4907, Lu 0.1586, Penalty 0.0523, loss 0.7016
Epoch 3, Batch 465/631, Grad Norms near zero: 12, Lx 0.4845, Lu 0.0821, Penalty 0.0415, loss 0.6080
Epoch 3, Batch 466/631, Grad Norms near zero: 12, Lx 0.4864, Lu 0.1587, Penalty 0.0548, loss 0.6999
Epoch 3, Batch 467/631, Grad Norms near zero: 12, Lx 0.4806, Lu 0.1484, Penalty 0.0531, loss 0.6822
Epoch 3, Batch 468/631, Grad Norms near zero: 12, Lx 0.4985, Lu 0.0994, Penalty 0.0407, loss 0.6387
Epoch 3, Batch 469/631, Grad Norms near zero: 12, Lx 0.4926, Lu 0.1133, Penalty 0.0432, loss 0.6491
Epoch 3, Batch 470/631, Grad Norms near zero: 12, Lx 0.5152, Lu 0.1666, Penalty 0.0358, loss 0.7177
Epoch 3, Batch 471/631, Grad Norms near zero: 12, Lx 0.4901, Lu 0.0743, Penalty 0.0362, loss 0.6006
Epoch 3, Batch 472/631, Grad Norms near zero: 12, Lx 0.5129, Lu 0.1348, Penalty 0.0360, loss 0.6838
Epoch 3, Batch 473/631, Grad Norms near zero: 12, Lx 0.4920, Lu 0.0609, Penalty 0.0335, loss 0.5865
Epoch 3, Batch 474/631, Grad Norms near zero: 12, Lx 0.5098, Lu 0.1099, Penalty 0.0370, loss 0.6566
Epoch 3, Batch 475/631, Grad Norms near zero: 12, Lx 0.5127, Lu 0.1353, Penalty 0.0361, loss 0.6840
Epoch 3, Batch 476/631, Grad Norms near zero: 12, Lx 0.5169, Lu 0.1481, Penalty 0.0380, loss 0.7030
Epoch 3, Batch 477/631, Grad Norms near zero: 12, Lx 0.5140, Lu 0.1267, Penalty 0.0401, loss 0.6807
Epoch 3, Batch 478/631, Grad Norms near zero: 12, Lx 0.4796, Lu 0.0826, Penalty 0.0438, loss 0.6061
Epoch 3, Batch 479/631, Grad Norms near zero: 12, Lx 0.5032, Lu 0.1411, Penalty 0.0458, loss 0.6901
Epoch 3, Batch 480/631, Grad Norms near zero: 12, Lx 0.4802, Lu 0.1034, Penalty 0.0433, loss 0.6270
Epoch 3, Batch 481/631, Grad Norms near zero: 12, Lx 0.4906, Lu 0.1737, Penalty 0.0476, loss 0.7119
Epoch 3, Batch 482/631, Grad Norms near zero: 12, Lx 0.5021, Lu 0.1567, Penalty 0.0439, loss 0.7028
Epoch 3, Batch 483/631, Grad Norms near zero: 12, Lx 0.4812, Lu 0.0707, Penalty 0.0373, loss 0.5891
Epoch 3, Batch 484/631, Grad Norms near zero: 12, Lx 0.5003, Lu 0.0711, Penalty 0.0355, loss 0.6069
Epoch 3, Batch 485/631, Grad Norms near zero: 12, Lx 0.4928, Lu 0.0884, Penalty 0.0378, loss 0.6190
Epoch 3, Batch 486/631, Grad Norms near zero: 12, Lx 0.5171, Lu 0.1395, Penalty 0.0327, loss 0.6893
Epoch 3, Batch 487/631, Grad Norms near zero: 12, Lx 0.5306, Lu 0.1451, Penalty 0.0321, loss 0.7078
Epoch 3, Batch 488/631, Grad Norms near zero: 12, Lx 0.5290, Lu 0.1688, Penalty 0.0328, loss 0.7307
Epoch 3, Batch 489/631, Grad Norms near zero: 12, Lx 0.4909, Lu 0.0712, Penalty 0.0360, loss 0.5981
Epoch 3, Batch 490/631, Grad Norms near zero: 12, Lx 0.5076, Lu 0.1485, Penalty 0.0395, loss 0.6956
Epoch 3, Batch 491/631, Grad Norms near zero: 12, Lx 0.5026, Lu 0.1656, Penalty 0.0423, loss 0.7105
Epoch 3, Batch 492/631, Grad Norms near zero: 12, Lx 0.4842, Lu 0.0847, Penalty 0.0373, loss 0.6062
Epoch 3, Batch 493/631, Grad Norms near zero: 12, Lx 0.4897, Lu 0.1613, Penalty 0.0445, loss 0.6956
Epoch 3, Batch 494/631, Grad Norms near zero: 12, Lx 0.4845, Lu 0.0673, Penalty 0.0398, loss 0.5916
Epoch 3, Batch 495/631, Grad Norms near zero: 12, Lx 0.4970, Lu 0.0744, Penalty 0.0390, loss 0.6104
Epoch 3, Batch 496/631, Grad Norms near zero: 12, Lx 0.4967, Lu 0.0742, Penalty 0.0335, loss 0.6044
Epoch 3, Batch 497/631, Grad Norms near zero: 12, Lx 0.5169, Lu 0.1074, Penalty 0.0333, loss 0.6577
Epoch 3, Batch 498/631, Grad Norms near zero: 12, Lx 0.5192, Lu 0.0969, Penalty 0.0318, loss 0.6479
Epoch 3, Batch 499/631, Grad Norms near zero: 12, Lx 0.5147, Lu 0.1531, Penalty 0.0358, loss 0.7036
Epoch 3, Batch 500/631, Grad Norms near zero: 12, Lx 0.5212, Lu 0.1388, Penalty 0.0365, loss 0.6965
Epoch 3, Batch 501/631, Grad Norms near zero: 12, Lx 0.5158, Lu 0.1689, Penalty 0.0370, loss 0.7217
Epoch 3, Batch 502/631, Grad Norms near zero: 12, Lx 0.4902, Lu 0.0800, Penalty 0.0375, loss 0.6076
Epoch 3, Batch 503/631, Grad Norms near zero: 12, Lx 0.4848, Lu 0.1701, Penalty 0.0506, loss 0.7056
Epoch 3, Batch 504/631, Grad Norms near zero: 12, Lx 0.4774, Lu 0.1545, Penalty 0.0512, loss 0.6831
Epoch 3, Batch 505/631, Grad Norms near zero: 12, Lx 0.4882, Lu 0.1356, Penalty 0.0463, loss 0.6701
Epoch 3, Batch 506/631, Grad Norms near zero: 12, Lx 0.5003, Lu 0.1540, Penalty 0.0504, loss 0.7047
Epoch 3, Batch 507/631, Grad Norms near zero: 12, Lx 0.4822, Lu 0.0764, Penalty 0.0416, loss 0.6002
Epoch 3, Batch 508/631, Grad Norms near zero: 12, Lx 0.5056, Lu 0.1636, Penalty 0.0462, loss 0.7154
Epoch 3, Batch 509/631, Grad Norms near zero: 12, Lx 0.4841, Lu 0.1024, Penalty 0.0410, loss 0.6276
Epoch 3, Batch 510/631, Grad Norms near zero: 12, Lx 0.5016, Lu 0.0650, Penalty 0.0301, loss 0.5966
Epoch 3, Batch 511/631, Grad Norms near zero: 12, Lx 0.5048, Lu 0.1405, Penalty 0.0404, loss 0.6857
Epoch 3, Batch 512/631, Grad Norms near zero: 12, Lx 0.5133, Lu 0.0521, Penalty 0.0281, loss 0.5935
Epoch 3, Batch 513/631, Grad Norms near zero: 12, Lx 0.5252, Lu 0.1277, Penalty 0.0296, loss 0.6825
Epoch 3, Batch 514/631, Grad Norms near zero: 12, Lx 0.5195, Lu 0.0852, Penalty 0.0294, loss 0.6341
Epoch 3, Batch 515/631, Grad Norms near zero: 12, Lx 0.5057, Lu 0.0821, Penalty 0.0344, loss 0.6223
Epoch 3, Batch 516/631, Grad Norms near zero: 12, Lx 0.5044, Lu 0.1164, Penalty 0.0351, loss 0.6559
Epoch 3, Batch 517/631, Grad Norms near zero: 12, Lx 0.5080, Lu 0.0705, Penalty 0.0328, loss 0.6114
Epoch 3, Batch 518/631, Grad Norms near zero: 12, Lx 0.4957, Lu 0.1597, Penalty 0.0416, loss 0.6971
Epoch 3, Batch 519/631, Grad Norms near zero: 12, Lx 0.4956, Lu 0.1119, Penalty 0.0435, loss 0.6509
Epoch 3, Batch 520/631, Grad Norms near zero: 12, Lx 0.5042, Lu 0.1566, Penalty 0.0461, loss 0.7068
Epoch 3, Batch 521/631, Grad Norms near zero: 12, Lx 0.4759, Lu 0.1492, Penalty 0.0564, loss 0.6814
Epoch 3, Batch 522/631, Grad Norms near zero: 12, Lx 0.4740, Lu 0.1140, Penalty 0.0468, loss 0.6348
Epoch 3, Batch 523/631, Grad Norms near zero: 12, Lx 0.4998, Lu 0.1661, Penalty 0.0501, loss 0.7160
Epoch 3, Batch 524/631, Grad Norms near zero: 12, Lx 0.4955, Lu 0.1545, Penalty 0.0515, loss 0.7015
Epoch 3, Batch 525/631, Grad Norms near zero: 12, Lx 0.5128, Lu 0.1742, Penalty 0.0433, loss 0.7303
Epoch 3, Batch 526/631, Grad Norms near zero: 12, Lx 0.4959, Lu 0.1113, Penalty 0.0427, loss 0.6499
Epoch 3, Batch 527/631, Grad Norms near zero: 12, Lx 0.4919, Lu 0.1361, Penalty 0.0432, loss 0.6712
Epoch 3, Batch 528/631, Grad Norms near zero: 12, Lx 0.5040, Lu 0.1064, Penalty 0.0428, loss 0.6532
Epoch 3, Batch 529/631, Grad Norms near zero: 12, Lx 0.4924, Lu 0.0871, Penalty 0.0440, loss 0.6235
Epoch 3, Batch 530/631, Grad Norms near zero: 12, Lx 0.4926, Lu 0.1462, Penalty 0.0476, loss 0.6864
Epoch 3, Batch 531/631, Grad Norms near zero: 12, Lx 0.4979, Lu 0.1398, Penalty 0.0484, loss 0.6861
Epoch 3, Batch 532/631, Grad Norms near zero: 12, Lx 0.4868, Lu 0.1230, Penalty 0.0470, loss 0.6568
Epoch 3, Batch 533/631, Grad Norms near zero: 12, Lx 0.5053, Lu 0.1281, Penalty 0.0434, loss 0.6769
Epoch 3, Batch 534/631, Grad Norms near zero: 12, Lx 0.5083, Lu 0.1716, Penalty 0.0440, loss 0.7240
Epoch 3, Batch 535/631, Grad Norms near zero: 12, Lx 0.5051, Lu 0.1019, Penalty 0.0401, loss 0.6472
Epoch 3, Batch 536/631, Grad Norms near zero: 12, Lx 0.4956, Lu 0.1513, Penalty 0.0469, loss 0.6938
Epoch 3, Batch 537/631, Grad Norms near zero: 12, Lx 0.4853, Lu 0.0675, Penalty 0.0374, loss 0.5902
Epoch 3, Batch 538/631, Grad Norms near zero: 12, Lx 0.4891, Lu 0.1250, Penalty 0.0460, loss 0.6601
Epoch 3, Batch 539/631, Grad Norms near zero: 12, Lx 0.4970, Lu 0.1335, Penalty 0.0441, loss 0.6746
Epoch 3, Batch 540/631, Grad Norms near zero: 12, Lx 0.5020, Lu 0.0791, Penalty 0.0391, loss 0.6202
Epoch 3, Batch 541/631, Grad Norms near zero: 12, Lx 0.5094, Lu 0.1705, Penalty 0.0418, loss 0.7217
Epoch 3, Batch 542/631, Grad Norms near zero: 12, Lx 0.5059, Lu 0.0835, Penalty 0.0366, loss 0.6260
Epoch 3, Batch 543/631, Grad Norms near zero: 12, Lx 0.5054, Lu 0.1034, Penalty 0.0401, loss 0.6490
Epoch 3, Batch 544/631, Grad Norms near zero: 12, Lx 0.5010, Lu 0.1314, Penalty 0.0441, loss 0.6765
Epoch 3, Batch 545/631, Grad Norms near zero: 12, Lx 0.5133, Lu 0.1461, Penalty 0.0482, loss 0.7076
Epoch 3, Batch 546/631, Grad Norms near zero: 12, Lx 0.4983, Lu 0.1702, Penalty 0.0505, loss 0.7190
Epoch 3, Batch 547/631, Grad Norms near zero: 12, Lx 0.4903, Lu 0.1220, Penalty 0.0540, loss 0.6663
Epoch 3, Batch 548/631, Grad Norms near zero: 12, Lx 0.4798, Lu 0.1708, Penalty 0.0599, loss 0.7105
Epoch 3, Batch 549/631, Grad Norms near zero: 12, Lx 0.4775, Lu 0.1581, Penalty 0.0562, loss 0.6918
Epoch 3, Batch 550/631, Grad Norms near zero: 12, Lx 0.4480, Lu 0.1239, Penalty 0.0459, loss 0.6178
Epoch 3, Batch 551/631, Grad Norms near zero: 12, Lx 0.4860, Lu 0.0936, Penalty 0.0428, loss 0.6224
Epoch 3, Batch 552/631, Grad Norms near zero: 12, Lx 0.5186, Lu 0.1358, Penalty 0.0393, loss 0.6938
Epoch 3, Batch 553/631, Grad Norms near zero: 12, Lx 0.4969, Lu 0.0560, Penalty 0.0300, loss 0.5828
Epoch 3, Batch 554/631, Grad Norms near zero: 12, Lx 0.5229, Lu 0.1014, Penalty 0.0313, loss 0.6556
Epoch 3, Batch 555/631, Grad Norms near zero: 12, Lx 0.5363, Lu 0.0772, Penalty 0.0237, loss 0.6372
Epoch 3, Batch 556/631, Grad Norms near zero: 12, Lx 0.5153, Lu 0.0876, Penalty 0.0288, loss 0.6317
Epoch 3, Batch 557/631, Grad Norms near zero: 12, Lx 0.5264, Lu 0.0573, Penalty 0.0248, loss 0.6086
Epoch 3, Batch 558/631, Grad Norms near zero: 12, Lx 0.5199, Lu 0.1288, Penalty 0.0340, loss 0.6827
Epoch 3, Batch 559/631, Grad Norms near zero: 12, Lx 0.4972, Lu 0.0604, Penalty 0.0349, loss 0.5924
Epoch 3, Batch 560/631, Grad Norms near zero: 12, Lx 0.5109, Lu 0.1420, Penalty 0.0419, loss 0.6948
Epoch 3, Batch 561/631, Grad Norms near zero: 12, Lx 0.4717, Lu 0.1034, Penalty 0.0486, loss 0.6237
Epoch 3, Batch 562/631, Grad Norms near zero: 12, Lx 0.4818, Lu 0.1367, Penalty 0.0519, loss 0.6703
Epoch 3, Batch 563/631, Grad Norms near zero: 12, Lx 0.4836, Lu 0.0746, Penalty 0.0429, loss 0.6011
Epoch 3, Batch 564/631, Grad Norms near zero: 12, Lx 0.4893, Lu 0.0951, Penalty 0.0468, loss 0.6311
Epoch 3, Batch 565/631, Grad Norms near zero: 12, Lx 0.4899, Lu 0.1105, Penalty 0.0447, loss 0.6450
Epoch 3, Batch 566/631, Grad Norms near zero: 12, Lx 0.4999, Lu 0.1281, Penalty 0.0437, loss 0.6717
Epoch 3, Batch 567/631, Grad Norms near zero: 12, Lx 0.5152, Lu 0.1133, Penalty 0.0409, loss 0.6694
Epoch 3, Batch 568/631, Grad Norms near zero: 12, Lx 0.5022, Lu 0.1397, Penalty 0.0429, loss 0.6848
Epoch 3, Batch 569/631, Grad Norms near zero: 12, Lx 0.5058, Lu 0.1531, Penalty 0.0433, loss 0.7022
Epoch 3, Batch 570/631, Grad Norms near zero: 12, Lx 0.5110, Lu 0.1448, Penalty 0.0445, loss 0.7003
Epoch 3, Batch 571/631, Grad Norms near zero: 12, Lx 0.4782, Lu 0.0887, Penalty 0.0448, loss 0.6117
Epoch 3, Batch 572/631, Grad Norms near zero: 12, Lx 0.4896, Lu 0.1079, Penalty 0.0452, loss 0.6427
Epoch 3, Batch 573/631, Grad Norms near zero: 12, Lx 0.5060, Lu 0.1316, Penalty 0.0455, loss 0.6830
Epoch 3, Batch 574/631, Grad Norms near zero: 12, Lx 0.4798, Lu 0.1270, Penalty 0.0469, loss 0.6537
Epoch 3, Batch 575/631, Grad Norms near zero: 12, Lx 0.5053, Lu 0.1508, Penalty 0.0437, loss 0.6998
Epoch 3, Batch 576/631, Grad Norms near zero: 12, Lx 0.4915, Lu 0.0980, Penalty 0.0425, loss 0.6320
Epoch 3, Batch 577/631, Grad Norms near zero: 12, Lx 0.4936, Lu 0.1449, Penalty 0.0425, loss 0.6810
Epoch 3, Batch 578/631, Grad Norms near zero: 12, Lx 0.5032, Lu 0.1635, Penalty 0.0399, loss 0.7066
Epoch 3, Batch 579/631, Grad Norms near zero: 12, Lx 0.5030, Lu 0.1301, Penalty 0.0401, loss 0.6732
Epoch 3, Batch 580/631, Grad Norms near zero: 12, Lx 0.5067, Lu 0.1242, Penalty 0.0375, loss 0.6685
Epoch 3, Batch 581/631, Grad Norms near zero: 12, Lx 0.5044, Lu 0.0787, Penalty 0.0315, loss 0.6147
Epoch 3, Batch 582/631, Grad Norms near zero: 12, Lx 0.5089, Lu 0.1056, Penalty 0.0377, loss 0.6521
Epoch 3, Batch 583/631, Grad Norms near zero: 12, Lx 0.4949, Lu 0.0725, Penalty 0.0316, loss 0.5989
Epoch 3, Batch 584/631, Grad Norms near zero: 12, Lx 0.4924, Lu 0.0726, Penalty 0.0373, loss 0.6023
Epoch 3, Batch 585/631, Grad Norms near zero: 12, Lx 0.5045, Lu 0.1009, Penalty 0.0377, loss 0.6432
Epoch 3, Batch 586/631, Grad Norms near zero: 12, Lx 0.5012, Lu 0.0557, Penalty 0.0285, loss 0.5855
Epoch 3, Batch 587/631, Grad Norms near zero: 12, Lx 0.5019, Lu 0.0610, Penalty 0.0303, loss 0.5932
Epoch 3, Batch 588/631, Grad Norms near zero: 12, Lx 0.5238, Lu 0.1436, Penalty 0.0342, loss 0.7016
Epoch 3, Batch 589/631, Grad Norms near zero: 12, Lx 0.5039, Lu 0.0969, Penalty 0.0363, loss 0.6370
Epoch 3, Batch 590/631, Grad Norms near zero: 12, Lx 0.5108, Lu 0.1249, Penalty 0.0373, loss 0.6730
Epoch 3, Batch 591/631, Grad Norms near zero: 12, Lx 0.5018, Lu 0.1362, Penalty 0.0400, loss 0.6781
Epoch 3, Batch 592/631, Grad Norms near zero: 12, Lx 0.5198, Lu 0.1646, Penalty 0.0422, loss 0.7267
Epoch 3, Batch 593/631, Grad Norms near zero: 12, Lx 0.4881, Lu 0.1075, Penalty 0.0444, loss 0.6400
Epoch 3, Batch 594/631, Grad Norms near zero: 12, Lx 0.4840, Lu 0.0988, Penalty 0.0458, loss 0.6286
Epoch 3, Batch 595/631, Grad Norms near zero: 12, Lx 0.4943, Lu 0.1685, Penalty 0.0506, loss 0.7134
Epoch 3, Batch 596/631, Grad Norms near zero: 12, Lx 0.4872, Lu 0.1044, Penalty 0.0478, loss 0.6395
Epoch 3, Batch 597/631, Grad Norms near zero: 12, Lx 0.4879, Lu 0.1618, Penalty 0.0501, loss 0.6999
Epoch 3, Batch 598/631, Grad Norms near zero: 12, Lx 0.4943, Lu 0.1411, Penalty 0.0486, loss 0.6840
Epoch 3, Batch 599/631, Grad Norms near zero: 12, Lx 0.4806, Lu 0.0878, Penalty 0.0357, loss 0.6042
Epoch 3, Batch 600/631, Grad Norms near zero: 12, Lx 0.5056, Lu 0.0991, Penalty 0.0371, loss 0.6418
Epoch 3, Batch 601/631, Grad Norms near zero: 12, Lx 0.5129, Lu 0.1459, Penalty 0.0387, loss 0.6974
Epoch 3, Batch 602/631, Grad Norms near zero: 12, Lx 0.5047, Lu 0.0603, Penalty 0.0301, loss 0.5951
Epoch 3, Batch 603/631, Grad Norms near zero: 12, Lx 0.5150, Lu 0.1224, Penalty 0.0330, loss 0.6705
Epoch 3, Batch 604/631, Grad Norms near zero: 12, Lx 0.5187, Lu 0.1177, Penalty 0.0288, loss 0.6653
Epoch 3, Batch 605/631, Grad Norms near zero: 12, Lx 0.5128, Lu 0.0673, Penalty 0.0306, loss 0.6108
Epoch 3, Batch 606/631, Grad Norms near zero: 12, Lx 0.5222, Lu 0.0773, Penalty 0.0281, loss 0.6276
Epoch 3, Batch 607/631, Grad Norms near zero: 12, Lx 0.4881, Lu 0.0910, Penalty 0.0378, loss 0.6170
Epoch 3, Batch 608/631, Grad Norms near zero: 12, Lx 0.5092, Lu 0.1413, Penalty 0.0429, loss 0.6933
Epoch 3, Batch 609/631, Grad Norms near zero: 12, Lx 0.5037, Lu 0.1083, Penalty 0.0366, loss 0.6486
Epoch 3, Batch 610/631, Grad Norms near zero: 12, Lx 0.4791, Lu 0.0768, Penalty 0.0396, loss 0.5955
Epoch 3, Batch 611/631, Grad Norms near zero: 12, Lx 0.4840, Lu 0.0685, Penalty 0.0401, loss 0.5927
Epoch 3, Batch 612/631, Grad Norms near zero: 12, Lx 0.5012, Lu 0.1130, Penalty 0.0376, loss 0.6518
Epoch 3, Batch 613/631, Grad Norms near zero: 12, Lx 0.4841, Lu 0.0733, Penalty 0.0383, loss 0.5958
Epoch 3, Batch 614/631, Grad Norms near zero: 12, Lx 0.4952, Lu 0.0787, Penalty 0.0357, loss 0.6096
Epoch 3, Batch 615/631, Grad Norms near zero: 12, Lx 0.5075, Lu 0.1261, Penalty 0.0389, loss 0.6725
Epoch 3, Batch 616/631, Grad Norms near zero: 12, Lx 0.5112, Lu 0.0955, Penalty 0.0353, loss 0.6420
Epoch 3, Batch 617/631, Grad Norms near zero: 12, Lx 0.5142, Lu 0.0948, Penalty 0.0327, loss 0.6417
Epoch 3, Batch 618/631, Grad Norms near zero: 12, Lx 0.5102, Lu 0.0835, Penalty 0.0330, loss 0.6268
Epoch 3, Batch 619/631, Grad Norms near zero: 12, Lx 0.4987, Lu 0.1429, Penalty 0.0412, loss 0.6827
Epoch 3, Batch 620/631, Grad Norms near zero: 12, Lx 0.4964, Lu 0.0639, Penalty 0.0307, loss 0.5911
Epoch 3, Batch 621/631, Grad Norms near zero: 12, Lx 0.4914, Lu 0.0731, Penalty 0.0339, loss 0.5984
Epoch 3, Batch 622/631, Grad Norms near zero: 12, Lx 0.5152, Lu 0.1143, Penalty 0.0367, loss 0.6663
Epoch 3, Batch 623/631, Grad Norms near zero: 12, Lx 0.4933, Lu 0.0861, Penalty 0.0369, loss 0.6163
Epoch 3, Batch 624/631, Grad Norms near zero: 12, Lx 0.5220, Lu 0.1675, Penalty 0.0379, loss 0.7273
Epoch 3, Batch 625/631, Grad Norms near zero: 12, Lx 0.5183, Lu 0.1575, Penalty 0.0421, loss 0.7179
Epoch 3, Batch 626/631, Grad Norms near zero: 12, Lx 0.4938, Lu 0.1534, Penalty 0.0553, loss 0.7026
Epoch 3, Batch 627/631, Grad Norms near zero: 12, Lx 0.4828, Lu 0.0734, Penalty 0.0386, loss 0.5948
Epoch 3, Batch 628/631, Grad Norms near zero: 12, Lx 0.4798, Lu 0.1698, Penalty 0.0632, loss 0.7127
Epoch 3, Batch 629/631, Grad Norms near zero: 12, Lx 0.4958, Lu 0.1826, Penalty 0.0494, loss 0.7278
Epoch 3, Batch 630/631, Grad Norms near zero: 12, Lx 0.4784, Lu 0.1161, Penalty 0.0535, loss 0.6481
Evaluating models at epoch 3
Test data size: 10000
Epoch: 3, Test Accuracy: 0.5039, Test F1 Score: 0.3377
Evaluating training data at epoch 3 for Model 1
Evaluating training data at epoch 3 for Model 2
