Loading Yahoo train data from src/data/train/yahoo_train.csv
Yahoo train data loaded with 1400000 samples
Reduced Yahoo train data to 42000 samples
Loading Yahoo tratestin data from src/data/test/yahoo_test.csv
Yahoo test data loaded with 60000 samples
Injecting symmetric noise with ratio 0.5
Detected 10 classes: [0, 1, 2, 3, 4, 5, 6, 7, 8, 9]
Injected noise into 21000 samples.
Number of classes in Yahoo dataset: 10
Loading BERT model from bert-base-uncased
Setting up optimizers and losses...
No warm-up-completed models. Training from scratch.
Warmup training for Network 1
Warmup training for Network 2
Evaluating training data at epoch 0 for Model 1
Evaluating training data at epoch 0 for Model 2
Evaluating models at epoch 0
Test data size: 60000
Epoch: 0, Test Loss: 2.0651, Test Accuracy: 0.2388, Test F1 Score: 0.1368
Warmup training for Network 1
Warmup training for Network 2
Evaluating training data at epoch 1 for Model 1
Evaluating training data at epoch 1 for Model 2
Evaluating models at epoch 1
Test data size: 60000
Epoch: 1, Test Loss: 1.8303, Test Accuracy: 0.3622, Test F1 Score: 0.2912
Warmup training for Network 1
Warmup training for Network 2
Evaluating training data at epoch 2 for Model 1
Evaluating training data at epoch 2 for Model 2
Evaluating models at epoch 2
Test data size: 60000
Epoch: 2, Test Loss: 1.9134, Test Accuracy: 0.3897, Test F1 Score: 0.3594
Warmup training for Network 1
Warmup training for Network 2
Evaluating training data at epoch 3 for Model 1
Evaluating training data at epoch 3 for Model 2
Evaluating models at epoch 3
Test data size: 60000
Epoch: 3, Test Loss: 1.6363, Test Accuracy: 0.4534, Test F1 Score: 0.3973
Warmup training for Network 1
Warmup training for Network 2
Evaluating training data at epoch 4 for Model 1
Evaluating training data at epoch 4 for Model 2
Evaluating models at epoch 4
Test data size: 60000
Epoch: 4, Test Loss: 1.6252, Test Accuracy: 0.4807, Test F1 Score: 0.4531
Warmup training for Network 1
Warmup training for Network 2
Evaluating training data at epoch 5 for Model 1
Evaluating training data at epoch 5 for Model 2
Evaluating models at epoch 5
Test data size: 60000
Epoch: 5, Test Loss: 1.5651, Test Accuracy: 0.5063, Test F1 Score: 0.4865
Warmup training for Network 1
Warmup training for Network 2
Evaluating training data at epoch 6 for Model 1
Evaluating training data at epoch 6 for Model 2
Evaluating models at epoch 6
Test data size: 60000
Epoch: 6, Test Loss: 1.4229, Test Accuracy: 0.4590, Test F1 Score: 0.4045
Warmup training for Network 1
Warmup training for Network 2
Evaluating training data at epoch 7 for Model 1
Evaluating training data at epoch 7 for Model 2
Evaluating models at epoch 7
Test data size: 60000
Epoch: 7, Test Loss: 1.6024, Test Accuracy: 0.5058, Test F1 Score: 0.4928
Warmup training for Network 1
Warmup training for Network 2
Evaluating training data at epoch 8 for Model 1
Evaluating training data at epoch 8 for Model 2
Evaluating models at epoch 8
Test data size: 60000
Epoch: 8, Test Loss: 1.4580, Test Accuracy: 0.5409, Test F1 Score: 0.5227
Warmup training for Network 1
Warmup training for Network 2
Evaluating training data at epoch 9 for Model 1
Evaluating training data at epoch 9 for Model 2
Evaluating models at epoch 9
Test data size: 60000
Epoch: 9, Test Loss: 1.4704, Test Accuracy: 0.5282, Test F1 Score: 0.4932
Warmup completed. Checkpoint saved at checkpoint/dividemix/warmup_checkpoint_0.5_10_yahoo.pth
Training for Network 1
labelled data size: 15014
unlabelled data size: 26986
Label Softmax (x): [0.04084779 0.13121325 0.21235931 0.04365611 0.10228067 0.25024745
 0.03652851 0.08633897 0.01156843 0.0849595 ]
Epoch 10, Batch 1/470, Grad Norms near zero: 0, Lx 2.4342, Lu 0.0583, Penalty 0.3233, loss 2.8158
Label Softmax (x): [0.04454556 0.09257331 0.11843115 0.0493089  0.0961079  0.3275387
 0.04084344 0.13878646 0.01697748 0.07488708]
Epoch 10, Batch 2/470, Grad Norms near zero: 0, Lx 2.6064, Lu 0.0645, Penalty 0.2907, loss 2.9615
Label Softmax (x): [0.09128612 0.11061635 0.11263289 0.08031857 0.14546879 0.11589764
 0.08297963 0.09876753 0.04142814 0.12060432]
Epoch 10, Batch 3/470, Grad Norms near zero: 0, Lx 2.6544, Lu 0.0519, Penalty 0.0461, loss 2.7524
Label Softmax (x): [0.03881359 0.07027179 0.11630692 0.04956342 0.26481217 0.09639746
 0.09285931 0.08935246 0.13894764 0.04267528]
Epoch 10, Batch 4/470, Grad Norms near zero: 0, Lx 2.4630, Lu 0.0681, Penalty 0.1622, loss 2.6933
Label Softmax (x): [0.11818456 0.08020066 0.05492063 0.0996297  0.10292695 0.0487906
 0.12544282 0.07941845 0.1610061  0.12947951]
Epoch 10, Batch 5/470, Grad Norms near zero: 0, Lx 2.7064, Lu 0.0606, Penalty 0.0614, loss 2.8284
Label Softmax (x): [0.09177515 0.0822351  0.05227346 0.09057848 0.08096059 0.08014126
 0.11252648 0.13813856 0.15408227 0.11728865]
Epoch 10, Batch 6/470, Grad Norms near zero: 0, Lx 2.4821, Lu 0.0435, Penalty 0.0429, loss 2.5685
Label Softmax (x): [0.08642262 0.08646179 0.04688028 0.0871046  0.08561191 0.06590863
 0.13041715 0.12186641 0.19660924 0.09271738]
Epoch 10, Batch 7/470, Grad Norms near zero: 0, Lx 2.4880, Lu 0.0648, Penalty 0.0696, loss 2.6224
Label Softmax (x): [0.0717239  0.09644365 0.04865622 0.06534521 0.09664381 0.10381007
 0.11174025 0.15638292 0.17447837 0.07477564]
Epoch 10, Batch 8/470, Grad Norms near zero: 0, Lx 2.4890, Lu 0.0484, Penalty 0.0687, loss 2.6061
Label Softmax (x): [0.06788064 0.0986791  0.0500994  0.05683488 0.09252213 0.125434
 0.10925598 0.16319764 0.16201761 0.0740786 ]
Epoch 10, Batch 9/470, Grad Norms near zero: 0, Lx 2.3225, Lu 0.0448, Penalty 0.0747, loss 2.4420
Label Softmax (x): [0.06243014 0.09945293 0.05984285 0.04523785 0.07227755 0.17267649
 0.08655169 0.19468454 0.1344907  0.07235523]
Epoch 10, Batch 10/470, Grad Norms near zero: 0, Lx 2.3286, Lu 0.0572, Penalty 0.1067, loss 2.4925
Label Softmax (x): [0.0731625  0.10083562 0.05716958 0.04393501 0.1060341  0.18808243
 0.091765   0.12281483 0.1331914  0.0830095 ]
Epoch 10, Batch 11/470, Grad Norms near zero: 0, Lx 2.2772, Lu 0.0498, Penalty 0.0776, loss 2.4046
Label Softmax (x): [0.06768216 0.09551291 0.05898926 0.04113663 0.12569611 0.20592643
 0.07983185 0.12311272 0.12439161 0.07772032]
Epoch 10, Batch 12/470, Grad Norms near zero: 0, Lx 2.3079, Lu 0.0587, Penalty 0.0952, loss 2.4618
Label Softmax (x): [0.06656573 0.09659962 0.07792984 0.03700138 0.10240164 0.22165608
 0.07097665 0.1390799  0.1049246  0.08286455]
Epoch 10, Batch 13/470, Grad Norms near zero: 0, Lx 2.3093, Lu 0.0317, Penalty 0.1018, loss 2.4428
Label Softmax (x): [0.06681743 0.0983873  0.08970524 0.03449141 0.11914165 0.20444943
 0.07124754 0.131272   0.09859705 0.08589095]
Epoch 10, Batch 14/470, Grad Norms near zero: 0, Lx 2.2783, Lu 0.0513, Penalty 0.0935, loss 2.4231
Label Softmax (x): [0.07322721 0.1129413  0.1219632  0.04042469 0.07986041 0.19369717
 0.07194496 0.1288778  0.08907612 0.08798716]
Epoch 10, Batch 15/470, Grad Norms near zero: 0, Lx 2.2860, Lu 0.0334, Penalty 0.0780, loss 2.3974
Label Softmax (x): [0.07562134 0.11966152 0.11669174 0.0437222  0.09676764 0.16649035
 0.07287498 0.12936668 0.09074019 0.08806331]
Epoch 10, Batch 16/470, Grad Norms near zero: 0, Lx 2.2857, Lu 0.0326, Penalty 0.0579, loss 2.3761
Label Softmax (x): [0.08084451 0.12209465 0.10744666 0.04809007 0.09815893 0.16088262
 0.08372822 0.10684198 0.09731975 0.09459263]
Epoch 10, Batch 17/470, Grad Norms near zero: 0, Lx 2.2583, Lu 0.0397, Penalty 0.0411, loss 2.3390
Label Softmax (x): [0.0704546  0.12593956 0.08688049 0.04056469 0.24699876 0.12217398
 0.08238992 0.07023549 0.07961636 0.07474615]
Epoch 10, Batch 18/470, Grad Norms near zero: 0, Lx 2.2654, Lu 0.0586, Penalty 0.1124, loss 2.4364
Label Softmax (x): [0.07068058 0.12338091 0.08631548 0.04006431 0.24880403 0.1263725
 0.08883368 0.06999236 0.06971633 0.07583979]
Epoch 10, Batch 19/470, Grad Norms near zero: 0, Lx 2.4011, Lu 0.0428, Penalty 0.1166, loss 2.5605
Label Softmax (x): [0.08229408 0.13141379 0.08527388 0.05733983 0.12693918 0.14188124
 0.10566723 0.08257213 0.08182663 0.10479201]
Epoch 10, Batch 20/470, Grad Norms near zero: 0, Lx 2.2518, Lu 0.0415, Penalty 0.0339, loss 2.3272
Label Softmax (x): [0.07704683 0.12704125 0.08738591 0.05259687 0.1625574  0.12511705
 0.11186882 0.0973947  0.05816216 0.10082902]
Epoch 10, Batch 21/470, Grad Norms near zero: 0, Lx 2.3373, Lu 0.0494, Penalty 0.0537, loss 2.4404
Label Softmax (x): [0.08427612 0.12989494 0.0848133  0.06572108 0.10716873 0.13080783
 0.10986699 0.09985437 0.0832136  0.10438298]
Epoch 10, Batch 22/470, Grad Norms near zero: 0, Lx 2.3323, Lu 0.0377, Penalty 0.0204, loss 2.3905
Label Softmax (x): [0.08109087 0.12609921 0.09098825 0.06204844 0.1307415  0.11935797
 0.11570722 0.09711638 0.06097388 0.11587628]
Epoch 10, Batch 23/470, Grad Norms near zero: 0, Lx 2.3413, Lu 0.0420, Penalty 0.0335, loss 2.4168
Label Softmax (x): [0.07729223 0.11494247 0.08680951 0.0700058  0.10379101 0.1273767
 0.11341334 0.10643213 0.08989795 0.11003885]
Epoch 10, Batch 24/470, Grad Norms near zero: 0, Lx 2.2671, Lu 0.0549, Penalty 0.0160, loss 2.3380
Label Softmax (x): [0.07997906 0.09793477 0.09880739 0.05316037 0.14348525 0.1284903
 0.10763182 0.11005159 0.07752576 0.10293369]
Epoch 10, Batch 25/470, Grad Norms near zero: 0, Lx 2.3293, Lu 0.0445, Penalty 0.0333, loss 2.4071
Label Softmax (x): [0.07194959 0.10903081 0.09051928 0.06606381 0.11350326 0.12800029
 0.10928095 0.1284315  0.07328399 0.10993654]
Epoch 10, Batch 26/470, Grad Norms near zero: 0, Lx 2.2548, Lu 0.0435, Penalty 0.0260, loss 2.3244
Label Softmax (x): [0.07443761 0.10689558 0.08190644 0.07357117 0.10714327 0.11832742
 0.10192861 0.12006798 0.11925502 0.0964669 ]
Epoch 10, Batch 27/470, Grad Norms near zero: 0, Lx 2.2921, Lu 0.0312, Penalty 0.0156, loss 2.3389
Label Softmax (x): [0.07196711 0.10274286 0.07495607 0.07662093 0.10585826 0.13630535
 0.10142437 0.12292072 0.10838103 0.09882335]
Epoch 10, Batch 28/470, Grad Norms near zero: 0, Lx 2.2832, Lu 0.0334, Penalty 0.0201, loss 2.3367
Label Softmax (x): [0.07366716 0.10347847 0.07756292 0.07491013 0.10215147 0.13602307
 0.10051169 0.12943698 0.11204147 0.09021665]
Epoch 10, Batch 29/470, Grad Norms near zero: 0, Lx 2.2865, Lu 0.0494, Penalty 0.0212, loss 2.3570
Label Softmax (x): [0.08147288 0.0875154  0.09638391 0.0603965  0.11196506 0.1501877
 0.09706102 0.11501767 0.10309024 0.0969096 ]
Epoch 10, Batch 30/470, Grad Norms near zero: 0, Lx 2.2793, Lu 0.0392, Penalty 0.0250, loss 2.3435
Label Softmax (x): [0.06966473 0.09530152 0.0864787  0.07074828 0.09899767 0.1573045
 0.09782707 0.12817994 0.09990829 0.09558929]
Epoch 10, Batch 31/470, Grad Norms near zero: 0, Lx 2.1543, Lu 0.0410, Penalty 0.0278, loss 2.2231
Label Softmax (x): [0.07087281 0.09589099 0.09032072 0.07134509 0.0975607  0.15750733
 0.09682404 0.12324236 0.0997361  0.09669985]
Epoch 10, Batch 32/470, Grad Norms near zero: 0, Lx 2.2583, Lu 0.0368, Penalty 0.0256, loss 2.3206
Label Softmax (x): [0.07959898 0.10862797 0.06943805 0.06940667 0.1066762  0.16337177
 0.0884035  0.12364212 0.11239176 0.07844294]
Epoch 10, Batch 33/470, Grad Norms near zero: 0, Lx 2.2441, Lu 0.0299, Penalty 0.0357, loss 2.3097
Label Softmax (x): [0.07356843 0.11013958 0.08544447 0.07360534 0.09294127 0.16279013
 0.0908531  0.1296756  0.09169906 0.08928303]
Epoch 10, Batch 34/470, Grad Norms near zero: 0, Lx 2.2330, Lu 0.0322, Penalty 0.0296, loss 2.2948
Label Softmax (x): [0.0758813  0.09265739 0.09780879 0.06012017 0.10704088 0.17445363
 0.08347363 0.12143712 0.09962709 0.08749997]
Epoch 10, Batch 35/470, Grad Norms near zero: 0, Lx 2.2365, Lu 0.0401, Penalty 0.0382, loss 2.3148
Label Softmax (x): [0.06950055 0.11522441 0.09233003 0.06773983 0.10500791 0.15524232
 0.08321707 0.1266151  0.10116114 0.08396162]
Epoch 10, Batch 36/470, Grad Norms near zero: 0, Lx 2.3134, Lu 0.0427, Penalty 0.0314, loss 2.3875
Label Softmax (x): [0.07934939 0.11625931 0.0815388  0.05862885 0.12715378 0.14501263
 0.08099442 0.11858649 0.11209941 0.0803769 ]
Epoch 10, Batch 37/470, Grad Norms near zero: 0, Lx 2.2984, Lu 0.0412, Penalty 0.0351, loss 2.3747
Label Softmax (x): [0.07478307 0.09574473 0.1050445  0.05644224 0.11923393 0.15675008
 0.08481207 0.11675133 0.10902177 0.08141625]
Epoch 10, Batch 38/470, Grad Norms near zero: 0, Lx 2.1994, Lu 0.0325, Penalty 0.0360, loss 2.2680
Label Softmax (x): [0.07148988 0.10662798 0.10418129 0.06405848 0.11068197 0.13760078
 0.08971354 0.12147391 0.10480065 0.08937147]
Epoch 10, Batch 39/470, Grad Norms near zero: 0, Lx 2.2076, Lu 0.0383, Penalty 0.0235, loss 2.2694
Label Softmax (x): [0.07297882 0.09894847 0.10861257 0.06162253 0.12004817 0.13048057
 0.08947848 0.1147707  0.11245482 0.0906049 ]
Epoch 10, Batch 40/470, Grad Norms near zero: 0, Lx 2.1879, Lu 0.0496, Penalty 0.0233, loss 2.2608
Label Softmax (x): [0.07545148 0.09791251 0.10276885 0.06178526 0.12391637 0.13049988
 0.09475961 0.10741478 0.11514971 0.09034157]
Epoch 10, Batch 41/470, Grad Norms near zero: 0, Lx 2.2454, Lu 0.0447, Penalty 0.0219, loss 2.3120
Label Softmax (x): [0.08549265 0.10162488 0.07823707 0.05242232 0.15030463 0.1256176
 0.09142359 0.11268362 0.11677568 0.08541797]
Epoch 10, Batch 42/470, Grad Norms near zero: 0, Lx 2.2242, Lu 0.0480, Penalty 0.0369, loss 2.3092
Label Softmax (x): [0.06925628 0.09721785 0.09969267 0.06161129 0.12410559 0.1376997
 0.1065141  0.10605    0.11096789 0.08688466]
Epoch 10, Batch 43/470, Grad Norms near zero: 0, Lx 2.2562, Lu 0.0426, Penalty 0.0262, loss 2.3250
Label Softmax (x): [0.06947864 0.10387187 0.0920985  0.06435161 0.12101518 0.14657319
 0.1074682  0.10761761 0.10493003 0.08259521]
Epoch 10, Batch 44/470, Grad Norms near zero: 0, Lx 2.1554, Lu 0.0348, Penalty 0.0274, loss 2.2176
Label Softmax (x): [0.08315516 0.11088223 0.07727763 0.05228448 0.13327459 0.1424989
 0.09470786 0.12101187 0.10355136 0.08135591]
Epoch 10, Batch 45/470, Grad Norms near zero: 0, Lx 2.2349, Lu 0.0452, Penalty 0.0381, loss 2.3182
Label Softmax (x): [0.06835794 0.09149015 0.08889734 0.05715705 0.13124841 0.17272739
 0.10496894 0.10734509 0.10280502 0.07500269]
Epoch 10, Batch 46/470, Grad Norms near zero: 0, Lx 2.3271, Lu 0.0446, Penalty 0.0469, loss 2.4186
Label Softmax (x): [0.06822193 0.09456424 0.08507081 0.05905894 0.12550521 0.1757145
 0.1062994  0.11013836 0.10108016 0.07434644]
Epoch 10, Batch 47/470, Grad Norms near zero: 0, Lx 2.2720, Lu 0.0374, Penalty 0.0464, loss 2.3558
Label Softmax (x): [0.08492074 0.1097749  0.0799793  0.05756445 0.1143546  0.14623842
 0.10327189 0.12415805 0.09632896 0.08340872]
Epoch 10, Batch 48/470, Grad Norms near zero: 0, Lx 2.1779, Lu 0.0340, Penalty 0.0302, loss 2.2422
Label Softmax (x): [0.08316803 0.10493573 0.08221023 0.05785333 0.10751842 0.14795804
 0.10744032 0.12755638 0.09621582 0.08514369]
Epoch 10, Batch 49/470, Grad Norms near zero: 0, Lx 2.2671, Lu 0.0465, Penalty 0.0299, loss 2.3435
Label Softmax (x): [0.08132358 0.1085899  0.08751568 0.06025648 0.10685323 0.14133778
 0.10841368 0.11892306 0.09886719 0.08791939]
Epoch 10, Batch 50/470, Grad Norms near zero: 0, Lx 2.1793, Lu 0.0304, Penalty 0.0238, loss 2.2335
Label Softmax (x): [0.06945028 0.1149467  0.09604222 0.06798846 0.09415348 0.15213937
 0.11926772 0.10794833 0.09908979 0.07897364]
Epoch 10, Batch 51/470, Grad Norms near zero: 0, Lx 2.1297, Lu 0.0311, Penalty 0.0285, loss 2.1893
Label Softmax (x): [0.08322221 0.10795905 0.09801337 0.063912   0.09563586 0.14775023
 0.10088748 0.11399861 0.09989839 0.08872281]
Epoch 10, Batch 52/470, Grad Norms near zero: 0, Lx 2.2458, Lu 0.0328, Penalty 0.0210, loss 2.2996
Label Softmax (x): [0.07281435 0.11457513 0.09758989 0.07259488 0.08313164 0.16094
 0.10975699 0.11620859 0.09278217 0.07960638]
Epoch 10, Batch 53/470, Grad Norms near zero: 0, Lx 2.2154, Lu 0.0330, Penalty 0.0294, loss 2.2779
Label Softmax (x): [0.07657275 0.10456929 0.11625828 0.06170527 0.10231519 0.15359311
 0.09759972 0.10327545 0.10859425 0.07551669]
Epoch 10, Batch 54/470, Grad Norms near zero: 0, Lx 2.3250, Lu 0.0474, Penalty 0.0293, loss 2.4017
Label Softmax (x): [0.08702499 0.09970416 0.1075637  0.06697473 0.09136205 0.14390323
 0.08994757 0.12253186 0.09973542 0.09125228]
Epoch 10, Batch 55/470, Grad Norms near zero: 0, Lx 2.1922, Lu 0.0476, Penalty 0.0193, loss 2.2591
Label Softmax (x): [0.08182522 0.10876787 0.09599586 0.06769331 0.10736735 0.15460476
 0.09385364 0.11211371 0.09923505 0.07854323]
Epoch 10, Batch 56/470, Grad Norms near zero: 0, Lx 2.2626, Lu 0.0347, Penalty 0.0239, loss 2.3212
Label Softmax (x): [0.07864621 0.11191313 0.1024879  0.06481001 0.1162065  0.14035454
 0.09054068 0.10650958 0.10594743 0.08258398]
Epoch 10, Batch 57/470, Grad Norms near zero: 0, Lx 2.2038, Lu 0.0345, Penalty 0.0217, loss 2.2601
Label Softmax (x): [0.0743474  0.12400548 0.099511   0.07025149 0.09945156 0.13459904
 0.09784405 0.10872462 0.101311   0.08995435]
Epoch 10, Batch 58/470, Grad Norms near zero: 0, Lx 2.2211, Lu 0.0437, Penalty 0.0179, loss 2.2827
Label Softmax (x): [0.07397852 0.12147581 0.09565503 0.0680673  0.10036514 0.13605528
 0.0960113  0.11174414 0.09950817 0.09713928]
Epoch 10, Batch 59/470, Grad Norms near zero: 0, Lx 2.2060, Lu 0.0315, Penalty 0.0188, loss 2.2562
Label Softmax (x): [0.07295343 0.11749077 0.09086443 0.06990251 0.09952939 0.14422531
 0.09564245 0.11798599 0.09275237 0.09865332]
Epoch 10, Batch 60/470, Grad Norms near zero: 0, Lx 2.2127, Lu 0.0406, Penalty 0.0214, loss 2.2748
Label Softmax (x): [0.09146837 0.0861312  0.09182397 0.07104307 0.09820555 0.14623863
 0.07801083 0.13150263 0.0939063  0.11166943]
Epoch 10, Batch 61/470, Grad Norms near zero: 0, Lx 2.1824, Lu 0.0273, Penalty 0.0231, loss 2.2328
Label Softmax (x): [0.07562174 0.10037344 0.08826538 0.06191479 0.11266168 0.15138702
 0.08377485 0.11894415 0.09804145 0.1090155 ]
Epoch 10, Batch 62/470, Grad Norms near zero: 0, Lx 2.2039, Lu 0.0423, Penalty 0.0283, loss 2.2745
Label Softmax (x): [0.08569804 0.09487855 0.09025818 0.06490436 0.1016303  0.1535913
 0.07760213 0.11611649 0.09902909 0.11629156]
Epoch 10, Batch 63/470, Grad Norms near zero: 0, Lx 2.2529, Lu 0.0367, Penalty 0.0259, loss 2.3156
Label Softmax (x): [0.0699604  0.1052637  0.08491391 0.05529695 0.1212019  0.15495457
 0.08595411 0.10200346 0.10413691 0.11631407]
Epoch 10, Batch 64/470, Grad Norms near zero: 0, Lx 2.1954, Lu 0.0323, Penalty 0.0372, loss 2.2649
Label Softmax (x): [0.07592563 0.11249478 0.09046715 0.05956725 0.109208   0.13947695
 0.07964324 0.09642605 0.11383705 0.12295391]
Epoch 10, Batch 65/470, Grad Norms near zero: 0, Lx 2.1982, Lu 0.0473, Penalty 0.0283, loss 2.2737
Label Softmax (x): [0.05698527 0.1487036  0.07828927 0.05819777 0.10887434 0.13616446
 0.09959739 0.08796075 0.10996692 0.11526022]
Epoch 10, Batch 66/470, Grad Norms near zero: 0, Lx 2.1391, Lu 0.0342, Penalty 0.0453, loss 2.2186
Label Softmax (x): [0.05482725 0.15921184 0.07509378 0.0579173  0.10548265 0.13589986
 0.10249038 0.08730128 0.10440601 0.11736963]
Epoch 10, Batch 67/470, Grad Norms near zero: 0, Lx 2.2590, Lu 0.0468, Penalty 0.0516, loss 2.3574
Label Softmax (x): [0.05428768 0.13874345 0.08441764 0.05106457 0.11954512 0.13002677
 0.0962511  0.08881712 0.12257069 0.11427584]
Epoch 10, Batch 68/470, Grad Norms near zero: 0, Lx 2.2641, Lu 0.0476, Penalty 0.0504, loss 2.3620
Label Softmax (x): [0.05545324 0.15092786 0.07992855 0.05662026 0.10723785 0.13357492
 0.10908633 0.08891401 0.09925349 0.11900352]
Epoch 10, Batch 69/470, Grad Norms near zero: 0, Lx 2.1795, Lu 0.0517, Penalty 0.0476, loss 2.2787
Label Softmax (x): [0.05837579 0.13016272 0.07866955 0.05265626 0.12010587 0.14772576
 0.09874704 0.10284084 0.09985903 0.11085714]
Epoch 10, Batch 70/470, Grad Norms near zero: 0, Lx 2.1596, Lu 0.0280, Penalty 0.0465, loss 2.2341
Label Softmax (x): [0.06115147 0.13275418 0.08329726 0.05664162 0.10664329 0.14772534
 0.10622871 0.09959708 0.09322377 0.11273725]
Epoch 10, Batch 71/470, Grad Norms near zero: 0, Lx 2.2147, Lu 0.0383, Penalty 0.0399, loss 2.2929
Label Softmax (x): [0.0614306  0.11397508 0.08638066 0.05393046 0.12934755 0.15624908
 0.09371462 0.10396392 0.09965971 0.10134833]
Epoch 10, Batch 72/470, Grad Norms near zero: 0, Lx 2.1613, Lu 0.0274, Penalty 0.0433, loss 2.2320
Label Softmax (x): [0.07445794 0.1389655  0.09129486 0.05917615 0.12542416 0.1342242
 0.08384656 0.07813883 0.10959404 0.10487776]
Epoch 10, Batch 73/470, Grad Norms near zero: 0, Lx 2.1581, Lu 0.0381, Penalty 0.0344, loss 2.2306
Label Softmax (x): [0.0727164  0.14577854 0.0858098  0.05941889 0.13506916 0.14351289
 0.08012317 0.07939459 0.10331739 0.09485916]
Epoch 10, Batch 74/470, Grad Norms near zero: 0, Lx 2.1510, Lu 0.0360, Penalty 0.0426, loss 2.2296
Label Softmax (x): [0.06709333 0.0944971  0.08219039 0.05745775 0.14567362 0.18173596
 0.08461058 0.11332877 0.09078635 0.08262616]
Epoch 10, Batch 75/470, Grad Norms near zero: 0, Lx 2.2249, Lu 0.0287, Penalty 0.0562, loss 2.3098
Label Softmax (x): [0.07530832 0.10656317 0.08686758 0.06219245 0.12756756 0.17673728
 0.08165465 0.09928818 0.09607001 0.08775081]
Epoch 10, Batch 76/470, Grad Norms near zero: 0, Lx 2.1331, Lu 0.0279, Penalty 0.0403, loss 2.2013
Label Softmax (x): [0.07284719 0.09339531 0.08748178 0.06290223 0.11732285 0.19355544
 0.08214074 0.12190683 0.08674042 0.08170716]
Epoch 10, Batch 77/470, Grad Norms near zero: 0, Lx 2.2135, Lu 0.0397, Penalty 0.0505, loss 2.3038
Label Softmax (x): [0.07417645 0.0879439  0.08524372 0.065001   0.11429764 0.19806312
 0.08253313 0.12698889 0.08380748 0.08194469]
Epoch 10, Batch 78/470, Grad Norms near zero: 0, Lx 2.1631, Lu 0.0373, Penalty 0.0529, loss 2.2533
Label Softmax (x): [0.073175   0.08572114 0.08235639 0.06457435 0.1143247  0.19875827
 0.08793297 0.14410895 0.0690024  0.0800458 ]
Epoch 10, Batch 79/470, Grad Norms near zero: 0, Lx 2.2218, Lu 0.0383, Penalty 0.0634, loss 2.3234
Label Softmax (x): [0.07116149 0.08589445 0.08280735 0.06109475 0.13184191 0.19019529
 0.08015441 0.1465972  0.07516408 0.07508905]
Epoch 10, Batch 80/470, Grad Norms near zero: 0, Lx 2.1515, Lu 0.0280, Penalty 0.0665, loss 2.2461
Label Softmax (x): [0.07652336 0.10295087 0.09083201 0.06628637 0.10891397 0.16600093
 0.08149437 0.13839257 0.08085521 0.08775035]
Epoch 10, Batch 81/470, Grad Norms near zero: 0, Lx 2.1157, Lu 0.0360, Penalty 0.0377, loss 2.1894
Label Softmax (x): [0.07064307 0.0926239  0.10656034 0.05825573 0.13171932 0.14952098
 0.07602535 0.14169145 0.08967876 0.0832811 ]
Epoch 10, Batch 82/470, Grad Norms near zero: 0, Lx 2.0992, Lu 0.0342, Penalty 0.0441, loss 2.1774
Label Softmax (x): [0.0764147  0.11873475 0.09620361 0.06810074 0.10308801 0.14719504
 0.08026269 0.14046171 0.07915615 0.09038258]
Epoch 10, Batch 83/470, Grad Norms near zero: 0, Lx 2.2166, Lu 0.0404, Penalty 0.0318, loss 2.2889
Label Softmax (x): [0.07098183 0.10273903 0.1134503  0.0585474  0.12780413 0.13431752
 0.07662328 0.1369126  0.09428582 0.08433811]
Epoch 10, Batch 84/470, Grad Norms near zero: 0, Lx 2.2245, Lu 0.0382, Penalty 0.0366, loss 2.2993
Label Softmax (x): [0.06943236 0.11073782 0.10764751 0.06226675 0.12604797 0.1323605
 0.07872345 0.1373277  0.09525313 0.08020282]
Epoch 10, Batch 85/470, Grad Norms near zero: 0, Lx 2.2061, Lu 0.0435, Penalty 0.0342, loss 2.2838
Label Softmax (x): [0.06904832 0.11431836 0.115656   0.06213163 0.12278863 0.12214233
 0.08133116 0.12320431 0.10475601 0.08462326]
Epoch 10, Batch 86/470, Grad Norms near zero: 0, Lx 2.2716, Lu 0.0369, Penalty 0.0280, loss 2.3365
Label Softmax (x): [0.07090928 0.10623777 0.12358331 0.05838763 0.1253771  0.1180145
 0.08049902 0.11647487 0.11092737 0.08958915]
Epoch 10, Batch 87/470, Grad Norms near zero: 0, Lx 2.2472, Lu 0.0504, Penalty 0.0288, loss 2.3265
Label Softmax (x): [0.07566223 0.1477198  0.10983904 0.0688502  0.09956069 0.11814567
 0.08588017 0.09882071 0.09692376 0.09859775]
Epoch 10, Batch 88/470, Grad Norms near zero: 0, Lx 2.2002, Lu 0.0375, Penalty 0.0215, loss 2.2592
Label Softmax (x): [0.06874876 0.10775506 0.11747409 0.0616649  0.12161539 0.11089882
 0.085482   0.10316549 0.12707517 0.09612031]
Epoch 10, Batch 89/470, Grad Norms near zero: 0, Lx 2.2198, Lu 0.0411, Penalty 0.0249, loss 2.2857
Label Softmax (x): [0.07775406 0.11219047 0.10787702 0.07152314 0.10454997 0.1181943
 0.1025186  0.09828497 0.09698763 0.11011983]
Epoch 10, Batch 90/470, Grad Norms near zero: 0, Lx 2.2420, Lu 0.0438, Penalty 0.0111, loss 2.2969
Label Softmax (x): [0.07852997 0.10950594 0.10744298 0.0685019  0.109892   0.11253565
 0.10885742 0.09326973 0.09872053 0.11274388]
Epoch 10, Batch 91/470, Grad Norms near zero: 0, Lx 2.2326, Lu 0.0341, Penalty 0.0123, loss 2.2790
Label Softmax (x): [0.07028143 0.10632242 0.10413898 0.06656117 0.12036704 0.11653844
 0.10322151 0.09278786 0.11731849 0.10246266]
Epoch 10, Batch 92/470, Grad Norms near zero: 0, Lx 2.1701, Lu 0.0365, Penalty 0.0179, loss 2.2244
Label Softmax (x): [0.07107644 0.09525385 0.10544065 0.06522955 0.11823986 0.11518057
 0.1107323  0.09710698 0.11665855 0.10508125]
Epoch 10, Batch 93/470, Grad Norms near zero: 0, Lx 2.2248, Lu 0.0433, Penalty 0.0179, loss 2.2861
Label Softmax (x): [0.0760321  0.09432796 0.0995006  0.06710896 0.11231703 0.11725973
 0.12311642 0.09775881 0.09556296 0.1170154 ]
Epoch 10, Batch 94/470, Grad Norms near zero: 0, Lx 2.2246, Lu 0.0376, Penalty 0.0164, loss 2.2786
Label Softmax (x): [0.07467972 0.09582897 0.09563726 0.06866397 0.10984657 0.1195407
 0.12692231 0.10244732 0.09119521 0.11523797]
Epoch 10, Batch 95/470, Grad Norms near zero: 0, Lx 2.2433, Lu 0.0440, Penalty 0.0170, loss 2.3043
Label Softmax (x): [0.0736002  0.10363486 0.08724856 0.07071637 0.09566553 0.1330711
 0.11446498 0.11962471 0.07989316 0.12208056]
Epoch 10, Batch 96/470, Grad Norms near zero: 0, Lx 2.2302, Lu 0.0274, Penalty 0.0223, loss 2.2798
Label Softmax (x): [0.07072207 0.10136309 0.09174048 0.06747963 0.10060667 0.12678748
 0.1122578  0.12367232 0.08663438 0.11873611]
Epoch 10, Batch 97/470, Grad Norms near zero: 0, Lx 2.1857, Lu 0.0415, Penalty 0.0213, loss 2.2484
Label Softmax (x): [0.07011962 0.08950672 0.09120843 0.06319426 0.11795503 0.12720779
 0.11519769 0.13272533 0.09990875 0.09297639]
Epoch 10, Batch 98/470, Grad Norms near zero: 0, Lx 2.2078, Lu 0.0432, Penalty 0.0260, loss 2.2770
Label Softmax (x): [0.06979205 0.08739933 0.0874787  0.06254017 0.11877193 0.1343816
 0.11513713 0.14305206 0.09481604 0.08663099]
Epoch 10, Batch 99/470, Grad Norms near zero: 0, Lx 2.1665, Lu 0.0367, Penalty 0.0328, loss 2.2359
Label Softmax (x): [0.07235344 0.09060696 0.09347703 0.06121851 0.11860001 0.12404787
 0.11164828 0.14311254 0.0988472  0.08608814]
Epoch 10, Batch 100/470, Grad Norms near zero: 0, Lx 2.2456, Lu 0.0391, Penalty 0.0287, loss 2.3135
Label Softmax (x): [0.07696269 0.10512878 0.08081306 0.06840765 0.10976988 0.1285785
 0.11078124 0.15339254 0.08160125 0.08456443]
Epoch 10, Batch 101/470, Grad Norms near zero: 0, Lx 2.2352, Lu 0.0349, Penalty 0.0301, loss 2.3002
Label Softmax (x): [0.0775657  0.10920272 0.0875737  0.06796782 0.11870718 0.11781488
 0.1107417  0.1333244  0.09077615 0.08632575]
Epoch 10, Batch 102/470, Grad Norms near zero: 0, Lx 2.2005, Lu 0.0462, Penalty 0.0204, loss 2.2670
Label Softmax (x): [0.0724569  0.10754948 0.09213665 0.06006282 0.13783538 0.11360518
 0.09727871 0.13395265 0.10658933 0.0785329 ]
Epoch 10, Batch 103/470, Grad Norms near zero: 0, Lx 2.1965, Lu 0.0499, Penalty 0.0306, loss 2.2769
Label Softmax (x): [0.07616161 0.11414693 0.09350532 0.06691547 0.12861866 0.11308029
 0.10816546 0.12029272 0.0975136  0.08159994]
Epoch 10, Batch 104/470, Grad Norms near zero: 0, Lx 2.1819, Lu 0.0401, Penalty 0.0200, loss 2.2419
Label Softmax (x): [0.07671545 0.12180147 0.09578992 0.0642906  0.13011673 0.11051729
 0.10568785 0.11321469 0.09840869 0.08345732]
Epoch 10, Batch 105/470, Grad Norms near zero: 0, Lx 2.1907, Lu 0.0264, Penalty 0.0207, loss 2.2378
Label Softmax (x): [0.08267367 0.13226505 0.08924048 0.0648807  0.11996825 0.11439063
 0.0917891  0.11901055 0.09519723 0.09058436]
Epoch 10, Batch 106/470, Grad Norms near zero: 0, Lx 2.1258, Lu 0.0315, Penalty 0.0200, loss 2.1773
Label Softmax (x): [0.08534148 0.14312059 0.09176305 0.06469176 0.1131302  0.11181682
 0.09046635 0.11537446 0.09458061 0.08971467]
Epoch 10, Batch 107/470, Grad Norms near zero: 0, Lx 2.1081, Lu 0.0284, Penalty 0.0208, loss 2.1572
Label Softmax (x): [0.07418367 0.11650569 0.10231508 0.06394415 0.1389298  0.11105531
 0.09857521 0.10976189 0.10517174 0.07955742]
Epoch 10, Batch 108/470, Grad Norms near zero: 0, Lx 2.1929, Lu 0.0478, Penalty 0.0236, loss 2.2642
Label Softmax (x): [0.07608145 0.1059022  0.11209217 0.06098237 0.1356869  0.11076176
 0.09612122 0.11249523 0.10824541 0.0816313 ]
Epoch 10, Batch 109/470, Grad Norms near zero: 0, Lx 2.1653, Lu 0.0379, Penalty 0.0235, loss 2.2267
Label Softmax (x): [0.08190377 0.13105753 0.10034008 0.06251381 0.11195235 0.12082838
 0.09321041 0.11626451 0.08833388 0.0935953 ]
Epoch 10, Batch 110/470, Grad Norms near zero: 0, Lx 2.0408, Lu 0.0307, Penalty 0.0203, loss 2.0918
Label Softmax (x): [0.07902078 0.10970056 0.11185179 0.06088485 0.10694616 0.12305318
 0.0890456  0.1262767  0.09836544 0.09485495]
Epoch 10, Batch 111/470, Grad Norms near zero: 0, Lx 2.1305, Lu 0.0314, Penalty 0.0204, loss 2.1823
Label Softmax (x): [0.07986553 0.12840131 0.10458496 0.06219078 0.11173312 0.11970051
 0.09083739 0.11462232 0.0920334  0.09603067]
Epoch 10, Batch 112/470, Grad Norms near zero: 0, Lx 2.1367, Lu 0.0395, Penalty 0.0197, loss 2.1959
Label Softmax (x): [0.06330765 0.08655007 0.10255059 0.05617917 0.13037853 0.14768183
 0.08711766 0.14609832 0.10705595 0.07308024]
Epoch 10, Batch 113/470, Grad Norms near zero: 0, Lx 2.1421, Lu 0.0311, Penalty 0.0502, loss 2.2234
Label Softmax (x): [0.06401698 0.08673489 0.11103319 0.05565555 0.13501601 0.13317287
 0.08320932 0.13508084 0.11835346 0.07772687]
Epoch 10, Batch 114/470, Grad Norms near zero: 0, Lx 2.1689, Lu 0.0303, Penalty 0.0450, loss 2.2441
Label Softmax (x): [0.06043301 0.09065044 0.10820346 0.05533455 0.12751341 0.15251064
 0.08543644 0.13630992 0.10827149 0.07533667]
Epoch 10, Batch 115/470, Grad Norms near zero: 0, Lx 2.2013, Lu 0.0364, Penalty 0.0501, loss 2.2878
Label Softmax (x): [0.062599   0.09324958 0.10271919 0.06249694 0.11296648 0.165018
 0.09641219 0.12881598 0.10054404 0.07517859]
Epoch 10, Batch 116/470, Grad Norms near zero: 0, Lx 2.0858, Lu 0.0262, Penalty 0.0422, loss 2.1543
Label Softmax (x): [0.06211599 0.09385671 0.10480443 0.06415856 0.11167522 0.15797587
 0.10139388 0.12473615 0.09941389 0.07986929]
Epoch 10, Batch 117/470, Grad Norms near zero: 0, Lx 2.1816, Lu 0.0344, Penalty 0.0365, loss 2.2525
Label Softmax (x): [0.06640395 0.12463796 0.10434515 0.06382295 0.10133135 0.14929506
 0.08882372 0.11129083 0.10056809 0.08948094]
Epoch 10, Batch 118/470, Grad Norms near zero: 0, Lx 2.1211, Lu 0.0288, Penalty 0.0299, loss 2.1798
Label Softmax (x): [0.06483076 0.12105273 0.09946032 0.06331346 0.10287499 0.15207025
 0.08583179 0.12410932 0.09875934 0.08769701]
Epoch 10, Batch 119/470, Grad Norms near zero: 0, Lx 2.0231, Lu 0.0314, Penalty 0.0338, loss 2.0883
Label Softmax (x): [0.05880477 0.14192167 0.09152918 0.06355356 0.11149554 0.14710176
 0.10803261 0.109494   0.08551238 0.08255454]
Epoch 10, Batch 120/470, Grad Norms near zero: 0, Lx 2.1804, Lu 0.0347, Penalty 0.0408, loss 2.2560
Label Softmax (x): [0.06429792 0.17967078 0.08897955 0.06281712 0.10823086 0.1324056
 0.09167058 0.10334334 0.08115245 0.08743181]
Epoch 10, Batch 121/470, Grad Norms near zero: 0, Lx 2.0726, Lu 0.0385, Penalty 0.0475, loss 2.1586
Label Softmax (x): [0.06076103 0.15175532 0.08443864 0.06553881 0.12238558 0.13825387
 0.10479283 0.10786925 0.08055896 0.0836457 ]
Epoch 10, Batch 122/470, Grad Norms near zero: 0, Lx 2.1372, Lu 0.0335, Penalty 0.0419, loss 2.2126
Label Softmax (x): [0.06215439 0.15354729 0.07684551 0.06667974 0.1265926  0.14204535
 0.10675164 0.10764813 0.07470263 0.08303273]
Epoch 10, Batch 123/470, Grad Norms near zero: 0, Lx 2.1808, Lu 0.0311, Penalty 0.0467, loss 2.2586
Label Softmax (x): [0.06439091 0.1369544  0.08947998 0.06395046 0.13523573 0.12033421
 0.09415414 0.10787544 0.09380695 0.09381779]
Epoch 10, Batch 124/470, Grad Norms near zero: 0, Lx 2.0476, Lu 0.0227, Penalty 0.0309, loss 2.1013
Label Softmax (x): [0.07121861 0.12308967 0.07875405 0.06641304 0.13438365 0.14702599
 0.09681127 0.11288394 0.0767602  0.09265958]
Epoch 10, Batch 125/470, Grad Norms near zero: 0, Lx 2.0998, Lu 0.0298, Penalty 0.0351, loss 2.1646
Label Softmax (x): [0.07267082 0.11679918 0.08349897 0.06592083 0.12980023 0.14610857
 0.08823352 0.11202717 0.08617032 0.0987704 ]
Epoch 10, Batch 126/470, Grad Norms near zero: 0, Lx 2.0344, Lu 0.0261, Penalty 0.0294, loss 2.0899
Label Softmax (x): [0.07291168 0.0986108  0.07124183 0.06787436 0.13155484 0.17439859
 0.0961154  0.12076683 0.07142763 0.09509803]
Epoch 10, Batch 127/470, Grad Norms near zero: 0, Lx 2.1023, Lu 0.0285, Penalty 0.0464, loss 2.1771
Label Softmax (x): [0.07396039 0.08315469 0.08696629 0.06451318 0.12170257 0.1675238
 0.08996812 0.11090616 0.09986375 0.10144106]
Epoch 10, Batch 128/470, Grad Norms near zero: 0, Lx 2.1386, Lu 0.0352, Penalty 0.0341, loss 2.2079
Label Softmax (x): [0.06945515 0.08425141 0.07111035 0.06125047 0.14364597 0.18255693
 0.09638117 0.11836466 0.08274399 0.09023989]
Epoch 10, Batch 129/470, Grad Norms near zero: 0, Lx 2.1330, Lu 0.0331, Penalty 0.0563, loss 2.2224
Label Softmax (x): [0.07139868 0.09355684 0.07192615 0.06199598 0.14435503 0.17089304
 0.09479871 0.11277387 0.08572984 0.09257186]
Epoch 10, Batch 130/470, Grad Norms near zero: 0, Lx 2.2143, Lu 0.0362, Penalty 0.0473, loss 2.2978
Label Softmax (x): [0.07272555 0.0854933  0.0807544  0.05797417 0.13851008 0.17175286
 0.0923724  0.10677621 0.09866679 0.09497425]
Epoch 10, Batch 131/470, Grad Norms near zero: 0, Lx 2.2654, Lu 0.0332, Penalty 0.0446, loss 2.3432
Label Softmax (x): [0.06607687 0.07209749 0.09206072 0.05472141 0.11224064 0.19060114
 0.09299926 0.10029834 0.12829708 0.09060702]
Epoch 10, Batch 132/470, Grad Norms near zero: 0, Lx 2.0313, Lu 0.0378, Penalty 0.0586, loss 2.1278
Label Softmax (x): [0.07033867 0.08224018 0.09928019 0.05439141 0.10725696 0.17876258
 0.08808587 0.09109077 0.14181009 0.0867433 ]
Epoch 10, Batch 133/470, Grad Norms near zero: 0, Lx 2.0541, Lu 0.0266, Penalty 0.0526, loss 2.1332
Label Softmax (x): [0.08218564 0.09252495 0.09678634 0.05933698 0.1095219  0.16968131
 0.08854309 0.0985008  0.10368866 0.09923033]
Epoch 10, Batch 134/470, Grad Norms near zero: 0, Lx 2.1359, Lu 0.0281, Penalty 0.0317, loss 2.1957
Label Softmax (x): [0.07029491 0.08460966 0.10016155 0.05371397 0.11210502 0.16994141
 0.09181583 0.10017877 0.1298659  0.08731297]
Epoch 10, Batch 135/470, Grad Norms near zero: 0, Lx 2.1718, Lu 0.0369, Penalty 0.0453, loss 2.2540
Label Softmax (x): [0.08720186 0.11094805 0.11389622 0.05541113 0.10300807 0.13951397
 0.08945753 0.10088889 0.09608833 0.10358594]
Epoch 10, Batch 136/470, Grad Norms near zero: 0, Lx 2.1362, Lu 0.0324, Penalty 0.0238, loss 2.1924
Label Softmax (x): [0.0790412  0.1255377  0.1093608  0.05364883 0.116291   0.12996973
 0.09617704 0.10545126 0.08882204 0.09570038]
Epoch 10, Batch 137/470, Grad Norms near zero: 0, Lx 2.2020, Lu 0.0466, Penalty 0.0276, loss 2.2762
Label Softmax (x): [0.08228582 0.1498616  0.10590172 0.05317856 0.11863948 0.12166276
 0.09363149 0.10104117 0.07728203 0.09651539]
Epoch 10, Batch 138/470, Grad Norms near zero: 0, Lx 2.1604, Lu 0.0354, Penalty 0.0346, loss 2.2304
Label Softmax (x): [0.08042446 0.1246265  0.11055627 0.05426687 0.1195697  0.12013137
 0.09886751 0.10900012 0.08330739 0.09924982]
Epoch 10, Batch 139/470, Grad Norms near zero: 0, Lx 2.2037, Lu 0.0396, Penalty 0.0262, loss 2.2695
Label Softmax (x): [0.07391112 0.11989965 0.10338177 0.05566495 0.1265966  0.10820946
 0.10763949 0.11702479 0.09296682 0.09470535]
Epoch 10, Batch 140/470, Grad Norms near zero: 0, Lx 2.0675, Lu 0.0349, Penalty 0.0255, loss 2.1279
Label Softmax (x): [0.07714327 0.11413725 0.10103785 0.05790326 0.12501276 0.12425046
 0.09705713 0.11875603 0.08529057 0.09941141]
Epoch 10, Batch 141/470, Grad Norms near zero: 0, Lx 2.0903, Lu 0.0333, Penalty 0.0246, loss 2.1482
Label Softmax (x): [0.08390103 0.10430001 0.08464509 0.06710514 0.11717743 0.13991039
 0.09760283 0.12929583 0.06636745 0.1096948 ]
Epoch 10, Batch 142/470, Grad Norms near zero: 0, Lx 2.1669, Lu 0.0275, Penalty 0.0289, loss 2.2233
Label Softmax (x): [0.08366519 0.10222632 0.08525667 0.06757139 0.1262415  0.13588116
 0.09390751 0.12122708 0.07050143 0.11352174]
Epoch 10, Batch 143/470, Grad Norms near zero: 0, Lx 2.2548, Lu 0.0340, Penalty 0.0261, loss 2.3149
Label Softmax (x): [0.07045108 0.09005478 0.08919536 0.06258807 0.1378425  0.14912453
 0.09501839 0.12514502 0.08440311 0.09617713]
Epoch 10, Batch 144/470, Grad Norms near zero: 0, Lx 2.1979, Lu 0.0445, Penalty 0.0353, loss 2.2777
Label Softmax (x): [0.06503567 0.09966476 0.08977272 0.05924091 0.14546536 0.12015907
 0.10795071 0.13149557 0.08917227 0.09204294]
Epoch 10, Batch 145/470, Grad Norms near zero: 0, Lx 2.0871, Lu 0.0275, Penalty 0.0354, loss 2.1499
Label Softmax (x): [0.06481143 0.08302723 0.09021707 0.06239117 0.14531514 0.15467796
 0.09629994 0.11207902 0.09803711 0.09314394]
Epoch 10, Batch 146/470, Grad Norms near zero: 0, Lx 2.1562, Lu 0.0314, Penalty 0.0399, loss 2.2275
Label Softmax (x): [0.06206147 0.07077314 0.09172919 0.06122703 0.14497426 0.16891864
 0.09487941 0.11503948 0.10249053 0.08790682]
Epoch 10, Batch 147/470, Grad Norms near zero: 0, Lx 2.0768, Lu 0.0283, Penalty 0.0521, loss 2.1573
Label Softmax (x): [0.06183884 0.0918371  0.10259123 0.05835054 0.14295724 0.12606512
 0.10743634 0.11547859 0.1026834  0.09076159]
Epoch 10, Batch 148/470, Grad Norms near zero: 0, Lx 2.0556, Lu 0.0384, Penalty 0.0345, loss 2.1285
Label Softmax (x): [0.0705764  0.07627318 0.09937016 0.06770346 0.1330455  0.15206659
 0.09506796 0.09989773 0.10701506 0.098984  ]
Epoch 10, Batch 149/470, Grad Norms near zero: 0, Lx 2.2227, Lu 0.0437, Penalty 0.0305, loss 2.2969
Label Softmax (x): [0.06277522 0.07504366 0.10796504 0.0594258  0.1273534  0.16751635
 0.08920999 0.11275169 0.11050634 0.0874525 ]
Epoch 10, Batch 150/470, Grad Norms near zero: 0, Lx 2.1750, Lu 0.0343, Penalty 0.0467, loss 2.2560
Label Softmax (x): [0.06318025 0.07909629 0.10682273 0.05919363 0.12676442 0.16971096
 0.08979581 0.11058513 0.10823652 0.08661427]
Epoch 10, Batch 151/470, Grad Norms near zero: 0, Lx 2.1708, Lu 0.0319, Penalty 0.0458, loss 2.2484
Label Softmax (x): [0.0663723  0.08998762 0.10507771 0.0591711  0.12193093 0.16107407
 0.08648404 0.11830686 0.10836437 0.08323098]
Epoch 10, Batch 152/470, Grad Norms near zero: 0, Lx 2.1299, Lu 0.0332, Penalty 0.0396, loss 2.2027
Label Softmax (x): [0.06544776 0.09241448 0.1059785  0.05995122 0.11864291 0.15476057
 0.09017786 0.12327662 0.10602988 0.0833202 ]
Epoch 10, Batch 153/470, Grad Norms near zero: 0, Lx 2.1534, Lu 0.0371, Penalty 0.0367, loss 2.2272
Label Softmax (x): [0.0733726  0.14491545 0.1233422  0.05578558 0.11021034 0.11013392
 0.10248508 0.09598757 0.09649135 0.08727587]
Epoch 10, Batch 154/470, Grad Norms near zero: 0, Lx 2.0137, Lu 0.0335, Penalty 0.0307, loss 2.0779
Label Softmax (x): [0.08449471 0.10767695 0.10031167 0.06160256 0.09630562 0.14998826
 0.09215749 0.12886201 0.08897234 0.08962838]
Epoch 10, Batch 155/470, Grad Norms near zero: 0, Lx 2.1721, Lu 0.0395, Penalty 0.0263, loss 2.2378
Label Softmax (x): [0.09649807 0.13253708 0.09502373 0.06916699 0.0990921  0.1316379
 0.09398375 0.10660244 0.07795542 0.09750251]
Epoch 10, Batch 156/470, Grad Norms near zero: 0, Lx 2.1548, Lu 0.0396, Penalty 0.0180, loss 2.2124
Label Softmax (x): [0.10078167 0.13552876 0.09012122 0.06685071 0.09539799 0.13844946
 0.09203576 0.10979421 0.07220292 0.0988373 ]
Epoch 10, Batch 157/470, Grad Norms near zero: 0, Lx 2.1505, Lu 0.0299, Penalty 0.0244, loss 2.2048
Label Softmax (x): [0.09316006 0.14508879 0.10976989 0.05949396 0.08681116 0.12399494
 0.10001896 0.10761404 0.07600868 0.0980395 ]
Epoch 10, Batch 158/470, Grad Norms near zero: 0, Lx 2.0994, Lu 0.0352, Penalty 0.0272, loss 2.1618
Label Softmax (x): [0.09121236 0.12729889 0.10621709 0.0604531  0.09068412 0.13354889
 0.10071791 0.11566396 0.07521005 0.09899363]
Epoch 10, Batch 159/470, Grad Norms near zero: 0, Lx 2.1444, Lu 0.0438, Penalty 0.0244, loss 2.2127
Label Softmax (x): [0.0916007  0.12482881 0.08497825 0.07160089 0.09420225 0.15517415
 0.10216659 0.11825401 0.06257628 0.09461811]
Epoch 10, Batch 160/470, Grad Norms near zero: 0, Lx 2.2332, Lu 0.0250, Penalty 0.0318, loss 2.2900
Label Softmax (x): [0.0868943  0.12243515 0.084847   0.06469268 0.0958053  0.16925131
 0.1025589  0.1200629  0.06371368 0.08973876]
Epoch 10, Batch 161/470, Grad Norms near zero: 0, Lx 2.1502, Lu 0.0244, Penalty 0.0405, loss 2.2151
Label Softmax (x): [0.07824747 0.13957477 0.08387744 0.07017765 0.10845265 0.15281253
 0.10258636 0.10588051 0.0689247  0.08946592]
Epoch 10, Batch 162/470, Grad Norms near zero: 0, Lx 2.1508, Lu 0.0405, Penalty 0.0337, loss 2.2250
Label Softmax (x): [0.07337566 0.12268156 0.07840601 0.06466919 0.10553133 0.17669496
 0.1054481  0.12751451 0.06707814 0.07860055]
Epoch 10, Batch 163/470, Grad Norms near zero: 0, Lx 2.1222, Lu 0.0445, Penalty 0.0505, loss 2.2172
Label Softmax (x): [0.07348353 0.11930463 0.09422713 0.0693164  0.11926258 0.1376347
 0.10686461 0.10311884 0.08648619 0.0903014 ]
Epoch 10, Batch 164/470, Grad Norms near zero: 0, Lx 2.1890, Lu 0.0330, Penalty 0.0212, loss 2.2432
Label Softmax (x): [0.06735874 0.08728383 0.08696803 0.06106504 0.11314186 0.15901124
 0.09951209 0.13602987 0.09744777 0.09218155]
Epoch 10, Batch 165/470, Grad Norms near zero: 0, Lx 2.0680, Lu 0.0299, Penalty 0.0381, loss 2.1361
Label Softmax (x): [0.0669212  0.06456596 0.07943095 0.06150892 0.09804885 0.19075924
 0.09946605 0.16109495 0.08937829 0.08882561]
Epoch 10, Batch 166/470, Grad Norms near zero: 0, Lx 2.0519, Lu 0.0328, Penalty 0.0689, loss 2.1535
Label Softmax (x): [0.0683057  0.09561636 0.09044816 0.06109896 0.11744112 0.14980754
 0.1051821  0.13428536 0.09798725 0.07982744]
Epoch 10, Batch 167/470, Grad Norms near zero: 0, Lx 2.0920, Lu 0.0329, Penalty 0.0354, loss 2.1604
Label Softmax (x): [0.06941935 0.10121728 0.09426117 0.06547748 0.12992938 0.12675919
 0.10290474 0.10689878 0.11578892 0.08734376]
Epoch 10, Batch 168/470, Grad Norms near zero: 0, Lx 2.1730, Lu 0.0382, Penalty 0.0230, loss 2.2341
Label Softmax (x): [0.06768202 0.06725039 0.08478968 0.06216484 0.12500459 0.14443883
 0.09255842 0.1413055  0.12654573 0.08825998]
Epoch 10, Batch 169/470, Grad Norms near zero: 0, Lx 2.0550, Lu 0.0445, Penalty 0.0458, loss 2.1453
Label Softmax (x): [0.06776885 0.06955904 0.08250962 0.06163811 0.12854895 0.14215405
 0.09253687 0.14009142 0.12514822 0.09004486]
Epoch 10, Batch 170/470, Grad Norms near zero: 0, Lx 2.0641, Lu 0.0351, Penalty 0.0446, loss 2.1438
Label Softmax (x): [0.07302724 0.09215578 0.0783747  0.06244414 0.11530634 0.15929133
 0.0905311  0.13154623 0.10672495 0.09059823]
Epoch 10, Batch 171/470, Grad Norms near zero: 0, Lx 2.0651, Lu 0.0368, Penalty 0.0362, loss 2.1381
Label Softmax (x): [0.07549467 0.10240588 0.07013306 0.06447873 0.11415038 0.16428366
 0.09518746 0.13931747 0.10034902 0.07419968]
Epoch 10, Batch 172/470, Grad Norms near zero: 0, Lx 1.9927, Lu 0.0269, Penalty 0.0435, loss 2.0631
Label Softmax (x): [0.0851239  0.0953813  0.08424561 0.06453186 0.10597033 0.16353388
 0.08874016 0.11285947 0.10708025 0.09253325]
Epoch 10, Batch 173/470, Grad Norms near zero: 0, Lx 2.0117, Lu 0.0258, Penalty 0.0276, loss 2.0650
Label Softmax (x): [0.0752199  0.08188165 0.09368472 0.06634781 0.11339524 0.139907
 0.10364385 0.11742889 0.12390271 0.08458821]
Epoch 10, Batch 174/470, Grad Norms near zero: 0, Lx 2.1276, Lu 0.0351, Penalty 0.0255, loss 2.1881
Label Softmax (x): [0.08331677 0.11339118 0.08259214 0.06596331 0.11120012 0.15928008
 0.08470002 0.12219337 0.08867483 0.08868816]
Epoch 10, Batch 175/470, Grad Norms near zero: 0, Lx 2.0572, Lu 0.0344, Penalty 0.0298, loss 2.1214
Label Softmax (x): [0.07129405 0.08872247 0.09036615 0.05921952 0.10950418 0.1448316
 0.09557613 0.15157628 0.11407217 0.07483743]
Epoch 10, Batch 176/470, Grad Norms near zero: 0, Lx 2.1551, Lu 0.0437, Penalty 0.0410, loss 2.2398
Label Softmax (x): [0.0713952  0.09994857 0.09501307 0.06247104 0.11502527 0.13456026
 0.09655869 0.12565413 0.12094003 0.07843372]
Epoch 10, Batch 177/470, Grad Norms near zero: 0, Lx 2.1869, Lu 0.0341, Penalty 0.0282, loss 2.2491
Label Softmax (x): [0.06810318 0.11145215 0.08681639 0.05822317 0.11821496 0.1438692
 0.09120107 0.14015648 0.11131772 0.07064568]
Epoch 10, Batch 178/470, Grad Norms near zero: 0, Lx 2.1153, Lu 0.0456, Penalty 0.0422, loss 2.2031
Label Softmax (x): [0.08004363 0.14267452 0.09382628 0.06528124 0.10331622 0.14030793
 0.08359692 0.11721083 0.08326669 0.09047576]
Epoch 10, Batch 179/470, Grad Norms near zero: 0, Lx 2.0311, Lu 0.0210, Penalty 0.0290, loss 2.0810
Label Softmax (x): [0.06865531 0.1059161  0.08375557 0.05965139 0.12617889 0.1457728
 0.09410973 0.12488007 0.11410899 0.07697114]
Epoch 10, Batch 180/470, Grad Norms near zero: 0, Lx 2.1248, Lu 0.0323, Penalty 0.0371, loss 2.1942
Label Softmax (x): [0.0859618  0.13144803 0.0871269  0.0676486  0.09828514 0.1588848
 0.0836845  0.119368   0.07134926 0.09624299]
Epoch 10, Batch 181/470, Grad Norms near zero: 0, Lx 2.1295, Lu 0.0376, Penalty 0.0338, loss 2.2009
Label Softmax (x): [0.07909484 0.10634615 0.08364818 0.06440977 0.11457811 0.15736136
 0.09512615 0.09643709 0.10720369 0.09579468]
Epoch 10, Batch 182/470, Grad Norms near zero: 0, Lx 2.2118, Lu 0.0404, Penalty 0.0262, loss 2.2783
Label Softmax (x): [0.07502007 0.10157923 0.08158614 0.06675626 0.10912441 0.17215118
 0.10103945 0.09577779 0.10271577 0.09424968]
Epoch 10, Batch 183/470, Grad Norms near zero: 0, Lx 2.1743, Lu 0.0420, Penalty 0.0314, loss 2.2477
Label Softmax (x): [0.07988335 0.11781935 0.08085033 0.07013035 0.08368507 0.19673187
 0.09703789 0.12587318 0.05454137 0.09344724]
Epoch 10, Batch 184/470, Grad Norms near zero: 0, Lx 2.0482, Lu 0.0336, Penalty 0.0603, loss 2.1422
Label Softmax (x): [0.07153049 0.0936493  0.08272812 0.06138596 0.11759759 0.17010823
 0.09433627 0.11213667 0.10918456 0.08734278]
Epoch 10, Batch 185/470, Grad Norms near zero: 0, Lx 2.1273, Lu 0.0488, Penalty 0.0376, loss 2.2137
Label Softmax (x): [0.08135962 0.08289576 0.09700308 0.0637883  0.09867442 0.16411878
 0.10353778 0.09910611 0.10450654 0.1050096 ]
Epoch 10, Batch 186/470, Grad Norms near zero: 0, Lx 2.1770, Lu 0.0409, Penalty 0.0273, loss 2.2452
Label Softmax (x): [0.08060803 0.09024952 0.08908648 0.06309827 0.09686451 0.17485157
 0.10334909 0.1073442  0.09246125 0.10208703]
Epoch 10, Batch 187/470, Grad Norms near zero: 0, Lx 2.0538, Lu 0.0251, Penalty 0.0321, loss 2.1110
Label Softmax (x): [0.08110832 0.10846235 0.10770343 0.06419884 0.08833467 0.14756714
 0.10109521 0.13164821 0.06887852 0.10100332]
Epoch 10, Batch 188/470, Grad Norms near zero: 0, Lx 2.0314, Lu 0.0365, Penalty 0.0309, loss 2.0989
Label Softmax (x): [0.08254891 0.08639952 0.10554355 0.062555   0.10622986 0.13758385
 0.10069104 0.10993425 0.10039663 0.10811742]
Epoch 10, Batch 189/470, Grad Norms near zero: 0, Lx 2.1776, Lu 0.0340, Penalty 0.0190, loss 2.2306
Label Softmax (x): [0.08281931 0.09616114 0.10887063 0.06506781 0.10956603 0.13301593
 0.10006422 0.13511086 0.07273675 0.09658733]
Epoch 10, Batch 190/470, Grad Norms near zero: 0, Lx 2.0792, Lu 0.0345, Penalty 0.0247, loss 2.1384
Label Softmax (x): [0.08054737 0.09172582 0.11039942 0.06057696 0.12545346 0.11343026
 0.09855071 0.10917388 0.10809346 0.10204865]
Epoch 10, Batch 191/470, Grad Norms near zero: 0, Lx 2.1897, Lu 0.0442, Penalty 0.0181, loss 2.2520
Label Softmax (x): [0.07910659 0.10436343 0.0881483  0.06011996 0.13456252 0.12954536
 0.0864723  0.12836151 0.10260226 0.08671776]
Epoch 10, Batch 192/470, Grad Norms near zero: 0, Lx 2.0835, Lu 0.0412, Penalty 0.0283, loss 2.1530
Label Softmax (x): [0.0789347  0.11103954 0.10299298 0.06077602 0.13707367 0.11320458
 0.0953521  0.11158995 0.09616102 0.09287544]
Epoch 10, Batch 193/470, Grad Norms near zero: 0, Lx 2.1587, Lu 0.0320, Penalty 0.0212, loss 2.2120
Label Softmax (x): [0.07617    0.12239625 0.10369817 0.06246697 0.13445747 0.10704591
 0.09729563 0.10853606 0.10012505 0.0878085 ]
Epoch 10, Batch 194/470, Grad Norms near zero: 0, Lx 2.1869, Lu 0.0351, Penalty 0.0214, loss 2.2435
Label Softmax (x): [0.06936827 0.13231938 0.10729828 0.06540383 0.13678794 0.11885283
 0.10498495 0.11614007 0.07789446 0.07095   ]
Epoch 10, Batch 195/470, Grad Norms near zero: 0, Lx 2.1282, Lu 0.0386, Penalty 0.0349, loss 2.2016
Label Softmax (x): [0.07778163 0.12977    0.10510432 0.06418863 0.14703727 0.10833116
 0.0937377  0.11103868 0.09133126 0.07167939]
Epoch 10, Batch 196/470, Grad Norms near zero: 0, Lx 2.0880, Lu 0.0355, Penalty 0.0302, loss 2.1538
Label Softmax (x): [0.07067031 0.10682623 0.08248062 0.06187928 0.11570686 0.15151784
 0.09344728 0.145343   0.09328479 0.07884382]
Epoch 10, Batch 197/470, Grad Norms near zero: 0, Lx 2.0424, Lu 0.0240, Penalty 0.0393, loss 2.1057
Label Softmax (x): [0.07651978 0.11655217 0.09289499 0.06044505 0.1145097  0.1262509
 0.09424255 0.1323994  0.10102871 0.08515675]
Epoch 10, Batch 198/470, Grad Norms near zero: 0, Lx 2.2025, Lu 0.0452, Penalty 0.0252, loss 2.2729
Label Softmax (x): [0.08038385 0.10110767 0.09819801 0.06444155 0.09343353 0.1678718
 0.10537316 0.124487   0.08362208 0.08108135]
Epoch 10, Batch 199/470, Grad Norms near zero: 0, Lx 1.9648, Lu 0.0228, Penalty 0.0332, loss 2.0208
Label Softmax (x): [0.07729233 0.10777067 0.07410381 0.06203891 0.0819946  0.19431764
 0.10318093 0.13714957 0.076634   0.08551752]
Epoch 10, Batch 200/470, Grad Norms near zero: 0, Lx 2.1945, Lu 0.0351, Penalty 0.0569, loss 2.2866
Label Softmax (x): [0.08214335 0.0997004  0.08651701 0.06604588 0.07130281 0.17026445
 0.11886966 0.12750012 0.08026259 0.09739371]
Epoch 10, Batch 201/470, Grad Norms near zero: 0, Lx 2.2486, Lu 0.0412, Penalty 0.0396, loss 2.3294
Label Softmax (x): [0.07862276 0.10685419 0.07537018 0.0613127  0.07762019 0.19206057
 0.10421124 0.13866599 0.0807236  0.08455861]
Epoch 10, Batch 202/470, Grad Norms near zero: 0, Lx 2.0477, Lu 0.0427, Penalty 0.0561, loss 2.1464
Label Softmax (x): [0.09417358 0.08788329 0.10602161 0.06309761 0.07823171 0.14791551
 0.10996778 0.10370129 0.11661803 0.09238957]
Epoch 10, Batch 203/470, Grad Norms near zero: 0, Lx 2.1367, Lu 0.0337, Penalty 0.0239, loss 2.1944
Label Softmax (x): [0.0836395  0.11025123 0.08372152 0.06913217 0.07541841 0.14604494
 0.12287334 0.12127082 0.09491183 0.09273627]
Epoch 10, Batch 204/470, Grad Norms near zero: 0, Lx 2.1725, Lu 0.0336, Penalty 0.0260, loss 2.2321
Label Softmax (x): [0.08804841 0.10447749 0.08753978 0.06887768 0.07879025 0.13289452
 0.12144521 0.11340979 0.10689841 0.09761845]
Epoch 10, Batch 205/470, Grad Norms near zero: 0, Lx 2.0991, Lu 0.0279, Penalty 0.0181, loss 2.1450
Label Softmax (x): [0.07913576 0.11058338 0.07982519 0.06455281 0.09830016 0.12879658
 0.10979644 0.12496144 0.11646423 0.08758403]
Epoch 10, Batch 206/470, Grad Norms near zero: 0, Lx 2.1322, Lu 0.0411, Penalty 0.0224, loss 2.1957
Label Softmax (x): [0.08048879 0.12047939 0.07298823 0.06552801 0.10321915 0.13036089
 0.10473022 0.12106057 0.1143737  0.08677106]
Epoch 10, Batch 207/470, Grad Norms near zero: 0, Lx 2.0792, Lu 0.0364, Penalty 0.0242, loss 2.1399
Label Softmax (x): [0.07397882 0.11691515 0.07933886 0.06531645 0.11144097 0.12152226
 0.10300756 0.12112974 0.12425482 0.08309536]
Epoch 10, Batch 208/470, Grad Norms near zero: 0, Lx 2.1407, Lu 0.0392, Penalty 0.0246, loss 2.2045
Label Softmax (x): [0.07531304 0.08993053 0.08734185 0.06559697 0.10661823 0.14858562
 0.09773913 0.11890501 0.12793139 0.08203826]
Epoch 10, Batch 209/470, Grad Norms near zero: 0, Lx 2.0753, Lu 0.0352, Penalty 0.0288, loss 2.1393
Label Softmax (x): [0.07110049 0.10440104 0.0845714  0.06855093 0.11584178 0.12341551
 0.10904944 0.12535161 0.11236919 0.0853486 ]
Epoch 10, Batch 210/470, Grad Norms near zero: 0, Lx 2.1294, Lu 0.0345, Penalty 0.0215, loss 2.1854
Label Softmax (x): [0.07019988 0.10616614 0.08147473 0.06564292 0.12713589 0.12491337
 0.10369064 0.11610372 0.12036754 0.08430517]
Epoch 10, Batch 211/470, Grad Norms near zero: 0, Lx 2.0918, Lu 0.0341, Penalty 0.0257, loss 2.1516
Label Softmax (x): [0.07265169 0.09651245 0.08593227 0.06513499 0.12580484 0.12955788
 0.09872195 0.11894229 0.1165193  0.09022235]
Epoch 10, Batch 212/470, Grad Norms near zero: 0, Lx 2.1484, Lu 0.0356, Penalty 0.0236, loss 2.2077
Label Softmax (x): [0.07486739 0.0946714  0.08173266 0.06864274 0.10952936 0.15476353
 0.09365301 0.13229042 0.09895564 0.09089385]
Epoch 10, Batch 213/470, Grad Norms near zero: 0, Lx 1.9624, Lu 0.0204, Penalty 0.0286, loss 2.0114
Label Softmax (x): [0.09135967 0.09200324 0.09372428 0.06495197 0.11207492 0.15885001
 0.08147486 0.09923173 0.10798334 0.09834596]
Epoch 10, Batch 214/470, Grad Norms near zero: 0, Lx 2.1041, Lu 0.0281, Penalty 0.0246, loss 2.1568
Label Softmax (x): [0.08620572 0.11929128 0.09380165 0.06392306 0.11526877 0.15503696
 0.07998775 0.08610392 0.10002926 0.10035162]
Epoch 10, Batch 215/470, Grad Norms near zero: 0, Lx 1.9990, Lu 0.0364, Penalty 0.0272, loss 2.0626
Label Softmax (x): [0.07970352 0.11564574 0.09084587 0.06383567 0.12452235 0.16360363
 0.07212726 0.09779762 0.10371904 0.0881993 ]
Epoch 10, Batch 216/470, Grad Norms near zero: 0, Lx 1.9268, Lu 0.0241, Penalty 0.0353, loss 1.9862
Label Softmax (x): [0.07575537 0.11706705 0.09102419 0.06297746 0.12407464 0.16645265
 0.07432588 0.0993968  0.08877087 0.10015509]
Epoch 10, Batch 217/470, Grad Norms near zero: 0, Lx 2.0093, Lu 0.0243, Penalty 0.0372, loss 2.0708
Label Softmax (x): [0.06374288 0.0906662  0.08966173 0.0614113  0.1498953  0.15835708
 0.08603103 0.11052806 0.09779432 0.09191208]
Epoch 10, Batch 218/470, Grad Norms near zero: 0, Lx 2.0631, Lu 0.0308, Penalty 0.0438, loss 2.1376
Label Softmax (x): [0.06773511 0.11410762 0.09239016 0.06364885 0.1316358  0.14809448
 0.09001629 0.10363767 0.0828028  0.10593124]
Epoch 10, Batch 219/470, Grad Norms near zero: 0, Lx 2.1365, Lu 0.0332, Penalty 0.0322, loss 2.2018
Label Softmax (x): [0.06624814 0.11966392 0.08806742 0.06369989 0.12644905 0.15855676
 0.08817527 0.108294   0.07765763 0.10318795]
Epoch 10, Batch 220/470, Grad Norms near zero: 0, Lx 2.0144, Lu 0.0361, Penalty 0.0382, loss 2.0888
Label Softmax (x): [0.05577983 0.12739381 0.07944782 0.06096969 0.16385314 0.14397405
 0.0840861  0.11294241 0.08767174 0.08388145]
Epoch 10, Batch 221/470, Grad Norms near zero: 0, Lx 2.0978, Lu 0.0321, Penalty 0.0567, loss 2.1866
Label Softmax (x): [0.05277271 0.11464316 0.08213359 0.06004843 0.15123591 0.15780364
 0.09143417 0.12125595 0.0855902  0.08308223]
Epoch 10, Batch 222/470, Grad Norms near zero: 0, Lx 2.1057, Lu 0.0475, Penalty 0.0577, loss 2.2110
Label Softmax (x): [0.05521277 0.12225544 0.08356233 0.06091003 0.1413756  0.15852831
 0.09459792 0.11536479 0.08242359 0.08576922]
Epoch 10, Batch 223/470, Grad Norms near zero: 0, Lx 2.0340, Lu 0.0297, Penalty 0.0521, loss 2.1158
Label Softmax (x): [0.05661642 0.09851062 0.09399955 0.05757385 0.1315171  0.15730056
 0.09485888 0.13622299 0.08959334 0.08380669]
Epoch 10, Batch 224/470, Grad Norms near zero: 0, Lx 2.1354, Lu 0.0414, Penalty 0.0501, loss 2.2269
Label Softmax (x): [0.0660592  0.13206714 0.10536127 0.05954768 0.10747196 0.1384325
 0.10409595 0.11004127 0.07536878 0.10155427]
Epoch 10, Batch 225/470, Grad Norms near zero: 0, Lx 2.1359, Lu 0.0349, Penalty 0.0337, loss 2.2045
Label Softmax (x): [0.05646561 0.2217493  0.09857851 0.05691086 0.10538609 0.11625671
 0.08334618 0.10154553 0.06740834 0.09235284]
Epoch 10, Batch 226/470, Grad Norms near zero: 0, Lx 1.9416, Lu 0.0327, Penalty 0.0791, loss 2.0534
Label Softmax (x): [0.06790001 0.11520156 0.10033362 0.06230309 0.10087259 0.16167064
 0.10571049 0.12152035 0.08185363 0.08263404]
Epoch 10, Batch 227/470, Grad Norms near zero: 0, Lx 2.1321, Lu 0.0379, Penalty 0.0367, loss 2.2067
Label Softmax (x): [0.0700341  0.1884017  0.09504977 0.06058649 0.10083631 0.12173025
 0.09066059 0.10373494 0.0707981  0.09816779]
Epoch 10, Batch 228/470, Grad Norms near zero: 0, Lx 1.9291, Lu 0.0268, Penalty 0.0495, loss 2.0054
Label Softmax (x): [0.07535779 0.07011996 0.09583148 0.06278647 0.08930152 0.18698414
 0.1028848  0.15003775 0.09089265 0.07580345]
Epoch 10, Batch 229/470, Grad Norms near zero: 0, Lx 2.1916, Lu 0.0421, Penalty 0.0572, loss 2.2909
Label Softmax (x): [0.07862772 0.06857024 0.09426497 0.06286303 0.08977313 0.19586104
 0.09814566 0.14644179 0.08865777 0.07679462]
Epoch 10, Batch 230/470, Grad Norms near zero: 0, Lx 2.0064, Lu 0.0299, Penalty 0.0598, loss 2.0962
Label Softmax (x): [0.08877636 0.08022397 0.09033789 0.06557298 0.08847471 0.19194254
 0.0967385  0.13078804 0.08765336 0.07949166]
Epoch 10, Batch 231/470, Grad Norms near zero: 0, Lx 2.0887, Lu 0.0250, Penalty 0.0459, loss 2.1597
Label Softmax (x): [0.09572943 0.07306825 0.08668648 0.06859734 0.08631888 0.19068314
 0.09663158 0.13730088 0.0817474  0.08323663]
Epoch 10, Batch 232/470, Grad Norms near zero: 0, Lx 2.0179, Lu 0.0312, Penalty 0.0481, loss 2.0972
Label Softmax (x): [0.09455362 0.07926887 0.08669591 0.07051145 0.09589465 0.17853431
 0.09785738 0.12658775 0.08729585 0.08280026]
Epoch 10, Batch 233/470, Grad Norms near zero: 0, Lx 2.1385, Lu 0.0289, Penalty 0.0353, loss 2.2027
Label Softmax (x): [0.10049805 0.09073999 0.07610661 0.06682659 0.11519852 0.15954898
 0.08393488 0.13313669 0.08385623 0.09015346]
Epoch 10, Batch 234/470, Grad Norms near zero: 0, Lx 1.9616, Lu 0.0382, Penalty 0.0328, loss 2.0326
Label Softmax (x): [0.09362836 0.10565629 0.0779031  0.06662503 0.13054866 0.1434381
 0.08319086 0.12253451 0.09679523 0.07967986]
Epoch 10, Batch 235/470, Grad Norms near zero: 0, Lx 2.0029, Lu 0.0328, Penalty 0.0280, loss 2.0638
Label Softmax (x): [0.10142446 0.09427771 0.07448292 0.06730355 0.12507917 0.1494882
 0.08162464 0.11633386 0.09919279 0.09079272]
Epoch 10, Batch 236/470, Grad Norms near zero: 0, Lx 1.9835, Lu 0.0258, Penalty 0.0266, loss 2.0359
Label Softmax (x): [0.10873937 0.13476701 0.09406102 0.06668406 0.11755261 0.10745232
 0.08138812 0.07812288 0.1237731  0.0874595 ]
Epoch 10, Batch 237/470, Grad Norms near zero: 0, Lx 2.1492, Lu 0.0439, Penalty 0.0224, loss 2.2155
Label Softmax (x): [0.10747653 0.16052704 0.07695019 0.0668085  0.12700765 0.12016667
 0.08041793 0.07008801 0.10846927 0.08208822]
Epoch 10, Batch 238/470, Grad Norms near zero: 0, Lx 1.9935, Lu 0.0256, Penalty 0.0387, loss 2.0578
Label Softmax (x): [0.08455551 0.14714764 0.09423795 0.06343396 0.13415067 0.11302964
 0.08471656 0.07909695 0.12107196 0.07855915]
Epoch 10, Batch 239/470, Grad Norms near zero: 0, Lx 2.1573, Lu 0.0438, Penalty 0.0330, loss 2.2341
Label Softmax (x): [0.0835743  0.13597034 0.08299364 0.06472761 0.13882267 0.13177076
 0.08291658 0.08189951 0.11802478 0.07929981]
Epoch 10, Batch 240/470, Grad Norms near zero: 0, Lx 2.1878, Lu 0.0282, Penalty 0.0343, loss 2.2503
Label Softmax (x): [0.07536095 0.15400939 0.07857794 0.06677844 0.1444845  0.13009368
 0.08616379 0.08749817 0.10673822 0.07029489]
Epoch 10, Batch 241/470, Grad Norms near zero: 0, Lx 2.0809, Lu 0.0367, Penalty 0.0435, loss 2.1611
Label Softmax (x): [0.08116744 0.10953128 0.08407565 0.06118386 0.11180349 0.15208477
 0.07884756 0.13227992 0.10921314 0.0798129 ]
Epoch 10, Batch 242/470, Grad Norms near zero: 0, Lx 2.0053, Lu 0.0345, Penalty 0.0347, loss 2.0745
Label Softmax (x): [0.06917649 0.10594445 0.09340812 0.06307101 0.12920481 0.13337484
 0.09262478 0.12382813 0.10740052 0.08196681]
Epoch 10, Batch 243/470, Grad Norms near zero: 0, Lx 2.0985, Lu 0.0382, Penalty 0.0286, loss 2.1653
Label Softmax (x): [0.06606123 0.12375526 0.08674859 0.06478311 0.12966792 0.13248153
 0.09498445 0.12585448 0.0921371  0.08352636]
Epoch 10, Batch 244/470, Grad Norms near zero: 0, Lx 2.1302, Lu 0.0304, Penalty 0.0320, loss 2.1926
Label Softmax (x): [0.06764079 0.09126067 0.09855779 0.0600032  0.12694436 0.13436943
 0.09455374 0.12585513 0.11464025 0.08617466]
Epoch 10, Batch 245/470, Grad Norms near zero: 0, Lx 2.1113, Lu 0.0465, Penalty 0.0312, loss 2.1890
Label Softmax (x): [0.06832095 0.12571146 0.08384088 0.0617901  0.11087813 0.15685812
 0.08954293 0.13954844 0.08668693 0.07682206]
Epoch 10, Batch 246/470, Grad Norms near zero: 0, Lx 1.7837, Lu 0.0214, Penalty 0.0440, loss 1.8491
Label Softmax (x): [0.05987992 0.0933432  0.08211166 0.06097149 0.1242469  0.16217662
 0.09809703 0.14926575 0.08557665 0.08433077]
Epoch 10, Batch 247/470, Grad Norms near zero: 0, Lx 2.0707, Lu 0.0371, Penalty 0.0518, loss 2.1595
Label Softmax (x): [0.07307655 0.08809544 0.09255862 0.05882337 0.0970792  0.16081488
 0.09301557 0.15559302 0.08487864 0.09606469]
Epoch 10, Batch 248/470, Grad Norms near zero: 0, Lx 1.8736, Lu 0.0222, Penalty 0.0437, loss 1.9395
Label Softmax (x): [0.0654445  0.08988751 0.09806743 0.05821193 0.11465588 0.15101603
 0.09768659 0.14683385 0.08621243 0.09198388]
Epoch 10, Batch 249/470, Grad Norms near zero: 0, Lx 1.9261, Lu 0.0361, Penalty 0.0413, loss 2.0035
Label Softmax (x): [0.06695081 0.10027792 0.094905   0.06088154 0.11782488 0.12454392
 0.10806845 0.13355875 0.08703579 0.10595292]
Epoch 10, Batch 250/470, Grad Norms near zero: 0, Lx 2.1693, Lu 0.0424, Penalty 0.0278, loss 2.2394
Label Softmax (x): [0.06694266 0.09649542 0.09692729 0.06023273 0.12760842 0.11350682
 0.10251173 0.14466849 0.09527519 0.09583122]
Epoch 10, Batch 251/470, Grad Norms near zero: 0, Lx 1.9145, Lu 0.0298, Penalty 0.0302, loss 1.9745
Label Softmax (x): [0.06723201 0.093925   0.07940406 0.06127121 0.12890567 0.13278905
 0.10328404 0.1531837  0.08292155 0.09708373]
Epoch 10, Batch 252/470, Grad Norms near zero: 0, Lx 1.9679, Lu 0.0221, Penalty 0.0401, loss 2.0300
Label Softmax (x): [0.07328741 0.09504688 0.08796415 0.06340492 0.12706503 0.11146136
 0.10387311 0.14627022 0.08608863 0.10553833]
Epoch 10, Batch 253/470, Grad Norms near zero: 0, Lx 2.0796, Lu 0.0452, Penalty 0.0275, loss 2.1523
Label Softmax (x): [0.06909677 0.08003277 0.08018257 0.06468183 0.12619121 0.12964147
 0.10546244 0.16884139 0.07870342 0.09716613]
Epoch 10, Batch 254/470, Grad Norms near zero: 0, Lx 2.0484, Lu 0.0532, Penalty 0.0448, loss 2.1464
Label Softmax (x): [0.07673782 0.09578311 0.07619556 0.06436325 0.13425718 0.13293159
 0.10147641 0.14681017 0.07265484 0.09879005]
Epoch 10, Batch 255/470, Grad Norms near zero: 0, Lx 2.1819, Lu 0.0420, Penalty 0.0374, loss 2.2614
Label Softmax (x): [0.07698018 0.0930807  0.06523716 0.06627984 0.11857421 0.16641611
 0.10419063 0.15544626 0.06070506 0.09308985]
Epoch 10, Batch 256/470, Grad Norms near zero: 0, Lx 2.1265, Lu 0.0270, Penalty 0.0581, loss 2.2116
Label Softmax (x): [0.07996548 0.10855071 0.0958409  0.06303661 0.12153864 0.11275134
 0.10959084 0.12520514 0.0830487  0.10047164]
Epoch 10, Batch 257/470, Grad Norms near zero: 0, Lx 2.0649, Lu 0.0287, Penalty 0.0195, loss 2.1131
Label Softmax (x): [0.08073898 0.11303977 0.08722971 0.06668229 0.11820067 0.1271536
 0.11207175 0.12537366 0.07490671 0.09460285]
Epoch 10, Batch 258/470, Grad Norms near zero: 0, Lx 2.1189, Lu 0.0391, Penalty 0.0230, loss 2.1810
Label Softmax (x): [0.09212753 0.15129633 0.08961564 0.0642851  0.11201348 0.109526
 0.11493848 0.08378558 0.07894468 0.10346717]
Epoch 10, Batch 259/470, Grad Norms near zero: 0, Lx 1.8567, Lu 0.0300, Penalty 0.0255, loss 1.9122
Label Softmax (x): [0.09863213 0.15565777 0.09331866 0.06367345 0.09909759 0.114452
 0.11551779 0.06884772 0.08174261 0.10906024]
Epoch 10, Batch 260/470, Grad Norms near zero: 0, Lx 2.0672, Lu 0.0367, Penalty 0.0310, loss 2.1348
Label Softmax (x): [0.08989325 0.14084841 0.07958955 0.06703642 0.10737526 0.13578941
 0.11605833 0.08543146 0.08550272 0.09247518]
Epoch 10, Batch 261/470, Grad Norms near zero: 0, Lx 1.9649, Lu 0.0287, Penalty 0.0259, loss 2.0194
Label Softmax (x): [0.07761558 0.14082325 0.06291158 0.06929841 0.10036831 0.17977488
 0.10387776 0.11468085 0.07260962 0.0780398 ]
Epoch 10, Batch 262/470, Grad Norms near zero: 0, Lx 2.0743, Lu 0.0333, Penalty 0.0544, loss 2.1620
Label Softmax (x): [0.07203391 0.13812754 0.06512282 0.06668247 0.09567087 0.19118129
 0.10072774 0.1174936  0.07874726 0.0742125 ]
Epoch 10, Batch 263/470, Grad Norms near zero: 0, Lx 2.0547, Lu 0.0259, Penalty 0.0604, loss 2.1410
Label Softmax (x): [0.07056388 0.11097469 0.07466029 0.06544738 0.09319997 0.19327395
 0.0986902  0.12320992 0.09685609 0.07312363]
Epoch 10, Batch 264/470, Grad Norms near zero: 0, Lx 2.1118, Lu 0.0267, Penalty 0.0522, loss 2.1907
Label Softmax (x): [0.07508669 0.0654412  0.06721098 0.06204613 0.10115521 0.19544885
 0.08496398 0.1535434  0.12481643 0.07028715]
Epoch 10, Batch 265/470, Grad Norms near zero: 0, Lx 1.8336, Lu 0.0204, Penalty 0.0769, loss 1.9308
Label Softmax (x): [0.07027139 0.10604717 0.06948433 0.06268653 0.08461637 0.24291362
 0.08863343 0.12684508 0.08322863 0.06527342]
Epoch 10, Batch 266/470, Grad Norms near zero: 0, Lx 1.9711, Lu 0.0371, Penalty 0.0898, loss 2.0980
Label Softmax (x): [0.07666185 0.10381706 0.07181405 0.0646885  0.09995579 0.21421641
 0.09732306 0.10109258 0.092613   0.07781771]
Epoch 10, Batch 267/470, Grad Norms near zero: 0, Lx 2.1224, Lu 0.0252, Penalty 0.0577, loss 2.2053
Label Softmax (x): [0.07149368 0.09514973 0.08833725 0.06134006 0.10394506 0.18844156
 0.09568586 0.11817899 0.10585012 0.07157771]
Epoch 10, Batch 268/470, Grad Norms near zero: 0, Lx 2.1509, Lu 0.0316, Penalty 0.0480, loss 2.2305
Label Softmax (x): [0.07013963 0.09776886 0.08375773 0.0625754  0.12035183 0.18316096
 0.09715218 0.11024757 0.10490751 0.06993833]
Epoch 10, Batch 269/470, Grad Norms near zero: 0, Lx 1.9191, Lu 0.0270, Penalty 0.0474, loss 1.9935
Label Softmax (x): [0.06719587 0.07450174 0.09154935 0.05939174 0.13968699 0.14139605
 0.09033577 0.14288196 0.12885796 0.06420261]
Epoch 10, Batch 270/470, Grad Norms near zero: 0, Lx 1.9848, Lu 0.0415, Penalty 0.0555, loss 2.0818
Label Softmax (x): [0.07022296 0.12436575 0.10829228 0.05816583 0.14150225 0.12660472
 0.09847461 0.08508969 0.10723931 0.0800426 ]
Epoch 10, Batch 271/470, Grad Norms near zero: 0, Lx 2.1571, Lu 0.0397, Penalty 0.0344, loss 2.2312
Label Softmax (x): [0.06862374 0.11630639 0.12134872 0.05915545 0.1367771  0.10613157
 0.10015515 0.08725107 0.12086951 0.0833813 ]
Epoch 10, Batch 272/470, Grad Norms near zero: 0, Lx 2.2156, Lu 0.0482, Penalty 0.0311, loss 2.2949
Label Softmax (x): [0.06788577 0.12841474 0.09917384 0.06416144 0.14483863 0.11569483
 0.10483387 0.08821009 0.10083158 0.08595519]
Epoch 10, Batch 273/470, Grad Norms near zero: 0, Lx 2.1532, Lu 0.0485, Penalty 0.0294, loss 2.2311
Label Softmax (x): [0.07096849 0.11242956 0.09723263 0.0612104  0.13407454 0.12640801
 0.09907492 0.1057156  0.09604292 0.09684294]
Epoch 10, Batch 274/470, Grad Norms near zero: 0, Lx 2.1139, Lu 0.0337, Penalty 0.0243, loss 2.1720
Label Softmax (x): [0.06783679 0.10716225 0.0674757  0.06266508 0.14692768 0.13675895
 0.08144736 0.17190781 0.08242519 0.07539319]
Epoch 10, Batch 275/470, Grad Norms near zero: 0, Lx 2.0384, Lu 0.0313, Penalty 0.0621, loss 2.1319
Label Softmax (x): [0.06971095 0.11378239 0.08519617 0.06415448 0.12204313 0.12943694
 0.09413752 0.13170306 0.08668838 0.10314699]
Epoch 10, Batch 276/470, Grad Norms near zero: 0, Lx 2.1365, Lu 0.0276, Penalty 0.0275, loss 2.1917
Label Softmax (x): [0.07537814 0.11003527 0.08839455 0.06354732 0.11363977 0.12471677
 0.09254237 0.12941879 0.08880498 0.11352202]
Epoch 10, Batch 277/470, Grad Norms near zero: 0, Lx 2.0534, Lu 0.0375, Penalty 0.0227, loss 2.1136
Label Softmax (x): [0.07918786 0.12543726 0.08347289 0.06453398 0.10988604 0.11563942
 0.09204975 0.12435286 0.08047189 0.12496806]
Epoch 10, Batch 278/470, Grad Norms near zero: 0, Lx 2.1240, Lu 0.0239, Penalty 0.0245, loss 2.1724
Label Softmax (x): [0.08121356 0.09976454 0.07619157 0.06331458 0.11236234 0.12182012
 0.08830145 0.14602004 0.08631895 0.12469286]
Epoch 10, Batch 279/470, Grad Norms near zero: 0, Lx 2.1859, Lu 0.0345, Penalty 0.0298, loss 2.2502
Label Softmax (x): [0.08108023 0.10320324 0.07596908 0.06315587 0.09741302 0.13374986
 0.0810587  0.1558428  0.09028806 0.11823915]
Epoch 10, Batch 280/470, Grad Norms near zero: 0, Lx 2.0287, Lu 0.0282, Penalty 0.0349, loss 2.0918
Label Softmax (x): [0.06978098 0.0748881  0.0599376  0.06812213 0.102048   0.157631
 0.08925322 0.20086095 0.07707291 0.10040517]
Epoch 10, Batch 281/470, Grad Norms near zero: 0, Lx 1.9903, Lu 0.0280, Penalty 0.0742, loss 2.0925
Label Softmax (x): [0.08081246 0.09400123 0.0946809  0.06164437 0.09449774 0.12206191
 0.08307908 0.1424587  0.11502156 0.11174202]
Epoch 10, Batch 282/470, Grad Norms near zero: 0, Lx 2.1643, Lu 0.0364, Penalty 0.0251, loss 2.2258
Label Softmax (x): [0.07305916 0.09871789 0.0734548  0.0667733  0.11321107 0.14498939
 0.08777565 0.1497789  0.09719046 0.09504937]
Epoch 10, Batch 283/470, Grad Norms near zero: 0, Lx 1.9175, Lu 0.0307, Penalty 0.0349, loss 1.9832
Label Softmax (x): [0.08005559 0.09410744 0.0663774  0.07136819 0.09410599 0.1649878
 0.08813918 0.14945476 0.0877032  0.10370042]
Epoch 10, Batch 284/470, Grad Norms near zero: 0, Lx 1.8958, Lu 0.0300, Penalty 0.0410, loss 1.9667
Label Softmax (x): [0.07164447 0.08500008 0.08091477 0.07027911 0.11684367 0.15431571
 0.09874825 0.11340575 0.10464078 0.1042074 ]
Epoch 10, Batch 285/470, Grad Norms near zero: 0, Lx 2.0399, Lu 0.0358, Penalty 0.0271, loss 2.1028
Label Softmax (x): [0.06217323 0.11604747 0.07665692 0.06970957 0.12337881 0.15521103
 0.09749003 0.10781212 0.10432352 0.08719732]
Epoch 10, Batch 286/470, Grad Norms near zero: 0, Lx 2.0805, Lu 0.0454, Penalty 0.0348, loss 2.1608
Label Softmax (x): [0.06279592 0.11962777 0.07440165 0.07084183 0.1130926  0.1711931
 0.09624785 0.1101495  0.09730985 0.08433992]
Epoch 10, Batch 287/470, Grad Norms near zero: 0, Lx 2.1148, Lu 0.0413, Penalty 0.0405, loss 2.1966
Label Softmax (x): [0.05977461 0.14962758 0.09259725 0.06607979 0.13555506 0.1328784
 0.10266529 0.07717081 0.08533657 0.09831465]
Epoch 10, Batch 288/470, Grad Norms near zero: 0, Lx 1.7575, Lu 0.0283, Penalty 0.0423, loss 1.8281
Label Softmax (x): [0.05510267 0.1448203  0.09856433 0.06599052 0.12505887 0.14035304
 0.09330486 0.09537433 0.10312176 0.07830931]
Epoch 10, Batch 289/470, Grad Norms near zero: 0, Lx 2.0754, Lu 0.0343, Penalty 0.0424, loss 2.1521
Label Softmax (x): [0.05717994 0.14878532 0.09016136 0.06612956 0.15764065 0.13778733
 0.09742717 0.07959302 0.0764257  0.08886995]
Epoch 10, Batch 290/470, Grad Norms near zero: 0, Lx 1.8841, Lu 0.0269, Penalty 0.0544, loss 1.9655
Label Softmax (x): [0.0595622  0.1472507  0.08222444 0.06744993 0.12850827 0.1695916
 0.08934333 0.10752053 0.07446954 0.07407947]
Epoch 10, Batch 291/470, Grad Norms near zero: 0, Lx 2.0269, Lu 0.0472, Penalty 0.0577, loss 2.1318
Label Softmax (x): [0.06169714 0.1554785  0.0835956  0.06309702 0.13641074 0.15436606
 0.08298791 0.11389873 0.07673253 0.07173575]
Epoch 10, Batch 292/470, Grad Norms near zero: 0, Lx 2.0280, Lu 0.0308, Penalty 0.0590, loss 2.1178
Label Softmax (x): [0.06631029 0.12715228 0.07100128 0.06225704 0.12837198 0.18331343
 0.08192912 0.1370862  0.06564921 0.07692916]
Epoch 10, Batch 293/470, Grad Norms near zero: 0, Lx 2.1561, Lu 0.0369, Penalty 0.0698, loss 2.2628
Label Softmax (x): [0.0704916  0.12046531 0.06445426 0.06425622 0.12338309 0.19305858
 0.08045335 0.14614806 0.0620109  0.07527866]
Epoch 10, Batch 294/470, Grad Norms near zero: 0, Lx 2.0741, Lu 0.0392, Penalty 0.0777, loss 2.1910
Label Softmax (x): [0.07853876 0.1300891  0.07132313 0.06511134 0.1321055  0.16765717
 0.09373114 0.0937061  0.05089047 0.11684729]
Epoch 10, Batch 295/470, Grad Norms near zero: 0, Lx 1.8348, Lu 0.0239, Penalty 0.0600, loss 1.9187
Label Softmax (x): [0.09100431 0.08523878 0.06925468 0.06268281 0.11343881 0.17699525
 0.0876199  0.14244911 0.07137039 0.09994596]
Epoch 10, Batch 296/470, Grad Norms near zero: 0, Lx 2.1719, Lu 0.0395, Penalty 0.0508, loss 2.2621
Label Softmax (x): [0.08701065 0.08354175 0.07284527 0.06498576 0.11272959 0.17192811
 0.0853681  0.14275193 0.07944202 0.09939685]
Epoch 10, Batch 297/470, Grad Norms near zero: 0, Lx 1.9440, Lu 0.0283, Penalty 0.0444, loss 2.0167
Label Softmax (x): [0.09229468 0.1361032  0.08144091 0.06137745 0.11817404 0.13527216
 0.09595357 0.08685775 0.06340507 0.12912117]
Epoch 10, Batch 298/470, Grad Norms near zero: 0, Lx 1.9322, Lu 0.0223, Penalty 0.0379, loss 1.9924
Label Softmax (x): [0.08985756 0.09699216 0.08913697 0.06177759 0.11040286 0.14491399
 0.09106064 0.11815265 0.09071632 0.10698924]
Epoch 10, Batch 299/470, Grad Norms near zero: 0, Lx 2.0539, Lu 0.0338, Penalty 0.0221, loss 2.1099
Label Softmax (x): [0.07994708 0.13127394 0.10178325 0.05719775 0.13276301 0.11992681
 0.09190927 0.08610591 0.09063889 0.10845408]
Epoch 10, Batch 300/470, Grad Norms near zero: 0, Lx 1.9423, Lu 0.0248, Penalty 0.0279, loss 1.9949
Label Softmax (x): [0.06792982 0.13132973 0.09243294 0.05857456 0.14846066 0.12853074
 0.08957836 0.11201573 0.08770582 0.08344161]
Epoch 10, Batch 301/470, Grad Norms near zero: 0, Lx 1.9855, Lu 0.0409, Penalty 0.0390, loss 2.0654
Label Softmax (x): [0.08135109 0.10777391 0.11266024 0.05834395 0.1054237  0.12117786
 0.09304292 0.09707184 0.10835906 0.11479545]
Epoch 10, Batch 302/470, Grad Norms near zero: 0, Lx 1.9163, Lu 0.0310, Penalty 0.0190, loss 1.9663
Label Softmax (x): [0.08309075 0.08402481 0.0976029  0.06186283 0.09675304 0.14776191
 0.09412861 0.12057984 0.12472114 0.08947417]
Epoch 10, Batch 303/470, Grad Norms near zero: 0, Lx 2.0793, Lu 0.0346, Penalty 0.0270, loss 2.1409
Label Softmax (x): [0.07557195 0.070543   0.0811304  0.06285761 0.09302345 0.18016043
 0.09273098 0.14773345 0.1144021  0.08184662]
Epoch 10, Batch 304/470, Grad Norms near zero: 0, Lx 1.9887, Lu 0.0343, Penalty 0.0537, loss 2.0768
Label Softmax (x): [0.06811226 0.12409306 0.11041579 0.06169711 0.08375935 0.13529208
 0.10069517 0.09172832 0.11472993 0.1094769 ]
Epoch 10, Batch 305/470, Grad Norms near zero: 0, Lx 2.0833, Lu 0.0368, Penalty 0.0278, loss 2.1480
Label Softmax (x): [0.05686065 0.11975108 0.09908344 0.0619349  0.09657282 0.13817674
 0.09418228 0.12212779 0.12908423 0.08222605]
Epoch 10, Batch 306/470, Grad Norms near zero: 0, Lx 1.9590, Lu 0.0293, Penalty 0.0385, loss 2.0267
Label Softmax (x): [0.05336734 0.08797638 0.08821302 0.06528223 0.100031   0.16192168
 0.09822837 0.13069715 0.12514108 0.0891417 ]
Epoch 10, Batch 307/470, Grad Norms near zero: 0, Lx 2.0284, Lu 0.0369, Penalty 0.0467, loss 2.1119
Label Softmax (x): [0.07681939 0.09244157 0.08189663 0.06725213 0.10108437 0.15091401
 0.12038052 0.10286686 0.11210188 0.09424265]
Epoch 10, Batch 308/470, Grad Norms near zero: 0, Lx 2.0771, Lu 0.0286, Penalty 0.0248, loss 2.1306
Label Softmax (x): [0.07583044 0.09392001 0.07269036 0.06985133 0.10855526 0.16118237
 0.11470786 0.11296041 0.1033096  0.08699238]
Epoch 10, Batch 309/470, Grad Norms near zero: 0, Lx 2.0059, Lu 0.0380, Penalty 0.0305, loss 2.0745
Label Softmax (x): [0.06411564 0.0938667  0.08200991 0.06943156 0.11535943 0.15639107
 0.12593083 0.08975917 0.111683   0.09145271]
Epoch 10, Batch 310/470, Grad Norms near zero: 0, Lx 2.1030, Lu 0.0469, Penalty 0.0337, loss 2.1836
Label Softmax (x): [0.05141553 0.07958485 0.07710472 0.0666959  0.10728218 0.17953879
 0.09181421 0.12170783 0.13219243 0.09266357]
Epoch 10, Batch 311/470, Grad Norms near zero: 0, Lx 1.7595, Lu 0.0264, Penalty 0.0589, loss 1.8448
Label Softmax (x): [0.05629059 0.11270422 0.06296796 0.06847638 0.14960605 0.16792876
 0.10951257 0.09673084 0.09260117 0.0831815 ]
Epoch 10, Batch 312/470, Grad Norms near zero: 0, Lx 1.6848, Lu 0.0347, Penalty 0.0578, loss 1.7773
Label Softmax (x): [0.05838922 0.12446477 0.06442041 0.06841251 0.15353529 0.17734954
 0.0994243  0.09701695 0.0847304  0.07225662]
Epoch 10, Batch 313/470, Grad Norms near zero: 0, Lx 2.0488, Lu 0.0382, Penalty 0.0664, loss 2.1533
Label Softmax (x): [0.06073397 0.13249883 0.06185016 0.06746383 0.15166385 0.17604585
 0.0947424  0.10436723 0.07985339 0.07078049]
Epoch 10, Batch 314/470, Grad Norms near zero: 0, Lx 2.0141, Lu 0.0272, Penalty 0.0691, loss 2.1103
Label Softmax (x): [0.06558632 0.14290227 0.07001583 0.06776606 0.1464418  0.16287841
 0.09572062 0.09098064 0.07923407 0.07847399]
Epoch 10, Batch 315/470, Grad Norms near zero: 0, Lx 2.0639, Lu 0.0290, Penalty 0.0555, loss 2.1483
Label Softmax (x): [0.05766764 0.08105964 0.06628932 0.06765816 0.12510599 0.20300585
 0.07282159 0.12428243 0.10248991 0.09961946]
Epoch 10, Batch 316/470, Grad Norms near zero: 0, Lx 1.8819, Lu 0.0247, Penalty 0.0709, loss 1.9775
Label Softmax (x): [0.0678623  0.1212098  0.07784422 0.06291043 0.13299643 0.17832184
 0.07959165 0.10240414 0.09696895 0.07989027]
Epoch 10, Batch 317/470, Grad Norms near zero: 0, Lx 2.0565, Lu 0.0389, Penalty 0.0505, loss 2.1460
Label Softmax (x): [0.07183434 0.13030846 0.07959748 0.06231206 0.14932084 0.14993832
 0.07903828 0.10563251 0.09788558 0.07413213]
Epoch 10, Batch 318/470, Grad Norms near zero: 0, Lx 2.0124, Lu 0.0315, Penalty 0.0462, loss 2.0902
Label Softmax (x): [0.07115421 0.12001706 0.07924183 0.06206882 0.12201822 0.18082315
 0.07659792 0.11800705 0.08972701 0.08034477]
Epoch 10, Batch 319/470, Grad Norms near zero: 0, Lx 2.1429, Lu 0.0351, Penalty 0.0504, loss 2.2285
Label Softmax (x): [0.0730905  0.09428021 0.0679493  0.06236018 0.0939034  0.19673848
 0.06195912 0.13933267 0.1006534  0.10973275]
Epoch 10, Batch 320/470, Grad Norms near zero: 0, Lx 1.9579, Lu 0.0329, Penalty 0.0665, loss 2.0573
Label Softmax (x): [0.07001623 0.10350882 0.07382248 0.06269716 0.12183172 0.15656346
 0.06897302 0.13645652 0.10077373 0.10535687]
Epoch 10, Batch 321/470, Grad Norms near zero: 0, Lx 1.7614, Lu 0.0175, Penalty 0.0447, loss 1.8236
Label Softmax (x): [0.0825339  0.09729908 0.07747632 0.05949064 0.12977555 0.14655627
 0.07778332 0.15389125 0.09114058 0.0840531 ]
Epoch 10, Batch 322/470, Grad Norms near zero: 0, Lx 1.9788, Lu 0.0332, Penalty 0.0438, loss 2.0557
Label Softmax (x): [0.07658514 0.09245674 0.07492845 0.06301175 0.12431506 0.1419821
 0.07709375 0.13773373 0.0950171  0.11687618]
Epoch 10, Batch 323/470, Grad Norms near zero: 0, Lx 1.6839, Lu 0.0197, Penalty 0.0363, loss 1.7399
Label Softmax (x): [0.08628877 0.08348674 0.08042447 0.05997965 0.1293278  0.1340852
 0.0856695  0.16367744 0.09123233 0.08582814]
Epoch 10, Batch 324/470, Grad Norms near zero: 0, Lx 2.1071, Lu 0.0405, Penalty 0.0413, loss 2.1890
Label Softmax (x): [0.08471493 0.09498654 0.08375198 0.06339812 0.1415008  0.11114352
 0.0903909  0.12297528 0.09534196 0.11179598]
Epoch 10, Batch 325/470, Grad Norms near zero: 0, Lx 1.9717, Lu 0.0417, Penalty 0.0228, loss 2.0362
Label Softmax (x): [0.07823654 0.0823993  0.10782471 0.05980105 0.16548848 0.09191194
 0.09515898 0.10596454 0.11853253 0.09468187]
Epoch 10, Batch 326/470, Grad Norms near zero: 0, Lx 1.9791, Lu 0.0308, Penalty 0.0335, loss 2.0434
Label Softmax (x): [0.09136289 0.10323329 0.08767103 0.06025516 0.12299961 0.11974668
 0.09765615 0.13824737 0.09422652 0.0846013 ]
Epoch 10, Batch 327/470, Grad Norms near zero: 0, Lx 2.1276, Lu 0.0483, Penalty 0.0236, loss 2.1995
Label Softmax (x): [0.09431978 0.10470621 0.09921564 0.05984671 0.10311565 0.12776893
 0.10312622 0.12385836 0.09307194 0.09097058]
Epoch 10, Batch 328/470, Grad Norms near zero: 0, Lx 2.0702, Lu 0.0355, Penalty 0.0180, loss 2.1236
Label Softmax (x): [0.10098966 0.09975287 0.08407772 0.06374141 0.10339015 0.13308889
 0.10694747 0.12285304 0.08744434 0.09771444]
Epoch 10, Batch 329/470, Grad Norms near zero: 0, Lx 2.0567, Lu 0.0235, Penalty 0.0182, loss 2.0983
Label Softmax (x): [0.08826267 0.09575071 0.08009848 0.06603611 0.09937349 0.1513642
 0.11663747 0.12791392 0.0870105  0.08755247]
Epoch 10, Batch 330/470, Grad Norms near zero: 0, Lx 2.0742, Lu 0.0265, Penalty 0.0269, loss 2.1275
Label Softmax (x): [0.08867533 0.10862506 0.08116484 0.06747688 0.0962889  0.15245081
 0.12013493 0.11533238 0.08345723 0.08639361]
Epoch 10, Batch 331/470, Grad Norms near zero: 0, Lx 2.1081, Lu 0.0439, Penalty 0.0257, loss 2.1777
Label Softmax (x): [0.0843427  0.09572878 0.07354015 0.06537307 0.10489246 0.16026556
 0.10753328 0.1417591  0.08574415 0.08082073]
Epoch 10, Batch 332/470, Grad Norms near zero: 0, Lx 2.0427, Lu 0.0471, Penalty 0.0372, loss 2.1270
Label Softmax (x): [0.07103074 0.15018412 0.09564357 0.06548374 0.14204693 0.12752146
 0.13135746 0.06206128 0.07752408 0.07714662]
Epoch 10, Batch 333/470, Grad Norms near zero: 0, Lx 1.8324, Lu 0.0345, Penalty 0.0528, loss 1.9196
Label Softmax (x): [0.07734662 0.10859147 0.08542666 0.06757009 0.1237528  0.15057522
 0.13371004 0.07429111 0.09013426 0.08860175]
Epoch 10, Batch 334/470, Grad Norms near zero: 0, Lx 1.8684, Lu 0.0253, Penalty 0.0333, loss 1.9271
Label Softmax (x): [0.07251783 0.07653312 0.08166403 0.06768654 0.10295896 0.18153691
 0.12800637 0.10692781 0.09060663 0.09156185]
Epoch 10, Batch 335/470, Grad Norms near zero: 0, Lx 2.1631, Lu 0.0453, Penalty 0.0429, loss 2.2513
Label Softmax (x): [0.07561872 0.11113971 0.0772621  0.06635643 0.11892896 0.17243959
 0.12425424 0.08336908 0.07371931 0.09691186]
Epoch 10, Batch 336/470, Grad Norms near zero: 0, Lx 1.8815, Lu 0.0299, Penalty 0.0425, loss 1.9538
Label Softmax (x): [0.05891128 0.10203998 0.06490966 0.06652692 0.14499651 0.17783071
 0.11185135 0.12098452 0.07913707 0.07281198]
Epoch 10, Batch 337/470, Grad Norms near zero: 0, Lx 1.7123, Lu 0.0235, Penalty 0.0650, loss 1.8008
Label Softmax (x): [0.06259019 0.07004957 0.06528398 0.06504498 0.12489617 0.19805345
 0.10415301 0.1455364  0.08368759 0.08070464]
Epoch 10, Batch 338/470, Grad Norms near zero: 0, Lx 1.9466, Lu 0.0273, Penalty 0.0752, loss 2.0491
Label Softmax (x): [0.06412963 0.07104486 0.070862   0.06332354 0.12150134 0.19035435
 0.09952264 0.143208   0.09383295 0.08222069]
Epoch 10, Batch 339/470, Grad Norms near zero: 0, Lx 1.9081, Lu 0.0267, Penalty 0.0654, loss 2.0002
Label Softmax (x): [0.05934713 0.09669442 0.07640281 0.06387757 0.13848382 0.16045542
 0.09277543 0.15244082 0.08905834 0.07046426]
Epoch 10, Batch 340/470, Grad Norms near zero: 0, Lx 2.0815, Lu 0.0348, Penalty 0.0594, loss 2.1756
Label Softmax (x): [0.06565516 0.09287874 0.08762177 0.06142311 0.11477768 0.14735475
 0.09001261 0.14997602 0.10793453 0.08236563]
Epoch 10, Batch 341/470, Grad Norms near zero: 0, Lx 2.1069, Lu 0.0317, Penalty 0.0406, loss 2.1792
Label Softmax (x): [0.06530011 0.10811615 0.08388613 0.05935805 0.11271846 0.14944002
 0.08267944 0.15235125 0.10052192 0.08562849]
Epoch 10, Batch 342/470, Grad Norms near zero: 0, Lx 1.9497, Lu 0.0203, Penalty 0.0443, loss 2.0143
Label Softmax (x): [0.07086533 0.12064423 0.09235384 0.05747405 0.11092077 0.13112596
 0.0774258  0.14383456 0.1073616  0.08799388]
Epoch 10, Batch 343/470, Grad Norms near zero: 0, Lx 2.0232, Lu 0.0377, Penalty 0.0365, loss 2.0974
Label Softmax (x): [0.06215334 0.1142112  0.05964191 0.063545   0.1193959  0.16718552
 0.07425813 0.17853397 0.0838718  0.07720319]
Epoch 10, Batch 344/470, Grad Norms near zero: 0, Lx 1.9064, Lu 0.0285, Penalty 0.0774, loss 2.0123
Label Softmax (x): [0.06594637 0.11233914 0.08955364 0.05970141 0.11408224 0.1283009
 0.09096002 0.13834316 0.10360023 0.09717288]
Epoch 10, Batch 345/470, Grad Norms near zero: 0, Lx 2.0647, Lu 0.0444, Penalty 0.0309, loss 2.1399
Label Softmax (x): [0.06833736 0.1209751  0.10137835 0.05816446 0.11763228 0.0993562
 0.08729804 0.12125181 0.12685862 0.09874778]
Epoch 10, Batch 346/470, Grad Norms near zero: 0, Lx 2.1163, Lu 0.0441, Penalty 0.0280, loss 2.1885
Label Softmax (x): [0.07652593 0.11036235 0.09028202 0.06146087 0.11092856 0.10763364
 0.09119818 0.12209437 0.11425112 0.11526293]
Epoch 10, Batch 347/470, Grad Norms near zero: 0, Lx 2.0087, Lu 0.0337, Penalty 0.0198, loss 2.0622
Label Softmax (x): [0.06413201 0.10764748 0.07792492 0.06382294 0.10291222 0.14938387
 0.09657171 0.1379492  0.10112712 0.0985285 ]
Epoch 10, Batch 348/470, Grad Norms near zero: 0, Lx 1.9095, Lu 0.0318, Penalty 0.0356, loss 1.9769
Label Softmax (x): [0.06553501 0.12049028 0.07803334 0.06581087 0.10565084 0.14590085
 0.09852052 0.12508884 0.09800653 0.09696291]
Epoch 10, Batch 349/470, Grad Norms near zero: 0, Lx 1.9895, Lu 0.0435, Penalty 0.0312, loss 2.0643
Label Softmax (x): [0.07201329 0.13218242 0.08475005 0.06470451 0.11142033 0.12190191
 0.09737667 0.10915149 0.10015655 0.10634275]
Epoch 10, Batch 350/470, Grad Norms near zero: 0, Lx 2.1987, Lu 0.0347, Penalty 0.0220, loss 2.2554
Label Softmax (x): [0.06891221 0.11324795 0.05431823 0.06518818 0.12337682 0.1733422
 0.07587904 0.1533478  0.0766618  0.09572577]
Epoch 10, Batch 351/470, Grad Norms near zero: 0, Lx 1.7537, Lu 0.0231, Penalty 0.0684, loss 1.8451
Label Softmax (x): [0.07507824 0.11121243 0.05965147 0.06845421 0.11414345 0.17082277
 0.08208552 0.13542165 0.0893692  0.09376109]
Epoch 10, Batch 352/470, Grad Norms near zero: 0, Lx 1.9993, Lu 0.0418, Penalty 0.0479, loss 2.0890
Label Softmax (x): [0.06803621 0.08654261 0.09291549 0.06511918 0.09203033 0.16231279
 0.11224899 0.10398217 0.10546593 0.1113463 ]
Epoch 10, Batch 353/470, Grad Norms near zero: 0, Lx 2.0264, Lu 0.0282, Penalty 0.0316, loss 2.0861
Label Softmax (x): [0.05530046 0.07810507 0.09524152 0.06524599 0.09937856 0.18225625
 0.1193487  0.11503381 0.10856023 0.08152939]
Epoch 10, Batch 354/470, Grad Norms near zero: 0, Lx 2.1080, Lu 0.0447, Penalty 0.0526, loss 2.2053
Label Softmax (x): [0.07034833 0.07878059 0.09491751 0.06540487 0.09288619 0.16902009
 0.1162921  0.10078502 0.09927487 0.1122904 ]
Epoch 10, Batch 355/470, Grad Norms near zero: 0, Lx 2.0160, Lu 0.0384, Penalty 0.0349, loss 2.0892
Label Softmax (x): [0.0665252  0.08339219 0.10483372 0.06468335 0.09843849 0.15911177
 0.11467452 0.0976948  0.11187387 0.09877209]
Epoch 10, Batch 356/470, Grad Norms near zero: 0, Lx 2.0526, Lu 0.0306, Penalty 0.0316, loss 2.1148
Label Softmax (x): [0.06496311 0.08223035 0.09722567 0.06677207 0.0945511  0.18457013
 0.1129194  0.11268781 0.10012681 0.08395356]
Epoch 10, Batch 357/470, Grad Norms near zero: 0, Lx 2.0791, Lu 0.0450, Penalty 0.0435, loss 2.1675
Label Softmax (x): [0.05372602 0.09052522 0.08534453 0.06751062 0.11232074 0.19847058
 0.11476422 0.11832058 0.09604678 0.06297072]
Epoch 10, Batch 358/470, Grad Norms near zero: 0, Lx 2.0049, Lu 0.0357, Penalty 0.0667, loss 2.1073
Label Softmax (x): [0.05851291 0.08926414 0.09646666 0.06389579 0.10990455 0.19520581
 0.11033645 0.11293977 0.09636633 0.06710757]
Epoch 10, Batch 359/470, Grad Norms near zero: 0, Lx 2.0087, Lu 0.0363, Penalty 0.0586, loss 2.1035
Label Softmax (x): [0.07260674 0.07165033 0.09323046 0.0579106  0.12946928 0.13877048
 0.08040226 0.12024318 0.16699466 0.06872198]
Epoch 10, Batch 360/470, Grad Norms near zero: 0, Lx 1.9117, Lu 0.0318, Penalty 0.0580, loss 2.0015
Label Softmax (x): [0.06770062 0.115093   0.10112962 0.06285994 0.117108   0.16504505
 0.10285567 0.1084721  0.085541   0.074195  ]
Epoch 10, Batch 361/470, Grad Norms near zero: 0, Lx 2.1016, Lu 0.0376, Penalty 0.0389, loss 2.1780
Label Softmax (x): [0.07718971 0.10761185 0.0973833  0.06230758 0.11633027 0.1531724
 0.10307866 0.10895223 0.09136644 0.08260757]
Epoch 10, Batch 362/470, Grad Norms near zero: 0, Lx 1.9585, Lu 0.0222, Penalty 0.0273, loss 2.0080
Label Softmax (x): [0.06165697 0.13586658 0.08681109 0.06641962 0.14162113 0.14898282
 0.10463399 0.11625476 0.07682902 0.06092402]
Epoch 10, Batch 363/470, Grad Norms near zero: 0, Lx 2.1620, Lu 0.0410, Penalty 0.0544, loss 2.2574
Label Softmax (x): [0.07831195 0.09762335 0.09299702 0.05944495 0.13951373 0.1170231
 0.09719317 0.09726944 0.13574122 0.08488207]
Epoch 10, Batch 364/470, Grad Norms near zero: 0, Lx 1.8481, Lu 0.0356, Penalty 0.0286, loss 1.9123
Label Softmax (x): [0.07271584 0.137088   0.08163249 0.06608136 0.1517478  0.12256214
 0.10142857 0.11422879 0.07742881 0.0750862 ]
Epoch 10, Batch 365/470, Grad Norms near zero: 0, Lx 1.9487, Lu 0.0261, Penalty 0.0395, loss 2.0142
Label Softmax (x): [0.06867179 0.12332246 0.07099109 0.06663697 0.13513343 0.1491579
 0.10100599 0.13773203 0.06929445 0.07805389]
Epoch 10, Batch 366/470, Grad Norms near zero: 0, Lx 2.1002, Lu 0.0424, Penalty 0.0498, loss 2.1923
Label Softmax (x): [0.08650991 0.11146121 0.07751846 0.06105442 0.11087946 0.14383775
 0.0932395  0.1404385  0.07663144 0.09842938]
Epoch 10, Batch 367/470, Grad Norms near zero: 0, Lx 1.9867, Lu 0.0228, Penalty 0.0330, loss 2.0425
Label Softmax (x): [0.08125437 0.11076565 0.07432261 0.0607006  0.1070307  0.15448311
 0.08915543 0.13902563 0.0860121  0.09724979]
Epoch 10, Batch 368/470, Grad Norms near zero: 0, Lx 1.9406, Lu 0.0230, Penalty 0.0362, loss 1.9998
Label Softmax (x): [0.0879508  0.07653844 0.08524117 0.05833146 0.1043844  0.13701779
 0.09202865 0.10430644 0.13577498 0.11842583]
Epoch 10, Batch 369/470, Grad Norms near zero: 0, Lx 1.9486, Lu 0.0301, Penalty 0.0303, loss 2.0090
Label Softmax (x): [0.07469815 0.11853689 0.07137134 0.06052452 0.13966443 0.15031545
 0.09487212 0.10000068 0.0986888  0.09132763]
Epoch 10, Batch 370/470, Grad Norms near zero: 0, Lx 1.8518, Lu 0.0390, Penalty 0.0376, loss 1.9284
Label Softmax (x): [0.09209649 0.09613362 0.08133973 0.06332863 0.09533814 0.13784811
 0.09852882 0.11919419 0.09739367 0.11879861]
Epoch 10, Batch 371/470, Grad Norms near zero: 0, Lx 2.0721, Lu 0.0334, Penalty 0.0205, loss 2.1261
Label Softmax (x): [0.07335326 0.1135689  0.07592504 0.06478269 0.11868678 0.1404191
 0.0968572  0.12274962 0.09831934 0.09533808]
Epoch 10, Batch 372/470, Grad Norms near zero: 0, Lx 2.1214, Lu 0.0338, Penalty 0.0273, loss 2.1825
Label Softmax (x): [0.07567918 0.12985402 0.08210564 0.06451601 0.11885001 0.13700911
 0.09895635 0.11341006 0.08738405 0.09223553]
Epoch 10, Batch 373/470, Grad Norms near zero: 0, Lx 2.0813, Lu 0.0415, Penalty 0.0266, loss 2.1494
Label Softmax (x): [0.06791128 0.11960392 0.07507094 0.06731385 0.14288408 0.1492314
 0.10372984 0.09736111 0.09718273 0.07971087]
Epoch 10, Batch 374/470, Grad Norms near zero: 0, Lx 1.9457, Lu 0.0344, Penalty 0.0379, loss 2.0179
Label Softmax (x): [0.06922039 0.13980213 0.08108172 0.06724552 0.12121981 0.13426824
 0.09776097 0.10597613 0.09746743 0.08595768]
Epoch 10, Batch 375/470, Grad Norms near zero: 0, Lx 2.0958, Lu 0.0441, Penalty 0.0294, loss 2.1693
Label Softmax (x): [0.08208153 0.10712949 0.09331974 0.06659611 0.10248204 0.13408136
 0.10096506 0.11030881 0.11125083 0.09178501]
Epoch 10, Batch 376/470, Grad Norms near zero: 0, Lx 2.1277, Lu 0.0380, Penalty 0.0158, loss 2.1815
Label Softmax (x): [0.06540461 0.10887395 0.07117046 0.06852861 0.13871606 0.17735782
 0.09135903 0.11325181 0.10016226 0.06517536]
Epoch 10, Batch 377/470, Grad Norms near zero: 0, Lx 1.8169, Lu 0.0290, Penalty 0.0550, loss 1.9009
Label Softmax (x): [0.0558914  0.1074549  0.06016921 0.06999408 0.14590816 0.19510216
 0.10099568 0.12791102 0.07267724 0.06389615]
Epoch 10, Batch 378/470, Grad Norms near zero: 0, Lx 1.7220, Lu 0.0167, Penalty 0.0839, loss 1.8226
Label Softmax (x): [0.06475705 0.1383319  0.06163874 0.07226476 0.14546846 0.18276326
 0.09857835 0.09993498 0.06205623 0.07420628]
Epoch 10, Batch 379/470, Grad Norms near zero: 0, Lx 1.8956, Lu 0.0280, Penalty 0.0731, loss 1.9968
Label Softmax (x): [0.07533384 0.11862271 0.08024596 0.06855961 0.12080476 0.14550611
 0.09059338 0.11456211 0.10301542 0.0827561 ]
Epoch 10, Batch 380/470, Grad Norms near zero: 0, Lx 2.1607, Lu 0.0404, Penalty 0.0268, loss 2.2280
Label Softmax (x): [0.07581307 0.09595985 0.07184709 0.07031603 0.10474233 0.18165162
 0.09878848 0.12097554 0.09178354 0.08812244]
Epoch 10, Batch 381/470, Grad Norms near zero: 0, Lx 2.0163, Lu 0.0291, Penalty 0.0392, loss 2.0845
Label Softmax (x): [0.05572718 0.11869422 0.0696594  0.06580846 0.08923222 0.2255522
 0.09584683 0.13229978 0.06839565 0.07878405]
Epoch 10, Batch 382/470, Grad Norms near zero: 0, Lx 1.8715, Lu 0.0220, Penalty 0.0875, loss 1.9810
Label Softmax (x): [0.06889326 0.10695262 0.07771127 0.0691723  0.10605058 0.16056915
 0.09098297 0.12454058 0.10787465 0.08725262]
Epoch 10, Batch 383/470, Grad Norms near zero: 0, Lx 2.0422, Lu 0.0342, Penalty 0.0329, loss 2.1093
Label Softmax (x): [0.07777702 0.09443014 0.07936475 0.06594529 0.09289707 0.17550364
 0.08822225 0.11304744 0.11132297 0.10148942]
Epoch 10, Batch 384/470, Grad Norms near zero: 0, Lx 1.9086, Lu 0.0243, Penalty 0.0348, loss 1.9677
Label Softmax (x): [0.07625335 0.09930287 0.09749879 0.06759721 0.08668446 0.15595143
 0.10012828 0.10564868 0.1145372  0.0963977 ]
Epoch 10, Batch 385/470, Grad Norms near zero: 0, Lx 2.0876, Lu 0.0368, Penalty 0.0238, loss 2.1482
Label Softmax (x): [0.07293744 0.08969741 0.09177583 0.06910044 0.09139674 0.16001278
 0.10986303 0.1130668  0.10498668 0.09716289]
Epoch 10, Batch 386/470, Grad Norms near zero: 0, Lx 2.1500, Lu 0.0468, Penalty 0.0263, loss 2.2230
Label Softmax (x): [0.06209416 0.07910679 0.080291   0.06602282 0.09151641 0.19968045
 0.10683616 0.12748775 0.08967335 0.09729113]
Epoch 10, Batch 387/470, Grad Norms near zero: 0, Lx 2.0314, Lu 0.0318, Penalty 0.0570, loss 2.1202
Label Softmax (x): [0.06099554 0.08987305 0.09032886 0.06792381 0.12503314 0.151735
 0.11988951 0.12278756 0.08883236 0.08260116]
Epoch 10, Batch 388/470, Grad Norms near zero: 0, Lx 2.1020, Lu 0.0285, Penalty 0.0372, loss 2.1677
Label Softmax (x): [0.06080163 0.12691994 0.08619791 0.06413129 0.11315745 0.13221751
 0.10146683 0.14762142 0.08105005 0.08643596]
Epoch 10, Batch 389/470, Grad Norms near zero: 0, Lx 1.9304, Lu 0.0315, Penalty 0.0401, loss 2.0020
Label Softmax (x): [0.04899954 0.11039429 0.0937516  0.06542681 0.14060438 0.13813211
 0.11656445 0.13386647 0.0822369  0.07002346]
Epoch 10, Batch 390/470, Grad Norms near zero: 0, Lx 2.0593, Lu 0.0388, Penalty 0.0546, loss 2.1528
Label Softmax (x): [0.05272859 0.1357753  0.09608376 0.06650728 0.13838038 0.13258927
 0.12134475 0.11859702 0.06404062 0.07395301]
Epoch 10, Batch 391/470, Grad Norms near zero: 0, Lx 2.0263, Lu 0.0307, Penalty 0.0558, loss 2.1128
Label Softmax (x): [0.05360366 0.09162664 0.09442818 0.06563092 0.13533244 0.1376544
 0.11961301 0.14618628 0.08424534 0.07167913]
Epoch 10, Batch 392/470, Grad Norms near zero: 0, Lx 2.0441, Lu 0.0389, Penalty 0.0513, loss 2.1343
Label Softmax (x): [0.06807759 0.08771119 0.07522714 0.06352076 0.08864155 0.16219565
 0.09231111 0.17845555 0.07739686 0.10646254]
Epoch 10, Batch 393/470, Grad Norms near zero: 0, Lx 1.8647, Lu 0.0257, Penalty 0.0585, loss 1.9489
Label Softmax (x): [0.0556008  0.09149817 0.09307028 0.0643618  0.12634769 0.15991509
 0.10386261 0.15015534 0.09088068 0.06430752]
Epoch 10, Batch 394/470, Grad Norms near zero: 0, Lx 2.0383, Lu 0.0341, Penalty 0.0578, loss 2.1302
Label Softmax (x): [0.06457031 0.10470114 0.09751348 0.06359904 0.13105601 0.13900316
 0.09339066 0.12725854 0.10662252 0.07228514]
Epoch 10, Batch 395/470, Grad Norms near zero: 0, Lx 2.0932, Lu 0.0268, Penalty 0.0357, loss 2.1557
Label Softmax (x): [0.05893866 0.10734895 0.08891848 0.06382909 0.12256238 0.1745282
 0.09215843 0.1388152  0.0881517  0.06474894]
Epoch 10, Batch 396/470, Grad Norms near zero: 0, Lx 2.0552, Lu 0.0373, Penalty 0.0578, loss 2.1503
Label Softmax (x): [0.06976155 0.12883212 0.08010134 0.06350981 0.12747775 0.1559715
 0.08333893 0.11087775 0.09112875 0.0890005 ]
Epoch 10, Batch 397/470, Grad Norms near zero: 0, Lx 1.8495, Lu 0.0249, Penalty 0.0384, loss 1.9128
Label Softmax (x): [0.08710124 0.1446933  0.10446855 0.06096068 0.07137804 0.1448653
 0.07070861 0.09444817 0.10818681 0.11318927]
Epoch 10, Batch 398/470, Grad Norms near zero: 0, Lx 2.0005, Lu 0.0338, Penalty 0.0388, loss 2.0730
Label Softmax (x): [0.07988696 0.11461478 0.09642709 0.06285876 0.1300739  0.14000711
 0.07673753 0.09642708 0.11502366 0.08794311]
Epoch 10, Batch 399/470, Grad Norms near zero: 0, Lx 2.0737, Lu 0.0384, Penalty 0.0279, loss 2.1400
Label Softmax (x): [0.09337389 0.11836819 0.1016794  0.06421587 0.11262531 0.13508137
 0.07901062 0.08342713 0.11191095 0.10030724]
Epoch 10, Batch 400/470, Grad Norms near zero: 0, Lx 2.0800, Lu 0.0504, Penalty 0.0208, loss 2.1511
Label Softmax (x): [0.08924468 0.14423767 0.10852955 0.06337747 0.11599629 0.12783098
 0.07729231 0.0740758  0.10607804 0.09333721]
Epoch 10, Batch 401/470, Grad Norms near zero: 0, Lx 2.0334, Lu 0.0407, Penalty 0.0295, loss 2.1037
Label Softmax (x): [0.09496625 0.12457758 0.10225274 0.06544174 0.11034192 0.14866441
 0.08110757 0.07323263 0.09613024 0.10328489]
Epoch 10, Batch 402/470, Grad Norms near zero: 0, Lx 2.1216, Lu 0.0384, Penalty 0.0267, loss 2.1866
Label Softmax (x): [0.08735491 0.12495092 0.08825549 0.06620105 0.1182607  0.1597566
 0.08133191 0.0882428  0.09103445 0.09461118]
Epoch 10, Batch 403/470, Grad Norms near zero: 0, Lx 2.0229, Lu 0.0387, Penalty 0.0295, loss 2.0911
Label Softmax (x): [0.08198184 0.11287607 0.08007063 0.06839193 0.1259937  0.17178681
 0.08881649 0.08953966 0.08554504 0.09499787]
Epoch 10, Batch 404/470, Grad Norms near zero: 0, Lx 1.8907, Lu 0.0241, Penalty 0.0344, loss 1.9492
Label Softmax (x): [0.081251   0.153642   0.08574072 0.06469088 0.1041753  0.17246425
 0.073871   0.08430728 0.08005261 0.09980497]
Epoch 10, Batch 405/470, Grad Norms near zero: 0, Lx 2.0784, Lu 0.0463, Penalty 0.0480, loss 2.1726
Label Softmax (x): [0.07828392 0.14543262 0.07926988 0.06598888 0.10697343 0.17480469
 0.08267705 0.08952372 0.06694564 0.11010017]
Epoch 10, Batch 406/470, Grad Norms near zero: 0, Lx 1.9539, Lu 0.0407, Penalty 0.0498, loss 2.0444
Label Softmax (x): [0.05613892 0.10454622 0.08065304 0.06357197 0.11512653 0.20844193
 0.09388238 0.11722372 0.07299656 0.08741875]
Epoch 10, Batch 407/470, Grad Norms near zero: 0, Lx 1.8756, Lu 0.0388, Penalty 0.0679, loss 1.9823
Label Softmax (x): [0.074722   0.12916866 0.08376599 0.06518926 0.1130088  0.16142845
 0.08483439 0.09800509 0.08299358 0.10688376]
Epoch 10, Batch 408/470, Grad Norms near zero: 0, Lx 1.9558, Lu 0.0344, Penalty 0.0344, loss 2.0245
Label Softmax (x): [0.05716715 0.08069284 0.08887687 0.06589706 0.16154167 0.15498072
 0.10260329 0.11695907 0.10316749 0.06811385]
Epoch 10, Batch 409/470, Grad Norms near zero: 0, Lx 2.0567, Lu 0.0266, Penalty 0.0561, loss 2.1395
Label Softmax (x): [0.07625842 0.06580391 0.087135   0.06687486 0.10484003 0.17188838
 0.10401933 0.11515133 0.09297939 0.11504935]
Epoch 10, Batch 410/470, Grad Norms near zero: 0, Lx 1.8424, Lu 0.0254, Penalty 0.0393, loss 1.9070
Label Softmax (x): [0.05282104 0.06618361 0.08042649 0.06588155 0.15357405 0.17731306
 0.11149715 0.14145806 0.08970742 0.0611376 ]
Epoch 10, Batch 411/470, Grad Norms near zero: 0, Lx 2.0373, Lu 0.0319, Penalty 0.0829, loss 2.1521
Label Softmax (x): [0.08202469 0.07972351 0.09197932 0.06964673 0.09098542 0.17558381
 0.10981828 0.11341286 0.0898983  0.09692706]
Epoch 10, Batch 412/470, Grad Norms near zero: 0, Lx 1.8808, Lu 0.0397, Penalty 0.0320, loss 1.9525
Label Softmax (x): [0.0889185  0.0647949  0.10354095 0.06925037 0.08926999 0.15441751
 0.11899597 0.09956075 0.09928103 0.11197004]
Epoch 10, Batch 413/470, Grad Norms near zero: 0, Lx 1.8517, Lu 0.0240, Penalty 0.0288, loss 1.9044
Label Softmax (x): [0.06304763 0.08075208 0.09705267 0.07008301 0.11197703 0.1616871
 0.14459124 0.11030012 0.08926228 0.0712468 ]
Epoch 10, Batch 414/470, Grad Norms near zero: 0, Lx 2.0007, Lu 0.0295, Penalty 0.0453, loss 2.0755
Label Softmax (x): [0.06651717 0.09972245 0.10222735 0.06916101 0.10812699 0.14900032
 0.12869257 0.10753985 0.10047437 0.06853794]
Epoch 10, Batch 415/470, Grad Norms near zero: 0, Lx 2.0485, Lu 0.0383, Penalty 0.0328, loss 2.1197
Label Softmax (x): [0.08230513 0.08231785 0.10873184 0.06727339 0.09881963 0.12932459
 0.12724926 0.10944106 0.11264707 0.08189015]
Epoch 10, Batch 416/470, Grad Norms near zero: 0, Lx 2.0645, Lu 0.0348, Penalty 0.0206, loss 2.1199
Label Softmax (x): [0.08042189 0.07732702 0.10531674 0.06578514 0.09437148 0.1350621
 0.13286835 0.10933366 0.11671127 0.08280238]
Epoch 10, Batch 417/470, Grad Norms near zero: 0, Lx 2.1656, Lu 0.0378, Penalty 0.0260, loss 2.2295
Label Softmax (x): [0.09103849 0.11133769 0.11209048 0.06393282 0.09132608 0.11617225
 0.11832435 0.09514427 0.11169937 0.08893421]
Epoch 10, Batch 418/470, Grad Norms near zero: 0, Lx 2.0726, Lu 0.0389, Penalty 0.0149, loss 2.1263
Label Softmax (x): [0.08812542 0.12291003 0.09113843 0.06240991 0.080318   0.14811483
 0.09826297 0.11630357 0.10503591 0.08738095]
Epoch 10, Batch 419/470, Grad Norms near zero: 0, Lx 2.0231, Lu 0.0348, Penalty 0.0263, loss 2.0842
Label Softmax (x): [0.10225245 0.12105644 0.11809929 0.05911554 0.07651237 0.08615243
 0.09157277 0.0908478  0.1548053  0.0995856 ]
Epoch 10, Batch 420/470, Grad Norms near zero: 0, Lx 1.8330, Lu 0.0303, Penalty 0.0314, loss 1.8947
Label Softmax (x): [0.09645578 0.1269395  0.09930671 0.06232413 0.09598983 0.09520523
 0.09291628 0.10247452 0.13550308 0.09288495]
Epoch 10, Batch 421/470, Grad Norms near zero: 0, Lx 2.1308, Lu 0.0326, Penalty 0.0186, loss 2.1821
Label Softmax (x): [0.08688524 0.18503556 0.07789247 0.06379699 0.11081126 0.10329105
 0.08771066 0.10309097 0.09123388 0.09025191]
Epoch 10, Batch 422/470, Grad Norms near zero: 0, Lx 2.0628, Lu 0.0358, Penalty 0.0384, loss 2.1371
Label Softmax (x): [0.10076316 0.15393332 0.07041319 0.06524853 0.09892265 0.11046897
 0.08552463 0.10727129 0.0916793  0.11577497]
Epoch 10, Batch 423/470, Grad Norms near zero: 0, Lx 2.0709, Lu 0.0467, Penalty 0.0277, loss 2.1453
Label Softmax (x): [0.08864163 0.14035846 0.06490334 0.06498685 0.10890123 0.13347784
 0.08162624 0.1260925  0.08785486 0.10315704]
Epoch 10, Batch 424/470, Grad Norms near zero: 0, Lx 2.1372, Lu 0.0328, Penalty 0.0340, loss 2.2040
Label Softmax (x): [0.07704361 0.16107285 0.06677727 0.06319116 0.10171058 0.13810785
 0.06794062 0.14068682 0.09748664 0.08598255]
Epoch 10, Batch 425/470, Grad Norms near zero: 0, Lx 2.0747, Lu 0.0424, Penalty 0.0529, loss 2.1699
Label Softmax (x): [0.06901489 0.16170071 0.07213788 0.06472623 0.0967982  0.14262491
 0.07140059 0.13467063 0.10465881 0.08226712]
Epoch 10, Batch 426/470, Grad Norms near zero: 0, Lx 2.0899, Lu 0.0400, Penalty 0.0518, loss 2.1817
Label Softmax (x): [0.06916431 0.14414206 0.06969725 0.06327236 0.10531639 0.15336455
 0.06441468 0.14331014 0.10065095 0.0866673 ]
Epoch 10, Batch 427/470, Grad Norms near zero: 0, Lx 2.0690, Lu 0.0383, Penalty 0.0559, loss 2.1632
Label Softmax (x): [0.06751541 0.07844779 0.06768253 0.06109759 0.10935514 0.18023238
 0.07540005 0.15986772 0.11458485 0.08581651]
Epoch 10, Batch 428/470, Grad Norms near zero: 0, Lx 1.7828, Lu 0.0227, Penalty 0.0670, loss 1.8725
Label Softmax (x): [0.06586391 0.10582878 0.08727225 0.06023891 0.0988287  0.17158473
 0.06921262 0.12573294 0.12624109 0.08919607]
Epoch 10, Batch 429/470, Grad Norms near zero: 0, Lx 1.8531, Lu 0.0247, Penalty 0.0496, loss 1.9275
Label Softmax (x): [0.05540413 0.08609906 0.06845193 0.06665006 0.12340795 0.2063062
 0.07538004 0.14109565 0.10246027 0.07474468]
Epoch 10, Batch 430/470, Grad Norms near zero: 0, Lx 2.0246, Lu 0.0293, Penalty 0.0796, loss 2.1335
Label Softmax (x): [0.05753247 0.06749763 0.06926333 0.06484118 0.11663982 0.22752357
 0.07860042 0.13073893 0.10606072 0.08130197]
Epoch 10, Batch 431/470, Grad Norms near zero: 0, Lx 2.0466, Lu 0.0295, Penalty 0.0891, loss 2.1653
Label Softmax (x): [0.07381757 0.06899167 0.08506993 0.06409517 0.11056156 0.1769059
 0.09038197 0.10165135 0.12313171 0.10539321]
Epoch 10, Batch 432/470, Grad Norms near zero: 0, Lx 1.8856, Lu 0.0203, Penalty 0.0435, loss 1.9494
Label Softmax (x): [0.06027654 0.09100696 0.0965422  0.06384328 0.12203103 0.1854686
 0.08079428 0.09166948 0.12554927 0.08281836]
Epoch 10, Batch 433/470, Grad Norms near zero: 0, Lx 2.0630, Lu 0.0416, Penalty 0.0529, loss 2.1575
Label Softmax (x): [0.05833602 0.09169918 0.10017065 0.06496169 0.12114435 0.18547048
 0.08232113 0.09043224 0.12991986 0.0755444 ]
Epoch 10, Batch 434/470, Grad Norms near zero: 0, Lx 1.8482, Lu 0.0281, Penalty 0.0560, loss 1.9322
Label Softmax (x): [0.06663571 0.08203894 0.09808059 0.06249369 0.14892152 0.1717729
 0.09193714 0.08761095 0.10286443 0.08764414]
Epoch 10, Batch 435/470, Grad Norms near zero: 0, Lx 1.9322, Lu 0.0302, Penalty 0.0474, loss 2.0098
Label Softmax (x): [0.06324608 0.11160049 0.10683894 0.0599967  0.15343037 0.16600868
 0.08682914 0.08621778 0.09362461 0.07220721]
Epoch 10, Batch 436/470, Grad Norms near zero: 0, Lx 1.8965, Lu 0.0353, Penalty 0.0539, loss 1.9857
Label Softmax (x): [0.06592867 0.10983559 0.14169955 0.06149343 0.10655586 0.14749148
 0.08182128 0.07479985 0.13004997 0.08032428]
Epoch 10, Batch 437/470, Grad Norms near zero: 0, Lx 2.1836, Lu 0.0407, Penalty 0.0456, loss 2.2699
Label Softmax (x): [0.07555582 0.12490046 0.09761907 0.0609993  0.15833671 0.13080092
 0.08840996 0.09155656 0.09174728 0.08007389]
Epoch 10, Batch 438/470, Grad Norms near zero: 0, Lx 1.5506, Lu 0.0191, Penalty 0.0368, loss 1.6064
Label Softmax (x): [0.06868546 0.15463878 0.11922961 0.06576152 0.08695665 0.1653743
 0.08918466 0.07224391 0.09376606 0.08415902]
Epoch 10, Batch 439/470, Grad Norms near zero: 0, Lx 1.9933, Lu 0.0357, Penalty 0.0496, loss 2.0786
Label Softmax (x): [0.0676909  0.13075817 0.11704339 0.06403537 0.08999916 0.17557243
 0.08987027 0.08333535 0.08913645 0.0925585 ]
Epoch 10, Batch 440/470, Grad Norms near zero: 0, Lx 2.0391, Lu 0.0330, Penalty 0.0434, loss 2.1156
Label Softmax (x): [0.0712201  0.10148887 0.10556948 0.06715364 0.11564157 0.16391669
 0.09560648 0.10279153 0.09399117 0.08262047]
Epoch 10, Batch 441/470, Grad Norms near zero: 0, Lx 2.0490, Lu 0.0477, Penalty 0.0299, loss 2.1267
Label Softmax (x): [0.07115734 0.09269606 0.09604863 0.06568238 0.08812836 0.18074606
 0.09329692 0.12370401 0.09983459 0.08870567]
Epoch 10, Batch 442/470, Grad Norms near zero: 0, Lx 2.1005, Lu 0.0347, Penalty 0.0389, loss 2.1741
Label Softmax (x): [0.07273638 0.09625371 0.08519793 0.06605624 0.09941334 0.18329507
 0.09437181 0.1335825  0.07522631 0.09386671]
Epoch 10, Batch 443/470, Grad Norms near zero: 0, Lx 2.0870, Lu 0.0318, Penalty 0.0448, loss 2.1636
Label Softmax (x): [0.07806229 0.10717057 0.07342808 0.06587812 0.10575365 0.16959447
 0.09448394 0.1342918  0.07128718 0.10004994]
Epoch 10, Batch 444/470, Grad Norms near zero: 0, Lx 1.8442, Lu 0.0235, Penalty 0.0420, loss 1.9097
Label Softmax (x): [0.07925437 0.08114409 0.07448088 0.06811213 0.11525173 0.15939341
 0.09853487 0.15433645 0.08438497 0.08510707]
Epoch 10, Batch 445/470, Grad Norms near zero: 0, Lx 2.0678, Lu 0.0278, Penalty 0.0424, loss 2.1380
Label Softmax (x): [0.07856612 0.07848971 0.07203716 0.06676999 0.14292036 0.14042056
 0.1040856  0.15006945 0.07395092 0.09269015]
Epoch 10, Batch 446/470, Grad Norms near zero: 0, Lx 2.0304, Lu 0.0291, Penalty 0.0450, loss 2.1045
Label Softmax (x): [0.07889327 0.07949045 0.07017335 0.06728949 0.13517502 0.14801362
 0.10486026 0.15004641 0.07838032 0.08767781]
Epoch 10, Batch 447/470, Grad Norms near zero: 0, Lx 1.9960, Lu 0.0353, Penalty 0.0445, loss 2.0758
Label Softmax (x): [0.09485915 0.08718481 0.07137655 0.06670998 0.12164039 0.13526472
 0.10897099 0.11908562 0.08090015 0.11400759]
Epoch 10, Batch 448/470, Grad Norms near zero: 0, Lx 1.8863, Lu 0.0295, Penalty 0.0254, loss 1.9412
Label Softmax (x): [0.08844618 0.0748811  0.06529699 0.06377842 0.15237536 0.1179245
 0.13652962 0.11549672 0.06958087 0.11569028]
Epoch 10, Batch 449/470, Grad Norms near zero: 0, Lx 1.9360, Lu 0.0352, Penalty 0.0463, loss 2.0176
Label Softmax (x): [0.08271627 0.11054217 0.07424551 0.067638   0.11605842 0.13164142
 0.11200598 0.10781881 0.09122398 0.10610947]
Epoch 10, Batch 450/470, Grad Norms near zero: 0, Lx 2.0391, Lu 0.0315, Penalty 0.0198, loss 2.0905
Label Softmax (x): [0.07643891 0.07526108 0.06104805 0.06386636 0.12724298 0.15579818
 0.14178081 0.1329382  0.07135288 0.09427257]
Epoch 10, Batch 451/470, Grad Norms near zero: 0, Lx 1.8798, Lu 0.0187, Penalty 0.0573, loss 1.9559
Label Softmax (x): [0.07813034 0.09659575 0.06060478 0.05973069 0.13383865 0.14889349
 0.11894542 0.13542455 0.08203318 0.08580312]
Epoch 10, Batch 452/470, Grad Norms near zero: 0, Lx 1.8625, Lu 0.0273, Penalty 0.0482, loss 1.9380
Label Softmax (x): [0.07259817 0.1581156  0.08357568 0.06615601 0.11073102 0.12471908
 0.10513427 0.08880591 0.09967619 0.09048803]
Epoch 10, Batch 453/470, Grad Norms near zero: 0, Lx 1.9639, Lu 0.0358, Penalty 0.0304, loss 2.0300
Label Softmax (x): [0.07243981 0.1031118  0.07345248 0.05655381 0.12491207 0.13786748
 0.10123758 0.13341475 0.1197153  0.07729493]
Epoch 10, Batch 454/470, Grad Norms near zero: 0, Lx 1.5999, Lu 0.0236, Penalty 0.0404, loss 1.6639
Label Softmax (x): [0.06981976 0.14594825 0.0963106  0.06230847 0.10984714 0.12414593
 0.1007033  0.07504223 0.12828265 0.08759166]
Epoch 10, Batch 455/470, Grad Norms near zero: 0, Lx 2.1767, Lu 0.0438, Penalty 0.0345, loss 2.2550
Label Softmax (x): [0.06940638 0.15363057 0.09518933 0.06430142 0.1181521  0.11455992
 0.1001979  0.06666659 0.14012547 0.07777035]
Epoch 10, Batch 456/470, Grad Norms near zero: 0, Lx 2.0501, Lu 0.0346, Penalty 0.0442, loss 2.1288
Label Softmax (x): [0.08530061 0.09876279 0.0904515  0.05780201 0.08574624 0.14485943
 0.10298906 0.08339927 0.14476353 0.10592557]
Epoch 10, Batch 457/470, Grad Norms near zero: 0, Lx 1.9634, Lu 0.0318, Penalty 0.0328, loss 2.0279
Label Softmax (x): [0.07238691 0.12816039 0.08426514 0.06358839 0.11173742 0.14039885
 0.09995505 0.07287225 0.12747224 0.09916335]
Epoch 10, Batch 458/470, Grad Norms near zero: 0, Lx 2.0891, Lu 0.0359, Penalty 0.0331, loss 2.1581
Label Softmax (x): [0.07547614 0.09303844 0.0819715  0.06281663 0.11719857 0.15099347
 0.11441189 0.09269106 0.10926912 0.10213317]
Epoch 10, Batch 459/470, Grad Norms near zero: 0, Lx 1.9494, Lu 0.0290, Penalty 0.0278, loss 2.0062
Label Softmax (x): [0.08229912 0.09862354 0.08013586 0.06067869 0.08872911 0.17999926
 0.09563623 0.09293026 0.10653193 0.11443598]
Epoch 10, Batch 460/470, Grad Norms near zero: 0, Lx 1.8453, Lu 0.0279, Penalty 0.0381, loss 1.9113
Label Softmax (x): [0.06791895 0.1045331  0.08128647 0.06159149 0.1251988  0.15088095
 0.08940708 0.10788798 0.11410719 0.09718801]
Epoch 10, Batch 461/470, Grad Norms near zero: 0, Lx 2.1204, Lu 0.0414, Penalty 0.0331, loss 2.1949
Label Softmax (x): [0.06414743 0.08528128 0.07564381 0.06110185 0.11987021 0.18715023
 0.09314868 0.11995687 0.10317692 0.09052275]
Epoch 10, Batch 462/470, Grad Norms near zero: 0, Lx 1.9264, Lu 0.0253, Penalty 0.0524, loss 2.0041
Label Softmax (x): [0.0775802  0.08456995 0.09555995 0.0592673  0.10019658 0.16612849
 0.08261562 0.13725896 0.11638677 0.08043619]
Epoch 10, Batch 463/470, Grad Norms near zero: 0, Lx 1.8066, Lu 0.0290, Penalty 0.0421, loss 1.8776
Label Softmax (x): [0.06452832 0.10517707 0.10395034 0.06295373 0.12120123 0.16486034
 0.0980944  0.10872944 0.10036561 0.07013949]
Epoch 10, Batch 464/470, Grad Norms near zero: 0, Lx 1.8369, Lu 0.0207, Penalty 0.0406, loss 1.8982
Label Softmax (x): [0.0711886  0.10063753 0.09611017 0.06281501 0.12608816 0.14429519
 0.09747723 0.11505911 0.10138206 0.08494698]
Epoch 10, Batch 465/470, Grad Norms near zero: 0, Lx 1.7443, Lu 0.0245, Penalty 0.0274, loss 1.7963
Label Softmax (x): [0.05368505 0.09785826 0.06591782 0.0648874  0.17826325 0.17213488
 0.09448195 0.13398296 0.06933969 0.06944872]
Epoch 10, Batch 466/470, Grad Norms near zero: 0, Lx 1.9899, Lu 0.0358, Penalty 0.0867, loss 2.1124
Label Softmax (x): [0.0570904  0.07159832 0.0792272  0.06404722 0.13633147 0.17383954
 0.10998266 0.13191952 0.08918995 0.08677371]
Epoch 10, Batch 467/470, Grad Norms near zero: 0, Lx 2.1219, Lu 0.0366, Penalty 0.0594, loss 2.2179
Label Softmax (x): [0.0583672  0.07418673 0.06955973 0.06495486 0.15415592 0.1662739
 0.0986558  0.1500367  0.07532862 0.08848053]
Epoch 10, Batch 468/470, Grad Norms near zero: 0, Lx 2.0077, Lu 0.0392, Penalty 0.0704, loss 2.1173
Label Softmax (x): [0.06494232 0.07472454 0.07522041 0.06279244 0.12345628 0.17165121
 0.10035421 0.14464965 0.07473468 0.10747425]
Epoch 10, Batch 469/470, Grad Norms near zero: 0, Lx 1.9416, Lu 0.0376, Penalty 0.0569, loss 2.0361
Label Softmax (x): [0.07786012 0.13401505 0.07912631 0.06481376 0.11584761 0.13962162
 0.08439116 0.12738608 0.07570591 0.10123239]
Epoch 10, Batch 470/470, Grad Norms near zero: 0, Lx 2.0712, Lu 0.0253, Penalty 0.0338, loss 2.1303
Training for Network 2
labelled data size: 15732
unlabelled data size: 26268
Label Softmax (x): [0.013532   0.10426975 0.2474285  0.0293596  0.18745731 0.26181
 0.04166867 0.05612813 0.03536528 0.02298073]
Epoch 10, Batch 1/492, Grad Norms near zero: 0, Lx 2.7367, Lu 0.0762, Penalty 0.4650, loss 3.2779
Label Softmax (x): [0.03996817 0.13459775 0.16272    0.04776683 0.0782299  0.22455308
 0.05149065 0.1535859  0.02727893 0.07980877]
Epoch 10, Batch 2/492, Grad Norms near zero: 0, Lx 2.7104, Lu 0.0468, Penalty 0.2068, loss 2.9640
Label Softmax (x): [0.06609994 0.14288928 0.10221487 0.0699238  0.13718972 0.08794187
 0.14353552 0.11697835 0.07111053 0.06211609]
Epoch 10, Batch 3/492, Grad Norms near zero: 0, Lx 2.4369, Lu 0.0463, Penalty 0.0504, loss 2.5336
Label Softmax (x): [0.14916983 0.11849796 0.07484103 0.07413633 0.09991369 0.04564812
 0.14313816 0.0657493  0.11496431 0.11394124]
Epoch 10, Batch 4/492, Grad Norms near zero: 0, Lx 2.6642, Lu 0.0650, Penalty 0.0595, loss 2.7888
Label Softmax (x): [0.20860587 0.09842753 0.06475967 0.07339776 0.0806146  0.02961348
 0.11131349 0.05849772 0.04513185 0.22963804]
Epoch 10, Batch 5/492, Grad Norms near zero: 0, Lx 2.7160, Lu 0.0665, Penalty 0.1850, loss 2.9675
Label Softmax (x): [0.15189008 0.0983008  0.05981151 0.08724371 0.0993198  0.04534711
 0.12891483 0.07682181 0.12615764 0.12619272]
Epoch 10, Batch 6/492, Grad Norms near zero: 0, Lx 2.8020, Lu 0.0518, Penalty 0.0592, loss 2.9130
Label Softmax (x): [0.17966199 0.06398973 0.06712444 0.07344151 0.08036951 0.05735125
 0.08435015 0.09331884 0.07859111 0.22180144]
Epoch 10, Batch 7/492, Grad Norms near zero: 0, Lx 2.5660, Lu 0.0771, Penalty 0.1026, loss 2.7457
Label Softmax (x): [0.13653064 0.06812836 0.08577915 0.07704594 0.09683916 0.07959777
 0.07679629 0.13326268 0.09727793 0.14874208]
Epoch 10, Batch 8/492, Grad Norms near zero: 0, Lx 2.4633, Lu 0.0572, Penalty 0.0354, loss 2.5559
Label Softmax (x): [0.10233427 0.06833474 0.10661747 0.08123577 0.11111455 0.10064663
 0.07613303 0.12853009 0.10094847 0.12410503]
Epoch 10, Batch 9/492, Grad Norms near zero: 0, Lx 2.4132, Lu 0.0526, Penalty 0.0186, loss 2.4844
Label Softmax (x): [0.07389228 0.06940291 0.12406498 0.08263314 0.1202857  0.12679812
 0.07310542 0.1357571  0.10784402 0.08621632]
Epoch 10, Batch 10/492, Grad Norms near zero: 0, Lx 2.4345, Lu 0.0423, Penalty 0.0301, loss 2.5069
Label Softmax (x): [0.0597387  0.1020122  0.11362761 0.08151115 0.10980207 0.1560705
 0.07246406 0.10009079 0.153363   0.0513199 ]
Epoch 10, Batch 11/492, Grad Norms near zero: 0, Lx 2.4291, Lu 0.0459, Penalty 0.0594, loss 2.5345
Label Softmax (x): [0.05140944 0.1086689  0.1129688  0.07001063 0.12134168 0.18763743
 0.06616955 0.10533449 0.13325451 0.04320456]
Epoch 10, Batch 12/492, Grad Norms near zero: 0, Lx 2.4630, Lu 0.0470, Penalty 0.0907, loss 2.6007
Label Softmax (x): [0.03456265 0.09390395 0.16088943 0.07706928 0.1753609  0.16449317
 0.0738645  0.08349735 0.09156942 0.0447893 ]
Epoch 10, Batch 13/492, Grad Norms near zero: 0, Lx 2.3835, Lu 0.0476, Penalty 0.1225, loss 2.5536
Label Softmax (x): [0.03458057 0.10527034 0.17159933 0.07583999 0.17094092 0.16106361
 0.07430238 0.06971945 0.09376918 0.04291422]
Epoch 10, Batch 14/492, Grad Norms near zero: 0, Lx 2.4840, Lu 0.0546, Penalty 0.1302, loss 2.6688
Label Softmax (x): [0.03690113 0.10582479 0.12924384 0.06592967 0.11940723 0.2272707
 0.07721791 0.10642293 0.08154219 0.05023965]
Epoch 10, Batch 15/492, Grad Norms near zero: 0, Lx 2.3910, Lu 0.0455, Penalty 0.1191, loss 2.5556
Label Softmax (x): [0.05772201 0.15081519 0.13220882 0.06530572 0.09477641 0.19483422
 0.0653362  0.08881176 0.08713324 0.06305642]
Epoch 10, Batch 16/492, Grad Norms near zero: 0, Lx 2.4478, Lu 0.0329, Penalty 0.0815, loss 2.5623
Label Softmax (x): [0.06280801 0.14850192 0.12720047 0.06641325 0.09768415 0.18208668
 0.06833456 0.09003875 0.07576891 0.08116332]
Epoch 10, Batch 17/492, Grad Norms near zero: 0, Lx 2.3244, Lu 0.0489, Penalty 0.0634, loss 2.4368
Label Softmax (x): [0.0548445  0.12866572 0.16166407 0.07001603 0.1131146  0.13886687
 0.08314548 0.10434519 0.08278596 0.06255159]
Epoch 10, Batch 18/492, Grad Norms near zero: 0, Lx 2.3044, Lu 0.0387, Penalty 0.0573, loss 2.4004
Label Softmax (x): [0.06404151 0.13086805 0.17194858 0.06939808 0.10349157 0.12099392
 0.08378704 0.10016617 0.0822603  0.07304475]
Epoch 10, Batch 19/492, Grad Norms near zero: 0, Lx 2.3318, Lu 0.0474, Penalty 0.0460, loss 2.4252
Label Softmax (x): [0.08200352 0.13363543 0.13769916 0.06515238 0.07795696 0.15088496
 0.06343502 0.10320719 0.06124986 0.12477548]
Epoch 10, Batch 20/492, Grad Norms near zero: 0, Lx 2.3493, Lu 0.0430, Penalty 0.0547, loss 2.4470
Label Softmax (x): [0.07066956 0.10633484 0.1572361  0.06281403 0.0936503  0.11592852
 0.08663978 0.13705622 0.07175905 0.09791157]
Epoch 10, Batch 21/492, Grad Norms near zero: 0, Lx 2.3919, Lu 0.0466, Penalty 0.0397, loss 2.4782
Label Softmax (x): [0.08708245 0.09913875 0.12303418 0.05972492 0.08104129 0.12903863
 0.08110544 0.15566312 0.06903329 0.11513792]
Epoch 10, Batch 22/492, Grad Norms near zero: 0, Lx 2.3160, Lu 0.0441, Penalty 0.0407, loss 2.4008
Label Softmax (x): [0.09693042 0.09738451 0.11868837 0.06174374 0.08437987 0.11829757
 0.08133071 0.14384338 0.06842721 0.12897424]
Epoch 10, Batch 23/492, Grad Norms near zero: 0, Lx 2.3367, Lu 0.0356, Penalty 0.0338, loss 2.4061
Label Softmax (x): [0.10500561 0.08831148 0.10592523 0.06652313 0.08549745 0.11431529
 0.08095796 0.14265707 0.06897566 0.14183113]
Epoch 10, Batch 24/492, Grad Norms near zero: 0, Lx 2.2760, Lu 0.0445, Penalty 0.0326, loss 2.3531
Label Softmax (x): [0.109224   0.08150876 0.09839718 0.06704555 0.09337257 0.11065296
 0.07777878 0.1469725  0.07000281 0.14504491]
Epoch 10, Batch 25/492, Grad Norms near zero: 0, Lx 2.2803, Lu 0.0508, Penalty 0.0351, loss 2.3661
Label Softmax (x): [0.11945164 0.08484825 0.09000866 0.07470699 0.09338431 0.11155587
 0.06425826 0.10902956 0.0696378  0.18311866]
Epoch 10, Batch 26/492, Grad Norms near zero: 0, Lx 2.3795, Lu 0.0411, Penalty 0.0455, loss 2.4661
Label Softmax (x): [0.1085605  0.08965524 0.10068028 0.08340143 0.11766492 0.09149393
 0.08186252 0.11319071 0.08293352 0.13055694]
Epoch 10, Batch 27/492, Grad Norms near zero: 0, Lx 2.3035, Lu 0.0491, Penalty 0.0125, loss 2.3651
Label Softmax (x): [0.11211577 0.08620899 0.09577484 0.08341219 0.11945378 0.09369992
 0.08111256 0.11523321 0.08751475 0.12547398]
Epoch 10, Batch 28/492, Grad Norms near zero: 0, Lx 2.2597, Lu 0.0545, Penalty 0.0120, loss 2.3262
Label Softmax (x): [0.1235651  0.07492035 0.07068715 0.08463112 0.11051036 0.11476824
 0.07204943 0.12236474 0.0846774  0.14182614]
Epoch 10, Batch 29/492, Grad Norms near zero: 0, Lx 2.3675, Lu 0.0433, Penalty 0.0296, loss 2.4404
Label Softmax (x): [0.11474855 0.08110805 0.07363005 0.08867465 0.11741839 0.11520204
 0.07298706 0.12010457 0.08774088 0.12838577]
Epoch 10, Batch 30/492, Grad Norms near zero: 0, Lx 2.3655, Lu 0.0276, Penalty 0.0209, loss 2.4140
Label Softmax (x): [0.11461306 0.08270407 0.07603582 0.09319465 0.11210008 0.11229081
 0.07303505 0.11960091 0.0928854  0.12354013]
Epoch 10, Batch 31/492, Grad Norms near zero: 0, Lx 2.2092, Lu 0.0341, Penalty 0.0165, loss 2.2598
Label Softmax (x): [0.12082192 0.08283094 0.07730628 0.08504162 0.11553137 0.11424813
 0.07133779 0.11585262 0.08932758 0.12770174]
Epoch 10, Batch 32/492, Grad Norms near zero: 0, Lx 2.4090, Lu 0.0305, Penalty 0.0200, loss 2.4595
Label Softmax (x): [0.09877247 0.09211442 0.10844226 0.08672838 0.11427298 0.08935215
 0.08367127 0.11006784 0.10579945 0.11077879]
Epoch 10, Batch 33/492, Grad Norms near zero: 0, Lx 2.3267, Lu 0.0380, Penalty 0.0059, loss 2.3705
Label Softmax (x): [0.10062986 0.08601576 0.10447279 0.08446477 0.10661247 0.11240815
 0.07573956 0.13017546 0.09768511 0.10179608]
Epoch 10, Batch 34/492, Grad Norms near zero: 0, Lx 2.3264, Lu 0.0426, Penalty 0.0108, loss 2.3798
Label Softmax (x): [0.09806465 0.08781374 0.11505187 0.08286212 0.1056515  0.11092048
 0.07604407 0.12669972 0.09978151 0.09711033]
Epoch 10, Batch 35/492, Grad Norms near zero: 0, Lx 2.2736, Lu 0.0327, Penalty 0.0107, loss 2.3171
Label Softmax (x): [0.09706602 0.10093371 0.11806138 0.08114617 0.10426332 0.12284563
 0.07848354 0.10267254 0.08336061 0.1111671 ]
Epoch 10, Batch 36/492, Grad Norms near zero: 0, Lx 2.2743, Lu 0.0421, Penalty 0.0108, loss 2.3272
Label Softmax (x): [0.09705927 0.10981943 0.12867452 0.07835284 0.09486508 0.123134
 0.07667805 0.09392987 0.08307736 0.1144096 ]
Epoch 10, Batch 37/492, Grad Norms near zero: 0, Lx 2.2289, Lu 0.0350, Penalty 0.0152, loss 2.2791
Label Softmax (x): [0.09318139 0.10758079 0.1239402  0.07571547 0.09170884 0.12905657
 0.07710209 0.10096245 0.0846464  0.11610578]
Epoch 10, Batch 38/492, Grad Norms near zero: 0, Lx 2.2698, Lu 0.0393, Penalty 0.0160, loss 2.3251
Label Softmax (x): [0.08676728 0.10953246 0.14681762 0.07136528 0.10851872 0.11463957
 0.07579384 0.10843046 0.09177779 0.08635696]
Epoch 10, Batch 39/492, Grad Norms near zero: 0, Lx 2.2487, Lu 0.0377, Penalty 0.0215, loss 2.3079
Label Softmax (x): [0.08337435 0.11264615 0.14884695 0.06892663 0.11327702 0.11781684
 0.07689879 0.10486283 0.08799848 0.08535193]
Epoch 10, Batch 40/492, Grad Norms near zero: 0, Lx 2.2732, Lu 0.0469, Penalty 0.0250, loss 2.3451
Label Softmax (x): [0.07636666 0.10950349 0.15770462 0.06657097 0.11641012 0.11424853
 0.08513214 0.10152926 0.08830792 0.0842263 ]
Epoch 10, Batch 41/492, Grad Norms near zero: 0, Lx 2.2851, Lu 0.0345, Penalty 0.0287, loss 2.3483
Label Softmax (x): [0.07976726 0.12019248 0.12733857 0.06991464 0.08965805 0.15187752
 0.07749448 0.0975797  0.07589995 0.11027734]
Epoch 10, Batch 42/492, Grad Norms near zero: 0, Lx 2.2580, Lu 0.0363, Penalty 0.0307, loss 2.3250
Label Softmax (x): [0.0797575  0.11068976 0.12822638 0.06503379 0.11518298 0.14353392
 0.07526028 0.11019648 0.08208775 0.09003117]
Epoch 10, Batch 43/492, Grad Norms near zero: 0, Lx 2.3038, Lu 0.0308, Penalty 0.0293, loss 2.3638
Label Softmax (x): [0.0734243  0.10389305 0.13556734 0.06157289 0.11756881 0.13062835
 0.08509393 0.11498152 0.08361076 0.09365905]
Epoch 10, Batch 44/492, Grad Norms near zero: 0, Lx 2.3265, Lu 0.0477, Penalty 0.0289, loss 2.4031
Label Softmax (x): [0.07056694 0.1038086  0.13123664 0.06034233 0.12260842 0.13658398
 0.08604519 0.11641469 0.07673775 0.09565547]
Epoch 10, Batch 45/492, Grad Norms near zero: 0, Lx 2.2395, Lu 0.0443, Penalty 0.0336, loss 2.3175
Label Softmax (x): [0.0775859  0.12421571 0.10084499 0.06676978 0.09891737 0.1534531
 0.07828247 0.10254466 0.0696371  0.12774894]
Epoch 10, Batch 46/492, Grad Norms near zero: 0, Lx 2.2925, Lu 0.0362, Penalty 0.0352, loss 2.3639
Label Softmax (x): [0.08409196 0.10498387 0.09685475 0.06283267 0.11778778 0.14742835
 0.08262725 0.1232014  0.0701258  0.11006619]
Epoch 10, Batch 47/492, Grad Norms near zero: 0, Lx 2.2654, Lu 0.0355, Penalty 0.0311, loss 2.3319
Label Softmax (x): [0.07951981 0.11418088 0.09134071 0.06684218 0.10242408 0.14958456
 0.08213681 0.11178421 0.06755092 0.13463584]
Epoch 10, Batch 48/492, Grad Norms near zero: 0, Lx 2.2426, Lu 0.0334, Penalty 0.0344, loss 2.3104
Label Softmax (x): [0.08183527 0.09216008 0.09616666 0.06311633 0.12667637 0.12923044
 0.09518941 0.13134408 0.06977031 0.11451107]
Epoch 10, Batch 49/492, Grad Norms near zero: 0, Lx 2.3464, Lu 0.0421, Penalty 0.0290, loss 2.4175
Label Softmax (x): [0.0891242  0.10652499 0.08405781 0.06888165 0.11037824 0.14046492
 0.08763741 0.10780935 0.06930344 0.135818  ]
Epoch 10, Batch 50/492, Grad Norms near zero: 0, Lx 2.2948, Lu 0.0386, Penalty 0.0277, loss 2.3611
Label Softmax (x): [0.10668916 0.09709178 0.078935   0.06847285 0.13682783 0.12711611
 0.08598419 0.1145028  0.07126869 0.11311164]
Epoch 10, Batch 51/492, Grad Norms near zero: 0, Lx 2.2654, Lu 0.0319, Penalty 0.0258, loss 2.3230
Label Softmax (x): [0.10141923 0.10843772 0.0844448  0.07147095 0.12181342 0.12033619
 0.08776358 0.10092413 0.07835109 0.12503886]
Epoch 10, Batch 52/492, Grad Norms near zero: 0, Lx 2.2907, Lu 0.0405, Penalty 0.0169, loss 2.3481
Label Softmax (x): [0.11347964 0.09707835 0.08262359 0.07157473 0.14163247 0.11872191
 0.08748603 0.1035517  0.07573864 0.10811295]
Epoch 10, Batch 53/492, Grad Norms near zero: 0, Lx 2.2852, Lu 0.0318, Penalty 0.0207, loss 2.3378
Label Softmax (x): [0.10952566 0.10549675 0.08689857 0.0735729  0.12099811 0.10984238
 0.08777859 0.09579922 0.08947244 0.12061535]
Epoch 10, Batch 54/492, Grad Norms near zero: 0, Lx 2.2032, Lu 0.0318, Penalty 0.0115, loss 2.2465
Label Softmax (x): [0.10403006 0.08724031 0.0968463  0.07181176 0.13662933 0.1091551
 0.09988564 0.1056795  0.0811073  0.1076147 ]
Epoch 10, Batch 55/492, Grad Norms near zero: 0, Lx 2.3136, Lu 0.0481, Penalty 0.0142, loss 2.3760
Label Softmax (x): [0.10486443 0.0994717  0.09750997 0.07584567 0.11647999 0.11288694
 0.08760154 0.08932148 0.0943759  0.12164238]
Epoch 10, Batch 56/492, Grad Norms near zero: 0, Lx 2.2178, Lu 0.0347, Penalty 0.0093, loss 2.2617
Label Softmax (x): [0.10503016 0.08561096 0.10053509 0.07750353 0.1179543  0.10769299
 0.10161886 0.10630322 0.08749374 0.11025713]
Epoch 10, Batch 57/492, Grad Norms near zero: 0, Lx 2.3463, Lu 0.0411, Penalty 0.0075, loss 2.3950
Label Softmax (x): [0.10945611 0.08710408 0.10366164 0.07802244 0.112395   0.10575634
 0.09569474 0.10430647 0.09118098 0.1124222 ]
Epoch 10, Batch 58/492, Grad Norms near zero: 0, Lx 2.3025, Lu 0.0430, Penalty 0.0064, loss 2.3519
Label Softmax (x): [0.10671334 0.0879335  0.10628868 0.08145272 0.11032942 0.10516777
 0.09168811 0.10855444 0.09072058 0.11115144]
Epoch 10, Batch 59/492, Grad Norms near zero: 0, Lx 2.2638, Lu 0.0366, Penalty 0.0055, loss 2.3060
Label Softmax (x): [0.09261133 0.09453317 0.13106176 0.0796834  0.09468964 0.11484026
 0.07506678 0.08776735 0.08919583 0.1405505 ]
Epoch 10, Batch 60/492, Grad Norms near zero: 0, Lx 2.2120, Lu 0.0454, Penalty 0.0197, loss 2.2771
Label Softmax (x): [0.08930063 0.0839393  0.13589184 0.07942546 0.08751729 0.11397499
 0.07304008 0.09945326 0.09267148 0.14478564]
Epoch 10, Batch 61/492, Grad Norms near zero: 0, Lx 2.1749, Lu 0.0238, Penalty 0.0240, loss 2.2227
Label Softmax (x): [0.10728084 0.08850662 0.11270277 0.08875834 0.10339537 0.1181186
 0.06640912 0.11148735 0.08747846 0.11586255]
Epoch 10, Batch 62/492, Grad Norms near zero: 0, Lx 2.2436, Lu 0.0270, Penalty 0.0139, loss 2.2845
Label Softmax (x): [0.10268155 0.08551483 0.12235275 0.08932263 0.09133966 0.11922321
 0.06438147 0.12282234 0.08783117 0.11453039]
Epoch 10, Batch 63/492, Grad Norms near zero: 0, Lx 2.2630, Lu 0.0386, Penalty 0.0185, loss 2.3201
Label Softmax (x): [0.09865627 0.08517186 0.125372   0.08731449 0.08718873 0.1164
 0.06255019 0.13300103 0.08826128 0.11608414]
Epoch 10, Batch 64/492, Grad Norms near zero: 0, Lx 2.2890, Lu 0.0429, Penalty 0.0229, loss 2.3548
Label Softmax (x): [0.07787136 0.07507995 0.13754657 0.08367421 0.07444295 0.11643072
 0.07755125 0.15947437 0.0846166  0.11331202]
Epoch 10, Batch 65/492, Grad Norms near zero: 0, Lx 2.2790, Lu 0.0449, Penalty 0.0369, loss 2.3608
Label Softmax (x): [0.0840563  0.08073013 0.12665297 0.08868475 0.07871658 0.12326261
 0.06553191 0.14844126 0.08855022 0.11537327]
Epoch 10, Batch 66/492, Grad Norms near zero: 0, Lx 2.3405, Lu 0.0397, Penalty 0.0308, loss 2.4111
Label Softmax (x): [0.08305366 0.08832756 0.13093492 0.08831335 0.08384815 0.118119
 0.06671003 0.138879   0.09009223 0.11172207]
Epoch 10, Batch 67/492, Grad Norms near zero: 0, Lx 2.2551, Lu 0.0343, Penalty 0.0244, loss 2.3137
Label Softmax (x): [0.08281319 0.09246319 0.12799518 0.08868127 0.08944362 0.1189153
 0.0665316  0.13124381 0.08963659 0.11227625]
Epoch 10, Batch 68/492, Grad Norms near zero: 0, Lx 2.2686, Lu 0.0407, Penalty 0.0208, loss 2.3301
Label Softmax (x): [0.05489731 0.06986126 0.17735694 0.07152236 0.06771881 0.11602108
 0.07921422 0.14750506 0.08246221 0.13344076]
Epoch 10, Batch 69/492, Grad Norms near zero: 0, Lx 2.1081, Lu 0.0312, Penalty 0.0710, loss 2.2103
Label Softmax (x): [0.08522971 0.10206385 0.12451956 0.08716899 0.10555321 0.11708127
 0.06802499 0.11166602 0.09165472 0.10703768]
Epoch 10, Batch 70/492, Grad Norms near zero: 0, Lx 2.2344, Lu 0.0391, Penalty 0.0140, loss 2.2875
Label Softmax (x): [0.0520221  0.06997962 0.17298684 0.0689851  0.0732666  0.13114679
 0.08543393 0.13471457 0.08436498 0.12709948]
Epoch 10, Batch 71/492, Grad Norms near zero: 0, Lx 2.1860, Lu 0.0364, Penalty 0.0663, loss 2.2887
Label Softmax (x): [0.05555594 0.07643904 0.1713402  0.06807571 0.08021387 0.12453995
 0.08439519 0.12215777 0.0871634  0.13011892]
Epoch 10, Batch 72/492, Grad Norms near zero: 0, Lx 2.2455, Lu 0.0442, Penalty 0.0547, loss 2.3445
Label Softmax (x): [0.07711089 0.10994036 0.11814881 0.08017544 0.10934552 0.12210558
 0.08697262 0.10415518 0.08892354 0.10312209]
Epoch 10, Batch 73/492, Grad Norms near zero: 0, Lx 2.2589, Lu 0.0391, Penalty 0.0116, loss 2.3095
Label Softmax (x): [0.09142491 0.12662084 0.1027362  0.08204043 0.12515613 0.11937183
 0.07424456 0.08434507 0.09386082 0.10019922]
Epoch 10, Batch 74/492, Grad Norms near zero: 0, Lx 2.2700, Lu 0.0334, Penalty 0.0153, loss 2.3186
Label Softmax (x): [0.06521019 0.0907876  0.12313242 0.06509822 0.10710999 0.12929404
 0.09164715 0.11077092 0.09316261 0.12378687]
Epoch 10, Batch 75/492, Grad Norms near zero: 0, Lx 2.1907, Lu 0.0229, Penalty 0.0262, loss 2.2398
Label Softmax (x): [0.07186746 0.09103709 0.11125556 0.06159958 0.11628535 0.13776723
 0.08934131 0.10110193 0.09655513 0.12318935]
Epoch 10, Batch 76/492, Grad Norms near zero: 0, Lx 2.2958, Lu 0.0379, Penalty 0.0259, loss 2.3596
Label Softmax (x): [0.07994743 0.08998512 0.09799337 0.06024728 0.12500411 0.13830441
 0.08920812 0.10312438 0.09955952 0.1166262 ]
Epoch 10, Batch 77/492, Grad Norms near zero: 0, Lx 2.1763, Lu 0.0403, Penalty 0.0243, loss 2.2409
Label Softmax (x): [0.10219356 0.12852284 0.08316415 0.07447574 0.12254599 0.13373467
 0.08555708 0.088428   0.08181868 0.09955927]
Epoch 10, Batch 78/492, Grad Norms near zero: 0, Lx 2.2943, Lu 0.0426, Penalty 0.0196, loss 2.3566
Label Softmax (x): [0.11018837 0.12645921 0.08173777 0.07190313 0.12559968 0.12912326
 0.08221019 0.09021571 0.08204519 0.1005175 ]
Epoch 10, Batch 79/492, Grad Norms near zero: 0, Lx 2.2737, Lu 0.0342, Penalty 0.0208, loss 2.3286
Label Softmax (x): [0.11073524 0.12236467 0.07862108 0.0712394  0.12113623 0.13356164
 0.08104143 0.09624777 0.08241902 0.10263354]
Epoch 10, Batch 80/492, Grad Norms near zero: 0, Lx 2.2959, Lu 0.0457, Penalty 0.0211, loss 2.3627
Label Softmax (x): [0.09681682 0.0860272  0.07940389 0.05611271 0.12452342 0.15372588
 0.08076707 0.11113194 0.0888714  0.12261968]
Epoch 10, Batch 81/492, Grad Norms near zero: 0, Lx 2.2584, Lu 0.0362, Penalty 0.0364, loss 2.3310
Label Softmax (x): [0.12649001 0.11116742 0.07231767 0.06868396 0.12283424 0.13370445
 0.06746671 0.09762245 0.08494043 0.11477268]
Epoch 10, Batch 82/492, Grad Norms near zero: 0, Lx 2.2678, Lu 0.0260, Penalty 0.0306, loss 2.3243
Label Softmax (x): [0.10869485 0.08790855 0.08558977 0.05663283 0.11338709 0.1322203
 0.08270747 0.1140105  0.09586884 0.12297983]
Epoch 10, Batch 83/492, Grad Norms near zero: 0, Lx 2.2118, Lu 0.0400, Penalty 0.0259, loss 2.2776
Label Softmax (x): [0.12214345 0.11028934 0.08093332 0.06693587 0.10815731 0.11954027
 0.07347595 0.11285223 0.08741754 0.11825475]
Epoch 10, Batch 84/492, Grad Norms near zero: 0, Lx 2.2817, Lu 0.0265, Penalty 0.0212, loss 2.3295
Label Softmax (x): [0.1090586  0.08582982 0.09983258 0.05576902 0.09135449 0.11295804
 0.08539866 0.13041005 0.09881043 0.1305783 ]
Epoch 10, Batch 85/492, Grad Norms near zero: 0, Lx 2.2343, Lu 0.0379, Penalty 0.0258, loss 2.2980
Label Softmax (x): [0.09314664 0.09032732 0.09730442 0.06058901 0.08535755 0.11623235
 0.09180792 0.15381615 0.08972155 0.12169707]
Epoch 10, Batch 86/492, Grad Norms near zero: 0, Lx 2.2889, Lu 0.0339, Penalty 0.0276, loss 2.3503
Label Softmax (x): [0.09498077 0.08990349 0.10032681 0.06187783 0.08613917 0.11159109
 0.09075723 0.147537   0.09351716 0.12336945]
Epoch 10, Batch 87/492, Grad Norms near zero: 0, Lx 2.2525, Lu 0.0310, Penalty 0.0239, loss 2.3075
Label Softmax (x): [0.0898388  0.08989467 0.10775193 0.06115957 0.08334149 0.1107447
 0.0902497  0.15201221 0.09499029 0.12001663]
Epoch 10, Batch 88/492, Grad Norms near zero: 0, Lx 2.2397, Lu 0.0360, Penalty 0.0264, loss 2.3021
Label Softmax (x): [0.0851998  0.09229299 0.11199235 0.06370857 0.08509153 0.1083997
 0.08752441 0.1560868  0.09335887 0.11634498]
Epoch 10, Batch 89/492, Grad Norms near zero: 0, Lx 2.2868, Lu 0.0472, Penalty 0.0264, loss 2.3604
Label Softmax (x): [0.08721507 0.09702718 0.11549781 0.06791238 0.0950038  0.10176469
 0.08358455 0.14542    0.09391174 0.11266277]
Epoch 10, Batch 90/492, Grad Norms near zero: 0, Lx 2.2596, Lu 0.0307, Penalty 0.0192, loss 2.3095
Label Softmax (x): [0.09808674 0.10119151 0.13993539 0.064336   0.08182268 0.08681735
 0.07920783 0.13031358 0.09885515 0.11943375]
Epoch 10, Batch 91/492, Grad Norms near zero: 0, Lx 2.2049, Lu 0.0310, Penalty 0.0257, loss 2.2616
Label Softmax (x): [0.09595928 0.09766565 0.13946112 0.06561153 0.08676775 0.08997598
 0.07643567 0.13198642 0.10138034 0.11475629]
Epoch 10, Batch 92/492, Grad Norms near zero: 0, Lx 2.2496, Lu 0.0466, Penalty 0.0241, loss 2.3203
Label Softmax (x): [0.08581895 0.09651014 0.1161027  0.08042053 0.12151134 0.0993476
 0.07733689 0.11656971 0.09958822 0.10679391]
Epoch 10, Batch 93/492, Grad Norms near zero: 0, Lx 2.2641, Lu 0.0300, Penalty 0.0111, loss 2.3051
Label Softmax (x): [0.09794936 0.09601004 0.13433926 0.07252192 0.09308714 0.09093369
 0.07529075 0.12025934 0.10316111 0.11644736]
Epoch 10, Batch 94/492, Grad Norms near zero: 0, Lx 2.1494, Lu 0.0314, Penalty 0.0170, loss 2.1978
Label Softmax (x): [0.09554611 0.09609511 0.1308525  0.07447363 0.09038401 0.09667812
 0.0731625  0.11771181 0.10235924 0.12273697]
Epoch 10, Batch 95/492, Grad Norms near zero: 0, Lx 2.2599, Lu 0.0356, Penalty 0.0167, loss 2.3123
Label Softmax (x): [0.08077834 0.08736873 0.10065108 0.08518507 0.13268563 0.11576203
 0.07737753 0.11494657 0.10069425 0.10455079]
Epoch 10, Batch 96/492, Grad Norms near zero: 0, Lx 2.2633, Lu 0.0315, Penalty 0.0139, loss 2.3086
Label Softmax (x): [0.08945978 0.08804015 0.11129319 0.07921018 0.09427677 0.11483581
 0.07252874 0.12876865 0.10784642 0.11374032]
Epoch 10, Batch 97/492, Grad Norms near zero: 0, Lx 2.2164, Lu 0.0468, Penalty 0.0149, loss 2.2782
Label Softmax (x): [0.08631718 0.08869184 0.10011224 0.07955979 0.09703922 0.13376145
 0.07301126 0.12368153 0.10822231 0.10960317]
Epoch 10, Batch 98/492, Grad Norms near zero: 0, Lx 2.2226, Lu 0.0448, Penalty 0.0165, loss 2.2839
Label Softmax (x): [0.08375521 0.09735448 0.0888404  0.09039163 0.14466062 0.1256745
 0.07256603 0.08817044 0.10650706 0.10207964]
Epoch 10, Batch 99/492, Grad Norms near zero: 0, Lx 2.3161, Lu 0.0334, Penalty 0.0189, loss 2.3684
Label Softmax (x): [0.08170778 0.09789024 0.08519898 0.08790891 0.13743503 0.13926756
 0.07594407 0.08832186 0.10521101 0.10111457]
Epoch 10, Batch 100/492, Grad Norms near zero: 0, Lx 2.2067, Lu 0.0286, Penalty 0.0201, loss 2.2553
Label Softmax (x): [0.08831348 0.09108769 0.08585422 0.07890332 0.0967801  0.1767428
 0.07708553 0.09020063 0.10348126 0.11155097]
Epoch 10, Batch 101/492, Grad Norms near zero: 0, Lx 2.1944, Lu 0.0398, Penalty 0.0290, loss 2.2632
Label Softmax (x): [0.07430309 0.08718887 0.08563016 0.08520844 0.11948369 0.16204306
 0.08832806 0.09362219 0.10428832 0.09990408]
Epoch 10, Batch 102/492, Grad Norms near zero: 0, Lx 2.2750, Lu 0.0308, Penalty 0.0238, loss 2.3296
Label Softmax (x): [0.08372501 0.09524821 0.08257188 0.08012977 0.11837384 0.15667266
 0.08597996 0.08582924 0.10321918 0.10825026]
Epoch 10, Batch 103/492, Grad Norms near zero: 0, Lx 2.2715, Lu 0.0305, Penalty 0.0215, loss 2.3235
Label Softmax (x): [0.07778296 0.09177061 0.08184208 0.08393575 0.11004652 0.15563115
 0.09586569 0.092273   0.0981234  0.11272883]
Epoch 10, Batch 104/492, Grad Norms near zero: 0, Lx 2.2474, Lu 0.0267, Penalty 0.0196, loss 2.2937
Label Softmax (x): [0.08451156 0.0870942  0.07864334 0.07258713 0.08243202 0.196556
 0.08774506 0.08955739 0.09128618 0.12958713]
Epoch 10, Batch 105/492, Grad Norms near zero: 0, Lx 2.1951, Lu 0.0332, Penalty 0.0458, loss 2.2741
Label Softmax (x): [0.07499088 0.09240565 0.08779556 0.07749519 0.10169814 0.14864859
 0.10721841 0.09875625 0.09008634 0.12090498]
Epoch 10, Batch 106/492, Grad Norms near zero: 0, Lx 2.2790, Lu 0.0435, Penalty 0.0196, loss 2.3422
Label Softmax (x): [0.08826602 0.09959513 0.0883102  0.07371195 0.10373486 0.1335143
 0.09706466 0.09197165 0.08933819 0.13449301]
Epoch 10, Batch 107/492, Grad Norms near zero: 0, Lx 2.2486, Lu 0.0307, Penalty 0.0162, loss 2.2956
Label Softmax (x): [0.07991026 0.09622131 0.09591106 0.0745955  0.09687112 0.12743875
 0.10986499 0.10717823 0.08491323 0.12709557]
Epoch 10, Batch 108/492, Grad Norms near zero: 0, Lx 2.2646, Lu 0.0450, Penalty 0.0147, loss 2.3243
Label Softmax (x): [0.09350873 0.0950947  0.09599634 0.07065736 0.09861889 0.12114246
 0.09713385 0.10597957 0.08462834 0.13723978]
Epoch 10, Batch 109/492, Grad Norms near zero: 0, Lx 2.2025, Lu 0.0274, Penalty 0.0149, loss 2.2448
Label Softmax (x): [0.09719317 0.09377793 0.10402566 0.06798577 0.10023972 0.11344131
 0.0942756  0.10860901 0.08191797 0.13853388]
Epoch 10, Batch 110/492, Grad Norms near zero: 0, Lx 2.2591, Lu 0.0410, Penalty 0.0160, loss 2.3162
Label Softmax (x): [0.10119233 0.09326798 0.10810018 0.06730954 0.10197998 0.11176205
 0.08865514 0.11262981 0.07985507 0.13524793]
Epoch 10, Batch 111/492, Grad Norms near zero: 0, Lx 2.2726, Lu 0.0360, Penalty 0.0170, loss 2.3255
Label Softmax (x): [0.09899797 0.09253904 0.10527208 0.06745563 0.08320444 0.13439786
 0.09025341 0.11631087 0.07074642 0.14082222]
Epoch 10, Batch 112/492, Grad Norms near zero: 0, Lx 2.1538, Lu 0.0409, Penalty 0.0273, loss 2.2221
Label Softmax (x): [0.10402641 0.088654   0.10836776 0.06442264 0.08526534 0.12682228
 0.08860682 0.12051035 0.07287066 0.14045377]
Epoch 10, Batch 113/492, Grad Norms near zero: 0, Lx 2.2159, Lu 0.0303, Penalty 0.0273, loss 2.2736
Label Softmax (x): [0.10168243 0.08461519 0.10860296 0.0640735  0.08528792 0.12289698
 0.08739109 0.13581689 0.07413442 0.13549861]
Epoch 10, Batch 114/492, Grad Norms near zero: 0, Lx 2.1458, Lu 0.0293, Penalty 0.0290, loss 2.2042
Label Softmax (x): [0.10070211 0.08256619 0.1260701  0.06906463 0.09996629 0.09712341
 0.08605117 0.14922933 0.07996153 0.10926522]
Epoch 10, Batch 115/492, Grad Norms near zero: 0, Lx 2.2642, Lu 0.0373, Penalty 0.0237, loss 2.3252
Label Softmax (x): [0.10242092 0.08506147 0.13053162 0.06900445 0.10622429 0.0921443
 0.08564277 0.1453886  0.08226071 0.10132086]
Epoch 10, Batch 116/492, Grad Norms near zero: 0, Lx 2.2603, Lu 0.0358, Penalty 0.0227, loss 2.3188
Label Softmax (x): [0.10013144 0.09136799 0.13099048 0.06734444 0.09097274 0.1055448
 0.09281112 0.12906915 0.07571556 0.11605231]
Epoch 10, Batch 117/492, Grad Norms near zero: 0, Lx 2.1645, Lu 0.0439, Penalty 0.0204, loss 2.2287
Label Softmax (x): [0.10215455 0.08767065 0.12558344 0.07179296 0.11574243 0.09314924
 0.08861998 0.13567954 0.08521175 0.09439544]
Epoch 10, Batch 118/492, Grad Norms near zero: 0, Lx 2.2524, Lu 0.0245, Penalty 0.0172, loss 2.2942
Label Softmax (x): [0.10886946 0.08802287 0.12713972 0.06839886 0.11657014 0.09904245
 0.08170094 0.12326045 0.08915871 0.09783639]
Epoch 10, Batch 119/492, Grad Norms near zero: 0, Lx 2.2504, Lu 0.0497, Penalty 0.0168, loss 2.3169
Label Softmax (x): [0.0893952  0.08643152 0.12871274 0.07354228 0.11014838 0.10577641
 0.09636619 0.13630565 0.08530599 0.08801564]
Epoch 10, Batch 120/492, Grad Norms near zero: 0, Lx 2.2893, Lu 0.0436, Penalty 0.0174, loss 2.3503
Label Softmax (x): [0.09554109 0.08956283 0.12052909 0.07419553 0.1163301  0.11378338
 0.09030801 0.11472017 0.08852706 0.09650274]
Epoch 10, Batch 121/492, Grad Norms near zero: 0, Lx 2.2143, Lu 0.0441, Penalty 0.0109, loss 2.2694
Label Softmax (x): [0.08026834 0.08510539 0.11603519 0.07842603 0.10190944 0.12916751
 0.10646734 0.12566245 0.0843503  0.09260803]
Epoch 10, Batch 122/492, Grad Norms near zero: 0, Lx 2.2674, Lu 0.0344, Penalty 0.0156, loss 2.3174
Label Softmax (x): [0.07190739 0.08675122 0.12147467 0.07744983 0.08258004 0.14437062
 0.11370242 0.11730701 0.07570592 0.10875087]
Epoch 10, Batch 123/492, Grad Norms near zero: 0, Lx 2.0853, Lu 0.0285, Penalty 0.0263, loss 2.1402
Label Softmax (x): [0.07386449 0.08894052 0.11254309 0.08162685 0.08915479 0.14410414
 0.11378901 0.10988967 0.07988004 0.10620742]
Epoch 10, Batch 124/492, Grad Norms near zero: 0, Lx 2.1463, Lu 0.0299, Penalty 0.0195, loss 2.1958
Label Softmax (x): [0.07348606 0.07849739 0.09302501 0.07971503 0.09051891 0.16038619
 0.11150374 0.12430325 0.08609141 0.10247308]
Epoch 10, Batch 125/492, Grad Norms near zero: 0, Lx 2.2794, Lu 0.0315, Penalty 0.0275, loss 2.3384
Label Softmax (x): [0.08178468 0.07960556 0.0844399  0.07977124 0.09753105 0.17400485
 0.09461526 0.11494093 0.08850871 0.10479781]
Epoch 10, Batch 126/492, Grad Norms near zero: 0, Lx 2.3107, Lu 0.0290, Penalty 0.0287, loss 2.3684
Label Softmax (x): [0.08613063 0.08307411 0.0832417  0.08175257 0.10131035 0.16944759
 0.09495763 0.10337678 0.09082536 0.10588327]
Epoch 10, Batch 127/492, Grad Norms near zero: 0, Lx 2.2850, Lu 0.0324, Penalty 0.0237, loss 2.3411
Label Softmax (x): [0.08881924 0.08260842 0.08046468 0.08884674 0.10464378 0.16592103
 0.09049875 0.10396147 0.0933015  0.10093442]
Epoch 10, Batch 128/492, Grad Norms near zero: 0, Lx 2.2285, Lu 0.0271, Penalty 0.0215, loss 2.2771
Label Softmax (x): [0.09243631 0.08939922 0.08258453 0.0933055  0.10964955 0.15377837
 0.08694715 0.1006585  0.09323522 0.09800566]
Epoch 10, Batch 129/492, Grad Norms near zero: 0, Lx 2.2462, Lu 0.0361, Penalty 0.0152, loss 2.2976
Label Softmax (x): [0.09996475 0.09595891 0.08266732 0.09738138 0.12163708 0.13649102
 0.07934283 0.0957478  0.09585669 0.09495223]
Epoch 10, Batch 130/492, Grad Norms near zero: 0, Lx 2.2544, Lu 0.0287, Penalty 0.0120, loss 2.2952
Label Softmax (x): [0.08135621 0.08666514 0.0921967  0.09782867 0.09848885 0.16771844
 0.09023664 0.10405153 0.08568715 0.09577065]
Epoch 10, Batch 131/492, Grad Norms near zero: 0, Lx 2.1553, Lu 0.0233, Penalty 0.0211, loss 2.1997
Label Softmax (x): [0.08863089 0.08697599 0.10514815 0.0954813  0.09538169 0.14977454
 0.08487677 0.10226613 0.09018621 0.10127831]
Epoch 10, Batch 132/492, Grad Norms near zero: 0, Lx 2.1246, Lu 0.0218, Penalty 0.0132, loss 2.1596
Label Softmax (x): [0.10287162 0.09454207 0.09924507 0.09969284 0.12180626 0.09967644
 0.07460416 0.09696174 0.11604658 0.09455322]
Epoch 10, Batch 133/492, Grad Norms near zero: 0, Lx 2.3025, Lu 0.0299, Penalty 0.0075, loss 2.3400
Label Softmax (x): [0.10282157 0.09578438 0.10874045 0.09564729 0.1294886  0.08742762
 0.072065   0.09417067 0.11742096 0.09643345]
Epoch 10, Batch 134/492, Grad Norms near zero: 0, Lx 2.2786, Lu 0.0418, Penalty 0.0115, loss 2.3319
Label Softmax (x): [0.10282455 0.09181743 0.12126371 0.08886576 0.12710074 0.08282956
 0.07115771 0.0975104  0.11773117 0.09889895]
Epoch 10, Batch 135/492, Grad Norms near zero: 0, Lx 2.3013, Lu 0.0401, Penalty 0.0145, loss 2.3559
Label Softmax (x): [0.10075337 0.09190156 0.13005872 0.08661079 0.12030711 0.0824683
 0.07028507 0.10030749 0.11168852 0.10561906]
Epoch 10, Batch 136/492, Grad Norms near zero: 0, Lx 2.2461, Lu 0.0422, Penalty 0.0150, loss 2.3033
Label Softmax (x): [0.11228025 0.08942661 0.13875794 0.07913811 0.12030578 0.07518805
 0.06100135 0.09271312 0.11511911 0.11606966]
Epoch 10, Batch 137/492, Grad Norms near zero: 0, Lx 2.2576, Lu 0.0459, Penalty 0.0283, loss 2.3318
Label Softmax (x): [0.10268287 0.08410235 0.13872497 0.07723233 0.10870236 0.08635029
 0.06526928 0.10650264 0.11013142 0.12030149]
Epoch 10, Batch 138/492, Grad Norms near zero: 0, Lx 2.1995, Lu 0.0335, Penalty 0.0223, loss 2.2553
Label Softmax (x): [0.08682704 0.09957787 0.19671592 0.06519953 0.06870781 0.0921966
 0.06825703 0.09911984 0.08367066 0.1397277 ]
Epoch 10, Batch 139/492, Grad Norms near zero: 0, Lx 2.1946, Lu 0.0452, Penalty 0.0588, loss 2.2986
Label Softmax (x): [0.09179372 0.08069617 0.13904272 0.06878664 0.09442591 0.09944668
 0.06910229 0.12884101 0.101881   0.1259839 ]
Epoch 10, Batch 140/492, Grad Norms near zero: 0, Lx 2.1969, Lu 0.0401, Penalty 0.0274, loss 2.2644
Label Softmax (x): [0.08423036 0.08517899 0.13160647 0.06717859 0.08773378 0.11286074
 0.07419269 0.14235082 0.09350153 0.12116604]
Epoch 10, Batch 141/492, Grad Norms near zero: 0, Lx 2.2488, Lu 0.0304, Penalty 0.0286, loss 2.3078
Label Softmax (x): [0.07908498 0.08281028 0.12068208 0.06497175 0.0855238  0.12701002
 0.07819088 0.14874585 0.0900619  0.12291849]
Epoch 10, Batch 142/492, Grad Norms near zero: 0, Lx 2.2074, Lu 0.0457, Penalty 0.0331, loss 2.2862
Label Softmax (x): [0.07397541 0.08455154 0.10867721 0.06756204 0.08240453 0.13480042
 0.08133242 0.16308388 0.08417027 0.11944224]
Epoch 10, Batch 143/492, Grad Norms near zero: 0, Lx 2.2316, Lu 0.0331, Penalty 0.0385, loss 2.3032
Label Softmax (x): [0.06798987 0.10036965 0.13446902 0.06165368 0.05958136 0.14363642
 0.0778072  0.15244478 0.06845035 0.13359767]
Epoch 10, Batch 144/492, Grad Norms near zero: 0, Lx 2.1510, Lu 0.0249, Penalty 0.0644, loss 2.2403
Label Softmax (x): [0.06976402 0.09744278 0.12888993 0.06198632 0.06456713 0.1516684
 0.07897416 0.14536595 0.06987453 0.13146676]
Epoch 10, Batch 145/492, Grad Norms near zero: 0, Lx 2.0477, Lu 0.0310, Penalty 0.0578, loss 2.1365
Label Softmax (x): [0.07170267 0.08758728 0.08801185 0.06345221 0.08000305 0.16321094
 0.08664486 0.16692838 0.07933963 0.11311915]
Epoch 10, Batch 146/492, Grad Norms near zero: 0, Lx 2.1517, Lu 0.0357, Penalty 0.0520, loss 2.2394
Label Softmax (x): [0.06777874 0.09533316 0.1024601  0.06215722 0.06643511 0.18559031
 0.08204632 0.14737931 0.06905699 0.12176276]
Epoch 10, Batch 147/492, Grad Norms near zero: 0, Lx 2.0318, Lu 0.0361, Penalty 0.0662, loss 2.1340
Label Softmax (x): [0.0745776  0.10587184 0.0970803  0.06810423 0.07779122 0.16951685
 0.08220279 0.13240549 0.07329268 0.11915699]
Epoch 10, Batch 148/492, Grad Norms near zero: 0, Lx 2.1241, Lu 0.0321, Penalty 0.0424, loss 2.1986
Label Softmax (x): [0.06392664 0.08254586 0.07487346 0.06886033 0.07441915 0.18085605
 0.1045876  0.17511034 0.07559475 0.0992258 ]
Epoch 10, Batch 149/492, Grad Norms near zero: 0, Lx 2.2246, Lu 0.0312, Penalty 0.0687, loss 2.3245
Label Softmax (x): [0.06867356 0.08539993 0.07481949 0.07459806 0.0850639  0.16874596
 0.10175719 0.16508073 0.07750072 0.09836049]
Epoch 10, Batch 150/492, Grad Norms near zero: 0, Lx 2.2945, Lu 0.0366, Penalty 0.0508, loss 2.3819
Label Softmax (x): [0.07740378 0.0933957  0.07447778 0.07568394 0.10059443 0.15699163
 0.09195265 0.14616284 0.07962962 0.10370763]
Epoch 10, Batch 151/492, Grad Norms near zero: 0, Lx 2.3032, Lu 0.0339, Penalty 0.0337, loss 2.3707
Label Softmax (x): [0.09910756 0.10763784 0.07809726 0.07727882 0.13247135 0.12634872
 0.07378394 0.10429972 0.09046009 0.11051469]
Epoch 10, Batch 152/492, Grad Norms near zero: 0, Lx 2.2535, Lu 0.0363, Penalty 0.0187, loss 2.3086
Label Softmax (x): [0.11163019 0.10719591 0.07780221 0.08583656 0.16621941 0.11414416
 0.05970204 0.07497039 0.09798744 0.10451168]
Epoch 10, Batch 153/492, Grad Norms near zero: 0, Lx 2.1733, Lu 0.0475, Penalty 0.0364, loss 2.2571
Label Softmax (x): [0.1133747  0.09518848 0.07666343 0.08482017 0.1699058  0.11281198
 0.05883591 0.078888   0.10748052 0.10203101]
Epoch 10, Batch 154/492, Grad Norms near zero: 0, Lx 2.1615, Lu 0.0374, Penalty 0.0379, loss 2.2369
Label Softmax (x): [0.1065437  0.0891201  0.08145016 0.08725309 0.1590134  0.12244931
 0.0622035  0.08276655 0.10550856 0.10369165]
Epoch 10, Batch 155/492, Grad Norms near zero: 0, Lx 2.1951, Lu 0.0368, Penalty 0.0301, loss 2.2620
Label Softmax (x): [0.08954067 0.08632915 0.09610105 0.08088079 0.12841143 0.12017571
 0.08192413 0.10558254 0.09934298 0.11171156]
Epoch 10, Batch 156/492, Grad Norms near zero: 0, Lx 2.2735, Lu 0.0480, Penalty 0.0116, loss 2.3332
Label Softmax (x): [0.10382456 0.08707695 0.0984176  0.07955607 0.13216917 0.11294007
 0.06859544 0.09323935 0.10577674 0.11840403]
Epoch 10, Batch 157/492, Grad Norms near zero: 0, Lx 2.2077, Lu 0.0404, Penalty 0.0167, loss 2.2648
Label Softmax (x): [0.0870029  0.07528483 0.10013461 0.07865123 0.10584654 0.13473076
 0.09146935 0.10970175 0.09766062 0.11951741]
Epoch 10, Batch 158/492, Grad Norms near zero: 0, Lx 2.1891, Lu 0.0293, Penalty 0.0149, loss 2.2333
Label Softmax (x): [0.09206432 0.06691214 0.09444658 0.08716004 0.10855237 0.15174842
 0.0768382  0.10720879 0.10274593 0.11232318]
Epoch 10, Batch 159/492, Grad Norms near zero: 0, Lx 2.0966, Lu 0.0247, Penalty 0.0230, loss 2.1444
Label Softmax (x): [0.08617277 0.07007001 0.12379792 0.0742424  0.09665213 0.12628412
 0.08593243 0.11334699 0.09956868 0.12393255]
Epoch 10, Batch 160/492, Grad Norms near zero: 0, Lx 2.2798, Lu 0.0358, Penalty 0.0206, loss 2.3361
Label Softmax (x): [0.10172041 0.07864838 0.12149577 0.07763536 0.10067691 0.12183975
 0.07361168 0.09636305 0.1030682  0.12494048]
Epoch 10, Batch 161/492, Grad Norms near zero: 0, Lx 2.1645, Lu 0.0298, Penalty 0.0168, loss 2.2110
Label Softmax (x): [0.09992232 0.07493672 0.12872952 0.07868604 0.09607358 0.1246987
 0.0735781  0.09756795 0.10115453 0.12465249]
Epoch 10, Batch 162/492, Grad Norms near zero: 0, Lx 2.1754, Lu 0.0330, Penalty 0.0195, loss 2.2279
Label Softmax (x): [0.09357902 0.0707049  0.13094215 0.08064505 0.08269294 0.13735051
 0.08441322 0.10474568 0.09367649 0.12125006]
Epoch 10, Batch 163/492, Grad Norms near zero: 0, Lx 2.1090, Lu 0.0317, Penalty 0.0227, loss 2.1634
Label Softmax (x): [0.09755208 0.07070062 0.13920033 0.07663444 0.08551634 0.13053714
 0.07299162 0.10110608 0.10597757 0.11978377]
Epoch 10, Batch 164/492, Grad Norms near zero: 0, Lx 2.2397, Lu 0.0341, Penalty 0.0262, loss 2.3000
Label Softmax (x): [0.08052724 0.0564602  0.12960827 0.08021383 0.06321122 0.16481978
 0.0804589  0.14209148 0.09684963 0.10575943]
Epoch 10, Batch 165/492, Grad Norms near zero: 0, Lx 2.1778, Lu 0.0422, Penalty 0.0550, loss 2.2751
Label Softmax (x): [0.09035483 0.07782111 0.14149873 0.07223958 0.08619132 0.13119239
 0.07325728 0.1139275  0.10110043 0.11241683]
Epoch 10, Batch 166/492, Grad Norms near zero: 0, Lx 2.2253, Lu 0.0438, Penalty 0.0260, loss 2.2951
Label Softmax (x): [0.08791721 0.09208781 0.13370383 0.07395037 0.08880418 0.12975512
 0.07652357 0.11438423 0.09377602 0.10909764]
Epoch 10, Batch 167/492, Grad Norms near zero: 0, Lx 2.2367, Lu 0.0401, Penalty 0.0191, loss 2.2960
Label Softmax (x): [0.07294379 0.06622712 0.12828293 0.07422961 0.06508727 0.15841298
 0.0870809  0.16462547 0.08499499 0.09811495]
Epoch 10, Batch 168/492, Grad Norms near zero: 0, Lx 2.1624, Lu 0.0328, Penalty 0.0567, loss 2.2519
Label Softmax (x): [0.07944155 0.09816404 0.12428722 0.07682247 0.0919383  0.12548193
 0.09226054 0.12555695 0.08388217 0.10216484]
Epoch 10, Batch 169/492, Grad Norms near zero: 0, Lx 2.1667, Lu 0.0258, Penalty 0.0159, loss 2.2085
Label Softmax (x): [0.07865917 0.10366306 0.12329655 0.07387604 0.09783949 0.11522615
 0.08585368 0.13324024 0.08700576 0.10133982]
Epoch 10, Batch 170/492, Grad Norms near zero: 0, Lx 2.1687, Lu 0.0303, Penalty 0.0169, loss 2.2159
Label Softmax (x): [0.07708703 0.11818045 0.11969043 0.074106   0.10757149 0.10361877
 0.08266089 0.13394076 0.08456314 0.09858102]
Epoch 10, Batch 171/492, Grad Norms near zero: 0, Lx 2.2388, Lu 0.0346, Penalty 0.0185, loss 2.2919
Label Softmax (x): [0.07445557 0.11194332 0.11346972 0.07106547 0.10749088 0.10969096
 0.08479536 0.14065462 0.08462524 0.10180883]
Epoch 10, Batch 172/492, Grad Norms near zero: 0, Lx 2.2057, Lu 0.0411, Penalty 0.0205, loss 2.2674
Label Softmax (x): [0.08371145 0.1350958  0.13341987 0.07962187 0.0877497  0.088693
 0.0864898  0.12534568 0.07557386 0.10429896]
Epoch 10, Batch 173/492, Grad Norms near zero: 0, Lx 2.1230, Lu 0.0285, Penalty 0.0224, loss 2.1739
Label Softmax (x): [0.07987878 0.11989207 0.10339846 0.07084188 0.12749629 0.09698544
 0.07655858 0.1306763  0.09324971 0.10102252]
Epoch 10, Batch 174/492, Grad Norms near zero: 0, Lx 2.2294, Lu 0.0281, Penalty 0.0202, loss 2.2776
Label Softmax (x): [0.07825875 0.12839384 0.09758057 0.07325563 0.13380353 0.09991249
 0.07501032 0.12833646 0.08998518 0.09546318]
Epoch 10, Batch 175/492, Grad Norms near zero: 0, Lx 2.0851, Lu 0.0243, Penalty 0.0231, loss 2.1325
Label Softmax (x): [0.0787592  0.11428169 0.11533584 0.07908323 0.11952206 0.09231178
 0.07797351 0.12794742 0.09489474 0.09989054]
Epoch 10, Batch 176/492, Grad Norms near zero: 0, Lx 2.1235, Lu 0.0451, Penalty 0.0155, loss 2.1840
Label Softmax (x): [0.07955141 0.11759025 0.11669073 0.08158334 0.10092185 0.09491792
 0.08333933 0.12713747 0.08921771 0.10905004]
Epoch 10, Batch 177/492, Grad Norms near zero: 0, Lx 2.1216, Lu 0.0322, Penalty 0.0129, loss 2.1667
Label Softmax (x): [0.08058218 0.11852014 0.11283583 0.07913062 0.10410187 0.10105769
 0.0789898  0.12253381 0.0933376  0.1089105 ]
Epoch 10, Batch 178/492, Grad Norms near zero: 0, Lx 2.1844, Lu 0.0440, Penalty 0.0125, loss 2.2409
Label Softmax (x): [0.08218133 0.10135068 0.08332543 0.06907241 0.13000247 0.12299797
 0.06516176 0.12176175 0.1193405  0.1048057 ]
Epoch 10, Batch 179/492, Grad Norms near zero: 0, Lx 2.1820, Lu 0.0333, Penalty 0.0274, loss 2.2427
Label Softmax (x): [0.08268522 0.09350576 0.08499677 0.06850752 0.12928884 0.12525126
 0.06505691 0.12380776 0.1216967  0.10520327]
Epoch 10, Batch 180/492, Grad Norms near zero: 0, Lx 2.2351, Lu 0.0370, Penalty 0.0285, loss 2.3007
Label Softmax (x): [0.07287335 0.08481893 0.09274679 0.07345868 0.11557906 0.13412803
 0.08288558 0.1342797  0.10955331 0.09967658]
Epoch 10, Batch 181/492, Grad Norms near zero: 0, Lx 2.2911, Lu 0.0395, Penalty 0.0231, loss 2.3537
Label Softmax (x): [0.08016585 0.06556535 0.0995015  0.072723   0.07794179 0.15151544
 0.08763265 0.14020672 0.1009741  0.12377362]
Epoch 10, Batch 182/492, Grad Norms near zero: 0, Lx 2.1483, Lu 0.0347, Penalty 0.0371, loss 2.2201
Label Softmax (x): [0.07857727 0.07153466 0.09438544 0.07671961 0.10197329 0.149272
 0.07931378 0.14630584 0.10127959 0.10063853]
Epoch 10, Batch 183/492, Grad Norms near zero: 0, Lx 2.2353, Lu 0.0416, Penalty 0.0311, loss 2.3080
Label Softmax (x): [0.0843854  0.06825601 0.10249764 0.07421957 0.09588692 0.14264366
 0.08107536 0.14401622 0.10002933 0.10698986]
Epoch 10, Batch 184/492, Grad Norms near zero: 0, Lx 2.2127, Lu 0.0284, Penalty 0.0289, loss 2.2700
Label Softmax (x): [0.09668981 0.08001369 0.09539963 0.07878853 0.09636454 0.14179462
 0.08003457 0.12296243 0.09535738 0.11259478]
Epoch 10, Batch 185/492, Grad Norms near zero: 0, Lx 2.2046, Lu 0.0445, Penalty 0.0175, loss 2.2666
Label Softmax (x): [0.10020671 0.06990671 0.11098123 0.07946895 0.07178839 0.14120123
 0.09230292 0.11753116 0.08695644 0.12965626]
Epoch 10, Batch 186/492, Grad Norms near zero: 0, Lx 2.1265, Lu 0.0291, Penalty 0.0267, loss 2.1822
Label Softmax (x): [0.10358895 0.08217305 0.11026367 0.08280654 0.07335897 0.1435478
 0.091113   0.10627321 0.08173567 0.12513909]
Epoch 10, Batch 187/492, Grad Norms near zero: 0, Lx 2.1651, Lu 0.0309, Penalty 0.0210, loss 2.2170
Label Softmax (x): [0.09564442 0.10411534 0.10933176 0.09826115 0.09298575 0.13008118
 0.09503546 0.10790738 0.07238094 0.09425662]
Epoch 10, Batch 188/492, Grad Norms near zero: 0, Lx 2.2035, Lu 0.0330, Penalty 0.0099, loss 2.2464
Label Softmax (x): [0.09190425 0.10084327 0.11218889 0.09613116 0.0921372  0.13127877
 0.09798621 0.11272354 0.07161043 0.09319627]
Epoch 10, Batch 189/492, Grad Norms near zero: 0, Lx 2.2269, Lu 0.0450, Penalty 0.0115, loss 2.2834
Label Softmax (x): [0.09482747 0.11397307 0.10243746 0.10219945 0.09482794 0.1320232
 0.09318124 0.10629769 0.068489   0.09174345]
Epoch 10, Batch 190/492, Grad Norms near zero: 0, Lx 2.2136, Lu 0.0271, Penalty 0.0126, loss 2.2533
Label Softmax (x): [0.10647776 0.13495806 0.10120399 0.09686548 0.09646115 0.11703058
 0.08257522 0.09509531 0.06943681 0.09989563]
Epoch 10, Batch 191/492, Grad Norms near zero: 0, Lx 2.2069, Lu 0.0266, Penalty 0.0144, loss 2.2478
Label Softmax (x): [0.1104819  0.11311051 0.11658659 0.09122138 0.09698243 0.10537987
 0.08164213 0.0884801  0.07912866 0.11698645]
Epoch 10, Batch 192/492, Grad Norms near zero: 0, Lx 2.0324, Lu 0.0337, Penalty 0.0096, loss 2.0757
Label Softmax (x): [0.0975244  0.12642193 0.10215063 0.09559606 0.09536501 0.12108304
 0.08055924 0.10535309 0.07224145 0.10370517]
Epoch 10, Batch 193/492, Grad Norms near zero: 0, Lx 2.2438, Lu 0.0269, Penalty 0.0123, loss 2.2830
Label Softmax (x): [0.10154592 0.12237838 0.11599132 0.08902419 0.09658218 0.10547157
 0.07782482 0.0982681  0.07780561 0.11510788]
Epoch 10, Batch 194/492, Grad Norms near zero: 0, Lx 2.1587, Lu 0.0422, Penalty 0.0111, loss 2.2120
Label Softmax (x): [0.0827813  0.1064996  0.1143503  0.09755757 0.09233093 0.12614968
 0.08013565 0.1313487  0.0707127  0.09813354]
Epoch 10, Batch 195/492, Grad Norms near zero: 0, Lx 2.1925, Lu 0.0339, Penalty 0.0178, loss 2.2442
Label Softmax (x): [0.08482976 0.10468613 0.11010377 0.0933938  0.09369042 0.1289359
 0.07087155 0.13871697 0.07352866 0.101243  ]
Epoch 10, Batch 196/492, Grad Norms near zero: 0, Lx 2.1733, Lu 0.0398, Penalty 0.0214, loss 2.2345
Label Softmax (x): [0.0921216  0.11209942 0.0989432  0.08820802 0.10353662 0.12087467
 0.06396132 0.13442075 0.07745888 0.10837553]
Epoch 10, Batch 197/492, Grad Norms near zero: 0, Lx 2.1515, Lu 0.0328, Penalty 0.0206, loss 2.2048
Label Softmax (x): [0.08496612 0.08386926 0.10529644 0.08413251 0.09677134 0.13573474
 0.06082109 0.16311212 0.08164955 0.10364684]
Epoch 10, Batch 198/492, Grad Norms near zero: 0, Lx 2.1942, Lu 0.0317, Penalty 0.0362, loss 2.2621
Label Softmax (x): [0.0900668  0.06865719 0.09687047 0.07229196 0.09764763 0.14452852
 0.05892472 0.16194785 0.08896182 0.12010303]
Epoch 10, Batch 199/492, Grad Norms near zero: 0, Lx 2.0462, Lu 0.0382, Penalty 0.0473, loss 2.1317
Label Softmax (x): [0.08797812 0.07579964 0.10901621 0.08007646 0.10297092 0.13346626
 0.05519357 0.16847074 0.08432509 0.10270296]
Epoch 10, Batch 200/492, Grad Norms near zero: 0, Lx 2.1890, Lu 0.0482, Penalty 0.0440, loss 2.2812
Label Softmax (x): [0.09896908 0.09195951 0.10153911 0.07680149 0.11453278 0.12330946
 0.05267037 0.1413987  0.08687641 0.1119431 ]
Epoch 10, Batch 201/492, Grad Norms near zero: 0, Lx 2.1901, Lu 0.0455, Penalty 0.0320, loss 2.2677
Label Softmax (x): [0.09216835 0.07679376 0.11668327 0.07716011 0.11538714 0.12569048
 0.0539558  0.15195091 0.08713502 0.1030752 ]
Epoch 10, Batch 202/492, Grad Norms near zero: 0, Lx 2.2483, Lu 0.0438, Penalty 0.0385, loss 2.3306
Label Softmax (x): [0.10828868 0.08664481 0.10376173 0.07398826 0.12190499 0.12463883
 0.04862497 0.12458636 0.09184473 0.11571661]
Epoch 10, Batch 203/492, Grad Norms near zero: 0, Lx 2.1975, Lu 0.0401, Penalty 0.0350, loss 2.2727
Label Softmax (x): [0.10411348 0.09107611 0.09822988 0.07347301 0.11877722 0.13279939
 0.05310059 0.12461079 0.08724687 0.11657267]
Epoch 10, Batch 204/492, Grad Norms near zero: 0, Lx 2.1315, Lu 0.0316, Penalty 0.0320, loss 2.1950
Label Softmax (x): [0.10265991 0.10141584 0.09846599 0.07468716 0.11825682 0.13681552
 0.05347653 0.11754635 0.08151901 0.11515689]
Epoch 10, Batch 205/492, Grad Norms near zero: 0, Lx 2.2151, Lu 0.0460, Penalty 0.0313, loss 2.2924
Label Softmax (x): [0.10905505 0.09565754 0.10554302 0.07399749 0.11965673 0.12075665
 0.05656634 0.11088978 0.09237708 0.11550035]
Epoch 10, Batch 206/492, Grad Norms near zero: 0, Lx 2.2098, Lu 0.0432, Penalty 0.0238, loss 2.2768
Label Softmax (x): [0.09908711 0.07139337 0.09950666 0.06740136 0.10850815 0.15031524
 0.06134741 0.12791272 0.09475759 0.11977041]
Epoch 10, Batch 207/492, Grad Norms near zero: 0, Lx 1.9890, Lu 0.0277, Penalty 0.0372, loss 2.0539
Label Softmax (x): [0.09954954 0.09546016 0.10597683 0.0793004  0.10415763 0.15040877
 0.06518836 0.10915735 0.08151888 0.10928208]
Epoch 10, Batch 208/492, Grad Norms near zero: 0, Lx 2.1726, Lu 0.0298, Penalty 0.0232, loss 2.2255
Label Softmax (x): [0.09718834 0.06627761 0.10065781 0.06573857 0.09990203 0.15542023
 0.0680637  0.122796   0.10513562 0.11882009]
Epoch 10, Batch 209/492, Grad Norms near zero: 0, Lx 2.1538, Lu 0.0369, Penalty 0.0370, loss 2.2277
Label Softmax (x): [0.10227142 0.10859209 0.11718039 0.07895869 0.11180662 0.11748945
 0.07125698 0.09243222 0.08977655 0.11023558]
Epoch 10, Batch 210/492, Grad Norms near zero: 0, Lx 2.2310, Lu 0.0366, Penalty 0.0128, loss 2.2805
Label Softmax (x): [0.09776491 0.11208462 0.09535336 0.08053049 0.10221742 0.12947321
 0.08131117 0.10061482 0.08380494 0.11684509]
Epoch 10, Batch 211/492, Grad Norms near zero: 0, Lx 2.1625, Lu 0.0412, Penalty 0.0114, loss 2.2151
Label Softmax (x): [0.09438418 0.10393073 0.1134211  0.08004902 0.10255101 0.11708124
 0.08469175 0.10106222 0.09229958 0.11052918]
Epoch 10, Batch 212/492, Grad Norms near zero: 0, Lx 2.1914, Lu 0.0283, Penalty 0.0069, loss 2.2265
Label Softmax (x): [0.0924696  0.0979567  0.09175979 0.07510775 0.0923823  0.13246103
 0.09106591 0.11909726 0.08760969 0.12008998]
Epoch 10, Batch 213/492, Grad Norms near zero: 0, Lx 2.1375, Lu 0.0330, Penalty 0.0137, loss 2.1843
Label Softmax (x): [0.09333128 0.09199059 0.10565589 0.06705321 0.07726215 0.1260489
 0.08978793 0.12485389 0.09185892 0.13215724]
Epoch 10, Batch 214/492, Grad Norms near zero: 0, Lx 2.0990, Lu 0.0274, Penalty 0.0215, loss 2.1480
Label Softmax (x): [0.08946953 0.08524834 0.10097905 0.06873138 0.07982142 0.13539493
 0.08770256 0.13806653 0.09234377 0.12224252]
Epoch 10, Batch 215/492, Grad Norms near zero: 0, Lx 2.0529, Lu 0.0342, Penalty 0.0246, loss 2.1117
Label Softmax (x): [0.09282705 0.09761298 0.08431342 0.08097715 0.08894378 0.1239365
 0.09948719 0.14145595 0.08369971 0.10674626]
Epoch 10, Batch 216/492, Grad Norms near zero: 0, Lx 2.2521, Lu 0.0436, Penalty 0.0154, loss 2.3111
Label Softmax (x): [0.08886454 0.08923811 0.08654943 0.08346701 0.08704479 0.12339558
 0.10331373 0.14856458 0.08596818 0.10359408]
Epoch 10, Batch 217/492, Grad Norms near zero: 0, Lx 2.1680, Lu 0.0361, Penalty 0.0173, loss 2.2214
Label Softmax (x): [0.08917883 0.08238054 0.08925433 0.08388979 0.0922312  0.13231453
 0.09837417 0.14416811 0.08891687 0.09929162]
Epoch 10, Batch 218/492, Grad Norms near zero: 0, Lx 2.1067, Lu 0.0263, Penalty 0.0174, loss 2.1503
Label Softmax (x): [0.09057476 0.07670595 0.09676906 0.08453298 0.09090684 0.13871083
 0.09570966 0.13913561 0.09229059 0.09466371]
Epoch 10, Batch 219/492, Grad Norms near zero: 0, Lx 2.0854, Lu 0.0293, Penalty 0.0182, loss 2.1329
Label Softmax (x): [0.09444801 0.08951654 0.1400124  0.07918081 0.11229823 0.10665974
 0.07873105 0.10020534 0.09880386 0.10014407]
Epoch 10, Batch 220/492, Grad Norms near zero: 0, Lx 2.0531, Lu 0.0305, Penalty 0.0132, loss 2.0968
Label Softmax (x): [0.08683629 0.0654368  0.12640852 0.08552991 0.0979734  0.12638505
 0.09223018 0.13482794 0.09525625 0.08911562]
Epoch 10, Batch 221/492, Grad Norms near zero: 0, Lx 2.2688, Lu 0.0378, Penalty 0.0219, loss 2.3286
Label Softmax (x): [0.09025677 0.07246892 0.1095308  0.08624391 0.09468201 0.1482362
 0.08618543 0.12675908 0.09054461 0.09509231]
Epoch 10, Batch 222/492, Grad Norms near zero: 0, Lx 2.2228, Lu 0.0250, Penalty 0.0204, loss 2.2682
Label Softmax (x): [0.08450981 0.06016321 0.11435053 0.0795601  0.09251647 0.16067703
 0.08384981 0.13413963 0.0925843  0.09764908]
Epoch 10, Batch 223/492, Grad Norms near zero: 0, Lx 2.1027, Lu 0.0317, Penalty 0.0358, loss 2.1702
Label Softmax (x): [0.09835073 0.08469827 0.1552639  0.07388019 0.12663576 0.10160647
 0.06616484 0.07859601 0.10936774 0.10543608]
Epoch 10, Batch 224/492, Grad Norms near zero: 0, Lx 2.0823, Lu 0.0316, Penalty 0.0305, loss 2.1443
Label Softmax (x): [0.09543657 0.06812386 0.153689   0.06999442 0.11599215 0.11782689
 0.06669258 0.08299044 0.11094357 0.1183105 ]
Epoch 10, Batch 225/492, Grad Norms near zero: 0, Lx 2.0253, Lu 0.0280, Penalty 0.0365, loss 2.0897
Label Softmax (x): [0.09027468 0.06601828 0.11438029 0.0756352  0.09535912 0.14181653
 0.08368607 0.11401637 0.09933086 0.11948259]
Epoch 10, Batch 226/492, Grad Norms near zero: 0, Lx 2.1277, Lu 0.0254, Penalty 0.0236, loss 2.1768
Label Softmax (x): [0.0852004  0.06401521 0.1163564  0.07510914 0.09326166 0.14316373
 0.08651739 0.12149779 0.09822017 0.11665812]
Epoch 10, Batch 227/492, Grad Norms near zero: 0, Lx 2.1244, Lu 0.0394, Penalty 0.0266, loss 2.1904
Label Softmax (x): [0.08177765 0.06005664 0.12202007 0.07277594 0.09780329 0.13042474
 0.08886586 0.1235866  0.10746661 0.1152226 ]
Epoch 10, Batch 228/492, Grad Norms near zero: 0, Lx 2.1751, Lu 0.0352, Penalty 0.0279, loss 2.2382
Label Softmax (x): [0.08455958 0.06888887 0.10724055 0.0706277  0.09043208 0.14858262
 0.08501256 0.11929162 0.09389038 0.13147402]
Epoch 10, Batch 229/492, Grad Norms near zero: 0, Lx 2.1689, Lu 0.0349, Penalty 0.0298, loss 2.2337
Label Softmax (x): [0.08796453 0.08776991 0.14292951 0.07436708 0.11308752 0.11962654
 0.06822461 0.08779088 0.08867394 0.12956552]
Epoch 10, Batch 230/492, Grad Norms near zero: 0, Lx 2.0272, Lu 0.0362, Penalty 0.0269, loss 2.0903
Label Softmax (x): [0.08072107 0.07960518 0.11364261 0.06804673 0.10308696 0.11713122
 0.08843292 0.12831113 0.09475265 0.12626958]
Epoch 10, Batch 231/492, Grad Norms near zero: 0, Lx 2.2039, Lu 0.0317, Penalty 0.0205, loss 2.2560
Label Softmax (x): [0.07462314 0.09207004 0.08889402 0.07279363 0.1007671  0.1604878
 0.08173949 0.12580197 0.07716332 0.1256595 ]
Epoch 10, Batch 232/492, Grad Norms near zero: 0, Lx 2.1122, Lu 0.0432, Penalty 0.0333, loss 2.1886
Label Softmax (x): [0.07162471 0.1009598  0.08623178 0.07481433 0.09835577 0.15894818
 0.08594888 0.12642372 0.0722073  0.12448554]
Epoch 10, Batch 233/492, Grad Norms near zero: 0, Lx 2.2122, Lu 0.0212, Penalty 0.0339, loss 2.2673
Label Softmax (x): [0.07654958 0.11089727 0.09494194 0.07523382 0.11116068 0.12556376
 0.08169547 0.1191047  0.07703751 0.12781523]
Epoch 10, Batch 234/492, Grad Norms near zero: 0, Lx 2.1902, Lu 0.0382, Penalty 0.0210, loss 2.2493
Label Softmax (x): [0.07693435 0.1221407  0.10087484 0.07583439 0.12609962 0.10920619
 0.08388311 0.10642258 0.07494317 0.12366103]
Epoch 10, Batch 235/492, Grad Norms near zero: 0, Lx 2.2305, Lu 0.0321, Penalty 0.0200, loss 2.2826
Label Softmax (x): [0.07676091 0.10397868 0.12978503 0.07956263 0.1237637  0.11452456
 0.0712034  0.08892176 0.07369644 0.13780287]
Epoch 10, Batch 236/492, Grad Norms near zero: 0, Lx 2.1308, Lu 0.0446, Penalty 0.0286, loss 2.2040
Label Softmax (x): [0.08932267 0.12667447 0.10871131 0.08240693 0.13277148 0.08803829
 0.0792942  0.10240074 0.08248754 0.10789238]
Epoch 10, Batch 237/492, Grad Norms near zero: 0, Lx 2.0649, Lu 0.0313, Penalty 0.0155, loss 2.1117
Label Softmax (x): [0.09787671 0.1252782  0.11003012 0.07597752 0.12544963 0.09055509
 0.07234143 0.0943131  0.08952557 0.11865261]
Epoch 10, Batch 238/492, Grad Norms near zero: 0, Lx 2.2065, Lu 0.0420, Penalty 0.0170, loss 2.2655
Label Softmax (x): [0.08997001 0.1224101  0.12088759 0.07594652 0.12464911 0.09465851
 0.07868538 0.10385308 0.08642852 0.1025112 ]
Epoch 10, Batch 239/492, Grad Norms near zero: 0, Lx 2.1524, Lu 0.0435, Penalty 0.0146, loss 2.2105
Label Softmax (x): [0.09922494 0.11536447 0.11147387 0.07710249 0.11608101 0.11154632
 0.07602986 0.1009777  0.08471739 0.10748197]
Epoch 10, Batch 240/492, Grad Norms near zero: 0, Lx 2.1022, Lu 0.0360, Penalty 0.0116, loss 2.1498
Label Softmax (x): [0.09573257 0.08428444 0.12201903 0.0749548  0.10001901 0.15444905
 0.06760067 0.0914656  0.08556418 0.12391067]
Epoch 10, Batch 241/492, Grad Norms near zero: 0, Lx 1.9856, Lu 0.0299, Penalty 0.0291, loss 2.0447
Label Softmax (x): [0.11815885 0.10013473 0.1100492  0.07455949 0.11533004 0.11737861
 0.06603304 0.09343311 0.09605084 0.10887209]
Epoch 10, Batch 242/492, Grad Norms near zero: 0, Lx 2.1824, Lu 0.0433, Penalty 0.0165, loss 2.2422
Label Softmax (x): [0.10880323 0.07267793 0.12180275 0.07469975 0.08957639 0.15693502
 0.06552785 0.09324822 0.09622785 0.12050101]
Epoch 10, Batch 243/492, Grad Norms near zero: 0, Lx 2.0828, Lu 0.0372, Penalty 0.0333, loss 2.1533
Label Softmax (x): [0.12273997 0.07461774 0.09838411 0.07147969 0.08838199 0.15534803
 0.06601138 0.11465351 0.10600691 0.10237664]
Epoch 10, Batch 244/492, Grad Norms near zero: 0, Lx 2.0948, Lu 0.0307, Penalty 0.0320, loss 2.1575
Label Softmax (x): [0.10683499 0.07672113 0.12021024 0.07601802 0.07798968 0.1728008
 0.07214758 0.10106722 0.09081684 0.10539354]
Epoch 10, Batch 245/492, Grad Norms near zero: 0, Lx 2.0814, Lu 0.0304, Penalty 0.0350, loss 2.1468
Label Softmax (x): [0.11206901 0.06663562 0.10531859 0.06985346 0.08673736 0.1640544
 0.06928083 0.13093844 0.10858547 0.08652681]
Epoch 10, Batch 246/492, Grad Norms near zero: 0, Lx 2.1667, Lu 0.0359, Penalty 0.0406, loss 2.2431
Label Softmax (x): [0.11146817 0.07294686 0.11090325 0.07599649 0.082218   0.17351604
 0.07225629 0.12275437 0.08572952 0.09221105]
Epoch 10, Batch 247/492, Grad Norms near zero: 0, Lx 1.9642, Lu 0.0298, Penalty 0.0378, loss 2.0318
Label Softmax (x): [0.11477377 0.0689267  0.10692053 0.0727511  0.08395384 0.15599114
 0.07344148 0.13540399 0.1026966  0.08514085]
Epoch 10, Batch 248/492, Grad Norms near zero: 0, Lx 2.1588, Lu 0.0272, Penalty 0.0356, loss 2.2216
Label Softmax (x): [0.11472253 0.08261024 0.11266741 0.07536414 0.09117297 0.13708574
 0.07330326 0.13027722 0.09682895 0.08596753]
Epoch 10, Batch 249/492, Grad Norms near zero: 0, Lx 2.1552, Lu 0.0327, Penalty 0.0224, loss 2.2102
Label Softmax (x): [0.10949777 0.07532672 0.10311646 0.07340465 0.09663352 0.15664616
 0.07411395 0.13466352 0.08486489 0.09173237]
Epoch 10, Batch 250/492, Grad Norms near zero: 0, Lx 2.0952, Lu 0.0246, Penalty 0.0309, loss 2.1507
Label Softmax (x): [0.10201163 0.082378   0.13090286 0.07754034 0.08159079 0.13312623
 0.08731245 0.12501058 0.0845676  0.09555955]
Epoch 10, Batch 251/492, Grad Norms near zero: 0, Lx 2.0625, Lu 0.0365, Penalty 0.0202, loss 2.1192
Label Softmax (x): [0.09378205 0.10249311 0.12682678 0.08239143 0.08277217 0.1285042
 0.09116518 0.12433969 0.07368846 0.09403694]
Epoch 10, Batch 252/492, Grad Norms near zero: 0, Lx 2.1077, Lu 0.0230, Penalty 0.0175, loss 2.1483
Label Softmax (x): [0.09743152 0.08855155 0.12547156 0.07381463 0.0770704  0.12933975
 0.08881035 0.12955226 0.08071638 0.10924158]
Epoch 10, Batch 253/492, Grad Norms near zero: 0, Lx 2.0495, Lu 0.0308, Penalty 0.0213, loss 2.1016
Label Softmax (x): [0.08823755 0.08702688 0.12283954 0.06891882 0.1146912  0.10633095
 0.08202282 0.14134984 0.09257673 0.09600567]
Epoch 10, Batch 254/492, Grad Norms near zero: 0, Lx 2.1729, Lu 0.0308, Penalty 0.0202, loss 2.2240
Label Softmax (x): [0.07677814 0.10078641 0.11419922 0.07327937 0.10919362 0.12130086
 0.08967091 0.14313665 0.07856286 0.09309199]
Epoch 10, Batch 255/492, Grad Norms near zero: 0, Lx 2.1099, Lu 0.0410, Penalty 0.0217, loss 2.1726
Label Softmax (x): [0.08389279 0.09976078 0.12730509 0.07022166 0.11139318 0.0992071
 0.0902641  0.10770898 0.08677626 0.12347005]
Epoch 10, Batch 256/492, Grad Norms near zero: 0, Lx 2.0767, Lu 0.0452, Penalty 0.0149, loss 2.1368
Label Softmax (x): [0.07416777 0.10109887 0.12101631 0.06667151 0.14343444 0.08518746
 0.08529586 0.12499695 0.09113912 0.10699169]
Epoch 10, Batch 257/492, Grad Norms near zero: 0, Lx 2.2527, Lu 0.0509, Penalty 0.0263, loss 2.3299
Label Softmax (x): [0.06851501 0.09168225 0.11072317 0.06579014 0.14848778 0.10257505
 0.08673362 0.12616573 0.08814375 0.11118352]
Epoch 10, Batch 258/492, Grad Norms near zero: 0, Lx 2.0847, Lu 0.0301, Penalty 0.0291, loss 2.1439
Label Softmax (x): [0.07080731 0.08819064 0.11918283 0.06401519 0.14908925 0.08812463
 0.08840306 0.11575571 0.09469652 0.12173484]
Epoch 10, Batch 259/492, Grad Norms near zero: 0, Lx 2.1888, Lu 0.0376, Penalty 0.0303, loss 2.2568
Label Softmax (x): [0.07131935 0.1002708  0.11947505 0.06465359 0.13015077 0.09596151
 0.08814468 0.10665512 0.08969654 0.1336726 ]
Epoch 10, Batch 260/492, Grad Norms near zero: 0, Lx 2.3260, Lu 0.0440, Penalty 0.0251, loss 2.3951
Label Softmax (x): [0.07587372 0.09528704 0.11353692 0.06381734 0.12497966 0.11926743
 0.0822041  0.09791094 0.07822946 0.14889339]
Epoch 10, Batch 261/492, Grad Norms near zero: 0, Lx 2.0677, Lu 0.0360, Penalty 0.0312, loss 2.1349
Label Softmax (x): [0.0671989  0.09558859 0.11518598 0.06783668 0.10343915 0.13335928
 0.08771773 0.11908289 0.08373818 0.12685262]
Epoch 10, Batch 262/492, Grad Norms near zero: 0, Lx 2.0988, Lu 0.0317, Penalty 0.0264, loss 2.1569
Label Softmax (x): [0.07935258 0.11512533 0.11227934 0.07481349 0.11543392 0.11023507
 0.07672093 0.08857874 0.09436296 0.13309766]
Epoch 10, Batch 263/492, Grad Norms near zero: 0, Lx 2.0067, Lu 0.0278, Penalty 0.0182, loss 2.0527
Label Softmax (x): [0.08299498 0.09765153 0.10775659 0.07064977 0.09625949 0.1342149
 0.07154539 0.09454282 0.10303998 0.14134456]
Epoch 10, Batch 264/492, Grad Norms near zero: 0, Lx 2.1557, Lu 0.0436, Penalty 0.0242, loss 2.2234
Label Softmax (x): [0.064674   0.0891268  0.12648915 0.07054938 0.07877636 0.16837323
 0.08791353 0.11414012 0.088229   0.11172841]
Epoch 10, Batch 265/492, Grad Norms near zero: 0, Lx 2.2344, Lu 0.0342, Penalty 0.0393, loss 2.3079
Label Softmax (x): [0.06667647 0.08082988 0.11435554 0.0687702  0.06588702 0.20302673
 0.08203384 0.11916596 0.08801837 0.11123598]
Epoch 10, Batch 266/492, Grad Norms near zero: 0, Lx 2.0440, Lu 0.0320, Penalty 0.0611, loss 2.1371
Label Softmax (x): [0.0772033  0.06843057 0.10398307 0.06719683 0.07090633 0.20412722
 0.07590944 0.12850241 0.09213071 0.11161011]
Epoch 10, Batch 267/492, Grad Norms near zero: 0, Lx 2.0721, Lu 0.0265, Penalty 0.0624, loss 2.1609
Label Softmax (x): [0.07451203 0.07925621 0.10794877 0.07451131 0.06944978 0.20458554
 0.07398838 0.12216529 0.09559417 0.09798853]
Epoch 10, Batch 268/492, Grad Norms near zero: 0, Lx 2.0759, Lu 0.0341, Penalty 0.0560, loss 2.1660
Label Softmax (x): [0.09573381 0.07279402 0.11309142 0.07210973 0.07732067 0.167272
 0.07336362 0.11719817 0.1043555  0.10676108]
Epoch 10, Batch 269/492, Grad Norms near zero: 0, Lx 2.1658, Lu 0.0383, Penalty 0.0351, loss 2.2392
Label Softmax (x): [0.1029186  0.08295344 0.10526036 0.07901653 0.10157871 0.14029588
 0.06836899 0.10263932 0.11295915 0.10400902]
Epoch 10, Batch 270/492, Grad Norms near zero: 0, Lx 2.0263, Lu 0.0305, Penalty 0.0181, loss 2.0750
Label Softmax (x): [0.10323985 0.09371896 0.10137221 0.08937284 0.1217135  0.12245458
 0.07213552 0.11131053 0.09297898 0.09170301]
Epoch 10, Batch 271/492, Grad Norms near zero: 0, Lx 2.1167, Lu 0.0432, Penalty 0.0112, loss 2.1711
Label Softmax (x): [0.11371352 0.06533535 0.10899866 0.07535706 0.09363116 0.13629606
 0.06959057 0.13547681 0.10358275 0.09801806]
Epoch 10, Batch 272/492, Grad Norms near zero: 0, Lx 2.2331, Lu 0.0270, Penalty 0.0294, loss 2.2895
Label Softmax (x): [0.11776362 0.07278546 0.10374916 0.0823928  0.10107361 0.11234789
 0.07327946 0.1330712  0.10419919 0.09933765]
Epoch 10, Batch 273/492, Grad Norms near zero: 0, Lx 2.0468, Lu 0.0335, Penalty 0.0175, loss 2.0978
Label Softmax (x): [0.12403633 0.07738482 0.10890286 0.08634891 0.10321525 0.09316336
 0.07971909 0.12288518 0.09990904 0.10443518]
Epoch 10, Batch 274/492, Grad Norms near zero: 0, Lx 2.1083, Lu 0.0371, Penalty 0.0120, loss 2.1573
Label Softmax (x): [0.10281467 0.0718122  0.11770748 0.08748561 0.09903565 0.09884337
 0.08144959 0.14868715 0.10892913 0.08323513]
Epoch 10, Batch 275/492, Grad Norms near zero: 0, Lx 2.2267, Lu 0.0355, Penalty 0.0202, loss 2.2824
Label Softmax (x): [0.10599899 0.07322297 0.10384676 0.08421781 0.09243981 0.09675563
 0.08622573 0.15703414 0.09711424 0.10314392]
Epoch 10, Batch 276/492, Grad Norms near zero: 0, Lx 1.8831, Lu 0.0167, Penalty 0.0194, loss 1.9192
Label Softmax (x): [0.09309665 0.07212203 0.12265685 0.08443207 0.10626736 0.08384566
 0.09021191 0.14447248 0.1172934  0.08560158]
Epoch 10, Batch 277/492, Grad Norms near zero: 0, Lx 2.1870, Lu 0.0485, Penalty 0.0210, loss 2.2565
Label Softmax (x): [0.09360823 0.06769598 0.09934124 0.07729501 0.08706567 0.10323858
 0.09378593 0.16805376 0.09164412 0.11827148]
Epoch 10, Batch 278/492, Grad Norms near zero: 0, Lx 1.9657, Lu 0.0227, Penalty 0.0291, loss 2.0175
Label Softmax (x): [0.09123062 0.07680972 0.10276225 0.08100122 0.10762603 0.09905059
 0.09067273 0.1472539  0.0898907  0.11370224]
Epoch 10, Batch 279/492, Grad Norms near zero: 0, Lx 2.0958, Lu 0.0300, Penalty 0.0164, loss 2.1421
Label Softmax (x): [0.09414144 0.08894746 0.09308431 0.07711381 0.09228266 0.09663793
 0.09679991 0.1411537  0.08026038 0.1395784 ]
Epoch 10, Batch 280/492, Grad Norms near zero: 0, Lx 2.1043, Lu 0.0346, Penalty 0.0198, loss 2.1587
Label Softmax (x): [0.08026552 0.07723901 0.08711265 0.07584286 0.11398666 0.11068191
 0.09175315 0.1593573  0.07847789 0.12528303]
Epoch 10, Batch 281/492, Grad Norms near zero: 0, Lx 2.1640, Lu 0.0265, Penalty 0.0297, loss 2.2202
Label Softmax (x): [0.07548815 0.1002273  0.11089709 0.08048129 0.12533268 0.09016158
 0.09940593 0.12476166 0.087006   0.10623832]
Epoch 10, Batch 282/492, Grad Norms near zero: 0, Lx 2.1549, Lu 0.0375, Penalty 0.0134, loss 2.2058
Label Softmax (x): [0.07687339 0.10843953 0.10136367 0.08143202 0.12288608 0.10173995
 0.09295344 0.12423033 0.07927571 0.11080588]
Epoch 10, Batch 283/492, Grad Norms near zero: 0, Lx 2.0863, Lu 0.0222, Penalty 0.0136, loss 2.1221
Label Softmax (x): [0.07399365 0.08812613 0.09391612 0.07424878 0.11190517 0.12822086
 0.08991607 0.13261938 0.07435285 0.13270098]
Epoch 10, Batch 284/492, Grad Norms near zero: 0, Lx 2.0696, Lu 0.0298, Penalty 0.0264, loss 2.1258
Label Softmax (x): [0.06938206 0.07735445 0.09078582 0.06896426 0.14269692 0.13121659
 0.07997852 0.1292356  0.07671653 0.13366927]
Epoch 10, Batch 285/492, Grad Norms near zero: 0, Lx 1.9586, Lu 0.0236, Penalty 0.0405, loss 2.0228
Label Softmax (x): [0.07320665 0.11111362 0.10486391 0.07383226 0.11410897 0.11806737
 0.090353   0.11204389 0.08261152 0.11979883]
Epoch 10, Batch 286/492, Grad Norms near zero: 0, Lx 2.1618, Lu 0.0351, Penalty 0.0162, loss 2.2132
Label Softmax (x): [0.07468587 0.10326544 0.10673755 0.07160956 0.1379203  0.11170411
 0.08578981 0.0996955  0.08440969 0.12418216]
Epoch 10, Batch 287/492, Grad Norms near zero: 0, Lx 2.1627, Lu 0.0323, Penalty 0.0206, loss 2.2156
Label Softmax (x): [0.07591575 0.12424935 0.10962038 0.07415225 0.12199357 0.1093377
 0.08418094 0.09514381 0.0897317  0.11567454]
Epoch 10, Batch 288/492, Grad Norms near zero: 0, Lx 2.0818, Lu 0.0260, Penalty 0.0162, loss 2.1240
Label Softmax (x): [0.07907608 0.0866107  0.11067472 0.06641537 0.11486383 0.13489659
 0.07384985 0.10815623 0.09392121 0.1315354 ]
Epoch 10, Batch 289/492, Grad Norms near zero: 0, Lx 2.1253, Lu 0.0383, Penalty 0.0262, loss 2.1898
Label Softmax (x): [0.08131649 0.08599418 0.11444502 0.06533618 0.11946324 0.13314094
 0.06838209 0.11122343 0.09743495 0.12326348]
Epoch 10, Batch 290/492, Grad Norms near zero: 0, Lx 2.2162, Lu 0.0330, Penalty 0.0275, loss 2.2767
Label Softmax (x): [0.08675371 0.10495173 0.13439877 0.0702659  0.10049309 0.11721807
 0.06348123 0.09982875 0.10527032 0.11733843]
Epoch 10, Batch 291/492, Grad Norms near zero: 0, Lx 2.0417, Lu 0.0374, Penalty 0.0232, loss 2.1023
Label Softmax (x): [0.08126297 0.08638359 0.11106819 0.07512246 0.10725125 0.14618912
 0.07073952 0.11441356 0.09947045 0.10809888]
Epoch 10, Batch 292/492, Grad Norms near zero: 0, Lx 2.0684, Lu 0.0281, Penalty 0.0224, loss 2.1189
Label Softmax (x): [0.09470969 0.09771989 0.12765345 0.075947   0.12156317 0.11838844
 0.06136196 0.09778573 0.10288078 0.10198989]
Epoch 10, Batch 293/492, Grad Norms near zero: 0, Lx 2.1100, Lu 0.0355, Penalty 0.0207, loss 2.1661
Label Softmax (x): [0.10091974 0.09781624 0.13061568 0.07616319 0.08821262 0.14040835
 0.06444705 0.09545342 0.0977219  0.10824182]
Epoch 10, Batch 294/492, Grad Norms near zero: 0, Lx 2.0378, Lu 0.0389, Penalty 0.0234, loss 2.1001
Label Softmax (x): [0.09542817 0.07555514 0.10372265 0.07942663 0.09717427 0.16916153
 0.06934634 0.13096677 0.08128169 0.09793682]
Epoch 10, Batch 295/492, Grad Norms near zero: 0, Lx 2.1153, Lu 0.0270, Penalty 0.0348, loss 2.1771
Label Softmax (x): [0.11471677 0.08132905 0.12269805 0.07959125 0.09217854 0.13686341
 0.06725059 0.1115171  0.09320462 0.10065059]
Epoch 10, Batch 296/492, Grad Norms near zero: 0, Lx 2.1099, Lu 0.0362, Penalty 0.0212, loss 2.1673
Label Softmax (x): [0.09981094 0.08406792 0.107897   0.08156198 0.08754983 0.16211937
 0.07694277 0.12713799 0.08198979 0.09092238]
Epoch 10, Batch 297/492, Grad Norms near zero: 0, Lx 2.1818, Lu 0.0310, Penalty 0.0269, loss 2.2397
Label Softmax (x): [0.10757013 0.09535195 0.10310622 0.08631977 0.11508849 0.13889226
 0.07396721 0.12174539 0.06492303 0.09303556]
Epoch 10, Batch 298/492, Grad Norms near zero: 0, Lx 2.1046, Lu 0.0246, Penalty 0.0231, loss 2.1523
Label Softmax (x): [0.1186115  0.09755974 0.13270938 0.08269355 0.09486888 0.10536997
 0.07467579 0.11391706 0.08356398 0.09603018]
Epoch 10, Batch 299/492, Grad Norms near zero: 0, Lx 2.0389, Lu 0.0287, Penalty 0.0143, loss 2.0819
Label Softmax (x): [0.11247265 0.09002872 0.13252962 0.08004438 0.1053348  0.10308893
 0.07911487 0.11608636 0.08511953 0.09618013]
Epoch 10, Batch 300/492, Grad Norms near zero: 0, Lx 2.1272, Lu 0.0253, Penalty 0.0131, loss 2.1656
Label Softmax (x): [0.11016463 0.08953555 0.1216035  0.08516102 0.11063927 0.11453585
 0.08230244 0.12510294 0.06123561 0.0997192 ]
Epoch 10, Batch 301/492, Grad Norms near zero: 0, Lx 2.1335, Lu 0.0385, Penalty 0.0206, loss 2.1925
Label Softmax (x): [0.11782692 0.08955771 0.12779325 0.08278912 0.09682749 0.1007702
 0.08354898 0.13193141 0.06886583 0.1000891 ]
Epoch 10, Batch 302/492, Grad Norms near zero: 0, Lx 2.0709, Lu 0.0404, Penalty 0.0189, loss 2.1302
Label Softmax (x): [0.1069272  0.06961015 0.12732762 0.07283665 0.11368847 0.1150758
 0.08130062 0.13052738 0.0737749  0.10893121]
Epoch 10, Batch 303/492, Grad Norms near zero: 0, Lx 2.1318, Lu 0.0407, Penalty 0.0261, loss 2.1987
Label Softmax (x): [0.09894759 0.07550153 0.12930611 0.06911927 0.11932875 0.11451457
 0.0815611  0.11914682 0.09012377 0.10245046]
Epoch 10, Batch 304/492, Grad Norms near zero: 0, Lx 2.1448, Lu 0.0305, Penalty 0.0200, loss 2.1953
Label Softmax (x): [0.10111274 0.07298388 0.12210514 0.07056365 0.12818448 0.11492479
 0.08523053 0.11570984 0.07825176 0.11093324]
Epoch 10, Batch 305/492, Grad Norms near zero: 0, Lx 2.1820, Lu 0.0429, Penalty 0.0221, loss 2.2469
Label Softmax (x): [0.09859435 0.06766212 0.11695643 0.06834091 0.12513953 0.12046707
 0.08211189 0.12055725 0.08560384 0.11456663]
Epoch 10, Batch 306/492, Grad Norms near zero: 0, Lx 2.1552, Lu 0.0369, Penalty 0.0248, loss 2.2168
Label Softmax (x): [0.09296405 0.08214018 0.11725251 0.06826656 0.12081218 0.12607738
 0.0836205  0.10588489 0.09140511 0.11157661]
Epoch 10, Batch 307/492, Grad Norms near zero: 0, Lx 2.1372, Lu 0.0350, Penalty 0.0174, loss 2.1895
Label Softmax (x): [0.09228484 0.07509635 0.10360155 0.06586152 0.13105708 0.1367438
 0.07986238 0.11273792 0.0822107  0.12054387]
Epoch 10, Batch 308/492, Grad Norms near zero: 0, Lx 2.1510, Lu 0.0452, Penalty 0.0280, loss 2.2242
Label Softmax (x): [0.08946624 0.09098235 0.09613574 0.07021546 0.14745994 0.12373495
 0.08245012 0.10251202 0.07879155 0.11825167]
Epoch 10, Batch 309/492, Grad Norms near zero: 0, Lx 2.1695, Lu 0.0473, Penalty 0.0236, loss 2.2405
Label Softmax (x): [0.08555842 0.10099905 0.0906621  0.07190347 0.1333744  0.13368614
 0.08368381 0.1054299  0.07400274 0.12069996]
Epoch 10, Batch 310/492, Grad Norms near zero: 0, Lx 2.1572, Lu 0.0328, Penalty 0.0234, loss 2.2134
Label Softmax (x): [0.08248895 0.09996716 0.10899155 0.06825571 0.11384174 0.11042274
 0.08692059 0.10771883 0.10624099 0.11515176]
Epoch 10, Batch 311/492, Grad Norms near zero: 0, Lx 2.2018, Lu 0.0439, Penalty 0.0124, loss 2.2580
Label Softmax (x): [0.0847552  0.0953586  0.09088712 0.0696062  0.09694347 0.14699143
 0.08341944 0.12760338 0.07990597 0.12452921]
Epoch 10, Batch 312/492, Grad Norms near zero: 0, Lx 2.1590, Lu 0.0288, Penalty 0.0259, loss 2.2136
Label Softmax (x): [0.0931173  0.11548379 0.07466039 0.08246142 0.08392815 0.12443985
 0.0956466  0.14569128 0.07671295 0.10785829]
Epoch 10, Batch 313/492, Grad Norms near zero: 0, Lx 2.0272, Lu 0.0299, Penalty 0.0227, loss 2.0797
Label Softmax (x): [0.08396972 0.12431736 0.10278756 0.07532436 0.09108082 0.10483735
 0.08790018 0.11339548 0.09441732 0.12196984]
Epoch 10, Batch 314/492, Grad Norms near zero: 0, Lx 2.1410, Lu 0.0255, Penalty 0.0121, loss 2.1787
Label Softmax (x): [0.09507084 0.1228448  0.08534846 0.08517595 0.08095987 0.10119792
 0.10044862 0.13801137 0.07796043 0.11298174]
Epoch 10, Batch 315/492, Grad Norms near zero: 0, Lx 2.0934, Lu 0.0263, Penalty 0.0163, loss 2.1360
Label Softmax (x): [0.09337662 0.11439767 0.08646013 0.07884198 0.07979643 0.12764372
 0.07918672 0.13285658 0.07665761 0.13078253]
Epoch 10, Batch 316/492, Grad Norms near zero: 0, Lx 2.1753, Lu 0.0410, Penalty 0.0246, loss 2.2408
Label Softmax (x): [0.0939934  0.10945017 0.09054131 0.079818   0.0803398  0.11891136
 0.07857022 0.12830865 0.0874156  0.13265148]
Epoch 10, Batch 317/492, Grad Norms near zero: 0, Lx 2.0609, Lu 0.0248, Penalty 0.0186, loss 2.1043
Label Softmax (x): [0.08815453 0.11191933 0.09125002 0.08305116 0.08804516 0.13494036
 0.0773862  0.12535232 0.06827345 0.13162749]
Epoch 10, Batch 318/492, Grad Norms near zero: 0, Lx 2.1073, Lu 0.0348, Penalty 0.0256, loss 2.1677
Label Softmax (x): [0.09965029 0.07805545 0.10166704 0.07979201 0.09002531 0.09929439
 0.08339543 0.15137103 0.09945945 0.11728962]
Epoch 10, Batch 319/492, Grad Norms near zero: 0, Lx 2.0003, Lu 0.0392, Penalty 0.0186, loss 2.0580
Label Softmax (x): [0.08724315 0.08269522 0.1292331  0.07647167 0.11682566 0.08244368
 0.0752136  0.11169139 0.12661515 0.11156738]
Epoch 10, Batch 320/492, Grad Norms near zero: 0, Lx 2.2077, Lu 0.0453, Penalty 0.0205, loss 2.2734
Label Softmax (x): [0.08840276 0.09794348 0.10741472 0.08804916 0.12230205 0.08542786
 0.07984345 0.15284893 0.09338298 0.08438461]
Epoch 10, Batch 321/492, Grad Norms near zero: 0, Lx 1.9089, Lu 0.0314, Penalty 0.0195, loss 1.9598
Label Softmax (x): [0.08620237 0.06465738 0.10742562 0.07840618 0.12478963 0.10261303
 0.0756823  0.16591635 0.10038222 0.0939249 ]
Epoch 10, Batch 322/492, Grad Norms near zero: 0, Lx 1.8762, Lu 0.0229, Penalty 0.0340, loss 1.9331
Label Softmax (x): [0.09444157 0.08650711 0.14287531 0.07986739 0.1160873  0.08993415
 0.0738673  0.1018943  0.09534883 0.11917678]
Epoch 10, Batch 323/492, Grad Norms near zero: 0, Lx 2.1816, Lu 0.0453, Penalty 0.0183, loss 2.2452
Label Softmax (x): [0.10366891 0.06784748 0.13152084 0.0757248  0.10175414 0.08467246
 0.07223279 0.14563943 0.11621282 0.10072631]
Epoch 10, Batch 324/492, Grad Norms near zero: 0, Lx 2.0547, Lu 0.0415, Penalty 0.0297, loss 2.1259
Label Softmax (x): [0.08478726 0.06672652 0.12064773 0.07481398 0.10794295 0.12255089
 0.06895431 0.13940686 0.09821744 0.11595207]
Epoch 10, Batch 325/492, Grad Norms near zero: 0, Lx 1.9757, Lu 0.0288, Penalty 0.0302, loss 2.0347
Label Softmax (x): [0.09527165 0.0894976  0.13670716 0.07759526 0.10385895 0.08475345
 0.07329764 0.12818967 0.10469484 0.1061338 ]
Epoch 10, Batch 326/492, Grad Norms near zero: 0, Lx 1.9397, Lu 0.0289, Penalty 0.0185, loss 1.9870
Label Softmax (x): [0.08012093 0.07816648 0.13451879 0.07480934 0.09480101 0.11278208
 0.08056033 0.12281612 0.09956168 0.12186323]
Epoch 10, Batch 327/492, Grad Norms near zero: 0, Lx 2.2573, Lu 0.0443, Penalty 0.0212, loss 2.3228
Label Softmax (x): [0.09018521 0.08779591 0.11856037 0.07361346 0.13096657 0.09935007
 0.06681623 0.12872076 0.10363638 0.10035501]
Epoch 10, Batch 328/492, Grad Norms near zero: 0, Lx 1.9609, Lu 0.0439, Penalty 0.0218, loss 2.0266
Label Softmax (x): [0.0781118  0.08897705 0.12285508 0.07440624 0.09859142 0.12945814
 0.07929537 0.11557621 0.08834825 0.12438047]
Epoch 10, Batch 329/492, Grad Norms near zero: 0, Lx 2.1245, Lu 0.0252, Penalty 0.0203, loss 2.1700
Label Softmax (x): [0.0849883  0.0931793  0.12168758 0.07280175 0.10736029 0.11759558
 0.07310674 0.12144051 0.1045078  0.10333212]
Epoch 10, Batch 330/492, Grad Norms near zero: 0, Lx 1.9962, Lu 0.0412, Penalty 0.0163, loss 2.0538
Label Softmax (x): [0.08010466 0.08653761 0.12344304 0.07347847 0.08814461 0.12475681
 0.0852102  0.12117222 0.09187273 0.12527968]
Epoch 10, Batch 331/492, Grad Norms near zero: 0, Lx 2.1792, Lu 0.0393, Penalty 0.0196, loss 2.2381
Label Softmax (x): [0.07990347 0.08151566 0.11675863 0.07342036 0.08276853 0.13680053
 0.09147303 0.11895226 0.08795802 0.13044949]
Epoch 10, Batch 332/492, Grad Norms near zero: 0, Lx 2.0766, Lu 0.0323, Penalty 0.0237, loss 2.1325
Label Softmax (x): [0.08135592 0.08476698 0.11309324 0.07659614 0.08513425 0.13224256
 0.09445849 0.12087272 0.08360736 0.12787232]
Epoch 10, Batch 333/492, Grad Norms near zero: 0, Lx 2.0835, Lu 0.0331, Penalty 0.0197, loss 2.1363
Label Softmax (x): [0.10546718 0.10166213 0.09753489 0.07589149 0.08609434 0.14376613
 0.07707199 0.10726723 0.08046483 0.12477978]
Epoch 10, Batch 334/492, Grad Norms near zero: 0, Lx 2.0161, Lu 0.0347, Penalty 0.0204, loss 2.0712
Label Softmax (x): [0.09384148 0.10185561 0.09872285 0.07654195 0.08972403 0.14210594
 0.08291161 0.11310964 0.09032739 0.11085951]
Epoch 10, Batch 335/492, Grad Norms near zero: 0, Lx 2.0428, Lu 0.0233, Penalty 0.0145, loss 2.0806
Label Softmax (x): [0.08253486 0.08472368 0.09909314 0.07977532 0.08493131 0.15751252
 0.09609123 0.12124589 0.06983283 0.12425922]
Epoch 10, Batch 336/492, Grad Norms near zero: 0, Lx 2.0998, Lu 0.0306, Penalty 0.0291, loss 2.1595
Label Softmax (x): [0.08275477 0.09383604 0.10222419 0.08246861 0.0974623  0.12121937
 0.10420663 0.13273679 0.07737666 0.10571463]
Epoch 10, Batch 337/492, Grad Norms near zero: 0, Lx 2.1692, Lu 0.0352, Penalty 0.0133, loss 2.2177
Label Softmax (x): [0.08431863 0.10919327 0.0937337  0.0839817  0.10709447 0.10976341
 0.10413945 0.13023317 0.07492492 0.10261729]
Epoch 10, Batch 338/492, Grad Norms near zero: 0, Lx 2.1708, Lu 0.0368, Penalty 0.0118, loss 2.2194
Label Softmax (x): [0.0788306  0.0891295  0.09401284 0.08119215 0.11329813 0.11470218
 0.10937662 0.14305507 0.08118986 0.09521307]
Epoch 10, Batch 339/492, Grad Norms near zero: 0, Lx 2.2327, Lu 0.0458, Penalty 0.0171, loss 2.2955
Label Softmax (x): [0.08722699 0.08100837 0.09470327 0.07488028 0.11445908 0.11378683
 0.09805144 0.13920692 0.08174202 0.11493479]
Epoch 10, Batch 340/492, Grad Norms near zero: 0, Lx 2.1325, Lu 0.0307, Penalty 0.0178, loss 2.1810
Label Softmax (x): [0.08786542 0.08195264 0.09736534 0.07529017 0.12396826 0.10519353
 0.09405295 0.14095281 0.08477797 0.10858089]
Epoch 10, Batch 341/492, Grad Norms near zero: 0, Lx 2.1201, Lu 0.0417, Penalty 0.0174, loss 2.1792
Label Softmax (x): [0.10013852 0.09018745 0.11139677 0.06824452 0.08847387 0.09705752
 0.08276935 0.15117007 0.11187695 0.09868497]
Epoch 10, Batch 342/492, Grad Norms near zero: 0, Lx 1.9231, Lu 0.0308, Penalty 0.0205, loss 1.9744
Label Softmax (x): [0.09508153 0.08113097 0.09103841 0.07272518 0.14230219 0.08588672
 0.08851022 0.15298645 0.10064971 0.08968863]
Epoch 10, Batch 343/492, Grad Norms near zero: 0, Lx 2.1346, Lu 0.0333, Penalty 0.0270, loss 2.1950
Label Softmax (x): [0.0948254  0.08404133 0.08117268 0.07536714 0.13934775 0.10811936
 0.08468084 0.15070477 0.08958264 0.09215808]
Epoch 10, Batch 344/492, Grad Norms near zero: 0, Lx 2.1349, Lu 0.0255, Penalty 0.0256, loss 2.1860
Label Softmax (x): [0.09259794 0.07223329 0.12341589 0.0642252  0.10046384 0.09138898
 0.08732627 0.14029783 0.13992591 0.08812483]
Epoch 10, Batch 345/492, Grad Norms near zero: 0, Lx 2.0000, Lu 0.0367, Penalty 0.0307, loss 2.0674
Label Softmax (x): [0.09701728 0.09315954 0.10548456 0.07849191 0.13209645 0.10980675
 0.08616644 0.1161136  0.07706504 0.10459843]
Epoch 10, Batch 346/492, Grad Norms near zero: 0, Lx 2.1334, Lu 0.0342, Penalty 0.0133, loss 2.1809
Label Softmax (x): [0.09916223 0.10026068 0.11571424 0.08105481 0.12715438 0.10333649
 0.09046824 0.10173154 0.07515362 0.10596379]
Epoch 10, Batch 347/492, Grad Norms near zero: 0, Lx 2.1813, Lu 0.0434, Penalty 0.0108, loss 2.2355
Label Softmax (x): [0.10080054 0.09060204 0.12997459 0.071357   0.13499567 0.08301687
 0.08522743 0.10774664 0.10824726 0.08803197]
Epoch 10, Batch 348/492, Grad Norms near zero: 0, Lx 2.0711, Lu 0.0295, Penalty 0.0186, loss 2.1192
Label Softmax (x): [0.10287579 0.08957871 0.13401227 0.07261354 0.1070172  0.11308011
 0.07797992 0.09779617 0.09433732 0.11070894]
Epoch 10, Batch 349/492, Grad Norms near zero: 0, Lx 2.0800, Lu 0.0328, Penalty 0.0146, loss 2.1273
Label Softmax (x): [0.09191895 0.08888055 0.1805292  0.06552191 0.07296073 0.09874059
 0.08284763 0.09974193 0.11905695 0.09980158]
Epoch 10, Batch 350/492, Grad Norms near zero: 0, Lx 2.0732, Lu 0.0435, Penalty 0.0380, loss 2.1548
Label Softmax (x): [0.08120921 0.0851981  0.1541947  0.07092091 0.06514691 0.13471873
 0.08057232 0.13017517 0.10921404 0.0886499 ]
Epoch 10, Batch 351/492, Grad Norms near zero: 0, Lx 2.0105, Lu 0.0369, Penalty 0.0394, loss 2.0868
Label Softmax (x): [0.09439725 0.07748954 0.12753394 0.06895141 0.08629921 0.15032496
 0.0732121  0.12801482 0.09759807 0.0961787 ]
Epoch 10, Batch 352/492, Grad Norms near zero: 0, Lx 2.1892, Lu 0.0397, Penalty 0.0309, loss 2.2598
Label Softmax (x): [0.09762891 0.07795745 0.12595779 0.06987688 0.0705363  0.16240421
 0.07240778 0.11304336 0.08319212 0.12699525]
Epoch 10, Batch 353/492, Grad Norms near zero: 0, Lx 2.1186, Lu 0.0355, Penalty 0.0410, loss 2.1951
Label Softmax (x): [0.09985293 0.08716331 0.11470859 0.07445611 0.06651046 0.16583475
 0.07172744 0.11788031 0.0765626  0.12530348]
Epoch 10, Batch 354/492, Grad Norms near zero: 0, Lx 2.1568, Lu 0.0424, Penalty 0.0408, loss 2.2400
Label Softmax (x): [0.08206052 0.08647155 0.11868726 0.07421228 0.07322067 0.1564742
 0.07682471 0.14758451 0.07719179 0.10727252]
Epoch 10, Batch 355/492, Grad Norms near zero: 0, Lx 1.9326, Lu 0.0251, Penalty 0.0397, loss 1.9974
Label Softmax (x): [0.1013646  0.09875968 0.11944093 0.07757153 0.06847884 0.13353576
 0.0828585  0.12734665 0.08060589 0.11003761]
Epoch 10, Batch 356/492, Grad Norms near zero: 0, Lx 2.1732, Lu 0.0366, Penalty 0.0231, loss 2.2329
Label Softmax (x): [0.08727591 0.1332693  0.11586925 0.08753718 0.06931571 0.1214131
 0.08817487 0.1275532  0.06317302 0.10641848]
Epoch 10, Batch 357/492, Grad Norms near zero: 0, Lx 2.0115, Lu 0.0333, Penalty 0.0287, loss 2.0734
Label Softmax (x): [0.09838974 0.08071262 0.09974239 0.07795174 0.05171672 0.15451935
 0.08201758 0.15312155 0.0762197  0.1256086 ]
Epoch 10, Batch 358/492, Grad Norms near zero: 0, Lx 2.0872, Lu 0.0402, Penalty 0.0522, loss 2.1796
Label Softmax (x): [0.09950615 0.09926952 0.0963465  0.08363763 0.06205438 0.13295677
 0.08387809 0.14492507 0.07114747 0.1262784 ]
Epoch 10, Batch 359/492, Grad Norms near zero: 0, Lx 2.1186, Lu 0.0312, Penalty 0.0332, loss 2.1830
Label Softmax (x): [0.09662157 0.10709488 0.10214958 0.0842616  0.08094769 0.10799061
 0.08798237 0.12688711 0.07984293 0.12622169]
Epoch 10, Batch 360/492, Grad Norms near zero: 0, Lx 2.0566, Lu 0.0278, Penalty 0.0132, loss 2.0977
Label Softmax (x): [0.09244258 0.09085894 0.09304776 0.08451144 0.06749275 0.12662664
 0.0941743  0.1484353  0.08458551 0.11782479]
Epoch 10, Batch 361/492, Grad Norms near zero: 0, Lx 2.1677, Lu 0.0452, Penalty 0.0240, loss 2.2369
Label Softmax (x): [0.08868884 0.085419   0.08530299 0.08198704 0.09623592 0.12537253
 0.09076495 0.15734461 0.08277564 0.10610846]
Epoch 10, Batch 362/492, Grad Norms near zero: 0, Lx 1.8400, Lu 0.0202, Penalty 0.0221, loss 1.8822
Label Softmax (x): [0.09190727 0.08781892 0.09279178 0.0789296  0.08803215 0.10172837
 0.09001103 0.14451484 0.11731604 0.10694999]
Epoch 10, Batch 363/492, Grad Norms near zero: 0, Lx 2.1118, Lu 0.0290, Penalty 0.0146, loss 2.1555
Label Softmax (x): [0.0952545  0.12820718 0.10868622 0.08466028 0.10168781 0.0754699
 0.09277363 0.11540598 0.10398873 0.09386577]
Epoch 10, Batch 364/492, Grad Norms near zero: 0, Lx 2.0775, Lu 0.0408, Penalty 0.0104, loss 2.1287
Label Softmax (x): [0.08670789 0.10328062 0.10612907 0.07809287 0.1110632  0.07891084
 0.08406225 0.12526155 0.13153188 0.09495987]
Epoch 10, Batch 365/492, Grad Norms near zero: 0, Lx 2.1758, Lu 0.0390, Penalty 0.0156, loss 2.2304
Label Softmax (x): [0.08929741 0.09436828 0.10474382 0.07151142 0.11371783 0.09323027
 0.07878974 0.13719729 0.13108034 0.08606362]
Epoch 10, Batch 366/492, Grad Norms near zero: 0, Lx 2.0769, Lu 0.0304, Penalty 0.0203, loss 2.1276
Label Softmax (x): [0.08596629 0.09673696 0.12296897 0.06918745 0.13110176 0.06980166
 0.07270158 0.12181184 0.14634807 0.08337541]
Epoch 10, Batch 367/492, Grad Norms near zero: 0, Lx 2.1973, Lu 0.0442, Penalty 0.0357, loss 2.2773
Label Softmax (x): [0.092052   0.08586828 0.10195335 0.07243139 0.15598866 0.0923702
 0.07159367 0.120645   0.10816693 0.09893052]
Epoch 10, Batch 368/492, Grad Norms near zero: 0, Lx 1.9540, Lu 0.0389, Penalty 0.0252, loss 2.0181
Label Softmax (x): [0.10272999 0.09042834 0.10040522 0.07418215 0.17009643 0.08768844
 0.06885211 0.11707093 0.0916129  0.09693348]
Epoch 10, Batch 369/492, Grad Norms near zero: 0, Lx 1.9537, Lu 0.0422, Penalty 0.0303, loss 2.0262
Label Softmax (x): [0.08352617 0.1055567  0.13830546 0.06875038 0.12154724 0.08856765
 0.07210216 0.11578302 0.11037324 0.09548795]
Epoch 10, Batch 370/492, Grad Norms near zero: 0, Lx 2.1057, Lu 0.0371, Penalty 0.0231, loss 2.1658
Label Softmax (x): [0.08688521 0.11112091 0.12943187 0.0710877  0.11608188 0.09971666
 0.07113902 0.11586609 0.09905703 0.09961361]
Epoch 10, Batch 371/492, Grad Norms near zero: 0, Lx 2.1733, Lu 0.0479, Penalty 0.0179, loss 2.2392
Label Softmax (x): [0.09639166 0.08448391 0.09589317 0.07183181 0.11695995 0.13658246
 0.07472706 0.12114374 0.07870626 0.12328001]
Epoch 10, Batch 372/492, Grad Norms near zero: 0, Lx 2.0071, Lu 0.0309, Penalty 0.0239, loss 2.0619
Label Softmax (x): [0.07900006 0.11143364 0.12747869 0.06967448 0.11168165 0.11068078
 0.07769129 0.11801018 0.09003094 0.10431831]
Epoch 10, Batch 373/492, Grad Norms near zero: 0, Lx 2.0916, Lu 0.0333, Penalty 0.0184, loss 2.1433
Label Softmax (x): [0.1128739  0.11174275 0.08836633 0.07400072 0.09022568 0.1409732
 0.07023303 0.10938677 0.05793137 0.14426625]
Epoch 10, Batch 374/492, Grad Norms near zero: 0, Lx 1.8905, Lu 0.0287, Penalty 0.0395, loss 1.9587
Label Softmax (x): [0.07599694 0.09295434 0.12115892 0.06178311 0.10364375 0.13308431
 0.08243961 0.14839733 0.08716993 0.09337179]
Epoch 10, Batch 375/492, Grad Norms near zero: 0, Lx 2.1632, Lu 0.0376, Penalty 0.0320, loss 2.2329
Label Softmax (x): [0.08520781 0.10724847 0.10350346 0.06912775 0.08387432 0.14468208
 0.08394477 0.12029618 0.07889367 0.12322148]
Epoch 10, Batch 376/492, Grad Norms near zero: 0, Lx 2.0495, Lu 0.0225, Penalty 0.0250, loss 2.0970
Label Softmax (x): [0.10542811 0.08681221 0.09149782 0.06962011 0.08218661 0.17105928
 0.0707729  0.10838944 0.07106504 0.14316848]
Epoch 10, Batch 377/492, Grad Norms near zero: 0, Lx 1.9093, Lu 0.0300, Penalty 0.0447, loss 1.9839
Label Softmax (x): [0.08663846 0.1397337  0.10264484 0.07527181 0.09801365 0.12514034
 0.08797307 0.1152458  0.06706072 0.10227761]
Epoch 10, Batch 378/492, Grad Norms near zero: 0, Lx 2.1409, Lu 0.0357, Penalty 0.0226, loss 2.1992
Label Softmax (x): [0.11322887 0.11113627 0.09990294 0.07377504 0.05815655 0.14965287
 0.07662955 0.10177822 0.06120135 0.15453833]
Epoch 10, Batch 379/492, Grad Norms near zero: 0, Lx 2.0030, Lu 0.0306, Penalty 0.0518, loss 2.0855
Label Softmax (x): [0.08320879 0.12094393 0.08949078 0.07792662 0.09401771 0.14131565
 0.09397755 0.11930715 0.06538011 0.11443167]
Epoch 10, Batch 380/492, Grad Norms near zero: 0, Lx 2.0537, Lu 0.0274, Penalty 0.0246, loss 2.1057
Label Softmax (x): [0.11118191 0.11427473 0.09349313 0.07284004 0.07236091 0.13800235
 0.07359714 0.1194592  0.06145014 0.14334045]
Epoch 10, Batch 381/492, Grad Norms near zero: 0, Lx 1.9314, Lu 0.0354, Penalty 0.0402, loss 2.0070
Label Softmax (x): [0.09834605 0.08928706 0.09506693 0.07397376 0.0871302  0.14235249
 0.07693774 0.14387828 0.0752472  0.11778029]
Epoch 10, Batch 382/492, Grad Norms near zero: 0, Lx 1.9416, Lu 0.0377, Penalty 0.0286, loss 2.0079
Label Softmax (x): [0.07365214 0.09686601 0.11121653 0.07368042 0.10324991 0.13709933
 0.10610431 0.13631614 0.07437915 0.08743605]
Epoch 10, Batch 383/492, Grad Norms near zero: 0, Lx 2.0833, Lu 0.0376, Penalty 0.0250, loss 2.1460
Label Softmax (x): [0.0688576  0.09691071 0.13274927 0.07314585 0.10524131 0.12368096
 0.10149558 0.1330024  0.08515599 0.07976031]
Epoch 10, Batch 384/492, Grad Norms near zero: 0, Lx 2.1496, Lu 0.0414, Penalty 0.0257, loss 2.2167
Label Softmax (x): [0.06624185 0.0973378  0.10684422 0.0812466  0.10565007 0.1430362
 0.09687664 0.1369978  0.077857   0.08791182]
Epoch 10, Batch 385/492, Grad Norms near zero: 0, Lx 2.1061, Lu 0.0317, Penalty 0.0263, loss 2.1642
Label Softmax (x): [0.06974958 0.06945652 0.11247401 0.06743605 0.0882215  0.16203332
 0.08724431 0.15824836 0.09993428 0.08520208]
Epoch 10, Batch 386/492, Grad Norms near zero: 0, Lx 2.0468, Lu 0.0264, Penalty 0.0482, loss 2.1214
Label Softmax (x): [0.08116807 0.08988359 0.14866225 0.0756474  0.10666877 0.08176205
 0.06404857 0.16436571 0.11911906 0.06867453]
Epoch 10, Batch 387/492, Grad Norms near zero: 0, Lx 1.9809, Lu 0.0330, Penalty 0.0484, loss 2.0624
Label Softmax (x): [0.0734392  0.06782033 0.11265068 0.06502265 0.08853629 0.14787799
 0.069637   0.19018695 0.10964879 0.07518016]
Epoch 10, Batch 388/492, Grad Norms near zero: 0, Lx 2.0688, Lu 0.0275, Penalty 0.0651, loss 2.1615
Label Softmax (x): [0.07803871 0.07809335 0.11461955 0.06972143 0.07955769 0.15757865
 0.07420793 0.1613949  0.10439753 0.08239029]
Epoch 10, Batch 389/492, Grad Norms near zero: 0, Lx 2.1493, Lu 0.0409, Penalty 0.0464, loss 2.2365
Label Softmax (x): [0.08624168 0.06874226 0.12135994 0.06784493 0.0858244  0.12904808
 0.07260832 0.15094385 0.12570968 0.09167685]
Epoch 10, Batch 390/492, Grad Norms near zero: 0, Lx 2.0340, Lu 0.0333, Penalty 0.0381, loss 2.1054
Label Softmax (x): [0.08239519 0.08215619 0.14745508 0.07715057 0.12373821 0.07749185
 0.06834793 0.15131092 0.12167975 0.06827431]
Epoch 10, Batch 391/492, Grad Norms near zero: 0, Lx 2.0627, Lu 0.0372, Penalty 0.0455, loss 2.1454
Label Softmax (x): [0.08284786 0.08115464 0.14730331 0.07260394 0.12429459 0.08033597
 0.06743135 0.14993243 0.11735711 0.07673879]
Epoch 10, Batch 392/492, Grad Norms near zero: 0, Lx 1.8976, Lu 0.0280, Penalty 0.0425, loss 1.9681
Label Softmax (x): [0.1036927  0.09577803 0.11958478 0.06997041 0.09621055 0.09838547
 0.0753448  0.11095969 0.12378116 0.10629241]
Epoch 10, Batch 393/492, Grad Norms near zero: 0, Lx 2.0948, Lu 0.0363, Penalty 0.0145, loss 2.1456
Label Softmax (x): [0.11427943 0.09494106 0.09896758 0.06837683 0.09091943 0.11747787
 0.07355057 0.10016556 0.10741123 0.13391046]
Epoch 10, Batch 394/492, Grad Norms near zero: 0, Lx 2.0543, Lu 0.0306, Penalty 0.0185, loss 2.1033
Label Softmax (x): [0.1108791  0.08644339 0.09643829 0.0673115  0.09977089 0.11566218
 0.0787218  0.1012978  0.11220008 0.13127497]
Epoch 10, Batch 395/492, Grad Norms near zero: 0, Lx 2.0592, Lu 0.0396, Penalty 0.0170, loss 2.1158
Label Softmax (x): [0.11840165 0.08031219 0.08620704 0.06885162 0.09658416 0.10671328
 0.08051717 0.10814419 0.09868008 0.15558863]
Epoch 10, Batch 396/492, Grad Norms near zero: 0, Lx 2.1869, Lu 0.0363, Penalty 0.0251, loss 2.2483
Label Softmax (x): [0.10529433 0.09914421 0.08936452 0.06854644 0.12326598 0.09917039
 0.08562824 0.09048671 0.09027486 0.1488243 ]
Epoch 10, Batch 397/492, Grad Norms near zero: 0, Lx 2.1294, Lu 0.0461, Penalty 0.0206, loss 2.1961
Label Softmax (x): [0.09429102 0.0923838  0.08736713 0.07527013 0.13793167 0.10197832
 0.07953285 0.12658806 0.08983599 0.11482099]
Epoch 10, Batch 398/492, Grad Norms near zero: 0, Lx 1.9761, Lu 0.0321, Penalty 0.0178, loss 2.0261
Label Softmax (x): [0.09436605 0.08428103 0.09014145 0.06718951 0.13638406 0.08730885
 0.09991027 0.10575341 0.09172525 0.14294012]
Epoch 10, Batch 399/492, Grad Norms near zero: 0, Lx 2.1564, Lu 0.0463, Penalty 0.0230, loss 2.2258
Label Softmax (x): [0.08976181 0.10217419 0.0877151  0.07376064 0.12177867 0.09219474
 0.09500706 0.12740491 0.08304096 0.12716192]
Epoch 10, Batch 400/492, Grad Norms near zero: 0, Lx 1.9209, Lu 0.0322, Penalty 0.0161, loss 1.9691
Label Softmax (x): [0.08782255 0.07609001 0.0663479  0.07110132 0.11495599 0.12101669
 0.10774688 0.13940482 0.06267938 0.15283448]
Epoch 10, Batch 401/492, Grad Norms near zero: 0, Lx 2.0405, Lu 0.0331, Penalty 0.0460, loss 2.1196
Label Softmax (x): [0.08128073 0.09573783 0.07438394 0.07321317 0.1367865  0.10056513
 0.11603494 0.13694997 0.06262948 0.1224183 ]
Epoch 10, Batch 402/492, Grad Norms near zero: 0, Lx 2.1907, Lu 0.0480, Penalty 0.0342, loss 2.2729
Label Softmax (x): [0.07739766 0.08782411 0.06507841 0.07690798 0.11050057 0.13267052
 0.10771961 0.16071719 0.05691111 0.12427285]
Epoch 10, Batch 403/492, Grad Norms near zero: 0, Lx 2.1853, Lu 0.0416, Penalty 0.0493, loss 2.2762
Label Softmax (x): [0.07080186 0.07207824 0.07649402 0.06880017 0.12002823 0.13303438
 0.11253749 0.1616698  0.07420373 0.11035205]
Epoch 10, Batch 404/492, Grad Norms near zero: 0, Lx 2.1459, Lu 0.0330, Penalty 0.0448, loss 2.2237
Label Softmax (x): [0.073497   0.08097715 0.07823255 0.07608296 0.11093953 0.1307421
 0.10274979 0.16325821 0.07708877 0.10643195]
Epoch 10, Batch 405/492, Grad Norms near zero: 0, Lx 2.0934, Lu 0.0322, Penalty 0.0346, loss 2.1603
Label Softmax (x): [0.07094692 0.08630885 0.0877867  0.07648071 0.11645588 0.13374433
 0.09366988 0.16157961 0.08089619 0.09213091]
Epoch 10, Batch 406/492, Grad Norms near zero: 0, Lx 2.0705, Lu 0.0299, Penalty 0.0325, loss 2.1330
Label Softmax (x): [0.07037986 0.08170709 0.09122182 0.08071633 0.0992038  0.1470768
 0.09436927 0.15947461 0.08277674 0.09307367]
Epoch 10, Batch 407/492, Grad Norms near zero: 0, Lx 2.0830, Lu 0.0324, Penalty 0.0334, loss 2.1488
Label Softmax (x): [0.07031044 0.10207115 0.11630328 0.07980008 0.11036789 0.11981219
 0.09593302 0.12627259 0.09370676 0.08542259]
Epoch 10, Batch 408/492, Grad Norms near zero: 0, Lx 2.1722, Lu 0.0329, Penalty 0.0158, loss 2.2209
Label Softmax (x): [0.09998342 0.11334493 0.11466055 0.08074453 0.0925785  0.09833443
 0.08262755 0.12611447 0.09042448 0.10118712]
Epoch 10, Batch 409/492, Grad Norms near zero: 0, Lx 2.0122, Lu 0.0391, Penalty 0.0094, loss 2.0606
Label Softmax (x): [0.07535211 0.08502652 0.11855216 0.081275   0.09736015 0.12904829
 0.08116187 0.14613241 0.10817635 0.07791518]
Epoch 10, Batch 410/492, Grad Norms near zero: 0, Lx 2.1240, Lu 0.0370, Penalty 0.0254, loss 2.1864
Label Softmax (x): [0.10253605 0.11354947 0.137593   0.07918338 0.08679548 0.09270389
 0.07740695 0.10302491 0.11089189 0.09631497]
Epoch 10, Batch 411/492, Grad Norms near zero: 0, Lx 1.9243, Lu 0.0351, Penalty 0.0140, loss 1.9733
Label Softmax (x): [0.07778478 0.09191478 0.15103859 0.07761743 0.12137574 0.10269499
 0.07661673 0.10182662 0.12293305 0.0761973 ]
Epoch 10, Batch 412/492, Grad Norms near zero: 0, Lx 2.1414, Lu 0.0469, Penalty 0.0270, loss 2.2152
Label Softmax (x): [0.08375118 0.10689215 0.12061603 0.08559678 0.10807839 0.12920246
 0.07139464 0.10914707 0.1063683  0.07895303]
Epoch 10, Batch 413/492, Grad Norms near zero: 0, Lx 2.0352, Lu 0.0292, Penalty 0.0169, loss 2.0813
Label Softmax (x): [0.09255884 0.09879605 0.12056051 0.07874657 0.12113111 0.10504379
 0.07353546 0.12263871 0.10616679 0.08082219]
Epoch 10, Batch 414/492, Grad Norms near zero: 0, Lx 1.9749, Lu 0.0366, Penalty 0.0157, loss 2.0272
Label Softmax (x): [0.0857494  0.09174357 0.12346663 0.07757377 0.11878091 0.12908983
 0.07415765 0.10020381 0.11255597 0.08667846]
Epoch 10, Batch 415/492, Grad Norms near zero: 0, Lx 2.2235, Lu 0.0502, Penalty 0.0177, loss 2.2915
Label Softmax (x): [0.11444584 0.09844595 0.10447017 0.07442939 0.09922867 0.11960114
 0.07610203 0.11466441 0.09458743 0.10402497]
Epoch 10, Batch 416/492, Grad Norms near zero: 0, Lx 1.9199, Lu 0.0326, Penalty 0.0114, loss 1.9639
Label Softmax (x): [0.09277484 0.07276161 0.11273718 0.0695904  0.11330901 0.14344971
 0.0727061  0.11903358 0.1177059  0.08593164]
Epoch 10, Batch 417/492, Grad Norms near zero: 0, Lx 2.1117, Lu 0.0431, Penalty 0.0283, loss 2.1831
Label Softmax (x): [0.0896627  0.07438235 0.10818118 0.07025929 0.10199203 0.16508421
 0.0717543  0.12548314 0.1076962  0.08550464]
Epoch 10, Batch 418/492, Grad Norms near zero: 0, Lx 2.1558, Lu 0.0386, Penalty 0.0346, loss 2.2289
Label Softmax (x): [0.09646681 0.06323629 0.10365498 0.06794778 0.08199237 0.17015925
 0.07061851 0.13333784 0.11362784 0.09895835]
Epoch 10, Batch 419/492, Grad Norms near zero: 0, Lx 2.1724, Lu 0.0410, Penalty 0.0455, loss 2.2588
Label Softmax (x): [0.08718722 0.08115024 0.10808792 0.07614879 0.09035765 0.16590175
 0.07354827 0.13668191 0.09206775 0.08886853]
Epoch 10, Batch 420/492, Grad Norms near zero: 0, Lx 2.0876, Lu 0.0393, Penalty 0.0331, loss 2.1600
Label Softmax (x): [0.09478225 0.07875117 0.10411935 0.07587131 0.08269241 0.1614967
 0.07357788 0.13094196 0.08989336 0.10787364]
Epoch 10, Batch 421/492, Grad Norms near zero: 0, Lx 2.0699, Lu 0.0382, Penalty 0.0307, loss 2.1388
Label Softmax (x): [0.09352791 0.07933554 0.10575017 0.07826756 0.08489259 0.14628327
 0.08161666 0.13856179 0.08537257 0.10639192]
Epoch 10, Batch 422/492, Grad Norms near zero: 0, Lx 1.9742, Lu 0.0263, Penalty 0.0244, loss 2.0249
Label Softmax (x): [0.12076096 0.07060999 0.09355059 0.06682673 0.09595057 0.12308197
 0.08169384 0.1302244  0.08997604 0.12732494]
Epoch 10, Batch 423/492, Grad Norms near zero: 0, Lx 1.9882, Lu 0.0311, Penalty 0.0265, loss 2.0458
Label Softmax (x): [0.08479199 0.10301397 0.11900292 0.09056849 0.10287438 0.11191693
 0.09139951 0.11737627 0.07247555 0.10658   ]
Epoch 10, Batch 424/492, Grad Norms near zero: 0, Lx 2.0871, Lu 0.0350, Penalty 0.0107, loss 2.1328
Label Softmax (x): [0.08374925 0.10853191 0.11996854 0.09098402 0.09638633 0.10554016
 0.09080837 0.12427956 0.0704807  0.10927113]
Epoch 10, Batch 425/492, Grad Norms near zero: 0, Lx 2.1527, Lu 0.0325, Penalty 0.0131, loss 2.1983
Label Softmax (x): [0.08340289 0.10734297 0.12945135 0.08779174 0.10354653 0.09097314
 0.0943553  0.11804727 0.07432209 0.11076675]
Epoch 10, Batch 426/492, Grad Norms near zero: 0, Lx 2.1043, Lu 0.0354, Penalty 0.0129, loss 2.1526
Label Softmax (x): [0.08446815 0.08390729 0.12755132 0.08062714 0.1035732  0.09540519
 0.09537388 0.11972494 0.09168641 0.11768248]
Epoch 10, Batch 427/492, Grad Norms near zero: 0, Lx 2.0751, Lu 0.0242, Penalty 0.0119, loss 2.1112
Label Softmax (x): [0.09575818 0.06951774 0.10555816 0.06931628 0.1030722  0.10028438
 0.10371003 0.13901162 0.07905201 0.13471937]
Epoch 10, Batch 428/492, Grad Norms near zero: 0, Lx 1.9693, Lu 0.0329, Penalty 0.0257, loss 2.0279
Label Softmax (x): [0.08553863 0.0812526  0.11750627 0.07639706 0.09409146 0.1038992
 0.09616528 0.12581764 0.08396316 0.13536865]
Epoch 10, Batch 429/492, Grad Norms near zero: 0, Lx 2.0271, Lu 0.0302, Penalty 0.0176, loss 2.0749
Label Softmax (x): [0.08454667 0.06527045 0.09450481 0.06708337 0.1065506  0.12630695
 0.09371557 0.16377792 0.07532436 0.12291926]
Epoch 10, Batch 430/492, Grad Norms near zero: 0, Lx 1.8400, Lu 0.0270, Penalty 0.0402, loss 1.9072
Label Softmax (x): [0.08366717 0.07737504 0.12856668 0.07073845 0.09930511 0.09108152
 0.09894096 0.12021986 0.09786563 0.13223957]
Epoch 10, Batch 431/492, Grad Norms near zero: 0, Lx 2.0438, Lu 0.0300, Penalty 0.0199, loss 2.0936
Label Softmax (x): [0.09022545 0.08146174 0.12734604 0.07040639 0.10958446 0.08086826
 0.09233288 0.12800045 0.09127769 0.12849663]
Epoch 10, Batch 432/492, Grad Norms near zero: 0, Lx 2.0855, Lu 0.0402, Penalty 0.0211, loss 2.1469
Label Softmax (x): [0.0922778  0.06609373 0.10886027 0.06398403 0.09401777 0.11447565
 0.08443724 0.13865174 0.09852696 0.13867481]
Epoch 10, Batch 433/492, Grad Norms near zero: 0, Lx 1.9661, Lu 0.0383, Penalty 0.0313, loss 2.0357
Label Softmax (x): [0.08321354 0.0569483  0.09837498 0.05918329 0.13135067 0.10981438
 0.08353534 0.1686825  0.09736986 0.11152714]
Epoch 10, Batch 434/492, Grad Norms near zero: 0, Lx 2.0229, Lu 0.0434, Penalty 0.0496, loss 2.1158
Label Softmax (x): [0.08454339 0.0455252  0.09678046 0.05630921 0.10995349 0.12657216
 0.08202949 0.17368856 0.11314208 0.11145596]
Epoch 10, Batch 435/492, Grad Norms near zero: 0, Lx 1.9561, Lu 0.0309, Penalty 0.0645, loss 2.0516
Label Softmax (x): [0.08841579 0.07316431 0.08386809 0.06824739 0.09039772 0.16054367
 0.07466598 0.13641912 0.08010427 0.14417368]
Epoch 10, Batch 436/492, Grad Norms near zero: 0, Lx 2.0354, Lu 0.0348, Penalty 0.0459, loss 2.1161
Label Softmax (x): [0.08969485 0.06921797 0.09549026 0.06625303 0.10783426 0.12740493
 0.07180005 0.14546628 0.10415711 0.12268125]
Epoch 10, Batch 437/492, Grad Norms near zero: 0, Lx 2.1165, Lu 0.0432, Penalty 0.0328, loss 2.1925
Label Softmax (x): [0.10271062 0.07320283 0.08482224 0.07118849 0.09111847 0.14235774
 0.06975892 0.1460654  0.09388064 0.12489466]
Epoch 10, Batch 438/492, Grad Norms near zero: 0, Lx 2.1087, Lu 0.0426, Penalty 0.0352, loss 2.1865
Label Softmax (x): [0.08136483 0.0795943  0.10060114 0.07191335 0.11420496 0.12899676
 0.07825261 0.15272228 0.1119599  0.08038987]
Epoch 10, Batch 439/492, Grad Norms near zero: 0, Lx 1.8451, Lu 0.0269, Penalty 0.0298, loss 1.9018
Label Softmax (x): [0.1104228  0.10613082 0.09316663 0.083222   0.08899534 0.13960564
 0.083156   0.12097735 0.07666389 0.09765953]
Epoch 10, Batch 440/492, Grad Norms near zero: 0, Lx 2.0277, Lu 0.0281, Penalty 0.0162, loss 2.0720
Label Softmax (x): [0.09533346 0.0954458  0.08476832 0.08171123 0.10598487 0.14185117
 0.07075191 0.13416949 0.09227294 0.0977108 ]
Epoch 10, Batch 441/492, Grad Norms near zero: 0, Lx 2.0452, Lu 0.0435, Penalty 0.0210, loss 2.1097
Label Softmax (x): [0.10092261 0.08713208 0.09056295 0.08019783 0.09710734 0.13611375
 0.07602157 0.1316122  0.10347766 0.09685202]
Epoch 10, Batch 442/492, Grad Norms near zero: 0, Lx 2.1974, Lu 0.0405, Penalty 0.0167, loss 2.2546
Label Softmax (x): [0.09535374 0.09965289 0.08390456 0.08345208 0.10051802 0.14552347
 0.07731764 0.15424302 0.08430301 0.07573156]
Epoch 10, Batch 443/492, Grad Norms near zero: 0, Lx 1.9321, Lu 0.0264, Penalty 0.0300, loss 1.9885
Label Softmax (x): [0.12796138 0.10436084 0.10323595 0.08138082 0.08560123 0.10332497
 0.08126119 0.11617903 0.09994512 0.09674949]
Epoch 10, Batch 444/492, Grad Norms near zero: 0, Lx 2.0239, Lu 0.0351, Penalty 0.0099, loss 2.0689
Label Softmax (x): [0.0937613  0.10018752 0.12170576 0.08475661 0.13173243 0.09063855
 0.08609454 0.12411079 0.09524966 0.07176287]
Epoch 10, Batch 445/492, Grad Norms near zero: 0, Lx 2.0469, Lu 0.0445, Penalty 0.0168, loss 2.1082
Label Softmax (x): [0.10212872 0.09446499 0.08655647 0.08221936 0.10768719 0.12625049
 0.07593352 0.13031891 0.09626007 0.09818025]
Epoch 10, Batch 446/492, Grad Norms near zero: 0, Lx 2.1227, Lu 0.0302, Penalty 0.0136, loss 2.1665
Label Softmax (x): [0.08785171 0.09091722 0.08484834 0.0858065  0.09674481 0.14255217
 0.08666903 0.15102924 0.07473397 0.09884702]
Epoch 10, Batch 447/492, Grad Norms near zero: 0, Lx 2.0757, Lu 0.0300, Penalty 0.0254, loss 2.1311
Label Softmax (x): [0.10821866 0.07970984 0.11881572 0.07426245 0.08207733 0.11248791
 0.08865739 0.13482776 0.1013183  0.09962464]
Epoch 10, Batch 448/492, Grad Norms near zero: 0, Lx 2.0147, Lu 0.0319, Penalty 0.0165, loss 2.0631
Label Softmax (x): [0.12066473 0.11707316 0.11598369 0.07707968 0.05603146 0.1099914
 0.08595632 0.11095706 0.07547919 0.13078332]
Epoch 10, Batch 449/492, Grad Norms near zero: 0, Lx 1.9208, Lu 0.0306, Penalty 0.0311, loss 1.9825
Label Softmax (x): [0.07164003 0.0896416  0.09935213 0.07935459 0.08122991 0.14589009
 0.09156746 0.1632913  0.06981494 0.10821793]
Epoch 10, Batch 450/492, Grad Norms near zero: 0, Lx 2.0172, Lu 0.0301, Penalty 0.0389, loss 2.0862
Label Softmax (x): [0.07917485 0.10670432 0.11003205 0.08538687 0.08321059 0.12043689
 0.09109453 0.14690675 0.06677932 0.11027381]
Epoch 10, Batch 451/492, Grad Norms near zero: 0, Lx 2.1312, Lu 0.0418, Penalty 0.0243, loss 2.1974
Label Softmax (x): [0.08082639 0.12456524 0.11815176 0.08612285 0.08957816 0.09646717
 0.08381248 0.14403307 0.07134929 0.10509359]
Epoch 10, Batch 452/492, Grad Norms near zero: 0, Lx 2.1030, Lu 0.0434, Penalty 0.0221, loss 2.1686
Label Softmax (x): [0.07273563 0.127119   0.11556163 0.08403086 0.08926036 0.09853432
 0.08476239 0.1472752  0.07009692 0.1106237 ]
Epoch 10, Batch 453/492, Grad Norms near zero: 0, Lx 2.1559, Lu 0.0457, Penalty 0.0269, loss 2.2285
Label Softmax (x): [0.08513479 0.08780336 0.15766616 0.06910458 0.07438526 0.08128289
 0.09452195 0.14192227 0.09398745 0.11419128]
Epoch 10, Batch 454/492, Grad Norms near zero: 0, Lx 2.1230, Lu 0.0446, Penalty 0.0344, loss 2.2020
Label Softmax (x): [0.08596279 0.1049764  0.14107941 0.07066676 0.07624029 0.09725118
 0.08191682 0.1452399  0.09063903 0.1060274 ]
Epoch 10, Batch 455/492, Grad Norms near zero: 0, Lx 1.8267, Lu 0.0260, Penalty 0.0271, loss 1.8797
Label Softmax (x): [0.06551895 0.1012809  0.10287956 0.07950714 0.10531291 0.11057915
 0.08180698 0.16842483 0.08165474 0.10303484]
Epoch 10, Batch 456/492, Grad Norms near zero: 0, Lx 2.1373, Lu 0.0222, Penalty 0.0311, loss 2.1906
Label Softmax (x): [0.0751586  0.10456907 0.13160896 0.07749244 0.08732961 0.10660447
 0.08822736 0.15081006 0.07901561 0.09918384]
Epoch 10, Batch 457/492, Grad Norms near zero: 0, Lx 1.9429, Lu 0.0359, Penalty 0.0251, loss 2.0039
Label Softmax (x): [0.09073453 0.10492881 0.11436315 0.07252285 0.08871826 0.11414447
 0.07324871 0.1526607  0.09280039 0.09587812]
Epoch 10, Batch 458/492, Grad Norms near zero: 0, Lx 1.8314, Lu 0.0222, Penalty 0.0229, loss 1.8765
Label Softmax (x): [0.08424829 0.10341173 0.08865537 0.08092667 0.09521544 0.14340833
 0.07494914 0.12299433 0.09274188 0.11344885]
Epoch 10, Batch 459/492, Grad Norms near zero: 0, Lx 2.0082, Lu 0.0310, Penalty 0.0189, loss 2.0581
Label Softmax (x): [0.07679175 0.09247792 0.08315566 0.07949322 0.11642705 0.149183
 0.07097368 0.13329296 0.09326155 0.10494322]
Epoch 10, Batch 460/492, Grad Norms near zero: 0, Lx 2.2022, Lu 0.0435, Penalty 0.0281, loss 2.2738
Label Softmax (x): [0.10237458 0.07813142 0.0864111  0.06821258 0.09154038 0.16887726
 0.06563484 0.1281022  0.10698121 0.10373445]
Epoch 10, Batch 461/492, Grad Norms near zero: 0, Lx 1.8449, Lu 0.0342, Penalty 0.0386, loss 1.9176
Label Softmax (x): [0.08109739 0.07804924 0.07677745 0.07704581 0.11530182 0.17784402
 0.0660556  0.13254833 0.09295438 0.10232595]
Epoch 10, Batch 462/492, Grad Norms near zero: 0, Lx 2.1120, Lu 0.0346, Penalty 0.0447, loss 2.1913
Label Softmax (x): [0.10412872 0.09085754 0.10461681 0.0799689  0.142349   0.09564393
 0.06643725 0.0996918  0.11821215 0.0980939 ]
Epoch 10, Batch 463/492, Grad Norms near zero: 0, Lx 2.0958, Lu 0.0443, Penalty 0.0189, loss 2.1590
Label Softmax (x): [0.11290254 0.09163728 0.09983101 0.07985437 0.10335289 0.12145656
 0.07014168 0.09711738 0.1064725  0.11723377]
Epoch 10, Batch 464/492, Grad Norms near zero: 0, Lx 2.0703, Lu 0.0372, Penalty 0.0127, loss 2.1202
Label Softmax (x): [0.11919315 0.08744553 0.09380707 0.07472178 0.12950695 0.13713276
 0.06808531 0.09553076 0.09117144 0.10340526]
Epoch 10, Batch 465/492, Grad Norms near zero: 0, Lx 1.9289, Lu 0.0379, Penalty 0.0229, loss 1.9897
Label Softmax (x): [0.10290696 0.09313335 0.12050243 0.07682398 0.15465228 0.11747299
 0.07449371 0.08601639 0.08371258 0.09028538]
Epoch 10, Batch 466/492, Grad Norms near zero: 0, Lx 1.9396, Lu 0.0413, Penalty 0.0248, loss 2.0057
Label Softmax (x): [0.11921792 0.08125946 0.1045587  0.07748207 0.10280678 0.13919726
 0.07625164 0.09854144 0.08993445 0.11075029]
Epoch 10, Batch 467/492, Grad Norms near zero: 0, Lx 2.0960, Lu 0.0358, Penalty 0.0174, loss 2.1492
Label Softmax (x): [0.11016633 0.09440212 0.12667482 0.08395578 0.09934914 0.11783157
 0.08226708 0.10199095 0.08625688 0.09710534]
Epoch 10, Batch 468/492, Grad Norms near zero: 0, Lx 2.0666, Lu 0.0391, Penalty 0.0094, loss 2.1152
Label Softmax (x): [0.1013868  0.07876313 0.12386309 0.07084686 0.10846096 0.14407904
 0.07466285 0.12194884 0.09585592 0.08013248]
Epoch 10, Batch 469/492, Grad Norms near zero: 0, Lx 1.8461, Lu 0.0257, Penalty 0.0267, loss 1.8984
Label Softmax (x): [0.10748079 0.09281354 0.1352263  0.07207119 0.08688597 0.14209051
 0.07808057 0.11876117 0.07543905 0.0911509 ]
Epoch 10, Batch 470/492, Grad Norms near zero: 0, Lx 1.9168, Lu 0.0271, Penalty 0.0267, loss 1.9706
Label Softmax (x): [0.09854645 0.08007792 0.16136852 0.0779638  0.0716532  0.11985468
 0.08778425 0.12331989 0.08433924 0.09509208]
Epoch 10, Batch 471/492, Grad Norms near zero: 0, Lx 2.1687, Lu 0.0370, Penalty 0.0301, loss 2.2358
Label Softmax (x): [0.08939305 0.10923919 0.1558117  0.08298448 0.0735502  0.12012559
 0.09388138 0.12232677 0.06605498 0.08663267]
Epoch 10, Batch 472/492, Grad Norms near zero: 0, Lx 2.1172, Lu 0.0356, Penalty 0.0310, loss 2.1839
Label Softmax (x): [0.0880184  0.07090924 0.14047477 0.07516048 0.0628967  0.15236942
 0.08527102 0.1508956  0.08279391 0.09121043]
Epoch 10, Batch 473/492, Grad Norms near zero: 0, Lx 2.0553, Lu 0.0438, Penalty 0.0488, loss 2.1480
Label Softmax (x): [0.07490043 0.08326961 0.14409684 0.07931741 0.07570876 0.14688064
 0.08570395 0.15143451 0.08172634 0.07696149]
Epoch 10, Batch 474/492, Grad Norms near zero: 0, Lx 1.9455, Lu 0.0342, Penalty 0.0435, loss 2.0232
Label Softmax (x): [0.07012729 0.06690994 0.1271756  0.07783271 0.06872877 0.17768538
 0.09371252 0.15154329 0.08069977 0.08558476]
Epoch 10, Batch 475/492, Grad Norms near zero: 0, Lx 1.9712, Lu 0.0240, Penalty 0.0586, loss 2.0538
Label Softmax (x): [0.06649047 0.06996466 0.16400966 0.07618409 0.08189034 0.12709221
 0.09951514 0.14903593 0.09229476 0.0735227 ]
Epoch 10, Batch 476/492, Grad Norms near zero: 0, Lx 2.0282, Lu 0.0389, Penalty 0.0496, loss 2.1167
Label Softmax (x): [0.07102477 0.09206644 0.13992381 0.08399534 0.0824595  0.14127198
 0.09621222 0.13621867 0.07611591 0.08071136]
Epoch 10, Batch 477/492, Grad Norms near zero: 0, Lx 2.0474, Lu 0.0311, Penalty 0.0327, loss 2.1112
Label Softmax (x): [0.07080632 0.07575659 0.13899817 0.07759727 0.08794846 0.13763349
 0.09991671 0.14060017 0.07807599 0.09266688]
Epoch 10, Batch 478/492, Grad Norms near zero: 0, Lx 2.1653, Lu 0.0401, Penalty 0.0340, loss 2.2394
Label Softmax (x): [0.0768107  0.08226927 0.11240441 0.08175313 0.09018715 0.15401801
 0.09165725 0.13266954 0.07916945 0.09906107]
Epoch 10, Batch 479/492, Grad Norms near zero: 0, Lx 2.0612, Lu 0.0482, Penalty 0.0262, loss 2.1357
Label Softmax (x): [0.06102984 0.06754463 0.11166292 0.07037546 0.09458841 0.1671429
 0.07691195 0.18276565 0.09127159 0.07670664]
Epoch 10, Batch 480/492, Grad Norms near zero: 0, Lx 1.8815, Lu 0.0261, Penalty 0.0685, loss 1.9761
Label Softmax (x): [0.08981548 0.08947878 0.10001361 0.07813653 0.09530824 0.1372912
 0.08807403 0.12298896 0.07891033 0.11998288]
Epoch 10, Batch 481/492, Grad Norms near zero: 0, Lx 1.9271, Lu 0.0226, Penalty 0.0171, loss 1.9667
Label Softmax (x): [0.07739638 0.07016742 0.08987287 0.07836422 0.12140001 0.1656482
 0.083815   0.13740252 0.07497081 0.10096255]
Epoch 10, Batch 482/492, Grad Norms near zero: 0, Lx 2.2062, Lu 0.0487, Penalty 0.0400, loss 2.2949
Label Softmax (x): [0.10300992 0.06386753 0.11093606 0.06078907 0.10317662 0.11220958
 0.06707178 0.12941787 0.127135   0.12238657]
Epoch 10, Batch 483/492, Grad Norms near zero: 0, Lx 1.9529, Lu 0.0346, Penalty 0.0366, loss 2.0241
Label Softmax (x): [0.11320105 0.08442333 0.08716362 0.07436965 0.09446228 0.13968696
 0.07546615 0.10496827 0.08083664 0.14542207]
Epoch 10, Batch 484/492, Grad Norms near zero: 0, Lx 1.8639, Lu 0.0287, Penalty 0.0273, loss 1.9199
Label Softmax (x): [0.12324998 0.09253262 0.10358886 0.07404447 0.11034498 0.10092762
 0.07259747 0.10073717 0.08774149 0.13423532]
Epoch 10, Batch 485/492, Grad Norms near zero: 0, Lx 2.1409, Lu 0.0286, Penalty 0.0175, loss 2.1871
Label Softmax (x): [0.1135798  0.07832614 0.09611955 0.07157481 0.13463862 0.10672085
 0.06877795 0.10270226 0.09706133 0.13049866]
Epoch 10, Batch 486/492, Grad Norms near zero: 0, Lx 2.0033, Lu 0.0431, Penalty 0.0240, loss 2.0704
Label Softmax (x): [0.11642999 0.07319386 0.10837203 0.06719813 0.12217969 0.09952752
 0.07363707 0.10305667 0.10148253 0.13492249]
Epoch 10, Batch 487/492, Grad Norms near zero: 0, Lx 2.1089, Lu 0.0362, Penalty 0.0243, loss 2.1694
Label Softmax (x): [0.11570452 0.12594926 0.10711771 0.0791371  0.11986746 0.09035189
 0.07407363 0.06948122 0.07910492 0.13921231]
Epoch 10, Batch 488/492, Grad Norms near zero: 0, Lx 2.0802, Lu 0.0338, Penalty 0.0277, loss 2.1417
Label Softmax (x): [0.11191976 0.10256364 0.11971512 0.07295366 0.12493663 0.08699857
 0.07109623 0.08185633 0.10338524 0.12457484]
Epoch 10, Batch 489/492, Grad Norms near zero: 0, Lx 2.0489, Lu 0.0347, Penalty 0.0202, loss 2.1039
Label Softmax (x): [0.10274205 0.10221398 0.11404892 0.07744782 0.13003719 0.09762018
 0.07482112 0.08790163 0.09157943 0.12158768]
Epoch 10, Batch 490/492, Grad Norms near zero: 0, Lx 2.1578, Lu 0.0429, Penalty 0.0148, loss 2.2155
Label Softmax (x): [0.09442504 0.11133417 0.10818199 0.07871461 0.11005183 0.12122968
 0.07575665 0.09158568 0.08091033 0.12781003]
Epoch 10, Batch 491/492, Grad Norms near zero: 0, Lx 2.0210, Lu 0.0304, Penalty 0.0154, loss 2.0668
Label Softmax (x): [0.09403884 0.10255206 0.1226559  0.07401162 0.08058584 0.13167563
 0.07854234 0.09369519 0.09432105 0.12792152]
Epoch 10, Batch 492/492, Grad Norms near zero: 0, Lx 2.0909, Lu 0.0433, Penalty 0.0193, loss 2.1534
Evaluating training data at epoch 10 for Model 1
Evaluating training data at epoch 10 for Model 2
Evaluating models at epoch 10
Test data size: 60000
Epoch: 10, Test Loss: 1.9120, Test Accuracy: 0.3683, Test F1 Score: 0.3453
Training for Network 1
labelled data size: 27707
unlabelled data size: 14293
Label Softmax (x): [0.07171111 0.1416977  0.08170693 0.06623065 0.12042986 0.14354701
 0.09020692 0.11652979 0.07317485 0.09476515]
Epoch 11, Batch 1/866, Grad Norms near zero: 0, Lx 2.0187, Lu 0.0840, Penalty 0.0367, loss 2.1394
Label Softmax (x): [0.0824979  0.08676048 0.07034264 0.0733384  0.0804969  0.15463783
 0.10491881 0.11994132 0.07973749 0.14732823]
Epoch 11, Batch 2/866, Grad Norms near zero: 0, Lx 2.1742, Lu 0.0862, Penalty 0.0386, loss 2.2990
Label Softmax (x): [0.08771203 0.08457766 0.06057203 0.07381283 0.081861   0.16581073
 0.08901797 0.14057332 0.07381017 0.14225224]
Epoch 11, Batch 3/866, Grad Norms near zero: 0, Lx 2.1567, Lu 0.0868, Penalty 0.0525, loss 2.2960
Label Softmax (x): [0.06567914 0.12410631 0.07099146 0.09187698 0.12016698 0.14776328
 0.10287493 0.09677087 0.08600042 0.09376962]
Epoch 11, Batch 4/866, Grad Norms near zero: 0, Lx 2.3046, Lu 0.0589, Penalty 0.0277, loss 2.3913
Label Softmax (x): [0.08644888 0.09478506 0.0640168  0.09197523 0.07528602 0.14243732
 0.09759259 0.13131204 0.08436669 0.1317794 ]
Epoch 11, Batch 5/866, Grad Norms near zero: 0, Lx 2.1984, Lu 0.0945, Penalty 0.0305, loss 2.3234
Label Softmax (x): [0.0587539  0.10119541 0.05273415 0.11289737 0.10134906 0.16459778
 0.10824327 0.1450861  0.06390053 0.09124245]
Epoch 11, Batch 6/866, Grad Norms near zero: 0, Lx 1.9674, Lu 0.0730, Penalty 0.0615, loss 2.1019
Label Softmax (x): [0.06616978 0.11159851 0.05693452 0.11999495 0.08954829 0.14736648
 0.09297965 0.15429468 0.07681951 0.0842936 ]
Epoch 11, Batch 7/866, Grad Norms near zero: 0, Lx 2.1356, Lu 0.0536, Penalty 0.0481, loss 2.2372
Label Softmax (x): [0.06994786 0.06669427 0.06241194 0.11026737 0.07091318 0.1365067
 0.09807121 0.20280758 0.10573104 0.07664882]
Epoch 11, Batch 8/866, Grad Norms near zero: 0, Lx 2.1191, Lu 0.0926, Penalty 0.0691, loss 2.2809
Label Softmax (x): [0.07766614 0.08033459 0.05276934 0.12174652 0.08536885 0.13219489
 0.10168521 0.18068239 0.08554654 0.08200552]
Epoch 11, Batch 9/866, Grad Norms near zero: 0, Lx 2.1540, Lu 0.0420, Penalty 0.0539, loss 2.2500
Label Softmax (x): [0.05658843 0.07768132 0.05223917 0.13066655 0.11378045 0.15106893
 0.11639481 0.17183495 0.06606346 0.06368192]
Epoch 11, Batch 10/866, Grad Norms near zero: 0, Lx 1.8888, Lu 0.0540, Penalty 0.0835, loss 2.0264
Label Softmax (x): [0.07265441 0.08110806 0.05525154 0.12762673 0.08464354 0.11122461
 0.11162431 0.20416787 0.07642406 0.07527489]
Epoch 11, Batch 11/866, Grad Norms near zero: 0, Lx 2.1131, Lu 0.0786, Penalty 0.0668, loss 2.2584
Label Softmax (x): [0.06688111 0.06490234 0.06007305 0.12969157 0.08409112 0.11648875
 0.12916978 0.19576293 0.08024482 0.07269455]
Epoch 11, Batch 12/866, Grad Norms near zero: 0, Lx 2.2153, Lu 0.0590, Penalty 0.0716, loss 2.3459
Label Softmax (x): [0.07374538 0.08343881 0.05958163 0.13118795 0.10343911 0.09627405
 0.13130638 0.17461744 0.07074455 0.07566467]
Epoch 11, Batch 13/866, Grad Norms near zero: 0, Lx 2.1420, Lu 0.0694, Penalty 0.0531, loss 2.2646
Label Softmax (x): [0.07386009 0.09285878 0.06688111 0.13242543 0.10295638 0.08809216
 0.14169472 0.15204826 0.07630816 0.0728749 ]
Epoch 11, Batch 14/866, Grad Norms near zero: 0, Lx 2.1807, Lu 0.0677, Penalty 0.0415, loss 2.2899
Label Softmax (x): [0.05678036 0.09221403 0.06185667 0.13600098 0.11078173 0.10934131
 0.16109458 0.13655843 0.0663019  0.06907003]
Epoch 11, Batch 15/866, Grad Norms near zero: 0, Lx 2.0077, Lu 0.0485, Penalty 0.0621, loss 2.1183
Label Softmax (x): [0.05184831 0.07662144 0.05283671 0.13737188 0.1523064  0.11360648
 0.15047534 0.14471316 0.06942514 0.05079515]
Epoch 11, Batch 16/866, Grad Norms near zero: 0, Lx 2.0796, Lu 0.0722, Penalty 0.0959, loss 2.2477
Label Softmax (x): [0.07629621 0.12598638 0.05865971 0.13722286 0.10970432 0.09896524
 0.1376627  0.11378358 0.06826662 0.07345238]
Epoch 11, Batch 17/866, Grad Norms near zero: 0, Lx 2.1661, Lu 0.1042, Penalty 0.0416, loss 2.3119
Label Softmax (x): [0.07983929 0.12968382 0.05492819 0.13237092 0.11401529 0.10673466
 0.13409632 0.10940926 0.05685756 0.08206467]
Epoch 11, Batch 18/866, Grad Norms near zero: 0, Lx 2.0237, Lu 0.0736, Penalty 0.0467, loss 2.1439
Label Softmax (x): [0.0818782  0.11196464 0.05164224 0.12161058 0.11110604 0.12934673
 0.12204288 0.12872094 0.06047694 0.08121081]
Epoch 11, Batch 19/866, Grad Norms near zero: 0, Lx 2.0925, Lu 0.0855, Penalty 0.0449, loss 2.2229
Label Softmax (x): [0.07154855 0.07540113 0.05033251 0.11705354 0.13085215 0.14176595
 0.11490857 0.1706023  0.06755865 0.05997664]
Epoch 11, Batch 20/866, Grad Norms near zero: 0, Lx 2.1372, Lu 0.0870, Penalty 0.0759, loss 2.3000
Label Softmax (x): [0.07814743 0.1295678  0.0537529  0.11568907 0.10994329 0.13816915
 0.11209834 0.12622231 0.0568506  0.07955909]
Epoch 11, Batch 21/866, Grad Norms near zero: 0, Lx 2.1861, Lu 0.0471, Penalty 0.0491, loss 2.2823
Label Softmax (x): [0.07599733 0.10148014 0.05534677 0.11096241 0.08887338 0.17245443
 0.12090153 0.13624479 0.04874159 0.0889976 ]
Epoch 11, Batch 22/866, Grad Norms near zero: 0, Lx 2.3244, Lu 0.0651, Penalty 0.0656, loss 2.4551
Label Softmax (x): [0.08252089 0.08278058 0.0555697  0.10960872 0.09678553 0.15912062
 0.10426277 0.14840291 0.07245484 0.08849344]
Epoch 11, Batch 23/866, Grad Norms near zero: 0, Lx 2.0041, Lu 0.0494, Penalty 0.0453, loss 2.0987
Label Softmax (x): [0.080841   0.08387771 0.05886518 0.10996398 0.08373019 0.17240119
 0.10053708 0.14880802 0.0727068  0.08826888]
Epoch 11, Batch 24/866, Grad Norms near zero: 0, Lx 2.2136, Lu 0.0684, Penalty 0.0497, loss 2.3317
Label Softmax (x): [0.07818638 0.10206272 0.06985621 0.11621639 0.09561107 0.14491722
 0.10865287 0.13278493 0.06904702 0.0826652 ]
Epoch 11, Batch 25/866, Grad Norms near zero: 0, Lx 2.1573, Lu 0.0874, Penalty 0.0302, loss 2.2749
Label Softmax (x): [0.07556787 0.10811431 0.06815493 0.11506712 0.10336579 0.14304046
 0.1000756  0.13639355 0.06417111 0.08604924]
Epoch 11, Batch 26/866, Grad Norms near zero: 0, Lx 2.2168, Lu 0.0668, Penalty 0.0337, loss 2.3173
Label Softmax (x): [0.07709663 0.09218945 0.05699492 0.11500463 0.08033724 0.1747197
 0.08885121 0.16004357 0.06805465 0.08670799]
Epoch 11, Batch 27/866, Grad Norms near zero: 0, Lx 2.1414, Lu 0.0602, Penalty 0.0600, loss 2.2616
Label Softmax (x): [0.06739385 0.05634361 0.05439925 0.11209667 0.09613918 0.18753974
 0.08476974 0.19602317 0.07911024 0.06618457]
Epoch 11, Batch 28/866, Grad Norms near zero: 0, Lx 2.0251, Lu 0.0416, Penalty 0.1013, loss 2.1680
Label Softmax (x): [0.07942472 0.07984442 0.06381752 0.11675196 0.10299903 0.13076356
 0.0868421  0.16103676 0.08567727 0.09284267]
Epoch 11, Batch 29/866, Grad Norms near zero: 0, Lx 2.0078, Lu 0.0647, Penalty 0.0345, loss 2.1071
Label Softmax (x): [0.06763169 0.06832577 0.05970302 0.123227   0.07888445 0.18578424
 0.07948199 0.18898821 0.08134385 0.06662979]
Epoch 11, Batch 30/866, Grad Norms near zero: 0, Lx 2.1929, Lu 0.0683, Penalty 0.0902, loss 2.3514
Label Softmax (x): [0.07583683 0.09983289 0.07982834 0.12946902 0.10126107 0.10846148
 0.09807348 0.14508308 0.0693457  0.09280808]
Epoch 11, Batch 31/866, Grad Norms near zero: 0, Lx 2.1313, Lu 0.0694, Penalty 0.0240, loss 2.2246
Label Softmax (x): [0.06527448 0.09471121 0.06947696 0.13090567 0.10475485 0.12348399
 0.10163137 0.14717382 0.06994618 0.09264144]
Epoch 11, Batch 32/866, Grad Norms near zero: 0, Lx 2.1715, Lu 0.0815, Penalty 0.0350, loss 2.2880
Label Softmax (x): [0.06131018 0.09467328 0.06403152 0.13630806 0.1185545  0.1181143
 0.1080481  0.14895135 0.06427843 0.08573027]
Epoch 11, Batch 33/866, Grad Norms near zero: 0, Lx 2.0933, Lu 0.0461, Penalty 0.0463, loss 2.1857
Label Softmax (x): [0.05617648 0.11041281 0.06871239 0.1383608  0.12557971 0.1004492
 0.11931054 0.12890953 0.06153286 0.09055568]
Epoch 11, Batch 34/866, Grad Norms near zero: 0, Lx 2.1430, Lu 0.0758, Penalty 0.0450, loss 2.2638
Label Softmax (x): [0.06344287 0.12273348 0.0746921  0.1406334  0.09878533 0.10397235
 0.12788188 0.11214322 0.0510524  0.10466298]
Epoch 11, Batch 35/866, Grad Norms near zero: 0, Lx 2.1672, Lu 0.0610, Penalty 0.0440, loss 2.2722
Label Softmax (x): [0.05611701 0.09480181 0.07887527 0.14403254 0.11810361 0.11404873
 0.12527335 0.12060627 0.07310684 0.07503455]
Epoch 11, Batch 36/866, Grad Norms near zero: 0, Lx 1.9829, Lu 0.0399, Penalty 0.0393, loss 2.0622
Label Softmax (x): [0.05401918 0.10117239 0.06065307 0.14522116 0.11272501 0.11014272
 0.13410906 0.12366723 0.06040016 0.09789   ]
Epoch 11, Batch 37/866, Grad Norms near zero: 0, Lx 2.0295, Lu 0.0497, Penalty 0.0534, loss 2.1326
Label Softmax (x): [0.06021812 0.11757559 0.06080259 0.14560053 0.09162535 0.132491
 0.12520759 0.12848878 0.05763502 0.08035541]
Epoch 11, Batch 38/866, Grad Norms near zero: 0, Lx 2.0708, Lu 0.0967, Penalty 0.0568, loss 2.2242
Label Softmax (x): [0.05364383 0.11210258 0.06506348 0.14002219 0.10951486 0.10034713
 0.13721463 0.11841583 0.07324477 0.09043072]
Epoch 11, Batch 39/866, Grad Norms near zero: 0, Lx 2.1323, Lu 0.0878, Penalty 0.0434, loss 2.2635
Label Softmax (x): [0.05861541 0.10380929 0.05995166 0.13824892 0.09099945 0.11820602
 0.12702611 0.13379775 0.06931876 0.10002661]
Epoch 11, Batch 40/866, Grad Norms near zero: 0, Lx 2.1087, Lu 0.0749, Penalty 0.0447, loss 2.2283
Label Softmax (x): [0.07161824 0.09361781 0.05938668 0.1360978  0.11108594 0.11596821
 0.13962191 0.11750025 0.05556387 0.09953929]
Epoch 11, Batch 41/866, Grad Norms near zero: 0, Lx 2.1400, Lu 0.0535, Penalty 0.0457, loss 2.2391
Label Softmax (x): [0.07086833 0.0952518  0.05884038 0.13115892 0.09945446 0.1276141
 0.11881112 0.14176793 0.06953737 0.08669559]
Epoch 11, Batch 42/866, Grad Norms near zero: 0, Lx 2.0619, Lu 0.0620, Penalty 0.0398, loss 2.1638
Label Softmax (x): [0.06939855 0.12408178 0.06182414 0.12795098 0.10166813 0.10037374
 0.10375578 0.14842215 0.06470919 0.09781553]
Epoch 11, Batch 43/866, Grad Norms near zero: 0, Lx 2.1046, Lu 0.0611, Penalty 0.0389, loss 2.2046
Label Softmax (x): [0.06520952 0.1106744  0.0618917  0.12552527 0.09183788 0.1107596
 0.10320773 0.17009921 0.07109147 0.0897032 ]
Epoch 11, Batch 44/866, Grad Norms near zero: 0, Lx 1.9913, Lu 0.0606, Penalty 0.0449, loss 2.0968
Label Softmax (x): [0.06801245 0.10263696 0.05565929 0.12645172 0.09202389 0.12005547
 0.10452403 0.16354334 0.06361262 0.10348027]
Epoch 11, Batch 45/866, Grad Norms near zero: 0, Lx 2.1938, Lu 0.0501, Penalty 0.0493, loss 2.2932
Label Softmax (x): [0.06356142 0.08024254 0.05023322 0.1256624  0.0931913  0.14145097
 0.10390104 0.18297896 0.06050433 0.09827382]
Epoch 11, Batch 46/866, Grad Norms near zero: 0, Lx 2.0178, Lu 0.0883, Penalty 0.0734, loss 2.1796
Label Softmax (x): [0.0775113  0.07424591 0.04873046 0.12030519 0.08133993 0.13583528
 0.08955184 0.18249923 0.08364607 0.10633478]
Epoch 11, Batch 47/866, Grad Norms near zero: 0, Lx 2.0234, Lu 0.0344, Penalty 0.0613, loss 2.1191
Label Softmax (x): [0.06672681 0.07877688 0.04803193 0.12869756 0.08846144 0.14619897
 0.09428639 0.19838221 0.06658424 0.08385357]
Epoch 11, Batch 48/866, Grad Norms near zero: 0, Lx 2.0997, Lu 0.0795, Penalty 0.0824, loss 2.2616
Label Softmax (x): [0.06656714 0.07664229 0.03927984 0.12302048 0.08939623 0.17105961
 0.08408841 0.204873   0.06625116 0.07882185]
Epoch 11, Batch 49/866, Grad Norms near zero: 0, Lx 2.0896, Lu 0.0568, Penalty 0.1081, loss 2.2545
Label Softmax (x): [0.07251035 0.07872121 0.04588081 0.11937977 0.0920055  0.15054886
 0.08634092 0.19115303 0.088617   0.07484258]
Epoch 11, Batch 50/866, Grad Norms near zero: 0, Lx 2.1282, Lu 0.0394, Penalty 0.0746, loss 2.2422
Label Softmax (x): [0.0732969  0.10274718 0.04063285 0.09766732 0.15071987 0.14138666
 0.07823062 0.19891098 0.06175573 0.05465193]
Epoch 11, Batch 51/866, Grad Norms near zero: 0, Lx 2.0310, Lu 0.0560, Penalty 0.1095, loss 2.1965
Label Softmax (x): [0.06780797 0.1068539  0.0573653  0.12041639 0.13935292 0.1147185
 0.11145262 0.14746737 0.06931467 0.06525034]
Epoch 11, Batch 52/866, Grad Norms near zero: 0, Lx 2.0342, Lu 0.0750, Penalty 0.0520, loss 2.1611
Label Softmax (x): [0.0703597  0.10299081 0.06488017 0.11823437 0.11340319 0.12390365
 0.11844577 0.14644527 0.07281665 0.06852041]
Epoch 11, Batch 53/866, Grad Norms near zero: 0, Lx 2.1921, Lu 0.0974, Penalty 0.0392, loss 2.3287
Label Softmax (x): [0.07222134 0.09539577 0.06169974 0.10155153 0.1173149  0.1224013
 0.11883871 0.15052217 0.09441144 0.06564309]
Epoch 11, Batch 54/866, Grad Norms near zero: 0, Lx 2.0180, Lu 0.0413, Penalty 0.0375, loss 2.0969
Label Softmax (x): [0.07823575 0.12174312 0.06339677 0.08786814 0.16215245 0.11150135
 0.10882915 0.14412723 0.07463236 0.04751365]
Epoch 11, Batch 55/866, Grad Norms near zero: 0, Lx 2.1977, Lu 0.0902, Penalty 0.0628, loss 2.3507
Label Softmax (x): [0.08497303 0.13152885 0.05786538 0.09255678 0.13943347 0.12677163
 0.11111581 0.1439521  0.05683063 0.0549723 ]
Epoch 11, Batch 56/866, Grad Norms near zero: 0, Lx 2.1271, Lu 0.0742, Penalty 0.0637, loss 2.2651
Label Softmax (x): [0.08506018 0.1206913  0.0788847  0.10291257 0.09776475 0.10258892
 0.13865086 0.1166054  0.07793637 0.07890495]
Epoch 11, Batch 57/866, Grad Norms near zero: 0, Lx 2.1463, Lu 0.0731, Penalty 0.0185, loss 2.2379
Label Softmax (x): [0.08802514 0.12004133 0.07134423 0.09699814 0.10200571 0.09191607
 0.13856506 0.12005921 0.08499604 0.08604906]
Epoch 11, Batch 58/866, Grad Norms near zero: 0, Lx 2.1450, Lu 0.0637, Penalty 0.0181, loss 2.2268
Label Softmax (x): [0.08558844 0.10293356 0.09287992 0.09003835 0.08874562 0.08607545
 0.13113527 0.12037377 0.11393353 0.08829607]
Epoch 11, Batch 59/866, Grad Norms near zero: 0, Lx 2.2158, Lu 0.1036, Penalty 0.0112, loss 2.3306
Label Softmax (x): [0.07741473 0.12500884 0.06868976 0.11525459 0.0929207  0.10115655
 0.15284207 0.10851379 0.05800486 0.10019412]
Epoch 11, Batch 60/866, Grad Norms near zero: 0, Lx 2.1785, Lu 0.0556, Penalty 0.0365, loss 2.2706
Label Softmax (x): [0.07358785 0.12104207 0.07146074 0.11095559 0.09469566 0.09614488
 0.1307711  0.13287283 0.07693247 0.09153678]
Epoch 11, Batch 61/866, Grad Norms near zero: 0, Lx 2.0902, Lu 0.0607, Penalty 0.0240, loss 2.1749
Label Softmax (x): [0.07489096 0.10121819 0.07800229 0.10641316 0.08810878 0.12296139
 0.11156942 0.16582629 0.07351639 0.07749318]
Epoch 11, Batch 62/866, Grad Norms near zero: 0, Lx 2.1218, Lu 0.0552, Penalty 0.0331, loss 2.2101
Label Softmax (x): [0.07119089 0.11897767 0.0663352  0.12645969 0.08612113 0.1112944
 0.12402575 0.14291184 0.05635512 0.09632835]
Epoch 11, Batch 63/866, Grad Norms near zero: 0, Lx 2.0969, Lu 0.0678, Penalty 0.0423, loss 2.2069
Label Softmax (x): [0.08950064 0.10279728 0.06855658 0.12073609 0.08304434 0.12162449
 0.10878587 0.13590688 0.06366558 0.10538226]
Epoch 11, Batch 64/866, Grad Norms near zero: 0, Lx 2.0334, Lu 0.0454, Penalty 0.0271, loss 2.1058
Label Softmax (x): [0.07950206 0.1086702  0.07640322 0.12445108 0.09572395 0.10964708
 0.10976091 0.13137357 0.06853437 0.09593351]
Epoch 11, Batch 65/866, Grad Norms near zero: 0, Lx 2.1143, Lu 0.0663, Penalty 0.0202, loss 2.2007
Label Softmax (x): [0.05667859 0.0914002  0.05839621 0.13941139 0.08801696 0.13190997
 0.12384331 0.16269861 0.06309395 0.08455082]
Epoch 11, Batch 66/866, Grad Norms near zero: 0, Lx 2.0725, Lu 0.0991, Penalty 0.0642, loss 2.2357
Label Softmax (x): [0.0608083  0.09181295 0.06223583 0.14752123 0.09122553 0.12088057
 0.11817805 0.15481186 0.06386363 0.08866204]
Epoch 11, Batch 67/866, Grad Norms near zero: 0, Lx 2.0689, Lu 0.0604, Penalty 0.0535, loss 2.1828
Label Softmax (x): [0.06014769 0.08343829 0.05605276 0.14948896 0.09574345 0.12015169
 0.11977472 0.15755711 0.06409641 0.09354891]
Epoch 11, Batch 68/866, Grad Norms near zero: 0, Lx 2.1178, Lu 0.0417, Penalty 0.0603, loss 2.2198
Label Softmax (x): [0.04922668 0.08403887 0.05202381 0.15086994 0.08244392 0.15170306
 0.1167707  0.1809697  0.05170634 0.08024698]
Epoch 11, Batch 69/866, Grad Norms near zero: 0, Lx 2.1146, Lu 0.0657, Penalty 0.1033, loss 2.2836
Label Softmax (x): [0.05984394 0.08253118 0.06025852 0.14260954 0.08663177 0.12737969
 0.10418455 0.18567607 0.07314138 0.07774337]
Epoch 11, Batch 70/866, Grad Norms near zero: 0, Lx 2.0983, Lu 0.0611, Penalty 0.0663, loss 2.2257
Label Softmax (x): [0.06683806 0.07574798 0.05651189 0.13357721 0.08276945 0.16380672
 0.11137484 0.15576784 0.05431162 0.09929438]
Epoch 11, Batch 71/866, Grad Norms near zero: 0, Lx 2.0810, Lu 0.0718, Penalty 0.0724, loss 2.2253
Label Softmax (x): [0.05864301 0.090541   0.06346095 0.14425159 0.09924674 0.12264868
 0.11236253 0.16793585 0.06424096 0.07666868]
Epoch 11, Batch 72/866, Grad Norms near zero: 0, Lx 2.0707, Lu 0.0526, Penalty 0.0598, loss 2.1830
Label Softmax (x): [0.05868327 0.0868861  0.0678501  0.13211317 0.09861755 0.12964286
 0.11304706 0.16712134 0.07168075 0.07435776]
Epoch 11, Batch 73/866, Grad Norms near zero: 0, Lx 2.2028, Lu 0.0577, Penalty 0.0530, loss 2.3136
Label Softmax (x): [0.06368557 0.07894649 0.066163   0.12499435 0.11501114 0.13174617
 0.12418603 0.15000942 0.06377317 0.08148468]
Epoch 11, Batch 74/866, Grad Norms near zero: 0, Lx 2.0307, Lu 0.0627, Penalty 0.0494, loss 2.1428
Label Softmax (x): [0.05973222 0.07944357 0.0489946  0.12332506 0.15963827 0.13328321
 0.11508759 0.15285821 0.05337326 0.074264  ]
Epoch 11, Batch 75/866, Grad Norms near zero: 0, Lx 2.0416, Lu 0.0559, Penalty 0.0855, loss 2.1830
Label Softmax (x): [0.06158094 0.10746761 0.05352187 0.12254471 0.10371814 0.14040665
 0.09335639 0.19166498 0.05628037 0.06945829]
Epoch 11, Batch 76/866, Grad Norms near zero: 0, Lx 2.1090, Lu 0.0540, Penalty 0.0816, loss 2.2446
Label Softmax (x): [0.0676035  0.10851538 0.06181388 0.1226289  0.09086849 0.14592922
 0.10299087 0.15782751 0.06165565 0.08016662]
Epoch 11, Batch 77/866, Grad Norms near zero: 0, Lx 2.0414, Lu 0.0544, Penalty 0.0524, loss 2.1481
Label Softmax (x): [0.06575014 0.10303994 0.059196   0.11313975 0.0882386  0.14531091
 0.09843297 0.17448342 0.07075566 0.08165259]
Epoch 11, Batch 78/866, Grad Norms near zero: 0, Lx 2.0216, Lu 0.0598, Penalty 0.0549, loss 2.1364
Label Softmax (x): [0.06424602 0.10126752 0.0524108  0.11282597 0.09017763 0.15544547
 0.10251421 0.17272441 0.06240985 0.08597811]
Epoch 11, Batch 79/866, Grad Norms near zero: 0, Lx 2.0554, Lu 0.0372, Penalty 0.0669, loss 2.1594
Label Softmax (x): [0.06685656 0.11888151 0.05871315 0.10936481 0.08956698 0.14855556
 0.10481751 0.14910276 0.07017072 0.08397044]
Epoch 11, Batch 80/866, Grad Norms near zero: 0, Lx 2.1649, Lu 0.0683, Penalty 0.0469, loss 2.2801
Label Softmax (x): [0.07595328 0.12988645 0.06977044 0.11461215 0.09193473 0.12553158
 0.12075433 0.11684573 0.06917854 0.08553277]
Epoch 11, Batch 81/866, Grad Norms near zero: 0, Lx 2.0811, Lu 0.0679, Penalty 0.0274, loss 2.1764
Label Softmax (x): [0.08004127 0.11317204 0.0555636  0.10925551 0.10522344 0.1385499
 0.13110708 0.10140012 0.05009831 0.11558874]
Epoch 11, Batch 82/866, Grad Norms near zero: 0, Lx 2.0918, Lu 0.0643, Penalty 0.0483, loss 2.2044
Label Softmax (x): [0.07488615 0.12673002 0.06607153 0.10120654 0.09135579 0.13185616
 0.12521698 0.11086905 0.08402582 0.08778197]
Epoch 11, Batch 83/866, Grad Norms near zero: 0, Lx 2.1409, Lu 0.0878, Penalty 0.0245, loss 2.2532
Label Softmax (x): [0.08264463 0.0996239  0.0585178  0.10512267 0.10987771 0.1302629
 0.14982896 0.09951945 0.05917063 0.10543136]
Epoch 11, Batch 84/866, Grad Norms near zero: 0, Lx 2.0751, Lu 0.0642, Penalty 0.0394, loss 2.1787
Label Softmax (x): [0.09049942 0.09208973 0.05181862 0.10278364 0.08284765 0.15398017
 0.12815967 0.11162965 0.0712873  0.1149042 ]
Epoch 11, Batch 85/866, Grad Norms near zero: 0, Lx 1.8951, Lu 0.0622, Penalty 0.0410, loss 1.9983
Label Softmax (x): [0.07563546 0.09141394 0.07006701 0.10132462 0.09587607 0.12857765
 0.1370461  0.11910147 0.08612856 0.0948291 ]
Epoch 11, Batch 86/866, Grad Norms near zero: 0, Lx 1.9938, Lu 0.0790, Penalty 0.0215, loss 2.0943
Label Softmax (x): [0.06586728 0.12086518 0.07437243 0.10462026 0.1080263  0.12074277
 0.14889595 0.10600743 0.08905879 0.06154358]
Epoch 11, Batch 87/866, Grad Norms near zero: 0, Lx 2.1073, Lu 0.0709, Penalty 0.0358, loss 2.2140
Label Softmax (x): [0.07033652 0.13655245 0.06632102 0.10001896 0.11149402 0.1058944
 0.1289058  0.1126129  0.09405167 0.0738122 ]
Epoch 11, Batch 88/866, Grad Norms near zero: 0, Lx 2.1858, Lu 0.0867, Penalty 0.0277, loss 2.3002
Label Softmax (x): [0.07239266 0.11645702 0.0729324  0.10975175 0.10694632 0.10200777
 0.15142062 0.10940106 0.08397407 0.07471634]
Epoch 11, Batch 89/866, Grad Norms near zero: 0, Lx 2.1868, Lu 0.1126, Penalty 0.0268, loss 2.3261
Label Softmax (x): [0.06590675 0.10864612 0.06988589 0.11022147 0.11564671 0.1088158
 0.14217837 0.12793858 0.08552708 0.0652332 ]
Epoch 11, Batch 90/866, Grad Norms near zero: 0, Lx 2.1141, Lu 0.1006, Penalty 0.0350, loss 2.2498
Label Softmax (x): [0.06916405 0.10979424 0.05883359 0.1163879  0.1222908  0.10627003
 0.13803771 0.125974   0.06927563 0.08397205]
Epoch 11, Batch 91/866, Grad Norms near zero: 0, Lx 2.1627, Lu 0.0403, Penalty 0.0380, loss 2.2411
Label Softmax (x): [0.06440213 0.10785498 0.05766399 0.11135748 0.11152206 0.12036557
 0.1352779  0.14565158 0.06869804 0.07720628]
Epoch 11, Batch 92/866, Grad Norms near zero: 0, Lx 2.0911, Lu 0.0685, Penalty 0.0469, loss 2.2065
Label Softmax (x): [0.06022441 0.10249308 0.06292431 0.11394779 0.10698412 0.12049577
 0.0990809  0.19602633 0.07387015 0.06395315]
Epoch 11, Batch 93/866, Grad Norms near zero: 0, Lx 2.0706, Lu 0.0557, Penalty 0.0647, loss 2.1911
Label Softmax (x): [0.0706407  0.09545989 0.05861617 0.10935701 0.10482576 0.11349627
 0.09436021 0.18730196 0.08135789 0.08458413]
Epoch 11, Batch 94/866, Grad Norms near zero: 0, Lx 1.9366, Lu 0.0424, Penalty 0.0469, loss 2.0260
Label Softmax (x): [0.07025421 0.09918994 0.04827654 0.11213046 0.10241213 0.13312826
 0.12377599 0.15625352 0.05808104 0.09649789]
Epoch 11, Batch 95/866, Grad Norms near zero: 0, Lx 2.1135, Lu 0.0522, Penalty 0.0584, loss 2.2241
Label Softmax (x): [0.06526755 0.07892146 0.04019954 0.095755   0.09904729 0.15610395
 0.10997938 0.1973741  0.06457719 0.09277456]
Epoch 11, Batch 96/866, Grad Norms near zero: 0, Lx 2.0421, Lu 0.0528, Penalty 0.0920, loss 2.1869
Label Softmax (x): [0.07524575 0.09550192 0.04583218 0.11120895 0.09606986 0.15000397
 0.11004516 0.16842487 0.05840109 0.08926621]
Epoch 11, Batch 97/866, Grad Norms near zero: 0, Lx 2.1821, Lu 0.0655, Penalty 0.0673, loss 2.3150
Label Softmax (x): [0.08303386 0.06961007 0.04658592 0.10742488 0.08304194 0.14574835
 0.09274466 0.1891025  0.07779962 0.10490823]
Epoch 11, Batch 98/866, Grad Norms near zero: 0, Lx 1.9093, Lu 0.0523, Penalty 0.0691, loss 2.0308
Label Softmax (x): [0.07712768 0.0734372  0.04933634 0.1103875  0.0836331  0.15543431
 0.09032059 0.18246666 0.08182365 0.09603293]
Epoch 11, Batch 99/866, Grad Norms near zero: 0, Lx 2.0354, Lu 0.0591, Penalty 0.0655, loss 2.1600
Label Softmax (x): [0.07396555 0.07180802 0.04917618 0.11675291 0.08771613 0.1598056
 0.09610934 0.16456518 0.07605664 0.10404445]
Epoch 11, Batch 100/866, Grad Norms near zero: 0, Lx 1.8792, Lu 0.0431, Penalty 0.0625, loss 1.9849
Label Softmax (x): [0.07735609 0.08319244 0.05312897 0.1249987  0.11588974 0.13281685
 0.10318427 0.13189727 0.06352317 0.1140125 ]
Epoch 11, Batch 101/866, Grad Norms near zero: 0, Lx 2.0646, Lu 0.0733, Penalty 0.0433, loss 2.1812
Label Softmax (x): [0.07258841 0.0962039  0.05603445 0.13070163 0.10409042 0.1455861
 0.11203666 0.11733189 0.06496321 0.10046332]
Epoch 11, Batch 102/866, Grad Norms near zero: 0, Lx 1.9797, Lu 0.0316, Penalty 0.0408, loss 2.0521
Label Softmax (x): [0.07143815 0.08361207 0.05144315 0.12529492 0.12842254 0.14101212
 0.12058167 0.1009716  0.07817116 0.09905261]
Epoch 11, Batch 103/866, Grad Norms near zero: 0, Lx 1.9990, Lu 0.0604, Penalty 0.0420, loss 2.1014
Label Softmax (x): [0.08386724 0.08586805 0.05697936 0.1200832  0.1005461  0.14101511
 0.1155201  0.10362927 0.08640884 0.10608272]
Epoch 11, Batch 104/866, Grad Norms near zero: 0, Lx 2.0724, Lu 0.0759, Penalty 0.0266, loss 2.1749
Label Softmax (x): [0.06714407 0.0744371  0.04026065 0.10118717 0.12808    0.19386543
 0.11367667 0.13022712 0.07142767 0.07969412]
Epoch 11, Batch 105/866, Grad Norms near zero: 0, Lx 2.0375, Lu 0.0902, Penalty 0.0853, loss 2.2130
Label Softmax (x): [0.07304813 0.08533746 0.04382214 0.10449518 0.10081011 0.19967712
 0.12621994 0.10787749 0.06010141 0.098611  ]
Epoch 11, Batch 106/866, Grad Norms near zero: 0, Lx 2.0834, Lu 0.0562, Penalty 0.0769, loss 2.2165
Label Softmax (x): [0.07893821 0.09282348 0.0531655  0.09980634 0.10958304 0.1783681
 0.1175798  0.1023644  0.07410777 0.09326337]
Epoch 11, Batch 107/866, Grad Norms near zero: 0, Lx 2.1880, Lu 0.0621, Penalty 0.0459, loss 2.2960
Label Softmax (x): [0.05319132 0.09847548 0.07057888 0.09724759 0.11559006 0.17892267
 0.11476956 0.13113849 0.07741392 0.06267204]
Epoch 11, Batch 108/866, Grad Norms near zero: 0, Lx 2.0425, Lu 0.0720, Penalty 0.0611, loss 2.1755
Label Softmax (x): [0.0771367  0.09152518 0.06909411 0.09211706 0.10274586 0.15756483
 0.11383966 0.12883577 0.08660594 0.08053488]
Epoch 11, Batch 109/866, Grad Norms near zero: 0, Lx 2.2192, Lu 0.0606, Penalty 0.0295, loss 2.3093
Label Softmax (x): [0.07141308 0.09200576 0.06393737 0.08654626 0.09474932 0.16568503
 0.10623686 0.15555386 0.08315858 0.08071384]
Epoch 11, Batch 110/866, Grad Norms near zero: 0, Lx 2.0341, Lu 0.0655, Penalty 0.0457, loss 2.1453
Label Softmax (x): [0.08627756 0.10537908 0.07782315 0.09433662 0.08853854 0.12959021
 0.10196856 0.146638   0.08474751 0.08470076]
Epoch 11, Batch 111/866, Grad Norms near zero: 0, Lx 2.1802, Lu 0.0544, Penalty 0.0196, loss 2.2543
Label Softmax (x): [0.0708435  0.11932248 0.07142779 0.09345113 0.09685731 0.13138449
 0.09963155 0.17058855 0.06337627 0.08311698]
Epoch 11, Batch 112/866, Grad Norms near zero: 0, Lx 1.9858, Lu 0.0581, Penalty 0.0442, loss 2.0881
Label Softmax (x): [0.06866728 0.10689412 0.07608593 0.09088252 0.08730654 0.12552726
 0.09490515 0.19856936 0.07578257 0.07537925]
Epoch 11, Batch 113/866, Grad Norms near zero: 0, Lx 2.1509, Lu 0.0861, Penalty 0.0513, loss 2.2883
Label Softmax (x): [0.06762094 0.11955461 0.06776313 0.09730222 0.08037017 0.1444275
 0.0889666  0.2009485  0.05964691 0.07339945]
Epoch 11, Batch 114/866, Grad Norms near zero: 0, Lx 2.0475, Lu 0.0703, Penalty 0.0725, loss 2.1903
Label Softmax (x): [0.05507147 0.1594378  0.08622554 0.1168104  0.08914068 0.1215211
 0.08960062 0.15790416 0.06774671 0.05654152]
Epoch 11, Batch 115/866, Grad Norms near zero: 0, Lx 1.9478, Lu 0.0421, Penalty 0.0655, loss 2.0554
Label Softmax (x): [0.06278789 0.13035849 0.06730182 0.11302964 0.07784944 0.14675122
 0.09948692 0.17591941 0.04764575 0.07886943]
Epoch 11, Batch 116/866, Grad Norms near zero: 0, Lx 2.0187, Lu 0.0608, Penalty 0.0760, loss 2.1554
Label Softmax (x): [0.0674369  0.12808284 0.07325151 0.12925483 0.06906652 0.14052866
 0.10721827 0.15804192 0.05411528 0.07300322]
Epoch 11, Batch 117/866, Grad Norms near zero: 0, Lx 2.1603, Lu 0.0633, Penalty 0.0632, loss 2.2868
Label Softmax (x): [0.06245785 0.12686022 0.06636554 0.13011383 0.08410051 0.14026713
 0.11763016 0.14674574 0.05472171 0.0707373 ]
Epoch 11, Batch 118/866, Grad Norms near zero: 0, Lx 2.0778, Lu 0.0582, Penalty 0.0617, loss 2.1977
Label Softmax (x): [0.07039689 0.11805335 0.06839569 0.14088134 0.07188457 0.13666536
 0.12587285 0.14127219 0.04726814 0.07930961]
Epoch 11, Batch 119/866, Grad Norms near zero: 0, Lx 2.1295, Lu 0.0546, Penalty 0.0645, loss 2.2487
Label Softmax (x): [0.06889721 0.11219338 0.07091033 0.14696029 0.08151571 0.12674607
 0.14100724 0.12571396 0.04936988 0.07668589]
Epoch 11, Batch 120/866, Grad Norms near zero: 0, Lx 2.1047, Lu 0.0546, Penalty 0.0582, loss 2.2175
Label Softmax (x): [0.07267047 0.11886139 0.07222851 0.13702737 0.11118116 0.1035385
 0.12333757 0.12216144 0.07186468 0.06712892]
Epoch 11, Batch 121/866, Grad Norms near zero: 0, Lx 2.2091, Lu 0.0666, Penalty 0.0335, loss 2.3092
Label Softmax (x): [0.06271024 0.12882523 0.07268479 0.13367577 0.09731423 0.11642603
 0.12367181 0.12282295 0.08366108 0.05820786]
Epoch 11, Batch 122/866, Grad Norms near zero: 0, Lx 2.0326, Lu 0.0397, Penalty 0.0419, loss 2.1142
Label Softmax (x): [0.06604276 0.08456566 0.04965127 0.13110621 0.11425449 0.13270171
 0.16124569 0.11833268 0.05090781 0.09119172]
Epoch 11, Batch 123/866, Grad Norms near zero: 0, Lx 2.0856, Lu 0.0448, Penalty 0.0717, loss 2.2021
Label Softmax (x): [0.07280586 0.06852944 0.04704194 0.12268241 0.11678329 0.13202003
 0.15598023 0.12478369 0.06321411 0.09615901]
Epoch 11, Batch 124/866, Grad Norms near zero: 0, Lx 2.1767, Lu 0.0910, Penalty 0.0644, loss 2.3321
Label Softmax (x): [0.06218192 0.11025533 0.06869692 0.12109023 0.12039617 0.12086625
 0.13408513 0.11579815 0.08366655 0.06296333]
Epoch 11, Batch 125/866, Grad Norms near zero: 0, Lx 2.1581, Lu 0.0414, Penalty 0.0387, loss 2.2382
Label Softmax (x): [0.06629045 0.06746457 0.04595383 0.11600054 0.1496943  0.12976679
 0.15042704 0.12902093 0.06897075 0.07641081]
Epoch 11, Batch 126/866, Grad Norms near zero: 0, Lx 2.1422, Lu 0.0897, Penalty 0.0747, loss 2.3066
Label Softmax (x): [0.07540943 0.08421533 0.06062551 0.11262457 0.11559277 0.11893577
 0.1279298  0.13081275 0.10102817 0.07282589]
Epoch 11, Batch 127/866, Grad Norms near zero: 0, Lx 2.0488, Lu 0.0674, Penalty 0.0309, loss 2.1472
Label Softmax (x): [0.07688986 0.06249949 0.04336681 0.11994699 0.13689943 0.13206862
 0.14044163 0.12806374 0.06866017 0.09116325]
Epoch 11, Batch 128/866, Grad Norms near zero: 0, Lx 2.1463, Lu 0.0621, Penalty 0.0676, loss 2.2759
Label Softmax (x): [0.08253126 0.06201259 0.05526388 0.12773623 0.1429046  0.10168432
 0.13694993 0.13513465 0.0743413  0.08144126]
Epoch 11, Batch 129/866, Grad Norms near zero: 0, Lx 2.2782, Lu 0.0765, Penalty 0.0531, loss 2.4078
Label Softmax (x): [0.07852691 0.08046208 0.05878399 0.12154273 0.11496603 0.13032429
 0.11976333 0.13349393 0.09083617 0.07130054]
Epoch 11, Batch 130/866, Grad Norms near zero: 0, Lx 2.0393, Lu 0.0534, Penalty 0.0356, loss 2.1283
Label Softmax (x): [0.07739031 0.09850189 0.06056944 0.13351597 0.11620454 0.11963856
 0.1131592  0.1267561  0.08231699 0.07194698]
Epoch 11, Batch 131/866, Grad Norms near zero: 0, Lx 2.0630, Lu 0.0458, Penalty 0.0317, loss 2.1406
Label Softmax (x): [0.07989028 0.07222231 0.05782557 0.14656256 0.11157137 0.11822528
 0.12078038 0.14433903 0.06924189 0.07934134]
Epoch 11, Batch 132/866, Grad Norms near zero: 0, Lx 2.1512, Lu 0.0679, Penalty 0.0482, loss 2.2673
Label Softmax (x): [0.07886661 0.06965166 0.05347802 0.13215177 0.08202409 0.15514567
 0.10053019 0.16533895 0.0787539  0.0840591 ]
Epoch 11, Batch 133/866, Grad Norms near zero: 0, Lx 2.0886, Lu 0.0641, Penalty 0.0610, loss 2.2137
Label Softmax (x): [0.07849818 0.08536236 0.06299026 0.14510435 0.09026204 0.13134867
 0.10752577 0.15401922 0.06622253 0.07866666]
Epoch 11, Batch 134/866, Grad Norms near zero: 0, Lx 2.1050, Lu 0.0428, Penalty 0.0468, loss 2.1946
Label Softmax (x): [0.07338604 0.08923997 0.07390718 0.13335204 0.09576355 0.12453651
 0.10296352 0.15640774 0.07184385 0.07859958]
Epoch 11, Batch 135/866, Grad Norms near zero: 0, Lx 2.1673, Lu 0.0615, Penalty 0.0357, loss 2.2644
Label Softmax (x): [0.06581321 0.10992716 0.06444511 0.12699756 0.08792131 0.15638158
 0.09797052 0.14642662 0.0617963  0.08232062]
Epoch 11, Batch 136/866, Grad Norms near zero: 0, Lx 2.0106, Lu 0.0594, Penalty 0.0521, loss 2.1221
Label Softmax (x): [0.07157649 0.10352649 0.06956793 0.12329247 0.07977387 0.14691636
 0.09714    0.16738184 0.05751774 0.08330681]
Epoch 11, Batch 137/866, Grad Norms near zero: 0, Lx 2.1084, Lu 0.0694, Penalty 0.0544, loss 2.2322
Label Softmax (x): [0.05594517 0.10931583 0.0675275  0.11692566 0.07095198 0.18497418
 0.10754925 0.14967538 0.05165358 0.08548146]
Epoch 11, Batch 138/866, Grad Norms near zero: 0, Lx 2.0868, Lu 0.0713, Penalty 0.0798, loss 2.2379
Label Softmax (x): [0.05975494 0.1315253  0.07350288 0.10290022 0.09078254 0.15134178
 0.09027896 0.15640497 0.07003196 0.07347643]
Epoch 11, Batch 139/866, Grad Norms near zero: 0, Lx 2.1385, Lu 0.0543, Penalty 0.0522, loss 2.2450
Label Softmax (x): [0.06210794 0.10918872 0.05234783 0.10904602 0.06396907 0.18513784
 0.1039442  0.16345344 0.03598408 0.11482084]
Epoch 11, Batch 140/866, Grad Norms near zero: 0, Lx 1.9904, Lu 0.0639, Penalty 0.1134, loss 2.1677
Label Softmax (x): [0.06839342 0.1100432  0.07240732 0.1018613  0.06724735 0.1597183
 0.10923777 0.1487387  0.05324687 0.10910579]
Epoch 11, Batch 141/866, Grad Norms near zero: 0, Lx 1.9943, Lu 0.0590, Penalty 0.0575, loss 2.1107
Label Softmax (x): [0.05801167 0.12788989 0.06616791 0.10754837 0.09433094 0.15131828
 0.11679859 0.15226534 0.0462427  0.0794263 ]
Epoch 11, Batch 142/866, Grad Norms near zero: 0, Lx 2.1304, Lu 0.0777, Penalty 0.0709, loss 2.2790
Label Softmax (x): [0.06275396 0.12218714 0.07175909 0.10420716 0.09747739 0.14319505
 0.1215144  0.14047757 0.05354078 0.08288747]
Epoch 11, Batch 143/866, Grad Norms near zero: 0, Lx 2.1622, Lu 0.0727, Penalty 0.0500, loss 2.2849
Label Softmax (x): [0.06947039 0.12786663 0.06669143 0.09902392 0.08602703 0.15594047
 0.10362197 0.13484144 0.06397368 0.09254306]
Epoch 11, Batch 144/866, Grad Norms near zero: 0, Lx 2.1704, Lu 0.0595, Penalty 0.0429, loss 2.2728
Label Softmax (x): [0.08320842 0.11435607 0.06176909 0.11443053 0.06974687 0.13873506
 0.11747874 0.14102507 0.04868597 0.11056419]
Epoch 11, Batch 145/866, Grad Norms near zero: 0, Lx 1.9687, Lu 0.0594, Penalty 0.0544, loss 2.0825
Label Softmax (x): [0.07353608 0.11920135 0.06965531 0.11500126 0.09352338 0.13946097
 0.11947251 0.11808442 0.05944842 0.0926163 ]
Epoch 11, Batch 146/866, Grad Norms near zero: 0, Lx 2.1191, Lu 0.0821, Penalty 0.0341, loss 2.2353
Label Softmax (x): [0.07254842 0.10875495 0.07126587 0.13068101 0.10062729 0.11537138
 0.13565928 0.11964565 0.0544903  0.09095585]
Epoch 11, Batch 147/866, Grad Norms near zero: 0, Lx 2.1406, Lu 0.0506, Penalty 0.0377, loss 2.2288
Label Softmax (x): [0.05657139 0.1217605  0.07165685 0.13794065 0.13037497 0.10248294
 0.1265779  0.1351634  0.05049758 0.06697381]
Epoch 11, Batch 148/866, Grad Norms near zero: 0, Lx 2.0624, Lu 0.0692, Penalty 0.0642, loss 2.1958
Label Softmax (x): [0.06841573 0.08745172 0.07587551 0.12859616 0.1302451  0.11571178
 0.1281546  0.12064277 0.05985895 0.08504769]
Epoch 11, Batch 149/866, Grad Norms near zero: 0, Lx 2.1294, Lu 0.1018, Penalty 0.0367, loss 2.2679
Label Softmax (x): [0.07582449 0.09390859 0.06520955 0.14093903 0.12169933 0.11699166
 0.11825699 0.11609685 0.06060077 0.09047272]
Epoch 11, Batch 150/866, Grad Norms near zero: 0, Lx 2.1097, Lu 0.0629, Penalty 0.0355, loss 2.2081
Label Softmax (x): [0.06746535 0.09664372 0.06545201 0.14441523 0.13136846 0.10997847
 0.11437179 0.14347686 0.05684144 0.06998669]
Epoch 11, Batch 151/866, Grad Norms near zero: 0, Lx 1.7529, Lu 0.0360, Penalty 0.0543, loss 1.8431
Label Softmax (x): [0.07302216 0.10738901 0.06246831 0.14518608 0.12962715 0.12497039
 0.10105721 0.12563832 0.0589385  0.07170283]
Epoch 11, Batch 152/866, Grad Norms near zero: 0, Lx 2.0912, Lu 0.0874, Penalty 0.0481, loss 2.2266
Label Softmax (x): [0.07297581 0.08970866 0.05650174 0.14118348 0.12349451 0.1402869
 0.10891479 0.13589981 0.0493301  0.08170421]
Epoch 11, Batch 153/866, Grad Norms near zero: 0, Lx 2.0250, Lu 0.0395, Penalty 0.0617, loss 2.1262
Label Softmax (x): [0.07582162 0.08495536 0.06396317 0.11993387 0.12841636 0.13410477
 0.09221337 0.14091161 0.07978981 0.07989007]
Epoch 11, Batch 154/866, Grad Norms near zero: 0, Lx 2.0956, Lu 0.0597, Penalty 0.0350, loss 2.1903
Label Softmax (x): [0.0734597  0.07388449 0.07078189 0.11258389 0.13193391 0.12077017
 0.08953944 0.17005466 0.08946627 0.06752559]
Epoch 11, Batch 155/866, Grad Norms near zero: 0, Lx 2.0899, Lu 0.0810, Penalty 0.0456, loss 2.2165
Label Softmax (x): [0.08297627 0.08280815 0.06470851 0.10782463 0.11412014 0.14477582
 0.08725033 0.15149467 0.07737801 0.08666345]
Epoch 11, Batch 156/866, Grad Norms near zero: 0, Lx 2.1410, Lu 0.0510, Penalty 0.0354, loss 2.2274
Label Softmax (x): [0.07049485 0.08174697 0.06231163 0.10642816 0.11026964 0.16617656
 0.09324567 0.1625145  0.06973655 0.07707547]
Epoch 11, Batch 157/866, Grad Norms near zero: 0, Lx 2.1860, Lu 0.0563, Penalty 0.0561, loss 2.2984
Label Softmax (x): [0.07760642 0.07260939 0.06371389 0.09073313 0.09568451 0.16638827
 0.08055252 0.17730187 0.10308456 0.07232544]
Epoch 11, Batch 158/866, Grad Norms near zero: 0, Lx 2.0825, Lu 0.0420, Penalty 0.0594, loss 2.1839
Label Softmax (x): [0.07824814 0.078556   0.0654742  0.09165259 0.09311953 0.16342363
 0.08865932 0.16287506 0.10012536 0.0778662 ]
Epoch 11, Batch 159/866, Grad Norms near zero: 0, Lx 2.1373, Lu 0.0655, Penalty 0.0459, loss 2.2486
Label Softmax (x): [0.08248464 0.09972119 0.07379506 0.09525768 0.10221185 0.12600441
 0.09489994 0.144784   0.09419536 0.08664588]
Epoch 11, Batch 160/866, Grad Norms near zero: 0, Lx 2.2050, Lu 0.0706, Penalty 0.0180, loss 2.2936
Label Softmax (x): [0.08432041 0.08416291 0.0759787  0.09836789 0.10040855 0.12038752
 0.10911492 0.14939512 0.08923064 0.08863333]
Epoch 11, Batch 161/866, Grad Norms near zero: 0, Lx 2.1839, Lu 0.0903, Penalty 0.0190, loss 2.2933
Label Softmax (x): [0.10057134 0.08778014 0.07678475 0.10852899 0.08602266 0.1013409
 0.11665612 0.14247975 0.08235484 0.09748048]
Epoch 11, Batch 162/866, Grad Norms near zero: 0, Lx 2.1598, Lu 0.0537, Penalty 0.0156, loss 2.2290
Label Softmax (x): [0.08050531 0.09869203 0.06159678 0.10885732 0.09668998 0.12459135
 0.12882906 0.1294493  0.05843452 0.11235437]
Epoch 11, Batch 163/866, Grad Norms near zero: 0, Lx 2.0783, Lu 0.0610, Penalty 0.0353, loss 2.1746
Label Softmax (x): [0.08968738 0.09815282 0.06290365 0.10473663 0.09751072 0.104156
 0.12980457 0.11756592 0.06151146 0.13397083]
Epoch 11, Batch 164/866, Grad Norms near zero: 0, Lx 2.1356, Lu 0.0810, Penalty 0.0300, loss 2.2466
Label Softmax (x): [0.07849476 0.11554208 0.0645937  0.10035718 0.09850472 0.12067445
 0.12501097 0.12125567 0.06143088 0.11413559]
Epoch 11, Batch 165/866, Grad Norms near zero: 0, Lx 2.1806, Lu 0.0834, Penalty 0.0297, loss 2.2937
Label Softmax (x): [0.08296762 0.09455597 0.06977752 0.10676222 0.09930678 0.10311399
 0.13486546 0.12377374 0.07747219 0.10740449]
Epoch 11, Batch 166/866, Grad Norms near zero: 0, Lx 2.0714, Lu 0.0650, Penalty 0.0185, loss 2.1549
Label Softmax (x): [0.06935903 0.14116776 0.06070329 0.10426081 0.10215845 0.11811124
 0.12163942 0.12486938 0.05908515 0.09864546]
Epoch 11, Batch 167/866, Grad Norms near zero: 0, Lx 2.1322, Lu 0.0747, Penalty 0.0413, loss 2.2481
Label Softmax (x): [0.0687835  0.11436149 0.056008   0.1112873  0.0938457  0.12490661
 0.1387634  0.13148263 0.05026591 0.11029548]
Epoch 11, Batch 168/866, Grad Norms near zero: 0, Lx 2.1806, Lu 0.0511, Penalty 0.0542, loss 2.2860
Label Softmax (x): [0.06627423 0.12037808 0.06301221 0.10018568 0.08922551 0.13257447
 0.1283648  0.130634   0.06645681 0.10289421]
Epoch 11, Batch 169/866, Grad Norms near zero: 0, Lx 2.2265, Lu 0.0792, Penalty 0.0381, loss 2.3437
Label Softmax (x): [0.06354634 0.126929   0.06699008 0.11726984 0.08711717 0.13540329
 0.13391605 0.13118213 0.05450749 0.08313859]
Epoch 11, Batch 170/866, Grad Norms near zero: 0, Lx 2.1430, Lu 0.0599, Penalty 0.0519, loss 2.2548
Label Softmax (x): [0.06695321 0.10643702 0.05514063 0.10533843 0.09070683 0.15636683
 0.11477079 0.15361123 0.06943551 0.08123957]
Epoch 11, Batch 171/866, Grad Norms near zero: 0, Lx 2.0815, Lu 0.0450, Penalty 0.0538, loss 2.1803
Label Softmax (x): [0.07244463 0.11799466 0.07012818 0.1252137  0.07570451 0.13422601
 0.12609376 0.12975937 0.06892509 0.07951011]
Epoch 11, Batch 172/866, Grad Norms near zero: 0, Lx 2.0646, Lu 0.0551, Penalty 0.0380, loss 2.1577
Label Softmax (x): [0.06205191 0.12455316 0.06966548 0.12717527 0.09274864 0.1419465
 0.11531875 0.14112201 0.06585706 0.05956121]
Epoch 11, Batch 173/866, Grad Norms near zero: 0, Lx 2.1553, Lu 0.0819, Penalty 0.0553, loss 2.2925
Label Softmax (x): [0.06697857 0.12542221 0.0632594  0.13359466 0.09736886 0.1373657
 0.10773445 0.14721194 0.06289677 0.05816745]
Epoch 11, Batch 174/866, Grad Norms near zero: 0, Lx 2.1364, Lu 0.0451, Penalty 0.0596, loss 2.2411
Label Softmax (x): [0.07257141 0.09539809 0.0506864  0.13680597 0.11052912 0.15192336
 0.11579268 0.14137085 0.05899839 0.06592374]
Epoch 11, Batch 175/866, Grad Norms near zero: 0, Lx 2.0189, Lu 0.0708, Penalty 0.0667, loss 2.1564
Label Softmax (x): [0.07796343 0.07799494 0.06521511 0.11797927 0.07549688 0.15900844
 0.10243181 0.16572802 0.09737909 0.060803  ]
Epoch 11, Batch 176/866, Grad Norms near zero: 0, Lx 2.0285, Lu 0.0512, Penalty 0.0572, loss 2.1369
Label Softmax (x): [0.07749143 0.10078324 0.06050809 0.13008624 0.08486529 0.16631815
 0.09987494 0.1434845  0.0716368  0.0649513 ]
Epoch 11, Batch 177/866, Grad Norms near zero: 0, Lx 1.9839, Lu 0.0713, Penalty 0.0547, loss 2.1099
Label Softmax (x): [0.07458724 0.11226076 0.05836648 0.1386005  0.10582311 0.14409778
 0.10899059 0.14364699 0.0452866  0.06833997]
Epoch 11, Batch 178/866, Grad Norms near zero: 0, Lx 1.9631, Lu 0.0418, Penalty 0.0692, loss 2.0741
Label Softmax (x): [0.09435003 0.10420929 0.05471174 0.12272534 0.09364345 0.14961626
 0.08654606 0.15678886 0.06861059 0.0687984 ]
Epoch 11, Batch 179/866, Grad Norms near zero: 0, Lx 2.0854, Lu 0.0713, Penalty 0.0523, loss 2.2091
Label Softmax (x): [0.07413253 0.08581834 0.05774562 0.11737289 0.10447356 0.15603994
 0.10137321 0.17453441 0.05496149 0.073548  ]
Epoch 11, Batch 180/866, Grad Norms near zero: 0, Lx 2.0132, Lu 0.0366, Penalty 0.0688, loss 2.1186
Label Softmax (x): [0.09026223 0.09294055 0.05893684 0.12104494 0.09523043 0.13731655
 0.09665758 0.15836194 0.07598047 0.07326844]
Epoch 11, Batch 181/866, Grad Norms near zero: 0, Lx 2.0266, Lu 0.0775, Penalty 0.0405, loss 2.1446
Label Softmax (x): [0.07703052 0.10236894 0.05892859 0.12342311 0.10925871 0.13217974
 0.10347322 0.15582116 0.06671136 0.07080465]
Epoch 11, Batch 182/866, Grad Norms near zero: 0, Lx 2.0347, Lu 0.0669, Penalty 0.0461, loss 2.1477
Label Softmax (x): [0.09567265 0.11127958 0.06362433 0.13732451 0.12545425 0.10534803
 0.09525725 0.13380049 0.06007267 0.07216625]
Epoch 11, Batch 183/866, Grad Norms near zero: 0, Lx 2.1324, Lu 0.0642, Penalty 0.0387, loss 2.2352
Label Softmax (x): [0.09463619 0.1087715  0.06095161 0.11759421 0.11612222 0.11946476
 0.09087537 0.14396149 0.06455789 0.08306478]
Epoch 11, Batch 184/866, Grad Norms near zero: 0, Lx 2.1803, Lu 0.0580, Penalty 0.0331, loss 2.2715
Label Softmax (x): [0.09025636 0.09884586 0.07210398 0.11875032 0.10682888 0.12464748
 0.09407759 0.14566952 0.08003506 0.06878496]
Epoch 11, Batch 185/866, Grad Norms near zero: 0, Lx 2.1391, Lu 0.0674, Penalty 0.0265, loss 2.2329
Label Softmax (x): [0.07571643 0.11399981 0.07724088 0.11251899 0.12092739 0.11483778
 0.11110252 0.13840652 0.0558491  0.07940056]
Epoch 11, Batch 186/866, Grad Norms near zero: 0, Lx 2.1782, Lu 0.0876, Penalty 0.0342, loss 2.3000
Label Softmax (x): [0.08456179 0.11001403 0.0708753  0.11597063 0.11592373 0.10956115
 0.1020321  0.14413579 0.07495259 0.07197288]
Epoch 11, Batch 187/866, Grad Norms near zero: 0, Lx 2.0781, Lu 0.0764, Penalty 0.0261, loss 2.1806
Label Softmax (x): [0.08398859 0.11249923 0.06903233 0.11243606 0.11298959 0.1112838
 0.11075257 0.13796312 0.06104652 0.08800823]
Epoch 11, Batch 188/866, Grad Norms near zero: 0, Lx 2.1810, Lu 0.0608, Penalty 0.0278, loss 2.2697
Label Softmax (x): [0.08967541 0.12103594 0.06213503 0.10532129 0.08710808 0.12962702
 0.10372277 0.13091066 0.0586636  0.11180019]
Epoch 11, Batch 189/866, Grad Norms near zero: 0, Lx 2.1172, Lu 0.0867, Penalty 0.0337, loss 2.2375
Label Softmax (x): [0.083515   0.11066321 0.05875618 0.10375915 0.09086759 0.13479212
 0.10917856 0.14839438 0.06196449 0.09810931]
Epoch 11, Batch 190/866, Grad Norms near zero: 0, Lx 2.0322, Lu 0.0588, Penalty 0.0386, loss 2.1297
Label Softmax (x): [0.07759854 0.10405482 0.06274948 0.10355791 0.09437609 0.12216849
 0.12403141 0.13571523 0.06065454 0.11509345]
Epoch 11, Batch 191/866, Grad Norms near zero: 0, Lx 2.1006, Lu 0.0445, Penalty 0.0341, loss 2.1792
Label Softmax (x): [0.06044473 0.11146213 0.06172982 0.1191144  0.08590505 0.13805456
 0.13638039 0.14742668 0.05886298 0.08061926]
Epoch 11, Batch 192/866, Grad Norms near zero: 0, Lx 2.2616, Lu 0.0749, Penalty 0.0579, loss 2.3944
Label Softmax (x): [0.05341316 0.10800349 0.06986859 0.10764432 0.09543929 0.11197268
 0.1612684  0.14655757 0.04454612 0.10128639]
Epoch 11, Batch 193/866, Grad Norms near zero: 0, Lx 1.9973, Lu 0.0715, Penalty 0.0704, loss 2.1393
Label Softmax (x): [0.06115256 0.10990389 0.05941701 0.11827187 0.07159725 0.14092857
 0.14504428 0.14879966 0.05798341 0.08690149]
Epoch 11, Batch 194/866, Grad Norms near zero: 0, Lx 2.1697, Lu 0.0854, Penalty 0.0657, loss 2.3208
Label Softmax (x): [0.05744988 0.09858688 0.06156993 0.0999082  0.08274657 0.14948283
 0.14241034 0.14674401 0.07440746 0.08669391]
Epoch 11, Batch 195/866, Grad Norms near zero: 0, Lx 2.0629, Lu 0.0468, Penalty 0.0543, loss 2.1641
Label Softmax (x): [0.05541601 0.11902298 0.0618417  0.11787915 0.07859418 0.1476657
 0.14779556 0.13931558 0.05635304 0.07611609]
Epoch 11, Batch 196/866, Grad Norms near zero: 0, Lx 2.2199, Lu 0.0526, Penalty 0.0708, loss 2.3432
Label Softmax (x): [0.05072238 0.11140884 0.04894668 0.11802623 0.07911812 0.17034721
 0.15486118 0.13890986 0.04717885 0.08048064]
Epoch 11, Batch 197/866, Grad Norms near zero: 0, Lx 2.0224, Lu 0.0647, Penalty 0.1023, loss 2.1894
Label Softmax (x): [0.05255874 0.11616743 0.06133854 0.11469231 0.0888259  0.14365254
 0.1539309  0.13878153 0.06054774 0.06950436]
Epoch 11, Batch 198/866, Grad Norms near zero: 0, Lx 2.0039, Lu 0.0742, Penalty 0.0708, loss 2.1489
Label Softmax (x): [0.05758971 0.12448119 0.05212295 0.10692183 0.08090076 0.15450679
 0.15384288 0.13331988 0.05093654 0.08537751]
Epoch 11, Batch 199/866, Grad Norms near zero: 0, Lx 1.9510, Lu 0.0600, Penalty 0.0809, loss 2.0919
Label Softmax (x): [0.06246909 0.10238911 0.06181756 0.09444098 0.07612161 0.14763665
 0.14407742 0.14122626 0.08274985 0.08707148]
Epoch 11, Batch 200/866, Grad Norms near zero: 0, Lx 2.0359, Lu 0.0603, Penalty 0.0486, loss 2.1447
Label Softmax (x): [0.06274125 0.11335878 0.0610685  0.09936358 0.0814782  0.14128532
 0.14463162 0.1406537  0.07944384 0.07597521]
Epoch 11, Batch 201/866, Grad Norms near zero: 0, Lx 2.0679, Lu 0.0601, Penalty 0.0494, loss 2.1774
Label Softmax (x): [0.07375173 0.11335378 0.06386996 0.09714817 0.08601549 0.13066247
 0.13623269 0.1342543  0.08464371 0.08006767]
Epoch 11, Batch 202/866, Grad Norms near zero: 0, Lx 2.0511, Lu 0.0492, Penalty 0.0325, loss 2.1327
Label Softmax (x): [0.06322397 0.12704241 0.06208576 0.10303496 0.09348513 0.13226311
 0.13403033 0.14171077 0.07330496 0.0698186 ]
Epoch 11, Batch 203/866, Grad Norms near zero: 0, Lx 2.0804, Lu 0.0889, Penalty 0.0482, loss 2.2175
Label Softmax (x): [0.06189491 0.1070753  0.06630938 0.10250507 0.10244816 0.12965065
 0.13329947 0.1366919  0.09020039 0.06992476]
Epoch 11, Batch 204/866, Grad Norms near zero: 0, Lx 2.1749, Lu 0.0588, Penalty 0.0375, loss 2.2712
Label Softmax (x): [0.05864248 0.10316899 0.06605043 0.11814198 0.11778211 0.12614107
 0.13387454 0.13442357 0.07836644 0.06340838]
Epoch 11, Batch 205/866, Grad Norms near zero: 0, Lx 2.0515, Lu 0.0607, Penalty 0.0466, loss 2.1588
Label Softmax (x): [0.06112257 0.10205906 0.07648363 0.10974853 0.08322839 0.12137824
 0.12458362 0.1607086  0.08579744 0.07488994]
Epoch 11, Batch 206/866, Grad Norms near zero: 0, Lx 2.0236, Lu 0.0641, Penalty 0.0385, loss 2.1261
Label Softmax (x): [0.07126662 0.10963797 0.05654083 0.12105444 0.1259416  0.12829074
 0.11353698 0.13130549 0.06240293 0.08002238]
Epoch 11, Batch 207/866, Grad Norms near zero: 0, Lx 2.1518, Lu 0.0858, Penalty 0.0441, loss 2.2817
Label Softmax (x): [0.07179032 0.08711794 0.05427378 0.11395452 0.12991437 0.13332362
 0.10431921 0.1449221  0.08007327 0.08031084]
Epoch 11, Batch 208/866, Grad Norms near zero: 0, Lx 2.1865, Lu 0.0687, Penalty 0.0429, loss 2.2981
Label Softmax (x): [0.0745998  0.09949884 0.05657345 0.13803455 0.13499115 0.10990007
 0.10618936 0.13091683 0.07651851 0.07277742]
Epoch 11, Batch 209/866, Grad Norms near zero: 0, Lx 2.1761, Lu 0.0644, Penalty 0.0407, loss 2.2812
Label Softmax (x): [0.08347765 0.09115265 0.05342062 0.13555145 0.13831082 0.11298723
 0.10481709 0.12241728 0.06503737 0.09282783]
Epoch 11, Batch 210/866, Grad Norms near zero: 0, Lx 2.0428, Lu 0.0605, Penalty 0.0405, loss 2.1438
Label Softmax (x): [0.08120874 0.09646162 0.05099469 0.13056222 0.14123768 0.1193508
 0.09593529 0.13570835 0.06388445 0.08465619]
Epoch 11, Batch 211/866, Grad Norms near zero: 0, Lx 2.1518, Lu 0.0640, Penalty 0.0480, loss 2.2637
Label Softmax (x): [0.07813494 0.08929341 0.05058741 0.12938474 0.13265327 0.13374655
 0.09554486 0.1388202  0.06548204 0.08635256]
Epoch 11, Batch 212/866, Grad Norms near zero: 0, Lx 2.1467, Lu 0.0845, Penalty 0.0498, loss 2.2810
Label Softmax (x): [0.07106744 0.08220448 0.05626183 0.1357635  0.14524701 0.11521407
 0.11095251 0.13634531 0.06750669 0.07943713]
Epoch 11, Batch 213/866, Grad Norms near zero: 0, Lx 2.0681, Lu 0.0581, Penalty 0.0501, loss 2.1764
Label Softmax (x): [0.07846221 0.08694259 0.0636718  0.13173822 0.13075915 0.10813428
 0.10896594 0.12687922 0.08139353 0.08305306]
Epoch 11, Batch 214/866, Grad Norms near zero: 0, Lx 2.1557, Lu 0.0532, Penalty 0.0280, loss 2.2369
Label Softmax (x): [0.07894693 0.08517559 0.06420674 0.12184043 0.12723047 0.11608738
 0.10714987 0.1301955  0.06660771 0.10255937]
Epoch 11, Batch 215/866, Grad Norms near zero: 0, Lx 2.0119, Lu 0.0579, Penalty 0.0301, loss 2.0999
Label Softmax (x): [0.07187758 0.10234633 0.06193652 0.1322425  0.12550138 0.10373217
 0.11633379 0.1335563  0.05937761 0.0930958 ]
Epoch 11, Batch 216/866, Grad Norms near zero: 0, Lx 2.0880, Lu 0.0606, Penalty 0.0395, loss 2.1881
Label Softmax (x): [0.07345041 0.08795749 0.06768563 0.11992437 0.12036156 0.10461453
 0.11809428 0.1347065  0.06642497 0.10678029]
Epoch 11, Batch 217/866, Grad Norms near zero: 0, Lx 2.1128, Lu 0.0647, Penalty 0.0294, loss 2.2069
Label Softmax (x): [0.07101024 0.0971891  0.06055113 0.12464757 0.10685022 0.12670916
 0.11389147 0.141588   0.0586421  0.09892104]
Epoch 11, Batch 218/866, Grad Norms near zero: 0, Lx 2.0389, Lu 0.0442, Penalty 0.0416, loss 2.1247
Label Softmax (x): [0.06649027 0.09913483 0.07177445 0.1341134  0.09746374 0.10953068
 0.12891781 0.12841466 0.07090814 0.09325199]
Epoch 11, Batch 219/866, Grad Norms near zero: 0, Lx 2.1731, Lu 0.0493, Penalty 0.0299, loss 2.2523
Label Softmax (x): [0.06982766 0.09331498 0.06378175 0.12143451 0.09009104 0.12562853
 0.1161539  0.14519128 0.0747247  0.09985164]
Epoch 11, Batch 220/866, Grad Norms near zero: 0, Lx 2.1293, Lu 0.0956, Penalty 0.0330, loss 2.2580
Label Softmax (x): [0.06626213 0.11088766 0.0691615  0.12372726 0.08822037 0.12837298
 0.11649004 0.13887326 0.06670126 0.09130352]
Epoch 11, Batch 221/866, Grad Norms near zero: 0, Lx 2.1273, Lu 0.0826, Penalty 0.0354, loss 2.2454
Label Softmax (x): [0.06425327 0.10956211 0.07147217 0.11960579 0.09369148 0.12875766
 0.11377837 0.13949251 0.0681793  0.09120733]
Epoch 11, Batch 222/866, Grad Norms near zero: 0, Lx 2.1724, Lu 0.0812, Penalty 0.0333, loss 2.2870
Label Softmax (x): [0.05903353 0.0951305  0.06734487 0.11123923 0.08049247 0.15656583
 0.11393862 0.1595915  0.07099263 0.08567083]
Epoch 11, Batch 223/866, Grad Norms near zero: 0, Lx 2.0738, Lu 0.0647, Penalty 0.0534, loss 2.1919
Label Softmax (x): [0.05206269 0.10705161 0.07217561 0.12249944 0.09422641 0.13831654
 0.12756966 0.14145586 0.06958207 0.07506008]
Epoch 11, Batch 224/866, Grad Norms near zero: 0, Lx 2.1254, Lu 0.0805, Penalty 0.0502, loss 2.2561
Label Softmax (x): [0.04444856 0.11363798 0.07541937 0.12126353 0.10823941 0.12911694
 0.13636759 0.14273176 0.06489809 0.06387678]
Epoch 11, Batch 225/866, Grad Norms near zero: 0, Lx 2.1607, Lu 0.0872, Penalty 0.0652, loss 2.3132
Label Softmax (x): [0.05317964 0.1117488  0.06570735 0.12169966 0.09489413 0.14092198
 0.12753671 0.14134467 0.06513254 0.07783449]
Epoch 11, Batch 226/866, Grad Norms near zero: 0, Lx 2.1784, Lu 0.0873, Penalty 0.0543, loss 2.3200
Label Softmax (x): [0.05707122 0.09879977 0.06251925 0.10565896 0.1048395  0.1463988
 0.11429546 0.15987429 0.06903099 0.08151175]
Epoch 11, Batch 227/866, Grad Norms near zero: 0, Lx 2.0830, Lu 0.0546, Penalty 0.0531, loss 2.1908
Label Softmax (x): [0.05368324 0.11308482 0.06898899 0.10996469 0.12044211 0.13319327
 0.11030318 0.14854112 0.07043283 0.07136577]
Epoch 11, Batch 228/866, Grad Norms near zero: 0, Lx 2.1528, Lu 0.0846, Penalty 0.0497, loss 2.2871
Label Softmax (x): [0.06868903 0.10508763 0.05754154 0.11563443 0.1002617  0.14247856
 0.10338565 0.15577978 0.06307031 0.08807138]
Epoch 11, Batch 229/866, Grad Norms near zero: 0, Lx 2.0739, Lu 0.0560, Penalty 0.0488, loss 2.1787
Label Softmax (x): [0.0704307  0.08796196 0.06414118 0.10888502 0.10110375 0.09389961
 0.11790527 0.17738292 0.07088644 0.10740314]
Epoch 11, Batch 230/866, Grad Norms near zero: 0, Lx 1.9687, Lu 0.0547, Penalty 0.0425, loss 2.0658
Label Softmax (x): [0.05961973 0.10280561 0.06465445 0.12227049 0.11528949 0.1180876
 0.12261462 0.1393527  0.06356119 0.09174411]
Epoch 11, Batch 231/866, Grad Norms near zero: 0, Lx 2.1142, Lu 0.0900, Penalty 0.0420, loss 2.2461
Label Softmax (x): [0.06474438 0.09931933 0.05306259 0.11622871 0.10539795 0.14191145
 0.10027821 0.17042552 0.06389945 0.0847324 ]
Epoch 11, Batch 232/866, Grad Norms near zero: 0, Lx 2.1307, Lu 0.0780, Penalty 0.0600, loss 2.2687
Label Softmax (x): [0.08668151 0.08214009 0.07284403 0.09922647 0.09508085 0.11670259
 0.09253269 0.14469604 0.10041752 0.10967824]
Epoch 11, Batch 233/866, Grad Norms near zero: 0, Lx 2.1158, Lu 0.0877, Penalty 0.0172, loss 2.2207
Label Softmax (x): [0.06833834 0.10078352 0.05448503 0.12317855 0.11089055 0.11938073
 0.11701021 0.1376842  0.06564758 0.10260128]
Epoch 11, Batch 234/866, Grad Norms near zero: 0, Lx 2.1215, Lu 0.0707, Penalty 0.0409, loss 2.2332
Label Softmax (x): [0.07402667 0.09302453 0.06637934 0.10973549 0.0989551  0.12281465
 0.10148825 0.15513289 0.0837781  0.09466497]
Epoch 11, Batch 235/866, Grad Norms near zero: 0, Lx 2.0383, Lu 0.0541, Penalty 0.0273, loss 2.1197
Label Softmax (x): [0.07112537 0.09859341 0.06134515 0.11212742 0.07944078 0.10838366
 0.11532164 0.17952143 0.0769475  0.09719364]
Epoch 11, Batch 236/866, Grad Norms near zero: 0, Lx 2.0608, Lu 0.0536, Penalty 0.0442, loss 2.1586
Label Softmax (x): [0.07017025 0.09451073 0.07137625 0.1067276  0.07382649 0.10956652
 0.11317271 0.18283433 0.09170504 0.08611008]
Epoch 11, Batch 237/866, Grad Norms near zero: 0, Lx 2.1954, Lu 0.0957, Penalty 0.0404, loss 2.3315
Label Softmax (x): [0.06716063 0.10182785 0.06252978 0.11542945 0.0835982  0.11913574
 0.12522295 0.1704648  0.06284609 0.09178451]
Epoch 11, Batch 238/866, Grad Norms near zero: 0, Lx 2.1572, Lu 0.0661, Penalty 0.0502, loss 2.2735
Label Softmax (x): [0.07811661 0.11128291 0.06465615 0.11213916 0.0788409  0.13385701
 0.10329072 0.14206788 0.07657916 0.09916948]
Epoch 11, Batch 239/866, Grad Norms near zero: 0, Lx 2.1228, Lu 0.0649, Penalty 0.0299, loss 2.2177
Label Softmax (x): [0.06455228 0.11580161 0.06309638 0.13073848 0.08013291 0.13286956
 0.12758228 0.12841843 0.06797229 0.08883581]
Epoch 11, Batch 240/866, Grad Norms near zero: 0, Lx 2.1097, Lu 0.0642, Penalty 0.0431, loss 2.2170
Label Softmax (x): [0.0634873  0.1362643  0.05660658 0.13187495 0.08712701 0.14040922
 0.11449432 0.12628412 0.06100584 0.08244634]
Epoch 11, Batch 241/866, Grad Norms near zero: 0, Lx 2.0981, Lu 0.0471, Penalty 0.0554, loss 2.2006
Label Softmax (x): [0.05909534 0.1147495  0.0477746  0.13012762 0.09085537 0.16642645
 0.11699754 0.1364786  0.0574293  0.08006565]
Epoch 11, Batch 242/866, Grad Norms near zero: 0, Lx 2.1205, Lu 0.0802, Penalty 0.0759, loss 2.2766
Label Softmax (x): [0.05946366 0.11153453 0.05669789 0.14101093 0.07794861 0.15344319
 0.13259454 0.12738521 0.05887903 0.0810424 ]
Epoch 11, Batch 243/866, Grad Norms near zero: 0, Lx 2.1394, Lu 0.0565, Penalty 0.0671, loss 2.2629
Label Softmax (x): [0.06362933 0.09103405 0.0637534  0.11492717 0.08747442 0.16717884
 0.11531065 0.13553172 0.08776873 0.07339171]
Epoch 11, Batch 244/866, Grad Norms near zero: 0, Lx 2.0664, Lu 0.0807, Penalty 0.0470, loss 2.1941
Label Softmax (x): [0.06132079 0.10255481 0.05873349 0.13446996 0.08424453 0.16643839
 0.12868279 0.12891126 0.0603873  0.0742567 ]
Epoch 11, Batch 245/866, Grad Norms near zero: 0, Lx 2.1511, Lu 0.0888, Penalty 0.0658, loss 2.3057
Label Softmax (x): [0.06402232 0.10482308 0.05291255 0.13382351 0.10089765 0.16906002
 0.12077034 0.12302397 0.05833492 0.07233165]
Epoch 11, Batch 246/866, Grad Norms near zero: 0, Lx 2.0974, Lu 0.0737, Penalty 0.0677, loss 2.2388
Label Softmax (x): [0.06286164 0.09483926 0.05869646 0.12853238 0.1269641  0.14181945
 0.11600837 0.13371539 0.06810479 0.06845817]
Epoch 11, Batch 247/866, Grad Norms near zero: 0, Lx 2.0312, Lu 0.0773, Penalty 0.0535, loss 2.1620
Label Softmax (x): [0.06072437 0.09883317 0.03929645 0.16906911 0.11835097 0.13695511
 0.15187965 0.09296668 0.03481214 0.09711235]
Epoch 11, Batch 248/866, Grad Norms near zero: 0, Lx 1.9703, Lu 0.0540, Penalty 0.1176, loss 2.1418
Label Softmax (x): [0.06097642 0.08397938 0.06638777 0.13024831 0.12089386 0.14670958
 0.11082064 0.14119932 0.07760292 0.06118182]
Epoch 11, Batch 249/866, Grad Norms near zero: 0, Lx 2.1859, Lu 0.0878, Penalty 0.0539, loss 2.3276
Label Softmax (x): [0.06776977 0.08330035 0.06195207 0.12365252 0.15096636 0.1273759
 0.10903019 0.13072243 0.07712293 0.06810755]
Epoch 11, Batch 250/866, Grad Norms near zero: 0, Lx 2.2450, Lu 0.0487, Penalty 0.0474, loss 2.3411
Label Softmax (x): [0.06547727 0.09382001 0.06724337 0.13226306 0.14013353 0.11972211
 0.10410782 0.14164299 0.07152952 0.06406031]
Epoch 11, Batch 251/866, Grad Norms near zero: 0, Lx 2.1725, Lu 0.0610, Penalty 0.0479, loss 2.2814
Label Softmax (x): [0.06359319 0.07862624 0.0493081  0.1456862  0.11878303 0.15123935
 0.13908137 0.11538078 0.04982476 0.08847696]
Epoch 11, Batch 252/866, Grad Norms near zero: 0, Lx 1.9586, Lu 0.0732, Penalty 0.0784, loss 2.1102
Label Softmax (x): [0.08190293 0.09673609 0.05560101 0.13952592 0.10061152 0.1409423
 0.1044542  0.13358137 0.05280526 0.09383941]
Epoch 11, Batch 253/866, Grad Norms near zero: 0, Lx 2.1176, Lu 0.0653, Penalty 0.0506, loss 2.2336
Label Softmax (x): [0.08420015 0.08689521 0.06533535 0.11701798 0.11032949 0.13059048
 0.10074176 0.13767269 0.07000445 0.09721245]
Epoch 11, Batch 254/866, Grad Norms near zero: 0, Lx 2.1195, Lu 0.0771, Penalty 0.0274, loss 2.2240
Label Softmax (x): [0.07334445 0.09848432 0.04663913 0.14082378 0.10275225 0.13923985
 0.13675636 0.11792991 0.05183062 0.09219931]
Epoch 11, Batch 255/866, Grad Norms near zero: 0, Lx 2.0874, Lu 0.0838, Penalty 0.0648, loss 2.2360
Label Softmax (x): [0.06320938 0.08148647 0.04368334 0.12832673 0.12807909 0.14727937
 0.13861978 0.13073646 0.04836839 0.09021099]
Epoch 11, Batch 256/866, Grad Norms near zero: 0, Lx 1.9793, Lu 0.0540, Penalty 0.0842, loss 2.1176
Label Softmax (x): [0.09632914 0.10397446 0.07058094 0.11155716 0.09797776 0.10474849
 0.10137162 0.13114631 0.07570861 0.1066055 ]
Epoch 11, Batch 257/866, Grad Norms near zero: 0, Lx 2.2114, Lu 0.0635, Penalty 0.0141, loss 2.2890
Label Softmax (x): [0.1013121  0.10491272 0.06514377 0.11352605 0.08108564 0.10334317
 0.09733064 0.15141585 0.08460858 0.09732147]
Epoch 11, Batch 258/866, Grad Norms near zero: 0, Lx 2.1573, Lu 0.0609, Penalty 0.0224, loss 2.2406
Label Softmax (x): [0.09226016 0.10802566 0.07715578 0.11590993 0.07894279 0.09440941
 0.09751624 0.15446034 0.09537122 0.08594843]
Epoch 11, Batch 259/866, Grad Norms near zero: 0, Lx 2.1678, Lu 0.0921, Penalty 0.0198, loss 2.2798
Label Softmax (x): [0.09399126 0.10419543 0.06620093 0.114382   0.07475138 0.10701513
 0.09930018 0.16230404 0.08859408 0.08926554]
Epoch 11, Batch 260/866, Grad Norms near zero: 0, Lx 2.0583, Lu 0.0573, Penalty 0.0280, loss 2.1436
Label Softmax (x): [0.07860833 0.12582543 0.06992663 0.13149641 0.07890145 0.10156585
 0.10966276 0.14572787 0.0706506  0.08763465]
Epoch 11, Batch 261/866, Grad Norms near zero: 0, Lx 2.1402, Lu 0.0719, Penalty 0.0327, loss 2.2448
Label Softmax (x): [0.08079521 0.11577193 0.0649935  0.12859476 0.07895055 0.10426209
 0.11269001 0.15638126 0.0694792  0.08808147]
Epoch 11, Batch 262/866, Grad Norms near zero: 0, Lx 2.1445, Lu 0.0711, Penalty 0.0365, loss 2.2522
Label Softmax (x): [0.07049926 0.10900955 0.06483731 0.13122049 0.07722964 0.11307035
 0.11180992 0.17200714 0.08072372 0.0695926 ]
Epoch 11, Batch 263/866, Grad Norms near zero: 0, Lx 2.1172, Lu 0.0772, Penalty 0.0483, loss 2.2426
Label Softmax (x): [0.06815586 0.11125856 0.06316423 0.13641454 0.07592659 0.11740303
 0.1194053  0.17424665 0.07023016 0.06379506]
Epoch 11, Batch 264/866, Grad Norms near zero: 0, Lx 2.0130, Lu 0.0576, Penalty 0.0611, loss 2.1317
Label Softmax (x): [0.06578645 0.08441097 0.07191846 0.12240569 0.0605993  0.13552153
 0.13270146 0.16713294 0.09545648 0.06406669]
Epoch 11, Batch 265/866, Grad Norms near zero: 0, Lx 1.9509, Lu 0.0440, Penalty 0.0608, loss 2.0557
Label Softmax (x): [0.05915587 0.1047737  0.05761449 0.13287362 0.07670008 0.13651341
 0.14322641 0.16495807 0.06953664 0.05464766]
Epoch 11, Batch 266/866, Grad Norms near zero: 0, Lx 2.0737, Lu 0.0648, Penalty 0.0807, loss 2.2193
Label Softmax (x): [0.06583463 0.11502865 0.06196396 0.13931832 0.07750145 0.14475518
 0.13081953 0.15589896 0.05733518 0.05154411]
Epoch 11, Batch 267/866, Grad Norms near zero: 0, Lx 2.0344, Lu 0.0482, Penalty 0.0816, loss 2.1642
Label Softmax (x): [0.05072407 0.10893434 0.07289042 0.15981108 0.09730393 0.10226215
 0.15600634 0.1380088  0.05741344 0.0566454 ]
Epoch 11, Batch 268/866, Grad Norms near zero: 0, Lx 2.1732, Lu 0.0737, Penalty 0.0802, loss 2.3271
Label Softmax (x): [0.04735012 0.11211164 0.0556292  0.16772597 0.10817866 0.11883363
 0.14886296 0.1436692  0.04345861 0.05418   ]
Epoch 11, Batch 269/866, Grad Norms near zero: 0, Lx 2.0640, Lu 0.0693, Penalty 0.1137, loss 2.2470
Label Softmax (x): [0.0551149  0.11326723 0.06380849 0.15630627 0.10428979 0.11355226
 0.1461639  0.13375951 0.04823125 0.06550638]
Epoch 11, Batch 270/866, Grad Norms near zero: 0, Lx 2.1223, Lu 0.0543, Penalty 0.0786, loss 2.2553
Label Softmax (x): [0.04980534 0.1235081  0.05613094 0.13598785 0.10082616 0.13951094
 0.1458921  0.13130742 0.05130563 0.06572551]
Epoch 11, Batch 271/866, Grad Norms near zero: 0, Lx 1.9501, Lu 0.0437, Penalty 0.0852, loss 2.0790
Label Softmax (x): [0.05467093 0.08680603 0.0537045  0.12077816 0.10161743 0.15717189
 0.14468203 0.15077937 0.06785696 0.06193271]
Epoch 11, Batch 272/866, Grad Norms near zero: 0, Lx 2.1211, Lu 0.0641, Penalty 0.0797, loss 2.2649
Label Softmax (x): [0.05760598 0.11070624 0.0550675  0.14037117 0.11695503 0.11518387
 0.14729741 0.13309026 0.04377796 0.07994454]
Epoch 11, Batch 273/866, Grad Norms near zero: 0, Lx 2.0644, Lu 0.0616, Penalty 0.0786, loss 2.2046
Label Softmax (x): [0.04835704 0.10303095 0.04828823 0.1355818  0.12796147 0.14367
 0.13925648 0.14318492 0.03933461 0.0713345 ]
Epoch 11, Batch 274/866, Grad Norms near zero: 0, Lx 2.0277, Lu 0.0708, Penalty 0.1092, loss 2.2077
Label Softmax (x): [0.06433693 0.09626713 0.05797675 0.11963777 0.11475793 0.12889874
 0.13602364 0.13948515 0.0532383  0.08937769]
Epoch 11, Batch 275/866, Grad Norms near zero: 0, Lx 2.0960, Lu 0.0583, Penalty 0.0556, loss 2.2098
Label Softmax (x): [0.07000412 0.09293473 0.04864133 0.11882016 0.12241621 0.11989191
 0.13628386 0.14467013 0.04947353 0.09686403]
Epoch 11, Batch 276/866, Grad Norms near zero: 0, Lx 2.0423, Lu 0.0508, Penalty 0.0651, loss 2.1581
Label Softmax (x): [0.07342294 0.08466262 0.05255135 0.10924692 0.10721982 0.12800127
 0.13056536 0.1562594  0.0580269  0.10004343]
Epoch 11, Batch 277/866, Grad Norms near zero: 0, Lx 2.1174, Lu 0.0628, Penalty 0.0545, loss 2.2347
Label Softmax (x): [0.07032572 0.09492971 0.05379818 0.11058307 0.10065785 0.13202007
 0.12747508 0.16021445 0.05821709 0.09177876]
Epoch 11, Batch 278/866, Grad Norms near zero: 0, Lx 2.0232, Lu 0.0713, Penalty 0.0552, loss 2.1497
Label Softmax (x): [0.07902806 0.09875287 0.06415097 0.10606464 0.10057646 0.10828735
 0.12898922 0.1479092  0.06893752 0.09730372]
Epoch 11, Batch 279/866, Grad Norms near zero: 0, Lx 2.1676, Lu 0.0637, Penalty 0.0301, loss 2.2613
Label Softmax (x): [0.08581625 0.09364727 0.05899271 0.09210111 0.10205214 0.11138146
 0.12858579 0.13704474 0.08232574 0.10805276]
Epoch 11, Batch 280/866, Grad Norms near zero: 0, Lx 2.0806, Lu 0.0885, Penalty 0.0251, loss 2.1942
Label Softmax (x): [0.0943205  0.09766556 0.07624166 0.09321828 0.09125231 0.09430354
 0.12956168 0.1272915  0.09142137 0.10472359]
Epoch 11, Batch 281/866, Grad Norms near zero: 0, Lx 2.1540, Lu 0.0550, Penalty 0.0117, loss 2.2207
Label Softmax (x): [0.0867781  0.10410254 0.06299458 0.10025885 0.07986653 0.11554352
 0.12671086 0.12878785 0.07551216 0.119445  ]
Epoch 11, Batch 282/866, Grad Norms near zero: 0, Lx 2.0153, Lu 0.0862, Penalty 0.0255, loss 2.1270
Label Softmax (x): [0.07617837 0.0779974  0.0888919  0.09074798 0.07097998 0.11709218
 0.12156998 0.1630876  0.10754102 0.08591356]
Epoch 11, Batch 283/866, Grad Norms near zero: 0, Lx 2.2210, Lu 0.0955, Penalty 0.0315, loss 2.3481
Label Softmax (x): [0.08019292 0.08122537 0.06656557 0.09663989 0.07779253 0.12976862
 0.1224099  0.17130199 0.08148399 0.09261926]
Epoch 11, Batch 284/866, Grad Norms near zero: 0, Lx 2.0513, Lu 0.0449, Penalty 0.0401, loss 2.1363
Label Softmax (x): [0.07508846 0.08225675 0.07892155 0.09531863 0.09113774 0.1225638
 0.12205676 0.16733909 0.09278078 0.07253642]
Epoch 11, Batch 285/866, Grad Norms near zero: 0, Lx 2.1029, Lu 0.0675, Penalty 0.0338, loss 2.2042
Label Softmax (x): [0.05723949 0.07828015 0.06706849 0.09969141 0.11121427 0.14862454
 0.1257249  0.17522778 0.07987873 0.05705023]
Epoch 11, Batch 286/866, Grad Norms near zero: 0, Lx 2.1040, Lu 0.0590, Penalty 0.0699, loss 2.2329
Label Softmax (x): [0.05285648 0.08964351 0.0608517  0.10790874 0.10561997 0.17216462
 0.1245788  0.17069675 0.06128513 0.05439428]
Epoch 11, Batch 287/866, Grad Norms near zero: 0, Lx 2.0478, Lu 0.0496, Penalty 0.0914, loss 2.1888
Label Softmax (x): [0.05927194 0.09152795 0.05705864 0.11042626 0.11961038 0.16218217
 0.12610498 0.1517186  0.05927287 0.06282617]
Epoch 11, Batch 288/866, Grad Norms near zero: 0, Lx 2.0473, Lu 0.0527, Penalty 0.0750, loss 2.1750
Label Softmax (x): [0.06244704 0.10718483 0.05917536 0.11396095 0.13142034 0.1396114
 0.11960398 0.15106696 0.05986154 0.05566759]
Epoch 11, Batch 289/866, Grad Norms near zero: 0, Lx 2.1338, Lu 0.0669, Penalty 0.0696, loss 2.2704
Label Softmax (x): [0.05168401 0.0918389  0.05664185 0.11770354 0.14492652 0.16294613
 0.11898194 0.14924039 0.05353062 0.05250609]
Epoch 11, Batch 290/866, Grad Norms near zero: 0, Lx 2.1412, Lu 0.0721, Penalty 0.0986, loss 2.3119
Label Softmax (x): [0.06349067 0.09011961 0.058426   0.11590778 0.13809565 0.15076295
 0.12082022 0.13540961 0.05782329 0.06914423]
Epoch 11, Batch 291/866, Grad Norms near zero: 0, Lx 2.0771, Lu 0.0365, Penalty 0.0639, loss 2.1776
Label Softmax (x): [0.06544635 0.10832652 0.05221475 0.12887527 0.14754444 0.13728327
 0.11305873 0.13307844 0.05086796 0.06330425]
Epoch 11, Batch 292/866, Grad Norms near zero: 0, Lx 2.0386, Lu 0.0487, Penalty 0.0759, loss 2.1631
Label Softmax (x): [0.06347099 0.09725772 0.05998531 0.12876305 0.1331867  0.15033194
 0.10984398 0.12957321 0.06898382 0.05860328]
Epoch 11, Batch 293/866, Grad Norms near zero: 0, Lx 2.0803, Lu 0.0907, Penalty 0.0599, loss 2.2309
Label Softmax (x): [0.07020153 0.10017993 0.05980702 0.12338866 0.1358041  0.1350316
 0.11517039 0.12411571 0.06579535 0.07050573]
Epoch 11, Batch 294/866, Grad Norms near zero: 0, Lx 2.1342, Lu 0.0773, Penalty 0.0460, loss 2.2575
Label Softmax (x): [0.07964484 0.09729894 0.06561875 0.12139051 0.11867076 0.12658222
 0.11470053 0.12381946 0.07848725 0.07378674]
Epoch 11, Batch 295/866, Grad Norms near zero: 0, Lx 2.1709, Lu 0.0582, Penalty 0.0271, loss 2.2562
Label Softmax (x): [0.07887009 0.09450445 0.06164706 0.11791155 0.09310389 0.15675035
 0.10754549 0.13150714 0.07443794 0.08372205]
Epoch 11, Batch 296/866, Grad Norms near zero: 0, Lx 2.1503, Lu 0.0984, Penalty 0.0361, loss 2.2848
Label Softmax (x): [0.05337968 0.12824476 0.04869197 0.11776093 0.10866559 0.1954739
 0.10216076 0.13583705 0.04370601 0.06607936]
Epoch 11, Batch 297/866, Grad Norms near zero: 0, Lx 1.9784, Lu 0.0703, Penalty 0.1096, loss 2.1583
Label Softmax (x): [0.06035832 0.11972597 0.06528148 0.10494088 0.1149066  0.16590272
 0.10364564 0.14159065 0.05918733 0.06446041]
Epoch 11, Batch 298/866, Grad Norms near zero: 0, Lx 1.8732, Lu 0.0346, Penalty 0.0638, loss 1.9717
Label Softmax (x): [0.0563043  0.13503546 0.06855626 0.10430153 0.10914096 0.15051344
 0.1109579  0.1266886  0.06703024 0.07147131]
Epoch 11, Batch 299/866, Grad Norms near zero: 0, Lx 1.9534, Lu 0.0496, Penalty 0.0508, loss 2.0539
Label Softmax (x): [0.05775319 0.1260461  0.06433415 0.1029662  0.085062   0.16866973
 0.10104739 0.14468127 0.06831433 0.0811256 ]
Epoch 11, Batch 300/866, Grad Norms near zero: 0, Lx 1.9421, Lu 0.0498, Penalty 0.0579, loss 2.0497
Label Softmax (x): [0.06549866 0.13899061 0.0729771  0.10705747 0.10866413 0.13252099
 0.1078411  0.12519465 0.05398118 0.08727413]
Epoch 11, Batch 301/866, Grad Norms near zero: 0, Lx 2.0251, Lu 0.0603, Penalty 0.0429, loss 2.1282
Label Softmax (x): [0.06601356 0.11737815 0.07486752 0.10597803 0.09895463 0.12931682
 0.11709661 0.13266641 0.06775173 0.08997655]
Epoch 11, Batch 302/866, Grad Norms near zero: 0, Lx 2.0036, Lu 0.0622, Penalty 0.0294, loss 2.0952
Label Softmax (x): [0.07033446 0.12108912 0.07190397 0.10594524 0.11551186 0.10481768
 0.11500616 0.12068921 0.05595804 0.11874422]
Epoch 11, Batch 303/866, Grad Norms near zero: 0, Lx 1.8687, Lu 0.0365, Penalty 0.0322, loss 1.9374
Label Softmax (x): [0.07976101 0.13370621 0.05425166 0.12860079 0.08493901 0.1274868
 0.11003043 0.11449777 0.03972993 0.1269964 ]
Epoch 11, Batch 304/866, Grad Norms near zero: 0, Lx 2.0094, Lu 0.0727, Penalty 0.0669, loss 2.1490
Label Softmax (x): [0.10527468 0.09921128 0.04739283 0.11212902 0.07512227 0.10130855
 0.10844051 0.13526651 0.07175773 0.14409664]
Epoch 11, Batch 305/866, Grad Norms near zero: 0, Lx 2.2419, Lu 0.0606, Penalty 0.0445, loss 2.3471
Label Softmax (x): [0.06425008 0.11216737 0.05932808 0.13316247 0.11438917 0.10928345
 0.11878625 0.11969476 0.0562252  0.11271316]
Epoch 11, Batch 306/866, Grad Norms near zero: 0, Lx 2.0123, Lu 0.0436, Penalty 0.0444, loss 2.1003
Label Softmax (x): [0.08984485 0.10831684 0.04568459 0.12893324 0.07745703 0.10358776
 0.11600734 0.13206038 0.06276724 0.13534072]
Epoch 11, Batch 307/866, Grad Norms near zero: 0, Lx 2.1859, Lu 0.0743, Penalty 0.0513, loss 2.3116
Label Softmax (x): [0.08858067 0.09037249 0.05472398 0.12778968 0.06852295 0.10495705
 0.11111397 0.1328599  0.09050445 0.13057485]
Epoch 11, Batch 308/866, Grad Norms near zero: 0, Lx 2.0359, Lu 0.0465, Penalty 0.0353, loss 2.1177
Label Softmax (x): [0.07184358 0.11163207 0.05224591 0.13283086 0.08112846 0.1042771
 0.10956131 0.15981968 0.08504932 0.09161171]
Epoch 11, Batch 309/866, Grad Norms near zero: 0, Lx 2.1692, Lu 0.0586, Penalty 0.0443, loss 2.2721
Label Softmax (x): [0.06990111 0.1108029  0.05345403 0.13097243 0.08039121 0.10853079
 0.10973729 0.15616499 0.08837579 0.09166946]
Epoch 11, Batch 310/866, Grad Norms near zero: 0, Lx 1.9178, Lu 0.0493, Penalty 0.0420, loss 2.0092
Label Softmax (x): [0.06637713 0.09965633 0.05945886 0.146222   0.10153868 0.09910019
 0.10986893 0.15243207 0.07368422 0.09166157]
Epoch 11, Batch 311/866, Grad Norms near zero: 0, Lx 2.0716, Lu 0.0619, Penalty 0.0424, loss 2.1759
Label Softmax (x): [0.05402981 0.12469844 0.0633918  0.12541915 0.09238548 0.10171102
 0.12061976 0.16879234 0.08476432 0.06418789]
Epoch 11, Batch 312/866, Grad Norms near zero: 0, Lx 2.1477, Lu 0.0835, Penalty 0.0584, loss 2.2896
Label Softmax (x): [0.05062858 0.12384468 0.06731697 0.1287474  0.08729656 0.11388452
 0.11908279 0.16277221 0.08130773 0.06511854]
Epoch 11, Batch 313/866, Grad Norms near zero: 0, Lx 2.0886, Lu 0.0812, Penalty 0.0590, loss 2.2288
Label Softmax (x): [0.04851597 0.14450435 0.05669736 0.12971649 0.09266121 0.12087681
 0.12433113 0.15536353 0.05865405 0.0686791 ]
Epoch 11, Batch 314/866, Grad Norms near zero: 0, Lx 2.0137, Lu 0.0714, Penalty 0.0800, loss 2.1651
Label Softmax (x): [0.0438475  0.15105212 0.06753828 0.13121131 0.09976879 0.11173929
 0.1255885  0.14688404 0.06414567 0.05822448]
Epoch 11, Batch 315/866, Grad Norms near zero: 0, Lx 2.1552, Lu 0.0910, Penalty 0.0797, loss 2.3258
Label Softmax (x): [0.03953428 0.10538673 0.06774875 0.12345834 0.1381386  0.10758889
 0.11675842 0.16193512 0.08410667 0.05534422]
Epoch 11, Batch 316/866, Grad Norms near zero: 0, Lx 2.0672, Lu 0.0600, Penalty 0.0786, loss 2.2058
Label Softmax (x): [0.04114029 0.11323909 0.06381405 0.11424578 0.11737873 0.12715983
 0.11790183 0.17501977 0.07741459 0.05268604]
Epoch 11, Batch 317/866, Grad Norms near zero: 0, Lx 2.0711, Lu 0.0820, Penalty 0.0852, loss 2.2383
Label Softmax (x): [0.04331454 0.11897624 0.06338193 0.11159529 0.1153523  0.14262843
 0.12402713 0.16280119 0.05462888 0.0632941 ]
Epoch 11, Batch 318/866, Grad Norms near zero: 0, Lx 2.1686, Lu 0.0712, Penalty 0.0871, loss 2.3268
Label Softmax (x): [0.05066384 0.10411775 0.06108763 0.12044667 0.10511495 0.15694186
 0.12415242 0.14529642 0.05388643 0.07829197]
Epoch 11, Batch 319/866, Grad Norms near zero: 0, Lx 2.2002, Lu 0.0802, Penalty 0.0719, loss 2.3523
Label Softmax (x): [0.05794904 0.07718475 0.06899635 0.11221542 0.10564874 0.14775184
 0.10226218 0.1841356  0.07381479 0.0700413 ]
Epoch 11, Batch 320/866, Grad Norms near zero: 0, Lx 1.8335, Lu 0.0394, Penalty 0.0642, loss 1.9371
Label Softmax (x): [0.06645429 0.11199171 0.0627592  0.11221094 0.12215647 0.1301868
 0.11668121 0.13673556 0.05246823 0.08835565]
Epoch 11, Batch 321/866, Grad Norms near zero: 0, Lx 2.1315, Lu 0.0371, Penalty 0.0484, loss 2.2170
Label Softmax (x): [0.06899798 0.10278545 0.05781999 0.11332474 0.13055255 0.1355578
 0.11475107 0.13663302 0.0463711  0.09320631]
Epoch 11, Batch 322/866, Grad Norms near zero: 0, Lx 2.1112, Lu 0.0787, Penalty 0.0585, loss 2.2484
Label Softmax (x): [0.07846128 0.07869761 0.05855734 0.11351842 0.12664302 0.13549033
 0.09768806 0.15458685 0.066225   0.09013209]
Epoch 11, Batch 323/866, Grad Norms near zero: 0, Lx 1.9211, Lu 0.0557, Penalty 0.0454, loss 2.0222
Label Softmax (x): [0.07991117 0.10260978 0.05840224 0.11771669 0.12556034 0.13825372
 0.11149693 0.11974941 0.04151612 0.10478361]
Epoch 11, Batch 324/866, Grad Norms near zero: 0, Lx 2.0842, Lu 0.0632, Penalty 0.0565, loss 2.2039
Label Softmax (x): [0.0969137  0.1033726  0.05758449 0.11778115 0.11976212 0.12571794
 0.10999892 0.1128106  0.04288653 0.11317196]
Epoch 11, Batch 325/866, Grad Norms near zero: 0, Lx 2.2000, Lu 0.0559, Penalty 0.0484, loss 2.3044
Label Softmax (x): [0.09504492 0.08450845 0.05966886 0.10939377 0.11444497 0.14446826
 0.11269867 0.11890781 0.04768819 0.11317609]
Epoch 11, Batch 326/866, Grad Norms near zero: 0, Lx 2.1924, Lu 0.0906, Penalty 0.0467, loss 2.3297
Label Softmax (x): [0.10242719 0.07790238 0.06744656 0.11325669 0.10051024 0.13991874
 0.11898337 0.10262017 0.05252256 0.12441207]
Epoch 11, Batch 327/866, Grad Norms near zero: 0, Lx 2.1169, Lu 0.0694, Penalty 0.0380, loss 2.2243
Label Softmax (x): [0.0912884  0.08402571 0.09379651 0.10739639 0.11509679 0.11014958
 0.11592221 0.11763669 0.07863235 0.08605536]
Epoch 11, Batch 328/866, Grad Norms near zero: 0, Lx 1.9246, Lu 0.0697, Penalty 0.0101, loss 2.0044
Label Softmax (x): [0.10704358 0.10798617 0.06793521 0.11140339 0.10035253 0.125177
 0.11619259 0.10386929 0.05127213 0.10876811]
Epoch 11, Batch 329/866, Grad Norms near zero: 0, Lx 2.2229, Lu 0.0774, Penalty 0.0302, loss 2.3304
Label Softmax (x): [0.09288241 0.08905533 0.08651815 0.10750304 0.10400057 0.11849055
 0.12499925 0.1122172  0.07647225 0.08786124]
Epoch 11, Batch 330/866, Grad Norms near zero: 0, Lx 2.1664, Lu 0.0826, Penalty 0.0113, loss 2.2602
Label Softmax (x): [0.07039765 0.09066279 0.0834709  0.10880099 0.14773695 0.10955977
 0.12132931 0.13196999 0.06819286 0.06787878]
Epoch 11, Batch 331/866, Grad Norms near zero: 0, Lx 2.0731, Lu 0.0749, Penalty 0.0363, loss 2.1843
Label Softmax (x): [0.09518912 0.08990468 0.0825976  0.11522371 0.09678447 0.11353761
 0.12827106 0.1107882  0.07118141 0.09652214]
Epoch 11, Batch 332/866, Grad Norms near zero: 0, Lx 2.1946, Lu 0.0797, Penalty 0.0135, loss 2.2878
Label Softmax (x): [0.08839922 0.09671843 0.0951391  0.10666339 0.1330834  0.08214107
 0.11357433 0.1269059  0.08341941 0.0739557 ]
Epoch 11, Batch 333/866, Grad Norms near zero: 0, Lx 1.9591, Lu 0.0562, Penalty 0.0170, loss 2.0324
Label Softmax (x): [0.07681229 0.08558257 0.06993558 0.11910115 0.09354231 0.13635185
 0.12305603 0.13986705 0.07554372 0.08020741]
Epoch 11, Batch 334/866, Grad Norms near zero: 0, Lx 2.1035, Lu 0.0839, Penalty 0.0317, loss 2.2191
Label Softmax (x): [0.07296946 0.10722902 0.072374   0.12371355 0.10690848 0.11651634
 0.12297352 0.13550347 0.06625842 0.07555376]
Epoch 11, Batch 335/866, Grad Norms near zero: 0, Lx 2.0616, Lu 0.0657, Penalty 0.0318, loss 2.1590
Label Softmax (x): [0.07441372 0.09192361 0.06782539 0.13535425 0.08270206 0.13868815
 0.12181751 0.13170753 0.06478576 0.09078202]
Epoch 11, Batch 336/866, Grad Norms near zero: 0, Lx 2.1567, Lu 0.0798, Penalty 0.0386, loss 2.2752
Label Softmax (x): [0.06684819 0.07589101 0.06136236 0.12193689 0.09156688 0.14009526
 0.12406474 0.1577828  0.06811911 0.09233276]
Epoch 11, Batch 337/866, Grad Norms near zero: 0, Lx 2.1011, Lu 0.0700, Penalty 0.0512, loss 2.2224
Label Softmax (x): [0.05629075 0.08585905 0.05780362 0.11242718 0.13463742 0.1316866
 0.11446249 0.16971022 0.06544391 0.07167876]
Epoch 11, Batch 338/866, Grad Norms near zero: 0, Lx 1.9170, Lu 0.0363, Penalty 0.0678, loss 2.0211
Label Softmax (x): [0.05591523 0.09085433 0.06609396 0.11748719 0.10203832 0.11791657
 0.12786266 0.16256082 0.07749549 0.08177543]
Epoch 11, Batch 339/866, Grad Norms near zero: 0, Lx 2.1797, Lu 0.0568, Penalty 0.0470, loss 2.2834
Label Softmax (x): [0.05952366 0.09907737 0.05861333 0.13050252 0.07895692 0.13328955
 0.1291171  0.14480579 0.06505663 0.10105713]
Epoch 11, Batch 340/866, Grad Norms near zero: 0, Lx 2.1026, Lu 0.0538, Penalty 0.0539, loss 2.2103
Label Softmax (x): [0.06147416 0.12381572 0.04950621 0.11729331 0.08648141 0.12245847
 0.10490759 0.1887514  0.0768448  0.06846695]
Epoch 11, Batch 341/866, Grad Norms near zero: 0, Lx 2.0084, Lu 0.0780, Penalty 0.0718, loss 2.1582
Label Softmax (x): [0.06202668 0.09580381 0.05247112 0.128198   0.06465641 0.14121842
 0.12846072 0.15644324 0.06560592 0.10511566]
Epoch 11, Batch 342/866, Grad Norms near zero: 0, Lx 2.1528, Lu 0.0681, Penalty 0.0682, loss 2.2891
Label Softmax (x): [0.05969394 0.11666744 0.04801209 0.12466752 0.0716621  0.12205642
 0.12660937 0.16861682 0.0659029  0.09611139]
Epoch 11, Batch 343/866, Grad Norms near zero: 0, Lx 2.1290, Lu 0.0666, Penalty 0.0707, loss 2.2663
Label Softmax (x): [0.0605967  0.12027986 0.05038467 0.12737115 0.07464565 0.12111083
 0.13054034 0.15844837 0.06607883 0.09054361]
Epoch 11, Batch 344/866, Grad Norms near zero: 0, Lx 2.2148, Lu 0.0701, Penalty 0.0648, loss 2.3497
Label Softmax (x): [0.06056734 0.10848117 0.04296774 0.13743983 0.0718292  0.13680455
 0.1402281  0.13313374 0.05260554 0.11594278]
Epoch 11, Batch 345/866, Grad Norms near zero: 0, Lx 2.1764, Lu 0.0598, Penalty 0.0834, loss 2.3196
Label Softmax (x): [0.05475885 0.10998465 0.0430059  0.1176922  0.1063579  0.13224156
 0.1219577  0.17985351 0.05126048 0.08288725]
Epoch 11, Batch 346/866, Grad Norms near zero: 0, Lx 2.1627, Lu 0.0832, Penalty 0.0917, loss 2.3377
Label Softmax (x): [0.06054112 0.11097512 0.04223183 0.11943457 0.10115719 0.14359137
 0.12151433 0.15040913 0.05842495 0.09172037]
Epoch 11, Batch 347/866, Grad Norms near zero: 0, Lx 1.9613, Lu 0.0536, Penalty 0.0730, loss 2.0878
Label Softmax (x): [0.07465077 0.11776352 0.04882331 0.13803937 0.08433609 0.12744255
 0.12903583 0.11061895 0.05305489 0.11623473]
Epoch 11, Batch 348/866, Grad Norms near zero: 0, Lx 2.1184, Lu 0.0695, Penalty 0.0579, loss 2.2458
Label Softmax (x): [0.06951872 0.13909322 0.04867999 0.14206031 0.10792846 0.11586612
 0.12423211 0.10690781 0.05100641 0.09470689]
Epoch 11, Batch 349/866, Grad Norms near zero: 0, Lx 2.0835, Lu 0.0797, Penalty 0.0623, loss 2.2254
Label Softmax (x): [0.06906541 0.16741258 0.05546264 0.12207125 0.12767076 0.11286445
 0.10160697 0.11465294 0.0630298  0.0661632 ]
Epoch 11, Batch 350/866, Grad Norms near zero: 0, Lx 2.1007, Lu 0.0763, Penalty 0.0601, loss 2.2372
Label Softmax (x): [0.07043988 0.12811854 0.05904729 0.11528494 0.1392676  0.12638979
 0.10396324 0.12338071 0.06423797 0.06987005]
Epoch 11, Batch 351/866, Grad Norms near zero: 0, Lx 2.0183, Lu 0.0660, Penalty 0.0474, loss 2.1317
Label Softmax (x): [0.08812068 0.1141198  0.06041395 0.11123496 0.10978226 0.13615623
 0.09689294 0.13286784 0.07981533 0.07059596]
Epoch 11, Batch 352/866, Grad Norms near zero: 0, Lx 1.9988, Lu 0.0565, Penalty 0.0311, loss 2.0865
Label Softmax (x): [0.08777349 0.1180609  0.05243436 0.11718432 0.13096286 0.13893296
 0.09633815 0.12493611 0.05983939 0.07353751]
Epoch 11, Batch 353/866, Grad Norms near zero: 0, Lx 2.0029, Lu 0.0616, Penalty 0.0488, loss 2.1134
Label Softmax (x): [0.08439539 0.11378784 0.06923212 0.12072408 0.12116016 0.12292613
 0.10322417 0.12573841 0.07020449 0.0686072 ]
Epoch 11, Batch 354/866, Grad Norms near zero: 0, Lx 2.0688, Lu 0.0866, Penalty 0.0291, loss 2.1845
Label Softmax (x): [0.09040943 0.08544722 0.07834147 0.11556328 0.10898983 0.13398336
 0.09846759 0.13017476 0.0868088  0.07181422]
Epoch 11, Batch 355/866, Grad Norms near zero: 0, Lx 2.0130, Lu 0.0559, Penalty 0.0203, loss 2.0892
Label Softmax (x): [0.07535534 0.12207001 0.07000358 0.1347155  0.11449927 0.12509583
 0.09960207 0.11792306 0.07191572 0.06881965]
Epoch 11, Batch 356/866, Grad Norms near zero: 0, Lx 2.1169, Lu 0.0789, Penalty 0.0325, loss 2.2283
Label Softmax (x): [0.09143096 0.10001957 0.09882452 0.12793213 0.08581822 0.13005896
 0.10353155 0.10566028 0.06590731 0.0908165 ]
Epoch 11, Batch 357/866, Grad Norms near zero: 0, Lx 2.1088, Lu 0.0542, Penalty 0.0168, loss 2.1799
Label Softmax (x): [0.08602822 0.09932184 0.07468973 0.13459249 0.10244781 0.12315456
 0.10360856 0.11433821 0.074811   0.08700759]
Epoch 11, Batch 358/866, Grad Norms near zero: 0, Lx 2.1446, Lu 0.0725, Penalty 0.0180, loss 2.2351
Label Softmax (x): [0.08571488 0.09603263 0.07073507 0.13085197 0.09747845 0.12906896
 0.10320003 0.11841537 0.07786136 0.09064128]
Epoch 11, Batch 359/866, Grad Norms near zero: 0, Lx 2.0134, Lu 0.0523, Penalty 0.0190, loss 2.0848
Label Softmax (x): [0.07160319 0.12337725 0.06236944 0.12934709 0.11504257 0.1304144
 0.10494306 0.11843821 0.06601531 0.07844946]
Epoch 11, Batch 360/866, Grad Norms near zero: 0, Lx 2.1125, Lu 0.0411, Penalty 0.0374, loss 2.1910
Label Softmax (x): [0.07147551 0.10937586 0.0767346  0.12415447 0.11400686 0.11813863
 0.10650187 0.12242937 0.07929812 0.07788473]
Epoch 11, Batch 361/866, Grad Norms near zero: 0, Lx 2.1791, Lu 0.0820, Penalty 0.0213, loss 2.2825
Label Softmax (x): [0.08097823 0.09461185 0.06567053 0.11213128 0.08757278 0.13824014
 0.10732093 0.14764306 0.07120524 0.09462593]
Epoch 11, Batch 362/866, Grad Norms near zero: 0, Lx 2.0559, Lu 0.0520, Penalty 0.0316, loss 2.1395
Label Softmax (x): [0.07165737 0.09624406 0.05416629 0.11357613 0.09519961 0.14560032
 0.1048113  0.15568697 0.06997731 0.09308064]
Epoch 11, Batch 363/866, Grad Norms near zero: 0, Lx 2.1314, Lu 0.0465, Penalty 0.0470, loss 2.2249
Label Softmax (x): [0.06982685 0.06720759 0.06750217 0.0961059  0.08596425 0.16065517
 0.1103859  0.18008511 0.06407834 0.09818876]
Epoch 11, Batch 364/866, Grad Norms near zero: 0, Lx 2.0368, Lu 0.0621, Penalty 0.0643, loss 2.1632
Label Softmax (x): [0.07263629 0.07568324 0.06410656 0.10185213 0.08387911 0.13878411
 0.12456711 0.15560316 0.07912459 0.10376368]
Epoch 11, Batch 365/866, Grad Norms near zero: 0, Lx 2.0823, Lu 0.0722, Penalty 0.0408, loss 2.1952
Label Softmax (x): [0.0606783  0.105068   0.04959792 0.10866265 0.10311994 0.13624533
 0.109553   0.18768355 0.06836888 0.07102242]
Epoch 11, Batch 366/866, Grad Norms near zero: 0, Lx 2.0250, Lu 0.0554, Penalty 0.0730, loss 2.1534
Label Softmax (x): [0.05679128 0.11085217 0.05310299 0.10158238 0.09760474 0.13950318
 0.10593937 0.19105527 0.08271721 0.06085143]
Epoch 11, Batch 367/866, Grad Norms near zero: 0, Lx 2.0503, Lu 0.0454, Penalty 0.0753, loss 2.1710
Label Softmax (x): [0.05826112 0.10863294 0.05140892 0.11045306 0.09769354 0.13948509
 0.11450863 0.18463501 0.064758   0.07016367]
Epoch 11, Batch 368/866, Grad Norms near zero: 0, Lx 2.1353, Lu 0.0708, Penalty 0.0754, loss 2.2816
Label Softmax (x): [0.05486919 0.0912376  0.05069521 0.10816942 0.11317913 0.12406358
 0.12989742 0.18570794 0.06516831 0.07701218]
Epoch 11, Batch 369/866, Grad Norms near zero: 0, Lx 1.8801, Lu 0.0476, Penalty 0.0762, loss 2.0039
Label Softmax (x): [0.0513433  0.1228474  0.04815605 0.11120715 0.11057445 0.13773705
 0.12077472 0.17545035 0.06216798 0.05974157]
Epoch 11, Batch 370/866, Grad Norms near zero: 0, Lx 2.0521, Lu 0.0781, Penalty 0.0904, loss 2.2206
Label Softmax (x): [0.05632258 0.11712233 0.04859809 0.11901334 0.09540004 0.13229519
 0.1267115  0.17149206 0.06401818 0.06902669]
Epoch 11, Batch 371/866, Grad Norms near zero: 0, Lx 2.1615, Lu 0.0612, Penalty 0.0771, loss 2.2998
Label Softmax (x): [0.06043157 0.12006156 0.05440146 0.12348039 0.09062653 0.12615605
 0.1282896  0.15325618 0.06774265 0.07555401]
Epoch 11, Batch 372/866, Grad Norms near zero: 0, Lx 2.0649, Lu 0.0577, Penalty 0.0578, loss 2.1805
Label Softmax (x): [0.05761486 0.10655954 0.062438   0.11765996 0.09449064 0.12247372
 0.12914604 0.16299486 0.06586332 0.08075904]
Epoch 11, Batch 373/866, Grad Norms near zero: 0, Lx 1.9376, Lu 0.0291, Penalty 0.0537, loss 2.0203
Label Softmax (x): [0.06212674 0.10657676 0.05134754 0.12467176 0.07118411 0.15576366
 0.11842071 0.16102968 0.06816979 0.0807093 ]
Epoch 11, Batch 374/866, Grad Norms near zero: 0, Lx 2.0797, Lu 0.0801, Penalty 0.0707, loss 2.2305
Label Softmax (x): [0.05032012 0.11983545 0.07443498 0.12973106 0.09923157 0.11784855
 0.1355571  0.1369076  0.05574667 0.08038691]
Epoch 11, Batch 375/866, Grad Norms near zero: 0, Lx 2.0190, Lu 0.0373, Penalty 0.0569, loss 2.1131
Label Softmax (x): [0.06244817 0.12208547 0.05938715 0.12918058 0.07750861 0.13916324
 0.11978457 0.13502681 0.07283831 0.08257709]
Epoch 11, Batch 376/866, Grad Norms near zero: 0, Lx 2.0703, Lu 0.0849, Penalty 0.0488, loss 2.2039
Label Softmax (x): [0.07602778 0.11055185 0.05990804 0.1254935  0.07493025 0.12993276
 0.11502159 0.13149208 0.07903689 0.09760526]
Epoch 11, Batch 377/866, Grad Norms near zero: 0, Lx 2.1229, Lu 0.0622, Penalty 0.0332, loss 2.2183
Label Softmax (x): [0.06347238 0.11852117 0.07878614 0.13460739 0.08428954 0.11793141
 0.12424598 0.11863807 0.06596643 0.09354149]
Epoch 11, Batch 378/866, Grad Norms near zero: 0, Lx 2.1062, Lu 0.0537, Penalty 0.0327, loss 2.1926
Label Softmax (x): [0.05824033 0.1157463  0.07504993 0.13663372 0.08984394 0.12824549
 0.11693969 0.12886187 0.05587869 0.09456003]
Epoch 11, Batch 379/866, Grad Norms near zero: 0, Lx 2.0198, Lu 0.0324, Penalty 0.0455, loss 2.0978
Label Softmax (x): [0.08244754 0.12620927 0.05255125 0.13177422 0.0734458  0.1321315
 0.09978917 0.11803564 0.07958999 0.1040256 ]
Epoch 11, Batch 380/866, Grad Norms near zero: 0, Lx 2.0598, Lu 0.0420, Penalty 0.0383, loss 2.1401
Label Softmax (x): [0.0834625  0.10772315 0.04849662 0.14512849 0.07718757 0.13805982
 0.10516149 0.12479154 0.05683034 0.11315844]
Epoch 11, Batch 381/866, Grad Norms near zero: 0, Lx 2.0695, Lu 0.0765, Penalty 0.0564, loss 2.2025
Label Softmax (x): [0.06041293 0.1056316  0.06474102 0.13480563 0.10332721 0.12384042
 0.111633   0.1237687  0.09018466 0.08165482]
Epoch 11, Batch 382/866, Grad Norms near zero: 0, Lx 2.0626, Lu 0.0660, Penalty 0.0321, loss 2.1608
Label Softmax (x): [0.09698683 0.10291919 0.05091897 0.14011799 0.07203379 0.12673873
 0.09201916 0.12067944 0.08038028 0.11720565]
Epoch 11, Batch 383/866, Grad Norms near zero: 0, Lx 2.1528, Lu 0.0721, Penalty 0.0385, loss 2.2634
Label Softmax (x): [0.09020433 0.1053867  0.04661822 0.14058483 0.0758034  0.13932467
 0.09405881 0.12931748 0.0731556  0.10554597]
Epoch 11, Batch 384/866, Grad Norms near zero: 0, Lx 2.0820, Lu 0.0783, Penalty 0.0481, loss 2.2084
Label Softmax (x): [0.08810138 0.11623928 0.0485203  0.14521915 0.08851416 0.13310623
 0.09298319 0.12195988 0.06744792 0.0979085 ]
Epoch 11, Batch 385/866, Grad Norms near zero: 0, Lx 2.0969, Lu 0.0536, Penalty 0.0452, loss 2.1957
Label Softmax (x): [0.07837801 0.11662249 0.05162645 0.1470623  0.09562796 0.13920994
 0.09776674 0.12283371 0.06636617 0.08450622]
Epoch 11, Batch 386/866, Grad Norms near zero: 0, Lx 2.2287, Lu 0.0545, Penalty 0.0474, loss 2.3306
Label Softmax (x): [0.06972972 0.09738435 0.07658981 0.14225224 0.10587618 0.11124404
 0.10249366 0.15180674 0.0697588  0.07286445]
Epoch 11, Batch 387/866, Grad Norms near zero: 0, Lx 2.1647, Lu 0.0692, Penalty 0.0372, loss 2.2712
Label Softmax (x): [0.07829711 0.10566817 0.05831533 0.13726164 0.09158842 0.1307683
 0.10127144 0.14746034 0.07011881 0.07925041]
Epoch 11, Batch 388/866, Grad Norms near zero: 0, Lx 2.1497, Lu 0.0578, Penalty 0.0418, loss 2.2493
Label Softmax (x): [0.06048295 0.10215392 0.07324783 0.13665706 0.11310595 0.11320835
 0.1034041  0.15970987 0.08224782 0.05578214]
Epoch 11, Batch 389/866, Grad Norms near zero: 0, Lx 2.0223, Lu 0.0575, Penalty 0.0511, loss 2.1309
Label Softmax (x): [0.08646822 0.07789572 0.06949642 0.12172055 0.10005892 0.1114203
 0.10057566 0.16010371 0.08030665 0.09195386]
Epoch 11, Batch 390/866, Grad Norms near zero: 0, Lx 2.0441, Lu 0.0735, Penalty 0.0281, loss 2.1457
Label Softmax (x): [0.0794753  0.09662408 0.05750921 0.12965204 0.1050774  0.12010592
 0.11114708 0.14634147 0.05898486 0.09508261]
Epoch 11, Batch 391/866, Grad Norms near zero: 0, Lx 1.9721, Lu 0.0422, Penalty 0.0417, loss 2.0560
Label Softmax (x): [0.08266027 0.08002958 0.06349372 0.11857796 0.10432938 0.11608657
 0.10813296 0.17158127 0.05729037 0.09781795]
Epoch 11, Batch 392/866, Grad Norms near zero: 0, Lx 2.0597, Lu 0.0735, Penalty 0.0467, loss 2.1798
Label Softmax (x): [0.07403097 0.07722455 0.06502356 0.11327354 0.09503311 0.13298225
 0.11197807 0.18099773 0.06071375 0.08874249]
Epoch 11, Batch 393/866, Grad Norms near zero: 0, Lx 2.1547, Lu 0.0514, Penalty 0.0543, loss 2.2604
Label Softmax (x): [0.07010441 0.06619332 0.05250483 0.11043132 0.11776905 0.119473
 0.11303464 0.20743482 0.04781264 0.09524199]
Epoch 11, Batch 394/866, Grad Norms near zero: 0, Lx 1.9290, Lu 0.0353, Penalty 0.0906, loss 2.0549
Label Softmax (x): [0.06533472 0.10123032 0.07373043 0.10246045 0.12235098 0.11355254
 0.12543449 0.16106442 0.05168575 0.08315592]
Epoch 11, Batch 395/866, Grad Norms near zero: 0, Lx 2.1931, Lu 0.0527, Penalty 0.0506, loss 2.2964
Label Softmax (x): [0.06767438 0.0906605  0.06209974 0.09957293 0.0996732  0.14024557
 0.12304533 0.17496605 0.04820919 0.09385309]
Epoch 11, Batch 396/866, Grad Norms near zero: 0, Lx 2.0723, Lu 0.0567, Penalty 0.0661, loss 2.1950
Label Softmax (x): [0.06958021 0.09601468 0.06520417 0.09887798 0.09599369 0.14515546
 0.12588823 0.16050008 0.04285201 0.09993351]
Epoch 11, Batch 397/866, Grad Norms near zero: 0, Lx 2.0432, Lu 0.0658, Penalty 0.0655, loss 2.1745
Label Softmax (x): [0.06786148 0.09194267 0.05091617 0.11135103 0.07556949 0.16383553
 0.13230085 0.16586383 0.04113338 0.09922559]
Epoch 11, Batch 398/866, Grad Norms near zero: 0, Lx 2.0420, Lu 0.0655, Penalty 0.0936, loss 2.2010
Label Softmax (x): [0.06490364 0.09754322 0.06561255 0.09454665 0.09842016 0.14766066
 0.13827935 0.13965109 0.04722885 0.10615384]
Epoch 11, Batch 399/866, Grad Norms near zero: 0, Lx 2.0593, Lu 0.0725, Penalty 0.0593, loss 2.1912
Label Softmax (x): [0.0572523  0.1220311  0.0660761  0.0997549  0.11216109 0.13941167
 0.14335313 0.12697005 0.04144921 0.09154045]
Epoch 11, Batch 400/866, Grad Norms near zero: 0, Lx 2.1817, Lu 0.0802, Penalty 0.0699, loss 2.3318
Label Softmax (x): [0.0723452  0.11035272 0.07350868 0.09903274 0.08688905 0.14247419
 0.12746531 0.12157973 0.05196726 0.11438509]
Epoch 11, Batch 401/866, Grad Norms near zero: 0, Lx 2.1246, Lu 0.0898, Penalty 0.0411, loss 2.2556
Label Softmax (x): [0.06891245 0.11038126 0.07539957 0.09652539 0.09410436 0.15052457
 0.12404796 0.11718673 0.06101279 0.1019049 ]
Epoch 11, Batch 402/866, Grad Norms near zero: 0, Lx 2.1388, Lu 0.0563, Penalty 0.0344, loss 2.2295
Label Softmax (x): [0.05109435 0.09945078 0.05327279 0.11579248 0.12615    0.16098069
 0.13614812 0.1348137  0.03532641 0.08697069]
Epoch 11, Batch 403/866, Grad Norms near zero: 0, Lx 1.9011, Lu 0.0547, Penalty 0.1025, loss 2.0582
Label Softmax (x): [0.06194808 0.10292438 0.07131211 0.11332522 0.10905717 0.15625508
 0.1233384  0.12314413 0.05174849 0.08694693]
Epoch 11, Batch 404/866, Grad Norms near zero: 0, Lx 2.0122, Lu 0.0389, Penalty 0.0511, loss 2.1021
Label Softmax (x): [0.07323819 0.11547723 0.07070749 0.10861827 0.08514623 0.14515598
 0.11632673 0.12287568 0.07385212 0.08860206]
Epoch 11, Batch 405/866, Grad Norms near zero: 0, Lx 2.1435, Lu 0.0794, Penalty 0.0287, loss 2.2515
Label Softmax (x): [0.0825965  0.12015305 0.06757317 0.1142216  0.08350568 0.13055432
 0.11732429 0.10980082 0.07193795 0.10233262]
Epoch 11, Batch 406/866, Grad Norms near zero: 0, Lx 2.1339, Lu 0.0737, Penalty 0.0233, loss 2.2310
Label Softmax (x): [0.07368553 0.11965527 0.05856436 0.12618735 0.08498265 0.13213354
 0.12343836 0.12570795 0.05484688 0.10079811]
Epoch 11, Batch 407/866, Grad Norms near zero: 0, Lx 2.1229, Lu 0.0744, Penalty 0.0466, loss 2.2439
Label Softmax (x): [0.08888748 0.11555777 0.05938898 0.11370793 0.08808805 0.12240948
 0.10895415 0.14293364 0.07258916 0.08748337]
Epoch 11, Batch 408/866, Grad Norms near zero: 0, Lx 1.9514, Lu 0.0681, Penalty 0.0302, loss 2.0497
Label Softmax (x): [0.08851081 0.14637904 0.08408579 0.10868141 0.07088426 0.10133473
 0.10159681 0.10715719 0.10805777 0.08331219]
Epoch 11, Batch 409/866, Grad Norms near zero: 0, Lx 2.2343, Lu 0.0856, Penalty 0.0182, loss 2.3381
Label Softmax (x): [0.07559323 0.151031   0.06090531 0.11632137 0.11287149 0.10421354
 0.11610066 0.12840596 0.05514272 0.0794147 ]
Epoch 11, Batch 410/866, Grad Norms near zero: 0, Lx 2.0651, Lu 0.0971, Penalty 0.0476, loss 2.2099
Label Softmax (x): [0.07895905 0.13742933 0.06173065 0.11216615 0.1137469  0.10155611
 0.11919831 0.12232178 0.08126815 0.07162356]
Epoch 11, Batch 411/866, Grad Norms near zero: 0, Lx 2.1021, Lu 0.0586, Penalty 0.0306, loss 2.1912
Label Softmax (x): [0.06893092 0.12603563 0.05836281 0.10753132 0.10246759 0.12577286
 0.1142614  0.14790939 0.0751057  0.07362238]
Epoch 11, Batch 412/866, Grad Norms near zero: 0, Lx 2.0116, Lu 0.0737, Penalty 0.0421, loss 2.1274
Label Softmax (x): [0.08318657 0.16584656 0.06222496 0.11006461 0.09513487 0.09245731
 0.10523689 0.12642337 0.08179064 0.07763419]
Epoch 11, Batch 413/866, Grad Norms near zero: 0, Lx 2.0886, Lu 0.0650, Penalty 0.0354, loss 2.1890
Label Softmax (x): [0.07731968 0.16014421 0.0609377  0.10698297 0.10038306 0.09973003
 0.10245227 0.14355409 0.07781322 0.07068274]
Epoch 11, Batch 414/866, Grad Norms near zero: 0, Lx 2.0506, Lu 0.0744, Penalty 0.0425, loss 2.1675
Label Softmax (x): [0.06912786 0.11007988 0.05518882 0.10088563 0.09877411 0.12069264
 0.10714466 0.18863639 0.07038505 0.07908494]
Epoch 11, Batch 415/866, Grad Norms near zero: 0, Lx 1.9560, Lu 0.0548, Penalty 0.0565, loss 2.0673
Label Softmax (x): [0.06949657 0.11390914 0.04219963 0.10728931 0.13403533 0.11047123
 0.11632698 0.16018075 0.05811129 0.08797976]
Epoch 11, Batch 416/866, Grad Norms near zero: 0, Lx 2.0243, Lu 0.0451, Penalty 0.0682, loss 2.1376
Label Softmax (x): [0.06526607 0.10616373 0.05234697 0.10635136 0.09957992 0.12766145
 0.11389853 0.1720419  0.07593623 0.08075385]
Epoch 11, Batch 417/866, Grad Norms near zero: 0, Lx 1.9533, Lu 0.0507, Penalty 0.0529, loss 2.0569
Label Softmax (x): [0.06581695 0.10654082 0.05208265 0.10054936 0.08463992 0.14822868
 0.09941997 0.1828506  0.07141248 0.08845857]
Epoch 11, Batch 418/866, Grad Norms near zero: 0, Lx 1.8501, Lu 0.0454, Penalty 0.0637, loss 1.9591
Label Softmax (x): [0.05157842 0.09704956 0.0553934  0.11022606 0.11621741 0.14944416
 0.11994368 0.1419823  0.07479038 0.08337466]
Epoch 11, Batch 419/866, Grad Norms near zero: 0, Lx 1.9111, Lu 0.0536, Penalty 0.0573, loss 2.0221
Label Softmax (x): [0.06996038 0.10139421 0.05438244 0.11022921 0.09549855 0.15469211
 0.11128736 0.14861006 0.05771045 0.09623528]
Epoch 11, Batch 420/866, Grad Norms near zero: 0, Lx 1.9509, Lu 0.0810, Penalty 0.0550, loss 2.0868
Label Softmax (x): [0.05864578 0.11944452 0.04971912 0.10729223 0.11123766 0.12205152
 0.11882705 0.16689107 0.06543459 0.08045643]
Epoch 11, Batch 421/866, Grad Norms near zero: 0, Lx 2.0099, Lu 0.0789, Penalty 0.0635, loss 2.1523
Label Softmax (x): [0.0597781  0.0767885  0.065548   0.09938884 0.09382392 0.17492858
 0.10758178 0.1598019  0.07788537 0.08447503]
Epoch 11, Batch 422/866, Grad Norms near zero: 0, Lx 2.0123, Lu 0.0774, Penalty 0.0589, loss 2.1485
Label Softmax (x): [0.05854975 0.11374813 0.05787276 0.10427799 0.11449979 0.1253656
 0.11492068 0.16088618 0.07710855 0.07277058]
Epoch 11, Batch 423/866, Grad Norms near zero: 0, Lx 1.9655, Lu 0.0394, Penalty 0.0513, loss 2.0563
Label Softmax (x): [0.05700782 0.0956862  0.06180267 0.10623623 0.10527085 0.12181008
 0.11575335 0.17389634 0.08997597 0.0725605 ]
Epoch 11, Batch 424/866, Grad Norms near zero: 0, Lx 2.1720, Lu 0.0797, Penalty 0.0505, loss 2.3021
Label Softmax (x): [0.05029717 0.10858969 0.06105946 0.12584417 0.10046843 0.19758458
 0.10620636 0.13087976 0.04635305 0.0727173 ]
Epoch 11, Batch 425/866, Grad Norms near zero: 0, Lx 1.9924, Lu 0.0402, Penalty 0.0941, loss 2.1267
Label Softmax (x): [0.05455516 0.11424176 0.06542769 0.11925821 0.10347486 0.1492281
 0.10669041 0.14859983 0.05648428 0.08203971]
Epoch 11, Batch 426/866, Grad Norms near zero: 0, Lx 2.1369, Lu 0.0719, Penalty 0.0595, loss 2.2683
Label Softmax (x): [0.06044781 0.09277775 0.06160643 0.11886356 0.09837468 0.15531087
 0.10337312 0.15823588 0.06327206 0.08773785]
Epoch 11, Batch 427/866, Grad Norms near zero: 0, Lx 2.1287, Lu 0.0658, Penalty 0.0563, loss 2.2507
Label Softmax (x): [0.05922136 0.07591395 0.09351698 0.12252428 0.10031626 0.16108139
 0.10541596 0.12765272 0.08274526 0.07161185]
Epoch 11, Batch 428/866, Grad Norms near zero: 0, Lx 2.0122, Lu 0.0428, Penalty 0.0410, loss 2.0960
Label Softmax (x): [0.05980929 0.11171927 0.06351361 0.13669556 0.10557505 0.12786633
 0.10880473 0.14912565 0.0541258  0.08276471]
Epoch 11, Batch 429/866, Grad Norms near zero: 0, Lx 2.1059, Lu 0.0636, Penalty 0.0563, loss 2.2258
Label Softmax (x): [0.07536097 0.09669237 0.05974449 0.13216782 0.11034623 0.11088215
 0.1092623  0.14139545 0.0629809  0.1011673 ]
Epoch 11, Batch 430/866, Grad Norms near zero: 0, Lx 2.1139, Lu 0.0666, Penalty 0.0367, loss 2.2172
Label Softmax (x): [0.06806462 0.10140423 0.06113456 0.14100528 0.12161355 0.11406756
 0.11561    0.13178405 0.05724598 0.08807018]
Epoch 11, Batch 431/866, Grad Norms near zero: 0, Lx 2.1604, Lu 0.0861, Penalty 0.0456, loss 2.2921
Label Softmax (x): [0.08241206 0.09436144 0.06383985 0.13917899 0.10144202 0.10551482
 0.12138163 0.11409731 0.0532134  0.12455848]
Epoch 11, Batch 432/866, Grad Norms near zero: 0, Lx 2.0827, Lu 0.0599, Penalty 0.0387, loss 2.1813
Label Softmax (x): [0.0835451  0.07628464 0.08027187 0.13674425 0.11374332 0.112124
 0.12155141 0.11442077 0.0632483  0.09806637]
Epoch 11, Batch 433/866, Grad Norms near zero: 0, Lx 2.0003, Lu 0.0567, Penalty 0.0262, loss 2.0832
Label Softmax (x): [0.09006234 0.08558723 0.08224425 0.14557205 0.09135903 0.10256062
 0.12899432 0.09735873 0.07508731 0.10117411]
Epoch 11, Batch 434/866, Grad Norms near zero: 0, Lx 2.1198, Lu 0.0595, Penalty 0.0192, loss 2.1985
Label Softmax (x): [0.0869616  0.09625982 0.0514085  0.13364318 0.10948152 0.09263489
 0.13853166 0.11949656 0.0601063  0.111476  ]
Epoch 11, Batch 435/866, Grad Norms near zero: 0, Lx 2.0425, Lu 0.0439, Penalty 0.0435, loss 2.1300
Label Softmax (x): [0.07733985 0.07958923 0.07758413 0.12746276 0.11032152 0.10020247
 0.13557968 0.11780447 0.07782572 0.0962902 ]
Epoch 11, Batch 436/866, Grad Norms near zero: 0, Lx 2.1257, Lu 0.0504, Penalty 0.0216, loss 2.1977
Label Softmax (x): [0.08235087 0.09679979 0.04519514 0.12995318 0.09648481 0.10557479
 0.15036552 0.12408713 0.04826556 0.12092321]
Epoch 11, Batch 437/866, Grad Norms near zero: 0, Lx 2.1340, Lu 0.0709, Penalty 0.0655, loss 2.2704
Label Softmax (x): [0.0694631  0.10720177 0.04166254 0.12416789 0.11826083 0.1068126
 0.15340722 0.14219688 0.04520994 0.09161724]
Epoch 11, Batch 438/866, Grad Norms near zero: 0, Lx 1.9851, Lu 0.0441, Penalty 0.0822, loss 2.1114
Label Softmax (x): [0.06952366 0.11357976 0.04669312 0.1327003  0.10631078 0.12319323
 0.1497375  0.13202885 0.04843092 0.07780187]
Epoch 11, Batch 439/866, Grad Norms near zero: 0, Lx 2.0839, Lu 0.0803, Penalty 0.0740, loss 2.2382
Label Softmax (x): [0.06615009 0.09727681 0.05312135 0.11359231 0.11717506 0.0972545
 0.16105704 0.14321753 0.07015289 0.08100239]
Epoch 11, Batch 440/866, Grad Norms near zero: 0, Lx 2.1331, Lu 0.0692, Penalty 0.0545, loss 2.2568
Label Softmax (x): [0.06394093 0.09733211 0.04418858 0.11555277 0.09483249 0.13410476
 0.15547743 0.13973585 0.05710687 0.09772819]
Epoch 11, Batch 441/866, Grad Norms near zero: 0, Lx 2.1079, Lu 0.0571, Penalty 0.0713, loss 2.2364
Label Softmax (x): [0.04449183 0.12321067 0.06492385 0.11216505 0.13501623 0.11402379
 0.14892033 0.14231044 0.05809018 0.05684766]
Epoch 11, Batch 442/866, Grad Norms near zero: 0, Lx 1.9230, Lu 0.0547, Penalty 0.0844, loss 2.0620
Label Softmax (x): [0.05629622 0.10180476 0.05702407 0.10285556 0.10476086 0.14459166
 0.13950142 0.14407656 0.06779194 0.08129698]
Epoch 11, Batch 443/866, Grad Norms near zero: 0, Lx 2.1374, Lu 0.0822, Penalty 0.0573, loss 2.2769
Label Softmax (x): [0.06141436 0.11475622 0.06080933 0.12164636 0.08826403 0.14255145
 0.14439967 0.1266492  0.06383653 0.07567284]
Epoch 11, Batch 444/866, Grad Norms near zero: 0, Lx 2.0425, Lu 0.0702, Penalty 0.0546, loss 2.1673
Label Softmax (x): [0.05764065 0.11455737 0.05118381 0.12053154 0.09939983 0.15185553
 0.13951205 0.13169795 0.05841756 0.07520372]
Epoch 11, Batch 445/866, Grad Norms near zero: 0, Lx 2.0472, Lu 0.0705, Penalty 0.0701, loss 2.1877
Label Softmax (x): [0.06774767 0.0882694  0.05777419 0.10542165 0.08328991 0.16417857
 0.12749927 0.13688356 0.0779112  0.09102459]
Epoch 11, Batch 446/866, Grad Norms near zero: 0, Lx 2.1349, Lu 0.0736, Penalty 0.0484, loss 2.2569
Label Softmax (x): [0.0611083  0.10434735 0.06397306 0.12728874 0.10123245 0.14377712
 0.129655   0.14160544 0.05258991 0.07442264]
Epoch 11, Batch 447/866, Grad Norms near zero: 0, Lx 2.0091, Lu 0.0589, Penalty 0.0611, loss 2.1291
Label Softmax (x): [0.070894   0.10951962 0.05107661 0.11776166 0.08842406 0.16201979
 0.1093417  0.13980787 0.06319521 0.08795949]
Epoch 11, Batch 448/866, Grad Norms near zero: 0, Lx 2.0286, Lu 0.0539, Penalty 0.0565, loss 2.1390
Label Softmax (x): [0.06735733 0.11553344 0.04952755 0.12822802 0.12471262 0.13636415
 0.11655263 0.13509783 0.05285427 0.07377211]
Epoch 11, Batch 449/866, Grad Norms near zero: 0, Lx 2.1091, Lu 0.0552, Penalty 0.0662, loss 2.2305
Label Softmax (x): [0.07527549 0.09421318 0.0440955  0.13698737 0.09771782 0.14770609
 0.10651883 0.17123908 0.04723243 0.07901418]
Epoch 11, Batch 450/866, Grad Norms near zero: 0, Lx 2.0550, Lu 0.0804, Penalty 0.0865, loss 2.2218
Label Softmax (x): [0.08703981 0.09401902 0.06903136 0.13596472 0.0936172  0.12080912
 0.10826565 0.13601367 0.07090164 0.08433782]
Epoch 11, Batch 451/866, Grad Norms near zero: 0, Lx 2.0354, Lu 0.0510, Penalty 0.0268, loss 2.1131
Label Softmax (x): [0.09921739 0.08137514 0.05674737 0.12156706 0.08057147 0.14670497
 0.09684093 0.14457437 0.06875575 0.10364555]
Epoch 11, Batch 452/866, Grad Norms near zero: 0, Lx 2.0652, Lu 0.0763, Penalty 0.0420, loss 2.1835
Label Softmax (x): [0.10009993 0.09251603 0.06937939 0.12177169 0.08119059 0.12946217
 0.09243144 0.13133696 0.07778028 0.10403149]
Epoch 11, Batch 453/866, Grad Norms near zero: 0, Lx 2.1696, Lu 0.0472, Penalty 0.0213, loss 2.2381
Label Softmax (x): [0.09444151 0.10506612 0.06337915 0.13594314 0.09384976 0.129954
 0.09149387 0.12909514 0.05666191 0.1001154 ]
Epoch 11, Batch 454/866, Grad Norms near zero: 0, Lx 2.0931, Lu 0.0636, Penalty 0.0359, loss 2.1926
Label Softmax (x): [0.08639587 0.10227562 0.06532636 0.13060218 0.09769982 0.13956074
 0.09130946 0.13672455 0.06767052 0.08243486]
Epoch 11, Batch 455/866, Grad Norms near zero: 0, Lx 2.1036, Lu 0.0588, Penalty 0.0334, loss 2.1958
Label Softmax (x): [0.08738896 0.09605789 0.07697156 0.12951119 0.08238468 0.13239968
 0.09012103 0.12813085 0.08507039 0.09196376]
Epoch 11, Batch 456/866, Grad Norms near zero: 0, Lx 2.1296, Lu 0.0717, Penalty 0.0193, loss 2.2205
Label Softmax (x): [0.08300525 0.07759158 0.06114749 0.1407971  0.09477271 0.1404186
 0.08875026 0.1650002  0.06784795 0.08066884]
Epoch 11, Batch 457/866, Grad Norms near zero: 0, Lx 1.9888, Lu 0.0693, Penalty 0.0525, loss 2.1106
Label Softmax (x): [0.07716279 0.09309082 0.06500132 0.1418601  0.11387721 0.1222102
 0.0973723  0.1263509  0.05442856 0.1086458 ]
Epoch 11, Batch 458/866, Grad Norms near zero: 0, Lx 2.1129, Lu 0.0450, Penalty 0.0400, loss 2.1978
Label Softmax (x): [0.06127504 0.12258389 0.08037458 0.14008026 0.12569344 0.10679347
 0.10653182 0.11170509 0.06403998 0.08092244]
Epoch 11, Batch 459/866, Grad Norms near zero: 0, Lx 2.0797, Lu 0.0667, Penalty 0.0357, loss 2.1821
Label Softmax (x): [0.07381188 0.09522869 0.0719219  0.14297976 0.09304225 0.11155771
 0.10311344 0.15401193 0.06029446 0.09403794]
Epoch 11, Batch 460/866, Grad Norms near zero: 0, Lx 2.0022, Lu 0.0528, Penalty 0.0392, loss 2.0942
Label Softmax (x): [0.06566818 0.122877   0.07413313 0.13421851 0.09731232 0.11843462
 0.10583518 0.12876765 0.06582412 0.08692931]
Epoch 11, Batch 461/866, Grad Norms near zero: 0, Lx 2.1576, Lu 0.0769, Penalty 0.0326, loss 2.2672
Label Softmax (x): [0.05399939 0.13808118 0.06465945 0.13518912 0.12314535 0.11327163
 0.11926217 0.12685823 0.04708068 0.07845277]
Epoch 11, Batch 462/866, Grad Norms near zero: 0, Lx 2.0892, Lu 0.0632, Penalty 0.0677, loss 2.2201
Label Softmax (x): [0.06773963 0.10930736 0.07367133 0.11316402 0.11080533 0.10934553
 0.0978622  0.17917326 0.06393794 0.07499342]
Epoch 11, Batch 463/866, Grad Norms near zero: 0, Lx 2.0090, Lu 0.0760, Penalty 0.0464, loss 2.1314
Label Softmax (x): [0.06058944 0.12998123 0.08137622 0.11373276 0.12563643 0.09559824
 0.12666637 0.12361758 0.06650489 0.07629684]
Epoch 11, Batch 464/866, Grad Norms near zero: 0, Lx 2.2161, Lu 0.0513, Penalty 0.0363, loss 2.3037
Label Softmax (x): [0.07130219 0.08921636 0.06854606 0.10643868 0.11245644 0.11417437
 0.12017275 0.18452069 0.05277163 0.08040083]
Epoch 11, Batch 465/866, Grad Norms near zero: 0, Lx 2.0004, Lu 0.0610, Penalty 0.0579, loss 2.1193
Label Softmax (x): [0.07760241 0.07952095 0.07096007 0.09702834 0.1160866  0.1120031
 0.12168845 0.17094007 0.0665754  0.08759458]
Epoch 11, Batch 466/866, Grad Norms near zero: 0, Lx 2.0820, Lu 0.0782, Penalty 0.0400, loss 2.2002
Label Softmax (x): [0.06115404 0.10452062 0.07721211 0.10143483 0.09396667 0.12101333
 0.13898021 0.1363405  0.07306209 0.09231556]
Epoch 11, Batch 467/866, Grad Norms near zero: 0, Lx 2.1428, Lu 0.0960, Penalty 0.0318, loss 2.2706
Label Softmax (x): [0.06116027 0.10348778 0.07376455 0.10490812 0.09145775 0.12357502
 0.14661537 0.13889708 0.07094584 0.08518818]
Epoch 11, Batch 468/866, Grad Norms near zero: 0, Lx 2.1854, Lu 0.0780, Penalty 0.0384, loss 2.3018
Label Softmax (x): [0.0621842  0.09750714 0.06315038 0.11208584 0.08358469 0.14282933
 0.13941908 0.14557013 0.06562772 0.08804148]
Epoch 11, Batch 469/866, Grad Norms near zero: 0, Lx 2.1595, Lu 0.0846, Penalty 0.0509, loss 2.2951
Label Softmax (x): [0.07784207 0.0722331  0.06089367 0.10495935 0.08137352 0.12783043
 0.12669405 0.17140192 0.06950375 0.10726815]
Epoch 11, Batch 470/866, Grad Norms near zero: 0, Lx 1.8677, Lu 0.0472, Penalty 0.0502, loss 1.9652
Label Softmax (x): [0.06079262 0.07961473 0.05831183 0.11556859 0.08853753 0.15941688
 0.13454434 0.1500808  0.07480291 0.07832975]
Epoch 11, Batch 471/866, Grad Norms near zero: 0, Lx 2.1571, Lu 0.0798, Penalty 0.0608, loss 2.2977
Label Softmax (x): [0.06592976 0.07871935 0.06470413 0.12106247 0.08142844 0.15155041
 0.13012955 0.1460574  0.08668034 0.07373817]
Epoch 11, Batch 472/866, Grad Norms near zero: 0, Lx 2.1601, Lu 0.0665, Penalty 0.0495, loss 2.2761
Label Softmax (x): [0.06898916 0.06554127 0.05984881 0.11396136 0.08405095 0.14842294
 0.10569414 0.20950368 0.07821906 0.06576865]
Epoch 11, Batch 473/866, Grad Norms near zero: 0, Lx 1.8643, Lu 0.0473, Penalty 0.0825, loss 1.9941
Label Softmax (x): [0.05964334 0.08870415 0.05585819 0.13679662 0.09483314 0.1664732
 0.10719234 0.15356992 0.07280903 0.06412008]
Epoch 11, Batch 474/866, Grad Norms near zero: 0, Lx 1.9793, Lu 0.0355, Penalty 0.0712, loss 2.0860
Label Softmax (x): [0.06574274 0.07577784 0.06270428 0.13996653 0.07722306 0.16532698
 0.10580994 0.17648838 0.06395881 0.0670014 ]
Epoch 11, Batch 475/866, Grad Norms near zero: 0, Lx 2.0782, Lu 0.0686, Penalty 0.0806, loss 2.2274
Label Softmax (x): [0.08507981 0.09455738 0.06690179 0.1370698  0.0799491  0.12053297
 0.09711367 0.16665092 0.07440173 0.07774286]
Epoch 11, Batch 476/866, Grad Norms near zero: 0, Lx 2.0556, Lu 0.0540, Penalty 0.0407, loss 2.1503
Label Softmax (x): [0.06868241 0.08771849 0.06129387 0.14302918 0.11167555 0.12520097
 0.10658983 0.15721159 0.0700449  0.06855321]
Epoch 11, Batch 477/866, Grad Norms near zero: 0, Lx 2.0097, Lu 0.0696, Penalty 0.0521, loss 2.1314
Label Softmax (x): [0.07075769 0.09987587 0.07040671 0.1361655  0.09479414 0.14294744
 0.09926993 0.13279945 0.07622185 0.07676144]
Epoch 11, Batch 478/866, Grad Norms near zero: 0, Lx 2.0922, Lu 0.0895, Penalty 0.0345, loss 2.2162
Label Softmax (x): [0.06657901 0.09834543 0.05718511 0.14162838 0.10035754 0.1579248
 0.10020693 0.13955592 0.07565963 0.06255725]
Epoch 11, Batch 479/866, Grad Norms near zero: 0, Lx 2.1708, Lu 0.0710, Penalty 0.0586, loss 2.3005
Label Softmax (x): [0.06740811 0.10238008 0.06374455 0.13220757 0.11498704 0.14542519
 0.09808675 0.13047588 0.0661883  0.07909655]
Epoch 11, Batch 480/866, Grad Norms near zero: 0, Lx 2.1385, Lu 0.0709, Penalty 0.0428, loss 2.2522
Label Softmax (x): [0.07500329 0.09311669 0.06404665 0.12753762 0.1105252  0.1364572
 0.10478196 0.1220603  0.07052977 0.09594133]
Epoch 11, Batch 481/866, Grad Norms near zero: 0, Lx 2.0866, Lu 0.0745, Penalty 0.0295, loss 2.1906
Label Softmax (x): [0.06926842 0.10689684 0.056556   0.13254288 0.11089575 0.13839084
 0.1105881  0.11799636 0.05606879 0.10079603]
Epoch 11, Batch 482/866, Grad Norms near zero: 0, Lx 2.1450, Lu 0.0782, Penalty 0.0465, loss 2.2697
Label Softmax (x): [0.07700913 0.12281008 0.05298927 0.13860378 0.09854326 0.13888423
 0.11395459 0.11218122 0.05159963 0.09342482]
Epoch 11, Batch 483/866, Grad Norms near zero: 0, Lx 2.1925, Lu 0.0674, Penalty 0.0535, loss 2.3134
Label Softmax (x): [0.07834378 0.11198068 0.06639996 0.12353799 0.09947476 0.12901603
 0.10762325 0.11512766 0.06376751 0.10472835]
Epoch 11, Batch 484/866, Grad Norms near zero: 0, Lx 2.1373, Lu 0.0641, Penalty 0.0269, loss 2.2283
Label Softmax (x): [0.06644088 0.10845058 0.05708177 0.12456615 0.10056256 0.14829983
 0.10912137 0.12612998 0.05782023 0.10152664]
Epoch 11, Batch 485/866, Grad Norms near zero: 0, Lx 2.1389, Lu 0.0731, Penalty 0.0482, loss 2.2602
Label Softmax (x): [0.07188037 0.10631014 0.05322246 0.12833638 0.09262608 0.14803112
 0.11440003 0.13200037 0.06480493 0.08838812]
Epoch 11, Batch 486/866, Grad Norms near zero: 0, Lx 2.1478, Lu 0.0660, Penalty 0.0480, loss 2.2618
Label Softmax (x): [0.07959111 0.10748826 0.07676734 0.11483008 0.07786769 0.12094849
 0.11118798 0.12643808 0.10356604 0.08131494]
Epoch 11, Batch 487/866, Grad Norms near zero: 0, Lx 2.2091, Lu 0.0836, Penalty 0.0173, loss 2.3101
Label Softmax (x): [0.07049142 0.09614905 0.06060571 0.11339369 0.10394629 0.11869444
 0.11662646 0.13818192 0.06831168 0.11359932]
Epoch 11, Batch 488/866, Grad Norms near zero: 0, Lx 1.9791, Lu 0.0477, Penalty 0.0330, loss 2.0598
Label Softmax (x): [0.06851787 0.10985805 0.08161783 0.1113219  0.0818126  0.11419323
 0.11477245 0.13547029 0.07983734 0.10259846]
Epoch 11, Batch 489/866, Grad Norms near zero: 0, Lx 2.1060, Lu 0.0703, Penalty 0.0206, loss 2.1969
Label Softmax (x): [0.05804835 0.12133376 0.0729008  0.11705411 0.14233276 0.10453179
 0.12114663 0.1223626  0.05977449 0.08051469]
Epoch 11, Batch 490/866, Grad Norms near zero: 0, Lx 2.1263, Lu 0.0820, Penalty 0.0449, loss 2.2533
Label Softmax (x): [0.08116736 0.1038607  0.06629455 0.11813284 0.08146814 0.1271315
 0.11397123 0.12983336 0.08658631 0.09155399]
Epoch 11, Batch 491/866, Grad Norms near zero: 0, Lx 2.2222, Lu 0.0526, Penalty 0.0221, loss 2.2969
Label Softmax (x): [0.06125445 0.12207979 0.08161162 0.12463713 0.10234318 0.1319009
 0.11704288 0.12682405 0.05931477 0.0729912 ]
Epoch 11, Batch 492/866, Grad Norms near zero: 0, Lx 1.9022, Lu 0.0559, Penalty 0.0416, loss 1.9997
Label Softmax (x): [0.0726714  0.11203556 0.06937767 0.12468633 0.08425453 0.11573035
 0.11668745 0.14691398 0.09520201 0.06244075]
Epoch 11, Batch 493/866, Grad Norms near zero: 0, Lx 2.1479, Lu 0.0552, Penalty 0.0357, loss 2.2388
Label Softmax (x): [0.05643333 0.09701608 0.06664595 0.12204717 0.12178156 0.1144508
 0.12913251 0.14462236 0.08296583 0.06490444]
Epoch 11, Batch 494/866, Grad Norms near zero: 0, Lx 2.0223, Lu 0.0678, Penalty 0.0471, loss 2.1372
Label Softmax (x): [0.06712258 0.1071463  0.04855407 0.13602622 0.07836312 0.14144716
 0.12459075 0.15984774 0.04846755 0.0884345 ]
Epoch 11, Batch 495/866, Grad Norms near zero: 0, Lx 2.0040, Lu 0.0655, Penalty 0.0800, loss 2.1495
Label Softmax (x): [0.06595086 0.07683577 0.06354339 0.11091053 0.07734724 0.1346003
 0.11021268 0.21098132 0.08893732 0.06068058]
Epoch 11, Batch 496/866, Grad Norms near zero: 0, Lx 2.1900, Lu 0.0863, Penalty 0.0762, loss 2.3525
Label Softmax (x): [0.06828703 0.08523048 0.0605177  0.11753791 0.07719398 0.12167959
 0.11283661 0.20265287 0.08817246 0.06589137]
Epoch 11, Batch 497/866, Grad Norms near zero: 0, Lx 2.1782, Lu 0.0507, Penalty 0.0660, loss 2.2950
Label Softmax (x): [0.07026265 0.09089977 0.03826477 0.14750311 0.08580552 0.13527049
 0.14222804 0.14361009 0.04424852 0.10190706]
Epoch 11, Batch 498/866, Grad Norms near zero: 0, Lx 2.0485, Lu 0.0756, Penalty 0.0954, loss 2.2195
Label Softmax (x): [0.06825332 0.09059266 0.05196183 0.1313631  0.07938398 0.12680928
 0.12392734 0.19505182 0.06563284 0.06702384]
Epoch 11, Batch 499/866, Grad Norms near zero: 0, Lx 2.1707, Lu 0.0674, Penalty 0.0795, loss 2.3175
Label Softmax (x): [0.07659032 0.09516034 0.05179417 0.14355983 0.07613886 0.11823396
 0.1327016  0.15804988 0.06233475 0.0854363 ]
Epoch 11, Batch 500/866, Grad Norms near zero: 0, Lx 2.0426, Lu 0.0785, Penalty 0.0607, loss 2.1818
Label Softmax (x): [0.06614487 0.10446771 0.03904002 0.15477812 0.09343517 0.12867877
 0.14273018 0.13929275 0.05037215 0.08106025]
Epoch 11, Batch 501/866, Grad Norms near zero: 0, Lx 1.9140, Lu 0.0745, Penalty 0.0898, loss 2.0783
Label Softmax (x): [0.06320606 0.11101897 0.05786479 0.15959622 0.09075402 0.1116148
 0.14068265 0.13645726 0.05267178 0.07613342]
Epoch 11, Batch 502/866, Grad Norms near zero: 0, Lx 2.1501, Lu 0.0756, Penalty 0.0683, loss 2.2940
Label Softmax (x): [0.06697941 0.09418804 0.0510794  0.16846499 0.10191481 0.10134241
 0.1603396  0.12369777 0.04528803 0.08670557]
Epoch 11, Batch 503/866, Grad Norms near zero: 0, Lx 2.1883, Lu 0.0532, Penalty 0.0829, loss 2.3244
Label Softmax (x): [0.06601562 0.09530433 0.05587318 0.16151914 0.10206359 0.104549
 0.15262754 0.12595546 0.05121739 0.08487478]
Epoch 11, Batch 504/866, Grad Norms near zero: 0, Lx 2.0723, Lu 0.0551, Penalty 0.0681, loss 2.1955
Label Softmax (x): [0.06774248 0.10266858 0.05974627 0.1540263  0.09910496 0.10671336
 0.13745405 0.13128927 0.05014926 0.09110547]
Epoch 11, Batch 505/866, Grad Norms near zero: 0, Lx 2.0744, Lu 0.0672, Penalty 0.0583, loss 2.2000
Label Softmax (x): [0.06272748 0.07604895 0.04750315 0.15349948 0.0919424  0.15424313
 0.13831677 0.13405475 0.05407394 0.08758996]
Epoch 11, Batch 506/866, Grad Norms near zero: 0, Lx 2.0307, Lu 0.0750, Penalty 0.0837, loss 2.1894
Label Softmax (x): [0.06670153 0.07806128 0.05333677 0.14161207 0.11307463 0.1247049
 0.12989376 0.14125621 0.05064142 0.1007174 ]
Epoch 11, Batch 507/866, Grad Norms near zero: 0, Lx 1.9542, Lu 0.0563, Penalty 0.0656, loss 2.0761
Label Softmax (x): [0.06459869 0.09356382 0.06250167 0.14021692 0.11224277 0.1227727
 0.12233488 0.13185245 0.05353441 0.09638167]
Epoch 11, Batch 508/866, Grad Norms near zero: 0, Lx 1.9934, Lu 0.0537, Penalty 0.0498, loss 2.0970
Label Softmax (x): [0.0634929  0.08385719 0.05635611 0.13682768 0.13378464 0.12494465
 0.12497337 0.13341403 0.06485325 0.07749619]
Epoch 11, Batch 509/866, Grad Norms near zero: 0, Lx 2.1862, Lu 0.1049, Penalty 0.0553, loss 2.3465
Label Softmax (x): [0.06786928 0.09032409 0.0716435  0.12852445 0.11201689 0.12384973
 0.11526284 0.13400334 0.08155765 0.07494823]
Epoch 11, Batch 510/866, Grad Norms near zero: 0, Lx 2.1396, Lu 0.0894, Penalty 0.0302, loss 2.2592
Label Softmax (x): [0.06729965 0.09292223 0.07182869 0.12476374 0.11437828 0.14025214
 0.106335   0.12966916 0.06863292 0.08391816]
Epoch 11, Batch 511/866, Grad Norms near zero: 0, Lx 2.0748, Lu 0.0523, Penalty 0.0337, loss 2.1608
Label Softmax (x): [0.07672963 0.07907508 0.081738   0.11886726 0.09700538 0.1363515
 0.10731223 0.13463175 0.08422559 0.08406359]
Epoch 11, Batch 512/866, Grad Norms near zero: 0, Lx 2.1703, Lu 0.0890, Penalty 0.0226, loss 2.2819
Label Softmax (x): [0.07140404 0.08560011 0.07308996 0.11851989 0.09570096 0.1519176
 0.10337237 0.14206359 0.07836084 0.07997063]
Epoch 11, Batch 513/866, Grad Norms near zero: 0, Lx 2.1188, Lu 0.0636, Penalty 0.0345, loss 2.2168
Label Softmax (x): [0.07566215 0.08419945 0.08751257 0.11219501 0.07809248 0.15888211
 0.09112749 0.14349099 0.07211304 0.0967247 ]
Epoch 11, Batch 514/866, Grad Norms near zero: 0, Lx 2.1747, Lu 0.0927, Penalty 0.0346, loss 2.3019
Label Softmax (x): [0.07443936 0.09600073 0.07639706 0.11441728 0.09130958 0.15572587
 0.09720346 0.13936636 0.06839128 0.08674898]
Epoch 11, Batch 515/866, Grad Norms near zero: 0, Lx 2.1449, Lu 0.0635, Penalty 0.0337, loss 2.2421
Label Softmax (x): [0.07815959 0.10453202 0.07760978 0.115308   0.09115501 0.14316577
 0.10221524 0.12295096 0.05782154 0.10708208]
Epoch 11, Batch 516/866, Grad Norms near zero: 0, Lx 2.0962, Lu 0.0423, Penalty 0.0298, loss 2.1682
Label Softmax (x): [0.07061266 0.11482938 0.07623804 0.11208683 0.10445632 0.14152467
 0.10373822 0.1303953  0.06667015 0.07944842]
Epoch 11, Batch 517/866, Grad Norms near zero: 0, Lx 2.1480, Lu 0.0828, Penalty 0.0309, loss 2.2618
Label Softmax (x): [0.07057095 0.12923431 0.07797044 0.1200596  0.08219132 0.14957426
 0.10449973 0.1182208  0.05012565 0.09755296]
Epoch 11, Batch 518/866, Grad Norms near zero: 0, Lx 2.1258, Lu 0.0601, Penalty 0.0456, loss 2.2315
Label Softmax (x): [0.07613721 0.12402255 0.08601619 0.11192711 0.08551568 0.1362718
 0.10125446 0.1186692  0.06555653 0.09462926]
Epoch 11, Batch 519/866, Grad Norms near zero: 0, Lx 2.2500, Lu 0.0890, Penalty 0.0236, loss 2.3626
Label Softmax (x): [0.08466364 0.08887024 0.07302095 0.10517158 0.0922182  0.15834352
 0.0990796  0.1391598  0.07003333 0.08943911]
Epoch 11, Batch 520/866, Grad Norms near zero: 0, Lx 2.0695, Lu 0.0559, Penalty 0.0316, loss 2.1571
Label Softmax (x): [0.060311   0.11375891 0.06720081 0.11368081 0.08855499 0.16408505
 0.10881617 0.13674486 0.06736192 0.07948548]
Epoch 11, Batch 521/866, Grad Norms near zero: 0, Lx 1.9710, Lu 0.0422, Penalty 0.0500, loss 2.0632
Label Softmax (x): [0.08699461 0.10994445 0.06507096 0.11427968 0.09299655 0.12321109
 0.10970116 0.13429153 0.06065745 0.10285249]
Epoch 11, Batch 522/866, Grad Norms near zero: 0, Lx 2.1334, Lu 0.0789, Penalty 0.0289, loss 2.2412
Label Softmax (x): [0.06872483 0.11104687 0.05521874 0.12423229 0.0874305  0.1508684
 0.12892191 0.1237092  0.06271585 0.08713144]
Epoch 11, Batch 523/866, Grad Norms near zero: 0, Lx 2.0704, Lu 0.0687, Penalty 0.0508, loss 2.1898
Label Softmax (x): [0.06920277 0.12975536 0.06629635 0.11889604 0.09563107 0.12585348
 0.1219954  0.11764547 0.05710784 0.09761623]
Epoch 11, Batch 524/866, Grad Norms near zero: 0, Lx 2.1146, Lu 0.0911, Penalty 0.0383, loss 2.2440
Label Softmax (x): [0.07074548 0.15332738 0.05594122 0.1174839  0.09732419 0.11730158
 0.1311776  0.11515647 0.05527559 0.0862666 ]
Epoch 11, Batch 525/866, Grad Norms near zero: 0, Lx 2.1816, Lu 0.0756, Penalty 0.0534, loss 2.3107
Label Softmax (x): [0.06750431 0.12658827 0.05734648 0.11168728 0.10593987 0.13406223
 0.14024943 0.10596391 0.0534027  0.09725551]
Epoch 11, Batch 526/866, Grad Norms near zero: 0, Lx 2.1439, Lu 0.0842, Penalty 0.0511, loss 2.2792
Label Softmax (x): [0.05258257 0.10503381 0.06673414 0.12216817 0.12258423 0.13408193
 0.15081136 0.12196365 0.05292541 0.07111474]
Epoch 11, Batch 527/866, Grad Norms near zero: 0, Lx 1.9263, Lu 0.0639, Penalty 0.0669, loss 2.0571
Label Softmax (x): [0.06677915 0.1104514  0.06347838 0.12857936 0.08785097 0.12218982
 0.14739853 0.11624877 0.06327537 0.09374824]
Epoch 11, Batch 528/866, Grad Norms near zero: 0, Lx 2.0462, Lu 0.0635, Penalty 0.0420, loss 2.1518
Label Softmax (x): [0.06331855 0.10864332 0.05605347 0.12345341 0.11768666 0.13190863
 0.12806797 0.11213455 0.06281792 0.09591553]
Epoch 11, Batch 529/866, Grad Norms near zero: 0, Lx 2.0448, Lu 0.0514, Penalty 0.0447, loss 2.1409
Label Softmax (x): [0.07846743 0.08524039 0.06833598 0.12643942 0.10325005 0.11610045
 0.13020588 0.11724836 0.08456576 0.0901463 ]
Epoch 11, Batch 530/866, Grad Norms near zero: 0, Lx 2.0795, Lu 0.0741, Penalty 0.0215, loss 2.1751
Label Softmax (x): [0.07150947 0.07039562 0.05836095 0.12565458 0.09927268 0.1490458
 0.11782966 0.13436867 0.08587671 0.08768588]
Epoch 11, Batch 531/866, Grad Norms near zero: 0, Lx 2.0336, Lu 0.0808, Penalty 0.0429, loss 2.1573
Label Softmax (x): [0.06714533 0.11438464 0.05130921 0.13053694 0.10874303 0.14134602
 0.11015446 0.11579426 0.06797469 0.09261142]
Epoch 11, Batch 532/866, Grad Norms near zero: 0, Lx 2.0409, Lu 0.0498, Penalty 0.0454, loss 2.1361
Label Softmax (x): [0.06481556 0.11437082 0.05493142 0.13176027 0.10889517 0.13361628
 0.10723766 0.12533599 0.08308279 0.07595405]
Epoch 11, Batch 533/866, Grad Norms near zero: 0, Lx 2.0991, Lu 0.0618, Penalty 0.0412, loss 2.2022
Label Softmax (x): [0.07918632 0.09094967 0.05530229 0.14174768 0.11243195 0.12281927
 0.10230705 0.13904652 0.08080845 0.07540077]
Epoch 11, Batch 534/866, Grad Norms near zero: 0, Lx 1.9547, Lu 0.0651, Penalty 0.0392, loss 2.0590
Label Softmax (x): [0.06640692 0.09144992 0.05454422 0.1254254  0.10319445 0.13990058
 0.10344524 0.14770177 0.08955033 0.07838118]
Epoch 11, Batch 535/866, Grad Norms near zero: 0, Lx 2.0695, Lu 0.0613, Penalty 0.0441, loss 2.1749
Label Softmax (x): [0.07179529 0.07608677 0.05422839 0.1320574  0.11298034 0.13455842
 0.10132499 0.16411455 0.08132441 0.07152945]
Epoch 11, Batch 536/866, Grad Norms near zero: 0, Lx 1.9131, Lu 0.0520, Penalty 0.0553, loss 2.0204
Label Softmax (x): [0.06757783 0.10049586 0.05156925 0.1299075  0.11046528 0.13693151
 0.10720585 0.1456959  0.07016264 0.07998837]
Epoch 11, Batch 537/866, Grad Norms near zero: 0, Lx 2.1126, Lu 0.0633, Penalty 0.0505, loss 2.2265
Label Softmax (x): [0.06362466 0.08672756 0.06231041 0.1182671  0.1114329  0.13708815
 0.09690347 0.17118417 0.08469771 0.06776387]
Epoch 11, Batch 538/866, Grad Norms near zero: 0, Lx 2.1418, Lu 0.0641, Penalty 0.0525, loss 2.2584
Label Softmax (x): [0.08234619 0.07103415 0.07913668 0.10993494 0.08472392 0.11786251
 0.09714858 0.18050015 0.09391908 0.08339378]
Epoch 11, Batch 539/866, Grad Norms near zero: 0, Lx 2.0215, Lu 0.0670, Penalty 0.0360, loss 2.1245
Label Softmax (x): [0.06658192 0.09560851 0.07376868 0.11690724 0.11804455 0.12800184
 0.10131134 0.14544262 0.07246803 0.08186532]
Epoch 11, Batch 540/866, Grad Norms near zero: 0, Lx 2.0731, Lu 0.0614, Penalty 0.0321, loss 2.1666
Label Softmax (x): [0.07095504 0.09772928 0.0737478  0.11285955 0.11527203 0.12311354
 0.09958889 0.15111545 0.07165161 0.08396684]
Epoch 11, Batch 541/866, Grad Norms near zero: 0, Lx 2.1035, Lu 0.0853, Penalty 0.0299, loss 2.2187
Label Softmax (x): [0.09621435 0.11072154 0.05902769 0.11676021 0.09867185 0.09739809
 0.09590693 0.16644974 0.06729366 0.09155594]
Epoch 11, Batch 542/866, Grad Norms near zero: 0, Lx 2.0572, Lu 0.0543, Penalty 0.0365, loss 2.1480
Label Softmax (x): [0.06710165 0.10418776 0.0657363  0.11485464 0.1122321  0.12854187
 0.11050505 0.1484553  0.05296395 0.09542137]
Epoch 11, Batch 543/866, Grad Norms near zero: 0, Lx 2.0819, Lu 0.0880, Penalty 0.0460, loss 2.2158
Label Softmax (x): [0.07391008 0.11220621 0.0483216  0.11513363 0.11857632 0.1239526
 0.1262721  0.12858039 0.04241305 0.11063402]
Epoch 11, Batch 544/866, Grad Norms near zero: 0, Lx 2.1120, Lu 0.0615, Penalty 0.0660, loss 2.2396
Label Softmax (x): [0.07319384 0.11911437 0.06829331 0.11569536 0.10123285 0.11726594
 0.10670532 0.1724271  0.05111916 0.07495275]
Epoch 11, Batch 545/866, Grad Norms near zero: 0, Lx 2.1044, Lu 0.0808, Penalty 0.0551, loss 2.2403
Label Softmax (x): [0.08296448 0.11586286 0.04872483 0.11747937 0.1037991  0.1181429
 0.13202181 0.12195029 0.04532203 0.11373229]
Epoch 11, Batch 546/866, Grad Norms near zero: 0, Lx 2.1665, Lu 0.0562, Penalty 0.0580, loss 2.2807
Label Softmax (x): [0.07672447 0.10818939 0.05775856 0.13066775 0.0912462  0.13228363
 0.12562133 0.12535807 0.05286808 0.09928253]
Epoch 11, Batch 547/866, Grad Norms near zero: 0, Lx 2.1903, Lu 0.0768, Penalty 0.0470, loss 2.3141
Label Softmax (x): [0.07521173 0.11961401 0.05262789 0.12747185 0.10744301 0.1238182
 0.10638912 0.1715232  0.04764929 0.06825171]
Epoch 11, Batch 548/866, Grad Norms near zero: 0, Lx 1.9955, Lu 0.0451, Penalty 0.0741, loss 2.1147
Label Softmax (x): [0.06640477 0.12735234 0.0571846  0.1404084  0.08654933 0.12399355
 0.11395308 0.1677988  0.04521517 0.07113998]
Epoch 11, Batch 549/866, Grad Norms near zero: 0, Lx 2.0158, Lu 0.0312, Penalty 0.0803, loss 2.1272
Label Softmax (x): [0.07210992 0.10924296 0.06044149 0.13256958 0.11524265 0.11343861
 0.13333988 0.11295972 0.05398927 0.09666593]
Epoch 11, Batch 550/866, Grad Norms near zero: 0, Lx 2.1042, Lu 0.0699, Penalty 0.0433, loss 2.2174
Label Softmax (x): [0.0714708  0.09487262 0.05550181 0.1271485  0.11744223 0.12709114
 0.1335609  0.11338123 0.05294803 0.10658275]
Epoch 11, Batch 551/866, Grad Norms near zero: 0, Lx 2.0337, Lu 0.0792, Penalty 0.0494, loss 2.1623
Label Softmax (x): [0.07513562 0.09168153 0.07030711 0.12650989 0.10623981 0.11886497
 0.12907964 0.11360909 0.08077578 0.08779657]
Epoch 11, Batch 552/866, Grad Norms near zero: 0, Lx 2.1684, Lu 0.0768, Penalty 0.0217, loss 2.2669
Label Softmax (x): [0.0689719  0.09020737 0.06789862 0.13957964 0.10290529 0.14240363
 0.11324732 0.12586558 0.07133886 0.07758179]
Epoch 11, Batch 553/866, Grad Norms near zero: 0, Lx 2.1623, Lu 0.0542, Penalty 0.0383, loss 2.2549
Label Softmax (x): [0.06575654 0.09466895 0.06776976 0.14542897 0.10402045 0.1558187
 0.1106538  0.11030041 0.0660559  0.0795265 ]
Epoch 11, Batch 554/866, Grad Norms near zero: 0, Lx 2.1087, Lu 0.0766, Penalty 0.0450, loss 2.2304
Label Softmax (x): [0.06465079 0.07350069 0.06681272 0.11895679 0.11015556 0.1701335
 0.11024943 0.12827422 0.08399034 0.073276  ]
Epoch 11, Batch 555/866, Grad Norms near zero: 0, Lx 1.9105, Lu 0.0501, Penalty 0.0484, loss 2.0090
Label Softmax (x): [0.06713463 0.09496459 0.06632958 0.13257538 0.11423372 0.1508618
 0.10954496 0.11567134 0.07280005 0.07588396]
Epoch 11, Batch 556/866, Grad Norms near zero: 0, Lx 2.0358, Lu 0.0571, Penalty 0.0391, loss 2.1320
Label Softmax (x): [0.06558602 0.08260955 0.06872593 0.12213728 0.1288049  0.14908491
 0.10896014 0.12692888 0.07642703 0.07073533]
Epoch 11, Batch 557/866, Grad Norms near zero: 0, Lx 2.0700, Lu 0.0518, Penalty 0.0426, loss 2.1644
Label Softmax (x): [0.06578454 0.08058897 0.08639874 0.12139764 0.10702983 0.16770464
 0.09620863 0.11958297 0.08543557 0.06986847]
Epoch 11, Batch 558/866, Grad Norms near zero: 0, Lx 2.1804, Lu 0.0749, Penalty 0.0378, loss 2.2931
Label Softmax (x): [0.07246822 0.08580188 0.07104868 0.11573607 0.10473283 0.16336499
 0.10842563 0.1195353  0.07027695 0.08860944]
Epoch 11, Batch 559/866, Grad Norms near zero: 0, Lx 2.0903, Lu 0.0518, Penalty 0.0348, loss 2.1770
Label Softmax (x): [0.0746533  0.0829804  0.07659324 0.10412537 0.12204181 0.14410049
 0.10377812 0.1240671  0.07475792 0.09290226]
Epoch 11, Batch 560/866, Grad Norms near zero: 0, Lx 2.1644, Lu 0.0526, Penalty 0.0252, loss 2.2422
Label Softmax (x): [0.08165704 0.09833511 0.06775399 0.1091579  0.12834445 0.12705727
 0.10688315 0.11563355 0.06344579 0.10173175]
Epoch 11, Batch 561/866, Grad Norms near zero: 0, Lx 2.0497, Lu 0.0365, Penalty 0.0258, loss 2.1119
Label Softmax (x): [0.07229778 0.10374257 0.07166373 0.1118459  0.13072687 0.14343826
 0.09428784 0.13492559 0.05512789 0.08194354]
Epoch 11, Batch 562/866, Grad Norms near zero: 0, Lx 2.0484, Lu 0.0787, Penalty 0.0434, loss 2.1705
Label Softmax (x): [0.09443478 0.10003506 0.05772067 0.10346084 0.11559059 0.12654364
 0.10650642 0.12731645 0.05219259 0.11619897]
Epoch 11, Batch 563/866, Grad Norms near zero: 0, Lx 2.1454, Lu 0.0600, Penalty 0.0388, loss 2.2442
Label Softmax (x): [0.09426821 0.09803297 0.04953611 0.10184108 0.11797785 0.13093124
 0.10725013 0.1484227  0.05481978 0.09691991]
Epoch 11, Batch 564/866, Grad Norms near zero: 0, Lx 2.2618, Lu 0.0632, Penalty 0.0496, loss 2.3746
Label Softmax (x): [0.0980311  0.08378138 0.05332354 0.09800201 0.10142499 0.14227471
 0.09018826 0.16249694 0.0635141  0.10696296]
Epoch 11, Batch 565/866, Grad Norms near zero: 0, Lx 1.9261, Lu 0.0423, Penalty 0.0483, loss 2.0168
Label Softmax (x): [0.09766027 0.10747728 0.05054594 0.10668481 0.09012738 0.14377448
 0.09086373 0.1610761  0.05691406 0.09487595]
Epoch 11, Batch 566/866, Grad Norms near zero: 0, Lx 2.0731, Lu 0.0762, Penalty 0.0545, loss 2.2039
Label Softmax (x): [0.07443146 0.12338081 0.0400625  0.12298338 0.08673117 0.17565542
 0.07918872 0.18511903 0.04445614 0.06799138]
Epoch 11, Batch 567/866, Grad Norms near zero: 0, Lx 1.7761, Lu 0.0394, Penalty 0.1186, loss 1.9341
Label Softmax (x): [0.09308313 0.0894988  0.05137518 0.09940638 0.08664417 0.15345293
 0.08789414 0.1782548  0.0756329  0.08475757]
Epoch 11, Batch 568/866, Grad Norms near zero: 0, Lx 2.0233, Lu 0.0506, Penalty 0.0565, loss 2.1305
Label Softmax (x): [0.0825263  0.12814668 0.05222745 0.10387369 0.09427851 0.14300539
 0.09891329 0.16127741 0.06079699 0.0749543 ]
Epoch 11, Batch 569/866, Grad Norms near zero: 0, Lx 2.1204, Lu 0.0580, Penalty 0.0576, loss 2.2360
Label Softmax (x): [0.07687382 0.12924668 0.05422334 0.10753275 0.10320889 0.13941425
 0.10263617 0.14868082 0.0596597  0.07852355]
Epoch 11, Batch 570/866, Grad Norms near zero: 0, Lx 2.1560, Lu 0.0721, Penalty 0.0518, loss 2.2798
Label Softmax (x): [0.06404009 0.1203307  0.05689641 0.1305041  0.08291475 0.1513154
 0.09022832 0.17267783 0.06782456 0.06326785]
Epoch 11, Batch 571/866, Grad Norms near zero: 0, Lx 2.0257, Lu 0.0529, Penalty 0.0734, loss 2.1519
Label Softmax (x): [0.07137746 0.12729555 0.0450409  0.11450204 0.10146673 0.14679569
 0.10959975 0.14866239 0.05534749 0.07991195]
Epoch 11, Batch 572/866, Grad Norms near zero: 0, Lx 2.0841, Lu 0.0658, Penalty 0.0687, loss 2.2186
Label Softmax (x): [0.08374786 0.11558001 0.05887381 0.11567506 0.08359334 0.13453877
 0.09818427 0.14342637 0.07606219 0.09031837]
Epoch 11, Batch 573/866, Grad Norms near zero: 0, Lx 2.0519, Lu 0.0367, Penalty 0.0332, loss 2.1219
Label Softmax (x): [0.07114637 0.11412682 0.04640025 0.12083777 0.0909417  0.14682835
 0.11191854 0.14709438 0.05448747 0.09621833]
Epoch 11, Batch 574/866, Grad Norms near zero: 0, Lx 2.1291, Lu 0.0577, Penalty 0.0645, loss 2.2513
Label Softmax (x): [0.07593758 0.11347851 0.05523483 0.11049435 0.09573359 0.12739767
 0.12552981 0.13749306 0.06525106 0.09344955]
Epoch 11, Batch 575/866, Grad Norms near zero: 0, Lx 2.0566, Lu 0.0519, Penalty 0.0393, loss 2.1478
Label Softmax (x): [0.06836239 0.12068732 0.06689505 0.11787374 0.10139164 0.12240195
 0.12367936 0.12730953 0.06350721 0.08789183]
Epoch 11, Batch 576/866, Grad Norms near zero: 0, Lx 2.1111, Lu 0.0762, Penalty 0.0343, loss 2.2217
Label Softmax (x): [0.06332079 0.11037119 0.04753447 0.13813426 0.0736668  0.15946767
 0.12073468 0.15357472 0.04154993 0.0916455 ]
Epoch 11, Batch 577/866, Grad Norms near zero: 0, Lx 2.1159, Lu 0.0936, Penalty 0.0966, loss 2.3061
Label Softmax (x): [0.06738541 0.11056601 0.06539392 0.11845369 0.09883883 0.11529426
 0.14184032 0.11860991 0.06542471 0.09819297]
Epoch 11, Batch 578/866, Grad Norms near zero: 0, Lx 2.0770, Lu 0.0628, Penalty 0.0341, loss 2.1739
Label Softmax (x): [0.05702134 0.09940919 0.05729571 0.13150881 0.0898352  0.14993756
 0.13415076 0.1377161  0.04927327 0.09385206]
Epoch 11, Batch 579/866, Grad Norms near zero: 0, Lx 1.9226, Lu 0.0498, Penalty 0.0710, loss 2.0434
Label Softmax (x): [0.07144196 0.0852749  0.06343201 0.12161255 0.08659732 0.13075282
 0.14199433 0.13325793 0.06883921 0.09679702]
Epoch 11, Batch 580/866, Grad Norms near zero: 0, Lx 2.0674, Lu 0.0578, Penalty 0.0399, loss 2.1651
Label Softmax (x): [0.06658804 0.09153512 0.08561306 0.11431873 0.09815876 0.11789389
 0.14023992 0.12118041 0.07505416 0.08941792]
Epoch 11, Batch 581/866, Grad Norms near zero: 0, Lx 2.0412, Lu 0.0783, Penalty 0.0239, loss 2.1435
Label Softmax (x): [0.06942381 0.07800421 0.07540035 0.10083677 0.1097316  0.10586563
 0.15606499 0.11130267 0.08075732 0.11261269]
Epoch 11, Batch 582/866, Grad Norms near zero: 0, Lx 2.1251, Lu 0.0504, Penalty 0.0280, loss 2.2035
Label Softmax (x): [0.07565556 0.07608331 0.06460452 0.09554691 0.10369083 0.09794451
 0.16380018 0.12152414 0.08890849 0.11224152]
Epoch 11, Batch 583/866, Grad Norms near zero: 0, Lx 2.1890, Lu 0.0984, Penalty 0.0333, loss 2.3206
Label Softmax (x): [0.07307211 0.08881128 0.08496298 0.1093132  0.08656912 0.12016039
 0.13717955 0.1228264  0.08471015 0.09239484]
Epoch 11, Batch 584/866, Grad Norms near zero: 0, Lx 2.1212, Lu 0.0865, Penalty 0.0190, loss 2.2267
Label Softmax (x): [0.07198173 0.0787574  0.0634445  0.09569606 0.11365598 0.11068472
 0.14607158 0.1237064  0.09363616 0.10236544]
Epoch 11, Batch 585/866, Grad Norms near zero: 0, Lx 2.0758, Lu 0.0644, Penalty 0.0288, loss 2.1689
Label Softmax (x): [0.06967664 0.08674971 0.06869322 0.10843994 0.10395079 0.11822117
 0.14085692 0.11383338 0.0810708  0.10850741]
Epoch 11, Batch 586/866, Grad Norms near zero: 0, Lx 2.0953, Lu 0.0663, Penalty 0.0248, loss 2.1864
Label Softmax (x): [0.06142933 0.09544363 0.06564119 0.11090196 0.09621564 0.14032333
 0.13255614 0.13178605 0.08016985 0.08553286]
Epoch 11, Batch 587/866, Grad Norms near zero: 0, Lx 2.0355, Lu 0.0696, Penalty 0.0371, loss 2.1422
Label Softmax (x): [0.06129904 0.08831515 0.05895534 0.1111519  0.10432078 0.1432561
 0.1331654  0.13733986 0.07269804 0.08949834]
Epoch 11, Batch 588/866, Grad Norms near zero: 0, Lx 2.1586, Lu 0.0743, Penalty 0.0461, loss 2.2790
Label Softmax (x): [0.06244623 0.10186449 0.05210529 0.113277   0.11315793 0.1250988
 0.13063702 0.1456387  0.07841741 0.07735711]
Epoch 11, Batch 589/866, Grad Norms near zero: 0, Lx 2.1533, Lu 0.0829, Penalty 0.0489, loss 2.2851
Label Softmax (x): [0.0586971  0.1219525  0.05548033 0.12240246 0.11268116 0.12870227
 0.11609764 0.15676528 0.05750168 0.0697196 ]
Epoch 11, Batch 590/866, Grad Norms near zero: 0, Lx 2.0316, Lu 0.0871, Penalty 0.0665, loss 2.1852
Label Softmax (x): [0.08029354 0.08690206 0.05484456 0.10999818 0.09672568 0.11703935
 0.09819611 0.20775248 0.07503366 0.07321438]
Epoch 11, Batch 591/866, Grad Norms near zero: 0, Lx 1.9189, Lu 0.0618, Penalty 0.0627, loss 2.0434
Label Softmax (x): [0.07427813 0.10079602 0.06115371 0.10371263 0.07121837 0.12501799
 0.08501559 0.21228243 0.10072921 0.06579594]
Epoch 11, Batch 592/866, Grad Norms near zero: 0, Lx 1.9306, Lu 0.0481, Penalty 0.0682, loss 2.0469
Label Softmax (x): [0.07406831 0.1212308  0.05744214 0.11451835 0.11406468 0.10897513
 0.09492393 0.18473378 0.06062206 0.06942081]
Epoch 11, Batch 593/866, Grad Norms near zero: 0, Lx 1.7947, Lu 0.0389, Penalty 0.0613, loss 1.8949
Label Softmax (x): [0.07851303 0.11958314 0.04979312 0.12519827 0.08329191 0.12123142
 0.09681546 0.19244288 0.05904905 0.07408173]
Epoch 11, Batch 594/866, Grad Norms near zero: 0, Lx 2.0773, Lu 0.0644, Penalty 0.0730, loss 2.2147
Label Softmax (x): [0.08152393 0.12177072 0.05179475 0.11779957 0.11964147 0.10213695
 0.10655467 0.16688123 0.05714551 0.07475118]
Epoch 11, Batch 595/866, Grad Norms near zero: 0, Lx 2.0917, Lu 0.0748, Penalty 0.0576, loss 2.2240
Label Softmax (x): [0.07863911 0.11298665 0.06007701 0.11879057 0.09373094 0.12120819
 0.1034938  0.18184704 0.04648866 0.082738  ]
Epoch 11, Batch 596/866, Grad Norms near zero: 0, Lx 2.1812, Lu 0.0731, Penalty 0.0651, loss 2.3194
Label Softmax (x): [0.07274246 0.10068715 0.06049706 0.11028765 0.07845268 0.15326329
 0.10863326 0.17410605 0.05455696 0.08677346]
Epoch 11, Batch 597/866, Grad Norms near zero: 0, Lx 2.0531, Lu 0.0546, Penalty 0.0642, loss 2.1719
Label Softmax (x): [0.07674367 0.11709365 0.09573399 0.11195693 0.07691027 0.11362363
 0.11409718 0.15046802 0.05653427 0.08683839]
Epoch 11, Batch 598/866, Grad Norms near zero: 0, Lx 2.0075, Lu 0.0564, Penalty 0.0343, loss 2.0982
Label Softmax (x): [0.09016818 0.10744825 0.06659824 0.10614935 0.10168366 0.10210717
 0.11858602 0.15278006 0.05654437 0.09793472]
Epoch 11, Batch 599/866, Grad Norms near zero: 0, Lx 2.1288, Lu 0.0615, Penalty 0.0338, loss 2.2241
Label Softmax (x): [0.07171663 0.10600526 0.05340253 0.10777809 0.10674794 0.12587994
 0.12296846 0.1676923  0.03916173 0.09864713]
Epoch 11, Batch 600/866, Grad Norms near zero: 0, Lx 2.1281, Lu 0.0956, Penalty 0.0758, loss 2.2996
Label Softmax (x): [0.08948795 0.09952142 0.08810915 0.09776545 0.07267092 0.12214076
 0.11685836 0.13884315 0.08237756 0.09222526]
Epoch 11, Batch 601/866, Grad Norms near zero: 0, Lx 2.1035, Lu 0.0757, Penalty 0.0175, loss 2.1967
Label Softmax (x): [0.08150044 0.10349073 0.07069477 0.10488371 0.09847383 0.11977212
 0.11272542 0.14742745 0.05372044 0.10731107]
Epoch 11, Batch 602/866, Grad Norms near zero: 0, Lx 2.1953, Lu 0.0804, Penalty 0.0347, loss 2.3105
Label Softmax (x): [0.08672501 0.08134431 0.08273347 0.09421678 0.08396366 0.12336528
 0.12785852 0.12075879 0.07653006 0.12250414]
Epoch 11, Batch 603/866, Grad Norms near zero: 0, Lx 2.1408, Lu 0.0585, Penalty 0.0193, loss 2.2187
Label Softmax (x): [0.08447226 0.06801064 0.07099737 0.09026461 0.10945331 0.12500818
 0.12483126 0.13352169 0.08571065 0.10773004]
Epoch 11, Batch 604/866, Grad Norms near zero: 0, Lx 2.0390, Lu 0.0681, Penalty 0.0255, loss 2.1325
Label Softmax (x): [0.06625526 0.08318935 0.08498517 0.08827924 0.11627176 0.13343996
 0.11467586 0.12596522 0.07744071 0.10949744]
Epoch 11, Batch 605/866, Grad Norms near zero: 0, Lx 1.8738, Lu 0.0453, Penalty 0.0241, loss 1.9432
Label Softmax (x): [0.06196131 0.10983975 0.06586888 0.1087534  0.13606644 0.12516934
 0.12445852 0.11897686 0.0647713  0.08413421]
Epoch 11, Batch 606/866, Grad Norms near zero: 0, Lx 2.0865, Lu 0.0594, Penalty 0.0400, loss 2.1860
Label Softmax (x): [0.06712194 0.08089963 0.06121087 0.09769393 0.11503189 0.16078956
 0.12277561 0.1261671  0.05380948 0.11449998]
Epoch 11, Batch 607/866, Grad Norms near zero: 0, Lx 2.0239, Lu 0.0635, Penalty 0.0557, loss 2.1431
Label Softmax (x): [0.0645979  0.11831147 0.05886899 0.11971878 0.12633552 0.13804269
 0.10867198 0.12654364 0.05412615 0.08478288]
Epoch 11, Batch 608/866, Grad Norms near zero: 0, Lx 2.1068, Lu 0.0712, Penalty 0.0523, loss 2.2303
Label Softmax (x): [0.06204745 0.11883449 0.05259534 0.12227625 0.13619307 0.14480554
 0.10697    0.1300215  0.04817205 0.0780843 ]
Epoch 11, Batch 609/866, Grad Norms near zero: 0, Lx 2.1254, Lu 0.1027, Penalty 0.0715, loss 2.2996
Label Softmax (x): [0.06882207 0.10131851 0.04765551 0.12129316 0.11835602 0.15242167
 0.11993935 0.11998756 0.05463758 0.09556858]
Epoch 11, Batch 610/866, Grad Norms near zero: 0, Lx 2.1164, Lu 0.0884, Penalty 0.0604, loss 2.2653
Label Softmax (x): [0.06266065 0.12940872 0.04871654 0.13980182 0.13549767 0.13237599
 0.11676694 0.11350526 0.04966355 0.0716029 ]
Epoch 11, Batch 611/866, Grad Norms near zero: 0, Lx 2.0818, Lu 0.0623, Penalty 0.0762, loss 2.2202
Label Softmax (x): [0.06410287 0.11706074 0.05560363 0.13624981 0.13052402 0.12584941
 0.11996311 0.12150975 0.06385644 0.06528024]
Epoch 11, Batch 612/866, Grad Norms near zero: 0, Lx 2.0659, Lu 0.0832, Penalty 0.0567, loss 2.2058
Label Softmax (x): [0.06701329 0.11169247 0.04978105 0.13464417 0.10583129 0.14177896
 0.11021933 0.14669049 0.06120608 0.07114288]
Epoch 11, Batch 613/866, Grad Norms near zero: 0, Lx 1.9786, Lu 0.0464, Penalty 0.0635, loss 2.0885
Label Softmax (x): [0.07754496 0.12322633 0.0537455  0.13805804 0.09404137 0.12709582
 0.10869857 0.12601867 0.06593865 0.08563206]
Epoch 11, Batch 614/866, Grad Norms near zero: 0, Lx 2.0823, Lu 0.0464, Penalty 0.0422, loss 2.1709
Label Softmax (x): [0.07764394 0.10896868 0.06852116 0.13400523 0.07732764 0.13317928
 0.09934728 0.14589    0.08107035 0.07404649]
Epoch 11, Batch 615/866, Grad Norms near zero: 0, Lx 2.1122, Lu 0.0636, Penalty 0.0362, loss 2.2120
Label Softmax (x): [0.06515966 0.09663597 0.05939343 0.12815517 0.10874812 0.12470268
 0.10765079 0.17423326 0.07850894 0.056812  ]
Epoch 11, Batch 616/866, Grad Norms near zero: 0, Lx 2.0556, Lu 0.0845, Penalty 0.0609, loss 2.2010
Label Softmax (x): [0.07122178 0.09992038 0.05550493 0.14004618 0.08493088 0.12446997
 0.10746685 0.16823581 0.07494637 0.07325686]
Epoch 11, Batch 617/866, Grad Norms near zero: 0, Lx 2.1751, Lu 0.0680, Penalty 0.0544, loss 2.2975
Label Softmax (x): [0.07544675 0.09881591 0.05871204 0.13872762 0.06895191 0.12468903
 0.10117576 0.17513563 0.07702436 0.08132099]
Epoch 11, Batch 618/866, Grad Norms near zero: 0, Lx 2.0799, Lu 0.0815, Penalty 0.0546, loss 2.2160
Label Softmax (x): [0.06834264 0.08720159 0.05167305 0.13678779 0.07335552 0.14044477
 0.10337536 0.1836535  0.07521172 0.07995404]
Epoch 11, Batch 619/866, Grad Norms near zero: 0, Lx 2.0989, Lu 0.0496, Penalty 0.0702, loss 2.2187
Label Softmax (x): [0.06853879 0.10156477 0.04612332 0.13424972 0.09470412 0.1268537
 0.11389941 0.16363855 0.07546236 0.07496528]
Epoch 11, Batch 620/866, Grad Norms near zero: 0, Lx 2.1099, Lu 0.0596, Penalty 0.0605, loss 2.2300
Label Softmax (x): [0.07169149 0.09626719 0.05957146 0.1351975  0.0734208  0.12165363
 0.09898991 0.18300295 0.06800435 0.09220071]
Epoch 11, Batch 621/866, Grad Norms near zero: 0, Lx 2.0005, Lu 0.0358, Penalty 0.0573, loss 2.0936
Label Softmax (x): [0.07906652 0.06922107 0.0658703  0.12574995 0.07000199 0.11638489
 0.10342665 0.1752598  0.10059376 0.09442507]
Epoch 11, Batch 622/866, Grad Norms near zero: 0, Lx 2.1224, Lu 0.0617, Penalty 0.0453, loss 2.2293
Label Softmax (x): [0.06628656 0.09291941 0.0668584  0.13213748 0.07688507 0.126632
 0.10258242 0.17256989 0.06812733 0.09500143]
Epoch 11, Batch 623/866, Grad Norms near zero: 0, Lx 2.1364, Lu 0.0666, Penalty 0.0499, loss 2.2529
Label Softmax (x): [0.05668229 0.08547461 0.05978859 0.12452647 0.08451063 0.15075602
 0.10946633 0.17656589 0.05520092 0.09702825]
Epoch 11, Batch 624/866, Grad Norms near zero: 0, Lx 2.0062, Lu 0.0600, Penalty 0.0743, loss 2.1404
Label Softmax (x): [0.05681612 0.1091353  0.05979651 0.11978002 0.10417224 0.145479
 0.11281695 0.14561175 0.06583442 0.0805577 ]
Epoch 11, Batch 625/866, Grad Norms near zero: 0, Lx 2.0853, Lu 0.0575, Penalty 0.0534, loss 2.1961
Label Softmax (x): [0.05579465 0.10902935 0.08012137 0.11955249 0.11573448 0.12412751
 0.10726961 0.13382067 0.05924432 0.09530558]
Epoch 11, Batch 626/866, Grad Norms near zero: 0, Lx 2.0583, Lu 0.0623, Penalty 0.0388, loss 2.1594
Label Softmax (x): [0.05814071 0.09025014 0.06647466 0.10598737 0.10401881 0.1680881
 0.10972799 0.13645796 0.06800031 0.09285393]
Epoch 11, Batch 627/866, Grad Norms near zero: 0, Lx 1.9236, Lu 0.0367, Penalty 0.0492, loss 2.0095
Label Softmax (x): [0.05220704 0.09868783 0.09453046 0.10665137 0.11329218 0.14264712
 0.10797445 0.12386267 0.06095905 0.09918781]
Epoch 11, Batch 628/866, Grad Norms near zero: 0, Lx 2.0772, Lu 0.0518, Penalty 0.0387, loss 2.1677
Label Softmax (x): [0.0571437  0.09170423 0.08975138 0.10122114 0.10909161 0.1474916
 0.10966992 0.12961136 0.0637898  0.10052527]
Epoch 11, Batch 629/866, Grad Norms near zero: 0, Lx 2.0310, Lu 0.0665, Penalty 0.0359, loss 2.1334
Label Softmax (x): [0.06268544 0.1303979  0.06564782 0.11387283 0.11407042 0.141029
 0.11606684 0.12062433 0.05155712 0.0840483 ]
Epoch 11, Batch 630/866, Grad Norms near zero: 0, Lx 2.0165, Lu 0.0786, Penalty 0.0517, loss 2.1468
Label Softmax (x): [0.06089378 0.09636008 0.07154613 0.10198894 0.10464773 0.14014941
 0.12332133 0.11875363 0.05542237 0.12691659]
Epoch 11, Batch 631/866, Grad Norms near zero: 0, Lx 2.1345, Lu 0.0505, Penalty 0.0436, loss 2.2285
Label Softmax (x): [0.06426024 0.09522595 0.08087705 0.09847057 0.10940826 0.12400299
 0.12342546 0.12106524 0.06646412 0.11680011]
Epoch 11, Batch 632/866, Grad Norms near zero: 0, Lx 2.1234, Lu 0.0568, Penalty 0.0265, loss 2.2068
Label Softmax (x): [0.06064517 0.1034808  0.07158639 0.09990504 0.11290132 0.13930532
 0.11510631 0.13292617 0.05966998 0.10447355]
Epoch 11, Batch 633/866, Grad Norms near zero: 0, Lx 2.0377, Lu 0.0671, Penalty 0.0396, loss 2.1444
Label Softmax (x): [0.05039351 0.10698444 0.06477755 0.1066941  0.12553702 0.14354388
 0.13473742 0.12181962 0.05712368 0.08838879]
Epoch 11, Batch 634/866, Grad Norms near zero: 0, Lx 1.9637, Lu 0.0669, Penalty 0.0586, loss 2.0892
Label Softmax (x): [0.05044577 0.10972016 0.06127523 0.11227433 0.13314399 0.14574781
 0.14359951 0.10897654 0.057142   0.07767463]
Epoch 11, Batch 635/866, Grad Norms near zero: 0, Lx 2.1351, Lu 0.0639, Penalty 0.0667, loss 2.2658
Label Softmax (x): [0.05810251 0.08964038 0.05610228 0.10205996 0.12329897 0.14032137
 0.12877795 0.13918875 0.070288   0.09221978]
Epoch 11, Batch 636/866, Grad Norms near zero: 0, Lx 1.9094, Lu 0.0390, Penalty 0.0512, loss 1.9996
Label Softmax (x): [0.07742026 0.11005478 0.06560038 0.10687006 0.10846673 0.09513757
 0.12794417 0.13031405 0.0777842  0.10040781]
Epoch 11, Batch 637/866, Grad Norms near zero: 0, Lx 2.1528, Lu 0.0629, Penalty 0.0220, loss 2.2377
Label Softmax (x): [0.07798648 0.11593954 0.06498821 0.11197111 0.10267977 0.09473432
 0.12822682 0.13121186 0.07874998 0.09351191]
Epoch 11, Batch 638/866, Grad Norms near zero: 0, Lx 2.1666, Lu 0.0588, Penalty 0.0232, loss 2.2487
Label Softmax (x): [0.08358637 0.10500458 0.05711411 0.1120465  0.09874195 0.08975979
 0.12567566 0.14202237 0.07900689 0.10704182]
Epoch 11, Batch 639/866, Grad Norms near zero: 0, Lx 2.1319, Lu 0.0907, Penalty 0.0286, loss 2.2511
Label Softmax (x): [0.07910867 0.10430789 0.05025778 0.12102769 0.0952528  0.09531601
 0.13082579 0.1465131  0.06783965 0.10955058]
Epoch 11, Batch 640/866, Grad Norms near zero: 0, Lx 2.0993, Lu 0.0559, Penalty 0.0432, loss 2.1984
Label Softmax (x): [0.07697282 0.10144246 0.05847513 0.11880978 0.09984032 0.09193076
 0.12544161 0.15819755 0.07671498 0.09217459]
Epoch 11, Batch 641/866, Grad Norms near zero: 0, Lx 2.0656, Lu 0.0583, Penalty 0.0359, loss 2.1598
Label Softmax (x): [0.07559881 0.0959418  0.04870714 0.12675509 0.07659633 0.11897026
 0.12149739 0.17200872 0.06571712 0.09820738]
Epoch 11, Batch 642/866, Grad Norms near zero: 0, Lx 2.0728, Lu 0.0774, Penalty 0.0597, loss 2.2099
Label Softmax (x): [0.07061789 0.08955462 0.04434786 0.1351151  0.07643009 0.11824126
 0.12838855 0.17242461 0.0631149  0.10176509]
Epoch 11, Batch 643/866, Grad Norms near zero: 0, Lx 2.1914, Lu 0.0850, Penalty 0.0720, loss 2.3484
Label Softmax (x): [0.07477195 0.08521021 0.04463163 0.13869698 0.0853548  0.10267081
 0.12442063 0.18141049 0.07649579 0.08633672]
Epoch 11, Batch 644/866, Grad Norms near zero: 0, Lx 2.0246, Lu 0.0473, Penalty 0.0663, loss 2.1383
Label Softmax (x): [0.08714193 0.09426702 0.04879816 0.14823912 0.07331458 0.10244173
 0.12554318 0.13969393 0.05645648 0.12410389]
Epoch 11, Batch 645/866, Grad Norms near zero: 0, Lx 2.0484, Lu 0.0603, Penalty 0.0601, loss 2.1688
Label Softmax (x): [0.06120022 0.09150556 0.06471796 0.13001494 0.09031768 0.11076015
 0.12865268 0.17883563 0.06780332 0.07619183]
Epoch 11, Batch 646/866, Grad Norms near zero: 0, Lx 2.0452, Lu 0.0691, Penalty 0.0579, loss 2.1722
Label Softmax (x): [0.06024455 0.09099231 0.05835178 0.1347429  0.07598735 0.11037748
 0.13623793 0.18638512 0.07526632 0.07141425]
Epoch 11, Batch 647/866, Grad Norms near zero: 0, Lx 2.0710, Lu 0.0659, Penalty 0.0706, loss 2.2076
Label Softmax (x): [0.06659734 0.09941201 0.05095714 0.1283291  0.12287534 0.10790052
 0.1301991  0.16390231 0.06280793 0.0670192 ]
Epoch 11, Batch 648/866, Grad Norms near zero: 0, Lx 1.8580, Lu 0.0404, Penalty 0.0662, loss 1.9647
Label Softmax (x): [0.06870151 0.11182917 0.05143778 0.12943944 0.09881365 0.10275778
 0.13094266 0.15619296 0.07238474 0.07750028]
Epoch 11, Batch 649/866, Grad Norms near zero: 0, Lx 2.0511, Lu 0.0768, Penalty 0.0518, loss 2.1796
Label Softmax (x): [0.05154421 0.11331297 0.05357538 0.11842395 0.08393665 0.15433972
 0.129736   0.18017109 0.04513211 0.06982789]
Epoch 11, Batch 650/866, Grad Norms near zero: 0, Lx 2.1853, Lu 0.0793, Penalty 0.1039, loss 2.3686
Label Softmax (x): [0.06570046 0.10673039 0.04644895 0.11305037 0.07804393 0.14799345
 0.12369384 0.17692842 0.0632642  0.07814603]
Epoch 11, Batch 651/866, Grad Norms near zero: 0, Lx 1.9808, Lu 0.0504, Penalty 0.0776, loss 2.1088
Label Softmax (x): [0.06741914 0.10913844 0.05714802 0.11689225 0.06355231 0.15697229
 0.13006608 0.15663977 0.06128519 0.08088653]
Epoch 11, Batch 652/866, Grad Norms near zero: 0, Lx 2.0590, Lu 0.0540, Penalty 0.0703, loss 2.1833
Label Softmax (x): [0.07237537 0.1305381  0.06097496 0.10803497 0.09784702 0.12599556
 0.11430197 0.14689799 0.07047516 0.07255889]
Epoch 11, Batch 653/866, Grad Norms near zero: 0, Lx 1.9550, Lu 0.0365, Penalty 0.0417, loss 2.0332
Label Softmax (x): [0.10065995 0.11342344 0.04731326 0.11250293 0.07777614 0.13530363
 0.10687082 0.14233911 0.05951217 0.10429853]
Epoch 11, Batch 654/866, Grad Norms near zero: 0, Lx 1.9104, Lu 0.0626, Penalty 0.0504, loss 2.0234
Label Softmax (x): [0.06095555 0.10580733 0.07607379 0.11013784 0.08702065 0.14855498
 0.13049969 0.12827058 0.07023894 0.08244068]
Epoch 11, Batch 655/866, Grad Norms near zero: 0, Lx 2.1659, Lu 0.0540, Penalty 0.0390, loss 2.2589
Label Softmax (x): [0.05899001 0.10924225 0.07384156 0.11651114 0.10962588 0.13892063
 0.13224778 0.12710483 0.05663266 0.07688328]
Epoch 11, Batch 656/866, Grad Norms near zero: 0, Lx 2.0241, Lu 0.0755, Penalty 0.0481, loss 2.1477
Label Softmax (x): [0.06569258 0.10302016 0.07399935 0.1193999  0.10687159 0.13045833
 0.12504953 0.11829284 0.06001267 0.09720308]
Epoch 11, Batch 657/866, Grad Norms near zero: 0, Lx 2.0414, Lu 0.0516, Penalty 0.0329, loss 2.1259
Label Softmax (x): [0.06875283 0.15361741 0.05867109 0.14599368 0.10998443 0.11387369
 0.10638389 0.1107395  0.0482219  0.08376157]
Epoch 11, Batch 658/866, Grad Norms near zero: 0, Lx 2.0323, Lu 0.0752, Penalty 0.0618, loss 2.1694
Label Softmax (x): [0.06957108 0.1261524  0.07231345 0.14446418 0.09366183 0.11377074
 0.12180167 0.10365701 0.05978226 0.09482536]
Epoch 11, Batch 659/866, Grad Norms near zero: 0, Lx 2.2148, Lu 0.0668, Penalty 0.0358, loss 2.3174
Label Softmax (x): [0.08372755 0.11149137 0.06502697 0.12988006 0.09416508 0.10435986
 0.09931132 0.11485872 0.07370444 0.12347464]
Epoch 11, Batch 660/866, Grad Norms near zero: 0, Lx 2.1868, Lu 0.0659, Penalty 0.0218, loss 2.2745
Label Softmax (x): [0.06098624 0.0940053  0.07222444 0.12554124 0.11987366 0.12312619
 0.12009382 0.11455711 0.06730697 0.10228503]
Epoch 11, Batch 661/866, Grad Norms near zero: 0, Lx 2.0665, Lu 0.0447, Penalty 0.0319, loss 2.1431
Label Softmax (x): [0.06184553 0.09418301 0.06180767 0.12356815 0.11570784 0.13695326
 0.11806985 0.12649834 0.05930771 0.10205863]
Epoch 11, Batch 662/866, Grad Norms near zero: 0, Lx 2.0981, Lu 0.0893, Penalty 0.0451, loss 2.2325
Label Softmax (x): [0.07281275 0.11252323 0.06180443 0.13108318 0.11153462 0.10286373
 0.10911766 0.11776078 0.06457135 0.11592828]
Epoch 11, Batch 663/866, Grad Norms near zero: 0, Lx 2.0721, Lu 0.0645, Penalty 0.0311, loss 2.1677
Label Softmax (x): [0.05671246 0.12324959 0.07079338 0.125232   0.09261952 0.12988478
 0.10232648 0.14626181 0.07824457 0.07467542]
Epoch 11, Batch 664/866, Grad Norms near zero: 0, Lx 1.9650, Lu 0.0713, Penalty 0.0428, loss 2.0791
Label Softmax (x): [0.07034587 0.10627542 0.06567188 0.12831973 0.09943425 0.12716539
 0.11815529 0.11683688 0.07712321 0.09067208]
Epoch 11, Batch 665/866, Grad Norms near zero: 0, Lx 2.1175, Lu 0.0606, Penalty 0.0263, loss 2.2043
Label Softmax (x): [0.06241395 0.09373817 0.05387813 0.11363933 0.12803651 0.13691244
 0.11878094 0.12289554 0.06714357 0.10256141]
Epoch 11, Batch 666/866, Grad Norms near zero: 0, Lx 2.0324, Lu 0.0494, Penalty 0.0460, loss 2.1278
Label Softmax (x): [0.0704986  0.07650095 0.05612005 0.1047934  0.11041564 0.13553782
 0.11273575 0.13052522 0.09032084 0.11255171]
Epoch 11, Batch 667/866, Grad Norms near zero: 0, Lx 2.1327, Lu 0.0566, Penalty 0.0342, loss 2.2236
Label Softmax (x): [0.06207977 0.09815858 0.05153281 0.11950495 0.0871469  0.15367012
 0.11348723 0.14354557 0.08330697 0.08756708]
Epoch 11, Batch 668/866, Grad Norms near zero: 0, Lx 2.0343, Lu 0.0721, Penalty 0.0515, loss 2.1579
Label Softmax (x): [0.05662595 0.10949413 0.05292708 0.11189139 0.11875648 0.13357195
 0.10862195 0.15003479 0.06242917 0.0956471 ]
Epoch 11, Batch 669/866, Grad Norms near zero: 0, Lx 1.9823, Lu 0.0592, Penalty 0.0568, loss 2.0983
Label Softmax (x): [0.06266075 0.13482513 0.06146596 0.11770786 0.09192316 0.12635393
 0.10037795 0.15512365 0.07384793 0.07571366]
Epoch 11, Batch 670/866, Grad Norms near zero: 0, Lx 1.9085, Lu 0.0385, Penalty 0.0481, loss 1.9951
Label Softmax (x): [0.0559775  0.09602097 0.05513096 0.10712616 0.10369032 0.16784717
 0.1154476  0.15122965 0.06789406 0.07963562]
Epoch 11, Batch 671/866, Grad Norms near zero: 0, Lx 2.1332, Lu 0.0535, Penalty 0.0651, loss 2.2518
Label Softmax (x): [0.06346852 0.1303793  0.07446419 0.1161834  0.07513341 0.12826246
 0.10563011 0.14652264 0.07087251 0.08908345]
Epoch 11, Batch 672/866, Grad Norms near zero: 0, Lx 2.1469, Lu 0.0527, Penalty 0.0394, loss 2.2390
Label Softmax (x): [0.05394911 0.11418119 0.06017429 0.10914655 0.10682147 0.14424762
 0.12043545 0.1608664  0.06181679 0.06836115]
Epoch 11, Batch 673/866, Grad Norms near zero: 0, Lx 2.1796, Lu 0.0504, Penalty 0.0673, loss 2.2973
Label Softmax (x): [0.06418462 0.08907387 0.06155007 0.10055162 0.09934641 0.14199351
 0.11903819 0.1675896  0.08284032 0.07383181]
Epoch 11, Batch 674/866, Grad Norms near zero: 0, Lx 2.1044, Lu 0.0747, Penalty 0.0496, loss 2.2286
Label Softmax (x): [0.0618068  0.11447009 0.06288849 0.12134761 0.09345964 0.13564524
 0.12456118 0.14831226 0.07157227 0.06593642]
Epoch 11, Batch 675/866, Grad Norms near zero: 0, Lx 2.1232, Lu 0.0735, Penalty 0.0516, loss 2.2483
Label Softmax (x): [0.06029171 0.11836682 0.07736216 0.11441077 0.09194987 0.13436705
 0.11879245 0.13696383 0.06478044 0.0827149 ]
Epoch 11, Batch 676/866, Grad Norms near zero: 0, Lx 2.0991, Lu 0.0313, Penalty 0.0385, loss 2.1689
Label Softmax (x): [0.0631355  0.10621354 0.07083624 0.11969184 0.11132242 0.12007312
 0.12959185 0.14054382 0.07606062 0.06253105]
Epoch 11, Batch 677/866, Grad Norms near zero: 0, Lx 2.0829, Lu 0.0503, Penalty 0.0418, loss 2.1750
Label Softmax (x): [0.07402229 0.11630855 0.06075156 0.1306228  0.10081209 0.11161003
 0.13600585 0.12558219 0.06698458 0.07730007]
Epoch 11, Batch 678/866, Grad Norms near zero: 0, Lx 2.1862, Lu 0.0457, Penalty 0.0386, loss 2.2705
Label Softmax (x): [0.06265941 0.12669486 0.06207087 0.12435989 0.11422852 0.12547559
 0.12285476 0.13211364 0.06556126 0.06398118]
Epoch 11, Batch 679/866, Grad Norms near zero: 0, Lx 2.1051, Lu 0.0585, Penalty 0.0514, loss 2.2150
Label Softmax (x): [0.06288707 0.12669411 0.05576148 0.1396983  0.11944209 0.11022799
 0.13095091 0.12666751 0.05956824 0.06810229]
Epoch 11, Batch 680/866, Grad Norms near zero: 0, Lx 2.0976, Lu 0.0894, Penalty 0.0598, loss 2.2468
Label Softmax (x): [0.06127813 0.11046652 0.0548869  0.13238452 0.10940772 0.12536089
 0.13109109 0.13391694 0.04810454 0.09310274]
Epoch 11, Batch 681/866, Grad Norms near zero: 0, Lx 2.0192, Lu 0.0717, Penalty 0.0634, loss 2.1543
Label Softmax (x): [0.06474847 0.12380505 0.06820031 0.13495469 0.10421377 0.1193105
 0.1281789  0.12218159 0.06071996 0.07368677]
Epoch 11, Batch 682/866, Grad Norms near zero: 0, Lx 2.0888, Lu 0.0607, Penalty 0.0442, loss 2.1937
Label Softmax (x): [0.05553671 0.11381416 0.04729731 0.14631277 0.11106324 0.12164719
 0.147361   0.11094657 0.04679826 0.09922279]
Epoch 11, Batch 683/866, Grad Norms near zero: 0, Lx 2.0797, Lu 0.0783, Penalty 0.0802, loss 2.2381
Label Softmax (x): [0.05389327 0.10864656 0.07678013 0.13209113 0.12129006 0.11380434
 0.14296699 0.1131881  0.06169223 0.0756472 ]
Epoch 11, Batch 684/866, Grad Norms near zero: 0, Lx 2.0023, Lu 0.0890, Penalty 0.0480, loss 2.1393
Label Softmax (x): [0.06945038 0.11099593 0.07982624 0.13058521 0.10308448 0.11895089
 0.12210311 0.13654755 0.06234472 0.06611151]
Epoch 11, Batch 685/866, Grad Norms near zero: 0, Lx 2.0306, Lu 0.0498, Penalty 0.0390, loss 2.1193
Label Softmax (x): [0.07662863 0.10914351 0.08261424 0.13653815 0.08838301 0.10777104
 0.12253798 0.12782642 0.06668967 0.08186735]
Epoch 11, Batch 686/866, Grad Norms near zero: 0, Lx 2.0819, Lu 0.0566, Penalty 0.0263, loss 2.1647
Label Softmax (x): [0.08078141 0.1045153  0.0789501  0.14157224 0.07263419 0.11762928
 0.11721154 0.1470917  0.06709491 0.07251935]
Epoch 11, Batch 687/866, Grad Norms near zero: 0, Lx 2.0794, Lu 0.0693, Penalty 0.0391, loss 2.1878
Label Softmax (x): [0.08125171 0.09930015 0.06643374 0.1464579  0.07402871 0.12772074
 0.11896258 0.14559612 0.06331265 0.07693569]
Epoch 11, Batch 688/866, Grad Norms near zero: 0, Lx 2.1218, Lu 0.0816, Penalty 0.0468, loss 2.2502
Label Softmax (x): [0.08941109 0.09416065 0.06831266 0.14131792 0.06679704 0.12182297
 0.11498912 0.14746544 0.06280008 0.09292305]
Epoch 11, Batch 689/866, Grad Norms near zero: 0, Lx 2.2143, Lu 0.0751, Penalty 0.0424, loss 2.3319
Label Softmax (x): [0.08024104 0.09678805 0.06266709 0.13651896 0.07051139 0.12860066
 0.11280417 0.15522107 0.06449887 0.09214867]
Epoch 11, Batch 690/866, Grad Norms near zero: 0, Lx 2.0574, Lu 0.0352, Penalty 0.0467, loss 2.1393
Label Softmax (x): [0.08756823 0.10372832 0.0629225  0.13022801 0.07085775 0.13089882
 0.11012    0.1546418  0.06099609 0.08803847]
Epoch 11, Batch 691/866, Grad Norms near zero: 0, Lx 2.1574, Lu 0.0462, Penalty 0.0460, loss 2.2496
Label Softmax (x): [0.07509893 0.0901484  0.05508426 0.11847965 0.06832147 0.1530515
 0.11006606 0.17950226 0.0673025  0.082945  ]
Epoch 11, Batch 692/866, Grad Norms near zero: 0, Lx 2.0856, Lu 0.0428, Penalty 0.0674, loss 2.1958
Label Softmax (x): [0.05444785 0.09114312 0.05170592 0.11548297 0.11176554 0.13956517
 0.11430988 0.16095147 0.09622261 0.06440544]
Epoch 11, Batch 693/866, Grad Norms near zero: 0, Lx 1.9198, Lu 0.0373, Penalty 0.0641, loss 2.0211
Label Softmax (x): [0.07020734 0.09311546 0.05912218 0.12928307 0.08119308 0.14297625
 0.11834811 0.14693812 0.06593414 0.09288222]
Epoch 11, Batch 694/866, Grad Norms near zero: 0, Lx 2.1065, Lu 0.1025, Penalty 0.0482, loss 2.2572
Label Softmax (x): [0.06680606 0.0879759  0.0480408  0.12270316 0.08618983 0.15650344
 0.11769778 0.15163775 0.07212044 0.09032489]
Epoch 11, Batch 695/866, Grad Norms near zero: 0, Lx 2.0905, Lu 0.0592, Penalty 0.0610, loss 2.2107
Label Softmax (x): [0.07281107 0.09246273 0.05652526 0.12728924 0.08444031 0.14203387
 0.11692034 0.12930444 0.07288483 0.10532791]
Epoch 11, Batch 696/866, Grad Norms near zero: 0, Lx 2.0708, Lu 0.0609, Penalty 0.0394, loss 2.1712
Label Softmax (x): [0.06760938 0.10011327 0.05956375 0.11820661 0.10657842 0.14040825
 0.11256844 0.13823368 0.07300727 0.08371091]
Epoch 11, Batch 697/866, Grad Norms near zero: 0, Lx 2.1310, Lu 0.0618, Penalty 0.0388, loss 2.2317
Label Softmax (x): [0.0575957  0.09803145 0.06070707 0.1190125  0.1028603  0.12390719
 0.12245774 0.14360997 0.07434846 0.09746963]
Epoch 11, Batch 698/866, Grad Norms near zero: 0, Lx 2.0538, Lu 0.0496, Penalty 0.0412, loss 2.1446
Label Softmax (x): [0.05520366 0.09025516 0.05499382 0.11372787 0.12848167 0.15827106
 0.1198926  0.13159741 0.06135158 0.08622518]
Epoch 11, Batch 699/866, Grad Norms near zero: 0, Lx 1.9782, Lu 0.0647, Penalty 0.0637, loss 2.1066
Label Softmax (x): [0.06126466 0.10037755 0.05761218 0.11537039 0.13045137 0.13498975
 0.12252972 0.13186823 0.06377966 0.0817565 ]
Epoch 11, Batch 700/866, Grad Norms near zero: 0, Lx 1.9887, Lu 0.0832, Penalty 0.0500, loss 2.1220
Label Softmax (x): [0.05537196 0.11800063 0.0583072  0.11759914 0.14028023 0.13418676
 0.11993599 0.12544176 0.05217081 0.07870553]
Epoch 11, Batch 701/866, Grad Norms near zero: 0, Lx 2.0797, Lu 0.0872, Penalty 0.0652, loss 2.2322
Label Softmax (x): [0.05917921 0.11192611 0.06379465 0.11882013 0.1185456  0.14139827
 0.12230588 0.11990993 0.05429077 0.08982948]
Epoch 11, Batch 702/866, Grad Norms near zero: 0, Lx 2.0608, Lu 0.0567, Penalty 0.0508, loss 2.1683
Label Softmax (x): [0.0714984  0.10006355 0.06728287 0.11165094 0.10443412 0.14097847
 0.12277366 0.12333486 0.07163227 0.08635088]
Epoch 11, Batch 703/866, Grad Norms near zero: 0, Lx 2.0939, Lu 0.0645, Penalty 0.0300, loss 2.1883
Label Softmax (x): [0.05783979 0.09903849 0.05581777 0.11183316 0.1224644  0.15536582
 0.12615706 0.1381866  0.05772335 0.07557358]
Epoch 11, Batch 704/866, Grad Norms near zero: 0, Lx 2.0793, Lu 0.0599, Penalty 0.0659, loss 2.2051
Label Softmax (x): [0.06841339 0.10542775 0.06239561 0.11699428 0.09419641 0.14494637
 0.12806441 0.13031848 0.05853069 0.09071259]
Epoch 11, Batch 705/866, Grad Norms near zero: 0, Lx 2.1522, Lu 0.0881, Penalty 0.0451, loss 2.2854
Label Softmax (x): [0.07346316 0.08963152 0.05823623 0.10462951 0.0996419  0.13444169
 0.12339826 0.14016171 0.07908782 0.09730823]
Epoch 11, Batch 706/866, Grad Norms near zero: 0, Lx 2.0671, Lu 0.0735, Penalty 0.0335, loss 2.1741
Label Softmax (x): [0.08537555 0.10177224 0.07909207 0.11415704 0.07919177 0.13160437
 0.11916287 0.11753409 0.08817759 0.08393241]
Epoch 11, Batch 707/866, Grad Norms near zero: 0, Lx 2.0525, Lu 0.0503, Penalty 0.0165, loss 2.1194
Label Softmax (x): [0.078712   0.10356966 0.07274064 0.12002274 0.0697214  0.15634193
 0.11911055 0.1270394  0.07822762 0.07451403]
Epoch 11, Batch 708/866, Grad Norms near zero: 0, Lx 2.0607, Lu 0.0639, Penalty 0.0379, loss 2.1626
Label Softmax (x): [0.07249232 0.10431606 0.05731297 0.12260436 0.07770474 0.1598543
 0.12368767 0.1386275  0.07395537 0.06944472]
Epoch 11, Batch 709/866, Grad Norms near zero: 0, Lx 2.0409, Lu 0.0538, Penalty 0.0543, loss 2.1490
Label Softmax (x): [0.07998569 0.09601673 0.06859916 0.11968081 0.08078268 0.1376663
 0.1269207  0.13453892 0.07713408 0.07867496]
Epoch 11, Batch 710/866, Grad Norms near zero: 0, Lx 1.9915, Lu 0.0384, Penalty 0.0319, loss 2.0618
Label Softmax (x): [0.07262278 0.1245788  0.06960984 0.12904024 0.07680927 0.13142487
 0.12255505 0.1429511  0.06153454 0.06887349]
Epoch 11, Batch 711/866, Grad Norms near zero: 0, Lx 2.1615, Lu 0.0728, Penalty 0.0496, loss 2.2840
Label Softmax (x): [0.06425236 0.09991428 0.05276529 0.13057771 0.08758981 0.14051297
 0.13283966 0.1550648  0.04926225 0.08722085]
Epoch 11, Batch 712/866, Grad Norms near zero: 0, Lx 2.0916, Lu 0.0834, Penalty 0.0730, loss 2.2480
Label Softmax (x): [0.05732796 0.11620594 0.0596257  0.1337745  0.10065895 0.12120696
 0.13235754 0.15844725 0.05988862 0.06050656]
Epoch 11, Batch 713/866, Grad Norms near zero: 0, Lx 2.0523, Lu 0.0662, Penalty 0.0708, loss 2.1893
Label Softmax (x): [0.06641689 0.12215184 0.05291891 0.13749266 0.09115423 0.10935985
 0.12809108 0.15394287 0.0489231  0.0895486 ]
Epoch 11, Batch 714/866, Grad Norms near zero: 0, Lx 2.1071, Lu 0.0942, Penalty 0.0677, loss 2.2690
Label Softmax (x): [0.05805871 0.10462167 0.0573764  0.1276628  0.10652993 0.10145341
 0.12344894 0.18148956 0.06802087 0.07133772]
Epoch 11, Batch 715/866, Grad Norms near zero: 0, Lx 1.9869, Lu 0.0380, Penalty 0.0649, loss 2.0897
Label Softmax (x): [0.06304778 0.11397417 0.05307031 0.12861142 0.09478603 0.12485468
 0.11941459 0.16149762 0.06187571 0.07886773]
Epoch 11, Batch 716/866, Grad Norms near zero: 0, Lx 1.9896, Lu 0.0836, Penalty 0.0605, loss 2.1337
Label Softmax (x): [0.06133252 0.10655918 0.04846171 0.13120702 0.08076885 0.13258797
 0.12108965 0.1494374  0.05015715 0.11839855]
Epoch 11, Batch 717/866, Grad Norms near zero: 0, Lx 2.0797, Lu 0.0788, Penalty 0.0738, loss 2.2323
Label Softmax (x): [0.06111598 0.10538493 0.04498966 0.13311496 0.12860271 0.12012123
 0.12319045 0.15088327 0.05279638 0.07980043]
Epoch 11, Batch 718/866, Grad Norms near zero: 0, Lx 2.0870, Lu 0.0512, Penalty 0.0762, loss 2.2145
Label Softmax (x): [0.06125768 0.11132791 0.05186582 0.12145565 0.09971279 0.11367856
 0.12046574 0.15139222 0.05803976 0.11080392]
Epoch 11, Batch 719/866, Grad Norms near zero: 0, Lx 2.0361, Lu 0.0843, Penalty 0.0560, loss 2.1764
Label Softmax (x): [0.06944717 0.1092108  0.05395786 0.11809792 0.1014737  0.11058333
 0.11437806 0.1538772  0.06461667 0.10435727]
Epoch 11, Batch 720/866, Grad Norms near zero: 0, Lx 2.1190, Lu 0.0612, Penalty 0.0441, loss 2.2242
Label Softmax (x): [0.05875489 0.11879981 0.06096214 0.12087415 0.11946812 0.10620278
 0.1173001  0.14428353 0.07080804 0.08254645]
Epoch 11, Batch 721/866, Grad Norms near zero: 0, Lx 2.0588, Lu 0.0491, Penalty 0.0438, loss 2.1517
Label Softmax (x): [0.06400393 0.11422411 0.05816319 0.12399329 0.09669184 0.11331869
 0.11627728 0.14771742 0.06229077 0.10331948]
Epoch 11, Batch 722/866, Grad Norms near zero: 0, Lx 2.1025, Lu 0.0489, Penalty 0.0448, loss 2.1962
Label Softmax (x): [0.0567712  0.11964891 0.05843533 0.12832859 0.09290401 0.11479609
 0.12074263 0.13961034 0.06106951 0.10769339]
Epoch 11, Batch 723/866, Grad Norms near zero: 0, Lx 2.0306, Lu 0.0473, Penalty 0.0507, loss 2.1287
Label Softmax (x): [0.05571881 0.11164901 0.05159482 0.12972912 0.10185175 0.13549863
 0.1210853  0.14345765 0.06799039 0.08142449]
Epoch 11, Batch 724/866, Grad Norms near zero: 0, Lx 1.9920, Lu 0.0646, Penalty 0.0593, loss 2.1159
Label Softmax (x): [0.06255034 0.11608725 0.06199533 0.1338979  0.09247981 0.13073231
 0.11907195 0.13293621 0.06386015 0.08638874]
Epoch 11, Batch 725/866, Grad Norms near zero: 0, Lx 2.0721, Lu 0.0936, Penalty 0.0452, loss 2.2109
Label Softmax (x): [0.06663917 0.10025282 0.05975715 0.12717636 0.09221919 0.14557783
 0.11397032 0.13122833 0.07440789 0.08877094]
Epoch 11, Batch 726/866, Grad Norms near zero: 0, Lx 2.0732, Lu 0.0794, Penalty 0.0395, loss 2.1922
Label Softmax (x): [0.05494187 0.10137551 0.05586943 0.12853561 0.14065224 0.12000972
 0.12650657 0.11794581 0.07692172 0.07724154]
Epoch 11, Batch 727/866, Grad Norms near zero: 0, Lx 2.1036, Lu 0.0747, Penalty 0.0513, loss 2.2297
Label Softmax (x): [0.05410026 0.10258723 0.06468852 0.13052209 0.08609292 0.15684766
 0.12322433 0.12572898 0.06805252 0.08815549]
Epoch 11, Batch 728/866, Grad Norms near zero: 0, Lx 2.1738, Lu 0.0890, Penalty 0.0531, loss 2.3159
Label Softmax (x): [0.064504   0.07598354 0.06191568 0.11932111 0.08330916 0.17829198
 0.11267139 0.13721447 0.09162702 0.07516166]
Epoch 11, Batch 729/866, Grad Norms near zero: 0, Lx 2.1168, Lu 0.0603, Penalty 0.0557, loss 2.2329
Label Softmax (x): [0.07089636 0.08018623 0.06239642 0.12138446 0.1043623  0.1447614
 0.11437911 0.13107279 0.07832662 0.09223433]
Epoch 11, Batch 730/866, Grad Norms near zero: 0, Lx 2.0935, Lu 0.0422, Penalty 0.0350, loss 2.1707
Label Softmax (x): [0.06333166 0.08307549 0.05677699 0.12344828 0.07576013 0.1806507
 0.11639685 0.14198896 0.07603505 0.08253589]
Epoch 11, Batch 731/866, Grad Norms near zero: 0, Lx 2.0992, Lu 0.0594, Penalty 0.0647, loss 2.2233
Label Softmax (x): [0.07253204 0.08516319 0.06080684 0.12455921 0.089533   0.15243879
 0.11437577 0.12885277 0.08562435 0.08611401]
Epoch 11, Batch 732/866, Grad Norms near zero: 0, Lx 2.0853, Lu 0.0618, Penalty 0.0365, loss 2.1836
Label Softmax (x): [0.06766102 0.07950075 0.05723188 0.11656471 0.0977004  0.14946647
 0.11799164 0.13302068 0.07565483 0.10520758]
Epoch 11, Batch 733/866, Grad Norms near zero: 0, Lx 2.1183, Lu 0.0536, Penalty 0.0424, loss 2.2143
Label Softmax (x): [0.06435808 0.08519658 0.05373117 0.12140647 0.10800926 0.15037811
 0.11547283 0.14077128 0.07772659 0.08294964]
Epoch 11, Batch 734/866, Grad Norms near zero: 0, Lx 2.1800, Lu 0.0501, Penalty 0.0496, loss 2.2798
Label Softmax (x): [0.06376231 0.07827075 0.05772977 0.11947568 0.10566613 0.13698816
 0.12295096 0.1304111  0.08016498 0.10458015]
Epoch 11, Batch 735/866, Grad Norms near zero: 0, Lx 2.1548, Lu 0.0572, Penalty 0.0401, loss 2.2521
Label Softmax (x): [0.06930403 0.08437242 0.06400882 0.11925311 0.10338915 0.1269488
 0.11818574 0.136924   0.08402742 0.09358649]
Epoch 11, Batch 736/866, Grad Norms near zero: 0, Lx 2.1819, Lu 0.0888, Penalty 0.0294, loss 2.3001
Label Softmax (x): [0.07469671 0.09773529 0.0653884  0.12218715 0.1157745  0.10606971
 0.10827215 0.14364567 0.07090716 0.09532326]
Epoch 11, Batch 737/866, Grad Norms near zero: 0, Lx 2.1908, Lu 0.0825, Penalty 0.0284, loss 2.3017
Label Softmax (x): [0.06918098 0.10886575 0.07265294 0.12568066 0.11804032 0.09989984
 0.11161289 0.13245952 0.06722642 0.09438064]
Epoch 11, Batch 738/866, Grad Norms near zero: 0, Lx 2.2261, Lu 0.0649, Penalty 0.0274, loss 2.3183
Label Softmax (x): [0.06480694 0.11209014 0.06471906 0.12990756 0.12828033 0.10275562
 0.11239251 0.14432032 0.06301622 0.07771129]
Epoch 11, Batch 739/866, Grad Norms near zero: 0, Lx 2.0610, Lu 0.0724, Penalty 0.0447, loss 2.1781
Label Softmax (x): [0.06568716 0.13171303 0.08046441 0.13071066 0.12929973 0.09344433
 0.10623957 0.1286102  0.05616342 0.0776675 ]
Epoch 11, Batch 740/866, Grad Norms near zero: 0, Lx 1.9485, Lu 0.0408, Penalty 0.0423, loss 2.0315
Label Softmax (x): [0.07501134 0.11293035 0.08056796 0.12640285 0.10385307 0.0986927
 0.10750648 0.13933164 0.06743648 0.08826713]
Epoch 11, Batch 741/866, Grad Norms near zero: 0, Lx 2.0395, Lu 0.0507, Penalty 0.0238, loss 2.1141
Label Softmax (x): [0.07529618 0.14086628 0.07992868 0.12864116 0.11645479 0.08759145
 0.09415839 0.14174204 0.07355303 0.06176799]
Epoch 11, Batch 742/866, Grad Norms near zero: 0, Lx 2.1048, Lu 0.0559, Penalty 0.0394, loss 2.2001
Label Softmax (x): [0.06998803 0.1365146  0.08071934 0.1185322  0.10508814 0.09582992
 0.09673034 0.1529533  0.07701767 0.06662641]
Epoch 11, Batch 743/866, Grad Norms near zero: 0, Lx 2.0321, Lu 0.0722, Penalty 0.0358, loss 2.1402
Label Softmax (x): [0.08437388 0.14978585 0.06128851 0.14785114 0.09509052 0.09746775
 0.10064295 0.14114103 0.04659401 0.07576432]
Epoch 11, Batch 744/866, Grad Norms near zero: 0, Lx 2.1650, Lu 0.0775, Penalty 0.0631, loss 2.3056
Label Softmax (x): [0.08087625 0.11296511 0.05897018 0.11890993 0.10618176 0.12622571
 0.0947618  0.16151527 0.06339051 0.07620349]
Epoch 11, Batch 745/866, Grad Norms near zero: 0, Lx 1.8456, Lu 0.0392, Penalty 0.0454, loss 1.9302
Label Softmax (x): [0.06550071 0.12550908 0.06869788 0.12109822 0.13529672 0.11983378
 0.10361485 0.1280403  0.06511793 0.06729051]
Epoch 11, Batch 746/866, Grad Norms near zero: 0, Lx 1.9193, Lu 0.0433, Penalty 0.0439, loss 2.0065
Label Softmax (x): [0.06564233 0.09288601 0.05619204 0.127906   0.087392   0.14974873
 0.12327564 0.15235534 0.049457   0.09514496]
Epoch 11, Batch 747/866, Grad Norms near zero: 0, Lx 2.1250, Lu 0.0802, Penalty 0.0680, loss 2.2732
Label Softmax (x): [0.06581882 0.08688176 0.05580839 0.10871246 0.12672785 0.14583015
 0.11492804 0.15518823 0.06580459 0.0742997 ]
Epoch 11, Batch 748/866, Grad Norms near zero: 0, Lx 2.0172, Lu 0.0741, Penalty 0.0581, loss 2.1494
Label Softmax (x): [0.0956837  0.0871411  0.06076901 0.12243587 0.07517213 0.14811715
 0.11409    0.13864376 0.05012919 0.10781806]
Epoch 11, Batch 749/866, Grad Norms near zero: 0, Lx 2.0594, Lu 0.0544, Penalty 0.0527, loss 2.1665
Label Softmax (x): [0.10877438 0.07148217 0.05850692 0.11340009 0.07784047 0.13763517
 0.11815447 0.13507895 0.0689256  0.11020176]
Epoch 11, Batch 750/866, Grad Norms near zero: 0, Lx 2.1115, Lu 0.0453, Penalty 0.0400, loss 2.1969
Label Softmax (x): [0.08332523 0.1026331  0.04241786 0.1252556  0.09631018 0.14998043
 0.11934622 0.15634023 0.03499301 0.08939817]
Epoch 11, Batch 751/866, Grad Norms near zero: 0, Lx 2.0770, Lu 0.0695, Penalty 0.0959, loss 2.2424
Label Softmax (x): [0.07342717 0.08406503 0.04602882 0.11706316 0.08655055 0.1627889
 0.13837561 0.1422134  0.04289392 0.10659342]
Epoch 11, Batch 752/866, Grad Norms near zero: 0, Lx 2.0778, Lu 0.0461, Penalty 0.0864, loss 2.2103
Label Softmax (x): [0.07678918 0.08837943 0.0563707  0.11494881 0.09836459 0.13897909
 0.13484794 0.14433175 0.06338643 0.08360209]
Epoch 11, Batch 753/866, Grad Norms near zero: 0, Lx 2.1372, Lu 0.0702, Penalty 0.0478, loss 2.2552
Label Softmax (x): [0.07447522 0.09545234 0.05955668 0.11212422 0.09289338 0.13895851
 0.13510495 0.1407905  0.06155217 0.08909206]
Epoch 11, Batch 754/866, Grad Norms near zero: 0, Lx 2.0789, Lu 0.0483, Penalty 0.0448, loss 2.1719
Label Softmax (x): [0.06881024 0.06749686 0.06039925 0.08839649 0.11117165 0.15052776
 0.1371097  0.13060588 0.09525958 0.09022257]
Epoch 11, Batch 755/866, Grad Norms near zero: 0, Lx 2.0636, Lu 0.0638, Penalty 0.0448, loss 2.1722
Label Softmax (x): [0.06318876 0.08639058 0.05457954 0.09611943 0.12943329 0.13277957
 0.14807579 0.13288307 0.07683575 0.07971424]
Epoch 11, Batch 756/866, Grad Norms near zero: 0, Lx 2.1049, Lu 0.0557, Penalty 0.0522, loss 2.2129
Label Softmax (x): [0.05930137 0.09903273 0.06344652 0.1032064  0.12499901 0.11805011
 0.14263356 0.15142274 0.06451475 0.07339283]
Epoch 11, Batch 757/866, Grad Norms near zero: 0, Lx 1.9944, Lu 0.0646, Penalty 0.0544, loss 2.1134
Label Softmax (x): [0.05831502 0.09378154 0.07280013 0.10144868 0.10075279 0.12475079
 0.14469141 0.15421402 0.07088158 0.07836404]
Epoch 11, Batch 758/866, Grad Norms near zero: 0, Lx 2.0981, Lu 0.0530, Penalty 0.0463, loss 2.1974
Label Softmax (x): [0.05780735 0.08678649 0.04723458 0.10462534 0.11224952 0.1637816
 0.14183061 0.15010245 0.07055479 0.06502727]
Epoch 11, Batch 759/866, Grad Norms near zero: 0, Lx 1.8865, Lu 0.0813, Penalty 0.0809, loss 2.0487
Label Softmax (x): [0.05017887 0.10877419 0.06161678 0.10733481 0.10210534 0.1309942
 0.1354771  0.16553786 0.06464694 0.07333396]
Epoch 11, Batch 760/866, Grad Norms near zero: 0, Lx 2.0377, Lu 0.0556, Penalty 0.0667, loss 2.1600
Label Softmax (x): [0.06696826 0.09275718 0.05512095 0.1024749  0.11120795 0.13895492
 0.133018   0.15391728 0.06573855 0.07984201]
Epoch 11, Batch 761/866, Grad Norms near zero: 0, Lx 2.0554, Lu 0.0392, Penalty 0.0540, loss 2.1486
Label Softmax (x): [0.06708295 0.12164144 0.06837324 0.11233211 0.11045609 0.10221539
 0.11492881 0.16229264 0.07435352 0.06632382]
Epoch 11, Batch 762/866, Grad Norms near zero: 0, Lx 2.1316, Lu 0.0751, Penalty 0.0429, loss 2.2497
Label Softmax (x): [0.07586205 0.10852622 0.05344742 0.12436024 0.08877285 0.12216141
 0.12718353 0.1535776  0.06525063 0.08085807]
Epoch 11, Batch 763/866, Grad Norms near zero: 0, Lx 1.9447, Lu 0.0740, Penalty 0.0492, loss 2.0679
Label Softmax (x): [0.06480785 0.11780089 0.07204804 0.11597298 0.09263523 0.10730287
 0.11768931 0.16391091 0.07130151 0.0765304 ]
Epoch 11, Batch 764/866, Grad Norms near zero: 0, Lx 2.1329, Lu 0.0665, Penalty 0.0404, loss 2.2398
Label Softmax (x): [0.09260136 0.09700199 0.04810303 0.13086696 0.08193402 0.12003744
 0.12057776 0.14560986 0.07549365 0.08777395]
Epoch 11, Batch 765/866, Grad Norms near zero: 0, Lx 2.0640, Lu 0.0644, Penalty 0.0435, loss 2.1719
Label Softmax (x): [0.06486377 0.12067343 0.04628481 0.12750074 0.09191374 0.12711608
 0.10915074 0.16631499 0.0513341  0.09484758]
Epoch 11, Batch 766/866, Grad Norms near zero: 0, Lx 2.0506, Lu 0.0666, Penalty 0.0740, loss 2.1913
Label Softmax (x): [0.0678025  0.11136821 0.0726336  0.12038027 0.08941188 0.10684866
 0.11653351 0.15163125 0.07614873 0.08724131]
Epoch 11, Batch 767/866, Grad Norms near zero: 0, Lx 2.2291, Lu 0.0684, Penalty 0.0301, loss 2.3275
Label Softmax (x): [0.06643242 0.11799473 0.05646785 0.12264478 0.09370365 0.1298704
 0.10743492 0.14229545 0.05404244 0.10911336]
Epoch 11, Batch 768/866, Grad Norms near zero: 0, Lx 2.0227, Lu 0.0383, Penalty 0.0518, loss 2.1128
Label Softmax (x): [0.06829961 0.11196803 0.06364629 0.12813069 0.06866643 0.16558406
 0.10972557 0.13667472 0.05045441 0.09685017]
Epoch 11, Batch 769/866, Grad Norms near zero: 0, Lx 1.9440, Lu 0.0643, Penalty 0.0655, loss 2.0738
Label Softmax (x): [0.06681049 0.10259985 0.06085504 0.1212568  0.1068754  0.12042224
 0.10693604 0.14245541 0.06239779 0.10939088]
Epoch 11, Batch 770/866, Grad Norms near zero: 0, Lx 1.9427, Lu 0.0400, Penalty 0.0390, loss 2.0217
Label Softmax (x): [0.06925421 0.11995532 0.0691881  0.12651525 0.09253375 0.12093602
 0.12076423 0.12777126 0.05813088 0.09495096]
Epoch 11, Batch 771/866, Grad Norms near zero: 0, Lx 1.9439, Lu 0.0319, Penalty 0.0367, loss 2.0125
Label Softmax (x): [0.06867746 0.09757683 0.05580753 0.1340393  0.09613822 0.12268601
 0.1273924  0.12495756 0.04517027 0.12755443]
Epoch 11, Batch 772/866, Grad Norms near zero: 0, Lx 2.0075, Lu 0.0559, Penalty 0.0612, loss 2.1246
Label Softmax (x): [0.05530265 0.10571804 0.07667778 0.12739913 0.1261166  0.12696174
 0.11222608 0.11844997 0.0678141  0.08333392]
Epoch 11, Batch 773/866, Grad Norms near zero: 0, Lx 2.1197, Lu 0.0569, Penalty 0.0375, loss 2.2142
Label Softmax (x): [0.05516417 0.10877144 0.07645799 0.12923577 0.1322827  0.1279537
 0.11125369 0.10987236 0.05984254 0.08916563]
Epoch 11, Batch 774/866, Grad Norms near zero: 0, Lx 2.1636, Lu 0.0838, Penalty 0.0424, loss 2.2898
Label Softmax (x): [0.07614654 0.1011215  0.07930806 0.1397492  0.08946323 0.11089376
 0.132837   0.10385096 0.07147504 0.09515472]
Epoch 11, Batch 775/866, Grad Norms near zero: 0, Lx 2.0436, Lu 0.0766, Penalty 0.0230, loss 2.1432
Label Softmax (x): [0.05376786 0.08887857 0.06942868 0.12358747 0.11344101 0.1579517
 0.12363949 0.11573186 0.07340762 0.08016575]
Epoch 11, Batch 776/866, Grad Norms near zero: 0, Lx 2.0992, Lu 0.0552, Penalty 0.0480, loss 2.2024
Label Softmax (x): [0.04830688 0.09493193 0.07673198 0.12502787 0.13693929 0.14477454
 0.12734966 0.10328239 0.07248902 0.07016645]
Epoch 11, Batch 777/866, Grad Norms near zero: 0, Lx 2.1998, Lu 0.0917, Penalty 0.0539, loss 2.3454
Label Softmax (x): [0.06733029 0.09709073 0.05791178 0.138075   0.08541176 0.15809584
 0.12951876 0.1191582  0.06589989 0.08150776]
Epoch 11, Batch 778/866, Grad Norms near zero: 0, Lx 2.0142, Lu 0.0480, Penalty 0.0536, loss 2.1158
Label Softmax (x): [0.07887526 0.09167346 0.06417258 0.13975126 0.09061167 0.14034976
 0.12969884 0.10815088 0.06397811 0.09273818]
Epoch 11, Batch 779/866, Grad Norms near zero: 0, Lx 2.0551, Lu 0.0764, Penalty 0.0376, loss 2.1691
Label Softmax (x): [0.0818028  0.09582505 0.06812008 0.13411206 0.09372469 0.15221521
 0.10650083 0.10294586 0.07822601 0.08652736]
Epoch 11, Batch 780/866, Grad Norms near zero: 0, Lx 2.1160, Lu 0.0834, Penalty 0.0277, loss 2.2271
Label Softmax (x): [0.07285719 0.10357746 0.07212426 0.13615613 0.08170645 0.15459333
 0.11958499 0.11134078 0.06096244 0.08709696]
Epoch 11, Batch 781/866, Grad Norms near zero: 0, Lx 1.9845, Lu 0.0568, Penalty 0.0413, loss 2.0826
Label Softmax (x): [0.0679433  0.09010004 0.05363937 0.12866652 0.10377941 0.18515214
 0.10832924 0.10326391 0.06329741 0.09582864]
Epoch 11, Batch 782/866, Grad Norms near zero: 0, Lx 2.0739, Lu 0.0469, Penalty 0.0596, loss 2.1804
Label Softmax (x): [0.08465718 0.0962925  0.05726327 0.12747186 0.09082216 0.16442388
 0.09840601 0.11362508 0.06711064 0.09992743]
Epoch 11, Batch 783/866, Grad Norms near zero: 0, Lx 2.0103, Lu 0.0598, Penalty 0.0406, loss 2.1107
Label Softmax (x): [0.07983433 0.08546937 0.0532604  0.12496066 0.10755394 0.15751521
 0.11037773 0.10663678 0.07741003 0.09698155]
Epoch 11, Batch 784/866, Grad Norms near zero: 0, Lx 2.0859, Lu 0.0685, Penalty 0.0386, loss 2.1930
Label Softmax (x): [0.10065538 0.08976576 0.05399186 0.11980669 0.07527829 0.13533555
 0.102575   0.12153681 0.04490797 0.15614668]
Epoch 11, Batch 785/866, Grad Norms near zero: 0, Lx 2.0234, Lu 0.0414, Penalty 0.0653, loss 2.1301
Label Softmax (x): [0.08729478 0.07972488 0.06004892 0.10940449 0.10260615 0.14239857
 0.11033821 0.12481904 0.09815481 0.08521017]
Epoch 11, Batch 786/866, Grad Norms near zero: 0, Lx 2.0483, Lu 0.0669, Penalty 0.0262, loss 2.1414
Label Softmax (x): [0.10322963 0.10008248 0.05130666 0.12553632 0.0900118  0.13547786
 0.10513355 0.11318129 0.06116327 0.11487712]
Epoch 11, Batch 787/866, Grad Norms near zero: 0, Lx 2.1230, Lu 0.0696, Penalty 0.0388, loss 2.2314
Label Softmax (x): [0.08057854 0.0946945  0.04909789 0.11969985 0.09686973 0.15167323
 0.11069068 0.14104065 0.06841761 0.08723734]
Epoch 11, Batch 788/866, Grad Norms near zero: 0, Lx 2.0244, Lu 0.0491, Penalty 0.0488, loss 2.1223
Label Softmax (x): [0.07641706 0.08798782 0.04081909 0.10956103 0.09413029 0.14161196
 0.12163325 0.16726089 0.05389576 0.10668284]
Epoch 11, Batch 789/866, Grad Norms near zero: 0, Lx 1.9800, Lu 0.0827, Penalty 0.0757, loss 2.1385
Label Softmax (x): [0.07502536 0.10454802 0.06019783 0.11586417 0.10197013 0.12877123
 0.12319792 0.12855086 0.07222865 0.08964583]
Epoch 11, Batch 790/866, Grad Norms near zero: 0, Lx 2.0716, Lu 0.0618, Penalty 0.0306, loss 2.1639
Label Softmax (x): [0.08105496 0.08453894 0.05973385 0.10187152 0.09165336 0.1117628
 0.12642923 0.14940846 0.08539711 0.10814974]
Epoch 11, Batch 791/866, Grad Norms near zero: 0, Lx 2.0346, Lu 0.0487, Penalty 0.0294, loss 2.1127
Label Softmax (x): [0.07078531 0.10216571 0.06164111 0.10471041 0.08021724 0.12672468
 0.11681081 0.16894066 0.08052108 0.08748297]
Epoch 11, Batch 792/866, Grad Norms near zero: 0, Lx 2.1412, Lu 0.0890, Penalty 0.0416, loss 2.2718
Label Softmax (x): [0.06826501 0.10256608 0.06739053 0.10359178 0.09114854 0.13899216
 0.10562406 0.1710223  0.07684159 0.07455795]
Epoch 11, Batch 793/866, Grad Norms near zero: 0, Lx 2.0629, Lu 0.0515, Penalty 0.0445, loss 2.1588
Label Softmax (x): [0.05604493 0.1001913  0.06339257 0.10045822 0.08821686 0.1608968
 0.10664773 0.18112026 0.08001775 0.0630136 ]
Epoch 11, Batch 794/866, Grad Norms near zero: 0, Lx 2.0037, Lu 0.0374, Penalty 0.0705, loss 2.1116
Label Softmax (x): [0.06477003 0.10660015 0.05173882 0.11168719 0.07907375 0.13446887
 0.12256192 0.1782283  0.06245734 0.08841361]
Epoch 11, Batch 795/866, Grad Norms near zero: 0, Lx 1.9296, Lu 0.0651, Penalty 0.0670, loss 2.0617
Label Softmax (x): [0.04725711 0.11602095 0.05673041 0.10550829 0.12246212 0.13301772
 0.12262538 0.18176857 0.04871348 0.06589597]
Epoch 11, Batch 796/866, Grad Norms near zero: 0, Lx 2.0822, Lu 0.0670, Penalty 0.0961, loss 2.2453
Label Softmax (x): [0.06038833 0.12192863 0.0451078  0.1044789  0.11254326 0.13673478
 0.11623618 0.17924039 0.04659354 0.07674818]
Epoch 11, Batch 797/866, Grad Norms near zero: 0, Lx 1.8565, Lu 0.0444, Penalty 0.0922, loss 1.9931
Label Softmax (x): [0.06911519 0.11780806 0.05393068 0.10742484 0.10804372 0.11707723
 0.11581229 0.1676966  0.06528325 0.07780817]
Epoch 11, Batch 798/866, Grad Norms near zero: 0, Lx 2.0147, Lu 0.0626, Penalty 0.0530, loss 2.1303
Label Softmax (x): [0.0682331  0.11261851 0.06723107 0.10684156 0.10232794 0.13713603
 0.11805654 0.16005856 0.07236871 0.05512797]
Epoch 11, Batch 799/866, Grad Norms near zero: 0, Lx 2.0793, Lu 0.0824, Penalty 0.0538, loss 2.2155
Label Softmax (x): [0.06378136 0.12434753 0.06948482 0.10702715 0.13124636 0.11410858
 0.11870259 0.14918528 0.07103784 0.0510785 ]
Epoch 11, Batch 800/866, Grad Norms near zero: 0, Lx 2.0683, Lu 0.0566, Penalty 0.0566, loss 2.1816
Label Softmax (x): [0.06830563 0.12455098 0.06565419 0.1059077  0.12003955 0.12527338
 0.11597396 0.14596255 0.07039692 0.05793513]
Epoch 11, Batch 801/866, Grad Norms near zero: 0, Lx 2.0851, Lu 0.0422, Penalty 0.0488, loss 2.1760
Label Softmax (x): [0.06512217 0.12997426 0.06738007 0.11131581 0.11563312 0.13036112
 0.10622737 0.1518714  0.06951462 0.05260006]
Epoch 11, Batch 802/866, Grad Norms near zero: 0, Lx 2.0591, Lu 0.0543, Penalty 0.0572, loss 2.1706
Label Softmax (x): [0.09182554 0.11067493 0.06812214 0.1116918  0.09705967 0.11632146
 0.1080463  0.13183075 0.0901666  0.07426082]
Epoch 11, Batch 803/866, Grad Norms near zero: 0, Lx 2.1456, Lu 0.0418, Penalty 0.0183, loss 2.2058
Label Softmax (x): [0.07835592 0.11590606 0.07583187 0.10382441 0.1012411  0.12756443
 0.10932917 0.14806429 0.0663237  0.07355902]
Epoch 11, Batch 804/866, Grad Norms near zero: 0, Lx 2.0400, Lu 0.0698, Penalty 0.0316, loss 2.1414
Label Softmax (x): [0.08423602 0.11982167 0.05238023 0.12158156 0.10601327 0.13495135
 0.11134841 0.12001038 0.06217926 0.08747785]
Epoch 11, Batch 805/866, Grad Norms near zero: 0, Lx 2.1583, Lu 0.0393, Penalty 0.0403, loss 2.2379
Label Softmax (x): [0.1008116  0.12320133 0.05254027 0.1171313  0.09267603 0.11391383
 0.11265472 0.12323564 0.05485858 0.10897669]
Epoch 11, Batch 806/866, Grad Norms near zero: 0, Lx 1.9514, Lu 0.0567, Penalty 0.0401, loss 2.0482
Label Softmax (x): [0.08303567 0.11454142 0.05726848 0.1134257  0.09170285 0.14301677
 0.11480102 0.13033983 0.06072778 0.09114052]
Epoch 11, Batch 807/866, Grad Norms near zero: 0, Lx 1.9084, Lu 0.0667, Penalty 0.0399, loss 2.0150
Label Softmax (x): [0.08934911 0.10025743 0.04697083 0.11729977 0.0983313  0.13638693
 0.12978524 0.11116955 0.05484349 0.11560635]
Epoch 11, Batch 808/866, Grad Norms near zero: 0, Lx 2.1168, Lu 0.0438, Penalty 0.0502, loss 2.2107
Label Softmax (x): [0.08267717 0.1048888  0.06432581 0.11203612 0.09405486 0.11609962
 0.11448115 0.12140682 0.06816061 0.12186909]
Epoch 11, Batch 809/866, Grad Norms near zero: 0, Lx 2.0530, Lu 0.0444, Penalty 0.0238, loss 2.1212
Label Softmax (x): [0.08162028 0.11178736 0.03379706 0.11742319 0.0975938  0.13867705
 0.10339767 0.15519443 0.0562817  0.10422747]
Epoch 11, Batch 810/866, Grad Norms near zero: 0, Lx 1.9667, Lu 0.0563, Penalty 0.0774, loss 2.1003
Label Softmax (x): [0.06738698 0.12746722 0.05255568 0.12994881 0.10727399 0.14301814
 0.10994962 0.1254763  0.05015669 0.08676661]
Epoch 11, Batch 811/866, Grad Norms near zero: 0, Lx 2.0352, Lu 0.0917, Penalty 0.0616, loss 2.1885
Label Softmax (x): [0.06260406 0.11690861 0.04588133 0.12145051 0.09772418 0.15488985
 0.11887507 0.13249397 0.05381223 0.09536018]
Epoch 11, Batch 812/866, Grad Norms near zero: 0, Lx 2.1045, Lu 0.0516, Penalty 0.0695, loss 2.2257
Label Softmax (x): [0.07743149 0.11012249 0.05935337 0.11709929 0.09011474 0.13978924
 0.10637967 0.1346971  0.05858262 0.10643002]
Epoch 11, Batch 813/866, Grad Norms near zero: 0, Lx 2.1132, Lu 0.0725, Penalty 0.0405, loss 2.2262
Label Softmax (x): [0.06745751 0.14249709 0.05521024 0.12091513 0.09939049 0.13613623
 0.10128592 0.13543724 0.05355193 0.08811819]
Epoch 11, Batch 814/866, Grad Norms near zero: 0, Lx 2.1185, Lu 0.0771, Penalty 0.0576, loss 2.2532
Label Softmax (x): [0.06579012 0.13139987 0.05980133 0.10107202 0.09739112 0.11950804
 0.0904899  0.19614434 0.07605752 0.06234574]
Epoch 11, Batch 815/866, Grad Norms near zero: 0, Lx 2.0479, Lu 0.0801, Penalty 0.0670, loss 2.1949
Label Softmax (x): [0.05520146 0.10824203 0.05619855 0.09963438 0.11468327 0.16157961
 0.11102024 0.15034685 0.07352348 0.06957016]
Epoch 11, Batch 816/866, Grad Norms near zero: 0, Lx 2.0712, Lu 0.0764, Penalty 0.0636, loss 2.2112
Label Softmax (x): [0.05552644 0.12688299 0.06560909 0.09978218 0.10696204 0.14659476
 0.10927495 0.12919632 0.07969779 0.08047343]
Epoch 11, Batch 817/866, Grad Norms near zero: 0, Lx 2.0443, Lu 0.0436, Penalty 0.0423, loss 2.1303
Label Softmax (x): [0.04866057 0.13198818 0.08794218 0.10405643 0.0970073  0.12607615
 0.10437366 0.16717656 0.0627185  0.07000047]
Epoch 11, Batch 818/866, Grad Norms near zero: 0, Lx 2.0903, Lu 0.0948, Penalty 0.0597, loss 2.2448
Label Softmax (x): [0.06123898 0.11287653 0.06574389 0.10205127 0.10690163 0.1491245
 0.11847715 0.12623972 0.07366998 0.08367632]
Epoch 11, Batch 819/866, Grad Norms near zero: 0, Lx 2.1890, Lu 0.0585, Penalty 0.0383, loss 2.2858
Label Softmax (x): [0.06682061 0.10202856 0.07089248 0.10056272 0.0990196  0.14653498
 0.10692384 0.13022068 0.08541408 0.09158242]
Epoch 11, Batch 820/866, Grad Norms near zero: 0, Lx 2.1086, Lu 0.0645, Penalty 0.0264, loss 2.1994
Label Softmax (x): [0.05210719 0.11582589 0.0550098  0.11458403 0.09554032 0.12593749
 0.11243568 0.1586987  0.08106723 0.08879367]
Epoch 11, Batch 821/866, Grad Norms near zero: 0, Lx 2.0546, Lu 0.0797, Penalty 0.0531, loss 2.1874
Label Softmax (x): [0.05074733 0.11336605 0.05758871 0.11604529 0.11266653 0.11679777
 0.11376612 0.16907205 0.09163855 0.0583116 ]
Epoch 11, Batch 822/866, Grad Norms near zero: 0, Lx 2.0081, Lu 0.0563, Penalty 0.0654, loss 2.1298
Label Softmax (x): [0.06185267 0.09267031 0.05489593 0.12055986 0.11684027 0.15060928
 0.12031555 0.12013544 0.06720897 0.09491171]
Epoch 11, Batch 823/866, Grad Norms near zero: 0, Lx 2.0922, Lu 0.0791, Penalty 0.0485, loss 2.2199
Label Softmax (x): [0.06258429 0.1129449  0.04443764 0.13515536 0.10688102 0.120551
 0.11683958 0.14032488 0.07225402 0.08802731]
Epoch 11, Batch 824/866, Grad Norms near zero: 0, Lx 1.9793, Lu 0.0766, Penalty 0.0561, loss 2.1120
Label Softmax (x): [0.07071177 0.08925656 0.05915726 0.12253854 0.10575072 0.13612778
 0.11726367 0.11108875 0.08815079 0.09995416]
Epoch 11, Batch 825/866, Grad Norms near zero: 0, Lx 1.9805, Lu 0.0518, Penalty 0.0280, loss 2.0602
Label Softmax (x): [0.06923322 0.08863444 0.05989534 0.11564651 0.09970526 0.14747825
 0.12192713 0.10428145 0.07098123 0.12221713]
Epoch 11, Batch 826/866, Grad Norms near zero: 0, Lx 2.0277, Lu 0.0549, Penalty 0.0372, loss 2.1198
Label Softmax (x): [0.07430705 0.10517481 0.06647364 0.1274481  0.08387505 0.13330773
 0.1175663  0.1061848  0.07757329 0.10808923]
Epoch 11, Batch 827/866, Grad Norms near zero: 0, Lx 2.1646, Lu 0.0521, Penalty 0.0255, loss 2.2422
Label Softmax (x): [0.06206159 0.09627596 0.05844574 0.12638617 0.10361189 0.1445631
 0.12749489 0.11293522 0.06587742 0.10234805]
Epoch 11, Batch 828/866, Grad Norms near zero: 0, Lx 2.1120, Lu 0.0684, Penalty 0.0443, loss 2.2247
Label Softmax (x): [0.06681002 0.08401089 0.052395   0.1410332  0.09092267 0.13505886
 0.12088656 0.13002911 0.06301598 0.11583772]
Epoch 11, Batch 829/866, Grad Norms near zero: 0, Lx 2.1160, Lu 0.0794, Penalty 0.0537, loss 2.2491
Label Softmax (x): [0.0740281  0.08776683 0.07081572 0.1271184  0.10645731 0.10854112
 0.11837236 0.12846787 0.06716643 0.11126587]
Epoch 11, Batch 830/866, Grad Norms near zero: 0, Lx 2.0268, Lu 0.0468, Penalty 0.0264, loss 2.1000
Label Softmax (x): [0.07926032 0.08624972 0.06731776 0.12951687 0.08283143 0.11613556
 0.11933313 0.1325984  0.07605265 0.11070417]
Epoch 11, Batch 831/866, Grad Norms near zero: 0, Lx 2.0375, Lu 0.0637, Penalty 0.0269, loss 2.1282
Label Softmax (x): [0.06410761 0.10422197 0.08687364 0.12670481 0.11172221 0.12754543
 0.11417103 0.1268067  0.06237916 0.07546741]
Epoch 11, Batch 832/866, Grad Norms near zero: 0, Lx 2.1698, Lu 0.0967, Penalty 0.0337, loss 2.3001
Label Softmax (x): [0.06751071 0.08022162 0.05447882 0.11502824 0.11231359 0.14047723
 0.12539196 0.14857192 0.06782369 0.08818221]
Epoch 11, Batch 833/866, Grad Norms near zero: 0, Lx 1.9127, Lu 0.0624, Penalty 0.0516, loss 2.0267
Label Softmax (x): [0.08633185 0.06777194 0.05883116 0.10845929 0.07634232 0.12974815
 0.12422165 0.16374278 0.100216   0.08433481]
Epoch 11, Batch 834/866, Grad Norms near zero: 0, Lx 2.0847, Lu 0.0814, Penalty 0.0453, loss 2.2115
Label Softmax (x): [0.05909059 0.08352375 0.06417774 0.10659407 0.14082044 0.12954457
 0.13165365 0.1543253  0.06394745 0.06632241]
Epoch 11, Batch 835/866, Grad Norms near zero: 0, Lx 2.1350, Lu 0.0784, Penalty 0.0633, loss 2.2767
Label Softmax (x): [0.08912709 0.0810634  0.06291001 0.11217302 0.07777379 0.12089941
 0.12675405 0.145129   0.09402668 0.09014358]
Epoch 11, Batch 836/866, Grad Norms near zero: 0, Lx 2.0032, Lu 0.0429, Penalty 0.0291, loss 2.0753
Label Softmax (x): [0.06154637 0.09326293 0.05628178 0.11580748 0.10338351 0.15116912
 0.13317287 0.15480004 0.0518987  0.07867719]
Epoch 11, Batch 837/866, Grad Norms near zero: 0, Lx 2.0386, Lu 0.0600, Penalty 0.0709, loss 2.1696
Label Softmax (x): [0.05587823 0.08160968 0.05742052 0.10859373 0.09878837 0.16404466
 0.13364303 0.16966598 0.06382927 0.06652653]
Epoch 11, Batch 838/866, Grad Norms near zero: 0, Lx 2.1091, Lu 0.0804, Penalty 0.0813, loss 2.2708
Label Softmax (x): [0.0825928  0.08026924 0.05412573 0.12152    0.08049663 0.13941753
 0.14650223 0.11819437 0.05884083 0.11804064]
Epoch 11, Batch 839/866, Grad Norms near zero: 0, Lx 1.9894, Lu 0.0637, Penalty 0.0530, loss 2.1061
Label Softmax (x): [0.09119876 0.09263022 0.06424538 0.11805951 0.06187239 0.14623639
 0.1345495  0.12318394 0.07574849 0.09227543]
Epoch 11, Batch 840/866, Grad Norms near zero: 0, Lx 1.9984, Lu 0.0473, Penalty 0.0398, loss 2.0855
Label Softmax (x): [0.0605734  0.10186312 0.05189849 0.12387511 0.078635   0.17511018
 0.13102987 0.14910845 0.04310075 0.08480565]
Epoch 11, Batch 841/866, Grad Norms near zero: 0, Lx 2.0739, Lu 0.0749, Penalty 0.0941, loss 2.2429
Label Softmax (x): [0.06036464 0.11255069 0.06629835 0.12839487 0.08956721 0.16186394
 0.12242385 0.13815834 0.05431218 0.06606595]
Epoch 11, Batch 842/866, Grad Norms near zero: 0, Lx 2.2184, Lu 0.0702, Penalty 0.0676, loss 2.3561
Label Softmax (x): [0.06200187 0.10253844 0.04885241 0.1253683  0.07991368 0.1793283
 0.12039984 0.15770032 0.05481141 0.06908547]
Epoch 11, Batch 843/866, Grad Norms near zero: 0, Lx 2.0473, Lu 0.0587, Penalty 0.0913, loss 2.1973
Label Softmax (x): [0.06355562 0.10978583 0.06020086 0.12199033 0.09571552 0.15060809
 0.12312295 0.1494712  0.0566025  0.06894713]
Epoch 11, Batch 844/866, Grad Norms near zero: 0, Lx 2.1737, Lu 0.0692, Penalty 0.0634, loss 2.3063
Label Softmax (x): [0.08462326 0.1114044  0.07197757 0.1256541  0.05989106 0.13217002
 0.1458726  0.11061857 0.05210965 0.1056788 ]
Epoch 11, Batch 845/866, Grad Norms near zero: 0, Lx 2.0343, Lu 0.0634, Penalty 0.0511, loss 2.1488
Label Softmax (x): [0.06098699 0.11702085 0.06206005 0.11033935 0.06330897 0.15713836
 0.12417804 0.16173448 0.06930225 0.07393065]
Epoch 11, Batch 846/866, Grad Norms near zero: 0, Lx 2.0224, Lu 0.0555, Penalty 0.0693, loss 2.1472
Label Softmax (x): [0.06145587 0.11297125 0.06363223 0.11202677 0.07587717 0.15272175
 0.11614873 0.15741065 0.06722896 0.08052665]
Epoch 11, Batch 847/866, Grad Norms near zero: 0, Lx 2.0903, Lu 0.0550, Penalty 0.0566, loss 2.2019
Label Softmax (x): [0.05891228 0.1228575  0.05575552 0.11312845 0.09687337 0.13264619
 0.12272881 0.15368526 0.05925603 0.08415659]
Epoch 11, Batch 848/866, Grad Norms near zero: 0, Lx 1.9985, Lu 0.0343, Penalty 0.0595, loss 2.0923
Label Softmax (x): [0.07544557 0.1025724  0.06974421 0.09582485 0.05899329 0.1242892
 0.12395814 0.16284779 0.09867334 0.08765124]
Epoch 11, Batch 849/866, Grad Norms near zero: 0, Lx 2.2465, Lu 0.0921, Penalty 0.0412, loss 2.3799
Label Softmax (x): [0.05979456 0.12870246 0.07472019 0.10044213 0.08781835 0.1253261
 0.14285988 0.1283611  0.05762204 0.09435318]
Epoch 11, Batch 850/866, Grad Norms near zero: 0, Lx 1.9142, Lu 0.0446, Penalty 0.0456, loss 2.0044
Label Softmax (x): [0.0721729  0.10210203 0.06369267 0.09428432 0.0781296  0.1158083
 0.13305855 0.15766938 0.08948407 0.09359814]
Epoch 11, Batch 851/866, Grad Norms near zero: 0, Lx 2.1344, Lu 0.0558, Penalty 0.0352, loss 2.2254
Label Softmax (x): [0.06832052 0.10770435 0.05646269 0.10314761 0.11097614 0.11397159
 0.13377628 0.14031301 0.06820426 0.09712355]
Epoch 11, Batch 852/866, Grad Norms near zero: 0, Lx 2.1736, Lu 0.0858, Penalty 0.0395, loss 2.2988
Label Softmax (x): [0.0667707  0.12907039 0.06412673 0.09375551 0.08948931 0.11186969
 0.137886   0.12167711 0.06366692 0.12168765]
Epoch 11, Batch 853/866, Grad Norms near zero: 0, Lx 1.9423, Lu 0.0463, Penalty 0.0394, loss 2.0280
Label Softmax (x): [0.07469581 0.10368804 0.05489345 0.09374448 0.10934833 0.11706738
 0.1410407  0.12927638 0.06531785 0.11092758]
Epoch 11, Batch 854/866, Grad Norms near zero: 0, Lx 2.0320, Lu 0.0740, Penalty 0.0394, loss 2.1454
Label Softmax (x): [0.07010792 0.11481361 0.06138314 0.09646925 0.09354671 0.12478999
 0.13027257 0.14156222 0.06884904 0.09820554]
Epoch 11, Batch 855/866, Grad Norms near zero: 0, Lx 1.9747, Lu 0.0819, Penalty 0.0366, loss 2.0931
Label Softmax (x): [0.06817989 0.13403465 0.06525991 0.10565633 0.11085232 0.1027007
 0.13031816 0.12436943 0.06060517 0.09802346]
Epoch 11, Batch 856/866, Grad Norms near zero: 0, Lx 2.1422, Lu 0.0820, Penalty 0.0370, loss 2.2613
Label Softmax (x): [0.05046212 0.11078796 0.07871158 0.09852043 0.11863598 0.10721767
 0.1250929  0.14446199 0.08545162 0.08065775]
Epoch 11, Batch 857/866, Grad Norms near zero: 0, Lx 1.9486, Lu 0.0566, Penalty 0.0376, loss 2.0428
Label Softmax (x): [0.06926595 0.09684222 0.05760719 0.10611586 0.12858827 0.11121482
 0.11035471 0.12927213 0.08664035 0.10409851]
Epoch 11, Batch 858/866, Grad Norms near zero: 0, Lx 2.1453, Lu 0.0575, Penalty 0.0282, loss 2.2310
Label Softmax (x): [0.0686804  0.11223547 0.06120637 0.10567071 0.12878782 0.1010837
 0.11836062 0.12184244 0.07971095 0.10242153]
Epoch 11, Batch 859/866, Grad Norms near zero: 0, Lx 2.2085, Lu 0.0897, Penalty 0.0269, loss 2.3251
Label Softmax (x): [0.05956234 0.15356883 0.05722153 0.12628756 0.10553504 0.11740269
 0.10897234 0.13299938 0.05767502 0.08077525]
Epoch 11, Batch 860/866, Grad Norms near zero: 0, Lx 2.0944, Lu 0.0833, Penalty 0.0592, loss 2.2369
Label Softmax (x): [0.07189618 0.11377595 0.06962078 0.11385828 0.12857957 0.10119449
 0.10282055 0.12697992 0.08264841 0.08862587]
Epoch 11, Batch 861/866, Grad Norms near zero: 0, Lx 2.1336, Lu 0.0816, Penalty 0.0215, loss 2.2367
Label Softmax (x): [0.06845079 0.1221686  0.06551567 0.12807366 0.11257814 0.12544185
 0.10652351 0.12166365 0.05871973 0.09086438]
Epoch 11, Batch 862/866, Grad Norms near zero: 0, Lx 2.1405, Lu 0.0715, Penalty 0.0378, loss 2.2498
Label Softmax (x): [0.05917143 0.11312321 0.05712717 0.1392903  0.1459757  0.12968206
 0.09604996 0.13170189 0.05345474 0.0744235 ]
Epoch 11, Batch 863/866, Grad Norms near zero: 0, Lx 2.0984, Lu 0.0565, Penalty 0.0678, loss 2.2227
Label Softmax (x): [0.06913976 0.08332895 0.05454091 0.13095295 0.1337944  0.13498305
 0.09814052 0.15154815 0.05933129 0.08424002]
Epoch 11, Batch 864/866, Grad Norms near zero: 0, Lx 2.0940, Lu 0.0748, Penalty 0.0593, loss 2.2281
Label Softmax (x): [0.07291211 0.08833593 0.06244038 0.13755192 0.1033741  0.1453681
 0.09491667 0.13977017 0.07163209 0.0836985 ]
Epoch 11, Batch 865/866, Grad Norms near zero: 0, Lx 2.0374, Lu 0.0403, Penalty 0.0414, loss 2.1191
Label Softmax (x): [0.04757449 0.105082   0.04229515 0.14852041 0.09568279 0.15936631
 0.1000678  0.18360253 0.0515295  0.06627904]
Epoch 11, Batch 866/866, Grad Norms near zero: 0, Lx 1.9451, Lu 0.0554, Penalty 0.1202, loss 2.1208
Training for Network 2
labelled data size: 28506
unlabelled data size: 13494
Label Softmax (x): [0.0844554  0.11120236 0.11420788 0.07227705 0.1356242  0.11091053
 0.07655571 0.0863258  0.08574132 0.12269972]
Epoch 11, Batch 1/891, Grad Norms near zero: 0, Lx 2.2521, Lu 0.0753, Penalty 0.0210, loss 2.3484
Label Softmax (x): [0.0726449  0.08951452 0.1043793  0.0769039  0.07014096 0.18623108
 0.07794268 0.11886995 0.08106509 0.12230758]
Epoch 11, Batch 2/891, Grad Norms near zero: 0, Lx 2.2447, Lu 0.0877, Penalty 0.0468, loss 2.3792
Label Softmax (x): [0.07653674 0.07792243 0.10734972 0.0711525  0.05499523 0.17608604
 0.07296153 0.1561396  0.09830024 0.10855596]
Epoch 11, Batch 3/891, Grad Norms near zero: 0, Lx 2.1804, Lu 0.1028, Penalty 0.0623, loss 2.3455
Label Softmax (x): [0.07266283 0.08376765 0.08485445 0.08166107 0.05794115 0.19444928
 0.07905507 0.16014554 0.08109187 0.1043711 ]
Epoch 11, Batch 4/891, Grad Norms near zero: 0, Lx 2.1893, Lu 0.0903, Penalty 0.0675, loss 2.3471
Label Softmax (x): [0.08786485 0.09595717 0.1112531  0.08774735 0.0563207  0.13716412
 0.07576904 0.14912337 0.09896243 0.09983787]
Epoch 11, Batch 5/891, Grad Norms near zero: 0, Lx 2.1663, Lu 0.0564, Penalty 0.0343, loss 2.2570
Label Softmax (x): [0.08544946 0.11063565 0.07376226 0.10174775 0.08878066 0.14521465
 0.07241832 0.16912356 0.06441832 0.08844936]
Epoch 11, Batch 6/891, Grad Norms near zero: 0, Lx 2.1533, Lu 0.0633, Penalty 0.0449, loss 2.2615
Label Softmax (x): [0.09897363 0.11090213 0.07801268 0.11443894 0.04752088 0.13739572
 0.07525192 0.18000928 0.06668019 0.09081461]
Epoch 11, Batch 7/891, Grad Norms near zero: 0, Lx 2.1281, Lu 0.0638, Penalty 0.0645, loss 2.2564
Label Softmax (x): [0.09887972 0.09914476 0.07875773 0.12188898 0.04717892 0.1363307
 0.0773868  0.19372517 0.06594958 0.08075769]
Epoch 11, Batch 8/891, Grad Norms near zero: 0, Lx 2.2427, Lu 0.0910, Penalty 0.0727, loss 2.4064
Label Softmax (x): [0.11630054 0.11114228 0.07713545 0.1310505  0.0447487  0.12316329
 0.07673188 0.16652901 0.06595755 0.08724082]
Epoch 11, Batch 9/891, Grad Norms near zero: 0, Lx 2.1708, Lu 0.0567, Penalty 0.0636, loss 2.2911
Label Softmax (x): [0.11516418 0.16586262 0.07068083 0.17213893 0.04083358 0.10729717
 0.08135179 0.12755737 0.03965341 0.0794601 ]
Epoch 11, Batch 10/891, Grad Norms near zero: 0, Lx 2.1481, Lu 0.0651, Penalty 0.1100, loss 2.3232
Label Softmax (x): [0.13498254 0.14686877 0.07306542 0.16932583 0.04076923 0.09319137
 0.08052658 0.13203233 0.0490327  0.08020524]
Epoch 11, Batch 11/891, Grad Norms near zero: 0, Lx 2.0539, Lu 0.0660, Penalty 0.0943, loss 2.2142
Label Softmax (x): [0.14147158 0.1487444  0.07605387 0.1508812  0.07400895 0.08649676
 0.07479115 0.12780419 0.04552284 0.07422506]
Epoch 11, Batch 12/891, Grad Norms near zero: 0, Lx 2.1470, Lu 0.0728, Penalty 0.0695, loss 2.2893
Label Softmax (x): [0.14579058 0.14945644 0.0798867  0.17769162 0.04730079 0.08492145
 0.08574613 0.11320129 0.04101363 0.07499136]
Epoch 11, Batch 13/891, Grad Norms near zero: 0, Lx 2.2157, Lu 0.0899, Penalty 0.0992, loss 2.4047
Label Softmax (x): [0.14865622 0.1908787  0.0771582  0.15205213 0.04597623 0.08586601
 0.07597186 0.10658893 0.0384607  0.078391  ]
Epoch 11, Batch 14/891, Grad Norms near zero: 0, Lx 2.0922, Lu 0.0769, Penalty 0.1137, loss 2.2828
Label Softmax (x): [0.13126117 0.13863653 0.07681337 0.17388397 0.05272231 0.09442113
 0.09067977 0.12796417 0.04133428 0.07228333]
Epoch 11, Batch 15/891, Grad Norms near zero: 0, Lx 2.1776, Lu 0.0688, Penalty 0.0869, loss 2.3333
Label Softmax (x): [0.12616317 0.10852685 0.07914143 0.16165906 0.05958521 0.10853586
 0.09248432 0.13876957 0.0515324  0.07360216]
Epoch 11, Batch 16/891, Grad Norms near zero: 0, Lx 2.2107, Lu 0.0616, Penalty 0.0595, loss 2.3318
Label Softmax (x): [0.1154007  0.11601664 0.08424073 0.16693206 0.06004785 0.11069832
 0.08667161 0.14020774 0.04893912 0.07084518]
Epoch 11, Batch 17/891, Grad Norms near zero: 0, Lx 2.1931, Lu 0.0662, Penalty 0.0640, loss 2.3233
Label Softmax (x): [0.11356971 0.09655149 0.07602768 0.15077595 0.06300514 0.12732902
 0.08462372 0.15102999 0.05530953 0.08177776]
Epoch 11, Batch 18/891, Grad Norms near zero: 0, Lx 2.2068, Lu 0.0626, Penalty 0.0540, loss 2.3234
Label Softmax (x): [0.11397056 0.08246049 0.0856185  0.13238934 0.06377617 0.1411536
 0.08161396 0.14301032 0.06335391 0.09265319]
Epoch 11, Batch 19/891, Grad Norms near zero: 0, Lx 2.1224, Lu 0.0689, Penalty 0.0420, loss 2.2333
Label Softmax (x): [0.10898919 0.09236696 0.09186605 0.1355316  0.06772807 0.14238933
 0.08851321 0.11542647 0.05737643 0.09981269]
Epoch 11, Batch 20/891, Grad Norms near zero: 0, Lx 2.0567, Lu 0.0625, Penalty 0.0346, loss 2.1539
Label Softmax (x): [0.0982644  0.06765676 0.09046012 0.12359954 0.07647289 0.16399801
 0.07815821 0.13799955 0.06828185 0.09510869]
Epoch 11, Batch 21/891, Grad Norms near zero: 0, Lx 2.1486, Lu 0.0582, Penalty 0.0426, loss 2.2494
Label Softmax (x): [0.09428851 0.07261596 0.07809865 0.12723151 0.07063106 0.18160601
 0.08297777 0.12418535 0.05949185 0.10887333]
Epoch 11, Batch 22/891, Grad Norms near zero: 0, Lx 2.0041, Lu 0.0577, Penalty 0.0540, loss 2.1159
Label Softmax (x): [0.06930961 0.04896712 0.08479193 0.10208369 0.07596883 0.21949326
 0.06391299 0.19857948 0.05566496 0.08122814]
Epoch 11, Batch 23/891, Grad Norms near zero: 0, Lx 1.9626, Lu 0.0527, Penalty 0.1269, loss 2.1421
Label Softmax (x): [0.11159282 0.07312311 0.08905681 0.11700719 0.06472065 0.14980078
 0.07846294 0.10564646 0.07278623 0.137803  ]
Epoch 11, Batch 24/891, Grad Norms near zero: 0, Lx 2.1974, Lu 0.0802, Penalty 0.0378, loss 2.3154
Label Softmax (x): [0.0958161  0.08123557 0.08563455 0.12654845 0.06328772 0.15919502
 0.07403591 0.12564082 0.07152994 0.11707588]
Epoch 11, Batch 25/891, Grad Norms near zero: 0, Lx 2.0964, Lu 0.0507, Penalty 0.0412, loss 2.1883
Label Softmax (x): [0.0937203  0.08749095 0.07874777 0.13519914 0.0763813  0.1502423
 0.07427038 0.11982295 0.07040177 0.11372314]
Epoch 11, Batch 26/891, Grad Norms near zero: 0, Lx 2.1416, Lu 0.0840, Penalty 0.0337, loss 2.2593
Label Softmax (x): [0.09443022 0.07613124 0.08506019 0.10800475 0.08947073 0.1519578
 0.06139674 0.14980951 0.07005487 0.11368395]
Epoch 11, Batch 27/891, Grad Norms near zero: 0, Lx 2.1637, Lu 0.0543, Penalty 0.0419, loss 2.2599
Label Softmax (x): [0.08536841 0.09301461 0.08471772 0.12426762 0.09389518 0.13987033
 0.06633475 0.14988244 0.06404112 0.09860782]
Epoch 11, Batch 28/891, Grad Norms near zero: 0, Lx 1.9625, Lu 0.0604, Penalty 0.0372, loss 2.0600
Label Softmax (x): [0.09517641 0.11693556 0.07484257 0.1584528  0.0927892  0.11164059
 0.07133459 0.1088303  0.05779253 0.11220546]
Epoch 11, Batch 29/891, Grad Norms near zero: 0, Lx 2.1252, Lu 0.0724, Penalty 0.0374, loss 2.2349
Label Softmax (x): [0.10863043 0.10946891 0.07597798 0.15843262 0.07109729 0.10039203
 0.07303197 0.10896296 0.08109386 0.11291197]
Epoch 11, Batch 30/891, Grad Norms near zero: 0, Lx 2.1505, Lu 0.0694, Penalty 0.0295, loss 2.2494
Label Softmax (x): [0.11088637 0.1128684  0.07874408 0.15499982 0.07528229 0.10209491
 0.07125406 0.09942738 0.070519   0.12392366]
Epoch 11, Batch 31/891, Grad Norms near zero: 0, Lx 2.1736, Lu 0.0728, Penalty 0.0319, loss 2.2783
Label Softmax (x): [0.10208722 0.12934089 0.06742576 0.17335305 0.07654619 0.11045761
 0.07854642 0.10001611 0.04962289 0.11260388]
Epoch 11, Batch 32/891, Grad Norms near zero: 0, Lx 2.2216, Lu 0.0657, Penalty 0.0557, loss 2.3431
Label Softmax (x): [0.11104601 0.10163158 0.08859791 0.14436781 0.0500096  0.13776354
 0.07792413 0.11287118 0.06474207 0.11104622]
Epoch 11, Batch 33/891, Grad Norms near zero: 0, Lx 2.1207, Lu 0.0772, Penalty 0.0464, loss 2.2442
Label Softmax (x): [0.1049847  0.12164187 0.06569148 0.16450243 0.06668706 0.12123863
 0.07565486 0.12179749 0.06283484 0.09496663]
Epoch 11, Batch 34/891, Grad Norms near zero: 0, Lx 2.1672, Lu 0.0810, Penalty 0.0489, loss 2.2971
Label Softmax (x): [0.11999162 0.09738966 0.07111076 0.14022386 0.04679941 0.16431132
 0.07754104 0.11778474 0.06121917 0.10362846]
Epoch 11, Batch 35/891, Grad Norms near zero: 0, Lx 2.0124, Lu 0.0770, Penalty 0.0656, loss 2.1549
Label Softmax (x): [0.10849103 0.08343735 0.09188189 0.12995526 0.04623831 0.14350845
 0.08159268 0.14260128 0.08671543 0.08557832]
Epoch 11, Batch 36/891, Grad Norms near zero: 0, Lx 2.0847, Lu 0.0572, Penalty 0.0479, loss 2.1898
Label Softmax (x): [0.12635536 0.10047974 0.05928235 0.13670842 0.06238408 0.1311783
 0.0756567  0.13121732 0.07483125 0.10190648]
Epoch 11, Batch 37/891, Grad Norms near zero: 0, Lx 2.0589, Lu 0.0403, Penalty 0.0450, loss 2.1442
Label Softmax (x): [0.10863441 0.11172602 0.06274298 0.14816688 0.06176139 0.1318382
 0.08261108 0.13656399 0.07206157 0.08389349]
Epoch 11, Batch 38/891, Grad Norms near zero: 0, Lx 2.1366, Lu 0.0701, Penalty 0.0467, loss 2.2534
Label Softmax (x): [0.11324586 0.11832768 0.06732017 0.13975601 0.0674829  0.11604328
 0.07938274 0.14112444 0.08291259 0.07440434]
Epoch 11, Batch 39/891, Grad Norms near zero: 0, Lx 2.1700, Lu 0.0469, Penalty 0.0382, loss 2.2551
Label Softmax (x): [0.10598622 0.10316444 0.07507361 0.13108638 0.05425796 0.1358052
 0.08692071 0.15800288 0.09048289 0.05921971]
Epoch 11, Batch 40/891, Grad Norms near zero: 0, Lx 2.1265, Lu 0.0719, Penalty 0.0539, loss 2.2522
Label Softmax (x): [0.11827578 0.11893556 0.07356118 0.13477582 0.06669723 0.11226472
 0.0797089  0.14045492 0.08127703 0.07404888]
Epoch 11, Batch 41/891, Grad Norms near zero: 0, Lx 2.2179, Lu 0.0867, Penalty 0.0351, loss 2.3397
Label Softmax (x): [0.1166127  0.11830524 0.0813785  0.13781399 0.06573513 0.11992714
 0.09357594 0.11767858 0.07488847 0.07408433]
Epoch 11, Batch 42/891, Grad Norms near zero: 0, Lx 2.0489, Lu 0.0599, Penalty 0.0294, loss 2.1382
Label Softmax (x): [0.11125702 0.10203162 0.06645177 0.1241906  0.07960737 0.1416789
 0.07978897 0.15345767 0.06700069 0.07453539]
Epoch 11, Batch 43/891, Grad Norms near zero: 0, Lx 2.1464, Lu 0.0545, Penalty 0.0437, loss 2.2445
Label Softmax (x): [0.09540065 0.09223165 0.0804069  0.13167873 0.06769025 0.14667165
 0.10162628 0.14239119 0.08005813 0.06184456]
Epoch 11, Batch 44/891, Grad Norms near zero: 0, Lx 1.9220, Lu 0.0405, Penalty 0.0411, loss 2.0037
Label Softmax (x): [0.09869003 0.11144891 0.08045071 0.13881058 0.09179465 0.11786734
 0.08821385 0.1390158  0.0687993  0.06490882]
Epoch 11, Batch 45/891, Grad Norms near zero: 0, Lx 2.1824, Lu 0.0847, Penalty 0.0318, loss 2.2989
Label Softmax (x): [0.09680544 0.10546966 0.08586987 0.14305013 0.09476319 0.11479352
 0.08648285 0.13787338 0.07467372 0.06021826]
Epoch 11, Batch 46/891, Grad Norms near zero: 0, Lx 2.1466, Lu 0.0752, Penalty 0.0313, loss 2.2530
Label Softmax (x): [0.10377448 0.10032444 0.08377489 0.13766323 0.0853807  0.12358485
 0.09015095 0.13658836 0.06346445 0.07529364]
Epoch 11, Batch 47/891, Grad Norms near zero: 0, Lx 2.2140, Lu 0.0568, Penalty 0.0294, loss 2.3002
Label Softmax (x): [0.09822929 0.0990212  0.08992448 0.14793622 0.07299329 0.12293817
 0.09560172 0.12759443 0.06555577 0.0802054 ]
Epoch 11, Batch 48/891, Grad Norms near zero: 0, Lx 2.1986, Lu 0.0884, Penalty 0.0295, loss 2.3165
Label Softmax (x): [0.0863012  0.10569366 0.08140771 0.16462815 0.0675599  0.14272168
 0.1003075  0.13529372 0.04644822 0.06963826]
Epoch 11, Batch 49/891, Grad Norms near zero: 0, Lx 2.0580, Lu 0.0480, Penalty 0.0659, loss 2.1719
Label Softmax (x): [0.09986575 0.09048715 0.08944444 0.13578966 0.07982358 0.12399511
 0.07996957 0.14657837 0.06275509 0.09129125]
Epoch 11, Batch 50/891, Grad Norms near zero: 0, Lx 2.1372, Lu 0.0611, Penalty 0.0315, loss 2.2298
Label Softmax (x): [0.08354091 0.11083695 0.09131959 0.1703691  0.0717065  0.12048429
 0.0962655  0.13750735 0.0516846  0.06628517]
Epoch 11, Batch 51/891, Grad Norms near zero: 0, Lx 2.0614, Lu 0.0405, Penalty 0.0572, loss 2.1591
Label Softmax (x): [0.09937632 0.08362676 0.10603177 0.13051915 0.07078603 0.10892597
 0.07170917 0.15680887 0.06907045 0.10314551]
Epoch 11, Batch 52/891, Grad Norms near zero: 0, Lx 2.2073, Lu 0.0831, Penalty 0.0342, loss 2.3245
Label Softmax (x): [0.09964377 0.09460399 0.09379859 0.1442214  0.06080069 0.11885726
 0.07310674 0.14344265 0.05310097 0.11842395]
Epoch 11, Batch 53/891, Grad Norms near zero: 0, Lx 2.0937, Lu 0.0523, Penalty 0.0498, loss 2.1959
Label Softmax (x): [0.1014962  0.08676715 0.0943892  0.13689482 0.05625756 0.12745817
 0.06416476 0.13943143 0.06396506 0.12917562]
Epoch 11, Batch 54/891, Grad Norms near zero: 0, Lx 2.2027, Lu 0.0555, Penalty 0.0506, loss 2.3087
Label Softmax (x): [0.09277552 0.10815042 0.09312533 0.15088786 0.06053293 0.11380088
 0.06978353 0.12874052 0.04692412 0.13527891]
Epoch 11, Batch 55/891, Grad Norms near zero: 0, Lx 2.2293, Lu 0.0609, Penalty 0.0591, loss 2.3493
Label Softmax (x): [0.095714   0.08659814 0.09519119 0.13103905 0.04946815 0.1336666
 0.0701793  0.14004631 0.05955107 0.13854621]
Epoch 11, Batch 56/891, Grad Norms near zero: 0, Lx 2.1963, Lu 0.0561, Penalty 0.0590, loss 2.3114
Label Softmax (x): [0.0886419  0.09856226 0.09632728 0.13216858 0.05763514 0.13096385
 0.07272001 0.13090049 0.06410185 0.12797864]
Epoch 11, Batch 57/891, Grad Norms near zero: 0, Lx 2.1422, Lu 0.0542, Penalty 0.0422, loss 2.2386
Label Softmax (x): [0.08556945 0.13083605 0.10300079 0.1441751  0.05433068 0.10703108
 0.07737621 0.11509649 0.04951548 0.13306868]
Epoch 11, Batch 58/891, Grad Norms near zero: 0, Lx 2.0702, Lu 0.0699, Penalty 0.0567, loss 2.1968
Label Softmax (x): [0.09224065 0.12417819 0.08754174 0.12702945 0.06092297 0.12232116
 0.07104853 0.12235314 0.06302083 0.12934335]
Epoch 11, Batch 59/891, Grad Norms near zero: 0, Lx 2.0581, Lu 0.0785, Penalty 0.0397, loss 2.1762
Label Softmax (x): [0.08711925 0.11869633 0.08116136 0.1202604  0.07150023 0.13784832
 0.0737975  0.11990038 0.06343238 0.12628387]
Epoch 11, Batch 60/891, Grad Norms near zero: 0, Lx 2.1157, Lu 0.0466, Penalty 0.0349, loss 2.1973
Label Softmax (x): [0.06174767 0.11321349 0.07047398 0.15764093 0.0870793  0.13785474
 0.08684348 0.16040209 0.05409006 0.07065426]
Epoch 11, Batch 61/891, Grad Norms near zero: 0, Lx 2.0246, Lu 0.0529, Penalty 0.0701, loss 2.1475
Label Softmax (x): [0.08605935 0.12814853 0.08327922 0.11477222 0.06212736 0.13482869
 0.07457679 0.11889459 0.07826422 0.11904901]
Epoch 11, Batch 62/891, Grad Norms near zero: 0, Lx 2.1403, Lu 0.0773, Penalty 0.0315, loss 2.2491
Label Softmax (x): [0.08104947 0.1307593  0.06949288 0.10680098 0.07499918 0.16744038
 0.07196184 0.12208302 0.06823339 0.10717955]
Epoch 11, Batch 63/891, Grad Norms near zero: 0, Lx 2.0380, Lu 0.0689, Penalty 0.0455, loss 2.1523
Label Softmax (x): [0.09043151 0.12458293 0.07362024 0.10781213 0.06695013 0.154803
 0.07513323 0.1138043  0.07331143 0.11955112]
Epoch 11, Batch 64/891, Grad Norms near zero: 0, Lx 2.1699, Lu 0.0701, Penalty 0.0365, loss 2.2764
Label Softmax (x): [0.08428966 0.13962056 0.0713881  0.10929771 0.06691752 0.15795003
 0.07674747 0.12456278 0.06771933 0.10150685]
Epoch 11, Batch 65/891, Grad Norms near zero: 0, Lx 2.1656, Lu 0.0864, Penalty 0.0450, loss 2.2970
Label Softmax (x): [0.08703466 0.11371131 0.06628937 0.10115951 0.06110129 0.17470196
 0.0735691  0.13983907 0.0801639  0.10242987]
Epoch 11, Batch 66/891, Grad Norms near zero: 0, Lx 2.1296, Lu 0.0547, Penalty 0.0513, loss 2.2357
Label Softmax (x): [0.09725095 0.14041127 0.05887432 0.1029992  0.07074445 0.1627134
 0.07048866 0.11933371 0.07703572 0.10014831]
Epoch 11, Batch 67/891, Grad Norms near zero: 0, Lx 2.1078, Lu 0.0439, Penalty 0.0480, loss 2.1997
Label Softmax (x): [0.09530467 0.1451466  0.05756625 0.10634171 0.072486   0.16896453
 0.06836013 0.12814483 0.06643551 0.09124975]
Epoch 11, Batch 68/891, Grad Norms near zero: 0, Lx 2.0974, Lu 0.0737, Penalty 0.0596, loss 2.2307
Label Softmax (x): [0.09385227 0.13752323 0.06327656 0.11861143 0.06978424 0.15581477
 0.07453579 0.13104971 0.06068294 0.09486908]
Epoch 11, Batch 69/891, Grad Norms near zero: 0, Lx 2.1862, Lu 0.0719, Penalty 0.0524, loss 2.3105
Label Softmax (x): [0.0937843  0.11202446 0.06172829 0.10832758 0.0798042  0.16698052
 0.07021397 0.14823128 0.07342841 0.08547696]
Epoch 11, Batch 70/891, Grad Norms near zero: 0, Lx 2.1196, Lu 0.0714, Penalty 0.0492, loss 2.2402
Label Softmax (x): [0.09651076 0.10609577 0.06559971 0.11887125 0.06411503 0.15347323
 0.07785846 0.15159503 0.07185764 0.09402311]
Epoch 11, Batch 71/891, Grad Norms near zero: 0, Lx 2.1759, Lu 0.0497, Penalty 0.0468, loss 2.2724
Label Softmax (x): [0.10746907 0.10662439 0.07369313 0.14644504 0.0586332  0.13585508
 0.08422244 0.1317878  0.0580546  0.09721524]
Epoch 11, Batch 72/891, Grad Norms near zero: 0, Lx 2.1321, Lu 0.0707, Penalty 0.0483, loss 2.2510
Label Softmax (x): [0.0986051  0.0934521  0.05663265 0.11789335 0.07841716 0.16563155
 0.07855821 0.16931015 0.0558713  0.08562841]
Epoch 11, Batch 73/891, Grad Norms near zero: 0, Lx 2.0848, Lu 0.0630, Penalty 0.0676, loss 2.2154
Label Softmax (x): [0.10903846 0.10352929 0.07180573 0.12714632 0.07461356 0.12732556
 0.08870666 0.14040147 0.06448273 0.09295021]
Epoch 11, Batch 74/891, Grad Norms near zero: 0, Lx 2.1539, Lu 0.0840, Penalty 0.0313, loss 2.2693
Label Softmax (x): [0.10870103 0.08497308 0.07006647 0.13588524 0.06253646 0.14389203
 0.07793602 0.16325349 0.05861564 0.09414053]
Epoch 11, Batch 75/891, Grad Norms near zero: 0, Lx 1.9169, Lu 0.0398, Penalty 0.0588, loss 2.0155
Label Softmax (x): [0.09471943 0.10988089 0.08789876 0.14925088 0.07650797 0.10404263
 0.09747007 0.13298321 0.06599573 0.08125044]
Epoch 11, Batch 76/891, Grad Norms near zero: 0, Lx 2.2506, Lu 0.0526, Penalty 0.0280, loss 2.3313
Label Softmax (x): [0.11487703 0.11072852 0.0948808  0.11970154 0.08180249 0.09373984
 0.09149578 0.12332381 0.07135887 0.09809136]
Epoch 11, Batch 77/891, Grad Norms near zero: 0, Lx 2.1426, Lu 0.0850, Penalty 0.0134, loss 2.2410
Label Softmax (x): [0.11050498 0.09852311 0.0841413  0.11456535 0.08096331 0.10734801
 0.08769579 0.13977695 0.0735763  0.10290492]
Epoch 11, Batch 78/891, Grad Norms near zero: 0, Lx 2.1100, Lu 0.0528, Penalty 0.0167, loss 2.1794
Label Softmax (x): [0.12210067 0.09242341 0.08334889 0.12198627 0.05637395 0.11518118
 0.08574273 0.13773042 0.061924   0.12318851]
Epoch 11, Batch 79/891, Grad Norms near zero: 0, Lx 2.0714, Lu 0.0828, Penalty 0.0399, loss 2.1941
Label Softmax (x): [0.11545494 0.11718348 0.09642418 0.11949532 0.0704681  0.0890174
 0.08976011 0.12037587 0.05788372 0.12393691]
Epoch 11, Batch 80/891, Grad Norms near zero: 0, Lx 2.1177, Lu 0.0824, Penalty 0.0277, loss 2.2278
Label Softmax (x): [0.12955746 0.09372482 0.09862862 0.11297909 0.05457342 0.08960304
 0.08030753 0.12603971 0.0818768  0.13270949]
Epoch 11, Batch 81/891, Grad Norms near zero: 0, Lx 2.2811, Lu 0.0793, Penalty 0.0318, loss 2.3922
Label Softmax (x): [0.11814589 0.1019156  0.08947371 0.1221609  0.05995774 0.0979284
 0.07782453 0.12741394 0.0636476  0.1415317 ]
Epoch 11, Batch 82/891, Grad Norms near zero: 0, Lx 2.0829, Lu 0.0521, Penalty 0.0371, loss 2.1720
Label Softmax (x): [0.10744822 0.09445339 0.09352985 0.12952185 0.05426558 0.10860947
 0.07625657 0.14801346 0.05680598 0.13109565]
Epoch 11, Batch 83/891, Grad Norms near zero: 0, Lx 2.1874, Lu 0.0937, Penalty 0.0496, loss 2.3307
Label Softmax (x): [0.10286589 0.0946545  0.08907691 0.14027713 0.06133629 0.10634972
 0.07991613 0.13910767 0.05284356 0.1335722 ]
Epoch 11, Batch 84/891, Grad Norms near zero: 0, Lx 2.0645, Lu 0.0530, Penalty 0.0474, loss 2.1649
Label Softmax (x): [0.09937406 0.09607763 0.09668641 0.1408875  0.0497922  0.11061196
 0.07639097 0.14334218 0.0617909  0.12504618]
Epoch 11, Batch 85/891, Grad Norms near zero: 0, Lx 2.2125, Lu 0.0789, Penalty 0.0501, loss 2.3415
Label Softmax (x): [0.08545004 0.0973807  0.07779841 0.14075284 0.07842304 0.12004144
 0.07316031 0.17970315 0.04925148 0.09803861]
Epoch 11, Batch 86/891, Grad Norms near zero: 0, Lx 2.0517, Lu 0.0803, Penalty 0.0608, loss 2.1928
Label Softmax (x): [0.08518219 0.06848242 0.079318   0.1456428  0.05978408 0.14709319
 0.07059769 0.1701794  0.06445451 0.10926571]
Epoch 11, Batch 87/891, Grad Norms near zero: 0, Lx 2.1959, Lu 0.0516, Penalty 0.0690, loss 2.3166
Label Softmax (x): [0.08172393 0.08596005 0.07688469 0.14658657 0.07406008 0.1342825
 0.07617034 0.1817381  0.05273541 0.08985837]
Epoch 11, Batch 88/891, Grad Norms near zero: 0, Lx 2.1292, Lu 0.0730, Penalty 0.0661, loss 2.2683
Label Softmax (x): [0.07736411 0.08209383 0.07789169 0.14428622 0.07159796 0.15712763
 0.07180309 0.17685379 0.05904896 0.0819327 ]
Epoch 11, Batch 89/891, Grad Norms near zero: 0, Lx 2.2147, Lu 0.0610, Penalty 0.0707, loss 2.3463
Label Softmax (x): [0.07680571 0.07070251 0.08920109 0.14888361 0.0549447  0.17668322
 0.07147994 0.15587823 0.06480603 0.09061494]
Epoch 11, Batch 90/891, Grad Norms near zero: 0, Lx 2.1665, Lu 0.0835, Penalty 0.0781, loss 2.3281
Label Softmax (x): [0.07920354 0.08316818 0.08973207 0.15206194 0.06720753 0.1694486
 0.07689551 0.12967214 0.05994124 0.0926693 ]
Epoch 11, Batch 91/891, Grad Norms near zero: 0, Lx 2.1852, Lu 0.0691, Penalty 0.0568, loss 2.3110
Label Softmax (x): [0.08395547 0.0826942  0.10063088 0.14301875 0.06354248 0.16270363
 0.07589772 0.12705307 0.07078549 0.0897183 ]
Epoch 11, Batch 92/891, Grad Norms near zero: 0, Lx 2.1794, Lu 0.0741, Penalty 0.0458, loss 2.2992
Label Softmax (x): [0.0999357  0.09705544 0.08406232 0.13422163 0.07016768 0.15727092
 0.0811072  0.12223487 0.0620312  0.09191305]
Epoch 11, Batch 93/891, Grad Norms near zero: 0, Lx 2.1325, Lu 0.0537, Penalty 0.0382, loss 2.2244
Label Softmax (x): [0.10615481 0.09829194 0.0848402  0.13087146 0.07881373 0.14078756
 0.08754308 0.11641206 0.06918955 0.08709563]
Epoch 11, Batch 94/891, Grad Norms near zero: 0, Lx 2.1538, Lu 0.0564, Penalty 0.0236, loss 2.2338
Label Softmax (x): [0.1136334  0.09222928 0.08282773 0.12514234 0.06881719 0.13795885
 0.08438548 0.1264319  0.08300017 0.08557367]
Epoch 11, Batch 95/891, Grad Norms near zero: 0, Lx 2.1049, Lu 0.0617, Penalty 0.0247, loss 2.1913
Label Softmax (x): [0.11808062 0.10317589 0.08085357 0.13507171 0.08884123 0.11425003
 0.08887169 0.11645864 0.07234084 0.08205575]
Epoch 11, Batch 96/891, Grad Norms near zero: 0, Lx 2.2100, Lu 0.0879, Penalty 0.0187, loss 2.3166
Label Softmax (x): [0.14142217 0.08194961 0.08818392 0.14001921 0.04554146 0.12405637
 0.07269224 0.0993581  0.08586954 0.12090737]
Epoch 11, Batch 97/891, Grad Norms near zero: 0, Lx 2.0353, Lu 0.0850, Penalty 0.0500, loss 2.1704
Label Softmax (x): [0.13199408 0.08608902 0.09717856 0.13828853 0.0609258  0.10587588
 0.07856415 0.09522212 0.09143086 0.11443101]
Epoch 11, Batch 98/891, Grad Norms near zero: 0, Lx 2.1604, Lu 0.0702, Penalty 0.0260, loss 2.2566
Label Softmax (x): [0.12577736 0.10004675 0.09752014 0.15271227 0.0557284  0.10786907
 0.0830613  0.08700466 0.0637989  0.12648116]
Epoch 11, Batch 99/891, Grad Norms near zero: 0, Lx 2.1538, Lu 0.0781, Penalty 0.0420, loss 2.2739
Label Softmax (x): [0.12870325 0.09213573 0.09152343 0.13474073 0.05872598 0.11432546
 0.08641025 0.09188811 0.08283754 0.1187095 ]
Epoch 11, Batch 100/891, Grad Norms near zero: 0, Lx 2.1110, Lu 0.0607, Penalty 0.0266, loss 2.1982
Label Softmax (x): [0.11722175 0.12038803 0.09172876 0.1372876  0.08712553 0.09453699
 0.09884737 0.08136678 0.06681754 0.10467966]
Epoch 11, Batch 101/891, Grad Norms near zero: 0, Lx 2.1868, Lu 0.0774, Penalty 0.0194, loss 2.2836
Label Softmax (x): [0.11166912 0.11214712 0.08430652 0.15110333 0.06090283 0.11377562
 0.07460627 0.11051682 0.06113629 0.11983607]
Epoch 11, Batch 102/891, Grad Norms near zero: 0, Lx 2.0984, Lu 0.0646, Penalty 0.0404, loss 2.2034
Label Softmax (x): [0.11310687 0.12595332 0.07977045 0.1454621  0.07449974 0.10388925
 0.09011954 0.1023879  0.05977728 0.10503355]
Epoch 11, Batch 103/891, Grad Norms near zero: 0, Lx 2.0859, Lu 0.0784, Penalty 0.0299, loss 2.1942
Label Softmax (x): [0.09516396 0.11601694 0.08309495 0.14462984 0.05533756 0.13215192
 0.08687697 0.12302481 0.06138347 0.10231958]
Epoch 11, Batch 104/891, Grad Norms near zero: 0, Lx 2.1272, Lu 0.0837, Penalty 0.0429, loss 2.2538
Label Softmax (x): [0.09275761 0.12609552 0.07189472 0.14279188 0.06735671 0.13120711
 0.09476826 0.11849292 0.04918798 0.10544728]
Epoch 11, Batch 105/891, Grad Norms near zero: 0, Lx 2.0628, Lu 0.0505, Penalty 0.0481, loss 2.1614
Label Softmax (x): [0.08464506 0.11748089 0.08908236 0.12957755 0.07578275 0.12342721
 0.09177754 0.1405055  0.0600934  0.08762776]
Epoch 11, Batch 106/891, Grad Norms near zero: 0, Lx 2.1251, Lu 0.0812, Penalty 0.0316, loss 2.2380
Label Softmax (x): [0.07766934 0.11577831 0.08665243 0.12901975 0.06787694 0.12441897
 0.08389953 0.16031383 0.06015233 0.09421853]
Epoch 11, Batch 107/891, Grad Norms near zero: 0, Lx 2.0199, Lu 0.0503, Penalty 0.0435, loss 2.1138
Label Softmax (x): [0.06893571 0.09052961 0.06940074 0.12799591 0.06533649 0.14577755
 0.07806784 0.19656107 0.05146018 0.10593491]
Epoch 11, Batch 108/891, Grad Norms near zero: 0, Lx 2.1028, Lu 0.0410, Penalty 0.0817, loss 2.2255
Label Softmax (x): [0.06561777 0.10226265 0.06392221 0.131424   0.07175633 0.1516181
 0.07271041 0.20275445 0.04634751 0.0915866 ]
Epoch 11, Batch 109/891, Grad Norms near zero: 0, Lx 2.0541, Lu 0.0787, Penalty 0.0958, loss 2.2285
Label Softmax (x): [0.08147413 0.12108815 0.09072933 0.12895447 0.04914064 0.11683059
 0.08418269 0.16321331 0.06508514 0.09930156]
Epoch 11, Batch 110/891, Grad Norms near zero: 0, Lx 2.0257, Lu 0.0523, Penalty 0.0530, loss 2.1310
Label Softmax (x): [0.07633465 0.11123783 0.070545   0.13798794 0.06166519 0.12498799
 0.07557683 0.19050296 0.05129899 0.09986262]
Epoch 11, Batch 111/891, Grad Norms near zero: 0, Lx 2.0468, Lu 0.0498, Penalty 0.0755, loss 2.1721
Label Softmax (x): [0.08451195 0.12372369 0.09256979 0.12653989 0.05481116 0.10869838
 0.07900358 0.16346489 0.06276463 0.10391204]
Epoch 11, Batch 112/891, Grad Norms near zero: 0, Lx 2.0868, Lu 0.0476, Penalty 0.0487, loss 2.1831
Label Softmax (x): [0.08224879 0.13284582 0.08706312 0.12993258 0.06056506 0.11606462
 0.09120613 0.14528017 0.04959328 0.10520045]
Epoch 11, Batch 113/891, Grad Norms near zero: 0, Lx 2.1182, Lu 0.0848, Penalty 0.0510, loss 2.2541
Label Softmax (x): [0.08842321 0.12030987 0.08416989 0.13019222 0.0812711  0.09372459
 0.0730553  0.1605768  0.06526868 0.10300833]
Epoch 11, Batch 114/891, Grad Norms near zero: 0, Lx 2.1267, Lu 0.0426, Penalty 0.0356, loss 2.2049
Label Softmax (x): [0.09589203 0.1195712  0.09613885 0.12249921 0.06993295 0.10258916
 0.08264314 0.15026245 0.07133313 0.08913787]
Epoch 11, Batch 115/891, Grad Norms near zero: 0, Lx 2.1199, Lu 0.0639, Penalty 0.0268, loss 2.2106
Label Softmax (x): [0.09942868 0.1244695  0.08539075 0.12250654 0.05962142 0.10175047
 0.06390977 0.18128191 0.07217684 0.08946413]
Epoch 11, Batch 116/891, Grad Norms near zero: 0, Lx 2.0795, Lu 0.0633, Penalty 0.0532, loss 2.1960
Label Softmax (x): [0.10298815 0.13126303 0.09610391 0.11928576 0.07494956 0.09291969
 0.0741871  0.14896734 0.067573   0.09176247]
Epoch 11, Batch 117/891, Grad Norms near zero: 0, Lx 2.2113, Lu 0.0820, Penalty 0.0302, loss 2.3235
Label Softmax (x): [0.11070459 0.09927814 0.08133635 0.11632703 0.05764148 0.11375154
 0.06375767 0.18437989 0.08095872 0.09186459]
Epoch 11, Batch 118/891, Grad Norms near zero: 0, Lx 2.2036, Lu 0.0744, Penalty 0.0517, loss 2.3297
Label Softmax (x): [0.11003545 0.10654328 0.07777472 0.12176747 0.08031786 0.11672425
 0.08052004 0.14611447 0.06408341 0.09611906]
Epoch 11, Batch 119/891, Grad Norms near zero: 0, Lx 2.1301, Lu 0.0977, Penalty 0.0282, loss 2.2560
Label Softmax (x): [0.11462209 0.10214616 0.0722786  0.12448318 0.08014468 0.12230042
 0.07080921 0.15117675 0.0612605  0.10077843]
Epoch 11, Batch 120/891, Grad Norms near zero: 0, Lx 2.0711, Lu 0.0505, Penalty 0.0382, loss 2.1598
Label Softmax (x): [0.11396059 0.09766722 0.06161945 0.12640348 0.07468513 0.14320078
 0.07119146 0.15633348 0.05439658 0.10054183]
Epoch 11, Batch 121/891, Grad Norms near zero: 0, Lx 2.1867, Lu 0.0488, Penalty 0.0572, loss 2.2927
Label Softmax (x): [0.12261918 0.0844648  0.06824735 0.12320855 0.07001726 0.13704808
 0.06757573 0.15980557 0.06867931 0.09833418]
Epoch 11, Batch 122/891, Grad Norms near zero: 0, Lx 2.1477, Lu 0.0744, Penalty 0.0495, loss 2.2717
Label Softmax (x): [0.11701687 0.10156925 0.07788607 0.13613929 0.08033176 0.11907858
 0.07251558 0.14044324 0.06011429 0.09490509]
Epoch 11, Batch 123/891, Grad Norms near zero: 0, Lx 2.2443, Lu 0.0801, Penalty 0.0356, loss 2.3601
Label Softmax (x): [0.13767657 0.08798527 0.06907436 0.14053524 0.07206053 0.1062564
 0.07205907 0.11457284 0.08621617 0.11356354]
Epoch 11, Batch 124/891, Grad Norms near zero: 0, Lx 2.1585, Lu 0.0671, Penalty 0.0318, loss 2.2573
Label Softmax (x): [0.11599524 0.09773893 0.07586536 0.16438723 0.08232878 0.1160748
 0.07986986 0.11024278 0.06734638 0.09015065]
Epoch 11, Batch 125/891, Grad Norms near zero: 0, Lx 2.1320, Lu 0.0739, Penalty 0.0325, loss 2.2384
Label Softmax (x): [0.09798157 0.09787154 0.07918318 0.16198447 0.07836835 0.12467656
 0.08464691 0.1270534  0.06471713 0.08351687]
Epoch 11, Batch 126/891, Grad Norms near zero: 0, Lx 2.0506, Lu 0.0525, Penalty 0.0359, loss 2.1389
Label Softmax (x): [0.09409702 0.10273005 0.06875829 0.17513782 0.08540243 0.1255897
 0.08983013 0.12197679 0.05104878 0.08542897]
Epoch 11, Batch 127/891, Grad Norms near zero: 0, Lx 2.1031, Lu 0.0777, Penalty 0.0516, loss 2.2324
Label Softmax (x): [0.08851863 0.09960446 0.08341311 0.18209937 0.0763265  0.12091501
 0.09115653 0.11531118 0.05455364 0.08810156]
Epoch 11, Batch 128/891, Grad Norms near zero: 0, Lx 2.1847, Lu 0.0568, Penalty 0.0471, loss 2.2886
Label Softmax (x): [0.09102753 0.09694002 0.07463079 0.17989723 0.0743858  0.13052692
 0.0889788  0.12510435 0.05820007 0.08030847]
Epoch 11, Batch 129/891, Grad Norms near zero: 0, Lx 2.1500, Lu 0.0836, Penalty 0.0513, loss 2.2849
Label Softmax (x): [0.10275084 0.09662156 0.07839644 0.1709438  0.07471699 0.11710467
 0.08390214 0.08776402 0.0801722  0.10762735]
Epoch 11, Batch 130/891, Grad Norms near zero: 0, Lx 1.9783, Lu 0.0444, Penalty 0.0302, loss 2.0529
Label Softmax (x): [0.0892196  0.10323598 0.07411505 0.17269093 0.06704299 0.14351997
 0.09213652 0.1115697  0.05627936 0.0901899 ]
Epoch 11, Batch 131/891, Grad Norms near zero: 0, Lx 2.1700, Lu 0.0568, Penalty 0.0524, loss 2.2793
Label Softmax (x): [0.1132771  0.0951769  0.07216373 0.16108713 0.07085153 0.11991753
 0.07747617 0.08978468 0.07780948 0.12245579]
Epoch 11, Batch 132/891, Grad Norms near zero: 0, Lx 2.1106, Lu 0.0716, Penalty 0.0348, loss 2.2171
Label Softmax (x): [0.09384165 0.11039839 0.086585   0.16766076 0.05297277 0.13489577
 0.08445526 0.10956868 0.06237648 0.09724523]
Epoch 11, Batch 133/891, Grad Norms near zero: 0, Lx 2.1461, Lu 0.0616, Penalty 0.0505, loss 2.2582
Label Softmax (x): [0.10193971 0.10061323 0.09057286 0.15919662 0.0589107  0.13542856
 0.07046288 0.10464428 0.08342028 0.09481089]
Epoch 11, Batch 134/891, Grad Norms near zero: 0, Lx 2.0416, Lu 0.0641, Penalty 0.0374, loss 2.1431
Label Softmax (x): [0.10084438 0.12832808 0.0899642  0.15682338 0.05645863 0.12296526
 0.07771401 0.10321678 0.0612389  0.10244637]
Epoch 11, Batch 135/891, Grad Norms near zero: 0, Lx 2.0783, Lu 0.0443, Penalty 0.0450, loss 2.1675
Label Softmax (x): [0.10485063 0.14399832 0.08372    0.16064976 0.07735476 0.1083006
 0.07038013 0.08896836 0.06536893 0.0964085 ]
Epoch 11, Batch 136/891, Grad Norms near zero: 0, Lx 2.0931, Lu 0.0637, Penalty 0.0399, loss 2.1966
Label Softmax (x): [0.09828756 0.11702913 0.10631585 0.13619934 0.0531238  0.13393654
 0.07383586 0.10949548 0.07798263 0.09379381]
Epoch 11, Batch 137/891, Grad Norms near zero: 0, Lx 2.1189, Lu 0.0791, Penalty 0.0356, loss 2.2335
Label Softmax (x): [0.09746287 0.12701114 0.1022929  0.13044433 0.05353254 0.13995859
 0.07579269 0.11998657 0.06231786 0.0912005 ]
Epoch 11, Batch 138/891, Grad Norms near zero: 0, Lx 2.1257, Lu 0.0816, Penalty 0.0447, loss 2.2519
Label Softmax (x): [0.11195872 0.12635654 0.09611873 0.12008327 0.053092   0.13550876
 0.06977931 0.12567866 0.06965087 0.09177314]
Epoch 11, Batch 139/891, Grad Norms near zero: 0, Lx 2.1637, Lu 0.0869, Penalty 0.0418, loss 2.2923
Label Softmax (x): [0.11265982 0.10994871 0.10762005 0.1126963  0.06208516 0.13719197
 0.0693439  0.11281976 0.06901441 0.10661998]
Epoch 11, Batch 140/891, Grad Norms near zero: 0, Lx 1.9937, Lu 0.0463, Penalty 0.0306, loss 2.0705
Label Softmax (x): [0.10731459 0.10694543 0.09764013 0.10951542 0.08101854 0.13450079
 0.06917581 0.1274907  0.07397447 0.09242412]
Epoch 11, Batch 141/891, Grad Norms near zero: 0, Lx 2.0322, Lu 0.0611, Penalty 0.0215, loss 2.1148
Label Softmax (x): [0.12611362 0.11011345 0.09948938 0.10559413 0.06049992 0.11787236
 0.07093807 0.12701373 0.07574111 0.10662425]
Epoch 11, Batch 142/891, Grad Norms near zero: 0, Lx 2.0697, Lu 0.0719, Penalty 0.0278, loss 2.1694
Label Softmax (x): [0.10051572 0.10656396 0.10099858 0.10952762 0.09679057 0.12180193
 0.07281291 0.13785756 0.07064061 0.08249052]
Epoch 11, Batch 143/891, Grad Norms near zero: 0, Lx 2.0464, Lu 0.0538, Penalty 0.0202, loss 2.1205
Label Softmax (x): [0.09649211 0.10048932 0.08804576 0.10940698 0.09547633 0.13916379
 0.07881874 0.13656825 0.0651297  0.09040903]
Epoch 11, Batch 144/891, Grad Norms near zero: 0, Lx 2.1471, Lu 0.0469, Penalty 0.0240, loss 2.2179
Label Softmax (x): [0.11515872 0.08024365 0.08270095 0.09620374 0.06742024 0.15586406
 0.07038477 0.17501146 0.06129614 0.09571624]
Epoch 11, Batch 145/891, Grad Norms near zero: 0, Lx 2.2408, Lu 0.0795, Penalty 0.0583, loss 2.3786
Label Softmax (x): [0.10195715 0.08495571 0.08994552 0.10388279 0.07378566 0.1529788
 0.07860658 0.15967812 0.05908092 0.09512876]
Epoch 11, Batch 146/891, Grad Norms near zero: 0, Lx 2.2029, Lu 0.0638, Penalty 0.0439, loss 2.3106
Label Softmax (x): [0.11164913 0.07119481 0.06964711 0.10632636 0.09002529 0.15227151
 0.07221647 0.16169733 0.05911881 0.10585316]
Epoch 11, Batch 147/891, Grad Norms near zero: 0, Lx 2.0916, Lu 0.0687, Penalty 0.0528, loss 2.2132
Label Softmax (x): [0.10175014 0.07160616 0.07849205 0.09541049 0.06446445 0.19268782
 0.07453911 0.16566315 0.05630384 0.09908276]
Epoch 11, Batch 148/891, Grad Norms near zero: 0, Lx 2.0373, Lu 0.0601, Penalty 0.0762, loss 2.1736
Label Softmax (x): [0.12494227 0.07367793 0.06737721 0.11301329 0.05201901 0.1790753
 0.08063387 0.1332748  0.04383638 0.13214993]
Epoch 11, Batch 149/891, Grad Norms near zero: 0, Lx 2.0787, Lu 0.0599, Penalty 0.0900, loss 2.2285
Label Softmax (x): [0.10987695 0.08441359 0.08047155 0.10791802 0.06659315 0.1722309
 0.08338299 0.14267716 0.05148536 0.10095038]
Epoch 11, Batch 150/891, Grad Norms near zero: 0, Lx 2.1042, Lu 0.0718, Penalty 0.0560, loss 2.2320
Label Softmax (x): [0.10130747 0.06803391 0.06609733 0.12255281 0.08809026 0.17315073
 0.08430983 0.15770616 0.05460101 0.08415051]
Epoch 11, Batch 151/891, Grad Norms near zero: 0, Lx 2.0881, Lu 0.0793, Penalty 0.0653, loss 2.2328
Label Softmax (x): [0.11485322 0.10078815 0.08841741 0.11811259 0.05859082 0.15647517
 0.09176769 0.11794138 0.05013086 0.10292272]
Epoch 11, Batch 152/891, Grad Norms near zero: 0, Lx 2.0802, Lu 0.0591, Penalty 0.0480, loss 2.1873
Label Softmax (x): [0.11426588 0.09912544 0.0847837  0.12261556 0.07109555 0.15173523
 0.0951969  0.11834066 0.04909554 0.09374553]
Epoch 11, Batch 153/891, Grad Norms near zero: 0, Lx 2.0378, Lu 0.0432, Penalty 0.0418, loss 2.1228
Label Softmax (x): [0.14186774 0.11735332 0.09148032 0.12028328 0.06563938 0.11340865
 0.09336004 0.08679698 0.06031824 0.10949206]
Epoch 11, Batch 154/891, Grad Norms near zero: 0, Lx 2.0222, Lu 0.0410, Penalty 0.0315, loss 2.0946
Label Softmax (x): [0.12811458 0.12516555 0.07979264 0.15254584 0.05261536 0.13814735
 0.08250429 0.10497545 0.0612958  0.07484315]
Epoch 11, Batch 155/891, Grad Norms near zero: 0, Lx 2.0201, Lu 0.0495, Penalty 0.0573, loss 2.1269
Label Softmax (x): [0.12522863 0.13231853 0.09042133 0.16184388 0.0464986  0.13128129
 0.08986105 0.09202418 0.04680563 0.08371689]
Epoch 11, Batch 156/891, Grad Norms near zero: 0, Lx 2.0770, Lu 0.0838, Penalty 0.0735, loss 2.2342
Label Softmax (x): [0.10779324 0.1320516  0.09722491 0.16912296 0.05787258 0.12713042
 0.09495216 0.09516114 0.04470777 0.07398321]
Epoch 11, Batch 157/891, Grad Norms near zero: 0, Lx 2.0983, Lu 0.0708, Penalty 0.0664, loss 2.2355
Label Softmax (x): [0.12398417 0.13926198 0.1023237  0.1391454  0.05473583 0.10886006
 0.08506777 0.10273893 0.06165184 0.08223034]
Epoch 11, Batch 158/891, Grad Norms near zero: 0, Lx 2.2077, Lu 0.0840, Penalty 0.0432, loss 2.3349
Label Softmax (x): [0.12321113 0.13104102 0.10897104 0.13238186 0.05235884 0.11154948
 0.08764756 0.09310959 0.07243386 0.08729561]
Epoch 11, Batch 159/891, Grad Norms near zero: 0, Lx 2.2702, Lu 0.0731, Penalty 0.0354, loss 2.3787
Label Softmax (x): [0.11910449 0.11712882 0.09886099 0.12646201 0.05957557 0.12041818
 0.08451571 0.10355693 0.07837132 0.09200597]
Epoch 11, Batch 160/891, Grad Norms near zero: 0, Lx 2.2076, Lu 0.0631, Penalty 0.0236, loss 2.2943
Label Softmax (x): [0.1300849  0.11982322 0.07808792 0.12335829 0.05640313 0.13210344
 0.077424   0.11670397 0.07365379 0.09235734]
Epoch 11, Batch 161/891, Grad Norms near zero: 0, Lx 2.1718, Lu 0.0876, Penalty 0.0374, loss 2.2969
Label Softmax (x): [0.10770455 0.0885161  0.08506443 0.13832648 0.06112739 0.15460217
 0.08050582 0.11275222 0.07321535 0.09818546]
Epoch 11, Batch 162/891, Grad Norms near zero: 0, Lx 2.1387, Lu 0.0494, Penalty 0.0368, loss 2.2249
Label Softmax (x): [0.12221187 0.12625009 0.0630456  0.12798306 0.05239527 0.1401301
 0.07474914 0.12567234 0.06199309 0.10556941]
Epoch 11, Batch 163/891, Grad Norms near zero: 0, Lx 2.1461, Lu 0.0924, Penalty 0.0576, loss 2.2961
Label Softmax (x): [0.09802137 0.08181825 0.06926356 0.12989746 0.06035024 0.17915034
 0.07568052 0.13180543 0.06855101 0.10546179]
Epoch 11, Batch 164/891, Grad Norms near zero: 0, Lx 1.9980, Lu 0.0425, Penalty 0.0575, loss 2.0979
Label Softmax (x): [0.10523497 0.08376703 0.06249258 0.13754936 0.0723617  0.15102959
 0.07352238 0.13222225 0.06545292 0.11636724]
Epoch 11, Batch 165/891, Grad Norms near zero: 0, Lx 2.0258, Lu 0.0516, Penalty 0.0489, loss 2.1264
Label Softmax (x): [0.11063147 0.10650039 0.05500474 0.13716424 0.06584259 0.14330713
 0.07399971 0.13738804 0.06079653 0.10936514]
Epoch 11, Batch 166/891, Grad Norms near zero: 0, Lx 2.1029, Lu 0.0376, Penalty 0.0567, loss 2.1972
Label Softmax (x): [0.08859406 0.07742416 0.06595309 0.14359516 0.06933557 0.14802045
 0.07650032 0.15081611 0.07702692 0.10273416]
Epoch 11, Batch 167/891, Grad Norms near zero: 0, Lx 2.0367, Lu 0.0666, Penalty 0.0496, loss 2.1530
Label Softmax (x): [0.09577056 0.08881374 0.05522938 0.1468575  0.0737965  0.12532808
 0.06813905 0.17833805 0.07754427 0.0901829 ]
Epoch 11, Batch 168/891, Grad Norms near zero: 0, Lx 2.1706, Lu 0.0426, Penalty 0.0612, loss 2.2744
Label Softmax (x): [0.08878206 0.09831658 0.06173472 0.15460153 0.08128345 0.11950789
 0.07383765 0.17072563 0.06598426 0.08522622]
Epoch 11, Batch 169/891, Grad Norms near zero: 0, Lx 2.1959, Lu 0.0753, Penalty 0.0556, loss 2.3268
Label Softmax (x): [0.08806438 0.09434369 0.06337601 0.15167296 0.07882517 0.11280775
 0.07679588 0.1712082  0.07369962 0.08920632]
Epoch 11, Batch 170/891, Grad Norms near zero: 0, Lx 2.1303, Lu 0.0467, Penalty 0.0488, loss 2.2258
Label Softmax (x): [0.09742366 0.08663975 0.07997892 0.14344653 0.06831391 0.10051702
 0.08156628 0.1465576  0.09370204 0.10185425]
Epoch 11, Batch 171/891, Grad Norms near zero: 0, Lx 2.1343, Lu 0.0574, Penalty 0.0276, loss 2.2194
Label Softmax (x): [0.09514098 0.08746617 0.09379441 0.14787495 0.07474127 0.09165662
 0.08581568 0.14277631 0.06496651 0.11576712]
Epoch 11, Batch 172/891, Grad Norms near zero: 0, Lx 2.1049, Lu 0.0535, Penalty 0.0317, loss 2.1901
Label Softmax (x): [0.09531994 0.11408733 0.08520909 0.14918238 0.05680263 0.09515735
 0.08678792 0.14519128 0.06223356 0.11002854]
Epoch 11, Batch 173/891, Grad Norms near zero: 0, Lx 2.1694, Lu 0.0587, Penalty 0.0439, loss 2.2720
Label Softmax (x): [0.09563343 0.11033639 0.09166625 0.14613284 0.05562512 0.09571249
 0.09117839 0.13703352 0.06606776 0.11061378]
Epoch 11, Batch 174/891, Grad Norms near zero: 0, Lx 2.1426, Lu 0.0649, Penalty 0.0375, loss 2.2450
Label Softmax (x): [0.08926994 0.08204912 0.1086995  0.13149072 0.06455876 0.10227145
 0.08740687 0.15427612 0.07837154 0.101606  ]
Epoch 11, Batch 175/891, Grad Norms near zero: 0, Lx 2.0292, Lu 0.0754, Penalty 0.0298, loss 2.1344
Label Softmax (x): [0.10279977 0.10043111 0.10753357 0.13293965 0.05937027 0.08883969
 0.0973606  0.12170368 0.07388079 0.11514085]
Epoch 11, Batch 176/891, Grad Norms near zero: 0, Lx 2.0956, Lu 0.0558, Penalty 0.0243, loss 2.1756
Label Softmax (x): [0.10272969 0.10452995 0.10496895 0.13659666 0.04165351 0.11080824
 0.08690907 0.14003903 0.06191461 0.10985026]
Epoch 11, Batch 177/891, Grad Norms near zero: 0, Lx 2.0338, Lu 0.0591, Penalty 0.0531, loss 2.1460
Label Softmax (x): [0.11542519 0.10599779 0.10873307 0.12197119 0.06366259 0.08888545
 0.08808342 0.12027046 0.07686067 0.11011018]
Epoch 11, Batch 178/891, Grad Norms near zero: 0, Lx 2.2064, Lu 0.0858, Penalty 0.0195, loss 2.3117
Label Softmax (x): [0.10242189 0.10213049 0.1072094  0.12997678 0.06472638 0.10210475
 0.0862736  0.13918644 0.06085055 0.10511971]
Epoch 11, Batch 179/891, Grad Norms near zero: 0, Lx 2.0054, Lu 0.0775, Penalty 0.0301, loss 2.1130
Label Softmax (x): [0.11561579 0.12316313 0.09312584 0.11980736 0.06546687 0.0915215
 0.09440282 0.11114246 0.06251431 0.12323993]
Epoch 11, Batch 180/891, Grad Norms near zero: 0, Lx 2.2109, Lu 0.0505, Penalty 0.0262, loss 2.2877
Label Softmax (x): [0.09036455 0.11783715 0.08910902 0.1203493  0.07250052 0.11313729
 0.09393324 0.13684481 0.06256545 0.10335866]
Epoch 11, Batch 181/891, Grad Norms near zero: 0, Lx 1.9920, Lu 0.0538, Penalty 0.0250, loss 2.0709
Label Softmax (x): [0.10600731 0.11922666 0.08213612 0.11884905 0.07123442 0.11223856
 0.09159723 0.12340817 0.0676461  0.10765636]
Epoch 11, Batch 182/891, Grad Norms near zero: 0, Lx 2.2473, Lu 0.0622, Penalty 0.0208, loss 2.3303
Label Softmax (x): [0.08780602 0.13219577 0.07758956 0.12802677 0.06981742 0.12534918
 0.08648966 0.15335429 0.04814435 0.09122702]
Epoch 11, Batch 183/891, Grad Norms near zero: 0, Lx 2.0656, Lu 0.0675, Penalty 0.0531, loss 2.1862
Label Softmax (x): [0.09545228 0.11930763 0.06025194 0.12811346 0.05925165 0.14654696
 0.08703163 0.15856636 0.04750706 0.09797106]
Epoch 11, Batch 184/891, Grad Norms near zero: 0, Lx 2.0388, Lu 0.0516, Penalty 0.0713, loss 2.1617
Label Softmax (x): [0.08368956 0.1197931  0.06865192 0.12758681 0.06974228 0.14819738
 0.08120578 0.16466641 0.05120969 0.08525704]
Epoch 11, Batch 185/891, Grad Norms near zero: 0, Lx 2.0355, Lu 0.0432, Penalty 0.0635, loss 2.1422
Label Softmax (x): [0.09611457 0.11263281 0.06632547 0.12253079 0.06601678 0.1410771
 0.0725842  0.1788739  0.06235764 0.08148678]
Epoch 11, Batch 186/891, Grad Norms near zero: 0, Lx 2.0909, Lu 0.0667, Penalty 0.0615, loss 2.2192
Label Softmax (x): [0.1062462  0.12701316 0.05785674 0.13310696 0.05779245 0.13390292
 0.08061527 0.15831627 0.05175215 0.09339788]
Epoch 11, Batch 187/891, Grad Norms near zero: 0, Lx 2.1665, Lu 0.0379, Penalty 0.0701, loss 2.2745
Label Softmax (x): [0.10328852 0.12286627 0.0623274  0.13572344 0.08223637 0.11795994
 0.07130083 0.15272464 0.06851472 0.08305788]
Epoch 11, Batch 188/891, Grad Norms near zero: 0, Lx 2.0675, Lu 0.0397, Penalty 0.0438, loss 2.1509
Label Softmax (x): [0.10400505 0.09805518 0.06179189 0.13896933 0.06397169 0.13736579
 0.06768651 0.17706522 0.07992633 0.07116302]
Epoch 11, Batch 189/891, Grad Norms near zero: 0, Lx 2.2276, Lu 0.0830, Penalty 0.0645, loss 2.3752
Label Softmax (x): [0.09462091 0.1361061  0.06666708 0.13837112 0.0829448  0.14044362
 0.05990993 0.15086608 0.05581405 0.07425632]
Epoch 11, Batch 190/891, Grad Norms near zero: 0, Lx 2.0656, Lu 0.0460, Penalty 0.0657, loss 2.1773
Label Softmax (x): [0.10333209 0.10324141 0.06594749 0.15805542 0.06339379 0.13972369
 0.06844063 0.14915536 0.07176578 0.07694436]
Epoch 11, Batch 191/891, Grad Norms near zero: 0, Lx 2.1926, Lu 0.0802, Penalty 0.0588, loss 2.3316
Label Softmax (x): [0.10675811 0.10839586 0.07332908 0.14045759 0.0626498  0.14213973
 0.0602962  0.14476795 0.07423668 0.08696895]
Epoch 11, Batch 192/891, Grad Norms near zero: 0, Lx 2.1178, Lu 0.0715, Penalty 0.0514, loss 2.2406
Label Softmax (x): [0.11611152 0.08427057 0.07709358 0.15612136 0.05596318 0.12334611
 0.07243982 0.12408226 0.09368943 0.09688216]
Epoch 11, Batch 193/891, Grad Norms near zero: 0, Lx 2.1972, Lu 0.0750, Penalty 0.0411, loss 2.3132
Label Softmax (x): [0.11378185 0.08773701 0.08224298 0.16417052 0.0565091  0.11997598
 0.07385723 0.11219256 0.08601522 0.10351757]
Epoch 11, Batch 194/891, Grad Norms near zero: 0, Lx 2.1706, Lu 0.0667, Penalty 0.0394, loss 2.2767
Label Softmax (x): [0.10973433 0.1095771  0.07915297 0.15253142 0.07165629 0.12785798
 0.0705679  0.11368072 0.0612222  0.10401907]
Epoch 11, Batch 195/891, Grad Norms near zero: 0, Lx 2.1411, Lu 0.0723, Penalty 0.0386, loss 2.2521
Label Softmax (x): [0.1056031  0.13048774 0.07995591 0.15713924 0.05989705 0.1270923
 0.07837091 0.10311358 0.05039882 0.10794137]
Epoch 11, Batch 196/891, Grad Norms near zero: 0, Lx 2.0126, Lu 0.0664, Penalty 0.0546, loss 2.1335
Label Softmax (x): [0.1239233  0.08363143 0.09050923 0.14791918 0.0636939  0.10273904
 0.0826219  0.08394022 0.10168428 0.11933752]
Epoch 11, Batch 197/891, Grad Norms near zero: 0, Lx 2.1383, Lu 0.0748, Penalty 0.0269, loss 2.2400
Label Softmax (x): [0.1059977  0.11238873 0.08343656 0.1405747  0.06628235 0.12642221
 0.08697702 0.09921854 0.05832873 0.12037349]
Epoch 11, Batch 198/891, Grad Norms near zero: 0, Lx 1.8440, Lu 0.0438, Penalty 0.0343, loss 1.9221
Label Softmax (x): [0.10553337 0.0898499  0.08417054 0.15389645 0.06000687 0.11994715
 0.09480467 0.09385961 0.05768359 0.14024784]
Epoch 11, Batch 199/891, Grad Norms near zero: 0, Lx 2.0524, Lu 0.0672, Penalty 0.0452, loss 2.1647
Label Softmax (x): [0.10143536 0.10220137 0.09300071 0.1468513  0.07015301 0.10466534
 0.09561979 0.08821795 0.05769175 0.14016345]
Epoch 11, Batch 200/891, Grad Norms near zero: 0, Lx 2.1858, Lu 0.0749, Penalty 0.0344, loss 2.2951
Label Softmax (x): [0.09640752 0.09004648 0.09049995 0.13600287 0.06342068 0.11885357
 0.09602781 0.10290902 0.06326275 0.14256935]
Epoch 11, Batch 201/891, Grad Norms near zero: 0, Lx 2.1452, Lu 0.0754, Penalty 0.0331, loss 2.2538
Label Softmax (x): [0.1135238  0.09862439 0.08903781 0.12843826 0.0605191  0.11116666
 0.09706402 0.08611162 0.06880792 0.14670643]
Epoch 11, Batch 202/891, Grad Norms near zero: 0, Lx 2.1320, Lu 0.0502, Penalty 0.0319, loss 2.2140
Label Softmax (x): [0.10670465 0.09783383 0.07290331 0.12450968 0.0614354  0.13502108
 0.08965245 0.11324789 0.06176025 0.13693146]
Epoch 11, Batch 203/891, Grad Norms near zero: 0, Lx 2.1285, Lu 0.0530, Penalty 0.0393, loss 2.2208
Label Softmax (x): [0.12142876 0.10291336 0.07973725 0.11518175 0.05648038 0.12168291
 0.08087318 0.12100743 0.06780577 0.13288918]
Epoch 11, Batch 204/891, Grad Norms near zero: 0, Lx 2.1448, Lu 0.0490, Penalty 0.0363, loss 2.2301
Label Softmax (x): [0.09524217 0.11212693 0.08352976 0.11317152 0.06596799 0.14067407
 0.07978947 0.14524648 0.05261131 0.11164033]
Epoch 11, Batch 205/891, Grad Norms near zero: 0, Lx 2.0473, Lu 0.0705, Penalty 0.0450, loss 2.1628
Label Softmax (x): [0.10116851 0.11927214 0.092007   0.10844529 0.05122169 0.14243233
 0.07204727 0.15381229 0.05958726 0.10000619]
Epoch 11, Batch 206/891, Grad Norms near zero: 0, Lx 2.1710, Lu 0.0844, Penalty 0.0545, loss 2.3099
Label Softmax (x): [0.09839491 0.13637455 0.09011369 0.11242275 0.05832545 0.14063416
 0.07030948 0.15289159 0.05068948 0.08984396]
Epoch 11, Batch 207/891, Grad Norms near zero: 0, Lx 2.1144, Lu 0.0710, Penalty 0.0605, loss 2.2460
Label Softmax (x): [0.10397844 0.1179283  0.08643863 0.11236347 0.07274573 0.14703073
 0.06813519 0.14415835 0.06769151 0.0795297 ]
Epoch 11, Batch 208/891, Grad Norms near zero: 0, Lx 2.0654, Lu 0.0636, Penalty 0.0395, loss 2.1685
Label Softmax (x): [0.10401945 0.08106748 0.06679983 0.0857532  0.06410365 0.19032362
 0.06283069 0.17741267 0.07357271 0.09411669]
Epoch 11, Batch 209/891, Grad Norms near zero: 0, Lx 2.1622, Lu 0.0636, Penalty 0.0788, loss 2.3045
Label Softmax (x): [0.09173105 0.13482842 0.08325995 0.12824488 0.06166686 0.1621176
 0.06614587 0.13599747 0.06108579 0.07492211]
Epoch 11, Batch 210/891, Grad Norms near zero: 0, Lx 2.0729, Lu 0.0711, Penalty 0.0610, loss 2.2049
Label Softmax (x): [0.09373235 0.11347684 0.06593446 0.10706246 0.07111698 0.17683695
 0.06824747 0.14914098 0.07278582 0.08166566]
Epoch 11, Batch 211/891, Grad Norms near zero: 0, Lx 1.9733, Lu 0.0495, Penalty 0.0560, loss 2.0788
Label Softmax (x): [0.10870951 0.09018816 0.07341728 0.10944106 0.06204996 0.17343745
 0.06894288 0.15157925 0.07002699 0.09220745]
Epoch 11, Batch 212/891, Grad Norms near zero: 0, Lx 2.0704, Lu 0.0603, Penalty 0.0559, loss 2.1865
Label Softmax (x): [0.10514665 0.13890938 0.09310874 0.14853218 0.06776945 0.13872474
 0.06297645 0.11161274 0.07580269 0.05741698]
Epoch 11, Batch 213/891, Grad Norms near zero: 0, Lx 2.1533, Lu 0.0738, Penalty 0.0543, loss 2.2815
Label Softmax (x): [0.12172907 0.13777514 0.08908736 0.14965162 0.06979335 0.12594022
 0.0642397  0.09781525 0.07591767 0.06805062]
Epoch 11, Batch 214/891, Grad Norms near zero: 0, Lx 2.1602, Lu 0.0573, Penalty 0.0449, loss 2.2625
Label Softmax (x): [0.12098815 0.13286825 0.09325067 0.15531133 0.07287916 0.12335851
 0.06223142 0.10253163 0.07649987 0.06008101]
Epoch 11, Batch 215/891, Grad Norms near zero: 0, Lx 2.2396, Lu 0.0781, Penalty 0.0488, loss 2.3664
Label Softmax (x): [0.11792009 0.12016834 0.09377751 0.14898054 0.08657266 0.12656868
 0.06831488 0.10030118 0.07026089 0.06713523]
Epoch 11, Batch 216/891, Grad Norms near zero: 0, Lx 2.1384, Lu 0.0799, Penalty 0.0355, loss 2.2538
Label Softmax (x): [0.1465095  0.10209464 0.08332218 0.14365308 0.06352371 0.13123508
 0.06588721 0.10179566 0.07614508 0.08583387]
Epoch 11, Batch 217/891, Grad Norms near zero: 0, Lx 2.2066, Lu 0.0642, Penalty 0.0424, loss 2.3132
Label Softmax (x): [0.13446184 0.07981281 0.07976707 0.13015103 0.08538239 0.12392142
 0.07066374 0.13333464 0.07532635 0.08717874]
Epoch 11, Batch 218/891, Grad Norms near zero: 0, Lx 2.0265, Lu 0.0786, Penalty 0.0316, loss 2.1367
Label Softmax (x): [0.1452406  0.07249583 0.07831938 0.12679103 0.06337953 0.12680334
 0.08083481 0.11130748 0.05796288 0.13686514]
Epoch 11, Batch 219/891, Grad Norms near zero: 0, Lx 1.9691, Lu 0.0758, Penalty 0.0511, loss 2.0960
Label Softmax (x): [0.12902409 0.08367049 0.0777182  0.14081275 0.06565911 0.14300549
 0.07367173 0.1243768  0.05604486 0.1060165 ]
Epoch 11, Batch 220/891, Grad Norms near zero: 0, Lx 2.1459, Lu 0.0710, Penalty 0.0504, loss 2.2673
Label Softmax (x): [0.14602329 0.09484845 0.0778127  0.1336804  0.06788216 0.10707814
 0.07857897 0.11427147 0.05913533 0.12068907]
Epoch 11, Batch 221/891, Grad Norms near zero: 0, Lx 2.0226, Lu 0.0506, Penalty 0.0399, loss 2.1131
Label Softmax (x): [0.1298719  0.08100916 0.07761407 0.14092518 0.06291988 0.13477294
 0.08044742 0.13849398 0.06616164 0.08778384]
Epoch 11, Batch 222/891, Grad Norms near zero: 0, Lx 2.1199, Lu 0.0873, Penalty 0.0460, loss 2.2532
Label Softmax (x): [0.11629425 0.08755483 0.07257549 0.1506418  0.06177171 0.14019343
 0.08792673 0.12806994 0.05120083 0.10377099]
Epoch 11, Batch 223/891, Grad Norms near zero: 0, Lx 2.2166, Lu 0.0721, Penalty 0.0550, loss 2.3438
Label Softmax (x): [0.11261927 0.09245785 0.07984006 0.15331599 0.06003267 0.1278245
 0.09342949 0.13144065 0.04911274 0.09992675]
Epoch 11, Batch 224/891, Grad Norms near zero: 0, Lx 2.2115, Lu 0.0725, Penalty 0.0529, loss 2.3369
Label Softmax (x): [0.11825095 0.09583576 0.07029901 0.14700928 0.06151806 0.13507193
 0.08935653 0.14345083 0.04674751 0.09246013]
Epoch 11, Batch 225/891, Grad Norms near zero: 0, Lx 2.1177, Lu 0.0428, Penalty 0.0618, loss 2.2223
Label Softmax (x): [0.10556283 0.09782641 0.09241092 0.13349466 0.06275606 0.1183141
 0.0882629  0.13765284 0.07326692 0.09045235]
Epoch 11, Batch 226/891, Grad Norms near zero: 0, Lx 2.0046, Lu 0.0492, Penalty 0.0272, loss 2.0810
Label Softmax (x): [0.09889752 0.11254726 0.08111495 0.13977796 0.06286521 0.13407159
 0.08320259 0.14475717 0.06034631 0.08241946]
Epoch 11, Batch 227/891, Grad Norms near zero: 0, Lx 2.1122, Lu 0.0837, Penalty 0.0451, loss 2.2409
Label Softmax (x): [0.09120818 0.12430784 0.08811452 0.13749333 0.07039564 0.12786117
 0.08689533 0.14247918 0.05648502 0.07475981]
Epoch 11, Batch 228/891, Grad Norms near zero: 0, Lx 2.1025, Lu 0.0476, Penalty 0.0436, loss 2.1937
Label Softmax (x): [0.09943128 0.13334784 0.09908687 0.13218041 0.0526684  0.11238522
 0.08777085 0.13498253 0.06743354 0.08071311]
Epoch 11, Batch 229/891, Grad Norms near zero: 0, Lx 2.0449, Lu 0.0586, Penalty 0.0411, loss 2.1446
Label Softmax (x): [0.10142322 0.14750539 0.10561848 0.12911297 0.05280545 0.10350125
 0.08080838 0.12772165 0.0708209  0.08068231]
Epoch 11, Batch 230/891, Grad Norms near zero: 0, Lx 2.1150, Lu 0.0713, Penalty 0.0419, loss 2.2283
Label Softmax (x): [0.09158667 0.13065852 0.1003868  0.12443031 0.07566296 0.10568101
 0.0781069  0.14062662 0.08829879 0.0645614 ]
Epoch 11, Batch 231/891, Grad Norms near zero: 0, Lx 2.0567, Lu 0.0555, Penalty 0.0290, loss 2.1412
Label Softmax (x): [0.10154742 0.1383563  0.09511659 0.12890613 0.08368643 0.09434152
 0.08040195 0.13261688 0.06806958 0.07695719]
Epoch 11, Batch 232/891, Grad Norms near zero: 0, Lx 1.9156, Lu 0.0440, Penalty 0.0275, loss 1.9870
Label Softmax (x): [0.09114225 0.12537877 0.07657713 0.1401425  0.07541464 0.11157714
 0.08524889 0.15884018 0.0655017  0.0701768 ]
Epoch 11, Batch 233/891, Grad Norms near zero: 0, Lx 2.1098, Lu 0.0515, Penalty 0.0443, loss 2.2056
Label Softmax (x): [0.10352129 0.13931021 0.08496433 0.13112155 0.07030494 0.10910863
 0.07454467 0.14974937 0.07162006 0.06575493]
Epoch 11, Batch 234/891, Grad Norms near zero: 0, Lx 2.1437, Lu 0.0433, Penalty 0.0434, loss 2.2304
Label Softmax (x): [0.11051907 0.12848303 0.07895365 0.12937419 0.06802358 0.11525851
 0.06788217 0.1626653  0.06935924 0.06948126]
Epoch 11, Batch 235/891, Grad Norms near zero: 0, Lx 2.0432, Lu 0.0580, Penalty 0.0502, loss 2.1514
Label Softmax (x): [0.12699956 0.09211109 0.06243161 0.14425316 0.05842566 0.11961649
 0.06343021 0.17506926 0.07629026 0.08137271]
Epoch 11, Batch 236/891, Grad Norms near zero: 0, Lx 2.0756, Lu 0.0699, Penalty 0.0678, loss 2.2133
Label Softmax (x): [0.11530814 0.10996813 0.08941747 0.12115688 0.07049796 0.12313657
 0.0617082  0.15663221 0.08831014 0.06386432]
Epoch 11, Batch 237/891, Grad Norms near zero: 0, Lx 2.1182, Lu 0.0838, Penalty 0.0431, loss 2.2451
Label Softmax (x): [0.10753173 0.09505159 0.06910391 0.14332785 0.08522407 0.12599418
 0.06658028 0.1484725  0.09217477 0.06653912]
Epoch 11, Batch 238/891, Grad Norms near zero: 0, Lx 2.1182, Lu 0.0518, Penalty 0.0417, loss 2.2116
Label Softmax (x): [0.10814347 0.07848518 0.0612927  0.14790453 0.09361731 0.13920185
 0.07471229 0.15745872 0.05190212 0.08728181]
Epoch 11, Batch 239/891, Grad Norms near zero: 0, Lx 2.0843, Lu 0.0642, Penalty 0.0627, loss 2.2112
Label Softmax (x): [0.11079744 0.09372786 0.0732476  0.1254725  0.07285475 0.16476649
 0.06478239 0.14177287 0.07025939 0.08231874]
Epoch 11, Batch 240/891, Grad Norms near zero: 0, Lx 2.1328, Lu 0.0528, Penalty 0.0497, loss 2.2353
Label Softmax (x): [0.10665086 0.08651335 0.06697229 0.14621438 0.07199275 0.15772441
 0.07807617 0.14368346 0.05391487 0.08825745]
Epoch 11, Batch 241/891, Grad Norms near zero: 0, Lx 2.0383, Lu 0.0576, Penalty 0.0602, loss 2.1561
Label Softmax (x): [0.11648937 0.08328545 0.07642648 0.11581939 0.0621405  0.17959464
 0.07326972 0.12003252 0.07265168 0.10029026]
Epoch 11, Batch 242/891, Grad Norms near zero: 0, Lx 2.1424, Lu 0.0562, Penalty 0.0488, loss 2.2473
Label Softmax (x): [0.10789873 0.09432918 0.08588302 0.12020333 0.06216106 0.18168648
 0.07374569 0.11930309 0.0681885  0.08660094]
Epoch 11, Batch 243/891, Grad Norms near zero: 0, Lx 2.1221, Lu 0.0695, Penalty 0.0484, loss 2.2400
Label Softmax (x): [0.0970844  0.09213982 0.08018291 0.1217782  0.06592458 0.19739915
 0.07820839 0.12394216 0.05522735 0.08811301]
Epoch 11, Batch 244/891, Grad Norms near zero: 0, Lx 2.1100, Lu 0.0662, Penalty 0.0623, loss 2.2385
Label Softmax (x): [0.1060821  0.09698457 0.07929727 0.1262131  0.06431185 0.16910598
 0.08576988 0.1041479  0.05352398 0.1145634 ]
Epoch 11, Batch 245/891, Grad Norms near zero: 0, Lx 2.1191, Lu 0.0728, Penalty 0.0489, loss 2.2408
Label Softmax (x): [0.10406373 0.1040971  0.08110052 0.11722947 0.06435262 0.16594045
 0.0856393  0.10684781 0.05717242 0.11355659]
Epoch 11, Batch 246/891, Grad Norms near zero: 0, Lx 2.1262, Lu 0.0634, Penalty 0.0426, loss 2.2321
Label Softmax (x): [0.11220042 0.09628256 0.0787334  0.14231327 0.0543264  0.13881928
 0.09076364 0.1115806  0.05056511 0.1244153 ]
Epoch 11, Batch 247/891, Grad Norms near zero: 0, Lx 2.1114, Lu 0.0716, Penalty 0.0542, loss 2.2373
Label Softmax (x): [0.10228093 0.11425807 0.09611376 0.1145009  0.06633633 0.14283182
 0.08332369 0.10782625 0.05708923 0.11543904]
Epoch 11, Batch 248/891, Grad Norms near zero: 0, Lx 2.1166, Lu 0.0669, Penalty 0.0326, loss 2.2161
Label Softmax (x): [0.10911898 0.12842119 0.10304146 0.11394745 0.06164337 0.11357884
 0.08637586 0.11976906 0.06221174 0.10189204]
Epoch 11, Batch 249/891, Grad Norms near zero: 0, Lx 2.1591, Lu 0.0782, Penalty 0.0280, loss 2.2654
Label Softmax (x): [0.10449878 0.13020918 0.10243124 0.1182346  0.05732979 0.1175603
 0.08142892 0.12722087 0.06012069 0.10096565]
Epoch 11, Batch 250/891, Grad Norms near zero: 0, Lx 2.1031, Lu 0.0750, Penalty 0.0359, loss 2.2140
Label Softmax (x): [0.09945409 0.12026335 0.08291869 0.12128589 0.07108837 0.11739981
 0.08688208 0.14255248 0.05442177 0.10373349]
Epoch 11, Batch 251/891, Grad Norms near zero: 0, Lx 2.1478, Lu 0.0451, Penalty 0.0354, loss 2.2283
Label Softmax (x): [0.09652895 0.10374943 0.07981341 0.12100521 0.07273315 0.12018986
 0.08484294 0.15931776 0.06100505 0.10081422]
Epoch 11, Batch 252/891, Grad Norms near zero: 0, Lx 2.1262, Lu 0.0533, Penalty 0.0353, loss 2.2148
Label Softmax (x): [0.08420534 0.10131682 0.08759659 0.13568734 0.07718469 0.1349414
 0.08657606 0.15667161 0.04840539 0.08741476]
Epoch 11, Batch 253/891, Grad Norms near zero: 0, Lx 1.9488, Lu 0.0399, Penalty 0.0501, loss 2.0387
Label Softmax (x): [0.10125934 0.11879203 0.08477294 0.12692015 0.06422131 0.10052457
 0.07570562 0.17595986 0.07352239 0.07832182]
Epoch 11, Batch 254/891, Grad Norms near zero: 0, Lx 2.0939, Lu 0.0678, Penalty 0.0445, loss 2.2061
Label Softmax (x): [0.09775557 0.1112753  0.09277894 0.1256198  0.06502726 0.09712198
 0.07872986 0.16788477 0.07986157 0.08394492]
Epoch 11, Batch 255/891, Grad Norms near zero: 0, Lx 2.1079, Lu 0.0821, Penalty 0.0343, loss 2.2244
Label Softmax (x): [0.08569825 0.11537778 0.07139939 0.14319462 0.0760185  0.11777308
 0.0737212  0.16927068 0.05343918 0.09410734]
Epoch 11, Batch 256/891, Grad Norms near zero: 0, Lx 2.0687, Lu 0.0620, Penalty 0.0566, loss 2.1873
Label Softmax (x): [0.07829103 0.11873744 0.07075284 0.15550685 0.07861812 0.11594427
 0.07525902 0.169337   0.05254753 0.08500586]
Epoch 11, Batch 257/891, Grad Norms near zero: 0, Lx 2.2163, Lu 0.0926, Penalty 0.0633, loss 2.3722
Label Softmax (x): [0.08450352 0.13115922 0.06932627 0.16565728 0.07892214 0.10161772
 0.07444925 0.15285508 0.04924499 0.0922645 ]
Epoch 11, Batch 258/891, Grad Norms near zero: 0, Lx 2.1634, Lu 0.0641, Penalty 0.0639, loss 2.2914
Label Softmax (x): [0.08817601 0.10561921 0.073092   0.1656805  0.07395834 0.09501683
 0.08380122 0.16196436 0.05575268 0.09693885]
Epoch 11, Batch 259/891, Grad Norms near zero: 0, Lx 2.0161, Lu 0.0568, Penalty 0.0542, loss 2.1272
Label Softmax (x): [0.09971482 0.09841789 0.07652372 0.14591014 0.05943857 0.10093343
 0.07170572 0.15165946 0.08845116 0.10724509]
Epoch 11, Batch 260/891, Grad Norms near zero: 0, Lx 2.1210, Lu 0.0468, Penalty 0.0388, loss 2.2067
Label Softmax (x): [0.0888944  0.09060043 0.08151153 0.14594449 0.07595553 0.1051276
 0.0651627  0.15043442 0.09704289 0.09932601]
Epoch 11, Batch 261/891, Grad Norms near zero: 0, Lx 2.1022, Lu 0.0437, Penalty 0.0325, loss 2.1784
Label Softmax (x): [0.09639091 0.10191892 0.07099222 0.15187941 0.07090628 0.09671301
 0.07066013 0.14248809 0.0889703  0.10908075]
Epoch 11, Batch 262/891, Grad Norms near zero: 0, Lx 2.0448, Lu 0.0443, Penalty 0.0343, loss 2.1234
Label Softmax (x): [0.07601146 0.11496161 0.07238886 0.16998976 0.06255087 0.11850253
 0.08254342 0.14655462 0.05121883 0.10527799]
Epoch 11, Batch 263/891, Grad Norms near zero: 0, Lx 2.0111, Lu 0.0752, Penalty 0.0654, loss 2.1517
Label Softmax (x): [0.08010561 0.0930663  0.07798526 0.16118126 0.06960429 0.12047315
 0.07507903 0.15882495 0.06905569 0.09462446]
Epoch 11, Batch 264/891, Grad Norms near zero: 0, Lx 2.0956, Lu 0.0597, Penalty 0.0491, loss 2.2043
Label Softmax (x): [0.08895415 0.08635746 0.07615447 0.14652136 0.07541258 0.12152676
 0.0676446  0.15755314 0.07563682 0.10423866]
Epoch 11, Batch 265/891, Grad Norms near zero: 0, Lx 1.9778, Lu 0.0405, Penalty 0.0415, loss 2.0599
Label Softmax (x): [0.0809834  0.09571923 0.08491614 0.14738059 0.05790113 0.13967325
 0.07420593 0.14820796 0.07874267 0.09226973]
Epoch 11, Batch 266/891, Grad Norms near zero: 0, Lx 2.1159, Lu 0.0464, Penalty 0.0467, loss 2.2090
Label Softmax (x): [0.08670983 0.11321887 0.08206753 0.14811215 0.07280841 0.12188883
 0.07453716 0.13312104 0.06627549 0.10126068]
Epoch 11, Batch 267/891, Grad Norms near zero: 0, Lx 2.0950, Lu 0.0456, Penalty 0.0349, loss 2.1756
Label Softmax (x): [0.09531532 0.10766552 0.07358691 0.14147036 0.06284706 0.13509881
 0.06844089 0.12732232 0.09472915 0.09352363]
Epoch 11, Batch 268/891, Grad Norms near zero: 0, Lx 2.1902, Lu 0.0620, Penalty 0.0356, loss 2.2879
Label Softmax (x): [0.1030783  0.11426899 0.0765411  0.13565445 0.06562998 0.132076
 0.06827743 0.11271051 0.07971903 0.11204425]
Epoch 11, Batch 269/891, Grad Norms near zero: 0, Lx 2.1069, Lu 0.0744, Penalty 0.0317, loss 2.2130
Label Softmax (x): [0.10563824 0.10593192 0.07232527 0.12800112 0.0593247  0.14150727
 0.0689825  0.12007359 0.08444977 0.11376563]
Epoch 11, Batch 270/891, Grad Norms near zero: 0, Lx 2.1686, Lu 0.0709, Penalty 0.0368, loss 2.2763
Label Softmax (x): [0.11262227 0.11480305 0.08012667 0.11577243 0.05290604 0.14210102
 0.06990246 0.12602489 0.08190783 0.10383331]
Epoch 11, Batch 271/891, Grad Norms near zero: 0, Lx 2.0152, Lu 0.0790, Penalty 0.0392, loss 2.1334
Label Softmax (x): [0.10402249 0.11947961 0.07925121 0.11532716 0.07059874 0.13637248
 0.07804452 0.10832543 0.07511552 0.11346284]
Epoch 11, Batch 272/891, Grad Norms near zero: 0, Lx 2.1718, Lu 0.0689, Penalty 0.0238, loss 2.2645
Label Softmax (x): [0.10131362 0.12004429 0.07613781 0.11420874 0.08281965 0.1465354
 0.08017346 0.10618519 0.06474523 0.1078366 ]
Epoch 11, Batch 273/891, Grad Norms near zero: 0, Lx 2.1426, Lu 0.0706, Penalty 0.0271, loss 2.2403
Label Softmax (x): [0.10132171 0.1178353  0.09965002 0.10720225 0.08257847 0.13696355
 0.07575823 0.09906665 0.07878722 0.10083663]
Epoch 11, Batch 274/891, Grad Norms near zero: 0, Lx 2.1129, Lu 0.0599, Penalty 0.0151, loss 2.1878
Label Softmax (x): [0.11171162 0.14727733 0.08971933 0.11049019 0.07242402 0.1326682
 0.08503862 0.10507615 0.04508971 0.10050485]
Epoch 11, Batch 275/891, Grad Norms near zero: 0, Lx 2.0673, Lu 0.0609, Penalty 0.0455, loss 2.1736
Label Softmax (x): [0.11732925 0.11990526 0.06863632 0.1145586  0.0898387  0.13070156
 0.08788679 0.10809053 0.05522866 0.10782431]
Epoch 11, Batch 276/891, Grad Norms near zero: 0, Lx 2.1998, Lu 0.0666, Penalty 0.0308, loss 2.2972
Label Softmax (x): [0.11370854 0.1088842  0.07225028 0.10294632 0.07807354 0.15773086
 0.0832662  0.12166373 0.05279213 0.10868424]
Epoch 11, Batch 277/891, Grad Norms near zero: 0, Lx 2.1285, Lu 0.0462, Penalty 0.0417, loss 2.2163
Label Softmax (x): [0.11816099 0.1017604  0.07380428 0.10587473 0.05180816 0.18196283
 0.07300758 0.11831631 0.06711822 0.1081865 ]
Epoch 11, Batch 278/891, Grad Norms near zero: 0, Lx 2.0398, Lu 0.0569, Penalty 0.0588, loss 2.1555
Label Softmax (x): [0.10761733 0.0952217  0.07145462 0.12138744 0.0779292  0.17545432
 0.07509968 0.11797086 0.05593647 0.10192838]
Epoch 11, Batch 279/891, Grad Norms near zero: 0, Lx 2.1137, Lu 0.0763, Penalty 0.0488, loss 2.2388
Label Softmax (x): [0.12675487 0.11508853 0.0832566  0.12566453 0.05125234 0.15000093
 0.07925245 0.10243702 0.05733138 0.10896139]
Epoch 11, Batch 280/891, Grad Norms near zero: 0, Lx 2.0652, Lu 0.0504, Penalty 0.0519, loss 2.1675
Label Softmax (x): [0.11758642 0.09114851 0.07429009 0.13490535 0.09037013 0.13175729
 0.08165504 0.11412591 0.06878956 0.09537175]
Epoch 11, Batch 281/891, Grad Norms near zero: 0, Lx 2.1895, Lu 0.0650, Penalty 0.0246, loss 2.2791
Label Softmax (x): [0.11347619 0.08679131 0.07003598 0.1334122  0.07223029 0.15992042
 0.07913493 0.12134193 0.05481335 0.10884338]
Epoch 11, Batch 282/891, Grad Norms near zero: 0, Lx 2.0026, Lu 0.0668, Penalty 0.0496, loss 2.1190
Label Softmax (x): [0.10787881 0.08558519 0.08142345 0.1490259  0.06639755 0.14197172
 0.07539731 0.12530406 0.06584657 0.10116942]
Epoch 11, Batch 283/891, Grad Norms near zero: 0, Lx 2.1254, Lu 0.0734, Penalty 0.0408, loss 2.2397
Label Softmax (x): [0.12207918 0.08926903 0.07707553 0.15829147 0.0754153  0.10024582
 0.08503061 0.11899005 0.06290906 0.11069396]
Epoch 11, Batch 284/891, Grad Norms near zero: 0, Lx 2.2287, Lu 0.0515, Penalty 0.0345, loss 2.3147
Label Softmax (x): [0.11253259 0.08156775 0.07997052 0.15316579 0.04469634 0.13858655
 0.07558812 0.14290315 0.05161976 0.11936942]
Epoch 11, Batch 285/891, Grad Norms near zero: 0, Lx 2.0951, Lu 0.0719, Penalty 0.0769, loss 2.2439
Label Softmax (x): [0.10892859 0.07173006 0.07274134 0.15616512 0.06464043 0.10863998
 0.08592554 0.14705992 0.05877739 0.12539162]
Epoch 11, Batch 286/891, Grad Norms near zero: 0, Lx 2.2378, Lu 0.0619, Penalty 0.0544, loss 2.3541
Label Softmax (x): [0.10056585 0.07080227 0.07886475 0.1599588  0.05982419 0.11978605
 0.0782944  0.1492837  0.0648277  0.11779229]
Epoch 11, Batch 287/891, Grad Norms near zero: 0, Lx 2.1322, Lu 0.0592, Penalty 0.0554, loss 2.2469
Label Softmax (x): [0.10076965 0.07984755 0.0907919  0.1517706  0.06479302 0.09982472
 0.09099852 0.138268   0.05849303 0.12444299]
Epoch 11, Batch 288/891, Grad Norms near zero: 0, Lx 2.1637, Lu 0.0407, Penalty 0.0420, loss 2.2464
Label Softmax (x): [0.09997637 0.07020031 0.11000962 0.14312178 0.05082493 0.10833459
 0.08605336 0.15963127 0.07525738 0.09659042]
Epoch 11, Batch 289/891, Grad Norms near zero: 0, Lx 2.0626, Lu 0.0642, Penalty 0.0498, loss 2.1766
Label Softmax (x): [0.11648271 0.09298237 0.0838384  0.14946868 0.06393939 0.08440414
 0.08098498 0.14104149 0.0792868  0.107571  ]
Epoch 11, Batch 290/891, Grad Norms near zero: 0, Lx 2.1428, Lu 0.0475, Penalty 0.0337, loss 2.2240
Label Softmax (x): [0.11931987 0.09856716 0.08694924 0.15172815 0.05305751 0.09221479
 0.07724309 0.1479713  0.07817864 0.09477025]
Epoch 11, Batch 291/891, Grad Norms near zero: 0, Lx 2.1729, Lu 0.0837, Penalty 0.0442, loss 2.3009
Label Softmax (x): [0.10327026 0.09755589 0.10285775 0.14563334 0.05974692 0.10049225
 0.07530828 0.13914031 0.09034751 0.08564751]
Epoch 11, Batch 292/891, Grad Norms near zero: 0, Lx 2.1434, Lu 0.0675, Penalty 0.0308, loss 2.2417
Label Softmax (x): [0.09561363 0.10048617 0.08693979 0.14686388 0.07527256 0.11807403
 0.08113204 0.13025092 0.07535311 0.0900139 ]
Epoch 11, Batch 293/891, Grad Norms near zero: 0, Lx 2.1818, Lu 0.0452, Penalty 0.0247, loss 2.2516
Label Softmax (x): [0.11352598 0.08608433 0.08840325 0.13966283 0.04896135 0.11384043
 0.07455059 0.136595   0.11452224 0.08385401]
Epoch 11, Batch 294/891, Grad Norms near zero: 0, Lx 2.1241, Lu 0.0743, Penalty 0.0419, loss 2.2403
Label Softmax (x): [0.11333873 0.11188013 0.08483385 0.13365154 0.07574937 0.10816886
 0.07446128 0.12404013 0.08044554 0.09343055]
Epoch 11, Batch 295/891, Grad Norms near zero: 0, Lx 2.2233, Lu 0.0861, Penalty 0.0201, loss 2.3294
Label Softmax (x): [0.11554991 0.12520875 0.08699727 0.13124631 0.06653224 0.11473125
 0.0672072  0.1219909  0.08502332 0.08551284]
Epoch 11, Batch 296/891, Grad Norms near zero: 0, Lx 2.1347, Lu 0.0569, Penalty 0.0285, loss 2.2202
Label Softmax (x): [0.11072858 0.13335927 0.0681635  0.12956925 0.06965083 0.12753731
 0.07867132 0.127096   0.0614286  0.09379536]
Epoch 11, Batch 297/891, Grad Norms near zero: 0, Lx 2.0861, Lu 0.0629, Penalty 0.0404, loss 2.1894
Label Softmax (x): [0.11069618 0.12436721 0.07526503 0.11504592 0.07690267 0.12383501
 0.08256769 0.12311554 0.06784069 0.10036405]
Epoch 11, Batch 298/891, Grad Norms near zero: 0, Lx 2.1131, Lu 0.0607, Penalty 0.0241, loss 2.1979
Label Softmax (x): [0.10438272 0.10756749 0.0659328  0.13290483 0.06683633 0.16298728
 0.07630514 0.116915   0.07462232 0.0915461 ]
Epoch 11, Batch 299/891, Grad Norms near zero: 0, Lx 2.0416, Lu 0.0502, Penalty 0.0426, loss 2.1343
Label Softmax (x): [0.10301857 0.13426551 0.06964683 0.11560163 0.08740649 0.1394265
 0.07346798 0.12527627 0.05132295 0.1005673 ]
Epoch 11, Batch 300/891, Grad Norms near zero: 0, Lx 2.1567, Lu 0.0620, Penalty 0.0439, loss 2.2626
Label Softmax (x): [0.10339091 0.13253462 0.06095586 0.11699291 0.08128332 0.14870466
 0.07677003 0.11564779 0.05033491 0.11338501]
Epoch 11, Batch 301/891, Grad Norms near zero: 0, Lx 2.0561, Lu 0.0493, Penalty 0.0513, loss 2.1567
Label Softmax (x): [0.09389951 0.10366353 0.06233498 0.13166474 0.07559079 0.1874547
 0.07726095 0.11908988 0.0589744  0.09006652]
Epoch 11, Batch 302/891, Grad Norms near zero: 0, Lx 2.0116, Lu 0.0370, Penalty 0.0592, loss 2.1078
Label Softmax (x): [0.10013347 0.12745443 0.06463658 0.13435602 0.06632105 0.17859793
 0.07049291 0.11566193 0.05299716 0.08934852]
Epoch 11, Batch 303/891, Grad Norms near zero: 0, Lx 1.9444, Lu 0.0589, Penalty 0.0680, loss 2.0712
Label Softmax (x): [0.08824964 0.09824944 0.06365443 0.12677237 0.07375769 0.1972554
 0.06981854 0.13777044 0.06656228 0.07790974]
Epoch 11, Batch 304/891, Grad Norms near zero: 0, Lx 1.9841, Lu 0.0797, Penalty 0.0678, loss 2.1315
Label Softmax (x): [0.08823159 0.1282663  0.08985341 0.11163161 0.07055299 0.13101046
 0.08812493 0.13839757 0.05793801 0.09599312]
Epoch 11, Batch 305/891, Grad Norms near zero: 0, Lx 2.1167, Lu 0.0661, Penalty 0.0340, loss 2.2168
Label Softmax (x): [0.08867116 0.11855692 0.09395228 0.11380389 0.06008251 0.15360992
 0.07471187 0.13395765 0.06886159 0.09379219]
Epoch 11, Batch 306/891, Grad Norms near zero: 0, Lx 2.1242, Lu 0.0785, Penalty 0.0400, loss 2.2427
Label Softmax (x): [0.08785844 0.10418884 0.08067546 0.10562398 0.07479615 0.13813955
 0.08189428 0.16868345 0.07195252 0.08618734]
Epoch 11, Batch 307/891, Grad Norms near zero: 0, Lx 2.0978, Lu 0.0576, Penalty 0.0370, loss 2.1925
Label Softmax (x): [0.1014201  0.11079067 0.07667176 0.13461943 0.05432106 0.13700692
 0.07373885 0.14889668 0.0856856  0.07684889]
Epoch 11, Batch 308/891, Grad Norms near zero: 0, Lx 2.1711, Lu 0.0820, Penalty 0.0472, loss 2.3002
Label Softmax (x): [0.09420011 0.09238797 0.05909641 0.13180986 0.05581438 0.18088509
 0.07768536 0.15430535 0.07133801 0.08247744]
Epoch 11, Batch 309/891, Grad Norms near zero: 0, Lx 2.0599, Lu 0.0708, Penalty 0.0728, loss 2.2036
Label Softmax (x): [0.09085012 0.09558661 0.06663019 0.10892975 0.05422441 0.16060561
 0.08713236 0.17240925 0.05839276 0.10523893]
Epoch 11, Batch 310/891, Grad Norms near zero: 0, Lx 2.0139, Lu 0.0619, Penalty 0.0680, loss 2.1437
Label Softmax (x): [0.11009783 0.08718544 0.066214   0.12663385 0.05910536 0.13947073
 0.07795981 0.14571722 0.0838286  0.10378713]
Epoch 11, Batch 311/891, Grad Norms near zero: 0, Lx 2.1068, Lu 0.0787, Penalty 0.0422, loss 2.2277
Label Softmax (x): [0.12008492 0.09897451 0.068537   0.13601707 0.04889771 0.13803923
 0.07548594 0.1327178  0.07186408 0.10938173]
Epoch 11, Batch 312/891, Grad Norms near zero: 0, Lx 2.0730, Lu 0.0668, Penalty 0.0529, loss 2.1927
Label Softmax (x): [0.10135578 0.09518516 0.08450805 0.1012205  0.07348626 0.1231785
 0.08579087 0.15486583 0.07811587 0.10229318]
Epoch 11, Batch 313/891, Grad Norms near zero: 0, Lx 2.1725, Lu 0.0615, Penalty 0.0232, loss 2.2572
Label Softmax (x): [0.1063435  0.09717259 0.0739228  0.10648293 0.06861759 0.12512131
 0.08912268 0.14810623 0.07773842 0.10737195]
Epoch 11, Batch 314/891, Grad Norms near zero: 0, Lx 2.1328, Lu 0.0413, Penalty 0.0262, loss 2.2004
Label Softmax (x): [0.12702444 0.0878413  0.06893589 0.13241038 0.07375795 0.12243114
 0.08116274 0.12377699 0.07342422 0.10923493]
Epoch 11, Batch 315/891, Grad Norms near zero: 0, Lx 2.0521, Lu 0.0656, Penalty 0.0300, loss 2.1476
Label Softmax (x): [0.09641016 0.08547869 0.0742724  0.10152714 0.08580907 0.12209402
 0.09332301 0.16594858 0.07193184 0.10320507]
Epoch 11, Batch 316/891, Grad Norms near zero: 0, Lx 2.1889, Lu 0.0796, Penalty 0.0290, loss 2.2975
Label Softmax (x): [0.09563372 0.09862936 0.07252287 0.10935974 0.06027759 0.14286421
 0.08564571 0.16234756 0.06701377 0.10570543]
Epoch 11, Batch 317/891, Grad Norms near zero: 0, Lx 2.1404, Lu 0.0798, Penalty 0.0455, loss 2.2658
Label Softmax (x): [0.10448259 0.09248142 0.07949279 0.14225665 0.07265373 0.11227889
 0.10040953 0.10114446 0.08754776 0.10725217]
Epoch 11, Batch 318/891, Grad Norms near zero: 0, Lx 2.0884, Lu 0.0771, Penalty 0.0163, loss 2.1817
Label Softmax (x): [0.11891055 0.1145218  0.06353002 0.15132561 0.06179911 0.11956859
 0.08808688 0.09132526 0.06959596 0.1213362 ]
Epoch 11, Batch 319/891, Grad Norms near zero: 0, Lx 1.9765, Lu 0.0434, Penalty 0.0420, loss 2.0619
Label Softmax (x): [0.09861207 0.09638703 0.07063299 0.12093864 0.07313419 0.14705278
 0.08332779 0.1309639  0.07170799 0.10724261]
Epoch 11, Batch 320/891, Grad Norms near zero: 0, Lx 2.1421, Lu 0.0677, Penalty 0.0311, loss 2.2409
Label Softmax (x): [0.10073078 0.11761179 0.06117632 0.13700646 0.06601481 0.13809663
 0.08719853 0.12622048 0.05268583 0.11325839]
Epoch 11, Batch 321/891, Grad Norms near zero: 0, Lx 2.0365, Lu 0.0549, Penalty 0.0520, loss 2.1434
Label Softmax (x): [0.09947401 0.12200948 0.07769632 0.14280003 0.07034467 0.1336284
 0.08242949 0.10624121 0.06339312 0.10198324]
Epoch 11, Batch 322/891, Grad Norms near zero: 0, Lx 2.1420, Lu 0.0582, Penalty 0.0333, loss 2.2335
Label Softmax (x): [0.0979348  0.11371692 0.05707934 0.15260413 0.07011213 0.14181621
 0.08530941 0.11932543 0.05443491 0.10766667]
Epoch 11, Batch 323/891, Grad Norms near zero: 0, Lx 2.1697, Lu 0.0442, Penalty 0.0553, loss 2.2691
Label Softmax (x): [0.09997749 0.11087409 0.06957722 0.1513629  0.08228736 0.12600346
 0.08024068 0.11788575 0.07103313 0.09075792]
Epoch 11, Batch 324/891, Grad Norms near zero: 0, Lx 2.1652, Lu 0.0626, Penalty 0.0304, loss 2.2582
Label Softmax (x): [0.10880562 0.09791332 0.05749097 0.18212208 0.08990037 0.13039763
 0.08428472 0.1002446  0.05835418 0.0904865 ]
Epoch 11, Batch 325/891, Grad Norms near zero: 0, Lx 2.0371, Lu 0.0662, Penalty 0.0539, loss 2.1573
Label Softmax (x): [0.09812322 0.1098129  0.06260329 0.19081508 0.09968401 0.12099376
 0.08771187 0.10118097 0.05449856 0.07457634]
Epoch 11, Batch 326/891, Grad Norms near zero: 0, Lx 2.1078, Lu 0.0793, Penalty 0.0580, loss 2.2451
Label Softmax (x): [0.10443289 0.1329341  0.08728652 0.16286993 0.075876   0.1069653
 0.07631887 0.11074331 0.07032904 0.07224405]
Epoch 11, Batch 327/891, Grad Norms near zero: 0, Lx 2.1691, Lu 0.0748, Penalty 0.0374, loss 2.2813
Label Softmax (x): [0.10628476 0.11136903 0.09715012 0.15560466 0.05684821 0.11529189
 0.06886372 0.13669296 0.08259574 0.06929897]
Epoch 11, Batch 328/891, Grad Norms near zero: 0, Lx 2.1761, Lu 0.0744, Penalty 0.0459, loss 2.2964
Label Softmax (x): [0.11072007 0.1000309  0.08211949 0.1653986  0.05399156 0.10957773
 0.08407806 0.13375668 0.07322481 0.0871021 ]
Epoch 11, Batch 329/891, Grad Norms near zero: 0, Lx 1.9479, Lu 0.0323, Penalty 0.0449, loss 2.0251
Label Softmax (x): [0.10244965 0.10548591 0.09895205 0.15031677 0.05925786 0.11776837
 0.06892195 0.16046765 0.07170381 0.06467598]
Epoch 11, Batch 330/891, Grad Norms near zero: 0, Lx 2.0855, Lu 0.0665, Penalty 0.0553, loss 2.2073
Label Softmax (x): [0.10650287 0.09543411 0.0971759  0.14228001 0.05713123 0.12789159
 0.06826781 0.1538161  0.08097893 0.07052146]
Epoch 11, Batch 331/891, Grad Norms near zero: 0, Lx 2.1597, Lu 0.0776, Penalty 0.0485, loss 2.2858
Label Softmax (x): [0.10924995 0.10751172 0.08877493 0.15318128 0.04641193 0.12378789
 0.0745578  0.16064133 0.05903504 0.07684814]
Epoch 11, Batch 332/891, Grad Norms near zero: 0, Lx 2.0187, Lu 0.0614, Penalty 0.0696, loss 2.1497
Label Softmax (x): [0.11439402 0.11320209 0.08983851 0.14329067 0.06300464 0.10963687
 0.07174047 0.14862539 0.06330148 0.08296586]
Epoch 11, Batch 333/891, Grad Norms near zero: 0, Lx 1.9519, Lu 0.0521, Penalty 0.0439, loss 2.0480
Label Softmax (x): [0.10105212 0.08782919 0.10154633 0.12953527 0.05616464 0.12826698
 0.07159588 0.17848907 0.06498633 0.08053422]
Epoch 11, Batch 334/891, Grad Norms near zero: 0, Lx 2.0549, Lu 0.0572, Penalty 0.0575, loss 2.1696
Label Softmax (x): [0.09857797 0.10590447 0.13020803 0.12322511 0.0621224  0.12227336
 0.07247915 0.12956984 0.06939924 0.08624042]
Epoch 11, Batch 335/891, Grad Norms near zero: 0, Lx 2.1414, Lu 0.0886, Penalty 0.0335, loss 2.2636
Label Softmax (x): [0.09863012 0.09413391 0.11775394 0.11295204 0.04933238 0.14118841
 0.06582257 0.1429157  0.08448819 0.09278275]
Epoch 11, Batch 336/891, Grad Norms near zero: 0, Lx 2.1082, Lu 0.0506, Penalty 0.0455, loss 2.2043
Label Softmax (x): [0.09899689 0.11166277 0.10189333 0.11753689 0.04175643 0.13261692
 0.0644514  0.16024183 0.07868356 0.09216   ]
Epoch 11, Batch 337/891, Grad Norms near zero: 0, Lx 2.0515, Lu 0.0446, Penalty 0.0600, loss 2.1560
Label Softmax (x): [0.09720419 0.12165545 0.09676939 0.12626535 0.06324215 0.12931389
 0.07520621 0.1367152  0.06647061 0.08715754]
Epoch 11, Batch 338/891, Grad Norms near zero: 0, Lx 2.2176, Lu 0.0748, Penalty 0.0351, loss 2.3275
Label Softmax (x): [0.09494174 0.10714082 0.09918363 0.11931566 0.07200377 0.12947123
 0.08189544 0.12138554 0.07882571 0.09583648]
Epoch 11, Batch 339/891, Grad Norms near zero: 0, Lx 2.1933, Lu 0.0584, Penalty 0.0171, loss 2.2688
Label Softmax (x): [0.09727897 0.1101982  0.10143068 0.10724369 0.07130709 0.12604965
 0.07599261 0.11528003 0.06839292 0.12682615]
Epoch 11, Batch 340/891, Grad Norms near zero: 0, Lx 2.0201, Lu 0.0704, Penalty 0.0228, loss 2.1133
Label Softmax (x): [0.09143996 0.12398284 0.09293973 0.12009212 0.09203491 0.12066909
 0.08471091 0.11234914 0.06714976 0.09463155]
Epoch 11, Batch 341/891, Grad Norms near zero: 0, Lx 2.2043, Lu 0.0673, Penalty 0.0163, loss 2.2878
Label Softmax (x): [0.10157375 0.10042645 0.08215481 0.09998101 0.07725169 0.14141327
 0.07110215 0.12114684 0.0544406  0.15050942]
Epoch 11, Batch 342/891, Grad Norms near zero: 0, Lx 2.0538, Lu 0.0483, Penalty 0.0437, loss 2.1458
Label Softmax (x): [0.1051171  0.10720514 0.0767638  0.11703651 0.08341867 0.12383303
 0.08123945 0.11591604 0.06876414 0.12070612]
Epoch 11, Batch 343/891, Grad Norms near zero: 0, Lx 2.1010, Lu 0.0837, Penalty 0.0202, loss 2.2049
Label Softmax (x): [0.09724614 0.11342652 0.0883184  0.11632155 0.08636115 0.11960591
 0.08384695 0.09948887 0.07099378 0.12439074]
Epoch 11, Batch 344/891, Grad Norms near zero: 0, Lx 2.1903, Lu 0.0861, Penalty 0.0148, loss 2.2912
Label Softmax (x): [0.09974448 0.10108709 0.0740165  0.10696705 0.09464753 0.13102648
 0.08048512 0.10710155 0.06772102 0.13720319]
Epoch 11, Batch 345/891, Grad Norms near zero: 0, Lx 2.1610, Lu 0.0476, Penalty 0.0232, loss 2.2318
Label Softmax (x): [0.1087711  0.10564287 0.07497425 0.09429885 0.07184295 0.132874
 0.07820046 0.11194105 0.05151533 0.16993915]
Epoch 11, Batch 346/891, Grad Norms near zero: 0, Lx 2.2617, Lu 0.0865, Penalty 0.0520, loss 2.4002
Label Softmax (x): [0.11828092 0.0932834  0.08018918 0.09102661 0.06389864 0.12420271
 0.07681285 0.1141857  0.07061854 0.16750142]
Epoch 11, Batch 347/891, Grad Norms near zero: 0, Lx 2.0867, Lu 0.0719, Penalty 0.0411, loss 2.1997
Label Softmax (x): [0.10987505 0.10322294 0.07426688 0.10794084 0.06925119 0.13525102
 0.07199212 0.12666827 0.07178912 0.12974262]
Epoch 11, Batch 348/891, Grad Norms near zero: 0, Lx 2.0691, Lu 0.0505, Penalty 0.0324, loss 2.1520
Label Softmax (x): [0.11303989 0.0921837  0.08302706 0.09855226 0.05759179 0.13282382
 0.07945035 0.12500076 0.07018001 0.1481504 ]
Epoch 11, Batch 349/891, Grad Norms near zero: 0, Lx 2.0714, Lu 0.0495, Penalty 0.0395, loss 2.1604
Label Softmax (x): [0.10878088 0.12435439 0.08630164 0.11669456 0.0532929  0.12796283
 0.09000163 0.12030338 0.05069714 0.12161065]
Epoch 11, Batch 350/891, Grad Norms near zero: 0, Lx 2.0140, Lu 0.0390, Penalty 0.0478, loss 2.1008
Label Softmax (x): [0.11674979 0.11633588 0.08469916 0.11167087 0.05005597 0.12849352
 0.0724607  0.1407631  0.08486696 0.09390403]
Epoch 11, Batch 351/891, Grad Norms near zero: 0, Lx 1.9378, Lu 0.0477, Penalty 0.0398, loss 2.0253
Label Softmax (x): [0.11752889 0.11451128 0.07720021 0.14198393 0.04276934 0.12989384
 0.08280099 0.15044956 0.06190485 0.08095712]
Epoch 11, Batch 352/891, Grad Norms near zero: 0, Lx 2.1637, Lu 0.0489, Penalty 0.0670, loss 2.2796
Label Softmax (x): [0.10501873 0.13211533 0.07198323 0.15535906 0.05672747 0.13806556
 0.0758228  0.14155342 0.05191002 0.07144436]
Epoch 11, Batch 353/891, Grad Norms near zero: 0, Lx 2.2103, Lu 0.0453, Penalty 0.0726, loss 2.3282
Label Softmax (x): [0.1156496  0.13819462 0.09424911 0.13425645 0.05288596 0.11144592
 0.07390165 0.13310318 0.07284545 0.07346803]
Epoch 11, Batch 354/891, Grad Norms near zero: 0, Lx 2.0892, Lu 0.0688, Penalty 0.0466, loss 2.2046
Label Softmax (x): [0.09950667 0.13484082 0.08171142 0.14597951 0.05845578 0.12881853
 0.07516827 0.15817185 0.05928129 0.05806588]
Epoch 11, Batch 355/891, Grad Norms near zero: 0, Lx 1.9844, Lu 0.0610, Penalty 0.0707, loss 2.1161
Label Softmax (x): [0.10825937 0.13607587 0.07658369 0.17255381 0.04678047 0.1186709
 0.07985757 0.15113242 0.04659206 0.06349383]
Epoch 11, Batch 356/891, Grad Norms near zero: 0, Lx 2.1570, Lu 0.0455, Penalty 0.0952, loss 2.2977
Label Softmax (x): [0.0908068  0.11846173 0.10099448 0.16688436 0.05131581 0.13499716
 0.07268961 0.14345759 0.06816083 0.05223164]
Epoch 11, Batch 357/891, Grad Norms near zero: 0, Lx 2.0906, Lu 0.0378, Penalty 0.0763, loss 2.2047
Label Softmax (x): [0.10869092 0.11005881 0.08725421 0.17165652 0.04869624 0.12462597
 0.08409771 0.13760617 0.05223072 0.07508273]
Epoch 11, Batch 358/891, Grad Norms near zero: 0, Lx 2.1469, Lu 0.0605, Penalty 0.0706, loss 2.2781
Label Softmax (x): [0.09569404 0.11113523 0.08180454 0.1579546  0.06005721 0.13712785
 0.08296947 0.14966992 0.06860868 0.05497849]
Epoch 11, Batch 359/891, Grad Norms near zero: 0, Lx 2.0013, Lu 0.0672, Penalty 0.0635, loss 2.1320
Label Softmax (x): [0.10367667 0.11167413 0.09379351 0.17208841 0.07055502 0.11215587
 0.08356798 0.13098036 0.05077367 0.0707344 ]
Epoch 11, Batch 360/891, Grad Norms near zero: 0, Lx 2.2138, Lu 0.0758, Penalty 0.0542, loss 2.3438
Label Softmax (x): [0.08904953 0.08596809 0.09949215 0.15990514 0.06535109 0.14800714
 0.08197231 0.11844795 0.07531416 0.07649245]
Epoch 11, Batch 361/891, Grad Norms near zero: 0, Lx 2.1137, Lu 0.0441, Penalty 0.0417, loss 2.1995
Label Softmax (x): [0.08153051 0.0973998  0.08955669 0.15573251 0.09932491 0.1426859
 0.08176008 0.13195685 0.06878975 0.051263  ]
Epoch 11, Batch 362/891, Grad Norms near zero: 0, Lx 1.9345, Lu 0.0431, Penalty 0.0516, loss 2.0292
Label Softmax (x): [0.0888508  0.10713203 0.09347962 0.15870163 0.06876779 0.14508964
 0.09296681 0.10751513 0.05479476 0.08270183]
Epoch 11, Batch 363/891, Grad Norms near zero: 0, Lx 1.9105, Lu 0.0368, Penalty 0.0449, loss 1.9922
Label Softmax (x): [0.08968384 0.08895738 0.12080032 0.14483793 0.08892345 0.11074715
 0.08416867 0.09963226 0.0847697  0.08747929]
Epoch 11, Batch 364/891, Grad Norms near zero: 0, Lx 2.1222, Lu 0.0467, Penalty 0.0157, loss 2.1846
Label Softmax (x): [0.10165829 0.07664685 0.1167849  0.13603605 0.07539256 0.10468711
 0.08749979 0.11851394 0.08386854 0.09891196]
Epoch 11, Batch 365/891, Grad Norms near zero: 0, Lx 2.2678, Lu 0.0787, Penalty 0.0174, loss 2.3638
Label Softmax (x): [0.09285821 0.08592746 0.09735632 0.13945746 0.07370707 0.14203624
 0.09396362 0.11133184 0.06769624 0.09566555]
Epoch 11, Batch 366/891, Grad Norms near zero: 0, Lx 1.9762, Lu 0.0430, Penalty 0.0263, loss 2.0455
Label Softmax (x): [0.08998358 0.07888712 0.10621411 0.14312772 0.06584213 0.13710721
 0.09407627 0.10067396 0.07048279 0.1136051 ]
Epoch 11, Batch 367/891, Grad Norms near zero: 0, Lx 2.1355, Lu 0.0651, Penalty 0.0303, loss 2.2309
Label Softmax (x): [0.10002945 0.07367836 0.09988108 0.12731315 0.06049678 0.1229905
 0.0980427  0.10599081 0.07621711 0.13536006]
Epoch 11, Batch 368/891, Grad Norms near zero: 0, Lx 2.1360, Lu 0.0523, Penalty 0.0291, loss 2.2174
Label Softmax (x): [0.099687   0.08274394 0.09418109 0.13027002 0.05002112 0.13896802
 0.09451802 0.11581756 0.0629424  0.13085082]
Epoch 11, Batch 369/891, Grad Norms near zero: 0, Lx 2.1199, Lu 0.0857, Penalty 0.0455, loss 2.2511
Label Softmax (x): [0.10933201 0.09871557 0.07505665 0.13167444 0.06478925 0.14468604
 0.0838865  0.12466951 0.07573409 0.09145594]
Epoch 11, Batch 370/891, Grad Norms near zero: 0, Lx 2.0508, Lu 0.0550, Penalty 0.0323, loss 2.1380
Label Softmax (x): [0.10490692 0.0866676  0.09045017 0.1182491  0.05113055 0.13053465
 0.08766846 0.14281785 0.06579666 0.12177806]
Epoch 11, Batch 371/891, Grad Norms near zero: 0, Lx 2.1023, Lu 0.0541, Penalty 0.0429, loss 2.1993
Label Softmax (x): [0.10697185 0.11202274 0.06876928 0.12447369 0.07224077 0.1388675
 0.09028656 0.1285244  0.06316639 0.09467682]
Epoch 11, Batch 372/891, Grad Norms near zero: 0, Lx 2.0484, Lu 0.0560, Penalty 0.0337, loss 2.1381
Label Softmax (x): [0.11400773 0.10502777 0.09375423 0.11401609 0.05766753 0.10703349
 0.08434738 0.14339778 0.07072268 0.1100253 ]
Epoch 11, Batch 373/891, Grad Norms near zero: 0, Lx 2.1284, Lu 0.0753, Penalty 0.0296, loss 2.2333
Label Softmax (x): [0.10907644 0.12163071 0.09221986 0.11507308 0.05606211 0.10866114
 0.08903665 0.13787937 0.05538169 0.11497894]
Epoch 11, Batch 374/891, Grad Norms near zero: 0, Lx 2.1043, Lu 0.0707, Penalty 0.0400, loss 2.2149
Label Softmax (x): [0.11047798 0.10554776 0.09185572 0.10781675 0.05087532 0.11264003
 0.09547861 0.14297894 0.06829783 0.11403103]
Epoch 11, Batch 375/891, Grad Norms near zero: 0, Lx 2.1054, Lu 0.0626, Penalty 0.0352, loss 2.2032
Label Softmax (x): [0.11046307 0.12285031 0.098823   0.11005296 0.06550325 0.09477186
 0.09312251 0.14801773 0.05945457 0.09694075]
Epoch 11, Batch 376/891, Grad Norms near zero: 0, Lx 2.1558, Lu 0.0798, Penalty 0.0318, loss 2.2674
Label Softmax (x): [0.10262028 0.13518524 0.08941205 0.1242044  0.06767631 0.11160617
 0.0868675  0.14315574 0.05927532 0.07999699]
Epoch 11, Batch 377/891, Grad Norms near zero: 0, Lx 2.1308, Lu 0.0823, Penalty 0.0377, loss 2.2507
Label Softmax (x): [0.11046329 0.12041247 0.08160895 0.1211101  0.07055687 0.1054897
 0.09501501 0.14705679 0.05033799 0.09794882]
Epoch 11, Batch 378/891, Grad Norms near zero: 0, Lx 2.1834, Lu 0.0789, Penalty 0.0394, loss 2.3017
Label Softmax (x): [0.13368927 0.12031316 0.06536474 0.1197594  0.05085525 0.12029915
 0.0821078  0.15716648 0.06426706 0.08617769]
Epoch 11, Batch 379/891, Grad Norms near zero: 0, Lx 1.9975, Lu 0.0804, Penalty 0.0597, loss 2.1376
Label Softmax (x): [0.10790808 0.12938078 0.09287927 0.14381987 0.060172   0.11502558
 0.0850945  0.12259295 0.05974812 0.08337884]
Epoch 11, Batch 380/891, Grad Norms near zero: 0, Lx 2.0770, Lu 0.0456, Penalty 0.0399, loss 2.1625
Label Softmax (x): [0.13571979 0.12474012 0.05233623 0.13331698 0.04972384 0.1393414
 0.07668624 0.15961981 0.05036504 0.07815055]
Epoch 11, Batch 381/891, Grad Norms near zero: 0, Lx 2.0939, Lu 0.0831, Penalty 0.0931, loss 2.2701
Label Softmax (x): [0.12047512 0.11554989 0.09303882 0.14563984 0.07432076 0.09113599
 0.08798204 0.1337017  0.06582622 0.07232963]
Epoch 11, Batch 382/891, Grad Norms near zero: 0, Lx 2.1073, Lu 0.0639, Penalty 0.0335, loss 2.2047
Label Softmax (x): [0.10490367 0.12036431 0.08527139 0.16132858 0.0746215  0.09968073
 0.10086364 0.13338435 0.04640577 0.07317605]
Epoch 11, Batch 383/891, Grad Norms near zero: 0, Lx 2.0877, Lu 0.0583, Penalty 0.0527, loss 2.1987
Label Softmax (x): [0.11091837 0.09638624 0.08400696 0.15540764 0.06231743 0.11241859
 0.0928385  0.14636604 0.06419186 0.07514837]
Epoch 11, Batch 384/891, Grad Norms near zero: 0, Lx 2.1838, Lu 0.0523, Penalty 0.0445, loss 2.2807
Label Softmax (x): [0.11966059 0.10101212 0.0896585  0.15927494 0.07370947 0.10557567
 0.07704937 0.13890275 0.06098907 0.07416753]
Epoch 11, Batch 385/891, Grad Norms near zero: 0, Lx 2.1080, Lu 0.0540, Penalty 0.0430, loss 2.2051
Label Softmax (x): [0.1407377  0.10686313 0.06605054 0.14045042 0.06050405 0.1139886
 0.07189578 0.16672009 0.06036524 0.07242449]
Epoch 11, Batch 386/891, Grad Norms near zero: 0, Lx 2.0139, Lu 0.0504, Penalty 0.0685, loss 2.1327
Label Softmax (x): [0.10912651 0.08763396 0.09215935 0.1626256  0.06282516 0.11573404
 0.07789989 0.15153265 0.06866699 0.07179587]
Epoch 11, Batch 387/891, Grad Norms near zero: 0, Lx 2.0051, Lu 0.0455, Penalty 0.0500, loss 2.1006
Label Softmax (x): [0.11903948 0.07003551 0.0899069  0.14870615 0.05714862 0.10758097
 0.07899469 0.16471481 0.08125387 0.082619  ]
Epoch 11, Batch 388/891, Grad Norms near zero: 0, Lx 2.1089, Lu 0.0790, Penalty 0.0513, loss 2.2393
Label Softmax (x): [0.1132904  0.08403698 0.10482462 0.16244079 0.06154621 0.10853033
 0.07528821 0.13274336 0.07152569 0.08577344]
Epoch 11, Batch 389/891, Grad Norms near zero: 0, Lx 2.1378, Lu 0.0985, Penalty 0.0410, loss 2.2773
Label Softmax (x): [0.10593171 0.06984804 0.10590294 0.15219806 0.06474128 0.11866343
 0.07740776 0.13991067 0.07682467 0.08857144]
Epoch 11, Batch 390/891, Grad Norms near zero: 0, Lx 2.1718, Lu 0.0622, Penalty 0.0393, loss 2.2733
Label Softmax (x): [0.12039512 0.09172796 0.10346374 0.13744722 0.05990694 0.11652916
 0.07485908 0.13289104 0.07602217 0.08675757]
Epoch 11, Batch 391/891, Grad Norms near zero: 0, Lx 2.0250, Lu 0.0564, Penalty 0.0329, loss 2.1143
Label Softmax (x): [0.10853782 0.06415138 0.10263064 0.13373354 0.06392846 0.11439022
 0.08086219 0.14375035 0.08015565 0.10785978]
Epoch 11, Batch 392/891, Grad Norms near zero: 0, Lx 2.1588, Lu 0.0723, Penalty 0.0353, loss 2.2664
Label Softmax (x): [0.11084879 0.0949242  0.08232488 0.13333122 0.08121073 0.1276375
 0.07828598 0.1228015  0.05814206 0.11049315]
Epoch 11, Batch 393/891, Grad Norms near zero: 0, Lx 2.1000, Lu 0.0508, Penalty 0.0302, loss 2.1810
Label Softmax (x): [0.1032612  0.09108251 0.0879565  0.12872702 0.07505724 0.14269449
 0.07949003 0.12112533 0.04770084 0.12290489]
Epoch 11, Batch 394/891, Grad Norms near zero: 0, Lx 2.2027, Lu 0.0538, Penalty 0.0440, loss 2.3005
Label Softmax (x): [0.0959935  0.0848517  0.09010713 0.13011101 0.07984425 0.12342325
 0.09042992 0.10843991 0.05952422 0.1372751 ]
Epoch 11, Batch 395/891, Grad Norms near zero: 0, Lx 2.0867, Lu 0.0472, Penalty 0.0282, loss 2.1621
Label Softmax (x): [0.08423498 0.09173898 0.08627253 0.13803348 0.09900808 0.13673732
 0.08043785 0.10823025 0.05837587 0.11693069]
Epoch 11, Batch 396/891, Grad Norms near zero: 0, Lx 2.1279, Lu 0.0852, Penalty 0.0301, loss 2.2432
Label Softmax (x): [0.08518112 0.09321929 0.09256091 0.13553542 0.08694973 0.12030952
 0.0992166  0.10740198 0.06272161 0.11690384]
Epoch 11, Batch 397/891, Grad Norms near zero: 0, Lx 2.1441, Lu 0.0824, Penalty 0.0206, loss 2.2471
Label Softmax (x): [0.0864294  0.10486395 0.08256869 0.13607204 0.07424781 0.1313093
 0.09367044 0.10371348 0.06264031 0.12448458]
Epoch 11, Batch 398/891, Grad Norms near zero: 0, Lx 2.1163, Lu 0.0545, Penalty 0.0285, loss 2.1993
Label Softmax (x): [0.09316772 0.15503006 0.08329843 0.13654983 0.05979207 0.1220561
 0.08037344 0.093848   0.07070325 0.10518111]
Epoch 11, Batch 399/891, Grad Norms near zero: 0, Lx 2.1609, Lu 0.0671, Penalty 0.0397, loss 2.2676
Label Softmax (x): [0.08354165 0.10998228 0.07348987 0.13870534 0.07561301 0.1419539
 0.09207125 0.10421076 0.06193962 0.11849234]
Epoch 11, Batch 400/891, Grad Norms near zero: 0, Lx 2.1158, Lu 0.0471, Penalty 0.0345, loss 2.1975
Label Softmax (x): [0.08533785 0.12875134 0.07566472 0.15155882 0.06756464 0.13968596
 0.08350844 0.10463788 0.06647968 0.09681065]
Epoch 11, Batch 401/891, Grad Norms near zero: 0, Lx 2.1445, Lu 0.0574, Penalty 0.0402, loss 2.2421
Label Softmax (x): [0.08412492 0.12078067 0.06801277 0.14942643 0.070176   0.14589214
 0.08489405 0.11261932 0.07293651 0.09113721]
Epoch 11, Batch 402/891, Grad Norms near zero: 0, Lx 2.1217, Lu 0.0594, Penalty 0.0398, loss 2.2208
Label Softmax (x): [0.078038   0.14100078 0.06704544 0.16453451 0.05895433 0.16564417
 0.08091614 0.10663221 0.0477328  0.08950162]
Epoch 11, Batch 403/891, Grad Norms near zero: 0, Lx 2.1400, Lu 0.0552, Penalty 0.0828, loss 2.2781
Label Softmax (x): [0.101463   0.15050314 0.06916926 0.14699201 0.04990688 0.13830167
 0.07367234 0.12572594 0.06351836 0.08074739]
Epoch 11, Batch 404/891, Grad Norms near zero: 0, Lx 2.0905, Lu 0.0533, Penalty 0.0675, loss 2.2113
Label Softmax (x): [0.10879315 0.11143122 0.06240607 0.1518397  0.03607882 0.16339771
 0.06158233 0.12663433 0.07407194 0.10376473]
Epoch 11, Batch 405/891, Grad Norms near zero: 0, Lx 2.0295, Lu 0.0432, Penalty 0.0902, loss 2.1628
Label Softmax (x): [0.09874731 0.12951063 0.06612255 0.16516717 0.05594574 0.1513618
 0.06822081 0.11569923 0.06552497 0.08369979]
Epoch 11, Batch 406/891, Grad Norms near zero: 0, Lx 2.1671, Lu 0.0800, Penalty 0.0669, loss 2.3141
Label Softmax (x): [0.11059421 0.10784965 0.06956578 0.13727373 0.05380637 0.14505345
 0.07249252 0.13725941 0.06800561 0.09809926]
Epoch 11, Batch 407/891, Grad Norms near zero: 0, Lx 1.9678, Lu 0.0403, Penalty 0.0527, loss 2.0608
Label Softmax (x): [0.10949468 0.11010341 0.06843378 0.15606476 0.03542948 0.15076703
 0.06309118 0.1524013  0.07622889 0.07798548]
Epoch 11, Batch 408/891, Grad Norms near zero: 0, Lx 2.0557, Lu 0.0515, Penalty 0.0934, loss 2.2006
Label Softmax (x): [0.12228288 0.11351357 0.06661294 0.1614539  0.04180652 0.13087878
 0.06513068 0.14070494 0.07341056 0.08420521]
Epoch 11, Batch 409/891, Grad Norms near zero: 0, Lx 2.0715, Lu 0.0569, Penalty 0.0771, loss 2.2054
Label Softmax (x): [0.11817013 0.10294724 0.06148095 0.1385774  0.04869665 0.13393413
 0.07351924 0.16054036 0.0788326  0.08330131]
Epoch 11, Batch 410/891, Grad Norms near zero: 0, Lx 2.0039, Lu 0.0768, Penalty 0.0646, loss 2.1453
Label Softmax (x): [0.12900767 0.11504439 0.06385962 0.16137454 0.04379356 0.1289542
 0.05984223 0.1522058  0.06480989 0.08110812]
Epoch 11, Batch 411/891, Grad Norms near zero: 0, Lx 2.0591, Lu 0.0706, Penalty 0.0883, loss 2.2179
Label Softmax (x): [0.12312956 0.11182678 0.07768192 0.1580449  0.04803943 0.118204
 0.06631194 0.15273976 0.06902879 0.0749929 ]
Epoch 11, Batch 412/891, Grad Norms near zero: 0, Lx 2.0904, Lu 0.0815, Penalty 0.0687, loss 2.2406
Label Softmax (x): [0.11887878 0.11413872 0.0824358  0.15110734 0.04719338 0.11980654
 0.06687082 0.1590422  0.06674187 0.07378457]
Epoch 11, Batch 413/891, Grad Norms near zero: 0, Lx 2.1134, Lu 0.0594, Penalty 0.0692, loss 2.2421
Label Softmax (x): [0.13930461 0.11207354 0.07248481 0.14280604 0.05271393 0.09366629
 0.0783338  0.13380542 0.06940746 0.10540409]
Epoch 11, Batch 414/891, Grad Norms near zero: 0, Lx 2.0877, Lu 0.0707, Penalty 0.0491, loss 2.2075
Label Softmax (x): [0.11748964 0.11114599 0.09857856 0.14669263 0.07355342 0.09941503
 0.0787267  0.12032202 0.06670387 0.08737212]
Epoch 11, Batch 415/891, Grad Norms near zero: 0, Lx 2.1470, Lu 0.0585, Penalty 0.0271, loss 2.2326
Label Softmax (x): [0.11184506 0.10158174 0.09751848 0.14264926 0.07111368 0.103165
 0.08840375 0.13558075 0.06964353 0.07849874]
Epoch 11, Batch 416/891, Grad Norms near zero: 0, Lx 2.0558, Lu 0.0751, Penalty 0.0275, loss 2.1584
Label Softmax (x): [0.10190593 0.09903853 0.09607023 0.1269345  0.10027891 0.09279189
 0.09806732 0.13513927 0.06640469 0.08336876]
Epoch 11, Batch 417/891, Grad Norms near zero: 0, Lx 2.0323, Lu 0.0657, Penalty 0.0174, loss 2.1154
Label Softmax (x): [0.10678925 0.11171526 0.1012002  0.13498724 0.10047559 0.08942959
 0.09155918 0.1083023  0.06505704 0.09048434]
Epoch 11, Batch 418/891, Grad Norms near zero: 0, Lx 2.2443, Lu 0.0652, Penalty 0.0157, loss 2.3252
Label Softmax (x): [0.11128057 0.09766553 0.08337965 0.12387029 0.08213877 0.10651151
 0.09395067 0.13775294 0.06154146 0.10190861]
Epoch 11, Batch 419/891, Grad Norms near zero: 0, Lx 2.0017, Lu 0.0607, Penalty 0.0227, loss 2.0851
Label Softmax (x): [0.11119576 0.11466952 0.08337425 0.12817621 0.07913725 0.09313139
 0.1058473  0.11989267 0.05863266 0.10594298]
Epoch 11, Batch 420/891, Grad Norms near zero: 0, Lx 2.1443, Lu 0.0792, Penalty 0.0234, loss 2.2469
Label Softmax (x): [0.11123089 0.11070792 0.08857588 0.13325176 0.08903386 0.1001699
 0.10046912 0.1110671  0.06061254 0.09488101]
Epoch 11, Batch 421/891, Grad Norms near zero: 0, Lx 2.1230, Lu 0.0812, Penalty 0.0184, loss 2.2227
Label Softmax (x): [0.10972666 0.12087198 0.08737039 0.14043981 0.0739673  0.10933045
 0.10250966 0.10140742 0.05427518 0.10010115]
Epoch 11, Batch 422/891, Grad Norms near zero: 0, Lx 2.1188, Lu 0.1032, Penalty 0.0297, loss 2.2517
