model1_loss,model2_loss
0.05599902,0.07024677
0.052994754,0.0403139
0.050975427,0.045048453
0.047329776,0.053568758
0.04605157,0.053219583
0.04049139,0.032765366
0.04840828,0.045183018
0.0644709,0.032138832
0.040216904,0.041961316
0.04194585,0.034601778
0.036947418,0.047562625
0.027600396,0.044496495
0.07188405,0.071325704
0.049602125,0.051500708
0.049623255,0.042361926
0.05089231,0.03424717
0.059562452,0.04897716
0.04317214,0.03900858
0.050737932,0.14586367
0.032011837,0.05275613
0.06490594,0.051720083
0.06476126,0.056702346
0.041519836,0.046262477
0.05143372,0.036558773
0.054705285,0.040135857
0.054529715,0.049889572
0.2042025,0.038458414
0.050388496,0.04667301
0.052079953,0.054754563
0.113526225,0.076361895
0.05362381,0.056258325
0.06038303,0.19872296
0.056394774,0.04111752
0.032432932,0.03836228
0.045406308,0.04955959
0.04441221,0.029070528
0.05021168,0.043186687
0.057739284,0.049269784
0.04784301,0.021659149
0.03504214,0.036444135
0.037075248,0.029146269
0.03539395,0.031308718
0.062102746,0.062157765
0.044766586,0.05121851
0.06003913,0.039089646
0.039423402,0.05888072
0.03863938,0.035582468
0.036595557,0.031920057
0.044975597,0.059575178
0.07746776,0.04034872
0.053627357,0.038348574
0.046425108,0.046272665
0.037831917,0.046516936
0.047844227,0.047254108
0.050150473,0.055884734
0.03756127,0.039825547
0.060827944,0.0381075
0.08951003,0.05030802
0.049048543,0.0398137
0.049547486,0.046695393
0.07360136,0.09592782
0.039212607,0.053931966
0.060639802,0.024021553
0.04915661,0.043944273
0.045323208,0.04792299
0.050134066,0.036708727
0.055902828,0.050978936
0.1785766,0.046521988
0.04745785,0.052074045
0.051133305,0.03251344
0.04427484,0.03410514
0.03990452,0.05551702
0.04167638,0.034977663
0.060685962,0.04077604
0.03642083,0.038127895
0.06326732,0.047591783
0.052017722,0.042416662
0.030970808,0.05774379
0.04428709,0.036391914
0.034863427,0.08542426
0.03168259,0.039198894
0.04873776,0.04143231
0.031693704,0.05587914
0.04508181,0.056080766
0.056923453,0.041119356
0.05945677,0.05977956
0.053276613,0.039452195
0.041034307,0.034378115
0.037397172,0.033151187
0.23411307,0.030970419
0.03966029,0.042286053
0.11754612,0.0387988
0.030133756,0.04182894
0.044377055,0.038230468
0.04194868,0.03827588
0.046907127,0.036245044
0.08224836,0.08479168
0.04566795,0.065202825
0.050922617,0.04007544
0.061668843,0.05569091
0.03914647,0.039273676
0.04377535,0.06626071
0.038317733,0.025400568
0.046614874,0.04083108
0.064315654,0.058324695
0.038157232,0.029124388
0.03567787,0.050197717
0.02726322,0.03985901
0.0703067,0.040370535
0.05663427,0.046666343
0.03693814,0.05959273
0.049208272,0.067488916
0.043533653,0.035909347
0.04475017,0.031890277
0.045642853,0.045480475
0.06420636,0.051063508
0.048569504,0.051422954
0.035006884,0.040312257
0.053179976,0.040716037
0.040131107,0.053793773
0.04226823,0.029025292
0.08309175,0.038078025
0.037583705,0.031773396
0.02682166,0.019713618
0.052819185,0.03964886
0.059087116,0.042433076
0.072135106,0.051548205
0.02420508,0.044694666
0.05425418,0.031303067
0.03741707,0.02864828
0.046607137,0.037704412
0.04244443,0.04226638
0.057243098,0.04137248
0.050687138,0.049448986
0.047145385,0.053676676
0.051087055,0.06020393
0.05301845,0.03776788
0.05463558,0.052167993
0.029461736,0.034643177
0.032923006,0.033966664
0.04793052,0.05556544
0.053988487,0.061653897
0.046223324,0.040171422
0.061135523,0.08369099
0.036944628,0.041668758
0.08858836,0.055149183
0.08177105,0.034280963
0.051483378,0.04203452
0.050890464,0.052541673
0.03678783,0.044988584
0.0592074,0.097224295
0.040057894,0.042576667
0.053776655,0.05248897
0.07283576,0.03655119
0.033622444,0.048088923
0.045965925,0.037262052
0.043625057,0.04990601
0.05831789,0.04300093
0.035916127,0.05556511
0.029436748,0.050942145
0.026054218,0.04077685
0.03740858,0.023294602
0.056487054,0.05215114
0.041470736,0.035626885
0.030944576,0.071406126
0.038678523,0.04378538
0.048093963,0.053023443
0.049514573,0.053679604
0.04593686,0.043846432
0.062072244,0.046999846
0.062211756,0.11979928
0.114065245,0.038024753
0.034261387,0.055033352
0.041583426,0.043250624
0.037519608,0.054708418
0.039592188,0.02771569
0.03361476,0.024621416
0.06315574,0.04567209
0.04211279,0.026521767
0.046886157,0.10836424
0.0436512,0.03549068
0.047707353,0.05872508
0.03129478,0.03731975
0.057789803,0.061591927
0.042309806,0.04435734
0.07479988,0.06086308
0.03902141,0.03675922
0.04547081,0.03522764
0.04127663,0.035886023
0.03201301,0.038155917
0.046739955,0.06942995
0.043742657,0.09681062
0.05729177,0.038314406
0.040792156,0.014541423
0.0942018,0.041129213
0.06676108,0.040243708
0.05732657,0.043502133
0.041789234,0.04168207
0.038070265,0.040646963
0.039821196,0.0466141
0.041192576,0.05928856
0.047625367,0.064544216
0.048084643,0.03622644
0.036647152,0.04050055
0.043564744,0.03284526
0.041689716,0.046328645
0.030274533,0.0388176
0.039852016,0.047865983
0.18459122,0.069886714
0.03196159,0.042830713
0.05591173,0.039535325
0.050343018,0.044852424
0.06952212,0.044117615
0.055466976,0.04792581
0.031346314,0.061048206
0.03752427,0.05357182
0.023990976,0.037822668
0.018170884,0.048175987
0.030678574,0.15501171
0.04701771,0.037090022
0.03604149,0.025110422
0.057605956,0.045548454
0.039130043,0.041408263
0.05245465,0.04360397
0.044995148,0.05704142
0.05396495,0.07137231
0.05269738,0.059756912
0.036367532,0.015928023
0.029249681,0.037640464
0.037648045,0.041294664
0.047389504,0.038086288
0.042258386,0.049301285
0.03066299,0.037362494
0.042236827,0.04518728
0.09302273,0.07467598
0.03316458,0.030848905
0.26847142,0.04022222
0.04647565,0.039902426
0.053513423,0.045450352
0.050477903,0.09864956
0.054290485,0.05907157
0.051187046,0.04447013
0.042991053,0.08312756
0.07079593,0.056047693
0.04980927,0.05339944
0.025300438,0.0386931
0.04209251,0.05478497
0.083253935,0.087522276
0.042118255,0.043212436
0.06127116,0.034773238
0.04686909,0.04482073
0.050751917,0.044136696
0.04640157,0.046941284
0.043858305,0.06817076
0.036884427,0.045135256
0.0656096,0.059763797
0.057475876,0.07221875
0.066959456,0.051399436
0.058625527,0.05749421
0.033967823,0.032442443
0.021914743,0.037199296
0.053367928,0.076583475
0.055270337,0.03851683
0.052475438,0.062318146
0.027567247,0.051967766
0.06919266,0.02846579
0.05464045,0.055221424
0.049167246,0.049051218
0.04131298,0.053871024
0.048794303,0.040719423
0.04243426,0.047597315
0.24612534,0.9794541
0.035273857,0.043438762
0.049084287,0.054738235
0.043071486,0.2607216
0.059729706,0.04755893
0.046911478,0.20138203
0.03751124,0.057512328
0.0637524,0.016462473
0.03847165,0.034157474
0.050093982,0.043571338
0.052465238,0.0595343
0.043658655,0.053286735
0.040766742,0.030248046
0.038794268,0.039440896
0.03913211,0.08397779
0.038524065,0.052822124
0.03606975,0.03704002
0.069472596,0.048822924
0.04453929,0.042416114
0.050279416,0.0560654
0.060649943,0.0479633
0.044561356,0.040404677
0.04195093,0.06362129
0.04382903,0.026585726
0.045808505,0.07251663
0.04300668,0.048717037
0.03743237,0.05525406
0.051812515,0.04341404
0.06175447,0.070242725
0.054937936,0.043384466
0.0696475,0.05807821
0.05052318,0.077540874
0.057966992,0.050902866
0.039067324,0.054435115
0.058688864,0.058268275
0.030710254,0.03272263
0.042387746,0.056883994
0.05125374,0.039227773
0.08712014,0.05873848
0.051259074,0.06088728
0.05195472,0.042824745
0.05354368,0.04141268
0.041591994,0.03582061
0.052255657,0.03520998
0.05489409,0.029772254
0.045537494,0.027939044
0.04610507,0.06281756
0.049602307,0.04277283
0.05629761,0.040801242
0.0599676,0.046089638
0.063588366,0.039306223
0.031226953,0.044165112
0.04664135,0.043928992
0.048373137,0.021614984
0.04902095,0.057612244
0.04235852,0.04405361
0.044191405,0.027707526
0.097208284,0.05086942
0.06546749,0.069583066
0.05060024,0.053162992
0.056758024,0.041217435
0.06524588,0.055250343
0.03808057,0.031849485
0.04307103,0.046095233
0.0739314,0.048696205
0.019972637,0.06634375
0.06047338,0.043521848
0.058611065,0.059520464
0.05535519,0.04819852
0.05595917,0.056817587
0.050825384,0.073348224
0.04011761,0.045582227
0.056114193,0.05798083
0.03606968,0.03739172
0.03226523,0.024966273
0.028483132,0.020714123
0.04222762,0.04860053
0.041576277,0.035561733
0.030247215,0.036734212
0.046267863,0.03341463
0.03690946,0.049102303
0.046679202,0.04272166
0.037491668,0.03707048
0.037331626,0.034902044
0.03843165,0.036178507
0.039631665,0.038752187
0.04934096,0.04114375
0.042271193,0.044548564
0.07886195,0.041154876
0.038024157,0.04910613
0.056161307,0.038449615
0.057639237,0.054601047
0.06250039,0.047620334
0.046283405,0.032652475
0.10337505,0.03778883
0.03559565,0.060496137
0.034389336,0.03820285
0.05920407,0.04082131
0.041163057,0.042659294
0.03945274,0.027600493
0.046382185,0.048555873
0.04789931,0.052192893
0.084924005,0.04648699
0.041223645,0.047453944
0.046863534,0.03140034
0.09559121,0.061210137
0.05460664,0.025535677
0.034902792,0.0484807
0.039024007,0.038796548
0.0419725,0.049815208
0.048051585,0.06600113
0.050447248,0.03276014
0.04695858,0.08167202
0.04832498,0.27883607
0.044708107,0.04785035
0.046432916,0.06788375
0.03677622,0.04769157
0.052799918,0.058123287
0.03627346,0.04454384
0.04028242,0.046593532
0.05647444,0.044546615
0.0427644,0.032240193
0.043807138,0.03600758
0.050328903,0.030067667
0.054635204,0.044267915
0.040176686,0.029787436
0.061918437,0.07639582
0.046427928,0.03478008
0.053350072,0.043385275
0.030786326,0.055314172
0.024250539,0.061215166
0.04644622,0.054188393
0.05105504,0.05194641
0.036639113,0.042395633
0.06936547,0.02929409
0.031012688,0.04986286
0.038968325,0.033072833
0.043921106,0.039025337
0.026358865,0.05413274
0.04753813,0.03503808
0.060311884,0.037945483
0.04502502,0.047694325
0.052671835,0.056892518
0.034451123,0.1145057
0.055601295,0.06628921
0.14381231,0.056028455
0.03042524,0.040813133
0.052251406,0.061259713
0.036431216,0.074744314
0.033900138,0.046012588
0.04020012,0.037832767
0.05144953,0.05427939
0.043238852,0.045632917
0.04786771,0.033205844
0.042922586,0.029164707
0.050618734,0.033755444
0.028698584,0.031975776
0.028782232,0.062170904
0.02788462,0.06234514
0.053730395,0.036277864
0.031411458,0.054497413
0.04381458,0.041125193
0.044760816,0.03744312
0.051544137,0.05316393
0.04931873,0.05589398
0.062247187,0.1540909
0.043465044,0.1281022
0.045074183,0.041602306
0.042295843,0.033013564
0.052408803,0.045626447
0.04645223,0.027467154
0.049227387,0.046059344
0.044421002,0.049465314
0.055382952,0.043901384
0.03433178,0.053271238
0.05503729,0.077911146
0.062166065,0.04167446
0.045864906,0.043512296
0.04786912,0.05800531
0.043948777,0.034196425
0.037289422,0.031845838
0.04132877,0.07508583
0.046451848,0.035153475
0.038137093,0.04935254
0.049076773,0.036155522
0.045088734,0.047246434
0.041627422,0.034012623
0.05061429,0.043395568
0.043754987,0.028801171
0.038411073,0.05903631
0.052717213,0.039056122
0.047870968,0.056402836
0.04352094,0.03263302
0.058579084,0.056955144
0.04169159,0.062014196
0.053384904,0.04809008
0.05603151,0.049294025
0.038327113,0.08053695
0.033128124,0.029719476
0.048884816,0.026049722
0.04562332,0.087187134
0.03925974,0.04052842
0.047966458,0.039524987
0.040368784,0.036815662
0.05629315,0.030801514
0.04882216,0.057463188
0.045379844,0.037281442
0.03627405,0.042594023
0.053874537,0.053255193
0.044810057,0.049369875
0.03703122,0.046014532
0.053837586,0.04653648
0.03770837,0.04511027
0.044973288,0.055279262
0.05014042,0.048844825
0.054958783,0.039512943
0.06287688,0.03495588
0.047264483,0.036812864
0.04347564,0.07271985
0.043807514,0.0346527
0.043373164,0.021142295
0.07108507,0.054859508
0.046138857,0.86725026
0.042574003,0.05340377
0.05188961,0.058423277
0.032887634,0.5546503
0.04695424,0.051586896
0.044472456,0.052278206
0.061837964,0.0618828
0.041872505,0.042925514
0.038101155,0.017203031
0.043732636,0.047480892
0.04860522,0.073873825
0.039330073,0.04288243
0.0383053,0.04496642
0.036155477,0.04867791
0.058307406,0.04435004
0.057811625,0.056667306
0.035199985,0.055479053
0.041441806,0.053554792
0.03787461,0.04265571
0.04236226,0.022105716
0.046501353,0.036920812
0.037341613,0.042258248
0.06250301,0.042134397
0.06405433,0.6424486
0.0533854,0.058431104
0.04491919,0.04345109
0.045336798,0.042731013
0.047115482,0.0297281
0.044045,0.029807305
0.03487137,0.03122583
0.035289526,0.05943917
0.09705511,0.04250263
0.05689295,0.06507812
0.08376971,0.04141445
0.050117526,0.061771978
0.051266193,0.06364599
0.044378463,0.049934667
0.03507304,0.036301516
0.051273555,0.05286757
0.058913734,0.058123067
0.06432449,0.0452957
0.067500345,0.03351683
0.050942697,0.07849036
0.04416914,0.0388422
0.033059817,0.051200017
0.05595292,0.058409616
0.041691978,0.03730541
0.046272717,0.02510688
0.029486395,0.03262079
0.083472945,0.039734963
0.04690093,0.036289483
0.059025828,0.066503935
0.044033196,0.04285349
0.080003105,0.061671995
0.04017333,0.044809975
0.05094537,0.068421006
0.052792564,0.036357857
0.051941395,0.044535317
0.04383757,0.054786827
0.055591825,0.050980616
0.051910874,0.045214362
0.05544059,0.04335465
0.035978753,0.028961835
0.045466907,0.04098912
0.051121935,0.04934642
0.041577432,0.039586585
0.037136666,0.023201887
0.040349092,0.05673911
0.05243828,0.05760394
0.043757368,0.037472006
0.05029405,0.028591074
0.047196887,0.031653468
0.049174506,0.042529214
0.05182825,0.052617393
0.033275392,0.08376862
0.044501893,0.052446302
0.047030233,0.043827675
0.05505327,0.032235995
0.046989013,0.054974288
0.04524728,0.030878732
0.0391336,0.044171475
0.03524648,0.03794112
0.045945186,0.04715078
0.05832211,0.04027289
0.059000455,0.036327157
0.040280867,0.027352547
0.047824685,0.05381889
0.03957268,0.05474162
0.03412149,0.050896965
0.049483106,0.0351204
0.057445172,0.06428119
0.04244443,0.038573477
0.06871293,0.04168017
0.036329366,0.036856383
0.044837184,0.036298238
0.052460857,0.034812838
0.040067505,0.03862065
0.03719833,0.05108637
0.060209163,0.045102358
0.059601776,0.039889857
0.06300443,0.037556242
0.042884197,0.060293265
0.04351329,0.03174842
0.053416178,0.03545118
0.05068136,0.049182985
0.042736612,0.039629407
0.04154567,0.03858834
0.039383005,0.027140155
0.046772555,0.031639017
0.038526654,0.034411572
0.04511508,0.043911923
0.046461634,0.02984158
0.040982276,0.04730248
0.0493865,0.030966485
0.050338637,0.039060757
0.054778963,0.049104314
0.034757562,0.0386826
0.037724767,0.041221853
0.05107727,0.07031674
0.05492832,0.0349641
0.04171413,0.0336204
0.05157086,0.07927265
0.04398627,0.034347612
0.045112383,0.03756375
0.033239,0.06057577
0.057376057,0.034441672
0.042805173,0.060494084
0.04367856,0.03203837
0.05914733,0.038723353
0.022711236,0.06463663
0.04498008,0.056497835
0.047562145,0.046668574
0.042243905,0.04462341
0.043092184,0.053160105
0.04913794,0.034498703
0.03354357,0.057779115
0.029017072,0.036305755
0.047117013,0.021635989
0.053086482,0.0625919
0.043230183,0.07296008
0.048708122,0.037091117
0.049310386,0.030296573
0.051642023,0.060907196
0.039936613,0.047573466
0.037775557,0.03301095
0.15610172,0.0409233
0.043348044,0.07523524
0.0386025,0.061726008
0.027304867,0.07274549
0.046853174,0.05834937
0.06131953,0.036737625
0.041518293,0.032563332
0.03035445,0.07411167
0.04585588,0.037445307
0.0537128,0.052461296
0.05238947,0.048914336
0.07028786,0.046179827
0.043602638,0.029428206
0.050277643,0.03580556
0.047308575,0.03674344
0.059295926,0.044781644
0.051588643,0.040046323
0.04911698,0.030889694
0.043144245,0.044419747
0.046489075,0.040731795
0.039723657,0.043053783
0.045431864,0.059225544
0.038635824,0.04326715
0.042368244,0.04231399
0.048333276,0.057098452
0.046740785,0.05303387
0.03882712,0.035731588
0.039389137,0.06684664
0.06927196,0.057317674
0.03874471,0.064762674
0.038428415,0.044997107
0.04663777,0.043397997
0.032480206,0.046699636
0.071343936,0.05675529
0.0678525,0.030298093
0.042337865,0.05153299
0.07150573,0.051300827
0.04893766,0.048123654
0.4407811,0.25157532
0.067603774,0.023097532
0.04197257,0.045562707
0.058171038,0.062254667
0.06365712,0.05909922
0.054011576,0.035983644
0.043524984,0.041821685
0.045315076,0.04181963
0.05277926,0.052514326
0.054735117,0.048438795
0.054464098,0.061434366
0.049399115,0.02760963
0.04604722,0.043875527
0.0722142,0.06991944
0.04672147,0.038621876
0.05931639,0.034559283
0.04018998,0.040007282
0.054715782,0.036128514
0.03440614,0.0405425
0.0544208,0.039280068
0.047708243,0.02145138
0.03034521,0.03952125
0.04329123,0.030642295
0.06715531,0.31407273
0.054903682,0.06001898
0.06536789,0.026922593
0.039000206,0.04208622
0.06791839,0.05306596
0.043477315,0.025351156
0.057337664,0.040796697
0.054351054,0.025092782
0.049167186,0.054191846
0.06725712,0.07709751
0.053393696,0.048704274
0.052014235,0.037921406
0.07664832,0.055247284
0.04957079,0.046668835
0.04039357,0.05576523
0.039029814,0.038843427
0.049484577,0.039240032
0.050650463,0.050482824
0.04101226,0.06895242
0.052325167,0.04363416
0.051948313,0.03888581
0.03888476,0.07076872
0.04870213,0.025411049
0.03653131,0.040625017
0.066612475,0.077395104
0.046841674,0.044590358
0.053252805,0.047345653
0.04620131,0.050658308
0.056228008,0.056188572
0.040541343,0.03702567
0.04721708,0.038834702
0.05004404,0.028753923
0.048220485,0.042939067
0.042108085,0.042835653
0.060376376,0.09035887
0.04932077,0.02880808
0.086609654,0.03324766
0.055526562,0.026327714
0.056748368,0.04394447
0.05313101,0.03287467
0.033551846,0.03486107
0.05411455,0.046528652
0.04516199,0.055115607
0.049272615,0.0649747
0.04496213,0.040189106
0.05429598,0.067579284
0.066527724,0.032189306
0.032681797,0.052136015
0.05147435,0.040225085
0.053052656,0.041749462
0.050542377,0.06252322
0.045495413,0.053761467
0.05570927,0.04482532
0.030393742,0.044437345
0.033898767,0.03113976
0.046213854,0.053796727
0.047264036,0.034335755
0.04033748,0.0653542
0.05241128,0.06821599
0.059967905,0.04917721
0.05153575,0.03828727
0.048370905,0.03693536
0.042367667,0.050061714
0.042853013,0.048078693
0.04537376,0.05121254
0.16396774,0.9106312
0.044234987,0.034335196
0.042257097,0.032477975
0.04402921,0.032820057
0.044658978,0.035144642
0.04274085,0.048984896
0.055120602,0.02997153
0.042926572,0.03431573
0.04677199,0.04377611
0.05244881,0.051845424
0.04092901,0.038068146
0.03280842,0.040724803
0.056840483,0.060549844
0.04500624,0.050413728
0.067545794,0.05137948
0.05798196,0.04599678
0.041310538,0.05137137
0.047352005,0.06455855
0.037935816,0.045738038
0.04117994,0.040060814
0.035033878,0.042580187
0.044277526,0.045598555
0.072201684,0.04048206
0.048397698,0.033786997
0.043570016,0.0299594
0.041260514,0.036087617
0.043850984,0.039389897
0.054149333,0.05535601
0.046899647,0.02742161
0.039377254,0.036015786
0.0495324,0.04050123
0.045819193,0.0515486
0.033194978,0.03842862
0.045606986,0.032627665
0.039068744,0.043640718
0.044513,0.029946087
0.049492475,0.054084893
0.039053038,0.026774367
0.04254788,0.04209057
0.04136493,0.045689095
0.0583678,0.026317943
0.039823662,0.14599594
0.055605717,0.06436115
0.05661959,0.06152998
0.027708694,0.043454196
0.04461947,0.033472557
0.04891025,0.041487917
0.036805544,0.039335907
0.030656833,0.041954126
0.052312676,0.030084422
0.032177053,0.063644126
0.044843532,0.06027831
0.04987266,0.033963855
0.060235366,0.060380023
0.08929001,0.047791466
0.03744902,0.03494081
0.027706921,0.03051467
0.04114539,0.038963277
0.03202001,0.043557655
0.16435146,0.054866917
0.037331626,0.050148603
0.030810805,0.061645567
0.061247755,0.03885747
0.051929522,0.04976432
0.05912145,0.040762443
0.0433918,0.055085003
0.05063673,0.056192834
0.045528978,0.03993694
0.037554216,0.030796826
0.026502077,0.03862712
0.06202911,0.039455958
0.049666483,0.055967078
0.05105574,0.048051916
0.052465428,0.04420988
0.095131524,0.04948446
0.07156023,0.04611784
0.9208808,0.11210974
0.03461491,0.042493276
0.055067427,0.03919263
0.0573765,0.04156388
0.05366862,0.046339706
0.042793013,0.05358959
0.052940078,0.05559049
0.06741263,0.049988374
0.03501904,0.03345498
0.04640163,0.054127384
0.03866436,0.042213615
0.034467336,0.04824576
0.048074372,0.040290378
0.046805482,0.03831939
0.042241327,0.03650402
0.057985228,0.033514425
0.039214745,0.060494933
0.047250755,0.119427875
0.86305714,0.11742787
0.092699006,0.066358835
0.07271594,0.051980816
0.054589126,0.027934683
0.045107827,0.037525866
0.049339682,0.03884922
0.03410286,0.044597525
0.048168615,0.041930716
0.053395785,0.07310441
0.052071515,0.042409733
0.03749096,0.0599494
0.031120187,0.049270857
0.042547498,0.03529112
0.05975147,0.10450636
0.048113614,0.037745364
0.057241455,0.05785654
0.054412384,0.03896798
0.041889247,0.038099512
0.044893157,0.0601881
0.09810712,0.04995353
0.06379363,0.06822909
0.059641242,0.056456912
0.026480073,0.02579639
0.08153022,0.05412319
0.041659378,0.03198465
0.0660824,0.058306508
0.052906938,0.04359536
0.055734254,0.057281543
0.06099153,0.040248144
0.045914777,0.05635632
0.03687963,0.029505914
0.03384025,0.051135752
0.06825734,0.038149033
0.049779225,0.039970953
0.05269731,0.12568761
0.04796307,0.045019317
0.04104392,0.05328634
0.06799146,0.03735717
0.048430733,0.04351636
0.052550383,0.057094518
0.05680124,0.056594145
0.07878323,0.067296624
0.05391143,0.06667098
0.025920408,0.039060693
0.04172901,0.035328783
0.04272336,0.04343511
0.042914737,0.042121697
0.05593197,0.05787453
0.043665204,0.04521071
0.056909274,0.04473408
0.047680277,0.026796598
0.03478028,0.031594776
0.040913668,0.040075306
0.06457212,0.03093281
0.03291524,0.028695473
0.049930833,0.031240901
0.051244088,0.036638264
0.05520876,0.03954044
0.043882836,0.051515177
0.03508032,0.04262738
0.04333821,0.050119705
0.038760103,0.03489156
0.038936567,0.04267145
0.06801012,0.046625074
0.04058508,0.04474584
0.03198113,0.06500251
0.064357266,0.063734256
0.07337551,0.039152578
0.042764977,0.043929737
0.069042265,0.051776785
0.041598313,0.044240262
0.047126606,0.06463948
0.04465494,0.019982843
0.06736167,0.05210056
0.053912,0.03454668
0.0485058,0.039345305
0.06871658,0.04494609
0.035377756,0.03803786
0.040709145,0.034784604
0.053376224,0.030147517
0.046504233,0.067517094
0.043927394,0.039389834
0.04569267,0.036837805
0.042718858,0.048747707
0.04425026,0.05264815
0.04465269,0.03942435
0.057227116,0.0453392
0.15798849,0.0739923
0.040909275,0.05812466
0.029284442,0.031500213
0.03859163,0.04419657
0.046874974,0.056624398
0.06127035,0.0301078
0.059976056,0.04957968
0.045626707,0.052302077
0.039831348,0.031197522
0.039579522,0.025692133
0.041087635,0.037905097
0.04605822,0.0442007
0.04619901,0.03366191
0.05861567,0.06484877
0.044253018,0.039754506
0.051007383,0.03861301
0.04649586,0.060451478
0.045820672,0.041286707
0.03440477,0.04456933
0.046623513,0.04490965
0.057048157,0.041537408
0.0420882,0.1132895
0.040956873,0.0439279
0.054863505,0.036902912
0.04896296,0.18113056
0.06893952,0.065287024
0.051220268,0.060087223
0.06598848,0.04916156
0.049209613,0.030294716
0.04243741,0.046544172
0.039337818,0.04968589
0.06782015,0.06472794
0.034443505,0.04012401
0.07508695,0.075525746
0.042728703,0.042519923
0.04925356,0.06027534
0.048897948,0.051305857
0.056704078,0.04490283
0.047131717,0.056278676
0.058307018,0.042378757
0.037398208,0.055889938
0.052421674,0.061145894
0.053816203,0.042741243
0.033120286,0.049287643
0.051197655,0.063927
0.058279864,0.03948584
0.04129184,0.03572735
0.05190268,0.05710949
0.04329773,0.046009
0.03746348,0.029615711
0.070439175,0.06698798
0.04815898,0.063534245
0.044832245,0.05580744
0.04671789,0.029281871
0.039507993,0.043829296
0.055171628,0.054554094
0.054068442,0.032091115
0.05101475,0.04012285
0.0464585,0.054765426
0.044487078,0.053421475
0.0354323,0.059176296
0.03559617,0.055746585
0.039622944,0.040768366
0.048251748,0.039065458
0.08170674,0.03894107
0.044961747,0.035026155
0.042328477,0.061322886
0.041441936,0.068302855
0.04988883,0.06681739
0.048538323,0.06842382
0.05882969,0.042776283
0.04255444,0.03700286
0.04616241,0.0395844
0.06878894,0.04144772
0.04220516,0.060024947
0.052664157,0.057843667
0.053539623,0.061661765
0.03151941,0.044057284
0.043041077,0.04629741
0.03617872,0.041582417
0.04110613,0.043393057
0.056933023,0.04526287
0.045006882,0.032039735
0.045899797,0.040897682
0.033704054,0.07563677
0.038701877,0.043237355
0.060614046,0.03576239
0.030982785,0.045638733
0.037173823,0.04812829
0.040176556,0.057721015
0.044303972,0.061589148
0.05696389,0.027347695
0.03776428,0.04092879
0.22782248,0.030498408
0.041328903,0.042824134
0.045879375,0.02970058
0.048146855,0.038754296
0.04965089,0.037096232
0.05043371,0.050556052
0.049698763,0.050507504
0.032226436,0.031020552
0.0380421,0.06580399
0.049636632,0.033901025
0.04964885,0.030294234
0.041858844,0.043444447
0.039362125,0.045543604
0.029440815,0.03252636
0.043422,0.039718222
0.046751454,0.04780707
0.0429631,0.045850612
0.049485084,0.03895681
0.045080207,0.04405877
0.04627579,0.04344554
0.043747157,0.040018715
0.043540396,0.03638425
0.04658648,0.034430973
0.060645804,0.07237395
0.044428445,0.046410657
0.049024194,0.061262295
0.038384274,0.029664971
0.04406587,0.070449844
0.054550696,0.06988848
0.048083305,0.038480088
0.046197284,0.040529646
0.048392534,0.038320746
0.06374074,0.06034846
0.07228668,0.04312891
0.062247634,0.03949633
0.049145333,0.036182813
0.04466565,0.044911683
0.024023568,0.060685653
0.06377584,0.066098295
0.034409527,0.034428917
0.035704315,0.05850514
0.038430613,0.050628863
0.061113235,0.02614658
0.05335438,0.052203473
0.050259825,0.061297506
0.038973235,0.046771374
0.06611881,0.04558013
0.04176733,0.035648175
0.04936402,0.04517823
0.036852635,0.06416461
0.0445017,0.035405453
0.02816348,0.04302222
0.05327643,0.0553103
0.05384145,0.048198458
0.034551967,0.037290458
0.054705285,0.054671805
0.03776415,0.041925907
0.05163593,0.04022998
0.13958971,0.0695091
0.045708682,0.042015396
0.048516836,0.256999
0.08396242,0.04127265
0.053013574,0.025537688
0.037791297,0.034946155
0.03659433,0.035983294
0.04516571,0.05801489
0.039775476,0.02282458
0.05035714,0.034967665
0.04493162,0.023969682
0.02965859,0.037638627
0.042295206,0.030188754
0.07404394,0.054780968
0.057913776,0.038249355
0.038550146,0.046827313
0.05178833,0.044713378
0.05151874,0.050058696
0.06698428,0.06249168
0.051296297,0.03750634
0.051833007,0.0391914
0.05022026,0.032435425
0.056505267,0.06349953
0.04171246,0.06730469
0.042969264,0.046035253
0.045460306,0.04218465
0.048530605,0.026348162
0.042508252,0.03327107
0.04231946,0.0447167
0.04467072,0.050915
0.050376732,0.03378364
0.038278885,0.0429764
0.052632663,0.040071156
0.038928736,0.037989825
0.051595874,0.049815208
0.045573108,0.043410324
0.049525585,0.0664391
0.040984467,0.043144565
0.051226433,0.048334487
0.116091855,0.04077807
0.052981958,0.05484451
0.0347452,0.04172076
0.045245808,0.039153397
0.07787656,0.044898372
0.0347668,0.046716224
0.031585902,0.05886546
0.04190682,0.052691605
0.038510997,0.0349541
0.0450654,0.043008864
0.05098991,0.053152695
0.048035767,0.0334764
0.07850935,0.05243006
0.05056876,0.05931991
0.04433695,0.060097888
0.047235988,0.036489666
0.063983716,0.056361195
0.060166147,0.049116947
0.033963524,0.04724016
0.041691136,0.025557537
0.044408936,0.05864099
0.043420386,0.03286642
0.05163968,0.038493115
0.05191639,0.04659082
0.04389125,0.079358995
0.05184767,0.0384357
0.046311747,0.03750852
0.05800157,0.07054049
0.04289455,0.04266981
0.049518324,0.0429218
0.05227056,0.031155728
0.042096626,0.046314742
0.035813548,0.02850435
0.039336987,0.047594473
0.02791355,0.046335377
0.04543449,0.036834657
0.05222553,0.04814357
0.033245973,0.038341273
0.053630777,0.052784417
0.039846588,0.04820176
0.050320566,0.036316227
0.04262385,0.042693134
0.061434053,0.05705025
0.042470418,0.02488405
0.048881765,0.069984555
0.0642425,0.04901373
0.028935695,0.065794066
0.049930256,0.05008158
0.03321669,0.05152001
0.044864368,0.03214819
0.055191584,0.03241969
0.041380588,0.06666678
0.05518678,0.053176347
0.04175303,0.02845251
0.0430088,0.029238515
0.0815434,0.054370195
0.041717418,0.05403429
0.052731857,0.04137248
0.048273183,0.051709633
0.041950412,0.04489284
0.04500611,0.05616643
0.061062146,0.04258467
0.112230614,0.033961385
0.04097047,0.035966475
0.058263842,0.034981772
0.077338435,0.047188487
0.043704387,0.052425295
0.045735516,0.04416389
0.07392623,0.053439047
0.050185334,0.035208058
0.045374975,0.030106356
0.044469047,0.040318858
0.04726129,0.06217554
0.065154985,0.051327914
0.047266338,0.05293428
0.05225883,0.053885516
0.049566653,0.04964554
0.052057758,0.046152048
0.05258493,0.04671487
0.0537633,0.061285157
0.034390513,0.04378341
0.05276043,0.06053649
0.039622426,0.04562929
0.054751232,0.055648547
0.05032649,0.0655202
0.05101882,0.031541165
0.03333597,0.042860944
0.04916533,0.05880644
0.065383025,0.05829503
0.045070916,0.08485217
0.049710665,0.056284666
0.04658489,0.027126035
0.035159405,0.023498284
0.03943962,0.03649404
0.04967031,0.049249895
0.047862865,0.03611825
0.05022834,0.056515254
0.047633793,0.023414716
0.04889865,0.037334505
0.03957132,0.046648134
0.045680888,0.04654896
0.03767021,0.028983103
0.09636534,0.060316436
0.05455101,0.054114446
0.043473776,0.038091674
0.046379883,0.029431999
0.041921116,0.048489314
0.033464104,0.040448878
0.04303786,0.050885182
0.07941548,0.050139356
0.034071203,0.050434124
0.061128445,0.05493796
0.053586725,0.06792083
0.043009896,0.038756754
0.054320835,0.05098698
0.05705041,0.0599447
0.052384518,0.038399503
0.0514308,0.034716778
0.053611156,0.03405693
0.036447834,0.020753304
0.028774282,0.05168915
0.06203929,0.039851405
0.053904027,0.041971438
0.044384234,0.043128848
0.03987345,0.037570164
0.051361836,0.054702755
0.054043204,0.039326575
0.11242223,0.057807203
0.04843763,0.049169276
0.057862327,0.046840318
0.031179395,0.03736304
0.0524575,0.047102734
0.02991004,0.050652668
0.030031804,0.036705513
0.0567172,0.0869845
0.038214795,0.03960062
0.04003516,0.04863898
0.029722443,0.044172347
0.053912,0.051518455
0.05713644,0.051164035
0.050206263,0.04192971
0.050208557,0.04294123
0.0779835,0.054299086
0.11519308,0.049569953
0.059222043,0.043172326
0.043049686,0.03265749
0.15066274,0.06337098
0.05128468,0.043836616
0.045719057,0.044676
0.060893208,0.06595707
0.05329422,0.040239096
0.05095528,0.048650958
0.04764567,0.05280387
0.030075174,0.050740365
0.052427758,0.036879618
0.056293778,0.03053465
0.03123029,0.032692116
0.053423263,0.03919999
0.040831376,0.051060293
0.07265299,0.033697866
0.03530507,0.036169477
0.045387216,0.042536534
0.048457645,0.054434046
0.05779181,0.027515179
0.05347202,0.034285698
0.06942498,0.04099415
0.05272925,0.04288737
0.04758232,0.039590936
0.04981283,0.040649213
0.04021167,0.03942129
0.037404433,0.036737494
0.050991055,0.042051222
0.084026285,0.040299494
0.044856865,0.03784833
0.04652336,0.042713046
0.0396139,0.03786102
0.052072786,0.060248256
0.03676252,0.043957673
0.03556172,0.034653243
0.047909327,0.07928653
0.03409036,0.039811667
0.04093423,0.044097394
0.04703304,0.042281028
0.10122039,0.048088595
0.031381767,0.045609158
0.05097263,0.06248858
0.04900145,0.031660285
0.044842567,0.44607866
0.055535283,0.036581464
0.0554065,0.05254375
0.034674007,0.050149146
0.03701766,0.029507225
0.04910328,0.043727037
0.045739226,0.04689337
0.04474017,0.044796728
0.044291075,0.027989604
0.059897732,0.046642803
0.037240546,0.041605018
0.05789528,0.042969428
0.06071409,0.053579293
0.06149887,0.064336665
0.052368093,0.040725674
0.044322003,0.044060256
0.056243017,0.040147617
0.055967238,0.031601455
0.031442903,0.031336393
0.041645464,0.036402363
0.05735113,0.16100423
0.04697731,0.054312836
0.057421748,0.038958304
0.020490037,0.050140295
0.057240013,0.04543529
0.040474754,0.029790955
0.041901607,0.042076863
0.041750334,0.051614635
0.036477696,0.04595206
0.038829453,0.03890039
0.044613954,0.039697126
0.035993952,0.029190391
0.032991514,0.043689135
0.048100654,0.03195088
0.061717436,0.02589717
0.04260128,0.04921282
0.04534858,0.0418087
0.04273398,0.034288373
0.044361133,0.04946094
0.066521496,0.019466206
0.043619797,0.04258277
0.058500417,0.050984967
0.042372942,0.04046009
0.060684644,0.06587059
0.049894743,0.0491834
0.047732826,0.03786784
0.042440433,0.04372542
0.07576591,0.039819077
0.041450504,0.0571764
0.044228185,0.048621647
0.056044955,0.06655775
0.049133986,0.05571548
0.056412663,0.04772711
0.04539131,0.044884797
0.048433673,0.039608836
0.04211633,0.098662436
0.054897618,0.07756608
0.054078817,0.020901082
0.039220434,0.042973757
0.046742823,0.04706986
0.018845204,0.063290715
0.049426816,0.044991884
0.05284643,0.034498833
0.05590794,0.051024117
0.04185338,0.039109536
0.02974893,0.04664031
0.041817565,0.051725373
0.055686675,0.057999674
0.07054165,0.047171917
0.037771795,0.03493752
0.033968545,0.061609894
0.04249423,0.028185144
0.042214945,0.041612428
0.055964075,0.036930103
0.043695454,0.06804171
0.047704414,0.06889637
0.060394425,0.06602798
0.045135137,0.054733425
0.05935121,0.040769722
0.034954254,0.047317564
0.033233583,0.060644317
0.08368707,0.05925516
0.0584184,0.062601
0.0530436,0.04559768
0.055212047,0.060179316
0.053136464,0.053062484
0.040396925,0.053489737
0.048933256,0.07303781
0.047237843,0.05078697
0.054000683,0.059945226
0.04827101,0.049970124
0.059608754,0.04957994
0.025530228,0.058931433
0.06356772,0.03315029
0.05810346,0.064896844
0.046885144,0.035871036
0.047122125,0.050888788
0.035600916,0.03467072
0.03939147,0.057025004
0.061614733,0.032063607
0.044632684,0.03455044
0.047120024,0.03608651
0.049761023,0.03274688
0.057938255,0.044521786
0.043842964,0.052031968
0.042887866,0.047363095
0.04716673,0.039873112
0.055566717,0.033582713
0.045056235,0.05476429
0.047377944,0.051636517
0.03950702,0.025186164
0.05741627,0.037772316
0.04639351,0.026427379
0.045557927,0.0384732
0.04012265,0.052822515
0.05512326,0.03376587
0.044789158,0.028375939
0.05651717,0.049940243
0.050939836,0.04523469
0.041213334,0.052231297
0.044077165,0.050362077
0.045786157,0.042995047
0.044850647,0.032643676
0.039555877,0.038907755
0.054999955,0.070244476
0.047174275,0.03868369
0.06365349,0.049747117
0.06281637,0.053733617
0.061831757,0.05548797
0.04425109,0.046934333
0.03731471,0.053066418
0.04499675,0.034900937
0.04201455,0.03608166
0.04557183,0.05939696
0.047543243,0.040632624
0.052140977,0.02917507
0.043042295,0.055172637
0.0503179,0.04998514
0.03848291,0.045846634
0.04773544,0.04321493
0.048249383,0.050029777
0.047963902,0.027162036
0.062221512,0.04195039
0.049198013,0.048405766
0.04540765,0.04575996
0.114154585,0.039519325
0.055338457,0.047651853
0.060603075,0.051470365
0.05011695,0.023230772
0.035879873,0.0440664
0.049230948,0.053370915
0.04864602,0.029683879
0.048872456,0.055754498
0.06377117,0.05376881
0.058033474,0.05738738
0.041195486,0.07019663
0.067215115,0.033232696
0.03941461,0.017005175
0.044468928,0.04368791
0.039454613,0.041042455
0.11424688,0.046025462
0.026476787,0.032442026
0.041387483,0.038913198
0.04299736,0.04084577
0.037853163,0.04537627
0.056411285,0.048140597
0.03387062,0.081148125
0.044039484,0.051913623
0.03220149,0.043868486
0.056722105,0.036349725
0.06373755,0.030244943
0.0390013,0.05144245
0.063053116,0.057874598
0.074146375,0.04729245
0.055043414,0.03567342
0.04694612,0.042037454
0.035973813,0.02867322
0.06018572,0.04013096
0.030670786,0.086561054
0.048232228,0.041330118
0.044083968,0.04776259
0.054149646,0.027301047
0.04835968,0.048783183
0.058145322,0.046709076
0.050013497,0.04312017
0.039899673,0.040837068
0.036190674,0.024767304
0.042035025,0.04700247
0.072179765,0.04452408
0.04991308,0.047887996
0.043020826,0.040451936
0.044337336,0.038823053
0.05298867,0.04440873
0.060480475,0.054936428
0.032151185,0.044779632
0.022379981,0.04522693
0.053773552,0.039344497
0.06934333,0.05256515
0.046203744,0.06078109
0.03929969,0.04555779
0.04203522,0.060004618
0.048371423,0.034033477
0.028133322,0.05609906
0.03230488,0.038960896
0.028651837,0.037344266
0.04536742,0.034771174
0.048469894,0.044251412
0.05016543,0.07727044
0.041017808,0.055218954
0.054839626,0.039882775
0.034457766,0.04429714
0.038979642,0.03128676
0.04871016,0.05082181
0.05037444,0.036789015
0.037454862,0.052986022
0.04141751,0.0536318
0.036337994,0.07131104
0.04224854,0.034526385
0.04584199,0.05729057
0.04917916,0.040150195
0.04387674,0.028464194
0.04805331,0.10519028
0.061222892,0.04419541
0.03708355,0.046607412
0.03662795,0.039117295
0.047904734,0.05757384
0.05411379,0.045889694
0.05184418,0.039789
0.06119955,0.045778804
0.13668294,0.047672924
0.042397775,0.044527467
0.046642628,0.028693473
0.06371311,0.052259345
0.06171344,0.038948905
0.04747401,0.056641098
0.04796435,0.050596558
0.07018335,0.035474114
0.05048197,0.036813408
0.053478852,0.0524312
0.047101803,0.046886966
0.025465969,0.08618374
0.043348745,0.032801367
0.046138734,0.05374717
0.065696985,0.05849904
0.04647814,0.0715909
0.05280378,0.042898826
0.036040783,0.033393547
0.057700466,0.10353215
0.038835272,0.036034673
0.032126565,0.08367043
0.045167495,0.039605383
0.04542661,0.05626392
0.045204535,0.039783906
0.051806863,0.04461495
0.03258297,0.037727408
0.04415778,0.050908025
0.04501163,0.039615724
0.051108662,0.06008425
0.039515752,0.051352613
0.04563766,0.04111507
0.1533427,0.03821805
0.040600825,0.0434364
0.05829917,0.05394786
0.040222134,0.04763137
0.040092625,0.027293496
0.04307746,0.04375316
0.053284597,0.027604723
0.044387642,0.050547462
0.04341499,0.040386733
0.05205001,0.05502229
0.04372994,0.049792103
0.0287907,0.032175075
0.051599808,0.0695498
0.048184436,0.04346368
0.04581747,0.05912274
0.042564098,0.062068712
0.04602635,0.044289425
0.04973626,0.03570361
0.04005757,0.04580641
0.08211763,0.037421755
0.046767,0.045201816
0.053239256,0.057903755
0.053793296,0.0435448
0.3603663,0.055217687
0.0569242,0.041048512
0.048693966,0.029537871
0.042670295,0.03396036
0.045570347,0.060395107
0.034824457,0.348504
0.04920305,0.04997126
0.05640605,0.04531859
0.047254525,0.0386049
0.0553776,0.058319643
0.06685773,0.053871088
0.048979275,0.048364893
0.057878934,0.053681616
0.051824123,0.03815838
0.028858304,0.03726403
0.049317777,0.038409732
0.040833436,0.050102457
0.039351143,0.037069596
0.034304563,0.051243756
0.052202184,0.05029969
0.04469156,0.048162192
0.0448543,0.061733745
0.056606546,0.08314892
0.0362921,0.027180387
0.04986331,0.06464262
0.06303988,0.04927127
0.062785454,0.07643278
0.03818197,0.028958654
0.04381799,0.03673073
0.04278568,0.036961187
0.042661168,0.0645996
0.03806107,0.045907643
0.05215912,0.034351174
0.045174804,0.06673015
0.04621085,0.07385225
0.042588025,0.051985297
0.04783433,0.039077993
0.03072302,0.053844467
0.05866617,0.05204823
0.047883034,0.047394484
0.052781098,0.072668634
0.058503497,0.049889114
0.046144746,0.05024537
0.043550353,0.041777026
0.04469092,0.035754375
0.043080866,0.040805526
0.046828754,0.03907193
0.057456754,0.052312918
0.036205217,0.12080838
0.0496819,0.05214277
0.05889666,0.06504736
0.036694203,0.03831666
0.06322238,0.040029995
0.03162787,0.03371798
0.033342563,0.04798719
0.04685516,0.029270275
0.06662696,0.043225374
0.0447285,0.03003491
0.057303797,0.04497527
0.036900904,0.03732153
0.05024927,0.05111538
0.040493462,0.035156973
0.046319555,0.05591337
0.055056557,0.0325386
0.04912277,0.04172028
0.038721357,0.03728459
0.036464587,0.14815298
0.045921884,0.044327043
0.039339766,0.027319945
0.09991074,0.04808503
0.03586714,0.047989465
0.1604728,0.03884431
0.04674698,0.053757403
0.07596567,0.03073338
0.069077775,0.055933654
0.04285469,0.057567477
0.05681856,0.041387893
0.04307894,0.056399643
0.053047333,0.04949937
0.04244939,0.035219695
0.05517473,0.057071127
0.05064836,0.0474431
0.04773519,0.04227696
0.07664343,0.10936127
0.0416474,0.04797272
0.036357343,0.043332923
0.033432666,0.05100038
0.053714067,0.026163291
0.040223293,0.03487368
0.04435575,0.036415085
0.04741078,0.046689928
0.044520825,0.048524875
0.044348694,0.0470024
0.053487148,0.043895766
0.036559083,0.08306705
0.051629774,0.05561965
0.07421018,0.034718208
0.06648455,0.08993063
0.039578237,0.04319049
0.04194822,0.026987689
0.04775555,0.053037085
0.043672077,0.06196923
0.042800985,0.07847764
0.048850786,0.026503678
0.04733067,0.06637256
0.04643189,0.036687743
0.046466175,0.030464767
0.0506591,0.041084774
0.037261352,0.047126036
0.039345767,0.03640668
0.03214217,0.07550655
0.04325358,0.05465281
0.040665723,0.042654093
0.059052516,0.07010731
0.026090339,0.04756149
0.046441544,0.061955962
0.042667273,0.105209015
0.03956557,0.047827948
0.12732224,0.041011415
0.034136932,0.037324395
0.06906124,0.031802084
0.05503281,0.060147136
0.03433341,0.038295247
0.06308995,0.051189348
0.05168519,0.05615797
0.04758584,0.029962154
0.041256845,0.042825773
0.060573585,0.03626665
0.03977948,0.05285019
0.019237647,0.041189194
0.039483625,0.043851767
0.05508921,0.045159455
0.04914157,0.041973732
0.04953386,0.047245275
0.045264903,0.02977598
0.039183646,0.047098495
0.048387364,0.046402026
0.048601132,0.042519726
0.056077607,0.04526287
0.049776934,0.04984299
0.051446103,0.034811743
0.047294073,0.047269605
0.039209828,0.03255261
0.07153273,0.044211913
0.04505027,0.055062555
0.05831519,0.052264348
0.046839237,0.04356537
0.029456422,0.038933232
0.042022977,0.04080743
0.058329713,0.053061806
0.043395136,0.03659213
0.05983626,0.3885219
0.050734047,0.03568972
0.042401902,0.039025545
0.05870815,0.03726731
0.04580754,0.030025873
0.05807,0.05874008
0.049473494,0.04108532
0.043079194,0.04972565
0.044929318,0.05008755
0.0413144,0.059700627
0.0477528,0.06341868
0.03910463,0.046000037
0.03179684,0.032575913
0.04207365,0.056561682
0.070042625,0.043750055
0.04114217,0.04649123
0.05140629,0.040639706
0.041513395,0.14528199
0.051305313,0.054080956
0.05113515,0.036298577
0.051069714,0.05972242
0.0481117,0.0465501
0.041335545,0.028526317
0.461716,0.37304115
0.044582974,0.043753028
0.039389137,0.056543455
0.028108345,0.04803928
0.08115255,0.040674504
0.05441719,0.064794324
0.055900495,0.04385312
0.045517314,0.05127324
0.07102417,0.04192923
0.040423382,0.062131755
0.052614145,0.03818334
0.0679751,0.04892966
0.062016472,0.04625356
0.11095405,0.06125779
0.05299444,0.063193746
0.046239134,0.04214172
0.06267397,0.075998224
0.040656183,0.033647437
0.05022694,0.08273082
0.050649002,0.03532522
0.87439954,0.91021365
0.053334244,0.027569639
0.058720905,0.050642353
0.04102947,0.040277045
0.041682567,0.049822446
0.052401323,0.048283555
0.036813393,0.05078039
0.037359763,0.036282927
0.058816247,0.037088033
0.077796675,0.25467888
0.046831187,0.05960333
0.047253888,0.03880255
0.031566028,0.034342673
0.059002668,0.053017564
0.027507339,0.026427653
0.045476776,0.05239312
0.040461194,0.050755188
0.045129173,0.051534873
0.06021042,0.030832795
0.038396057,0.044873495
0.039098497,0.037696358
0.0449238,0.037421755
0.03534356,0.030406874
0.040644176,0.042681396
0.057846606,0.048656337
0.05070526,0.04786395
0.045276817,0.039660033
0.058740053,0.0482434
0.050807465,0.0424385
0.056615308,0.039047543
0.06462668,0.052991312
0.091067225,0.034895115
0.048936572,0.056156244
0.0635086,0.047064133
0.063407585,0.026745416
0.05253466,0.04921341
0.04933153,0.028970119
0.039501596,0.070488535
0.054991376,0.04996361
0.039463468,0.043983314
0.04045952,0.031675488
0.04630011,0.03806459
0.05028909,0.053216174
0.042925537,0.06357807
0.038717475,0.057036176
0.044417534,0.03975199
0.0557547,0.07203805
0.03447495,0.03111318
0.046178922,0.032179818
0.047142453,0.046450987
0.036179885,0.04913743
0.049443886,0.037634388
0.054826677,0.046545178
0.06208936,0.053861078
0.12594329,0.036436144
0.041658796,0.04317735
0.037406176,0.21794176
0.05100243,0.048995454
0.06953299,0.044894654
0.05259507,0.07045648
0.05069585,0.096163854
0.03161173,0.054186318
0.049980592,0.04045609
0.036731772,0.034010775
0.028502703,0.051536884
0.04118414,0.057883844
0.042984374,0.07135978
0.036098976,0.051399916
0.03737986,0.116831385
0.03761383,0.22150144
0.25000304,0.04408393
0.040870387,0.047445264
0.045369975,0.92951536
0.048003085,0.052406847
0.046522718,0.02923672
0.03549809,0.03457074
0.037891515,0.039675355
0.042037275,0.044254538
0.03596465,0.030679433
0.057251856,0.051866975
0.06559611,0.049594916
0.054262154,0.05430862
0.036617756,0.04092643
0.0612393,0.04990756
0.055752486,0.052631557
0.050191063,0.03405687
0.03765414,0.055029154
0.045645285,0.045907576
0.049248338,0.05606706
0.06647268,0.045609575
0.049446106,0.056991365
0.028384224,0.03890871
0.10677968,0.026351703
0.03665916,0.0434519
0.04062857,0.05184942
0.040335547,0.05164443
0.051557403,0.040453706
0.034613997,0.03791779
0.057731736,0.05692522
0.045472544,0.03739868
0.04289326,0.031829465
0.17183483,0.041095115
0.0388334,0.037326243
0.0468978,0.032663327
0.047644775,0.037919153
0.040797833,0.034526933
0.053770255,0.06555882
0.060241003,0.07736581
0.05126962,0.04556791
0.056507092,0.050537273
0.038493007,0.07774865
0.088299684,0.0443357
0.04189156,0.037148483
0.036602635,0.04486215
0.046100717,0.04850295
0.04824996,0.049778137
0.045443464,0.05660704
0.061932065,0.039394338
0.054169573,0.101239584
0.033990763,0.045448188
0.0488244,0.03695606
0.039756797,0.04431115
0.060745668,0.05164395
0.036231127,0.06910256
0.057258084,0.054437913
0.036349807,0.03563716
0.037284758,0.033289608
0.034790885,0.025437694
0.04877072,0.049154084
0.04069159,0.037749518
0.094161905,0.04692618
0.047560614,0.07377675
0.024141753,0.034487456
0.029860687,0.055354547
0.045460884,0.03128276
0.047198165,0.052027814
0.05440511,0.049099483
0.054015115,0.060324043
0.047911122,0.049444087
0.046604834,0.038377613
0.040390596,0.03382488
0.04223052,0.0349667
0.07236316,0.05832124
0.053041317,0.41505682
0.04136622,0.057243727
0.048448917,0.0467651
0.051070414,0.17089076
0.048598647,0.03603925
0.07995829,0.04991314
0.043559868,0.0507885
0.060439937,0.033999532
0.062700905,0.047876146
0.043513797,0.05150814
0.04152164,0.06951922
0.050931897,0.086048745
0.058454033,0.14038923
0.045062006,0.037432957
0.049739312,0.037743855
0.029523054,0.02708013
0.065643504,0.055490706
0.049428977,0.04133209
0.07074489,0.06471795
0.054472066,0.042820964
0.075790286,0.035713457
0.04567589,0.038650095
0.039888825,0.043877624
0.0485308,0.041897666
0.058201153,0.052380484
0.036460236,0.04897482
0.041253306,0.040960725
0.038592342,0.03614233
0.11794392,0.07029978
0.038245868,0.039170906
0.04202105,0.030540027
0.054836277,0.037955854
0.04556696,0.054340377
0.031748157,0.043641746
0.049911037,0.044077173
0.052049756,0.0474819
0.048077375,0.037085377
0.026890451,0.045835704
0.04998607,0.033052024
0.03982133,0.0432593
0.05989605,0.04888415
0.03799515,0.05043056
0.040464226,0.047336012
0.0505476,0.04441415
0.03608546,0.048421573
0.046131697,0.032668345
0.0562823,0.059148733
0.25926527,0.058590584
0.036142487,0.06755843
0.03990671,0.043690752
0.061382744,0.036474835
0.045977708,0.06427644
0.053252105,0.65427434
0.042253174,0.047003757
0.052594,0.02709481
0.04858806,0.034906216
0.04375165,0.03211869
0.029975971,0.045427117
0.05786774,0.04763347
0.04144922,0.05208008
0.03863828,0.037240542
0.04592361,0.04432698
0.05440417,0.047417045
0.04351843,0.042556603
0.057902277,0.04560308
0.04476844,0.038558003
0.04584846,0.04426927
0.07615558,0.054938965
0.049240377,0.041274685
0.048735786,0.052122768
0.053440616,0.038544986
0.060176816,0.058820717
0.05280315,0.052056123
0.04571079,0.030723315
0.059856158,0.039799206
0.045233123,0.046396494
0.056565944,0.047340058
0.07159556,0.045788467
0.047519676,0.032329354
0.04641654,0.03732965
0.06113244,0.049055457
0.05308502,0.057627242
0.04110993,0.038075577
0.0505811,0.044958048
0.05239111,0.039784104
0.045473438,0.040560707
0.055788707,0.042569827
0.03983651,0.03774017
0.03766567,0.044978045
0.06267535,0.046126667
0.05314482,0.053237967
0.04249725,0.038861416
0.043630455,0.05664774
0.059265483,0.037975702
0.044355042,0.05816263
0.05952404,0.052892838
0.030408151,0.033199396
0.04263859,0.088236734
0.035940614,0.03425519
0.051237993,0.038471363
0.037741993,0.04780681
0.05350468,0.052975923
0.06779101,0.044518944
0.053536084,0.08223036
0.034886852,0.04552935
0.021715973,0.026957218
0.04621078,0.04263022
0.1146067,0.032475088
0.04178814,0.029507784
0.04165319,0.030408459
0.041585807,0.017337345
0.037748545,0.06013575
0.062660545,0.05760394
0.041892916,0.04660835
0.043626286,0.060728237
0.035123244,0.03579379
0.056506522,0.034466144
0.036340337,0.032827467
0.052091252,0.037511595
0.042041462,0.054296616
0.042257167,0.06456124
0.05520345,0.15395571
0.058495954,0.03932618
0.04369109,0.032647315
0.06833625,0.024617253
0.053061396,0.035921115
0.04627567,0.043459486
0.045153916,0.05280066
0.035772804,0.03876561
0.046181478,0.044315677
0.058932453,0.03949183
0.05141842,0.04262054
0.03890785,0.06576563
0.058506135,0.042854976
0.059330057,0.046636682
0.043801997,0.029652283
0.039370857,0.035887454
0.028651116,0.04769992
0.047444504,0.032265145
0.058309797,0.03589471
0.050540853,0.050775494
0.054986324,0.049366925
0.053267874,0.046231788
0.03355413,0.04404618
0.04680523,0.042274795
0.047982346,0.04276389
0.10642502,0.03519505
0.05627202,0.04534722
0.058403373,0.041812435
0.048406497,0.06239675
0.07114324,0.037139468
0.056829087,0.045563515
0.0399341,0.04361711
0.053838663,0.058280364
0.050283108,0.044599604
0.03962553,0.04038177
0.052158553,0.05563563
0.03518509,0.052171275
0.032298017,0.050654612
0.026812503,0.050109103
0.048025038,0.0461861
0.052256417,0.051688563
0.032962088,0.17856644
0.057379827,0.025748802
0.03667785,0.08109101
0.034950614,0.025975041
0.04209618,0.033706382
0.033119768,0.03498739
0.045865543,0.054914635
0.054091655,0.049546234
0.0433562,0.09138442
0.044835836,0.04789748
0.04611531,0.035133004
0.063073725,0.042759825
0.037921052,0.0414778
0.04855981,0.03568951
0.047315083,0.020897442
0.0342466,0.05106191
0.04607563,0.051621936
0.04615985,0.042798057
0.034631375,0.044735763
0.040986847,0.042056777
0.045259904,0.07696389
0.047938816,0.045805603
0.051028542,0.050626133
0.061310705,0.06511711
0.04933172,0.047540218
0.054697964,0.060896132
0.048044764,0.044954263
0.045750625,0.029744733
0.051576577,0.032184225
0.051459376,0.06637768
0.07963292,0.046844713
0.040197667,0.0432767
0.026140168,0.03609766
0.039226446,0.054014333
0.06266998,0.04523572
0.046721853,0.041728694
0.04722513,0.044971686
0.038344856,0.04429207
0.039090667,0.15296504
0.044844434,0.030837681
0.072431624,0.042462498
0.047198165,0.035769023
0.05273128,0.03665255
0.055981375,0.046287026
0.037733123,0.041691296
0.03309322,0.037013102
0.052438475,0.027257156
0.03978865,0.026576512
0.04773914,0.032441195
0.03847242,0.06426073
0.038279798,0.05141244
0.2733372,0.03990719
0.031500906,0.02851236
0.061692428,0.076006055
0.05068059,0.03684491
0.039800603,0.051550545
0.046610463,0.038492296
0.045521796,0.0428602
0.037825633,0.0653726
0.026993142,0.035382926
0.041959114,0.041665785
0.040358715,0.038094606
0.029796194,0.03698203
0.03507811,0.031607572
0.044933353,0.038583633
0.02946075,0.038897462
0.04049404,0.050246704
0.04779309,0.042734466
0.03139504,0.061231364
0.028900519,0.049434688
0.03934668,0.07937821
0.046289492,0.04684281
0.047849074,0.3090426
0.045758817,0.043330014
0.051391933,0.061427765
0.043819338,0.032329705
0.050195068,0.028226282
0.06298457,0.04911734
0.045023926,0.03257516
0.045552157,0.03584675
0.04940465,0.05046081
0.04376899,0.047717147
0.046428505,0.034698963
0.059918296,0.054203477
0.059390005,0.059964374
0.048992142,0.04746074
0.040834337,0.040375233
0.038504656,0.03425279
0.044235688,0.0561181
0.04703528,0.03940264
0.052898005,0.04702356
0.04214613,0.03421377
0.054634385,0.042226512
0.03945061,0.030064356
0.029372338,0.041478958
0.0409105,0.05290121
0.05104792,0.057361588
0.04734581,0.05182579
0.038874406,0.05884511
0.033368126,0.03805668
0.03946527,0.047839794
0.042048734,0.05252469
0.053718995,0.03563154
0.037070066,0.058599263
0.052099556,0.0410178
0.20448837,0.048737213
0.047783446,0.032208357
0.061068088,0.044266168
0.036454,0.040708628
0.12046049,0.041788895
0.101005696,0.045165204
0.052536815,0.05505534
0.067286156,0.04270439
0.05337464,0.069795646
0.04158652,0.027245319
0.044193983,0.054941434
0.1711459,0.033914883
0.03838117,0.024091424
0.03882363,0.0278943
0.035991095,0.05663924
0.03890306,0.068116225
0.040038515,0.045601465
0.053850558,0.036034945
0.039076958,0.045563187
0.05171832,0.037867162
0.050688732,0.035999034
0.04042171,0.056738194
0.03986099,0.042524733
0.053734187,0.04718796
0.05242015,0.087917395
0.04738203,0.03794849
0.06545934,0.07722517
0.054357443,0.06887923
0.030177388,0.022006782
0.027784828,0.03323379
0.043095976,0.05802682
0.041570354,0.076687746
0.04284774,0.04912674
0.040256087,0.037597805
0.039030656,0.036492128
0.04210172,0.04466011
0.05917501,0.0371577
0.07176032,0.05787534
0.026360447,0.037630025
0.04796007,0.035209913
0.047719155,0.04622982
0.054793373,0.047026183
0.043256983,0.028578222
0.045815166,0.059511043
0.0498607,0.052766886
0.05341434,0.057840407
0.046489518,0.051922936
0.055339716,0.043448184
0.05404307,0.041050807
0.046375725,0.027534906
0.050744027,0.047602825
0.059741877,0.05043513
0.04390627,0.0614035
0.04171317,0.033312265
0.03979246,0.028831359
0.0638165,0.052930675
0.078874715,0.033571467
0.037966195,0.023181558
0.06891167,0.051165435
0.03146161,0.043991312
0.04721305,0.040114827
0.054567073,0.06602627
0.042757705,0.04773155
0.0459014,0.04737044
0.04962644,0.042116955
0.05486407,0.042253833
0.051628,0.0276115
0.062494956,0.04624405
0.039150413,0.04312382
0.046752285,0.048373636
0.042253368,0.042276416
0.051649455,0.0276068
0.020354593,0.063149266
0.044031076,0.054819766
0.04410804,0.03922648
0.047548797,0.053276047
0.058630172,0.056972828
0.047128774,0.041723274
0.029091623,0.05557764
0.044699255,0.034447353
0.048849955,0.05111304
0.06965525,0.025803601
0.055808645,0.04493669
0.04427195,0.03746545
0.051108085,0.034493346
0.03629002,0.062665135
0.045198392,0.060463306
0.029419562,0.05899104
0.042882208,0.041996468
0.05192159,0.04610671
0.13334854,0.047588155
0.058203995,0.038331315
0.06764774,0.049769152
0.05334786,0.05330022
0.03605163,0.0700046
0.04903739,0.05285126
0.046290636,0.030207783
0.05388333,0.052115884
0.042173106,0.054298215
0.04916979,0.03881713
0.03746574,0.04829608
0.042857964,0.046417456
0.05178129,0.037192605
0.036731966,0.036130764
0.068397745,0.044722386
0.028418377,0.04942776
0.04705241,0.054405496
0.0258649,0.022585388
0.034455877,0.04760525
0.04927605,0.058670238
0.038168952,0.044651672
0.055482246,0.027702969
0.03614781,0.045455076
0.048953395,0.044923026
0.03679224,0.048789043
0.04845523,0.056581117
0.038713984,0.044919312
0.04976586,0.050965402
0.033843707,0.056765977
0.05334627,0.034746233
0.052017976,0.05725787
0.039060857,0.046279002
0.043403044,0.040453553
0.06254549,0.040547308
0.04755525,0.06648614
0.05763938,0.04433286
0.03952576,0.058710374
0.054848973,0.04781105
0.038808048,0.03334735
0.043355487,0.04894907
0.03438237,0.04573358
0.06209287,0.049838487
0.040369365,0.03421316
0.049479224,0.047923714
0.045847364,0.049282353
0.042011905,0.041430824
0.039746657,0.034767885
0.025496187,0.032472894
0.03030689,0.02014321
0.049844783,0.053936776
0.039138965,0.051682334
0.052593928,0.056548525
0.02674081,0.031982247
0.046376616,0.02855327
0.02254033,0.15521592
0.034871235,0.06714062
0.0590269,0.06241218
0.04086349,0.027357738
0.02824738,0.08015949
0.06041631,0.054947708
0.042151283,0.039642543
0.022892434,0.06504986
0.03614547,0.057173558
0.060185596,0.15958449
0.038644817,0.037578076
0.050204743,0.054331046
0.05137797,0.034214318
0.043645743,0.04181753
0.04928898,0.059879757
0.05363964,0.033575576
0.03689052,0.12246917
0.047655504,0.03139573
0.053331017,0.06430766
0.050439563,0.053681202
0.048041508,0.052209962
0.059524104,0.04640808
0.04897749,0.04332634
0.03773953,0.048059873
0.03700903,0.03994728
0.042178836,0.044501368
0.038141046,0.051043265
0.043674137,0.046402615
0.049749117,0.043450415
0.041509148,0.05991386
0.020806141,0.05787687
0.04664353,0.038247924
0.041088272,0.03665562
0.067935,0.030164206
0.054107968,0.04005911
0.04115983,0.04050068
0.05104131,0.04735138
0.074305296,0.045784008
0.050143477,0.07167632
0.13159297,0.041275907
0.042744197,0.049905617
0.043186214,0.03706482
0.043720957,0.0753041
0.03392476,0.058151484
0.04780905,0.06796765
0.058438517,0.039338704
0.043971695,0.033338625
0.042771343,0.051563792
0.05142572,0.060753044
0.043388393,0.04541138
0.03791056,0.03310668
0.04004627,0.026139442
0.059674624,0.030459182
0.05134774,0.083395116
0.052249826,0.04772388
0.04251391,0.027552612
0.060873922,0.049784258
0.06335779,0.03744545
0.03106621,0.14979248
0.065038025,0.03425114
0.057018425,0.048029706
0.046220638,0.06515926
0.04539419,0.04646183
0.046589494,0.03021033
0.043418724,0.033085532
0.046916142,0.08155794
0.039444596,0.05607224
0.058322553,0.042864047
0.03367856,0.03351648
0.055155344,0.039008647
0.037979733,0.16117387
0.040482488,0.036764555
0.039904196,0.04714276
0.054174002,0.04332053
0.04640937,0.06499639
0.07581835,0.05366271
0.046275597,0.042096734
0.038307175,0.03543058
0.051060375,0.045118183
0.050459467,0.04493291
0.0777079,0.1298578
0.05714871,0.045543406
0.045004122,0.059132557
0.024695821,0.046197098
0.066105075,0.034890458
0.043017227,0.06771818
0.052890725,0.02836301
0.040379878,0.040370688
0.07678349,0.058187988
0.04720283,0.03851001
0.07901461,0.027103607
0.113589056,0.06646345
0.048381623,0.036446057
0.032818336,0.05650767
0.03441037,0.014500984
0.06277071,0.055473916
0.0340686,0.03391522
0.046193767,0.033525474
0.061561193,0.026678352
0.040799383,0.03387063
0.042473067,0.05180472
0.043692503,0.06557945
0.058540005,0.066571325
0.059732467,0.06815866
0.05072413,0.06481063
0.06050303,0.047059674
0.27435195,0.044305667
0.029370239,0.03612235
0.050089277,0.035552904
0.053851765,0.04365001
0.041801788,0.03436194
0.036099758,0.042381667
0.04307811,0.036796052
0.05189545,0.034586914
0.064757444,0.028893733
0.9430979,0.06880207
0.035326526,0.043186422
0.046198625,0.03073173
0.03966616,0.04102112
0.036137357,0.04794249
0.06152777,0.028579053
0.039471094,0.043270756
0.03857189,0.040515088
0.045825154,0.050120227
0.049457442,0.043003246
0.042136926,0.04445824
0.05597316,0.042562768
0.067092456,0.062839106
0.049224205,0.04135353
0.04595075,0.06139406
0.03665072,0.042677198
0.042251885,0.047286633
0.055355433,0.035661653
0.046690147,0.048893023
0.040907856,0.057110343
0.05748111,0.062275387
0.053489745,0.05642185
0.035296682,0.03518259
0.06639665,0.046983473
0.030593922,0.057298418
0.037173558,0.042683426
0.0460805,0.042667646
0.05690889,0.06789449
0.04738056,0.04876773
0.049035665,0.0325052
0.040549275,0.033170205
0.03799605,0.03377341
0.031291578,0.035611965
0.057944097,0.04297179
0.049347196,0.040098302
0.060654383,0.03581616
0.07065464,0.040544532
0.06579715,0.04165396
0.054659277,0.035827048
0.055573147,0.046187937
0.05245839,0.040779427
0.050837845,0.032453097
0.03432612,0.052372463
0.032004524,0.034585677
0.052620616,0.05856711
0.044884436,0.044830456
0.052228317,0.049546912
0.0428687,0.036252562
0.063082464,0.043660894
0.017997697,0.045135345
0.059610132,0.045118317
0.054867174,0.061637565
0.059094902,0.034899298
0.061442185,0.0658935
0.04914392,0.051072296
0.04706998,0.33672157
0.05238744,0.041154616
0.03866669,0.039509926
0.027959364,0.051667053
0.060569122,0.055107474
0.031532876,0.04656319
0.044033896,0.030532792
0.048823632,0.05038704
0.046661366,0.042699233
0.053534493,0.038786877
0.051303722,0.057455212
0.05383335,0.04069584
0.052745797,0.04693527
0.032370113,0.037006542
0.041404754,0.031395312
0.045739166,0.04715004
0.029799266,0.04346261
0.065999374,0.05618899
0.038658272,0.046111565
0.03728002,0.039344147
0.04508854,0.045208354
0.03213806,0.048062626
0.05133021,0.024280712
0.4709566,0.03804304
0.05765404,0.32935116
0.040170554,0.058966648
0.05385727,0.08756525
0.049597215,0.03810327
0.08167693,0.042846713
0.03647484,0.017802611
0.043055475,0.031857464
0.049072433,0.044975337
0.038270984,0.050424132
0.12234416,0.07858123
0.053044796,0.04919179
0.046713673,0.7318032
0.052259274,0.051413096
0.062268745,0.0591592
0.0525493,0.043448992
0.061568636,0.039972853
0.036225285,0.035160054
0.01990713,0.052553914
0.062006213,0.041186135
0.035227366,0.05328258
0.04256075,0.06702802
0.057932332,0.04036708
0.073169075,0.05409215
0.049602244,0.037494194
0.0499652,0.042768307
0.04338512,0.037567705
0.05213908,0.08446988
0.05570428,0.041093823
0.03699171,0.04236153
0.059009623,0.03571339
0.04503848,0.054365736
0.05278128,0.040658176
0.033754624,0.041187294
0.046418708,0.044883158
0.037581563,0.43687344
0.033505626,0.030306783
0.053986143,0.093486026
0.049958963,0.044249665
0.045205116,0.028299073
0.045136474,0.039497424
0.03634631,0.043846015
0.042833403,0.029229749
0.039347004,0.06479662
0.039362714,0.0357762
0.05405952,0.057799183
0.095514506,0.0360478
0.08784144,0.07145306
0.06650734,0.05114506
0.040695984,0.03990944
0.0477606,0.04569071
0.042878993,0.027421819
0.053231847,0.033570714
0.060657203,0.05759664
0.055872183,0.059212886
0.05183561,0.06042573
0.053090855,0.04241382
0.039470118,0.03702157
0.04814367,0.052065212
0.057122022,0.059370928
0.041712966,0.0430159
0.0420074,0.04637234
0.03932703,0.04608835
0.03914149,0.061136715
0.052987218,0.051638726
0.055183068,0.0691911
0.041373946,0.06735326
0.04012129,0.044359222
0.071674384,0.050248586
0.05325306,0.053059533
0.040632445,0.039623417
0.043937605,0.05999522
0.0493502,0.031142514
0.05070322,0.048313633
0.056619383,0.05116939
0.044460002,0.043251455
0.050777845,0.050615463
0.06943832,0.045075342
0.041920733,0.056933526
0.049176097,0.041264236
0.03658395,0.028392322
0.038230263,0.05652649
0.06031434,0.050106
0.039514452,0.026505897
0.04396547,0.21717268
0.04935816,0.055616524
0.04264245,0.07052626
0.06387163,0.045174647
0.03920647,0.04045091
0.032875244,0.063128956
0.052124742,0.03625168
0.029545413,0.034119688
0.050489545,0.030658962
0.05069521,0.049539853
0.04129114,0.05881427
0.05488898,0.051812068
0.04478864,0.043153636
0.059618346,0.067296036
0.04411215,0.03861594
0.04377194,0.08142812
0.034861412,0.046299156
0.06836828,0.04444038
0.0556882,0.04552288
0.04415271,0.051033102
0.05355147,0.039781917
0.050123125,0.03683411
0.06499347,0.05651744
0.04374606,0.05429981
0.03888573,0.043767586
0.023742022,0.037198685
0.035796583,0.03177333
0.02672547,0.04355503
0.047738444,0.062503636
0.039203368,0.04046186
0.047189355,0.054032758
0.04047191,0.023837337
0.047018915,0.04947773
0.04634931,0.03710211
0.065873675,0.024587514
0.046393316,0.05743143
0.06309145,0.03851588
0.18639676,0.03403444
0.06675783,0.03057132
0.04553058,0.052498415
0.03981358,0.032346003
0.07255568,0.050065953
0.09912359,0.033830497
0.06499982,0.044858895
0.040225167,0.029881254
0.036932297,0.039489925
0.046062123,0.04456898
0.04266612,0.07547967
0.04078442,0.028203953
0.03761247,0.051152363
0.04184107,0.035922963
0.040746555,0.039266996
0.054226488,0.043291673
0.0569572,0.07180232
0.03630599,0.055947382
0.8883592,0.9602338
0.04223058,0.06644008
0.043079965,0.042365532
0.030292878,0.03758388
0.040162865,0.035179432
0.05515269,0.059389353
0.04636607,0.03810292
0.06364351,0.05724777
0.07063026,0.07587398
0.04007003,0.054663673
0.03505059,0.040416308
0.043815736,0.08356496
0.050542507,0.059166282
0.12461573,0.051292587
0.06347429,0.054617792
0.045737494,0.043203626
0.0520738,0.036643457
0.06821613,0.028583128
0.018691985,0.05943937
0.039383005,0.03858336
0.039664682,0.041194614
0.036606338,0.056824822
0.058402948,0.0417118
0.05407185,0.025401955
0.043754734,0.030557329
0.049479354,0.03175358
0.03383673,0.051949166
0.04743115,0.036094654
0.046710152,0.043662664
0.070554264,0.046562098
0.04242204,0.06473045
0.055395465,0.037891928
0.045980394,0.03712233
0.042642705,0.07273976
0.069064714,0.04980076
0.03887247,0.04809526
0.05349095,0.043174837
0.06067081,0.1328886
0.8654976,0.0617278
0.037567306,0.03964049
0.044474117,0.05869472
0.05496136,0.09852042
0.044422667,0.038587183
0.035320483,0.050988115
0.043765835,0.033575237
0.038231753,0.032176584
0.047280394,0.030305952
0.040696044,0.036528423
0.047831714,0.038304526
0.03854077,0.05529052
0.05205433,0.0504183
0.039860338,0.039057896
0.042056978,0.05452522
0.03582615,0.026544357
0.061736885,0.03280988
0.060770776,0.04455877
0.04507976,0.035827253
0.060053814,0.040054344
0.05896975,0.05760029
0.04705822,0.04728495
0.06426193,0.06563661
0.051363103,0.05356362
0.04869575,0.039475344
0.046179235,0.043202467
0.034489725,0.026051668
0.04855624,0.049132053
0.044949505,0.060309812
0.05480323,0.042407785
0.04361363,0.044860184
0.039738778,0.033914816
0.044197634,0.0478643
0.049467452,0.035948277
0.0388466,0.04027357
0.0513995,0.07227832
0.03714263,0.062898524
0.056046396,0.052911963
0.037031084,0.03679742
0.04816332,0.049313657
0.043801744,0.03936356
0.0432733,0.040122237
0.05601719,0.070083685
0.05105084,0.0365894
0.04802077,0.053561546
0.04182227,0.027096055
0.039728444,0.045489784
0.050539456,0.032669645
0.046875104,0.04931923
0.064446844,0.052188672
0.04025363,0.140549
0.050177325,0.06782926
0.03767675,0.03488834
0.038838375,0.0446739
0.04669404,0.04293181
0.048971497,0.06136466
0.040206704,0.045373496
0.04819069,0.1310235
0.039033376,0.03229884
0.047092605,0.04184671
0.046939213,0.036671545
0.06242523,0.05585564
0.04584724,0.053622838
0.048000347,0.058314465
0.053964756,0.0296324
0.048347946,0.045673292
0.03803309,0.031929698
0.06640387,0.053246975
0.042539585,0.037814483
0.043436196,0.051931504
0.042001672,0.036790174
0.03999196,0.044427793
0.066298574,0.07147822
0.045322955,0.06178599
0.050869625,0.04020766
0.024001086,0.05257151
0.04735239,0.051372986
0.04768417,0.058719117
0.051866196,0.04636729
0.046721987,0.030635748
0.04504861,0.035480004
0.038862377,0.036107715
0.042525493,0.03180566
0.049691886,0.057202127
0.03712116,0.03899237
0.052402083,0.037243407
0.057211865,0.060787626
0.056029804,0.033890806
0.049308408,0.068934515
0.039693296,0.020281032
0.05888372,0.0479205
0.073077545,0.062481802
0.03275862,0.03285372
0.05419272,0.037842255
0.114489436,0.09591457
0.045979492,0.037661962
0.042167313,0.052524295
0.039276347,0.034640163
0.047823407,0.041197415
0.058344923,0.034097195
0.044783004,0.048802223
0.032620702,0.035970233
0.038784817,0.035424963
0.048404906,0.031351946
0.037376232,0.03051584
0.051386986,0.037934367
0.05173794,0.030776573
0.049982183,0.04105721
0.06485796,0.041853707
0.05502788,0.037770066
0.051602546,0.036289003
0.048332505,0.04379174
0.038284652,0.04690786
0.043224778,0.07124734
0.043737393,0.046651106
0.046479095,0.05334298
0.044493232,0.08381161
0.05439784,0.05205284
0.038885854,0.030689554
0.04933083,0.028934479
0.028836848,0.043280438
0.04928841,0.038802408
0.04262791,0.03811056
0.044173185,0.03902493
0.09771451,0.042005625
0.04884817,0.031359244
0.062444597,0.041406583
0.06435453,0.05076122
0.041628975,0.067513816
0.045966886,0.037179556
0.0416148,0.02920848
0.04153105,0.05528359
0.052835785,0.025817614
0.033519965,0.024800364
0.04249931,0.03621933
0.046907514,0.8715251
0.052876405,0.03808751
0.05089295,0.045984846
0.038864903,0.034262527
0.048511855,0.050558064
0.056250013,0.058521338
0.042491786,0.032676313
0.042105004,0.04870333
0.041639663,0.031816326
0.04101812,0.027139675
0.51359934,0.061002586
0.03189645,0.03865698
0.044971757,0.052792307
0.040196694,0.043506876
0.035362676,0.03304364
0.035666756,0.0378789
0.06361607,0.05368262
0.04491919,0.032350123
0.05044001,0.06314636
0.0391336,0.030908842
0.04982817,0.06923914
0.037364043,0.04945478
0.046651836,0.039197125
0.05930797,0.052567773
0.046801202,0.063598685
0.046183717,0.04657869
0.05126238,0.042778797
0.07960991,0.061205853
0.04479717,0.111857384
0.038052786,0.02813654
0.05956308,0.03138575
0.06330314,0.04512188
0.036203846,0.0368721
0.07244838,0.05827127
0.043922767,0.060293525
0.044265084,0.045896254
0.05501411,0.06786083
0.039464045,0.037397314
0.049640253,0.046386637
0.032134593,0.027373718
0.02752411,0.06044479
0.047012586,0.04222968
0.03430769,0.038251463
0.055108476,0.049087502
0.043923154,0.039212447
0.047320835,0.03509685
0.038261726,0.024133274
0.03085596,0.0695021
0.0352048,0.050670985
0.05558016,0.044326235
0.035435423,0.071673
0.027045598,0.037031617
0.055133097,0.04409523
0.036799513,0.043581698
0.061088067,0.040184952
0.04484494,0.07674436
0.054931607,0.041860286
0.039134767,0.03720968
0.044790566,0.033991575
0.04153897,0.059018474
0.038128156,0.03566987
0.07305651,0.055767156
0.053437196,0.04422125
0.038598426,0.033912063
0.04440002,0.04565432
0.04427176,0.0503386
0.057436228,0.050489996
0.058987718,0.053294014
0.0400555,0.03830643
0.027948849,0.05409075
0.036080074,0.054667868
0.042455878,0.03513143
0.04807724,0.03658154
0.046195045,0.0339404
0.05758286,0.07084223
0.051958717,0.050539352
0.025758354,0.04158071
0.047663547,0.045233358
0.05435232,0.061550304
0.04320916,0.043981303
0.049445152,0.03684825
0.04681399,0.0414543
0.14646411,0.07306329
0.048281986,0.06845018
0.04401092,0.08166861
0.0766832,0.049238615
0.07516092,0.06248357
0.041271996,0.04312911
0.045671925,0.036447424
0.059319835,0.050531022
0.05481625,0.02164624
0.049113218,0.04111684
0.029714046,0.054304946
0.043564033,0.036597114
0.049921352,0.034030046
0.042343788,0.039570805
0.030100271,0.035557076
0.037848305,0.06013927
0.04552282,0.04114727
0.04801292,0.039791185
0.056188725,0.061680846
0.07362575,0.037719637
0.040139623,0.053697705
0.047713153,0.04303494
0.05369679,0.042513955
0.055230867,0.055008147
0.046212576,0.0588245
0.052572053,0.050184384
0.04008152,0.032514885
0.0327363,0.037108667
0.09630168,0.045816664
0.045796663,0.03971693
0.03900473,0.04080118
0.03874329,0.048304755
0.05572744,0.05650568
0.04342559,0.044046376
0.037010655,0.034691006
0.13291052,0.038359623
0.046668585,0.023814734
0.04092991,0.031134732
0.04905287,0.043672346
0.02182422,0.06688906
0.04967177,0.050454166
0.04259124,0.050597213
0.03340411,0.048055083
0.03774815,0.03345259
0.04299588,0.03271768
0.045815744,0.03138485
0.03748513,0.041417774
0.049652603,0.05424184
0.038509697,0.03682543
0.05090114,0.038066506
0.05026371,0.031928115
0.053576525,0.06089633
0.0497614,0.03666902
0.046314567,0.045878503
0.06328629,0.02794112
0.039949667,0.038546417
0.053388827,0.05974493
0.045718033,0.06375441
0.06431178,0.07363414
0.061482098,0.04849731
0.04694433,0.045272794
0.041401792,0.046049286
0.046835333,0.05141338
0.036969017,0.04179093
0.039666872,0.053273093
0.03797008,0.077935494
0.041425183,0.04583496
0.022141898,0.034757063
0.042530064,0.39418697
0.037755925,0.03955806
0.04564054,0.037027035
0.038731195,0.04369143
0.052762844,0.054189857
0.04231367,0.048691288
0.055351578,0.048141144
0.051660378,0.07143839
0.054485716,0.04504791
0.050048046,0.03474679
0.043434713,0.06240123
0.052157853,0.03656205
0.04997245,0.033929978
0.053388827,0.056741387
0.054967422,0.041139662
0.056424588,0.036750607
0.06787612,0.05598826
0.043798335,0.044947095
0.047048382,0.051117323
0.13557686,0.045965545
0.01795247,0.029827787
0.040968474,0.02908772
0.048329704,0.049653344
0.041924983,0.034972865
0.04424513,0.039796215
0.04487764,0.04301354
0.070148386,0.038436458
0.048889916,0.04501265
0.052624926,0.055523142
0.050978724,0.042101827
0.037955053,0.029807229
0.049651973,0.053811807
0.043657243,0.056624264
0.04911334,0.040472396
0.035958026,0.060900636
0.06925044,0.05027005
0.04085265,0.028149404
0.042633954,0.043020777
0.050847944,0.060561035
0.037456542,0.043713026
0.049243502,0.044840444
0.04342367,0.0445003
0.05160718,0.057072002
0.0524634,0.04780412
0.048368808,0.04345509
0.052118335,0.08222085
0.037320614,0.11501246
0.058932453,0.055486113
0.067327596,0.047664575
0.028679611,0.034537423
0.047202263,0.062302385
0.05519189,0.050115943
0.059113927,0.054171912
0.040438674,0.061441295
0.03935314,0.06472328
0.04788482,0.048935167
0.04648901,0.044910744
0.072362795,0.04467755
0.015340859,0.038698412
0.050529983,0.026094653
0.050204936,0.05459486
0.048904773,0.05142348
0.16432393,0.05432831
0.048389025,0.03446436
0.053224746,0.050107617
0.060199387,0.051581543
0.04213436,0.03459287
0.04281996,0.051250335
0.054821495,0.032675143
0.044890847,0.03703025
0.040829826,0.04472339
0.056617316,0.03261419
0.044036664,0.032771617
0.062663995,0.048043586
0.052369684,0.036524665
0.049255345,0.040426973
0.11799091,0.033157438
0.040889096,0.041156035
0.039959997,0.053084277
0.033709653,0.09879637
0.036025062,0.029589
0.056998957,0.054011863
0.05845454,0.05575404
0.046951998,0.062275324
0.10376405,0.034164947
0.02655141,0.04002033
0.04487597,0.047552526
0.04022446,0.06517148
0.03151941,0.032441404
0.029942153,0.034782693
0.037836067,0.047801957
0.043516435,0.03932489
0.03925269,0.035177037
0.05851104,0.19911046
0.03786729,0.024053391
0.047662206,0.055488978
0.048634484,0.044529896
0.04219145,0.056099672
0.041861806,0.04004075
0.060320664,0.09532499
0.041610092,0.043333467
0.045338653,0.058654785
0.06786247,0.06515458
0.042735964,0.027419262
0.03674955,0.033221703
0.039079614,0.049927697
0.051112212,0.043821666
0.059477113,0.06167396
0.048079412,0.026020737
0.036196902,0.053493083
0.06438679,0.031628907
0.046255257,0.05448961
0.03572556,0.0656374
0.059115995,0.03410405
0.053055577,0.055242803
0.051220458,0.037138037
0.06020395,0.033173986
0.059644002,0.04299024
0.05146991,0.041540183
0.033882342,0.027988357
0.051119078,0.023368506
0.05562553,0.02691996
0.048953783,0.04452043
0.055340465,0.054120194
0.07826157,0.06632773
0.05446258,0.051441908
0.043749206,0.04030839
0.04666085,0.060259514
0.03880617,0.045177486
0.044617034,0.049129583
0.05018992,0.06951183
0.048534367,0.065641664
0.03197825,0.049184185
0.039949667,0.06305737
0.05182083,0.055827748
0.05517542,0.026351277
0.037587456,0.036713436
0.043669634,0.04132942
0.040428866,0.027018914
0.049462795,0.05141552
0.040554505,0.0405155
0.044742603,0.03936015
0.059257634,0.055311702
0.07379408,0.068339124
0.04841894,0.053593393
0.05573022,0.044701967
0.047937285,0.041020792
0.05068517,0.04810206
0.03695714,0.052950587
0.04799122,0.055093877
0.0598246,0.057612572
0.037278987,0.032757048
0.0868865,0.046324927
0.042646628,0.03663929
0.04503931,0.0347535
0.058073528,0.05015223
0.063085444,0.05267663
0.058150917,0.065741844
0.044485535,0.049427368
0.03784125,0.041214596
0.048704553,0.04168559
0.053266678,0.04302248
0.056778423,0.069160625
0.04380354,0.059277173
0.045651756,0.052484773
0.05364565,0.046354745
0.0466393,0.06927053
0.044125818,0.047272425
0.04774898,0.03678601
0.06395922,0.036689863
0.05472994,0.04455241
0.06486684,0.047731813
0.04632787,0.052266754
0.058090948,0.053695954
0.05934243,0.045245774
0.030714512,0.049824588
0.043410175,0.057963498
0.033959743,0.0714985
0.027236572,0.044255413
0.050523564,0.034219258
0.048560835,0.04407066
0.057608027,0.05428868
0.05723762,0.065833606
0.037164737,0.026325779
0.826842,0.8551824
0.056973077,0.0577954
0.054278277,0.03338511
0.065666385,0.051256213
0.045894425,0.046682935
0.054586723,0.051042676
0.043296695,0.0446332
0.047741443,0.04075748
0.06518279,0.058796976
0.032883793,0.04429349
0.04148685,0.041243996
0.040189594,0.04516776
0.04938586,0.047304425
0.036675647,0.052948315
0.036434073,0.040633976
0.05882247,0.038851064
0.04946101,0.047711354
0.041777764,0.027718598
0.040431768,0.0290081
0.048271593,0.038684916
0.039732512,0.054925237
0.045807034,0.04899572
0.043482,0.04954643
0.08979607,0.046817213
0.049879473,0.03145513
0.048398975,0.03815135
0.031868674,0.041430604
0.059725247,0.051237065
0.050399944,0.056515582
0.039765913,0.037619032
0.03364383,0.050880875
0.29435068,0.037370484
0.05106882,0.07366811
0.058561318,0.054013677
0.048598588,0.05247942
0.037074275,0.036032476
0.036901746,0.040089123
0.0375301,0.038540285
0.033735782,0.058228143
0.029941697,0.04082837
0.052774508,0.03767029
0.0486378,0.05182894
0.063148685,0.054791305
0.056725938,0.05183069
0.10153194,0.05894258
0.058080383,0.04428868
0.05860699,0.053911813
0.03527262,0.048936438
0.024011998,0.05592961
0.046916205,0.046173096
0.035624318,0.04843355
0.046816606,0.05878185
0.03721214,0.04857605
0.05753479,0.033761412
0.04788495,0.043719716
0.052206565,0.034752265
0.03537106,0.056015015
0.16093177,0.033004284
0.051755138,0.03597536
0.057669315,0.057977572
0.04492675,0.055881213
0.049763255,0.034480263
0.03774757,0.04863671
0.034918867,0.041354973
0.06371498,0.040135704
0.042267077,0.049552422
0.067642026,0.05730672
0.034424372,0.050866142
0.040888447,0.024905857
0.059040084,0.03740407
0.054995533,0.05242464
0.063567355,0.03640572
0.042875778,0.029338475
0.043470632,0.027082687
0.06245839,0.053649835
0.044775944,0.045540694
0.04883421,0.050391193
0.060421765,0.050535396
0.048387688,0.021310423
0.05493023,0.035304543
0.048889026,0.027853763
0.046304327,0.032320283
0.05020659,0.062345993
0.059191782,0.05448421
0.049581427,0.036680497
0.04540944,0.1646572
0.028583815,0.043162707
0.028134113,0.04305079
0.046710476,0.047152594
0.1348484,0.05248176
0.04022678,0.010722515
0.039516848,0.035924263
0.036922444,0.060020182
0.040264737,0.046102382
0.03193996,0.05153896
0.04785597,0.05885228
0.05568927,0.026603246
0.045374084,0.043485627
0.06752186,0.045429084
0.04144432,0.04831147
0.052931964,0.044076562
0.043656666,0.03383503
0.0308538,0.056596942
0.046662007,0.04388324
0.058458008,0.05032815
0.050647095,0.048277564
0.04146804,0.039879233
0.06419614,0.07591344
0.04608984,0.04930961
0.051456325,0.041305527
0.049939483,0.04592937
0.040271904,0.029198676
0.046535768,0.06067645
0.040157054,0.043695692
0.052610092,0.04423506
0.04740356,0.052772984
0.05692621,0.068456545
0.033583656,0.0379478
0.027227294,0.042824067
0.038860504,0.050720934
0.05509288,0.07128914
0.058900412,0.0839114
0.042311035,0.04328951
0.047853798,0.05328258
0.042645086,0.03149959
0.03639545,0.03241323
0.04907218,0.14412087
0.9504984,0.07927363
0.042698152,0.042965494
0.07883001,0.055838
0.053899463,0.03835171
0.057583243,0.042258512
0.040382527,0.033223562
0.08923673,0.026092019
0.052404426,0.056894965
0.030772444,0.03833302
0.07258566,0.03608823
0.055303354,0.044116806
0.048514724,0.093134664
0.039054975,0.030441126
0.044100273,0.033520743
0.042148646,0.046385366
0.045272455,0.04951749
0.06285514,0.05760652
0.043353055,0.040900134
0.044651665,0.059817962
0.04779398,0.05200237
0.043009255,0.04912171
0.043167517,0.048888195
0.035984665,0.041723054
0.044559825,0.028353818
0.04796518,0.033225615
0.03860088,0.04016482
0.071908385,0.046623938
0.040284876,0.049636558
0.033002213,0.0328173
0.035090856,0.03516615
0.05713285,0.03867449
0.040649276,0.04770355
0.056057245,0.06932026
0.0524627,0.0542908
0.05289921,0.053040165
0.04168424,0.051616035
0.06501321,0.067519255
0.034765564,0.060838208
0.04976662,0.056011602
0.05238953,0.3003904
0.053729888,0.05152917
0.043230377,0.04929243
0.050406303,0.02974445
0.06431216,0.05149334
0.04314977,0.043662313
0.04081441,0.041257918
0.035717435,0.03907936
0.048312802,0.044570882
0.053275988,0.0552061
0.04759018,0.060382865
0.03687113,0.04076876
0.18240546,0.37839484
0.046715975,0.041669566
0.05100306,0.04648415
0.009257331,0.026098195
0.057461783,0.09696422
0.0505694,0.050280325
0.034277216,0.029957192
0.044559825,0.036463752
0.050718036,0.040939193
0.04346382,0.048056636
0.060193934,0.038537357
0.0333813,0.03703039
0.060244635,0.03353893
0.11663649,0.056822702
0.03762167,0.046157774
0.053212333,0.04872174
0.044890724,0.04531664
0.035783004,0.04786968
0.040602114,0.031737622
0.05065243,0.033024754
0.047107562,0.050703775
0.0457316,0.030418033
0.05899287,0.03880691
0.044684187,0.032985605
0.053833216,0.04676226
0.05687393,0.054392558
0.05991272,0.06858079
0.06221626,0.04550242
0.03818967,0.04557567
0.056776784,0.07205245
0.050726738,0.05757618
0.03704153,0.035623737
0.056569617,0.0355095
0.044673983,0.031767547
0.04661392,0.06942909
0.023370368,0.0538731
0.06172208,0.05078288
0.043593775,0.052441232
0.036218073,0.042017233
0.0537857,0.040456157
0.04037917,0.042194292
0.046890184,0.085914314
0.05395058,0.05424044
0.072543554,0.030817285
0.05535101,0.060669303
0.059621166,0.03990046
0.0478951,0.030870054
0.047586154,0.04814088
0.04926796,0.051524032
0.047816392,0.035743292
0.051234625,0.051846012
0.048714623,0.066671506
0.057235043,0.0753349
0.040448032,0.07803045
0.047819067,0.06188101
0.04427689,0.03476234
0.034677647,0.04940903
0.03701896,0.04402609
0.051812127,0.041901555
0.049089894,0.046370655
0.03939231,0.037724476
0.04714347,0.034554835
0.056830972,0.03293079
0.05609156,0.4010133
0.045440067,0.056585487
0.031636115,0.03722381
0.053626984,0.0405985
0.04094346,0.043517366
0.15983598,0.08013553
0.0393046,0.04726624
0.04167703,0.027616275
0.036762457,0.0433724
0.042489342,0.044224765
0.060281422,0.057301607
0.04224082,0.064594865
0.04656403,0.056781802
0.03631183,0.050850842
0.20010775,0.06931418
0.05525182,0.055705097
0.04343645,0.045295022
0.048808075,0.04488613
0.048524868,0.033662118
0.028068788,0.035554893
0.052991204,0.043222055
0.049197506,0.038439114
0.048086498,0.037343107
0.03699016,0.054901846
0.04689728,0.04920314
0.058667753,0.05008453
0.04782124,0.030636087
0.054616183,0.039865002
0.041818853,0.0548665
0.04830891,0.044562902
0.033826113,0.047781847
0.05715759,0.04687833
0.042243782,0.043996036
0.047234014,0.07165906
0.03980977,0.07699882
0.043485984,0.064942285
0.033592593,0.042139884
0.04471849,0.06398712
0.06723542,0.05044774
0.03629644,0.036803976
0.03580886,0.035200667
0.041681603,0.026557932
0.04830329,0.029456086
0.051631175,0.040821988
0.042785488,0.06240604
0.054105192,0.04552111
0.0310403,0.054363593
0.03587806,0.027131641
0.057083488,0.044281512
0.042780347,0.028223855
0.04084227,0.0284351
0.050971232,0.043194685
0.04537306,0.03596326
0.034487646,0.05807456
0.041251622,0.04637166
0.054573078,0.02472611
0.04372718,0.026017131
0.049137555,0.060084447
0.043179795,0.046487186
0.05747677,0.05125521
0.05764516,0.05379266
0.04695513,0.060123704
0.042994916,0.03935512
0.06496583,0.051437076
0.04844349,0.043116845
0.042369593,0.039266318
0.05735685,0.05709917
0.052467965,0.04283445
0.04496778,0.021873957
0.063591614,0.05785866
0.044555068,0.09302025
0.03546845,0.04676401
0.044155084,0.034116868
0.050865233,0.046077356
0.05125819,0.059634916
0.05115694,0.053981107
0.06876908,0.051049843
0.04072456,0.045220856
0.03280417,0.035923444
0.04686238,0.03388237
0.022220455,0.04744203
0.038958427,0.05920858
0.037853427,0.04579041
0.04961421,0.0442527
0.043089293,0.035899915
0.043178447,0.031410318
0.054919094,0.06502552
0.053581536,0.043229092
0.059334762,0.06038221
0.061127067,0.04265571
0.073316775,0.019080462
0.054753635,0.055821758
0.044473287,0.035468362
0.5680696,0.0362938
0.03845055,0.043090638
0.0492593,0.051316917
0.049879026,0.03293807
0.056559455,0.1032463
0.051274385,0.060062412
0.03264355,0.055062488
0.046223395,0.03744087
0.06720116,0.02990284
0.04828671,0.0627367
0.04106487,0.034920055
0.048199106,0.044815592
0.05202184,0.049922056
0.050050084,0.04327963
0.046286672,0.043727584
0.044997267,0.04678862
0.04714718,0.053838387
0.0549512,0.06788966
0.04256577,0.036079265
0.032729518,0.031131564
0.042652804,0.037231527
0.07053609,0.04915531
0.039141744,0.033206873
0.050023485,0.066707574
0.043710936,0.05443258
0.063295774,0.06097852
0.0366332,0.041964445
0.043068204,0.035903126
0.047750186,0.07269375
0.064861625,0.037695404
0.057746463,0.053190053
0.049161445,0.028670598
0.038383167,0.043549545
0.06799511,0.048471145
0.1743357,0.24275641
0.05088875,0.033199735
0.03787558,0.07309322
0.039817516,0.037201613
0.034884904,0.035134643
0.056651853,0.049854074
0.052485082,0.034423847
0.043915518,0.045900624
0.12658058,0.22517073
0.045197237,0.0465946
0.02552825,0.037422914
0.052384265,0.010317917
0.033198103,0.030812128
0.04247461,0.04212502
0.046935763,0.044614293
0.05985985,0.05647521
0.078716785,0.03692348
0.05157086,0.035651453
0.04656774,0.053014897
0.029378118,0.03766667
0.046090282,0.06049804
0.065808326,0.04796074
0.029766696,0.092017606
0.052451983,0.057713058
0.055347785,0.0336136
0.05479578,0.04516249
0.027806854,0.06158421
0.051234685,0.05957603
0.0669656,0.02843427
0.041860458,0.04333935
0.050380923,0.066202566
0.06814434,0.0516161
0.061047424,0.044924732
0.11882488,0.047690082
0.03231513,0.046509113
0.04750198,0.052589305
0.049121756,0.061432704
0.04893262,0.01818664
0.06375215,0.042514086
0.049850702,0.049181517
0.04829825,0.047513615
0.047448013,0.04805926
0.05457402,0.062104233
0.04491213,0.05431216
0.053037576,0.044224374
0.06365042,0.073097244
0.058961395,0.16001797
0.035361957,0.04692301
0.04754669,0.030829133
0.04408474,0.04186293
0.06738286,0.070796505
0.05159264,0.040633716
0.044769153,0.05292018
0.036678437,0.033085946
0.054380834,0.026163848
0.054496273,0.030697685
0.05624774,0.044894457
0.05015684,0.036740642
0.04321051,0.04310723
0.042206194,0.043212436
0.06056525,0.04694181
0.058887552,0.046683874
0.057048727,0.054492343
0.03305186,0.047606997
0.044961493,0.044267785
0.04570535,0.050135594
0.04747382,0.05411392
0.039495908,0.04503075
0.05179582,0.028863274
0.049123216,0.065195344
0.051161706,0.039687727
0.045497075,0.041769747
0.041264124,0.055592284
0.11302178,0.035216626
0.038477086,0.05041259
0.032952566,0.03809515
0.052232504,0.0392495
0.029114723,0.031545702
0.060452327,0.04402961
0.04255934,0.042886015
0.038862318,0.028394738
0.047427062,0.039193586
0.0586019,0.034991916
0.045208067,0.043731783
0.0397621,0.05662853
0.036957793,0.031801604
0.044415932,0.037237536
0.0516864,0.04360856
0.052253626,0.049786136
0.05183269,0.15433106
0.041094337,0.05266734
0.028895002,0.03144598
0.037670534,0.037498426
0.048577283,0.05493389
0.06198808,0.045877345
0.050059877,0.044381823
0.045472413,0.05143172
0.093096666,0.048260756
0.038733646,0.06943119
0.038365047,0.056425262
0.042758416,0.031514388
0.044278562,0.036555834
0.076584436,0.0765508
0.11077728,0.06165289
0.05166653,0.062930174
0.9359065,0.938381
0.05398583,0.051689766
0.043102466,0.02365642
0.055883907,0.06130612
0.056835253,0.061733026
0.030290129,0.041015897
0.04946726,0.04541118
0.04063644,0.03121915
0.071541004,0.22177207
0.03854963,0.035999786
0.043946914,0.04316312
0.036979653,0.13514711
0.04374581,0.03855958
0.040575538,0.03902466
0.053183455,0.06326684
0.044550132,0.050160427
0.033171687,0.05078859
0.93809825,0.08269707
0.04134521,0.033344395
0.05750188,0.03647053
0.057735186,0.06097369
0.04577771,0.04336759
0.04292291,0.06167582
0.046432022,0.05849233
0.07650863,0.045796074
0.043626286,0.02751484
0.07205534,0.053764004
0.04370175,0.028871492
0.034733035,0.03773628
0.0494293,0.8059157
0.04893842,0.043688588
0.042842396,0.034898754
0.045457933,0.03554325
0.045168143,0.03879259
0.05388333,0.038062822
0.06237242,0.069717586
0.059392642,0.052596934
0.044355556,0.07238768
0.043774,0.06474149
0.05174651,0.03139656
0.026671795,0.04480571
0.040833566,0.05350764
0.039681546,0.04365989
0.044903673,0.036875106
0.050970215,0.06384832
0.052981958,0.06851386
0.06689391,0.059484944
0.041927304,0.040027153
0.057405137,0.032411303
0.046687204,0.05463233
0.05306457,0.08459991
0.053469606,0.03567787
0.056417532,0.034695048
0.05401764,0.0683407
0.04885104,0.035259217
0.054968257,0.054668155
0.042701233,0.05632906
0.038516432,0.044060867
0.050308295,0.03630733
0.065482356,0.050692778
0.043772,0.0441739
0.064066745,0.046049833
0.064012334,0.06114915
0.044869944,0.059028223
0.053643625,0.038368005
0.037431326,0.045091823
0.048920956,0.037155107
0.03932994,0.040538345
0.050010625,0.20306182
0.051852234,0.03565987
0.04222196,0.03967575
0.05562831,0.053463902
0.03644667,0.047259223
0.057973728,0.043087643
0.028727798,0.04037646
0.051748984,0.06998219
0.051548894,0.061130438
0.044771716,0.049033076
0.039108515,0.04602898
0.06238185,0.04709714
0.050991755,0.05509681
0.043103755,0.04123204
0.04674257,0.04333408
0.05844927,0.052916117
0.035452005,0.04410511
0.048168615,0.0465412
0.041804746,0.030457258
0.039711256,0.030491304
0.101150095,0.03810654
0.05442534,0.046023514
0.05868986,0.19902033
0.041429505,0.036129672
0.04126368,0.035937194
0.05623527,0.04612256
0.04898686,0.043027904
0.044341635,0.049083874
0.034828614,0.03457642
0.022006849,0.017068347
0.045210175,0.04243815
0.038813412,0.022403182
0.03609333,0.03240608
0.038385052,0.041680038
0.037526663,0.044425845
0.050660186,0.04047443
0.04846026,0.04000844
0.036218073,0.03029878
0.08452565,0.04773964
0.040016945,0.042852398
0.07351076,0.042322274
0.044858854,0.03413107
0.033572514,0.029783085
0.03497331,0.04262196
0.034558274,0.03603789
0.038049873,0.034742747
0.041999027,0.053914677
0.05473322,0.05574737
0.038231436,0.032110646
0.04290117,0.03828447
0.038961664,0.057302263
0.037087962,0.04417945
0.051311985,0.031758532
0.054497734,0.20835614
0.07939426,0.041431412
0.035060283,0.062805206
0.02392545,0.077536464
0.04124628,0.049160205
0.05159334,0.02417415
0.051230244,0.05431476
0.043547273,0.045426987
0.05064004,0.03146607
0.042825807,0.056908935
0.039754666,0.034867298
0.04378196,0.034057688
0.05569609,0.033192728
0.042128824,0.014352135
0.03977082,0.023972873
0.05388188,0.056862265
0.03766438,0.041954737
0.061559875,0.05082249
0.06422834,0.03739629
0.060768586,0.061885577
0.05417887,0.038013365
0.046516705,0.04629708
0.068467185,0.07281041
0.03701688,0.05719675
0.04966916,0.03891756
0.045730323,0.0485127
0.03403994,0.030933773
0.042289667,0.032051638
0.04503938,0.029892074
0.048257932,0.034180447
0.055084847,0.047903273
0.047471844,0.042495374
0.046487674,0.059956748
0.050038118,0.06445407
0.047947496,0.050858427
0.0520738,0.042647317
0.04444916,0.04121995
0.055723466,0.05140748
0.05550245,0.03985119
0.040256087,0.04668617
0.06273668,0.05409136
0.044820126,0.032805827
0.05853629,0.05725809
0.05235129,0.031108491
0.042349454,0.031557538
0.062268257,0.050580796
0.05889828,0.060857926
0.045691323,0.051574655
0.048714813,0.038289584
0.04325358,0.040553495
0.054399494,0.047073618
0.041791867,0.04559377
0.047841866,0.048416283
0.03648068,0.029364357
0.039418615,0.05970692
0.0560698,0.043346997
0.038828876,0.029100224
0.068478644,0.060528815
0.05328713,0.047193754
0.053871628,0.038113162
0.05981225,0.06435378
0.035868637,0.052256
0.05260223,0.06428613
0.033287387,0.030146556
0.038936313,0.041636318
0.05347138,0.034849975
0.049613513,0.055232618
0.037368324,0.056195308
0.05847886,0.047094166
0.040770352,0.040537186
0.047928736,0.044707302
0.031965118,0.043844793
0.03919341,0.053868555
0.036464263,0.04149002
0.026947856,0.027467012
0.05654441,0.060388286
0.043516953,0.02897378
0.03924125,0.11112668
0.03703426,0.034921695
0.03789061,0.031849485
0.03091087,0.04377889
0.03832563,0.024864674
0.044675656,0.04202259
0.044184096,0.03515471
0.05943852,0.07732513
0.04058999,0.044910613
0.07059876,0.0450798
0.069136605,0.030936187
0.34455064,0.09605847
0.042892948,0.033744667
0.047415443,0.03396989
0.031836256,0.046620023
0.06024652,0.05864403
0.043428034,0.039776955
0.047252286,0.04286337
0.10704094,0.11217771
0.045657963,0.036446605
0.031822525,0.058951456
0.043759227,0.033388607
0.056975655,0.046458203
0.045853253,0.04881842
0.05054696,0.04047397
0.037073947,0.043005276
0.0559774,0.04183613
0.051361583,0.040073667
0.04202968,0.058726415
0.08913135,0.046532568
0.050867718,0.046480652
0.048451144,0.051735822
0.04040944,0.037453298
0.24361297,0.049260583
0.044484764,0.042779956
0.04489328,0.057266787
0.11436546,0.04308386
0.035998173,0.02964345
0.031420544,0.061283913
0.047657613,0.035060816
0.037657384,0.061973386
0.04388445,0.042914737
0.05926672,0.051923525
0.037994884,0.05833888
0.10285943,0.047613338
0.053526208,0.04461475
0.05447434,0.043839853
0.047084168,0.050485097
0.04613278,0.05356769
0.038732033,0.037145335
0.05824561,0.038685057
0.042945605,0.03493129
0.0411336,0.048391514
0.03556797,0.050075877
0.04663841,0.022473285
0.041763984,0.04958674
0.059018243,0.0390737
0.054679256,0.022254258
0.042912293,0.032463744
0.054665282,0.03715197
0.057099223,0.065774366
0.044675972,0.043999773
0.044370506,0.052652694
0.04062625,0.05347632
0.054881454,0.046217952
0.04388688,0.06436733
0.07080599,0.04993891
0.05109779,0.04717784
0.04632775,0.03858125
0.046554063,0.038199365
0.047040332,0.063848704
0.048232924,0.032609105
0.04544314,0.024068408
0.054354846,0.028915351
0.05000433,0.03811091
0.023802528,0.04012707
0.054010175,0.4254357
0.045752287,0.04871927
0.23425896,0.047854878
0.05979292,0.052982938
0.043744966,0.05323495
0.06217813,0.06710337
0.03945009,0.054206207
0.061794624,0.046220444
0.035444457,0.029367471
0.03229978,0.047604047
0.039093576,0.029709825
0.030996524,0.038853176
0.049807932,0.054289404
0.041954864,0.06432154
0.03647133,0.044513676
0.03811262,0.06773232
0.038880814,0.050261874
0.036074355,0.04064893
0.041960787,0.047945593
0.056949716,0.038252972
0.038239855,0.058676533
0.04766815,0.08073121
0.055520315,0.11717903
0.05388618,0.04905008
0.0485417,0.038484927
0.034308337,0.046572153
0.053359512,0.06826025
0.05373653,0.055848513
0.0423064,0.067217186
0.8774723,0.028242458
0.037512477,0.04068421
0.051767703,0.033197265
0.04907645,0.05304585
0.056490824,0.06250786
0.06749022,0.048962057
0.04478358,0.052809075
0.04566155,0.096258305
0.04728659,0.03567397
0.04579519,0.034547567
0.056130152,0.042133566
0.3253621,0.029819436
0.06583394,0.06335391
0.049267005,0.03649513
0.04740298,0.06426479
0.07590852,0.064842194
0.03218686,0.07799714
0.039180085,0.09698123
0.049678195,0.065175936
0.07086326,0.041030236
0.039264586,0.038101565
0.030460801,0.046325058
0.04546921,0.07080826
0.072519906,0.041577388
0.04639133,0.03659213
0.05416812,0.053179756
0.064496815,0.06825875
0.04225877,0.041091923
0.046701077,0.055534337
0.060975995,0.06637059
0.05153392,0.051008027
0.043855164,0.032863196
0.05172289,0.07621504
0.09258922,0.063553676
0.049034458,0.04201852
0.05030728,0.046042882
0.04477608,0.036110315
0.044383533,0.04565541
0.051662914,0.047805257
0.032382526,0.22117443
0.04415913,0.059540465
0.040280867,0.027352547
0.041061968,0.03930077
0.041162927,0.037800297
0.058540955,0.044634707
0.035778716,0.05494196
0.052233964,0.034134913
0.054887902,0.043522395
0.036866266,0.035273798
0.048907004,0.04427137
0.053113468,0.0445765
0.043285195,0.045321364
0.03225145,0.029831853
0.041170083,0.037754096
0.062225748,0.03143138
0.047324922,0.05143159
0.03780523,0.04288757
0.05444747,0.03501081
0.040006623,0.06005957
0.05069674,0.045743436
0.048309546,0.06767257
0.056454014,0.07229616
0.036989704,0.028115315
0.07949615,0.048159372
0.08186518,0.05767627
0.048072707,0.03292969
0.052052736,0.03825508
0.045760226,0.03922389
0.04768832,0.059100818
0.037918396,0.040850643
0.04330351,0.041933578
0.052320343,0.048901834
0.051805273,0.05508194
0.04147963,0.041801244
0.051529538,0.044361733
0.044778835,0.041233394
0.056638934,0.13562919
0.06326795,0.042435177
0.04603576,0.03773779
0.05140038,0.025904033
0.043122716,0.04106108
0.0199866,0.059324935
0.04085253,0.035638187
0.07623052,0.06760888
0.037531074,0.03742394
0.038196404,0.035257775
0.038707253,0.061392944
0.038575124,0.043369427
0.048679173,0.039721828
0.046661753,0.060395893
0.046411417,0.04480077
0.05720444,0.050776433
0.050722864,0.041639227
0.06472731,0.061333008
0.04407408,0.050451696
0.05136438,0.045098577
0.08499316,0.05272564
0.036820006,0.04131401
0.059534587,0.05510986
0.04816759,0.037247024
0.04816511,0.028028743
0.036296703,0.051699996
0.044833016,0.044964254
0.03915927,0.036140885
0.0406985,0.045218296
0.0539714,0.054883968
0.034421504,0.022870483
0.04703356,0.04888072
0.04864647,0.08094807
0.025863916,0.027444104
0.04356076,0.042551793
0.04810309,0.03677309
0.07097631,0.047577117
0.053785577,0.04321906
0.049424842,0.05383251
0.05995888,0.042961165
0.03784954,0.038620234
0.042564806,0.057402924
0.059115425,0.04098158
0.041762117,0.04256738
0.051766496,0.051586308
0.05507254,0.05260749
0.0502805,0.04187576
0.05320031,0.05159153
0.04372134,0.04731883
0.044263545,0.046796907
0.029874843,0.04204084
0.04872763,0.04696299
0.051021174,0.038014315
0.084410295,0.035190668
0.06528497,0.040973905
0.038284067,0.08393599
0.050725155,0.05087893
0.095617935,0.043246776
0.0320743,0.039996944
0.056112185,0.03818286
0.045835517,0.041575484
0.055029463,0.04831739
0.055273235,0.038292866
0.049681634,0.052433733
0.046817124,0.033630006
0.044702653,0.07726862
0.037002094,0.057023212
0.03605799,0.035702165
0.039456874,0.051120076
0.03728728,0.0433376
0.13144073,0.06816702
0.07740629,0.0527473
0.06855851,0.0709087
0.04239765,0.039406512
0.0058427467,0.060586896
0.04172927,0.07217075
0.042788967,0.051161084
0.046125554,0.06994197
0.07595385,0.03803608
0.055951156,0.06278695
0.14241317,0.06149192
0.051638413,0.031437993
0.04986789,0.044849034
0.05598843,0.039091274
0.05201525,0.043621022
0.042192675,0.038593173
0.05186353,0.054871637
0.056240115,0.03661434
0.058282826,0.036166538
0.04791393,0.042850036
0.07796206,0.04874023
0.04714807,0.036556587
0.051499754,0.029900763
0.030618604,0.06551119
0.047364853,0.03917873
0.0809276,0.046999168
0.0452756,0.043221638
0.11955788,0.039579175
0.046661235,0.04409888
0.022438949,0.049039394
0.04856491,0.051483307
0.053015217,0.06249188
0.0641469,0.03567377
0.034608074,0.023522569
0.057515524,0.064415246
0.032592237,0.03715053
0.058368005,0.025521873
0.043170344,0.015178643
0.03890216,0.055130668
0.07152985,0.0635681
0.05136203,0.053286668
0.050267402,0.041370384
0.047431413,0.033992253
0.049026053,0.056011822
0.04759146,0.04208867
0.038907077,0.049936898
0.04532475,0.05322988
0.04225202,0.037490226
0.033460572,0.033773553
0.020261403,0.04995032
0.049322363,0.047084264
0.060243133,0.05261103
0.051987078,0.045588568
0.054565743,0.05876375
0.0488351,0.03439464
0.044789735,0.037439372
0.036285862,0.06124227
0.06443807,0.048332475
0.041654874,0.04920045
0.050721273,0.03463721
0.04509072,0.046128504
0.04651044,0.040902644
0.039444078,0.04525935
0.058102,0.052813556
0.034306064,0.05054814
0.029415626,0.03331893
0.03685588,0.049786072
0.04078751,0.024130214
0.035626,0.05169169
0.06550817,0.038590856
0.067524396,0.054945108
0.049494,0.06101957
0.042591758,0.04022196
0.035610598,0.025389878
0.04123467,0.061422277
0.048204605,0.03345437
0.052818425,0.053736154
0.058407348,0.044835526
0.05950145,0.05319493
0.037404433,0.036737494
0.031761684,0.034333766
0.041170925,0.03826081
0.050262757,0.05764969
0.045747742,0.048431057
0.041281406,0.038066637
0.05332259,0.04996361
0.045245554,0.042528667
0.11235843,0.04328645
0.057887554,0.04630834
0.047764495,0.05404771
0.049541373,0.04280787
0.07051091,0.053810343
0.04735022,0.07642961
0.044684116,0.03739772
0.046610788,0.03338668
0.03566422,0.033630695
0.04425096,0.03439381
0.05031523,0.03884262
0.0476032,0.048008524
0.025763953,0.04563495
0.048324086,0.038431615
0.054831095,0.13827078
0.061536916,0.037484698
0.060788866,0.019396445
0.04469669,0.059182525
0.03017601,0.02255989
0.053846378,0.04843215
0.039914012,0.053087074
0.032766063,0.034733694
0.04097177,0.051955592
0.03287048,0.029950568
0.05617619,0.03441781
0.06813168,0.05021088
0.04662518,0.035094652
0.048117254,0.03701215
0.040570498,0.03849857
0.064293645,0.038931735
0.053174593,0.045189116
0.04754618,0.056977745
0.044881426,0.03911158
0.045750298,0.042827193
0.041232284,0.036063734
0.045353893,0.057221998
0.04853902,0.040430997
0.08376355,0.021597331
0.041322585,0.03562319
0.043007836,0.056831684
0.058306653,0.040142108
0.043547273,0.05828666
0.028806578,0.03788804
0.05308908,0.04218491
0.058472265,0.048780166
0.041355845,0.03807564
0.034787174,0.046915054
0.05087864,0.06847513
0.043381773,0.04099585
0.07454988,0.061963353
0.047994282,0.037386123
0.041192576,0.030366478
0.12177439,0.036590897
0.03889232,0.040844675
0.04845638,0.051692497
0.038950022,0.038971934
0.048479844,0.018748239
0.057771873,0.035058357
0.049683224,0.03807175
0.03972941,0.028643176
0.04053327,0.037466675
0.05313621,0.05157317
0.04142248,0.031787988
0.063447274,0.055447403
0.046851702,0.040151354
0.067010425,0.059589952
0.044866875,0.053051513
0.05677502,0.051422145
0.0464129,0.024612881
0.07905235,0.06763043
0.04618513,0.042205416
0.043358,0.03699555
0.051675923,0.03160977
0.03595985,0.030438023
0.044193402,0.042756982
0.046446472,0.051091332
0.04532898,0.03201663
0.040826734,0.02867357
0.062138118,0.04346978
0.04531168,0.07925416
0.059775297,0.059232756
0.053037517,0.099242814
0.046218976,0.036033504
0.049323376,0.03900177
0.06826247,0.055084195
0.03174639,0.038320407
0.041384835,0.03902472
0.036626518,0.026878329
0.049874634,0.042135883
0.038159754,0.034147736
0.027166886,0.0353096
0.060509987,0.056253277
0.05364919,0.061103072
0.04948757,0.05457005
0.050673723,0.048578605
0.055280495,0.05187561
0.050682496,0.053232744
0.05007515,0.035154853
0.046192165,0.033726413
0.05700646,0.055671327
0.052903388,0.051731996
0.061347008,0.054544367
0.048377983,0.06011721
0.042324286,0.064613484
0.042480398,0.04726119
0.054982774,0.03524278
0.03643966,0.038546693
0.038492225,0.056210674
0.042931076,0.032034174
0.066417456,0.048250392
0.05776281,0.049316343
0.055158995,0.05178542
0.06432549,0.057277802
0.033266265,0.050239533
0.04838787,0.05880712
0.046002347,0.046887096
0.05370698,0.02880704
0.054157615,0.852857
0.04726129,0.040979348
0.048898272,0.043496188
0.057741433,0.06205221
0.036238335,0.04020583
0.056290757,0.057656202
0.055899683,0.053594004
0.050610032,0.062024493
0.028002085,0.044215497
0.0526338,0.038640138
0.05071917,0.052484907
0.033023547,0.025147004
0.03979892,0.041735407
0.033655755,0.031680442
0.0432841,0.06410933
0.05585162,0.029714448
0.036321964,0.05596262
0.032587927,0.04668407
0.047236376,0.021695554
0.04137427,0.03655625
0.05470257,0.05569797
0.040227167,0.043008797
0.04434979,0.05134813
0.031248279,0.044355854
0.038367055,0.04856416
0.053724382,0.043216087
0.050310455,0.05064705
0.05141365,0.044540998
0.044988293,0.07422842
0.04581471,0.030070847
0.059118893,0.06344727
0.053677868,0.04036885
0.042332206,0.04556122
0.042081628,0.038222827
0.057686187,0.048761938
0.0539411,0.05871341
0.037170444,0.03154144
0.03632021,0.051541496
0.045252025,0.046520784
0.03646984,0.035313647
0.051808506,0.060021427
0.04133219,0.03478879
0.04657849,0.0556708
0.079904824,0.053033344
0.036720283,0.045382086
0.04273282,0.061324876
0.054879546,0.03949019
0.043047447,0.035739534
0.053741276,0.049960725
0.022600412,0.04098722
0.046601,0.068862684
0.050713394,0.038044054
0.052422374,0.05904346
0.05209067,0.031271677
0.043767836,0.040483218
0.04436172,0.03525017
0.053289097,0.029821929
0.036531694,0.0455149
0.05244159,0.046968367
0.03840499,0.044419356
0.04821589,0.0654351
0.10741242,0.05031473
0.051883455,0.05496749
0.05097117,0.05209479
0.05165244,0.048717454
0.03912552,0.033121448
0.040595148,0.0333562
0.04275153,0.041022085
0.054178365,0.03646759
0.05596219,0.030430721
0.049593017,0.03216029
0.04278124,0.048119284
0.04887845,0.052914564
0.03370014,0.04383397
0.062277,0.050096687
0.040775128,0.028917974
0.08561217,0.042893734
0.04045513,0.03350365
0.051129114,0.06487527
0.04125871,0.064900905
0.047039885,0.050168667
0.057922274,0.034345414
0.05163822,0.057819817
0.069194205,0.12025646
0.03997885,0.057798047
0.059391387,0.09809542
0.038619712,0.038173582
0.04238948,0.13277759
0.04036911,0.03828965
0.059202064,0.1189188
0.031655595,0.096378446
0.0383457,0.031158274
0.06420429,0.044145353
0.035596624,0.13095824
0.042751916,0.035534564
0.059909273,0.06489455
0.05872981,0.039361175
0.04715088,0.03263831
0.050372597,0.055644155
0.03524726,0.027561748
0.041593473,0.044184852
0.048776966,0.058635484
0.044449873,0.03626569
0.070983954,0.043087054
0.016021276,0.04370835
0.04307367,0.052627143
0.044976693,0.042870846
0.049464386,0.051059026
0.03862126,0.029908359
0.0505811,0.044958048
0.04764139,0.03545529
0.044880137,0.0372051
0.038198218,0.118290514
0.039064355,0.042575993
0.041919384,0.09404911
0.050108045,0.044474725
0.04188139,0.083492145
0.054799378,0.053554986
0.04251302,0.08074852
0.04148324,0.034672916
0.03548997,0.060902234
0.036527414,0.057136398
0.042408846,0.05465528
0.082633734,0.07586438
0.03758992,0.033636935
0.056354053,0.07873499
0.03709795,0.040437445
0.05694783,0.057801895
0.045400985,0.32284215
0.051228147,0.046364054
0.056684423,0.028710948
0.04121179,0.050097145
0.06200029,0.04379681
0.047267426,0.13047284
0.040702756,0.1466854
0.068383746,0.042411175
0.047824685,0.028108254
0.048056625,0.052112605
0.058440465,0.03427878
0.046445966,0.054494943
0.039522536,0.037049443
0.03916878,0.050967153
0.06371792,0.026263459
0.05644432,0.027031932
0.03940724,0.04320227
0.043030217,0.037500534
0.053436812,0.0505627
0.046880916,0.054622732
0.04283243,0.03699473
0.035963554,0.068621494
0.031459775,0.031587202
0.045090012,0.047871906
0.07013468,0.05223919
0.038086135,0.055451598
0.042853724,0.059727248
0.042494748,0.039320115
0.04827363,0.070081584
0.06081744,0.036857344
0.03882551,0.04518763
0.06016629,0.048385877
0.057894796,0.041993078
0.03908349,0.046599455
0.04643471,0.04282326
0.040917408,0.0504016
0.03917097,0.036753625
0.031611595,0.050875846
0.091159336,0.07014427
0.050118092,0.03448492
0.040557344,0.037935253
0.036416743,0.055987515
0.046934813,0.040590696
0.050748803,0.0404087
0.048420146,0.04498845
0.017274052,0.033984166
0.03987274,0.04641888
0.046412766,0.03392249
0.05454665,0.026520105
0.05115122,0.03981637
0.04485283,0.035579383
0.04546268,0.0706556
0.042650614,0.0642444
0.045161735,0.04659023
0.046521574,0.044586487
0.04485725,0.0198323
0.030611405,0.032340635
0.06883445,0.04114672
0.030376058,0.06646738
0.042303115,0.02487169
0.062443525,0.028527148
0.049263436,0.056806285
0.048568044,0.04920952
0.03269786,0.032753408
0.042678602,0.05117984
0.049300957,0.044493392
0.050694063,0.044077307
0.091599815,0.03862078
0.059713077,0.056734193
0.053266678,0.048604026
0.05088093,0.042276546
0.058732323,0.069948286
0.044693485,0.03397661
0.04491867,0.05053426
0.050089844,0.05970692
0.034315698,0.027124232
0.05046671,0.07860899
0.060668115,0.040120885
0.044513,0.051731996
0.0460634,0.020851636
0.05034041,0.050729174
0.06020703,0.040176865
0.05435447,0.05533588
0.057568014,0.04535297
0.04142409,0.031374667
0.04699546,0.033205777
0.040669598,0.045980453
0.069600835,0.058683246
0.04706768,0.041016445
0.05965353,0.8170087
0.10633961,0.050413597
0.060636718,0.04248711
0.05310999,0.05571063
0.045783408,0.049690526
0.042940393,0.03293711
0.04236348,0.051737636
0.039463792,0.034829963
0.03843385,0.0491674
0.036351178,0.051710837
0.041965615,0.034523096
0.0637771,0.044518877
0.04090109,0.042890083
0.037107617,0.0351908
0.06690385,0.066579916
0.023617407,0.044140544
0.043638483,0.018383063
0.046117865,0.074000865
0.048229165,0.02470166
0.040930815,0.026240584
0.04505162,0.039015323
0.04933745,0.04422951
0.04798822,0.035774704
0.042975884,0.049266156
0.04967757,0.031627662
0.05281525,0.04441367
0.055341236,0.065685034
0.043259937,0.04658315
0.093021646,0.05403195
0.041429818,0.037535083
0.048103657,0.047782503
0.052219506,0.0539058
0.04069863,0.04577699
0.043989085,0.039595854
0.054789897,0.030451674
0.047190245,0.042918257
0.044680078,0.055388253
0.06067876,0.051306535
0.07030899,0.051781006
0.04190541,0.03815061
0.03376948,0.04936946
0.06644976,0.09125976
0.04714794,0.04989762
0.048416637,0.03827575
0.043200098,0.03681164
0.052946728,0.07343286
0.053155784,0.11984291
0.047759514,0.028036557
0.059541423,0.39049804
0.062080562,0.05725815
0.03099326,0.037785485
0.057077117,0.037035923
0.2603134,0.039741915
0.04173404,0.044518135
0.054878045,0.05602979
0.045957863,0.031388022
0.041764826,0.05785123
0.052616306,0.032170396
0.054414604,0.039295185
0.09365639,0.04420002
0.06679831,0.060025275
0.024473282,0.037093434
0.04851013,0.07888551
0.041652877,0.059670284
0.043293744,0.0594562
0.038213234,0.034623373
0.04253264,0.041325483
0.03843172,0.032027222
0.05504374,0.03640914
0.03965803,0.04090691
0.048126563,0.06522794
0.03903609,0.049234178
0.049310073,0.048842944
0.0473697,0.05484604
0.046613343,0.04935665
0.043329276,0.04026841
0.025458585,0.042738404
0.09054822,0.060184125
0.04241625,0.04527043
0.04231007,0.035962157
0.047115736,0.048175044
0.036833238,0.027851203
0.052834455,0.0460565
0.052373234,0.055497043
0.04759305,0.035289273
0.037915222,0.027870921
0.040525597,0.04068552
0.039154287,0.057047803
0.06693569,0.05754269
0.05552208,0.061131753
0.0512451,0.03657812
0.029768398,0.05320282
0.042179607,0.045023646
0.056611516,0.04908206
0.044179533,0.01641
0.05089809,0.046915054
0.027866945,0.060352962
0.05666899,0.05244416
0.047638267,0.036799125
0.52143234,0.9060745
0.057365976,0.06262258
0.041162215,0.037104975
0.03784358,0.041856088
0.053018514,0.07688911
0.04625909,0.062037565
0.041373823,0.028344275
0.056638367,0.039190512
0.07657448,0.06314747
0.049568053,0.04774333
0.04784454,0.045640897
0.038771104,0.034699157
0.035970956,0.041884854
0.084322765,0.044862542
0.03710067,0.028920325
0.056371514,0.03441568
0.048379898,0.031375084
0.051363103,0.029335918
0.04386441,0.044283547
0.044571232,0.022705339
0.038114235,0.043171383
0.046016555,0.032671645
0.043045122,0.044098005
0.035105295,0.032629445
0.045778096,0.042202093
0.04821219,0.04567471
0.037034776,0.04517154
0.034346435,0.03563154
0.05037056,0.05700273
0.04193149,0.11349724
0.029121872,0.027043156
0.038195174,0.033800244
0.048527736,0.03787958
0.04890815,0.04716667
0.043471463,0.04018821
0.028829424,0.0309388
0.046064436,0.04452598
0.04428325,0.057950947
0.0626701,0.0692151
0.0609433,0.05175156
0.06982534,0.04900693
0.055544995,0.063396335
0.05861409,0.04245002
0.052608002,0.061808962
0.03873307,0.05650959
0.037600223,0.040629912
0.046851896,0.042526502
0.019164078,0.056114253
0.046352636,0.055276114
0.04978903,0.052594855
0.029904604,0.035280783
0.05633797,0.05762591
0.05083378,0.035596564
0.04499021,0.048527915
0.050174527,0.042679295
0.057586145,0.04174723
0.044828463,0.053657964
0.052545942,0.044026025
0.034375608,0.03890195
0.041856464,0.042531792
0.046206623,0.06564286
0.047331054,0.052609894
0.0342696,0.052965235
0.060592934,0.03768838
0.042847995,0.0713341
0.07466502,0.048446797
0.054665223,0.04012401
0.047055412,0.052047007
0.058622506,0.05243146
0.04729541,0.06619264
0.038861923,0.032253735
0.043680616,0.051586833
0.044732474,0.052528296
0.050990608,0.08060126
0.036432642,0.03650641
0.035203494,0.03129027
0.042671654,0.062044494
0.05358255,0.040709436
0.041206438,0.044985477
0.04987292,0.046434246
0.057186756,0.04095421
0.052508473,0.03962007
0.11687688,0.033182774
0.048012342,0.09179423
0.08121735,0.042118922
0.040849883,0.05747401
0.06743794,0.042275473
0.059489463,0.039777238
0.06420958,0.04934395
0.044273805,0.05022174
0.024258934,0.04903644
0.042010233,0.05062961
0.054627873,0.024312265
0.059513494,0.02416839
0.05050003,0.060052074
0.04506117,0.043936033
0.043779008,0.036203664
0.048825994,0.036219195
0.04551911,0.055865433
0.0531535,0.060970586
0.060698435,0.057343666
0.032152623,0.042679034
0.04127753,0.0427685
0.058880575,0.046269145
0.031418383,0.04253837
0.060070604,0.05111304
0.041476343,0.031811103
0.060624328,0.0525556
0.054212697,0.07307103
0.04194372,0.03931582
0.042275574,0.05265182
0.039353404,0.029810682
0.042615112,0.04721275
0.05903104,0.040001906
0.06397236,0.50197625
0.042049374,0.0477568
0.045041237,0.039086234
0.06308695,0.050547525
0.047749992,0.05011627
0.041573316,0.034671266
0.049596578,0.08075084
0.052999124,0.055566773
0.040225808,0.043107424
0.04365486,0.04353492
0.047464106,0.055783592
0.04650679,0.042533692
0.033732012,0.062471967
0.067418106,0.043340705
0.058782723,0.04265984
0.053538103,0.10890448
0.04339013,0.04097738
0.048239112,0.032706957
0.07423861,0.05144499
0.048774928,0.048386205
0.039353464,0.043233573
0.03105908,0.052135207
0.05184925,0.04511729
0.04887921,0.051669743
0.048280586,0.042458083
0.03865219,0.041602787
0.048326388,0.039442405
0.02758626,0.042131882
0.04895149,0.07194161
0.04919126,0.031223686
0.049086206,0.04697477
0.042009845,0.04874292
0.039404783,0.051342644
0.056164835,0.080480054
0.04150515,0.04247483
0.04284182,0.02578536
0.033087805,0.039350137
0.06645362,0.0506876
0.0511605,0.03387839
0.0373363,0.038617995
0.043578364,0.0437795
0.044399697,0.07161944
0.048387747,0.073652916
0.029171407,0.034783993
0.04425456,0.03671029
0.04074772,0.044176195
0.05100866,0.048394203
0.038312934,0.03222265
0.02352803,0.030815909
0.025286384,0.05597121
0.03817316,0.034652084
0.049474508,0.03598008
0.048744142,0.030938866
0.05480247,0.040340565
0.046428952,0.044013828
0.047383502,0.041341115
0.047288768,0.053755324
0.05315844,0.02816689
0.04189073,0.049351342
0.04316347,0.057808474
0.042040236,0.03963096
0.048806675,0.03584709
0.040828213,0.042921733
0.049785655,0.04792876
0.048745032,0.058665738
0.06062889,0.032214332
0.045606855,0.030887006
0.09800442,0.06428468
0.05162305,0.045053374
0.028674359,0.06447643
0.04681776,0.044420645
0.04310202,0.034749117
0.06477539,0.052659646
0.05263684,0.065074444
0.049081743,0.0605345
0.049608108,0.047698565
0.04194868,0.044587776
0.068355314,0.05689536
0.03607325,0.05479417
0.028267285,0.05611071
0.055756908,0.09320927
0.041460432,0.024449868
0.058266234,0.07789169
0.05476848,0.041986827
0.044076648,0.06282092
0.049988866,0.05988061
0.04896513,0.03864648
0.042698536,0.046402287
0.04073753,0.03834386
0.062096056,0.027249537
0.048466448,0.035397716
0.034355227,0.04657565
0.047400687,0.020603418
0.046984855,0.095465526
0.051637642,0.039427496
0.043690383,0.050926123
0.04876441,0.056036435
0.04583213,0.03742735
0.042162873,0.03327362
0.055390276,0.19158542
0.0422824,0.042853206
0.048923694,0.045410633
0.0430738,0.07204769
0.041711558,0.05432136
0.06614665,0.046493527
0.045993578,0.04194652
0.0458149,0.045913108
0.037760854,0.04541929
0.060780734,0.057413876
0.07039871,0.0367049
0.058148608,0.058461748
0.059994612,0.050114784
0.040248208,0.03982358
0.032380242,0.050101366
0.060325492,0.041638482
0.041446187,0.04527747
0.036685828,0.052465845
0.040128905,0.040412504
0.042772308,0.047593206
0.05991767,0.059821878
0.0507406,0.04104709
0.022084817,0.05249754
0.0422824,0.025021272
0.044820514,0.032033417
0.05106571,0.042668037
0.03493083,0.037587292
0.04420386,0.02798815
0.045002714,0.017045112
0.0433499,0.042840876
0.051937837,0.055302434
0.053193837,0.05035296
0.04255361,0.050482277
0.05349607,0.051183533
0.045089435,0.04304281
0.0497847,0.05021431
0.04328564,0.036110733
0.04144078,0.022977997
0.036740333,0.044151712
0.05058663,0.0295957
0.047317445,0.049223967
0.049782086,0.048871513
0.039799567,0.036961734
0.04464859,0.049638372
0.039151125,0.06161623
0.07000801,0.04915894
0.07159643,0.042024557
0.047594775,0.04755353
0.051884092,0.040180884
0.04583654,0.04463226
0.046624083,0.06330547
0.050193477,0.069982715
0.044844046,0.0599898
0.026383374,0.028269628
0.040603533,0.036112096
0.056201097,0.044760574
0.046383787,0.054352116
0.043986905,0.04596406
0.054519027,0.35363886
0.035416897,0.04572851
0.039887212,0.041701064
0.033546958,0.07546229
0.042290956,0.05635599
0.04373662,0.060624473
0.07357781,0.048152708
0.044243265,0.045347836
0.047463853,0.039568618
0.052232504,0.071151555
0.047379993,0.044318847
0.038662735,0.07873033
0.06049508,0.040791187
0.055405058,0.038501225
0.04192138,0.039411496
0.034660336,0.03906185
0.047729693,0.04471725
0.053251922,0.050889336
0.06374897,0.048626084
0.034536473,0.040011764
0.06440905,0.03424326
0.0912359,0.05756009
0.044887125,0.05215757
0.037516687,0.05201
0.028439002,0.05796542
0.047957584,0.04994514
0.069952965,0.037162486
0.0469311,0.035726123
0.036309816,0.07762186
0.042643353,0.04602782
0.05134767,0.04642913
0.058032013,0.03173961
0.03809164,0.034940876
0.04706557,0.040199924
0.043795384,0.0845791
0.05938384,0.0706772
0.047117013,0.03707786
0.072398186,0.05103712
0.04063051,0.047217187
0.044912323,0.053328812
0.045730323,0.055573158
0.051121235,0.040698964
0.045471836,0.036279712
0.052724313,0.03268277
0.02962102,0.034401428
0.1164205,0.034851886
0.04725132,0.038924642
0.05336065,0.047458924
0.04716443,0.042861883
0.04512975,0.055995297
0.05120623,0.05455571
0.050016418,0.052068166
0.049117416,0.051797222
0.055397797,0.047725625
0.043041136,0.040404744
0.037896886,0.03503582
0.13407388,0.05587448
0.03331778,0.033058822
0.047976986,0.03205412
0.03400001,0.1265562
0.05447156,0.021028224
0.047295533,0.047178518
0.072792746,0.044174775
0.05717183,0.030104904
0.06291109,0.045003645
0.03303386,0.05097264
0.04357599,0.061687384
0.03779953,0.05153728
0.058337137,0.056614887
0.04124776,0.055919882
0.05115033,0.077531956
0.054558475,0.064854614
0.047355525,0.032257307
0.042342186,0.054440033
0.04485879,0.050675817
0.046558667,0.044087864
0.051293887,0.052392725
0.07875181,0.048689146
0.05003831,0.039186906
0.036846023,0.03450727
0.05008743,0.046232924
0.03855617,0.04041351
0.05000083,0.04344506
0.07471373,0.121719085
0.051802546,0.04679603
0.046340536,0.051571574
0.05781566,0.03589142
0.06899343,0.060271557
0.10796872,0.037840966
0.065300524,0.031614043
0.04484116,0.04589166
0.044754144,0.05331198
0.03956609,0.03498725
0.035704374,0.041630004
0.043002177,0.045664176
0.04187051,0.04715279
0.05170334,0.03518012
0.052637793,0.044625703
0.049063895,0.03137646
0.04701713,0.031807594
0.048883103,0.045487687
0.060265705,0.036141366
0.045390673,0.026908113
0.037354834,0.055788927
0.11148997,0.04078922
0.023447312,0.017034236
0.053243183,0.06103485
0.04845293,0.062560625
0.049276184,0.04303684
0.03007275,0.04225051
0.053856954,0.056561094
0.048920896,0.04319991
0.023847561,0.040351648
0.036526635,0.05269923
0.055523984,0.039230768
0.0529945,0.04889873
0.042504005,0.04269639
0.05416945,0.066979975
0.23605108,0.05122782
0.023920167,0.042817228
0.038261402,0.04032205
0.039344806,0.053946983
0.059636742,0.052127447
0.04797654,0.039792825
0.055438075,0.034792278
0.026329286,0.03158294
0.08635448,0.048323512
0.05678378,0.06236857
0.0371233,0.042506568
0.042387422,0.0340782
0.04723382,0.04314192
0.046591472,0.021003786
0.05105809,0.033466317
0.037131667,0.029307479
0.06359106,0.10036761
0.042136155,0.025500221
0.04009527,0.124689996
0.042996712,0.04666149
0.051496714,0.06322164
0.048972968,0.03396413
0.050782297,0.029798398
0.053734634,0.052722707
0.035145875,0.046649884
0.04358395,0.15402247
0.04521338,0.044777796
0.062438715,0.069290265
0.04991836,0.05457145
0.057223465,0.050335802
0.036668375,0.06450801
0.040985115,0.04302987
0.042302214,0.05515998
0.063844495,0.06438023
0.04424513,0.026174592
0.041921504,0.030999208
0.049855795,0.04839805
0.05943136,0.08547152
0.054466877,0.037362352
0.049078293,0.046630275
0.062251445,0.059317984
0.04931485,0.035897586
0.048410583,0.040212493
0.047157787,0.0696041
0.04841014,0.0658707
0.06792261,0.05297472
0.039678767,0.025051195
0.057757393,0.05738533
0.031736057,0.030836992
0.061824333,0.037070546
0.046957567,0.06283872
0.046139434,0.023691002
0.034337256,0.03379564
0.0493923,0.04895661
0.050398473,0.15369113
0.05601277,0.045841366
0.03715994,0.0467237
0.045453258,0.035275165
0.037199363,0.044000976
0.0437153,0.024647823
0.04930332,0.042343214
0.042767998,0.050746202
0.04412222,0.04291699
0.060752116,0.073295765
0.033172864,0.031961884
0.048126634,0.03856101
0.040463455,0.068901025
0.04132665,0.05458966
0.034984697,0.037669405
0.04701789,0.046126142
0.03144324,0.036941513
0.042951904,0.062227473
0.06698149,0.041772675
0.052918974,0.035061296
0.3099689,0.041381575
0.037666835,0.034951564
0.036921926,0.03595231
0.043058243,0.073574424
0.034580737,0.049759205
0.052556977,0.04556507
0.045402396,0.051253263
0.03450145,0.053170335
0.052744966,0.03022398
0.06361806,0.051239472
0.040871482,0.04869673
0.05086936,0.033624377
0.04279501,0.047341675
0.041719925,0.043289773
0.04350725,0.049434952
0.05080587,0.027030347
0.056651346,0.05781127
0.060981877,0.10567159
0.039949786,0.033407755
0.061434053,0.059798446
0.044294026,0.03255179
0.03427975,0.06707301
0.032939117,0.04756809
0.051283725,0.056017485
0.040273964,0.039735924
0.04401907,0.045823682
0.03908019,0.027612602
0.039912723,0.042804547
0.04599825,0.056140132
0.042166546,0.052372724
0.020882651,0.04989473
0.049076196,0.055099472
0.041857366,0.021584917
0.049832564,0.041435763
0.07668712,0.0305383
0.05210203,0.03702649
0.03890649,0.045447927
0.039492805,0.03941816
0.047533598,0.062361907
0.041428722,0.042280633
0.056401957,0.04569517
0.045870796,0.051159948
0.029368991,0.041260783
0.06480379,0.036560554
0.050558336,0.108009145
0.040553987,0.034555655
0.055110056,0.038795184
0.07347959,0.039337963
0.029403297,0.064639606
0.050512686,0.06396565
0.060120393,0.0441346
0.06244766,0.06785088
0.037349522,0.029363602
0.042135384,0.039171245
0.034953993,0.03940863
0.06074228,0.049817286
0.052478924,0.0676731
0.037310757,0.051924944
0.05162298,0.04007769
0.042256325,0.03283173
0.06028274,0.037185777
0.03754825,0.03368332
0.047488637,0.06316594
0.037759233,0.048689824
0.052266568,0.050712276
0.05859184,0.05438307
0.05024933,0.062480796
0.037521157,0.047717758
0.18685094,0.045973655
0.047550198,0.037832364
0.049645353,0.055745974
0.060170732,0.053708173
0.044868212,0.038313042
0.046185825,0.06736983
0.04887921,0.038473617
0.05577571,0.05044424
0.06496682,0.056436628
0.045741335,0.038803358
0.04134327,0.06515412
0.067339316,0.03653451
0.038132243,0.037054982
0.04571777,0.057549007
0.049659297,0.030731445
0.03686159,0.026157673
0.048681535,0.03125027
0.04065037,0.06588273
0.033186033,0.053055927
0.041556176,0.064230256
0.04460004,0.03232482
0.035479046,0.03872213
0.052673608,0.06365112
0.0707026,0.04848964
0.05539514,0.059719708
0.050345186,0.04475773
0.035552494,0.031446736
0.048005447,0.5521195
0.07074458,0.036526304
0.036806062,0.04974633
0.030093264,0.028065247
0.06519593,0.056140397
0.044063173,0.04636222
0.050501816,0.05356574
0.044114135,0.06112939
0.050168604,0.046404846
0.047097657,0.052376136
0.068615414,0.06935237
0.043075725,0.056163568
0.042035084,0.04346768
0.055093955,0.05974817
0.042026393,0.035871312
0.05902822,0.055266608
0.017802445,0.0705262
0.04021077,0.042845972
0.042027164,0.10067381
0.048967674,0.050693303
0.04579077,0.044518616
0.058297344,0.14169581
0.04683349,0.057632968
0.040406864,0.032539006
0.044617034,0.052845776
0.042339478,0.1266993
0.04116821,0.044595014
0.058853503,0.061474346
0.061040305,0.03898528
0.9311419,0.07127477
0.042272672,0.036383018
0.044368457,0.03802987
0.050900634,0.07998687
0.05003952,0.045066617
0.04736619,0.02977515
0.040891226,0.050586633
0.028886667,0.01589365
0.044761457,0.041647185
0.20046438,0.05232396
0.063143246,0.04658153
0.029963316,0.05181797
0.045420587,0.04384453
0.05040032,0.030672885
0.044545576,0.030977644
0.033370335,0.04006265
0.037781063,0.04375668
0.053389143,0.04959264
0.03987352,0.02769853
0.047734033,0.04121582
0.04708641,0.06559187
0.03953352,0.034212198
0.064391725,0.0475153
0.04623305,0.04747394
0.043213148,0.046520982
0.051898625,0.062065214
0.038648568,0.025808247
0.08531694,0.055926748
0.04378402,0.039231103
0.034664303,0.03837864
0.06211161,0.06011059
0.043784656,0.035583362
0.039109357,0.05395433
0.06862341,0.0725318
0.056176495,0.029029237
0.040610246,0.030537754
0.035111543,0.039527565
0.052848075,0.0663018
0.07034363,0.053113613
0.04384553,0.03115739
0.045504954,0.044427726
0.044871032,0.06635378
0.053179845,0.045742277
0.072699755,0.21603614
0.045327123,0.034073327
0.040157896,0.04113601
0.03830543,0.05729601
0.037434183,0.022450924
0.04034161,0.03598877
0.06040033,0.055503294
0.03938624,0.026142143
0.044272266,0.021113321
0.0374008,0.046581663
0.059044037,0.026990946
0.06353511,0.05142101
0.051734008,0.05574051
0.13094324,0.0579499
0.036649037,0.048423406
0.05493964,0.05039268
0.043315586,0.061897643
0.03439116,0.06686644
0.055856407,0.05133294
0.05073609,0.045402873
0.047018215,0.07433996
0.056342937,0.04709963
0.05017262,0.029144969
0.049708568,0.02646841
0.053753555,0.05026509
0.04449786,0.036443315
0.04043758,0.04020965
0.0503345,0.042524185
0.047816332,0.035132315
0.05956018,0.049508158
0.059953243,0.04841143
0.03848744,0.034245793
0.048776396,0.049952
0.02124458,0.029339513
0.039882172,0.03258725
0.052318882,0.047173273
0.05984336,0.046187937
0.058021955,0.041489754
0.060115322,0.04490777
0.068827935,0.05248423
0.04750403,0.0787659
0.046430927,0.058570277
0.032936055,0.049399562
0.057810366,0.03522196
0.03597271,0.061350975
0.050087176,0.037710696
0.048592847,0.04150285
0.048713475,0.06437096
0.041378073,0.038643964
0.037582982,0.03842534
0.042421006,0.04630484
0.14358486,0.8018019
0.042953767,0.047112506
0.047298472,0.05937589
0.04316912,0.055629376
0.044303782,0.040410385
0.05430262,0.040318727
0.04480647,0.032130383
0.058516316,0.049337637
0.041491937,0.04483404
0.0315827,0.037078273
0.06185372,0.0285756
0.045856904,0.038297094
0.044209313,0.046712574
0.05104907,0.030598117
0.05151106,0.03662938
0.03771414,0.038744755
0.043972913,0.038065817
0.044018432,0.037563335
0.051553093,0.035881028
0.042264633,0.058233235
0.053426366,0.04321718
0.0606829,0.048284844
0.052594118,0.06497884
0.04532552,0.038765673
0.038185786,0.033015825
0.03916173,0.03769772
0.062320236,0.062800854
0.07179747,0.038733102
0.07124291,0.044404007
0.044236783,0.03314445
0.042484574,0.036528215
0.0626122,0.05378503
0.038637374,0.18779187
0.04850357,0.05084669
0.0577318,0.037190616
0.052637734,0.19023517
0.050974406,0.044651322
0.053910032,0.05673979
0.059268605,0.04946774
0.042313803,0.037165217
0.04674903,0.04539774
0.048646916,0.045702256
0.043699052,0.06423288
0.058441278,0.08749779
0.046638094,0.049563088
0.05686687,0.056985922
0.04234109,0.044963118
0.03245161,0.044699937
0.050147735,0.95792246
0.068468034,0.054143276
0.0400287,0.048881263
0.07866957,0.047001462
0.049084034,0.05080085
0.029051589,0.03686117
0.0321084,0.04601156
0.056140557,0.04891379
0.043882135,0.029852826
0.049887363,0.024598846
0.03869548,0.035882395
0.04008436,0.035880417
0.051505726,0.050934844
0.057495266,0.04775404
0.044099372,0.043227606
0.03579717,0.046921197
0.055069942,0.052160583
0.053330317,0.03272888
0.043674197,0.05220441
0.029693067,0.024655111
0.03566363,0.039908413
0.030597461,0.032644913
0.045812156,0.041171182
0.063827984,0.04542808
0.038148366,0.027263943
0.040722176,0.038660377
0.041652743,0.041286316
0.052948188,0.038082253
0.03352447,0.03668713
0.04424943,0.04128909
0.044504143,0.031248618
0.04921681,0.042646486
0.069677435,0.047931537
0.04356372,0.028068712
0.033216234,0.06237325
0.04146049,0.033131752
0.14698467,0.027067736
0.054898124,0.06563043
0.08126767,0.053091142
0.046474684,0.047063455
0.022355655,0.043993674
0.025360681,0.039819427
0.05220245,0.044599473
0.0547585,0.025169987
0.03387844,0.033475377
0.034356978,0.09454
0.054603793,0.062101062
0.068230264,0.0447628
0.7357022,0.043468077
0.05482484,0.029428894
0.062868685,0.041688714
0.05079704,0.050389662
0.04861682,0.03725755
0.033277806,0.04217488
0.036976866,0.024072167
0.03824095,0.034984242
0.051247586,0.040052727
0.093326524,0.06750431
0.050905906,0.04615751
0.10672588,0.05417799
0.04341416,0.01539108
0.045919776,0.04612883
0.05066114,0.09109582
0.034378465,0.03589696
0.029253483,0.06378278
0.044476297,0.046824075
0.026785186,0.04302248
0.03616281,0.051965296
0.055808138,0.031832427
0.04068276,0.047123216
0.037103914,0.040433444
0.038935337,0.06135434
0.03671055,0.04673699
0.052079134,0.06944962
0.041819826,0.04187012
0.033896547,0.23725793
0.05468317,0.043992057
0.05748249,0.030648557
0.061632257,0.04866272
0.050886083,0.039634783
0.038381554,0.04735433
0.04232809,0.050097756
0.06390523,0.047678433
0.047687814,0.034325328
0.046218082,0.042799957
0.050516497,0.052541018
0.04520755,0.035526138
0.048896164,0.036290925
0.056299943,0.063225724
0.039409824,0.048350967
0.040181078,0.0490103
0.052494712,0.043095775
0.07756083,0.044612717
0.05886129,0.031302523
0.050193354,0.046711437
0.04828518,0.031882647
0.045325704,0.20372322
0.0581755,0.054877847
0.060612097,0.038482
0.05825561,0.035872404
0.06345713,0.051945753
0.041610032,0.0464824
0.04904185,0.038976558
0.03316465,0.033115
0.044824425,0.04860584
0.06356011,0.05456225
0.045771237,0.05073689
0.047733717,0.0379418
0.037601784,0.030293196
0.060658094,0.050398644
0.048497505,0.038589567
0.043295793,0.048462667
0.06395928,0.06722799
0.068955444,0.06491776
0.03442652,0.04569915
0.06805981,0.059351385
0.051311854,0.0691669
0.050129674,0.025670208
0.057046253,0.028264644
0.031823967,0.068336695
0.043173946,0.05701556
0.053114988,0.06315868
0.03865802,0.054767765
0.056359973,0.031458363
0.04078545,0.03705354
0.05885533,0.058758635
0.056260742,0.057732906
0.032769125,0.041242443
0.036654554,0.0504193
0.0460668,0.03386912
0.035086565,0.032802742
0.046733364,0.059617825
0.050975103,0.026208417
0.050100915,0.03642158
0.026607191,0.025542201
0.037328836,0.0431424
0.052658267,0.055524543
0.05156172,0.037454322
0.03427168,0.03749931
0.062209807,0.0981702
0.06232786,0.06206185
0.055951726,0.06788271
0.0669885,0.061475527
0.042515848,0.03811193
0.04676054,0.031855125
0.05294394,0.040210657
0.040783707,0.058429923
0.07384588,0.040843867
0.034039162,0.037660465
0.052785084,0.04963111
0.04192048,0.03705177
0.040568184,0.029097185
0.049868144,0.03465976
0.04127741,0.0486371
0.05110497,0.08948073
0.047537938,0.026038071
0.037176214,0.025724178
0.05518633,0.04813428
0.044531856,0.06361119
0.04801573,0.06402933
0.049866553,0.052712195
0.030687153,0.037247505
0.0394477,0.035919063
0.04466873,0.034621656
0.060490314,0.06109144
0.050311796,0.041217983
0.041347664,0.041808918
0.041714195,0.05528379
0.03873093,0.03548466
0.03409746,0.023619413
0.04394454,0.04557392
0.070523076,0.042069737
0.05045539,0.04178564
0.044128638,0.0645706
0.039864417,0.040070344
0.036694456,0.05184809
0.04043771,0.04689997
0.03850705,0.03781025
0.0482941,0.037992153
0.053144507,0.051818427
0.046294227,0.3696351
0.06382305,0.031532563
0.036742605,0.04466282
0.041663695,0.03144962
0.085284434,0.02917403
0.054832295,0.04079193
0.034414213,0.030413356
0.034555607,0.03444434
0.056660615,0.051730927
0.0364318,0.13076115
0.04802963,0.05129213
0.04050417,0.04255776
0.04169719,0.02875917
0.047164045,0.059923913
0.0263557,0.037952784
0.067387216,0.039819077
0.0424748,0.11692509
0.051978197,0.029087579
0.04240537,0.040047154
0.050006367,0.047310483
0.042311743,0.027227668
0.041933935,0.025228646
0.05786056,0.032092832
0.051666725,0.06359689
0.031751484,0.03847975
0.044539675,0.42098033
0.05389194,0.044918045
0.035667405,0.03711563
0.04278047,0.03920012
0.046875168,0.041281614
0.034319997,0.03333327
0.044788387,0.025732713
0.050275795,0.04362028
0.03649594,0.033829678
0.049879026,0.033419155
0.043398675,0.04059911
0.04103521,0.034042604
0.04619037,0.064404644
0.046281166,0.048119217
0.047262445,0.06511895
0.051187553,0.06620138
0.03828633,0.037995223
0.04133438,0.04308563
0.04074855,0.036982093
0.036373697,0.03691056
0.049003802,0.10552645
0.048967868,0.041072685
0.17734227,0.035551187
0.068033546,0.036916506
0.048518933,0.048707355
0.036599584,0.044257443
0.057493825,0.129657
0.063553765,0.034466416
0.05405155,0.051355563
0.04759082,0.07081399
0.06383908,0.046833914
0.056670815,0.044349145
0.048864424,0.08228014
0.040540826,0.048878312
0.044685017,0.04824447
0.05855428,0.048953988
0.039087757,0.033439472
0.033701703,0.033211887
0.056204747,0.05570582
0.055263318,0.019255092
0.031907227,0.036032204
0.040750366,0.038652204
0.04782354,0.046609093
0.046820957,0.03868179
0.037464645,0.03803363
0.05433563,0.052854277
0.05284579,0.029308649
0.06121038,0.15012135
0.07614982,0.030565733
0.044475913,0.060555264
0.04905211,0.0575668
0.061112665,0.041805726
0.04882644,0.2733812
0.045398045,0.047738414
0.04144922,0.060360502
0.058466304,0.042390145
0.048146855,0.055183433
0.054843165,0.045348644
0.051287528,0.06334475
0.027981967,0.022806546
0.036753576,0.04023324
0.047210183,0.043267846
0.045208957,0.03652453
0.03830187,0.034206163
0.048806675,0.036179326
0.042796552,0.036420483
0.09905202,0.046897806
0.050407376,0.04812055
0.04192344,0.036019895
0.07329858,0.041838907
0.052028827,0.037000194
0.034789838,0.023730928
0.046478458,0.03284918
0.039015274,0.03183834
0.054541156,0.030756464
0.057163008,0.042671908
0.045640863,0.043295544
0.10758188,0.05889412
0.03799042,0.057941463
0.053025164,0.03143255
0.18483011,0.034498222
0.03893042,0.040532902
0.048410647,0.027418638
0.063727714,0.05914753
0.061280224,0.029587973
0.05960204,0.04879066
0.0406047,0.047954403
0.055987865,0.054103166
0.9236846,0.7964669
0.11148468,0.042109694
0.058944643,0.029137231
0.05231299,0.051501647
0.051688872,0.052449778
0.052169718,0.055738717
0.038902353,0.03325954
0.041310154,0.04891836
0.047416084,0.030069875
0.047185704,0.028033027
0.044612292,0.03689915
0.04415188,0.040058564
0.051668115,0.06340609
0.06270983,0.21138091
0.04412653,0.045546707
0.04759944,0.06307556
0.051426105,0.049368586
0.054004487,0.07880273
0.04477973,0.035764094
0.04645985,0.05088927
0.038896147,0.05404111
0.82402384,0.44469655
0.03641083,0.025678253
0.051720478,0.04436132
0.040988207,0.06504946
0.03608397,0.043183647
0.056554366,0.050951
0.035294473,0.024511084
0.04066618,0.058800474
0.054404616,0.053671125
0.036884945,0.03199758
0.039628237,0.04128048
0.05381823,0.03208224
0.037466653,0.033833522
0.04480313,0.038315903
0.05867347,0.056065463
0.049321532,0.047711637
0.051722072,0.049014933
0.04921375,0.037382223
0.046860848,0.0403177
0.06005156,0.045165595
0.044093665,0.062657416
0.047422398,0.055858765
0.03958521,0.056361258
0.05079043,0.03456148
0.043672588,0.045138974
0.059437077,0.06127578
0.045729045,0.04246108
0.013909348,0.023580592
0.037494328,0.04030179
0.03936329,0.03585907
0.04991186,0.062867396
0.040175002,0.04630071
0.043139946,0.032961626
0.043744847,0.07474306
0.059358306,0.026192965
0.058619056,0.05831831
0.055451583,0.02443813
0.040942423,0.035693545
0.04333615,0.04233867
0.051327854,0.03424703
0.08316667,0.04162281
0.05418026,0.069294706
0.046066474,0.044531405
0.052713785,0.03864464
0.031753317,0.034594793
0.035446476,0.043264918
0.026386274,0.04792393
0.039756086,0.035217445
0.045215175,0.029558508
0.039738525,0.038789596
0.041670978,0.061735056
0.04828658,0.052068844
0.034733877,0.033470437
0.07305134,0.045891795
0.07589088,0.05943937
0.046634253,0.049828082
0.04561371,0.04020115
0.04837939,0.048369788
0.054116316,0.07040669
0.054015238,0.0477879
0.049974803,0.068615876
0.04185892,0.03640599
0.057778426,0.029830137
0.0362358,0.03848309
0.039375186,0.035635103
0.05275308,0.04755408
0.0706797,0.037967723
0.029873403,0.027155183
0.0333166,0.036929764
0.047855016,0.04393894
0.052990068,0.06273239
0.058319084,0.15535082
0.039088022,0.04498513
0.43675756,0.07209165
0.050342195,0.053673726
0.062774345,0.060195774
0.038023643,0.034137383
0.05269592,0.06766917
0.04638986,0.05716053
0.049212735,0.07071464
0.051543947,0.04320214
0.05689226,0.043254163
0.037687317,0.04517836
0.06604791,0.03865582
0.045004446,0.036168385
0.04127586,0.065533265
0.054100253,0.01928294
0.05003697,0.04813253
0.032742437,0.17207746
0.03598791,0.03330176
0.04002457,0.033319335
0.046719998,0.06197299
0.04023388,0.02030724
0.0320106,0.04278835
0.041309696,0.03930091
0.04618103,0.041854646
0.03480454,0.042942062
0.049583018,0.08192908
0.041634258,0.048559174
0.026862018,0.04143128
0.034956142,0.036879893
0.04668317,0.034480877
0.04482327,0.02510757
0.07176129,0.045939576
0.044492207,0.051612757
0.041732233,0.04433758
0.05138101,0.030701686
0.049043827,0.03544646
0.049114738,0.042561214
0.06738876,0.06761505
0.044965345,0.0682319
0.032778263,0.03804495
0.044773895,0.037079368
0.039893154,0.03981608
0.072346896,0.039077785
0.030259596,0.038742308
0.039924223,0.048218437
0.055194244,0.06632923
0.051279407,0.059500594
0.036794703,0.04040938
0.048836064,0.055060476
0.03780905,0.027728565
0.049005333,0.032465186
0.044877958,0.047369566
0.06063396,0.050398163
0.061151545,0.19119391
0.036555067,0.040354773
0.052308995,0.04572912
0.04498509,0.047193557
0.049224965,0.044643432
0.048091855,0.038377896
0.04199278,0.036250103
0.042878345,0.048388563
0.036343187,0.036973756
0.040225744,0.035563514
0.03838621,0.04201452
0.027123192,0.063568234
0.05819939,0.06513097
0.032891165,0.044624895
0.04582387,0.035930898
0.033472903,0.0607457
0.04464115,0.04828552
0.05046315,0.049237937
0.05015251,0.03932406
0.04971245,0.03811936
0.044784218,0.03636573
0.040707015,0.03075053
0.027634853,0.036596436
0.068728276,0.0705848
0.071336836,0.05841506
0.04169848,0.02919461
0.050833646,0.05544655
0.044453595,0.039873593
0.035608325,0.047283944
0.04132072,0.056403708
0.050525725,0.050552554
0.060078878,0.048952896
0.028726226,0.027474215
0.035413317,0.03393402
0.04815803,0.057311576
0.0501249,0.056043822
0.04383121,0.035021164
0.035738103,0.050835103
0.0774779,0.041845553
0.044114716,0.06983694
0.04659946,0.031871915
0.057957623,0.051235996
0.040002424,0.059567288
0.042883232,0.037100602
0.04536076,0.04454275
0.037026025,0.032079693
0.053063422,0.041247252
0.02717873,0.0361134
0.05307888,0.03251214
0.05358501,0.04135034
0.042831924,0.040361572
0.06788312,0.03886299
0.047244295,0.044786256
0.32023326,0.038779512
0.039289024,0.02349578
0.048400182,0.0364548
0.046288975,0.039828192
0.03271535,0.032288667
0.04636153,0.032282468
0.036701858,0.051642943
0.24768326,0.036909677
0.050000384,0.036408383
0.08459085,0.044712987
0.03907496,0.034261357
0.065895006,0.03691077
0.04392226,0.045523558
0.062278196,0.048986908
0.04562043,0.045678165
0.041871917,0.046497855
0.0528667,0.0397215
0.03688196,0.041579355
0.06378588,0.38299343
0.038352553,0.025682274
0.050022338,0.01994047
0.05590814,0.045246255
0.044244613,0.032926258
0.046667248,0.044429366
0.036732677,0.02613036
0.05327567,0.041178726
0.030586917,0.042092733
0.048612863,0.03481701
0.039623592,0.05257125
0.041331284,0.040418208
0.020744966,0.0419411
0.04598014,0.028689396
0.046154086,0.03524408
0.045972068,0.055646036
0.048770465,0.037885174
0.037920464,0.042592406
0.055403214,0.033020634
0.068167195,0.061044425
0.048771042,0.057080176
0.02967812,0.030118762
0.048544567,0.048572093
0.063311554,0.037939887
0.044761457,0.05115385
0.0541549,0.039780848
0.053898137,0.051732544
0.04281642,0.036898747
0.038861994,0.041162767
0.074193366,0.05856936
0.061313648,0.046493
0.051867027,0.029501367
0.030846346,0.038554188
0.049693793,0.0357864
0.049242295,0.03727885
0.038081665,0.079002276
0.050472885,0.054103777
0.043312505,0.05341614
0.044157203,0.04537214
0.042419717,0.041989625
0.03717875,0.041364614
0.042702906,0.051003613
0.04923618,0.03165148
0.33276504,0.07427933
0.060018383,0.04978406
0.06281056,0.04585623
0.04341287,0.052346516
0.039824758,0.045863573
0.043073475,0.04246757
0.03882208,0.050712626
0.052808728,0.039385285
0.05447731,0.044120803
0.042298287,0.034570463
0.060159758,0.0432066
0.060708005,0.09765859
0.041549414,0.04021916
0.043200422,0.04557305
0.046254933,0.06690893
0.03481086,0.050576292
0.91622514,0.07099264
0.04122391,0.04078935
0.04389902,0.03739444
0.060627207,0.03768701
0.037134975,0.05440368
0.05781716,0.055645555
0.047636665,0.051768437
0.04376038,0.05442198
0.036990546,0.062033344
0.053168073,0.025307983
0.06743477,0.031396832
0.043552026,0.054703828
0.048527036,0.051976334
0.051782236,0.053135797
0.044582013,0.039921552
0.046453003,0.02929174
0.052867785,0.051599555
0.061115544,0.06823708
0.082163624,0.04844061
0.2614468,0.096238084
0.032068815,0.032209862
0.06464424,0.0605009
0.049297966,0.1158899
0.029467637,0.051825464
0.04116177,0.041305177
0.04586164,0.05403584
0.05992363,0.06624451
0.046833936,0.03316499
0.04772727,0.05358384
0.033726595,0.024268547
0.055706188,0.060868505
0.036508333,0.036696147
0.041462746,0.04623535
0.057195883,0.05220133
0.054985188,0.03798662
0.06597351,0.028242316
0.050064016,0.034532145
0.04738484,0.03548302
0.04746877,0.038889285
0.0545323,0.06567616
0.05027102,0.039929442
0.04285121,0.04649346
0.04274285,0.031991877
0.04569543,0.042075224
0.04952304,0.06865787
0.043660257,0.06119759
0.05883233,0.03254623
0.050340988,0.05521349
0.028873606,0.038032666
0.0634373,0.35378093
0.032300174,0.03479584
0.035941336,0.036065724
0.04103889,0.039079633
0.0455496,0.029740177
0.04820345,0.023635415
0.05028826,0.046387315
0.040910058,0.06433859
0.06103272,0.05096466
0.038509578,0.03662541
0.033539202,0.04517106
0.034234434,0.05810709
0.05011434,0.027632255
0.048358403,0.05011955
0.052334487,0.306427
0.041798633,0.042449143
0.04952227,0.04062344
0.029492693,0.02472917
0.086449966,0.05949688
0.03844071,0.0683979
0.050852455,0.035194907
0.045598794,0.04315864
0.05158045,0.052130003
0.036631253,0.022404298
0.040744808,0.04321425
0.054322165,0.028942905
0.07124606,0.049815863
0.047831073,0.042192716
0.04592675,0.030304508
0.051444642,0.044202864
0.035186782,0.05007507
0.04110104,0.08397945
0.05153347,0.03292124
0.05068352,0.05895344
0.044044614,0.034266844
0.03902277,0.037128877
0.0405614,0.06403005
0.069319904,0.030111942
0.035617817,0.03800777
0.049171574,0.04322916
0.05149277,0.05372835
0.05032375,0.061923876
0.04903611,0.03666547
0.046750754,0.03280693
0.05188314,0.09286943
0.053187378,0.055751175
0.033243958,0.04518999
0.059043795,0.04870897
0.95102215,0.91058743
0.037627246,0.05707618
0.044009052,0.054983426
0.048088405,0.05967824
0.052097272,0.046572085
0.25660574,0.09906665
0.04588892,0.06977774
0.05045234,0.043600455
0.052204408,0.23530886
0.0387231,0.20363899
0.032336164,0.013302131
0.031683896,0.042406954
0.034477558,0.05935191
0.04945152,0.051704083
0.04264476,0.066959776
0.054158945,0.04661637
0.027831048,0.028266305
0.046445135,0.047688268
0.056591418,0.024280788
0.031899907,0.036840405
0.047892738,0.21753427
0.04037575,0.044625767
0.0346453,0.04149769
0.03677719,0.040543724
0.040081266,0.04376846
0.042474728,0.04917621
0.0427689,0.04361663
0.053410415,0.049057536
0.04792771,0.13995962
0.0628366,0.04587153
0.032385983,0.041652735
0.06853275,0.04961789
0.043875586,0.033574145
0.04619268,0.04548277
0.063822,0.06517443
0.04840937,0.058543675
0.047911435,0.04715017
0.067629576,0.03403211
0.05140559,0.058655374
0.062567785,0.87486273
0.05397589,0.037237536
0.035728417,0.0388007
0.04741384,0.035998072
0.037687186,0.03050584
0.039201036,0.0368212
0.048542086,0.045075078
0.044140067,0.044806387
0.056476325,0.056583498
0.06898748,0.048364215
0.055837546,0.047379535
0.058326002,0.05277867
0.046927653,0.013819816
0.04449875,0.049108073
0.042792052,0.035636064
0.048691794,0.04519384
0.042071264,0.032040358
0.022444323,0.040391278
0.044788964,0.04307492
0.0691144,0.03328165
0.060679957,0.04654155
0.052558426,0.063755915
0.038147453,0.047484983
0.041637544,0.060211208
0.91716015,0.15711391
0.061484613,0.03948774
0.059640188,0.053992383
0.04828747,0.035921663
0.059841353,0.059806053
0.032158565,0.04440508
0.051139783,0.06794833
0.05594572,0.03460089
0.04754024,0.045689292
0.043850023,0.04902912
0.030458378,0.0410112
0.058333423,0.029501291
0.0371685,0.042794667
0.040863745,0.034905124
0.041306797,0.16356088
0.047126535,0.062061653
0.04515712,0.04451536
0.048205364,0.039632205
0.037464898,0.03545256
0.048131734,0.41477537
0.04627003,0.04621336
0.063070334,0.085581884
0.049504768,0.06704271
0.03579223,0.04225471
0.04821876,0.055077877
0.049626056,0.15978767
0.044298578,0.041617587
0.03652858,0.040529165
0.05775502,0.035231892
0.048204158,0.065619804
0.02724808,0.031415008
0.03580724,0.05011225
0.048183613,0.05039045
0.07129885,0.03856973
0.07149095,0.03972917
0.03886535,0.05101166
0.058807585,0.04527699
0.036163133,0.05153085
0.035557695,0.03901431
0.038046375,0.05456238
0.040263966,0.05108845
0.03462591,0.054198407
0.037462566,0.05333356
0.030093458,0.03842991
0.05270536,0.16168086
0.07323431,0.061238028
0.051815372,0.05313265
0.039086986,0.0438877
0.046220638,0.06515926
0.046822235,0.035614774
0.05621874,0.069445245
0.04227892,0.045408953
0.058396153,0.06859356
0.05372792,0.053570222
0.037421994,0.051957995
0.037549417,0.059719753
0.046137456,0.041285157
0.052181643,0.049700145
0.044370443,0.030778017
0.04364401,0.055242345
0.029754689,0.037622582
0.06542581,0.049914077
0.05323298,0.14164002
0.04254351,0.028036065
0.040706236,0.036627192
0.06471735,0.049772367
0.041669425,0.051010173
0.041967805,0.041776195
0.044714767,0.051885445
0.049991917,0.051531922
0.051660437,0.034223508
0.043895297,0.03382288
0.03134573,0.047858573
0.038572922,0.030191377
0.048567466,0.032656517
0.2818388,0.052286163
0.041379876,0.04513777
0.043400146,0.038261693
0.042069845,0.05048704
0.04554217,0.038938884
0.039253723,0.056907404
0.056029055,0.033457734
0.05902238,0.062904924
0.060519133,0.037914783
0.036852445,0.0672533
0.056982327,0.03907875
0.04415265,0.043740306
0.037028164,0.04000912
0.041564614,0.05124041
0.057610177,0.04936437
0.07722125,0.05668431
0.051149253,0.043261662
0.0360515,0.033770874
0.043407153,0.035879936
0.052200735,0.055912428
0.0554267,0.052238468
0.0414545,0.028176913
0.0632858,0.049554892
0.038240045,0.041555747
0.03369721,0.030591156
0.038008686,0.0598285
0.030742925,0.043652564
0.034010496,0.036113672
0.040120136,0.039665606
0.07104465,0.6354817
0.04316906,0.09172971
0.041878294,0.036568414
0.04766955,0.052831065
0.045341533,0.08935906
0.063396975,0.9250626
0.04823114,0.044168215
0.06188098,0.044153813
0.046419803,0.059161913
0.040984273,0.048749104
0.06254811,0.056252006
0.03921862,0.0384023
0.06893897,0.04159979
0.04652796,0.04269652
0.06801091,0.06461908
0.06426331,0.05455357
0.05099881,0.05629765
0.04175226,0.034562025
0.0297541,0.037244916
0.04609528,0.05311582
0.047275223,0.06257851
0.04588994,0.051738705
0.044098083,0.0386229
0.043950696,0.064388074
0.036484897,0.034116466
0.056607924,0.06073969
0.0424331,0.04787702
0.044478998,0.034649614
0.040738817,0.042369183
0.04723395,0.056296907
0.046122864,0.047076985
0.05311891,0.05574698
0.04532276,0.078228734
0.04445892,0.040223513
0.046992134,0.04171899
0.056248453,0.0754243
0.034619402,0.05219838
0.046231966,0.061017122
0.050470278,0.040454384
0.042584296,0.024878357
0.0530818,0.05855535
0.044329505,0.025203377
0.03268487,0.05012224
0.03740281,0.043854147
0.0453833,0.036790796
0.032221477,0.062455136
0.052433535,0.029837787
0.024862953,0.03934878
0.051351674,0.048386946
0.03612658,0.033992667
0.04848698,0.050724823
0.04295384,0.036711395
0.07251561,0.040550366
0.044160537,0.04141513
0.050628588,0.021723798
0.064019375,0.034019213
0.04240698,0.041452684
0.036160216,0.07424499
0.057853136,0.05830657
0.058789253,0.043262426
0.052231938,0.047168683
0.044446092,0.062447287
0.051034708,0.13402572
0.037077263,0.03194771
0.052231938,0.037959132
0.050425883,0.031545635
0.04653008,0.053284395
0.030968,0.048477333
0.050452664,0.053183846
0.06885454,0.053227343
0.0520096,0.07452172
0.041353848,0.034167692
0.041395415,0.036628418
0.05228635,0.030677432
0.048182458,0.04113234
0.10411105,0.048472896
0.044654038,0.043478042
0.029242592,0.028511815
0.04551764,0.038320746
0.028119124,0.045166273
0.04896672,0.046626363
0.0548105,0.1253496
0.035060737,0.060159706
0.042682584,0.038728196
0.047385804,0.044557635
0.04469617,0.0549991
0.03941958,0.04983366
0.04740081,0.044224635
0.051751833,0.037075464
0.042392693,0.05492436
0.04707497,0.06140774
0.0542772,0.045436386
0.04705976,0.045734324
0.05865619,0.047009133
0.05358431,0.039986387
0.0406945,0.05603825
0.053037323,0.058537576
0.043368537,0.038311347
0.040723525,0.050064664
0.044829424,0.041879565
0.053669825,0.051071968
0.037259538,0.028048242
0.050041676,0.03783693
0.035970956,0.03830609
0.12727635,0.06895511
0.063983396,0.06581267
0.053644504,0.0718082
0.054922704,0.030051874
0.035610598,0.06961422
0.050702207,0.053335175
0.057998873,0.036166266
0.05249801,0.026709458
0.04669986,0.64308786
0.22337903,0.04043705
0.036299165,0.027518293
0.050933357,0.0467432
0.03287485,0.060579356
0.03072152,0.033051256
0.051512837,0.06374063
0.055027638,0.052548364
0.31672287,0.92255205
0.043947358,0.044318236
0.036545586,0.035114106
0.06325447,0.038913343
0.044057585,0.04134682
0.06633579,0.06985882
0.044326942,0.03868152
0.041799597,0.033888817
0.04948769,0.062022567
0.049489282,0.05444799
0.051811114,0.055159718
0.07556578,0.037007507
0.036742736,0.030676601
0.0743069,0.52552193
0.03211493,0.05058709
0.05368324,0.040664908
0.05101749,0.05300895
0.06026106,0.05992431
0.053942297,0.05912108
0.04849541,0.03486216
0.043932848,0.047878638
0.052767154,0.043855764
0.05471148,0.4305786
0.06800777,0.057611372
0.051366217,0.041878473
0.03910018,0.031731088
0.042786583,0.08050709
0.046770893,0.046140023
0.038117867,0.037708577
0.057427283,0.03647477
0.057149783,0.042990305
0.03996813,0.051056948
0.04285854,0.04765238
0.044692967,0.034422882
0.055593792,0.1568616
0.03305773,0.04358961
0.036804043,0.031130394
0.05102975,0.065764315
0.04604158,0.036929492
0.11336636,0.045420647
0.029832892,0.038001705
0.021677034,0.024700273
0.029067084,0.06385253
0.058563266,0.046519365
0.034170862,0.038486086
0.04825149,0.030814193
0.035273727,0.032329224
0.03982695,0.040882055
0.044458594,0.02885008
0.04500752,0.042830385
0.05663212,0.04959627
0.044243902,0.06611248
0.034646213,0.04521882
0.049609374,0.038722545
0.038404785,0.048474777
0.04043629,0.15587984
0.041330647,0.067858726
0.045697987,0.09374138
0.02818884,0.07306349
0.06263375,0.043388728
0.040668238,0.043446414
0.051834527,0.046888385
0.06434425,0.05313733
0.03538875,0.044770364
0.04945815,0.060736038
0.026844699,0.065284796
0.03197316,0.028909275
0.04620067,0.051974326
0.050984513,0.02708484
0.06428505,0.045608897
0.04937122,0.03496602
0.055300068,0.023983791
0.045301042,0.041302532
0.061737776,0.035804126
0.049914286,0.031455062
0.059099667,0.03439238
0.037846044,0.05068668
0.062417787,0.06242709
0.062307987,0.044991292
0.03659479,0.05367038
0.044551227,0.0365665
0.03928294,0.055725012
0.035903137,0.041319385
0.04140592,0.03668186
0.053021047,0.05806879
0.047132548,0.053122357
0.052667394,0.04690699
0.040375367,0.03888309
0.044437554,0.052047223
0.048449866,0.06950733
0.037353538,0.03873249
0.03665118,0.037797082
0.06435739,0.07748579
0.049988735,0.031847693
0.020782566,0.039946448
0.05916339,0.06928817
0.051560324,0.06381736
0.04452569,0.04641315
0.03625957,0.035908394
0.050607607,0.03726718
0.046808556,0.0263219
0.051445972,0.04388783
0.053834293,0.050634436
0.049635738,0.043282866
0.05196195,0.036416113
0.058079693,0.0338884
0.042455625,0.03763323
0.044966757,0.04903974
0.060827702,0.05267335
0.053462904,0.046390288
0.038562186,0.036090754
0.054179184,0.03563989
0.06265199,0.047946468
0.04846881,0.039855145
0.04708883,0.04673922
0.05115745,0.053103577
0.05254232,0.044565
0.07463739,0.04450902
0.025369128,0.034723006
0.054427307,0.030955194
0.03723218,0.03354847
0.03663346,0.045006026
0.07374425,0.076366045
0.04026512,0.05681319
0.048315223,0.05891692
0.04669615,0.043996844
0.059167426,0.039323382
0.05863029,0.051075377
0.039130043,0.030338356
0.048690964,0.037261844
0.030473832,0.0639507
0.9324158,0.17781524
0.044953037,0.048758987
0.056648,0.057345916
0.043962833,0.041749265
0.064602524,0.124399975
0.26375946,0.024108388
0.034035318,0.03696816
0.040408667,0.045215324
0.039259028,0.04863642
0.06085281,0.06642756
0.052543845,0.04260771
0.036466137,0.050666023
0.044772103,0.048354924
0.059042964,0.06680631
0.046927582,0.053593263
0.048849124,0.029243618
0.050253153,0.03194476
0.0526267,0.054725423
0.044034738,0.040469818
0.04163947,0.047374483
0.046459656,0.046829738
0.055704728,0.039773896
0.031238858,0.037600473
0.041709755,0.041653827
0.052444883,0.06171016
0.03585474,0.058844715
0.047302824,0.0552616
0.0579297,0.030906077
0.06666979,0.06167265
0.04468957,0.04596581
0.048818782,0.042664256
0.059478614,0.052848987
0.042418756,0.036176242
0.042144205,0.04158838
0.42344135,0.051697046
0.046249244,0.060784064
0.05091982,0.024958983
0.048964612,0.041526128
0.040023983,0.050074063
0.046140265,0.04754929
0.043051817,0.048473835
0.036838755,0.040270507
0.049009737,0.03071161
0.044807494,0.03669232
0.05160426,0.04618138
0.032835625,0.053466633
0.05915185,0.040162373
0.052850425,0.1874267
0.036243528,0.032685045
0.05542254,0.028187767
0.04142073,0.048317805
0.040438417,0.04163787
0.061187603,0.04244357
0.05950372,0.058668513
0.039392564,0.033087935
0.041811388,0.037833523
0.055071585,0.068203814
0.06036879,0.04784795
0.048197392,0.051053736
0.05158445,0.096717626
0.036886506,0.028695473
0.036087804,0.05527032
0.07856799,0.042703778
0.116462275,0.04377773
0.052725133,0.063391
0.03307234,0.023969473
0.05245338,0.029083097
0.2145926,0.043719716
0.053917434,0.059325613
0.053471573,0.052999116
0.046511076,0.032246795
0.035234127,0.04199627
0.047331188,0.05596935
0.040165775,0.039221782
0.039595097,0.034773786
0.05273141,0.04371567
0.031180633,0.21641712
0.05090203,0.055945523
0.05134698,0.045621727
0.051053762,0.06787248
0.03902568,0.046669576
0.04622953,0.035022397
0.039358504,0.08680204
0.04499733,0.049667835
0.048857734,0.039866097
0.029289886,0.04374693
0.020932734,0.036595955
0.04919349,0.07129082
0.050060518,0.034701485
0.047935307,0.038753204
0.03970648,0.048862576
0.04633715,0.03471033
0.03936465,0.042649742
0.06277809,0.054225422
0.04320737,0.03153793
0.03734939,0.032733418
0.045935065,0.08727879
0.04250381,0.046814173
0.046471044,0.049374163
0.040306818,0.050619815
0.056125734,0.053125024
0.06136735,0.048973333
0.055042483,0.06800188
0.041477244,0.039710943
0.057521123,0.02594633
0.052301448,0.03798144
0.042541068,0.030616654
0.052322622,0.043843437
0.05850299,0.029367678
0.033851128,0.05977619
0.049010944,0.03337605
0.05267018,0.05790627
0.06505721,0.07014478
0.044043336,0.046859533
0.046828367,0.052911963
0.036828704,0.03824635
0.04018262,0.034303524
0.049913198,0.035598215
0.037692428,0.051923875
0.056064993,0.05379325
0.04739296,0.09713933
0.04187791,0.04521911
0.041098583,0.040619638
0.04951349,0.05448113
0.046888266,0.061523486
0.041336376,0.04618982
0.04945732,0.052022327
0.04182446,0.05640349
0.033899803,0.061485846
0.043506935,0.024923703
0.03987642,0.040179923
0.03592671,0.036147248
0.044441406,0.048677452
0.065438636,0.03321415
0.04938013,0.05435826
0.039322183,0.05293649
0.039079096,0.032814767
0.037209354,0.030273557
0.02758698,0.033012796
0.050394792,0.07466675
0.051637206,0.04811032
0.054063637,0.045990117
0.048775565,0.05490211
0.042582106,0.046257757
0.047086917,0.02853918
0.0592796,0.059967086
0.056899644,0.06087141
0.05206308,0.042846102
0.042499766,0.03949679
0.04857359,0.1346474
0.035700746,0.031603094
0.04713056,0.05673612
0.063889086,0.049493313
0.04879399,0.05331032
0.044097193,0.028900772
0.06651939,0.07670399
0.056404166,0.058724143
0.049323253,0.04719039
0.048441257,0.046078514
0.048123308,0.04012742
0.04477185,0.061605018
0.04305952,0.04667867
0.047974054,0.08012382
0.06233561,0.043812443
0.049147878,0.05976686
0.04914087,0.06255411
0.049972065,0.0358733
0.09207941,0.067864895
0.048827898,0.03451542
0.0476571,0.048823666
0.0492391,0.03200013
0.045019,0.041893467
0.053524435,0.039105855
0.049214136,0.062388968
0.044701688,0.03230764
0.045606855,0.06906687
0.047602247,0.030371167
0.037121296,0.0442341
0.04588405,0.05006097
0.04405207,0.041669916
0.04451883,0.04668064
0.055128433,0.057535194
0.04821525,0.030986048
0.054105952,0.03907902
0.047162957,0.04665738
0.040264867,0.026739175
0.044429276,0.04390969
0.050065607,0.05258515
0.07937548,0.06325196
0.06025072,0.030784355
0.04952087,0.05846142
0.04410708,0.036042467
0.052839648,0.063331045
0.0471298,0.03441671
0.02751687,0.051417533
0.045256,0.03280823
0.055844724,0.036627468
0.04215096,0.03624921
0.04796869,0.2556323
0.07623482,0.04548242
0.06210887,0.047757868
0.040308237,0.036752053
0.058067303,0.04987272
0.057498854,0.06955371
0.041702412,0.026207106
0.0464956,0.032552272
0.049140353,0.06175145
0.07225593,0.04727343
0.051596705,0.054796226
0.058784913,0.13210706
0.050939653,0.035484385
0.048869647,0.053845186
0.08222299,0.04372413
0.050217785,0.04712044
0.05100078,0.061061826
0.03164945,0.04043045
0.039999384,0.05494257
0.043423153,0.039732385
0.042927474,0.032477845
0.04895365,0.042016882
0.06440941,0.026221458
0.07025803,0.03672205
0.051738195,0.06159022
0.033008154,0.03455079
0.062130064,0.04353783
0.05719795,0.05580145
0.04344076,0.043805685
0.03279471,0.04179228
0.044925597,0.03896703
0.052554756,0.04914342
0.0945288,0.03670934
0.042686705,0.051994808
0.056297693,0.053149767
0.059633963,0.054833364
0.047559526,0.048660774
0.046621274,0.035339594
0.05618558,0.057804298
0.05590934,0.04071359
0.088394836,0.04409779
0.07214514,0.0561828
0.036023565,0.053087402
0.03182658,0.0611958
0.06988622,0.037961997
0.051733054,0.12715614
0.040162094,0.036788065
0.10965976,0.059521776
0.060802087,0.035874326
0.03909235,0.0345623
0.05984768,0.03428385
0.04922401,0.04274789
0.04397401,0.040132448
0.03773947,0.049735576
0.033329066,0.025289033
0.051511183,0.047733363
0.044240315,0.037907895
0.054709077,0.052498087
0.067136146,0.05924244
0.042838413,0.066439755
0.05384417,0.045850217
0.044750363,0.04096726
0.034736674,0.041933972
0.042289536,0.11951525
0.0720772,0.018423077
0.03890507,0.051670812
0.07563441,0.041929033
0.06574958,0.047549967
0.044479128,0.059315734
0.031150283,0.05480003
0.045137893,0.060791254
0.042623345,0.031452727
0.037481233,0.03938085
0.06439116,0.06988573
0.041518547,0.032379817
0.046147566,0.046687633
0.061322227,0.054449193
0.044970598,0.04690172
0.03784215,0.06624995
0.0421713,0.03581699
0.049098432,0.040876262
0.055239122,0.032937527
0.7294502,0.04315722
0.043642275,0.039052453
0.047782816,0.06162773
0.04614987,0.046615783
0.05545278,0.037384134
0.050217014,0.037906736
0.05368533,0.032297596
0.049660247,0.04224345
0.060348935,0.059260473
0.06363416,0.049238745
0.055698603,0.034820028
0.05471565,0.07745845
0.0697275,0.060740214
0.06910888,0.035084315
0.040900312,0.054608
0.027978681,0.048493333
0.04212148,0.06277937
0.060437806,0.049632315
0.04403627,0.06416592
0.040344965,0.043908883
0.043815352,0.0626617
0.043871082,0.039768934
0.051677577,0.0421911
0.033141226,0.038040034
0.047361333,0.08942064
0.05303422,0.051095553
0.043190777,0.02975963
0.037905376,0.032457765
0.03461952,0.058889594
0.048409306,0.04240628
0.059550263,0.034009814
0.04487803,0.3039389
0.055125978,0.03815511
0.049855225,0.055480715
0.04799403,0.06709688
0.0355354,0.037565857
0.042888578,0.032255385
0.040037613,0.06263787
0.043791655,0.036049724
0.06527618,0.058438927
0.049457572,0.07329303
0.05857363,0.053519074
0.043176703,0.09368529
0.06257111,0.04162707
0.047001533,0.038191188
0.053727485,0.08147828
0.05577849,0.04995421
0.048076663,0.04903537
0.041819308,0.07529146
0.09954407,0.052110396
0.04207313,0.026428625
0.033814836,0.0357903
0.051919058,0.05074983
0.05036051,0.041441534
0.053496517,0.050327737
0.038340975,0.040831823
0.031357694,0.041529123
0.04555306,0.055888996
0.033510778,0.03609917
0.11206415,0.023146331
0.050229486,0.05674058
0.057189394,0.058324955
0.04976885,0.031867508
0.10760346,0.06107544
0.027867604,0.050211404
0.04719389,0.05438274
0.051442616,0.048528045
0.03568228,0.038181636
0.036489837,0.028144486
0.057286922,0.036978606
0.13445479,0.045665883
0.057644147,0.03800886
0.055864174,0.041990217
0.035701647,0.034108926
0.055896968,0.057115328
0.04142254,0.037911776
0.05651932,0.05284606
0.04659652,0.12389796
0.039276022,0.055819027
0.040956166,0.036635935
0.050914485,0.053991377
0.05017707,0.06374479
0.048473526,0.050379716
0.054021563,0.04077394
0.05461802,0.06285968
0.054336198,0.06814724
0.068790115,0.08869308
0.058771793,0.070467785
0.07027088,0.118673414
0.04728161,0.040152162
0.039957475,0.04422551
0.36713,0.074087515
0.053654384,0.03675848
0.057143617,0.0617906
0.06076526,0.057171874
0.055205863,0.034034505
0.04702487,0.049032003
0.03718251,0.031973295
0.051887713,0.046901915
0.032891426,0.033049334
0.038448542,0.06197959
0.049759176,0.040652886
0.056137394,0.04387039
0.040591862,0.045393564
0.051539503,0.04515458
0.04280774,0.029460644
0.0065892166,0.055118863
0.0610962,0.048388083
0.036114827,0.035461105
0.053763554,0.04892387
0.030330215,0.038277246
0.035962965,0.05654459
0.048547186,0.043059334
0.05384411,0.045644198
0.052418184,0.056256402
0.02587584,0.03874366
0.05334216,0.044395354
0.042825747,0.041915786
0.047255803,0.046541877
0.052812148,0.057785433
0.049681574,0.059918232
0.04607038,0.032852955
0.04121527,0.035755884
0.022671962,0.038499925
0.04579224,0.029775774
0.03800765,0.02770629
0.060299978,0.046030533
0.0882174,0.046966422
0.043358773,0.04689962
0.059304524,0.04429653
0.051846523,0.04939438
0.049347196,0.04391979
0.05009602,0.042583115
0.045616396,0.043934457
0.06064844,0.048145995
0.051351037,0.022444027
0.057129078,0.039937004
0.039782513,0.04219794
0.032849144,0.046019997
0.03589612,0.0670268
0.036700238,0.041457623
0.03730369,0.034656532
0.04251964,0.043087248
0.049509544,0.040723164
0.049577035,0.06088973
0.03990542,0.037978098
0.046192102,0.032875698
0.059013456,0.039896917
0.05196969,0.044107407
0.042076357,0.2923182
0.05011491,0.030307535
0.07126086,0.040018715
0.04621124,0.03427795
0.0649433,0.046744138
0.019511618,0.05727741
0.040016633,0.038087238
0.055942904,0.04991622
0.044999186,0.04369814
0.049757585,0.03824485
0.33341625,0.045311898
0.05396147,0.029708918
0.048682306,0.04492764
0.063060604,0.059786968
0.047446158,0.06693884
0.03671925,0.04810103
0.057605837,0.061215557
0.04795445,0.056575716
0.05803692,0.061786383
0.048014633,0.040962365
0.042864848,0.04005544
0.039255083,0.04677885
0.037216228,0.04540281
0.09589019,0.038100332
0.046163753,0.078882866
0.033299,0.044528082
0.03850983,0.044359375
0.05594416,0.068328716
0.05631049,0.049784716
0.06882009,0.040487893
0.035505373,0.045445085
0.05001152,0.040905904
0.05235928,0.062171295
0.0427478,0.053387746
0.03700534,0.041950673
0.058188073,0.052942302
0.048690904,0.045189925
0.041374534,0.0380588
0.031066675,0.045113858
0.03993126,0.029479345
0.040518243,0.07162896
0.049634147,0.05296095
0.044372108,0.044632677
0.06082821,0.05089609
0.04896245,0.047693867
0.044753503,0.04552192
0.043520033,0.032752305
0.057605654,0.03736481
0.05560868,0.039899234
0.04258468,0.052235648
0.0488989,0.04049469
0.040857367,0.07067947
0.040954936,0.026799932
0.07718781,0.046870593
0.05133243,0.026025666
0.23643078,0.03870319
0.038980797,0.013572088
0.05680187,0.047764666
0.04024782,0.041883215
0.035381142,0.030828107
0.042745356,0.031146372
0.045661032,0.04403549
0.04990461,0.06328424
0.04765953,0.06071932
0.04764797,0.03522976
0.04121901,0.046345104
0.112425126,0.06696955
0.05152903,0.059308432
0.04469752,0.024214754
0.035212275,0.040991306
0.06295249,0.054708745
0.100177966,0.05373917
0.04731828,0.050817005
0.04857218,0.040779646
0.6440581,0.20909104
0.065346435,0.05876336
0.064268984,0.042300154
0.043308455,0.051872592
0.04155057,0.0534707
0.05204126,0.06463803
0.052486602,0.0409489
0.042859312,0.040218286
0.04662185,0.04569091
0.026894335,0.03911512
0.03318356,0.03913637
0.072477624,0.23465842
0.041489363,0.047276076
0.05683381,0.03957747
0.03646491,0.0513466
0.048269544,0.027187174
0.04789861,0.045396056
0.059825413,0.047495976
0.053732168,0.04139585
0.060569122,0.022467503
0.049551625,0.030127035
0.05070093,0.041444115
0.041224163,0.035530586
0.02789186,0.062442414
0.051434927,0.05537693
0.035808153,0.04682556
0.039391927,0.040886406
0.066647194,0.045720965
0.060405906,0.05179434
0.05325907,0.0399583
0.04084376,0.042819872
0.048394635,0.030605145
0.03849106,0.03190514
0.038425177,0.039988987
0.05604469,0.056752622
0.053216077,0.03995128
0.07308223,0.04288289
0.051189523,0.034985203
0.061884224,0.058889527
0.043713503,0.03887593
0.03010375,0.043237966
0.055580467,0.02933067
0.043229476,0.06084258
0.049261652,0.039726526
0.040462483,0.037127927
0.042040236,0.0390015
0.045827385,0.032606974
0.049587216,0.049495064
0.03967954,0.058568902
0.06627912,0.061765965
0.045575853,0.031516038
0.061805695,0.07724924
0.035562765,0.026015535
0.031527393,0.029994363
0.05891023,0.05201636
0.046857715,0.062445976
0.044211432,0.05312122
0.039648265,0.040252212
0.052068923,0.049219947
0.04259768,0.040642
0.046935186,0.044520713
0.04466142,0.041358426
0.03384403,0.033454303
0.04542136,0.04817262
0.05498006,0.041094698
0.053758048,0.07190934
0.0417283,0.033767313
0.03646335,0.03884262
0.057259664,0.033117052
0.03160101,0.03582588
0.05280378,0.031404603
0.0328402,0.03141576
0.044595223,0.03241749
0.039504047,0.039906733
0.046624154,0.036574908
0.043134347,0.06028347
0.040734496,0.040655203
0.033600673,0.04625391
0.02947361,0.03335373
0.041868955,0.04743158
0.053773746,0.052694008
0.047433067,0.047547475
0.03755019,0.035070136
0.048443813,0.05138632
0.04281301,0.069523916
0.04602577,0.045311637
0.04271603,0.042597543
0.043864157,0.04374728
0.10540973,0.039367363
0.037208837,0.046311922
0.052120678,0.036001973
0.054712363,0.029540561
0.050348554,0.052825335
0.05077391,0.05479229
0.04481314,0.031495392
0.05001305,0.049905747
0.046040617,0.054304224
0.03741674,0.05002488
0.030620044,0.034444544
0.044170234,0.04793287
0.049063075,0.047271837
0.04164521,0.0566282
0.047612205,0.04356701
0.060633212,0.0759845
0.12392757,0.0324256
0.06330906,0.047057245
0.062366113,0.06592272
0.06638057,0.059315603
0.0538305,0.05419539
0.03969943,0.02682847
0.035568547,0.039098367
0.044676803,0.059397966
0.04749899,0.030340007
0.07619415,0.040384416
0.061015867,0.056038972
0.06383745,0.050336458
0.046838854,0.034267325
0.04288825,0.050743666
0.05965116,0.056988437
0.032351375,0.044627473
0.045068413,0.07301888
0.06016929,0.04354209
0.0558894,0.049788605
0.049327776,0.062915355
0.03902568,0.04650992
0.050391294,0.059877772
0.051007766,0.052186817
0.054403216,0.03887123
0.047578488,0.0652079
0.043796603,0.04498716
0.17914459,0.037227362
0.043861076,0.031913184
0.05141182,0.03836596
0.044723947,0.064419724
0.047803745,0.062116254
0.0414929,0.04043445
0.057190772,0.04117676
0.041613124,0.037730217
0.036290407,0.06672399
0.055310287,0.06353708
0.04365898,0.0521502
0.03498203,0.032597292
0.10081315,0.043465976
0.0495217,0.0432419
0.047700834,0.04533122
0.061374348,0.107501864
0.047984,0.049736254
0.041288625,0.047461767
0.04384476,0.046818547
0.05175228,0.046964806
0.04151313,0.065669335
0.043863386,0.05347258
0.06897734,0.04212727
0.043079965,0.08000831
0.032474983,0.051894408
0.02722571,0.039763555
0.043406058,0.051358253
0.046639435,0.05795825
0.05889013,0.05619384
0.057218414,0.31041774
0.04735597,0.044356663
0.04878028,0.05718311
0.06609271,0.04162104
0.04928605,0.060569298
0.03754573,0.048527565
0.037255645,0.028242523
0.039854083,0.046946336
0.040140536,0.046162296
0.05047613,0.03986262
0.04476607,0.050122306
0.045609742,0.066659175
0.038947627,0.06623649
0.046235483,0.040176865
0.05563247,0.06515622
0.04489617,0.042875722
0.044774152,0.04252095
0.046634577,0.029419582
0.051996652,0.14381981
0.044357616,0.0355091
0.054724757,0.05303562
0.0557605,0.033576474
0.043589476,0.021152623
0.03733831,0.03707786
0.14592431,0.036766607
0.05445045,0.04523139
0.042943932,0.038406935
0.04676553,0.052745506
0.055354863,0.04533426
0.05435169,0.051571157
0.0371008,0.04098309
0.04574748,0.048171222
0.044410225,0.042143818
0.04082428,0.035540923
0.058946267,0.028933374
0.04853475,0.05326481
0.052812967,0.052169286
0.030348284,0.038249496
0.04830553,0.04474219
0.06888495,0.06327561
0.040488493,0.045387488
0.054465994,0.041804086
0.046181224,0.045145333
0.056792155,0.056229167
0.04547581,0.04248521
0.045225427,0.04747381
0.050389644,0.058312804
0.040703204,0.040679116
0.044352993,0.041462388
0.045566697,0.04718674
0.049665846,0.05260749
0.04523459,0.065418944
0.29704013,0.054345712
0.063163586,0.035001293
0.056767333,0.031574402
0.04266496,0.03230708
0.04466501,0.035591573
0.085430555,0.039280005
0.0569516,0.12736277
0.03937337,0.05972454
0.050257917,0.03955078
0.05918349,0.03894918
0.042745546,0.048816867
0.04099195,0.06891298
0.038233507,0.06088304
0.043639388,0.06368616
0.05537987,0.05904923
0.040761773,0.0376234
0.0529722,0.031796098
0.051175427,0.22936507
0.044391617,0.043345995
0.03796866,0.02481842
0.8709917,0.91089153
0.048963718,0.044693835
0.061446242,0.076204576
0.041907914,0.043940075
0.05746166,0.052154224
0.05193067,0.05420081
0.048692495,0.058927324
0.044333484,0.049792103
0.04089638,0.03916764
0.046728954,0.033916872
0.04198184,0.039885484
0.04415701,0.036936935
0.04346183,0.056571584
0.037297532,0.048602607
0.058630437,0.1480813
0.04318448,0.040903717
0.034850225,0.05104248
0.07047726,0.068821155
0.04959232,0.055807505
0.03774841,0.045739785
0.036088128,0.03125288
0.039224826,0.038061183
0.040424284,0.04135401
0.049632557,0.0363675
0.04894588,0.053474985
0.048281092,0.05136977
0.051100783,0.058425527
0.05324305,0.057633623
0.041540653,0.044399813
0.03242536,0.035127867
0.052084528,0.031968147
0.04958824,0.059412133
0.050103582,0.05238195
0.09688959,0.056075387
0.03358966,0.050161235
0.056761287,0.032361258
0.025839975,0.030765207
0.045766372,0.045779612
0.04294233,0.03241639
0.04079526,0.036529176
0.053590965,0.030616796
0.04152325,0.052929077
0.047312975,0.048416413
0.05373653,0.045823287
0.040613666,0.047053486
0.04256718,0.04098866
0.03819123,0.044373777
0.04272259,0.03619218
0.055719614,0.07425244
0.035703473,0.036269996
0.039550837,0.042745594
0.0517048,0.044195082
0.048074756,0.04436978
0.057808235,0.056073572
0.056529157,0.05813489
0.44282317,0.05172323
0.057798665,0.054867834
0.039991118,0.043571074
0.037914705,0.042812
0.059171807,0.073219694
0.049442545,0.064358324
0.03376746,0.03745384
0.06257517,0.06589495
0.074308984,0.056403622
0.04113727,0.055172503
0.06603014,0.037555005
0.05628684,0.05729269
0.060113862,0.061852876
0.034376126,0.048131984
0.04720072,0.113657296
0.04215824,0.17035058
0.031396154,0.050076883
0.038749892,0.029633788
0.058544587,0.031640876
0.048868056,0.059744146
0.059466567,0.059244562
0.045513473,0.055651564
0.040464167,0.057721473
0.045352038,0.031520445
0.056448095,0.05262347
0.06353505,0.055389322
0.034277864,0.06949484
0.051592134,0.038269266
0.037732016,0.0564967
0.05970336,0.052451134
0.06608388,0.035717085
0.044933293,0.044578925
0.054780293,0.045786172
0.060254045,0.034982044
0.06890685,0.040335517
0.055362124,0.034582313
0.043800324,0.053539358
0.034437127,0.040678788
0.039649814,0.023527443
0.050391294,0.042852134
0.0365992,0.045385517
0.059456468,0.033500973
0.043840267,0.045155935
0.03981824,0.020160545
0.056925844,0.046135783
0.034022227,0.05779326
0.0461905,0.03880595
0.03728735,0.036579967
0.16922016,0.03957419
0.040533595,0.09369421
0.050964873,0.033573728
0.036203332,0.033667058
0.2906759,0.047521222
0.055513196,0.04314841
0.047163405,0.059662614
0.04043035,0.035226755
0.037485838,0.039848346
0.0553142,0.03364592
0.05097778,0.04797473
0.053430546,0.043137982
0.06262682,0.07555886
0.04504079,0.051400177
0.044397134,0.634289
0.051495183,0.06572904
0.040122516,0.051122896
0.03904385,0.047805805
0.05145963,0.05211232
0.068551145,0.046431556
0.029014912,0.035546333
0.037938666,0.05971328
0.039165735,0.04226083
0.054439377,0.052977126
0.051413592,0.048440218
0.061583016,0.04991233
0.06478267,0.051959198
0.04778109,0.035725567
0.05095839,0.07194263
0.058223847,0.058262832
0.053634323,0.04314618
0.05709097,0.04008333
0.056558765,0.06278997
0.037550393,0.045923162
0.064133756,0.050423805
0.028145602,0.03622747
0.042370174,0.039596945
0.04315183,0.034212198
0.03989948,0.10593635
0.08740226,0.060962584
0.045658793,0.06088953
0.061744206,0.048457704
0.056563936,0.03914353
0.043489583,0.0466656
0.04441291,0.07012049
0.05206803,0.04258786
0.02962902,0.05715959
0.046421397,0.03257365
0.029763613,0.052272785
0.051798996,0.046331003
0.03681676,0.046968978
0.04531244,0.039402775
0.049282927,0.035063416
0.041852284,0.03808833
0.039647363,0.04144208
0.07102011,0.052876662
0.04419038,0.05995926
0.2995853,0.039175738
0.019218937,0.06439352
0.052965865,0.035682045
0.047619488,0.043259718
0.03179469,0.035196625
0.04847742,0.03805586
0.056611963,0.03489389
0.074690044,0.08579518
0.03567013,0.029851515
0.046942923,0.043317687
0.040852915,0.04130227
0.03209906,0.023684805
0.03983871,0.03604137
0.05029475,0.06760711
0.037543587,0.060969993
0.057385992,0.06249459
0.03785822,0.044078443
0.03544095,0.03856925
0.12925227,0.055348273
0.041529763,0.042819872
0.046213407,0.031040521
0.044946942,0.039948765
0.041436583,0.05638913
0.052634943,0.0463474
0.044479128,0.042724717
0.04341846,0.051988576
0.059494797,0.072467685
0.041066095,0.037391238
0.048126563,0.035000265
0.023260903,0.051247973
0.04255277,0.035627298
0.03900563,0.04346788
0.043223623,0.045062225
0.05164545,0.03237927
0.052519508,0.025936002
0.058494758,0.039319437
0.04983957,0.0368374
0.044777486,0.04555016
0.036683302,0.051028665
0.08515525,0.034404717
0.05571073,0.038449068
0.069294535,0.055971537
0.08710069,0.84832865
0.035185028,0.04829492
0.03842589,0.03221502
0.0482832,0.13406189
0.034634754,0.045915008
0.0679441,0.04454065
0.042504583,0.04046022
0.060946304,0.085172266
0.04314316,0.04188621
0.043898564,0.046318043
0.031657755,0.039715443
0.03875836,0.049893335
0.07137065,0.060326226
0.043474678,0.035954494
0.048448022,0.042931963
0.029857604,0.03616366
0.057624392,0.15517336
0.052762143,0.047940806
0.06917749,0.052516337
0.04768405,0.035595264
0.044254813,0.050873704
0.040766105,0.041382406
0.040343292,0.049440723
0.027760837,0.047801763
0.053263128,0.049790226
0.040437326,0.033626158
0.06903155,0.06626991
0.043293227,0.04572007
0.045170892,0.06556907
0.06349968,0.031289853
0.031958517,0.0405155
0.048208557,0.03833984
0.04315922,0.04159966
0.045507003,0.05782548
0.041772097,0.04175781
0.0503974,0.048445594
0.05630116,0.055177707
0.051277753,0.0647661
0.033489138,0.06281893
0.046610523,0.051948838
0.051397268,0.064691566
0.06813069,0.036089115
0.047246657,0.050002735
0.047562588,0.037761126
0.058552332,0.06421563
0.049219742,0.03387578
0.023179233,0.03709303
0.05436459,0.04346897
0.054492034,0.038347077
0.033496503,0.037946235
0.054287516,0.0575609
0.036340985,0.035462275
0.064243495,0.06821044
0.062337495,0.06669485
0.05740305,0.04345916
0.047173057,0.03843625
0.050459143,0.058590062
0.052295864,0.05155081
0.040360328,0.03789159
0.0655578,0.052043334
0.048560448,0.035528466
0.04201969,0.029419232
0.040822607,0.045853518
0.0794775,0.02562109
0.04894575,0.03648393
0.04427837,0.041877992
0.052457124,0.26023152
0.029515184,0.04163726
0.049154885,0.07386707
0.033277996,0.049709935
0.06594977,0.057791334
0.05208034,0.050481338
0.043149974,0.034299478
0.042318113,0.057258416
0.05820292,0.037128408
0.039549094,0.03945165
0.04895869,0.032192957
0.040205933,0.030719599
0.05363381,0.06568523
0.052148085,0.042225964
0.04078442,0.03405879
0.046317764,0.03544927
0.052975435,0.04675417
0.043437604,0.043956537
0.041418616,0.050245088
0.02721986,0.03049937
0.04621942,0.06071256
0.05384163,0.029310659
0.043572064,0.050708737
0.047325052,0.042626966
0.053257428,0.046773255
0.058960706,0.046665184
0.042546403,0.039361723
0.04539247,0.04022821
0.036268078,0.041078806
0.09619342,0.039102104
0.040327992,0.04290241
0.023987398,0.024635943
0.07869038,0.0537863
0.050965644,0.0440984
0.04710072,0.028952578
0.04115029,0.051534325
0.048632372,0.044691347
0.062040284,0.13932806
0.04834169,0.033523694
0.042017054,0.08465906
0.09237293,0.04031519
0.04637253,0.03902289
0.04810978,0.06086936
0.034021184,0.046888385
0.050375454,0.05182881
0.026632877,0.06597833
0.022412319,0.04495324
0.04750409,0.046292752
0.04118562,0.03151818
0.05016632,0.04576969
0.045390155,0.0291585
0.047820732,0.052661657
0.055953935,0.058114324
0.038085163,0.04170203
0.052319266,0.087657385
0.039704088,0.038678925
0.04445667,0.049630303
0.03508045,0.038767926
0.041878164,0.04527489
0.059375,0.060974367
0.045218702,0.030306159
0.048427295,0.047328535
0.037176933,0.04779678
0.037125118,0.033279933
0.05407407,0.04694889
0.037489146,0.03347483
0.031016815,0.050327472
0.033990428,0.037260685
0.04002218,0.028451756
0.06209224,0.053347785
0.038839027,0.12852581
0.044363324,0.041777417
0.04595562,0.06764965
0.043218553,0.04127836
0.030912502,0.039958492
0.043833584,0.044798955
0.0626358,0.045980256
0.046228576,0.052511048
0.04080628,0.049316127
0.058714923,0.03418731
0.047496747,0.043408968
0.067893036,0.0492335
0.03437234,0.024168456
0.062120434,0.045188222
0.054025114,0.058992285
0.048444066,0.049219202
0.03733279,0.030495435
0.048378885,0.08680843
0.05447876,0.040584773
0.01909483,0.03325459
0.0602538,0.03543352
0.046852663,0.044149965
0.053080022,0.048762288
0.031469326,0.04135117
0.035635754,0.053120892
0.040738493,0.05111236
0.041314594,0.054333974
0.06732921,0.04749766
0.046772495,0.039319087
0.050586183,0.062483113
0.05121614,0.042815544
0.058565576,0.0479003
0.043241043,0.04991836
0.041182265,0.03622384
0.05047168,0.07279095
0.054863952,0.04999515
0.04801202,0.04664186
0.03697291,0.04217713
0.040121555,0.04624169
0.056883074,0.066158034
0.047306273,0.040855147
0.03348496,0.045536913
0.028980516,0.075674936
0.033040967,0.03964119
0.043870576,0.049741086
0.03830685,0.04044398
0.06550519,0.91013575
0.0392547,0.037874803
0.038295656,0.057915296
0.047445975,0.05168373
0.030924609,0.05842898
0.035644133,0.03575876
0.05223961,0.06306065
0.049201775,0.024864051
0.060395177,0.0529105
0.05865984,0.040978607
0.85982436,0.73644054
0.049788836,0.04147161
0.05411531,0.04465801
0.03589112,0.030505566
0.05221037,0.7519093
0.038625207,0.031489547
0.05062211,0.06028638
0.039783414,0.03213808
0.04181551,0.12470703
0.04786771,0.03785843
0.04835311,0.042464793
0.039095778,0.059067264
0.044801336,0.04016034
0.07627155,0.039252624
0.048000723,0.042418957
0.07148515,0.03938052
0.060597133,0.034859702
0.045215692,0.04055568
0.053936414,0.041853707
0.026493844,0.050712824
0.05500488,0.042354953
0.05127908,0.05005708
0.03483233,0.04569517
0.06195983,0.04741549
0.04405957,0.037282467
0.050546646,0.049513467
0.04208749,0.092383005
0.045875277,0.040641125
0.053138748,0.03570703
0.06975513,0.04404957
0.03196519,0.042440664
0.035262287,0.035648786
0.038126152,0.039205432
0.06477831,0.042240676
0.05465574,0.032228433
0.10555664,0.053869165
0.043782093,0.034154247
0.06809607,0.048432413
0.049379684,0.06499317
0.04406458,0.027583411
0.04843061,0.074946396
0.038228385,0.042732652
0.036505472,0.047431994
0.033515606,0.030167103
0.050034933,0.041305177
0.052960988,0.050633892
0.035780337,0.041784544
0.075993724,0.049828958
0.031345535,0.036255505
0.0336712,0.042135272
0.05829773,0.04096726
0.07540775,0.02803635
0.039938297,0.07453886
0.039438643,0.032355346
0.04250877,0.03457265
0.054091014,0.060499895
0.048988197,0.060189698
0.03504064,0.042086832
0.04307373,0.044881474
0.03181051,0.03589622
0.042129714,0.036633268
0.03404352,0.061307956
0.048191585,0.035325013
0.031944867,0.061011113
0.060406025,0.056519385
0.060339525,0.054414023
0.043888364,0.037398472
0.041595146,0.05239668
0.061472163,0.17277138
0.04455803,0.035871584
0.044022854,0.03714561
0.03252722,0.042419635
0.055111375,0.07831759
0.052161533,0.049323864
0.044584576,0.054367594
0.054711167,0.03570806
0.022232713,0.09680093
0.051086172,0.056409873
0.039907105,0.057252623
0.04971653,0.0408586
0.085740425,0.07014773
0.04496925,0.055088937
0.0491963,0.029828683
0.04187212,0.06367832
0.041232165,0.033132233
0.046130672,0.0411415
0.14149511,0.050914735
0.054370146,0.04257232
0.037906025,0.044220243
0.046307653,0.031479906
0.06055221,0.7088525
0.09939213,0.04805703
0.039590504,0.022578493
0.058724415,0.043638095
0.092821985,0.046378747
0.049065426,0.0549723
0.040071968,0.03599062
0.06408103,0.063719496
0.039465982,0.035543043
0.04022032,0.04831525
0.041854404,0.026582118
0.058634207,0.06897434
0.05857387,0.043442085
0.07293102,0.09269786
0.078189895,0.05512846
0.046885073,0.05109822
0.077806875,0.055304118
0.04496342,0.05973136
0.06747889,0.043642815
0.053994175,0.03653273
0.048734,0.050316192
0.05501208,0.036791813
0.05687922,0.036688704
0.051283024,0.042663448
0.034668602,0.05679085
0.04573282,0.038101904
0.0706913,0.048483126
0.05045005,0.04514236
0.03395323,0.043077826
0.046137,0.051604383
0.05231724,0.029133635
0.045066364,0.05780336
0.04405354,0.041721154
0.03447326,0.036246136
0.050999247,0.041064534
0.058483075,0.056080766
0.04961001,0.082854606
0.048029188,0.040420175
0.05749338,0.044025127
0.0466065,0.036915895
0.038255714,0.041443042
0.057276335,0.03807632
0.05473107,0.037662037
0.062307056,0.052890237
0.055973038,0.04031193
0.04883931,0.04835628
0.036626253,0.032399893
0.05988457,0.02982593
0.03535637,0.03039047
0.060295537,0.04544218
0.0691071,0.037813935
0.03405505,0.039045915
0.056020416,0.037753887
0.04892115,0.05118863
0.041793868,0.033945058
0.032434758,0.046930704
0.046400417,0.057449155
0.04926516,0.054851245
0.058372527,0.05057369
0.03649159,0.048997533
0.046416033,0.03757269
0.052261498,0.060484815
0.06018884,0.055151846
0.042414315,0.040475193
0.08138562,0.058657497
0.061132196,0.061325006
0.049867637,0.18649028
0.04064012,0.037377447
0.042224344,0.043679647
0.03854471,0.053807873
0.056993987,0.04615218
0.026470266,0.034146436
0.06039625,0.03183201
0.040059566,0.042041846
0.045398805,0.057285324
0.041283138,0.029898359
0.06012591,0.025490647
0.05058167,0.050552424
0.04829959,0.045611322
0.041399084,0.030746398
0.057129648,0.022887819
0.08594073,0.04589807
0.035523575,0.024353556
0.06891632,0.048493333
0.07282112,0.041514806
0.04414379,0.060852636
0.036972262,0.03912731
0.0536347,0.040485185
0.050546005,0.057513267
0.011420091,0.028638542
0.04886035,0.036106076
0.046641674,0.036300227
0.050580077,0.06343654
0.2099555,0.063099034
0.045148976,0.04595658
0.038792774,0.025201498
0.045946524,0.030905388
0.035897356,0.041772194
0.061491184,0.06087683
0.03961836,0.027165642
0.044826414,0.06434825
0.04423646,0.052685197
0.021695409,0.03748641
0.040957585,0.048308253
0.05100243,0.06656241
0.05086797,0.047660466
0.030688258,0.06809043
0.045968875,0.03441671
0.048200577,0.02894919
0.050996773,0.071741685
0.049761724,0.060374185
0.0307837,0.05039093
0.03685076,0.033655524
0.039434254,0.046867553
0.06398652,0.065069765
0.039083164,0.040891696
0.064194515,0.034048364
0.038698908,0.031066554
0.046842698,0.0361623
0.04332099,0.043327916
0.09595066,0.054695215
0.062478144,0.05492283
0.03568657,0.03347558
0.035394527,0.039550364
0.046147954,0.044912428
0.049310327,0.026538258
0.057325374,0.038874026
0.055930145,0.053796243
0.040593993,0.046394657
0.035007462,0.033876672
0.05005937,0.48083207
0.04829914,0.030678252
0.045622937,0.091470614
0.020449435,0.058480263
0.035301886,0.04552734
0.048033465,0.038745236
0.045304947,0.040504552
0.055610504,0.04048232
0.058969874,0.039892565
0.03606163,0.06273965
0.051579557,0.07277828
0.055439577,0.053817555
0.037252083,0.04555239
0.043600783,0.045256793
0.049218595,0.04660647
0.04168772,0.043533083
0.057056148,0.09415248
0.044471167,0.05810289
0.035566922,0.048000656
0.048870612,0.05431863
0.05885269,0.03589177
0.03839489,0.07292801
0.042949975,0.04851762
0.05358324,0.042613283
0.060927402,0.058053315
0.046996932,0.04528698
0.04855675,0.04353389
0.049855154,0.059115462
0.0373855,0.030795526
0.04261119,0.048904106
0.045835145,0.04640183
0.05080066,0.026403543
0.07592201,0.053749576
0.054660667,0.06908648
0.04287372,0.04967778
0.04589564,0.04386652
0.06637596,0.053733356
0.045475487,0.06270496
0.047716033,0.034625974
0.073638044,0.070468575
0.061746214,0.042884246
0.044051815,0.048556812
0.038933005,0.047885567
0.09266297,0.045272466
0.044028826,0.04541551
0.05402934,0.05320743
0.032351505,0.033856157
0.045752924,0.048923146
0.14462145,0.055148657
0.04376892,0.03425197
0.035531048,0.050384764
0.050056696,0.038226917
0.051566165,0.032342624
0.044010147,0.04565587
0.04781996,0.045030616
0.03323124,0.025414731
0.057802193,0.050594196
0.049013235,0.03820087
0.037782423,0.04640513
0.036577713,0.051801026
0.05832801,0.044599406
0.04626492,0.035701487
0.047362998,0.04590786
0.04558406,0.032000672
0.0479775,0.037663743
0.03883567,0.0457597
0.045742746,0.04289889
0.05529033,0.048181843
0.059259642,0.053893253
0.053992726,0.03633543
0.052590318,0.043135077
0.04627208,0.038487453
0.045799732,0.045111693
0.048682235,0.056571737
0.04042486,0.050815932
0.046123564,0.02923306
0.04584865,0.052528296
0.042056076,0.025323045
0.05280949,0.036592197
0.039888956,0.04084332
0.04268651,0.023032306
0.04360431,0.034332804
0.03953306,0.04678276
0.042771153,0.07730937
0.048930075,0.058539238
0.056092694,0.03833535
0.03667733,0.038839143
0.06695313,0.051349748
0.06939312,0.04257186
0.04806709,0.032237295
0.04236934,0.023650378
0.041994717,0.046007514
0.04086898,0.044997565
0.042710815,0.033211265
0.074961476,0.04736821
0.05857884,0.052957278
0.03545525,0.041498236
0.11817314,0.051271364
0.056923065,0.060029384
0.039195284,0.028648486
0.035394203,0.05176815
0.04640356,0.049159683
0.045228895,0.06726235
0.035913724,0.03005864
0.22815493,0.038529716
0.047060207,0.05224334
0.055944666,0.046340972
0.039024524,0.036069963
0.055092312,0.067986384
0.029247317,0.02865277
0.04911411,0.04851917
0.03556023,0.038112614
0.049811237,0.034668874
0.04793569,0.04728738
0.04580863,0.0418212
0.05296358,0.052516732
0.037606895,0.039210275
0.04291506,0.0584546
0.04899189,0.0389566
0.044476297,0.049296387
0.035556853,0.053449254
0.05082748,0.053442523
0.063192755,0.06897976
0.04234894,0.035049032
0.04697808,0.03174602
0.04128901,0.029362837
0.052002493,0.059700955
0.03613612,0.056655657
0.047377497,0.03158307
0.04338094,0.039313305
0.04343587,0.059532378
0.052182462,0.028819403
0.07135369,0.04374151
0.0526151,0.035324465
0.03485849,0.024980515
0.048797753,0.03572325
0.07127881,0.09277384
0.041596446,0.034644686
0.04770633,0.072606616
0.04431668,0.04756256
0.04664135,0.0520345
0.049538888,0.035901554
0.050489098,0.06523937
0.04513392,0.027487429
0.05000796,0.04964025
0.045203067,0.050376765
0.056232307,0.045501743
0.05275391,0.08079639
0.051318143,0.036861848
0.06013676,0.037952654
0.047114335,0.05371659
0.048696898,0.056461502
0.06555861,0.039670523
0.04277745,0.032300558
0.05014011,0.06830004
0.03194715,0.06259442
0.04811024,0.021476572
0.08164941,0.03682236
0.032276142,0.04649711
0.026776232,0.033895746
0.043212052,0.048529927
0.04570426,0.032171227
0.033591487,0.0454937
0.029968366,0.045267873
0.04955908,0.043689944
0.035540275,0.054403223
0.051985994,0.05966692
0.056964014,0.055355616
0.048262656,0.03697014
0.06528671,0.04161127
0.05416945,0.049489424
0.021962028,0.044193245
0.054902606,0.057536505
0.029847575,0.04244757
0.051312614,0.02995353
0.043535642,0.03630508
0.03350009,0.027385697
0.055945925,0.03121784
0.053401735,0.03431443
0.048027147,0.026425784
0.039564017,0.053394828
0.06300968,0.04661045
0.049281467,0.056657664
0.055835214,0.056251395
0.058895644,0.07869232
0.045513086,0.033100713
0.033902276,0.020899333
0.046504173,0.04048947
0.060086284,0.04394259
0.04064799,0.045688026
0.078380086,0.040313087
0.036482107,0.03465085
0.054755654,0.04150298
0.05118946,0.044759896
0.046033192,0.039144542
0.04521697,0.028692707
0.05028031,0.03862453
0.031974204,0.22362718
0.053452518,0.04354412
0.037792727,0.047299445
0.03894407,0.07587521
0.04359288,0.04713865
0.044583805,0.03158163
0.049767826,0.039960746
0.03317932,0.04422612
0.028534818,0.035175607
0.05543252,0.03841007
0.04681392,0.062191233
0.05614496,0.05860995
0.03782064,0.055150382
0.035801265,0.04718783
0.045288477,0.046637684
0.033253286,0.022389183
0.029050544,0.0312515
0.065209806,0.0370433
0.111802146,0.06131681
0.053445674,0.035039995
0.057153314,0.06536589
0.067491844,0.049134806
0.05335482,0.04574512
0.049850583,0.038428206
0.038108934,0.027833434
0.04133902,0.04626464
0.06302247,0.031170538
0.056902725,0.034237836
0.042352285,0.048049837
0.061568636,0.039972853
0.051298965,0.033220466
0.03860671,0.030991556
0.074102834,0.03856762
0.03908653,0.043312132
0.04565354,0.060337923
0.05387106,0.045336753
0.045096166,0.03649124
0.027252756,0.029551184
0.038530283,0.042546984
0.061166875,0.045524824
0.04963708,0.040804848
0.048659217,0.045949087
0.030238636,0.040448528
0.045070786,0.051416047
0.0503476,0.05721874
0.049566593,0.038497474
0.039836377,0.046525702
0.05829325,0.03396633
0.039291214,0.055222016
0.068939336,0.06308426
0.048922874,0.036748905
0.0594099,0.050149824
0.058373723,0.046409238
0.048166387,0.031979218
0.033036657,0.041587092
0.048858624,0.050978474
0.24008061,0.04762431
0.034201022,0.03960661
0.041317493,0.04860818
0.038596034,0.038607154
0.036363903,0.044566814
0.038057186,0.010198677
0.059601534,0.047610298
0.04533628,0.045274496
0.041516032,0.022762248
0.054375906,0.04431784
0.052297577,0.05309182
0.068307064,0.04906615
0.058530513,0.029584246
0.048349854,0.032612823
0.05605542,0.08064071
0.051970195,0.060743254
0.06450647,0.054015532
0.05044592,0.052775584
0.04111387,0.03919188
0.08743315,0.038225822
0.04526093,0.056214474
0.039788708,0.051721416
0.049320385,0.034250867
0.044576496,0.14167929
0.07639228,0.10362142
0.024070436,0.044188306
0.05531118,0.042996533
0.061515015,0.051105935
0.055460162,0.0430119
0.054478012,0.05900634
0.020833643,0.039938558
0.02998953,0.049915344
0.0519308,0.059712406
0.04526349,0.038143646
0.052569266,0.031308576
0.03563738,0.041478824
0.04227763,0.04467438
0.05212284,0.06838782
0.049399115,0.04009013
0.023178179,0.06551309
0.023919234,0.081604406
0.040455,0.035446733
0.03709062,0.05904792
0.04219795,0.049482778
0.033987496,0.06691969
0.042087033,0.03870564
0.04799977,0.06189627
0.055652544,0.056977067
0.057017047,0.047393546
0.04563754,0.03795545
0.02304598,0.05736325
0.05514265,0.044846192
0.055625144,0.05718877
0.047206603,0.047939602
0.05536989,0.031721734
0.045143146,0.05913037
0.0491373,0.06273464
0.054819535,0.06487323
0.04749458,0.047081772
0.05265345,0.031764105
0.04283385,0.03496177
0.042335685,0.04039591
0.044986308,0.029279588
0.09141327,0.091934524
0.07462818,0.054821845
0.05716773,0.03588082
0.0559427,0.08210203
0.048629444,0.045579735
0.036988344,0.029930841
0.043881103,0.043058526
0.057775524,0.05718425
0.04293352,0.05422783
0.048227187,0.048112746
0.056773964,0.040666614
0.05098197,0.044479948
0.039044954,0.037589543
0.04856122,0.051086437
0.04393504,0.029393483
0.04928395,0.06610953
0.02743084,0.04985158
0.0500551,0.05317602
0.045178395,0.033855405
0.040808287,0.03975177
0.036132418,0.027043987
0.048464023,0.054935094
0.04677339,0.026863169
0.042106412,0.04828572
0.050939523,0.073571034
0.05698612,0.071900226
0.04535012,0.0443131
0.052353136,0.058746766
0.049123276,0.02990684
0.058516823,0.062296044
0.048373077,0.02448753
0.027628344,0.03222685
0.040709723,0.043450218
0.050229486,0.075657815
0.031769197,0.043917954
0.050903868,0.060712498
0.051374663,0.04392906
0.03628846,0.039171923
0.05934249,0.016986573
0.06475564,0.06986724
0.036579598,0.04186503
0.051798236,0.035800293
0.040781323,0.04518634
0.060246885,0.05665819
0.07651921,0.03534733
0.036381233,0.050192427
0.05110421,0.056517374
0.05459355,0.042626157
0.041911587,0.04856663
0.041647136,0.034136694
0.04878602,0.03606545
0.03598784,0.032263495
0.07139431,0.052138638
0.048620194,0.04010062
0.05614352,0.05039045
0.04531321,0.04149653
0.04773608,0.05508588
0.04550822,0.05395494
0.06370257,0.027618833
0.03743016,0.054686822
0.03568371,0.07309536
0.070853814,0.06187546
0.050863642,0.048017204
0.037498474,0.062741116
0.06122622,0.036776926
0.03642213,0.05476897
0.044625696,0.039930798
0.038267173,0.053387746
0.065587655,0.0758184
0.037941393,0.035823144
0.9032949,0.05411945
0.038110483,0.2985825
0.07677864,0.04679247
0.049023498,0.039052997
0.035144843,0.03483229
0.049763255,0.045713402
0.045069702,0.014680938
0.034799725,0.035013895
0.045538325,0.04706562
0.058837052,0.055930134
0.05147544,0.03139153
0.031033628,0.048266746
0.043118984,0.038029738
0.04640362,0.04079554
0.044126205,0.06288501
0.058277857,0.028158737
0.060049552,0.042794056
0.058498856,0.030468078
0.059627008,0.042052973
0.0629548,0.043266077
0.04294734,0.04572569
0.042814948,0.039033238
0.055311363,0.04788476
0.043921936,0.027795726
0.0559152,0.053608213
0.051122636,0.046315484
0.058824744,0.037161328
0.04160604,0.60405636
0.0575872,0.049839232
0.053143613,0.07043131
0.095750086,0.04580884
0.03248621,0.05181281
0.048529327,0.043641876
0.05494684,0.047124635
0.049091812,0.02653216
0.07802765,0.032422714
0.039280426,0.04145139
0.038185723,0.040057275
0.06191718,0.043141633
0.060101148,0.04900103
0.04781684,0.049524356
0.1497891,0.056430377
0.053270478,0.049405813
0.03689766,0.03251379
0.045109175,0.03716467
0.05362179,0.09084265
0.0420347,0.024444446
0.050478663,0.05181001
0.03732035,0.084821455
0.043778047,0.03250897
0.039825276,0.037814286
0.039404135,0.051130395
0.045110334,0.05832548
0.03437957,0.029456086
0.04844075,0.04155404
0.044678282,0.058369942
0.04661827,0.04265619
0.04908735,0.037255015
0.03807344,0.056974072
0.060280874,0.046688378
0.03614333,0.0300536
0.036365453,0.0966253
0.051922485,0.045323264
0.044690147,0.0497288
0.06871268,0.05318343
0.03195506,0.026772149
0.060361348,0.036515776
0.024250539,0.061215166
0.036657862,0.03677193
0.0465735,0.048613295
0.035039596,0.034273837
0.043176584,0.032646768
0.044539675,0.062446237
0.032528587,0.0477879
0.03929749,0.040127814
0.044231966,0.039275993
0.04479666,0.043498218
0.052301005,0.040143877
0.04736453,0.045062356
0.041728817,0.03798553
0.039345454,0.06580471
0.032953285,0.05035357
0.05476482,0.05335019
0.06855177,0.041819848
0.039866414,0.07322002
0.042419657,0.04007721
0.054909118,0.05752402
0.061580073,0.06162642
0.04454455,0.06303713
0.04133438,0.06310377
0.050703667,0.042116143
0.02579844,0.063062966
0.055111315,0.044188373
0.06303089,0.05346482
0.05033596,0.05776823
0.03931624,0.0443275
0.038224056,0.040135093
0.042207867,0.037058733
0.049781393,0.818347
0.030608982,0.03619608
0.056806717,0.066554844
0.045333076,0.025075153
0.04293152,0.029926568
0.047159765,0.04253931
0.061204255,0.0658818
0.05968572,0.033901844
0.0565381,0.06550139
0.03758778,0.04940789
0.04493169,0.05379939
0.048573326,0.055216353
0.043107547,0.03252623
0.052521534,0.038007498
0.048584178,0.051384572
0.054835517,0.050485294
0.048760142,0.037166443
0.06447315,0.023388835
0.060155883,0.048803292
0.034141883,0.066041574
0.04754037,0.0583913
0.050082978,0.03981064
0.052622836,0.040184952
0.045301355,0.04373576
0.04694254,0.028265202
0.067717366,0.04050619
0.05621503,0.057569597
0.03961403,0.03476056
0.043854393,0.054447927
0.04242693,0.03475761
0.048534945,0.04872834
0.047839887,0.035346642
0.04157724,0.044281863
0.053481,0.038408913
0.043888748,0.047189843
0.03647503,0.046843883
0.059308276,0.046776906
0.061925128,0.066155024
0.04810462,0.039847516
0.0154166585,0.043698534
0.035644792,0.047786962
0.054507144,0.06424953
0.04181731,0.044750012
0.030683938,0.035969686
0.042929146,0.032369785
0.031823378,0.019163897
0.050419018,0.042432245
0.045138653,0.06717266
0.04867172,0.04044282
0.05504007,0.031659182
0.033988867,0.050454386
0.07121234,0.062676415
0.054281246,0.049235992
0.06129994,0.058920022
0.04044203,0.044998113
0.058142744,0.048869833
0.049198784,0.048011344
0.026623193,0.042264
0.0390337,0.041413903
0.04208157,0.056282874
0.05017122,0.0322023
0.03927435,0.037472412
0.052362394,0.061100494
0.3577862,0.049336016
0.042654924,0.040266443
0.050434474,0.042911418
0.042629715,0.7836724
0.051842142,0.026195599
0.065612905,0.041850843
0.03630099,0.06833324
0.0314688,0.03790277
0.067939766,0.040123202
0.048017636,0.036838077
0.028529696,0.049187966
0.030618675,0.04551923
0.042886447,0.11850106
0.06481044,0.033883046
0.048672285,0.03707492
0.036791783,0.078714594
0.048885264,0.043904357
0.06185804,0.050668493
0.05929329,0.066283226
0.054292887,0.046686497
0.049175654,0.031815093
0.042492423,0.019521335
0.048536863,0.05304377
0.05547304,0.03764688
0.051849067,0.0625076
0.0282713,0.032054666
0.048734386,0.04786968
0.044636212,0.045160327
0.078007266,0.05340016
0.03408743,0.040571373
0.033717215,0.045245185
0.04410355,0.061581235
0.039303046,0.048328824
0.042253822,0.035749108
0.057700526,0.034471344
0.0424582,0.035886906
0.043698475,0.044178512
0.062477637,0.029377056
0.055494133,0.038259715
0.056491453,0.0511655
0.033079125,0.042373948
0.06849708,0.049109887
0.051912457,0.12071296
0.044520248,0.039561406
0.042522218,0.05726565
0.04898692,0.041227624
0.04928516,0.038870748
0.049113218,0.053440906
0.05703946,0.05622265
0.033124533,0.03523915
0.05298373,0.053347785
0.031143153,0.06082824
0.05047536,0.0665906
0.10731667,0.06512586
0.040665794,0.032622103
0.063219525,0.048992153
0.055057693,0.042756435
0.077490255,0.041548207
0.0368913,0.044066265
0.047143288,0.03637988
0.03952286,0.03917519
0.06738876,0.050834294
0.05933596,0.058936417
0.047473315,0.065741844
0.038170505,0.050037887
0.037563026,0.05947502
0.040292755,0.04274802
0.03652398,0.04073315
0.04431751,0.044328727
0.048221376,0.038082734
0.05854919,0.05064926
0.040652573,0.035982747
0.0685896,0.061615773
0.044248465,0.05261385
0.046697173,0.22954872
0.063653365,0.056405086
0.03784811,0.058053054
0.039299812,0.042884924
0.039471995,0.0627917
0.046046063,0.0579106
0.053807158,0.06964565
0.1188671,0.047898225
0.04920152,0.047589906
0.033252697,0.034858465
0.050728653,0.05852372
0.031685073,0.042778667
0.035705745,0.033431645
0.063899614,0.056849435
0.043350477,0.04221993
0.036240537,0.042809356
0.045755226,0.071591295
0.055576734,0.049274616
0.04864959,0.041512553
0.04707362,0.028091937
0.050121084,0.031483077
0.060877554,0.09764351
0.05257618,0.045819636
0.054403156,0.047762785
0.05774054,0.024394903
0.047369517,0.055779878
0.054037698,0.04281242
0.05231958,0.040924985
0.048471935,0.04248547
0.040426604,0.044136498
0.04681987,0.057359863
0.044626396,0.034667093
0.042726647,0.04499075
0.05735113,0.0578377
0.036241315,0.03623451
0.049972195,0.022056567
0.045857675,0.047053333
0.037843317,0.04023665
0.06320366,0.049336694
0.05352564,0.054023076
0.045141798,0.028148158
0.037526798,0.03921612
0.06723913,0.060789682
0.05180496,0.048082672
0.05056432,0.053045105
0.048912093,0.073798455
0.040771518,0.04221755
0.04337509,0.070859656
0.034702055,0.046313256
0.036425374,0.035164982
0.06616529,0.03953642
0.04612049,0.04423917
0.047986943,0.037098832
0.031412695,0.04699788
0.048831347,0.055594075
0.024001157,0.06655958
0.046178028,0.031120688
0.02618228,0.033046592
0.073068745,0.046566624
0.038735136,0.040292673
0.05691299,0.030711675
0.04131285,0.03879246
0.052519884,0.04891486
0.044793002,0.022174867
0.04145521,0.022594372
0.06685412,0.033574212
0.037804965,0.03647606
0.05909979,0.05696743
0.042981483,0.053953737
0.049122903,0.053424884
0.047376353,0.060025338
0.05556116,0.048331317
0.17340682,0.05284372
0.052388128,0.064355485
0.06549274,0.030533142
0.039760284,0.045685794
0.051541727,0.050653674
0.05700859,0.040867914
0.03508402,0.043146595
0.05870294,0.049557928
0.040151183,0.04859474
0.073049866,0.049804717
0.05907945,0.062615775
0.044570856,0.032257996
0.041681927,0.030093318
0.046505965,0.065549485
0.047739334,0.04543442
0.045686465,0.04579933
0.061279412,0.062193878
0.04793639,0.06787427
0.03710353,0.03628511
0.041387483,0.062256437
0.038770072,0.032540657
0.047525547,0.039752603
0.047668777,0.04044669
0.042004887,0.053008556
0.042952035,0.031225687
0.03893838,0.05403077
0.048390556,0.04076325
0.03183501,0.060876112
0.045276433,0.05513259
0.05267151,0.040672865
0.04166762,0.034127023
0.04837422,0.055353016
0.045516677,0.041031525
0.04378267,0.04474455
0.0582031,0.041297857
0.048462816,0.045091756
0.060417425,0.03971455
0.048620004,0.04018849
0.042210177,0.045099124
0.038594216,0.07143085
0.046234075,0.051687755
0.03959374,0.040051218
0.054839816,0.038323753
0.042632412,0.05772141
0.035358317,0.035092935
0.043449752,0.051720694
0.043162894,0.03847389
0.05226181,0.046271637
0.048291232,0.038185723
0.04588027,0.03437743
0.048142526,0.055822216
0.72830504,0.03768756
0.048358027,0.04618241
0.048130143,0.064116105
0.18596254,0.044318322
0.09103206,0.059812542
0.042484514,0.027662147
0.04608875,0.039728712
0.053013127,0.057885505
0.045717392,0.05486283
0.04403717,0.042306602
0.043167964,0.043549545
0.06715172,0.042389404
0.035283096,0.052241877
0.048582453,0.034299687
0.03714931,0.030563876
0.03717804,0.05250838
0.049349558,0.02484183
0.043197148,0.044199802
0.04138819,0.043577217
0.06061362,0.032654323
0.045358386,0.04135633
0.062190138,0.062683344
0.048889726,0.062467813
0.037820905,0.030915793
0.048623197,0.04124251
0.0458023,0.028377458
0.057637554,0.05306268
0.06393857,0.050054345
0.03372621,0.032638658
0.051822472,0.047292512
0.048364658,0.041642025
0.056318622,0.06770552
0.053653248,0.080031835
0.042025745,0.04985213
0.03508181,0.058905967
0.043992553,0.075850464
0.03675552,0.07114883
0.049115825,0.052916642
0.06189556,0.03995272
0.042227812,0.039148837
0.046986517,0.050109014
0.0574096,0.041539922
0.047292918,0.03565036
0.04196156,0.053508252
0.036236256,0.07007754
0.054816503,0.059994496
0.06091282,0.05405064
0.05401252,0.090714924
0.043149903,0.02717007
0.04114243,0.032765638
0.028989185,0.04765568
0.105557695,0.042939484
0.03082716,0.030598806
0.042822473,0.03679612
0.060641788,0.058403384
0.047194332,0.06455224
0.04433547,0.02043281
0.053155713,0.046552524
0.032407664,0.039134935
0.03393212,0.03529571
0.041297518,0.026137639
0.043008607,0.04693866
0.04513174,0.046922334
0.05056934,0.02841277
0.043872178,0.045740463
0.03835029,0.06301721
0.04337162,0.03836241
0.048373077,0.056550644
0.03990949,0.05796988
0.056031328,0.047008194
0.033266976,0.047255397
0.033212654,0.03917696
0.03917104,0.043956187
0.054199677,0.07492362
0.042120192,0.036673665
0.03945649,0.049432196
0.046036653,0.06449558
0.030946735,0.029830137
0.027480893,0.06516083
0.040069766,0.048591107
0.03653001,0.037306096
0.041881643,0.036487143
0.022880783,0.029489629
0.040931523,0.026429456
0.06163112,0.036772545
0.030255672,0.04254622
0.05490926,0.06696076
0.07905095,0.04432243
0.037580073,0.048063632
0.03524499,0.04216878
0.05151735,0.040477775
0.03949629,0.056656726
0.10548004,0.05764206
0.05181448,0.052044865
0.04229906,0.042119052
0.05971539,0.03622281
0.038677428,0.067529485
0.037140947,0.049969446
0.035612687,0.04123925
0.041553915,0.07054936
0.100457676,0.04202849
0.03565103,0.035813842
0.043695908,0.041616973
0.039354753,0.03599431
0.047604226,0.04226638
0.06824933,0.044998724
0.034650765,0.042492185
0.057795785,0.04669533
0.044268735,0.031630274
0.04317934,0.046564065
0.05158375,0.053706996
0.08620294,0.054681946
0.054226805,0.06498233
0.036815785,0.039913397
0.03897809,0.053470917
0.08071585,0.039769195
0.042984374,0.04367213
0.04270818,0.03317275
0.038000137,0.07534703
0.049255792,0.041475896
0.05598837,0.050985515
0.046745766,0.02700334
0.029983638,0.046938922
0.04961345,0.035910998
0.059736602,0.07588345
0.08609331,0.049907017
0.04662479,0.035761632
0.06362218,0.046523605
0.047887757,0.043432884
0.06033326,0.051706027
0.05178846,0.043671865
0.0550409,0.048139393
0.043489583,0.023474423
0.040105928,0.0384357
0.043837953,0.03479714
0.88937175,0.042210773
0.042849414,0.053333096
0.07934471,0.043853864
0.03874186,0.02478598
0.027062451,0.040201213
0.030976508,0.058590718
0.033733055,0.038346387
0.037481103,0.04037482
0.041380394,0.051363215
0.026225703,0.051992204
0.053680524,0.060583178
0.109399155,0.043069564
0.050819036,0.030756803
0.058935963,0.03581001
0.061668154,0.042050544
0.04927452,0.040710047
0.031973355,0.029619023
0.0427024,0.04224448
0.050630435,0.046121005
0.036642224,0.045114532
0.048751593,0.034667846
0.055749346,0.06417541
0.0638119,0.13549152
0.056697283,0.046847466
0.06420841,0.050523855
0.045120645,0.057171874
0.05934537,0.050615266
0.06215426,0.04534263
0.04887335,0.04336827
0.043008294,0.04735785
0.034147684,0.02352813
0.034421504,0.06679955
0.04445333,0.05483177
0.06079138,0.046560764
0.039395932,0.040963918
0.03347186,0.040877357
0.05013368,0.042485014
0.040712684,0.050848763
0.05641457,0.043795127
0.04184745,0.032863535
0.0416407,0.040091768
0.029687176,0.051886387
0.031702463,0.035762936
0.040822536,0.05124041
0.053874984,0.061714467
0.03753211,0.032889646
0.044898026,0.08323228
0.050874896,0.06491282
0.04699674,0.06700251
0.047158293,0.054555513
0.045618385,0.025368368
0.05723265,0.07037211
0.0484211,0.027943537
0.024960209,0.036988106
0.04486943,0.06849181
0.05272063,0.16384473
0.050336983,0.02738397
0.041016713,0.04997668
0.054020874,0.055343352
0.042007655,0.044328313
0.059595063,0.059555635
0.038211297,0.03168657
0.05151309,0.0538705
0.04359057,0.03406325
0.04399384,0.038659908
0.044767033,0.051632646
0.04559795,0.047112506
0.040010232,0.05607458
0.051937714,0.0618964
0.050703984,0.04134614
0.049352165,0.040284805
0.052744906,0.057957858
0.056860015,0.028114485
0.038095202,0.04722838
0.04196587,0.058928788
0.047002368,0.045337647
0.049118824,0.07220761
0.051368184,0.041844133
0.033053167,0.04681896
0.05619031,0.0645948
0.041543227,0.03220746
0.03858017,0.043317687
0.04123422,0.03801425
0.04813224,0.077654175
0.042822268,0.032579694
0.050291564,0.04357621
0.065585606,0.034276515
0.043238986,0.03807387
0.03019259,0.033900816
0.09150587,0.049073536
0.056656316,0.057259202
0.046558402,0.037606888
0.06699781,0.05974572
0.05567463,0.02855327
0.053343996,0.051791452
0.04564989,0.03944682
0.0429076,0.052317794
0.032743674,0.05251647
0.037067205,0.045592282
0.072211966,0.037248116
0.049563024,0.06759972
0.0490012,0.03505863
0.042932484,0.048263576
0.047712523,0.0325922
0.9267729,0.05952807
0.040151764,0.05296176
0.041167438,0.05114071
0.047871675,0.045581486
0.036983803,0.22154187
0.04302918,0.04098547
0.05020321,0.03475384
0.03187632,0.054747503
0.047800176,0.03842452
0.059153292,0.03514225
0.055489082,0.82952565
0.046010096,0.042930126
0.08381719,0.08833246
0.04888361,0.049119834
0.035230488,0.033313017
0.04785252,0.05164087
0.04158884,0.045603495
0.045429114,0.037716903
0.8471044,0.23229757
0.051454417,0.03905395
0.04085981,0.036957774
0.060168296,0.0527727
0.05118362,0.03934028
0.03511655,0.04544353
0.040336642,0.059356216
0.053051326,0.043804068
0.063624814,0.06677363
0.04047191,0.044845734
0.045490026,0.047488634
0.046188775,0.06713157
0.11619283,0.048583984
0.06097549,0.057635743
0.054314762,0.0499595
0.06015457,0.06256465
0.05895807,0.040496815
0.057056595,0.053169593
0.05694077,0.043684043
0.05369109,0.044476364
0.050311286,0.037875753
0.05839364,0.063121304
0.041282177,0.03830104
0.036481004,0.035733305
0.06224962,0.03681013
0.04017178,0.04198676
0.045574833,0.039737083
0.054214604,0.04918272
0.0473842,0.04057994
0.03024551,0.04627887
0.04214298,0.039569493
0.092807345,0.061323237
0.04171465,0.049338836
0.05561752,0.18562955
0.047971692,0.044074662
0.040271197,0.041593958
0.05338825,0.036399357
0.041633487,0.04187434
0.037989184,0.039397135
0.043399833,0.037330538
0.052389782,0.05664973
0.031977013,0.047965374
0.052104503,0.035269555
0.03812318,0.04355293
0.045294825,0.061191645
0.031649187,0.045252398
0.08751464,0.04709976
0.06241509,0.04873741
0.053655844,0.03780623
0.052315656,0.050077014
0.15261081,0.044764683
0.045638237,0.061633874
0.050355043,0.028329631
0.041828964,0.054231826
0.037747175,0.046196505
0.04295975,0.027155118
0.044786725,0.038705703
0.052572187,0.031729776
0.042487282,0.03153511
0.041907724,0.05482731
0.047460344,0.039110422
0.031770505,0.07232291
0.051307727,0.04519513
0.038672764,0.060970847
0.05764447,0.07382184
0.041338768,0.03329963
0.047591265,0.012900287
0.040441066,0.051249243
0.031413943,0.056848034
0.035147894,0.06059483
0.050529093,0.050482605
0.04212006,0.031772096
0.098821245,0.0448787
0.043946657,0.03329284
0.04540118,0.027235001
0.040954553,0.038861558
0.032586496,0.058305502
0.062106863,0.06503374
0.06434412,0.043545477
0.06907437,0.03397696
0.05053742,0.041655183
0.044736255,0.036924366
0.03812531,0.051892005
0.040881805,0.04047056
0.038198672,0.038634147
0.054457273,0.06507484
0.07066082,0.05079602
0.03927583,0.038881175
0.03723795,0.049298465
0.043796543,0.059851475
0.0391658,0.03856632
0.042423066,0.047539804
0.06419271,0.034158435
0.057530005,0.034476414
0.05627372,0.07188617
0.05297353,0.034334105
0.07732468,0.035836425
0.04126149,0.024956273
0.040489525,0.040353004
0.097396165,0.052952796
0.06146196,0.027912006
0.04443736,0.04423161
0.04017817,0.042410083
0.04246232,0.029659802
0.058714114,0.05017599
0.042180445,0.038117316
0.04089071,0.0440093
0.050568134,0.083647214
0.05116926,0.05363941
0.034897782,0.041498434
0.04336713,0.06493656
0.0373103,0.035282835
0.049872406,0.045249708
0.042655054,0.052871983
0.043061133,0.048299294
0.052630562,0.04020576
0.046294346,0.047139786
0.035370342,0.038167723
0.038683515,0.044165377
0.049949925,0.061314974
0.04225652,0.067410335
0.043876477,0.032734588
0.037552137,0.0647042
0.04565137,0.03442227
0.033969842,0.039540093
0.052104313,0.04352869
0.05627139,0.060939785
0.056631997,0.048199814
0.021815734,0.06683051
0.042808253,0.04142361
0.05098261,0.042115927
0.022957059,0.031881478
0.03758111,0.052189678
0.05275974,0.03903433
0.04042493,0.043910917
0.060587924,0.040033884
0.054903943,0.031587135
0.16912495,0.054584105
0.049844783,0.053936776
0.033466253,0.043185133
0.040322375,0.040443916
0.051462863,0.04161669
0.06788722,0.047143962
0.0587537,0.055969745
0.039032016,0.07847893
0.047741566,0.042171974
0.066379145,0.04368765
0.055838417,0.03724403
0.039400384,0.04444891
0.03413686,0.04716383
0.043386336,0.03830255
0.044077165,0.04021304
0.049164567,0.07128066
0.058631815,0.06726484
0.030905962,0.035515875
0.03220011,0.051536884
0.039512385,0.049036026
0.051971402,0.0450396
0.035757206,0.039054353
0.042804006,0.03984583
0.044135574,0.036798447
0.043789797,0.057460587
0.05481991,0.071186446
0.040488493,0.030951062
0.05388188,0.038378026
0.04830782,0.032458663
0.042887095,0.0355245
0.044851482,0.026041264
0.04385272,0.039773762
0.058502566,0.034807283
0.06694946,0.04422092
0.05305671,0.05227351
0.035623346,0.044459924
0.047547653,0.056765452
0.05123278,0.044118576
0.039732896,0.0528677
0.06460015,0.038490318
0.07548965,0.054220613
0.04118143,0.031672254
0.056936555,0.052792832
0.10748604,0.04854949
0.051530167,0.05472068
0.037115656,0.030354073
0.053780384,0.060413685
0.13747346,0.037323367
0.03957358,0.043747477
0.036718734,0.02657262
0.04226965,0.03061673
0.056302723,0.032948848
0.047137465,0.060925096
0.032062933,0.041022215
0.025524093,0.04289618
0.05069737,0.047006182
0.046885785,0.029551873
0.030541213,0.04272566
0.04642748,0.052000444
0.040099468,0.03600416
0.037610333,0.058952525
0.03737182,0.03312255
0.037761178,0.032343376
0.047862988,0.03634049
0.03130766,0.04552579
0.043121874,0.05191242
0.061751284,0.037701614
0.058515687,0.030423278
0.060517184,0.053982113
0.05393015,0.03290194
0.061264202,0.050326336
0.04164733,0.046800077
0.053209364,0.056123696
0.042632412,0.051623665
0.033763092,0.06542655
0.04563254,0.040670153
0.0592423,0.029792747
0.04339604,0.03900749
0.075612284,0.89266783
0.056829453,0.0366015
0.052647997,0.059461225
0.039618038,0.044593856
0.029637994,0.06448854
0.046418708,0.040539633
0.042481877,0.044804573
0.047287107,0.043620214
0.044895336,0.039463367
0.030422946,0.037171293
0.038942445,0.05284833
0.058943506,0.03498643
0.04197038,0.035901893
0.04693774,0.090951264
0.055578258,0.04273182
0.048285685,0.037177034
0.038358506,0.089748345
0.046550028,0.037446607
0.048695557,0.030365232
0.05916195,0.045684505
0.053815067,0.05879763
0.054260064,0.054597527
0.03945933,0.033119798
0.05265624,0.06568956
0.05030264,0.03707929
0.04693768,0.04015319
0.045322247,0.06262303
0.053236917,0.04491553
0.03465468,0.03133708
0.036707893,0.050160296
0.054578632,0.037857402
0.06383745,0.0487756
0.039959807,0.020366292
0.052304044,0.04500784
0.040949523,0.047707245
0.042143494,0.03860477
0.061729766,0.034949575
0.0558113,0.050551616
0.03977444,0.0349841
0.036025845,0.026210986
0.044088714,0.051034085
0.045096997,0.0627014
0.046795573,0.046049222
0.042500596,0.065346435
0.036746174,0.037044458
0.048208043,0.006865835
0.047480848,0.033365753
0.048707604,0.038658205
0.062486317,0.059341833
0.061110657,0.033685178
0.058211092,0.059523176
0.04710002,0.051472247
0.03255274,0.03286148
0.05464702,0.05337758
0.039831217,0.045212943
0.047622427,0.04949701
0.047792643,0.03679817
0.0540451,0.06324398
0.055227887,0.029894555
0.045284573,0.04391944
0.03492283,0.03206003
0.06744333,0.18513136
0.03188854,0.03450596
0.060385156,0.055866767
0.04869142,0.048485596
0.06554449,0.06411038
0.056024756,0.05202587
0.03459467,0.045727044
0.036712497,0.086145036
0.045971368,0.03532898
0.04076507,0.03707083
0.05888214,0.051764674
0.04918368,0.06241957
0.03391036,0.045642253
0.04920585,0.039590936
0.044350427,0.042958718
0.03630437,0.026169257
0.032120418,0.068501815
0.036930546,0.04301767
0.048979722,0.040940832
0.054740045,0.028954785
0.04543167,0.039457444
0.043243226,0.031293985
0.049156357,0.03554606
0.050855257,0.039798662
0.10392086,0.036880102
0.051363174,0.034930952
0.042129714,0.04114102
0.044597153,0.047555566
0.04700697,0.0454796
0.044073638,0.055645555
0.044935208,0.037132364
0.04509341,0.042792153
0.044797685,0.035640918
0.10457335,0.03590777
0.039328966,0.069201544
0.051108662,0.033048656
0.028396767,0.04001231
0.031304326,0.053203277
0.03397473,0.026874319
0.036837526,0.04956169
0.040719267,0.034389842
0.047821876,0.043891285
0.040288232,0.047787488
0.057608027,0.05428868
0.038240045,0.027702553
0.056125104,0.034725815
0.05724328,0.054444972
0.056992345,0.037577946
0.04063786,0.056004368
0.037950784,0.043636322
0.0513821,0.035473228
0.056456793,0.050822623
0.058170613,0.69488853
0.03633969,0.025011687
0.026605418,0.094613574
0.035213057,0.05622359
0.047356933,0.049989905
0.05317877,0.041108556
0.050000325,0.045909323
0.041737832,0.037835773
0.07471969,0.0398459
0.050682373,0.06842531
0.053037323,0.06085978
0.045072004,0.045128588
0.05394046,0.03928797
0.040572565,0.04490845
0.048508924,0.049480025
0.04038059,0.031441644
0.054114103,0.045057178
0.048105646,0.045121223
0.05416021,0.061584145
0.0360298,0.044092868
0.05248426,0.046022095
0.04313795,0.03454846
0.06169318,0.033417646
0.059284303,0.041547112
0.045299634,0.03507945
0.05979418,0.036726017
0.04037195,0.036805276
0.040685214,0.045408558
0.05287982,0.033756807
0.049034074,0.037500806
0.039831866,0.029415024
0.06978263,0.28499305
0.04705765,0.032982174
0.04911258,0.06004136
0.05828238,0.021711873
0.052049756,0.033510383
0.041279215,0.05177016
0.050171148,0.04922987
0.039734963,0.05709292
0.0506743,0.04219219
0.07186192,0.037954018
0.052176755,0.060438693
0.042046413,0.042422563
0.026334884,0.03847061
0.04039582,0.040533382
0.04680101,0.044623606
0.040487844,0.04864672
0.06068164,0.057046667
0.051608317,0.031602416
0.042045966,0.039140794
0.049376503,0.057521246
0.04733649,0.044752114
0.037408125,0.050715096
0.049558762,0.031374395
0.055476144,0.04200182
0.05164819,0.035812818
0.046598315,0.03564071
0.056100443,0.06339251
0.051771577,0.039758857
0.026799016,0.059745066
0.04340825,0.038830966
0.040996715,0.037150256
0.02413514,0.039486386
0.045606095,0.03230234
0.05403656,0.036798928
0.02489009,0.05117715
0.069883056,0.055369124
0.049969263,0.06899802
0.08712093,0.065390415
0.05760602,0.061922148
0.03866824,0.03652439
0.046662007,0.04062421
0.0402016,0.04882756
0.053130947,0.04386781
0.030207587,0.05780515
0.05067131,0.051541824
0.055002876,0.04855172
0.051034518,0.052380968
0.052416287,0.07498485
0.0408613,0.04507602
0.04215405,0.03641515
0.045541916,0.0675127
0.041406427,0.051496774
0.038169276,0.04811336
0.038289763,0.053719606
0.05849934,0.05947913
0.049895696,0.03554544
0.054917958,0.022339355
0.038761016,0.031299144
0.090035625,0.028254556
0.04276613,0.031213917
0.048683513,0.039413594
0.036882937,0.06177589
0.02168248,0.032036226
0.053782597,0.039563656
0.051674016,0.07462166
0.058501612,0.052821316
0.03758694,0.03420849
0.039079748,0.045140393
0.043003596,0.035207577
0.04540643,0.04497488
0.05792272,0.09020356
0.0923083,0.03983582
0.05193657,0.035306662
0.10162043,0.057320144
0.03983677,0.07959831
0.04390646,0.05744791
0.038716823,0.04332947
0.080751725,0.0518675
0.03615106,0.054005127
0.05547884,0.043639295
0.061321292,0.07499866
0.07411849,0.056640703
0.044706564,0.06618221
0.04584154,0.05483391
0.045390867,0.05060259
0.036828898,0.037589476
0.06176692,0.037851535
0.040970795,0.046661884
0.03904586,0.037852965
0.044067662,0.05510413
0.034645565,0.045136347
0.050985083,0.044023447
0.04701349,0.040141214
0.045517255,0.04845285
0.039094746,0.027796634
0.051359676,0.029426064
0.037925523,0.024086626
0.05670282,0.048596226
0.047420867,0.05449208
0.054083053,0.05976924
0.035740506,0.055711217
0.056346852,0.05833949
0.026358865,0.05413274
0.050944094,0.05361617
0.05281975,0.032480728
0.053576656,0.045252334
0.040118717,0.034997184
0.052334547,0.057945833
0.049430896,0.041630484
0.040033028,0.040905684
0.053686153,0.046577487
0.030487977,0.025933499
0.03532392,0.03300037
0.047308758,0.03288799
0.06198234,0.03963144
0.066368155,0.06714316
0.04910098,0.04793604
0.05447295,0.024450283
0.04784295,0.036415085
0.05405901,0.034428775
0.04862574,0.032422233
0.040008683,0.030500954
0.08809738,0.0325808
0.052328076,0.05048429
0.061735585,0.04765642
0.0441909,0.06529809
0.06718287,0.048660096
0.043723654,0.03619335
0.047450893,0.032106306
0.041491747,0.06885184
0.06673027,0.045826524
0.037732087,0.058555022
0.044536278,0.03764749
0.03626898,0.036609147
0.060859136,0.041200254
0.064627305,0.077399954
0.039260063,0.032740425
0.03856251,0.034547295
0.04676584,0.041556686
0.0501207,0.13675742
0.046949953,0.061073452
0.044215348,0.03165904
0.034384005,0.091103315
0.044825584,0.03723781
0.05288521,0.047953002
0.048261248,0.047845587
0.042428542,0.036927514
0.053087305,0.06531588
0.042516235,0.047203045
0.035022166,0.059607703
0.04412447,0.030028287
0.039466247,0.03577511
0.04699598,0.03750388
0.0527835,0.050601713
0.04886328,0.031060707
0.04641443,0.049667772
0.043897994,0.03536061
0.05959245,0.04133025
0.05440847,0.061775148
0.055253338,0.05184153
0.044833146,0.046542075
0.04557759,0.05692489
0.04173938,0.042479593
0.056970928,0.039124727
0.04207294,0.03682345
0.0439048,0.05072288
0.047045503,0.051103245
0.04477633,0.043362454
0.03450145,0.027423764
0.060507108,0.048540615
0.04210126,0.117299296
0.055463325,0.058649212
0.058997516,0.026720267
0.034488887,0.04543468
0.043324966,0.03114389
0.048792146,0.09400915
0.03453263,0.036259744
0.038623594,0.036662593
0.035886373,0.048458513
0.05983527,0.07957297
0.047172036,0.05767627
0.04156571,0.04689363
0.039953865,0.037741605
0.0663031,0.048645973
0.04887003,0.049903255
0.05749407,0.07523343
0.030456614,0.027182322
0.030439323,0.035225183
0.052498262,0.048636574
0.03293051,0.047181427
0.061727576,0.063986525
0.04343562,0.052899394
0.054944243,0.03687443
0.04672518,0.048852082
0.042718664,0.05018445
0.03825267,0.02499363
0.056230605,0.051154375
0.039626177,0.040339276
0.03729604,0.0365773
0.022961967,0.061823238
0.06718963,0.042514633
0.054552786,0.05113435
0.10641059,0.41336808
0.03596764,0.04762195
0.14294077,0.06961822
0.03733059,0.02753684
0.052604005,0.048960764
0.05737492,0.059160993
0.057423513,0.055456538
0.052050903,0.056195635
0.047620896,0.13055275
0.0390562,0.03898201
0.061667524,0.056494903
0.031474814,0.04167501
0.050713584,0.044300728
0.046614427,0.043363065
0.06605344,0.03645419
0.042307302,0.039330464
0.039935652,0.06298589
0.04353545,0.043072756
0.06161443,0.050692976
0.049823467,0.04848964
0.017574774,0.075110294
0.06799586,0.03491718
0.047752548,0.046769824
0.06309019,0.67149895
0.037846297,0.043028906
0.050487444,0.028508764
0.07173505,0.053434107
0.046903804,0.04098783
0.026469477,0.046724312
0.06735432,0.07584541
0.056392808,0.054180108
0.035815746,0.04595879
0.060217865,0.04732281
0.044378392,0.04314076
0.035321843,0.039525665
0.046013806,0.06658575
0.05032865,0.044905804
0.022965668,0.038087577
0.043941975,0.041459393
0.049742628,0.06356345
0.04839808,0.035145473
0.03041234,0.043154575
0.031993147,0.055845454
0.09999026,0.038276635
0.058600135,0.05582082
0.04530867,0.03662952
0.03375208,0.0394339
0.0581349,0.03900694
0.034000393,0.053409122
0.041648496,0.05804057
0.056178443,0.055480257
0.041091304,0.04353389
0.06103428,0.044861276
0.04524664,0.036941513
0.021699728,0.19524673
0.060429715,0.021646384
0.048577726,0.0566663
0.056352977,0.036431838
0.058305398,0.043722905
0.034855235,0.12154063
0.040042654,0.04050822
0.05177113,0.07048241
0.052188993,0.047968674
0.051393658,0.050103724
0.03966894,0.05253258
0.049306694,0.03466168
0.045853324,0.03963369
0.04708928,0.054119516
0.050582178,0.10057754
0.04604024,0.03961369
0.0386639,0.053181898
0.043304726,0.03571339
0.030559152,0.043030743
0.064885095,0.03925372
0.033665266,0.075752884
0.030694546,0.029731138
0.043092825,0.042092185
0.046993677,0.05411392
0.042902783,0.028836539
0.0606411,0.023751441
0.0474537,0.030047327
0.05441226,0.050585955
0.057928804,0.060755495
0.050294556,0.053931028
0.05908472,0.05736585
0.042445008,0.05771863
0.03293416,0.05103074
0.055455375,0.05907052
0.04711817,0.042541474
0.049616948,0.035778806
0.024799567,0.039272375
0.053663123,0.06031145
0.042024784,0.04447879
0.04829462,0.028014982
0.047252864,0.06259789
0.043517977,0.045737427
0.038085222,0.031962365
0.043077845,0.04802634
0.0554803,0.053796988
0.05118121,0.04217136
0.04406587,0.05883722
0.053570766,0.023653023
0.04460446,0.054941107
0.051580068,0.046382878
0.037435472,0.029902283
0.037995927,0.039005782
0.044884436,0.05632073
0.036796592,0.033740547
0.036249176,0.034693126
0.040594377,0.036789287
0.041456822,0.09743814
0.037989184,0.038868092
0.047877993,0.049660645
0.046547785,0.038135394
0.04696663,0.09382819
0.035327177,0.051413577
0.042440567,0.062336024
0.048863664,0.04673489
0.042807486,0.05284151
0.046616092,0.050867148
0.057479225,0.05441356
0.043328505,0.057820234
0.038605414,0.03652569
0.041721668,0.03961122
0.052126266,0.044796728
0.059134144,0.06841458
0.05980868,0.06393273
0.038718965,0.033272788
0.05650634,0.050400853
0.033798542,0.03977335
0.07469128,0.03993965
0.05147176,0.0575708
0.04111394,0.047242455
0.054276064,0.05391227
0.036171712,0.04946013
0.048670128,0.03746477
0.06440799,0.03973728
0.041357193,0.0492681
0.044263028,0.0549883
0.058048867,0.042028558
0.07803949,0.050039373
0.0610125,0.065523736
0.050811976,0.047805674
0.04746373,0.029414948
0.03156341,0.049588814
0.028609622,0.04930371
0.038291447,0.059906557
0.058667995,0.066253826
0.060710765,0.04779389
0.05681718,0.043583993
0.05056374,0.042785443
0.0355068,0.0903926
0.056425907,0.059864327
0.05152033,0.04013463
0.03679367,0.039042987
0.044949446,0.02988463
0.06404967,0.048471693
0.051092964,0.058044154
0.03685485,0.042296153
0.051955227,0.04397702
0.050813243,0.049014866
0.040349226,0.036156755
0.062058475,0.04148276
0.04965178,0.047847074
0.050563548,0.03328096
0.034394223,0.038268242
0.043848094,0.04051408
0.05057023,0.05034544
0.045393683,0.08367395
0.10601936,0.03465085
0.056054972,0.048007235
0.032448538,0.044186424
0.047307864,0.050303735
0.0421771,0.17677648
0.053792786,0.04245572
0.056969166,0.04889578
0.09071127,0.036800567
0.051925465,0.058853067
0.05367014,0.03641187
0.044598043,0.06436075
0.049415734,0.04848728
0.04253174,0.04589455
0.05761835,0.018010851
0.04278112,0.03605601
0.035904627,0.060599923
0.053997025,0.038182378
0.05199164,0.03633495
0.06298264,0.052274317
0.03310907,0.17605877
0.056691725,0.061143316
0.0437119,0.059414864
0.038981516,0.058792323
0.04330428,0.036184452
0.048454594,0.0474967
0.028561812,0.03152265
0.032078084,0.04142564
0.05821896,0.049533755
0.03707545,0.035211217
0.03643953,0.046522927
0.07533756,0.0733785
0.03965512,0.035105616
0.052278493,0.06259831
0.020787342,0.06636653
0.056346852,0.041284345
0.045085337,0.052322146
0.04523222,0.050236367
0.034485567,0.036558982
0.05942345,0.04918635
0.04362359,0.043484602
0.049692016,0.04627603
0.042619675,0.03422269
0.05465871,0.04589881
0.043457143,0.038644847
0.038362652,0.0439474
0.04855777,0.04628169
0.04041757,0.059784323
0.043706182,0.043889605
0.058202554,0.06739173
0.046746343,0.044806805
0.051905986,0.039876238
0.06219101,0.046778787
0.040830597,0.03150359
0.034058247,0.06463211
0.048906174,0.046435405
0.045605384,0.05803034
0.05877045,0.065651394
0.03796444,0.036942475
0.044288054,0.0598287
0.049797945,0.03506746
0.03875325,0.05191524
0.045245808,0.04142064
0.03992699,0.035386283
0.049421597,0.052316394
0.03429056,0.040524334
0.056487177,0.034694776
0.060817804,0.042769574
0.0389775,0.043558877
0.045552928,0.056253865
0.045448523,0.04451632
0.044684052,0.065743156
0.04436248,0.048453923
0.0454172,0.056291725
0.04957003,0.043643843
0.0387843,0.043614727
0.046216927,0.039762046
0.050195962,0.03779647
0.041793615,0.033703364
0.06392186,0.030347526
0.044902384,0.0463681
0.044841737,0.035492048
0.04487546,0.040388152
0.04970882,0.045381345
0.08311866,0.057055455
0.050916646,0.038399022
0.03598505,0.034692787
0.03923879,0.06022041
0.03628424,0.053205617
0.040582888,0.036039732
0.043219443,0.025224548
0.04811061,0.040838074
0.0353461,0.039189495
0.035088643,0.037053954
0.04199652,0.032207668
0.047612917,0.040493403
0.06326964,0.03557063
0.056392565,0.05613023
0.04845778,0.060349837
0.040181007,0.028576495
0.050829835,0.048005093
0.04801796,0.03649466
0.03941009,0.037221897
0.046822365,0.045263875
0.049150422,0.065124676
0.059821397,0.0283214
0.053461127,0.035846062
0.043027125,0.05208089
0.036394343,0.039023772
0.040538505,0.02068857
0.04888699,0.02408913
0.04730614,0.034974102
0.06673232,0.04943517
0.053260785,0.045216266
0.055624638,0.06998768
0.054977037,0.033569194
0.05591729,0.0616683
0.03929523,0.04850752
0.047061425,0.049643464
0.03470225,0.047728248
0.03836673,0.07260148
0.043878343,0.053476907
0.05699121,0.032368407
0.05183308,0.042805575
0.050050713,0.033380922
0.043759935,0.051960204
0.047902178,0.04445282
0.0507256,0.045094248
0.05669426,0.03869283
0.034982484,0.044701617
0.88032,0.24851833
0.043761536,0.041655794
0.060948066,0.03194146
0.057109162,0.038898073
0.065620996,0.03533665
0.0431035,0.19454344
0.04338601,0.027101727
0.049798198,0.053284526
0.03742251,0.034009673
0.04337657,0.044145223
0.03111116,0.041555658
0.055082273,0.050953884
0.045195118,0.03947644
0.04086401,0.07076474
0.042056907,0.025865396
0.08242117,0.036639694
0.050159506,0.04169184
0.05020086,0.038102243
0.051773097,0.061468337
0.04803966,0.042438827
0.042836677,0.04495055
0.03929956,0.044870872
0.08728733,0.039589033
0.05001158,0.049507543
0.048448723,0.04879442
0.03536866,0.040922605
0.05437458,0.030640151
0.06054351,0.03508205
0.048570395,0.07254618
0.046655606,0.06245745
0.036930617,0.03471458
0.057237804,0.061100625
0.041040946,0.044402502
0.07120288,0.056549244
0.057453286,0.025855616
0.04608997,0.044734407
0.056976162,0.04032907
0.050748296,0.041227907
0.05451265,0.026052915
0.04563683,0.046433654
0.05970103,0.03972504
0.045930017,0.03431312
0.06282149,0.04001456
0.030323137,0.04468175
0.047226213,0.055875883
0.05174581,0.04453018
0.070132025,0.061377075
0.054642152,0.05446152
0.034919575,0.040511087
0.054480404,0.035603616
0.053517032,0.06608544
0.051217154,0.057435736
0.04297821,0.037618015
0.041051585,0.07676487
0.05774766,0.045336228
0.05189412,0.059531197
0.04610942,0.039831188
0.067343615,0.04469541
0.037852515,0.029834619
0.078937456,0.034584783
0.03960078,0.024785008
0.047047805,0.05146005
0.044922005,0.039068934
0.032974415,0.042161457
0.03163932,0.049147047
0.03628067,0.039721563
0.041042175,0.03854867
0.06223088,0.040931523
0.042283036,0.047846396
0.12390461,0.2381061
0.05881298,0.047846265
0.045608588,0.046683
0.0434069,0.04565622
0.043324966,0.036064357
0.050052363,0.06811045
0.028789978,0.036966924
0.050311286,0.04264161
0.043817278,0.056611236
0.042211536,0.047706652
0.0361895,0.04222935
0.051052626,0.03914638
0.5062475,0.4358646
0.036078453,0.0410237
0.049310446,0.044043753
0.08193853,0.055019557
0.054096967,0.06865944
0.03621061,0.035567
0.03915158,0.04798577
0.05798855,0.037563335
0.04303761,0.065617226
0.037414927,0.055429958
0.05237298,0.047901724
0.049347714,0.035616893
0.044802748,0.042472184
0.03623496,0.042841226
0.049020566,0.038509674
0.03807338,0.04265667
0.05912962,0.0581597
0.028435128,0.052983485
0.03577124,0.04869472
0.023690954,0.045831375
0.040223364,0.032993987
0.046111986,0.050473973
0.1124477,0.056332253
0.048416577,0.057161056
0.05109563,0.044115864
0.04201886,0.039323512
0.03301513,0.05307597
0.057197202,0.04980708
0.05656546,0.06328326
0.056803696,0.043389056
0.041558694,0.045258824
0.042982638,0.042353924
0.045896146,0.036662735
0.05446941,0.052515466
0.03437346,0.05060963
0.047930654,0.047302876
0.03094778,0.044818565
0.04052502,0.033908084
0.026237627,0.031977218
0.03933795,0.05891379
0.043546055,0.033419635
0.04300283,0.049190786
0.064608,0.067764536
0.046044786,0.025559481
0.022831906,0.040243577
0.054582305,0.06268004
0.050651476,0.033953093
0.10367579,0.041708127
0.0396776,0.04021542
0.06675195,0.024643647
0.042125728,0.0440984
0.037684266,0.044975072
0.050566733,0.046424016
0.04129965,0.076453574
0.0347465,0.034237977
0.039123584,0.05478051
0.05078636,0.044473782
0.09534825,0.053217243
0.037473783,0.072424136
0.04905644,0.0697085
0.035955165,0.0818884
0.031450294,0.04266655
0.046203744,0.06078109
0.05858746,0.05353136
0.03201138,0.025756158
0.044836603,0.048085295
0.068584524,0.03904291
0.06050072,0.027862899
0.04292214,0.06662971
0.06493557,0.07267033
0.04988717,0.034585536
0.047311638,0.028082121
0.05771255,0.03601005
0.033318497,0.02092307
0.05452213,0.039926447
0.04767658,0.05852704
0.05094944,0.054659475
0.04515577,0.049513336
0.043508727,0.030999208
0.04185492,0.04058626
0.039309964,0.0434867
0.04204925,0.05213267
0.04253051,0.03428693
0.042134482,0.037888583
0.042476475,0.030957948
0.042175487,0.03831939
0.051328048,0.053804003
0.049930833,0.0379665
0.050403506,0.045539077
0.051529344,0.027778164
0.061636698,0.05121488
0.037669167,0.043109328
0.047233313,0.039739534
0.0314688,0.03790277
0.052744277,0.045387946
0.04768481,0.017369902
0.03133729,0.028121118
0.039032016,0.06065337
0.053211708,0.042973213
0.051619623,0.1852555
0.038629677,0.03687374
0.04038789,0.045350414
0.050765198,0.033780143
0.052360293,0.02850483
0.054553486,0.03516437
0.050761256,0.048763838
0.01614883,0.047688883
0.04457323,0.066739
0.04888431,0.06773822
0.05240633,0.053548124
0.037567955,0.04749333
0.049315225,0.03993211
0.054358903,0.056382068
0.060760308,0.04745031
0.04778517,0.04231047
0.04604305,0.06739252
0.065993264,0.120918415
0.046391714,0.08820589
0.040065244,0.03881734
0.07255043,0.077567875
0.056368534,0.054568235
0.04856064,0.0483441
0.054461632,0.048088923
0.05590384,0.058619965
0.0322862,0.019693473
0.043294635,0.054301426
0.029568564,0.065343946
0.09434954,0.14930902
0.050220065,0.06308216
0.057412684,0.039462272
0.03890578,0.047388017
0.04181339,0.040632688
0.040553603,0.042767562
0.056696896,0.037670903
0.031899318,0.03268923
0.04244565,0.03260704
0.0636558,0.06523334
0.06527452,0.054899573
0.0369851,0.05975055
0.042146455,0.11736957
0.059094455,0.068374336
0.04824409,0.034656808
0.035284527,0.056180462
0.04505303,0.035528738
0.048613634,0.10286519
0.056130964,0.046244532
0.055987116,0.03649097
0.045305654,0.03454996
0.048975836,0.036425337
0.046193056,0.04596751
0.046205923,0.027787913
0.041029602,0.07886358
0.037286185,0.052042328
0.050392188,0.05314863
0.029329445,0.039674938
0.043820422,0.044371877
0.05418741,0.04781717
0.07173752,0.042003855
0.04119445,0.018166322
0.061539534,0.032161873
0.041074544,0.034376543
0.04937128,0.263719
0.04581318,0.03542634
0.04573295,0.036553714
0.050594386,0.053588126
0.047747824,0.048724644
0.045933597,0.069951504
0.048021216,0.03887545
0.03825493,0.049634743
0.028606663,0.044727717
0.042966627,0.43374857
0.03800234,0.030792968
0.049015403,0.040762313
0.0529549,0.04620608
0.038816392,0.055012956
0.051680688,0.030619135
0.04616075,0.04573251
0.064949766,0.038979016
0.07887136,0.049652185
0.04689716,0.048050296
0.04173977,0.033693954
0.047443867,0.044119254
0.036242615,0.039548945
0.057259098,0.067196995
0.052244745,0.04614881
0.054340303,0.026356962
0.046077296,0.047133796
0.046108525,0.06445656
0.1334747,0.028630737
0.0422759,0.026603049
0.044746194,0.033626847
0.060154933,0.050823975
0.031421132,0.05882489
0.05053195,0.04877505
0.045738008,0.0333571
0.04585594,0.03984413
0.049447767,0.028129764
0.06027761,0.051920246
0.030338336,0.0376462
0.05369546,0.16623077
0.04573538,0.06227716
0.045660265,0.03763493
0.08212284,0.053478327
0.062038925,0.0633456
0.042756416,0.048299447
0.032511875,0.04607392
0.062022477,0.044484276
0.06362854,0.04606144
0.043007717,0.0385687
0.038805652,0.040047217
0.051951222,0.040250987
0.0536809,0.047344975
0.044093665,0.0421443
0.06078223,0.05795248
0.033904366,0.0529512
0.058728635,0.048749913
0.027377035,0.028999815
0.04011774,0.03815756
0.04565848,0.057941858
0.0402881,0.05456979
0.06610041,0.055313777
0.10625139,0.02904021
0.041316856,0.047398247
0.06286283,0.06399497
0.05330942,0.10959903
0.049850643,0.05303842
0.057521448,0.040442143
0.05452206,0.030996168
0.053953685,0.05279858
0.04640567,0.046026006
0.049839824,0.0333676
0.04532597,0.027988696
0.050263386,0.056588415
0.07542639,0.8864087
0.042331174,0.042868048
0.04901515,0.035882734
0.058394775,0.056835204
0.03724832,0.019560363
0.052377034,0.07605458
0.056879908,0.068059914
0.04379635,0.051475942
0.049276114,0.044847615
0.042734493,0.030824872
0.047211397,0.04329196
0.053183768,0.2997412
0.050300285,0.04314686
0.045484584,0.0397008
0.05946744,0.09992117
0.045827772,0.08044656
0.04326238,0.051821988
0.05049412,0.031011667
0.041876238,0.046027362
0.08337215,0.09458509
0.050244566,0.097681805
0.051428895,0.043449387
0.027798051,0.03622596
0.056755874,0.05657963
0.034176856,0.043056626
0.046573624,0.043240875
0.033613775,0.069184296
0.04517276,0.039380107
0.041559525,0.038930982
0.06249958,0.027278751
0.037693728,0.036716443
0.03817523,0.049817
0.05492984,0.028963901
0.057379827,0.025748802
0.112056896,0.05257586
0.04278112,0.044096585
0.068935566,0.030213706
0.035926387,0.042030808
0.046098344,0.03862876
0.036409535,0.04525511
0.041455727,0.032920618
0.07420957,0.048907734
0.05015894,0.05439295
0.036304235,0.06381098
0.10816755,0.039067306
0.044839688,0.033475716
0.040890638,0.071905255
0.056757394,0.028941527
0.038333073,0.037412267
0.7121946,0.12599227
0.028565552,0.053678732
0.046030954,0.07359768
0.04764445,0.042181656
0.06568405,0.04973492
0.05034328,0.045844883
0.065964304,0.049658787
0.0517922,0.07445416
0.0462143,0.03231341
0.02953,0.05028548
0.040167328,0.05450948
0.037425496,0.01989097
0.03926723,0.05415436
0.042552132,0.040530585
0.033217024,0.04386781
0.049777888,0.056872167
0.06318569,0.059418973
0.04387507,0.028103696
0.047423746,0.052887283
0.040933914,0.029171068
0.03554717,0.036300085
0.04547581,0.059282005
0.044471554,0.036748018
0.041662082,0.04202353
0.04452685,0.041101277
0.05222134,0.036169205
0.045379527,0.045360796
0.04390332,0.029706853
0.042523626,0.047450706
0.034859788,0.037069388
0.049747273,0.04639682
0.026763454,0.07608015
0.04009308,0.035743907
0.048188906,0.036028925
0.05331258,0.044285774
0.041156933,0.037269156
0.0854383,0.039334815
0.04130499,0.061806582
0.043572582,0.03928784
0.041481625,0.03292571
0.052662384,0.050660647
0.056779258,0.03435886
0.05379785,0.0674264
0.03500877,0.03525901
0.06549219,0.06820847
0.048412874,0.039283335
0.037224006,0.041901752
0.04581471,0.034871615
0.03851203,0.042145237
0.04922483,0.04231093
0.04513257,0.020198284
0.039995704,0.06615777
0.052291553,0.032201897
0.037128553,0.046146646
0.059704926,0.060879476
0.041540198,0.027478915
0.03543348,0.053718142
0.04148195,0.05925053
0.051361643,0.11244406
0.05301978,0.050154243
0.040932234,0.031613562
0.06962815,0.034849625
0.032906305,0.04614529
0.04414469,0.050197326
0.05281899,0.072246425
0.04817621,0.5894443
0.05646152,0.07686646
0.055448804,0.07308815
0.04535941,0.04743934
0.060200624,0.05048986
0.04211273,0.04741604
0.067264885,0.051061627
0.042495638,0.035323776
0.05475344,0.054393757
0.047019746,0.021354742
0.06471512,0.059292935
0.044414006,0.048326746
0.06031077,0.036619466
0.062043607,0.037565388
0.051900905,0.03393567
0.046648197,0.05227366
0.035736803,0.031681895
0.053705074,0.061575226
0.049752496,0.04037578
0.047951195,0.037842188
0.035003822,0.057199657
0.040122263,0.045132894
0.040096883,0.038876683
0.043498833,0.040747557
0.049704745,0.05400893
0.0499876,0.061431658
0.056325864,0.04895237
0.03734945,0.032586012
0.05905722,0.052089915
0.04134482,0.04020012
0.04378491,0.055804905
0.04661551,0.039811186
0.029015824,0.046930157
0.046542156,0.057692666
0.055258512,0.037353348
0.055857785,0.044476077
0.03904967,0.05851377
0.048413828,0.029964296
0.04863569,0.045834698
0.03972379,0.033698622
0.048429456,0.040188145
0.05068199,0.07061807
0.05102174,0.055359878
0.053530134,0.05211033
0.03700015,0.056145336
0.05254302,0.03480653
0.104568236,0.09091812
0.07461837,0.24895954
0.051715277,0.0767815
0.04727809,0.042038653
0.056316856,0.04561469
0.045779757,0.04451584
0.05041546,0.053108804
0.03923608,0.044740353
0.04029985,0.027363477
0.033289153,0.040620994
0.050205503,0.039199714
0.055460792,0.048129644
0.051385526,0.11521264
0.050784394,0.05464048
0.0427141,0.052742165
0.058075413,0.02931397
0.03608696,0.04793005
0.044876993,0.060022105
0.04370374,0.035985555
0.02842153,0.03720804
0.073090285,0.03323482
0.03161611,0.04863017
0.064605564,0.054681946
0.047141686,0.043924797
0.051994186,0.04956934
0.058454297,0.07382613
0.034304302,0.058874425
0.03987998,0.04353221
0.0469598,0.034524605
0.041045662,0.02693291
0.050711233,0.0542435
0.04046442,0.037493985
0.05455943,0.06994477
0.051707346,0.05965061
0.0663858,0.03948516
0.03525305,0.02831691
0.03627502,0.048398577
0.039890315,0.049622588
0.040900312,0.050146066
0.043499604,0.04960626
0.053377938,0.094540805
0.041785046,0.039988767
0.03906332,0.038677692
0.05495852,0.069037385
0.050127696,0.039238393
0.036590822,0.04163481
0.056082353,0.05656361
0.8794909,0.9350614
0.05570933,0.050223622
0.064566076,0.069879256
0.04712967,0.037975635
0.06543565,0.044373777
0.037572358,0.052509453
0.040888254,0.0657844
0.060999785,0.017625608
0.03773591,0.06821455
0.050600998,0.06072911
0.05686561,0.058535326
0.042110022,0.052755933
0.042857,0.05332455
0.04510508,0.057740077
0.03139713,0.032105073
0.04178537,0.034199648
0.050213587,0.05073265
0.05907945,0.039166205
0.059287895,0.06115245
0.054522697,0.046901785
0.037315816,0.033914465
0.05068199,0.06524726
0.0320547,0.03335792
0.039266784,0.047122408
0.041333474,0.031970475
0.050037477,0.04820224
0.05980793,0.07398749
0.065909974,0.05045244
0.048007302,0.058113646
0.0437004,0.0171916
0.0355096,0.05673048
0.031342715,0.043077216
0.05982894,0.07659622
0.043140452,0.029811645
0.03939347,0.035905793
0.04613029,0.05469895
0.033271477,0.029698372
0.05924859,0.03784621
0.03998957,0.03836146
0.050334945,0.040183794
0.0554832,0.03666547
0.03940446,0.029429791
0.034774486,0.048082735
0.05011726,0.057148226
0.037249416,0.04615528
0.050065164,0.055127323
0.11752762,0.057066668
0.047549244,0.06872605
0.05421846,0.05479229
0.053563554,0.0451814
0.04583571,0.03143125
0.03510341,0.024493923
0.071617864,0.0440765
0.046270803,0.06435509
0.04012129,0.03990918
0.040638246,0.038981266
0.05228496,0.058230855
0.059560303,0.03183869
0.047288638,0.046610516
0.050214913,0.03814467
0.044173185,0.054435704
0.036036167,0.034899846
0.044249937,0.05017619
0.05541092,0.050220933
0.028328776,0.030614458
0.04597603,0.03404644
0.059871145,0.04256963
0.089666374,0.03643676
0.049787376,0.060402714
0.035922628,0.0483396
0.038635824,0.04326715
0.048878197,0.05471043
0.056670066,0.060204778
0.032099254,0.062149264
0.055163354,0.029978286
0.04620279,0.040123876
0.21234412,0.04277093
0.047491577,0.043985084
0.041671686,0.032183535
0.04582964,0.051761333
0.045228954,0.072501846
0.033698637,0.053920753
0.052542455,0.064943075
0.06109332,0.06554069
0.040786415,0.047013592
0.05319555,0.042149305
0.028312359,0.03770742
0.05575766,0.045773473
0.05477417,0.07577938
0.052812148,0.03887287
0.11330559,0.04130472
0.0621932,0.045918375
0.036526058,0.03614848
0.041576337,0.03989392
0.056288544,0.048339054
0.029421143,0.042076055
0.062358934,0.051963482
0.026787091,0.028023824
0.038472686,0.0377687
0.05661989,0.05004427
0.038817104,0.051908135
0.037756767,0.043259565
0.04191783,0.09474952
0.034545977,0.051915832
0.064403,0.031790182
0.049345676,0.03693783
0.066704184,0.051232237
0.04215984,0.048682347
0.051897984,0.06030909
0.03946437,0.051351607
0.02731019,0.047023013
0.023005722,0.033115063
0.050271854,0.06124697
0.057344966,0.037972018
0.044735618,0.04185283
0.055441543,0.041983243
0.043750748,0.0382439
0.047701094,0.027558917
0.040012363,0.04663985
0.04661596,0.051851302
0.0512009,0.038165603
0.040762424,0.05072865
0.045221906,0.0598238
0.061178334,0.02950516
0.13022031,0.04240031
0.033736248,0.041556686
0.042877708,0.06507228
0.03283746,0.038369294
0.043527234,0.041824788
0.043945756,0.040432002
0.05727445,0.058518406
0.04145064,0.040606588
0.039373238,0.021748705
0.046596397,0.03222747
0.049280707,0.037993856
0.048479903,0.023837686
0.04785405,0.49600077
0.038286913,0.061748743
0.06630926,0.03987543
0.05041406,0.027692039
0.025384633,0.04805891
0.0898645,0.03257516
0.03783781,0.0571134
0.03398919,0.051328372
0.049313508,0.032073572
0.045434814,0.04271272
0.04856689,0.06739853
0.034994125,0.026749568
0.03262207,0.03974878
0.044741508,0.041197676
0.045030337,0.04627583
0.038806748,0.034529544
0.04971028,0.034430765
0.047860056,0.03508534
0.039831217,0.06227294
0.042938598,0.03749569
0.035194784,0.031484935
0.05271183,0.050319888
0.055332962,0.10904878
0.05597594,0.038713682
0.053095102,0.064502224
0.03425312,0.036407225
0.043679714,0.12824301
0.039356954,0.037103683
0.04700556,0.030988945
0.032175288,0.052344635
0.058224924,0.04296307
0.05763786,0.063869126
0.037880044,0.045588434
0.03820774,0.057293236
0.04392361,0.05792168
0.048391003,0.057814375
0.041125864,0.045736354
0.044468086,0.030909322
0.048737317,0.038538244
0.043775663,0.025820455
0.05208699,0.061641216
0.04727228,0.04400023
0.048567466,0.05027663
0.05060978,0.040940616
0.03746769,0.03784232
0.055828135,0.06349656
0.06365655,0.048211638
0.050274964,0.036331877
0.034184605,0.04295439
0.09067017,0.05310231
0.03925702,0.05324398
0.048982266,0.058946274
0.049468525,0.055201817
0.033854455,0.047417242
0.05330897,0.05197981
0.04573647,0.03639471
0.40694368,0.6055496
0.0390346,0.032446224
0.04856427,0.03909713
0.046899647,0.02742161
0.036821436,0.02722428
0.027332762,0.040742267
0.05752226,0.045671348
0.036648523,0.059542846
0.040496755,0.05211313
0.075736865,0.04128474
0.04946114,0.041311912
0.038994253,0.05605108
0.059289273,0.06345518
0.054409605,0.05689558
0.062189244,0.057112265
0.0466934,0.034308735
0.03987494,0.041359782
0.04236129,0.036013264
0.06213974,0.04826574
0.049964875,0.056087237
0.05014386,0.047897417
0.050417114,0.051427174
0.03728663,0.03798096
0.036208726,0.046552
0.057240136,0.038902707
0.05516966,0.035866864
0.049495276,0.032998238
0.03721415,0.053587317
0.04037407,0.042346407
0.05158604,0.047485135
0.050964303,0.069597565
0.047984578,0.063042656
0.059031222,0.04719133
0.0423174,0.065418616
0.062085122,0.04714147
0.05443464,0.055429827
0.071144596,0.03153766
0.044425365,0.03917131
0.04573243,0.052032426
0.05631351,0.065236814
0.05288907,0.07085992
0.03963793,0.067239396
0.052132603,0.048479628
0.04728455,0.03293642
0.03228763,0.040073536
0.060434725,0.049147923
0.0552056,0.02542694
0.03848531,0.031418998
0.045634273,0.03554298
0.047192547,0.03877481
0.038323168,0.034062486
0.06799921,0.16111325
0.08395177,0.10595506
0.020526512,0.057603393
0.038236935,0.034970134
0.053260848,0.069281764
0.050918743,0.058336236
0.04860165,0.057777323
0.031814232,0.044118423
0.044806723,0.03208162
0.044893797,0.031969447
0.045917533,0.050981756
0.03644413,0.038266197
0.053816203,0.024421517
0.046695895,0.03503643
0.051764913,0.035534564
0.03266379,0.046084438
0.043840207,0.04785029
0.049316946,0.03822883
0.045700356,0.03376353
0.050482415,0.04431878
0.033712126,0.036730934
0.04933007,0.123030536
0.035372037,0.049788214
0.043787416,0.03924269
0.054829516,0.03915932
0.050655287,0.057343993
0.032666203,0.05328092
0.036690503,0.043217443
0.14763795,0.04469102
0.033907622,0.04599464
0.040044133,0.037986413
0.029073441,0.038106605
0.025899053,0.038875733
0.051001407,0.03140798
0.04763622,0.051605325
0.034717083,0.0420601
0.041569572,0.031081157
0.03214171,0.040003393
0.04230215,0.027648998
0.04864296,0.05669909
0.03076649,0.035966408
0.053806517,0.030530933
0.049175337,0.04733352
0.05433405,0.051376004
0.036272295,0.037643883
0.04105108,0.04044092
0.03644913,0.035662133
0.051239513,0.046662975
0.03477468,0.0636276
0.035801064,0.044536255
0.06040483,0.04604544
0.051270705,0.03184233
0.050337236,0.04158126
0.10276774,0.041406102
0.049118947,0.028682346
0.045140255,0.04057214
0.046440594,0.04545245
0.03977431,0.034179483
0.055904675,0.0636492
0.041424923,0.047090538
0.048188135,0.04937934
0.044618964,0.029436283
0.2918186,0.035747197
0.053227354,0.044853844
0.03874536,0.053909015
0.046469055,0.04503724
0.059768848,0.05037919
0.041173756,0.046335116
0.06764085,0.044259127
0.03740799,0.035611562
0.042707216,0.031146437
0.04713766,0.04395638
0.04315113,0.034083676
0.047654673,0.039375823
0.04715241,0.036817856
0.06509804,0.06686015
0.06599881,0.061489277
0.97783095,0.07775059
0.046355322,0.04790043
0.058352023,0.044875592
0.050074827,0.03602359
0.035297718,0.030851386
0.03894633,0.03876786
0.02098161,0.041645676
0.042558752,0.03700935
0.049009096,0.0372992
0.043373678,0.08846991
0.047375906,0.038633797
0.05877449,0.054054923
0.033915572,0.043440316
0.041834187,0.048053663
0.03864702,0.03056628
0.06121839,0.060843103
0.040103797,0.039320517
0.063303016,0.045897584
0.048526276,0.04448366
0.040602185,0.050079636
0.056803815,0.044747785
0.06616971,0.05556264
0.064752534,0.042998217
0.053918324,0.04811854
0.049711242,0.021854984
0.044298194,0.07221517
0.040994525,0.0478297
0.115413666,0.8819317
0.032088608,0.037533507
0.048362803,0.04528759
0.08561158,0.033084363
0.06580511,0.07873356
0.039084006,0.040366404
0.043584984,0.05013345
0.04003606,0.0328059
0.041381042,0.038985215
0.054014545,0.040218484
0.042134095,0.031861387
0.022979772,0.08782369
0.03904728,0.050806753
0.0425751,0.0389739
0.04366584,0.181467
0.04533045,0.04686775
0.044887256,0.031589616
0.06318813,0.06669131
0.04447996,0.05870738
0.041230552,0.0390314
0.054869577,0.037434038
0.04338383,0.05701517
0.04047965,0.058592573
0.0527655,0.07065199
0.03750833,0.041786797
0.057271488,0.06774653
0.035402853,0.040238485
0.04279211,0.050549407
0.039638195,0.042848002
0.04409924,0.024654489
0.035588898,0.043030612
0.042709406,0.04531994
0.04908683,0.037987713
0.053070717,0.04747906
0.05214739,0.031411085
0.045646504,0.07066871
0.03903092,0.050244823
0.032600462,0.040427454
0.0755225,0.056424126
0.05645446,0.03347393
0.035298824,0.046298567
0.043598533,0.05965129
0.053398702,0.055694584
0.31550965,0.04956182
0.050989717,0.037221145
0.03597485,0.047634605
0.04015945,0.03745166
0.04973906,0.04400681
0.040246665,0.033640705
0.045345437,0.053792506
0.029204404,0.06034304
0.032600004,0.047039058
0.0523414,0.035650294
0.06488016,0.053683475
0.051983457,0.055154253
0.052540172,0.032630824
0.032429993,0.04123584
0.057550654,0.04563718
0.03575903,0.036746927
0.04606052,0.044077568
0.034634825,0.035720363
0.043023016,0.057565685
0.032087494,0.03276413
0.055158995,0.055125114
0.042621348,0.054528367
0.03350009,0.061242204
0.049817797,0.035622306
0.046741486,0.040836174
0.051030196,0.048769083
0.035894234,0.042112276
0.056666397,0.06891876
0.044319052,0.05427913
0.028415222,0.041793987
0.04863442,0.03979473
0.041173432,0.050825924
0.050131265,0.03541319
0.041648615,0.043197047
0.04353539,0.03691795
0.053291306,0.04707989
0.058261633,0.041790795
0.046809133,0.029218076
0.030145021,0.037071783
0.061890043,0.034688406
0.06038966,0.04351542
0.039284296,0.04296685
0.027196102,0.039174303
0.045744408,0.07914508
0.041747242,0.037607774
0.03106916,0.04083495
0.054214157,0.038735967
0.038083542,0.033641603
0.0445856,0.038559772
0.042486187,0.040961273
0.07333781,0.051212672
0.039977044,0.037595008
0.05947987,0.052598856
0.05012083,0.040525623
0.03755959,0.032870475
0.052494776,0.038079325
0.04876875,0.040597692
0.0571263,0.044086356
0.04688054,0.04023691
0.030545149,0.056811072
0.051243074,0.043359198
0.039930034,0.051826995
0.04907435,0.08368888
0.03802636,0.028519694
0.058470562,0.05125663
0.036437064,0.048059717
0.040167905,0.043116584
0.03715845,0.044988517
0.044033512,0.054768834
0.044169653,0.06362577
0.053912118,0.05051535
0.052768797,0.044196285
0.06476586,0.07420588
0.043691985,0.039735094
0.038103558,0.044495225
0.044246852,0.049641714
0.05050658,0.04650041
0.05078407,0.04028371
0.047428027,0.04771297
0.04562972,0.029564649
0.044123374,0.04056499
0.04762824,0.04828996
0.05793781,0.07658975
0.04659857,0.031415008
0.064685285,0.051589325
0.05165682,0.04340254
0.06657362,0.048959147
0.04977107,0.056142867
0.05294483,0.04703825
0.06747883,0.05382103
0.07555633,0.032639477
0.049791697,0.04967234
0.052903328,0.22369416
0.07061223,0.050790444
0.05601851,0.057636816
0.025725977,0.05153741
0.05461802,0.04192971
0.04756642,0.044442613
0.052114714,0.05713373
0.038391978,0.05507934
0.04570484,0.041042455
0.057765648,0.04950547
0.032748174,0.038127076
0.043944024,0.026506247
0.047194332,0.053436775
0.06365998,0.04566243
0.053929772,0.056523234
0.06610378,0.056078777
0.051449914,0.037917994
0.044356328,0.05290099
0.05290865,0.031646036
0.048469834,0.026813714
0.07431229,0.056402158
0.04957296,0.046971142
0.0322201,0.04620042
0.058889113,0.05133755
0.04064005,0.06653215
0.054052178,0.035628393
0.032696225,0.02439956
0.06108405,0.04614691
0.062129498,0.057519235
0.05655631,0.04311501
0.048534438,0.051065322
0.045210052,0.038087368
0.04704327,0.023764098
0.046033327,0.05124041
0.058257554,0.035367046
0.06661112,0.040698353
0.05968002,0.040476266
0.08123333,0.055880863
0.0464072,0.026285853
0.047245573,0.03526723
0.042336576,0.029801097
0.056182418,0.0489654
0.06815474,0.050169084
0.042552132,0.06018539
0.07860173,0.07135307
0.050689686,0.045716375
0.059918236,0.043809533
0.041457076,0.05421034
0.033594154,0.04370389
0.048685297,0.03430853
0.04233388,0.052565563
0.04981652,0.05079709
0.044909373,0.07739989
0.045280155,0.0380165
0.050863072,0.052435614
0.05354653,0.058097668
0.04912692,0.045327853
0.04975593,0.034875933
0.054207638,0.03280659
0.06070983,0.05412273
0.049732376,0.05550603
0.035809904,0.049649518
0.033450283,0.03977396
0.04433336,0.040423587
0.033984564,0.034903474
0.028447803,0.06415961
0.058507636,0.122141026
0.047812812,0.037598897
0.033412267,0.06648929
0.039142203,0.06301885
0.040271062,0.03972292
0.03655169,0.07537173
0.038897756,0.041611597
0.043074954,0.043658927
0.049895067,0.05122299
0.07454552,0.03493718
0.05608959,0.06288475
0.036845952,0.044322234
0.08291334,0.047698565
0.04669142,0.040626787
0.039263226,0.031894058
0.027885938,0.029925464
0.054127764,0.049238678
0.048128925,0.06695615
0.060001507,0.042981822
0.03661802,0.04255437
0.026451822,0.038898893
0.053152233,0.0484304
0.047180027,0.04782364
0.056629848,0.066866115
0.036246385,0.03972504
0.04126439,0.09253354
0.05933044,0.054618992
0.05946387,0.03404726
0.37145758,0.06933191
0.07221937,0.060582917
0.05861936,0.040484224
0.054986566,0.06297877
0.06679026,0.050520092
0.043343928,0.05023322
0.096053325,0.028926883
0.040717337,0.04410992
0.056141187,0.03937908
0.051241867,0.15128805
0.044969767,0.057681233
0.061286796,0.062897734
0.05482282,0.044013564
0.052673478,0.033167396
0.040651537,0.05729269
0.052106857,0.046374243
0.053479046,0.061875653
0.04749905,0.09143459
0.0557489,0.027263254
0.052744966,0.061243646
0.057422824,0.064550266
0.036109623,0.02950716
0.042526525,0.07673459
0.049644012,0.04299273
0.042303957,0.046832494
0.041252658,0.06823335
0.19693455,0.036165576
0.0482714,0.03829198
0.035522792,0.04862674
0.041749626,0.042033713
0.028717628,0.039055314
0.055242226,0.043170642
0.04934395,0.07813033
0.036510926,0.037747953
0.0372454,0.047475845
0.05287323,0.042988796
0.048272353,0.04769157
0.033996094,0.03555934
0.05145874,0.043428272
0.031186463,0.05723848
0.053902443,0.050120227
0.047233626,0.042346407
0.04955978,0.02248792
0.07313352,0.05246215
0.0696273,0.042541564
0.038382526,0.13195595
0.034031283,0.040186044
0.05425672,0.043815568
0.037041977,0.032004803
0.051903512,0.37899098
0.033357102,0.030366959
0.04566885,0.037552208
0.051905226,0.048034165
0.054207638,0.061808504
0.11128978,0.02445307
0.03725124,0.044459857
0.048965383,0.044163145
0.039228637,0.048576463
0.039100625,0.041251186
0.058342613,0.04105802
0.07594857,0.031389464
0.0526106,0.061722644
0.082422994,0.051196124
0.042567503,0.0685475
0.040878065,0.034848675
0.05986356,0.034700327
0.060976055,0.059183136
0.049860317,0.054213203
0.040089723,0.0331356
0.0491062,0.044868708
0.051804766,0.05582954
0.042264763,0.035320565
0.030518489,0.035900734
0.04817193,0.039969597
0.036426287,0.050486103
0.054168943,0.03230344
0.03899839,0.058976308
0.045579504,0.046124373
0.036008168,0.039920133
0.041784853,0.032121785
0.042930618,0.0470059
0.04235615,0.056317475
0.058089998,0.049357373
0.054627996,0.048341874
0.043724425,0.046834044
0.04636888,0.040457096
0.036936842,0.031407565
0.040140335,0.046848077
0.062099118,0.040658526
0.03999551,0.030631606
0.039169356,0.041942257
0.04269519,0.05133976
0.042415924,0.05264253
0.034887116,0.039351363
0.047825325,0.029293118
0.04887073,0.042221066
0.041848928,0.04145572
0.046541266,0.06815918
0.045412067,0.04637726
0.050538443,0.02022492
0.039472777,0.032359544
0.02122872,0.046776686
0.04631975,0.0318909
0.04648012,0.05430263
0.043661606,0.036401007
0.03411264,0.043819282
0.044800445,0.066359095
0.03999325,0.05077571
0.05210267,0.048956458
0.044025935,0.032192476
0.038089048,0.040955435
0.056903414,0.032296088
0.048952058,0.06363412
0.039882436,0.040781002
0.05526717,0.050360613
0.055825923,0.11395346
0.041454114,0.030516464
0.04882351,0.05103992
0.052697945,0.049231093
0.05713165,0.05463014
0.047877923,0.05039093
0.057967238,0.05042789
0.05321481,0.032663118
0.057248957,0.03726369
0.052345965,0.038611304
0.041017868,0.050672997
0.04739353,0.06642074
0.055197466,0.044638142
0.036820076,0.042858366
0.03618314,0.03855916
0.05989968,0.0432981
0.038550857,0.058683902
0.048525505,0.051591795
0.02783407,0.039561536
0.04713286,0.034215353
0.04419025,0.045568522
0.045187682,0.046979558
0.02494713,0.042372856
0.04882924,0.03409006
0.045292776,0.065542795
0.043288793,0.050596293
0.029543638,0.05976817
0.071099184,0.047568023
0.15828146,0.048780166
0.070790984,0.038727585
0.031785604,0.04085473
0.042173743,0.076244645
0.042404406,0.048294265
0.036601797,0.04992247
0.06590973,0.049635615
0.042125728,0.03903726
0.038746525,0.056376234
0.04995527,0.039143384
0.033540968,0.05238357
0.048506502,0.0377371
0.06401477,0.057848714
0.061627492,0.09100996
0.04954621,0.038980447
0.058047872,0.2050651
0.053501893,0.04986568
0.038568787,0.03229099
0.021320844,0.022418376
0.047029786,0.03726369
0.035642702,0.058723554
0.0344437,0.03639505
0.039381836,0.031762116
0.04196104,0.027424518
0.05642603,0.025051896
0.03408183,0.06710482
0.056764126,0.039006878
0.061605547,0.049940854
0.045026623,0.030398741
0.033804413,0.037024032
0.034850024,0.044270363
0.05632927,0.041541144
0.055832375,0.031912223
0.06730352,0.06365901
0.03793044,0.06092457
0.046963256,0.055667326
0.16501169,0.04052114
0.0454202,0.038282767
0.04923706,0.67650324
0.036247615,0.035127386
0.046610523,0.033430554
0.0563647,0.043734558
0.049810864,0.056537595
0.03672885,0.09978813
0.044204883,0.04542104
0.02627466,0.041328218
0.040899996,0.04954335
0.06987949,0.06393024
0.04382306,0.051499505
0.04385426,0.041243996
0.04363091,0.05328527
0.19168948,0.04752271
0.046181224,0.037392396
0.054180767,0.06529544
0.050975997,0.027867598
0.049365226,0.038831577
0.04473799,0.056496304
0.041709945,0.044365864
0.0464175,0.05338239
0.020589575,0.047177184
0.054618828,0.04184916
0.031982765,0.031149805
0.048024654,0.043247323
0.048405543,0.040360674
0.035706587,0.05615078
0.026647763,0.053932384
0.05082227,0.055916756
0.06869392,0.054051317
0.04101858,0.04244344
0.04851951,0.04975123
0.047153063,0.035113145
0.052499782,0.032786798
0.040782165,0.044258256
0.039216682,0.06272396
0.04300283,0.040752124
0.04672524,0.04657235
0.046206117,0.04397365
0.05023114,0.043817732
0.051591747,0.047590844
0.05139321,0.05806798
0.035791967,0.034990538
0.054682154,0.49076214
0.07278766,0.05116209
0.057398282,0.051551748
0.046136048,0.03627615
0.03296379,0.035040684
0.04901304,0.23292264
0.048846252,0.037326243
0.049835686,0.05518457
0.05170462,0.028589347
0.050739706,0.12464285
0.052929178,0.059788696
0.04669986,0.030703062
0.037986204,0.058696557
0.04568448,0.03326331
0.04817621,0.051857993
0.04101812,0.032958608
0.040522505,0.06559522
0.04960753,0.029784605
0.036285408,0.048441157
0.038715538,0.031204343
0.038493656,0.04250908
0.04468604,0.036912616
0.070947915,0.046975166
0.06250532,0.038396094
0.044716187,0.031548392
0.044499785,0.046692222
0.044611257,0.07315615
0.040306758,0.043221243
0.102848075,0.06736041
0.13409935,0.052662533
0.0591929,0.050385706
0.0988206,0.0603969
0.035083048,0.045876056
0.051779576,0.048733715
0.05505617,0.22171505
0.051183112,0.07105134
0.031824227,0.04546008
0.03888573,0.069777355
0.05623401,0.03442227
0.042174585,0.090909824
0.06824203,0.053907268
0.038155872,0.052209616
0.04478493,0.050629016
0.040086366,0.041127924
0.031936888,0.028634258
0.06661572,0.049316477
0.045960933,0.042016074
0.040799253,0.04827341
0.04126026,0.062026132
0.062263876,0.054889716
0.06340185,0.062144432
0.04996036,0.06415718
0.061090376,0.048525948
0.048744902,0.045864448
0.03501319,0.026978126
0.03142263,0.19717932
0.03450093,0.08183784
0.048421547,0.030154686
0.05998346,0.094327
0.052001286,0.036663346
0.03015714,0.033939715
0.06731885,0.062440947
0.046070125,0.054471534
0.03546923,0.05869789
0.031494435,0.06651948
0.07486086,0.06268194
0.029287657,0.037210017
0.052196607,0.056063935
0.042108987,0.041737176
0.050183814,0.051632103
0.05857651,0.025651332
0.06484169,0.043571208
0.038682986,0.03091152
0.039998613,0.019671451
0.015195284,0.030194066
0.042248864,0.037953667
0.036875866,0.069473274
0.04378337,0.037291005
0.04762473,0.048619833
0.060895097,0.055300772
0.045848135,0.03448506
0.048019998,0.0531539
0.12108976,0.052999858
0.061818574,0.059007805
0.051831994,0.050071985
0.05946393,0.55168235
0.05227417,0.054665267
0.08775348,0.039777152
0.051251967,0.046668224
0.046665393,0.031006716
0.029447377,0.031691175
0.041080017,0.029608257
0.03864132,0.032927286
0.043813232,0.047105487
0.04959747,0.03424127
0.045130197,0.03279696
0.04273063,0.21006891
0.05502358,0.05695772
0.038904686,0.046808295
0.050809756,0.03467812
0.049471457,0.04321967
0.0524511,0.052195974
0.039636765,0.03825188
0.05077022,0.055134185
0.04839649,0.03199923
0.06350092,0.047956172
0.037260316,0.04123287
0.043671753,0.037416976
0.049820535,0.04277093
0.05417393,0.058251552
0.02661431,0.049425684
0.045656107,0.032604296
0.05313766,0.034780636
0.042461667,0.057564877
0.0433395,0.04294652
0.03541995,0.03476446
0.034512065,0.025817264
0.04066386,0.034510758
0.056734577,0.05065857
0.046033904,0.04219062
0.055174794,0.044904448
0.07119221,0.044108216
0.04171246,0.042577412
0.03983793,0.031241525
0.044376347,0.03523586
0.02864337,0.04951924
0.025437545,0.051747408
0.04766891,0.035415456
0.04490623,0.02056723
0.051221535,0.04473347
0.052178275,0.039321896
0.052567877,0.03638507
0.047932245,0.043861035
0.06235887,0.060897533
0.04589717,0.035094444
0.07376476,0.026467435
0.043233458,0.0440631
0.06293693,0.054676548
0.044663977,0.042754274
0.033373144,0.14218348
0.06040252,0.056771178
0.060715407,0.033310547
0.05265205,0.046325408
0.039518204,0.08708582
0.06795676,0.042311694
0.051294766,0.044033043
0.034003913,0.04798166
0.03589547,0.055705424
0.045949284,0.040715076
0.07024963,0.024337983
0.036723793,0.048585337
0.057286292,0.06326593
0.05893572,0.06645418
0.04980112,0.04577861
0.03253766,0.04515762
0.07404098,0.045097508
0.034165002,0.028406344
0.053663813,0.052864574
0.0442502,0.031606536
0.11387773,0.04876491
0.04520345,0.045965284
0.05418608,0.9119726
0.06479188,0.03574028
0.047648344,0.07020524
0.051853884,0.05331974
0.04176089,0.042943135
0.039492153,0.043941844
0.06044594,0.07699952
0.05138539,0.042473275
0.034152236,0.041703515
0.038659178,0.057195153
0.041841008,0.03741807
0.041463524,0.032522097
0.03022652,0.03713728
0.051443376,0.05835029
0.0414371,0.044001456
0.056654308,0.07199278
0.044752736,0.03478844
0.040102378,0.05175062
0.04985255,0.05281703
0.039693885,0.04252541
0.03437124,0.038829055
0.03272168,0.044756923
0.069462575,0.038795598
0.16584772,0.04050829
0.04958518,0.0513567
0.057198517,0.03569211
0.050494697,0.12235109
0.059860032,0.041424636
0.098675005,0.042837095
0.041287724,0.04437966
0.04503931,0.04250128
0.052164514,0.039705694
0.0394104,0.04180144
0.04078906,0.029144827
0.043467164,0.06326335
0.06345614,0.038661472
0.052005798,0.042717528
0.06979913,0.020208634
0.045552734,0.05335087
0.04074565,0.040561385
0.046584625,0.040557712
0.032779176,0.033518884
0.047791813,0.02844885
0.042099275,0.05524573
0.24144375,0.024539992
0.03836744,0.029576508
0.046091948,0.032252632
0.04974294,0.064911574
0.06510619,0.055314895
0.03565999,0.042004008
0.03208893,0.02858727
0.05458217,0.053917278
0.06361457,0.04502845
0.028787738,0.031631377
0.044379935,0.052503027
0.051241927,0.021819146
0.043259803,0.026843913
0.035314694,0.028182585
0.051336244,0.029949116
0.047852714,0.05246176
0.043885086,0.038824353
0.054284036,0.042489626
0.05549016,0.048273806
0.037658226,0.033660475
0.054406002,0.050944965
0.027061326,0.033123784
0.039337434,0.039487872
0.054545138,0.025541438
0.04904618,0.043194074
0.054787565,0.054028757
0.047565337,0.038836814
0.05359116,0.04089753
0.044873018,0.055148855
0.042924453,0.074300885
0.042600825,0.062118616
0.04592944,0.044556476
0.04034361,0.046075605
0.0466833,0.060724344
0.033555306,0.03643594
0.044611964,0.03623054
0.051418226,0.036255907
0.04210197,0.043110967
0.044080116,0.03691138
0.039661255,0.03916872
0.03470173,0.10223198
0.050186228,0.025947925
0.06097993,0.05597759
0.04598167,0.05541503
0.04941923,0.04711338
0.042492364,0.040842492
0.057485573,0.04689477
0.046979997,0.06539638
0.04683266,0.0411667
0.028213542,0.03166269
0.03892104,0.041179884
0.05548182,0.029723477
0.05224246,0.13776164
0.06894591,0.053662248
0.0476797,0.014451331
0.037122976,0.046303485
0.044048347,0.038852487
0.03858341,0.052949604
0.03751617,0.054224025
0.042879958,0.040824827
0.0667818,0.040673893
0.04767255,0.038475387
0.04458047,0.040995657
0.052990574,0.051723167
0.040316503,0.06000641
0.049780816,0.047762174
0.105357744,0.045247328
0.049662095,0.023630617
0.032660846,0.04428409
0.03729507,0.030984879
0.03788413,0.03867497
0.03379991,0.027690027
0.06516661,0.05726825
0.1661651,0.040594436
0.05331911,0.034385722
0.057903536,0.026140753
0.052137177,0.058810223
0.05579867,0.046710018
0.036496457,0.05332796
0.121572174,0.029214349
0.03658116,0.038744964
0.04642965,0.045401454
0.05819939,0.035423595
0.049753193,0.029668424
0.042941164,0.03490943
0.039933775,0.036643457
0.19540021,0.058385525
0.850493,0.2937362
0.0386465,0.046254303
0.9143233,0.91634405
0.061276797,0.0770875
0.042516366,0.03814385
0.035734918,0.0327914
0.06286682,0.04284739
0.044912517,0.058531087
0.13277705,0.08872115
0.028712304,0.04534886
0.05223352,0.0526765
0.040099986,0.04527476
0.8430565,0.060438693
0.054778468,0.02439344
0.060303185,0.031507023
0.043258525,0.03090987
0.045739926,0.031023242
0.049381025,0.03789323
0.043138463,0.037378877
0.11159827,0.042124692
0.05183783,0.03559698
0.02833844,0.08479188
0.034184806,0.03539731
0.040848847,0.047050644
0.03989154,0.03651605
0.053868596,0.04745226
0.031780634,0.04526746
0.038534682,0.041790795
0.061546672,0.05397857
0.047825325,0.03800661
0.03320072,0.03802598
0.035744987,0.030213017
0.057171322,0.062089458
0.08311684,0.059427846
0.053947296,0.03675649
0.066146284,0.050123855
0.065760344,0.037395272
0.8753814,0.8649355
0.05585375,0.043130137
0.04343787,0.06599773
0.044114653,0.043299805
0.03262782,0.041692257
0.045861833,0.037956532
0.055278793,0.04300412
0.05859699,0.06455525
0.04261729,0.045864053
0.042417154,0.044484407
0.042028777,0.03564153
0.042765554,0.048844893
0.042592783,0.051275384
0.047615338,0.036911655
0.054853395,0.047239833
0.059948027,0.031420648
0.045085084,0.035246134
0.04007874,0.037974622
0.05053392,0.045909673
0.06886892,0.04543118
0.032380365,0.04267523
0.05461163,0.119869314
0.03946864,0.04620925
0.05175685,0.059603594
0.04591522,0.052433405
0.047523953,0.050154045
0.04449279,0.04803517
0.05224297,0.026230125
0.039006867,0.022275582
0.0545885,0.04527806
0.034627724,0.037985332
0.039714552,0.04310032
0.049599763,0.04497466
0.063274056,0.055310108
0.035314824,0.0543778
0.05385644,0.059934583
0.1053141,0.057154343
0.04380366,0.04363923
0.037927654,0.04201872
0.03818177,0.06171901
0.066069216,0.0428442
0.043361988,0.033768613
0.055168405,0.038538102
0.050522033,0.041994084
0.03343724,0.045867838
0.04392785,0.06874161
0.06388428,0.030987218
0.023371818,0.11425133
0.044174533,0.04697781
0.04011122,0.03913759
0.043424502,0.035377596
0.03880455,0.053187102
0.027024873,0.042364113
0.070777215,0.077588245
0.0526968,0.032119926
0.05219027,0.035267293
0.051852424,0.046639435
0.05492025,0.05250248
0.05103343,0.056337368
0.8344736,0.04335432
0.039438006,0.04237218
0.059816264,0.055404976
0.04131079,0.045413826
0.04078306,0.03833453
0.038710102,0.04866495
0.035081424,0.033203036
0.050952997,0.042246446
0.049995296,0.051432334
0.037788253,0.04576827
0.04354361,0.037691582
0.052042525,0.049685016
0.0747549,0.044416163
0.0632124,0.06629105
0.038244314,0.018496916
0.054185513,0.04173956
0.045614865,0.04349551
0.051114887,0.054404687
0.04622423,0.059195794
0.05657351,0.06348556
0.054195248,0.046434727
0.04744482,0.03169524
0.035082854,0.036133707
0.05468462,0.0317972
0.035935678,0.041542828
0.047477715,0.04319075
0.040240265,0.05418306
0.049802203,0.039337065
0.053271737,0.061638508
0.037631586,0.03796063
0.049732883,0.0809599
0.046571586,0.06214852
0.0562103,0.05946892
0.0318605,0.05687982
0.050954133,0.046788227
0.066432625,0.04251321
0.05237456,0.03019351
0.05113293,0.062258556
0.05185217,0.045463316
0.058525868,0.052217178
0.03787694,0.033349335
0.04060244,0.03500643
0.05369109,0.052213438
0.044124857,0.03625571
0.035220277,0.042266183
0.08459376,0.048504505
0.047182,0.05468754
0.038303036,0.05307256
0.041393608,0.030561045
0.055501577,0.0567185
0.04761821,0.05113186
0.036365848,0.03950693
0.05066851,0.044612195
0.042758092,0.0331108
0.052317046,0.22249381
0.037748735,0.044415485
0.050391357,0.039291784
0.054967422,0.06917828
0.048962705,0.0340509
0.053395785,0.053138267
0.048070416,0.056011014
0.046036076,0.031196157
0.053555515,0.047503036
0.05348664,0.0434018
0.05236207,0.029815786
0.0401415,0.05975254
0.05838447,0.05068023
0.054747812,0.044854917
0.07483381,0.042272087
0.042659618,0.03008546
0.042939045,0.049459346
0.05203428,0.058140073
0.050868854,0.04891204
0.04290413,0.041760523
0.04998531,0.06255964
0.087133646,0.039140116
0.05094639,0.042305704
0.26313707,0.059023328
0.050012026,0.05666431
0.0459208,0.04196396
0.044192117,0.023568494
0.05135917,0.06608293
0.03613326,0.03500699
0.04109324,0.046864647
0.04351322,0.02696747
0.052132096,0.06520599
0.042684898,0.046236094
0.050082594,0.042317245
0.04893504,0.030942177
0.05584801,0.029741554
0.04386723,0.043515008
0.033757616,0.058432437
0.048592776,0.05127558
0.05754404,0.078416765
0.03889931,0.108113565
0.0369779,0.041463394
0.06835773,0.04155743
0.043306977,0.044548016
0.029299926,0.05101452
0.0686431,0.039697126
0.049623255,0.049592905
0.049078934,0.04975499
0.049517937,0.017918518
0.034598704,0.046581116
0.15669101,0.06851642
0.04557682,0.04634517
0.03497064,0.037944805
0.04721222,0.041992597
0.06583427,0.061124757
0.052486602,0.043156344
0.04305792,0.044713993
0.042695444,0.055847924
0.052651796,0.057044942
0.04853966,0.040792957
0.041167438,0.038779173
0.048948813,0.05148886
0.06654001,0.11328187
0.059818394,0.05962989
0.039179184,0.042759955
0.06770317,0.033070974
0.061526593,0.047685646
0.054928828,0.042063355
0.04937644,0.056649797
0.08390249,0.38363984
0.049281526,0.044481084
0.033290125,0.03200817
0.03925637,0.05128168
0.02688387,0.048520636
0.07045881,0.043337993
0.04899272,0.036810677
0.048113808,0.055221688
0.04592444,0.054246232
0.045136932,0.043509454
0.046594217,0.060230266
0.03943703,0.046370044
0.049732693,0.032232694
0.08135475,0.068767995
0.06989383,0.069367014
0.048463516,0.052489847
0.038809985,0.03603699
0.043040246,0.035786748
0.05039956,0.038703114
0.058480114,0.054265797
0.044277407,0.042039618
0.033536404,0.062036775
0.03870356,0.03919202
0.043447886,0.08656208
0.048093963,0.039034538
0.041612994,0.040399365
0.033381753,0.06033615
0.052438162,0.05829641
0.04249358,0.05493704
0.029842068,0.041830294
0.057369567,0.045793187
0.04036568,0.051327497
0.0823162,0.059053667
0.049304463,0.04715959
0.06384151,0.037821446
0.03592438,0.054061197
0.0443202,0.05091266
0.044682704,0.03633776
0.04699629,0.0388268
0.041508242,0.04829223
0.063591875,0.035110403
0.041373175,0.03269617
0.043355104,0.04605685
0.3636281,0.09805922
0.028187005,0.0213673
0.049659934,0.026350873
0.041906435,0.03820005
0.02715406,0.0803612
0.04394261,0.047276534
0.045924317,0.0486966
0.0449997,0.050131705
0.051981997,0.03536472
0.048534438,0.027824437
0.04860311,0.04743018
0.054169066,0.049847625
0.056144778,0.061109476
0.042463668,0.06144884
0.04623382,0.058629386
0.056445375,0.039387867
0.04907065,0.03983969
0.04762102,0.057578824
0.042926125,0.038915034
0.056206003,0.056380603
0.046961784,0.04611447
0.055583812,0.05304832
0.049438853,0.036346577
0.04800258,0.04562684
0.046494253,0.031203315
0.053411867,0.047033463
0.04948559,0.04440508
0.058084216,0.047531802
0.059463423,0.05481343
0.034819774,0.041310206
0.045030855,0.043602135
0.042564806,0.033076122
0.041057397,0.051089518
0.04816166,0.050424743
0.044966433,0.048238285
0.044839747,0.031626765
0.033693943,0.052527573
0.03731263,0.046539582
0.040260933,0.038581587
0.05715905,0.03953185
0.06915746,0.037894793
0.04207513,0.065258235
0.035710286,0.055464737
0.057997618,0.04271427
0.029598985,0.031515624
0.049264137,0.07870213
0.049247265,0.041528642
0.04698664,0.06066976
0.051121235,0.03599513
0.039516784,0.06498614
0.07291205,0.064959645
0.046406947,0.05285587
0.041616026,0.046510793
0.13231573,0.066247724
0.04477043,0.055883728
0.051608194,0.037579443
0.042162295,0.055366524
0.047981963,0.040194746
0.05959922,0.037585117
0.052422058,0.04250121
0.043008354,0.035005204
0.103189826,0.024675474
0.050457682,0.039535195
0.037348162,0.039093252
0.05441093,0.09297387
0.057415824,0.057444368
0.0458804,0.03993836
0.06572453,0.06117842
0.058759723,0.052469384
0.043122392,0.06944557
0.102113225,0.031295493
0.052655347,0.046451055
0.049799465,0.03789159
0.048035573,0.06529439
0.049461205,0.04250379
0.05243499,0.03912779
0.05227532,0.049053032
0.04714482,0.058434293
0.04656186,0.051208586
0.034281313,0.009091325
0.039516907,0.0365613
0.05550985,0.06703235
0.040880904,0.054389145
0.7688197,0.070225745
0.043962892,0.04144888
0.04190547,0.043258622
0.0415085,0.02005149
0.057865348,0.045017917
0.050256714,0.07530235
0.03947814,0.055265054
0.047163792,0.055195827
0.030043334,0.053948995
0.056161672,0.037303846
0.02884577,0.03585954
0.044750046,0.043360684
0.0647539,0.056944694
0.04630958,0.057441525
0.03512435,0.046805408
0.036796264,0.029862827
0.045598794,0.060664013
0.056072578,0.04429194
0.055301264,0.03489094
0.036353186,0.029976297
0.038035557,0.044058617
0.04134379,0.040091638
0.048672803,0.04022045
0.060018625,0.059723403
0.05120318,0.044453017
0.04595127,0.04463849
0.060901158,0.039172743
0.047913548,0.0885628
0.0620778,0.06053992
0.04853469,0.2838338
0.050347287,0.050565712
0.040300045,0.0364276
0.047380693,0.05532497
0.03609631,0.051348876
0.038549438,0.03806834
0.048044447,0.07551641
0.039766755,0.035771012
0.05131719,0.071218796
0.045052968,0.042042676
0.0474095,0.045873366
0.04368871,0.032099094
0.05056508,0.086727224
0.038791418,0.049048815
0.053111184,0.03545269
0.106774226,0.049390357
0.06703052,0.071171775
0.051187363,0.038959257
0.03906694,0.03389087
0.034677193,0.051441513
0.047697008,0.043006767
0.062494814,0.05203002
0.054290485,0.05907157
0.040184565,0.0371422
0.041313957,0.060123704
0.029775213,0.055116918
0.040700436,0.02888758
0.036055718,0.07705994
0.052606925,0.045692265
0.058301684,0.052224673
0.046050604,0.059458714
0.06704715,0.03629435
0.050332714,0.053442918
0.06971432,0.07909253
0.057990883,0.03393601
0.04841301,0.05399518
0.08846207,0.05270365
0.056389727,0.06641678
0.043717742,0.06250858
0.060981877,0.049824126
0.030939333,0.053520735
0.04377104,0.08055511
0.04548721,0.04141574
0.043796603,0.034307916
0.05731921,0.061324418
0.046320066,0.035370883
0.04140824,0.045831528
0.04097312,0.050274007
0.05467748,0.041198418
0.03846738,0.041472837
0.044113234,0.03760279
0.044355113,0.07378182
0.054119356,0.0543277
0.05118343,0.026127584
0.041545093,0.048248578
0.05173997,0.04689538
0.05908681,0.03727482
0.038242247,0.03427267
0.056159966,0.036123246
0.053010847,0.07049011
0.041848037,0.05224837
0.052668348,0.05589599
0.06661118,0.100297555
0.16869536,0.05883298
0.041344568,0.028544493
0.050748672,0.051639207
0.036965124,0.04900223
0.04070082,0.045456167
0.051499754,0.051923327
0.038539086,0.051859543
0.048653223,0.059792805
0.07870575,0.058133755
0.05327212,0.036579758
0.037685044,0.037027724
0.045815744,0.054857366
0.04980628,0.043071795
0.027531544,0.03643983
0.037179977,0.03705908
0.037301358,0.029238448
0.040320568,0.033200007
0.031200914,0.03949972
0.09498997,0.05712145
0.036626324,0.045914594
0.052353956,0.02142068
0.04186355,0.054051973
0.051624633,0.06511362
0.09861586,0.056781933
0.032707512,0.051801354
0.04975504,0.060216498
0.04966196,0.039683793
0.03991033,0.04283858
0.046668913,0.04984474
0.05365862,0.74712026
0.043442298,0.04233854
0.040877294,0.064327985
0.046487603,0.03359322
0.060583968,0.041830428
0.06597755,0.09201133
0.034574945,0.038502865
0.056654815,0.033747204
0.042387422,0.017549222
0.052773673,0.03730883
0.06172044,0.03596058
0.07825368,0.054462
0.062861145,0.029364914
0.051819935,0.04636871
0.043278188,0.047557794
0.04187347,0.045410044
0.050463088,0.061501496
0.04240756,0.033035465
0.05680923,0.048850335
0.06661771,0.02941778
0.066587776,0.049732495
0.04717606,0.039932437
0.03940718,0.04222229
0.04113199,0.03671898
0.041928977,0.03775751
0.053969443,0.038541444
0.044253152,0.039521992
0.050756488,0.042262863
0.05072903,0.055936735
0.042669334,0.06771756
0.045701444,0.031227961
0.032419164,0.02678344
0.14944297,0.070534214
0.06340941,0.04798651
0.040557984,0.049989972
0.046480313,0.042575378
0.038274616,0.045965962
0.06537475,0.060817596
0.03996161,0.050587967
0.061895054,0.07722784
0.049269997,0.071815215
0.045030337,0.0447461
0.044128455,0.044694602
0.03924112,0.04326859
0.03186703,0.05223484
0.047286335,0.034348913
0.018202886,0.034918
0.053138867,0.057091545
0.037016746,0.05469729
0.045875724,0.04247566
0.069594465,0.037968338
0.073017456,0.046841323
0.040274672,0.034075927
0.043987293,0.030462079
0.36493182,0.048845176
0.059597902,0.049742967
0.09997816,0.048628226
0.06170912,0.0493344
0.051253233,0.031391945
0.044718105,0.042124275
0.047737863,0.038192958
0.044450704,0.05150333
0.048912864,0.08091087
0.046662897,0.04436991
0.047950435,0.03866216
0.038922593,0.038651187
0.054519597,0.051610135
0.05094219,0.04519972
0.056424387,0.04654863
0.029658386,0.056287006
0.032827534,0.034584444
0.05019876,0.055532936
0.06315148,0.04129637
0.052730396,0.06871879
0.031779855,0.026692342
0.035178915,0.04914025
0.025785582,0.037191916
0.054378495,0.034994517
0.040805835,0.047163088
0.057423513,0.060271557
0.046150256,0.036187664
0.052670944,0.059929334
0.061165072,0.043550223
0.040687792,0.040114895
0.04631904,0.07833683
0.039932415,0.06402762
0.05182597,0.032656323
0.05033475,0.032247405
0.047176637,0.035784423
0.041721992,0.0568636
0.046205852,0.05432584
0.034608267,0.03732296
0.061222646,0.048118606
0.05297581,0.020498626
0.03796918,0.046670254
0.042319722,0.041839257
0.029466005,0.02387406
0.053917687,0.039990824
0.038805064,0.05074172
0.046093427,0.042932358
0.03470179,0.042615578
0.049057204,0.04169184
0.046098802,0.033590812
0.10257595,0.03489203
0.04840242,0.091488555
0.056764938,0.0442082
0.049680043,0.041911043
0.036755197,0.03527736
0.04969513,0.049094368
0.04374651,0.035678286
0.036823574,0.027121192
0.037307967,0.0385441
0.04322838,0.09527677
0.04527913,0.033509072
0.05968341,0.051874056
0.032515727,0.028194478
0.02835,0.026898352
0.04119077,0.041527025
0.044315644,0.030497162
0.047621656,0.08825534
0.054439254,0.06828911
0.043494977,0.050645694
0.043515027,0.046259023
0.026864512,0.062212676
0.049660563,0.07136761
0.047360767,0.027302567
0.037722494,0.037764132
0.03329991,0.052206006
0.049813855,0.034092803
0.038692567,0.040708628
0.045163203,0.042118177
0.04414128,0.033598572
0.03811683,0.035901617
0.037356842,0.09905303
0.05426772,0.041639708
0.04639927,0.042774186
0.054222506,0.044488516
0.074955516,0.051212933
0.033786617,0.047335684
0.044280104,0.03969256
0.049448915,0.049081188
0.049789924,0.04712442
0.04697361,0.05727197
0.044812236,0.051162615
0.043407984,0.055310827
0.050876927,0.05411005
0.04942331,0.048413046
0.03098534,0.03905034
0.08343581,0.03389348
0.05326332,0.027380232
0.057451643,0.052514788
0.03367485,0.036081724
0.07821918,0.042144846
0.08917359,0.031823616
0.044945087,0.050809767
0.042608358,0.0399172
0.03780536,0.051876746
0.03600531,0.051040925
0.23288812,0.04077862
0.044527873,0.06528611
0.033147622,0.047839664
0.19632192,0.04574938
0.06492673,0.058710635
0.053987786,0.038072165
0.03414103,0.04117763
0.03519465,0.038948283
0.044844817,0.04302648
0.048402097,0.034308944
0.03868338,0.033650726
0.045269385,0.03062754
0.061462387,0.10116944
0.047534104,0.04328376
0.044953868,0.05983698
0.03298682,0.033543117
0.050193995,0.041938804
0.051660184,0.06015494
0.048660178,0.053920425
0.042977944,0.04937296
0.042090967,0.039770223
0.036788154,0.118232
0.033451125,0.028705353
0.04986477,0.041910976
0.062249072,0.02813606
0.04863627,0.04633437
0.061074924,0.038537007
0.041649073,0.045260902
0.05686681,0.047895666
0.07545018,0.3554488
0.04215186,0.044490833
0.045022264,0.063603885
0.051434867,0.054145616
0.060178578,0.06777888
0.044439733,0.044363484
0.06501862,0.043511357
0.07717515,0.037941527
0.051500514,0.051853992
0.0533925,0.040145364
0.038049873,0.035889924
0.040174678,0.040739536
0.03458698,0.041525602
0.03661646,0.0410197
0.042478267,0.054551426
0.041172083,0.027167708
0.039226245,0.054140806
0.05004754,0.08690811
0.043965854,0.04238256
0.039676312,0.05315685
0.06478267,0.060652647
0.042433944,0.034220077
0.06471242,0.051489864
0.06353685,0.039514165
0.162718,0.044499684
0.05099881,0.051270686
0.031411253,0.041476376
0.036392204,0.065916695
0.053608496,0.08212502
0.038885467,0.054667737
0.05214402,0.049779296
0.033144683,0.044655867
0.04900578,0.025188033
0.047552112,0.06188901
0.053701088,0.032639075
0.04999638,0.054864183
0.03229893,0.067268714
0.06643492,0.043878563
0.06330576,0.054273535
0.04443595,0.30102038
0.09204584,0.050783537
0.048619494,0.041343343
0.024768861,0.06271104
0.033648383,0.06482543
0.037557002,0.04298211
0.061669838,0.03252038
0.049300194,0.06580176
0.047149796,0.0353272
0.032189727,0.0936007
0.05439393,0.030370686
0.05276474,0.04479712
0.042437736,0.0499242
0.07631428,0.037418343
0.05579887,0.036550775
0.049942475,0.03878265
0.048825994,0.052275717
0.05255938,0.054942966
0.030204635,0.05079696
0.045674104,0.03592057
0.05469101,0.043650817
0.05620209,0.039672755
0.04103451,0.022729931
0.045119043,0.03255708
0.0469382,0.042408597
0.042254906,0.049400568
0.03835877,0.052883416
0.041243248,0.04129141
0.064894,0.055196505
0.045877136,0.040540576
0.042530317,0.054745555
0.042489078,0.04848131
0.053924713,0.030208886
0.06415089,0.059112925
0.044590477,0.036357377
0.04829602,0.042913735
0.05003621,0.035910998
0.044403553,0.04540375
0.036124885,0.05293201
0.037542544,0.050380327
0.05191976,0.036141366
0.06590811,0.043451354
0.0638059,0.045260705
0.06349587,0.057646368
0.037758067,0.04674967
0.047898922,0.03904046
0.05171039,0.033699933
0.049216174,0.043386344
0.043722883,0.055995364
0.043266557,0.044113025
0.038056213,0.04101793
0.034714285,0.040761568
0.028775863,0.031844743
0.056914,0.029253017
0.047622487,0.028251026
0.021940611,0.118747294
0.043103367,0.0346858
0.041540522,0.03539293
0.045517832,0.049932264
0.05052814,0.050326597
0.04081434,0.030716287
0.038845364,0.040277526
0.042916603,0.06977744
0.06264824,0.0560652
0.059067078,0.04529651
0.03731542,0.03695654
0.03164016,0.041783866
0.08318703,0.03009911
0.037307777,0.05127237
0.06654249,0.062716894
0.052770134,0.03836194
0.047157403,0.035681915
0.061597597,0.046093136
0.045697216,0.037701547
0.051328372,0.0323374
0.041748337,0.03558076
0.050668765,0.038294025
0.040080484,0.037211787
0.04008372,0.036117367
0.047256816,0.050232213
0.030957403,0.040695578
0.04168334,0.033447023
0.058302376,0.054289952
0.0560382,0.041609302
0.04153614,0.0461969
0.05122611,0.031116556
0.046097394,0.04852562
0.052900795,0.045925062
0.06429223,0.042275738
0.039967097,0.02668396
0.03704795,0.043680806
0.049350705,0.05188558
0.04928338,0.04875033
0.042042367,0.07174942
0.049456295,0.041503396
0.039831925,0.06352273
0.04990098,0.028390868
0.05196842,0.22510113
0.05001292,0.06893445
0.059617475,0.2960638
0.05304949,0.04879562
0.04400668,0.03955406
0.048322942,0.044024386
0.050366614,0.038380682
0.0644734,0.0464911
0.051306583,0.04198263
0.05481625,0.04656238
0.05179734,0.05765441
0.063808836,0.04768228
0.056963507,0.035403192
0.039680053,0.044835594
0.07571823,0.059556883
0.054644495,0.053948384
0.056497253,0.052430455
0.04107435,0.057856932
0.05959042,0.038900938
0.034383092,0.027364308
0.045637984,0.0325955
0.055902828,0.050978936
0.037136465,0.06116229
0.045558758,0.14984526
0.04852525,0.037702847
0.10599861,0.04261267
0.056508347,0.037893087
0.04067611,0.04642299
0.07038718,0.053344116
0.044842508,0.044165593
0.046563968,0.036154427
0.036988802,0.03823613
0.02839046,0.026271984
0.05199932,0.06259099
0.050775938,0.038120933
0.038877316,0.09519148
0.04500899,0.061653174
0.05297803,0.044381276
0.04789344,0.03815286
0.07434251,0.04942872
0.05665751,0.0445422
0.052744713,0.048455015
0.05247874,0.03799378
0.056238797,0.037956193
0.053843793,0.034537762
0.055070955,0.056081157
0.048456185,0.054629527
0.056001857,0.03344812
0.048117507,0.031062292
0.03608689,0.046561573
0.15550484,0.035481784
0.048814513,0.046130385
0.03741713,0.046751156
0.051626407,0.05992219
0.05809176,0.42586508
0.056189615,0.042126242
0.06968244,0.061294075
0.02434597,0.042199515
0.033469446,0.023049781
0.049843006,0.0395456
0.054926112,0.055518072
0.06260364,0.045909323
0.05282837,0.021598665
0.047075287,0.029554846
0.049454644,0.051368088
0.044356775,0.047999695
0.04940822,0.05135845
0.03579633,0.02488426
0.05531889,0.03202956
0.0483792,0.06002501
0.06433658,0.051807124
0.040167134,0.04636399
0.044209253,0.04652334
0.037013765,0.03766865
0.05302713,0.025599647
0.04765998,0.04761852
0.05776086,0.042014305
0.031860895,0.056993812
0.0351531,0.05603978
0.037222706,0.044667695
0.037031602,0.04606203
0.049288474,0.040199313
0.07771865,0.058515217
0.06639219,0.033088274
0.061996598,0.059756126
0.09465319,0.045947183
0.040505204,0.033334855
0.02532875,0.035228122
0.05061124,0.07296517
0.03363222,0.026436942
0.060373437,0.053564213
0.023269512,0.045845695
0.06495879,0.066335335
0.033105936,0.044823896
0.032494374,0.03478207
0.0530652,0.1679268
0.055816595,0.031049887
0.0557217,0.035271883
0.041755352,0.05677024
0.04109737,0.04146149
0.03438817,0.029974636
0.038745746,0.03170019
0.045864206,0.03982194
0.10094206,0.05675861
0.050352883,0.04236018
0.06766658,0.047271747
0.048788503,0.06266481
0.032719783,0.0332526
0.044921234,0.045413215
0.044629984,0.038771883
0.06541742,0.038165405
0.059720926,0.032119926
0.05192229,0.041318294
0.06447589,0.058384128
0.038737725,0.04202823
0.049758792,0.030059393
0.046978395,0.05767839
0.03626034,0.054021414
0.0634421,0.041180275
0.107557505,0.05753432
0.060929775,0.044347197
0.047248136,0.06079847
0.054716915,0.03372401
0.048025556,0.046806764
0.05406173,0.05023101
0.046457738,0.06675789
0.039514393,0.06352187
0.03187344,0.040254112
0.047613677,0.053648632
0.12936933,0.05223331
0.046337537,0.046288315
0.035145227,0.06417034
0.038680147,0.04119632
0.0606411,0.04188737
0.0817008,0.055038553
0.033459336,0.040589385
0.043106835,0.02410359
0.04617233,0.053019118
0.050513446,0.048540004
0.05131573,0.034694362
0.040701725,0.040395364
0.04780382,0.043880533
0.037736103,0.05392143
0.044177737,0.06641986
0.043343674,0.025976637
0.04219937,0.04905948
0.047220595,0.05506389
0.03296157,0.043212567
0.038196087,0.046467975
0.030826643,0.03554367
0.03944402,0.073108435
0.077837236,0.040061776
0.038654715,0.023083476
0.042293977,0.029846968
0.044320777,0.06532707
0.043277416,0.04337327
0.04996405,0.04042446
0.05884101,0.03380703
0.048417084,0.045140676
0.050874136,0.05701755
0.058967803,0.09307836
0.04389837,0.03793498
0.036656756,0.037128605
0.05439494,0.06261999
0.03768893,0.059223227
0.040487528,0.31555212
0.063605845,0.047468565
0.03778359,0.025632054
0.047189355,0.04366802
0.051761426,0.033951443
0.0519032,0.04902973
0.039323542,0.049015936
0.04547004,0.059550803
0.042748578,0.050612908
0.049928036,0.044734474
0.06675156,0.06993229
0.084103756,0.06896092
0.04135416,0.036250923
0.04960116,0.06658562
0.03588247,0.038844246
0.05000159,0.049574587
0.042108543,0.04971739
0.026799139,0.033128113
0.03888625,0.03149086
0.05623892,0.05439682
0.025564594,0.03793853
0.049472287,0.059677105
0.06075254,0.04567668
0.037146065,0.028173318
0.04441125,0.0381343
0.038307115,0.05292626
0.057323426,0.038742166
0.040581085,0.04037062
0.04279353,0.04301977
0.03749679,0.034469225
0.0428143,0.06878296
0.055355757,0.056049157
0.045413155,0.83281726
0.047835413,0.03036179
0.061468955,0.053734295
0.034285683,0.047056567
0.044158936,0.04808381
0.040818155,0.0336068
0.043642722,0.045095604
0.04090019,0.05339229
0.058998328,0.018059006
0.076764144,0.038599446
0.039235108,0.029371953
0.056861658,0.056392845
0.048279755,0.040253107
0.07862382,0.042068187
0.047142964,0.04168865
0.043984666,0.05283323
0.063153364,0.051266532
0.04175561,0.03564249
0.048650738,0.054134075
0.032033656,0.033953976
0.056989018,0.051313706
0.05590934,0.04157835
0.058991734,0.06436785
0.057172194,0.06544043
0.106443346,0.055084128
0.0617943,0.20849533
0.0465941,0.03010298
0.031550854,0.029628128
0.04898564,0.029227542
0.032613125,0.044651605
0.042792242,0.03844635
0.0657865,0.04470682
0.0449822,0.10136399
0.046130672,0.04172476
0.06285802,0.030961119
0.050546512,0.061785728
0.24511492,0.9380002
0.0636165,0.045433935
0.071729735,0.04070421
0.048956458,0.06586047
0.044163045,0.07481793
0.07220761,0.037772316
0.050035633,0.040736955
0.05783101,0.03569587
0.04685874,0.054514814
0.03896521,0.045871947
0.06933023,0.05448207
0.043740284,0.027358428
0.037396066,0.029009553
0.040514432,0.032544788
0.060465064,0.046946336
0.0395929,0.037697382
0.036040455,0.05225178
0.036483347,0.03646642
0.0494684,0.047644638
0.045065593,0.037360515
0.05060615,0.027329706
0.06269677,0.052138902
0.04412653,0.04393061
0.040776487,0.04283749
0.05883886,0.031288203
0.045444872,0.06446432
0.05174638,0.05140936
0.037952468,0.043497935
0.054451514,0.037088655
0.03465891,0.052192368
0.042236697,0.028445538
0.082978524,0.22172664
0.04312857,0.02619975
0.04739839,0.060428243
0.046386026,0.039799493
0.03421522,0.038616147
0.045417767,0.041357268
0.11523306,0.06137443
0.04235692,0.04423972
0.04312522,0.03267748
0.06615156,0.034430426
0.031646054,0.040420655
0.040048596,0.05677636
0.046179235,0.062161986
0.056902036,0.04177471
0.056805763,0.05643969
0.052662324,0.035296597
0.06411816,0.064515054
0.041827098,0.046019863
0.05717988,0.05277036
0.05161219,0.056972347
0.04088065,0.040727776
0.044153348,0.05378149
0.048746433,0.029645866
0.04899769,0.057042558
0.029371161,0.032801848
0.04872017,0.028122015
0.042912945,0.057134476
0.04057502,0.053809468
0.035796195,0.056807816
0.04293352,0.030483654
0.04344384,0.0418955
0.047500834,0.037980415
0.05176669,0.033682086
0.06475148,0.042430565
0.05411581,0.028094014
0.05833148,0.046756797
0.033713434,0.042875502
0.062090296,0.049194064
0.12926485,0.033588964
0.039308988,0.04065002
0.03801762,0.058772825
0.042753853,0.050837703
0.057172824,0.069672585
0.029203227,0.08040638
0.039669458,0.045965064
0.044779606,0.042498764
0.07937195,0.92972803
0.058525868,0.052217178
0.046521828,0.03414842
0.042848837,0.026351277
0.032416414,0.033221845
0.033424392,0.056003362
0.046964463,0.047297213
0.042405307,0.05218474
0.03093842,0.045863245
0.04699188,0.050416417
0.044862766,0.058036264
0.06504825,0.06742627
0.054899707,0.032272097
0.033586204,0.04361818
0.041819118,0.039222185
0.053332273,0.04752203
0.054977667,0.047407534
0.04351027,0.039194938
0.041459143,0.036902778
0.03643382,0.023329673
0.050146468,0.038258493
0.071921386,0.04530462
0.03512656,0.043934524
0.046899464,0.049823735
0.046874586,0.036671415
0.04686826,0.05263324
0.04713402,0.04470824
0.05172404,0.07077322
0.04830329,0.04472853
0.040964417,0.060842514
0.07068723,0.045263875
0.03463821,0.051609345
0.046818968,0.035952244
0.044302817,0.03936253
0.05264331,0.044433016
0.06530016,0.060235426
0.059430163,0.03478653
0.039661773,0.05825149
0.045440644,0.06269145
0.04344467,0.0408092
0.031217137,0.03239185
0.051669262,0.046752684
0.032574553,0.12697917
0.070995435,0.059082326
0.04731982,0.32249105
0.035726603,0.060076054
0.047951195,0.059779163
0.021877144,0.046441197
0.043299004,0.035886906
0.035210844,0.038501017
0.05382405,0.065075494
0.041890983,0.07146305
0.041743957,0.057030447
0.054107655,0.050685063
0.044876356,0.03933652
0.048279367,0.04232363
0.048638437,0.057116594
0.03872685,0.039310988
0.059215754,0.060044926
0.08174599,0.029058725
0.033198364,0.0544902
0.03481723,0.034029916
0.04873693,0.023348954
0.051460896,0.047771137
0.045424428,0.036216725
0.22600389,0.029494317
0.03175489,0.022018706
0.035842385,0.02811054
0.037692957,0.045532323
0.085926056,0.053725354
0.050579004,0.042041518
0.051408574,0.048471823
0.041916158,0.050038915
0.03281201,0.03947058
0.06287974,0.051287647
0.05152033,0.04413779
0.028606722,0.048518077
0.045940258,0.03675758
0.034617838,0.054620873
0.04816236,0.054101635
0.06468354,0.048764646
0.044223245,0.036828097
0.039017405,0.045984585
0.057262626,0.052119948
0.104383625,0.03880915
0.06364552,0.035822533
0.03544375,0.05995489
0.054877903,0.053503968
0.059741996,0.042296153
0.049704563,0.07214863
0.06656814,0.05342534
0.04191256,0.036306106
0.02993036,0.051287584
0.030896146,0.054066725
0.044044748,0.069557644
0.05163396,0.10601034
0.05608284,0.069652975
0.050233107,0.053451464
0.038340386,0.043375373
0.044520114,0.046477284
0.04489463,0.03695559
0.04180186,0.04144934
0.039250042,0.060618985
0.052715305,0.04239773
0.036295667,0.044281054
0.045508735,0.051866625
0.07386628,0.0128928
0.046388328,0.04512485
0.056597665,0.059799887
0.030093914,0.042622354
0.055841133,0.04112473
0.088921,0.037638824
0.033580992,0.039368454
0.052650347,0.04274275
0.06724696,0.047237147
0.047485888,0.047774766
0.03831766,0.07026413
0.036568757,0.034262527
0.031881735,0.049914144
0.053062096,0.12595613
0.030948896,0.027209252
0.056343384,0.04288947
0.13799153,0.025211224
0.03486792,0.045512542
0.05698971,0.05893462
0.038060553,0.039856654
0.047972135,0.043951377
0.048412684,0.04390639
0.051130828,0.064201884
0.044616397,0.048423734
0.0552301,0.04130227
0.037709728,0.044663627
0.03870363,0.042877883
0.055753056,0.044252638
0.043296054,0.06592338
0.040998653,0.061518677
0.03180894,0.034902044
0.033813275,0.04930445
0.055532116,0.044424973
0.04098634,0.043053236
0.047198106,0.039554935
0.051942218,0.040495787
0.051262885,0.04684941
0.043903835,0.03901431
0.051619876,0.06511526
0.049370255,0.032062296
0.03470817,0.03755166
0.05658939,0.06667052
0.06287556,0.031047482
0.040985044,0.028556034
0.049056128,0.038243223
0.04902891,0.032098264
0.047314577,0.049184993
0.046774473,0.038886566
0.052722476,0.0530709
0.038194273,0.04485883
0.06352294,0.10456829
0.042997748,0.121361166
0.04593968,0.038035333
0.04548234,0.04300045
0.04873974,0.02838665
0.052847445,0.06184317
0.046002217,0.04657047
0.042457167,0.034337875
0.039321017,0.043633897
0.042525105,0.042864725
0.029858526,0.035764158
0.062254384,0.050238244
0.04623958,0.04818143
0.046735533,0.04448703
0.035137948,0.027220191
0.05682002,0.037021037
0.06782368,0.0458272
0.04772293,0.026665194
0.06106221,0.054815374
0.056129526,0.053821754
0.037178557,0.040121824
0.060248833,0.035997186
0.042457815,0.047213495
0.05924508,0.063025065
0.06972603,0.048635896
0.0562304,0.040605847
0.04943063,0.047199678
0.052741997,0.039812278
0.055581097,0.5592666
0.04615787,0.0436605
0.042043198,0.03793757
0.059717033,0.024240263
0.050688986,0.0496665
0.036303516,0.052256588
0.050362486,0.031003546
0.057401672,0.040674023
0.043285836,0.044082027
0.044074144,0.041239515
0.044778198,0.04129698
0.041265484,0.043061916
0.04088671,0.049759205
0.048400506,0.030575931
0.053803608,0.058573537
0.040475715,0.04925553
0.05162889,0.05763629
0.06110084,0.07182468
0.06173571,0.40566534
0.044009894,0.05247212
0.048243582,0.02476716
0.045052644,0.038291093
0.19365537,0.058807448
0.041433368,0.8765989
0.042686377,0.05704999
0.048102643,0.04786327
0.0674336,0.047937788
0.04468033,0.046502575
0.050076295,0.04656048
0.076002724,0.042547442
0.04713478,0.046267394
0.050423086,0.04309416
0.16366336,0.04048444
0.046858415,0.03937991
0.045588024,0.041504487
0.03434109,0.043735977
0.043471918,0.050008837
0.04602852,0.08285142
0.03706403,0.048222806
0.038134374,0.036348216
0.03692361,0.14494367
0.035539303,0.03702075
0.044234026,0.041874602
0.031253837,0.0415651
0.054545574,0.037930686
0.22977373,0.056932542
0.046643205,0.038019028
0.051213596,0.049302835
0.044699002,0.042940095
0.048622556,0.043629415
0.0439769,0.03543037
0.031860694,0.044446677
0.055454303,0.05886553
0.105721354,0.033816297
0.053475812,0.06225565
0.041745953,0.049437027
0.035220794,0.029907737
0.04797737,0.018595686
0.052929685,0.031610668
0.05079412,0.056928936
0.04171039,0.030597987
0.050668005,0.051198877
0.04810385,0.04198344
0.059329186,0.07403803
0.027175374,0.029221049
0.06924209,0.026125858
0.040222004,0.050205786
0.05507128,0.033557598
0.0539881,0.048629973
0.04964815,0.049083546
0.04889744,0.09604046
0.04717977,0.030939072
0.042180315,0.02423588
0.039183453,0.14822459
0.038508795,0.041322295
0.043742403,0.053385995
0.044446405,0.050925665
0.028658276,0.03903147
0.0627077,0.04121431
0.042930882,0.049879495
0.040401306,0.0429714
0.057869323,0.06718335
0.048893873,0.06054165
0.054158438,0.08752899
0.036878463,0.0480353
0.040026244,0.031192156
0.055812377,0.05393918
0.039815,0.03699179
0.052023806,0.05375412
0.02656814,0.036948487
0.05173863,0.0548587
0.030727278,0.07075508
0.070312686,0.044948645
0.04773978,0.036074065
0.034569602,0.07739794
0.041837916,0.032594886
0.08241091,0.045172416
0.047307104,0.052354254
0.049662214,0.05529391
0.053192765,0.08818482
0.05898332,0.013330351
0.030923504,0.04577861
0.06359125,0.02657554
0.06894528,0.04026052
0.027803963,0.03642514
0.05889088,0.035092596
0.045644384,0.034404304
0.05535878,0.046020348
0.050081253,0.044747237
0.047717694,0.044517677
0.02925184,0.056571126
0.34045127,0.04888966
0.05477189,0.04726307
0.052716706,0.04288324
0.0486552,0.048386533
0.05633355,0.03805729
0.07322197,0.44250053
0.058072697,0.05332241
0.25465292,0.0327218
0.0424703,0.039521445
0.047456063,0.054967772
0.04548811,0.052697353
0.06096121,0.045895904
0.039404918,0.06534875
0.06476641,0.04711021
0.04599485,0.04751987
0.047403812,0.04951314
0.05512099,0.05764676
0.050636854,0.040088378
0.037569962,0.032728128
0.037276715,0.041793376
0.03649457,0.042485144
0.062015723,0.0340068
0.04577054,0.06293723
0.038476955,0.029959192
0.04566014,0.0479003
0.04821155,0.027627554
0.053172566,0.05773483
0.031170564,0.03445202
0.063204475,0.035397988
0.05158889,0.025338728
0.051787194,0.03592926
0.043419614,0.02172429
0.045175828,0.044073854
0.039583273,0.04149756
0.0347031,0.04515939
0.042869534,0.049202066
0.03438518,0.036611203
0.05647937,0.029119274
0.060533408,0.057400476
0.049816012,0.047092024
0.056816857,0.0675376
0.027423874,0.03718427
0.045860555,0.042096954
0.05275163,0.06519237
0.036902983,0.0731953
0.043358255,0.031589955
0.054235727,0.061240412
0.038266584,0.025808247
0.29187912,0.045809712
0.051742442,0.050249655
0.041513972,0.04344567
0.052800737,0.04641315
0.058653675,0.068723425
0.05050372,0.03631649
0.069213696,0.050947372
0.039323155,0.04891816
0.04543584,0.046374373
0.03716208,0.031538345
0.04449747,0.044889387
0.03858503,0.049539175
0.048954543,0.047265626
0.04632845,0.060472444
0.049032614,0.064794324
0.05012719,0.039768584
0.035602342,0.042339083
0.03435275,0.055215415
0.064993106,0.04332534
0.056061607,0.047995605
0.0145348245,0.034909025
0.049933754,0.036315475
0.06951452,0.04237902
0.030076098,0.0653387
0.04770869,0.03491272
0.09475394,0.073314674
0.06358139,0.041036814
0.047828194,0.040465664
0.040370267,0.0391741
0.049369615,0.06819485
0.06873156,0.04727754
0.04470323,0.062732324
0.05576581,0.028763039
0.060409088,0.045448866
0.03792157,0.043858346
0.042672873,0.028596528
0.063692525,0.07239745
0.05332968,0.04365062
0.04437968,0.044808008
0.065713905,0.05751473
0.06622899,0.042930543
0.043329336,0.030622786
0.027787728,0.05662667
0.062373858,0.04225993
0.051440574,0.02986062
0.053274717,0.045191348
0.032830413,0.028150847
0.03854471,0.053372573
0.044113174,0.053300507
0.060616985,0.024148498
0.051082864,0.052222468
0.041010454,0.037904136
0.051572837,0.06900081
0.05442098,0.039139975
0.0968593,0.03486627
0.035741683,0.028183416
0.043574955,0.036429174
0.0439055,0.060387958
0.043436386,0.0608113
0.059845794,0.057423975
0.060087297,0.06828146
0.046630032,0.033332657
0.038735524,0.030582478
0.046445064,0.06320621
0.052512843,0.041669436
0.045645345,0.03016517
0.04770575,0.037974272
0.041401405,0.035325494
0.049571175,0.036373105
0.035310656,0.048066452
0.04143723,0.05175121
0.040712815,0.07831088
0.13376896,0.054558773
0.038227867,0.04810501
0.042822532,0.065151565
0.07198955,0.042864878
0.054742195,0.047982402
0.07358328,0.05116692
0.05522505,0.05430748
0.040618766,0.03425423
0.048693642,0.057980504
0.053730648,0.043225028
0.030368524,0.056258064
0.05831872,0.041800503
0.19559178,0.024588693
0.04377618,0.04398366
0.04964955,0.035512038
0.050900828,0.026523285
0.04354496,0.045123104
0.052969728,0.077066846
0.054125044,0.057486624
0.05388466,0.04735407
0.039074637,0.039427277
0.055867378,0.05641289
0.039057367,0.058328606
0.0522294,0.03849188
0.061666287,0.0553239
0.0314688,0.03790277
0.042923164,0.055140786
0.029118262,0.083060585
0.06012936,0.0627671
0.035350326,0.046808448
0.06727432,0.047766086
0.03387153,0.042776898
0.047114335,0.054342654
0.046161834,0.05150768
0.05385581,0.04326811
0.0646027,0.04817922
0.041917518,0.16288616
0.04075565,0.04203778
0.05815816,0.032710258
0.03491424,0.055329103
0.031184303,0.043000184
0.06685406,0.04918178
0.04556811,0.05811605
0.037812684,0.056222323
0.044964697,0.029096901
0.044194102,0.04286785
0.060930524,0.05896678
0.056750845,0.026761482
0.038836185,0.0320438
0.039712675,0.04459982
0.053053923,0.050215773
0.041656163,0.046665467
0.051106755,0.03248086
0.09529229,0.05994549
0.0671895,0.06392985
0.051158078,0.13808072
0.043485537,0.040948223
0.057915866,0.044617526
0.0505867,0.059332497
0.05966791,0.049520727
0.045942754,0.039494146
0.036760837,0.04645652
0.046100717,0.04850295
0.049206104,0.035301395
0.05698699,0.028148223
0.058118165,0.049646284
0.08546493,0.065977156
0.044509783,0.04129154
0.06338414,0.048997138
0.027544431,0.03949189
0.061974958,0.06755091
0.03312127,0.04524302
0.043688204,0.056758676
0.033103786,0.061802886
0.06081318,0.041661896
0.049696784,0.054617923
0.05381462,0.08866686
0.03648438,0.032630067
0.043732382,0.023509277
0.061394386,0.048314244
0.04878169,0.0647726
0.041136175,0.1381185
0.056016177,0.121154904
0.056280352,0.051502064
0.054251537,0.12633125
0.07426877,0.04168655
0.060191803,0.08463261
0.0824884,0.034123875
0.058276843,0.06315545
0.04340401,0.027022587
0.01958189,0.0503419
0.046757344,0.044247236
0.055930592,0.05236818
0.0653254,0.027877282
0.032140538,0.047822025
0.031881675,0.03346864
0.045103922,0.037669536
0.042577155,0.034241956
0.04738689,0.04246595
0.045879375,0.05699615
0.029545737,0.046801563
0.032605298,0.0344514
0.05895543,0.047010884
0.050738245,0.06416647
0.051720988,0.03792086
0.054945946,0.058509182
0.048840586,0.058053903
0.046198502,0.05328326
0.05991071,0.049400106
0.04064095,0.063004754
0.05005046,0.031597935
0.033539142,0.036684126
0.06120693,0.16057326
0.056346487,0.048169058
0.047996007,0.043045916
0.04597361,0.034362696
0.027985718,0.054418568
0.044249166,0.039555676
0.047985796,0.038677834
0.038890712,0.030237773
0.07590019,0.049975544
0.04841097,0.03709118
0.04249294,0.024855023
0.04719772,0.0540114
0.05845598,0.04339603
0.05281905,0.048829436
0.05480892,0.041151904
0.053295363,0.05219451
0.03955413,0.04824469
0.061945695,0.058214787
0.059882563,0.056953613
0.044710156,0.04252731
0.047313105,0.06179073
0.04160488,0.024659494
0.07165682,0.036831245
0.044449043,0.04671649
0.064897485,0.066475056
0.085272044,0.063360885
0.054849226,0.054611057
0.04533775,0.07609906
0.04637976,0.039099317
0.059426147,0.050672516
0.05539924,0.042216454
0.05811119,0.053549785
0.06497704,0.040215556
0.04033503,0.032179404
0.040262606,0.045730345
0.06743131,0.047771685
0.041459396,0.032629382
0.049438722,0.03890195
0.04798969,0.06845869
0.056203287,0.06916515
0.032641266,0.039653014
0.034723785,0.8805873
0.023310611,0.053294014
0.05627946,0.038749192
0.04534929,0.037855152
0.046282127,0.031246759
0.04559725,0.060714092
0.047514636,0.033300735
0.03736748,0.034518026
0.039817516,0.037201613
0.06393141,0.05428221
0.051238246,0.054543164
0.044150844,0.039188404
0.035895277,0.052361358
0.04126387,0.040864524
0.051768534,0.037441898
0.046886098,0.048104003
0.056819756,0.03754177
0.04098118,0.0398793
0.034475803,0.046912912
0.04605809,0.03883539
0.05668789,0.044364642
0.054035667,0.06544884
0.061160933,0.088247426
0.039069656,0.045410722
0.039725665,0.023604462
0.07086436,0.034748364
0.051537152,0.046025746
0.03900124,0.037111323
0.06135928,0.039377175
0.04144922,0.030489719
0.049963474,0.05558896
0.05366862,0.05345308
0.044307563,0.032636866
0.039981242,0.039116215
0.05507998,0.03454407
0.034621023,0.033272307
0.0520941,0.057827532
0.04367445,0.037220467
0.058372527,0.041798536
0.037309133,0.041527506
0.038902543,0.054977763
0.036665384,0.042563926
0.052170537,0.052899525
0.04209264,0.034046713
0.087208115,0.15997303
0.03778197,0.04335642
0.041922983,0.027531026
0.07445296,0.061937734
0.049535584,0.0578784
0.0522457,0.031973295
0.04407601,0.05322472
0.048738595,0.03783045
0.057493318,0.057116397
0.045306295,0.036947526
0.03535572,0.040416505
0.04223927,0.037985124
0.042200584,0.04435815
0.0534144,0.05333638
0.03327963,0.045393083
0.03987688,0.040108576
0.047870774,0.027973352
0.03700664,0.033099335
0.04994738,0.14603108
0.033248916,0.037670705
0.050362233,0.038915113
0.037715435,0.039588224
0.05891643,0.042010173
0.049806025,0.03940754
0.03794042,0.07007472
0.05473234,0.056068588
0.055827446,0.9425296
0.04639786,0.035552017
0.041269094,0.028594594
0.048712004,0.03706789
0.048718132,0.03190328
0.036784522,0.0497958
0.16012393,0.034290846
0.047256563,0.011031862
0.059709873,0.037493024
0.041760568,0.0529246
0.049456935,0.02538495
0.04073243,0.036950596
0.03291537,0.03568889
0.07435987,0.061675098
0.04757868,0.040681235
0.0506106,0.051642682
0.045528978,0.044659037
0.042306654,0.03373198
0.05699839,0.048795555
0.06435814,0.071314625
0.04719778,0.0443484
0.04341499,0.065988
0.05680899,0.050987657
0.045347303,0.046800077
0.045786865,0.048435103
0.045561,0.04705126
0.03897886,0.046109203
0.05055211,0.034927387
0.038363688,0.05051688
0.03651476,0.039998844
0.03584642,0.04712221
0.053102575,0.03219818
0.05138743,0.03682366
0.039772432,0.06311339
0.05347195,0.048069272
0.041331224,0.035875145
0.06421153,0.050473295
0.044396617,0.054269403
0.042355765,0.05302178
0.0401559,0.036055397
0.07287711,0.041613717
0.048138753,0.053153023
0.044748243,0.03876479
0.0439706,0.0428169
0.06451177,0.041476924
0.04630753,0.04349632
0.07413433,0.04515493
0.05157747,0.05638141
0.04591715,0.04600124
0.037610464,0.053686205
0.062312752,0.059643924
0.046906296,0.04540375
0.033545196,0.0340607
0.053654827,0.027532894
0.054499123,0.031262454
0.048927013,0.057438206
0.04630164,0.032918148
0.029410446,0.059026364
0.03718393,0.049728736
0.0446028,0.080476314
0.041009866,0.03705532
0.042619735,0.03345176
0.042361747,0.09350539
0.037108384,0.06180739
0.037356913,0.04423775
0.06289629,0.061133217
0.039497204,0.04237489
0.032430977,0.03904938
0.040440418,0.03716269
0.04604741,0.025610402
0.04735303,0.054750957
0.051767256,0.04206329
0.04488399,0.030678876
0.042715583,0.059919935
0.069184914,0.04574457
0.046954047,0.043475725
0.053136393,0.055424627
0.0512681,0.044563316
0.058978107,0.04934664
0.07035339,0.04251647
0.046154797,0.023742545
0.03422831,0.045532193
0.0397318,0.043348968
0.052947234,0.04665622
0.048439413,0.046489745
0.043165397,0.05861758
0.06506125,0.04821837
0.031124445,0.0332125
0.04290111,0.040949732
0.039225414,0.035889093
0.036635604,0.036803845
0.057491433,0.069253
0.043006357,0.057285912
0.04468816,0.016267994
0.050744858,0.034905944
0.048442475,0.034221455
0.05024068,0.06294633
0.053933628,0.049746856
0.028614672,0.031799123
0.050603412,0.062328637
0.04584634,0.019270351
0.034068275,0.05540211
0.049612306,0.035729405
0.034498915,0.023193887
0.024657976,0.0324311
0.06010328,0.07010731
0.04422857,0.035485752
0.07496748,0.050741658
0.04617828,0.03708633
0.05632619,0.052587554
0.0570831,0.040157955
0.045733273,0.03183896
0.027371833,0.036232736
0.04711829,0.036785737
0.047623705,0.04502758
0.057535987,0.04821717
0.06416596,0.056908473
0.038037177,0.045450352
0.033494808,0.034270953
0.03865219,0.030811636
0.05017783,0.042007178
0.058425315,0.056188703
0.027707843,0.056239024
0.04569094,0.058111656
0.047426365,0.032113258
0.04266136,0.030927368
0.05952398,0.045424953
0.043048855,0.041158963
0.050376732,0.075172946
0.054315835,0.042584058
0.04897462,0.056817587
0.049774133,0.058826357
0.11869017,0.043245617
0.04980131,0.06007531
0.033430457,0.041469384
0.05452352,0.04307328
0.0422125,0.032491036
0.032548178,0.032033004
0.060612485,0.043746535
0.044473927,0.069817856
0.04165667,0.07413694
0.044343296,0.039905902
0.11541326,0.054590575
0.057523962,0.02564495
0.05163593,0.033059783
0.03939121,0.042509276
0.04949343,0.052664652
0.035098784,0.032348823
0.038828164,0.039017577
0.044334516,0.04827999
0.05923121,0.04775835
0.04246322,0.04664962
0.05294622,0.042134658
0.03634767,0.03581603
0.038005836,0.053431965
0.042064704,0.049976483
0.048624534,0.0223466
0.02947289,0.043277662
0.039297227,0.05048711
0.04399943,0.039797023
0.05395185,0.029940492
0.043285195,0.04023774
0.059138283,0.05148993
0.17037085,0.10071866
0.03951484,0.036229864
0.04127315,0.034173243
0.03109892,0.033333894
0.044609077,0.053992055
0.045002714,0.048908412
0.04925134,0.034691215
0.04904045,0.036565267
0.05484879,0.066067785
0.054572567,0.05479404
0.084258676,0.050502256
0.047020517,0.20900859
0.045857735,0.042854037
0.10778842,0.047010884
0.037491802,0.040952858
0.04597271,0.030532442
0.043828707,0.04755502
0.049315415,0.019647177
0.042117365,0.025158534
0.053867705,0.04063024
0.19755343,0.05255739
0.041316014,0.051909074
0.048275992,0.04922552
0.060200624,0.029662555
0.0439742,0.029582934
0.03821589,0.03481585
0.039912857,0.048283357
0.03824975,0.03673476
0.038131006,0.029610738
0.041340634,0.06184516
0.0516141,0.06263202
0.050147552,0.039140727
0.055912483,0.056823224
0.05143791,0.05637914
0.049871836,0.039671462
0.04990964,0.054517828
0.039444465,0.060426276
0.040005133,0.039110824
0.049423948,0.037527222
0.08123041,0.043490764
0.04948566,0.049593102
0.04409771,0.04624263
0.040479973,0.040630043
0.044567835,0.06929602
0.046942923,0.029857658
0.057673533,0.040016398
0.053894717,0.044793077
0.05802459,0.06415777
0.022418283,0.035244964
0.053665455,0.03493938
0.060552962,0.054700878
0.06963113,0.06042912
0.030862045,0.04007734
0.038270213,0.044495422
0.01202127,0.029617636
0.057144817,0.038205504
0.06868587,0.066841
0.042809024,0.045687348
0.042164933,0.038529925
0.050876744,0.042520665
0.059543185,0.06920489
0.05205147,0.046019536
0.2521626,0.046153314
0.045994215,0.037923787
0.04927752,0.055585027
0.04182079,0.024107207
0.051002555,0.08486146
0.04080919,0.023319028
0.05390339,0.050795693
0.050224587,0.02848002
0.04562325,0.04353092
0.040043686,0.048356146
0.04780969,0.059683073
0.036658704,0.057615634
0.046175595,0.03068046
0.045668215,0.037750416
0.06539434,0.0597944
0.054241598,0.050068423
0.0695348,0.032686204
0.03173449,0.07573824
0.037915483,0.03713905
0.062595405,0.05817817
0.06271944,0.031061942
0.041009806,0.03574514
0.07333886,0.057412017
0.03711896,0.039948504
0.05505037,0.0522946
0.066621296,0.0631664
0.05197261,0.04305514
0.043817338,0.049249567
0.05286994,0.21335854
0.05047314,0.0443484
0.03353979,0.043018676
0.034287702,0.025017796
0.039758094,0.053211823
0.062530935,0.10991568
0.047193054,0.037312787
0.04813346,0.07553119
0.045269385,0.05469222
0.042125598,0.059252124
0.050334692,0.027436016
0.041875985,0.03960932
0.051606037,0.04850739
0.08792581,0.035161354
0.052155692,0.01919742
0.17170973,0.032459285
0.046576504,0.03392969
0.044243902,0.031017732
0.041654874,0.023584636
0.05826453,0.044530988
0.05648036,0.042461276
0.035702106,0.06029453
0.040782936,0.06061857
0.03566786,0.040136468
0.030582068,0.04169829
0.06490663,0.048336037
0.048840523,0.04105815
0.051186603,0.036501635
0.052765127,0.040206593
0.04344166,0.051687274
0.04113011,0.053859875
0.06801334,0.047808755
0.0577333,0.059978474
0.05368027,0.023773005
0.045576878,0.035863236
0.050691906,0.041515134
0.049327776,0.048660707
0.056113504,0.07009032
0.059679393,0.028702445
0.039757323,0.03638575
0.05326832,0.056090362
0.055852816,0.05524534
0.047142964,0.034915607
0.05555812,0.035381835
0.035025552,0.051853992
0.042890046,0.03310346
0.04104907,0.06141124
0.042299647,0.037085377
0.057308946,0.05600828
0.062200136,0.04349929
0.043282557,0.03601032
0.024704672,0.043880664
0.052420974,0.045722038
0.03811113,0.04346226
0.07561192,0.04925553
0.04321039,0.023975933
0.052940268,0.050209805
0.050835937,0.05218935
0.056573387,0.051580273
0.043215014,0.039713606
0.03232643,0.044789974
0.037782807,0.033569608
0.05201315,0.040273502
0.06306336,0.04106943
0.0670693,0.06774993
0.044348367,0.042796154
0.046614945,0.03152217
0.034762643,0.0145576205
0.04078597,0.049442407
0.0590527,0.04439459
0.054966796,0.05348126
0.074879885,0.038914423
0.061816264,0.055255327
0.03909015,0.036366753
0.09483044,0.033992667
0.05195909,0.08010926
0.048066836,0.025501752
0.040334705,0.033718664
0.06533182,0.059401747
0.04986553,0.05220675
0.032894753,0.038301587
0.047834523,0.09411191
0.049711872,0.032549452
0.04717453,0.034690186
0.19965817,0.05143113
0.060611732,0.059716254
0.04327247,0.061503876
0.051313568,0.05595689
0.041506823,0.0738277
0.03331882,0.042575248
0.04388463,0.030375922
0.039250042,0.03694759
0.046792116,0.04000455
0.06073137,0.04875221
0.048859265,0.05128944
0.0397152,0.038126387
0.049213495,0.043092933
0.037971187,0.03014331
0.045344543,0.048275422
0.069555014,0.052576516
0.05736182,0.057845328
0.043900877,0.06200956
0.050436124,0.054831635
0.050802507,0.06538878
0.043492798,0.039173964
0.037541054,0.03474774
0.04655169,0.04330739
0.050910033,0.042839874
0.057525788,0.039555
0.04544109,0.046995737
0.049643952,0.060930844
0.058278605,0.06802166
0.049372617,0.04888758
0.041310083,0.034829833
0.052730963,0.04675452
0.0482173,0.052505627
0.037194245,0.038347207
0.03906422,0.039530758
0.078058615,0.055030685
0.058297526,0.034465455
0.043120142,0.13134937
0.04134843,0.04238608
0.05346702,0.039196175
0.054426547,0.039528593
0.047814727,0.054603867
0.03715845,0.044988517
0.04733208,0.027497122
0.037770763,0.046206694
0.0433925,0.032610614
0.043610163,0.038485955
0.07548855,0.15598835
0.029759223,0.038775697
0.053889222,0.052834496
0.036489572,0.039685957
0.062326565,0.039420478
0.046911538,0.027526949
0.038377803,0.044315
0.042434137,0.040256716
0.05027325,0.05388779
0.036335986,0.025587166
0.021383036,0.0899726
0.10552749,0.06391153
0.050194625,0.041129082
0.040507525,0.051907938
0.048608087,0.04183423
0.051014632,0.0665748
0.040606953,0.030226253
0.05534868,0.053542178
0.03545824,0.04292816
0.055177003,0.033618815
0.034761984,0.048765916
0.04784882,0.044591844
0.04767542,0.039885353
0.05515287,0.05178236
0.059798826,0.06033534
0.041544963,0.03632709
0.048369892,0.05900184
0.0591816,0.072577745
0.07091003,0.06453737
0.042649914,0.049233235
0.05785044,0.054220285
0.042928886,0.063160785
0.04319027,0.039505992
0.056079008,0.049489684
0.038174327,0.035230517
0.05098845,0.06532646
0.03769755,0.03607708
0.038739275,0.026947523
0.04274266,0.03148514
0.04106571,0.03926128
0.048126504,0.046274673
0.039097197,0.28520474
0.08366756,0.04726071
0.05039021,0.029358149
0.036520276,0.06315235
0.05002157,0.061605807
0.051065456,0.04892756
0.047260277,0.04584576
0.036335014,0.036387738
0.0335967,0.036485218
0.052351423,0.03849645
0.043319184,0.032759517
0.03881697,0.10352548
0.038878806,0.030530585
0.03841178,0.035780728
0.042757127,0.036266923
0.044945978,0.05550603
0.043768603,0.03511636
0.029888013,0.03361642
0.057746198,0.07560365
0.04518313,0.03608802
0.044822175,0.058807775
0.056296557,0.07189999
0.039703052,0.073974766
0.060420062,0.05297166
0.037160985,0.89703125
0.04273931,0.032130383
0.039296515,0.034114815
0.052332774,0.051991876
0.041988663,0.0316033
0.05007,0.04330068
0.0372126,0.10712626
0.044548213,0.038249835
0.05047829,0.062735826
0.04692375,0.036578327
0.044829812,0.046890136
0.049729384,0.042757377
0.050976563,0.03989768
0.04629358,0.05247474
0.030753268,0.058587655
0.06804847,0.048294593
0.02753483,0.045469873
0.05970316,0.041850775
0.062504955,0.041036423
0.049545005,0.040973514
0.045033995,0.036727514
0.04588206,0.030654415
0.038993027,0.062976405
0.052002117,0.038271245
0.05159194,0.031980596
0.04132665,0.033779588
0.04751137,0.038880497
0.035125524,0.029896762
0.8710589,0.9237228
0.10964611,0.8014002
0.02961892,0.022435317
0.040305275,0.063432775
0.0352074,0.038858823
0.036945075,0.04126968
0.0549483,0.044645987
0.9201919,0.16244806
0.041915003,0.049861506
0.046489518,0.035785854
0.043683577,0.052696567
0.06313258,0.043547094
0.14529714,0.03631731
0.047476955,0.04427563
0.049383316,0.047297433
0.052871965,0.056994423
0.0701233,0.048961923
0.041578468,0.031573027
0.059331495,0.057224184
0.056565885,0.04328267
0.053556975,0.035152927
0.05392452,0.05925702
0.04634003,0.042905122
0.065786324,0.061486695
0.053103335,0.04525618
0.0446568,0.051620997
0.051507816,0.045591213
0.052959528,0.04383756
0.051675163,0.04133093
0.04780554,0.06335937
0.049123663,0.04492906
0.04855025,0.059542652
0.057924464,0.021615332
0.041230805,0.030567864
0.050927892,0.042963397
0.03962856,0.040431127
0.0509162,0.050440703
0.043262895,0.04364417
0.051782236,0.051252324
0.04126812,0.04204097
0.04988641,0.04137329
0.05029271,0.045389105
0.044470012,0.041607205
0.045315005,0.037463132
0.04715581,0.04454749
0.04881847,0.06695379
0.054753188,0.05458966
0.054055728,0.07130112
0.05480873,0.03918446
0.048946075,0.045764357
0.05417596,0.04775997
0.05973774,0.06444893
0.053089526,0.042498983
0.06808347,0.056360997
0.04972614,0.08112091
0.039099075,0.041649215
0.05259831,0.055383466
0.037223034,0.034621514
0.031167815,0.039318137
0.026210025,0.049211945
0.04762907,0.04392532
0.048007365,0.057036176
0.04361202,0.03827316
0.045591746,0.038905364
0.088647574,0.05578007
0.05129579,0.035366163
0.0763649,0.037865523
0.043752674,0.036414407
0.03450145,0.03201814
0.0390844,0.045340404
0.06911612,0.053177156
0.044023044,0.041845553
0.041140627,0.050472222
0.03988508,0.048925027
0.066572994,0.068042494
0.04175928,0.04124867
0.037868455,0.04034721
0.07473845,0.04396891
0.058312494,0.05262574
0.041274317,0.041343212
0.044839304,0.0314161
0.05744146,0.047567017
0.06746585,0.05637702
0.041879583,0.03845084
0.07447868,0.04906252
0.054939516,0.05821321
0.039823975,0.03593151
0.05600685,0.0654671
0.054078564,0.04388289
0.048223425,0.0636492
0.046920676,0.04363254
0.03610573,0.05848127
0.03699684,0.03594232
0.043442044,0.04296788
0.075043045,0.07874983
0.041519195,0.02769522
0.054388493,0.048564814
0.04519262,0.062733985
0.056780454,0.056163304
0.039039005,0.057421003
0.047155738,0.030793449
0.047979154,0.059139572
0.055766318,0.04608977
0.04456316,0.05271554
0.0420938,0.044421036
0.06278801,0.04814451
0.105441466,0.04517316
0.042126693,0.03776815
0.058957256,0.048314024
0.0461976,0.04821487
0.05440593,0.047814023
0.041722763,0.033952467
0.050097033,0.055393323
0.06437745,0.03844191
0.06118602,0.04604942
0.06876016,0.05134881
0.05062808,0.053930305
0.053489357,0.039086375
0.04332973,0.14245816
0.05743491,0.033721473
0.015889755,0.058712076
0.20042792,0.08899985
0.039652534,0.033729367
0.03736903,0.04948715
0.041879777,0.03968012
0.042234514,0.042731363
0.04391077,0.033174597
0.03721797,0.032719187
0.04060089,0.037293736
0.055034835,0.052340876
0.04739123,0.03552148
0.04596144,0.0376062
0.049327392,0.06017374
0.061737575,0.06945399
0.03274981,0.040502716
0.04928179,0.037216235
0.03801762,0.058772825
0.039400842,0.027306512
0.04104043,0.03352212
0.04817965,0.04369521
0.062776655,0.057937287
0.04853462,0.045104872
0.047254395,0.056529965
0.041995294,0.035277087
0.04598666,0.0336718
0.04352042,0.03321978
0.05434632,0.059625782
0.05657781,0.030987151
0.044582084,0.049740758
0.046991244,0.040660907
0.0464457,0.040060487
0.04651773,0.03912983
0.04672224,0.047155894
0.045451727,0.03602899
0.04474671,0.03499068
0.039171364,0.0354186
0.04592169,0.044956822
0.049761277,0.03552737
0.036147032,0.06280265
0.056632444,0.084658235
0.050269622,0.02123596
0.04667454,0.05262983
0.08730824,0.03572714
0.054425728,0.03908842
0.050450627,0.06733431
0.054019727,0.055402767
0.04440072,0.0428602
0.05276696,0.054427247
0.062004164,0.038881242
0.054947082,0.037901755
0.032313693,0.05025912
0.045089047,0.039900742
0.0582131,0.068894096
0.050230887,0.031710025
0.05433329,0.05558435
0.05910557,0.037554186
0.03940065,0.04209857
0.043210704,0.0606027
0.03074757,0.039449684
0.031389676,0.062027596
0.045713805,0.06682329
0.05508347,0.027607204
0.066088915,0.045708746
0.05531333,0.05481343
0.04804961,0.079252474
0.031930033,0.053664044
0.05721829,0.046476346
0.06402529,0.09993496
0.045468897,0.039376084
0.031085577,0.06274625
0.05545442,0.04871435
0.060205717,0.028826866
0.023722105,0.038606673
0.047944434,0.033742264
0.058227316,0.050542302
0.68450564,0.23494889
0.04908079,0.057605468
0.05455943,0.06253503
0.035543267,0.049950384
0.056066636,0.04909852
0.053194225,0.067169316
0.059468575,0.05265536
0.033981767,0.063607976
0.049800865,0.019484885
0.041013416,0.060615465
0.04800481,0.053461496
0.06309032,0.041064948
0.063425064,0.05044385
0.055396337,0.059016746
0.04303908,0.03169255
0.039198317,0.044484407
0.04327182,0.0391519
0.02356131,0.06281253
0.036195412,0.041624844
0.036302544,0.054547973
0.017525917,0.054260593
0.04248767,0.03985978
0.038863473,0.039468262
0.038010754,0.03532357
0.02947301,0.041613653
0.05961784,0.06826882
0.0406558,0.054745164
0.034077197,0.033868782
0.038588975,0.036561858
0.037288003,0.029010383
0.036507946,0.028518448
0.021126749,0.03291677
0.06405154,0.039639264
0.038087364,0.017312435
0.07356159,0.04814639
0.03313784,0.04449597
0.04810526,0.035957098
0.042388253,0.06882083
0.048442405,0.0518341
0.056789193,0.046498664
0.041961942,0.029312309
0.048725594,0.03793969
0.035182036,0.050846096
0.036081504,0.04137622
0.07665359,0.06451243
0.043963734,0.054429978
0.041017614,0.035308782
0.04133226,0.055349145
0.055170108,0.4717246
0.04686162,0.12149217
0.0644294,0.042031813
0.05647967,0.035064716
0.04485418,0.03946153
0.03568657,0.03230378
0.04488841,0.042792767
0.02572056,0.03541552
0.039738066,0.045759153
0.045301426,0.034592256
0.05713492,0.03845616
0.044302553,0.19720194
0.03555796,0.041960508
0.051842395,0.035023283
0.05119543,0.049044702
0.038470548,0.039733805
0.06294567,0.055932604
0.06616667,0.031302106
0.04613278,0.040761024
0.04726334,0.04534379
0.0713659,0.056497835
0.04055921,0.044924997
0.035985637,0.050518565
0.058463465,0.05142075
0.038886573,0.03261667
0.03644537,0.049132466
0.04584212,0.031481907
0.043074954,0.042076733
0.061903045,0.037697382
0.04511149,0.06267674
0.046727613,0.038794298
0.05279212,0.03897295
0.03773247,0.021698484
0.04456758,0.038388595
0.040321603,0.05889801
0.06031892,0.05592668
0.03219358,0.06708383
0.0442502,0.042189874
0.042702787,0.044814914
0.055486426,0.040980574
0.12806483,0.046830285
0.043691214,0.03229237
0.046421144,0.04789794
0.038682602,0.024334442
0.04690074,0.03589012
0.05900165,0.035864066
0.039452605,0.038191047
0.05787849,0.03929608
0.050024185,0.052903265
0.039881594,0.07869962
0.12574656,0.07229557
0.022575842,0.07784188
0.06331576,0.04230083
0.050057203,0.037994873
0.051240973,0.051293395
0.062437337,0.12475352
0.04542713,0.05077403
0.05539646,0.042315412
0.05033176,0.042300217
0.04874618,0.04180308
0.057977237,0.08696326
0.052215703,0.04445398
0.054931484,0.04346484
0.03897589,0.027174639
0.043232173,0.051908333
0.05169091,0.05986916
0.052098166,0.061549388
0.04212006,0.07527039
0.059259076,0.04719065
0.05929617,0.055689186
0.05574119,0.040875584
0.05444823,0.05279338
0.048414346,0.053041566
0.04564214,0.03682297
0.04814297,0.038530603
0.044535577,0.04838957
0.38228193,0.058184404
0.055601925,0.046299506
0.067492634,0.041818075
0.05057442,0.06805874
0.046241883,0.035222307
0.035108287,0.040555134
0.05968089,0.055172373
0.047407717,0.060282554
0.061087437,0.053142007
0.06052114,0.056653205
0.07417844,0.032627042
0.05625784,0.035150874
0.042788967,0.06294956
0.07738875,0.045011293
0.047946036,0.060266662
0.041328963,0.058526363
0.03359018,0.047179546
0.03340476,0.027876658
0.10167656,0.054763176
0.03844925,0.05201282
0.047982857,0.10395844
0.043612402,0.04698319
0.04367291,0.0335215
0.060832832,0.05958379
0.028533053,0.040782902
0.05087871,0.043162923
0.044599198,0.051076118
0.06251544,0.054724026
0.043930545,0.035414558
0.03868888,0.039645538
0.0514595,0.034582935
0.053904656,0.051499702
0.044518188,0.022410857
0.071288995,0.049229216
0.056554608,0.042574372
0.053018574,0.02590236
0.036523327,0.06510468
0.039383713,0.018360222
0.0478291,0.03581452
0.05877617,0.04912991
0.054726653,0.077066846
0.053842213,0.063952036
0.05353437,0.03584682
0.03001352,0.05107531
0.07080062,0.041508555
0.056862712,0.031640057
0.034975328,0.019121066
0.02784702,0.024524493
0.047066726,0.045968782
0.044021767,0.056967363
0.03110599,0.022172352
0.04237094,0.041757397
0.036228266,0.061754294
0.05421922,0.036499035
0.053570896,0.041464552
0.045397658,0.10863577
0.048235796,0.10472632
0.046128746,0.044894043
0.050449166,0.03806916
0.04707484,0.5212975
0.05637044,0.059408765
0.046431832,0.021156743
0.052111227,0.029274756
0.03288718,0.02768041
0.048268974,0.033420596
0.06883098,0.07098064
0.058294322,0.045680176
0.04132014,0.045958333
0.05635172,0.042170137
0.038479418,0.058663134
0.05484645,0.047382616
0.06075224,0.05545127
0.04522664,0.03488368
0.04104237,0.04447055
0.04060399,0.02370686
0.037822206,0.03386933
0.047291253,0.044099625
0.047087424,0.040892985
0.029528236,0.029730242
0.053443655,0.03726861
0.0353238,0.042026106
0.044170488,0.046930093
0.08120603,0.034156237
0.045753118,0.06850221
0.042029094,0.06658359
0.042832308,0.048509333
0.044268545,0.054275524
0.042013325,0.030143386
0.07362796,0.05251693
0.038224634,0.031727295
0.05541441,0.040762573
0.050158616,0.059018735
0.048164275,0.05054097
0.03854037,0.05870539
0.048186675,0.02660976
0.026163096,0.05119726
0.04793844,0.04648098
0.04820715,0.06030756
0.052816648,0.0563568
0.04798177,0.052422762
0.04057057,0.05661775
0.040286172,0.03189633
0.04246463,0.056137815
0.048691794,0.040493403
0.04080912,0.02922201
0.046523295,0.03886993
0.044964503,0.038652204
0.060047667,0.05363934
0.048030343,0.037886202
0.049837593,0.045975056
0.046138857,0.045135606
0.051301695,0.045150667
0.041864585,0.028918663
0.034756,0.039225455
0.048802335,0.054196656
0.051268354,0.045877542
0.03946153,0.05111164
0.033357233,0.022952225
0.04917839,0.03067247
0.045569323,0.047709078
0.04418101,0.04495494
0.044500485,0.045137025
0.05176834,0.049082212
0.045864906,0.03860477
0.04560212,0.056206346
0.0446239,0.06002401
0.051727273,0.069592334
0.05963735,0.03139869
0.047417674,0.052463833
0.03130838,0.05048938
0.3199893,0.04652846
0.044768382,0.056599785
0.038707577,0.03924411
0.03688618,0.046110272
0.04338383,0.05256563
0.062132053,0.030634021
0.042287864,0.046850637
0.05270035,0.04466756
0.049334593,0.027863445
0.084715664,0.034692578
0.033723474,0.03468059
0.04348406,0.0308071
0.06444561,0.03648981
0.04414674,0.05675135
0.044566173,0.061011635
0.038321808,0.057685822
0.046323653,0.037744064
0.039047997,0.04649394
0.038285688,0.051708784
0.03355778,0.037380658
0.04074707,0.04641199
0.034137845,0.042870846
0.03942172,0.043512166
0.034299158,0.050229523
0.055334847,0.072860375
0.06003337,0.07599005
0.04015512,0.04207435
0.06474045,0.041080292
0.030424722,0.022762664
0.033999614,0.038873415
0.048422895,0.9401482
0.06370027,0.04506135
0.050060518,0.034701485
0.067114785,0.05399431
0.036788348,0.047579456
0.047120087,0.04959203
0.05330296,0.059939478
0.044858407,0.0516822
0.071753465,0.04379229
0.055773053,0.045536585
0.040770352,0.03030851
0.0658352,0.039695706
0.05745436,0.03451536
0.05065243,0.07506767
0.05133466,0.039068803
0.04489706,0.042242315
0.03835605,0.035946015
0.055057958,0.06968537
0.031850178,0.040133998
0.03860949,0.04455499
0.03780762,0.037090153
0.045261312,0.042931
0.047417287,0.053049106
0.042490497,0.03766006
0.08365182,0.043879375
0.042282134,0.058356933
0.047565974,0.050106347
0.058887858,0.07420927
0.049143355,0.040132992
0.045408163,0.050751295
0.04810392,0.051704343
0.035342135,0.03216902
0.053731214,0.06849351
0.03654131,0.060251974
0.043805778,0.05625413
0.052489836,0.041093476
0.0529786,0.055332292
0.05679116,0.0545257
0.038818978,0.02634061
0.070347406,0.032284196
0.067072034,0.05397776
0.055813756,0.34125137
0.04597636,0.057511277
0.07013863,0.045976277
0.04559982,0.05308406
0.061177645,0.04602332
0.038417798,0.042601217
0.040841173,0.03518848
0.04552488,0.02792099
0.064563096,0.07079755
0.05232897,0.0465466
0.04289455,0.04210705
0.047120977,0.043682095
0.036502875,0.03720844
0.05737713,0.03468916
0.061895236,0.045984168
0.06447048,0.044345032
0.05669992,0.059285656
0.037460823,0.036757648
0.044603113,0.038316112
0.039968394,0.061641086
0.036375258,0.027604023
0.136021,0.52158517
0.043736238,0.04380088
0.067813456,0.044497915
0.042256325,0.03283173
0.047137465,0.033754066
0.047060013,0.04300189
0.048503317,0.037123214
0.04286735,0.05299151
0.035919502,0.041145433
0.03224486,0.03915224
0.06335362,0.064646974
0.053357918,0.038207617
0.04955832,0.03138423
0.05069725,0.038003474
0.034332633,0.0333744
0.8890715,0.70091283
0.08396104,0.033471398
0.050161798,0.03850177
0.045888472,0.036426976
0.04699022,0.043785315
0.05833016,0.049628425
0.04336237,0.04243043
0.047681555,0.062127993
0.040928178,0.038435362
0.050408147,0.05190645
0.040953193,0.058007192
0.04036614,0.04157074
0.050972883,0.040775012
0.038132243,0.035804804
0.044852253,0.029773293
0.038185652,0.032949887
0.035462793,0.053978022
0.024802143,0.04242357
0.1030693,0.037182968
0.09142469,0.085530035
0.049481515,0.04664147
0.052209485,0.03997163
0.05267488,0.045077637
0.063906915,0.0591246
0.03650243,0.042051837
0.04200077,0.038579546
0.07166516,0.046255395
0.049280383,0.03378103
0.044022467,0.04657707
0.04031928,0.045355134
0.07146899,0.036457885
0.042222213,0.041186813
0.04247763,0.055703152
0.054279856,0.040465403
0.053302392,0.049424876
0.04203972,0.06812952
0.044772875,0.0529044
0.041807648,0.034833252
0.039876554,0.038041946
0.03571926,0.048489314
0.13319692,0.033731837
0.04488758,0.07694811
0.046367094,0.038962796
0.052988164,0.030587582
0.0535364,0.03661906
0.034370456,0.051669195
0.030540626,0.056320928
0.03193852,0.058882512
0.06557105,0.056771092
0.04583905,0.09239909
0.032155372,0.04817592
0.049309243,0.055417698
0.041479893,0.032279246
0.050323498,0.05458452
0.04376912,0.06168229
0.05671523,0.057905134
0.048302144,0.056603193
0.037026998,0.052683383
0.04050004,0.05819601
0.05503218,0.069371454
0.04878743,0.038686424
0.032808155,0.024850782
0.052078687,0.054935224
0.051190607,0.037813935
0.03620678,0.041883215
0.056162868,0.04501947
0.052530155,0.048634347
0.043516893,0.03674371
0.05123342,0.044458833
0.035124287,0.06737088
0.05094816,0.034668393
0.04248985,0.03352246
0.0316886,0.048922926
0.05604873,0.034808245
0.05034163,0.06438978
0.04682984,0.049617756
0.07120548,0.049124796
0.03309609,0.045134928
0.032465514,0.04392777
0.046405982,0.034854084
0.04226527,0.046993703
0.039251655,0.083006114
0.05057169,0.043305226
0.041921828,0.056764446
0.045873675,0.029753007
0.043322016,0.048034426
0.050423723,0.04798531
0.064971626,0.057896584
0.032497376,0.03992612
0.04366835,0.052615315
0.05502358,0.05695772
0.062216137,0.0358438
0.055901896,0.04911391
0.02988192,0.08913208
0.042633567,0.051846758
0.037540212,0.04261632
0.04631412,0.042354755
0.034427628,0.048250064
0.04265344,0.048163615
0.06471437,0.03189737
0.048374474,0.037747473
0.0440832,0.030005675
0.054802723,0.034704644
0.046548303,0.044380862
0.05336609,0.051040597
0.044184096,0.03529263
0.0596858,0.040009446
0.05616881,0.027890146
0.071156256,0.049595527
0.058496848,0.033552997
0.042738803,0.035853934
0.03940879,0.041303758
0.06626211,0.048320495
0.043472234,0.034952044
0.03749524,0.038685396
0.037826605,0.045821473
0.04649016,0.05601075
0.04951654,0.030397082
0.03450242,0.055329364
0.044403106,0.055347223
0.0433945,0.031412527
0.051945645,0.043916117
0.04384489,0.03737868
0.0537028,0.03736598
0.05275815,0.03788974
0.04350076,0.042007398
0.034335036,0.03311184
0.05148439,0.039823297
0.039721143,0.044253644
0.03906616,0.056658715
0.047703,0.044597045
0.040271774,0.041194614
0.043431498,0.047407534
0.04012123,0.036127966
0.018588828,0.060790863
0.048083305,0.043950632
0.05562401,0.06265667
0.044185888,0.058231246
0.03649327,0.038870476
0.041940182,0.017914025
0.062349178,0.056312293
0.05403359,0.030795526
0.043804888,0.056065332
0.050256204,0.05501536
0.051375676,0.054231368
0.046966378,0.044260353
0.04946726,0.05053096
0.050668005,0.12096388
0.028055647,0.03920094
0.047741637,0.04517965
0.04840235,0.036963034
0.039473932,0.05744166
0.045143787,0.034308124
0.038612593,0.036314096
0.04265255,0.04632399
0.048874494,0.033358812
0.03966171,0.036648788
0.045979563,0.051260367
0.061348572,0.046938114
0.04659294,0.03289362
0.08139067,0.04733352
0.033713564,0.034163166
0.04819484,0.042172518
0.045016628,0.046362087
0.050008398,0.0405851
0.053042587,0.046908386
0.06139187,0.046490356
0.046633676,0.045050073
0.048293088,0.04190195
0.038047016,0.038553096
0.048008643,0.04783057
0.04716302,0.036345486
0.040603727,0.059679903
0.043889195,0.043474108
0.04919719,0.031551834
0.17438467,0.049311906
0.039705254,0.041230813
0.033621795,0.19142666
0.04957449,0.046979144
0.03621061,0.15102741
0.051029243,0.035543732
0.089968614,0.104519255
0.040279195,0.047373325
0.03122675,0.061739825
0.034973115,0.056662586
0.07327706,0.06079239
0.041004848,0.04718687
0.04806429,0.055714145
0.04779475,0.042182136
0.062907785,0.04200779
0.03628995,0.040931236
0.046919722,0.044347264
0.06634485,0.05284785
0.047137465,0.050997164
0.049213883,0.04435815
0.030707505,0.05348292
0.063221954,0.05313853
0.046888977,0.039706722
0.059342183,0.057460193
0.046186212,0.37261245
0.056799658,0.066142954
0.027349595,0.04838922
0.02099887,0.03075714
0.04409051,0.047551587
0.06758542,0.052847326
0.044654097,0.061428357
0.0469924,0.04128474
0.036937296,0.056725755
0.048310947,0.035496224
0.040008813,0.048710916
0.045835976,0.055570513
0.065270975,0.052700434
0.06092083,0.04748122
0.04607115,0.050457336
0.05001082,0.08477537
0.022495734,0.036259677
0.048945617,0.11657854
0.034246735,0.038117796
0.057073206,0.056722082
0.04337226,0.044158336
0.056810934,0.043553457
0.04637048,0.06293605
0.06541462,0.04540397
0.051430546,0.034056112
0.05158051,0.05091318
0.04793748,0.044235587
0.057691906,0.022808775
0.044531472,0.037047878
0.11125106,0.061573956
0.04962568,0.038515463
0.054142628,0.046606142
0.045244075,0.042808767
0.04698166,0.16298226
0.06158758,0.047046337
0.044387255,0.036751296
0.05761835,0.065260224
0.034478925,0.035750136
0.025304463,0.040556904
0.043380037,0.038764514
0.042254534,0.046607826
0.04623676,0.050487436
0.050710473,0.24568258
0.058703486,0.06768469
0.039156042,0.035904765
0.042031474,0.036580853
0.057682537,0.061654553
0.36771417,0.37268397
0.030058473,0.037928708
0.051016346,0.040052313
0.053306255,0.055887334
0.055440977,0.056306697
0.05145893,0.05056744
0.066302486,0.04406513
0.14259768,0.04653884
0.06903062,0.040358994
0.06281087,0.06588384
0.068740465,0.030172065
0.062104493,0.0740127
0.03716234,0.041107748
0.10000706,0.05100956
0.04405579,0.036800086
0.037636768,0.036846273
0.04233986,0.03861124
0.051691476,0.053695496
0.048583284,0.041219536
0.040645342,0.035761908
0.055308767,0.034759533
0.04325229,0.0501305
0.033792164,0.042209197
0.0678323,0.046655763
0.06037889,0.04875354
0.028710073,0.035884034
0.053007863,0.046547145
0.03844414,0.044587582
0.03311494,0.04772436
0.04769113,0.040561516
0.0787496,0.076411165
0.04753245,0.044642534
0.032589562,0.051071618
0.04385061,0.044483446
0.041977264,0.03768523
0.056032706,0.03726827
0.050706465,0.039043795
0.032836083,0.023020884
0.047395892,0.037345566
0.036709577,0.04805528
0.05059477,0.05287773
0.07625869,0.049169954
0.06473106,0.04109286
0.048937466,0.053464033
0.05224348,0.04860254
0.039592836,0.0655767
0.04699598,0.06227967
0.017354302,0.04249802
0.05363533,0.031479906
0.055298544,0.053012494
0.04047101,0.04231344
0.056793433,0.040270247
0.054920737,0.048763487
0.047982987,0.043281663
0.055637274,0.047692183
0.04748985,0.09869151
0.055677775,0.055699896
0.03475867,0.040244255
0.048399482,0.049351055
0.05145969,0.06165831
0.04742247,0.045352098
0.045151666,0.03484333
0.0348268,0.05264994
0.046989202,0.03949565
0.04902961,0.045229163
0.055383723,0.036338303
0.064562954,0.04085364
0.046532635,0.05686692
0.038957585,0.025522768
0.04020005,0.033864047
0.05064805,0.058908634
0.055632792,0.038557533
0.039662745,0.053093415
0.048142392,0.031302795
0.04770786,0.045899685
0.04791661,0.043670315
0.050248124,0.03689478
0.039463922,0.055724815
0.043718126,0.022896102
0.03884576,0.042546764
0.05116202,0.06823739
0.045431163,0.049676493
0.052398726,0.03313546
0.06870221,0.06360566
0.058332108,0.03393649
0.046341885,0.054487534
0.023791283,0.030345177
0.043130625,0.032717265
0.03519459,0.06284966
0.038855333,0.054627735
0.04624675,0.052805204
0.03981824,0.043413036
0.03957351,0.0483817
0.048563063,0.042588733
0.04403486,0.05203931
0.05336805,0.033415385
0.04925484,0.04324013
0.04947904,0.052673962
0.037963215,0.041445076
0.01943448,0.019711388
0.05340851,0.075720884
0.05748243,0.041341793
0.046338487,0.051664386
0.044797555,0.04066375
0.056997903,0.040721063
0.043269385,0.045971293
0.06304456,0.10064319
0.044449486,0.053000122
0.030571725,0.050130438
0.28795186,0.050248846
0.048042975,0.048323512
0.04544545,0.044167344
0.05629761,0.029681321
0.042887025,0.09086461
0.039570346,0.03811146
0.03564102,0.040301852
0.0659014,0.050569866
0.023190357,0.06640786
0.03628794,0.068249196
0.034366682,0.04106672
0.052590437,0.08938647
0.05088881,0.04784209
0.03261554,0.04274682
0.035281077,0.058048595
0.05509793,0.05233821
0.06452734,0.045325406
0.05352791,0.031517494
0.040046718,0.048969705
0.05292931,0.05573487
0.03796723,0.05552874
0.057480905,0.049834926
0.043515217,0.0360437
0.06259652,0.03737751
0.045936607,0.066445984
0.053213917,0.056896757
0.0500427,0.056340035
0.036378313,0.035658438
0.051683344,0.03574021
0.029923474,0.046425894
0.04043861,0.045235172
0.052209426,0.06955811
0.079616904,0.072030745
0.03979905,0.049859036
0.0452872,0.030236319
0.045632478,0.036258444
0.074506484,0.04027079
0.050836638,0.040578783
0.04626357,0.05398277
0.039702535,0.05766066
0.027950095,0.05708702
0.0405665,0.032177415
0.053884912,0.0872295
0.054152437,0.03652569
0.046817183,0.026400765
0.04753149,0.037390627
0.049907155,0.044651058
0.045455053,0.044385735
0.035748303,0.051860943
0.048232924,0.05889377
0.029630654,0.051033363
0.041699573,0.039937004
0.039017152,0.04594126
0.041799344,0.038592834
0.057980075,0.031879544
0.060294848,0.036080632
0.04488463,0.048543237
0.05485744,0.04669183
0.013790108,0.051231973
0.049404074,0.054611187
0.04178318,0.054754823
0.030970616,0.040863976
0.028387042,0.046883795
0.041923176,0.04316719
0.047747124,0.041367587
0.060380716,0.04690738
0.05178922,0.040168427
0.042803753,0.02911948
0.056418464,0.05506109
0.053126577,0.047626935
0.031918596,0.0358345
0.03339447,0.038509127
0.053776655,0.051995482
0.08015209,0.043830648
0.04932669,0.07252749
0.051844627,0.037765965
0.048574038,0.040686198
0.030188715,0.040799625
0.043255564,0.05869684
0.046867944,0.027093563
0.056159724,0.050425533
0.041871533,0.10764606
0.057521123,0.057220664
0.03839359,0.028875219
0.06254555,0.04256622
0.049169984,0.050125387
0.04160565,0.029744865
0.049664255,0.20098142
0.055796597,0.05701703
0.05897334,0.053863615
0.037830945,0.049396414
0.047729954,0.052250292
0.036874175,0.043707125
0.045713864,0.042215317
0.048153497,0.04456358
0.04074043,0.064527884
0.0377981,0.043353163
0.05134539,0.031988434
0.04232455,0.042855784
0.048659407,0.041178245
0.042869605,0.050775167
0.047019493,0.03938262
0.08625995,0.038547445
0.038283415,0.037871186
0.05490786,0.04662927
0.06389562,0.05885982
0.027127927,0.025378982
0.046145327,0.043597065
0.055599917,0.051557913
0.044132948,0.044234164
0.023603514,0.054581307
0.037054755,0.05522809
0.042696223,0.041793924
0.055683147,0.02303342
0.04678432,0.0396646
0.08738196,0.03396825
0.03841638,0.033910148
0.044125047,0.05291979
0.05353494,0.028906848
0.044959504,0.030239008
0.03758415,0.0769529
0.051680304,0.046470813
0.033688538,0.033092123
0.05097047,0.06779586
0.042230844,0.055458464
0.051993933,0.08250122
0.036535468,0.04824071
0.030948298,0.051961623
0.048861302,0.05428855
0.061196163,0.03617385
0.043094557,0.036508128
0.041052174,0.043781575
0.035605144,0.04524361
0.054388866,0.06609108
0.03235111,0.04255789
0.069420636,0.059333615
0.041955505,0.041270006
0.051613964,0.04960661
0.029265154,0.03132414
0.039787035,0.051369708
0.03340822,0.08260937
0.051566295,0.041609783
0.042072035,0.05286617
0.043438446,0.036613792
0.04748755,0.037733287
0.039623328,0.06507095
0.04714366,0.033202752
0.04850637,0.025991337
0.043092955,0.029244034
0.047151145,0.047136486
0.04325595,0.04374186
0.05201525,0.09029027
0.04460793,0.038512535
0.020902181,0.034462437
0.07290074,0.049929183
0.057179578,0.057877067
0.053311314,0.049843602
0.057366543,0.030831134
0.05018216,0.04344473
0.039679598,0.04034179
0.05875739,0.044757053
0.04605323,0.041866932
0.04199935,0.048681475
0.057769418,0.04229189
0.041390516,0.03581226
0.035192057,0.039085492
0.045237735,0.04161011
0.0652513,0.05998337
0.04283462,0.04028371
0.045880724,0.04713703
0.036153004,0.02840759
0.12624878,0.0426248
0.05189336,0.03770639
0.04707126,0.055405434
0.04690074,0.040312804
0.04711881,0.1023004
0.059426147,0.056956258
0.052945208,0.047610167
0.041958213,0.05103603
0.18328948,0.059609823
0.047451846,0.100074835
0.037410133,0.039324608
0.04231805,0.038414367
0.045615252,0.058049403
0.039857116,0.042369794
0.055202883,0.09421996
0.035431977,0.03137811
0.040345617,0.04691667
0.041636895,0.05205966
0.050910033,0.04470494
0.040732488,0.03468292
0.035048965,0.027634604
0.03796652,0.051304325
0.035582002,0.030879015
0.049269237,0.044316225
0.0451782,0.04260351
0.024426635,0.05900986
0.06668409,0.055003162
0.03218561,0.045968913
0.042631388,0.037255637
0.040694565,0.04663869
0.04749061,0.045077156
0.035898257,0.054233424
0.04839738,0.048840802
0.045422453,0.038307182
0.021093287,0.038474154
0.042547245,0.042951744
0.052343298,0.052445516
0.045667697,0.038073182
0.04684218,0.045200594
0.051031273,0.039875016
0.084574655,0.049407277
0.054112654,0.028059378
0.053210124,0.05830644
0.052761953,0.046271987
0.05001368,0.049441334
0.04118278,0.060259514
0.04509065,0.036242783
0.042035084,0.03220017
0.061236784,0.046845913
0.046851195,0.037436783
0.034669057,0.065074645
0.16224115,0.053887308
0.053515065,0.8607824
0.04154696,0.03466778
0.046785343,0.04021632
0.044352222,0.08104797
0.039484598,0.04564365
0.04969641,0.036938913
0.04801796,0.042048424
0.04532116,0.033049203
0.046341248,0.05005017
0.07086233,0.049488485
0.05064881,0.059293065
0.049959976,0.100391306
0.03938352,0.038051903
0.03970073,0.028108811
0.038508926,0.026629366
0.04937351,0.038930774
0.05103197,0.04635448
0.04321983,0.035808433
0.062211998,0.081382975
0.03206802,0.034774605
0.043833584,0.058251422
0.06495313,0.04953227
0.038325753,0.04145994
0.031394187,0.054456253
0.04013201,0.032121096
0.06707595,0.039016962
0.035453565,0.05387651
0.087457426,0.059676778
0.06532672,0.04562684
0.05039511,0.05886686
0.05158674,0.10854576
0.05776295,0.04878891
0.052257247,0.044472296
0.05705049,0.03574726
0.05528307,0.038753893
0.046211045,0.06684388
0.047380947,0.062845975
0.037943006,0.05452008
0.08390032,0.056391533
0.0715844,0.06482726
0.048426405,0.05930288
0.04771092,0.045033526
0.039910007,0.042843718
0.031379078,0.030860348
0.033665206,0.09691335
0.061939143,0.032180298
0.03702421,0.034820106
0.040838405,0.04697652
0.057913534,0.051071025
0.03719885,0.04523395
0.04364549,0.044663627
0.06546593,0.08432689
0.04173931,0.043959025
0.03476316,0.059615705
0.038411457,0.037503812
0.12211898,0.7633576
0.054507844,0.032936838
0.06899843,0.047897745
0.049786862,0.03201436
0.045985706,0.053515468
0.04351091,0.034200743
0.058855206,0.051040795
0.045383565,0.08278853
0.058927666,0.06873829
0.03077434,0.043718293
0.050904952,0.06382836
0.046774797,0.06729951
0.05534312,0.050900243
0.044207457,0.037544504
0.024331225,0.05085589
0.06880108,0.051978085
0.048339654,0.03494163
0.049213436,0.064040385
0.0539187,0.055214297
0.060395442,0.05819907
0.05169021,0.062952206
0.075543895,0.053086683
0.057082657,0.03881842
0.037211105,0.055556785
0.061423853,0.21679531
0.047708113,0.06457862
0.036759347,0.048388433
0.036661886,0.024684852
0.045248687,0.049588006
0.0659855,0.045087777
0.06689566,0.039320935
0.03426966,0.036333453
0.03645894,0.042424988
0.038868908,0.03916273
0.051875077,0.18555234
0.059196793,0.067974314
0.057314485,0.03921824
0.04371395,0.030915378
0.055310793,0.056302108
0.04052817,0.05882548
0.056187164,0.050256364
0.053660903,0.0430107
0.033629227,0.037721135
0.039843738,0.039530233
0.044127483,0.07795799
0.04716456,0.030786017
0.048913565,0.05899043
0.057009097,0.053137068
0.046297166,0.02758963
0.06604101,0.047789913
0.050633427,0.03940229
0.033113766,0.046808295
0.046569403,0.05353997
0.0666919,0.03389759
0.034076415,0.038736984
0.047920562,0.039452482
0.04756125,0.056658912
0.04531751,0.04700933
0.024094235,0.062430914
0.048111636,0.057732448
0.047344726,0.049956024
0.04964662,0.051759865
0.057024855,0.046541333
0.045525387,0.064400904
0.042561784,0.043711737
0.042118967,0.023170771
0.038390934,0.03352047
0.045238566,0.04670691
0.054554235,0.046992958
0.04300025,0.03957454
0.048485834,0.037973724
0.057954844,0.030594401
0.041799534,0.0359114
0.0519532,0.04236457
0.060265947,0.03856817
0.045237858,0.03553018
0.04841441,0.03930016
0.04962065,0.042360242
0.06352138,0.039158434
0.038844977,0.04712079
0.08312369,0.03554667
0.035766374,0.04832843
0.037824214,0.028149262
0.06052885,0.064357474
0.054042563,0.035470832
0.085708424,0.05261016
0.038287565,0.05214526
0.02913473,0.05407654
0.042151343,0.032672606
0.047176193,0.06363156
0.05137955,0.20938893
0.7377402,0.8452456
0.036030773,0.06269018
0.05729832,0.045456015
0.050375648,0.050936725
0.047734924,0.046173904
0.051670913,0.0491338
0.055414468,0.04413495
0.06427951,0.062063705
0.058037873,0.037274
0.051576387,0.05748616
0.028001487,0.032149084
0.027601056,0.046005286
0.03539544,0.044376686
0.054902423,0.04674547
0.06054801,0.062407963
0.056317728,0.061591335
0.045956068,0.0690103
0.03471123,0.05153052
0.051938597,0.035487194
0.047714442,0.046920322
0.04512456,0.03774331
0.05532633,0.04865883
0.04426842,0.042562768
0.05758884,0.070900746
0.059848815,0.040561058
0.036359552,0.033407897
0.04429216,0.028303018
0.03472978,0.042602703
0.059087805,0.03345121
0.04261633,0.046937175
0.040132467,0.02430949
0.038159177,0.04639676
0.057344336,0.057906665
0.043787993,0.038282022
0.05036185,0.044781577
0.05404712,0.04513425
0.037474755,0.03119526
0.036622886,0.040941708
0.04868632,0.06408015
0.037447527,0.039344214
0.045408357,0.062460948
0.049321532,0.044333797
0.050339144,0.070688345
0.05982604,0.06262555
0.05720785,0.03943191
0.03643804,0.04814626
0.044870656,0.034902446
0.037866313,0.029380925
0.035967965,0.04005299
0.044875078,0.042581018
0.03701059,0.04145703
0.03738887,0.034491017
0.04823389,0.08694524
0.04714002,0.04725734
0.051946465,0.05519996
0.04023388,0.037763167
0.043669056,0.06062294
0.036194112,0.050074127
0.07528735,0.056958597
0.062134366,0.023756525
0.056890637,0.05012506
0.053827334,0.04540471
0.046087984,0.050126612
0.051718704,0.08071204
0.05228559,0.030886797
0.049174253,0.041601215
0.036652863,0.044809647
0.0557781,0.035049174
0.034278646,0.036789626
0.047277585,0.060174875
0.057949815,0.06583105
0.049798828,0.03921258
0.049744148,0.04093471
0.05763747,0.043286536
0.044333745,0.02256212
0.034629155,0.044007815
0.07001802,0.051903654
0.047328886,0.03299261
0.03651112,0.086847536
0.048701428,0.050783537
0.042473897,0.04157068
0.045476705,0.056031518
0.055815846,0.04432818
0.05480399,0.14883487
0.0438115,0.06972078
0.036004275,0.058058497
0.062292878,0.047827467
0.04700314,0.040569756
0.04170015,0.107487984
0.056350887,0.03102854
0.04994241,0.047958054
0.060148604,0.066173926
0.058307406,0.044047862
0.0655259,0.055075277
0.04589474,0.046987165
0.050711356,0.07416136
0.053639892,0.0328702
0.038479805,0.043045238
0.04193142,0.035727076
0.03960595,0.046480235
0.048152667,0.064159736
0.070022464,0.03777129
0.06302876,0.170826
0.03742821,0.05169733
0.05618929,0.03526407
0.037787605,0.027268719
0.038962435,0.031713262
0.047847737,0.04280177
0.0679009,0.05649416
0.04963638,0.037856244
0.04210835,0.06369854
0.038908366,0.031561255
0.03634721,0.043105546
0.063307524,0.04014047
0.051844627,0.04932111
0.05768933,0.06120301
0.037817024,0.06506931
0.049968444,0.034406707
0.03908957,0.04018753
0.033427984,0.05342781
0.040806472,0.042187296
0.062431354,0.054040693
0.05132653,0.057908807
0.046135783,0.024203692
0.054780364,0.042921055
0.03614905,0.10225104
0.045917917,0.051851783
0.052647367,0.048184335
0.049358603,0.037200663
0.05259431,0.07085613
0.044941112,0.028957682
0.040238403,0.053411264
0.12400873,0.71972543
0.045424055,0.03460946
0.05561896,0.044282407
0.03286395,0.06440176
0.05894519,0.03441144
0.053576402,0.057833437
0.05673464,0.04708918
0.044666804,0.026463829
0.04591945,0.06367537
0.08089781,0.05235185
0.04676719,0.039849024
0.034201022,0.067759685
0.051030956,0.034069348
0.046224866,0.04413453
0.044656087,0.031046236
0.15113616,0.014607065
0.036556426,0.036134876
0.059139784,0.027561191
0.059008688,0.041584577
0.06817078,0.047882073
0.05206397,0.046262193
0.0517943,0.0347903
0.06385916,0.030552017
0.04390126,0.068678215
0.048037615,0.056051757
0.03345738,0.05471148
0.048008703,0.052312262
0.038720325,0.049900044
0.049053006,0.051157393
0.080370046,0.06543496
0.060125098,0.15632176
0.039351203,0.03042128
0.039610542,0.03411393
0.05724612,0.019280078
0.035949904,0.03312667
0.046745125,0.036022358
0.03094346,0.045990728
0.044214323,0.029892216
0.0612018,0.052226294
0.044890847,0.028930752
0.038141564,0.04785184
0.036326446,0.066098034
0.054051295,0.052985627
0.05858746,0.049920503
0.047457017,0.030037468
0.033259805,0.053483464
0.026095023,0.04888638
0.0566119,0.044173222
0.046757538,0.05152027
0.050111026,0.05625686
0.04397189,0.05108047
0.047069404,0.038369983
0.053552352,0.036242027
0.06923553,0.040346336
0.045085266,0.03570737
0.04472144,0.10642905
0.056146804,0.06249295
0.049949795,0.03614657
0.058057364,0.055209555
0.04591964,0.024290232
0.03814344,0.042100538
0.050047405,0.05578567
0.05314539,0.05997384
0.033582814,0.026671357
0.078454316,0.059084706
0.042960715,0.042010173
0.054804366,0.057965618
0.11030572,0.042607248
0.08268154,0.024075227
0.05440923,0.02920448
0.048462626,0.039123427
0.052957438,0.058757916
0.050815728,0.048599306
0.041702796,0.04629828
0.041648615,0.042063836
0.039019868,0.049354028
0.04944146,0.039777763
0.039013784,0.031444527
0.06448461,0.07329544
0.062226743,0.059425794
0.04282086,0.040221892
0.042530127,0.018127631
0.04501547,0.058803864
0.04848903,0.050513666
0.034604557,0.070466146
0.041297253,0.05167315
0.040733524,0.05474816
0.04220683,0.044890873
0.045809336,0.043725006
0.027432878,0.036603816
0.04475902,0.055129398
0.039470058,0.03634145
0.058256865,0.05660385
0.042448487,0.047135543
0.039088022,0.042187426
0.04305721,0.043041784
0.03883301,0.049246132
0.06648033,0.04242276
0.050623123,0.054562114
0.04190245,0.04110591
0.03433602,0.0477432
0.04847742,0.05377242
0.041398697,0.046090096
0.030743513,0.04167276
0.03772373,0.030446777
0.063532494,0.05312524
0.051095005,0.024024613
0.052302584,0.7446151
0.0625328,0.052553717
0.040772676,0.043633286
0.046402983,0.037914716
0.024715563,0.05648054
0.04273848,0.04630106
0.053685077,0.034152128
0.058160916,0.036636014
0.047412816,0.056189775
0.03568176,0.035017457
0.062459465,0.047679853
0.054746304,0.047977354
0.045636635,0.04226603
0.047259506,0.04696002
0.054327983,0.030670056
0.05828684,0.05267838
0.056964643,0.04247159
0.042198528,0.02526773
0.032385264,0.023276994
0.041552823,0.0347709
0.050105054,0.03886087
0.042640008,0.043275084
0.04669052,0.02919778
0.04141526,0.042551924
0.052210115,0.030353101
0.045981348,0.04725708
0.047709137,0.05854481
0.048460007,0.043927506
0.21773066,0.055416364
0.052733123,0.05749978
0.0375292,0.03857055
0.030374547,0.049113516
0.038596418,0.060973294
0.053226836,0.11045251
0.04461287,0.04320885
0.051009286,0.021615475
0.029130856,0.039488833
0.03978361,0.026027743
0.03091244,0.04064458
0.0347342,0.052852333
0.034303915,0.04889497
0.05000719,0.02787915
0.04762626,0.044069916
0.042030774,0.032669034
0.03561489,0.030099252
0.056731313,0.0421683
0.0426043,0.02676488
0.059175458,0.0721175
0.03223995,0.032591313
0.04515647,0.05133152
0.048849896,0.054117657
0.048435196,0.042710554
0.052792434,0.050754923
0.04403929,0.03554818
0.046770327,0.038743127
0.03234955,0.063031904
0.050925925,0.03943989
0.08586292,0.0383931
0.0490695,0.047064524
0.103707366,0.04927704
0.04019192,0.04445621
0.041628398,0.046188463
0.038206115,0.05114727
0.03620035,0.036931533
0.04769343,0.03708046
0.05202984,0.020332465
0.019759791,0.046661623
0.051997606,0.038602583
0.050955728,0.044493806
0.05179354,0.054207608
0.023298899,0.033202827
0.057077058,0.047256142
0.067048594,0.064873695
0.037253637,0.052790035
0.04646004,0.056586754
0.049093273,0.048703793
0.04344461,0.058071304
0.04642754,0.038742308
0.03785576,0.05889471
0.04796882,0.042507593
0.047988087,0.028831074
0.052127663,0.035087876
0.0418137,0.044692833
0.03574441,0.023142299
0.04962071,0.033421557
0.050384805,0.04237856
0.05346125,0.04571819
0.043623395,0.032662224
0.044412535,0.049870707
0.04041628,0.045349386
0.050790235,0.037972294
0.04415919,0.028894423
0.04271764,0.044097874
0.044661287,0.047519606
0.038966186,0.037198476
0.025075069,0.043409713
0.036929835,0.020098891
0.038242117,0.055667676
0.036287293,0.030596947
0.04675414,0.027102219
0.05813715,0.058688886
0.045568045,0.05768064
0.045356907,0.02757365
0.027229007,0.053492144
0.040273193,0.067708865
0.048223738,0.9092565
0.049930833,0.048410818
0.043343928,0.051378954
0.038281407,0.040065844
0.04468463,0.035000954
0.04947248,0.04187115
0.0505186,0.054162294
0.04436229,0.03635342
0.06094312,0.058014493
0.042873397,0.032508776
0.059244007,0.033999804
0.06513462,0.05693652
0.046602413,0.060213786
0.05182958,0.023459952
0.04847238,0.038969684
0.04632557,0.035852775
0.07022079,0.052374125
0.0745338,0.04876996
0.04569107,0.034085806
0.055744093,0.045992803
0.05269947,0.035764158
0.05220853,0.05611705
0.06809804,0.04150381
0.03991963,0.04032981
0.08756781,0.029942568
0.031218445,0.06472934
0.09781926,0.05789711
0.049633317,0.08247881
0.04806709,0.034952253
0.03405512,0.04307315
0.05104278,0.040173937
0.038313847,0.05660411
0.038316302,0.049320977
0.04669199,0.05396668
0.046989202,0.06657074
0.03905401,0.04007463
0.03719885,0.040003393
0.04657631,0.06715168
0.05812218,0.05704162
0.044603754,0.08190499
0.0635507,0.05211855
0.043014206,0.04301693
0.05557631,0.21743846
0.058073264,0.04318181
0.089477316,0.029863112
0.048221447,0.049838096
0.056685623,0.031974126
0.051797405,0.040582523
0.05666029,0.04029628
0.043276384,0.050410975
0.03885015,0.23486201
0.044314876,0.05833757
0.03957642,0.055353213
0.051163927,0.034272537
0.06483709,0.052566834
0.048614528,0.033881262
0.05035479,0.042472534
0.049362354,0.042295605
0.054601956,0.03985827
0.046383787,0.06735739
0.051909283,0.07023803
0.053680778,0.07489761
0.046210974,0.045493435
0.03731847,0.04577994
0.044669107,0.044972036
0.063648745,0.0683702
0.018260362,0.057407252
0.053459983,0.046902332
0.052922525,0.052117873
0.053627227,0.020416742
0.047445457,0.03351717
0.024712004,0.032646287
0.064143345,0.071150705
0.026818365,0.07239705
0.05592743,0.04425386
0.061297566,0.038582202
0.035647124,0.17802353
0.04231509,0.060218222
0.035225153,0.023542328
0.04879597,0.046936564
0.051299218,0.03835594
0.054860096,0.04919529
0.04621124,0.04122511
0.026212722,0.03201966
0.042248093,0.036328185
0.04410939,0.033093564
0.04953195,0.055035427
0.05711906,0.06336689
0.047798708,0.049159747
0.04705924,0.034554627
0.0429357,0.033040754
0.042930365,0.03173267
0.07322669,0.06614794
0.035945036,0.04080214
0.049711242,0.025693651
0.05240994,0.026679741
0.03218999,0.04622678
0.04386229,0.043084603
0.027722962,0.02889594
0.0435731,0.040511895
0.03792954,0.03871518
0.052546002,0.03546905
0.05620286,0.054885495
0.05271404,0.038662292
0.046865005,0.04048892
0.044849433,0.06819308
0.049706783,0.04380669
0.037705842,0.04119326
0.052707326,0.05990789
0.056556374,0.06895937
0.054245837,0.061209086
0.041687332,0.03803363
0.053053416,0.040161017
0.053493414,0.04664092
0.044760562,0.045450483
0.029073898,0.040812742
0.05744586,0.07027191
0.05443515,0.05041823
0.054801214,0.06415276
0.04847455,0.044722777
0.047266338,0.028558735
0.020529838,0.050452504
0.05312107,0.033370692
0.054104745,0.062490042
0.04753443,0.032815237
0.051211566,0.05000313
0.04245794,0.053819153
0.057263885,0.056246214
0.037687186,0.03572502
0.045898773,0.04118817
0.050898667,0.046307266
0.048038,0.37114555
0.04211562,0.07593359
0.04362783,0.029573612
0.06098338,0.045708813
0.06430399,0.037404485
0.04158169,0.04662481
0.02765925,0.05408782
0.04477858,0.03703414
0.059049636,0.07661998
0.04695865,0.040780738
0.039143946,0.019794812
0.047011636,0.036141846
0.037539564,0.037512556
0.04177983,0.08180479
0.0527207,0.040188756
0.0470372,0.064057834
0.03785952,0.033602484
0.04702448,0.03648652
0.047628175,0.046792667
0.057856485,0.04434746
0.04301028,0.062309902
0.05106292,0.03194351
0.038635235,0.041429248
0.044069722,0.03584675
0.057962958,0.041993145
0.04134521,0.052714884
0.0418629,0.056664836
0.039919183,0.0441304
0.046526745,0.02900658
0.041521,0.03827268
0.051662527,0.059354488
0.06450223,0.05253881
0.04780911,0.054508213
0.06598264,0.028399995
0.05433203,0.054073002
0.044762865,0.029514888
0.042506326,0.04899646
0.04586888,0.040055852
0.08761827,0.05044735
0.050217785,0.055441152
0.03494248,0.04281222
0.04248509,0.046123978
0.046353213,0.038736437
0.0336581,0.042069476
0.049859423,0.048873134
0.7960705,0.04452957
0.04652585,0.032153763
0.051426988,0.04441739
0.030520659,0.038839336
0.029246395,0.01795687
0.048310693,0.037469003
0.076114066,0.03055147
0.049524825,0.03243935
0.04096448,0.042100057
0.12954335,0.05616116
0.073844396,0.05759782
0.044260014,0.019097818
0.03748357,0.03786232
0.0459626,0.06837899
0.036702245,0.05723754
0.050191127,0.038367316
0.05379874,0.026625006
0.03585571,0.04962252
0.05368521,0.022909053
0.063224144,0.26786786
0.033117354,0.0323132
0.06284453,0.04619266
0.031279806,0.031780347
0.047376543,0.056979276
0.050802384,0.052156236
0.052062187,0.03873283
0.15070319,0.05326549
0.058473136,0.039993532
0.061596278,0.04762147
0.035932623,0.04219768
0.047045697,0.04278741
0.050434727,0.031146852
0.25525227,0.03326634
0.037331626,0.10023314
0.0430196,0.02324003
0.035978876,0.050437205
0.036192033,0.050124668
0.035920933,0.02845086
0.04312509,0.011056705
0.76871604,0.8973406
0.05617037,0.03927952
0.047449425,0.20662424
0.05638859,0.063825406
0.055431385,0.030957807
0.03628138,0.06068889
0.026084933,0.042829555
0.045463257,0.035921182
0.2672699,0.046607826
0.04771584,0.025133887
0.060318537,0.038399983
0.040581856,0.046915404
0.029739155,0.039617144
0.036096897,0.042230643
0.06300019,0.045864053
0.031758875,0.040222965
0.044316992,0.04674029
0.022216408,0.050474036
0.04942496,0.041504007
0.060333077,0.0711577
0.04893186,0.04441341
0.088934444,0.05689982
0.05407331,0.06742306
0.048330273,0.040491983
0.04045145,0.033089586
0.056658342,0.035377726
0.02987471,0.042178266
0.01961309,0.042284764
0.024085768,0.05526772
0.039518915,0.03872118
0.046820063,0.04005795
0.043354016,0.040366117
0.0526506,0.031599455
0.040500175,0.05932686
0.03903092,0.06666206
0.05881789,0.031714156
0.049049497,0.033501245
0.033661027,0.04345522
0.042260382,0.042893864
0.05604986,0.05604616
0.047678553,0.042242642
0.050397012,0.03757084
0.06507961,0.06955745
0.038585678,0.030480757
0.04694542,0.048602212
0.042632606,0.020950373
0.034598116,0.04951784
0.046197537,0.04851762
0.04997111,0.035946496
0.058229018,0.041727666
0.05568838,0.06104187
0.028594585,0.026574709
0.04289037,0.045812752
0.04771948,0.051226072
0.048043363,0.045118317
0.12273269,0.029402532
0.041736808,0.041222945
0.05127044,0.07598087
0.05701289,0.0716956
0.041989625,0.029416468
0.12855472,0.07384628
0.055665664,0.062014982
0.035155177,0.04297275
0.14548491,0.050094195
0.034885686,0.030242527
0.05313171,0.024365088
0.04078171,0.027177544
0.034817036,0.026624864
0.04246669,0.024570638
0.045635864,0.044800922
0.03572121,0.0679205
0.039059304,0.040959436
0.03446551,0.029477967
0.032706406,0.050040707
0.03562886,0.034121327
0.02630853,0.045013983
0.053258505,0.061793376
0.045857616,0.04120373
0.041953314,0.04675262
0.0653004,0.08663351
0.02702553,0.04186964
0.050419018,0.05332241
0.048357897,0.06281537
0.032856118,0.048325
0.055461623,0.0661312
0.18629406,0.044442065
0.057544548,0.05990809
0.04732786,0.062346388
0.042163968,0.060980573
0.04884817,0.047413196
0.052811954,0.048008326
0.04478768,0.047405787
0.023602521,0.034404304
0.04028881,0.024364116
0.06994832,0.06859028
0.054699413,0.043190356
0.06321914,0.058488023
0.034152694,0.03782022
0.055661365,0.06410485
0.0441583,0.043207694
0.06507749,0.0440229
0.058152378,0.04418155
0.02955164,0.08086803
0.04294374,0.058405638
0.0529027,0.048910424
0.046349756,0.06677586
0.052500617,0.046689797
0.05391143,0.044334672
0.049800996,0.07622042
0.05134317,0.040567372
0.06303939,0.052750055
0.04250967,0.050828807
0.03455378,0.03451151
0.020811323,0.025683803
0.04853227,0.045316968
0.055272162,0.06802121
0.059142746,0.018257288
0.057356667,0.036683775
0.04764056,0.07212152
0.04787844,0.03598993
0.06533672,0.046481855
0.05892296,0.030702101
0.05017789,0.052372396
0.05727526,0.04464201
0.056280028,0.053340178
0.02509902,0.035044923
0.05239454,0.06923162
0.036513392,0.030073809
0.03859855,0.035229698
0.06515,0.05542235
0.04139741,0.037849084
0.060989015,0.0418212
0.039730128,0.04627778
0.044111114,0.06368616
0.04352389,0.04866226
0.052471574,0.05161811
0.89402956,0.91576135
0.04426688,0.065060504
0.060620617,0.054350782
0.045396503,0.032205395
0.053727545,0.06636921
0.045404706,0.06425913
0.073501594,0.04521071
0.033844415,0.044526923
0.05087286,0.04187705
0.046244953,0.064505786
0.02374255,0.02923023
0.044568677,0.032665253
0.032598827,0.054631058
0.044778388,0.042140692
0.04133657,0.043106746
0.05265928,0.054481804
0.05177183,0.038737804
0.053215254,0.048239026
0.05289966,0.048535105
0.028228326,0.031063527
0.04975841,0.032929208
0.044718683,0.033560548
0.03734006,0.06454045
0.03139739,0.044939924
0.04777234,0.04418627
0.04712047,0.043487247
0.04007778,0.08788406
0.0412426,0.047032982
0.051173773,0.038022436
0.053394902,0.035362665
0.053839546,0.17582776
0.04383905,0.0396439
0.041245762,0.038871363
0.045930017,0.05953887
0.043186095,0.059368152
0.055118695,0.053835787
0.042124633,0.065494314
0.04572872,0.035559405
0.03235458,0.035942048
0.045067836,0.06484377
0.12667541,0.052787695
0.065472275,0.08830655
0.04230517,0.03541072
0.040080354,0.059558347
0.033417802,0.055940844
0.05223726,0.052064013
0.050453294,0.037360102
0.05432697,0.12997666
0.041486524,0.037554875
0.050952673,0.022746434
0.05355684,0.042922672
0.042034313,0.037064742
0.02747708,0.04486851
0.050979048,0.050157737
0.052244622,0.06971164
0.044077296,0.043725487
0.05919227,0.15296361
0.038794003,0.053731017
0.03582472,0.015403036
0.046793718,0.03838171
0.06506231,0.082585305
0.052021466,0.04413495
0.04378562,0.038041815
0.050236735,0.041840743
0.04246534,0.042483922
0.036009993,0.052412204
0.05740179,0.03932345
0.028233254,0.031757362
0.088436455,0.053370103
0.049227893,0.04340416
0.033913035,0.031573027
0.047273174,0.045712244
0.028928343,0.059529863
0.037625432,0.035779897
0.044562835,0.04613692
0.044983994,0.09214428
0.060228836,0.07973751
0.035400257,0.03463241
0.04927675,0.04445398
0.06746765,0.029277107
0.03456362,0.050098218
0.034991857,0.080109894
0.04052817,0.043890826
0.049271215,0.04725741
0.0501742,0.028370408
0.058027733,0.17841823
0.03217633,0.043666862
0.0454218,0.04923149
0.045524746,0.0415486
0.04541361,0.062799476
0.05396425,0.049566913
0.04184604,0.020310245
0.05090038,0.041077845
0.062778644,0.062318668
0.05793272,0.03860374
0.04039731,0.040741917
0.042823557,0.043353163
0.06384145,0.0598593
0.06228288,0.04174601
0.06276915,0.044358697
0.0664015,0.05283093
0.055145428,0.04184107
0.048479013,0.06761576
0.041207604,0.046647456
0.049125195,0.038633328
0.032000337,0.056405306
0.057422377,0.046899907
0.03486994,0.02857773
0.057298504,0.037957013
0.0470365,0.036678724
0.07199618,0.050597563
0.030471215,0.04797036
0.034640096,0.04565622
0.05699046,0.06505604
0.043856643,0.046801366
0.060079895,0.04661666
0.037781198,0.027443208
0.044859298,0.051032487
0.04340696,0.0443265
0.059887815,0.043004602
0.047057204,0.040641192
0.12822467,0.06026793
0.033554453,0.04252637
0.032384157,0.029766463
0.048574604,0.05500043
0.04043119,0.04237679
0.050684664,0.047547344
0.05131643,0.03312028
0.036388636,0.038537696
0.051188193,0.070874535
0.05047625,0.06397547
0.042129137,0.03147406
0.035379387,0.03822085
0.039777927,0.06427349
0.026689582,0.044507183
0.04455956,0.07029827
0.045303475,0.03238807
0.06347396,0.06271729
0.059960946,0.042862758
0.025929311,0.039536223
0.042871278,0.04814943
0.05020175,0.05972115
0.030139647,0.05854302
0.037295587,0.030654972
0.031903498,0.042312372
0.0577986,0.045676265
0.05174219,0.040095244
0.046986323,0.03791922
0.050941307,0.058509447
0.04518755,0.06250838
0.0436936,0.080253854
0.08113737,0.054898567
0.041671492,0.052516535
0.04082595,0.054965172
0.040058795,0.03716112
0.054307297,0.035600338
0.050158687,0.034164816
0.050508235,0.03725215
0.07173813,0.04091493
0.03911246,0.058573075
0.037918586,0.025886
0.03252682,0.03296898
0.053832144,0.06930308
0.053565767,0.03911839
0.041677285,0.02648795
0.063887954,0.035577133
0.0548292,0.037459373
0.06293176,0.046632964
0.0449086,0.035203815
0.051118124,0.028948566
0.044688027,0.035178754
0.047354884,0.05298716
0.044601128,0.030532518
0.050631136,0.081953496
0.05461808,0.063733794
0.04888507,0.06560022
0.03612826,0.057741083
0.05875155,0.043652717
0.021084322,0.058039367
0.0417292,0.043941233
0.04898902,0.048962776
0.045956586,0.023873994
0.03715067,0.041513167
0.040361423,0.030579582
0.0584487,0.058037445
0.0580368,0.08518698
0.044199497,0.044732045
0.052168388,0.045741886
0.04511302,0.051848765
0.040226325,0.040313415
0.04276079,0.047134407
0.044544805,0.018607173
0.035906836,0.024179505
0.04004898,0.058039848
0.05165701,0.047829304
0.053949505,0.06670967
0.041794322,0.03160929
0.037065137,0.033849567
0.03869852,0.06937747
0.041874107,0.0654424
0.045388177,0.04588727
0.11507932,0.13441223
0.04375672,0.022844646
0.059117068,0.029105885
0.040542822,0.05091795
0.04778211,0.047672793
0.05956923,0.05369108
0.052294593,0.055144984
0.050246663,0.03980078
0.06813089,0.04055603
0.037479937,0.04391356
0.04563849,0.039055787
0.04363604,0.0396145
0.049442545,0.053725947
0.03839062,0.042156234
0.051792517,0.04766383
0.034489017,0.038857874
0.050807778,0.10918782
0.037620958,0.05755618
0.04455097,0.05414848
0.042248406,0.04396377
0.041941207,0.05244604
0.061751973,0.028927779
0.050939146,0.062406912
0.034983784,0.034939922
0.035203494,0.032495778
0.05864877,0.041133825
0.054307804,0.060460944
0.08155156,0.054761097
0.051177263,0.05080601
0.038646236,0.036928464
0.050918937,0.039480593
0.046531927,0.044480275
0.038243797,0.044381015
0.035363194,0.03174842
0.06687448,0.036676396
0.03816287,0.035087943
0.025086487,0.076771334
0.03806418,0.03194455
0.028292717,0.04415414
0.037303627,0.037661895
0.047978006,0.06681798
0.038983263,0.030287338
0.04624323,0.040775426
0.035757147,0.03991495
0.041654803,0.0415051
0.029801892,0.035321865
0.045424175,0.030495577
0.03985679,0.037078
0.03147966,0.0433997
0.040586893,0.03275884
0.04568607,0.035869878
0.050714284,0.05446071
0.068910375,0.06617688
0.042093858,0.032714795
0.03806988,0.042246643
0.044020552,0.045571692
0.030417249,0.03638165
0.0399361,0.034773577
0.0535935,0.039481357
0.042016093,0.04096949
0.033096608,0.056857083
0.0484919,0.046779726
0.04421913,0.040935654
0.039159663,0.034421716
0.0677302,0.03768783
0.08338947,0.04118865
0.07217865,0.05201977
0.06223512,0.046091583
0.044647172,0.039875977
0.032727163,0.044587582
0.050985143,0.038167994
0.04286555,0.04510885
0.04795292,0.040923085
0.030969176,0.028608967
0.046339776,0.038859647
0.037877195,0.025656534
0.117548026,0.059454013
0.054026693,0.05155905
0.045554146,0.04358041
0.048434943,0.052804526
0.0495266,0.014713682
0.04055179,0.07604894
0.35119393,0.04915826
0.05181499,0.03347393
0.0433332,0.036891643
0.051450796,0.040040333
0.06428586,0.04522328
0.05770732,0.05853115
0.049006928,0.059195444
0.051532134,0.038329348
0.041708007,0.042180236
0.025603238,0.050980944
0.051931877,0.037989628
0.0524885,0.057122782
0.04972958,0.029991675
0.057581175,0.066963255
0.04134817,0.029429102
0.068261415,0.06974052
0.032084946,0.044311415
0.044021767,0.056967363
0.051384125,0.02733247
0.046699993,0.040197063
0.044836797,0.06182304
0.041377556,0.06330481
0.035574794,0.041446235
0.05790297,0.03344682
0.05019933,0.059896372
0.041652095,0.034405537
0.05030212,0.03899114
0.04282304,0.04271333
0.049615175,0.0397711
0.06439651,0.04890708
0.045784432,0.045229096
0.04338589,0.030561186
0.053288206,0.05618466
0.03953869,0.04937954
0.045454476,0.056508128
0.0433332,0.05642513
0.044968802,0.041828807
0.05221773,0.06779658
0.05293723,0.031090107
0.04362101,0.04529603
0.04835975,0.04544386
0.048101366,0.041169282
0.035340052,0.036123857
0.04875625,0.04698393
0.034426846,0.045127496
0.06198946,0.06344714
0.074792884,0.057313237
0.048230816,0.052387785
0.05840471,0.05963743
0.03291615,0.06273333
0.04036614,0.057899714
0.05340433,0.06269018
0.051339608,0.095262215
0.06333678,0.050552774
0.039044823,0.039374117
0.05706428,0.13131566
0.0540518,0.053088408
0.045093928,0.045390174
0.04416625,0.07193539
0.03985052,0.053624325
0.049319237,0.037393283
0.055905424,0.037942618
0.059649333,0.052930936
0.043371752,0.03832491
0.043043066,0.054327372
0.040585283,0.05533216
0.05230855,0.030226745
0.02622623,0.051567946
0.043921165,0.02252909
0.048410777,0.04633094
0.05079196,0.05938955
0.06007813,0.118191205
0.046444364,0.03949972
0.047119506,0.029066518
0.034150675,0.0460972
0.0414132,0.05608516
0.049490754,0.055443335
0.072198294,0.12272678
0.058151245,0.041856088
0.05022261,0.044268396
0.039366007,0.040351648
0.049830463,0.05843648
0.05220961,0.059143964
0.040174488,0.028864585
0.050473705,0.07382807
0.035018787,0.043035902
0.047401004,0.03888758
0.03993849,0.065017894
0.047831908,0.058903977
0.062104736,0.04219239
0.03048962,0.04162681
0.038512163,0.03615833
0.048953783,0.057939604
0.040925663,0.033748034
0.04159889,0.038039085
0.040919468,0.0418748
0.039630115,0.055577487
0.048934534,0.04793403
0.04693909,0.061446782
0.043187637,0.033566047
0.05472501,0.04703036
0.057236932,0.047591325
0.10972918,0.0358265
0.6928047,0.07491077
0.036731966,0.047787555
0.05513046,0.059815515
0.048918664,0.042294994
0.056518875,0.030304639
0.046390824,0.038960077
0.041953962,0.044469062
0.05892134,0.06508483
0.049044143,0.04292322
0.041310467,0.024881002
0.046260055,0.04878393
0.03705164,0.061210815
0.33452114,0.025552956
0.048792966,0.035799198
0.035954062,0.037424628
0.06319874,0.033869743
0.07210949,0.03737021
0.049318407,0.05751353
0.045930594,0.052754316
0.039382353,0.038449068
0.024281202,0.031905893
0.04070372,0.03996564
0.054067682,0.050163116
0.019906532,0.048862576
0.047783893,0.03661448
0.04108737,0.18141684
0.040707786,0.03329916
0.049004067,0.042695843
0.024551168,0.06374289
0.064599395,0.024126738
0.050150797,0.040731512
0.0601886,0.052752264
0.055089958,0.053624325
0.05499117,0.037856374
0.1737126,0.049676973
0.025990356,0.025104312
0.052427128,0.05266205
0.070006646,0.07239765
0.042024266,0.032465603
0.044372503,0.043978307
0.03970725,0.033202205
0.03656298,0.031395182
0.05610815,0.027298687
0.049646426,0.060416613
0.037422247,0.05567207
0.17730622,0.02186224
0.058361392,0.036963098
0.0575655,0.053537305
0.034987364,0.036800634
0.027067846,0.016549788
0.04017552,0.024916414
0.02803422,0.037706118
0.039423138,0.059182197
0.034078445,0.03463934
0.06493752,0.040264867
0.034490123,0.03204744
0.056466244,0.032719877
0.04912927,0.04698907
0.040768296,0.061558176
0.044531856,0.042146113
0.047558058,0.041603595
0.053265724,0.037806842
0.043604888,0.04738196
0.03741856,0.040622983
0.05952404,0.049112707
0.049537368,0.04426643
0.02988566,0.06798859
0.057555925,0.045827396
0.044538267,0.03590819
0.047245957,0.039840367
0.06037589,0.037014466
0.030525962,0.05755432
0.040368654,0.03896375
0.04512097,0.023447985
0.06144557,0.06831628
0.034015708,0.039154764
0.05946807,0.034195397
0.048915796,0.055188965
0.04598679,0.048248034
0.039642777,0.042559445
0.11178639,0.092480846
0.031149633,0.03451611
0.050092388,0.04294991
0.028858963,0.048519235
0.040971637,0.04076028
0.045226134,0.04327176
0.04447142,0.058841787
0.052792758,0.04049408
0.05214548,0.05060742
0.04699118,0.05105037
0.047717117,0.05151839
0.06594056,0.06613034
0.047732055,0.037880126
0.06648897,0.056722697
0.03832977,0.10420333
0.054538943,0.058977444
0.048601516,0.058121756
0.040436927,0.044350978
0.037246183,0.05929042
0.03984038,0.07461213
0.048495278,0.051462345
0.051720224,0.064984106
0.05137161,0.03384175
0.05754548,0.051939
0.06328417,0.04757858
0.04397336,0.9005092
0.044666927,0.0702982
0.06435558,0.035049994
0.06884645,0.04392858
0.045397528,0.05387242
0.045559723,0.045737687
0.0724501,0.042082023
0.042907476,0.04751705
0.037602685,0.03345423
0.07298158,0.040169585
0.04144658,0.03337371
0.038622368,0.04016388
0.052153543,0.056420673
0.05937877,0.045950703
0.055180978,0.050299842
0.042368826,0.041407783
0.057283636,0.034113515
0.037348226,0.02249015
0.04889362,0.05220159
0.040108636,0.047078274
0.021884313,0.05597853
0.04827057,0.052037105
0.045957983,0.038368408
0.053577792,0.05105461
0.06258748,0.042983115
0.04244224,0.0692126
0.041948162,0.045158975
0.061276656,0.040479675
0.044280164,0.03502383
0.032816645,0.04774543
0.034958735,0.04321954
0.04979705,0.042659033
0.035924707,0.03346625
0.044205915,0.15094231
0.053928446,0.048083413
0.04586817,0.04509851
0.049091425,0.051427566
0.06122622,0.054959226
0.0690079,0.04659919
0.059419554,0.03884302
0.04955927,0.05814663
0.041726243,0.04205271
0.05529212,0.041932683
0.07568931,0.04171383
0.038406085,0.056051694
0.055149402,0.8662168
0.040524308,0.04775835
0.03853934,0.043972842
0.039406143,0.0351467
0.041385293,0.038755793
0.05014946,0.06933982
0.037859123,0.035266202
0.059860032,0.03596339
0.04508559,0.022305759
0.063113414,0.0325478
0.047649622,0.028230708
0.03832122,0.054589044
0.05836863,0.0579473
0.04685599,0.03900784
0.043704387,0.057422116
0.040770616,0.039556354
0.042173684,0.05987565
0.066838786,0.06204528
0.058222227,0.03814781
0.04105417,0.028066909
0.03440308,0.03521128
0.05290295,0.051421206
0.03993771,0.046370592
0.05248146,0.026981864
0.11155217,0.06194169
0.03974259,0.02148725
0.04135913,0.057186913
0.030154198,0.029059064
0.048848808,0.053473324
0.044932898,0.044602793
0.05401334,0.043857798
0.033393487,0.039889857
0.04131853,0.031230781
0.04815732,0.03884547
0.029271584,0.14998177
0.045165,0.0466964
0.052452873,0.029617088
0.055341236,0.065685034
0.0561495,0.047163304
0.064769655,0.06790673
0.10529751,0.041601628
0.047943857,0.058570474
0.03631099,0.04129263
0.025179341,0.03961096
0.04671278,0.047705494
0.0547542,0.06617222
0.03878301,0.052530043
0.046177004,0.04602581
0.063510895,0.05585343
0.04680753,0.054131933
0.05492238,0.03779681
0.049027126,0.027633643
0.06827975,0.045964867
0.0503006,0.044707302
0.050836384,0.037256926
0.040807508,0.030381648
0.032051757,0.037705164
0.04590204,0.048376456
0.046661813,0.061049126
0.038042806,0.09618759
0.05026606,0.046511736
0.047075346,0.032920618
0.11359405,0.05187548
0.048876025,0.03442487
0.038753897,0.039084192
0.046662778,0.055280313
0.04072372,0.043229703
0.04789433,0.057883427
0.02980609,0.04555346
0.04546915,0.03125102
0.04772318,0.05981466
0.031444605,0.037636988
0.0453833,0.044238843
0.09271742,0.03242065
0.05021028,0.844179
0.05143937,0.05360428
0.053301062,0.050492138
0.044069458,0.052276786
0.046076402,0.036300085
0.042846706,0.089981474
0.02247162,0.048306223
0.0436345,0.047567282
0.04540419,0.022506729
0.06584787,0.046439514
0.03467849,0.04221755
0.048867296,0.05503921
0.048118148,0.04767393
0.03698354,0.037172593
0.04890095,0.03212364
0.02500358,0.03875143
0.058209896,0.04757611
0.04398935,0.038404204
0.044541735,0.03938133
0.042541586,0.038898215
0.03270719,0.04556299
0.042777896,0.068269216
0.049707673,0.04158248
0.049731992,0.11525754
0.046278164,0.03639068
0.051040996,0.062251627
0.03028226,0.029563677
0.0847701,0.042981148
0.07676751,0.03848295
0.047964156,0.054654337
0.052813545,0.0386537
0.033269126,0.05269108
0.027790425,0.040046804
0.04466148,0.062728524
0.050761953,0.03812584
0.032896902,0.039726526
0.047284227,0.040287316
0.03512143,0.041978084
0.062361244,0.045609575
0.051094677,0.042275473
0.047505368,0.055393454
0.06330332,0.051315848
0.046649218,0.042060316
0.042479362,0.05058521
0.0442235,0.04679955
0.030654937,0.045826588
0.0333987,0.041172758
0.045048285,0.9265177
0.056359023,0.044555318
0.04032941,0.036258377
0.051982637,0.055481654
0.14505035,0.05634602
0.04713913,0.026852295
0.055021696,0.037662923
0.056337908,0.09547311
0.042823173,0.048071697
0.035766892,0.027197622
0.041628074,0.030807646
0.046146605,0.025211707
0.05957166,0.057702217
0.05140769,0.04368142
0.040729072,0.03437969
0.032202728,0.05062438
0.04308826,0.037981026
0.10733037,0.021924725
0.04962912,0.031808347
0.055626545,0.04316841
0.05609521,0.04680668
0.057532966,0.09420495
0.039895475,0.040535767
0.045693826,0.05005568
0.057848107,0.035395116
0.045892496,0.04464625
0.04985675,0.050842885
0.06852645,0.03536671
0.0462923,0.028247638
0.045137763,0.03629605
0.039519563,0.04999972
0.069883384,0.09112246
0.10001132,0.057173014
0.059146315,0.057861656
0.03502965,0.042309795
0.054181587,0.04534886
0.035517074,0.05651991
0.014775647,0.049013052
0.037932836,0.04672418
0.06963113,0.06042912
0.03445627,0.053741574
0.04518019,0.03953642
0.041779052,0.043736175
0.040815506,0.02870956
0.03884795,0.032391228
0.054187156,0.05280079
0.04702147,0.0587396
0.041691907,0.042384923
0.03913283,0.04831409
0.06005531,0.052291453
0.05841972,0.17338909
0.05861993,0.062956035
0.057093058,0.06753412
0.04111,0.024775423
0.0547693,0.029201025
0.038368028,0.047137424
0.036277294,0.027375521
0.025078699,0.06639711
0.24145004,0.049396414
0.04945159,0.02580464
0.060701434,0.060668647
0.053794816,0.04175768
0.05742477,0.051056687
0.051564004,0.07648595
0.03966804,0.04539262
0.04006725,0.031566426
0.04931415,0.03363371
0.04002948,0.040458318
0.058641996,0.06850516
0.04478287,0.031402472
0.06008026,0.032735538
0.04911914,0.04811288
0.046533335,0.043391634
0.04767249,0.045305755
0.051693507,0.051064927
0.045849096,0.03973387
0.04472715,0.048396695
0.061388116,0.044905934
0.042898413,0.03822944
0.0697037,0.057724208
0.049204703,0.035160262
0.04786688,0.031601455
0.045827962,0.044769358
0.041636508,0.041162483
0.057553228,0.14776994
0.051014498,0.05480289
0.03545187,0.047115676
0.03898436,0.027410954
0.04966108,0.05459005
0.043556076,0.033806823
0.29475823,0.038295727
0.05705546,0.036584064
0.060059268,0.037255015
0.07656781,0.047328208
0.040209673,0.04635057
0.03914944,0.05779977
0.043634184,0.032832276
0.045603722,0.044222273
0.042782214,0.043821383
0.045838468,0.042061258
0.045127764,0.9499214
0.07212068,0.03775894
0.044411886,0.030956298
0.053294543,0.0473088
0.037795767,0.04564002
0.03877732,0.027248291
0.056000926,0.0407772
0.038138907,0.025462886
0.056532744,0.041632514
0.02358731,0.046427183
0.051022004,0.03165148
0.034909364,0.039153736
0.04429204,0.03985718
0.046816736,0.04313724
0.074856505,0.042596187
0.0382539,0.045504168
0.063376635,0.05244724
0.076987356,0.04094538
0.060255546,0.064362064
0.056693003,0.03997972
0.037341807,0.041251864
0.044853985,0.0949942
0.04655681,0.05787042
0.03466255,0.029657036
0.061220273,0.04152967
0.03818339,0.045920055
0.04287873,0.040106457
0.040112894,0.044370588
0.05293432,0.03328941
0.041039143,0.037671927
0.0513988,0.03844143
0.06866129,0.057566408
0.04230865,0.031504072
0.04239965,0.05942247
0.047720756,0.049355976
0.044006485,0.053062614
0.055291347,0.039746135
0.053311072,0.06860626
0.033313215,0.043497127
0.03869418,0.040862273
0.052510634,0.038156543
0.09261283,0.04111059
0.0351771,0.038583085
0.03949332,0.05659561
0.052000463,0.051294666
0.048870612,0.043084603
0.03331778,0.02123031
0.040768873,0.09767118
0.042546015,0.03393086
0.0385906,0.05992199
0.056661546,0.07899268
0.057345532,0.046755854
0.053975698,0.044629026
0.06238986,0.046143346
0.04720788,0.035621006
0.053058352,0.052722424
0.037786633,0.06874358
0.04734817,0.04672451
0.058895018,0.04778353
0.06599092,0.044101458
0.031369407,0.04200169
0.044291846,0.047899973
0.058457054,0.0583584
0.05692761,0.037949372
0.039058402,0.06594577
0.03598875,0.046367224
0.051559057,0.06478405
0.040357035,0.038029596
0.048010558,0.03710211
0.05046443,0.06793536
0.135721,0.047715943
0.059721168,0.06787523
0.041875914,0.033136006
0.052574154,0.043854278
0.044490546,0.035325076
0.046466753,0.06621423
0.021555096,0.041313943
0.04568825,0.028009376
0.052491866,0.04590198
0.037337333,0.042662617
0.05653092,0.057604857
0.05945596,0.0387682
0.041113097,0.060392264
0.05225312,0.04278315
0.054288782,0.05434626
0.07310474,0.05261029
0.030073734,0.019713486
0.064700924,0.09882487
0.051446415,0.03054664
0.048382394,0.032388758
0.056354478,0.05042232
0.053950652,0.04040271
0.05529881,0.0471536
0.051268727,0.0640257
0.062257387,0.049609628
0.040788546,0.04192536
0.061989907,0.039792955
0.042802982,0.03442755
0.045747865,0.11019377
0.029556628,0.042202488
0.051416572,0.045185313
0.04067263,0.04296217
0.03405141,0.038550373
0.032446977,0.03837066
0.045121357,0.04962696
0.055407718,0.22789483
0.042535663,0.06281272
0.0423656,0.044972625
0.049847845,0.063254185
0.04739072,0.067674674
0.038106527,0.046764556
0.06084512,0.06716335
0.034934085,0.03605424
0.04236921,0.040320303
0.05306089,0.040142503
0.053722423,0.045328315
0.028537251,0.07470809
0.041491684,0.044699587
0.056470606,0.05283817
0.04994508,0.054979753
0.039357603,0.054488603
0.038327437,0.05284431
0.06855281,0.03554325
0.037015066,0.0424235
0.051538806,0.044016406
0.03992022,0.061314296
0.061543345,0.95247036
0.059273127,0.057448436
0.05142724,0.034782965
0.06920102,0.059512112
0.041623235,0.045132633
0.038293,0.05970679
0.041658472,0.039599787
0.044616204,0.043442216
0.037036855,0.039058037
0.032459512,0.0306733
0.055483647,0.053314123
0.06594143,0.050484966
0.05714632,0.031723578
0.03525897,0.038030077
0.02178516,0.060718246
0.034268364,0.036623016
0.04562319,0.05018471
0.031892657,0.033804286
0.04887118,0.027683666
0.035870645,0.048142083
0.07236606,0.053474177
0.055086877,0.037395336
0.036765248,0.038930852
0.025797183,0.03358361
0.03767935,0.049564224
0.041406173,0.05994669
0.078776814,0.051957604
0.037535354,0.03760573
0.054859724,0.0998983
0.0484271,0.048108246
0.043747857,0.035950124
0.047989942,0.035025675
0.058729183,0.06321095
0.026005516,0.050373092
0.054996423,0.0662439
0.04940523,0.044722714
0.054692965,0.04172015
0.035460126,0.03563578
0.04900336,0.061902605
0.040087197,0.045910746
0.05177703,0.028633012
0.04841543,0.033788856
0.037487004,0.041045517
0.048290085,0.04295675
0.04676565,0.041646156
0.031982176,0.02761655
0.045030214,0.05369991
0.03660075,0.04214185
0.08114428,0.063447356
0.043241814,0.06732657
0.062226318,0.057633363
0.04071256,0.039326575
0.042121734,0.043258887
0.03400783,0.04350613
0.056566086,0.050823845
0.050794758,0.03507712
0.0732561,0.046206694
0.04637752,0.050080575
0.056279644,0.03533343
0.040266998,0.052408576
0.042906575,0.061995115
0.048986606,0.05937814
0.039223466,0.050559133
0.046677228,0.044500824
0.055377092,0.028274044
0.031316623,0.022811562
0.04770703,0.03816758
0.038740188,0.030173441
0.0666793,0.03834468
0.046533022,0.04021536
0.03811741,0.033409886
0.054170527,0.1083765
0.036363255,0.036749177
0.04643823,0.026604917
0.047271512,0.03805197
0.05814017,0.052691538
0.052193757,0.48008564
0.060233235,0.025644468
0.060231227,0.043322694
0.047706965,0.060750466
0.043835256,0.03439368
0.05481764,0.030393288
0.046381485,0.04757502
0.08318496,0.055893324
0.044256486,0.029038899
0.07203137,0.05022463
0.050096393,0.063341975
0.046108395,0.03912499
0.0353825,0.046892278
0.039823722,0.035474386
0.05048484,0.03951565
0.052871335,0.037193075
0.046888724,0.04069597
0.04537959,0.03256526
0.043231532,0.045035142
0.05279947,0.032923777
0.03288588,0.024883078
0.037163448,0.028301902
0.06151495,0.049563635
0.03443745,0.038385864
0.036653124,0.053573567
0.07207424,0.03404562
0.04882063,0.05649897
0.048685163,0.058281414
0.03537139,0.05102626
0.06964076,0.059972703
0.03149849,0.038572595
0.042542476,0.059617758
0.03176417,0.048748516
0.042777896,0.06467078
0.04175799,0.045726147
0.04949858,0.07474029
0.05627794,0.032669917
0.029989276,0.022350568
0.051018566,0.050871957
0.056771003,0.0943817
0.061435737,0.054797165
0.09622796,0.04647066
0.05050213,0.039193988
0.042079378,0.045892186
0.06227706,0.05723203
0.062526815,0.047324907
0.035620414,0.044102203
0.05857929,0.037059966
0.046516836,0.041105367
0.043244958,0.038521882
0.041779317,0.097282045
0.04674174,0.04958558
0.053104095,0.03910334
0.052499346,0.051735494
0.05928913,0.038769837
0.053890612,0.037984982
0.055828843,0.047613468
0.044481814,0.05366625
0.041914232,0.032327093
0.032796077,0.03792604
0.074281104,0.055663347
0.048589278,0.043283828
0.050567687,0.033690117
0.04256358,0.052742492
0.042152055,0.060770094
0.05201023,0.060708605
0.050513636,0.06289557
0.04788406,0.041708257
0.046990097,0.040824696
0.056684364,0.040966913
0.04468155,0.042830385
0.053823665,0.04667019
0.03918824,0.029916983
0.041916616,0.041786317
0.039203368,0.03348059
0.034117393,0.026723525
0.04742739,0.0498191
0.06952366,0.05444799
0.05679828,0.03759337
0.062224187,0.054789297
0.06562684,0.04720265
0.042649142,0.06120426
0.04472927,0.03871859
0.028878199,0.037944257
0.046699606,0.021433521
0.030586135,0.06489992
0.040938366,0.027254663
0.052087437,0.035447422
0.06720978,0.039482232
0.038283225,0.03714971
0.039147504,0.02578418
0.028313667,0.035796728
0.048523273,0.05720757
0.08599783,0.032871787
0.040214643,0.039569426
0.048688106,0.03489601
0.05210203,0.044730276
0.036361825,0.032630887
0.052569967,0.044171058
0.04467437,0.05295153
0.042722337,0.053264417
0.02199173,0.043442413
0.058702737,0.044641856
0.047091905,0.04937707
0.04753385,0.04098267
0.046662513,0.04227622
0.083512515,0.0551132
0.08153691,0.025638983
0.037380632,0.07224057
0.05626421,0.031575363
0.06247001,0.6153036
0.07396444,0.043361425
0.047371108,0.04673133
0.04425308,0.045942396
0.052549116,0.054772835
0.041860204,0.026598677
0.042858925,0.04667699
0.030195469,0.038951628
0.035718024,0.045168307
0.056888163,0.07019663
0.045502458,0.03716016
0.042706385,0.057084963
0.036965903,0.039693587
0.049330454,0.041888308
0.045048285,0.046331003
0.039842643,0.043180652
0.03975221,0.043488733
0.060997836,0.040433314
0.04625673,0.030017534
0.04931287,0.031063592
0.062347982,0.05204681
0.061562188,0.16154137
0.04352678,0.062161066
0.13883968,0.04499608
0.06090781,0.045739654
0.04737053,0.06356601
0.046917096,0.027554972
0.056623746,0.059783798
0.04426669,0.050758008
0.040744748,0.034702722
0.050580908,0.06641862
0.04120857,0.083209775
0.03577202,0.049447235
0.037353214,0.04131626
0.04996596,0.045030616
0.045697153,0.04986743
0.048237327,0.044566944
0.049563974,0.05141832
0.04637048,0.048225366
0.043747738,0.03651345
0.036766544,0.04397201
0.03066745,0.03165994
0.025321752,0.040080816
0.046349175,0.057837762
0.060509987,0.052772634
0.054182857,0.0457682
0.05731858,0.055422157
0.03902801,0.021736497
0.065781236,0.2928433
0.051434867,0.05578228
0.04533794,0.03507732
0.055007294,0.039242417
0.048086498,0.027194234
0.045887183,0.047240578
0.04070437,0.057340343
0.052154873,0.056985922
0.10906673,0.16410282
0.07481988,0.07206097
0.037810735,0.04433907
0.049654458,0.03462851
0.048600238,0.08525721
0.039415512,0.061392944
0.03188867,0.03550513
0.048056252,0.041551527
0.062920384,0.07652245
0.05446126,0.05157868
0.0606252,0.054201726
0.055290982,0.057718895
0.04412813,0.037702642
0.0455503,0.057571586
0.04420463,0.06507982
0.03877576,0.03620066
0.03909649,0.038350616
0.053131457,0.05231727
0.04649829,0.045673028
0.03877913,0.07666477
0.04446937,0.030185027
0.055423494,0.052592453
0.051722072,0.052110113
0.04944789,0.05047161
0.114575446,0.040280715
0.04376238,0.026446374
0.060295537,0.044484057
0.049066186,0.05231506
0.037298437,0.044823285
0.046779208,0.031057471
0.022036154,0.04636493
0.042339418,0.0320753
0.04637336,0.03160626
0.04834814,0.05660951
0.052605588,0.06476886
0.061831634,0.04563954
0.041378073,0.044412117
0.40727207,0.807196
0.038888056,0.057877984
0.05201334,0.034547437
0.09701223,0.02895907
0.06783589,0.052354407
0.042342376,0.045915205
0.04717236,0.04869048
0.04032231,0.06025038
0.043046024,0.040357616
0.048633013,0.04874327
0.046526875,0.044238973
0.058670063,0.049718264
0.06438611,0.03880057
0.029416813,0.045244705
0.038939018,0.038800232
0.054418325,0.04470352
0.040016174,0.048820913
0.054845374,0.04222983
0.05242066,0.051624473
0.044183455,0.046027362
0.03185396,0.037992828
0.05181518,0.056606844
0.037002094,0.04027608
0.047164306,0.038334254
0.0492312,0.06507772
0.03633196,0.038382117
0.050767045,0.046618078
0.05550985,0.06755784
0.03277598,0.038944338
0.055837665,0.04459062
0.06555954,0.06953948
0.04838048,0.034135602
0.052992098,0.06037493
0.05514839,0.035554543
0.044409577,0.050880615
0.06081831,0.045279417
0.06943579,0.05183095
0.048497386,0.03788053
0.042197887,0.05373517
0.060127735,0.04724294
0.04107506,0.05921964
0.050205383,0.052905668
0.058282014,0.06126249
0.055630315,0.030939007
0.056376807,0.046395555
0.025042852,0.030224537
0.031993277,0.03334515
0.068174876,0.03694616
0.046874527,0.033163
0.05249358,0.03779797
0.036778357,0.04672593
0.06215781,0.026457522
0.05000649,0.03085532
0.05578088,0.04242873
0.043285254,0.085963644
0.050200544,0.05927326
0.041500892,0.03695627
0.072233096,0.05353188
0.040992204,0.034915123
0.039024778,0.03672301
0.039713264,0.03441863
0.029931212,0.028301356
0.047441058,0.044898305
0.0432278,0.03358807
0.06465876,0.081299126
0.05664952,0.04374612
0.0446677,0.03812161
0.056260478,0.05179674
0.04166125,0.0389346
0.039793625,0.03413546
0.04467738,0.05102484
0.04404224,0.041089125
0.04430224,0.05261632
0.04254615,0.040138632
0.03782246,0.041630264
0.036382664,0.0362806
0.040504362,0.05059098
0.030018298,0.0589402
0.04461235,0.04386193
0.049147554,0.034906894
0.049024895,0.054208547
0.03581081,0.057078842
0.056054022,0.0648587
0.054812834,0.04459488
0.055156276,0.080525234
0.037066687,0.054850437
0.056333873,0.034160905
0.04224211,0.060183402
0.0473386,0.036651116
0.043663215,0.025973447
0.037690938,0.05335828
0.05107244,0.029048987
0.051344495,0.034877166
0.053049684,0.02803953
0.039904136,0.027091967
0.041710522,0.042525824
0.045250747,0.041379478
0.030633137,0.034243945
0.052510947,0.2451717
0.041175824,0.05382182
0.029551184,0.06328094
0.05741232,0.046108328
0.047250308,0.043145634
0.048737254,0.046617858
0.052081667,0.04191185
0.04852742,0.047425855
0.037863333,0.051343914
0.03868338,0.06350742
0.046168294,0.043476205
0.034593686,0.047453944
0.029529806,0.044573177
0.03486135,0.036396418
0.041255042,0.03774543
0.046934295,0.033046667
0.05118374,0.048619088
0.046573754,0.037901416
0.056044243,0.0398365
0.040526945,0.051766817
0.15607564,0.029495291
0.06449893,0.06874253
0.06187461,0.057951823
0.038533974,0.028490458
0.041270252,0.048382707
0.03920795,0.047761846
0.058418665,0.045298934
0.046701524,0.033414904
0.05142432,0.04306434
0.075478,0.080325134
0.037649475,0.08668637
0.049286243,0.033162236
0.045854602,0.04687538
0.027750118,0.04237218
0.046643205,0.05389999
0.06658348,0.07980865
0.04269526,0.03587658
0.039811585,0.04939191
0.028147772,0.050379455
0.05021155,0.04628589
0.05018776,0.039015457
0.040096436,0.039171245
0.03731847,0.042443853
0.05908945,0.33616957
0.054679886,0.057228513
0.03501325,0.05786511
0.033529487,0.030513568
0.06321403,0.055749513
0.040503267,0.037318382
0.832561,0.9312537
0.04355498,0.04587931
0.03148966,0.085113294
0.031834885,0.04719544
0.047734164,0.0363969
0.059258953,0.024014318
0.06577016,0.038575795
0.02589747,0.061830755
0.038855776,0.039531305
0.03477689,0.044284966
0.052382804,0.058673147
0.03156505,0.033639133
0.05354203,0.030126762
0.04197605,0.043942522
0.045041684,0.05332868
0.040819958,0.062962614
0.052200098,0.03687975
0.04241914,0.032118898
0.038996585,0.0322745
0.05669073,0.051397774
0.046263125,0.03793955
0.035162587,0.04504183
0.10493725,0.042083092
0.053231653,0.049245063
0.024479497,0.051019154
0.050206203,0.05135657
0.045876496,0.058307752
0.053465813,0.06398633
0.03729001,0.036764555
0.05947547,0.046112917
0.04821296,0.03690011
0.059686407,0.03425704
0.038806293,0.04811935
0.04218489,0.03424812
0.0,0.04858265
0.038129322,0.045680985
0.04541925,0.040287513
0.056714036,0.0333041
0.06215625,0.04935274
0.032504432,0.056516327
0.03712389,0.068569295
0.05326129,0.056839053
0.04447944,0.039945904
0.03901708,0.031426493
0.03155629,0.037617937
0.0450797,0.026683206
0.043386467,0.04206674
0.05476779,0.0568366
0.052541755,0.038731124
0.037984975,0.026570195
0.038065083,0.020006187
0.051756974,0.03692655
0.045779627,0.05460345
0.045451786,0.03704849
0.06292558,0.0424096
0.046756443,0.05047463
0.04600478,0.056895908
0.1180756,0.04170148
0.05295053,0.06458251
0.046581816,0.026879236
0.057019502,0.05796529
0.05639514,0.038676884
0.050438356,0.046775002
0.057790674,0.044544585
0.036157943,0.07140339
0.04416586,0.02292688
0.048174486,0.028113173
0.035514347,0.04322131
0.04249996,0.05813402
0.049043573,0.04069612
0.05072979,0.040584292
0.051163673,0.04162342
0.034897003,0.045258015
0.05426975,0.0370433
0.03222742,0.047870968
0.045811962,0.04686115
0.0382416,0.03747426
0.032931097,0.11514899
0.03853947,0.04228273
0.051931307,0.037489887
0.03674462,0.039531656
0.038609225,0.045069396
0.046093043,0.04344309
0.046700884,0.043157503
0.049634594,0.057563018
0.03190736,0.03738912
0.050240993,0.05781346
0.030601975,0.0679076
0.05015964,0.060395826
0.0510002,0.03680965
0.05007585,0.063385606
0.04238588,0.038248196
0.03861518,0.030067328
0.056475576,0.054333188
0.05208852,0.027106088
0.038409777,0.03291348
0.06686554,0.04715972
0.044660073,0.039864477
0.041649975,0.052692477
0.06765531,0.06791519
0.056571625,0.037835915
0.05228267,0.040175576
0.035424635,0.037904136
0.061166186,0.044921476
0.047383055,0.039389703
0.051152427,0.030968277
0.043373812,0.050378382
0.028137986,0.035158414
0.03306856,0.033109643
0.06279221,0.050035067
0.041226353,0.0651327
0.058020454,0.05409289
0.040336773,0.037027854
0.03716228,0.04550019
0.057143617,0.060835823
0.051190544,0.035682864
0.057558015,0.037612002
0.04070224,0.043961454
0.022932965,0.0317844
0.043619856,0.041846994
0.044226006,0.037573915
0.054147944,0.09558689
0.050937492,0.039670523
0.03959025,0.036262136
0.038947366,0.055106994
0.045101684,0.03327519
0.056110036,0.04033049
0.0481683,0.033520263
0.04360142,0.03591236
0.0627047,0.071169674
0.046229023,0.052999597
0.04734575,0.039929114
0.039699826,0.03424998
0.04496797,0.040825505
0.035280883,0.059072837
0.05104195,0.069252014
0.04230492,0.04307877
0.04367131,0.09680703
0.037619732,0.0470245
0.049464196,0.047182366
0.060091313,0.04624101
0.03348972,0.0340201
0.038197316,0.042987246
0.044986814,0.031861935
0.042927537,0.025025161
0.045948125,0.047587086
0.05784018,0.0534446
0.05066559,0.024195353
0.049648598,0.050690483
0.035761304,0.057838354
0.039944492,0.04178286
0.05379437,0.049241565
0.03318415,0.029640827
0.04203901,0.049435303
0.050993662,0.0334265
0.032800388,0.027669622
0.037985757,0.044980146
0.051181328,0.04795003
0.042635374,0.03907983
0.050457746,0.06891705
0.043533135,0.05069479
0.049208272,0.05076369
0.04784531,0.14656289
0.060774345,0.0354516
0.049481645,0.045645487
0.03787189,0.03538848
0.04902656,0.6151341
0.05953842,0.046551585
0.047089543,0.03563873
0.044055983,0.049364828
0.06867573,0.05175873
0.069200695,0.15671124
0.0582666,0.06683457
0.039020374,0.05162019
0.057796292,0.062275324
0.04634003,0.045692682
0.030954128,0.031261623
0.050414182,0.04347343
0.039104052,0.038737334
0.043081444,0.040358644
0.06243316,0.048476394
0.07478398,0.050609823
0.03241602,0.05100287
0.32896397,0.037366252
0.05570491,0.04048899
0.046094958,0.04804903
0.037803605,0.04130369
0.036524627,0.040924527
0.029439893,0.046109203
0.036667403,0.040452875
0.048323136,0.044897366
0.03837327,0.05483629
0.057445295,0.052799784
0.052027997,0.043190554
0.039952636,0.040813964
0.04390486,0.03939215
0.051924393,0.04351352
0.043454245,0.037155174
0.0489961,0.05833901
0.051507186,0.03360592
0.053078756,0.05796037
0.046554316,0.042064514
0.037788123,0.047991432
0.056860015,0.061312195
0.04660458,0.04490952
0.050660755,0.037233986
0.04779985,0.04631131
0.044997197,0.05289417
0.056525625,0.068144776
0.046929114,0.057009988
0.031154076,0.032631785
0.051985934,0.037702914
0.041921634,0.028891798
0.040528048,0.033283368
0.056137394,0.050831277
0.053441122,0.035071295
0.04317343,0.033297915
0.04755819,0.043479662
0.05043842,0.043993674
0.039645556,0.03751822
0.037706107,0.06414131
0.047623705,0.023974195
0.04053747,0.032806516
0.050102256,0.039802816
0.05722604,0.044007465
0.056043494,0.056019407
0.056493543,0.035480965
0.04641014,0.047457658
0.04197328,0.045072697
0.07073957,0.024186742
0.032069918,0.06491033
0.050110843,0.031807452
0.05082939,0.07498699
0.045819458,0.035381146
0.056308907,0.046446946
0.049881257,0.037703462
0.051986948,0.072623275
0.036156382,0.042262994
0.045258302,0.031468004
0.048709653,0.03722921
0.048935812,0.045008257
0.04233111,0.037132636
0.052788258,0.04525712
0.044510297,0.03466051
0.053086735,0.042242993
0.049404074,0.034951083
0.046030954,0.07359768
0.037638787,0.03709821
0.062136617,0.018836616
0.04921821,0.037006
0.051026132,0.057615284
0.06181689,0.036376316
0.036575634,0.0795103
0.054375846,0.051265877
0.037572164,0.04107907
0.047510415,0.07143371
0.07148261,0.04996643
0.045868747,0.04027405
0.043338533,0.044233575
0.044234026,0.045579057
0.040128592,0.03776815
0.051382665,0.050059833
0.053917058,0.045326892
0.039927702,0.037455965
0.044687837,0.058493137
0.04861682,0.0386653
0.054921124,0.048278525
0.03309765,0.05152283
0.047292087,0.043082703
0.04349305,0.038415253
0.04391269,0.09706884
0.04151211,0.043322146
0.06097725,0.03511109
0.04567525,0.031124612
0.056110907,0.2091564
0.0402455,0.04103262
0.047861334,0.06416673
0.04868217,0.0352208
0.030971792,0.04409827
0.048435267,0.054899376
0.05823914,0.04373237
0.053034037,0.038732283
0.046512425,0.0544916
0.054059774,0.032275595
0.057279684,0.058178697
0.059295233,0.06412321
0.067975335,0.07733589
0.031910818,0.042207647
0.045865424,0.04018714
0.042176645,0.032436255
0.025455747,0.033649012
0.19001576,0.05850018
0.050929423,0.055863224
0.08295656,0.045870524
0.054274544,0.03642575
0.052563313,0.064426176
0.04296959,0.07322592
0.058079816,0.04949856
0.05033253,0.033702195
0.035575572,0.025234822
0.043644648,0.041649893
0.040340576,0.032191437
0.042594843,0.039522123
0.060491428,0.05251037
0.041491423,0.05258288
0.063140325,0.06846929
0.034837276,0.0331268
0.04838284,0.044352815
0.04145657,0.04756822
0.060944438,0.07204568
0.051645003,0.055154186
0.038163386,0.031762805
0.04488957,0.033453614
0.061830644,0.069600776
0.04924261,0.052733462
0.048527613,0.051111903
0.049294204,0.040890057
0.056976344,0.040678374
0.033548724,0.04365392
0.04677915,0.050769877
0.046760477,0.033572834
0.030840911,0.038531695
0.038223863,0.045057636
0.057047896,0.056241233
0.039763775,0.036670595
0.038270347,0.04637208
0.06348045,0.060745243
0.046124913,0.034755282
0.029860027,0.040312607
0.036888514,0.03693031
0.041505728,0.03855092
0.05285872,0.04883475
0.048712198,0.03091986
0.050157346,0.051202487
0.02992525,0.032475777
0.03529564,0.05760466
0.046025194,0.060547724
0.051768534,0.06059365
0.043438252,0.029658556
0.044263292,0.044566616
0.06885728,0.036211118
0.03641298,0.038994066
0.04218495,0.029972428
0.04667837,0.043014895
0.045010723,0.053698447
0.053548742,0.038448185
0.037013058,0.046960957
0.04180147,0.052787084
0.059219345,0.054536037
0.05259057,0.065916695
0.04064953,0.04060062
0.09859098,0.030181859
0.055688765,0.051140845
0.045202043,0.044167146
0.055391047,0.044840727
0.0385286,0.04046892
0.048831023,0.034389842
0.055902522,0.03950693
0.041842684,0.025091952
0.042110853,0.030780159
0.038138006,0.041021604
0.048436604,0.035871178
0.15132369,0.04917695
0.046070125,0.05914952
0.04143427,0.03708776
0.069148615,0.06038352
0.042527296,0.059322882
0.029050343,0.059024572
0.049230948,0.033991978
0.038677875,0.030941969
0.03683772,0.05505814
0.05954043,0.03670182
0.047141686,0.044364225
0.037231013,0.038366027
0.0343062,0.02271781
0.042427566,0.039231587
0.059311114,0.044276595
0.06066215,0.0664828
0.048072334,0.052831873
0.034207925,0.057111807
0.030427013,0.03092434
0.048038505,0.04362476
0.048260175,0.04145539
0.045498617,0.048645165
0.059044607,0.03807244
0.06323043,0.06429277
0.062956095,0.05426573
0.05672665,0.026988793
0.04362783,0.049614258
0.0371722,0.026734049
0.05548024,0.049461227
0.066501886,0.094268054
0.040436413,0.054175716
0.04738561,0.035209566
0.06345076,0.040197063
0.03963341,0.036869913
0.042275827,0.05001314
0.027078504,0.034581218
0.058140676,0.05601394
0.039630305,0.046575125
0.9537922,0.037616167
0.03120137,0.045436714
0.047147565,0.76629686
0.04958659,0.06280958
0.038639516,0.036346644
0.04164656,0.059137322
0.035344798,0.041598983
0.036025904,0.04868659
0.039936878,0.06172378
0.05828181,0.030955128
0.04650123,0.027118558
0.021445155,0.026916636
0.040188044,0.04025385
0.037367675,0.041138373
0.042780023,0.03514177
0.047323715,0.031600896
0.039413445,0.030752944
0.04514635,0.071373425
0.04321758,0.034377776
0.03794541,0.055199172
0.035977323,0.042221744
0.033826824,0.047474753
0.057836223,0.03213244
0.040441968,0.0551106
0.047774006,0.05324999
0.048641175,0.052752107
0.03814124,0.029896075
0.036057737,0.04581485
0.068768755,0.04070325
0.03239297,0.04935665
0.056047976,0.04621546
0.044095132,0.031791147
0.05845661,0.028378835
0.05234419,0.04168452
0.0488135,0.063114904
0.03537451,0.032600995
0.057192232,0.03881903
0.045146603,0.052685395
0.05371065,0.20872359
0.08941216,0.043033715
0.047994476,0.09622213
0.052151952,0.031746358
0.056635648,0.042275473
0.05428359,0.037405096
0.054517385,0.037133455
0.049586903,0.030239904
0.037325926,0.022282762
0.045110334,0.05412367
0.0547367,0.031895783
0.045437187,0.06346329
0.037571453,0.060309418
0.032090563,0.051803913
0.05139537,0.044603605
0.07743647,0.057601336
0.03381666,0.056791313
0.034883667,0.046278063
0.05952404,0.052892838
0.03778164,0.041748717
0.050005283,0.04730611
0.038625278,0.05191745
0.04734588,0.065996915
0.046370227,0.056940302
0.053203978,0.05276363
0.031036051,0.038747683
0.031290654,0.049644336
0.039609894,0.04237163
0.060498323,0.07103706
0.051204387,0.035662133
0.041896842,0.040450845
0.040404275,0.04178734
0.055481113,0.062533915
0.040116645,0.030048082
0.04915654,0.042068318
0.22687425,0.02862196
0.0588057,0.06257897
0.058761407,0.056695502
0.049135324,0.0428482
0.034542985,0.038365
0.119433135,0.03541332
0.054599877,0.03908161
0.045617227,0.03373026
0.033415917,0.0341812
0.05001527,0.031008782
0.051808134,0.02961557
0.03732897,0.034330267
0.030081136,0.040207203
0.042704135,0.031232847
0.07493227,0.047668815
0.04669423,0.041193195
0.039533,0.036002386
0.0329277,0.08008703
0.057859812,0.04255599
0.02276926,0.023286033
0.05804114,0.03563305
0.07165899,0.036892865
0.053269275,0.04346388
0.07634208,0.050028704
0.04853392,0.04021256
0.05684156,0.04423235
0.056894086,0.042604737
0.038898468,0.070670724
0.058004856,0.029503848
0.039162055,0.042953975
0.035582397,0.02737068
0.032040715,0.030036572
0.06040264,0.055016693
0.045511942,0.034128804
0.03430359,0.02302896
0.053266425,0.034402795
0.035190232,0.03590997
0.053439733,0.033419013
0.064902574,0.057585794
0.050678115,0.031639293
0.050489098,0.047164246
0.038216602,0.034870315
0.033561237,0.04448318
0.052067522,0.06036625
0.0456189,0.04845298
0.042348552,0.04216404
0.0475859,0.052569173
0.048440427,0.047383774
0.04573225,0.024920447
0.059405945,0.10966312
0.04084227,0.046599455
0.042962775,0.041015286
0.06454278,0.035889234
0.038703308,0.03635636
0.0638349,0.034758024
0.036511324,0.040793505
0.061573382,0.03328632
0.036030773,0.055167172
0.044929318,0.05824578
0.04564035,0.027366592
0.04967922,0.058441333
0.028379751,0.049206503
0.03319198,0.040217195
0.05948401,0.05230925
0.035918925,0.04313962
0.068431325,0.063524365
0.038132243,0.04175945
0.052950338,0.04498642
0.04663694,0.03687456
0.04935682,0.037823357
0.03267416,0.052291915
0.0532207,0.040543854
0.041907985,0.06100615
0.04212502,0.039682154
0.047762323,0.04454275
0.05386651,0.042097215
0.038328864,0.047360122
0.04650558,0.0591667
0.046411805,0.047026534
0.037720487,0.036824755
0.038306393,0.030715741
0.04202324,0.038945705
0.04228419,0.04132074
0.049447455,0.032927077
0.04624892,0.048203703
0.0438725,0.026326751
0.02568067,0.053140935
0.053416114,0.043398958
0.028481368,0.01931961
0.0943086,0.06764466
0.028010624,0.02525586
0.048120823,0.027289277
0.056376424,0.04881538
0.05038869,0.0393577
0.048132375,0.029909255
0.043242067,0.04044079
0.0435846,0.054481544
0.046769302,0.058413267
0.039889533,0.044949938
0.033163927,0.061111204
0.03537951,0.049522255
0.046487797,0.042811126
0.11938584,0.036780674
0.04600753,0.031482596
0.045913246,0.05444939
0.04693538,0.069360346
0.048425246,0.03784232
0.054142375,0.041435696
0.056247436,0.043004055
0.04995737,0.03554367
0.052019943,0.035296805
0.040494747,0.030441334
0.041418288,0.03295146
0.047291446,0.051256213
0.04747318,0.041298535
0.049721234,0.046149947
0.040832795,0.034551885
0.0459361,0.048172686
0.0664843,0.037430353
0.043786332,0.04641726
0.06601677,0.036106896
0.045712527,0.031047821
0.051932514,0.036577508
0.04055096,0.03240656
0.042421907,0.051464684
0.051492587,0.056522906
0.042112213,0.037677046
0.05629163,0.07167886
0.055299558,0.05967704
0.04439912,0.036643326
0.05583515,0.064487815
0.14309977,0.15058643
0.8436646,0.5626449
0.042856745,0.05056228
0.0437546,0.037401207
0.04795484,0.063840486
0.05308984,0.052078612
0.052025266,0.02770546
0.040071644,0.048038386
0.11733352,0.9683042
0.052932795,0.03800811
0.041857243,0.070054874
0.03590859,0.060404766
0.045765795,0.038524743
0.050858054,0.0722129
0.0332283,0.078396305
0.049682334,0.03768606
0.041408036,0.044023775
0.04485879,0.02238751
0.033747517,0.032923024
0.06227282,0.04603836
0.03765284,0.03337522
0.060305193,0.07061415
0.048190054,0.04561517
0.057618614,0.890625
0.056054346,0.047217123
0.042196278,0.037813388
0.049529407,0.056017004
0.056692436,0.046769474
0.053880237,0.5131389
0.036072996,0.040786356
0.032018628,0.06695156
0.04674098,0.032588284
0.055570185,0.06242427
0.05407989,0.038472522
0.038637698,0.046293035
0.057875548,0.033231933
0.03783366,0.037478697
0.03765984,0.044620436
0.021460345,0.019749498
0.043405034,0.051922124
0.040371817,0.06537562
0.06319723,0.04907723
0.053759255,0.048792604
0.042011,0.047467757
0.036175933,0.04281045
0.05353798,0.047341477
0.054312743,0.04108777
0.03518366,0.032908738
0.052982524,0.047188226
0.06772138,0.032975715
0.0651009,0.0966644
0.057316188,0.044926677
0.042853136,0.051343456
0.045004062,0.1644115
0.033955056,0.029182106
0.05172912,0.044595886
0.05366274,0.07023307
0.049666677,0.04693197
0.045288417,0.05994868
0.031802014,0.029497849
0.05837516,0.04132122
0.054493047,0.05197179
0.051708553,0.056366175
0.039849367,0.036544893
0.05665171,0.034465387
0.06339268,0.0586305
0.043821648,0.04158812
0.05028254,0.047189295
0.04212792,0.04147135
0.050345827,0.03178097
0.05447389,0.042118788
0.04430307,0.03541128
0.05726236,0.032498457
0.06585751,0.03960285
0.04600113,0.042148978
0.045185637,0.039745305
0.036715154,0.044932622
0.042889085,0.04635339
0.03556088,0.025934963
0.038750146,0.04015094
0.043600142,0.048124794
0.048662785,0.050129693
0.03354989,0.042347282
0.07674561,0.049475193
0.079118505,0.053000603
0.042561207,0.040366054
0.043198433,0.033100504
0.043994483,0.048999544
0.059205025,0.049970124
0.04262521,0.02777131
0.04810239,0.035860162
0.032967765,0.043229572
0.043642603,0.06307352
0.04469881,0.034749728
0.04761828,0.06367318
0.09425595,0.03928361
0.03796911,0.03716269
0.034777936,0.035844907
0.05206251,0.04685643
0.047723435,0.056479998
0.034984503,0.053181157
0.042170204,0.055375267
0.051176693,0.05874386
0.06783999,0.037565857
0.11756881,0.041765198
0.04726851,0.0476416
0.03917324,0.045417804
0.05782793,0.0513372
0.038559012,0.034265064
0.042133577,0.05267062
0.043572713,0.038963683
0.04709733,0.046132483
0.043882642,0.045504037
0.051940564,0.04633612
0.046687774,0.066805325
0.051474486,0.043930415
0.050782297,0.03447622
0.039696015,0.035380054
0.06253919,0.029852204
0.06498481,0.059649628
0.049479477,0.040349264
0.058595736,0.094252445
0.06771562,0.06431356
0.052932665,0.044237357
0.049564302,0.03591071
0.072142564,0.046331618
0.0436785,0.029703606
0.047390528,0.037039604
0.056423817,0.026548926
0.05425779,0.04228402
0.0401284,0.036855564
0.058503885,0.057395425
0.035819784,0.081175275
0.047722615,0.027707942
0.09692267,0.0469462
0.03222101,0.049287733
0.026733693,0.052783214
0.04751278,0.044013828
0.03290441,0.05196884
0.058214866,0.042325925
0.052858915,0.04048905
0.05376773,0.06560625
0.32547858,0.060974017
0.052466758,0.053556606
0.042919695,0.043683976
0.042728633,0.022678878
0.057172764,0.043057434
0.03291622,0.045115475
0.060132176,0.082136124
0.054419216,0.03497033
0.04467225,0.0413748
0.05710105,0.06974555
0.049338862,0.05026522
0.06976732,0.055518683
0.051131528,0.05544821
0.056992162,0.04863911
0.06422236,0.04731245
0.038295656,0.039592028
0.11470952,0.024700338
0.7034167,0.037891526
0.05075719,0.056930464
0.03883715,0.038964503
0.037997864,0.03745016
0.058968816,0.062276766
0.03791639,0.03742039
0.03852854,0.029847788
0.046597615,0.0567056
0.030573297,0.03339994
0.032921698,0.043853994
0.022789987,0.05665738
0.047425088,0.0461884
0.053193524,0.03920931
0.032207817,0.053400706
0.028671144,0.06289741
0.04356732,0.03326908
0.05261859,0.4587995
0.031029308,0.03604534
0.044898927,0.050565712
0.039389137,0.05134304
0.04354213,0.063370846
0.034403533,0.05069687
0.048415177,0.03704767
0.06500156,0.07844568
0.052282993,0.032004118
0.0422349,0.046473436
0.046276562,0.057097707
0.05160845,0.059247073
0.052003637,0.034354333
0.056060266,0.06326593
0.048082728,0.042765312
0.03757553,0.04501466
0.01588862,0.039404128
0.06684246,0.0522974
0.046150822,0.037626747
0.04570503,0.04975431
0.081357,0.06789685
0.051735587,0.06564864
0.048486605,0.06708232
0.039298777,0.04798496
0.0476449,0.0434867
0.05749174,0.0234939
0.06819055,0.058202524
0.04192582,0.06928719
0.06801805,0.053865142
0.04571701,0.058538254
0.04628507,0.03989543
0.05239263,0.051708978
0.04143349,0.03262361
0.037913345,0.031816743
0.029887162,0.033654705
0.08395692,0.056322657
0.035165712,0.044935074
0.061568696,0.06572904
0.03708705,0.042752765
0.06002459,0.04627887
0.040330313,0.039385483
0.046063595,0.039614435
0.06098212,0.06861312
0.047425594,0.036674213
0.04671226,0.037573718
0.048750196,0.062304024
0.04936714,0.02956313
0.04494617,0.0410265
0.05856647,0.04132107
0.06453793,0.05034236
0.04435652,0.037478697
0.049036305,0.06683641
0.032220684,0.03253365
0.030798098,0.0365799
0.14953808,0.030110007
0.041011937,0.077291206
0.03653949,0.03635389
0.06288461,0.07295918
0.021021714,0.040708758
0.035562575,0.037131686
0.06798452,0.048239574
0.047361273,0.045834087
0.03885617,0.053428095
0.046866924,0.028273147
0.039848972,0.0340985
0.04999122,0.026204823
0.07730071,0.042515244
0.048229802,0.05242757
0.05350101,0.09176571
0.04834673,0.063816376
0.05034194,0.057943452
0.04098041,0.037786983
0.037617195,0.060281944
0.054826483,0.04960331
0.05844077,0.08483745
0.08508793,0.030493446
0.038279146,0.03187962
0.03460762,0.055211216
0.056542948,0.034523174
0.06324242,0.03465222
0.038740825,0.056121904
0.031190123,0.034640774
0.053893015,0.054866437
0.036645662,0.038743127
0.03738168,0.034078475
0.047689475,0.038771465
0.041639928,0.043891154
0.056028426,0.04740607
0.036929894,0.03763453
0.042596456,0.040378228
0.05371413,0.03567165
0.45617557,0.1472292
0.08681285,0.048555873
0.037143085,0.048479408
0.03955632,0.05794977
0.058557548,0.07425874
0.07199267,0.045191478
0.049668655,0.05936098
0.043587226,0.054966222
0.038764313,0.03953996
0.06022985,0.05065208
0.053938698,0.05399713
0.051373336,0.049290266
0.048626382,0.047692094
0.032128714,0.052788768
0.05727597,0.05702566
0.053243812,0.062280066
0.02544308,0.0435756
0.0493451,0.04196145
0.044347923,0.034837633
0.048599213,0.049762443
0.042068306,0.054724682
0.037534896,0.031830907
0.05822845,0.0327644
0.013716013,0.04666372
0.047107685,0.04084767
0.045892183,0.03966132
0.049505275,0.051260304
0.051128354,0.045297317
0.05511833,0.05351245
0.02553695,0.04029077
0.032450244,0.049030453
0.03917343,0.036827892
0.046128046,0.0337365
0.039775535,0.045926813
0.045685045,0.04537951
0.034285877,0.03337687
0.7607725,0.03791737
0.060135566,0.060264476
0.051080067,0.037469678
0.0448225,0.060822077
0.048891764,0.045266848
0.04894505,0.06060237
0.043685697,0.07131233
0.042574257,0.036942672
0.045267783,0.06009002
0.048240643,0.06734402
0.03774031,0.03553853
0.06439296,0.046662692
0.059091393,0.07159652
0.054573137,0.04381076
0.054528642,0.039847385
0.03825344,0.05790708
0.035683975,0.035277974
0.052580867,0.05934271
0.034206428,0.041241415
0.053196505,0.035030473
0.054820042,0.05414634
0.06518908,0.045235787
0.05056298,0.058501028
0.055065338,0.11365478
0.09179319,0.048290286
0.04571188,0.032374866
0.029307794,0.036526848
0.057243906,0.0287821
0.039193086,0.03087012
0.053757347,0.08556173
0.0509345,0.09051524
0.052906685,0.05122909
0.05823348,0.05520243
0.034951586,0.047792535
0.05654749,0.04039482
0.07290038,0.059915826
0.04400822,0.06057319
0.0377512,0.042173393
0.043081254,0.04709187
0.047378328,0.033654705
0.05651131,0.060747363
0.046899077,0.052291103
0.059610073,0.048831996
0.036823574,0.06356891
0.03328902,0.055434156
0.06390517,0.038303774
0.044611134,0.04215291
0.06275873,0.049658373
0.053848915,0.048060004
0.04116905,0.040784672
0.031637162,0.04511683
0.14192498,0.033356953
0.040141694,0.02693478
0.04151951,0.039857723
0.050515484,0.05331253
0.05520763,0.064581044
0.05905791,0.045887664
0.034839295,0.032019865
0.03879892,0.048882533
0.06276848,0.039757762
0.050181653,0.034403145
0.047338407,0.10572845
0.03285815,0.025752759
0.040979184,0.053325817
0.050274264,0.0340354
0.052050516,0.06598557
0.04147622,0.023989562
0.032385204,0.056742784
0.065919936,0.05453256
0.057787348,0.028520798
0.033523496,0.032033965
0.046644483,0.031272847
0.045511037,0.039313775
0.049179923,0.05634987
0.048546292,0.03409795
0.03991376,0.038105316
0.045862217,0.036314238
0.044433963,0.037520535
0.041106585,0.065844975
0.062556975,0.052483287
0.09687647,0.039709106
0.20575145,0.06723717
0.07192313,0.07038724
0.058069553,0.039973337
0.046258777,0.057177473
0.051237676,0.04874683
0.056763053,0.05030507
0.060238995,0.061413426
0.046241377,0.048068132
0.05052814,0.040109932
0.056902908,0.057452872
0.060248345,0.05231928
0.04040073,0.0413581
0.0458313,0.06548203
0.047030486,0.04619616
0.066808365,0.05467414
0.047559336,0.023503987
0.053912118,0.038019028
0.026599161,0.048291292
0.048543107,0.07554026
0.04145064,0.039895758
0.15067787,0.036075845
0.05177119,0.04366531
0.058170732,0.06231465
0.04592675,0.0603548
0.03256665,0.03663703
0.072567545,0.033857524
0.040237885,0.04351352
0.031405505,0.04262493
0.038043853,0.0397956
0.027396504,0.045951314
0.04817034,0.04698319
0.041633874,0.08028026
0.06500175,0.045196462
0.042861238,0.056225844
0.05699121,0.04717408
0.055780638,0.046971932
0.0580471,0.04410876
0.038239785,0.030228877
0.038726468,0.023970928
0.037966195,0.071238466
0.04968571,0.06616547
0.08842455,0.04028629
0.06179562,0.026944332
0.040228005,0.04689551
0.040224712,0.04524206
0.061038844,0.03376223
0.062446646,0.049389746
0.06674816,0.05344425
0.049487375,0.04713487
0.035422098,0.047847074
0.04829755,0.05330337
0.050218992,0.040535964
0.044409066,0.028133633
0.038931068,0.04061719
0.05452206,0.058788344
0.044236977,0.04428044
0.05378994,0.04416931
0.014432853,0.0392448
0.027025856,0.04316806
0.04770058,0.034555588
0.04033,0.03524243
0.06001392,0.044490747
0.03142983,0.037291136
0.046410657,0.047508635
0.098625116,0.052425362
0.047569677,0.16765131
0.05080925,0.08576465
0.0521583,0.044439442
0.061259396,0.06914174
0.049153738,0.040206112
0.048409812,0.042498305
0.06318531,0.1394877
0.02498635,0.03178179
0.06957343,0.05954405
0.044305574,0.02936146
0.04756125,0.009204861
0.052130066,0.06393505
0.045276817,0.038913343
0.057490863,0.060084317
0.042688243,0.048764165
0.059217338,0.053089216
0.040893152,0.04447737
0.03241602,0.035340764
0.04238929,0.032360636
0.04292214,0.032922957
0.0380965,0.061274707
0.040781904,0.055746038
0.040573277,0.032533232
0.0570181,0.060877815
0.054157555,0.035948757
0.033957016,0.052064493
0.04725912,0.045263547
0.04410862,0.04360736
0.063794866,0.06338718
0.039756734,0.048579678
0.037306536,0.039233357
0.049891375,0.05911896
0.045420524,0.055095278
0.0671128,0.042680934
0.048234336,0.04001559
0.021679822,0.036938027
0.05035899,0.062379327
0.03354481,0.05493164
0.05022414,0.033941366
0.035474624,0.03557439
0.05211738,0.033416346
0.050918553,0.025103481
0.03410684,0.047527958
0.030531783,0.0363126
0.04655047,0.039427757
0.04982945,0.049024355
0.034984108,0.04577826
0.048597753,0.05393317
0.06596175,0.032652747
0.043892145,0.039953597
0.0373197,0.04725343
0.044143017,0.055502445
0.047190692,0.062167734
0.043175932,0.06610829
0.031876706,0.049495194
0.037752427,0.051090043
0.03245167,0.030819766
0.042660207,0.04398001
0.047471967,0.05598253
0.05836271,0.03454352
0.064464286,0.051101103
0.03713556,0.8412982
0.03818106,0.04323661
0.047980685,0.067078054
0.041852348,0.047675416
0.056590464,0.052494872
0.039292186,0.05611611
0.042516235,0.046129838
0.039323986,0.044693574
0.04583501,0.036430333
0.03874381,0.030138971
0.036737353,0.05064093
0.059329487,0.037680324
0.0457626,0.044043336
0.045497593,0.040843036
0.04272709,0.037990578
0.052363083,0.029070178
0.048721954,0.059333615
0.048702575,0.034826126
0.0470271,0.05296904
0.069281496,0.03786163
0.055854823,0.04718593
0.05049151,0.039701607
0.04710807,0.046805672
0.045218255,0.045422263
0.041404944,0.043983858
0.05576928,0.04098757
0.052259456,0.07278958
0.06616448,0.043893386
0.44356644,0.038335413
0.04527784,0.028704587
0.057378124,0.06386689
0.07426398,0.05273414
0.13782288,0.047346592
0.06988734,0.053508844
0.042283483,0.03562401
0.042491786,0.06301391
0.06266337,0.060945865
0.063006796,0.033406116
0.045228124,0.039923124
0.052385025,0.022168877
0.054033205,0.048350684
0.05191411,0.046798196
0.05468747,0.0594228
0.042788837,0.044429693
0.03271045,0.06917783
0.06312366,0.0234772
0.04381818,0.034531534
0.060767204,0.04419108
0.04414816,0.04274802
0.041874047,0.050456792
0.04146674,0.035858992
0.065499395,0.024252985
0.044740677,0.044918373
0.03988198,0.03231637
0.0382649,0.04157896
0.04227969,0.04888194
0.039870612,0.038417503
0.0628291,0.038790274
0.04885244,0.07160954
0.05562326,0.07018933
0.13893557,0.06821881
0.04285134,0.04630025
0.039294448,0.061187275
0.05449615,0.061352897
0.12266264,0.03773519
0.044686813,0.059781417
0.027300455,0.030135179
0.039513286,0.038173996
0.057406336,0.06421926
0.045772325,0.27752605
0.043147013,0.04819859
0.04202755,0.04990059
0.040509593,0.028908303
0.047726955,0.06360651
0.039892443,0.03657484
0.060712326,0.060188167
0.04379134,0.034397516
0.044809803,0.06742922
0.040870193,0.044368904
0.041225523,0.03647805
0.074118,0.041017666
0.04564708,0.03828529
0.049599316,0.06337828
0.04250439,0.035270233
0.050859768,0.045581747
0.06019304,0.23021331
0.056903657,0.048882946
0.038832434,0.05415849
0.039549477,0.07010888
0.052130066,0.045807898
0.04585876,0.032160703
0.029598132,0.06377297
0.038119223,0.052178573
0.05345758,0.05336582
0.040081654,0.057110276
0.049164243,0.038029116
0.05086784,0.03761173
0.054447405,0.04342495
0.046467777,0.06284097
0.040319532,0.023304755
0.03268859,0.037862726
0.04870646,0.04590305
0.041889824,0.04241911
0.038980544,0.042279124
0.04832058,0.032235164
0.058594476,0.030446712
0.07108459,0.026496606
0.04121984,0.042770337
0.038269434,0.047508635
0.036997814,0.056926947
0.02342767,0.07583529
0.06339124,0.040617604
0.08705615,0.058897942
0.05294331,0.04102473
0.07154309,0.03936356
0.05058536,0.047399927
0.045248434,0.0593419
0.044640895,0.032745507
0.043309614,0.039323032
0.037591998,0.04549687
0.0883084,0.031873696
0.0445629,0.04216972
0.049635738,0.03353378
0.046527322,0.05166218
0.037453756,0.036602657
0.053949576,0.02888945
0.04082196,0.04308277
0.03185599,0.040717393
0.06198678,0.048094038
0.04753468,0.038022436
0.055947427,0.041555267
0.037754305,0.039061982
0.05941913,0.055447206
0.053510256,0.04706184
0.05947837,0.063887045
0.038573835,0.040142108
0.04294876,0.051403128
0.054051924,0.058085777
0.05055554,0.037750885
0.04125575,0.030311536
0.05319688,0.030523699
0.048497315,0.0547395
0.034714032,0.024922807
0.039317142,0.03693516
0.0630922,0.049367122
0.051792335,0.069947585
0.0406843,0.041252475
0.09033375,0.04321521
0.029329637,0.042556055
0.039231546,0.04085248
0.04064741,0.12822297
0.06602521,0.04287692
0.039595615,0.042446367
0.053402122,0.02617633
0.04409475,0.046596568
0.03272318,0.032447875
0.0574154,0.048666347
0.051134583,0.26858565
0.041902512,0.058633693
0.039406467,0.8452679
0.042206965,0.05110519
0.041266195,0.047028895
0.056095272,0.040778816
0.058380436,0.06192757
0.063286915,0.11000753
0.050142717,0.06790301
0.046117745,0.031899564
0.04362378,0.039303087
0.044078838,0.034053914
0.052465804,0.06220911
0.051948242,0.04633201
0.036950327,0.043790866
0.05876664,0.031150088
0.05021085,0.041216627
0.04795714,0.042764895
0.05240411,0.0369463
0.04717107,0.049581755
0.04808152,0.055037964
0.044763383,0.044700067
0.045903835,0.05381821
0.034869544,0.019915933
0.041149136,0.031261493
0.13445511,0.054468736
0.04532269,0.06582827
0.037860423,0.05085528
0.062985264,0.062291477
0.044557128,0.07237395
0.05846541,0.10019453
0.05898697,0.046482816
0.04031631,0.04064338
0.042858347,0.053180434
0.053409778,0.049366575
0.055283904,0.1745209
0.03639129,0.047515366
0.042748377,0.02940508
0.059756987,0.050198812
0.05356045,0.03313724
0.33208424,0.05869848
0.03191239,0.021291722
0.044420548,0.037449613
0.04059676,0.032594405
0.07156856,0.0686578
0.04055624,0.047782853
0.048606362,0.043467615
0.067737624,0.061781485
0.047185387,0.0563399
0.048441257,0.042657744
0.044774476,0.025740407
0.050719112,0.048019957
0.034934733,0.05330431
0.057333,0.050619356
0.052451476,0.0526123
0.039165087,0.03479152
0.059106767,0.042232413
0.04583501,0.05150272
0.04099801,0.04962379
0.046709392,0.045847725
0.030416336,0.042289093
0.046555907,0.044172153
0.04801994,0.032318424
0.04874426,0.037341673
0.049191076,0.119164236
0.035116874,0.03550369
0.049665533,0.039464198
0.04321051,0.036863357
0.041236546,0.034968756
0.047188584,0.048342157
0.047126353,0.03329249
0.044918284,0.057057116
0.052142885,0.023595696
0.05512099,0.06063081
0.038844977,0.042160913
0.18398568,0.05828163
0.05002386,0.02719548
0.052073363,0.05566221
0.046754718,0.0319451
0.07013857,0.063418284
0.06536895,0.053637877
0.029899484,0.034306888
0.052335188,0.027317453
0.10621975,0.034177363
0.033559088,0.06991036
0.049990144,0.039747905
0.04202601,0.03547268
0.04297698,0.026729414
0.03325426,0.04276247
0.03423944,0.05503862
0.044970468,0.07220371
0.03009293,0.01774287
0.03841463,0.035898745
0.039950892,0.032805346
0.046938065,0.034460865
0.041462045,0.64581084
0.025474416,0.053203277
0.031245988,0.078095175
0.05513563,0.059287228
0.03552832,0.036891643
0.036984645,0.036439087
0.04366803,0.037422575
0.049595878,0.030707128
0.049922235,0.048451036
0.051355865,0.04561281
0.052046835,0.0434867
0.051049635,0.038401887
0.043965854,0.041474607
0.034709215,0.037500337
0.04825851,0.10937934
0.05357691,0.054726824
0.043646384,0.063325845
0.036596987,0.042101018
0.032593545,0.04856711
0.04465724,0.048038732
0.07508071,0.06158679
0.040848333,0.045614492
0.05738072,0.045626186
0.039804667,0.035624556
0.047981072,0.06747272
0.043810535,0.0673267
0.052569397,0.035503283
0.0318937,0.036416933
0.04082518,0.04235386
0.03744189,0.077395104
0.059249666,0.048966076
0.04625103,0.04981372
0.045914017,0.035283174
0.045462932,0.058583286
0.050114848,0.058831252
0.048643347,0.045987274
0.04089503,0.034826268
0.04504726,0.054448713
0.05497229,0.06093535
0.05267595,0.037657797
0.07034888,0.037061736
0.04542591,0.035606086
0.046742704,0.046450704
0.079985805,0.041860767
0.042898796,0.044235587
0.041024957,0.050062783
0.044866104,0.0391598
0.05102549,0.053181704
0.046612896,0.052238118
0.06488136,0.056708727
0.044455327,0.039167363
0.04265615,0.059704997
0.05481334,0.06367438
0.044295244,0.053481784
0.051811054,0.051791932
0.054692023,0.037529618
0.04089806,0.060966104
0.06564324,0.072775744
0.04993637,0.06331495
0.04987362,0.052243147
0.07209229,0.032265145
0.05169973,0.051908202
0.038488343,0.03799638
0.04084182,0.04145655
0.04498361,0.033242445
0.033201884,0.0803388
0.044267386,0.04039659
0.04407742,0.034902655
0.05284928,0.034882095
0.04138716,0.050628275
0.04981283,0.040264517
0.042775065,0.0360242
0.031359985,0.2373573
0.04250941,0.040130194
0.17241666,0.05700612
0.049936563,0.0890738
0.0552171,0.057018884
0.051563498,0.06146132
0.08172702,0.058984198
0.058529884,0.0761499
0.04369167,0.042261355
0.05312537,0.050331037
0.04700908,0.049376324
0.46419293,0.41337422
0.050497748,0.06592666
0.04488976,0.03168657
0.044410862,0.04157848
0.061380856,0.040834073
0.059518706,0.05381609
0.04840433,0.0643674
0.05131808,0.04480416
0.036535203,0.03132379
0.050360832,0.036738586
0.061033085,0.062717095
0.031692527,0.05799091
0.03584219,0.05307678
0.033728167,0.04178483
0.05042347,0.03026114
0.036887407,0.044710144
0.059480112,0.050314184
0.046591662,0.043865778
0.033209845,0.028975016
0.051834527,0.047294658
0.063277684,0.05935191
0.046991374,0.054614402
0.038724978,0.037087902
0.035297394,0.0382246
0.044850647,0.045578096
0.051718958,0.06172273
0.041032765,0.044835374
0.0606539,0.053754386
0.04621008,0.042812962
0.06373869,0.06802278
0.04945452,0.02743947
0.042491976,0.046358984
0.04647168,0.054065786
0.07304877,0.05420728
0.04358248,0.054673947
0.038470354,0.05280186
0.035773065,0.03914686
0.038840324,0.03734542
0.04114436,0.040817637
0.043811884,0.05099476
0.0516186,0.056199897
0.042606037,0.059221108
0.046103597,0.04120738
0.040808287,0.04675275
0.052838825,0.038297903
0.03427396,0.03659247
0.058760088,0.065053135
0.07001561,0.039404064
0.054735117,0.06402952
0.040898964,0.034693476
0.20580126,0.03522724
0.045379456,0.02275333
0.048882212,0.051573236
0.05064455,0.035698265
0.042621095,0.043065432
0.04718986,0.042149175
0.032969985,0.06312902
0.06438679,0.035560366
0.047237977,0.036658976
0.03397994,0.029125841
0.038070783,0.057497922
0.035418782,0.039967895
0.04592291,0.04074736
0.038521867,0.041328218
0.04314836,0.04005756
0.04387501,0.054494485
0.054928645,0.042758886
0.052764367,0.055932254
0.045195695,0.0465466
0.05964457,0.064502835
0.0547959,0.040045775
0.04850197,0.040472332
0.032641724,0.044633485
0.06659317,0.06194156
0.04109833,0.03400199
0.052763604,0.06250073
0.098089926,0.0642186
0.050867334,0.05909815
0.0402231,0.03809078
0.0464175,0.04281377
0.04585499,0.046061505
0.044463217,0.056164354
0.05877617,0.035629835
0.03600246,0.042227034
0.043012723,0.05374973
0.0543718,0.04607532
0.038925827,0.029170861
0.049408026,0.036608122
0.05561537,0.039870314
0.05020601,0.046655413
0.037502754,0.037324667
0.04654587,0.054207083
0.04653359,0.035386283
0.05037075,0.075606056
0.033713046,0.03269088
0.046960954,0.040553495
0.03367981,0.0462303
0.055611275,0.03516047
0.05115891,0.04763596
0.044670515,0.037196223
0.062567905,0.042370275
0.06727269,0.054379813
0.07533492,0.052960884
0.037589725,0.044277534
0.059929837,0.040318727
0.043081384,0.034789544
0.047287554,0.035042528
0.057060875,0.042114176
0.044156756,0.07661448
0.053160783,0.04338134
0.042950362,0.047992304
0.039493706,0.046592306
0.034169495,0.039937466
0.04768615,0.04739186
0.053381536,0.05609622
0.054399047,0.044573527
0.045033865,0.04301516
0.05023419,0.040338248
0.05420935,0.026294172
0.041919,0.037516918
0.03236208,0.035103757
0.052283116,0.037163097
0.040380012,0.04224496
0.04056863,0.03340982
0.046378795,0.04658706
0.041276123,0.054773033
0.047073368,0.06441511
0.027858265,0.035700656
0.050479557,0.037525594
0.0542829,0.0692166
0.0380862,0.051897753
0.031037096,0.04481618
0.047775213,0.037467297
0.03730245,0.055504106
0.04975937,0.05538893
0.05460499,0.03655919
0.054974947,0.08395772
0.03678134,0.055640023
0.055510152,0.029374434
0.058954682,0.06026323
0.037521876,0.030808957
0.05594718,0.047488764
0.044317186,0.043914568
0.05945671,0.06452841
0.038634405,0.040689323
0.050399307,0.04541955
0.04268882,0.028963966
0.053526897,0.054504625
0.03975125,0.041411065
0.05486401,0.06707688
0.04276015,0.027212573
0.06253493,0.0629063
0.047899947,0.24469452
0.042338576,0.028280819
0.033230714,0.032889437
0.05793706,0.046057723
0.058575757,0.03864007
0.06115917,0.057857808
0.045036756,0.03740605
0.03373787,0.06268194
0.0424647,0.03329201
0.051468898,0.02907502
0.05426917,0.03908651
0.04274285,0.05754256
0.03966397,0.04721793
0.02807398,0.030294716
0.03170854,0.054170907
0.036547534,0.041323803
0.05588145,0.031565048
0.050919443,0.065813914
0.042092834,0.033110462
0.05215836,0.07793318
0.056756623,0.040351428
0.062404096,0.029747346
0.042480204,0.052008994
0.054230414,0.06804794
0.04889005,0.039669976
0.036973163,0.04323086
0.044093978,0.044230185
0.04070869,0.038025714
0.047389828,0.047251288
0.04427907,0.03921633
0.057184666,0.048306156
0.054452274,0.03571914
0.0479304,0.029852968
0.057023454,0.06865173
0.047919672,0.047858987
0.043940168,0.0553185
0.04753813,0.033727717
0.20571612,0.082567975
0.04483917,0.048589427
0.040577475,0.044507183
0.055528205,0.054091886
0.08582567,0.057852365
0.045497015,0.030245697
0.03716519,0.033572834
0.054226805,0.046972476
0.0516433,0.043600585
0.056935925,0.11794765
0.044215154,0.03053782
0.045174673,0.03219137
0.06472463,0.040059328
0.044588745,0.029709268
0.046151146,0.038382117
0.048858877,0.060245022
0.04164521,0.029885659
0.043152984,0.043698337
0.03935023,0.06944007
0.04748608,0.03952947
0.03857124,0.043027356
0.037214667,0.029233541
0.058336813,0.040780522
0.03816235,0.03862078
0.038014058,0.042100735
0.06777527,0.035576105
0.03676681,0.0408111
0.054238506,0.037609544
0.044755433,0.040034212
0.0657599,0.8404526
0.04476543,0.024831481
0.061816446,0.062129788
0.22037661,0.43846774
0.045398045,0.034361318
0.03125494,0.034373865
0.042493653,0.03855317
0.04563312,0.056466486
0.051430162,0.09425852
0.036645662,0.041251734
0.047948774,0.030876808
0.041456368,0.033993423
0.04713395,0.037475962
0.049288534,0.045058314
0.06700464,0.038900662
0.05297587,0.046206757
0.04089161,0.05080225
0.040814474,0.04016482
0.04060225,0.057321545
0.8800481,0.1631918
0.057636417,0.05587315
0.059155542,0.041484114
0.042725805,0.02726886
0.047039054,0.033046316
0.053176366,0.069613956
0.043853886,0.052928686
0.042991318,0.046479974
0.04897456,0.064550266
0.044072155,0.04761609
0.046377774,0.0501982
0.04243857,0.044840794
0.045719817,0.03939167
0.13222736,0.04241231
0.038534034,0.040786643
0.054123595,0.04146591
0.038193878,0.043387152
0.047998875,0.053362824
0.050467227,0.06582843
0.06255955,0.070228495
0.03673067,0.04116541
0.048215445,0.092694014
0.043485984,0.04932393
0.05867856,0.045012496
0.033407833,0.056544784
0.049517684,0.046427645
0.04255065,0.05126802
0.04398421,0.070061274
0.059414547,0.062169395
0.04090148,0.04389299
0.05395995,0.037347544
0.049297396,0.033616967
0.038062885,0.04571231
0.0589025,0.043602813
0.044552766,0.041796084
0.041987445,0.04844096
0.02184306,0.0507991
0.045457873,0.03893364
0.032490976,0.04722663
0.057356425,0.052354056
0.052496873,0.062543884
0.039960515,0.036450014
0.057054263,0.0804821
0.050685488,0.020120554
0.036095396,0.054301273
0.061955206,0.037686322
0.04579019,0.071587645
0.03917809,0.050269175
0.046152364,0.040450428
0.048643984,0.035437968
0.051231634,0.030354489
0.04534781,0.042168036
0.058939796,0.061323825
0.042596515,0.040610194
0.04012917,0.04873949
0.046683107,0.063863985
0.06820524,0.034090605
0.0302613,0.031459328
0.09858909,0.05083611
0.05576851,0.027992785
0.04469964,0.043240197
0.04125291,0.059376568
0.03725448,0.03858595
0.0422011,0.052982416
0.030323137,0.029153045
0.053826645,0.0403906
0.0505469,0.052433863
0.052543916,0.04320979
0.036219373,0.029692851
0.82272685,0.9034005
0.043811366,0.031858984
0.04012407,0.03409219
0.061613295,0.050185915
0.04298984,0.046306174
0.044460904,0.055105463
0.046255127,0.04041685
0.054421864,0.05036142
0.030956684,0.050509166
0.07016394,0.045025807
0.04434998,0.060061887
0.0317275,0.04596089
0.047496047,0.037142266
0.045333076,0.042828266
0.0463225,0.037682302
0.045036685,0.04027466
0.04187501,0.061353423
0.040507913,0.039199233
0.051047415,0.0636139
0.052367717,0.05235172
0.055515587,0.8037891
0.06048429,0.056777213
0.04407749,0.05412072
0.05400037,0.03410323
0.04376263,0.043091446
0.03084798,0.048570998
0.04724839,0.031320557
0.045012653,0.039801657
0.04825341,0.05972618
0.04679666,0.04636303
0.041036375,0.037458006
0.045440067,0.07427257
0.046944648,0.050918013
0.060412984,0.047995802
0.03673858,0.034394097
0.04771801,0.041539572
0.05224424,0.04618995
0.07231378,0.055859312
0.041389227,0.046933874
0.05351493,0.052612912
0.04074701,0.04092608
0.029807854,0.043861516
0.041242983,0.056006685
0.045916762,0.03502911
0.04211929,0.037187546
0.04266792,0.017745603
0.042143304,0.06954659
0.05119238,0.047297083
0.034712926,0.050087288
0.046135083,0.047645252
0.041287653,0.037576713
0.059410773,0.032660782
0.057220057,0.06031895
0.052528948,0.039725564
0.050709073,0.045777384
0.046335742,0.030744605
0.06556084,0.05355125
0.048624475,0.035920154
0.04954679,0.040292148
0.055397414,0.033992536
0.050884876,0.047889523
0.04816096,0.04213269
0.06231987,0.023990262
0.03431101,0.03882373
0.03592516,0.0544956
0.03413661,0.034349523
0.05482832,0.06105752
0.041877333,0.043733794
0.03769411,0.04417283
0.038695406,0.018551344
0.049995415,0.06077274
0.05280587,0.05128664
0.03959568,0.028991869
0.046453957,0.021717174
0.033617496,0.051072776
0.046065968,0.06822189
0.03356586,0.03940966
0.040737335,0.032130517
0.042152114,0.039207812
0.044752542,0.048671726
0.06192444,0.05003441
0.10996518,0.043572627
0.07581748,0.068269804
0.05413972,0.05859994
0.03913761,0.030942101
0.041737832,0.05126218
0.031224722,0.06496043
0.04014376,0.046430483
0.13790174,0.07673419
0.034611978,0.025777731
0.048588637,0.03953935
0.048905343,0.02651594
0.047719613,0.036043078
0.039004274,0.05604883
0.041277796,0.052578855
0.04234694,0.03536719
0.031064121,0.041054696
0.042902075,0.040292278
0.05376893,0.031681065
0.9086752,0.10265689
0.047511503,0.040998496
0.053261414,0.044269882
0.051176693,0.038511444
0.05442446,0.061280612
0.050626937,0.040721063
0.04670498,0.032622647
0.04363823,0.058084704
0.028128717,0.0556315
0.033334084,0.04783656
0.04585953,0.10995935
0.05220302,0.04575323
0.060031746,0.08320042
0.058985084,0.066302724
0.041344956,0.036707558
0.05447807,0.032316163
0.053959757,0.04715933
0.045277588,0.045531385
0.046898246,0.035695117
0.04091689,0.045562446
0.037970465,0.0607283
0.05516954,0.05417224
0.04237127,0.032197766
0.01986157,0.060119595
0.03025266,0.04000348
0.046208803,0.057838157
0.04912265,0.04199402
0.053383503,0.0467717
0.029000664,0.049544837
0.07563122,0.030713117
0.06478099,0.05462133
0.052502956,0.05149885
0.03678796,0.036591988
0.05460228,0.049580205
0.043195028,0.026381781
0.047880996,0.040959436
0.059456527,0.04614894
0.043132808,0.030709675
0.047790088,0.056016676
0.037297137,0.031757023
0.029564101,0.036607236
0.031599965,0.052488513
0.07063926,0.06429152
0.042407814,0.060828567
0.05655619,0.049371496
0.059079204,0.040278878
0.048838668,0.046560347
0.056006603,0.05753705
0.039723404,0.20883492
0.050662287,0.0648975
0.050668642,0.0391865
0.039867904,0.051258095
0.056288283,0.045711175
0.047833882,0.037632134
0.047119062,0.049077906
0.03529343,0.0456567
0.035158563,0.055079605
0.041446257,0.049720734
0.048516136,0.103123344
0.050814703,0.048722416
0.04614865,0.03136083
0.040727265,0.050352566
0.0499755,0.06347048
0.05638354,0.013781596
0.041165512,0.042313576
0.05267804,0.03149017
0.055514332,0.0379431
0.05846541,0.052948598
0.044397842,0.045606732
0.038098242,0.04916108
0.07133381,0.03352679
0.21621364,0.054223698
0.037961338,0.041039746
0.05095312,0.030969447
0.04211504,0.051115792
0.0465712,0.040543374
0.039573714,0.03945351
0.05395501,0.028472697
0.035000443,0.046352383
0.04788552,0.04245992
0.0503095,0.042015266
0.032823488,0.038924642
0.051864866,0.0619077
0.053961217,0.04250073
0.035668835,0.03823224
0.04981945,0.041580644
0.0216377,0.05080225
0.04331302,0.029487083
0.046728447,0.03869719
0.035874035,0.05476256
0.034849577,0.041105103
0.043651078,0.03873331
0.04429345,0.049147047
0.04277752,0.060633585
0.04713906,0.043629635
0.20732509,0.034788102
0.033755142,0.034114685
0.08009771,0.0512784
0.035366125,0.03935606
0.07376808,0.058659703
0.04456797,0.039148152
0.046883095,0.04586176
0.031833578,0.02508029
0.03975771,0.020142434
0.04441291,0.04045233
0.053309802,0.058686808
0.042050347,0.039405704
0.04021238,0.035884034
0.050199714,0.06630331
0.05184837,0.045069132
0.045664493,0.03202027
0.054873627,0.07008967
0.055896338,0.026221938
0.055636138,0.050674744
0.04490252,0.037659306
0.038280435,0.05978712
0.046332475,0.025567668
0.036315665,0.047441766
0.0863905,0.055385977
0.026327105,0.054226756
0.06988987,0.08859846
0.054429702,0.024775423
0.04977528,0.028882684
0.043716006,0.042127535
0.053794175,0.035936777
0.038455985,0.06723599
0.034475084,0.049639244
0.03558564,0.037849892
0.084793605,0.6734481
0.046859123,0.051666267
0.043915,0.054502223
0.048813045,0.049917903
0.049929433,0.045032103
0.036413174,0.04601932
0.048254687,0.05913944
0.05625701,0.04747543
0.052005667,0.035936024
0.029790089,0.039668337
0.044856288,0.10400977
0.05285359,0.036714595
0.049102765,0.05502863
0.038293973,0.031771474
0.03969078,0.031944618
0.05520491,0.034067087
0.045106996,0.06030214
0.06503255,0.056911733
0.06289604,0.052462567
0.044545192,0.028936828
0.03981772,0.043475334
0.057905726,0.3120949
0.04896602,0.020703303
0.03775107,0.051523898
0.049682464,0.0470059
0.041500445,0.04858022
0.044942327,0.061088666
0.04319805,0.03260643
0.03698945,0.04016143
0.047974367,0.045793187
0.04523158,0.02610554
0.053676914,0.052292854
0.05118489,0.031008082
0.046922147,0.06906901
0.04610744,0.041186333
0.042537265,0.035513207
0.060853582,0.115703635
0.11114388,0.06256644
0.047380112,0.049200863
0.06010421,0.033687234
0.07339758,0.04879092
0.052560646,0.044003006
0.04246451,0.039969664
0.04371915,0.049132597
0.051651232,0.04543549
0.0503193,0.052816834
0.05010976,0.03438436
0.043129593,0.035206962
0.90184283,0.0610968
0.038616862,0.023852637
0.05714575,0.048054602
0.039559234,0.05330444
0.0514703,0.053583972
0.099600576,0.063745186
0.048151903,0.046012104
0.03296548,0.047355138
0.046986457,0.026132578
0.048688672,0.041008092
0.035383932,0.03622453
0.051641587,0.0670534
0.06768108,0.03617871
0.059703667,0.052244153
0.06828292,0.04780963
0.052645337,0.037945896
0.04381587,0.0415091
0.053681213,0.06489125
0.04793844,0.057872802
0.043061774,0.040329
0.052569773,0.03272441
0.05561827,0.041952837
0.035887286,0.0722612
0.027580278,0.04817896
0.04670069,0.02998022
0.044115994,0.02888945
0.041229192,0.04614387
0.039916214,0.04167962
0.040558957,0.04347756
0.045669876,0.035330214
0.06416073,0.05236831
0.03460332,0.05813415
0.043851502,0.043689683
0.04309848,0.04787991
0.03562958,0.052784156
0.06802083,0.03682352
0.04389754,0.05982142
0.028298102,0.07393151
0.1541882,0.042412464
0.046968557,0.04159492
0.04541232,0.07301739
0.04948629,0.041958958
0.09288741,0.039635595
0.0353485,0.059321374
0.06621041,0.033931002
0.04903325,0.050953206
0.052117445,0.03124194
0.04488456,0.03766217
0.05416375,0.05053076
0.049844082,0.038854267
0.049759176,0.044912294
0.03759355,0.050063528
0.042074613,0.064865604
0.05540309,0.050090633
0.044925597,0.057040896
0.045770925,0.039270133
0.06254649,0.044438764
0.05389036,0.04689363
0.04899693,0.0540349
0.057648122,0.0368212
0.039285656,0.040209435
0.041351587,0.052683648
0.043926947,0.065476365
0.07259119,0.04606299
0.05456189,0.05768025
0.060374126,0.05971267
0.058696713,0.062774956
0.05875954,0.043014217
0.029007427,0.028433515
0.07984088,0.76669747
0.049657896,0.05609355
0.04222189,0.03636189
0.061823826,0.038080353
0.0877603,0.5458297
0.046564415,0.04679118
0.054662634,0.040204145
0.047603395,0.037650157
0.05152401,0.037393697
0.050271273,0.052779388
0.13848872,0.044634227
0.0668584,0.05388377
0.048315793,0.04462144
0.04969857,0.039768647
0.04970577,0.04430324
0.047643498,0.17577818
0.039402332,0.06926889
0.060965855,0.015707532
0.06887987,0.045401193
0.027784565,0.039710876
0.069465056,0.047343772
0.05518609,0.050833616
0.032123096,0.050450496
0.03569606,0.05231165
0.045744285,0.032632954
0.064089686,0.061413296
0.04947744,0.11432493
0.10453366,0.04865242
0.030242966,0.039887473
0.034063194,0.038712185
0.10859131,0.029592246
0.07558184,0.032529112
0.036927886,0.06333566
0.048618663,0.0478542
0.053732675,0.04666728
0.041771974,0.03253282
0.06611564,0.08450286
0.03425345,0.047786742
0.029503575,0.023252632
0.052405316,0.06363984
0.03156001,0.028913133
0.048761673,0.030384677
0.044686172,0.040986083
0.060291156,0.067464545
0.049668208,0.04185493
0.05269984,0.03024115
0.03861324,0.041463874
0.206303,0.064517565
0.03918552,0.04425196
0.04993859,0.04182811
0.062406104,0.050004944
0.03584642,0.058390774
0.052029457,0.07488053
0.044860456,0.041947547
0.04211575,0.03414911
0.03817756,0.037357446
0.048084643,0.039179694
0.048378054,0.036413237
0.041258782,0.06885503
0.050361533,0.033643384
0.03426458,0.059979983
0.03792176,0.047350287
0.050861552,0.042996403
0.05427468,0.024849677
0.035190232,0.036984213
0.05676078,0.045244288
0.061981082,0.043662116
0.054622754,0.038368747
0.04037343,0.038746525
0.03854982,0.04913837
0.051114503,0.054164894
0.04379635,0.035636198
0.037548833,0.041401006
0.06827251,0.0503539
0.062993616,0.51724523
0.045475487,0.051983964
0.0582448,0.049203683
0.068193965,0.03738243
0.04858564,0.050446734
0.039635863,0.047410443
0.067254886,0.04416214
0.05103337,0.037502382
0.04007132,0.048835557
0.058920447,0.048783336
0.04191256,0.036306106
0.04289385,0.04538377
0.06506537,0.051162615
0.053357158,0.039397944
0.047248837,0.05706807
0.03827882,0.07212356
0.047867205,0.057463583
0.057107214,0.08823317
0.03590482,0.028157284
0.04263441,0.043336574
0.039425977,0.05870213
0.04434991,0.039359055
0.088258676,0.0534385
0.0520188,0.17755535
0.060523573,0.05470575
0.046015467,0.04803825
0.04335325,0.038948566
0.052721776,0.049737062
0.051594667,0.052079204
0.07371314,0.065350264
0.049910784,0.045175936
0.056931138,0.03797837
0.06415008,0.20739378
0.05777451,0.0612878
0.051869754,0.061282642
0.03450861,0.035252027
0.044272143,0.038238097
0.03272403,0.033170957
0.047993068,0.03784724
0.03863045,0.04438722
0.03953158,0.0472799
0.027182149,0.025108062
0.033318233,0.035801254
0.04344037,0.053166598
0.03566773,0.043474983
0.049024075,0.054374676
0.046445448,0.07210356
0.05032458,0.05927079
0.05481258,0.03851649
0.031412106,0.045594316
0.050442424,0.051230423
0.043596543,0.049134478
0.040992334,0.03578065
0.055321727,0.037442442
0.050634753,0.04197008
0.056784287,0.031008782
0.041113034,0.05362157
0.053384203,0.051059026
0.046550605,0.04667537
0.044355426,0.062227607
0.045080397,0.049195357
0.071507946,0.041441754
0.038466025,0.034852784
0.041795805,0.03274839
0.050549686,0.048435103
0.032990925,0.045664396
0.031607408,0.047405656
0.05871594,0.051957734
0.0511382,0.032267004
0.062478326,0.06798173
0.0524575,0.04209599
0.026222477,0.04907756
0.054971356,0.03986426
0.0580932,0.050616797
0.0625513,0.03765357
0.03746574,0.04829608
0.04919502,0.04136155
0.045220498,0.03230873
0.039436515,0.056647874
0.062248323,0.046428517
0.051960044,0.039941423
0.04246553,0.04406303
0.0406327,0.030306783
0.037741993,0.040963303
0.045038223,0.041077103
0.05387036,0.042898018
0.051703475,0.16813335
0.04177738,0.047102932
0.065310724,0.063546576
0.063347064,0.06703275
0.04064302,0.0336357
0.025026223,0.043122943
0.032812394,0.07330153
0.04338306,0.055835266
0.060948312,0.061005626
0.06634597,0.06517528
0.053285357,0.03757822
0.043269,0.07158412
0.04971239,0.046128962
0.04408416,0.04769371
0.051754948,0.047060415
0.038028497,0.04487992
0.04980112,0.042847652
0.029849278,0.060102
0.03793044,0.06092457
0.06816569,0.0600632
0.03714756,0.021564128
0.036469128,0.027542993
0.058699287,0.122713774
0.05348202,0.039193925
0.07504047,0.049995743
0.047818247,0.031274576
0.0620473,0.041700933
0.044584576,0.06750667
0.0399124,0.045644265
0.04246894,0.055593222
0.054736376,0.038536396
0.057911832,0.04232973
0.05852964,0.052833688
0.05003398,0.049082346
0.039160628,0.034462098
0.047992945,0.057615284
0.05625922,0.04145452
0.048022807,0.03634296
0.043839242,0.0721998
0.031296153,0.025824128
0.04412902,0.053255256
0.05339426,0.064111695
0.038938634,0.037800428
0.05023044,0.039142903
0.04817889,0.042149108
0.045939427,0.04246066
0.04560007,0.04765347
0.045648936,0.041210793
0.052679624,0.035998147
0.023913687,0.055335287
0.025039881,0.5853417
0.037621353,0.051215753
0.041353006,0.049484987
0.04924286,0.05318804
0.050554715,0.035455357
0.0370414,0.044032846
0.049766175,0.030799242
0.061490294,0.04995972
0.049385477,0.03064188
0.04950081,0.02339523
0.060097314,0.08489446
0.04542091,0.038465496
0.046173293,0.05029949
0.042951398,0.06790367
0.041433237,0.025694767
0.039058667,0.034189563
0.04456476,0.040290028
0.012745614,0.037792373
0.05070017,0.047616836
0.029909644,0.0887323
0.06239335,0.0393859
0.04038659,0.030783186
0.047953308,0.042187557
0.06450747,0.087841354
0.037182115,0.04373799
0.041161507,0.037873916
0.047427256,0.043339085
0.04551616,0.047877677
0.056563552,0.03626863
0.029150417,0.027281178
0.052668855,0.042769443
0.035357993,0.043972753
0.056488555,0.037810866
0.05013203,0.05712735
0.04624246,0.062371545
0.043072186,0.028118288
0.04213429,0.03529263
0.03745998,0.053102378
0.06550294,0.0559302
0.043394428,0.044810455
0.04696299,0.049295448
0.023076167,0.0463714
0.06953313,0.06027381
0.03488529,0.042257156
0.062453967,0.051412243
0.04470913,0.041075137
0.06587144,0.05530204
0.048642322,0.038902238
0.032029998,0.033483956
0.04028881,0.048329435
0.044468794,0.033481278
0.04093997,0.040421467
0.048226293,0.06689713
0.041867994,0.040926494
0.051155794,0.03779811
0.04003748,0.042907633
0.07937469,0.059466537
0.056953043,0.04808678
0.05310777,0.06431824
0.04441555,0.036928125
0.044812236,0.048885506
0.0478972,0.032456674
0.032610197,0.047654476
0.05122256,0.027423348
0.047667634,0.05007789
0.03828206,0.039914206
0.034375403,0.034276035
0.052047607,0.04746957
0.047433067,0.047547475
0.037169673,0.045091495
0.16660862,0.05115042
0.05062923,0.055423226
0.048701935,0.04661537
0.058270432,0.066454075
0.02815849,0.051189348
0.070024945,0.026505131
0.063763574,0.055841934
0.054272525,0.025341788
0.09020186,0.053279784
0.048832808,0.033860266
0.036985293,0.04578521
0.043685243,0.03465722
0.08715701,0.051933166
0.041015223,0.033317074
0.03871922,0.046869237
0.06861016,0.06291277
0.056354683,0.030140348
0.04198757,0.04973136
0.047931485,0.048264865
0.047643244,0.031818394
0.054190066,0.034112487
0.04395969,0.03746395
0.067349434,0.06485396
0.04638775,0.045196813
0.04222627,0.04745158
0.051470045,0.03791724
0.062575795,0.07351645
0.049453437,0.04204674
0.04618596,0.04264513
0.05259463,0.036960028
0.057433836,0.065836295
0.048470657,0.059176296
0.048000723,0.06624386
0.0423156,0.041558042
0.06339779,0.048659485
0.050181907,0.03792877
0.042752624,0.03773144
0.042077318,0.039557446
0.04907804,0.08340257
0.054320328,0.06283028
0.055280495,0.053349055
0.03016304,0.048329763
0.04369385,0.054243237
0.050307464,0.09636214
0.033395838,0.03309735
0.085749365,0.039162666
0.041122254,0.03889181
0.044833653,0.051204365
0.054660484,0.035724472
0.034757107,0.04459766
0.04027099,0.0276068
0.024040684,0.05357477
0.049088616,0.046292294
0.036599066,0.043810822
0.046453897,0.06230798
0.039534815,0.0664013
0.036376953,0.032513857
0.057426777,0.04799176
0.034542527,0.044785164
0.05737756,0.054629527
0.046519585,0.04946048
0.045396827,0.040973425
0.07309089,0.06500199
0.036148917,0.03823224
0.0522386,0.040203992
0.036300343,0.04666748
0.047416274,0.047678106
0.047237013,0.039474405
0.036186844,0.047132637
0.04761246,0.03680979
0.060697682,0.042395633
0.044007197,0.052802864
0.05649555,0.058870226
0.02478622,0.042471178
0.045311354,0.0470873
0.04789375,0.048972
0.043859147,0.053347655
0.035510704,0.02215256
0.11877967,0.03665631
0.043144375,0.055540673
0.033909973,0.03742981
0.050389573,0.03856175
0.04170872,0.036123585
0.061319914,0.044587232
0.0497001,0.042403568
0.05536042,0.039330944
0.060217943,0.04401479
0.047445845,0.035715237
0.041126307,0.042565346
0.03613099,0.04254202
0.07851416,0.06912473
0.05671164,0.03478043
0.04807654,0.046325736
0.898475,0.7964826
0.04602648,0.04747261
0.04362949,0.046348732
0.047265895,0.121100195
0.040977247,0.04556028
0.042834174,0.034266025
0.033217154,0.032184627
0.033880264,0.050712824
0.05304569,0.06437319
0.05490419,0.031735417
0.945816,0.08076881
0.03248106,0.032238465
0.052926075,0.03740865
0.05588498,0.036135487
0.047743738,0.05520302
0.048128866,0.039547306
0.042908188,0.031700812
0.047192995,0.043355744
0.04523645,0.043906916
0.035836354,0.034553807
0.0447394,0.060551178
0.045002714,0.017045112
0.025876105,0.062434413
0.0532359,0.036268566
0.046998534,0.045285165
0.038570084,0.046530273
0.046369202,0.030105876
0.0514214,0.050160557
0.042729404,0.04231738
0.06676963,0.09567518
0.04138716,0.04072786
0.17353171,0.042212322
0.03959244,0.18971218
0.041778605,0.041952223
0.04843277,0.05606778
0.04535447,0.029968569
0.062656105,0.03333643
0.07067759,0.040505096
0.04139038,0.046514444
0.035128254,0.06258063
0.03411336,0.027219296
0.04628149,0.045119256
0.052192554,0.03168925
0.04256873,0.043394346
0.07774682,0.043432403
0.062049165,0.051071834
0.060172047,0.03377787
0.060692735,0.063772835
0.028348489,0.02574291
0.05871594,0.04944645
0.030183868,0.05700107
0.12570882,0.02960853
0.045092516,0.030467456
0.05120083,0.057681296
0.045392334,0.045991253
0.04828958,0.033620466
0.030818785,0.068087414
0.060603905,0.038080014
0.052552026,0.039304923
0.04835586,0.039410207
0.042640775,0.037324056
0.063109115,0.064080015
0.045913942,0.05439295
0.039219916,0.04234341
0.041451924,0.055335745
0.04301813,0.06339008
0.040749718,0.044167407
0.049805254,0.040199246
0.040187467,0.042820614
0.7964123,0.039228514
0.04813499,0.033897866
0.06531569,0.038443614
0.057991005,0.02896142
0.050627634,0.047280118
0.07068384,0.05487284
0.043833584,0.04475408
0.03581517,0.046413764
0.038996384,0.032245416
0.04277739,0.053787697
0.04631111,0.07801779
0.042860925,0.033395536
0.050801046,0.053982113
0.049580537,0.059910864
0.05344885,0.035995405
0.052041452,0.042008072
0.04984319,0.038213342
0.043269,0.06025641
0.03961855,0.037469473
0.044316802,0.032458182
0.05393231,0.02766948
0.03956634,0.05295166
0.05252128,0.045166407
0.0381986,0.046846986
0.044793326,0.027223034
0.046120625,0.033385996
0.041818023,0.046529878
0.041336063,0.042189524
0.06094657,0.03355479
0.045559976,0.04351175
0.04152525,0.0567806
0.09495423,0.040680822
0.041267928,0.05647195
0.046517152,0.07940413
0.041833475,0.04399009
0.042510506,0.031219764
0.0393927,0.03908773
0.04747357,0.068487234
0.07315479,0.061522044
0.047685064,0.041613564
0.060229037,0.058375515
0.047443926,0.1181211
0.043265846,0.0723442
0.04258912,0.031519625
0.043777335,0.05358852
0.049922235,0.040504552
0.043749724,0.052549303
0.0435449,0.03603747
0.043618124,0.060753178
0.04174067,0.03678122
0.047556393,0.05220627
0.032972917,0.030754322
0.04289018,0.041428156
0.05238838,0.03269569
0.0525169,0.05783975
0.058250315,0.056583498
0.04292214,0.05410225
0.047295533,0.060445774
0.047523446,0.054276463
0.04033083,0.04443531
0.045383565,0.043516167
0.045199282,0.040418558
0.042933844,0.04030736
0.04682709,0.043907944
0.03285984,0.087529555
0.053613942,0.036259536
0.046790972,0.05693226
0.03335345,0.055572435
0.06295336,0.04340322
0.05119676,0.042797577
0.051607616,0.033009913
0.061310522,0.859482
0.049261015,0.042267933
0.039074697,0.046564132
0.046936534,0.04181624
0.04040299,0.033067606
0.580386,0.04125521
0.05510608,0.052578133
0.053236663,0.042622965
0.052950338,0.059715994
0.047936644,0.026303876
0.0974938,0.0394539
0.0505116,0.054929893
0.043431245,0.064429976
0.05824567,0.03368593
0.04367734,0.037246138
0.049634967,0.03956134
0.049187627,0.030268934
0.041558947,0.041923042
0.035766494,0.03899318
0.048374932,0.058709826
0.041285016,0.038192544
0.053563617,0.053210687
0.050627068,0.05069995
0.043639,0.039011028
0.038766704,0.02808233
0.03815943,0.03876963
0.048370976,0.07012364
0.04990818,0.051323958
0.044364665,0.028054602
0.053321697,0.044794235
0.056607176,0.049603373
0.05167129,0.038651045
0.06897801,0.038658544
0.052350275,0.05154834
0.041345917,0.03253716
0.045095082,0.037099782
0.04953698,0.03413155
0.041401852,0.02021352
0.054595698,0.035559405
0.050801493,0.03560334
0.056639504,0.04632331
0.06012303,0.0632238
0.045400985,0.04110753
0.04200418,0.043105807
0.049383447,0.047207635
0.06979056,0.0722259
0.053930342,0.07219733
0.036956817,0.031685054
0.044325653,0.0336626
0.05501423,0.054474723
0.061275277,0.03568622
0.06347666,0.035546947
0.041445028,0.073690206
0.052046835,0.043989893
0.056246363,0.03896709
0.030911133,0.030784847
0.051153768,0.038341206
0.061618242,0.049222637
0.09472873,0.10584513
0.06891539,0.071831174
0.040008947,0.033024754
0.020019252,0.022770327
0.05592686,0.038430523
0.06604878,0.061666965
0.05709665,0.04331152
0.041896712,0.03968788
0.043227933,0.048817545
0.06420287,0.046704028
0.051932573,0.04269049
0.054158438,0.032169435
0.04109105,0.047444455
0.0597842,0.060006868
0.032219123,0.050757002
0.050343342,0.03398484
0.047641005,0.029255083
0.05300958,0.04582235
0.03663988,0.04387323
0.049106393,0.036829334
0.03720125,0.03881161
0.04857295,0.026261033
0.05385505,0.026893357
0.048132434,0.06250793
0.041744534,0.042944487
0.036610365,0.039240986
0.13489726,0.038473956
0.030018693,0.03149251
0.051562797,0.055696964
0.041909527,0.07429555
0.05411524,0.03752518
0.046341825,0.044355724
0.046544977,0.053117875
0.041889694,0.031361934
0.035339467,0.08446078
0.040540118,0.03160964
0.05171832,0.041767452
0.06041073,0.045389432
0.06888959,0.040599857
0.050333038,0.029035587
0.051347297,0.05888721
0.04990754,0.05391743
0.04416195,0.051494017
0.035287578,0.03800886
0.0513405,0.061654028
0.048277523,0.046591103
0.06375147,0.04028085
0.045733467,0.04163564
0.085435465,0.05505261
0.0558388,0.039545752
0.06657802,0.04767629
0.04681111,0.047248993
0.05057741,0.035330214
0.05897898,0.056814786
0.044377886,0.051515594
0.046668466,0.045507755
0.045343265,0.05055109
0.0520639,0.04139421
0.045152497,0.033925712
0.047143348,0.052014895
0.13154244,0.05710936
0.03690927,0.049978845
0.051395938,0.06349525
0.03918837,0.045832053
0.056772623,0.051100645
0.044462834,0.041843586
0.06774637,0.029275313
0.05000999,0.059023984
0.033019826,0.03801166
0.04671278,0.053014964
0.06440817,0.058592115
0.04600171,0.12701952
0.04854055,0.029950842
0.041264065,0.037753485
0.04453281,0.032386277
0.051868234,0.0608449
0.05241432,0.054908972
0.043972466,0.061767627
0.04404571,0.05031943
0.0387297,0.034932654
0.030855441,0.033210926
0.047870137,0.034536462
0.04184623,0.0380354
0.04490412,0.049657978
0.043131843,0.025161233
0.039742205,0.03430853
0.21316987,0.037763167
0.08413778,0.04286866
0.039751504,0.04601637
0.04661475,0.038001418
0.029684609,0.04843274
0.05883296,0.0378282
0.030673595,0.03904891
0.048582707,0.1151809
0.05315407,0.06048018
0.04080434,0.05925595
0.05651074,0.056607652
0.051537346,0.046836887
0.040298816,0.046858244
0.061986215,0.051692627
0.0602741,0.034301884
0.052792758,0.029205648
0.049267776,0.0404828
0.03423371,0.059975762
0.053293277,0.06433028
0.061378364,0.0609456
0.048268203,0.028570341
0.057044994,0.055359203
0.051661007,0.04419893
0.026622016,0.040612906
0.041387677,0.02636542
0.051504012,0.06478728
0.048394125,0.049264472
0.03722154,0.037990097
0.049840078,0.0542842
0.03199766,0.054917037
0.04377464,0.05125005
0.062608324,0.031025438
0.050334945,0.04547197
0.04400167,0.034554213
0.038754992,0.046048675
0.043216422,0.031928036
0.053684257,0.07408063
0.044407528,0.061129108
0.049288157,0.043904006
0.053261545,0.036712684
0.02794963,0.03313017
0.03890655,0.036737077
0.04033154,0.05771166
0.04211131,0.044148546
0.048751727,0.04564022
0.035672016,0.035111506
0.040011074,0.052863568
0.047587432,0.04447304
0.067617975,0.033800583
0.044909563,0.03205177
0.04324278,0.04567222
0.04932211,0.033809096
0.0530659,0.054793492
0.052639194,0.047983695
0.05052318,0.053222448
0.38092417,0.04593221
0.04662396,0.041522324
0.038320184,0.04216443
0.043111857,0.029087175
0.059954114,0.035820816
0.05045959,0.07038536
0.041531954,0.053347457
0.0403329,0.04023407
0.047381524,0.042191647
0.04971894,0.16844948
0.05789031,0.039241116
0.055451583,0.072846696
0.03731393,0.04830152
0.04999479,0.032239024
0.042202197,0.036980584
0.04892268,0.04078426
0.04074281,0.06838037
0.041165378,0.04717428
0.04069288,0.029930841
0.05675336,0.03413628
0.039488148,0.40465057
0.03883301,0.041325223
0.044518705,0.04133744
0.053793993,0.042221066
0.03575402,0.023187548
0.06332598,0.057981353
0.041401923,0.052060407
0.050919313,0.03759562
0.04877021,0.047393613
0.046400934,0.034974787
0.048328172,0.03191655
0.051897865,0.247734
0.04732774,0.050407562
0.05021231,0.04306537
0.05009761,0.028981857
0.04846377,0.043276437
0.06172577,0.048662916
0.045250867,0.042620607
0.032986555,0.062427767
0.053417057,0.078068964
0.04217935,0.038663514
0.048366506,0.05199695
0.0511556,0.047501486
0.04179206,0.22286946
0.06582885,0.037281793
0.04748104,0.040854186
0.048396744,0.09065835
0.030598436,0.0462757
0.042982638,0.03522586
0.05864248,0.057361875
0.032341976,0.040517338
0.060847677,0.04839219
0.03751053,0.073693335
0.04216628,0.031341005
0.04806186,0.050019242
0.062864326,0.046936017
0.06037757,0.027757615
0.051460776,0.052285094
0.056783475,0.043155733
0.04981372,0.043075994
0.048306867,0.018003134
0.05582562,0.045280967
0.03413752,0.065185405
0.046353973,0.05447313
0.053639,0.0442134
0.035539433,0.038720634
0.9230628,0.8019904
0.07313703,0.049345087
0.04854993,0.045199435
0.05487039,0.03988013
0.04430141,0.046387993
0.03715858,0.035020538
0.045385744,0.038621876
0.047400173,0.04665583
0.04939962,0.037871327
0.040498946,0.03503418
0.04389183,0.039050005
0.053229686,0.031678177
0.054278024,0.056680202
0.05890023,0.028994635
0.05438191,0.030545743
0.038663253,0.039391212
0.038459484,0.03754259
0.03565116,0.04536014
0.052922655,0.086973965
0.0444627,0.035765328
0.061826322,0.053100914
0.055883154,0.062139753
0.063056484,0.05656601
0.020395601,0.046317715
0.04553506,0.04095218
0.040777836,0.036518782
0.047104042,0.059481315
0.054769423,0.051365685
0.0504367,0.05557617
0.043808803,0.046187524
0.054103225,0.05549298
0.045809783,0.05294906
0.03775845,0.040218964
0.045834627,0.046972476
0.04476197,0.041290052
0.05854911,0.05505709
0.13505867,0.055425763
0.0447755,0.037761945
0.048840523,0.041689873
0.030723354,0.04388283
0.04486796,0.039605778
0.070480786,0.038857054
0.042051755,0.0378497
0.03031986,0.038551193
0.060099445,0.062499814
0.048997182,0.035180394
0.12992401,0.064461365
0.05500697,0.045095537
0.037978183,0.0523522
0.062675476,0.029899254
0.042335555,0.064464994
0.056375347,0.06302743
0.049877435,0.04652448
0.04185892,0.03640599
0.059871834,0.04278883
0.045134306,0.059391014
0.045888014,0.06534217
0.038756352,0.0362382
0.11927028,0.0364222
0.05088245,0.050706375
0.059194542,0.05899441
0.050976887,0.03013249
0.064683035,0.11904274
0.033574603,0.04756809
0.043803405,0.058835886
0.04974364,0.051841926
0.049631856,0.04932837
0.043128245,0.049596205
0.022045108,0.03796745
0.03900318,0.026336862
0.060946688,0.06312013
0.29171467,0.040383473
0.052159373,0.057557248
0.035582785,0.040828917
0.054218013,0.04109612
0.04932784,0.035538595
0.046145074,0.035329122
0.048185784,0.061480947
0.040913727,0.035460703
0.040161252,0.040086325
0.05344827,0.042744786
0.040994007,0.0788417
0.05146388,0.03461028
0.03142022,0.06086446
0.065575466,0.034089305
0.08635237,0.028664663
0.068699375,0.044510376
0.28649554,0.038566384
0.044861864,0.047939952
0.034879956,0.030605014
0.045045342,0.044593394
0.04030192,0.04309457
0.055150475,0.041861925
0.047298353,0.048349414
0.04667837,0.065936975
0.045920666,0.047702063
0.05544755,0.04472691
0.033581182,0.038747147
0.041581426,0.048058122
0.042341344,0.030270386
0.06834913,0.06854298
0.05472362,0.028214663
0.052131154,0.04001959
0.04672889,0.042032775
0.03803724,0.1134488
0.056014616,0.060895346
0.057251714,0.04618914
0.044909634,0.046199612
0.072868556,0.03532885
0.048501402,0.0541071
0.054237116,0.039131187
0.03359461,0.030167857
0.035250973,0.035284955
0.050443184,0.05790522
0.038463365,0.04180389
0.047190245,0.05734699
0.04807992,0.05102639
0.07540696,0.033299018
0.048741776,0.056663763
0.04806863,0.026958048
0.033034183,0.036677763
0.052544035,0.04281764
0.043859076,0.073876664
0.041132506,0.05895987
0.053049237,0.05256307
0.04528624,0.04462098
0.059166595,0.07705845
0.03952156,0.032181263
0.05210996,0.049125146
0.05895519,0.11662622
0.05577356,0.063818805
0.056735713,0.035687663
0.0459471,0.0778574
0.028296256,0.04056731
0.030785078,0.05252998
0.059171177,0.059202287
0.06340253,0.059611592
0.05846975,0.032955658
0.047298547,0.042339828
0.043378748,0.040972967
0.041955505,0.0696961
0.03684213,0.048608597
0.030835932,0.051037386
0.05043924,0.0358146
0.26612467,0.038442522
0.042619545,0.041316327
0.036173265,0.044726167
0.047094848,0.05923892
0.046058413,0.04636681
0.04015738,0.042310536
0.040557344,0.046494618
0.039331935,0.05663891
0.054472502,0.045780424
0.04664999,0.0336757
0.044017084,0.03171182
0.05747815,0.04945812
0.049642544,0.044893038
0.05039034,0.053697247
0.041566867,0.06454968
0.030374294,0.075437196
0.043455534,0.06124677
0.035409354,0.060237676
0.059138283,0.0387588
0.045235302,0.03754949
0.03050763,0.06422571
0.047358587,0.04108165
0.048578113,0.039515786
0.051862333,0.049896546
0.04482628,0.051692106
0.025362791,0.02969519
0.04906651,0.030920887
0.036251772,0.05181261
0.05931663,0.066244684
0.05520414,0.040008638
0.042166147,0.08441378
0.039300196,0.066697866
0.05243226,0.0587782
0.06333028,0.064524084
0.04929905,0.03917588
0.031229438,0.041549824
0.05276677,0.03488957
0.049628347,0.07373174
0.015126695,0.030170547
0.03480864,0.034438513
0.06108837,0.050933972
0.04812267,0.048698284
0.055460162,0.036119826
0.05820738,0.038619142
0.045193516,0.05685761
0.06274467,0.0575623
0.03194205,0.04001382
0.029331615,0.04523382
0.054846957,0.054303154
0.056838658,0.05719907
0.04924497,0.08938717
0.052999947,0.031464834
0.0514734,0.0716605
0.08547744,0.03855446
0.030706268,0.063179456
0.03973962,0.053654294
0.042651903,0.054421104
0.042318113,0.03776801
0.08188972,0.8625305
0.050227072,0.03770496
0.045113984,0.05614199
0.0584008,0.045975864
0.05443312,0.04605401
0.056672256,0.0718132
0.03996652,0.06281338
0.049672794,0.029757282
0.05487703,0.05051428
0.03560072,0.032587532
0.03795926,0.028885437
0.044142112,0.035536543
0.028090538,0.047607128
0.05175019,0.0435836
0.030625155,0.07171541
0.055016886,0.05686054
0.089095555,0.04834961
0.046293963,0.038514175
0.046627153,0.037052043
0.05025022,0.045158297
0.039044246,0.03938957
0.042208638,0.03955133
0.06496303,0.10270411
0.03296385,0.050546326
0.06505764,0.03209682
0.050475106,0.04127394
0.04050069,0.04318472
0.02987904,0.036769472
0.05831558,0.06043124
0.04340465,0.036023863
0.036106642,0.0445222
0.05977398,0.06099968
0.049074665,0.04011693
0.036150083,0.023055978
0.030949352,0.059415717
0.049452797,0.04696406
0.035934187,0.041613236
0.04114153,0.027589979
0.055139605,0.049460877
0.04550182,0.042822998
0.05066674,0.06540928
0.05450481,0.047420893
0.034800448,0.034150545
0.060121387,0.06881331
0.054286633,0.058182415
0.04471195,0.037366252
0.04778255,0.04813723
0.055136524,0.030578203
0.041667752,0.027298413
0.040656894,0.025372807
0.03541482,0.055249207
0.05176815,0.046419818
0.033597093,0.04410876
0.06610905,0.06337677
0.038909987,0.04593033
0.08701458,0.043775894
0.026157042,0.030120697
0.047748014,0.03309748
0.044720285,0.016091734
0.04429588,0.044466678
0.037447337,0.03560581
0.05845951,0.042811193
0.05268317,0.037782755
0.0521007,0.03908828
0.044151362,0.047406007
0.054316405,0.055701688
0.04694554,0.039138827
0.06188035,0.053745378
0.05326547,0.056631785
0.04176244,0.048836168
0.05833166,0.038614377
0.03220867,0.035082806
0.05812646,0.051537823
0.06928508,0.048628226
0.042756803,0.060982082
0.04978088,0.041644603
0.06321291,0.037478894
0.08225619,0.03531371
0.06865468,0.04345874
0.040515464,0.05746437
0.114461266,0.048866007
0.060228225,0.056915775
0.042455878,0.453505
0.038813673,0.033241134
0.039748725,0.05025394
0.047353413,0.06793563
0.05940055,0.04852339
0.07308726,0.050472353
0.033035554,0.0352021
0.5342473,0.04353302
0.04663566,0.0349415
0.06655977,0.038942426
0.056891248,0.062708914
0.049730845,0.05368247
0.048349477,0.03800811
0.057548136,0.06064001
0.054995287,0.035805833
0.05733156,0.08527142
0.04505322,0.062211756
0.044025935,0.05071678
0.054069262,0.04104287
0.05876368,0.04893403
0.039989375,0.059540924
0.051592894,0.053288747
0.045866314,0.06592548
0.052693635,0.07996053
0.052603055,0.057637732
0.04705407,0.050178133
0.043684084,0.030730419
0.061651584,0.041533407
0.04129558,0.04661469
0.036940735,0.032639347
0.030827232,0.033405285
0.052511457,0.06181644
0.053124934,0.037415404
0.05230018,0.046398725
0.06805052,0.09323325
0.036801845,0.03312983
0.049596515,0.05421482
0.048056,0.049271535
0.033581052,0.04631542
0.051306654,0.04459075
0.038261928,0.03418463
0.043136466,0.039656423
0.039831925,0.055768553
0.027355721,0.032094065
0.038322262,0.040723972
0.060268708,0.033444762
0.056070812,0.07270754
0.043422505,0.05302493
0.06614231,0.054156087
0.022453925,0.04895285
0.035988558,0.038719136
0.04583942,0.03509404
0.06603373,0.046115212
0.03698795,0.058194283
0.030323856,0.0605126
0.048319746,0.044354696
0.085412994,0.034506515
0.048021916,0.041004136
0.047263086,0.09335332
0.058641933,0.06575301
0.0446332,0.0356507
0.024142412,0.073449366
0.05652958,0.04324142
0.041366473,0.035928648
0.037590243,0.042411633
0.050278462,0.41183928
0.039563887,0.061232347
0.03554281,0.043641746
0.048377164,0.04044907
0.05286664,0.042622156
0.042546403,0.039827514
0.05668278,0.022175565
0.043559674,0.045133702
0.028132927,0.04489013
0.011608285,0.048511893
0.0588113,0.037910618
0.06963087,0.03428159
0.05509521,0.043190073
0.04153472,0.03657388
0.041357063,0.042453013
0.05487614,0.040556293
0.04167278,0.04625673
0.02835065,0.049092487
0.07544626,0.02524857
0.04646573,0.05388899
0.033048928,0.050021578
0.041586712,0.055262737
0.042384073,0.04352963
0.045271695,0.049549185
0.056305945,0.03864744
0.05559732,0.04386991
0.047433138,0.050394338
0.069800615,0.048735924
0.05028979,0.03164294
0.053574823,0.04473974
0.045137245,0.052374057
0.046768278,0.041699033
0.04720583,0.07276551
0.038332872,0.03617549
0.043028664,0.038196433
0.056740824,0.058449812
0.06833773,0.065200396
0.045796916,0.043786537
0.04449593,0.27153784
0.035736997,0.039807033
0.047662653,0.042374756
0.04236477,0.039140053
0.033792682,0.05227753
0.043521576,0.06117195
0.041353583,0.04580615
0.0586741,0.037380658
0.05053825,0.057790875
0.040959705,0.034265477
0.029574921,0.052640256
0.039991707,0.045607276
0.035674553,0.03275684
0.04433246,0.036064554
0.03666721,0.037521977
0.04967757,0.057913702
0.04609214,0.047948502
0.035366125,0.044502243
0.049865082,0.046139367
0.047910605,0.043160345
0.071099125,0.05033143
0.03890746,0.035699837
0.06070194,0.029637374
0.049625043,0.05359427
0.047805157,0.053491686
0.041376013,0.059176296
0.046797816,0.04485944
0.041571245,0.033408925
0.06589519,0.04081307
0.0381527,0.07536233
0.05154052,0.03913746
0.039490085,0.037342962
0.053649385,0.020526147
0.03110089,0.028583752
0.031526275,0.034707103
0.023598617,0.04336807
0.046591472,0.021003786
0.051912963,0.043550834
0.059389114,0.022814207
0.035134308,0.039362468
0.054981902,0.03142079
0.053295363,0.043482788
0.038157627,0.045185793
0.049222156,0.051280413
0.028673375,0.038667746
0.041784983,0.04953791
0.04464628,0.033807795
0.043436255,0.038745027
0.056583975,0.06191489
0.03710061,0.027121324
0.020133493,0.022819847
0.045789108,0.027208693
0.038885467,0.06508299
0.06379243,0.05289887
0.04981792,0.04005701
0.049145333,0.058531675
0.05262879,0.06961887
0.043474678,0.04401011
0.053342912,0.05893097
0.0473018,0.02715491
0.052275255,0.042312633
0.036945533,0.035724614
0.050219182,0.040231403
0.039446015,0.058754526
0.040300563,0.06996411
0.052917972,0.06615325
0.043105356,0.035987675
0.045383178,0.038304932
0.03572706,0.037493844
0.059293166,0.05544961
0.053749822,0.040794246
0.053918265,0.03693126
0.04375537,0.03254155
0.8315735,0.04890977
0.0473798,0.05962532
0.056108452,0.05115853
0.04947827,0.053324223
0.022806475,0.033725932
0.03462519,0.03357949
0.056587566,0.028590452
0.055662766,0.021638984
0.049834467,0.047316886
0.06706174,0.066231176
0.036548052,0.029247006
0.03911524,0.046120066
0.045927584,0.0508306
0.035418388,0.046569247
0.03802435,0.04093974
0.04533846,0.04392364
0.036993656,0.041556206
0.05637989,0.056599457
0.030111345,0.041845225
0.031791426,0.0619458
0.049934454,0.057317216
0.03141734,0.041752107
0.04308974,0.031455547
0.047518205,0.05362572
0.050656494,0.045137223
0.03518288,0.09940702
0.04774036,0.046819486
0.052715305,0.06758333
0.050433073,0.03858622
0.05753479,0.053728156
0.038639706,0.050619006
0.05366065,0.05138256
0.03629437,0.034195803
0.052781545,0.047469832
0.048357137,0.06842035
0.060078636,0.05361877
0.050446995,0.03322706
0.029103102,0.055482376
0.10243037,0.043864902
0.051821142,0.053556867
0.06544224,0.03453242
0.038219646,0.020672295
0.2808529,0.047950905
0.041378338,0.07214387
0.119242854,0.039342925
0.037342526,0.036827005
0.041298036,0.034433585
0.8767525,0.044198122
0.05285802,0.06097111
0.041993946,0.038541302
0.04239977,0.03760443
0.03626333,0.040012114
0.058532845,0.0502991
0.039469805,0.051486455
0.045487665,0.031850994
0.067874946,0.04378809
0.0745236,0.041488465
0.049354974,0.06456376
0.0339488,0.02416511
0.050126683,0.04351352
0.04463538,0.04865688
0.07440771,0.039645866
0.048012983,0.04295072
0.05439039,0.057476938
0.047135234,0.05658868
0.015699057,0.03539622
0.08424168,0.032241426
0.034989707,0.048279926
0.057206772,0.05998654
0.043590955,0.042257834
0.055260416,0.04506568
0.02938323,0.06833482
0.045264386,0.07347374
0.043234292,0.03636798
0.04812108,0.02691234
0.045694526,0.029469345
0.048903435,0.032902006
0.03914155,0.05682996
0.044983294,0.03744148
0.03502692,0.05896883
0.04909614,0.043744568
0.060971737,0.053847264
0.049617395,0.061998546
0.064956985,0.039654654
0.053411685,0.048875626
0.05129572,0.0611697
0.03526046,0.04100665
0.038213883,0.045311637
0.046091117,0.042628057
0.06813813,0.07060189
0.0445307,0.038135394
0.04890891,0.020925585
0.031550735,0.044104237
0.038520254,0.03150462
0.03892538,0.047822505
0.03826205,0.03934205
0.059304018,0.06659408
0.039973747,0.051776655
0.04601323,0.02831082
0.055304933,0.036060117
0.050687272,0.053256262
0.043612283,0.04182846
0.044226453,0.040805943
0.06432157,0.10196113
0.04246232,0.03824199
0.042578444,0.049457926
0.051322777,0.037469275
0.085191146,0.03595785
0.054754518,0.043225836
0.03319804,0.040022716
0.03899251,0.05117818
0.06473467,0.08342263
0.05952838,0.047361217
0.04557176,0.04077958
0.047921263,0.03852904
0.05524411,0.065201774
0.045017906,0.033208314
0.05359799,0.16871324
0.043363914,0.039268013
0.054340556,0.060684912
0.0464324,0.03252863
0.04908518,0.030252866
0.060808234,0.064733274
0.04600631,0.035286944
0.039531965,0.06565323
0.051816132,0.031011667
0.9139471,0.07371237
0.06680018,0.041306335
0.037927978,0.047287114
0.043603927,0.042895436
0.051734697,0.06073571
0.05324305,0.040442012
0.02818884,0.07071215
0.04030618,0.04483382
0.05162381,0.06631033
0.07040224,0.05545748
0.030187143,0.03933005
0.0400779,0.03273815
0.043842,0.039820652
0.053548742,0.037918333
0.045706503,0.04513729
0.05589646,0.04903207
0.045441993,0.05151699
0.04036762,0.03920849
0.04312214,0.052381556
0.052925445,0.04790736
0.16673106,0.044881955
0.04529438,0.0603137
0.050815474,0.06815918
0.037797127,0.030177584
0.05010174,0.03559766
0.9340387,1.0
0.045379456,0.042875722
0.04512379,0.06911087
0.05513172,0.043175712
0.045164168,0.02182472
0.05443843,0.04118491
0.047062892,0.037867773
0.029282281,0.059893988
0.041401792,0.060190745
0.05539198,0.052285355
0.03307221,0.03748306
0.109384164,0.052002043
0.04099491,0.04885619
0.05091925,0.069109626
0.0596033,0.09400966
0.048852246,0.06073849
0.0504105,0.055724747
0.045550372,0.03805668
0.041915834,0.04058307
0.03919845,0.05858593
0.049027067,0.14417435
0.04552558,0.03861158
0.04004898,0.043730624
0.056953367,0.040866558
0.046474878,0.03453715
0.068319276,0.049141735
0.03754955,0.04068176
0.044599656,0.03212034
0.033135425,0.039913334
0.04992994,0.030242942
0.07801881,0.046491973
0.05166634,0.02916768
0.021547532,0.048409004
0.043452702,0.028625272
0.05230297,0.08019409
0.028089616,0.054032363
0.037914187,0.04302709
0.044776715,0.040832587
0.04317805,0.028467648
0.049548764,0.034995753
0.037726387,0.060852896
0.040180236,0.037005045
0.03747631,0.037661556
0.06648771,0.04815533
0.05876739,0.04535601
0.060644306,0.07650374
0.04649035,0.01702146
0.045825917,0.042269506
0.051438488,0.03793961
0.049868207,0.04936745
0.032482296,0.7628929
0.04551117,0.06375032
0.051679038,0.03857948
0.050688416,0.061303277
0.10054204,0.061139096
0.049950942,0.041601565
0.05598048,0.070187755
0.043811884,0.051020358
0.08649533,0.03244382
0.038494498,0.042349532
0.03607605,0.043808855
0.047409113,0.036384866
0.044519536,0.026722409
0.05746953,0.058958076
0.04613553,0.039825197
0.033549637,0.009776198
0.044566944,0.053523663
0.040764034,0.056582034
0.03833987,0.05953913
0.054112714,0.047754176
0.054138076,0.04988448
0.052288003,0.047494426
0.050991755,0.075130515
0.054723874,0.033785358
0.04317716,0.042252127
0.04168347,0.03563798
0.05215621,0.118338756
0.043575026,0.058108617
0.04727228,0.034167964
0.049603775,0.04776482
0.047845878,0.046388254
0.052891485,0.05920989
0.04718692,0.06826051
0.046401706,0.045295898
0.05182305,0.074631654
0.049574614,0.060909357
0.036689013,0.04984581
0.033811256,0.038819578
0.034048084,0.035802476
0.044668023,0.032947756
0.030187216,0.0395068
0.06567442,0.054387353
0.036998395,0.026329037
0.04622876,0.07074166
0.04523081,0.05092853
0.032531455,0.029937191
0.028608568,0.04152641
0.03766153,0.052639186
0.05087216,0.04215827
0.04530521,0.037762284
0.04216551,0.04359009
0.05847326,0.05938
0.061709933,0.021567134
0.052493833,0.039278988
0.04116841,0.031778075
0.050915632,0.06415303
0.046249557,0.03851833
0.041920092,0.05094302
0.04876435,0.050834227
0.05041692,0.040471237
0.057867557,0.047853522
0.043967325,0.0365773
0.027977891,0.033077564
0.053546205,0.057312954
0.047390334,0.016704451
0.059384286,0.05000582
0.05490717,0.037611455
0.02855229,0.05628847
0.046056364,0.038904894
0.03926142,0.042059574
0.043531403,0.04070257
0.04238973,0.03667995
0.05083022,0.04497007
0.069436476,0.069388896
0.046507172,0.04492141
0.07040188,0.061444204
0.037963673,0.03980172
0.05460878,0.042535245
0.074873194,0.041392986
0.051284607,0.029997325
0.03903745,0.06103155
0.9271672,0.8388727
0.029586988,0.04773424
0.037965354,0.03860286
0.056995813,0.055650078
0.05062433,0.046780054
0.041917447,0.03499328
0.035745516,0.04579365
0.03957778,0.046734694
0.05251766,0.03740735
0.043428034,0.04769701
0.049371663,0.03762054
0.037224654,0.03950586
0.057484556,0.05346001
0.05616301,0.061249398
0.049396113,0.052402824
0.040482946,0.052322954
0.040693916,0.057529334
0.026071884,0.073651105
0.05682795,0.04732727
0.90807253,0.04510081
0.15800889,0.035405595
0.044853214,0.014655089
0.030550117,0.054730233
0.044558536,0.05204152
0.05029049,0.052821707
0.048618216,0.07828047
0.06661876,0.059452288
0.035340175,0.036593705
0.06919643,0.043250624
0.053544056,0.05914945
0.035239268,0.05890968
0.047156315,0.05332715
0.042670295,0.04149008
0.05965035,0.042989694
0.05106152,0.03041824
0.05010403,0.05575837
0.048255954,0.03935512
0.058293127,0.044716634
0.043804947,0.042796087
0.029221723,0.05956617
0.048272353,0.044793952
0.04104185,0.022881893
0.03971585,0.09052895
0.04366058,0.043631516
0.059934095,0.050050236
0.041982416,0.027100416
0.04073765,0.038007703
0.037734743,0.035610873
0.069164515,0.066984765
0.05109544,0.03989707
0.04427105,0.03153862
0.062124003,0.050760016
0.06037362,0.028297279
0.037281968,0.037473504
0.0482714,0.03896743
0.09346281,0.03365711
0.050511792,0.029479213
0.04743403,0.073269814
0.032127608,0.031390984
0.051136993,0.041725636
0.048514087,0.042754665
0.032077495,0.035606008
0.041190132,0.045065
0.05172905,0.11937959
0.034381203,0.03283338
0.03970357,0.039251335
0.042348422,0.042200718
0.02518568,0.044072017
0.05548176,0.051142856
0.044431135,0.043482438
0.039018895,0.031206965
0.030083692,0.047309957
0.04830891,0.044562902
0.036077216,0.03690701
0.037294023,0.039273065
0.043327022,0.06244967
0.041109424,0.055499777
0.057669457,0.07610691
0.022414105,0.032068763
0.041530725,0.023174945
0.056484215,0.050470475
0.050106008,0.05725575
0.045664623,0.052271716
0.038090475,0.039999194
0.054221936,0.03353173
0.043296177,0.04777302
0.039187722,0.027013931
0.9353642,0.05518363
0.19256315,0.61343
0.035802037,0.037917644
0.044510745,0.063184194
0.054472566,0.04230164
0.04306595,0.051125694
0.06613422,0.056892168
0.0420674,0.036484204
0.03432755,0.034246273
0.044924825,0.05009614
0.035721663,0.030825691
0.03608131,0.032622714
0.047654226,0.04086662
0.053590965,0.037143227
0.03454845,0.063605264
0.0585253,0.05771212
0.049124435,0.052010063
0.050503153,0.04730342
0.036050647,0.05245981
0.055351213,0.054673485
0.053504366,0.06482154
0.05198295,0.04054473
0.045382794,0.030789591
0.045560554,0.062407177
0.054122582,0.032931887
0.04191558,0.045432255
0.05332183,0.036276903
0.038622946,0.07058257
0.052143645,0.045193095
0.045973986,0.036742203
0.05290865,0.047381897
0.0541007,0.04824414
0.04078248,0.031529877
0.052163053,0.04199286
0.48960328,0.046438705
0.04198139,0.03456628
0.04212193,0.07177919
0.07155826,0.0931767
0.04177538,0.043362103
0.060200017,0.050806273
0.033061642,0.022764686
0.122031346,0.041765966
0.0438775,0.0389346
0.027720133,0.06239253
0.04874784,0.034400806
0.085938506,0.062685706
0.0667446,0.056114122
0.051612698,0.03723781
0.039797883,0.041004904
0.06532715,0.05351024
0.038319606,0.08274398
0.047053434,0.041915655
0.05667132,0.059160337
0.04359262,0.045779068
0.059108328,0.04167147
0.045854665,0.066158
0.036708865,0.062586285
0.0494833,0.035065886
0.04218218,0.067740954
0.043454893,0.06106069
0.040414672,0.03115587
0.056446146,0.056942314
0.03697868,0.04747003
0.056101333,0.061684147
0.05495846,0.04752258
0.056181222,0.05876076
0.057744373,0.05439109
0.053080145,0.04993327
0.050153404,0.048829984
0.111430384,0.067295775
0.053643562,0.03557651
0.041159064,0.04314347
0.065614894,0.048867144
0.044779535,0.05728213
0.050789606,0.03665303
0.04274671,0.041799758
0.05975297,0.053884313
0.03824393,0.03968434
0.07082566,0.056523975
0.050996076,0.06613146
0.03638117,0.027286578
0.05001731,0.04222168
0.039836124,0.0495475
0.03792882,0.051427983
0.031369597,0.0355464
0.060073506,0.06517528
0.04718398,0.062100343
0.051434796,0.047907427
0.051653393,0.053544037
0.054899644,0.045655806
0.06204817,0.052410062
0.031187244,0.0410691
0.06619569,0.04544314
0.046494894,0.03308313
0.046122603,0.034857646
0.049718626,0.036107037
0.0429076,0.04130424
0.049937382,0.043140214
0.04866241,0.049920592
0.052344818,0.0489654
0.042710237,0.0495684
0.08492184,0.017145345
0.030537087,0.0375916
0.044037748,0.06284254
0.053589445,0.034406357
0.05120382,0.048025683
0.04675619,0.05996033
0.04855841,0.05723109
0.04143349,0.051434867
0.041581813,0.055253994
0.050249714,0.041584864
0.045140836,0.044493325
0.032111797,0.034587864
0.10533951,0.025315754
0.048846446,0.049780563
0.07431168,0.060091943
0.032535635,0.03265584
0.0335096,0.04354729
0.048333276,0.03789098
0.048210464,0.04020515
0.0655389,0.04459711
0.065508924,0.04607222
0.0420338,0.049275294
0.050823223,0.05557576
0.028968833,0.03146139
0.061014306,0.049774244
0.04734677,0.05108108
0.06728052,0.061442103
0.045801144,0.031722073
0.042006947,0.039836235
0.05614409,0.0408779
0.041297134,0.06480998
0.035018656,0.02444014
0.047592025,0.03667093
0.034862515,0.037226476
0.041628074,0.040173672
0.08654609,0.02424707
0.038083095,0.05976856
0.051079813,0.07461843
0.05377127,0.04024712
0.05110262,0.047082122
0.044553597,0.045754038
0.040213417,0.06899943
0.054891046,0.065293014
0.05059464,0.036742203
0.06551937,0.034767546
0.07768079,0.06216535
0.04997608,0.19562593
0.043525502,0.14857219
0.0553344,0.037093915
0.043132167,0.049578346
0.04336642,0.049053162
0.04995087,0.039413527
0.049821742,0.051064994
0.047600776,0.04319427
0.056928746,0.062083643
0.0419141,0.053979095
0.043082025,0.06584799
0.037620634,0.033212095
0.056179903,0.0440361
0.054083552,0.054007076
0.04453269,0.023966556
0.040993623,0.02724463
0.06835203,0.057559762
0.096207924,0.03949327
0.052580178,0.05358605
0.03794482,0.060624145
0.061427847,0.03283008
0.058782276,0.07453969
0.074986115,0.034420688
0.046586674,0.07095502
0.049869798,0.04781765
0.043746896,0.05118581
0.9329869,0.952404
0.04611108,0.04659434
0.043804623,0.04776211
0.057343382,0.050050106
0.06281387,0.057557248
0.059294343,0.041583575
0.050386965,0.055545658
0.034790426,0.03928681
0.04626274,0.033768613
0.047897838,0.033048853
0.044340864,0.032626428
0.05292582,0.033238325
0.042122252,0.03774543
0.052310515,0.06566472
0.040352136,0.0536177
0.03774692,0.06624857
0.042797383,0.049686022
0.035018526,0.045925327
0.039534286,0.029396106
0.052253373,0.057388846
0.04740317,0.06187078
0.04098692,0.038340803
0.042399254,0.03991775
0.07470306,0.06725711
0.040311594,0.038965933
0.049003996,0.06394532
0.033948608,0.054702625
0.036617044,0.037924126
0.045618515,0.043526854
0.04919515,0.045832053
0.057256013,0.06110987
0.16903724,0.047928236
0.04919368,0.081461035
0.041381683,0.043969717
0.046986457,0.0417445
0.033881884,0.056665514
0.044850647,0.05365329
0.04359699,0.04698406
0.04563849,0.03345224
0.043941516,0.040897466
0.04502418,0.10885834
0.05030925,0.033184487
0.05556134,0.037237123
0.42057773,0.040890273
0.067002535,0.13478856
0.041175246,0.061612014
0.046291407,0.03943178
0.048978634,0.028245222
0.05132869,0.036258653
0.04119084,0.038987324
0.027569417,0.039999653
0.059638243,0.0529665
0.07762281,0.03817052
0.05470276,0.05082376
0.062473074,0.031956583
0.030163689,0.045415923
0.03757061,0.050677545
0.05025569,0.05260629
0.05164698,0.033990614
0.05325768,0.038971037
0.035033483,0.027156364
0.053106125,0.08418593
0.05029207,0.03866345
0.040186755,0.033662673
0.033377707,0.04115564
0.039860662,0.054225355
0.049764328,0.37231824
0.046689123,0.043560974
0.04820556,0.03736386
0.05979355,0.05766875
0.05747663,0.032105215
0.04620336,0.03890264
0.04794125,0.040263165
0.07198961,0.07076448
0.04868842,0.42898217
0.03515687,0.043843918
0.02776261,0.039489992
0.06776975,0.042769726
0.044548336,0.043223407
0.042339347,0.03554311
0.04507111,0.034433443
0.04192402,0.038784012
0.03965447,0.06123486
0.046877977,0.090149045
0.032903757,0.028386027
0.06828496,0.07514311
0.041385163,0.04140304
0.055091806,0.060235754
0.046146665,0.03142691
0.039849427,0.050765242
0.04438745,0.04551713
0.89747965,0.6115116
0.026342398,0.026822578
0.057323426,0.029233476
0.052775893,0.04463849
0.054096837,0.044853974
0.06412495,0.061463635
0.0406943,0.26594135
0.037432563,0.0377919
0.052040875,0.03774707
0.051358275,0.04848997
0.046705488,0.05243227
0.03496414,0.036927786
0.06779869,0.0382988
0.05393325,0.04003476
0.09187731,0.039196175
0.0465343,0.062297028
0.077143654,0.050227053
0.074986115,0.044970132
0.05391667,0.033214293
0.057702918,0.05006394
0.04263428,0.04124251
0.03698588,0.054985173
0.051732354,0.05777361
0.079233415,0.0666879
0.025867607,0.036082685
0.0426813,0.038278744
0.04097609,0.036397588
0.046924703,0.047569577
0.0432841,0.046258956
0.029119175,0.031901762
0.051502615,0.04924351
0.06053347,0.059905116
0.056659214,0.044621658
0.054697458,0.05825787
0.07989459,0.0397434
0.0485058,0.038720973
0.03894109,0.027380506
0.026689714,0.047339115
0.041636124,0.047954008
0.048868828,0.041573323
0.040633924,0.03916682
0.04313306,0.031642668
0.039857958,0.035174917
0.045444235,0.06123606
0.0685174,0.045620766
0.038116638,0.03231857
0.043751203,0.039006133
0.056658223,0.039675202
0.055177063,0.028398748
0.032741714,0.033959813
0.08253456,0.039163005
0.06109001,0.07507624
0.05889181,0.07030142
0.06002698,0.123607606
0.057347298,0.05500515
0.044460904,0.037932586
0.1848131,0.040883802
0.04922318,0.04192923
0.029249802,0.033285562
0.04512161,0.05374492
0.06721376,0.089041606
0.04082021,0.03297709
0.05609811,0.046347924
0.045158267,0.036304392
0.05033399,0.042723976
0.056383602,0.043393254
0.052587528,0.067580245
0.057526983,0.06255713
0.0656238,0.047747113
0.03986538,0.032527607
0.043770015,0.032602232
0.02733256,0.025533108
0.04802064,0.048621777
0.051463503,0.030610796
0.05992714,0.06692009
0.05228857,0.05243393
0.06079438,0.04788017
0.04086697,0.05796894
0.051919878,0.0565666
0.046802986,0.052818518
0.051997542,0.057248317
0.049230825,0.025281819
0.057227418,0.03498718
0.03979879,0.046690736
0.0639872,0.06961573
0.10149312,0.8630382
0.80814356,0.73205143
0.04748474,0.06079001
0.044483356,0.059986867
0.094969116,0.034831196
0.039334197,0.06116441
0.046687387,0.043416224
0.04666789,0.037333958
0.05588618,0.043766167
0.053116318,0.060827103
0.04176727,0.037167404
0.042427313,0.046333365
0.05628664,0.08914252
0.051494807,0.03989965
0.059361815,0.058968022
0.04538125,0.054162905
0.04946165,0.034174
0.036062084,0.07663435
0.055056315,0.060152493
0.046581686,0.049536288
0.028592678,0.05351986
0.038985524,0.044128302
0.044744916,0.04240879
0.04706238,0.04243369
0.052386172,0.053263344
0.04656346,0.03282905
0.0406994,0.08950598
0.04452281,0.029990297
0.052333474,0.02466943
0.03714555,0.03183084
0.06550233,0.057790417
0.039507728,0.056245886
0.066747464,0.02643986
0.05660831,0.04573607
0.045986213,0.033705626
0.03777497,0.07939408
0.038130164,0.044441454
0.06800219,0.04531205
0.03316915,0.12081351
0.047181677,0.0481731
0.04684857,0.03863264
0.17099592,0.3282733
0.051606856,0.05949806
0.046150446,0.036017437
0.03232146,0.038922127
0.05007725,0.03739172
0.038344916,0.047812123
0.076912194,0.05743886
0.04826157,0.024089687
0.047037646,0.18018037
0.065110914,0.04697794
0.04699687,0.06478457
0.04294085,0.05747965
0.062385723,0.067928545
0.0442364,0.035418328
0.06242953,0.0514689
0.034046523,0.03765275
0.06777904,0.047617905
0.058661647,0.0479205
0.056359407,0.05547746
0.03518139,0.04073702
0.048067547,0.05309455
0.036761355,0.056489635
0.06975736,0.07586808
0.0385409,0.03682509
0.04048836,0.046053614
0.037966006,0.037995145
0.058524426,0.04324413
0.06745406,0.03905715
0.04394749,0.03570867
0.061732464,0.067979366
0.04803678,0.27832487
0.05259348,0.05197981
0.05409507,0.097879365
0.056268428,0.10922583
0.05027802,0.042593412
0.03059366,0.056594536
0.08018977,0.08478733
0.036135085,0.050839584
0.04883855,0.043753967
0.055566147,0.057964828
0.052361816,0.05290829
0.0519683,0.037345696
0.031672195,0.052451264
0.04895863,0.03849897
0.20480582,0.029650554
0.04008288,0.040225763
0.038382012,0.038201615
0.035797685,0.096556835
0.047354113,0.048942164
0.047814474,0.14346135
0.04117402,0.03425341
0.21876884,0.06943799
0.04426829,0.05310712
0.06456123,0.06714047
0.047622044,0.058587458
0.033517886,0.03309453
0.03419881,0.060724344
0.04879482,0.059983894
0.040221427,0.030838227
0.04481545,0.045649663
0.05402625,0.046531234
0.041295256,0.055574775
0.046351224,0.06394261
0.05047765,0.06289885
0.05485466,0.03934067
0.06005375,0.061007813
0.07969373,0.030116696
0.05477132,0.08028483
0.051541403,0.048712272
0.039189406,0.047412258
0.058867007,0.17950048
0.03987701,0.055921152
0.056992285,0.035355955
0.04270227,0.04370544
0.045193393,0.058183398
0.045496497,0.041136406
0.04321186,0.038022842
0.048357897,0.055026356
0.043548234,0.035155736
0.050652366,0.031151738
0.045440067,0.029980429
0.04020005,0.043466654
0.04602353,0.04270439
0.05194806,0.057264447
0.051862333,0.03724546
0.07343722,0.037840277
0.04631463,0.06694481
0.04807278,0.03252286
0.05135555,0.05463047
0.037326638,0.04205638
0.049024966,0.062018808
0.03695319,0.032977365
0.029312652,0.050711468
0.3784663,0.03911887
0.06189043,0.03868308
0.039338082,0.049614873
0.033070587,0.040359605
0.035877734,0.035348214
0.038861535,0.039726876
0.044658724,0.16234419
0.051855285,0.0434498
0.02426726,0.04235996
0.05643637,0.0525681
0.051968735,0.0432652
0.04067837,0.046168637
0.04738497,0.028609173
0.037874285,0.04334396
0.040490106,0.065106995
0.047709584,0.039611503
0.051232334,0.074652284
0.12278102,0.055166382
0.038592283,0.040052313
0.038645204,0.042722885
0.057953283,0.071845315
0.059249524,0.05068432
0.046517152,0.044771656
0.04292484,0.05924561
0.048422508,0.06401564
0.04343022,0.056185514
0.052901614,0.05204281
0.048035827,0.03195391
0.041141264,0.032351565
0.040279448,0.051438015
0.051928073,0.049120903
0.052796368,0.046616044
0.057196125,0.046454813
0.05671247,0.44797304
0.054278843,0.033476546
0.043257877,0.045621794
0.042925607,0.040952507
0.061742827,0.05390508
0.056344073,0.033351403
0.037644293,0.048036635
0.020237999,0.03693393
0.051919695,0.05564575
0.042224403,0.032547113
0.051285055,0.04997924
0.025659304,0.04200875
0.045728974,0.034103088
0.044416633,0.039561667
0.03377079,0.051467024
0.050649703,0.054961827
0.04987839,0.05265945
0.02442201,0.044203542
0.052768108,0.052321818
0.03629865,0.023438651
0.06782648,0.053687498
0.03813793,0.03663198
0.043445513,0.032514468
0.048653547,0.037674453
0.03126339,0.05787759
0.050480124,0.05020847
0.05446056,0.065059386
0.053254895,0.05774226
0.035865262,0.045307044
0.0695306,0.050045013
0.04287809,0.044301074
0.045180768,0.057937354
0.04517647,0.03646902
0.0509134,0.037302338
0.053342223,0.065410264
0.05691747,0.041819103
0.041171048,0.035081778
0.04729528,0.028770154
0.03507024,0.049531195
0.06301311,0.03667852
0.05922555,0.057509683
0.039889086,0.05659141
0.04782929,0.049998038
0.032926403,0.020944789
0.032461792,0.0592763
0.05585318,0.059945904
0.066049956,0.05106036
0.04684224,0.029238656
0.038479935,0.040108904
0.04339225,0.03501548
0.04945534,0.040669937
0.039878357,0.041073233
0.036992107,0.05038341
0.0702274,0.040155575
0.046658233,0.026887542
0.04821034,0.059366688
0.055682823,0.028027913
0.025174525,0.030136075
0.03541124,0.036059637
0.050659873,0.049337637
0.045540627,0.07729243
0.058079492,0.051097564
0.039558582,0.032812558
0.101330735,0.034042668
0.034958616,0.030739786
0.04365975,0.04464201
0.049084734,0.046103474
0.030470688,0.03570997
0.054016635,0.039592247
0.042650685,0.038686827
0.061728083,0.052143972
0.049283564,0.02580804
0.05237012,0.043218117
0.05709734,0.07556002
0.05096685,0.029628402
0.044175435,0.03828331
0.0553574,0.034789678
0.04928401,0.036208387
0.054636594,0.059838817
0.036299817,0.042105347
0.057568822,0.06433548
0.033381034,0.041844547
0.060352203,0.031211775
0.038581338,0.0455172
0.045139812,0.032947887
0.0363502,0.04567788
0.05287247,0.045127563
0.035979655,0.042923287
0.043109607,0.03817966
0.045734998,0.046539847
0.04090173,0.034854773
0.035140026,0.04270168
0.05575129,0.03698769
0.04045571,0.028768284
0.08211635,0.059335865
0.04846951,0.025166938
0.039822556,0.033363413
0.03905323,0.042223036
0.056965332,0.04826069
0.03698666,0.044053543
0.030775983,0.044012275
0.03244926,0.05549558
0.033552375,0.0489687
0.048994314,0.043896094
0.051217407,0.022078393
0.02884433,0.044983182
0.05888435,0.06581437
0.054094817,0.051416114
0.040681858,0.06617518
0.042624947,0.6334109
0.039276734,0.041821007
0.06755646,0.03616188
0.03999965,0.06564424
0.048219338,0.034592323
0.029457344,0.03069576
0.03980609,0.039723728
0.039941594,0.05394779
0.04901942,0.046894986
0.06345644,0.043188326
0.034852497,0.038417842
0.02803356,0.055177312
0.09184829,0.04470704
0.057557262,0.030756114
0.053105548,0.049330246
0.04486796,0.033323247
0.056020863,0.036594447
0.0475518,0.039332367
0.01573754,0.05379172
0.05329966,0.027750423
0.041915003,0.05237305
0.049009096,0.031087626
0.040479325,0.07166415
0.037347768,0.03075749
0.047333043,0.012297527
0.03200204,0.040647116
0.03785822,0.04301354
0.10759936,0.057369895
0.043457713,0.037885852
0.055964723,0.045665596
0.047669236,0.045803856
0.049461335,0.062056296
0.057253927,0.0408527
0.049342804,0.05597147
0.0784144,0.94849765
0.03700618,0.052478477
0.09574901,0.04503737
0.037593227,0.046507757
0.04912622,0.04712442
0.032406487,0.04884725
0.047341276,0.054640938
0.049009737,0.075452104
0.0517573,0.023266545
0.07312196,0.052237988
0.044547506,0.049942058
0.042778485,0.046883665
0.062173184,0.046436474
0.1965504,0.04197909
0.053216454,0.03215197
0.04145502,0.037867643
0.042115293,0.034311205
0.051769104,0.06733018
0.047152545,0.039809
0.048258897,0.045737624
0.049364973,0.032702215
0.06451986,0.04727446
0.04243716,0.04447433
0.04707331,0.057836495
0.048154835,0.064129725
0.08163732,0.061794054
0.052003954,0.035786334
0.021537453,0.016691664
0.04292059,0.04045233
0.04874389,0.029864827
0.038190063,0.054514747
0.044169717,0.04044118
0.041408107,0.03714869
0.06840438,0.056932475
0.057077058,0.047256142
0.043600265,0.036652483
0.029456757,0.032658245
0.058694642,0.055312708
0.051983904,0.033763323
0.028971663,0.116788976
0.19775519,0.05995198
0.04569562,0.058850683
0.04256808,0.066644594
0.06424331,0.04317748
0.037706684,0.036395192
0.044014905,0.04797567
0.056183815,0.026412548
0.039690133,0.027970718
0.04746149,0.049484592
0.04431898,0.04083578
0.041727662,0.040555265
0.066479154,0.038072232
0.04706915,0.03068281
0.04472426,0.034113515
0.030188655,0.04799836
0.051218685,0.041988533
0.032930642,0.0463455
0.07616507,0.054488145
0.065064795,0.056976214
0.059767652,0.04025855
0.051643483,0.043465234
0.033531383,0.03142388
0.058853827,0.032694727
0.043132745,0.0445504
0.051912587,0.051780064
0.03754002,0.029782254
0.048836123,0.043000862
0.046673007,0.039190862
0.06327132,0.05503702
0.03114361,0.05624814
0.061450765,0.050670855
0.06457293,0.029785981
0.061562065,0.04311888
0.04896901,0.028712949
0.036463026,0.045832798
0.047732245,0.041434407
0.05376488,0.016393136
0.06219963,0.051103663
0.037945796,0.05949972
0.060827885,0.048735924
0.03334158,0.029680567
0.06392555,0.060968336
0.040237114,0.050195314
0.06654585,0.045309473
0.061172515,0.06247494
0.052707195,0.040925205
0.053486448,0.067944
0.037074275,0.076332584
0.08139408,0.04277379
0.044288825,0.049036704
0.034540378,0.027687535
0.04690093,0.04043609
0.040632952,0.04075204
0.058667995,0.063435815
0.054083623,0.035712704
0.026826993,0.046820644
0.030534076,0.050803058
0.059064582,0.044225726
0.057044994,0.058337897
0.2008419,0.04240324
0.037176285,0.02995588
0.05170373,0.029357174
0.0649794,0.049695358
0.057039212,0.038133077
0.049186807,0.041681107
0.06184502,0.045394175
0.04159954,0.052071836
0.042469587,0.03560334
0.049524307,0.035131976
0.036947995,0.031106217
0.050441917,0.05197004
0.04735022,0.03609732
0.040170167,0.046115804
0.046386603,0.05445752
0.052041825,0.06144936
0.04389164,0.03661707
0.046881817,0.03166654
0.052154873,0.047865983
0.047155548,0.037737373
0.05360141,0.05892116
0.061840154,0.041635837
0.04999065,0.053272177
0.051043097,0.10625776
0.07832547,0.05180177
0.050389573,0.046018183
0.05015315,0.026105331
0.05644041,0.040978454
0.037479877,0.03251014
0.04132085,0.03645098
0.059701152,0.040229436
0.04529168,0.040184688
0.03670263,0.052952994
0.037055016,0.057470687
0.035394143,0.0543792
0.03946437,0.05777175
0.034173865,0.031309955
0.042350225,0.058784824
0.10774429,0.09736756
0.055652726,0.034308672
0.042355113,0.032223143
0.06743516,0.032470968
0.032471586,0.04030439
0.052511457,0.053117678
0.037901744,0.052199647
0.042787418,0.1260104
0.02046126,0.027490685
0.049376503,0.046773255
0.07355662,0.044201575
0.0630892,0.051498435
0.05232529,0.05699237
0.05541585,0.025812335
0.06758244,0.04731682
0.035588697,0.103677996
0.046636492,0.042899895
0.053203724,0.0570254
0.037529778,0.03419684
0.040736556,0.04586613
0.046216734,0.08592045
0.039158233,0.06064139
0.046396066,0.04226015
0.055682823,0.05486003
0.04110175,0.032284196
0.03676979,0.04105531
0.032650728,0.040114764
0.04227963,0.05725004
0.04968425,0.05872058
0.058188338,0.04476726
0.032019675,0.08007395
0.049010243,0.042883918
0.04599978,0.037953056
0.17743708,0.045143235
0.034605276,0.04073363
0.06385035,0.040477972
0.04977458,0.046406526
0.056692556,0.035217784
0.028758068,0.044732176
0.052695278,0.04125066
0.05403479,0.04823634
0.04854088,0.047104288
0.063067354,0.038710337
0.0427914,0.049985208
0.050580848,0.046612483
0.033648912,0.073438
0.039665643,0.059142895
0.03739995,0.026340468
0.038575325,0.061574634
0.046853174,0.05141559
0.05874993,0.035851747
0.052230224,0.030796006
0.048198987,0.042739756
0.03796885,0.041020792
0.043130554,0.027912136
0.042983156,0.038033824
0.0452221,0.033971813
0.04391064,0.030542923
0.056368046,0.084326304
0.03820761,0.03377424
0.03258741,0.027114743
0.053537343,0.021282444
0.30913836,0.090181
0.04725618,0.034184907
0.046731193,0.034003507
0.035548855,0.02933136
0.044095267,0.031298805
0.062204372,0.057002928
0.063779205,0.049188755
0.050515037,0.046851706
0.058914244,0.049453903
0.043400917,0.03150496
0.039421324,0.046622995
0.04828747,0.050123855
0.026879663,0.037499987
0.04164237,0.035679795
0.062870696,0.029532418
0.03704425,0.046636134
0.026303062,0.053389538
0.05759695,0.04970751
0.054359086,0.06301358
0.041179433,0.071353726
0.055705983,0.039897136
0.040966284,0.046635456
0.059573058,0.0464998
0.053869795,0.049232166
0.053385653,0.056147456
0.06086297,0.057242196
0.054855168,0.054388557
0.06420847,0.045845628
0.035788327,0.052846782
0.03425722,0.063796684
0.052368477,0.057478797
0.04868122,0.08374715
0.04493546,0.034666196
0.046551183,0.04595171
0.053421743,0.031969383
0.037967615,0.031182997
0.04066889,0.02868497
0.076619685,0.04990656
0.0497572,0.021825004
0.03173175,0.034495607
0.09159687,0.06758798
0.066073515,0.050531242
0.049183045,0.059250463
0.059064075,0.055852447
0.052600842,0.04566317
0.06962821,0.051829882
0.037889637,0.031375628
0.05435801,0.04965704
0.03878728,0.049646415
0.028431974,0.046223547
0.05032948,0.04414922
0.04723906,0.058697302
0.045292705,0.06628637
0.03520896,0.026963929
0.04237365,0.03732972
0.072797365,0.0548077
0.060227964,0.057132266
0.039753124,0.043622598
0.051932827,0.04893248
0.054139342,0.044534378
0.033386964,0.046769954
0.03777206,0.04719826
0.073410496,0.05915503
0.05522744,0.043121938
0.037991,0.038011048
0.04710794,0.05337959
0.044559367,0.03990203
0.05812936,0.05188584
0.03652041,0.049125474
0.028436244,0.03505232
0.048118908,0.0318393
0.0699328,0.035997733
0.062274445,0.040693127
0.03942036,0.042654354
0.9122119,0.18558882
0.063284785,0.04265687
0.039508704,0.05418212
0.045753635,0.03694254
0.04523293,0.041037712
0.051567625,0.03765466
0.061227333,0.05239091
0.05151607,0.058129515
0.046599723,0.03704555
0.037789807,0.041033145
0.053141717,0.03194221
0.03836401,0.036841083
0.044636406,0.30841333
0.03345875,0.04956584
0.052622836,0.056583628
0.056906823,0.109777205
0.009791644,0.049281612
0.03516123,0.06294158
0.045759395,0.07057579
0.032989424,0.041910365
0.044301722,0.042066
0.06707589,0.052292984
0.01757384,0.049752824
0.047001343,0.05799683
0.0680683,0.060781483
0.04297569,0.038646553
0.03008867,0.03149491
0.039404783,0.045750935
0.04678004,0.033044253
0.052071325,0.04263042
0.05144737,0.05009553
0.04472767,0.033628356
0.040916625,0.04274214
0.04378055,0.044451945
0.04783745,0.062880665
0.0425145,0.041046873
0.032094814,0.042594373
0.07012986,0.0598765
0.040295724,0.03404527
0.037734672,0.4595108
0.045158267,0.032638244
0.032254454,0.032165863
0.036122747,0.047891207
0.052621063,0.03596408
0.04149348,0.016573112
0.0502688,0.02966449
0.049821623,0.061748743
0.036131445,0.068307444
0.044998292,0.038208917
0.042617172,0.04676112
0.038727634,0.04563482
0.044153806,0.05844059
0.070427306,0.04611318
0.03312792,0.038048975
0.052678995,0.08091629
0.041811705,0.023200914
0.04791105,0.032541618
0.029686648,0.03618432
0.039535586,0.048558168
0.0413706,0.036998346
0.05743578,0.0864393
0.055140436,0.058081992
0.0753678,0.056923494
0.03504708,0.02846945
0.044485535,0.05854018
0.05253649,0.05568291
0.04413365,0.059501775
0.0438377,0.05632845
0.064529695,0.06338403
0.06283078,0.06778616
0.04396547,0.041552402
0.047857054,0.040127266
0.06129795,0.036318414
0.05029322,0.044597525
0.04264303,0.04633457
0.048286386,0.09406603
0.03752635,0.038553707
0.063904665,0.05688699
0.058207765,0.07239719
0.036872815,0.03916852
0.0499118,0.039489314
0.03728787,0.074663654
0.17190617,0.041016772
0.038571827,0.036986195
0.036772326,0.047143217
0.049667317,0.034131624
0.056135952,0.04146597
0.058419414,0.04523808
0.037319962,0.04191266
0.04070082,0.05854149
0.08695599,0.06703045
0.043600906,0.04047314
0.05369179,0.052074175
0.04889017,0.049132533
0.045207933,0.048045117
0.059170995,0.04965179
0.049155645,0.042351436
0.04706915,0.046424888
0.048282493,0.016239041
0.042634603,0.036598753
0.04208891,0.05608669
0.03331941,0.029553534
0.026707621,0.062326144
0.052506253,0.035642155
0.0446677,0.044605635
0.037535414,0.050555244
0.045709323,0.030772235
0.056132223,0.07370802
0.050577663,0.044471752
0.04135197,0.0511474
0.04651991,0.050825376
0.053858407,0.040141977
0.034577746,0.03533829
0.042665478,0.05887322
0.037811443,0.035758343
0.04181358,0.049098935
0.05245756,0.042778406
0.04734,0.03481085
0.05615102,0.05436132
0.050302446,0.029344201
0.027646424,0.069650024
0.04580095,0.058269348
0.0642294,0.049400106
0.05390985,0.06891849
0.06000534,0.030233018
0.045140967,0.051132865
0.06569922,0.055996235
0.064489454,0.05998582
0.049736198,0.032120757
0.04463243,0.043272723
0.043337632,0.048826203
0.0200819,0.036761276
0.052432586,0.042966653
0.05874993,0.051957864
0.03480812,0.023287356
0.07895088,0.049575374
0.04602353,0.074991666
0.037411816,0.07028352
0.044490546,0.041765966
0.03838498,0.03778092
0.041371755,0.05618313
0.05765812,0.037977003
0.046335295,0.03208527
0.0355378,0.039357834
0.042393405,0.033403844
0.048814707,0.038865305
0.04122829,0.030729653
0.073189616,0.041293766
0.059446104,0.15914077
0.04718258,0.041978497
0.030597331,0.03977158
0.044745553,0.03166152
0.042826325,0.034958143
0.03238501,0.039437156
0.043037154,0.0428602
0.1107767,0.04852164
0.05995624,0.05536528
0.058731697,0.058514822
0.051824003,0.052945912
0.056375913,0.065402046
0.055144414,0.03984345
0.050647277,0.03090636
0.052852385,0.037371784
0.043762766,0.039804257
0.046335354,0.0549159
0.04477473,0.044769883
0.04171323,0.044237684
0.041333474,0.03959795
0.04229469,0.053739958
0.046738293,0.038935956
0.056057367,0.07253087
0.055536926,0.04304742
0.04453653,0.046086054
0.02638884,0.08284757
0.041521773,0.048370138
0.041673094,0.036301658
0.039954707,0.043619208
0.04125871,0.064900905
0.041596312,0.03622384
0.043483417,0.02686164
0.053661786,0.05590751
0.039706286,0.051497035
0.048329126,0.04684585
0.056834117,0.051098634
0.06765456,0.05661384
0.048587047,0.031126263
0.031134322,0.03847109
0.043285966,0.03188244
0.046762265,0.056145992
0.053644132,0.064699784
0.051387746,0.07187848
0.05097638,0.04051714
0.035506863,0.045952868
0.058411,0.042355895
0.055284653,0.101927795
0.041740924,0.067922205
0.049410958,0.03737505
0.04980271,0.038459975
0.0438822,0.043496188
0.05763747,0.029720033
0.031590737,0.042809904
0.04040079,0.033843875
0.035664678,0.032959364
0.054419592,0.0352942
0.9040163,0.9355257
0.054057814,0.04147535
0.04846811,0.03506335
0.06399854,0.0281644
0.06101019,0.047094975
0.04824715,0.0635838
0.05253567,0.046826765
0.052164707,0.05847152
0.05182229,0.030445466
0.0440443,0.061646353
0.06311311,0.21560553
0.047202,0.05984553
0.038485505,0.050670177
0.03887823,0.044864446
0.06434125,0.04389651
0.052283682,0.04892354
0.04116834,0.040142372
0.05323216,0.032490008
0.049177498,0.035409838
0.04862179,0.059251513
0.04049849,0.059848696
0.058874797,0.047554012
0.043306723,0.056387205
0.037055533,0.040884767
0.035053976,0.054722823
0.050582815,0.033714414
0.034083646,0.03255062
0.065910034,0.052873865
0.0349618,0.037348296
0.13547377,0.021494223
0.046602786,0.055121727
0.039276022,0.034961432
0.048627082,0.052578527
0.051333323,0.054869913
0.04957512,0.2506183
0.07671362,0.18151473
0.043980874,0.06122463
0.056600116,0.04106991
0.035958745,0.044398174
0.027581718,0.07162386
0.043308843,0.05019866
0.049329817,0.04456465
0.043911666,0.07891449
0.04062283,0.036135696
0.045410465,0.033496175
0.045956645,0.038681857
0.050385818,0.067172006
0.054223012,0.03035779
0.04472131,0.051689416
0.05878258,0.031100228
0.038745936,0.0558599
0.051622413,0.03951749
0.033503287,0.043957345
0.030738017,0.045579582
0.04913296,0.066240884
0.038861923,0.031918485
0.034187473,0.049772628
0.048658963,0.034398064
0.032318003,0.036854338
0.04694337,0.052309442
0.054067742,0.05743593
0.04774457,0.029919595
0.040319797,0.033455472
0.034652203,0.03869098
0.047185898,0.0513894
0.060721472,0.05874644
0.0465403,0.05246991
0.052671075,0.062782995
0.034816325,0.028304394
0.0448729,0.047421765
0.057680145,0.033046458
0.06541038,0.06140807
0.043066084,0.047114734
0.028751304,0.039325766
0.05061486,0.03739725
0.039825406,0.04642629
0.048378248,0.058323164
0.04886251,0.047497857
0.045039248,0.04501595
0.04036349,0.022217317
0.074680224,0.039554387
0.0609765,0.029184107
0.045839615,0.042895567
0.18941854,0.048695464
0.04666104,0.04780432
0.04155791,0.04971706
0.050215106,0.049697716
0.055373624,0.05062237
0.056220442,0.07457661
0.056111354,0.041073516
0.038862053,0.045656897
0.053101815,0.03277285
0.04947757,0.08602817
0.06314081,0.052972797
0.03575435,0.10029788
0.05761634,0.059029076
0.043235965,0.042473275
0.048341885,0.063454784
0.039515294,0.050901312
0.058991734,0.050513055
0.036685575,0.04143618
0.054734986,0.059719425
0.038318187,0.043495093
0.07770784,0.04548019
0.05669501,0.07124767
0.03931636,0.048306506
0.05591155,0.049702287
0.039425075,0.04628641
0.04940656,0.040163048
0.06464829,0.035017055
0.06280245,0.040879607
0.037401248,0.05961942
0.048472125,0.051004883
0.050938446,0.03405549
0.047113057,0.048116922
0.05729171,0.048438117
0.04224494,0.06135421
0.09406298,0.043371525
0.049129847,0.048345372
0.043318547,0.04130472
0.05891556,0.05056886
0.05653104,0.047318503
0.04907517,0.06413191
0.037997864,0.050627727
0.04521787,0.06409958
0.042559464,0.04103124
0.043109413,0.05390781
0.056438886,0.03702131
0.03422844,0.042019002
0.040700953,0.03077065
0.04720635,0.039600205
0.054207902,0.05218688
0.024546808,0.058783907
0.047703642,0.054182775
0.061077174,0.066874966
0.055818927,0.059474472
0.041643143,0.03749918
0.059404243,0.033945747
0.027107272,0.057565946
0.06125187,0.03701837
0.028836248,0.043610748
0.04079687,0.036929764
0.040278677,0.10465631
0.043701883,0.020597756
0.039645944,0.05582316
0.06574337,0.047190104
0.038644556,0.032626767
0.030092077,0.052913036
0.040565405,0.030142829
0.06430847,0.056353193
0.053327914,0.05072583
0.04091399,0.06933681
0.02289714,0.04240879
0.057863582,0.04704822
0.04257014,0.059230506
0.019067125,0.047721934
0.053391736,0.028503584
0.04125059,0.046226453
0.053614195,0.064293884
0.051360317,0.068611875
0.04924719,0.03947106
0.04147963,0.04675896
0.1267142,0.905624
0.040535666,0.043041717
0.05271474,0.039019007
0.04234546,0.051349334
0.051627614,0.047341935
0.062489703,0.045647237
0.048313368,0.074384555
0.039315265,0.036205653
0.02910514,0.039151624
0.052039485,0.14099126
0.04398588,0.031737898
0.03475086,0.03128923
0.041628074,0.058279425
0.04922178,0.054178253
0.12432667,0.034865722
0.0487377,0.036990497
0.053616215,0.051733878
0.052303538,0.04251837
0.06349794,0.035908524
0.038941678,0.049611833
0.03017896,0.035338085
0.050221983,0.05128577
0.051302902,0.040460635
0.049600147,0.06968415
0.037674095,0.04897414
0.047169995,0.038250722
0.05160489,0.04663419
0.056144472,0.060893882
0.0414371,0.055698235
0.032749087,0.07159715
0.049696214,0.06865918
0.054786358,0.039825745
0.040454097,0.035577614
0.05231362,0.02220735
0.03619373,0.03128806
0.04928905,0.06456789
0.04162131,0.03410981
0.050511923,0.060617387
0.05990331,0.0648848
0.039712228,0.03725318
0.045812093,0.05301691
0.057339042,0.030758869
0.07620395,0.038449068
0.046507884,0.03372532
0.04136042,0.05528838
0.03207952,0.036648244
0.057184547,0.04398163
0.061464332,0.056753278
0.038369518,0.028264228
0.051319033,0.05118915
0.02970481,0.037370965
0.044404384,0.063932404
0.04309115,0.048091218
0.041444127,0.04301103
0.033698052,0.055392645
0.051515695,0.029766463
0.0557272,0.06584128
0.05688502,0.042745855
0.03664547,0.057716448
0.04053321,0.049775053
0.044816922,0.038868092
0.08240393,0.037103817
0.044943605,0.024931759
0.045611855,0.049278595
0.04785591,0.046653796
0.046292685,0.046085857
0.03116455,0.052167993
0.050852455,0.022228258
0.030688979,0.03980594
0.036930546,0.04301767
0.06650107,0.046876255
0.046503402,0.051151425
0.04514751,0.04313488
0.03928876,0.0569189
0.083416365,0.047920957
0.042814817,0.062079817
0.062010713,0.041009516
0.041251432,0.046079323
0.04016248,0.03702922
0.053710833,0.043593064
0.041669495,0.033647843
0.056170065,0.047759835
0.06564568,0.048371952
0.05892919,0.040709436
0.0380127,0.0359376
0.048418492,0.048980396
0.043207813,0.028091663
0.04192704,0.036168307
0.048249193,0.043744024
0.03347707,0.022580437
0.0483445,0.043349642
0.05100421,0.043885406
0.05465208,0.044137985
0.03392645,0.03501479
0.046266004,0.03845602
0.041023668,0.025161868
0.044902902,0.035457138
0.082946256,0.02887605
0.050107345,0.038294427
0.04878169,0.033719342
0.0506092,0.03603228
0.045051042,0.044303764
0.03509046,0.049417354
0.03258584,0.04361724
0.057112508,0.048252013
0.050538056,0.0419042
0.055812113,0.05624368
0.039127205,0.048720144
0.05428505,0.076753475
0.05624618,0.0435347
0.043731287,0.043904226
0.040451836,0.043962415
0.060648624,0.033279452
0.05770079,0.052371982
0.053285416,0.03963096
0.053036127,0.045416865
0.037544552,0.044487182
0.039720107,0.31226718
0.048504777,0.04615056
0.033519387,0.04582436
0.04795497,0.048749782
0.033571143,0.0435836
0.057715576,0.046884056
0.044963997,0.03769698
0.05724354,0.030585025
0.04833659,0.04130907
0.054683484,0.06822202
0.052416917,0.046104874
0.040293463,0.037124854
0.06159928,0.043025322
0.04535934,0.029506538
0.033775147,0.05786902
0.040934626,0.03300003
0.045216076,0.046454158
0.044416185,0.06295682
0.04909378,0.07299385
0.057408344,0.049243182
0.059538037,0.08114697
0.058482386,0.0514924
0.05466503,0.045289077
0.05450639,0.06378365
0.046614815,0.056575846
0.036570705,0.058768846
0.06178862,0.04574958
0.17958246,0.047537725
0.050463405,0.025486823
0.03863129,0.031461053
0.054305665,0.035040203
0.056521468,0.048391253
0.06320054,0.054412972
0.043794807,0.042098984
0.033289414,0.040336676
0.053176366,0.035550784
0.033945344,0.03906253
0.04368204,0.032118548
0.0482462,0.050266422
0.04306936,0.03705669
0.040025476,0.023104712
0.044401433,0.05170463
0.049902704,0.03471479
0.049834155,0.07240156
0.046493556,0.037246414
0.05874131,0.07553799
0.06344683,0.04606662
0.049246624,0.04530698
0.05526111,0.0406448
0.053335123,0.041894693
0.047716286,0.027560776
0.038428605,0.03662938
0.04009586,0.04482112
0.044717334,0.036279712
0.040843565,0.04382057
0.060500577,0.039758373
0.06512659,0.05033895
0.07741154,0.042632125
0.03618463,0.039579306
0.033849373,0.06730568
0.04837046,0.04898658
0.03759122,0.057830177
0.047226537,0.03083437
0.055404168,0.0275293
0.047440156,0.0725344
0.057105087,0.03929233
0.048772443,0.07141155
0.047171336,0.12843974
0.057745267,0.05874729
0.04854234,0.045622665
0.05329935,0.03599124
0.044985272,0.04191395
0.03684213,0.04848918
0.04508046,0.05403396
0.041287072,0.04985084
0.049011134,0.041307144
0.041150674,0.043014087
0.0370089,0.038796343
0.057356283,0.054394875
0.06415898,0.042230293
0.04406901,0.051724695
0.033302974,0.04628919
0.051214427,0.03285324
0.04969583,0.05952641
0.03911608,0.017318545
0.042402085,0.028724829
0.042756297,0.035336718
0.053133108,0.041182723
0.056646623,0.038266677
0.055174083,0.23311973
0.052292313,0.036885902
0.028504549,0.044976145
0.046096623,0.03787337
0.040018246,0.033560615
0.036798142,0.03076982
0.049435925,0.051132277
0.046593264,0.029500056
0.37344068,0.061681766
0.04268439,0.04166972
0.05263462,0.2606125
0.034233127,0.032107618
0.039659966,0.027951144
0.043539505,0.09477937
0.066243716,0.03870237
0.03890739,0.058968503
0.04265132,0.04187067
0.03812538,0.02245935
0.03694184,0.044456076
0.033369098,0.07304275
0.056834623,0.027226694
0.03383693,0.038511038
0.18206935,0.033880237
0.037469573,0.03920884
0.061467394,0.05562564
0.049284842,0.05619137
0.054093298,0.046218958
0.04729164,0.22433664
0.051598165,0.057915233
0.04229565,0.053861886
0.06420798,0.047674675
0.03889938,0.037921067
0.046244953,0.03714876
0.09068767,0.055958837
0.043536484,0.05570429
0.11509159,0.04848715
0.046962354,0.042151753
0.037349004,0.041212343
0.038917877,0.053009827
0.037215315,0.06201953
0.040635597,0.020099722
0.04412671,0.05449387
0.10505289,0.03971258
0.049560793,0.04910088
0.056510113,0.036198955
0.057355594,0.03455148
0.05099639,0.050059505
0.05287444,0.054101177
0.041474864,0.047692575
0.05091474,0.0370045
0.028088897,0.06851373
0.043272022,0.04615926
0.0540907,0.04636506
0.059786838,0.05617395
0.035373215,0.048027694
0.047839563,0.04993561
0.052417047,0.05012143
0.06012591,0.052385643
0.05300407,0.04638233
0.030224683,0.040480617
0.043242514,0.0607777
0.055321157,0.044172674
0.06808386,0.06274547
0.04058818,0.046868496
0.030588487,0.041082196
0.057405017,0.05260869
0.07302021,0.053288
0.050532013,0.053707846
0.038448155,0.04219687
0.038912695,0.028024174
0.057208985,0.050753985
0.05501348,0.056929547
0.03625093,0.03882714
0.03162055,0.045856293
0.044265665,0.058698766
0.036639113,0.042838845
0.029413203,0.021202877
0.049581297,0.051682528
0.05497381,0.09655723
0.029638916,0.047852844
0.06419837,0.04640432
0.04441516,0.044885475
0.053958878,0.034319438
0.045486316,0.050708935
0.05405332,0.038937047
0.042331953,0.03279704
0.03682202,0.036692113
0.04074765,0.042659163
0.28469643,0.063037455
0.045112897,0.0865414
0.050923258,0.043339763
0.039660607,0.03712997
0.04429518,0.040224604
0.035373405,0.042295825
0.045518603,0.05076054
0.0424331,0.044048145
0.054762986,0.04757165
0.034255788,0.027442312
0.039272606,0.19955955
0.04588027,0.027425218
0.056925967,0.025500156
0.04388688,0.030315122
0.18735515,0.027791793
0.051425334,0.059603266
0.052724056,0.07188597
0.048234783,0.05596515
0.04993121,0.052524164
0.022043718,0.035346575
0.06275323,0.05514752
0.04537011,0.06243343
0.043378882,0.034871276
0.05549261,0.058948286
0.035109777,0.044683848
0.048327282,0.041275777
0.051637013,0.038329206
0.06813162,0.04496141
0.03219071,0.03180484
0.044025622,0.052850123
0.043058436,0.052982744
0.047062255,0.049916547
0.0481459,0.03568595
0.043074306,0.030641736
0.03167978,0.036297966
0.05075598,0.054678537
0.05576865,0.03028865
0.05622,0.06405632
0.044293642,0.036830425
0.043970864,0.04021352
0.048010428,0.061531223
0.06290278,0.052010063
0.047203023,0.04115162
0.05387682,0.047706652
0.034339793,0.041661568
0.04357104,0.046065353
0.0653211,0.040845484
0.046180777,0.06175851
0.05989743,0.041863807
0.046605088,0.036608536
0.043127857,0.039501227
0.042304665,0.039196435
0.048457332,0.064484864
0.038866,0.037374713
0.06435603,0.0421008
0.10728287,0.04037884
0.04651978,0.056793716
0.054159075,0.043512907
0.032391865,0.074302435
0.04875644,0.04745158
0.04868293,0.049238067
0.050852083,0.03189048
0.056072254,0.047728382
0.0501055,0.029474098
0.04298418,0.038701277
0.035621256,0.033693887
0.045266636,0.052602462
0.046005286,0.034051105
0.052862078,0.042118505
0.06074717,0.034909572
0.055634618,0.04973007
0.03723172,0.06103684
0.05051962,0.024033574
0.032997973,0.034988146
0.037493747,0.039296355
0.06573777,0.052511528
0.06392717,0.03987154
0.040185854,0.052349314
0.04341339,0.04787359
0.052099686,0.05962333
0.053945277,0.05027193
0.06668614,0.07579824
0.045728214,0.36815614
0.06962977,0.035303097
0.056729164,0.04858735
0.05229796,0.062801994
0.06992707,0.13690016
0.04843469,0.03736823
0.068168186,0.050907083
0.04244887,0.049841788
0.0640013,0.045518357
0.050218668,0.050869618
0.03005388,0.04632635
0.04076945,0.050046608
0.053497024,0.050477315
0.05782458,0.09783283
0.03703017,0.0401787
0.059302516,0.037751704
0.060122523,0.027245875
0.040636957,0.04784867
0.061480172,0.039881967
0.06676442,0.031464692
0.052423447,0.032621816
0.047204554,0.053530682
0.03661957,0.06329032
0.034814958,0.03583026
0.91919076,0.34958798
0.039210346,0.03474185
0.050030988,0.0506994
0.04401105,0.055267874
0.043943312,0.049706373
0.046134952,0.049609363
0.015128845,0.06554712
0.027746832,0.04765697
0.05626188,0.04067009
0.04129777,0.04323484
0.056829713,0.05068587
0.03799463,0.035537165
0.039526217,0.04171287
0.039998613,0.03860463
0.045958307,0.037921067
0.053134944,0.047330637
0.04244095,0.031440407
0.041554503,0.03323036
0.046480313,0.027204957
0.05318402,0.03802025
0.044527426,0.03698203
0.049312364,0.029909529
0.042658918,0.04449597
0.05795667,0.058485445
0.046984985,0.04796647
0.0692936,0.06336971
0.040293008,0.039238393
0.039682508,0.045583516
0.06715564,0.038192544
0.037124865,0.05156729
0.05448869,0.0476997
0.02890937,0.043104716
0.1054004,0.053836707
0.045784432,0.05336796
0.04651991,0.05650529
0.049544558,0.04344309
0.040992852,0.048165757
0.049353126,0.047196314
0.043373812,0.044049084
0.059193406,0.036904078
0.04377117,0.058017727
0.051573273,0.07607652
0.026077623,0.039030515
0.05361584,0.058762223
0.05674202,0.047922574
0.07810723,0.053329885
0.048556373,0.052100822
0.043142896,0.06373161
0.03372178,0.024729094
0.05422579,0.04475043
0.03165749,0.20652032
0.071094014,0.05063551
0.031845402,0.042964075
0.045752417,0.04027608
0.0413657,0.05147137
0.06724596,0.04693556
0.03057854,0.024236295
0.070224606,0.06879354
0.041934382,0.03636292
0.0640779,0.044825647
0.063329466,0.04658389
0.030215122,0.06171875
0.03633021,0.07581599
0.037711095,0.03907793
0.05372729,0.028215494
0.06113808,0.047251616
0.06691837,0.0407638
0.046138026,0.043380115
0.045853388,0.062117044
0.053271677,0.04099592
0.04782424,0.044505958
0.04203341,0.039725564
0.051822856,0.029220153
0.05519828,0.047782786
0.054745227,0.039196175
0.030409593,0.034698676
0.08245987,0.05152897
0.04074926,0.030376818
0.033142727,0.031679273
0.04432829,0.049428042
0.049904488,0.03445003
0.03729882,0.055043492
0.03958598,0.040140208
0.035724718,0.048337568
0.05517692,0.028035235
0.047849964,0.04168946
0.06809749,0.03805845
0.053008504,0.04976069
0.05072909,0.050244562
0.04268014,0.0487034
0.04955207,0.038450632
0.059898928,0.04754857
0.06242947,0.025400775
0.043432727,0.053837318
0.058102388,0.0570226
0.044168174,0.030147517
0.045752347,0.028607447
0.045977574,0.03985086
0.041074928,0.04284217
0.05033551,0.059956353
0.062380165,0.034305383
0.04301247,0.039642543
0.054679945,0.04288147
0.055683717,0.055281647
0.053251162,0.060725
0.04958933,0.06025145
0.05663358,0.045449805
0.052936092,0.05003441
0.026530854,0.059009403
0.026716048,0.050162766
0.053184915,0.032751005
0.04743109,0.04298298
0.03663047,0.050679162
0.046304904,0.036043156
0.050483115,0.047964238
0.042606108,0.06732408
0.048299406,0.050170284
0.03355843,0.029794605
0.03528706,0.050960377
0.04416921,0.022565955
0.049828872,0.05943082
0.05006007,0.04594058
0.011247462,0.03718195
0.03958127,0.051311366
0.051858965,0.054697752
0.039155588,0.053068496
0.06730421,0.0407462
0.054268036,0.037337366
0.022368513,0.037535485
0.056842815,0.036459044
0.046717506,0.06382658
0.046324294,0.025041545
0.061315715,0.03387523
0.02773789,0.033128038
0.051932767,0.02555205
0.04105191,0.03811056
0.043442626,0.04430147
0.042990476,0.039541382
0.046418335,0.05252141
0.038487572,0.040556837
0.038577396,0.041157607
0.049909893,0.03306692
0.041063003,0.040557317
0.047708113,0.040095724
0.041594062,0.054750036
0.04668106,0.03540751
0.040066026,0.031217698
0.049226943,0.05173803
0.056248877,0.045713797
0.046508968,0.06985117
0.048390932,0.12967835
0.056009382,0.065246545
0.04799543,0.04333618
0.042321783,0.025972057
0.04264676,0.05359466
0.047373727,0.06891941
0.04251302,0.03075501
0.038872406,0.031084534
0.039027747,0.04357669
0.039922085,0.05901244
0.040584695,0.05267088
0.031456836,0.036850307
0.048910126,0.039680798
0.04843277,0.05386169
0.05435238,0.10499659
0.038922075,0.12261823
0.052883435,0.04360721
0.040352,0.039977685
0.058430284,0.02990484
0.03232715,0.025540672
0.044095267,0.068012245
0.041704085,0.043185264
0.046564355,0.039214425
0.05487254,0.054250386
0.08231535,0.033111632
0.048718132,0.038211845
0.055665787,0.072129875
0.03802856,0.046240136
0.05075223,0.023568766
0.041723665,0.05108401
0.04521992,0.057650562
0.03832414,0.044140894
0.0647443,0.0421723
0.19139932,0.036985505
0.044044495,0.0949593
0.0442588,0.04633376
0.056704845,0.037618756
0.03790492,0.04008239
0.05943097,0.038338
0.038073186,0.058848828
0.04358132,0.055216156
0.056941643,0.04085508
0.07194506,0.023592288
0.043555688,0.04924386
0.044674948,0.03719465
0.047918584,0.035323504
0.04075997,0.07089436
0.0712983,0.060057387
0.040787123,0.04229622
0.048583597,0.041505713
0.038958944,0.081467986
0.030689444,0.124553114
0.050689105,0.04508264
0.044733882,0.042571377
0.04451396,0.03991659
0.04130576,0.05997358
0.04905204,0.05239535
0.06823473,0.06058987
0.054245714,0.06391127
0.05200681,0.034722045
0.042709082,0.04668171
0.047411803,0.054262847
0.048297163,0.039371733
0.08436959,0.04908228
0.033773262,0.030180754
0.04562107,0.042368177
0.037270043,0.04045384
0.03777439,0.039749194
0.045128535,0.02837725
0.044176076,0.043516494
0.398615,0.05108294
0.064281374,0.03883478
0.059557483,0.04242792
0.03012976,0.03436159
0.0366578,0.05103959
0.09261216,0.04347249
0.048476335,0.0363941
0.06881116,0.046819553
0.041199997,0.049719337
0.05531767,0.051122744
0.06698434,0.06074583
0.05255589,0.038335074
0.040128782,0.044306345
0.053703938,0.050289374
0.047405414,0.024624685
0.04417081,0.050448548
0.065211974,0.034282748
0.035622817,0.04815063
0.04421837,0.0416262
0.042275056,0.037546884
0.036974724,0.055969547
0.04608932,0.035550717
0.045937438,0.030764792
0.04467354,0.06183716
0.04792331,0.055038355
0.039633542,0.065693036
0.04462178,0.043896444
0.051132604,0.036062095
0.046139628,0.04065105
0.05071314,0.069056794
0.0374216,0.038022775
0.042402156,0.038781006
0.052970428,0.04417694
0.073650576,0.022261439
0.057746828,0.038764514
0.048155405,0.048935845
0.04775996,0.07176004
0.033039924,0.048986778
0.07628392,0.023854103
0.039477553,0.057647046
0.049222156,0.02797286
0.054311607,0.15297046
0.04172186,0.033992458
0.045547675,0.058963325
0.050083414,0.024900587
0.045829058,0.045271788
0.05944535,0.052145522
0.036667272,0.046674017
0.059981268,0.056837127
0.039297935,0.05917437
0.04526631,0.033487245
0.057701904,0.04087716
0.047581743,0.06592404
0.041206893,0.036261175
0.039149575,0.030097876
0.079273775,0.04917883
0.07329532,0.047549773
0.055867437,0.038108934
0.042365022,0.054522615
0.046870623,0.04586803
0.041485813,0.055520214
0.14257075,0.030740539
0.051512074,0.068169646
0.050425883,0.04393365
0.04146314,0.04369556
0.035620283,0.074911945
0.040064342,0.030501293
0.05405889,0.031776007
0.056324158,0.041479897
0.0518252,0.026792927
0.07584261,0.056857083
0.045740828,0.027527977
0.049163353,0.036825236
0.045580987,0.043936033
0.047199577,0.050139006
0.03172893,0.023286732
0.040042583,0.049851846
0.05157962,0.05236844
0.042897765,0.030196471
0.060188983,0.053042024
0.050590318,0.06591438
0.06535913,0.04198099
0.070029765,0.026670111
0.054842282,0.03181578
0.04975656,0.062450327
0.047677156,0.0632035
0.045324426,0.049792234
0.046575297,0.044979118
0.07671997,0.053100586
0.047917187,0.04421449
0.04436165,0.035564948
0.048362043,0.038290888
0.05670862,0.05129132
0.045152243,0.051133607
0.019400936,0.05495256
0.096864164,0.052197568
0.03909086,0.05018799
0.049460564,0.04803786
0.038311645,0.03382055
0.038622174,0.037405983
0.05269015,0.056506686
0.06654622,0.15997769
0.053195685,0.043032646
0.054910313,0.057534996
0.04948788,0.04028159
0.036117554,0.031092042
0.044667505,0.033752415
0.05400398,0.12594931
0.044049177,0.054215476
0.045764323,0.04346165
0.044340093,0.02923624
0.037233863,0.06940654
0.051065203,0.037072808
0.03511004,0.03111848
0.05575766,0.047529027
0.04058818,0.0655027
0.046968427,0.06174087
0.048003916,0.05359138
0.041720632,0.039365746
0.028169654,0.046159063
0.071638025,0.06609672
0.046029735,0.031699087
0.058440343,0.041931678
0.0458457,0.032051977
0.037933614,0.06533988
0.05569211,0.05661609
0.033264175,0.044770844
0.031183127,0.039000887
0.049959917,0.12608132
0.043029893,0.042042937
0.042525757,0.046536677
0.05287298,0.05239594
0.05474466,0.04483404
0.045610696,0.032300208
0.06298988,0.036876954
0.038721357,0.04215888
0.051988214,0.029596662
0.033495072,0.06533791
0.04907715,0.062250514
0.06704293,0.038952578
0.118243,0.05471443
0.040312953,0.047775377
0.04464269,0.055511888
0.035833746,0.08166205
0.052212723,0.039616946
0.042896993,0.056989506
0.03606365,0.026522454
0.047471773,0.043052558
0.032591395,0.035698887
0.048309222,0.038223986
0.03680087,0.04138022
0.033743612,0.061073586
0.04412222,0.042788964
0.046700247,0.037427556
0.040172815,0.046168506
0.034625575,0.052092995
0.031407855,0.047234982
0.06450958,0.045513153
0.052146118,0.054457914
0.041171696,0.037285954
0.047184944,0.048138324
0.066577084,0.05740585
0.034931093,0.034199506
0.031992365,0.1137613
0.04545851,0.04420868
0.056770436,0.045812357
0.034493186,0.06129845
0.037357625,0.04876283
0.037463866,0.034844488
0.049856048,0.066062905
0.054603353,0.04354277
0.053087812,0.03200343
0.047075417,0.05051782
0.05162,0.037447557
0.05088881,0.03501089
0.05258917,0.33406344
0.038618483,0.053906545
0.050739586,0.054188985
0.040974345,0.032998927
0.04086265,0.06726182
0.032814745,0.04770827
0.042099394,0.043703604
0.04808075,0.028175328
0.041100077,0.095180444
0.043480396,0.036286544
0.04773391,0.03460027
0.04897093,0.041286927
0.034913268,0.028700173
0.037851095,0.047341477
0.037139192,0.04992407
0.040016755,0.03433301
0.05861133,0.071879655
0.044503495,0.040627595
0.05576851,0.051540773
0.038845494,0.036249142
0.04392078,0.043174095
0.046796273,0.040063
0.045224786,0.03624921
0.044660002,0.05057966
0.03717888,0.049843516
0.056779742,0.05261558
0.04691378,0.039981358
0.038298696,0.03965649
0.041359253,0.0332754
0.052097335,0.0486564
0.041020647,0.0491893
0.03471676,0.03988828
0.05002514,0.03713524
0.06200104,0.036072217
0.042946894,0.07058336
0.052425355,0.0662145
0.061281726,0.041767713
0.042197045,0.056900233
0.058683448,0.0536085
0.093804546,0.06387144
0.059150655,0.0503873
0.04979126,0.06201953
0.036440633,0.061559968
0.042290956,0.045323394
0.033467032,0.045232397
0.040576886,0.03833418
0.06402935,0.043907944
0.04726947,0.050418362
0.041573834,0.029518265
0.04674603,0.038601425
0.06475771,0.055898376
0.042253558,0.055471316
0.05391446,0.05572042
0.0340204,0.058219638
0.04278819,0.035702504
0.038611103,0.030423136
0.051939238,0.04058757
0.04420059,0.026271919
0.044902265,0.07255619
0.03426745,0.05010434
0.033343077,0.047000587
0.043884378,0.05385734
0.06199828,0.047356013
0.056937546,0.0560652
0.05548466,0.103724286
0.052569903,0.03626733
0.052441772,0.057062034
0.048221894,0.047076657
0.036357414,0.038574364
0.053150207,0.05811325
0.037871305,0.044886414
0.056497134,0.04213724
0.050603796,0.036657948
0.026793875,0.04506817
0.042984504,0.034228723
0.04169661,0.040626176
0.042041585,0.027854877
0.04192125,0.034149308
0.04257304,0.030501228
0.046106033,0.044248372
0.043282304,0.059868764
0.040565852,0.045931272
0.06604871,0.047980785
0.04247242,0.046658516
0.03824755,0.030674951
0.037823178,0.0490943
0.04543833,0.036190603
0.04400013,0.060526893
0.050345056,0.08196814
0.051346596,0.044264134
0.03214681,0.047928434
0.043986592,0.04013992
0.051755078,0.02236353
0.033656403,0.05048737
0.045161664,0.05066937
0.046996098,0.048730023
0.064186096,0.05548198
0.039477814,0.057963498
0.048044447,0.038609263
0.054484013,0.039935563
0.04870436,0.046093203
0.056138024,0.04864014
0.053887386,0.0382347
0.057353523,0.06247308
0.06765908,0.062059555
0.030221803,0.04032756
0.058563955,0.055149183
0.03823007,0.03372662
0.022091651,0.05150099
0.03424296,0.049423344
0.09109243,0.03202131
0.046314437,0.056532413
0.042159334,0.048380826
0.040965576,0.030787122
0.067581505,0.031838547
0.052713662,0.04800568
0.059504915,0.0543077
0.039623402,0.033019595
0.039279643,0.03869167
0.04908639,0.05514892
0.040485654,0.041743428
0.053492207,0.032093104
0.038901836,0.05353136
0.058663737,0.044693116
0.044627298,0.04804868
0.049427263,0.04964482
0.06362199,0.06634342
0.039615776,0.047255594
0.05189545,0.049807142
0.045126103,0.040692165
0.047629707,0.020083863
0.0570353,0.04713325
0.055813067,0.042669196
0.04173996,0.044726364
0.046349175,0.04044337
0.036836877,0.061622594
0.08525519,0.039920196
0.02565904,0.033500697
0.045716237,0.05529026
0.051393777,0.06333419
0.08592794,0.058504287
0.045241833,0.0463246
0.056091864,0.06390377
0.037969887,0.036778357
0.07188251,0.038526516
0.053869672,0.023150442
0.043424312,0.037402235
0.05389921,0.04370557
0.046892617,0.032838047
0.066241786,0.043068755
0.045043476,0.03959592
0.02439301,0.048067674
0.05476267,0.040047284
0.04636741,0.059675857
0.044229016,0.037902575
0.14835313,0.030329876
0.049976524,0.067151286
0.049144503,0.065815024
0.034792904,0.051604517
0.049452484,0.038344823
0.050291117,0.03665494
0.2247161,0.021056913
0.041820142,0.049190916
0.03709484,0.037152037
0.20946778,0.048917286
0.07393231,0.07232689
0.045721937,0.06293327
0.04230871,0.04091399
0.042106606,0.046971668
0.050176565,0.039633278
0.043689806,0.060588885
0.077274,0.046873543
0.039897412,0.064892165
0.05680773,0.019070877
0.04701278,0.042022455
0.047800563,0.058413986
0.05705041,0.06883379
0.03417718,0.048529446
0.050543714,0.053407308
0.041939795,0.033521224
0.041286748,0.04025324
0.035290245,0.031663794
0.062992804,0.051769506
0.038406793,0.062247213
0.051159292,0.048300583
0.05377476,0.057982884
0.059666656,0.05714053
0.05706931,0.07003874
0.0439055,0.033991225
0.045273807,0.039068114
0.095052555,0.059289698
0.03496902,0.040701
0.046934042,0.061907284
0.046361264,0.051976074
0.0638695,0.05127578
0.28665718,0.06649055
0.048146926,0.0342602
0.041374464,0.03883239
0.068277396,0.04652697
0.04759094,0.031709544
0.091163896,0.03454078
0.04834386,0.045421913
0.048172764,0.035870764
0.029688412,0.096471
0.043241166,0.042031813
0.050134573,0.07057704
0.055796903,0.06131681
0.041552305,0.04011013
0.03351658,0.033809848
0.048547316,0.041668363
0.055729896,0.06543267
0.058573183,0.055270586
0.0432066,0.04982662
0.047568917,0.049914885
0.061570074,0.051869772
0.04281867,0.052924205
0.052463267,0.042972535
0.040798735,0.041421644
0.039121058,0.041543987
0.061561942,0.060152363
0.045231063,0.054000735
0.04989946,0.05262019
0.058287974,0.0693925
0.04083015,0.041761134
0.034277864,0.0547503
0.048743814,0.053648632
0.049154114,0.038977038
0.0387235,0.053240307
0.040308625,0.038616564
0.046135336,0.054616872
0.047646947,0.045650624
0.032769002,0.041237067
0.04023265,0.02624925
0.048363958,0.11668217
0.05945107,0.02975715
0.05120312,0.04686176
0.048705697,0.02898013
0.08087617,0.053066548
0.040551018,0.04459853
0.038161572,0.043195494
0.046143398,0.026736956
0.13844067,0.078927584
0.0492628,0.05549324
0.059438456,0.056672353
0.052504357,0.035284683
0.053517275,0.03645316
0.04712891,0.029269379
0.040408473,0.039360344
0.060515866,0.056801893
0.037492186,0.055231217
0.04657132,0.037492074
0.05157607,0.047647808
0.043042943,0.04078616
0.043889966,0.056470882
0.03954515,0.03337398
0.05731795,0.050702836
0.06210374,0.049456175
0.06340671,0.054569438
0.037918586,0.043418106
0.045672238,0.046298895
0.06761469,0.045705557
0.03095498,0.03021081
0.03003796,0.03901457
0.05289098,0.059699774
0.043320727,0.05991517
0.046697173,0.046697687
0.039375957,0.03923867
0.06038021,0.03293182
0.05986135,0.06457276
0.057967927,0.05140186
0.050699156,0.07536019
0.058032703,0.046275616
0.05535235,0.05599158
0.036971614,0.032626014
0.045478377,0.038552146
0.058726303,0.02664198
0.034861736,0.030393638
0.07323758,0.050442167
0.028967526,0.05599005
0.049592633,0.03567644
0.05744,0.03454304
0.026322167,0.03338216
0.038360707,0.037919767
0.047856994,0.034996778
0.0371838,0.044720285
0.06747913,0.060748804
0.05147398,0.05110727
0.046049133,0.066567324
0.07376439,0.0385362
0.0657517,0.03725228
0.052313495,0.065631606
0.05974577,0.042531792
0.04167857,0.03621195
0.051294647,0.051981296
0.04632346,0.04549324
0.041879006,0.058991957
0.042544283,0.04919588
0.03805751,0.052559335
0.26428622,0.039116956
0.042732883,0.033277117
0.04932217,0.05507167
0.033464357,0.052138835
0.06679249,0.03227333
0.05840457,0.039344892
0.050812677,0.03412792
0.044658843,0.030290715
0.035411697,0.02558085
0.039441817,0.03876847
0.06111873,0.03860313
0.051386345,0.037982732
0.039306402,0.032684147
0.050415073,0.047856495
0.054440957,0.05100462
0.05142858,0.051370427
0.05063858,0.04425657
0.053811323,0.053934917
0.045195054,0.05656787
0.04961269,0.24505085
0.10740534,0.03538766
0.04814712,0.06270247
0.04841186,0.042015333
0.045269456,0.029251006
0.04579141,0.025599997
0.051068,0.03329778
0.03852944,0.047679987
0.048344366,0.07443142
0.03146664,0.041168887
0.04415579,0.029031303
0.20930341,0.04970482
0.044163045,0.13762514
0.040905472,0.03338298
0.033935964,0.036944114
0.047377378,0.040761087
0.05728465,0.050059177
0.04583578,0.03961804
0.040644825,0.027606385
0.04592291,0.0526008
0.066671774,0.041120447
0.045936994,0.070231885
0.064013325,0.0607332
0.061416287,0.045273144
0.06973466,0.05666464
0.049044468,0.023697888
0.046595436,0.053757206
0.052074376,0.04281445
0.044617616,0.027186748
0.060434908,0.038868573
0.05112003,0.0533317
0.036034413,0.04039095
0.059072107,0.039108377
0.04865578,0.046748247
0.03840143,0.05731011
0.06422636,0.044677027
0.038469706,0.0259989
0.04144219,0.05740406
0.06372047,0.05568704
0.05147581,0.061529562
0.048019808,0.045468997
0.06397611,0.04269639
0.043317128,0.03745371
0.03985757,0.039965924
0.045532566,0.031006157
0.04043403,0.03697382
0.07241575,0.05529391
0.03917673,0.047819074
0.051856868,0.05721083
0.042202067,0.029977947
0.052063465,0.03915919
0.053013634,0.02823838
0.066692345,0.03378467
0.05203415,0.041156515
0.05053176,0.06093865
0.035796583,0.03177333
0.14405586,0.048303403
0.035009023,0.05382276
0.036429856,0.060189895
0.03889692,0.046080656
0.04959454,0.049269523
0.034467924,0.03346082
0.05485877,0.037148617
0.043301318,0.019591918
0.048252326,0.047318984
0.03309374,0.06975947
0.043953776,0.034749728
0.9066568,0.05417692
0.063292086,0.031932715
0.042793337,0.06854331
0.03152798,0.049467456
0.024894053,0.029852761
0.18613592,0.044175606
0.057419233,0.03986039
0.04388091,0.0451487
0.046167463,0.049669452
0.054650944,0.04147039
0.048069898,0.04331688
0.055225678,0.036805145
0.09962483,0.045873083
0.04529502,0.03312969
0.05536541,0.059763405
0.05357621,0.05912871
0.04439264,0.06305354
0.049002405,0.05550349
0.036854524,0.032620996
0.060610596,0.061641086
0.051223066,0.045466833
0.04008365,0.051753834
0.05197261,0.04305514
0.051033948,0.044630643
0.043621853,0.033800036
0.052460287,0.060338274
0.108591534,0.04963085
0.037515003,0.040783167
0.04948056,0.027032698
0.037585385,0.041788284
0.03165971,0.025276398
0.047676697,0.055542663
0.039233424,0.04726132
0.055046905,0.047868803
0.04782271,0.062997304
0.061392944,0.033725593
0.042242292,0.04573972
0.047345363,0.047546275
0.022980828,0.05766178
0.048951864,0.034041293
0.060167406,0.048157953
0.0383567,0.041263822
0.030911457,0.05284632
0.045214597,0.059199095
0.04352826,0.05382949
0.045557097,0.038284197
0.0496677,0.040950276
0.050309695,0.040245216
0.041777764,0.0286952
0.085384965,0.05175744
0.04171581,0.039511018
0.062731184,0.036763396
0.058792517,0.065680355
0.037991263,0.037620604
0.04009444,0.045589592
0.051065646,0.054024953
0.06313526,0.045856293
0.039255276,0.05580425
0.056485288,0.043247256
0.039867446,0.039853375
0.04158665,0.043530438
0.051244907,0.13550144
0.05047549,0.04238195
0.048919618,0.035748564
0.047050238,0.05983803
0.050443184,0.039181046
0.04381003,0.037039332
0.046324607,0.030675083
0.039962776,0.04054827
0.048284348,0.015781151
0.8665852,0.89383686
0.05772979,0.048361786
0.05560659,0.04393203
0.045469917,0.040912636
0.03923039,0.044292353
0.052453443,0.06289767
0.059298743,0.05468741
0.06770818,0.062278625
0.04889024,0.047376014
0.04860119,0.030587986
0.052698705,0.040806487
0.049699977,0.043666795
0.044449486,0.037626136
0.7161588,0.9019756
0.0322218,0.062261596
0.05730643,0.055111125
0.02318267,0.03509862
0.06929275,0.05423495
0.042584945,0.053503577
0.048360642,0.032671295
0.038024228,0.051967964
0.04501419,0.04261667
0.039627012,0.054983687
0.044018816,0.024166094
0.05521426,0.040863693
0.05039028,0.049517687
0.051143788,0.035270028
0.061951574,0.046913654
0.05180369,0.064574204
0.048161536,0.033622246
0.061371103,0.019899713
0.046827607,0.045031294
0.037952144,0.03128979
0.03970221,0.045128655
0.03165245,0.05345682
0.03861253,0.037426542
0.032973576,0.04740229
0.05711565,0.029271586
0.029516492,0.05485144
0.049827352,0.050727557
0.054736447,0.04061332
0.026352871,0.03707691
0.06851028,0.04356633
0.046163365,0.037224565
0.04277179,0.029948087
0.09747624,0.04005089
0.04943834,0.049218524
0.057121776,0.033627458
0.058204297,0.04274308
0.042290185,0.040960178
0.057727966,0.049993664
0.04443447,0.033885658
0.039671272,0.043512296
0.03212911,0.05212666
0.054447345,0.035442077
0.047268063,0.053614225
0.04322112,0.046579365
0.047401063,0.041987177
0.035197906,0.06915813
0.044242047,0.050299164
0.059966646,0.039116345
0.044106178,0.044778276
0.062349685,0.052225485
0.040095594,0.057332955
0.041367892,0.06434701
0.04227763,0.033213187
0.054891877,0.058187462
0.056492224,0.037063375
0.061731327,0.045046683
0.048360318,0.038582407
0.05285086,0.054466788
0.026304442,0.044587843
0.05252477,0.06494642
0.033101507,0.034836203
0.047179192,0.038934052
0.049210504,0.07308618
0.05774326,0.050071113
0.0413376,0.039628927
0.03418917,0.05326916
0.03602707,0.022386188
0.034545064,0.059581734
0.059244636,0.058055043
0.053884536,0.050820347
0.032979902,0.043823086
0.045988455,0.056222323
0.048772443,0.031805255
0.046394788,0.050782073
0.070954524,0.05147828
0.04871208,0.08408413
0.049907856,0.060162023
0.038288336,0.046708945
0.052928995,0.038413003
0.027345723,0.03766217
0.056126807,0.03268147
0.05693,0.043187167
0.049374778,0.85995466
0.049707614,0.052611228
0.041411333,0.0580555
0.06780255,0.03254368
0.051988915,0.04190398
0.048075844,0.031842053
0.054465365,0.06561336
0.049583405,0.04303846
0.06428811,0.043582637
0.0379932,0.03614294
0.043193102,0.039227903
0.048397698,0.044676546
0.044831738,0.048051782
0.04607038,0.056657184
0.06733437,0.046128284
0.046828438,0.056880802
0.05353007,0.03911308
0.039920412,0.03694595
0.08585544,0.032081004
0.047612652,0.057103697
0.055127863,0.039115593
0.044509854,0.048583176
0.059487842,0.043669898
0.0463502,0.049205955
0.03769781,0.033503037
0.038805906,0.049114194
0.10478603,0.041924134
0.0461953,0.038154695
0.040313277,0.048081316
0.043358967,0.057144113
0.043892916,0.04956007
0.04044364,0.04255715
0.05628595,0.050563965
0.046830416,0.02781517
0.037877195,0.04566291
0.048110936,0.053076517
0.88879037,0.095454685
0.033475056,0.047539737
0.058380313,0.052379962
0.06176611,0.0402916
0.044424918,0.038237017
0.041215654,0.04969503
0.032388527,0.034641877
0.05573515,0.03241501
0.038803454,0.03708237
0.056999646,0.037515692
0.047135297,0.04966563
0.039961416,0.045776773
0.03974995,0.037238084
0.033991866,0.0374664
0.060976807,0.05288488
0.046761755,0.0502899
0.039187457,0.037993167
0.041083507,0.033430412
0.06148354,0.05847694
0.04855624,0.037047256
0.03687457,0.04319462
0.04007222,0.07198307
0.04351965,0.0503205
0.042523626,0.04406032
0.04706685,0.040123332
0.05621736,0.06335067
0.039448347,0.045854677
0.048574798,0.031588852
0.037617855,0.041890144
0.042392753,0.037496097
0.048315093,0.041790184
0.055782218,0.05884697
0.045434874,0.041224364
0.038021572,0.06194943
0.031168798,0.02163271
0.042284455,0.042442497
0.061819386,0.056981266
0.04405662,0.029038068
0.048975453,0.058085907
0.05700299,0.06340583
0.034668144,0.050065733
0.047728352,0.8429674
0.030289145,0.027528469
0.0719973,0.060612034
0.038275912,0.023249496
0.043958917,0.045512605
0.0420016,0.06407956
0.042261153,0.055778872
0.051869754,0.053728744
0.035624836,0.061029103
0.046518754,0.071808
0.082728036,0.8460875
0.05139759,0.044391483
0.055142954,0.060928527
0.04209476,0.035896078
0.11251556,0.047597576
0.04482763,0.039492507
0.03795914,0.03818913
0.047842503,0.060368765
0.05076717,0.02965614
0.04298997,0.04223309
0.034842994,0.057047192
0.04478159,0.05098772
0.036714382,0.043816637
0.04424217,0.04069116
0.040938236,0.06654619
0.050439432,0.049913727
0.047129992,0.061852876
0.04160771,0.044630576
0.078626804,0.052529912
0.048813175,0.04616689
0.058729324,0.05196322
0.046752673,0.035402786
0.05658517,0.04409158
0.04951209,0.05516492
0.044508506,0.044380862
0.03958004,0.022604264
0.04453769,0.029464578
0.06492699,0.06021796
0.028362148,0.030663924
0.055377215,0.070207275
0.054829333,0.06341848
0.059847254,0.035585966
0.054456636,0.032004118
0.03347108,0.03042259
0.06452647,0.034910742
0.062658355,0.06083438
0.032640412,0.042462632
0.05495694,0.050217982
0.038349967,0.05463753
0.049686156,0.040530127
0.05647961,0.041987307
0.06419594,0.046542622
0.053845752,0.055848185
0.04707842,0.03998938
0.05006917,0.055454005
0.04544762,0.030025741
0.03500877,0.03525901
0.028842881,0.06491715
0.04180269,0.052465715
0.02003568,0.043786865
0.04966681,0.05215276
0.09615959,0.04280245
0.05089186,0.03587918
0.045476835,0.05721109
0.05671101,0.06738524
0.04649841,0.057365656
0.03826419,0.049791295
0.042821895,0.04741899
0.037178233,0.03373424
0.10704662,0.047607347
0.053227596,0.062178772
0.04493668,0.06613946
0.050441664,0.036473807
0.072526135,0.047644094
0.049877435,0.05538893
0.053799246,0.046434727
0.040565792,0.039226208
0.04627202,0.033734787
0.05055293,0.046291333
0.028838744,0.036126394
0.04529162,0.032693014
0.029407494,0.0348893
0.03791658,0.046673752
0.06021123,0.049938295
0.04615217,0.035552423
0.03907496,0.056855336
0.05970184,0.0471703
0.044275034,0.031429116
0.0678528,0.050325047
0.043233845,0.037399437
0.04088426,0.039309558
0.05790234,0.052319348
0.042729534,0.035642765
0.03823525,0.06228059
0.046869732,0.039895017
0.052657,0.053254407
0.03725688,0.039608095
0.043120597,0.040351298
0.053335257,0.025251905
0.03716215,0.052837424
0.042334132,0.034554288
0.053122338,0.06428927
0.041942433,0.043314297
0.05122484,0.043155316
0.033757616,0.05643995
0.057738148,0.050732933
0.051879965,0.052229963
0.034436867,0.0405705
0.05167643,0.036434844
0.046785537,0.047030292
0.043708816,0.029350553
0.06472713,0.035802554
0.045939296,0.039725304
0.040068924,0.033958513
0.04296547,0.041460004
0.0434829,0.052424096
0.054011818,0.06765953
0.04959728,0.046454683
0.047195934,0.049773917
0.03699444,0.037974544
0.037469767,0.036833093
0.05716465,0.045412797
0.08656696,0.038649548
0.04386659,0.031721044
0.07544651,0.0608273
0.051761486,0.051170595
0.05657428,0.018902574
0.053018827,0.052629482
0.039522078,0.038634278
0.03966248,0.04233325
0.054632995,0.048429724
0.046428047,0.0407704
0.047037777,0.034979653
0.053189214,0.21274205
0.04396682,0.04163964
0.07490019,0.06187078
0.052194957,0.046307594
0.081686765,0.029989466
0.043318547,0.055175435
0.038981844,0.033288855
0.047346264,0.042799737
0.04548087,0.042641547
0.036314886,0.05936358
0.03719846,0.054006726
0.04835254,0.039703857
0.04289108,0.051036097
0.061281927,0.047257476
0.063244484,0.05310913
0.116560906,0.050733067
0.0593966,0.03613952
0.05002978,0.043944404
0.04263299,0.052181177
0.05148763,0.03240773
0.06107328,0.03514143
0.4193918,0.046404712
0.0460026,0.06024865
0.041710198,0.02527855
0.03816675,0.044322234
0.037576634,0.05383865
0.0493451,0.04169632
0.057285786,0.0390891
0.046512425,0.03838232
0.035668835,0.03823224
0.046947274,0.03567753
0.059164345,0.048533816
0.042568214,0.04610387
0.033704307,0.038090855
0.058486097,0.060237154
0.06389369,0.05907065
0.05103553,0.043266494
0.03111476,0.042955264
0.018204682,0.039769545
0.0621443,0.14915514
0.04371749,0.030401355
0.028384883,0.042168584
0.042891465,0.03840782
0.04622416,0.041005712
0.06378714,0.038305335
0.1409365,0.031558786
0.039735675,0.04282081
0.043579265,0.03932229
0.04833519,0.057299815
0.052187797,0.043237705
0.059316956,0.034372434
0.06438319,0.041220695
0.04235486,0.039019205
0.04841894,0.053593393
0.034217298,0.037388712
0.039392564,0.03987508
0.04883077,0.045029655
0.052437015,0.045034464
0.041630395,0.11166046
0.066102155,0.050470673
0.05537614,0.03922634
0.058342226,0.041821595
0.060256235,0.040772237
0.059894286,0.05866871
0.059923876,0.039578762
0.05872052,0.05170041
0.202172,0.04306421
0.08401704,0.0362075
0.047435176,0.041254465
0.069942884,0.043873493
0.034027632,0.047971167
0.04192704,0.035262913
0.034933567,0.030989764
0.04514244,0.03277333
0.04901585,0.03945718
0.053150713,0.047297366
0.037900973,0.03289596
0.045065146,0.022705974
0.04440207,0.015554628
0.051852487,0.025979206
0.049641915,0.044877145
0.038383238,0.082186684
0.055553455,0.039654937
0.05728088,0.05265075
0.067880526,0.033047695
0.047464106,0.035116706
0.05196341,0.051577322
0.056158647,0.041636996
0.030229205,0.114260554
0.025506012,0.030971108
0.040382598,0.026593551
0.057429943,0.057667088
0.04847238,0.031930517
0.03305199,0.040185913
0.04314888,0.0646567
0.06557516,0.045159847
0.03359963,0.046951186
0.04066308,0.052068297
0.03861525,0.098062545
0.037168376,0.03803778
0.063930966,0.04475231
0.05778773,0.04963238
0.048911467,0.033043914
0.050663047,0.05555379
0.060233418,0.91417474
0.0493693,0.04887851
0.03782265,0.053734623
0.9116631,0.14069906
0.047526002,0.05959358
0.04333532,0.039505444
0.055801444,0.054981895
0.046047725,0.037226204
0.067892045,0.042558983
0.05285125,0.0564683
0.078609176,0.040683337
0.027851958,0.0353565
0.053718112,0.036077213
0.04540112,0.02938451
0.04708935,0.045217402
0.057310145,0.048675485
0.055400457,0.025972757
0.043848805,0.033030864
0.034467794,0.12879251
0.03816882,0.04539079
0.053406045,0.04983473
0.041620854,0.031359933
0.10214724,0.031424157
0.058546107,0.04093749
0.054596968,0.08328007
0.0302974,0.03589354
0.059338715,0.06451473
0.04958085,0.03468779
0.040606506,0.030286169
0.044018555,0.032275878
0.05252775,0.058533534
0.04859661,0.053048845
0.04026416,0.045788378
0.036305666,0.036369696
0.03315825,0.02892757
0.04132942,0.04482571
0.04209811,0.036952313
0.05945446,0.053222053
0.057809677,0.06539291
0.054646138,0.05272249
0.051882766,0.040817767
0.051918417,0.042349793
0.04168483,0.0487368
0.05465417,0.050409246
0.0316299,0.035559133
0.065174334,0.080432095
0.04335851,0.04561119
0.05615317,0.050349265
0.07724222,0.0359389
0.047542855,0.024301916
0.04360271,0.046123717
0.046927966,0.04131462
0.043282945,0.04584873
0.0434112,0.018600386
0.038657177,0.05101734
0.041958466,0.048208423
0.040324695,0.06074959
0.033138942,0.0452851
0.042095926,0.052031025
0.041743245,0.027944235
0.03915377,0.044041436
0.04943573,0.0542764
0.050314788,0.05657034
0.050115418,0.045318805
0.046105262,0.05548137
0.04725983,0.056749824
0.058583546,0.049729127
0.044221826,0.035660625
0.034369614,0.06028122
0.023167055,0.045605116
0.054385833,0.04508155
0.044675972,0.0443223
0.067196764,0.03774686
0.046389475,0.043877754
0.054922014,0.031533733
0.03915384,0.10238552
0.043868326,0.04056145
0.048934028,0.034126617
0.06056945,0.04384359
0.050262116,0.045700155
0.0522691,0.38880825
0.06108474,0.058498055
0.060526513,0.02841734
0.029269617,0.052529912
0.03508539,0.037608657
0.032741908,0.054494683
0.033029944,0.019257607
0.04104018,0.04699344
0.04966693,0.053279653
0.054903317,0.04648605
0.045600962,0.052471858
0.048077494,0.06416883
0.048999026,0.059302617
0.050757382,0.04256338
0.051905986,0.03263714
0.031056007,0.026739175
0.06173871,0.053375985
0.043269385,0.03213327
0.042172853,0.046391837
0.059984837,0.78191584
0.05389289,0.04671393
0.051439814,0.048337635
0.060530286,0.09003188
0.059806976,0.037542317
0.04191024,0.042698555
0.051417213,0.052082088
0.051503506,0.049759008
0.031277515,0.070807345
0.050548036,0.06302736
0.031072171,0.041680563
0.04641091,0.032041047
0.035861105,0.06733674
0.045746204,0.03297427
0.052988164,0.02207448
0.049182467,0.04606979
0.04175303,0.04812385
0.047484163,0.08032192
0.044628322,0.025151037
0.045578554,0.046658125
0.07652447,0.038910337
0.050431736,0.034787554
0.059795316,0.05738207
0.038553454,0.052863307
0.047300715,0.031084053
0.05276183,0.034660578
0.049126085,0.039969794
0.047618918,0.03435076
0.049741603,0.039222185
0.042234514,0.050973974
0.02990716,0.045436975
0.021667218,0.029104574
0.06485564,0.065008104
0.05285378,0.031128744
0.056956064,0.051685262
0.07067976,0.05552802
0.039489184,0.032190345
0.048597816,0.033063423
0.063418575,0.045548674
0.042165957,0.043496188
0.043567766,0.03525079
0.06465326,0.09120863
0.068294,0.07032275
0.043079194,0.03742148
0.03676467,0.031894132
0.056212697,0.03491588
0.063700825,0.05334385
0.049696725,0.054982442
0.052764874,0.04986815
0.049531892,0.8569528
0.0490135,0.034105558
0.04417017,0.045083452
0.04613336,0.032478116
0.037945278,0.04267062
0.048727114,0.045431707
0.045973733,0.041311912
0.045232482,0.049726985
0.03992202,0.054029502
0.031804495,0.056583367
0.030054083,0.033897318
0.038185917,0.05966366
0.067075506,0.06086315
0.05222141,0.033188544
0.046923302,0.04731986
0.036873788,0.029910086
0.049159914,0.12971123
0.057875548,0.04229093
0.04399384,0.04235563
0.036931325,0.058332127
0.05524614,0.05205739
0.04549323,0.06526895
0.043211993,0.057304252
0.04944,0.04542272
0.044908095,0.03831011
0.04711095,0.043185003
0.042517066,0.046043012
0.055934954,0.059676252
0.055858556,0.03883171
0.044010147,0.03885174
0.04383539,0.042731147
0.042524204,0.06165971
0.052545123,0.035259962
0.028417261,0.047416694
0.04641379,0.035361506
0.047512203,0.03971999
0.046910707,0.041150615
0.05358216,0.03996516
0.059355672,0.036637172
0.041385163,0.033963855
0.051013038,0.04151907
0.04338512,0.056094207
0.057996176,0.052162793
0.030248007,0.034055293
0.0407392,0.038087577
0.041543227,0.03093715
0.043194704,0.037382092
0.05613078,0.045012563
0.058611836,0.045307044
0.0627714,0.057959452
0.058812354,0.035816304
0.03932289,0.040635135
0.052438863,0.029113755
0.13888057,0.04009286
0.056142263,0.051239602
0.055208642,0.03401681
0.04217922,0.042445276
0.04917986,0.07009959
0.036789585,0.027932202
0.05420783,0.043082442
0.027609603,0.039208908
0.043017745,0.03894038
0.043733023,0.08117322
0.047128774,0.035472956
0.038761787,0.046048675
0.07097951,0.04636141
0.85849756,0.94197565
0.041973148,0.051704958
0.039382678,0.035524912
0.034256894,0.05675721
0.046033267,0.03227202
0.039406203,0.037949372
0.05938246,0.030911727
0.050567552,0.040778488
0.05363027,0.076303184
0.035723805,0.044672832
0.101250544,0.050352152
0.04446469,0.026885815
0.052567117,0.034020178
0.04204616,0.03476679
0.033146385,0.03816063
0.041859496,0.046080522
0.040141307,0.039353065
0.047009524,0.025090564
0.03788141,0.030751152
0.03695195,0.03924704
0.0438002,0.04659386
0.049045675,0.04937954
0.052011944,0.10825595
0.04439123,0.030146414
0.04200792,0.053086877
0.04601988,0.04792076
0.039907623,0.040742878
0.060943425,0.06595366
0.046395812,0.038862783
0.0360074,0.04472975
0.8573613,0.16684273
0.051405784,0.051956795
0.047241233,0.03725133
0.050687272,0.034536604
0.023347866,0.033045772
0.050020553,0.04879374
0.036955386,0.036211118
0.04505008,0.03281717
0.04710884,0.051396023
0.052054957,0.043389186
0.046990156,0.05227506
0.043172527,0.018390562
0.0360437,0.042253092
0.055856284,0.051382363
0.06977973,0.049473774
0.052754987,0.026414493
0.07843959,0.054725163
0.04627049,0.05115988
0.0614679,0.040854055
0.0469846,0.031823006
0.042136863,0.036391433
0.04386081,0.04597418
0.0375386,0.061966524
0.043968167,0.0589327
0.037992164,0.03993762
0.046645448,0.046231635
0.08808607,0.049159463
0.04735099,0.039269783
0.03416618,0.049685366
0.039473485,0.045061152
0.066703275,0.0423026
0.05687985,0.035281874
0.04515135,0.043984275
0.037855495,0.05464907
0.039283913,0.0454467
0.046487797,0.07878273
0.04157145,0.044360574
0.06326507,0.04973136
0.055646237,0.041876704
0.048638243,0.045069527
0.055109102,0.048686653
0.04487238,0.04629686
0.037426468,0.045058377
0.042170398,0.03531262
0.052200098,0.04469635
0.055187225,0.03678177
0.044611003,0.0392941
0.13226402,0.06738098
0.043122523,0.0594715
0.051053133,0.06254967
0.04970169,0.050540093
0.04287854,0.03667654
0.050305944,0.061912704
0.045842566,0.048158914
0.032789487,0.038584866
0.068183474,0.04755543
0.036873657,0.060751975
0.052715052,0.04606048
0.052371327,0.07720895
0.04611889,0.05245461
0.043318283,0.037661754
0.051201854,0.05450089
0.036253527,0.03865098
0.047846206,0.06789318
0.03363144,0.055825956
0.07011379,0.041625936
0.037116367,0.05294779
0.052915618,0.056062404
0.08624294,0.04150381
0.04599396,0.04008449
0.04439816,0.040535964
0.04890891,0.05884629
0.054911774,0.05551816
0.04973836,0.037775386
0.053396545,0.036724094
0.042642836,0.064611584
0.045650214,0.061056405
0.041326135,0.037912466
0.04685663,0.04825107
0.050244372,0.049679596
0.04725145,0.0299894
0.038452882,0.043941498
0.04738995,0.065624066
0.04949795,0.04417425
0.050250344,0.03742886
0.0545885,0.04527806
0.033881754,0.062939264
0.04214665,0.03848343
0.048096832,0.04270262
0.036561426,0.027965669
0.05503875,0.034620356
0.039147962,0.029308168
0.05074931,0.040176384
0.033966586,0.02834338
0.027383089,0.04137207
0.04914444,0.058817
0.052929685,0.031610668
0.043149844,0.027891666
0.048537936,0.05127029
0.035593837,0.04725452
0.044434603,0.04292722
0.04916744,0.05081071
0.047107045,0.024860576
0.03257089,0.052911703
0.041763082,0.042623032
0.045148786,0.03715231
0.042339537,0.057254545
0.045858894,0.051856525
0.04983651,0.044519357
0.052693382,0.07954939
0.04057425,0.043208763
0.042756163,0.05122909
0.05860109,0.047366332
0.14567818,0.037414245
0.04951584,0.04569517
0.03191539,0.05763959
0.0519249,0.043378368
0.05245623,0.051453166
0.040771253,0.15230976
0.042595938,0.04534189
0.09087717,0.04555366
0.050083295,0.04626167
0.0469876,0.0689597
0.0455323,0.051638942
0.038141433,0.045003798
0.10872022,0.05706529
0.0576266,0.054087557
0.04375537,0.022479417
0.071053416,0.05823929
0.045704708,0.040914252
0.053908832,0.13334395
0.045970984,0.03280178
0.044449355,0.059971787
0.03791147,0.029855307
0.032354772,0.052559946
0.047797307,0.023302667
0.051029306,0.0449669
0.052080713,0.058206897
0.04901311,0.04106672
0.027742554,0.06424875
0.035344213,0.02909311
0.052445706,0.03984426
0.039943337,0.029821033
0.03776176,0.046608634
0.040088303,0.04736773
0.042226017,0.042141043
0.052820705,0.044315416
0.043505646,0.067066126
0.05172398,0.02368216
0.038224176,0.042530566
0.061298497,0.04593241
0.029217921,0.043353382
0.049861718,0.061968643
0.044701047,0.051649652
0.041451793,0.035493076
0.04701061,0.04885309
0.059935555,0.04441752
0.04686609,0.051021624
0.30549583,0.053677943
0.04090954,0.063781075
0.037896886,0.047359534
0.048399612,0.043173965
0.0654971,0.054992694
0.05714159,0.044251762
0.048495784,0.044333406
0.04538926,0.044501107
0.034360822,0.052135076
0.04656327,0.07097249
0.049902063,0.037255365
0.04143917,0.054533504
0.029764788,0.06087716
0.04608568,0.07486978
0.043317582,0.035886228
0.040229235,0.039015457
0.050488967,0.041947547
0.10814792,0.050631553
0.053276107,0.059633736
0.045573045,0.06776257
0.04682984,0.05975241
0.048725463,0.034695257
0.04658923,0.04204539
0.044168822,0.06736413
0.050365094,0.03739465
0.053084396,0.0529018
0.043559156,0.0294701
0.044591118,0.057776667
0.042428985,0.05541164
0.058810852,0.051422823
0.046234265,0.030111386
0.050266955,0.0360203
0.043405164,0.044702295
0.0651411,0.06734618
0.042399194,0.053963553
0.0588376,0.055019885
0.04058295,0.046425633
0.04717171,0.039734416
0.043016132,0.04518857
0.036242228,0.03613221
0.03463378,0.02594363
0.05370458,0.054565374
0.055911466,0.04160598
0.054487046,0.06031895
0.033071164,0.04893329
0.064574674,0.03177615
0.048959702,0.05599217
0.04740522,0.034233104
0.05940601,0.04226603
0.04624387,0.047487758
0.061858587,0.04156178
0.058551643,0.0373332
0.04821366,0.056483384
0.04475767,0.08160557
0.056732427,0.044128913
0.034962974,0.02376765
0.033913877,0.043217704
0.038846143,0.04323154
0.04169861,0.022548392
0.034025412,0.04377847
0.04747752,0.05316238
0.046986263,0.022398723
0.025897866,0.037956335
0.049532074,0.052921843
0.6895748,0.9112622
0.036325723,0.032123096
0.063539594,0.23439223
0.041351456,0.041577518
0.046968114,0.034943137
0.04472586,0.055129725
0.086264536,0.037552286
0.054025296,0.036614887
0.07342684,0.056502488
0.0556408,0.091326624
0.043274842,0.043324526
0.04217034,0.037683263
0.091573775,0.057473943
0.022146339,0.042525146
0.043887783,0.031395663
0.044243325,0.044554114
0.04869569,0.034294616
0.045138016,0.036220495
0.030334208,0.039547917
0.07084641,0.05787149
0.045210112,0.045990378
0.049361534,0.039036103
0.035394985,0.0652823
0.06055083,0.06631822
0.06488708,0.048200205
0.06862181,0.15814741
0.04507687,0.05008016
0.036248393,0.040601976
0.036760125,0.03680965
0.062030103,0.054184917
0.040242407,0.0348129
0.061596584,0.05445798
0.04877589,0.03561909
0.038398772,0.040458385
0.040511917,0.06090652
0.054184753,0.05946149
0.048731323,0.0403099
0.064551756,0.040379714
0.03895778,0.035943553
0.04358826,0.046364997
0.024591334,0.036213864
0.042789415,0.037064612
0.043072257,0.05623144
0.04175941,0.08534957
0.049128123,0.061988708
0.034961537,0.04632062
0.03445822,0.048189715
0.03925993,0.07179333
0.03752557,0.04564083
0.050416097,0.045249555
0.03198616,0.042984206
0.055265326,0.050880615
0.05272349,0.040426582
0.060820807,0.05670215
0.05991899,0.08692885
0.038576685,0.04589118
0.048794944,0.04152967
0.06322739,0.1646338
0.048500378,0.03924575
0.03627359,0.033773344
0.06566415,0.06578152
0.051417336,0.04851526
0.04397137,0.042854298
0.043965336,0.16127186
0.043876033,0.058979433
0.055566512,0.04084942
0.053530388,0.03809351
0.032881044,0.031703282
0.03145723,0.031114688
0.045757852,0.052107118
0.036751103,0.033212848
0.03787836,0.040905487
0.04346389,0.043642968
0.05585527,0.047269057
0.052006487,0.080615096
0.047755994,0.028993595
0.042514887,0.038273357
0.054081593,0.035442013
0.05053901,0.06604822
0.04344301,0.046243373
0.049128123,0.108232275
0.043489907,0.03956112
0.037595943,0.029123832
0.057027187,0.037459437
0.046960052,0.04145572
0.027821384,0.054029085
0.42600483,0.045378633
0.047290422,0.063487925
0.03918642,0.046413347
0.044570856,0.038764317
0.051311795,0.05149977
0.047431283,0.060560163
0.060396757,0.056655522
0.06128055,0.03638575
0.036678497,0.036878176
0.0552678,0.027842285
0.026179908,0.04546574
0.05128258,0.038961638
0.054343782,0.045373783
0.0298148,0.037339892
0.052198708,0.05737136
0.047046468,0.035101976
0.053855687,0.066287026
0.055497903,0.046977002
0.051013485,0.06132243
0.058089245,0.06675153
0.053536337,0.059337724
0.050657965,0.060690615
0.024292905,0.044015314
0.05001725,0.0417137
0.05209626,0.043139275
0.052891415,0.048254088
0.037210386,0.055803638
0.053580772,0.06705491
0.050145127,0.12112749
0.031904154,0.035547636
0.0388226,0.058317196
0.04831414,0.029740384
0.048318096,0.06655064
0.054190066,0.04860914
0.03748876,0.050823104
0.04133025,0.039602935
0.04218707,0.040340763
0.093323365,0.044825252
0.036908947,0.05047443
0.050898667,0.04045738
0.04401252,0.03718311
0.01849953,0.055926137
0.037791103,0.04582226
0.045199417,0.035157934
0.037037503,0.037498426
0.042042874,0.0458185
0.038137093,0.027463557
0.053437065,0.035606906
0.07157165,0.06691464
0.06204298,0.03962062
0.048357256,0.062614724
0.045559783,0.038603533
0.057167165,0.042886823
0.04412902,0.03301342
0.049767006,0.039334815
0.09649753,0.03779047
0.053807277,0.0527941
0.050771933,0.030771272
0.042170722,0.028731944
0.050914425,0.038095426
0.056221277,0.041067112
0.032735065,0.046657316
0.052353825,0.029043041
0.03274348,0.01972859
0.04084311,0.06288877
0.03923827,0.043317948
0.039577913,0.06813612
0.042328212,0.047011975
0.09692981,0.0725448
0.040575538,0.060758073
0.051389903,0.08104148
0.036653776,0.045801952
0.030676872,0.047688663
0.048769765,0.028641995
0.040008295,0.03659978
0.058489606,0.10367419
0.045737877,0.028071335
0.061048377,0.052246884
0.038935076,0.060442343
0.03879815,0.25093082
0.047154848,0.049545687
0.07291853,0.067277014
0.04176154,0.040872328
0.04055044,0.05331653
0.04978088,0.18995805
0.046514537,0.033991575
0.046382762,0.05958451
0.0411394,0.038556647
0.046716105,0.045103036
0.04585659,0.043589
0.034464803,0.019064505
0.06655884,0.034546956
0.042433944,0.040831365
0.034126114,0.07437444
0.0396891,0.060689874
0.048655838,0.039734833
0.15781933,0.03597598
0.04099775,0.050038565
0.04698952,0.049649976
0.042100046,0.04077855
0.045953054,0.06471814
0.061668213,0.040231753
0.052471705,0.049462013
0.046808362,0.0628016
0.044189103,0.027369149
0.077213116,0.06427791
0.035560686,0.04283255
0.058951538,0.05783125
0.045513473,0.055084873
0.058430467,0.052980535
0.0596858,0.050198812
0.10672868,0.041041713
0.041805457,0.03650935
0.05035046,0.020508965
0.05692704,0.0603186
0.04332606,0.046544567
0.058449388,0.036488365
0.041114576,0.027425906
0.045064703,0.0542327
0.03887046,0.039311938
0.049452543,0.028572757
0.035162527,0.059898887
0.05199431,0.03283448
0.041123215,0.048213933
0.047714118,0.031219075
0.052240748,0.05265558
0.3866722,0.17397158
0.092492506,0.039481968
0.05080136,0.055283044
0.052835215,0.041540183
0.07043465,0.05070738
0.039223667,0.04897482
0.033118136,0.06557565
0.038130235,0.288052
0.05057951,0.062665135
0.047263086,0.04068598
0.045174938,0.03812946
0.033371318,0.048933003
0.040572625,0.08695482
0.02777984,0.030736135
0.064789325,0.053400446
0.045259263,0.04755495
0.040321793,0.037621215
0.04636095,0.04807749
0.048509564,0.03141528
0.042512886,0.056583893
0.054874193,0.04445647
0.052776594,0.03447539
0.06271962,0.06380912
0.0388279,0.0452395
0.041859686,0.023026524
0.044364795,0.032093585
0.05585243,0.054629397
0.043694753,0.10622265
0.056928035,0.0337988
0.053317267,0.04555685
0.0397643,0.050739646
0.051309887,0.040075045
0.045668658,0.04314863
0.04216693,0.042203516
0.049198784,0.026788915
0.037518177,0.10249142
0.04203741,0.04947331
0.048509687,0.01861783
0.09729811,0.052677963
0.05856998,0.028092494
0.04812784,0.045292728
0.051992342,0.054515883
0.052343115,0.035600882
0.04320531,0.034800235
0.05463458,0.060812697
0.05673673,0.039968636
0.05594921,0.04645158
0.037764933,0.038711768
0.071455985,0.043261006
0.038431007,0.062369294
0.04947337,0.040666264
0.049498398,0.044851944
0.15096019,0.03154391
0.08289122,0.05552048
0.03036316,0.034950603
0.03131702,0.03994448
0.037707526,0.04197931
0.057008468,0.03974572
0.025533786,0.038104497
0.049643505,0.05326422
0.048627406,0.0459034
0.04214086,0.07825612
0.025918897,0.024368498
0.045502968,0.034732733
0.04795363,0.0698918
0.050681543,0.054843504
0.024064615,0.042908926
0.04377759,0.04692504
0.035267286,0.049376324
0.054713316,0.03651345
0.03383627,0.033878453
0.052408744,0.04975009
0.032085992,0.0280313
0.045865543,0.04410841
0.04385118,0.03592741
0.05835756,0.0549307
0.056037936,0.06793491
0.06797181,0.05445752
0.046748776,0.05124557
0.038778093,0.11721969
0.032452393,0.039778464
0.055526562,0.054595187
0.03152641,0.06341618
0.044345357,0.0457028
0.05189336,0.036264114
0.03939923,0.03920918
0.034842875,0.038518198
0.05695229,0.028280405
0.04035174,0.058751818
0.04757556,0.036228355
0.052068282,0.047057245
0.051441275,0.056575518
0.037712,0.016813364
0.0355653,0.039863035
0.035251882,0.03756293
0.058451723,0.0571691
0.047378074,0.05069982
0.040948812,0.027155805
0.030956216,0.04867765
0.062019475,0.041283187
0.050887544,0.052654486
0.03705223,0.063989565
0.035299413,0.029908774
0.04576413,0.038991682
0.04735392,0.043975946
0.04431244,0.05831593
0.054907676,0.040189978
0.045860555,0.029650686
0.03245807,0.042475723
0.04926586,0.050091922
0.040154215,0.042383566
0.047261614,0.048851755
0.06502241,0.026106512
0.061471146,0.03183366
0.04679238,0.8404462
0.040261764,0.034467783
0.031437475,0.040770203
0.051079247,0.04568728
0.04217581,0.05486331
0.04502611,0.04153509
0.051135972,0.040613387
0.0401169,0.026235392
0.050907753,0.066041835
0.05860348,0.09134673
0.048988767,0.040799014
0.03514828,0.04604557
0.055396847,0.060308676
0.058154,0.058076356
0.03166958,0.04313427
0.046832588,0.030263621
0.040802155,0.06171228
0.04235209,0.075939015
0.05217517,0.035534628
0.044384304,0.039613605
0.041586973,0.042540602
0.051413015,0.057517793
0.044034798,0.038712993
0.065014504,0.052978545
0.054402392,0.056590557
0.056635264,0.05379231
0.037662495,0.027781617
0.050144684,0.03788818
0.04864022,0.03822474
0.057902075,0.032601204
0.048142333,0.06010602
0.048431117,0.021464506
0.030602766,0.03972598
0.044777103,0.038989365
0.043887205,0.04677931
0.054899644,0.049708057
0.046097707,0.039495107
0.03546058,0.040455192
0.038106013,0.039642807
0.04054534,0.04023774
0.050265748,0.058860566
0.054120116,0.034443453
0.041485753,0.055195957
0.04950864,0.041621916
0.030283315,0.046900496
0.05413833,0.05854481
0.045505147,0.038780123
0.038805652,0.040980354
0.05262873,0.058897614
0.040571086,0.06322962
0.056388833,0.05878642
0.04038931,0.049064856
0.040136978,0.036621455
0.022602938,0.030366894
0.0588763,0.04447785
0.05268964,0.047071323
0.05259069,0.040523045
0.05839968,0.050977603
0.030830568,0.057943713
0.04543968,0.086286396
0.04569472,0.03546501
0.035291087,0.051587902
0.036409147,0.21960096
0.038547754,0.0451454
0.04603524,0.05645899
0.040103212,0.04480781
0.0466652,0.038239878
0.4557779,0.030332979
0.05416445,0.05505768
0.033651456,0.032340843
0.04681188,0.041583158
0.0647661,0.04632305
0.1428258,0.049437508
0.06648138,0.05128651
0.043397833,0.055564173
0.05734099,0.051053125
0.05035409,0.0572719
0.030528903,0.044206295
0.059234716,0.04394001
0.036992107,0.059756257
0.04801942,0.03653957
0.04982531,0.04187821
0.043053996,0.02928691
0.050974343,0.057957593
0.04838571,0.043713354
0.047460284,0.7686006
0.057217278,0.0570153
0.04752562,0.062061585
0.051937584,0.033067062
0.0542098,0.04240879
0.03546851,0.07603954
0.048584107,0.029016942
0.044718236,0.043007027
0.045695804,0.042399503
0.052979108,0.037576243
0.03903655,0.041950192
0.04018927,0.04670853
0.03992822,0.029521445
0.050607607,0.03726718
0.03479771,0.04264135
0.059645828,0.055737317
0.046875935,0.0673817
0.84363085,0.062462654
0.04673522,0.062768616
0.08788429,0.04671124
0.052639123,0.04381596
0.057576954,0.048671987
0.045757733,0.04628958
0.037211034,0.03442494
0.03919703,0.041107815
0.038795758,0.043696303
0.04996029,0.057017747
0.017795103,0.04759043
0.049932487,0.030737096
0.07130885,0.059295382
0.0525074,0.04557932
0.063914254,0.048888784
0.051648248,0.04933453
0.050754074,0.0506815
0.04957665,0.04236702
0.05081077,0.0504922
0.041512877,0.029264405
0.05834537,0.032268446
0.04547504,0.04580965
0.058293696,0.0410072
0.06515105,0.05022021
0.04655092,0.03281496
0.080249354,0.050249394
0.037882905,0.028339926
0.04314836,0.04044942
0.04914743,0.053083338
0.034283858,0.04153896
0.058241654,0.056049027
0.04167638,0.034977663
0.047129415,0.05549724
0.058412742,0.037142333
0.045469917,0.06979436
0.05920075,0.041596275
0.050623883,0.03563058
0.09902578,0.027365346
0.051893037,0.045560695
0.045005087,0.05921315
0.060642622,0.06626952
0.03742446,0.0232172
0.049515527,0.044323787
0.045547552,0.03636059
0.06229012,0.055194363
0.03469008,0.041299757
0.0359019,0.027684705
0.06216363,0.046311855
0.058815617,0.043933254
0.0582204,0.14560954
0.054427817,0.078889705
0.1298338,0.0358111
0.039234396,0.05616123
0.04791022,0.040389378
0.38865143,0.06592194
0.04624163,0.05505042
0.050523687,0.047178324
0.04766393,0.04365908
0.051910043,0.042469822
0.033867233,0.13231319
0.041076288,0.05450795
0.050961953,0.14698641
0.071952574,0.048403297
0.06532279,0.031650517
0.02373117,0.059457313
0.04599031,0.04245076
0.04031121,0.03252073
0.0473697,0.034321282
0.03689312,0.04391485
0.051450614,0.04251131
0.03846725,0.06832885
0.057341557,0.06741073
0.049852416,0.05152683
0.040770616,0.06516477
0.038095333,0.04034959
0.04602788,0.03310057
0.046227362,0.04066307
0.047237843,0.026467435
0.052584995,0.04253328
0.03264799,0.04266216
0.1039586,0.050039373
0.058559798,0.053301904
0.05601291,0.035118762
0.033878114,0.029715618
0.056951337,0.04848352
0.03607956,0.06819544
0.042519063,0.04692491
0.047586095,0.03851704
0.023262627,0.045508955
0.048162043,0.03991108
0.033397786,0.04259925
0.031818155,0.068924375
0.043599434,0.037547365
0.0506071,0.075098164
0.04552776,0.044928316
0.05869075,0.042260893
0.03818754,0.049513273
0.04923178,0.030033184
0.025669921,0.054409757
0.06546674,0.061230708
0.03641083,0.05668499
0.03484612,0.026688267
0.059573058,0.0464998
0.052654717,0.043340508
0.035216767,0.032868277
0.043280695,0.04104097
0.060406473,0.04392858
0.061776675,0.05542642
0.05149347,0.032767694
0.044161886,0.05677562
0.047545798,0.038329348
0.04665715,0.04142748
0.070118986,0.047986183
0.06474177,0.055938527
0.04313088,0.056361523
0.05659803,0.04258854
0.04498156,0.04445295
0.037186008,0.032296427
0.04504643,0.049085297
0.039785482,0.13726667
0.047253888,0.054572914
0.04402915,0.059311822
0.038281925,0.07352358
0.03903946,0.04718687
0.0493721,0.068426885
0.057378266,0.042745244
0.049162652,0.047557727
0.049293634,0.044616237
0.035073485,0.03540895
0.045820218,0.052299213
0.051324114,0.043361973
0.034965247,0.03565118
0.053191375,0.047258828
0.057336263,0.042519312
0.044556033,0.0889035
0.055799942,0.06472138
0.051548194,0.03326963
0.04868855,0.035248943
0.043290265,0.18397762
0.05773695,0.045799267
0.04191256,0.03690667
0.0466065,0.040323492
0.051348623,0.029034963
0.041293714,0.041715186
0.055035587,0.055166252
0.057403676,0.04249721
0.026640126,0.033010874
0.052832294,0.024387253
0.046674095,0.04506629
0.053767093,0.043626312
0.043301966,0.031166406
0.048104994,0.034445714
0.059413858,0.12517971
0.05505694,0.034660652
0.04826432,0.062874
0.04784537,0.06331944
0.04314823,0.06883281
0.05576265,0.04258751
0.0683295,0.059756257
0.046440266,0.045955032
0.036070004,0.03948352
0.042171687,0.044404883
0.043057535,0.05189561
0.06380746,0.023317007
0.03813839,0.043725267
0.044480093,0.033301216
0.032870345,0.047658037
0.05373292,0.025675476
0.04601707,0.056420673
0.050324764,0.022749778
0.06544429,0.05588952
0.03615716,0.03980078
0.040265832,0.040557384
0.050909404,0.038676806
0.0818902,0.29194814
0.0525344,0.043527946
0.05388251,0.027530545
0.09175279,0.043708023
0.05331695,0.097551614
0.04657644,0.0854852
0.04588527,0.037039332
0.064358585,0.052846845
0.039677277,0.03785031
0.050752483,0.039793633
0.03659439,0.04090188
0.05495051,0.03625113
0.05238947,0.048914336
0.039081033,0.029562572
0.042032894,0.043625087
0.052063465,0.035144918
0.0449556,0.069614545
0.0633928,0.043499224
0.041241575,0.03527078
0.040356454,0.055814106
0.08005127,0.056244206
0.041703437,0.03580994
0.05445626,0.05599025
0.13283402,0.07636869
0.037945926,0.039266046
0.03843683,0.035572268
0.04492675,0.046381913
0.05519917,0.048442774
0.03909241,0.039150402
0.04336359,0.043237768
0.061004348,0.05171875
0.06084498,0.064216614
0.04641507,0.03182589
0.06443801,0.053026132
0.03738453,0.03454394
0.05025874,0.046729844
0.051499695,0.045731764
0.044674117,0.33736897
0.06533834,0.05678421
0.047484163,0.08032192
0.06536542,0.049079306
0.04216203,0.031761013
0.05330473,0.053011816
0.0660128,0.06508024
0.04198487,0.04099701
0.05578228,0.05667408
0.038442783,0.02827108
0.043602385,0.032200377
0.043807715,0.023210794
0.038594026,0.046080787
0.03960175,0.05155623
0.053697295,0.034242295
0.055587403,0.028290087
0.032198418,0.043502286
0.04661756,0.040743686
0.041185357,0.046634123
0.06593131,0.050541975
0.043632835,0.04785783
0.047617834,0.038698412
0.029888999,0.03970823
0.051732983,0.051858056
0.063981466,0.038963955
0.06633498,0.06908753
0.05289104,0.044733662
0.06609788,0.08989061
0.03815205,0.02903303
0.05457623,0.02545928
0.04841313,0.07814117
0.048358403,0.048297893
0.040557597,0.05505296
0.0582825,0.046034183
0.056264453,0.06516018
0.048968434,0.047938533
0.042621996,0.041646637
0.03161918,0.025409518
0.045445643,0.03792113
0.055037737,0.060801987
0.042788643,0.046988588
0.04621923,0.04671312
0.038672835,0.04200521
0.050470907,0.036012847
0.040390335,0.058271598
0.04299292,0.033902116
0.042368114,0.03645631
0.040278677,0.04623111
0.026127249,0.042440794
0.08450332,0.072917864
0.06761158,0.035639487
0.041000012,0.03627157
0.0455307,0.037641972
0.059380777,0.14265522
0.036270794,0.04092282
0.0640746,0.05302799
0.024941986,0.046190366
0.037752885,0.054698363
0.04450748,0.046272796
0.057141673,0.057299204
0.049443185,0.047179326
0.2639051,0.05563397
0.042755008,0.03863019
0.03381588,0.054744158
0.094961375,0.050510168
0.045381963,0.054658886
0.039380286,0.045810327
0.050799586,0.07563196
0.04630107,0.051579073
0.046817508,0.052648738
0.05908511,0.04658072
0.06893837,0.045925457
0.053445105,0.065331794
0.048889726,0.047640137
0.048753064,0.043562397
0.0484204,0.042076316
0.0357242,0.051368088
0.05631791,0.044034615
0.03965654,0.035745896
0.04860324,0.0473975
0.056998774,0.042600255
0.062701516,0.066520676
0.06440336,0.037678957
0.04055334,0.05637809
0.039640326,0.047566734
0.043164436,0.059119374
0.057853706,0.05167348
0.045141667,0.052282143
0.014508277,0.037024032
0.04242474,0.03980826
0.04944649,0.050820217
0.054096583,0.035639618
0.0370617,0.030732485
0.040570628,0.03641105
0.12152072,0.054735895
0.06196346,0.05638021
0.040412348,0.030939696
0.07823658,0.042960685
0.042468492,0.030553678
0.047484227,0.047841743
0.046958268,0.048285782
0.05373868,0.051682662
0.08125169,0.05668685
0.026233612,0.05369823
0.04898915,0.037840966
0.057317384,0.05188538
0.07904527,0.0484513
0.0503857,0.049342074
0.047094908,0.035776477
0.041300863,0.033637755
0.046161063,0.029218152
0.044077106,0.035541262
0.030060826,0.040799208
0.043766607,0.060648408
0.06742317,0.059117977
0.16364504,0.05023597
0.03210317,0.047668617
0.0549296,0.05379266
0.058758587,0.06468223
0.05251025,0.05966115
0.03408593,0.029182589
0.042854425,0.049291424
0.0365156,0.031936027
0.050844323,0.048797633
0.028944355,0.0677253
0.04913666,0.044449236
0.061291743,0.046324383
0.04744552,0.026265755
0.039836064,0.059021186
0.046755876,0.04996588
0.05936139,0.030403288
0.13009734,0.034876347
0.07224949,0.06769197
0.041654933,0.4819963
0.049215727,0.05008119
0.040324897,0.053630993
0.06218537,0.07319661
0.054832548,0.051324613
0.034539405,0.03450631
0.054481793,0.046795573
0.046205986,0.031059045
0.043528005,0.038637754
0.0326271,0.034748703
0.040317476,0.05914423
0.043999813,0.027323268
0.037499387,0.047690477
0.058286272,0.053290013
0.0448191,0.04976983
0.049871005,0.052828528
0.04469624,0.044402502
0.049029235,0.0434693
0.04625839,0.038891263
0.06986633,0.04722628
0.054432742,0.055403773
0.051448323,0.06781053
0.048488136,0.035859954
0.049279112,0.05901974
0.042734493,0.04436484
0.051906493,0.052461952
0.0536071,0.039103743
0.05037851,0.058381222
0.037378818,0.04712597
0.056227885,0.03598207
0.08747767,0.028081084
0.047159005,0.02987793
0.04149574,0.040081166
0.039932296,0.047279835
0.055468824,0.039961968
0.049476426,0.0409428
0.041472998,0.06245494
0.048766896,0.09871186
0.05064041,0.038755182
0.052591525,0.035414286
0.041572027,0.040983897
0.057245813,0.040971875
0.040110573,0.043996383
0.03703283,0.034572717
0.041959174,0.0532882
0.07964377,0.032929067
0.046377447,0.04804835
0.04265255,0.038221803
0.052262887,0.031077648
0.047099825,0.07045747
0.04562748,0.04427502
0.06341377,0.04504839
0.04942433,0.040071767
0.075146884,0.03560403
0.052042395,0.049729478
0.041167956,0.030983917
0.052868668,0.23700275
0.046465404,0.035952035
0.029377064,0.04556824
0.03812104,0.022698376
0.031811424,0.03510218
0.06388921,0.055328622
0.071213186,0.06271617
0.043123294,0.033172816
0.048479203,0.034131624
0.041749626,0.056472544
0.056180287,0.033208106
0.06932658,0.042293508
0.034252796,0.031585824
0.047593184,0.034550037
0.040047042,0.034442216
0.047848567,0.05266299
0.045090206,0.04532237
0.122991696,0.06054357
0.040240988,0.028153611
0.030229865,0.040161826
0.0355954,0.047239635
0.04270619,0.056096286
0.052028827,0.048035912
0.06400491,0.040692035
0.044097,0.054203607
0.054531228,0.053532626
0.04901661,0.05720711
0.05002889,0.0427313
0.048690964,0.041653283
0.035162985,0.060677238
0.05305076,0.058735553
0.044830583,0.044491094
0.04386293,0.048486754
0.043620892,0.06421874
0.083156124,0.027824787
0.037475213,0.05624993
0.040090688,0.11032717
0.077983804,0.05033626
0.047866687,0.03682482
0.03498353,0.03471341
0.040537987,0.0391457
0.042240366,0.022180649
0.029464554,0.03678506
0.046030313,0.0370685
0.050141446,0.0369107
0.062348183,0.045948144
0.05693195,0.026148383
0.036044613,0.033181746
0.063384324,0.024901418
0.0332332,0.05666783
0.042762015,0.037918463
0.063239984,0.0460466
0.05235084,0.05647195
0.052184876,0.036100052
0.03948537,0.035781275
0.045558628,0.03748169
0.028491408,0.029482657
0.057680327,0.027842352
0.03681599,0.04232566
0.049328476,0.038294494
0.040299397,0.032260817
0.042624045,0.040895782
0.03983444,0.023526885
0.04631329,0.047288865
0.048467156,0.056592744
0.047913413,0.056572065
0.036718663,0.054090552
0.06061009,0.06662125
0.049280636,0.042067707
0.0512117,0.055599738
0.056983728,0.051126834
0.039391086,0.054854568
0.026646769,0.055180047
0.11824503,0.045550685
0.05128054,0.082776636
0.04836912,0.030259555
0.035087217,0.053232547
0.035184704,0.052604605
0.045903318,0.045732703
0.050715044,0.0242593
0.050764054,0.059741348
0.04375891,0.042226028
0.051047284,0.043466393
0.074798904,0.044167146
0.058963727,0.044806805
0.046115637,0.043577436
0.036266647,0.034621723
0.042232253,0.041403458
0.06736525,0.044351242
0.035309948,0.02788032
0.06393279,0.05308734
0.056769744,0.038779993
0.03948395,0.04146781
0.06483111,0.036667928
0.047497135,0.029544495
0.04794054,0.07157995
0.03742893,0.02260329
0.03494085,0.04260548
0.041814543,0.048345916
0.048601072,0.0609684
0.07334716,0.050025403
0.062385723,0.0517158
0.04399294,0.09430545
0.05306096,0.03624135
0.053985506,0.05432051
0.041771263,0.03804685
0.07328062,0.05089657
0.04622301,0.05999642
0.05422213,0.05905004
0.06641357,0.04265029
0.050753567,0.05659913
0.044297747,0.03406619
0.04727369,0.03994516
0.042313345,0.14620438
0.034628578,0.03154192
0.04571854,0.045280226
0.06953214,0.045016278
0.032511216,0.048216555
0.9312651,0.077383384
0.050342195,0.031110972
0.044858854,0.04308089
0.03894413,0.04140752
0.062033977,0.053937234
0.049729384,0.033572976
0.03513664,0.028465025
0.0430846,0.047079083
0.03689571,0.042586703
0.03889718,0.0491731
0.03872025,0.04689654
0.04479518,0.031407434
0.049281467,0.056657664
0.06180894,0.056196705
0.041824784,0.06414579
0.050037988,0.047954075
0.042376995,0.029339371
0.03762971,0.06803554
0.06674716,0.048885964
0.04811623,0.054786958
0.042999227,0.054019075
0.06823979,0.053473715
0.082326524,0.05702094
0.054673374,0.028460117
0.033332128,0.03921483
0.06113696,0.05716698
0.044541866,0.057379402
0.05439923,0.056869436
0.046839047,0.07272192
0.046683107,0.032188278
0.048826184,0.039757762
0.04007145,0.03287536
0.051102303,0.04804411
0.045451727,0.06887256
0.045157373,0.10029957
0.05293799,0.044632196
0.04932867,0.053102113
0.03552845,0.03563236
0.06451718,0.04002171
0.027772406,0.040553976
0.062373616,0.06767186
0.033926908,0.04212856
0.034289323,0.03111153
0.039121322,0.042536665
0.05232098,0.0383048
0.02905304,0.046366353
0.068933964,0.049192186
0.052890085,0.043012995
0.042816296,0.09751627
0.038204625,0.04632202
0.04893855,0.041847322
0.06230825,0.045324206
0.04550169,0.05613434
0.05052668,0.036613792
0.05787289,0.045705773
0.046964653,0.031394765
0.034696456,0.029276963
0.05949141,0.045151018
0.02969189,0.03393264
0.05454375,0.05883816
0.041884735,0.04137893
0.058891628,0.03365567
0.033721253,0.033219855
0.04547299,0.11813273
0.046794742,0.10173176
0.047021925,0.029085929
0.04154464,0.039653014
0.059836324,0.043972906
0.051038835,0.046925567
0.034313224,0.062425252
0.036498334,0.03379681
0.02734993,0.040271185
0.04835675,0.045874853
0.05570933,0.050938867
0.050845217,0.046447273
0.20784774,0.052781947
0.043038692,0.07955608
0.050645947,0.047677975
0.0733822,0.05101627
0.043955512,0.035176698
0.07007968,0.04774543
0.043827105,0.04182236
0.05199094,0.047365174
0.053510755,0.06661246
0.052745473,0.029980777
0.04856938,0.04121031
0.043370467,0.048241455
0.039901804,0.23617351
0.05908969,0.02016061
0.051321063,0.03378549
0.06564375,0.0571277
0.04063934,0.038903046
0.056042805,0.33168754
0.048083175,0.04253234
0.04503348,0.05703139
0.042637046,0.03104638
0.049470443,0.09293697
0.051438488,0.049807537
0.04146449,0.038277857
0.0636775,0.07386596
0.056329656,0.045873564
0.024744028,0.047664903
0.044806216,0.059582654
0.042897124,0.05414555
0.046144232,0.0529794
0.05226403,0.05873304
0.0385561,0.03425643
0.043960206,0.039707467
0.042427182,0.04738889
0.0820622,0.040406514
0.0461059,0.036686856
0.050762717,0.027324371
0.044166125,0.060182877
0.047310043,0.05449807
0.043084722,0.042899285
0.03649535,0.035075273
0.044097446,0.04726873
0.042903807,0.044903573
0.04076997,0.042673066
0.044829942,0.035048354
0.059198312,0.04878091
0.038973425,0.037741747
0.042097528,0.043044493
0.05356241,0.06617727
0.048065692,0.054535884
0.054741316,0.09805443
0.041848484,0.050414864
0.055693876,0.077752404
0.059283856,0.037718948
0.054153062,0.05909319
0.05360071,0.06352476
0.053460367,0.048171025
0.047406692,0.042968556
0.054346126,0.05484497
0.041616086,0.03653096
0.0557564,0.03877045
0.05235414,0.041028116
0.08500016,0.03352706
0.1922756,0.03454325
0.049158767,0.024301838
0.036929052,0.0390951
0.059812494,0.04904525
0.060683955,0.048133142
0.047571726,0.042488534
0.0370176,0.038237836
0.053726025,0.030644698
0.048008896,0.036904756
0.036407467,0.04448069
0.8099128,0.050510585
0.04209045,0.037701886
0.05359065,0.2183051
0.05760401,0.048142694
0.035371974,0.058743924
0.033511497,0.04998326
0.07132309,0.048212513
0.049629178,0.0496749
0.049224965,0.069345705
0.057678703,0.05196711
0.060571253,0.08430198
0.0408048,0.04937685
0.051443122,0.061725616
0.009966596,0.043623056
0.059942067,0.02971175
0.029188402,0.01776215
0.034264185,0.030655246
0.056828763,0.040542893
0.32512122,0.042677198
0.05587048,0.055863094
0.055638976,0.057360735
0.048115592,0.062208522
0.05847478,0.047879644
0.02776688,0.060971394
0.041594893,0.065526426
0.09007931,0.05019081
0.04126877,0.03963627
0.05716313,0.035975568
0.059686854,0.06459993
0.04318873,0.032717135
0.0514482,0.035553515
0.050401405,0.055297907
0.048220422,0.053900663
0.04996596,0.033495005
0.044905335,0.06487271
0.06424473,0.043980625
0.042565,0.039775927
0.046307012,0.02909442
0.06049088,0.035086576
0.038948987,0.06117182
0.042323973,0.033631787
0.045027647,0.086936764
0.053220134,0.037270524
0.044795636,0.039078604
0.042399447,0.016804937
0.03726271,0.040212363
0.041706275,0.03164989
0.07222977,0.053633
0.05457693,0.11130116
0.049751084,0.044766102
0.07563392,0.047213428
0.044822305,0.03150297
0.045503292,0.045994226
0.04549746,0.051366363
0.04120231,0.03476172
0.0479729,0.044497326
0.043796986,0.03683473
0.040772095,0.030103177
0.043590765,0.04710118
0.031086825,0.04271333
0.0379614,0.03812216
0.0367814,0.059400152
0.031036183,0.04315676
0.062471207,0.064201094
0.041031282,0.05399551
0.052371386,0.0632066
0.06454198,0.04052875
0.10310967,0.053973082
0.07796849,0.059513908
0.0411414,0.033026613
0.044366203,0.034778103
0.054547217,0.04760208
0.03500883,0.039658196
0.04467489,0.027218804
0.04434196,0.044860665
0.03919199,0.028729113
0.05423579,0.055062335
0.052931022,0.0719808
0.061835714,0.039409593
0.05980856,0.042210773
0.03214577,0.041646287
0.066772796,0.05407827
0.059399296,0.039368324
0.037682388,0.029392663
0.037749063,0.041822426
0.07671032,0.038302
0.04039582,0.022837542
0.050182536,0.055646036
0.042423137,0.03903065
0.04881426,0.032304063
0.035948604,0.032982174
0.044555455,0.03854212
0.035791837,0.040605713
0.04150006,0.069881685
0.062518865,0.1063224
0.03236039,0.022732303
0.09825537,0.01934488
0.03800842,0.03359864
0.044964828,0.0628585
0.06230738,0.059347473
0.20119374,0.050932836
0.04490277,0.042784415
0.05622233,0.05522569
0.051404,0.042973954
0.058323752,0.055817757
0.045672048,0.059095703
0.044014134,0.023591653
0.05292779,0.09353182
0.052290283,0.03516848
0.04807214,0.04317674
0.041278243,0.06683155
0.04746085,0.06319594
0.029712677,0.03798178
0.041688174,0.067615174
0.043915965,0.06212194
0.035908725,0.023386529
0.06546388,0.06498174
0.052496053,0.045184176
0.05692035,0.042938676
0.042045325,0.028809663
0.044829812,0.046890136
0.069707714,0.040313415
0.056164265,0.0555386
0.04212721,0.054047447
0.04968437,0.040998977
0.040057182,0.058644313
0.05418171,0.03662152
0.045581553,0.038671285
0.021020519,0.07732463
0.053864732,0.044736832
0.06814079,0.060923588
0.05349392,0.056060612
0.03942391,0.046922266
0.037951816,0.041619815
0.051897477,0.040165715
0.040163767,0.042105563
0.04395185,0.051880617
0.060083583,0.048001595
0.04924942,0.05248917
0.0588954,0.054185115
0.039914336,0.03367838
0.052149415,0.05065562
0.04151359,0.047455758
0.050595593,0.058195814
0.049361087,0.053099643
0.05414642,0.04122491
0.04313364,0.056106865
0.05946758,0.041603465
0.07453901,0.046013724
0.02988415,0.034787413
0.055928826,0.037844233
0.044610485,0.04394333
0.048412368,0.049821306
0.04598468,0.06878727
0.058557548,0.054843638
0.049029358,0.03543694
0.052891605,0.06004309
0.054003596,0.04595805
0.059315942,0.054682754
0.06528882,0.049230743
0.06715251,0.032100536
0.045309883,0.16702315
0.054813087,0.033011705
0.042380463,0.06837132
0.044728234,0.043214798
0.055446472,0.043555163
0.039385203,0.04331268
0.051170662,0.043005344
0.030097453,0.04445153
0.044012714,0.03420705
0.044084992,0.1562596
0.05668128,0.045915075
0.034624543,0.030738408
0.044458207,0.050631225
0.028317349,0.048587963
0.056841355,0.03719499
0.05380386,0.050319955
0.04197624,0.040944222
0.037872147,0.035153136
0.056855675,0.14155763
0.053406045,0.047423646
0.04043771,0.029271718
0.027175445,0.06384055
0.045820482,0.028320089
0.04284838,0.046203043
0.04340195,0.045432605
0.047500968,0.049698524
0.04905542,0.041718442
0.04049198,0.044984452
0.046625104,0.03463241
0.04642383,0.056206696
0.044038907,0.10667223
0.04910047,0.04286256
0.046002347,0.07289288
0.0920181,0.046862025
0.030295493,0.0709162
0.05267874,0.11940724
0.09139518,0.057925135
0.040488493,0.044121068
0.031443886,0.032705657
0.04613182,0.053319
0.07849715,0.048203025
0.039834056,0.047085356
0.035597343,0.034143142
0.050548166,0.059507478
0.04994801,0.059585232
0.05170601,0.06640753
0.03280633,0.032793738
0.07738043,0.1741489
0.046009324,0.04649711
0.056822274,0.06870473
0.054564163,0.20633183
0.05675366,0.06553674
0.045458775,0.07394559
0.059456587,0.03561532
0.044756204,0.027338972
0.073573634,0.045858525
0.043012593,0.049801897
0.045171082,0.15272234
0.07597289,0.060364068
0.054720335,0.04500089
0.035818283,0.06251953
0.045635745,0.031085769
0.04427766,0.03988216
0.05348733,0.044925805
0.03681605,0.029622193
0.036588226,0.05510319
0.042783562,0.044774562
0.039527178,0.04378822
0.060604453,0.054443248
0.03596498,0.047800362
0.027702054,0.083784774
0.03323489,0.047308274
0.030610098,0.05389767
0.043539565,0.033064593
0.055468112,0.035108007
0.19516389,0.05561845
0.05292564,0.06002051
0.06127698,0.03750013
0.038762495,0.058851145
0.06098338,0.045708813
0.05709746,0.04855104
0.04148852,0.03479502
0.024406558,0.04314443
0.04266483,0.04825693
0.030094502,0.047394484
0.052066315,0.053662773
0.053068433,0.06071171
0.03683558,0.083672985
0.03576897,0.050390318
0.07513798,0.057009637
0.037144314,0.046932586
0.038557205,0.0477667
0.06514458,0.03210411
0.038689587,0.04093397
0.06430892,0.054348793
0.050382644,0.04955301
0.044590093,0.035999786
0.038502194,0.0663589
0.5266794,0.29704502
0.057338417,0.042153522
0.043787353,0.04287489
0.048502415,0.058920763
0.075876296,0.049635682
0.04670063,0.04534379
0.043233205,0.031109178
0.049615487,0.052911352
0.046368495,0.02324073
0.042119544,0.040706854
0.03840499,0.043194685
0.04068056,0.038072504
0.046017963,0.042890213
0.035624247,0.04114482
0.06597824,0.04598323
0.035060413,0.041877512
0.03591008,0.118021056
0.041753873,0.050366383
0.0562492,0.046188004
0.02602034,0.044729203
0.0504814,0.03150496
0.06558591,0.05861697
0.049546536,0.04754809
0.08121869,0.042277835
0.030204048,0.031674735
0.048303097,0.057560157
0.049058482,0.05990623
0.03841068,0.055362348
0.18909535,0.054112848
0.11320812,0.039841678
0.04356147,0.026325844
0.027246114,0.05983836
0.046645448,0.055454463
0.035761952,0.03289383
0.046841033,0.035636198
0.045414828,0.045158513
0.040309597,0.033005595
0.030302368,0.034607198
0.047049977,0.044307962
0.05724845,0.06891268
0.04568313,0.029616607
0.05127756,0.051490676
0.040278677,0.05839025
0.099996656,0.036357455
0.062463276,0.046862833
0.04178614,0.028151339
0.02750753,0.065282434
0.04114301,0.045315288
0.043042943,0.041551333
0.044804927,0.057139132
0.038991597,0.043296155
0.07379568,0.04961863
0.03905672,0.0655541
0.0459576,0.026578173
0.04159766,0.05470995
0.069376364,0.036237177
0.050874572,0.037713014
0.07128498,0.9597391
0.034115497,0.043525696
0.04534134,0.039688885
0.049159348,0.045477152
0.04787416,0.057082955
0.053702418,0.064244
0.050068274,0.042251606
0.042110275,0.04371532
0.047715392,0.05536694
0.05229561,0.04510662
0.06110303,0.06355355
0.36580867,0.04968067
0.03344297,0.041992534
0.040554505,0.047912695
0.054119166,0.060351036
0.055389524,0.03657894
0.05154064,0.041794382
0.042318244,0.0444815
0.04235331,0.033773005
0.05461163,0.07125185
0.047514636,0.071373686
0.048871372,0.045156963
0.042886578,0.038861286
0.047832604,0.053515993
0.041616987,0.05532722
0.038781133,0.030784497
0.032827016,0.029522484
0.048274074,0.028046241
0.03688332,0.057490688
0.0421012,0.057292756
0.05709513,0.063006595
0.049530108,0.058784626
0.05208122,0.030473314
0.0749387,0.050374687
0.063623555,0.04577887
0.048464347,0.040311188
0.04811916,0.04859865
0.035685536,0.048264515
0.048980672,0.036806785
0.054145094,0.050833616
0.04801273,0.057532527
0.05256014,0.10803483
0.053231023,0.037861425
0.047413275,0.02800979
0.047535647,0.044889934
0.04037124,0.049434755
0.06996136,0.03286305
0.053208787,0.054220483
0.050826274,0.059840415
0.050355937,0.040311996
0.04566149,0.066761695
0.039038353,0.055939514
0.04700351,0.06545776
0.050025076,0.049391232
0.08063057,0.044261575
0.06050015,0.089054324
0.046259668,0.03582684
0.06708692,0.04806512
0.042706,0.0447127
0.042276993,0.03809726
0.048699573,0.03471012
0.044146486,0.04066961
0.060868792,0.052561216
0.065555006,0.03968412
0.039209828,0.06033541
0.051388506,0.03682141
0.034780398,0.0627388
0.04222112,0.03439498
0.0528297,0.0885451
0.058772784,0.035833407
0.05505157,0.036636416
0.04485943,0.03989318
0.044928282,0.043274276
0.04612824,0.044515226
0.053260665,0.049775317
0.042342633,0.034899715
0.066878274,0.053500757
0.03514601,0.039954625
0.05418102,0.069067135
0.047302186,0.03465873
0.06468261,0.039982997
0.03939929,0.063949674
0.06793654,0.03240134
0.054040547,0.04355306
0.0381494,0.05251494
0.9091647,0.091466874
0.05425633,0.060877554
0.04786108,0.05702201
0.03506946,0.045301516
0.054190826,0.050362077
0.06333914,0.049533688
0.04756993,0.038831502
0.031384837,0.085974246
0.028592283,0.04495372
0.043685626,0.035083484
0.05575553,0.041263077
0.028510593,0.06271683
0.055934,0.056417197
0.04575383,0.047479734
0.040698115,0.032079563
0.055000097,0.037700325
0.06202578,0.062319543
0.06268385,0.039415035
0.041538775,0.052855153
0.038346276,0.04362157
0.041499928,0.03371118
0.044683028,0.03998293
0.055360664,0.042000532
0.048803866,0.036597934
0.039354306,0.02883467
0.044166055,0.035932604
0.04912704,0.028697407
0.042126246,0.05859124
0.09508109,0.04330306
0.06556981,0.036646605
0.048037358,0.03914168
0.04972117,0.040554937
0.03866436,0.038777947
0.049023498,0.02516166
0.042993184,0.05076323
0.041737903,0.059891213
0.836329,0.042762667
0.040272735,0.037983004
0.0536909,0.05682996
0.04730467,0.05251286
0.049654193,0.05284138
0.045103986,0.028074307
0.04142215,0.039934494
0.051329326,0.041286927
0.056664832,0.27176508
0.04828958,0.042970654
0.048023954,0.038763836
0.05288115,0.03251873
0.07061414,0.047228772
0.0582407,0.06448448
0.045113984,0.04506015
0.044873405,0.05025134
0.046125166,0.048634958
0.0449729,0.052839763
0.04045294,0.058768056
0.05379507,0.3769128
0.04130409,0.04315735
0.04431603,0.063575424
0.04442357,0.04246101
0.056185134,0.038856104
0.0433456,0.03438052
0.04704761,0.03929219
0.052370697,0.05905865
0.039908588,0.029597765
0.01619143,0.0477533
0.04672659,0.04713244
0.053598054,0.061665654
0.038338315,0.06197767
0.06122052,0.030295338
0.039885275,0.04251551
0.040044263,0.038956195
0.03247838,0.034692656
0.03808555,0.04206506
0.049743958,0.047857303
0.099656,0.048374157
0.043996215,0.067096815
0.06552852,0.04768193
0.050415844,0.035682734
0.053481955,0.02992719
0.0666462,0.053034678
0.048040554,0.041304566
0.040142078,0.054425914
0.045964394,0.06322855
0.039812934,0.047302
0.046847556,0.067398205
0.06186153,0.068598084
0.047981072,0.06298648
0.046689052,0.037210498
0.04335504,0.04540976
0.053809367,0.037075266
0.061058335,0.04588659
0.06963458,0.06367825
0.050340544,0.03183917
0.03748655,0.1132658
0.03899523,0.03227918
0.054759953,0.11146794
0.05984699,0.04611143
0.047584116,0.06335653
0.89234626,0.08790713
0.092395216,0.03094714
0.053300496,0.026834633
0.04815158,0.038779575
0.037374537,0.045212615
0.027092924,0.036962695
0.05163955,0.051859062
0.024374442,0.034201704
0.035590976,0.065642126
0.049321085,0.046534993
0.048094157,0.044514485
0.054038204,0.05676744
0.055004578,0.06534014
0.035259165,0.036285244
0.036457963,0.035350073
0.04448002,0.037266828
0.063456506,0.05196416
0.041024186,0.040543307
0.060924888,0.039753217
0.06453132,0.058716055
0.041613188,0.03960436
0.035493538,0.05588747
0.04663924,0.036916647
0.04397202,0.038742032
0.048784174,0.016519165
0.04300379,0.059774663
0.05763439,0.04387472
0.046207264,0.10867901
0.040904246,0.060443062
0.046820957,0.056138996
0.063558556,0.053571556
0.05747318,0.06762488
0.05890915,0.0561569
0.061665457,0.04128426
0.030918596,0.037410147
0.04791029,0.04954403
0.05087655,0.061654747
0.04152473,0.038090035
0.03736385,0.034640644
0.029693857,0.04154427
0.04756406,0.042876724
0.048344694,0.05021905
0.051097926,0.0670751
0.05785125,0.043390892
0.05227748,0.07103686
0.035960816,0.033811424
0.058684584,0.07029298
0.040137433,0.049929313
0.05335362,0.046214234
0.050385192,0.041766096
0.052847445,0.05287854
0.05278648,0.056456715
0.046572864,0.043982502
0.10503581,0.04482619
0.061464574,0.0489513
0.05203643,0.06741617
0.043865375,0.026773188
0.0389766,0.06627437
0.048765495,0.045435358
0.0318952,0.06485153
0.050366238,0.075068526
0.04864959,0.053713925
0.7709899,0.0658704
0.058308337,0.06397645
0.057932597,0.035789065
0.039159857,0.059811603
0.04242905,0.050994497
0.044961877,0.043404225
0.05453502,0.04281906
0.03462005,0.04979252
0.092134185,0.04724945
0.045343194,0.034552705
0.042105194,0.047077727
0.054654412,0.08630561
0.062357493,0.047465134
0.06992317,0.033562537
0.063286796,0.04951736
0.040329866,0.06358347
0.045801263,0.040790707
0.038906813,0.041777637
0.030178372,0.027023418
0.038797308,0.047899034
0.046096947,0.06381893
0.052904222,0.040291734
0.030029837,0.04066281
0.041125152,0.03847013
0.052988164,0.062700346
0.06960014,0.04570927
0.053889345,0.039533358
0.03554574,0.050560817
0.091965206,0.05019693
0.06330052,0.033576746
0.04945643,0.060983025
0.04102013,0.040732212
0.047186412,0.041500468
0.033994403,0.055294324
0.027336707,0.051427305
0.04894008,0.06188372
0.02787384,0.027692245
0.05709097,0.042009145
0.039346285,0.050021928
0.054996993,0.02752155
0.033277158,0.031212877
0.037605993,0.045785755
0.038013663,0.05518597
0.04127683,0.053478394
0.05250385,0.04535588
0.05354153,0.039946057
0.058216505,0.04270498
0.062210683,0.035795297
0.057623137,0.06233657
0.03578352,0.051235646
0.0402903,0.058086168
0.027424857,0.030766169
0.060679004,0.060497776
0.038596034,0.038439933
0.031084988,0.040784456
0.05157391,0.048781652
0.059756417,0.057217997
0.034961212,0.057298418
0.058465797,0.04840275
0.033923388,0.031195872
0.044232484,0.04110882
0.041877463,0.048979323
0.039635476,0.04715642
0.041165378,0.046320405
0.056443308,0.05486591
0.040151894,0.053033542
0.049340706,0.0207209
0.048973028,0.032833237
0.059935354,0.055814765
0.06513382,0.042948753
0.06383784,0.052404445
0.04814603,0.013527726
0.03896218,0.049729194
0.034454703,0.048966493
0.034713708,0.027172003
0.05190916,0.05739722
0.05389991,0.05999839
0.03214727,0.03367674
0.050298117,0.045809384
0.050881945,0.051409423
0.053699892,0.061012905
0.042415023,0.044629026
0.0729053,0.0481336
0.054577243,0.055401303
0.06363148,0.05193264
0.050999504,0.036124818
0.03680593,0.049987633
0.051733367,0.031144984
0.0536571,0.04230315
0.049021073,0.05521209
0.050262116,0.059015896
0.04924752,0.056270305
0.054526046,0.052239735
0.050244372,0.04439568
0.059926085,0.03473692
0.05567236,0.03133956
0.03807862,0.04152274
0.056203995,0.049764913
0.04730678,0.04700037
0.039153457,0.07304183
0.043721847,0.031033296
0.04903248,0.04969
0.035679683,0.038404617
0.05442534,0.051135357
0.05178541,0.056326985
0.028984917,0.034007486
0.04358164,0.04482619
0.04323487,0.024538396
0.055586144,0.044665333
0.03908349,0.04038094
0.04332741,0.056210015
0.051777165,0.051840723
0.043810476,0.037304316
0.034686238,0.03187329
0.037439294,0.048951495
0.055076007,0.03936452
0.053859543,0.057807688
0.035466563,0.03754272
0.064139046,0.04736255
0.042327706,0.032688476
0.0472758,0.042320568
0.04659512,0.03580871
0.04902305,0.03008746
0.058142807,0.044338476
0.055463772,0.032410342
0.053336777,0.06686808
0.0406176,0.050520837
0.03843308,0.038418118
0.045700997,0.050093736
0.038623463,0.03750695
0.042662963,0.04316887
0.036779787,0.054873627
0.04500528,0.047357567
0.054502092,0.060372677
0.042062253,0.04743569
0.04683508,0.04761738
0.06415413,0.040814642
0.03993261,0.026825562
0.047702048,0.064891905
0.046339776,0.048456088
0.03402626,0.05717288
0.04035607,0.035445224
0.03532178,0.041065212
0.049045928,0.044768006
0.07431241,0.03600498
0.043304916,0.05109942
0.043036636,0.057784844
0.034457836,0.040755164
0.034507826,0.062263977
0.041883387,0.04131401
0.053038277,0.043743476
0.06993207,0.03746484
0.037764605,0.040385507
0.042080414,0.036926486
0.047735825,0.061803542
0.06042081,0.14462976
0.0470742,0.08358369
0.05470712,0.03775553
0.04121824,0.04847613
0.037498474,0.049661737
0.05850871,0.05949528
0.04381086,0.042577147
0.041848615,0.05237207
0.038809985,0.044604413
0.0472013,0.057834443
0.049579702,0.07318223
0.06495251,0.055351485
0.061615545,0.051396158
0.0839436,0.054572236
0.056641065,0.046269756
0.04148749,0.042483047
0.04759663,0.051889468
0.050631136,0.031815015
0.044276312,0.06536294
0.6058216,0.51019454
0.038828876,0.029758178
0.0625345,0.05603119
0.059780695,0.036479272
0.05596718,0.0731358
0.05159854,0.036865816
0.04079893,0.04262493
0.035474554,0.036289286
0.056173474,0.089593604
0.03326815,0.051662374
0.06168172,0.058693584
0.046706896,0.20699432
0.05122611,0.09859203
0.047057904,0.022590613
0.0636894,0.09187651
0.03848905,0.029551119
0.06879997,0.05380346
0.043519396,0.03927775
0.04324875,0.04066349
0.041997485,0.09237089
0.042193834,0.03711645
0.04479281,0.052659713
0.038473852,0.044453084
0.05019425,0.04325362
0.0469318,0.037804592
0.05461732,0.03360111
0.053109158,0.032459415
0.022223962,0.03911907
0.081695996,0.04017046
0.039669205,0.06371277
0.07346083,0.05183235
0.037835155,0.041458454
0.053918954,0.04632709
0.03674883,0.094296165
0.044179663,0.04515432
0.049816266,0.052977934
0.06630423,0.05152014
0.040342584,0.035010267
0.03679866,0.044783063
0.058805253,0.038838323
0.06440692,0.07939613
0.05135707,0.043109544
0.08469796,0.05856497
0.04547517,0.031443357
0.054434385,0.071478345
0.04796882,0.05640277
0.029694516,0.027632877
0.06800783,0.044860117
0.03587741,0.04320566
0.03846854,0.058587
0.047873653,0.03208155
0.04723906,0.0496587
0.050001726,0.05406699
0.042681817,0.026309833
0.04235048,0.05700507
0.05791818,0.026411444
0.035001874,0.03611668
0.0470301,0.05648013
0.058587316,0.050571002
0.035638746,0.041525517
0.02936598,0.05680495
0.058541585,0.036185138
0.03839055,0.03154639
0.032618877,0.049486056
0.08590476,0.04247592
0.055696655,0.043928992
0.04073049,0.045720614
0.05604104,0.028010972
0.031515032,0.044242077
0.035796583,0.043891285
0.05506104,0.1635849
0.054088045,0.049587462
0.03950702,0.06947366
0.04377329,0.04228225
0.037357755,0.051211797
0.048282493,0.04580722
0.05051675,0.03980983
0.060390044,0.81327444
0.024211884,0.056372296
0.060938172,0.023254786
0.03109592,0.102907576
0.04755767,0.046918575
0.036402334,0.05817557
0.043053996,0.034525905
0.06080377,0.03862746
0.043267522,0.03317123
0.056073956,0.06837119
0.041233838,0.034443725
0.041731525,0.0379244
0.036767915,0.040260103
0.056121312,0.042826165
0.040678754,0.044044014
0.04886914,0.041216563
0.041714773,0.05466728
0.031057712,0.041735407
0.02818891,0.023173416
0.06460033,0.0329097
0.050720513,0.05027038
0.06000226,0.036939196
0.051015068,0.030885486
0.051202673,0.0763316
0.06553231,0.044862084
0.056033902,0.04245579
0.037621353,0.047053486
0.062201574,0.041799407
0.040954866,0.023972185
0.060140777,0.06028465
0.04853233,0.03849529
0.03854588,0.042057607
0.04403544,0.07078666
0.04078687,0.04922799
0.03258304,0.057651833
0.04124402,0.04442698
0.05087058,0.049973797
0.034546167,0.044064168
0.07899295,0.06260531
0.053643502,0.0606996
0.051855914,0.05301483
0.05856564,0.05088457
0.056168485,0.048943497
0.048071623,0.035507318
0.05729692,0.05164644
0.036340073,0.053120892
0.049684312,0.20981267
0.051776655,0.04252895
0.0445357,0.045628875
0.052581444,0.042810645
0.0296435,0.04335642
0.050225735,0.04791344
0.053448655,0.043474656
0.043605022,0.0385516
0.048159875,0.034680184
0.045777768,0.03195886
0.050341558,0.054077744
0.03747631,0.20047075
0.058791626,0.040554106
0.035203494,0.035195738
0.040260993,0.06576169
0.044970922,0.05594312
0.03653274,0.059428502
0.03650911,0.04046077
0.02627176,0.02924424
0.04472567,0.053215913
0.046503402,0.048643485
0.060606845,0.087634504
0.09321898,0.046947144
0.055809475,0.047425196
0.051308874,0.049940854
0.012619844,0.029306026
0.050191127,0.051663905
0.043615427,0.03987488
0.046992652,0.06307621
0.043305434,0.041748367
0.049337137,0.04285349
0.0345463,0.06891403
0.044323992,0.061420027
0.043083828,0.045021154
0.041584976,0.049769152
0.054564923,0.053168193
0.05250391,0.05256255
0.050680276,0.032421064
0.058071136,0.06853303
0.044872127,0.050955676
0.07676469,0.040874295
0.043018382,0.054646928
0.042099334,0.04216607
0.08083372,0.045673355
0.04875217,0.037738327
0.037155468,0.052936163
0.06129006,0.049960855
0.75851065,0.91358906
0.06962438,0.03549349
0.049146853,0.046070665
0.0442971,0.048313696
0.054336764,0.17449677
0.03913774,0.058859427
0.034793418,0.024199879
0.029737521,0.07694273
0.06298901,0.026783025
0.0497094,0.039954886
0.042430658,0.042424116
0.06915097,0.06487356
0.023186514,0.042070087
0.057035808,0.043069236
0.06378519,0.046621315
0.07372648,0.050578043
0.03965654,0.041254595
0.07000172,0.041665174
0.0504849,0.034039304
0.047347665,0.042924836
0.038603984,0.03049489
0.039893214,0.04041869
0.06565251,0.037205644
0.04105269,0.040729284
0.0383207,0.043634772
0.03691719,0.043958284
0.12196002,0.034588616
0.032059595,0.043435857
0.04191983,0.033998087
0.055786557,0.03200652
0.056935783,0.0498217
0.03940672,0.038211375
0.046138663,0.0533202
0.06542221,0.094810195
0.042107385,0.040828764
0.03902568,0.060903545
0.037046842,0.048055828
0.059810627,0.039491694
0.04280723,0.045545418
0.043519974,0.058789022
0.02834934,0.024012722
0.035110436,0.040775754
0.042537782,0.036753755
0.049354274,0.03972762
0.0399248,0.05290748
0.038874153,0.042006303
0.043133385,0.056345083
0.05160489,0.06047371
0.053684823,0.06210911
0.04921751,0.048901353
0.054737642,0.033382367
0.04812842,0.052978132
0.051951416,0.046134494
0.058940243,0.053745314
0.06865405,0.042588122
0.04073049,0.0328623
0.03322759,0.03547056
0.053630207,0.044157267
0.050826915,0.04286866
0.040074676,0.043446414
0.039441552,0.08814233
0.07449488,0.037452344
0.054892324,0.04856387
0.054676853,0.048736405
0.04956277,0.06638548
0.0500245,0.03855248
0.02713471,0.05373036
0.029058222,0.038744964
0.036317542,0.08238827
0.05808176,0.056407623
0.036236063,0.037299957
0.0399073,0.037308283
0.050063692,0.03424634
0.032939512,0.03623738
0.052783247,0.04633094
0.040533658,0.043385405
0.054760896,0.03962851
0.05224139,0.033344943
0.042713393,0.051781747
0.056871593,0.04570995
0.043837823,0.032976806
0.04196233,0.04306576
0.03933304,0.045466967
0.041762058,0.059866577
0.056460384,0.050646175
0.05705041,0.036839586
0.1422702,0.11601983
0.03555581,0.062290624
0.04511084,0.041397072
0.04631534,0.022353083
0.039998095,0.049099132
0.05311448,0.033602968
0.029524889,0.06911609
0.059646454,0.033602003
0.054456573,0.044398107
0.027874308,0.032748666
0.038880944,0.061908815
0.053709567,0.052449122
0.07659827,0.037291486
0.9403433,0.80728096
0.060585286,0.05367106
0.04179123,0.03701884
0.03001778,0.05467362
0.05980716,0.04927287
0.038744327,0.0478196
0.06465272,0.030528726
0.05880645,0.056382485
0.04187566,0.043416817
0.054259628,0.040423106
0.038473852,0.049117755
0.05542084,0.059024114
0.039266523,0.047906358
0.03873895,0.038512874
0.048527166,0.037380997
0.06784508,0.057846114
0.046994437,0.035194296
0.060396496,0.07230175
0.045970466,0.033064384
0.04889591,0.053247914
0.037476957,0.08748728
0.041247495,0.087574825
0.048343416,0.052146923
0.07086708,0.056141466
0.046395306,0.05243441
0.0337543,0.038917977
0.041257557,0.057000414
0.0436564,0.01220702
0.022575112,0.050979875
0.05483704,0.040586196
0.05414921,0.06966526
0.04926064,0.04342685
0.059042152,0.035430852
0.052405063,0.044843156
0.046121072,0.040186174
0.026575778,0.043095097
0.033970237,0.03468916
0.058742203,0.04679603
0.06795701,0.046592176
0.050468747,0.041160867
0.022521976,0.040921662
0.030480707,0.027826166
0.0381437,0.020706799
0.052954964,0.036331397
0.033656668,0.05272859
0.04909894,0.028248884
0.044566233,0.044472776
0.06253805,0.051396374
0.051231887,0.09386497
0.042538624,0.0501876
0.03923737,0.040412504
0.05812798,0.04173018
0.11350548,0.045453195
0.051133182,0.043467615
0.060644366,0.047486074
0.05762056,0.044476364
0.033882737,0.03182541
0.0427024,0.03609883
0.03221102,0.044217728
0.04516955,0.034752406
0.055766053,0.06041972
0.04837046,0.032363597
0.036455754,0.03235927
0.04558194,0.03550369
0.061119683,0.036740292
0.05228921,0.06743602
0.037732605,0.052094266
0.061838653,0.05930758
0.040227357,0.051827803
0.06424418,0.061309356
0.05082933,0.059806183
0.044729777,0.025487106
0.05581767,0.12749393
0.055597767,0.04391321
0.04104114,0.045128785
0.053787667,0.048071437
0.055758286,0.057307314
0.035544828,0.037142474
0.0689266,0.047461286
0.04013511,0.06268874
0.05003627,0.054919705
0.03707052,0.03399082
0.04531328,0.045779746
0.04611742,0.037741605
0.02853357,0.04337782
0.03866681,0.055816557
0.06002629,0.0289465
0.046225313,0.03774017
0.04547415,0.03714186
0.044149626,0.047947537
0.03938998,0.039847996
0.055758856,0.044100303
0.05719935,0.05634528
0.04471721,0.05935755
0.056593243,0.042674158
0.02606661,0.029156981
0.056905482,0.03529146
0.055627417,0.04543468
0.029004933,0.03689349
0.047737356,0.059785787
0.043090317,0.07396255
0.075630985,0.03340405
0.037487004,0.03669102
0.048299782,0.029196884
0.13499796,0.0553305
0.028285224,0.042621415
0.116786204,0.03614643
0.031545825,0.04206152
0.047607806,0.053578507
0.04913049,0.06461132
0.045518473,0.06603397
0.03153373,0.06510245
0.04815809,0.04853786
0.044203028,0.037062425
0.036815017,0.042128406
0.06215406,0.06282929
0.054119226,0.056332316
0.036943585,0.05854429
0.042522855,0.02460218
0.04436204,0.033304375
0.052196164,0.04288134
0.047039114,0.025694482
0.06864762,0.044948712
0.03353047,0.042472534
0.046480697,0.029518198
0.9283253,0.040633302
0.048231274,0.053164586
0.036874305,0.041524924
0.054098863,0.043857448
0.049664002,0.024768133
0.046215132,0.03524113
0.04493957,0.05552096
0.045731477,0.040595047
0.037333246,0.052908227
0.041429505,0.03793805
0.038982287,0.046661623
0.05511391,0.037341464
0.047944687,0.049123526
0.046926558,0.052900728
0.02962102,0.043732043
0.038781974,0.039704885
0.057623945,0.031689458
0.13530123,0.084672004
0.036508594,0.05983082
0.04997124,0.049652405
0.036835186,0.047431733
0.048139136,0.20246457
0.04025925,0.03905184
0.036504112,0.049385987
0.052209232,0.052951004
0.041619565,0.051730465
0.041266255,0.0358252
0.032854162,0.03628313
0.05834776,0.042556535
0.099829726,0.03590962
0.05211009,0.02592365
0.05182812,0.04018856
0.050891478,0.05677096
0.032136228,0.046713535
0.051935557,0.07230077
0.0494898,0.0437508
0.0414322,0.0433063
0.029066617,0.03220616
0.05487464,0.052919175
0.0377236,0.12639724
0.028634772,0.036180288
0.04961829,0.035465762
0.042540032,0.042840615
0.045768492,0.06942949
0.054569405,0.0567733
0.03876774,0.034938622
0.041785307,0.04918506
0.04894269,0.076324865
0.03251644,0.04126723
0.046251412,0.035637498
0.03165592,0.03230351
0.06191925,0.057502776
0.056534328,0.03422481
0.045159098,0.050193828
0.050377432,0.034599517
0.047089085,0.047892958
0.04029308,0.16775432
0.045229655,0.042769313
0.03506874,0.053802866
0.034540642,0.032116767
0.02748642,0.029011138
0.0434033,0.032171153
0.047982093,0.029004438
0.06389264,0.036738727
0.053443402,0.056450006
0.046189163,0.048281804
0.045764707,0.046797518
0.05381177,0.041467678
0.06764768,0.06213302
0.041532084,0.061997954
0.0533868,0.04696736
0.06620743,0.062328897
0.043451548,0.028884191
0.05358146,0.043863352
0.039661832,0.048669975
0.0439387,0.061345093
0.036155153,0.031877685
0.08523101,0.052594595
0.040291972,0.03230908
0.057336327,0.049437247
0.04818993,0.055248335
0.0469513,0.01006667
0.047411803,0.043271825
0.056582715,0.03900163
0.042039853,0.056966446
0.043911472,0.047752623
0.052337974,0.05691079
0.042178065,0.036212966
0.0508585,0.044632807
0.04765882,0.047188837
0.03852381,0.0392166
0.039524987,0.047589358
0.042427566,0.04045139
0.049860824,0.03820742
0.046276562,0.023073105
0.05574549,0.044715825
0.04207963,0.033485256
0.06301353,0.053403504
0.038143896,0.046354197
0.055912867,0.053149484
0.04907798,0.04245476
0.038494304,0.033796955
0.05994971,0.052109916
0.073991776,0.057783443
0.038264647,0.057846244
0.04659857,0.023868224
0.038027655,0.039914075
0.03902568,0.044261903
0.043932077,0.05651578
0.04731394,0.04504089
0.060806103,0.06347435
0.043314815,0.1576732
0.03131408,0.029430348
0.05075147,0.0351226
0.04768206,0.04267558
0.047223598,0.060721308
0.049367964,0.034221586
0.050145827,0.039161846
0.040110126,0.041446082
0.056422826,0.0791378
0.07449591,0.035523742
0.034923285,0.054567974
0.045248818,0.03587897
0.047693297,0.05800586
0.0694611,0.05396327
0.055017576,0.059082586
0.044800952,0.03886558
0.16198242,0.040704276
0.030249577,0.03235081
0.043736044,0.056361586
0.050314523,0.028065804
0.04679679,0.048969246
0.04622416,0.034158096
0.055394128,0.049939588
0.038271572,0.028126026
0.043912373,0.042099662
0.051053956,0.031490922
0.044723682,0.04220852
0.033595845,0.04113586
0.042363998,0.057411756
0.062390976,0.04083108
0.041616604,0.027487285
0.048666425,0.047310024
0.053991072,0.06794153
0.042306077,0.04675358
0.035717964,0.024984395
0.04305297,0.051703144
0.036684856,0.040892657
0.04501547,0.025635518
0.04709605,0.044065937
0.032831974,0.052297335
0.03969621,0.039122544
0.038930878,0.046073027
0.10575336,0.0420451
0.052342344,0.04395212
0.04438809,0.058931693
0.053446434,0.03083134
0.04045074,0.03670537
0.048406377,0.0447421
0.03251592,0.043840397
0.09609281,0.07756671
0.04801866,0.045473043
0.03428047,0.03788667
0.05901879,0.052197985
0.076598875,0.029512538
0.048080113,0.05555799
0.0422824,0.0551875
0.05172289,0.052289836
0.046242326,0.031338733
0.055454362,0.049535282
0.05057175,0.14999858
0.059301257,0.039789677
0.042429373,0.04944717
0.044073313,0.04022373
0.040597215,0.03022233
0.049302425,0.060848
0.06448175,0.07765507
0.023176849,0.03887709
0.045003932,0.069416486
0.054471936,0.042006105
0.045093793,0.031068204
0.051294584,0.04040938
0.046839878,0.040588163
0.07380163,0.03714561
0.034408543,0.051558044
0.032414,0.054166164
0.029239176,0.028052393
0.057534043,0.03484099
0.045970343,0.035220113
0.039721083,0.044662558
0.03880462,0.060768522
0.048188206,0.040212035
0.047968183,0.046631083
0.046777606,0.043322016
0.08044342,0.036990695
0.041761864,0.0499842
0.037493486,0.07865044
0.045283094,0.0272177
0.09939503,0.04359949
0.06082833,0.011305776
0.047901925,0.042575117
0.11274139,0.04634941
0.045886353,0.035396766
0.04585306,0.045981195
0.047664884,0.060720365
0.03955116,0.047907908
0.05010772,0.040564183
0.03575084,0.043306712
0.05168494,0.054530617
0.045944862,0.039643485
0.06329509,0.060436856
0.039731354,0.04172537
0.047394037,0.039948154
0.048766773,0.034616586
0.05372204,0.04361169
0.05278433,0.04231915
0.049813468,0.036941513
0.047397424,0.041198224
0.04402915,0.05086553
0.050915055,0.041567747
0.040534247,0.031430703
0.048338376,0.04216478
0.038708672,0.05747965
0.04326675,0.04680764
0.04708525,0.054352533
0.047517445,0.059979
0.043991793,0.049367867
0.64340705,0.29890853
0.05750206,0.044136893
0.042088322,0.036030978
0.045715082,0.05720803
0.03968697,0.048455212
0.04914737,0.035127256
0.06475128,0.047991823
0.047568593,0.043702863
0.059909455,0.03059405
0.058557224,0.060325157
0.028550718,0.06144263
0.030473243,0.05216358
0.025875973,0.05147747
0.043275744,0.050094523
0.025311064,0.047512393
0.05978327,0.061524097
0.035246227,0.052996993
0.03258447,0.046891272
0.04120999,0.06653163
0.04253405,0.030051459
0.042061035,0.06796267
0.05281544,0.054919094
0.03587962,0.04061658
0.035848755,0.04088435
0.04074688,0.043862455
0.0466152,0.04018047
0.04872087,0.043813664
0.1121381,0.0440756
0.03423195,0.033508666
0.042979486,0.03253296
0.06441527,0.060011502
0.05190046,0.051967897
0.05004492,0.03364922
0.048480988,0.053734757
0.047905564,0.03654517
0.053016037,0.0688833
0.033095308,0.03473713
0.045496568,0.07665487
0.043377534,0.047263134
0.05167713,0.05959835
0.051880475,0.022141412
0.05307179,0.05714464
0.0507978,0.046081617
0.040659852,0.06208279
0.052216716,0.04088341
0.045468125,0.05826012
0.019667322,0.030235773
0.061050363,0.031273264
0.052451223,0.081482895
0.044998232,0.05988433
0.053569883,0.041664757
0.046547085,0.0716906
0.02805886,0.04899646
0.05436971,0.049590345
0.046581686,0.049536288
0.037080895,0.04063977
0.045970272,0.065683655
0.051642094,0.06560599
0.044890653,0.04445621
0.027775032,0.03783632
0.028087782,0.081586465
0.06653306,0.066118844
0.051514164,0.056115653
0.044288825,0.035535995
0.041795995,0.03450809
0.051851664,0.044894785
0.035887934,0.051539026
0.04077661,0.035404973
0.044170678,0.050045688
0.052645713,0.05811218
0.031682983,0.061846405
0.059735283,0.073892534
0.036816638,0.05548452
0.031878795,0.02738397
0.046689313,0.04941836
0.056675095,0.029949464
0.049749624,0.15389836
0.03869975,0.037960567
0.048851993,0.039948154
0.040022057,0.028177885
0.035626326,0.053713728
0.8865482,0.87855816
0.061200745,0.07402736
0.044712853,0.03467717
0.045655336,0.06598308
0.044587526,0.036176868
0.038640417,0.17546967
0.06737233,0.059923913
0.0403136,0.061467197
0.04002502,0.035594653
0.058478676,0.05048569
0.025527317,0.02564308
0.04919056,0.4088019
0.048519574,0.0374946
0.038072344,0.07819433
0.034997515,0.039609734
0.05348961,0.083315484
0.16076641,0.03815804
0.061317723,0.05671804
0.03371467,0.041686006
0.05645339,0.04151323
0.035983033,0.060269896
0.04153401,0.042024076
0.033819593,0.06386228
0.032733098,0.06430652
0.04133232,0.048211113
0.037419662,0.06299927
0.042371713,0.07734259
0.05954783,0.05701755
0.054817073,0.01654839
0.048645638,0.028240446
0.050356057,0.0467324
0.052952114,0.04589131
0.037560105,0.04638307
0.113139234,0.15599161
0.04876728,0.03481112
0.050050966,0.03221103
0.044570472,0.073538095
0.059103947,0.04629977
0.054091267,0.036204483
0.046988625,0.055426154
0.030140964,0.053958263
0.0406236,0.041107945
0.05593382,0.03980262
0.034070037,0.05165715
0.046898115,0.0498805
0.050107468,0.061375763
0.05642471,0.06273458
0.043993782,0.058550388
0.045080844,0.05454076
0.058658767,0.060558915
0.043780673,0.060875107
0.10001669,0.05070712
0.043637197,0.04581155
0.044959445,0.0347461
0.022430602,0.044539165
0.05799492,0.044437956
0.052928995,0.050558258
0.04317343,0.039145637
0.045311354,0.03970891
0.05379798,0.029604597
0.057948496,0.034042943
0.05823354,0.049894273
0.035564195,0.07049891
0.031356648,0.042379435
0.045953125,0.04195983
0.050171472,0.05519078
0.017202735,0.067066714
0.057686877,0.064400055
0.048010364,0.033757083
0.040741716,0.05458671
0.05579092,0.060933623
0.0531072,0.04316238
0.033405878,0.04797952
0.031915523,0.0646438
0.038385052,0.041680038
0.03519817,0.039479848
0.058978796,0.053257793
0.04776494,0.04405586
0.039181516,0.034522418
0.047916222,0.03614978
0.044823788,0.05209962
0.045907293,0.033766832
0.04676866,0.030821145
0.0819029,0.045472298
0.053280417,0.043997806
0.063171394,0.04949681
0.046810664,0.058848366
0.04552123,0.046532568
0.054322354,0.040985316
0.043608427,0.046223547
0.02191302,0.033895396
0.053908832,0.059244692
0.053137153,0.04972504
0.08354267,0.069536336
0.057238493,0.032711077
0.031748086,0.059907366
0.08034125,0.044353407
0.048857093,0.02932867
0.060414545,0.054139998
0.062504955,0.065595806
0.08180695,0.06412052
0.043930028,0.050238922
0.050511416,0.047337368
0.04142409,0.06586631
0.043497615,0.028975923
0.030256849,0.04355265
0.043833848,0.089093976
0.04476813,0.036927514
0.04619166,0.038704414
0.73533595,0.79217046
0.026496144,0.047447823
0.04269873,0.043150857
0.036620088,0.03928511
0.031890366,0.06713163
0.051218938,0.050081648
0.043814775,0.04581815
0.04473722,0.03355376
0.07591568,0.04784275
0.05281329,0.045754716
0.04459343,0.057944655
0.06286421,0.06551388
0.050344296,0.05099207
0.04143988,0.045843724
0.02921491,0.04315337
0.027352424,0.037483744
0.049227256,0.07102591
0.06285971,0.05075451
0.034843978,0.029367875
0.04394036,0.07702164
0.0554933,0.056321673
0.049621217,0.048046146
0.041644752,0.04503521
0.022183666,0.0291973
0.046008684,0.05336315
0.039195094,0.050019305
0.043763533,0.034230437
0.030206075,0.037603676
0.04552206,0.044805318
0.031144857,0.04513681
0.046678253,0.04479537
0.046825044,0.06755227
0.041738674,0.039303634
0.03793167,0.06631125
0.045690298,0.0419103
0.047974307,0.027533725
0.0978437,0.05072878
0.048939757,0.03657648
0.045098852,0.026527591
0.05170963,0.060757812
0.047917247,0.044229094
0.050870255,0.03457039
0.056869466,0.06285909
0.035815038,0.034453936
0.0400411,0.05426665
0.052066702,0.05168701
0.05017917,0.18277745
0.03266254,0.04066948
0.049168512,0.07000341
0.046035312,0.06490862
0.036363386,0.042416047
0.0449106,0.034797218
0.046777353,0.06611983
0.040509593,0.04966294
0.04936332,0.048080046
0.06023993,0.037406463
0.04650673,0.05299612
0.03155609,0.03981608
0.04500374,0.04383262
0.031287786,0.040238813
0.058276232,0.8391854
0.040519785,0.055624656
0.05827396,0.0435909
0.059264977,0.03706802
0.042784587,0.057513922
0.04025338,0.04418669
0.037669104,0.035836075
0.056342248,0.1018026
0.05164482,0.7355965
0.029752001,0.045605596
0.11181383,0.036455896
0.023981323,0.058299206
0.077537686,0.040074147
0.045418415,0.043602943
0.05411809,0.034974787
0.035545416,0.03181743
0.047395952,0.04943012
0.04391365,0.036277864
0.05569483,0.19711189
0.04803366,0.048802614
0.051985934,0.04215914
0.035087865,0.06776165
0.04009889,0.06834775
0.04475812,0.06695418
0.068165086,0.054851636
0.05055503,0.041534893
0.052082054,0.04212611
0.032052934,0.04482532
0.04269661,0.056046817
0.06475901,0.030022288
0.046857268,0.04951393
0.045773733,0.035616208
0.041839205,0.035823483
0.04429794,0.063823484
0.023003278,0.036702234
0.04528989,0.04049736
0.059043795,0.04870897
0.04653148,0.030932045
0.040526498,0.041272454
0.054121375,0.041201413
0.044543013,0.03284231
0.044697907,0.036792774
0.04644193,0.03143207
0.033717997,0.039079152
0.043811366,0.033415865
0.070807345,0.035626065
0.03800901,0.042995375
0.04955978,0.05196676
0.051198922,0.056074515
0.037617784,0.032125566
0.047449738,0.027053267
0.06922842,0.0347903
0.04703681,0.03656554
0.05739287,0.046096176
0.04670127,0.07972979
0.084047355,0.03324237
0.030177774,0.031542543
0.03833359,0.049083285
0.06794205,0.035155945
0.056226306,0.046981636
0.07545864,0.043922763
0.03150849,0.035404425
0.033095308,0.032592755
0.051561784,0.036460135
0.046487287,0.040044837
0.046591725,0.047608748
0.047667693,0.038976558
0.0538853,0.05859972
0.044664048,0.047006577
0.059028585,0.03694384
0.042999998,0.056994032
0.049132526,0.041957732
0.050649185,0.039728362
0.056285445,0.12807687
0.049313255,0.037983824
0.036628656,0.041746818
0.052671958,0.05730412
0.06724491,0.034523368
0.04368512,0.038417637
0.04772459,0.05347752
0.042775847,0.06632235
0.0451284,0.24426445
0.049310073,0.0276068
0.038482066,0.058100313
0.04140959,0.052644804
0.038917482,0.03493574
0.079395846,0.047684226
0.063028455,0.054747436
0.056277066,0.067364454
0.056984235,0.032865807
0.04195975,0.04257761
0.038723424,0.07458824
0.059557118,0.04377056
0.054088935,0.03533453
0.066615395,0.0832418
0.030796537,0.039168786
0.06527458,0.06243944
0.0408729,0.04031016
0.061467458,0.0402255
0.0519407,0.041360393
0.039571837,0.045190383
0.043393403,0.04207516
0.04519096,0.0684066
0.031454746,0.027877763
0.05102321,0.047049772
0.033377443,0.0368941
0.051770817,0.06002276
0.042337865,0.028419482
0.037115525,0.030323602
0.038733322,0.05455464
0.06611284,0.054710146
0.041086216,0.035739534
0.04240608,0.032237504
0.06070407,0.05310539
0.05199507,0.027149512
0.057360135,0.0478274
0.03925974,0.050145518
0.05955943,0.039118245
0.04896455,0.050462823
0.038375854,0.0741644
0.04975166,0.050749417
0.07014616,0.05447986
0.06943394,0.04737455
0.021843517,0.039927542
0.035895076,0.06349538
0.04224082,0.04980747
0.031086104,0.050369333
0.035859738,0.060022432
0.04812389,0.035285775
0.038137164,0.033185177
0.0545531,0.036864854
0.0576249,0.03400906
0.06798736,0.8203218
0.052484006,0.052516863
0.04196903,0.06322638
0.046443857,0.036272805
0.046164908,0.041739624
0.06423153,0.052596934
0.05479748,0.06277395
0.04101723,0.81120515
0.04989659,0.04755786
0.03793834,0.034801327
0.057774268,0.051024444
0.046278417,0.041847803
0.05736624,0.04321954
0.09816723,0.053967487
0.050006114,0.04906958
0.03992254,0.035459064
0.043551967,0.050478518
0.051043976,0.04339806
0.041979518,0.045295633
0.047553077,0.056479078
0.040308695,0.055843268
0.04695699,0.044109635
0.045678202,0.05590917
0.046152942,0.046525966
0.053088512,0.058296144
0.04795057,0.037521835
0.040778425,0.04839521
0.024107387,0.041993473
0.037507094,0.055998903
0.06471693,0.037324056
0.069005065,0.046092875
0.04097544,0.042693745
0.047484994,0.0336042
0.03249633,0.060772214
0.034130547,0.023069203
0.036236063,0.04294178
0.04902974,0.042621545
0.07426232,0.05124618
0.04740522,0.037734643
0.050699096,0.045051623
0.05532065,0.061214376
0.05140914,0.05633483
0.042315535,0.06380339
0.049430195,0.06149085
0.055313837,0.04070998
0.042559788,0.035384238
0.047071137,0.033103872
0.050609007,0.14709118
0.06397723,0.039864674
0.030638186,0.0482467
0.035428144,0.043242905
0.07423758,0.06405145
0.04073108,0.054383878
0.024266865,0.052012622
0.05848188,0.03909454
0.044767417,0.045335267
0.059649598,0.047410987
0.04142789,0.028521137
0.05851739,0.05622757
0.03764844,0.033062942
0.030908061,0.044986222
0.050892755,0.046245143
0.04359288,0.046365477
0.045239653,0.05325633
0.055583753,0.024262646
0.041668523,0.032191787
0.042161006,0.043849055
0.056463853,0.042853557
0.042238247,0.17401649
0.04344307,0.066193625
0.0528579,0.040107485
0.05108318,0.04569126
0.06993214,0.04352692
0.053629063,0.04516317
0.04744629,0.040144973
0.048162878,0.035359584
0.04150283,0.040743012
0.05477126,0.05838826
0.044830002,0.032062087
0.036301896,0.031550523
0.046608355,0.036483448
0.05111997,0.029154357
0.06731834,0.06144018
0.05793988,0.045603562
0.05855686,0.09992042
0.02894469,0.033111565
0.03875461,0.040949665
0.13148782,0.041586086
0.053624954,0.033989508
0.07322872,0.035304748
0.0402637,0.025680339
0.04179265,0.08266877
0.09219795,0.038388725
0.06902022,0.037173547
0.04899495,0.033818834
0.04468861,0.042818252
0.036257744,0.03131836
0.044685148,0.03787091
0.038895424,0.03046408
0.06485278,0.03695839
0.05314045,0.068486124
0.09170359,0.0456045
0.043124452,0.041783866
0.05313184,0.037584975
0.049233876,0.036463555
0.038021825,0.045750257
0.037844684,0.04450456
0.06697591,0.053465236
0.046595953,0.02160836
0.054787178,0.04146619
0.05886782,0.042183843
0.041628398,0.046188463
0.05863224,0.069832504
0.03665903,0.048441965
0.039483503,0.06356804
0.07059797,0.060816392
0.028529169,0.02874459
0.041665368,0.04192597
0.039499335,0.030048223
0.053949952,0.044641268
0.14956611,0.0806893
0.058356807,0.039828125
0.04188635,0.06687943
0.059546694,0.065952145
0.051472712,0.070190154
0.054936353,0.04874386
0.052061114,0.044271305
0.0537285,0.07995323
0.044926234,0.023455637
0.057279985,0.03284362
0.8363535,0.49336004
0.05377691,0.03969448
0.05950435,0.050117016
0.047140155,0.027503483
0.0749362,0.056302566
0.044418693,0.04971901
0.023013672,0.038086012
0.044449102,0.055653553
0.071049154,0.037192944
0.051554736,0.056828626
0.043691985,0.048868433
0.04854897,0.05982334
0.053372744,0.02847166
0.048775624,0.05358793
0.05063152,0.04846603
0.052078374,0.06896315
0.049936116,0.032063257
0.043337498,0.07344021
0.066695444,0.034466416
0.046030194,0.07376798
0.9402685,0.92651135
0.040645666,0.040842425
0.041615184,0.05194368
0.056612205,0.06444104
0.045857735,0.06566296
0.049444646,0.0431619
0.040684566,0.04484661
0.043413896,0.04260351
0.04076868,0.040986083
0.054400884,0.039167702
0.04446847,0.048457157
0.03357975,0.04378422
0.03978742,0.035355475
0.043200552,0.058960874
0.046305675,0.03352363
0.05127667,0.028963758
0.062791765,0.050372154
0.043910254,0.042917054
0.037951685,0.07995961
0.04210964,0.05319895
0.02828634,0.062325597
0.048816685,0.046806764
0.03597784,0.067278594
0.027743943,0.054350324
0.05237887,0.03629003
0.047441058,0.047742195
0.06039049,0.04531083
0.16248767,0.03492636
0.05178395,0.044653837
0.032178227,0.020472078
0.034558732,0.042092342
0.05472867,0.042867173
0.047335275,0.04567762
0.04534698,0.057365064
0.13311157,0.049504004
0.039700862,0.039474603
0.042771596,0.05749985
0.057879686,0.08879862
0.038233243,0.06481925
0.03996606,0.06640249
0.050623823,0.05174413
0.047980685,0.037167337
0.0377878,0.043071117
0.052250516,0.041217983
0.04302918,0.03388332
0.04169442,0.05242912
0.030062398,0.013170813
0.059001468,0.04624945
0.03485861,0.031364404
0.051028352,0.042611316
0.036968753,0.056913722
0.039716296,0.050529823
0.045981802,0.05559434
0.054085266,0.06264349
0.041066226,0.040285874
0.046970982,0.030584412
0.04196259,0.06982094
0.035082206,0.04943884
0.021967271,0.03554653
0.04035051,0.03256891
0.047725543,0.047922444
0.05497381,0.051443525
0.060287204,0.06474709
0.056536335,0.032331564
0.036503788,0.040683817
0.044311803,0.040906385
0.049341343,0.044340838
0.042845745,0.01822638
0.041527703,0.019206522
0.024191989,0.69260776
0.06622942,0.011627387
0.05723259,0.03707212
0.05746235,0.042907022
0.033100784,0.052004863
0.042557858,0.059436046
0.053731214,0.03941366
0.05207754,0.038145963
0.020722779,0.056177404
0.05748847,0.046826832
0.05456119,0.04431183
0.060283124,0.046819095
0.058137655,0.043290667
0.03882622,0.059096094
0.044088207,0.05164054
0.039494738,0.056321256
0.047442712,0.024802234
0.052520897,0.033036426
0.044405732,0.03516129
0.039909296,0.05093972
0.058830768,0.08716978
0.06370863,0.060081016
0.051908776,0.047768842
0.06248088,0.042724043
0.035019692,0.04506885
0.0406676,0.046693645
0.03676168,0.056913592
0.031669255,0.069683164
0.11864184,0.054797232
0.051822096,0.032764338
0.04940892,0.044667408
0.05254848,0.08431037
0.034826275,0.041606307
0.060170427,0.057116594
0.043136925,0.038653363
0.061918437,0.07639582
0.039558716,0.032543268
0.05183034,0.033795718
0.052444946,0.04216994
0.06001518,0.041819368
0.0596063,0.042877074
0.049659934,0.02653569
0.05459791,0.028456248
0.0438151,0.040699247
0.06123297,0.042387173
0.034621023,0.060914844
0.06738777,0.07374818
0.035923406,0.038795184
0.046492662,0.049879104
0.035201546,0.04105802
0.035266638,0.04239985
0.03805835,0.041834097
0.047190245,0.056903686
0.023286983,0.026261864
0.054737076,0.052884158
0.066238746,0.04256093
0.052692745,0.035846207
0.08507613,0.048309326
0.046536215,0.053417932
0.049256947,0.04819887
0.05293748,0.059083372
0.04979399,0.0457061
0.042217713,0.05114467
0.042921938,0.041831914
0.052271385,0.044396423
0.03528335,0.040619574
0.04229906,0.03582438
0.052020196,0.030031053
0.05366869,0.044876337
0.044268616,0.04347824
0.057474375,0.057500504
0.059290387,0.048605908
0.04511155,0.065458745
0.04588251,0.043817993
0.048306607,0.042050328
0.042944573,0.031334467
0.05704027,0.058453135
0.024822079,0.0325608
0.05654339,0.04355278
0.047322303,0.06705202
0.035238743,0.02828635
0.049483683,0.039043862
0.055283275,0.053104125
0.045413416,0.032703254
0.053594068,0.06640996
0.046286155,0.056689646
0.03611807,0.0477733
0.039867256,0.053438917
0.047289215,0.034522068
0.058561053,0.06710022
0.047266148,0.058562715
0.028188778,0.046424408
0.0671939,0.051936507
0.055748574,0.04838063
0.05868716,0.019920895
0.044481754,0.0372318
0.048401143,0.046011973
0.04563395,0.048745215
0.060725246,0.05162869
0.051029496,0.04650345
0.056634776,0.05036671
0.046987288,0.051185414
0.038351193,0.049940724
0.04551053,0.04904418
0.08880355,0.038432643
0.043839242,0.056925677
0.03705534,0.04307315
0.066887096,0.04642738
0.039550643,0.026008671
0.03766425,0.045536716
0.040954553,0.05419799
0.039777603,0.03610129
0.032921564,0.037465308
0.035221707,0.032556742
0.046542868,0.03498479
0.039580557,0.07494522
0.033395767,0.066009656
0.03168481,0.05213536
0.044887893,0.047025114
0.048011895,0.048371144
0.6432417,0.033362594
0.048901133,0.03754941
0.0399979,0.038477704
0.044769537,0.04644653
0.033251714,0.04090387
0.05639717,0.049173716
0.04921598,0.035554413
0.055311304,0.057790812
0.029376931,0.05490058
0.065676466,0.042757113
0.040761843,0.039581075
0.05013801,0.06442526
0.046247773,0.032250434
0.031416222,0.03660682
0.049030513,0.04868458
0.043871082,0.038458206
0.054583255,0.047812123
0.046820257,0.040160887
0.031231273,0.038094267
0.065521844,0.05212043
0.041826133,0.036981132
0.049790997,0.038190436
0.041952673,0.04187032
0.05227697,0.02682355
0.05112429,0.037178397
0.042686377,0.040211618
0.03840777,0.050772216
0.046710346,0.03716242
0.039823975,0.094887465
0.038970068,0.06436239
0.04493681,0.06493931
0.050167397,0.05322848
0.044752408,0.039817438
0.052532688,0.049517162
0.04698818,0.03748518
0.0318141,0.036894232
0.046724733,0.055401716
0.025238216,0.03053934
0.065098464,0.024797862
0.04632934,0.03149781
0.033709984,0.04143712
0.04415566,0.05724764
0.03790071,0.041555658
0.047461238,0.060216825
0.07534095,0.048119217
0.03323417,0.03212398
0.045507073,0.041186333
0.05221284,0.047296558
0.03747009,0.052869644
0.050072543,0.05840131
0.87418664,0.045294695
0.048081197,0.049659573
0.035708666,0.038080286
0.049704935,0.04852973
0.04507912,0.039670043
0.060640167,0.052450128
0.052488245,0.020383406
0.047170565,0.03489464
0.064532876,0.038271245
0.040779904,0.048773717
0.04503649,0.030438438
0.0599718,0.05125449
0.055510923,0.043814342
0.038082253,0.03915871
0.058034223,0.061306644
0.045967463,0.04127416
0.052220326,0.05489164
0.039485503,0.09849196
0.03986177,0.0996827
0.041482203,0.027085388
0.10315087,0.053408053
0.044271242,0.04445708
0.056508854,0.060486868
0.03254197,0.039036505
0.048994757,0.0322338
0.040171202,0.020662436
0.048378948,0.04218703
0.047188908,0.045925938
0.040013976,0.041482344
0.041157898,0.048381023
0.048248816,0.052862823
0.057697706,0.04610953
0.06580685,0.04156694
0.07543106,0.046652988
0.8455749,0.5428591
0.041296422,0.03536636
0.045465942,0.05163599
0.056147676,0.042410277
0.0434495,0.091396905
0.05466649,0.058161166
0.08655382,0.052466303
0.041035663,0.047263943
0.04202234,0.04581789
0.030971335,0.023325576
0.059262764,0.054501217
0.05348518,0.042455506
0.021771958,0.03493526
0.048586022,0.061744172
0.034607355,0.03608235
0.050837014,0.04804566
0.056167673,0.039384194
0.04568883,0.050728433
0.056626707,0.03760067
0.03482504,0.035948068
0.039760742,0.046398506
0.04747235,0.078723356
0.031310275,0.048692904
0.047320966,0.05186269
0.038201332,0.043398477
0.043837894,0.043702535
0.059834883,0.03974491
0.042298865,0.027927633
0.048921656,0.05768589
0.048985522,0.04434949
0.060998913,0.03933945
0.038835924,0.061866693
0.041436136,0.051346514
0.049233116,0.042741396
0.0510497,0.03273169
0.06010772,0.048186414
0.062046163,0.045314282
0.037706494,0.035154033
0.042196214,0.048178677
0.060250536,0.050132032
0.043289375,0.042035334
0.074573934,0.06274798
0.042049058,0.037774906
0.043874685,0.038369503
0.04244893,0.052507967
0.062638626,0.040562805
0.04207867,0.046412956
0.05874188,0.04960755
0.08057064,0.031217283
0.04317928,0.036699776
0.04934593,0.046704706
0.06833155,0.048010603
0.043432657,0.041394625
0.045388106,0.052148867
0.060226645,0.028681373
0.035025157,0.046123628
0.112217255,0.047756862
0.043535195,0.048617054
0.046707273,0.05535461
0.03906552,0.05023925
0.053898208,0.06748295
0.040136784,0.06288475
0.03652352,0.041725438
0.033306755,0.04421003
0.052623466,0.04389651
0.04035051,0.03239645
0.048433542,0.030525142
0.053442,0.107886665
0.045007136,0.052297663
0.04753354,0.07494996
0.036925808,0.030067744
0.05042118,0.031010224
0.054664023,0.14338525
0.046669357,0.04428971
0.03939638,0.07249754
0.0319399,0.03470519
0.05362527,0.042984206
0.042750373,0.055562776
0.047346193,0.03251578
0.048551645,0.035875145
0.059909903,0.034087382
0.0426822,0.05710116
0.05288546,0.027772348
0.042918146,0.046368975
0.023903232,0.044242363
0.048349984,0.044460535
0.030585872,0.05076907
0.07755363,0.049995873
0.044621844,0.07060377
0.047195103,0.030865375
0.044261172,0.05850409
0.035739858,0.047385983
0.051372502,0.043347828
0.034847293,0.06633645
0.05209988,0.061806057
0.050176624,0.039644446
0.03572576,0.04535013
0.043402974,0.029704021
0.049469996,0.09019156
0.048093263,0.03854056
0.054844372,0.057020284
0.03847288,0.038889494
0.05545852,0.052621327
0.09166637,0.038072024
0.045662127,0.041009165
0.041057903,0.027105542
0.03772509,0.03259152
0.030807002,0.024675954
0.050794687,0.03717245
0.046664815,0.04939156
0.0390619,0.11540402
0.04401971,0.052223146
0.04469528,0.040919762
0.050891355,0.14061862
0.11759019,0.04363099
0.04208672,0.03766817
0.0510551,0.028438346
0.037265826,0.04250589
0.03759815,0.04420339
0.05372128,0.039589033
0.05075153,0.049061514
0.11951594,0.07358012
0.06119742,0.035661105
0.033327624,0.044458505
0.024193114,0.030577242
0.06486584,0.060950365
0.059349325,0.052439615
0.036737677,0.041916203
0.06316085,0.033681877
0.054231044,0.053328812
0.049601354,0.03187962
0.032182872,0.032180924
0.053896807,0.056060262
0.032085534,0.040399235
0.04662767,0.044799153
0.07667708,0.026892396
0.044703867,0.053306453
0.062216442,0.049238004
0.034844495,0.037118636
0.039620418,0.03345389
0.04646509,0.032430552
0.04309989,0.036646187
0.048932113,0.05110801
0.046693463,0.021105157
0.04607409,0.033051945
0.022920381,0.050978936
0.038652323,0.04537951
0.040851496,0.052677702
0.052316852,0.029328944
0.057650514,0.054777905
0.05155791,0.049629364
0.051703088,0.063655145
0.03589046,0.040854927
0.085982315,0.05449302
0.04103476,0.03760361
0.051384572,0.063311264
0.048823632,0.04394663
0.049321916,0.09640769
0.049529277,0.1067446
0.029804843,0.041387565
0.058453914,0.05002112
0.045417838,0.04528637
0.033969518,0.054646995
0.054984357,0.052140847
0.044231847,0.049542736
0.03704373,0.043123078
0.048852947,0.016441466
0.25082883,0.25747648
0.04164096,0.058581755
0.034277275,0.03163716
0.03381875,0.06292602
0.064358264,0.054943774
0.043592233,0.030219708
0.061003536,0.064417936
0.028910689,0.06848501
0.035434317,0.036232386
0.029801102,0.04527205
0.031767625,0.0389267
0.073310755,0.059642874
0.107747614,0.06029418
0.025878882,0.048353173
0.033629745,0.040934496
0.049370963,0.037269223
0.025189776,0.07088588
0.045184925,0.045800205
0.028871963,0.068560265
0.050565008,0.044425562
0.035288166,0.037418474
0.049753256,0.058849286
0.04739724,0.030946167
0.04536376,0.04145688
0.045515206,0.03948046
0.0443136,0.049964614
0.052796997,0.061805923
0.03834783,0.04406513
0.04418968,0.02782776
0.052125372,0.03850729
0.08216637,0.039519064
0.048118077,0.03396201
0.03062908,0.056409676
0.02690257,0.034478
0.063941754,0.043750122
0.044434793,0.059800237
0.032659996,0.045462508
0.055471275,0.048761018
0.05767682,0.13635997
0.04115797,0.04510911
0.047786772,0.049049336
0.05160629,0.043106616
0.050166443,0.054589722
0.047281094,0.03647914
0.06253799,0.056724228
0.04351168,0.037878968
0.051225733,0.05753259
0.055151287,0.058906097
0.04272536,0.04523255
0.027033359,0.023839423
0.043133385,0.056345083
0.048122995,0.034460306
0.04644821,0.039164633
0.046711877,0.046827313
0.047803372,0.022252236
0.044202834,0.043680325
0.057692535,0.061549585
0.05298018,0.054858763
0.04604382,0.07033698
0.037329294,0.04171993
0.038698126,0.060145084
0.05548308,0.06441387
0.051609654,0.038451593
0.038381614,0.041767035
0.049055237,0.04925669
0.03782641,0.045273602
0.0470147,0.054277536
0.036171317,0.04025726
0.03998092,0.042602833
0.23526382,0.039218098
0.048005134,0.061414868
0.040983826,0.032833926
0.031784754,0.042858496
0.031186525,0.032094482
0.042588666,0.055401716
0.04395019,0.04821743
0.058972023,0.032773398
0.05672016,0.032375008
0.16282849,0.03316114
0.044259306,0.04444235
0.046962354,0.044270497
0.046208743,0.03114974
0.057230767,0.047642015
0.036202874,0.053667057
0.031364497,0.03803519
0.05928919,0.02502585
0.049139723,0.07591453
0.04140333,0.058546014
0.06775896,0.05326588
0.03600155,0.037924334
0.069479086,0.041479416
0.049620073,0.04691337
0.042796098,0.03680992
0.02089561,0.057176795
0.042644378,0.03282836
0.04679807,0.064025566
0.05990777,0.03927041
0.03535488,0.037731715
0.054370217,0.29943725
0.036017206,0.04586797
0.05680753,0.056768905
0.044462893,0.033757016
0.044434987,0.046048675
0.033621278,0.03451124
0.043493245,0.16185473
0.03122525,0.031703904
0.033126492,0.03161363
0.052470945,0.04989528
0.060168844,0.037826493
0.04745568,0.05273567
0.03927364,0.043091644
0.04239604,0.046294652
0.062329568,0.053996712
0.05305012,0.033486284
0.084243976,0.05855172
0.04901585,0.04820506
0.045823675,0.036847234
0.045195825,0.052909013
0.075288825,0.038781695
0.04643771,0.03750634
0.037968073,0.058632772
0.04019502,0.038972612
0.045879763,0.03404973
0.049785845,0.0604997
0.06605555,0.050846886
0.04638347,0.04389758
0.06580417,0.04632082
0.038169987,0.038954828
0.052267075,0.04930358
0.050526295,0.03138293
0.05290941,0.074760534
0.049711436,0.04194348
0.028205795,0.039180644
0.060431093,0.059181344
0.039285596,0.03052817
0.044647243,0.058502756
0.043431055,0.054780573
0.046652544,0.03650416
0.0406647,0.039958492
0.052358266,0.060490914
0.043984786,0.0394247
0.05098858,0.030946855
0.059798133,0.05060729
0.051193275,0.050169475
0.04861982,0.029086825
0.040287197,0.04927844
0.05366508,0.044479728
0.051178034,0.08672934
0.07704276,0.03783072
0.056077182,0.04917883
0.052630126,0.058273587
0.040211152,0.025850281
0.042291857,0.043677352
0.054648917,0.6012302
0.047130175,0.053262405
0.051892154,0.042795345
0.049312618,0.034741577
0.04116106,0.06992075
0.050631,0.04619806
0.040446155,0.047656223
0.028735748,0.044845056
0.08082034,0.0455777
0.050134886,0.03734658
0.05103934,0.06397739
0.025606928,0.017608067
0.052089404,0.052843787
0.027448403,0.03798614
0.057125367,0.04494209
0.031998895,0.035983775
0.048868574,0.06358518
0.05107594,0.047688466
0.04833723,0.16829242
0.044806022,0.07650684
0.046961013,0.039888084
0.04352036,0.04017413
0.047453955,0.037450705
0.053298082,0.048267074
0.043109797,0.034036703
0.042402085,0.053502243
0.028382642,0.06127215
0.044512093,0.05307853
0.03473446,0.042778734
0.036054745,0.043845076
0.099113226,0.05198779
0.042715125,0.0335274
0.053458277,0.07695132
0.03645615,0.046277385
0.040121555,0.027309146
0.032813895,0.040187683
0.036092285,0.037874464
0.031542297,0.043563686
0.028219981,0.06231102
0.049603008,0.047443166
0.04214794,0.024988363
0.045561254,0.07229251
0.031739265,0.04004803
0.05934393,0.028393907
0.04559866,0.060487393
0.054200053,0.043531597
0.03201132,0.1425844
0.05394046,0.058693454
0.04247197,0.03226027
0.038432103,0.028457003
0.062013656,0.16611794
0.05288552,0.04705165
0.041629683,0.042594023
0.055059154,0.0707365
0.039707445,0.040110063
0.04379936,0.03957496
0.04813263,0.05560833
0.054871213,0.031555954
0.0446795,0.022438725
0.03757125,0.03476029
0.059918866,0.05278903
0.02510978,0.029717552
0.03441923,0.027738795
0.058881387,0.042854298
0.03537152,0.032237645
0.033641215,0.05142302
0.05024348,0.045349453
0.038409583,0.053737227
0.03340027,0.03744265
0.050261863,0.028108539
0.047414478,0.057506297
0.037528224,0.029422687
0.045007266,0.055880144
0.045441728,0.054071207
0.039225016,0.04960768
0.040454805,0.038502242
0.04449786,0.023310263
0.066314414,0.04493824
0.03493721,0.05610166
0.035351686,0.06301623
0.050674748,0.032337334
0.15916681,0.039442535
0.047793027,0.052079402
0.051739838,0.047997814
0.05355957,0.062915355
0.06116574,0.060698748
0.05332126,0.06079344
0.060034994,0.03551348
0.051568832,0.05405044
0.04177467,0.04254908
0.038478963,0.042415373
0.056020718,0.03565248
0.04813206,0.037950676
0.03096584,0.052972186
0.054584574,0.053561676
0.03906746,0.033869874
0.0282713,0.03978124
0.08305125,0.03232799
0.04946445,0.104480825
0.046805482,0.03857184
0.05625545,0.056560744
0.048969712,0.03107379
0.04610737,0.057917286
0.039568793,0.06089681
0.04354413,0.031715393
0.024846647,0.054287348
0.0430414,0.04801235
0.061279595,0.044878304
0.039981954,0.027356766
0.06308001,0.045289427
0.039545663,0.038901277
0.05537545,0.059935566
0.043304015,0.047803923
0.05537261,0.06248305
0.04372044,0.062075183
0.05178478,0.03406338
0.06424948,0.05988459
0.0519518,0.069428965
0.043690637,0.033933952
0.038691655,0.037655413
0.032554578,0.028192542
0.049003106,0.09879449
0.051421594,0.037820287
0.05543479,0.04436193
0.057731293,0.06336735
0.05115694,0.039639812
0.036159046,0.043570988
0.057085615,0.03377939
0.033108085,0.06123711
0.038716894,0.021352021
0.073548116,0.04063881
0.04266354,0.07585798
0.038674712,0.039975848
0.04382909,0.048627418
0.058956,0.050430976
0.042021435,0.037092276
0.032841302,0.04750074
0.031335395,0.032033756
0.032492742,0.05477642
0.032294296,0.04700321
0.041808937,0.03712643
0.035086434,0.049942866
0.048162106,0.060259778
0.04341114,0.05337065
0.039018247,0.034268077
0.07138068,0.04763078
0.040868066,0.032364495
0.03966817,0.06126072
0.046919845,0.07248141
0.032964822,0.038182314
0.036289755,0.041586284
0.029265743,0.059734136
0.03688975,0.038122028
0.049881004,0.025014462
0.059875585,0.043095578
0.03614196,0.04914025
0.036660913,0.04375904
0.037382387,0.04945362
0.056154672,0.06237126
0.05063597,0.03581473
0.052363276,0.03093797
0.05675776,0.03195487
0.8435574,0.37336686
0.056575153,0.18379274
0.04522588,0.029845307
0.044275094,0.06289616
0.059631325,0.050664276
0.054557085,0.034830444
0.04458894,0.036540456
0.050790623,0.04878467
0.06506729,0.06440919
0.058129176,0.053111732
0.041093625,0.03790066
0.031088,0.03608871
0.044993993,0.025062583
0.02878144,0.04680978
0.05508921,0.03653212
0.03896386,0.05504721
0.047841866,0.0400832
0.04023672,0.07141329
0.03293357,0.027676126
0.1325171,0.04826917
0.03276365,0.061363805
0.030435136,0.028787073
0.06489069,0.05146615
0.038649604,0.011614938
0.034850348,0.040181957
0.039734446,0.040405422
0.051876985,0.05657764
0.06772406,0.049252056
0.04119561,0.03921633
0.042117365,0.037238903
0.06673226,0.039800104
0.039959867,0.048871186
0.09358399,0.054624066
0.051907446,0.053452402
0.04537312,0.030967042
0.044014327,0.044747524
0.054687914,0.04442637
0.07641485,0.054677423
0.0954073,0.04208954
0.06275035,0.07755644
0.05473594,0.033418465
0.05510038,0.07190825
0.031425644,0.032431033
0.037530232,0.048791118
0.04108286,0.044350497
0.09845701,0.043598138
0.05355811,0.041317005
0.04373495,0.053492755
0.06576158,0.054997087
0.049310386,0.040032595
0.039724246,0.044302825
0.040440682,0.032851588
0.048590098,0.058264166
0.028965032,0.041265525
0.11081434,0.105922796
0.051213533,0.03599315
0.04785392,0.035341855
0.05429029,0.08061549
0.028128525,0.035487674
0.05006001,0.08373913
0.038243018,0.030875081
0.041064616,0.055904582
0.03588195,0.028479747
0.049917337,0.034645233
0.033206,0.04781293
0.048878316,0.03962674
0.04371312,0.076577336
0.044276565,0.060542107
0.04713127,0.03555804
0.063305005,0.046016082
0.047029786,0.06260292
0.053769436,0.047828756
0.047105644,0.0721281
0.054816373,0.05322728
0.07308369,0.045531645
0.034624796,0.060979787
0.035724655,0.043837752
0.046608932,0.028815676
0.061616924,0.0463573
0.03371311,0.03229836
0.05485353,0.053293422
0.046972454,0.05658669
0.027350985,0.039367426
0.03173737,0.046665054
0.028064784,0.043171123
0.04624252,0.048779905
0.053549815,0.07096141
0.093777835,0.06012926
0.034412,0.07712792
0.04705969,0.053347785
0.052908145,0.031751722
0.042128306,0.028052252
0.04101155,0.01709719
0.061516453,0.044294234
0.035696324,0.03945397
0.04552129,0.047089793
0.05218507,0.06375006
0.05093705,0.04286324
0.065587595,0.03887559
0.045666285,0.041015483
0.050646964,0.031080674
0.051502734,0.07071744
0.048815213,0.053998593
0.062975705,0.025539141
0.041509595,0.051357247
0.055753887,0.046049766
0.05565652,0.043839656
0.03190383,0.033510108
0.053412374,0.053971093
0.04737475,0.026638515
0.052883748,0.18837821
0.047829665,0.038791094
0.058548238,0.06699296
0.055041023,0.05707871
0.075292945,0.036203533
0.071860135,0.03671405
0.048393175,0.061458606
0.051511377,0.0669725
0.051488966,0.03746722
0.06419725,0.0443837
0.048641875,0.035456385
0.052934572,0.105936475
0.045590144,0.04732517
0.037544817,0.054514617
0.053013757,0.041771125
0.06271944,0.061446387
0.07274949,0.11128451
0.040351234,0.043147143
0.079530686,0.06836563
0.03811255,0.045891378
0.038099736,0.05300366
0.052439805,0.042500336
0.04969635,0.04165077
0.04851441,0.043211278
0.052562673,0.045239087
0.044979442,0.063662514
0.04224642,0.065027036
0.0775774,0.023604529
0.030741282,0.052244414
0.050679635,0.04919623
0.039847877,0.049568795
0.054192085,0.054019425
0.06368654,0.056606647
0.060609158,0.055962946
0.05652587,0.03392146
0.06492867,0.05357663
0.05385151,0.051876616
0.054260258,0.064539276
0.046662007,0.03218759
0.082045086,0.09743978
0.06449114,0.04170616
0.037072662,0.13138287
0.031451542,0.057920083
0.038354754,0.03405913
0.050052363,0.042654354
0.0396088,0.045527603
0.059953544,0.042607926
0.029365778,0.023469899
0.050889064,0.050001796
0.035894364,0.044888448
0.048784174,0.038617242
0.048374414,0.029068943
0.042811986,0.05976856
0.027333615,0.052010193
0.047896378,0.039718635
0.038255714,0.041310556
0.04761112,0.032301243
0.046266705,0.063298605
0.064390406,0.042278383
0.049924344,0.06450922
0.051204074,0.03737786
0.03409603,0.033981826
0.036073454,0.05315884
0.035022166,0.030190546
0.032818794,0.08461298
0.06095632,0.06171042
0.055325437,0.06348484
0.05258702,0.02581005
0.05824642,0.04476571
0.047262892,0.03285976
0.04725114,0.040985316
0.045633372,0.050508443
0.055926375,0.047143634
0.041891497,0.032444365
0.049157247,0.06307794
0.05081223,0.053501695
0.055345718,0.06324957
0.03562886,0.046278454
0.057809312,0.05809347
0.1202635,0.03739984
0.053495057,0.06004248
0.028528256,0.046723437
0.0611471,0.052077062
0.03740773,0.058413856
0.029721724,0.03894059
0.065248564,0.042312503
0.045173973,0.043033868
0.04612894,0.035443727
0.040686503,0.053655036
0.02560621,0.039959323
0.028994042,0.042661875
0.044752095,0.050980486
0.04480807,0.06355099
0.052856438,0.064615056
0.054164898,0.053262886
0.047785617,0.04352598
0.0463392,0.06696162
0.046703633,0.034231737
0.047233243,0.056722566
0.05742477,0.0645231
0.03533758,0.04356646
0.04356455,0.039990146
0.048497505,0.037692267
0.053275287,0.08353702
0.044772234,0.061032075
0.043940302,0.053283587
0.059468817,0.029199922
0.06527016,0.046663787
0.027465966,0.04012755
0.16073976,0.039215583
0.049749948,0.025420973
0.06350635,0.043833293
0.04653347,0.039116412
0.15564679,0.058085777
0.03945067,0.05030474
0.053058423,0.04503925
0.050035886,0.06298762
0.05157531,0.05971081
0.049544435,0.05474422
0.08162663,0.06232621
0.040606696,0.062853165
0.011457528,0.0390951
0.039513875,0.02979971
0.037662685,0.042676587
0.04749777,0.048211377
0.0516318,0.042718206
0.06280888,0.038104977
0.040891092,0.04597971
0.0462859,0.034415483
0.041403078,0.047805674
0.04557682,0.03707294
0.053876434,0.045552652
0.049866047,0.03450843
0.06771984,0.04130247
0.04146533,0.046002597
0.029973153,0.11291509
0.048497446,0.055644352
0.036336564,0.04744345
0.04593162,0.03405961
0.037958164,0.044487312
0.03658479,0.051514305
0.040702503,0.045726627
0.05226828,0.06341848
0.043737717,0.028001834
0.04967342,0.04485437
0.055577505,0.035961892
0.029641798,0.030829275
0.049238726,0.03892765
0.044600487,0.043197528
0.04893989,0.05406266
0.039238665,0.027673775
0.056147493,0.0429867
0.04507021,0.03869085
0.02574635,0.058279753
0.04220374,0.1468648
0.041556176,0.050217524
0.058730885,0.04606164
0.048035443,0.033426292
0.028951647,0.039746396
0.057002548,0.03568882
0.028675739,0.043141983
0.06416821,0.047230676
0.055457443,0.044032168
0.044814743,0.025268145
0.04986057,0.030005325
0.056000095,0.024721803
0.04169152,0.054568913
0.044966877,0.04550465
0.05598515,0.040723424
0.04264161,0.05123733
0.04934109,0.84233916
0.051226687,0.044209618
0.05430401,0.05743641
0.05253339,0.06871472
0.049210757,0.07560164
0.05406534,0.037801247
0.056985673,0.056798022
0.033740416,0.057949092
0.0710929,0.036940083
0.037950266,0.04217433
0.04778613,0.042960007
0.034479313,0.046035253
0.048000988,0.029226711
0.0591035,0.047916193
0.05694789,0.035699707
0.04647513,0.05216312
0.039422043,0.048495892
0.053297706,0.05701589
0.060464233,0.0852221
0.046550352,0.06719214
0.04533993,0.03640866
0.0476797,0.025361286
0.038179245,0.041544404
0.03715793,0.03705648
0.06595374,0.06288119
0.04905969,0.04221755
0.03773234,0.043387022
0.06413057,0.09213587
0.044793326,0.044292748
0.055967625,0.35479242
0.04623401,0.11997242
0.044364855,0.05759609
0.061088067,0.040184952
0.04636178,0.024703607
0.039568987,0.023262577
0.035662528,0.04478842
0.066019244,0.14406969
0.05334558,0.03664633
0.057819247,0.052511375
0.03853798,0.04003911
0.042180445,0.052976403
0.04130937,0.046916276
0.040463902,0.033766482
0.05631692,0.05055048
0.054709464,0.039239008
0.05985829,0.04486978
0.056437183,0.067476854
0.052025907,0.039064232
0.050908513,0.051887456
0.050574936,0.045030553
0.061193485,0.04959498
0.066224754,0.03820946
0.043374643,0.03804836
0.03570458,0.052998196
0.053572163,0.05521983
0.05318435,0.054945894
0.07052981,0.03690749
0.039128166,0.048871513
0.039654218,0.03276083
0.063205406,0.03251894
0.052615352,0.04864357
0.042441856,0.032473307
0.03797746,0.033368353
0.05530613,0.05770064
0.044484764,0.03621796
0.03271326,0.04904726
0.050456416,0.04520654
0.056461196,0.059409354
0.054488182,0.0481075
0.05358318,0.040962014
0.047387525,0.038252085
0.053717606,0.048643157
0.047520567,0.03578934
0.059903633,0.050825246
0.044983547,0.046261385
0.037386402,0.03925705
0.061530408,0.055733405
0.046166632,0.051948488
0.056826185,0.046887424
0.052381225,0.064884275
0.037023623,0.046315834
0.05424679,0.049291555
0.044045385,0.047894508
0.04647436,0.053222995
0.05351462,0.045545287
0.04478428,0.057322986
0.023407087,0.043016646
0.036959607,0.065986685
0.03914641,0.05309997
0.048511025,0.08001651
0.05614926,0.041199315
0.050662983,0.04424527
0.062606215,0.0469243
0.059181236,0.048709717
0.046634637,0.041405488
0.04526183,0.027796973
0.045657262,0.03422516
0.057971396,0.050013863
0.05335071,0.049250375
0.058994554,0.0523435
0.048325364,0.02961557
0.033190608,0.055323157
0.04091392,0.047907297
0.14122276,0.055028893
0.06311404,0.055678934
0.041362546,0.033296276
0.05416799,0.06042573
0.046875745,0.056029264
0.06840835,0.052644257
0.048326958,0.04066784
0.061121996,0.050511654
0.0354821,0.035836764
0.04580217,0.04557121
0.056219246,0.05304998
0.05801214,0.0465619
0.05281392,0.056982797
0.034760553,0.03592303
0.044398483,0.05493776
0.053402495,0.060359564
0.04667754,0.04193126
0.05823938,0.049370818
0.054193474,0.06574014
0.0384587,0.03277471
0.049297266,0.05197929
0.02517625,0.046289124
0.045470174,0.034121614
0.07345493,0.036776446
0.040180884,0.04081497
0.029874843,0.037088383
0.055453226,0.045928363
0.03706027,0.041035462
0.05100866,0.034480877
0.046791416,0.03838335
0.04275366,0.042460117
0.060136557,0.052588496
0.039433867,0.045555145
0.08789687,0.048670918
0.02771205,0.045755524
0.045956705,0.061608583
0.06263262,0.04854903
0.049941014,0.049636558
0.043268483,0.031914625
0.03408332,0.058497183
0.03962126,0.055012956
0.055116627,0.08287662
0.046756383,0.051083684
0.24414773,0.047799006
0.059427526,0.039065186
0.04494322,0.017881358
0.027782599,0.062692694
0.05211916,0.04146029
0.04382826,0.036425337
0.042909343,0.07638159
0.043862678,0.07654374
0.046380267,0.03918364
0.053506963,0.03287233
0.04774687,0.038645186
0.05326351,0.07273552
0.029690845,0.03854341
0.05483116,0.2642784
0.041824784,0.033056352
0.131016,0.047405656
0.050727062,0.029338814
0.058813874,0.033748854
0.05182971,0.057825543
0.056130458,0.03393224
0.055063188,0.036706608
0.0320543,0.033569336
0.0623796,0.06836767
0.045903124,0.046779986
0.13372721,0.04400071
0.045955174,0.05238678
0.04990327,0.052513998
0.06456888,0.047868058
0.37351125,0.047416627
0.04482468,0.039610542
0.035020735,0.03418778
0.05030645,0.03908242
0.043079074,0.022832591
0.06531433,0.057225388
0.055868268,0.09521413
0.04468315,0.1082078
0.03948602,0.054230034
0.059861794,0.04067048
0.057615835,0.04176284
0.055817973,0.047684968
0.03974207,0.06757273
0.0642324,0.04838157
0.06708866,0.060917817
0.052132927,0.043258972
0.08165196,0.062374104
0.060309958,0.04109931
0.05018419,0.04589752
0.044436973,0.032687996
0.040991757,0.057730917
0.036142875,0.031980038
0.04046171,0.041743275
0.050517898,0.04472785
0.049578305,0.047245365
0.043156523,0.04670309
0.048349794,0.035425585
0.04096957,0.031298872
0.05002176,0.030082017
0.032366525,0.037454806
0.04798917,0.02845438
0.058637593,0.051864702
0.05256743,0.04477489
0.046368048,0.04337065
0.054419085,0.057360735
0.06367545,0.056055147
0.052717336,0.054518156
0.044172738,0.051545322
0.0666057,0.02747145
0.054377418,0.045350064
0.034438435,0.059242636
0.036740657,0.04184623
0.044885978,0.06621975
0.051404323,0.12031032
0.047547266,0.05563738
0.044210277,0.04007089
0.050815597,0.030396808
0.046654847,0.035937946
0.05064226,0.057181735
0.03901262,0.032251187
0.043188598,0.02640506
0.050729282,0.053730626
0.038834106,0.03310875
0.059333827,0.06888632
0.04006486,0.06557486
0.053938445,0.04969295
0.040597733,0.12930936
0.054432996,0.07993681
0.0122161675,0.03809515
0.049777694,0.05529719
0.044790894,0.04405713
0.034389995,0.06000945
0.02743446,0.22639522
0.03751701,0.035965852
0.04151075,0.057591237
0.03770208,0.035887454
0.057155948,0.084669426
0.044412535,0.05128743
0.039932933,0.037786305
0.046689566,0.07403984
0.0749719,0.07190199
0.047740806,0.05682384
0.04906224,0.06258161
0.040591538,0.04188173
0.042785358,0.027384931
0.041487366,0.033227745
0.049226873,0.03107062
0.053420737,0.037706323
0.04629665,0.041573256
0.03599447,0.02890146
0.095533244,0.09860709
0.042134166,0.05629245
0.041560367,0.034633998
0.09247928,0.04321554
0.044950206,0.046844624
0.043723654,0.03711044
0.061609846,0.042775277
0.049962774,0.04377305
0.048081715,0.049049076
0.053681213,0.06489125
0.026615629,0.042880464
0.04121083,0.025950287
0.055869587,0.052563686
0.049614597,0.047198325
0.058093645,0.046007253
0.056558136,0.051586308
0.05816244,0.096947104
0.032878365,0.045974728
0.03236483,0.034643035
0.0289462,0.31161046
0.04170389,0.04055548
0.060822327,0.05168419
0.06543427,0.040215906
0.049103726,0.03791806
0.04558906,0.046623588
0.04522786,0.05163599
0.04295615,0.02780742
0.04160114,0.045626927
0.060640432,0.05445492
0.051574357,0.032736916
0.069229536,0.050476704
0.0566567,0.050720453
0.057986606,0.04576099
0.041837856,0.0681077
0.06097993,0.052218117
0.03395597,0.063300595
0.04676917,0.049344826
0.047324028,0.04937954
0.05109049,0.04021352
0.038791355,0.04879656
0.032643285,0.035475764
0.054215863,0.041060466
0.03594017,0.05296624
0.05118794,0.052333992
0.04250015,0.049091678
0.055784166,0.024321796
0.05822681,0.03736174
0.06297271,0.03797496
0.049689148,0.028245222
0.048622943,0.04353938
0.048758104,0.036785603
0.041382007,0.036453437
0.044509143,0.027122777
0.044873476,0.049857832
0.06269503,0.046332557
0.039927892,0.07053332
0.039397158,0.030089667
0.039465982,0.035543043
0.050365984,0.071126856
0.05351493,0.041995853
0.11725588,0.033206392
0.044404637,0.05464188
0.05961526,0.040245414
0.02551743,0.049671005
0.06638312,0.04069855
0.037893713,0.038667955
0.038921364,0.07366831
0.034167934,0.043071862
0.06400702,0.038267355
0.042756163,0.030161038
0.04519397,0.037063245
0.06128473,0.06273154
0.040607277,0.022328066
0.078033574,0.055757843
0.05139105,0.16726181
0.04310414,0.03431498
0.038580243,0.044936076
0.04693333,0.03645323
0.03679789,0.10954989
0.037688218,0.043346606
0.0473842,0.038552888
0.044735547,0.04699189
0.039641682,0.04419285
0.06758455,0.05677988
0.056626197,0.033443112
0.050596423,0.036133572
0.050350145,0.03188326
0.05324387,0.06474788
0.04022949,0.05622252
0.056023438,0.043324046
0.04844426,0.057996023
0.043976825,0.03117962
0.035540994,0.044659235
0.053866,0.046748314
0.06323605,0.03444742
0.118443474,0.031170264
0.025912102,0.057728667
0.049242295,0.056591213
0.067933194,0.05240536
0.043234676,0.04268181
0.029503057,0.058436085
0.051069073,0.063642226
0.044113304,0.04076911
0.047638834,0.04175801
0.056328196,0.044525653
0.041990083,0.023747694
0.059510797,0.035095405
0.040539335,0.043465976
0.04201146,0.048831668
0.038002722,0.04778049
0.054039087,0.052499946
0.057055887,0.034798454
0.06027108,0.050097823
0.04705119,0.04247769
0.05656779,0.058785304
0.053620137,0.06363003
0.035420407,0.039291043
0.040033292,0.051704958
0.06293819,0.055046946
0.042122517,0.035112597
0.03671406,0.065722674
0.05193746,0.05088295
0.03863278,0.03504725
0.0370423,0.049827274
0.047789447,0.048727266
0.030561576,0.03173404
0.04042183,0.05910014
0.047325052,0.06306058
0.032967307,0.04597062
0.045958694,0.03700641
0.054719634,0.050793134
0.043354657,0.034038354
0.043646324,0.054566246
0.029324193,0.058648422
0.05956659,0.060805745
0.03679276,0.05184809
0.07905028,0.060769636
0.09347983,0.05337065
0.05972267,0.049265414
0.04868784,0.028357413
0.0352154,0.032437142
0.05155931,0.032676376
0.032973707,0.0369603
0.0467606,0.04147393
0.051673133,0.07616254
0.2077605,0.035154097
0.05437989,0.04305608
0.039793037,0.06309387
0.05507765,0.028796198
0.052796997,0.033107303
0.05057659,0.023508862
0.041273028,0.028382223
0.061536167,0.111420296
0.04118136,0.08557567
0.0400296,0.6059651
0.04717248,0.046201818
0.03442801,0.03348354
0.035021324,0.037247922
0.054731447,0.0673345
0.05721742,0.034664895
0.038829453,0.084056325
0.04736683,0.058564704
0.04154406,0.029478656
0.047716793,0.045684833
0.1738249,0.036376186
0.04582982,0.040195577
0.05011549,0.06367583
0.034661382,0.04968436
0.04935096,0.024944754
0.050911624,0.04613032
0.046453256,0.04519668
0.039066035,0.05758116
0.050672576,0.04734054
0.032703083,0.028699484
0.0631935,0.050610896
0.060702935,0.078010954
0.87197405,0.9223486
0.03787318,0.03540799
0.047496494,0.048895974
0.03569028,0.042371567
0.040448032,0.04997561
0.07551741,0.065519534
0.035486195,0.03756975
0.057447746,0.04811948
0.067658834,0.040286094
0.037196252,0.03463036
0.0564977,0.05873927
0.07691469,0.039910536
0.0415556,0.039666153
0.048760902,0.03417674
0.03387016,0.041833136
0.033455424,0.040563505
0.04087716,0.043249354
0.07266998,0.03658659
0.044164777,0.04507873
0.052666318,0.029524276
0.04710443,0.070487045
0.042782396,0.042963944
0.04024182,0.07422322
0.05292823,0.05026172
0.05403068,0.042474214
0.06100104,0.05456465
0.041416354,0.03354435
0.05244678,0.066429265
0.05510166,0.045151148
0.039956126,0.035324052
0.038629163,0.05368035
0.03555516,0.113216594
0.052146688,0.055479053
0.032006674,0.04157645
0.042089418,0.044695128
0.038412817,0.030405978
0.04151926,0.038453843
0.053974878,0.037417796
0.063463986,0.07155271
0.087310575,0.120572105
0.043173812,0.057503168
0.043493185,0.045510925
0.044682957,0.03880268
0.046089586,0.055639826
0.04574178,0.050723143
0.06343929,0.03727919
0.052273035,0.032641545
0.049113605,0.05180116
0.04217117,0.049455717
0.046112623,0.028108539
0.04300681,0.04420083
0.04339887,0.052973453
0.12139843,0.03817836
0.04147235,0.022543868
0.05460019,0.040102914
0.027298478,0.073949695
0.038818847,0.04654767
0.04412011,0.036015242
0.051594608,0.07525802
0.047140792,0.06735051
0.054735493,0.04112954
0.038404208,0.03805361
0.030788152,0.051744588
0.048733614,0.041357685
0.0393554,0.031421337
0.04727861,0.052379962
0.05414351,0.030898022
0.04796945,0.03080324
0.04991352,0.049298815
0.030690227,0.035733435
0.034694176,0.03647736
0.049861208,0.054551363
0.31109187,0.04413379
0.050824683,0.053055532
0.04372724,0.04260887
0.03337366,0.036529243
0.04667767,0.04884323
0.04837926,0.041939065
0.04623606,0.048450425
0.046638157,0.044302627
0.050192717,0.04146042
0.04371414,0.059010386
0.035675913,0.04179379
0.105335236,0.04134083
0.04990754,0.0555972
0.04415123,0.053647015
0.043128822,0.054163825
0.049760964,0.047374137
0.05601139,0.04697875
0.04619203,0.045908056
0.040105604,0.030053742
0.042710118,0.039461203
0.044941366,0.04009885
0.044597667,0.15140845
0.048700597,0.025008703
0.041426413,0.05239889
0.022950508,0.051813357
0.054173242,0.04747274
0.050121594,0.04402277
0.042764265,0.035931785
0.038099024,0.03731224
0.042629138,0.039702985
0.109073386,0.049402926
0.06084486,0.044995885
0.051522043,0.051006697
0.041988987,0.057072986
0.056363747,0.07408426
0.044198982,0.043050263
0.04248863,0.036862396
0.04436364,0.056957066
0.04019567,0.049935892
0.040038455,0.056241427
0.04508277,0.046878878
0.056876015,0.05047021
0.35412166,0.07220866
0.04387231,0.04636115
0.056972187,0.051376943
0.047914438,0.042399436
0.046271827,0.061207645
0.049394075,0.055957764
0.03286845,0.028140485
0.05052477,0.04026677
0.05836403,0.027270729
0.05396786,0.054477457
0.037415385,0.042272348
0.060540367,0.0405531
0.07403471,0.049520988
0.04913723,0.06383421
0.037587717,0.06103988
0.052913845,0.0424964
0.04203476,0.068122365
0.05437837,0.0593219
0.03838278,0.041618045
0.052503332,0.043362256
0.07014123,0.042896725
0.065412514,0.049059086
0.061795495,0.061558437
0.0661016,0.04662643
0.05080352,0.03686117
0.0703469,0.070355326
0.07006029,0.05145992
0.04265036,0.060505185
0.0565238,0.042611446
0.054329943,0.03135587
0.056208905,0.02846779
0.029502327,0.040838074
0.043331657,0.040025927
0.028840853,0.06128271
0.040320832,0.03958617
0.04369244,0.04494683
0.06316766,0.05463567
0.035840183,0.045014944
0.048025556,0.03767418
0.03884239,0.041069694
0.037314255,0.06023265
0.03786159,0.05427419
0.06214481,0.051312238
0.0627232,0.025662852
0.043112364,0.051578525
0.03939425,0.03886074
0.066959456,0.030049743
0.05295414,0.021715643
0.047634047,0.020774825
0.0360515,0.04490506
0.07491431,0.05101205
0.0460074,0.04688279
0.042092774,0.050512116
0.057402298,0.040307645
0.033166666,0.06904999
0.05174492,0.09132789
0.03935321,0.03211752
0.047691572,0.6127756
0.04900572,0.057766896
0.045032516,0.06769157
0.047904097,0.062772766
0.040536627,0.046949964
0.06699199,0.03282108
0.057678886,0.064452626
0.044135705,0.02312879
0.038268268,0.045110337
0.06766715,0.029645866
0.05030645,0.08753382
0.04712673,0.03592624
0.055213246,0.106669165
0.03614619,0.059669826
0.049962014,0.03372045
0.045370877,0.048283227
0.041074734,0.044228833
0.01967723,0.02560416
0.047263723,0.056702804
0.051189966,0.070916265
0.0387627,0.046762608
0.044985272,0.06301905
0.036677584,0.042315215
0.052758403,0.054818302
0.035769813,0.044927772
0.027988153,0.029944634
0.055327345,0.059750877
0.03668674,0.05607178
0.038847696,0.04233812
0.045637466,0.051924266
0.04605592,0.03179286
0.060406595,0.06870342
0.05383632,0.05697189
0.024785897,0.04535485
0.036995605,0.0390722
0.04624316,0.054367594
0.11333129,0.042197198
0.049121756,0.044162467
0.044945087,0.04036225
0.03210977,0.038773652
0.037082445,0.03360969
0.061991975,0.040278267
0.06461323,0.035223532
0.044751965,0.039785065
0.04242429,0.030474484
0.034574095,0.050242268
0.06416784,0.052031968
0.06030927,0.042230707
0.047626574,0.047784995
0.056269057,0.042318866
0.032812465,0.040336806
0.056005206,0.04349564
0.052578148,0.03404973
0.040894378,0.050479
0.07293323,0.054046113
0.091550715,0.050995965
0.05433702,0.0548319
0.044273876,0.024373569
0.057447627,0.073643826
0.056792542,0.07888662
0.037905637,0.10670801
0.037913993,0.05430016
0.05650658,0.026597705
0.049076002,0.060590066
0.017230723,0.05859417
0.05700431,0.056253277
0.040602572,0.0377646
0.027901849,0.047332123
0.04964089,0.024337983
0.03457527,0.04186503
0.05312246,0.043562397
0.039700862,0.03173501
0.025778463,0.057598826
0.045713928,0.05465814
0.04521697,0.02619033
0.046367276,0.039494492
0.04865227,0.054681487
0.046387244,0.044527404
0.04761253,0.0539869
0.051931113,0.036148
0.1367951,0.05564936
0.03911608,0.034347404
0.03454637,0.05491177
0.05472924,0.035723448
0.036271513,0.051065125
0.034117263,0.03145947
0.051644124,0.051668935
0.028978882,0.05823682
0.044561163,0.046485636
0.054996546,0.043516167
0.058237944,0.039049458
0.045713358,0.05514424
0.03703271,0.03902337
0.05291696,0.04802245
0.051301695,0.026020048
0.051478673,0.03272215
0.0567894,0.039279938
0.07010748,0.039940327
0.023282614,0.059154306
0.021687185,0.040450428
0.037481233,0.035222165
0.043263536,0.0512626
0.036481977,0.058434427
0.030835476,0.043835875
0.048716344,0.03804597
0.05056572,0.05017881
0.03777711,0.03986052
0.058211032,0.038888738
0.06849424,0.07322651
0.045521483,0.055361737
0.057237804,0.04699134
0.046649218,0.042060316
0.044204183,0.06953124
0.033301603,0.062538065
0.045677047,0.0
0.030506706,0.14923786
0.04287166,0.067798816
0.057394937,0.036432657
0.058162924,0.03558685
0.035223003,0.03881011
0.06684432,0.03704282
0.0428586,0.039433815
0.036494765,0.041783866
0.06847065,0.039959107
0.037116367,0.040809397
0.040225167,0.025742354
0.03578489,0.0345904
0.047728993,0.046102732
0.041353453,0.052076995
0.08822233,0.04109177
0.05419632,0.058882643
0.049542204,0.039976943
0.047506332,0.071744874
0.03831689,0.044279218
0.03813412,0.02912722
0.089239,0.02094116
0.037210844,0.044616718
0.03996652,0.06451066
0.043186348,0.03284128
0.039680958,0.0658606
0.04118066,0.04620912
0.053900793,0.04681094
0.038220882,0.05364909
0.04252666,0.032066908
0.043314755,0.031204758
0.057804078,0.030990595
0.042180955,0.043153767
0.038297664,0.04470459
0.045764323,0.07554688
0.040620822,0.053543095
0.04256577,0.04202626
0.044819742,0.029704021
0.039085172,0.03289562
0.05281,0.033547368
0.063261196,0.052714337
0.03873539,0.05518857
0.049109396,0.059088007
0.04151294,0.046347663
0.044786077,0.040602304
0.044100527,0.030293962
0.043950573,0.04352366
0.042870566,0.04225025
0.04814705,0.05299918
0.058987964,0.06321353
0.077451944,0.03838477
0.039375246,0.031160416
0.07313616,0.050349485
0.042235803,0.03688372
0.051554482,0.045812752
0.04893912,0.048524484
0.03854879,0.06361667
0.059303388,0.050760478
0.041709043,0.041754816
0.045132123,0.049372304
0.053152174,0.04697687
0.042769995,0.053013828
0.054395378,0.08382982
0.049516287,0.031982653
0.043551195,0.13723455
0.040951833,0.032610342
0.06413655,0.04420704
0.037395682,0.068258874
0.059505343,0.055477194
0.05114023,0.030167792
0.051517025,0.025189005
0.044102587,0.0359623
0.045687683,0.051957604
0.058266923,0.033405907
0.043957245,0.035253458
0.05516658,0.05622724
0.056738045,0.05394799
0.04715804,0.040827144
0.07091182,0.03313504
0.044865716,0.043246843
0.049720727,0.035868708
0.043653898,0.05785549
0.027768593,0.054352596
0.048674516,0.06012906
0.030674316,0.045335945
0.057199147,0.9126768
0.04500047,0.038604498
0.042854425,0.036294073
0.039894186,0.048597906
0.033290714,0.04192068
0.031870306,0.03229732
0.060017124,0.06498797
0.04211568,0.037605315
0.048923828,0.03771499
0.035322756,0.04355665
0.039609507,0.1313309
0.03945513,0.043988667
0.03120798,0.06145426
0.049951132,0.037188575
0.046836298,0.039827447
0.04424936,0.026589114
0.03920711,0.049863603
0.057333,0.040240385
0.050875973,0.05997303
0.051293753,0.3659414
0.056659985,0.051169917
0.06607177,0.09867669
0.04429062,0.049907956
0.043307494,0.046542272
0.04753954,0.05513093
0.03322896,0.05002057
0.049049497,0.032854058
0.050423086,0.058709368
0.048378885,0.044332445
0.040198185,0.040527392
0.03738323,0.051971525
0.040902574,0.022375455
0.036490027,0.052915964
0.05848062,0.03881713
0.044471998,0.033449493
0.069733754,0.03348169
0.0579314,0.036495548
0.045478243,0.035301458
0.037236325,0.034459148
0.043300293,0.093228705
0.058368754,0.03269322
0.041799597,0.032684967
0.036740527,0.05185384
0.056398995,0.050159946
0.04067399,0.037953667
0.045018543,0.04220065
0.061573766,0.05803386
0.065170966,0.05062471
0.052612502,0.048170216
0.051315412,0.05230717
0.04344012,0.041620098
0.053666856,0.04706979
0.041379686,0.038786188
0.061408013,0.040189106
0.042605974,0.075846896
0.04384778,0.06200012
0.05463388,0.04887453
0.043267906,0.061384156
0.056676738,0.058355078
0.050172042,0.030707674
0.043348875,0.035574194
0.036589008,0.049487412
0.04177674,0.035537165
0.05631288,0.044629157
0.056079574,0.037023146
0.046490483,0.036096983
0.03539193,0.041541144
0.04534704,0.06820264
0.056586873,0.06282737
0.06652989,0.060456768
0.06715717,0.07198674
0.041122567,0.038030077
0.03379705,0.058156468
0.047757335,0.047553137
0.037821617,0.032328393
0.04521133,0.04725378
0.05268432,0.03867354
0.051481087,0.061554547
0.056487113,0.04563143
0.047856223,0.030856414
0.059112668,0.070397556
0.07390779,0.042379763
0.04262006,0.03975383
0.039601296,0.05988459
0.057665035,0.04945436
0.033724647,0.04559639
0.038726084,0.07227963
0.039475158,0.045942593
0.040816024,0.036061343
0.041523892,0.03416591
0.060570624,0.055781342
0.054751232,0.042615183
0.05074066,0.03160881
0.051933333,0.049914144
0.049261723,0.055856384
0.041711558,0.040078565
0.0650679,0.060044203
0.03590489,0.045710824
0.060270086,0.088657804
0.042226657,0.029544221
0.037226733,0.046708137
0.026887825,0.031609226
0.044152,0.03426376
0.07705635,0.06941615
0.047187943,0.033425745
0.06334944,0.040601496
0.056261186,0.04089211
0.046286926,0.036315605
0.051433973,0.03921742
0.25103143,0.067678854
0.034049716,0.039933115
0.010729321,0.051747933
0.05877398,0.055216286
0.048827454,0.028621469
0.061568636,0.039972853
0.06135733,0.1345232
0.031280648,0.034116868
0.04123345,0.0380193
0.05069585,0.026721032
0.06473497,0.057933506
0.04218141,0.046317168
0.033953365,0.06754652
0.040063053,0.032096274
0.049359363,0.043564975
0.021062743,0.05104427
0.04363373,0.059513096
0.051476836,0.045109592
0.06813496,0.045214362
0.045561,0.0488685
0.053120434,0.053212438
0.04763852,0.028777411
0.04922337,0.02669443
0.073555805,0.05443879
0.040840786,0.043638226
0.05471647,0.051701874
0.059678316,0.053633135
0.07265084,0.050212625
0.05619655,0.05744922
0.12010446,0.06882378
0.043978177,0.037202574
0.050312616,0.07465397
0.051801216,0.04534812
0.06482563,0.048783533
0.053224493,0.04056274
0.05096018,0.04030391
0.046645124,0.02433924
0.04889872,0.06724294
0.04580959,0.046650168
0.05273635,0.0423635
0.06156825,0.063163236
0.05793793,0.05396928
0.05183472,0.026240518
0.048726548,0.043266274
0.059245385,0.055689316
0.031582635,0.035836425
0.0445688,0.022696497
0.056082353,0.050376307
0.050229233,0.054116588
0.04666667,0.060554218
0.037314773,0.045796007
0.036512166,0.04738808
0.050854303,0.03422763
0.054187663,0.04428018
0.042293977,0.03965098
0.025379948,0.044363417
0.048206955,0.04725391
0.048875447,0.047772884
0.046877082,0.056075912
0.03418865,0.11365631
0.04412229,0.049440525
0.048378438,0.051636867
0.04007933,0.033163887
0.06655703,0.031918406
0.053736024,0.049872328
0.0546687,0.075011514
0.041694287,0.034717456
0.045284383,0.046593312
0.043667324,0.036330927
0.039780382,0.030286934
0.057763822,0.053293206
0.0364605,0.049753305
0.03423645,0.025688658
0.05352063,0.06276649
0.05662476,0.048365153
0.041395474,0.05044164
0.028121559,0.037745703
0.04779405,0.04412459
0.0597839,0.044765424
0.042433355,0.037961856
0.060381953,0.026296532
0.052824315,0.05229867
0.03470231,0.039973818
0.03949617,0.039088618
0.055316593,0.05850925
0.047106214,0.04822375
0.051327035,0.043876883
0.055220507,0.043498483
0.048594885,0.053761926
0.041595794,0.041514806
0.06601272,0.04741158
0.048111,0.05062714
0.043876164,0.02401905
0.039930418,0.033707134
0.05578157,0.05507495
0.051990688,0.06346565
0.03354846,0.06268044
0.03459675,0.08582185
0.0499804,0.05392637
0.055499304,0.048265126
0.04422857,0.0474518
0.03687755,0.049854532
0.041847967,0.033018436
0.04487091,0.027725242
0.03990678,0.040951893
0.03777303,0.038198348
0.061525155,0.12443645
0.05245845,0.062168848
0.07224148,0.043661244
0.050219435,0.044782322
0.047473315,0.024692765
0.04834603,0.041475415
0.0488098,0.04336442
0.051844433,0.04375539
0.039964713,0.077607
0.031114893,0.05339883
0.044366397,0.02556322
0.036734946,0.04769015
0.046667054,0.05199461
0.039837677,0.057112332
0.05973397,0.061566044
0.04950444,0.034872305
0.047870904,0.03523703
0.04521505,0.055762697
0.050011966,0.042338405
0.054522507,0.06492703
0.032800123,0.03663095
0.045601603,0.19161342
0.060102466,0.053608213
0.046583988,0.036078032
0.052679114,0.07502682
0.034308214,0.03649521
0.061031643,0.05077134
0.054196768,0.047630977
0.048693325,0.046397172
0.036848165,0.041036006
0.04055695,0.04733951
0.03390906,0.06573817
0.040773902,0.063508235
0.04349215,0.04410992
0.055481255,0.039933115
0.09207121,0.0536151
0.0480498,0.042434216
0.049235277,0.045463182
0.091965266,0.071012534
0.025855469,0.03165595
0.046221916,0.046620768
0.032239497,0.046972018
0.044047635,0.048192948
0.045509122,0.044410348
0.05001146,0.05953277
0.030898761,0.042984273
0.036842518,0.05006648
0.040074423,0.038437407
0.048220556,0.056315422
0.03727795,0.035630994
0.051455695,0.02653064
0.056332555,0.035984192
0.039216936,0.03668276
0.05590372,0.073826194
0.05083619,0.05497809
0.04743633,0.06091491
0.039855238,0.03963968
0.059807364,0.055894658
0.0504676,0.061997954
0.04333969,0.03759385
0.053342223,0.05397162
0.030647606,0.059282858
0.04848743,0.04212082
0.039581846,0.030034704
0.042950816,0.054658536
0.047090363,0.05884452
0.048182204,0.073922284
0.057545055,0.058810223
0.041520867,0.044463027
0.04654235,0.031641018
0.1172994,0.03941204
0.046850365,0.042810384
0.05292925,0.04841331
0.03123101,0.030046016
0.16697012,0.035615943
0.046702296,0.0360346
0.041135464,0.04715819
0.04254267,0.04279873
0.03501534,0.02468131
0.04996526,0.033225823
0.038979508,0.042975858
0.04616317,0.064151056
0.04566078,0.04511722
0.03791652,0.10271679
0.050750446,0.039813984
0.052344818,0.064046964
0.037831016,0.047816712
0.050999127,0.037682444
0.048559364,0.057774615
0.05933754,0.072242185
0.046220325,0.046252422
0.044063363,0.06148543
0.05446271,0.29973647
0.03599239,0.033866856
0.058287103,0.06220885
0.028724786,0.05706083
0.04147461,0.039312277
0.04086401,0.027237985
0.04295885,0.045298062
0.04948559,0.04440508
0.03363444,0.045194168
0.05619491,0.058367014
0.0430486,0.039938558
0.04678579,0.05543796
0.05336742,0.055094797
0.052402973,0.028174913
0.040294558,0.03765876
0.033289608,0.04309761
0.04771233,0.025900908
0.049540482,0.07578399
0.042686377,0.0384927
0.042388517,0.104947165
0.041048683,0.057331905
0.052124236,0.053425144
0.8829386,0.69028056
0.04015389,0.034179483
0.044955023,0.061240543
0.060443304,0.044381145
0.03563387,0.04317652
0.04908531,0.065528475
0.04036756,0.067473374
0.067314394,0.035965577
0.055082273,0.04534425
0.04109227,0.05192761
0.0429928,0.06366015
0.049269937,0.047213756
0.046891917,0.03760491
0.031505488,0.061438803
0.04101516,0.043174576
0.044994187,0.017468268
0.0488627,0.046939928
0.057480603,0.039849438
0.04684589,0.034519535
0.037217587,0.04593396
0.05992941,0.065977156
0.049046252,0.04200923
0.049139086,0.050049976
0.04130545,0.10219073
0.058577906,0.06084999
0.04207867,0.03903092
0.061440747,0.79335994
0.029244823,0.034157198
0.026114006,0.044724002
0.038169853,0.041837685
0.053667992,0.061906695
0.048753764,0.041862603
0.054573268,0.48150402
0.051259145,0.041393533
0.03490754,0.04306056
0.055904917,0.04352495
0.035732515,0.055492718
0.037796225,0.035422776
0.03817018,0.034676753
0.038553838,0.031879686
0.120104566,0.04738937
0.056416333,0.12500112
0.06138662,0.06317853
0.045035526,0.073175736
0.04502111,0.04015857
0.0574502,0.036432657
0.056279723,0.0376174
0.050841466,0.0497958
0.043273564,0.042269222
0.03620041,0.057624463
0.9217335,0.94952625
0.0687445,0.06231161
0.044207003,0.05125923
0.047755934,0.04632318
0.038045138,0.04139836
0.048241667,0.045384843
0.046430737,0.04466249
0.039220434,0.035916667
0.038233243,0.040596053
0.051620312,0.07245942
0.0371851,0.06736589
0.045416236,0.045496058
0.062864326,0.18557656
0.03868888,0.051493537
0.061506495,0.059352566
0.046021737,0.037410837
0.031318124,0.07702184
0.030259537,0.03091965
0.06788604,0.04080214
0.04760333,0.047266107
0.07889441,0.050251666
0.031880822,0.04411626
0.0417008,0.081182994
0.08613385,0.040128294
0.040672176,0.05980122
0.056758955,0.053905934
0.04494586,0.05884697
0.04966909,0.04112589
0.033743083,0.048415124
0.034734067,0.045345888
0.035199013,0.031024477
0.0697618,0.020031435
0.038221724,0.07333911
0.037728395,0.04032804
0.048072454,0.09690832
0.051109545,0.0523275
0.044154577,0.044266034
0.039360836,0.047269057
0.035372492,0.03067681
0.052321862,0.047189776
0.048076604,0.0560805
0.037982907,0.079764955
0.034927253,0.027233066
0.07189391,0.050678898
0.059407752,0.07329972
0.042970937,0.07072481
0.04374215,0.06686867
0.036296573,0.039013214
0.048525445,0.03872533
0.096143834,0.05434226
0.056275606,0.03256526
0.0509725,0.055432428
0.032331783,0.033141296
0.045273043,0.056070797
0.053108722,0.030714571
0.034150086,0.058297873
0.037364826,0.04788616
0.065041214,0.043130334
0.054753564,0.04883381
0.10189328,0.0695087
0.04464051,0.050007086
0.046174824,0.030382741
0.038059324,0.043681484
0.054286186,0.04745005
0.04377836,0.39939883
0.03695559,0.03149884
0.038192134,0.03562141
0.04505291,0.05504382
0.055714887,0.04716068
0.05025296,0.038635034
0.044475142,0.073774144
0.039876685,0.0448291
0.044314876,0.04611318
0.0486054,0.041451722
0.046235736,0.04047056
0.04731317,0.06161995
0.07781018,0.036740642
0.06586193,0.1222527
0.04626057,0.03361751
0.050739646,0.041032683
0.050961,0.04581074
0.046292238,0.030996038
0.03312949,0.048420433
0.07724429,0.0358293
0.032055937,0.03965684
0.04255496,0.028057717
0.058765057,0.04850269
0.04184739,0.04107214
0.04840739,0.05733197
0.024718078,0.030422864
0.09277934,0.04457737
0.036596797,0.023831567
0.04150006,0.04318262
0.05391725,0.041981604
0.040257372,0.032191023
0.052877795,0.05700693
0.050547212,0.044903703
0.033204958,0.07487938
0.036897205,0.047406815
0.03620184,0.036810063
0.055833306,0.032631513
0.050701953,0.061397687
0.04012181,0.044208262
0.03947969,0.036153544
0.041688427,0.051297486
0.05457687,0.039037872
0.0671864,0.04605064
0.045599684,0.052486043
0.036805544,0.039796695
0.026036361,0.04580324
0.042720012,0.05562772
0.09313238,0.030871987
0.043858632,0.050796084
0.039346486,0.048602957
0.04465994,0.04489201
0.054900397,0.15208393
0.05345094,0.086508
0.044696435,0.03733669
0.055874374,0.079657584
0.11572954,0.044828836
0.04728365,0.03704378
0.05612756,0.06411722
0.04672889,0.047742326
0.04018424,0.03742913
0.0518094,0.05928935
0.03495393,0.33150738
0.059000455,0.07740782
0.060788743,0.029154565
0.059215453,0.043542635
0.054423384,0.04067728
0.04433637,0.033547096
0.06089684,0.043165416
0.047030617,0.052010413
0.04353841,0.06606719
0.04498797,0.043313883
0.048200965,0.054375615
0.23947458,0.05049019
0.033000972,0.03131484
0.033316147,0.03316698
0.05250664,0.032189447
0.05272114,0.04430182
0.04257593,0.052036315
0.044522233,0.05362793
0.04608043,0.038342845
0.050571054,0.034305513
0.045427382,0.041220758
0.049019553,0.0454575
0.047480777,0.028754612
0.02751036,0.034849428
0.042681683,0.028084198
0.063186504,0.059395846
0.08036463,0.043278188
0.03150339,0.09878922
0.05072916,0.028364528
0.04194585,0.03734283
0.045064498,0.058126934
0.041986927,0.042293508
0.04361003,0.041418932
0.07431401,0.042786185
0.043527428,0.05436399
0.046181414,0.04355197
0.037361447,0.0361969
0.043115903,0.05634602
0.051393658,0.04287843
0.045948006,0.060460333
0.04708212,0.039779402
0.06367918,0.05484497
0.044011556,0.05130706
0.037371628,0.058244515
0.052227687,0.03746122
0.056277372,0.041799016
0.077227235,0.037952304
0.050160278,0.06378615
0.05836585,0.059602194
0.037955318,0.057773937
0.052387692,0.040145498
0.040448226,0.033074066
0.03757125,0.03476029
0.06253574,0.047628354
0.041912872,0.046515908
0.051214293,0.04186245
0.03724021,0.04108954
0.077024974,0.05436613
0.036425963,0.1220911
0.04204191,0.054955225
0.046472706,0.028089728
0.053455744,0.03590976
0.0551016,0.03016565
0.0369969,0.048674632
0.031033698,0.06072513
0.026873082,0.04016749
0.0400258,0.06380486
0.032675467,0.035025
0.050618105,0.03634152
0.053448595,0.042447306
0.057464052,0.030423684
0.045702275,0.036975604
0.04341493,0.03496938
0.03251135,0.039336585
0.04974288,0.028572133
0.066807695,0.067807116
0.055573653,0.05643995
0.04052005,0.03594574
0.046414297,0.04650769
0.05213159,0.05185185
0.049703285,0.021017184
0.038061585,0.08204832
0.06344514,0.046292752
0.055995185,0.047745954
0.05904266,0.053181157
0.049100157,0.040478453
0.02585844,0.034829754
0.04365133,0.05157479
0.0396546,0.050705567
0.052262377,0.034902174
0.03446981,0.028897732
0.042755395,0.0532689
0.05462035,0.046498794
0.043995515,0.040385704
0.033782125,0.038371753
0.051727153,0.036284085
0.05719947,0.046428584
0.05633651,0.06850726
0.050194178,0.039354704
0.056804385,0.049388215
0.05486749,0.05247968
0.04424724,0.049021248
0.042235985,0.048648138
0.042376924,0.054529503
0.1792528,0.06175322
0.054056548,0.072173305
0.04257169,0.030113876
0.049180053,0.07819149
0.045138534,0.043339502
0.055819616,0.05863297
0.05788283,0.04092702
0.04325229,0.04644546
0.07067686,0.05146663
0.02695029,0.05782747
0.046946634,0.07825652
0.06105813,0.029694088
0.038688686,0.04155004
0.23430906,0.06847819
0.04560225,0.03473082
0.055544995,0.060713504
0.024358522,0.023048809
0.045097962,0.032745507
0.05044598,0.033912685
0.044639103,0.05734292
0.04419809,0.044808682
0.043231267,0.039426208
0.05779917,0.07197761
0.058576204,0.06334217
0.051208008,0.051750753
0.06140414,0.05990789
0.03479706,0.027623193
0.038863413,0.03362115
0.052019812,0.03992422
0.05582706,0.052835215
0.035019174,0.04920436
0.034437522,0.03323729
0.06695524,0.029925048
0.047998816,0.033490404
0.045316547,0.03444496
0.055250317,0.029509434
0.043187767,0.059251446
0.047015976,0.03505041
0.028319051,0.07817785
0.049838353,0.044910394
0.048659287,0.04946787
0.051348887,0.08736631
0.034515057,0.028652225
0.039851557,0.04180776
0.042271193,0.04276551
0.04020515,0.048045926
0.03960188,0.03418463
0.0673482,0.48666832
0.03512597,0.032818887
0.05215912,0.054476473
0.045428466,0.04291157
0.054669075,0.038625557
0.03996303,0.048157167
0.057096265,0.06091347
0.05517536,0.03308622
0.059231453,0.0623202
0.06854601,0.09657196
0.08549748,0.04557884
0.052151006,0.045046423
0.05308838,0.035538465
0.058904935,0.05196897
0.034035776,0.048855122
0.039277323,0.033507016
0.055682134,0.050012924
0.03456518,0.03515978
0.046888724,0.049512595
0.03388215,0.041376024
0.048825353,0.04904208
0.05881795,0.044309862
0.032758165,0.057402596
0.038905,0.02685859
0.04089503,0.16164264
0.050806005,0.03848943
0.064801715,0.060355607
0.039747365,0.0408344
0.07503692,0.061895482
0.03891451,0.044545196
0.043661866,0.028140344
0.042067077,0.062660106
0.03927719,0.065052345
0.03584993,0.04371471
0.061779737,0.08432394
0.102621295,0.03835621
0.059884124,0.05476984
0.055675562,0.050899457
0.13126378,0.049332388
0.044049047,0.04253138
0.044280864,0.026157334
0.036088187,0.037185088
0.036519498,0.05113374
0.10119808,0.039029904
0.055398103,0.036852155
0.05507057,0.03566692
0.040034004,0.043549478
0.044081658,0.0657726
0.04605605,0.056844518
0.04344467,0.054790433
0.04629934,0.03420904
0.04377336,0.050625585
0.05485523,0.048301324
0.034399822,0.038869046
0.039153002,0.04117337
0.06821396,0.08560188
0.0491178,0.0389801
0.05700401,0.04171077
0.05636665,0.038144737
0.035297263,0.056925874
0.048787106,0.03153944
0.08548016,0.11010775
0.05579585,0.058627985
0.046292625,0.04282326
0.050984766,0.04888334
0.050704427,0.03909454
0.054403093,0.04219781
0.044752542,0.043843985
0.039256178,0.0354186
0.033095237,0.023207527
0.0552637,0.03983827
0.049222734,0.04102499
0.0808944,0.06804722
0.047471132,0.03305422
0.05385372,0.034625012
0.034218736,0.049867757
0.05029049,0.04327705
0.037672866,0.027135795
0.042913713,0.04244466
0.0348268,0.028675439
0.045041297,0.045501195
0.049615234,0.046310216
0.03772956,0.029515784
0.047256697,0.029688021
0.034394033,0.030422306
0.049434394,0.033754338
0.026765563,0.0399783
0.048019808,0.042926323
0.03490175,0.056763202
0.03936898,0.053408444
0.038042422,0.056847226
0.047635,0.045244027
0.04134972,0.07140575
0.04811846,0.033228643
0.052376337,0.05079073
0.042501755,0.03691419
0.041528344,0.03749992
0.06469525,0.061522435
0.04692899,0.030617626
0.041693456,0.044738997
0.050569594,0.14526159
0.054454047,0.04169971
0.031265873,0.031180866
0.035570048,0.041840613
0.038377285,0.0663385
0.049089003,0.04058674
0.037100863,0.02818452
0.03648879,0.0856538
0.049805254,0.050572686
0.06083121,0.044526245
0.049636886,0.040274244
0.044308912,0.02193044
0.050957825,0.052735213
0.046361204,0.049122848
0.0376115,0.04105815
0.05155931,0.063318126
0.06813225,0.027666222
0.045082,0.037253242
0.04065237,0.042765856
0.02336335,0.039827865
0.05003544,0.026816064
0.061014507,0.05054042
0.04798681,0.060318753
0.043827683,0.035938494
0.04039524,0.03933182
0.040646702,0.04130308
0.051926106,0.06357003
0.04536895,0.04260771
0.0626413,0.053849056
0.046097323,0.032289837
0.044686943,0.035693336
0.029116163,0.04364417
0.056442477,0.10841023
0.047142323,0.05231012
0.053214554,0.050421577
0.0493944,0.040516246
0.04619984,0.033138476
0.038357794,0.02341347
0.045344483,0.034421716
0.03887628,0.031340107
0.064240575,0.84421885
0.05746298,0.06933615
0.04462165,0.03704589
0.08256823,0.053258274
0.0370185,0.06346725
0.04112064,0.041290313
0.048764218,0.04340796
0.05240183,0.030588958
0.035774294,0.050484158
0.047183786,0.06579472
0.0400779,0.038338
0.035463057,0.063464336
0.06217081,0.06455757
0.037799653,0.059372324
0.051254127,0.053527884
0.054335944,0.041854035
0.047424834,0.051376134
0.03866436,0.035159376
0.046451207,0.05798223
0.045344606,0.04845353
0.031766713,0.05061319
0.06384431,0.044064038
0.056616362,0.040040005
0.03999048,0.05670075
0.048618544,0.033574965
0.07780472,0.95053375
0.058633942,0.060155466
0.033902805,0.035518605
0.024034934,0.03674392
0.029634323,0.04255354
0.03335632,0.04496574
0.03992053,0.036191083
0.04097093,0.044211846
0.04767019,0.059780892
0.051231705,0.038929757
0.040100634,0.10102922
0.0372207,0.05538292
0.04749036,0.035886228
0.04481173,0.06207269
0.069976754,0.029671878
0.04678145,0.040156666
0.052856185,0.056117248
0.057171322,0.035571307
0.0454391,0.0443016
0.02298831,0.043192655
0.03858788,0.028435035
0.046672877,0.04847895
0.044938162,0.04824401
0.04132072,0.032269068
0.046971813,0.038400456
0.058629543,0.0343472
0.035604097,0.03311465
0.0745875,0.06391339
0.054385073,0.04431148
0.080695406,0.049708605
0.036317866,0.049521863
0.057154186,0.038624257
0.054309074,0.043642357
0.031041224,0.044062812
0.042890433,0.04696439
0.037550323,0.030634983
0.04616011,0.03562155
0.04648178,0.044276856
0.058792133,0.042304635
0.046184234,0.05534309
0.049674638,0.3255528
0.05225236,0.03328377
0.05120547,0.051890124
0.039290767,0.060185652
0.101366915,0.028238796
0.07667716,0.033011016
0.05514498,0.04639892
0.056179963,0.023713538
0.030960344,0.03392956
0.044981755,0.0441137
0.040480684,0.0349419
0.042206638,0.05279504
0.05766126,0.042628802
0.04664052,0.049647223
0.048288688,0.06648758
0.038964827,0.039997622
0.044152327,0.050284192
0.026698597,0.038155787
0.05251037,0.03298121
0.048863217,0.052559946
0.049929496,0.034425486
0.05563052,0.046947885
0.06341152,0.05051983
0.04303548,0.049437772
0.057249647,0.03817898
0.030423667,0.056154102
0.054697387,0.051135883
0.037096847,0.036141783
0.05622606,0.02633402
0.03877273,0.03841614
0.056487054,0.04714855
0.05247132,0.03385266
0.042674605,0.046679087
0.05205299,0.059706178
0.038820397,0.047113184
0.070616,0.035173617
0.02802127,0.033648804
0.06428955,0.05032706
0.055335417,0.05857771
0.033249106,0.036940966
0.05906156,0.04829116
0.049081743,0.0605345
0.044125047,0.03284973
0.05037298,0.04795462
0.060247514,0.052343566
0.04049772,0.030167792
0.049540997,0.03399034
0.05905785,0.036876887
0.07089003,0.04380223
0.0178779,0.019269159
0.040727336,0.03589601
0.03850382,0.048010275
0.046336826,0.07164603
0.042768057,0.04042317
0.044393543,0.05255752
0.070746,0.055743985
0.046246365,0.04149756
0.056829713,0.032198247
0.05057735,0.043382432
0.027112007,0.079164185
0.04786976,0.039244253
0.049022663,0.06687674
0.045202743,0.03164163
0.053210884,0.024390105
0.04980036,0.034490056
0.20244019,0.0590945
0.050675955,0.031719457
0.0346112,0.059335668
0.073574,0.0328261
0.058378547,0.026370557
0.054876342,0.03919964
0.0398192,0.047887187
0.12983873,0.106237434
0.05284187,0.04437072
0.037023753,0.041783735
0.048779834,0.12125935
0.04817021,0.03668241
0.04067541,0.024388717
0.05348018,0.03834394
0.06930482,0.034977533
0.055872753,0.06433509
0.04364029,0.045447644
0.04173487,0.048235595
0.043156717,0.034345
0.032211673,0.03654695
0.039677143,0.055147912
0.034484465,0.041189194
0.06729646,0.051755495
0.0524005,0.19245103
0.045110717,0.04628169
0.042260252,0.0429035
0.0661369,0.043728787
0.045100275,0.049384173
0.05077765,0.05144031
0.03642972,0.0423616
0.04821015,0.037845116
0.047956306,0.029669255
0.053873777,0.04519775
0.04399641,0.033735815
0.03782764,0.05591009
0.044828076,0.031100916
0.059965268,0.08019313
0.039009057,0.044422064
0.049150303,0.037090972
0.04409257,0.023628322
0.029935472,0.06745753
0.04940319,0.04367829
0.047978576,0.040889923
0.02802193,0.044956755
0.040474813,0.039580595
0.025829691,0.034244765
0.0600498,0.05328046
0.055284146,0.24764149
0.059363257,0.059808563
0.046879638,0.043963835
0.05899725,0.038605317
0.047276754,0.040438473
0.042007077,0.038470063
0.06029191,0.03599267
0.036526576,0.044061262
0.06101595,0.03699534
0.06066491,0.037122395
0.034209296,0.039577797
0.039789356,0.043693528
0.039738968,0.08092258
0.04452056,0.05692502
0.044475853,0.037322756
0.04018643,0.03491861
0.03560488,0.07055127
0.037380632,0.03956794
0.03121151,0.040065777
0.05673679,0.15377258
0.067616105,0.056525506
0.055552073,0.041260563
0.061302938,0.044584543
0.048390295,0.05840557
0.056325983,0.05788935
0.16519254,0.03609965
0.045003038,0.050137542
0.05116342,0.05054626
0.04863588,0.04044398
0.053934325,0.037456706
0.04634137,0.0784586
0.05056635,0.055180833
0.063799486,0.038497135
0.041087948,0.025742626
0.03424869,0.03055912
0.046426073,0.040136382
0.04684934,0.03499034
0.03639909,0.038444433
0.05310523,0.03165588
0.042852752,0.059981186
0.041993752,0.04265794
0.047440033,0.067732446
0.03691284,0.03930268
0.048731517,0.049702615
0.04567384,0.04830489
0.039647363,0.04144208
0.04169951,0.05165173
0.04001811,0.036151696
0.046940815,0.034859285
0.044649232,0.046195086
0.046539217,0.0443016
0.040197607,0.05281423
0.053106755,0.04775282
0.04835318,0.04445295
0.05897391,0.046733495
0.038502064,0.065193556
0.036658775,0.042868048
0.051782873,0.03506993
0.045256566,0.0928688
0.039344095,0.045961086
0.23033892,0.03352472
0.051116023,0.032105554
0.036396097,0.047729123
0.045527242,0.06152283
0.055466227,0.01628064
0.03829015,0.03270359
0.042606615,0.043331567
0.08152736,0.036458496
0.055363648,0.043018613
0.036936194,0.050982498
0.04996742,0.057331096
0.03017535,0.06784124
0.05024704,0.05798116
0.041288167,0.03972762
0.0671241,0.030815154
0.090143315,0.033829052
0.16003554,0.042434696
0.051920578,0.07559283
0.046776906,0.043101415
0.047841165,0.035083897
0.04202453,0.065909
0.059178844,0.05837053
0.038362786,0.10812906
0.042850245,0.034556683
0.051115517,0.041083157
0.045060147,0.038873274
0.04434632,0.04693097
0.035491783,0.042456664
0.05568629,0.035156906
0.053893898,0.053172413
0.0503593,0.04555379
0.05406901,0.056391466
0.07273424,0.06822425
0.0242861,0.10717573
0.056431465,0.045675587
0.038310997,0.036955863
0.051889803,0.040677346
0.0374743,0.0539474
0.04672959,0.039356828
0.033214156,0.043165833
0.085095786,0.039569166
0.05529155,0.042902607
0.035064187,0.041577935
0.036048315,0.041306555
0.038083613,0.044114925
0.10304139,0.027821947
0.04579313,0.036723558
0.031428847,0.045041546
0.054454736,0.03725072
0.042763364,0.045535035
0.04451094,0.033585664
0.021561667,0.03685974
0.03515115,0.06255641
0.049811814,0.062048122
0.028461523,0.058859233
0.039083753,0.060931522
0.051296744,0.051118527
0.03484846,0.03189723
0.05128848,0.05162327
0.047625296,0.046606537
0.041522097,0.041311298
0.04601201,0.029534692
0.059812695,0.05292746
0.0680346,0.04977278
0.037655365,0.039360695
0.045513857,0.036999375
0.040197343,0.034626108
0.053565584,0.04788039
0.042185985,0.032996383
0.053561974,0.04837322
0.041345015,0.023385556
0.024654672,0.021893477
0.049529083,0.036154766
0.052892752,0.047104966
0.040156346,0.04223274
0.060298357,0.05661423
0.039850462,0.042749792
0.056965392,0.055748902
0.051318143,0.060065843
0.058933955,0.04315499
0.069857605,0.043431986
0.058032762,0.039100062
0.054178424,0.036805004
0.052527934,0.050100032
0.0417131,0.025781678
0.04212933,0.03679824
0.083874404,0.038303707
0.029647902,0.023960993
0.036206577,0.032984983
0.0516186,0.1470475
0.027515227,0.05014069
0.066731766,0.061376944
0.048149023,0.060208693
0.044107717,0.034558877
0.051667485,0.06157186
0.053092435,0.04925925
0.035163116,0.06374927
0.050300915,0.05031029
0.043114748,0.034265064
0.03857701,0.07389642
0.046374124,0.0712139
0.04791087,0.05329856
0.058918137,0.03737963
0.041584328,0.03539492
0.027990708,0.04783245
0.047364913,0.03542907
0.046902526,0.03650696
0.049678136,0.059290685
0.035174888,0.06141019
0.043522794,0.0391045
0.063674316,0.052159775
0.039352816,0.066149384
0.05659884,0.040651727
0.0560047,0.056851096
0.050718606,0.05533835
0.04341711,0.05699084
0.043803215,0.04144772
0.052315403,0.043042
0.050235216,0.043314297
0.04796524,0.06878389
0.06437446,0.056373432
0.04313229,0.040624272
0.039250296,0.033449702
0.06372029,0.031107595
0.023074381,0.03597489
0.049181066,0.033814646
0.058617353,0.06918095
0.056698926,0.041198704
0.041992586,0.041420832
0.057753257,0.07548957
0.03707532,0.05615218
0.043417882,0.045741078
0.047172733,0.036906123
0.031897422,0.03619587
0.053320188,0.045200177
0.08186737,0.056102797
0.06257091,0.03207213
0.039931323,0.02076455
0.03670835,0.06026229
0.049525455,0.047436565
0.06810065,0.06098414
0.04007086,0.031669226
0.042342115,0.03862992
0.034097396,0.052554198
0.053362545,0.063480295
0.042147998,0.053781226
0.05062579,0.04342204
0.054624904,0.04533616
0.033956945,0.033648465
0.04845427,0.058412455
0.059999015,0.064666584
0.038450163,0.05525688
0.059514754,0.059557557
0.047609914,0.06416219
0.055084605,0.03785809
0.08319733,0.041137084
0.02949892,0.032635294
0.06576643,0.054885168
0.04347564,0.058609143
0.046046387,0.04479909
0.043128435,0.047759093
0.04229688,0.041618723
0.03875468,0.049734987
0.0454252,0.040143136
0.04781217,0.04734397
0.04928261,0.054364532
0.054656185,0.04079689
0.05805572,0.04397223
0.047315724,0.05926583
0.039207242,0.04772779
0.042133193,0.04728766
0.05596239,0.042732436
0.04249121,0.04684679
0.06578316,0.03563387
0.04185402,0.123176135
0.058109242,0.03232812
0.049234964,0.029873112
0.041765463,0.03442247
0.050794628,0.031947788
0.047046397,0.04210209
0.042161707,0.029753761
0.034710582,0.03528557
0.03660374,0.045915753
0.061542414,0.054952823
0.03885753,0.027062884
0.045786988,0.04590386
0.044664554,0.06426934
0.060017005,0.047569968
0.046180066,0.14372829
0.06301142,0.036316153
0.03762336,0.032752305
0.04886557,0.03577368
0.05357552,0.04795252
0.059461538,0.065312535
0.048940275,0.050486233
0.046049003,0.04055977
0.03566279,0.05834347
0.05469062,0.03979335
0.04046326,0.042849686
0.050478928,0.03903842
0.04612702,0.04574816
0.056090727,0.041263014
0.033414222,0.06854947
0.042832885,0.05180472
0.052920435,0.042283956
0.043683313,0.041134503
0.0847008,0.041906144
0.04241483,0.05554992
0.030213874,0.05608649
0.03334608,0.028376486
0.036683362,0.03427466
0.057515465,0.11302177
0.03523432,0.033034086
0.0542055,0.033370823
0.045970466,0.09950508
0.059376884,0.04519209
0.046587758,0.05714357
0.034064237,0.029979466
0.05491652,0.043875724
0.035882603,0.03537047
0.05125368,0.042989824
0.03992964,0.04245437
0.04485802,0.038975477
0.05275023,0.025579875
0.036148522,0.044336226
0.037996314,0.05236269
0.037089393,0.036580916
0.042464823,0.05707823
0.05044153,0.049302377
0.03073677,0.04843637
0.04541232,0.07301739
0.057458516,0.03877637
0.027020916,0.06385312
0.040403374,0.04174614
0.06300094,0.045445435
0.031209158,0.04640985
0.068827815,0.044328116
0.05294078,0.04842098
0.04909117,0.041294925
0.037544165,0.073299
0.046803627,0.03949952
0.04006002,0.046701666
0.048460335,0.04984649
0.052341208,0.039710265
0.064079076,0.05761688
0.08443021,0.040602587
0.04193651,0.06201518
0.053233813,0.04305879
0.06886396,0.04440156
0.07981005,0.030681018
0.02678196,0.03067729
0.06204211,0.05650555
0.032357186,0.06824204
0.046546772,0.035056368
0.05063222,0.053669397
0.047654733,0.050042782
0.048073478,0.052534327
0.040676434,0.037572417
0.056304123,0.054379683
0.05925153,0.034380585
0.050379906,0.048125602
0.047504727,0.032480653
0.049804494,0.053033344
0.05566889,0.019796845
0.042850886,0.035429552
0.040982082,0.046439383
0.052842434,0.044819087
0.043646578,0.030825559
0.036074944,0.034526385
0.048989657,0.05380654
0.05771312,0.046414506
0.040934302,0.040484704
0.049370833,0.034797285
0.04220812,0.061046217
0.03662146,0.056669623
0.043158837,0.044033457
0.04934669,0.03838062
0.101737425,0.036487274
0.05285086,0.04116738
0.03599537,0.04061332
0.03788614,0.018785913
0.062059853,0.054774433
0.0455503,0.035597593
0.16547358,0.03649274
0.040174425,0.03998293
0.058582105,0.026708277
0.039571512,0.05349494
0.034784243,0.0578015
0.041050237,0.028234992
0.039040036,0.041660693
0.07358389,0.04950138
0.030679427,0.039871603
0.041790776,0.04127143
0.07467396,0.04007144
0.05872756,0.094860055
0.06715506,0.038323957
0.040222522,0.023327729
0.0352654,0.024891898
0.04192048,0.035451457
0.05489415,0.050839934
0.04807443,0.060643576
0.06408719,0.05474455
0.059745446,0.042924643
0.039978404,0.048105404
0.041647978,0.039002046
0.06110946,0.049773984
0.03513528,0.03305964
0.03795855,0.08057332
0.043279983,0.05744618
0.04597808,0.045754716
0.029893003,0.0352864
0.050767105,0.040930975
0.070390806,0.043711323
0.9346313,0.045802895
0.04319663,0.058136947
0.05360653,0.053548582
0.03483962,0.048134673
0.04282613,0.030607702
0.026562281,0.043558877
0.04772669,0.043719124
0.05220403,0.036579967
0.05425039,0.049590413
0.04471253,0.05273145
0.06236443,0.25999475
0.050906476,0.07911743
0.043646324,0.056899294
0.05190979,0.04863428
0.062264506,0.4289035
0.04511097,0.03541155
0.86865586,0.47392002
0.041515067,0.041564774
0.052919615,0.0514971
0.14176288,0.024787238
0.05065624,0.052687734
0.17597789,0.049787667
0.056753036,0.059815582
0.0379809,0.036008332
0.04890445,0.038977925
0.042490885,0.041246574
0.05665595,0.05297599
0.061254814,0.05012755
0.046719998,0.06197299
0.076051906,0.054936297
0.050327696,0.35174602
0.050550386,0.031630274
0.04740873,0.04567384
0.046606243,0.046972085
0.05047129,0.04014224
0.041859556,0.050598085
0.05286861,0.0514557
0.045308862,0.047694456
0.1960001,0.038131304
0.03246082,0.07379417
0.045036238,0.0329845
0.04997474,0.05307265
0.04129816,0.050129298
0.08165943,0.040862076
0.06547053,0.047295727
0.042351574,0.023761814
0.053851318,0.069398776
0.052046776,0.026027394
0.04420463,0.05492117
0.044828523,0.05846892
0.046795513,0.052442957
0.049464256,0.025214002
0.041917123,0.061627533
0.054566253,0.037895676
0.048889797,0.051021975
0.05060774,0.032459896
0.069480084,0.042053517
0.051220834,0.04128122
0.04897609,0.0399915
0.039065775,0.028480578
0.028194752,0.036543876
0.03973458,0.04325401
0.019639578,0.0442268
0.03458685,0.028017672
0.06345512,0.05306301
0.048721377,0.044749204
0.05597507,0.053157985
0.05074505,0.06651134
0.8240251,0.07039801
0.05933979,0.06212642
0.049054213,0.041783474
0.040414862,0.046555758
0.051337764,0.05806759
0.04898322,0.0764908
0.06834548,0.055578884
0.04536537,0.027098065
0.04394184,0.050349683
0.05354279,0.059864525
0.07657227,0.053086463
0.058169983,0.04065833
0.04467142,0.04750061
0.05238522,0.048346464
0.047658566,0.03535568
0.056457546,0.03281188
0.048790615,0.041186396
0.052912515,0.046115346
0.03826698,0.030329537
0.040325414,0.061475724
0.06564324,0.052876007
0.036803335,0.038440205
0.047426425,0.04210657
0.05014946,0.06933982
0.042612214,0.030892929
0.05083079,0.06649711
0.028631283,0.049278658
0.039263226,0.03140716
0.036696535,0.029721137
0.047308758,0.03439958
0.068261415,0.04155946
0.05157302,0.045861475
0.045831747,0.04087587
0.050428815,0.058767993
0.07025135,0.0559135
0.07605858,0.05045183
0.04906415,0.03377973
0.06269584,0.05303094
0.05419329,0.05734552
0.06126759,0.23547769
0.055878673,0.054073483
0.044657435,0.057976395
0.033375103,0.043087117
0.119605154,0.03908256
0.053014204,0.044115055
0.037544105,0.035018288
0.04473375,0.05171807
0.040243693,0.01614543
0.057308197,0.044545043
0.0403076,0.054005653
0.052693576,0.053040296
0.041755486,0.028551335
0.050806824,0.05941412
0.048158403,0.03924636
0.03441564,0.036772072
0.03921306,0.037553236
0.029902505,0.05158082
0.04562895,0.044943992
0.048140608,0.041340917
0.06569293,0.03717314
0.042867027,0.038777467
0.069210835,0.053544298
0.04552776,0.059241302
0.04947604,0.057699244
0.057684485,0.055040825
0.047861587,0.06436029
0.038704015,0.04128896
0.053549632,0.041501295
0.048526652,0.054927774
0.06924339,0.047905896
0.035251226,0.06767649
0.040906508,0.030507294
0.05281531,0.04267748
0.04809517,0.043310165
0.05301845,0.06723638
0.040122073,0.032329835
0.05173197,0.035743088
0.1964799,0.06320791
0.04516436,0.029775916
0.04016894,0.046079323
0.037010655,0.035722014
0.051659606,0.06108397
0.044343878,0.052730795
0.052543845,0.021722617
0.48918858,0.046063997
0.03810582,0.040930144
0.05446783,0.042274863
0.08334609,0.09646651
0.036835965,0.04883757
0.055224482,0.07364271
0.043639,0.04688244
0.03279758,0.055535734
0.058028687,0.055791594
0.045959655,0.040692452
0.030178566,0.03376669
0.043127663,0.044823416
0.023064911,0.03696009
0.035668835,0.031585965
0.05395388,0.055203173
0.05660087,0.04290215
0.051691987,0.054930307
0.044299413,0.18504359
0.0505701,0.048610345
0.045716938,0.030274376
0.03473713,0.03925692
0.047317002,0.050900526
0.038051233,0.060285855
0.05438975,0.053217508
0.041457593,0.045383967
0.037718285,0.043490898
0.054044086,0.056940913
0.044690654,0.04293723
0.03573791,0.054715347
0.040205345,0.02639634
0.0478898,0.042124625
0.035767082,0.062664255
0.034885556,0.03727708
0.051450867,0.031097135
0.054151613,0.036762774
0.060927708,0.049247753
0.03196381,0.054289274
0.07629641,0.04231331
0.051106177,0.043521784
0.05745284,0.050346795
0.033912905,0.05141832
0.039115693,0.050893422
0.057477012,0.10644277
0.042749412,0.04537094
0.12092327,0.057371624
0.044701952,0.024970306
0.069369994,0.046148527
0.044386413,0.042706948
0.028013585,0.044051994
0.05671744,0.06645256
0.04413153,0.0696154
0.043670792,0.02685707
0.04953755,0.04360275
0.055632852,0.05505615
0.058482446,0.15097074
0.03204823,0.04978076
0.048755355,0.03157798
0.048479974,0.0547715
0.04395314,0.033161756
0.070763156,0.06680329
0.046995267,0.040074565
0.061615992,0.07074452
0.05151404,0.051133476
0.039812293,0.056108724
0.04448445,0.041447043
0.056066006,0.0364343
0.053499237,0.04149089
0.049802903,0.14784156
0.051436834,0.045888886
0.040490296,0.017880451
0.04634809,0.04596218
0.056745794,0.051843476
0.045856073,0.061104648
0.038706675,0.05911109
0.04087568,0.039073776
0.056303494,0.043715127
0.049959335,0.059996136
0.043079965,0.038782515
0.046247773,0.031720005
0.047828328,0.04762431
0.034671534,0.042204257
0.061150733,0.037563674
0.040463902,0.0400496
0.05096329,0.031708453
0.042197697,0.041773833
0.04043209,0.09494017
0.036708675,0.041596733
0.04874114,0.05028863
0.037195086,0.026082238
0.052540872,0.04734983
0.053313598,0.040051088
0.04377104,0.044335023
0.03839696,0.039139505
0.07038174,0.060081474
0.051443495,0.04802306
0.051616184,0.084774785
0.054213084,0.046971735
0.044202894,0.058547392
0.041092977,0.06590251
0.04211981,0.053650882
0.04048404,0.119830646
0.049298096,0.046996348
0.053892132,0.04080288
0.055826817,0.035507657
0.04615134,0.0476268
0.036024608,0.02792182
0.044306155,0.032518666
0.044171896,0.028293127
0.045481123,0.037939418
0.05177119,0.047543302
0.110956386,0.053501956
0.051828057,0.037651043
0.047048636,0.046586383
0.036652405,0.025844598
0.035482038,0.048347667
0.041267868,0.04342204
0.055445336,0.054267786
0.048314333,0.06629695
0.05230081,0.057339884
0.056418464,0.04654883
0.048913624,0.044211715
0.060103785,0.05334171
0.038081016,0.034396905
0.405287,0.044360183
0.05327408,0.038431343
0.05425254,0.0335414
0.07152952,0.041102044
0.039955284,0.03526558
0.026995515,0.029829863
0.075415544,0.20842005
0.05601441,0.053586923
0.05603737,0.031046445
0.047629323,0.052130003
0.041746724,0.04525463
0.033620488,0.05311794
0.04229127,0.051768217
0.06287595,0.03701993
0.04354438,0.032026127
0.06968954,0.0412497
0.053732798,0.5908875
0.050836384,0.052387435
0.024378408,0.07107241
0.04105185,0.04216843
0.058837358,0.05807795
0.040437963,0.037041932
0.06457088,0.042938806
0.03973167,0.026954519
0.052172758,0.050442714
0.045765225,0.053530548
0.055305175,0.067416824
0.08157549,0.054720026
0.049625233,0.054783504
0.042314705,0.044184327
0.03176495,0.03683562
0.042673774,0.054926176
0.035721727,0.04274105
0.047816005,0.033036493
0.048068814,0.029850487
0.04255721,0.035540313
0.048480604,0.05246663
0.04125227,0.051032424
0.03216902,0.054519556
0.06270851,0.03810054
0.03723017,0.038342573
0.057823386,0.05346978
0.050180376,0.03734515
0.043610547,0.06441221
0.048017323,0.037387073
0.042864583,0.028543323
0.051010434,0.05541503
0.050313316,0.054335766
0.09220393,0.04911828
0.04430808,0.038519356
0.04731489,0.036902025
0.0470039,0.061135598
0.04693544,0.30228636
0.045008544,0.040949382
0.058098495,0.050406888
0.03311338,0.03814535
0.050394215,0.047350287
0.05562395,0.028101763
0.04573077,0.080181524
0.052193757,0.04353479
0.043185323,0.027209044
0.039588124,0.03982358
0.034341484,0.056355074
0.045474846,0.30810845
0.043729167,0.03125674
0.04038492,0.030275479
0.047616098,0.03235892
0.04817608,0.0462705
0.051366094,0.03199641
0.03666792,0.04164432
0.0381986,0.06418173
0.036060847,0.05607425
0.05382114,0.040270247
0.04039808,0.04963166
0.04379146,0.065264486
0.040942486,0.04927899
0.04451319,0.0467432
0.047795646,0.04458358
0.03721506,0.037411515
0.039486405,0.05883357
0.05438988,0.05052814
0.037264332,0.03686951
0.0338772,0.050050717
0.039128046,0.033526644
0.067709476,0.030012988
0.04190682,0.056709863
0.03296157,0.036459044
0.048627153,0.04137316
0.23373085,0.29919875
0.047789194,0.060977273
0.0442842,0.03808444
0.04313229,0.037696708
0.041366737,0.071039595
0.047065765,0.04637208
0.05089745,0.045858525
0.047442336,0.050910976
0.045163784,0.04415646
0.04085537,0.049317155
0.028707385,0.031049963
0.057317443,0.035844218
0.044622805,0.052677374
0.047387972,0.038530603
0.056831095,0.03548596
0.03484781,0.043766756
0.039039005,0.033659242
0.04844655,0.05025912
0.049523678,0.07968827
0.046303567,0.05974419
0.043566477,0.033587173
0.03581816,0.05845539
0.045724563,0.035517786
0.04083969,0.060636036
0.038585607,0.04006993
0.05348594,0.054756638
0.06413842,0.040685847
0.064731486,0.05425891
0.05859261,0.052591972
0.092436,0.04397269
0.040656112,0.036243953
0.06014905,0.05926583
0.055696778,0.053622574
0.049835168,0.028889656
0.070631616,0.06423598
0.04795133,0.034339797
0.8780651,0.80447143
0.030586785,0.061528776
0.041316338,0.036100198
0.025101727,0.048017792
0.051164303,0.036061343
0.045449417,0.047162693
0.04595184,0.047837917
0.04582112,0.04806949
0.05296067,0.049491785
0.035440687,0.044819437
0.060937036,0.069439344
0.051428895,0.038903385
0.03475958,0.026370557
0.030289996,0.13710006
0.041351393,0.05137506
0.047806554,0.08143212
0.030181516,0.0375187
0.05171115,0.056352537
0.063669324,0.059791885
0.04971544,0.03227697
0.046953663,0.0454022
0.04983015,0.042073805
0.04622377,0.07183607
0.045762468,0.051075246
0.06676274,0.03862126
0.05739581,0.045096084
0.047691453,0.07127766
0.03702725,0.04809688
0.04408634,0.035113834
0.037650377,0.055630777
0.04542968,0.047829892
0.039488606,0.042462435
0.036971733,0.034748703
0.034832004,0.13440579
0.054797865,0.06875477
0.03962036,0.04227073
0.046917096,0.042046547
0.045624662,0.04888341
0.03324115,0.042011723
0.056097157,0.043089412
0.036767133,0.034374073
0.04458785,0.06805034
0.051248852,0.04054779
0.056212433,0.041043002
0.04324374,0.045221534
0.06287769,0.06289516
0.04498432,0.03700709
0.03773973,0.07941878
0.07140486,0.04372785
0.05320993,0.044926483
0.050596993,0.05256362
0.0370508,0.040746488
0.032948386,0.03847368
0.03633462,0.044826258
0.056632385,0.06659716
0.028411156,0.04507851
0.048324473,0.047964174
0.04144084,0.03969249
0.051986948,0.025644742
0.037899543,0.033514425
0.057460584,0.052660584
0.045230944,0.05734279
0.069557495,0.047888454
0.042963352,0.08191192
0.052723926,0.03661578
0.06233537,0.055177182
0.014688592,0.040210944
0.0408337,0.041674946
0.04536319,0.044955205
0.058957703,0.03256458
0.052730903,0.4566117
0.046890892,0.055904977
0.020720456,0.033924688
0.042181663,0.047620814
0.065128095,0.07187085
0.096905336,0.04531299
0.059470702,0.038881864
0.028750319,0.052194837
0.05170271,0.034871757
0.03961609,0.025898688
0.0706302,0.031948607
0.04463307,0.03396811
0.0487159,0.03755412
0.02587294,0.034811053
0.040869422,0.055773757
0.105609894,0.04191078
0.04910111,0.044749424
0.0453318,0.04898966
0.049181573,0.058119483
0.04179606,0.04249544
0.044215795,0.036333114
0.04497066,0.04049911
0.046202984,0.04871577
0.04506303,0.041260302
0.03739995,0.026340468
0.05736693,0.051608536
0.057927627,0.030034157
0.04299421,0.028911613
0.059923,0.03607332
0.0649652,0.06273327
0.031852268,0.058041774
0.047968436,0.039977424
0.041726626,0.038631078
0.045146797,0.047674127
0.040592633,0.031802434
0.05492453,0.050081383
0.03895927,0.03562415
0.06343354,0.044442743
0.05153614,0.07742109
0.03485692,0.04366299
0.061790366,0.029089797
0.042931076,0.030138282
0.04891465,0.041797377
0.052536298,0.051997494
0.04103618,0.03189303
0.034175884,0.043684524
0.039592512,0.042351346
0.045481764,0.048043586
0.031183846,0.030937215
0.056858312,0.07050963
0.0687052,0.07336622
0.047463022,0.031127913
0.04513244,0.036763668
0.05067652,0.055417106
0.034947816,0.03005112
0.04582387,0.04601359
0.09919895,0.05911194
0.068661615,0.056327116
0.045339677,0.029839864
0.043776046,0.050143726
0.050866693,0.039011993
0.04620701,0.052118354
0.04848909,0.035482604
0.04027009,0.05694935
0.04010257,0.0476091
0.053496893,0.03989637
0.045658093,0.023935473
0.050946955,0.04996783
0.040234264,0.05320227
0.05838504,0.055257272
0.03988011,0.035231546
0.072529644,0.058966495
0.050572067,0.06060694
0.045244012,0.0878367
0.033174627,0.052986413
0.044133972,0.0492288
0.04352999,0.0420192
0.057216346,0.06075648
0.062714815,0.034656193
0.05306159,0.032618593
0.049341597,0.042408247
0.040763132,0.04472446
0.058699794,0.0657157
0.085163824,0.03833998
0.042425893,0.03135037
0.052563313,0.055959623
0.037843388,0.04155485
0.044140197,0.02525843
0.057801686,0.03775799
0.04457887,0.040748302
0.060577013,0.040945992
0.040520243,0.03680992
0.02700078,0.030449335
0.04980195,0.0637461
0.048490115,0.04145465
0.084321186,0.048848126
0.04888667,0.034486767
0.04224648,0.03040012
0.037825115,0.022047713
0.061940767,0.044267457
0.048656985,0.03377513
0.035999086,0.052917033
0.036752857,0.045364186
0.051453788,0.05716783
0.04420168,0.050822556
0.03766153,0.033276152
0.047930136,0.035816237
0.0640908,0.04716276
0.03654429,0.034799818
0.037395094,0.03740045
0.046671983,0.032943495
0.03943787,0.020520288
0.043463238,0.06301173
0.05584095,0.041575618
0.051858652,0.06300283
0.050889388,0.038110495
0.032377496,0.045281645
0.043399062,0.050366644
0.20034195,0.027221438
0.045493484,0.067334704
0.03198028,0.056899425
0.043661542,0.04569867
0.041354425,0.06588917
0.03355843,0.047711637
0.041578468,0.034391
0.06821501,0.04068504
0.10437681,0.056549836
0.03468416,0.048630368
0.057624657,0.16995989
0.07083783,0.040779036
0.11396277,0.05028756
0.04848992,0.11211672
0.038880873,0.045965154
0.06632372,0.047367074
0.8857743,0.8735448
0.05349373,0.04264548
0.05555321,0.037236106
0.07890136,0.0353932
0.038652383,0.030098291
0.03477552,0.04151535
0.04695583,0.039178938
0.047635447,0.051753286
0.04255644,0.03646383
0.030731335,0.046464674
0.07635186,0.0392401
0.04426168,0.03817768
0.04687485,0.037832845
0.042180568,0.036446255
0.10454727,0.07736452
0.03480363,0.06756781
0.051876538,0.046396494
0.023259584,0.06338956
0.04460985,0.04289347
0.07048493,0.06827538
0.050752677,0.119443156
0.03200713,0.04794688
0.04039511,0.044175867
0.05973723,0.064685114
0.03855973,0.01857538
0.06226526,0.056259986
0.08984805,0.044202447
0.046773966,0.06476195
0.05428365,0.038590997
0.041724436,0.04341662
0.040253896,0.035109308
0.05538719,0.04848109
0.04619786,0.042053867
0.042939432,0.03785938
0.056702454,0.037435416
0.055683594,0.056140002
0.05483634,0.055539057
0.059584964,0.066875815
0.048274714,0.03030547
0.049388792,0.05609362
0.04215984,0.03283867
0.03245455,0.034399714
0.045663923,0.06846328
0.048228584,0.04838594
0.036996648,0.06253787
0.028254671,0.048169408
0.04555376,0.028481955
0.05235047,0.0565722
0.038715344,0.05021149
0.040409893,0.036696017
0.03883864,0.045614973
0.03312995,0.042044427
0.05038449,0.033653054
0.042866584,0.069212995
0.04308241,0.032938007
0.054822885,0.0546038
0.061057765,0.057451233
0.05269814,0.04645947
0.038644817,0.036537517
0.03915649,0.047523517
0.05990031,0.0345135
0.053604066,0.07191509
0.045156218,0.109160036
0.038856294,0.04653602
0.05440221,0.04653298
0.0383053,0.0312564
0.050452217,0.048190195
0.050017443,0.039995108
0.04067031,0.039860457
0.034629036,0.044346653
0.04309045,0.057859074
0.044890977,0.061247822
0.044508252,0.049391758
0.068108335,0.040861115
0.041875914,0.034722593
0.037284818,0.030909246
0.053346906,0.05975698
0.05492106,0.047536917
0.071706206,0.045234494
0.038219005,0.059214614
0.03757392,0.03046291
0.048388064,0.034108575
0.06088988,0.029534277
0.046313025,0.049242374
0.040762614,0.040579133
0.03892609,0.02809879
0.05005059,0.78755444
0.056711704,0.0608894
0.046633866,0.04555016
0.06071766,0.05233753
0.04206734,0.05084636
0.04399429,0.063615344
0.035295904,0.049875148
0.059399597,0.051728785
0.055615876,0.057397548
0.044739716,0.035984803
0.046003684,0.06737593
0.048882466,0.025363505
0.042998195,0.040931914
0.04467026,0.06871538
0.08428077,0.045314282
0.0418396,0.061698355
0.044392195,0.04660033
0.06285877,0.044834916
0.05672148,0.03854315
0.040708438,0.046066556
0.051306967,0.035699982
0.0557318,0.03275581
0.03832705,0.02621889
0.059540227,0.054020606
0.061953016,0.06453539
0.033599243,0.055022553
0.07958175,0.066876605
0.034169037,0.04434138
0.046506595,0.032682158
0.03542795,0.04290005
0.039112724,0.06357451
0.05291696,0.054505218
0.026029771,0.057848103
0.046766423,0.02758071
0.03796425,0.03796636
0.07232313,0.048309937
0.048240907,0.043262012
0.03640564,0.04516411
0.043048143,0.0279497
0.047417674,0.0072401254
0.04512309,0.045987688
0.04171387,0.061907545
0.05542986,0.083322085
0.043522734,0.046225578
0.04114655,0.03340652
0.044158164,0.037341192
0.032089904,0.029922567
0.03994501,0.04580189
0.04222743,0.031959884
0.051108398,0.030972484
0.041142687,0.03944621
0.058749665,0.049696036
0.014726994,0.043535993
0.041919507,0.05283336
0.04407229,0.04322367
0.04670408,0.086085945
0.05838873,0.035427433
0.041527957,0.05215475
0.046823766,0.062018745
0.036251385,0.04501527
0.030385094,0.024296144
0.047696047,0.030680122
0.059893534,0.0492159
0.89485335,0.08652293
0.039290443,0.027927153
0.035076477,0.046217624
0.067361526,0.049994957
0.045897942,0.031915873
0.05275594,0.03003608
0.051699348,0.03666997
0.04292798,0.037405785
0.043621976,0.036910836
0.045109503,0.038817808
0.040264603,0.05660938
0.048671395,0.03532967
0.06048279,0.06478143
0.04034,0.05054687
0.049971048,0.029920567
0.0455813,0.04257693
0.053615455,0.04251166
0.056560285,0.047749322
0.045463197,0.057420455
0.042481687,0.034583688
0.03820761,0.03377424
0.035967182,0.04438318
0.04851785,0.0419242
0.036778033,0.026825966
0.05184488,0.046145227
0.042664517,0.03849965
0.046404958,0.050124668
0.042244036,0.040991854
0.048938356,0.051141456
0.040134076,0.03300731
0.040429447,0.06365257
0.031854752,0.027395664
0.050463405,0.05868224
0.038743414,0.038185593
0.032860823,0.038599044
0.049408026,0.051083878
0.047138236,0.051969383
0.046809386,0.038599588
0.06346374,0.12661105
0.033927556,0.03360255
0.032348048,0.029189145
0.041893173,0.063739784
0.05567173,0.059581604
0.2694668,0.6741414
0.034366157,0.024939332
0.060275096,0.0413553
0.044323992,0.03334948
0.06435128,0.03823824
0.0747462,0.030098772
0.037935298,0.047928173
0.04882152,0.04373001
0.033266388,0.03953745
0.041446377,0.042155687
0.04164302,0.05514798
0.059403818,0.040387344
0.047484044,0.0317939
0.054806832,0.03625324
0.03309877,0.054597594
0.048225462,0.057629906
0.056469146,0.051057212
0.048148517,0.05742531
0.048049103,0.05250423
0.051763706,0.043386344
0.073392525,0.04352563
0.03879795,0.047885895
0.049586203,0.03287384
0.044770945,0.053972296
0.0540105,0.15395221
0.050324835,0.03662986
0.035534423,0.056196574
0.053792413,0.04801161
0.051695667,0.044785447
0.043841746,0.034902316
0.05638153,0.06352554
0.05625127,0.04549993
0.06013595,0.04902455
0.050300345,0.030936385
0.034248043,0.033861984
0.049006104,0.03915142
0.040480938,0.030029468
0.039906517,0.039027456
0.06331486,0.04986957
0.059908137,0.0648862
0.03155537,0.028752055
0.03454493,0.060441818
0.017380668,0.053821098
0.07916465,0.057104483
0.23027913,0.7088111
0.045548312,0.049085688
0.04125214,0.041393816
0.038042493,0.06324245
0.050218668,0.042459853
0.06253574,0.047628354
0.06211305,0.041058827
0.040405564,0.036748905
0.03165304,0.033686686
0.048842248,0.045289077
0.044861287,0.043132234
0.041129917,0.031800773
0.08301446,0.04821413
0.058650147,0.05592795
0.051646404,0.05550349
0.0395215,0.031165926
0.0330728,0.13651119
0.04367362,0.036768924
0.047822393,0.03526442
0.050286412,0.04191904
0.04602334,0.053438436
0.06658037,0.045314193
0.043595895,0.046907797
0.051147215,0.033766963
0.042742018,0.029376443
0.059761327,0.04765898
0.044951495,0.034365166
0.058650352,0.044511862
0.047341082,0.05897692
0.05918073,0.035766758
0.039991118,0.048021838
0.038411845,0.044727456
0.047375713,0.038670063
0.042008366,0.045374982
0.050607353,0.072566025
0.04620131,0.046942968
0.0373783,0.02882797
0.047075287,0.045576695
0.04987203,0.029997533
0.033485934,0.047013856
0.055655263,0.7750312
0.05159848,0.053496886
0.047378074,0.045160327
0.07309993,0.044667825
0.041923765,0.037714783
0.11554815,0.03208128
0.03991957,0.051178508
0.040389948,0.032326054
0.10672594,0.034248058
0.05042188,0.029827371
0.03796775,0.048300713
0.048292387,0.038109206
0.04480455,0.04466282
0.045487087,0.04341404
0.031349916,0.041093342
0.039910138,0.057153534
0.049178015,0.043615337
0.050999504,0.041088577
0.07174847,0.074979275
0.047849327,0.044290517
0.049490176,0.031673357
0.04052237,0.036802884
0.049748357,0.038369164
0.041162673,0.04194103
0.046655487,0.096044786
0.042784974,0.042114854
0.047583092,0.0540323
0.09490228,0.047951035
0.048318855,0.03219405
0.051488265,0.05362485
0.035839405,0.04123477
0.051377777,0.02743006
0.04446706,0.097429134
0.03480292,0.031140579
0.050484262,0.06968093
0.05438134,0.040472943
0.054274485,0.040562347
0.042674676,0.041268367
0.0434076,0.15781608
0.07570598,0.04914698
0.06586112,0.47225726
0.038310867,0.048776407
0.047990955,0.05808431
0.030144889,0.050211336
0.080288984,0.037005253
0.04586894,0.032753956
0.04266046,0.04081919
0.053559065,0.040633716
0.0369969,0.03392805
0.04624239,0.029163603
0.04266059,0.049250636
0.040932424,0.029155735
0.059077136,0.04382984
0.06168166,0.03688822
0.036973104,0.062784836
0.05290054,0.0478756
0.018962042,0.03232682
0.042927403,0.045832053
0.04524888,0.07037224
0.042729404,0.046097726
0.041708596,0.057153404
0.044744015,0.051063858
0.113424435,0.04258434
0.040928755,0.040445074
0.10040064,0.04109931
0.057027817,0.04020563
0.04228677,0.05233526
0.039888497,0.06841989
0.043424055,0.058748297
0.04965013,0.025831003
0.051576324,0.058008175
0.047622934,0.054829102
0.048778433,0.04002027
0.04085272,0.019298483
0.036065917,0.041829202
0.0775661,0.045009807
0.06433105,0.04367755
0.051511183,0.040991854
0.038659696,0.024590092
0.06459729,0.046611935
0.03999693,0.04430256
0.0341411,0.028264372
0.02797067,0.035642635
0.039879523,0.0554951
0.026634196,0.05827997
0.045931354,0.058052987
0.052468218,0.03741069
0.05323444,0.053005476
0.04798828,0.048796713
0.037968528,0.0475367
0.049595755,0.03973068
0.06346044,0.056032784
0.060362525,0.051730927
0.039364193,0.05058508
0.044892833,0.05905526
0.048835993,0.039981227
0.049355865,0.03802885
0.05421511,0.048109118
0.054449182,0.052605893
0.039824493,0.03516328
0.045883663,0.03287315
0.04908582,0.060792062
0.04686238,0.058203705
0.053042453,0.0635695
0.036432642,0.030765066
0.030639686,0.035804946
0.05371767,0.047941636
0.03601051,0.04384615
0.04786401,0.04087001
0.053008445,0.039281707
0.043494724,0.036797147
0.03835592,0.030195301
0.042065598,0.039447717
0.027402954,0.078282595
0.051136356,0.038176183
0.041516744,0.04694815
0.04943993,0.041988336
0.05006077,0.4704607
0.04814169,0.057810944
0.04528367,0.051178705
0.044216756,0.033596028
0.05403055,0.03993163
0.061932452,0.056678016
0.05671152,0.044493936
0.035242777,0.042086415
0.046710223,0.06368669
0.030456876,0.03433171
0.029693533,0.042280413
0.057094175,0.06797753
0.044893734,0.01711881
0.046276692,0.040042717
0.047847036,0.051300567
0.038443238,0.029428272
0.046330113,0.04082048
0.043276645,0.029230503
0.051061712,0.050038695
0.03858199,0.04733151
0.046235483,0.051790513
0.03799463,0.052769903
0.040255893,0.051663186
0.055071644,0.054986026
0.04745281,0.08120358
0.3994748,0.035705652
0.04685739,0.03774625
0.04755455,0.059313484
0.043067694,0.049679466
0.04306724,0.049362227
0.03460488,0.04121357
0.04877085,0.04479666
0.034510564,0.022117564
0.7167011,0.107376896
0.05010403,0.034816947
0.06488858,0.021157859
0.03792098,0.06597197
0.045810997,0.039095163
0.03852931,0.04000715
0.046036713,0.058544025
0.065231584,0.0555671
0.02899095,0.05734644
0.06703405,0.05048195
0.040213354,0.037541356
0.04391866,0.062331676
0.04508399,0.030571658
0.016110977,0.046221536
0.052288257,0.0342495
0.041251756,0.041233264
0.04299061,0.043708764
0.054369964,0.050130896
0.057060752,0.056103803
0.051850457,0.0345976
0.05824806,0.03353763
0.051823616,0.041955087
0.042166412,0.03268511
0.050114848,0.03747378
0.045697022,0.041256566
0.050168987,0.034299273
0.049205728,0.042900443
0.034891214,0.06250541
0.03975267,0.05332186
0.051043216,0.041974958
0.07529815,0.033128727
0.04796665,0.07675037
0.02753634,0.056366373
0.17487298,0.04296272
0.04722398,0.05582274
0.04518096,0.059716452
0.04692375,0.046297472
0.03609631,0.051489472
0.09310677,0.039460044
0.039969813,0.061983682
0.055734318,0.1105305
0.058522422,0.044497784
0.04517295,0.06487323
0.03403897,0.043918762
0.04351759,0.034322727
0.040380914,0.039230973
0.066787764,0.05072655
0.07194254,0.049034014
0.04601329,0.046311505
0.05060214,0.042538155
0.044513382,0.02855645
0.036016557,0.04408135
0.044832245,0.036128853
0.14750388,0.044337995
0.049655028,0.05597182
0.068145454,0.05213348
0.04591651,0.03790782
0.04972614,0.05293356
0.060452897,0.055730868
0.03735801,0.054959096
0.047952607,0.038660455
0.048300996,0.044167407
0.0507978,0.036512773
0.039859567,0.19529484
0.06315754,0.054019075
0.041935477,0.047632728
0.02945557,0.036307603
0.04742834,0.03293333
0.03711688,0.036438737
0.05548119,0.0437654
0.0479138,0.040545143
0.04289545,0.04342156
0.03670536,0.03128896
0.053682167,0.044466615
0.041579816,0.038766287
0.059777427,0.049372017
0.14559568,0.045438066
0.04167258,0.05382969
0.041224163,0.029269096
0.05341086,0.046795968
0.05682089,0.05323917
0.040802732,0.04662643
0.037104826,0.056886792
0.04256435,0.07475249
0.051701255,0.037934016
0.052260663,0.050132252
0.06767186,0.05043292
0.031882323,0.030982124
0.05423661,0.04747294
0.030888947,0.043267693
0.03776428,0.034086626
0.05706402,0.063080825
0.04941395,0.050881136
0.037298303,0.044365864
0.047237843,0.04487614
0.04317934,0.046564065
0.054226357,0.046122756
0.038665067,0.04330617
0.038573764,0.037621904
0.037790325,0.038123667
0.040681858,0.036169335
0.042748578,0.04393839
0.074723236,0.045584917
0.052121762,0.31157163
0.04113379,0.042565607
0.043895613,0.046402704
0.059673876,0.04822847
0.04057734,0.030419279
0.044220936,0.046054073
0.061261952,0.058356673
0.032622598,0.03360887
0.046735026,0.041957997
0.051217407,0.045236114
0.047116,0.044618532
0.062356174,0.06673277
0.04646362,0.02946423
0.056934405,0.05896267
0.039602917,0.046942487
0.039519433,0.054576915
0.041632514,0.040840328
0.04461575,0.04902704
0.056361232,0.04095882
0.061328858,0.04299728
0.041510433,0.052742556
0.058470197,0.046802785
0.053208034,0.0381017
0.029763805,0.04821798
0.047906265,0.027710367
0.050651476,0.07213912
0.9071493,0.32943848
0.04500611,0.06359711
0.048679557,0.044656325
0.049620844,0.03958617
0.061092447,0.0507356
0.055732675,0.2759234
0.5444815,0.07956742
0.0480394,0.057172682
0.042320747,0.028363086
0.042336576,0.0417817
0.11794646,0.041368417
0.04058515,0.059068333
0.044204377,0.02616787
0.04370381,0.034748845
0.09610981,0.043422785
0.058492567,0.05740358
0.03253812,0.039817438
0.05636129,0.03335147
0.060804967,0.050433446
0.042802982,0.024090726
0.055812236,0.049817614
0.04511668,0.027859718
0.033572055,0.03260869
0.062598586,0.03787044
0.043773808,0.04511486
0.038189344,0.029098978
0.039594065,0.033244915
0.05549918,0.053024843
0.056315966,0.04932299
0.050577857,0.038080286
0.04105913,0.047945198
0.058575455,0.066344865
0.07054895,0.06309283
0.05403662,0.051796544
0.053281806,0.04433279
0.03884304,0.030204197
0.031087605,0.055160176
0.049335424,0.064953916
0.04845165,0.040783998
0.051535692,0.037856933
0.05807592,0.18274967
0.071601294,0.049946625
0.052733436,0.05312863
0.052658208,0.046079453
0.045280155,0.058190633
0.04544628,0.036209896
0.055936657,0.05064624
0.049887676,0.052066155
0.065456115,0.057406705
0.044096615,0.05642745
0.052648503,0.051169522
0.039156813,0.05453503
0.046570815,0.07155505
0.0481942,0.028779892
0.03941241,0.041945033
0.039152414,0.03489238
0.05226764,0.033865284
0.057707887,0.04410111
0.04753066,0.034605898
0.048910055,0.08752776
0.05442383,0.05314815
0.06919309,0.048479892
0.026766293,0.037375193
0.038337212,0.031706385
0.04065367,0.041742206
0.049765475,0.032498807
0.03341905,0.06668501
0.040024187,0.042894147
0.028177412,0.024389831
0.041407593,0.03856939
0.045247085,0.04651274
0.043383576,0.057326593
0.075448155,0.058704928
0.07820503,0.054642405
0.05372577,0.035737
0.0405605,0.046844296
0.040051952,0.034585472
0.055828907,0.058146697
0.046895232,0.045223415
0.061056145,0.054150753
0.043027062,0.04827057
0.054411437,0.03345307
0.044027995,0.03895237
0.04445128,0.050888725
0.04885754,0.09797637
0.043347973,0.050898645
0.060843542,0.058018863
0.05128258,0.058731377
0.061653897,0.04110027
0.05695947,0.028380157
0.06053059,0.047848344
0.082116045,0.056690432
0.0374439,0.041537147
0.031371433,0.031194571
0.034803834,0.048830245
0.050803266,0.032760687
0.06733883,0.061341926
0.044302046,0.04563928
0.0535233,0.09605204
0.05102555,0.05545774
0.042204004,0.03383832
0.046346296,0.048105076
0.042847358,0.042822998
0.046449352,0.04276186
0.044025682,0.037637055
0.046142448,0.03838314
0.033690426,0.03397045
0.04941974,0.04679658
0.028968114,0.03931208
0.048628803,0.04198038
0.0444525,0.04471738
0.04226006,0.023734687
0.046267346,0.03486683
0.055263318,0.046303418
0.048375376,0.049369548
0.040385365,0.050827257
0.06781506,0.052420553
0.047304742,0.037661623
0.058322616,0.055550598
0.04680612,0.040723227
0.04331662,0.055000167
0.049259167,0.035845727
0.052874245,0.036888704
0.06477371,0.035340827
0.04500335,0.09576792
0.02732177,0.0567761
0.037808597,0.083667085
0.04856925,0.058265105
0.037111823,0.048532944
0.045004316,0.0409536
0.044368133,0.047950577
0.051969375,0.03560047
0.14874738,0.034634817
0.062794015,0.052586485
0.040035736,0.045258343
0.039218497,0.034672774
0.03659718,0.029033719
0.058789253,0.026945448
0.04067979,0.04544469
0.05645012,0.054964494
0.059928034,0.050717305
0.03762044,0.04531487
0.043740667,0.035587057
0.057274207,0.04484086
0.03641077,0.037446268
0.042118,0.039949793
0.053515002,0.033595204
0.062130816,0.056230716
0.046975452,0.06554069
0.043439854,0.054889716
0.053541847,0.04268065
0.03423143,0.03875259
0.047568277,0.051457778
0.04194822,0.040176865
0.058005974,0.0599108
0.044879943,0.035692997
0.058230195,0.053941846
0.04779896,0.04788065
0.05008959,0.041030105
0.06009758,0.04566492
0.12536758,0.045037087
0.046508268,0.063073106
0.035006944,0.038865034
0.055140052,0.04493446
0.047544267,0.04828329
0.053429347,0.04873459
0.04662402,0.06265997
0.034900907,0.058340542
0.04488245,0.05049006
0.057621937,0.038503945
0.037225626,0.048972066
0.030474227,0.035649125
0.042166546,0.06683234
0.041407015,0.039762877
0.045793325,0.03746524
0.05264844,0.12413996
0.035803597,0.03681963
0.062580965,0.061501887
0.06020835,0.06726477
0.053829994,0.06234158
0.060554158,0.04450738
0.04713753,0.03973081
0.040254015,0.04211079
0.041040044,0.036550302
0.03748085,0.034465663
0.03887758,0.03290853
0.037303302,0.05294967
0.050390087,0.046158932
0.054688796,0.037050806
0.055136524,0.030578203
0.048666365,0.055511557
0.03823014,0.05299752
0.04358555,0.03756026
0.0425767,0.03536226
0.050849922,0.065121375
0.06436954,0.057747725
0.044166896,0.048076134
0.05867611,0.043167055
0.038178273,0.050031394
0.040339094,0.030676186
0.043424625,0.04693757
0.045911644,0.03491814
0.050422516,0.06308926
0.04689479,0.048606586
0.0544072,0.056962576
0.051279526,0.04038245
0.05648912,0.04804068
0.031560794,0.032141928
0.04082002,0.057319947
0.058687605,0.036753822
0.04320402,0.062496055
0.03428047,0.042751692
0.03395154,0.042437144
0.044194102,0.03665726
0.036632683,0.0450556
0.04667754,0.04421388
0.05859983,0.05392163
0.055296395,0.057801895
0.040483005,0.055894986
0.060697746,0.037725233
0.053848915,0.03392016
0.04963555,0.058485772
0.054396514,0.056546252
0.07594332,0.040936396
0.10403965,0.04524302
0.03496388,0.06025217
0.051549025,0.04703757
0.045335956,0.3788879
0.05690808,0.048084486
0.04619825,0.04863677
0.035932623,0.04124135
0.05289623,0.049610827
0.041008133,0.04681566
0.044135056,0.033475716
0.0543393,0.054344643
0.025662528,0.08209083
0.06485601,0.03803881
0.04478576,0.05179882
0.05900504,0.044823218
0.045341473,0.036216255
0.052808467,0.043237552
0.051649965,0.037544023
0.041420095,0.048608463
0.05196347,0.022641467
0.05440562,0.055396907
0.06526803,0.05538034
0.05471559,0.041925777
0.040992852,0.040506735
0.060310706,0.03909809
0.03884077,0.057023607
0.048372183,0.0504635
0.054731835,0.05217536
0.07770851,0.033217855
0.049468778,0.03465318
0.045259133,0.045059666
0.06254973,0.04595171
0.04075423,0.029929465
0.052220397,0.06569561
0.033837844,0.040281523
0.14612806,0.058718327
0.046668466,0.04650533
0.05099347,0.05043325
0.05269832,0.04855266
0.047155354,0.041750334
0.05381968,0.021010563
0.03402261,0.07511399
0.039141815,0.03904148
0.054934528,0.041959416
0.04737041,0.040132314
0.04116821,0.044595014
0.039341245,0.031388503
0.04695622,0.046179634
0.03886244,0.05535374
0.06029479,0.03684423
0.05978491,0.2683773
0.040811636,0.04661666
0.055959735,0.039584946
0.039180085,0.03044409
0.049505975,0.07094726
0.04406522,0.025806718
0.031118624,0.03146828
0.052730903,0.023853196
0.034178812,0.06990853
0.04427272,0.044582378
0.028068393,0.04755246
0.06081148,0.08489715
0.049256235,0.041794732
0.10965625,0.024464458
0.04595715,0.048943367
0.089176945,0.031715743
0.0373234,0.044686887
0.048593413,0.053786103
0.044292737,0.045467775
0.055263318,0.047507342
0.036653705,0.027840625
0.060357213,0.057398595
0.04855981,0.03995646
0.031342715,0.043077216
0.050224457,0.036402296
0.04346183,0.033214632
0.040584248,0.02853952
0.048467085,0.03287618
0.03029091,0.0450523
0.04439482,0.055566445
0.04825622,0.03092199
0.06949065,0.05982028
0.050329033,0.06041622
0.058172498,0.04581802
0.042430405,0.04793873
0.050513893,0.041874275
0.05246048,0.04101345
0.055990014,0.033658005
0.044873983,0.05203671
0.050121084,0.03361381
0.04373919,0.03391708
0.038179375,0.04731649
0.07176204,0.0750003
0.043494787,0.032797925
0.053043287,0.036600742
0.05908454,0.03653875
0.05557852,0.04503912
0.04050856,0.033065684
0.03848246,0.037121028
0.04650468,0.029276963
0.04093211,0.048970647
0.09565959,0.03815347
0.032467734,0.070207864
0.05935987,0.045385454
0.05077841,0.0501072
0.054010816,0.041523222
0.06857883,0.12313836
0.054327346,0.04771837
0.0546522,0.034396425
0.03572576,0.03704118
0.039947342,0.037225243
0.030039268,0.02364335
0.043818302,0.028278055
0.031383004,0.048879318
0.06118596,0.048236404
0.038256038,0.035939585
0.034406595,0.046785932
0.033957016,0.043217376
0.059076123,0.048993226
0.05668846,0.051418997
0.048970796,0.031332806
0.03716228,0.04550019
0.043878537,0.053395547
0.05488411,0.05973149
0.047801707,0.04080894
0.049420826,0.04703272
0.040177852,0.051133607
0.04613835,0.033781238
0.15404294,0.07584502
0.064145274,0.05110775
0.043336537,0.03749576
0.051094934,0.03723167
0.042476982,0.033226784
0.04905287,0.038655747
0.041508943,0.046923075
0.053371284,0.027855773
0.04810321,0.033620805
0.04920668,0.030919237
0.04659569,0.047254108
0.060369868,0.0474918
0.07161923,0.05070183
0.05910482,0.058293764
0.040322565,0.028840408
0.048480604,0.020792421
0.04552058,0.03251283
0.04854833,0.044337865
0.022113992,0.041544817
0.048408728,0.051097278
0.053575266,0.04661233
0.044041734,0.043838847
0.04067263,0.031976257
0.055633865,0.05815813
0.053465813,0.050468463
0.059942815,0.0537393
0.04366803,0.043667734
0.05120324,0.032617763
0.0637842,0.04721288
0.072459936,0.046217207
0.0370305,0.04232247
0.042149547,0.048052266
0.050908066,0.04543888
0.055165686,0.04736336
0.056615308,0.04603263
0.039273895,0.061539616
0.05626559,0.045077834
0.052483622,0.06491249
0.044007715,0.037870977
0.04063283,0.038492907
0.043677535,0.030626785
0.034993153,0.03083968
0.048014127,0.043288898
0.07953227,0.062725745
0.051321317,0.049622983
0.06315505,0.05417565
0.038152374,0.024353415
0.028101055,0.032713145
0.040486425,0.046023164
0.02622182,0.053857602
0.04553147,0.035607584
0.04170253,0.038728602
0.03244501,0.044704787
0.035936203,0.04250602
0.061027832,0.02760714
0.04185119,0.057827666
0.040841304,0.043976363
0.05394761,0.0391045
0.05646941,0.046943516
0.05195548,0.059700362
0.03789287,0.037443735
0.060804848,0.06910125
0.04032947,0.03917049
0.047450893,0.041882824
0.042860538,0.032882977
0.041637868,0.02738293
0.035992645,0.03556077
0.070847526,0.07716879
0.05424685,0.059601277
0.04397574,0.05249741
0.04655988,0.07994081
0.058497272,0.060368698
0.038363557,0.047460828
0.03605007,0.042464793
0.05354938,0.0477366
0.042618003,0.045246124
0.044292353,0.03789336
0.04856338,0.036274027
0.035523705,0.04278645
0.08532497,0.053295676
0.06785728,0.045221534
0.0525197,0.05074474
0.04521556,0.04502535
0.07187229,0.028835982
0.050895676,0.060899653
0.047551546,0.057118453
0.087676905,0.039548945
0.041566867,0.015429343
0.042647723,0.0321114
0.05266213,0.031310786
0.041078154,0.029554846
0.06744936,0.026416428
0.048826367,0.038040917
0.057742365,0.03236304
0.057199594,0.041611817
0.059898037,0.028021278
0.033931855,0.036757033
0.046874527,0.045587562
0.037814498,0.03561203
0.041546512,0.044578508
0.022251798,0.050706178
0.0609577,0.0819707
0.050329987,0.043727715
0.046261333,0.033592395
0.05522095,0.049749415
0.03306047,0.027441546
0.071838886,0.052262753
0.037221998,0.056057334
0.045110717,0.033517443
0.045424238,0.040110543
0.04556407,0.043518394
0.105447486,0.040038038
0.047057968,0.040106196
0.044214707,0.04454585
0.03666351,0.03527996
0.054596268,0.061640956
0.0496512,0.06664184
0.038383886,0.042327475
0.056419864,0.035568237
0.02939051,0.030636918
0.0468393,0.030327875
0.06869169,0.037129086
0.063270934,0.04349144
0.035488997,0.024365854
0.05316794,0.06522446
0.043188404,0.033029005
0.071744904,0.03586508
0.032561757,0.046951864
0.03830608,0.036307473
0.048014827,0.049529646
0.051056053,0.909363
0.03967243,0.048640598
0.046189286,0.054486614
0.04313762,0.056502815
0.039294317,0.039024048
0.04983002,0.0464234
0.030890973,0.039132554
0.03287707,0.056934137
0.038841814,0.04101297
0.04496848,0.042831652
0.046647616,0.039755248
0.050615497,0.029084615
0.037840407,0.052795585
0.0500203,0.04982487
0.055312052,0.054936428
0.03786683,0.048404828
0.034157965,0.047400277
0.056080528,0.02827799
0.05523168,0.05038409
0.04387809,0.03578312
0.03411062,0.037373696
0.04561013,0.04564907
0.04891165,0.051524423
0.04180772,0.1511837
0.041613836,0.044152807
0.0426766,0.05134365
0.053984623,0.028612912
0.03455001,0.04705941
0.044711627,0.05365731
0.05572144,0.037597466
0.041346435,0.05595123
0.044794675,0.040843453
0.04571854,0.032089736
0.045500603,0.04240066
0.04325531,0.034338146
0.036993466,0.04148309
0.042016476,0.041519
0.03693398,0.047338307
0.05598628,0.06281452
0.0388422,0.051662244
0.05811194,0.05312043
0.049245987,0.034484986
0.04150141,0.050468724
0.055149402,0.042955942
0.040328506,0.052654028
0.051025804,0.024159625
0.04736824,0.03697062
0.0365045,0.042833358
0.040520627,0.029963324
0.04614981,0.045152023
0.045541145,0.03709234
0.040005974,0.05494563
0.041900188,0.035028353
0.04586433,0.04032968
0.053167302,0.039549075
0.031263907,0.03921034
0.041280504,0.10181218
0.061276473,0.066109665
0.13119482,0.038640346
0.055938095,0.057817105
0.04518307,0.046865806
0.05323723,0.051406275
0.048042722,0.046210058
0.059895158,0.053165264
0.048868828,0.02413217
0.052345145,0.060281746
0.040605858,0.051588185
0.02650669,0.050035
0.05141626,0.038845744
0.049262036,0.05155778
0.07429585,0.04950669
0.043188345,0.063878804
0.045871314,0.042250577
0.036850497,0.020185212
0.045436285,0.023238566
0.08107674,0.063409515
0.051248975,0.049434558
0.036688037,0.058520135
0.065468,0.04061251
0.042569116,0.052243736
0.050855834,0.05266874
0.043855548,0.023691624
0.049189735,0.07768436
0.04204178,0.07283852
0.03259609,0.026202604
0.100731604,0.060226683
0.0431911,0.055662144
0.044799287,0.04256047
0.051446415,0.044702232
0.045869,0.06180929
0.049668908,0.049537316
0.040898446,0.036107168
0.059006356,0.04360194
0.039855827,0.04572595
0.054313563,0.032160636
0.039706156,0.033806756
0.041712712,0.034308463
0.061554562,0.057919078
0.037052095,0.029749762
0.05171039,0.03525222
0.045022782,0.03172441
0.091335475,0.055566512
0.04072959,0.033716742
0.036724117,0.03940754
0.051301125,0.06484561
0.056803126,0.052867044
0.055796273,0.044722777
0.04230003,0.20208962
0.058553834,0.03484065
0.049850643,0.05303842
0.047907736,0.05114139
0.3274898,0.62216336
0.044163104,0.058073163
0.05319916,0.04517032
0.043170407,0.06713039
0.04190103,0.031884015
0.033632424,0.0362778
0.06955879,0.05485496
0.045005217,0.03715162
0.04848233,0.061867546
0.058063023,0.04808737
0.07012454,0.036814164
0.06303777,0.052655973
0.04262952,0.043846693
0.047789134,0.0416046
0.08202907,0.024356334
0.037708633,0.066302456
0.060103904,0.02526773
0.057961214,0.03438524
0.041764885,0.036625553
0.06404711,0.051481165
0.045698818,0.040087745
0.052414697,0.039870795
0.0394833,0.044842828
0.055310227,0.06694631
0.056232613,0.9124918
0.03486369,0.04302952
0.05570371,0.07489326
0.02064193,0.045163978
0.054879546,0.056153707
0.03204333,0.036462594
0.050223757,0.058113776
0.052173264,0.054636613
0.054233253,0.05622193
0.08580612,0.0494308
0.05062293,0.04868698
0.05608014,0.049107328
0.047418192,0.047975473
0.06761481,0.06147712
0.10240198,0.045232747
0.044669177,0.062053937
0.050885506,0.037826363
0.048375245,0.03387578
0.06317277,0.04756317
0.034727953,0.073089175
0.043928873,0.042767957
0.046388328,0.040555134
0.04321681,0.04649285
0.050006367,0.03800566
0.054826677,0.032384768
0.06017292,0.03868969
0.046641156,0.02601076
0.04842276,0.027056655
0.04750052,0.045231655
0.05548024,0.031576402
0.055170372,0.07446668
0.04927797,0.05547313
0.047154713,0.056676485
0.029800382,0.034760494
0.058090117,0.06750516
0.048191015,0.04344309
0.056796577,0.042682488
0.03951432,0.04171228
0.09947877,0.02637471
0.041994777,0.028511945
0.04941319,0.038359623
0.03460039,0.045607954
0.04489129,0.05286558
0.042674605,0.036223438
0.046340536,0.03182142
0.03931759,0.05403055
0.028632399,0.042333115
0.0452945,0.05231727
0.038007963,0.046201162
0.05280524,0.048634958
0.036935482,0.042898346
0.03681592,0.09840044
0.0408324,0.035553515
0.048440173,0.04607344
0.09237526,0.0336558
0.040919334,0.035600338
0.042650167,0.034526385
0.037528034,0.059314948
0.048302397,0.043081477
0.021813076,0.04153625
0.043453604,0.04672027
0.046604387,0.03214221
0.043631874,0.04735339
0.032397483,0.037167676
0.051329955,0.055456147
0.030515224,0.028016087
0.038698774,0.03456724
0.045637913,0.05013916
0.039401356,0.05583341
0.053134557,0.049074605
0.041532785,0.03872281
0.033661615,0.047010425
0.05160781,0.03001891
0.042921167,0.04072655
0.04127741,0.037732325
0.046702933,0.055756442
0.034087103,0.036866907
0.04061134,0.017279811
0.05132087,0.042869885
0.0383712,0.04156978
0.048381623,0.03345437
0.06169918,0.0418254
0.061355323,0.05469622
0.042495385,0.041668016
0.041740406,0.030226396
0.0497586,0.04106298
0.05699121,0.04717408
0.050686054,0.055486903
0.028296195,0.06151411
0.037756514,0.032055277
0.04962708,0.052338473
0.07448119,0.046751156
0.03950987,0.076907866
0.014542936,0.0311306
0.051329702,0.045667082
0.036499765,0.040276498
0.057695314,0.041399654
0.043357484,0.054409496
0.041948546,0.03885242
0.03166965,0.026948769
0.03256058,0.03165787
0.13423207,0.035743907
0.10779292,0.035036158
0.05201987,0.04797628
0.045521606,0.03652371
0.032063063,0.03872942
0.06501576,0.04281187
0.053794175,0.05161435
0.042843238,0.040914603
0.04751214,0.07098731
0.03417874,0.03926101
0.036168132,0.02818487
0.060241126,0.06405639
0.08034958,0.042295955
0.025229365,0.035770256
0.02982201,0.043234315
0.054498736,0.042853817
0.041353524,0.051987987
0.037405923,0.036795024
0.062323745,0.03961437
0.05675557,0.040016465
0.04445628,0.046961702
0.041379552,0.025885934
0.036828056,0.03000891
0.040969316,0.05261785
0.062494814,0.06490941
0.049295735,0.066730805
0.05542526,0.05738386
0.051805526,0.09481802
0.053567857,0.059341572
0.04898348,0.079559684
0.0579963,0.06494491
0.058530774,0.059212297
0.036887214,0.0404174
0.035214487,0.04378835
0.05422067,0.040339407
0.04758226,0.030871365
0.057755448,0.040058978
0.058479242,0.032802537
0.04185312,0.051010236
0.050905906,0.038789183
0.042578567,0.027765092
0.04052508,0.31352666
0.040825315,0.055856515
0.07701494,0.057143044
0.047149412,0.076425724
0.04237796,0.030383442
0.04863512,0.03496965
0.048373844,0.045509372
0.059326366,0.03445908
0.07611498,0.053403374
0.03943141,0.053133655
0.046712838,0.044614073
0.05614358,0.052905407
0.044027094,0.055327483
0.050094042,0.057289172
0.03507102,0.06129659
0.054284796,0.057674807
0.04351438,0.041993693
0.28140488,0.4976791
0.06385248,0.04340816
0.060659453,0.027998522
0.04853737,0.03147254
0.04952316,0.040837616
0.15666926,0.07361497
0.049797174,0.031873837
0.037124794,0.058747225
0.053015158,0.10806731
0.04420039,0.05123003
0.058598697,0.031777658
0.048073348,0.026754007
0.04671425,0.058125995
0.045288224,0.03990428
0.05399955,0.10767621
0.039816808,0.03522963
0.03610508,0.029188184
0.05414136,0.052619252
0.048466194,0.06169689
0.038863737,0.05684917
0.05540159,0.049613647
0.047428533,0.055188768
0.04105346,0.034636598
0.05123297,0.048862923
0.052829508,0.046346985
0.040216256,0.035440844
0.06544261,0.03948964
0.059200685,0.052840702
0.04090889,0.058916982
0.047092028,0.036810197
0.060500577,0.0411239
0.05124847,0.030967457
0.05855485,0.044909388
0.04732397,0.06412472
0.044105213,0.05102921
0.03820631,0.050058957
0.045636576,0.04095067
0.04078545,0.03705354
0.122531734,0.02106487
0.039863512,0.032890398
0.046780232,0.030762102
0.071344055,0.03765876
0.16314793,0.049209192
0.049705382,0.036096565
0.039956763,0.03477207
0.045991782,0.052703384
0.05438128,0.036976904
0.04694618,0.06327561
0.03549653,0.03520765
0.06280525,0.035856806
0.04318719,0.039911147
0.12471158,0.041052315
0.030113181,0.047778264
0.051235892,0.050759953
0.042623598,0.07159612
0.05090902,0.03955806
0.06229156,0.056202497
0.0649751,0.044861406
0.027201364,0.06498161
0.03898546,0.057812516
0.042110346,0.063915156
0.044327267,0.042835325
0.064118095,0.04768322
0.046152942,0.03553394
0.052428205,0.09450474
0.041308988,0.04561633
0.040542115,0.029502876
0.056787368,0.034126543
0.0473538,0.047324974
0.05184189,0.033984568
0.043546118,0.02552513
0.049412806,0.037777223
0.061806448,0.05993364
0.040428735,0.2822001
0.05111279,0.04283823
0.061608974,0.053015422
0.06114422,0.0625093
0.04522786,0.04699134
0.05800989,0.06314894
0.060939103,0.02809831
0.036292423,0.030377025
0.060826384,0.05457978
0.042420294,0.030194262
0.05172137,0.0527433
0.062515944,0.06529643
0.05442604,0.0464344
0.046725433,0.063767105
0.039861444,0.034181822
0.042421136,0.049572967
0.029106256,0.034736503
0.057202496,0.04451422
0.047773235,0.04120651
0.048706714,0.05544069
0.04999141,0.072125636
0.027022824,0.037526403
0.04100355,0.057584528
0.054321848,0.038210414
0.0418687,0.042291213
0.046295565,0.06316654
0.06657224,0.04793591
0.048808906,0.029543534
0.054402962,0.043921277
0.04466482,0.051538087
0.03664131,0.0502137
0.030824738,0.0588577
0.03988328,0.06393558
0.055028956,0.03744278
0.046146024,0.054344445
0.026232425,0.06025018
0.03809786,0.038309228
0.038237847,0.0461567
0.042735517,0.050113976
0.04748896,0.060549714
0.047030292,0.053890195
0.056924447,0.03752074
0.04902312,0.033154007
0.05267006,0.056325387
0.049569007,0.047600135
0.66786957,0.0922207
0.04141172,0.040783998
0.11851568,0.036533758
0.033618793,0.052802123
0.04462165,0.044138446
0.040143568,0.0325641
0.06311516,0.05665633
0.033190284,0.041701414
0.031027483,0.058666784
0.83859867,0.69886434
0.042082664,0.040154416
0.04658559,0.04233624
0.046781957,0.3318283
0.04033593,0.03886032
0.042889733,0.0490136
0.040696308,0.044768814
0.04855184,0.025525272
0.037553627,0.038961366
0.036710814,0.036038708
0.045084435,0.031401783
0.46442086,0.037295036
0.04405489,0.04495811
0.046839107,0.04253741
0.036554288,0.057894927
0.041987833,0.07656463
0.049238026,0.036647696
0.045780722,0.05191738
0.039360706,0.054372665
0.04226238,0.050704036
0.038172837,0.03899155
0.0440262,0.04690948
0.061079487,0.053619843
0.05282539,0.037430704
0.04986331,0.06961796
0.047288507,0.06330837
0.04936618,0.06846689
0.03804605,0.03378467
0.04520056,0.04446965
0.060145725,0.052613042
0.044468347,0.05547606
0.05012935,0.047552
0.030058209,0.031099955
0.049513232,0.039465882
0.03969052,0.024633722
0.04493957,0.02380904
0.041144684,0.029678151
0.05221031,0.036897447
0.040099144,0.06421511
0.022394229,0.03188787
0.07072026,0.054640066
0.047177207,0.041187905
0.043970864,0.03169317
0.0390251,0.046000563
0.03763204,0.047800757
0.045637723,0.09556992
0.052337274,0.054461323
0.040895414,0.031456713
0.04653359,0.03236738
0.05908667,0.057309303
0.059329875,0.07387264
0.044964828,0.045000017
0.04328474,0.06986874
0.053952295,0.040223446
0.109905705,0.033123784
0.042000193,0.033214357
0.05082532,0.04684983
0.044270083,0.05358959
0.058336448,0.029416129
0.040416535,0.021584086
0.032118592,0.038640346
0.037423547,0.043051466
0.041693773,0.029897112
0.040719267,0.032948095
0.046236254,0.0451137
0.03770921,0.03896389
0.025180072,0.051054195
0.051642276,0.06445064
0.042331953,0.05399912
0.043514956,0.035319667
0.03921797,0.026033634
0.04397484,0.034950808
0.063326545,0.05120443
0.044692643,0.04610778
0.036100984,0.055499297
0.067842335,0.04344932
0.06127323,0.06630036
0.051760595,0.04352279
0.058043208,0.05493818
0.05201601,0.03284986
0.067099966,0.058447957
0.035176966,0.047218062
0.050400767,0.074565984
0.044573616,0.059045535
0.05410715,0.039683923
0.040527534,0.04488613
0.04331597,0.04617491
0.072590955,0.043692656
0.058354616,0.044599954
0.04446976,0.048210982
0.045518726,0.06822633
0.039477814,0.05083858
0.040171586,0.046423797
0.056267615,0.03476926
0.04474947,0.05084461
0.05490508,0.027652321
0.04376828,0.038995028
0.04367137,0.061926235
0.046622742,0.031240005
0.05465771,0.032317672
0.042633697,0.06529091
0.0552231,0.042370625
0.07291323,0.07279668
0.03327767,0.021803528
0.047208264,0.09471137
0.04145946,0.04066987
0.06441284,0.1646056
0.05415496,0.05184046
0.038398642,0.05243533
0.041697707,0.097109556
0.039989833,0.043750647
0.05556343,0.05652463
0.045795638,0.049033426
0.045867085,0.044651605
0.041050814,0.035613813
0.0632179,0.04549735
0.051771443,0.050712693
0.046059377,0.15274112
0.13950635,0.12495106
0.058735408,0.057542887
0.03619509,0.05202119
0.047191657,0.045221794
0.053891312,0.050116666
0.053064376,0.05807782
0.07419379,0.040025096
0.05244602,0.05294178
0.036576413,0.04131788
0.052257936,0.04891554
0.03997175,0.04701036
0.058058623,0.02679002
0.06859412,0.04973962
0.053810444,0.049938295
0.051421147,0.059923716
0.047708753,0.046823464
0.040675856,0.043418784
0.03139,0.038489837
0.047776874,0.029096354
0.04337869,0.030277764
0.04189961,0.036789976
0.048492216,0.055824555
0.047400173,0.033938687
0.0575339,0.060762554
0.04854387,0.042957712
0.045525387,0.045015536
0.05606828,0.039068114
0.06971915,0.039877877
0.04576394,0.048250742
0.047928352,0.057449635
0.04232519,0.028356997
0.04987928,0.04821212
0.043450776,0.08155214
0.057917304,0.037225306
0.06298532,0.056700226
0.038859528,0.039347492
0.06365255,0.04600793
0.047513165,0.07056097
0.0596918,0.06200989
0.05166215,0.031248825
0.051261112,0.03395377
0.046161775,0.03617009
0.05539198,0.050780326
0.0539721,0.037624978
0.04075417,0.042942192
0.066073194,0.055069484
0.048241097,0.05574757
0.05458439,0.06129633
0.057212938,0.03344613
0.060594555,0.038523443
0.0494854,0.02827142
0.03593665,0.059943434
0.030295828,0.07303033
0.038909532,0.046123434
0.050374564,0.035710517
0.030343112,0.073655255
0.048361342,0.055040475
0.037246052,0.06305571
0.04108163,0.047262195
0.059178602,0.0478149
0.4704189,0.06176505
0.047645476,0.051052313
0.033926584,0.044309184
0.05182019,0.07757474
0.052286737,0.059518736
0.099884845,0.053882565
0.056980584,0.046531364
0.09240037,0.03592836
0.043141223,0.034575667
0.059139237,0.054583974
0.059612382,0.054097503
0.03851061,0.036968432
0.039800663,0.058885157
0.048066393,0.08625407
0.039956894,0.073667146
0.059482507,0.041215535
0.05133256,0.037001155
0.05644992,0.037555214
0.047554415,0.060475897
0.047766916,0.06353663
0.05164983,0.06417364
0.051970072,0.0468815
0.07027817,0.029377613
0.042304076,0.03990367
0.06455419,0.04928557
0.055284593,0.042383984
0.04318377,0.04655779
0.03709795,0.030548159
0.046846014,0.055390786
0.112509884,0.052794233
0.051731847,0.045482352
0.04862568,0.053976953
0.039359346,0.092247434
0.044333097,0.05121829
0.03972076,0.04973289
0.13644224,0.040339056
0.05507481,0.049827754
0.042784657,0.046279613
0.02661424,0.034853876
0.04287809,0.042018108
0.046098225,0.03328707
0.04533416,0.033178028
0.035394985,0.045394108
0.06090781,0.050855212
0.03220802,0.038628485
0.049503934,0.045715414
0.032128256,0.053157635
0.04828549,0.05133353
0.0475481,0.035907224
0.03962398,0.06452572
0.051263213,0.0438289
0.040008947,0.0374449
0.04910468,0.045761187
0.029550463,0.03936594
0.0543386,0.047323685
0.0418157,0.034995127
0.03647802,0.02097244
0.14278916,0.04921632
0.041844875,0.035877947
0.02925479,0.040589865
0.18123953,0.036690474
0.06283823,0.039482713
0.05746304,0.04167785
0.045832254,0.031909194
0.09600337,0.0271882
0.04241418,0.04688891
0.036962587,0.046358723
0.038872145,0.04634954
0.051213726,0.03217948
0.07131514,0.07465449
0.06267397,0.039108314
0.0354323,0.05126686
0.05884389,0.06001568
0.052033138,0.066573486
0.06373532,0.050423585
0.03679516,0.038722403
0.03774316,0.029168926
0.029422188,0.03851376
0.017725054,0.044957828
0.039049935,0.043186225
0.04488328,0.05675708
0.059975814,0.0626008
0.038635366,0.05329047
0.043780033,0.041303363
0.06981378,0.040400676
0.040058207,0.042064097
0.04563401,0.037930608
0.039642323,0.032334033
0.06297258,0.05184949
0.05290352,0.04026697
0.03926575,0.062848486
0.04848246,0.042146463
0.0680463,0.06877479
0.03245455,0.034399714
0.054342274,0.053359155
0.039362773,0.072956644
0.044123698,0.053211693
0.042086456,0.050172165
0.06629042,0.07719356
0.038268134,0.06853231
0.042241786,0.057785235
0.032248583,0.04949198
0.04874057,0.04293181
0.0577608,0.034916088
0.054180827,0.02122374
0.048502993,0.063951835
0.047544327,0.034425355
0.03708057,0.029068451
0.04004181,0.044728857
0.034014337,0.07001857
0.0464782,0.056479078
0.042576447,0.060465906
0.050085522,0.09507132
0.05946606,0.027414693
0.053547412,0.042245965
0.05071956,0.047557443
0.05144667,0.04686493
0.049707167,0.05047174
0.02445221,0.030186754
0.08771213,0.056158844
0.044409066,0.028133633
0.06507756,0.028321194
0.054720454,0.26923764
0.042943932,0.038406935
0.05486376,0.026914068
0.044172473,0.04682388
0.042766772,0.047661208
0.040767524,0.043071665
0.04734882,0.0430775
0.039175503,0.03569279
0.055764027,0.051147006
0.058946773,0.060109276
0.041461527,0.03572407
0.048019167,0.048725452
0.040560953,0.049400438
0.04674903,0.029937595
0.04879973,0.067232974
0.04907218,0.034583963
0.019652488,0.032721255
0.048248176,0.06125178
0.07895289,0.049970713
0.053220317,0.06057472
0.05323229,0.08084306
0.15164499,0.024273138
0.05614723,0.045461502
0.080288984,0.044506703
0.03814992,0.03973715
0.04542149,0.05670274
0.03239434,0.03921728
0.04058218,0.043908425
0.028506383,0.041793857
0.040421057,0.043152213
0.049244333,0.044943992
0.041015483,0.06458533
0.060841292,0.067985535
0.060145907,0.04718512
0.04565701,0.033913985
0.07370061,0.070006564
0.051907387,0.04570571
0.02813108,0.024752647
0.051040612,0.04817391
0.057869118,0.04016801
0.05782497,0.052762404
0.03393421,0.028266514
0.057518486,0.033234205
0.04800405,0.038577434
0.058112063,0.046403904
0.04653871,0.034407187
0.040841244,0.03853681
0.046500966,0.03900906
0.034580737,0.049759205
0.028695634,0.041084576
0.042962704,0.038705233
0.054722786,0.03972237
0.046683807,0.05478217
0.04756629,0.032917395
0.06259908,0.085226
0.057480033,0.058732975
0.059210807,0.042610157
0.061263394,0.054363854
0.04358826,0.03428069
0.034119677,0.03623936
0.047507092,0.060951088
0.04062399,0.033573937
0.043510016,0.032156505
0.043487657,0.07838669
0.038294032,0.05762936
0.049779285,0.043527465
0.04114733,0.037684422
0.05528364,0.030600118
0.056326125,0.51006603
0.052671835,0.041562937
0.030749334,0.051546916
0.046742957,0.06303975
0.04791093,0.039077383
0.039489184,0.032190345
0.051111452,0.028709976
0.0491034,0.042018306
0.06676274,0.06271104
0.055195175,0.045391332
0.049690742,0.05063518
0.041728687,0.03834516
0.048264828,0.04257219
0.06561639,0.04976137
0.07158365,0.039658677
0.04412954,0.12228632
0.030237196,0.035378557
0.057249263,0.047617972
0.054260764,0.07490908
0.047160212,0.05113951
0.043186024,0.03680883
0.047294386,0.035178274
0.03862049,0.04037646
0.038314942,0.036542915
0.055243485,0.05398777
0.029999496,0.0486773
0.042913064,0.03978668
0.05188022,0.030324563
0.052912455,0.060039505
0.037965417,0.08473504
0.025660226,0.06301721
0.06972063,0.047080155
0.036093257,0.03698455
0.031535566,0.17672901
0.030657036,0.038927846
0.048515495,0.041960157
0.025027998,0.050734684
0.050081506,0.043032363
0.06350966,0.0699451
0.058885667,0.025867343
0.03905627,0.053653833
0.053545576,0.052834954
0.0913996,0.042350605
0.050219182,0.03460699
0.039868288,0.043998417
0.04264817,0.03620688
0.05022822,0.06234726
0.02546465,0.08066382
0.06099228,0.040880676
0.057248775,0.05616809
0.07065204,0.06865304
0.0399414,0.039721828
0.049639177,0.054648194
0.049232032,0.059123002
0.04205723,0.04275141
0.050746895,0.07037244
0.045937885,0.035065
0.13264419,0.022234881
0.053739127,0.047805805
0.048368998,0.049937554
0.03768245,0.033637546
0.05134126,0.06048018
0.039666425,0.04069516
0.032198153,0.03149243
0.057165846,0.03742217
0.056796454,0.04423655
0.04178987,0.041599378
0.051928446,0.056590494
0.048871566,0.03990944
0.025728745,0.03802366
0.03623164,0.060722947
0.053491894,0.047644965
0.029401796,0.02817899
0.040631145,0.033003464
0.047920562,0.21043633
0.041798055,0.052303564
0.043216493,0.06739486
0.051645838,0.040514607
0.050458953,0.06390211
0.0456139,0.021909378
0.032937232,0.044981632
0.02701605,0.020502472
0.053813666,0.04469237
0.048339978,0.04104471
0.14278488,0.046261188
0.047093112,0.034049183
0.040350646,0.033328813
0.047839247,0.049736254
0.059751164,0.06590749
0.14229177,0.048678983
0.046391714,0.035872336
0.059009317,0.04784275
0.032464795,0.07459401
0.039301626,0.02623088
0.09348462,0.035203673
0.06352089,0.06889926
0.055246707,0.05441496
0.043620374,0.03736481
0.038427763,0.037281584
0.059342183,0.0421274
0.064945854,0.035151355
0.055549923,0.05342261
0.04818278,0.05055933
0.042772368,0.05140975
0.04816747,0.036870528
0.049569774,0.0558314
0.025287041,0.040076334
0.047977947,0.04207402
0.04470695,0.038831435
0.021453317,0.030546367
0.037910305,0.045445085
0.042224403,0.040738244
0.049926694,0.03041046
0.032413017,0.041228913
0.047633987,0.06880756
0.115759514,0.052671142
0.33839574,0.072982065
0.046536986,0.03790748
0.033983786,0.035836007
0.046432022,0.056348406
0.03972825,0.034015913
0.046542615,0.030541547
0.059268422,0.036634438
0.035441794,0.04278293
0.04754694,0.041258793
0.041622598,0.026956802
0.05175964,0.05814014
0.043570332,0.038895287
0.038354367,0.06081235
0.029688027,0.034125723
0.04720207,0.031052576
0.039151907,0.04279141
0.04146088,0.027047375
0.038728405,0.0518635
0.0431418,0.045893803
0.051066987,0.064582355
0.039311837,0.049086366
0.0532599,0.06316961
0.048984822,0.066133425
0.048518874,0.039332367
0.04854394,0.028255386
0.027744329,0.016744683
0.061364207,0.10345523
0.03901773,0.055770762
0.06754151,0.07253075
0.056107257,0.055657554
0.13911282,0.031807452
0.044012714,0.029192053
0.04030637,0.040655203
0.035897803,0.038729563
0.04906122,0.04502393
0.03559058,0.047492262
0.04975656,0.0324223
0.0394435,0.030288443
0.89705884,0.97437245
0.04240318,0.062009826
0.029644363,0.037844647
0.03275222,0.029248318
0.050382067,0.03018599
0.043691732,0.049476527
0.05113089,0.037944052
0.0472296,0.07124883
0.043584913,0.07987889
0.039982278,0.03527386
0.05173717,0.04456513
0.053327277,0.11956377
0.046567358,0.02685541
0.04855529,0.0416509
0.040870782,0.05073936
0.04702806,0.066829525
0.045606926,0.031501174
0.048262656,0.053308725
0.04649259,0.040352106
0.051233795,0.038118407
0.0495124,0.04590786
0.047320195,0.030334838
0.04136125,0.049926426
0.056071807,0.031127913
0.037311982,0.04499453
0.07399891,0.04730893
0.047503896,0.026898209
0.046963632,0.060251776
0.05863086,0.060917687
0.028843865,0.06259665
0.052149802,0.06541007
0.053905223,0.038830966
0.033901952,0.037428442
0.0303906,0.061132297
0.03982275,0.054338325
0.044639863,0.03382254
0.047288384,0.029231606
0.04123242,0.03285893
0.05013012,0.028363217
0.028228661,0.039121047
0.065706864,0.03678157
0.13013677,0.05912143
0.05139702,0.061324745
0.050636094,0.04606461
0.03816597,0.02671479
0.030234449,0.031982247
0.03287048,0.03805409
0.03898539,0.047517378
0.04304423,0.044356793
0.041416414,0.045609836
0.03473056,0.056295924
0.054914046,0.052837096
0.04698894,0.054111253
0.060052797,0.056410484
0.037403133,0.04430689
0.04586619,0.071988165
0.05422307,0.053778693
0.052512914,0.047179744
0.04075513,0.069501646
0.054674327,0.04347236
0.047514502,0.07056386
0.03438231,0.035926722
0.07597786,0.06552854
0.05982379,0.056923557
0.06160222,0.057695396
0.03377541,0.01558311
0.047539093,0.05365851
0.059070222,0.049814466
0.030306172,0.053477127
0.029397333,0.025659595
0.052909352,0.027168058
0.032612287,0.057391558
0.03347759,0.045154646
0.079174824,0.030537274
0.054803617,0.045595057
0.088633746,0.05264546
0.07019818,0.0725977
0.048872903,0.054431573
0.04068998,0.054600652
0.056712653,0.06364946
0.052899405,0.0637181
0.06080572,0.04635374
0.037326574,0.032788448
0.027010847,0.047371577
0.048216023,0.050483413
0.03194218,0.03410748
0.053407434,0.042871043
0.046422422,0.024977246
0.034279954,0.04229012
0.03128673,0.04063249
0.042973056,0.03723228
0.07979466,0.030994387
0.06642293,0.062056255
0.04484276,0.043151952
0.03398216,0.07032561
0.07445148,0.036737077
0.038508926,0.026629366
0.032989882,0.049009096
0.05657509,0.039957073
0.03744831,0.047458466
0.031570215,0.055968344
0.04910468,0.0495322
0.06601677,0.04565939
0.040104125,0.033012524
0.042836547,0.039578017
0.042708058,0.034918886
0.038600434,0.04096243
0.04680612,0.049019568
0.057334196,0.04604321
0.059851576,0.05505401
0.046964653,0.043379307
0.046168234,0.035612173
0.04780101,0.041068207
0.045480292,0.096190326
0.060728062,0.076154366
0.038670048,0.087157406
0.03829753,0.046140175
0.037368514,0.048058383
0.03927577,0.041918036
0.053898208,0.04533251
0.055442356,0.043657593
0.04961485,0.0745617
0.06846637,0.049510233
0.0406545,0.032974478
0.0539578,0.049049754
0.047509078,0.03258409
0.047995877,0.041212823
0.0345506,0.04448867
0.048611213,0.054644875
0.147231,0.05432584
0.048189353,0.0448987
0.04104256,0.037991267
0.04994923,0.05546406
0.08765204,0.036390405
0.042643737,0.04994857
0.042459805,0.03328611
0.050263263,0.046816796
0.0332043,0.022404931
0.03709146,0.03531132
0.05970813,0.040739752
0.050184768,0.036380284
0.041418675,0.06251123
0.04537767,0.028459014
0.041860014,0.037178803
0.057066675,0.0453117
0.045207415,0.19383928
0.048216276,0.05538025
0.043711636,0.049823515
0.037802704,0.03426657
0.052538965,0.059532706
0.040889096,0.038813993
0.048705254,0.041620776
0.044546347,0.569148
0.04108376,0.040858403
0.028881222,0.04258941
0.030690754,0.0453192
0.042189524,0.049074147
0.049776174,0.040774137
0.03268918,0.053484995
0.049562007,0.03769192
0.04554089,0.041419063
0.05243321,0.040174067
0.05724827,0.0471315
0.043857608,0.05230188
0.052575614,0.05276597
0.03658628,0.03254891
0.05947685,0.058860216
0.04435203,0.024902042
0.044219647,0.04928679
0.043314368,0.04139563
0.04791239,0.0553185
0.05123786,0.08862342
0.04722385,0.05915483
0.06299112,0.04425305
0.041128825,0.04260364
0.039669264,0.047875468
0.027596118,0.04883958
0.037623037,0.04977184
0.048095047,0.051799014
0.048832167,0.030437268
0.04201886,0.048050515
0.037759364,0.04873035
0.038059387,0.07380047
0.06842413,0.05746837
0.04912513,0.048990887
0.05053341,0.04415556
0.060734008,0.038952176
0.041830648,0.05495431
0.049723208,0.05060165
0.05747896,0.029766528
0.034524295,0.045970004
0.03904547,0.036837935
0.061927624,0.047405526
0.05708152,0.04239782
0.037830103,0.041753527
0.06962827,0.069329284
0.031715605,0.035448723
0.04581164,0.06826189
0.03670251,0.055008892
0.19137259,0.040152162
0.035974137,0.041901402
0.06591365,0.037757233
0.03859001,0.03542668
0.05751226,0.053793773
0.06709177,0.057152618
0.034655783,0.052572254
0.05713871,0.036513932
0.063551456,0.05244003
0.035011232,0.047418464
0.043755695,0.0419679
0.044633705,0.03957474
0.04148041,0.031181553
0.03678575,0.034976155
0.038318634,0.03957358
0.03860159,0.033885997
0.041076995,0.1286395
0.05238959,0.04767736
0.049957685,0.03988052
0.039630175,0.040924985
0.055226244,0.054708876
0.03821997,0.08488122
0.050188772,0.031981625
0.047095545,0.06505735
0.04344956,0.04954947
0.052082237,0.04468059
0.043236036,0.044523817
0.06840166,0.035994105
0.03948027,0.08582683
0.039846458,0.04829553
0.18082452,0.048148815
0.028702002,0.22670129
0.033724193,0.032008238
0.044834305,0.06442526
0.049713273,0.04140127
0.04418525,0.035343636
0.061776493,0.05481004
0.031172916,0.07539221
0.03975712,0.043156344
0.04974434,0.41985598
0.04352042,0.03834455
0.034324296,0.031967733
0.047654096,0.05032533
0.050598644,0.021777438
0.042467013,0.042144846
0.06615983,0.05686937
0.04313152,0.055782128
0.04503361,0.026204266
0.031247163,0.019305052
0.04517948,0.043356966
0.03657694,0.030355724
0.04044281,0.04732954
0.042753913,0.056039363
0.057052884,0.035767175
0.043321244,0.045147758
0.065847814,0.04286772
0.042322036,0.047995605
0.051106177,0.030036572
0.023904692,0.052651428
0.046401706,0.041413225
0.042560812,0.04428794
0.053847212,0.032396037
0.034777083,0.04724333
0.055579573,0.04912696
0.039693948,0.06865408
0.05380222,0.04781717
0.038632132,0.03243137
0.041986413,0.04360159
0.032711104,0.032445326
0.033238936,0.05452502
0.13227427,0.058288254
0.058343038,0.045097508
0.07178471,0.11817995
0.061661277,0.0395162
0.053056903,0.04569078
0.051608317,0.04910263
0.0536404,0.037212543
0.058979608,0.03660068
0.06618151,0.023276228
0.05188517,0.03729811
0.06132598,0.06357827
0.05749054,0.054975424
0.0251676,0.042744238
0.048354194,0.04588963
0.047500256,0.04826869
0.08693599,0.05425338
0.042717967,0.039897747
0.034256186,0.039937004
0.06548528,0.04425764
0.12942466,0.03724252
0.04550976,0.066567786
0.048670128,0.04169639
0.051780086,0.03258457
0.04425886,0.031176254
0.050605834,0.03721616
0.031690367,0.046522927
0.05511188,0.049952198
0.04155701,0.028725944
0.037856277,0.041289374
0.046072498,0.05490003
0.045059886,0.064491056
0.03461946,0.024329502
0.043530248,0.05313346
0.029147923,0.0455384
0.04792389,0.04162919
0.0537509,0.062135667
0.050876997,0.048579678
0.047356933,0.048007585
0.04090457,0.035356436
0.053953625,0.046136394
0.05265782,0.06296796
0.040193927,0.046000104
0.042796616,0.053221047
0.05197045,0.036787648
0.046845637,0.0423167
0.030925198,0.03372168
0.072895326,0.046222124
0.057607215,0.037283834
0.051288806,0.047020458
0.05270415,0.049582433
0.06260552,0.038552757
0.069101155,0.06159022
0.029024951,0.034271095
0.030129425,0.030504813
0.05525707,0.04929571
0.04409475,0.043251783
0.04335196,0.04036837
0.039301172,0.12251731
0.047608312,0.040702157
0.046967532,0.04677756
0.04737928,0.047470577
0.04191558,0.059694134
0.041604366,0.03100464
0.05174219,0.035495546
0.030087363,0.4967479
0.05506552,0.032057345
0.038171284,0.022553058
0.051047537,0.054518025
0.035605986,0.04508378
0.05737869,0.026602622
0.04176147,0.040710308
0.04530226,0.055232354
0.044173956,0.04579852
0.06272956,0.053853866
0.048911143,0.069884285
0.051294513,0.03489108
0.041425765,0.040794116
0.06656865,0.043591905
0.1070184,0.042055618
0.042631123,0.05224334
0.04266573,0.05441837
0.042012677,0.023058131
0.06426911,0.04337653
0.044693485,0.030905597
0.053017873,0.04402777
0.07694369,0.034167692
0.03487462,0.04534851
0.049459226,0.038147535
0.062264446,0.035170667
0.06564791,0.03150132
0.037759487,0.04022106
0.035432238,0.057919953
0.046934042,0.036153946
0.1333593,0.047429897
0.03179626,0.032089595
0.046512607,0.05636517
0.045095395,0.024205014
0.058274023,0.049932394
0.045049824,0.046321694
0.056118168,0.029984701
0.033440627,0.030890578
0.037047755,0.040147487
0.051372502,0.043347828
0.0418186,0.047615282
0.04505534,0.5110301
0.04302231,0.043660957
0.042366765,0.066070735
0.062214877,0.02769971
0.057272058,0.033416618
0.05430471,0.05364107
0.043514762,0.040011764
0.053806964,0.057999212
0.05128207,0.06285493
0.040779833,0.039022002
0.041658737,0.035244223
0.040987246,0.04313711
0.048486475,0.06223578
0.0470085,0.059273
0.05283204,0.034261085
0.038813602,0.08418341
0.062043548,0.02694655
0.04844209,0.049056593
0.049248785,0.0394266
0.055935014,0.042865556
0.046307012,0.054569855
0.0493021,0.027974106
0.062373556,0.22252293
0.026162507,0.035594992
0.041695647,0.027582996
0.028667727,0.037219778
0.040148154,0.03425848
0.06935825,0.045334324
0.0442971,0.038847722
0.0514548,0.06024231
0.057321094,0.16635758
0.030922389,0.0535942
0.05261434,0.05927464
0.039565437,0.053206686
0.05048414,0.06172933
0.070759386,0.17857262
0.050810456,0.030287689
0.042487923,0.033321533
0.045289636,0.05517917
0.05132392,0.067539826
0.06330906,0.05059575
0.03778515,0.032893218
0.05728307,0.043837078
0.079964615,0.048666086
0.04450029,0.051365424
0.051830977,0.054621592
0.06646946,0.049107067
0.03425364,0.042379368
0.044327073,0.07623177
0.043485854,0.026385793
0.06199804,0.058303315
0.033474203,0.0406768
0.05985127,0.062013846
0.04002218,0.046153117
0.05594907,0.05247721
0.04459843,0.061777793
0.03879653,0.06762599
0.057618104,0.037628517
0.04336423,0.044608675
0.04407601,0.040342532
0.04512045,0.049788147
0.065244466,0.052006196
0.10780258,0.073955536
0.05712561,0.034446053
0.038485624,0.07702002
0.036523327,0.047469832
0.035647903,0.03921034
0.05074568,0.04349151
0.053311072,0.049102303
0.047850545,0.0548465
0.05559606,0.046745755
0.04370304,0.049687926
0.051381264,0.040708147
0.04813792,0.05829409
0.0459071,0.03855433
0.04607397,0.056051888
0.049716588,0.042616736
0.0492521,0.044647213
0.055618532,0.05543142
0.08349446,0.046984542
0.03429252,0.040096402
0.05124701,0.2982177
0.0612828,0.039667595
0.081783995,0.037721276
0.06543265,0.04897965
0.0366478,0.023738163
0.04442864,0.03991224
0.036746174,0.058084574
0.043814834,0.0464495
0.040644765,0.061824482
0.067707695,0.05473889
0.039941654,0.054785646
0.04602353,0.04454268
0.046751585,0.031597596
0.05185655,0.046420977
0.033528645,0.04902879
0.029356731,0.038334385
0.045642406,0.041262202
0.035069916,0.043376204
0.0466189,0.06217335
0.044273168,0.043443155
0.061659392,0.07945397
0.05277203,0.059768826
0.04701771,0.03587952
0.062447723,0.04342733
0.054076474,0.037843216
0.041587997,0.054736637
0.04860241,0.03956005
0.05380114,0.04559215
0.04419539,0.03811125
0.04892268,0.0541346
0.042549554,0.036858983
0.059677627,0.056608375
0.041192453,0.050904397
0.060315594,0.046018377
0.03777627,0.06216708
0.059588615,0.04095373
0.13333386,0.057063214
0.046719298,0.046002924
0.072703406,0.04564752
0.06260838,0.045285426
0.06015136,0.06255879
0.047205903,0.041926105
0.030887375,0.050763164
0.04526394,0.052779675
0.057473242,0.025318673
0.03308389,0.042581543
0.051651362,0.046085376
0.03931209,0.047335424
0.051568516,0.03190562
0.046956472,0.0609743
0.049388286,0.04636952
0.058182172,0.047153536
0.03714613,0.044925805
0.041170795,0.045515448
0.05589072,0.04045091
0.03946063,0.04870683
0.03637656,0.01922696
0.062010348,0.04969597
0.04159186,0.020448875
0.055579454,0.039334968
0.033886123,0.031486455
0.02736723,0.028941942
0.034289587,0.034059193
0.06294904,0.03571373
0.05110199,0.04045683
0.056206327,0.040101077
0.050282795,0.039804783
0.064140044,0.061096318
0.047375266,0.050615266
0.8892297,0.07143618
0.038303483,0.040960047
0.037290465,0.053063292
0.05206397,0.045446157
0.04011277,0.10142556
0.041310083,0.075735
0.04246225,0.04326378
0.06393178,0.044001654
0.043091536,0.044247694
0.045546204,0.028638607
0.045412514,0.034243193
0.051592954,0.027136078
0.057018165,0.100100145
0.037148207,0.04116351
0.038050454,0.05744804
0.04914858,0.038788103
0.05338173,0.0462825
0.032553006,0.024952382
0.04990958,0.030351177
0.036588684,0.029183768
0.073064625,0.061009057
0.047372773,0.05209667
0.050972376,0.04456087
0.038002204,0.05130828
0.8744209,0.078049384
0.058493946,0.03586153
0.044287667,0.040290575
0.042187586,0.03723781
0.045776553,0.043834914
0.046086125,0.043621898
0.063226946,0.047616288
0.050630372,0.038651735
0.038336046,0.04278151
0.04891535,0.034561623
0.06284409,0.06417548
0.05454293,0.070554264
0.056702577,0.038966063
0.064063884,0.033403844
0.025146214,0.025938079
0.04208151,0.034082104
0.043864604,0.062304612
0.05690147,0.03291162
0.03128163,0.070525475
0.057630498,0.049407497
0.041859496,0.054668285
0.040383045,0.032348327
0.044953674,0.041316807
0.043445766,0.041386735
0.057715636,0.05483404
0.04784218,0.03902009
0.05226606,0.052308768
0.033074368,0.028901745
0.040641855,0.035799135
0.057634715,0.062443398
0.042250667,0.051269483
0.048573203,0.06488961
0.026850164,0.049593516
0.05638474,0.03701591
0.04184912,0.045632657
0.052085917,0.04184481
0.03760593,0.039210066
0.041881196,0.04634294
0.04597437,0.04056853
0.06163094,0.26035878
0.057886865,0.051340766
0.04758284,0.023657471
0.036680505,0.05962108
0.048428442,0.041520227
0.051449783,0.028340822
0.042732302,0.028248338
0.060699813,0.04965918
0.03584759,0.042074088
0.06665732,0.032651033
0.04568825,0.036016606
0.06520905,0.046657972
0.038355667,0.03567212
0.03783412,0.041862994
0.056346547,0.06699917
0.04764286,0.036465883
0.059663206,0.03869119
0.042139955,0.0531511
0.039818946,0.15510313
0.032725796,0.039494276
0.063317984,0.0527031
0.04561288,0.039825615
0.034350865,0.035188887
0.06651691,0.036786556
0.04887118,0.04000735
0.047275223,0.04950219
0.036657862,0.04569963
0.056499973,0.060879346
0.04508098,0.037593435
0.05949273,0.04049994
0.03560345,0.0334705
0.06656206,0.05134022
0.041175246,0.057826463
0.043367,0.05371766
0.76256394,0.92583483
0.049860317,0.03910122
0.03405499,0.015160982
0.056214824,0.05838461
0.023790563,0.03673298
0.05154566,0.024985367
0.03551389,0.03239948
0.06097944,0.05315958
0.03822081,0.04558966
0.037948128,0.027038237
0.06173433,0.04366651
0.05314185,0.052135948
0.028770478,0.05673168
0.050675254,0.034927662
0.0552027,0.039610215
0.06509735,0.11054347
0.07768006,0.043266624
0.053218357,0.054736834
0.050189532,0.049558323
0.036884498,0.02727696
0.043181144,0.044588584
0.08902668,0.065072805
0.046333116,0.0359242
0.023680175,0.04648909
0.0535081,0.049836807
0.05015181,0.04244947
0.04310439,0.034137383
0.05482629,0.052202336
0.061003476,0.052811567
0.039456803,0.03746524
0.1362756,0.046620637
0.059026517,0.02877975
0.046400417,0.05227786
0.044565596,0.075020984
0.048836254,0.048699092
0.04501765,0.0345952
0.049848918,0.040386382
0.06281492,0.042293508
0.06285084,0.04939707
0.0331351,0.051177304
0.04598596,0.020707073
0.043061268,0.057122976
0.052938942,0.035241205
0.043426044,0.052041583
0.030263135,0.048850488
0.05836058,0.04859804
0.040393174,0.025134992
0.041807912,0.070289
0.04680689,0.053000864
0.04881203,0.05807622
0.04321546,0.05938319
0.039049093,0.035861738
0.041065577,0.03568985
0.09430227,0.04458231
0.030039268,0.02364335
0.034837276,0.0331268
0.15489358,0.5615588
0.039720494,0.041263558
0.07224604,0.03768428
0.046753768,0.04685306
0.043388586,0.04054357
0.034067698,0.031867784
0.04331276,0.056267112
0.10122858,0.04023208
0.0546486,0.0668229
0.046624154,0.04050101
0.046677034,0.043177746
0.050244756,0.036625214
0.04740599,0.04389981
0.04364105,0.041937515
0.04784965,0.054090552
0.04301369,0.04506122
0.058805194,0.04293616
0.042278595,0.058317523
0.15521112,0.43621433
0.053604007,0.038577095
0.061791986,0.065630496
0.023778921,0.06473854
0.043334164,0.05129969
0.037945215,0.05255586
0.03582556,0.035791602
0.056083225,0.03379551
0.040150993,0.045443665
0.040282167,0.06742043
0.0527437,0.05647746
0.04371408,0.06097098
0.034049384,0.03896014
0.086758696,0.04802931
0.054296426,0.04913179
0.03883573,0.057751838
0.055056434,0.043835808
0.03409394,0.02328249
0.05332044,0.05325386
0.056938563,0.0366101
0.070348255,0.04052923
0.07597382,0.02505182
0.065981224,0.03236903
0.045665707,0.03985923
0.076875426,0.05888085
0.04703726,0.06337625
0.056471173,0.06199966
0.040484942,0.05903491
0.041682832,0.032583334
0.05587425,0.062213026
0.035787944,0.049426164
0.031484954,0.045250453
0.05598515,0.05431876
0.050938953,0.045682013
0.037875835,0.04727096
0.045107897,0.03990754
0.05144096,0.063281335
0.057193045,0.04299212
0.056619465,0.04265584
0.04785584,0.053999797
0.048642576,0.048165973
0.039731223,0.04012639
0.040212058,0.04926736
0.1393754,0.06668869
0.07533359,0.042924095
0.07059347,0.09593683
0.03897091,0.040359322
0.0490683,0.0312283
0.039287664,0.049128097
0.22763237,0.052202925
0.053641472,0.058725346
0.04014428,0.03828973
0.07751226,0.0333698
0.050376154,0.063960776
0.046484724,0.043509584
0.044734076,0.053938657
0.042328537,0.046309758
0.04165532,0.037785422
0.051136862,0.05454596
0.047788687,0.07433743
0.05237526,0.09509303
0.06420249,0.03800661
0.035152387,0.03530358
0.04229417,0.026882418
0.045132376,0.050345857
0.05326268,0.05255894
0.030345932,0.055020563
0.048553176,0.04887744
0.13578983,0.051875543
0.03677122,0.040308453
0.03700624,0.034122977
0.041900065,0.042599313
0.0538486,0.047372255
0.06190142,0.078599334
0.051074672,0.04188186
0.06818107,0.08895709
0.036702376,0.02818556
0.04948858,0.050156865
0.0528873,0.032859556
0.051231958,0.03902868
0.048693135,0.058100443
0.05526774,0.042672258
0.053498983,0.02896777
0.06526207,0.049882732
0.0910744,0.045734867
0.043539047,0.037380245
0.050291188,0.03835539
0.055083774,0.043840136
0.05319251,0.055742063
0.04947171,0.051545452
0.05849934,0.053531293
0.04137279,0.03328707
0.043248244,0.037337303
0.044876426,0.059708845
0.09659719,0.03739971
0.04223329,0.059915762
0.05401429,0.04875468
0.04035826,0.0394038
0.044868477,0.06377469
0.07018713,0.07150305
0.035447065,0.03193981
0.044460844,0.041531898
0.058050387,0.05221217
0.055255674,0.030427279
0.03612534,0.08324101
0.057345025,0.051344525
0.039521623,0.03312475
0.24870265,0.031355254
0.03896088,0.058208294
0.055188544,0.056259047
0.052820127,0.0269255
0.05939891,0.038042556
0.046263125,0.05369731
0.06205586,0.17817901
0.04683579,0.050388373
0.04771884,0.04897447
0.046557195,0.050403934
0.05330651,0.059277765
0.038890902,0.04937377
0.04318815,0.040152643
0.03391108,0.032460652
0.04802657,0.05905395
0.048068438,0.043239582
0.039104957,0.05078542
0.042351637,0.03550773
0.07681657,0.056091476
0.029889394,0.03975844
0.053738303,0.035820544
0.056173716,0.038692895
0.046546254,0.054936428
0.031662844,0.04161153
0.041905604,0.030843059
0.0523232,0.038143165
0.05062013,0.10002919
0.049900413,0.0405877
0.026752463,0.040060814
0.053494874,0.04363584
0.052186012,0.03814173
0.030504486,0.054030158
0.041397277,0.04039047
0.04519979,0.04551733
0.04685458,0.052987747
0.06120486,0.038962524
0.04855267,0.04221049
0.07646468,0.048337173
0.041485623,0.06075158
0.04177886,0.05101266
0.033692513,0.051741045
0.051791504,0.0472011
0.058506135,0.039474405
0.03174992,0.03608296
0.05605536,0.0549335
0.048422065,0.043441825
0.060071357,0.04624932
0.0445017,0.045980453
0.053976145,0.04333325
0.04715082,0.04011979
0.11314637,0.04557001
0.046414744,0.042085826
0.050980955,0.039235737
0.030093852,0.12674613
0.037055667,0.04899572
0.049056128,0.05873219
0.052028634,0.05142075
0.0622322,0.04323099
0.03905013,0.0658097
0.042669788,0.038428687
0.034552354,0.051436488
0.060303934,0.057253957
0.050904952,0.045810062
0.05061492,0.036689796
0.052640703,0.054925498
0.05794448,0.06603783
0.04496707,0.050616927
0.042775847,0.028117457
0.033176847,0.059604313
0.041941725,0.06865474
0.04059747,0.0382647
0.048811838,0.04244947
0.045908954,0.030868884
0.048016105,0.049168207
0.043919697,0.04296217
0.05681345,0.05827525
0.058862608,0.050247513
0.051098876,0.03565741
0.051802423,0.0536024
0.059060182,0.040175576
0.040694047,0.031303275
0.047618847,0.046218213
0.03822159,0.05696251
0.037048142,0.046897262
0.048632313,0.050295208
0.05885482,0.033642016
0.05381538,0.07890035
0.04521498,0.03600525
0.03752272,0.04473408
0.049696095,0.02660588
0.040631857,0.032617424
0.044832822,0.0661562
0.045838144,0.02856233
0.03402822,0.032532208
0.047817983,0.033871524
0.059107333,0.04403665
0.048755296,0.033487998
0.053504113,0.04723013
0.044748567,0.051946893
0.04009669,0.051960815
0.044401046,0.05706328
0.03229253,0.038608443
0.036048833,0.051011175
0.04881841,0.055888057
0.062083866,0.030394327
0.054737642,0.032687657
0.06684425,0.0381431
0.054638684,0.08408708
0.030165788,0.04414848
0.045828033,0.043323915
0.03830465,0.045930266
0.060952064,0.04491553
0.058459632,0.03879341
0.05029996,0.042197328
0.038552865,0.047780428
0.052895978,0.052946653
0.049924403,0.033903703
0.039984215,0.028258972
0.05562541,0.054963294
0.041315954,0.037510294
0.056075905,0.045491077
0.041944947,0.047077205
0.039391927,0.15855464
0.045969382,0.029279936
0.05435169,0.028463025
0.060330257,0.04066987
0.042857517,0.064658426
0.046829138,0.04618995
0.03797597,0.04641949
0.056420796,0.038375568
0.04699246,0.0471637
0.058117356,0.07448504
0.056438074,0.03484243
0.040133297,0.039395977
0.044394314,0.048782595
0.03759724,0.052667666
0.051464517,0.034852706
0.044503495,0.07314081
0.046301194,0.041371256
0.07980312,0.03642254
0.047170177,0.03444201
0.036014933,0.046545047
0.05119588,0.04189775
0.033260264,0.06400992
0.027952783,0.038051225
0.055839937,0.056284204
0.028114725,0.051918235
0.058410045,0.05597794
0.03636864,0.03754047
0.060912315,0.27085063
0.04549029,0.03563284
0.04770428,0.04728145
0.05633438,0.040178284
0.05014672,0.049686372
0.03909675,0.032316983
0.043410752,0.03309961
0.053268258,0.049081996
0.041536525,0.041044578
0.031427216,0.12932266
0.05597953,0.05230623
0.028218865,0.036655556
0.040480036,0.040861793
0.041170277,0.062106878
0.05794359,0.056016214
0.07114589,0.041161478
0.03617508,0.055075407
0.03989212,0.060370557
0.046095658,0.4603443
0.033171423,0.058933944
0.88533014,0.17772199
0.05705534,0.044837624
0.04215624,0.037169993
0.04114952,0.041692715
0.05983338,0.032307222
0.049020313,0.040034212
0.033160605,0.043959223
0.04852091,0.027094875
0.05905063,0.041130155
0.05744152,0.051604517
0.047713347,0.034672853
0.03265876,0.038419615
0.05092631,0.044337735
0.04832575,0.020622697
0.049608614,0.06000488
0.056062296,0.043854825
0.04915756,0.036599234
0.045559913,0.05675334
0.0425769,0.03257667
0.054987703,0.07473782
0.058601655,0.041849423
0.07356153,0.043102834
0.044202387,0.032265354
0.05458995,0.041334733
0.058752444,0.051352963
0.08867583,0.04821332
0.053325247,0.032492414
0.041072868,0.037939962
0.061895054,0.051581893
0.03631099,0.025252178
0.06491876,0.044275086
0.03494742,0.044267237
0.040239822,0.03828891
0.057043556,0.059494626
0.03953882,0.059629627
0.04856275,0.03623465
0.04692541,0.02713891
0.042108797,0.036782872
0.046986,0.050472487
0.04050043,0.030714013
0.04639255,0.038103882
0.04280446,0.062014326
0.04791955,0.06307304
0.048244536,0.053692568
0.050702583,0.065194935
0.03779214,0.03778037
0.05050219,0.048618805
0.041062485,0.054429978
0.04977241,0.038272
0.058613844,0.04464957
0.045276564,0.026626537
0.059261266,0.044078924
0.04822317,0.067496434
0.055220626,0.04921833
0.049982317,0.045516673
0.065214284,0.043613307
0.046619415,0.040471915
0.054379508,0.066522054
0.054055728,0.039679967
0.06538501,0.07329375
0.051134836,0.06711327
0.0642689,0.059212495
0.04898411,0.049654413
0.042544726,0.05794651
0.048394512,0.045267656
0.06834807,0.05343304
0.033921633,0.036539976
0.0573359,0.029288637
0.04039815,0.051231097
0.051467825,0.06600717
0.049101677,0.048393197
0.032075476,0.049622238
0.046650425,0.025884261
0.05365995,0.06612568
0.028884567,0.031774357
0.06270908,0.06437089
0.04089599,0.042520665
0.04785597,0.039897528
0.059122708,0.050921775
0.051351037,0.06971243
0.06466062,0.0679901
0.05010708,0.07002744
0.03865646,0.028485617
0.042673968,0.059862733
0.03650522,0.049430996
0.05441441,0.027538218
0.04396547,0.038412597
0.05053475,0.03971612
0.036316242,0.042994764
0.076415904,0.0498838
0.05570497,0.042025235
0.038290016,0.045625966
0.05836711,0.06225578
0.045967273,0.051119532
0.05360286,0.03558582
0.055151045,0.039506603
0.044405732,0.06642052
0.038911145,0.024906829
0.03536384,0.046909064
0.8794306,0.07672211
0.04126361,0.034979783
0.045019384,0.036738377
0.049787883,0.043071467
0.06496459,0.050833747
0.046442762,0.03714712
0.06835929,0.057659592
0.04895671,0.053494614
0.052329283,0.044722974
0.056698155,0.05909557
0.045551904,0.040361833
0.059451763,0.03690818
0.039879523,0.026463348
0.057676107,0.03613433
0.051506802,0.045434285
0.049192667,0.068278834
0.041172214,0.056144003
0.05228623,0.05329255
0.05739305,0.042300437
0.06333028,0.039379146
0.03998686,0.05507827
0.038844522,0.042010784
0.09396932,0.03960462
0.053439733,0.03007746
0.053965386,0.05588327
0.07344639,0.057005595
0.040344257,0.057902817
0.055594865,0.04752096
0.04559072,0.052698556
0.045922585,0.052208412
0.04979393,0.04013264
0.32247242,0.036244288
0.05045508,0.042076733
0.038839288,0.03816983
0.06255018,0.045911554
0.036512945,0.04377902
0.042086203,0.03648146
0.03359624,0.045218974
0.045458645,0.16239901
0.058820017,0.039118662
0.04526195,0.032459415
0.04413673,0.030383091
0.049238726,0.05525926
0.045998313,0.038020797
0.048617773,0.076803885
0.04152963,0.05880572
0.04883593,0.04324778
0.04672282,0.054949697
0.053550515,0.049367998
0.056443308,0.05785562
0.041814413,0.04535264
0.05168462,0.04105334
0.04472549,0.036605597
0.028994104,0.02936829
0.05053596,0.04714875
0.038979895,0.019138914
0.03354181,0.042491376
0.04268349,0.0368514
0.051325634,0.039764363
0.05239016,0.03354785
0.042068113,0.030449739
0.040971965,0.034897648
0.054867674,0.033004217
0.117901295,0.021179149
0.05597833,0.047849633
0.051136162,0.03814099
0.035616387,0.032829467
0.05107734,0.04401234
0.06421743,0.06255945
0.045564458,0.036113672
0.040092107,0.047607806
0.052272398,0.048658542
0.046963762,0.0658719
0.03925334,0.051558435
0.0726216,0.049396478
0.03549594,0.05030546
0.041698933,0.052321423
0.046017323,0.04748
0.045118283,0.032044414
0.043207236,0.034811262
0.046432205,0.035025753
0.046416216,0.020930406
0.05776062,0.054385956
0.036722172,0.033085324
0.047983494,0.03856305
0.039056078,0.040631816
0.06261544,0.041794863
0.07484296,0.049957685
0.04790729,0.03880841
0.051617462,0.03301507
0.04288092,0.044770036
0.030565439,0.03657812
0.03505638,0.10987108
0.04323796,0.058337416
0.043596484,0.058609426
0.04378414,0.034190457
0.03387576,0.033464327
0.062630184,0.031327713
0.05341655,0.041703515
0.039642777,0.04481039
0.052589558,0.079667136
0.06604971,0.06472407
0.036910374,0.073073894
0.04517929,0.04054792
0.05328789,0.03700778
0.05584026,0.048222285
0.04131298,0.03970598
0.15090922,0.04438764
0.04089509,0.047821764
0.045115717,0.058442798
0.05030429,0.050399717
0.04462543,0.031894263
0.03929671,0.06217407
0.050884612,0.041949447
0.04774699,0.05440576
0.033345886,0.029571403
0.049347844,0.06362502
0.06634653,0.054446243
0.040983178,0.036403194
0.14002712,0.05582274
0.061626863,0.07779097
0.047183413,0.039799884
0.04788993,0.041555528
0.03791224,0.05873291
0.042569693,0.06498568
0.06430056,0.053666513
0.050432313,0.042645283
0.050575506,0.8955072
0.038265165,0.037728097
0.064422876,0.06948164
0.055385936,0.033515256
0.062614955,0.05962167
0.04566142,0.029475825
0.044708036,0.061102677
0.08463318,0.029292703
0.035293106,0.05201671
0.041818276,0.06501053
0.040412083,0.03685693
0.06897536,0.05681234
0.033209976,0.030443126
0.04782858,0.0376148
0.04571771,0.041145433
0.0724139,0.042325508
0.043861136,0.058073226
0.27878007,0.034367833
0.049376946,0.051745944
0.045442246,0.05937696
0.041160412,0.058606695
0.03730577,0.041817944
0.030191798,0.052312918
0.051332682,0.04482639
0.035883453,0.15957305
0.053277373,0.13197684
0.04001482,0.04097174
0.09827933,0.03829941
0.0450097,0.044134468
0.042287804,0.064107865
0.038786497,0.027474837
0.06748892,0.049204428
0.035096515,0.045497764
0.046170402,0.02878694
0.048262596,0.042110372
0.04987126,0.049165256
0.041482855,0.030804062
0.04724257,0.044243105
0.046269972,0.046179764
0.05126149,0.04626672
0.052231625,0.06850536
0.03788555,0.050765242
0.056613605,0.038743388
0.04528297,0.03803389
0.046046387,0.04300635
0.042489596,0.13554272
0.048074756,0.030155169
0.044677768,0.06191819
0.048897635,0.041641194
0.05379785,0.041978214
0.04939096,0.041109845
0.14162314,0.04479253
0.051553216,0.043600913
0.055868268,0.065749735
0.03778353,0.02964262
0.043730844,0.0346686
0.08831623,0.045504235
0.03708783,0.035784967
0.0435068,0.027518773
0.04928593,0.038546417
0.04354367,0.060275055
0.0407334,0.04555366
0.05824699,0.05217348
0.024505923,0.043935616
0.049025413,0.014924206
0.053433273,0.037661623
0.07254631,0.03716419
0.047127366,0.043443922
0.043710034,0.04326715
0.054453664,0.045406196
0.046656884,0.03927667
0.046917737,0.035632435
0.054764688,0.041562457
0.053614702,0.03764715
0.05333342,0.04714208
0.066523604,0.03707731
0.040194374,0.03414486
0.043394618,0.02807963
0.04693052,0.053943988
0.06280413,0.060242116
0.037822336,0.04683896
0.044437937,0.049623333
0.053655587,0.054917827
0.06488278,0.055899903
0.088028185,0.06367049
0.048798006,0.03176934
0.049293127,0.058466535
0.041668523,0.049278725
0.03172893,0.018106189
0.04679967,0.030595845
0.043884955,0.052170422
0.06416716,0.041345116
0.04691646,0.051571026
0.053243365,0.019923408
0.062259495,0.03710361
0.03282715,0.040145848
0.039191596,0.0417323
0.04735469,0.03484463
0.043507054,0.048280057
0.042801246,0.03451988
0.037204687,0.050324917
0.041316338,0.049922187
0.03232799,0.035800837
0.038246457,0.045845695
0.057108108,0.041351017
0.039327282,0.035203125
0.04282073,0.08039327
0.033816468,0.035150196
0.039299488,0.043773204
0.05074505,0.041223206
0.04481891,0.024725344
0.15095784,0.037162147
0.042168662,0.059874777
0.04690579,0.031493057
0.038012113,0.033377558
0.046690844,0.03671808
0.046339706,0.03673545
0.051266313,0.04583463
0.05549912,0.04697707
0.090839654,0.021498552
0.05336755,0.039228864
0.05159105,0.056190584
0.02830165,0.030302508
0.04917394,0.054294955
0.05402764,0.0520519
0.041284427,0.029582443
0.029591907,0.029093316
0.05175025,0.063409716
0.06439154,0.063431464
0.04760314,0.06805329
0.050926562,0.060010783
0.03762958,0.05082719
0.049144875,0.04684255
0.03688767,0.054946024
0.049055103,0.038108386
0.043371428,0.037289847
0.058115203,0.042771082
0.044184215,0.032966435
0.039642323,0.035951905
0.055864416,0.03537034
0.034146182,0.033487935
0.0314231,0.06799482
0.07666645,0.061971616
0.04128166,0.042348024
0.042761438,0.031203719
0.02465097,0.05607517
0.03810161,0.029489838
0.055017274,0.044450175
0.034685526,0.030343318
0.051220074,0.07268653
0.07270105,0.032631785
0.040121675,0.055787463
0.037752427,0.051090043
0.046546508,0.049047064
0.03449298,0.04665913
0.046574008,0.04975807
0.05521874,0.057326593
0.045126993,0.033084296
0.052769497,0.041518938
0.05613766,0.031083288
0.05446713,0.037606616
0.052613266,0.039021596
0.057880823,0.037903666
0.048090708,0.044204876
0.050871532,0.05939552
0.044182494,0.037135575
0.050075088,0.05142363
0.06766188,0.04262045
0.04314901,0.06409576
0.058435053,0.056476936
0.0434466,0.037342142
0.037975717,0.036779515
0.026076306,0.03742995
0.044249237,0.0239879
0.05555232,0.04445385
0.05132157,0.0411239
0.054584138,0.0410178
0.046400934,0.02440123
0.06667831,0.048585337
0.03412078,0.059059437
0.048919234,0.034112345
0.054411754,0.061990086
0.040857367,0.03292427
0.042823173,0.0528637
0.11718145,0.08147107
0.08230867,0.063306384
0.040771518,0.05125836
0.04008242,0.045007776
0.050837975,0.04097194
0.03697784,0.07835609
0.036686935,0.033755988
0.05047536,0.021480693
0.050535835,0.043694403
0.07380268,0.02994388
0.042230844,0.17024201
0.057772886,0.032485396
0.051738955,0.035687663
0.033207826,0.030955337
0.047054265,0.057961114
0.03830245,0.0379899
0.052743576,0.05329362
0.038276237,0.046156768
0.05412694,0.0793828
0.043438386,0.054144938
0.049927518,0.045892537
0.040122263,0.05389767
0.03469248,0.024035662
0.028980322,0.03272276
0.06608743,0.031704452
0.052891485,0.04614516
0.05294103,0.05185185
0.064044684,0.05283255
0.03268643,0.027053332
0.044908985,0.031719666
0.06083166,0.03837169
0.036568563,0.036289483
0.044481948,0.08676285
0.046737134,0.037282337
0.04604382,0.045669116
0.065603025,0.039929792
0.058879502,0.049506757
0.031251088,0.056148265
0.06872605,0.02943953
0.042361937,0.045622993
0.049568754,0.03582451
0.06669725,0.042251997
0.042646304,0.054759633
0.041032054,0.042949233
0.058563326,0.0339404
0.05890532,0.053421408
0.033347063,0.04106589
0.04665785,0.04087084
0.061488487,0.04525572
0.05229637,0.04136787
0.042900857,0.049058016
0.035888452,0.036111552
0.048805784,0.056520306
0.05637271,0.04044669
0.050883345,0.035343427
0.03829889,0.039725784
0.05004626,0.03388744
0.043728013,0.03384594
0.042489596,0.03726663
0.019560393,0.0431638
0.07339088,0.03468449
0.07033617,0.042683974
0.056251656,0.040568314
0.041613378,0.047895122
0.041751876,0.051073298
0.059177708,0.050106674
0.03580243,0.050335865
0.04094874,0.06685057
0.05124796,0.022332525
0.036150794,0.060098544
0.03069114,0.053876575
0.03708783,0.037689876
0.058156274,0.052707385
0.03464829,0.053240962
0.040363684,0.046461307
0.03912623,0.013120429
0.06391152,0.049731817
0.041165512,0.032179337
0.047323775,0.08106786
0.06795378,0.06757423
0.04488181,0.038873754
0.0540883,0.044091646
0.036527608,0.039401747
0.027974676,0.043060955
0.03269942,0.01840983
0.038913667,0.120326236
0.05595367,0.06715889
0.04364877,0.0419778
0.043163784,0.04609895
0.0295885,0.041663207
0.03455639,0.06327338
0.038648307,0.05097627
0.05698744,0.032074053
0.052899342,0.05130546
0.04871175,0.041979983
0.043092307,0.07347667
0.04477062,0.06672373
0.054518025,0.053696435
0.05638796,0.026931107
0.056350525,0.06929464
0.040935844,0.030365232
0.0395604,0.046182998
0.041130953,0.041170504
0.048889086,0.03401503
0.040026125,0.043151535
0.03729597,0.043233026
0.03842686,0.043009344
0.046814244,0.042208456
0.091295235,0.028724218
0.051711403,0.046095498
0.05159207,0.03739643
0.044575084,0.056346416
0.05480519,0.042696916
0.054704465,0.044846
0.0344437,0.037912127
0.062160872,0.055763353
0.04351824,0.036529243
0.053549692,0.05738784
0.04794061,0.041628517
0.07378922,0.064464144
0.04801783,0.028664105
0.05054581,0.063432254
0.06465714,0.056047954
0.03520818,0.046119455
0.042762917,0.03946855
0.049646873,0.047491584
0.037292726,0.033668566
0.039691422,0.05763959
0.053748496,0.681789
0.04408204,0.04346613
0.046308868,0.05617808
0.07054303,0.0312376
0.044565596,0.065229975
0.032911263,0.03810525
0.04983435,0.04750155
0.028770084,0.03169854
0.036620483,0.047145512
0.049588628,0.04080817
0.060382906,0.055033416
0.035928212,0.039557863
0.039787035,0.055940714
0.04655387,0.040638547
0.081011884,0.041169763
0.069419906,0.051794928
0.0466464,0.057934426
0.057861272,0.05372234
0.025257878,0.05418398
0.07619324,0.042797226
0.03889368,0.031159105
0.044692967,0.034174204
0.04061637,0.042581413
0.033280544,0.034588903
0.05117949,0.033094395
0.0904996,0.031440888
0.033592723,0.02713338
0.052269418,0.039326508
0.030900141,0.05106681
0.023675013,0.054485545
0.037640914,0.03694418
0.0490351,0.06830627
0.04925146,0.036391772
0.022581004,0.05295649
0.09948528,0.060003765
0.040768426,0.047495913
0.061094332,0.086865485
0.046587504,0.03600006
0.062876195,0.10373207
0.06451059,0.04482289
0.050226048,0.043306712
0.04463345,0.041319933
0.051692866,0.03205274
0.044386353,0.04830563
0.043628596,0.048106145
0.051720105,0.045680854
0.04064308,0.35491413
0.059678134,0.029513238
0.04786312,0.029184392
0.06057326,0.053585526
0.045792565,0.0404367
0.044657376,0.046129905
0.04447932,0.041821398
0.06227412,0.06441682
0.039254952,0.02293642
0.056592554,0.03661954
0.06047928,0.05662407
0.050169565,0.025645299
0.06579821,0.069145516
0.040541984,0.060029384
0.05907154,0.053420752
0.046791162,0.06714055
0.055391856,0.060548052
0.05120814,0.05001736
0.035190422,0.048645582
0.05510797,0.0463822
0.05019513,0.029138334
0.060366113,0.05076618
0.053756017,0.048048023
0.040589854,0.054594927
0.04418153,0.027025156
0.05150795,0.033167526
0.04314174,0.045516673
0.03688683,0.033491433
0.023971274,0.037001975
0.030625349,0.022274401
0.07529067,0.048699833
0.05573318,0.061640672
0.04036988,0.057868823
0.028077194,0.03234387
0.0423389,0.040638547
0.06850651,0.042597674
0.046522394,0.044093262
0.026913237,0.07433568
0.034136537,0.03855112
0.047973413,0.05630742
0.039530545,0.058355406
0.029349644,0.03604944
0.039576937,0.045284618
0.057040025,0.048843887
0.040438347,0.053213574
0.04424577,0.03270971
0.051786806,0.042710006
0.03590716,0.04450515
0.029688483,0.032007962
0.04767325,0.027730498
0.054440014,0.051172867
0.051493153,0.02867322
0.034571365,0.04080118
0.04764375,0.09098014
0.38096383,0.8512193
0.038544267,0.035928022
0.04188731,0.034311414
0.049780503,0.06353273
0.052033897,0.04541518
0.12965128,0.034542013
0.05356602,0.056539256
0.045401372,0.034296464
0.052526798,0.039428588
0.05295706,0.033270862
0.03983309,0.035380676
0.0767048,0.06496115
0.03630449,0.038098015
0.044694375,0.04038271
0.049664326,0.034604248
0.044424076,0.043293774
0.040588375,0.058343537
0.07196773,0.02813619
0.05907166,0.052468773
0.036788285,0.0282352
0.04076881,0.032826506
0.045180444,0.04808746
0.04737405,0.04278225
0.047928542,0.028331423
0.0637615,0.048514735
0.04609073,0.040684145
0.043457653,0.027863795
0.03589547,0.040597014
0.03226745,0.054361474
0.0487428,0.04454255
0.039390244,0.037377927
0.049924716,0.07937705
0.044555068,0.06279346
0.04939007,0.040463347
0.046911407,0.05673426
0.04475466,0.049276497
0.06303014,0.044630095
0.04638993,0.035815068
0.050851505,0.048558626
0.062104613,0.04850505
0.035442125,0.051042195
0.05920446,0.04201933
0.061776858,0.051352024
0.03186553,0.038794298
0.050372344,0.06436576
0.044066254,0.035656866
0.04220677,0.023766961
0.04521139,0.0452649
0.038025264,0.058948677
0.039804213,0.049115263
0.029418252,0.04178074
0.041324846,0.046411533
0.058754392,0.045700505
0.04625992,0.042870563
0.053589817,0.043698817
0.049871005,0.024930306
0.036348123,0.046264227
0.054122522,0.03947032
0.04245086,0.03418038
0.06036567,0.041917622
0.036103062,0.08100029
0.048592776,0.05127558
0.040717855,0.05742605
0.049264207,0.03106663
0.05168601,0.036606207
0.03685569,0.04179847
0.038919754,0.04508885
0.04786325,0.0490851
0.045824252,0.035180263
0.06579478,0.050047766
0.045529485,0.03468197
0.03941318,0.050620425
0.05148064,0.035461042
0.048448216,0.039921004
0.04567948,0.071577676
0.04737782,0.06546985
0.040228717,0.050795276
0.047797814,0.04771896
0.04355563,0.039123025
0.04150135,0.058253016
0.046773832,0.037773408
0.037651673,0.04442672
0.04620995,0.022499766
0.039234325,0.031403027
0.055552702,0.052581478
0.04119516,0.05844883
0.045541845,0.02832188
0.038546912,0.0282345
0.03671185,0.028657744
0.05139702,0.05058025
0.049620844,0.04688176
0.049902197,0.041975636
0.03523842,0.08562457
0.056980196,0.036957633
0.039841164,0.045223087
0.045128595,0.03116399
0.045952354,0.04626827
0.05153024,0.062205352
0.0439143,0.037324537
0.031913362,0.033793926
0.048393235,0.049675092
0.050875656,0.0319288
0.050934117,0.041711513
0.039190307,0.05826928
0.07506262,0.032712664
0.038556688,0.047023956
0.061969463,0.0595879
0.03821298,0.032046206
0.037310038,0.042364504
0.13842262,0.06794131
0.068814695,0.018658312
0.04952151,0.067290656
0.039381646,0.046994794
0.04361434,0.047647066
0.059705228,0.038882542
0.07678599,0.043122683
0.04150998,0.14323297
0.038224176,0.06596345
0.057185985,0.054344118
0.069236755,0.05362098
0.062752664,0.0259749
0.040521793,0.043269947
0.05729045,0.06295247
0.056583792,0.05640655
0.047956053,0.052081607
0.039807446,0.06952888
0.05019443,0.027281385
0.043022946,0.04786067
0.04306583,0.037802134
0.052340258,0.15655105
0.04895149,0.041312043
0.8135812,0.90967655
0.0534874,0.038411908
0.047147565,0.44462907
0.0338469,0.0516972
0.050284315,0.048660904
0.044256873,0.05023101
0.040254414,0.04392121
0.03630956,0.04212124
0.058403574,0.06336386
0.038570084,0.0408779
0.047422145,0.03739984
0.053301062,0.04436193
0.048260175,0.04145539
0.10186045,0.04199172
0.04752447,0.06298095
0.05279136,0.056739528
0.053023644,0.056774568
0.04862938,0.041338798
0.040258795,0.057126496
0.036998596,0.10360002
0.038297664,0.056931797
0.043009896,0.05262889
0.04454064,0.031761426
0.051200066,0.03944765
0.047969136,0.04436241
0.050554138,0.066871166
0.05483008,0.032874256
0.025823364,0.9184899
0.034877483,0.062014263
0.041733004,0.041905817
0.024956508,0.08047741
0.056038566,0.039975915
0.048278607,0.04682421
0.03992764,0.05004971
0.051280357,0.033263452
0.028444255,0.05452749
0.030685054,0.047658302
0.04637246,0.043777924
0.07194321,0.059795734
0.042798612,0.05782786
0.037056316,0.032910038
0.06432997,0.052752174
0.047283974,0.042748634
0.041620538,0.03950094
0.040181007,0.04947209
0.031339847,0.037884768
0.0469506,0.05265558
0.06720532,0.04513906
0.057143234,0.05668525
0.051046208,0.035632294
0.042130496,0.059762157
0.05007082,0.02783938
0.040485077,0.0446205
0.029229602,0.025396053
0.07002192,0.023134157
0.044829678,0.042384792
0.039647494,0.05289111
0.053446688,0.026270192
0.04783745,0.04449866
0.041455403,0.041441884
0.0515993,0.043564234
0.054148763,0.027336765
0.044011556,0.057181995
0.056430124,0.06746382
0.03728651,0.03262443
0.047697384,0.034154665
0.04230305,0.06918252
0.04307328,0.044530246
0.048002254,0.030509917
0.052964535,0.05782773
0.033034507,0.045508433
0.036948644,0.044202056
0.10975005,0.040899586
0.048069645,0.03579119
0.052946474,0.06681411
0.041263223,0.16963482
0.045712262,0.02937064
0.0304405,0.032155685
0.054885305,0.046988785
0.04609809,0.01818006
0.040478036,0.03451706
0.038035557,0.060633194
0.041657835,0.044223957
0.036478996,0.028518032
0.026985973,0.042508405
0.047875054,0.043753576
0.04331597,0.046010356
0.04478364,0.05753294
0.055894695,0.05726764
0.054236863,0.09701716
0.04602219,0.04303704
0.029560167,0.038955715
0.050202645,0.035812337
0.035435617,0.028730294
0.041985895,0.035782225
0.04001366,0.0449208
0.05470124,0.053666707
0.0389072,0.03450384
0.06297808,0.031678036
0.052609716,0.043986503
0.062849216,0.044914044
0.05122484,0.045856293
0.042837966,0.038362473
0.05020951,0.10994247
0.03455997,0.053745314
0.0606079,0.029913256
0.040538505,0.07399477
0.06758976,0.048890468
0.037041917,0.029920567
0.042252727,0.045814652
0.04638904,0.061238248
0.055514455,0.11925276
0.06895469,0.05825328
0.034980275,0.029096486
0.049917396,0.04289686
0.049604863,0.036064632
0.036892347,0.041404396
0.042060964,0.03774802
0.025702491,0.05719216
0.20653377,0.042963136
0.044769406,0.033457868
0.056445315,0.04322673
0.049807873,0.064768925
0.046867236,0.047302548
0.04081854,0.038837437
0.050163075,0.045782585
0.052004714,0.038824692
0.046203166,0.05138525
0.04957067,0.045510925
0.039898194,0.04741879
0.071887195,0.047469985
0.05079838,0.04666715
0.054263674,0.044274822
0.05800591,0.039687596
0.047353994,0.030265972
0.05284003,0.04673887
0.04534871,0.03448526
0.05037577,0.04419657
0.034088727,0.033903014
0.04744565,0.10951538
0.045011435,0.040055655
0.04731777,0.06053052
0.03733798,0.04724757
0.041902572,0.055466134
0.04574307,0.034968484
0.028963389,0.07615406
0.058219388,0.041659314
0.034509785,0.03527585
0.046460163,0.067437
0.0569805,0.07343735
0.053813983,0.0461094
0.035164088,0.034776244
0.030107087,0.05183108
0.04490252,0.06214675
0.042494096,0.045087494
0.04879106,0.02663422
0.06326495,0.04380256
0.048582513,0.055207696
0.037458226,0.034699235
0.057602488,0.024859678
0.053811323,0.05533861
0.03682915,0.04099253
0.04823618,0.045755852
0.048412755,0.057742678
0.05198428,0.07543492
0.03704931,0.032109544
0.053597737,0.031778075
0.04744693,0.040471237
0.04520838,0.04160482
0.0356223,0.037324056
0.060842995,0.057836626
0.041472934,0.06282479
0.050542507,0.083089635
0.043267522,0.034925815
0.057461537,0.07679903
0.034879174,0.039009128
0.04334919,0.039017707
0.052947175,0.030290235
0.0786412,0.052050218
0.055962697,0.04417945
0.03794417,0.03777552
0.052770317,0.033105444
0.039740905,0.057292297
0.044593684,0.05072797
0.04557983,0.043092605
0.043546055,0.03684518
0.053608306,0.0387695
0.060255606,0.0328228
0.04991912,0.038029805
0.053346027,0.05358878
0.047198553,0.046608765
0.054198664,0.037281167
0.04437288,0.040310226
0.04273783,0.03394486
0.05559089,0.045112435
0.04384649,0.04586377
0.06306186,0.041923806
0.046263896,0.03345918
0.46804494,0.9108894
0.06413349,0.05456391
0.03101577,0.027949767
0.044371985,0.04633013
0.055475067,0.061519004
0.04870704,0.061965276
0.051382795,0.13770859
0.05504311,0.043891285
0.037036076,0.045646973
0.04354348,0.051432464
0.08845943,0.040698767
0.040327992,0.044208262
0.04070869,0.04166041
0.041384004,0.039511915
0.041673806,0.04835842
0.046119213,0.040738724
0.04220374,0.056009613
0.052318506,0.05065127
0.033565477,0.04245876
0.047420036,0.03177463
0.037835933,0.047225952
0.060640432,0.05699058
0.04673452,0.03649349
0.04503137,0.05375185
0.04972824,0.05631461
0.045100458,0.059856698
0.03985033,0.05048704
0.0279447,0.040026058
0.06292726,0.04771109
0.048998196,0.062803894
0.052477345,0.056606058
0.0479766,0.86654776
0.061789613,0.059712145
0.05205864,0.055488452
0.034690402,0.06217335
0.04570612,0.048357677
0.04202453,0.06131397
0.04542315,0.04881512
0.07200802,0.05780668
0.036858477,0.02493517
0.053110484,0.041676432
0.042736746,0.053114332
0.04351233,0.038764592
0.047691066,0.038191866
0.030851254,0.048620354
0.046664815,0.06032966
0.051854525,0.04056757
0.040884066,0.050521035
0.031922843,0.03716842
0.06662298,0.050726637
0.047057774,0.06646843
0.030539246,0.038722675
0.057950262,0.038780943
0.05639376,0.05637796
0.085280806,0.03528619
0.03580743,0.055677183
0.050305184,0.043972906
0.044273492,0.04322319
0.028960895,0.06958228
0.03583778,0.03361216
0.04877818,0.051958542
0.030135388,0.044050377
0.034764457,0.044466287
0.03469737,0.042319544
0.04058308,0.037715405
0.060234614,0.060181413
0.04618033,0.056032173
0.04482045,0.056144003
0.036237687,0.07158639
0.03641421,0.057393283
0.051116783,0.040863235
0.036577,0.048079915
0.029415172,0.040306684
0.06653716,0.048258614
0.032999605,0.05178142
0.046169005,0.03602722
0.048174933,0.059749763
0.035918277,0.034473673
0.03916289,0.04576228
0.062072914,0.048882753
0.031652067,0.02676405
0.05370843,0.03681963
0.040074613,0.076278895
0.0318324,0.033099882
0.04510341,0.037167612
0.04173842,0.07365038
0.03498418,0.0434926
0.056390982,0.036692593
0.038194466,0.042061258
0.05766321,0.045357756
0.040905148,0.039335843
0.043019213,0.06709478
0.0734989,0.051126897
0.042155087,0.044424295
0.026417892,0.04010156
0.039014302,0.046508826
0.06058616,0.055164855
0.04365056,0.038206458
0.05081941,0.07699292
0.047483273,0.8274676
0.059571538,0.041813333
0.07725836,0.0450525
0.034507766,0.036377214
0.06732232,0.03251248
0.037482403,0.033511136
0.057861127,0.0500952
0.04914246,0.039216537
0.038708743,0.037796263
0.049022097,0.030791733
0.036932886,0.0409167
0.040799446,0.056055605
0.052754164,0.024265772
0.041717228,0.0498158
0.06659696,0.06331727
0.043120213,0.027187862
0.04995234,0.06407746
0.07660587,0.041806273
0.029832963,0.04936826
0.048629828,0.09205982
0.055646095,0.061187863
0.053258758,0.046405807
0.0708864,0.052679908
0.16996872,0.050895214
0.048259016,0.0536525
0.060922638,0.050533645
0.04468091,0.038502447
0.045135967,0.024377253
0.047853738,0.0816269
0.052256476,0.037752185
0.042712044,0.03415123
0.03811599,0.03360393
0.039914336,0.049377136
0.042390637,0.030693904
0.038772922,0.054620653
0.04981366,0.03656247
0.025997272,0.036830284
0.047290362,0.046003472
0.047460344,0.043021936
0.039990023,0.042655297
0.025349071,0.036486387
0.05977901,0.39890036
0.04433041,0.047484785
0.04838137,0.046522927
0.030197436,0.042809095
0.05998847,0.26836932
0.049416687,0.0600785
0.05488782,0.046638824
0.035557434,0.044988997
0.047632385,0.043069433
0.059131004,0.085300446
0.047845047,0.012474978
0.056574907,0.055645816
0.064961284,0.04304139
0.05293571,0.037142057
0.14584263,0.048667636
0.041525636,0.040311318
0.043392185,0.037692606
0.020784026,0.03375976
0.053231206,0.052757397
0.04748819,0.034115437
0.054651197,0.05839906
0.043224335,0.03851527
0.04495117,0.038949713
0.045944415,0.030419005
0.04867133,0.029018592
0.045396563,0.4003031
0.031248927,0.03353495
0.044076394,0.056964587
0.048388124,0.0680846
0.062544174,0.029739968
0.05106101,0.06384589
0.045727827,0.028856639
0.06254917,0.038293336
0.04615704,0.060065582
0.03332743,0.032626495
0.05458129,0.055742912
0.052679814,0.035067055
0.04247332,0.04368804
0.04874624,0.06191133
0.03475242,0.039813984
0.04020806,0.067858726
0.035075117,0.032799367
0.0637206,0.060446322
0.0755265,0.06451
0.0550757,0.037751235
0.057085678,0.031340383
0.069678426,0.056705404
0.04710801,0.057300996
0.054277707,0.06332215
0.044560526,0.05571063
0.065479435,0.042386957
0.046615776,0.04865002
0.047456957,0.045969874
0.04359828,0.11735342
0.048711184,0.05952689
0.04433984,0.03673039
0.05050296,0.037381545
0.034953535,0.042802997
0.04002005,0.033078186
0.032383114,0.05522536
0.056265526,0.038286656
0.048683573,0.057382792
0.047189474,0.04226529
0.043838594,0.042850845
0.046392485,0.04823096
0.07124588,0.06496602
0.023039358,0.016389694
0.031221783,0.043148957
0.04298212,0.060245678
0.05711107,0.054239895
0.054430533,0.040093407
0.064391665,0.040279362
0.055519503,0.036687613
0.05640019,0.04865553
0.0680901,0.05980168
0.059544057,0.05824871
0.046271693,0.18271221
0.036837325,0.044101592
0.062009335,0.060735777
0.031312965,0.0434244
0.047964986,0.042674225
0.029078562,0.04560492
0.053095732,0.0662848
0.05438134,0.040472943
0.05851946,0.04526274
0.73020494,0.9237016
0.06385447,0.036460005
0.04813997,0.29438767
0.045137122,0.045567364
0.045327306,0.029596115
0.0380546,0.08430589
0.052495666,0.053098574
0.045196142,0.041773286
0.046593193,0.0363245
0.04820428,0.027876243
0.033047426,0.05568864
0.06329067,0.8738069
0.055613484,0.04234221
0.04646343,0.037963834
0.05753743,0.050307274
0.04794195,0.04150298
0.034849048,0.059741415
0.046007145,0.053889778
0.0484616,0.030540781
0.038126152,0.037922695
0.24413058,0.03434171
0.053967606,0.04997629
0.05897127,0.03781189
0.0449931,0.04217184
0.044628963,0.040992334
0.040704817,0.06324549
0.057257637,0.04548174
0.057358433,0.03674466
0.03751403,0.043396115
0.029279849,0.050149694
0.04391064,0.5036221
0.054372367,0.04283152
0.06766646,0.046739288
0.04676252,0.034795567
0.041503854,0.039264277
0.039882172,0.034768846
0.027929187,0.02241713
0.041373175,0.041451722
0.03581094,0.06661896
0.061793994,0.027463831
0.06315773,0.040775076
0.056772258,0.025870118
0.03864792,0.046559148
0.046881817,0.047064394
0.068071775,0.060429577
0.04912347,0.041985143
0.05548018,0.04443673
0.045750044,0.048955586
0.043772772,0.05224367
0.045971815,0.07266765
0.042561907,0.048745673
0.05403871,0.06374037
0.05955365,0.040176515
0.07300208,0.054767635
0.045733396,0.033832002
0.049388923,0.049453422
0.05121093,0.042275123
0.062433645,0.06796673
0.040615663,0.060657937
0.04496707,0.043121044
0.038131595,0.05074266
0.049082886,0.04467493
0.03995922,0.06214338
0.043739572,0.028772635
0.044288248,0.040728934
0.047623646,0.05508461
0.06208993,0.03519115
0.041469447,0.03243041
0.050016284,0.05146722
0.03812162,0.03617857
0.05252622,0.04466647
0.040436413,0.05233506
0.044735678,0.05384606
0.04720283,0.041790795
0.06824848,0.06307575
0.038602754,0.12013138
0.049901232,0.05388497
0.03873164,0.05652616
0.038360067,0.051393423
0.0377236,0.050313722
0.042355306,0.052549172
0.0910324,0.044372424
0.053305686,0.044176195
0.05539553,0.041743428
0.04743262,0.5398475
0.05898551,0.026829781
0.059847943,0.051373117
0.031595778,0.05280313
0.058436126,0.04589092
0.039477106,0.05106613
0.027406503,0.03686021
0.035279457,0.034124825
0.049753122,0.039179344
0.04433984,0.03673039
0.03355863,0.051074438
0.033008154,0.04123639
0.05985991,0.05604284
0.9100602,0.9426492
0.04384065,0.037397448
0.044711504,0.04225803
0.04964885,0.050001513
0.048547886,0.06344088
0.04559283,0.038822375
0.04713056,0.18591821
0.05673596,0.033894576
0.036214303,0.042789575
0.06589134,0.06994582
0.050684664,0.02491295
0.08089829,0.057849567
0.06277422,0.03855092
0.05651944,0.066636264
0.028257044,0.054437585
0.043338727,0.050183356
0.058920022,0.047535826
0.071471706,0.042430893
0.058784343,0.06367417
0.05344485,0.048981946
0.06875955,0.06436464
0.03752933,0.06773743
0.037241966,0.03897308
0.039537005,0.058259334
0.061146293,0.038302474
0.051233925,0.05912329
0.07458369,0.03869194
0.04492598,0.052399218
0.05218938,0.019831251
0.09531235,0.048525073
0.060753293,0.029683737
0.058454785,0.039441116
0.04398575,0.03393992
0.039647553,0.05939425
0.05171979,0.046371203
0.054051112,0.029807437
0.047075987,0.043419812
0.049698763,0.056453526
0.059381083,0.03998068
0.047241487,0.05991644
0.05711119,0.049781088
0.49774703,0.046560634
0.042107772,0.027271768
0.04583411,0.03558165
0.023581225,0.057766568
0.037414927,0.04458561
0.03802921,0.03539389
0.040935528,0.03849836
0.05479097,0.0563194
0.03545317,0.04249205
0.05699121,0.04717408
0.034596555,0.03961933
0.04251527,0.050773896
0.054354023,0.042690553
0.05135726,0.046036873
0.07615828,0.04767636
0.06201623,0.06835634
0.07711234,0.035047535
0.050610214,0.038524743
0.11366434,0.038055453
0.04910047,0.06357694
0.046755996,0.037269223
0.04487379,0.052946653
0.040962998,0.05546419
0.06338838,0.03614246
0.04064321,0.049076617
0.8087495,0.075284205
0.03298982,0.048680272
0.032958437,0.0571437
0.05100878,0.53701216
0.055255674,0.04242969
0.035168704,0.036821812
0.040159896,0.06279334
0.040156864,0.04837888
0.037708562,0.028734371
0.045165576,0.07771621
0.05892272,0.067503914
0.050037865,0.036490694
0.036165476,0.041318554
0.043142643,0.02962992
0.06890371,0.040813483
0.044245575,0.039387584
0.03075857,0.029665736
0.046156075,0.039212175
0.05214764,0.03131836
0.032216314,0.024242
0.060493317,0.08071589
0.057508163,0.06646207
0.049964428,0.044714995
0.06597319,0.060405094
0.036904536,0.04448338
0.045616396,0.041142657
0.047498796,0.041138437
0.056816734,0.03945467
1.0,0.8883071
0.05962218,0.061770666
0.04744782,0.054037172
0.046695583,0.057880193
0.014162127,0.025120905
0.04694919,0.057001855
0.056885347,0.054983426
0.03968264,0.040889464
0.044243842,0.06476656
0.052672464,0.032713484
0.050709326,0.07691969
0.050764367,0.050366186
0.058274206,0.026713818
0.03416207,0.056594998
0.0555277,0.04077556
0.055325378,0.047856957
0.04519403,0.04671124
0.026687797,0.037663262
0.016127424,0.030994998
0.04068134,0.03314054
0.060866397,0.039841678
0.05806434,0.044113416
0.05535935,0.03958285
0.04388406,0.040353484
0.049849812,0.03537753
0.052003,0.057942666
0.0357125,0.11611065
0.04273919,0.048486885
0.040152736,0.037985463
0.038029086,0.04338147
0.06968516,0.055420496
0.0347588,0.064157374
0.0642916,0.035074245
0.06931861,0.047811247
0.05118781,0.068140574
0.053063303,0.042554155
0.036640733,0.03231293
0.056792725,0.0711702
0.043905884,0.028973289
0.030158842,0.033975378
0.043666612,0.039121866
0.043209933,0.038268242
0.040183533,0.042092185
0.051412385,0.032643054
0.053383697,0.040720847
0.041669294,0.050282925
0.058044527,0.046555627
0.046602666,0.023952708
0.05305589,0.03004629
0.034228764,0.047019254
0.035304673,0.0625925
0.061030835,0.06650551
0.043793194,0.05611458
0.042636205,0.03476323
0.05856627,0.050488923
0.05508864,0.05144969
0.034912944,0.042808965
0.0396725,0.03539649
0.051463373,0.024090802
0.20581655,0.040615093
0.053544503,0.030876808
0.042390056,0.06073287
0.045246,0.031672735
0.051154528,0.048795752
0.038200166,0.038905635
0.04779156,0.033076953
0.04551898,0.047826592
0.07117816,0.049436502
0.04399159,0.051718686
0.045620758,0.030398808
0.04646598,0.036044456
0.03466866,0.049178742
0.051782236,0.042460795
0.049749687,0.026431402
0.043243356,0.030249774
0.046569984,0.05138162
0.09542801,0.037230708
0.042924765,0.057032373
0.042797446,0.027525835
0.049300257,0.042009298
0.04759938,0.027941875
0.05459482,0.040659618
0.061284363,0.058750942
0.03375592,0.03882714
0.05004747,0.0469069
0.058698475,0.035559066
0.02971648,0.042753987
0.04634067,0.04376501
0.053319175,0.09485136
0.031431727,0.060483024
0.046312194,0.049273085
0.043302607,0.030293403
0.054042634,0.039562628
0.0516028,0.092149094
0.053317714,0.04014469
0.041068934,0.052166726
0.05638279,0.044544235
0.024104405,0.035998344
0.056487925,0.048322637
0.033548065,0.041854035
0.04115248,0.034244623
0.042454083,0.047272425
0.055079352,0.043566264
0.03106562,0.042944424
0.04229063,0.03720626
0.11127049,0.04719428
0.041894723,0.03242148
0.05129337,0.05351319
0.031190448,0.041764677
0.03868195,0.035217717
0.032214347,0.030803164
0.038825702,0.023124266
0.04653065,0.03317028
0.043992046,0.042365335
0.057834603,0.049844325
0.03580236,0.034431595
0.037409026,0.036126044
0.04620554,0.031655807
0.04385549,0.040478036
0.036325663,0.041383084
0.025507066,0.036595747
0.0479131,0.037623677
0.049761217,0.124151915
0.04484642,0.1391328
0.0461082,0.038225353
0.046585456,0.03333925
0.037329365,0.055120654
0.040467523,0.036460277
0.020248769,0.03619115
0.056142706,0.067555875
0.035792556,0.055725537
0.05467912,0.0663652
0.04583636,0.05066878
0.06233711,0.038722545
0.058671582,0.04602568
0.05013222,0.032817096
0.058879055,0.02178121
0.063179836,0.045175456
0.037295323,0.02816689
0.060014244,0.04636952
0.03631092,0.050530825
0.046932954,0.035504233
0.045278683,0.041629326
0.043757044,0.054158755
0.072367966,0.039827645
0.050457682,0.04099524
0.05436674,0.042628802
0.061023086,0.34895512
0.043208525,0.06277607
0.061973643,0.038676534
0.04323487,0.051744323
0.051868994,0.04374706
0.0397143,0.03237597
0.050366167,0.05245319
0.03723062,0.040581517
0.02871855,0.03142023
0.076741755,0.048549294
0.048332382,0.055039145
0.039864153,0.0670397
0.05133751,0.053420532
0.0641874,0.04227709
0.059791178,0.03935512
0.815456,0.14756747
0.049569137,0.037861776
0.033829305,0.028641371
0.04396694,0.04221368
0.04112638,0.034820236
0.04102025,0.061058786
0.053137347,0.05965472
0.049404845,0.05040903
0.040598698,0.044223018
0.04920305,0.038048834
0.039955214,0.04091303
0.051535055,0.051787168
0.09558954,0.042866234
0.031812597,0.041522544
0.04741454,0.036926344
0.070361845,0.034898948
0.043995444,0.034172073
0.04953622,0.051052533
0.06134845,0.21159285
0.05318326,0.057276208
0.054262407,0.041507397
0.049777187,0.040651467
0.05027745,0.04218478
0.03256489,0.03410227
0.0458594,0.04473515
0.037339147,0.04985978
0.041725602,0.042967398
0.04600638,0.05946634
0.052147135,0.049329985
0.0815911,0.040287316
0.047241364,0.061405424
0.052419897,0.04425832
0.06419289,0.042059224
0.052455086,0.0638578
0.04213963,0.06349682
0.03779162,0.04283939
0.045278613,0.04139054
0.041552052,0.041751843
0.038301475,0.02972845
0.04810481,0.047021527
0.05191867,0.04537107
0.06408427,0.039754767
0.037001252,0.045422003
0.046848,0.036395468
0.04736313,0.09475614
0.04846173,0.09247313
0.03450653,0.03754798
0.052291743,0.041357685
0.04071088,0.06689739
0.042153798,0.05105367
0.048558794,0.030407213
0.054995026,0.0596693
0.056331847,0.06541151
0.05928053,0.03967098
0.052147135,0.035140533
0.040266156,0.04836933
0.05521456,0.039443694
0.04429216,0.04891602
0.056618005,0.03374295
0.043925274,0.038711093
0.03779072,0.047403842
0.061619744,0.04922196
0.049015343,0.06600717
0.03677057,0.041943066
0.04664135,0.049139045
0.04182227,0.026450736
0.054784592,0.024881976
0.06558287,0.10787934
0.043532558,0.05015048
0.040335737,0.019513072
0.059008505,0.03599041
0.044753313,0.03817959
0.033303693,0.009825895
0.055608373,0.07407466
0.043424826,0.09705091
0.051446415,0.044702232
0.05331075,0.04354642
0.04273848,0.022403467
0.04570919,0.047208443
0.04036426,0.063394174
0.05446195,0.049205825
0.049274772,0.06595451
0.047956947,0.046443973
0.039243646,0.058803864
0.04077674,0.042083442
0.022525556,0.06471867
0.06666111,0.03184508
0.03500376,0.04172415
0.05877542,0.054663345
0.042981673,0.044756506
0.038806558,0.029916491
0.050165683,0.07893585
0.026465977,0.050179202
0.043013047,0.039499324
0.042118255,0.05599265
0.05840451,0.0602431
0.058425196,0.06831182
0.05939753,0.0536499
0.06301767,0.042861685
0.050479364,0.038631756
0.04477999,0.05744922
0.04684947,0.039262503
0.043785367,0.038023803
0.051264733,0.040386118
0.05503855,0.045194034
0.052157983,0.050545253
0.040548563,0.038003266
0.04501624,0.055134054
0.043896575,0.04338696
0.05892296,0.049923934
0.03598505,0.045557506
0.063036144,0.032767836
0.050963353,0.060202856
0.03467348,0.08871396
0.041820597,0.03193417
0.05783371,0.11570031
0.0534779,0.037982732
0.04687197,0.02945519
0.051494166,0.037000805
0.035139892,0.037086874
0.027811194,0.038858004
0.047959503,0.03456265
0.056059334,0.051862407
0.05229422,0.03685974
0.041996196,0.04758505
0.041524094,0.055070948
0.04090012,0.0935694
0.062209,0.018790187
0.057077058,0.07390401
0.044334386,0.0967265
0.023516053,0.044398043
0.04048611,0.043321468
0.05463779,0.04307573
0.05207006,0.04494047
0.05732929,0.039779622
0.14667718,0.049168535
0.03752771,0.056295987
0.050058346,0.049534496
0.050019916,0.03564728
0.026187422,0.051278204
0.04191764,0.0414268
0.052979928,0.04392309
0.0454375,0.03981853
0.04486244,0.040742334
0.039225474,0.03622384
0.09136764,0.051546786
0.047240917,0.07620016
0.055974115,0.10551998
0.07666889,0.040330227
0.0345823,0.039750353
0.043303315,0.04205835
0.05863664,0.04941178
0.055239063,0.040424068
0.053411745,0.051630154
0.053929966,0.04077143
0.058775928,0.045928843
0.049933437,0.053149417
0.049418665,0.03185141
0.038507305,0.052618988
0.06843851,0.03852256
0.043058112,0.038896028
0.045593925,0.05159306
0.05028183,0.03988732
0.042404536,0.040279623
0.05144375,0.055565704
0.04998403,0.0507163
0.039394572,0.04381563
0.052160963,0.03906737
0.05883949,0.038502242
0.023090068,0.032810986
0.04923834,0.049934953
0.04393658,0.034676753
0.05532771,0.046351902
0.054620605,0.059265107
0.06473187,0.044194207
0.029923474,0.056516983
0.02954305,0.03345087
0.04568607,0.035869878
0.053820126,0.06437201
0.04397471,0.040405095
0.058238693,0.06308426
0.028538367,0.045322236
0.018377157,0.04397236
0.0714326,0.054576457
0.26646903,0.040536027
0.06010484,0.04539951
0.062358364,0.05090455
0.044163935,0.27519134
0.037921436,0.02960536
0.06911669,0.05196864
0.044630826,0.042337313
0.053192582,0.047492392
0.040905025,0.033761203
0.041648425,0.042978108
0.044309806,0.038736984
0.061614916,0.037350133
0.0650056,0.049810227
0.042826,0.059516028
0.052229147,0.041921426
0.05117041,0.044028036
0.04398922,0.0444566
0.040601153,0.03075467
0.033823244,0.055167433
0.052501183,0.049873266
0.04546556,0.051908746
0.032106504,0.050627794
0.041255496,0.04408644
0.038045727,0.023758885
0.05791479,0.06519152
0.06264169,0.033915974
0.049363695,0.05669922
0.0518471,0.051089324
0.050387472,0.052598923
0.057062455,0.032684565
0.04127096,0.049211204
0.038251758,0.0584207
0.040536437,0.045107912
0.042172913,0.032928936
0.040768933,0.045684505
0.048574604,0.0445723
0.04603365,0.038580507
0.042483613,0.18118925
0.05860064,0.055943906
0.047248837,0.04090787
0.066505656,0.05270076
0.059534527,0.038169153
0.058457624,0.04496176
0.024738876,0.055091538
0.05215982,0.06947196
0.034181673,0.04695348
0.053982846,0.053868487
0.046667572,0.19006184
0.039393406,0.046964586
0.039555166,0.043086573
0.043052454,0.07523402
0.045856267,0.05137974
0.022855949,0.031425674
0.045736406,0.050867412
0.039493453,0.050321702
0.17692263,0.85730773
0.041061908,0.041626744
0.05309934,0.058548134
0.03625736,0.054639276
0.046341307,0.048697673
0.09031497,0.046472017
0.0533036,0.051079594
0.03774323,0.049264606
0.042365864,0.0371394
0.04163497,0.030823767
0.043352596,0.033997398
0.04930981,0.046078842
0.13496013,0.07245524
0.04864806,0.5146883
0.050104294,0.044202447
0.059787042,0.05618079
0.029402182,0.04833112
0.06868198,0.047175284
0.056442678,0.050356172
0.038661774,0.029708514
0.04432746,0.03316512
0.04531968,0.05815653
0.0514936,0.061776545
0.047489274,0.030202055
0.032971486,0.045788184
0.032106243,0.049781635
0.056425784,0.031212058
0.04815745,0.027209044
0.034535944,0.05864285
0.03501033,0.03646533
0.016971191,0.04254427
0.036265086,0.058179878
0.047828387,0.036195185
0.06392456,0.036971647
0.04259678,0.03675533
0.031654157,0.021950375
0.05203606,0.068004504
0.03504565,0.0343531
0.04463538,0.080253854
0.052587397,0.0916521
0.026182545,0.032905437
0.029790556,0.040627662
0.04402312,0.061451875
0.03882066,0.030549536
0.04223052,0.048150018
0.045257602,0.042611927
0.047599692,0.03904618
0.055476204,0.06463948
0.029207366,0.029366149
0.049193237,0.044328246
0.03906713,0.042065673
0.05127896,0.054824706
0.038820013,0.039214086
0.037168242,0.031529527
0.027041126,0.04692443
0.047756128,0.050991416
0.042227753,0.046242237
0.04653308,0.108430125
0.2605819,0.05467482
0.053494174,0.05571701
0.03329489,0.03861594
0.041736543,0.067472264
0.061588533,0.049139373
0.058640108,0.038928937
0.04366283,0.048492327
0.051651932,0.03059309
0.05616331,0.032792296
0.045213256,0.053963203
0.032464337,0.041645214
0.05458053,0.04464308
0.054129913,0.047951385
0.045324232,0.04711574
0.048592076,0.050140623
0.05658493,0.050999984
0.036736894,0.03039695
0.045150325,0.03946997
0.03808555,0.026648143
0.047498472,0.052068688
0.056079127,0.041800633
0.03762239,0.058951978
0.044591766,0.029068451
0.05780207,0.061961297
0.044686813,0.033755988
0.038090345,0.16474582
0.02372032,0.03708906
0.05610807,0.041113038
0.04547222,0.041682135
0.038368545,0.04129086
0.035758637,0.06457119
0.052265614,0.080607645
0.07249109,0.05885438
0.034168977,0.046674628
0.047481235,0.05163385
0.08762742,0.03982664
0.051638536,0.048770897
0.045628637,0.052969452
0.04031585,0.03790045
0.0349605,0.03751658
0.04266477,0.033899855
0.047194526,0.057275552
0.05924727,0.033041783
0.034523718,0.049931258
0.036967974,0.027382854
0.055961177,0.06552006
0.032942645,0.052265026
0.033925477,0.031311605
0.050976697,0.049515348
0.041835666,0.039522473
0.040657207,0.045062356
0.05806284,0.036619607
0.05796744,0.048992153
0.05791913,0.052359894
0.050998874,0.40481985
0.05730913,0.061675426
0.049979515,0.051097147
0.05716025,0.035924055
0.039371625,0.03647736
0.03704646,0.043457057
0.047355197,0.05200847
0.060570624,0.04707928
0.043047953,0.045667347
0.038729835,0.05257278
0.039969936,0.030209301
0.04068353,0.094594054
0.040389176,0.06833029
0.040493593,0.060949884
0.05443691,0.035043832
0.040852398,0.060395826
0.053678498,0.0691733
0.040767908,0.03864648
0.051912587,0.037393697
0.050084308,0.076071806
0.043252423,0.061487418
0.0231646,0.061504927
0.05841771,0.052835546
0.03285469,0.041532796
0.05264255,0.0548331
0.04436736,0.023440324
0.051296167,0.041669503
0.042550456,0.0364103
0.009757218,0.06151662
0.051409528,0.05387122
0.050799962,0.042662904
0.038386606,0.050513122
0.054608718,0.052941296
0.05225388,0.055046227
0.0567623,0.04883193
0.04524324,0.024616553
0.05874798,0.040724516
0.036862504,0.040243797
0.110591836,0.04456994
0.08271234,0.056181796
0.05653792,0.031815365
0.038616862,0.023204181
0.041806746,0.044579055
0.052778937,0.040158436
0.051709823,0.024683943
0.03828368,0.06717883
0.03925198,0.04312911
0.054907918,0.046976455
0.04286202,0.05099496
0.037090357,0.046223678
0.065783285,0.0740182
0.05425609,0.06191146
0.03645394,0.038136758
0.03431667,0.035123
0.055826575,0.06518291
0.039446592,0.038600683
0.07155733,0.042050544
0.038164288,0.031101398
0.04346196,0.034646947
0.039625783,0.03841675
0.05889313,0.04087062
0.03068329,0.040120337
0.05079679,0.05011393
0.051691152,0.05312382
0.03536287,0.032231383
0.059386924,0.062814385
0.042160682,0.05466295
0.051476393,0.03174051
0.04971016,0.05404452
0.06583141,0.06371296
0.04816243,0.06442709
0.043178953,0.040923435
0.062452286,0.031597868
0.048752934,0.04812136
0.0717534,0.050055612
0.048811007,0.053825162
0.055642445,0.06427159
0.03838492,0.028064623
0.041540004,0.065428585
0.04921235,0.047962423
0.039820235,0.03546631
0.039599225,0.049537163
0.015746908,0.041613106
0.03198753,0.036011077
0.042890817,0.035920843
0.044329762,0.03915415
0.018458078,0.06219051
0.04680811,0.04844048
0.05150509,0.050013732
0.045733467,0.038108855
0.05765467,0.048782047
0.058379382,0.061078086
0.044426136,0.045575473
0.056269057,0.042318866
0.051370922,0.044092584
0.036349554,0.037973046
0.054726712,0.063651055
0.050266184,0.060581345
0.040216386,0.049531132
0.045048546,0.046131324
0.040405117,0.048487563
0.06398913,0.06193708
0.05291493,0.04894638
0.04851626,0.03197523
0.03390821,0.05766829
0.0625328,0.052553717
0.059050385,0.058991957
0.03578983,0.04387472
0.04054966,0.039572157
0.18240298,0.049655158
0.057472106,0.044040494
0.031964853,0.0433296
0.037704546,0.042815804
0.043034133,0.021992771
0.8215364,0.07606695
0.039985057,0.0393652
0.060782112,0.042758733
0.04723529,0.055427555
0.08144693,0.06294515
0.07022164,0.033285562
0.04492668,0.050658047
0.0621355,0.04146829
0.04510732,0.039675903
0.8317977,0.030546367
0.057246808,0.052547704
0.052996904,0.04556568
0.06910276,0.0336838
0.036689013,0.023095444
0.04536152,0.04922436
0.027631892,0.099595204
0.057969872,0.038176313
0.075625405,0.07708678
0.1208949,0.122888535
0.044778004,0.037923384
0.03545044,0.038012143
0.04256648,0.024581196
0.054817133,0.02878341
0.044739205,0.04575841
0.049697302,0.035707578
0.03846207,0.032665458
0.050281264,0.046739746
0.030821797,0.0545191
0.042331953,0.040094826
0.041710585,0.031390492
0.047890183,0.041805528
0.054299083,0.06783051
0.046671983,0.054480277
0.13119589,0.04550133
0.04407229,0.056522314
0.050111413,0.033039454
0.04407325,0.037883405
0.16267213,0.051448334
0.0488467,0.038749933
0.04344166,0.053567074
0.032490004,0.071733005
0.04112567,0.050419565
0.03604494,0.05912626
0.03302178,0.055454332
0.04427619,0.04162707
0.05087089,0.042313576
0.040993888,0.05580178
0.04707759,0.043239933
0.05662129,0.03772086
0.054747377,0.04599348
0.045679286,0.04264135
0.05938749,0.0527485
0.054302815,0.0549147
0.03607319,0.03956733
0.0465501,0.040556837
0.03614262,0.06149039
0.04902433,0.05077147
0.04719721,0.04501007
0.041921187,0.04872423
0.060116258,0.049146634
0.050697118,0.03256952
0.04298855,0.04777706
0.034412194,0.035881847
0.05158604,0.03690845
0.0326553,0.06852519
0.048016936,0.05049019
0.04188081,0.04206858
0.039362904,0.033795435
0.03987623,0.03707813
0.029744793,0.047223724
0.03942812,0.043781575
0.0803365,0.037753683
0.03621697,0.037764743
0.069847286,0.076235525
0.04266335,0.042193
0.039965425,0.06460644
0.031717036,0.1200999
0.03227791,0.056923166
0.061979156,0.053376116
0.057310022,0.061893687
0.037368383,0.030749151
0.036815137,0.14096926
0.2848237,0.022263603
0.036219828,0.055945043
0.06780168,0.05441977
0.039844267,0.043650687
0.05170303,0.042057455
0.056771997,0.043565523
0.03381731,0.034615625
0.036883198,0.046440057
0.03910082,0.038243014
0.04186194,0.025140971
0.077947356,0.020571284
0.05163618,0.040862754
0.043643624,0.038953528
0.04790601,0.031590372
0.059425212,0.049345415
0.05782509,0.06151411
0.04560635,0.05549724
0.026995445,0.048185952
0.022942761,0.0522339
0.05199507,0.038183615
0.037753403,0.042057805
0.05908014,0.16290918
0.050412662,0.067677535
0.04835407,0.043495838
0.039605502,0.0445337
0.041499738,0.040439826
0.04776436,0.048508395
0.055419378,0.061758775
0.036574274,0.03277952
0.03704931,0.03591633
0.048740946,0.05125836
0.05123913,0.036826875
0.048052803,0.05848271
0.04570983,0.05368201
0.042629328,0.03855364
0.048017383,0.024302123
0.055773314,0.06835123
0.061463766,0.055365343
0.048950404,0.05221169
0.036315076,0.029810475
0.06704152,0.048990276
0.045983657,0.040711205
0.049163036,0.0375475
0.021905262,0.045644
0.046294987,0.026970716
0.032585118,0.047907166
0.035434775,0.047303487
0.03071366,0.04641186
0.042079248,0.050593257
0.040508945,0.052546374
0.041252334,0.0349567
0.04544032,0.047832932
0.06453829,0.048555743
0.045834493,0.057885636
0.051881053,0.08059669
0.03771563,0.033140812
0.048167784,0.064974904
0.07195941,0.047217995
0.056586936,0.04337491
0.049398415,0.051167578
0.0453999,0.03277388
0.041471325,0.038840834
0.043280248,0.047279444
0.04892402,0.033417232
0.040900312,0.04773297
0.04196896,0.026097015
0.036986783,0.031677205
0.039114397,0.055635914
0.04813206,0.03936028
0.031359337,0.05317823
0.04565572,0.058679465
0.050003763,0.037277825
0.051412832,0.03641338
0.05235205,0.065977484
0.04675402,0.05056215
0.034917366,0.043897517
0.040711276,0.044324335
0.048559304,0.05579872
0.05220834,0.03054051
0.03679373,0.036102522
0.066182874,0.05093524
0.05021155,0.04285782
0.04310857,0.066230655
0.021426173,0.052097347
0.04500047,0.04015612
0.04689204,0.03393312
0.055459086,0.059268147
0.03342276,0.050855346
0.050909974,0.058632772
0.050175864,0.029220218
0.0579907,0.057297476
0.04874936,0.057748053
0.03522405,0.026796741
0.04592585,0.03681122
0.04747963,0.062000316
0.08638079,0.041281767
0.07114967,0.035789065
0.046739437,0.032774296
0.05276392,0.04577968
0.047190946,0.038047675
0.033581506,0.041899174
0.033405937,0.04592303
0.038275782,0.043284353
0.04056773,0.03390686
0.027255453,0.02991967
0.04622499,0.055427883
0.039821006,0.036504224
0.053442135,0.04126085
0.04721216,0.049990036
0.053565703,0.03206862
0.036018696,0.034837633
0.04691384,0.039353896
0.041254077,0.053259477
0.06750468,0.055170383
0.060908742,0.07796418
0.04089664,0.026121343
0.051395047,0.04024467
0.04730755,0.028422313
0.04736772,0.054730956
0.03766418,0.07674598
0.049639743,0.053081784
0.07492891,0.046510447
0.043084722,0.050580468
0.03810251,0.028859261
0.046492662,0.067555435
0.044640765,0.051905926
0.04347687,0.052617393
0.9399054,0.10911193
0.05978566,0.06327277
0.05099302,0.031249918
0.042469263,0.05421574
0.03807053,0.035207313
0.05372571,0.061378997
0.04618897,0.039480112
0.054481924,0.031961884
0.054038834,0.22628942
0.038772333,0.038411506
0.0417833,0.044397976
0.04955271,0.06582185
0.06509579,0.04762619
0.03987785,0.037860267
0.04009799,0.037472825
0.044531018,0.044959795
0.038565032,0.028735332
0.04901139,0.038547367
0.10385436,0.050085407
0.049459044,0.045322523
0.04227673,0.03981453
0.019254692,0.048172772
0.037575014,0.03771909
0.039835475,0.036006212
0.035414036,0.03528968
0.112758055,0.030601768
0.052862078,0.04744566
0.05352557,0.041517515
0.033535033,0.03531816
0.042018477,0.047023825
0.041884806,0.040777527
0.056226872,0.06043679
0.058321115,0.036151007
0.02911885,0.030421967
0.056172844,0.05027547
0.048501592,0.03993775
0.041440904,0.08521288
0.045104694,0.048844825
0.051048238,0.049138106
0.032118592,0.038640346
0.05247773,0.029985193
0.041170664,0.074148044
0.050852273,0.038083423
0.05903694,0.056192506
0.04774623,0.03528934
0.07483939,0.04953817
0.05173572,0.031006027
0.05408437,0.046827313
0.049779538,0.04106311
0.048253916,0.034424532
0.05874954,0.060964443
0.031788353,0.06620755
0.04388239,0.02267114
0.037202224,0.05287266
0.07448955,0.061479285
0.038539927,0.03796779
0.06434319,0.062286407
0.05069388,0.050654482
0.035561662,0.05165433
0.035702813,0.054291546
0.055092048,0.039258353
0.03983935,0.050035417
0.04531885,0.036605325
0.039856598,0.06658398
0.04687108,0.041277483
0.04368724,0.04497433
0.045126103,0.05748437
0.06079363,0.04345813
0.05389776,0.05757397
0.06681867,0.040520202
0.052528825,0.05831818
0.023332119,0.051910605
0.03898449,0.031373214
0.044412274,0.04926078
0.06296024,0.0401387
0.0430189,0.050645236
0.057961963,0.034880117
0.04911914,0.058043085
0.054586723,0.062144365
0.059495546,0.04114469
0.043123934,0.029529314
0.03859661,0.032339882
0.059014894,0.03405817
0.058409113,0.054585177
0.05229003,0.042278383
0.07991572,0.058317326
0.041719347,0.0294995
0.048475947,0.048733715
0.05168729,0.07311617
0.056836955,0.048529796
0.046641674,0.041355234
0.06369515,0.030448362
0.03220586,0.053068627
0.058305822,0.059038628
0.040505275,0.05080157
0.0544072,0.14547463
0.052061934,0.05333371
0.04467867,0.062283106
0.04233806,0.054889236
0.056161426,0.038600944
0.05630966,0.07749117
0.049044143,0.046771158
0.05126149,0.050492816
0.03967166,0.051069014
0.044593297,0.056865983
0.042475317,0.030787393
0.042348806,0.055013698
0.051199306,0.060272347
0.046000615,0.055167586
0.046810724,0.050228868
0.05044535,0.044798017
0.04013065,0.028578013
0.037478253,0.036881663
0.055248108,0.054639738
0.0526731,0.05093994
0.047323134,0.05061505
0.036899738,0.028197242
0.05701571,0.039213542
0.054648917,0.047537923
0.0557159,0.0477702
0.06050378,0.043945912
0.03850556,0.04592183
0.05556179,0.051723167
0.049711112,0.0572879
0.06931167,0.072152786
0.04036827,0.046992086
0.053732798,0.039133582
0.034649465,0.046068523
0.045810107,0.042963266
0.053199295,0.06608116
0.047834136,0.03854397
0.048154064,0.04986944
0.055886947,0.46862185
0.027075674,0.07164478
0.0572176,0.061273266
0.05335856,0.04373353
0.0866983,0.9244335
0.05234336,0.038143307
0.048069645,0.055621114
0.052311152,0.048622847
0.039985824,0.038305204
0.049099196,0.06452841
0.03263297,0.025410283
0.043118287,0.048872847
0.037630033,0.039026767
0.050240174,0.026762456
0.039038293,0.05135871
0.046636432,0.04009083
0.049450565,0.100413166
0.038382325,0.05325071
0.06604561,0.029066801
0.052753273,0.04191539
0.043828838,0.057105817
0.052540235,0.051544186
0.04976643,0.05086037
0.05438697,0.048166566
0.0519669,0.055857103
0.044112533,0.04395179
0.046458054,0.0591606
0.059724312,0.03911348
0.043682422,0.046138078
0.04197624,0.046942223
0.05645578,0.05517504
0.04203914,0.038048495
0.042597163,0.058923867
0.046775628,0.035855442
0.04004988,0.037378058
0.06669258,0.051328305
0.037439235,0.032116976
0.054191902,0.08693862
0.046859052,0.035688132
0.06066341,0.05246143
0.04629358,0.047351774
0.038783528,0.062200215
0.038195826,0.042136014
0.05627417,0.07009151
0.05466017,0.048800126
0.051369015,0.047025986
0.046176296,0.060357247
0.03327819,0.03084636
0.03779603,0.03586508
0.061721817,0.036525287
0.054087475,0.048336975
0.052987535,0.04502994
0.05114391,0.046798393
0.037029076,0.036569025
0.036757663,0.05339402
0.06409891,0.1439231
0.059601717,0.06190617
0.02543787,0.045764487
0.048217937,0.035293788
0.046791803,0.04373224
0.03876781,0.04048947
0.054579392,0.064208984
0.049110033,0.038303096
0.049175143,0.04440602
0.046669938,0.046583015
0.05192451,0.041336894
0.029313767,0.023869338
0.03418148,0.039258417
0.05535732,0.04924399
0.043147072,0.034448523
0.055745877,0.030767689
0.04658571,0.04800402
0.037595883,0.053015772
0.047313552,0.03906396
0.04127683,0.048957333
0.029981934,0.033566114
0.052041765,0.04827999
0.044131275,0.043303326
0.036186386,0.048829984
0.0463241,0.047502294
0.046693593,0.05517585
0.03711105,0.046901304
0.046788353,0.05223029
0.05424103,0.047992438
0.036963176,0.055404034
0.05197629,0.038368344
0.057830747,0.03023881
0.050799962,0.06271359
0.037753403,0.038214162
0.05352209,0.06097522
0.075183004,0.03442062
0.033849373,0.050575092
0.049115255,0.05219062
0.057453286,0.027842494
0.045133088,0.04095644
0.03770053,0.06804617
0.038430747,0.03194069
0.08792027,0.04382748
0.046998534,0.046231307
0.031495877,0.031580873
0.051828444,0.06237701
0.04506457,0.042489756
0.035282243,0.050963722
0.044055343,0.06800282
0.058097724,0.03546891
0.041840754,0.06672359
0.04307373,0.04487743
0.044243395,0.044474047
0.064420626,0.109137304
0.05088894,0.032471374
0.064251095,0.058188055
0.10222562,0.028943177
0.13370982,0.052993037
0.033786952,0.034830444
0.048060846,0.038323347
0.061254933,0.05854628
0.050828252,0.050269242
0.075899825,0.076528266
0.04681527,0.039904546
0.05213762,0.04641361
0.048722655,0.040245216
0.035808284,0.04083237
0.054142192,0.048544507
0.03546851,0.031240627
0.0442199,0.039411888
0.059232265,0.05622884
0.044226453,0.0254801
0.048095435,0.034912653
0.04130564,0.056163434
0.043262247,0.02644491
0.032696947,0.031462703
0.030471804,0.039999455
0.044600487,0.0374645
0.04820129,0.043181878
0.038195886,0.036302958
0.047842372,0.04424514
0.052871905,0.046163652
0.055470202,0.067789435
0.051694844,0.035407443
0.05015556,0.04359381
0.03945933,0.046840996
0.047289785,0.022651425
0.03911033,0.036000464
0.035230357,0.06711393
0.056016378,0.033712413
0.04929593,0.028984066
0.053677298,0.06624226
0.06598767,0.056954402
0.04140147,0.025257872
0.04055115,0.045858655
0.054211188,0.05770814
0.03736158,0.055895574
0.06874474,0.03847
0.05899413,0.043317076
0.059066955,0.043767586
0.057726953,0.043055203
0.06317239,0.037071925
0.049234264,0.044823963
0.04204564,0.03913909
0.042278208,0.03347188
0.04024395,0.037662573
0.045364086,0.03637352
0.053342223,0.040425554
0.026890188,0.044476364
0.04928752,0.06982002
0.0376001,0.06244523
0.033461295,0.04504933
0.05002386,0.068292975
0.04177815,0.018693045
0.06867875,0.034413014
0.057178117,0.02681544
0.038504142,0.03818014
0.052557413,0.043795325
0.049445346,0.033523694
0.056855615,0.060419653
0.048357774,0.028910302
0.03891522,0.031192364
0.044007327,0.06191371
0.044704515,0.04928592
0.04255573,0.05154036
0.06661633,0.04392357
0.041493997,0.03970659
0.10264784,0.05484604
0.055012975,0.034169342
0.036160275,0.10757732
0.040036518,0.043517783
0.0067812647,0.048846923
0.04843839,0.060608316
0.023071866,0.04168865
0.037004814,0.056117903
0.03312988,0.046323728
0.057833143,0.028374692
0.04521928,0.060416877
0.038230464,0.03557556
0.051213533,0.036009777
0.06542545,0.04485411
0.1184452,0.057399143
0.03911686,0.04481708
0.04307303,0.043394607
0.043998394,0.06557971
0.14472277,0.034341786
0.057511996,0.050303187
0.05101031,0.07587451
0.048823822,0.0329277
0.049298156,0.036571145
0.055651654,0.04601272
0.054160092,0.037851337
0.06417657,0.021057198
0.056254312,0.044969454
0.061410263,0.056153446
0.047306526,0.036731888
0.053200368,0.053905867
0.044312887,0.034555238
0.03598661,0.04240241
0.049841415,0.044992037
0.041786272,0.029629985
0.07226031,0.10196825
0.05395268,0.050479066
0.04143001,0.05682961
0.044967454,0.03643279
0.04876142,0.032633163
0.049256753,0.06597348
0.03978878,0.058543414
0.027956534,0.042282667
0.048504777,0.039111163
0.038724978,0.055671938
0.045854025,0.044119254
0.039946623,0.036927033
0.061266962,0.10722508
0.05245984,0.08558999
0.06199946,0.046685427
0.050006308,0.039653976
0.05818444,0.03519553
0.05596882,0.031363375
0.06073439,0.06294462
0.048031874,0.057329696
0.045526665,0.050015613
0.05634213,0.036936868
0.045701515,0.08338831
0.038442783,0.12850633
0.03560703,0.041040555
0.04009237,0.03767643
0.035363458,0.03965649
0.03561372,0.032190476
0.044968866,0.027340285
0.044866875,0.029121624
0.06592533,0.049175266
0.028158024,0.06497385
0.04545109,0.042634573
0.047567762,0.056022137
0.052179735,0.04951065
0.053906046,0.03873508
0.047164876,0.04115116
0.07033888,0.056015015
0.044886425,0.045668833
0.059432108,0.04219029
0.049376756,0.047254436
0.04352036,0.030202951
0.04151307,0.053394828
0.05225452,0.051957604
0.055354238,0.043039486
0.046390954,0.057282723
0.067513,0.034517206
0.044617034,0.049129583
0.058755707,0.042915702
0.045561578,0.057110343
0.052989814,0.054094642
0.04004097,0.041627422
0.030662471,0.047411863
0.055026744,0.04272037
0.040422287,0.059055
0.042957176,0.041698355
0.052786734,0.04365827
0.053320624,0.04464059
0.03791444,0.038306843
0.07055907,0.05080251
0.054167423,0.04153599
0.05745951,0.05532709
0.055866506,0.056514535
0.054440957,0.053740766
0.065568365,0.05510413
0.052690778,0.0549013
0.0480835,0.04677131
0.08473247,0.21952906
0.04209914,0.03831782
0.43784404,0.02678697
0.059163146,0.044382084
0.046020072,0.04870493
0.05511466,0.05951384
0.043231785,0.042443242
0.032479882,0.030625954
0.060447946,0.052157436
0.06661844,0.045567494
0.046892557,0.041851453
0.049538705,0.012864416
0.04905128,0.041041516
0.03908711,0.056664027
0.048954036,0.05444305
0.041614678,0.05178684
0.047701795,0.041078873
0.05116329,0.06192676
0.04669116,0.03358114
0.05284409,0.060856394
0.0668581,0.058571678
0.043535713,0.051075246
0.03761882,0.042113017
0.052809045,0.06993517
0.046132844,0.049404938
0.06163088,0.036443666
0.033164974,0.045479864
0.050636347,0.06359381
0.03640921,0.049749743
0.0554555,0.0429138
0.05347069,0.06497556
0.035735182,0.031588722
0.043217264,0.06313185
0.057508733,0.04036299
0.04311282,0.046391904
0.04688552,0.042666618
0.050826337,0.033070702
0.04869346,0.04065826
0.06684333,0.06418824
0.05448875,0.056909874
0.03868176,0.043886825
0.046800118,0.03068281
0.059339974,0.039485358
0.05282273,0.045676548
0.03253381,0.031508267
0.04077087,0.039250385
0.03731983,0.041826975
0.074302055,0.043624543
0.03665046,0.038202368
0.04643464,0.032715406
0.049747657,0.039254732
0.04100717,0.050479654
0.041963037,0.052963287
0.04485578,0.032155
0.055960305,0.06803144
0.045245677,0.032913208
0.036482047,0.06420938
0.036822144,0.03542846
0.040774096,0.0521189
0.04464256,0.062024493
0.055705417,0.07112393
0.0436072,0.03681074
0.070860036,0.039782528
0.041800305,0.04360721
0.047286782,0.037768427
0.05929191,0.050730728
0.047537625,0.06188101
0.04649553,0.05824493
0.06404511,0.10463758
0.051576324,0.029473683
0.052512914,0.040953863
0.0521954,0.0496246
0.034826994,0.06782546
0.043734755,0.03119409
0.051907893,0.03233527
0.041633092,0.04266758
0.045825277,0.042213067
0.047653202,0.039220624
0.040692758,0.06301477
0.03957423,0.038369097
0.02770186,0.042121086
0.032601506,0.06466652
0.034585744,0.056107063
0.014945234,0.04392399
0.029311273,0.024547774
0.03715644,0.04669277
0.04539701,0.041017994
0.059140798,0.124556154
0.04250645,0.058622673
0.049351983,0.04076347
0.030177712,0.048018403
0.04436287,0.021646515
0.04343787,0.060819168
0.06392375,0.051522873
0.036182035,0.045827944
0.062852405,0.0551687
0.03384481,0.055000823
0.061728448,0.034091633
0.043416664,0.045366872
0.06185421,0.043833163
0.14421366,0.06100768
0.038593374,0.04975217
0.07665635,0.04344919
0.05722395,0.052800722
0.038833074,0.065711044
0.04716175,0.03740066
0.041283727,0.042688936
0.055339836,0.03879151
0.048586976,0.021290192
0.07030978,0.064221755
0.06328866,0.047368407
0.05565216,0.070362054
0.045919776,0.076162085
0.05071588,0.055690452
0.06740277,0.058092553
0.033992,0.04737394
0.03667143,0.04604828
0.76707727,0.026805604
0.03594309,0.036689796
0.03407824,0.014211637
0.042046543,0.042329926
0.061322287,0.110635296
0.04427567,0.05726187
0.04243349,0.03919944
0.05947636,0.055996105
0.043517277,0.03535377
0.048512556,0.04474245
0.054684304,0.04969623
0.03081983,0.046423864
0.03415842,0.04087832
0.046285324,0.043363195
0.044948157,0.03707376
0.048121717,0.04595103
0.031079361,0.032249603
0.032608625,0.027484728
0.066204995,0.052120168
0.03204993,0.037396222
0.038360067,0.042388856
0.042123538,0.03531639
0.0786398,0.05616842
0.03952137,0.083493546
0.0270356,0.026296662
0.04053914,0.03131463
0.049366117,0.07005691
0.04911857,0.038971115
0.046756767,0.047745366
0.049568307,0.055236287
0.039121706,0.045268618
0.048072588,0.07170857
0.092806816,0.055793934
0.058656313,0.039086714
0.04000694,0.06775826
0.08189931,0.043297358
0.0624201,0.060690355
0.0348469,0.0729176
0.055547267,0.038478043
0.04440207,0.052699365
0.04482917,0.0370741
0.04948623,0.03299096
0.039499465,0.04654013
0.048095807,0.05002313
0.050879218,0.027140921
0.040954158,0.027332744
0.043881547,0.0498285
0.8819098,0.054240506
0.04655335,0.056155566
0.053162616,0.04883958
0.034162264,0.04400362
0.036533773,0.07566534
0.042219445,0.044402435
0.06258597,0.044856664
0.060082328,0.23456736
0.023358515,0.041369576
0.045635864,0.0727402
0.042808894,0.052845184
0.03003658,0.042733658
0.075792074,0.027873686
0.06573739,0.044648632
0.04800928,0.048409067
0.0396314,0.045397148
0.043987423,0.043472886
0.04143723,0.040146194
0.049118128,0.04680696
0.053210378,0.056811925
0.05416945,0.035062738
0.06318176,0.05440989
0.06317945,0.057529945
0.04912513,0.033293597
0.04285558,0.032683045
0.04748193,0.035342403
0.0619085,0.044593856
0.03526033,0.038558003
0.055046134,0.08487693
0.061969522,0.043499507
0.04797533,0.04292206
0.049106333,0.06109118
0.040973056,0.03821471
0.049258094,0.019317303
0.041300092,0.045930177
0.043523755,0.04011931
0.037109107,0.039383233
0.02289204,0.04737831
0.03679224,0.037190694
0.046469826,0.053854674
0.042266365,0.028681243
0.028464088,0.03867497
0.115550295,0.030932253
0.05069731,0.022978969
0.052285396,0.022707568
0.04082931,0.043207694
0.061631244,0.07441027
0.04014802,0.055114992
0.04546056,0.049609363
0.054184113,0.06349129
0.040883224,0.04001251
0.04723478,0.04137906
0.04637541,0.019650532
0.045535,0.028000392
0.06616902,0.044839635
0.059713382,0.029313894
0.042721048,0.04736255
0.03646861,0.046202365
0.059775807,0.0662241
0.049537297,0.04946269
0.056269687,0.056017548
0.05188961,0.04644369
0.06364207,0.9090972
0.053389203,0.045410372
0.054171022,0.060947306
0.033792872,0.028629415
0.05327554,0.04740594
0.06765977,0.039608095
0.04753156,0.032972414
0.041726567,0.051146265
0.037948128,0.034212742
0.039449695,0.03853265
0.061658397,0.032998994
0.039463658,0.047587086
0.07119394,0.12911448
0.048292704,0.03790851
0.050700486,0.070820525
0.06782714,0.041782446
0.050096463,0.046472564
0.04287822,0.04967295
0.04239308,0.046009067
0.07188072,0.047039934
0.04601758,0.024574388
0.050376985,0.038347546
0.029608233,0.035106838
0.050865367,0.039256375
0.044736702,0.046056237
0.042188812,0.027364723
0.05764226,0.05193043
0.05031287,0.046509635
0.045764517,0.056646757
0.038364913,0.02960205
0.019969048,0.051619053
0.02643153,0.055804774
0.05164171,0.04850389
0.8987776,0.7284529
0.05938309,0.06292945
0.06612179,0.033430476
0.036107413,0.022944706
0.038230263,0.041775867
0.061368283,0.055461675
0.04860681,0.07219016
0.03930195,0.058511782
0.055676274,0.039850794
0.06204598,0.047707308
0.038555462,0.05466741
0.046159014,0.03092434
0.0427478,0.037613437
0.027663652,0.057059433
0.06572122,0.04986507
0.05306083,0.070946015
0.05610367,0.04133344
0.06741946,0.051481362
0.028843215,0.042118374
0.047557477,0.040062323
0.041899875,0.02785397
0.04307759,0.037326515
0.035642378,0.041628975
0.042339925,0.049772102
0.03407238,0.041323323
0.03786884,0.036501285
0.06586442,0.04093456
0.042167183,0.048598103
0.07275435,0.03307516
0.04059018,0.07514634
0.043225296,0.05269449
0.055229794,0.063427374
0.06166203,0.05770554
0.05744075,0.05146923
0.06456963,0.05672436
0.028300202,0.047005024
0.047430582,0.054570574
0.051035784,0.056673426
0.10254094,0.055639762
0.054320205,0.065699615
0.046053294,0.061919633
0.04705318,0.070760235
0.03671204,0.06817802
0.053377613,0.02828801
0.035251103,0.051949777
0.051979464,0.052828003
0.048823822,0.0417464
0.039742976,0.05230328
0.04289905,0.063464865
0.05093723,0.040919017
0.031454805,0.050515678
0.045814976,0.048638523
0.039051414,0.045365386
0.04017307,0.056485396
0.04255798,0.04581789
0.055481944,0.059544835
0.05745511,0.06383231
0.057560142,0.0680087
0.045870025,0.050051242
0.049155198,0.052591227
0.04153472,0.040230725
0.040056475,0.037325967
0.05449406,0.0632826
0.039688654,0.036243536
0.036530398,0.029484384
0.04654683,0.032489657
0.037956096,0.03396729
0.054721843,0.030366063
0.11526471,0.044415485
0.04642882,0.0325753
0.057902217,0.04032533
0.05218082,0.062746055
0.029734835,0.055606272
0.032739364,0.043504033
0.038582373,0.04328754
0.042440698,0.029058855
0.04660829,0.031095758
0.03544322,0.048992287
0.041938245,0.051524293
0.043283463,0.04131674
0.03997298,0.043736044
0.04948343,0.04551099
0.04647878,0.059459433
0.048847087,0.028409798
0.051913977,0.02402329
0.02796186,0.036852766
0.054060787,0.04001598
0.061791115,0.042500336
0.059152905,0.06272052
0.052547716,0.050613977
0.045398682,0.05986955
0.010862453,0.03423763
0.04766604,0.042882957
0.031550135,0.044967905
0.04743173,0.057445373
0.055108536,0.055198234
0.04103753,0.03539943
0.045619022,0.04930592
0.05212576,0.057831906
0.039382424,0.052423373
0.030744558,0.040468726
0.061974514,0.044652283
0.05729907,0.054560717
0.02152504,0.03769616
0.053393066,0.043089412
0.11590671,0.053744853
0.078036696,0.9023163
0.06951663,0.05575004
0.036381558,0.12879665
0.06441677,0.053280372
0.055031165,0.064999364
0.039854277,0.050860964
0.053268068,0.049938973
0.07249977,0.072433054
0.04555901,0.07023534
0.05257618,0.04661139
0.054000948,0.04925809
0.06112331,0.056355793
0.046914347,0.044104498
0.043909222,0.11423019
0.08744586,0.02908841
0.048944857,0.042782865
0.053429093,0.05149603
0.05318523,0.031416517
0.045013674,0.061406802
0.038722716,0.08094556
0.05837058,0.046516392
0.044910852,0.0383468
0.06664235,0.057554845
0.029687561,0.030451117
0.045864906,0.043512296
0.0548745,0.05663139
0.058885727,0.17981857
0.040209673,0.03298897
0.042137187,0.046602298
0.02874894,0.075311445
0.043503527,0.042318866
0.037195157,0.040607266
0.08855359,0.039260462
0.040359944,0.036904626
0.033727903,0.039496396
0.05618836,0.03057297
0.04265621,0.040365025
0.02294057,0.0454361
0.052690018,0.039714284
0.039346743,0.03838321
0.037684985,0.03937405
0.04285134,0.041435085
0.074596204,0.06846656
0.04841186,0.03663375
0.061693422,0.06576832
0.045644768,0.019205267
0.03939638,0.070295274
0.054547288,0.035836555
0.043256722,0.05670759
0.033665076,0.03457581
0.03484834,0.022813367
0.04462082,0.033687714
0.14745447,0.038808264
0.03640986,0.043962285
0.3037989,0.037724815
0.04282813,0.042205416
0.039625145,0.058918513
0.049296435,0.031490237
0.04765601,0.042271737
0.027362494,0.061373774
0.03606975,0.038566526
0.04652649,0.038660105
0.048158213,0.05083556
0.053785324,0.05362078
0.034233846,0.054446045
0.04812472,0.049773566
0.039095,0.047277477
0.03256339,0.03205755
0.059291765,0.050025273
0.055684973,0.05910213
0.042709023,0.013070044
0.059439085,0.03672184
0.8481412,0.035986103
0.053895418,0.059850227
0.045539156,0.054311022
0.05162146,0.050109364
0.042860925,0.04071324
0.04446924,0.043025672
0.046992775,0.0564222
0.04057876,0.051968053
0.06357839,0.06347516
0.04145064,0.037545048
0.050050143,0.064436756
0.041474476,0.05443505
0.0433001,0.024615034
0.040114447,0.035042595
0.051718835,0.04720298
0.060188416,0.02736292
0.035612423,0.05970222
0.040743075,0.034426514
0.05668637,0.026943643
0.047321413,0.024879538
0.048458356,0.049958624
0.05981663,0.06006969
0.04178672,0.04417486
0.041765597,0.049248014
0.035828553,0.02563954
0.045702405,0.03345039
0.03708919,0.056072917
0.041283596,0.033902533
0.054005623,0.038515463
0.03768012,0.039127853
0.050430275,0.14622681
0.05103401,0.037036467
0.033823173,0.041883763
0.027830917,0.03820946
0.04616798,0.079737395
0.04544468,0.04730093
0.054084625,0.05015151
0.04953106,0.047875207
0.038226318,0.06459237
0.05953621,0.070215166
0.049999747,0.037739288
0.037885945,0.0377586
0.04144426,0.059731554
0.033198763,0.038752187
0.052631903,0.060419522
0.040081844,0.0460038
0.043835197,0.041979503
0.05687066,0.04656844
0.045341026,0.034606718
0.035906512,0.082749754
0.12068421,0.057817895
0.057830058,0.038951498
0.060165033,0.05089469
0.04739436,0.058610935
0.041002646,0.03776685
0.037790656,0.038092352
0.06170249,0.05601567
0.04928835,0.034738153
0.046960954,0.0581157
0.045608263,0.0425467
0.04399365,0.030141385
0.05999875,0.038530473
0.030587047,0.046721492
0.07143674,0.035112116
0.06041266,0.04505792
0.047784664,0.041030236
0.05568479,0.04082708
0.048659794,0.057122365
0.07660916,0.05899998
0.03762912,0.035743907
0.044745807,0.046898354
0.0631988,0.03586063
0.048380226,0.039948568
0.043731168,0.63528395
0.04027758,0.05744192
0.0435941,0.072559774
0.03904185,0.06284558
0.04503425,0.041130155
0.066764295,0.09562687
0.041750647,0.05804256
0.04157145,0.036432113
0.024198337,0.021616109
0.04485706,0.033245463
0.053788487,0.043517236
0.039503664,0.061640017
0.043727953,0.057543084
0.04260211,0.05031084
0.03419516,0.049008023
0.05013133,0.059747446
0.044486947,0.06977774
0.050999947,0.043979857
0.07507992,0.033084232
0.036542475,0.023409076
0.054705165,0.047226567
0.041054364,0.045017634
0.026737312,0.0508581
0.056837585,0.033857938
0.04539419,0.2146024
0.05323571,0.053191453
0.033128507,0.04110998
0.056450244,0.029264953
0.045376,0.048537444
0.03475808,0.03568964
0.8434389,0.6564962
0.028678952,0.037575424
0.057436675,0.04991119
0.035706393,0.058396216
0.0539521,0.05836769
0.06420462,0.0547849
0.04942331,0.040693194
0.030317245,0.040989537
0.0493344,0.04659576
0.06300205,0.03378007
0.051463697,0.056754805
0.053116377,0.035963327
0.045542363,0.042717267
0.04870933,0.04311394
0.031071056,0.030590467
0.04644206,0.04023488
0.057366747,0.04222839
0.05228921,0.06743602
0.05288382,0.03698674
0.033569716,0.036554128
0.055692475,0.040367212
0.14577757,0.055036563
0.049906515,0.029902698
0.018836353,0.0373233
0.057491556,0.07323834
0.048898526,0.05226367
0.042813204,0.045204047
0.06033841,0.1913944
0.046278093,0.032956958
0.03517729,0.034240033
0.041473635,0.057825807
0.05604609,0.05100554
0.040633082,0.06311676
0.03188266,0.0449829
0.038157422,0.027655577
0.022670696,0.049280126
0.048664253,0.05300681
0.05415212,0.053397626
0.04649586,0.05898726
0.05089962,0.047997747
0.05329802,0.041779056
0.034432635,0.03808505
0.12096381,0.037942488
0.065002434,0.05904215
0.045225304,0.03785782
0.04475966,0.070146486
0.059759744,0.028375382
0.046397354,0.03256306
0.03880753,0.048940875
0.0365206,0.043279346
0.03819123,0.03409712
0.057648487,0.04816711
0.08559678,0.055836797
0.051871467,0.034150686
0.056341052,0.049375996
0.047311384,0.038971115
0.053794876,0.047614276
0.044350296,0.124025375
0.035892934,0.061554745
0.06675089,0.0581538
0.0332508,0.03547329
0.031750895,0.059607245
0.05943079,0.040698767
0.055591885,0.07255437
0.03788031,0.045670997
0.38716292,0.052286427
0.060995016,0.05477137
0.044269122,0.050086543
0.034289,0.040309
0.055414714,0.040025774
0.037485767,0.06951784
0.06223301,0.038864695
0.04215901,0.047042973
0.06440474,0.058754988
0.062489197,0.048867274
0.054850616,0.048544724
0.04777075,0.054794103
0.041146945,0.019535182
0.046164583,0.037702028
0.041878294,0.046681315
0.04896946,0.051441513
0.057238694,0.053508647
0.043134347,0.04813205
0.03846434,0.036218103
0.031240948,0.040807102
0.041738734,0.037176006
0.03404483,0.033189986
0.049709268,0.048052132
0.07264573,0.035983566
0.058200404,0.035321448
0.047362745,0.057777673
0.041952543,0.26016983
0.05419132,0.04019503
0.04033154,0.05299271
0.03790874,0.052839696
0.057002183,0.019667735
0.047373533,0.04097052
0.04814125,0.05058716
0.040000163,0.055125333
0.03463502,0.029310932
0.04275513,0.06135561
0.14430653,0.068268165
0.055677205,0.045832183
0.05938881,0.04591243
0.05232472,0.034348704
0.0509155,0.040254463
0.05600837,0.018060973
0.043760065,0.05378464
0.035099313,0.041147202
0.06252532,0.046315223
0.03996897,0.03661175
0.054262854,0.03946951
0.06599191,0.06617629
0.049699906,0.05585258
0.041966252,0.037899632
0.039599225,0.037556242
0.039091967,0.050186723
0.040930945,0.040475458
0.061641503,0.0472921
0.04146662,0.046038095
0.036601916,0.056690432
0.075174645,0.05593267
0.05816532,0.046930354
0.8698946,0.043879855
0.035200056,0.042272612
0.04752229,0.03377883
0.048505224,0.051988862
0.030677926,0.049986888
0.052114278,0.042852134
0.03924842,0.043909233
0.04831209,0.032939997
0.052022286,0.06170872
0.061466828,0.06361634
0.045720465,0.046450574
0.047927905,0.03858704
0.052298527,0.044376947
0.040961254,0.06961293
0.04238292,0.058429442
0.058634065,0.040622022
0.052622765,0.060309682
0.032246947,0.045766387
0.055481374,0.082255915
0.054513905,0.03152864
0.045795385,0.035225313
0.04261923,0.047764078
0.059282172,0.036876615
0.039516784,0.038464885
0.041553408,0.053174686
0.03575545,0.03454161
0.03224054,0.05832137
0.036294818,0.048112072
0.041071124,0.05656833
0.06881704,0.11997535
0.026764905,0.049423672
0.039291345,0.034818597
0.045453776,0.0415486
0.037419338,0.028955616
0.05037501,0.041520227
0.057938196,0.10569914
0.037936334,0.045091692
0.044177677,0.02478314
0.040677465,0.042805772
0.043452125,0.033057235
0.0835176,0.032633852
0.067082904,0.047787357
0.05100294,0.061191317
0.044810634,0.034975607
0.055933613,0.038615875
0.05296282,0.05703191
0.039034083,0.05051863
0.04962421,0.04115162
0.0486582,0.037594877
0.037620958,0.059837572
0.053729635,0.039732102
0.05884326,0.04434923
0.05910338,0.033588003
0.055492226,0.050160296
0.043763343,0.03951382
0.047415443,0.056546513
0.046788923,0.038493924
0.043379076,0.051577322
0.04178047,0.5010605
0.04221894,0.04746769
0.037146907,0.047655545
0.043835197,0.04276789
0.061038356,0.046765562
0.04432245,0.03699275
0.036294755,0.05276315
0.038320184,0.04216443
0.1448506,0.036109082
0.15615278,0.07334263
0.06460706,0.055668943
0.06518658,0.06041819
0.04868179,0.037772723
0.048679303,0.06319901
0.044543855,0.11308181
0.03952434,0.03592679
0.04511584,0.05497857
0.073741294,0.07005898
0.077046975,0.087001026
0.07342444,0.061060842
0.03064073,0.02432395
0.043247342,0.030422721
0.042605974,0.03653594
0.029833023,0.04623008
0.039979246,0.04762525
0.058021326,0.05694463
0.034567066,0.046261866
0.044403937,0.04433583
0.04407248,0.076604
0.039766755,0.03958243
0.045275345,0.027560983
0.0631933,0.036327157
0.03749887,0.07747152
0.054192156,0.053098574
0.050129615,0.047162432
0.03861674,0.03471951
0.04751118,0.028718894
0.040097855,0.04650061
0.04051733,0.04303529
0.048539408,0.05687536
0.05414845,0.04345435
0.02394714,0.052770447
0.041322656,0.03984358
0.031271752,0.025540814
0.048854608,0.05200003
0.060887065,0.051157393
0.030590586,0.034111317
0.040584248,0.026887542
0.047048252,0.04218629
0.039840646,0.032511998
0.046156965,0.047738284
0.042385485,0.036784783
0.047091965,0.043283675
0.036570057,0.048542626
0.033162367,0.031099265
0.08572189,0.050639596
0.0449988,0.032092895
0.045280986,0.040953666
0.048283648,0.03352905
0.049757708,0.044450395
0.047535647,0.042320505
0.03463867,0.04625249
0.031251613,0.047563434
0.036792696,0.05012036
0.06317415,0.039215583
0.05490944,0.07293953
0.05386657,0.060260627
0.051453028,0.041433536
0.060173247,0.057948828
0.057433896,0.029714307
0.047333226,0.035645507
0.070671186,0.045201138
0.04612536,0.03424682
0.043420326,0.055555582
0.040501207,0.026290629
0.05089332,0.04851244
0.0748362,0.060778424
0.05053818,0.05613209
0.10865068,0.03881972
0.049406376,0.033492327
0.044067603,0.028336123
0.023176251,0.04575957
0.040581085,0.024039904
0.06378906,0.050566718
0.04156777,0.03361559
0.05290631,0.04023575
0.029827984,0.017704083
0.046719298,0.053392094
0.05268685,0.030526103
0.040932424,0.03541894
0.039204523,0.036815662
0.041402046,0.06520547
0.04030921,0.06074087
0.03904871,0.04587931
0.040680174,0.041623686
0.04368678,0.056014206
0.05109417,0.04264135
0.048559558,0.030078705
0.041376844,0.055726867
0.040916048,0.032012783
0.041719094,0.039313305
0.04137279,0.052053716
0.057436615,0.0355156
0.066600755,0.054234296
0.04514751,0.03543482
0.057997376,0.04584036
0.038015034,0.050356306
0.07117889,0.044806454
0.04469156,0.02349001
0.047953367,0.024692906
0.037092507,0.025806235
0.052498903,0.04369156
0.047314193,0.042033978
0.05244222,0.042223383
0.033923592,0.03745405
0.04376295,0.043993477
0.034115374,0.036319505
0.04922675,0.034425277
0.03316047,0.04129025
0.05234349,0.06088225
0.053128798,0.051809005
0.047392,0.01746371
0.03837612,0.033598363
0.034975853,0.027233547
0.040051688,0.051398713
0.05192046,0.05013304
0.04885894,0.05676998
0.041915387,0.04559613
0.04212869,0.0504743
0.051444773,0.05661456
0.045486376,0.0544836
0.035077065,0.0375789
0.06297715,0.03451515
0.060912315,0.03476714
0.051978823,0.040869616
0.05309624,0.03072938
0.05351754,0.055205163
0.061269335,0.05373751
0.07879097,0.05126179
0.058298156,0.03609096
0.06929299,0.047287595
0.04554966,0.047379926
0.05041025,0.035520386
0.040773578,0.047420893
0.040442415,0.050466582
0.048622556,0.029215945
0.04183251,0.045726955
0.034069907,0.040412374
0.057853766,0.04950608
0.06380415,0.061234664
0.045940958,0.047304776
0.05156667,0.03756388
0.02732039,0.03747405
0.037795514,0.025857003
0.037589725,0.027513452
0.06084863,0.048772167
0.058561318,0.053657833
0.0861837,0.065981045
0.0388986,0.033627458
0.055055987,0.04185255
0.049556278,0.025069175
0.07787118,0.055491775
0.044939317,0.057264864
0.035445563,0.043175254
0.048349984,0.042381205
0.045396443,0.07905782
0.028100528,0.04575498
0.05735754,0.053581174
0.047450375,0.0411112
0.049980275,0.03897622
0.057191726,0.03764053
0.048766065,0.029872281
0.055446025,0.037807804
0.057644147,0.08923158
0.040065892,0.054662272
0.063095324,0.049873136
0.049998093,0.049649518
0.027786218,0.059113998
0.053550962,0.05224763
0.048344113,0.047440957
0.050519366,0.043699823
0.059274893,0.057432346
0.0334257,0.03589731
0.048195224,0.031302314
0.044898927,0.032038644
0.05509142,0.037361402
0.069145024,0.20325352
0.049557295,0.05164738
0.038704857,0.045671213
0.063306384,0.040757153
0.08467522,0.040622305
0.054669965,0.065751374
0.042901363,0.03763528
0.049054213,0.049261786
0.04011548,0.047847863
0.03427533,0.031730466
0.04902668,0.042391088
0.05614926,0.028180301
0.035130657,0.06280258
0.056485653,0.030761765
0.05523951,0.033859175
0.062467456,0.07027733
0.047027543,0.035952583
0.047834836,0.0680882
0.039703954,0.054450855
0.06743622,0.039196175
0.036969665,0.02979488
0.04921967,0.03410851
0.046410657,0.042309795
0.048247032,0.016568052
0.04525888,0.04456345
0.054998007,0.035417434
0.043571103,0.043108385
0.04663329,0.043007575
0.05106736,0.02739103
0.050469954,0.045233883
0.03306797,0.03842391
0.04753437,0.043562595
0.037031025,0.027987594
0.06307934,0.057296142
0.04076945,0.039674457
0.055813696,0.05022316
0.030314364,0.045624766
0.026158025,0.08537836
0.1050192,0.04310242
0.050807018,0.04343476
0.043616775,0.044799153
0.05424185,0.043243255
0.042105965,0.037798513
0.03139288,0.0417078
0.06667346,0.03434885
0.042243265,0.048854377
0.037964705,0.041514937
0.05365419,0.06946766
0.035179693,0.033499464
0.048233505,0.034330748
0.0297345,0.048279118
0.042342886,0.048174236
0.057473425,0.048689213
0.053658936,0.07249273
0.05531313,0.034549076
0.057569776,0.057166237
0.030901773,0.04245489
0.059441276,0.04828174
0.03958508,0.025853813
0.047121037,0.04087268
0.07263003,0.02934324
0.03135816,0.04261057
0.051744036,0.050408963
0.038317986,0.04486722
0.046256594,0.03623656
0.03599154,0.029781774
0.057320405,0.051595006
0.04326379,0.03135801
0.046919275,0.061792526
0.034107942,0.03367406
0.044149626,0.05415381
0.037278987,0.040751427
0.056808095,0.04093056
0.0480879,0.050320826
0.03914996,0.032834962
0.044221126,0.0387421
0.042060252,0.04494587
0.057410493,0.051521953
0.04609509,0.03346117
0.037961267,0.030694788
0.0414603,0.03484038
0.0645259,0.04081403
0.03684349,0.030034015
0.040876836,0.042981148
0.06509013,0.10552011
0.028202701,0.028004676
0.06579596,0.09071055
0.046017457,0.03990236
0.06348009,0.05237006
0.042651262,0.058815863
0.056673087,0.046240553
0.05978477,0.05696238
0.042173043,0.03258093
0.054185886,0.068796694
0.053414535,0.051089782
0.05864802,0.06041045
0.03431446,0.07843252
0.048002325,0.034744866
0.057073772,0.06448065
0.084104076,0.061095335
0.05258049,0.04418966
0.038546853,0.034234896
0.045066617,0.024820989
0.051447947,0.047949504
0.039673727,0.054368533
0.031968456,0.04036966
0.047137212,0.057186235
0.04664423,0.04552996
0.055106588,0.06107835
0.03738913,0.036259677
0.06300431,0.06650682
0.05350031,0.03938603
0.04080622,0.031795822
0.042230904,0.040512025
0.03783632,0.041102372
0.07841665,0.052581128
0.05841124,0.066911295
0.031655006,0.02707965
0.038187984,0.026040498
0.03975874,0.032439623
0.04838647,0.038001224
0.048609618,0.033046253
0.053695835,0.038362212
0.027773462,0.033599667
0.069813475,0.059501514
0.045647334,0.03557638
0.05151036,0.031766523
0.039481435,0.054930437
0.043089993,0.06370481
0.03993991,0.04132651
0.053387366,0.07998403
0.04865648,0.056251265
0.882233,0.05031956
0.037800565,0.052880332
0.03946573,0.03614704
0.043820422,0.03392181
0.056311056,0.04363816
0.03610287,0.038935617
0.035507258,0.057720885
0.5114321,0.13090283
0.049204256,0.035424832
0.06359443,0.05733455
0.04211279,0.04322638
0.041808166,0.043382365
0.03527679,0.051504795
0.044917647,0.03295277
0.046611488,0.0450525
0.039846,0.042213745
0.04817965,0.043666314
0.087200105,0.059512835
0.056694504,0.049343012
0.049178716,0.04246169
0.043091413,0.040642153
0.049298026,0.044260416
0.041973017,0.051527243
0.045337304,0.04816591
0.062778644,0.0465685
0.0577866,0.03747569
0.03308324,0.03258718
0.056551587,0.055929128
0.052961178,0.06671439
0.04044216,0.06614328
0.041271538,0.0400068
0.042988874,0.025749981
0.09359253,0.031878375
0.043373812,0.044317774
0.029447762,0.028624585
0.050677028,0.058352564
0.14710766,0.057743594
0.046276502,0.030776093
0.046334077,0.03378927
0.04660803,0.02173489
0.06509437,0.053705115
0.04856504,0.032623466
0.04149419,0.030511906
0.04231715,0.036439557
0.04699828,0.029406674
0.038592283,0.06506089
0.04150798,0.046078842
0.05627719,0.06297772
0.030097585,0.04057811
0.033640373,0.03855208
0.034760818,0.06309593
0.042275574,0.036026116
0.048451785,0.04127768
0.048528627,0.045195654
0.055704545,0.03370919
0.03186162,0.031097343
0.061043426,0.05714252
0.050365094,0.038997814
0.04931548,0.043441147
0.065179184,0.0349876
0.05038716,0.041567136
0.04631834,0.025352478
0.036222942,0.056430902
0.8086932,0.8979812
0.055242226,0.0495322
0.039489903,0.045934092
0.038343366,0.05943976
0.03796918,0.022922289
0.062296692,0.055422157
0.051707022,0.0379302
0.05292139,0.045628548
0.044246923,0.069302425
0.05582694,0.04119726
0.054187275,0.035044998
0.05928323,0.049361132
0.044156563,0.110629
0.18303607,0.04351894
0.018030308,0.02700791
0.031596042,0.02792487
0.040705405,0.044936012
0.036662597,0.02517943
0.047950435,0.05962989
0.0024502485,0.06399752
0.04055276,0.050917007
0.030478222,0.027020926
0.06159922,0.07144407
0.036892347,0.035436265
0.04014079,0.043199297
0.041160543,0.08195605
0.05440145,0.037673153
0.057372406,0.09138016
0.03415048,0.031174669
0.040298432,0.05239828
0.03899044,0.03013297
0.033312302,0.035554137
0.046862066,0.039452195
0.0474507,0.044766713
0.056690406,0.052796308
0.044245444,0.38893583
0.044965915,0.043497935
0.05382247,0.037858494
0.044393413,0.047871973
0.050454378,0.035821777
0.05212297,0.039148487
0.0751088,0.048493814
0.04383551,0.038830344
0.034115568,0.057090275
0.05428555,0.08288786
0.03397903,0.049650457
0.047083337,0.03539498
0.037786823,0.027510751
0.050565332,0.039810836
0.02991384,0.046196025
0.043112434,0.034990136
0.059133254,0.035273798
0.047249537,0.053046048
0.05268939,0.03622111
0.055879686,0.17269996
0.037123434,0.057897504
0.05450835,0.057294633
0.046383534,0.046759963
0.03743742,0.032931678
0.038474753,0.060653564
0.05297714,0.05254375
0.04350732,0.047419056
0.05298791,0.030565111
0.05882442,0.034296606
0.04623759,0.04403704
0.029280508,0.031978257
0.104137965,0.027554622
0.05448085,0.056098666
0.042682648,0.037130244
0.031976223,0.05261418
0.049375802,0.053753663
0.08774825,0.0377792
0.05970184,0.050015
0.06705969,0.046744533
0.050866056,0.051618505
0.058647655,0.09926352
0.033147097,0.038820267
0.033344388,0.043479398
0.045421105,0.0444086
0.048368998,0.040802684
0.052944954,0.043377753
0.03848149,0.043763235
0.059837338,0.054475926
0.038997427,0.041602176
0.04648371,0.034403067
0.05987936,0.0619961
0.042215653,0.032503746
0.042813275,0.0609604
0.037217,0.033625547
0.029035121,0.0486874
0.04676265,0.035551537
0.047445145,0.040186394
0.04400533,0.042779148
0.037324365,0.04499088
0.051117737,0.051022105
0.06013751,0.056795377
0.033644803,0.05540211
0.061996598,0.04867966
0.05402068,0.081600934
0.04403197,0.046930704
0.032836415,0.037809707
0.038091317,0.037277486
0.06296841,0.039060082
0.043332744,0.063860774
0.039909236,0.04822329
0.056280777,0.038375296
0.03821771,0.05480169
0.032599356,0.04764512
0.05825196,0.06319744
0.064938575,0.051965363
0.038685706,0.04570164
0.043718126,0.05167536
0.035165712,0.04193994
0.06383802,0.049045708
0.040332705,0.024047697
0.07936159,0.07204325
0.049836133,0.051699404
0.0395257,0.04333454
0.048682872,0.043222185
0.06802827,0.062237047
0.03998395,0.03435406
0.042353693,0.028684216
0.047318857,0.04379349
0.042684644,0.034924984
0.04180926,0.049641453
0.041329093,0.046722956
0.042858418,0.06495977
0.060223766,0.06270107
0.05399601,0.061991483
0.04714277,0.07125021
0.07523658,0.054514617
0.031854942,0.076004565
0.047465708,0.055662602
0.11882707,0.036963098
0.04532186,0.037662715
0.058662537,0.037447013
0.09576138,0.063105874
0.06641293,0.035806585
0.038702525,0.043921124
0.036812805,0.036255844
0.04542713,0.04258047
0.037335,0.036484748
0.06587753,0.040923215
0.04559783,0.05395835
0.052399233,0.04364452
0.03801762,0.03964023
0.039495967,0.049853068
0.056798726,0.042949297
0.050867718,0.03602065
0.05221323,0.055082664
0.039805956,0.026175914
0.050818518,0.043510262
0.043933306,0.05209079
0.04583328,0.028831074
0.04716596,0.049116664
0.03930414,0.035615593
0.0766802,0.048471693
0.041785695,0.03753637
0.034147095,0.056801956
0.04842767,0.031809583
0.047982927,0.037040424
0.03342994,0.041630417
0.044403672,0.036746107
0.056888852,0.06962495
0.048603617,0.05665773
0.052448433,0.03445448
0.038039967,0.058628924
0.04624451,0.040427584
0.017766284,0.044515707
0.036414728,0.041251536
0.035031404,0.038505793
0.06598954,0.052234117
0.035608783,0.035568718
0.038095657,0.061399546
0.047494516,0.05975606
0.061413832,0.06443387
0.040429,0.038050406
0.04584481,0.0296371
0.05136787,0.04299741
0.075707585,0.052088033
0.030943785,0.051158592
0.049821105,0.059903387
0.03797079,0.03292337
0.03263069,0.040849637
0.04682978,0.035914134
0.05314628,0.031343278
0.076733865,0.038920827
0.054437045,0.028027223
0.05371128,0.046369586
0.0462795,0.056781344
0.045024313,0.03814535
0.04080338,0.0585917
0.066227674,0.06669728
0.04573308,0.042133566
0.034974292,0.03501492
0.05734886,0.051070742
0.025113218,0.03396578
0.055217605,0.06899839
0.05149937,0.018182585
0.03684551,0.029018318
0.043700848,0.04731232
0.052046016,0.05035591
0.061924137,0.03956604
0.050677475,0.05426866
0.04363033,0.045328796
0.03015439,0.034120575
0.03016153,0.060806733
0.027271768,0.039998364
0.8554858,0.050059635
0.046916842,0.046920802
0.028770875,0.04191749
0.046652544,0.04677131
0.0457316,0.03937077
0.038894076,0.078478865
0.04608626,0.15869683
0.045153916,0.02644997
0.047774766,0.058651395
0.047868483,0.06835816
0.055898365,0.027170343
0.043915965,0.056169424
0.036411155,0.03805729
0.051104017,0.034726232
0.04541425,0.038898893
0.06156482,0.049670786
0.042645015,0.06119654
0.03906623,0.061814122
0.067526385,0.2690465
0.053059623,0.07905435
0.064907946,0.040967938
0.060855627,0.036027897
0.03302674,0.04379242
0.056972064,0.056735527
0.049750965,0.043249354
0.029736204,0.037301388
0.06784655,0.058999915
0.06033263,0.037127588
0.039807376,0.04540294
0.040587798,0.05106178
0.050751276,0.06252804
0.049164314,0.06204845
0.08094573,0.07291026
0.038029727,0.04863286
0.029491507,0.07161293
0.05775425,0.04919118
0.061515257,0.03360255
0.04718117,0.037429262
0.034390513,0.07928653
0.0453268,0.04694653
0.04010902,0.036939733
0.04670779,0.043913428
0.036044482,0.03361408
0.037796933,0.029243138
0.055575598,0.05962683
0.04146674,0.0507692
0.04233008,0.03652897
0.051558293,0.028439034
0.04673452,0.039469223
0.05325895,0.036556173
0.03757262,0.051505733
0.04906339,0.052816898
0.14948475,0.043781728
0.042703677,0.07404472
0.03472047,0.076073356
0.32948047,0.027169174
0.033213172,0.043406457
0.047845505,0.047037028
0.040434223,0.051091116
0.055305805,0.051659226
0.05728528,0.052239254
0.033527013,0.07032067
0.047252093,0.048361655
0.035732385,0.04217407
0.046463102,0.03958523
0.036149435,0.05374704
0.040873684,0.046739
0.049192596,0.043088473
0.05513324,0.0480795
0.06465284,0.06699012
0.054390896,0.038475726
0.048057396,0.05740406
0.02149764,0.035614632
0.04585947,0.03921626
0.072827525,0.04989272
0.027790163,0.05064906
0.07112726,0.036316294
0.04807635,0.032639075
0.049073458,0.054293755
0.037609622,0.024605373
0.047916416,0.03212694
0.055956513,0.05578346
0.044351257,0.042652868
0.042179026,0.059044003
0.040725593,0.06140549
0.03818339,0.050503414
0.04873528,0.027339803
0.05709444,0.028418716
0.04065753,0.0445036
0.038894076,0.044302016
0.04461235,0.04244331
0.06059857,0.04575524
0.049847074,0.05265088
0.043102853,0.033780273
0.046042666,0.04315744
0.08420883,0.030600118
0.042303115,0.03692491
0.039805308,0.03588225
0.04258179,0.03063988
0.047522422,0.05422055
0.0518622,0.040726352
0.050395615,0.038361862
0.050332908,0.03602557
0.047831073,0.056242958
0.043088067,0.053606007
0.0368854,0.031903695
0.044914443,0.060048707
0.059816387,0.04735481
0.058892764,0.03889228
0.047489334,0.03365485
0.049188774,0.057086144
0.048115652,0.05390742
0.04037059,0.04344202
0.04980577,0.06639551
0.031816453,0.044554662
0.07220882,0.049163092
0.05947241,0.037467297
0.049580403,0.047230937
0.052616935,0.045968782
0.07433957,0.03685939
0.060584597,0.053914282
0.057689007,0.09767558
0.036746435,0.043380793
0.050237183,0.057549793
0.046004266,0.047347073
0.051671613,0.032179613
0.05321557,0.05348152
0.043408632,0.0442381
0.049169283,0.048390903
0.048160512,0.060464114
0.04625686,0.034947596
0.041853502,0.041647512
0.052383445,0.04675336
0.039581917,0.05315403
0.046940755,0.054105636
0.04050637,0.014043629
0.03474787,0.058740996
0.028635815,0.02756071
0.041046627,0.057804365
0.03171136,0.045013174
0.0439324,0.034509532
0.08532086,0.048490778
0.06296709,0.07215735
0.05203631,0.030366205
0.057731982,0.050311778
0.057735693,0.04743005
0.07592947,0.057627372
0.048897248,0.030892164
0.065207735,0.17327707
0.04094926,0.030761765
0.06382985,0.05093491
0.054614406,0.036382888
0.04793901,0.03406633
0.053699445,0.12711306
0.04145875,0.054518484
0.059737172,0.052841578
0.034098767,0.050273877
0.06779374,0.046960957
0.04901936,0.04736653
0.04051863,0.050922647
0.059833016,0.05326575
0.048070733,0.04037095
0.056538343,0.056435164
0.05510241,0.05409757
0.06396838,0.058032483
0.034169436,0.06669826
0.054991312,0.06406356
0.051606227,0.030422382
0.09709401,0.041048512
0.06646343,0.030371102
0.047507092,0.04076944
0.04792465,0.047951188
0.04126426,0.057297956
0.05909553,0.059538674
0.056311056,0.054197073
0.068116635,0.03435275
0.043189622,0.05089294
0.05297657,0.06601597
0.05190459,0.08748728
0.04647667,0.035493556
0.048735145,0.041585606
0.05170747,0.042923898
0.055792987,0.062406234
0.051809907,0.035845038
0.043691732,0.04443389
0.033603735,0.041303013
0.061628506,0.03382597
0.05060978,0.05063907
0.057464562,0.037553106
0.05548744,0.046940543
0.037626658,0.06614748
0.057291444,0.053612106
0.05930716,0.05622359
0.02669241,0.05854547
0.05066483,0.051187076
0.049910907,0.02961874
0.044903096,0.0395397
0.047724772,0.028026393
0.12673384,0.027596144
0.05611527,0.109815195
0.056202292,0.03837618
0.05415345,0.05042293
0.03618359,0.031464014
0.04517948,0.06401129
0.039130367,0.02491155
0.04634003,0.05390333
0.9296585,0.08602927
0.078717396,0.042940356
0.042443782,0.049590148
0.042014096,0.04221713
0.05781931,0.08822723
0.04347995,0.056300316
0.045544155,0.044116806
0.032056727,0.03810231
0.0472549,0.032741867
0.04014796,0.059934035
0.043180376,0.033061706
0.054341957,0.06554726
0.045906138,0.038251333
0.03875571,0.03925576
0.0423815,0.04108132
0.033745233,0.040531415
0.029817296,0.040653497
0.056590848,0.048788037
0.18229838,0.031580325
0.04232899,0.10150882
0.050430465,0.052243408
0.028744804,0.053811807
0.03872155,0.036176518
0.062925875,0.056587957
0.040556177,0.051479943
0.042726837,0.03904101
0.040758297,0.0280694
0.057110865,0.050791867
0.053833216,0.035522923
0.03573135,0.051713657
0.038763855,0.0638096
0.059686348,0.04183681
0.06164057,0.41045725
0.046024363,0.084694214
0.059113115,0.055463336
0.050310455,0.04876235
0.05562837,0.081940055
0.06559755,0.045455687
0.03764273,0.04995764
0.05069286,0.03690667
0.039772566,0.036719173
0.059637226,0.04044411
0.03857694,0.030787317
0.039244547,0.03396941
0.042035725,0.025375724
0.06433086,0.052256197
0.060917687,0.062414695
0.034946185,0.03747166
0.04230994,0.03600334
0.044018745,0.04101509
0.03551376,0.028901875
0.04080415,0.02935994
0.049639877,0.040937357
0.04917476,0.055244267
0.032802742,0.041809246
0.038502783,0.04848378
0.056632627,0.083691955
0.05831154,0.032273877
0.04424962,0.0558916
0.04046578,0.05024596
0.06501937,0.043162577
0.04466212,0.055500958
0.041176595,0.039734285
0.057311036,0.054224417
0.051387876,0.032126527
0.0473697,0.040596053
0.04893033,0.057260927
0.046675816,0.050680034
0.042810183,0.059033405
0.049949795,0.048875757
0.05260192,0.049504332
0.058028422,0.054173637
0.037597504,0.0282372
0.05986506,0.03893262
0.050095573,0.04434429
0.040603667,0.059559744
0.0406185,0.010933617
0.032468647,0.036801387
0.05040121,0.06357497
0.043418724,0.033085532
0.03934138,0.033842638
0.030691078,0.0451983
0.042314705,0.09539477
0.046452172,0.032631446
0.04536319,0.038916335
0.04972537,0.042402957
0.044929694,0.05683188
0.041685276,0.068844564
0.041800823,0.036293864
0.04101723,0.034368586
0.044105344,0.045092914
0.060748607,0.04884148
0.0503179,0.04998514
0.05491076,0.034469914
0.057396945,0.032027636
0.04626972,0.059608426
0.050296403,0.029164642
0.040691014,0.013552131
0.03899891,0.056256466
0.045512702,0.071129784
0.042481422,0.039449356
0.043415762,0.051003613
0.04317144,0.03500794
0.036639556,0.038575325
0.054029666,0.034897517
0.037959523,0.068472765
0.03380708,0.040405355
0.0687419,0.048857264
0.03868622,0.04026583
0.04786777,0.050030783
0.041240346,0.048331667
0.06280711,0.025662022
0.054117076,0.026135562
0.046345852,0.054199193
0.033877455,0.043306515
0.06889849,0.04438729
0.048633713,0.03444941
0.044991236,0.059124466
0.039160628,0.023189142
0.039076634,0.044387702
0.054714322,0.060643643
0.044151556,0.032378715
0.027818626,0.037039332
0.06545206,0.066288665
0.026730012,0.034301884
0.039947595,0.026228178
0.046339393,0.033851765
0.043910183,0.04275766
0.08785407,0.041224234
0.06522759,0.06695886
0.104077205,0.042040426
0.030642638,0.051766686
0.0552171,0.065216504
0.05081007,0.049340915
0.050701953,0.027971199
0.04550681,0.04659858
0.053018957,0.045230035
0.03683123,0.03992387
0.035473388,0.04346733
0.052939195,0.17100766
0.042793915,0.062321577
0.043161534,0.048691418
0.059265483,0.07283109
0.046121456,0.029888632
0.03784092,0.05078837
0.05179836,0.023524655
0.06583837,0.03666923
0.029714514,0.060729437
0.060065534,0.04853948
0.054917086,0.027197206
0.039504047,0.05532722
0.045928415,0.03062024
0.043139175,0.029986702
0.05954037,0.020767141
0.044871874,0.05324765
0.0595457,0.053188458
0.04068986,0.04033029
0.03907554,0.03906267
0.040321663,0.068184905
0.051347487,0.061193023
0.04370246,0.041568972
0.040404662,0.04165267
0.04225169,0.0518635
0.057284143,0.042120274
0.02272455,0.08245127
0.07104139,0.049267292
0.05411379,0.060551245
0.055085924,0.05693733
0.050494563,0.05535227
0.029194832,0.039760277
0.034890562,0.029613702
0.0418412,0.049134806
0.051757045,0.040473685
0.02757685,0.055053417
0.072131105,0.07580583
0.046140336,0.044016145
0.03399154,0.035204634
0.054631982,0.07329205
0.05385727,0.051141236
0.042014744,0.04074546
0.033624534,0.03573994
0.048563834,0.04852905
0.0633915,0.039700318
0.035734724,0.05523548
0.03762847,0.043005954
0.062321737,0.032537222
0.042443465,0.06248001
0.04125704,0.033855885
0.041520413,0.056671634
0.06086603,0.05649416
0.0454874,0.04698393
0.043483358,0.03992448
0.06334794,0.040944964
0.0493237,0.04005795
0.07083203,0.046507955
0.047178555,0.035048146
0.052682664,0.3794215
0.05483786,0.053518135
0.040053755,0.055510487
0.03812758,0.037883054
0.043575604,0.046419818
0.04387083,0.038902238
0.041047275,0.08835508
0.05693868,0.047653057
0.047743227,0.05433017
0.040139757,0.054679606
0.032122903,0.025992999
0.024437739,0.035239838
0.051393393,0.025910962
0.05009449,0.057372693
0.05893428,0.056809478
0.04194166,0.03797728
0.04443524,0.05038448
0.042430658,0.061700784
0.8482449,0.036894713
0.045832384,0.060104053
0.059941314,0.04004851
0.06381942,0.05355641
0.05192864,0.040256232
0.06226712,0.08052427
0.05439108,0.034850795
0.06386015,0.06314015
0.07011249,0.045217622
0.044612028,0.038658477
0.037724897,0.04392532
0.06960702,0.03855937
0.033455495,0.052961692
0.04330929,0.035245106
0.047839116,0.051704343
0.04463589,0.047254916
0.04285655,0.041238092
0.05480804,0.034958754
0.059453707,0.06170343
0.036968693,0.045603495
0.06225049,0.054755896
0.05309864,0.039339732
0.04626972,0.040835693
0.039361607,0.041877445
0.051035084,0.075524695
0.075574726,0.05326796
0.063373536,0.03096243
0.049347073,0.04508183
0.051975783,0.04661976
0.041038565,0.03555639
0.04650481,0.025484538
0.045245938,0.04187528
0.06167448,0.046776623
0.043110304,0.041991375
0.04396765,0.0502137
0.03765129,0.05268605
0.0446861,0.04123062
0.03533043,0.0365326
0.05808087,0.051425293
0.07179112,0.048228536
0.04288034,0.040946998
0.04965242,0.115128905
0.041428663,0.044589877
0.05472785,0.04199286
0.034120325,0.026390996
0.037037373,0.033118844
0.058872607,0.039187115
0.04895506,0.03510602
0.01762002,0.023643766
0.039713323,0.061661765
0.03889556,0.044376686
0.023034854,0.04081471
0.044382885,0.03125571
0.051781982,0.03603795
0.065072015,0.071112126
0.06691954,0.07141631
0.040295847,0.053702448
0.05051828,0.054420426
0.047889482,0.071333334
0.035110235,0.04661915
0.0386421,0.033876464
0.045794096,0.05241286
0.044833787,0.040716365
0.04997455,0.04670193
0.048653606,0.04551512
0.03712765,0.034369208
0.062316243,0.31802484
0.05090902,0.042171426
0.043783247,0.053151626
0.04643829,0.0431302
0.039378736,0.045184243
0.051497534,0.058264427
0.051152997,0.055117004
0.04956296,0.040806554
0.056011632,0.05004757
0.038344655,0.028604824
0.09023214,0.04316699
0.038776673,0.029923256
0.06408905,0.068777196
0.059981756,0.07178232
0.03857837,0.046708945
0.03804955,0.044449236
0.036364745,0.03907289
0.040584117,0.025858117
0.042829346,0.05448694
0.04617898,0.05537765
0.052536298,0.067302264
0.0379636,0.05614645
0.0582913,0.059760496
0.04751782,0.050983153
0.04708008,0.048186958
0.04903159,0.03894263
0.34841436,0.03199324
0.0677382,0.057231966
0.044214383,0.03445956
0.85611683,0.039174918
0.038887933,0.040789634
0.021086715,0.028301071
0.044619218,0.05599663
0.04595274,0.059292804
0.042440638,0.039385483
0.049151063,0.053345185
0.036791135,0.03824813
0.075512215,0.04324955
0.02423766,0.04185213
0.045095082,0.04522855
0.0553168,0.053121086
0.041507658,0.034553807
0.037445784,0.073284246
0.053366408,0.051295757
0.046108082,0.03862992
0.05689372,0.040830817
0.026530135,0.034264855
0.03402685,0.024178391
0.056400374,0.06285454
0.04732908,0.04223858
0.050988194,0.07248134
0.04047326,0.047513135
0.045697287,0.035497118
0.035900924,0.033219296
0.043699183,0.03650485
0.050625537,0.066948414
0.049909446,0.05052158
0.04179825,0.044273753
0.04404135,0.415913
0.05885646,0.041803148
0.03876567,0.0543858
0.039338466,0.028858911
0.046446413,0.07374595
0.05474011,0.044531535
0.046645507,0.04044868
0.06891824,0.03851036
0.055560023,0.048401
0.035241865,0.043472424
0.05736328,0.07090831
0.05216426,0.03890107
0.071429275,0.03243302
0.05730619,0.0453604
0.039122548,0.027879775
0.044416126,0.03611579
0.043934137,0.042750753
0.048275992,0.038077347
0.052069996,0.06694605
0.059924707,0.043006416
0.04234778,0.05201603
0.045102637,0.045213293
0.053351846,0.03894883
0.04621949,0.030615343
0.04154252,0.043655757
0.044473093,0.031669084
0.04256229,0.0427313
0.12234105,0.042004947
0.06409615,0.036158603
0.037811708,0.035202995
0.03003724,0.1314606
0.048825547,0.047364365
0.030063838,0.05265864
0.04133445,0.04663917
0.048015274,0.047800142
0.05250245,0.08531074
0.07042966,0.054137878
0.25494576,0.06924496
0.034715135,0.039734155
0.05380298,0.046295527
0.030834492,0.042436663
0.039090283,0.036029056
0.048356425,0.032191437
0.12234541,0.057470884
0.042132292,0.030488133
0.0556738,0.04370354
0.041657377,0.030739928
0.061208818,0.035346095
0.051156808,0.05668499
0.041971017,0.054818172
0.043946587,0.041485187
0.03966539,0.061334252
0.058674037,0.040632755
0.03722569,0.048918292
0.034612697,0.10651095
0.041260008,0.05432936
0.050563548,0.057096373
0.046014953,0.06100134
0.050509065,0.05031687
0.049234457,0.19720337
0.046278093,0.06951065
0.03808348,0.043886695
0.039572548,0.06257258
0.037577935,0.044196963
0.042421136,0.04395564
0.04993369,0.04888885
0.05839591,0.037477605
0.050667364,0.03826224
0.04757504,0.03983125
0.04770211,0.017621608
0.07526295,0.028595906
0.05945665,0.058305044
0.03201301,0.06361449
0.05561809,0.04525185
0.043163724,0.053692285
0.045044247,0.035275437
0.05380234,0.054665748
0.029557155,0.046894047
0.05815445,0.038348574
0.053140074,0.11750486
0.046304964,0.03839957
0.05271398,0.05143334
0.025860285,0.042005014
0.7425042,0.060336743
0.039186038,0.038523313
0.056368105,0.040034212
0.04291545,0.05841226
0.04302545,0.043725137
0.049414963,0.05663491
0.0431006,0.0398727
0.056586,0.056015998
0.042241268,0.033672687
0.066898756,0.036244016
0.047082506,0.05722917
0.02996352,0.035188198
0.030703064,0.048567437
0.040933266,0.033913102
0.049888384,0.036505733
0.041324064,0.03471999
0.6272353,0.047467146
0.034389336,0.028986415
0.0541067,0.059822947
0.045084566,0.04325965
0.04334759,0.048303403
0.042187717,0.0837392
0.04270831,0.03954724
0.018024508,0.054839704
0.034758404,0.03454654
0.039017536,0.034674283
0.047934413,0.030738343
0.051772844,0.046855487
0.061207376,0.043551162
0.036670577,0.042878017
0.04757281,0.054259654
0.03839638,0.04675708
0.042254463,0.04899854
0.055603445,0.04602898
0.04716884,0.03654415
0.043822736,0.04583017
0.04267062,0.022880014
0.036979523,0.037874945
0.041059647,0.03759269
0.044086665,0.02801871
0.09625394,0.056832734
0.02936454,0.040827278
0.045657963,0.058737412
0.047214206,0.062215123
0.05971101,0.06062189
0.04304577,0.028368125
0.037659187,0.034668185
0.059638243,0.044851266
0.15672223,0.067116745
0.046995845,0.7591313
0.037598733,0.072734624
0.056801364,0.028618092
0.044478163,0.042102918
0.05274434,0.042844396
0.04591734,0.03927714
0.04248992,0.059010997
0.06354989,0.04685035
0.05300261,0.066678785
0.06450978,0.09649537
0.04626332,0.03842309
0.033522837,0.057130825
0.04014157,0.05188068
0.047307994,0.053243846
0.043922514,0.05276402
0.05364786,0.0647002
0.08264882,0.040779646
0.058117658,0.060053013
0.043582924,0.03619306
0.033656992,0.042986766
0.07101399,0.046545442
0.043736175,0.050833747
0.048508924,0.021728333
0.052724056,0.031597245
0.03588969,0.035758488
0.046484083,0.039471675
0.04530354,0.055266608
0.06391987,0.06139559
0.044703744,0.027598908
0.044649616,0.04235576
0.031812992,0.061925843
0.050815284,0.04087226
0.055687875,0.054127254
0.05306951,0.03991211
0.06655957,0.040432286
0.050157346,0.12479219
0.04682345,0.022156462
0.043349385,0.07137465
0.051178154,0.053834718
0.048116483,0.03014379
0.046658933,0.09927871
0.048935622,0.039825
0.05796963,0.07965606
0.048693642,0.057980504
0.058199085,0.045884844
0.04728219,0.038706183
0.046176173,0.040786225
0.05145747,0.042202227
0.050796594,0.055194102
0.049767707,0.03450727
0.052663215,0.029687464
0.042270806,0.03677296
0.05044929,0.035016026
0.04030114,0.037794087
0.04798675,0.04388722
0.12926583,0.040370077
0.056699555,0.046037875
0.05455885,0.06661233
0.039286762,0.027756784
0.039865572,0.04234586
0.03884808,0.03639998
0.042968687,0.041854866
0.046124842,0.03744312
0.04050998,0.039057218
0.05005619,0.030220471
0.050800852,0.06894562
0.049228847,0.045593835
0.04771744,0.039445944
0.06291989,0.07264177
0.038268663,0.031315047
0.036531694,0.0455149
0.05731783,0.13324168
0.040565792,0.039226208
0.046852663,0.027914213
0.038783852,0.058409616
0.05144521,0.047478467
0.055004578,0.050112773
0.0573505,0.052468315
0.04340047,0.042894147
0.06092302,0.044824224
0.056785036,0.056814853
0.044726763,0.060845617
0.052288704,0.05179508
0.05016772,0.05781949
0.045470305,0.0385229
0.041551918,0.046568982
0.037151646,0.02463427
0.032460425,0.0481959
0.27288353,0.046188463
0.061769355,0.043367263
0.041050754,0.044497784
0.042593624,0.050950058
0.04729745,0.07246762
0.043116286,0.054170165
0.053072985,0.05486331
0.046147954,0.042602506
0.04933739,0.034539893
0.061986964,0.051456705
0.04840861,0.04242744
0.036705032,0.042328633
0.042738285,0.054801777
0.04308627,0.03523504
0.03533888,0.045237754
0.047726627,0.06732749
0.047320835,0.03256705
0.036963888,0.089837335
0.04700639,0.045373037
0.035672475,0.034507062
0.04852372,0.033004075
0.058099993,0.044390194
0.039763458,0.045307986
0.03413719,0.04061822
0.07293446,0.04420516
0.048232734,0.03436488
0.036291968,0.041746337
0.046343487,0.049829025
0.040243827,0.06458717
0.046689123,0.039579242
0.034619007,0.037086744
0.043316934,0.03388559
0.03884957,0.05000689
0.047278732,0.041067265
0.05240982,0.04798612
0.051832378,0.055632178
0.041036952,0.041388635
0.03322394,0.046854746
0.055026866,0.05012438
0.03167546,0.04710704
0.049045675,0.047202498
0.0410982,0.06277237
0.048534244,0.034404717
0.056599732,0.0409508
0.049605876,0.0829166
0.046784196,0.04415733
0.04484776,0.04967999
0.04716878,0.04825013
0.041968707,0.034089644
0.05250676,0.05596782
0.046334464,0.06547519
0.041943397,0.022609148
0.05061855,0.047515977
0.055475697,0.023625119
0.057372343,0.06296849
0.044390906,0.049314596
0.047107432,0.046511274
0.040584955,0.054820705
0.1381923,0.03441802
0.050097227,0.02222206
0.046260692,0.020976769
0.049668077,0.03299226
0.045558434,0.048603415
0.05962218,0.047274522
0.06025084,0.07148552
0.035666756,0.056355335
0.02365021,0.037865587
0.04904109,0.03280398
0.035344668,0.03173019
0.045859978,0.040022932
0.038888317,0.0326168
0.056512322,0.057452805
0.057062518,0.05581636
0.03427103,0.04655388
0.039754543,0.046395402
0.0423786,0.10536804
0.06934594,0.09981202
0.04115042,0.0542327
0.04728097,0.04039211
0.058643494,0.06141441
0.042886507,0.06352535
0.0445053,0.2338569
0.040333286,0.06501842
0.1429341,0.035423737
0.05047466,0.053998526
0.06293194,0.058702067
0.0712243,0.055294454
0.026401484,0.049555633
0.04175709,0.04617747
0.04832498,0.0463594
0.044267844,0.061052687
0.030039795,0.033145078
0.05062643,0.026995854
0.051428508,0.042086504
0.046822365,0.05805843
0.050864413,0.061362408
0.06826184,0.03850081
0.043214303,0.039895233
0.048855815,0.039581623
0.047457404,0.061159514
0.046969004,0.033116024
0.053377297,0.030564772
0.024578579,0.038720153
0.034006063,0.045464605
0.038103882,0.058795907
0.053651787,0.03293628
0.051811498,0.043828156
0.043204926,0.06042223
0.03872025,0.04689654
0.055373866,0.07340211
0.060782112,0.04839219
0.053747796,0.035892993
0.03739788,0.04064928
0.056186657,0.054219477
0.048729222,0.07022771
0.036156572,0.027561126
0.055341296,0.05552181
0.054137446,0.043969322
0.094830684,0.12986298
0.024218688,0.05738664
0.04310793,0.039497487
0.04588687,0.062219888
0.0420891,0.047885634
0.061965894,0.052328765
0.041935742,0.04354858
0.040446226,0.050174244
0.047388744,0.055665795
0.0506682,0.035596773
0.05441295,0.030508462
0.044904444,0.06574744
0.1424835,0.042472795
0.048086114,0.034977246
0.028384618,0.031980183
0.029716145,0.037210904
0.045764517,0.035450503
0.05196386,0.041728497
0.0415536,0.031646658
0.034265038,0.029712306
0.054707687,0.040728606
0.04689076,0.031325724
0.03903939,0.04909308
0.048409622,0.048402555
0.059051644,0.07108779
0.047823794,0.14823486
0.071335435,0.04504371
0.040092107,0.06117195
0.039838444,0.053901408
0.050251875,0.038490787
0.049346376,0.051085956
0.038773693,0.06138171
0.05037368,0.035519775
0.07587078,0.042206224
0.05500628,0.050107487
0.047604863,0.05506841
0.035995696,0.05071912
0.03607605,0.03935042
0.031173047,0.037971888
0.039072823,0.02721888
0.0347875,0.057780385
0.06439154,0.054206733
0.049860187,0.058956962
0.053065706,0.053940974
0.045891088,0.03825386
0.032255366,0.02857373
0.046120625,0.031732116
0.0365746,0.02908089
0.039496616,0.03640633
0.032356273,0.051198464
0.039513227,0.0312617
0.06336798,0.03204167
0.04075185,0.06358913
0.04831796,0.042994216
0.05147994,0.06284807
0.042670105,0.032369785
0.035436396,0.035500266
0.050382137,0.06257304
0.045614418,0.050124668
0.04067257,0.03750968
0.03592652,0.03985357
0.048936766,0.039369285
0.0660461,0.057738613
0.095128015,0.0846129
0.03866306,0.023626234
0.037269454,0.06612365
0.04782775,0.048228536
0.03949125,0.05368721
0.05881858,0.05996634
0.0612495,0.035752125
0.055203896,0.047705714
0.042392693,0.06771783
0.05623395,0.09877132
0.056708436,0.060491502
0.05744,0.03569786
0.049645726,0.041743077
0.025567159,0.04458231
0.03749251,0.03500054
0.04705464,0.03618691
0.030779583,0.04441955
0.05140413,0.0444869
0.08808937,0.040402643
0.038607806,0.044881474
0.054088805,0.06227294
0.065277055,0.04896824
0.055088904,0.04627946
0.053300556,0.05647921
0.037761696,0.04910982
0.043124642,0.045895904
0.046777546,0.042830165
0.04836173,0.046726476
0.037770376,0.04812136
0.04560967,0.042864595
0.05216052,0.05266367
0.045574963,0.04121689
0.052755747,0.060612164
0.0479131,0.04811336
0.05993142,0.05251728
0.045383878,0.040562216
0.045187876,0.05093806
0.036147162,0.046279397
0.047562145,0.04111332
0.050198447,0.061220456
0.052669868,0.048716843
0.051003132,0.054122403
0.058910593,0.045590535
0.03282897,0.0329084
0.037733965,0.049542475
0.032347124,0.059538674
0.050313134,0.04778985
0.04094346,0.03292406
0.080095895,0.051979616
0.04805829,0.030346762
0.04737041,0.05202539
0.029669866,0.05107813
0.026637886,0.030471379
0.03818605,0.040944025
0.02510767,0.0759076
0.068058506,0.052048754
0.053439733,0.046371467
0.05477859,0.044030614
0.037374537,0.037149303
0.042964123,0.0495543
0.05672758,0.04238134
0.042599343,0.061715845
0.053246986,0.03384339
0.04485937,0.04224041
0.059517268,0.03452173
0.040271834,0.07865824
0.09061626,0.032455023
0.043474738,0.059404656
0.061634995,0.048978712
0.061353315,0.065631606
0.029182754,0.06303245
0.040071897,0.03471485
0.04180759,0.050586503
0.081219725,0.05528746
0.044004306,0.048339467
0.052628282,0.05595077
0.037443645,0.039684184
0.035272427,0.054059513
0.06915752,0.04381679
0.026088493,0.03194633
0.06534183,0.03150015
0.04483244,0.04375248
0.057471212,0.05428368
0.037500683,0.050974913
0.042223826,0.041551046
0.096484385,0.03605122
0.04979781,0.044020187
0.058175378,0.032589454
0.033791576,0.043558747
0.036486976,0.048114892
0.06291253,0.047414135
0.048985712,0.044436667
0.045379456,0.044433344
0.042142075,0.037798513
0.044685725,0.04364959
0.03641083,0.049673017
0.052010555,0.06475334
0.038885925,0.045973174
0.04514257,0.036862265
0.05442004,0.045474462
0.06713446,0.03646239
0.046400547,0.05347424
0.052749854,0.045669924
0.036413044,0.0460565
0.06731457,0.040523723
0.05060316,0.047641337
0.043972272,0.052621
0.04330723,0.07517941
0.32762095,0.041639227
0.047687043,0.06408509
0.04732857,0.050417423
0.026127908,0.03943165
0.043974128,0.026361475
0.06383757,0.04935536
0.03820761,0.02825483
0.064345546,0.06766877
0.045175828,0.03652344
0.822959,0.8217162
0.06821191,0.050413467
0.03965324,0.031916212
0.07768921,0.0575842
0.050332654,0.050379258
0.03315036,0.031400133
0.05057735,0.039259367
0.050455138,0.07190114
0.042377118,0.024683114
0.05337097,0.059169147
0.032609407,0.052651756
0.041630395,0.10810309
0.049120165,0.08537706
0.04422915,0.048059784
0.053911746,0.028485408
0.0410757,0.045692068
0.04464487,0.03715927
0.041634064,0.042446367
0.03856691,0.042990983
0.046807207,0.043808464
0.042383883,0.02846613
0.04402279,0.048583437
0.05263253,0.047396913
0.03378108,0.07851023
0.049581997,0.034611646
0.04112122,0.047560196
0.046902716,0.0423355
0.05570491,0.04048899
0.03951064,0.040944025
0.048808776,0.042758405
0.04112206,0.043456513
0.04680772,0.05537507
0.058806513,0.032104656
0.04473132,0.035494376
0.055555094,0.041058283
0.05242072,0.056873567
0.034076814,0.040756673
0.03522209,0.036877293
0.030639818,0.042166814
0.04835305,0.04154263
0.03347922,0.047714107
0.065211736,0.25482315
0.056277126,0.04556839
0.056094885,0.048140466
0.074517354,0.06153472
0.032955952,0.03451761
0.046306122,0.044657268
0.043317005,0.06689051
0.03921319,0.048206937
0.041750334,0.04664726
0.043121103,0.0416723
0.039345514,0.041340087
0.07706185,0.13547152
0.036758564,0.041480925
0.048726413,0.05004427
0.0505687,0.09567443
0.13758475,0.048257127
0.059593562,0.06855758
0.04314823,0.052648608
0.057747457,0.040781002
0.047317073,0.04683621
0.0491805,0.0390863
0.05321417,0.049635418
0.047840394,0.039089777
0.029008808,0.042703845
0.053168893,0.03400995
0.035195827,0.03725236
0.04495169,0.04349632
0.03632189,0.03918282
0.052561983,0.03922532
0.022856284,0.038925603
0.04809817,0.071039595
0.043063965,0.030711534
0.037794996,0.049120575
0.06168811,0.052405972
0.10745775,0.03399164
0.044158164,0.05363005
0.046861995,0.029431518
0.04681488,0.055594143
0.05473727,0.047169972
0.051746957,0.031141892
0.034439865,0.021050215
0.040970795,0.04342204
0.050219946,0.04578766
0.05892209,0.061548274
0.05627808,0.039004624
0.04806346,0.045517415
0.030200183,0.05155048
0.06201203,0.032740556
0.052434105,0.07993482
0.036715355,0.043053914
0.0657931,0.056784928
0.04495624,0.039284572
0.052726652,0.03937077
0.03509469,0.030284168
0.019419037,0.045177225
0.061207194,0.04100313
0.04870366,0.05289979
0.04346196,0.05880539
0.05547513,0.05541824
0.036667857,0.05004949
0.04194778,0.044083994
0.047526196,0.068127744
0.038818847,0.036115244
0.045677938,0.030064082
0.057182275,0.055607803
0.031578783,0.024095042
0.04457457,0.06139386
0.05204931,0.05763056
0.057754066,0.050275557
0.028092973,0.04133825
0.03863045,0.036769614
0.04629742,0.030383922
0.058623135,0.09542491
0.034493186,0.0459511
0.053608496,0.033633567
0.05402353,0.06416863
0.05761182,0.05943858
0.031213153,0.054308683
0.024190467,0.039869025
0.053268764,0.082320966
0.054868758,0.040298115
0.035125263,0.057635743
0.5022376,0.9647035
0.052621122,0.03865003
0.044444285,0.040855408
0.03367276,0.05160224
0.03504519,0.041348983
0.06359019,0.04240099
0.031505488,0.052130945
0.04606628,0.036791887
0.051590104,0.04698118
0.06144468,0.04938249
0.04973263,0.038052112
0.05094079,0.06821481
0.043464586,0.033936422
0.03461796,0.04612256
0.051217984,0.063864775
0.06606295,0.043355875
0.03995793,0.039964613
0.03730971,0.05935781
0.027922686,0.056305036
0.04988456,0.03595607
0.05683878,0.044220723
0.051483307,0.094481505
0.04356282,0.03280013
0.060931154,0.05939565
0.047772463,0.051965494
0.03852705,0.047889873
0.03816073,0.021776183
0.05574125,0.05310793
0.04741512,0.040800564
0.040127102,0.04807823
0.050277643,0.042248193
0.045074373,0.03833794
0.048855886,0.15163513
0.034793742,0.033335816
0.040613726,0.048425484
0.05184037,0.03945432
0.035520907,0.034522276
0.033440627,0.035456385
0.034726128,0.05070666
0.04270304,0.048744865
0.034082673,0.05114467
0.04733163,0.033625677
0.06516941,0.042430565
0.03406932,0.05273307
0.03478353,0.30283144
0.033632614,0.028523356
0.039034672,0.03664469
0.06822666,0.062377144
0.038979895,0.0640203
0.050582055,0.062809706
0.046213217,0.04345367
0.14432934,0.043834977
0.062824614,0.092863046
0.051904332,0.05558457
0.04428581,0.04626733
0.05888019,0.038128506
0.04062141,0.050621826
0.04554953,0.033394028
0.05197489,0.066777825
0.038362063,0.030240461
0.06466685,0.0587975
0.04537511,0.028644968
0.039513227,0.045108654
0.027925516,0.032340426
0.044354655,0.035628185
0.445952,0.042918935
0.038714502,0.03503972
0.06479089,0.031549495
0.04172547,0.053642817
0.03693243,0.1362903
0.03813276,0.040845156
0.041899092,0.037598353
0.063885644,0.040702835
0.04444332,0.04688609
0.08010581,0.038625076
0.038594216,0.030600948
0.04298784,0.035216417
0.028460408,0.05854993
0.05475704,0.03755296
0.02463862,0.16305622
0.075574964,0.034439683
0.04349299,0.027064895
0.06902022,0.041322228
0.039556514,0.045658514
0.047404896,0.046156485
0.06849708,0.061611358
0.021635043,0.033577293
0.16029759,0.2141661
0.05665532,0.059284125
0.042022977,0.061970674
0.043355305,0.06095115
0.043874938,0.055042226
0.062075227,0.043504253
0.038596153,0.03704685
0.049159154,0.05848431
0.04772165,0.048297893
0.032519836,0.0400985
0.038095586,0.03230695
0.041488327,0.04039469
0.04466501,0.06316336
0.04370304,0.028659405
0.03392053,0.06292399
0.044419978,0.039763752
0.03945358,0.01454762
0.021230312,0.024543194
0.05920233,0.054595843
0.052698452,0.059263185
0.04985993,0.0689294
0.049721558,0.0432005
0.046162535,0.0644742
0.034576762,0.037863273
0.045828927,0.03017283
0.050878387,0.028900914
0.037136402,0.056313016
0.04282182,0.036015786
0.055154126,0.036076937
0.045862217,0.055933587
0.05435858,0.044141572
0.058009684,0.037064884
0.05976118,0.052672215
0.06120405,0.054462265
0.047234204,0.039391406
0.032323092,0.048484262
0.053723305,0.03508136
0.046606183,0.046916146
0.059635665,0.044968188
0.055990886,0.04468763
0.03941183,0.04191336
0.12043295,0.04431994
0.046601832,0.05180579
0.07378909,0.042987727
0.06150964,0.04038013
0.04575402,0.032729365
0.09437698,0.04071311
0.046479806,0.051040206
0.047726374,0.06821756
0.042633444,0.03394355
0.03888625,0.027007636
0.037202153,0.04794533
0.036184113,0.04604874
0.040063307,0.030037742
0.0356843,0.043257684
0.031782206,0.035949163
0.052384652,0.06850398
0.0456253,0.05586176
0.040835373,0.04479124
0.046753574,0.042213198
0.045019314,0.050236847
0.054106954,0.050374165
0.045049056,0.031883128
0.037741993,0.04317626
0.41319102,0.03875668
0.04864806,0.07146259
0.059125163,0.058100116
0.051592,0.20168328
0.046051316,0.059206985
0.046647303,0.061388507
0.037451677,0.04042433
0.04372859,0.03268511
0.045268554,0.08611469
0.04798177,0.05666523
0.029776389,0.03410474
0.040585596,0.053732287
0.044242624,0.051437426
0.046137832,0.04066349
0.040238015,0.02983593
0.049456365,0.05815441
0.06971414,0.04482936
0.047009334,0.027411511
0.045945827,0.038298044
0.042507544,0.03643867
0.032149166,0.04021971
0.050342835,0.03377726
0.03286558,0.06403243
0.04466847,0.05849095
0.064957984,0.05009863
0.78193384,0.035263184
0.06885436,0.043109063
0.03907579,0.03219041
0.039548058,0.034962047
0.057524774,0.078240104
0.037309326,0.042923417
0.041680377,0.024233868
0.040644307,0.037227295
0.033236846,0.058483716
0.038230788,0.06998597
0.047188196,0.05200023
0.060136132,0.037863817
0.052166987,0.05867295
0.047337443,0.03612646
0.052291553,0.04447046
0.04118846,0.038397122
0.032537468,0.060233697
0.040638376,0.0374733
0.052739907,0.048223354
0.04777649,0.050614525
0.057032462,0.03427397
0.046202213,0.037315857
0.058062963,0.055064935
0.08507329,0.042342342
0.047785435,0.059663925
0.04925707,0.041047286
0.042926513,0.049540203
0.04203908,0.023641469
0.044275865,0.04910263
0.038599074,0.04519937
0.047582645,0.050642285
0.026261488,0.040083066
0.12239782,0.38832876
0.04162659,0.06957063
0.026011446,0.05355713
0.052714933,0.042650968
0.057000034,0.030437203
0.058690485,0.034558605
0.028602464,0.033085804
0.05943633,0.038819645
0.0329356,0.034289677
0.048354834,0.030165518
0.032563053,0.03210858
0.049558055,0.04915275
0.054494437,0.04558087
0.0452517,0.056335837
0.049192283,0.07421303
0.050510462,0.037792787
0.04651402,0.05082579
0.03857791,0.042791802
0.034265097,0.03623513
0.040062346,0.038157832
0.050221983,0.036023382
0.034686822,0.027938837
0.054314762,0.0499595
0.053004254,0.03530885
0.054479267,0.030425617
0.067921735,0.03925351
0.050448842,0.053300835
0.025507139,0.055606995
0.05793365,0.042857423
0.048271652,0.05591822
0.04706915,0.04265619
0.04660369,0.0403687
0.053224433,0.0353739
0.19226389,0.056999538
0.039091703,0.02592976
0.047819514,0.03921374
0.05132906,0.0266868
0.062636435,0.053018175
0.036367726,0.036740642
0.038854033,0.05094328
0.050355166,0.05331465
0.03709581,0.03573631
0.050407123,0.06406126
0.049675785,0.04360404
0.033864748,0.038791094
0.03731594,0.03353797
0.05224221,0.07008661
0.04631277,0.023602441
0.042313933,0.046723373
0.039889604,0.038435977
0.04549976,0.038314614
0.04730467,0.04720392
0.061794564,0.053273357
0.050140556,0.041941646
0.04583866,0.04112976
0.059024002,0.056268163
0.050416544,0.032983955
0.05664567,0.04681046
0.053263947,0.06326942
0.034337126,0.03530064
0.082905695,0.07839958
0.041518487,0.037018914
0.014870125,0.032539148
0.037219208,0.061577804
0.054203216,0.03016683
0.044478934,0.06863551
0.050505627,0.06089819
0.03519362,0.05572088
0.05204633,0.047573205
0.05616092,0.03878374
0.034053165,0.02976598
0.04433541,0.02932149
0.042686824,0.06049758
0.040783647,0.05178577
0.051337257,0.0338862
0.047656205,0.06126566
0.05542834,0.04828443
0.018622817,0.0639808
0.044491246,0.04833326
0.038199,0.056818787
0.04684148,0.04527557
0.0430486,0.067790024
0.051675923,0.034680184
0.05311005,0.034183946
0.02106188,0.02830564
0.038472038,0.027730433
0.073105045,0.062209725
0.03324983,0.037793193
0.054163244,0.0763544
0.06169681,0.061120383
0.05295984,0.05290381
0.045554854,0.058802944
0.053041764,0.04133554
0.036375716,0.034223717
0.05370989,0.058344454
0.034125406,0.053240635
0.045114562,0.038794365
0.03334614,0.03408759
0.09177374,0.046836406
0.055505227,0.045409083
0.084616005,0.05416977
0.045881364,0.04140772
0.051712416,0.062240217
0.036271647,0.03362417
0.044937905,0.04738404
0.049527492,0.10627772
0.04881643,0.043175384
0.036156777,0.04318533
0.061442368,0.1685309
0.07709671,0.055476256
0.04072688,0.035305765
0.06793171,0.03778092
0.048679497,0.047801238
0.052912768,0.041795824
0.045149677,0.034551755
0.045458257,0.046790108
0.04425391,0.059182066
0.048966397,0.038589086
0.043586455,0.04081838
0.0457439,0.03294686
0.059269924,0.043398675
0.047638196,0.031293362
0.046749923,0.07015171
0.044440888,0.03940741
0.04797162,0.05109896
0.028998109,0.022770468
0.049141318,0.044047184
0.047111396,0.05357195
0.05267804,0.06121333
0.049476616,0.028682478
0.03847586,0.060621433
0.04634195,0.043988932
0.05145169,0.044944186
0.038944647,0.042331345
0.060034182,0.037080318
0.03540923,0.03488683
0.0464253,0.051200956
0.043367382,0.04135672
0.0503324,0.067588046
0.04887112,0.08449722
0.052591838,0.036356907
0.059478734,0.0501888
0.06367308,0.03378632
0.057732247,0.056982316
0.032463882,0.048017662
0.039887536,0.070127025
0.09389143,0.043217704
0.08072321,0.046744663
0.03960731,0.046549026
0.042103197,0.036415357
0.030076625,0.037881076
0.03881167,0.058936745
0.045007773,0.035481717
0.051331162,0.046030268
0.032106243,0.049781635
0.042324226,0.057397548
0.06593721,0.03835676
0.057893336,0.038771816
0.05545651,0.043717835
0.036522355,0.05175578
0.06447321,0.0526436
0.04376462,0.050652735
0.051308487,0.04857605
0.045246,0.04178332
0.03566409,0.03145734
0.048415683,0.061431985
0.05134901,0.048461463
0.036832925,0.055472583
0.044190127,0.034408074
0.039451767,0.024743062
0.049202472,0.04954665
0.076571964,0.062114462
0.04887418,0.05050521
0.037197683,0.04924399
0.03742108,0.035135813
0.04944878,0.039067164
0.045851845,0.04158989
0.054502275,0.052283082
0.046164967,0.034459006
0.05494388,0.07481035
0.06735384,0.039940327
0.047478545,0.034989588
0.041982416,0.10241245
0.03688041,0.08951957
0.040132273,0.04760619
0.044612676,0.043344703
0.05122402,0.038132936
0.04313981,0.034198686
0.03931048,0.03392181
0.04193348,0.032981005
0.10835131,0.03802059
0.03905892,0.05369108
0.056078885,0.037482783
0.04597815,0.06314688
0.04664052,0.066763856
0.04876282,0.03097654
0.08005748,0.04531474
0.047706835,0.04352895
0.02937825,0.0475219
0.042788967,0.04464024
0.05100236,0.04503547
0.040240336,0.092853606
0.054021634,0.07485011
0.0461754,0.04988225
0.048792772,0.04792393
0.03613021,0.031307407
0.059008,0.052479025
0.051100146,0.0423047
0.05230316,0.026701905
0.055098172,0.03440849
0.042679686,0.05163317
0.04324355,0.041701548
0.046696413,0.03542894
0.027777994,0.03479146
0.04574153,0.055176374
0.057771996,0.04314876
0.049341854,0.06897806
0.053849675,0.04775472
0.05112276,0.059982695
0.06361327,0.061550982
0.04070946,0.043633286
0.045694467,0.05178155
0.048251238,0.03535966
0.049298543,0.03515601
0.03804087,0.04102357
0.047347724,0.03188127
0.03283752,0.03854328
0.03962216,0.05579179
0.057485186,0.035441596
0.051458675,0.036939055
0.05375912,0.0657291
0.046999678,0.045000672
0.06999176,0.061769135
0.16129278,0.021622382
0.057269927,0.048483256
0.044054188,0.054628458
0.033931337,0.045010485
0.046071727,0.04177709
0.03345595,0.04182927
0.050225034,0.03538636
0.04394306,0.035629213
0.04125588,0.047807008
0.0654851,0.028460052
0.05829558,0.059226003
0.04473016,0.03558418
0.059394266,0.055926878
0.059126236,0.04434497
0.032374624,0.035040267
0.04250002,0.03669711
0.04526349,0.04810064
0.045171216,0.036954496
0.05077969,0.034228176
0.053294662,0.052061606
0.044143148,0.03807516
0.062431965,0.041302532
0.08539462,0.04084896
0.057055194,0.051225524
0.04678221,0.043702926
0.053334557,0.053576957
0.052441902,0.04385102
0.048456308,0.03789029
0.045917727,0.11682065
0.042515583,0.036281627
0.05137505,0.049119286
0.035933405,0.044248506
0.0409826,0.048195157
0.07540538,0.062010635
0.047952283,0.05153039
0.053291053,0.07895132
0.04725267,0.05036732
0.0514995,0.039903585
0.047340963,0.030440645
0.47591627,0.046534665
0.05470579,0.035434887
0.06078832,0.032038774
0.046213794,0.07086695
0.04298277,0.038251605
0.06036411,0.13306578
0.04705771,0.07227891
0.054736316,0.043672346
0.04461164,0.033851154
0.037937377,0.043333184
0.054865908,0.058470972
0.07641327,0.061302863
0.052115608,0.027831629
0.044569053,0.05647108
0.05465005,0.03295194
0.19197825,0.06115171
0.035201415,0.05589479
0.04420906,0.034951158
0.040485077,0.04595982
0.03749835,0.042594638
0.030951116,0.054797165
0.06498593,0.04246357
0.040715847,0.03468271
0.048499484,0.08597195
0.06002684,0.029623711
0.048953082,0.045400713
0.04677569,0.05316085
0.033549435,0.05553121
0.048819363,0.07405849
0.050198954,0.03712595
0.04204062,0.04279622
0.06784966,0.044053543
0.040602114,0.043587446
0.04676942,0.037599992
0.028066883,0.034878608
0.0444194,0.04489168
0.04155051,0.025812827
0.040507402,0.04776152
0.056991838,0.04842393
0.05969156,0.06355573
0.036582448,0.023550121
0.05706126,0.06000746
0.037458614,0.04014482
0.05796888,0.053252786
0.05104576,0.050063066
0.06702829,0.04797379
0.03862825,0.045548674
0.071104564,0.037754852
0.05978974,0.06397521
0.042636793,0.027304644
0.05095318,0.028391141
0.05302041,0.039533775
0.04390434,0.035749175
0.045748577,0.037621904
0.050691083,0.0503158
0.047397617,0.058645822
0.049828485,0.047609687
0.03622054,0.04230857
0.04568883,0.037945624
0.050633427,0.0629369
0.06390198,0.06034118
0.044665325,0.03124111
0.04316996,0.057557184
0.03628787,0.027809016
0.05232833,0.035264615
0.047971368,0.045557987
0.02762229,0.030859452
0.042160876,0.08314321
0.29221833,0.050102107
0.053705458,0.06292919
0.055473607,0.052478217
0.052491356,0.040464308
0.058903676,0.041450977
0.04274343,0.027988631
0.04021213,0.030178612
0.04310915,0.0863048
0.044427544,0.048690546
0.050388873,0.04224428
0.045725264,0.046285275
0.041730236,0.040284805
0.058094274,0.058032133
0.041364666,0.04316677
0.034487385,0.038458206
0.056507718,0.05042796
0.060066912,0.04961264
0.061295252,0.057939146
0.0435131,0.08276626
0.044636536,0.044280507
0.049659297,0.056470685
0.042013325,0.04978782
0.09539915,0.03366322
0.04098698,0.034437485
0.028354725,0.042314734
0.03923026,0.036657535
0.045666866,0.040825114
0.046968874,0.03994728
0.071294345,0.06878251
0.036382012,0.051175885
0.046028398,0.04860818
0.041374076,0.055313297
0.041992467,0.046383534
0.055982307,0.06746337
0.050359182,0.044219628
0.044786267,0.06620005
0.03958004,0.06794315
0.059290204,0.04624877
0.03668388,0.035957303
0.04076365,0.043365907
0.034326375,0.036739197
0.046188332,0.23105095
0.040577594,0.054611515
0.05904347,0.038418796
0.23677312,0.03715053
0.035713147,0.054733556
0.04943115,0.038799413
0.052095305,0.047787618
0.07670541,0.048659485
0.050716504,0.0333917
0.9410443,0.8519106
0.044068757,0.037387073
0.055502083,0.05175838
0.052474614,0.031427663
0.045516483,0.07383776
0.11552377,0.035992607
0.09869881,0.037265398
0.047435623,0.027999146
0.04301376,0.049573034
0.052806955,0.03993646
0.06491355,0.056623347
0.03472847,0.045630492
0.05306374,0.09051359
0.047354054,0.058293305
0.03984826,0.027702138
0.04683713,0.04629107
0.05039727,0.056907862
0.027059622,0.04771352
0.048601963,0.04320614
0.055525932,0.039268974
0.05076736,0.030674405
0.047424193,0.0452905
0.05686121,0.040405773
0.039728444,0.04240324
0.03559702,0.047982536
0.03572277,0.025911039
0.04009799,0.041724958
0.044759143,0.038214643
0.038920593,0.044707302
0.04498996,0.05254469
0.047032017,0.045839965
0.030743646,0.03530064
0.036663245,0.035481643
0.059823282,0.05340285
0.055107217,0.05166946
0.048076794,0.062065676
0.054148704,0.06492506
0.053696223,0.03160751
0.046764057,0.0385942
0.05511233,0.08947703
0.04561377,0.06614597
0.070736,0.20830932
0.05317009,0.0391472
0.050697118,0.04597357
0.05237025,0.06138527
0.036314044,0.030628163
0.036106378,0.05026509
0.04415707,0.037907623
0.051941324,0.025495917
0.048072647,0.04704365
0.060679268,0.0467324
0.04402331,0.053422216
0.055185523,0.053654775
0.05501563,0.03085284
0.04180186,0.054365866
0.051276993,0.062721595
0.060239177,0.039615113
0.04515929,0.023028404
0.06656715,0.04684537
0.048147816,0.06568536
0.05415338,0.035385802
0.042425256,0.053441845
0.03990542,0.03863026
0.04189871,0.04126002
0.06870055,0.03886114
0.049353756,0.04840861
0.056775667,0.04556804
0.040150993,0.03362547
0.053490058,0.07507539
0.029452821,0.036183633
0.04347211,0.045523886
0.06359455,0.047579195
0.04206727,0.048389964
0.04161854,0.048199333
0.6121629,0.40229985
0.04027029,0.043638356
0.041574854,0.03275663
0.03448127,0.044281796
0.03971882,0.044888776
0.036589656,0.03773731
0.044025164,0.034317512
0.04453699,0.04110672
0.039998807,0.028939866
0.04143137,0.040877704
0.06028702,0.048801873
0.05503812,0.042739823
0.03067903,0.049184185
0.05213527,0.04785628
0.050458,0.05589013
0.08478472,0.04165302
0.101808794,0.058906645
0.055430755,0.031171707
0.046140075,0.038081717
0.047719926,0.032000817
0.050657135,0.04066185
0.04122301,0.042724304
0.061012864,0.04924432
0.08183579,0.06954405
0.039595738,0.052127052
0.081988566,0.05286558
0.06540491,0.058815405
0.054873046,0.046235286
0.051014498,0.04095312
0.032450628,0.025735063
0.054401826,0.046706103
0.04727733,0.059677847
0.0502992,0.07160458
0.055811808,0.053039752
0.06926089,0.7393405
0.02226565,0.042737726
0.054555565,0.048174653
0.039389137,0.056543455
0.052890845,0.040869944
0.04549669,0.04189631
0.0688806,0.0461007
0.04546127,0.3663764
0.055603445,0.05099181
0.053069256,0.03396907
0.048156872,0.042060032
0.05897259,0.049444154
0.039441362,0.048515193
0.056315843,0.056403164
0.05733596,0.04786968
0.05636387,0.029293325
0.044193465,0.025723271
0.03803932,0.080206506
0.045939486,0.017900987
0.03776772,0.05213689
0.02847939,0.045732573
0.053780325,0.042330187
0.050353006,0.05510839
0.061749034,0.031513702
0.054851823,0.05781398
0.043771435,0.040649015
0.03983296,0.025498135
0.04506156,0.032626353
0.044059705,0.036162157
0.047326848,0.040740825
0.050574865,0.040701
0.043121237,0.021659007
0.030324312,0.03543119
0.023640953,0.037584428
0.054325074,0.06065171
0.054383554,0.03968788
0.05788283,0.047227964
0.055284712,0.023654202
0.05179855,0.027519265
0.048779964,0.047548287
0.036745586,0.028159076
0.04190328,0.042223647
0.041477893,0.05178529
0.052847568,0.03193822
0.031623624,0.04324387
0.040512495,0.061098766
0.048395403,0.047569577
0.055999283,0.33689556
0.9033194,0.0644798
0.03684862,0.048029445
0.034048997,0.036940966
0.042482,0.045545153
0.047545027,0.044185814
0.04819656,0.06678569
0.11798124,0.06076098
0.0525448,0.27881
0.05236727,0.06267482
0.05166685,0.03963872
0.05958385,0.06478412
0.055769462,0.03215609
0.038733322,0.06949282
0.06502926,0.053588912
0.050863642,0.035153553
0.04103747,0.06145557
0.041603208,0.054035973
0.046722047,0.038154904
0.04651575,0.03128971
0.03562588,0.04433474
0.058794405,0.06949902
0.05405686,0.05251533
0.04523728,0.055194166
0.046611294,0.03282706
0.045185637,0.046093747
0.04758865,0.054072868
0.048372313,0.038266677
0.06365268,0.03748757
0.08233962,0.03617926
0.04647807,0.042857423
0.052539606,0.065193295
0.0225757,0.06413941
0.038644817,0.035701346
0.07750785,0.040731315
0.046796408,0.042252064
0.04682703,0.040360063
0.042066693,0.04241699
0.048083305,0.040729698
0.04538382,0.033233453
0.04088277,0.030938735
0.042433355,0.04726045
0.0512855,0.03963334
0.03608982,0.025254888
0.051019203,0.047703963
0.04743633,0.12702027
0.046032496,0.053521674
0.10730426,0.102458
0.102606386,0.051816437
0.03263441,0.05952853
0.040877547,0.052703384
0.05423952,0.05321812
0.1613444,0.04730591
0.048065305,0.035402644
0.054499183,0.03917717
0.04863588,0.061254032
0.05171851,0.041486893
0.06416722,0.060983546
0.12906365,0.03927245
0.04897596,0.04740902
0.042841047,0.029163122
0.3165307,0.03825624
0.035592336,0.049990583
0.050074127,0.05158705
0.025428632,0.039218776
0.038361486,0.026148524
0.04849853,0.032265145
0.05643461,0.032474674
0.040618632,0.038574025
0.042084143,0.057945505
0.035652842,0.05046431
0.037370067,0.05416057
0.040814858,0.048561994
0.053754944,0.06491216
0.06695885,0.051414516
0.05051523,0.046029046
0.037846167,0.03109672
0.037709087,0.055590622
0.03674462,0.056177534
0.038364984,0.07112601
0.05147544,0.26241425
0.052557096,0.048600335
0.04461492,0.029921671
0.058321174,0.048356015
0.045439426,0.04008169
0.051387746,0.056304906
0.044260137,0.05564623
0.047369134,0.030100903
0.041248854,0.052968185
0.040094174,0.033788517
0.04827873,0.11911621
0.038349055,0.04332479
0.037935816,0.04468621
0.05455456,0.03128063
0.04725433,0.040767144
0.039902065,0.05971081
0.059934784,0.044040013
0.04328795,0.04930397
0.050396252,0.04241476
0.04617943,0.031594776
0.055569556,0.04829103
0.032810964,0.04540471
0.06484443,0.0559965
0.04894664,0.039776694
0.032192405,0.033512097
0.07840651,0.06346849
0.03904871,0.0559302
0.034248043,0.030311951
0.08387391,0.024715343
0.04182214,0.047386877
0.039707646,0.05502828
0.047995623,0.05177023
0.03555802,0.043647975
0.047352906,0.050371934
0.05008011,0.036738038
0.052075006,0.041967154
0.05582278,0.04490486
0.05240272,0.6438803
0.045235425,0.044908162
0.04096815,0.027370395
0.032055214,0.06105944
0.053638745,0.03518683
0.05291359,0.030595845
0.03497182,0.04508168
0.05271037,0.054831244
0.052293397,0.038967222
0.059603542,0.039691072
0.037068695,0.030690866
0.0432449,0.039554738
0.0405345,0.03887205
0.05308408,0.050311364
0.05203136,0.045585595
0.030440236,0.039284494
0.043251712,0.06467867
0.040308695,0.038156945
0.037238527,0.051005144
0.054591905,0.037489343
0.03851482,0.043013193
0.054683425,0.061257333
0.05367609,0.06661594
0.057570405,0.052537937
0.046358842,0.037187546
0.06035344,0.048454534
0.0362371,0.04207728
0.03934797,0.04536729
0.035702106,0.04918648
0.0673758,0.05815413
0.044240315,0.05332407
0.0444917,0.052034568
0.054527566,0.03773001
0.05722257,0.05421021
0.059369158,0.03657238
0.058211476,0.05247452
0.029228162,0.021880371
0.035915993,0.054749098
0.050636347,0.037369598
0.05252857,0.037944805
0.04731624,0.033370003
0.061649516,0.04425812
0.040349416,0.045324337
0.04524453,0.07086175
0.046358384,0.0533444
0.048070863,0.05241889
0.036586147,0.032586776
0.05553301,0.036582764
0.03604994,0.041043878
0.048542276,0.052825466
0.044526532,0.063719496
0.045729432,0.04402325
0.05045018,0.038979694
0.04406375,0.046121355
0.027906584,0.04653661
0.04686609,0.037710216
0.06888667,0.050687883
0.03723004,0.03389478
0.044255584,0.025798116
0.058863744,0.055663347
0.039315518,0.079791516
0.04161422,0.039991565
0.057011306,0.1795231
0.036711007,0.04437452
0.04888425,0.03476823
0.05964163,0.047373064
0.0198492,0.03346824
0.05498746,0.036715217
0.034263667,0.03808833
0.07593566,0.0501827
0.015269086,0.051775932
0.05043218,0.05928618
0.040497467,0.038712926
0.04850765,0.014307041
0.055944018,0.046838023
0.035967182,0.03538649
0.055827953,0.01954491
0.03108146,0.049666896
0.072433226,0.06077777
0.056299195,0.038607698
0.0792873,0.03939488
0.91266817,0.9208253
0.044288054,0.045983296
0.036875736,0.02538308
0.04222485,0.035138413
0.040425956,0.033961255
0.05512616,0.043573238
0.0544347,0.0570139
0.03765504,0.02786386
0.032750204,0.021595102
0.15528162,0.019105239
0.03254412,0.044266976
0.049437962,0.033987585
0.044412658,0.04757537
0.06639511,0.06193662
0.047459707,0.034158226
0.049659163,0.033956993
0.041253813,0.03227918
0.04409777,0.04065798
0.051740285,0.07993572
0.051123783,0.067567416
0.051594608,0.062748045
0.060867656,0.062078353
0.045165192,0.04538565
0.04671636,0.043878105
0.05602445,0.05241347
0.057788484,0.043183167
0.04407023,0.06798723
0.046026796,0.022520391
0.047772788,0.037744336
0.048254423,0.0693572
0.04476684,0.031286553
0.049843382,0.047918946
0.03973239,0.036691293
0.045801263,0.053775083
0.043186024,0.06410011
0.055250116,0.027495254
0.0492651,0.058992222
0.063119724,0.03518744
0.040003773,0.052671887
0.046765976,0.06421821
0.04914826,0.046262674
0.03343358,0.042336702
0.056047227,0.051130068
0.054646645,0.036449064
0.061000656,0.04002232
0.03935883,0.032160636
0.043420002,0.06598446
0.043904223,0.03968012
0.051637907,0.062700674
0.05651711,0.041498717
0.047628045,0.044826325
0.05679033,0.055663873
0.04640937,0.049852524
0.066480204,0.047857698
0.042330857,0.049325418
0.06460487,0.040026255
0.019954212,0.067241564
0.054614853,0.032704905
0.040090818,0.042557016
0.040871806,0.039741695
0.07399632,0.060084447
0.044511262,0.039762463
0.049027767,0.041281834
0.039938945,0.04591035
0.055896662,0.06498069
0.04255567,0.050484836
0.05084928,0.043492798
0.034481857,0.050663337
0.043822154,0.04344838
0.054109745,0.06305709
0.040821705,0.070819475
0.06492164,0.16968597
0.028386647,0.046670124
0.03989787,0.029052986
0.04136751,0.037503134
0.043912496,0.042028558
0.0382605,0.04274518
0.039627597,0.05625487
0.07119505,0.032177143
0.051264927,0.037808143
0.05386809,0.04443341
0.04964242,0.035575766
0.049495395,0.06646719
0.041029673,0.043831196
0.04288735,0.032032173
0.040911213,0.04616715
0.048621025,0.05021704
0.025631277,0.06861437
0.04892338,0.05203518
0.028880227,0.039412305
0.05909778,0.06051253
0.03929025,0.026143672
0.045197815,0.043291412
0.071075134,0.04186396
0.0496265,0.06184879
0.03976927,0.03493787
0.073138185,0.22331446
0.054971986,0.03721759
0.03999706,0.048596356
0.03243405,0.035195455
0.024177913,0.05389192
0.05478598,0.03669547
0.036561295,0.052527968
0.052400816,0.03477549
0.04045152,0.04474643
0.041769326,0.113413654
0.0481616,0.06931825
0.048343223,0.039722044
0.22374314,0.05617961
0.06117815,0.029027915
0.055838924,0.043404356
0.038145255,0.042809706
0.050657135,0.04066185
0.02158356,0.03295311
0.06180864,0.05500509
0.056127314,0.030882731
0.04445609,0.05668206
0.05274523,0.054002658
0.036459647,0.050550826
0.030858058,0.04265497
0.035737067,0.044933453
0.06277272,0.04747132
0.04835516,0.066068895
0.052489895,0.048587743
0.04434644,0.045566905
0.07487695,0.058315337
0.058065902,0.05548791
0.04105991,0.060076315
0.07757892,0.061577324
0.041601017,0.035750553
0.04571367,0.044728592
0.055784855,0.03974565
0.056742143,0.10988619
0.063045494,0.045162756
0.07089738,0.041417576
0.040229883,0.056977615
0.058813486,0.08719109
0.045198128,0.04257986
0.045699336,0.08562278
0.053721532,0.11143725
0.052472334,0.042795803
0.060621873,0.05292333
0.04943993,0.041713152
0.040797893,0.022771299
0.049527682,0.038555827
0.032861475,0.047309477
0.039141037,0.038066506
0.08729226,0.046819095
0.05096469,0.034880117
0.0663856,0.050700825
0.046308808,0.03451398
0.052501436,0.044059973
0.044520307,0.0504482
0.056864556,0.03671043
0.0387079,0.06643569
0.022781378,0.060755886
0.057478514,0.05179152
0.048770536,0.059768368
0.1900495,0.040846907
0.037013188,0.026154973
0.03709497,0.029997882
0.05593621,0.05839768
0.060567502,0.037360996
0.03514458,0.073798716
0.0376161,0.03569738
0.04637541,0.042447723
0.04568409,0.041447654
0.06081306,0.20531994
0.04193065,0.04374151
0.04196754,0.040973708
0.042150836,0.0485322
0.7475482,0.09237343
0.061216198,0.021528903
0.73303986,0.06392438
0.03667531,0.027429163
0.0473842,0.0644288
0.055943206,0.044461608
0.04446411,0.03830398
0.043533713,0.04287185
0.04697597,0.059863124
0.06698702,0.040107135
0.046825428,0.048522733
0.07568724,0.023540175
0.05264825,0.0460132
0.059985407,0.039217696
0.053296633,0.04674663
0.10293619,0.028760547
0.032541446,0.03945235
0.045033287,0.04436254
0.034629095,0.049084354
0.04169867,0.04681566
0.06170669,0.05190158
0.05458502,0.040009536
0.040361676,0.042596865
0.053032637,0.052784942
0.043353055,0.04270133
0.045136474,0.0510016
0.031478282,0.03194558
0.036437847,0.02439615
0.04209238,0.023586025
0.039768174,0.030372478
0.045900628,0.0430514
0.04577284,0.031768512
0.04991842,0.065036304
0.045454606,0.14779414
0.050728653,0.055915557
0.06802764,0.05300152
0.050631642,0.043089677
0.03573122,0.07079019
0.054689303,0.048823252
0.049150676,0.05598666
0.044563994,0.031016562
0.049930133,0.04356146
0.044487715,0.04532731
0.054075398,0.021120097
0.9393421,0.1061785
0.9722628,0.8980851
0.041970827,0.03902561
0.050237123,0.06462131
0.044161826,0.042242315
0.04748902,0.057438992
0.053952295,0.025683803
0.06021561,0.13691838
0.038667075,0.051711384
0.040026642,0.033808824
0.029684478,0.022246247
0.058132444,0.058243267
0.046899907,0.07170688
0.8174784,0.86677855
0.041305568,0.037094735
0.028915415,0.058484174
0.05515167,0.035726257
0.04589929,0.05745062
0.04064663,0.048236076
0.10890248,0.040736824
0.0950241,0.046400733
0.040113736,0.07117171
0.048304893,0.039067227
0.045841858,0.061524097
0.06752807,0.0528014
0.042830117,0.050884306
0.053122208,0.05293402
0.047154207,0.05502522
0.042460453,0.029015902
0.063021906,0.051661044
0.06367182,0.040242966
0.058225613,0.046428997
0.049608927,0.062942564
0.058645383,0.056897763
0.04146533,0.03621126
0.05631288,0.039175604
0.042145938,0.04749294
0.05574026,0.08857275
0.043660834,0.040536575
0.055595435,0.029523795
0.0659392,0.07612621
0.04889731,0.036355127
0.03676026,0.03868308
0.3287118,0.030181924
0.046767,0.051507812
0.046731953,0.049834926
0.05196766,0.050837114
0.043827225,0.044671606
0.0531694,0.043660216
0.038533326,0.057001002
0.04495188,0.05941353
0.044077683,0.025239477
0.032233555,0.03045657
0.70581627,0.05632106
0.06021468,0.037515145
0.04697584,0.058523327
0.04273134,0.040147267
0.051092397,0.07705264
0.04495534,0.042854846
0.052492745,0.05133775
0.04398929,0.045407947
0.06861994,0.050439477
0.036387336,0.04849119
0.04715241,0.036567245
0.06375228,0.04730915
0.0528266,0.033665143
0.043433305,0.054675475
0.047052793,0.06349715
0.047123026,0.05492703
0.06909033,0.07242687
0.06759552,0.04401938
0.052225336,0.06126778
0.05718278,0.049038716
0.04933675,0.016864896
0.04461441,0.037794624
0.060865913,0.050217982
0.044740293,0.04128496
0.05214922,0.04682246
0.032265954,0.036101352
0.04791833,0.048726786
0.03922599,0.06297673
0.033331934,0.02986945
0.04941981,0.05167315
0.074128024,0.049156383
0.033907622,0.040463567
0.0648696,0.040005095
0.038173098,0.04825269
0.059853885,0.04492987
0.052715123,0.061081912
0.07015729,0.028483616
0.039209887,0.0475033
0.057772886,0.057720292
0.054497287,0.04971706
0.033893425,0.052733004
0.045788467,0.058514167
0.033645067,0.0404021
0.053533997,0.03758327
0.040133234,0.05712112
