model1_loss,model2_loss
0.11145495,0.8520235
0.10175732,0.6646256
0.097178824,0.8247957
0.11571244,0.7439777
0.10546387,0.7030344
0.7706183,0.27047807
0.11225356,0.65322345
0.10548652,0.68153095
0.72950584,0.29981574
0.7866131,0.15049024
0.7987938,0.19048192
0.75505596,0.19564548
0.106894284,0.9046124
0.77617043,0.082573935
0.77538615,0.10420552
0.7846944,0.19433336
0.11324282,0.79642093
0.09973674,0.90541834
0.12258415,0.8630363
0.1126649,0.93409914
0.116690576,0.8251097
0.7782108,0.1339133
0.11890593,0.75095326
0.7655011,0.117055975
0.7419299,0.28516775
0.10666233,0.76345927
0.75889397,0.121513024
0.77681124,0.26368517
0.09548133,0.85833573
0.09485002,0.81322855
0.11358786,0.8017303
0.11792166,0.8098321
0.75141656,0.2924429
0.7906197,0.110557854
0.11056742,0.7308469
0.7605753,0.13703579
0.7456931,0.29860938
0.106124595,0.91172576
0.771625,0.09066936
0.10817024,0.8047198
0.77447647,0.20188567
0.75676155,0.18706943
0.10200968,0.748039
0.7552155,0.29950494
0.10970634,0.836161
0.10503166,0.8013153
0.7524099,0.20590694
0.76758343,0.20154603
0.111106016,0.9055016
0.11268762,0.8875805
0.7720978,0.27771476
0.7575273,0.32775322
0.7785451,0.19210164
0.7724779,0.16089109
0.74889743,0.15905188
0.1126754,0.6954404
0.1106359,0.8613509
0.77339756,0.115059756
0.7767375,0.1733923
0.7688581,0.12730463
0.10477524,0.8880211
0.11848012,0.74680704
0.1129651,0.8644974
0.75164807,0.21584159
0.100555785,0.8701705
0.77905816,0.16960011
0.7637441,0.1842914
0.75538456,0.39172193
0.11125717,0.8506809
0.10605318,0.77650195
0.77034944,0.12018809
0.7588912,0.2901631
0.11534584,0.81652087
0.7576756,0.23177129
0.7514168,0.21155116
0.1065751,0.84936714
0.7606635,0.2360553
0.106864505,0.84558463
0.7563956,0.25668398
0.73256177,0.19081195
0.766945,0.124582656
0.7717535,0.17220032
0.10373649,0.8403858
0.10618304,0.6505367
0.086807884,0.9170736
0.110257514,0.72671026
0.7578018,0.13108559
0.75095034,0.13658881
0.7734019,0.12554872
0.7655536,0.11052421
0.85760534,0.1218735
0.7725704,0.16934058
0.7803468,0.124377586
0.11276997,0.78221506
0.7641563,0.16178986
0.7745346,0.20630908
0.1065889,0.75107664
0.10758126,0.8037617
0.101643704,0.7246932
0.10378651,0.75687623
0.7713681,0.25783268
0.758964,0.24096575
0.7499203,0.12547822
0.7878769,0.10897658
0.7512998,0.2663126
0.7677077,0.19635522
0.76947564,0.17917909
0.10831321,0.85417026
0.11274844,0.86441094
0.10668607,0.7137236
0.10974454,0.6474911
0.09885212,0.73182416
0.7930638,0.31108335
0.75046355,0.22366305
0.7629708,0.17420295
0.07879507,0.82830596
0.7599594,0.1316383
0.75083995,0.17763627
0.099178866,0.8538386
0.10925446,0.7552357
0.7576876,0.15857445
0.7614021,0.1586866
0.78053147,0.18150052
0.78036517,0.13833189
0.7575442,0.3093739
0.78729355,0.103454135
0.111288406,0.7475792
0.7776401,0.21122272
0.8204035,0.21071807
0.7538818,0.21091512
0.7697585,0.25702843
0.77710706,0.18931879
0.122485496,0.818735
0.10552439,0.7148547
0.118559666,0.7345894
0.09719721,0.8240924
0.09286817,0.8190682
0.1114073,0.8377343
0.74452263,0.2296485
0.77895635,0.098737545
0.09907433,0.7116184
0.09046201,0.8930581
0.769454,0.11007401
0.10339145,0.83405906
0.76657665,0.23484732
0.10640169,0.95223975
0.75458765,0.12517864
0.10328566,0.8318594
0.10570428,0.8788715
0.107920915,0.7041398
0.10845284,0.89958024
0.7514005,0.38571244
0.107281655,0.8806498
0.775661,0.13494664
0.10778089,0.7408296
0.77806246,0.10276843
0.7673506,0.16289692
0.108177304,0.85001445
0.75454164,0.3079897
0.12289208,0.67046845
0.7540667,0.18232241
0.76570535,0.19200231
0.11313733,0.8643821
0.76129574,0.19663078
0.117997006,0.6864366
0.76446706,0.2035871
0.123214304,0.689785
0.7828097,0.14023039
0.8119336,0.08961197
0.10425062,0.858089
0.11372743,0.7687814
0.74835193,0.24362203
0.7679219,0.12692332
0.10545833,0.8848329
0.096639074,0.8590214
0.11766497,0.7573376
0.76356477,0.20488481
0.09855429,0.80223656
0.74622005,0.16569579
0.11173848,0.83729535
0.7518207,0.098987475
0.11789432,0.8235189
0.77209014,0.19436541
0.10670592,0.8445801
0.79637927,0.25263867
0.11295153,0.82449454
0.11673769,0.794508
0.7744215,0.11615399
0.74921596,0.15111987
0.1104546,0.80375695
0.10656044,0.753499
0.10781371,0.77944344
0.76067686,0.14002532
0.78812486,0.100360475
0.11495187,0.6906614
0.121820115,0.72402513
0.790852,0.1807972
0.78619343,0.22875132
0.75573254,0.27458906
0.7562762,0.15047583
0.11105005,0.88867956
0.10399843,0.77954274
0.76439774,0.12229645
0.752968,0.18988113
0.77855223,0.12339229
0.7516975,0.29566312
0.7569283,0.2320933
0.7757087,0.13131309
0.10817661,0.75666475
0.78145003,0.1463376
0.75023425,0.18813483
0.79173476,0.13253708
0.10748118,0.7483979
0.111692384,0.74681985
0.7763845,0.13852254
0.11576048,0.7222516
0.7752924,0.10356788
0.10991475,0.6525169
0.1064877,0.7665369
0.7643129,0.13653754
0.75981164,0.33892787
0.8249501,0.052649878
0.774951,0.15468936
0.77168363,0.15626903
0.11024688,0.792664
0.10304123,0.78409755
0.098195784,0.8745586
0.7775634,0.15177834
0.7721669,0.085194975
0.7632703,0.2597456
0.7657179,0.18301451
0.7644965,0.13914415
0.097530365,0.85917526
0.10613338,0.77954113
0.11127226,0.8063523
0.7615122,0.32923675
0.77477324,0.26785383
0.10565739,0.97702265
0.11487883,0.71478903
0.09546102,0.8743103
0.09912914,0.6749111
0.7996198,0.15889327
0.100244,0.7915521
0.11676774,0.8439809
0.10606497,0.78324044
0.766317,0.1413871
0.104340926,0.88570285
0.106630966,0.76075333
0.752414,0.11367234
0.7960534,0.13550098
0.11378693,0.7594284
0.10615273,0.8438928
0.7606267,0.19803582
0.10301092,0.8309382
0.77260894,0.1446634
0.10289991,0.8312378
0.11024094,0.8395655
0.108047314,0.80080426
0.103957124,0.83541286
0.7509913,0.19097856
0.107140765,0.8926464
0.110665254,0.7974991
0.105554245,0.7234724
0.10038139,0.8180653
0.11395793,0.8234516
0.7756158,0.13355282
0.1065193,0.7885546
0.100884914,0.7796084
0.76197046,0.22259285
0.112495154,0.8282995
0.77840483,0.18554904
0.108109914,0.8054744
0.115987785,0.62117016
0.11134269,0.82055175
0.108617604,0.8470569
0.09485329,0.8485565
0.10529885,0.78563714
0.11532861,0.833806
0.7707314,0.15299273
0.78534156,0.17638342
0.114901684,0.6925278
0.11968691,0.6696674
0.107147664,0.81178504
0.7688809,0.16273992
0.76877093,0.11567817
0.10014735,0.83722645
0.7730708,0.2653962
0.74833745,0.16654651
0.105864845,0.64466983
0.7598288,0.17644109
0.11944908,0.68456537
0.113291055,0.8666571
0.7723855,0.17207056
0.09939312,0.7548111
0.75263864,0.404417
0.0852169,0.52975106
0.108520694,0.79841554
0.7722666,0.12554552
0.103192285,0.7600484
0.106167294,0.78708225
0.115674175,0.87674546
0.10909359,0.85454196
0.10926007,0.8164536
0.10524437,0.8734403
0.11854283,0.6793457
0.10765443,0.64007175
0.10901798,0.82487583
0.10880165,0.7431142
0.108159445,0.7853536
0.77239025,0.14985101
0.1075005,0.68778557
0.10091473,0.8934266
0.11135352,0.85715336
0.80485344,0.11192925
0.7561149,0.14928065
0.09851362,0.85940593
0.7565209,0.32323527
0.751924,0.074441664
0.108525775,0.7441091
0.80207026,0.2599811
0.11152558,0.81435966
0.101506315,0.8272069
0.10199188,0.7342738
0.7860669,0.10627543
0.7440715,0.23547053
0.096513405,0.6458281
0.76246077,0.1722628
0.76288986,0.0801067
0.77461606,0.18648307
0.077106915,0.79115963
0.7576557,0.15947804
0.8549087,0.08730334
0.1075039,0.7426736
0.7726628,0.14040822
0.7897316,0.016213272
0.77493525,0.19421321
0.75426394,0.3349002
0.7534263,0.4449053
0.1041754,0.91755265
0.114471786,0.7685748
0.03681287,0.82038516
0.10450793,0.81595856
0.106345095,0.84171873
0.10262153,0.7458041
0.7641025,0.10258259
0.10399826,0.866782
0.7488063,0.21846423
0.77544945,0.33436027
0.11063947,0.7478259
0.7804916,0.19822326
0.104147404,0.75165176
0.79485935,0.17334904
0.78401643,0.26888877
0.7698015,0.11720177
0.75918955,0.064164184
0.7602953,0.18726169
0.7544521,0.14723317
0.11410116,0.78798103
0.11737824,0.8449678
0.08432792,0.7800554
0.105770245,0.7214393
0.10957364,0.90032685
0.095733024,0.79624146
0.10888409,0.74424845
0.76408684,0.21035598
0.7500364,0.08328367
0.098585166,0.84532344
0.77003694,0.09690794
0.10122407,0.8583758
0.11122528,0.5145423
0.77552086,0.08472396
0.75252026,0.26339838
0.7660513,0.16299786
0.097111136,0.79216415
0.098648496,0.81642956
0.77311873,0.14699607
0.11775267,0.75931305
0.11920745,0.8031385
0.7625062,0.17102759
0.75618756,0.20021468
0.10384443,0.890272
0.10835045,0.87440485
0.7733788,0.09846519
0.11642636,0.76751417
0.11282689,0.8770435
0.116497286,0.80574834
0.11307248,0.85293025
0.7549907,0.13673139
0.12176127,0.58799547
0.10359719,0.84221536
0.7717473,0.09705053
0.11086168,0.72360855
0.74736404,0.17381364
0.77420837,0.12956679
0.79270774,0.26528564
0.0391285,0.6761175
0.80118656,0.2122689
0.10755111,0.81862766
0.7737923,0.11435964
0.76227003,0.1935948
0.11334653,0.74605244
0.11641725,0.8519241
0.11215623,0.8624884
0.11214223,0.8706335
0.77724123,0.17846614
0.76329863,0.14205839
0.11040969,0.76075333
0.773413,0.1737111
0.77140194,0.16516069
0.09572097,0.7908488
0.7973551,0.26778975
0.108469844,0.8582092
0.10397026,0.86628854
0.12197778,0.8634336
0.7586427,0.2151687
0.1013645,0.7943398
0.11609621,0.78158224
0.8694644,0.26017496
0.11105936,0.70585567
0.11234941,0.8215018
0.11474458,0.84470665
0.75782734,0.13298248
0.10555457,0.8260582
0.75521785,0.13325644
0.7485907,0.27456662
0.77484095,0.110948764
0.76297504,0.1210388
0.7832733,0.22849658
0.101745,0.8481464
0.106571265,0.7738505
0.74906856,0.27506968
0.113167636,0.7927329
0.7493417,0.14488128
0.78489524,0.10478388
0.07315448,0.9185844
0.117314324,0.77968055
0.12172277,0.6856067
0.11434223,0.8206351
0.7947331,0.16283123
0.7739326,0.15308404
0.77303237,0.2663815
0.77650285,0.1118876
0.737989,0.14107469
0.112137996,0.80300075
0.7625009,0.1408568
0.09737432,0.7624403
0.10336316,0.7616473
0.11445792,0.6723189
0.105652936,0.76664746
0.10634477,0.7048768
0.13248293,0.78363293
0.78785723,0.11473613
0.10299296,0.8775161
0.7477185,0.12552309
0.09670626,0.79250216
0.7600133,0.22907014
0.11574708,0.59599155
0.7705153,0.14403377
0.10996246,0.7770643
0.77296036,0.2609664
0.77107257,0.17421097
0.77438426,0.25614086
0.7895865,0.16055626
0.7711379,0.18936685
0.11315628,0.77908456
0.11004907,0.8074322
0.12112356,0.73692524
0.75100344,0.177436
0.09892535,0.87460345
0.76189744,0.2649508
0.77245176,0.08187702
0.10820435,0.8244128
0.7625161,0.2577846
0.114962205,0.68127143
0.7742072,0.13192669
0.7882825,0.20250408
0.11049782,0.8360601
0.7721983,0.20581403
0.7786206,0.27802557
0.1097848,0.8044298
0.110081,0.8399116
0.11311567,0.7600564
0.78598076,0.14402255
0.107539624,0.8391906
0.09722066,0.8418966
0.10177839,0.76467365
0.12254856,0.7300026
0.09513196,0.9069083
0.754321,0.21312602
0.10436846,0.74066454
0.120252736,0.70630264
0.7813198,0.16381332
0.105998136,0.87649715
0.7792352,0.14113237
0.74998355,0.30950847
0.111080326,0.76467204
0.11658119,0.6731872
0.1029258,0.82305425
0.114678815,0.71643436
0.1119006,0.81276554
0.11133097,0.7631725
0.75576335,0.13992599
0.11357904,0.8573152
0.11811039,0.8877375
0.7903706,0.22885226
0.76711035,0.091728345
0.10266733,0.83784163
0.11081968,0.7674597
0.122134574,0.83227754
0.10977426,0.78991795
0.7441762,0.23177129
0.75350463,0.19118042
0.77157956,0.1596847
0.7471522,0.23941971
0.7573184,0.3552629
0.1049264,0.6901631
0.117702745,0.85434973
0.115214765,0.6940466
0.108035654,0.80027556
0.7640995,0.20299913
0.7779912,0.17161876
0.78271776,0.19315583
0.7653411,0.18360569
0.111493714,0.9127159
0.10437626,0.8221106
0.097096175,0.93052965
0.8042118,0.15767407
0.11469116,0.75250566
0.107929766,0.87069434
0.104342446,0.85040855
0.7688964,0.15065205
0.7600503,0.09935756
0.09604574,0.64248294
0.10195714,0.8313916
0.77166754,0.26904097
0.11329938,0.8856163
0.7790673,0.17991444
0.11293172,0.80858725
0.12192121,0.7350732
0.777227,0.20875068
0.74198025,0.22547823
0.7611808,0.1905524
0.7732002,0.10440098
0.7598285,0.17731744
0.11006079,0.8682015
0.110530145,0.777444
0.1075244,0.771662
0.7685205,0.1509132
0.11506684,0.7523102
0.09566266,0.7706159
0.11572529,0.75919926
0.09908212,0.86691016
0.09764619,0.92738795
0.7654659,0.16521035
0.7700367,0.13050403
0.7617951,0.1110497
0.76451737,0.13089974
0.7559567,0.25306803
0.7845232,0.12092986
0.75474477,0.15494569
0.790483,0.18621391
0.11053543,0.8316335
0.75801414,0.37326893
0.7839323,0.13242655
0.7782006,0.12436958
0.100426786,0.8264347
0.08265978,0.80520844
0.10353287,0.8564885
0.10970429,0.84272486
0.114441805,0.85379696
0.7561898,0.17236213
0.109225996,0.8094156
0.7687001,0.23057452
0.11507632,0.77321446
0.7608154,0.15530777
0.77140576,0.14728123
0.7848873,0.1336089
0.7748594,0.2129546
0.111500055,0.75599664
0.11215979,0.7372777
0.11748014,0.759172
0.7584328,0.17060944
0.03967601,0.7506969
0.118319325,0.81732035
0.100816004,0.70028836
0.7597606,0.11429235
0.7659299,0.16724662
0.78252083,0.19423403
0.11421266,0.813855
0.77512467,0.12077606
0.77204317,0.33365214
0.10884305,0.8730318
0.772797,0.15658784
0.11035548,0.7197411
0.10250109,0.732316
0.7694727,0.15829569
0.7681193,0.18279983
0.76613265,0.08313948
0.76366276,0.10697074
0.7686169,0.29867026
0.121267915,0.6345109
0.7810872,0.13736261
0.764552,0.18179211
0.77533627,0.10131212
0.78320897,0.0942853
0.103501864,0.85250247
0.758638,0.13713832
0.77543384,0.111032076
0.7692448,0.2253116
0.7723064,0.148172
0.09706973,0.8094428
0.10744311,0.6130283
0.82611793,0.090223975
0.7574454,0.19434138
0.09714052,0.8616329
0.10066316,0.860976
0.115196176,0.8317649
0.10337623,0.8783476
0.75656474,0.23262681
0.098926574,0.8701913
0.762744,0.13484572
0.76021564,0.23405108
0.09376184,0.8100548
0.1136361,0.6987952
0.11416105,0.76397836
0.764102,0.18662246
0.11483254,0.7644622
0.7735325,0.2959595
0.11952393,0.7477955
0.75758976,0.13304655
0.10839007,0.7345349
0.77156466,0.19860777
0.114519335,0.7409177
0.79104495,0.09860457
0.758329,0.31004837
0.089814946,0.8648643
0.7610827,0.103587106
0.76616126,0.27244866
0.75662655,0.16858278
0.036411505,0.7782979
0.10920423,0.7578279
0.10728185,0.72107404
0.10819454,0.81988686
0.11251024,0.77274185
0.7335412,0.15168221
0.10945709,0.7855362
0.7678929,0.13784485
0.11293172,0.822705
0.11460898,0.7170015
0.09549001,0.89416194
0.12680236,0.8005976
0.7577415,0.20397161
0.77257353,0.17214906
0.10614147,0.80239195
0.76191515,0.13748918
0.7549717,0.21588965
0.117327295,0.7694575
0.76053643,0.12208017
0.7724034,0.18098465
0.11023774,0.8301452
0.76192534,0.18007787
0.76954377,0.13796662
0.11118985,0.8661043
0.10683053,0.7990772
0.7446312,0.24727643
0.10504293,0.80086833
0.0880776,0.8453651
0.10820316,0.8533099
0.10971278,0.91201574
0.104731895,0.74727005
0.7676232,0.14934954
0.10892031,0.69843477
0.104453914,0.8762152
0.75691277,0.13210613
0.77639073,0.13997565
0.111113146,0.77685606
0.74773014,0.2963472
0.7891674,0.13067384
0.10624508,0.79864943
0.11700534,0.90392673
0.10592774,0.87430227
0.78880674,0.11513666
0.77605367,0.15715659
0.7802726,0.13664968
0.7460277,0.33457816
0.7654498,0.116770804
0.11951769,0.74547887
0.7883883,0.28467268
0.111674756,0.6936252
0.108633086,0.89190936
0.8055744,0.14960748
0.75835484,0.14332725
0.7552061,0.23903522
0.7862317,0.2494649
0.7675303,0.20805697
0.75664055,0.14663239
0.77486473,0.18843122
0.106531054,0.7666971
0.7757594,0.11323977
0.103972144,0.81538016
0.10131772,0.8421401
0.7551846,0.24140793
0.7661594,0.16009966
0.77543765,0.18279663
0.7718099,0.12185107
0.12122229,0.7309446
0.7682694,0.2398667
0.08918212,0.77794707
0.1102344,0.74240446
0.11528265,0.6125733
0.7615786,0.12421898
0.09600608,0.9566055
0.11956748,0.75933224
0.10170634,0.80950207
0.76758635,0.15428722
0.78163624,0.12115255
0.124513336,0.75544876
0.10374894,0.8703403
0.11116466,0.73585826
0.11525329,0.8367811
0.10942866,0.82474285
0.11298914,0.91452146
0.75754607,0.1391009
0.104495876,0.7283332
0.091692165,0.72878015
0.75633496,0.15842225
0.106136516,0.8698116
0.11279856,0.7527604
0.75169706,0.20592298
0.7792176,0.20934185
0.75793856,0.20764844
0.7410191,0.27694416
0.11126345,0.7334391
0.1075947,0.8309446
0.77671164,0.18003461
0.7833153,0.17983113
0.7688277,0.14568554
0.77651775,0.19400494
0.7665195,0.15856163
0.7676157,0.257006
0.09999504,0.8407719
0.10423933,0.79560065
0.10621332,0.71810377
0.77059245,0.033781923
0.10555372,0.8388302
0.7682578,0.15652215
0.108252816,0.86591846
0.7778969,0.20032842
0.10967217,0.7161588
0.08231002,0.74864304
0.113068715,0.7784982
0.09799698,0.81083983
0.757258,0.08753885
0.76525974,0.33929315
0.11395783,0.8700567
0.75832385,0.24348746
0.78607583,0.13959114
0.11109773,0.8170095
0.78770494,0.32353488
0.77195334,0.17929283
0.7571813,0.20521484
0.10744952,0.86515266
0.78983545,0.14292993
0.7698872,0.22378321
0.7607776,0.24129258
0.76633507,0.15450831
0.7661259,0.12112852
0.77681834,0.23601204
0.7824991,0.25773975
0.78929037,0.19648018
0.7647637,0.10471178
0.7694001,0.18755648
0.098360546,0.80065686
0.107658856,0.75376016
0.76940656,0.12773238
0.10715364,0.7418469
0.10872049,0.76135087
0.11534693,0.8652937
0.09652767,0.8185636
0.09753413,0.8602006
0.11369804,0.8169855
0.09368979,0.79022557
0.75658286,0.09768817
0.11392712,0.79414433
0.7708146,0.20439136
0.76989275,0.22068635
0.77200854,0.17398027
0.7692575,0.14823928
0.10404865,0.81620365
0.78032106,0.16947354
0.7695969,0.035483353
0.109040566,0.86660576
0.7780531,0.13954309
0.78299314,0.24647377
0.76067895,0.2670015
0.10119865,0.8393492
0.7985599,0.21774648
0.7659744,0.1667676
0.7550208,0.10261944
0.77565455,0.18590471
0.11384206,0.75194013
0.77362406,0.15200102
0.75689733,0.09404018
0.7873727,0.2136387
0.7618627,0.16178666
0.102573134,0.8190041
0.10313513,0.8690009
0.11352529,0.70774454
0.7692008,0.12777404
0.7622168,0.19931109
0.7667934,0.1966484
0.7733311,0.04483322
0.7459597,0.16697107
0.7517911,0.117946744
0.7591766,0.035470538
0.11772269,0.84943604
0.7625758,0.1884969
0.107497856,0.8279775
0.09566464,0.9012993
0.78264344,0.18276939
0.7744173,0.17097472
0.78061754,0.089270726
0.7535511,0.11588484
0.7401917,0.24129097
0.1109642,0.8800763
0.11365208,0.72758657
0.10761342,0.8210757
0.7697558,0.119249254
0.11657848,0.66570383
0.101608306,0.87047005
0.11059354,0.72729343
0.7719594,0.376824
0.7711971,0.18436669
0.7333835,0.17335224
0.10981418,0.7371784
0.11503736,0.7485341
0.10693569,0.77640903
0.7744338,0.17062706
0.110100016,0.87436956
0.7658773,0.14091448
0.768511,0.3975424
0.76566327,0.17631452
0.7465064,0.12109808
0.10402253,0.84171873
0.76955014,0.15498093
0.1022687,0.7534926
0.1089039,0.8350572
0.08458137,0.8476337
0.77002716,0.14360762
0.11193008,0.74701047
0.09873176,0.57435995
0.7712238,0.32191196
0.75355875,0.07743279
0.75183576,0.20803775
0.10664444,0.7610769
0.76249295,0.21571182
0.11325045,0.71695346
0.10653389,0.7898459
0.8068415,0.27551347
0.08411324,0.8621984
0.7659179,0.16245314
0.7840691,0.07250633
0.7500132,0.13860425
0.7607503,0.31131083
0.76230174,0.19989426
0.75030375,0.20536064
0.11165811,0.847874
0.10422209,0.8459579
0.11398523,0.75766927
0.76258624,0.30580762
0.7539928,0.27251434
0.10837994,0.7560143
0.77130973,0.15186965
0.09383207,0.7370246
0.10608874,0.8592858
0.76955926,0.24856932
0.78286594,0.20643243
0.11662695,0.76050335
0.08157672,0.7399853
0.77197987,0.114470184
0.77108485,0.14434938
0.11244117,0.85575956
0.11540574,0.8092954
0.10678324,0.93984425
0.100032546,0.8062626
0.105000265,0.71155113
0.11773768,0.7516213
0.11460812,0.70901984
0.7781186,0.13736902
0.10857032,0.7952738
0.75906277,0.13807236
0.111906275,0.7554311
0.10758737,0.82908136
0.106000714,0.8879714
0.7765509,0.17718287
0.11837599,0.7206767
0.10763706,0.8293217
0.79340273,0.1712663
0.110541604,0.84151685
0.114017494,0.82816976
0.76585156,0.20061201
0.104633436,0.86984044
0.7608166,0.14179082
0.7668366,0.28610015
0.77606714,0.11212471
0.10990201,0.93046397
0.104346536,0.76983404
0.10569371,0.77578264
0.7630556,0.100796245
0.7690057,0.26416257
0.75222695,0.33540004
0.1117536,0.79183567
0.7528844,0.090401806
0.7437384,0.17491108
0.113489494,0.87095547
0.099422276,0.86032075
0.10395517,0.72731584
0.7524945,0.21581595
0.77994215,0.11602102
0.7806401,0.13710788
0.7630347,0.114918776
0.75292206,0.083357364
0.115579285,0.8130667
0.10335094,0.83281904
0.09504592,0.8378977
0.10671939,0.8561441
0.76482457,0.17282675
0.7781637,0.13043353
0.7727974,0.14678298
0.10831727,0.7827069
0.099233374,0.86658335
0.09294655,0.81588006
0.77015793,0.14265436
0.79963565,0.15158127
0.108248495,0.8208417
0.7706392,0.22145694
0.7745017,0.10794963
0.76061434,0.1805665
0.7685614,0.098032616
0.76651746,0.16835208
0.760468,0.11721298
0.1078219,0.71345603
0.10570068,0.8473501
0.76356477,0.066347845
0.10998283,0.852259
0.11323291,0.70559615
0.10738602,0.79241085
0.7463698,0.19950014
0.7739409,0.15631388
0.10792534,0.8270355
0.11070395,0.80130893
0.11337099,0.83206606
0.74966925,0.2613685
0.76770955,0.18167195
0.76026887,0.2523487
0.7549841,0.13690281
0.77382404,0.18186581
0.75362164,0.15491685
0.11020122,0.78442276
0.75119853,0.23837996
0.7682953,0.17106444
0.09204242,0.82254636
0.10975805,0.82266974
0.7747616,0.12839405
0.103469014,0.8567529
0.7409366,0.37131438
0.76796764,0.2646352
0.7717952,0.09255183
0.7814484,0.18438432
0.11359615,0.7771412
0.11171596,0.7040133
0.10853334,0.6481608
0.10957483,0.8687077
0.79605514,0.14190298
0.763434,0.14784357
0.100905284,0.7713352
0.11169661,0.81705916
0.777626,0.13531032
0.09553759,0.79530424
0.77116764,0.11230895
0.1082479,0.7194591
0.10536511,0.8055625
0.7641336,0.18142684
0.099857256,0.8582524
0.119976245,0.86331826
0.77619946,0.096686855
0.75819874,0.19952257
0.10862645,0.8475584
0.76169235,0.16601782
0.11402687,0.8542536
0.113416195,0.8099266
0.7464609,0.20489122
0.09392475,0.8418741
0.1092599,0.7814669
0.76591456,0.2784229
0.10737275,0.87572974
0.10848767,0.86454546
0.10555797,0.86237943
0.101017185,0.8657807
0.10146283,0.8628168
0.10420222,0.8429652
0.77282107,0.10077542
0.80410194,0.082902364
0.09665109,0.85362077
0.09891809,0.8676792
0.106177755,0.7115079
0.76337045,0.3188343
0.764198,0.14692716
0.11246795,0.7765548
0.1154803,0.7477202
0.76547,0.15498894
0.09893532,0.866029
0.7538377,0.18402384
0.11268102,0.8401471
0.76439863,0.18506841
0.7522719,0.2505399
0.76519054,0.18821654
0.76390934,0.09720914
0.09259333,0.92812973
0.11582784,0.9003204
0.102295116,0.87868243
0.107870534,0.8245009
0.7740446,0.14776827
0.10633182,0.7075747
0.12073378,0.710332
0.7717552,0.12902369
0.111675575,0.65584606
0.7809492,0.07463712
0.11165659,0.82632095
0.11980838,0.79606205
0.73650396,0.26590407
0.7648424,0.22688968
0.11218435,0.73478806
0.76181185,0.12091064
0.7521448,0.15474062
0.10790953,0.7468439
0.7503243,0.041060273
0.7615014,0.1639495
0.78871125,0.09398571
0.775058,0.1682191
0.11008186,0.8585488
0.7908784,0.3269826
0.10763231,0.8307283
0.10283454,0.768759
0.09589904,0.8529142
0.10908467,0.81611395
0.08905447,0.7913454
0.7851166,0.09952738
0.7917206,0.21422666
0.7876639,0.16208786
0.77874845,0.12990002
0.7739126,0.12967734
0.7699317,0.1304143
0.09932771,0.7524464
0.7293611,0.23178731
0.08527439,0.8263001
0.0999019,0.81900734
0.75445,0.21502772
0.7743082,0.30744818
0.7895953,0.18728732
0.7755988,0.21122113
0.11404863,0.7474126
0.7657604,0.19920056
0.75103897,0.27127272
0.75703204,0.2453523
0.75476754,0.22550386
0.7607504,0.0797254
0.76778144,0.15063764
0.76717466,0.24422602
0.77000713,0.22505848
0.112811536,0.8468631
0.1210876,0.8040405
0.10956143,0.7444423
0.75502384,0.10554487
0.09379895,0.8431991
0.1087293,0.7095085
0.10756287,0.89753276
0.11403958,0.9243087
0.10498696,0.71770805
0.76598245,0.17021212
0.11306957,0.79083276
0.10808373,0.7377327
0.105917506,0.84954983
0.10868952,0.77907974
0.1152871,0.79468584
0.76298136,0.27817136
0.11049366,0.7362075
0.09391785,0.6797815
0.7525875,0.12876414
0.7539439,0.19623506
0.10020081,0.8518568
0.78389835,0.20707008
0.77116644,0.20379537
0.116763845,0.7080762
0.7706877,0.1586081
0.7682702,0.32270178
0.09789878,0.8784197
0.7612222,0.13024448
0.09379542,0.8624788
0.76654494,0.27647793
0.7521847,0.23000577
0.7766687,0.3392659
0.7563051,0.16146144
0.10813953,0.7860841
0.7704583,0.11940466
0.11488353,0.83919704
0.8085693,0.21851869
0.778427,0.19155371
0.7626446,0.13934122
0.09392089,0.8474142
0.7604284,0.23264442
0.118903816,0.758685
0.09509703,0.8469608
0.10979176,0.711157
0.09674186,0.78957194
0.10866752,0.83189464
0.11311108,0.7721074
0.7533065,0.24936076
0.10601026,0.72145694
0.10330481,0.86444134
0.76175284,0.1508379
0.76269305,0.20190169
0.76045984,0.18018681
0.7522835,0.16086546
0.74208826,0.25335
0.11853421,0.76375407
0.09868151,0.8891137
0.76690936,0.16392708
0.83922243,0.3864318
0.113358974,0.8043113
0.112104185,0.83707744
0.76996565,0.16602743
0.10144708,0.8417636
0.7715616,0.17243744
0.10605097,0.74168026
0.7526141,0.11581115
0.09513523,0.81855875
0.7813121,0.21160723
0.7871784,0.23750201
0.10571738,0.8494889
0.76541495,0.20348938
0.73313373,0.30622578
0.11790023,0.8648739
0.7660941,0.02916146
0.7616023,0.17510813
0.104747444,0.7454356
0.7604213,0.13706623
0.10482695,0.80179435
0.10598245,0.65056396
0.11297032,0.6708113
0.76532406,0.07859111
0.10190224,0.9161043
0.7530469,0.13830946
0.08532712,0.6230767
0.10816284,0.8076148
0.11376269,0.736411
0.7523659,0.23756288
0.09451442,0.8366577
0.7769442,0.19212086
0.7654144,0.1474783
0.76810616,0.11202538
0.76596993,0.19568714
0.10581353,0.8590423
0.7751191,0.15004005
0.11337017,0.8928418
0.111258194,0.75011533
0.7585408,0.22421096
0.76280916,0.31459194
0.7660338,0.23665129
0.75934964,0.1590711
0.10551492,0.8515156
0.11585386,0.8104201
0.77635795,0.18158063
0.7506064,0.12064469
0.7390301,0.15181518
0.7785538,0.16042969
0.75847983,0.22144733
0.11567375,0.72335386
0.76321816,0.15928258
0.12568896,0.6383479
0.11076481,0.8884921
0.108866096,0.78032297
0.77651036,0.12564324
0.76024485,0.14612772
0.7787469,0.22709955
0.09142779,0.8517511
0.098244615,0.8208033
0.11759887,0.8302685
0.7613886,0.21605627
0.773973,0.12551668
0.10691509,0.79068696
0.11432618,0.7640408
0.767787,0.13693646
0.756639,0.15049185
0.7956783,0.2682784
0.11024028,0.85384345
0.09425381,0.8522798
0.7622231,0.14348586
0.7798547,0.26383895
0.7702595,0.0923051
0.7681927,0.27480534
0.76153666,0.1689032
0.76867676,0.11683969
0.112942584,0.81163925
0.7572468,0.16651127
0.78113556,0.13750361
0.75204945,0.16002756
0.11311547,0.80177194
0.11134394,0.7598097
0.10411848,0.8223269
0.1094243,0.8447259
0.102969214,0.8883543
0.78401285,0.14193502
0.76331264,0.2015236
0.11162794,0.7348826
0.776375,0.12885225
0.7716102,0.11050178
0.11059965,0.70727676
0.10356962,0.8217533
0.11628151,0.7648467
0.7803265,0.07108687
0.10174827,0.77750486
0.099988535,0.8701384
0.10566472,0.78479445
0.11612207,0.7463296
0.7751705,0.20244001
0.7624977,0.10547759
0.7520186,0.19426768
0.7574557,0.119909324
0.10580409,0.73408633
0.77636653,0.17837964
0.102749385,0.79510075
0.75671506,0.17262809
0.7648728,0.18518376
0.75456095,0.19415233
0.7720454,0.08934602
0.75825197,0.14603479
0.11317998,0.61709124
0.1057716,0.8344035
0.75727665,0.28639975
0.7802687,0.13654235
0.09588596,0.9450111
0.78180254,0.37298855
0.77518,0.122565605
0.113264315,0.82952356
0.107543126,0.7407847
0.10759351,0.89210165
0.10931445,0.7477058
0.7969911,0.17345157
0.75932294,0.24829857
0.11026319,0.88342303
0.74432665,0.26575506
0.74330014,0.2282771
0.11025147,0.73022527
0.7672229,0.17285238
0.7614475,0.13607614
0.76189363,0.12504245
0.108741984,0.8876446
0.107014105,0.741778
0.7718296,0.13865072
0.11186362,0.80103016
0.7619952,0.11717934
0.11049967,0.8471002
0.7618841,0.14574002
0.82172793,0.14040181
0.77841604,0.11872216
0.11420183,0.76762474
0.116514,0.75623536
0.7565554,0.46118587
0.102803074,0.70726395
0.10990531,0.8473966
0.75799125,0.11926527
0.8875124,0.18005544
0.11261706,0.90895414
0.11958346,0.6571021
0.75597477,0.078517415
0.73250043,0.1875789
0.112371534,0.7832116
0.10214274,0.7905348
0.09506933,0.89271843
0.7625092,0.18603928
0.11898643,0.84442306
0.7761194,0.18687718
0.7776903,0.11377808
0.10795869,0.88402385
0.7700874,0.10423115
0.10848929,0.8882454
0.10698284,0.87147456
0.108088054,0.8404627
0.76201934,0.15141946
0.83283114,0.117100835
0.7909324,0.1344548
0.77194464,0.09889455
0.100370094,0.79258066
0.7576673,0.23072352
0.75241715,0.20532858
0.102293566,0.7431398
0.12219705,0.63369864
0.101929076,0.85402125
0.10986047,0.8967349
0.7588468,0.17274664
0.11349135,0.8753052
0.74950033,0.1323176
0.7615213,0.142688
0.75218916,0.19163223
0.761698,0.15303758
0.1090687,0.7161588
0.102321796,0.8564052
0.10242524,0.8603143
0.7418912,0.24637765
0.121866964,0.82029545
0.119448744,0.87900287
0.11374935,0.82291645
0.75662446,0.23000416
0.11007608,0.8771012
0.108358115,0.77067995
0.11241026,0.84485084
0.77939445,0.09864142
0.78112686,0.084597394
0.7918868,0.1536512
0.7697275,0.26072288
0.7689201,0.15247364
0.10669776,0.8213432
0.77527785,0.03252267
0.123600386,0.73066103
0.7847965,0.101723865
0.75815105,0.2854353
0.76508373,0.2397081
0.11160878,0.7094973
0.76049495,0.1288875
0.11331206,0.7746307
0.75581115,0.18764138
0.10069271,0.7711798
0.10688656,0.89873594
0.11658944,0.84052354
0.106888674,0.6576452
0.10874241,0.8422667
0.80396116,0.114346825
0.7808693,0.090909675
0.7742329,0.11078535
0.76714957,0.19195905
0.773357,0.16383736
0.11736821,0.83822936
0.10930554,0.8455814
0.10817391,0.8630635
0.1068226,0.735807
0.109980725,0.75517637
0.7722324,0.12670864
0.77780914,0.13629402
0.103860475,0.817527
0.7378114,0.14473228
0.7675519,0.13469191
0.81948256,0.15784389
0.75923365,0.4783572
0.109005235,0.8614646
0.76893413,0.15607677
0.76392263,0.1903169
0.7645043,0.06146464
0.757156,0.26811016
0.75149846,0.17605338
0.108651444,0.8916787
0.7436726,0.175451
0.739118,0.21901055
0.10862662,0.7541174
0.75138247,0.15812105
0.112254255,0.76026785
0.11070217,0.7645199
0.09748546,0.8155676
0.7486161,0.2282018
0.7574729,0.23083726
0.77527577,0.20553526
0.7705033,0.13421129
0.11218815,0.83852255
0.102832295,0.9095309
0.10977565,0.8888301
0.7470497,0.3229293
0.76927674,0.28508922
0.11132892,0.65253454
0.104501195,0.7976433
0.7553294,0.2813932
0.76689875,0.17395142
0.75163156,0.14501746
0.09895837,0.8773255
0.76238334,0.17917268
0.7776846,0.07301259
0.10390026,0.7201224
0.76519597,0.12157871
0.7703074,0.22236374
0.1070043,0.763134
0.11466326,0.6727146
0.110373706,0.7313211
0.76380104,0.1627207
0.11415884,0.80159086
0.7784434,0.12107085
0.7718968,0.08189304
0.80980444,0.1362764
0.10952728,0.85074174
0.11242222,0.80211955
0.10168428,0.7362572
0.1040751,0.7764731
0.107003115,0.8710725
0.76477534,0.1720962
0.10868648,0.5775626
0.10476382,0.885823
0.104182996,0.74581534
0.78105444,0.10379538
0.113259755,0.8135378
0.10554325,0.85736966
0.11556257,0.72354287
0.1160523,0.84174436
0.10114925,0.86154795
0.11222807,0.79105705
0.11456298,0.76581275
0.12110414,0.76952803
0.10321494,0.78647345
0.75934565,0.19077991
0.100856684,0.69912845
0.79313725,0.19257747
0.11240214,0.75865453
0.7883998,0.18726489
0.10216377,0.8532699
0.10931396,0.77921754
0.78697133,0.10727835
0.7650179,0.23956871
0.7697361,0.22716844
0.10454128,0.7913791
0.09771299,0.83630043
0.10270035,0.8556058
0.7677212,0.12812811
0.7555684,0.146344
0.7554493,0.23580697
0.11165382,0.76116824
0.7666666,0.16029991
0.7571813,0.17649557
0.7701109,0.113001056
0.7608611,0.16727066
0.10830198,0.68708223
0.11358644,0.70894456
0.74948925,0.2936028
0.11262376,0.83297443
0.10836914,0.8371399
0.102227725,0.85863054
0.7744692,0.20803455
0.76259506,0.14829856
0.7746476,0.3487808
0.78223336,0.24762248
0.10571431,0.76706237
0.11205974,0.81950396
0.114293486,0.6555545
0.75518817,0.37206095
0.10836336,0.6912045
0.097869165,0.634285
0.09627287,0.8753228
0.763161,0.10794002
0.7641729,0.20615368
0.7626459,0.1692076
0.75417054,0.20850717
0.7714582,0.11145183
0.100999124,0.7907671
0.78243446,0.15560415
0.09805879,0.9018985
0.7613125,0.18866032
0.10501766,0.8324698
0.7547547,0.21147585
0.117755376,0.84158576
0.112980686,0.6392034
0.7716214,0.1659201
0.109245874,0.73835754
0.11337288,0.73173124
0.76503867,0.354896
0.7925287,0.06306354
0.7752872,0.13744272
0.7484183,0.33068827
0.10366356,0.7594284
0.1001107,0.749545
0.11548323,0.78568363
0.10305602,0.79025763
0.10806554,0.8285447
0.09941729,0.6911612
0.75988215,0.2692028
0.110556364,0.85622096
0.7734567,0.20759076
0.751147,0.08912493
0.7904426,0.17123426
0.1100146,0.7208898
0.7551106,0.2097504
0.74918705,0.14286904
0.75950575,0.10844949
0.09969817,0.93844086
0.10142176,0.768147
0.7638491,0.116540104
0.76847166,0.13802108
0.7613932,0.22216828
0.7546571,0.13936524
0.11031295,0.8105883
0.7607073,0.14470185
0.7754564,0.12701464
0.7653559,0.2060207
0.7627847,0.19816078
0.7842255,0.16345926
0.10078662,0.6837114
0.11641926,0.7865824
0.11506948,0.75782627
0.7372964,0.13336217
0.100047044,0.7466884
0.7636314,0.23863469
0.7606899,0.1327037
0.10705898,0.8427585
0.8015773,0.14166747
0.10493528,0.78554904
0.7696363,0.07497197
0.11021277,0.8500064
0.115601435,0.70321864
0.77098143,0.09667724
0.7850886,0.11725143
0.10738566,0.83378035
0.76168334,0.13136435
0.09744251,0.7789564
0.76732063,0.11014131
0.1201247,0.79965556
0.11013178,0.6502868
0.7664611,0.12085937
0.11462882,0.71559805
0.77842593,0.27402353
0.10789325,0.7629434
0.7619615,0.23545933
0.76150745,0.15794963
0.10346677,0.7498878
0.7599292,0.16777693
0.77266455,0.15332596
0.12943119,0.5961998
0.7583118,0.19784677
0.75539154,0.27945626
0.75937223,0.11984363
0.10812583,0.7795283
0.77173644,0.09678138
0.7515883,0.09831299
0.10141492,0.91154313
0.76368296,0.19632478
0.7726384,0.22465955
0.095528215,0.77214426
0.77285,0.16885193
0.11482069,0.8888398
0.10188873,0.8030584
0.114070185,0.8469528
0.7574998,0.17121503
0.102445155,0.85765964
0.10415133,0.868924
0.1028735,0.78930914
0.76303184,0.17038515
0.10948684,0.8722548
0.75941396,0.26864365
0.7571035,0.15025795
0.7710012,0.17170048
0.10663727,0.8357477
0.76048887,0.14681822
0.10412205,0.8211125
0.7810064,0.17114455
0.103284836,0.8092393
0.76571023,0.19419079
0.10079289,0.86386937
0.113468364,0.7338684
0.12344269,0.8359704
0.79359424,0.21102247
0.112934425,0.84150404
0.11739588,0.76639754
0.11290953,0.74240446
0.78102064,0.13575731
0.7703699,0.1239322
0.09014651,0.8344484
0.7739491,0.124278255
0.10526662,0.78151333
0.776216,0.12836842
0.08816256,0.8644157
0.7682627,0.1285062
0.7575589,0.19874716
0.7841357,0.20314172
0.08581374,0.89882404
0.7791405,0.19052036
0.1083836,0.85285497
0.7412742,0.1261431
0.7699284,0.099769294
0.764039,0.23813483
0.11801622,0.7868932
0.10182319,0.86663944
0.10995262,0.8416018
0.77694887,0.19914928
0.7606931,0.12841168
0.107703954,0.8510205
0.7730918,0.14792527
0.76198345,0.101972185
0.10055714,0.81260216
0.7678865,0.28492102
0.75045615,0.19567113
0.1130462,0.72542053
0.118236914,0.83455414
0.770229,0.2703483
0.09713752,0.8170047
0.77598894,0.13832389
0.7584552,0.16345926
0.767192,0.19148323
0.7811218,0.21394148
0.7570793,0.29387838
0.12021516,0.6710388
0.117733456,0.6392355
0.7702896,0.14630075
0.7783467,0.14696722
0.7502447,0.14549969
0.7445926,0.19142395
0.11708382,0.7939008
0.105759315,0.7372937
0.10749274,0.7607261
0.1127381,0.6806706
0.75891113,0.124110036
0.098703206,0.85536706
0.10486859,0.7113044
0.10384433,0.76223683
0.10785898,0.78861064
0.124678165,0.6718959
0.76346874,0.1363645
0.76165456,0.2760678
0.1097184,0.82063186
0.7733434,0.22598289
0.11431924,0.6373867
0.74749124,0.21025826
0.76751107,0.25047743
0.09741236,0.7373049
0.10641037,0.8515156
0.76541495,0.18044634
0.10724388,0.83906883
0.7738496,0.17875452
0.119217716,0.71063316
0.7852895,0.08749239
0.7593906,0.25720626
0.7741366,0.101260856
0.104529686,0.786137
0.7592976,0.1523631
0.7901692,0.19814156
0.11773329,0.8307123
0.11269287,0.70246404
0.09980822,0.84172195
0.10243056,0.7666074
0.77426803,0.12616073
0.114674255,0.8334791
0.76347834,0.11001634
0.7456415,0.27162677
0.10611575,0.82807684
0.774008,0.18523343
0.7519849,0.2230911
0.75959516,0.2181486
0.76255053,0.1588436
0.105352335,0.7857717
0.11440651,0.8507177
0.74701434,0.18678747
0.111901194,0.6083854
0.117704265,0.75246406
0.78026557,0.07181903
0.76293504,0.22396424
0.7646009,0.26354736
0.10491293,0.8052437
0.7744763,0.11945913
0.7464356,0.14202154
0.7572394,0.08163831
0.10405248,0.8726826
0.76946324,0.16109456
0.112827815,0.8787273
0.7792832,0.11136691
0.10779304,0.83447886
0.75953585,0.16651447
0.7546508,0.1534237
0.757219,0.13136755
0.11172494,0.8371928
0.75856674,0.12415649
0.764372,0.12299176
0.11270102,0.7968647
0.76800275,0.07595405
0.09557949,0.7190987
0.75344545,0.21368515
0.7607816,0.31566054
0.12206438,0.79491335
0.11470671,0.6619821
0.75298107,0.107757375
0.768735,0.27578104
0.76797,0.21368836
0.76918733,0.10909033
0.1074267,0.85339165
0.10286699,0.80908555
0.76305693,0.15067288
0.11214519,0.7874107
0.104282446,0.89046746
0.7825598,0.20452914
0.7661555,0.05318498
0.74149287,0.3079849
0.7515605,0.21826077
0.73995477,0.22762024
0.77721405,0.09556858
0.10720403,0.7579544
0.7518434,0.2935307
0.7911554,0.17048447
0.91902655,0.17197283
0.09673516,0.9075267
0.76867914,0.27871287
0.10398469,0.79460734
0.10079758,0.7085088
0.7795771,0.14548208
0.75691605,0.18667853
0.10689002,0.7029767
0.09891799,0.8316976
0.11111552,0.83062255
0.111092806,0.68350637
0.78138304,0.18156461
0.7499791,0.18495306
0.7678224,0.16942228
0.76241463,0.18438111
0.7823971,0.10765965
0.09924213,0.829264
0.0977293,0.81162006
0.76123774,0.1961886
0.11389912,0.83006185
0.7526913,0.13522862
0.10587151,0.7243263
0.10098492,0.7888333
0.10470614,0.78972894
0.7678273,0.22851741
0.7737817,0.13504118
0.7428659,0.34160498
0.7602468,0.19607645
0.75769395,0.14454645
0.10810569,0.83435065
0.12047238,0.81263417
0.7633283,0.10941235
0.76214457,0.28892305
0.11740734,0.7810904
0.7631253,0.21407446
0.10424626,0.7352286
0.109479874,0.73759174
0.769548,0.22578423
0.10244578,0.77403474
0.76192135,0.11420584
0.7669766,0.11306033
0.11266041,0.8705982
0.11445109,0.76655614
0.76257193,0.24444552
0.115542635,0.7150229
0.7632046,0.10072415
0.7844334,0.17663816
0.76458526,0.18344548
0.75758964,0.116139576
0.11824081,0.64355475
0.10766684,0.7443622
0.10752371,0.8367698
0.103580184,0.77305424
0.78673726,0.1811753
0.7554284,0.09447916
0.108991265,0.87488383
0.80977803,0.21864846
0.11094621,0.8804367
0.75208986,0.17530039
0.10089792,0.7393973
0.7561787,0.17216188
0.1022202,0.81521356
0.11433972,0.8747108
0.10990769,0.90123844
0.7649157,0.3232337
0.10723724,0.8070605
0.11008397,0.7367202
0.10500396,0.84386235
0.12121789,0.73805314
0.7643454,0.029507514
0.11298151,0.79120445
0.11924107,0.85455155
0.78750765,0.073265724
0.7683357,0.10978404
0.10528164,0.83104396
0.114481956,0.694854
0.74478084,0.12382165
0.09983239,0.88083565
0.11167726,0.8889968
0.7579589,0.19867666
0.11590755,0.7354801
0.7721126,0.32883623
0.1165582,0.6748374
0.10577893,0.78868276
0.10537895,0.89864624
0.114519335,0.81820947
0.090776965,0.8145407
0.117667355,0.6323609
0.7531957,0.16607389
0.09097421,0.8426992
0.7656202,0.27840528
0.11557456,0.65917844
0.1086778,0.8119373
0.10743538,0.8130171
0.104826786,0.7769041
0.7763998,0.09063572
0.115481816,0.6891634
0.7954805,0.15813386
0.11559196,0.77771956
0.7450837,0.2964273
0.7655597,0.210984
0.7370967,0.25222212
0.10303261,0.8227002
0.10606104,0.7881717
0.11024401,0.6862684
0.7811086,0.15459162
0.1094977,0.70599985
0.761076,0.18912013
0.11061797,0.8549601
0.11367942,0.79179883
0.12081748,0.75689703
0.7757779,0.14091769
0.7577265,0.31604984
0.78951144,0.2940626
0.75293064,0.25321382
0.105208546,0.7467461
0.75986964,0.119544044
0.103315316,0.78204846
0.75238824,0.10280047
0.094029844,0.6400814
0.77291137,0.077527314
0.76674545,0.1465747
0.12022791,0.87068313
0.1011966,0.81786984
0.76069754,0.16842097
0.09631414,0.8887388
0.7776108,0.1923724
0.0947505,0.742249
0.77504647,0.08816207
0.09310944,0.83305615
0.106169604,0.8086177
0.7651738,0.13181615
0.115713604,0.8299625
0.10219884,0.8809302
0.067398556,0.62406677
0.10916838,0.822077
0.767816,0.16776891
0.11675572,0.68821496
0.7733801,0.12791021
0.11178325,0.770595
0.7700428,0.11308597
0.7712982,0.12412445
0.76398647,0.1560944
0.108241655,0.67350125
0.10833123,0.8400365
0.76043725,0.26174182
0.10345148,0.8024753
0.87576824,0.1960428
0.77917504,0.20063603
0.7549029,0.15843347
0.11026574,0.81666183
0.75557595,0.14334807
0.7478304,0.18691403
0.7626472,0.2580778
0.754403,0.24052517
0.113273494,0.91092795
0.10652511,0.7374187
0.1064136,0.89555895
0.10786954,0.79110676
0.10398631,0.72362137
0.11450599,0.6884088
0.111262254,0.7841424
0.7573675,0.16305713
0.7485997,0.1954228
0.09160892,0.853366
0.10010367,0.7086802
0.7690488,0.15436733
0.77224207,0.11426191
0.10533246,0.87349963
0.10051878,0.8843827
0.74734896,0.17127591
0.7568536,0.14171553
0.7869823,0.07809446
0.7578987,0.2900958
0.7620882,0.28533757
0.75236046,0.18464065
0.7584391,0.3126374
0.7595894,0.14804223
0.7682248,0.2565558
0.1086527,0.6778077
0.1099516,0.7325579
0.111724675,0.73114485
0.81210726,0.27261528
0.10848744,0.7072367
0.10987219,0.70744497
0.75175494,0.10900862
0.10546077,0.8133904
0.74973303,0.2823096
0.77488244,0.09905316
0.110157765,0.7772181
0.11269762,0.8045628
0.78512096,0.17032427
0.75200796,0.12675029
0.78139627,0.14483002
0.11391249,0.85613924
0.79875296,0.1370486
0.7720936,0.19089846
0.75983036,0.095938675
0.1102661,0.8328607
0.7800301,0.12642346
0.76177025,0.23523182
0.11359608,0.81054825
0.113684766,0.7205085
0.110876635,0.84996474
0.7547889,0.2128008
0.7595525,0.21669391
0.12017779,0.75994426
0.11654876,0.7747284
0.76755625,0.22506168
0.112297736,0.7747653
0.023232106,0.79026884
0.7561881,0.16674036
0.754412,0.0929876
0.7760027,0.10019385
0.80324703,0.20162614
0.7713038,0.27261367
0.09931434,0.7993912
0.11105411,0.79355156
0.04517997,0.76596016
0.7938594,0.19098657
0.7642918,0.28877887
0.09746826,0.87729985
0.112493105,0.72518665
0.7584505,0.21077414
0.11068903,0.6828495
0.74762756,0.2421529
0.75361675,0.16856036
0.77202463,0.124561824
0.7552628,0.1951889
0.7505141,0.11548431
0.7587873,0.18172643
0.7686192,0.13956231
0.7862494,0.13228075
0.108808875,0.93471754
0.8097054,0.23399019
0.7575299,0.3105947
0.78853863,0.10037009
0.77170676,0.1384232
0.11704384,0.57585955
0.7713408,0.17067032
0.76610637,0.088005066
0.77764803,0.13999487
0.09877201,0.8674581
0.7530445,0.30248487
0.10467764,0.66595215
0.111053616,0.73981386
0.09690064,0.8273751
0.7573889,0.20143709
0.11069319,0.7332917
0.108053945,0.81109935
0.8008244,0.10958057
0.114265524,0.8609215
0.75948566,0.2519209
0.10585708,0.78729534
0.095049515,0.80073696
0.10923398,0.9211862
0.75545985,0.1659201
0.7798119,0.093423374
0.7686053,0.161282
0.11639361,0.8829697
0.76560247,0.13733219
0.10467883,0.87147135
0.113515645,0.7723942
0.11592125,0.82373834
0.11800341,0.8233522
0.7714986,0.15811625
0.7723091,0.18714954
0.0990565,0.7670896
0.11801724,0.86542827
0.108174235,0.75337404
0.74482405,0.21663302
0.036278278,0.6596911
0.785278,0.18608895
0.7652257,0.24544363
0.81383914,0.16285366
0.097411074,0.8101044
0.10552644,0.86161524
0.11310599,0.88075393
0.11005112,0.82542056
0.75728405,0.14726362
0.7600944,0.2606812
0.09696104,0.8601109
0.76277906,0.13502675
0.118375786,0.9030712
0.7250683,0.3074065
0.7663965,0.3348489
0.7817679,0.07086898
0.7682363,0.16885193
0.7635967,0.15276203
0.77281207,0.20488802
0.101123236,0.8898299
0.75304174,0.35887563
0.78836215,0.14187254
0.7865904,0.21937422
0.75327957,0.10904387
0.10223542,0.7827614
0.766875,0.21242751
0.79540324,0.14271684
0.7539163,0.09498542
0.7712482,0.35622257
0.108989686,0.7122481
0.76212263,0.2145583
0.78307885,0.14172514
0.7677843,0.24359159
0.10717253,0.62689286
0.09188155,0.7757794
0.7822611,0.15389471
0.117568165,0.7264891
0.74747235,0.19998878
0.7723601,0.17694254
0.114570245,0.7806755
0.7647432,0.17770836
0.11180039,0.79884166
0.107261576,0.7652552
0.10098235,0.8437182
0.11536849,0.5574434
0.7712728,0.12631933
0.10370694,0.92710274
0.7676751,0.23317473
0.7765496,0.23287994
0.7637623,0.26872376
0.7966348,0.12968375
0.7837955,0.16292095
0.108046815,0.87547505
0.109412745,0.5969608
0.10454299,0.80567145
0.110511556,0.78710467
0.7445143,0.17223237
0.10362479,0.78655034
0.78337896,0.20186645
0.77584726,0.19179563
0.1160915,0.8524496
0.10689821,0.86543626
0.77370477,0.2900237
0.751261,0.28050724
0.100611195,0.7432712
0.10838667,0.7737047
0.105129234,0.77511936
0.11135741,0.8125813
0.11702693,0.78314906
0.117166266,0.76772887
0.12011585,0.8033516
0.7724173,0.15347977
0.7504516,0.26540902
0.75598073,0.11397514
0.114983834,0.8835881
0.114086,0.7786055
0.7752459,0.22829472
0.78529465,0.21839693
0.7670216,0.17954116
0.751105,0.21270306
0.7644047,0.30677688
0.75876796,0.11487552
0.10889337,0.7483114
0.10138669,0.6475167
0.0951941,0.8638534
0.11647599,0.66983885
0.09882752,0.8450847
0.76455724,0.14397289
0.76766837,0.22433433
0.82407635,0.089849085
0.10649028,0.8582284
0.10705981,0.7056714
0.11005875,0.8048736
0.09406217,0.7985116
0.76620185,0.292845
0.105986916,0.8502323
0.11180768,0.8088292
0.758119,0.10017463
0.7481995,0.15555128
0.113482565,0.7039123
0.74540794,0.18531674
0.77235204,0.16550834
0.11764467,0.67463714
0.76590043,0.35892692
0.11320472,0.80448586
0.78951,0.09361722
0.10041378,0.73550576
0.7749738,0.21858598
0.7790925,0.12220193
0.7681618,0.31789708
0.105421744,0.7907959
0.8643853,0.25390273
0.104190096,0.77960527
0.1124034,0.8519786
0.11198367,0.88654876
0.80475026,0.13535678
0.75452054,0.2762328
0.10176022,0.7046189
0.7435553,0.20918965
0.11118272,0.79655707
0.10695755,0.6928578
0.099785276,0.8371928
0.76082134,0.19193983
0.10667868,0.7110497
0.77054715,0.20743376
0.09371737,0.7578631
0.09781155,0.8814156
0.10877922,0.80384666
0.10677288,0.92334265
0.7624382,0.2120446
0.766503,0.1425326
0.75778157,0.19829056
0.7657355,0.10586529
0.7713235,0.24324554
0.076938525,0.64776504
0.79156744,0.21266301
0.7446632,0.34780833
0.764571,0.18029734
0.78031456,0.18081002
0.7554277,0.14698964
0.10483719,0.76503414
0.8688343,0.18065782
0.7695606,0.21838252
0.025136694,0.794399
0.75386876,0.17067672
0.76387155,0.05602871
0.111372866,0.8487103
0.7619697,0.1388798
0.76906013,0.20329712
0.11143359,0.80249125
0.77159965,0.17961645
0.7915816,0.19416194
0.09686334,0.8806626
0.10275589,0.7842369
0.10560136,0.8868259
0.7567938,0.25366402
0.78873503,0.07823224
0.111760534,0.826518
0.10580894,0.82432795
0.120085075,0.866319
0.74742323,0.24389759
0.76202875,0.32472202
0.751236,0.19912365
0.110615626,0.8386187
0.10456825,0.7876158
0.7883742,0.11918197
0.8033129,0.040440258
0.72783524,0.30948123
0.76945955,0.08968407
0.7827323,0.26756704
0.11325636,0.83052325
0.78067464,0.16896248
0.09325557,0.76886153
0.115254976,0.76389503
0.7521913,0.2731808
0.7721957,0.18499312
0.11031464,0.8046749
0.11079653,0.80277
0.76024854,0.3426736
0.7621563,0.14596751
0.7732832,0.21973309
0.77632874,0.07424301
0.77430975,0.18133071
0.7786223,0.15635714
0.10322554,0.8323753
0.75186086,0.23297767
0.7612742,0.18570285
0.10948208,0.80879074
0.75746775,0.14257745
0.0981204,0.8137092
0.110026814,0.86012846
0.76542693,0.08363292
0.11570729,0.83754206
0.7424224,0.1536576
0.7497012,0.21191323
0.761653,0.29842675
0.7644574,0.18999968
0.75576305,0.24721876
0.7827953,0.081434846
0.11091286,0.870579
0.85290504,0.30734244
0.77364886,0.20257938
0.10488675,0.8332404
0.12299536,0.6461502
0.09380654,0.70939153
0.7592025,0.17038515
0.10790781,0.7881765
0.75432944,0.31483385
0.099940196,0.7962126
0.77251333,0.15790637
0.10767503,0.66482586
0.7704884,0.10725592
0.771931,0.16119069
0.78756946,0.1430677
0.11508748,0.7966067
0.104234576,0.852283
0.7961098,0.18330769
0.09714636,0.913142
0.108707376,0.9057996
0.7663701,0.17112692
0.09072331,0.6791839
0.74572635,0.16061233
0.7606945,0.20696114
0.76115364,0.1232449
0.09601632,0.77885705
0.7762327,0.10810183
0.11548664,0.8465042
0.7766131,0.25413182
0.7665563,0.19894262
0.79788935,0.271944
0.105199695,0.85209394
0.7663886,0.22990163
0.112548016,0.83604246
0.7819132,0.26641354
0.10645039,0.87830114
0.7614488,0.19510238
0.100290254,0.88234645
0.11666509,0.69590664
0.7906753,0.11360345
0.104978964,0.8559582
0.76567405,0.13701977
0.11464467,0.7633279
0.76190895,0.087450735
0.7696089,0.13726969
0.10926611,0.7596543
0.10413767,0.7584014
0.78386855,0.3301115
0.11173435,0.88785446
0.7448079,0.23321638
0.76104546,0.084954664
0.7641707,0.20682335
0.7613829,0.10368804
0.77853966,0.28137237
0.1002608,0.84645134
0.10991627,0.8312923
0.7693519,0.12295812
0.7482421,0.1435227
0.11272387,0.79027206
0.10895676,0.836701
0.7777738,0.11312763
0.114492685,0.7380371
0.76361793,0.25546476
0.106848486,0.84003013
0.11038715,0.8834551
0.74583626,0.14526258
0.10537159,0.74918294
0.10650899,0.82688326
0.7574083,0.20545036
0.10703019,0.8060463
0.10944114,0.8635618
0.7602879,0.14210004
0.10135605,0.88855135
0.76380605,0.14404339
0.09859933,0.8466724
0.76351994,0.19864462
0.09062984,0.75133777
0.11099319,0.8554263
0.760024,0.11464962
0.76003957,0.19775705
0.7524861,0.23968247
0.7794378,0.31819668
0.7624005,0.2353712
0.115532495,0.77061266
0.7622358,0.22336346
0.099886276,0.79361564
0.75358295,0.1561761
0.1067078,0.8973693
0.097769685,0.79270405
0.7919935,0.17693134
0.7710971,0.16063796
0.10041873,0.87745523
0.09373718,0.81213593
0.7752108,0.21000192
0.78598106,0.112018965
0.08756423,0.85909516
0.7516524,0.31314686
0.10798504,0.7911452
0.76422375,0.20020187
0.111036316,0.801357
0.10712792,0.7518584
0.0952676,0.8404899
0.7684428,0.21793392
0.10553582,0.8413887
0.76162654,0.040614888
0.10957602,0.7974414
0.7649358,0.19010222
0.10005193,0.8352911
0.76702356,0.11231055
0.77675855,0.21616842
0.77378637,0.1362059
0.7702985,0.14790285
0.11015995,0.6739322
0.11711024,0.84378064
0.7667267,0.1014499
0.10395986,0.89051557
0.108244725,0.85519564
0.77766347,0.18182576
0.10948225,0.8306081
0.8595752,0.19056042
0.10602046,0.8823144
0.7599092,0.12069756
0.1062744,0.85592777
0.7572468,0.19384313
0.7813289,0.12777244
0.098850235,0.8593819
0.12111973,0.77159315
0.11705648,0.5734307
0.11175783,0.66716814
0.10716863,0.72708035
0.11595569,0.72305745
0.7562816,0.29795092
0.75922155,0.15756673
0.11006723,0.8286151
0.10247731,0.7316463
0.76598626,0.16528566
0.7724763,0.14308693
0.10664836,0.7828607
0.103173435,0.85036206
0.74375963,0.3131949
0.75470227,0.18312986
0.76951146,0.12082893
0.77210426,0.28623635
0.79643536,0.15661828
0.093729846,0.825592
0.10883516,0.72685766
0.10398238,0.9088356
0.75035614,0.15305682
0.09539485,0.81809735
0.11250565,0.8373322
0.7645418,0.13708866
0.7604935,0.1333846
0.10539318,0.8729549
0.10755214,0.8108895
0.10642536,0.8017575
0.10586851,0.92038196
0.75942165,0.24698325
0.75719345,0.3540453
0.11721223,0.76965296
0.7635659,0.17574097
0.75872004,0.2048752
0.11611718,0.86904097
0.81931496,0.13324521
0.75972736,0.24658272
0.10309115,0.9345974
0.7792894,0.1265212
0.106235705,0.83898556
0.75605947,0.119651385
0.7669194,0.26245955
0.1185562,0.76057386
0.11132929,0.78388923
0.7711145,0.18911693
0.78789717,0.21471371
0.78293544,0.14503027
0.11455275,0.89133906
0.80147475,0.14990708
0.10768167,0.82375115
0.7683492,0.17400269
0.781302,0.29005414
0.10910789,0.82064307
0.110896975,0.7543369
0.11018943,0.7029078
0.7663808,0.10656221
0.10366092,0.8968839
0.110867985,0.80564743
0.10479436,0.8190682
0.1139639,0.80399084
0.75500566,0.36569738
0.11588358,0.7881797
0.10483283,0.7592922
0.75552297,0.087651
0.090212554,0.8699269
0.10362786,0.7882806
0.115148164,0.87343717
0.11098784,0.79383993
0.10741614,0.7964898
0.77753973,0.18408632
0.76163846,0.31122914
0.11258071,0.8588356
0.7678916,0.15872826
0.11203313,0.8725944
0.7748485,0.25307605
0.11543506,0.75103974
0.1076473,0.8237031
0.11935395,0.8626246
0.10634136,0.9045243
0.7732154,0.29545483
0.108194806,0.8676904
0.75902486,0.18908167
0.76266015,0.17510173
0.78879917,0.068203084
0.76044005,0.14616938
0.7549141,0.21203019
0.11042924,0.8241405
0.11212076,0.7254061
0.74577814,0.32773238
0.7705367,0.16111378
0.78325516,0.17818418
0.11525009,0.85887885
0.7490448,0.10900381
0.83161294,0.16498126
0.10624885,0.8727306
0.1146526,0.72504884
0.7784295,0.14516966
0.11483439,0.77953154
0.7582083,0.17629209
0.7612108,0.23004101
0.11780173,0.71587044
0.10435235,0.8049473
0.10521435,0.7243808
0.74275297,0.2147073
0.7625818,0.16271268
0.118398905,0.8394982
0.7432156,0.43829983
0.7511137,0.24568553
0.7805345,0.11428755
0.78390723,0.24410586
0.10150546,0.72852063
0.11065849,0.85414463
0.7556078,0.17175655
0.10671783,0.693449
0.7713886,0.12671505
0.76290214,0.06312282
0.120585956,0.73532635
0.74914294,0.17718767
0.11860229,0.7352639
0.10936553,0.865848
0.7585419,0.24888173
0.7645907,0.13343106
0.09373932,0.80527735
0.114884116,0.71034795
0.110846326,0.6294931
0.7639529,0.21768561
0.106907226,0.84028965
0.10463072,0.7463744
0.7640109,0.17983595
0.76544297,0.1629594
0.7676084,0.09590823
0.7592939,0.23624115
0.104260854,0.5896184
0.108489394,0.7090583
0.10023594,0.8330033
0.09488789,0.85859525
0.108709425,0.76193887
0.110407315,0.8306081
0.12079433,0.7985421
0.7561141,0.13477683
0.10706816,0.8188231
0.75640786,0.3163126
0.11424039,0.8458986
0.7871109,0.14079593
0.75640285,0.11464962
0.11026049,0.67289084
0.75167924,0.19331603
0.7641411,0.22236374
0.114405684,0.7835464
0.7598489,0.173631
0.76579964,0.21352816
0.78123647,0.053814605
0.11763975,0.688255
0.7695331,0.10910955
0.7656247,0.12784934
0.10825913,0.8461854
0.7558134,0.31495562
0.10815561,0.8849771
0.74994594,0.2650886
0.11354721,0.77647156
0.11305079,0.6778429
0.114858165,0.7806306
0.11047795,0.84364766
0.7798346,0.18436028
0.7659929,0.22153866
0.7892794,0.2092169
0.7580453,0.27313915
0.7590039,0.11339838
0.10370582,0.6571374
0.10587594,0.8149412
0.76386786,0.21000673
0.11135659,0.7316607
0.100291446,0.8350332
0.7551619,0.2389535
0.798167,0.16427633
0.7574331,0.1012961
0.1128531,0.77047807
0.77629167,0.14939761
0.7570307,0.2932087
0.7805357,0.18180974
0.10867611,0.6937518
0.7676149,0.2037345
0.7846937,0.11188439
0.088364,0.90364957
0.106836736,0.82160276
0.09338979,0.5945144
0.082611375,0.89437664
0.75577587,0.21329744
0.096209444,0.84539074
0.11995809,0.77679676
0.76372415,0.21449903
0.09794154,0.8534878
0.09942594,0.8778445
0.11020462,0.75103015
0.75796616,0.21383895
0.74123114,0.26526642
0.1032961,0.6670143
0.76061267,0.115301676
0.75995535,0.11559005
0.119974,0.7709315
0.11207883,0.74500144
0.7510749,0.23623794
0.7686069,0.27204493
0.76787496,0.29135826
0.7595698,0.22824827
0.11083626,0.6890224
0.79099053,0.1252988
0.79039675,0.10939793
0.10600088,0.8401503
0.76325476,0.11579512
0.7503135,0.3048816
0.117881015,0.720744
0.7496819,0.17154507
0.76192635,0.05653337
0.11355217,0.8263065
0.7466539,0.27498317
0.099769495,0.80635554
0.76147366,0.13006985
0.10425564,0.83995
0.9289114,0.33370823
0.75680274,0.1494697
0.10596677,0.7634112
0.74852127,0.18981384
0.11386983,0.7584655
0.11270439,0.7915906
0.10987959,0.82360214
0.7601854,0.18136114
0.7675038,0.09668365
0.118301496,0.6809494
0.7823016,0.2035054
0.10349196,0.8304864
0.103735104,0.8459948
0.76817155,0.2595421
0.7711857,0.1998526
0.7711976,0.15165657
0.78904456,0.12488705
0.7773625,0.084118366
0.11964187,0.8551203
0.11106709,0.8071838
0.111735605,0.8409257
0.75204116,0.18235445
0.76971495,0.26137173
0.7878203,0.26530328
0.7574935,0.13307059
0.10109963,0.893292
0.75551254,0.13590792
0.76519066,0.25548398
0.105257176,0.60729915
0.06124476,0.7449678
0.77380395,0.19616938
0.7681672,0.14234996
0.09177642,0.88195235
0.12393367,0.72533566
0.7583525,0.16451344
0.7819655,0.16307956
0.10479367,0.7404483
0.75829554,0.2021324
0.7407131,0.2258323
0.7757837,0.15489282
0.75550896,0.10951008
0.746497,0.31377006
0.112793736,0.8227675
0.11220945,0.8092281
0.7542828,0.2757698
0.105076864,0.8308453
0.1062226,0.8259284
0.76937723,0.13942933
0.7735152,0.21435003
0.76085925,0.08813163
0.7858338,0.2236294
0.7600162,0.12724054
0.76460505,0.1493095
0.7812741,0.118161425
0.10347344,0.821497
0.7621332,0.36221442
0.8541601,0.23374027
0.1044271,0.7690858
0.114645004,0.78753245
0.108343884,0.70042294
0.10619532,0.8467045
0.7640731,0.26003075
0.10401262,0.83375627
0.7695472,0.06671633
0.7451806,0.09389279
0.09325211,0.78918904
0.78733665,0.32472044
0.7525287,0.24700888
0.09578962,0.7600692
0.12090934,0.91094714
0.77345115,0.09127015
0.76295894,0.32321766
0.10154121,0.78342944
0.76802737,0.13968246
0.11328828,0.79303885
0.7600952,0.17217149
0.116202466,0.8242174
0.7603589,0.19700406
0.113344945,0.85191613
0.08486345,0.8589109
0.75971735,0.13901919
0.10534286,0.5903249
0.09533816,0.66229934
0.7692472,0.22314557
0.111205764,0.8176039
0.11098253,0.8438239
0.10143041,0.6536768
0.10323835,0.8565446
0.09950363,0.85598063
0.11582596,0.8357797
0.10983356,0.76656896
0.8187493,0.13190106
0.771898,0.13654235
0.7802187,0.153044
0.11112546,0.66010284
0.11525848,0.79020315
0.101128556,0.7745474
0.1114781,0.8220786
0.10760526,0.7549793
0.11310682,0.6857317
0.759588,0.17402512
0.7545974,0.27533564
0.09449761,0.6373995
0.75450534,0.26053062
0.7986984,0.109122366
0.79747677,0.11900573
0.7446464,0.15521164
0.1143409,0.7244673
0.083438285,0.7192444
0.10866673,0.80079144
0.76455134,0.15089397
0.7802005,0.19440867
0.111559354,0.87214106
0.10757323,0.8505159
0.76042485,0.15909994
0.0996682,0.82502645
0.11351915,0.7206783
0.09916506,0.76277995
0.11406444,0.80534303
0.7772864,0.12090583
0.118760385,0.68886536
0.76955765,0.22054535
0.7474519,0.16797239
0.7644991,0.27995932
0.09522372,0.6562418
0.09950182,0.8233891
0.11177988,0.7906261
0.7666315,0.16508059
0.10014891,0.8474495
0.7644108,0.116431154
0.10688441,0.8375725
0.7754585,0.34727323
0.1214271,0.6587491
0.7445461,0.28225833
0.11022753,0.8221346
0.7706796,0.08996283
0.10300749,0.86854273
0.11608661,0.80829406
0.77503854,0.20400365
0.102274254,0.79659075
0.10372708,0.84274566
0.744478,0.1951985
0.11178464,0.7498766
0.11055527,0.66803163
0.77739483,0.076253645
0.11422831,0.5709395
0.749583,0.21319652
0.10627302,0.804888
0.109285325,0.7691627
0.7513051,0.2252235
0.085375555,0.839032
0.10579359,0.83083403
0.7869668,0.12551348
0.7805781,0.31835046
0.7634641,0.1855939
0.77641314,0.2468006
0.0890896,0.8810551
0.77885425,0.14818482
0.10990871,0.7911548
0.77087533,0.23152776
0.11189396,0.78153735
0.09748424,0.8277788
0.7863705,0.09151687
0.76269966,0.10164696
0.085999206,0.8170047
0.7762597,0.08985549
0.7782079,0.19949374
0.73320293,0.2963536
0.10679041,0.6464161
0.10502578,0.74645776
0.10566964,0.83678424
0.105831794,0.824227
0.77415526,0.13043033
0.7930558,0.20089558
0.74998885,0.23015957
0.10335547,0.7685924
0.78518516,0.29404017
0.11774914,0.8309686
0.10574093,0.87635297
0.10407552,0.6526162
0.7702141,0.22528757
0.7598432,0.14861898
0.10676895,0.58464867
0.11088588,0.8177673
0.76771647,0.2692092
0.7604015,0.28180975
0.77782196,0.114938
0.7520854,0.2224807
0.12325006,0.8022846
0.11813779,0.55173826
0.7630714,0.099112436
0.11131961,0.8167275
0.10369423,0.8526659
0.7857256,0.251357
0.7643527,0.17932488
0.095269315,0.7677545
0.11123878,0.7445913
0.7743722,0.16374764
0.78098685,0.10277805
0.7589686,0.20386587
0.7764404,0.20035407
0.10594455,0.8365151
0.74781096,0.20317857
0.11181964,0.70426637
0.084841125,0.72922236
0.0995703,0.86849785
0.11643254,0.542696
0.10876757,0.837784
0.07776276,0.79217213
0.7530345,0.18402384
0.11479061,0.73041433
0.771093,0.15423115
0.76433814,0.23383158
0.10471278,0.8340623
0.77536136,0.2011407
0.7633637,0.10780063
0.7580511,0.15918164
0.78924376,0.16769041
0.82337344,0.17433113
0.10730883,0.8708001
0.79467446,0.093876764
0.11175717,0.71841615
0.10060836,0.8363181
0.75504035,0.24078952
0.106187664,0.7444567
0.103139594,0.7269137
0.7765435,0.17161717
0.7527714,0.21804929
0.79296714,0.15088597
0.11491149,0.71704316
0.10285537,0.86604184
0.10869972,0.83753407
0.75229406,0.19162582
0.7663294,0.18869077
0.7636684,0.30432248
0.7580308,0.13191707
0.108174995,0.84487647
0.7586704,0.09907238
0.74666774,0.17838444
0.776147,0.15542953
0.10537195,0.79912204
0.77345896,0.2388702
0.112498455,0.79903233
0.10397558,0.74331445
0.10120849,0.8437438
0.101881795,0.70440096
0.11325154,0.83754206
0.7811198,0.09487808
0.7767189,0.22719729
0.7665834,0.25692108
0.08326223,0.8968599
0.74875474,0.18571566
0.7648715,0.09862059
0.7641956,0.18674742
0.7698374,0.052749205
0.7450861,0.15565541
0.09862789,0.896187
0.10712911,0.6586097
0.11821182,0.7491909
0.11346328,0.76659936
0.7664908,0.20246564
0.76872337,0.1470249
0.7538356,0.19128616
0.08936907,0.7131949
0.78756326,0.20359191
0.09703074,0.78532153
0.76935995,0.092343554
0.10034038,0.69713384
0.7701979,0.18832389
0.10086926,0.7751706
0.120923236,0.6907222
0.10964417,0.69208884
0.7877297,0.14417316
0.7749009,0.16019738
0.7724741,0.12409721
0.114075966,0.8369861
0.7685363,0.1215707
0.76535946,0.23397258
0.75180787,0.18317473
0.7685654,0.16109776
0.10860588,0.85156363
0.10020735,0.72624725
0.763542,0.14169791
0.108789824,0.70614564
0.11267101,0.80272996
0.10023835,0.8017895
0.10691813,0.7557147
0.7499943,0.21789709
0.09932771,0.8520667
0.7763149,0.30726233
0.7709292,0.14376943
0.11407867,0.87716043
0.7710905,0.1470265
0.7592692,0.2228604
0.10856999,0.77287644
0.107188545,0.73639333
0.09457934,0.79339135
0.7706157,0.17620718
0.104479834,0.7494585
0.10585121,0.78414077
0.78538156,0.097782694
0.7656622,0.12585792
0.7804107,0.06971547
0.7956596,0.21987087
0.77131116,0.114907555
0.8107477,0.099637926
0.7677245,0.13936685
0.10967227,0.81637025
0.757442,0.159454
0.7744128,0.2677609
0.78592384,0.18686756
0.7551746,0.11377487
0.7655037,0.24061649
0.1082268,0.74102664
0.7650763,0.16211349
0.757956,0.1553414
0.74511313,0.16248998
0.7703288,0.27886507
0.77206385,0.21848665
0.103790544,0.77181906
0.110397145,0.65320903
0.7869956,0.107428946
0.10629279,0.8675238
0.7981834,0.0831603
0.7668803,0.24027684
0.10653184,0.8796902
0.10286521,0.8243007
0.74674344,0.15136659
0.10141766,0.83076674
0.75853723,0.16716492
0.7744616,0.18434106
0.768934,0.19185972
0.11487708,0.8435275
0.7479943,0.29090968
0.10536647,0.7466981
0.11337202,0.79476756
0.7616868,0.12905572
0.77287596,0.17844371
0.77465606,0.18379474
0.116162516,0.58557945
0.75187033,0.3881877
0.7629291,0.26854593
0.7852851,0.15878913
0.7566765,0.1362812
0.76841325,0.14612451
0.09564305,0.8883207
0.7521304,0.18099266
0.11276455,0.6933545
0.10688391,0.6421481
0.7429148,0.267833
0.7480648,0.2956551
0.761611,0.26725623
0.76761305,0.41307154
0.105619885,0.7262136
0.7810666,0.13176487
0.12038458,0.82746005
0.776263,0.33649427
0.7729296,0.2301868
0.7641675,0.14278413
0.09893017,0.76932937
0.8869017,0.24186613
0.097096115,0.51434684
0.7797711,0.11297863
0.111511774,0.79371494
0.77354497,0.1008379
0.7416847,0.2789532
0.76566744,0.23236246
0.75678176,0.24035375
0.114012405,0.77346116
0.12034757,0.7633279
0.1084542,0.8010093
0.11148751,0.85284853
0.11264763,0.7494921
0.7840715,0.24517928
0.7600416,0.20191291
0.7916135,0.07679355
0.104916,0.81633824
0.10271247,0.80690986
0.10363632,0.73722804
0.096799575,0.8323769
0.7732492,0.13456535
0.8689859,0.16710083
0.7885229,0.029014066
0.7636154,0.022671346
0.7511334,0.27976865
0.75434965,0.101767115
0.11018127,0.8214025
0.7791225,0.10957416
0.7585987,0.2009917
0.77915525,0.22486782
0.10238146,0.81555
0.10922616,0.8505688
0.7903579,0.08316992
0.108397305,0.77558714
0.7614048,0.11068121
0.087268814,0.7830994
0.10905929,0.87191993
0.10949823,0.79532987
0.118390314,0.7907799
0.11175459,0.7250152
0.77328503,0.1753132
0.7537569,0.1293425
0.11206661,0.6956631
0.101574235,0.6787193
0.106569156,0.83479124
0.10346968,0.93199074
0.75847745,0.12402352
0.11388525,0.8461806
0.106239304,0.74563426
0.1159231,0.7608142
0.10493357,0.8499151
0.76394683,0.12175174
0.114861436,0.79698324
0.74304366,0.11088949
0.7610148,0.25584286
0.7507163,0.07502644
0.11322453,0.7513073
0.10623128,0.8295844
0.11484031,0.7473838
0.7642897,0.22738793
0.113963574,0.7140184
0.106322445,0.84361243
0.7513957,0.1198965
0.7590654,0.2206607
0.754184,0.13148771
0.7608822,0.07901246
0.75561434,0.19606523
0.761434,0.20204748
0.10515126,0.8168397
0.11036073,0.7509981
0.7369324,0.29183248
0.76538247,0.12609825
0.10430576,0.87679034
0.09568297,0.9309991
0.7678628,0.16915633
0.110960804,0.7731199
0.92054904,0.17211702
0.1158569,0.8448845
0.94309306,0.23090294
0.77076083,0.14886571
0.10348813,0.85904545
0.76244265,0.092015125
0.73647213,0.1837675
0.11213113,0.73059374
0.097027466,0.9368163
0.7418521,0.14404339
0.09768998,0.72791344
0.10793419,0.82397383
0.10515423,0.88998526
0.113200985,0.78445
0.794389,0.107670866
0.113094665,0.6954484
0.77240384,0.15060079
0.7560366,0.18065782
0.7778351,0.13257234
0.75825316,0.31826717
0.10138085,0.8442148
0.1069378,0.8704204
0.12494845,0.7557371
0.76414174,0.14565189
0.7664085,0.13379954
0.7754173,0.2023711
0.75426614,0.21118107
0.11502583,0.6579016
0.10479212,0.9387949
0.10336187,0.687337
0.7524664,0.13365696
0.7542811,0.11039284
0.10007746,0.88980263
0.76123685,0.14568233
0.76945466,0.21399115
0.7575123,0.08372264
0.102008455,0.88177127
0.7644907,0.23381557
0.7559839,0.28098625
0.11124192,0.7065558
0.108075045,0.76892084
0.107423134,0.7574145
0.75171715,0.23281264
0.787468,0.11296902
0.83172494,0.070859365
0.099011295,0.82291806
0.7406698,0.28205806
0.10734917,0.5939008
0.10849748,0.8316768
0.7602945,0.09848601
0.75682676,0.30687302
0.107648484,0.81756705
0.75676763,0.15522926
0.76249915,0.1868948
0.11374222,0.7374956
0.10644085,0.8512384
0.7483681,0.21550834
0.092843436,0.67413247
0.7750934,0.18936044
0.759485,0.16787626
0.11089836,0.8092249
0.08843076,0.704079
0.11612055,0.78332055
0.10369258,0.79180044
0.11214975,0.8136948
0.12528871,0.70560575
0.099328995,0.8686949
0.11990684,0.6853728
0.7610647,0.16548912
0.7756466,0.1692044
0.08958256,0.86864203
0.75144327,0.102427185
0.11026762,0.84036976
0.103166334,0.87726134
0.75920343,0.108026534
0.7612911,0.14604601
0.10250716,0.72687685
0.77308834,0.12267935
0.76164216,0.3183649
0.78435326,0.28416324
0.75110775,0.19792688
0.76975274,0.16854914
0.7884398,0.13542247
0.91450584,0.29842833
0.7588681,0.22836041
0.11942504,0.75200105
0.81178844,0.37433752
0.8498607,0.16569099
0.116762325,0.7266365
0.10739725,0.9002227
0.10806927,0.86100805
0.10443872,0.7711365
0.107164375,0.65263546
0.75134,0.20265308
0.7533356,0.12419494
0.10935516,0.79423565
0.111417644,0.919512
0.7688248,0.114979655
0.7643828,0.17123106
0.11213958,0.69874877
0.11302909,0.89459133
0.10320794,0.8296741
0.09156214,0.7668301
0.105213165,0.8556634
0.0922578,0.9155724
0.11235942,0.82017046
0.74927884,0.09317985
0.09569915,0.8015076
0.10938234,0.6931654
0.09952985,0.85307926
0.11178741,0.84796375
0.10695365,0.84890574
0.77267355,0.10675286
0.10347753,0.72965974
0.1065568,0.79913163
0.11086865,0.71983725
0.09487085,0.8444295
0.10208773,0.7569643
0.114298575,0.7023647
0.11562214,0.81803167
0.7562937,0.15389471
0.10917934,0.8613621
0.10245321,0.8818706
0.7510771,0.24475151
0.775475,0.14838187
0.7414868,0.2915329
0.7788021,0.13425775
0.7608886,0.20333077
0.7505668,0.2543497
0.7848735,0.13045916
0.106101416,0.82092667
0.10867693,0.8764491
0.76845634,0.22857189
0.7630033,0.22234932
0.11381882,0.68181133
0.10903515,0.80392194
0.11648428,0.8988769
0.7433807,0.34431255
0.10489962,0.8311769
0.09532492,0.8147041
0.109302565,0.7694319
0.7704359,0.2753709
0.7477375,0.14226185
0.7782004,0.18627319
0.103121296,0.69989264
0.7731763,0.1643965
0.7664813,0.28303373
0.10867245,0.8683905
0.7676109,0.097462274
0.79810977,0.21491878
0.11473157,0.7444327
0.7979137,0.12517864
0.09716902,0.721795
0.7712992,0.10763722
0.10490884,0.8595501
0.76935047,0.12487103
0.11686277,0.8422875
0.10268001,0.9034077
0.11267864,0.926063
0.103067644,0.7832388
0.7850611,0.076956965
0.10784953,0.8330994
0.08167845,0.56388384
0.10586775,0.83594954
0.11490083,0.7323673
0.77118385,0.120675124
0.11240881,0.86076134
0.7614905,0.19361563
0.11249413,0.71650326
0.11343396,0.7578311
0.0983269,0.79200554
0.114110634,0.63625234
0.107814565,0.8992422
0.10449017,0.86290175
0.7617136,0.10863853
0.7658748,0.312035
0.7453579,0.22175173
0.7667147,0.17403153
0.10260972,0.7180957
0.1141774,0.81656736
0.11533062,0.86206704
0.087503314,0.8200423
0.11378996,0.78935724
0.760778,0.251075
0.108865336,0.8997132
0.10690264,0.75521487
0.7323191,0.21948317
0.101274066,0.8370935
0.10567681,0.8269089
0.1089634,0.80056715
0.10997349,0.80157167
0.75341946,0.18942292
0.76969,0.14131661
0.11237365,0.8228604
0.77473634,0.14242366
0.7747747,0.0992422
0.12466476,0.62771636
0.771436,0.060051586
0.73639697,0.27334905
0.7712288,0.22010799
0.110295616,0.81978434
0.11391503,0.7342273
0.74352205,0.28614822
0.7705506,0.12624404
0.11502544,0.71354896
0.10765869,0.8128713
0.78715515,0.15376334
0.10904195,0.86756384
0.7746139,0.19714345
0.108915985,0.81635743
0.77564687,0.111975715
0.7533345,0.19807106
0.7702957,0.07432471
0.10925525,0.8741645
0.1142293,0.69485885
0.120103665,0.80970556
0.73653525,0.1814813
0.7733351,0.10229421
0.7526327,0.18772951
0.09946213,0.9012769
0.11554633,0.8060031
0.7646866,0.28775835
0.7619969,0.10270114
0.10588984,0.73989236
0.7669762,0.13183376
0.7797389,0.10802012
0.744861,0.16165368
0.77136797,0.30758274
0.77562046,0.11592009
0.7822736,0.19800217
0.09343116,0.85270435
0.09563945,0.83408314
0.7893147,0.20493607
0.109530486,0.83865714
0.10479588,0.8052437
0.7627275,0.17527637
0.7596949,0.16815822
0.75039697,0.13570926
0.093698315,0.88127786
0.10151229,0.857328
0.09978287,0.821348
0.7566525,0.22823864
0.10572386,0.8402544
0.75808465,0.25834695
0.10632007,0.87352526
0.10688834,0.7182768
0.09083296,0.75666475
0.7607236,0.12713
0.095237054,0.96199495
0.11095198,0.82794386
0.7466469,0.26969305
0.7733207,0.101909705
0.7586881,0.24448557
0.7795284,0.1596847
0.76517457,0.16575828
0.104268715,0.89859176
0.1253165,0.7491108
0.101885624,0.8870134
0.7601537,0.09208241
0.77633667,0.09288346
0.7733874,0.20622095
0.7577829,0.21130122
0.7728782,0.16521676
0.11631932,0.7403922
0.110926166,0.84030086
0.77559245,0.21744528
0.76308674,0.18706143
0.7650829,0.23470794
0.105218776,0.9593787
0.11044146,0.65955496
0.75811094,0.2662277
0.10602066,0.71565735
0.7559979,0.22863437
0.10519253,0.82010156
0.10350266,0.8506713
0.09610686,0.8251402
0.76409143,0.25238392
0.80499184,0.22418854
0.10873782,0.74750394
0.10788179,0.87154984
0.76238173,0.2794194
0.77599937,0.12956679
0.10263742,0.76232177
0.10954647,0.7502163
0.8564706,0.28296486
0.10810542,0.79942644
0.11964039,0.83845526
0.101201124,0.9334871
0.7714739,0.1737864
0.095590055,0.7358743
0.105705634,0.8725159
0.76541376,0.24856932
0.12059385,0.64035213
0.7715015,0.12101958
0.76795256,0.10901022
0.75548786,0.19368452
0.77353674,0.23556666
0.11518967,0.80911916
0.7662544,0.19050434
0.11896761,0.6563892
0.12727782,0.7706271
0.11087832,0.5978612
0.7615622,0.0724887
0.109735034,0.7338444
0.11120223,0.8199478
0.11193058,0.8140937
0.7774082,0.12686244
0.10077275,0.8948364
0.7872335,0.14461213
0.7980456,0.40678972
0.11511386,0.7145615
0.11127956,0.6491669
0.11035013,0.7002724
0.7832858,0.11437566
0.76368505,0.13075715
0.117882036,0.7015252
0.10762831,0.7908472
0.7680604,0.11385017
0.10178195,0.8286248
0.7772399,0.16331667
0.7611995,0.15462047
0.80693763,0.100108944
0.77664626,0.1701993
0.104357794,0.82325613
0.78861153,0.1612051
0.76891303,0.39934474
0.11693616,0.76057386
0.7654267,0.18476722
0.7736148,0.24613573
0.76754105,0.24622385
0.10598741,0.7970457
0.7438223,0.1693678
0.8639558,0.11104169
0.11059321,0.7198725
0.77367514,0.14086482
0.7559776,0.2578519
0.11273233,0.6415521
0.76741177,0.20675927
0.11376989,0.6832164
0.11078379,0.76643914
0.75651455,0.2942693
0.77539486,0.1419975
0.76952624,0.19875997
0.10012064,0.73717356
0.095515564,0.763134
0.09979013,0.8542568
0.76795006,0.09523855
0.7792564,0.21210228
0.098299526,0.798619
0.10333414,0.85036045
0.75307935,0.27201608
0.7684492,0.20055753
0.10990386,0.7118235
0.110244766,0.75947803
0.123287305,0.82670224
0.11056613,0.7977346
0.10951157,0.84911406
0.113682985,0.7963696
0.76770324,0.119212404
0.7617824,0.08434106
0.784958,0.13282867
0.12217641,0.7887196
0.110886045,0.6974767
0.10514852,0.7571742
0.115601175,0.665103
0.77174455,0.16017495
0.75565135,0.25905028
0.11342263,0.75209236
0.7632204,0.37089783
0.7755742,0.14901792
0.09570258,0.81170493
0.09994499,0.7637236
0.743292,0.23133071
0.7583065,0.06572143
0.76297104,0.17524913
0.75539064,0.30460924
0.7659905,0.20163254
0.7440901,0.1435884
0.7573375,0.052729983
0.10496992,0.79324555
0.7833705,0.24702169
0.7603625,0.12415649
0.032235466,0.69473547
0.120327294,0.72493994
0.11041006,0.7251226
0.77995694,0.12273703
0.10049051,0.80508506
0.10810364,0.92601013
0.7558331,0.16822872
0.7562594,0.3326861
0.7840982,0.25756192
0.77431476,0.35011053
0.7661239,0.12950431
0.77238786,0.07266814
0.10172731,0.55727196
0.09429551,0.7839678
0.79154843,0.14146881
0.77489483,0.15254574
0.11221975,0.5859704
0.11254109,0.7460316
0.101722784,0.83492744
0.12216614,0.73928833
0.101514176,0.75818354
0.7648917,0.12690249
0.101890944,0.70366883
0.10676885,0.7932247
0.10547886,0.74644977
0.11482416,0.79254705
0.11071287,0.7787946
0.11516253,0.8801804
0.75556684,0.21074049
0.112021774,0.7377183
0.78540283,0.042641547
0.1069171,0.8489266
0.8032009,0.13909128
0.77523375,0.08484091
0.11244923,0.9040293
0.09901011,0.8148018
0.75765437,0.124215774
0.10780443,0.81040883
0.7703979,0.13047838
0.7526065,0.18075556
0.096456684,0.7907607
0.10775791,0.8315486
0.098690525,0.6989362
0.75311065,0.10279086
0.7527702,0.1528261
0.100592606,0.7077638
0.108276986,0.8168189
0.7810217,0.13182256
0.75863117,0.13495947
0.7531615,0.3089814
0.7759945,0.15325707
0.108841,0.7752699
0.7735675,0.085819796
0.119789034,0.73966485
0.110613585,0.70939475
0.7645142,0.15949565
0.75407904,0.27716362
0.7760831,0.17712198
0.7551281,0.2873338
0.77785325,0.16770643
0.7600565,0.111493476
0.7545966,0.06730591
0.101966724,0.8886347
0.11539864,0.744665
0.11560329,0.78122175
0.7508541,0.2392547
0.10139105,0.67877376
0.11381519,0.7600388
0.7619763,0.12977347
0.10963311,0.8080217
0.76950985,0.2717277
0.08230183,0.8585472
0.107957505,0.76182353
0.10399384,0.7722724
0.7740595,0.24402897
0.7713318,0.1465683
0.75757074,0.23658079
0.11830183,0.57815695
0.74701196,0.12067833
0.1072528,0.81885195
0.112889625,0.784889
0.11183337,0.87777406
0.0961398,0.8604185
0.78016245,0.08713352
0.76209885,0.30633953
0.106448606,0.7796853
0.7466864,0.20521003
0.11726453,0.83349353
0.09437482,0.65529174
0.10852109,0.65625143
0.10738074,0.63595116
0.10753556,0.8972348
0.78245413,0.17540613
0.79056555,0.16242109
0.119692884,0.729562
0.77354336,0.11790509
0.11146311,0.793308
0.7656236,0.104825534
0.76343066,0.17642668
0.7872814,0.079231955
0.77703035,0.16266783
0.110878155,0.748329
0.75878215,0.2542632
0.7624018,0.29012784
0.7581406,0.151365
0.10980213,0.60010415
0.77096224,0.29981256
0.77628887,0.12512416
0.7624556,0.15898299
0.10848606,0.88702136
0.11312478,0.84993434
0.10395976,0.8382229
0.11170823,0.7686244
0.8803892,0.21634945
0.759694,0.16655773
0.10955156,0.61648244
0.09968919,0.6495867
0.11225891,0.7178218
0.7555173,0.29974207
0.116441056,0.7260566
0.7308815,0.27319363
0.7681602,0.07602935
0.75580597,0.15128648
0.10514739,0.80840945
0.11975364,0.8340863
0.7587503,0.30719665
0.7376715,0.13761415
0.76089543,0.29620302
0.10809529,0.7348361
0.74112123,0.29766092
0.76302546,0.1976337
0.74447984,0.25202507
0.10506597,0.83276457
0.1058519,0.80074495
0.090483434,0.53829664
0.11314875,0.73089814
0.7608443,0.11954084
0.114768095,0.61270785
0.10775721,0.7936557
0.7733272,0.17687206
0.762879,0.23281907
0.797015,0.115690984
0.74992704,0.20135538
0.7497011,0.20469896
0.76403296,0.13126181
0.10839687,0.82694894
0.10637441,0.8269906
0.7721203,0.16220161
0.09927145,0.7701753
0.7809433,0.15202986
0.7817781,0.1967301
0.78322136,0.1846839
0.74491185,0.1993175
0.11114914,0.8100131
0.7672695,0.13550739
0.7586329,0.25828767
0.7940381,0.22509052
0.108919226,0.8349851
0.103883855,0.7101349
0.10859822,0.74380946
0.106597416,0.70637316
0.09378069,0.87841326
0.101446055,0.7125637
0.10761121,0.79975647
0.09106092,0.82260245
0.77215976,0.09660034
0.10739418,0.80392194
0.77498335,0.18196994
0.11247379,0.74931914
0.11626824,0.81404245
0.75912696,0.17513378
0.7761044,0.21366112
0.7592546,0.1285094
0.09765435,0.7978644
0.09676111,0.8265628
0.11088205,0.88439393
0.111533135,0.7299593
0.7723041,0.12097632
0.7705465,0.107196644
0.7709246,0.1569307
0.106391184,0.85543114
0.115471475,0.8304143
0.7628163,0.23959275
0.77049416,0.14848281
0.11505096,0.6828479
0.7781248,0.12589318
0.11525838,0.623498
0.111158974,0.88905126
0.10710887,0.8829216
0.75715166,0.12559357
0.1050593,0.8878368
0.11738785,0.8408344
0.7897236,0.09974847
0.7682896,0.12178858
0.7674671,0.07803999
0.116073266,0.6436765
0.7662832,0.14172354
0.10706756,0.8057131
0.10507584,0.80217886
0.11434374,0.5869717
0.7453104,0.21694383
0.74685425,0.23275818
0.11561732,0.8283588
0.7526522,0.24513923
0.7579445,0.12847736
0.10763333,0.72365505
0.7608216,0.18784004
0.7426554,0.15189369
0.10418848,0.77564806
0.76583374,0.29485884
0.09963709,0.85544074
0.12280174,0.73456216
0.76244545,0.16640873
0.7730277,0.22092345
0.10859531,0.8036672
0.76619524,0.113545775
0.11614858,0.85812426
0.11655332,0.7157615
0.115192376,0.88501555
0.7543606,0.1672979
0.73525494,0.188255
0.107383974,0.8436557
0.10993615,0.8767407
0.1061909,0.86315805
0.1044517,0.8863581
0.76572466,0.26077414
0.10937332,0.6903249
0.09668391,0.77196
0.76142913,0.2179099
0.112264425,0.7290365
0.78024566,0.21494761
0.7722534,0.13472717
0.75949436,0.15577878
0.108885214,0.7625268
0.7507162,0.1402368
0.11034079,0.7455029
0.7814484,0.37382805
0.74995846,0.38647506
0.7976676,0.15610401
0.7635457,0.32198563
0.7864282,0.11374603
0.77557874,0.15111667
0.09814685,0.84700084
0.11074767,0.6633295
0.10604578,0.8906357
0.10448957,0.73798746
0.778931,0.18935083
0.11353199,0.73334134
0.11894687,0.7791967
0.7604062,0.135666
0.75613075,0.36070043
0.10490253,0.84050435
0.10980757,0.75734246
0.09831128,0.94141436
0.087672725,0.7824041
0.115878,0.778221
0.76225024,0.21319331
0.10277095,0.7977779
0.08091361,0.87764746
0.75851655,0.10249287
0.10852951,0.7526931
0.75829095,0.10786793
0.107770324,0.8404787
0.10515099,0.65750587
0.10193773,0.87594444
0.7590945,0.14375821
0.10251707,0.83191067
0.77966297,0.18011951
0.110746644,0.8314717
0.10590714,0.8394806
0.103178285,0.825592
0.11118866,0.68587905
0.110752754,0.70362073
0.7541333,0.17710435
0.116517395,0.8190009
0.7777622,0.12117979
0.11243602,0.74918455
0.09905435,0.75880355
0.10772439,0.79830176
0.114311785,0.68463904
0.78612566,0.3744673
0.75092894,0.14869109
0.7942839,0.14305007
0.1030097,0.69835305
0.11827482,0.6957544
0.10973844,0.70270115
0.7784017,0.13472717
0.106856644,0.6098273
0.7731873,0.16744529
0.12304968,0.8194543
0.1076854,0.8382806
0.7615695,0.23397738
0.09866315,0.8018216
0.107590176,0.86168414
0.7400018,0.29089046
0.7812026,0.12773238
0.10291913,0.93769586
0.78446007,0.35471338
0.7622946,0.20004326
0.10969036,0.7440866
0.7629657,0.13008907
0.10890169,0.72909576
0.10042457,0.68964404
0.74781096,0.31072286
0.7738764,0.24588099
0.7724976,0.24408825
0.7680287,0.10339966
0.76596516,0.122967735
0.76103526,0.29582173
0.7691906,0.096686855
0.110646665,0.72937614
0.10266436,0.84362364
0.77231336,0.12908296
0.7635255,0.076859236
0.103259616,0.8425022
0.7802722,0.24828094
0.103046775,0.76017976
0.10251109,0.8491477
0.7519367,0.2852046
0.76150507,0.15417989
0.10377251,0.6586145
0.0993289,0.79395527
0.7671086,0.17084174
0.10324987,0.8439152
0.118726835,0.67306864
0.10751172,0.86589766
0.113214456,0.6648851
0.7680951,0.14980614
0.10305721,0.7700535
0.098080516,0.75624657
0.09625689,0.85058314
0.11323182,0.9070476
0.08882133,0.87427664
0.113278545,0.7528822
0.7648425,0.13979621
0.115182996,0.71188277
0.095452234,0.8746131
0.7627829,0.13716236
0.7534428,0.26620045
0.7583456,0.100688905
0.10007917,0.8454757
0.7640744,0.14814316
0.101594076,0.8323913
0.75886005,0.18213977
0.7704849,0.10757634
0.7611067,0.10210036
0.11339183,0.7971162
0.7649421,0.13443558
0.10007676,0.7442981
0.0378996,0.6841744
0.7354561,0.22787657
0.7624005,0.19665481
0.107859835,0.8855843
0.77556276,0.05704124
0.12051058,0.7299433
0.10617334,0.652315
0.029088406,0.843143
0.7872517,0.17640744
0.09273019,0.7571694
0.76509136,0.22143452
0.11426001,0.77100354
0.773788,0.072374955
0.7653826,0.23499312
0.7643795,0.2600644
0.8116974,0.22262488
0.75007206,0.14212728
0.758605,0.13039027
0.09626376,0.8371848
0.7671192,0.083929315
0.11430376,0.67113173
0.11030691,0.6731328
0.76597345,0.081513345
0.77267843,0.13291518
0.09604366,0.7757634
0.74447244,0.12262969
0.10854559,0.68076354
0.08882757,0.65848315
0.09785226,0.61306995
0.10730566,0.46223044
0.75944287,0.19412509
0.7650404,0.2708978
0.7708838,0.19322792
0.113155946,0.59052515
0.76496047,0.17536448
0.10922319,0.81843376
0.09429135,0.78851455
0.76447487,0.12588356
0.7540135,0.17761223
0.09547419,0.87030023
0.10330762,0.8502419
0.7478458,0.21826236
0.12946467,0.6677609
0.74499625,0.20321381
0.7527966,0.18969849
0.10456023,0.86040884
0.10335437,0.72265214
0.7427316,0.1742318
0.7645607,0.07320164
0.76156265,0.20880996
0.7861712,0.17938416
0.1197331,0.67397386
0.7508789,0.25407094
0.78670925,0.18608254
0.11779417,0.7980006
0.11937509,0.65438014
0.7748014,0.15344933
0.11351684,0.8240011
0.100352794,0.84745425
0.101161934,0.84660834
0.10928038,0.8020395
0.76664615,0.22979109
0.09424889,0.8481688
0.102447234,0.80216604
0.7723765,0.136584
0.7535144,0.23455253
0.0979357,0.8075603
0.10520207,0.8570573
0.1108454,0.868256
0.7584382,0.09639687
0.75272596,0.10199302
0.7689878,0.10471499
0.7584177,0.3820004
0.12026832,0.7483306
0.7594423,0.16000833
0.75378597,0.11377167
0.77540916,0.0953507
0.10010796,0.83275175
0.101552606,0.63695407
0.7775812,0.10239834
0.09689635,0.8043129
0.7403164,0.22894678
0.12263975,0.9298375
0.74926406,0.14540036
0.8176959,0.15414144
0.77031577,0.20485117
0.11123512,0.80704284
0.76576716,0.24839309
0.7801615,0.1174517
0.103100464,0.77617836
0.7562997,0.15554167
0.7679568,0.17350924
0.7663282,0.19028005
0.7520101,0.15141305
0.76669157,0.09750873
0.79138637,0.18021405
0.7668024,0.20897338
0.104440406,0.8211782
0.1073467,0.72769713
0.11027788,0.7942933
0.74396676,0.19175237
0.110272706,0.7591128
0.7555325,0.13013394
0.77267975,0.046911146
0.10884678,0.7248326
0.7724255,0.14190778
0.09764019,0.9408888
0.109248675,0.65781665
0.08830754,0.8081643
0.10718887,0.86955684
0.108955346,0.88607454
0.110737994,0.85836136
0.77636325,0.28566438
0.7775257,0.13318914
0.78048867,0.12668622
0.7769578,0.18548015
0.75641316,0.20628345
0.7702195,0.09459611
0.75318474,0.17224038
0.10233649,0.74442947
0.74882805,0.18393092
0.11363603,0.60964465
0.10601049,0.82512736
0.103445604,0.8834647
0.10735307,0.76017976
0.7666743,0.3595197
0.11300472,0.81163764
0.09371703,0.83634526
0.77180636,0.15810823
0.75276554,0.27499598
0.77742666,0.12161075
0.7627454,0.18137076
0.75340635,0.32625365
0.10659042,0.837188
0.11050733,0.7765196
0.7493232,0.1704268
0.104777455,0.7329777
0.101306155,0.7989426
0.7911097,0.1275882
0.7660646,0.13433304
0.7538715,0.16909705
0.108243965,0.8195649
0.754632,0.09471947
0.76507986,0.17537409
0.11630073,0.64663076
0.10459232,0.8116489
0.044570327,0.70553046
0.7740117,0.08450127
0.75138485,0.41971067
0.11496515,0.82199365
0.10526167,0.8794018
0.76818925,0.114938
0.780581,0.13836072
0.77709574,0.2614246
0.7839623,0.12712038
0.7622333,0.11770643
0.1072912,0.7265356
0.099726304,0.79059565
0.10896895,0.768908
0.78035235,0.1656157
0.7752455,0.06252684
0.108977266,0.8161075
0.11772652,0.76377165
0.758752,0.17245346
0.10892091,0.7224807
0.75721484,0.12503284
0.12056189,0.62352204
0.75908244,0.18983626
0.7561449,0.32499278
0.7515365,0.22266814
0.10740534,0.7348153
0.10240748,0.85927457
0.11576518,0.88378674
0.7914631,0.28562754
0.103763305,0.85064405
0.11941342,0.7351533
0.10361317,0.8720994
0.78518796,0.3164568
0.11879945,0.7679836
0.111838855,0.688271
0.77559656,0.20165978
0.105926886,0.8341696
0.77419156,0.17113012
0.76845235,0.15543914
0.1079718,0.64065015
0.76318556,0.12667179
0.11444745,0.83542246
0.78892505,0.12920631
0.11581989,0.69873756
0.099305585,0.8311561
0.10511074,0.71975875
0.09842608,0.86384696
0.110847086,0.83256114
0.09699868,0.91611713
0.7992154,0.22206895
0.7708904,0.1006825
0.11294645,0.8387052
0.10772327,0.8218991
0.10482431,0.858701
0.10317941,0.87715244
0.80981565,0.11258611
0.09506906,0.67763305
0.7609,0.13808838
0.11160046,0.7503733
0.11601017,0.7406117
0.10844399,0.8650085
0.7643125,0.30291262
0.77196497,0.21640392
0.7719121,0.2746115
0.76224583,0.116110735
0.10134955,0.7883447
0.11494996,0.790232
0.122661315,0.8498382
0.78397536,0.18038066
0.7518136,0.19547085
0.1032397,0.8174052
0.105755754,0.8308773
0.7645832,0.121952005
0.7526616,0.21485469
0.114743926,0.7906005
0.7574594,0.18804191
0.099098265,0.75543594
0.11283204,0.8322519
0.09508584,0.8087026
0.75513536,0.12807202
0.10803219,0.7843042
0.10433597,0.70549524
0.11538666,0.6996315
0.10643609,0.9025986
0.0992935,0.7865343
0.75203055,0.23137556
0.748892,0.1875677
0.1186896,0.76300263
0.7564147,0.17777564
0.76664746,0.17478131
0.764048,0.09345541
0.786144,0.10541991
0.098457485,0.88647187
0.7564512,0.17803037
0.79134387,0.10316415
0.76530135,0.12456503
0.030702334,0.7391522
0.75928783,0.12349963
0.10477201,0.8575892
0.76255,0.25696433
0.78763247,0.15846871
0.10413281,0.7723525
0.10330907,0.846964
0.76313275,0.10911916
0.76566327,0.13961037
0.77428085,0.2595357
0.09963818,0.8331779
0.7733471,0.27768913
0.113642275,0.8053382
0.11468016,0.76681566
0.7608242,0.26571983
0.76070803,0.22831555
0.108303,0.79166424
0.11493794,0.86795795
0.09866923,0.66293377
0.10811351,0.67914385
0.10518969,0.808121
0.10266846,0.8154234
0.11211366,0.73176646
0.113948844,0.8422346
0.84344095,0.18014835
0.1011234,0.8536127
0.77184767,0.13659681
0.11496845,0.7880195
0.1135733,0.90156686
0.12405214,0.896195
0.117712386,0.8235669
0.10895967,0.7618315
0.11083447,0.88463587
0.7724009,0.3009212
0.7611437,0.2624307
0.11035115,0.8671858
0.1111771,0.8222932
0.11051529,0.73184335
0.04641439,0.78022844
0.106389076,0.81047297
0.76354754,0.18991958
0.11288107,0.6072623
0.11034861,0.73081964
0.107831836,0.85802174
0.75803286,0.06291775
0.766448,0.2681326
0.10006768,0.6648291
0.7711281,0.41688296
0.7822526,0.119383834
0.10926855,0.8249383
0.10777534,0.89423406
0.11391461,0.82389057
0.7631314,0.21366273
0.7723406,0.12635298
0.7808138,0.11498606
0.7651471,0.10129931
0.7619071,0.14769457
0.10059911,0.86200136
0.10451397,0.81848824
0.10516796,0.80147713
0.1132032,0.77278507
0.114100896,0.6540373
0.11021125,0.82778364
0.11582596,0.73709184
0.7715319,0.16179627
0.10958335,0.5910955
0.77251345,0.11593771
0.11544833,0.7978003
0.77346796,0.20558813
0.75045574,0.15308084
0.10539179,0.87962925
0.09000388,0.7472187
0.76395684,0.10703964
0.100484006,0.86200297
0.11504775,0.86396074
0.78471947,0.13817328
0.7732154,0.17617515
0.11153601,0.6802605
0.111749835,0.84318304
0.7660815,0.14914928
0.10855104,0.7593098
0.7616379,0.2846038
0.7390057,0.305806
0.112756394,0.84999037
0.10920866,0.8035599
0.11365185,0.8826957
0.111500055,0.75599664
0.75841564,0.16827197
0.741555,0.14380628
0.119064085,0.62467074
0.1054405,0.7758115
0.76797265,0.2545788
0.75557107,0.16122593
0.7709026,0.19217853
0.7411709,0.25787753
0.11109142,0.7642491
0.77362037,0.1073937
0.7636542,0.18655196
0.76147467,0.11713448
0.7463752,0.25568587
0.11087799,0.84095293
0.7595118,0.21847063
0.7667029,0.22173251
0.10484775,0.7638646
0.104287304,0.91373163
0.12252303,0.7538787
0.1140448,0.6163302
0.77860254,0.18644461
0.121661626,0.80308086
0.10158192,0.83669776
0.7659596,0.3370518
0.7946437,0.10168061
0.7690739,0.07645711
0.11374552,0.8040565
0.10857399,0.85650295
0.7686882,0.18209651
0.0970797,0.7594444
0.10770736,0.82831395
0.7330718,0.19194463
0.7572901,0.34312537
0.76380605,0.16595693
0.10639997,0.69752157
0.82219535,0.22921593
0.75370723,0.26840654
0.103867374,0.7967317
0.10745523,0.7426544
0.10661838,0.85279244
0.7717943,0.21664424
0.11561055,0.73928356
0.7627303,0.2628024
0.76682365,0.22776443
0.1134504,0.78759015
0.10944028,0.80641484
0.0993878,0.8167468
0.09936757,0.81390464
0.76246405,0.28182256
0.7840364,0.21173058
0.76210165,0.26861963
0.090532005,0.689314
0.10241227,0.84279215
0.10291434,0.86901855
0.77192557,0.19072704
0.78055876,0.075878754
0.112185806,0.8233426
0.7511891,0.24080715
0.105207026,0.837957
0.11913349,0.72084177
0.7915842,0.1366625
0.75947183,0.14756641
0.76959187,0.09272966
0.11766497,0.8309382
0.8082482,0.15520844
0.7444249,0.23973693
0.11030486,0.79935914
0.77223176,0.15302317
0.7560342,0.22792785
0.7721859,0.18537602
0.7502652,0.1735557
0.7641404,0.12969336
0.101193435,0.78128743
0.104972824,0.8803294
0.7661708,0.14895543
0.76343334,0.025364479
0.7395018,0.19949533
0.10502605,0.84829056
0.11359073,0.88684356
0.11369613,0.8331603
0.76712394,0.23220545
0.101081304,0.85731196
0.10529571,0.7755984
0.11102859,0.70657825
0.7799717,0.25414464
0.10684235,0.90268993
0.7543601,0.31347367
0.1107439,0.79187894
0.11607192,0.80744815
0.10843462,0.79048514
0.103365995,0.8114118
0.10329329,0.62837803
0.7730552,0.2066295
0.7913717,0.27261207
0.10935064,0.8206623
0.76474905,0.26595855
0.11660651,0.685956
0.76640564,0.081146464
0.74276817,0.13430901
0.114865825,0.868751
0.77132046,0.19675253
0.7544883,0.2832164
0.11274081,0.7945561
0.7417915,0.2460428
0.10510315,0.7660226
0.11872027,0.68340385
0.11368747,0.8310487
0.7534362,0.09719472
0.11300862,0.8170063
0.10901065,0.66063637
0.108317435,0.7651783
0.10825553,0.75249445
0.7617346,0.35119677
0.11099015,0.78837836
0.76718813,0.24468742
0.12577014,0.7559951
0.087813586,0.7457865
0.11031058,0.84333205
0.7665887,0.19053799
0.10864498,0.6963072
0.11639015,0.8443846
0.114724144,0.78596556
0.75460255,0.24536993
0.77021444,0.26621327
0.7747032,0.15325227
0.7466115,0.29210645
0.11135055,0.6561697
0.11471143,0.7516005
0.7705678,0.26733473
0.76180106,0.14457849
0.7656821,0.11183633
0.10854872,0.8620927
0.10121998,0.8826236
0.099286735,0.7582588
0.107137896,0.7898795
0.109702945,0.7190987
0.75942165,0.11974591
0.74383587,0.12569131
0.102522776,0.7477234
0.74551845,0.15362877
0.7559596,0.3040421
0.11123683,0.8868676
0.10953442,0.7419238
0.10086497,0.77861035
0.11648174,0.83381397
0.75440365,0.19333205
0.7712738,0.10926175
0.10951708,0.7185027
0.7483567,0.103837036
0.78815746,0.10206351
0.79059935,0.09716268
0.73326004,0.102489665
0.8057969,0.12143132
0.7899313,0.2083902
0.747382,0.22112371
0.75642514,0.17726618
0.09994482,0.8523663
0.11871522,0.8307844
0.743281,0.14677337
0.75417686,0.18622513
0.11076956,0.6896344
0.10204884,0.6586321
0.74849695,0.13485533
0.7738347,0.13173763
0.75950587,0.2647249
0.11037915,0.82916945
0.7701573,0.25088435
0.107560165,0.8755247
0.1007565,0.7966276
0.12105607,0.75970715
0.094084986,0.8362171
0.7600286,0.18502516
0.77052855,0.1362123
0.7631885,0.54423404
0.10253024,0.69226503
0.10801007,0.7313964
0.79551643,0.18956392
0.104271255,0.88120896
0.09961847,0.7367362
0.74943334,0.18351918
0.10892414,0.72928643
0.10881891,0.73248744
0.09896157,0.7192429
0.761698,0.15303758
0.8950409,0.14201833
0.1013267,0.8446426
0.10962885,0.7146496
0.111525774,0.5910955
0.7621023,0.0916178
0.7734365,0.18622833
0.108093604,0.8072399
0.74042284,0.14991029
0.10900659,0.7509661
0.113774806,0.7400109
0.7689425,0.26268223
0.10926618,0.6211782
0.769756,0.27381364
0.7770875,0.14243647
0.7855531,0.14826012
0.75524193,0.27815375
0.76075214,0.2933721
0.75939536,0.16970426
0.1040886,0.7297286
0.7519168,0.12672786
0.10844756,0.79147685
0.10235478,0.7307475
0.11037288,0.85203147
0.780839,0.24383672
0.09739182,0.88492423
0.764889,0.11704156
0.11023975,0.8325018
0.7745293,0.17265213
0.7715369,0.17902689
0.7702372,0.13547854
0.74670714,0.2150229
0.104815856,0.81151754
0.1109719,0.7797222
0.775942,0.08499151
0.7651122,0.13820212
0.771328,0.10341889
0.11628151,0.80275244
0.03401696,0.73297447
0.10745259,0.9121055
0.749212,0.29629114
0.7688989,0.1679115
0.759476,0.20079143
0.1030967,0.746666
0.11074189,0.7648146
0.10905935,0.8030488
0.75610435,0.27508092
0.7672542,0.09281137
0.7636231,0.21583517
0.11612276,0.6986815
0.749721,0.15626101
0.09936766,0.8399388
0.09899261,0.7929267
0.7557718,0.1512945
0.774877,0.2431446
0.105863325,0.7883479
0.75873667,0.107456185
0.10677466,0.7686244
0.10693721,0.8139095
0.76569784,0.14267999
0.7578974,0.17506328
0.7857498,0.028281907
0.7472011,0.22465314
0.10982881,0.8082572
0.10594974,0.82459545
0.10458328,0.8205229
0.094205506,0.8450287
0.7483406,0.2461902
0.7614781,0.17324169
0.10945626,0.83043516
0.7601645,0.21504053
0.1157768,0.8936637
0.7721983,0.2596751
0.10602934,0.7003877
0.7587004,0.16851869
0.109420404,0.74881285
0.7963709,0.14553495
0.11276359,0.8514243
0.74498063,0.26442692
0.7835221,0.1607469
0.75584126,0.1012977
0.7532748,0.2826973
0.763172,0.1592169
0.099830344,0.7575155
0.77435756,0.14061329
0.77115744,0.12764427
0.7711996,0.16343363
0.11940741,0.63731295
0.10391905,0.88445
0.10650672,0.8163911
0.10949737,0.850149
0.7556051,0.15650614
0.10717748,0.7891009
0.73045003,0.20535743
0.7819251,0.19841392
0.7653006,0.16278318
0.106544025,0.8380852
0.7533904,0.22015445
0.7619437,0.20529655
0.10286581,0.7969768
0.7655745,0.10048063
0.11800932,0.8736855
0.099915005,0.6882742
0.108545,0.7813884
0.09986274,0.85269153
0.10048513,0.8612083
0.7594976,0.22479093
0.10669416,0.89012784
0.09559359,0.85002404
0.102148026,0.8726201
0.11590061,0.8021596
0.1101535,0.78402704
0.77379256,0.12912461
0.7747321,0.08684514
0.7709469,0.12531962
0.110583864,0.68801945
0.75148314,0.12562563
0.75788915,0.13115448
0.11195092,0.761878
0.10160745,0.70956135
0.12714805,0.8092217
0.90423596,0.35551122
0.7688582,0.101091035
0.7843586,0.20041814
0.77102536,0.21957448
0.7714023,0.18278702
0.10991865,0.80661505
0.7580268,0.19114839
0.10558954,0.84629595
0.7647045,0.226369
0.10766922,0.8160515
0.10687913,0.8698997
0.1114396,0.7144894
0.7560243,0.07798071
0.1098891,0.76282805
0.10804186,0.8187109
0.77966464,0.24941042
0.7658986,0.09357236
0.742587,0.28805634
0.105235256,0.61994296
0.7639381,0.12501362
0.111276194,0.8022381
0.10085094,0.7682127
0.76712185,0.2798808
0.7670583,0.1523647
0.105349265,0.51819986
0.7811287,0.040558815
0.7707705,0.20027556
0.11122749,0.8532074
0.7621677,0.12233971
0.11027033,0.81649363
0.10711686,0.8000881
0.77351815,0.15207793
0.113640524,0.6490243
0.7737947,0.13025089
0.09919359,0.8280704
0.78760976,0.08655516
0.7505952,0.34065172
0.104500666,0.7456855
0.77482563,0.13029094
0.10931385,0.7374187
0.7601965,0.200306
0.7664196,0.1512208
0.7570919,0.21872857
0.7703086,0.12886186
0.10295168,0.817112
0.7555775,0.28030697
0.10846338,0.83398056
0.7461839,0.18145086
0.77539116,0.09621103
0.091855995,0.7908648
0.760341,0.32391298
0.76495874,0.35293826
0.10857289,0.78197634
0.76122946,0.21657534
0.11651924,0.6856676
0.7658463,0.14390881
0.09400119,0.75094205
0.101052545,0.8409177
0.7849757,0.08395014
0.764802,0.15196578
0.102425605,0.8217405
0.099114016,0.7426544
0.115154274,0.7211814
0.76320904,0.19445352
0.10356823,0.865284
0.105586864,0.8160114
0.08797887,0.7360393
0.10072831,0.87694097
0.10800138,0.90157807
0.7622394,0.12502964
0.75852257,0.14837547
0.76437354,0.24872953
0.75518674,0.13831267
0.74364644,0.040908072
0.7773214,0.1402432
0.7551373,0.29323593
0.10939287,0.88214296
0.74951786,0.12620558
0.10719026,0.8285895
0.75204706,0.28919542
0.11699589,0.7288042
0.7427831,0.33801466
0.12128429,0.71275115
0.11184513,0.84034735
0.11549971,0.5475424
0.74982166,0.16161044
0.11958432,0.8269201
0.10735555,0.65444744
0.11503329,0.7853776
0.10858921,0.80004483
0.77561873,0.22367747
0.08586997,0.8877952
0.7566866,0.13060495
0.09932368,0.7532795
0.098545015,0.7580329
0.76935506,0.15416707
0.1088971,0.70870745
0.7366104,0.2955205
0.77885467,0.16035599
0.09843295,0.85451794
0.11834429,0.74561507
0.10235019,0.715997
0.10769732,0.8873851
0.8096692,0.19702329
0.7630174,0.14509916
0.09458624,0.8262264
0.7923572,0.09416194
0.11423974,0.88476884
0.7531895,0.24393605
0.79729676,0.11297222
0.7568248,0.12047646
0.10545363,0.81459355
0.7842539,0.22250472
0.110511556,0.78710467
0.7673918,0.13369861
0.1028424,0.931853
0.7730641,0.07043
0.80963844,0.16415137
0.0981132,0.90471816
0.75535774,0.20563619
0.108953364,0.8824698
0.10865112,0.7417219
0.10021557,0.78233683
0.76391035,0.2070973
0.74717766,0.2347576
0.10698829,0.8608911
0.7630189,0.12061905
0.11541723,0.83264124
0.7457409,0.12915505
0.1161501,0.7954885
0.112833984,0.6954084
0.108911894,0.8172803
0.10534636,0.82654524
0.119295344,0.5253372
0.7737906,0.19857894
0.09160202,0.8509436
0.11705849,0.7186132
0.11131825,0.6433449
0.7751087,0.24441026
0.7346288,0.20085873
0.76392835,0.28577653
0.7862042,0.20095965
0.115660906,0.9069579
0.10697026,0.86040884
0.7624988,0.13294883
0.11968331,0.6203675
0.10166923,0.8693598
0.77580297,0.10207632
0.7695636,0.32062545
0.7588478,0.1257666
0.77853185,0.0663126
0.11093973,0.935219
0.74792403,0.17097151
0.11404711,0.6514515
0.75487226,0.1052581
0.75948066,0.1511439
0.10701896,0.86374444
0.09676197,0.8376157
0.10430285,0.8225672
0.7431821,0.21815662
0.110379845,0.83183056
0.08259074,0.6333061
0.09846531,0.7941972
0.112621285,0.703036
0.75839293,0.29423723
0.76534164,0.100405335
0.75998014,0.069425486
0.11335676,0.7562322
0.7479173,0.18896793
0.103345126,0.7960236
0.10657434,0.7910859
0.10706406,0.7641289
0.7550501,0.1542632
0.107411645,0.8380323
0.7734986,0.16427472
0.773345,0.14204076
0.7772402,0.10324266
0.77421534,0.2765276
0.10547886,0.9107629
0.76985705,0.2770659
0.77194434,0.24315101
0.73533934,0.1682832
0.7671652,0.13554583
0.103333175,0.8386283
0.10880514,0.73439074
0.7738171,0.2442821
0.113610014,0.77178377
0.7767604,0.14409785
0.77804863,0.15001121
0.76387155,0.21306194
0.11055316,0.763275
0.8502156,0.15522766
0.7936468,0.12570733
0.100223266,0.87851423
0.11440932,0.8869685
0.11273741,0.7004278
0.7905373,0.13721041
0.11623539,0.9380051
0.7577064,0.23337498
0.098474815,0.8677593
0.11081605,0.70599985
0.7872241,0.23846327
0.096367635,0.76096797
0.11755483,0.7626582
0.7927191,0.14716429
0.77508795,0.14600436
0.10631221,0.8694047
0.7727584,0.17855106
0.10837766,0.6346823
0.11468016,0.7849787
0.73264915,0.34392643
0.099957496,0.86147743
0.097266786,0.8680877
0.7513673,0.17978948
0.11248023,0.70673203
0.0890929,0.74995035
0.77440023,0.09047551
0.7606585,0.2937502
0.09277014,0.88342786
0.102465,0.8775898
0.77211684,0.23892948
0.09853798,0.87716687
0.7576468,0.3535823
0.08153647,0.68380916
0.75357175,0.15528694
0.74704707,0.21764395
0.76139754,0.18881573
0.1032193,0.88669294
0.78298825,0.13295524
0.74757576,0.17183505
0.7501394,0.16064116
0.10804645,0.82452977
0.7595627,0.16097921
0.74732524,0.092076
0.115624584,0.68098146
0.10896713,0.82324487
0.75146174,0.11328303
0.75514764,0.13047038
0.1132484,0.86506134
0.76938754,0.3735461
0.765515,0.12978308
0.10784197,0.8660755
0.75238466,0.10115512
0.7523487,0.2919222
0.7565669,0.16060431
0.11416637,0.8293313
0.7939511,0.11240027
0.10719076,0.8206735
0.104800835,0.65917844
0.76878715,0.047105003
0.8759263,0.20928098
0.7674124,0.203052
0.10445322,0.8195024
0.781786,0.2616649
0.7794173,0.055615366
0.7641123,0.14326957
0.7687177,0.1828415
0.108636655,0.6357749
0.08840927,0.8479445
0.10858359,0.6591528
0.7878544,0.23939729
0.75916183,0.20612805
0.11282841,0.7954116
0.7557739,0.25988817
0.75609535,0.37573296
0.7620204,0.115682974
0.09206054,0.7739194
0.123090126,0.72151786
0.7591815,0.17786376
0.77085924,0.11561088
0.104321115,0.64752316
0.77059877,0.09449518
0.77598286,0.10177994
0.7549421,0.29912204
0.10636537,0.804135
0.09765461,0.78855616
0.7673678,0.27217308
0.118931554,0.71079814
0.76695836,0.30962223
0.77739894,0.11785383
0.10696174,0.789205
0.09752617,0.8392932
0.10022412,0.8634368
0.11155239,0.7997469
0.104558185,0.89118046
0.11262264,0.83870035
0.76204085,0.28088212
0.108259715,0.7733843
0.7569686,0.17897241
0.74811345,0.23655836
0.7787149,0.20370726
0.098350935,0.66087186
0.77082783,0.21153834
0.76450336,0.24338011
0.11535582,0.7873354
0.09968893,0.8391826
0.75318396,0.17107566
0.10706968,0.8238152
0.11045648,0.6434394
0.86643493,0.25271076
0.77386796,0.08916659
0.7805988,0.1676776
0.101545505,0.86526644
0.11025844,0.7659746
0.10025173,0.68410397
0.7642778,0.10798648
0.7554622,0.18989874
0.7723279,0.08227435
0.11895747,0.8557387
0.7816518,0.14366528
0.11256215,0.83494985
0.7731458,0.088272616
0.09586486,0.7770451
0.10314319,0.84423083
0.11365208,0.74613094
0.7721579,0.1400157
0.7620509,0.16050178
0.11495022,0.8528806
0.7698944,0.10925534
0.7658669,0.23019962
0.11059549,0.63158065
0.10406437,0.8439056
0.79036546,0.117235415
0.77606344,0.18607453
0.73924446,0.1695905
0.10015455,0.6696546
0.75346315,0.23264924
0.751766,0.21558845
0.11009909,0.8327678
0.7629564,0.26826558
0.10960065,0.85761636
0.7714822,0.11884552
0.76470387,0.22047006
0.7824828,0.32409722
0.7482764,0.15371527
0.7595496,0.28226152
0.7777418,0.15629627
0.76554465,0.20979205
0.103625715,0.77174854
0.7719763,0.17831235
0.7759851,0.20995867
0.10648823,0.8476738
0.10429183,0.87961483
0.75809205,0.14459771
0.7742588,0.20125285
0.7508541,0.1490868
0.76731586,0.22212823
0.791198,0.13799064
0.105066895,0.81613475
0.105864346,0.87015283
0.108228646,0.84455127
0.74507326,0.10126406
0.7532323,0.3484075
0.107002944,0.884176
0.8311694,0.22679836
0.76484966,0.15658945
0.09152113,0.9196978
0.1041236,0.8662069
0.1118792,0.77448654
0.76724494,0.12150662
0.10442419,0.8086738
0.118061855,0.7173043
0.10802998,0.84441024
0.10966751,0.91298026
0.108804286,0.853632
0.7587912,0.08137396
0.7906252,0.25329232
0.0980126,0.8925198
0.10010941,0.67495596
0.102894105,0.87807524
0.7706651,0.21502611
0.11529658,0.76565737
0.7758359,0.3009212
0.7577681,0.12268576
0.12183378,0.7621776
0.7712928,0.121977635
0.093260065,0.80796564
0.104544185,0.86315006
0.7600375,0.22367586
0.7620294,0.24119966
0.11353946,0.9100676
0.7557285,0.24331923
0.11460643,0.7156045
0.10230717,0.73431224
0.789225,0.27265212
0.10858435,0.8130363
0.77076733,0.25351182
0.030273462,0.66520077
0.11138492,0.8457048
0.09449735,0.6722676
0.7854463,0.18394373
0.76237845,0.1586145
0.10865161,0.80636036
0.11775479,0.67929125
0.7581996,0.09143837
0.10852307,0.79469705
0.11971408,0.79119
0.11799971,0.84554136
0.76443696,0.28204843
0.7691305,0.02730943
0.76081777,0.17638181
0.11091989,0.8194896
0.77327883,0.16083822
0.11124192,0.76329905
0.10164783,0.8347784
0.10278666,0.71878463
0.76667213,0.18858021
0.11516702,0.7517703
0.091141686,0.9013041
0.105939865,0.830182
0.11494401,0.8075107
0.11115403,0.80897015
0.78862923,0.20993464
0.7814342,0.2765196
0.76780427,0.08177609
0.10030465,0.79828256
0.7461334,0.22161876
0.74404913,0.15398604
0.7382208,0.23586306
0.107304566,0.85653496
0.112795025,0.7583005
0.7499542,0.22115256
0.80077267,0.14920054
0.11538758,0.7038659
0.77338946,0.12099074
0.12309547,0.8055881
0.7626508,0.14338171
0.10709939,0.86542344
0.10114688,0.8114967
0.75792825,0.12265853
0.09831848,0.8114086
0.77934647,0.08796982
0.7670801,0.27569932
0.78549314,0.17183825
0.77220833,0.19604762
0.7783427,0.16377808
0.12193878,0.7414256
0.110134654,0.70701563
0.7552625,0.1080778
0.756777,0.16902657
0.11336017,0.9062818
0.10802443,0.71895444
0.7631016,0.088259794
0.7661219,0.43358326
0.09953517,0.790413
0.7629367,0.19851805
0.75926274,0.1964193
0.10569771,0.81017816
0.7506212,0.19629915
0.12193528,0.8287225
0.10918079,0.71812296
0.75586635,0.17227241
0.114925355,0.7248086
0.7750705,0.29106188
0.11199265,0.62547505
0.11052209,0.7369573
0.1121658,0.8190618
0.7769573,0.13455254
0.104391076,0.7183857
0.77959824,0.21239546
0.7673979,0.20819315
0.766233,0.12533243
0.10726719,0.8139799
0.11901595,0.794963
0.11014747,0.68013555
0.7724889,0.21979077
0.10545822,0.7196594
0.101326264,0.7947499
0.10301227,0.87798715
0.120991684,0.697254
0.7632438,0.1401647
0.10517665,0.64970684
0.11902968,0.7281105
0.76445913,0.28388926
0.75467914,0.07861194
0.110925175,0.89465857
0.099254474,0.8909289
0.11210894,0.76489794
0.7722093,0.1377279
0.75975233,0.15580282
0.10920985,0.7176824
0.1069769,0.74493253
0.74523807,0.13918582
0.74096113,0.26298344
0.7761522,0.10452113
0.7715534,0.20360473
0.80087024,0.11000352
0.099282935,0.91974753
0.10637022,0.9342401
0.7807265,0.20929219
0.1012287,0.7677641
0.7731537,0.20881636
0.10828174,0.706221
0.106330104,0.88065624
0.7624177,0.19525297
0.09850648,0.8205149
0.7601776,0.15694031
0.78356236,0.22083855
0.114998296,0.7281441
0.75841165,0.09754718
0.75264484,0.15879554
0.76560616,0.17811048
0.772543,0.17480214
0.10553582,0.7413871
0.76510614,0.36081418
0.7557492,0.033985388
0.113312386,0.72307026
0.088743605,0.69714826
0.116529346,0.8024464
0.10751863,0.8310471
0.7706293,0.29125252
0.110818595,0.82565445
0.099328734,0.8125044
0.74240035,0.13755968
0.11201246,0.8868019
0.7637453,0.12056458
0.11358185,0.80385303
0.10983201,0.74151206
0.109163456,0.8018584
0.7618281,0.20050307
0.7727896,0.08017559
0.10999185,0.8388221
0.10645772,0.77696335
0.11299482,0.8189929
0.7619137,0.20847511
0.7604255,0.09189817
0.094250016,0.76483065
0.75908786,0.11495722
0.109620035,0.7601958
0.766653,0.1607485
0.10405819,0.7765532
0.105712794,0.77517545
0.11472447,0.8829472
0.771116,0.23346631
0.7529614,0.21965459
0.12272098,0.8817136
0.10971585,0.599569
0.11605874,0.81770164
0.11056095,0.70391715
0.75203955,0.21873017
0.093087375,0.78676665
0.10776643,0.6926448
0.11722623,0.71793073
0.099954,0.7714233
0.10753547,0.78244096
0.76635873,0.17833959
0.7505269,0.20192252
0.10823043,0.7889022
0.113582276,0.8451056
0.10820738,0.74865264
0.11386901,0.84623665
0.76001394,0.21665385
0.1069871,0.73913294
0.112617984,0.83511806
0.77332664,0.31168413
0.1144636,0.724102
0.77291286,0.18806754
0.77531457,0.095100775
0.111383535,0.7249784
0.75857276,0.21229133
0.7955688,0.13097824
0.7613949,0.35123202
0.84294385,0.08626037
0.10672569,0.78588545
0.11366733,0.7141706
0.7710526,0.11869653
0.75712925,0.15362395
0.7610156,0.19686949
0.1060646,0.8515124
0.11429977,0.7947291
0.7571735,0.18305938
0.75136954,0.1945801
0.113498315,0.85674006
0.09724532,0.9146256
0.093309626,0.82971257
0.7884088,0.16960011
0.1119772,0.59003335
0.11150811,0.8965571
0.11513195,0.78188825
0.11231349,0.7889006
0.11177823,0.8082332
0.11158927,0.79096895
0.74970806,0.30627704
0.09464184,0.8864446
0.10653353,0.8675238
0.75680554,0.14352751
0.755584,0.25962543
0.7503911,0.27418855
0.10951979,0.7007722
0.119904794,0.71138936
0.78278357,0.18119773
0.10591146,0.8987327
0.7793835,0.099716425
0.7730505,0.08907687
0.11685412,0.889801
0.7572091,0.13647826
0.7751225,0.24745266
0.107853696,0.83660966
0.11864839,0.7220513
0.76704526,0.2229421
0.10618476,0.92686564
0.7776322,0.19124612
0.10802912,0.92001826
0.7565131,0.17372072
0.76806086,0.045728795
0.117959924,0.78302413
0.75804675,0.09407222
0.7766924,0.18838637
0.7567366,0.2840014
0.7407345,0.28732738
0.107606456,0.81101763
0.7669715,0.20087795
0.113085814,0.850346
0.09646038,0.88265884
0.105212204,0.89195746
0.1039631,0.8134801
0.10543963,0.82413083
0.09596412,0.7677112
0.10889056,0.7514275
0.11309939,0.7864334
0.11516576,0.72784615
0.1150606,0.8187398
0.106772676,0.8184754
0.75406116,0.2583918
0.77379733,0.21818225
0.10522594,0.84810793
0.104451604,0.85394436
0.7681129,0.2951264
0.11682453,0.73236084
0.76696205,0.04493095
0.76008266,0.1279727
0.101250425,0.8279567
0.7602127,0.12030824
0.7803024,0.18579257
0.7586433,0.18560831
0.77005833,0.1415441
0.103109345,0.780158
0.11156368,0.7800923
0.10916217,0.7373578
0.7565481,0.11755904
0.11922142,0.77821463
0.10439808,0.76584476
0.77589595,0.19444712
0.11741754,0.84439105
0.10828174,0.795269
0.10529518,0.80507386
0.77488506,0.088005066
0.11408726,0.7419222
0.7802736,0.18869397
0.7689871,0.33845365
0.7634024,0.2000721
0.7950954,0.15699157
0.76204365,0.24529463
0.12712279,0.7535759
0.10097053,0.7561953
0.7817946,0.15986253
0.1072065,0.83175206
0.106105186,0.952009
0.7566511,0.119430296
0.11305993,0.807445
0.11196168,0.7211109
0.11661903,0.860505
0.11749031,0.653938
0.74745834,0.1571726
0.10808261,0.7927761
0.10505778,0.84318787
0.7397527,0.20926495
0.111137316,0.78571886
0.7852245,0.14966676
0.11547537,0.7490724
0.75534546,0.13318914
0.77168167,0.19478676
0.12055717,0.86384857
0.112121955,0.79967636
0.12264461,0.817527
0.09157372,0.76734596
0.7717704,0.17344196
0.75383663,0.15109102
0.101634495,0.81816465
0.102064915,0.7683489
0.7925374,0.18768625
0.103494704,0.8397353
0.09094499,0.8978404
0.76113594,0.17767471
0.757618,0.19936877
0.7673993,0.17648275
0.784618,0.09312378
0.80540735,0.44151208
0.75981796,0.1939056
0.7634987,0.25416386
0.76011384,0.15231985
0.11115191,0.767958
0.09136089,0.848744
0.7688458,0.10254414
0.115895234,0.6001682
0.764611,0.30862412
0.9049708,0.24052517
0.117722824,0.71179146
0.10633489,0.92420775
0.76863146,0.17768593
0.7769162,0.076048575
0.096954696,0.8184963
0.76394486,0.116870135
0.7463439,0.28652954
0.10990369,0.82699704
0.76538694,0.10849114
0.110721186,0.8118235
0.76947,0.17525713
0.10473259,0.8011391
0.11010342,0.8287225
0.7652974,0.20823321
0.75410634,0.23580538
0.10764763,0.79563427
0.105950594,0.8693278
0.76636523,0.14167868
0.108848564,0.7857493
0.7751409,0.113383956
0.7637729,0.24808389
0.11510828,0.6990884
0.7772913,0.22081931
0.73553216,0.1894742
0.7724696,0.23967606
0.7897455,0.24813515
0.7662025,0.28753084
0.74880683,0.1639511
0.09297769,0.83516294
0.7828274,0.1407783
0.11568084,0.80950046
0.7638182,0.25676727
0.09270701,0.6845974
0.10718989,0.81194526
0.11423785,0.7721699
0.10838377,0.81994134
0.11798066,0.7984988
0.11351684,0.8128617
0.10805583,0.81049055
0.099007,0.6594508
0.78560936,0.14766733
0.101712346,0.80043256
0.118377306,0.74555254
0.10675244,0.88135636
0.11231161,0.7225015
0.115433276,0.8628024
0.7528595,0.13537121
0.76505136,0.059981097
0.78758043,0.053713672
0.10797995,0.7595261
0.11327112,0.7701112
0.7559551,0.16663782
0.107073605,0.85437053
0.7696574,0.15321542
0.101007506,0.861298
0.10834534,0.8544827
0.11497862,0.74529463
0.10233438,0.806708
0.8337748,0.12033068
0.09312254,0.91832966
0.7673539,0.07355891
0.11230527,0.78360087
0.11128874,0.71073085
0.7531352,0.32763466
0.7704117,0.071456954
0.772556,0.15552245
0.10987094,0.8390208
0.10707939,0.66200775
0.77199584,0.24665642
0.7692272,0.15285334
0.7727242,0.12866321
0.11277281,0.76626295
0.10653491,0.8633439
0.7720763,0.19714025
0.10721816,0.7417315
0.10551211,0.79036176
0.77593493,0.14865424
0.76486695,0.18375789
0.09344384,0.90758115
0.7522528,0.13792977
0.8861539,0.32916307
0.7575788,0.22795989
0.7719869,0.11609792
0.11793783,0.7155612
0.7751225,0.3435243
0.118015625,0.6990692
0.76524997,0.3074658
0.7553601,0.1435227
0.7353024,0.1416226
0.10980764,0.7292736
0.76381093,0.20444423
0.10737615,0.7698709
0.098528706,0.8529591
0.79543453,0.13301131
0.7731421,0.17563844
0.10685955,0.85913676
0.0985354,0.8207713
0.88715214,0.31183794
0.7677394,0.12180781
0.76189876,0.12279311
0.102276236,0.8191419
0.11053744,0.7129546
0.11649798,0.6942709
0.11261376,0.7961181
0.7755168,0.11992374
0.107771344,0.7758675
0.10339162,0.83631164
0.100386605,0.78645265
0.7819264,0.13393572
0.74792564,0.32695377
0.75439954,0.1398683
0.10466585,0.80696917
0.76761,0.1377295
0.0748071,0.671175
0.77771276,0.0797238
0.7599021,0.22598128
0.109499745,0.8815406
0.11624704,0.8195809
0.7320418,0.26542184
0.11126972,0.7623698
0.7504979,0.1804159
0.107655354,0.79727644
0.7484346,0.1850636
0.80062205,0.1172995
0.10659042,0.8497789
0.76982945,0.16703676
0.7713059,0.31397513
0.76814884,0.15819155
0.7857761,0.08542247
0.091172524,0.83876926
0.76265013,0.18581018
0.106692806,0.8036031
0.8328936,0.11876222
0.11410337,0.65292704
0.110509016,0.7627159
0.76991796,0.1294979
0.7244261,0.23485532
0.10607474,0.76033837
0.76729,0.1903201
0.77612776,0.18884937
0.790803,0.2512945
0.11969837,0.6676856
0.11451662,0.70033807
0.7469459,0.31109136
0.77919793,0.17737992
0.7730567,0.0823208
0.112779774,0.8697091
0.7765452,0.06873979
0.10537858,0.81253487
0.09861924,0.8727178
0.7555968,0.24045628
0.101320684,0.6376814
0.09472792,0.7592361
0.7570587,0.18039668
0.75573415,0.1545788
0.774176,0.12280913
0.10079065,0.9296645
0.11815853,0.8171313
0.7626677,0.15909353
0.10984799,0.6566183
0.7685258,0.17299177
0.109378934,0.7128713
0.10766242,0.7881941
0.7736645,0.09569515
0.11112504,0.81122273
0.11297289,0.70682174
0.10430285,0.7742975
0.117796846,0.89156175
0.77811384,0.14049473
0.770745,0.097329296
0.7799831,0.1570909
0.109572224,0.819025
0.1049085,0.7800987
0.10537789,0.8260742
0.7688407,0.24645294
0.75374234,0.18776955
0.10283992,0.70019704
0.116804324,0.76610273
0.116377234,0.79644173
0.759062,0.12808806
0.7691027,0.1739386
0.100078315,0.9227915
0.10513692,0.8971787
0.10904806,0.6668349
0.12001508,0.7495594
0.09955418,0.8300763
0.75898594,0.22038195
0.1056081,0.8147441
0.11020412,0.6423131
0.7573211,0.05717261
0.7776994,0.10736807
0.11681509,0.8303406
0.10702646,0.8846695
0.0887725,0.8144846
0.113353394,0.8321382
0.75607675,0.12956679
0.105131805,0.8564597
0.80056214,0.13371624
0.7729699,0.14617579
0.1123538,0.84327435
0.76331073,0.064591944
0.74511725,0.21231535
0.11910546,0.88404626
0.11204264,0.8325467
0.8103158,0.30558494
0.11683995,0.7706591
0.09449927,0.5945849
0.106204174,0.6239258
0.10745837,0.4878769
0.7697065,0.1932872
0.10492128,0.7287273
0.7550665,0.26970586
0.7600368,0.12470121
0.1128222,0.8188263
0.7754098,0.111173056
0.7751669,0.19033131
0.11317998,0.7017687
0.8947006,0.0787369
0.75265884,0.23839277
0.87211937,0.24842834
0.1070915,0.8082893
0.102189094,0.8313852
0.11267018,0.5575026
0.7810692,0.18706943
0.93653154,0.36041847
0.75669825,0.12343875
0.09867454,0.8200167
0.108938076,0.83319235
0.7697242,0.160819
0.7663241,0.107811846
0.08143662,0.7410074
0.74221534,0.23245378
0.10817007,0.89851964
0.110317014,0.86748695
0.10194998,0.8787225
0.1015253,0.82328016
0.7581491,0.29388958
0.11330836,0.8618491
0.7739364,0.23769265
0.74554557,0.29901952
0.10402233,0.5779807
0.77509254,0.2548608
0.10951055,0.8303454
0.12083287,0.80552727
0.76657945,0.23542568
0.7741822,0.24975969
0.76798415,0.22406197
0.7650442,0.35734084
0.11104757,0.63367295
0.76848984,0.09922939
0.110854216,0.8296629
0.10674884,0.8719985
0.73798186,0.23167676
0.11688974,0.772721
0.768361,0.09703771
0.11814671,0.86253965
0.10939475,0.7251834
0.776457,0.18285751
0.77131134,0.18382037
0.0471743,0.7046461
0.77587855,0.16854113
0.79065126,0.04779711
0.73400897,0.24522574
0.107693985,0.7799321
0.11581147,0.7912285
0.101288594,0.7724198
0.11879201,0.5215979
0.7674448,0.43489698
0.12267029,0.7134801
0.10844551,0.8183377
0.7630086,0.26002434
0.10555117,0.85017943
0.7763358,0.07305905
0.099243775,0.81469446
0.10679117,0.7291823
0.76084393,0.17156589
0.7988367,0.12793104
0.11491859,0.69383514
0.7648614,0.108169116
0.766161,0.10908072
0.10649044,0.7487151
0.77218497,0.21647602
0.11257087,0.7956599
0.76273054,0.1640953
0.11233347,0.7666619
0.7615485,0.16154635
0.7669941,0.1685203
0.7647115,0.25073215
0.10504976,0.8350444
0.76003313,0.20211317
0.10424448,0.7659201
0.10341417,0.80773973
0.75424874,0.123325005
0.7670302,0.15040372
0.10974124,0.87594926
0.10030261,0.84676856
0.77798826,0.12551348
0.7619426,0.12552789
0.77489775,0.145112
0.7504506,0.19327918
0.09838389,0.8597424
0.75991845,0.12851581
0.77111584,0.19421642
0.77073723,0.14079913
0.1134824,0.75049186
0.7639489,0.20956294
0.11432565,0.7555897
0.10760652,0.80958056
0.75954485,0.13689
0.7734846,0.18648146
0.76660573,0.22326893
0.7738472,0.10239514
0.76716435,0.252597
0.7623412,0.044400655
0.7658179,0.13301131
0.7987675,0.3451889
0.7734113,0.06507257
0.085586175,0.86340797
0.77585304,0.3011359
0.7560156,0.143904
0.76927346,0.10596302
0.745751,0.10529655
0.761717,0.22823864
0.10489484,0.793316
0.10229733,0.75409174
0.1159552,0.79844916
0.11591838,0.7916306
0.76312417,0.100714535
0.7736309,0.22401391
0.11307568,0.8027476
0.10153831,0.88377553
0.7793288,0.117378
0.10180044,0.886898
0.79318905,0.12889391
0.76953125,0.086612836
0.1068438,0.7812843
0.10914596,0.77970296
0.10994048,0.7668333
0.7610598,0.14303726
0.10749733,0.84861577
0.11140526,0.8835913
0.107156016,0.7096687
0.7637701,0.12458426
0.7681128,0.15552565
0.10760916,0.79115
0.11256605,0.5961918
0.11983394,0.8354289
0.08745279,0.75115675
0.11407491,0.8198388
0.11057538,0.82577944
0.7468737,0.14187093
0.7355628,0.278817
0.09967658,0.8089878
0.7603534,0.21788426
0.11277994,0.68688196
0.76333135,0.2305617
0.76144826,0.15519883
0.76488715,0.19218494
0.76547176,0.23550418
0.11324754,0.79295874
0.77152884,0.19346502
0.7682313,0.13158704
0.75051636,0.17518345
0.76837987,0.19702008
0.7724993,0.13622193
0.094879106,0.7723621
0.76312983,0.1287353
0.7820087,0.26728028
0.111246504,0.7606043
0.10130451,0.87646675
0.77154124,0.118464224
0.7627191,0.19635041
0.7714038,0.2768913
0.74609745,0.1489282
0.7664463,0.14553975
0.11145878,0.81658655
0.7720373,0.19433016
0.11050951,0.71588963
0.7227822,0.20223814
0.097792864,0.76237303
0.7490904,0.11892563
0.7520792,0.10885321
0.763082,0.27846134
0.106713414,0.8028037
0.10947383,0.7851581
0.75056165,0.19995193
0.10599507,0.81780577
0.7728908,0.13208209
0.7698613,0.116977476
0.111902446,0.78380436
0.11497148,0.73799384
0.08635491,0.8734019
0.1076473,0.7040501
0.82235765,0.102033064
0.11113131,0.6365423
0.10968,0.76770484
0.7750936,0.16068281
0.071399696,0.71242267
0.10497956,0.7828559
0.11609912,0.82344514
0.7810357,0.09849723
0.7553445,0.24553013
0.1168734,0.786121
0.10679596,0.8657791
0.87423843,0.24585377
0.10402679,0.8990483
0.7853282,0.076154314
0.77373976,0.1947323
0.7787946,0.08594956
0.10261939,0.73525584
0.11110383,0.83486176
0.10556362,0.70079625
0.74808276,0.19780031
0.7478781,0.18295364
0.10740442,0.74608284
0.11087459,0.8295492
0.10482507,0.74510396
0.102871716,0.9776475
0.7910619,0.17485021
0.76620024,0.23340222
0.10704927,0.7784373
0.7838145,0.14802781
0.10971305,0.77863115
0.7639339,0.07269698
0.10468573,0.79134226
0.112310946,0.735517
0.7589624,0.122112215
0.12012258,0.7977811
0.103790775,0.8106428
0.75430274,0.1657679
0.113495015,0.80051106
0.11046863,0.74647695
0.11057997,0.8911051
0.10268341,0.8426944
0.10035451,0.7588196
0.75520945,0.22088821
0.7472312,0.09970361
0.09475496,0.84087765
0.7768709,0.20017143
0.76931846,0.14387356
0.1140169,0.7069771
0.76821196,0.20627382
0.11136379,0.61209905
0.775042,0.23838316
0.10600051,0.88393414
0.7703711,0.1817857
0.7636025,0.08883014
0.7742555,0.17521387
0.11860249,0.8201384
0.10240781,0.7259845
0.111941606,0.6877888
0.115267925,0.8303342
0.11809427,0.8850908
0.10390641,0.831249
0.11477555,0.89236116
0.10837733,0.63804513
0.73468506,0.3488545
0.7680568,0.19895223
0.7709382,0.12406998
0.094087236,0.820273
0.110540085,0.49402738
0.10380702,0.7524192
0.7655807,0.21928771
0.10609564,0.85193694
0.104346536,0.90273
0.10637775,0.8129402
0.76534176,0.11709763
0.10847374,0.81384534
0.10308584,0.8230382
0.10545344,0.7784581
0.7442627,0.15391874
0.118169986,0.71446055
0.09897065,0.7471034
0.11306535,0.8636499
0.107568815,0.7738409
0.7485646,0.2292672
0.7339209,0.16424909
0.11962506,0.7520763
0.107872084,0.8343555
0.7502475,0.36083022
0.116077326,0.889024
0.7498877,0.23164152
0.7824209,0.18272454
0.082873344,0.74288344
0.7609527,0.13420968
0.77449006,0.14736615
0.7519935,0.15207152
0.7498721,0.18496427
0.10891506,0.7355891
0.78149927,0.19625749
0.7659472,0.20810343
0.10413733,0.73725045
0.10546549,0.71758467
0.106286325,0.70334196
0.109632246,0.7977186
0.7575313,0.1952033
0.82015246,0.12277228
0.7542548,0.14462495
0.10314864,0.81498766
0.7815589,0.20333077
0.7596905,0.18011472
0.11102172,0.7257458
0.77936447,0.16629659
0.81243306,0.16978115
0.7603814,0.22806722
0.10592656,0.805649
0.11406949,0.6847672
0.7851809,0.2663975
0.7680659,0.30810824
0.7761725,0.22161555
0.10651718,0.74736935
0.10912846,0.79584897
0.117631264,0.8915441
0.76791114,0.25194657
0.7599066,0.15667436
0.75830746,0.30728635
0.113854416,0.7080794
0.76321024,0.23337819
0.76631624,0.28303215
0.7629675,0.115032524
0.7688068,0.22415489
0.7581862,0.15747221
0.10837756,0.6679275
0.10497692,0.7823224
0.106476806,0.7574033
0.111770205,0.7949037
0.10402679,0.8886379
0.10987705,0.7462062
0.1002051,0.8523038
0.10564214,0.82341474
0.77696353,0.20185363
0.11153449,0.7598497
0.11660988,0.74639046
0.10637167,0.7796645
0.11184479,0.6795524
0.77140313,0.1475632
0.11548756,0.763565
0.11111017,0.6783508
0.7717258,0.14462495
0.7522304,0.131241
0.11041488,0.90012497
0.10704739,0.8618572
0.109455734,0.8254734
0.7757269,0.11095197
0.7854106,0.13537762
0.1034046,0.7688167
0.7458216,0.19478035
0.75949794,0.27845332
0.7541761,0.28435066
0.112746984,0.8116553
0.76485336,0.13259797
0.113222845,0.8384488
0.7599191,0.2340735
0.7764695,0.09802621
0.7637337,0.263879
0.114828646,0.7714409
0.79277444,0.1791214
0.7699379,0.1183697
0.1060866,0.8429876
0.831313,0.20542471
0.7434972,0.3241741
0.7727571,0.061612036
0.7735749,0.24956582
0.10716735,0.7415729
0.74911886,0.1936765
0.77922934,0.2221779
0.7530886,0.1455798
0.7520642,0.29263034
0.759315,0.12861514
0.09865259,0.7557115
0.8652176,0.3321446
0.11043033,0.62225
0.10572693,0.86355215
0.11502702,0.7167099
0.7735313,0.1631068
0.7375133,0.32511455
0.7532157,0.077251755
0.108487874,0.7902176
0.110801786,0.7372825
0.7728022,0.1537361
0.7639664,0.17488545
0.12240886,0.74424523
0.7634583,0.08329008
0.09036097,0.8798952
0.7750038,0.2455798
0.11359952,0.7669166
0.11580384,0.7883367
0.12195258,0.8466933
0.10747963,0.91637987
0.12579694,0.7162149
0.103925884,0.72119904
0.76207787,0.1362812
0.11155061,0.81254447
0.74516475,0.12546541
0.76843125,0.13752924
0.10610254,0.84157777
0.11322555,0.7213304
0.74251646,0.18441635
0.7662615,0.28274536
0.11265466,0.7926944
0.094926685,0.78311867
0.77249855,0.11779294
0.069047876,0.8451745
0.82802266,0.25842065
0.7564648,0.17072959
0.76669383,0.19691114
0.10892804,0.90437055
0.11653529,0.7713608
0.7655992,0.1316383
0.09810128,0.6933321
0.10252007,0.8801852
0.10600563,0.8774424
0.7740829,0.084276974
0.11342567,0.68568844
0.10240814,0.73431385
0.11055597,0.8732048
0.7691176,0.17153224
0.7628407,0.10352302
0.7538417,0.26847383
0.7464496,0.16147426
0.76357067,0.18260758
0.0980471,0.7685331
0.11415277,0.7902272
0.101439916,0.87003106
0.10411353,0.80911434
0.7506188,0.35577878
0.11361325,0.9095341
0.11082097,0.88305134
0.7729106,0.1724839
0.84522206,0.13402705
0.76817304,0.24654587
0.7891749,0.2331603
0.0994371,0.85651255
0.75800383,0.17307347
0.108097665,0.88686436
0.122149535,0.787337
0.76533014,0.08469031
0.11328881,0.8305713
0.103758514,0.8336489
0.74809337,0.17299497
0.11723904,0.8692396
0.7773126,0.21535614
0.11043994,0.67901886
0.11802973,0.6789612
0.098540395,0.8991349
0.09408258,0.8549489
0.7567775,0.12509052
0.7699437,0.20079784
0.10059095,0.8445737
0.117573746,0.6945288
0.116019875,0.6166234
0.8005641,0.10276202
0.10920552,0.7595966
0.7653778,0.07651639
0.76934505,0.17237175
0.7613306,0.17105962
0.10599652,0.85011536
0.10863853,0.8362716
0.11222071,0.6885033
0.7780958,0.37230125
0.10239311,0.82333463
0.1048575,0.82997215
0.08941629,0.870611
0.7513645,0.2662373
0.75278574,0.3622753
0.11007727,0.76892245
0.11040428,0.6432071
0.7705703,0.06745811
0.11818752,0.73229676
0.10115372,0.8096783
0.76240766,0.23646064
0.1031384,0.85339004
0.78417903,0.12797911
0.7481084,0.27192956
0.118002586,0.7621359
0.7922533,0.27451858
0.10391869,0.83709025
0.7719877,0.16452946
0.7793674,0.13715915
0.7733903,0.14742222
0.111218676,0.6037329
0.11542146,0.7458842
0.7770812,0.26981
0.75539935,0.10787273
0.7722068,0.22985196
0.1146306,0.80871385
0.10087362,0.8050674
0.10144229,0.80879074
0.107386686,0.7331523
0.7569953,0.24864462
0.75583375,0.19797014
0.10636573,0.7952033
0.7511025,0.16291936
0.7514056,0.25057995
0.8107691,0.066294976
0.7758133,0.08679548
0.11976443,0.85687304
0.75398695,0.12793745
0.7578934,0.19544202
0.10429116,0.8086113
0.112880744,0.8565638
0.10630201,0.75219005
0.77784234,0.15334679
0.76963305,0.17597808
0.7555611,0.1561761
0.76679456,0.2549441
0.10791445,0.73842
0.10310899,0.72626966
0.76602316,0.1392547
0.10154567,0.74479157
0.7811803,0.16335833
0.11181581,0.80806977
0.091293596,0.77194077
0.78174216,0.21171136
0.7684393,0.24684706
0.7658727,0.14809991
0.102541536,0.74109393
0.10623178,0.8670063
0.110095,0.7730366
0.10344184,0.7461469
0.09784331,0.7820516
0.09807844,0.89226663
0.7506071,0.2706559
0.763462,0.19387998
0.09192894,0.924871
0.09803535,0.53625554
0.111016534,0.82366145
0.7654699,0.23015957
0.77838725,0.22280753
0.11839603,0.8516806
0.7663228,0.21555962
0.7622036,0.1429107
0.7643631,0.20928098
0.7665135,0.1448989
0.097915195,0.8392451
0.7887152,0.12649235
0.11067229,0.9109327
0.104495116,0.8401615
0.7383082,0.08825819
0.10947426,0.7955942
0.104020484,0.6907174
0.10331429,0.8062706
0.7695571,0.32913423
0.09671023,0.8827534
0.10853106,0.81254286
0.10671836,0.80718863
0.09962577,0.7795828
0.77734363,0.26291934
0.10638072,0.8490788
0.7521353,0.3064645
0.74458283,0.12554552
0.085088134,0.80314654
0.11423069,0.821952
0.75794345,0.2058012
0.7762688,0.19091287
0.75797594,0.10911916
0.76831484,0.17603256
0.11397282,0.788106
0.76433367,0.090347335
0.08762611,0.89325196
0.10361386,0.8044699
0.76534283,0.14866385
0.7622707,0.13851613
0.10997164,0.8429075
0.7599496,0.15020026
0.74883425,0.2698997
0.7599306,0.11722099
0.10133729,0.76850426
0.7468792,0.25704765
0.78262466,0.15552565
0.09393502,0.89538115
0.1078144,0.75715977
0.7340197,0.29568395
0.81375206,0.19670448
0.7834777,0.16631901
0.10076625,0.7458137
0.09389305,0.771835
0.77045655,0.19175398
0.78423095,0.21967702
0.75245136,0.31833446
0.7766723,0.12716363
0.75262713,0.22893716
0.7801948,0.1846807
0.10983406,0.8576661
0.10726471,0.8732817
0.79011714,0.2028213
0.75198317,0.16551475
0.107986495,0.8362059
0.11612808,0.7488753
0.7612071,0.19240925
0.78211683,0.1869765
0.09584449,0.88310903
0.1060054,0.7542151
0.75555253,0.20281169
0.76151526,0.14518888
0.11063105,0.7863677
0.7591913,0.28751802
0.09253802,0.8522878
0.10517206,0.8107309
0.10029521,0.8560479
0.79218847,0.21563171
0.7531895,0.09800378
0.103338495,0.6895703
0.11843674,0.83594155
0.7671364,0.094608925
0.7621364,0.087253675
0.10380309,0.81528884
0.7725734,0.25778782
0.11190417,0.7734003
0.77338845,0.16727225
0.7728509,0.10903746
0.77370554,0.1273687
0.7629008,0.12800474
0.7586681,0.27542856
0.10516694,0.72589
0.11667337,0.69676054
0.7503634,0.23738505
0.102566496,0.83503157
0.74185,0.32109648
0.088093184,0.8162405
0.099008456,0.8203659
0.114347145,0.7780416
0.10923891,0.79417634
0.7640114,0.1289596
0.7530973,0.20803134
0.11072406,0.8333558
0.11742833,0.77453136
0.11464939,0.8658913
0.7477465,0.19982697
0.10242745,0.8584014
0.7746369,0.18243136
0.7587334,0.24983338
0.10682871,0.70101255
0.10593184,0.64907557
0.75313735,0.18311064
0.09711414,0.8166346
0.7710488,0.071796596
0.7474681,0.28274217
0.03478407,0.6467301
0.76520073,0.16113462
0.76740104,0.36419782
0.766219,0.29067737
0.7496319,0.120204106
0.7638517,0.23458457
0.7539611,0.16434842
0.76821566,0.16016373
0.76590073,0.089608766
0.107322164,0.7378545
0.7582048,0.14949374
0.7636597,0.1122737
0.11140559,0.78976256
0.76717466,0.22733666
0.7462039,0.14567593
0.11009909,0.7467974
0.77613354,0.09811112
0.7920767,0.17960684
0.12161005,0.66879106
0.09649707,0.8862187
0.11672257,0.7406998
0.7657074,0.07115095
0.10488982,0.8208401
0.76073575,0.33729053
0.108514056,0.89268
0.77383024,0.106083184
0.79000354,0.16571982
0.1086001,0.82965493
0.7611041,0.22147618
0.10724471,0.7482281
0.75927013,0.09561024
0.7795796,0.23100388
0.7676528,0.17491108
0.7609504,0.23660964
0.75241715,0.11032715
0.7812856,0.21505816
0.75021774,0.30454835
0.74741143,0.1545692
0.09819235,0.8543401
0.11838777,0.7408728
0.8689747,0.45091802
0.7737477,0.19167067
0.7394981,0.29720435
0.10661155,0.8326012
0.114167295,0.8331635
0.10438886,0.8184963
0.77847135,0.11244994
0.7769918,0.16901374
0.11166201,0.6872377
0.75882095,0.15026595
0.09919155,0.84922457
0.75790715,0.16351053
0.75864583,0.24086642
0.11493635,0.80608
0.10956294,0.72360057
0.76760143,0.21766157
0.75544745,0.16778333
0.7474414,0.16257009
0.7971775,0.13888621
0.77268195,0.25340766
0.11120544,0.8210548
0.10143632,0.8049553
0.1046191,0.80607516
0.7662956,0.20097408
0.77461475,0.32032266
0.10693975,0.8214041
0.76270205,0.21576469
0.10611948,0.8464337
0.105172224,0.8432247
0.110801786,0.8751193
0.10770326,0.7802509
0.76733816,0.1609712
0.11853263,0.51908267
0.112011604,0.81923807
0.77061385,0.10062322
0.7797298,0.23195232
0.7778278,0.17186229
0.77324355,0.18335736
0.11301892,0.8031289
0.7757734,0.23651831
0.7800676,0.20992503
0.11779493,0.78165275
0.11700719,0.8720241
0.7552022,0.40641
0.7637639,0.14424685
0.742475,0.20139383
0.7683374,0.17756897
0.1195582,0.79089206
0.114226334,0.7701897
0.11487936,0.8837691
0.11334811,0.68912494
0.11507939,0.7484636
0.7812523,0.088359125
0.76184267,0.18456374
0.10723569,0.85231346
0.77324104,0.15305682
0.11526726,0.7584959
0.76578754,0.15006569
0.74274653,0.11801404
0.09639342,0.73038864
0.103254594,0.8095181
0.76624715,0.13227916
0.77645755,0.19995193
0.7559704,0.07615271
0.11602126,0.789612
0.7560605,0.2441251
0.113021165,0.796352
0.7737288,0.13607614
0.7385573,0.103577495
0.11858294,0.736608
0.96908945,0.15970072
0.11007591,0.74839467
0.10372163,0.8334583
0.11568524,0.8518985
0.78047836,0.1663911
0.109991916,0.7057067
0.11096384,0.8396312
0.7579135,0.08653594
0.7640493,0.23453331
0.7656503,0.24249256
0.09870852,0.8531706
0.7525759,0.20931302
0.09188568,0.8002323
0.76277095,0.1190602
0.119862005,0.6965859
0.75663847,0.12890352
0.11027066,0.8094492
0.10721341,0.8093034
0.114056915,0.7975087
0.76874065,0.13938768
0.112291135,0.75544393
0.7689365,0.18106636
0.7399527,0.2768336
0.7797979,0.19317023
0.76063204,0.06946554
0.7619182,0.21490435
0.76612365,0.07604217
0.74730724,0.2410058
0.76354796,0.14878881
0.85982573,0.21012849
0.10905724,0.6499952
0.75760233,0.33166233
0.10192739,0.9238537
0.108534954,0.6396296
0.7763058,0.2529783
0.76820314,0.08774232
0.11350492,0.7825499
0.78261966,0.13462783
0.7431536,0.13745874
0.76102114,0.21460956
0.11236704,0.8310103
0.10917927,0.8081419
0.76742405,0.20359832
0.7546752,0.035779744
0.10672543,0.75217247
0.7491194,0.14647698
0.7756446,0.1535118
0.77436364,0.19043545
0.11789534,0.8909033
0.75065476,0.28212854
0.095569946,0.8015172
0.76286477,0.22452177
0.102882214,0.6285014
0.104416534,0.6629065
0.10796338,0.6013057
0.754856,0.12914383
0.7447713,0.20904066
0.7861575,0.21777372
0.098759666,0.7703611
0.75710994,0.23249543
0.764056,0.12577301
0.7643186,0.17038515
0.10467712,0.904747
0.10138412,0.8874075
0.7780631,0.11206543
0.76787823,0.11812138
0.113249,0.77389216
0.12204404,0.8667932
0.798898,0.14019513
0.7679204,0.19824891
0.10884645,0.7668862
0.11352674,0.72144735
0.10129741,0.8907735
0.10532998,0.849082
0.76410836,0.28189623
0.7601447,0.20249768
0.10525982,0.83472234
0.7623956,0.1721843
0.11903235,0.8497148
0.7640929,0.045368325
0.7498268,0.14235957
0.77714723,0.1310279
0.7791131,0.19485244
0.09984422,0.78665286
0.1172674,0.640687
0.11455688,0.8971899
0.7822484,0.17296934
0.11724532,0.78470474
0.75781786,0.20345414
0.7930456,0.09276651
0.101068564,0.788859
0.76681626,0.15112467
0.105471365,0.67249674
0.11372076,0.74152166
0.7552654,0.23935884
0.114480436,0.79959464
0.78893745,0.17800315
0.08888608,0.74233234
0.10838446,0.92997533
0.10276374,0.800463
0.1166429,0.8559694
0.10755418,0.85120636
0.7727798,0.14113878
0.75967085,0.124243006
0.11183872,0.7764491
0.7758327,0.07451697
0.76583505,0.16133487
0.76584035,0.15063123
0.7649869,0.11659778
0.11182218,0.5284886
0.75887996,0.14295235
0.76667756,0.128966
0.117337435,0.8428322
0.8346807,0.26724184
0.107514694,0.83547854
0.7557311,0.2531882
0.7712984,0.14256945
0.75870603,0.25790316
0.10998574,0.7410122
0.11194322,0.87086415
0.11029301,0.7823096
0.10408946,0.8762248
0.105153106,0.74823767
0.7823094,0.26411772
0.09239809,0.8700695
0.77401364,0.15780063
0.10205927,0.8706335
0.10021676,0.76109135
0.7894902,0.121559486
0.75800115,0.084847316
0.09630041,0.7378448
0.09860042,0.8354257
0.111417145,0.8319443
0.7756562,0.19216892
0.76085395,0.18693647
0.09111619,0.747733
0.76164454,0.18745394
0.12059603,0.64690477
0.76389635,0.18598801
0.10769306,0.8056987
0.7681095,0.24967797
0.115596846,0.66225606
0.76520985,0.24346502
0.095463,0.7980198
0.7400747,0.12915185
0.76312625,0.20528214
0.76866406,0.30042937
0.102308124,0.79797333
0.103366755,0.8000865
0.7661684,0.08559871
0.7716049,0.20468774
0.7622948,0.1811721
0.110274054,0.83777434
0.75210994,0.18228236
0.10618287,0.7759781
0.104991846,0.83980584
0.76265645,0.12776603
0.7683908,0.10761159
0.1124695,0.82371914
0.096322566,0.7991397
0.7431879,0.22394182
0.77090627,0.173176
0.113647856,0.81141335
0.77823085,0.12847896
0.11008397,0.81216955
0.77358997,0.23325963
0.7725253,0.27305904
0.74450004,0.11630459
0.1073048,0.85669196
0.112278394,0.8514531
0.110036165,0.82699865
0.76320523,0.1616681
0.096194915,0.81602424
0.80023086,0.13421129
0.11039342,0.77190715
0.7825004,0.046526644
0.10016314,0.68518054
0.76501846,0.16599219
0.11343872,0.8412301
0.120009854,0.6950447
0.796611,0.1503092
0.11860229,0.7352639
0.768773,0.08652632
0.10568747,0.8401743
0.759281,0.16183473
0.10743291,0.80311126
0.09530243,0.8409497
0.7523347,0.18985549
0.763128,0.19399051
0.7511285,0.17003109
0.119329356,0.793284
0.758616,0.21827197
0.7584679,0.118794255
0.7699239,0.25217405
0.107752725,0.8069387
0.096083805,0.8386187
0.7476212,0.11248678
0.76445806,0.12064469
0.10141185,0.7978484
0.100872435,0.8549537
0.75990194,0.18067063
0.7455713,0.21963696
0.11257073,0.7505287
0.7756815,0.1485517
0.7627518,0.19814476
0.095422715,0.75727034
0.7583801,0.13297446
0.108682714,0.76519114
0.118758336,0.7762264
0.7705819,0.18567401
0.7666016,0.19600916
0.1120045,0.79247653
0.7487985,0.20797686
0.09096962,0.80748504
0.7501584,0.26396874
0.10015782,0.8455942
0.7378355,0.16015732
0.09703021,0.7012176
0.7605095,0.19460572
0.11264509,0.7191547
0.77050316,0.119758725
0.7628974,0.12618476
0.10903139,0.77268416
0.110800594,0.80292386
0.11861124,0.7362764
0.73804444,0.15626583
0.09977976,0.64341056
0.7755489,0.18052164
0.7763615,0.14864142
0.76779175,0.15793361
0.76937556,0.20828928
0.10785795,0.7131981
0.7638708,0.19304527
0.10337178,0.83030534
0.1071305,0.7723173
0.7741507,0.22671025
0.058987044,0.7471803
0.7828895,0.19829056
0.7648968,0.18713191
0.7553938,0.16361627
0.75463176,0.17671505
0.11715266,0.8399212
0.118243486,0.81334233
0.11864812,0.81594414
0.11013178,0.6695024
0.09381136,0.75942194
0.09726883,0.82085776
0.11376576,0.88356405
0.112609,0.7617418
0.10338102,0.8837787
0.7683057,0.22931527
0.1073603,0.7209427
0.10976102,0.7254862
0.11113233,0.6078343
0.7567798,0.310372
0.7597394,0.16460636
0.7558262,0.28555384
0.11889784,0.6859656
0.108357914,0.803366
0.74887735,0.2073873
0.10113146,0.8329232
0.9045383,0.41634464
0.10348216,0.9076404
0.76564,0.04835464
0.75219077,0.12650998
0.836542,0.17893876
0.77081895,0.20588131
0.11161129,0.88226956
0.098082826,0.84600115
0.117269084,0.85546154
0.7731372,0.14185011
0.7541901,0.24160339
0.10614216,0.8492326
0.10620929,0.71039444
0.11284752,0.8496828
0.85673237,0.16261975
0.77719426,0.08701977
0.1158111,0.64453363
0.75181913,0.15254894
0.0963395,0.8782402
0.7507055,0.1794899
0.77547044,0.10886924
0.10681425,0.75228137
0.76558506,0.2250745
0.09947712,0.8846166
0.1077413,0.8783652
0.77272135,0.12161876
0.7658545,0.20919926
0.7518743,0.14353552
0.74760467,0.1256785
0.75686616,0.3228844
0.105855465,0.7429011
0.74675703,0.090946525
0.77233213,0.10235349
0.100535914,0.7716748
0.11716921,0.7972732
0.7522378,0.24435098
0.11803781,0.775318
0.120475344,0.8132446
0.11538032,0.7123842
0.7903871,0.20139703
0.106819265,0.737502
0.75049007,0.11371239
0.063622534,0.74799895
0.102889545,0.8624259
0.0973349,0.6938063
0.112283245,0.85194176
0.10659111,0.80706364
0.10686774,0.823176
0.11534895,0.6323288
0.75439614,0.15519883
0.742251,0.2988577
0.107031904,0.819645
0.09230422,0.8960604
0.78156793,0.21324618
0.75901616,0.12754975
0.11990935,0.81291133
0.76664585,0.20638599
0.10917739,0.89002854
0.11521519,0.7300458
0.7607529,0.112802394
0.109617494,0.91790026
0.7617143,0.12806562
0.10426419,0.82716525
0.7556717,0.13628921
0.7446534,0.2320853
0.11859926,0.8182143
0.94449776,0.15117274
0.116052896,0.71671313
0.107208185,0.8672098
0.105367064,0.8412878
0.76426524,0.15127046
0.80640185,0.12976065
0.11621185,0.6853648
0.11672587,0.802722
0.10161445,0.84812874
0.7572746,0.15066166
0.10117167,0.9208834
0.7629275,0.28276458
0.105057254,0.6979061
0.7718168,0.100262746
0.09925963,0.7586273
0.10113248,0.88305295
0.094953135,0.8310792
0.7824032,0.12130155
0.10792729,0.8313307
0.10600666,0.79882246
0.095850006,0.8797174
0.10155046,0.787659
0.7568598,0.250761
0.11519429,0.6998398
0.7469507,0.13321157
0.106409945,0.83106476
0.09817845,0.83691245
0.7404553,0.29062772
0.09582937,0.8722788
0.7687965,0.16983081
0.093350664,0.8629482
0.75563073,0.23282868
0.7667374,0.23853216
0.1126754,0.70500815
0.76485324,0.16956967
0.112227805,0.8517671
0.77400124,0.11763113
0.12092155,0.8679884
0.11070676,0.6840174
0.10419769,0.8525938
0.115841515,0.81712645
0.7745117,0.24735813
0.76545036,0.22292928
0.7564438,0.20734243
0.77217853,0.2820132
0.76403785,0.17107566
0.0929694,0.80483836
0.10494602,0.77479255
0.09751911,0.8763049
0.7708982,0.23192829
0.78813356,0.1965715
0.115796216,0.7508251
0.10921444,0.8672098
0.11139136,0.8738601
0.11276726,0.60677207
0.7490945,0.09463937
0.100198925,0.80222213
0.10957384,0.72883946
0.7548485,0.20446025
0.77599937,0.13194431
0.121730864,0.69875515
0.09719523,0.80524206
0.7563957,0.18172963
0.7558006,0.29438624
0.089257106,0.78365535
0.7709673,0.24806787
0.09292819,0.8567849
0.10463849,0.8125765
0.7749836,0.23002659
0.11494563,0.8436733
0.7749779,0.092587076
0.77598035,0.1198949
0.10709992,0.8276587
0.79062486,0.15024832
0.7571549,0.2612836
0.77719396,0.06547791
0.7803352,0.09758403
0.7645006,0.062739916
0.0954809,0.6766141
0.77149135,0.1925214
0.78327155,0.14699285
0.10224886,0.8167516
0.7528282,0.16442533
0.7550603,0.30431286
0.76726,0.15539747
0.10169548,0.802746
0.072641544,0.83807236
0.09884991,0.7925214
0.7516775,0.20322984
0.74860775,0.2883383
0.75401044,0.1301115
0.76614845,0.17001025
0.11817616,0.7705245
0.7903418,0.12816656
0.096429676,0.8790509
0.11166524,0.8721555
0.7664982,0.3730895
0.11250777,0.7415345
0.78194386,0.17350283
0.10912803,0.8686677
0.10277019,0.8631661
0.8561211,0.17431189
0.75001264,0.11557403
0.76906,0.083234005
0.76359355,0.12398667
0.7766884,0.17277068
0.7661433,0.18025249
0.110108174,0.9249159
0.1125529,0.67520106
0.10043098,0.8367234
0.76734227,0.21885033
0.10193885,0.8712743
0.10295928,0.82562083
0.77290744,0.13800345
0.10732943,0.74990225
0.10859492,0.65619534
0.10830641,0.80222213
0.7404325,0.23863949
0.107369944,0.70444906
0.7536605,0.29488608
0.7599931,0.1852831
0.7854679,0.13410074
0.10860426,0.7765869
0.108243704,0.7702009
0.7886135,0.14966035
0.7734575,0.13241693
0.102392524,0.8095037
0.751854,0.21228172
0.78528345,0.17321926
0.8313427,0.05224134
0.77773756,0.16611074
0.7654771,0.15831171
0.11542753,0.74905795
0.7683384,0.3166106
0.081514046,0.8435996
0.783878,0.11961774
0.7598502,0.08701016
0.107775934,0.85795766
0.11288144,0.7081499
0.7510882,0.18492903
0.10560793,0.72907174
0.78685194,0.23753084
0.76161075,0.29370695
0.76652354,0.15794322
0.10343936,0.88968885
0.7638698,0.32500562
0.123624556,0.6185844
0.7494759,0.23249863
0.77539366,0.19527219
0.7870968,0.15810503
0.7612792,0.15773655
0.7603423,0.15737768
0.11089757,0.65947324
0.10896885,0.7235926
0.7508559,0.121263094
0.7460993,0.12912141
0.76169604,0.071083665
0.109886885,0.90910155
0.75879467,0.21842737
0.7651841,0.1795684
0.101260625,0.58690923
0.9124181,0.26795477
0.10743648,0.86170334
0.09854518,0.8852575
0.7476451,0.2410827
0.102677174,0.8298151
0.7498873,0.29685667
0.77125055,0.14361402
0.7457216,0.21995579
0.7660007,0.080755554
0.10938115,0.7084399
0.10961069,0.88131946
0.75243104,0.249843
0.10468438,0.7760358
0.11735612,0.71131885
0.09827328,0.6689224
0.75472707,0.13057612
0.7825099,0.07022974
0.11277908,0.8842305
0.77056575,0.09758884
0.7560938,0.30520684
0.113114804,0.76000994
0.09974952,0.9158352
0.7590658,0.23892628
0.76899254,0.13573489
0.1131297,0.91793555
0.7643731,0.13367619
0.11078957,0.6942821
0.7740703,0.2860393
0.111080594,0.7462511
0.75584364,0.15290782
0.7728394,0.14886571
0.12043857,0.7574338
0.77270585,0.31666186
0.7487268,0.16521356
0.118849665,0.74105066
0.76303315,0.13342305
0.7621564,0.113319874
0.77818674,0.11487552
0.109138295,0.70836776
0.77079463,0.20722708
0.11135141,0.7810391
0.76329595,0.17049249
0.77618545,0.24795252
0.112265185,0.7318049
0.115993366,0.78188986
0.10563827,0.8656365
0.77707905,0.12535167
0.117449105,0.79322153
0.7833766,0.17330737
0.75815994,0.26704797
0.10484759,0.77458423
0.76301676,0.17376718
0.77502996,0.21359223
0.10519748,0.8139447
0.7550587,0.13392772
0.7755098,0.18047519
0.1162271,0.7312682
0.7769704,0.1369589
0.11045876,0.72295815
0.10821676,0.7997389
0.78635997,0.11702874
0.099766225,0.75620013
0.049153578,0.7458329
0.76943314,0.23176488
0.11295889,0.7874171
0.11138882,0.64341694
0.118956216,0.887502
0.75677395,0.1198164
0.10040245,0.850604
0.0980648,0.8178362
0.78125703,0.15051427
0.76888967,0.13945016
0.1200371,0.7017639
0.78609276,0.07804159
0.77103937,0.14236277
0.7677467,0.20924252
0.108265564,0.84744304
0.10901075,0.6991012
0.092184626,0.6971066
0.110809416,0.7863084
0.10377595,0.6903185
0.7760729,0.30063924
0.11340233,0.7589894
0.76612604,0.15779102
0.7459259,0.13326764
0.74176204,0.16319491
0.10336428,0.8382438
0.7497918,0.082519464
0.112648495,0.81878626
0.7695583,0.2372745
0.7483933,0.13487776
0.75166285,0.14631517
0.7623807,0.25697556
0.111019835,0.91972345
0.78435427,0.3169919
0.76432085,0.22428146
0.7642561,0.21367393
0.77124965,0.113678746
0.74312633,0.24849403
0.7772072,0.15497132
0.116935335,0.8211974
0.08346873,0.84537315
0.108751655,0.7438111
0.77633667,0.13035342
0.78869987,0.0846823
0.10701606,0.7004294
0.7521801,0.05232465
0.7574812,0.16136691
0.7574166,0.14787881
0.7424841,0.15136659
0.10918743,0.8394053
0.107586876,0.7503108
0.11069893,0.79977894
0.75745124,0.16721459
0.12611349,0.5751322
0.7704815,0.13356563
0.76222485,0.27128872
0.77569366,0.2934458
0.11762357,0.7700343
0.09227662,0.90516996
0.102663405,0.8609359
0.77634895,0.21651286
0.77465516,0.23764138
0.7632328,0.2831619
0.10735334,0.7872232
0.7583472,0.21817584
0.77062654,0.15245762
0.09723508,0.859007
0.115470655,0.86086386
0.7972438,0.16383895
0.75479525,0.19773623
0.81079775,0.0941315
0.7555754,0.15531898
0.77133816,0.14701208
0.10920358,0.89658594
0.75092393,0.19013585
0.09760859,0.79341215
0.11411123,0.89057803
0.76064485,0.13775674
0.10353126,0.74382067
0.10040965,0.7737672
0.10362119,0.81779456
0.10620222,0.8172562
0.76954883,0.10904066
0.7693062,0.30858406
0.10832628,0.6961117
0.10552166,0.8362171
0.112724535,0.8327117
0.75061226,0.18678427
0.116714545,0.79994714
0.7605465,0.23202121
0.10561057,0.66261816
0.12072302,0.6486767
0.121445484,0.845615
0.74574775,0.24951296
0.10145025,0.72594607
0.110819615,0.81871897
0.76693547,0.16062835
0.10974048,0.72817135
0.7685902,0.20787594
0.11216705,0.77706593
0.77286714,0.20725432
0.77543795,0.2135746
0.74937403,0.2552581
0.11244599,0.7397706
0.10808492,0.7961213
0.09950363,0.6854209
0.10701212,0.70950365
0.7640232,0.19015509
0.10718871,0.8122705
0.111247435,0.7590727
0.7511718,0.116352655
0.10852086,0.79536355
0.11059839,0.69935274
0.76950866,0.15275882
0.105584584,0.8650133
0.10279,0.87916625
0.8102618,0.16731872
0.11083735,0.8321173
0.7507892,0.20852639
0.75510997,0.102657884
0.1091592,0.77276427
0.7691827,0.29852608
0.76178414,0.31885514
0.11084081,0.7387132
0.93196183,0.23485532
0.10735928,0.6940209
0.13213293,0.75146914
0.77750987,0.21644077
0.7683866,0.18890384
0.11025996,0.8090134
0.7539936,0.14137429
0.116645835,0.78197634
0.10923144,0.87813133
0.11816916,0.88863146
0.74698067,0.29669967
0.77405566,0.20611362
0.7572066,0.22152103
0.10456297,0.78934604
0.77006996,0.20774616
0.76202136,0.4394069
0.76705235,0.15725432
0.10418726,0.8078583
0.10507089,0.7112452
0.7662701,0.227601
0.75381076,0.20157166
0.117618285,0.7322567
0.09818324,0.8009228
0.10871385,0.76611876
0.11433067,0.71239066
0.77285695,0.09670608
0.1061418,0.8023279
0.74534124,0.3310968
0.74910796,0.2878144
0.093851715,0.7125701
0.7696884,0.17612228
0.11506341,0.7550306
0.7714253,0.11663302
0.7778884,0.23491941
0.10876826,0.8475039
0.11189753,0.82234454
0.09389176,0.84692556
0.10617095,0.7509084
0.7435844,0.1679788
0.113937885,0.88382196
0.104836,0.7900269
0.7619863,0.1015236
0.76341695,0.12220193
0.7818322,0.26442692
0.11043584,0.84236115
0.77293473,0.06235381
0.11147268,0.82650197
0.0960777,0.80187285
0.105557114,0.8214185
0.105723694,0.8680509
0.7535387,0.10540389
0.11198968,0.8265613
0.77004,0.16123393
0.7584064,0.22543657
0.11171543,0.6674998
0.108937055,0.7196674
0.10777663,0.8634961
0.09641284,0.82913744
0.11190185,0.85803777
0.7589381,0.3746115
0.7589838,0.2196674
0.105454825,0.81968826
0.77079755,0.09271364
0.10235617,0.7687334
0.79686725,0.12634176
0.10768593,0.8214954
0.7629631,0.11685732
0.76704854,0.0679852
0.114416644,0.80806977
0.11578591,0.84117883
0.11072974,0.6741116
0.780149,0.11819187
0.09501356,0.88069147
0.09017114,0.7262921
0.106355496,0.76975554
0.76314807,0.16648723
0.11370128,0.7718126
0.7475829,0.17449614
0.11426255,0.81583357
0.119013175,0.7786536
0.7666477,0.43698293
0.7595389,0.14173636
0.08838952,0.76253486
0.114818744,0.8301564
0.7487553,0.20272358
0.7701244,0.1505399
0.10077823,0.7709074
0.75323945,0.25165656
0.78122586,0.07264891
0.10333199,0.8380771
0.12584555,0.79119325
0.11207097,0.8561104
0.7842,0.19340575
0.7767568,0.015375373
0.7785731,0.25545356
0.11009203,0.842837
0.7610822,0.175459
0.092596166,0.827867
0.7704082,0.12707552
0.7525636,0.16795315
0.117123544,0.72662854
0.105740234,0.87069917
0.7611806,0.20537025
0.10602267,0.90993947
0.10907966,0.7856532
0.76497394,0.2679195
0.0841627,0.7547903
0.11479778,0.6718959
0.11962285,0.68066746
0.116566755,0.6374427
0.1119455,0.82734627
0.75269395,0.18120094
0.11245094,0.5503877
0.0877947,0.7874828
0.760696,0.18850492
0.10355133,0.70971835
0.75600874,0.19604921
0.11303639,0.8269345
0.76258886,0.20116633
0.104694024,0.7526547
0.119005315,0.75406134
0.7818295,0.107090905
0.10904449,0.8053222
0.11366971,0.8483386
0.11379115,0.86833286
0.09863492,0.84218013
0.7735226,0.19594347
0.11534931,0.682457
0.10902495,0.7062883
0.09717357,0.6961982
0.77013284,0.13332532
0.76214415,0.15070812
0.11302896,0.7656686
0.78532755,0.12708034
0.11201824,0.6991669
0.097533375,0.81871253
0.11829305,0.85616326
0.10930484,0.7152792
0.105708964,0.63669133
0.10841959,0.8239819
0.09998388,0.8474238
0.10166064,0.7962335
0.1009387,0.8748246
0.10952048,0.7663767
0.74401444,0.2592874
0.7709934,0.15126085
0.77029926,0.16228813
0.10893078,0.74197346
0.11380568,0.87236696
0.10439415,0.85733443
0.7539209,0.19737735
0.7436396,0.250157
0.11202237,0.8775033
0.7822854,0.18386844
0.11019003,0.8247044
0.10589674,0.6808581
0.09689754,0.6009773
0.7628764,0.25508508
0.115218,0.7706495
0.10381967,0.7952001
0.11466395,0.779304
0.11243067,0.5622433
0.7700367,0.20162614
0.7688962,0.13723445
0.104008004,0.8813483
0.11216382,0.74647695
0.11425367,0.7894101
0.7806347,0.13895671
0.76067275,0.13062738
0.113147825,0.7938159
0.75993633,0.119372614
0.7966324,0.11603063
0.099851415,0.9110689
0.10793927,0.8828607
0.12447385,0.8245346
0.10202619,0.75240636
0.109453954,0.8096991
0.1075491,0.720853
0.77597666,0.21157679
0.10528148,0.7984556
0.12045068,0.7977362
0.11283144,0.852158
0.10953415,0.70040536
0.12117536,0.7644317
0.76852787,0.11088308
0.7453906,0.21940626
0.11188524,0.7864302
0.76622045,0.19395046
0.10400859,0.73450124
0.1159483,0.8376638
0.7476615,0.1904723
0.10519091,0.8769009
0.7697213,0.17388253
0.095001146,0.8840623
0.79561454,0.1087619
0.09165511,0.8785783
0.7612009,0.15147714
0.115884505,0.7385306
0.7641176,0.1310952
0.10268718,0.85604155
0.77095646,0.12750168
0.10315686,0.57150984
0.11117694,0.8898683
0.75875753,0.14434458
0.7444215,0.16736999
0.7731956,0.09409305
0.1112224,0.88105994
0.7688236,0.1087635
0.74790275,0.49156654
0.7650153,0.16550834
0.7628176,0.12726778
0.11957388,0.72220993
0.76423764,0.091427155
0.110082455,0.7624339
0.11347249,0.7661764
0.103389636,0.81428915
0.7681747,0.2064773
0.7836251,0.24458009
0.754195,0.22520427
0.75886387,0.15125124
0.78426355,0.17403954
0.09930833,0.8098866
0.7958733,0.13671698
0.795074,0.24548207
0.763012,0.2820228
0.11905755,0.8278814
0.75632066,0.2417764
0.74580413,0.17647633
0.7488201,0.12692012
0.11582613,0.7489875
0.108501114,0.88974816
0.116866365,0.75683296
0.10300329,0.8936957
0.7948727,0.25589254
0.10151837,0.8457256
0.79911697,0.16333269
0.7837087,0.12635778
0.7686049,0.10966228
0.7492508,0.2370422
0.105432406,0.8365696
0.75770944,0.10492967
0.106624,0.7755375
0.102445684,0.7792095
0.7717309,0.32055017
0.11550166,0.7750216
0.7502271,0.30500016
0.86498225,0.22593804
0.7625244,0.17890032
0.10316204,0.8324778
0.109460585,0.80628663
0.8041754,0.12259124
0.11675136,0.77329135
0.8108284,0.0978644
0.780032,0.1709619
0.7537874,0.17087379
0.75650215,0.17563042
0.10914774,0.7865375
0.10954878,0.8819315
0.11599878,0.62107563
0.08978632,0.880174
0.1085445,0.62758017
0.10769511,0.8356708
0.10514716,0.88470954
0.10145078,0.8171793
0.77180684,0.14698644
0.7627188,0.15766767
0.10458275,0.833697
0.7673289,0.10646128
0.05654017,0.7755968
0.7550945,0.11029351
0.76095194,0.12195841
0.11166168,0.8628937
0.106173,0.69478357
0.7394866,0.23813964
0.11468,0.82130796
0.7524029,0.1889423
0.10361984,0.86649525
0.10921223,0.710364
0.11581358,0.7878048
0.11244685,0.7913358
0.7685966,0.13957512
0.7733384,0.1432904
0.77216303,0.1256096
0.7659897,0.15098049
0.7770044,0.16530648
0.122356854,0.6792736
0.8209776,0.1797302
0.11285466,0.73289114
0.76795864,0.17638983
0.76084167,0.095759235
0.76514554,0.093638055
0.7696211,0.19399372
0.108977005,0.88987154
0.1155357,0.72779804
0.7789947,0.11199814
0.09780366,0.7913038
0.77431136,0.15948604
0.11871865,0.6830818
0.77840877,0.17576821
0.76282066,0.15168221
0.7737305,0.2531305
0.10637884,0.8297046
0.7526562,0.20311609
0.761168,0.11178987
0.78426224,0.145112
0.108226635,0.82192314
0.10523568,0.8519001
0.09799546,0.8413631
0.7595191,0.14129098
0.10052478,0.7144125
0.10570622,0.91292095
0.76517195,0.08615303
0.763453,0.12190074
0.75552785,0.1685924
0.106988385,0.7958137
0.10677806,0.5857108
0.78941625,0.19912045
0.09568779,0.75786954
0.11257615,0.7307876
0.09819235,0.7744048
0.09322592,0.8168846
0.7631026,0.2122032
0.10876265,0.7720209
0.09705187,0.84630877
0.11678755,0.8062274
0.7620289,0.14932711
0.7891361,0.16669069
0.75780785,0.23622513
0.75821406,0.13139479
0.10595723,0.76541865
0.7858257,0.13257875
0.10132864,0.841275
0.1051572,0.7542696
0.77727205,0.18037906
0.110339,0.77617836
0.76151407,0.15169983
0.117039345,0.7833734
0.1187307,0.8296389
0.7659176,0.12842609
0.1084433,0.784913
0.7679407,0.13098946
0.10683333,0.8308741
0.10757069,0.8467381
0.757522,0.27050692
0.11072238,0.7408552
0.096117616,0.8043673
0.77142185,0.11747893
0.10311156,0.8455221
0.117980234,0.9296229
0.7686069,0.2380243
0.7551788,0.17784454
0.75655603,0.19267839
0.10546777,0.75774616
0.11211231,0.8111074
0.7584691,0.05752347
0.76906806,0.26391906
0.111352004,0.7289436
0.77316153,0.14216092
0.7493688,0.13576533
0.7647848,0.23498671
0.10542115,0.8185059
0.11041006,0.87870806
0.7585297,0.10232305
0.110362016,0.8425134
0.8630874,0.18569483
0.10460392,0.8098449
0.10563573,0.71924925
0.11070683,0.8435163
0.10889687,0.82900923
0.120240554,0.73797464
0.10078586,0.82057416
0.7632173,0.21715371
0.10573036,0.84875995
0.10474572,0.7944247
0.7832178,0.16965298
0.75233316,0.16488032
0.11322859,0.5945993
0.7609856,0.1618988
0.10691396,0.66067964
0.7480195,0.2918421
0.7746366,0.13008907
0.7644408,0.14210965
0.1098259,0.9146608
0.11248839,0.8258996
0.7868536,0.14364447
0.76641846,0.11561729
0.7499767,0.16856676
0.11211961,0.7925278
0.76411194,0.18144445
0.77879775,0.054511517
0.7843156,0.15406933
0.11355282,0.7979349
0.7725862,0.22937454
0.11167812,0.795764
0.7735525,0.15066968
0.7774045,0.12421898
0.7838124,0.23251146
0.7569031,0.066464804
0.099582806,0.8173748
0.74946165,0.12023295
0.11612587,0.7970697
0.11192959,0.87300456
0.07677703,0.6901791
0.76268196,0.3650149
0.112031616,0.7363709
0.11229814,0.8204124
0.7439958,0.13705662
0.7703403,0.14449517
0.7645291,0.26007882
0.75328434,0.13201801
0.1043648,0.7885546
0.10416996,0.700298
0.76730466,0.20235829
0.11615499,0.68694925
0.778681,0.16656734
0.102649406,0.8656253
0.7604028,0.26963216
0.76986074,0.20635073
0.11150243,0.66658175
0.09422495,0.8139703
0.11055144,0.7893332
0.11422362,0.7835432
0.7639944,0.18205325
0.10307141,0.82966614
0.11210561,0.7861546
0.10641932,0.818437
0.75858045,0.1840687
0.7650063,0.18428338
0.10577843,0.8525954
0.10810007,0.77260405
0.7618627,0.20085552
0.7583681,0.16094556
0.09314704,0.8836249
0.1122674,0.8622208
0.09931843,0.8718174
0.7597395,0.13271652
0.10744952,0.8080009
0.75720847,0.18842962
0.77515084,0.16236663
0.08215031,0.8531497
0.11182677,0.7648387
0.09637262,0.84433174
0.10429107,0.8788154
0.10902987,0.6010862
0.10596763,0.87934893
0.11201398,0.8458906
0.10794704,0.8156029
0.76962936,0.15049505
0.7835897,0.13608895
0.7575565,0.18304335
0.7750491,0.21278958
0.11096443,0.7243808
0.10250921,0.79949373
0.7731286,0.12555353
0.7780395,0.19843635
0.76931375,0.10971355
0.10555441,0.86042005
0.113430925,0.8909802
0.7793185,0.093718156
0.10348532,0.75649333
0.74294883,0.37266815
0.77171797,0.21684931
0.7638194,0.18133071
0.10842306,0.7993095
0.10260374,0.78433627
0.7606297,0.124089204
0.7523662,0.27216667
0.77119076,0.21409209
0.7692206,0.19342978
0.79751545,0.053761736
0.7680383,0.18586466
0.76028866,0.26626614
0.78560144,0.15013137
0.79961437,0.2585408
0.10901663,0.8137957
0.11169288,0.80529976
0.113874756,0.7076228
0.105493024,0.69325995
0.7689085,0.1952033
0.0916388,0.8377167
0.08979444,0.7380579
0.11106346,0.8169727
0.76005965,0.15293024
0.7507673,0.2665433
0.7562042,0.10775898
0.7643585,0.17521548
0.77373594,0.11830081
0.74695265,0.16094556
0.09832363,0.63119614
0.10237258,0.81953764
0.74474794,0.24173315
0.1154939,0.7497773
0.110669844,0.7572655
0.781977,0.050112147
0.7876088,0.15343331
0.10361796,0.90438336
0.7687453,0.228511
0.784265,0.10724791
0.76908576,0.30345574
0.7701577,0.18502034
0.76356566,0.3354289
0.08265559,0.703499
0.80665433,0.13314909
0.76191145,0.24825531
0.11237256,0.79997116
0.7613948,0.17139608
0.102022655,0.90186167
0.8117575,0.11164888
0.76606965,0.12455862
0.78430474,0.30545676
0.75395656,0.29768175
0.77395475,0.16489474
0.74844176,0.16716972
0.1100147,0.8857573
0.7630234,0.32814893
0.11996928,0.84927744
0.7962974,0.2471819
0.7709414,0.12282835
0.75130415,0.20948444
0.75329673,0.28761256
0.11064175,0.7480374
0.11138297,0.73621714
0.7429474,0.13533917
0.10515347,0.81110895
0.7700214,0.19113877
0.7511857,0.29053158
0.7808587,0.14292672
0.10184013,0.8843331
0.11535786,0.69559264
0.77141106,0.24673812
0.10898823,0.8482297
0.775635,0.19303407
0.78358155,0.07928803
0.76395476,0.17628568
0.7826664,0.13733219
0.106420934,0.69118845
0.11513278,0.7938367
0.756004,0.14747989
0.7622554,0.14768176
0.7665436,0.103550255
0.111824624,0.6304784
0.10721324,0.90423274
0.117087945,0.6831731
0.113254674,0.75671923
0.77536386,0.14646415
0.7596068,0.1461822
0.10974488,0.7235253
0.098576084,0.8193678
0.776914,0.27664456
0.107238434,0.8454548
0.76000553,0.17929924
0.10251476,0.87758017
0.7566263,0.1760005
0.10887161,0.77814573
0.114264235,0.80375695
0.11007337,0.7141722
0.75176024,0.22394182
0.779016,0.22767952
0.107712306,0.7426528
0.7676045,0.04111154
0.74734265,0.16886476
0.7654168,0.121005155
0.107341416,0.677146
0.10332558,0.842201
0.10826896,0.68682754
0.77687174,0.31948477
0.10934836,0.7847304
0.08293433,0.7390849
0.78415406,0.032085296
0.787745,0.07590919
0.81962204,0.40843347
0.102298886,0.8631981
0.7557628,0.098737545
0.096825294,0.81149507
0.10017314,0.8342337
0.09818059,0.85418147
0.10849824,0.81310517
0.7650352,0.10703003
0.7820137,0.14156494
0.7587109,0.13005383
0.117055655,0.6913294
0.11449143,0.8423003
0.104884274,0.83074915
0.7737078,0.11119549
0.11048026,0.84006697
0.75356936,0.18498349
0.110966384,0.7817264
0.8025209,0.18888782
0.7771592,0.11703355
0.75319517,0.21063314
0.04618029,0.8086898
0.09530356,0.80534464
0.119411565,0.85339487
0.78184414,0.12952673
0.7773856,0.32344195
0.7892439,0.22352207
0.75021076,0.1386427
0.11469875,0.83580697
0.74736327,0.18838476
0.7946952,0.090321705
0.7674763,0.13557307
0.09672868,0.6743407
0.7685741,0.16307956
0.11275207,0.8217245
0.097240336,0.88318914
0.12085519,0.6380948
0.7548473,0.2685924
0.76114637,0.13936044
0.11268914,0.6860008
0.10231255,0.7875869
0.7454461,0.20002082
0.10423302,0.8335592
0.11400828,0.7989987
0.10901405,0.82971257
0.76168853,0.3044266
0.11079247,0.85877633
0.10581466,0.85771894
0.10884876,0.88642377
0.11869752,0.72907335
0.7741719,0.12148099
0.1007601,0.81538016
0.78324646,0.2260742
0.7675416,0.26307794
0.10332413,0.72852063
0.08400431,0.8434298
0.097132005,0.75595504
0.11326907,0.71988046
0.7643483,0.1982537
0.106431074,0.7208321
0.104961306,0.8412637
0.7679219,0.18804511
0.7500964,0.38586307
0.76837814,0.14026242
0.10988164,0.8557067
0.7545979,0.08585665
0.76932746,0.17182544
0.118644096,0.8067993
0.11824088,0.8595469
0.10330702,0.72647154
0.110086516,0.7586161
0.09883838,0.8443398
0.7741658,0.16024064
0.7625928,0.10454676
0.7696414,0.14806466
0.7636194,0.2963536
0.7551509,0.29166105
0.05354846,0.7147137
0.7687693,0.12098273
0.10446217,0.9169246
0.114825085,0.74478835
0.74186164,0.2785703
0.757377,0.31301227
0.7682908,0.14635362
0.10716962,0.6869589
0.10624561,0.7601974
0.76585937,0.06631901
0.7570117,0.26972187
0.11207688,0.86954886
0.7890431,0.20613125
0.11450801,0.9221715
0.756551,0.1381893
0.7822043,0.1251514
0.773934,0.09930309
0.77682406,0.18261398
0.10842748,0.8694335
0.10313454,0.86451983
0.10337623,0.79195744
0.10347172,0.7607806
0.77007645,0.23585343
0.12516306,0.8022622
0.08694814,0.72967094
0.096040756,0.88695246
0.1098254,0.8308421
0.107060164,0.6947611
0.1154098,0.63273257
0.76091576,0.16402961
0.7738055,0.11151751
0.12669303,0.82913744
0.10853582,0.8008283
0.74356776,0.14382389
0.0982913,0.7027957
0.10550818,0.7763754
0.74397874,0.1770531
0.11008532,0.7500096
0.11560009,0.7137284
0.76041967,0.13117531
0.12035305,0.77283794
0.76142436,0.19656509
0.7567658,0.104923256
0.74922204,0.07372553
0.74627143,0.3182095
0.117567174,0.8945721
0.09497146,0.823136
0.11019019,0.71337116
0.7443725,0.05730238
0.76696044,0.32754654
0.11230213,0.79193825
0.11611328,0.8900349
0.11149718,0.69121885
0.7699247,0.19121568
0.112738796,0.89171714
0.75439864,0.49837866
0.77273506,0.19278413
0.74681515,0.1301804
0.78499395,0.101079814
0.787741,0.09278574
0.76058555,0.16687334
0.106823266,0.6671521
0.10752516,0.7566231
0.7713347,0.09594508
0.11700369,0.9000369
0.76839715,0.2116633
0.7594887,0.10950527
0.761032,0.15893973
0.77870685,0.16794994
0.7611981,0.11503573
0.10254117,0.820116
0.103699416,0.7555096
0.75864357,0.16507418
0.75894064,0.1938239
0.7577135,0.2573232
0.7721475,0.15851837
0.11437201,0.8202698
0.10660858,0.80513316
0.11126771,0.7173315
0.7569295,0.2452017
0.7676776,0.20414944
0.10782979,0.720736
0.7668017,0.21662822
0.7597505,0.3268961
0.75730306,0.13855138
0.096168004,0.80314976
0.11053543,0.65114874
0.76131433,0.1528149
0.102080636,0.69958985
0.11493616,0.8540966
0.76525027,0.28355762
0.76709175,0.14871511
0.1046232,0.676502
0.114325486,0.67959565
0.09172383,0.8475392
0.77822495,0.113489695
0.099644884,0.82407
0.7811614,0.13114005
0.76730967,0.12521549
0.77020943,0.13574931
0.7618767,0.23012272
0.112815596,0.6473341
0.11507024,0.869065
0.10520752,0.8760005
0.10902495,0.87809604
0.7745849,0.22861195
0.103102945,0.79721236
0.750488,0.24491493
0.1043508,0.8570076
0.104631916,0.8515412
0.75960404,0.22771156
0.76968443,0.2176167
0.10060836,0.65650135
0.76158947,0.30612645
0.761775,0.15190971
0.7701636,0.14068538
0.10234762,0.79144156
0.09590247,0.89393765
0.75538814,0.16607068
0.7551232,0.13754366
0.75960743,0.20066167
0.111141644,0.8726954
0.11180108,0.71846104
0.105939694,0.8231792
0.7559171,0.23338139
0.75016505,0.027445609
0.76807976,0.20249447
0.7319636,0.21506777
0.10704739,0.5904306
0.7588779,0.16788587
0.75274056,0.20824762
0.10476679,0.6609904
0.11024886,0.77901566
0.10860357,0.68329006
0.78511316,0.12362139
0.7683499,0.22345798
0.7780898,0.23183216
0.7950807,0.034698322
0.7637648,0.12125829
0.75218445,0.15177353
0.1119628,0.7570653
0.10434852,0.80426
0.10316257,0.7443462
0.0965741,0.8127832
0.108811945,0.7096703
0.11094026,0.70168704
0.10935414,0.83205
0.09887803,0.73891664
0.7655148,0.18139319
0.10589757,0.80934185
0.77488166,0.102472045
0.77755624,0.1451152
0.10386388,0.87754816
0.7522551,0.21627575
0.058285113,0.71331024
0.10183491,0.9186501
0.1067456,0.79475474
0.11308407,0.790099
0.11692114,0.80377454
0.7683249,0.14478676
0.7635456,0.16315806
0.11187006,0.88735783
0.76178044,0.22170688
0.7606165,0.15109745
0.048212428,0.65376335
0.10215301,0.85011375
0.7602603,0.20578359
0.7786661,0.1549505
0.7590432,0.3528133
0.7582363,0.21919958
0.769868,0.12261207
0.111998826,0.8640953
0.10982848,0.7820965
0.7930863,0.24393605
0.7577674,0.26002115
0.10785029,0.66986126
0.11663151,0.76331025
0.74067533,0.22196482
0.090761945,0.90113586
0.75240815,0.23069307
0.7592608,0.25828767
0.7629129,0.08968086
0.77681744,0.2730895
0.76329994,0.16931334
0.75699717,0.15421513
0.75100976,0.16846903
0.7755289,0.14957705
0.11284908,0.8861258
0.7570566,0.20091641
0.77045816,0.16233298
0.106991194,0.928237
0.10488724,0.8288058
0.11727754,0.807038
0.10354459,0.8495883
0.7543618,0.18928033
0.10742783,0.77891475
0.7811987,0.15710533
0.10355681,0.8395975
0.106303856,0.8521308
0.7671726,0.22876574
0.11009196,0.8126278
0.7466184,0.20671281
0.7850519,0.21637829
0.10821283,0.52624726
0.7626121,0.13043192
0.76969594,0.07101797
0.11612841,0.7516774
0.7477992,0.20995225
0.10590592,0.85890126
0.7755835,0.18334454
0.11200467,0.7179179
0.7551442,0.31499246
0.76632005,0.14319587
0.10669928,0.8462447
0.09279213,0.7312442
0.10991518,0.89860296
0.10418709,0.8592073
0.10535148,0.7926848
0.800852,0.15919767
0.7705351,0.16825435
0.11348501,0.84523696
0.80351365,0.1840671
0.10366365,0.8170992
0.105635636,0.8462895
0.7688507,0.13735141
0.11227859,0.725036
0.7730099,0.07342593
0.7726644,0.15696914
0.7676779,0.30285975
0.76569927,0.1893332
0.0914024,0.8335112
0.7561841,0.15515237
0.116658315,0.7870646
0.11106141,0.8190138
0.10064596,0.88235444
0.75817245,0.090276845
0.7657491,0.16294979
0.79535687,0.14866705
0.10141835,0.796046
0.74230725,0.22595565
0.102981664,0.86803967
0.75516135,0.13224871
0.7662008,0.15261303
0.10143272,0.77899325
0.7716002,0.14635842
0.74402153,0.29663077
0.10055371,0.731398
0.7730877,0.08878208
0.10752186,0.8253933
0.11415429,0.7551011
0.118207,0.7341504
0.77841276,0.071447335
0.101411656,0.8024384
0.7537939,0.23653273
0.77951896,0.30688745
0.09540664,0.8229597
0.7740335,0.17817457
0.763341,0.18903682
0.11716112,0.6040165
0.062277835,0.78389406
0.78226966,0.15812266
0.74927014,0.2939088
0.7654091,0.18485373
0.11389469,0.75299275
0.75093925,0.12224038
0.0950022,0.8153738
0.11394531,0.791448
0.1053877,0.755665
0.11030004,0.80995226
0.77821636,0.22531962
0.11013228,0.83626676
0.11375536,0.80463165
0.11307059,0.78864753
0.7579877,0.19247332
0.772463,0.24030247
0.10241395,0.8331667
0.7622452,0.16039924
0.76948225,0.14051875
0.76731944,0.16564132
0.76861596,0.08192989
0.1121936,0.7279214
0.7640809,0.15057516
0.7555965,0.1935948
0.092345625,0.8428979
0.76498705,0.28414398
0.7580852,0.362953
0.76909685,0.0820901
0.11861147,0.74431413
0.7738208,0.10294146
0.7650128,0.1028213
0.10383895,0.7551267
0.107469924,0.76275915
0.115336634,0.8508315
0.1114078,0.7067881
0.74045664,0.21506937
0.11059797,0.7546733
0.11532065,0.7724967
0.74169576,0.21011247
0.113870196,0.8680893
0.11801084,0.7610369
0.76670253,0.14059086
0.10614573,0.57444006
0.82150674,0.18588227
0.11299878,0.93150854
0.7630339,0.14200552
0.112430274,0.8702714
0.11110493,0.8635362
0.102584094,0.7271316
0.76614124,0.13354321
0.1102693,0.8018296
0.7602328,0.31054825
0.75593555,0.060247045
0.7631721,0.15964626
0.10537858,0.7640953
0.10803473,0.8273847
0.11839527,0.8110529
0.7609444,0.14493255
0.77138275,0.32199365
0.10475817,0.76298183
0.7659708,0.32502803
0.11774864,0.89432853
0.76824486,0.089884326
0.10947604,0.8613573
0.10422305,0.8589173
0.75675875,0.15360633
0.77836215,0.13722163
0.10179892,0.84265435
0.12323804,0.5592986
0.7692691,0.16939665
0.7656684,0.15652536
0.7550837,0.15508346
0.77771103,0.18799065
0.097516365,0.8941555
0.76948065,0.13044155
0.10465955,0.7786536
0.11628082,0.80255055
0.76576257,0.13831106
0.11620567,0.8726393
0.75657296,0.14893942
0.75625885,0.39486045
0.76224124,0.21724021
0.773822,0.22872089
0.7590719,0.099239
0.7739153,0.074593864
0.10236822,0.85215324
0.75453085,0.1466532
0.11079129,0.8210468
0.10443291,0.5530376
0.11455757,0.8664408
0.7435405,0.270587
0.76219076,0.16432439
0.784832,0.2549585
0.09586876,0.81739885
0.11070557,0.7255311
0.7630037,0.14531064
0.11297643,0.8100468
0.762758,0.24440226
0.10754415,0.8553702
0.1052795,0.6951248
0.7762305,0.09022077
0.111834794,0.74091285
0.109641,0.71100324
0.100497015,0.82459867
0.7549041,0.20132494
0.76600397,0.27550706
0.1119316,0.702605
0.76303023,0.14370854
0.77562374,0.13773431
0.75182945,0.110753305
0.103940316,0.58584064
0.75606644,0.2040325
0.10350299,0.8164231
0.7647736,0.13865392
0.112122476,0.6421065
0.11207229,0.8741581
0.10852519,0.6889359
0.7852697,0.07447371
0.097689055,0.89387035
0.10930705,0.7174277
0.7694414,0.19836585
0.10179618,0.8632414
0.76753706,0.20883079
0.7595109,0.3638133
0.103135064,0.8668814
0.10670915,0.83807236
0.7645645,0.16116025
0.77505624,0.25889328
0.09907433,0.85887724
0.7711443,0.12524112
0.7718573,0.33679226
0.0871972,0.8779134
0.10887723,0.86386937
0.110277124,0.85284853
0.7606443,0.28743792
0.10479152,0.89577687
0.77122563,0.119902916
0.108995035,0.86391747
0.7481755,0.25202826
0.115723774,0.7160643
0.10114823,0.8244096
0.7500927,0.1400157
0.09615648,0.7828415
0.12407938,0.7724999
0.11419424,0.7349082
0.116828986,0.8389006
0.7965167,0.025455797
0.7578477,0.2610641
0.113712505,0.8179564
0.7562689,0.2070909
0.7403638,0.19949213
0.7589855,0.19769137
0.10660458,0.7214425
0.76711035,0.11142619
0.10232777,0.69601715
0.7516617,0.25013298
0.7734447,0.30776858
0.11478487,0.7787401
0.74816495,0.28063378
0.104907975,0.84142554
0.11533122,0.7761816
0.7625582,0.16016373
0.10185007,0.8267503
0.10992492,0.7802349
0.103157885,0.67343557
0.10568311,0.8609119
0.10706202,0.81724983
0.7542984,0.18392451
0.11591937,0.8121279
0.7509649,0.25599346
0.7805861,0.1598337
0.107756026,0.77992886
0.10473328,0.8409225
0.10471977,0.8567144
0.7533343,0.18958473
0.101258814,0.789825
0.81944203,0.1911548
0.78502274,0.06564132
0.7850597,0.20277484
0.033192925,0.57688004
0.0874762,0.8833654
0.09466835,0.77205133
0.76750195,0.20048383
0.77289766,0.30172548
0.10113179,0.75006247
0.77415276,0.17845012
0.10586032,0.8222612
0.11024249,0.7778942
0.7799712,0.16910827
0.76243633,0.155178
0.10488292,0.75545037
0.76358414,0.14187895
0.09764877,0.8739931
0.10081848,0.7445064
0.09946589,0.702895
0.7593883,0.21869653
0.75688964,0.10629466
0.107975796,0.6498927
0.7820085,0.15481591
0.76041466,0.31270146
0.111014485,0.86596173
0.7745549,0.10321862
0.104245834,0.83897114
0.7822425,0.14341375
0.109985575,0.7637989
0.109474786,0.7899356
0.7551027,0.123850495
0.76717377,0.2545724
0.78259945,0.15740171
0.092186876,0.903358
0.7827952,0.14270402
0.11561303,0.7036304
0.7680918,0.17729981
0.09632068,0.9346134
0.7508991,0.33176008
0.112812825,0.8066968
0.1073987,0.8270611
0.79342544,0.13356243
0.7570149,0.18381396
0.7704144,0.2495402
0.12064457,0.779405
0.113646865,0.79628474
0.103105746,0.72028583
0.76889426,0.16934378
0.7555975,0.23021244
0.7775156,0.15966868
0.10346984,0.81803167
0.76977664,0.20486398
0.10082225,0.81406003
0.106029175,0.6901695
0.78413993,0.28731775
0.11011996,0.70619214
0.78120595,0.17054856
0.76636785,0.22193919
0.097375676,0.860835
0.10865891,0.8801131
0.115598366,0.84025604
0.111878015,0.83633566
0.116431616,0.752762
0.75803536,0.10655901
0.7728514,0.114684865
0.7578383,0.11224166
0.1142569,0.8225864
0.77281773,0.13067384
0.7562218,0.16926047
0.7656281,0.3830001
0.7934826,0.16885193
0.7815287,0.14028165
0.7824036,0.14425166
0.113737136,0.8142347
0.110956706,0.82288444
0.739682,0.26115063
0.7582339,0.20635714
0.7593189,0.13763979
0.7494348,0.2263786
0.11480986,0.6923323
0.7511693,0.19004133
0.8320527,0.28256273
0.110606946,0.8218767
0.1097313,0.7900269
0.109431595,0.81319654
0.10088168,0.821763
0.10817628,0.7412798
0.117322244,0.7412397
0.7642177,0.13671216
0.11386808,0.83000094
0.09911214,0.79734373
0.10142562,0.7275001
0.10047166,0.8539684
0.1061977,0.8146304
0.105632134,0.87975746
0.7698432,0.2669775
0.107391305,0.8220866
0.767899,0.15035567
0.7662364,0.12946907
0.10352554,0.82612705
0.76106524,0.20106219
0.09931005,0.7586193
0.7644777,0.224235
0.1120645,0.8342033
0.11230705,0.83343107
0.7684908,0.14130059
0.10433937,0.86435324
0.112007976,0.83233523
0.74953336,0.17924477
0.11502256,0.88503957
0.75147825,0.16245635
0.770174,0.1741645
0.10760593,0.73930275
0.105352335,0.6452033
0.10094296,0.7381172
0.10755452,0.80476946
0.79290426,0.15192893
0.7673616,0.16748855
0.7724947,0.10283092
0.10504873,0.8782723
0.765383,0.1122737
0.10361974,0.8035038
0.10841183,0.7225896
0.7654542,0.20737126
0.741009,0.32647794
0.102290004,0.9512112
0.75671965,0.25159088
0.10466962,0.77720207
0.09621185,0.78082603
0.9181107,0.22875613
0.10382564,0.8195889
0.7712894,0.17899324
0.10495661,0.87504566
0.74472064,0.26602903
0.75865495,0.24114999
0.044105694,0.7212391
0.77518976,0.26248997
0.7561918,0.21381973
0.10658583,0.77825785
0.7645897,0.16919638
0.7585938,0.26885673
0.79010594,0.19099298
0.766411,0.2420712
0.76094824,0.2546349
0.75915414,0.22091705
0.7505252,0.05214842
0.7529112,0.11916114
0.10943094,0.8685123
0.114340045,0.80679613
0.09685356,0.7405812
0.11394954,0.812828
0.75635993,0.062015764
0.76212925,0.19536352
0.7650116,0.15337403
0.75905883,0.15767407
0.114054374,0.86424106
0.106961645,0.83478165
0.786555,0.10416066
0.75883615,0.24974687
0.7802785,0.09970361
0.7764236,0.15042455
0.1029639,0.81816304
0.7731647,0.07452017
0.75167704,0.2630283
0.75321037,0.2325435
0.11023246,0.85303277
0.76581407,0.23726329
0.7751685,0.17449294
0.7617987,0.090507545
0.11232204,0.6965555
0.10459949,0.8814605
0.7361583,0.31443813
0.78895426,0.22234932
0.7706676,0.22208978
0.10969089,0.84784037
0.77892226,0.14901792
0.7896385,0.124875836
0.7803127,0.32259443
0.75850874,0.12595566
0.1045249,0.8489394
0.11703218,0.71299624
0.7583871,0.0785863
0.10865927,0.85759556
0.75378597,0.24981897
0.10200043,0.8657903
0.770507,0.2998686
0.7612763,0.27075523
0.0949502,0.72474927
0.111497015,0.8584479
0.76109725,0.23935403
0.10482491,0.7002403
0.7684454,0.0841456
0.114756934,0.8696514
0.74449384,0.17161717
0.75752014,0.2474911
0.76326454,0.16162646
0.75565475,0.2972572
0.7575894,0.16250601
0.09844395,0.91024065
0.79141396,0.048511647
0.77623075,0.049653947
0.110978104,0.6663526
0.106157914,0.83926594
0.10171344,0.7775161
0.10998386,0.78633726
0.101033725,0.7896328
0.75626916,0.08680189
0.7525653,0.093292
0.09971362,0.84871835
0.10995566,0.84820884
0.7667144,0.13845685
0.7835452,0.14049953
0.10701299,0.8294915
0.7615308,0.1756176
0.10789523,0.842366
0.7562195,0.13358806
0.7586276,0.18774392
0.7451619,0.09447916
0.092460394,0.7643885
0.7466397,0.16574225
0.09835658,0.8569131
0.09633323,0.8673892
0.7591156,0.38466147
0.7703246,0.117485344
0.11771173,0.8260534
0.7797199,0.22092345
0.76882213,0.32288602
0.781121,0.0864286
0.7679555,0.17973982
0.10780248,0.7234724
0.77259946,0.22633696
0.75859153,0.19474831
0.10395372,0.83478487
0.08626721,0.7771396
0.75974005,0.17259605
0.7779208,0.15651736
0.10047235,0.86321574
0.10793835,0.53771186
0.75569385,0.18802749
0.75413936,0.16763273
0.09011009,0.7602711
0.115716904,0.76111376
0.77221507,0.17900766
0.7812052,0.3416819
0.7719108,0.23303854
0.7761123,0.12171329
0.7631681,0.19185652
0.11198552,0.77382165
0.10156519,0.8622545
0.10627662,0.7568394
0.76249284,0.11972668
0.77176315,0.15421353
0.094092585,0.75647247
0.11598052,0.7914111
0.110335335,0.86124516
0.75472355,0.18269089
0.7561905,0.11179307
0.75788075,0.1692012
0.11278317,0.8533067
0.73461324,0.03631805
0.74988043,0.217684
0.7800425,0.13540645
0.7353099,0.25179595
0.7745821,0.12639304
0.1143549,0.86455667
0.105696745,0.8266846
0.1050948,0.9096911
0.75004435,0.17769234
0.7491774,0.28805313
0.10886346,0.77483577
0.7948867,0.38663846
0.773243,0.14232753
0.7468734,0.26845142
0.76888436,0.047809925
0.7796233,0.207477
0.757549,0.3629674
0.10456297,0.85139865
0.7760162,0.08304976
0.76482683,0.28164473
0.11488425,0.5907094
0.11002325,0.81430835
0.112587176,0.6566856
0.101407886,0.7940354
0.7466848,0.1917668
0.7569154,0.28767502
0.7535687,0.33991638
0.09541489,0.87372875
0.75447273,0.1285831
0.7445274,0.13337499
0.094850875,0.7992438
0.09518291,0.7881573
0.7732491,0.189479
0.7788067,0.22049409
0.7683108,0.19519049
0.77086705,0.5944952
0.89064306,0.28581658
0.7907574,0.1926031
0.7575857,0.11926527
0.765617,0.2535647
0.10851168,0.7872809
0.10830641,0.7755503
0.09698517,0.74227786
0.7501468,0.110407256
0.75767124,0.34386554
0.74865067,0.1122737
0.7707388,0.17872408
0.10005526,0.83366334
0.7783693,0.13644943
0.76937723,0.13942933
0.751845,0.12455221
0.10306797,0.8290942
0.11637479,0.823498
0.7753645,0.1618924
0.10019381,0.7615784
0.095177494,0.8785927
0.77165073,0.15113428
0.7637298,0.09786119
0.7559225,0.07889391
0.10515783,0.8985966
0.115633436,0.8769778
0.7464316,0.14380628
0.106896,0.7244385
0.112232625,0.8254334
0.10681372,0.92358613
0.7991632,0.15186645
0.7878858,0.112296134
0.09957957,0.9290141
0.108374156,0.82731265
0.109570935,0.87717485
0.10210341,0.75125444
0.10427033,0.77762985
0.11143052,0.8188151
0.7612141,0.15361595
0.115993366,0.82894677
0.106900096,0.6068137
0.77816975,0.14777948
0.7513855,0.10480951
0.7575325,0.2118139
0.78117335,0.12726457
0.7649069,0.09296998
0.088618174,0.79723155
0.102752484,0.75776696
0.7546637,0.27427664
0.78398937,0.20231985
0.121283464,0.8954228
0.11096496,0.8146272
0.7629129,0.14903553
0.10994998,0.824227
0.7415361,0.30115992
0.10482702,0.8694255
0.120662294,0.70049983
0.109376065,0.75668555
0.75450075,0.10604153
0.10512448,0.85377455
0.74850595,0.20108943
0.101374604,0.82961166
0.12389223,0.76785064
0.10688375,0.7875116
0.110911176,0.8260422
0.11493127,0.7396008
0.7537149,0.1964898
0.1085761,0.76192605
0.105968654,0.7840783
0.10313157,0.8323769
0.117015146,0.71254444
0.10081865,0.82411003
0.11777691,0.7906469
0.115017146,0.8202842
0.76448977,0.14491333
0.7825197,0.08895511
0.7844605,0.15699318
0.75948,0.14752315
0.10770039,0.68525106
0.11138931,0.85974556
0.111005075,0.7139351
0.77256036,0.10154603
0.8059417,0.12681118
0.12337487,0.7318722
0.7679711,0.1553446
0.10045848,0.840083
0.10122081,0.72039634
0.11000909,0.7727322
0.7653139,0.21735077
0.80281764,0.2835272
0.76456124,0.15115032
0.097049356,0.6742494
0.111699514,0.820555
0.104884766,0.8480871
0.7762304,0.12767151
0.7626336,0.112901725
0.1040051,0.8205678
0.10468557,0.69524175
0.101616,0.68738663
0.752395,0.11795155
0.76810104,0.13184337
0.7831201,0.19669807
0.7749131,0.2188263
0.78217643,0.20295748
0.10823307,0.836701
0.09057918,0.7009164
0.7678448,0.17732866
0.108158484,0.7958185
0.7658603,0.16467205
0.7788697,0.20135218
0.10465605,0.88894707
0.11323978,0.747238
0.10319998,0.6568554
0.7616412,0.21245955
0.7772698,0.17781569
0.10354776,0.7189705
0.79095197,0.14640328
0.0825601,0.8409129
0.7518738,0.18295203
0.11229077,0.8199173
0.762181,0.10257298
0.10431659,0.79860455
0.75393057,0.2913294
0.77403796,0.2912942
0.1139046,0.85017306
0.10967217,0.69257265
0.10415331,0.69272006
0.100405194,0.9422042
0.1048567,0.872572
0.11266338,0.7828062
0.78046066,0.09579929
0.103725895,0.7294146
0.7658106,0.29876477
0.11019105,0.821638
0.7725713,0.12851101
0.76370275,0.28642538
0.7520946,0.23232241
0.0984249,0.8678731
0.11487682,0.6298135
0.774202,0.10467974
0.10641701,0.759297
0.7596765,0.19872794
0.7617145,0.16993015
0.1169041,0.80530614
0.7677771,0.13746515
0.761397,0.22616233
0.7476525,0.16018456
0.1129834,0.82532763
0.780383,0.15783748
0.110276006,0.8469784
0.10815756,0.7006088
0.108738676,0.69956905
0.7537607,0.19742382
0.75940406,0.14436862
0.10274357,0.7470281
0.7684834,0.3115079
0.11478533,0.843417
0.1072386,0.88258517
0.109506816,0.84376144
0.7627822,0.17043962
0.76985365,0.40028358
0.11580724,0.78168476
0.77270955,0.1593018
0.7446217,0.29318786
0.1128084,0.63776314
0.10461329,0.75847995
0.7648337,0.21519274
0.75971097,0.20962703
0.76818794,0.0669246
0.7565243,0.179115
0.11852444,0.777154
0.76989526,0.09148803
0.09683748,0.8333461
0.7637865,0.18705982
0.77945083,0.2442084
0.115330525,0.7973053
0.11015301,0.8769329
0.7650581,0.12929444
0.118700884,0.6799641
0.103494205,0.6755439
0.7639743,0.20378737
0.77444726,0.077661894
0.11352067,0.7183216
0.10347413,0.8771316
0.7838045,0.1546429
0.7788486,0.18898556
0.7718215,0.08944055
0.76063865,0.09286424
0.101488516,0.79696083
0.10379147,0.77777725
0.77073693,0.23905124
0.110081166,0.8437005
0.76229113,0.18236887
0.10941717,0.7257554
0.102585286,0.8104377
0.08972438,0.78744113
0.76669765,0.2402448
0.76426274,0.14160338
0.123755045,0.70840144
0.77245206,0.19763209
0.08807856,0.85031724
0.76529026,0.28350797
0.10367841,0.8964914
0.104452364,0.8642539
0.7536198,0.15390432
0.101618744,0.8161973
0.74596775,0.17189433
0.1173968,0.7355571
0.75824815,0.14830819
0.76230717,0.2487792
0.76514196,0.21032074
0.11466039,0.7081675
0.11228774,0.779272
0.10022122,0.8583902
0.115100384,0.7293297
0.11541664,0.8019033
0.114577346,0.7549505
0.7652908,0.11244673
0.768182,0.08807075
0.105514325,0.85264826
0.76025325,0.18655676
0.77012676,0.13453811
0.76319456,0.13896473
0.7556894,0.19252299
0.83760625,0.108274855
0.114984855,0.8032683
0.75696915,0.19010542
0.7875025,0.24177481
0.75276715,0.19813195
0.1221606,0.70561695
0.115148924,0.7746291
0.77041584,0.18085168
0.11686745,0.7974879
0.10876731,0.7497308
0.75400466,0.0862075
0.75798905,0.1468054
0.105288215,0.86389023
0.75004536,0.27105
0.110321864,0.8335929
0.77056605,0.10220289
0.762068,0.13959435
0.11641725,0.8519241
0.75931466,0.18442276
0.7539665,0.22723573
0.79010344,0.091481626
0.7647657,0.22862315
0.10644854,0.8117514
0.103242114,0.8791166
0.11170424,0.73725367
0.7671878,0.15867218
0.75328565,0.21230094
0.7581002,0.15465571
0.10832886,0.889785
0.10242082,0.8915329
0.11436626,0.88944215
0.7420035,0.27101478
0.7566761,0.30429363
0.768039,0.189636
0.10323511,0.72701627
0.78373975,0.05211157
0.1033453,0.7516085
0.10001799,0.850447
0.10360753,0.90054953
0.76254725,0.1774392
0.7598375,0.22851421
0.113650165,0.9258387
0.8110368,0.2087731
0.1142468,0.7279999
0.10927222,0.7282803
0.7775144,0.1285863
0.7763636,0.048647825
0.7720935,0.05344452
0.10837119,0.83387166
0.75166565,0.1728684
0.116693445,0.6814092
0.7671134,0.14536832
0.7460077,0.14495498
0.11136108,0.9130411
0.113524236,0.78716874
0.7605898,0.22227563
0.10582598,0.83027333
0.11102908,0.8643933
0.112311475,0.8025169
0.112692535,0.7792656
0.758245,0.1999231
0.7587187,0.17023295
0.09535236,0.70062965
0.1011135,0.957006
0.92471147,0.30215
0.7663999,0.12273703
0.11049686,0.79518086
0.11019085,0.8052004
0.11719991,0.64142716
0.77422816,0.30455157
0.11087935,0.7913839
0.09745469,0.7822071
0.77777934,0.15919127
0.774269,0.27800313
0.114962704,0.69591945
0.7882912,0.13639976
0.7545834,0.20500016
0.7534929,0.1576997
0.7702842,0.09066615
0.77210283,0.10813708
0.7576977,0.18905284
0.75994146,0.13408633
0.7586996,0.1916947
0.7510383,0.29979333
0.7626071,0.13265724
0.11200791,0.74897784
0.75535816,0.14997597
0.8075466,0.39423564
0.11311817,0.6169054
0.109569915,0.7876366
0.10632023,0.72593164
0.771604,0.13557948
0.110207,0.848667
0.75909424,0.18381076
0.10174091,0.8670544
0.11040309,0.83915055
0.77861416,0.14041783
0.7877046,0.1925326
0.76962566,0.17034669
0.11005178,0.82929605
0.7782521,0.08546733
0.11164616,0.72619915
0.77601534,0.19035214
0.77200615,0.26628858
0.107473426,0.77517384
0.7800655,0.31467685
0.7817139,0.19735493
0.11457616,0.7306802
0.76859367,0.12312955
0.7604407,0.36683008
0.11191585,0.71101284
0.76348877,0.24499664
0.7901257,0.16932134
0.09842179,0.721779
0.10108147,0.75988334
0.7459704,0.25504982
0.09819063,0.710662
0.11145462,0.7333173
0.76434463,0.27267134
0.76737607,0.16957448
0.7645463,0.1881877
0.7338234,0.27131116
0.7792212,0.36945593
0.11807727,0.59753114
0.7689707,0.17544298
0.7968577,0.20552886
0.104840524,0.7655372
0.7525727,0.083769105
0.09425262,0.8470201
0.10508846,0.90522605
0.09990094,0.8187109
0.7689641,0.085907914
0.7746554,0.22956198
0.75496286,0.13197796
0.7619966,0.108660966
0.11184123,0.7299561
0.7717538,0.23807555
0.76026624,0.15049024
0.10961511,0.7274216
0.09401463,0.72672945
0.74340844,0.069310136
0.10911129,0.8646737
0.76420844,0.10500817
0.7615154,0.122174695
0.77965236,0.082154185
0.116209134,0.8301243
0.75874895,0.1298776
0.10103019,0.85180396
0.77875465,0.16724022
0.10157546,0.75247043
0.102923386,0.87314236
0.7622607,0.21919478
0.11374136,0.6234628
0.05527927,0.7172723
0.77246803,0.14277452
0.76827484,0.19564068
0.7617648,0.15292223
0.7710905,0.13324042
0.77817714,0.08996764
0.104148425,0.8292448
0.7607892,0.1122705
0.1115858,0.75337726
0.10296136,0.645261
0.7671125,0.158536
0.10480381,0.72410685
0.783291,0.085712455
0.110449776,0.86191165
0.11028509,0.8489955
0.76740474,0.15353423
0.10773843,0.7841808
0.103959166,0.8291294
0.7484634,0.17741357
0.8238665,0.23741709
0.1197403,0.67318404
0.096449286,0.87188953
0.10276599,0.812538
0.105622426,0.7112868
0.75507945,0.2775289
0.7856501,0.124020316
0.7583435,0.2342161
0.7698695,0.164028
0.10637798,0.8919991
0.7776475,0.19957705
0.11838523,0.7432103
0.75376046,0.32062706
0.09001355,0.7134416
0.046306387,0.7033612
0.10044914,0.75894934
0.776317,0.19821686
0.09925887,0.742821
0.11516788,0.7789788
0.10900939,0.79772824
0.76431185,0.15629466
0.10280086,0.8438255
0.754142,0.103870675
0.11465058,0.7163719
0.10131966,0.831688
0.7796353,0.21134289
0.11567207,0.8244433
0.7775885,0.16551796
0.095166564,0.9840783
0.103606835,0.64853567
0.09356423,0.6944295
0.76561373,0.3368147
0.1009,0.6492518
0.76120275,0.11957608
0.108054474,0.8561441
0.7462974,0.21971066
0.108044766,0.8339726
0.79231364,0.15510109
0.10337042,0.85500014
0.7655272,0.106688775
0.7636091,0.26133966
0.7679374,0.16010286
0.8154961,0.16092153
0.10572148,0.84379023
0.81261164,0.12854946
0.11342722,0.854534
0.09364238,0.7013682
0.75124514,0.15950687
0.7852702,0.09135986
0.10460127,0.88265723
0.7509786,0.24028966
0.7761951,0.16507097
0.1095321,0.9117082
0.77504116,0.14875998
0.78410083,0.0152231725
0.10184885,0.91960174
0.11562036,0.766162
0.10854635,0.75210357
0.75641274,0.1707392
0.78081435,0.18854016
0.12040426,0.8173251
0.099660635,0.8764042
0.7688919,0.18021405
0.108790025,0.8519818
0.7711131,0.11397994
0.11002741,0.829389
0.10782972,0.8200615
0.1036207,0.7507674
0.09596326,0.8340639
0.77474654,0.17100035
0.10509701,0.77897084
0.10863239,0.8185427
0.76100427,0.16573745
0.7761334,0.2015268
0.75418746,0.10185043
0.09914113,0.72503924
0.79760355,0.14973246
0.77469635,0.26387098
0.116749905,0.6776395
0.76158035,0.25865936
0.027090807,0.6355843
0.7425936,0.39383832
0.104706466,0.70439297
0.10535353,0.7944567
0.84948075,0.25431287
0.10122424,0.79220736
0.10751889,0.7946137
0.7887498,0.1915361
0.7251112,0.261886
0.11555277,0.6854129
0.110293835,0.8008764
0.10259307,0.7858326
0.10640594,0.8115015
0.107087575,0.839024
0.096627384,0.82776284
0.10203292,0.8738441
0.7412327,0.12440482
0.7602679,0.13985069
0.10407169,0.7477106
0.7624722,0.2995418
0.7580894,0.16044891
0.09955557,0.73119295
0.11514477,0.8303502
0.77087957,0.1725704
0.09180723,0.63048637
0.7964827,0.067229
0.7429058,0.21315485
0.7682038,0.15781344
0.104506806,0.7193774
0.7813412,0.1677657
0.11368331,0.8480775
0.76315784,0.19076549
0.106812134,0.71385175
0.112143345,0.67007273
0.109801635,0.74319905
0.76516455,0.18160626
0.10652375,0.8695969
0.74898696,0.13869557
0.7489365,0.36811498
0.10455409,0.93492264
0.7626787,0.16895927
0.7730123,0.2560976
0.76637447,0.25972638
0.11425341,0.9511471
0.7557777,0.22962767
0.112160616,0.7578631
0.7474063,0.26696146
0.10687421,0.8369861
0.78505415,0.19911243
0.78034574,0.17824025
0.10480374,0.830661
0.11263849,0.72771955
0.10565056,0.8266157
0.7766694,0.14099137
0.749935,0.21762793
0.11016454,0.9254334
0.753605,0.3262985
0.7485582,0.3051908
0.10568364,0.78366816
0.78612816,0.091481626
0.7591212,0.0818578
0.77780867,0.1106716
0.7543968,0.20667596
0.09303442,0.7472187
0.10666794,0.83436507
0.11777361,0.8522574
0.7418862,0.16927008
0.09491354,0.689793
0.7559757,0.13005383
0.77404916,0.15956615
0.80705386,0.20440899
0.1006177,0.87465477
0.7664454,0.27627608
0.11340164,0.85627383
0.115577765,0.74250054
0.7820272,0.1496956
0.769513,0.18188983
0.10595588,0.8194992
0.10521812,0.8786424
0.75177515,0.18951584
0.7450722,0.3588436
0.77670056,0.072241984
0.118032865,0.8422426
0.10011635,0.871151
0.7587767,0.15276843
0.7798101,0.21360505
0.78039277,0.19933513
0.10390948,0.9211846
0.11296761,0.83166075
0.10760048,0.8720657
0.108386345,0.8889759
0.110351816,0.69785
0.09289389,0.84492457
0.1031003,0.7717662
0.10592877,0.9009853
0.09401522,0.7644061
0.7685296,0.32807523
0.7823683,0.19243327
0.77821463,0.20096606
0.1152139,0.8315438
0.0721077,0.6749031
0.115751475,0.83625555
0.1126688,0.73964083
0.10444843,0.75635713
0.7591901,0.23967606
0.7451233,0.20196898
0.7514658,0.19407703
0.93708616,0.24559262
0.76907957,0.18426095
0.7544233,0.20355347
0.1156572,0.8975007
0.10895508,0.8340863
0.79014,0.123743154
0.7763234,0.08370983
0.10624287,0.85645324
0.7632088,0.2983867
0.10288162,0.8629418
0.7586721,0.36518472
0.7856165,0.23017879
0.110753514,0.80951005
0.7941097,0.13312827
0.09774908,0.789205
0.85792774,0.40383863
0.09952523,0.8831427
0.10147363,0.88996446
0.10800666,0.76821107
0.11618833,0.7718142
0.117449105,0.8010782
0.7589992,0.1889391
0.10514819,0.683532
0.10494628,0.8668365
0.10889169,0.73664325
0.105269626,0.70562977
0.7942131,0.21141818
0.09694446,0.7989362
0.11489703,0.79417634
0.09979211,0.78600407
0.76240104,0.1185924
0.76023626,0.37160915
0.770937,0.11098081
0.1023247,0.85797364
0.11294094,0.7419975
0.10159837,0.8681662
0.7524469,0.12262648
0.76641405,0.16662821
0.7591996,0.2588436
0.10103201,0.8409497
0.09678911,0.8468887
0.09829962,0.8208305
0.7481062,0.29408345
0.77622986,0.13219424
0.7629194,0.1682095
0.1043957,0.83996606
0.7557703,0.17040758
0.7457348,0.24143356
0.11717122,0.8363277
0.1110268,0.7037377
0.7826985,0.12155468
0.7602319,0.22752571
0.75664216,0.19014227
0.7618186,0.2012961
0.105849,0.88752764
0.76553845,0.15272678
0.7710336,0.16104649
0.75272274,0.20016341
0.112340696,0.47905412
0.11426357,0.73854655
0.78241795,0.07748726
0.12922235,0.8062258
0.7989939,0.3048095
0.09668084,0.697246
0.7459861,0.32394502
0.7540337,0.19000289
0.7548763,0.24210964
0.10655364,0.7835977
0.11762878,0.71025026
0.11202154,0.72384727
0.7628818,0.15155244
0.77212924,0.093904
0.10988147,0.68556345
0.108848825,0.7198517
0.113037415,0.7843699
0.7764544,0.200306
0.7505734,0.13858502
0.77350336,0.22927842
0.10814481,0.7293056
0.11428464,0.76017815
0.10325681,0.6811913
0.77914083,0.14989747
0.76372284,0.10586529
0.75669116,0.12491269
0.108415596,0.73405266
0.7670207,0.22167003
0.7621522,0.120649494
0.82286984,0.19958666
0.760458,0.14773624
0.76325196,0.194971
0.752736,0.21080938
0.75673777,0.08758371
0.11230721,0.770265
0.06480441,0.8401391
0.1015496,0.8433625
0.10516882,0.79259187
0.03661067,0.8046589
0.10957968,0.75385624
0.1095395,0.69561666
0.7556529,0.15423115
0.7873344,0.15177834
0.11266193,0.8006312
0.11025283,0.85275084
0.77536106,0.13281585
0.80138785,0.19914287
0.111827165,0.7251049
0.10183501,0.79533947
0.109149955,0.824863
0.09657994,0.79519206
0.11021482,0.821191
0.106960125,0.8545099
0.104164906,0.8052517
0.103774495,0.78481686
0.09461929,0.8291983
0.77388585,0.12371752
0.10873729,0.7806338
0.0945096,0.8356548
0.11317239,0.7127207
0.7641956,0.19445993
0.75513005,0.23433624
0.10927579,0.80319136
0.10741921,0.85728633
0.104331516,0.8226201
0.7529164,0.044514403
0.76553184,0.19813195
0.106831715,0.5694271
0.10478479,0.8802781
0.7681029,0.12567048
0.110211425,0.79998237
0.7598218,0.15225896
0.10043158,0.823027
0.107241474,0.81840813
0.09800583,0.72616714
0.10489936,0.61857957
0.7688483,0.1323112
0.10986107,0.70003045
0.76471657,0.14833061
0.7742881,0.236584
0.105331,0.7140376
0.10548345,0.8095293
0.11995043,0.77558875
0.09851309,0.78572047
0.1067635,0.76954085
0.7610198,0.33684996
0.10963743,0.75460607
0.11064244,0.8323961
0.11142722,0.871646
0.7742927,0.21276715
0.746485,0.26108655
0.104597345,0.84525776
0.11329912,0.69150406
0.12180278,0.7610369
0.09684847,0.81319493
0.10345498,0.82126147
0.7743,0.16515589
0.099416,0.78739464
0.78218895,0.2001602
0.7542341,0.24094011
0.10748831,0.78738666
0.7588958,0.19278093
0.11106065,0.8756865
0.0976838,0.87418693
0.761037,0.1916963
0.100801446,0.83411676
0.77931136,0.21758308
0.1133875,0.80574673
0.77942866,0.22159313
0.1144916,0.6339517
0.7476224,0.47772917
0.11786061,0.7483258
0.11055078,0.7106588
0.7535004,0.3985517
0.75642544,0.27604696
0.11208174,0.61207664
0.11514849,0.8489122
0.7793548,0.08202442
0.10997775,0.819025
0.76101017,0.08678266
0.7694594,0.0766766
0.77672327,0.16095357
0.12290565,0.8078855
0.75140095,0.26790348
0.09460688,0.513283
0.10448386,0.8482601
0.10428869,0.72642344
0.7784241,0.15642764
0.7539489,0.24811113
0.77459294,0.16016693
0.10258624,0.85687464
0.76361454,0.15293345
0.1094209,0.86262774
0.76606053,0.12444968
0.09808418,0.70574194
0.7662776,0.3211157
0.7622585,0.34385753
0.11830189,0.8282403
0.7416596,0.16432118
0.7787036,0.17498958
0.7633534,0.22189112
0.80091023,0.12672947
0.09655121,0.8149364
0.10119311,0.6493271
0.7750372,0.09722356
0.1011757,0.70565224
0.78394765,0.09610209
0.7699372,0.20791118
0.11283907,0.767261
0.77060485,0.18889102
0.7495388,0.2202009
0.1104894,0.73797303
0.7529737,0.22760741
0.094556786,0.8993303
0.11754406,0.7887997
0.116153136,0.63471913
0.032518003,0.6575331
0.11528922,0.7735012
0.7758047,0.08358326
0.10033787,0.71924126
0.109308936,0.781422
0.10496196,0.85036045
0.78218484,0.1263754
0.107447304,0.7133631
0.7587961,0.23439713
0.10845462,0.7592842
0.11196214,0.81062996
0.10709761,0.8024464
0.7511137,0.21131565
0.11310847,0.811149
0.7517378,0.1853632
0.761294,0.28738984
0.7594513,0.22832195
0.112474814,0.7785863
0.74321777,0.19514564
0.10732458,0.8087731
0.74871475,0.14392002
0.7729999,0.19708899
0.7619319,0.13712071
0.76037186,0.08821334
0.7608291,0.15521164
0.108134516,0.88520616
0.75065017,0.21979877
0.77166885,0.1728684
0.7314982,0.21565254
0.10558696,0.820007
0.7935784,0.18443078
0.7645178,0.20072255
0.10091027,0.88479286
0.11109043,0.7470938
0.11115726,0.7981704
0.7624937,0.08077958
0.11332325,0.85477424
0.76723766,0.13992919
0.09737501,0.8465731
0.75491357,0.26304433
0.7548347,0.1469496
0.75938624,0.15833414
0.74432176,0.16193245
0.11362289,0.8641882
0.11766649,0.7955958
0.1050273,0.79782593
0.0938075,0.8776186
0.73973405,0.10018264
0.9626875,0.34097695
0.7719363,0.18341343
0.104931355,0.8528373
0.766119,0.13479285
0.7605816,0.17207056
0.11299862,0.75207794
0.7792782,0.21190843
0.096154764,0.8492374
0.10068747,0.8308068
0.78905094,0.11031113
0.78695333,0.038373545
0.10802826,0.8840895
0.106791005,0.7620206
0.10242115,0.8195825
0.110402234,0.62422377
0.10105287,0.67801595
0.7681437,0.18380114
0.7591292,0.14513762
0.7857107,0.2397882
0.76196283,0.097060144
0.11399659,0.76895446
0.11671993,0.7219728
0.11636795,0.71392226
0.7641086,0.21302189
0.102769494,0.91382295
0.7709695,0.43369222
0.10555015,0.7098465
0.1139464,0.82435995
0.7878344,0.28381717
0.091359735,0.84134865
0.10840741,0.88701814
0.7682652,0.122862
0.7511651,0.25458202
0.106362924,0.6795892
0.76497775,0.2699029
0.76618123,0.15200904
0.76611125,0.26680124
0.77980846,0.14355314
0.11608882,0.6988193
0.75200176,0.2494697
0.7550945,0.2860681
0.1133881,0.687228
0.7793927,0.12970938
0.09752634,0.7248566
0.76433563,0.21042648
0.7964388,0.16042328
0.76920146,0.12004069
0.76725155,0.20476626
0.10372847,0.7635089
0.09997087,0.7218366
0.10871741,0.7719696
0.757496,0.13289756
0.11175053,0.7447163
0.78846663,0.14949694
0.11110542,0.8855042
0.77356344,0.25295267
0.7608863,0.12029863
0.76490265,0.20222853
0.10728132,0.7811737
0.74539787,0.3759108
0.11127306,0.8293489
0.7692173,0.10315614
0.78501993,0.18597199
0.1110865,0.9024272
0.10421648,0.8621055
0.7739529,0.116129965
0.75091124,0.21392226
0.79101855,0.13454293
0.78991836,0.105450355
0.7735761,0.10464449
0.114648305,0.6634128
0.12600377,0.6565943
0.08947202,0.5575411
0.78501767,0.12985356
0.76949996,0.25404853
0.7828052,0.10756833
0.11487058,0.8187574
0.10830706,0.8456567
0.77771854,0.20457721
0.75723463,0.120792076
0.107731424,0.8194367
0.10657807,0.92089623
0.10910789,0.82064307
0.7586467,0.11679323
0.11465682,0.6529463
0.118362315,0.7410442
0.11777981,0.7691996
0.11670645,0.8660851
0.11207526,0.806982
0.75032854,0.114425324
0.10008244,0.8570925
0.78024316,0.2048031
0.7788838,0.104737416
0.7569134,0.27909097
0.7805041,0.15425198
0.75189084,0.20737767
0.11351878,0.7522958
0.102851115,0.87404114
0.7731111,0.1329985
0.7652504,0.28912172
0.11744065,0.69614375
0.77427304,0.18189305
0.7682203,0.31168732
0.78342056,0.13194752
0.7500954,0.20498894
0.11239144,0.7836121
0.1040331,0.70543593
0.76492524,0.26762953
0.75844836,0.32265854
0.7692361,0.22442405
0.76880985,0.18866032
0.75550365,0.32266653
0.76172394,0.19292352
0.1161572,0.8621856
0.08539075,0.87067676
0.088710524,0.8479541
0.75416446,0.25722227
0.10015851,0.8178074
0.7644944,0.15694672
0.1039834,0.72901565
0.11349135,0.71493477
0.10443334,0.788577
0.77651066,0.18756448
0.11343086,0.7719905
0.7411174,0.06760069
0.10891123,0.8494008
0.7750442,0.122174695
0.10773476,0.842696
0.7560685,0.21500048
0.7532841,0.14759044
0.7781903,0.10833894
0.76142687,0.16701593
0.117811374,0.70508665
0.1097036,0.8124339
0.115542464,0.7299128
0.76652807,0.049669966
0.11542297,0.8185636
0.767261,0.24392323
0.75966024,0.21838732
0.77386665,0.3559454
0.77897155,0.14568233
0.10474315,0.6731135
0.77345103,0.24103624
0.7728374,0.1489282
0.76449305,0.15337242
0.7678954,0.2429844
0.7691444,0.23599763
0.76823705,0.17597969
0.11614891,0.7649172
0.114776745,0.7888237
0.7614639,0.11591528
0.10430846,0.75371045
0.098868325,0.7345269
0.12051731,0.8074754
0.10636682,0.8301019
0.116622396,0.8306258
0.74733484,0.07788939
0.7452884,0.16708481
0.769753,0.14951777
0.09344823,0.8886379
0.108343124,0.8246259
0.0931867,0.878519
0.75883454,0.17977506
0.09816101,0.7538963
0.11191093,0.69386554
0.77260655,0.27313757
0.7681594,0.21978436
0.77125084,0.3236999
0.7754836,0.12428306
0.11697566,0.75675124
0.11125024,0.8208514
0.76723516,0.23021725
0.10853248,0.8380339
0.120803155,0.7279871
0.11622324,0.7529847
0.10916755,0.6576901
0.78072953,0.069512
0.7718165,0.16538498
0.10351494,0.8252283
0.104367375,0.8498286
0.11286717,0.9141321
0.74768764,0.22054376
0.10177528,0.83028936
0.11214196,0.7408664
0.7587602,0.23754205
0.11250057,0.6894918
0.7506928,0.15599507
0.7605158,0.17508091
0.11156173,0.6677609
0.7716479,0.16939345
0.081320725,0.73417926
0.7798369,0.2453587
0.11436237,0.7242366
0.10816605,0.8151062
0.7612232,0.15470538
0.75813776,0.33328205
0.11280536,0.71473455
0.7921862,0.1399324
0.7538224,0.13270532
0.7594888,0.098405905
0.104609296,0.66650325
0.104408346,0.67777884
0.113326654,0.85288537
0.75407386,0.18753405
0.77586675,0.39485726
0.11724241,0.63393253
0.76019186,0.26595214
0.1161783,0.782481
0.7833517,0.26687655
0.11294245,0.69636965
0.09760188,0.70132977
0.7541853,0.21914992
0.09069818,0.8244769
0.76749736,0.11138935
0.10972364,0.7948701
0.7619194,0.23255311
0.10767408,0.8006985
0.11037866,0.69072384
0.74711984,0.19200711
0.7825646,0.1803294
0.10898295,0.75301677
0.11561409,0.8507642
0.1104581,0.8733811
0.105439804,0.82274187
0.107142314,0.7617482
0.115139544,0.8022734
0.10931224,0.90573555
0.09803254,0.72479093
0.76426536,0.116315804
0.76326984,0.2319315
0.099727854,0.65355504
0.08076166,0.87892276
0.10921038,0.6971274
0.7519409,0.13406229
0.78315955,0.11527444
0.7688156,0.13510205
0.119113214,0.8276202
0.09211612,0.8041094
0.761859,0.13207889
0.8065963,0.13500592
0.119662076,0.7596799
0.75754553,0.22162838
0.7804131,0.2318626
0.76963323,0.109204076
0.107007705,0.8672643
0.11320184,0.6382117
0.7684879,0.26018456
0.0987527,0.70577717
0.772461,0.14106669
0.12613836,0.83943415
0.76019436,0.37155148
0.75220555,0.2820869
0.7579387,0.21141498
0.762314,0.1386491
0.1257772,0.6925454
0.77330524,0.33457175
0.7611984,0.16855074
0.7477163,0.108499154
0.7593129,0.27424783
0.10725527,0.79042584
0.7846128,0.17207216
0.7705676,0.14424846
0.10941139,0.82662696
0.093698315,0.88127786
0.7857057,0.22318561
0.75862986,0.28317794
0.10627371,0.8887228
0.104302324,0.8491861
0.11195415,0.7330914
0.09862188,0.85010093
0.77541757,0.2165353
0.10540989,0.8496155
0.10551168,0.6613141
0.75958395,0.14325514
0.7653856,0.20230703
0.110524796,0.8450255
0.107794985,0.687792
0.77497476,0.1634144
0.10483973,0.8521276
0.76590425,0.171348
0.113282934,0.72609985
0.10806452,0.7986879
0.12276417,0.76698387
0.10863299,0.8106123
0.10881941,0.7871543
0.09504832,0.7429347
0.099189825,0.8625445
0.75607395,0.11833446
0.76050776,0.1665401
0.11890679,0.7375533
0.100765385,0.8046637
0.11364607,0.8531497
0.11711859,0.6253853
0.7755972,0.057387292
0.097359896,0.8820116
0.102697246,0.8649108
0.7623701,0.09659393
0.78099716,0.09111795
0.7472404,0.13509405
0.80146366,0.1537249
0.7870891,0.12335544
0.1109333,0.79638565
0.7719944,0.17961004
0.09913452,0.8090551
0.74162203,0.283375
0.11830368,0.7837419
0.11143937,0.76413053
0.11475703,0.80310166
0.106655166,0.7275241
0.113199204,0.8785655
0.11539864,0.7394774
0.7792865,0.2519145
0.77015424,0.1852911
0.10138669,0.63712233
0.762797,0.24347143
0.7663557,0.14326477
0.7593856,0.1506184
0.75669444,0.16324778
0.7542656,0.10856003
0.76352286,0.13906565
0.77299803,0.050509468
0.76443297,0.088234164
0.10505283,0.6443045
0.107890874,0.75940114
0.11297593,0.8949774
0.7470863,0.30089077
0.7756194,0.13415201
0.108119026,0.7702329
0.106371835,0.7584383
0.11369213,0.80979043
0.751504,0.23250985
0.11024622,0.83067065
0.7698847,0.17893876
0.7750673,0.18207408
0.8777974,0.37680477
0.760005,0.24274087
0.77326214,0.08003781
0.75283355,0.1951264
0.121413395,0.8079881
0.10497844,0.782779
0.113837674,0.82932806
0.11066007,0.7173508
0.76852643,0.12933289
0.7599028,0.16887437
0.7729456,0.42181742
0.75966936,0.3012945
0.75787264,0.0885706
0.105628565,0.65731037
0.75383586,0.22334422
0.11004168,0.77785414
0.76820445,0.110913515
0.10470683,0.8451184
0.7721134,0.17649236
0.11110482,0.69151044
0.117492095,0.65103817
0.75960165,0.21515909
0.11195646,0.9176776
0.109277666,0.7621135
0.7733625,0.11836489
0.77087086,0.14134705
0.7618113,0.11110737
0.7819051,0.1391073
0.11721018,0.7411468
0.7722698,0.11811496
0.11116796,0.7899724
0.1135974,0.69727004
0.7797992,0.11070364
0.10572148,0.86096156
0.109895736,0.7649732
0.76200414,0.14660354
0.77741796,0.21282162
0.7547202,0.24095933
0.11082658,0.9311096
0.12251442,0.59658754
0.75467336,0.14014547
0.7812033,0.22427344
0.11693171,0.82832193
0.109129384,0.8400349
0.7743648,0.1189785
0.11719129,0.7727867
0.745071,0.28091577
0.11553689,0.8686677
0.77125466,0.13183217
0.11271423,0.71278316
0.122918494,0.7906021
0.115284495,0.84919417
0.10436635,0.63578457
0.72260666,0.1345365
0.779771,0.12953635
0.10512514,0.82131433
0.11171695,0.7366593
0.7584991,0.17197444
0.11171187,0.8822359
0.7515172,0.121557884
0.77326214,0.1635714
0.7541119,0.2199702
0.09599687,0.91528887
0.7821114,0.18457176
0.75810564,0.22657888
0.78304636,0.121977635
0.11200401,0.7400846
0.11768201,0.67184466
0.111564174,0.81331027
0.109970786,0.88284147
0.10514135,0.86124676
0.09572097,0.7908488
0.10227587,0.8519898
0.7674697,0.18055049
0.75483304,0.2858358
0.92775285,0.30025473
0.76471376,0.15705405
0.09864787,0.92196
0.74830043,0.16723381
0.109732985,0.8114422
0.7781844,0.17458586
0.7578334,0.24769138
0.107853696,0.8486318
0.7623246,0.1563251
0.10265383,0.65347975
0.099318266,0.7908424
0.77143365,0.19614054
0.75374115,0.112626165
0.76762956,0.16789868
0.7643841,0.14646736
0.11288156,0.7293409
0.108237594,0.85050786
0.77545446,0.32985356
0.10572181,0.77709633
0.76180816,0.23958153
0.1098226,0.69896984
0.10510724,0.79990387
0.7730769,0.19124612
0.1018191,0.72024894
0.09551144,0.8432952
0.7768482,0.2136371
0.7551756,0.15021628
0.7909397,0.27344996
0.76981986,0.13337658
0.11162404,0.7364927
0.7725791,0.103925146
0.79360574,0.032678075
0.7430421,0.15810183
0.7581829,0.2379618
0.10924452,0.8060992
0.76104015,0.12441283
0.11118711,0.84507835
0.759091,0.2633503
0.8806021,0.23051204
0.7565909,0.19873114
0.7597572,0.080399886
0.1087362,0.77325773
0.7704432,0.08840559
0.7554622,0.1734804
0.7675438,0.19397289
0.7710127,0.09686629
0.74499786,0.13726008
0.114545025,0.7147505
0.08534951,0.91438687
0.10118128,0.81230897
0.76501673,0.1828511
0.7872616,0.11261495
0.11033772,0.7513698
0.11659621,0.8178666
0.77085716,0.18227275
0.098423705,0.7965523
0.11489257,0.757187
0.7664365,0.184152
0.115862645,0.9088564
0.10560146,0.8050322
0.105185196,0.8839726
0.75949067,0.06849947
0.75885344,0.18842001
0.77933854,0.12280592
0.75955987,0.22008716
0.07289723,0.67071676
0.74669945,0.27374315
0.105070986,0.8254942
0.7521859,0.112618156
0.105697274,0.8034285
0.747776,0.11715691
0.7620328,0.20951328
0.10960814,0.5991044
0.118449286,0.7542119
0.114538185,0.8947547
0.7709431,0.17022012
0.7486635,0.32298535
0.7566739,0.4096655
0.1003904,0.7922394
0.10836686,0.82788455
0.7709213,0.23515172
0.10411897,0.8746003
0.111452736,0.68671536
0.109440975,0.74194944
0.10882961,0.9004582
0.110676646,0.7810071
0.10256237,0.8773046
0.773259,0.14190458
0.10627116,0.7682191
0.75804186,0.23727931
0.10847018,0.809587
0.7427419,0.34941363
0.10827015,0.71861804
0.11013092,0.7910122
0.10706083,0.77495915
0.10674085,0.84548527
0.11664095,0.7268032
0.7718667,0.102952674
0.105722405,0.8003268
0.77840745,0.19133583
0.10909461,0.83840877
0.0990391,0.80676407
0.104843326,0.8562931
0.77315825,0.39776668
0.094175786,0.8491861
0.7786683,0.19239321
0.11062039,0.71439326
0.78222024,0.24048671
0.75912696,0.15702201
0.77629775,0.105573714
0.10306425,0.7888542
0.7489727,0.12695056
0.11101373,0.6170816
0.11236975,0.778652
0.10156449,0.78012115
0.7585651,0.1935948
0.09789294,0.84621423
0.7607275,0.17495915
0.7552172,0.11377007
0.10539889,0.8688968
0.1009036,0.5598401
0.044638343,0.5541238
0.11561072,0.71825916
0.76618916,0.2578343
0.09529874,0.75096124
0.10975976,0.82769877
0.10079042,0.86979395
0.10584738,0.85201067
0.123221435,0.76015896
0.780902,0.15114069
0.7621224,0.07636419
0.11777057,0.7491765
0.10249339,0.783548
0.75844204,0.14038418
0.76220345,0.26186037
0.108052924,0.62040436
0.7511022,0.22110128
0.7770624,0.16587202
0.09737132,0.85339326
0.7512681,0.20465732
0.092020854,0.7990195
0.11429343,0.70352465
0.7973727,0.1344548
0.75111926,0.29462495
0.10297235,0.6809526
0.74452263,0.12577462
0.10240173,0.8070829
0.7829761,0.12856868
0.76056576,0.20272197
0.77260685,0.13168156
0.10655601,0.6349787
0.11270175,0.7928995
0.1090297,0.8007514
0.76568186,0.20111185
0.7491124,0.16085744
0.111743234,0.8068922
0.76385766,0.2775962
0.1018819,0.8396761
0.09926666,0.85058796
0.76044476,0.1644782
0.75572014,0.19056682
0.7591518,0.20951007
0.74890906,0.14759044
0.09840069,0.8845397
0.0973379,0.8267439
0.09969586,0.76620203
0.77318555,0.20200263
0.7719157,0.22930245
0.10239447,0.8367234
0.1074725,0.7750905
0.09379535,0.60736483
0.7765122,0.22585152
0.75336677,0.21849787
0.75866497,0.06372521
0.10284956,0.740232
0.7797612,0.21896248
0.7671962,0.22114936
0.108028956,0.7133311
0.1153574,0.8470105
0.10488599,0.7983178
0.11682764,0.7651511
0.10875192,0.8083694
0.76669735,0.18095261
0.10609851,0.8693374
0.7573044,0.2646512
0.7889236,0.14051555
0.7609871,0.21386139
0.102908105,0.7644077
0.77778643,0.22761062
0.7627035,0.26165688
0.115637526,0.75331473
0.7677661,0.22961967
0.77200204,0.21526162
0.7555598,0.1497677
0.74299854,0.5087443
0.09333221,0.8945048
0.1048986,0.8102951
0.7692181,0.23261559
0.099127226,0.83443075
0.10895356,0.9063587
0.10168511,0.8053462
0.10776606,0.8377135
0.10252955,0.8226441
0.7590221,0.16594572
0.7596633,0.15110706
0.75794226,0.18827261
0.11412678,0.80199784
0.7504959,0.27977026
0.10639937,0.7709459
0.75606924,0.1456567
0.09981618,0.89837545
0.77299434,0.21134128
0.10859584,0.739354
0.7732458,0.34434137
0.10561255,0.791166
0.112815596,0.7285254
0.10306695,0.8675382
0.107023284,0.81938064
0.765341,0.10638277
0.75890124,0.18683714
0.8630986,0.34806946
0.1047628,0.85584766
0.11979491,0.7663062
0.75120205,0.18779999
0.108072504,0.74159217
0.766387,0.2336121
0.11765091,0.7968086
0.11450563,0.85644203
0.10837782,0.75194174
0.7511656,0.28077957
0.099588655,0.7792095
0.75473213,0.24945849
0.107341744,0.8472828
0.10915999,0.85492647
0.11218825,0.863142
0.7646061,0.2862924
0.89097947,0.26327503
0.11489442,0.802291
0.7671834,0.14437503
0.7964978,0.28148612
0.095302105,0.8266061
0.08724237,0.7140953
0.108513035,0.74248135
0.1117502,0.77091384
0.109575525,0.81931496
0.1101406,0.69490373
0.11276174,0.82557756
0.11103664,0.8302365
0.09556123,0.86063
0.75232136,0.15791918
0.79271674,0.18542728
0.7700809,0.18685636
0.10927988,0.778966
0.12008236,0.79368454
0.76447445,0.083491944
0.111992784,0.8659954
0.7782329,0.101179145
0.7614814,0.24088083
0.096538074,0.85410297
0.10127601,0.77963245
0.11027864,0.8220481
0.106169604,0.8032314
0.08454594,0.84217215
0.75298375,0.40649173
0.105545886,0.6460412
0.10106777,0.80173665
0.10694497,0.8276667
0.8149673,0.1897882
0.76150477,0.15645808
0.108781666,0.7030664
0.10058343,0.8012112
0.111698985,0.78125703
0.7598301,0.06038162
0.108231716,0.6693342
0.7563075,0.12910698
0.11368011,0.72711235
0.7675569,0.21282482
0.10161838,0.8342081
0.7735242,0.1745474
0.7738788,0.355343
0.10866699,0.8577237
0.7568123,0.2570813
0.76916015,0.15331475
0.10982065,0.67077124
0.11265909,0.81758785
0.09028216,0.85107183
0.102809474,0.6475167
0.10378738,0.85493606
0.7597094,0.06563812
0.7771006,0.2460284
0.7657755,0.05757634
0.1016894,0.831257
0.75993985,0.32341954
0.77443606,0.2319363
0.81819093,0.13795058
0.10635328,0.74851805
0.79246855,0.11206863
0.102996886,0.72632414
0.04696563,0.66260695
0.11468558,0.8956567
0.09628208,0.78774875
0.7780893,0.21311961
0.75408286,0.24538435
0.10874548,0.700644
0.7348087,0.13160788
0.7812865,0.1919895
0.7659118,0.16980037
0.11319914,0.7697395
0.75536317,0.23204044
0.79076934,0.19397289
0.11161327,0.71307474
0.10181652,0.57755613
0.10567717,0.68214136
0.09611745,0.811117
0.7678687,0.10132814
0.10584107,0.7691836
0.106319204,0.71050817
0.79050106,0.15787113
0.10026038,0.6337515
0.09341082,0.8775882
0.12826097,0.7667724
0.75674546,0.239024
0.77326745,0.17803198
0.104456455,0.6849306
0.75611675,0.09832901
0.76114994,0.3595197
0.09868227,0.87104684
0.7580894,0.13583902
0.7519846,0.2434442
0.77406937,0.13885418
0.7595327,0.13092217
0.74592483,0.11746451
0.7430986,0.16701111
0.111963995,0.8325002
0.76590574,0.15582845
0.7456927,0.19645455
0.7572444,0.26537699
0.10396138,0.6807203
0.76809657,0.14964433
0.93804497,0.5807091
0.76289845,0.1779743
0.75406843,0.17169246
0.7771579,0.20716299
0.10799511,0.8259973
0.79015505,0.21233779
0.76833797,0.10181358
0.09341528,0.8051139
0.10400563,0.8166234
0.093748204,0.8210084
0.7555659,0.20799129
0.78376865,0.15391073
0.11093263,0.77053255
0.11299845,0.8262248
0.75135607,0.20741934
0.7783537,0.15340927
0.7567645,0.20772374
0.7817742,0.20112948
0.7495521,0.17007755
0.7788907,0.17520747
0.76056576,0.11580153
0.773882,0.098272935
0.11981914,0.7829216
0.114532344,0.65970874
0.7628284,0.15439777
0.77141076,0.1042664
0.76171374,0.09714505
0.7588692,0.18982986
0.756702,0.18725207
0.110224135,0.751059
0.78025514,0.14030087
0.77417374,0.18738185
0.77079517,0.12990002
0.749896,0.23510206
0.76921785,0.17136723
0.7755884,0.13705021
0.7665991,0.15707007
0.09733104,0.765228
0.7788293,0.09164824
0.105497785,0.7777468
0.772032,0.15634753
0.11106022,0.6251963
0.11912306,0.741315
0.7483583,0.20765965
0.1106399,0.77907974
0.11531864,0.5709587
0.09897725,0.8732433
0.10555781,0.8656798
0.76330113,0.20933224
0.782136,0.14169951
0.7670542,0.10946362
0.7647267,0.42127752
0.76109827,0.19050916
0.7605478,0.16842097
0.113347985,0.61331666
0.10411752,0.77879936
0.7478456,0.08813163
0.11497558,0.82087857
0.7655642,0.28200197
0.7986633,0.21887916
0.109240785,0.746461
0.7471168,0.10346695
0.10832605,0.75816274
0.7769037,0.218743
0.7671599,0.26817423
0.096845634,0.8607789
0.08895756,0.63722485
0.76013124,0.11393188
0.107179165,0.7221138
0.10902818,0.9163158
0.7585332,0.21403761
0.105783716,0.69810313
0.11657425,0.8413999
0.11478216,0.7044731
0.7828463,0.12684962
0.74884075,0.17525393
0.75834155,0.09764171
0.76206625,0.1817793
0.7751352,0.16969463
0.0975167,0.80505145
0.7876305,0.3732305
0.77441186,0.1420744
0.7632741,0.171646
0.1050489,0.7383511
0.11352853,0.8573264
0.769888,0.14074786
0.10726303,0.89975005
0.7703817,0.119249254
0.10963981,0.6880355
0.76386786,0.12887628
0.75952965,0.1580089
0.7696315,0.22560479
0.12092248,0.69422925
0.76302826,0.12419174
0.121648945,0.70054793
0.7546938,0.303366
0.77106833,0.15619051
0.7451382,0.09478356
0.7651762,0.17926079
0.11170612,0.88168156
0.9331034,0.27727258
0.111532114,0.7082604
0.10250135,0.7545179
0.7499907,0.2291246
0.771279,0.13304655
0.096103095,0.8226457
0.75914997,0.23627639
0.7498887,0.21861802
0.10179763,0.69425005
0.768005,0.28546733
0.09841974,0.8070284
0.76317555,0.17064148
0.110018164,0.7118011
0.7440601,0.24003172
0.74847054,0.14167067
0.10646327,0.87395465
0.1221318,0.71038324
0.105618164,0.7987856
0.7636515,0.12323689
0.75962883,0.27612707
0.06888249,0.68121696
0.7551389,0.0868147
0.10918657,0.83837515
0.77799857,0.26307636
0.117924035,0.75452757
0.10042543,0.8551187
0.75639665,0.33928514
0.11684688,0.914616
0.10487044,0.8497773
0.7724335,0.17769554
0.75925136,0.14447595
0.7625677,0.19539395
0.10488001,0.80111027
0.78015834,0.11879746
0.7529996,0.10862892
0.77797824,0.2468823
0.10494466,0.85643244
0.7545615,0.25352624
0.7721781,0.17318241
0.10390964,0.8307956
0.77232975,0.24022558
0.7784995,0.16047454
0.77635187,0.16907944
0.7601445,0.14925502
0.10342269,0.878849
0.76543385,0.19600116
0.11770915,0.83047676
0.77596796,0.13310583
0.76000303,0.26428914
0.76407784,0.17053093
0.10912113,0.88554907
0.76514286,0.19421642
0.7584739,0.2698052
0.11360767,0.7314749
0.11539174,0.70042133
0.10180882,0.8567176
0.78287333,0.17243744
0.10981656,0.83617705
0.113129206,0.7063203
0.1113871,0.7997084
0.9071594,0.12297414
0.76513577,0.16050659
0.10900266,0.8244224
0.1061212,0.7254766
0.103257135,0.5849435
0.7787141,0.20190169
0.7634125,0.18282546
0.7538958,0.23757249
0.8083564,0.11346567
0.1138451,0.8651687
0.095204175,0.93100387
0.7727975,0.13380916
0.7719235,0.23564836
0.76190907,0.1977106
0.7612816,0.25210518
0.78250265,0.21412092
0.768593,0.25856322
0.1162868,0.7439392
0.112368725,0.91153836
0.7364167,0.1887212
0.7649508,0.20074658
0.108920574,0.8782947
0.7836889,0.1332356
0.09916549,0.82261205
0.7504213,0.20649172
0.77003723,0.15016982
0.77057093,0.18717037
0.77956915,0.1963376
0.10012989,0.766311
0.10558561,0.8221106
0.7637384,0.11861803
0.76857466,0.19630395
0.7688795,0.083491944
0.10747973,0.7241004
0.105644085,0.8743039
0.10223869,0.8521997
0.76158077,0.10955494
0.11025768,0.78228235
0.11013178,0.6502868
0.10914834,0.77131754
0.76350147,0.12656926
0.7476773,0.26541382
0.10118059,0.72258323
0.119250305,0.83649427
0.100698955,0.84339136
0.107150145,0.8373466
0.7631878,0.16009004
0.755005,0.08767983
0.9515253,0.281241
0.77861613,0.23225993
0.7580149,0.11868051
0.109666,0.661407
0.10072431,0.8074418
0.7651536,0.19776025
0.7761593,0.21839213
0.8086419,0.12856868
0.11577528,0.8410394
0.0993673,0.8440466
0.7652656,0.27611586
0.7543842,0.18222629
0.7518803,0.21227531
0.77002853,0.112169564
0.11159808,0.7878833
0.7634228,0.14169791
0.11608578,0.8358871
0.107417755,0.8937967
0.11563158,0.69606364
0.75839925,0.21914671
0.7579659,0.25078824
0.76434463,0.27267134
0.11321287,0.63111603
0.7881415,0.12956999
0.784458,0.21145503
0.0982846,0.73682594
0.78716165,0.15507866
0.7482022,0.4530424
0.7558518,0.32055017
0.77112377,0.2842145
0.76934093,0.1355923
0.8753247,0.23173283
0.75855744,0.23024288
0.7501481,0.12588036
0.115572944,0.64472586
0.10982309,0.7767775
0.10642807,0.7443991
0.110464536,0.8775033
0.7741011,0.14591944
0.09537342,0.87017846
0.10743248,0.8795892
0.10562824,0.8285927
0.7471959,0.2156253
0.10766889,0.7507754
0.11371937,0.8221474
0.112154245,0.77588034
0.7548502,0.16083021
0.11142206,0.83340544
0.11406091,0.66338074
0.76912946,0.14530264
0.77042735,0.3372873
0.09695186,0.79858375
0.7665299,0.08171521
0.76457775,0.16759428
0.09611848,0.82440645
0.7685271,0.1265292
0.103956856,0.85773015
0.11073486,0.72587395
0.7687677,0.19797334
0.7635069,0.09819603
0.7473219,0.13344388
0.7732529,0.26615238
0.8053775,0.18541287
0.78285146,0.3268208
0.11969526,0.58309144
0.108534954,0.80193055
0.093827315,0.85858566
0.10033001,0.7816976
0.11959687,0.683085
0.7611186,0.17938255
0.09607083,0.8963232
0.11412797,0.85522765
0.11466395,0.44304046
0.10486327,0.8611378
0.11428338,0.79904515
0.7613759,0.2073184
0.7775,0.22154827
0.7813264,0.36267424
0.1020904,0.86070526
0.119425274,0.73192346
0.11622439,0.7703435
0.025421211,0.8554808
0.7567571,0.24734052
0.10332129,0.84128296
0.10136761,0.76119065
0.10158348,0.8887933
0.76282567,0.197254
0.7718552,0.28633568
0.77682626,0.100003205
0.10081772,0.7834359
0.7657071,0.10477747
0.7591403,0.17261367
0.11391807,0.92769074
0.797652,0.19335769
0.105317205,0.6498911
0.7564686,0.2374219
0.76210016,0.1620398
0.11684335,0.70789355
0.7537698,0.25521484
0.76060224,0.17075524
0.7661943,0.14333846
0.09803835,0.9023487
0.7819371,0.13633247
0.74911267,0.14673972
0.7613025,0.14181806
0.100082606,0.8517863
0.11347292,0.8113749
0.09958033,0.70940274
0.76457036,0.2394886
0.099441625,0.668876
0.7817131,0.2113493
0.10511936,0.86703837
0.7753064,0.1272838
0.9328178,0.13694927
0.099802844,0.8756737
0.10875661,0.8258499
0.7556428,0.21388702
0.7676776,0.11718575
0.79137486,0.21630299
0.77619565,0.21275434
0.10660832,0.6858887
0.10476313,0.852126
0.7594373,0.27524433
0.7665522,0.11123073
0.7645934,0.26769042
0.10294819,0.8356083
0.7619445,0.17787978
0.11597781,0.7978692
0.11266186,0.6017767
0.77676094,0.18851133
0.102695726,0.69259346
0.11412384,0.65485114
0.11193976,0.83686113
0.76332927,0.19343299
0.11051529,0.57375115
0.095738865,0.7214537
0.769667,0.13728572
0.78041416,0.18883015
0.76333535,0.26002115
0.1120369,0.83928996
0.10650084,0.6334743
0.105131805,0.8621632
0.09702677,0.8049008
0.0966254,0.86316925
0.7706804,0.13099746
0.77784824,0.19631036
0.78741986,0.14863501
0.11146301,0.7180765
0.08945522,0.79938316
0.7659012,0.10956455
0.7956416,0.17097472
0.11886254,0.7121696
0.7613092,0.1591464
0.1123717,0.75660545
0.10452457,0.822109
0.76224494,0.32672465
0.09591089,0.8709491
0.101689234,0.91787624
0.7719351,0.22626166
0.7519594,0.34072542
0.09921839,0.81856996
0.116066,0.6877247
0.089112714,0.8685299
0.11039877,0.7811577
0.11333966,0.83564514
0.7571691,0.090150274
0.11627557,0.8105194
0.10626945,0.8278029
0.10473206,0.6288699
0.7635086,0.19236599
0.7617359,0.3004486
0.746569,0.24035695
0.10939244,0.8496331
0.7729733,0.28416643
0.7404615,0.16514307
0.10118934,0.8431606
0.11139,0.8467493
0.76986474,0.12333141
0.76389784,0.16222563
0.783577,0.11716812
0.10834177,0.909297
0.106420934,0.79424524
0.7796912,0.13529912
0.7693803,0.2048752
0.76494145,0.13476722
0.7654642,0.06217277
0.7736725,0.17879298
0.75728136,0.14624788
0.73736864,0.18432184
0.76601505,0.12208818
0.7728472,0.16345926
0.7632591,0.17186709
0.09993267,0.859132
0.7478052,0.18198916
0.79156744,0.21266301
0.051223483,0.7845974
0.7564464,0.07658688
0.10777204,0.78228235
0.75846463,0.27656767
0.7570266,0.16273671
0.75201327,0.13664968
0.81299174,0.092960365
0.10825374,0.78195715
0.1070954,0.7746724
0.09964624,0.8986975
0.115768276,0.75087476
0.7748315,0.19432695
0.09448979,0.8005063
0.10162574,0.8210372
0.77742046,0.23580056
0.7953299,0.35185042
0.10177769,0.869081
0.10089812,0.90918326
0.7635872,0.06345605
0.77099895,0.1912349
0.7551084,0.11520395
0.100783646,0.8793569
0.7755193,0.2087699
0.7727681,0.11716652
0.105093576,0.8028469
0.100506626,0.76054025
0.7764793,0.22147618
0.1078041,0.8425967
0.76127577,0.13953187
0.7867101,0.16069724
0.10114404,0.79722995
0.104484886,0.86799324
0.10080666,0.7316816
0.106137045,0.68303216
0.754432,0.19370213
0.7626409,0.16603383
0.104128554,0.79422283
0.7604921,0.26756704
0.74315554,0.35732162
0.7696641,0.12875292
0.11026369,0.83580375
0.10202054,0.7755856
0.75566757,0.09319267
0.76437855,0.22071518
0.73436123,0.22097471
0.77628917,0.2550242
0.10621365,0.755202
0.7594408,0.23544331
0.7666683,0.12860394
0.7685226,0.20430164
0.76677,0.19784357
0.09631966,0.65560573
0.10065032,0.8421577
0.10905621,0.80378735
0.8006585,0.12605499
0.10235445,0.86695504
0.7787934,0.13844083
0.11884934,0.83820534
0.76620185,0.117022336
0.11644733,0.8127415
0.11408254,0.71545064
0.106759936,0.8016005
0.76892966,0.12739113
0.76587665,0.23617867
0.79895544,0.22191516
0.7554123,0.15156846
0.10921454,0.8013393
0.7824267,0.01703515
0.7587132,0.08423051
0.116021596,0.8316784
0.7628501,0.18566759
0.10896815,0.9105354
0.121556595,0.7592025
0.110803306,0.8483995
0.75002396,0.1178362
0.75675124,0.101848826
0.110626064,0.7194928
0.75534624,0.10732801
0.08906926,0.8977218
0.09524607,0.8260598
0.11509626,0.67094105
0.11248839,0.82473326
0.11226486,0.69401777
0.7479259,0.5285735
0.10405879,0.86412734
0.11917123,0.6561136
0.11102086,0.6230943
0.09909335,0.827146
0.107332736,0.7936637
0.7758124,0.16262937
0.09589075,0.7540341
0.11436302,0.7634609
0.7652011,0.21861002
0.7959409,0.07862155
0.10155782,0.85483515
0.10912608,0.70958215
0.75570154,0.1727098
0.81347805,0.33957353
0.7643655,0.19901471
0.10363367,0.74928063
0.7803859,0.16537216
0.11509306,0.66680765
0.7623919,0.17275146
0.086751156,0.7477667
0.11281071,0.8379073
0.09213285,0.8200151
0.11047081,0.7830209
0.7810654,0.17112692
0.108398065,0.83028775
0.762524,0.116594575
0.121215716,0.782896
0.7804233,0.11407447
0.90393394,0.3429171
0.7567535,0.2070877
0.7778114,0.15545355
0.79133445,0.18587586
0.11230451,0.8269874
0.7613875,0.2509356
0.78274035,0.13522542
0.77237624,0.05265308
0.75589806,0.12924477
0.116575636,0.70231664
0.104728326,0.7391105
0.112892166,0.6818642
0.114603065,0.64156175
0.7689278,0.0762184
0.10093176,0.8331283
0.11255977,0.68814284
0.10661581,0.7215082
0.10854007,0.6946297
0.12107734,0.75206834
0.77268714,0.15054952
0.1050663,0.837047
0.7594875,0.15262905
0.87556064,0.31777853
0.7548384,0.12846294
0.11262647,0.82610625
0.7602806,0.26390463
0.10467447,0.89393604
0.10683086,0.9183697
0.11255429,0.7224823
0.78146046,0.31061554
0.7716501,0.26580793
0.09045576,0.75604635
0.74073297,0.24948893
0.7630477,0.10675606
0.7681018,0.19211926
0.11215688,0.8445897
0.104731895,0.7692044
0.10755607,0.8093627
0.74873626,0.23663366
0.10576001,0.7921913
0.09740008,0.8020379
0.09895942,0.7685668
0.11003177,0.82962286
0.7649961,0.25020185
0.11614462,0.6678346
0.7520324,0.15239514
0.10911535,0.7759028
0.11580737,0.78550416
0.10507703,0.8852575
0.8802772,0.19068217
0.8583555,0.17954277
0.10212838,0.72047806
0.7661881,0.29083276
0.77753514,0.318131
0.10471347,0.84736454
0.7915906,0.24524976
0.7798806,0.1820901
0.107381664,0.83122975
0.116683476,0.77770835
0.7785431,0.07398507
0.111182354,0.7431462
0.09873632,0.75322986
0.09927944,0.807014
0.10947112,0.93729854
0.1203754,0.80620813
0.09946513,0.7676632
0.109788194,0.6737159
0.11268778,0.74651384
0.096868746,0.74178123
0.7554737,0.27916947
0.74268234,0.1476337
0.103968576,0.7613124
0.09220692,0.831579
0.7741484,0.15313852
0.095381185,0.83949023
0.7648766,0.1500689
0.12262859,0.7125957
0.10537314,0.8450735
0.7558653,0.07346599
0.10059287,0.8502547
0.10816301,0.82762825
0.11070405,0.90055275
0.11326923,0.7098497
0.7636831,0.15681694
0.75965303,0.22982633
0.7704472,0.106544584
0.10562097,0.8058765
0.10076951,0.7130908
0.110519186,0.83805954
0.7522074,0.15651895
0.10705284,0.6647602
0.1097494,0.83456695
0.7661684,0.17901407
0.76695055,0.18402705
0.7750899,0.20762761
0.7697267,0.25215483
0.7718506,0.29875836
0.7614171,0.1284245
0.7639126,0.16045052
0.77346253,0.17018168
0.7831618,0.17535006
0.78314096,0.10659745
0.7606095,0.1773639
0.110844046,0.63075554
0.7635864,0.18402705
0.7720331,0.32236212
0.11782604,0.7022654
0.106061734,0.862357
0.09409549,0.8333109
0.10964483,0.6726361
0.10249118,0.8323737
0.739249,0.241464
0.77720666,0.13894549
0.10518929,0.74561185
0.101141036,0.81277674
0.7727764,0.10179756
0.78595805,0.1252363
0.11518432,0.65848315
0.7757167,0.16279759
0.783096,0.12428947
0.7619649,0.20677368
0.7544788,0.3056298
0.75640386,0.15873305
0.10341929,0.8192781
0.104977086,0.77455384
0.78330153,0.13840398
0.80380994,0.19653305
0.10865009,0.83951104
0.118504755,0.72002786
0.10961528,0.817809
0.8853542,0.16198052
0.76192534,0.18007787
0.099852964,0.8655436
0.103183344,0.83142525
0.117859185,0.8757954
0.75727797,0.17749368
0.76688635,0.15386587
0.10589469,0.7429972
0.7616968,0.18443237
0.7731976,0.25593257
0.112293646,0.7452434
0.109792784,0.8152472
0.10769544,0.8876029
0.1032997,0.91236985
0.10481857,0.7038963
0.7772249,0.16052741
0.112875655,0.799207
0.7367525,0.20478708
0.10776963,0.7172386
0.097399384,0.8120302
0.7477423,0.32296294
0.7554614,0.2993063
0.755155,0.16845141
0.77050763,0.15410459
0.7714628,0.14701688
0.10924964,0.77466434
0.10518791,0.6881412
0.051940937,0.4916066
0.11674014,0.79225546
0.10967507,0.7497965
0.76135886,0.21843378
0.11580605,0.7864911
0.77423924,0.090009294
0.11773431,0.7550706
0.1130596,0.71968824
0.7674622,0.33685637
0.10463591,0.8376334
0.11019307,0.8297735
0.76311845,0.30013457
0.10414348,0.8349931
0.76114637,0.17440161
0.108662836,0.6697427
0.77057767,0.21319331
0.11073308,0.69582975
0.1019686,0.8029126
0.7969836,0.2639463
0.7870692,0.13575572
0.8039989,0.426542
0.77454036,0.2938127
0.74867207,0.29688552
0.09706045,0.76538336
0.7762202,0.20664552
0.10682191,0.829421
0.11983866,0.72181743
0.10566865,0.87083375
0.77473676,0.18969208
0.1203585,0.7029126
0.10873567,0.80879396
0.7512096,0.09805825
0.76110446,0.29568875
0.10548808,0.78649586
0.09485431,0.91029674
0.7628992,0.33092216
0.7758676,0.21358262
0.79168075,0.14911564
0.7703159,0.22073601
0.7714213,0.21500368
0.09925464,0.83982825
0.10152659,0.73251146
0.7702405,0.1480246
0.77961326,0.15619051
0.111572295,0.7968855
0.75305635,0.061993334
0.114237025,0.8476529
0.105009474,0.77760905
0.81425476,0.19724119
0.75463915,0.26336154
0.10638343,0.7948124
0.770549,0.12496235
0.77042735,0.15441059
0.75963014,0.09392643
0.10202969,0.69546765
0.10212204,0.82381684
0.7605334,0.19485244
0.73958325,0.2335464
0.09916189,0.86822873
0.7661786,0.10442981
0.7747097,0.22557916
0.115506314,0.858685
0.11135081,0.7733843
0.78259325,0.19018392
0.10956109,0.8047646
0.103808045,0.82718766
0.11374585,0.77291167
0.7701136,0.24103944
0.7616951,0.25110224
0.7518562,0.16211669
0.11175433,0.7416082
0.094353884,0.79981416
0.75969344,0.2941956
0.7525702,0.25812745
0.10575882,0.75984174
0.11028016,0.8423468
0.7670217,0.19098978
0.7739818,0.15207152
0.75691634,0.18046877
0.7801778,0.11500208
0.098098114,0.8143484
0.10454455,0.9233586
0.7656218,0.15572432
0.7786282,0.2501474
0.774503,0.07846775
0.10034936,0.8471002
0.11369111,0.8982569
0.75876534,0.08586786
0.10780555,0.77907974
0.10060013,0.74939764
0.10730398,0.8272165
0.10656846,0.8215819
0.10972602,0.8461181
0.11349511,0.85757315
0.77613634,0.26917875
0.104984745,0.7358823
0.7556829,0.24561825
0.7398338,0.13718158
0.7479337,0.21850908
0.7780531,0.13954309
0.76517934,0.22245987
0.7803595,0.1229421
0.110061124,0.8493127
0.09667678,0.6406774
0.096285254,0.773796
0.78374267,0.2566471
0.11427777,0.7097536
0.7682693,0.16991894
0.10595944,0.81686854
0.7736135,0.22983755
0.11606752,0.8604729
0.7824304,0.15173668
0.75587404,0.13690281
0.7607562,0.17506328
0.11252464,0.79682946
0.11289946,0.70040375
0.11587176,0.7855891
0.7642913,0.09256945
0.7570365,0.11600019
0.74263215,0.13065462
0.77041614,0.18865712
0.77288777,0.19948733
0.7824252,0.15775898
0.108574085,0.8058333
0.1018292,0.74876475
0.1063066,0.86255246
0.11262248,0.6705101
0.12335123,0.79209524
0.11427929,0.7174677
0.10041094,0.81192607
0.11365406,0.8856868
0.107993886,0.83562756
0.7654017,0.27869686
0.7510988,0.15043257
0.11803055,0.72062385
0.104739256,0.86467046
0.12108123,0.627585
0.11391282,0.87550706
0.110067494,0.83282065
0.79539186,0.13310263
0.037425194,0.56506133
0.10562005,0.76789385
0.7659342,0.21454228
0.77170503,0.14238521
0.7968577,0.1144846
0.75731015,0.20573872
0.09928003,0.8789372
0.12030953,0.6046397
0.10979364,0.8353151
0.10733547,0.7610385
0.7798731,0.20754911
0.12464449,0.7517126
0.11058931,0.8119709
0.113023944,0.8512561
0.803935,0.17854786
0.75964916,0.1631068
0.76387364,0.17458907
0.11180904,0.6685379
0.79675686,0.11339197
0.75925404,0.15667596
0.7786196,0.20949085
0.7558167,0.28133872
0.10937385,0.69837224
0.10980358,0.8750136
0.780323,0.18247621
0.7563278,0.28919062
0.77137285,0.1578423
0.7541716,0.17230926
0.7465086,0.16099523
0.09360543,0.8323929
0.75669473,0.12133039
0.7660585,0.17595406
0.11808807,0.86605465
0.112288065,0.72650677
0.10666725,0.8509869
0.7785489,0.11232977
0.119365804,0.69159377
0.76617134,0.17453139
0.7633887,0.1858999
0.112510145,0.750447
0.7634214,0.16124836
0.7608407,0.2357397
0.77389705,0.063816525
0.7988288,0.14072223
0.7610094,0.26986125
0.7675067,0.16472653
0.753805,0.21832804
0.7902108,0.13227434
0.755262,0.07884264
0.7536527,0.15648371
0.11058321,0.7640857
0.75768274,0.17127432
0.74638355,0.30801052
0.75657994,0.101260856
0.099121414,0.91665703
0.11430399,0.8887356
0.77366805,0.15116313
0.7682154,0.1345926
0.7680935,0.14080234
0.7580123,0.09384633
0.7972644,0.099067576
0.7930181,0.18990836
0.7684217,0.16755904
0.108859524,0.8113557
0.8991193,0.16233137
0.110089056,0.77071196
0.09223399,0.8777644
0.10309363,0.8266398
0.7748933,0.13103431
0.7590863,0.27322248
0.09450917,0.6601766
0.11353236,0.6786424
0.78440714,0.3891906
0.09944961,0.84484285
0.7823197,0.09539556
0.113318264,0.76978594
0.76610214,0.16910827
0.77290106,0.22207215
0.76247436,0.21746932
0.7644421,0.16141818
0.74101067,0.18648787
0.74947536,0.44241244
0.095476836,0.8876013
0.10709837,0.81339836
0.111408494,0.78335094
0.09289663,0.54034895
0.7616752,0.28634688
0.7453433,0.14581531
0.77385557,0.14751193
0.7544772,0.2785767
0.11044271,0.7734195
0.7595065,0.2765148
0.10476211,0.66817904
0.1089079,0.6585584
0.7615127,0.11061553
0.11708432,0.6833814
0.7437783,0.2522125
0.10669657,0.8137957
0.76773626,0.23111923
0.10443895,0.7708514
0.7773871,0.19051877
0.109454714,0.7298728
0.77405477,0.2567112
0.76929814,0.14171873
0.115701646,0.8458874
0.10887917,0.8423868
0.097239316,0.8399997
0.10775866,0.84129256
0.77075106,0.12698421
0.10734941,0.73920345
0.7549453,0.14518568
0.756985,0.26147425
0.76038694,0.16781057
0.7801322,0.11545708
0.75589687,0.16007401
0.1075004,0.73578453
0.7473461,0.17640424
0.10775893,0.8496812
0.7851647,0.11270146
0.11411585,0.69041145
0.10098955,0.90454036
0.7691061,0.078480564
0.0903582,0.74806947
0.099860325,0.71932137
0.7715591,0.08288154
0.103160955,0.81373
0.10264221,0.9438207
0.75845206,0.14107789
0.11008942,0.86306196
0.11268068,0.6708834
0.75781524,0.2333846
0.7879291,0.12155308
0.7672933,0.13268928
0.112435,0.76578873
0.1118753,0.81811655
0.10597054,0.90779424
0.10894845,0.89966196
0.761128,0.17261848
0.74966645,0.26876542
0.75640494,0.14097215
0.77580893,0.069495976
0.75966716,0.15448749
0.7617107,0.25235668
0.7627513,0.23479445
0.77561045,0.049248613
0.74981517,0.1698885
0.7846315,0.25826204
0.111438505,0.8366721
0.10440491,0.7645695
0.10799511,0.86499405
0.76912594,0.23943253
0.77702135,0.12044122
0.7715616,0.21264699
0.1063612,0.81709284
0.7491918,0.33135152
0.10777049,0.8134176
0.7712201,0.16997501
0.7627442,0.108016916
0.77755904,0.22739434
0.7605726,0.1544971
0.7657179,0.09301644
0.108107045,0.81730753
0.75922775,0.11994296
0.10463224,0.7374604
0.11234324,0.7657134
0.7753435,0.13358165
0.75234795,0.16359544
0.77121544,0.13931237
0.108940616,0.6903906
0.76623535,0.045039892
0.107994154,0.81794995
0.7605598,0.14809349
0.12181354,0.86492836
0.7570809,0.1705005
0.10218055,0.8519001
0.099741034,0.80996186
0.115817346,0.89464575
0.77005464,0.27375275
0.108728975,0.8605258
0.10486994,0.7928242
0.7553122,0.14629434
0.11181326,0.84841233
0.09063231,0.75834537
0.774839,0.1160066
0.113110915,0.77312475
0.10786654,0.6266189
0.7533858,0.22637701
0.7713923,0.32547984
0.7693304,0.19929828
0.7829109,0.22176616
0.087459825,0.71946394
0.75811213,0.21268865
0.10400665,0.8166346
0.76094615,0.30606556
0.11711707,0.75029
0.7604457,0.30104458
0.7825828,0.19266076
0.10990303,0.7628873
0.75259995,0.1886347
0.77233475,0.23882054
0.11568963,0.7104441
0.11547993,0.65156686
0.7657089,0.18925951
0.10105056,0.8160194
0.10921741,0.91963375
0.76437026,0.14755198
0.09471811,0.8155516
0.109987095,0.89223623
0.7682153,0.14213368
0.7822777,0.14330962
0.12390732,0.57977825
0.103638954,0.7259957
0.7874064,0.09324874
0.11052041,0.86160725
0.10990429,0.8314156
0.75744,0.22390015
0.1117573,0.56427795
0.75395155,0.2402448
0.11387271,0.7025281
0.78853595,0.10440098
0.8796517,0.024113236
0.76549655,0.1566295
0.76361746,0.20770772
0.7754526,0.18600884
0.755797,0.24641289
0.10322058,0.76069725
0.112309925,0.81277674
0.77683383,0.095208116
0.7630173,0.12801436
0.11248687,0.8073248
0.099975824,0.8463792
0.7636077,0.08713993
0.7523825,0.1970249
0.7630147,0.21831043
0.770757,0.1576997
0.74989456,0.24560864
0.10550709,0.82153547
0.7783479,0.3630988
0.10950995,0.7832692
0.0973068,0.88141084
0.099232286,0.77909094
0.10168993,0.8275001
0.1088871,0.83022684
0.11428167,0.86415136
0.7563495,0.1964946
0.76340336,0.15539747
0.100506954,0.87409884
0.10947181,0.6635586
0.11735599,0.76492035
0.10715559,0.7645343
0.7666364,0.27381045
0.12186647,0.8014066
0.11436947,0.7777933
0.109377086,0.85224134
0.0999952,0.73966646
0.10090086,0.74742866
0.7620063,0.26024222
0.10325218,0.8430453
0.12193703,0.746815
0.11009321,0.8423788
0.10201463,0.8565174
0.11021363,0.6166346
0.113528594,0.8500753
0.10805993,0.8191836
0.7541106,0.21131724
0.7584225,0.17955238
0.117631495,0.83700377
0.11174452,0.80483675
0.7544529,0.17696819
0.11988763,0.72098273
0.76649874,0.18465346
0.7506738,0.3450383
0.78052104,0.15919127
0.1179591,0.77482617
0.09424229,0.7422282
0.80089915,0.3256897
0.11377134,0.69799095
0.11174376,0.75781983
0.76776344,0.17063507
0.10541936,0.7265981
0.09724582,0.5969464
0.09260746,0.8700407
0.7286292,0.33957192
0.10899266,0.70881635
0.108786784,0.7286183
0.76631135,0.15940274
0.7587373,0.23930757
0.11499532,0.85482395
0.10449829,0.8534333
0.10977588,0.718626
0.1029357,0.83661443
0.09811509,0.7570092
0.7571657,0.1757698
0.76071435,0.23091416
0.11014875,0.7378352
0.7822978,0.09366849
0.79730386,0.26899934
0.77701277,0.10305841
0.10722658,0.8691259
0.7577704,0.103372425
0.10242201,0.8787145
0.10590371,0.89711624
0.11666122,0.62985355
0.11302552,0.70364636
0.7682265,0.20707649
0.10299296,0.8506152
0.113456905,0.8026915
0.7566358,0.16079336
0.7706473,0.14478676
0.108786255,0.77090585
0.7785264,0.1535727
0.78668946,0.21045531
0.738412,0.28319874
0.756345,0.30352303
0.11830358,0.89037615
0.10568671,0.8567128
0.7508932,0.41050017
0.1138524,0.80810183
0.7642825,0.10241757
0.11280959,0.90131533
0.11209791,0.815236
0.7846208,0.2977122
0.09814675,0.8860617
0.76675177,0.24350989
0.89820474,0.4131821
0.108380035,0.7831699
0.81481063,0.10960621
0.7763949,0.15031241
0.08988386,0.74167866
0.096714854,0.72868085
0.76570576,0.24365248
0.1125741,0.7072415
0.7828892,0.35851836
0.09111775,0.8669518
0.7870952,0.08227435
0.11698896,0.68957675
0.76387024,0.07508411
0.108099215,0.7415345
0.11565734,0.8865071
0.11458768,0.7878609
0.100956164,0.6538146
0.10810549,0.77503765
0.7619068,0.10745138
0.74438226,0.15284693
0.11002784,0.86147904
0.11543803,0.7764619
0.11050717,0.8267615
0.78307754,0.19363965
0.7615204,0.2617226
0.11630631,0.84669966
0.7664142,0.18314908
0.10633043,0.819371
0.113212176,0.855931
0.7651661,0.16001153
0.10608405,0.8561136
0.74403924,0.20073697
0.11848012,0.75042135
0.7752475,0.108311705
0.7768862,0.10709411
0.099619426,0.8212086
0.11503135,0.7147185
0.7582484,0.2715018
0.10790672,0.8085328
0.7542907,0.17219552
0.11501064,0.7478356
0.111135796,0.75980645
0.7590757,0.15400206
0.7923864,0.15369925
0.7513727,0.22581467
0.7459012,0.17643788
0.76566005,0.22044763
0.11682282,0.7732417
0.100917466,0.72002625
0.7431084,0.14007978
0.105174966,0.8731055
0.09461757,0.9022846
0.10062077,0.7408071
0.7807631,0.1613493
0.78102195,0.39682463
0.104262374,0.7199862
0.09475186,0.83047676
0.76817423,0.14693198
0.7744327,0.22479734
0.09541318,0.70638436
0.7529754,0.22017206
0.74213237,0.2518969
0.76919895,0.09678779
0.11865116,0.6930084
0.7772965,0.1851373
0.7623197,0.18966484
0.7551895,0.23612098
0.75954103,0.24490371
0.11152363,0.89552534
0.10996451,0.83289593
0.77333283,0.11275754
0.74733603,0.3880467
0.7560259,0.20717902
0.11211934,0.6473982
0.7426929,0.32204974
0.7745858,0.115977764
0.77920383,0.1979349
0.10883813,0.67077124
0.10515347,0.7818594
0.1152147,0.83836395
0.7621238,0.22291327
0.77981824,0.18304175
0.099253185,0.7226121
0.111434445,0.80991703
0.7575741,0.051924124
0.11726806,0.7343779
0.10974227,0.80794644
0.7722233,0.24950816
0.75768185,0.18175846
0.7526723,0.18507001
0.097872004,0.8148803
0.769557,0.20161171
0.7581757,0.11479861
0.10296324,0.78891987
0.75416726,0.117315516
0.75924385,0.07441924
0.85481966,0.2058653
0.104266405,0.9284373
0.10196758,0.70857924
0.104800336,0.7315133
0.10567545,0.88411355
0.75775594,0.23595597
0.7616756,0.16366112
0.76319534,0.27230287
0.90518004,0.27196002
0.7520579,0.089173
0.7713356,0.24449037
0.10951877,0.646948
0.10279683,0.8134368
0.7553613,0.14097056
0.76423144,0.25204107
0.7640043,0.11561409
0.7556078,0.34296358
0.09905538,0.855979
0.109766796,0.66149026
0.7884384,0.17531481
0.77020574,0.2090775
0.758133,0.063273415
0.78391516,0.22663975
0.11143326,0.8712439
0.77349144,0.29644492
0.78794575,0.17284277
0.11576963,0.7339581
0.111756474,0.73065144
0.10590262,0.836105
0.75530005,0.20191452
0.106281534,0.86688936
0.7849126,0.15063444
0.099946864,0.8741276
0.7675669,0.14944407
0.104975365,0.80183923
0.11293869,0.59593546
0.75942165,0.2144109
0.12075111,0.7000769
0.10914969,0.75505143
0.11587849,0.8306546
0.7563326,0.20198661
0.114910305,0.8777196
0.10903413,0.5948156
0.77281654,0.22410043
0.7689276,0.1429075
0.105676144,0.7740411
0.11364643,0.76350254
0.11928372,0.784458
0.7902215,0.14809991
0.7636164,0.19731008
0.76302195,0.16706398
0.104356274,0.96864367
0.11002827,0.7401423
0.76407045,0.14560543
0.1027376,0.8825435
0.11934302,0.6966324
0.10482286,0.67811847
0.10845776,0.8474863
0.76541466,0.12063828
0.10517767,0.8955558
0.76645595,0.17952834
0.10786934,0.77676314
0.118314445,0.649114
0.7687767,0.36342242
0.09613446,0.85458845
0.75006044,0.23519017
0.111015774,0.77426225
0.10882215,0.7839998
0.11666551,0.83909607
0.110528894,0.77981675
0.7994242,0.13638695
0.113387406,0.86803484
0.112895235,0.7829889
0.11997542,0.7590807
0.11891217,0.57052934
0.1038054,0.8779887
0.09931939,0.90079945
0.75150067,0.24600597
0.11083761,0.788577
0.77451223,0.18077637
0.11000526,0.7875469
0.7683849,0.15483195
0.76720613,0.19917491
0.053187404,0.6033868
0.7362229,0.36360824
0.7618923,0.20989618
0.114014186,0.8459547
0.75971943,0.26382455
0.109306395,0.6918101
0.10842121,0.83227277
0.79427516,0.10058477
0.76793104,0.124805346
0.7760126,0.12161716
0.1049793,0.6996267
0.1083455,0.76064914
0.7831403,0.092335545
0.10607263,0.79850847
0.10539513,0.82097954
0.10736185,0.8352815
0.74914676,0.10807459
0.109371535,0.77169085
0.11048356,0.7289756
0.7765347,0.13004743
0.7564989,0.21360184
0.1163914,0.74050117
0.77227414,0.22272742
0.76644117,0.31113783
0.08765087,0.92078245
0.08943887,0.86351055
0.7584364,0.21472171
0.11466679,0.8344628
0.117618516,0.77171487
0.11161651,0.76164085
0.77785933,0.20087475
0.75738716,0.16050498
0.7834805,0.12312154
0.12140616,0.78204364
0.11488224,0.8156269
0.10388745,0.78244257
0.114096075,0.8614262
0.76962316,0.37412125
0.10407401,0.6977715
0.11211,0.74433976
0.10313695,0.84544045
0.76887417,0.19908841
0.112296715,0.6371704
0.7640234,0.062283315
0.10651302,0.7805505
0.76343966,0.18610817
0.7659846,0.3727082
0.11207087,0.8325531
0.756294,0.108409435
0.7613743,0.096079655
0.758371,0.2117354
0.77252334,0.13108239
0.76696545,0.14336249
0.7644339,0.2088452
0.7731774,0.2068554
0.101324454,0.8636627
0.7690242,0.21332468
0.74928004,0.25194496
0.76748806,0.1116569
0.113024704,0.79690635
0.7402105,0.277138
0.103936285,0.83478963
0.10968349,0.8706014
0.102878615,0.8320244
0.102200195,0.91017336
0.78335303,0.22764426
0.10726006,0.80798006
0.76741666,0.31092313
0.10683204,0.7121792
0.7704254,0.08790253
0.103620335,0.87382805
0.105100244,0.74540997
0.75542206,0.13573168
0.11300354,0.7662982
0.1096929,0.7968695
0.75051624,0.1686709
0.7619978,0.19243327
0.11082097,0.79544044
0.111723654,0.7538787
0.75134355,0.11519594
0.7443974,0.16926047
0.7495615,0.16763273
0.73446083,0.20656861
0.7714151,0.21451184
0.75036436,0.08334455
0.77605444,0.13836393
0.77586746,0.11704636
0.76682955,0.31179628
0.10030224,0.8846006
0.11231332,0.8331395
0.10744833,0.8488609
0.09264325,0.85323787
0.77059007,0.10616649
0.771594,0.3366497
0.11643178,0.76377004
0.11866635,0.72572654
0.110649906,0.73245376
0.7636742,0.17620718
0.10425845,0.8215803
0.76282406,0.08686917
0.10698499,0.77258164
0.10899061,0.86330384
0.7482764,0.38906887
0.09526354,0.7600404
0.78213626,0.20890608
0.78733385,0.16870774
0.1047203,0.80705726
0.7840868,0.13048159
0.106372364,0.83684194
0.10777798,0.80421996
0.10423543,0.8524064
0.1035229,0.7179852
0.7729551,0.1510638
0.11383989,0.7725528
0.7836168,0.08822936
0.77718854,0.21060751
0.107813045,0.79653144
0.111369304,0.7705085
0.77872944,0.26125798
0.7868205,0.013135634
0.73762053,0.18610817
0.7653019,0.070681535
0.100888014,0.7116553
0.10733019,0.83447725
0.10195064,0.8073889
0.092416056,0.75500494
0.10259179,0.8451328
0.11573506,0.70081705
0.7605882,0.3815502
0.75208366,0.20811144
0.77649504,0.19539236
0.10235891,0.8789676
0.10709659,0.8005047
0.7689464,0.10296549
0.784054,0.22822262
0.75189954,0.34877118
0.114175946,0.84347785
0.112992704,0.63183695
0.09574557,0.7489378
0.7498486,0.16651447
0.11749665,0.8168429
0.8390745,0.116423145
0.7577327,0.107384086
0.10631435,0.7405732
0.7779654,0.37443206
0.10984274,0.7139287
0.09729323,0.767849
0.10935252,0.771348
0.74580055,0.2077782
0.09520995,0.77938414
0.76419103,0.19587779
0.79394025,0.07443846
0.75330997,0.1132654
0.85692835,0.15713897
0.115059905,0.7809254
0.10608395,0.6882406
0.75919116,0.17001185
0.113823116,0.7688952
0.10650797,0.8613605
0.10523994,0.51397675
0.7635559,0.22327213
0.111302145,0.81461596
0.11714523,0.730464
0.10090657,0.789785
0.10887128,0.7402672
0.77664876,0.061072126
0.12211873,0.678024
0.7595627,0.115942515
0.7510359,0.22123265
0.7574729,0.3223333
0.112323165,0.79774266
0.11727602,0.74690634
0.7692976,0.18089974
0.757884,0.2772133
0.1243044,0.84594506
0.767486,0.2692925
0.77283204,0.11163927
0.7668695,0.20551924
0.76472604,0.32549584
0.11182403,0.7436044
0.762141,0.18068987
0.76547784,0.17589477
0.7522424,0.12894838
0.7741447,0.14807427
0.77688307,0.15458201
0.7520401,0.070396364
0.10818427,0.83310103
0.76544017,0.15453716
0.75727636,0.19972284
0.73998725,0.30055434
0.76924676,0.15060079
0.7661443,0.06959531
0.7883305,0.12071518
0.7666266,0.16691019
0.11129382,0.72373676
0.7825775,0.16139415
0.7629325,0.23646384
0.75266296,0.14510879
0.1007887,0.78296006
0.101096526,0.86038804
0.10091113,0.84103143
0.09622991,0.8409145
0.12291638,0.77000386
0.76404035,0.15552245
0.09939474,0.61176103
0.7517503,0.22183825
0.77672976,0.13474318
0.7422098,0.25530297
0.1035966,0.8372569
0.11155926,0.729264
0.7734382,0.16331026
0.77184993,0.13022846
0.75966054,0.062465955
0.11474881,0.9246884
0.76478577,0.0996187
0.75606763,0.2516774
0.098787,0.7510846
0.75992626,0.17807844
0.75473315,0.14685507
0.79126894,0.13791534
0.11629324,0.8083005
0.76623076,0.1479461
0.11675961,0.7798904
0.111714244,0.7985213
0.09737835,0.7539572
0.76455384,0.10425839
0.7686065,0.26400718
0.76798284,0.19956423
0.109987594,0.745873
0.7767749,0.16091512
0.7629943,0.17041238
0.112241216,0.80272037
0.75959057,0.16969624
0.7519784,0.27069756
0.77156293,0.06839693
0.10122612,0.8254494
0.7466458,0.44787082
0.115422845,0.8055593
0.7714869,0.14800218
0.7655011,0.250596
0.11008057,0.82436156
0.75330997,0.40009612
0.10443427,0.89089364
0.77263194,0.1689064
0.74479127,0.17670384
0.7629045,0.17212664
0.7815139,0.14683104
0.7773226,0.15438816
0.10924198,0.77571213
0.7824361,0.24067897
0.79018646,0.13179532
0.75689757,0.18329969
0.75923854,0.30882597
0.7474519,0.11020699
0.76591086,0.15697394
0.76898986,0.21275114
0.11603434,0.84829056
0.7468574,0.24171554
0.7715723,0.1522894
0.76225126,0.2321686
0.098355725,0.78716236
0.7856132,0.14003173
0.75174993,0.111503094
0.7753098,0.21930373
0.75059044,0.23233682
0.10846694,0.84380466
0.1206306,0.64432055
0.7612409,0.22991444
0.7612759,0.31820148
0.10634186,0.9054776
0.11440991,0.80134416
0.114869885,0.6892691
0.7726706,0.13287833
0.118743844,0.8133119
0.09875227,0.8219552
0.77077246,0.26891762
0.74334097,0.18561792
0.78071225,0.18743952
0.10589271,0.7133391
0.7669961,0.1980903
0.10199297,0.69874394
0.11805409,0.809313
0.10925564,0.84737736
0.1072449,0.76192284
0.11352793,0.73609054
0.11105751,0.7139383
0.09802429,0.78984267
0.7485086,0.22149861
0.7686325,0.14252138
0.115810774,0.7097568
0.76257443,0.26374924
0.11458098,0.72517544
0.111896105,0.82457304
0.112065785,0.7581787
0.7578989,0.16183473
0.108905785,0.82153547
0.114616245,0.8479573
0.1137028,0.75079465
0.76101744,0.18403986
0.10665507,0.82595086
0.7577048,0.16199654
0.10422312,0.7293153
0.7751828,0.25177032
0.7829562,0.112706274
0.7703011,0.15370727
0.7560107,0.2834631
0.11140969,0.8178763
0.76960206,0.116977476
0.10815043,0.9006841
0.11649204,0.596956
0.109182246,0.71955043
0.10932541,0.86155117
0.10592504,0.7287273
0.10546998,0.7488465
0.11225485,0.8045644
0.10399615,0.8172386
0.75956625,0.3182095
0.1020212,0.796783
0.1114641,0.8056218
0.119213656,0.783242
0.7731145,0.2357461
0.10666811,0.7759156
0.7558987,0.06525682
0.11078379,0.7129578
0.09206391,0.78852576
0.10874155,0.8650966
0.7547189,0.15183601
0.76751757,0.12750489
0.7688949,0.105772376
0.10272941,0.8367891
0.0786837,0.7471787
0.77209216,0.2328447
0.7730823,0.16386619
0.7617518,0.1400157
0.10473985,0.83794576
0.7651846,0.3191387
0.75198233,0.11327982
0.750706,0.11785543
0.10670592,0.8335817
0.7592589,0.27259603
0.76595485,0.27105162
0.75562865,0.094163544
0.10841388,0.7907367
0.09545276,0.92297894
0.78108275,0.2080089
0.7655703,0.11727386
0.76110965,0.0480967
0.76650757,0.13204844
0.10131138,0.66709924
0.7747257,0.08985549
0.7518347,0.32765228
0.11694003,0.81146145
0.10583698,0.83912015
0.08832137,0.5917572
0.81347406,0.11819347
0.10613764,0.72459066
0.10996959,0.844641
0.7643832,0.13626038
0.8104088,0.15931302
0.09899885,0.8177737
0.12165324,0.7564901
0.11199255,0.7854321
0.7567239,0.22270659
0.11336439,0.87763625
0.7640192,0.14113557
0.7919773,0.08899676
0.7662878,0.100224294
0.11808714,0.66228974
0.77884966,0.16823032
0.1012638,0.80072576
0.76546484,0.12069756
0.7495929,0.10283412
0.7509209,0.22531322
0.11611517,0.74235636
0.124003336,0.82449293
0.7585198,0.13426575
0.76786333,0.16334231
0.75796247,0.12887149
0.111852095,0.7862107
0.75316733,0.18508764
0.77863157,0.26464963
0.09998731,0.78338623
0.75640124,0.11473613
0.77864957,0.19273928
0.75692016,0.10168221
0.11246762,0.7622657
0.105248794,0.760497
0.7624412,0.12231087
0.10624901,0.65673846
0.77720875,0.39379025
0.82334256,0.18395655
0.10750585,0.8283748
0.10794618,0.7570621
0.09292542,0.748297
0.75475115,0.21862122
0.75729764,0.13845205
0.09998322,0.8864366
0.10161719,0.8632029
0.112518035,0.7981736
0.75158983,0.18790253
0.76102865,0.16076453
0.10778954,0.7768096
0.1093023,0.7746035
0.77148604,0.20681053
0.10173252,0.797677
0.10900946,0.7961085
0.76081735,0.149545
0.7548411,0.22620879
0.7592247,0.15255696
0.11267576,0.8004822
0.7518952,0.2692829
0.08921438,0.82048285
0.09822992,0.83784
0.11537615,0.6407222
0.7674899,0.12506168
0.109317586,0.86143583
0.11579429,0.7239194
0.7512153,0.26704156
0.7625795,0.13663046
0.108815186,0.7889231
0.7971425,0.09012945
0.7721604,0.08985389
0.7561408,0.15338364
0.11237045,0.85254574
0.116546914,0.70483834
0.1104479,0.782928
0.11242499,0.8119741
0.7797814,0.048769586
0.09061702,0.92443687
0.7601948,0.37290844
0.76061857,0.20374732
0.76124644,0.19478035
0.119981565,0.73189145
0.10824687,0.76619405
0.76310474,0.19867346
0.10929058,0.8971226
0.10969723,0.8749063
0.75142807,0.22036432
0.115374304,0.84035057
0.7569081,0.10649332
0.10416662,0.7891121
0.10067525,0.77684164
0.7528461,0.14768496
0.11246296,0.7594957
0.78107375,0.07204012
0.75335497,0.32006633
0.78469276,0.075058475
0.7659646,0.13748759
0.109973,0.73595434
0.78304243,0.24904674
0.7598404,0.19159377
0.10505709,0.8593226
0.11137611,0.9104409
0.7627262,0.23816848
0.11518891,0.77214426
0.75110644,0.19217533
0.11597167,0.7760806
0.11093874,0.74713385
0.10948835,0.7766109
0.11302031,0.8589189
0.11065397,0.78250825
0.763881,0.11031113
0.11496693,0.76475215
0.7840302,0.16062835
0.110360034,0.75968313
0.76977795,0.30912718
0.10899299,0.78908646
0.111335196,0.85242397
0.108841166,0.8554263
0.10871893,0.71513027
0.74325514,0.20126726
0.74593407,0.23172322
0.7648375,0.19795412
0.7786962,0.28710148
0.77675825,0.22014162
0.10673725,0.73859143
0.09944806,0.87350607
0.108171694,0.76256686
0.7576594,0.14098176
0.11002734,0.84429973
0.10020639,0.72960365
0.76590097,0.12885706
0.7687664,0.09638726
0.10785848,0.7749976
0.74353313,0.2510718
0.8006719,0.092183344
0.11380806,0.66174984
0.7617445,0.124965556
0.11272625,0.8521933
0.763589,0.27531
0.7675037,0.10451152
0.1053914,0.7408616
0.78035855,0.13544491
0.7571233,0.40732482
0.09921446,0.71071005
0.78621584,0.1456615
0.10070751,0.738122
0.76012754,0.116477616
0.7544069,0.26662502
0.7892555,0.15963183
0.75703835,0.27116856
0.102894165,0.83404624
0.7613911,0.2246948
0.113439575,0.83723927
0.745752,0.22449294
0.10640882,0.83751965
0.10228538,0.8338316
0.109836966,0.95500815
0.11292561,0.8641097
0.09610497,0.83258677
0.75218046,0.13933802
0.11936204,0.7478708
0.7813495,0.17064308
0.76311505,0.30490404
0.110817835,0.7061681
0.11192922,0.79935277
0.8017335,0.15156846
0.10825655,0.79050434
0.77409315,0.12654042
0.1062046,0.82046527
0.11120689,0.79808867
0.09937133,0.7272966
0.76307195,0.24967477
0.116235286,0.66932297
0.11894921,0.86215997
0.11221097,0.7220962
0.7707635,0.37524754
0.11014433,0.7896777
0.7651187,0.18016438
0.77836543,0.09606524
0.1125426,0.7432632
0.09818822,0.817237
0.7689508,0.22207536
0.069376834,0.7828431
0.099699035,0.72287
0.085352644,0.7356051
0.111988395,0.7782755
0.7604592,0.22665577
0.7342636,0.23512128
0.11629848,0.77448815
0.11278925,0.7851838
0.10829389,0.78572845
0.10969139,0.8818594
0.093886316,0.8374315
0.77741677,0.17160115
0.09529203,0.7018024
0.10972322,0.7380691
0.118981145,0.7800394
0.10842748,0.778817
0.096957006,0.7410651
0.10370625,0.86064917
0.78363806,0.14340094
0.7673914,0.31542823
0.10924657,0.76698387
0.7844886,0.12006793
0.7621291,0.18401903
0.102042004,0.8930004
0.11339216,0.7023727
0.110583864,0.8294771
0.7684529,0.3738393
0.10751027,0.6842097
0.09740946,0.7432295
0.11183311,0.76328623
0.766794,0.13507321
0.114628226,0.8372184
0.10546846,0.84348744
0.10477369,0.75756353
0.7769955,0.19627671
0.7620974,0.17967252
0.12106281,0.69349223
0.11406699,0.7574241
0.10710774,0.90704125
0.10184039,0.7292672
0.09541044,0.8156221
0.74020916,0.15381941
0.7683513,0.15650614
0.112858385,0.75363356
0.10528273,0.7986879
0.10270187,0.8198725
0.10428978,0.80218846
0.10848853,0.71386456
0.7499125,0.11345926
0.094735675,0.79836106
0.76392967,0.22342113
0.77770656,0.19285943
0.11426305,0.7701544
0.10825229,0.78843606
0.105402455,0.74791247
0.09489255,0.80216765
0.7825186,0.25275883
0.10511404,0.78899515
0.120324194,0.77503127
0.74254394,0.20901023
0.10559311,0.8179115
0.74643874,0.3076853
0.75799245,0.20524368
0.78174573,0.13534558
0.75836253,0.1430709
0.102627344,0.8584415
0.11176275,0.75360954
0.10945864,0.63937
0.75366247,0.26630458
0.11479728,0.75082827
0.12239744,0.74501264
0.10484118,0.83454293
0.106352754,0.777468
0.10380669,0.8499856
0.10840757,0.78301454
0.10824209,0.8057243
0.78574675,0.20148514
0.7656404,0.3554856
0.11605336,0.8117915
0.10074238,0.8098257
0.7495639,0.16629338
0.10240609,0.8284469
0.11374526,0.6939649
0.7566688,0.17378
0.10571917,0.7598113
0.78207064,0.066741966
0.09334667,0.841927
0.75844336,0.25680894
0.1210459,0.7267535
0.77266914,0.17777243
0.7789618,0.085409656
0.115754016,0.78136915
0.7581404,0.12685764
0.10805804,0.67923194
0.10826388,0.7898347
0.11960172,0.5772405
0.09863374,0.8789019
0.7801891,0.17711237
0.75524086,0.19282259
0.76165617,0.20028357
0.759039,0.112297736
0.10783959,0.85103655
0.7572181,0.2701945
0.77263314,0.1430709
0.77426237,0.2822199
0.109422944,0.72474927
0.7744701,0.11679964
0.1129375,0.821199
0.09827473,0.8430213
0.10093559,0.71755105
0.120434605,0.7757442
0.7785283,0.22110769
0.7881454,0.21369156
0.10204098,0.6383191
0.7588121,0.2585408
0.11225891,0.8025089
0.7533039,0.12509373
0.11242585,0.82639945
0.10524183,0.76842576
0.105008885,0.7982441
0.76648986,0.14440386
0.11431551,0.8513249
0.10813715,0.71649843
0.11103605,0.82571214
0.10847443,0.8840527
0.101900615,0.7017495
0.7566926,0.14239962
0.116753705,0.76170176
0.76602036,0.16899452
0.098908745,0.8572255
0.75300884,0.2057179
0.116385326,0.72390175
0.10140013,0.87807363
0.7586932,0.29101703
0.76308185,0.1357413
0.106214575,0.81833607
0.108861834,0.85010415
0.78187805,0.2801884
0.10278025,0.8130427
0.10884272,0.7718927
0.78295684,0.28417924
0.11072558,0.83341503
0.757069,0.1402464
0.10293316,0.6006008
0.7867341,0.23453651
0.7586592,0.25493127
0.10662988,0.889032
0.105112694,0.6505671
0.79777604,0.17580345
0.10622184,0.7146913
0.12062036,0.7041254
0.108972944,0.76567656
0.76699334,0.13957512
0.107022695,0.66352016
0.8422037,0.2577061
0.10895422,0.81388384
0.11394343,0.78187704
0.75612164,0.14638886
0.1032609,0.8584463
0.10875618,0.79400015
0.108923815,0.7752491
0.7680153,0.33695248
0.10365398,0.8205165
0.09797691,0.74003655
0.10200608,0.76670194
0.110207096,0.81628054
0.7669161,0.19301803
0.76216686,0.23953347
0.75943047,0.13350476
0.76283514,0.12045564
0.116550975,0.7298135
0.7702203,0.16563171
0.7665093,0.16870295
0.10265162,0.7935996
0.12066316,0.7469496
0.7826528,0.070788875
0.7531214,0.21267582
0.11258394,0.7429972
0.11554772,0.731986
0.7637035,0.18094139
0.7820875,0.15485917
0.10739061,0.78231597
0.78048784,0.15646128
0.76462156,0.14396328
0.7617749,0.28241053
0.7826552,0.16599058
0.76196206,0.33935243
0.7721919,0.14176519
0.10463736,0.7589141
0.10255692,0.87338746
0.7732857,0.20897017
0.80512655,0.120659105
0.11560411,0.6634849
0.0776464,0.76042485
0.100201935,0.82921755
0.09685785,0.87816656
0.7780457,0.21873659
0.10551373,0.7705822
0.10434152,0.7375965
0.7575626,0.2989378
0.113693155,0.78938925
0.7785111,0.106770486
0.09960681,0.7726345
0.7504086,0.19063091
0.76174915,0.22161876
0.10471988,0.72753054
0.111133516,0.84706175
0.7654753,0.07535166
0.7652496,0.11837771
0.112897016,0.80145794
0.11303249,0.6567769
0.7599737,0.20788234
0.7924576,0.10507065
0.7577854,0.0664584
0.0966051,0.84554136
0.11108574,0.86469287
0.09912914,0.6749111
0.79943067,0.1936749
0.105320774,0.7609392
0.7864885,0.08513089
0.7604946,0.20753148
0.0813446,0.7774296
0.110095955,0.5460348
0.11756394,0.72716844
0.1033829,0.8361835
0.107278615,0.8193085
0.11737923,0.84721076
0.106722094,0.8703964
0.7758198,0.08571085
0.10333899,0.7182223
0.7666972,0.25806978
0.111559354,0.607014
0.7514588,0.13335256
0.78646773,0.14022398
0.1088553,0.69827294
0.115417756,0.6943478
0.7562721,0.294524
0.7577542,0.09272325
0.08944346,0.76626134
0.7782326,0.14191099
0.10580825,0.8090775
0.11721949,0.7477923
0.7856061,0.12984876
0.76626617,0.10765324
0.7498446,0.18118812
0.11215824,0.7322888
0.109583415,0.90146273
0.10795529,0.82992405
0.10165133,0.8560303
0.75224096,0.23630203
0.103369564,0.83837676
0.79611945,0.12212663
0.770554,0.16205582
0.11375764,0.7422699
0.7440338,0.15725753
0.091529846,0.8550899
0.7717274,0.12841327
0.107227705,0.7336634
0.7760628,0.2759781
0.76894736,0.12479253
0.06952958,0.8220898
0.75782233,0.28648147
0.112243325,0.8338492
0.115884766,0.7468679
0.10019467,0.8055641
0.11693448,0.7356003
0.7739618,0.20951007
0.7859554,0.16203019
0.7752698,0.21572623
0.1193282,0.54905957
0.7509596,0.12952673
0.7506204,0.1621151
0.7497831,0.14902753
0.759295,0.3382646
0.7623238,0.15545034
0.11183387,0.8669999
0.79346085,0.20989458
0.7962852,0.18174565
0.7523779,0.37120062
0.118674606,0.5822535
0.10752526,0.65462846
0.10446243,0.811902
0.10025582,0.80847514
0.7550475,0.22034349
0.7664316,0.2705053
0.10388831,0.6753148
0.10915973,0.82973504
0.7612639,0.17718446
0.75417554,0.10595341
0.7734995,0.2952786
0.100802995,0.8905989
0.11880991,0.82848537
0.76359946,0.120498896
0.74897546,0.1538883
0.75836384,0.22069275
0.0945516,0.7387981
0.10096617,0.8700423
0.102897175,0.7656894
0.75674385,0.20219328
0.11033689,0.81946075
0.105336286,0.77089304
0.756378,0.110903904
0.11085993,0.6925406
0.774977,0.14575763
0.1057151,0.7330882
0.097068176,0.67715883
0.10854754,0.66840976
0.74347055,0.24744785
0.75142014,0.14640649
0.10678443,0.73671377
0.77550554,0.13196033
0.7553964,0.1664552
0.09066698,0.90385467
0.11475475,0.8304592
0.10782579,0.81537056
0.10895099,0.81871897
0.7959146,0.12391618
0.7632703,0.14175558
0.1021683,0.8221122
0.784934,0.12119741
0.77343225,0.11835528
0.7680782,0.10682816
0.7639937,0.053535838
0.11444134,0.8950703
0.10366141,0.9303534
0.117314786,0.6756689
0.106458575,0.767958
0.7558569,0.25627545
0.76845855,0.18060015
0.7679534,0.12057419
0.109999314,0.8031065
0.09752033,0.8527332
0.7638293,0.13700055
0.10536469,0.6292432
0.75944537,0.2147874
0.74979997,0.22406197
0.76996076,0.21715851
0.11997565,0.78844243
0.76363343,0.28342947
0.7617925,0.24887693
0.7640546,0.10718222
0.10645567,0.8516614
0.09689077,0.8425374
0.106413245,0.624251
0.76657665,0.12543176
0.76698554,0.11574065
0.7779398,0.10938191
0.7633999,0.28230637
0.08761155,0.8473902
0.76859987,0.1240844
0.77533066,0.12074241
0.77311873,0.12128713
0.79056555,0.17048608
0.11608922,0.92071515
0.08769904,0.84868306
0.75784165,0.12654202
0.8521365,0.17048608
0.11379564,0.9099795
0.7481993,0.2685043
0.11941137,0.7420824
0.76170844,0.12357493
0.7465114,0.11771284
0.76444656,0.0711157
0.7628193,0.15150277
0.91078913,0.16764075
0.10087841,0.8586722
0.8020111,0.15416066
0.11744411,0.83026373
0.7585461,0.13112724
0.79298764,0.11887917
0.7805757,0.2985677
0.11233832,0.8462206
0.7634176,0.28653273
0.7725276,0.20108302
0.78939563,0.08982665
0.1034847,0.87968695
0.7612763,0.1396312
0.7683713,0.1664552
0.105468795,0.8801788
0.77065384,0.2374988
0.11379505,0.5148675
0.105162315,0.8035775
0.7723795,0.18007305
0.7561302,0.0706575
0.11540508,0.5950271
0.10746501,0.79111475
0.76919115,0.19480918
0.75522715,0.16992694
0.744361,0.21755423
0.09391323,0.7963264
0.77082044,0.15386426
0.7646015,0.11715691
0.77845925,0.1182191
0.75265527,0.13831587
0.09991002,0.83934444
0.78783983,0.061841134
0.76526093,0.25234547
0.76948065,0.18988273
0.7883652,0.11296902
0.1088762,0.7508459
0.7650569,0.2614422
0.7676879,0.053745713
0.76177186,0.18244897
0.77050304,0.1638646
0.7529656,0.16369797
0.102653004,0.7854289
0.117942885,0.7316383
0.7603254,0.043106154
0.09151092,0.8729437
0.10985225,0.7547662
0.12336635,0.67127913
0.7738206,0.10494729
0.763346,0.17437437
0.10878424,0.7317697
0.7665266,0.16548431
0.749427,0.29422763
0.77118045,0.108917296
0.7666538,0.17149541
0.76328486,0.19235797
0.116779365,0.838694
0.105667695,0.9093547
0.110373214,0.85971355
0.75770825,0.17114934
0.7642242,0.11486911
0.7821624,0.1769826
0.78238416,0.056392387
0.75904775,0.21420904
0.104125544,0.708677
0.10283249,0.7751674
0.105500855,0.7994232
0.11783819,0.8692236
0.10865151,0.7548912
0.7505911,0.11725464
0.100433454,0.76731074
0.75966054,0.18502675
0.74999005,0.11835368
0.049121812,0.8048624
0.76802033,0.11047454
0.11609767,0.76741964
0.7556735,0.17709474
0.7624357,0.16872217
0.77361375,0.1491541
0.7564043,0.12856068
0.77148366,0.08895992
0.08168855,0.8321029
0.10409441,0.80277646
0.7596287,0.27799994
0.10170515,0.77452177
0.09730063,0.81010604
0.7899793,0.0765276
0.10606563,0.8457272
0.7632062,0.09027044
0.11275369,0.80067927
0.78152174,0.10126726
0.11832012,0.7564773
0.098410465,0.7707168
0.123019464,0.7731872
0.7482014,0.28137076
0.10653795,0.94784194
0.7535321,0.1336185
0.10021095,0.7825419
0.113327645,0.74396807
0.11182545,0.8150694
0.098120764,0.7426207
0.75333637,0.23169918
0.11159072,0.80530137
0.76871043,0.1872777
0.7643708,0.14927104
0.7620962,0.078740105
0.7534674,0.25989458
0.7548787,0.07853664
0.7679938,0.10280848
0.107916825,0.68171203
0.10228092,0.88973373
0.0863491,0.8105066
0.10840001,0.7801019
0.11735589,0.87589157
0.10675379,0.8456935
0.103976764,0.7599571
0.123270005,0.67176616
0.7523675,0.213722
0.10855589,0.80077064
0.113214195,0.72992086
0.77336967,0.03356724
0.1112018,0.7613605
0.76195014,0.13933802
0.7490151,0.26420745
0.113803335,0.71158
0.75678927,0.17313436
0.10719221,0.8002291
0.100778595,0.8804095
0.7584881,0.26833606
0.7607792,0.11671473
0.11850231,0.8182816
0.7789266,0.14553975
0.099489994,0.7811801
0.09079156,0.80661505
0.78223574,0.19433977
0.09073335,0.83493066
0.10851627,0.8008203
0.11009738,0.80088437
0.105216734,0.7287513
0.10032314,0.85143226
0.109222166,0.84463453
0.7678324,0.18807074
0.77038723,0.15439777
0.10866403,0.8575667
0.7679472,0.066839695
0.1095395,0.9133231
0.1040991,0.7281473
0.10645749,0.684003
0.10644656,0.7900974
0.11596011,0.80987537
0.10705241,0.7801676
0.7807405,0.057151783
0.10211939,0.6381412
0.10530611,0.7734436
0.76282763,0.3060912
0.105118334,0.89326155
0.10731897,0.8234708
0.77880526,0.117922716
0.74063534,0.1817104
0.77029556,0.20395239
0.10747276,0.77633214
0.7611639,0.28981224
0.11581414,0.86178344
0.758692,0.11849467
0.77416927,0.19212887
0.117608644,0.8620302
0.7673073,0.22870326
0.100774035,0.8320196
0.7840238,0.2538851
0.74924517,0.18019001
0.7604746,0.28366658
0.7599166,0.1480246
0.78236556,0.12188631
0.11047134,0.8123314
0.7662799,0.14988144
0.11113131,0.7901887
0.763302,0.04281457
0.12036203,0.7124403
0.7634844,0.18171681
0.76219445,0.12023455
0.78187543,0.12668942
0.7491763,0.2828687
0.042257205,0.78129065
0.75957084,0.20630588
0.757305,0.18023327
0.78514105,0.13669133
0.75336105,0.15166779
0.77361614,0.33000898
0.74858534,0.18510045
0.10419693,0.8404803
0.09822632,0.8858358
0.115092725,0.82993364
0.06943954,0.8072447
0.75609803,0.20387709
0.110108174,0.80888844
0.74485147,0.2081643
0.11107666,0.7054343
0.09419629,0.78144604
0.77814597,0.13751002
0.770029,0.13661604
0.11046266,0.8736262
0.7709117,0.1305537
0.80910933,0.14073023
0.7717288,0.19361722
0.10418214,0.751091
0.7465893,0.12713961
0.7915014,0.14567272
0.7536265,0.07977987
0.1097634,0.82764745
0.11126998,0.8213496
0.75804013,0.1690602
0.11524461,0.65048546
0.10315607,0.88082606
0.10878134,0.7711574
0.76327777,0.27368867
0.111223266,0.83410555
0.10472284,0.80179274
0.7721012,0.16782019
0.11722184,0.710678
0.794257,0.15824762
0.76414496,0.2176776
0.11518409,0.74939764
0.78945017,0.11852991
0.7773202,0.09109872
0.7552517,0.1755295
0.75417596,0.13951585
0.094294816,0.63322437
0.7740612,0.12944022
0.09997156,0.7886507
0.77058244,0.29105866
0.8176066,0.22452497
0.11330334,0.77503765
0.109617986,0.9044667
0.108620144,0.77556956
0.74880165,0.3470169
0.74597955,0.19142395
0.749436,0.20986734
0.7510449,0.1925358
0.109052315,0.77779645
0.09728861,0.7122353
0.10969208,0.67350125
0.7627757,0.19898747
0.105889045,0.733846
0.114922814,0.62797433
0.11382668,0.88144445
0.11618388,0.72587234
0.11110569,0.86079013
0.12501782,0.8484492
0.11646031,0.77943385
0.77503777,0.16498926
0.7513788,0.22982633
0.110150635,0.83474
0.79206204,0.13519338
0.117658764,0.6602999
0.78136957,0.17544618
0.107206404,0.8050082
0.10833734,0.7546429
0.09712712,0.83409595
0.77296394,0.10782627
0.10858283,0.7942901
0.11567173,0.8746339
0.116261736,0.6320228
0.10219045,0.7517815
0.10841064,0.7231327
0.77414536,0.29782915
0.7576861,0.10743535
0.75937116,0.2223397
0.7637441,0.1842914
0.10699496,0.7695216
0.11173587,0.7140072
0.7508081,0.32610464
0.10186862,0.8818674
0.10362905,0.84310615
0.1135379,0.89965713
0.10360181,0.7067705
0.7897137,0.30407736
0.7827211,0.0744673
0.7556667,0.21581595
0.7610317,0.109293796
0.10932492,0.87804
0.10037815,0.87783974
0.1099205,0.6836538
0.10577645,0.71344644
0.120513454,0.7913102
0.75218326,0.110657185
0.114640675,0.8045724
0.7586581,0.24178281
0.10270306,0.7082492
0.78306603,0.13019161
0.11100006,0.7918741
0.7785555,0.18488257
0.09898779,0.82048285
0.11118295,0.83793455
0.7625101,0.18152937
0.7663887,0.17494312
0.74113786,0.1947419
0.10972526,0.7484123
0.105379775,0.82523954
0.77481735,0.12844051
0.11292595,0.8063539
0.10692615,0.73615783
0.7833306,0.16892563
0.11080621,0.7632574
0.10290546,0.83433145
0.76939034,0.16443814
0.1042424,0.70849437
0.10834041,0.8048031
0.11088978,0.86024225
0.7537652,0.20967509
0.76451606,0.10852799
0.10917016,0.78334135
0.7560938,0.21304432
0.082608834,0.8096975
0.107398435,0.8424044
0.78771174,0.11732834
0.77974164,0.29759204
0.11051123,0.7901887
0.7693396,0.13239771
0.7704548,0.15447307
0.76332235,0.28737384
0.11000271,0.8432856
0.10633096,0.75078344
0.8168385,0.09904675
0.1055133,0.75954694
0.094026245,0.79272485
0.7879716,0.07610785
0.7549971,0.12812169
0.7607373,0.31286487
0.10307722,0.8316079
0.087207176,0.6678058
0.113311395,0.7240011
0.10524642,0.6634673
0.11758025,0.80542314
0.76249707,0.10224615
0.1042839,0.82533085
0.7523259,0.12549104
0.10310251,0.8449614
0.107672654,0.8673107
0.11529969,0.64659554
0.76935494,0.31809735
0.7578827,0.18681149
0.77180314,0.1253052
0.113939404,0.7667852
0.78580284,0.14743184
0.111381255,0.7834599
0.744759,0.20590053
0.7799807,0.152746
0.7580544,0.13122818
0.7864948,0.22403634
0.09752838,0.7964818
0.7390777,0.2515973
0.107431985,0.7165641
0.09648907,0.769967
0.78160626,0.29690313
0.76354253,0.13220064
0.75366235,0.21121952
0.77698743,0.13724406
0.9190688,0.19861579
0.77291113,0.1326188
0.10283632,0.7910827
0.76858985,0.17038515
0.7549804,0.24750713
0.10403481,0.8768737
0.06995637,0.8551203
0.7574853,0.20680413
0.105876796,0.81167614
0.7609731,0.21103528
0.120665334,0.73366016
0.76225656,0.38144767
0.11412975,0.75521326
0.10793938,0.7984684
0.11355501,0.8576965
0.7546481,0.12602936
0.7539381,0.14246051
0.75319624,0.29956743
0.062056974,0.6291198
0.051495224,0.8375789
0.1162722,0.7939713
0.7658998,0.137643
0.7650413,0.19107468
0.11210042,0.839048
0.7455309,0.31620526
0.116932765,0.78373224
0.11024256,0.8501859
0.76984096,0.2554151
0.7864472,0.21314044
0.11112147,0.81344646
0.10000908,0.83637094
0.7677768,0.2429812
0.11649593,0.7390032
0.112070605,0.87656605
0.75962806,0.18806915
0.10309449,0.84309655
0.7836147,0.12696497
0.752191,0.2617274
0.7515979,0.17824505
0.78589094,0.12648435
0.11848637,0.77427983
0.8005341,0.16115704
0.7770924,0.18325643
0.11065568,0.79674613
0.106596395,0.8355298
0.73553467,0.1332308
0.10882297,0.83023167
0.09946626,0.8640921
0.7626628,0.20922491
0.11411434,0.8437758
0.75360763,0.16854434
0.7564724,0.18142843
0.11091378,0.78571564
0.12226771,0.8519546
0.1125953,0.7125765
0.11031295,0.7795396
0.75508714,0.24788362
0.09348201,0.89041305
0.7735123,0.21056746
0.1106813,0.81383413
0.7624494,0.13313788
0.112242304,0.857171
0.7699511,0.076224804
0.7666032,0.28866032
0.104936406,0.69167066
0.108107045,0.87692976
0.7830707,0.11930052
0.08938188,0.8658672
0.76948875,0.11306674
0.75684077,0.21187317
0.10549772,0.7337579
0.75834614,0.21725623
0.78249574,0.20879875
0.09862756,0.7929187
0.7678398,0.14097376
0.10944775,0.84230673
0.11357076,0.72282356
0.11334527,0.70897496
0.780663,0.09378064
0.10524453,0.81679803
0.7742329,0.119411066
0.7884421,0.098610975
0.100957684,0.85352784
0.7721274,0.17070237
0.11438792,0.7138614
0.111192025,0.66291773
0.7607401,0.21399756
0.7836086,0.14499183
0.113797225,0.7536592
0.104376584,0.5694848
0.089487076,0.6568217
0.7661759,0.079890415
0.7735987,0.19739339
0.10972384,0.84343296
0.8232324,0.32948187
0.11342617,0.82113814
0.10980002,0.7961662
0.11113791,0.66147584
0.7806866,0.13209651
0.7885959,0.15961902
0.7771402,0.28138518
0.09398541,0.8244545
0.09637354,0.84652346
0.7554338,0.16613317
0.11828274,0.61810374
0.7884954,0.09622705
0.105953135,0.81221604
0.84554696,0.2194351
0.09990959,0.7369861
0.11285568,0.7476305
0.76697063,0.20291422
0.10441379,0.7075587
0.7759183,0.18016438
0.75934356,0.16541703
0.7636737,0.14098978
0.7794663,0.18960075
0.110393085,0.82002306
0.7548708,0.18420969
0.7720558,0.15573393
0.7622684,0.10694511
0.11867104,0.88606495
0.10333984,0.8054055
0.111055896,0.79820246
0.79026616,0.11288731
0.7634745,0.23923548
0.11760647,0.81072605
0.78536266,0.20466532
0.10449836,0.83921623
0.75867605,0.16255407
0.7646666,0.30527893
0.76964974,0.17845653
0.79244494,0.120444424
0.11186448,0.7607485
0.7597728,0.19696242
0.8486309,0.18584864
0.7632703,0.19356917
0.7809871,0.2898411
0.75789577,0.13960075
0.77882415,0.18831266
0.75443256,0.17201608
0.10084262,0.7296389
0.10544707,0.7453443
0.77338934,0.25034285
0.10301383,0.76055145
0.7612787,0.2507434
0.7735526,0.12519626
0.10394269,0.66328144
0.111157194,0.8336794
0.10997656,0.8228748
0.7513654,0.15628825
0.7741176,0.24531385
0.7615724,0.14252459
0.10955565,0.76145184
0.78738284,0.21313563
0.74745256,0.22032267
0.03604246,0.71888876
0.11138033,0.8746339
0.7611732,0.28450927
0.10274275,0.87288123
0.10662142,0.7641706
0.10867116,0.6930084
0.7572078,0.24953379
0.75753707,0.14495178
0.77613723,0.094349384
0.12070126,0.5750617
0.79352266,0.20945881
0.7602858,0.14399853
0.11507351,0.8692236
0.77988154,0.2307924
0.10674409,0.6597552
0.7453066,0.1452642
0.76453215,0.0791887
0.11122802,0.8137108
0.7580322,0.17351726
0.7578399,0.30536544
0.10716401,0.8012336
0.11616106,0.8284437
0.7688546,0.22814092
0.77003485,0.166154
0.11430459,0.85399723
0.77979565,0.093067706
0.1078954,0.8765949
0.8200308,0.2307972
0.10820996,0.8241052
0.77606803,0.23407671
0.756929,0.16149668
0.7746388,0.04770579
0.7738998,0.32161555
0.78333324,0.2583053
0.78455013,0.2032779
0.7669148,0.13489377
0.7668897,0.11159922
0.763541,0.15100132
0.086012475,0.83184177
0.77554226,0.10395078
0.11893591,0.874714
0.12721927,0.6085216
0.12369765,0.8730206
0.76587087,0.15879874
0.10785405,0.9143997
0.11272625,0.8521933
0.7797859,0.12993687
0.767835,0.14415072
0.74316794,0.19938639
0.10146068,0.78125703
0.7833274,0.13607453
0.77033836,0.23523504
0.11224376,0.6827806
0.77307993,0.13289917
0.09870288,0.69465697
0.10403293,0.77603894
0.82918674,0.22253196
0.11442731,0.8811785
0.76347834,0.20903745
0.096808955,0.6640873
0.11137828,0.69369894
0.78187144,0.0853664
0.7793774,0.28204843
0.7656973,0.26260212
0.75948673,0.15155564
0.109282754,0.85335
0.10658976,0.544053
0.10399622,0.7895607
0.76564264,0.26121312
0.090422414,0.78821814
0.763035,0.27823225
0.10571636,0.70879877
0.11795573,0.75590694
0.09899148,0.7394774
0.75887895,0.12038835
0.7624173,0.1500689
0.74741715,0.2378048
0.74807274,0.18438752
0.75411004,0.20277965
0.100963265,0.7076997
0.75939244,0.26484668
0.10968831,0.80774456
0.11212519,0.8099715
0.7760778,0.11708802
0.7604098,0.120987535
0.7549907,0.06857637
0.09828315,0.7310327
0.09981037,0.57222915
0.08741208,0.78303534
0.10802707,0.8500881
0.120489545,0.68296164
0.7579329,0.1959691
0.7724751,0.07984716
0.0410984,0.7727947
0.09718414,0.8443286
0.11901492,0.8024192
0.109732494,0.75653017
0.114504345,0.81506133
0.78984773,0.15211317
0.12000226,0.80055594
0.10214716,0.8001794
0.108294815,0.8273495
0.10694913,0.74827135
0.10764812,0.9037121
0.10293877,1.0
0.75412697,0.1762905
0.77142096,0.1290477
0.108807094,0.8281826
0.771868,0.11114903
0.7740952,0.08737544
0.7417969,0.25918967
0.76958936,0.18764779
0.7714566,0.08686437
0.7449214,0.20385145
0.7794757,0.22774039
0.098469004,0.7813547
0.095039874,0.77098274
0.7634553,0.15047583
0.7733554,0.15959659
0.10016363,0.89059085
0.11280536,0.84606045
0.7590671,0.21291935
0.105526276,0.79356754
0.11388314,0.8279038
0.099030845,0.84977573
0.7679658,0.28860745
0.74558526,0.24236438
0.1010789,0.86851066
0.80488473,0.12024416
0.7624572,0.21065077
0.106599465,0.88137233
0.7643278,0.2963424
0.76081157,0.16969785
0.10767025,0.7907286
0.10566538,0.7679772
0.7585234,0.13763337
0.102857515,0.79654104
0.11635699,0.81496686
0.10693381,0.7794258
0.10864448,0.80295587
0.109878995,0.75510913
0.09648016,0.66505337
0.106858954,0.74743986
0.76243156,0.07276587
0.7577476,0.2114326
0.75611216,0.21997821
0.77915525,0.14056842
0.093509085,0.7955846
0.77089334,0.15384024
0.75642276,0.19989426
0.104473524,0.8339037
0.11633012,0.6963841
0.75909793,0.21852191
0.087868325,0.6545996
0.102929465,0.7565238
0.11419903,0.84247816
0.7774441,0.12697299
0.7688571,0.21496524
0.105815314,0.7382838
0.81630385,0.22450735
0.75828934,0.2198885
0.750993,0.28789774
0.11160165,0.80316097
0.11741668,0.8630988
0.7562674,0.2731616
0.7508117,0.19385433
0.7525173,0.16338876
0.11609469,0.8176183
0.11297838,0.8607357
0.122408494,0.75438976
0.76289576,0.15574674
0.0985711,0.7984027
0.10427535,0.8440834
0.77377737,0.17703067
0.76719594,0.17200166
0.7545847,0.26412734
0.7872839,0.27121183
0.10139884,0.89997756
0.7816686,0.09331283
0.097695984,0.71532893
0.770846,0.14129098
0.11457262,0.78503156
0.10803473,0.6207296
0.7552406,0.14053158
0.7576771,0.1535118
0.76409185,0.17029062
0.7524772,0.25985932
0.80402243,0.24543722
0.09724892,0.7993864
0.74270767,0.16045052
0.7700243,0.18456215
0.112650834,0.73677945
0.7854691,0.18120734
0.7669927,0.2639495
0.76902354,0.08345189
0.77270335,0.19239162
0.10099193,0.84194946
0.7711827,0.16109456
0.10601161,0.8827438
0.79296213,0.30467492
0.10496427,0.8413054
0.7515729,0.22633055
0.7496217,0.12948668
0.11824854,0.7471162
0.76037455,0.107179016
0.113088556,0.8570877
0.11638559,0.82098275
0.77527285,0.13380916
0.77664363,0.15583967
0.7627829,0.10833573
0.78693485,0.22245666
0.76749957,0.15782627
0.7612206,0.15337883
0.10898516,0.77677596
0.7779209,0.13577013
0.7797377,0.14766413
0.78061306,0.14560863
0.7517532,0.2665561
0.7461086,0.17991926
0.11742995,0.8590839
0.7506833,0.099147685
0.11141018,0.801083
0.75565386,0.15586369
0.11494038,0.8578455
0.10576513,0.70383865
0.104257785,0.70293504
0.7610901,0.24210484
0.7665287,0.17696178
0.115422845,0.8276699
0.76687527,0.13905284
0.7533522,0.07053414
0.7641605,0.10278766
0.10509889,0.77510333
0.1048597,0.7677
0.76998085,0.15531577
0.10402748,0.8212215
0.7589891,0.13898075
0.7669766,0.0993912
0.11210138,0.824863
0.109880246,0.8115656
0.11775908,0.86826396
0.7603514,0.12079849
0.11988577,0.74104583
0.75444126,0.105948605
0.10507637,0.7621664
0.11031414,0.7275481
0.10868443,0.65322185
0.75079924,0.21512385
0.7802081,0.24042264
0.75612813,0.21269345
0.077101074,0.75176394
0.10590202,0.8936381
0.097024724,0.914491
0.76258016,0.20287417
0.10544971,0.8756288
0.7891204,0.17030664
0.7724536,0.11920279
0.7732301,0.16534333
0.78495455,0.07969816
0.114126354,0.8284197
0.7631558,0.11830722
0.78286755,0.27348682
0.781632,0.23976898
0.1027441,0.6375693
0.105528556,0.68890387
0.10799544,0.8466276
0.10561235,0.83444196
0.11605722,0.75924414
0.12087002,0.7518504
0.7463149,0.121016376
0.7758678,0.27998173
0.11685329,0.70703
0.76937515,0.15949886
0.100919515,0.87462914
0.042401824,0.6468759
0.76661414,0.11360025
0.7619083,0.10926175
0.75432044,0.15679452
0.10580809,0.8028822
0.74263954,0.20117755
0.10686209,0.8359464
0.76802313,0.24320067
0.11974307,0.70341086
0.7605066,0.12719889
0.7532538,0.14986862
0.11112335,0.8032218
0.7597509,0.2054872
0.11417297,0.6975536
0.77403957,0.14760646
0.7675038,0.14863501
0.7597283,0.20470698
0.11326821,0.90062803
0.7808262,0.29655868
0.7547013,0.14507194
0.7300242,0.14878081
0.101565614,0.77836204
0.11474019,0.8554231
0.7705827,0.21834086
0.11106243,0.8621888
0.7642708,0.20503381
0.7788565,0.15734243
0.10910158,0.8092906
0.7491499,0.30621296
0.12067927,0.79529303
0.105489165,0.89462495
0.7468725,0.24419078
0.112877674,0.7976289
0.76865417,0.2282707
0.7517149,0.21446377
0.10423048,0.84332407
0.10322134,0.7110337
0.1130666,0.86068124
0.110004924,0.72512734
0.7663907,0.14813516
0.11536136,0.6378913
0.7612244,0.2666042
0.10629025,0.7034285
0.08247263,0.66671795
0.10986539,0.8676744
0.099152945,0.79643375
0.75631976,0.15558173
0.79915446,0.11513666
0.11569544,0.8698677
0.75940764,0.3633375
0.11199688,0.84845716
0.11036677,0.81035596
0.77586997,0.1609712
0.10961036,0.8336682
0.10126258,0.7750649
0.7741579,0.20599987
0.83903486,0.13025089
0.89326113,0.29647377
0.7672382,0.12504566
0.7787363,0.1067801
0.77024984,0.08799545
0.7615482,0.3403233
0.10971958,0.7738601
0.75531256,0.1743888
0.10778105,0.85459644
0.7620484,0.16308597
0.10326757,0.79744786
0.7785362,0.2429123
0.79357255,0.16850428
0.74541956,0.32213944
0.801673,0.380347
0.09453506,0.820571
0.77379614,0.120256975
0.7625379,0.15742414
0.1079165,0.7881589
0.09924652,0.8227194
0.7653059,0.123502836
0.111537136,0.8639335
0.75560457,0.18042392
0.76082724,0.25391555
0.76224506,0.1536512
0.10364015,0.8193614
0.75974095,0.063656315
0.76415604,0.31193727
0.7678851,0.13298568
0.10330227,0.8073088
0.09393278,0.8141241
0.10520874,0.8691579
0.76287574,0.13720882
0.096337356,0.91198856
0.7563669,0.2689112
0.10649146,0.77693295
0.75266415,0.041297384
0.7548283,0.2773607
0.75765145,0.19590022
0.7783121,0.13251466
0.106624655,0.8556282
0.09562489,0.7014211
0.10394996,0.8121792
0.7604906,0.17732385
0.11509474,0.77100354
0.7694564,0.10099811
0.7623538,0.11788747
0.10804698,0.75712454
0.76029503,0.19922458
0.12087969,0.69038737
0.7746064,0.11344164
0.7498602,0.27655002
0.1230505,0.79753274
0.77320695,0.14259508
0.76715225,0.1702073
0.11586618,0.7337114
0.76709765,0.14181806
0.7772865,0.29753757
0.7646803,0.085194975
0.11059473,0.7799897
0.7695723,0.18645102
0.10931078,0.7943878
0.7743796,0.065902464
0.09762767,0.73745716
0.107704386,0.85680413
0.09660536,0.7810792
0.7749184,0.106573425
0.76869905,0.22055176
0.7647559,0.08023327
0.77256536,0.09015829
0.10326004,0.79839146
0.10430243,0.86851066
0.7571374,0.11819187
0.76334125,0.09056522
0.10460758,0.7170784
0.09592971,0.82455224
0.75421745,0.18610817
0.7610093,0.19402896
0.8696611,0.13930917
0.101023525,0.69124454
0.09632121,0.7317985
0.779779,0.2152392
0.7627176,0.1570156
0.12063169,0.7635858
0.77539223,0.12305424
0.09855736,0.85903907
0.114612184,0.73632604
0.11165838,0.8082348
0.116608195,0.706245
0.7643148,0.31916755
0.7635122,0.13133231
0.11322878,0.690381
0.7446167,0.18431863
0.78451926,0.16259092
0.8761494,0.21792912
0.75934565,0.1740876
0.11683414,0.6463103
0.7642765,0.14091769
0.8121252,0.13973373
0.8949902,0.21906982
0.10982524,0.722117
0.93001235,0.14722356
0.10331036,0.8956519
0.111103244,0.81954247
0.104847424,0.8271701
0.09890838,0.82479733
0.10849127,0.85384184
0.09602946,0.8201769
0.7627919,0.1817104
0.10259793,0.81558365
0.74696136,0.23832068
0.74403584,0.1945112
0.7405768,0.2134176
0.7368191,0.21153674
0.10828547,0.87216187
0.114091516,0.84750235
0.10690178,0.7865664
0.105069205,0.8845333
0.76567435,0.17303823
0.7506368,0.26984042
0.10976852,0.8105851
0.7485189,0.12153706
0.10466133,0.81915313
0.10598536,0.6706879
0.77097774,0.1545724
0.7576726,0.10139703
0.11529843,0.80487037
0.7741139,0.31564292
0.78438574,0.10393156
0.10640968,0.70308566
0.10570239,0.7576837
0.11437184,0.8343699
0.7453531,0.1433753
0.10592929,0.83387965
0.0974292,0.85750425
0.1043537,0.7080666
0.7535037,0.35218206
0.11052516,0.69846356
0.10990386,0.70718384
0.107402004,0.75209075
0.10782612,0.8466821
0.75842595,0.32960844
0.10207981,0.7949822
0.76714075,0.16625492
0.75902593,0.11902176
0.7626109,0.2267535
0.11079102,0.7756881
0.113830246,0.7737592
0.11212215,0.79089844
0.7546508,0.122938894
0.10917214,0.83166397
0.11278555,0.8033804
0.76457167,0.13434586
0.0982005,0.73601526
0.76434463,0.27267134
0.11201762,0.75277644
0.10445015,0.7242382
0.105815746,0.7754382
0.7608558,0.15261303
0.10055988,0.7878817
0.77094746,0.3015172
0.75636345,0.23107597
0.123802654,0.8208033
0.7686012,0.11376206
0.11020759,0.66789865
0.74935436,0.25246084
0.11104394,0.8281297
0.76840746,0.13376911
0.107705474,0.81939185
0.7596348,0.2428434
0.096679784,0.8112724
0.11324503,0.7618924
0.11146565,0.7486478
0.10896766,0.7253773
0.7713519,0.1506184
0.11350726,0.80749625
0.95096564,0.21932776
0.78760314,0.17311834
0.11701617,0.6753709
0.11570383,0.75583965
0.10854024,0.72063345
0.100786984,0.824368
0.7628527,0.21861482
0.76822215,0.156402
0.11187174,0.81811655
0.106082864,0.84980774
0.11212129,0.8708001
0.11349432,0.73494184
0.098795064,0.88952863
0.7751501,0.23980583
0.767144,0.1252988
0.80324703,0.20162614
0.7756935,0.1257634
0.10073732,0.8191291
0.10092189,0.69425005
0.10998742,0.83529913
0.76012796,0.1727979
0.1084427,0.84711623
0.7891698,0.106011085
0.10021811,0.8580506
0.10678503,0.8232753
0.108958974,0.7461838
0.107955456,0.8358086
0.10377559,0.7763033
0.10472816,0.7207456
0.10166698,0.666476
0.77576905,0.27474767
0.7420319,0.14752956
0.75973463,0.27006793
0.10822782,0.630629
0.7623852,0.1505367
0.113790296,0.9070909
0.11921098,0.7096238
0.1026706,0.81062675
0.114183635,0.85682815
0.09587424,0.8593146
0.7718971,0.06294178
0.112993896,0.73418564
0.7732443,0.20194335
0.097036645,0.6710724
0.7552933,0.21344323
0.11151772,0.7207552
0.7535486,0.19627991
0.7654972,0.107946426
0.79080063,0.1475536
0.7569674,0.20462047
0.7511778,0.29225063
0.7869934,0.11636387
0.7581869,0.16208465
0.7556717,0.36840335
0.7532135,0.22558236
0.097222306,0.81802845
0.10331541,0.72962445
0.7640271,0.16879906
0.942293,0.33312505
0.09955402,0.7591368
0.09052431,0.7731888
0.102440566,0.8510526
0.10581918,0.7153978
0.7682428,0.15931302
0.107355215,0.7831459
0.7482064,0.20804895
0.10651259,0.65865135
0.78197145,0.06343523
0.7570117,0.17347239
0.10973012,0.5787241
0.11228265,0.85765487
0.11488425,0.6157439
0.74357927,0.20445064
0.1092464,0.76610434
0.7643202,0.16557723
0.769116,0.12505688
0.10926832,0.77434075
0.11214368,0.8396761
0.78656244,0.0708818
0.11713134,0.68603927
0.762641,0.18652953
0.7968103,0.21788105
0.11021736,0.83899355
0.07598813,0.97359574
0.109826,0.7603319
0.11031041,0.8510622
0.7696036,0.19514082
0.77053064,0.31210387
0.76794124,0.09850684
0.11164609,0.79438144
0.106876686,0.8102502
0.10437794,0.8451729
0.10206627,0.76627094
0.7670882,0.11271909
0.09842351,0.832795
0.77516866,0.18610817
0.08392401,0.8224086
0.10706865,0.8299193
0.7807359,0.11938063
0.11641827,0.63187385
0.73711663,0.15971835
0.7778155,0.1591416
0.75588244,0.2342946
0.7689764,0.12365664
0.10950731,0.86284244
0.74134284,0.26665384
0.7617375,0.20763241
0.7796739,0.19444071
0.7633155,0.2697555
0.75671625,0.2966388
0.7633105,0.102069914
0.104575746,0.85470855
0.103127636,0.763118
0.7614513,0.200157
0.78024566,0.21494761
0.1063411,0.8077269
0.11172765,0.7843154
0.7542746,0.3753148
0.10620691,0.8459835
0.76306814,0.22749527
0.11357178,0.6759861
0.7623234,0.3027524
0.77076954,0.09747669
0.758264,0.2008331
0.75886625,0.17820661
0.7598161,0.11658496
0.117381215,0.6481143
0.111857176,0.8722468
0.11343667,0.76724184
0.7714454,0.13099746
0.8692803,0.15666474
0.10763188,0.8767663
0.7787807,0.12780929
0.76550764,0.14735332
0.09927977,0.8892339
0.7542986,0.27520907
0.1136635,0.76860684
0.10438196,0.78089654
0.7721781,0.25948444
0.77793384,0.13766222
0.7497086,0.100225896
0.7574737,0.2281281
0.117734045,0.6927152
0.7509465,0.28027654
0.76262665,0.03275818
0.10902095,0.8848489
0.10283932,0.91892725
0.76706517,0.107153386
0.11831362,0.811745
0.7487631,0.25132495
0.09945681,0.9101669
0.110974275,0.88020605
0.76287293,0.1779631
0.11260715,0.8222932
0.11078855,0.65776217
0.78243715,0.34904194
0.103520155,0.74743986
0.7646888,0.14967959
0.0922957,0.77634174
0.7528926,0.24133103
0.7547621,0.17189753
0.7852042,0.25789356
0.102881685,0.816782
0.10955089,0.75681376
0.7693898,0.23106636
0.7630976,0.124903075
0.7923979,0.09612772
0.11364244,0.85485595
0.11019164,0.9149572
0.1093548,0.79017913
0.7548877,0.1308613
0.7757945,0.101643756
0.10260579,0.84407705
0.9075789,0.28859302
0.10680606,0.7153321
0.10371669,0.8586481
0.09942406,0.89804864
0.1151895,0.8064725
0.7854842,0.08568041
0.76121557,0.1416915
0.7681763,0.29326156
0.09913941,0.8272149
0.77464724,0.17800154
0.7476654,0.2128841
0.7564995,0.2429091
0.10862695,0.7241421
0.7666519,0.31985486
0.11812558,0.71222407
0.8154401,0.31328303
0.10835775,0.7993079
0.76259625,0.13632926
0.100016005,0.8053222
0.77517354,0.25388348
0.77626354,0.29174277
0.107725486,0.8311769
0.10008122,0.6695296
0.11584812,0.8580506
0.10310139,0.7055417
0.10303347,0.8984588
0.103466436,0.7684466
0.76570827,0.11845782
0.76402104,0.27995932
0.108937316,0.7333686
0.773053,0.09716108
0.11670847,0.64493096
0.77774566,0.24255022
0.77263814,0.24151047
0.75024194,0.14602679
0.7583282,0.21616521
0.10393784,0.8405668
0.107868254,0.6873594
0.75027823,0.030105097
0.111974165,0.67617995
0.7656569,0.19844757
0.76821816,0.09972284
0.75189734,0.12810887
0.10668607,0.7924957
0.104775675,0.7797046
0.78420913,0.15756032
0.11019359,0.8421577
0.77003694,0.10760357
0.77802736,0.15106219
0.11051852,0.82243425
0.09120016,0.8594027
0.1028805,0.78482807
0.10406896,0.8871495
0.09656917,0.67486465
0.7672159,0.12471723
0.7657977,0.16825916
0.112881236,0.6612035
0.11186296,0.798973
0.09730611,0.73921627
0.10274545,0.72134
0.10492591,0.84805983
0.7861139,0.1792704
0.111720845,0.76780254
0.7571699,0.20444103
0.7749522,0.24456567
0.7781589,0.15181038
0.73406696,0.25021148
0.7865853,0.108915694
0.118333526,0.66055626
0.7765526,0.33092058
0.096315004,0.7519049
0.7556519,0.23587267
0.75717324,0.15687622
0.10872234,0.7641802
0.7467734,0.1979397
0.77582294,0.09228748
0.11911094,0.61658174
0.74197495,0.22533403
0.11505436,0.64815116
0.7461134,0.2847544
0.7626735,0.22615913
0.10594257,0.7579112
0.09731489,0.8620414
0.78832823,0.26033196
0.11001995,0.8235397
0.119138375,0.75660706
0.116825454,0.75568104
0.7627764,0.16873658
0.10950391,0.8759028
0.09866976,0.79286265
0.7882148,0.16883431
0.7508526,0.11338877
0.11493939,0.73538244
0.77930754,0.17146496
0.12597215,0.65039253
0.11712212,0.8592201
0.77139807,0.12006793
0.7675012,0.15316576
0.786461,0.2030488
0.10948258,0.768288
0.12019941,0.71626776
0.756125,0.16595373
0.12709536,0.7323785
0.7540592,0.34117883
0.10692017,0.8913054
0.76091903,0.24357878
0.7663561,0.17898043
0.7739088,0.104958504
0.7612713,0.16058028
0.7631006,0.32986638
0.7613422,0.30050948
0.7688935,0.098889746
0.77334034,0.29009902
0.7498948,0.15412861
0.7850758,0.19918133
0.77162236,0.12509532
0.75891906,0.10660386
0.75226235,0.2171457
0.10832849,0.73708385
0.11266305,0.7484652
0.110473186,0.73151815
0.7646967,0.27028102
0.11641735,0.84425807
0.10874188,0.67106444
0.11253448,0.72519624
0.113980606,0.6493063
0.10174929,0.64018875
0.782521,0.39346182
0.7615535,0.16246755
0.79973483,0.22768752
0.10879052,0.72298056
0.10489213,0.8467157
0.76673275,0.16972668
0.09923424,0.7986318
0.10949618,0.8090695
0.776,0.1314717
0.10638343,0.8266878
0.095660254,0.7489538
0.75923365,0.18174085
0.7613076,0.14959627
0.7546484,0.19830658
0.11297118,0.7313772
0.10024314,0.59843314
0.10813748,0.8147457
0.7637111,0.31733954
0.11604497,0.778048
0.7586177,0.17132558
0.74980396,0.20582685
0.10414288,0.8431126
0.10337699,0.65033644
0.7712681,0.1801804
0.7862873,0.114897944
0.7677809,0.1222596
0.112151735,0.81114584
0.7665192,0.1157006
0.78030336,0.17828992
0.7584225,0.06889679
0.11075021,0.80026114
0.09442243,0.9481432
0.7481891,0.17588836
0.7732112,0.118661284
0.11445125,0.8149797
0.771983,0.13217662
0.74432266,0.079499505
0.7786803,0.108372584
0.104636006,0.8017799
0.75836885,0.37360376
0.77598774,0.11545708
0.7630313,0.19490851
0.74591124,0.18014514
0.75295246,0.09667724
0.113088556,0.6952065
0.109233655,0.81365955
0.7737817,0.11709603
0.76899755,0.087601334
0.106911324,0.85585886
0.7820903,0.23136115
0.76077324,0.17390336
0.79017437,0.19795091
0.7772949,0.15359671
0.76276886,0.13877247
0.7748402,0.10268032
0.76527905,0.10425679
0.8233972,0.10377616
0.116360165,0.7567144
0.7522579,0.109979495
0.74858636,0.1509148
0.7797965,0.083286874
0.75516534,0.1305569
0.106571004,0.8915393
0.7741745,0.21382293
0.74564236,0.18526547
0.7992929,0.19272165
0.7620266,0.17764267
0.7654556,0.08407671
0.11164319,0.7553735
0.06805199,0.8417364
0.7705762,0.17948669
0.11550697,0.8325099
0.10898397,0.8487936
0.7896722,0.14645295
0.107980646,0.8103079
0.10596677,0.76895285
0.7613078,0.049538594
0.7571321,0.21005479
0.75771064,0.1732449
0.1103082,0.6980182
0.7969774,0.24348426
0.7786951,0.11908584
0.11583643,0.7935275
0.7600643,0.21089269
0.7644837,0.1368099
0.77301586,0.14332405
0.106980294,0.78676665
0.7591164,0.2523599
0.7590859,0.31611073
0.109399505,0.85679615
0.11017144,0.8117803
0.7408679,0.32849658
0.77760804,0.12530841
0.7791814,0.43235764
0.75245506,0.2105242
0.1078987,0.79780835
0.75882375,0.09699766
0.7545291,0.16590086
0.11522506,0.7778253
0.104824476,0.73923707
0.768549,0.16576469
0.76711947,0.18984587
0.7199823,0.41961294
0.10674732,0.8618347
0.77104187,0.16257009
0.7564352,0.36543944
0.75900173,0.13866833
0.10269556,0.73831266
0.10994021,0.8437101
0.7690538,0.1439857
0.115274854,0.6768817
0.11666895,0.9049954
0.11553365,0.84391683
0.7618231,0.22939377
0.79128677,0.25496492
0.7827977,0.17168444
0.11128329,0.81484985
0.10590509,0.8829937
0.76780033,0.15347816
0.7971762,0.1434474
0.11130409,0.84599954
0.08612788,0.71511906
0.1128262,0.822077
0.117818974,0.8037938
0.7843967,0.11519113
0.9329472,0.31908265
0.10245962,0.85096127
0.76415604,0.14297478
0.75792587,0.20096767
0.110547215,0.7421144
0.10920661,0.716279
0.76749986,0.21301387
0.77077496,0.14646415
0.11055858,0.83293283
0.10933783,0.7664248
0.7870586,0.15390593
0.10357576,0.76772887
0.10929685,0.8073008
0.10614233,0.81610435
0.77485615,0.235972
0.7569208,0.3615928
0.75623375,0.24979974
0.80033547,0.13350797
0.76901287,0.19386394
0.7659748,0.20260982
0.76155406,0.16840975
0.7717016,0.18751322
0.10572283,0.84851485
0.11481841,0.8258387
0.11353295,0.7724535
0.11210603,0.7673684
0.10481295,0.7872248
0.76747686,0.21320613
0.10772948,0.6673011
0.76603556,0.15042296
0.7591975,0.09418597
0.104338184,0.80771893
0.77027994,0.124235
0.7568532,0.16510302
0.7790768,0.16526163
0.112130865,0.8061857
0.1153121,0.77595085
0.115224734,0.7202233
0.7745081,0.2320132
0.10773222,0.8354753
0.10826728,0.8392707
0.11372429,0.73899513
0.80220217,0.176989
0.7756963,0.18272774
0.110435516,0.83534557
0.117096305,0.74109393
0.7776668,0.23305136
0.7648399,0.24975649
0.11760815,0.7238729
0.76705873,0.1426063
0.10444384,0.6871223
0.74853474,0.29442948
0.1147911,0.79716265
0.77255493,0.1750024
0.78456074,0.15504983
0.11778169,0.69462335
0.11455334,0.63105196
0.7630416,0.30186164
0.10401414,0.7509324
0.8753336,0.20563939
0.7557171,0.0957304
0.10945454,0.6948092
0.79764915,0.1618876
0.10997316,0.6758499
0.79320556,0.14697362
0.7921233,0.12613669
0.75540173,0.2905396
0.7802497,0.11416098
0.1102834,0.7349178
0.10966778,0.8454196
0.7688895,0.14829215
0.79072046,0.26607227
0.10726871,0.7487872
0.765239,0.21817264
0.10459556,0.88013554
0.10716642,0.8855923
0.11153882,0.75827163
0.757797,0.1490163
0.7518236,0.10295748
0.7737918,0.26530647
0.7503938,0.3052613
0.7599495,0.15212439
0.119201906,0.7935227
0.10554526,0.84332407
0.76727957,0.14772983
0.10012355,0.76011086
0.7490514,0.148172
0.7646423,0.3252315
0.7628752,0.085185364
0.101126835,0.85002565
0.0995631,0.7753869
0.10886874,0.8965475
0.112980425,0.6952033
0.118827745,0.80515236
0.7656509,0.23583262
0.098085076,0.8518216
0.7346468,0.1571678
0.10389412,0.79607165
0.7640757,0.11963536
0.7849663,0.22394662
0.7566754,0.19599795
0.782133,0.11405684
0.09515005,0.7733843
0.11019679,0.8587795
0.08746719,0.9024448
0.108448155,0.7245955
0.12035866,0.77961487
0.113119036,0.8158464
0.77138263,0.15349899
0.76155615,0.1977891
0.7449241,0.1756112
0.1118065,0.71981
0.107431225,0.9065734
0.76167727,0.19452082
0.11476017,0.8545788
0.11470292,0.7147377
0.12251851,0.71735555
0.77765596,0.13390689
0.7659176,0.29645774
0.1112298,0.8234003
0.7499482,0.26480502
0.7744817,0.08721202
0.11146945,0.6655612
0.76404643,0.13883014
0.11900102,0.6781986
0.10376519,0.88478804
0.102042496,0.8549409
0.7727431,0.19411868
0.11407848,0.8337627
0.76549655,0.1566295
0.7996034,0.32130796
0.100936286,0.7535743
0.74604714,0.29782274
0.79098326,0.19698645
0.10880412,0.8746756
0.10428099,0.69675416
0.10865772,0.89982057
0.10496718,0.82380885
0.121346496,0.6765821
0.10995543,0.8727611
0.75585645,0.30691147
0.11885429,0.8340014
0.10710306,0.7398939
0.7738128,0.18324521
0.11247921,0.71743566
0.10217388,0.67651
0.10579752,0.64837706
0.75783896,0.1921481
0.7669702,0.18343267
0.10944606,0.8708097
0.77114755,0.10997309
0.10868248,0.77638984
0.105986714,0.79210484
0.11223131,0.8110257
0.7724246,0.25466213
0.7781124,0.3025265
0.76167375,0.11850428
0.7813146,0.20706688
0.106138565,0.795889
0.76495665,0.12514019
0.11841861,0.84155214
0.1135099,0.74774104
0.113818556,0.76659936
0.10417055,0.87548786
0.11800942,0.8671441
0.11048187,0.9015989
0.7735436,0.18000577
0.10903581,0.8114294
0.76387894,0.23440835
0.11328353,0.79740137
0.107493766,0.82823867
0.7716,0.21522798
0.7395345,0.18533917
0.7543955,0.13675222
0.10618783,0.7693518
0.7736787,0.14735012
0.10443156,0.88329005
0.11106785,0.7643757
0.10040863,0.82800317
0.09720613,0.8365968
0.75833374,0.02639463
0.77466005,0.12609664
0.7598749,0.12923355
0.75557894,0.1969432
0.76621556,0.14743824
0.75676733,0.1262937
0.10812114,0.856088
0.7724423,0.17754655
0.7643555,0.22021693
0.7586808,0.14271845
0.10706934,0.89380467
0.7793667,0.31781057
0.7487886,0.29182768
0.10174329,0.74698645
0.10410917,0.85054314
0.09825825,0.82077765
0.11130588,0.86537856
0.11225841,0.68293923
0.102789134,0.47396904
0.10739979,0.8158929
0.75617987,0.18994041
0.752939,0.101936944
0.7844762,0.05589253
0.7816358,0.16522957
0.75792587,0.14912204
0.7407673,0.24843796
0.7698375,0.25607836
0.10153335,0.84370697
0.7711692,0.19109713
0.7634155,0.16186036
0.7473247,0.2222532
0.7724736,0.18867795
0.109719485,0.8194415
0.7762467,0.18675862
0.099928014,0.7628985
0.10297622,0.8609648
0.776172,0.17180781
0.114612706,0.8523567
0.11630565,0.81619567
0.77010363,0.12588036
0.7476344,0.19060847
0.116631836,0.7597424
0.77920705,0.12488064
0.102120586,0.7783668
0.7517885,0.49330002
0.76076335,0.083991796
0.7529676,0.14369734
0.11003481,0.74608606
0.020443128,0.70260024
0.76171243,0.17023295
0.10979391,0.82322407
0.7754794,0.15169503
0.7715546,0.25926816
0.05742568,0.9282114
0.77263904,0.109248936
0.78008914,0.160819
0.76454234,0.2018248
0.113043815,0.8427393
0.11169866,0.81657696
0.7828842,0.1579304
0.111058176,0.81140375
0.11442074,0.83500916
0.11041498,0.82365185
0.10740712,0.716923
0.7687594,0.15589254
0.1028628,0.7264315
0.75438,0.14608446
0.755374,0.088118814
0.1080907,0.6071742
0.7427183,0.21610433
0.1120196,0.79283863
0.106162935,0.7388365
0.08245833,0.7641626
0.75197494,0.3089974
0.7872743,0.20435932
0.11455103,0.8449854
0.1102766,0.8862139
0.78671324,0.20056875
0.75737095,0.13615464
0.75007445,0.32059664
0.767495,0.1682912
0.7574279,0.16160724
0.76236856,0.22924477
0.105778664,0.7225464
0.12169474,0.69190776
0.11042211,0.64102185
0.7688619,0.15497772
0.79655105,0.115219966
0.10139164,0.8241373
0.7595047,0.17185427
0.108850546,0.8158848
0.10293646,0.82992727
0.106229566,0.89711463
0.10418871,0.8059678
0.098084606,0.69141114
0.11286126,0.71170014
0.11879288,0.66111857
0.7499356,0.20033163
0.11072736,0.7736214
0.10819873,0.8419094
0.11492367,0.5944759
0.7737152,0.15406133
0.10332892,0.8388718
0.10846047,0.7722372
0.77483845,0.09915409
0.7674853,0.16039123
0.12580633,0.7312874
0.7788587,0.22524272
0.10644385,0.7517799
0.0991895,0.8442741
0.75917053,0.12769233
0.11125024,0.8417572
0.11276607,0.8368131
0.111084655,0.8339774
0.76892555,0.20383383
0.76460165,0.10006248
0.75297856,0.11205101
0.11958967,0.6921385
0.74797094,0.08519177
0.10392143,0.77130795
0.76360095,0.084392324
0.10913526,0.627585
0.11534307,0.8290846
0.7334934,0.24637124
0.76095325,0.20722228
0.092444345,0.8014547
0.75424796,0.21405204
0.75429285,0.12035631
0.11289893,0.8863965
0.107403986,0.8613525
0.7564158,0.15481912
0.106676295,0.7960332
0.10527491,0.86618125
0.7329536,0.13682592
0.1145229,0.77040595
0.101696074,0.7857333
0.11103952,0.75256175
0.7729349,0.25812104
0.7516152,0.10159089
0.7705243,0.18857542
0.10985852,0.66182834
0.11056366,0.8116553
0.7452395,0.13259476
0.104470454,0.86560607
0.102096215,0.8048784
0.746694,0.23802109
0.11032236,0.7975536
0.77625364,0.052901406
0.099380344,0.9045115
0.10875839,0.83443075
0.77596176,0.24174117
0.11713748,0.79406583
0.101221666,0.79616135
0.1047551,0.8243119
0.7673514,0.23408793
0.11522836,0.69334805
0.099566035,0.86513186
0.09331722,0.8587363
0.7697551,0.15748182
0.110407844,0.64150083
0.10864055,0.63889265
0.78326786,0.16290173
0.77388096,0.2033532
0.097980835,0.82026017
0.11293545,0.7491909
0.09950106,0.7733346
0.7676484,0.18997724
0.013232259,0.6419719
0.115741335,0.8791503
0.75130564,0.24419878
0.107146315,0.77014804
0.7703431,0.195285
0.101881266,0.8685523
0.77370316,0.12091544
0.7698793,0.20550802
0.7570125,0.21948637
0.105229706,0.8000769
0.7746442,0.17555833
0.11212875,0.8558733
0.115308665,0.7480967
0.11047415,0.7864783
0.75786275,0.23493704
0.104447246,0.9116665
0.086012475,0.83184177
0.78196996,0.11167932
0.7606232,0.25445864
0.76348615,0.11883271
0.75524044,0.13139799
0.76603305,0.11736518
0.10954528,0.8105178
0.75369656,0.14929026
0.7639397,0.104450636
0.7426863,0.23630203
0.09888959,0.7045756
0.7618697,0.24982217
0.75786155,0.2956503
0.7792127,0.11892403
0.7797917,0.24689832
0.7556677,0.17760903
0.10099503,0.8020667
0.75738466,0.17602935
0.7762494,0.12802076
0.7730905,0.112663016
0.7688883,0.19795091
0.10303869,0.7989042
0.10614966,0.7568698
0.11133411,0.8194351
0.7581393,0.12564485
0.11518544,0.8723686
0.10683102,0.751687
0.11053305,0.843896
0.112201296,0.724054
0.10051894,0.77107245
0.9374121,0.19826813
0.1027442,0.7406806
0.103179574,0.767668
0.781223,0.15183441
0.7445913,0.16485949
0.79448503,0.17006472
0.069333486,0.8096222
0.7567469,0.2948925
0.07230984,0.83343905
0.7791659,0.08468711
0.76600665,0.23442276
0.11301767,0.7945208
0.7800206,0.06862604
0.10210117,0.7047326
0.10506835,0.8651719
0.75644404,0.271489
0.77988154,0.16186036
0.10753563,0.6178618
0.10084691,0.7599074
0.09894655,0.774847
0.115791194,0.7953107
0.108750895,0.5593819
0.1101647,0.86079013
0.09369557,0.84718513
0.10663565,0.89636964
0.75836414,0.15681694
0.7640361,0.12216187
0.797335,0.26428273
0.101974085,0.87573457
0.10262837,0.75748664
0.10462491,0.79447114
0.10337752,0.81099844
0.7724147,0.099661954
0.11498605,0.85872185
0.10626007,0.74126375
0.09297855,0.8046477
0.11077547,0.6833077
0.7809089,0.15610401
0.09984217,0.71953446
0.10557042,0.83365536
0.11742529,0.7769474
0.10520676,0.8947307
0.11568725,0.6921849
0.7666618,0.2587523
0.8015698,0.298015
0.76700747,0.18929635
0.11444187,0.8431478
0.7671455,0.22352527
0.11657798,0.846831
0.11485196,0.7314781
0.10995738,0.6137252
0.7592987,0.108463906
0.76448184,0.22307828
0.08589097,0.7894421
0.10578098,0.68572044
0.047017302,0.6830882
0.7923892,0.17516422
0.7644926,0.2115864
0.8059936,0.18099426
0.7531,0.18603928
0.79403585,0.19912365
0.10817763,0.8654202
0.76329243,0.1822391
0.11730333,0.79462177
0.11105147,0.8347977
0.7780782,0.1365808
0.09946863,0.78984106
0.111307725,0.666476
0.108243965,0.81392866
0.75740397,0.25650454
0.7668569,0.07260566
0.10495387,0.8874844
0.7575088,0.13022526
0.12096283,0.75521165
0.1103463,0.8143292
0.7567605,0.116815664
0.10101751,0.865824
0.11092075,0.7325371
0.106311545,0.8689336
0.10133532,0.7585857
0.11235077,0.8361018
0.75915563,0.21841136
0.75039774,0.30265468
0.79571426,0.11031113
0.750419,0.3452802
0.75719845,0.1373482
0.7279573,0.262482
0.81192803,0.12946907
0.75587875,0.14877279
0.77817315,0.19574642
0.7719371,0.11465763
0.10673752,0.8343587
0.7553682,0.1542712
0.10095957,0.68882215
0.10829432,0.80331475
0.098954275,0.8121632
0.78060013,0.14631517
0.117895015,0.7408856
0.77044785,0.1769041
0.092031196,0.78130186
0.083248824,0.87039477
0.7715133,0.08698452
0.10758909,0.8081339
0.7573926,0.2228668
0.762764,0.21238905
0.7666367,0.21132526
0.10198092,0.87676793
0.76813513,0.16015092
0.092222266,0.83500755
0.7953961,0.11139415
0.11357703,0.7660643
0.11319801,0.8170672
0.11550387,0.8397658
0.10891206,0.7837659
0.09837478,0.830347
0.7447342,0.1470361
0.110348776,0.82044125
0.7703224,0.19124612
0.117696345,0.6370406
0.76116407,0.22913903
0.76089305,0.3545788
0.104174316,0.89064693
0.1017458,0.85286134
0.781485,0.13410875
0.9330202,0.2708754
0.10118538,0.84379506
0.11636541,0.83996445
0.10443754,0.8718495
0.11148523,0.79836583
0.10954545,0.7530456
0.75806564,0.17870647
0.103175975,0.87044764
0.10714988,0.8201272
0.09899621,0.85680735
0.09567488,0.7958874
0.11003395,0.83342946
0.76207167,0.099021114
0.77040493,0.11417059
0.10832044,0.9229854
0.76654375,0.15557852
0.77182084,0.13740908
0.75847375,0.13961677
0.7664676,0.13897754
0.115397155,0.7644333
0.1043049,0.79682624
0.08369361,0.81550837
0.114663094,0.8304624
0.7590041,0.13191387
0.7606459,0.21103047
0.10706238,0.87924635
0.7500735,0.19752635
0.111760005,0.8103768
0.11144835,0.8394101
0.10271692,0.8011439
0.117525436,0.78903043
0.76687515,0.10474863
0.10646984,0.6313355
0.86382186,0.2504726
0.028733924,0.62055975
0.10641615,0.8031081
0.77824605,0.114758566
0.11794104,0.6822711
0.09951658,0.8326108
0.10866607,0.7938287
0.7574658,0.1323913
0.77562034,0.06173059
0.097333774,0.91348326
0.10780103,0.69430614
0.7610433,0.06549713
0.1021812,0.7672482
0.780198,0.18292
0.11865162,0.78186584
0.10819431,0.66454226
0.10762745,0.90182
0.75682575,0.18428658
0.7614211,0.117245026
0.10577946,0.87602293
0.75510615,0.27535486
0.75894314,0.14592905
0.75754696,0.09468743
0.11795131,0.7201368
0.7633677,0.26208785
0.11236899,0.8436172
0.7739084,0.24940401
0.09880976,0.74332887
0.7617987,0.19022878
0.104830354,0.8734932
0.08277907,0.85597587
0.7838677,0.23862188
0.08742958,0.72176296
0.11485113,0.7926415
0.7656043,0.12674388
0.7793362,0.1788811
0.10438632,0.7882598
0.116545066,0.66736037
0.11027864,0.6559486
0.08833134,0.8012897
0.10281093,0.8567849
0.78621364,0.21270947
0.7889772,0.22829312
0.76493764,0.1109007
0.7765197,0.23450768
0.108415596,0.743441
0.7598311,0.276832
0.75745016,0.21379891
0.76581126,0.18233843
0.78433543,0.13044634
0.09843503,0.83380914
0.109372064,0.75212276
0.7706965,0.19973245
0.7635723,0.053236246
0.11437418,0.760811
0.10673217,0.69831777
0.09481815,0.8602807
0.7655137,0.22148098
0.7527426,0.095848955
0.78333986,0.15390752
0.7537107,0.17760262
0.0981835,0.8855699
0.7645491,0.14636484
0.10739012,0.7855811
0.112754054,0.87855107
0.11693085,0.7890336
0.107798226,0.7992983
0.11577851,0.8423788
0.7795573,0.376973
0.7853419,0.14825532
0.78434294,0.17627287
0.7852161,0.1413871
0.7717601,0.1274328
0.7653975,0.13049762
0.77302206,0.1434474
0.7744968,0.110567465
0.76104265,0.20702042
0.0995667,0.85721105
0.10232814,0.8386539
0.7558378,0.085140504
0.77878624,0.10088436
0.7678995,0.19121568
0.74462867,0.14829536
0.80270964,0.15455797
0.10607963,0.86358905
0.77650297,0.15890288
0.10132917,0.86472815
0.101757154,0.77883464
0.115160085,0.78433627
0.7600825,0.21137813
0.7711446,0.061397355
0.10833285,0.8709074
0.107234836,0.8618475
0.11329284,0.8441844
0.11274401,0.91561407
0.120244086,0.59995514
0.10781526,0.873349
0.77157426,0.07847896
0.11358598,0.8172002
0.10335487,0.8236422
0.10482593,0.7043946
0.7577413,0.15494089
0.10706766,0.64134383
0.09782581,0.82336503
0.11674086,0.8050418
0.7591411,0.123565316
0.11335016,0.78615624
0.11067265,0.7039107
0.7900186,0.14929987
0.099717885,0.71475536
0.75688225,0.18416482
0.75384986,0.075423755
0.78604656,0.105049826
0.119834796,0.8470569
0.7661296,0.12579064
0.11207876,0.8696738
0.7812542,0.027929444
0.124606945,0.6873065
0.11107567,0.7808645
0.77514577,0.13868596
0.110192135,0.7330113
0.10425445,0.5411099
0.11224934,0.6960492
0.7660621,0.19653305
0.7504981,0.16771604
0.76000684,0.19073024
0.10762346,0.90810186
0.7835061,0.17345478
0.10392955,0.83783364
0.7507747,0.08904002
0.11025768,0.890892
0.11178173,0.77698743
0.10642213,0.7807459
0.76804954,0.2674613
0.8194328,0.095100775
0.11121527,0.69736296
0.7684201,0.18189465
0.7606397,0.091933414
0.11670408,0.78511006
0.10568176,0.833854
0.10056966,0.8092954
0.10905724,0.8516998
0.76137906,0.18267006
0.7422391,0.34091607
0.11571829,0.5798616
0.76478946,0.21591689
0.7714668,0.15698516
0.10538813,0.8276523
0.7822476,0.12959884
0.10686483,0.80407894
0.0840715,0.894327
0.108551465,0.7978612
0.7688711,0.14083438
0.107757315,0.8259204
0.7547099,0.16941588
0.78400916,0.17812009
0.72535276,0.21971066
0.10095785,0.90073377
0.112648495,0.81878626
0.09836913,0.7595902
0.7600278,0.10780063
0.10893256,0.87307507
0.10035501,0.7506008
0.10719076,0.79279697
0.11347213,0.64940083
0.11145063,0.722681
0.11264882,0.6167804
0.76687485,0.18319716
0.10027177,0.86241627
0.094614305,0.66563654
0.7524656,0.12531962
0.75083756,0.15224615
0.7733483,0.08896472
0.10963126,0.9211814
0.7584929,0.2109023
0.7919605,0.1699766
0.80677295,0.11007081
0.75091666,0.14986862
0.11453492,0.74193823
0.7624825,0.2651703
0.11158468,0.8508539
0.10513983,0.73466307
0.11156368,0.70331633
0.7555385,0.09655388
0.10864293,0.8722019
0.7832915,0.22315678
0.76817435,0.20672242
0.7717753,0.115016505
0.11095578,0.76783943
0.11077405,0.847238
0.114503026,0.8976641
0.7696147,0.23553622
0.11211961,0.8233042
0.10926578,0.80212116
0.7620393,0.18508123
0.7795553,0.13514051
0.10122477,0.6817601
0.10480051,0.6561088
0.111146234,0.6348377
0.09819895,0.87633216
0.10031905,0.8157567
0.08910476,0.61827356
0.76681334,0.2797927
0.77066195,0.073488414
0.7556199,0.1743103
0.06618854,0.88073635
0.119373135,0.7087619
0.75311184,0.2698164
0.75445426,0.24672851
0.758192,0.13234164
0.7530606,0.22971739
0.107897505,0.8375116
0.11199054,0.84524333
0.10423216,0.7775129
0.11688297,0.8003669
0.7854497,0.08838156
0.113073304,0.6935387
0.77783346,0.111725785
0.774935,0.2169182
0.117895834,0.73311865
0.10427297,0.8368163
0.7730567,0.0823208
0.75560737,0.13956872
0.7616326,0.17577142
0.77103347,0.27436638
0.09359147,0.80092925
0.76451194,0.2080089
0.10749905,0.8718094
0.10053452,0.77883625
0.1189233,0.7022926
0.77058095,0.14485085
0.7589788,0.2048784
0.102706924,0.70966387
0.76045865,0.23068185
0.7560307,0.14552693
0.75135607,0.2842081
0.79099107,0.06513826
0.7584518,0.19202633
0.7725807,0.19520171
0.7803735,0.0934458
0.10718191,0.90286297
0.7681877,0.1836153
0.7400945,0.18913935
0.7681195,0.21934378
0.7736822,0.059636645
0.7445052,0.13629562
0.7542725,0.13162869
0.7641148,0.1727098
0.7703201,0.17575379
0.11597801,0.5494649
0.76067513,0.08167516
0.75249135,0.2634288
0.10189798,0.75828284
0.7749737,0.19462815
0.10616363,0.7990291
0.10864091,0.8243776
0.10139934,0.81704473
0.77893484,0.17004229
0.11085729,0.7507306
0.072122,0.88944376
0.767013,0.11501811
0.75401086,0.15558493
0.759445,0.15022269
0.76338285,0.23700054
0.7757944,0.13797462
0.10479981,0.8497485
0.11292528,0.63191867
0.11506651,0.71914995
0.1123123,0.7272181
0.1018391,0.8407463
0.74879825,0.15748502
0.75307393,0.1301836
0.7637224,0.06840175
0.75254166,0.109808065
0.1145508,0.8369397
0.7762666,0.27357814
0.74807936,0.2305633
0.12145526,0.805303
0.10766991,0.6997421
0.10862711,0.82197446
0.110841505,0.87043804
0.122960955,0.8408728
0.11321835,0.8151975
0.7902927,0.0761431
0.10976416,0.7893957
0.76902026,0.13958474
0.12235613,0.70507544
0.098715484,0.90469736
0.11009916,0.84485084
0.7616387,0.22494633
0.11311837,0.7990724
0.7565139,0.18467109
0.12837507,0.7849659
0.77488637,0.2581675
0.7990487,0.20988818
0.11868867,0.74652183
0.7769452,0.050216284
0.10918614,0.8410987
0.7593877,0.14937678
0.11894367,0.79272324
0.7653439,0.17988881
0.112805165,0.80697876
0.09792936,0.6480663
0.741458,0.20034446
0.75829756,0.1288811
0.75801516,0.21335351
0.7642325,0.23748438
0.10930213,0.7330914
0.09676953,0.7332965
0.11828588,0.6828351
0.7628372,0.15344451
0.11202399,0.6659121
0.7633702,0.23909289
0.78745365,0.12866642
0.1162511,0.7061745
0.7527048,0.1622817
0.09420498,0.8087507
0.76109684,0.22092986
0.11063818,0.8576116
0.109684914,0.80818194
0.09124939,0.7602727
0.7612575,0.11686693
0.108777836,0.787494
0.10650797,0.8613605
0.75908244,0.16698709
0.09203552,0.8911051
0.10621408,0.8788378
0.11551879,0.7015028
0.7691566,0.1349787
0.11493837,0.89966035
0.10380309,0.82727736
0.10487506,0.8198116
0.76578873,0.17335865
0.10872508,0.7945352
0.7659805,0.14930308
0.7590435,0.28098947
0.75185335,0.13803871
0.106185086,0.85200906
0.10904737,0.8002323
0.7562536,0.10851197
0.910679,0.41248518
0.11205044,0.7769265
0.7713668,0.1128777
0.7599582,0.10612483
0.745309,0.19007337
0.7669212,0.19819924
0.74689966,0.36600178
0.10051613,0.7305793
0.11399015,0.62719727
0.10416421,0.7366657
0.7816306,0.12213624
0.114727944,0.8602887
0.10792501,0.7584158
0.76911736,0.085202985
0.10478522,0.8132926
0.7616651,0.18100388
0.10223014,0.75590694
0.7642552,0.24689512
0.75950325,0.2984764
0.77952874,0.20484315
0.7807381,0.19910443
0.110202074,0.79157937
0.7651901,0.19629595
0.77416897,0.12746803
0.7612486,0.11711685
0.11100931,0.7403233
0.7555808,0.078953184
0.10887333,0.67791826
0.11293714,0.8073905
0.111800715,0.82814413
0.107134394,0.9227819
0.104351655,0.85368323
0.7796392,0.18492101
0.9210134,0.33728412
0.75473434,0.2846775
0.10893494,0.87594444
0.117862485,0.65900064
0.10982488,0.72288764
0.75013494,0.09732449
0.102628104,0.8179852
0.10935991,0.8833429
0.8099629,0.2545756
0.76132834,0.14683905
0.78090495,0.277138
0.09344202,0.7932039
0.74889237,0.1498494
0.798039,0.16545068
0.74535364,0.11259572
0.75359815,0.22641066
0.7633042,0.2136371
0.08431722,0.7828559
0.7900977,0.21438688
0.11047075,0.6855138
0.76152396,0.21982922
0.7714692,0.14911564
0.09620429,0.90095484
0.77606094,0.19665481
0.11920491,0.7479637
0.10759087,0.77596045
0.10190798,0.8516662
0.78140944,0.16116986
0.10894359,0.7765997
0.769884,0.16263418
0.7603514,0.09611811
0.7677648,0.11749976
0.11286961,0.71911305
0.7551355,0.28164953
0.75877357,0.25794002
0.75889647,0.18968727
0.77614427,0.115905665
0.11528628,0.8630075
0.11389014,0.83528787
0.77544385,0.14337371
0.108928405,0.7818642
0.11402855,0.70815307
0.09173991,0.71118265
0.09819156,0.83434904
0.09403863,0.8649108
0.111575365,0.76331025
0.7639299,0.16368034
0.10632363,0.8592105
0.109790936,0.864491
0.10748168,0.95405173
0.7722872,0.28613862
0.7594597,0.27859753
0.10212699,0.86376524
0.100038655,0.79917014
0.7662411,0.24232432
0.10695134,0.66203016
0.11505925,0.6888173
0.761128,0.30316576
0.10723018,0.705649
0.113310374,0.8823753
0.114317365,0.711415
0.057626896,0.75485116
0.100935005,0.78302413
0.11577191,0.8912333
0.10269041,0.92647797
0.103420645,0.71032554
0.7577213,0.33383
0.1084292,0.7547454
0.10573393,0.8543305
0.091666274,0.86803323
0.117044,0.86541384
0.0928968,0.85369766
0.773555,0.21475215
0.78449535,0.30859688
0.0811594,0.65451795
0.7678295,0.16749816
0.7442152,0.20132494
0.103344634,0.8039972
0.12302541,0.7673604
0.11096384,0.7750873
0.76704395,0.088288635
0.10972417,0.77480054
0.7576849,0.123252906
0.75678253,0.18828543
0.7557235,0.21720177
0.10504513,0.82907176
0.74641365,0.29132622
0.79110307,0.09702169
0.11037839,0.75064725
0.7676297,0.13129707
0.10842715,0.88417125
0.11777604,0.6640985
0.11332678,0.755625
0.09990163,0.82437116
0.7612006,0.14824249
0.112151965,0.77452976
0.7621958,0.22856548
0.77349895,0.28070268
0.7621789,0.0833077
0.7786683,0.16567656
0.10005484,0.6919783
0.102272466,0.87539333
0.108268365,0.7612916
0.7614558,0.09163383
0.76844877,0.1724855
0.10856005,0.8654667
0.7789847,0.1520635
0.7714503,0.120872185
0.76346475,0.17356211
0.11320828,0.77528757
0.10846175,0.8227739
0.10308755,0.8294771
0.10194192,0.7842209
0.7959459,0.26225927
0.7630849,0.25719985
0.120439425,0.8302813
0.7743688,0.12302381
0.10469864,0.74615014
0.7759467,0.1528213
0.10876569,0.76739883
0.76217043,0.23251787
0.76435715,0.23862828
0.7718548,0.1500753
0.106942825,0.81222886
0.76268405,0.106919475
0.77491033,0.3380932
0.7752113,0.2550194
0.75910413,0.19472589
0.10898671,0.8851693
0.11617242,0.8242751
0.107332036,0.8318145
0.7552564,0.2616425
0.09700805,0.8316191
0.76217085,0.16096799
0.77798086,0.20286296
0.7813659,0.1554103
0.10603393,0.82472366
0.7844647,0.011312442
0.11072687,0.7556666
0.7621308,0.2198164
0.7648481,0.13720882
0.10398565,0.810239
0.75921464,0.12531321
0.76601774,0.11551315
0.78242856,0.15947963
0.11424495,0.77772117
0.10708094,0.72540295
0.106711894,0.76315325
0.10401645,0.8273591
0.101844914,0.728801
0.754544,0.17175815
0.0876164,0.8507834
0.10163175,0.84285945
0.097798675,0.86793715
0.77043796,0.12752411
0.113345936,0.62017524
0.76941025,0.12611106
0.10932541,0.81419945
0.109722026,0.6766574
0.7609872,0.22422378
0.11650353,0.79145116
0.10604869,0.6318017
0.105118334,0.6771428
0.7662563,0.39994875
0.12007074,0.88395333
0.11348593,0.8070044
0.10570101,0.9248438
0.10721595,0.62929285
0.11278275,0.8257089
0.77875495,0.22220033
0.12170904,0.76651925
0.77606606,0.24120606
0.10694724,0.928809
0.11140229,0.5760534
0.11614825,0.7582156
0.75833917,0.2563427
0.10694675,0.7759268
0.7775735,0.17110449
0.10013144,0.83729696
0.11196617,0.7879762
0.10061417,0.8910939
0.75501794,0.19786279
0.115062945,0.7674469
0.111075476,0.8237592
0.8146821,0.08675062
0.7583924,0.19754398
0.11385071,0.69936395
0.114348166,0.7043417
0.74014735,0.23275977
0.11547303,0.6785607
0.7672794,0.09333846
0.10754296,0.8225656
0.7701349,0.13530232
0.106871635,0.748015
0.7658319,0.11833766
0.1088869,0.7948941
0.10705241,0.7258435
0.75705194,0.19755359
0.11958161,0.70718545
0.10561424,0.8776667
0.11470536,0.69180363
0.7662276,0.039578326
0.0966083,0.802613
0.11323529,0.75855523
0.77295697,0.04360601
0.76331496,0.16954565
0.115377344,0.8736422
0.7686882,0.16643275
0.08904635,0.8833061
0.73361504,0.22117017
0.11409267,0.91337115
0.76702964,0.24722837
0.10235703,0.82056135
0.11189386,0.84522897
0.7836798,0.18234484
0.7365198,0.31283763
0.7870529,0.166774
0.11264357,0.658371
0.1118303,0.7743311
0.09564305,0.82320166
0.110074036,0.84723955
0.76224214,0.120614246
0.055244204,0.6460925
0.106474094,0.84574324
0.10087465,0.7668573
0.756693,0.20430645
0.759777,0.14549969
0.11483842,0.7971354
0.75652933,0.14806466
0.7809876,0.106581435
0.08704664,0.847427
0.09316738,0.84509915
0.7601244,0.15491685
0.78041154,0.11778173
0.11333392,0.79775226
0.104720466,0.88818127
0.8550719,0.15333398
0.7499767,0.11566055
0.77123034,0.20782466
0.10243875,0.73914737
0.099324875,0.8790429
0.09191883,0.8213993
0.75053614,0.19943766
0.7747712,0.16278157
0.7738137,0.2319331
0.7867848,0.110130094
0.108798675,0.67954916
0.11014545,0.87419975
0.7425834,0.21357301
0.10296545,0.8158159
0.7450108,0.109327435
0.1069063,0.7795652
0.7732087,0.23832868
0.11114402,0.8567336
0.114357546,0.776023
0.106185615,0.89881283
0.7688774,0.18145406
0.10780351,0.8240492
0.7882136,0.08869557
0.7739227,0.1233218
0.10402028,0.900298
0.76033396,0.122109
0.75720704,0.27095228
0.10081498,0.78845364
0.110467084,0.807296
0.0980369,0.7150518
0.094972745,0.7997292
0.103658505,0.8631196
0.7490113,0.12846935
0.7785502,0.12679996
0.1131999,0.7355923
0.7556301,0.22475728
0.7534579,0.2515204
0.1108421,0.63220704
0.12360877,0.7287529
0.12273158,0.6429764
0.75643134,0.21261655
0.117880516,0.7369765
0.7592043,0.18286872
0.11161879,0.8281313
0.10644801,0.6945865
0.10353307,0.74281615
0.77782214,0.19894902
0.10794951,0.7098273
0.1098361,0.8995466
0.75584745,0.13067064
0.767192,0.15544555
0.11249598,0.80452436
0.769562,0.14662117
0.7418739,0.36346567
0.7734397,0.15553206
0.7753349,0.19973886
0.77869534,0.12502003
0.117216125,0.6958666
0.78402066,0.16953923
0.039757993,0.7763273
0.10579633,0.57191354
0.11946998,0.7551251
0.7648679,0.19197507
0.10567367,0.73670256
0.10784689,0.78962797
0.76244277,0.13293922
0.735695,0.16785061
0.11147166,0.75085235
0.100648075,0.8745394
0.7704831,0.2186773
0.11974809,0.75241756
0.10017839,0.8534846
0.116801284,0.86686856
0.09879892,0.81591046
0.101281926,0.8738809
0.7678665,0.13756448
0.1069171,0.91427153
0.7741016,0.10833573
0.7604907,0.28158385
0.10403138,0.72763467
0.1164756,0.6716893
0.76148087,0.1994665
0.11463147,0.86399275
0.11945119,0.78221023
0.10441277,0.71535134
0.78827435,0.1160787
0.76662207,0.13344388
0.7726763,0.14926784
0.770822,0.14621423
0.10134132,0.74523854
0.11257529,0.8436733
0.7688219,0.2677481
0.77793515,0.20630267
0.7499508,0.30468774
0.107303545,0.6155644
0.8057481,0.14288826
0.10273403,0.8723253
0.7849004,0.17032747
0.77416754,0.31932455
0.11259698,0.89454
0.096827276,0.7437342
0.751392,0.1938992
0.11350779,0.8801676
0.10818104,0.86349773
0.7597378,0.20612644
0.7706222,0.11432439
0.10443777,0.84637284
0.08604361,0.8576917
0.10661478,0.608222
0.73663074,0.12854625
0.7479235,0.16332948
0.1111286,0.62726456
0.11166881,0.658379
0.7544826,0.17291006
0.111581475,0.7573248
0.10809199,0.8208049
0.7665439,0.1780544
0.7711773,0.1752283
0.75332737,0.24620461
0.11642798,0.7868756
0.10610687,0.7875709
0.108889475,0.8703419
0.77562135,0.09529783
0.75519276,0.24404018
0.7627419,0.20863052
0.7745063,0.26865327
0.76460123,0.18599443
0.7677233,0.17895319
0.7435453,0.37144414
0.7699635,0.28418565
0.097412094,0.79015666
0.7577702,0.18687879
0.79020643,0.1624243
0.78050584,0.19394726
0.099850915,0.79006535
0.09363825,0.85922813
0.7703113,0.1889439
0.7595228,0.12741998
0.7538229,0.3631148
0.10425828,0.71985483
0.11789544,0.7706543
0.7734699,0.24860136
0.11006376,0.8376334
0.7765525,0.09327117
0.76923066,0.15132815
0.07329738,0.6890945
0.110872746,0.9149348
0.7657858,0.085185364
0.10714664,0.8493768
0.76310897,0.14088564
0.75359917,0.08518376
0.10695494,0.9215883
0.772961,0.08519818
0.77522844,0.32975104
0.10447115,0.70308083
0.10677915,0.74635524
0.10816453,0.6697331
0.09107871,0.8409625
0.11535149,0.7134336
0.09224056,0.830496
0.7635863,0.17030984
0.7778715,0.2221026
0.10187143,0.83327085
0.7590571,0.123573326
0.11232739,0.6369044
0.8489625,0.15211317
0.11563429,0.6733971
0.10691116,0.83656156
0.10746203,0.77579707
0.75535786,0.14610529
0.76569945,0.14394565
0.77123034,0.1660082
0.7602026,0.25217405
0.1017623,0.8523695
0.7716476,0.17298856
0.12218245,0.8541751
0.11424548,0.7285286
0.10649981,0.8135858
0.7697595,0.2406245
0.11395869,0.87223077
0.7555544,0.22780769
0.11440397,0.6267663
0.7719072,0.12802076
0.752067,0.40367523
0.103148475,0.7962927
0.76982695,0.15480791
0.11201266,0.8223493
0.77110255,0.20081067
0.7770194,0.12527315
0.770087,0.12913263
0.100978754,0.83976096
0.7583129,0.1593755
0.1096095,0.69704735
0.10543709,0.6909225
0.11827155,0.69456404
0.030493328,0.53479445
0.1155705,0.8606972
0.761308,0.13385883
0.11330869,0.83607936
0.7656195,0.12158993
0.10018017,0.87372553
0.7805074,0.19014227
0.113534205,0.56551313
0.11794804,0.6169182
0.10909181,0.74600595
0.76546514,0.26526162
0.104958825,0.7829184
0.10836032,0.8528117
0.7533414,0.27640265
0.78711605,0.1672947
0.104468144,0.6986494
0.77248573,0.17107245
0.106299795,0.8115095
0.11850357,0.8330498
0.75329727,0.13075395
0.7565933,0.18072991
0.7817955,0.17676151
0.7315782,0.21351212
0.78602964,0.13652472
0.76602155,0.12997213
0.10278052,0.85386425
0.7767463,0.11319491
0.11317398,0.6121311
0.10918845,0.87151784
0.1111425,0.6808581
0.113548405,0.69172674
0.770411,0.13421129
0.10798454,0.8699654
0.75096434,0.15329072
0.76628083,0.26217598
0.093190394,0.8084351
0.11123274,0.8441507
0.10551347,0.7540245
0.11608846,0.86353135
0.119260475,0.77627766
0.7529252,0.12454741
0.7726812,0.18782562
0.76365376,0.12684803
0.10746031,0.77320164
0.771254,0.07252876
0.10090426,0.7312538
0.10339555,0.8633119
0.10290869,0.7757217
0.779639,0.18096863
0.7598437,0.301671
0.7684925,0.16285045
0.108013466,0.8255711
0.11219492,0.7738473
0.775785,0.16706239
0.7556442,0.23816687
0.09724866,0.8609472
0.77389205,0.19517767
0.7684489,0.1769073
0.110238925,0.8620943
0.77165276,0.15005608
0.107770056,0.88586944
0.7558088,0.19385915
0.7884011,0.15533179
0.77365744,0.11001474
0.7637502,0.14903714
0.7704707,0.15829569
0.10988111,0.879727
0.7522958,0.19266878
0.11159234,0.719065
0.098678775,0.76887274
0.12022339,0.8444183
0.76240635,0.15623698
0.11059915,0.6786616
0.10603812,0.71396714
0.114836246,0.88712233
0.76387763,0.15650614
0.11935524,0.71885675
0.10919413,0.8031305
0.77177453,0.1776651
0.098452695,0.82236856
0.115289815,0.86924285
0.11133384,0.652448
0.10585821,0.80598384
0.10396174,0.79559743
0.10975389,0.8694623
0.088787585,0.8787994
0.117409445,0.81612355
0.111414604,0.76641834
0.7734632,0.11519754
0.7806413,0.102411166
0.7630552,0.14334968
0.77475524,0.08571566
0.096427955,0.95992184
0.77706826,0.10529335
0.7471596,0.28796822
0.75147253,0.15817553
0.1030416,0.6539588
0.1059533,0.83084846
0.11122122,0.81512225
0.74499226,0.1827758
0.10924759,0.88407993
0.11097573,0.85101575
0.1042559,0.81773365
0.7715435,0.183532
0.7920865,0.19568074
0.754849,0.17899163
0.103736825,0.6454516
0.7711173,0.2280512
0.10983264,0.73090136
0.102942705,0.8054071
0.10630712,0.7912782
0.12244897,0.8334246
0.7573231,0.2319411
0.7617462,0.18016118
0.10699783,0.79060686
0.7748629,0.21282482
0.7595678,0.19346343
0.11320845,0.8137653
0.11378818,0.78525746
0.10262015,0.78121376
0.11240043,0.7749976
0.11141186,0.74500626
0.102563225,0.8413967
0.7899411,0.12714602
0.1024408,0.8072751
0.099343464,0.8763113
0.7545578,0.104300044
0.09788865,0.82343394
0.11320237,0.78037745
0.75889903,0.14427409
0.1121903,0.73227435
0.7756337,0.13341184
0.77948225,0.28758532
0.756576,0.09295556
0.78110594,0.15639558
0.74937683,0.27329457
0.77261794,0.2404739
0.7768481,0.16055305
0.7707743,0.27543175
0.0984381,0.7053526
0.101682894,0.83607936
0.77607983,0.08598962
0.10898067,0.6586369
0.7535255,0.30765805
0.7817844,0.10019706
0.10444946,0.8370935
0.11512736,0.77639943
0.1075491,0.8311657
0.09839656,0.8468647
0.765122,0.20163575
0.76333743,0.20750745
0.11786995,0.8083117
0.11470671,0.7583678
0.7893489,0.16239546
0.10226365,0.78823096
0.110671364,0.89030886
0.09316893,0.867849
0.7658331,0.30909994
0.76742005,0.09974046
0.10073313,0.8224406
0.10943979,0.71881026
0.76212645,0.20879553
0.11508936,0.6345942
0.86830044,0.17973982
0.7446279,0.21224646
0.79008335,0.26954404
0.09722178,0.8715114
0.1103917,0.8118876
0.7711497,0.17727739
0.11139179,0.805194
0.113758795,0.6705662
0.7972854,0.14801499
0.7528354,0.1786648
0.7577595,0.23194912
0.76192755,0.19177482
0.75656766,0.27238616
0.08965071,0.8434057
0.76927334,0.11351213
0.76595765,0.22904131
0.7725581,0.14548208
0.7762885,0.1502259
0.109689176,0.69067895
0.109070845,0.6956647
0.7557364,0.11457112
0.75466055,0.2016021
0.080214985,0.84665644
0.7605363,0.21681887
0.11663725,0.87167484
0.7681433,0.20459162
0.7615329,0.28966004
0.0977403,0.8710725
0.11028205,0.8398106
0.10448538,0.81280077
0.09862274,0.79622066
0.111804284,0.7767439
0.10973418,0.5465026
0.10335411,0.70827806
0.09882715,0.797246
0.10092397,0.78206927
0.7865378,0.0701208
0.11536401,0.6285126
0.080992855,0.8398763
0.75735533,0.17291807
0.7800017,0.2590807
0.7553477,0.18625878
0.7872602,0.2394774
0.7665823,0.16125476
0.119015515,0.7331507
0.7680366,0.14487487
0.11374086,0.77773076
0.75349724,0.19299561
0.101267725,0.88876927
0.750508,0.22368068
0.7758978,0.2963312
0.11481782,0.70544875
0.109295,0.8019882
0.09885007,0.81813097
0.7491968,0.13735141
0.77537715,0.1139511
0.10942381,0.79125094
0.7440032,0.12429267
0.75740606,0.16715531
0.10706859,0.6976145
0.099828266,0.89890414
0.7581384,0.18379153
0.11280635,0.7621776
0.7507451,0.32586274
0.7560279,0.21869013
0.76754105,0.14744465
0.10263795,0.8161508
0.7731931,0.09762569
0.7666728,0.15674004
0.76157147,0.13649108
0.7721678,0.23190425
0.10643474,0.77605176
0.11464837,0.7487167
0.10215882,0.84324235
0.10022703,0.6430437
0.10161719,0.696533
0.09927488,0.78613544
0.7740347,0.2849082
0.116887465,0.80770934
0.09591878,0.8216732
0.7624482,0.13735141
0.10966107,0.81978595
0.7789672,0.14165305
0.117134966,0.91179144
0.10411336,0.8159409
0.10741888,0.81015253
0.7669301,0.11817104
0.10923712,0.7242702
0.7681469,0.1206543
0.7524013,0.2991028
0.110878654,0.7986366
0.10377251,0.9155612
0.11180055,0.8634897
0.87402606,0.27144414
0.75749534,0.076521195
0.10461329,0.7997741
0.7550137,0.20481592
0.11157197,0.74886733
0.10999964,0.8096847
0.09879318,0.8510798
0.10452662,0.7912669
0.84646845,0.09886411
0.7646525,0.26197731
0.7800367,0.13464546
0.067461655,0.80607194
0.11092891,0.6663318
0.11681951,0.8405973
0.7714429,0.29354513
0.10528854,0.75384986
0.114535905,0.65750265
0.11246151,0.733689
0.10285316,0.7922474
0.09837375,0.84202474
0.82786393,0.23653273
0.114199616,0.78067386
0.109062426,0.8045932
0.10606315,0.9081034
0.78088725,0.09736935
0.115054496,0.71085745
0.108617336,0.7185331
0.7757453,0.28740108
0.10994939,0.8140985
0.09166773,0.6205069
0.7996503,0.2083101
0.110615626,0.7243375
0.11859305,0.8758147
0.80267394,0.12123586
0.1179316,0.8854129
0.103894554,0.9015845
0.11570482,0.7749319
0.10258502,0.8556522
0.102952115,0.7051972
0.0988046,0.8545259
0.10438223,0.77082574
0.7415119,0.16764554
0.106643416,0.7634304
0.75687724,0.10921689
0.10941479,0.90072095
0.7547094,0.15161331
0.12241774,0.6603544
0.757344,0.2382614
0.7695064,0.29433978
0.11045113,0.79222983
0.10288684,0.771795
0.7615645,0.1674517
0.7841064,0.14335448
0.109707005,0.7653465
0.7668252,0.2618908
0.110049926,0.8980454
0.0924742,0.784937
0.09117371,0.7708866
0.09288904,0.85005605
0.10964757,0.8629594
0.7448358,0.24089685
0.77848566,0.13279022
0.10872838,0.85726553
0.76481783,0.1724887
0.7969586,0.1405524
0.10814277,0.75809383
0.77276766,0.1568618
0.1072282,0.68729854
0.76265675,0.19735654
0.76230145,0.18721843
0.11438105,0.77166843
0.7685258,0.24919894
0.11647507,0.74402416
0.79054284,0.29144797
0.76563257,0.29415554
0.10538677,0.76331985
0.73937416,0.057132557
0.10872956,0.7342722
0.101735756,0.8285575
0.7654342,0.35052067
0.09914063,0.75866896
0.76285696,0.2454292
0.11490538,0.62422216
0.7629898,0.14560223
0.10236522,0.6201416
0.10811434,0.7943077
0.77084404,0.3004422
0.11340992,0.79682463
0.7513768,0.35920566
0.09439265,0.8051251
0.1162863,0.83611137
0.10958044,0.86581755
0.77353716,0.28045595
0.10673665,0.6533949
0.11214315,0.7346022
0.11683767,0.7165994
0.7654975,0.1437518
0.7890694,0.23952706
0.76980567,0.17289723
0.76130444,0.15989138
0.10238684,0.7513506
0.7616259,0.32899964
0.1034039,0.8723285
0.758012,0.14416675
0.10265511,0.85942197
0.1014766,0.8144189
0.104338184,0.8093755
0.10581406,0.7083854
0.1158253,0.8737784
0.76048213,0.16136691
0.7842527,0.07452498
0.11463163,0.739306
0.11054094,0.7622
0.75481755,0.15860489
0.1032081,0.87656283
0.11100617,0.75919765
0.76726896,0.12847576
0.77194935,0.15016021
0.09935832,0.83531994
0.7663306,0.19037777
0.7676713,0.21900573
0.10766225,0.90954214
0.06099643,0.7939376
0.7876516,0.11230735
0.100535646,0.8213208
0.09127392,0.69140315
0.11578829,0.9135137
0.11014773,0.85888207
0.7632397,0.119866066
0.10113437,0.8839149
0.11457058,0.73067063
0.10888861,0.8782098
0.11692705,0.87241983
0.09298512,0.701107
0.12230607,0.78167516
0.7719112,0.26819348
0.10165209,0.8084911
0.111725435,0.70855683
0.76138806,0.20515877
0.77358085,0.22716203
0.09738575,0.74720275
0.7561174,0.13886379
0.79590786,0.25699317
0.7612145,0.21048737
0.09197011,0.8626486
0.8524603,0.10424557
0.7713661,0.13045596
0.108710445,0.809454
0.76623684,0.13367298
0.7603006,0.1221042
0.7578181,0.14637125
0.11164101,0.90311927
0.76469857,0.13447563
0.7689368,0.14982536
0.90745354,0.15726553
0.75815463,0.058624115
0.11062649,0.7454308
0.7626723,0.27404755
0.78071344,0.22880259
0.7576035,0.15204269
0.7954403,0.21366273
0.75615835,0.15256497
0.11379967,0.84791565
0.751213,0.19580089
0.11130739,0.8259525
0.1074341,0.80768526
0.758005,0.11680605
0.11695472,0.6227226
0.10775586,0.7066311
0.105373465,0.85093725
0.76475036,0.15698196
0.10125455,0.7218366
0.7668515,0.16213273
0.09957683,0.77930886
0.75901216,0.19800858
0.11223309,0.7568362
0.76126695,0.1081547
0.7677492,0.110790156
0.11510759,0.63912976
0.79245526,0.097409405
0.7698577,0.146799
0.11459805,0.73653275
0.8029303,0.11765677
0.09728706,0.8833622
0.7611449,0.21201256
0.75192505,0.1174549
0.11534102,0.6991044
0.1130523,0.70225096
0.107797295,0.8180685
0.76560473,0.20610401
0.10397247,0.86480665
0.10837934,0.83716714
0.7671351,0.15685539
0.7653201,0.27633375
0.115435,0.7610865
0.74642104,0.33020923
0.76808214,0.32251915
0.109158866,0.76419944
0.76001304,0.24760325
0.78643537,0.15394919
0.77398753,0.16107693
0.7447715,0.28152937
0.04081814,0.7722724
0.104520276,0.85253614
0.09878641,0.76316285
0.12084073,0.78652954
0.097713254,0.722431
0.11380977,0.58996606
0.115303315,0.8404659
0.1130529,0.74295074
0.103541255,0.84196067
0.77768064,0.113563396
0.10939789,0.884285
0.7670681,0.2743728
0.10675369,0.90048546
0.75434357,0.28219265
0.77865565,0.1396344
0.77325964,0.15722868
0.77056485,0.26149186
0.75060934,0.121192604
0.7771026,0.22863276
0.76086056,0.11156878
0.107991874,0.7072014
0.77205896,0.12659489
0.7723365,0.21342401
0.75965434,0.20539267
0.7527748,0.09209683
0.7847719,0.1163094
0.73699266,0.18264443
0.106496744,0.77014965
0.75309294,0.15493448
0.75049895,0.35637796
0.7670384,0.19600116
0.10638703,0.8079192
0.7810847,0.26141337
0.7648149,0.17982472
0.10449495,0.89665
0.11378048,0.8692188
0.7792165,0.17036112
0.11607089,0.83006823
0.79764396,0.17116697
0.107664794,0.7007145
0.10233137,0.8645599
0.11564393,0.81230575
0.7745169,0.14644013
0.7675704,0.081298664
0.110648215,0.75285333
0.75629956,0.36963537
0.78006536,0.14761928
0.76236683,0.14800218
0.09544794,0.84971803
0.7720773,0.15458842
0.09703262,0.8640264
0.11530451,0.7185347
0.79498017,0.099887855
0.09307443,0.857171
0.76599276,0.2832949
0.09581844,0.8552581
0.11143834,0.87160915
0.10387464,0.7355763
0.7492025,0.05520523
0.7789101,0.11207825
0.11582758,0.8135634
0.10330508,0.83418727
0.7752974,0.0800282
0.11574091,0.8646833
0.11335544,0.7172258
0.12113502,0.7494489
0.110091865,0.71469927
0.74814725,0.2792688
0.7864006,0.14388317
0.7507714,0.122067355
0.09332177,0.90110224
0.10931309,0.7154378
0.108777836,0.90832454
0.11068725,0.8248278
0.7743543,0.1125797
0.74998885,0.16129322
0.104937,0.85925215
0.11141986,0.7148034
0.104941264,0.85578036
0.121093385,0.8267583
0.10714394,0.7645455
0.10376314,0.7637252
0.7715386,0.14940402
0.75739497,0.2664039
0.75034016,0.26895928
0.7994346,0.1706559
0.7672399,0.23677625
0.10235881,0.7194495
0.77791524,0.2075507
0.08783732,0.86110735
0.7612171,0.21369638
0.110473886,0.8504806
0.11170414,0.5942004
0.75976926,0.28486654
0.7695382,0.19965716
0.759909,0.16489954
0.7582373,0.1813291
0.764071,0.265087
0.10253622,0.67577463
0.10792287,0.71844983
0.11434579,0.8195825
0.76522094,0.3108959
0.7658109,0.1076981
0.7513896,0.16129322
0.10558713,0.6499359
0.11679194,0.6520907
0.11538352,0.84511197
0.10235584,0.8313291
0.7480093,0.16235061
0.7588219,0.19068538
0.7405577,0.3694175
0.11189327,0.6718799
0.10002175,0.82198405
0.77760446,0.30995867
0.7841043,0.14904995
0.77377355,0.11764074
0.7550586,0.16616681
0.75242954,0.2747573
0.7393039,0.20943318
0.76270324,0.15612324
0.09954424,0.86215353
0.752575,0.36937582
0.77249086,0.1608927
0.75386345,0.25735685
0.10059508,0.79201835
0.79767567,0.14781953
0.10501631,0.7546765
0.09301599,0.82098275
0.7736733,0.24714024
0.7841306,0.051542826
0.7803179,0.25720945
0.10732114,0.82738954
0.11658574,0.78946936
0.7501417,0.18937486
0.76416713,0.14961709
0.110464044,0.7475888
0.7752355,0.13306418
0.762584,0.18161428
0.11588562,0.82730144
0.7662162,0.28314748
0.110369645,0.89464575
0.11566437,0.64517605
0.08772176,0.8514627
0.76033753,0.14602038
0.10302152,0.87511295
0.7721237,0.13400781
0.76702386,0.15119196
0.10004328,0.7643324
0.105282076,0.73655194
0.10122081,0.7017463
0.769469,0.091132365
0.11756242,0.91101605
0.104790434,0.72079206
0.7809448,0.08578455
0.775169,0.06626294
0.10108831,0.85246885
0.10958503,0.87640107
0.09925517,0.8874988
0.7678059,0.14609087
0.7570796,0.21498767
0.10323185,0.82090265
0.11814823,0.75283253
0.107739024,0.73756766
0.7861299,0.16221602
0.09506708,0.7646352
0.76882875,0.23379634
0.108616576,0.68234
0.75666857,0.21039765
0.10896614,0.89546925
0.09971739,0.7921241
0.7593351,0.16361947
0.7465325,0.18714473
0.75890404,0.227899
0.10849586,0.66185397
0.7714365,0.036024865
0.7733792,0.09362684
0.7663409,0.18459739
0.10321451,0.81005317
0.096730605,0.8911724
0.74886996,0.25606716
0.76905024,0.17952353
0.762184,0.31513667
0.7583913,0.3283652
0.7510749,0.1294274
0.11542839,0.8549489
0.11259732,0.63738024
0.7909063,0.15961261
0.8171148,0.12597969
0.79370517,0.0846054
0.76325977,0.124475315
0.105780914,0.7883463
0.748537,0.17342272
0.7547301,0.120872185
0.74709713,0.20618571
0.116207026,0.591629
0.110448755,0.8133519
0.76150084,0.31838733
0.78430265,0.16183473
0.7680548,0.24681982
0.764407,0.19483002
0.11132826,0.81359226
0.10893339,0.78452367
0.11685903,0.7438704
0.81036454,0.17062706
0.1063412,0.63546413
0.75912035,0.12037874
0.112125024,0.8409145
0.11998173,0.807445
0.11051367,0.74297637
0.73553467,0.16374443
0.10878108,0.90992504
0.7771912,0.114425324
0.76960826,0.07493031
0.7626285,0.24152808
0.76180696,0.14434938
0.8022302,0.15810503
0.767232,0.15819636
0.7663492,0.15725753
0.77646255,0.24422282
0.799174,0.20327951
0.7619006,0.19706334
0.75675017,0.25706366
0.7929339,0.15087155
0.8269781,0.09818962
0.09388497,0.93020284
0.102577426,0.8545163
0.7843962,0.23402223
0.76910204,0.24795252
0.76772636,0.13370182
0.09545914,0.83127946
0.76586425,0.21204941
0.8170725,0.16200134
0.09706243,0.74485886
0.11457372,0.78616905
0.120548256,0.84478354
0.78631175,0.13980103
0.11033927,0.81936944
0.76498675,0.09783396
0.7605045,0.08899356
0.77001554,0.14541318
0.7702962,0.09793168
0.11123446,0.8154699
0.111104764,0.7637893
0.10050379,0.92648757
0.77786505,0.1713448
0.78141713,0.14135987
0.7770157,0.18436028
0.77177334,0.22671184
0.76275027,0.0966484
0.10442684,0.80024034
0.7588463,0.20457721
0.05206056,0.6827854
0.76165617,0.21343683
0.7655399,0.15224294
0.7649569,0.17587875
0.75356394,0.10522285
0.77668405,0.09452722
0.1148371,0.8183713
0.099699035,0.8062947
0.75465274,0.07550867
0.04219701,0.8856772
0.7791151,0.28453332
0.75178903,0.11466244
0.115458235,0.74571276
0.09635713,0.7577045
0.11064532,0.69559103
0.7645734,0.2057131
0.75467086,0.2682063
0.11431984,0.7636179
0.09874111,0.8526787
0.10135486,0.8970441
0.81128865,0.19309655
0.115601666,0.83366174
0.11085967,0.82513696
0.107946075,0.79491335
0.10280343,0.8289051
0.107975796,0.728165
0.09437627,0.8640184
0.78387433,0.19799897
0.10982131,0.62436956
0.75592655,0.081183314
0.7679843,0.10746099
0.09718054,0.88956714
0.7857626,0.23820692
0.7699049,0.2065622
0.7702343,0.15958378
0.7712817,0.1201224
0.104720995,0.8597648
0.7629379,0.39974847
0.11432631,0.853241
0.77384883,0.09970681
0.7701405,0.17176296
0.7903938,0.123743154
0.09082596,0.9155404
0.10096875,0.8273383
0.77387977,0.11558044
0.10853539,0.80971515
0.08849264,0.6756144
0.79794776,0.39359
0.75038534,0.14670128
0.10821148,0.8252299
0.11579377,0.73755646
0.759153,0.10221731
0.7612409,0.09013265
0.10606153,0.8031834
0.74984,0.20329392
0.75786644,0.21990933
0.7570893,0.3275145
0.7746324,0.26083982
0.77248824,0.11347528
0.7592605,0.103149734
0.103632554,0.86238104
0.10301366,0.84325194
0.7626203,0.20072255
0.11625295,0.7723285
0.09877004,0.8164712
0.7779048,0.38713032
0.7679984,0.2337627
0.77043104,0.24910282
0.74654704,0.237651
0.7537723,0.24468422
0.7531114,0.18936044
0.7780102,0.050658464
0.7880758,0.23790093
0.7552527,0.17083213
0.7504038,0.26015893
0.7722185,0.12639304
0.10160289,0.9308949
0.78089243,0.24641609
0.74434274,0.15347657
0.10666897,0.7745474
0.7831036,0.12677112
0.75948966,0.25421354
0.10150133,0.8829584
0.11534102,0.74160016
0.748087,0.33987793
0.10541619,0.83592075
0.7579968,0.26149347
0.1014762,0.6448797
0.88647085,0.17883784
0.10902699,0.7710116
0.107441,0.8625445
0.10970106,0.79783076
0.10307147,0.84476274
0.09332676,0.8502916
0.7554601,0.12643948
0.77245444,0.14510879
0.778791,0.20308085
0.096755594,0.8456567
0.1198591,0.6801852
0.11066433,0.6529559
0.7791545,0.25347656
0.111642264,0.7022349
0.75534517,0.2996091
0.78013486,0.10277164
0.11571043,0.7847704
0.11220377,0.7679948
0.103889994,0.81450546
0.7541699,0.1725704
0.12113115,0.55535585
0.11155952,0.79554296
0.10876909,0.6810776
0.101093024,0.6212631
0.102710254,0.7426319
0.097738415,0.87055814
0.78397524,0.14195906
0.7623213,0.21703035
0.7685624,0.15214522
0.7673205,0.095528536
0.11254947,0.6663126
0.7563567,0.35558653
0.76148474,0.15910314
0.105977334,0.84635204
0.11503125,0.6609984
0.76089513,0.37696978
0.10471928,0.6012817
0.77630645,0.20094204
0.790479,0.053255472
0.10852026,0.7659938
0.74161637,0.16360185
0.098352484,0.7616553
0.7730025,0.07985998
0.75664455,0.20591016
0.10602168,0.80434006
0.7855307,0.32018328
0.7630057,0.18804993
0.7493705,0.13661124
0.107723534,0.8308212
0.11868008,0.7907495
0.10405291,0.80115193
0.7610233,0.09423564
0.7717258,0.10402608
0.10177591,0.87243426
0.7610155,0.10866737
0.11064957,0.8721074
0.11170982,0.820007
0.10237941,0.77338266
0.7602464,0.13485853
0.74313825,0.332316
0.106250465,0.8683457
0.75848246,0.11182191
0.11000407,0.84933835
0.10205927,0.75955814
0.75090134,0.25611684
0.769342,0.27220833
0.10463994,0.8678074
0.113071784,0.81681406
0.10639717,0.7232417
0.9117727,0.17645872
0.74673724,0.19135186
0.7643806,0.1223285
0.7594212,0.18914255
0.09774158,0.81058025
0.76583254,0.32770994
0.77289236,0.18073152
0.77520627,0.16565093
0.11053176,0.8237944
0.10646148,0.8864302
0.7667638,0.23121375
0.760953,0.13554583
0.76741916,0.09275209
0.77694803,0.24522093
0.7516852,0.12442885
0.10871623,0.7411772
0.75399715,0.19871512
0.11255581,0.8376526
0.10348523,0.7977795
0.745702,0.20750424
0.109536625,0.7804512
0.1053038,0.7717774
0.10766991,0.83695567
0.11153585,0.8028726
0.7872682,0.061940465
0.11495646,0.7752267
0.10752272,0.78618985
0.10639033,0.7720898
0.8211879,0.22585632
0.113531165,0.6430597
0.75407016,0.18547535
0.73692054,0.17438559
0.768526,0.172862
0.8010196,0.1105194
0.76520866,0.12177417
0.10697399,0.8019578
0.10071745,0.8377487
0.77968234,0.29013747
0.10546711,0.78768307
0.76801044,0.13311385
0.7633545,0.09450639
0.7773974,0.1859752
0.10407051,0.8550354
0.1077905,0.7554279
0.8225513,0.12241981
0.7645643,0.10949085
0.7731157,0.12646513
0.08187791,0.80056876
0.75942373,0.30678812
0.75927675,0.25014418
0.11351809,0.8200727
0.7622997,0.096999265
0.7622024,0.0861258
0.104625076,0.76610273
0.11480986,0.66802526
0.7690483,0.1613461
0.08936943,0.8109279
0.10922464,0.74292994
0.11620954,0.6691115
0.75397336,0.20630427
0.091579236,0.73523664
0.1114079,0.91555
0.80858433,0.16884232
0.10294238,0.66880065
0.10825773,0.75126725
0.75394493,0.33627638
0.7671335,0.12203531
0.097429626,0.77229327
0.754258,0.20049505
0.11260461,0.76778495
0.7678588,0.1618203
0.10128262,0.8457112
0.09119118,0.7745586
0.7873081,0.15878272
0.11475304,0.76796114
0.11005112,0.8075908
0.11258054,0.7102871
0.75757897,0.2189817
0.09954956,0.88662565
0.10762567,0.64098656
0.76818955,0.117235415
0.77166224,0.18302894
0.11682562,0.7700631
0.10278504,0.78828704
0.09904699,0.7202746
0.75722486,0.12702104
0.10877163,0.80610883
0.88987005,0.26533532
0.114989676,0.8551443
0.77948886,0.20072895
0.10623769,0.76863885
0.76229316,0.16376527
0.114719555,0.60638916
0.7525536,0.10605915
0.11238134,0.8196802
0.104163714,0.72144574
0.81234497,0.1859816
0.1073466,0.7630555
0.7942518,0.1835384
0.11028178,0.7775369
0.76316273,0.1791214
0.74074644,0.18568842
0.7737581,0.17384888
0.102777876,0.853994
0.82317615,0.28586146
0.115998544,0.75332755
0.10502945,0.8751386
0.7845827,0.14332405
0.77272344,0.20105739
0.7566324,0.27571052
0.76823217,0.30338684
0.114800915,0.75385946
0.11388083,0.82999134
0.76224214,0.1547198
0.76619893,0.33013552
0.113387935,0.9334439
0.7698885,0.3435916
0.102253914,0.70916563
0.10851967,0.84708256
0.10709916,0.8362652
0.7774284,0.18106316
0.7444719,0.13355923
0.11537523,0.7816912
0.11231366,0.6546429
0.8330649,0.18338941
0.11092184,0.86026466
0.7521234,0.18659842
0.11163189,0.69700086
0.76011103,0.18943574
0.7705663,0.19273928
0.117682934,0.791299
0.10694061,0.8200743
0.104202114,0.75160533
0.7710189,0.19249895
0.09991002,0.8424349
0.11468185,0.7819315
0.11071746,0.863416
0.12210064,0.83661926
0.09868775,0.84391844
0.7572897,0.15789516
0.7527291,0.23790413
0.11569369,0.7593595
0.7666099,0.11211349
0.76192003,0.19492455
0.09311066,0.9404467
0.73372567,0.21189721
0.11556611,0.83618826
0.11030292,0.7882934
0.1181304,0.8142539
0.10863887,0.74192864
0.75010717,0.26081258
0.75538784,0.19632158
0.76993406,0.119686626
0.103533894,0.90682817
0.77535814,0.0995418
0.7546638,0.13263802
0.110976584,0.7491541
0.106600754,0.69654584
0.107885785,0.77014965
0.11586126,0.64957863
0.102614105,0.6600452
0.09250566,0.87366784
0.78331476,0.259148
0.7854226,0.26901695
0.7538425,0.22212823
0.11198651,0.70628506
0.11657478,0.73137397
0.109417595,0.75744975
0.1147461,0.592491
0.7664167,0.1483146
0.10443549,0.8073633
0.74939543,0.41389984
0.7668001,0.1785094
0.7618733,0.10122561
0.7549453,0.14558782
0.11925698,0.8477106
0.11891798,0.66461277
0.113570854,0.9046557
0.7577385,0.22453779
0.7695573,0.13502675
0.10706885,0.756865
0.11680366,0.82108206
0.76892847,0.07800634
0.10180473,0.8028389
0.7888943,0.3453427
0.10491772,0.87002146
0.050240204,0.7447051
0.7666329,0.23909609
0.10854466,0.7519145
0.09480181,0.7705822
0.111623876,0.7298936
0.75812125,0.23234324
0.7750017,0.09524816
0.75806046,0.21717614
0.7690069,0.22072639
0.1141974,0.87600213
0.7773707,0.16977315
0.09874986,0.5976513
0.7843624,0.08893588
0.11250364,0.7171537
0.106278494,0.9492614
0.78926754,0.1265324
0.10874548,0.8363613
0.10852152,0.8653097
0.76757896,0.13817008
0.10963704,0.75377613
0.78019863,0.13118011
0.76488715,0.1016037
0.7561827,0.37410522
0.10740253,0.7415954
0.112939514,0.73762697
0.11608998,0.7011327
0.7609694,0.17745201
0.7674116,0.16559005
0.11353658,0.77936494
0.754394,0.40953252
0.7704415,0.24327438
0.111263014,0.81480986
0.7549016,0.13838317
0.09478699,0.7416114
0.76454246,0.19021596
0.114595935,0.69166267
0.7614669,0.24338011
0.109344795,0.7110096
0.7646389,0.18195072
0.7615398,0.059583776
0.7556667,0.12868403
0.7718511,0.17422698
0.7456828,0.24224582
0.74811965,0.079239964
0.7936682,0.1472588
0.7580083,0.107864715
0.762578,0.10574514
0.76175046,0.13107918
0.106147945,0.88186103
0.110407315,0.68385243
0.76761556,0.28985548
0.76451194,0.15559775
0.76659673,0.09508315
0.756782,0.2564757
0.7472867,0.23486975
0.7883758,0.15012817
0.7635258,0.1748454
0.1088587,0.8025233
0.752686,0.1858983
0.10597324,0.8168381
0.114008605,0.84742063
0.7960133,0.18146367
0.10738959,0.8756737
0.13144454,0.47132558
0.119422995,0.67991126
0.10775262,0.7192685
0.7532534,0.07973501
0.8295412,0.21389022
0.7668416,0.15878272
0.7593578,0.24220097
0.10421595,0.7879458
0.7791584,0.19831939
0.7834359,0.2020555
0.10932277,0.83669454
0.102678984,0.8582236
0.7624737,0.341456
0.11667284,0.72640425
0.7761963,0.16390625
0.10607474,0.845615
0.108187675,0.85477424
0.76227003,0.20857765
0.7749251,0.17514819
0.7573044,0.2189032
0.10468276,0.83733696
0.11984391,0.8004037
0.1195406,0.64034575
0.7764249,0.19721554
0.7595999,0.097657725
0.09396233,0.8173924
0.115361825,0.775326
0.10992341,0.77421576
0.75734955,0.18748438
0.09418972,0.7897465
0.7504449,0.26741004
0.1138068,0.7645343
0.10081429,0.68288636
0.108415596,0.743441
0.76822454,0.23129226
0.7665436,0.21455029
0.03244949,0.76141816
0.11488174,0.9262633
0.10906437,0.704433
0.1054399,0.81262296
0.09568828,0.8208834
0.7649094,0.2116617
0.7758816,0.15536864
0.74365014,0.3317889
0.113041475,0.7630475
0.10856821,0.8631533
0.7641857,0.2854401
0.75254923,0.20513314
0.10599474,0.8356003
0.7806869,0.029718991
0.11527139,0.7534141
0.10179076,0.8603944
0.104773894,0.81681406
0.1065538,0.6892403
0.11391494,0.825169
0.7729148,0.19378544
0.7683195,0.26678842
0.11115228,0.8313051
0.75880945,0.22197923
0.76395094,0.42450255
0.7845438,0.29972926
0.10570573,0.97779167
0.110860325,0.6660242
0.1034778,0.8993111
0.11170678,0.78067064
0.11307109,0.6408312
0.11432819,0.8769538
0.09917319,0.8466628
0.109361105,0.81937903
0.103815146,0.82104844
0.087430775,0.78263164
0.11597233,0.77153707
0.098416835,0.83770865
0.11373799,0.80515236
0.7453418,0.103265084
0.75833136,0.21984203
0.10670542,0.88167673
0.74990594,0.23204204
0.115182735,0.9074882
0.7525038,0.21256368
0.11331529,0.69048834
0.11504885,0.8372681
0.77150875,0.083546415
0.76424927,0.28369862
0.77343994,0.078410074
0.10156056,0.7294947
0.10709233,0.79554933
0.11060457,0.8004534
0.10646293,0.7995242
0.7731449,0.2429091
0.7887045,0.3087555
0.76012385,0.13908488
0.1044934,0.9064789
0.73448235,0.31489313
0.11193279,0.7670351
0.76244646,0.098317795
0.81671816,0.17071518
0.087388836,0.9313243
0.09497242,0.8369525
0.7835274,0.11982761
0.10630874,0.7675863
0.7690221,0.0932119
0.7566301,0.08645423
0.12307269,0.84554935
0.11367301,0.778974
0.09675163,0.8189112
0.7742112,0.23920985
0.76130974,0.25781345
0.111834794,0.803962
0.7775796,0.21378769
0.10385245,0.8556442
0.7735187,0.09723958
0.7839395,0.08845045
0.7667066,0.11433721
0.115597904,0.7654683
0.74806273,0.065287255
0.10758856,0.7922827
0.7688837,0.14800538
0.7885102,0.07234772
0.10010701,0.76788586
0.10175937,0.61581755
0.105347484,0.8628088
0.754208,0.110514596
0.7972191,0.24128617
0.79699564,0.22283636
0.7678146,0.2570124
0.078569785,0.76901215
0.7730717,0.12084976
0.78514487,0.1653289
0.7663838,0.14167388
0.11243272,0.77723414
0.76316893,0.101260856
0.103160195,0.6994168
0.77307755,0.27504727
0.10637593,0.81100965
0.10651342,0.7830514
0.106812894,0.85605276
0.103308246,0.6905364
0.11319187,0.8376013
0.7695987,0.058805153
0.10754022,0.86819506
0.7664126,0.10476946
0.055803962,0.4201929
0.09974945,0.8360569
0.11164745,0.7644654
0.78896624,0.13733539
0.10652706,0.78086287
0.107229486,0.82374156
0.7598547,0.16572943
0.76124674,0.07289884
0.10746474,0.8176199
0.10386817,0.75790155
0.75773543,0.1426784
0.10334136,0.8590054
0.75717175,0.16256529
0.10623808,0.7168093
0.7478593,0.21008202
0.10819652,0.8191195
0.7484511,0.16747732
0.8157427,0.1494649
0.76198345,0.1253741
0.79584527,0.22137365
0.11485348,0.77513057
0.12172938,0.8428979
0.750762,0.19569035
0.77852,0.18135954
0.100280486,0.8517992
0.7406138,0.22841328
0.7539563,0.13181615
0.79432166,0.15475184
0.7602695,0.110352784
0.11635224,0.7097568
0.77738297,0.112983435
0.11345582,0.78723925
0.7465703,0.17304944
0.11403017,0.7396584
0.10502757,0.832598
0.7820273,0.21542825
0.7692474,0.1613493
0.77255297,0.11782659
0.7583609,0.15420552
0.74511933,0.22919671
0.76874214,0.2887164
0.101467125,0.7970938
0.1050279,0.84492457
0.7652027,0.24264956
0.76134896,0.1251466
0.75924927,0.10181358
0.74891883,0.07564805
0.7714549,0.16236342
0.0965979,0.7541959
0.77020127,0.17327052
0.7655199,0.19034253
0.10742066,0.8026547
0.78567225,0.15749143
0.7659201,0.3169855
0.10623894,0.74690634
0.7793782,0.16919158
0.7548054,0.32102758
0.11137059,0.7946714
0.7456009,0.27789098
0.11078498,0.8451504
0.75945795,0.07127111
0.776462,0.19162741
0.10337095,0.68860424
0.11852074,0.87199205
0.7817151,0.20240957
0.09806077,0.8512112
0.1151999,0.71193403
0.75454193,0.1718014
0.09494022,0.8962671
0.73227054,0.14090647
0.11006505,0.6969832
0.097736,0.80461085
0.10301501,0.91938704
0.09307598,0.75991863
0.093241505,0.8648307
0.103255026,0.7586946
0.093285054,0.78838634
0.11470064,0.75110227
0.10789081,0.8347768
0.107323386,0.6863549
0.10511731,0.77160436
0.74404186,0.13500753
0.034921724,0.7389135
0.11155569,0.76634306
0.8060006,0.18442596
0.086885214,0.8218078
0.1113313,0.89362204
0.09630866,0.7483899
0.12131104,0.6493864
0.7641959,0.30514276
0.10203454,0.91141176
0.7733397,0.18105675
0.11130129,0.7285094
0.7690447,0.1657022
0.110019356,0.8153626
0.7521144,0.24411227
0.10408322,0.7994681
0.76249933,0.19936717
0.75843704,0.16952
0.77293015,0.23383479
0.7602163,0.15661989
0.76570284,0.15881476
0.112308405,0.6101269
0.11778404,0.61915314
0.7445859,0.2534862
0.120213054,0.68572044
0.10446808,0.8338492
0.11440601,0.81957287
0.09933045,0.8362492
0.7514823,0.18519658
0.7566425,0.24849242
0.7791349,0.19986543
0.7730073,0.21230735
0.78312904,0.1991653
0.10396617,0.80770934
0.101745,0.8890657
0.11766263,0.8594668
0.75601214,0.10444583
0.11567002,0.683532
0.10825876,0.82923514
0.77223545,0.13097824
0.12009954,0.82429105
0.10907193,0.8614182
0.767795,0.2799513
0.7657009,0.42788458
0.78669393,0.101741485
0.73980683,0.32188472
0.7634214,0.22510974
0.76347876,0.39034572
0.75375533,0.1945833
0.74588406,0.25065526
0.7628748,0.16446218
0.10132379,0.7850604
0.7853838,0.1608975
0.10207063,0.7489202
0.77247924,0.10604954
0.09944859,0.82777405
0.10827279,0.84051234
0.06803557,0.79122686
0.111247495,0.780951
0.76500976,0.15823801
0.10795493,0.8220321
0.74796826,0.24095453
0.10980196,0.7723621
0.10156842,0.82795185
0.7803414,0.11086225
0.7582151,0.23176166
0.7806342,0.18136756
0.083942436,0.8570845
0.76996815,0.14869589
0.7695229,0.22807683
0.7489719,0.1698148
0.76345366,0.13752763
0.10788687,0.7718559
0.7637976,0.22872089
0.76730967,0.1490067
0.10199257,0.8081755
0.74891114,0.29422283
0.75273055,0.33509725
0.7703875,0.22274825
0.7665155,0.10449229
0.111538224,0.5404066
0.1156718,0.8034445
0.76100624,0.24417315
0.10719076,0.8206735
0.7749527,0.10424076
0.09230405,0.7299241
0.10123864,0.8705438
0.096281655,0.7957352
0.7590163,0.21429555
0.111436725,0.8430421
0.10894181,0.79174757
0.09827849,0.8503637
0.11573236,0.8628937
0.7676874,0.24073184
0.11066222,0.8160194
0.11991708,0.7596671
0.75890666,0.16854914
0.7555968,0.1739322
0.7681021,0.26856035
0.7735389,0.12689449
0.10364051,0.73121697
0.7612338,0.22420776
0.79233557,0.2951873
0.09419748,0.9426079
0.11291944,0.7880868
0.11795738,0.78514373
0.11495577,0.79280657
0.7661872,0.1474078
0.097657025,0.7743984
0.7816081,0.22137685
0.7667285,0.37796628
0.102480315,0.9090375
0.7560185,0.15771572
0.114378415,0.91595054
0.7606017,0.21660899
0.7587712,0.24592265
0.119993515,0.7950319
0.7700322,0.16523279
0.7906551,0.17483097
0.113557644,0.84849083
0.117948204,0.8513954
0.7431927,0.10819155
0.105748095,0.85680413
0.7782747,0.31555
0.7913235,0.1047214
0.11182667,0.63251305
0.09928835,0.79660195
0.77500075,0.197403
0.113642275,0.78259635
0.09498566,0.85506743
0.10835742,0.739817
0.10101606,0.8172226
0.11419219,0.8159505
0.7526278,0.22917427
0.77125096,0.14113878
0.755932,0.21787465
0.091426134,0.8656221
0.75372916,0.33106476
0.76642823,0.22386812
0.11133691,0.6522894
0.7657096,0.12386972
0.10106437,0.8250633
0.76318276,0.09780512
0.77131927,0.12566248
0.77665615,0.15631388
0.09349218,0.81435645
0.7653698,0.09143997
0.12003106,0.82124066
0.09803287,0.82070714
0.7516096,0.16390304
0.7538335,0.04595149
0.113215975,0.8215931
0.7659287,0.17936653
0.092901714,0.87175816
0.7889664,0.13020603
0.1079859,0.62787014
0.775757,0.12572014
0.7636313,0.15987216
0.10323435,0.7547855
0.7713722,0.09976449
0.7585472,0.10136499
0.11150735,0.6394918
0.77439934,0.061514307
0.11285558,0.7969688
0.10402438,0.7368099
0.75956345,0.058880452
0.10924828,0.8010029
0.09932728,0.8177609
0.11261637,0.8105995
0.780518,0.17196803
0.10825569,0.7681262
0.12032247,0.7646464
0.7676747,0.100714535
0.75179946,0.21510462
0.104874894,0.8547246
0.101961434,0.749098
0.74959594,0.36739242
0.77861774,0.14956263
0.7346705,0.25306323
0.10919235,0.8368836
0.109585725,0.6502291
0.77196497,0.008411035
0.79662955,0.25795284
0.11318728,0.87588197
0.11101644,0.8235878
0.7740977,0.15913999
0.1064671,0.75065684
0.115234904,0.8468855
0.1108074,0.8325227
0.7523988,0.16937903
0.102194645,0.85659105
0.7979715,0.16590406
0.76454854,0.14441667
0.75976133,0.23204044
0.11069742,0.8028261
0.743479,0.23391971
0.7773406,0.20963024
0.7833026,0.07304624
0.110110715,0.85256976
0.10303288,0.8466292
0.10796599,0.7585184
0.10495813,0.76498604
0.7614576,0.35353583
0.08837014,0.6608639
0.08106398,0.49472588
0.12326565,0.8076292
0.11017144,0.8117803
0.7615004,0.05378897
0.77756155,0.27136242
0.76260257,0.21058188
0.76703334,0.19761127
0.10637937,0.829594
0.11271024,0.7943446
0.064301185,0.7416867
0.7702291,0.2935163
0.11139304,0.7965683
0.12546942,0.80628186
0.104542404,0.7980102
0.7458114,0.19081995
0.10822119,0.83152616
0.7815328,0.16521356
0.7576837,0.2136483
0.10856897,0.8423548
0.7480342,0.16605467
0.10088604,0.75018907
0.7604166,0.15276203
0.11220536,0.81427795
0.09098551,0.8376574
0.7480746,0.14995995
0.76129967,0.28298727
0.12427706,0.7740524
0.11640999,0.7659954
0.7523878,0.08856099
0.7500319,0.22379442
0.7726582,0.23801628
0.120998755,0.7130796
0.7562084,0.25528052
0.76964974,0.20532858
0.11669464,0.82348204
0.76284415,0.1600676
0.7678591,0.14592585
0.110324144,0.8367346
0.76032406,0.14783396
0.7665632,0.15462367
0.1147502,0.73167515
0.10416421,0.83096224
0.09711645,0.8132253
0.76596963,0.19742222
0.77603805,0.21458714
0.7593326,0.26983562
0.7694248,0.096046016
0.11614878,0.7824922
0.83612454,0.12355891
0.109826066,0.7384777
0.76852393,0.14247333
0.109875165,0.76255727
0.754209,0.2152392
0.7670746,0.16175622
0.11176971,0.76102406
0.7628419,0.17150341
0.113156974,0.76954406
0.113368385,0.77990323
0.10670763,0.84469545
0.7552649,0.23608574
0.7780539,0.12869205
0.09260874,0.8076324
0.7510573,0.16576308
0.10001541,0.7920664
0.8498091,0.11497485
0.7870824,0.08584703
0.7513426,0.23487616
0.75534374,0.20220129
0.105921276,0.73968726
0.109625645,0.7624483
0.78783953,0.23525746
0.11552117,0.77076966
0.75205445,0.29775384
0.10536818,0.7794018
0.76980215,0.34484604
0.78439456,0.2126502
0.75836873,0.16474414
0.75851625,0.15695313
0.7747675,0.19987023
0.7820161,0.2488513
0.10319965,0.8546477
0.11076411,0.6908312
0.102808714,0.9072159
0.76657134,0.112260886
0.7803633,0.22999135
0.110143505,0.76762635
0.77813804,0.17312634
0.76505107,0.23804832
0.11503313,0.8189224
0.7693774,0.24083757
0.10786459,0.9006793
0.7722585,0.19821045
0.7804233,0.12880899
0.1043403,0.7378
0.10081505,0.76711524
0.7719008,0.11195008
0.121846296,0.8194063
0.107889354,0.7461694
0.089857906,0.8291967
0.7486943,0.120997146
0.10318624,0.87550384
0.11671025,0.73853374
0.10736235,0.7937518
0.75704443,0.1953475
0.106752604,0.86011565
0.7708688,0.108596876
0.10729836,0.5874011
0.10537654,0.8225304
0.77917707,0.18594156
0.79854393,0.44461694
0.10607382,0.9299689
0.7612371,0.14917812
0.79534405,0.17653401
0.11110383,0.5834663
0.11104833,0.7379666
0.76777136,0.15748823
0.7581622,0.24089685
0.7554218,0.26214072
0.11330902,0.73327243
0.09917698,0.8451873
0.7770392,0.10645968
0.1140065,0.89566153
0.10877778,0.81650484
0.7616614,0.12676953
0.7602216,0.15024191
0.7775668,0.24723957
0.8702245,0.21266621
0.11318398,0.80719346
0.113698736,0.77124226
0.109390326,0.79126215
0.76875585,0.34678137
0.1066164,0.8737976
0.11456721,0.81381816
0.76512927,0.19500625
0.107842304,0.84492296
0.76442534,0.25219968
0.76427674,0.017690409
0.77536017,0.12569931
0.10393348,0.73471594
0.78289884,0.25016022
0.76375556,0.25636515
0.105169915,0.9185588
0.759713,0.15165977
0.104211524,0.8039187
0.7612301,0.09530905
0.10660739,0.73523504
0.77216136,0.11031433
0.113389455,0.7836249
0.10771723,0.89544684
0.77744913,0.18355443
0.10152309,0.81591207
0.09847373,0.862365
0.7823056,0.22540453
0.10851184,0.9505559
0.7660703,0.18668173
0.8744549,0.25661027
0.10585837,0.7187366
0.10665091,0.80377614
0.101487495,0.83572847
0.7687128,0.22292928
0.77753496,0.16803487
0.7902133,0.22560158
0.74028784,0.0983995
0.7892093,0.11764395
0.7941362,0.27921754
0.7498534,0.26505014
0.7608085,0.30278766
0.7852009,0.08951104
0.10048777,0.82609826
0.098770894,0.8697107
0.118605,0.90566987
0.10581304,0.7092954
0.1055902,0.6500609
0.7623715,0.08886059
0.109204926,0.80178154
0.7651171,0.21457914
0.7734471,0.16035278
0.7549545,0.22707872
0.090899564,0.8813115
0.7583097,0.133069
0.7526826,0.15835176
0.11291544,0.85461086
0.11929006,0.8242526
0.1074902,0.7776667
0.09690444,0.93484575
0.109275624,0.82916147
0.7789417,0.2548784
0.0946248,0.79200554
0.7701887,0.26345766
0.7600734,0.23683552
0.11288378,0.8186725
0.10480589,0.87967414
0.1144177,0.69193023
0.7614036,0.12801436
0.1043928,0.77784455
0.7774724,0.17775162
0.7605967,0.22247589
0.10436371,0.7990291
0.77828014,0.16200615
0.09666486,0.82274663
0.09734074,0.7066727
0.7533646,0.19386074
0.74859124,0.293904
0.09378261,0.6643276
0.76535773,0.18036945
0.77158153,0.28657117
0.74929124,0.13637252
0.74347055,0.08951104
0.7488052,0.18156461
0.097806595,0.77792144
0.11623295,0.7891618
0.7818671,0.25623697
0.7648577,0.12651318
0.10559892,0.8411965
0.743554,0.1685203
0.09831422,0.8498718
0.77451843,0.050344452
0.772606,0.24005415
0.76802456,0.17948349
0.108000726,0.87688327
0.7527888,0.15438175
0.10813494,0.78113365
0.7694212,0.13623795
0.11227628,0.8124467
0.09955326,0.8258275
0.09703226,0.7588885
0.7712581,0.09341857
0.12076598,0.7452834
0.75631195,0.35321862
0.77848804,0.10146432
0.76292366,0.105780385
0.7669712,0.17001827
0.11559348,0.7915713
0.75529027,0.10402768
0.11672349,0.79295397
0.10711874,0.81967384
0.78012705,0.1250761
0.11463374,0.77798873
0.111828685,0.8834647
0.10852528,0.8390304
0.1117217,0.8731231
0.10995015,0.84783554
0.10948376,0.82375115
0.78588134,0.23819731
0.7772131,0.10543753
0.7712914,0.13340382
0.7602871,0.17520267
0.74617827,0.3383976
0.78235114,0.047351725
0.099233374,0.8644478
0.12292731,0.6872793
0.111508474,0.89522094
0.7598824,0.2546525
0.766824,0.1336089
0.7747813,0.1749207
0.76674044,0.21563171
0.7804724,0.28114647
0.096449025,0.93996924
0.121221595,0.855774
0.7329549,0.21327662
0.100715235,0.7809686
0.76265764,0.15451153
0.8635544,0.22574738
0.11979531,0.66824955
0.11775016,0.6873514
0.10353845,0.7383255
0.10908213,0.7048832
0.0983401,0.78744274
0.11167677,0.7035695
0.11448483,0.76443815
0.75028324,0.11700631
0.7637099,0.13746676
0.74321395,0.28090456
0.7874972,0.16311961
0.74686205,0.24068058
0.10942684,0.88784164
0.105151586,0.7492406
0.1254465,0.8505367
0.7490366,0.3634144
0.7711598,0.11731071
0.77320933,0.21672434
0.111912616,0.67117816
0.7734872,0.2035791
0.75435954,0.17733507
0.7632372,0.16366753
0.75899804,0.14631838
0.7569711,0.21982601
0.10052366,0.8127383
0.76442385,0.15727834
0.100649625,0.8118171
0.11426239,0.8180525
0.11790099,0.7490435
0.11187141,0.90802014
0.106467426,0.8918918
0.11469404,0.83345187
0.113331735,0.80568266
0.76184976,0.27528277
0.10120866,0.84925824
0.109318115,0.6702393
0.09712213,0.8525041
0.09658647,0.8434394
0.09835265,0.8566952
0.11181429,0.8606107
0.76388514,0.15330674
0.11042601,0.7248983
0.10427211,0.8581979
0.09887021,0.81292576
0.77263445,0.09997116
0.116534166,0.85938513
0.77349037,0.109444395
0.115046896,0.8686757
0.7604202,0.08251786
0.11178226,0.914491
0.7712515,0.13303053
0.8124891,0.17365503
0.11181244,0.74830496
0.10899876,0.7725464
0.7756157,0.15344292
0.75824195,0.122467875
0.1130108,0.80927616
0.7629045,0.14339773
0.11521965,0.7049473
0.10831635,0.62704027
0.7467087,0.28835753
0.7486256,0.26613638
0.09382533,0.7130235
0.77377146,0.28457016
0.7522803,0.16231535
0.11646741,0.7477234
0.108202465,0.79572076
0.11338351,0.8556955
0.102121346,0.88069946
0.7637411,0.2186693
0.766041,0.07288603
0.75831157,0.15099491
0.10931726,0.711471
0.054582555,0.59205675
0.79702586,0.13310263
0.7538335,0.27250314
0.106614195,0.79941523
0.7787734,0.26649523
0.11037159,0.7544074
0.09663802,0.80465573
0.7493537,0.29483163
0.10215744,0.76233137
0.10772479,0.8213464
0.77817607,0.12094107
0.7689072,0.24711461
0.74787796,0.09479958
0.11360341,0.83180815
0.10289331,0.7253292
0.79123807,0.13290717
0.7848724,0.19616617
0.11434361,0.75109744
0.7749602,0.26057547
0.806528,0.14789003
0.08650887,0.7839293
0.77370673,0.14958026
0.7624949,0.23263642
0.7589541,0.11062674
0.77999073,0.21599378
0.7528119,0.31449422
0.76526916,0.1314044
0.12154289,0.6717325
0.11304494,0.7948861
0.7689476,0.11873498
0.75752705,0.09143196
0.7442532,0.18155019
0.7666678,0.2869525
0.7732755,0.1926063
0.75156754,0.06445416
0.11671742,0.89074945
0.1150646,0.8391458
0.10247183,0.47672307
0.7729383,0.15915921
0.11733776,0.78844565
0.10508865,0.848329
0.114575006,0.9664055
0.75647414,0.27009517
0.11005306,0.8225079
0.7690333,0.18092377
0.7505948,0.18882534
0.7555309,0.17385049
0.7781663,0.33606973
0.10863352,0.80230385
0.11060662,0.83411837
0.09735782,0.9045788
0.7660585,0.26584318
0.7536211,0.11602743
0.09943624,0.8240812
0.7934023,0.11237463
0.7682009,0.13073152
0.7997995,0.21124195
0.77329755,0.13061777
0.7621345,0.40889966
0.110113785,0.8259284
0.10578933,0.821638
0.7744626,0.17741357
0.123929776,0.7574001
0.10488751,0.7361242
0.10803397,0.8693662
0.096198775,0.60475504
0.11389166,0.71408087
0.10670915,0.8745522
0.76194286,0.2570797
0.110648215,0.78328687
0.7565225,0.15226537
0.1160735,0.8199269
0.1073603,0.72352207
0.7479174,0.33926913
0.107013844,0.76687014
0.75676817,0.5187382
0.09087278,0.8526098
0.10670608,0.83920026
0.7681521,0.079400174
0.10355149,0.81916916
0.75980264,0.46499246
0.7570126,0.15824121
0.75327986,0.26339036
0.11040666,0.8151367
0.7484748,0.12396745
0.10615765,0.6744545
0.80072457,0.06487071
0.7679794,0.2770563
0.120150946,0.83287996
0.7882724,0.08758211
0.7621788,0.25877953
0.7700289,0.26584318
0.7542239,0.12786216
0.10169161,0.7932968
0.098307684,0.6936605
0.7703497,0.10449389
0.10505854,0.7829408
0.7437734,0.18264283
0.096714094,0.81995416
0.10549999,0.79965234
0.09479603,0.8471915
0.743652,0.13511808
0.76994276,0.2551988
0.11260342,0.813706
0.119064614,0.79758245
0.7664958,0.06376045
0.10501033,0.8619132
0.10298563,0.9120558
0.120988645,0.75758594
0.1052517,0.7657855
0.7528533,0.19620943
0.7683414,0.2843603
0.106838025,0.7115816
0.11001477,0.85805374
0.097407475,0.7807668
0.77992934,0.12333141
0.117742896,0.6405764
0.10114318,0.892547
0.75694513,0.23507963
0.7890678,0.18021885
0.76140946,0.1663847
0.74797183,0.3815502
0.1074267,0.82998973
0.7663105,0.23183216
0.10415434,0.7589237
0.10996537,0.8598433
0.7708546,0.14730527
0.7775963,0.15070172
0.116394036,0.71749973
0.10441568,0.8130571
0.75466186,0.26230735
0.76712817,0.24289307
0.76334935,0.3164664
0.10463155,0.76874137
0.76096606,0.1794979
0.77795166,0.10049024
0.10283127,0.7369653
0.10239781,0.80467653
0.109504335,0.8131132
0.121378794,0.7206607
0.11102578,0.7748438
0.76066285,0.17884585
0.76541996,0.26930854
0.09985897,0.74720114
0.10522228,0.76279116
0.7468233,0.1086898
0.77237016,0.15432888
0.09788204,0.77090585
0.76293,0.21528246
0.10979671,0.8121872
0.11233062,0.8173043
0.11178853,0.7897049
0.7694956,0.11895286
0.09807817,0.71810853
0.7748082,0.15372328
0.7555487,0.20135859
0.10600002,0.83952546
0.11597979,0.8050322
0.76291347,0.24193181
0.7655061,0.19622225
0.1132523,0.8002932
0.77200645,0.112043
0.75018764,0.24532026
0.7494556,0.12013041
0.11970061,0.84386873
0.10248091,0.81043446
0.09854914,0.73149574
0.7788347,0.14264475
0.103744514,0.5479573
0.77919793,0.078730494
0.7679209,0.22390497
0.113383375,0.72414047
0.103595406,0.8263594
0.113682985,0.70630425
0.10206396,0.7140024
0.11814473,0.86985487
0.1040781,0.7672947
0.75638384,0.20751065
0.1062259,0.84628636
0.11062392,0.81422985
0.7709208,0.14757763
0.7687401,0.18270531
0.1071516,0.8468422
0.7638748,0.260984
0.77067405,0.30051747
0.79005283,0.17219071
0.744744,0.3141081
0.11776466,0.7512881
0.7576154,0.16124195
0.7561503,0.1615864
0.771803,0.13391009
0.78670913,0.10910635
0.7600578,0.22978628
0.10604017,0.8421417
0.7820902,0.1046509
0.7648058,0.24640007
0.10109825,0.8198981
0.10795691,0.786898
0.7476377,0.11559807
0.119354114,0.7913807
0.76224583,0.074914284
0.782168,0.1131084
0.1158643,0.921521
0.7623939,0.21474254
0.11109314,0.6762793
0.7491119,0.23342305
0.11111255,0.87304145
0.7721403,0.18804032
0.75117,0.22844532
0.11810055,0.6876478
0.7677764,0.22389054
0.7527138,0.1381893
0.11142441,0.7308164
0.10581406,0.7186453
0.11205882,0.70506585
0.108433194,0.8016694
0.112041615,0.9204396
0.7590592,0.13751322
0.7645507,0.21420424
0.108024165,0.7856756
0.76108456,0.11049537
0.106399275,0.78349674
0.109341554,0.83618987
0.7620665,0.21520714
0.75472736,0.23014034
0.77659,0.12735268
0.7684103,0.15418789
0.76169735,0.17976224
0.7636177,0.22098112
0.77063483,0.2827838
0.10625139,0.7089189
0.11657122,0.7793409
0.11130475,0.7716764
0.10435456,0.89887375
0.7705795,0.11103368
0.10654845,0.7673828
0.76719517,0.18554424
0.10638002,0.7980214
0.76212806,0.14478996
0.098901674,0.8613958
0.104086384,0.7295732
0.7487632,0.15280047
0.7683839,0.20811945
0.77958554,0.13755327
0.7531406,0.26855874
0.7565303,0.1487071
0.10658173,0.857022
0.7523292,0.24669486
0.097856715,0.72829634
0.09510822,0.8110577
0.77278286,0.120204106
0.1072352,0.730959
0.10648952,0.79868627
0.7479642,0.19289789
0.7605602,0.1649364
0.09885056,0.844069
0.8182618,0.107946426
0.74100226,0.24354513
0.11313171,0.8188119
0.88674426,0.3615992
0.114080526,0.8667596
0.11048897,0.820132
0.09427811,0.777915
0.119168885,0.7043273
0.11044502,0.7871928
0.118379354,0.5767006
0.8162732,0.23624916
0.7750974,0.34225222
0.09600255,0.9046237
0.7582452,0.26952162
0.7843053,0.123778395
0.76255095,0.22974463
0.7707133,0.24663077
0.10934529,0.6247012
0.11175274,0.73240733
0.11445356,0.8422138
0.7737001,0.22143772
0.11386831,0.820084
0.7643314,0.097739436
0.09763814,0.89488447
0.75415444,0.26321253
0.7507159,0.26105452
0.76013523,0.13607773
0.107447304,0.7897706
0.7584476,0.14269282
0.7698543,0.22586113
0.10635345,0.862333
0.7688661,0.15328911
0.76217693,0.20862411
0.11006258,0.75979525
0.92541355,0.28608894
0.10732458,0.8310583
0.11552117,0.86764073
0.10742297,0.83226633
0.11905233,0.74234354
0.75874925,0.14233074
0.117217444,0.77940977
0.7421532,0.15915921
0.11045767,0.7520859
0.7595982,0.17121823
0.76400864,0.18242495
0.74883044,0.20537505
0.102286994,0.7707937
0.75745493,0.2150229
0.11005026,0.8844901
0.101730116,0.83099425
0.120544486,0.8149444
0.7772011,0.153044
0.12007454,0.6401134
0.11525518,0.86901057
0.76419777,0.2116633
0.11224554,0.8098225
0.11542687,0.6839181
0.104962654,0.801522
0.735008,0.12885545
0.78319865,0.12714282
0.7587232,0.22028261
0.76885426,0.1782034
0.11052615,0.854095
0.10718924,0.8790429
0.102970734,0.85278445
0.7630214,0.1464161
0.11597715,0.80926657
0.76806825,0.1368996
0.7511321,0.14133583
0.76840824,0.13461982
0.7516321,0.13221666
0.775845,0.18845044
0.7653912,0.2131949
0.77711713,0.17808004
0.78384304,0.2906421
0.11524078,0.6411692
0.11274319,0.90208274
0.113352865,0.85141784
0.75857294,0.1470297
0.10393774,0.8606043
0.094280854,0.8006633
0.11562769,0.8110753
0.7838401,0.42503604
0.10347872,0.843904
0.7751323,0.1355891
0.10587993,0.8624179
0.109156325,0.83196837
0.1021015,0.80797845
0.7811003,0.17226762
0.10558627,0.7535759
0.7810618,0.3458025
0.11217181,0.73942935
0.7661203,0.116442375
0.10453669,0.88844883
0.0987178,0.87797433
0.7459522,0.23043032
0.09861082,0.8258868
0.104118116,0.7876862
0.10718343,0.8998686
0.77794677,0.08850011
0.11761228,0.7998622
0.10355595,0.87192476
0.09646012,0.88563234
0.75000155,0.30665675
0.77247846,0.09067096
0.7534851,0.10176391
0.76351124,0.2062578
0.11007199,0.67732865
0.7644622,0.28556666
0.109162435,0.8479109
0.11416089,0.48744592
0.112114854,0.7419014
0.11130994,0.84033614
0.08831678,0.7949197
0.78317595,0.14379987
0.7580528,0.14659393
0.09560666,0.81362265
0.7611728,0.17434554
0.76979554,0.066732354
0.1087645,0.8142635
0.7677783,0.22496395
0.10666752,0.80962545
0.11113217,0.80203146
0.75381684,0.124153286
0.76834524,0.23160948
0.76800156,0.20070653
0.75997525,0.19347624
0.7607727,0.24673492
0.09927036,0.79913646
0.7600845,0.12618956
0.74366707,0.11971707
0.75998926,0.21003556
0.10759658,0.8531033
0.106228046,0.7154811
0.115782045,0.8652616
0.74874353,0.20985132
0.76164794,0.19246212
0.106980465,0.7212038
0.7768071,0.10664552
0.73132724,0.41842577
0.7631425,0.16658495
0.75991875,0.26284084
0.105380304,0.76270145
0.7645295,0.22697619
0.1168942,0.8462687
0.7651484,0.12554872
0.10359121,0.8378929
0.7518274,0.14767374
0.79838187,0.12302861
0.74540013,0.15423755
0.74333453,0.3525201
0.77012914,0.11224647
0.10502321,0.81077254
0.11426374,0.8302701
0.75385725,0.16937582
0.7922554,0.09762889
0.75419945,0.1174517
0.104242764,0.67986476
0.11155358,0.7550114
0.7648778,0.13431542
0.105102986,0.73013073
0.11140932,0.83563554
0.116816014,0.8145647
0.1139079,0.7596815
0.7666193,0.14385594
0.10306791,0.64269763
0.7671639,0.13638695
0.7406747,0.19743022
0.7471357,0.29895863
0.76814777,0.09473229
0.7490416,0.23199077
0.10740442,0.7543625
0.11751586,0.89758563
0.77190536,0.1594476
0.75990593,0.24750233
0.81380266,0.11269826
0.097635135,0.84858537
0.76354784,0.23594956
0.77944607,0.108809955
0.79759574,0.11732994
0.11507192,0.694186
0.7597847,0.14389119
0.10969181,0.844045
0.76941633,0.15773495
0.11403549,0.73434263
0.12305598,0.82010156
0.09941283,0.86468005
0.7558468,0.09155372
0.7696337,0.12223397
0.034303393,0.70551604
0.11178378,0.88508284
0.749172,0.33415362
0.11373581,0.6421497
0.09734751,0.72839403
0.108721904,0.7419078
0.119189255,0.80704445
0.7799237,0.16704957
0.10877863,0.8289644
0.77007633,0.18967445
0.095521346,0.87420934
0.7765109,0.12680636
0.76538455,0.2789756
0.11374044,0.79852605
0.10571765,0.8380227
0.766517,0.11447339
0.77589095,0.18137236
0.76348615,0.10028197
0.1143796,0.81564134
0.75995296,0.10950367
0.7588442,0.10789836
0.7706648,0.16290814
0.1119072,0.6169935
0.12114334,0.8082124
0.75598127,0.19701047
0.75934356,0.140091
0.11701075,0.7137252
0.7515229,0.2652472
0.75587505,0.22278349
0.09178471,0.8405011
0.10077823,0.85818195
0.7711334,0.21024704
0.10850418,0.7362556
0.74624115,0.2707392
0.102988005,0.8938271
0.09659968,0.76209587
0.7499115,0.21422827
0.106565125,0.8644301
0.7752105,0.10410779
0.7738446,0.10938511
0.117244616,0.8301131
0.7698873,0.18457496
0.10470716,0.8860425
0.098421626,0.83099586
0.75976515,0.12879618
0.10243644,0.69965076
0.75055873,0.26211348
0.7903092,0.1813179
0.77773386,0.12205293
0.11224247,0.85437053
0.7747913,0.22971098
0.1015467,0.78682274
0.74948674,0.26466084
0.77713495,0.28585184
0.1054364,0.710968
0.75863457,0.21947996
0.8029646,0.22303984
0.7773768,0.15311289
0.10027193,0.885674
0.114654444,0.64865583
0.105577685,0.61876863
0.098741636,0.8066407
0.111569755,0.7771604
0.75191605,0.33012432
0.02999,0.75711495
0.75766253,0.21884553
0.11149328,0.84271204
0.76882094,0.16429555
0.10307405,0.815276
0.77175695,0.12958601
0.09737201,0.8384232
0.7577426,0.18991476
0.766093,0.16054022
0.76487106,0.19364126
0.11054101,0.7562851
0.103751354,0.8370758
0.7556025,0.099700406
0.75755,0.24627993
0.10258442,0.83776635
0.74994606,0.20494568
0.10089812,0.90918326
0.09641026,0.77914065
0.09694076,0.8716156
0.7599058,0.25903106
0.11013839,0.75049984
0.7748349,0.1560319
0.11336921,0.7084607
0.7709884,0.20408696
0.77699137,0.14305007
0.113906056,0.66404563
0.10310327,0.80718863
0.76642215,0.1812442
0.0867014,0.8608655
0.75602615,0.13051364
0.77886575,0.1224839
0.11009662,0.67722934
0.7724312,0.22086097
0.7617564,0.11944952
0.109101154,0.8877487
0.76857823,0.10316575
0.103731275,0.83654237
0.09110533,0.8135714
0.7551203,0.11215675
0.76292455,0.25167578
0.110137954,0.5799609
0.7862955,0.13564678
0.09691266,0.87272584
0.76118296,0.20244001
0.11580503,0.6130283
0.10182969,0.8611971
0.11118203,0.7837771
0.77371204,0.22138326
0.76562005,0.1877311
0.11031378,0.8005976
0.76947594,0.23796822
0.7670155,0.25018105
0.10779578,0.77760905
0.77756286,0.059111156
0.7458551,0.245732
0.11407385,0.78348875
0.10897872,0.73885095
0.7674947,0.13603608
0.754496,0.1445833
0.77145094,0.2448092
0.7567515,0.1477907
0.115004964,0.8500497
0.104320586,0.87710595
0.0934279,0.8087603
0.7700441,0.2749207
0.1027511,0.8139223
0.7591398,0.44316223
0.1165378,0.8472668
0.76075846,0.14301483
0.7489172,0.2511359
0.10274879,0.8218014
0.89881927,0.291299
0.76450604,0.18253869
0.10141132,0.8365087
0.7493791,0.1814733
0.10834068,0.93205166
0.76126665,0.26515427
0.76332235,0.18058252
0.7640142,0.15095486
0.1174561,0.7179275
0.09922704,0.6786664
0.7671002,0.26366913
0.108484276,0.90080106
0.118063435,0.8464465
0.11179276,0.83137876
0.09681239,0.7333622
0.7648362,0.26747733
0.10664308,0.91527444
0.753946,0.1379618
0.7538834,0.17316478
0.11414659,0.80143225
0.7660773,0.13588388
0.7742411,0.15691948
0.7596394,0.36353457
0.80343205,0.11572303
0.7711848,0.14896664
0.10991951,0.8199702
0.7712591,0.08255151
0.8446992,0.15338044
0.74685967,0.19651383
0.7749375,0.09779551
0.03291224,0.69894904
0.10078302,0.8602486
0.10789556,0.68511325
0.7562858,0.13700055
0.11023645,0.8378753
0.098122545,0.8117162
0.10648737,0.7775946
0.7758138,0.20698516
0.10646112,0.82642186
0.7635464,0.19257586
0.1111247,0.69318783
0.7384307,0.17396264
0.7576933,0.21101125
0.7754563,0.14262232
0.82842773,0.17335865
0.7674095,0.24644333
0.7456779,0.27983594
0.115668595,0.8134288
0.107532986,0.79227626
0.105185196,0.7763065
0.7565064,0.17075844
0.1036803,0.7570717
0.77477455,0.076324135
0.1004816,0.74839467
0.111887194,0.6704044
0.80509233,0.16778654
0.11803884,0.76071006
0.76504314,0.061770644
0.7482455,0.100786634
0.76887894,0.08716396
0.76379335,0.1112019
0.10002142,0.89402735
0.108263776,0.7980823
0.107670605,0.7355026
0.7174571,0.23658079
0.77798045,0.3299529
0.11085329,0.77579385
0.7542961,0.2606812
0.11177869,0.82297254
0.11362639,0.806857
0.109104656,0.77063185
0.74794334,0.2291134
0.086197115,0.9186276
0.75898737,0.297874
0.7585493,0.28876287
0.10851693,0.7633519
0.11049587,0.8009965
0.101079255,0.8532651
0.11602172,0.8749303
0.7523522,0.2567128
0.77274233,0.17539652
0.1071126,0.8242751
0.10999152,0.89023036
0.09874454,0.7512176
0.108849585,0.620406
0.10796879,0.68511164
0.11061936,0.8001634
0.10119763,0.6895815
0.7689554,0.19574161
0.111400835,0.7977827
0.106373556,0.7713496
0.10375475,0.8670287
0.77648604,0.23257715
0.10640849,0.87132716
0.103327364,0.6541382
0.12099832,0.7623714
0.9204771,0.22236374
0.095992416,0.65244323
0.752055,0.20300074
0.10183313,0.8665898
0.09406993,0.78131145
0.10797672,0.7621343
0.1009801,0.85872823
0.7662874,0.14609568
0.12067491,0.65986896
0.7582133,0.16918838
0.1125041,0.72011757
0.7648922,0.24386235
0.11492027,0.82655483
0.77203155,0.27183664
0.8931548,0.2773639
0.7693848,0.3517703
0.76625186,0.2844532
0.7579156,0.19758242
0.746894,0.2202666
0.109693825,0.9178186
0.1095152,0.79090005
0.77596915,0.2534253
0.76843953,0.17577782
0.78837526,0.19773783
0.7768025,0.1378048
0.76417124,0.21229453
0.7628274,0.27776444
0.10325793,0.86452305
0.11809427,0.8752844
0.7702007,0.18166874
0.100319475,0.81199175
0.76304317,0.21381652
0.101548746,0.8296164
0.10698423,0.7643052
0.7611858,0.14320709
0.11571598,0.85819316
0.77568066,0.24938159
0.11092956,0.84842515
0.7695348,0.19919574
0.7880559,0.12326893
0.11305788,0.5528149
0.10873297,0.6262568
0.7950705,0.062935375
0.114287615,0.81728345
0.10197623,0.7524544
0.74679524,0.1430645
0.76510644,0.14797334
0.745766,0.14457208
0.7721863,0.2072383
0.7583901,0.119967
0.10281879,0.73349357
0.76334155,0.18910411
0.11661341,0.8910603
0.755187,0.23087892
0.10853149,0.7285751
0.7759102,0.2120414
0.09677623,0.81564134
0.10135126,0.7541078
0.11391553,0.80673045
0.11135741,0.8125813
0.7995957,0.24760005
0.75659513,0.18599123
0.1018499,0.7580025
0.1155285,0.7731616
0.77252614,0.16963056
0.102674365,0.8725175
0.75145024,0.11504854
0.90350854,0.120969914
0.7696817,0.27059662
0.10359326,0.92055815
0.76893085,0.14714986
0.764402,0.22549585
0.7605792,0.22073601
0.11725641,0.83197796
0.7746624,0.2568666
0.1036065,0.8461053
0.7618477,0.23354961
0.09943812,0.81704634
0.10517734,0.7257458
0.11029393,0.87483096
0.7609641,0.1903201
0.781277,0.02837643
0.7767639,0.13053766
0.77040017,0.28351116
0.7573807,0.12021372
0.10203576,0.69683427
0.7610127,0.24303886
0.10764099,0.59674776
0.7582352,0.2270659
0.7639022,0.2983194
0.111664586,0.7614438
0.7671248,0.3107453
0.75816405,0.24833862
0.09927917,0.8321686
0.75554144,0.24103464
0.7820796,0.0900157
0.10473097,0.8131068
0.115224734,0.6571662
0.11352978,0.86430836
0.10724421,0.84230673
0.78971606,0.20455638
0.77577615,0.26703355
0.1023423,0.9127351
0.11155315,0.7259236
0.10011225,0.74600273
0.7796138,0.06788427
0.761318,0.20528053
0.7523382,0.1674549
0.110824704,0.8383463
0.7743811,0.12791021
0.8030337,0.15879554
0.77508926,0.14705214
0.75505435,0.27835882
0.1100978,0.7459707
0.1013752,0.72709477
0.7650783,0.2078519
0.105736665,0.6714345
0.76289314,0.083107434
0.77239865,0.18321799
0.09590554,0.8066375
0.10596693,0.8676968
0.7440707,0.29167226
0.7488491,0.0791166
0.10617145,0.63960075
0.7521946,0.09798295
0.10501684,0.8439088
0.7570176,0.20000961
0.7653978,0.17531961
0.11995733,0.8547166
0.7784434,0.17795508
0.09633168,0.81046814
0.7716538,0.2546701
0.7687322,0.21326861
0.118064955,0.7858839
0.121884264,0.7854337
0.77985245,0.20933545
0.11192959,0.84234196
0.1065889,0.87373513
0.76670057,0.17407799
0.10290513,0.6804848
0.7625709,0.2012929
0.10429192,0.7902432
0.74966264,0.16397193
0.780183,0.10307123
0.10855817,0.83998203
0.75497115,0.20439136
0.10045644,0.88904804
0.09917629,0.8203787
0.104978606,0.8779551
0.76553977,0.23971611
0.7540029,0.11647121
0.10714545,0.8203595
0.7917442,0.16332948
0.10971024,0.7733202
0.7697497,0.09091608
0.7614661,0.096625976
0.79875565,0.2188215
0.76592934,0.22252876
0.097152375,0.85996985
0.76932377,0.17101638
0.10502741,0.8396216
0.76143414,0.24304847
0.11053305,0.7804527
0.7889524,0.0875773
0.7886917,0.21308917
0.10758347,0.7962351
0.75129133,0.14843956
0.7574145,0.1724855
0.10024588,0.79717547
0.76704115,0.24044506
0.76841563,0.15652856
0.750015,0.20118555
0.10451628,0.8688872
0.75241876,0.22800955
0.7785555,0.22645871
0.11657914,0.8520523
0.09557804,0.7909145
0.7692152,0.13573809
0.7576949,0.13226794
0.7738067,0.25615528
0.11051268,0.7761463
0.111394756,0.8330177
0.7446155,0.17420135
0.7782392,0.18426415
0.10936992,0.8071662
0.77769333,0.2587827
0.7778201,0.077171646
0.7604808,0.086157836
0.7601241,0.29095775
0.77135783,0.16592169
0.7885789,0.20997949
0.78215516,0.08123458
0.74413407,0.14083117
0.10982233,0.8499487
0.10349222,0.77625686
0.7712614,0.120018266
0.782563,0.2346775
0.7577277,0.3190474
0.7585105,0.24390401
0.75828606,0.17053413
0.7689105,0.11844981
0.10489537,0.87616074
0.7864574,0.10496491
0.10863791,0.7717277
0.11306231,0.75361276
0.7579959,0.13013394
0.09270777,0.8196097
0.10529297,0.7835336
0.757885,0.057311993
0.11308265,0.7312458
0.105146304,0.8267439
0.11107947,0.87841326
0.7614883,0.14987823
0.7885962,0.13190106
0.07478333,0.7085536
0.11443038,0.6463392
0.7607841,0.24606845
0.7701911,0.12102599
0.7473128,0.22221956
0.78136665,0.2424493
0.10071642,0.76354414
0.09302434,0.79051876
0.760603,0.24055721
0.100706056,0.72304463
0.77310395,0.15450351
0.75338024,0.14328079
0.7590118,0.23822135
0.7437416,0.1890272
0.10491181,0.76362425
0.06832693,0.88260436
0.7601698,0.17245185
0.117313795,0.8301227
0.75883603,0.13317633
0.0831923,0.7259669
0.11507853,0.5574466
0.11033316,0.85156524
0.76647335,0.14084719
0.10775091,0.7393524
0.7643955,0.2867266
0.112644434,0.7659185
0.104843594,0.91161203
0.750085,0.15151238
0.1111079,0.88653755
0.096907675,0.8234548
0.11822384,0.84106666
0.7872629,0.14677657
0.112301044,0.7974062
0.105592415,0.8510221
0.10726498,0.92481333
0.1034666,0.7480406
0.104290046,0.84396005
0.1144111,0.8390272
0.77950037,0.099743664
0.7688652,0.057342432
0.7474816,0.13896312
0.11293545,0.90318495
0.76868534,0.15126406
0.10716028,0.7962014
0.10929787,0.86395913
0.103659794,0.7865808
0.76809895,0.26940465
0.7719222,0.09696402
0.10828088,0.882622
0.11213351,0.75742894
0.11532699,0.79111636
0.099188805,0.8334006
0.09290432,0.8286568
0.11395073,0.8763946
0.11368536,0.7234676
0.11377794,0.6493736
0.778044,0.15550001
0.75292957,0.14474191
0.10786016,0.83601844
0.7783731,0.32419655
0.110111475,0.61293054
0.765677,0.15041655
0.74656594,0.24635202
0.7743658,0.09209683
0.7823509,0.17806402
0.76123077,0.2768304
0.7860591,0.12664296
0.76239073,0.19488929
0.10477881,0.83433783
0.09885572,0.6734468
0.8122033,0.22016726
0.7567535,0.17581788
0.76642823,0.11582076
0.7603073,0.26122433
0.10711422,0.8390192
0.7497715,0.2604409
0.10694982,0.8172386
0.10721826,0.84265435
0.7543726,0.13527027
0.7547606,0.15494889
0.77470046,0.24704252
0.11302566,0.8419975
0.7586877,0.33312985
0.7428704,0.2579368
0.7576393,0.21317568
0.10112102,0.83491623
0.76049125,0.2567993
0.10436463,0.8253869
0.1157976,0.7281201
0.7760978,0.116617
0.75880617,0.30950046
0.10480665,0.8501538
0.11256902,0.6014483
0.09819816,0.6989987
0.7616605,0.18282866
0.10692086,0.79066455
0.7649358,0.1805665
0.77024853,0.19902593
0.10575301,0.79147524
0.1099522,0.76680446
0.77035934,0.09563267
0.7779324,0.12018488
0.10723807,0.8676952
0.76025856,0.2718607
0.77733105,0.2506248
0.7585649,0.1840703
0.09766217,0.803656
0.10341671,0.72452337
0.7741365,0.21565093
0.78029823,0.122938894
0.75583756,0.18557307
0.7529494,0.3351469
0.10863444,0.8491861
0.7818462,0.12391938
0.75260466,0.10814028
0.7606808,0.14218494
0.1125881,0.85675925
0.117814414,0.8386251
0.7567647,0.11964498
0.10936305,0.7141962
0.78723663,0.15733603
0.75741625,0.121628374
0.7935495,0.22054215
0.75718045,0.0826204
0.11140559,0.87458587
0.109579094,0.78989077
0.7629271,0.1968022
0.76486975,0.14559743
0.75708985,0.275914
0.11728546,0.6344244
0.11135718,0.9259012
0.11290494,0.73685795
0.7576776,0.20199141
0.106508136,0.8240844
0.10195005,0.8170992
0.09241189,0.74957544
0.112525135,0.74635684
0.7727257,0.22002627
0.7873961,0.1329232
0.78316605,0.12603256
0.7643841,0.20771092
0.11594572,0.7583277
0.8028914,0.06337595
0.7883721,0.12958601
0.11312742,0.7554231
0.90134186,0.41811496
0.107872516,0.78135955
0.09848994,0.67958444
0.10228878,0.78075397
0.7821113,0.22109167
0.77278656,0.14476754
0.76370674,0.23746836
0.7714121,0.18328047
0.7540287,0.06069403
0.102687344,0.6991541
0.76124525,0.12465955
0.10716206,0.80944437
0.10556541,0.8615191
0.7486549,0.22351566
0.77032423,0.20750424
0.11455975,0.774807
0.77894884,0.032085296
0.1082023,0.779304
0.7705222,0.080960624
0.7718128,0.11446378
0.05436741,0.84408665
0.09633874,0.7460011
0.750309,0.15486237
0.10368363,0.8145663
0.7347729,0.19719312
0.10469247,0.76840174
0.7758287,0.11112019
0.10391017,0.84649783
0.7458679,0.2526082
0.75759625,0.14074306
0.09474344,0.8706607
0.77058136,0.32442245
0.1028142,0.7999231
0.10886514,0.8033484
0.1178015,0.8131789
0.77921206,0.12434394
0.10323518,0.90467334
0.7390238,0.2670848
0.8028447,0.15248966
0.76265407,0.24935916
0.10634952,0.75758916
0.76154625,0.25454357
0.76394606,0.18748759
0.10740286,0.7738024
0.10971126,0.9004598
0.109668605,0.82861036
0.10132336,0.8145663
0.7544989,0.21515428
0.10051115,0.7419991
0.10145266,0.8993319
0.11079363,0.6501955
0.099069014,0.7741741
0.10149433,0.79738855
0.75877523,0.14194623
0.7646827,0.13508603
0.78440326,0.20147714
0.7611803,0.18609697
0.74872464,0.27657565
0.77778393,0.2670608
0.10899213,0.82168764
0.09936885,0.83181775
0.77837867,0.17624563
0.77225167,0.2117354
0.771775,0.18527508
0.762209,0.082886346
0.10542897,0.86579835
0.75603646,0.17539813
0.75936604,0.16883911
0.11105887,0.6767407
0.78363156,0.15599346
0.7580696,0.18448685
0.7573358,0.19387357
0.75585395,0.18953507
0.7434296,0.16918997
0.110483885,0.8046749
0.7583469,0.13569804
0.75088036,0.10324266
0.7832442,0.14676696
0.12294425,0.45461085
0.11667658,0.77603096
0.1035609,0.8337723
0.10113301,0.8608222
0.7776525,0.14479637
0.107661396,0.72586274
0.10058128,0.7748518
0.11373799,0.78273576
0.80945987,0.14922939
0.75744873,0.24179403
0.11139406,0.7899356
0.78478235,0.19264635
0.10015561,0.7538915
0.11146057,0.8055881
0.11106411,0.81871897
0.11086281,0.74183726
0.7494946,0.15788555
0.08870699,0.68301773
0.09966615,0.8961998
0.7556416,0.19482842
0.7605795,0.18900798
0.75473833,0.17586754
0.11595536,0.7011487
0.10700704,0.89500785
0.1221319,0.88105834
0.105587825,0.7735445
0.10985614,0.66766316
0.11336568,0.82820183
0.7524569,0.24855651
0.10567955,0.7453491
0.09198391,0.8307043
0.11162252,0.8244769
0.7699848,0.13975456
0.7653983,0.30063763
0.75590837,0.2852927
0.107967705,0.7909033
0.11081757,0.77839565
0.10177188,0.79532826
0.1085477,0.74205357
0.7552855,0.114837065
0.10688577,0.73655677
0.7721541,0.20636354
0.118234634,0.81816626
0.78721726,0.11201576
0.115399666,0.7339581
0.09795148,0.86221606
0.10979295,0.8959483
0.11478028,0.64201033
0.09959585,0.83251464
0.10355843,0.64959466
0.11296154,0.71129805
0.11399118,0.82042843
0.7684521,0.10016822
0.11216435,0.8427377
0.768558,0.24094972
0.10178301,0.87003106
0.103917435,0.7772998
0.7319204,0.063577816
0.10416629,0.85493606
0.75143677,0.17587554
0.10056827,0.75833416
0.121737234,0.67030025
0.7670207,0.23982185
0.111556545,0.8497036
0.10845231,0.73053765
0.7775409,0.22658688
0.10090109,0.84996635
0.76393944,0.15782146
0.7824053,0.15341088
0.76187265,0.37815693
0.76289976,0.27330098
0.75575423,0.28348234
0.76043195,0.12201609
0.09966889,0.6623666
0.79021794,0.0739338
0.10637458,0.8745763
0.79829603,0.17349483
0.10788526,0.7563427
0.10621986,0.7469512
0.7666477,0.120381944
0.10800317,0.7265356
0.10634595,0.77883625
0.76750237,0.19504951
0.11147453,0.78271973
0.10780879,0.75412863
0.10431342,0.9202281
0.11306957,0.6754398
0.10943364,0.7220385
0.106465906,0.82504725
0.10371744,0.8602166
0.7560156,0.2881236
0.76861715,0.15165336
0.77187556,0.24996476
0.1131717,0.80186164
0.77013814,0.119758725
0.78534603,0.1532074
0.103198625,0.8875212
0.7634505,0.16588804
0.75512224,0.09131501
0.11558773,0.7937502
0.76998085,0.24252939
0.10211187,0.82744724
0.113109395,0.78504115
0.107955456,0.8084239
0.11058007,0.7463152
0.11627204,0.73584384
0.7716253,0.31263098
0.09148471,0.73685956
0.110484414,0.8053126
0.78372407,0.19278093
0.11039953,0.7922442
0.76626337,0.18502836
0.11891656,0.6261527
0.101660475,0.6633279
0.76198024,0.18610337
0.104552634,0.75459003
0.093618706,0.86459994
0.7608488,0.31147906
0.7635093,0.17755616
0.115566276,0.89988786
0.090806946,0.85897815
0.10787123,0.75597423
0.10200453,0.8023487
0.114041425,0.67695695
0.7650656,0.16927008
0.7448568,0.20997629
0.7622995,0.14707457
0.10924505,0.84106666
0.75122744,0.13767983
0.7696842,0.21030472
0.76216704,0.17304784
0.11251361,0.7015092
0.75202173,0.1108238
0.10094725,0.80689704
0.77791536,0.22895959
0.10358857,0.62931204
0.10719221,0.89418596
0.10299372,0.6205758
0.7367401,0.19874075
0.10186304,0.8191051
0.1269555,0.6029447
0.75149804,0.24714345
0.78203946,0.19044986
0.76574194,0.25933865
0.7319866,0.30414304
0.111884646,0.7460092
0.79439354,0.30736807
0.7769968,0.22843571
0.7637386,0.15733282
0.7847464,0.39945367
0.112050764,0.8223317
0.10543366,0.87954915
0.76186615,0.1889439
0.09152235,0.8501554
0.11986544,0.73942614
0.11298049,0.7987568
0.771322,0.109372295
0.110216506,0.7855186
0.10863444,0.8106444
0.10909244,0.84178925
0.10118848,0.7415938
0.102657326,0.9127816
0.11478348,0.84423083
0.103952765,0.8949229
0.1076226,0.8465955
0.10742228,0.8590118
0.76777244,0.13308822
0.7665271,0.13098145
0.7560987,0.099404015
0.7583621,0.16107212
0.1142887,0.8642667
0.107234605,0.8846727
0.7764075,0.16183153
0.7689846,0.1698949
0.0979884,0.8130972
0.10276461,0.8973485
0.10618594,0.83199877
0.76612073,0.35004646
0.75599396,0.15131533
0.76009834,0.28212535
0.7493661,0.2820869
0.76345444,0.16154315
0.8534177,0.13983306
0.10814693,0.7686437
0.766502,0.19760807
0.11986593,0.68992275
0.10115107,0.75704765
0.7767901,0.095483676
0.7557932,0.26275432
0.10426835,0.8953539
0.750678,0.07014964
0.76640284,0.20953731
0.7740977,0.14469865
0.10497656,0.84453845
0.7471699,0.33789933
0.74903315,0.2090743
0.111116216,0.6825259
0.7416865,0.2763562
0.74129397,0.19488929
0.107887834,0.73840076
0.08804953,0.8354049
0.101630196,0.97470284
0.11230197,0.859454
0.11242093,0.8579192
0.7504952,0.1506889
0.76849526,0.1332997
0.7570744,0.2567881
0.10601042,0.75908715
0.111733064,0.72528917
0.7634213,0.14353712
0.10160537,0.77129036
0.7599334,0.24515525
0.7663014,0.13854016
0.75819534,0.14538755
0.7807068,0.08713993
0.7524743,0.2753036
0.09995347,0.87410045
0.09420177,0.83799225
0.11027934,0.7044282
0.7718001,0.3510606
0.083327904,0.8698452
0.10790441,0.8272037
0.76781034,0.3024544
0.75758195,0.078517415
0.8397795,0.20860809
0.74687403,0.25193214
0.1074902,0.61694866
0.77575225,0.15016502
0.11362916,0.7134208
0.7870663,0.14341696
0.108345665,0.8398539
0.10387788,0.8093355
0.10970608,0.85820436
0.10766354,0.84921014
0.77347535,0.14152488
0.75375885,0.1463456
0.7817008,0.13982505
0.751238,0.11511743
0.11795874,0.7828175
0.75162035,0.14408024
0.76235586,0.15580441
0.11253164,0.7139944
0.77376354,0.26611874
0.10885352,0.85322183
0.773455,0.21025024
0.7551793,0.16312923
0.11081952,0.79608446
0.11078346,0.7050979
0.76338893,0.08280785
0.11145116,0.7770739
0.7681499,0.14812554
0.7761207,0.3074065
0.7615608,0.21105771
0.75475484,0.10563299
0.09998811,0.6381989
0.1064037,0.6615159
0.7639731,0.25225094
0.8095095,0.32152906
0.7545854,0.25210997
0.10463155,0.87182546
0.7556871,0.18380755
0.76009005,0.13142042
0.10278359,0.8208177
0.111146234,0.8301852
0.7784409,0.1997004
0.76406264,0.19792208
0.10271821,0.8502852
0.76300675,0.10995386
0.77205914,0.13085487
0.11816629,0.64766574
0.0977744,0.82675993
0.1028105,0.9017255
0.09285404,0.84290427
0.11329674,0.77608865
0.7637231,0.101260856
0.76046515,0.11982761
0.7609217,0.24769297
0.7771681,0.16438366
0.7786332,0.094636165
0.75900596,0.19159217
0.78020644,0.1356724
0.109671175,0.84852284
0.11237603,0.79841715
0.10950044,0.78017557
0.113767974,0.8496475
0.096574426,0.83646226
0.73842907,0.24178922
0.1121546,0.799545
0.78686804,0.14368932
0.10269745,0.8067817
0.10763128,0.9040357
0.77805007,0.20438816
0.11599861,0.88127464
0.75144374,0.17377038
0.8458868,0.29896504
0.119377196,0.78852576
0.7687132,0.105636194
0.11249905,0.7700311
0.7506188,0.1536512
0.108120315,0.87885386
0.7668833,0.16338876
0.105794944,0.829884
0.7689043,0.21038483
0.74368584,0.15981127
0.7966162,0.19579448
0.10899434,0.7865584
0.74618727,0.17456983
0.7595417,0.13781922
0.8235645,0.15017623
0.11447166,0.86278635
0.11902578,0.7923371
0.10631036,0.7077398
0.10454025,0.75958216
0.77456087,0.2833173
0.10956192,0.73776156
0.10585121,0.7697331
0.10598536,0.69235635
0.76899135,0.17133199
0.11544292,0.8603175
0.75082344,0.26313242
0.8084091,0.15176071
0.11086713,0.8661284
0.10462541,0.8813804
0.10993222,0.86147904
0.77362037,0.18994682
0.781429,0.20117274
0.7855642,0.20889166
0.89274156,0.22344035
0.74762845,0.22533083
0.7548701,0.21441571
0.09472518,0.92927843
0.7594615,0.08171521
0.7885974,0.2140953
0.7953356,0.14299881
0.11879505,0.768578
0.7593845,0.16155276
0.09878024,0.8227178
0.109028414,0.7042504
0.10058233,0.7939809
0.11589018,0.74670285
0.7599973,0.20501779
0.11434173,0.846054
0.109594546,0.7336201
0.7528349,0.22133839
0.7633896,0.07655004
0.7825898,0.075040855
0.757755,0.19349706
0.112052545,0.79339296
0.10744169,0.79561347
0.10276477,0.8868836
0.09697744,0.7965939
0.75587875,0.19338012
0.11059694,0.7951745
0.774172,0.1319395
0.10385226,0.6660018
0.7496563,0.25948444
0.107366346,0.9141866
0.7693799,0.10660707
0.75314075,0.23319075
0.11305689,0.89973086
0.82688326,0.40801692
0.101473525,0.8614262
0.10426835,0.89304847
0.1191185,0.8196322
0.103420414,0.8336682
0.10821709,0.8372681
0.108207054,0.83853054
0.7678259,0.2482569
0.7715323,0.13156301
0.7766608,0.10637957
0.10566198,0.86489636
0.10464641,0.8419094
0.105167635,0.7883367
0.10230691,0.78510845
0.7427962,0.20679611
0.77289116,0.14803742
0.108511314,0.7810984
0.77608997,0.16535294
0.7738985,0.2381172
0.7627417,0.15657343
0.10131214,0.8005159
0.7541016,0.1823881
0.76109195,0.26127398
0.103470266,0.8040469
0.76352394,0.12702747
0.769036,0.13449486
0.7851178,0.20597905
0.10857134,0.8417252
0.098980755,0.65697074
0.09965826,0.80592775
0.7809796,0.090688586
0.10287366,0.7286712
0.7636544,0.16792752
0.7755436,0.25136498
0.105470836,0.898007
0.7575791,0.16649204
0.096991904,0.6525874
0.77341855,0.16349931
0.77768093,0.19581692
0.7901107,0.07123907
0.7772311,0.16673395
0.7742715,0.2673892
0.10945082,0.6640937
0.738421,0.13774072
0.78919184,0.13465346
0.783847,0.11648402
0.7943486,0.15978564
0.1201236,0.74209684
0.102767676,0.8211237
0.75689733,0.15355346
0.111269124,0.6217822
0.119264044,0.8504005
0.10662588,0.8093274
0.101045184,0.7441315
0.77624065,0.40287417
0.7642258,0.12688488
0.11086,0.8662742
0.76888,0.14361241
0.7683057,0.14082956
0.11575805,0.7631148
0.1075215,0.70286775
0.76681465,0.16052902
0.7793611,0.26377648
0.10821359,0.7495947
0.10592656,0.8741837
0.7435709,0.2608318
0.11485341,0.7158304
0.76747763,0.14135346
0.10369532,0.8227194
0.11144646,0.8047823
0.10693899,0.7830081
0.7548749,0.1743888
0.7645771,0.2241613
0.10389445,0.84129417
0.7764187,0.119204395
0.10208443,0.82581466
0.11024094,0.7387452
0.10441739,0.9192829
0.107983254,0.91305876
0.099922895,0.8747092
0.10677516,0.85614085
0.09185772,0.76130605
0.11219162,0.65101415
0.10613407,0.78329486
0.10876417,0.7534269
0.74633837,0.3792079
0.76520663,0.14086321
0.7839531,0.2586081
0.09946315,0.73945177
0.10960501,0.83120257
0.7645969,0.109514885
0.74655116,0.18626678
0.75459397,0.190397
0.10873373,0.804606
0.736133,0.13052645
0.10732983,0.8875549
0.098668374,0.8782787
0.10807921,0.7388157
0.7709484,0.2963344
0.783688,0.18121856
0.11375998,0.68144286
0.1088512,0.8552629
0.12005291,0.6797687
0.7433792,0.16672595
0.09611072,0.9124836
0.74988467,0.15344451
0.10778564,0.8292624
0.7487141,0.15203306
0.7405906,0.07359095
0.11522533,0.75272995
0.119029745,0.76870936
0.109531514,0.7600019
0.7680021,0.26877984
0.7535103,0.2593114
0.107324906,0.9012304
0.7568199,0.30202186
0.110783726,0.7420808
0.75433326,0.11809414
0.7750322,0.07874972
0.7538417,0.17066391
0.78752863,0.10650934
0.105797686,0.81061554
0.10773017,0.7785062
0.11516557,0.783705
0.11769786,0.8674421
0.7594623,0.20079464
0.7960788,0.18754686
0.116567515,0.8239402
0.74614316,0.16317889
0.10739078,0.8346887
0.10760883,0.86645037
0.7563603,0.221191
0.75166196,0.110370405
0.76138115,0.2296453
0.1086563,0.795426
0.7572678,0.06535455
0.7425438,0.28690442
0.78393155,0.077206895
0.76654947,0.26312283
0.78099555,0.20855522
0.11622763,0.86985964
0.7866155,0.11209267
0.75531626,0.18232562
0.7701589,0.11947034
0.76083535,0.21573263
0.11749361,0.6853007
0.7595274,0.16724662
0.10247979,0.86975074
0.1034039,0.87326413
0.10168521,0.7285959
0.7470904,0.20928739
0.12105416,0.84140795
0.7719842,0.08019001
0.10503507,0.84211606
0.7803053,0.16220161
0.10992254,0.7379698
0.10845776,0.7227579
0.7368141,0.095413186
0.8008441,0.25448588
0.76850784,0.13879971
0.1058518,0.7189016
0.7705653,0.2443702
0.77645886,0.09332885
0.10588941,0.6727034
0.76182944,0.24317025
0.10009287,0.72671825
0.10099424,0.85095483
0.095993534,0.79617417
0.7620596,0.16211028
0.10528676,0.61849785
0.7614126,0.14008139
0.76508397,0.115872025
0.762695,0.07536928
0.108794086,0.6420632
0.78603625,0.18172322
0.7656408,0.2561793
0.10287254,0.8866096
0.7691786,0.18054728
0.09806635,0.84582174
0.7843791,0.029770259
0.80537564,0.28126502
0.7491721,0.24376142
0.76949614,0.23973693
0.77965623,0.3147666
0.09701432,0.8126646
0.11212162,0.8319011
0.104009025,0.81543946
0.10924267,0.7407094
0.7566094,0.2083069
0.09306971,0.8474927
0.11055603,0.8361306
0.10566231,0.8456327
0.759188,0.35277805
0.11371016,0.72382164
0.77053857,0.28023326
0.10533665,0.7560015
0.10830264,0.848619
0.7530561,0.13633887
0.75865954,0.32872087
0.105936624,0.8112996
0.11125242,0.65670156
0.11523622,0.7291118
0.75175995,0.19826172
0.10180685,0.75863695
0.11820337,0.7685251
0.11800579,0.85474545
0.09778424,0.7820965
0.7721109,0.3128857
0.10652537,0.79624146
0.10012645,0.8490708
0.10511609,0.7674277
0.7628213,0.26998782
0.74552083,0.14591303
0.768511,0.17346439
0.7475834,0.18635169
0.7727196,0.3369701
0.11181587,0.67848057
0.7722346,0.18696049
0.7507913,0.2582396
0.10878781,0.82056457
0.111248195,0.8670512
0.7590654,0.25034285
0.767645,0.2488513
0.11265262,0.8584319
0.11692147,0.5244
0.10789913,0.76659936
0.75725895,0.26004517
0.1058386,0.8691227
0.08833326,0.7173796
0.11113266,0.7288667
0.11195125,0.76282
0.11011904,0.6872969
0.10853608,0.7888798
0.76840866,0.22861674
0.76814777,0.08978179
0.10801822,0.76681405
0.77837956,0.16698068
0.104818396,0.8219792
0.7575083,0.08303534
0.7470916,0.09678779
0.1116937,0.91042966
0.111190245,0.77946424
0.7668265,0.11313083
0.7515613,0.21792752
0.7707689,0.1891762
0.7551278,0.24514884
0.09276538,0.8247252
0.071502544,0.6945304
0.115432784,0.70420873
0.121568516,0.8708161
0.103309505,0.8116713
0.74997354,0.058654554
0.7662499,0.19704893
0.7537471,0.20481272
0.11223712,0.7000256
0.10873297,0.7646272
0.75314397,0.20121759
0.763172,0.21518472
0.11446723,0.8470425
0.1018054,0.7495386
0.10398598,0.8352479
0.7999481,0.122272424
0.77664506,0.15041335
0.79485077,0.24524015
0.108905785,0.6284389
0.10788536,0.9052645
0.10599302,0.9078311
0.7664616,0.1422202
0.79713327,0.29362044
0.77204883,0.18784165
0.111502595,0.62358457
0.75129795,0.22018167
0.7640106,0.24591304
0.7826087,0.20037329
0.7668833,0.1572415
0.09810891,0.77899647
0.78436077,0.06415457
0.77639174,0.154417
0.7656434,0.2192108
0.110006705,0.78676504
0.7457826,0.18267646
0.107903056,0.80208594
0.11791086,0.85979843
0.1136676,0.7387244
0.78805244,0.21049057
0.10922695,0.83076996
0.7736963,0.11580474
0.10144418,0.8392627
0.7588995,0.17769234
0.108396545,0.7553494
0.7638492,0.15803294
0.7753086,0.09686308
0.7876853,0.10070813
0.75806296,0.1506921
0.8001988,0.13207248
0.1103496,0.810686
0.77092713,0.34295234
0.76625454,0.15847191
0.79273194,0.08973854
0.78963995,0.08334775
0.10868767,0.86629176
0.10733019,0.7836986
0.10287921,0.7573937
0.7619462,0.26845622
0.7725029,0.109925024
0.7604429,0.15697235
0.7828616,0.24882086
0.75762963,0.0910827
0.7820599,0.25995067
0.7714715,0.10481912
0.103153095,0.8182607
0.77387184,0.17956519
0.7497262,0.22026339
0.061897993,0.75976
0.110470384,0.83108395
0.1098265,0.78748757
0.7565938,0.13492101
0.7641823,0.17410041
0.7848662,0.1884969
0.09670369,0.8812218
0.76725936,0.19079752
0.024219945,0.757344
0.74859023,0.12643948
0.116482265,0.80288696
0.7641995,0.017980391
0.74957365,0.37230125
0.7782635,0.11106251
0.10808604,0.81701434
0.779975,0.14605242
0.10196246,0.8951841
0.1127071,0.85011375
0.109319635,0.80279404
0.75888777,0.11587843
0.10607484,0.8132045
0.7790467,0.18286072
0.7699374,0.23386042
0.91863966,0.17245185
0.7556239,0.14449197
0.76068914,0.1584543
0.09957835,0.9055673
0.76920384,0.21849626
0.7666552,0.14997917
0.7745883,0.24677818
0.115111746,0.66766155
0.77907336,0.16505015
0.7707771,0.16110738
0.10493545,0.7938928
0.11071525,0.7238441
0.77740264,0.16947034
0.77122426,0.12044122
0.75724757,0.23968086
0.77188295,0.11705918
0.7718429,0.36172417
0.77078027,0.21881668
0.7614612,0.15562178
0.10728406,0.8328062
0.11224755,0.7760694
0.099461965,0.857038
0.79992884,0.2445865
0.12153021,0.85477585
0.106135495,0.87579066
0.75780547,0.2685043
0.11226145,0.7850732
0.7473807,0.108809955
0.83656853,0.10951168
0.75657636,0.14886731
0.77139676,0.23847288
0.77047765,0.12233811
0.10692971,0.76047295
0.114359595,0.7702458
0.11676087,0.7457384
0.7674346,0.17607582
0.7522004,0.20553206
0.76564,0.0949726
0.782395,0.23610817
0.7670372,0.10608639
0.7788824,0.07461149
0.79806954,0.11209267
0.113830574,0.8695777
0.10553717,0.8525297
0.11351185,0.74416196
0.7551751,0.15356147
0.7554392,0.09092249
0.100883625,0.83099586
0.09302616,0.6521436
0.7593013,0.12549745
0.7497078,0.08151655
0.7804448,0.075896375
0.10589552,0.886733
0.7664199,0.09067256
0.10466348,0.81347525
0.11588272,0.8200936
0.115542635,0.6740475
0.10440851,0.82699865
0.782182,0.17973982
0.7824128,0.15971515
0.1060191,0.681382
0.10425693,0.6526194
0.7687289,0.11668909
0.7448737,0.21146944
0.7752796,0.1299529
0.097954914,0.7215307
0.09978234,0.81032073
0.119939,0.72587556
0.7559296,0.122833155
0.7772282,0.16033036
0.106548786,0.76793075
0.7461197,0.14587298
0.76919407,0.11923804
0.7777072,0.12915345
0.10367244,0.9019081
0.105864845,0.73705983
0.768549,0.13152777
0.10323458,0.75807136
0.77553064,0.24572559
0.111979514,0.8043321
0.7587425,0.12961486
0.765208,0.15904227
0.09909533,0.80210197
0.7697683,0.17704669
0.101801395,0.84621906
0.10882179,0.84500146
0.11161182,0.7195585
0.7755075,0.16946393
0.7714602,0.10865135
0.10372788,0.7414848
0.10986258,0.786278
0.7672266,0.105966225
0.11293697,0.7303358
0.10381161,0.84135824
0.7874366,0.18773912
0.76326174,0.22465634
0.7858809,0.12701784
0.7507274,0.3028197
0.097755946,0.9113141
0.75959504,0.22373675
0.10790814,0.87930083
0.09384531,0.86262935
0.7753966,0.1468807
0.11698206,0.82656443
0.7517206,0.16033997
0.77674186,0.10885321
0.78596175,0.10119998
0.0888216,0.82765067
0.10419247,0.85575634
0.77208036,0.141464
0.11639919,0.72982794
0.10290186,0.8248069
0.7945153,0.078472555
0.7858567,0.09701208
0.774669,0.11101605
0.114565164,0.77988243
0.11951062,0.67311674
0.77479196,0.14099298
0.7593025,0.2575603
0.101924986,0.8997453
0.7953986,0.20907912
0.7612953,0.18290718
0.10549428,0.72348523
0.7641139,0.13333493
0.117598705,0.8087491
0.11081767,0.81379247
0.7527682,0.060170144
0.756707,0.10429363
0.7525113,0.31451184
0.7793259,0.19758563
0.7638392,0.3816335
0.78597045,0.1525906
0.8295716,0.21320292
0.7637792,0.11924445
0.09375745,0.7988673
0.77059776,0.17777884
0.76772434,0.238263
0.7816468,0.14722997
0.11078541,0.85994905
0.11515381,0.7977202
0.76276875,0.14396968
0.75782114,0.16666667
0.7731646,0.09640488
0.09595946,0.8150181
0.7907866,0.12173892
0.7705214,0.22939697
0.78098404,0.11162485
0.75240564,0.29785317
0.100237064,0.88081646
0.75261694,0.2810087
0.78497994,0.2136403
0.10610449,0.82329136
0.78119975,0.105049826
0.7584888,0.25726393
0.11009245,0.9063828
0.747802,0.12231728
0.10744509,0.8624419
0.11239178,0.87648755
0.74752015,0.16100164
0.7588879,0.22860073
0.11021736,0.7559262
0.112748966,0.70637155
0.09068029,0.83355445
0.11670137,0.719826
0.7566991,0.12049249
0.7582706,0.142374
0.7672469,0.10818033
0.7663706,0.24902593
0.7735918,0.19198789
0.7641185,0.07619757
0.7834492,0.2118844
0.7582524,0.17862956
0.10332925,0.74744946
0.11614386,0.65911114
0.10211332,0.92258483
0.7789455,0.27138326
0.10660798,0.87266815
0.11146106,0.8666763
0.7551558,0.15599187
0.76280624,0.26945433
0.10111957,0.7723734
0.1103216,0.71708643
0.10372292,0.79179406
0.11214136,0.7270194
0.101673156,0.78534395
0.7710843,0.26245955
0.7851408,0.09197347
0.7707442,0.13432023
0.11128923,0.86802846
0.11004108,0.8514275
0.7539312,0.20354706
0.11854735,0.72015125
0.11035122,0.7468583
0.77031946,0.10778141
0.103529304,0.85893494
0.75825197,0.10355186
0.74787384,0.144053
0.11236916,0.8778958
0.10560179,0.8708161
0.119468294,0.7733234
0.108657554,0.74827456
0.119601294,0.75835335
0.11851942,0.91108334
0.77654666,0.12582749
0.75007564,0.21849306
0.7626219,0.12976065
0.7728278,0.14079913
0.10206148,0.8357589
0.0994544,0.772101
0.74298674,0.20475183
0.12215726,0.862953
0.11357957,0.91613317
0.753936,0.19271524
0.095821016,0.86133486
0.76395845,0.3197347
0.7608825,0.14959307
0.11101129,0.7834487
0.7706034,0.22014162
0.12217053,0.88006985
0.7667976,0.31178665
0.76590705,0.12969977
0.7686256,0.2987087
0.10509103,0.7702714
0.7382897,0.14921978
0.7825235,0.10733442
0.7517511,0.13836233
0.7636655,0.19838187
0.11848812,0.79049635
0.103071906,0.90621614
0.09733586,0.7502323
0.75295246,0.16535614
0.09973334,0.8166346
0.10048579,0.78516454
0.09907466,0.76276237
0.76965815,0.1961918
0.11219452,0.6734628
0.75740314,0.21186197
0.77836007,0.1484075
0.77119076,0.12641226
0.7824867,0.093609214
0.1227398,0.674855
0.77388835,0.101400234
0.7650796,0.2651735
0.1104053,0.75664234
0.7750281,0.29982057
0.12018637,0.8811833
0.11092167,0.87054694
0.7584382,0.12828672
0.7694792,0.11578711
0.77515334,0.07492871
0.7696779,0.20033483
0.7684728,0.20993623
0.7469507,0.1534301
0.110505715,0.8611154
0.76544213,0.15460123
0.10015406,0.81118107
0.7740097,0.15150437
0.10664896,0.6010077
0.77201396,0.13053606
0.10425659,0.8201048
0.76730597,0.07265212
0.09483872,0.87077767
0.7978335,0.21221122
0.11674238,0.6306626
0.76172405,0.07344195
0.94333607,0.24755359
0.09863526,0.80338204
0.114034295,0.8008299
0.7569471,0.34951937
0.7680255,0.15956935
0.10424002,0.8427665
0.75135213,0.21033676
0.765515,0.19811593
0.7808299,0.1033532
0.75826997,0.19165145
0.77129114,0.10057195
0.106562585,0.6573248
0.7572555,0.21505816
0.10921071,0.71706396
0.7633319,0.17551507
0.76462793,0.10260662
0.10073765,0.86236984
0.76627487,0.22514178
0.10662066,0.8227146
0.75974715,0.20362395
0.75119364,0.33453652
0.10833939,0.84494215
0.75331444,0.16470088
0.10648634,0.7766734
0.7591329,0.14147201
0.11226076,0.7291118
0.7832813,0.091933414
0.104713134,0.6877567
0.12188106,0.7189817
0.7450928,0.11048095
0.11969863,0.81620204
0.7860809,0.114659235
0.7667658,0.061147425
0.7627916,0.17197444
0.10437711,0.8619789
0.76005226,0.09960588
0.7669673,0.14559422
0.79128957,0.12689929
0.10852611,0.7624035
0.104875386,0.82214427
0.103733756,0.819802
0.103809066,0.78561634
0.10962046,0.81794035
0.76812774,0.1791935
0.10586656,0.75811625
0.118436545,0.73631805
0.09951449,0.796799
0.7407356,0.2240876
0.0869602,0.809132
0.10446755,0.795253
0.76421124,0.16472492
0.7606912,0.21571662
0.10354792,0.7894213
0.7651911,0.1768256
0.105015814,0.7631725
0.7661419,0.21869013
0.7481855,0.09762889
0.7734529,0.16922683
0.106271066,0.7904755
0.7670146,0.16749336
0.7613421,0.21201737
0.7440201,0.25573713
0.1192866,0.7051299
0.7555045,0.1632558
0.7560584,0.29531226
0.11190357,0.8456327
0.11665151,0.7749223
0.768045,0.10641482
0.75714654,0.34179243
0.7524341,0.14142555
0.12232496,0.8610016
0.11272268,0.8664552
0.1163492,0.7108142
0.7857661,0.17948669
0.110644385,0.867551
0.104874104,0.80454355
0.77032554,0.12796469
0.7488171,0.2651799
0.12285949,0.7652504
0.7635481,0.22367907
0.7591605,0.31983882
0.10637474,0.7719007
0.7653061,0.22417893
0.7582422,0.21873498
0.10942414,0.9835048
0.10029009,0.92786855
0.10859855,0.7654635
0.8060715,0.15344451
0.099685855,0.8131468
0.11268973,0.58430743
0.75784415,0.22494313
0.11468357,0.7798872
0.78635997,0.119553655
0.77110255,0.14371015
0.11075714,0.8561937
0.7571043,0.36860362
0.11411585,0.65362555
0.7874848,0.2555657
0.11631004,0.743433
0.7694462,0.18749079
0.76062787,0.08425294
0.7970173,0.0586898
0.10554348,0.74305487
0.11197482,0.91536415
0.085978635,0.7904338
0.11718826,0.8250953
0.7703423,0.15886122
0.11359456,0.76489156
0.7644437,0.40590534
0.7552049,0.32177737
0.10888657,0.8505335
0.7723503,0.1492358
0.7749326,0.06498446
0.74532974,0.11637668
0.112816386,0.78915054
0.7556899,0.22959082
0.10749495,0.78928035
0.7758957,0.13143484
0.7516445,0.15354545
0.7558896,0.26228172
0.10266667,0.876965
0.769923,0.20585248
0.7522593,0.2502291
0.7482212,0.28510526
0.7803001,0.11426191
0.11769806,0.69294757
0.10925762,0.83331573
0.78953326,0.11836489
0.76513404,0.19050755
0.10861777,0.78952545
0.76292115,0.22516902
0.74406314,0.26289213
0.75935006,0.15632029
0.75403476,0.19796693
0.77485657,0.10241757
0.7780492,0.12425422
0.7559143,0.20446827
0.763558,0.099798135
0.7667313,0.14919093
0.76822424,0.0778157
0.10974606,0.787816
0.102013774,0.7984315
0.76579374,0.23143645
0.75859684,0.12792625
0.73835564,0.22268416
0.75902635,0.19247332
0.106124766,0.86269665
0.058861576,0.7703243
0.7952639,0.20186165
0.7736598,0.16275273
0.7689294,0.14807107
0.11196227,0.8638534
0.73445696,0.25248167
0.7673305,0.3603095
0.76059955,0.1272806
0.09582369,0.8196786
0.7807799,0.15480791
0.10542957,0.81568456
0.7524985,0.12550546
0.7519884,0.19776988
0.77027047,0.1458073
0.773189,0.31277516
0.7489439,0.13063219
0.11142332,0.7175286
0.7718456,0.18027332
0.7829527,0.14620943
0.10180662,0.7700279
0.10147449,0.70446026
0.761037,0.22393861
0.113206066,0.76254445
0.7754297,0.19465378
0.11022839,0.8141257
0.77658087,0.2727739
0.109842144,0.8451216
0.7527665,0.11070845
0.11473877,0.7856131
0.120421,0.72412926
0.11860996,0.74288344
0.1163453,0.8648755
0.113614604,0.72262007
0.7625681,0.28669134
0.76549816,0.33561793
0.77497727,0.21441571
0.09996196,0.8134256
0.107601,0.89381266
0.79984283,0.17477651
0.7651235,0.2176055
0.76439244,0.13029094
0.11192949,0.8323737
0.10432554,0.865824
0.11343888,0.74342656
0.106159896,0.87043
0.11127652,0.7557916
0.7856013,0.1613637
0.7888827,0.14670287
0.770899,0.19636323
0.7947393,0.21746771
0.8007489,0.12662373
0.1018499,0.84621745
0.7690419,0.11563651
0.76947105,0.19685186
0.77001554,0.13343588
0.10709438,0.77804637
0.092008576,0.8819315
0.110369645,0.8111939
0.76778907,0.21044731
0.76323813,0.15345894
0.10487948,0.835698
0.7846578,0.13649108
0.83290404,0.13599762
0.7767151,0.091999106
0.75589436,0.112010956
0.11634128,0.7592249
0.10632211,0.7590647
0.09220431,0.78432506
0.108630545,0.83188826
0.7643376,0.12838124
0.7745224,0.1871928
0.11959558,0.74048513
0.10030584,0.7391746
0.77303696,0.12673107
0.80006486,0.23465988
0.11088291,0.9334407
0.09830844,0.77518183
0.11637284,0.6843811
0.111450955,0.70888686
0.10053264,0.85517156
0.09872226,0.8498526
0.09421376,0.763698
0.10272667,0.86000836
0.7742646,0.21316768
0.10556207,0.8055176
0.74127734,0.21229453
0.105230734,0.9020218
0.11076022,0.80293506
0.75495636,0.20583005
0.11552322,0.8127848
0.7517205,0.23047678
0.11084422,0.86149025
0.10669555,0.8512256
0.7736897,0.2330065
0.75734466,0.14111315
0.77884966,0.14578807
0.8012599,0.10447307
0.7851582,0.15860169
0.107024044,0.6258195
0.76877713,0.15787753
0.10502707,0.7878096
0.10970819,0.7826284
0.76796687,0.1225608
0.10293058,0.7954164
0.09916625,0.7512144
0.10725818,0.74629915
0.107901506,0.79601234
0.787701,0.090714216
0.10783959,0.87885225
0.10423678,0.8655869
0.77005345,0.1952001
0.1103469,0.80667114
0.7729708,0.08808517
0.7621604,0.17387292
0.761896,0.08000737
0.10728975,0.71665543
0.75666595,0.10112147
0.10694708,0.88061136
0.058640584,0.7373818
0.74838656,0.16536576
0.76149356,0.14609407
0.7552431,0.2784421
0.8041146,0.21663783
0.11173326,0.7044859
0.115396194,0.7326861
0.106304385,0.79688394
0.10026903,0.8442084
0.104110025,0.54308695
0.7473573,0.23009709
0.09374639,0.8629274
0.75426984,0.11705277
0.11026821,0.6536896
0.7666501,0.13475761
0.7768865,0.20204107
0.7616757,0.2729453
0.10146643,0.7581563
0.12713954,0.52556634
0.103462346,0.8518296
0.77211815,0.1185251
0.107837185,0.7878064
0.10962301,0.6808501
0.094906114,0.7209122
0.7692987,0.09962351
0.10794829,0.81004196
0.10204695,0.731092
0.11586958,0.87122464
0.11969761,0.74399054
0.10707473,0.905947
0.10213931,0.8595021
0.11249565,0.76834565
0.7641765,0.32803518
0.101517506,0.804864
0.11169747,0.8614999
0.10637247,0.84327435
0.9595592,0.22982474
0.76166224,0.15115191
0.7590773,0.15460925
0.1058726,0.8131004
0.7766518,0.17089461
0.75853765,0.3241453
0.77875465,0.24562146
0.77234876,0.14530584
0.76375926,0.13387004
0.771597,0.1612836
0.11382516,0.746187
0.10588822,0.6871495
0.74867725,0.3576244
0.11871723,0.75079304
0.11350594,0.66537374
0.09417252,0.8482569
0.76851296,0.14869589
0.10112941,0.8207136
0.102791615,0.72898203
0.113931544,0.8757602
0.7501023,0.2589894
0.7687594,0.07965811
0.78445786,0.34118202
0.113626026,0.698321
0.7833092,0.14439104
0.10305064,0.90254253
0.77227455,0.18929635
0.10441508,0.8127511
0.10394398,0.87236375
0.1009873,0.75376016
0.11178275,0.85780865
0.80177003,0.1002275
0.76788336,0.18259797
0.7850283,0.107784614
0.11377243,0.87502646
0.7655639,0.14178121
0.7807648,0.17895639
0.75622904,0.2573729
0.105914705,0.7845525
0.10928728,0.7605867
0.75362456,0.14962831
0.07032773,0.80530137
0.7700898,0.1178362
0.7367026,0.29677498
0.7643506,0.1755391
0.10583978,0.72656924
0.10078715,0.7826108
0.7618154,0.25315455
0.7553436,0.2525954
0.104912505,0.74187255
0.111133516,0.84425807
0.10590321,0.7322311
0.1142783,0.8267183
0.117785886,0.8130411
0.10762755,0.84185493
0.10356893,0.79175556
0.78405887,0.18964241
0.7669396,0.101457916
0.7684571,0.14441988
0.7746311,0.08387965
0.11969256,0.6767743
0.7597342,0.25536063
0.10496599,0.79871833
0.11204205,0.88644785
0.7462017,0.18120414
0.80099666,0.14075747
0.7477061,0.09621584
0.11040088,0.8130251
0.12483341,0.5564228
0.86582214,0.536725
0.75339514,0.40297028
0.09793012,0.8617114
0.10003443,0.5146096
0.11917239,0.8307828
0.7436961,0.23692365
0.112539366,0.63920987
0.11412655,0.83982986
0.09719361,0.77892435
0.7486824,0.3713512
0.10594273,0.89143515
0.10833886,0.80608
0.0972441,0.77100676
0.11213968,0.7200006
0.78026,0.45735043
0.7554971,0.19734532
0.104477786,0.7974879
0.7585234,0.13763337
0.113257214,0.8530728
0.106927834,0.8651751
0.108526535,0.7240876
0.10497058,0.82398665
0.11598739,0.7617947
0.11026286,0.8310023
0.094234,0.76215994
0.7601649,0.12603256
0.10977172,0.7649957
0.7695546,0.2403281
0.76236224,0.16717935
0.0973074,0.5881733
0.11889833,0.800133
0.1142849,0.8773687
0.10790338,0.901357
0.7593594,0.3072319
0.7856638,0.21148227
0.095174156,0.8681454
0.113106355,0.7193822
0.76354414,0.21849947
0.10970532,0.8195841
0.09997754,0.7633503
0.11160608,0.7375741
0.09484414,0.8579144
0.75777346,0.35329232
0.76645565,0.16574545
0.7604214,0.16918518
0.79661286,0.29429492
0.75907904,0.1986334
0.80984706,0.1685988
0.7823258,0.27593482
0.7863828,0.1516806
0.7749271,0.10355506
0.11432337,0.8529911
0.7559197,0.20943318
0.10360122,0.8454452
0.109693594,0.80257136
0.7896623,0.124678776
0.7640483,0.22460829
0.7428017,0.30879074
0.7749675,0.12382806
0.7730971,0.12468038
0.1140724,0.8270002
0.115267925,0.8177417
0.7476908,0.09652825
0.1088024,0.775914
0.11483591,0.8541639
0.76916134,0.12267455
0.7671039,0.28378513
0.10879663,0.7138165
0.7531253,0.16830081
0.7511881,0.100430965
0.7547135,0.24758403
0.7766831,0.19134064
0.7667661,0.17049089
0.78862035,0.13466628
0.10388342,0.82571054
0.7476818,0.17401712
0.103319675,0.8610593
0.75822043,0.18555064
0.101065226,0.85354227
0.10708417,0.8679291
0.108039424,0.7980406
0.7695953,0.10856804
0.75470227,0.18312986
0.7662364,0.1696642
0.75704604,0.26141658
0.11914125,0.7528726
0.113367595,0.70410776
0.111247495,0.80321544
0.75722563,0.25117114
0.76333517,0.16428274
0.76219463,0.11145984
0.11459732,0.7570829
0.75709224,0.17645231
0.104625575,0.7842706
0.1051996,0.7098225
0.10579085,0.89223784
0.109074906,0.7526371
0.74368685,0.065401
0.7803427,0.119524814
0.77595025,0.1844612
0.1164122,0.82900286
0.10937596,0.87876415
0.12161087,0.6711494
0.10249194,0.89674133
0.100239046,0.8151271
0.7565177,0.15864334
0.76472473,0.111306034
0.76522595,0.22557916
0.111907266,0.78412956
0.7755663,0.33885098
0.118272245,0.6581403
0.10539513,0.82097954
0.10884602,0.6736294
0.76337177,0.09073985
0.7659127,0.18483771
0.103059955,0.8291118
0.7739471,0.15774135
0.10106437,0.85284054
0.78956044,0.18731937
0.11904236,0.8089445
0.11097876,0.8113301
0.77249944,0.06643276
0.11398999,0.73282707
0.7748945,0.06429235
0.11943831,0.8203483
0.7779563,0.14241084
0.75554055,0.2784421
0.7892221,0.17258322
0.1136252,0.7467878
0.74523795,0.37330097
0.7647971,0.12574738
0.7431124,0.30506423
0.7742852,0.23612098
0.10894676,0.7178586
0.096794955,0.779147
0.09529471,0.87098116
0.73923707,0.20557691
0.117178485,0.76422346
0.11149556,0.7357701
0.114509694,0.79064375
0.10902987,0.8548832
0.7709395,0.1892499
0.10277352,0.88022363
0.11664313,0.76704794
0.112228006,0.8319603
0.11373819,0.8241533
0.1110446,0.84226507
0.7973308,0.11504374
0.7861653,0.14553495
0.8098537,0.13893908
0.103235975,0.72425264
0.10260255,0.8077061
0.76993316,0.11802685
0.10902937,0.8146208
0.75244486,0.10159089
0.1122597,0.75660866
0.75953096,0.15780704
0.7625614,0.20947963
0.77941704,0.1016021
0.75940603,0.23819411
0.7699465,0.21060592
0.10651761,0.8269025
0.11308076,0.82715243
0.75594795,0.24693358
0.73903716,0.4492486
0.110199764,0.865079
0.11250516,0.7511487
0.74950904,0.27869686
0.77811,0.17008716
0.8131296,0.13246179
0.7584048,0.15981287
0.11161743,0.77493674
0.7932202,0.12535807
0.1133251,0.79508156
0.7761872,0.21835047
0.095898345,0.7651975
0.779309,0.14601398
0.09638999,0.7476129
0.7486663,0.19663559
0.7468944,0.19788362
0.11726578,0.7032939
0.10802301,0.67252713
0.77604705,0.15293506
0.7602632,0.036087345
0.112500936,0.80041975
0.10521488,0.8013954
0.74733233,0.2160034
0.10343064,0.83471274
0.76110226,0.18385562
0.11079205,0.73014516
0.11566057,0.8248518
0.77851063,0.09628953
0.7419945,0.2820901
0.76184857,0.24609247
0.104763456,0.84065336
0.09932926,0.87376076
0.75864923,0.0993944
0.77039146,0.2622673
0.7694852,0.1740796
0.1160731,0.7996187
0.7602263,0.21018296
0.10788645,0.85352784
0.7713117,0.20356949
0.7756647,0.13983306
0.73907703,0.27338427
0.7607587,0.10552725
0.79949576,0.14514883
0.7756761,0.2285815
0.74674636,0.26034957
0.75201166,0.20327951
0.0992622,0.7703803
0.74946165,0.12023295
0.7582064,0.06901695
0.116299145,0.7638582
0.11433209,0.6907639
0.7449166,0.144202
0.09030695,0.8483258
0.7770358,0.11438528
0.7564652,0.19629595
0.10742278,0.79654425
0.76261634,0.2174533
0.10675584,0.78610337
0.11339823,0.78374505
0.7524215,0.22085136
0.09697936,0.8713769
0.76923287,0.2080057
0.7724864,0.06439809
0.7693734,0.3358358
0.11043839,0.7882037
0.7656354,0.16877183
0.096806645,0.87196964
0.11152432,0.6950319
0.1039771,0.88420486
0.7642156,0.29547888
0.79198134,0.059141595
0.10039417,0.7392611
0.7600768,0.12607421
0.7632604,0.16178346
0.7514303,0.24907719
0.78628165,0.18345669
0.7816699,0.12854625
0.78417534,0.21075651
0.7695711,0.1817793
0.10024066,0.7279791
0.102496564,0.6768528
0.10364956,0.84620625
0.7757755,0.094516
0.10607431,0.75750107
0.77015,0.20255215
0.7526418,0.25244
0.74609506,0.13367778
0.11598306,0.8698773
0.106239796,0.83227277
0.77075976,0.23332532
0.739711,0.13519658
0.7578111,0.19189657
0.09240826,0.80650777
0.7586861,0.256088
0.76185954,0.15727675
0.76406753,0.14492935
0.10751146,0.80744016
0.10200779,0.77599573
0.75765514,0.19836265
0.7711127,0.16302188
0.10987883,0.742555
0.11290798,0.77474123
0.11065704,0.74561507
0.112203404,0.6499359
0.11536618,0.89727
0.76932114,0.13894229
0.7565962,0.15570188
0.088533245,0.8538034
0.101602465,0.80583483
0.75995165,0.2630411
0.09260911,0.7807972
0.109109074,0.55386585
0.109249964,0.77847254
0.11701617,0.8338412
0.107929766,0.7922266
0.09689919,0.78586143
0.1102834,0.7366032
0.7568869,0.19052356
0.75601345,0.17525233
0.10701094,0.8642795
0.9021619,0.23642218
0.120335944,0.69920534
0.7714665,0.14325675
0.7739619,0.110399246
0.7813059,0.24179724
0.7717337,0.1864302
0.75704074,0.1698885
0.8055127,0.09570957
0.10584976,0.8353808
0.75638974,0.19401935
0.7790839,0.12235092
0.76521456,0.18895511
0.10864464,0.6986286
0.86682045,0.1336153
0.76928216,0.059319425
0.11148668,0.9114855
0.7517293,0.24304207
0.7796381,0.14548528
0.7522592,0.18431062
0.10603512,0.6175895
0.7445022,0.20019546
0.80072176,0.102944665
0.114992484,0.86892885
0.11115422,0.6785094
0.106851555,0.8018552
0.09916239,0.9679131
0.7626966,0.104806304
0.74542415,0.12892915
0.7666671,0.190397
0.7763776,0.14358999
0.091251306,0.7823993
0.0986205,0.7851934
0.110443145,0.7604681
0.7513966,0.11536736
0.10933433,0.7031193
0.12297832,0.75560576
0.1096511,0.8070893
0.77007645,0.12795828
0.7644495,0.29669967
0.12635097,0.8351245
0.77761394,0.16690858
0.11333814,0.73068506
0.10305345,0.8412557
0.7613949,0.35123202
0.10381161,0.71999425
0.7730193,0.24560224
0.100488625,0.8961614
0.7673818,0.22813131
0.76928836,0.15596142
0.10074571,0.77550864
0.77678823,0.1460396
0.78118867,0.24729565
0.1033236,0.8665417
0.7638056,0.36751577
0.10336461,0.7460316
0.7490995,0.258544
0.1214966,0.7288154
0.76530135,0.23395495
0.75728774,0.11907943
0.10627899,0.8474799
0.765675,0.1790333
0.10837409,0.83107114
0.7757078,0.086415775
0.09534539,0.72281235
0.76263994,0.2028133
0.78307384,0.12011279
0.81632924,0.1407863
0.094425805,0.874432
0.08956913,0.9269025
0.10984756,0.6967958
0.10939287,0.8180669
0.11523573,0.76382774
0.111139625,0.68839115
0.75879717,0.21066679
0.7734933,0.1038835
0.10794304,0.77398187
0.112050965,0.80482876
0.11607198,0.7342994
0.09401004,0.8215643
0.7518713,0.12799513
0.11081519,0.67983276
0.7800444,0.3025041
0.10351085,0.81537056
0.109168544,0.74424845
0.09853283,0.80034447
0.7625162,0.14513122
0.11158775,0.90219486
0.769406,0.11376206
0.10264171,0.7736791
0.100080356,0.82511616
0.7607336,0.25513154
0.7894038,0.11123234
0.76096344,0.21414176
0.7932689,0.17610465
0.11428464,0.8226201
0.74982667,0.29683745
0.09725992,0.71198213
0.7666668,0.0863549
0.09984893,0.8643837
0.75573826,0.13511166
0.10100913,0.87689126
0.09264368,0.7576116
0.7663809,0.21858278
0.11331817,0.77382964
0.10899229,0.67244065
0.74656844,0.120551765
0.10805405,0.81991255
0.80072075,0.12940498
0.10726023,0.8026755
0.75100434,0.37708032
0.105070226,0.77754337
0.8011316,0.17622161
0.11593634,0.7387869
0.123304605,0.8145086
0.77791643,0.26239866
0.76741743,0.12049249
0.1021017,0.8186661
0.7681422,0.107678875
0.08924691,0.760702
0.7630499,0.18380114
0.7640731,0.19794771
0.10981861,0.77475566
0.7605362,0.20185363
0.11388043,0.76550835
0.08256961,0.76635426
0.75864726,0.1997036
0.7646009,0.26845622
0.77560437,0.27191517
0.10789701,0.67524433
0.7685476,0.20051427
0.75705606,0.1866657
0.11433456,0.7730751
0.101619765,0.71734595
0.115003444,0.8002147
0.7668955,0.18480566
0.10967329,0.7455974
0.7473382,0.25698197
0.09176814,0.82901084
0.7662116,0.18599923
0.106059484,0.81984204
0.76171017,0.16983722
0.11217062,0.6958938
0.74964386,0.26763913
0.78054667,0.1535903
0.75899094,0.24509756
0.11248515,0.8970345
0.7441546,0.21891922
0.109485485,0.92049086
0.11500388,0.8244577
0.09927627,0.83875644
0.76330256,0.20192413
0.7535621,0.2322407
0.7638808,0.24891537
0.1083455,0.83064663
0.10011173,0.85616326
0.76278144,0.20298631
0.7447404,0.20099491
0.10153692,0.8178987
0.107841276,0.7901631
0.117820226,0.7032122
0.7825483,0.16093114
0.7844639,0.042305104
0.7755251,0.10781826
0.10583929,0.76840174
0.103192486,0.83088535
0.77656966,0.25575155
0.77292854,0.24346022
0.10680124,0.7479381
0.120037794,0.5926399
0.75075436,0.17505687
0.097974926,0.7990644
0.76054186,0.122280434
0.75965023,0.14851645
0.11224418,0.8083902
0.103434905,0.6552549
0.7699168,0.16837771
0.11706933,0.80543596
0.76018924,0.1628825
0.75441474,0.183532
0.7556252,0.11331507
0.7760025,0.18142363
0.09852837,0.7685283
0.768467,0.19605562
0.76517326,0.24966356
0.11094492,0.6830786
0.76625717,0.17982152
0.7682681,0.19995354
0.7665333,0.164028
0.10537482,0.7548432
0.112291366,0.8631212
0.77206135,0.13692684
0.115210205,0.76901853
0.09938856,0.77223235
0.75245476,0.19986863
0.7660638,0.09214169
0.10622712,0.8711077
0.00959838,0.64040023
0.75876427,0.1258419
0.7701636,0.16856676
0.110965624,0.8118988
0.114755414,0.8808773
0.780773,0.17604537
0.10589961,0.8172098
0.10741224,0.76940626
0.10573343,0.6608751
0.76661587,0.13854977
0.10438708,0.89601237
0.09410516,0.92787176
0.115440905,0.74742866
0.766112,0.12988721
0.77570593,0.15546958
0.78283584,0.28345668
0.7671044,0.10433208
0.79711187,0.14254703
0.110985994,0.88127786
0.11198499,0.71832323
0.77309126,0.2445865
0.7745026,0.11895286
0.10666154,0.5961053
0.115538806,0.7152296
0.09590512,0.7407799
0.11180749,0.85734886
0.75040716,0.25049666
0.104718916,0.82977664
0.7733224,0.12158191
0.112897746,0.76601464
0.7694298,0.12346118
0.7475989,0.3134817
0.73359364,0.1629658
0.7549338,0.2453587
0.7645492,0.12900445
0.7552509,0.26819348
0.10278138,0.8830193
0.10587201,0.84529144
0.11120137,0.89135665
0.76856834,0.14767855
0.7482155,0.16984043
0.11902014,0.7074145
0.75692374,0.12025377
0.7589541,0.20437534
0.77288973,0.1368131
0.77538896,0.11470249
0.773973,0.22174212
0.10490118,0.9039716
0.7676725,0.12096671
0.7709699,0.18267646
0.7651199,0.22447851
0.77942127,0.14264475
0.10599695,0.83220863
0.7638042,0.09544202
0.75771403,0.2721154
0.7684328,0.13757409
0.10886566,0.89449036
0.7615843,0.19609888
0.10176973,0.772407
0.7585522,0.10879394
0.7586507,0.1810167
0.77400124,0.2971803
0.7592886,0.20567624
0.7471757,0.21590087
0.10358567,0.63988435
0.757678,0.1999215
0.74749136,0.36426193
0.10988553,0.9101237
0.12403906,0.7559566
0.77555823,0.18202762
0.11400742,0.78713995
0.104843,0.8089894
0.7466625,0.11597296
0.77618945,0.31678522
0.7676561,0.17334102
0.7618495,0.21866448
0.7633398,0.2108254
0.12295065,0.877303
0.110040754,0.7708722
0.7714512,0.17040597
0.7643846,0.21538658
0.74300313,0.26782018
0.7600566,0.1332356
0.78687835,0.14624788
0.11398771,0.7778285
0.776254,0.13931878
0.1106399,0.78311706
0.77303314,0.11702394
0.747914,0.20093723
0.75835687,0.10123522
0.789888,0.17702746
0.1028347,0.7951072
0.758348,0.20012496
0.10777168,0.84417313
0.10508601,0.8167612
0.79525995,0.11942548
0.7585534,0.44698325
0.7531565,0.26717132
0.75672036,0.18379794
0.103433125,0.8068602
0.102699324,0.76534015
0.09599053,0.7394309
0.094830304,0.9088724
0.09964848,0.87611103
0.7697234,0.14945368
0.111256674,0.79478836
0.7493087,0.2727226
0.10441515,0.7652985
0.77350295,0.15765163
0.76350266,0.2313996
0.75862956,0.25333717
0.10787241,0.77905893
0.107894704,0.9705405
0.7675517,0.19630235
0.0934759,0.881712
0.10523466,0.63267326
0.76363224,0.09203595
0.7597832,0.056696787
0.10891097,0.8278798
0.09922483,0.68167996
0.77839744,0.18379153
0.76608455,0.15707327
0.113831006,0.8081547
0.095333606,0.8249159
0.774912,0.18808997
0.75786555,0.16426992
0.7526419,0.29039058
0.11202366,0.6593194
0.09759383,0.7642956
0.11215233,0.84968597
0.7929048,0.13166395
0.10955938,0.88586146
0.10488417,0.8436877
0.7695385,0.13783844
0.77381766,0.06557083
0.75656766,0.23588388
0.7721012,0.035126086
0.7661848,0.2399372
0.76824766,0.26635265
0.111610964,0.7582364
0.09585568,0.83713514
0.8394333,0.35714537
0.75994647,0.236435
0.76476794,0.18472396
0.77673674,0.16619565
0.7638718,0.19943126
0.098440945,0.81879586
0.103594385,0.72479093
0.11456077,0.7507081
0.120865956,0.89045465
0.75271803,0.43044153
0.76530915,0.19472107
0.10923451,0.9204925
0.10483914,0.91629976
0.107787326,0.637063
0.7623528,0.22528437
0.74844384,0.10885321
0.77655804,0.2738569
0.12111022,0.69434136
0.7873192,0.25705725
0.10673487,0.6470874
0.11114148,0.72672945
0.10457532,0.76787144
0.7710235,0.0687494
0.75532985,0.2061761
0.7665776,0.111100964
0.76939404,0.17508571
0.104063936,0.77969337
0.7566939,0.17780448
0.77138263,0.116701916
0.10469316,0.8009164
0.76172745,0.1813275
0.7506429,0.12619917
0.7590245,0.3080201
0.11305366,0.8385866
0.1037807,0.84972125
0.74479455,0.25490883
0.76591116,0.122084975
0.7686988,0.13829024
0.7640595,0.20959018
0.7977049,0.094198786
0.7705754,0.28613862
0.108957954,0.6902448
0.7740031,0.10505623
0.7616913,0.107999295
0.7712771,0.32355732
0.7760518,0.1503845
0.117743425,0.8766974
0.7691527,0.15610561
0.7828257,0.23479766
0.1045528,0.9132654
0.77124465,0.1697395
0.12019453,0.75477904
0.7906971,0.14644173
0.759792,0.13730654
0.774708,0.16325259
0.110102825,0.6650341
0.11269677,0.80253774
0.109161936,0.77344996
0.75338024,0.10959178
0.103796095,0.804739
0.1102841,0.75514275
0.10772132,0.7273431
0.0929796,0.83663684
0.09469176,0.848611
0.77073467,0.1752283
0.11294298,0.7151687
0.74231595,0.2349803
0.10614864,0.881845
0.7589917,0.2733266
0.091353,0.8572399
0.75888395,0.28273574
0.107224464,0.86413854
0.75769794,0.23294403
0.1102732,0.7959595
0.77599764,0.08715434
0.10690307,0.82136244
0.10839892,0.7316719
0.7704634,0.16658175
0.10781031,0.7110529
0.103410736,0.7301387
0.7588916,0.31503734
0.111631334,0.7193694
0.1030649,0.73525107
0.10790253,0.6852462
0.767549,0.110540226
0.104514666,0.8802413
0.109984286,0.7812394
0.10568433,0.7550114
0.115361296,0.70248806
0.7728553,0.19270723
0.113890305,0.85634595
0.113916226,0.8847288
0.10627473,0.89669484
0.7757078,0.15682335
0.7696335,0.27450094
0.7643927,0.15718383
0.7673481,0.090470694
0.0998874,0.822729
0.7567758,0.20755872
0.7576724,0.25119677
0.75726897,0.19919895
0.7983646,0.5362908
0.7476002,0.273623
0.10685905,0.8397049
0.76500154,0.19818161
0.7669458,0.13461341
0.7564818,0.35848954
0.115787365,0.80907273
0.104575254,0.70352304
0.10279947,0.6444199
0.11321132,0.81628376
0.107910186,0.7266462
0.117681414,0.7174277
0.75382453,0.19539236
0.76162815,0.09775065
0.7560307,0.23323882
0.108022384,0.8226345
0.10290665,0.75430804
0.7725496,0.13514692
0.76356274,0.19632958
0.11801437,0.75741935
0.106624,0.9074482
0.77689826,0.18886219
0.7676663,0.24662437
0.7631326,0.15754269
0.11137099,0.7034397
0.120460786,0.7178346
0.7515744,0.13172802
0.7435375,0.1261495
0.10237354,0.7808613
0.75676906,0.30026916
0.738479,0.15363517
0.7708324,0.15411259
0.11042142,0.8087379
0.09998962,0.7133503
0.7604707,0.24454644
0.0983722,0.80021626
0.11724228,0.6601878
0.11431363,0.82841486
0.78151697,0.15892851
0.74444085,0.26269186
0.095390625,0.7535166
0.77495444,0.088734016
0.7654699,0.23015957
0.78162265,0.22527155
0.11579456,0.7304672
0.1104861,0.7339181
0.74789906,0.1722548
0.7698441,0.09875677
0.111023076,0.825467
0.10799049,0.90964943
0.109142885,0.8699253
0.103060976,0.9147826
0.7659707,0.26426673
0.08713688,0.7649957
0.11575976,0.7973309
0.7701802,0.09734371
0.105234295,0.7989042
0.10037181,0.8772918
0.7362417,0.119866066
0.10495608,0.6892675
0.77914405,0.16858599
0.09663475,0.5545019
0.10679516,0.8131885
0.7490189,0.23340063
0.76858467,0.05829889
0.7689315,0.07521388
0.7625577,0.15962704
0.7780956,0.17928322
0.7553407,0.1671473
0.108703814,0.86123395
0.11776852,0.839519
0.7767914,0.14836106
0.10697825,0.68624437
0.7650935,0.20885001
0.75832105,0.32240218
0.10290665,0.81519276
0.76643825,0.13509564
0.089653656,0.8430773
0.7464006,0.08115768
0.11372819,0.81750137
0.113133594,0.8224166
0.10146762,0.8484828
0.11218317,0.802597
0.100559026,0.7688599
0.1159687,0.6998558
0.112915315,0.63281107
0.7662047,0.28085327
0.75309914,0.16444135
0.7351954,0.19365887
0.105072774,0.8719776
0.1154758,0.8391762
0.76995134,0.17184466
0.7496724,0.12711076
0.7617305,0.23905444
0.05634404,0.753185
0.10228211,0.61454386
0.7487661,0.12777404
0.107147075,0.72693616
0.77461594,0.1657775
0.7589677,0.3822551
0.10594138,0.876518
0.7649379,0.13957512
0.11612243,0.8730334
0.7831185,0.21221763
0.7805481,0.08907206
0.77802616,0.19902273
0.76054513,0.27306545
0.11275369,0.81027746
0.7578588,0.278966
0.7922002,0.22158992
0.77344906,0.24589542
0.102189854,0.891017
0.10005886,0.92257524
0.11281959,0.8100708
0.7799025,0.08407351
0.11666475,0.7304127
0.7499342,0.2676776
0.7426859,0.17707713
0.09849681,0.81930053
0.10772456,0.79059404
0.7947068,0.12674068
0.11223824,0.76744366
0.7421374,0.1528149
0.785499,0.26167613
0.10178882,0.70109105
0.09134887,0.785823
0.7669734,0.18330449
0.09015721,0.7711958
0.7529922,0.25963664
0.75087583,0.31922203
0.105360165,0.9631372
0.10200343,0.8537233
0.7978911,0.11916114
0.7579428,0.21586561
0.11094086,0.72298855
0.75401944,0.33192188
0.09828486,0.8997789
0.10732286,0.7558557
0.7592847,0.23588228
0.7550475,0.09337531
0.103477694,0.6864366
0.7576117,0.22335705
0.75585854,0.22717805
0.7636178,0.14563428
0.114033304,0.80772054
0.09580322,0.8687462
0.105857514,0.84041303
0.105453804,0.7210324
0.10728601,0.79625106
0.094800755,0.6095341
0.11133539,0.69988143
0.76230437,0.08800025
0.7541283,0.06983082
0.10278101,0.7805072
0.77998984,0.10938671
0.7685057,0.20207313
0.10253262,0.89530426
0.112844124,0.77609503
0.1060578,0.7443029
0.7619977,0.21728508
0.11277182,0.8113605
0.11179309,0.80996186
0.10812253,0.79745585
0.110256754,0.80330837
0.1124311,0.78027815
0.104833096,0.796078
0.76744175,0.20941235
0.7694994,0.2299497
0.7780884,0.24560703
0.783455,0.22173572
0.10302568,0.83374184
0.75785536,0.20877951
0.78464156,0.20823961
0.062151406,0.8243632
0.11317998,0.7531946
0.77068067,0.3541174
0.10572557,0.79462016
0.10994226,0.8277372
0.11050512,0.8802637
0.76943666,0.13721362
0.10407169,0.82499117
0.094586566,0.7176103
0.1161192,0.825451
0.77050954,0.11260534
0.7681132,0.2960364
0.10528164,0.7994809
0.7619886,0.20193374
0.09485362,0.73443395
0.11877762,0.8424669
0.1126795,0.71146464
0.76723963,0.16657855
0.76851285,0.1716428
0.7582755,0.13349836
0.7871636,0.109862536
0.10609973,0.77610785
0.11635884,0.68815726
0.1136701,0.7076372
0.7651386,0.09188215
0.79051113,0.16408889
0.10719884,0.86931175
0.7855572,0.050701723
0.7551245,0.20162614
0.7586729,0.14873594
0.76928705,0.0930645
0.11109687,0.7673139
0.10881416,0.79700404
0.10237763,0.7202474
0.7809941,0.11776891
0.113886245,0.72509694
0.11300446,0.90101415
0.7560658,0.19530745
0.7624899,0.33280623
0.7570503,0.17864719
0.1145787,0.7843843
0.11979927,0.7897674
0.10851125,0.788686
0.7725911,0.22122465
0.7786521,0.15156205
0.10695695,0.74770737
0.09739417,0.80610883
0.77082276,0.14178441
0.09713517,0.7790878
0.10126961,0.8252139
0.76380855,0.0975632
0.77912736,0.114515044
0.77695596,0.18340223
0.7537109,0.20435451
0.7583266,0.15192573
0.76379627,0.19620943
0.7700519,0.27229646
0.11253005,0.82176936
0.11374985,0.85111827
0.7527037,0.34492776
0.7688034,0.110333554
0.11239752,0.82190555
0.10741531,0.7638342
0.75392807,0.2818658
0.106499985,0.7558781
0.75561064,0.17442885
0.09838798,0.83107114
0.7952955,0.17236213
0.11634448,0.4931318
0.10461636,0.7885482
0.768147,0.17145535
0.10378575,0.8658224
0.116355605,0.83101827
0.10255398,0.80309206
0.118664764,0.8773527
0.7637239,0.14331764
0.12318878,0.86017174
0.7846796,0.22466756
0.7705161,0.08694607
0.77505416,0.32123905
0.7572505,0.12369509
0.74981517,0.1269858
0.75014865,0.28487617
0.108851895,0.73971933
0.7612569,0.2522766
0.11871082,0.70841265
0.10121714,0.8586898
0.76386166,0.2182111
0.11136606,0.82892436
0.7621109,0.1947419
0.113688596,0.80621773
0.7413751,0.19867025
0.10155327,0.79995036
0.09515118,0.7476193
0.7629757,0.18120414
0.103488624,0.8384136
0.097077124,0.8353151
0.10966665,0.55987054
0.11073205,0.7767118
0.10856523,0.76890963
0.114041954,0.80965906
0.89404,0.34876478
0.11896655,0.7309382
0.11788927,0.62113816
0.10801925,0.7622833
0.752765,0.33713672
0.76284903,0.24391842
0.10732015,0.8358871
0.09443673,0.82348204
0.0995974,0.8210436
0.10476663,0.76482105
0.107750244,0.7370342
0.7712388,0.24582492
0.089601055,0.8602567
0.7627621,0.16835849
0.11081011,0.78416
0.75947785,0.2811769
0.10848292,0.8565526
0.7748234,0.10244961
0.105105095,0.8533724
0.10324535,0.8200055
0.10623402,0.826981
0.111502595,0.7558813
0.09133316,0.8400045
0.10657645,0.8075555
0.099789895,0.84798133
0.7662792,0.28043354
0.76266044,0.1727194
0.7441469,0.18991156
0.7545781,0.34544203
0.80333483,0.14556858
0.1104967,0.87424463
0.12001102,0.74735814
0.112172335,0.80805695
0.113572635,0.60367364
0.75996155,0.121487394
0.10113866,0.6604521
0.77232933,0.17047326
0.7554951,0.13912654
0.10490679,0.85507065
0.1152876,0.6724567
0.7526369,0.21476497
0.108447395,0.8151863
0.7600325,0.36872697
0.777162,0.1110497
0.10457961,0.8503332
0.09349218,0.69320226
0.11276633,0.764656
0.10580399,0.6894021
0.10764099,0.80008173
0.7662927,0.30763242
0.7452951,0.20810023
0.1120785,0.8095614
0.089068145,0.7415473
0.107950106,0.7519081
0.1098293,0.81000835
0.76908565,0.09793168
0.74542576,0.18017559
0.77170795,0.2872713
0.109928325,0.7176327
0.78458476,0.16895126
0.11160469,0.6153914
0.09582498,0.8500176
0.77519876,0.11812138
0.75866127,0.21704637
0.10100358,0.86995095
0.10189438,0.7062979
0.7754658,0.063532956
0.10470604,0.6811
0.7617581,0.22018808
0.098940276,0.8936284
0.76496786,0.37825307
0.111928396,0.86635745
0.7611514,0.22026499
0.7597923,0.30309045
0.116433725,0.7060976
0.1021116,0.8138726
0.7833174,0.102274984
0.114779845,0.84395206
0.7769288,0.1348297
0.10928642,0.66008365
0.7590747,0.123172805
0.10976571,0.9127784
0.7529527,0.14940722
0.11108178,0.75340927
0.79310703,0.1755327
0.10587901,0.76084304
0.7638314,0.22847736
0.7482508,0.20172706
0.111397795,0.82772595
0.7986872,0.13827582
0.11826422,0.6890512
0.092267565,0.87625366
0.11199444,0.7301756
0.7885929,0.1887228
0.8050515,0.3847576
0.7511675,0.19263034
0.11068536,0.7234019
0.76738757,0.21575187
0.7727923,0.14196706
0.10652996,0.7747781
0.09696988,0.8485293
0.7717246,0.061728988
0.10925201,0.7527828
0.7523662,0.12578103
0.7670056,0.19118844
0.7444166,0.23273735
0.8690038,0.47207537
0.104955226,0.85544074
0.11425717,0.70324266
0.090092726,0.8944247
0.088950366,0.8810439
0.773154,0.15577558
0.10716989,0.76277196
0.75644296,0.15150598
0.7673958,0.15792881
0.7576129,0.11273831
0.75783396,0.26315805
0.10658226,0.8515877
0.7521666,0.26140055
0.7662717,0.19360921
0.113695,0.6191275
0.10815842,0.82322246
0.11662745,0.7056106
0.74410266,0.25238875
0.7500537,0.25055113
0.12324551,0.69518405
0.11845249,0.680041
0.109873116,0.72025055
0.7480981,0.19478996
0.75866073,0.28760132
0.115766495,0.68410075
0.1041655,0.696658
0.80039465,0.27330098
0.7688054,0.21180269
0.7729259,0.13021244
0.7458354,0.14212567
0.77164954,0.14297318
0.1122603,0.70124805
0.7897455,0.24813515
0.76071024,0.20096286
0.7675162,0.19514884
0.7706157,0.14416355
0.7637005,0.17373033
0.11050079,0.8583309
0.77835315,0.17200327
0.10686126,0.78569806
0.10505121,0.73418564
0.76895726,0.12150982
0.76326746,0.23889263
0.7702067,0.09067256
0.10805157,0.858999
0.77800673,0.15657023
0.7639588,0.09491813
0.7637198,0.20084912
0.09025792,0.6979541
0.09817227,0.8014836
0.10804308,0.61062837
0.123784296,0.9128473
0.107364826,0.7312186
0.11110839,0.8561008
0.7573388,0.16168894
0.8068493,0.18192188
0.10689745,0.8328399
0.79120225,0.08053286
0.09881454,0.7431302
0.10251281,0.8439841
0.09857823,0.69317186
0.10544433,0.7900173
0.7914915,0.2382582
0.7790002,0.26591048
0.111676075,0.82680315
0.11357076,0.7992566
0.7801325,0.1478724
0.7601104,0.058747478
0.76287913,0.1399388
0.7654116,0.06401519
0.11628673,0.7865231
0.104917884,0.8070877
0.09982589,0.93512607
0.7674042,0.13208209
0.7714594,0.2150934
0.11201656,0.87977827
0.8405212,0.14368773
0.110019684,0.8596815
0.10856249,0.76398957
0.765673,0.14663078
0.76307315,0.23059694
0.74508816,0.15230542
0.11967426,0.67169565
0.74505144,0.21647121
0.10676231,0.80875707
0.76195014,0.122262806
0.11827459,0.7383495
0.10683971,0.7895463
0.10746652,0.59594667
0.10784841,0.8632125
0.10857009,0.792696
0.7621282,0.13720882
0.11044502,0.82511294
0.099976026,0.89729404
0.095055126,0.80046624
0.75542605,0.16647601
0.113994546,0.6959659
0.76090837,0.16400717
0.10327424,0.86992055
0.106975876,0.7512913
0.10609119,0.8053911
0.8040747,0.29302606
0.75777256,0.16323176
0.09987644,0.80453074
0.10243492,0.8314525
0.7613618,0.14839469
0.1019936,0.7682159
0.11606551,0.9237816
0.7509691,0.29872793
0.106424004,0.80387866
0.7416257,0.16366433
0.7600858,0.1677593
0.1203511,0.7947595
0.7521393,0.11670352
0.75475997,0.14946009
0.77796596,0.19815437
0.7559913,0.1380323
0.11109043,0.8421401
0.75548375,0.21895927
0.7583343,0.3424429
0.11305333,0.7955173
0.117317356,0.7187927
0.11125311,0.88352716
0.7724199,0.20043898
0.7586709,0.26374283
0.7555709,0.29461694
0.7727607,0.06672595
0.78625286,0.1646368
0.11714104,0.69081837
0.7588177,0.12319523
0.7799152,0.23322439
0.7717152,0.2503028
0.104387775,0.8108318
0.11596467,0.7937774
0.78026175,0.09349707
0.74831337,0.16887437
0.76729923,0.17346118
0.10338409,0.7835464
0.78063774,0.13116089
0.76073414,0.25455797
0.10208288,0.81062996
0.10126439,0.83177125
0.7722958,0.10757474
0.8011765,0.15131854
0.78048575,0.19296516
0.10953848,0.8501426
0.74682754,0.21060272
0.7584086,0.14953859
0.105462156,0.8865616
0.109662496,0.7787161
0.10893927,0.7212519
0.107601665,0.78652793
0.1054473,0.9029879
0.111897625,0.640216
0.11293291,0.83991796
0.7598275,0.23715274
0.103751585,0.7856147
0.751418,0.13806114
0.11381486,0.6062546
0.77080005,0.15999871
0.7469994,0.21545708
0.7487467,0.15776698
0.779088,0.16019258
0.7623892,0.30469415
0.1043782,0.7445913
0.114064276,0.8124163
0.74338907,0.09859175
0.78069496,0.2776523
0.77358335,0.12739274
0.76606977,0.15048224
0.7553169,0.2840607
0.11065397,0.8538483
0.108093865,0.765111
0.77684927,0.14820725
0.11294833,0.7045436
0.11424152,0.72647953
0.76938903,0.201216
0.78652805,0.053747315
0.7751163,0.19182287
0.106857665,0.7081563
0.115262344,0.79164827
0.11034977,0.7788827
0.10809291,0.78387964
0.7442495,0.19557019
0.09423641,0.8214057
0.113461494,0.796932
0.7793507,0.14090808
0.11027788,0.8214377
0.113799766,0.7926111
0.7825973,0.10279727
0.76050925,0.09759364
0.1081466,0.86345446
0.77946454,0.12547822
0.10657543,0.7399933
0.12207746,0.82342273
0.10455888,0.79235476
0.76256347,0.09043545
0.7520363,0.18687718
0.7668014,0.10365119
0.105736665,0.6527428
0.7668647,0.21548592
0.110627845,0.6481608
0.119860716,0.90547276
0.106994495,0.81894964
0.09836473,0.83456534
0.75561196,0.1732497
0.76461434,0.101169534
0.75404906,0.34990707
0.102598295,0.7755984
0.11587057,0.92136884
0.113499664,0.8280416
0.12149132,0.74309176
0.75683326,0.14806947
0.10585685,0.826957
0.81122804,0.17125669
0.75787336,0.24047069
0.10501189,0.82228845
0.111664124,0.74560225
0.7837922,0.09882245
0.11223451,0.6073969
0.1131994,0.7760037
0.7732405,0.20159408
0.106902145,0.7273687
0.10834329,0.8367939
0.75883496,0.14160658
0.10641344,0.84872955
0.77762425,0.15751386
0.7685147,0.1426832
0.1167093,0.4894005
0.10797008,0.81168735
0.11440601,0.79073507
0.7642811,0.19834663
0.10437437,0.8427184
0.10587168,0.81312925
0.10097532,0.91384697
0.102111936,0.7379218
0.10446824,0.7488705
0.7868012,0.12455862
0.7561651,0.095767245
0.106040075,0.7029799
0.10346132,0.75830853
0.7928384,0.09186933
0.7535205,0.24495979
0.7589312,0.07511775
0.77745616,0.2593835
0.11372227,0.71064115
0.112418056,0.7214425
0.10989428,0.87753695
0.80038184,0.29293314
0.10848487,0.78585505
0.10570956,0.8432487
0.76513904,0.16972989
0.09242579,0.6297302
0.75298965,0.16985324
0.11830477,0.775326
0.1182766,0.8294979
0.10410395,0.73279023
0.77000713,0.15923771
0.75451684,0.2859608
0.74853104,0.3226489
0.10694556,0.7100051
0.7655099,0.2644045
0.7744881,0.06856516
0.11894248,0.7286872
0.1007363,0.82744724
0.11112606,0.7198308
0.7694434,0.17618155
0.760788,0.20721106
0.104822166,0.7744689
0.11426833,0.8331635
0.10558739,0.82642347
0.11247703,0.82592523
0.10282734,0.8725592
0.7848999,0.07016886
0.10008346,0.84066933
0.11332553,0.74126375
0.11351423,0.9237608
0.109647736,0.7467461
0.7537116,0.13068666
0.11256096,0.7019738
0.76598483,0.20359512
0.7580358,0.3015973
0.7553424,0.16612035
0.104132384,0.73817647
0.762247,0.20082349
0.78615654,0.20791599
0.109707765,0.758685
0.796972,0.13310744
0.103140876,0.83677304
0.76115716,0.1833862
0.12144668,0.7916162
0.7665813,0.21345285
0.1145689,0.687816
0.77281076,0.21914671
0.7699574,0.22222435
0.76639307,0.09352431
0.094235055,0.84333044
0.10435763,0.757445
0.76379585,0.15550321
0.10804331,0.82510173
0.75661623,0.3008347
0.10008878,0.77504086
0.10917059,0.7598898
0.7691584,0.23716396
0.096238665,0.73618025
0.09305614,0.818304
0.7755667,0.12190554
0.76883394,0.27808964
0.10934367,0.62718767
0.7745623,0.14346503
0.08966141,0.82182705
0.10820824,0.90383863
0.7362063,0.20141625
0.11525366,0.7192829
0.09924953,0.79083276
0.77146494,0.16482906
0.7600729,0.18222629
0.10282615,0.7452097
0.7740551,0.07635458
0.12007028,0.84622705
0.7754585,0.1512961
0.103196315,0.8794242
0.10847767,0.7946137
0.7757796,0.11063635
0.81674314,0.10141626
0.1083382,0.83210933
0.7756374,0.06273351
0.7769074,0.17353809
0.816914,0.16309878
0.7667222,0.13395174
0.10612615,0.81505334
0.77096915,0.120925054
0.10267519,0.806551
0.113008425,0.74013746
0.7474375,0.23979782
0.1129097,0.80962384
0.110388234,0.837941
0.102497585,0.67854786
0.76893574,0.10016181
0.7640333,0.1346887
0.110485606,0.85743535
0.7702669,0.17075524
0.11080314,0.77105004
0.10590235,0.77875775
0.753586,0.105118714
0.10470888,0.8339533
0.75203574,0.13030536
0.75249404,0.19521132
0.12166645,0.71385175
0.7629013,0.1139511
0.10519728,0.6947179
0.76446444,0.33782402
0.76861346,0.14161299
0.7428355,0.25895736
0.09091415,0.7786023
0.04646593,0.6518985
0.09726008,0.91033834
0.7547811,0.1918453
0.7483604,0.27995288
0.11709158,0.8922234
0.7739998,0.16777372
0.106989145,0.8600692
0.7710826,0.1705902
0.10544799,0.7302365
0.78766733,0.23746035
0.77476424,0.070736006
0.77496153,0.25872827
0.117976,0.6293569
0.08911939,0.8315886
0.75554174,0.16949438
0.78083783,0.07986639
0.74618965,0.24711782
0.78237873,0.12283796
0.09846713,0.68197477
0.762811,0.14812714
0.105996616,0.84494215
0.12173397,0.8423243
0.09851731,0.8329312
0.7525825,0.101696625
0.094166145,0.8647329
0.7601035,0.068087734
0.105626024,0.72479254
0.768127,0.18845044
0.75882584,0.18538563
0.09829533,0.7711029
0.7709501,0.11526643
0.10761613,0.74440545
0.7948877,0.121673234
0.105948016,0.87315196
0.75884527,0.20362075
0.7590179,0.18474959
0.097105816,0.75200266
0.7697041,0.19758883
0.10205977,0.81284887
0.75728875,0.22448172
0.7646793,0.24516165
0.74251014,0.17999615
0.77722543,0.15396039
0.7846735,0.14686789
0.10922771,0.8082124
0.11075919,0.84810793
0.746033,0.1837659
0.107492834,0.75128007
0.7488167,0.2020667
0.76643443,0.15002243
0.7626863,0.23917781
0.091688894,0.7982954
0.7644851,0.20258899
0.11740684,0.8562722
0.7818172,0.1682976
0.7732372,0.06797238
0.7645599,0.20300554
0.77628106,0.14289147
0.113328174,0.8367811
0.105751656,0.85219646
0.7607788,0.168751
0.75901335,0.2576164
0.1069345,0.84662277
0.77250963,0.15900701
0.108489394,0.72976226
0.12329411,0.63481367
0.77067065,0.14123009
0.7581351,0.13061456
0.74112123,0.29766092
0.77414995,0.09413791
0.7769807,0.12956199
0.11217808,0.7600275
0.104919665,0.84705055
0.10912998,0.7924957
0.10605047,0.8603464
0.76761305,0.1294979
0.11775782,0.8666138
0.11399405,0.79555416
0.09107198,0.883705
0.76371425,0.24629113
0.77596545,0.07825307
0.7777253,0.067792945
0.76447153,0.11819507
0.7657542,0.27268097
0.1178548,0.7903762
0.76033384,0.20718223
0.10123332,0.87594604
0.112728626,0.7825403
0.7857447,0.28622833
0.10627807,0.81421065
0.76848143,0.10726393
0.76376194,0.22188792
0.10265796,0.83724564
0.102976054,0.82947385
0.099777386,0.8236134
0.7492342,0.08851773
0.7611844,0.16991253
0.7904629,0.18403666
0.115795285,0.69447917
0.7630991,0.14046109
0.75425744,0.20215483
0.12206134,0.74537796
0.10989504,0.5801884
0.1109752,0.809752
0.7749848,0.24910282
0.7938733,0.21313724
0.08808645,0.932324
0.7825461,0.095116794
0.7720957,0.12883784
0.7624795,0.12490147
0.11506466,0.85830367
0.7543273,0.19651383
0.10426957,0.77458423
0.11378118,0.87184304
0.77692693,0.24027684
0.110373214,0.8101269
0.10487063,0.7063764
0.7596387,0.17707232
0.75591123,0.2810135
0.7543678,0.1717277
0.104603745,0.8287417
0.7561664,0.30248487
0.11443663,0.6532042
0.11613122,0.74647695
0.095359854,0.8930741
0.114141405,0.7805297
0.7661345,0.2503092
0.10991119,0.8446522
0.098086424,0.83264124
0.11020412,0.45245123
0.7632508,0.19600436
0.7645393,0.27749687
0.7436296,0.13677625
0.105691664,0.85430163
0.7601347,0.16430196
0.10655601,0.8554391
0.7526414,0.2527444
0.113213,0.8240123
0.09139516,0.7776667
0.7593564,0.23639014
0.74553746,0.2749992
0.7420678,0.25866097
0.09938206,0.75828606
0.7580978,0.25718382
0.10207465,0.8129001
0.78616184,0.273168
0.10902145,0.6855683
0.10576496,0.908238
0.116340354,0.8253837
0.78048867,0.1654779
0.1035124,0.7801468
0.09823131,0.896171
0.105332725,0.7472396
0.7574885,0.14292832
0.11038655,0.8612756
0.11394178,0.7754045
0.12623817,0.7738729
0.104643665,0.85162455
0.75963634,0.32795188
0.095276184,0.7871976
0.7608909,0.19713545
0.11899488,0.69277775
0.10383383,0.79608285
0.1119945,0.79759043
0.7518348,0.21205582
0.75086397,0.08029415
0.75310844,0.22994009
0.77196985,0.11795315
0.09999263,0.8181374
0.09678138,0.5657471
0.7613962,0.14927745
0.7458327,0.32214266
0.763404,0.23127623
0.11661361,0.5342722
0.10401721,0.8926095
0.79726756,0.11764074
0.81470156,0.17795989
0.80336076,0.15695313
0.10644639,0.79441345
0.7512404,0.22502643
0.7624998,0.18263002
0.10139508,0.6677737
0.10955208,0.84165627
0.11377616,0.8513105
0.7530211,0.16782339
0.10900157,0.7473854
0.7909689,0.14562787
0.750984,0.11833606
0.7707165,0.2063219
0.10633129,0.7497773
0.11544123,0.9007466
0.7488501,0.1813211
0.108790025,0.7965619
0.77729857,0.09139351
0.77950656,0.22390336
0.75392383,0.12788138
0.7696452,0.16802685
0.10979424,0.81248677
0.11737022,0.6861995
0.7467421,0.20250408
0.7759147,0.22108366
0.76944923,0.18009388
0.7561374,0.26669872
0.09178765,0.8590871
0.110663146,0.6965891
0.0831392,0.635493
0.09725605,0.77708995
0.7559171,0.13236727
0.10406486,0.8364078
0.10772515,0.86275274
0.10503609,0.8400205
0.7617029,0.13837996
0.75884104,0.24004453
0.11272123,0.75541353
0.11425869,0.72883624
0.77100873,0.19318625
0.780838,0.16910507
0.78553647,0.15697555
0.77058095,0.16156557
0.7566627,0.16506456
0.11252784,0.80455315
0.097455546,0.80374414
0.106095806,0.83260435
0.7542227,0.24599314
0.09175942,0.7580426
0.10161336,0.8516309
0.12138147,0.63524944
0.095683135,0.8488449
0.77184623,0.12717165
0.081632815,0.84250057
0.11095654,0.82986
0.108242616,0.87024575
0.79024315,0.12331218
0.7698584,0.25954533
0.1023288,0.72941136
0.10668277,0.8826556
0.78423345,0.19708258
0.11916113,0.7021212
0.10402646,0.83634526
0.108290754,0.864177
0.1153963,0.8013762
0.7657676,0.26000673
0.75242984,0.15070812
0.11116116,0.74963635
0.7369366,0.23000897
0.738189,0.32594445
0.110150866,0.5688199
0.7717391,0.13258836
0.097656004,0.81884074
0.10284203,0.8128761
0.105694704,0.8679644
0.1273109,0.66889197
0.79220533,0.16362427
0.10828904,0.7138454
0.11681509,0.8441812
0.75999284,0.14000288
0.10863223,0.86124676
0.7679893,0.14761287
0.105678625,0.7015204
0.059124663,0.7669246
0.7707,0.21046172
0.7787387,0.18821333
0.10958853,0.71215993
0.751184,0.1600708
0.7664968,0.100118555
0.7515485,0.24953379
0.773049,0.11728668
0.74920696,0.28745234
0.77871597,0.16885835
0.10971608,0.630355
0.109786674,0.7964834
0.1016615,0.80991703
0.76405114,0.20981127
0.10907662,0.6975712
0.74227107,0.3018232
0.9220268,0.4400093
0.11242955,0.881257
0.7498255,0.15184562
0.7586362,0.11756224
0.09810934,0.78053606
0.76097715,0.058334135
0.10467371,0.8664536
0.75845116,0.16483547
0.097202264,0.78039026
0.10599576,0.8171008
0.10990574,0.794532
0.105117805,0.81060594
0.77294254,0.11944952
0.11155044,0.8823384
0.7842451,0.217064
0.7705954,0.19441667
0.7712841,0.11492518
0.111367024,0.7600564
0.7758767,0.075441375
0.79332215,0.15794642
0.10561978,0.8829296
0.10474352,0.7865584
0.75659114,0.276965
0.76951766,0.13652632
0.77485406,0.14321029
0.110673085,0.7146961
0.10837664,0.79735494
0.80584264,0.15815951
0.7813045,0.2173011
0.8081209,0.13128425
0.7500042,0.18642218
0.7524569,0.19118844
0.10402362,0.85033804
0.107391305,0.8693662
0.10771604,0.6834311
0.09886876,0.8668926
0.76607597,0.23644462
0.116124414,0.7531866
0.11250057,0.8080746
0.102622725,0.9294082
0.7659011,0.16972348
0.7861638,0.13487455
0.10345788,0.88487935
0.7655687,0.110698834
0.7294842,0.2670175
0.79129803,0.29494056
0.113065876,0.7892371
0.11425281,0.8081291
0.76391184,0.11812458
0.76304954,0.18435226
0.106216885,0.8658143
0.74922496,0.15600948
0.7707602,0.094053
0.7629938,0.11561088
0.10295707,0.72238296
0.7653047,0.14585055
0.77301335,0.15459482
0.76458156,0.17249511
0.1111039,0.76360184
0.11439888,0.7803422
0.74822,0.1391073
0.7780983,0.08633407
0.76237595,0.07465154
0.7707627,0.13831587
0.76425743,0.18129066
0.7662227,0.09355955
0.100087725,0.8057451
0.7701195,0.13241053
0.11616024,0.7404034
0.8003298,0.11032875
0.10393817,0.90170145
0.77842355,0.1683793
0.10722737,0.63196194
0.77246207,0.11032715
0.77339876,0.1791999
0.1122745,0.74760646
0.11938746,0.8617114
0.09227298,0.82823384
0.75079954,0.22487423
0.7518149,0.19503029
0.7664401,0.16779774
0.10698343,0.82290685
0.10592963,0.78730977
0.75757843,0.30463648
0.104427695,0.79401296
0.08926751,0.7783524
0.75101596,0.2278141
0.11411209,0.7594396
0.105419,0.86422986
0.11015978,0.7851822
0.11912963,0.91010445
0.11309381,0.6863501
0.1102868,0.8365055
0.101279184,0.7815214
0.11401231,0.8254013
0.10175016,0.7157999
0.7521337,0.32886988
0.7601315,0.24521773
0.7758499,0.081487715
0.77447236,0.1237816
0.0995703,0.86276555
0.7752097,0.21747893
0.1128118,0.6244513
0.11743543,0.8307988
0.11400791,0.81885356
0.10796166,0.8350764
0.79098815,0.2650069
0.7756346,0.14240444
0.7936879,0.2214249
0.119065374,0.67326415
0.10792739,0.8730206
0.7657211,0.1198981
0.11260666,0.8340895
0.74730855,0.18576692
0.76813644,0.20702362
0.11096302,0.8684386
0.114397824,0.8896312
0.79120004,0.13310583
0.7815994,0.11906662
0.7677364,0.228048
0.10522373,0.7474975
0.76742405,0.12310872
0.74997884,0.16351373
0.11707454,0.8778349
0.072543606,0.69480276
0.09630186,0.75445384
0.109978676,0.6093835
0.75426036,0.23293921
0.11368384,0.83601046
0.75310165,0.26092312
0.10497368,0.9043769
0.11189175,0.67595404
0.11507344,0.76957285
0.75970227,0.16689897
0.116485365,0.7842898
0.76541626,0.1644782
0.7716918,0.10531738
0.10166493,0.88827103
0.10566881,0.7700984
0.11732948,0.66838735
0.7606335,0.2723958
0.8272651,0.1603688
0.7602933,0.11999263
0.76714313,0.25414783
0.7493907,0.10722708
0.105056755,0.83924186
0.09744475,0.8393845
0.12139273,0.6942132
0.111390166,0.76217115
0.10965147,0.7792352
0.77872974,0.09529943
0.11161106,0.8116361
0.11509544,0.75827485
0.7915151,0.24634881
0.1061247,0.8288266
0.7872135,0.0543465
0.092849545,0.6756801
0.7611646,0.15942036
0.109428726,0.7702538
0.117295735,0.7669791
0.10809734,0.7861162
0.75326467,0.24135986
0.11867982,0.64247173
0.77021235,0.15808742
0.107617155,0.70811623
0.104665525,0.75781983
0.1122078,0.70935625
0.78121585,0.21987247
0.768107,0.14966676
0.0934203,0.80286616
0.75845575,0.12455862
0.11755449,0.656221
0.108327836,0.7392307
0.116703086,0.770909
0.098452166,0.82974786
0.10685189,0.7655132
0.109446555,0.72542053
0.109026134,0.69094014
0.11360529,0.78014195
0.75627524,0.29259348
0.10179394,0.6941443
0.75709474,0.13264602
0.758405,0.1124227
0.102839984,0.78761417
0.7721838,0.21583998
0.76475537,0.18004742
0.77324116,0.15446827
0.11258929,0.6499712
0.11930099,0.71550035
0.7634732,0.23388927
0.11464213,0.6557275
0.76341987,0.123502836
0.7930978,0.16251563
0.76771116,0.20324586
0.116972946,0.75392354
0.11735797,0.7537986
0.7465703,0.18050241
0.7708551,0.09929507
0.75115186,0.14749591
0.12407769,0.7422266
0.104146115,0.7631885
0.77428705,0.1772053
0.7645665,0.23815246
0.09787749,0.74910605
0.108639196,0.8249175
0.11282279,0.7905428
0.7622732,0.15714218
0.7751355,0.108348556
0.09551867,0.73202443
0.109589785,0.8571854
0.1052413,0.78432024
0.7487553,0.23308021
0.10774632,0.83542085
0.7725458,0.25427923
0.105177075,0.7948204
0.10249861,0.78143483
0.09589498,0.8137108
0.7822748,0.18851294
0.09620961,0.8510766
0.109106004,0.7611186
0.11566176,0.7442629
0.76307935,0.13871479
0.7607603,0.24978532
0.74442333,0.1794947
0.75851667,0.2636259
0.10972536,0.8439569
0.7809702,0.14732128
0.74755967,0.17929283
0.11423482,0.7888205
0.10651369,0.848744
0.7582878,0.19287546
0.11794989,0.7415361
0.78729856,0.06260213
0.10855774,0.7097568
0.09837547,0.80187124
0.09340511,0.9248678
0.7992386,0.048546895
0.1100843,0.74223304
0.7675804,0.21154314
0.7428288,0.18546252
0.7363862,0.3560335
0.76699466,0.11067801
0.755552,0.14515685
0.110730596,0.7253388
0.7640826,0.08415521
0.77270615,0.12563524
0.746448,0.272109
0.1074512,0.7268352
0.79103833,0.44194302
0.10561014,0.76152873
0.111451484,0.8252251
0.10727561,0.85143065
0.10543898,0.7916723
0.7748139,0.13765581
0.11252751,0.8157711
0.7970515,0.1567064
0.78456837,0.3326925
0.10360043,0.87371755
0.7616889,0.1873482
0.7544054,0.2134176
0.105284125,0.8613621
0.09894371,0.9108062
0.1126827,0.80026275
0.10536845,0.8446634
0.11185787,0.7385626
0.0977779,0.8752876
0.10994242,0.8288106
0.11783531,0.775004
0.1143302,0.711439
0.10125541,0.83951265
0.122565694,0.7725672
0.75364566,0.2312538
0.10389521,0.7356468
0.75954723,0.096946396
0.7766653,0.14395687
0.11293882,0.7877888
0.7678148,0.19592105
0.7564809,0.09758403
0.7609414,0.14682463
0.81421566,0.1981752
0.11957369,0.88425136
0.10752618,0.8557516
0.76807225,0.19653946
0.096751735,0.8171441
0.11080621,0.8237127
0.7471398,0.17745362
0.10984475,0.8608558
0.7701479,0.14155853
0.10398495,0.82053894
0.7624481,0.18025249
0.09512097,0.67762345
0.75081575,0.20516197
0.106796354,0.8249191
0.7526522,0.23251787
0.77489114,0.15817232
0.76727265,0.13188343
0.77182376,0.09543561
0.7672979,0.14864463
0.09647973,0.8130363
0.7609439,0.32361978
0.104097314,0.8449598
0.76332676,0.13702297
0.1074238,0.8314989
0.7509358,0.14842354
0.110467084,0.72574896
0.76442677,0.16873658
0.78598,0.12584831
0.7728403,0.24959467
0.11183922,0.71705115
0.76298374,0.21266942
0.74986047,0.23057131
0.108055666,0.75468934
0.115498126,0.8352078
0.7375364,0.22678715
0.11062121,0.80091
0.1084644,0.7489154
0.117457755,0.7662581
0.11926873,0.640272
0.09821054,0.87879777
0.77060115,0.17460348
0.7747452,0.19764331
0.104538046,0.92440003
0.10436704,0.73960394
0.8027659,0.17624243
0.10938762,0.7123394
0.7793712,0.10527572
0.116229214,0.81163126
0.7685143,0.25667274
0.1186992,0.84646255
0.76286143,0.20330353
0.7796254,0.19615336
0.7693861,0.18838155
0.11406342,0.80323946
0.7478658,0.42856228
0.106575,0.87726295
0.7465963,0.24295396
0.76671743,0.17078567
0.7788309,0.17067672
0.10310423,0.915989
0.10872234,0.76372683
0.11574959,0.8095982
0.7671625,0.22490948
0.113009974,0.8988882
0.100392446,0.78601044
0.11518359,0.72055656
0.754315,0.28325003
0.10320503,0.86108655
0.7709229,0.1305649
0.75004274,0.26138455
0.10156842,0.8832628
0.11218452,0.89047873
0.10078768,0.7336441
0.76107794,0.19571918
0.105532415,0.90108144
0.7703081,0.09349867
0.10984324,0.75704765
0.76822424,0.10344452
0.76478577,0.1322359
0.091839954,0.81521034
0.09803535,0.84734213
0.756835,0.2741709
0.10343279,0.8187462
0.75457233,0.24242206
0.7608253,0.14099137
0.11655233,0.7962351
0.11937247,0.79257745
0.73756915,0.101124674
0.7774213,0.092655964
0.11250754,0.85241115
0.10097155,0.802589
0.10292709,0.7740411
0.77106816,0.33244097
0.7499713,0.21118107
0.76338774,0.105665036
0.10603753,0.7955093
0.75233656,0.13523503
0.10052185,0.82771
0.77776587,0.12796469
0.7825886,0.1807972
0.06705639,0.8045468
0.10998564,0.84293634
0.7809886,0.16145504
0.11219469,0.7819459
0.10164516,0.8870598
0.106096305,0.8371095
0.10576503,0.8946538
0.761915,0.15753789
0.75817734,0.30489764
0.7797891,0.17160115
0.0972235,0.79547083
0.7432709,0.172564
0.1061247,0.83130026
0.10830264,0.8592569
0.7653904,0.15537345
0.1130423,0.7635874
0.11353453,0.7265292
0.75422245,0.29157454
0.11971547,0.71635586
0.7649429,0.20492005
0.75271785,0.17959082
0.7580144,0.20534782
0.11016496,0.81542826
0.10598876,0.75578517
0.75536036,0.2752187
0.09981542,0.80780226
0.75474095,0.29081836
0.10656265,0.83218783
0.11274768,0.81583357
0.7824115,0.11025826
0.117156364,0.81131727
0.118025005,0.84036976
0.7578208,0.1721106
0.8856297,0.25130412
0.7922201,0.19254221
0.78785974,0.1603656
0.7619257,0.14668846
0.7557036,0.16018617
0.7851846,0.2747797
0.08928177,0.7686821
0.09333161,0.829107
0.7521987,0.18556026
0.76840293,0.12490948
0.10051039,0.6845461
0.7692333,0.14948893
0.7739632,0.20593579
0.10882859,0.77287644
0.7630477,0.2198276
0.75875217,0.31581914
0.7609267,0.09284982
0.7764697,0.22647314
0.121854514,0.66048896
0.10535745,0.6744096
0.11717003,0.71992534
0.11151227,0.83238167
0.7524533,0.27109006
0.76836455,0.1807876
0.7694677,0.12862316
0.7708892,0.15301836
0.108453006,0.73047197
0.763959,0.11513666
0.112948,0.7381941
0.7540266,0.23798744
0.7741584,0.21809094
0.11104665,0.8415233
0.10033873,0.43020603
0.7635448,0.12787497
0.77299404,0.2411532
0.106528774,0.7442997
0.10500403,0.8360152
0.7572243,0.2613733
0.76952136,0.12752251
0.10639247,0.79333365
0.10438989,0.6977506
0.11502187,0.72340673
0.75524455,0.23524304
0.7623653,0.118823096
0.7662802,0.17663173
0.10871775,0.81894803
0.78376776,0.09691115
0.79615366,0.21941106
0.11307974,0.8477971
0.1047628,0.6857509
0.09774409,0.88527507
0.10883413,0.7815774
0.10962429,0.78511965
0.76145595,0.10741613
0.74627364,0.17868724
0.09823415,0.72474605
0.7713372,0.23650229
0.115679495,0.80370563
0.09905591,0.77991444
0.10587508,0.74172837
0.10680794,0.8290445
0.122277014,0.7464818
0.10440647,0.8367506
0.10354545,0.89178765
0.7619438,0.083858825
0.050766215,0.8114086
0.111207746,0.79111797
0.7815942,0.20101734
0.10703428,0.81969947
0.75922996,0.11654331
0.79409635,0.16091031
0.7595353,0.1361242
0.09776727,0.8876798
0.76734173,0.03918421
0.76084393,0.25047103
0.76996815,0.20570189
0.107266106,0.8311929
0.7691947,0.22355731
0.106083095,0.74502385
0.11568758,0.86206865
0.105717055,0.7983386
0.7492557,0.16429235
0.7734723,0.18243615
0.7601169,0.15574034
0.7859092,0.18885899
0.75378597,0.15664873
0.818773,0.09094813
0.7799239,0.14086962
0.11703102,0.9150245
0.11380977,0.58996606
0.7566712,0.24033932
0.771303,0.12771156
0.7721369,0.11637348
0.10520616,0.786749
0.11015324,0.8721427
0.11752095,0.77010477
0.10050867,0.73228234
0.76376534,0.13101669
0.78077924,0.1306418
0.76900995,0.34127015
0.112507604,0.761878
0.768327,0.24929348
0.7982137,0.35519883
0.7632668,0.19395366
0.7514913,0.10947323
0.8611161,0.09080554
0.7792717,0.09342017
0.74948,0.2760806
0.8168933,0.25879553
0.7711132,0.22375757
0.7688174,0.14341857
0.10989045,0.7707248
0.09984078,0.8240411
0.09783113,0.81246114
0.11197324,0.8657823
0.75758713,0.16333911
0.7761205,0.16454548
0.76578873,0.14308693
0.748722,0.26077574
0.09977428,0.83702296
0.7721817,0.17654362
0.10422058,0.8286552
0.764849,0.20498094
0.11149906,0.8087859
0.7427938,0.29470184
0.11762568,0.83549136
0.77760565,0.23454292
0.1092706,0.84200233
0.74075687,0.3183553
0.7539863,0.14912845
0.7503431,0.25885963
0.10910637,0.8833638
0.110194415,0.8761671
0.11445151,0.7339373
0.7578033,0.15290141
0.7512409,0.25845107
0.10576341,0.806716
0.1107686,0.8184482
0.73996246,0.26384857
0.09596214,0.7882021
0.7624487,0.22364703
0.12223937,0.6643773
0.11047134,0.75121117
0.7408637,0.21446377
0.10024228,0.8278814
0.75756454,0.122076966
0.10892226,0.87405235
0.7663231,0.120391555
0.1173791,0.7163815
0.11173214,0.85765964
0.7477537,0.17354129
0.1089708,0.82078725
0.10724573,0.5996892
0.11718169,0.6241629
0.7588912,0.11590246
0.7714957,0.21519274
0.75999826,0.12601012
0.10217847,0.8412461
0.761539,0.2172979
0.10592504,0.79955304
0.1124377,0.8014739
0.10707598,0.8320709
0.7746756,0.14958666
0.7574396,0.1855971
0.76839185,0.15346855
0.1111883,0.7463536
0.1134646,0.865228
0.7649485,0.21246916
0.75285244,0.13008107
0.10210015,0.84668845
0.096678436,0.8701272
0.7548524,0.26393187
0.044911668,0.66315967
0.7723596,0.084188856
0.7400656,0.21886796
0.11588206,0.89789486
0.09779501,0.73449326
0.111256346,0.76413214
0.11207909,0.88196194
0.76476896,0.23429139
0.7617758,0.26845622
0.77147496,0.1599923
0.7629367,0.1740908
0.11627187,0.78402066
0.7597304,0.17622961
0.7507777,0.21453427
0.7712819,0.2093723
0.102725744,0.8332901
0.10572591,0.7461165
0.104315035,0.85322183
0.7832434,0.20599827
0.11449556,0.777295
0.1193527,0.5921193
0.761843,0.14669006
0.7627352,0.25566182
0.10164159,0.7812586
0.10980249,0.77008396
0.10952573,0.85835814
0.10462524,0.7390721
0.11165712,0.68077636
0.7467366,0.21017656
0.7847805,0.11137332
0.103708826,0.7495835
0.10484878,0.82930243
0.76560247,0.12352366
0.7574977,0.13321477
0.7823782,0.22453459
0.106561296,0.92384726
0.10528214,0.7771524
0.7570566,0.08716396
0.7719725,0.1297286
0.770753,0.13502355
0.117610164,0.7509581
0.10127875,0.830025
0.10684816,0.9073168
0.10620487,0.7319171
0.74641985,0.2868852
0.7690636,0.20810984
0.1128714,0.7541462
0.11018798,0.6848521
0.113519214,0.7704909
0.75657165,0.18690121
0.11369246,0.72832197
0.7653707,0.17441283
0.767685,0.18573329
0.09484725,0.6346262
0.11062392,0.7495482
0.10582182,0.8194543
0.7625377,0.14974527
0.7700957,0.12642187
0.79557586,0.16145022
0.76584446,0.13194911
0.10984373,0.6063475
0.11110265,0.805766
0.79499924,0.11811176
0.76271087,0.21001634
0.75550646,0.25812104
0.085229844,0.7882694
0.10233583,0.8497581
0.7692674,0.13229997
0.1002648,0.6940338
0.76369524,0.14572078
0.7601759,0.1777468
0.7912246,0.09813996
0.116299406,0.7577942
0.7599685,0.25369284
0.8001081,0.14140953
0.77010167,0.14941683
0.786076,0.111012846
0.75984466,0.24467781
0.114931665,0.82673585
0.7756004,0.15223974
0.78539145,0.38622352
0.7778024,0.21513346
0.108994864,0.65629625
0.7614257,0.23698452
0.7551081,0.17446409
0.76303804,0.13360569
0.7625314,0.19158576
0.10790797,0.7897994
0.10324809,0.8114678
0.1083319,0.7340831
0.10548236,0.68923706
0.75750196,0.16220802
0.77503777,0.08792496
0.11573619,0.8074738
0.7797738,0.13152777
0.74806136,0.22062866
0.7788454,0.22247429
0.09688278,0.8481592
0.12387833,0.6201961
0.10800947,0.8246179
0.10611165,0.81040084
0.119087,0.69943607
0.76424634,0.088029094
0.121041015,0.5916899
0.769324,0.20310007
0.7589842,0.10174469
0.10960534,0.8167388
0.12248444,0.77802396
0.106567174,0.88845044
0.7761461,0.03740107
0.11332596,0.8038755
0.11432869,0.7797751
0.119240105,0.8068378
0.7773946,0.19764811
0.78570986,0.22361979
0.11874216,0.7154795
0.76770717,0.117815375
0.75424343,0.16250922
0.11407814,0.7650405
0.11449279,0.6839373
0.77597016,0.24874395
0.7652114,0.06415297
0.10883922,0.6369925
0.11224993,0.66505975
0.115092725,0.70993626
0.11024639,0.74135184
0.115089424,0.8018873
0.76022476,0.17493351
0.74785614,0.15020828
0.10788228,0.64072704
0.7673478,0.10058797
0.75202227,0.20362715
0.103192054,0.84767693
0.1027577,0.8444327
0.10426274,0.79859495
0.76487464,0.2628024
0.7972505,0.18248582
0.10862813,0.8529687
0.11493239,0.8747236
0.7796669,0.14320709
0.75266427,0.3415441
0.11202673,0.8427393
0.7709368,0.19731487
0.11260749,0.6920279
0.10234336,0.8090919
0.7817377,0.05041174
0.78079087,0.21807331
0.10738348,0.8938768
0.8074156,0.13896312
0.11184024,0.8450527
0.108707905,0.9070076
0.757867,0.17985678
0.10869556,0.87806404
0.7875627,0.15679452
0.105091296,0.8935019
0.7654079,0.11289692
0.11110281,0.7563219
0.7543198,0.14756641
0.10654868,0.85850716
0.74454075,0.10490243
0.7550989,0.299074
0.112882264,0.8777644
0.11307769,0.7383832
0.10449043,0.8512881
0.114697434,0.63912654
0.7652303,0.19584575
0.75854635,0.197403
0.76926565,0.036603224
0.10700942,0.81872535
0.09612089,0.79220736
0.109463066,0.67825466
0.1140515,0.6731135
0.10017205,0.74567753
0.10004301,0.71491235
0.1096902,0.72055817
0.7699593,0.2209683
0.76576966,0.19325195
0.10702286,0.82727736
0.10040057,0.8220417
0.10832546,0.8183008
0.113034375,0.752275
0.1077345,0.8973261
0.7942159,0.17122304
0.10357969,0.8950447
0.77285826,0.12741517
0.7640535,0.19708258
0.10707318,0.7065814
0.7662816,0.078527026
0.11078855,0.8065654
0.77837354,0.2205085
0.11357092,0.7816463
0.7432595,0.14050274
0.102321796,0.9148611
0.112125024,0.72215706
0.7936338,0.20092121
0.107713565,0.735038
0.92892975,0.1983995
0.7467111,0.0886395
0.7551381,0.16742125
0.78779423,0.26496363
0.7926977,0.20783748
0.76142925,0.34476754
0.102341115,0.78303695
0.8949876,0.28404307
0.75313324,0.20620173
0.7679123,0.12064469
0.10249329,0.8621984
0.10877437,0.6976321
0.11274996,0.810505
0.7648795,0.16578391
0.76560116,0.17375436
0.7577777,0.12443526
0.7854036,0.16858758
0.7709654,0.123235285
0.7618511,0.24622224
0.079341754,0.9038242
0.11199576,0.7041494
0.1025727,0.82045406
0.115594074,0.6196209
0.77280253,0.13200198
0.76960933,0.22639783
0.10236601,0.7033436
0.102057226,0.83837515
0.117645755,0.7235381
0.10174586,0.8844724
0.11332629,0.60170144
0.7375212,0.33218142
0.12538879,0.87145376
0.10225477,0.84187573
0.7495427,0.2159233
0.75557804,0.13593996
0.77896374,0.20658304
0.106887154,0.815252
0.10710375,0.8814877
0.10882836,0.58164954
0.75756717,0.1022093
0.7782335,0.13524784
0.12110718,0.87474924
0.7418583,0.15804896
0.76157755,0.13065623
0.77113885,0.1317841
0.80827475,0.10077542
0.10899936,0.69028485
0.7577237,0.12952673
0.7778115,0.099476114
0.11199444,0.86603385
0.11326956,0.8272181
0.7567486,0.13824698
0.7533389,0.17909737
0.11315661,0.7219712
0.75842404,0.118901595
0.110130064,0.7070092
0.77592236,0.210984
0.7568033,0.18093498
0.7608681,0.18959755
0.74996376,0.23365214
0.10435509,0.657179
0.7730481,0.21658976
0.10363658,0.70215803
0.76689047,0.2448092
0.75484544,0.19426768
0.11732063,0.8083902
0.764922,0.31887275
0.10875278,0.82541895
0.7602304,0.29296517
0.11059083,0.78342944
0.10896017,0.8384601
0.7630548,0.16443013
0.7536012,0.25376013
0.10542719,0.82864237
0.75835806,0.29555738
0.76961166,0.2521516
0.110752754,0.8200759
0.7586832,0.07395623
0.111120544,0.7856788
0.7786243,0.17825948
0.11513548,0.8147345
0.789837,0.31817263
0.10370216,0.830935
0.11398252,0.85444903
0.10377483,0.8581435
0.75169,0.24542439
0.11304699,0.7878208
0.11595579,0.6976914
0.77901655,0.08342625
0.7636309,0.10974238
0.115883246,0.82234293
0.10503371,0.8407559
0.10433475,0.798659
0.112622574,0.6476177
0.787348,0.17518985
0.10652485,0.84379184
0.10175323,0.8306642
0.108405724,0.8297366
0.11354774,0.839596
0.76237875,0.19239803
0.10774549,0.8224406
0.757779,0.17052773
0.7962663,0.12791984
0.7720088,0.14239001
0.101023786,0.9276843
0.7594998,0.23898235
0.75837016,0.2201176
0.11046038,0.84172195
0.10934512,0.8844788
0.115353175,0.88279825
0.7861867,0.10004646
0.101637036,0.615236
0.74705476,0.19704732
0.7431241,0.2548768
0.7595277,0.2843731
0.7806202,0.096731715
0.0999779,0.7987167
0.10125462,0.83647346
0.0977192,0.7306402
0.1115239,0.76221603
0.106509164,0.8174597
0.78088367,0.17069274
0.7757857,0.11368836
0.7637124,0.18359928
0.11943151,0.77715886
0.7574897,0.10204749
0.7499492,0.3051075
0.75543,0.21463841
0.097282596,0.7781986
0.7676648,0.14371656
0.107992366,0.8523022
0.108919226,0.84402895
0.72484326,0.32935372
0.09047858,0.9540437
0.7641719,0.11123394
0.7661387,0.17013521
0.75837415,0.1811689
0.11184513,0.84034735
0.7723229,0.25104135
0.7672484,0.23868275
0.11106428,0.790365
0.11138796,0.8222548
0.7670056,0.18827902
0.106220216,0.8423115
0.110622235,0.85939795
0.08737213,0.79796374
0.76964974,0.11296902
0.8028553,0.14107789
0.094922826,0.8723381
0.110978104,0.8662277
0.10788774,0.87024254
0.11293915,0.7866577
0.78306365,0.018662885
0.09690923,0.8520715
0.114778265,0.6576084
0.12062707,0.69143677
0.7637532,0.16268224
0.11652169,0.73212373
0.7573514,0.13458617
0.77232975,0.35699317
0.7607953,0.21404883
0.7716007,0.238867
0.7897456,0.13151175
0.77033305,0.13043353
0.10161857,0.88195235
0.11348392,0.8186004
0.76256084,0.08150694
0.76208854,0.12092826
0.7454515,0.19425486
0.109260924,0.78113204
0.76923174,0.3230751
0.10992307,0.8157663
0.7751421,0.15414144
0.102625795,0.912836
0.111835554,0.87773716
0.08122504,0.8480791
0.75064117,0.19168669
0.10401398,0.86648566
0.11649593,0.6788651
0.11163853,0.8627255
0.75064933,0.115013294
0.75567144,0.21528886
0.7594989,0.2295668
0.102832556,0.79805344
0.7713705,0.28771347
0.09457527,0.851075
0.115028076,0.82868725
0.78218395,0.11262777
0.10817007,0.84273124
0.10930306,0.80751705
0.80878985,0.19262552
0.094361715,0.83638376
0.11049059,0.591009
0.75922203,0.24713704
0.7690197,0.17395464
0.7716332,0.15962222
0.11260045,0.84665
0.106805235,0.68180496
0.11295797,0.6730542
0.1060866,0.7216893
0.114920534,0.89006215
0.75550646,0.18410555
0.08204251,0.8173956
0.10270478,0.7437726
0.11681212,0.8115143
0.11799922,0.6835512
0.105133325,0.80994904
0.7696627,0.23989554
0.7646237,0.17030343
0.7509811,0.17157711
0.10974032,0.7003156
0.766853,0.09409785
0.114007354,0.73908806
0.11288804,0.7070893
0.10583691,0.74011344
0.111154884,0.7273543
0.75825346,0.16556762
0.7606643,0.179727
0.1159796,0.8367426
0.78266096,0.12563524
0.7692004,0.23985389
0.77457196,0.13410234
0.7829437,0.3255199
0.10693688,0.9632542
0.10611624,0.7287994
0.7829555,0.08666891
0.10633489,0.7866369
0.105517924,0.7981704
0.10345056,0.75661665
0.10051937,0.8389231
0.7685596,0.15981768
0.10362598,0.77146816
0.11348851,0.81778175
0.10691611,0.7808581
0.76854545,0.2080073
0.09920578,0.73609376
0.1061943,0.7761623
0.7676829,0.21940947
0.10994173,0.86603385
0.097324334,0.8060015
0.10674237,0.89797974
0.10853291,0.8471082
0.76851785,0.13469191
0.7599935,0.43022206
0.10448907,0.7744016
0.099010535,0.7891618
0.7807733,0.087466754
0.100596696,0.8848089
0.099344514,0.82724375
0.7683423,0.22191195
0.089282565,0.78325003
0.11021872,0.80188245
0.09886995,0.83910733
0.7677999,0.1875052
0.7428102,0.20233266
0.10096812,0.870994
0.10978499,0.84299403
0.10617819,0.8465923
0.7571749,0.23849851
0.102982625,0.8503669
0.7621123,0.17100996
0.76927096,0.28634527
0.107254945,0.8795908
0.75285643,0.3300939
0.76764643,0.13570926
0.11376728,0.7029431
0.104487196,0.8775898
0.10705522,0.84159696
0.11019052,0.8220449
0.1035925,0.86240184
0.7432529,0.17199846
0.10839024,0.8720401
0.7611178,0.18160947
0.779468,0.18798423
0.11562263,0.76640713
0.099373244,0.6911372
0.11036895,0.855931
0.11062369,0.7776667
0.056709122,0.7762184
0.07424933,0.7759236
0.09758937,0.7710468
0.12118124,0.67662215
0.10720591,0.7875004
0.7557327,0.24901952
0.10963958,0.631853
0.10671427,0.78654873
0.09643139,0.82442564
0.77135766,0.13632286
0.10548619,0.8491076
0.10634681,0.81704473
0.106734045,0.8552998
0.10927199,0.7113028
0.7637864,0.06815502
0.78817713,0.27414048
0.7484193,0.3437502
0.76131886,0.35610402
0.10623425,0.7736502
0.7663268,0.30666155
0.10319024,0.87369347
0.12148953,0.8150373
0.847564,0.28143483
0.10264198,0.7707873
0.10600719,0.7984331
0.10767315,0.8916194
0.7497289,0.111591205
0.75376004,0.074818164
0.10511339,0.7537858
0.74249226,0.13421929
0.0985368,0.876816
0.116774045,0.8258307
0.7768548,0.13786408
0.1060446,0.78166556
0.75208235,0.22815694
0.11795699,0.7699398
0.106658235,0.8400109
0.101899,0.7750088
0.10386672,0.80028355
0.7605224,0.14114998
0.11718707,0.8474238
0.1016581,0.836004
0.7630538,0.30643243
0.76796764,0.10339966
0.09351097,0.80489445
0.1079369,0.70517
0.77446574,0.17239258
0.11369223,0.9113541
0.118452325,0.7532795
0.77390605,0.14156333
0.10044478,0.8541398
0.109854035,0.649545
0.10401279,0.8007081
0.11113563,0.7587571
0.10630207,0.79510397
0.76944643,0.16762793
0.7839611,0.2636483
0.106034264,0.8740732
0.114345625,0.80451155
0.75143135,0.18343426
0.75546724,0.11655933
0.1138629,0.7766798
0.7708904,0.13411196
0.74433905,0.17303182
0.10377816,0.8131565
0.12039175,0.8371335
0.101465404,0.78415203
0.10943341,0.62137526
0.76147574,0.18715595
0.11502814,0.8354946
0.76554835,0.24933833
0.7619508,0.15537025
0.098208725,0.8192733
0.77403903,0.23138517
0.76354903,0.10585568
0.106611714,0.89584893
0.10832103,0.86095196
0.11098405,0.7796757
0.75849193,0.17677432
0.7516298,0.2541174
0.7542215,0.062063828
0.12162127,0.7329857
0.7758401,0.15161651
0.09472689,0.8445737
0.77620924,0.10452434
0.11351506,0.74498224
0.110511124,0.73870516
0.7842694,0.10697074
0.10556669,0.8444215
0.7697797,0.31724662
0.75127023,0.26680124
0.7516863,0.20666154
0.10300722,0.80686504
0.11799634,0.89138067
0.10269847,0.83465505
0.10454983,0.80851996
0.76250696,0.21866448
0.10804308,0.91579515
0.110228725,0.8905412
0.11708534,0.6793185
0.74418217,0.14014067
0.7543803,0.20019867
0.1094311,0.84461856
0.0995667,0.80718225
0.1065049,0.81720495
0.10639297,0.8234051
0.035849106,0.77493674
0.100023665,0.69309175
0.7771001,0.12615111
0.73323995,0.19589862
0.10266938,0.8796389
0.09572751,0.8721443
0.7444904,0.15095966
0.7601842,0.20870742
0.11000595,0.7295636
0.85883033,0.0804143
0.79469085,0.078179374
0.09211612,0.8041094
0.7656952,0.21687174
0.11265592,0.83205324
0.7489774,0.11421705
0.101733215,0.80222374
0.10733494,0.76201254
0.1102906,0.8442885
0.7913326,0.11610433
0.7731625,0.27430868
0.77560383,0.19917491
0.75281096,0.37868404
0.7847755,0.08690282
0.10273512,0.7378032
0.08816308,0.84034413
0.75804913,0.1423788
0.7670603,0.09440225
0.7456968,0.18442757
0.74439794,0.2514515
0.7666163,0.1889423
0.1043853,0.84012306
0.8136723,0.15791918
0.7735702,0.3200567
0.74776584,0.20384504
0.09559557,0.8224278
0.79716325,0.129272
0.8829831,0.35729116
0.77216846,0.19669807
0.7714116,0.15734243
0.7700029,0.30411258
0.8472585,0.2188263
0.10961204,0.67084014
0.76424754,0.22453459
0.7823204,0.07082893
0.7643179,0.26420262
0.75859326,0.16749015
0.1075319,0.87290204
0.104319565,0.85803294
0.10316795,0.8446314
0.107414946,0.7597648
0.11908581,0.68494666
0.7513693,0.29185492
0.77446944,0.15917203
0.7956931,0.08595758
0.7678298,0.13668653
0.10060749,0.7767215
0.75423235,0.18425775
0.74995387,0.2701256
0.74469036,0.08618187
0.108488634,0.81100166
0.7709594,0.13691564
0.10633506,0.7523086
0.105520464,0.7192685
0.10032245,0.7883816
0.1152489,0.71605945
0.77033097,0.119116284
0.75605744,0.058081
0.7634563,0.20344453
0.7467644,0.12918389
0.096069805,0.870289
0.77645874,0.15338203
0.75741374,0.20549682
0.7786465,0.13423051
0.7559791,0.2083806
0.77035105,0.12282194
0.7572667,0.11145343
0.77865696,0.20528373
0.09923906,0.87849015
0.103378445,0.83677304
0.10956466,0.8794354
0.108407505,0.8618059
0.117690034,0.61049855
0.11506552,0.86207825
0.10501205,0.85741454
0.110690385,0.821646
0.10721017,0.7985453
0.10179975,0.80926174
0.74868834,0.20293505
0.7699308,0.13941972
0.78077394,0.094887696
0.096899785,0.79508793
0.7787036,0.20217726
0.11054041,0.90732163
0.8658217,0.42070076
0.762608,0.27914545
0.77300465,0.12619917
0.7678365,0.42229006
0.10294409,0.84257424
0.76891327,0.27939057
0.7547001,0.1892499
0.10402065,0.8600308
0.75894785,0.2444295
0.09920871,0.8033003
0.7627488,0.26232818
0.1077938,0.868437
0.112500936,0.8871912
0.76488364,0.35964304
0.7515051,0.15997308
0.10984723,0.8151383
0.10961766,0.81496364
0.76948726,0.15238874
0.7537371,0.08703259
0.7537462,0.08357845
0.7670233,0.11763113
0.104757085,0.7268288
0.1010747,0.8255471
0.7898464,0.21257009
0.7536215,0.15637797
0.108865835,0.74875516
0.11075751,0.7164087
0.76362115,0.3273559
0.7718493,0.24766734
0.78656054,0.106922686
0.10545268,0.8587251
0.797983,0.21451825
0.106640674,0.83629084
0.103595905,0.8527236
0.10444213,0.87442404
0.76631063,0.13953348
0.11198602,0.87064147
0.7665798,0.12675029
0.7798271,0.07351405
0.113594465,0.72612387
0.10849457,0.7283924
0.76269346,0.17725176
0.7438636,0.20986734
0.76520944,0.13868916
0.09978039,0.804095
0.77527285,0.08667211
0.11152551,0.7355955
0.77547437,0.12404274
0.108031,0.7853632
0.76799154,0.18298407
0.11015232,0.7999647
0.7453646,0.1694415
0.75977623,0.23980102
0.09874018,0.91278315
0.11902235,0.5738377
0.10482814,0.8332324
0.7676541,0.1469432
0.7784999,0.26426032
0.78407973,0.081335515
0.11328921,0.8532603
0.75931215,0.12704349
0.76782054,0.10789516
0.7680161,0.19135506
0.11435391,0.8103624
0.11024308,0.7929075
0.10904076,0.79190457
0.78188163,0.092665575
0.76569045,0.115541995
0.11259959,0.8270371
0.10883796,0.8502884
0.7711682,0.15952289
0.10779201,0.8192973
0.76610595,0.18173604
0.7610609,0.106903456
0.11689651,0.7533131
0.758642,0.094530426
0.7804712,0.27254158
0.75585026,0.2781938
0.7529601,0.12770194
0.10426118,0.83838797
0.107497,0.6701801
0.7957099,0.16778654
0.11104239,0.6946073
0.7758216,0.1735525
0.75785244,0.28701976
0.09320221,0.5679564
0.7573437,0.17565607
0.11376962,0.67892915
0.1035749,0.83023965
0.11082249,0.5929139
0.76176566,0.17452818
0.11171101,0.9259829
0.10378704,0.78897756
0.782129,0.17122786
0.104217075,0.8036256
0.7546143,0.16072607
0.09812017,0.83697975
0.7610217,0.18134832
0.119463734,0.7614679
0.11311005,0.7760614
0.1037258,0.7186821
0.11044077,0.7940274
0.10923253,0.76612514
0.76783055,0.17273542
0.75653213,0.19524015
0.100125596,0.8755583
0.75588644,0.21171938
0.7517865,0.107231885
0.09896104,0.7935067
0.7686383,0.20726873
0.7436021,0.16696145
0.12031072,0.8304976
0.10482147,0.83875483
0.111404404,0.7426111
0.7770759,0.21929091
0.1095603,0.82705307
0.09572873,0.8303438
0.10345617,0.6986254
0.09815467,0.76680446
0.7544392,0.18052164
0.11330717,0.7889423
0.09372701,0.83769906
0.10965044,0.769057
0.8060688,0.17261848
0.76836914,0.26225927
0.10140567,0.7679932
0.10527745,0.83697975
0.77171785,0.1446586
0.7611301,0.113126025
0.109189644,0.78716236
0.09647336,0.85370886
0.74655735,0.19175398
0.11039903,0.8057932
0.7461095,0.17414849
0.11310649,0.72870004
0.08828528,0.77803516
0.7739997,0.2795011
0.099188276,0.7958602
0.10042695,0.8050418
0.7779877,0.2834759
0.7568643,0.26633823
0.77348167,0.12854305
0.11512231,0.7138486
0.10685275,0.72260565
0.7796732,0.09392643
0.782526,0.40977123
0.76728565,0.15625621
0.7729069,0.103052005
0.76995903,0.034180846
0.11344651,0.79003173
0.78675616,0.1407078
0.109153256,0.79754555
0.7514966,0.20309526
0.113813475,0.7832436
0.10405324,0.774573
0.1132762,0.8223461
0.77654046,0.17692813
0.78224444,0.12585792
0.10104842,0.880943
0.7697744,0.15046461
0.110961825,0.7440866
0.111143425,0.87679356
0.78508824,0.21225768
0.1110166,0.6659329
0.11553081,0.63847286
0.7787857,0.1461886
0.110549755,0.85215163
0.7560605,0.10459483
0.78937066,0.1869733
0.7690526,0.08982345
0.7676401,0.17362459
0.79112697,0.17017047
0.7521501,0.33385402
0.10649232,0.830645
0.77005386,0.17835079
0.7537751,0.24354193
0.09626482,0.8146961
0.76537085,0.16237304
0.10060733,0.8252876
0.08435015,0.7099266
0.1055977,0.8675318
0.7823213,0.20094684
0.77639306,0.11508379
0.11319897,0.8632991
0.10569754,0.86236984
0.76114744,0.40235028
0.12042833,0.78382355
0.752526,0.16900092
0.75121963,0.16937421
0.7679588,0.12840687
0.7538492,0.16369157
0.1081145,0.838279
0.107969224,0.69888014
0.7607681,0.15862091
0.09262843,0.8264042
0.09779524,0.8827598
0.79917574,0.26385176
0.10282496,0.8932007
0.76542443,0.2195905
0.11168304,0.6829889
0.78263986,0.30865455
0.11430858,0.7281906
0.7742942,0.11484027
0.1071337,0.79402894
0.77600425,0.24834983
0.77847534,0.220124
0.7561399,0.24914128
0.77336186,0.170579
0.7696484,0.1871255
0.10878583,0.74403375
0.75195926,0.22601013
0.114673,0.89075905
0.76936114,0.18936685
0.105081126,0.58571887
0.094925396,0.6535294
0.7572028,0.1312586
0.7713153,0.15984492
0.74994886,0.1591528
0.11640847,0.6174917
0.09922311,0.88882375
0.09734101,0.90149635
0.7654832,0.24012785
0.0976389,0.8252555
0.7594772,0.23500273
0.10663796,0.8938527
0.099883206,0.7663863
0.11392857,0.86718255
0.10844858,0.7222308
0.101593845,0.7434762
0.105329126,0.7417315
0.7529197,0.15158448
0.777601,0.14919734
0.76247025,0.32184628
0.10265776,0.7289532
0.109922476,0.8824554
0.9154402,0.12828672
0.76162773,0.09160178
0.1048498,0.8866994
0.7607166,0.20840143
0.7697976,0.21787465
0.10377047,0.8236342
0.12352154,0.8354305
0.7721525,0.1533564
0.11922832,0.75673044
0.11631559,0.721058
0.7766377,0.20658463
0.75437474,0.25248486
0.7874544,0.13037105
0.75057924,0.31391266
0.09785586,0.7762601
0.76162153,0.19600436
0.10133277,0.8844131
0.09693984,0.87321603
0.103451416,0.8328158
0.7680927,0.16740203
0.099230476,0.7035727
0.76960206,0.2506921
0.098464355,0.8401391
0.811902,0.19630876
0.10946339,0.8400814
0.7703801,0.19903874
0.10475256,0.79614854
0.77498543,0.13617867
0.10876196,0.68567723
0.10492026,0.860042
0.74906063,0.13297126
0.103839114,0.8296277
0.7456656,0.084171236
0.10041857,0.805335
0.7824312,0.113294244
0.7656191,0.27657565
0.11417205,0.82062864
0.0951243,0.8015845
0.107194155,0.8696097
0.09696054,0.8841408
0.12484293,0.66666985
0.09561036,0.73564196
0.7630128,0.4362636
0.7528946,0.17618796
0.10116306,0.8454548
0.78644353,0.20143227
0.7717893,0.24564709
0.113580495,0.851248
0.102708906,0.7386876
0.8870696,0.31848025
0.7877323,0.1699702
0.107324414,0.7936989
0.76197654,0.13676023
0.7640671,0.13665289
0.103693604,0.8998462
0.09983299,0.89563745
0.73799586,0.23104393
0.76610565,0.27303502
0.78645307,0.24469705
0.11086442,0.82236534
0.79929054,0.2137268
0.11510752,0.6465939
0.7526068,0.1519113
0.7715941,0.2365904
0.102921344,0.7338316
0.11559064,0.84657633
0.76301014,0.3512256
0.75292933,0.22028261
0.7651388,0.34696722
0.10879392,0.79696083
0.7662549,0.2378753
0.10372325,0.63265085
0.123408124,0.64583933
0.11931423,0.7452033
0.7634994,0.21636066
0.099778935,0.8275786
0.10808254,0.8725047
0.7799349,0.11656894
0.11267646,0.650894
0.76626205,0.19332084
0.7590634,0.20715979
0.8025493,0.10130892
0.11158927,0.72671187
0.117375374,0.86413693
0.097355604,0.82936335
0.7636077,0.204723
0.10374247,0.86917555
0.10952438,0.72596043
0.7707644,0.22893076
0.78654337,0.12043321
0.10775721,0.81610435
0.7569475,0.2729325
0.7756123,0.118510686
0.10815687,0.8428562
0.7713141,0.0786584
0.7859723,0.1442805
0.76861954,0.10589413
0.7711852,0.1328495
0.11451408,0.74927104
0.7661877,0.12804319
0.7717386,0.11932616
0.1074096,0.8569019
0.10726379,0.67319846
0.75911325,0.27110448
0.7720215,0.073123135
0.81884676,0.12882341
0.75108904,0.14300202
0.1061454,0.8262809
0.11639345,0.7997629
0.77363807,0.09850684
0.76680607,0.34810472
0.7727204,0.14396648
0.7843925,0.24556378
0.10151384,0.86008686
0.76505625,0.1695889
0.7468647,0.29980776
0.10570256,0.70806175
0.122513294,0.70897496
0.11187907,0.78043836
0.08433714,0.84561986
0.104799055,0.58084846
0.7626669,0.22902527
0.10052227,0.81601304
0.09909381,0.8496764
0.11034485,0.70615685
0.77372414,0.12856548
0.7639228,0.25105578
0.7571678,0.15173347
0.1152707,0.682481
0.09472363,0.8594396
0.11401099,0.6247012
0.7612854,0.22091064
0.107130826,0.84684545
0.7435227,0.36528406
0.10656189,0.8196129
0.10868519,0.7881476
0.108492464,0.9096783
0.11136861,0.7955157
0.10318351,0.7922699
0.74867946,0.2636419
0.099690214,0.5498558
0.79794204,0.24724759
0.7862824,0.13573489
0.74943215,0.20387068
0.1038475,0.7057964
0.09863235,0.75971675
0.76948726,0.043013234
0.7813323,0.14118524
0.781705,0.1770563
0.77511936,0.10018744
0.75412804,0.24771701
0.7554971,0.12322888
0.10476405,0.8071982
0.7624948,0.1310888
0.78019637,0.13526547
0.79354775,0.09258868
0.7863436,0.16199975
0.75918585,0.16949438
0.10994473,0.73724085
0.7692019,0.3051011
0.113664694,0.8910042
0.11108524,0.84020954
0.7658232,0.14034092
0.1025068,0.7172242
0.088717654,0.8393156
0.104308136,0.82953155
0.7488427,0.18702137
0.78268623,0.22778206
0.10491669,0.8897433
0.7707303,0.3277564
0.11192311,0.7752027
0.7609477,0.12779327
0.77177346,0.29193822
0.10764634,0.85545194
0.10728149,0.8078407
0.7793839,0.1654763
0.7521871,0.218751
0.10937672,0.75744975
0.11457322,0.7972925
0.110952914,0.8510093
0.75498015,0.14568233
0.77442664,0.14090487
0.75464773,0.25020185
0.7643474,0.20917684
0.09471778,0.9122881
0.76697314,0.16762152
0.7632643,0.18760133
0.08784528,0.85649973
0.77140945,0.28114966
0.7351413,0.3231712
0.10819497,0.85039574
0.10611829,0.7211974
0.10909947,0.82417893
0.10610056,0.8888494
0.7540958,0.16202217
0.7656725,0.099432856
0.7631002,0.36563012
0.7618149,0.29456568
0.76093465,0.16891763
0.7703702,0.1503733
0.1095436,0.88799065
0.7665349,0.1033532
0.107017934,0.7244673
0.09664509,0.8126053
0.10324023,0.7750072
0.113633126,0.8921401
0.077825986,0.8666154
0.8148183,0.1767583
0.7444616,0.20972796
0.77730304,0.17067993
0.099241965,0.78942454
0.106214836,0.80445707
0.76827854,0.18211253
0.75116205,0.2951296
0.74752045,0.41256207
0.76055557,0.16697587
0.11384688,0.80292386
0.10135338,0.77521867
0.113768466,0.83876765
0.11145079,0.7795524
0.81571335,0.17054215
0.112779774,0.7941299
0.101304874,0.75135857
0.7602277,0.12467237
0.76691425,0.124571435
0.1017628,0.7109824
0.0917645,0.8816832
0.7805079,0.1639495
0.7708006,0.13418886
0.7551644,0.41238746
0.7681359,0.25275242
0.76956266,0.27892116
0.76982933,0.23214938
0.7473724,0.35012496
0.792161,0.11396071
0.11217696,0.7752924
0.10909445,0.74837065
0.7556672,0.23804832
0.7791048,0.12426544
0.91488814,0.32053736
0.10632492,0.8386747
0.10477303,0.90124965
0.11729844,0.81773204
0.75592446,0.17350444
0.10786918,0.77344674
0.76102364,0.19303566
0.7705276,0.083091415
0.11045902,0.7051636
0.76238006,0.23383158
0.75909686,0.2310968
0.7583554,0.07182864
0.11500279,0.7050947
0.7749124,0.12237336
0.761037,0.15468936
0.75934213,0.1411644
0.10631954,0.90288377
0.76254684,0.14318626
0.11174782,0.6774296
0.10927077,0.78646547
0.76356685,0.15615688
0.7575085,0.12005511
0.7632805,0.2775962
0.104511164,0.87442887
0.09979588,0.8037473
0.7511231,0.08783844
0.10601808,0.8660723
0.102983385,0.8124339
0.11333695,0.8204476
0.74408865,0.20353423
0.106892765,0.8587811
0.1082336,0.9022173
0.11104104,0.8419831
0.7580194,0.13075715
0.7695656,0.124340735
0.11365981,0.8179003
0.11554303,0.649263
0.9085591,0.2601333
0.10261929,0.75265145
0.7597254,0.18693486
0.7788169,0.16384856
0.1029217,0.90511394
0.7790323,0.12985197
0.110317014,0.8864302
0.11894667,0.6428819
0.786426,0.15459162
0.7882725,0.13927233
0.095928095,0.8544779
0.7559855,0.22876574
0.74703586,0.14180845
0.75688624,0.27585953
0.7571827,0.24759685
0.7889507,0.21654491
0.76654744,0.09973245
0.09554353,0.8835336
0.75923645,0.19623826
0.7687588,0.108015314
0.108340085,0.85949564
0.11216857,0.792068
0.7775869,0.24710019
0.7795412,0.1540389
0.7476855,0.2382646
0.7713519,0.08010029
0.75732523,0.13324042
0.77369165,0.27283156
0.7501192,0.11929091
0.79930085,0.20123842
0.11641854,0.70093083
0.7561487,0.12869205
0.77444476,0.17017847
0.89673185,0.29036978
0.11539121,0.7547919
0.101019,0.83890706
0.785341,0.10338684
0.10467286,0.8009805
0.11326854,0.73713034
0.7611564,0.35058478
0.7537508,0.22957
0.7670384,0.10789356
0.10771723,0.8229805
0.11562676,0.7838877
0.104151435,0.730001
0.784491,0.19918613
0.76385677,0.19731008
0.081378475,0.7472844
0.7629859,0.1762168
0.7508975,0.12183825
0.11603493,0.93456376
0.11425985,0.7558685
0.09776625,0.74344903
0.105636224,0.7464305
0.764996,0.16923644
0.75829357,0.16884392
0.7473181,0.1750793
0.7503346,0.1686805
0.11108805,0.87345475
0.09852193,0.7127896
0.10170122,0.9073152
0.107470945,0.80558175
0.10469267,0.8693662
0.7503114,0.24462494
0.77434886,0.08278862
0.12201515,0.7827389
0.7612425,0.23957191
0.81386775,0.12970938
0.11581041,0.849255
0.117795855,0.8970553
0.78760475,0.22428466
0.7693693,0.13641417
0.10016878,0.8663991
0.11030615,0.71428597
0.09804687,0.8860377
0.1073884,0.7042392
0.11884445,0.78250027
0.7698277,0.18414399
0.109324984,0.86115384
0.80849624,0.09402736
0.76315045,0.18958153
0.7378363,0.27053255
0.11190429,0.6724823
0.116887994,0.81904256
0.75446784,0.23486014
0.0938323,0.83964884
0.10809172,0.8136291
0.7579243,0.10781826
0.105566494,0.83813
0.7703538,0.15692428
0.10908444,0.8638422
0.7912403,0.1650101
0.09827301,0.6990836
0.7498446,0.27199045
0.7786182,0.06730911
0.11450038,0.83889586
0.9213645,0.16907462
0.78380316,0.09721715
0.10205415,0.9131709
0.1031834,0.8379282
0.11258909,0.6730959
0.114024326,0.75588614
0.79245996,0.14053479
0.093644395,0.7428706
0.75248796,0.24873273
0.7693923,0.22769554
0.76207286,0.2897065
0.75352275,0.12948829
0.7765487,0.13817008
0.7550035,0.27123746
0.7684847,0.06176584
0.73538715,0.25987214
0.7330377,0.16895126
0.7795755,0.13848409
0.09985184,0.8876558
0.10542788,0.7126502
0.07811859,0.727146
0.756401,0.22330096
0.7613734,0.1422266
0.11304771,0.6859079
0.7467573,0.23930757
0.09984851,0.85169023
0.113436535,0.85675126
0.10912803,0.57764745
0.7726911,0.10106219
0.76802784,0.15358551
0.7646562,0.14421642
0.12235514,0.7357621
0.7498938,0.25811464
0.7630061,0.27253997
0.10556583,0.8248486
0.7857144,0.058585666
0.100362204,0.79769456
0.11404513,0.7056506
0.09047221,0.9607389
0.10634169,0.8531129
0.7460292,0.21197571
0.76686275,0.14973566
0.76792747,0.069226824
0.76947355,0.18033901
0.7688243,0.15267392
0.11929317,0.6978291
0.096581824,0.7098818
0.7774637,0.10545676
0.09493729,0.8258179
0.7554553,0.21127559
0.7867427,0.16720818
0.09550368,0.826957
0.09213949,0.80560094
0.11320184,0.65767246
0.07260674,0.7746804
0.08441143,0.7085552
0.8069902,0.23934121
0.7559385,0.38245377
0.7638598,0.13974816
0.7569044,0.1304079
0.10878814,0.67185587
0.11209078,0.86786824
0.10054859,0.872862
0.75793076,0.17086418
0.7605404,0.16894646
0.7676927,0.49543563
0.09639041,0.84782594
0.11409868,0.70871544
0.77456284,0.22663495
0.7877412,0.17399949
0.10917349,0.8833125
0.09944499,0.901389
0.11664795,0.841629
0.10987754,0.65620977
0.10633334,0.87914705
0.1014904,0.8809863
0.11678761,0.8612596
0.12105614,0.81672436
0.7849668,0.33662084
0.75781125,0.2952946
0.7827672,0.15832292
0.7584427,0.16933417
0.7912617,0.17053093
0.7759612,0.13128746
0.117381774,0.9119004
0.75261736,0.25630108
0.11588391,0.81930375
0.10735657,0.79307574
0.7875874,0.08578134
0.10247791,0.79780513
0.939352,0.25347176
0.10034678,0.81626135
0.7729098,0.1332388
0.7789031,0.14248934
0.10416081,0.7865231
0.10585557,0.81285524
0.7474108,0.21354097
0.7753233,0.18257715
0.091248,0.7856644
0.9076015,0.3618796
0.09143082,0.8121343
0.10835692,0.7916835
0.780848,0.20858406
0.1135447,0.7202458
0.11234634,0.854715
0.76385254,0.16479701
0.105932005,0.77831876
0.78372324,0.12938735
0.101837754,0.8711429
0.7615644,0.16388062
0.030722046,0.7277404
0.75064474,0.16314685
0.7750729,0.12819219
0.7549762,0.16667467
0.10173979,0.7809029
0.857274,0.27199045
0.10113968,0.7153962
0.104762964,0.7299
0.76569,0.27014804
0.11543397,0.7314204
0.7626681,0.19214329
0.7944165,0.10222372
0.75896585,0.052701145
0.75083476,0.21199493
0.1047452,0.8667035
0.11209534,0.80712295
0.7889047,0.16484347
0.10257914,0.82732064
0.7733653,0.10676247
0.11955635,0.6159137
0.11566117,0.67534363
0.11394607,0.73309463
0.12045943,0.8193726
0.7582125,0.23447883
0.098955795,0.88791215
0.76148343,0.20582685
0.75850016,0.11256048
0.1083836,0.82613987
0.109243326,0.77571374
0.77613133,0.23553942
0.104741305,0.8331972
0.11428497,0.7778045
0.10815,0.8369172
0.10175544,0.860042
0.76031375,0.25610402
0.111231156,0.8197491
0.121718414,0.6696498
0.7735967,0.114167385
0.10844977,0.8161524
0.11199348,0.7731968
0.7678591,0.09537954
0.7670229,0.24904515
0.10966649,0.9424317
0.11222992,0.77474767
0.7598807,0.092531
0.7725062,0.09259989
0.113010995,0.68539846
0.10514921,0.6360024
0.10690118,0.6703707
0.10612189,0.88537604
0.11056587,0.908725
0.12173397,0.82840204
0.10702048,0.83313304
0.08813779,0.8592874
0.10674818,0.6213769
0.7600392,0.12230126
0.7566853,0.26735076
0.7596237,0.19234355
0.112169266,0.78850174
0.099842496,0.7623586
0.7590419,0.12497196
0.11225366,0.83853215
0.10803803,0.88243616
0.7529482,0.1788811
0.781524,0.12409721
0.099223375,0.7924349
0.11549885,0.7244497
0.109180465,0.852879
0.75723803,0.20438495
0.11046751,0.828221
0.7790044,0.30832613
0.111015014,0.8320388
0.76937103,0.20146753
0.10003179,0.8415233
0.754095,0.10812746
0.7684669,0.12746803
0.7597896,0.20603031
0.7689212,0.12277388
0.115638785,0.79355156
0.10298355,0.83951586
0.104843326,0.8135378
0.7631986,0.34529942
0.7585758,0.19510397
0.103725135,0.7948717
0.11063158,0.8176103
0.089003064,0.66589445
0.7527501,0.20085873
0.7478078,0.29736614
0.77071726,0.3499936
0.10049787,0.8285751
0.77471125,0.16915312
0.7526628,0.2705005
0.11824233,0.7436909
0.10400176,0.7075043
0.09829411,0.821497
0.10980926,0.7191355
0.109907955,0.751985
0.100669235,0.8558429
0.09931708,0.8816848
0.76026183,0.058218785
0.12197566,0.84285945
0.76397336,0.04024961
0.7543767,0.22570252
0.11083507,0.6515973
0.7692145,0.16269825
0.775446,0.15956295
0.7637861,0.24107149
0.7648239,0.26216477
0.80658185,0.1684466
0.10752288,0.87311834
0.106542476,0.83388925
0.11162529,0.7912125
0.09952018,0.8732257
0.11284637,0.73706305
0.10506884,0.8240299
0.9063337,0.40047902
0.72579217,0.17237175
0.1074158,0.88411677
0.7700986,0.20021468
0.11587083,0.78463423
0.10481823,0.87695056
0.751178,0.27290684
0.1058137,0.770853
0.7683916,0.0038578615
0.75747555,0.21348329
0.7751614,0.11595693
0.76940817,0.08074754
0.76946074,0.22791342
0.7457094,0.09913166
0.7654411,0.09591624
0.8080242,0.23327565
0.75905895,0.12918068
0.1014068,0.8244593
0.1035474,0.82019126
0.0969582,0.8855731
0.102920055,0.843268
0.1005335,0.7627511
0.09751835,0.78820693
0.107508056,0.8254926
0.7644714,0.1400942
0.7724943,0.080667436
0.10394081,0.7796533
0.107627615,0.8623875
0.10712402,0.7627271
0.78318965,0.18393733
0.7576327,0.13915537
0.11423541,0.66947675
0.1104233,0.60688585
0.105566494,0.805822
0.11502279,0.7122945
0.10771852,0.79265916
0.10673983,0.84297156
0.76370436,0.26389822
0.759219,0.20393476
0.7574144,0.15658304
0.77645504,0.2786424
0.08571601,0.8707008
0.10257854,0.7908424
0.75055873,0.32052773
0.777918,0.07715723
0.11554735,0.8036576
0.11398252,0.8210644
0.1121162,0.7149556
0.7629736,0.08022365
0.10616416,0.82313913
0.11021736,0.8235012
0.74724627,0.15962383
0.903644,0.28998366
0.7816786,0.10717581
0.7549494,0.21042487
0.10519884,0.7884905
0.77416843,0.110460125
0.776901,0.115399405
0.10515806,0.8700711
0.7997987,0.097220354
0.11008721,0.86244035
0.111032814,0.8134304
0.76927966,0.24136306
0.74993354,0.22364862
0.7743494,0.07662533
0.10631521,0.84280175
0.7702116,0.23701176
0.1038685,0.8863261
0.10655175,0.9249271
0.10479522,0.8824506
0.76801556,0.13938448
0.7464699,0.1048015
0.110846594,0.86306834
0.76417226,0.06911468
0.105372444,0.7635298
0.7618568,0.16499567
0.113848075,0.7943109
0.09645203,0.8415697
0.10028854,0.7365856
0.107133895,0.82905734
0.10479964,0.884905
0.107459724,0.79845876
0.09855307,0.73143643
0.76027536,0.26522478
0.11296678,0.7400894
0.75630826,0.19924381
0.7565781,0.13046397
0.10715024,0.6750376
0.75526595,0.14480919
0.7558196,0.116282165
0.10797467,0.5859896
0.7664977,0.2676856
0.7640205,0.14116922
0.76102865,0.15412861
0.77290636,0.14289147
0.76493764,0.20831971
0.79629564,0.24784678
0.112943575,0.7100548
0.77583784,0.2249896
0.10093114,0.7051492
0.106960885,0.86940145
0.78744423,0.12868243
0.12558259,0.7192044
0.75759625,0.15476625
0.113499664,0.76744366
0.7665847,0.20729277
0.11189564,0.84842354
0.098952726,0.7398715
0.11267999,0.8545804
0.11319828,0.77877855
0.7482948,0.20298311
0.77809113,0.16925727
0.76484543,0.080284536
0.114135265,0.82010317
0.11080367,0.7498334
0.10256048,0.89517766
0.7656948,0.12829313
0.7850639,0.12931046
0.79919976,0.2745474
0.7523992,0.3966308
0.7635497,0.12467397
0.7626386,0.105600946
0.7797213,0.19995834
0.11433833,0.7239546
0.10118993,0.71642476
0.80223334,0.100743376
0.78127897,0.2301772
0.10605932,0.7517383
0.10371464,0.7370406
0.121515356,0.8189368
0.7769679,0.08959275
0.10385757,0.8422763
0.7461866,0.25071293
0.75351256,0.19693038
0.11283211,0.8300554
0.7491058,0.27944985
0.7662465,0.121780574
0.11023417,0.89674616
0.107582614,0.8188487
0.7780976,0.19785799
0.116458625,0.78037584
0.12071691,0.84501106
0.7693795,0.059974685
0.770355,0.15649332
0.7717752,0.14297318
0.10202232,0.85528535
0.1047942,0.6422058
0.76567554,0.121665224
0.1112994,0.6545628
0.7696777,0.10043737
0.76210296,0.10013297
0.09542506,0.7911996
0.1124206,0.7810712
0.10691304,0.87524754
0.10136939,0.66065395
0.11513373,0.89693356
0.10149568,0.81489474
0.7753891,0.13167515
0.7430583,0.16384536
0.7621741,0.13646224
0.76271456,0.17558236
0.7814698,0.15653497
0.1235779,0.80262905
0.12052253,0.7840543
0.10659197,0.8488032
0.7628611,0.26576146
0.11421857,0.77469
0.10977231,0.8181278
0.7761725,0.14301163
0.7916282,0.097311676
0.78601485,0.078908324
0.7705317,0.05936909
0.76898223,0.14914127
0.7893562,0.21824954
0.7677975,0.17225319
0.10313761,0.7803294
0.112963386,0.80947804
0.11561765,0.88608736
0.7797353,0.104442626
0.10818655,0.7169919
0.10765869,0.6892499
0.111141644,0.8334647
0.7833176,0.18203562
0.7671208,0.23775193
0.744478,0.1951985
0.115588926,0.60879713
0.7465328,0.19092889
0.108654514,0.8361723
0.7918934,0.22509372
0.7739326,0.1764475
0.74687827,0.22946106
0.7744495,0.10852158
0.7633535,0.09742542
0.11512492,0.7855651
0.100541554,0.75899583
0.7786489,0.17952995
0.76862615,0.21639751
0.7727384,0.108446285
0.114297844,0.6775802
0.760511,0.12300939
0.7815991,0.1729405
0.7791587,0.122932486
0.11276792,0.82283634
0.761555,0.1541895
0.06337539,0.79563427
0.10575516,0.85204107
0.769212,0.14735173
0.7586742,0.08764139
0.76770127,0.21153353
0.7730135,0.16480342
0.77371836,0.13451087
0.10971532,0.79957867
0.10794192,0.68343586
0.7748658,0.23729213
0.75674796,0.21367073
0.11104368,0.82181424
0.7780955,0.15447307
0.10883743,0.7715771
0.76415604,0.14297478
0.75382847,0.2883495
0.11062765,0.8283876
0.1220622,0.730001
0.10972322,0.7558445
0.7590595,0.09505431
0.78946894,0.24377903
0.7625303,0.19279215
0.7508103,0.17621198
0.09774819,0.8480903
0.10455171,0.7312186
0.094149075,0.8324233
0.100459345,0.8126726
0.106346115,0.72120863
0.0922433,0.8151703
0.7569615,0.11782979
0.09865533,0.7728588
0.77092683,0.11054183
0.09477289,0.71339357
0.10446566,0.809776
0.10968372,0.8040341
0.09977824,0.85856324
0.103307195,0.7325739
0.1116069,0.8208417
0.7802686,0.060636356
0.762377,0.25882918
0.7563434,0.27007112
0.11352998,0.7212631
0.744728,0.29340574
0.11130891,0.8856612
0.108515084,0.8760213
0.11046012,0.87122464
0.76703626,0.16521356
0.74767655,0.33435386
0.10103303,0.87199205
0.7692987,0.19919735
0.09958522,0.6812906
0.7598538,0.33881894
0.7730074,0.08407351
0.10710461,0.79465055
0.117634535,0.87008876
0.7880511,0.087897725
0.110456154,0.79507035
0.766877,0.17129034
0.76593584,0.14871031
0.11589117,0.66962576
0.7493232,0.18123779
0.7621328,0.16886796
0.7636181,0.29935756
0.7617456,0.08809318
0.10430781,0.8715467
0.7525635,0.22300619
0.7538966,0.2957224
0.10421509,0.8188984
0.115470126,0.86090714
0.112967946,0.8052741
0.11460591,0.79834986
0.7542869,0.2525249
0.1043398,0.66170174
0.1047807,0.83318913
0.108218975,0.84110993
0.10890611,0.71599376
0.09149445,0.8433801
0.11890712,0.827907
0.7711406,0.22861515
0.09046339,0.6906037
0.7574799,0.26885834
0.10846225,0.8349435
0.114577845,0.89788204
0.107801296,0.80497295
0.77951264,0.15879233
0.7664208,0.20627062
0.7624308,0.12746483
0.75080293,0.166617
0.10151863,0.84103626
0.10720122,0.7691323
0.7625075,0.23002018
0.7621298,0.19451761
0.7676953,0.25634113
0.78796303,0.15523887
0.7662969,0.23381557
0.78463364,0.30383542
0.10925046,0.8752315
0.7753859,0.23397097
0.75219524,0.38469672
0.11167218,0.8369669
0.11107379,0.800934
0.119791344,0.7276459
0.10216394,0.8006777
0.74779356,0.23777756
0.11196703,0.77832353
0.79859,0.15425839
0.7806375,0.120498896
0.76327604,0.25686342
0.75659806,0.17834279
0.7453119,0.18192829
0.7545236,0.28335896
0.76210415,0.14104906
0.111128435,0.7436445
0.74806535,0.120043896
0.10795552,0.8394486
0.11326821,0.8018552
0.11619022,0.81087506
0.09985264,0.582771
0.7538026,0.09014387
0.75671506,0.13826941
0.11890239,0.77907014
0.10552242,0.82551825
0.11307921,0.83546734
0.77648896,0.212341
0.1003275,0.7360185
0.113974504,0.6904787
0.11356029,0.7038018
0.7609704,0.1499167
0.10749548,0.8765837
0.10246236,0.85888207
0.7725791,0.084751196
0.10503543,0.82937616
0.10845393,0.6886267
0.7611189,0.22323848
0.11198935,0.6800426
0.77100635,0.2012929
0.75943416,0.23195232
0.10950196,0.792249
0.114654444,0.80559295
0.7717391,0.1775882
0.7777299,0.20074338
0.7558188,0.28487617
0.10330353,0.80308884
0.7726508,0.29354674
0.73867905,0.09365087
0.75731957,0.29807267
0.10945082,0.70261306
0.7724814,0.10833894
0.116306804,0.73601526
0.7746112,0.18737383
0.1102728,0.80117434
0.7686345,0.102505684
0.11401402,0.741754
0.11119239,0.8382117
0.7962954,0.1878032
0.7691822,0.09516486
0.11108611,0.7414271
0.7707409,0.24513602
0.10163175,0.8797462
0.116917245,0.6048608
0.78889364,0.10210837
0.79448456,0.14521612
0.7789326,0.33802268
0.7518895,0.34681982
0.10793964,0.8223702
0.78165513,0.27725497
0.08921838,0.8370646
0.7401918,0.2973405
0.10981656,0.8409609
0.11051885,0.8557868
0.10386688,0.77069116
0.7696288,0.22672787
0.080098525,0.7965811
0.10713935,0.8246227
0.7520566,0.21911949
0.7617948,0.17077605
0.10404703,0.76763755
0.755727,0.05229421
0.8078537,0.12971579
0.7823814,0.06710084
0.08784997,0.84526896
0.7636762,0.2245442
0.102335304,0.78884137
0.7887927,0.09777628
0.76907444,0.16365953
0.10200027,0.8595822
0.11675301,0.6483258
0.74207455,0.17569612
0.7849403,0.20570669
0.10719808,0.8043129
0.7372878,0.33084527
0.77212566,0.17824987
0.09712557,0.8380083
0.7674354,0.26086706
0.75731045,0.24508795
0.11385336,0.87040436
0.105590895,0.90928096
0.76787424,0.19868948
0.103932954,0.8633567
0.7767992,0.14546604
0.75514394,0.23294242
0.7648792,0.17912781
0.10233966,0.64295554
0.116383575,0.79586655
0.0997486,0.64264476
0.7472016,0.1320148
0.7541547,0.11535134
0.108902216,0.8135602
0.116333745,0.72800475
0.10880548,0.82033706
0.7741592,0.1124227
0.11365901,0.7181054
0.7804372,0.11461598
0.75096804,0.13900317
0.10542676,0.7979237
0.10542438,0.79136145
0.118923955,0.8533548
0.7887658,0.10529655
0.106662564,0.83386844
0.09064908,0.8080874
0.76421046,0.2644926
0.785135,0.10262585
0.7752562,0.15872505
0.77294254,0.19278733
0.10246289,0.80605596
0.7674486,0.1448108
0.105373465,0.82535005
0.74589634,0.22745362
0.76276237,0.18373866
0.10230793,0.6768352
0.73973686,0.27319685
0.09820625,0.8149797
0.109218694,0.77705467
0.7379663,0.19049153
0.092311546,0.8370069
0.76068753,0.14971162
0.11788672,0.5539428
0.76535934,0.27905092
0.7536721,0.21107052
0.10859056,0.8096174
0.10733046,0.85894614
0.7716044,0.19092889
0.11450329,0.7241693
0.02025925,0.7359063
0.77066773,0.13759492
0.09716423,0.74829537
0.11714702,0.84780514
0.7579613,0.35986093
0.113033086,0.750769
0.75978863,0.12951392
0.7448013,0.21768561
0.10464179,0.7229373
0.0898726,0.8457032
0.10218807,0.7548736
0.10437077,0.8350332
0.115747936,0.6478884
0.75542235,0.16631901
0.7641667,0.22798552
0.11360176,0.70475346
0.1087611,0.9166026
0.112671375,0.779727
0.11323724,0.862341
0.74919164,0.12963729
0.100986116,0.79685825
0.10946339,0.71296424
0.7819541,0.22730944
0.11111407,0.85833573
0.10811061,0.85918486
0.10913067,0.9035951
0.7593832,0.23720881
0.7653958,0.099545
0.09023659,0.7708321
0.75953174,0.32108366
0.10634348,0.68242174
0.10577553,0.83289117
0.74643993,0.16142939
0.7683546,0.12851581
0.7517428,0.25935146
0.77008504,0.102079526
0.092603065,0.8077494
0.75893664,0.26815182
0.75222117,0.17532283
0.12592281,0.7018424
0.7659078,0.21827517
0.11835802,0.79895705
0.13353886,0.4507514
0.10826609,0.8215707
0.1127281,0.7954276
0.10249894,0.8508956
0.76244277,0.20955653
0.76620185,0.117022336
0.11809032,0.7759765
0.07442944,0.853986
0.105864346,0.9141434
0.108440064,0.7494056
0.7907956,0.15141946
0.7517169,0.20075458
0.11185041,0.87350124
0.101594605,0.81045693
0.10382102,0.65226215
0.74705476,0.24579127
0.1039702,0.7334263
0.10840563,0.7767439
0.77704406,0.10418629
0.11241178,0.9117418
0.11344869,0.73698455
0.7589369,0.36600178
0.76356685,0.21452786
0.11464652,0.8221555
0.109422356,0.6381204
0.76206464,0.22149861
0.77968407,0.08908488
0.11285971,0.83547693
0.77401686,0.1385722
0.74635804,0.2857541
0.7541799,0.13121215
0.7862256,0.10063283
0.7656784,0.11929091
0.75521696,0.18540645
0.1060053,0.86010927
0.10494261,0.7847528
0.7972657,0.2900093
0.09571721,0.90263224
0.75843793,0.10833573
0.7807709,0.1726377
0.76846266,0.1814797
0.7642506,0.25265467
0.75612575,0.20361434
0.7624343,0.19717069
0.1117118,0.8458249
0.111067355,0.78572845
0.7504036,0.16119389
0.7951887,0.13563395
0.113119565,0.8845493
0.75800025,0.33311385
0.10772327,0.78298086
0.116014466,0.68005866
0.75415176,0.15964144
0.1047836,0.67968374
0.10943364,0.71313083
0.7641806,0.12936172
0.10675789,0.8216444
0.7604833,0.16116665
0.758357,0.09656509
0.7526444,0.13692684
0.77319086,0.1440594
0.76814425,0.20002082
0.78110015,0.20793681
0.7782194,0.2623474
0.11173756,0.8207809
0.093802914,0.8718302
0.77197844,0.12098273
0.109790504,0.55500335
0.7549141,0.21315005
0.7747373,0.19066454
0.75974005,0.2490788
0.09367662,0.8386043
0.7817317,0.1747685
0.10570084,0.83533436
0.10695715,0.7376526
0.76723677,0.09824249
0.110932276,0.8344148
0.77646494,0.15223493
0.7436348,0.09989907
0.10927886,0.82747126
0.10496718,0.78824216
0.77163506,0.10562658
0.107699364,0.87700665
0.76500607,0.12947707
0.09166248,0.84852284
0.7598098,0.25463808
0.77080035,0.23975296
0.09898026,0.9047598
0.10088604,0.7910955
0.76599383,0.09709539
0.78143454,0.113866195
0.11505462,0.7620686
0.107615635,0.8759509
0.77499247,0.1116569
0.10920688,0.6007033
0.77086186,0.08235285
0.11639774,0.7426672
0.8388103,0.15154122
0.11293714,0.8098673
0.7756574,0.18703099
0.10539513,0.84605724
0.7868539,0.2770531
0.77949125,0.11000192
0.75890034,0.23834631
0.1187516,0.68229675
0.761268,0.34772822
0.1213743,0.721348
0.11421808,0.7471499
0.77426934,0.10545676
0.13496272,0.6677561
0.7634241,0.25958058
0.76579374,0.23143645
0.74739814,0.2242414
0.112881236,0.74934477
0.102303505,0.8248967
0.761056,0.25604632
0.11107379,0.8697315
0.105907306,0.8371255
0.79481155,0.10384665
0.11190364,0.82707393
0.78547794,0.18455254
0.7667147,0.22914705
0.7694409,0.2882694
0.76229924,0.10803935
0.76463675,0.12664135
0.7510951,0.2665449
0.7916234,0.14613412
0.12083386,0.7929812
0.105499335,0.89713866
0.06860494,0.7168669
0.7780416,0.19800858
0.7549541,0.2456631
0.7726891,0.14317665
0.110004395,0.8179692
0.76081854,0.20029959
0.11391503,0.7342273
0.7612425,0.1733282
0.74531704,0.3595261
0.7471472,0.30911595
0.77551174,0.08241533
0.7720989,0.2130363
0.105926454,0.7664023
0.7634386,0.18720081
0.7432418,0.22275786
0.76341534,0.16777211
0.10526263,0.79087764
0.748554,0.19735172
0.11567256,0.8406309
0.77183396,0.080995865
0.7704635,0.10272678
0.75295126,0.28027654
0.76793754,0.1663879
0.108018555,0.6893572
0.79336995,0.17580025
0.76501846,0.1094508
0.7591764,0.21602903
0.7590625,0.20218366
0.75761867,0.25270113
0.76423514,0.22203691
0.7557265,0.09923259
0.78548086,0.08499471
0.7539175,0.18442757
0.11122122,0.7310135
0.788426,0.20620173
0.8021095,0.27258322
0.12534566,0.70727676
0.76056695,0.16723381
0.77158207,0.06599058
0.1122879,0.8146352
0.7453431,0.06505015
0.11576887,0.630794
0.7763599,0.2722388
0.77599645,0.16160081
0.115910456,0.6719937
0.7536038,0.12145695
0.78070116,0.13891186
0.1112163,0.8850652
0.78119934,0.22885546
0.7536531,0.34651062
0.104019456,0.741613
0.10376089,0.71683806
0.7472021,0.16970426
0.105911136,0.84958345
0.10721443,0.69202316
0.78783745,0.13782562
0.10526124,0.6870566
0.1109255,0.86572784
0.11175156,0.7203739
0.77660835,0.21166651
0.10349001,0.7939376
0.75537264,0.32777244
0.74689,0.12418373
0.10239873,0.84919417
0.11976466,0.7806867
0.114357114,0.8763338
0.08100818,0.7732289
0.77357054,0.24404338
0.7670879,0.3466516
0.76113313,0.18694608
0.77969927,0.18530071
0.7685641,0.09611971
0.09668814,0.7728364
0.75720465,0.24278733
0.76796067,0.15134896
0.115271024,0.6427857
0.115498126,0.76686853
0.10990871,0.7680797
0.114393,0.85153484
0.77492285,0.16760069
0.79675686,0.16179147
0.11008915,0.8503877
0.76826346,0.13285911
0.109143645,0.7536384
0.8239206,0.22401391
0.7581745,0.06602903
0.75054306,0.17640424
0.11494633,0.7734996
0.09933626,0.8387324
0.76108706,0.19684066
0.77591276,0.18398538
0.75216514,0.12798873
0.108154155,0.82717806
0.10853268,0.7806226
0.109914325,0.8796453
0.107333064,0.88364094
0.09854621,0.91436607
0.8008447,0.10614887
0.7589579,0.23572688
0.108057514,0.8126406
0.7597395,0.09953219
0.7586957,0.15200584
0.096510835,0.80529654
0.10505009,0.81434363
0.74720794,0.18494184
0.7737376,0.18321799
0.7968489,0.22793426
0.7697836,0.25688583
0.11218815,0.8664119
0.7903105,0.28949663
0.7507776,0.12452337
0.10790391,0.75560576
0.7720718,0.17560479
0.10114754,0.7692829
0.77550447,0.15037489
0.76100886,0.21901055
0.7925812,0.11751418
0.7829134,0.23842001
0.74211454,0.21855074
0.10138719,0.870108
0.74476475,0.32132077
0.75975275,0.17067032
0.10009802,0.85629946
0.10336352,0.79606843
0.7853587,0.1436669
0.11651594,0.72279793
0.023066884,0.7495963
0.10767698,0.86413693
0.7681432,0.12929124
0.783674,0.080300555
0.77277666,0.09072863
0.7650137,0.0863549
0.11229906,0.7955013
0.75653374,0.279123
0.764247,0.22610946
0.11465184,0.78646547
0.111444086,0.7573665
0.108597726,0.8203114
0.11865033,0.69135183
0.75896096,0.29331124
0.103827,0.7971883
0.7512145,0.1846807
0.11097929,0.7679483
0.7728199,0.18534076
0.11037542,0.8018552
0.10354879,0.84425485
0.7816055,0.2528886
0.76428694,0.1412397
0.09987146,0.57884586
0.10752936,0.625028
0.110370666,0.8973934
0.74160504,0.2503733
0.81142706,0.13416001
0.11781019,0.58205485
0.781728,0.124375984
0.11515289,0.7962911
0.77311265,0.14170752
0.091698535,0.7528053
0.123284206,0.83957833
0.109117664,0.73512286
0.772568,0.14821526
0.08940229,0.77030826
0.7550924,0.1756817
0.11438185,0.6288234
0.10966054,0.8043817
0.113812484,0.8079416
0.78269905,0.22425263
0.76131064,0.112018965
0.10711013,0.7417844
0.76327604,0.14789805
0.7684228,0.14540036
0.77318835,0.16093916
0.77287996,0.112528436
0.112342216,0.73982984
0.7735189,0.08904322
0.75328684,0.114489414
0.09909414,0.85070974
0.74662244,0.20043737
0.11443052,0.81877023
0.10512755,0.8436413
0.7601776,0.26888236
0.7616575,0.1693678
0.10822729,0.7585616
0.7793962,0.11531449
0.7476555,0.3134993
0.76084256,0.24680862
0.10712587,0.7629626
0.74833477,0.15294306
0.10302987,0.8494104
0.75487316,0.1714858
0.099540316,0.7913454
0.10315376,0.7275225
0.7715158,0.11587363
0.766405,0.14922298
0.11707401,0.7723189
0.7704221,0.16031434
0.10223014,0.81319654
0.10744797,0.8709491
0.11228691,0.86688936
0.77570105,0.14530584
0.8671563,0.20463488
0.114927374,0.8589974
0.105806895,0.81847864
0.11413517,0.7820116
0.09990421,0.6261864
0.76164055,0.24206159
0.8240415,0.17007434
0.7641259,0.16982761
0.7600857,0.2295812
0.7561939,0.10541831
0.10041345,0.7280416
0.76516557,0.12971899
0.77300215,0.18928514
0.75182503,0.18744913
0.10990574,0.7697812
0.11088394,0.7951184
0.10869054,0.84135026
0.097596735,0.7819059
0.116456576,0.7974751
0.7832346,0.1631885
0.78668165,0.1352975
0.10016518,0.8143388
0.7770318,0.18205646
0.10993479,0.72731423
0.11053992,0.89142233
0.7641252,0.15085392
0.10812048,0.8677833
0.08990443,0.91259253
0.10216265,0.8073136
0.76938003,0.1680669
0.7767815,0.124883845
0.74492943,0.33510366
0.09620343,0.79368293
0.75882834,0.2073873
0.104747444,0.72985995
0.79961264,0.21305554
0.11603189,0.73777914
0.7526114,0.17234612
0.76999164,0.10337563
0.764247,0.18707584
0.76366025,0.15048544
0.778845,0.121940784
0.77210534,0.17628568
0.10972424,0.6739226
0.7585004,0.2709715
0.114665866,0.889173
0.114011385,0.7623378
0.1085831,0.7996475
0.78217417,0.2868772
0.74755055,0.32503125
0.7464734,0.118233524
0.7494212,0.17948349
0.7716479,0.12908937
0.1091801,0.8021468
0.095937274,0.8589814
0.10664126,0.73486817
0.77947515,0.3106716
0.7485907,0.32519946
0.76339394,0.23438431
0.77441067,0.12457784
0.77667147,0.18922907
0.7746217,0.16213913
0.10571058,0.79629755
0.7844005,0.10805056
0.10052356,0.7549601
0.7552398,0.21995579
0.10594224,0.9128152
0.10470819,0.7625813
0.78340614,0.13230638
0.08657095,0.8480086
0.11025639,0.82305104
0.11147928,0.85633314
0.111713216,0.7651863
0.73970145,0.19865103
0.10929662,0.82939535
0.7774827,0.059630234
0.7631965,0.121924765
0.7851805,0.326079
0.106749006,0.81932133
0.10781467,0.8359159
0.7827352,0.26300266
0.11506281,0.86211187
0.7483451,0.21476176
0.7816839,0.09854369
0.09698586,0.7957512
0.78362113,0.18492582
0.75969434,0.06713929
0.7340762,0.22058381
0.74195224,0.26601142
0.79973876,0.10496011
0.7527037,0.08372264
0.11005739,0.78563076
0.1202775,0.7245346
0.09527767,0.88618827
0.7730675,0.14706816
0.10635926,0.8792496
0.1069351,0.8436893
0.7881174,0.20967509
0.11915228,0.6075187
0.753682,0.17769714
0.7442112,0.22975904
0.098316595,0.7765068
0.76678574,0.1635666
0.10962165,0.8891025
0.7572151,0.13038546
0.7573012,0.30857605
0.10007402,0.8308805
0.09470279,0.8141241
0.11484031,0.73067707
0.7815521,0.14728284
0.10749214,0.75256336
0.10489962,0.79880804
0.79934174,0.14184049
0.77080774,0.085257456
0.10234983,0.7343955
0.11313039,0.7699974
0.7841296,0.11413855
0.11268888,0.8156365
0.7726269,0.10980967
0.11098897,0.71492195
0.7572452,0.15169983
0.775709,0.22570732
0.11827924,0.6520635
0.10778191,0.73493385
0.1184583,0.8044394
0.792974,0.17874171
0.7663569,0.20807299
0.75453585,0.194508
0.77587825,0.19820565
0.7672371,0.18927392
0.75384897,0.19318625
0.10826863,0.80683136
0.10538192,0.70339966
0.10763571,0.73351276
0.11045632,0.8210644
0.7670822,0.31027108
0.7745017,0.14678298
0.7639002,0.08581339
0.10835402,0.71887755
0.7886171,0.10941395
0.77711487,0.14172675
0.112838574,0.76619244
0.10328527,0.77488863
0.75468034,0.17803839
0.75644696,0.28348714
0.76667887,0.21293217
0.09590419,0.9004694
0.78962374,0.081210546
0.109201856,0.6581403
0.10126687,0.85325867
0.112642914,0.6837002
0.10322263,0.88961357
0.7498602,0.19149925
0.11006258,0.80537343
0.106053375,0.902142
0.7646599,0.16611554
0.12078945,0.7179083
0.09515108,0.84182125
0.100656494,0.7473053
0.11090193,0.7180749
0.10183501,0.78621554
0.11225891,0.83247143
0.105380036,0.860505
0.78921866,0.25454998
0.112088665,0.8364222
0.104384445,0.79421324
0.11082028,0.82699543
0.10842639,0.7578327
0.109826334,0.8044907
0.7841798,0.106546186
0.76644695,0.12049569
0.74833727,0.16679002
0.11438442,0.73936045
0.11531837,0.8542103
0.7807281,0.2851277
0.7698695,0.14271204
0.11398652,0.665518
0.096214,0.8273591
0.7585495,0.11599058
0.11324365,0.7972748
0.10439415,0.7807556
0.7630337,0.22261207
0.75125027,0.14712583
0.7455285,0.2075395
0.10572098,0.75116795
0.10729886,0.78928834
0.108815186,0.7889231
0.045331594,0.7853632
0.77790046,0.10224615
0.7595747,0.18787049
0.7478571,0.14955302
0.8352473,0.12516902
0.75627154,0.3411019
0.74699396,0.23755327
0.7489045,0.23448685
0.10781117,0.6179884
0.10705488,0.8839726
0.7597509,0.2054872
0.7598412,0.30485117
0.7546036,0.2534477
0.022643492,0.7134128
0.11304408,0.7702922
0.112244844,0.81438047
0.09859633,0.82050693
0.105598226,0.7104569
0.7706437,0.16261975
0.7651788,0.07955558
0.093288064,0.65189207
0.103644244,0.88310266
0.74855286,0.2762777
0.11633487,0.8523631
0.12594402,0.75333077
0.112964176,0.6965747
0.7793065,0.22555032
0.10204438,0.77786696
0.10816879,0.75406295
0.11220232,0.784269
0.7607163,0.25593257
0.110792115,0.80497134
0.7603925,0.08232561
0.78029585,0.11054663
0.75343144,0.19163863
0.12778181,0.78664166
0.09603867,0.69543403
0.10847519,0.9031033
0.7658747,0.10726073
0.09472389,0.7230639
0.119777545,0.7488545
0.11871119,0.73373383
0.104145624,0.83845365
0.76948684,0.17346759
0.11435913,0.8214041
0.7705927,0.10525169
0.11799357,0.7567593
0.7733051,0.32268417
0.10273307,0.8215851
0.106729425,0.72633696
0.75035524,0.30124804
0.11261257,0.7239995
0.117996275,0.7903169
0.10536974,0.7765164
0.10348001,0.7511343
0.10565244,0.8414095
0.10694724,0.70772696
0.10375426,0.87462753
0.7692432,0.10583966
0.7737095,0.20199943
0.09347461,0.8300971
0.11322641,0.8009917
0.7621903,0.24597071
0.11595232,0.7298007
0.12468949,0.77386653
0.10423269,0.7933657
0.10369856,0.74377745
0.76485443,0.2986286
0.76996815,0.21833766
0.09988159,0.7895767
0.116313405,0.78379476
0.77427,0.2043337
0.76152265,0.2463392
0.7577314,0.14879683
0.10603651,0.8942709
0.77923,0.22083212
0.11998139,0.593002
0.1087963,0.9018841
0.76021206,0.2301051
0.77884316,0.25741294
0.11118965,0.8730238
0.11086442,0.8296645
0.77159095,0.20089558
0.119249545,0.6906181
0.103820324,0.8347752
0.7703856,0.14029287
0.102912396,0.68411034
0.7699699,0.2278942
0.77262,0.1794194
0.10673411,0.7398058
0.10712759,0.88588065
0.113087796,0.7719552
0.11326722,0.6952802
0.09741193,0.8310167
0.107995935,0.6991653
0.7498972,0.14279374
0.75105166,0.34921977
0.10108319,0.765683
0.75012505,0.28062737
0.7554696,0.19433016
0.11281223,0.80660063
0.10442436,0.78958637
0.76878744,0.094197184
0.7880839,0.10616489
0.7663458,0.07786056
0.111386605,0.80223495
0.104685076,0.75407255
0.09892485,0.8459979
0.7582455,0.2598305
0.7846872,0.23350316
0.7628036,0.08695889
0.78212374,0.109319426
0.7455108,0.27090743
0.1150742,0.76216316
0.09906155,0.8100916
0.10131917,0.773027
0.102278344,0.6853456
0.09503902,0.7804095
0.09339963,0.81988686
0.762755,0.22849017
0.11216808,0.72854465
0.781718,0.17733346
0.11195858,0.7671697
0.11726892,0.6844468
0.111760534,0.93907845
0.1043195,0.82924795
0.11795672,0.71457434
0.7589471,0.19607805
0.09748167,0.6360361
0.78207326,0.11483066
0.7642288,0.09714185
0.1150471,0.69151366
0.76946163,0.62323046
0.11384854,0.8844516
0.77676684,0.080379054
0.75597304,0.2301836
0.7680314,0.2703451
0.11930159,0.73458296
0.12190596,0.7243343
0.76135606,0.17634016
0.76981956,0.16937101
0.7464961,0.13583261
0.7562261,0.19912204
0.10325852,0.79960907
0.108809896,0.832936
0.11129415,0.7272229
0.102306314,0.839644
0.77064395,0.16911788
0.10569071,0.81728345
0.7798349,0.16580634
0.76685333,0.16739562
0.77008134,0.14629593
0.10060373,0.7572351
0.78831226,0.1705822
0.76955897,0.07646192
0.12562183,0.7598577
0.8092685,0.16523439
0.7783825,0.16602422
0.10708008,0.83161587
0.10411316,0.82593644
0.77410877,0.19359319
0.116677135,0.67748564
0.76618665,0.13558428
0.11720107,0.67175174
0.75601906,0.12763786
0.11047702,0.8622192
0.7460568,0.26381654
0.11295229,0.77853024
0.75963837,0.23034221
0.7698716,0.22061104
0.1051607,0.8950335
0.745188,0.19896825
0.7546761,0.14717549
0.1104366,0.81252205
0.11636693,0.8096735
0.12215122,0.7567673
0.7617269,0.25870422
0.74800104,0.20264186
0.10526451,0.7331363
0.73876715,0.17526996
0.116540246,0.7209603
0.1126196,0.7797654
0.10826312,0.891762
0.1061805,0.79113394
0.1006695,0.7486927
0.10460101,0.772564
0.7722942,0.183532
0.10547546,0.68813646
0.09428551,0.8572623
0.12749264,0.73693645
0.11181505,0.8291086
0.7551015,0.10417187
0.111070916,0.78600085
0.7456717,0.15788715
0.7522914,0.14650741
0.75985944,0.1624339
0.11812482,0.6650341
0.72843355,0.23909289
0.09499566,0.77656126
0.10779056,0.87449616
0.098548286,0.82125026
0.10738348,0.87860394
0.7774539,0.13203083
0.7921145,0.21240507
0.7720997,0.10946041
0.76031125,0.12798873
0.757827,0.106679164
0.7741002,0.19026403
0.10045317,0.8586962
0.101629674,0.72258
0.11113028,0.7457368
0.78998256,0.11552757
0.77611214,0.13268287
0.105668284,0.8894486
0.11809127,0.80314493
0.76915115,0.15184723
0.102761865,0.82686406
0.7612911,0.095028676
0.781569,0.12640585
0.74887073,0.13515012
0.79391277,0.118579574
0.102524266,0.85040694
0.0985814,0.84743506
0.111072004,0.87208337
0.111168884,0.77036434
0.76557076,0.121468164
0.103077814,0.86682045
0.10288631,0.92608863
0.120402046,0.872548
0.76146716,0.13924348
0.77694196,0.14700086
0.11753429,0.78395015
0.7746717,0.3707985
0.7869518,0.3165593
0.10156192,0.81879425
0.77248967,0.2391057
0.108780645,0.839934
0.11792763,0.78920025
0.110604405,0.68081164
0.09966347,0.8349354
0.104397155,0.8947387
0.10697535,0.796775
0.105866894,0.8668717
0.09751432,0.79726684
0.10063394,0.813549
0.108395584,0.77806723
0.7803093,0.28609374
0.09734272,0.8751722
0.10249878,0.91232014
0.103975214,0.80489284
0.11948064,0.8446314
0.7885435,0.15148675
0.76541865,0.1576212
0.11307307,0.8287577
0.10745734,0.70780706
0.7706363,0.23317473
0.114825085,0.68008107
0.09274571,0.8145183
0.769363,0.15058637
0.114481956,0.6515845
0.10709992,0.79367167
0.75808203,0.10521324
0.7637763,0.15481591
0.10855638,0.84241724
0.7656405,0.20819315
0.75819623,0.20240957
0.78958344,0.1249223
0.7669829,0.18370663
0.029703468,0.8064725
0.097816534,0.813581
0.10550812,0.8831956
0.7495036,0.23908007
0.107044846,0.79295874
0.7727793,0.15962063
0.11610064,0.68625396
0.11282874,0.872548
0.7664099,0.1153962
0.7586362,0.1323961
0.07126693,0.83815247
0.7693523,0.1491685
0.768191,0.0950447
0.75806195,0.17351885
0.11246336,0.69798934
0.11151805,0.8423147
0.7638924,0.20291422
0.784706,0.13096222
0.11423617,0.69508797
0.7846862,0.39298278
0.10743545,0.75163895
0.75983554,0.3090647
0.111777306,0.69599473
0.099286534,0.89737415
0.102858044,0.83347595
0.11581979,0.712474
0.74816495,0.4278878
0.7672316,0.15545034
0.7447638,0.17951712
0.1147535,0.78076196
0.7793028,0.17201288
0.7669362,0.27502164
0.09729677,0.8782819
0.098356515,0.848172
0.7576332,0.08895191
0.115961306,0.76926047
0.7682405,0.23026691
0.7660184,0.30065686
0.73904294,0.21241789
0.10683792,0.8736166
0.10603538,0.862828
0.120753296,0.69384795
0.10516661,0.70346695
0.75167847,0.14713705
0.77359325,0.31962895
0.7642987,0.15524048
0.7517693,0.24643853
0.1128399,0.837353
0.117562786,0.79334646
0.76390815,0.23104714
0.76142925,0.13683553
0.10060825,0.76914674
0.11784703,0.76618284
0.7711308,0.20315614
0.100830466,0.8108478
0.11102152,0.67604536
0.7434775,0.29315263
0.112442955,0.78792816
0.7707318,0.17071518
0.10300016,0.81031275
0.76846224,0.09175879
0.10660442,0.74463934
0.7663088,0.26199493
0.09843074,0.7507642
0.11553738,0.8418357
0.09446565,0.68953025
0.7434103,0.23573329
0.72810084,0.30336922
0.11332645,0.6398747
0.76246023,0.11325579
0.12132405,0.8714105
0.79219043,0.103194594
0.113752715,0.6410779
0.7730227,0.15336762
0.7555729,0.17486623
0.10996451,0.82563204
0.110256225,0.7404162
0.7571057,0.184301
0.75614434,0.41061872
0.115396194,0.82617354
0.7540572,0.23251946
0.76427966,0.17903009
0.74993205,0.15778622
0.7561703,0.1506777
0.116861045,0.6919847
0.0987317,0.79738057
0.100149766,0.7868708
0.08723372,0.8750985
0.114920534,0.80916244
0.7801368,0.13579576
0.757482,0.19900028
0.794757,0.26374283
0.09646665,0.71434844
0.113189824,0.8581851
0.10862381,0.82885706
0.0996435,0.79941684
0.7685309,0.15705886
0.11352235,0.6906645
0.76742893,0.111536734
0.115962625,0.84722996
0.7694236,0.1028213
0.7586302,0.21275593
0.10812302,0.7829729
0.10785326,0.83036625
0.7682137,0.1281233
0.7732347,0.108348556
0.10404521,0.7422506
0.10826744,0.80277324
0.75519687,0.21851228
0.11643683,0.79289305
0.101062916,0.7959691
0.797348,0.044474352
0.11826379,0.7712647
0.74085075,0.24355474
0.78259814,0.1506136
0.79478127,0.16145504
0.7644207,0.1830001
0.75938714,0.24577045
0.76167727,0.124366365
0.112154506,0.87683684
0.76350135,0.22718126
0.1060232,0.8146769
0.76850927,0.19354193
0.7853126,0.19117081
0.11564198,0.8335448
0.11678874,0.72526515
0.09882897,0.67380404
0.7374991,0.42936975
0.73928225,0.33679867
0.11404642,0.81124514
0.0748143,0.7300282
0.106398255,0.7759236
0.7638544,0.19507514
0.7548537,0.15049505
0.7752801,0.12337307
0.75617063,0.12674068
0.7650977,0.18898395
0.7866912,0.24692076
0.76982486,0.22462751
0.10997181,0.78075236
0.117381774,0.7894085
0.81939566,0.25850555
0.7323231,0.27705148
0.749822,0.2318562
0.107660204,0.6454629
0.086388454,0.818139
0.100689545,0.7547118
0.7995594,0.17819059
0.10997604,0.7919943
0.77462316,0.17696178
0.7725053,0.09384152
0.10341638,0.83729696
0.76201195,0.2682111
0.10915778,0.8194463
0.76334375,0.1565558
0.102399096,0.77303505
0.11676705,0.7634817
0.11183743,0.87368065
0.10396267,0.8598273
0.11097691,0.8316415
0.7777495,0.09869749
0.111034766,0.7880211
0.10844399,0.7508123
0.10379428,0.8832965
0.74102825,0.21521997
0.1009843,0.7468871
0.75558317,0.1023615
0.7919267,0.14538915
0.7578987,0.18528149
0.7672609,0.111528724
0.11365796,0.7949486
0.9168468,0.21404722
0.7805502,0.19071582
0.1008202,0.8861899
0.78636587,0.19543882
0.09574947,0.6982665
0.10911723,0.8942228
0.7685749,0.14905956
0.09633907,0.8419895
0.75343263,0.13923708
0.11448836,0.79118526
0.11748324,0.7928899
0.7395727,0.13314109
0.09796693,0.8070284
0.76038337,0.32869205
0.11632008,0.8146304
0.79140604,0.084767215
0.76276135,0.19962671
0.77169484,0.27951393
0.114926875,0.876973
0.123421095,0.7364014
0.767884,0.13004102
0.1025027,0.8258515
0.11963464,0.85667914
0.11338377,0.6955317
0.74587387,0.31177065
0.10510196,0.82215387
0.11001886,0.5522606
0.11346123,0.8029943
0.103567734,0.7164023
0.7676863,0.14313339
0.113698736,0.74140793
0.09985518,0.8186068
0.108278506,0.8672258
0.100280486,0.8582652
0.1021123,0.85314494
0.11253567,0.868751
0.11077838,0.8185908
0.7757533,0.20006569
0.10238609,0.75212437
0.12329886,0.7616072
0.11139839,0.72633535
0.7567631,0.25477907
0.11041227,0.6331475
0.79541606,0.11692781
0.11999536,0.6531225
0.103875995,0.7978131
0.098545544,0.7941299
0.7701574,0.089233875
0.10671001,0.8445641
0.7822801,0.099460095
0.7630209,0.117539816
0.77693826,0.06758627
0.1103571,0.81584316
0.103492916,0.8259348
0.7496027,0.113358326
0.7653233,0.0815566
0.756766,0.14014867
0.7738688,0.080843665
0.09786213,0.7513666
0.7611539,0.10919607
0.7737619,0.1255295
0.78419566,0.13457015
0.10757426,0.78900796
0.09740506,0.8341904
0.74865675,0.3147185
0.12142062,0.81060594
0.7584024,0.041018616
0.751091,0.15081547
0.117739,0.7807203
0.74185795,0.2471034
0.76266456,0.17218591
0.11407808,0.7565526
0.108124904,0.8018937
0.09350872,0.7967173
0.75538045,0.10569387
0.7439848,0.19903234
0.7800457,0.18029734
0.778418,0.24185492
0.762986,0.1485517
0.10655007,0.8618331
0.1176342,0.7533131
0.105677,0.7224054
0.11465633,0.83737385
0.74326426,0.26842096
0.10391954,0.7715675
0.75619996,0.17510493
0.79933,0.165393
0.75324786,0.18440834
0.76831645,0.1528982
0.7668511,0.105798006
0.76298255,0.1385706
0.10781041,0.84369415
0.09255113,0.7630427
0.7767832,0.18322279
0.75642556,0.1839213
0.7607446,0.26161364
0.105039686,0.8447547
0.7870964,0.15171745
0.115584366,0.84860295
0.10262632,0.77948827
0.766137,0.16497004
0.764398,0.13968886
0.094279565,0.79578006
0.7518067,0.24917492
0.75799644,0.2368163
0.110236384,0.8943382
0.109430246,0.83401585
0.7705828,0.16144863
0.109153785,0.6855154
0.102082714,0.8136964
0.08930402,0.6501474
0.7588332,0.15772533
0.10408893,0.6563443
0.107956216,0.8768737
0.75580007,0.19878401
0.10660934,0.8181358
0.107952915,0.8573424
0.7743975,0.063425615
0.7621032,0.20011535
0.7736021,0.104280815
0.75748634,0.24801339
0.8313427,0.05224134
0.7576419,0.19386394
0.10666623,0.7409225
0.07128116,0.713283
0.7506985,0.28546894
0.11411519,0.7603896
0.09463986,0.90810025
0.1086523,0.72861034
0.11468172,0.8110641
0.80103254,0.17641866
0.7674017,0.15504342
0.77218395,0.110067606
0.10771875,0.55270916
0.10864039,0.8245586
0.11514394,0.9087811
0.10522723,0.9125316
0.75504565,0.13903521
0.10465886,0.84399533
0.11998054,0.8586209
0.11567154,0.8333814
0.106214575,0.7828655
0.75073034,0.0945897
0.7704947,0.3230094
0.7706845,0.20163895
0.7677863,0.25592297
0.11222824,0.7987904
0.10282975,0.7876302
0.7579165,0.3302749
0.77661246,0.16043769
0.10877675,0.80649334
0.11470615,0.86018133
0.7693021,0.22146817
0.11322013,0.8091352
0.76390076,0.2655516
0.11307059,0.8207056
0.11534584,0.81652087
0.77427924,0.1490804
0.109357536,0.8309494
0.09954269,0.7992887
0.11258909,0.65231663
0.09517809,0.7832805
0.11483852,0.6542408
0.1119528,0.82015926
0.11489422,0.79173315
0.112773,0.8450303
0.7641885,0.09312378
0.7610962,0.2800955
0.77619946,0.23916177
0.104640104,0.86518955
0.7642625,0.22520107
0.7811325,0.22535005
0.10848649,0.6583886
0.77613515,0.093950465
0.11019359,0.803467
0.10651837,0.7757746
0.81511414,0.12685443
0.75731164,0.23150374
0.7681445,0.24517447
0.102993555,0.7327021
0.10534372,0.757924
0.10838974,0.8732449
0.10693133,0.73053765
0.11236569,0.609627
0.76454765,0.13815245
0.11271192,0.8382566
0.77049977,0.19548367
0.107282676,0.8626919
0.764231,0.2861226
0.11411843,0.81245637
0.77878386,0.20386907
0.1077311,0.84103465
0.791092,0.14881925
0.106930405,0.8260005
0.76808226,0.08382518
0.7764503,0.16086225
0.114602044,0.8203771
0.107489005,0.80104935
0.11552414,0.8078503
0.10861291,0.872705
0.76704353,0.3719408
0.7851849,0.10712935
0.75708634,0.11960492
0.76569533,0.29555738
0.7590937,0.24955301
0.7625495,0.1538915
0.7654746,0.27277067
0.76688665,0.1229421
0.768362,0.08349515
0.10594462,0.74155694
0.11218435,0.8035038
0.097143956,0.8552565
0.7616299,0.28616586
0.10250459,0.7887196
0.11268035,0.8017319
0.7611066,0.18535678
0.754861,0.019858053
0.1141947,0.7326044
0.1154867,0.6710917
0.77295244,0.15506744
0.103897095,0.8418293
0.7592081,0.17253837
0.74099433,0.11968022
0.117686234,0.8060928
0.10113199,0.7815902
0.7681182,0.11954725
0.7628074,0.17234291
0.769324,0.20310007
0.7557044,0.25596142
0.831407,0.18091255
0.7552995,0.2213512
0.75709146,0.21471371
0.1007606,0.84888816
0.7662371,0.2584431
0.10414321,0.87396264
0.76997936,0.18659201
0.78147405,0.1847656
0.11243272,0.73667693
0.09731301,0.6617771
0.112411946,0.7644414
0.77429235,0.20834374
0.77684224,0.1958121
0.77950865,0.1839213
0.77441937,0.1907735
0.10427007,0.854888
0.11184718,0.86009
0.109458275,0.81596655
0.102903046,0.77861357
0.7823556,0.10737287
0.11359634,0.728362
0.11233016,0.703209
0.11053744,0.7300458
0.78331727,0.09173796
0.7589801,0.21337916
0.76821846,0.17497356
0.78179723,0.14899388
0.7679674,0.21604665
0.10294086,0.6102887
0.7748349,0.2076228
0.115748994,0.6362908
0.094846554,0.8515845
0.7911842,0.07390176
0.11185246,0.70714855
0.09892416,0.79286426
0.7575188,0.19318947
0.75257367,0.2660995
0.7773703,0.10526451
0.7670862,0.096231855
0.75667846,0.2144045
0.10894871,0.8040357
0.110981405,0.73059696
0.77990645,0.13498029
0.7672634,0.13380596
0.7672847,0.23309141
0.75798887,0.2226361
0.7654069,0.09378385
0.75788075,0.20049185
0.11510356,0.8157727
0.0980788,0.6802781
0.114496686,0.7782899
0.1021015,0.8679836
0.10811563,0.78868437
0.76376164,0.14795251
0.105800755,0.8627607
0.12072067,0.75795126
0.11866232,0.82901084
0.75240445,0.20843667
0.7593967,0.173168
0.7664459,0.07474286
0.78233343,0.06749655
0.7823106,0.1201977
0.7653208,0.13647506
0.75252,0.149537
0.10765648,0.85709894
0.105594456,0.8147105
0.11794728,0.84920055
0.76407546,0.16750136
0.77367514,0.13272133
0.76279515,0.2782899
0.76080984,0.32939535
0.7816291,0.17204812
0.75079924,0.27137685
0.11147912,0.84018713
0.103131205,0.8243215
0.10693126,0.7973421
0.76779556,0.12060303
0.12100202,0.8678298
0.10750823,0.8454212
0.7638257,0.18371142
0.10928625,0.81003237
0.11028832,0.76674837
0.11460898,0.7170015
0.108205006,0.8387116
0.104234904,0.742374
0.7605358,0.22352847
0.119155906,0.64363325
0.10821709,0.85163254
0.78056484,0.15559134
0.115438096,0.7860281
0.1088383,0.78080684
0.75451076,0.29180366
0.11098761,0.7616681
0.109521344,0.67219394
0.80476135,0.15524048
0.77153707,0.11170496
0.11700814,0.81146145
0.11613069,0.7008251
0.7727232,0.0949678
0.7838309,0.12216187
0.10814003,0.7521164
0.11139899,0.8419078
0.10430642,0.71236825
0.11747374,0.88787687
0.7697575,0.12554872
0.11737672,0.86580634
0.75300246,0.3131837
0.10895406,0.8202057
0.108651444,0.80856484
0.112342216,0.73982984
0.103730254,0.7981944
0.7510523,0.22361659
0.09059543,0.85612965
0.116504714,0.6669166
0.100831755,0.83418727
0.08823645,0.58545774
0.7846401,0.16551475
0.7694957,0.13557628
0.76111877,0.14488448
0.8007263,0.119606525
0.10717517,0.75163573
0.76134366,0.114784196
0.7585634,0.05471018
0.10235907,0.85230863
0.11333289,0.8976625
0.75357026,0.12626646
0.106382996,0.8453187
0.7301452,0.19511038
0.76602316,0.14281137
0.7703653,0.101366594
0.10019929,0.84727484
0.7751126,0.25062323
0.11721223,0.82906693
0.7929085,0.13060336
0.11730663,0.75069374
0.75516635,0.05788074
0.7785605,0.17528598
0.10900385,0.8491605
0.112265185,0.7880083
0.10195348,0.8683649
0.10969462,0.76178026
0.10980467,0.7958073
0.77669287,0.1903249
0.7591147,0.09915089
0.76177526,0.083001696
0.7731066,0.23477203
0.11518712,0.85790956
0.7507047,0.17220032
0.11645879,0.7218351
0.7763194,0.2489298
0.75142556,0.28819412
0.10385552,0.8434506
0.7438076,0.22018167
0.10126053,0.79790926
0.093379684,0.6541927
0.7705276,0.09620142
0.793945,0.14474832
0.7504401,0.27054536
0.74533266,0.27786377
0.74856114,0.16025025
0.108396016,0.846211
0.84461826,0.24236278
0.1151862,0.8429876
0.7531677,0.17313436
0.11337912,0.7273543
0.110264115,0.84346664
0.11183106,0.7883928
0.09617197,0.80414945
0.10494499,0.71561086
0.7616025,0.06279118
0.7567874,0.06886795
0.10686289,0.8747685
0.10513768,0.8726473
0.8026736,0.21374443
0.7587054,0.20281169
0.10270854,0.7622561
0.7579193,0.2042728
0.10871299,0.7538531
0.77092487,0.21222404
0.11763235,0.71735555
0.104926564,0.8073456
0.106368005,0.83283025
0.7800532,0.26780096
0.10190573,0.86422026
0.75840914,0.15120158
0.79154974,0.09029927
0.10932439,0.8388766
0.76266676,0.10885321
0.11233307,0.872548
0.7756553,0.2997677
0.10535914,0.82931685
0.10845182,0.7574257
0.10893537,0.78671855
0.10807957,0.8640424
0.7468611,0.18172643
0.7537297,0.06276074
0.7493552,0.152895
0.10799151,0.8840094
0.10896977,0.7289676
0.7726087,0.24066776
0.74686456,0.1269858
0.10950246,0.77640104
0.10905298,0.7808132
0.1041936,0.81742924
0.75523835,0.19948252
0.7800133,0.17997372
0.78798777,0.21324778
0.11012686,0.8223253
0.11488815,0.7448156
0.78220576,0.240546
0.7591021,0.27404755
0.77392584,0.36903137
0.75647545,0.22772758
0.78414917,0.082931206
0.7415387,0.24980295
0.7969785,0.1944423
0.096442915,0.7887901
0.09511991,0.6583822
0.74143714,0.2912381
0.7476797,0.3846054
0.12173506,0.7828175
0.11009067,0.8592009
0.78339225,0.3425358
0.75872505,0.30326188
0.10936629,0.799537
0.11621191,0.81801885
0.11293562,0.9206527
0.7987135,0.104272805
0.09107614,0.7165962
0.775633,0.14139992
0.7668646,0.10917684
0.11000374,0.7223445
0.11017091,0.83649105
0.12007028,0.59416676
0.110836424,0.90078664
0.7413813,0.24997917
0.76210546,0.23982985
0.10683221,0.8579416
0.11364455,0.84416354
0.09824795,0.6144494
0.108230695,0.76560926
0.106191225,0.84164345
0.7726113,0.21937262
0.10961425,0.78117853
0.118790366,0.7424285
0.75405616,0.29240122
0.10714291,0.6867634
0.77892333,0.2527396
0.77243674,0.094261274
0.75012475,0.20620494
0.10538321,0.7870871
0.795093,0.07199526
0.7582941,0.12592682
0.10784069,0.9132574
0.11182089,0.69273925
0.11249413,0.7161332
0.7519945,0.10940274
0.92500186,0.34399852
0.082768045,0.83572847
0.12131441,0.7290701
0.10380471,0.8593451
0.10883235,0.70110863
0.08811666,0.7509052
0.10982907,0.82057416
0.7556645,0.2098257
0.11116007,0.75427604
0.09745119,0.8655644
0.11106904,0.65840465
0.74516475,0.30462688
0.7605137,0.3453603
0.7802994,0.16063155
0.108486846,0.72884744
0.7427752,0.099798135
0.7620227,0.26266623
0.7807335,0.21598898
0.09747704,0.84343296
0.115626104,0.798454
0.10287743,0.85920566
0.10921513,0.8551636
0.74695355,0.13517575
0.7670305,0.15410298
0.11618853,0.7258916
0.7631837,0.14133103
0.7727253,0.105315775
0.106894284,0.8652825
0.10957384,0.7723365
0.77266955,0.22298695
0.77891195,0.14940241
0.10339846,0.68869394
0.1144603,0.7282931
0.7592648,0.26009485
0.10432451,0.8071422
0.11510217,0.83054566
0.76353157,0.2957304
0.10888079,0.78112406
0.76866657,0.15780063
0.11847392,0.65019226
0.74560153,0.25515878
0.76722777,0.1525874
0.77900815,0.09567593
0.7955143,0.06981319
0.109048754,0.8959723
0.10534303,0.70628667
0.7575437,0.13695088
0.7679699,0.15033163
0.08322828,0.8437534
0.76906145,0.14351149
0.111809865,0.8396392
0.7691994,0.2099891
0.8077104,0.24050915
0.7746643,0.10188568
0.1174005,0.7827069
0.7631459,0.14581211
0.755697,0.066259734
0.7758138,0.20478228
0.75131565,0.2820981
0.7555483,0.23806754
0.10147875,0.8266013
0.76922077,0.19640648
0.76205146,0.14947611
0.09953054,0.8540613
0.1144117,0.7974078
0.112251446,0.8281169
0.76866657,0.15825564
0.77319837,0.1582252
0.1111878,0.8328591
0.76409155,0.25604314
0.10803014,0.81503254
0.782343,0.24362683
0.09678944,0.7673604
0.7786775,0.34127817
0.118826225,0.7784373
0.110854976,0.6923195
0.114254266,0.8293313
0.76451814,0.14120606
0.79005075,0.16161044
0.09734359,0.8329424
0.7470426,0.10936589
0.73594147,0.17292608
0.77036303,0.11297222
0.7527027,0.20413662
0.113491215,0.698164
0.7668672,0.16990933
0.7660674,0.17920792
0.113601066,0.78587264
0.11382298,0.76864684
0.7559591,0.30415586
0.75922155,0.28716397
0.10716282,0.7334871
0.11109499,0.7210612
0.11430029,0.8280576
0.75372624,0.30036688
0.8527393,0.23501875
0.11445132,0.7772774
0.11455704,0.7691643
0.7695525,0.28784004
0.76120776,0.14338973
0.7636495,0.2545564
0.7733261,0.15523566
0.10344765,0.84647536
0.7715765,0.16147265
0.11664214,0.7717293
0.10125317,0.797709
0.1073392,0.7810808
0.109334,0.8546637
0.11077055,0.89796215
0.121202074,0.672399
0.786588,0.15318978
0.10188342,0.91953444
0.104101144,0.7390849
0.11245837,0.73974013
0.8223884,0.22651479
0.08179728,0.75977445
0.11625903,0.87003267
0.7792456,0.11672434
0.7576084,0.1440562
0.11146836,0.9329376
0.78271353,0.28067866
0.76392883,0.11245955
0.75108284,0.1947467
0.09289673,0.72905254
0.74542457,0.13938607
0.775014,0.11175783
0.7574834,0.21704957
0.103452176,0.842068
0.76621795,0.2006857
0.102980144,0.8375901
0.09490717,0.73564994
0.7820746,0.10207632
0.75801384,0.25872505
0.1179203,0.72067034
0.12153913,0.8725015
0.7547715,0.17297575
0.10669518,0.8778253
0.7833199,0.22031626
0.110377274,0.8001009
0.09963769,0.89083916
0.10145959,0.74242526
0.7498099,0.1824682
0.7646938,0.27722773
0.10583978,0.8361418
0.77274513,0.091792434
0.7603122,0.17358133
0.11473775,0.7538066
0.106436424,0.86849785
0.10002981,0.82612866
0.113836154,0.9152584
0.115632705,0.72234935
0.76213,0.31350252
0.12188694,0.8144317
0.78503853,0.06720818
0.77986383,0.17289723
0.12243372,0.8319924
0.749994,0.18060815
0.10325783,0.6313355
0.7767604,0.09491813
0.75529397,0.1920712
0.76222354,0.32017368
0.115232594,0.7766333
0.7757232,0.17659329
0.7716242,0.1554103
0.77008384,0.30752027
0.10369753,0.7780288
0.763867,0.07801435
0.124010965,0.7826476
0.7608208,0.17080009
0.1143549,0.86455667
0.10741871,0.71910024
0.11103341,0.7409882
0.09910253,0.8691147
0.76013136,0.20509468
0.7674029,0.19692077
0.76255184,0.46948478
0.76503193,0.19790605
0.10066623,0.8690234
0.11200619,0.7646272
0.098513946,0.86976033
0.7629618,0.19940081
0.7666769,0.08295363
0.09457349,0.7812666
0.75690895,0.1769105
0.10679705,0.83508766
0.09486748,0.79875517
0.7701775,0.1337659
0.78227323,0.15256175
0.78484243,0.19378544
0.12772514,0.7110209
0.107696824,0.7993912
0.10693278,0.731414
0.751952,0.16030312
0.10602643,0.81765836
0.7435467,0.11597456
0.7577344,0.20286296
0.7533567,0.33846968
0.10414648,0.89958984
0.7824518,0.20550002
0.7780353,0.087940976
0.11148945,0.78491944
0.760948,0.34349227
0.760599,0.48029736
0.10860367,0.8607293
0.10646445,0.78611135
0.76590914,0.15153801
0.7669442,0.11392067
0.76643664,0.12684803
0.109305635,0.72824985
0.7440148,0.12456823
0.09135501,0.9103143
0.73988,0.19545484
0.77651936,0.14172675
0.77568334,0.3291871
0.087383226,0.70277804
0.74622744,0.27322567
0.10930322,0.8545692
0.783975,0.17361979
0.760482,0.20261784
0.77411324,0.21458234
0.10058901,0.68318594
0.10556395,0.7764171
0.7523841,0.19069819
0.7611646,0.25676087
0.10067891,0.874094
0.76871383,0.15024832
0.11042412,0.87747765
0.7685425,0.2793425
0.7637928,0.07571694
0.09996674,0.8235477
0.7470344,0.16922843
0.10092345,0.744359
0.7722407,0.17069274
0.11617817,0.73378193
0.7464271,0.23000416
0.10460537,0.74901474
0.77752614,0.23237047
0.10638412,0.69442147
0.739299,0.18834631
0.7565795,0.1595998
0.7634364,0.18591592
0.77169883,0.07933449
0.77217746,0.057840686
0.1154725,0.86979556
0.10890569,0.7555865
0.11081691,0.69186455
0.75155157,0.23267648
0.10682336,0.7186244
0.7563228,0.21819827
0.10750212,0.6316351
0.09299357,0.92527634
0.7725671,0.15428402
0.7535819,0.32117337
0.10625905,0.85071456
0.11202874,0.67277867
0.74484557,0.13006665
0.10463967,0.7715611
0.09222656,0.8646865
0.10982574,0.7939601
0.11257123,0.7727659
0.7705288,0.13610657
0.10258749,0.8631741
0.11564539,0.69331604
0.75861204,0.11778173
0.74776316,0.27602455
0.79134053,0.2706623
0.76807487,0.21337114
0.7553444,0.12136883
0.79971194,0.24084398
0.10632363,0.86739403
0.10332651,0.83960074
0.77967376,0.1307956
0.79070103,0.1347512
0.104015335,0.7364222
0.1090048,0.8254814
0.7735025,0.12679996
0.8085731,0.14753596
0.09915004,0.7597424
0.7645067,0.09983018
0.753523,0.14546765
0.09661656,0.7803166
0.10840556,0.7131917
0.108785234,0.8160178
0.7741464,0.10210516
0.10195596,0.80910635
0.74719185,0.3599026
0.10585821,0.590115
0.10682488,0.848619
0.11396833,0.8074129
0.7714471,0.16347048
0.105376706,0.7900157
0.7739002,0.15435451
0.11324206,0.7981944
0.11391365,0.6763882
0.7654052,0.19059886
0.7642421,0.15557532
0.10546453,0.73897433
0.75289977,0.079909645
0.7586252,0.13561793
0.108469315,0.8477923
0.1163351,0.76253164
0.7754083,0.12224999
0.7923925,0.17353648
0.100100234,0.7663078
0.10038789,0.75613123
0.09427913,0.9171745
0.78085977,0.12715243
0.10720779,0.7543032
0.102992795,0.800322
0.11081572,0.8014659
0.117417865,0.7873818
0.7467718,0.38465026
0.76718944,0.39022878
0.10617607,0.79498863
0.10414341,0.8136483
0.8140886,0.42595726
0.086238384,0.91962737
0.11317949,0.74128455
0.75811875,0.16309237
0.77638716,0.34363484
0.7749893,0.21621168
0.7643226,0.15318337
0.76085,0.21603383
0.7513707,0.25193533
0.7541843,0.16816142
0.112269275,0.8064517
0.778665,0.17559518
0.100709155,0.8105098
0.1080206,0.8522189
0.108820006,0.82140887
0.1060619,0.7725304
0.7675706,0.08050883
0.8041859,0.30511552
0.109340966,0.69020635
0.7637854,0.26755422
0.7736065,0.09356115
0.11213615,0.8425326
0.10694454,0.79476756
0.7519681,0.30269313
0.7529552,0.10063764
0.11155764,0.7189032
0.10401101,0.8178218
0.75830746,0.15982729
0.1053426,0.698784
0.109926805,0.7717774
0.11498123,0.7782915
0.10892695,0.7845269
0.76162523,0.18942612
0.7728842,0.15421513
0.7632389,0.3125589
0.76151407,0.1608206
0.7542091,0.19820084
0.10375228,0.7569724
0.11215893,0.8564036
0.7774404,0.11946233
0.7855901,0.3014339
0.76103,0.18066584
0.11030971,0.8172482
0.76010484,0.14104585
0.10468319,0.73663366
0.76419026,0.17117338
0.78831077,0.14118204
0.7563841,0.17480214
0.74970967,0.37772116
0.105068184,0.7796453
0.7543421,0.18087411
0.79240793,0.22429107
0.7781676,0.08038547
0.10464964,0.6913374
0.09828493,0.8203547
0.11526343,0.7200663
0.11081189,0.8246371
0.09845029,0.8235477
0.10918436,0.868179
0.12595147,0.77627444
0.7687086,0.1560944
0.114450395,0.8819571
0.75043476,0.29532668
0.7820799,0.18475279
0.10417881,0.74327916
0.7666251,0.25736487
0.10960798,0.84186935
0.1095368,0.7595742
0.76040304,0.21300747
0.75355947,0.27077445
0.7527101,0.25384185
0.09701122,0.880299
0.11520555,0.7666266
0.7638195,0.26140055
0.7713046,0.152432
0.11110876,0.8112996
0.110052966,0.8052581
0.78253406,0.13065782
0.76230663,0.10779743
0.11252227,0.78411996
0.76054716,0.18050241
0.75862855,0.22904131
0.11481782,0.7048672
0.11501936,0.79691917
0.107935116,0.8827742
0.7444166,0.19707136
0.7772151,0.19995034
0.78885627,0.18866032
0.11295342,0.6670752
0.106488556,0.7839325
0.10321117,0.73325163
0.11666248,0.8299529
0.115734234,0.77353805
0.75813127,0.2131917
0.097757995,0.8907783
0.11241991,0.79264
0.108868904,0.8124339
0.11509306,0.6016406
0.7549279,0.101731874
0.78073895,0.20486398
0.11861646,0.74181485
0.10147858,0.8355058
0.107519716,0.8461918
0.10345277,0.63318115
0.10809241,0.7786584
0.77174187,0.19424686
0.098337196,0.8298632
0.76983184,0.2592249
0.09946969,0.6538194
0.7654455,0.13618347
0.7634155,0.16186036
0.114911,0.79833543
0.114092015,0.6552212
0.7614451,0.1689032
0.76212186,0.10706847
0.11460677,0.80242395
0.7927101,0.11713128
0.7463719,0.13698453
0.106502526,0.87911177
0.7642242,0.2589221
0.10491293,0.8820084
0.7630012,0.26064917
0.77261686,0.19642732
0.76650333,0.13207889
0.7614285,0.17503124
0.1047691,0.8191131
0.77215487,0.18585184
0.10534108,0.64350826
0.10014352,0.9076196
0.11632843,0.6711413
0.75629586,0.109194465
0.11560365,0.73358965
0.10620308,0.87826586
0.102789894,0.78701335
0.10531582,0.857014
0.76392806,0.078784965
0.10362803,0.8725464
0.110512845,0.8321702
0.106565125,0.66761833
0.768701,0.23766382
0.7618362,0.14183728
0.7645624,0.15142748
0.7645364,0.21397033
0.7667251,0.103356406
0.10866333,0.84020954
0.79276735,0.08048159
0.10332192,0.7959595
0.10151965,0.85918003
0.09972303,0.7842994
0.10927001,0.7682127
0.114342555,0.8271124
0.10570494,0.73022527
0.7772564,0.1141033
0.11186804,0.70185363
0.7422563,0.25249767
0.10615009,0.7526947
0.75007683,0.27696657
0.75796396,0.24257746
0.105302185,0.79608446
0.7433608,0.28905603
0.11027881,0.88707423
0.11882153,0.83591914
0.7719404,0.18898395
0.061835654,0.8095389
0.7497011,0.29938638
0.74741954,0.2835256
0.087754846,0.8265436
0.76875997,0.15942517
0.769921,0.14110672
0.10740518,0.8894245
0.76450825,0.11262456
0.09953886,0.7713961
0.106374085,0.8069243
0.7740061,0.11099683
0.7612306,0.19257426
0.7676607,0.25491044
0.7683864,0.12493191
0.77476144,0.102444805
0.7575576,0.24929027
0.7733076,0.09142235
0.113447435,0.8476978
0.103717275,0.7987135
0.77340984,0.1535086
0.09555136,0.86511904
0.117644995,0.83676827
0.112351425,0.880645
0.118806876,0.7526467
0.11244229,0.82539654
0.11648768,0.82953954
0.7805003,0.14430933
0.10250528,0.79719955
0.74976486,0.26358584
0.77941346,0.20118716
0.88009584,0.18548816
0.11648748,0.8833301
0.10556488,0.77860075
0.10932254,0.8448108
0.09831917,0.8209971
0.106219955,0.56220484
0.10557026,0.77618796
0.117412485,0.79066455
0.10909699,0.7511391
0.11710736,0.8287609
0.09885641,0.8627719
0.10349632,0.7458329
0.12678313,0.7440626
0.10324178,0.8510654
0.114216626,0.7944295
0.116613775,0.8006921
0.101628646,0.81039286
0.105123356,0.8734083
0.10358609,0.8578263
0.75835633,0.16126758
0.7540179,0.22380243
0.10554493,0.76436603
0.77336323,0.11596495
0.10580092,0.8404867
0.78130907,0.13067064
0.7820104,0.4466628
0.11723132,0.90992665
0.7628537,0.33649588
0.10312985,0.8212679
0.10387286,0.81910026
0.1109406,0.8554183
0.7690785,0.13960396
0.12027519,0.73821336
0.10484623,0.8826893
0.10278983,0.90273
0.79980826,0.15070812
0.113536716,0.74705374
0.10849586,0.66185397
0.10650834,0.8744993
0.7787902,0.098683074
0.7506806,0.18594956
0.110132374,0.7414944
0.092115685,0.50795764
0.761611,0.26257008
0.10949473,0.7927072
0.09833066,0.9205662
0.7519154,0.17147458
0.10156826,0.9122657
0.10404062,0.8192861
0.114793316,0.8754766
0.79078704,0.17386971
0.117508635,0.7463632
0.1041335,0.84242845
0.76213413,0.27760583
0.1161297,0.81656575
0.11297881,0.83836555
0.75231767,0.17754494
0.76103675,0.15260181
0.7797691,0.16238585
0.117617756,0.87921596
0.11333596,0.7408184
0.11120629,0.8675446
0.7710081,0.16503252
0.10740237,0.8224086
0.7716165,0.15079625
0.10620374,0.8070605
0.7553765,0.21045531
0.7583722,0.20193213
0.76194644,0.10363677
0.7946294,0.06325259
0.11199688,0.8659906
0.78631055,0.1401727
0.11734483,0.7912237
0.10765374,0.7382149
0.10991541,0.8166971
0.75970423,0.17059983
0.76449084,0.27503446
0.11402703,0.74873596
0.10754108,0.8612275
0.7534481,0.11504374
0.7485973,0.15772213
0.121751204,0.75932586
0.78137326,0.3046493
0.11793312,0.7477843
0.12475123,0.80377614
0.77106714,0.116860524
0.772801,0.134599
0.11225723,0.6980775
0.10309875,0.8469432
0.7725469,0.19625108
0.7245334,0.24014066
0.10939059,0.75096124
0.76490265,0.22043802
0.75625396,0.18698934
0.7611638,0.22304304
0.10108771,0.7813323
0.7525285,0.09661155
0.09342875,0.8460156
0.75329727,0.2947371
0.763591,0.30451953
0.1038895,0.868602
0.76112217,0.16492519
0.10728149,0.73144287
0.10675881,0.9197219
0.7762791,0.19850364
0.10430992,0.7664039
0.7630214,0.48244578
0.75881684,0.20233266
0.09245089,0.65863854
0.76360685,0.22654523
0.76160663,0.1832276
0.0,0.42688006
0.74544346,0.24896024
0.11214519,0.79274887
0.7510824,0.18393412
0.7612969,0.24232754
0.10833292,0.77060944
0.117893495,0.5899901
0.10424002,0.8526451
0.11877267,0.84165305
0.7747673,0.18865551
0.10902204,0.8584703
0.766882,0.1384857
0.10085067,0.75347334
0.76409024,0.20566824
0.77936524,0.21450864
0.78239423,0.13258034
0.11545731,0.7649396
0.78155845,0.18880612
0.10810143,0.83097506
0.7632817,0.1423804
0.7731677,0.15485917
0.10366118,0.71529526
0.09583264,0.8431991
0.7777896,0.2684594
0.744667,0.20694831
0.7974386,0.17650518
0.7577341,0.28656158
0.77755255,0.26521996
0.8096462,0.19413951
0.77197,0.21633823
0.10531149,0.78364575
0.10583163,0.85515714
0.11346903,0.77768594
0.09676375,0.789769
0.11481663,0.7567048
0.10698726,0.810372
0.10599679,0.8129626
0.7430717,0.14113237
0.8073155,0.23511487
0.10546813,0.84667724
0.11777209,0.83502513
0.09693828,0.82908136
0.114093035,0.7261463
0.11429115,0.7932984
0.92286444,0.28898233
0.749126,0.19220097
0.7766884,0.10808581
0.74575675,0.31001794
0.7605615,0.13573168
0.10926773,0.8026691
0.1074792,0.8133567
0.75401986,0.15617931
0.120718166,0.6866401
0.7729378,0.17967573
0.10309056,0.69205356
0.12151324,0.76511425
0.7653093,0.10466051
0.10757307,0.6484091
0.110826485,0.8034109
0.10492069,0.7705245
0.7677542,0.20848794
0.7652241,0.23034221
0.77191544,0.2005287
0.107259534,0.77702266
0.11441701,0.80598867
0.7664216,0.10463488
0.10229915,0.72254956
0.0974924,0.87877697
0.7810455,0.13465026
0.792531,0.17428146
0.7706899,0.14198628
0.7551019,0.14832741
0.7586137,0.23459098
0.109832965,0.8693646
0.7690694,0.12441603
0.7703431,0.1127271
0.7966339,0.117602296
0.76281375,0.12832837
0.10412786,0.9054712
0.78916216,0.123206444
0.10593943,0.7636211
0.09927488,0.7536047
0.10227973,0.8257778
0.76650876,0.12281874
0.8022872,0.16083662
0.78294563,0.104119
0.75321686,0.26276073
0.10257759,0.67316157
0.10380837,0.79198146
0.09775832,0.8602887
0.77271485,0.05698997
0.11291293,0.8387292
0.75832844,0.12642667
0.7776064,0.09445993
0.11619771,0.7932039
0.74992126,0.22372232
0.11276165,0.907791
0.78806525,0.24164504
0.8829732,0.39561185
0.90958124,0.49859977
0.08999866,0.86307317
0.7698527,0.14332084
0.10374161,0.8768865
0.11078924,0.8138902
0.09471719,0.918163
0.099084005,0.69355315
0.101607285,0.5996363
0.7580939,0.15828927
0.77450657,0.27999616
0.1058166,0.70346856
0.76390177,0.19097696
0.76255,0.18142843
0.7792463,0.34149122
0.7844429,0.22956839
0.103524946,0.8676295
0.7570793,0.12635137
0.10916719,0.8704556
0.108321525,0.7677433
0.791832,0.07744721
0.76556724,0.16421224
0.10707173,0.8236663
0.7474871,0.108258836
0.100431934,0.7465763
0.7779299,0.12894358
0.77973306,0.18960395
0.09502851,0.77764106
0.7725381,0.20347175
0.11171305,0.75417346
0.097930215,0.89167064
0.7612548,0.17471562
0.10436311,0.8927681
0.11105223,0.8896072
0.050034765,0.733689
0.76721245,0.19129738
0.75234836,0.16923644
0.106515996,0.8133038
0.096378095,0.8063043
0.109669626,0.79423887
0.11448942,0.80645806
0.7531211,0.25569388
0.757545,0.14479317
0.11623625,0.7297126
0.109453686,0.7869733
0.7596637,0.2937502
0.105101004,0.701067
0.7704118,0.14188215
0.10465658,0.8604345
0.7457488,0.17299818
0.10068096,0.86104006
0.11186616,0.79682624
0.7676269,0.22452658
0.09744835,0.81819504
0.10260051,0.7085985
0.11046642,0.69089204
0.11113775,0.73744273
0.7810773,0.12324009
0.75856066,0.09376462
0.76253986,0.19256304
0.7584175,0.15069531
0.7607166,0.28394374
0.10689821,0.82707393
0.09599258,0.66095835
0.1102841,0.8465747
0.106382005,0.85445386
0.77969223,0.27500722
0.7583518,0.27212182
0.09925398,0.80842066
0.7990202,0.16145504
0.11177038,0.80034447
0.09597597,0.7491461
0.11554854,0.75963664
0.11396859,0.8127399
0.09883016,0.8161412
0.11557407,0.73996603
0.7700471,0.14046909
0.76557636,0.12978628
0.76294386,0.24802941
0.11003022,0.60987216
0.110903285,0.8525073
0.7622996,0.2651751
0.7570831,0.12418373
0.7558439,0.10791598
0.10781338,0.74608284
0.11076038,0.66817904
0.76474875,0.10940114
0.10492436,0.7245057
0.77458173,0.15766124
0.7828068,0.100360475
0.75475943,0.22336987
0.114414036,0.7947579
0.10248827,0.830025
0.10964876,0.8404883
0.7525315,0.24920696
0.121213965,0.83798903
0.74376243,0.23730174
0.7775408,0.27433434
0.10514409,0.8086241
0.10903241,0.6092874
0.11121623,0.8764331
0.7545918,0.23921305
0.7479844,0.26565734
0.106274895,0.7328399
0.75789607,0.19825211
0.7797612,0.10177032
0.101744674,0.79126376
0.77150667,0.13667692
0.11214097,0.81667626
0.113044776,0.85546315
0.7594775,0.2663879
0.7534737,0.19488609
0.11351185,0.8618043
0.7687212,0.13027331
0.7710563,0.09505431
0.10197339,0.7972732
0.09817551,0.80306643
0.108584784,0.82952356
0.09277278,0.7799433
0.10788228,0.8553382
0.081615746,0.7512705
0.7713746,0.099948734
0.7665801,0.23219745
0.78073865,0.036207505
0.76026744,0.17359896
0.76012504,0.18979141
0.76869494,0.16693261
0.76229143,0.15069851
0.10890087,0.85964626
0.11416561,0.776542
0.10930289,0.7137989
0.110378824,0.7608014
0.7698742,0.13876607
0.0968948,0.8776715
0.10989045,0.77413565
0.11560378,0.7574049
0.7594854,0.1255295
0.7554442,0.23444039
0.11000314,0.83857703
0.78115165,0.113364734
0.7729254,0.16370277
0.10872167,0.7191083
0.1049892,0.77208817
0.79245526,0.15744336
0.11280093,0.80743057
0.10757835,0.8380756
0.091388,0.86503893
0.7792226,0.18386523
0.11524639,0.79688394
0.105254106,0.66917074
0.10562157,0.8964465
0.76113224,0.29654747
0.11724089,0.72602296
0.75227636,0.14541318
0.75853395,0.19468904
0.7688203,0.23073472
0.10878108,0.70478547
0.79009944,0.20544074
0.08840755,0.90079784
0.7664114,0.22929925
0.10934922,0.78198594
0.10719485,0.8363725
0.1097566,0.75252974
0.11011768,0.6782258
0.063142546,0.79685986
0.10694956,0.84103304
0.7770033,0.15727834
0.052563097,0.62289083
0.11271252,0.8299689
0.10868611,0.84195423
0.76393294,0.26164567
0.7603386,0.15064244
0.76581687,0.20559134
0.10475817,0.808709
0.76322806,0.15088116
0.7524418,0.25347656
0.113858774,0.7890112
0.76157653,0.18700054
0.11392045,0.7926752
0.76051545,0.251977
0.77229327,0.17011279
0.10594138,0.7952321
0.107827246,0.8013682
0.7667324,0.035529815
0.10859967,0.8173363
0.7962346,0.07877856
0.7740586,0.07853984
0.09741338,0.8880836
0.77869207,0.14957385
0.7821723,0.22508411
0.7659477,0.0798744
0.7648041,0.11569739
0.76182836,0.0987792
0.10501238,0.76976997
0.80826366,0.25102696
0.108570516,0.8517094
0.74808544,0.34059244
0.78258175,0.27562562
0.109635815,0.79041785
0.77826744,0.28319076
0.7555281,0.27390495
0.111833766,0.82162195
0.7666882,0.110851035
0.7868977,0.23593354
0.75864965,0.21948637
0.10713832,0.74173313
0.108130254,0.7598705
0.7683773,0.26122594
0.7783979,0.20619532
0.76137143,0.13778237
0.79303503,0.096384056
0.78016627,0.09689673
0.107341416,0.7084431
0.7703719,0.18987311
0.08210914,0.80569065
0.11153092,0.84913164
0.7925435,0.25623217
0.0993986,0.8705806
0.09726061,0.8407671
0.115935616,0.66108656
0.7569097,0.14966355
0.75916725,0.24492294
0.0937376,0.7317729
0.7820359,0.16313083
0.11145003,0.78915054
0.12275324,0.7322311
0.11597715,0.77509373
0.7698628,0.1894838
0.10846414,0.7419655
0.11173987,0.8645279
0.10998515,0.90901184
0.10830895,0.87897724
0.108254865,0.721795
0.11291624,0.82117337
0.7766443,0.049210165
0.768264,0.16993816
0.74534965,0.23939408
0.7614876,0.14629914
0.7632264,0.3235429
0.12137239,0.615228
0.112371966,0.8628729
0.10488001,0.691903
0.10236575,0.86167294
0.7658979,0.14161299
0.76513296,0.13500753
0.75193536,0.2827886
0.1064004,0.87750167
0.120219685,0.8532074
0.7597823,0.23606652
0.75168216,0.1926848
0.115019165,0.8031273
0.77881503,0.18095902
0.7724383,0.19439104
0.10803321,0.84688073
0.76907283,0.17169406
0.7677912,0.10878753
0.7482245,0.3179067
0.7573947,0.1426031
0.75785446,0.21672595
0.75688726,0.1967942
0.10655228,0.87113976
0.76310855,0.29883847
0.783791,0.16282643
0.76386917,0.18701176
0.10426888,0.85378414
0.10701691,0.772588
0.75958896,0.13695729
0.10586376,0.7780736
0.781651,0.07132077
0.7771981,0.15581883
0.7620631,0.17572975
0.78181267,0.17807683
0.77535766,0.077288605
0.77094245,0.18340863
0.10822627,0.80368805
0.8581891,0.1383303
0.7655449,0.1635634
0.7903739,0.097612865
0.107442714,0.81574225
0.7361516,0.27303982
0.11492721,0.72627765
0.7483345,0.08469031
0.10983594,0.7964241
0.7743597,0.125757
0.11096275,0.82090104
0.79007,0.29322472
0.767311,0.14040822
0.11721949,0.84621584
0.78534853,0.08643981
0.101532996,0.7946538
0.7533126,0.101321734
0.10760025,0.80429685
0.77067155,0.16817746
0.7665597,0.20273158
0.76985335,0.18153258
0.10505682,0.84315103
0.10265776,0.80995864
0.10034662,0.66446215
0.10319083,0.8428626
0.78002244,0.11910987
0.123863965,0.79487485
0.75640875,0.22551188
0.11904018,0.6523551
0.11432862,0.67991287
0.10495559,0.764648
0.10442215,0.8240187
0.10432402,0.8893989
0.76909477,0.2259861
0.11719942,0.7836025
0.09716301,0.7538947
0.7643326,0.17113973
0.11277571,0.86072284
0.10915563,0.82104844
0.109886885,0.83768624
0.76397586,0.23839918
0.73883957,0.37309912
0.10127988,0.8928482
0.11870881,0.7366064
0.11013482,0.6898555
0.7405133,0.2657759
0.76278406,0.12630332
0.75763535,0.14912204
0.09273078,0.6589077
0.7859245,0.20274119
0.77341574,0.117072
0.10318503,0.72016084
0.102087334,0.88740265
0.10912641,0.5871047
0.09929357,0.7672498
0.7686341,0.14845237
0.75547355,0.13069306
0.10004678,0.721936
0.11769786,0.8506793
0.110224396,0.8574514
0.11043363,0.8245426
0.11606703,0.7522125
0.7524177,0.16331667
0.11043891,0.7919078
0.77058464,0.13792336
0.114086434,0.84240925
0.7744133,0.2662165
0.7711065,0.34094492
0.123402804,0.72944665
0.77799964,0.04698965
0.12001322,0.73986673
0.7547478,0.19087602
0.7718431,0.120577395
0.7558542,0.20028357
0.7627516,0.16313404
0.76077205,0.1822407
0.81929845,0.0798023
0.7784724,0.26954725
0.11372732,0.80028516
0.08188141,0.8253084
0.10063566,0.7878064
0.11486642,0.66010284
0.12770547,0.674384
0.11330004,0.83752763
0.10779601,0.6605819
0.10463515,0.87699383
0.7562021,0.24676216
0.115805455,0.7991605
0.113960534,0.80215484
0.10713703,0.8047262
0.777806,0.20756352
0.7947253,0.39295715
0.7596827,0.31034797
0.10095425,0.8260566
0.7720295,0.17936973
0.7676307,0.08457176
0.7711317,0.28517094
0.107870035,0.75414944
0.10329217,0.77976865
0.10662535,0.8766766
0.115813114,0.84629595
0.11493685,0.79688394
0.1100805,0.7345782
0.11328964,0.75715977
0.74161017,0.27695057
0.76320654,0.087868884
0.106156826,0.8451873
0.09278229,0.86880386
0.7627731,0.13529271
0.113863595,0.8632702
0.76977414,0.16259092
0.75475854,0.21261175
0.79254466,0.12512416
0.7473522,0.3575555
0.76809204,0.18552822
0.76691765,0.1565574
0.74758065,0.1410811
0.12097326,0.8234019
0.78401554,0.242531
0.10014078,0.804574
0.107655354,0.8256737
0.10698284,0.6667468
0.104413964,0.7331779
0.7530973,0.21260534
0.099589676,0.8493656
0.77181333,0.1544939
0.7707352,0.24928226
0.785182,0.2208097
0.7601327,0.10860168
0.104823716,0.74235314
0.12049866,0.6243391
0.10591292,0.72426707
0.7544722,0.099317506
0.102522716,0.8605082
0.77053845,0.14563267
0.11002675,0.8498238
0.9124118,0.1976353
0.104802385,0.8025554
0.7661116,0.24656029
0.11156147,0.6828799
0.09316461,0.8744561
0.104998745,0.8529158
0.120318644,0.8066968
0.110530905,0.8553254
0.7455204,0.20654139
0.7494471,0.20532858
0.119498275,0.7015588
0.754781,0.18020923
0.7723308,0.22892115
0.7735856,0.28939888
0.7633094,0.6303342
0.12110778,0.6968246
0.11335531,0.84137267
0.7564221,0.16991092
0.7746488,0.3404659
0.09261944,0.8460989
0.7256907,0.37952355
0.74548465,0.21423948
0.11236721,0.8347752
0.11366717,0.6795652
0.7599478,0.27580506
0.10664546,0.8386459
0.10820603,0.8525201
0.7544233,0.07847896
0.09527226,0.78596556
0.117845945,0.9003188
0.103414334,0.89857894
0.76779276,0.22357973
0.10330379,0.8599731
0.7677986,0.17140248
0.11019511,0.7646096
0.109869055,0.69850206
0.77588063,0.109248936
0.10151847,0.84652185
0.7648865,0.17848217
0.105583034,0.71260697
0.7569472,0.2432888
0.75877726,0.21530968
0.10639878,0.85662466
0.7448193,0.20022109
0.7685449,0.15077701
0.76536596,0.23598641
0.75428915,0.2528918
0.10143067,0.8021228
0.113657594,0.66743565
0.74532694,0.34129578
0.11779553,0.73035663
0.105684996,0.8916979
0.10127192,0.52747446
0.75404996,0.28562915
0.7470539,0.3372697
0.11157246,0.8628921
0.107665755,0.82298535
0.11080977,0.7915137
0.10686278,0.6282835
0.10234821,0.6983306
0.114149034,0.8906998
0.7647218,0.27254477
0.11057828,0.86436605
0.76772106,0.6111602
0.09866616,0.8637076
0.7363649,0.16356981
0.7656647,0.11452145
0.76491255,0.18907367
0.76141566,0.23480406
0.7563232,0.15322663
0.10987397,0.6843795
0.118990324,0.7235381
0.11161446,0.7492358
0.7655367,0.33636612
0.10624611,0.8198981
0.11612613,0.8290061
0.75826,0.10385626
0.113244176,0.8157887
0.77306366,0.19872153
0.09889656,0.79919577
0.09828305,0.8884104
0.10352667,0.7183104
0.1152871,0.66311
0.1043469,0.72820663
0.77265805,0.18670096
0.7559311,0.06372681
0.7467479,0.18617867
0.11576412,0.7817681
0.10406971,0.8528165
0.77497077,0.119758725
0.7448132,0.12381044
0.10219276,0.8494072
0.7759912,0.10440418
0.1118265,0.9118684
0.1014381,0.8930661
0.75845826,0.13570124
0.09859365,0.8174501
0.7618957,0.13329649
0.100122094,0.7690746
0.7631467,0.25756192
0.7767032,0.10654779
0.76614004,0.11380371
0.7716983,0.067168124
0.78405356,0.080452755
0.7608409,0.1386427
0.77078557,0.12811528
0.7535872,0.23479445
0.7629967,0.17023936
0.114214346,0.8491269
0.75630325,0.25908393
0.78361243,0.16879906
0.76308054,0.20607838
0.77371204,0.25848633
0.7734439,0.14302926
0.7844585,0.23923708
0.09417275,0.87388414
0.10645891,0.68812203
0.80253816,0.1607517
0.10395934,0.67353487
0.7530017,0.19057323
0.10033532,0.7160338
0.76699597,0.2650918
0.09716499,0.85323304
0.10881314,0.7982842
0.77624637,0.12176135
0.76975524,0.08906886
0.75477225,0.22997212
0.11717175,0.7546605
0.7694981,0.09531065
0.088591956,0.8049633
0.10547358,0.77613026
0.11013076,0.7911868
0.110515125,0.74764013
0.7580581,0.13030055
0.104282185,0.8755215
0.7950362,0.069206
0.098522,0.8570364
0.11480081,0.6811112
0.8581904,0.18608575
0.76660454,0.10470697
0.108725734,0.8197139
0.10048219,0.68662566
0.09287233,0.796328
0.09994053,0.8025874
0.7475826,0.27732065
0.10547256,0.84691596
0.75336015,0.20146912
0.10259598,0.85444266
0.79084647,0.21190682
0.1076261,0.787933
0.763012,0.16771765
0.104829326,0.839056
0.11524672,0.86505973
0.78488195,0.233234
0.7509297,0.28378832
0.77149475,0.26607868
0.76954037,0.32207537
0.10984901,0.73906887
0.7674133,0.14558621
0.10932413,0.76635426
0.7409623,0.27699542
0.10819276,0.7969416
0.109222,0.8700375
0.768263,0.20757633
0.7622069,0.15401487
0.7862571,0.14514883
0.103867315,0.7750985
0.10982217,0.7683489
0.7684493,0.21015573
0.095033005,0.7283124
0.10484554,0.80065846
0.77321976,0.09889936
0.109501794,0.79515207
0.11974466,0.73601365
0.09631345,0.8145503
0.10094382,0.82572013
0.7441687,0.31243873
0.7647821,0.18415682
0.76043767,0.3882037
0.76208115,0.15994425
0.106742896,0.74471307
0.7529653,0.15712294
0.1084921,0.79388636
0.09947807,0.63471115
0.7587346,0.23183377
0.107430436,0.7528838
0.10753206,0.77732545
0.7466345,0.15585248
0.7798489,0.13539043
0.09080245,0.7937566
0.76888055,0.09967157
0.7617964,0.09298119
0.09774195,0.7625813
0.10982372,0.7253164
0.7652534,0.081156075
0.7812342,0.13739306
0.7682569,0.24407864
0.75659406,0.3637236
0.10940442,0.7045756
0.097671285,0.7594188
0.7399952,0.26552597
0.10893996,0.84103465
0.7634719,0.204111
0.10782282,0.89525294
0.7409049,0.22941619
0.11634075,0.66567814
0.7532512,0.19125573
0.7896413,0.18470474
0.10921599,0.83701175
0.09670766,0.8488337
0.122156434,0.792845
0.107421584,0.7724999
0.09576105,0.69094014
0.09641557,0.83172
0.101116665,0.83859783
0.10382855,0.8685283
0.77263653,0.2614342
0.72928727,0.22199045
0.761159,0.27723414
0.75944895,0.18817168
0.08940886,0.73922104
0.75371116,0.18698612
0.11408865,0.90699637
0.75063485,0.16453107
0.7692674,0.16662821
0.77350295,0.0983194
0.11176486,0.7607437
0.11623842,0.7763626
0.105769716,0.8088388
0.7624143,0.11556442
0.10806118,0.9235044
0.7701638,0.13729693
0.7838777,0.1336121
0.7566839,0.28910092
0.10909742,0.7365039
0.7731359,0.09868147
0.75679797,0.0840671
0.109428726,0.7849883
0.7725511,0.13084047
0.76175255,0.22699702
0.10118026,0.8223045
0.7717465,0.11277997
0.102834105,0.8552325
0.78644764,0.14011984
0.75178796,0.19096415
0.7744805,0.26483387
0.113549426,0.7696001
0.104148366,0.8066679
0.10151982,0.72068477
0.10551076,0.65117437
0.11583359,0.6817745
0.10778069,0.8815967
0.10078388,0.8800266
0.7712449,0.10523086
0.11432819,0.69854367
0.76891935,0.024310295
0.7827849,0.2355266
0.75392795,0.21976192
0.101740316,0.9200583
0.7587195,0.19814317
0.11072083,0.8437582
0.11727206,0.88036627
0.7635976,0.20370567
0.7602846,0.12125669
0.7492832,0.16485308
0.10488308,0.7234596
0.115667835,0.64270884
0.098112874,0.7995594
0.7665892,0.19140793
0.76053977,0.15695953
0.108112656,0.7511167
0.108564705,0.82287323
0.7948024,0.16580954
0.7608158,0.27285558
0.10202754,0.7576837
0.77115774,0.1488497
0.76513207,0.07389215
0.7591855,0.23702298
0.7660412,0.34730688
0.11340992,0.73989075
0.110214196,0.79267037
0.78898066,0.08781121
0.09166928,0.7109167
0.10311397,0.8308741
0.7334259,0.18936364
0.76758343,0.13182576
0.7691592,0.3984956
0.7753604,0.118098944
0.7574142,0.29500145
0.7496647,0.1499952
0.11915997,0.7351966
0.11688383,0.68907684
0.10058514,0.8551139
0.10704874,0.8365071
0.75073403,0.23020603
0.7575397,0.13451728
0.7873949,0.14273767
0.09928997,0.7671345
0.11270812,0.8719568
0.09683302,0.87206256
0.7447857,0.34385753
0.789622,0.07953955
0.106779516,0.7656686
0.76834035,0.24929348
0.74405724,0.28008428
0.76343584,0.17745201
0.7659892,0.100966066
0.7803711,0.16653849
0.10870926,0.89487165
0.75314194,0.24026082
0.7484395,0.15677689
0.79168946,0.38761735
0.7892708,0.14479317
0.1193382,0.71816784
0.75650007,0.14198308
0.7782429,0.14396809
0.76575834,0.2849018
0.77479106,0.10313852
0.77900124,0.19554295
0.10265624,0.7933865
0.09866606,0.8398555
0.75828326,0.16598578
0.105236016,0.76951844
0.09669045,0.8077862
0.090318345,0.7919334
0.11278912,0.76237303
0.12078139,0.88444036
0.7624156,0.1402512
0.10038944,0.8070877
0.090760455,0.8097632
0.75578105,0.13951264
0.7615835,0.14137909
0.1212695,0.78967124
0.759573,0.12422378
0.75795203,0.2691467
0.120842606,0.7721811
0.7628638,0.21993655
0.10784604,0.8012801
0.7910178,0.0903169
0.10071213,0.83663684
0.74654824,0.06819988
0.11318712,0.81732035
0.8352379,0.26842898
0.75766414,0.2493944
0.7585637,0.16616361
0.10103868,0.77145374
0.10975362,0.7625284
0.10649232,0.7820148
0.11206638,0.6925246
0.75331247,0.1664664
0.111843444,0.8258563
0.11216732,0.8558557
0.7413352,0.32535487
0.10711983,0.84425324
0.10151847,0.7435211
0.7497794,0.17387773
0.10598563,0.85269636
0.8001318,0.25577718
0.09707488,0.8747445
0.09544494,0.7641081
0.10103644,0.90503544
0.7758075,0.26933095
0.7462751,0.3095966
0.109344035,0.7568378
0.7809092,0.15143868
0.107018106,0.8317905
0.7575841,0.24836425
0.76610196,0.10253132
0.7583978,0.17417732
0.79348814,0.31275433
0.09976708,0.8830289
0.10172156,0.8455157
0.7577677,0.12201929
0.11011887,0.8536496
0.75597215,0.17930405
0.11243212,0.8990708
0.103103206,0.8585008
0.105055965,0.75456756
0.10626707,0.7584815
0.75544107,0.1767487
0.10411488,0.7991781
0.7659593,0.12797911
0.10945048,0.8944311
0.75334907,0.10078984
0.11025573,0.72518986
0.79655373,0.24905957
0.09598716,0.7965875
0.099964,0.6761864
0.11648487,0.8129866
0.75390667,0.09360441
0.11674694,0.7991877
0.098007284,0.7930052
0.76462173,0.03972572
0.10966335,0.9502996
0.8918381,0.26064596
0.7704583,0.14285143
0.11263664,0.6314813
0.11007727,0.77640104
0.7693264,0.18714795
0.76206213,0.1673796
0.7658381,0.29271844
0.75494266,0.3064933
0.11324695,0.6682912
0.10521069,0.9319283
0.10461349,0.8587251
0.089283586,0.7643196
0.1026004,0.57495594
0.75737834,0.11997981
0.76880443,0.10744176
0.10107754,0.74351627
0.105805874,0.7827678
0.1022792,0.8172803
0.7763786,0.22540773
0.76972264,0.12833637
0.7571691,0.24111794
0.7632862,0.12653081
0.102881886,0.83624434
0.11896371,0.6865039
0.10933723,0.62792146
0.7673979,0.12928803
0.7766209,0.07730302
0.7499443,0.11960492
0.11013839,0.822125
0.75729233,0.11843539
0.77062523,0.14506553
0.75219315,0.15661828
0.10473566,0.8420744
0.77421546,0.17142971
0.09407829,0.73075557
0.75051343,0.15433209
0.118733406,0.6978964
0.121861316,0.6394101
0.10705838,0.8196466
0.7585493,0.1883399
0.7669262,0.18299048
0.7585321,0.120157644
0.09666896,0.9208161
0.75466156,0.29121247
0.75571644,0.18773912
0.76221657,0.08065142
0.09684692,0.78467107
0.7534149,0.25851518
0.77253896,0.21637829
0.7268322,0.2808629
0.79111445,0.043106154
0.77326995,0.26324138
0.1110548,0.81817263
0.11779612,0.7524528
0.76934105,0.12010958
0.10703068,0.8254718
0.09425992,0.768147
0.11474643,0.6863581
0.7414654,0.1475712
0.76315546,0.15055272
0.770641,0.2969464
0.100666925,0.84584737
0.10169181,0.8717165
0.7686581,0.17609663
0.12082157,0.8249207
0.74888074,0.16497485
0.7772257,0.13759492
0.111167796,0.70905507
0.11372591,0.8471659
0.7526451,0.12592041
0.77916265,0.10673203
0.1132204,0.68815565
0.10740798,0.80474705
0.76660335,0.35706368
0.76518184,0.26754943
0.76141155,0.10219328
0.11700045,0.4952738
0.1117952,0.8371992
0.11530417,0.80972797
0.10680233,0.83565956
0.10555015,0.8596719
0.757534,0.23236567
0.11669985,0.8524384
0.1010468,0.7701176
0.74463224,0.12961806
0.7577394,0.23250505
0.7682796,0.1558012
0.82656574,0.11053382
0.10650133,0.8286824
0.11512601,0.7455189
0.770106,0.112815216
0.10824347,0.7964113
0.10949585,0.8038258
0.7848675,0.17521869
0.7701348,0.17003429
0.76539075,0.14508955
0.75508344,0.075612806
0.11065849,0.8472252
0.107404314,0.7853776
0.7660917,0.19571918
0.7788293,0.120159246
0.76214164,0.3400173
0.11240096,0.78605694
0.7716963,0.111868374
0.10570137,0.8404899
0.11828578,0.7075475
0.75290066,0.12871929
0.76038945,0.11846262
0.1112648,0.82204014
0.11425902,0.78390527
0.7621887,0.26702234
0.7821118,0.29433337
0.7614348,0.17689449
0.10452302,0.7756513
0.10416996,0.687667
0.760209,0.15803614
0.108728275,0.8481063
0.10827883,0.7145791
0.7497424,0.11438528
0.77165407,0.26274312
0.7533417,0.192539
0.11329073,0.83281904
0.786382,0.13865551
0.120351925,0.69629276
0.75934064,0.18241052
0.76693195,0.21722099
0.7349762,0.2417668
0.73692346,0.19107468
0.75972897,0.09186613
0.7653119,0.1370342
0.1006104,0.56375724
0.7947705,0.32818097
0.7637445,0.14464417
0.76115006,0.101286486
0.10734515,0.8509532
0.10437206,0.88692683
0.76727295,0.16131245
0.74841034,0.3535663
0.110429734,0.7817104
0.10548365,0.82219714
0.10113334,0.69378704
0.10636352,0.84767056
0.78223,0.10634753
0.118110225,0.69498223
0.7718493,0.23378032
0.7586066,0.22608382
0.74921596,0.24418758
0.11947417,0.66557723
0.7868585,0.11934538
0.10921071,0.85001284
0.10806111,0.75766605
0.109045155,0.7314717
0.123965,0.7484043
0.10316924,0.83518535
0.7561655,0.10555128
0.10845205,0.77910376
0.76061755,0.2554968
0.10560836,0.82353806
0.7608191,0.109657474
0.10370985,0.77649075
0.7628638,0.25486237
0.11003599,0.712804
0.10892873,0.87048125
0.7770637,0.13442597
0.7707002,0.15812105
0.12023986,0.6510045
0.10349685,0.8197347
0.7641917,0.16534333
0.8083928,0.15182158
0.76093924,0.23533435
0.77412105,0.29357237
0.10719076,0.7343635
0.1095261,0.76503253
0.10334906,0.8215258
0.7522428,0.1215707
0.11204179,0.7537505
0.76096267,0.18945818
0.108507685,0.86435485
0.76732945,0.2689657
0.10234735,0.7248358
0.76358455,0.2901519
0.10654495,0.7634416
0.75611705,0.13491942
0.10673104,0.80744976
0.76878333,0.23067224
0.11783987,0.86416256
0.09468489,0.8792896
0.76136047,0.21338236
0.7513063,0.21995258
0.09674321,0.7084046
0.117188096,0.75635713
0.10711993,0.9343843
0.09707317,0.7017943
0.107530184,0.6798023
0.109446555,0.72542053
0.76700085,0.17450094
0.08557297,0.8833782
0.10937213,0.8514723
0.7699671,0.0817841
0.76469636,0.19302444
0.11117964,0.7837883
0.10126756,0.7797158
0.11051869,0.78456056
0.112948135,0.786443
0.7695206,0.25483194
0.10881109,0.6865888
0.116268635,0.7338524
0.7786527,0.20569226
0.11938089,0.65590215
0.10848071,0.79298437
0.7696677,0.14430292
0.11221044,0.7502788
0.06572113,0.49305168
0.7674115,0.26396072
0.11841508,0.84559584
0.1097318,0.7072319
0.110397905,0.83715755
0.7744557,0.16018295
0.7541057,0.28995803
0.75054914,0.14450799
0.765201,0.16755743
0.7495397,0.25177354
0.09241724,0.8608078
0.7717338,0.31236663
0.111718565,0.88647664
0.7701907,0.11960332
0.10604826,0.75690985
0.10779773,0.6623378
0.11772368,0.8134496
0.76618516,0.12394341
0.11410505,0.7290317
0.75798905,0.18425775
0.10709302,0.62131757
0.7758981,0.08395976
0.10910363,0.6933817
0.7698543,0.14521773
0.10430619,0.8491509
0.11119375,0.7925038
0.10528079,0.76266783
0.75977993,0.11065237
0.10163208,0.73610497
0.76392317,0.18093818
0.7662877,0.07776283
0.105076104,0.76271266
0.10775144,0.7783492
0.10407417,0.7827133
0.10644547,0.7798071
0.108011946,0.77787656
0.10300442,0.73351437
0.794063,0.10452754
0.75115794,0.23128584
0.10496906,0.74865746
0.099386185,0.8023487
0.7742778,0.17504886
0.11433886,0.8261431
0.77315956,0.32510653
0.9350209,0.32047647
0.103253044,0.8873194
0.80623835,0.12952994
0.7698025,0.10882758
0.10782715,0.79049796
0.76066774,0.17061585
0.7614134,0.23798104
0.11557846,0.6945977
0.11677837,0.8454548
0.78626156,0.10392034
0.11320878,0.8237912
0.10267314,0.8564869
0.76083463,0.3517479
0.10355407,0.74454963
0.11469202,0.846501
0.10668122,0.6514499
0.08297774,0.7207648
0.757601,0.22671025
0.77435637,0.117565446
0.74748605,0.20001441
0.11024434,0.90048707
0.10740118,0.7008555
0.76038665,0.19471787
0.108179584,0.7828655
0.11827198,0.7089013
0.10987229,0.8311961
0.76405036,0.12371912
0.7665542,0.16382293
0.76978445,0.23021564
0.10535838,0.7267711
0.10846559,0.8415393
0.1067216,0.8445881
0.11375873,0.7517463
0.75826085,0.21672915
0.74663407,0.17791182
0.08725591,0.8064821
0.75400597,0.29021597
0.78512734,0.14525777
0.09987268,0.8855955
0.8176959,0.15414144
0.74234843,0.28584865
0.11115574,0.8610721
0.7686067,0.19798616
0.75823176,0.18286712
0.76658684,0.06927969
0.11364855,0.8008651
0.7722275,0.24774905
0.7849968,0.18961036
0.79942125,0.22904451
0.7639615,0.32219553
0.09635756,0.81268704
0.11621785,0.7069884
0.11062349,0.78852576
0.7546225,0.21237944
0.10214393,0.720877
0.7543425,0.21654812
0.11740033,0.76726586
0.75264895,0.15104938
0.11742833,0.80414146
0.76686764,0.14420679
0.7570785,0.1273607
0.09760499,0.78983307
0.7578297,0.12021051
0.09817937,0.7729918
0.11381179,0.8075908
0.11072601,0.8573921
0.10270623,0.8477635
0.107065946,0.7729565
0.10802103,0.8069323
0.7732466,0.23416802
0.11634356,0.67922235
0.10448208,0.799412
0.10922378,0.8608991
0.75223726,0.17084494
0.09965515,0.90851676
0.107901506,0.7019962
0.10678394,0.82094586
0.77220005,0.17565286
0.104618244,0.809132
0.76553,0.10374091
0.115924984,0.7358246
0.7733829,0.12706591
0.10784877,0.8226377
0.7381752,0.21340159
0.10671972,0.8354305
0.10385262,0.65292704
0.10922787,0.83568364
0.7675438,0.120559774
0.11428134,0.8554231
0.11287245,0.6410683
0.10117187,0.8682111
0.10850095,0.76587844
0.7618116,0.22506969
0.108322054,0.75500816
0.105608955,0.7403265
0.09782152,0.8164568
0.7519624,0.13287513
0.76163566,0.20535423
0.11174663,0.67671347
0.100147024,0.8478548
0.10170591,0.70810664
0.7739059,0.2612163
0.76785856,0.16923164
0.7593326,0.14327118
0.7559638,0.25344452
0.09194283,0.7379618
0.76179194,0.30398443
0.10694563,0.75840783
0.76334786,0.1699029
0.78047585,0.17593803
0.75623816,0.092343554
0.7544364,0.1381108
0.7534114,0.15614246
0.74315095,0.3359704
0.11724597,0.8185331
0.755823,0.19406742
0.11131043,0.7372905
0.75451356,0.18914737
0.11590266,0.8247156
0.11533528,0.6509404
0.77725035,0.2714281
0.8049547,0.12538691
0.119622156,0.86426353
0.0808839,0.76254445
0.76582146,0.15330353
0.7519219,0.15949565
0.10406519,0.8566087
0.7314707,0.46147105
0.10078784,0.87954277
0.10986938,0.77388096
0.10910422,0.86160403
0.7636099,0.2583918
0.11108957,0.72426546
0.7597044,0.1942885
0.7553744,0.15652215
0.110680975,0.71682686
0.7689954,0.1791134
0.7503584,0.07752251
0.10496916,0.6778654
0.74512434,0.17520426
0.78114456,0.19362043
0.11312082,0.7626534
0.086204804,0.8651911
0.77846634,0.10078023
0.11396806,0.82047004
0.10175768,0.74086964
0.10737869,0.84080875
0.750011,0.15529655
0.7657722,0.1557932
0.7637815,0.2194303
0.101396956,0.8476529
0.7369792,0.31322214
0.10883651,0.5607565
0.11108865,0.83412474
0.11337809,0.83115447
0.1028071,0.86801887
0.10541867,0.8499936
0.08377378,0.8278798
0.116587594,0.7137316
0.76885784,0.2964129
0.7668923,0.1540341
0.7583168,0.19262072
0.7687799,0.17915344
0.09397695,0.85810983
0.10177786,0.8722708
0.10799102,0.84651065
0.77983755,0.23014675
0.096244775,0.7201352
0.7636292,0.20266269
0.10811368,0.8035214
0.7679204,0.19824891
0.796863,0.10567785
0.76589847,0.17747124
0.112577334,0.6302797
0.77690053,0.13986991
0.7797261,0.08813483
0.7719222,0.27083534
0.7594368,0.10010414
0.7688735,0.11751578
0.7671978,0.115843184
0.77064794,0.2445929
0.7713545,0.2923147
0.7717071,0.31132847
0.76706123,0.21796598
0.10803728,0.81640553
0.7712766,0.21847384
0.7652668,0.14206639
0.104079716,0.76980036
0.7646184,0.19905636
0.78958184,0.13435227
0.7674724,0.2010606
0.11265559,0.90726876
0.7705378,0.12961166
0.7499869,0.23438431
0.761196,0.22558877
0.78374016,0.124020316
0.75070524,0.20733763
0.77144617,0.20703483
0.76428556,0.23112082
0.766877,0.14945848
0.76574075,0.11247877
0.11060051,0.811149
0.769405,0.17540933
0.7676364,0.12195681
0.11138218,0.76679164
0.10526451,0.88131946
0.7612792,0.0406998
0.099977046,0.90757155
0.75726765,0.32175174
0.7516477,0.1726377
0.10501443,0.7260053
0.7755958,0.21338236
0.7763698,0.22192957
0.10868978,0.8591993
0.11387383,0.8530552
0.760248,0.20070653
0.76642793,0.10847832
0.10984852,0.71268064
0.10492317,0.7101221
0.124046,0.79195267
0.095911056,0.7793938
0.11365102,0.7637124
0.11328763,0.8522397
0.097563684,0.8002691
0.7701327,0.17917748
0.11446555,0.71270466
0.7811246,0.096972026
0.79720694,0.08201801
0.76458925,0.19479957
0.7773378,0.1347544
0.760725,0.256567
0.76358795,0.21992694
0.11381789,0.8688311
0.104196236,0.83922267
0.110141784,0.76260054
0.107188374,0.7379714
0.09920759,0.79434776
0.75921786,0.1859848
0.11169787,0.77615434
0.1058449,0.89015347
0.108563945,0.86549073
0.78465503,0.08299689
0.76380366,0.14811593
0.11977672,0.5825499
0.098682374,0.8679836
0.7600796,0.08253388
0.74858654,0.21420424
0.11101069,0.7834679
0.77364427,0.18341343
0.7681606,0.23359607
0.75704724,0.41629016
0.10312447,0.87638503
0.7633094,0.14233394
0.77910244,0.15762441
0.7530422,0.13477363
0.105260246,0.8979461
0.7738417,0.13728091
0.7561058,0.33350155
0.0992693,0.87624246
0.118180715,0.77389216
0.1015319,0.82411486
0.11151703,0.70562977
0.7629428,0.13989234
0.800278,0.18901439
0.77768725,0.099333525
0.75190705,0.36469287
0.7722036,0.20343651
0.11476321,0.7559134
0.108677365,0.58185136
0.77454156,0.24228108
0.7510668,0.29845557
0.10638343,0.7744625
0.114181854,0.8149556
0.11046308,0.7180028
0.10343329,0.83356243
0.7636173,0.36770162
0.11310682,0.8385258
0.78695464,0.28629723
0.76286304,0.32298535
0.10389188,0.7202265
0.10946604,0.91004837
0.7690525,0.22120543
0.11615585,0.852001
0.11245279,0.7009789
0.09932137,0.7461149
0.10318872,0.67760104
0.10582248,0.77397865
0.108836845,0.8329264
0.119770676,0.80645007
0.7748283,0.16107212
0.07798286,0.74834985
0.772538,0.18855138
0.76893944,0.18232882
0.122731745,0.72136724
0.102876075,0.8295155
0.77549154,0.10335961
0.102783754,0.81703675
0.7768877,0.14409785
0.093637824,0.87441766
0.11173756,0.778998
0.7666032,0.2699814
0.7732896,0.15395239
0.7763901,0.10810503
0.10558799,0.88578457
0.7353629,0.25818515
0.77201974,0.17556794
0.104489245,0.85971993
0.10027602,0.8061617
0.111291446,0.6605114
0.10798454,0.7428498
0.76426905,0.10506905
0.10860928,0.7471739
0.7527024,0.083732255
0.101036794,0.7506761
0.08390436,0.76339835
0.7526508,0.12558717
0.7827991,0.22840367
0.11049594,0.81872696
0.11215764,0.75780064
0.107840784,0.7388782
0.11485553,0.76253
0.7696101,0.07479573
0.7638965,0.21749336
0.7761358,0.10180717
0.7618643,0.16758788
0.76080114,0.15707648
0.7547905,0.1845349
0.744948,0.22291327
0.7659267,0.23134993
0.76854664,0.1567128
0.78905433,0.13235284
0.77627873,0.16180108
0.79284614,0.16065077
0.7659345,0.099694
0.11662484,0.6320036
0.7382156,0.21724182
0.122093104,0.7813932
0.10869988,0.73698455
0.10961766,0.8082092
0.10955004,0.85316736
0.76557314,0.0589173
0.75333005,0.30741614
0.7803981,0.1622705
0.11120322,0.6833894
0.77556986,0.2172274
0.7906705,0.06895767
0.7745923,0.049585056
0.784556,0.14332725
0.105730526,0.86055624
0.11069385,0.6458105
0.11314875,0.84736294
0.76271737,0.07709635
0.7603711,0.18348554
0.7807672,0.055850875
0.73904186,0.26453108
0.10487985,0.9109424
0.11633487,0.73870677
0.11621376,0.82382804
0.761081,0.29997116
0.11495154,0.7503012
0.1026004,0.81656575
0.79028857,0.1435948
0.7629305,0.15409657
0.78509825,0.0909321
0.7784685,0.264483
0.76669115,0.15339485
0.10788315,0.80445385
0.11743391,0.86232334
0.11096978,0.7012849
0.754011,0.22304463
0.7507941,0.15551925
0.76321274,0.17640744
0.7800243,0.11679483
0.114307724,0.79579127
0.7711482,0.14933993
0.7576258,0.26092634
0.7794452,0.10954532
0.109158866,0.76419944
0.115794726,0.748329
0.76681185,0.13197155
0.10886388,0.8807716
0.08098117,0.7764283
0.86217254,0.29951137
0.7538883,0.23691082
0.7441626,0.14261591
0.111945234,0.5770579
0.1159932,0.7020603
0.763287,0.0869653
0.78217787,0.11850428
0.09547324,0.8113429
0.10782418,0.7344676
0.11256106,0.8979445
0.0963256,0.82115895
0.10112393,0.8491829
0.78039277,0.095047906
0.7680889,0.26874298
0.7549429,0.18333013
0.7754563,0.18528469
0.10584176,0.7937598
0.76046884,0.13494985
0.12441118,0.57978946
0.10399595,0.79004294
0.76516676,0.12448493
0.10955472,0.89006054
0.10815228,0.61522317
0.11154281,0.8028822
0.106853604,0.78237045
0.10622874,0.6923067
0.74173856,0.3395559
0.09978878,0.90514916
0.099666215,0.8373113
0.10068826,0.6876991
0.114968315,0.8534205
0.1183565,0.7084703
0.09744594,0.85568905
0.10423312,0.7223381
0.096503004,0.8732705
0.77566695,0.17109808
0.111833766,0.798792
0.09989308,0.82421416
0.115344726,0.89788204
0.7596192,0.11737319
0.098290876,0.85445225
0.7569368,0.20180878
0.7660777,0.08354962
0.10012956,0.7860745
0.10617538,0.9475488
0.082753055,0.69705856
0.11650732,0.78891504
0.09994181,0.7358134
0.7671666,0.15673204
0.11454538,0.72008395
0.1036446,0.82382166
0.77930343,0.23967285
0.7758303,0.18249863
0.7542911,0.15588613
0.10584711,0.75940114
0.76064754,0.11998622
0.09705563,0.7927761
0.10173946,0.74454963
0.7774248,0.32559517
0.77219886,0.33461982
0.77873325,0.28753725
0.74581033,0.18130347
0.12230254,0.80329555
0.76193035,0.15193373
0.756649,0.1695937
0.75831866,0.17898522
0.77941704,0.27328816
0.12169894,0.8194063
0.116277784,0.66345924
0.75524986,0.18243136
0.1076301,0.85560256
0.100735076,0.8468198
0.1112331,0.8958121
0.10712323,0.8306947
0.111252256,0.7749736
0.7308086,0.22238457
0.76328355,0.2352126
0.7642172,0.21153353
0.7694149,0.1502355
0.85289407,0.111065716
0.7660449,0.2197427
0.110877134,0.71282
0.76156545,0.12194719
0.7637701,0.20146433
0.10556567,0.89122367
0.7704032,0.14826813
0.737452,0.20510109
0.11419539,0.8015893
0.09738582,0.8491829
0.75485086,0.27931365
0.10249092,0.7112884
0.1005198,0.858411
0.7744441,0.2058749
0.7744388,0.13134192
0.7744315,0.18179211
0.7664241,0.16603063
0.04603131,0.73648626
0.75620234,0.25628504
0.107567295,0.6348425
0.7749968,0.09879362
0.7557447,0.31633022
0.75658983,0.16631581
0.76754767,0.20406774
0.10419733,0.8699718
0.79271305,0.21140376
0.11209943,0.8269089
0.11275438,0.7504966
0.78572905,0.19358358
0.10295347,0.6204556
0.76866645,0.060258258
0.10962429,0.86505175
0.04784434,0.78472877
0.11178886,0.794375
0.75907785,0.08774232
0.10848566,0.7880579
0.10671896,0.8954388
0.104637526,0.63461024
0.76163095,0.25677368
0.116608724,0.8539396
0.112497106,0.7759268
0.78479105,0.15167901
0.7640346,0.14384313
0.103303954,0.80970556
0.109478846,0.79615176
0.11172356,0.67825145
0.11126133,0.68468714
0.77722913,0.23563875
0.7707734,0.1212663
0.11286717,0.72266495
0.10492145,0.8899981
0.100218475,0.7414256
0.10590489,0.6967093
0.7702422,0.079720594
0.10220244,0.8298792
0.116384,0.83833027
0.7609601,0.2367346
0.10264818,0.7744593
0.105939865,0.8100804
0.10755111,0.81862766
0.7519182,0.11117626
0.76890403,0.105947
0.7664742,0.19164504
0.10946065,0.79798937
0.11048475,0.6605226
0.7854113,0.074060366
0.110669844,0.79401934
0.7680302,0.120317854
0.7767238,0.17820661
0.05860651,0.7417988
0.11698612,0.5116152
0.11744157,0.8202842
0.7711058,0.10900221
0.74329805,0.11976193
0.10637134,0.819214
0.77575886,0.27169245
0.103777796,0.93876445
0.7489431,0.20817553
0.09872671,0.85453874
0.7545896,0.17257681
0.10544039,0.7222564
0.11867731,0.79514885
0.10771858,0.78319234
0.7611746,0.21953122
0.114466965,0.72245663
0.7607088,0.18519817
0.09858586,0.9032122
0.75302523,0.26131245
0.11517858,0.860787
0.10768421,0.87522507
0.7703349,0.09819924
0.84675926,0.36039123
0.7651913,0.15491045
0.7607821,0.20355347
0.75850713,0.075657666
0.099297106,0.8390336
0.107663445,0.815244
0.7775783,0.1338428
0.7696418,0.15657343
0.09569931,0.7636515
0.11019085,0.77434397
0.7544079,0.18477201
0.118928775,0.6745987
0.7633208,0.13273574
0.76662606,0.09638085
0.76935744,0.17287321
0.10706535,0.92647314
0.7610045,0.19837546
0.09655141,0.6029927
0.7706109,0.13755487
0.11339384,0.7177673
0.7675495,0.1708129
0.110302255,0.85831654
0.10417088,0.8939777
0.110000335,0.8532891
0.7756289,0.16474575
0.12065761,0.80352783
0.10878441,0.73433304
0.100322284,0.77089304
0.7572856,0.20176232
0.773627,0.15551284
0.11188158,0.78970647
0.7650927,0.17053093
0.11023849,0.77665895
0.10174715,0.87304306
0.110629864,0.7182848
0.09824779,0.88289434
0.7581871,0.19647378
0.77687514,0.013464065
0.08208573,0.89348745
0.113076374,0.77411485
0.10978965,0.86457914
0.7595365,0.122520745
0.74939585,0.25931942
0.1164402,0.6838027
0.75396955,0.15242238
0.75486,0.17116056
0.7762743,0.13920343
0.7769111,0.23464866
0.10330412,0.7380691
0.09811509,0.64483804
0.7618717,0.21503572
0.10251363,0.7950319
0.11173597,0.70298314
0.76755464,0.13408953
0.7655935,0.17572175
0.7643647,0.24309334
0.10139841,0.69979334
0.76347244,0.06506777
0.09587183,0.83750844
0.7589558,0.16040726
0.10739725,0.7100756
0.10447283,0.8243776
0.74602246,0.1275209
0.76026213,0.16062194
0.11047913,0.8420712
0.768264,0.15710853
0.093199804,0.6978179
0.783562,0.23352718
0.76076204,0.24533948
0.10677083,0.89142555
0.78304493,0.15286295
0.09875646,0.8199718
0.11256955,0.74280494
0.74338907,0.27769232
0.7927541,0.07737191
0.107906096,0.7945945
0.7572694,0.27522188
0.78432935,0.14624788
0.76256335,0.10147233
0.7853431,0.21694063
0.7785438,0.120284215
0.76520866,0.1861306
0.104394086,0.8572047
0.09109615,0.81603867
0.103399545,0.7641866
0.768138,0.15057836
0.116764836,0.7938832
0.8950316,0.27663335
0.76969063,0.1573248
0.7708434,0.27371913
0.7483176,0.13056971
0.11788834,0.6263546
0.76723546,0.19147682
0.74699056,0.34175238
0.10648209,0.7010478
0.7736588,0.18270211
0.110023946,0.78525907
0.11126813,0.8899692
0.7755402,0.21878785
0.7621583,0.20641482
0.781623,0.07515941
0.10632277,0.8611362
0.100027926,0.83303374
0.10557494,0.9642203
0.11688578,0.77971417
0.7738268,0.16142298
0.751369,0.15706687
0.76883626,0.32025698
0.10833939,0.8891698
0.10867169,0.7640809
0.7540517,0.07426223
0.10935718,0.85847515
0.108341604,0.84914285
0.75967294,0.13450767
0.107013576,0.8323753
0.10910535,0.8325563
0.77406836,0.2436749
0.08625747,0.7838428
0.115398906,0.74876475
0.11368589,0.7697171
0.11167254,0.74925023
0.75431925,0.20908391
0.10751846,0.77106124
0.09847191,0.731446
0.11101205,0.8269442
0.105413385,0.693425
0.77839506,0.21306194
0.7794352,0.056983564
0.8075733,0.29079112
0.7649218,0.18715115
0.76306087,0.13611779
0.7675124,0.12512095
0.7485194,0.14942324
0.11001493,0.79647857
0.11955635,0.7319844
0.11717142,0.7406277
0.110004,0.82986957
0.77239364,0.14257425
0.7764203,0.09487327
0.7614039,0.16975552
0.09781568,0.8294915
0.11891874,0.7870374
0.10946713,0.83835274
0.1228517,0.7165305
0.11468898,0.8381028
0.10996798,0.8498622
0.7654869,0.16067481
0.114517815,0.64247495
0.79276663,0.18934281
0.7798044,0.26600018
0.10859644,0.82123744
0.73052466,0.1580009
0.76624304,0.10272037
0.7546345,0.20097408
0.7971993,0.17231247
0.11264476,0.68775356
0.7942027,0.09933993
0.7628198,0.15206671
0.11342855,0.8792207
0.098678775,0.81763595
0.11376305,0.76856357
0.76671284,0.119749114
0.117803946,0.66457754
0.09763143,0.88196516
0.770174,0.30409658
0.10460801,0.9687718
0.7643626,0.1816287
0.75889397,0.15431125
0.09636143,0.6558845
0.111168124,0.744186
0.7693671,0.25420713
0.7723741,0.2032026
0.76084983,0.28252587
0.10123606,0.8311689
0.7938075,0.12371431
0.7489204,0.2522093
0.113386415,0.7101061
0.11387221,0.80430484
0.102748886,0.8182832
0.7634226,0.23341183
0.094948314,0.75863695
0.11253666,0.76369476
0.10437318,0.81094074
0.77339727,0.25320742
0.11962183,0.7493688
0.112037025,0.81656253
0.75104386,0.21110417
0.10482787,0.81665707
0.10151658,0.82535964
0.10657748,0.9618908
0.10118376,0.87976545
0.7689792,0.12091384
0.7568384,0.28091896
0.1087888,0.7524448
0.7689096,0.17307347
0.75945187,0.15746419
0.09878024,0.77990484
0.11507919,0.79014224
0.11334967,0.7447643
0.7577516,0.25504342
0.106010586,0.6004806
0.09964452,0.76558524
0.77192956,0.28031498
0.75238043,0.24617258
0.10998386,0.8480951
0.108832255,0.89532024
0.12043741,0.7968791
0.7679102,0.21130122
0.109345555,0.89336246
0.7655536,0.31643918
0.7544455,0.25115833
0.10828342,0.8146432
0.76072335,0.11441892
0.74973595,0.19463456
0.11068401,0.76783943
0.106587544,0.8646208
0.76270956,0.15918645
0.118661195,0.74018234
0.103332415,0.7567673
0.76699865,0.1527508
0.7597836,0.23491782
0.10482738,0.8106588
0.1030098,0.8182191
0.09312201,0.6609103
0.11475442,0.5741196
0.10438342,0.55195296
0.10178195,0.8905556
0.10964635,0.72914225
0.11707151,0.724259
0.7566868,0.14330001
0.09929684,0.79393446
0.111713216,0.7752155
0.7712125,0.24806146
0.774814,0.19028325
0.111560114,0.77554715
0.098195784,0.7055673
0.7549659,0.0862043
0.76294595,0.2055593
0.77572584,0.19364606
0.11514698,0.77200806
0.75607383,0.10225576
0.7628498,0.19407062
0.7441372,0.18508443
0.789103,0.32563043
0.75148445,0.15151078
0.79271644,0.1035807
0.10506904,0.693598
0.11325857,0.8120863
0.1147047,0.68417126
0.11239349,0.7740411
0.11236655,0.87768275
0.102313936,0.7839662
0.10073217,0.9027989
0.7732759,0.23141241
0.7761721,0.1839213
0.7904969,0.1451985
0.7927916,0.15107982
0.10457978,0.7542055
0.106714174,0.8990772
0.76389134,0.17053413
0.114859685,0.8257714
0.76396793,0.15294147
0.10025958,0.74891216
0.7800219,0.16252524
0.7587055,0.2587635
0.10689412,0.81581277
0.105637446,0.88351756
0.7529927,0.06637188
0.7793651,0.27056137
0.11470873,0.8036688
0.76447725,0.17491108
0.77413225,0.16798359
0.77837735,0.21602422
0.103561826,0.8271396
0.113548994,0.6754494
0.7560798,0.20818034
0.749919,0.18854016
0.7660564,0.19087282
0.76589054,0.22604217
0.106142595,0.71247876
0.75774604,0.067892276
0.7466659,0.18250825
0.112084344,0.6610673
0.75783795,0.13043512
0.11277967,0.8169534
0.09966466,0.75766283
0.11252167,0.72640264
0.094985396,0.85768205
0.10229786,0.8379618
0.10858716,0.8459707
0.11275927,0.8817777
0.76019675,0.23438111
0.1101294,0.89668846
0.7551481,0.16333911
0.10923943,0.7496411
0.11606531,0.7668765
0.7707956,0.2996315
0.10476491,0.8654827
0.7755692,0.16790189
0.11797039,0.8173123
0.12175817,0.7642843
0.7811321,0.1487119
0.78551584,0.11400237
0.7757363,0.12049569
0.11890593,0.7840559
0.103420146,0.8415906
0.7591227,0.09478676
0.114563115,0.5705662
0.10786254,0.8466292
0.109693006,0.8453315
0.0942893,0.7249175
0.11090368,0.7683521
0.7760801,0.13713032
0.7366251,0.16940947
0.1025692,0.81735075
0.12308088,0.5827582
0.11048745,0.8803887
0.10779994,0.740852
0.7724324,0.1842225
0.11027102,0.7067817
0.108381756,0.6906854
0.113059334,0.7899805
0.11024342,0.85722065
0.103917666,0.7328527
0.76026374,0.18198276
0.7867216,0.2911772
0.7619787,0.17312795
0.7679798,0.09011343
0.76506096,0.11560768
0.75144696,0.15414785
0.10585666,0.8565446
0.768983,0.16946714
0.8021264,0.1361258
0.7772337,0.09910763
0.10369149,0.8133263
0.09994826,0.76658016
0.096898496,0.87121505
0.7844231,0.12066872
0.10534362,0.85370725
0.7661371,0.17787978
0.107845604,0.723772
0.11274223,0.76423466
0.1031801,0.74090004
0.75500315,0.26612675
0.74338204,0.28730974
0.12151305,0.78553784
0.098293446,0.906394
0.10659266,0.7724775
0.10794704,0.7000353
0.1033343,0.7687382
0.102338046,0.83838475
0.09712454,0.8863741
0.7607208,0.03664648
0.77448016,0.12840046
0.088591956,0.8049633
0.110704385,0.8641209
0.7664186,0.06544426
0.09536758,0.8246483
0.750813,0.26604664
0.11474841,0.857171
0.10920969,0.73365855
0.10903099,0.8584815
0.10156757,0.89827615
0.7839355,0.12526675
0.09830227,0.8217181
0.10109841,0.8439697
0.7612712,0.3208866
0.7589574,0.30562177
0.77123064,0.20955013
0.114540994,0.6206591
0.74461454,0.17672306
0.76838475,0.08449646
0.7907486,0.24957544
0.7915001,0.3237031
0.10498101,0.63203245
0.7498111,0.14396328
0.75329095,0.27848697
0.7542157,0.1623474
0.099633224,0.8388221
0.11811537,0.81692463
0.7524834,0.24759685
0.10907847,0.7396905
0.7577718,0.32305586
0.74593765,0.13358165
0.7539966,0.3482489
0.74060524,0.22522189
0.7813675,0.22513698
0.11034485,0.82049567
0.8016639,0.27493513
0.1288831,0.69644654
0.11678629,0.81877345
0.7518173,0.18924028
0.11136507,0.6945801
0.7558032,0.23726329
0.7808125,0.11373482
0.11365895,0.8339998
0.77460957,0.14640649
0.10766361,0.6096286
0.76265675,0.10814669
0.10135228,0.7686533
0.7633938,0.11788106
0.7558402,0.08712551
0.11393036,0.7963024
0.76024616,0.11967381
0.113603935,0.7432632
0.7723276,0.15078023
0.104731396,0.84363806
0.7658212,0.25918645
0.10661274,0.7210901
0.7673708,0.24951936
0.76517564,0.314938
0.10737869,0.6781489
0.068612434,0.7685555
0.76738364,0.18595117
0.104093716,0.8371319
0.7410024,0.1474126
0.1198518,0.8449277
0.09793365,0.8215371
0.11630641,0.61451507
0.7707886,0.33064982
0.7634151,0.08385242
0.115724266,0.74087924
0.09018488,0.7633727
0.76079345,0.1386411
0.0988825,0.98348874
0.10351715,0.809257
0.1081079,0.659917
0.09420042,0.7388814
0.10643216,0.7682079
0.09781432,0.8620462
0.111315876,0.87078726
0.78755087,0.19648659
0.114193514,0.72792464
0.10993222,0.73013556
0.1175329,0.81563973
0.76118505,0.15607677
0.75372016,0.22325611
0.10873627,0.8443862
0.75247604,0.19343619
0.103796095,0.72490627
0.11748384,0.8094348
0.7870375,0.1691275
0.09550352,0.8392579
0.10836735,0.91718096
0.7478017,0.29467303
0.7885044,0.20330994
0.11359139,0.83638054
0.108645305,0.75880194
0.7678176,0.33147168
0.7679143,0.08060816
0.11881328,0.7406982
0.89369935,0.36907944
0.7842645,0.10996667
0.12100225,0.8150149
0.7735626,0.18271652
0.76873654,0.20117433
0.794862,0.17092185
0.7595543,0.2180621
0.7614455,0.04951296
0.10465648,0.8179996
0.78028274,0.2352158
0.11250978,0.85425997
0.76859343,0.110870264
0.11331969,0.8213224
0.8022002,0.13741548
0.78230584,0.1465683
0.10660518,0.65850073
0.10831862,0.7495386
0.8055856,0.20217726
0.7457319,0.21457914
0.7599988,0.28728092
0.7839182,0.29315582
0.7546296,0.13625076
0.104193434,0.77251595
0.7659418,0.17267135
0.7567547,0.14648019
0.10162558,0.8527444
0.7709469,0.16454548
0.7659279,0.23174885
0.9142141,0.3596158
0.101157315,0.82383287
0.7876959,0.1445208
0.7653225,0.14071903
0.09347484,0.4168301
0.11677744,0.803028
0.75425583,0.36586082
0.104376845,0.7292496
0.10801076,0.8366657
0.7658085,0.27409562
0.76246166,0.10156686
0.76166314,0.17861514
0.760622,0.1789628
0.753742,0.2659121
0.7588533,0.30127367
0.78773534,0.12679034
0.1041895,0.85834855
0.110456154,0.81117785
0.77684015,0.1279727
0.7659221,0.18538243
0.7562153,0.19322151
0.10755861,0.7031481
0.75369954,0.029018873
0.75208724,0.19654106
0.10752229,0.80713737
0.11209382,0.7160082
0.75913715,0.30972317
0.7617472,0.19126534
0.1110166,0.90448266
0.1067669,0.8002579
0.7806475,0.18696049
0.115996435,0.8080986
0.7486214,0.19005735
0.0959587,0.7929908
0.101247355,0.65955657
0.75414014,0.06170976
0.7567889,0.27300298
0.77445,0.12707873
0.112365,0.9003749
0.76079506,0.22437598
0.7583838,0.16277836
0.10784841,0.6844356
0.780453,0.120381944
0.112302825,0.8037169
0.10768269,0.6632766
0.11075437,0.7759765
0.10140158,0.6883271
0.79701704,0.10061521
0.75501543,0.24635202
0.78927493,0.14278734
0.116137356,0.702009
0.10763284,0.7052869
0.7711585,0.18927233
0.7677557,0.23091096
0.7576171,0.25606236
0.7604604,0.16032234
0.7879211,0.12152904
0.11043978,0.9174437
0.7642437,0.16055465
0.10987279,0.7541046
0.76526386,0.24539556
0.11614013,0.7696482
0.07936985,0.817221
0.11580282,0.678833
0.10459846,0.8126614
0.76615614,0.15847191
0.10919023,0.7906277
0.76695096,0.20972155
0.09870466,0.8596398
0.10415741,0.69359
0.75139475,0.2545788
0.108357914,0.82262486
0.11446802,0.7172066
0.76082224,0.16395271
0.7802842,0.09987824
0.77027416,0.21560287
0.76657915,0.13421288
0.11181693,0.7448957
0.10649173,0.85985774
0.7941995,0.32989842
0.7574231,0.12380243
0.10789385,0.8616409
0.77609736,0.10561537
0.11448763,0.84935594
0.76219845,0.1205806
0.09385162,0.8231488
0.75898826,0.17275146
0.76623565,0.07677593
0.8069106,0.09891057
0.1108595,0.816617
0.78231627,0.1551812
0.12433742,0.79485726
0.094096184,0.67124546
0.7577707,0.10520203
0.115484156,0.7540229
0.10274522,0.80795604
0.76259863,0.26926208
0.7625426,0.4183681
0.7616464,0.11220001
0.114256114,0.71579033
0.10076667,0.8738713
0.7733422,0.43428978
0.1136081,0.81002754
0.7716634,0.2723413
0.114273876,0.7129786
0.7734067,0.19152167
0.11502425,0.7799465
0.77875745,0.107855104
0.10748065,0.81388384
0.112744704,0.743747
0.7508732,0.21235861
0.7546732,0.18344548
0.10222175,0.86567336
0.7765743,0.26762632
0.7565291,0.09599315
0.115545504,0.83130187
0.10242706,0.84151685
0.7488015,0.4808709
0.7417362,0.2011375
0.73923445,0.29287225
0.090129845,0.85730076
0.749189,0.23158063
0.78628004,0.17426223
0.10452421,0.8218431
0.7658661,0.118707746
0.10839714,0.7542664
0.10823284,0.8951841
0.7646096,0.13080361
0.76334655,0.122717805
0.10265033,0.86125636
0.75728774,0.0663094
0.757487,0.18324362
0.10555474,0.7906325
0.77681875,0.09682463
0.75764817,0.25758755
0.77198184,0.20382902
0.11937281,0.70210516
0.09866375,0.87804
0.76734835,0.1422314
0.77335227,0.15178154
0.7755729,0.087931365
0.103558496,0.7875917
0.110253684,0.7540405
0.11846715,0.8256032
0.7732598,0.25424558
0.7768648,0.050978884
0.8036283,0.13690281
0.7838026,0.2170031
0.10332892,0.8529623
0.10404224,0.69272643
0.79689616,0.13228236
0.7378622,0.1964994
0.11499991,0.79487485
0.75644314,0.15309526
0.85781443,0.17275625
0.11466429,0.81032073
0.79294443,0.19963792
0.10367029,0.79521775
0.7625891,0.2621119
0.7703431,0.12851422
0.1112017,0.75408214
0.10823598,0.7976994
0.11097794,0.64986223
0.76898646,0.25871703
0.76068145,0.15006569
0.7625804,0.25432247
0.099834636,0.8249255
0.7634778,0.15288219
0.7742638,0.15453395
0.115264125,0.8266782
0.10465539,0.8826236
0.76607543,0.16369636
0.10778036,0.68252105
0.750402,0.34333524
0.75997686,0.23166074
0.11708062,0.8029623
0.109418355,0.8617802
0.10386457,0.8177593
0.7708587,0.1543465
0.10194655,0.82867765
0.7636292,0.11508059
0.09626831,0.7899596
0.75824815,0.21554519
0.7873988,0.16718575
0.7765022,0.13058253
0.116363466,0.6874075
0.75900495,0.14186934
0.7752495,0.13739787
0.762015,0.1650149
0.7805946,0.17310551
0.8583624,0.18707904
0.7624712,0.1461181
0.11459039,0.672564
0.75084233,0.19437982
0.114484236,0.7359656
0.7685691,0.20309366
0.78493935,0.17361018
0.10295281,0.96247077
0.75406754,0.30331954
0.108282074,0.5960076
0.11145997,0.7669903
0.1021258,0.87557757
0.76446664,0.12542215
0.78078014,0.19279695
0.76206136,0.2060944
0.77805007,0.17944823
0.110748425,0.74356115
0.109447576,0.79185814
0.785144,0.13727932
0.1056248,0.8451504
0.10052495,0.82109326
0.09548555,0.6472652
0.11113828,0.89007336
0.11467848,0.82146174
0.74349153,0.18648146
0.10796302,0.9036624
0.11138541,0.80399084
0.7641234,0.25118396
0.09884155,0.76719373
0.739691,0.13046877
0.11318269,0.7462142
0.09825627,0.8541879
0.74237907,0.17373353
0.75177646,0.1259092
0.87942827,0.28042072
0.106635585,0.84683424
0.10489903,0.8666218
0.11671524,0.6039524
0.7729711,0.14256784
0.061529808,0.6805633
0.7420913,0.23646224
0.7498556,0.12551348
0.7743761,0.1168445
0.09504024,0.80316734
0.105177075,0.88670737
0.10266888,0.8192957
0.111001186,0.8985869
0.11167845,0.74716747
0.7992518,0.23118171
0.036746472,0.812828
0.76276237,0.1605915
0.1101997,0.76733476
0.765708,0.20332436
0.76607585,0.23822455
0.11551642,0.8479093
0.75836253,0.1597552
0.09841185,0.73051685
0.7731399,0.134607
0.10532606,0.87053734
0.76169235,0.10587331
0.098937206,0.8795043
0.7852499,0.15802012
0.111577086,0.87897563
0.11906679,0.7890016
0.73560643,0.22861034
0.75017875,0.09614694
0.107351616,0.82719725
0.104585655,0.88509244
0.7617663,0.17646672
0.11137099,0.8216492
0.7708092,0.2371944
0.103813924,0.77051973
0.10417448,0.7528197
0.100420974,0.7806546
0.104035735,0.7736326
0.096202575,0.85865134
0.110935345,0.7098241
0.78461725,0.14143196
0.103473604,0.91256046
0.75993526,0.15864974
0.77045786,0.16003557
0.7648164,0.10527732
0.75533104,0.25826845
0.7718445,0.13703579
0.10437249,0.8709635
0.094555035,0.83759975
0.7677353,0.25322825
0.73992544,0.111940466
0.102199,0.8008395
0.10765453,0.7755407
0.7538616,0.23219904
0.10483207,0.82998013
0.100003265,0.7978596
0.11209924,0.6792047
0.77002716,0.24014387
0.1135346,0.7237079
0.103957124,0.8599779
0.10371616,0.6608847
0.7682137,0.26413694
0.76891696,0.2534477
0.109028086,0.8201849
0.11706483,0.7136803
0.11528793,0.67932165
0.76172376,0.10468134
0.106462404,0.6726169
0.754233,0.11516229
0.115111485,0.83211416
0.10891741,0.8479365
0.11428903,0.7922122
0.08891134,0.7959595
0.76497644,0.20905188
0.78853375,0.0461133
0.09889722,0.4063908
0.10898975,0.7380403
0.76321036,0.20450832
0.76781684,0.30176392
0.7866802,0.22192316
0.09944377,0.6244192
0.7706245,0.13899997
0.11128263,0.8545131
0.76351017,0.08481047
0.7764391,0.1833125
0.75042814,0.30272198
0.7835543,0.13501394
0.75147283,0.24499664
0.116228946,0.79798454
0.05016984,0.92002946
0.77831805,0.19848761
0.74327403,0.23282868
0.7944924,0.39275208
0.76636034,0.18915378
0.11400184,0.87854147
0.76849514,0.18876125
0.77022594,0.17654362
0.10883879,0.79533947
0.11937003,0.65979046
0.108002305,0.84491813
0.11170391,0.74242365
0.10636897,0.82094425
0.74886227,0.27159473
0.12142145,0.73189783
0.7634428,0.14410587
0.09615665,0.77328813
0.11290904,0.759752
0.105008125,0.806519
0.11688284,0.701075
0.7574206,0.077899
0.75603896,0.14761928
0.10370576,0.8330514
0.76530296,0.15951328
0.76158273,0.16908585
0.115219414,0.79937196
0.77737254,0.18785127
0.09382817,0.75743693
0.111640416,0.8093819
0.773492,0.17296453
0.10918829,0.8424012
0.7574306,0.13103752
0.10137197,0.7429235
0.10915038,0.71917075
0.7641699,0.1440594
0.7569171,0.14403057
0.76871794,0.10031722
0.7773015,0.17777884
0.112836,0.8040293
0.103832975,0.8344468
0.7812354,0.09110192
0.7678744,0.24017271
0.107481845,0.81352335
0.7640715,0.09317024
0.7542281,0.28518698
0.10977463,0.6716428
0.11502256,0.7018729
0.112713635,0.7593066
0.112830095,0.84114677
0.10274948,0.8643837
0.10041325,0.84097695
0.7639098,0.23954628
0.095477894,0.8697187
0.103305675,0.8572351
0.080227956,0.6254782
0.76292324,0.24053158
0.84173816,0.05230863
0.76520205,0.13299529
0.7682593,0.15378256
0.08706189,0.83344066
0.7567557,0.14423884
0.7739199,0.20592777
0.7574647,0.18233682
0.74932265,0.37292126
0.7697332,0.22036432
0.75377065,0.26408246
0.76240516,0.19315742
0.7502901,0.19243327
0.10758773,0.7651591
0.11059932,0.83807236
0.10675805,0.8489923
0.10786713,0.7944663
0.10918733,0.8261495
0.79565233,0.21850748
0.7583443,0.11280079
0.11249889,0.6927505
0.108207315,0.7958602
0.7620101,0.19776507
0.11118754,0.72984874
0.7783474,0.10474863
0.76314384,0.16542183
0.74713224,0.23225832
0.10853608,0.7584575
0.098817974,0.8298952
0.7701936,0.17613669
0.11679065,0.80360633
0.7580523,0.10048063
0.12200449,0.75737125
0.108004026,0.67297095
0.7715109,0.1497645
0.113304794,0.6101013
0.7600035,0.18409112
0.74983275,0.11196129
0.7730465,0.23931879
0.7633104,0.15072255
0.11575484,0.8333798
0.78386694,0.14705855
0.75687593,0.21462558
0.7811799,0.16664423
0.11329377,0.9039556
0.10828752,0.82572657
0.10797741,0.8559342
0.11824745,0.7285799
0.10445306,0.9270195
0.77378124,0.34113556
0.74616534,0.21107534
0.091669545,0.8814973
0.11399946,0.80885804
0.10130622,0.8449117
0.758371,0.2983322
0.09689549,0.8428562
0.114301644,0.8301996
0.10804127,0.69415873
0.7723205,0.19340095
0.77915275,0.12416611
0.7847604,0.20010093
0.74178475,0.35072255
0.09796832,0.77285075
0.77533066,0.11721138
0.74829197,0.2130363
0.117978215,0.8465619
0.0954457,0.77456665
0.10725068,0.8448236
0.09513249,0.7487119
0.7775951,0.09506072
0.77757883,0.17441443
0.7620126,0.1703515
0.7568569,0.29518247
0.107517764,0.85258096
0.7664915,0.15318978
0.118295915,0.8407142
0.09472792,0.73960555
0.10095237,0.8988994
0.10838123,0.71359384
0.10286016,0.8196225
0.11797832,0.8158704
0.10949823,0.79532987
0.76937157,0.09424525
0.777974,0.13707584
0.7706581,0.23874523
0.11206087,0.6799545
0.10659435,0.84218013
0.11656818,0.92250633
0.7721974,0.20287737
0.7877454,0.1266702
0.7683069,0.21925086
0.76475745,0.22384408
0.7643263,0.13030055
0.7350541,0.2282002
0.11829331,0.77173734
0.11814625,0.78656316
0.76477915,0.18687397
0.11230959,0.7019273
0.105083,0.8468823
0.105620116,0.8552213
0.78977233,0.17315358
0.7528144,0.24282739
0.11004517,0.8163462
0.10695824,0.66931015
0.105825655,0.76513827
0.10432716,0.81083983
0.7850832,0.15244801
0.7630963,0.15626583
0.7718033,0.1688295
0.7561565,0.16186357
0.7718193,0.21148868
0.73662335,0.17495915
0.11195838,0.83198273
0.75843686,0.30414304
0.11633031,0.8151975
0.7591605,0.16891122
0.104122214,0.80323625
0.102656566,0.86004037
0.108592175,0.80124325
0.7668532,0.17229806
0.094132036,0.83967924
0.75527227,0.19751835
0.10872369,0.89664197
0.78097445,0.124243006
0.113071024,0.8546397
0.11272678,0.7840815
0.11030513,0.86296904
0.11318999,0.58240414
0.113675885,0.827319
0.12372014,0.6074802
0.060697123,0.7205934
0.10803576,0.8282162
0.113483585,0.7131789
0.119097896,0.80764204
0.78131914,0.16994296
0.751689,0.15504342
0.0984733,0.7343811
0.7501794,0.13973694
0.10482438,0.8159954
0.11077762,0.7372136
0.754782,0.10857285
0.10972384,0.7878064
0.11591112,0.827476
0.7613631,0.2190522
0.77088195,0.21050498
0.7619319,0.23241854
0.11414075,0.67968214
0.10895406,0.65057033
0.10312097,0.74633276
0.782937,0.25625622
0.11664313,0.7625589
0.75126153,0.22581147
0.11334045,0.810654
0.11144646,0.77719086
0.76737744,0.18201
0.077436835,0.77258164
0.105194576,0.81906503
0.10023868,0.86225927
0.766522,0.14789484
0.115459494,0.7788763
0.107726604,0.6700423
0.770446,0.15299593
0.106661804,0.82055014
0.098889425,0.82077444
0.1097077,0.8222596
0.7477341,0.3392499
0.09850728,0.84363806
0.7610893,0.20002404
0.10116871,0.80303437
0.759508,0.2083133
0.115982965,0.86521834
0.775154,0.13677625
0.10456245,0.889809
0.7487532,0.18135473
0.75330174,0.20573232
0.74708354,0.20130892
0.75438845,0.17986639
0.74397284,0.19807106
0.105730854,0.78566116
0.11327785,0.74579126
0.773073,0.21011247
0.79803056,0.10192412
0.7878306,0.11271428
0.104477786,0.89051396
0.7614905,0.19280817
0.10797127,0.7378208
0.10158487,0.8030552
0.11404995,0.6746099
0.74619126,0.107909575
0.10909461,0.7164376
0.75708646,0.17581627
0.10122252,0.78365374
0.09839056,0.7168333
0.10055328,0.8733234
0.116616055,0.70514274
0.7528218,0.121077254
0.11265579,0.74605244
0.7479791,0.29495338
0.105324104,0.7961453
0.7723597,0.13388126
0.7616085,0.11851709
0.10830868,0.6692669
0.118929505,0.68609375
0.7662182,0.19114359
0.115482144,0.8740812
0.11303272,0.7943414
0.08827323,0.75574034
0.75623405,0.13998526
0.117311284,0.8169518
0.7737465,0.1737079
0.11292452,0.8284469
0.75304526,0.14338812
0.75956625,0.17787497
0.110785834,0.69781476
0.11186464,0.7640056
0.7701627,0.13370502
0.7552463,0.18494184
0.10842943,0.7179147
0.76506233,0.1797238
0.1153264,0.7750328
0.7565719,0.16986287
0.101594605,0.8381893
0.109784134,0.87378323
0.11009315,0.8719504
0.7848082,0.17718607
0.745514,0.25155723
0.10386167,0.7417796
0.10617505,0.8102134
0.10926934,0.8039716
0.10578081,0.8596687
0.11733268,0.73450446
0.7543787,0.31367394
0.099456646,0.6795027
0.09571153,0.71450704
0.11432228,0.8342882
0.10693873,0.82414365
0.104648456,0.7973982
0.11760663,0.8180813
0.112266704,0.7235156
0.107002616,0.8794931
0.7651911,0.282614
0.109392375,0.8628809
0.7592849,0.2336089
0.10180856,0.69194305
0.7818295,0.19099939
0.7818054,0.19245891
0.7516893,0.28048
0.7776327,0.12564644
0.7665936,0.19470505
0.78496104,0.14317344
0.75546354,0.30333078
0.7784204,0.17327374
0.76363117,0.29480278
0.7708188,0.14578326
0.115072094,0.88663524
0.11953717,0.68937165
0.76902795,0.09991509
0.116812974,0.8408632
0.10798999,0.71464324
0.11130808,0.7115832
0.10614216,0.69881606
0.77740294,0.14403217
0.11165864,0.7984107
0.11058684,0.8415601
0.771404,0.096249476
0.77503127,0.21550514
0.1000336,0.8062706
0.10595825,0.75652534
0.76198846,0.31949118
0.763789,0.19221058
0.7614868,0.20202026
0.108193286,0.74326795
0.7667399,0.23225993
0.78208727,0.18154058
0.12000226,0.6888686
0.74819595,0.17518665
0.11324011,0.63115126
0.11506975,0.6327694
0.10046601,0.8919607
0.11444696,0.67303985
0.10410072,0.87380725
0.10811077,0.81276715
0.086173505,0.6980727
0.110657364,0.7073889
0.10555474,0.8673716
0.120746754,0.7816271
0.7691643,0.078687236
0.110469885,0.86926687
0.7560498,0.27726936
0.11304646,0.86851066
0.11097995,0.7331379
0.75811213,0.17460668
0.11591693,0.81498444
0.10314256,0.9198164
0.1065326,0.80901825
0.110505976,0.7657583
0.7702496,0.042662375
0.7707829,0.10446346
0.7551759,0.1761495
0.10967151,0.77349
0.76369035,0.21902336
0.74938446,0.28995803
0.7697142,0.21268705
0.10371582,0.856527
0.77561295,0.20915762
0.773033,0.0964177
0.10342252,0.69723314
0.7714715,0.13621871
0.76281863,0.111743405
0.7434481,0.36522958
0.7593994,0.11394309
0.110068254,0.61643434
0.09916625,0.7512144
0.74703187,0.27580345
0.7588001,0.26156557
0.1168312,0.67505044
0.761775,0.30803293
0.104709044,0.83945817
0.11524316,0.7935547
0.11647652,0.83533114
0.1150185,0.69418114
0.75850385,0.18033901
0.10155267,0.82203853
0.7684582,0.18172802
0.9205397,0.19580409
0.7495126,0.26626614
0.75328803,0.1335384
0.10215489,0.7513073
0.10847341,0.70166457
0.7825158,0.15471178
0.11400709,0.8573873
0.10291401,0.6982986
0.09563678,0.7348009
0.77887607,0.11647121
0.098551884,0.8507514
0.78592056,0.15977924
0.10339416,0.85896534
0.119287685,0.79625267
0.10788034,0.8679948
0.1042669,0.888593
0.09814599,0.8434057
0.10168699,0.70369124
0.11202957,0.853531
0.7690084,0.1215707
0.7678815,0.23937806
0.11270872,0.8812442
0.11098405,0.7093403
0.77673584,0.18176328
0.79185903,0.1814028
0.7654153,0.16316767
0.10021831,0.8719408
0.7696615,0.05072575
0.110667534,0.6096799
0.047562465,0.71619403
0.7773761,0.16601141
0.110914975,0.79621583
0.76780903,0.19946009
0.77593386,0.071038805
0.10454504,0.7947323
0.7782949,0.09648819
0.77122563,0.119902916
0.105378255,0.92693293
0.75650007,0.20430325
0.11600825,0.7070332
0.1145818,0.8126534
0.7492128,0.15745138
0.7746366,0.16098401
0.7730942,0.24776347
0.74045956,0.29883206
0.74935097,0.28203243
0.7762412,0.1434474
0.118754804,0.8695056
0.77483714,0.17361338
0.7341598,0.135815
0.10292956,0.61130124
0.77227783,0.14308372
0.7920569,0.11728348
0.10700047,0.69909644
0.11418829,0.7195024
0.78928113,0.07561921
0.76127183,0.16492839
0.12200673,0.6659666
0.08963031,0.8377359
0.7778127,0.18111122
0.77552116,0.21818866
0.75245863,0.19722515
0.10140122,0.8991253
0.11321386,0.78297764
0.7710065,0.11344965
0.7665888,0.23656157
0.11140899,0.7322535
0.7451907,0.121895924
0.10920741,0.8336954
0.11048881,0.9349803
0.10630524,0.6811545
0.75958496,0.05158448
0.11757516,0.7498286
0.755084,0.2549505
0.7552851,0.203962
0.75679773,0.07171169
0.10923398,0.87847894
0.10677354,0.77791345
0.120326534,0.74416035
0.097030535,0.8104201
0.7663722,0.1589974
0.762676,0.1535791
0.09756969,0.76035917
0.7505923,0.13549778
0.09319297,0.76795155
0.04712659,0.8552917
0.7545324,0.25629467
0.77154416,0.23781922
0.10707737,0.8223814
0.12270622,0.74814475
0.761955,0.104378544
0.10611472,0.7632638
0.7718762,0.3482505
0.103985816,0.8564981
0.11452871,0.8705982
0.11511756,0.7469256
0.76106805,0.08937807
0.10911961,0.86796117
0.7644603,0.13688359
0.10849226,0.8429235
0.78079534,0.19971964
0.7598865,0.22884585
0.78103846,0.3552629
0.121112995,0.79814476
0.7604144,0.25620013
0.10876935,0.7773751
0.11057505,0.833806
0.753903,0.17963248
0.75451314,0.22471882
0.10962191,0.7014579
0.75191593,0.19663559
0.7452309,0.225302
0.041832954,0.8428979
0.117317,0.72099876
0.11028664,0.7995498
0.7562507,0.22109488
0.11110585,0.7737031
0.09664799,0.8796245
0.76524746,0.074890256
0.11514041,0.8175847
0.7549103,0.1355186
0.7699997,0.10445705
0.79661185,0.0783508
0.09090854,0.7268224
0.7631683,0.21042007
0.09345444,0.8458185
0.099817306,0.8107213
0.10572967,0.9155756
0.10416857,0.8481063
0.7786226,0.16500369
0.76947564,0.20005126
0.10493297,0.87846136
0.10265838,0.83477205
0.10402748,0.70720303
0.11148219,0.8333445
0.7920008,0.18854016
0.757038,0.12707232
0.10269616,0.7577622
0.77469254,0.27177897
0.11567484,0.77026176
0.10348592,0.8870726
0.7673176,0.30951008
0.7519734,0.18830787
0.760909,0.15108302
0.77124226,0.26817906
0.7676948,0.13822456
0.10685017,0.90787435
0.7772773,0.13939568
0.11136303,0.8232497
0.08931802,0.7792143
0.114806,0.7792736
0.7479359,0.2176824
0.11842941,0.8061264
0.10096898,0.8670864
0.7717704,0.29951456
0.80828637,0.11788426
0.7946644,0.121005155
0.1006945,0.752581
0.7584555,0.113846965
0.7339856,0.30248487
0.11178734,0.72574896
0.7840405,0.27190232
0.114790745,0.864491
0.106461644,0.83838475
0.77562535,0.17540774
0.11657181,0.80920887
0.110412434,0.6958345
0.11745762,0.77917427
0.7563555,0.1066311
0.10806161,0.86990774
0.7861953,0.15040052
0.754798,0.36455348
0.75673753,0.26316446
0.75644165,0.15768369
0.7687273,0.10466372
0.11514784,0.80361754
0.115466096,0.77658206
0.74147373,0.35653818
0.09600598,0.8856291
0.7621963,0.26213753
0.11334712,0.8064116
0.7537902,0.109647855
0.11438046,0.8569884
0.76333505,0.16387421
0.78577197,0.16475375
0.7855679,0.3227931
0.7741154,0.18999968
0.114398755,0.7876526
0.7636417,0.22173572
0.76400757,0.11561409
0.7907827,0.16342722
0.75275856,0.21465443
0.11960552,0.8033981
0.098212756,0.81537217
0.7625668,0.20441379
0.102010004,0.77359414
0.7713986,0.29662117
0.11542704,0.775451
0.75023425,0.15816271
0.09923219,0.73761576
0.11082681,0.7816335
0.76028657,0.14322631
0.10243261,0.8607325
0.10358431,0.75787115
0.7702134,0.11991733
0.7525072,0.22001025
0.11023519,0.79246694
0.77026415,0.16637829
0.10600742,0.86491555
0.100001216,0.8203579
0.10807779,0.8470986
0.7541585,0.14818162
0.09101238,0.90023553
0.101207994,0.7622144
0.7601904,0.39478195
0.7436322,0.12780447
0.7691514,0.083251625
0.107515454,0.862309
0.113056034,0.83564514
0.1051253,0.817088
0.09801108,0.7745907
0.11295698,0.7124291
0.7387961,0.20164216
0.111360654,0.80651736
0.7825363,0.19261752
0.7463587,0.29613894
0.104473956,0.74301803
0.101672366,0.8386459
0.7576117,0.25926176
0.75591457,0.1879586
0.75211877,0.19909161
0.1181099,0.6891041
0.10220286,0.7216188
0.09136769,0.8496027
0.7292059,0.28795218
0.09465062,0.8512817
0.10979618,0.71680284
0.77311903,0.27327052
0.10189009,0.8358262
0.11029043,0.7464193
0.10910508,0.8055401
0.113222316,0.5429267
0.79181415,0.25519562
0.10416748,0.7927649
0.7710057,0.13464546
0.7723416,0.11568137
0.09706174,0.71732515
0.76756245,0.19130059
0.1104934,0.8798648
0.7861453,0.13594636
0.10749871,0.8155772
0.099829815,0.8409497
0.103244685,0.8433721
0.77327853,0.17978948
0.7496509,0.23393092
0.76813364,0.18806754
0.77022994,0.15229581
0.11587192,0.7171729
0.77385294,0.17929924
0.10716401,0.82549906
0.11087766,0.8777644
0.10183465,0.807328
0.11566345,0.73189944
0.79530644,0.121628374
0.10629969,0.85896695
0.75147575,0.23685795
0.099525556,0.8314669
0.7656091,0.2885017
0.10867601,0.8062466
0.09976299,0.77184784
0.7858388,0.23158063
0.110989034,0.8164632
0.10519712,0.8025233
0.10101342,0.85438496
0.110057555,0.7651991
0.75804156,0.2144766
0.76045376,0.22070716
0.10993344,0.69956744
0.104472004,0.85949564
0.7621472,0.16871256
0.7225373,0.18210292
0.7411985,0.22175014
0.09671264,0.7839197
0.10571448,0.7416851
0.7576608,0.18113044
0.100991495,0.8496908
0.09945374,0.77337146
0.7605025,0.19071741
0.106718004,0.73705983
0.7364316,0.23394373
0.09309643,0.860223
0.11427328,0.80843025
0.1062468,0.90547436
0.7734645,0.12802237
0.11945667,0.6392611
0.11861966,0.80438656
0.7396383,0.19221859
0.10825401,0.8490916
0.7584905,0.3276683
0.7569822,0.2801756
0.7686317,0.11601782
0.12017072,0.77304304
0.075545155,0.82220674
0.76314396,0.0864318
0.109243,0.7750553
0.096492015,0.8089333
0.7575123,0.25246882
0.7533501,0.17070237
0.76922905,0.12763625
0.095321454,0.85463005
0.11120051,0.86023265
0.7675669,0.14632799
0.76258093,0.19973566
0.112468906,0.8292784
0.7798534,0.03996924
0.025719563,0.6770627
0.75970757,0.26941907
0.761897,0.1416915
0.7309173,0.31630138
0.11217927,0.78026533
0.7491828,0.19635041
0.7471597,0.08787209
0.7859245,0.17753373
0.12014497,0.7483546
0.11767848,0.69629914
0.7873506,0.165236
0.7664691,0.20837419
0.11558166,0.8291855
0.7765541,0.36649203
0.105591916,0.84500307
0.11437418,0.83722645
0.7611314,0.1508443
0.10992595,0.72237015
0.787927,0.23243776
0.10108679,0.7386219
0.10528105,0.9058509
0.103912644,0.8568442
0.76610607,0.14586017
0.11535133,0.76690537
0.7461498,0.41902015
0.7488921,0.1925999
0.08960211,0.9084191
0.7801866,0.08579737
0.10722711,0.817189
0.11448618,0.634309
0.11206265,0.9243856
0.10762653,0.88990515
0.09278305,0.69422764
0.09403985,0.7477042
0.10673659,0.90340126
0.80101275,0.10804576
0.78014,0.1591496
0.10989174,0.83367616
0.75430775,0.13316351
0.77283555,0.20773335
0.10190891,0.72792786
0.7638298,0.13362491
0.78095645,0.23221186
0.75499785,0.1420744
0.7853304,0.10242078
0.76902354,0.065628506
0.7585254,0.17003909
0.7673023,0.48022205
0.771445,0.14450158
0.7674675,0.123067066
0.103696704,0.70362717
0.75369006,0.24357557
0.7759216,0.314938
0.11823269,0.78524786
0.79127914,0.1700551
0.73675203,0.26688936
0.11171187,0.6483002
0.10825367,0.6809478
0.7675466,0.25795284
0.10439824,0.8625333
0.79114443,0.28747636
0.7677241,0.1946714
0.771643,0.21185075
0.7552208,0.17894357
0.10927852,0.7128809
0.110336035,0.8430805
0.09321625,0.8340303
0.7640048,0.19257426
0.781963,0.22960684
0.11823322,0.72373676
0.7576293,0.22168285
0.11774158,0.6769217
0.10463994,0.74837226
0.10661819,0.7403922
0.10690604,0.83827263
0.76414984,0.14827774
0.103411265,0.83136916
0.10508258,0.79669327
0.111719,0.677569
0.8118115,0.09409785
0.78584474,0.14731488
0.11743045,0.7373049
0.7414056,0.0906277
0.10940162,0.81969947
0.10444827,0.8206831
0.110450804,0.8314973
0.78087205,0.16780415
0.10625716,0.65615046
0.7659707,0.23446602
0.77010125,0.14650421
0.7696489,0.20681374
0.108422466,0.82741356
0.7886901,0.23167355
0.76780707,0.23004422
0.11874269,0.8387869
0.116146564,0.8383255
0.75378263,0.17331539
0.09252277,0.85595024
0.093903385,0.89056844
0.7534164,0.2180557
0.09985055,0.7023775
0.7555824,0.21680926
0.12202773,0.8110753
0.7442037,0.12523471
0.7624116,0.24864142
0.111939065,0.7669759
0.7861801,0.29371816
0.10046482,0.85277003
0.7645528,0.13226473
0.10927757,0.8358679
0.10718402,0.69305646
0.74549705,0.26048255
0.11695403,0.78074116
0.096328504,0.7162822
0.7784809,0.119910926
0.75174516,0.17940979
0.11753138,0.8125621
0.75792074,0.15501618
0.77118546,0.11968342
0.11041125,0.8725368
0.79555905,0.11707681
0.11407138,0.7123586
0.77439934,0.061514307
0.76729643,0.2114278
0.101559706,0.8621968
0.103488624,0.8699029
0.74958944,0.1852975
0.12099479,0.8142491
0.75473344,0.16247717
0.76331156,0.20918004
0.77727956,0.16545388
0.77216583,0.1865904
0.7598094,0.23501554
0.7473635,0.13427056
0.11299132,0.89226824
0.11507457,0.8748134
0.75247496,0.19808389
0.76798993,0.119677015
0.102046095,0.93988913
0.76342106,0.09564228
0.7641349,0.20165978
0.10201909,0.8688183
0.10207502,0.70666796
0.10738959,0.7937358
0.10889611,0.801679
0.76356393,0.3414512
0.11092432,0.6431686
0.7572959,0.193896
0.08899824,0.851695
0.7718255,0.15789516
0.085813046,0.49408984
0.1125814,0.7862668
0.77822334,0.21270947
0.10234917,0.70805216
0.76049864,0.14647058
0.7874175,0.12134961
0.7497993,0.1991653
0.7780091,0.22963889
0.72485965,0.3448204
0.76844704,0.12939377
0.74338204,0.2228652
0.7701282,0.097427025
0.7871298,0.16112499
0.74802095,0.13179852
0.10673847,0.85770774
0.106990434,0.70562977
0.11077049,0.779413
0.10789794,0.8034365
0.8751887,0.14227307
0.10998624,0.7919222
0.74524903,0.17974943
0.782731,0.20361915
0.7630876,0.14060688
0.102395825,0.8538034
0.11835406,0.70017624
0.76054466,0.0794963
0.7569507,0.13226153
0.106421694,0.81794196
0.7699435,0.20413342
0.76680356,0.16047134
0.7544104,0.11016854
0.7750037,0.16160724
0.106391124,0.6669102
0.046452064,0.6985597
0.11230121,0.7013874
0.7532999,0.24728924
0.10688986,0.81186354
0.1201379,0.7399548
0.7620089,0.2219456
0.10938184,0.80798966
0.76391196,0.28851932
0.11615195,0.8608286
0.098224014,0.7778253
0.11123868,0.6852543
0.1087294,0.87878656
0.11436541,0.9728139
0.7523601,0.1721795
0.110233314,0.6648387
0.76759213,0.13122496
0.761718,0.30614728
0.09160668,0.8017655
0.109828874,0.659156
0.8084202,0.15537025
0.10689362,0.7315037
0.75347954,0.13409914
0.7540696,0.2503829
0.044905458,0.6362155
0.105367854,0.827162
0.11957722,0.64921016
0.104006715,0.8791759
0.10017479,0.72967255
0.77597153,0.13549778
0.74408484,0.28890225
0.7734521,0.23213497
0.76438344,0.20199302
0.7628562,0.19580089
0.10745018,0.7744465
0.7483755,0.35145152
0.11385983,0.799396
0.7523197,0.28004742
0.10028065,0.72914547
0.75929815,0.20240475
0.10274377,0.80632347
0.75617146,0.091452785
0.7513216,0.22838764
0.7936478,0.19333045
0.10470561,0.75628024
0.7789984,0.1203499
0.11269336,0.8277308
0.11860837,0.6032939
0.11370448,0.87259924
0.113941416,0.85917526
0.1115511,0.81346565
0.7603909,0.2711846
0.10851013,0.6330001
0.11552827,0.78283185
0.74819225,0.2057868
0.078050084,0.7961822
0.1134714,0.696634
0.7668998,0.14118844
0.7613631,0.31342882
0.78354377,0.2759108
0.7614348,0.21467365
0.10814607,0.80058956
0.8213839,0.10227819
0.9253249,0.19312538
0.11719486,0.8170079
0.75651604,0.26164567
0.76814914,0.23668814
0.11444604,0.62346756
0.79547095,0.22390497
0.7882811,0.1112804
0.77331287,0.34606043
0.108740695,0.7250873
0.7571629,0.35730398
0.77228737,0.16804928
0.1232638,0.641001
0.10400715,0.8436316
0.7677205,0.16845141
0.101952456,0.8134913
0.78260696,0.10879714
0.76760817,0.16947354
0.77034444,0.2130427
0.11242294,0.8042664
0.09341478,0.8977939
0.10948684,0.8070396
0.11356841,0.8280144
0.7548445,0.16069083
0.11779229,0.7709619
0.7503886,0.27112693
0.78964406,0.24292192
0.105958946,0.82274985
0.7762704,0.24632318
0.10653046,0.7235685
0.7667723,0.21316768
0.110915564,0.8885722
0.7610194,0.14587459
0.11957468,0.6934554
0.112973556,0.782167
0.10565191,0.8896841
0.10676033,0.66854435
0.10862407,0.8703627
0.11365185,0.78014517
0.105330676,0.78065944
0.8030526,0.32738474
0.11223216,0.8295492
0.7521221,0.14159697
0.11220331,0.7203707
0.7818206,0.21074049
0.7698377,0.09908039
0.096557684,0.84460735
0.051968407,0.863722
0.7585152,0.100983694
0.12054716,0.5173508
0.11628944,0.67996573
0.109239265,0.7885626
0.11352777,0.7378929
0.7561833,0.116208464
0.764922,0.27045244
0.74022895,0.17761223
0.09881626,0.8535214
0.10415021,0.86140215
0.83825237,0.09180365
0.7806249,0.053273093
0.111480735,0.78864753
0.7700371,0.16114743
0.09054177,0.6699013
0.7621473,0.2670111
0.7664084,0.39815438
0.7587186,0.15637636
0.113790624,0.81893206
0.7633677,0.15162453
0.09622783,0.8938415
0.10762924,0.8803326
0.73446184,0.20074338
0.7531101,0.10372809
0.74246943,0.18870838
0.7654997,0.16332948
0.7608736,0.18345028
0.77560896,0.08996924
0.10791293,0.8386299
0.09969124,0.7273094
0.7606339,0.006549393
0.7620894,0.24342337
0.76937723,0.13942933
0.110599585,0.74344903
0.76313746,0.1198164
0.7570085,0.13161428
0.783992,0.3285014
0.9346215,0.25237432
0.101753555,0.80437374
0.78483135,0.32589638
0.7663767,0.1964145
0.09532231,0.82716846
0.077599116,0.6542968
0.10088168,0.8762793
0.105350785,0.769222
0.12169187,0.72656447
0.1082751,0.87527156
0.11039953,0.7752379
0.09354907,0.89981896
0.11438614,0.74829537
0.10569464,0.84372777
0.76737756,0.10631068
0.7538693,0.29332724
0.104266465,0.7999904
0.11336406,0.6843843
0.11458656,0.693912
0.103204705,0.7788907
0.7562068,0.14896984
0.12470213,0.76534015
0.10279076,0.89842033
0.114810355,0.71931493
0.10779238,0.7956263
0.732877,0.21092314
0.74817747,0.21800122
0.1006421,0.76298183
0.7331248,0.2804111
0.76601654,0.13296805
0.1102559,0.8649893
0.11117509,0.7320533
0.7662923,0.17497517
0.7427649,0.32559037
0.092326045,0.91422826
0.8687594,0.29645774
0.7680831,0.24677977
0.10674194,0.7793121
0.085820936,0.80690825
0.10900164,0.80584764
0.7641943,0.119553655
0.76996,0.16500048
0.7619122,0.10552405
0.78818667,0.2578455
0.7547745,0.20443943
0.7501023,0.20333558
0.7695273,0.33310905
0.1142991,0.78731936
0.7569696,0.13523503
0.7680247,0.121532254
0.7755099,0.25885963
0.10597513,0.76831204
0.77319336,0.26489633
0.7702694,0.23349515
0.11426866,0.8759108
0.104324184,0.8369637
0.75753164,0.12353328
0.76915735,0.21229774
0.77334183,0.07981512
0.77658576,0.23959436
0.77034414,0.13424493
0.7744187,0.1141033
0.7835879,0.21840174
0.10864039,0.80264986
0.09611425,0.7037457
0.11155602,0.90361434
0.76509255,0.070920244
0.77518094,0.18725848
0.11662266,0.6863261
0.76495034,0.20570189
0.77406937,0.17895639
0.11786853,0.7805008
0.7716064,0.13043353
0.7572152,0.2922202
0.108117245,0.7990419
0.115906954,0.820289
0.10921325,0.73259795
0.7718062,0.246038
0.77335066,0.21442693
0.7660811,0.048115928
0.11988901,0.81399435
0.09650618,0.85641164
0.7567766,0.16294979
0.11276538,0.8691788
0.10802605,0.7631821
0.095611915,0.839644
0.111848794,0.7757009
0.77066296,0.29432696
0.09864315,0.8470313
0.10286042,0.8122769
0.11334967,0.8614086
0.11236655,0.79167706
0.10405155,0.712043
0.76216847,0.28723124
0.7493779,0.102561764
0.7667322,0.13402705
0.11895889,0.71499246
0.10954264,0.7645102
0.7584023,0.13159986
0.112592325,0.7259829
0.10876331,0.84007496
0.10103079,0.8215675
0.7675401,0.17674549
0.103710175,0.75941074
0.10314795,0.8999696
0.09099287,0.7064821
0.76948315,0.15657984
0.10523056,0.8729774
0.10123864,0.7270579
0.79511505,0.098968245
0.111081086,0.6841392
0.7521016,0.1667676
0.7684266,0.25992984
0.105019316,0.82654846
0.10955565,0.769802
0.098759234,0.67570895
0.7746538,0.20385465
0.7542062,0.3247092
0.10664972,0.8122785
0.09034792,0.825451
0.109807745,0.7642587
0.7612311,0.2015236
0.11220469,0.6747124
0.10706934,0.78540164
0.7597263,0.29703772
0.77573615,0.13896152
0.7655234,0.1757634
0.10715942,0.88296807
0.1099342,0.8086385
0.7535424,0.08786568
0.107924156,0.7567048
0.09715099,0.8632991
0.7501365,0.14841872
0.779741,0.14052837
0.09813757,0.7772614
0.7663232,0.112618156
0.7730457,0.2531369
0.75766885,0.100028835
0.7599923,0.14209042
0.7722399,0.32467237
0.11776162,0.7233234
0.10266069,0.65583324
0.12260901,0.71747893
0.77480185,0.13068826
0.111834794,0.83562595
0.7530396,0.119097054
0.7494945,0.22879137
0.78804743,0.2254574
0.7583786,0.1630251
0.110418774,0.7941411
0.092588045,0.86183155
0.10851643,0.8118988
0.78261346,0.26438206
0.09471742,0.82968694
0.094669476,0.75750107
0.7654732,0.19926944
0.11867949,0.6561761
0.10105271,0.8240107
0.120137736,0.8077478
0.7891961,0.13956231
0.09507639,0.73851293
0.12967797,0.5867218
0.048961047,0.8121776
0.10272323,0.81162965
0.7618194,0.19598994
0.7854554,0.15599346
0.7727842,0.12096671
0.7738463,0.24953379
0.7420233,0.16980518
0.7674409,0.19984299
0.7602035,0.16987248
0.76049006,0.1276699
0.7808549,0.18584864
0.11484031,0.83922744
0.773609,0.11325579
0.83474874,0.12732865
0.10746015,0.84377104
0.11104952,0.7774184
0.74537224,0.2207296
0.107305326,0.80063283
0.7483342,0.15515076
0.09441091,0.80831814
0.7541008,0.12967414
0.10325578,0.8763914
0.11530411,0.7432616
0.09968394,0.7520363
0.7504487,0.1424541
0.09625415,0.78931075
0.10161375,0.68648946
0.78699994,0.079445034
0.10917733,0.6885434
0.74332553,0.0887212
0.7720875,0.14113396
0.7541819,0.3042664
0.11239042,0.80379057
0.09827473,0.8430213
0.7618865,0.19095293
0.10136681,0.81993014
0.7674384,0.12893397
0.12188694,0.8275049
0.7797567,0.07240059
0.78362405,0.15286136
0.8083047,0.11476978
0.762305,0.06955365
0.76401764,0.2391057
0.105750896,0.821066
0.7520077,0.28160468
0.10973794,0.7302973
0.7647393,0.111894004
0.11339975,0.76519275
0.06881876,0.76596814
0.7751355,0.27779007
0.11118737,0.73234004
0.7557073,0.07516101
0.77350146,0.25398764
0.10795648,0.8304399
0.10816667,0.84171873
0.9566148,0.20401166
0.7830152,0.16093916
0.11428167,0.8902528
0.11806733,0.6846567
0.11251582,0.7191451
0.77429116,0.09557019
0.105044276,0.6725031
0.77521634,0.19255823
0.7770426,0.1507706
0.09453285,0.92417574
0.7490111,0.14087602
0.76712805,0.13237047
0.7749211,0.13997084
0.101511694,0.8901823
0.11112444,0.78633887
0.7797135,0.10498254
0.10746672,0.75535905
0.10623468,0.7356371
0.78813195,0.1632702
0.10673778,0.7127207
0.7707618,0.20771092
0.76406515,0.16708481
0.75989074,0.1668413
0.098837025,0.9193005
0.11157722,0.74684066
0.10213171,0.8039636
0.76530045,0.12188952
0.11380545,0.7311865
0.108400606,0.86488193
0.116744,0.83351916
0.10620863,0.82075685
0.7587875,0.08218463
0.112444304,0.8235189
0.75424385,0.10634272
0.11036159,0.85779744
0.10169369,0.6643132
0.11278522,0.826808
0.7644488,0.11207184
0.76741135,0.14437182
0.10360703,0.79440224
0.77877486,0.20916082
0.76636136,0.12731263
0.09581973,0.86376846
0.108548395,0.8331443
0.0975727,0.9050386
0.10884543,0.7969127
0.76573336,0.1512208
0.101228006,0.80021787
0.106060706,0.8005607
0.115044884,0.80383545
0.75378424,0.22142011
0.7705745,0.09758403
0.108022645,0.7540677
0.1089702,0.6941283
0.7644836,0.1680669
0.11609318,0.746666
0.7622568,0.20781185
0.106572986,0.7857669
0.86109775,0.15126887
0.7599142,0.09841392
0.76850295,0.07884104
0.113448195,0.872862
0.7587187,0.13006665
0.11106411,0.78409755
0.771887,0.09203435
0.10815584,0.7772213
0.09864744,0.87526995
0.1080139,0.71769685
0.11259801,0.83972895
0.11053262,0.71340317
0.7579614,0.20389952
0.11222272,0.7950767
0.7435014,0.34956902
0.7839103,0.37192157
0.102294095,0.8182576
0.773229,0.2112852
0.10381451,0.78470474
0.11300928,0.7292031
0.76213133,0.28022847
0.7485976,0.28988913
0.7657133,0.19502386
0.7707483,0.15614246
0.09877525,0.6978868
0.10421169,0.85818034
0.09446774,0.92913425
0.8583126,0.11810535
0.11183895,0.7245618
0.11467545,0.81903297
0.11427473,0.7871752
0.11432971,0.81419945
0.7722876,0.21910186
0.7512132,0.155186
0.7581005,0.15963024
0.76537585,0.18775673
0.10917178,0.8517287
0.7586769,0.18754046
0.76654166,0.36045372
0.76562256,0.115782306
0.107787326,0.75005126
0.10724966,0.83386844
0.09177289,0.9317072
0.10942073,0.75645965
0.7694833,0.10165657
0.095333435,0.83160466
0.75402975,0.113073155
0.78781736,0.145732
0.10913949,0.8211317
0.11400841,0.7918998
0.7612083,0.16230895
0.10077694,0.7641081
0.7671187,0.14896664
0.10792439,0.8322055
0.76400787,0.1316351
0.7867014,0.23592874
0.747604,0.13914256
0.7593272,0.20745458
0.7573046,0.27016726
0.76351535,0.22144093
0.11815602,0.51672596
0.773457,0.08852094
0.113817565,0.75874746
0.76731956,0.18364574
0.10796037,0.7017687
0.75943893,0.30606234
0.7808427,0.12274665
0.7424582,0.19661476
0.75605375,0.15850075
0.75191844,0.118108556
0.7561605,0.17503765
0.094732575,0.902158
0.7425982,0.16861482
0.10771366,0.7636323
0.75719064,0.22350924
0.77027375,0.09134224
0.76864475,0.2756032
0.10477782,0.8229245
0.83360535,0.16137813
0.7555647,0.21129161
0.1102559,0.7410106
0.11248555,0.8189705
0.77864796,0.16971546
0.101790175,0.7547919
0.7937131,0.13203563
0.7655049,0.2558525
0.11396443,0.80675286
0.7630136,0.2730334
0.7760159,0.3428979
0.7952693,0.20277965
0.110059865,0.85781664
0.7861502,0.19247012
0.10215657,0.8284293
0.7573881,0.24046108
0.7734883,0.19175237
0.11445429,0.8288907
0.75876284,0.16598257
0.75942093,0.27206093
0.1063066,0.8559214
0.10382376,0.6874636
0.108249746,0.85714054
0.1118726,0.7801259
0.8114815,0.17222597
0.11277165,0.78722006
0.107118316,0.7572431
0.7594286,0.3275273
0.10974022,0.69411707
0.10596294,0.76058346
0.76633775,0.148321
0.08947635,0.8405444
0.10171215,0.859289
0.091518454,0.6954036
0.11263545,0.66100323
0.7458534,0.31887117
0.7758452,0.2422234
0.7795862,0.14326477
0.75693405,0.15382262
0.11433714,0.7633631
0.7665447,0.13311224
0.76620233,0.27025858
0.10946237,0.7665353
0.77114123,0.14807588
0.77434677,0.30238393
0.9237677,0.18945175
0.7748138,0.30299753
0.75490767,0.11400237
0.83581734,0.14592585
0.108777344,0.7828511
0.11108254,0.7832564
0.10802367,0.82406676
0.7487054,0.21170495
0.11026574,0.7697042
0.76717746,0.20466693
0.7403765,0.2189032
0.76759505,0.13231279
0.11097335,0.87647796
0.11725406,0.78237367
0.10400536,0.87095547
0.76190764,0.13846166
0.09074923,0.83077157
0.11121527,0.8174741
0.77056605,0.14852446
0.75312704,0.28212854
0.10828785,0.9009917
0.11657445,0.83569646
0.7776375,0.21872216
0.7818258,0.12795188
0.7508856,0.22938736
0.7720134,0.18120253
0.1058068,0.79798615
0.11180666,0.7799577
0.117194004,0.8321526
0.10992341,0.86016697
0.10154155,0.7780512
0.78455824,0.31448942
0.7575076,0.2086177
0.77778935,0.12877375
0.112890385,0.6239338
0.10756297,0.90806335
0.8039519,0.15392995
0.7848218,0.14165145
0.762837,0.081023104
0.77445,0.12707873
0.10855266,0.7118668
0.79009086,0.13051043
0.10572515,0.83898556
0.76245785,0.22609183
0.08905101,0.81499887
0.7728591,0.107214265
0.11415224,0.8326797
0.8642165,0.221952
0.771228,0.086087346
0.7718343,0.17856067
0.7706272,0.17780769
0.09630212,0.78035504
0.7560684,0.2055673
0.11366106,0.74613893
0.764805,0.13394213
0.7977327,0.106350735
0.11088512,0.73301613
0.75046843,0.37650517
0.763287,0.12655964
0.7574757,0.13031977
0.7596296,0.12054536
0.7628258,0.18113685
0.10149757,0.79844594
0.1168586,0.7107597
0.768308,0.20924893
0.7738989,0.024845397
0.09340511,0.7465795
0.78498733,0.11948477
0.7670557,0.29684067
0.11614614,0.8127287
0.10360666,0.7924509
0.09458442,0.76594895
0.76165974,0.2134144
0.74874645,0.22476049
0.098065324,0.83111924
0.10459777,0.89919895
0.7584428,0.27051333
0.77163744,0.22060783
0.1106438,0.8241196
0.7564427,0.23114327
0.7810465,0.1281297
0.7701747,0.13609055
0.76581246,0.15520844
0.78623384,0.15370406
0.11350422,0.75676566
0.76758426,0.1200455
0.10639092,0.797419
0.12713201,0.73400784
0.7767897,0.11003076
0.10279307,0.81032073
0.10727145,0.6756657
0.75897336,0.12291647
0.113935836,0.8300106
0.76319903,0.19289148
0.10600002,0.82921755
0.7688218,0.09639687
0.75964916,0.22079688
0.11835743,0.72369987
0.10629263,0.78245056
0.10824668,0.908826
0.76020944,0.28068665
0.06672762,0.784732
0.7691942,0.16004518
0.76600677,0.10615207
0.089368805,0.83657116
0.7721228,0.12625045
0.106761456,0.8079833
0.112615705,0.8590967
0.75094175,0.22701785
0.75868917,0.14228748
0.114061736,0.9019546
0.77048707,0.09545323
0.7678251,0.24351789
0.11318659,0.727774
0.12001091,0.79493093
0.7592173,0.19465859
0.11467221,0.76860684
0.7552603,0.19893621
0.7682363,0.09670928
0.7593129,0.3151719
0.10876866,0.79853886
0.74976933,0.3569403
0.7528259,0.19504951
0.11321809,0.70190006
0.7635636,0.28127784
0.7620043,0.1904627
0.7633451,0.22345637
0.10592537,0.8965138
0.74723274,0.113518536
0.106311016,0.8458137
0.7634822,0.09569195
0.11046368,0.6585408
0.7956427,0.08271172
0.105453275,0.8351357
0.74014413,0.20281169
0.7573197,0.17174372
0.10370813,0.71328145
0.7827463,0.26665705
0.09960203,0.687651
0.76022464,0.1846759
0.10828445,0.83395815
0.8687977,0.20670961
0.10943926,0.66136533
0.11078518,0.83889425
0.092085406,0.8141738
0.7746072,0.26979077
0.10911469,0.8099042
0.10937877,0.8855042
0.10362922,0.89263994
0.110986754,0.6909097
0.7709196,0.20711173
0.09354382,0.80367845
0.10844237,0.8422218
0.7698025,0.117967576
0.7602451,0.16668428
0.7679418,0.17870967
0.7768913,0.17200166
0.7721917,0.24340095
0.7496004,0.3168445
0.109328486,0.7032122
0.7502752,0.23600884
0.75562996,0.11411932
0.108013734,0.87383926
0.10612615,0.81764877
0.1171903,0.75575954
0.77694553,0.19037457
0.10227785,0.8933593
0.7452778,0.39049152
0.8313465,0.07918549
0.099923916,0.8076196
0.76324075,0.27564165
0.7826928,0.0780464
0.09596834,0.9002756
0.7645907,0.21462399
0.09238567,0.76568776
0.111607164,0.8541062
0.7762301,0.08831106
0.10384357,0.7804127
0.7577994,0.21591048
0.76289475,0.3461902
0.7718556,0.19959307
0.76121175,0.32921913
0.09277304,0.7991605
0.8172874,0.39028645
0.75430024,0.10423756
0.097883,0.8971531
0.103757165,0.78437793
0.74869454,0.19739498
0.7658685,0.2803342
0.78854376,0.30553848
0.08884851,0.7625509
0.7605017,0.20051588
0.7777987,0.23882213
0.11481835,0.7903201
0.11405041,0.77169406
0.11202976,0.73021406
0.8074719,0.29281616
0.7542976,0.18403825
0.76524943,0.1429892
0.09926049,0.91161525
0.099226445,0.84735495
0.76907086,0.1185203
0.103152566,0.7144093
0.768194,0.093939245
0.10865534,0.8809334
0.7531512,0.31404403
0.107961334,0.7157887
0.7458913,0.21351373
0.10862305,0.72677916
0.7642371,0.17178218
0.105128475,0.85499376
0.7446279,0.15162614
0.7604831,0.14845558
0.104089096,0.88548017
0.7683319,0.23770387
0.7710259,0.21484508
0.7525186,0.19041303
0.75489956,0.21917236
0.7687845,0.14791887
0.110310905,0.71610594
0.77570313,0.13748759
0.7599998,0.28463745
0.7927492,0.314334
0.10714783,0.88891023
0.111607164,0.82671505
0.76776993,0.12129033
0.113631345,0.7928194
0.11429738,0.8160194
0.112805955,0.76277995
0.77405804,0.3214185
0.11138898,0.78951585
0.77109724,0.19884168
0.11757946,0.71724343
0.76018643,0.17129034
0.7640579,0.28699413
0.092039846,0.6550626
0.10326057,0.8256961
0.778691,0.104032494
0.10758671,0.7865119
0.116969414,0.8007722
0.74959606,0.24429972
0.1088484,0.8126694
0.7595075,0.24080072
0.7689966,0.136286
0.77387816,0.40537825
0.071279936,0.8647634
0.76453364,0.1362828
0.09804119,0.7545388
0.7576657,0.19369893
0.10588921,0.79483163
0.1199738,0.74089843
0.105421744,0.8729661
0.112273835,0.8902704
0.10658745,0.6499391
0.112724535,0.8253869
0.7661405,0.3328479
0.7720845,0.1519081
0.75578815,0.13685957
0.77649516,0.0983242
0.084978186,0.88820535
0.10819319,0.6141882
0.76489127,0.16551155
0.7836436,0.21222083
0.09950053,0.82841647
0.76727015,0.13393892
0.106526464,0.8106988
0.10367993,0.7587683
0.7561001,0.19663718
0.7695517,0.14698003
0.7649915,0.16488673
0.7635651,0.17243424
0.10718276,0.83865553
0.103573285,0.64143354
0.7725593,0.24088724
0.762494,0.15527892
0.75733304,0.2333798
0.7820145,0.069665805
0.76628554,0.06956487
0.92363113,0.11312763
0.09368418,0.8302124
0.7755116,0.24380627
0.7706321,0.15715338
0.09759657,0.8387404
0.0869107,0.8411965
0.7585312,0.24715626
0.8948892,0.2737656
0.09839597,0.8839037
0.113370635,0.91678363
0.7597312,0.14479637
0.108120315,0.65709573
0.097707346,0.88669133
0.10464129,0.75772536
0.110544346,0.82304144
0.12239281,0.8685139
0.09068012,0.8927521
0.76984984,0.09737896
0.098840795,0.7679339
0.11445303,0.78989553
0.761201,0.057883944
0.092502825,0.62991446
0.75763386,0.10134897
0.7794771,0.11949278
0.7714956,0.16362107
0.100999385,0.8475472
0.11066661,0.8515829
0.80642575,0.10582845
0.76944184,0.22846295
0.7683007,0.123957835
0.11374595,0.7534798
0.7559028,0.18782242
0.77530456,0.19498062
0.09305459,0.82696176
0.7563516,0.25395077
0.76432335,0.2377375
0.10557888,0.72400427
0.7598823,0.14020474
0.113588355,0.77268577
0.096193425,0.71292573
0.7875112,0.13329329
0.112694815,0.87305105
0.77010816,0.1665369
0.7801693,0.13633567
0.103254594,0.8381557
0.7704374,0.15939312
0.76668906,0.18380916
0.766823,0.18756609
0.76189286,0.036122594
0.75713,0.14436862
0.1064838,0.76491237
0.7643458,0.17773558
0.10176059,0.85282934
0.76357436,0.29981574
0.117701225,0.6862123
0.75981164,0.15197378
0.75345707,0.12177417
0.7529449,0.17247589
0.76903164,0.07420456
0.10257657,0.6482601
0.7756349,0.168751
0.782245,0.3702025
0.7609904,0.15599346
0.10344524,0.7570765
0.12128172,0.7380371
0.10857458,0.8371111
0.73272115,0.19484764
0.113212675,0.7580538
0.10121618,0.8756112
0.76687485,0.1963408
0.10635176,0.7228684
0.75710785,0.14179082
0.1164576,0.73479766
0.76695967,0.14818482
0.10236181,0.805492
0.7609064,0.15965106
0.1178788,0.7060736
0.11643769,0.74309653
0.10376347,0.84591305
0.09191315,0.67047644
0.77396744,0.102524914
0.111884154,0.85662466
0.76652485,0.08139639
0.74988663,0.14448397
0.7581735,0.19652665
0.7819116,0.06745811
0.09869257,0.85344774
0.117980234,0.78425777
0.7630652,0.346336
0.75704235,0.2560335
0.09558764,0.75325066
0.101914555,0.9019738
0.74639106,0.16574866
0.75545084,0.17375597
0.7704736,0.12830915
0.101008534,0.8040277
0.7610333,0.26848504
0.11065056,0.737369
0.096398406,0.90408856
0.12239232,0.839165
0.7916299,0.1016021
0.7531627,0.14660515
0.0935912,0.8476401
0.1081003,0.8285879
0.76795626,0.16866289
0.76716673,0.17631772
0.116529346,0.8024464
0.76009667,0.110094845
0.105731286,0.6783348
0.104718916,0.7671393
0.7497691,0.1404739
0.7810871,0.13983466
0.7796128,0.20568426
0.108513035,0.670563
0.75635433,0.20310968
0.7525161,0.24365248
0.10571646,0.7706287
0.11401663,0.78237206
0.80487853,0.1777404
0.107646435,0.88031495
0.09393855,0.7009004
0.7670672,0.1121952
0.7794492,0.11577109
0.1101574,0.841275
0.09890864,0.7974206
0.7598981,0.16885513
0.11846513,0.8270018
0.76985615,0.2235589
0.10664061,0.8458714
0.8002829,0.14224263
0.11726552,0.7035759
0.7662334,0.31397355
0.10118366,0.6733923
0.7934517,0.1797991
0.75574553,0.11277997
0.7699161,0.11044891
0.09399557,0.8761319
0.105126694,0.8684738
0.10974012,0.82602453
0.7567648,0.18126342
0.7589912,0.2247733
0.77526635,0.31512064
0.78590864,0.060391232
0.7538657,0.104335286
0.7871697,0.1669983
0.100063056,0.82083374
0.10348129,0.81092155
0.76229405,0.17564325
0.7742614,0.11500048
0.7617111,0.09752315
0.112863146,0.71755743
0.7597593,0.25036368
0.108283,0.8920023
0.7657274,0.089937195
0.7821451,0.10050626
0.08637155,0.7665449
0.75364095,0.039051235
0.7610131,0.2519113
0.7740851,0.06881188
0.100477405,0.82117015
0.106180005,0.6362075
0.7834674,0.11893044
0.7630598,0.1745378
0.7597572,0.39462975
0.7516082,0.20690987
0.7514345,0.14257105
0.11229233,0.8534669
0.7695633,0.3020491
0.0975167,0.90704924
0.7721847,0.15044218
0.7595641,0.24514563
0.10427518,0.82001984
0.7797868,0.06955525
0.101509914,0.75580925
0.11615452,0.864326
0.10806339,0.70431286
0.10084509,0.7932007
0.109121226,0.82048607
0.11046388,0.8201064
0.77494055,0.15217885
0.118344456,0.71836007
0.79592216,0.14492615
0.09747249,0.88038707
0.117830426,0.7079913
0.7687177,0.2224102
0.7791608,0.16757186
0.75732815,0.12968855
0.106971085,0.8644814
0.107301235,0.7751001
0.75061053,0.15942356
0.10808007,0.8068922
0.76831156,0.10013297
0.7637372,0.29454646
0.105867915,0.79821044
0.769358,0.28809798
0.7639682,0.19828095
0.09459284,0.82678074
0.10001158,0.80455315
0.09166436,0.8284677
0.7690274,0.33146527
0.11702165,0.7037858
0.09759571,0.71587044
0.7577822,0.10925855
0.10490857,0.771654
0.76034784,0.19246532
0.75923234,0.21036239
0.09996017,0.8207937
0.103952594,0.7101365
0.112235,0.6623282
0.7866448,0.09970361
0.79965186,0.19562146
0.76651275,0.24157774
0.80282295,0.09317825
0.78458226,0.25062802
0.75258815,0.18538883
0.7749062,0.11971226
0.09597838,0.5851261
0.7506746,0.17555192
0.10379011,0.8545371
0.08099424,0.8123682
0.09585826,0.7705598
0.10897819,0.86162007
0.76058555,0.16687334
0.11172223,0.90937227
0.79166466,0.13401423
0.76690394,0.17479092
0.75191027,0.09752315
0.10148416,0.8612692
0.765556,0.24170272
0.11340256,0.8324906
0.7704884,0.13988432
0.76457167,0.17669423
0.776588,0.23156781
0.7567129,0.12666059
0.7684904,0.16779774
0.11002563,0.80452275
0.10695543,0.89386714
0.7724893,0.16979878
0.76674026,0.33886218
0.112311274,0.8235349
0.11429692,0.7397898
0.78160954,0.12390016
0.7631644,0.2576837
0.10293058,0.85392195
0.7780036,0.18508282
0.7430038,0.33677787
0.107359216,0.87107724
0.11146819,0.7776539
0.10508865,0.75713897
0.1153887,0.73942935
0.11373099,0.750149
0.10156852,0.8244465
0.113708735,0.8006777
0.104758866,0.8536576
0.11733506,0.7971787
0.7545328,0.21804447
0.7683199,0.13786088
0.10353442,0.7698516
0.11102172,0.6911356
0.09058714,0.8521404
0.787241,0.20762761
0.1076262,0.87509215
0.7678778,0.11381493
0.109603025,0.8115319
0.7779946,0.21132046
0.7541634,0.21438368
0.10643318,0.80323625
0.094756514,0.72198725
0.09316903,0.85048383
0.11711502,0.7449902
0.13252671,0.7058813
0.76374817,0.13073952
0.779856,0.16344965
0.10883116,0.91544586
0.12030045,0.7173668
0.119079076,0.8661396
0.7593639,0.16773047
0.7629309,0.11856676
0.10308098,0.8640296
0.76490873,0.15441059
0.74623483,0.40203628
0.76664865,0.21625653
0.7762754,0.14525938
0.769707,0.12623121
0.097480975,0.6780352
0.7868826,0.14449838
0.77842724,0.1666939
0.76571566,0.13404627
0.752233,0.1249223
0.0992308,0.8735092
0.10597873,0.75874746
0.78001505,0.22234932
0.7552945,0.22807683
0.10326665,0.67900926
0.11176427,0.75590855
0.10688084,0.8377423
0.10064157,0.8644622
0.10036332,0.8787994
0.100946225,0.88693327
0.761401,0.25932103
0.106945895,0.83899355
0.76567036,0.19769137
0.76919484,0.26124516
0.74894744,0.08798904
0.105291516,0.8044346
0.7777423,0.23337498
0.81645095,0.17616233
0.75739497,0.10789516
0.7704737,0.22618315
0.7648061,0.09884168
0.10414219,0.84110034
0.75298613,0.1124243
0.11132621,0.86252683
0.108788736,0.8459739
0.10765476,0.8124932
0.097767174,0.76177543
0.75231415,0.22716203
0.76572996,0.14812554
0.7492395,0.16083983
0.10033282,0.88312185
0.7715889,0.077974305
0.7815789,0.2770627
0.77539355,0.15918164
0.77091235,0.097505525
0.10457611,0.6582861
0.762174,0.15913679
0.108889274,0.726196
0.7469081,0.35338524
0.10623247,0.8100244
0.7682035,0.11682848
0.7730919,0.07736871
0.09591363,0.7432055
0.77056605,0.16637829
0.10252998,0.8984716
0.7674774,0.12185107
0.7783264,0.1896296
0.76274365,0.18687558
0.112398244,0.8062578
0.75414914,0.17554231
0.77775514,0.15636675
0.7616159,0.16302188
0.108917505,0.79730844
0.76103914,0.17113173
0.76565784,0.2845317
0.10349982,0.6368676
0.0973105,0.75279886
0.7675338,0.2219536
0.10968535,0.8205005
0.11505416,0.7469256
0.7665587,0.24517608
0.10468821,0.8064853
0.10763673,0.88119775
0.11798393,0.823788
0.76302004,0.15986894
0.7644976,0.18814284
0.114480935,0.7899244
0.10298252,0.8669839
0.10363615,0.7032827
0.745071,0.1699766
0.7618403,0.37837803
0.78564674,0.208685
0.75787586,0.17092185
0.111517124,0.78913134
0.114336476,0.83190745
0.7470752,0.20041494
0.77579385,0.04538114
0.10419,0.70748985
0.11172094,0.6490051
0.1166947,0.78378195
0.11044995,0.8217309
0.75539696,0.15688263
0.10108953,0.8533099
0.1144838,0.81916434
0.113373935,0.92502964
0.7837518,0.33770707
0.10946865,0.8246692
0.11032804,0.67087376
0.1027577,0.8273415
0.8000605,0.20260823
0.78416437,0.09237079
0.107330024,0.87411004
0.10516958,0.75099653
0.7620175,0.18652633
0.77955836,0.14746067
0.7581573,0.111610435
0.75857145,0.1638021
0.124740005,0.75978243
0.11628759,0.8195184
0.08642976,0.8458073
0.10568866,0.6741549
0.1076574,0.83465344
0.105279006,0.79483
0.10180711,0.88279504
0.7945985,0.096026786
0.10777237,0.76354575
0.11305029,0.7384056
0.7553732,0.08930116
0.11177189,0.78533435
0.74107367,0.40963984
0.118133076,0.72295815
0.7655502,0.16970906
0.74312633,0.13296485
0.76795614,0.14971963
0.76427436,0.22990483
0.109326765,0.82380563
0.10362153,0.7235044
0.108734585,0.67479736
0.7586169,0.25476944
0.10645534,0.8317825
0.111370325,0.7110337
0.7476925,0.23622192
0.09946863,0.8231728
0.1109993,0.7764667
0.11321759,0.7957833
0.7446053,0.15539908
0.73919284,0.13814124
0.76851815,0.1397049
0.7617032,0.15296389
0.75889003,0.19066295
0.7562841,0.1615063
0.10453566,0.80042934
0.7758981,0.11909545
0.77835935,0.18763658
0.11778133,0.6445785
0.758488,0.2688215
0.7523901,0.09047871
0.110793896,0.76282805
0.7536716,0.27592042
0.75627315,0.20546317
0.8054559,0.1714265
0.10243208,0.782896
0.11135946,0.8175991
0.7477835,0.39515844
0.111504644,0.7892707
0.105488665,0.7796853
0.10638379,0.7420344
0.75017005,0.14320388
0.7972695,0.15596142
0.76048756,0.09789804
0.10259621,0.8852334
0.7679283,0.24480599
0.7838321,0.22529398
0.7607916,0.07587715
0.77336705,0.1549505
0.10128843,0.575914
0.10470683,0.7802493
0.7931366,0.15916562
0.77768385,0.1182191
0.10659451,0.73227274
0.7844455,0.21145022
0.8010146,0.073648624
0.104682066,0.7785575
0.10004163,0.86827517
0.75040567,0.16816142
0.11380697,0.7715178
0.10484092,0.7560159
0.7658883,0.16492519
0.7815052,0.093598
0.7612899,0.18390368
0.74790525,0.14530423
0.10071368,0.81298023
0.7720788,0.14528021
0.865829,0.36054665
0.75184476,0.20668396
0.10299672,0.81185555
0.10293683,0.85287255
0.108235285,0.7983835
0.104110025,0.54308695
0.7542305,0.2472556
0.09596996,0.71606266
0.7586861,0.0655484
0.76273453,0.34150085
0.80146974,0.30738088
0.100756146,0.74644977
0.76102936,0.14366369
0.10259598,0.88333493
0.049763422,0.67418534
0.7815377,0.31734437
0.769757,0.06269826
0.108597726,0.75422794
0.114647016,0.7590791
0.09984722,0.7081243
0.7603423,0.23206286
0.109037,0.88907206
0.78844076,0.12863116
0.10727604,0.6612804
0.7527212,0.19751514
0.7539246,0.24833381
0.102719665,0.77411324
0.110533446,0.8694527
0.7643539,0.07669582
0.11473362,0.79774106
0.75472736,0.1376526
0.10334625,0.85781026
0.7623353,0.20435932
0.7675446,0.15771572
0.77382535,0.18408632
0.7614665,0.23813644
0.77971566,0.46991092
0.10352049,0.7546621
0.7480774,0.11011887
0.10695091,0.8279471
0.75662893,0.11644718
0.7518458,0.36332628
0.10639092,0.7741693
0.78171045,0.092558235
0.10999185,0.8657567
0.12162775,0.7552741
0.09906429,0.8101221
0.76269686,0.17953154
0.1095752,0.82953316
0.1143341,0.7800218
0.7986295,0.10051748
0.7608734,0.22368868
0.76919883,0.2701929
0.11669397,0.8041751
0.75927895,0.18258195
0.7840414,0.12635778
0.1067107,0.800008
0.72585547,0.22373514
0.75077456,0.27960205
0.7527975,0.23940049
0.11412569,0.75748503
0.76650876,0.19549489
0.108745284,0.88783365
0.11887073,0.8597055
0.74673694,0.33453012
0.7835493,0.07080169
0.10525572,0.80896217
0.7581795,0.26284084
0.77065533,0.16599219
0.10339997,0.68019
0.785065,0.12673748
0.77976173,0.1970954
0.114904985,0.74529624
0.76390207,0.3102839
0.11886585,0.7348954
0.11745465,0.6094252
0.10122784,0.86999583
0.7748522,0.07868243
0.7871606,0.09565029
0.7567822,0.18183696
0.11238405,0.7566199
0.75227726,0.14249575
0.7611017,0.12150021
0.7398203,0.30289018
0.11004755,0.6662854
0.10452183,0.7661604
0.77124846,0.17710115
0.11356078,0.8061168
0.13061905,0.75463647
0.09900787,0.8498927
0.10676981,0.7457176
0.7473094,0.10564901
0.81831217,0.15881957
0.7965104,0.082473
0.7700416,0.28523985
0.10705462,0.8291054
0.7695229,0.06877023
0.76390374,0.20821878
0.106381215,0.81666183
0.11887796,0.54826975
0.09950363,0.850298
0.1095953,0.85588294
0.099924415,0.6646288
0.75052905,0.123172805
0.76112866,0.25749302
0.109732494,0.8152071
0.095244355,0.85246885
0.7780984,0.12341632
0.10116177,0.8814765
0.11146964,0.7934298
0.10086976,0.69950014
0.7601973,0.13552661
0.7585184,0.19787721
0.77818847,0.13730974
0.10403772,0.93182415
0.7806865,0.13282867
0.11397282,0.788106
0.09745007,0.7399981
0.1026987,0.8309414
0.12046954,0.69507515
0.11117034,0.7098385
0.77859366,0.12829472
0.77740663,0.15166938
0.104562804,0.7008443
0.011662477,0.6661636
0.108126685,0.75489604
0.78048736,0.24524176
0.10714819,0.86292255
0.7620232,0.15011536
0.11612864,0.8123682
0.7516613,0.17737031
0.105424814,0.74432373
0.10512755,0.82867604
0.7749115,0.24738698
0.105712265,0.844947
0.7726751,0.26457912
0.10438187,0.7736903
0.746758,0.17496236
0.10407569,0.8335352
0.77506745,0.3339165
0.111664586,0.7966965
0.78749776,0.12357172
0.10377493,0.7382694
0.7702237,0.2901743
0.10884034,0.76231533
0.10830198,0.86803645
0.7558027,0.16142298
0.75964785,0.20104617
0.7882321,0.10359191
0.7640747,0.16926847
0.10884612,0.81536895
0.7605943,0.08874684
0.11222926,0.7350732
0.10405803,0.929288
0.11396503,0.82253194
0.108196355,0.76238745
0.106144704,0.8037601
0.113551304,0.81299305
0.12694368,0.76740366
0.10935381,0.7920536
0.11192533,0.86176425
0.7789746,0.1956551
0.11525769,0.7195729
0.7800042,0.16313563
0.10997478,0.84728444
0.11557034,0.8155324
0.101407394,0.7849338
0.756287,0.16620526
0.77006537,0.14080234
0.10500149,0.79615176
0.7687362,0.102508895
0.11270694,0.77900606
0.77283293,0.17361018
0.78119564,0.2520555
0.76302207,0.24586497
0.11481435,0.91542983
0.1006314,0.7882726
0.74856395,0.17981832
0.7822048,0.16765517
0.10132379,0.7850604
0.76162696,0.12163638
0.12427184,0.7547454
0.10545892,0.85767406
0.76962066,0.10346375
0.78847075,0.15011856
0.75539285,0.14320548
0.10016792,0.78502357
0.76723427,0.09958185
0.7590052,0.19601557
0.11145446,0.8082284
0.7614546,0.12632574
0.095317855,0.6624531
0.09345503,0.89049953
0.108178556,0.8587827
0.10682669,0.8022317
0.096939474,0.85119355
0.11704688,0.7131388
0.09138549,0.7518472
0.7705783,0.24311256
0.7632088,0.12373674
0.76773834,0.10498094
0.75360525,0.17331219
0.10991654,0.79963154
0.11879004,0.7496075
0.7676825,0.047898043
0.7541787,0.4030344
0.7737675,0.21949919
0.7636104,0.2519097
0.101717964,0.8514243
0.76903045,0.31941107
0.7821314,0.15049024
0.7444304,0.2892627
0.10811503,0.7900958
0.7861613,0.16435163
0.11151346,0.8171986
0.7612864,0.065234385
0.76267684,0.31160563
0.10135691,0.82322407
0.114221975,0.69148004
0.10411336,0.59248775
0.110298954,0.6320565
0.097021624,0.81855875
0.7573287,0.16456151
0.7638894,0.16076292
0.1067565,0.84721875
0.10323022,0.80103976
0.09667586,0.8430517
0.7566725,0.23078118
0.10625565,0.70064723
0.10726634,0.8258067
0.11448229,0.7552597
0.7681597,0.13044955
0.7847674,0.20889807
0.108673535,0.78267485
0.10955472,0.7648739
0.11174911,0.719347
0.7870252,0.14209042
0.11949121,0.7909289
0.10067924,0.78119135
0.111956,0.7858583
0.095946416,0.87177575
0.76490855,0.1974783
0.7526258,0.1605995
0.10958233,0.84040344
0.7643393,0.2099779
0.11528998,0.6588035
0.7572571,0.23855779
0.09751224,0.84432054
0.11390513,0.7125541
0.7485329,0.27981833
0.7878769,0.15143548
0.10809393,0.84919256
0.77232,0.17022334
0.75839937,0.2589189
0.112612665,0.78606814
0.1192578,0.65034604
0.09170147,0.67127913
0.7614212,0.2412413
0.7994977,0.11674036
0.763707,0.22861835
0.76756203,0.30753627
0.11343337,0.77397865
0.10880165,0.78622353
0.112572916,0.7397353
0.76797295,0.16154794
0.11585198,0.801522
0.120643474,0.619182
0.1077733,0.8561889
0.10077876,0.8019882
0.7678552,0.15762761
0.7542951,0.09452722
0.099408045,0.85390115
0.78962016,0.19716428
0.10537482,0.8483835
0.11480481,0.75386906
0.7686709,0.25708288
0.10658378,0.6901471
0.106955335,0.6925678
0.77614266,0.22167644
0.7561923,0.1629594
0.09956712,0.8484059
0.107347555,0.84560543
0.11716515,0.79606843
0.7830786,0.19822967
0.10997953,0.8153449
0.7627303,0.31377006
0.11090394,0.7910058
0.75596094,0.16793554
0.7539411,0.15226217
0.105752185,0.80740654
0.82443136,0.18851614
0.10270854,0.8882454
0.7795459,0.1869669
0.111863285,0.80307925
0.11115006,0.79597074
0.7685789,0.1277516
0.108697176,0.5882822
0.102657855,0.783689
0.75874287,0.21562369
0.1037148,0.84608287
0.78117436,0.15679772
0.112167254,0.73373544
0.10111726,0.8582652
0.11266695,0.6422971
0.76920384,0.22662053
0.7738008,0.23448044
0.7658287,0.27038354
0.10721869,0.7381044
0.10936602,0.78451246
0.75480926,0.16214073
0.78131557,0.14352751
0.1163774,0.67457783
0.11258883,0.7058733
0.1058628,0.68554586
0.76901984,0.10999872
0.10741732,0.8257602
0.12123014,0.7984908
0.7612801,0.11677721
0.8017724,0.31179628
0.7645834,0.19408023
0.7487108,0.13331571
0.77767867,0.1810167
0.7779484,0.11700791
0.7662613,0.15882118
0.78096783,0.13074113
0.10394091,0.7296773
0.76660067,0.25681853
0.11743523,0.80847514
0.7581911,0.19305009
0.7569169,0.10211958
0.76250273,0.18566759
0.7929036,0.24871512
0.7548586,0.17291807
0.10645227,0.8038995
0.09230854,0.7618187
0.11490261,0.851043
0.75599974,0.17039156
0.10645032,0.9165754
0.103574574,0.8357205
0.76425904,0.107116535
0.09982536,0.83270854
0.76139015,0.3145567
0.1075632,0.85622257
0.75647825,0.19747509
0.11322073,0.87875134
0.7609073,0.1595357
0.10191848,0.7842001
0.77126706,0.12195361
0.76113683,0.1881813
0.10055183,0.77565444
0.0944817,0.885062
0.7890216,0.18314268
0.7483846,0.18521741
0.7645252,0.2295748
0.11719064,0.7225448
0.7506742,0.13265724
0.7534375,0.11139415
0.10455049,0.6171377
0.10574671,0.70286775
0.11491859,0.6340302
0.7829596,0.30102694
0.08811138,0.6641337
0.7807837,0.22944503
0.76859117,0.34766254
0.75788456,0.2900045
0.7636314,0.16907944
0.09861861,0.7522894
0.76950943,0.14652665
0.74454427,0.14171393
0.11203366,0.92131597
0.10716487,0.81327504
0.75271827,0.30658463
0.74589616,0.1659265
0.11206483,0.78556186
0.10019209,0.8109744
0.100879006,0.8737864
0.7833692,0.23403186
0.7485321,0.2587523
0.10699766,0.72222114
0.043307777,0.72921914
0.75309795,0.31670353
0.11518993,0.83438593
0.104032665,0.80387866
0.7657932,0.19772822
0.746663,0.31264699
0.09417922,0.78051525
0.73923326,0.1269778
0.11284498,0.84920055
0.10881158,0.87754977
0.10664308,0.8179355
0.0975332,0.7205277
0.1073152,0.6928034
0.7736012,0.08782082
0.78792024,0.15100452
0.7538153,0.18315871
0.75575835,0.17179339
0.75896454,0.3465683
0.7670606,0.21103528
0.7614315,0.0785078
0.12013427,0.76799804
0.117804445,0.67634016
0.10707496,0.8470874
0.74392015,0.11576308
0.77749616,0.19554456
0.1094797,0.83410555
0.7654107,0.13325483
0.10195774,0.84539557
0.75738335,0.13535199
0.74710834,0.14488448
0.112168245,0.80781025
0.085785545,0.76860523
0.77180356,0.13115768
0.7649429,0.1476417
0.75663143,0.15795764
0.100267306,0.80578357
0.10379319,0.7593659
0.7628081,0.19461854
0.11072763,0.84158415
0.76340824,0.12110449
0.786087,0.11043128
0.7724634,0.3452642
0.10761682,0.8175142
0.7506059,0.22515461
0.9722592,0.18472716
0.76286566,0.16405204
0.10845284,0.88502353
0.7578626,0.34201992
0.76229554,0.22091705
0.77291656,0.21360025
0.747498,0.17156269
0.77242285,0.24525937
0.7786184,0.20595181
0.77738863,0.25050947
0.10659752,0.8634096
0.10424088,0.87443364
0.110858314,0.8186565
0.103019275,0.770116
0.10891123,0.6900734
0.76657826,0.19285142
0.12216548,0.8536576
0.7692573,0.13228716
0.75769794,0.16601461
0.10904908,0.7546605
0.10761071,0.8669887
0.06612036,0.75901663
0.11366149,0.8987728
0.7671908,0.27452016
0.11617103,0.7098337
0.106435396,0.6987984
0.07875759,0.89639366
0.76503354,0.10884841
0.77069837,0.12029062
0.104124255,0.82742316
0.74442464,0.19173315
0.7764593,0.25184402
0.1013818,0.7897369
0.09758943,0.81572944
0.75911295,0.15272678
0.10201011,0.8013922
0.10720677,0.751389
0.7747765,0.14128937
0.7680091,0.1436733
0.7733474,0.13831267
0.10229684,0.8564741
0.74979156,0.14544843
0.7774691,0.11207184
0.75685453,0.101597294
0.11419186,0.8090999
0.106884085,0.7689384
0.10544611,0.76317406
0.113980144,0.7572896
0.7801014,0.17149541
0.7634743,0.13889903
0.76003087,0.17386492
0.10886695,0.7414031
0.75293714,0.120926656
0.09389761,0.7427793
0.1167093,0.6804063
0.11047438,0.74753916
0.111420184,0.76902014
0.11492298,0.7403025
0.7704926,0.16602904
0.11218485,0.72479415
0.11824431,0.8204877
0.7466588,0.36149988
0.118674606,0.828958
0.77809614,0.11179788
0.76614714,0.1061777
0.108738415,0.74904674
0.7806058,0.11817585
0.80622643,0.14129098
0.900203,0.2740812
0.11319458,0.6913951
0.77192056,0.15567465
0.76271087,0.18903361
0.7642559,0.21437886
0.7631474,0.12054536
0.7815738,0.1265228
0.7936267,0.21840174
0.7533612,0.1771316
0.115483664,0.8162758
0.11080568,0.68205166
0.11506407,0.70986575
0.7540678,0.23125221
0.117401354,0.67647475
0.10991882,0.83956873
0.7697381,0.15584767
0.120048024,0.8909401
0.10337144,0.7037441
0.09236487,0.76344323
0.117504075,0.8279727
0.7484925,0.14927745
0.115755536,0.80113107
0.7750205,0.26358742
0.7835229,0.22505687
0.7756512,0.14400174
0.096467845,0.7907607
0.11382463,0.8508956
0.7687371,0.07359896
0.7882796,0.14838508
0.76540136,0.09080874
0.10426914,0.8828255
0.78396666,0.1966388
0.774776,0.20898458
0.10554774,0.8432087
0.7573284,0.13832869
0.11281923,0.8142267
0.76539487,0.08665289
0.11591399,0.7508219
0.7469191,0.15984972
0.10441994,0.8222132
0.76829255,0.1022109
0.117264,0.6544763
0.75579214,0.1499199
0.099878155,0.78598803
0.7885212,0.11505655
0.09780306,0.80563617
0.75471175,0.22868243
0.8053088,0.1063251
0.7886363,0.1208049
0.76210135,0.1386395
0.11013839,0.7472748
0.76300305,0.11218879
0.7421393,0.1880291
0.80151117,0.22818418
0.11209085,0.72112054
0.77149516,0.1593723
0.1093261,0.705806
0.10599236,0.83273256
0.10484657,0.82915187
0.11203842,0.8658608
0.7398054,0.1492326
0.10850986,0.8421449
0.11479213,0.7130812
0.78322136,0.15904386
0.7620367,0.12503605
0.10795136,0.8261127
0.119041696,0.7048672
0.102599055,0.85100293
0.76044345,0.17691371
0.76834327,0.1704236
0.1138245,0.69112116
0.7620459,0.08591432
0.76977587,0.15430485
0.11640949,0.70216924
0.7686053,0.12870325
0.7610156,0.15425518
0.78333324,0.31634784
0.76709306,0.19895864
0.7739645,0.112020575
0.75519806,0.3247701
0.10962938,0.6247653
0.7777141,0.1290333
0.7616048,0.21427633
0.7463649,0.29548687
0.11725406,0.70502096
0.7680305,0.13182896
0.7969572,0.13874684
0.10460289,0.7965955
0.76233566,0.08518216
0.10378166,0.834599
0.7692674,0.13229997
0.09578919,0.70643246
0.7766472,0.167982
0.76863885,0.2204188
0.084579386,0.84529305
0.065462075,0.79536355
0.10152702,0.8133327
0.109123275,0.79657954
0.73733526,0.30309045
0.759739,0.2528229
0.7576256,0.15630107
0.11642544,0.7502708
0.77387196,0.2298792
0.11466207,0.7710468
0.11318491,0.8569916
0.7657928,0.14394245
0.10055387,0.8532827
0.77387166,0.18264443
0.101567924,0.84449035
0.11172758,0.73347914
0.762867,0.15079305
0.75764656,0.33477843
0.7669948,0.14741582
0.7636992,0.16514307
0.7762301,0.1804159
0.114824586,0.68637896
0.10621332,0.8107437
0.7568804,0.268131
0.75223887,0.2700455
0.11176734,0.8533276
0.09129172,0.7860409
0.09674959,0.77257204
0.11055078,0.7614999
0.78791285,0.12283796
0.7507652,0.29890415
0.78113925,0.2696594
0.10803387,0.7827502
0.10703795,0.7260598
0.7691834,0.10470537
0.112497,0.7057035
0.09650789,0.83415043
0.118045345,0.79864943
0.7579141,0.119981416
0.11280196,0.7188151
0.11213502,0.8608975
0.105958946,0.79613894
0.75889504,0.321489
0.10085879,0.87739277
0.102224655,0.8961934
0.111823864,0.8525425
0.11203442,0.74868464
0.1112024,0.7644862
0.10670337,0.83006185
0.10296859,0.85630107
0.78068626,0.15176712
0.774546,0.181704
0.11903959,0.8670832
0.77333415,0.21279599
0.09928588,0.8952626
0.75784385,0.12222276
0.7592482,0.15766446
0.11140483,0.7941203
0.7845585,0.2062546
0.108529344,0.79982376
0.11172983,0.80987376
0.7769091,0.09601077
0.7571645,0.22838444
0.7806144,0.16835688
0.7638672,0.33872762
0.089712456,0.71469766
0.7479148,0.07733827
0.77794546,0.092726454
0.79321027,0.15585889
0.7686214,0.1866721
0.7571451,0.19712582
0.107863925,0.7886171
0.104096524,0.7032266
0.101846635,0.73843443
0.76927143,0.16137172
0.7710513,0.24000768
0.10150331,0.79432535
0.7718688,0.17197923
0.7384177,0.18029414
0.106244914,0.79914767
0.7607228,0.23075555
0.7784043,0.17943542
0.0972161,0.9250569
0.110331446,0.7213384
0.11158894,0.88607293
0.117447056,0.6279839
0.1058939,0.68474
0.7644907,0.25529334
0.76079726,0.18596238
0.7554115,0.15667917
0.7679632,0.23842962
0.10173893,0.8257826
0.106559016,0.8336826
0.10398598,0.71253484
0.11082632,0.7878673
0.116839126,0.7094204
0.7376879,0.23276459
0.7515708,0.13875325
0.74249613,0.252118
0.107991084,0.8370182
0.118337125,0.7964946
0.10413829,0.8684402
0.7598176,0.14289147
0.7404322,0.32542858
0.75657266,0.15486078
0.10941446,0.8232625
0.7491837,0.17162998
0.10805286,0.83195555
0.77359897,0.16537537
0.7734192,0.2727979
0.7501708,0.13785447
0.11349002,0.78075236
0.1055272,0.7256304
0.7394653,0.11175302
0.7699869,0.16588163
0.102809474,0.8356804
0.74069357,0.31475377
0.114463665,0.81634945
0.787215,0.25996187
0.76016,0.15378097
0.10189147,0.87869203
0.10870424,0.8118956
0.104390055,0.7715723
0.101572186,0.86549073
0.76924706,0.16282323
0.10969901,0.8823272
0.10361113,0.6874091
0.095344864,0.82564485
0.77111095,0.23964241
0.099409334,0.7522317
0.763002,0.13714954
0.113042764,0.8709507
0.10596575,0.74225706
0.11248898,0.7328864
0.7712539,0.3397658
0.7609717,0.17711718
0.74807674,0.13392611
0.11097513,0.81048733
0.7629153,0.09372456
0.76829344,0.14570476
0.78926015,0.1128777
0.11501259,0.84537953
0.112543195,0.8312826
0.1148229,0.75476784
0.75729686,0.0838428
0.7573585,0.38007787
0.73801315,0.211125
0.76460505,0.11624371
0.11527222,0.8407254
0.103727184,0.7137172
0.11252784,0.85385305
0.1166671,0.86154634
0.76790863,0.17326091
0.11027066,0.77925277
0.11052744,0.84965235
0.80788064,0.0038097985
0.79126537,0.23839118
0.76080084,0.22674389
0.7550163,0.19736134
0.09377528,0.7887901
0.7826882,0.14081995
0.74581575,0.20055753
0.11238144,0.775946
0.7855584,0.2703483
0.7576985,0.3216508
0.11461083,0.70180714
0.78574544,0.23109199
0.113424055,0.8291134
0.7554265,0.24301644
0.7739327,0.1878801
0.101461045,0.8087298
0.7774689,0.10717581
0.76081395,0.28097343
0.75795466,0.063548975
0.748582,0.2584655
0.77911776,0.15393957
0.1105596,0.87175655
0.10603598,0.85812426
0.105332986,0.70972157
0.0981659,0.80845267
0.7764339,0.13373226
0.7670529,0.19524656
0.11218723,0.8051011
0.100070946,0.8400718
0.77333003,0.11979878
0.10762465,0.8780672
0.7961303,0.16195488
0.76149714,0.18220706
0.070404924,0.7585408
0.107024245,0.88035023
0.77115273,0.27055496
0.10995068,0.69270563
0.104399964,0.83331573
0.76351994,0.29533467
0.76292855,0.22524111
0.10438939,0.8768208
0.10504206,0.8133952
0.103138305,0.6764107
0.7951507,0.28440833
0.12245921,0.6911244
0.11410034,0.8224823
0.7477951,0.17262168
0.10371771,0.76840496
0.7693824,0.10409177
0.75529367,0.15008491
0.114938796,0.82548946
0.098066844,0.72229004
0.1048701,0.76425713
0.7697218,0.14217053
0.10288512,0.63564837
0.7709127,0.21337596
0.7527943,0.36163127
0.76529425,0.17998174
0.7771405,0.13062578
0.7452288,0.16732673
0.08305682,0.800926
0.1068926,0.9590503
0.7510371,0.11130283
0.112785086,0.84684545
0.75679654,0.26818866
0.73663116,0.28368258
0.7605433,0.11437085
0.77187884,0.30375212
0.112576544,0.67832357
0.09221018,0.8635714
0.10522202,0.73060656
0.78146416,0.06541703
0.10773423,0.86157197
0.1067848,0.7908953
0.76737607,0.15903586
0.7644791,0.16378929
0.75135887,0.20509148
0.75532025,0.2956375
0.111156404,0.852259
0.109100394,0.86674196
0.097120844,0.7444599
0.11040412,0.7734772
0.75995916,0.25025955
0.7991743,0.23058733
0.7672979,0.20994745
0.12254823,0.7057339
0.76873654,0.27380723
0.1032123,0.8753116
0.1015146,0.7687318
0.112361796,0.64941525
0.76372623,0.1046509
0.771454,0.22836362
0.09862479,0.7908152
0.7730569,0.19011824
0.10196074,0.85012656
0.11704449,0.5828607
0.8403511,0.28109038
0.7678056,0.1698917
0.75784916,0.09699446
0.11060797,0.77338266
0.782479,0.10013297
0.09704464,0.84570795
0.09871935,0.67585635
0.79360306,0.41598737
0.7806901,0.1313275
0.7786143,0.18415841
0.755171,0.18888462
0.7592483,0.11857317
0.75801015,0.15807779
0.75086373,0.2915201
0.09032967,0.8045868
0.10684099,0.6787353
0.111529075,0.9065542
0.11002226,0.6370053
0.7874855,0.21101445
0.11298894,0.75958216
0.11659353,0.71490276
0.76050794,0.25745457
0.11093805,0.79356915
0.77250487,0.28312987
0.7756004,0.15223974
0.76133215,0.26320934
0.108161986,0.8717966
0.76802737,0.1840639
0.75052243,0.14097056
0.7735794,0.13438112
0.109522164,0.8063395
0.10862295,0.8008764
0.76597416,0.175914
0.73770636,0.22536288
0.105583824,0.88697493
0.7586148,0.23572367
0.10366049,0.8569932
0.109166004,0.76558363
0.7647669,0.13159184
0.09928363,0.6992278
0.7704181,0.2611987
0.124073274,0.71323496
0.112126544,0.6916915
0.10464156,0.8488497
0.7525363,0.16435163
0.11311124,0.8943718
0.113880925,0.83580375
0.7600668,0.19644172
0.7520413,0.1488545
0.7665372,0.19012304
0.7752146,0.13629082
0.76331115,0.09878721
0.76530784,0.13836554
0.7535583,0.09324073
0.1142507,0.66907305
0.7441647,0.24598032
0.752506,0.2505367
0.77583814,0.1324714
0.77252865,0.10104297
0.7788021,0.1682127
0.74914914,0.13584062
0.097263016,0.8064949
0.09878212,0.69859815
0.11296864,0.7234564
0.112031445,0.87893397
0.10319889,0.8861787
0.75675994,0.12190394
0.106915414,0.8456695
0.76649106,0.11983402
0.76770496,0.17463551
0.117135465,0.7017639
0.10600378,0.84058124
0.7659516,0.23111442
0.10106417,0.8527412
0.114524685,0.69669485
0.11142764,0.8245426
0.11407273,0.8301548
0.10763802,0.76214874
0.76062757,0.20109263
0.10850851,0.7594652
0.7536136,0.18051523
0.77223915,0.11474254
0.745085,0.12639304
0.7571195,0.16258451
0.7573358,0.15620494
0.10768642,0.7169663
0.11146209,0.80285496
0.76924914,0.16431798
0.104665525,0.84309334
0.110056534,0.69806147
0.112165004,0.7643196
0.109927826,0.7142299
0.7573549,0.117536604
0.7550159,0.25371206
0.1134891,0.63823575
0.7623486,0.24532346
0.10855266,0.7118668
0.77453256,0.20803134
0.76627326,0.064483
0.77186394,0.123778395
0.75338733,0.121513024
0.7691785,0.14271684
0.7494368,0.18448044
0.1070004,0.8344596
0.10868239,0.7961806
0.10192139,0.6770451
0.116784774,0.80637157
0.77267736,0.15019225
0.76652646,0.21934058
0.77642596,0.15732001
0.7846266,0.23392451
0.10601937,0.8351373
0.106016725,0.84777147
0.11166795,0.7483418
0.7874793,0.1106716
0.7625604,0.15549842
0.10030429,0.8576436
0.7736997,0.22169887
0.78561306,0.07986799
0.11670755,0.5792223
0.77292275,0.15445223
0.11030308,0.7925166
0.7552579,0.12963408
0.7603195,0.20724791
0.78695047,0.20697555
0.101877935,0.7241661
0.1000795,0.614781
0.7787609,0.20874427
0.74518377,0.2073841
0.76806355,0.18930437
0.025235781,0.547544
0.7682833,0.18462624
0.107645415,0.848148
0.09668907,0.89593387
0.7681774,0.24788202
0.7700037,0.18798584
0.10302357,0.72805923
0.10657893,0.86883914
0.75784373,0.16195808
0.75718784,0.14932391
0.7757404,0.29564068
0.7721883,0.11180268
0.113221,0.83022684
0.10980959,0.8762953
0.7559993,0.20894453
0.75615615,0.12878497
0.77771753,0.084570155
0.75438553,0.15596142
0.10888079,0.8585008
0.108071975,0.8780816
0.767914,0.1285046
0.79047835,0.15363517
0.77140564,0.16419622
0.10793809,0.7791999
0.7753418,0.21302669
0.036710814,0.71613157
0.7653888,0.21628056
0.106399044,0.867817
0.08948361,0.7012144
0.7710151,0.33935243
0.053353652,0.82610786
0.11362084,0.895277
0.7625895,0.16733475
0.77304673,0.0519834
0.7482738,0.18953507
0.11113012,0.7765292
0.10179258,0.8646272
0.11721738,0.75140667
0.82276803,0.19309014
0.105210096,0.7180973
0.78844553,0.26717612
0.10987041,0.85794
0.76506823,0.19678459
0.113155685,0.73958474
0.7788787,0.22073601
0.77722925,0.15377776
0.10620582,0.84577686
0.7774671,0.10545356
0.10455442,0.6609424
0.115098275,0.85132015
0.78239435,0.1146384
0.7589752,0.097274825
0.7569509,0.25559133
0.09908437,0.9066872
0.7558341,0.21353777
0.100907005,0.80277
0.10744543,0.7007113
0.098932914,0.82257843
0.77345896,0.35264507
0.08813468,0.82603574
0.7610745,0.17430389
0.11422349,0.62373996
0.10459147,0.7956839
0.10798778,0.8893204
0.103603266,0.7319491
0.7895516,0.0641754
0.7795097,0.20100452
0.09927386,0.6878577
0.11595688,0.8053126
0.09127617,0.87699383
0.76415473,0.08538082
0.105901234,0.65682334
0.11478602,0.7294098
0.7719355,0.07923035
0.7773089,0.057249513
0.7729523,0.20116793
0.7572201,0.20094845
0.107808955,0.74689674
0.11199754,0.8921978
0.76942545,0.12025217
0.10797639,0.8428354
0.75386333,0.27769554
0.74924016,0.30713257
0.75231516,0.17357013
0.7790372,0.14929026
0.09972432,0.7768032
0.10853889,0.8667372
0.7726631,0.08641257
0.112397455,0.73343426
0.77155554,0.34732768
0.11798033,0.75204265
0.784939,0.109755196
0.12119587,0.89819443
0.10461877,0.6886107
0.73644584,0.23492262
0.099049695,0.82264733
0.77382284,0.085071616
0.09838131,0.92464036
0.09626138,0.8717373
0.0957632,0.7336297
0.11336,0.8637845
0.7690385,0.08838316
0.1016095,0.8786696
0.11963295,0.7543577
0.124376975,0.659941
0.7700945,0.16870615
0.7507135,0.19020955
0.10774955,0.8686885
0.10303235,0.86026305
0.10391103,0.7409321
0.76094747,0.33424655
0.79814005,0.10704765
0.77148736,0.14189176
0.11839467,0.8209667
0.110472,0.784426
0.8108689,0.28123778
0.78376615,0.16415617
0.7733714,0.17115895
0.1073181,0.8003717
0.11612596,0.80450994
0.09988433,0.8517431
0.7568163,0.11092954
0.77298176,0.15455157
0.101414755,0.83135796
0.75484514,0.24349707
0.7446571,0.14683424
0.10331472,0.7935772
0.7609596,0.029823128
0.755941,0.15620014
0.092190176,0.8014467
0.76643175,0.21599859
0.10507244,0.6971787
0.09478035,0.769693
0.7471757,0.19511038
0.7567202,0.11490275
0.7732561,0.14598833
0.75770944,0.25698516
0.7568638,0.175161
0.1036767,0.76956165
0.10249194,0.706378
0.10961042,0.8570813
0.10140551,0.7850267
0.10548236,0.8842962
0.7457623,0.22506489
0.7539835,0.2696642
0.10825773,0.81200135
0.100133486,0.83654875
0.75343305,0.111439005
0.7499487,0.11969304
0.103413805,0.9035951
0.78557056,0.21948476
0.09535658,0.8204684
0.76630497,0.2174565
0.7847336,0.1809462
0.7746542,0.19685347
0.76936525,0.11366753
0.7769729,0.092878655
0.78789806,0.08016758
0.118083514,0.69704574
0.104535304,0.77722615
0.11109568,0.8881092
0.7597467,0.17974623
0.123223186,0.69729245
0.76217175,0.16956808
0.099943794,0.880009
0.7802826,0.14949213
0.73606944,0.13487937
0.7739958,0.28523183
0.11331232,0.8212807
0.11233231,0.82413405
0.7716093,0.15489282
0.11058192,0.6422859
0.7629921,0.21566695
0.11512925,0.8656461
0.753458,0.3002387
0.7868407,0.083546415
0.77054757,0.20272999
0.7587738,0.24822487
0.100544825,0.9013714
0.7886164,0.2230094
0.7589299,0.1393284
0.75361264,0.17946586
0.11472728,0.6180621
0.7763664,0.103721686
0.75117326,0.13465987
0.11709462,0.8417588
0.77199733,0.17789099
0.11176674,0.72321606
0.75346804,0.12143773
0.77935284,0.41045213
0.7716329,0.17005831
0.7504641,0.1429107
0.102428146,0.7532555
0.109874405,0.7495338
0.7840035,0.26145503
0.7670661,0.18068987
0.09840654,0.78586143
0.76147485,0.22809607
0.10985988,0.82297254
0.7738961,0.17022334
0.76687884,0.20012015
0.75573903,0.32436156
0.7428024,0.23972411
0.7820582,0.15789196
0.10628378,0.64117885
0.115635544,0.83741707
0.11557456,0.79767054
0.10003899,0.8147906
0.7604995,0.10802012
0.10747785,0.6683345
0.1063543,0.8251995
0.8032461,0.13896473
0.0910839,0.8516197
0.7716263,0.09809831
0.09682058,0.87679034
0.10971711,0.6825307
0.7635625,0.17738312
0.7925235,0.13679387
0.7712737,0.17234291
0.106661476,0.7381813
0.7356508,0.35209236
0.75212234,0.19402896
0.11157197,0.8416803
0.7805946,0.08901439
0.7676198,0.25467813
0.7592408,0.18456054
0.7520172,0.30233586
0.7742324,0.26240027
0.10300082,0.7220385
0.7638154,0.23921625
0.10696871,0.72677594
0.11295813,0.85122883
0.10676878,0.8186997
0.10437777,0.803938
0.11150956,0.9426031
0.74649,0.14074786
0.10440815,0.7784469
0.7776603,0.17490949
0.7626346,0.2310167
0.7573134,0.12415008
0.7946562,0.08129226
0.7758616,0.22545579
0.10300253,0.8527989
0.752907,0.16667949
0.10180453,0.92298216
0.76933277,0.12947547
0.112340696,0.47905412
0.1048701,0.8490051
0.78913915,0.14582011
0.783679,0.059508476
0.7367359,0.18972091
0.7608833,0.17917107
0.7651904,0.13122818
0.116615295,0.747097
0.7539874,0.14570476
0.7476229,0.24821366
0.1090331,0.83144605
0.11599558,0.7011295
0.7711288,0.11499567
0.7612767,0.15477426
0.100767896,0.7906918
0.7557262,0.12442405
0.7430481,0.13832709
0.7520122,0.25345895
0.7761288,0.13616584
0.12258943,0.7516902
0.75962067,0.13606973
0.1033658,0.82877856
0.7679456,0.22290045
0.75573426,0.14892338
0.75507325,0.367362
0.10756356,0.83126825
0.7680601,0.21350572
0.10863002,0.8454116
0.109789215,0.8897514
0.11543245,0.7206527
0.8359792,0.06854273
0.116608396,0.86886954
0.1136113,0.640248
0.101229556,0.77267134
0.10148799,0.8129514
0.099833846,0.90004003
0.7616791,0.1782851
0.7867135,0.05002083
0.098027386,0.812695
0.7656561,0.116307795
0.7803797,0.08439553
0.12006949,0.8258387
0.7619799,0.17855266
0.7675129,0.08909769
0.7501743,0.28800827
0.113863595,0.86474574
0.10858052,0.81250924
0.75675255,0.18641098
0.7530965,0.14097376
0.09809442,0.79165626
0.7652555,0.11066199
0.105111994,0.766625
0.11001562,0.7196738
0.81314707,0.18699254
0.118269935,0.70386106
0.77788866,0.10361755
0.75439864,0.13188022
0.1173828,0.68335897
0.10306243,0.7947563
0.7593235,0.22322728
0.7581895,0.2284229
0.7639624,0.13703899
0.10682191,0.827601
0.7628144,0.20770451
0.7553708,0.14490052
0.12280458,0.8098193
0.120832175,0.7839934
0.10341767,0.8104633
0.10919743,0.7817681
0.7484267,0.29898587
0.11668873,0.66925406
0.11106718,0.8002451
0.7689351,0.20675607
0.781305,0.17755775
0.102920316,0.86652887
0.11052582,0.79607964
0.7537866,0.24764492
0.77172774,0.2448973
0.108923815,0.8240732
0.76366764,0.09937198
0.09854723,0.7060143
0.121252365,0.90652055
0.06484031,0.8813323
0.112773925,0.7232593
0.10407341,0.8193502
0.11398728,0.8406998
0.10258082,0.70126563
0.77859366,0.11659938
0.11485113,0.6143484
0.76658857,0.3436076
0.7582529,0.14189176
0.10726865,0.73502195
0.11609252,0.8365247
0.107619196,0.8309446
0.111894324,0.7344997
0.10891156,0.87707394
0.7736305,0.17446089
0.7545816,0.20971514
0.792078,0.18028773
0.7764039,0.1720321
0.1011515,0.8276651
0.7492405,0.16732192
0.78187716,0.11155917
0.76128477,0.08856099
0.7700338,0.08984588
0.110693686,0.7234676
0.10836557,0.8093723
0.107564986,0.7182319
0.74312717,0.25177032
0.7742991,0.22994168
0.76371294,0.20782466
0.10399433,0.78051364
0.7658837,0.1852895
0.1087577,0.84174275
0.7588903,0.14076869
0.75268286,0.16306514
0.75552666,0.21705277
0.10779482,0.8269025
0.7637864,0.15348618
0.7609313,0.22668782
0.116881914,0.84544843
0.0995349,0.88820535
0.75360185,0.08146208
0.7764257,0.14304046
0.10585906,0.8332564
0.09562182,0.87991446
0.7598033,0.2442116
0.78067213,0.1980935
0.09785193,0.79777145
0.7682099,0.1862075
0.11631764,0.7889791
0.7903246,0.33191547
0.10896885,0.84950817
0.110569105,0.758214
0.7742888,0.21108013
0.75105995,0.118081324
0.75995016,0.23167996
0.09706422,0.8393701
0.77192324,0.14059727
0.7694175,0.08934282
0.77024746,0.13973694
0.10700225,0.78966486
0.11650115,0.73158383
0.112247385,0.89857733
0.7766757,0.07116537
0.10392605,0.7896088
0.76924294,0.089599155
0.11556611,0.8120959
0.7602073,0.25726715
0.7587828,0.12701143
0.10571448,0.635219
0.77913624,0.26094076
0.110058084,0.79812557
0.7604132,0.1593803
0.1097206,0.84853727
0.11419516,0.6833702
0.77350014,0.24569196
0.7754387,0.21940626
0.105439804,0.5479349
0.12046009,0.805045
0.10868324,0.7803823
0.10054806,0.8219985
0.11065974,0.8477539
0.7580284,0.2715675
0.75987476,0.17762984
0.76176894,0.2424461
0.76590717,0.1570861
0.1146279,0.694178
0.10364939,0.72182703
0.09717849,0.876087
0.76547,0.20424877
0.7599198,0.2119693
0.8680782,0.20307124
0.1071304,0.8668525
0.115347296,0.7533804
0.771249,0.086649686
0.117556706,0.76254123
0.7450825,0.17613348
0.8166153,0.16804127
0.7551945,0.12573777
0.10679295,0.8687782
0.09757072,0.91046494
0.10880802,0.7633631
0.10520343,0.6391057
0.77490187,0.18177448
0.7660803,0.110407256
0.7790063,0.10629466
0.7606392,0.110352784
0.10105598,0.897725
0.7550866,0.2428338
0.11284789,0.7682031
0.10832212,0.7827918
0.1050912,0.712647
0.75408274,0.18485373
0.75618964,0.16482906
0.11999375,0.74089843
0.7588628,0.30821237
0.77966595,0.17930885
0.1114429,0.6530792
0.1141035,0.7277949
0.09808213,0.8437198
0.10424045,0.8167596
0.7721665,0.1357477
0.11107973,0.8647009
0.79175866,0.12415649
0.7582261,0.2368131
0.10091077,0.89332247
0.10838036,0.82539815
0.766629,0.1176039
0.1248868,0.77029544
0.11030242,0.8932904
0.122906476,0.72935534
0.101469696,0.8900013
0.106123574,0.7778718
0.75418204,0.10277805
0.75962937,0.116110735
0.75739586,0.21571662
0.059629347,0.6992454
0.76969516,0.13987151
0.10228383,0.7941363
0.1092532,0.7933961
0.7849147,0.15276682
0.09803766,0.8000865
0.75561064,0.17442885
0.7661054,0.2722676
0.7609453,0.20752667
0.75700086,0.16406485
0.74642485,0.30234867
0.7644413,0.16345285
0.10625496,0.7286296
0.7644033,0.16418502
0.120688185,0.5190538
0.09933266,0.7513089
0.7389772,0.27145535
0.114583455,0.79940563
0.7495024,0.11632863
0.11063056,0.64051557
0.10134423,0.6803198
0.10302287,0.8092826
0.11126949,0.84622705
0.102052435,0.90903425
0.7744918,0.085517
0.7842429,0.1429924
0.10412565,0.81087667
0.07549556,0.836858
0.75198233,0.14545804
0.77536833,0.24589221
0.7627014,0.21412894
0.10117445,0.6667324
0.76522,0.16863084
0.76564115,0.07495274
0.121836886,0.6785399
0.11743408,0.75223494
0.09984372,0.79597074
0.7482273,0.0745474
0.11492856,0.8491701
0.111288145,0.6793617
0.7858088,0.1170688
0.7895668,0.2397882
0.098159395,0.84661955
0.10358993,0.9094027
0.106504574,0.82192314
0.7552818,0.12405235
0.115543164,0.7362556
0.76414007,0.28143483
0.095180534,0.7625877
0.09806103,0.7294915
0.7738108,0.13066423
0.11201857,0.7541687
0.7476393,0.24240763
0.76863396,0.20847993
0.10737886,0.8754222
0.102618106,0.65221894
0.76388425,0.1280464
0.78236383,0.1368035
0.7996043,0.12224679
0.09837478,0.79839146
0.7569858,0.28786567
0.11153152,0.82152104
0.10406367,0.810513
0.76870525,0.13875645
0.7886686,0.11766638
0.7740068,0.16306995
0.10260202,0.8146897
0.10178195,0.7571726
0.10772079,0.8374347
0.7892526,0.29937038
0.1008411,0.7846551
0.11359766,0.80286294
0.102508515,0.92729664
0.7919508,0.4188135
0.1008267,0.79297477
0.11852747,0.818272
0.114419684,0.8344051
0.100813694,0.8815181
0.7598602,0.15283412
0.11139882,0.83754843
0.10761913,0.70922333
0.77137065,0.09844756
0.11003227,0.8561248
0.09864206,0.81931657
0.78687966,0.09707456
0.7429474,0.2394806
0.106204174,0.6239258
0.90373147,0.30087474
0.11196518,0.7629578
0.108445674,0.7898779
0.7409797,0.40612003
0.103127636,0.8419286
0.78130674,0.10547919
0.10787958,0.78577656
0.760145,0.18670736
0.11374215,0.770281
0.11497185,0.69447273
0.79038936,0.11075972
0.76425153,0.2201208
0.7945198,0.13388446
0.7586671,0.30749944
0.10531275,0.7380003
1.0,0.26252845
0.76945424,0.25713417
0.10463548,0.8589942
0.7584414,0.05981768
0.7587355,0.18130186
0.11108039,0.8385514
0.11533122,0.6430613
0.76928824,0.06712006
0.10606497,0.79929346
0.76546144,0.14667563
0.10166751,0.70557374
0.74542296,0.21886475
0.7661684,0.17901407
0.7790913,0.12645872
0.109967716,0.7952882
0.1195588,0.843606
0.7738272,0.11359223
0.10327321,0.78078437
0.117570706,0.72728217
0.114762545,0.7085392
0.108234264,0.8467429
0.11286126,0.8587619
0.7754371,0.19724439
0.11593264,0.8956647
0.10070691,0.84127337
0.7718836,0.14132622
0.7527148,0.26765677
0.74698645,0.21727386
0.77048445,0.07090583
0.76146305,0.11330866
0.75149924,0.25703162
0.10794796,0.8149572
0.7832611,0.13558589
0.7981632,0.09949213
0.7673668,0.27914223
0.114396706,0.7729421
0.8716193,0.37323847
0.7930584,0.31751737
0.7656643,0.07381365
0.10515994,0.57601815
0.10309515,0.6761431
0.75462025,0.13817969
0.103638954,0.8763562
0.79486096,0.2170704
0.8027478,0.2412237
0.7610837,0.24652985
0.78969914,0.26003715
0.11258325,0.83573806
0.11016675,0.8430213
0.7834258,0.105858885
0.8478412,0.7017271
0.7648349,0.08556666
0.11271218,0.8196914
0.7739162,0.0912317
0.7614562,0.13891506
0.1149414,0.7869557
0.7692868,0.07747605
0.103510685,0.8612131
0.10719911,0.81637025
0.10757284,0.78090614
0.76164794,0.19246212
0.77607125,0.15846871
0.11653575,0.85154444
0.7742226,0.20246884
0.78114265,0.15768048
0.90798277,0.324557
0.7674708,0.12976386
0.11029476,0.8152296
0.7664907,0.20387068
0.7470006,0.12001186
0.75112575,0.15375212
0.7604717,0.15194815
0.7762153,0.10608639
0.7675368,0.15928258
0.7713223,0.20886923
0.7775071,0.2557964
0.7390592,0.25048384
0.76440406,0.312796
0.09591621,0.8797943
0.10552327,0.82211864
0.10542752,0.72708035
0.7673614,0.19334327
0.7761295,0.2097536
0.7778315,0.240852
0.7664158,0.33249223
0.7575277,0.17273542
0.7572482,0.29053798
0.7399538,0.25384504
0.76731,0.105798006
0.11537028,0.6327229
0.112173654,0.753773
0.107084006,0.7671906
0.11423769,0.6794947
0.7518446,0.20103015
0.75389767,0.28006345
0.11199315,0.9154683
0.74716145,0.2715691
0.11468254,0.83120257
0.11656085,0.73205644
0.7589455,0.19050434
0.10495985,0.7034605
0.10835785,0.7824442
0.10883166,0.75719506
0.057250787,0.7628681
0.10934803,0.85110545
0.7539673,0.13495305
0.7903133,0.27623922
0.78111416,0.3038867
0.7639851,0.13549937
0.0991713,0.8310968
0.11370669,0.76382774
0.10932033,0.7409305
0.089849085,0.8537697
0.75645274,0.2915473
0.782761,0.08695889
0.7745359,0.12204172
0.100938864,0.9168269
0.7700018,0.14675094
0.09490546,0.8073841
0.75731146,0.37264732
0.7610275,0.26139736
0.0995451,0.8571053
0.09608751,0.67044604
0.1100185,0.8947547
0.7519682,0.2868163
0.0972441,0.7780977
0.111823596,0.6313355
0.7428584,0.36185715
0.103533566,0.81633025
0.10397479,0.8235765
0.76324195,0.08239931
0.7350584,0.16572943
0.75253206,0.15191932
0.79620266,0.18563396
0.76872045,0.12054856
0.12188948,0.67400587
0.10406486,0.84470665
0.11132496,0.7572191
0.117902935,0.708999
0.116514586,0.7954789
0.7697926,0.07985517
0.7395097,0.26451343
0.765365,0.15032843
0.10186426,0.7175911
0.7487417,0.28531194
0.09260505,0.8940354
0.10950364,0.7966612
0.12197543,0.6924669
0.10745599,0.8148627
0.775287,0.19890256
0.7674183,0.18632926
0.10568024,0.7022926
0.115897246,0.7047903
0.11605587,0.7460588
0.7783071,0.1779807
0.10743522,0.6902704
0.10763231,0.8237255
0.115078,0.8055385
0.7706618,0.22824185
0.7523584,0.2464177
0.7854311,0.15294626
0.7614599,0.2956439
0.11591257,0.6702265
0.75587296,0.21618764
0.7713117,0.10409818
0.80224895,0.0725592
0.77066654,0.1531225
0.09628948,0.854707
0.09316117,0.9027957
0.09761512,0.752605
0.751635,0.22761384
0.10826302,0.6690906
0.10823598,0.8368051
0.10130451,0.85398924
0.112703204,0.76772565
0.7592355,0.17052452
0.76764184,0.25207633
0.79746026,0.06339037
0.75528973,0.34347945
0.118684046,0.83295846
0.09826581,0.69500947
0.7793509,0.124235
0.11218792,0.90210193
0.10726429,0.7611074
0.77606314,0.20820597
0.75942004,0.19276491
0.7632665,0.29132622
0.75778157,0.21927328
0.112167254,0.90630907
0.121269174,0.7351181
0.7480922,0.18821654
0.09872671,0.92374957
0.7555532,0.15764043
0.76373523,0.11822872
0.11211403,0.6810215
0.7510052,0.14470826
0.10989062,0.88103914
0.10450836,0.82625043
0.75270927,0.14808068
0.10443394,0.77225
0.74830544,0.1468839
0.11557988,0.7700471
0.111654215,0.7876943
0.7376251,0.10965427
0.105911136,0.72099715
0.10304972,0.87260246
0.10630557,0.8051011
0.760278,0.19069178
0.832618,0.27047166
0.09422297,0.8597616
0.7705956,0.14822488
0.10277999,0.7831907
0.11280104,0.9167788
0.7528696,0.1386395
0.09902715,0.88473517
0.106271,0.8370326
0.76497555,0.1929043
0.9425711,0.14643212
0.7737918,0.19228268
0.7819062,0.21435964
0.12039148,0.8410955
0.107117124,0.8394181
0.099819355,0.8910843
0.10781014,0.7666394
0.7716642,0.13423692
0.10594326,0.91894805
0.76895213,0.06222724
0.098090716,0.8483306
0.76183075,0.13989234
0.7868085,0.30726713
0.7730355,0.2436044
0.7903311,0.22501361
0.77851576,0.1259941
0.73905665,0.31431478
0.7543001,0.24741581
0.7524642,0.42649716
0.7502477,0.15646608
0.11624301,0.73172003
0.7607639,0.09273928
0.78797585,0.121647604
0.11006664,0.6238601
0.76830775,0.10237912
0.762134,0.29245248
0.7626874,0.15856484
0.11042746,0.8841536
0.7620542,0.066419944
0.75946784,0.14174438
0.7605108,0.22239257
0.7806568,0.20681374
0.106270306,0.8361514
0.7730193,0.2702009
0.11732647,0.8037025
0.770174,0.12261367
0.75676566,0.17266494
0.108264536,0.64181966
0.10931385,0.8122785
0.10222912,0.79308534
0.09931612,0.8655083
0.0994575,0.8647009
0.11036149,0.7971739
0.11028561,0.883242
0.77616656,0.2255343
0.09764121,0.8395287
0.10637118,0.87260246
0.11457804,0.8358262
0.10196312,0.7704893
0.10627404,0.8638181
0.7735266,0.24136147
0.123371534,0.799694
0.7926737,0.048950624
0.79321635,0.12368547
0.7661663,0.12642828
0.11182393,0.764789
0.7681977,0.33202282
0.10594121,0.6780528
0.11276402,0.8125717
0.11468172,0.67108524
0.10427535,0.7443782
0.77899426,0.19092248
0.10052264,0.7564917
0.10397967,0.8840174
0.787245,0.15882438
0.107989565,0.8479493
0.7625998,0.18760774
0.75594836,0.14729565
0.7759814,0.52129835
0.11350594,0.6526643
0.10815244,0.78461504
0.104739584,0.5951713
0.7827421,0.22101317
0.7446341,0.355657
0.7723527,0.21337114
0.7538453,0.27324972
0.76371026,0.10195937
0.11388353,0.6294082
0.77125376,0.14164504
0.7634872,0.23200679
0.7649823,0.21936621
0.10339076,0.7169871
0.76801044,0.20338044
0.7709394,0.16274953
0.10835349,0.85925055
0.108765356,0.73913294
0.76212895,0.10764042
0.7649384,0.17448333
0.7531956,0.15009934
0.1123717,0.75660545
0.10078252,0.83320355
0.11417634,0.74157774
0.1040046,0.72123265
0.10335335,0.8389663
0.09934184,0.7279503
0.78978854,0.07885706
0.76604825,0.3095341
0.10892398,0.68554425
0.7681141,0.13938287
0.10282566,0.7432263
0.11045417,0.82905734
0.77098864,0.17488866
0.10590694,0.7194688
0.7726397,0.13028453
0.7850559,0.21237624
0.75439954,0.16206223
0.109722555,0.7267807
0.11269323,0.85699636
0.75955117,0.10711333
0.117127605,0.75921047
0.098026864,0.78215736
0.11096384,0.83105516
0.106858194,0.79318786
0.10662228,0.8034349
0.7746772,0.19322151
0.106082335,0.7580185
0.7577428,0.19296037
0.098955564,0.73374665
0.11619864,0.7154731
0.103276454,0.6019818
0.7632805,0.12977827
0.76512307,0.17677112
0.041758366,0.6943782
0.10739827,0.7899164
0.7875549,0.28227434
0.7724433,0.19304527
0.09957152,0.8642795
0.1140829,0.7528277
0.10722625,0.73921144
0.11171629,0.81956005
0.10529313,0.8249175
0.78694016,0.21081899
0.76625085,0.1470281
0.77081937,0.15324907
0.11516847,0.6672963
0.793494,0.20507866
0.11587988,0.74148
0.7510889,0.16870454
0.10133637,0.8643917
0.12202826,0.69821364
0.7683142,0.08530872
0.09997711,0.76926845
0.7584011,0.10691307
0.11894856,0.72565925
0.74895567,0.12044603
0.11358109,0.8015861
0.10267427,0.85864335
0.10434826,0.82814574
0.893592,0.27406198
0.11905788,0.84171873
0.77186406,0.050078504
0.7539311,0.14173795
0.7696075,0.15148355
0.7567003,0.13649108
0.7582561,0.085819796
0.7649762,0.33098945
0.75744593,0.26405525
0.1212031,0.7739402
0.7369764,0.2126566
0.79888266,0.15605114
0.7858866,0.13374507
0.7503959,0.0938287
0.10330842,0.79947454
0.756597,0.16937742
0.7555664,0.23349354
0.7486765,0.19583614
0.088399924,0.8080425
0.7492742,0.27220193
0.094488405,0.8205774
0.7533519,0.34850043
0.76998436,0.16312923
0.76664454,0.13299689
0.09751567,0.7776555
0.7641077,0.16091672
0.7489222,0.095741615
0.11218333,0.8178314
0.75629956,0.29500785
0.10046756,0.86068124
0.7536565,0.18191066
0.10162234,0.7547759
0.7555737,0.1505287
0.76337254,0.18988433
0.124490455,0.78826463
0.112857,0.82252234
0.09049165,0.7850572
0.7714213,0.19807267
0.11034079,0.8742831
0.78401303,0.08389407
0.1101299,0.81980836
0.76919144,0.1878032
0.10941208,0.8708978
0.7705288,0.21870454
0.09729082,0.8403233
0.11413635,0.8001987
0.7488514,0.09703451
0.11435748,0.68659043
0.7661317,0.23429139
0.11149692,0.6146176
0.77330285,0.15226217
0.7560955,0.18658079
0.11263967,0.7139735
0.7767901,0.095483676
0.101847656,0.71954244
0.11551067,0.85845107
0.7644247,0.18592393
0.11231881,0.770422
0.10842877,0.8093915
0.10734432,0.86817425
0.10521026,0.8352943
0.76092,0.2448909
0.7836634,0.17503925
0.10134235,0.88426095
0.11461607,0.763879
0.75623864,0.38283667
0.76499575,0.15706046
0.76766825,0.12091224
0.7499507,0.35999712
0.7659883,0.26794675
0.76079756,0.31874138
0.7419995,0.20522125
0.7840565,0.12017207
0.10849669,0.7980102
0.7678699,0.11061072
0.78147495,0.26794836
0.11316044,0.78046876
0.76247036,0.04784998
0.7634443,0.14877118
0.1077972,0.7530857
0.793135,0.060588293
0.8016381,0.29095134
0.75049603,0.18424493
0.11290283,0.7225672
0.08835419,0.90943956
0.7801837,0.07613669
0.76758593,0.26857477
0.746971,0.30470377
0.7895601,0.07868083
0.7733516,0.15459482
0.7749955,0.10391073
0.11368622,0.8013153
0.10290615,0.7685251
0.11089496,0.6745202
0.10028676,0.8439905
0.105351806,0.82388896
0.10635269,0.8750633
0.11258883,0.77856225
0.11298188,0.62055975
0.099060856,0.8429331
0.7799627,0.19151527
0.103491895,0.7368307
0.7686313,0.08233683
0.7500734,0.27419814
0.75173986,0.10776539
0.76556116,0.2694287
0.7367667,0.2637973
0.11206638,0.8342449
0.76131636,0.1461854
0.78574014,0.078607135
0.105901,0.7838524
0.109384544,0.72969496
0.10930019,0.6650245
0.8077215,0.23616265
0.7718807,0.19511999
0.78350914,0.11215034
0.7791621,0.111815505
0.11418328,0.685988
0.7613519,0.12882341
0.76948756,0.11735557
0.09820753,0.9140088
0.76405114,0.1376462
0.11414725,0.7753709
0.77434546,0.21781537
0.10387943,0.81498766
0.7758602,0.25776538
0.117743425,0.6766862
0.11499671,0.72154504
0.76142186,0.15242879
0.7676965,0.31701592
0.11033729,0.771066
0.108085416,0.86167294
0.7557816,0.12680636
0.11367605,0.670587
0.11422415,0.80055916
0.114842184,0.80072576
0.7891563,0.094520815
0.10087712,0.78968245
0.7679172,0.18321799
0.09863337,0.8421641
0.11370075,0.8407799
0.10476141,0.8644942
0.7661746,0.2293505
0.11988194,0.8009917
0.114825144,0.8491573
0.7489135,0.28991798
0.76876074,0.13996443
0.09290561,0.8981095
0.7531314,0.13251145
0.76618534,0.09465058
0.749247,0.20215803
0.7631158,0.29309654
0.110155195,0.9197411
0.7956104,0.09795732
0.11067424,0.82280594
0.760787,0.18086289
0.7876882,0.184607
0.77643734,0.0917716
0.11339368,0.80463326
0.7765175,0.21329744
0.10990947,0.83974653
0.09947986,0.82991767
0.7645138,0.1597552
0.7339209,0.16424909
0.092081845,0.7416931
0.7651851,0.09530103
0.7637766,0.18946779
0.777283,0.069843635
0.7562623,0.36430678
0.7621438,0.19673331
0.7462615,0.28478003
0.75662297,0.13958794
0.77523166,0.18564036
0.10191465,0.7799225
0.75522023,0.10730078
0.7517816,0.14233394
0.7520841,0.18686116
0.76089764,0.2496187
0.05420935,0.5284133
0.11233452,0.88119775
0.105482265,0.7657294
0.778509,0.2044891
0.11356643,0.7501426
0.11104005,0.8331555
0.11129874,0.7693021
0.750577,0.13488096
0.115813315,0.64574164
0.7524759,0.2649508
0.10492181,0.875725
0.7485128,0.17602134
0.10826982,0.79929346
0.76427066,0.27365023
0.7734572,0.15066007
0.7621677,0.10705245
0.107854225,0.84239
0.11453525,0.8463007
0.7600759,0.11682688
0.7855457,0.12115415
0.09737422,0.7920456
0.09901163,0.8895463
0.11036948,0.8234163
0.11476981,0.5811561
0.10959303,0.8734275
0.7603609,0.31617162
0.11020274,0.7714025
0.7544229,0.2987007
0.76355195,0.14586818
0.09380981,0.9160467
0.75017774,0.26216796
0.11547772,0.75825244
0.10744559,0.8867907
0.7510457,0.11141978
0.10223413,0.757618
0.76676685,0.14707457
0.7498926,0.11154154
0.7763677,0.1494697
0.097728275,0.91361946
0.12183959,0.6240379
0.11053949,0.7036176
0.106105186,0.8087603
0.7502842,0.2326204
0.104201354,0.8869669
0.7903574,0.17907174
0.10476006,0.86962414
0.11026514,0.8744064
0.09312515,0.78030056
0.7750996,0.09036335
0.77930105,0.16131885
0.76390773,0.17379121
0.77288234,0.15529655
0.7614513,0.15971996
0.11235559,0.7869381
0.74627787,0.26775768
0.10672117,0.75260824
0.107277595,0.6541318
0.7614916,0.20686822
0.110943995,0.84005415
0.76277757,0.17706591
0.09996863,0.79608446
0.11286407,0.7207664
0.76931304,0.138561
0.7507842,0.17485821
0.11014935,0.95347494
0.7450612,0.12015124
0.75529474,0.2237768
0.7467215,0.2682143
0.7518889,0.20438014
0.09559022,0.87829953
0.7378049,0.1881172
0.7674795,0.31954724
0.09731093,0.8647073
0.78737944,0.104977734
0.10886134,0.82467395
0.755505,0.276824
0.11528509,0.86541224
0.7583027,0.16186357
0.09915186,0.8406117
0.8021775,0.19710821
0.76457167,0.15054631
0.74674594,0.1622705
0.78025395,0.14368291
0.76406634,0.28794578
0.7641642,0.16359864
0.113057226,0.84896183
0.74507445,0.18486334
0.11116634,0.8042472
0.743246,0.31191963
0.11135217,0.8006184
0.10880013,0.85454196
0.103860974,0.8300186
0.10861004,0.78173286
0.106093,0.8106203
0.7625013,0.12578423
0.7615196,0.15867859
0.10006633,0.8552341
0.11478044,0.7649973
0.7589915,0.1833766
0.10989947,0.7543032
0.7640402,0.22482136
0.09417467,0.8701512
0.7442656,0.17257681
0.77150524,0.09387997
0.08842901,0.88473517
0.10916313,0.8861274
0.754655,0.19303407
0.7736337,0.105591334
0.75174516,0.15034285
0.103944145,0.804715
0.82019645,0.2554119
0.78820115,0.08763498
0.7514784,0.36470568
0.111782394,0.76048577
0.7772889,0.10296068
0.109562285,0.8487023
0.103565164,0.8364462
0.7648749,0.18149732
0.7649485,0.21232978
0.09331081,0.8893829
0.11760544,0.7797382
0.10538849,0.8601573
0.759289,0.2884056
0.7555438,0.12699862
0.100813694,0.9008844
0.10137794,0.83320194
0.095092736,0.84112597
0.10963905,0.8653626
0.78187305,0.23794258
0.795473,0.20177993
0.7846785,0.23969528
0.7548161,0.1925294
0.7590118,0.21384056
0.10305484,0.7712743
0.7525616,0.24553013
0.75519145,0.23653753
0.111246146,0.84541476
0.7563793,0.17534846
0.76378334,0.12059823
0.7667234,0.20639239
0.7702281,0.068212695
0.10959303,0.85750586
0.11559721,0.6448236
0.11310599,0.7832308
0.113197416,0.70445067
0.7982239,0.23919383
0.76274973,0.2424493
0.11153027,0.80908394
0.74750483,0.13053125
0.051358066,0.7929043
0.7808766,0.109335445
0.10877827,0.7511231
0.7887379,0.1310215
0.10438973,0.87478614
0.76337785,0.12372072
0.110161826,0.6886235
0.108513296,0.86900896
0.80345017,0.21311161
0.115515955,0.71964496
0.79194057,0.13992117
0.79225105,0.1253837
0.109596424,0.7861963
0.10729783,0.75338686
0.10997171,0.8297879
0.110043295,0.7664824
0.109194726,0.5841232
0.07314606,0.81009805
0.09994003,0.72586435
0.7760616,0.08754526
0.76485413,0.32022494
0.113467835,0.73541445
0.7696578,0.19952577
0.79263115,0.16758467
0.76624835,0.21316448
0.800756,0.13980103
0.11199694,0.7150758
0.11095529,0.8028934
0.109588005,0.63325965
0.7610182,0.08550098
0.10795589,0.8431558
0.7498711,0.21099041
0.10697076,0.8587058
0.10626007,0.78694767
0.107369415,0.7044987
0.10734482,0.7251466
0.76897377,0.19478676
0.11931902,0.69323593
0.75560457,0.22535005
0.10469445,0.8440242
0.7633607,0.09874716
0.098520316,0.83372426
0.1119562,0.7972604
0.11417152,0.70666635
0.10066418,0.791629
0.11154542,0.68981224
0.10902122,0.88464385
0.1186328,0.75439936
0.11541159,0.78251946
0.100358106,0.8028341
0.7704279,0.13807075
0.11123386,0.9011968
0.75251263,0.23410554
0.10625386,0.8680909
0.75014204,0.27564967
0.7772584,0.14048351
0.11286159,0.73494023
0.110680446,0.84996957
0.10951725,0.8100564
0.112775184,0.7374924
0.7528366,0.17394501
0.7606005,0.24264635
0.119471595,0.7391394
0.75400454,0.2634913
0.73688525,0.27646193
0.10362938,0.7770851
0.8056523,0.20560896
0.11184938,0.85530454
0.7721982,0.084821686
0.78805655,0.12011279
0.1091519,0.87550706
0.7644141,0.12940979
0.7531721,0.15816271
0.099853225,0.8480791
0.7790916,0.1977106
0.73561853,0.25405812
0.10863827,0.86584157
0.7722735,0.23830305
0.124195404,0.70713097
0.7869809,0.07722612
0.10816367,0.7165385
0.10807062,0.82636577
0.09830227,0.7544955
0.7800507,0.23144445
0.7639765,0.30736807
0.7509666,0.25947484
0.09459621,0.71656895
0.7684974,0.13265084
0.7657126,0.19843315
0.12052345,0.7305617
0.11866516,0.79690474
0.1139818,0.80492646
0.1231376,0.8649316
0.10558142,0.8650373
0.112311974,0.8239418
0.09902992,0.84043866
0.7620195,0.10007209
0.75470436,0.13289917
0.11124631,0.9136723
0.096530244,0.8103047
0.76173776,0.23748918
0.10074185,0.8288699
0.07409916,0.8085136
0.7680326,0.18676183
0.09495657,0.8872841
0.81063145,0.2990163
0.09924824,0.888702
0.10804084,0.6125797
0.10594343,0.70758593
0.7608897,0.27221313
0.11306839,0.6401727
0.76721734,0.26747733
0.8621823,0.16500048
0.11001876,0.6605114
0.10518909,0.82930243
0.7672229,0.22636579
0.10731827,0.7538098
0.109871335,0.83946615
0.7523412,0.30421034
0.111408725,0.73129225
0.7652805,0.19083117
0.7604633,0.15058957
0.76066774,0.2205005
0.118166454,0.8198581
0.118201785,0.720752
0.7487253,0.1794947
0.749464,0.20313852
0.75255054,0.1582989
0.110487126,0.8837803
0.1050524,0.7975392
0.75242376,0.083012916
0.76704395,0.18188503
0.11390282,0.69150245
0.09931681,0.83034223
0.10962191,0.81452626
0.11578921,0.8135073
0.10689788,0.6987872
0.76008105,0.15338044
0.10884813,0.77990323
0.09521371,0.86186194
0.104960345,0.8147121
0.7583759,0.18547855
0.7986,0.3097664
0.7961913,0.30984652
0.11287837,0.816915
0.77110887,0.19341376
0.104826786,0.85912716
0.10552958,0.877601
0.1068548,0.8518953
0.107669055,0.73317635
0.77336675,0.20969592
0.109860204,0.79462653
0.10886194,0.84288347
0.1119561,0.77728057
0.108207315,0.7348457
0.7963695,0.12897561
0.76276255,0.14401455
0.76813114,0.23113365
0.10556395,0.84339935
0.7399113,0.19822006
0.7618005,0.09517767
0.77626973,0.12738152
0.9297609,0.07306866
0.74949914,0.28258514
0.745062,0.26749656
0.78874373,0.15364638
0.10753309,0.6467974
0.75641155,0.26939985
0.7936971,0.29860938
0.7634991,0.15771572
0.8031605,0.088165276
0.7595994,0.04109872
0.7576393,0.13917139
0.08435364,0.87754655
0.7543021,0.29263034
0.11117899,0.80774295
0.1106572,0.729091
0.10078467,0.8610225
0.117473535,0.7802717
0.10932865,0.72062385
0.7739413,0.30355185
0.7637825,0.1234756
0.7634756,0.3328447
0.76770484,0.17170368
0.10486714,0.89530903
0.10086949,0.7749864
0.76175046,0.15500017
0.75479776,0.16886315
0.78678733,0.12573296
0.7622143,0.1374972
0.7682163,0.13387805
0.75616074,0.13532634
0.11841053,0.70767087
0.11939572,0.9357974
0.104788885,0.7827806
0.7572439,0.26079336
0.1051253,0.7309061
0.76460505,0.11624371
0.10200129,0.781688
0.10762372,0.7021644
0.7617922,0.24390721
0.7792187,0.21029991
0.11228975,0.86390465
0.11256142,0.78556985
0.042829905,0.80551285
0.7735692,0.18167835
0.7702435,0.0589173
0.111578606,0.8928947
0.7587194,0.23415361
0.10872488,0.81329423
0.7668504,0.15821238
0.107140005,0.8020459
0.11119764,0.81353456
0.09063026,0.79552215
0.11440245,0.76756227
0.10939653,0.76541704
0.082877666,0.78347915
0.11624407,0.5996219
0.77551585,0.23933
0.10899434,0.8136323
0.094830535,0.7529495
0.08612249,0.75788075
0.7591073,0.13937487
0.11892656,0.68775195
0.76849526,0.1332997
0.7952663,0.116924606
0.08772592,0.90253454
0.76191145,0.24825531
0.10652732,0.8370967
0.1209625,0.8428851
0.10489979,0.86151433
0.7653114,0.22955397
0.7655324,0.1672306
0.7823583,0.18477522
0.11234469,0.6990227
0.10532315,0.8627287
0.77505755,0.043895993
0.092335984,0.87496555
0.104776,0.84808546
0.7807457,0.17749368
0.11614303,0.68724245
0.7678099,0.13619149
0.74665695,0.19050755
0.800817,0.15131854
0.11505637,0.81209266
0.10912777,0.80680895
0.11075573,0.86130923
0.7632767,0.13859144
0.107672125,0.68859786
0.11630023,0.66352975
0.7602959,0.12909417
0.10984,0.823599
0.7966649,0.08999167
0.10806775,0.87267935
0.12056249,0.8656205
0.78062046,0.117741674
0.77809983,0.13669294
0.7957882,0.25689545
0.11101254,0.81674516
0.100071646,0.7519241
0.76706094,0.114827454
0.11566665,0.94500464
0.0787741,0.84342337
0.7653447,0.2314797
0.11700662,0.7993239
0.1041516,0.83305454
0.117583185,0.5830097
0.78171325,0.106671154
0.109970786,0.7666186
0.760594,0.099727646
0.08055755,0.79782593
0.79835784,0.1340687
0.7772661,0.19529463
0.7858894,0.13767342
0.76381093,0.20444423
0.73336357,0.36346245
0.7723313,0.13145567
0.8798538,0.11243551
0.10305902,0.8271508
0.78377914,0.22740877
0.113341875,0.76861644
0.7677353,0.1682239
0.7498095,0.30352622
0.10617452,0.78357846
0.76336503,0.28715113
0.78774184,0.17371592
0.10408817,0.9086449
0.80347985,0.08493223
0.8013,0.12770836
0.77480346,0.094636165
0.11164946,0.81925243
0.7586602,0.22102758
0.7707834,0.17936492
0.0992068,0.8676007
0.10493205,0.868256
0.7609465,0.13679548
0.75839525,0.17382325
0.11329225,0.8982681
0.11495316,0.7958025
0.7715158,0.11587363
0.7568095,0.18186902
0.1078361,0.75729436
0.11184836,0.6795812
0.115204625,0.77799034
0.78622085,0.103301935
0.1136569,0.8593915
0.7702134,0.08723445
0.90329933,0.31641033
0.10128166,0.8542568
0.111036316,0.7454356
0.1098086,0.84043384
0.09172868,0.85727036
0.7668997,0.13971451
0.10975032,0.87837964
0.11863637,0.7592361
0.11190417,0.70074177
0.7840595,0.15234707
0.7810353,0.08916659
0.7730614,0.22129193
0.11216435,0.7646336
0.77769256,0.21229453
0.76290554,0.17647313
0.10668898,0.8453891
0.10878517,0.7810023
0.09311548,0.81444937
0.10670796,0.78533435
0.79880595,0.26075011
0.10729271,0.79767853
0.76975167,0.19168669
0.7875334,0.12394021
0.1085615,0.85699797
0.7681784,0.22452658
0.1233789,0.5965603
0.7647445,0.08946297
0.7813989,0.26357302
0.76054686,0.1786504
0.10872029,0.81124514
0.12255899,0.74952096
0.75848585,0.09700407
0.7654069,0.18187381
0.10492607,0.772705
0.11953919,0.77290523
0.7927944,0.3010606
0.10975108,0.8234179
0.10860826,0.84796375
0.7951667,0.267998
0.116343886,0.7250216
0.09276951,0.8055753
0.7611602,0.2968759
0.10911076,0.866311
0.7812416,0.08842482
0.7470893,0.16265179
0.11099897,0.84806466
0.11092584,0.70188725
0.75769955,0.12700503
0.103211865,0.7788875
0.7645933,0.14933032
0.7817389,0.22952034
0.7997611,0.21187317
0.8738908,0.09462655
0.7666506,0.2426768
0.09406941,0.8179756
0.80830854,0.16192125
0.7887881,0.24570636
0.10944282,0.6891538
0.11598495,0.8105643
0.11407491,0.7197299
0.75374275,0.35057837
0.10178301,0.8073889
0.09970907,0.82078564
0.10088029,0.87604856
0.74661297,0.23404787
0.107047886,0.6222212
0.7714956,0.096436925
0.75927305,0.1346855
0.7789394,0.24966836
0.10813775,0.8080618
0.7729396,0.11023423
0.7659026,0.22979109
0.7559134,0.19309174
0.106148206,0.8151142
0.10079058,0.83967125
0.11703723,0.806394
0.10985538,0.83456856
0.7541712,0.13717678
0.10844551,0.91902494
0.10157664,0.7928915
0.75429326,0.117235415
0.7903505,0.13700055
0.104545735,0.8196225
0.110305555,0.9103896
0.7649136,0.20620334
0.7756825,0.22307187
0.12296155,0.649066
0.76797134,0.10475183
0.11054629,0.7457544
0.7677188,0.12812811
0.058867518,0.68981224
0.7547808,0.29979652
0.09376329,0.85674804
0.117624,0.8130523
0.7628762,0.10350059
0.110793464,0.8839742
0.76716065,0.22746003
0.7699264,0.096839055
0.10935107,0.79370695
0.75833005,0.14969079
0.79631597,0.15933064
0.7752179,0.112786375
0.7525375,0.32496074
0.102592714,0.69866866
0.76346487,0.1692044
0.7455417,0.14221379
0.7739075,0.30405492
0.11552084,0.7686725
0.7662386,0.34818482
0.11679812,0.8378993
0.7456528,0.15588933
0.74640954,0.10661989
0.76702136,0.25111026
0.111223094,0.68759173
0.7696114,0.103997245
0.10013692,0.7827261
0.75528204,0.18135153
0.76208115,0.24606363
0.78439534,0.15346375
0.7464184,0.32363582
0.11529734,0.8060255
0.7535675,0.21392867
0.104591794,0.86073726
0.11443401,0.8269714
0.109628186,0.80665994
0.109710075,0.80420554
0.7599673,0.1392627
0.76648855,0.1935916
0.7573547,0.22986959
0.11590061,0.78426737
0.7628979,0.21237303
0.09638576,0.84433013
0.11125582,0.7045708
0.75892264,0.16176584
0.7620014,0.32975584
0.112927824,0.8278253
0.77564144,0.099296674
0.76418376,0.2176872
0.76029605,0.23379634
0.76916736,0.14273767
0.76657706,0.26230735
0.107400484,0.81879586
0.0997486,0.7038434
0.7556635,0.2814108
0.10384202,0.7848201
0.79126924,0.1342177
0.7713347,0.0366625
0.77548075,0.14311898
0.10221106,0.85370725
0.11039289,0.7512945
0.7441997,0.13375789
0.094853126,0.8936172
0.112020254,0.7743007
0.7631319,0.19173796
0.7559003,0.13178891
0.11846986,0.86001635
0.11236754,0.79799896
0.765642,0.30964464
0.7438731,0.15087155
0.77846885,0.22376558
0.7568619,0.09225864
0.7667959,0.11837932
0.09755863,0.859031
0.12114588,0.7029527
0.77570105,0.14678298
0.10920612,0.88516134
0.106767826,0.85891247
0.7698616,0.28150374
0.11584472,0.61551476
0.0975096,0.71621966
0.11886122,0.77658045
0.10255725,0.84966356
0.7749523,0.1382662
0.099867195,0.8057435
0.76686776,0.21351694
0.75152224,0.11600019
0.7802435,0.20417668
0.7949231,0.18060175
0.74784875,0.12230126
0.74608415,0.15665513
0.7595166,0.29765773
0.103387,0.8329809
0.09851824,0.85742414
0.10309175,0.78021884
0.107452,0.9095005
0.7639009,0.14942965
0.7681235,0.15880996
0.75578696,0.26359382
0.7545031,0.11762152
0.7718964,0.25971034
0.7539963,0.27640265
0.104997456,0.82726455
0.10594326,0.6617995
0.10910254,0.89456886
0.10141132,0.7708514
0.75885487,0.17014644
0.11287378,0.7385225
0.09944671,0.80546635
0.10084341,0.846006
0.7611173,0.19901471
0.78771424,0.26864687
0.11362863,0.6061232
0.7579275,0.22643308
0.1198134,0.8307764
0.10606956,0.8243455
0.10707123,0.78103274
0.78267026,0.23625717
0.11226334,0.9106283
0.108928405,0.74124134
0.09379139,0.767064
0.75458604,0.19772181
0.75861293,0.26693103
0.112533785,0.8808981
0.7645842,0.33855137
0.102610245,0.83792657
0.099232286,0.829546
0.11022499,0.8298408
0.10512702,0.7275578
0.09912792,0.8313355
0.10260992,0.7749399
0.103720084,0.8204252
0.11102723,0.7102134
0.11241288,0.72824025
0.11962774,0.707594
0.102552794,0.82737833
0.76959836,0.09469224
0.11101399,0.8536239
0.758226,0.06759909
0.8024898,0.09399051
0.11956461,0.8241773
0.7665225,0.20128168
0.76188636,0.15559134
0.09212189,0.8074914
0.095785156,0.8586177
0.7468043,0.10989298
0.759455,0.17846294
0.10948311,0.8565878
0.7817955,0.17676151
0.76705843,0.2117418
0.74793696,0.15331635
0.7420081,0.1157791
0.104897745,0.8433849
0.11175611,0.80241275
0.100632586,0.8727178
0.8093271,0.11473613
0.7540971,0.13203563
0.7544571,0.24295716
0.76536924,0.31526962
0.09625372,0.9088917
0.10735027,0.8409706
0.12028649,0.65442663
0.8619281,0.34629434
0.7623922,0.07832836
0.10902495,0.775475
0.10584388,0.8382582
0.12485732,0.7192236
0.10263094,0.8189577
0.102267414,0.8341119
0.76810735,0.09136146
0.766609,0.10282771
0.10344379,0.77375436
0.76212025,0.14366208
0.10723434,0.80080265
0.11041465,0.75909835
0.75177395,0.17735429
0.73882633,0.24398892
0.748474,0.1653193
0.7726855,0.1579977
0.75746644,0.17999615
0.10357028,0.86558205
0.107621245,0.717104
0.10980536,0.7032667
0.7580696,0.16425711
0.10697657,0.8500769
0.11095043,0.77904934
0.1084054,0.82588035
0.7571661,0.13878529
0.75694114,0.35974878
0.7985134,0.18222308
0.77365535,0.41965458
0.76216936,0.1305617
0.7558345,0.13606653
0.11264054,0.7522205
0.7611213,0.13182256
0.774295,0.15890929
0.7766629,0.082405716
0.11204179,0.65134096
0.09809227,0.74028164
0.75194865,0.2128056
0.8334966,0.1836842
0.118276864,0.7846855
0.7653361,0.13643019
0.754567,0.111012846
0.7680535,0.23446602
0.7540538,0.21948156
0.10032796,0.81849307
0.75882256,0.14579128
0.11807879,0.8209523
0.7626408,0.13817328
0.7669385,0.13410714
0.09618339,0.675286
0.7578501,0.12489667
0.77215606,0.10329553
0.7633319,0.13304655
0.113880925,0.8134496
0.11211578,0.7722692
0.7876866,0.16389984
0.11045876,0.71348166
0.76927674,0.18603608
0.09257424,0.85606396
0.7689859,0.14006056
0.099817306,0.67378
0.11657663,0.7689769
0.118793406,0.7613429
0.11095232,0.83563554
0.76735115,0.13700695
0.76067567,0.118768625
0.7685308,0.108936526
0.10606615,0.7037762
0.7817502,0.35134095
0.10484828,0.78811884
0.10275965,0.7856916
0.7542582,0.28408313
0.11069097,0.70805216
0.7711807,0.16404563
0.07354944,0.8659265
0.10542993,0.8440498
0.10810143,0.81718576
0.7604996,0.21439649
0.10834091,0.86103046
0.76295996,0.10072415
0.76912934,0.18391329
0.79237837,0.14894582
0.11625262,0.8653273
0.7670054,0.21583837
0.7569612,0.21649845
0.100760266,0.85079944
0.7729398,0.092647955
0.113535725,0.69630235
0.7907462,0.18010831
0.77992445,0.18953186
0.107991874,0.78264606
0.7772914,0.1410843
0.7829057,0.056696787
0.11136352,0.78310585
0.116163276,0.8226521
0.09762543,0.87325454
0.7793366,0.15507706
0.111664385,0.8556378
0.9217686,0.24536672
0.7711559,0.0
0.7727219,0.26002756
0.7472749,0.2672194
0.7668243,0.1324682
0.106774725,0.7444936
0.76526093,0.23876606
0.1098509,0.72921115
0.107022695,0.6414992
0.10470416,0.8170544
0.78213346,0.22970778
0.108412854,0.7653145
0.092764094,0.70551926
0.10974454,0.8393268
0.11065109,0.75780064
0.0982809,0.8059262
0.09294682,0.8968839
0.11423921,0.6487968
0.73891854,0.25445864
0.109442756,0.67946905
0.77112234,0.14247172
0.7567658,0.09831619
0.1035165,0.7753805
0.79170084,0.24574803
0.10795476,0.7873226
0.76806486,0.096658014
0.75935465,0.16937742
0.093674205,0.8545243
0.10459061,0.78349835
0.7642193,0.18297125
0.78317183,0.10362716
0.76881975,0.18526867
0.7706153,0.11765997
0.109791696,0.7974815
0.11191552,0.8856051
0.75669825,0.34309655
0.10538252,0.7962895
0.115771584,0.73526704
0.7568338,0.13768144
0.75077075,0.20966068
0.75343436,0.34150565
0.76604307,0.18113205
0.7471205,0.20752987
0.11829661,0.8183729
0.77171373,0.24373578
0.7560116,0.32032266
0.75856435,0.106421225
0.75163776,0.29834822
0.7961361,0.22130474
0.10732864,0.8914304
0.7694347,0.27834117
0.7716794,0.2714954
0.113831766,0.81225926
0.79617715,0.18325964
0.11268108,0.8065975
0.783013,0.109407544
0.781013,0.24051236
0.76627207,0.12266974
0.77150255,0.14464737
0.7736177,0.174392
0.106713414,0.90429366
0.1100046,0.8650133
0.0974013,0.8830498
0.083346955,0.8011215
0.77467084,0.1810984
0.114174224,0.6804159
0.7602167,0.14876798
0.11288107,0.63579094
0.09923169,0.6194175
0.10857782,0.8586385
0.7641193,0.16251883
0.108324766,0.8092393
0.11419589,0.839801
0.7487471,0.1586145
0.76026976,0.11627255
0.11818818,0.6940209
0.11599607,0.7724743
0.7581241,0.19935596
0.110519715,0.8798199
0.7947833,0.23953347
0.7502806,0.32145694
0.1099414,0.624432
0.8065157,0.10275401
0.75747657,0.2653097
0.770047,0.24014387
0.7628193,0.1780448
0.104606986,0.7796565
0.113730036,0.67518187
0.76788825,0.17154026
0.78596675,0.36148706
0.763473,0.11419302
0.093593016,0.8197235
0.7673765,0.12989843
0.11479474,0.7673075
0.7758986,0.2785639
0.754029,0.14689033
0.095320426,0.74813193
0.091628104,0.72130316
0.7830107,0.091017015
0.7612082,0.096696466
0.11115201,0.8473165
0.10731946,0.8435515
0.76918036,0.1677593
0.108633414,0.89189655
0.75195897,0.25393635
0.74897504,0.16556282
0.7701442,0.20773976
0.7554604,0.20827647
0.11497142,0.6265052
0.7533377,0.348933
0.10869955,0.81147903
0.1025692,0.90459645
0.110248074,0.8096014
0.76129746,0.17809285
0.1074657,0.8029799
0.09341822,0.89562947
0.7819341,0.12150662
0.10569044,0.66740525
0.10385209,0.81277037
0.10815664,0.7826012
0.76700246,0.15020508
0.75539076,0.18825659
0.10380487,0.8180685
0.7696592,0.36641833
0.7861198,0.26648882
0.102949046,0.81313723
0.75985545,0.20706046
0.8759829,0.25171426
0.1106713,0.8578231
0.7601206,0.22990803
0.77200156,0.16345926
0.7721946,0.18497068
0.11162945,0.8413775
0.102987476,0.72328174
0.10821105,0.8419174
0.10318522,0.7402672
0.7633007,0.26054662
0.758978,0.178048
0.7620257,0.07245827
0.76403266,0.08782242
0.7847908,0.11444776
0.104926236,0.7898539
0.7748251,0.16711846
0.11517976,0.7860281
0.7694483,0.10761159
0.77198267,0.22432792
0.111488104,0.84523374
0.7505903,0.13531673
0.7597308,0.0772854
0.76487345,0.1808709
0.09844824,0.8273751
0.7629923,0.1039636
0.110160805,0.7485341
0.11126041,0.6720946
0.7941328,0.28501394
0.76298535,0.21592009
0.109227546,0.88670737
0.755832,0.1606027
0.12039366,0.7215322
0.80766237,0.073107116
0.7628835,0.18602486
0.7387388,0.24157454
0.109999314,0.7714137
0.7566868,0.14330001
0.1051434,0.8093595
0.76341313,0.13669935
0.75420195,0.114668846
0.09749233,0.74437183
0.74851716,0.18130027
0.7616942,0.25537506
0.11033349,0.8375757
0.77087945,0.22075844
0.10150701,0.7036592
0.117738344,0.806543
0.10905978,0.8752636
0.79028237,0.21590728
0.09361147,0.88708866
0.106128,0.8499503
0.10704884,0.7623122
0.11741889,0.8853135
0.75765276,0.25941235
0.11243067,0.8072367
0.11046794,0.8215835
0.7833062,0.08062418
0.7701146,0.25737607
0.777236,0.19532347
0.7643573,0.14274569
0.10065785,0.76469606
0.7750779,0.28433946
0.76751727,0.16530809
0.79406583,0.18890545
0.7820335,0.093468234
0.1062537,0.81803966
0.77200454,0.22245026
0.109535605,0.74723
0.11350185,0.8507161
0.10962597,0.7726329
0.09927848,0.77607423
0.09847825,0.6778333
0.10604707,0.71812457
0.10161155,0.8743151
0.79023165,0.18249384
0.7766496,0.14727803
0.8862494,0.24999198
0.11216071,0.8124964
0.10020639,0.87739915
0.74957365,0.18370502
0.113263816,0.80194175
0.114279486,0.86986446
0.103730686,0.8878785
0.7587759,0.45448908
0.7850333,0.21063796
0.10753395,0.65475506
0.11956728,0.779884
0.8060917,0.17609663
0.107266694,0.8250681
0.77762187,0.13939889
0.104743846,0.68199074
0.103064045,0.7203147
0.11164312,0.8022622
0.10835283,0.83935726
0.10760559,0.75500494
0.7527978,0.13549297
0.77333003,0.1936653
0.7686833,0.22229645
0.10859092,0.7458233
0.107175075,0.8031321
0.11453726,0.8916018
0.7588546,0.17633696
0.117734216,0.7468342
0.105766155,0.8432888
0.77291745,0.07437438
0.09622922,0.76297385
0.08639245,0.71546346
0.76647127,0.068113364
0.117495984,0.7047903
0.10232196,0.7992374
0.10944256,0.6516374
0.7795663,0.12653401
0.7993188,0.026801564
0.110135086,0.8746323
0.79590935,0.22003429
0.10546975,0.88791215
0.10814564,0.78139
0.099588655,0.8497485
0.10882419,0.8845301
0.106461644,0.8757362
0.7561997,0.27872407
0.7778344,0.13256593
0.106712915,0.80566025
0.11848181,0.88184816
0.7786584,0.10821878
0.11185378,0.7279855
0.7582517,0.1294306
0.10640779,0.77489346
0.123215,0.7021468
0.106877446,0.7190538
0.76372534,0.27970296
0.7850911,0.10760678
0.115215294,0.6923948
0.76681954,0.28797942
0.10133637,0.81549233
0.7672975,0.17161235
0.75443774,0.3855891
0.10659478,0.6349627
0.7483958,0.1647906
0.10018833,0.9049713
0.756749,0.16366753
0.76544243,0.14790766
0.09819304,0.6942244
0.9277276,0.33672017
0.11161793,0.79935753
0.106530294,0.76413697
0.11490558,0.7914624
0.760977,0.14473228
0.11038408,0.8399244
0.78595394,0.09627992
0.75308686,0.18034221
0.762851,0.12478291
0.7800959,0.076718256
0.7822411,0.21328303
0.10637372,0.73097664
0.118665494,0.8533628
0.8019448,0.18877406
0.10139626,0.7695344
0.754077,0.2478676
0.10080699,0.92069274
0.11039477,0.70966226
0.1193527,0.85432726
0.1158709,0.85644364
0.7309918,0.34348905
0.106828384,0.83175844
0.09843424,0.7801804
0.11132519,0.8498574
0.88395834,0.092603095
0.09760601,0.5947131
0.77389705,0.13733219
0.108501114,0.8919478
0.7795862,0.12712839
0.7746492,0.059031047
0.73588115,0.17128713
0.75112945,0.100467816
0.8047371,0.12537089
0.758192,0.18274696
0.7670684,0.06009004
0.10027602,0.6207953
0.75975114,0.17070717
0.7676635,0.2618235
0.76836807,0.2023647
0.79991287,0.2461902
0.11110925,0.8658608
0.75809085,0.24844436
0.7787025,0.20923612
0.10070239,0.86871094
0.76541466,0.20174149
0.10230691,0.8692605
0.7618589,0.16969945
0.09706501,0.8931782
0.85089844,0.29586977
0.76968104,0.15642443
0.10626826,0.83175045
0.76169074,0.23402384
0.76654994,0.065179914
0.78659225,0.21343362
0.10703105,0.68594795
0.7689545,0.13372585
0.09832383,0.8302493
0.104766525,0.7143084
0.7854839,0.1524464
0.75084007,0.29553655
0.10520488,0.71180266
0.75262016,0.24754718
0.11086839,0.7185091
0.75976276,0.15166298
0.764869,0.084714346
0.11735546,0.7385065
0.10691661,0.7800795
0.10311601,0.7794354
0.12362469,0.7361114
0.10657866,0.7357253
0.78442615,0.1384152
0.7365221,0.19522734
0.119774535,0.7422042
0.7470814,0.21275114
0.76201564,0.15881796
0.77373713,0.092245825
0.76474667,0.12680636
0.75752,0.20073216
0.7464855,0.1928402
0.11975423,0.849263
0.10744374,0.8444375
0.80242485,0.09440706
0.7609942,0.1673828
0.762076,0.2634929
0.114164785,0.87380403
0.11277419,0.76960814
0.7607039,0.19475472
0.11557998,0.61643434
0.11366938,0.7740203
0.11338503,0.9181182
0.7783216,0.18845685
0.7451047,0.2888109
0.76195,0.14522253
0.10643695,0.8750585
0.7685818,0.120809704
0.09971825,0.76948154
0.769162,0.21416259
0.7623819,0.13417605
0.107733406,0.7396008
0.10944639,0.8964433
0.117092505,0.71140534
0.10648057,0.74524814
0.76320285,0.11728348
0.76438224,0.26550674
0.11505621,0.8779022
0.7509976,0.19269441
0.75130403,0.19315101
0.108219735,0.8317777
0.10395372,0.7112339
0.11746495,0.75163895
0.77391845,0.08674581
0.76420265,0.13381237
0.7600158,0.13398859
0.7578094,0.2707953
0.77439404,0.30417186
0.103138566,0.8124259
0.7802467,0.12698421
0.75065184,0.13431862
0.76362497,0.47315198
0.11496188,0.6642491
0.7923073,0.20560576
0.768971,0.12525874
0.10063249,0.87742317
0.10791494,0.8696113
0.10847288,0.7428146
0.7638129,0.09078952
0.10859872,0.8912301
0.7645808,0.17316319
0.7666564,0.24054119
0.77031773,0.16431318
0.76105785,0.096124515
0.11188049,0.89811593
0.11060407,0.7526146
0.76528656,0.1455013
0.7407897,0.25402287
0.11605772,0.7949694
0.78767025,0.19121727
0.114749335,0.76229614
0.7595632,0.07925438
0.103967786,0.83280945
0.10178951,0.78163993
0.10763963,0.6407751
0.7604229,0.1768256
0.11314291,0.75102216
0.7664919,0.18188183
0.119658016,0.76637506
0.7672194,0.22304945
0.7705454,0.08840879
0.7782981,0.2452722
0.11241872,0.82741034
0.77256006,0.13522542
0.7698577,0.18476722
0.76749164,0.17170048
0.11764272,0.81674355
0.11584871,0.79417634
0.7622642,0.25360313
0.76784575,0.10072736
0.10365511,0.7977154
0.8793745,0.18489859
0.11484031,0.63645744
0.7627344,0.18289275
0.7602024,0.33381075
0.77148235,0.15628985
0.74670184,0.15156525
0.7537141,0.25840622
0.7405792,0.30192894
0.11505079,0.82725817
0.7747937,0.066054665
0.74652445,0.23114486
0.11243463,0.8566183
0.10494552,0.78151816
0.1248734,0.7345397
0.7598634,0.2992999
0.10280581,0.66753983
0.77683854,0.1580826
0.115327686,0.7811176
0.76234967,0.13704701
0.76621926,0.11615239
0.10377968,0.806128
0.10632049,0.8549297
0.11591745,0.78700376
0.1057964,0.6762633
0.7666436,0.1416162
0.10080564,0.8184466
0.75531113,0.11707681
0.10798045,0.8130555
0.10614233,0.83585507
0.10507499,0.78708863
0.11367757,0.73503476
0.08666019,0.83358645
0.7764015,0.12250953
0.77125454,0.20854402
0.7565015,0.1852975
0.7770179,0.14653465
0.77944356,0.25049666
0.762272,0.10013938
0.8478412,0.7017271
0.76126665,0.26515427
0.75691396,0.24310936
0.7633002,0.16861802
0.75825185,0.1505399
0.7753052,0.21369477
0.77414906,0.17539172
0.7843761,0.08580378
0.7776074,0.12884904
0.11547977,0.81770486
0.111141905,0.7661588
0.7813903,0.14441667
0.76943815,0.18372905
0.09468955,0.82366467
0.76441157,0.20650133
0.78624743,0.10957416
0.096771576,0.8222724
0.7609884,0.3405604
0.10645389,0.8305729
0.11807928,0.5120094
0.77768344,0.2794963
0.77237344,0.24339134
0.11003055,0.78227437
0.10736116,0.6969031
0.75583255,0.20562178
0.11121171,0.77015287
0.751056,0.06832644
0.10989207,0.8622833
0.098096296,0.85579
0.10986311,0.7695585
0.099487685,0.90518117
0.11717479,0.7866945
0.76357585,0.27725977
0.1143551,0.7823929
0.11161948,0.70605594
0.10864167,0.8308228
0.7675844,0.25948444
0.7541008,0.24155532
0.11359429,0.721968
0.76951104,0.12315998
0.10759539,0.9012
0.112831116,0.78221506
0.78349924,0.22244705
0.7768947,0.11388702
0.11382635,0.63930434
0.11597649,0.74894905
0.10968366,0.8093707
0.11394709,0.5701512
0.74199516,0.22513217
0.10489606,0.8097408
0.7652377,0.27470762
0.77033216,0.32631293
0.112407096,0.6922923
0.11246653,0.8313387
0.10738791,0.78548175
0.115044884,0.8349979
0.7709617,0.087495595
0.109101154,0.78281105
0.7754897,0.14773303
0.76002175,0.20820917
0.11395142,0.6804816
0.7715648,0.21257009
0.11045011,0.86979556
0.12076155,0.6912621
0.11706933,0.78957355
0.10424121,0.8499135
0.7644347,0.3058845
0.75901574,0.200008
0.7572682,0.23284149
0.102944754,0.8572479
0.09875861,0.849364
0.7616062,0.1259092
0.7775018,0.03575251
0.10598381,0.7940626
0.77296525,0.12085937
0.10587287,0.82456505
0.75120276,0.1849787
0.7638079,0.08459419
0.10413691,0.837063
0.10703956,0.78235286
0.10560453,0.71169853
0.7873937,0.15791918
0.7702278,0.18625396
0.7646071,0.1499263
0.74967164,0.26025346
0.102253385,0.7902464
0.11288414,0.8201849
0.76313645,0.14469224
0.10247348,0.6174373
0.10729648,0.8512352
0.78160787,0.08905283
0.10609343,0.87834597
0.10256253,0.7977747
0.11544008,0.8952706
0.10905962,0.70182157
0.113089584,0.696815
0.7662063,0.15441379
0.111173734,0.8569243
0.7443182,0.18918581
0.10571738,0.5945112
0.098202124,0.7461902
0.76284415,0.18638854
0.77024895,0.13503957
0.10706023,0.8324554
0.10660927,0.58143806
0.775472,0.09857253
0.7732528,0.14749591
0.7612248,0.17260887
0.11371541,0.74882406
0.1081181,0.6921401
0.10295895,0.8633006
0.7508563,0.24073184
0.797446,0.14727323
0.113547415,0.68808997
0.76710784,0.18456855
0.121354654,0.65523404
0.10044547,0.8884104
0.77058876,0.1304864
0.10920153,0.6135922
0.109424666,0.77840847
0.09606532,0.8115704
0.108039916,0.82138485
0.76081526,0.26047936
0.12079384,0.8369845
0.09221639,0.8321814
0.11147582,0.85583323
0.09279679,0.60554165
0.79703206,0.15509789
0.11001546,0.84350187
0.10525939,0.66729146
0.7740022,0.112395465
0.7589387,0.06465923
0.09974618,0.66083825
0.11542215,0.74037296
0.75154966,0.2721795
0.76967573,0.2246996
0.11520935,0.72658527
0.094216436,0.8025329
0.10344627,0.82396585
0.7485042,0.20491365
0.87002254,0.24802461
0.1106325,0.7646913
0.7621344,0.12419494
0.74703014,0.30903906
0.78594667,0.10988337
0.10159368,0.75909513
0.7397979,0.28316352
0.762306,0.28950623
0.107579544,0.8441283
0.7567254,0.17810087
0.7824918,0.15264186
0.78029835,0.2732529
0.7523186,0.16792752
0.09613274,0.83207566
0.10542488,0.8682864
0.7719743,0.1585392
0.10257372,0.919661
0.75286806,0.14539075
0.103396475,0.7292944
0.7871332,0.24483322
0.10380966,0.82619756
0.10427195,0.7386315
0.75127524,0.08879971
0.7889286,0.127593
0.0997892,0.83662564
0.12133673,0.70477426
0.09922757,0.78679866
0.7775005,0.15629786
0.1050559,0.8685507
0.76195717,0.37099394
0.74824363,0.2547326
0.09514573,0.8993047
0.78588766,0.14731808
0.10479657,0.8453972
0.75644165,0.1544186
0.7672951,0.14467621
0.7847682,0.29317185
0.10214274,0.7567945
0.7551756,0.12802717
0.7625692,0.19185972
0.10960481,0.70213723
0.80652916,0.31900254
0.11039622,0.848611
0.11080469,0.9179836
0.105474606,0.7426175
0.11900911,0.8647217
0.068549335,0.7644237
0.11467594,0.53158706
0.11806446,0.83104396
0.11936825,0.69562304
0.76502913,0.20530456
0.041598987,0.5151703
0.114613205,0.7727034
0.10173543,0.9303855
0.7661791,0.25850555
0.10259879,0.8213128
0.10538932,0.82477653
0.107413925,0.7282643
0.11292003,0.7434891
0.7626561,0.19387357
0.10265383,0.72287
0.7808866,0.13586466
0.11073001,0.76714087
0.11167575,0.70939475
0.764931,0.11019738
0.7729433,0.14061329
0.10824889,0.83235604
0.7818005,0.29980934
0.7692098,0.15196738
0.10308831,0.8912958
0.76348734,0.14107148
0.10319374,0.8249864
0.82352865,0.15042616
0.10678658,0.7726089
0.7812136,0.121468164
0.10630022,0.74995834
0.74135184,0.21171777
0.7540023,0.06766798
0.10892143,0.8586017
0.78734875,0.16536576
0.09959918,0.810066
0.7408426,0.17180781
0.10590645,0.8466468
0.76332426,0.14401135
0.093911745,0.7720449
0.11195069,0.79265594
0.09759501,0.64378065
0.09183873,0.65723026
0.7759406,0.11758947
0.10737988,0.6598513
0.10367815,0.73828864
0.7496386,0.19469865
0.7501056,0.22384569
0.7623988,0.18743952
0.11378623,0.6632414
0.10991984,0.8573953
0.75900507,0.15621135
0.10982907,0.86909866
0.7618366,0.14068538
0.10273403,0.8669502
0.7880912,0.118643664
0.7351563,0.3701384
0.11028086,0.71665704
0.7693417,0.23595597
0.76365465,0.12535807
0.10380999,0.9030568
0.76300305,0.23876606
0.10553615,0.8868259
0.1158775,0.7758435
0.10432488,0.7752155
0.75052375,0.1814028
0.76402897,0.15920728
0.7665436,0.13707584
0.11746409,0.67411643
0.10901967,0.8745586
0.7549014,0.25070333
0.114850275,0.7543369
0.76030785,0.2089253
0.10623845,0.6811737
0.78055036,0.17786856
0.7793576,0.12876734
0.7589337,0.1009148
0.7650998,0.1973373
0.103770636,0.93303216
0.110505216,0.7863885
0.75434935,0.15269634
0.10899008,0.87855107
0.7834059,0.10035086
0.11722352,0.76771444
0.74959344,0.2969608
0.10773866,0.6928322
0.7629453,0.1544266
0.09599189,0.88623637
0.094193615,0.8628633
0.11283432,0.81939024
0.7564751,0.22711878
0.110102065,0.7880691
0.7628176,0.28328368
0.76462436,0.12799513
0.76229066,0.1822327
0.10779099,0.8443414
0.78204155,0.097739436
0.7676423,0.116931014
0.11750794,0.5786504
0.7611469,0.24895063
0.10886448,0.7249255
0.107857294,0.8067256
0.75881815,0.2570188
0.764134,0.25028837
0.115061425,0.8539283
0.10165708,0.7688952
0.11782168,0.7177497
0.103991695,0.86031115
0.11544866,0.81634146
0.78947276,0.12398667
0.11930832,0.6447435
0.74844676,0.18661124
0.105212145,0.72060466
0.76661956,0.19767855
0.11699041,0.8662421
0.10245621,0.81630456
0.76909846,0.10161171
0.1085688,0.83120096
0.76457787,0.18646705
0.7644533,0.1966484
0.10905988,0.8732048
0.7396032,0.14186132
0.773142,0.2156221
0.10517513,0.8592313
0.7988594,0.18568683
0.11148906,0.89118844
0.7638586,0.26436764
0.10370037,0.9033179
0.743472,0.16383895
0.7567345,0.30572912
0.0077838334,0.6111234
0.10512362,0.77793103
0.11193804,0.8012705
0.76470244,0.30621615
0.75953954,0.27321926
0.10965071,0.73471916
0.74669284,0.16705117
0.08552731,0.7949854
0.109153256,0.7671617
0.10485066,0.8648339
0.7506178,0.10635394
0.7794405,0.15035085
0.77200645,0.20177032
0.7543084,0.21863885
0.09886929,0.80722386
0.11014628,0.7323689
0.7952716,0.13075715
0.7867295,0.24117562
0.7463983,0.14369893
0.7538112,0.08488737
0.77220786,0.12738793
0.7678011,0.12811208
0.10935771,0.71446055
0.11576075,0.8107117
0.7499413,0.17724214
0.7564815,0.22265051
0.78391516,0.14592585
0.7439543,0.27603897
0.10455356,0.805178
0.77046525,0.13983145
0.7954241,0.043096542
0.76590586,0.27711716
0.12045541,0.631382
0.10459232,0.7563267
0.7680453,0.15611683
0.100220524,0.76404244
0.106877446,0.8657871
0.7669739,0.13007946
0.11172501,0.9085232
0.7482296,0.16738921
0.09916169,0.89781475
0.1088835,0.83835113
0.115883514,0.7976529
0.7666715,0.2618796
0.1163453,0.7541158
0.76087165,0.14771861
0.10817585,0.6883303
0.111443065,0.69257104
0.74891037,0.2324698
0.108871184,0.8933016
0.110149674,0.7232978
0.77448094,0.16183473
0.09672826,0.9579657
0.10363348,0.7769009
0.10123041,0.7911788
0.77585185,0.25403568
0.12140468,0.71206063
0.7432131,0.17219391
0.76590335,0.15378737
0.109964415,0.807296
0.10643933,0.822439
0.10598077,0.8336169
0.10411643,0.8505111
0.77623564,0.095635876
0.109660484,0.94159055
0.101901904,0.8112115
0.77250767,0.10060079
0.11334151,0.8069579
0.7959429,0.19669326
0.7446737,0.33126503
0.112207465,0.7457977
0.09707875,0.7993255
0.75076336,0.17235252
0.10974032,0.86277515
0.7674523,0.2299529
0.7647836,0.14585055
0.1087157,0.89454806
0.11047355,0.86535937
0.77446747,0.30019706
0.7514835,0.21527284
0.02926469,0.8637973
0.78240556,0.14775226
0.76400125,0.24789003
0.7765278,0.1917684
0.106564365,0.77359575
0.81802,0.12510493
0.12050747,0.8786424
0.11046784,0.88434106
0.115501225,0.75301677
0.117734976,0.7635554
0.76492244,0.13907847
0.10835316,0.6859864
0.78456914,0.16122112
0.75159353,0.31604186
0.76742774,0.24666923
0.11184566,0.8247685
0.11127322,0.8168605
0.10121929,0.80759394
0.7450836,0.24087442
0.116107374,0.6640312
0.115817875,0.6754734
0.77249825,0.13099426
0.7768239,0.20238392
0.7519195,0.18080682
0.10611931,0.7885081
0.10281436,0.79492134
0.103940316,0.8557099
0.7511894,0.2774456
0.10584813,0.8987648
0.10975286,0.7477571
0.7503432,0.17641225
0.09576581,0.86063313
0.76750696,0.14241084
0.76740897,0.22794066
0.7652933,0.14391361
0.77635956,0.27810887
0.101370245,0.8170656
0.1050315,0.7686228
0.103266545,0.8604313
0.7691539,0.15727834
0.10656975,0.95057034
0.103473276,0.8093723
0.11513354,0.7181406
0.75712305,0.22845173
0.10271478,0.8644093
0.10469316,0.8086962
0.7568536,0.13233843
0.10349464,0.79674613
0.8271774,0.12179179
0.11104308,0.80612326
0.7631758,0.30423597
0.11276343,0.8131917
0.7792567,0.12511775
0.7877599,0.13590951
0.76740015,0.15138902
0.114717215,0.8101445
0.7862948,0.21925727
0.76377225,0.18317953
0.7647691,0.09600436
0.788644,0.1938319
0.7373834,0.22155948
0.77895254,0.14478356
0.10442677,0.85326666
0.7622947,0.25894132
0.104135185,0.7669759
0.7663755,0.32467398
0.7738874,0.09986222
0.7654383,0.23710468
0.1003629,0.7387981
0.7766743,0.09678779
0.78065586,0.16511583
0.11464111,0.7339806
0.104697786,0.8000801
0.110918805,0.7479285
0.09914611,0.8189785
0.10316138,0.72462434
0.10813798,0.77997375
0.10724065,0.73549294
0.07112023,0.57489985
0.7714764,0.13381878
0.76544917,0.192539
0.74452186,0.30118075
0.106079794,0.784035
0.09959413,0.91352814
0.7482405,0.24356756
0.08749578,0.70451313
0.7414995,0.24956423
0.08471916,0.6970714
0.7561352,0.13033259
0.77457774,0.12141209
0.7613289,0.25154123
0.74888074,0.31419784
0.1134923,0.83558106
0.10838301,0.74287707
0.10198624,0.8516646
0.7756804,0.1984732
0.78012544,0.14227787
0.7732145,0.06942709
0.7460542,0.29035375
0.766373,0.16588484
0.11006641,0.85709894
0.098711096,0.87985516
0.108189784,0.83244574
0.74965733,0.27438077
0.76704234,0.25502738
0.09426088,0.89478195
0.7809182,0.3601381
0.7556779,0.25821078
0.10718283,0.78113043
0.098317124,0.78563714
0.10130094,0.8074546
0.116925694,0.5832356
0.11303249,0.85285974
0.10702814,0.8600628
0.115763985,0.70191133
0.74965286,0.13464867
0.11820066,0.7692413
0.110753946,0.8033788
0.76209134,0.21182512
0.10502229,0.82146657
0.10304783,0.91398317
0.9142274,0.20249127
0.78962374,0.30943477
0.75022405,0.2243199
0.10146429,0.870422
0.10435832,0.7296885
0.78056645,0.21536416
0.7750124,0.119866066
0.7508328,0.19256625
0.111619875,0.7743471
0.103539966,0.86638147
0.123889886,0.8335689
0.7460328,0.1555705
0.11263406,0.87817776
0.77465075,0.180025
0.10219626,0.7924477
0.10329712,0.82025856
0.7580915,0.29149604
0.1076541,0.7176359
0.09945853,0.62407
0.10538932,0.8070396
0.76526505,0.36019257
0.09666037,0.86772406
0.110308625,0.8180012
0.7814565,0.31886795
0.11177513,0.8100708
0.113827534,0.9199766
0.7524363,0.10676087
0.10264785,0.8342946
0.058446206,0.8543529
0.09665212,0.86862284
0.10052013,0.78625715
0.11932869,0.72275144
0.03742011,0.71679
0.11084081,0.73550737
0.7741922,0.10787914
0.11462869,0.74713546
0.7812005,0.20837739
0.8499537,0.23419367
0.7705782,0.21879105
0.7676154,0.25271717
0.7704403,0.10273479
0.10490356,0.8186004
0.7801465,0.13488577
0.75765306,0.18576212
0.11090665,0.7614935
0.11178583,0.8088084
0.088703096,0.73851615
0.76566774,0.12706912
0.7529605,0.18807715
0.75947034,0.1047214
0.108422466,0.72779965
0.10328474,0.85178953
0.7718621,0.2723285
0.09721386,0.79401135
0.11732436,0.8224503
0.78489184,0.19614375
0.11367951,0.74822646
0.77036476,0.20143227
0.11121953,0.82253516
0.09642812,0.7821302
0.75712305,0.23464705
0.7842432,0.13162869
0.07868406,0.8278365
0.1056144,0.74344903
0.76645195,0.24140473
0.7566432,0.19376302
0.11211416,0.82619435
0.10985393,0.82813454
0.10922626,0.8343923
0.08675958,0.8659105
0.80170745,0.27790222
0.7494633,0.1356724
0.10614243,0.7273126
0.75956017,0.2903826
0.7544701,0.23266366
0.76676947,0.3011343
0.108042724,0.83729374
0.7661567,0.16528244
0.11345681,0.775145
0.112274826,0.6500288
0.09282584,0.7211365
0.77124685,0.10574193
0.7692601,0.093146205
0.7743906,0.25021788
0.11071346,0.731994
0.119112685,0.8322856
0.10506432,0.81618285
0.11508375,0.65325224
0.109966524,0.76139736
0.109241314,0.84958345
0.11904665,0.76277995
0.75525963,0.30265468
0.11198737,0.89471626
0.1145611,0.6140873
0.11259834,0.7603672
0.7586253,0.13604088
0.11117558,0.8247861
0.7583159,0.18061937
0.11944723,0.90628666
0.120015204,0.70530134
0.8086088,0.12665738
0.7749145,0.27047646
0.75693876,0.24158576
0.10986717,0.8108478
0.7796755,0.100208275
0.10948631,0.8433256
0.102700844,0.83855456
0.10956397,0.784466
0.7762955,0.15059918
0.111760534,0.7955846
0.7459308,0.3234067
0.7624165,0.17753533
0.7626777,0.26222724
0.102052175,0.8260758
0.77354795,0.11785703
0.7699305,0.058946136
0.10564528,0.88461024
0.7618568,0.15336601
0.7596399,0.19156654
0.7764261,0.033456694
0.7903405,0.13963921
0.7825664,0.10653177
0.10780351,0.8360809
0.76863277,0.16766798
0.096198946,0.72509855
0.7626585,0.28930277
0.7566539,0.08918261
0.77584404,0.15042296
0.7599746,0.120659105
0.11217128,0.8191932
0.10653574,0.89099616
0.7784002,0.1580794
0.7710239,0.14145438
0.103942364,0.8365071
0.10751889,0.89272964
0.12412247,0.77563363
0.7513117,0.16467525
0.11519076,0.79943603
0.7486827,0.20696594
0.09322688,0.91587204
0.07007144,0.90103495
0.780834,0.23145087
0.7894433,0.27782372
0.11737521,0.67177415
0.7604152,0.081734434
0.7570203,0.24894902
0.76777875,0.19664039
0.12581459,0.64023036
0.1124001,0.79952896
0.794403,0.16767119
0.77935994,0.27531
0.1014067,0.78706145
0.7705264,0.16862443
0.7522153,0.26271588
0.7491057,0.1488545
0.10398829,0.8865055
0.11006155,0.7200343
0.10339895,0.73128587
0.11329674,0.77608865
0.10050524,0.8129306
0.10915649,0.8637749
0.10017255,0.83753085
0.10300039,0.791943
0.77370226,0.22313274
0.75592804,0.15562338
0.76573944,0.14675574
0.09738017,0.8461806
0.107212715,0.8278974
0.7528709,0.24467781
0.7411045,0.26142618
0.10517427,0.86429554
0.775397,0.1479413
0.107791424,0.72450256
0.106131434,0.8373226
0.11203264,0.85156524
0.11834178,0.7419302
0.113079414,0.7765436
0.777412,0.19850524
0.109138824,0.82512575
0.7632932,0.11228973
0.7549697,0.12584831
0.75121367,0.23869717
0.74408495,0.19462335
0.7701359,0.2034269
0.10583793,0.8224743
0.09914096,0.60668397
0.76853687,0.2583998
0.109111026,0.8682143
0.86063695,0.17799993
0.09231908,0.7337531
0.11462757,0.723788
0.11442563,0.8643901
0.7845969,0.14932391
0.7640253,0.15116633
0.7748497,0.24376142
0.09595269,0.8097536
0.11848198,0.7711189
0.7564389,0.18519017
0.109243594,0.67730945
0.10589783,0.8522061
0.10849339,0.7020283
0.75726634,0.1076212
0.75706476,0.1300266
0.75708723,0.24152648
0.111202724,0.63129383
0.7562808,0.11255087
0.7629831,0.13251145
0.7789545,0.24551731
0.104975365,0.679554
0.10879144,0.8505335
0.10442489,0.73105836
0.11374443,0.8185748
0.79766774,0.16266142
0.7570543,0.2427505
0.8412386,0.27776283
0.11793615,0.68867797
0.105388984,0.84906596
0.10649196,0.88387644
0.76167756,0.2555032
0.112757355,0.82307345
0.1143903,0.7598145
0.7607467,0.10990259
0.11027151,0.7028902
0.76470476,0.20812266
0.104784295,0.80073696
0.108168885,0.8892915
0.76277864,0.102723576
0.113514826,0.7607677
0.7775182,0.100331634
0.10009905,0.9064773
0.7477555,0.17920151
0.11387713,0.8060848
0.7536753,0.120659105
0.7626487,0.22908296
0.7768118,0.1427585
0.103644505,0.8526547
0.10582991,0.895128
0.11258183,0.8590615
0.11607901,0.6342978
0.11179005,0.86683166
0.7536689,0.102291
0.77114546,0.24155532
0.11889751,0.85042137
0.11631579,0.7232321
0.7801869,0.16544107
0.7564192,0.14548528
0.7703851,0.109087124
0.74915826,0.25565863
0.77610755,0.16423146
0.7650665,0.141009
0.11555699,0.8573536
0.10149862,0.7880323
0.7635369,0.22991765
0.7648451,0.13398059
0.7680882,0.22564805
0.10138207,0.6403057
0.7596641,0.1175334
0.10748627,0.7353888
0.75388724,0.18607453
0.111703545,0.74736136
0.039354775,0.74370694
0.76529557,0.2650149
0.10217027,0.64174116
0.7396358,0.3496059
0.11747743,0.80706686
0.7683384,0.23836233
0.106391616,0.79035854
0.76261157,0.2942917
0.77512467,0.28958634
0.099469855,0.8608655
0.7843625,0.07060463
0.78364456,0.088609055
0.7754868,0.1269858
0.118129276,0.62931204
0.7675664,0.11955045
0.10733052,0.8816736
0.105877884,0.7325531
0.75286907,0.14143196
0.10953286,0.9048271
0.77456033,0.16299304
0.12064282,0.7631116
0.1014938,0.77061105
0.7708789,0.20675287
0.7693152,0.26896888
0.11380297,0.7828175
0.12152216,0.7029863
0.09963177,0.8090118
0.11067876,0.47934732
0.11873014,0.7548143
0.08305639,0.52602935
0.7751917,0.29940882
0.7835155,0.16627575
0.10280941,0.86995256
0.7818913,0.16839053
0.7821028,0.13443878
0.7650508,0.08510846
0.76737624,0.12874492
0.7672694,0.11894165
0.10809426,0.7599795
0.09823491,0.79485404
0.112157546,0.83142364
0.110737465,0.8911516
0.106409945,0.82656604
0.7532511,0.15903266
0.76714283,0.11635426
0.10757971,0.5405572
0.73558724,0.14638726
0.7648742,0.09585216
0.75911456,0.21395752
0.12665047,0.7875741
0.7480193,0.2157038
0.771457,0.10351021
0.10665926,0.83587265
0.7832042,0.06148547
0.7461754,0.13322279
0.11650792,0.757924
0.80781054,0.15050787
0.782789,0.1258387
0.11042389,0.8320132
0.7601426,0.13061938
0.1019551,0.8838172
0.78034455,0.13443719
0.10686289,0.82556796
0.76111203,0.12392259
0.7593187,0.12427345
0.76395714,0.22466756
0.7666337,0.23045115
0.11122468,0.8764811
0.10567351,0.815699
0.09291958,0.77928
0.10582156,0.86545706
0.777318,0.3368323
0.11252444,0.8418293
0.1038931,0.8056442
0.11596295,0.79815596
0.110935345,0.7806514
0.1097911,0.76167613
0.11380908,0.8766974
0.7646992,0.13343908
0.78517735,0.106096
0.11617156,0.6916931
0.7524618,0.20980006
0.102357194,0.8377023
0.79574096,0.13364413
0.78571135,0.18701336
0.7829806,0.32723254
0.10807359,0.7869076
0.113033846,0.79478997
0.77397376,0.20475824
0.12111366,0.8107661
0.09995426,0.85370886
0.11243298,0.8744545
0.7965352,0.29127815
0.10450383,0.8465859
0.09928895,0.8422779
0.7490443,0.23705341
0.09825772,0.8266013
0.11389067,0.83395016
0.7690377,0.095751226
0.761509,0.21597776
0.769891,0.10951168
0.11001239,0.80421513
0.09984808,0.8137268
0.110115804,0.76885515
0.7610996,0.27114135
0.7407757,0.23890384
0.7781156,0.12056778
0.109974355,0.53611135
0.75423604,0.1360537
0.7602316,0.17795028
0.75284505,0.09551411
0.10816641,0.82214904
0.77611333,0.22750168
0.7677682,0.12952673
0.11571723,0.692672
0.7694297,0.05812586
0.10188606,0.87467235
0.10589469,0.8077077
0.09716225,0.7964225
0.09847568,0.81468165
0.10587439,0.7606139
0.76289606,0.2306386
0.76149356,0.21012689
0.10720898,0.8448012
0.75034124,0.15153642
0.11559629,0.7351517
0.75676864,0.1429075
0.09541644,0.88737863
0.77179104,0.2243103
0.7468602,0.28395656
0.11458121,0.69109875
0.74448115,0.22498639
0.7617745,0.22912781
0.784389,0.07227402
0.11693263,0.5570605
0.10098826,0.8648531
0.11331886,0.8365439
0.76118416,0.17328015
0.79705083,0.1240876
0.80023694,0.099226184
0.104913786,0.83357364
0.1078361,0.8128617
0.75112575,0.17543337
0.11138628,0.71062195
0.78450924,0.1930597
0.76775396,0.12356211
0.7695623,0.18511967
0.7712141,0.1781233
0.11493134,0.8472252
0.7594858,0.20009132
0.7689199,0.16200295
0.7700025,0.40192252
0.77198595,0.107936814
0.75025856,0.0839133
0.7713521,0.13936524
0.7635609,0.22825627
0.74870855,0.22750168
0.111488864,0.86872214
0.7685589,0.13002339
0.75802124,0.22625205
0.1131403,0.70516837
0.10066812,0.9020218
0.7771562,0.21170816
0.76266676,0.09056522
0.10028785,0.6509516
0.7503381,0.29005736
0.760099,0.22316319
0.10470614,0.8076997
0.758493,0.13905925
0.10478122,0.81379247
0.7599152,0.15127687
0.11658525,0.7641818
0.76350373,0.12726137
0.78877544,0.18591592
0.10761342,0.84933513
0.78446865,0.2190618
0.76038617,0.17604217
0.76265395,0.12135922
0.7678135,0.18638054
0.11304943,0.63259315
0.75221294,0.29080713
0.74339724,0.17327374
0.10102943,0.8615928
0.77915406,0.23642859
0.7578118,0.20699798
0.112664506,0.752118
0.7553024,0.24160819
0.75939864,0.14053799
0.74125975,0.29163224
0.1073048,0.8753421
0.10489305,0.8820228
0.7777949,0.1862892
0.77390033,0.2179852
0.1126827,0.7574338
0.7621913,0.121077254
0.78041494,0.15293665
0.8947418,0.19165786
0.76822835,0.07265853
0.11037949,0.8191627
0.7750215,0.15123361
0.115584366,0.7125012
0.7554164,0.14734691
0.08273912,0.7677769
0.74682295,0.14698644
0.7706272,0.19212887
0.7707354,0.13502355
0.11149692,0.87123907
0.11449259,0.7834134
0.7572239,0.27459225
0.7598927,0.08382358
0.11691196,0.73519176
0.7661028,0.12915985
0.118807204,0.8277404
0.7509816,0.13478003
0.7730675,0.1573136
0.79574805,0.11778173
0.75982165,0.33258677
0.10928668,0.86058027
0.10050266,0.8318322
0.10829389,0.78572845
0.111308746,0.64816236
0.7468122,0.14959948
0.111453764,0.7966868
0.7619998,0.21601301
0.76786596,0.26362267
0.098344564,0.9377087
0.10950348,0.85177034
0.7513402,0.36925566
0.8011063,0.26970425
0.77262044,0.16851549
0.10782579,0.740264
0.117095545,0.6168477
0.11055755,0.80894774
0.11808741,0.6866417
0.7732406,0.14154571
0.12139659,0.81407607
0.09734777,0.82587236
0.122657515,0.67777723
0.7559134,0.06031433
0.7627105,0.15311289
0.7736123,0.14334327
0.77132875,0.23920985
0.10373854,0.85391074
0.10519797,0.81746453
0.7488649,0.3540565
0.77487767,0.234756
0.1102734,0.82021374
0.091765694,0.79607487
0.7756349,0.20820276
0.78043044,0.11334551
0.045789488,0.701389
0.7648774,0.17011599
0.75441855,0.12826589
0.76916516,0.19356917
0.78704154,0.21694063
0.10617915,0.79254544
0.7631785,0.1856019
0.7488356,0.23830786
0.09429386,0.68431544
0.10803985,0.8048736
0.79189116,0.21999744
0.1176731,0.6991365
0.10319906,0.87645394
0.09824108,0.7753693
0.097927116,0.8522974
0.76955676,0.12465635
0.7370662,0.26255086
0.7658236,0.1471018
0.78576005,0.09618059
0.10649232,0.8796437
0.735809,0.28225031
0.10054925,0.7837771
0.8652862,0.17055017
0.1052094,0.8676087
0.10782137,0.8096847
0.110649146,0.62587553
0.103984624,0.72961
0.09834579,0.6999952
0.77386427,0.2674517
0.785271,0.17544939
0.10445715,0.79379666
0.10336871,0.7658047
0.104306586,0.68990034
0.10997425,0.7822183
0.7625751,0.1859704
0.112185545,0.79972124
0.10884661,0.81752056
0.10777102,0.8748374
0.11478028,0.799207
0.11834852,0.86087346
0.103253305,0.7938319
0.11730858,0.7158416
0.12312099,0.7343971
0.11295467,0.8330626
0.7394275,0.2829969
0.7726072,0.102818094
0.7610498,0.17055497
0.110434756,0.86634463
0.10148664,0.8164792
0.74792325,0.23578615
0.76842725,0.32001185
0.1071126,0.8242751
0.11399243,0.76807654
0.11791938,0.71917075
0.11113665,0.7192429
0.77693695,0.11647441
0.77791536,0.1827822
0.7622671,0.37998015
0.11474409,0.83046395
0.09657066,0.8389631
0.10178555,0.84797496
0.7631647,0.13728572
0.12307166,0.77394664
0.10354314,0.83141243
0.1087118,0.7971114
0.7512799,0.25040853
0.7614425,0.27140248
0.111686505,0.79408985
0.11412873,0.7420568
0.11571244,0.74803424
0.7579116,0.1639399
0.10326595,0.7923916
0.11104021,0.79959947
0.7445303,0.21193245
0.110371694,0.7351982
0.10830452,0.7998494
0.7660601,0.12618476
0.103599004,0.8186212
0.11657679,0.8150982
0.057774123,0.6941571
0.11513396,0.8705758
0.10919261,0.63847286
0.76638174,0.2157038
0.7647974,0.11663302
0.77387,0.16832323
0.11118711,0.7865151
0.097648606,0.806237
0.10792006,0.7148771
0.7629646,0.15131693
0.76373416,0.14025761
0.74786603,0.2634
0.7537284,0.10890128
0.78338236,0.1793441
0.7677566,0.12240059
0.76951474,0.17722131
0.7606837,0.12573777
0.10028504,0.8385466
0.7653875,0.33139157
0.7478704,0.1295684
0.74679637,0.20425518
0.7413942,0.25476304
0.11354807,0.917825
0.09534694,0.8444167
0.75633335,0.09493415
0.101076156,0.80348134
0.11243856,0.8014291
0.74766505,0.23549618
0.81303334,0.17474286
0.1208369,0.54197025
0.7479489,0.15348618
0.76046264,0.25636837
0.7884373,0.2507546
0.77204734,0.13626517
0.104989365,0.9027091
0.10026457,0.89554137
0.7595752,0.13920504
0.77670306,0.09981736
0.08994593,0.8151623
0.76039976,0.26254126
0.7870424,0.20125444
0.10944335,0.8057211
0.111837596,0.56311
0.11020852,0.88626355
0.7711647,0.27153707
0.10572524,0.8226313
0.09871142,0.79953057
0.114565,0.8180445
0.06662362,0.7394694
0.09654666,0.7472716
0.111704834,0.8375757
0.7734996,0.17003109
0.7664921,0.14209683
0.7479578,0.15367042
0.1170435,0.8929972
0.7707869,0.21346086
0.11199866,0.7538306
0.7672213,0.19543882
0.7636507,0.15251851
0.8201781,0.19436221
0.110505775,0.8214025
0.11132598,0.913408
0.7511136,0.16351373
0.11445818,0.72342753
0.10218943,0.80659264
0.74845445,0.11531449
0.79173964,0.22848697
0.116194546,0.78534555
0.114013,0.9004117
0.74390835,0.21053383
0.76219934,0.20806018
0.110941716,0.7101525
0.104168504,0.91307634
0.76534575,0.30169663
0.10375723,0.81137174
0.75325423,0.4393316
0.7540164,0.14137588
0.77792567,0.20102695
0.76178,0.17809767
0.86505264,0.1590679
0.75022817,0.15370566
0.7621349,0.27360538
0.09474205,0.8411292
0.11817339,0.6609888
0.7777278,0.16655932
0.10783243,0.860968
0.098681085,0.8084463
0.7829604,0.12822422
0.10960204,0.7314541
0.7614335,0.12656926
0.10964008,0.69919896
0.7732215,0.38416803
0.75335884,0.2086097
0.10776105,0.87574095
0.7727637,0.10035727
0.787882,0.16093275
0.7579444,0.14744145
0.75237805,0.11865648
0.75740236,0.14274889
0.7557837,0.093200676
0.10935939,0.8568474
0.7540393,0.1393364
0.1101332,0.82014805
0.11167449,0.79781795
0.75542486,0.2882694
0.09185184,0.6658592
0.10957839,0.7596703
0.7744001,0.11858919
0.1025311,0.8992614
0.03756318,0.7775994
0.7473118,0.25166297
0.7580347,0.07752892
0.7538092,0.13374828
0.77103883,0.16049537
0.7604229,0.17152584
0.8227531,0.24038419
0.75090045,0.21305232
0.10590064,0.84707457
0.10871418,0.7559374
0.81228274,0.25600308
0.10717933,0.8028694
0.7584704,0.22928162
0.10208304,0.89274246
0.10858511,0.8257778
0.08857221,0.8292624
0.7597152,0.2180653
0.78095037,0.19761768
0.77036595,0.22510654
0.7801273,0.13649748
0.100926876,0.82316
0.1014204,0.8712984
0.10752067,0.84830016
0.76103884,0.2850716
0.76764697,0.15526931
0.110617645,0.87656605
0.114819005,0.88820213
0.76046485,0.17998174
0.8013909,0.13957672
0.09936885,0.6002323
0.113939404,0.7831331
0.76564384,0.12023615
0.75049335,0.14376622
0.11246702,0.798148
0.1143901,0.83340865
0.76987636,0.10655901
0.75271803,0.20062482
0.76754564,0.26941428
0.1175788,0.89072543
0.11985946,0.6854385
0.1081847,0.6252427
0.110644124,0.83114487
0.7769126,0.07396584
0.7380366,0.20132174
0.7837948,0.15994105
0.110512845,0.8983691
0.7503567,0.12781249
0.7643327,0.15078023
0.77382916,0.14895062
0.09273874,0.7999744
0.1065744,0.75562656
0.7752409,0.22443846
0.75647205,0.22992405
0.10109963,0.7317729
0.10509103,0.733689
0.11888605,0.6976802
0.09701063,0.81141496
0.102651455,0.73066425
0.76915646,0.2117418
0.75889516,0.13640296
0.76758647,0.14035694
0.7623963,0.25987855
0.7669449,0.15487199
0.7642231,0.16054663
0.7853958,0.11445096
0.101931,0.7446025
0.76247036,0.24493895
0.7666505,0.03562434
0.7573288,0.17446409
0.7468535,0.46970266
0.098948434,0.72245824
0.76121515,0.15392995
0.10378942,0.76443654
0.11311342,0.7404467
0.11051367,0.7748646
0.10949483,0.7645199
0.77220666,0.23306417
0.099645905,0.7681358
0.118426375,0.77555674
0.11334653,0.8461085
0.098800905,0.8839998
0.1171735,0.86809254
0.11141288,0.71092796
0.1107799,0.77261686
0.77761924,0.14437182
0.1108427,0.8487327
0.7618705,0.21413694
0.11190212,0.77436316
0.76138014,0.08034862
0.74286634,0.12481656
0.112309,0.7728043
0.78260577,0.20413503
0.7629592,0.1298808
0.1207315,0.73569804
0.09038438,0.7524336
0.76500726,0.2377279
0.11837665,0.72214586
0.772106,0.19426127
0.7614233,0.09456086
0.10615247,0.83564514
0.79390234,0.13656957
0.77720624,0.29273286
0.11893617,0.783069
0.11360123,0.73440516
0.11005079,0.8847864
0.11937904,0.71794033
0.7677999,0.14266717
0.105727024,0.87031466
0.76022935,0.21228172
0.11075005,0.734466
0.7540873,0.1898667
0.7616274,0.28785607
0.75090784,0.25078985
0.7553208,0.19125253
0.11506998,0.80653495
0.11599346,0.78871
0.11483228,0.88950944
0.10455888,0.8423916
0.06628264,0.8912974
0.105652936,0.81611717
0.11473824,0.6813227
0.76344943,0.12834279
0.10299144,0.7601397
0.78542036,0.11910827
0.7747032,0.08950783
0.1087679,0.7433849
0.74618554,0.19814476
0.7599393,0.26963216
0.09330015,0.88692206
0.81657726,0.09867667
0.12702747,0.8629738
0.106004976,0.5233186
0.7803167,0.20293185
0.7642721,0.116442375
0.11198532,0.8111634
0.10918231,0.9366657
0.7720409,0.30973276
0.7641513,0.13122176
0.7594711,0.3433673
0.748563,0.19882245
0.099488705,0.8843346
0.10625003,0.61194366
0.108946234,0.77679515
0.74616957,0.15989459
0.76250565,0.14479637
0.1104366,0.80348617
0.77398235,0.12104521
0.10886897,0.8494553
0.904515,0.28896472
0.76782936,0.13966805
0.75440615,0.2871976
0.78334576,0.110290304
0.10381752,0.83675224
0.75540304,0.22349803
0.10742882,0.749851
0.109570935,0.8539844
0.7623439,0.1643997
0.76717377,0.22052774
0.7510443,0.24021916
0.75871146,0.2768464
0.76883733,0.13523984
0.73818326,0.27168286
0.1223939,0.658363
0.7614184,0.12483578
0.11852648,0.8771572
0.7620368,0.10894934
0.1114743,0.7568266
0.11033484,0.7659441
0.104694024,0.8781954
0.12150634,0.7815758
0.11509359,0.80044055
0.7812493,0.05461886
0.11102866,0.7101461
0.7345966,0.2007578
0.782582,0.1448925
0.7810415,0.13089173
0.78316987,0.24926142
0.1051185,0.8037249
0.7507287,0.24768656
0.74617195,0.1980935
0.107179165,0.7772117
0.77076787,0.19073024
0.7611407,0.17555833
0.7565975,0.079034895
0.74630547,0.37488705
0.11160317,0.8466628
0.747157,0.25239354
0.10569097,0.80500656
0.7638923,0.22737832
0.114443064,0.85051906
0.11300571,0.8495017
0.76947075,0.36525363
0.75125504,0.232316
0.09807715,0.90307283
0.09740008,0.8619357
0.7955435,0.17811209
0.7831638,0.08874684
0.74254125,0.17174052
0.11337489,0.7974414
0.106158346,0.8497821
0.11542859,0.66962576
0.10363998,0.75931144
0.77815217,0.19799897
0.77076626,0.026880067
0.74859494,0.15093884
0.7753895,0.11430517
0.112421624,0.8442933
0.10767757,0.8508267
0.7830371,0.20153321
0.11718912,0.8558845
0.09369332,0.8379746
0.7642888,0.1687478
0.07206963,0.8116681
0.75605255,0.24745746
0.7392347,0.35566664
0.7745822,0.08942613
0.7730279,0.054407384
0.10902435,0.7415377
0.114992484,0.80938995
0.108087294,0.83150375
0.10057273,0.8872409
0.7755642,0.20863692
0.117440484,0.83320355
0.1145612,0.8917684
0.10330346,0.7225816
0.87413317,0.11157839
0.09989222,0.85534143
0.10095805,0.84549487
0.7562598,0.29971
0.110474214,0.8425134
0.116298884,0.8653049
0.09602768,0.82072157
0.10881303,0.7677433
0.7447754,0.18648307
0.75810486,0.1358935
0.75110674,0.15961902
0.11348798,0.8225175
0.10170694,0.93080044
0.11840438,0.85731196
0.7735175,0.21209908
0.11683414,0.80796885
0.7744805,0.14775226
0.08433661,0.92686725
0.10873247,0.83031017
0.12021147,0.7524304
0.10470759,0.8734275
0.7832799,0.19686309
0.74597806,0.16052902
0.109160386,0.7851245
0.10018367,0.8025169
0.11972336,0.67292285
0.7568389,0.3032587
0.803268,0.19437502
0.10206234,0.84325355
0.11295203,0.6278157
0.76319504,0.26230094
0.7548226,0.1451985
0.09535434,0.84776026
0.09726437,0.8663671
0.77429473,0.14433177
0.7764734,0.20579
0.7635762,0.3384889
0.11216738,0.7355234
0.11123393,0.7580842
0.058369078,0.8332196
0.11477403,0.8259781
0.88399255,0.19346502
0.10169693,0.76087666
0.763259,0.3263658
0.10798081,0.62863594
0.7507687,0.2397866
0.11991582,0.7545099
0.10179258,0.8646272
0.100091256,0.8040437
0.06930231,0.82435673
0.7622365,0.12506488
0.804493,0.118563555
0.09930291,0.7740331
0.1162724,0.7115191
0.7686519,0.1914592
0.7346867,0.31353775
0.752043,0.19550931
0.77491903,0.23346952
0.7882289,0.27220193
0.11693904,0.71786505
0.09945166,0.78221345
0.094130486,0.7503861
0.10782325,0.81316286
0.11102103,0.82803196
0.7571031,0.13950142
0.11642765,0.6782146
0.10107635,0.8606684
0.76384896,0.16056587
0.76503575,0.11551956
0.7790328,0.15395239
0.7457571,0.14417316
0.7319002,0.28008586
0.10032179,0.76549715
0.114767596,0.75775415
0.10161395,0.7780496
0.7583495,0.1884889
0.7597168,0.11565254
0.75082767,0.086532734
0.10767477,0.7984428
0.11188785,0.83203244
0.10300662,0.70177513
0.7571863,0.24223462
0.7593638,0.3222596
0.75286674,0.11629338
0.7875635,0.11546349
0.7466524,0.18608895
0.7628007,0.1328495
0.113619424,0.80222213
0.7686204,0.11992054
0.1050657,0.8277885
0.75508446,0.20608479
0.7491447,0.27236053
0.11217706,0.64629275
0.073381014,0.8749223
0.77152675,0.24183409
0.7475356,0.24855971
0.7581896,0.16445577
0.09643476,0.8638614
0.107705146,0.68614024
0.77527076,0.3145471
0.10671783,0.7820501
0.11417383,0.8514819
0.11004237,0.68120575
0.7556694,0.36405525
0.117651306,0.8146416
0.76063573,0.29167387
0.10275146,0.8279246
0.10496955,0.8217069
0.09877337,0.8446554
0.11342145,0.7761623
0.109067276,0.7479269
0.10994496,0.77501523
0.7581256,0.23355763
0.7605511,0.20725752
0.09828143,0.8052565
0.78601366,0.09143356
0.7743025,0.21367234
0.11232746,0.73396456
0.772524,0.25399405
0.1080274,0.829719
0.11180887,0.7356612
0.11574827,0.84714663
0.11020894,0.93291837
0.09502544,0.82699865
0.11021363,0.7921209
0.11471348,0.6215787
0.097025916,0.82851905
0.76824605,0.17376077
0.7881613,0.12421096
0.111044966,0.8646656
0.74403226,0.19349547
0.10860875,0.820116
0.76719594,0.25585568
0.1131683,0.78889424
0.10911502,0.8544458
0.11165329,0.8817216
0.7779538,0.28174886
0.10576054,0.782795
0.11473342,0.81954086
0.76750696,0.11441571
0.75067365,0.12952353
0.11524874,0.8739498
0.12021147,0.7524304
0.75753707,0.26770964
0.7662251,0.21727706
0.11698764,0.9089269
0.11044628,0.7191387
0.7878183,0.15154603
0.10007283,0.8625893
0.088694446,0.7749784
0.09884852,0.79959947
0.78398937,0.100733764
0.12178901,0.81092954
0.76129615,0.19841392
0.76210785,0.12321125
0.10825163,0.78312826
0.76857996,0.14684546
0.7519019,0.15223654
0.77392954,0.096384056
0.100728735,0.9534125
0.106095806,0.8253709
0.7502744,0.1572415
0.10606282,0.7480518
0.7645368,0.22445288
0.11144505,0.75896376
0.7781187,0.13688359
0.09268053,0.86740524
0.11347613,0.8016854
0.7660148,0.14478035
0.09622027,0.80148035
0.74262846,0.22327533
0.11215384,0.6967686
0.10510688,0.8450271
0.11420434,0.73648465
0.7576006,0.0942068
0.08538926,0.87329936
0.74583066,0.25500816
0.7595394,0.18008907
0.766917,0.18956712
0.10345772,0.87623924
0.10319975,0.8109279
0.7716654,0.22642027
0.11272879,0.79287386
0.10916227,0.78175527
0.7768798,0.1754654
0.108757965,0.844194
0.76275104,0.2130427
0.09311798,0.80924094
0.7623297,0.08824057
0.76328516,0.16141498
0.099324115,0.73753244
0.112428725,0.81488353
0.7863339,0.10062162
0.74997246,0.14079593
0.1188317,0.7293265
0.7668709,0.16948636
0.7767901,0.095483676
0.7597258,0.14430292
0.109034024,0.81721777
0.1089879,0.8653914
0.7603574,0.10467814
0.75689226,0.33887342
0.111770205,0.66646963
0.7455772,0.08496748
0.1081846,0.62212664
0.7745504,0.12928642
0.10519296,0.8071518
0.7652858,0.126981
0.10443017,0.81705755
0.11643016,0.79208404
0.10251621,0.90957415
0.1110312,0.87183666
0.10281938,0.7455622
0.11202567,0.7598689
0.108744785,0.85164696
0.107275285,0.7838204
0.10886847,0.88367456
0.75597703,0.23428498
0.10321672,0.77619916
0.7736344,0.19721554
0.76544493,0.33030856
0.11264476,0.64065653
0.09801656,0.7426832
0.7611181,0.23860425
0.77088594,0.25939953
0.7650664,0.17535487
0.10038961,0.8381332
0.7717679,0.17876734
0.058719367,0.59635204
0.76115835,0.12613349
0.7738137,0.23487295
0.78166056,0.14987183
0.10550019,0.7973277
0.10456373,0.76264536
0.75734955,0.39193502
0.105619356,0.80298793
0.11231993,0.8569932
0.75044215,0.20888205
0.104180194,0.9218687
0.11105989,0.7931238
0.10551023,0.8317761
0.10519873,0.82761705
0.09755467,0.7891634
0.11016014,0.8527188
0.7526409,0.29197186
0.7719778,0.15808581
0.024437007,0.81788266
0.7756519,0.13305616
0.7477649,0.2646512
0.11324001,0.75165975
0.11116624,0.70727515
0.1153537,0.85608315
0.7710589,0.19797975
0.09488072,0.8583742
0.106860146,0.8477106
0.11041234,0.87374955
0.78246105,0.18645903
0.75946087,0.19785638
0.111607395,0.82824504
0.108256385,0.91991895
0.7776562,0.141778
0.790425,0.21276395
0.7767325,0.12382806
0.11403879,0.7795684
0.7653891,0.1951328
0.09784179,0.889181
0.10275137,0.7428706
0.76524246,0.20032363
0.76727664,0.17968214
0.7802578,0.2069339
0.108308256,0.8471547
0.7891245,0.10568586
0.11066797,0.7129242
0.119825356,0.794987
0.7912465,0.38074112
0.76071805,0.2575651
0.080459446,0.8848938
0.099687375,0.61716974
0.7569787,0.14014226
0.7796341,0.16363388
0.7830783,0.14232594
0.7554091,0.15183441
0.7559534,0.16381973
0.769547,0.11911949
0.7532994,0.15890768
0.09302355,0.7676039
0.11234872,0.69073826
0.7758514,0.20790157
0.77705556,0.1311769
0.7607788,0.09936397
0.11245345,0.7947259
0.12841998,0.77801114
0.097055994,0.88904643
0.77008265,0.27053094
0.10476382,0.7796405
0.09877862,0.92212826
0.098915316,0.8028838
0.76706743,0.3191211
0.11181132,0.8050434
0.76869565,0.090312086
0.74684566,0.22360536
0.1142882,0.81984043
0.73970383,0.16178346
0.106892236,0.90935946
0.7461672,0.18708545
0.76160264,0.27085617
0.77126575,0.08759493
0.7576131,0.18708065
0.77765137,0.16553879
0.77429813,0.15303278
0.74840146,0.23326284
0.7737564,0.17878015
0.76405156,0.1646272
0.107520476,0.7701
0.7773782,0.23946458
0.7606379,0.14951456
0.76985735,0.1349835
0.7519392,0.23461021
0.7708154,0.12261207
0.76086307,0.30737448
0.76433486,0.10529495
0.7744668,0.28173763
0.11338384,0.89372617
0.75412804,0.10877952
0.103995025,0.8654026
0.10741997,0.743739
0.7553875,0.22663495
0.7746405,0.16824153
0.75776017,0.2882021
0.115145124,0.63463104
0.10872967,0.69509435
0.74512726,0.32734948
0.7741999,0.11762312
0.754567,0.12037874
0.77190524,0.25226536
0.105511844,0.8751402
0.10148353,0.73982984
0.77011526,0.13050723
0.7845463,0.16759749
0.10984816,0.8358182
0.77260035,0.14227627
0.75767046,0.18424813
0.08867833,0.8456791
0.7762853,0.2110513
0.12110474,0.873003
0.7532551,0.2005351
0.75932294,0.270869
0.106909275,0.6945945
0.76177925,0.31444454
0.76947194,0.11686693
0.76095843,0.2087731
0.9258515,0.1346022
0.11114607,0.70856804
0.74771327,0.26663142
0.1160915,0.7590711
0.7645578,0.19925663
0.7675162,0.2234724
0.763474,0.19380146
0.76138794,0.18581018
0.77726316,0.15839662
0.74928254,0.14758083
0.11057148,0.83776957
0.107657336,0.6672306
0.118531175,0.76772404
0.7612866,0.11317408
0.7858381,0.24465859
0.11288361,0.8835897
0.75653833,0.12186869
0.7811836,0.25588772
0.11618193,0.65842706
0.10862133,0.7923035
0.1060515,0.78515494
0.80182576,0.41218078
0.12157439,0.76315165
0.05270339,0.84813356
0.76788354,0.08743151
0.75372094,0.24447435
0.10381144,0.88275176
0.7601529,0.19827133
0.11256037,0.77923834
0.098589785,0.8840847
0.76190615,0.14445512
0.10786756,0.7955718
0.1009595,0.7590471
0.76841336,0.06510462
0.77814436,0.14615816
0.74414027,0.19370213
0.111207314,0.6592313
0.094986185,0.89859015
0.77522427,0.10430325
0.77428377,0.18106636
0.76415473,0.16348009
0.8090647,0.13046236
0.7578267,0.183689
0.122748025,0.74684227
0.7712753,0.11057387
0.09596679,0.8365824
0.78748214,0.14866224
0.1128224,0.7507306
0.09842206,0.87992084
0.779318,0.17597488
0.7617824,0.1811721
0.1080133,0.7567865
0.7660299,0.19807427
0.7804233,0.08408312
0.74747777,0.21114743
0.76793015,0.11694543
0.1060647,0.8708065
0.11844229,0.75438493
0.11045572,0.8071197
0.770409,0.18573329
0.105340056,0.88015634
0.75848746,0.30423597
0.10971169,0.8759765
0.10761289,0.8503829
0.74727756,0.12207376
0.7852508,0.11678522
0.7707328,0.1458105
0.7682759,0.1548031
0.10793419,0.85879076
0.11192262,0.81238586
0.10728185,0.79510236
0.77133733,0.25956294
0.11037338,0.8035935
0.095359325,0.8660002
0.11537127,0.8268256
0.7589809,0.119544044
0.77714616,0.15976481
0.7612137,0.11237784
0.7832988,0.18972412
0.11364617,0.73754686
0.763701,0.19295396
0.107780956,0.6302605
0.7627249,0.28467268
0.76232666,0.22437598
0.10525784,0.8163671
0.11560411,0.87167
0.88141274,0.112706274
0.75789434,0.14959948
0.8000576,0.15104458
0.7672901,0.14539877
0.7455483,0.37654522
0.75799286,0.30849114
0.75858414,0.21395591
0.10136777,0.879876
0.77564424,0.13363773
0.08335574,0.8204813
0.112291135,0.83242494
0.7655099,0.30249286
0.7949772,0.16805889
0.0984278,0.7902176
0.10418207,0.8874075
0.77520615,0.1673732
0.10705505,0.81436604
0.111371845,0.8553366
0.7697674,0.25436574
0.73348516,0.18339582
0.75541997,0.23953347
0.7813737,0.13964562
0.76344955,0.18183696
0.75555545,0.41601622
0.75389004,0.30795443
0.7676914,0.30547437
0.76241004,0.27410203
0.0992658,0.8345814
0.76837957,0.32032907
0.75500655,0.17814572
0.7434078,0.27494633
0.75542706,0.19965395
0.10429602,0.6929812
0.11113563,0.81617004
0.7854031,0.24579127
0.7662334,0.15696274
0.76653177,0.25790957
0.77736753,0.23518056
0.10661607,0.84370375
0.109935984,0.82501525
0.7759814,0.52129835
0.109218165,0.70499855
0.76210874,0.16876863
0.10557095,0.8120943
0.10771248,0.8136323
0.101492345,0.7352719
0.1097985,0.63991636
0.107058614,0.755218
0.10470663,0.8743039
0.7463706,0.29953378
0.10486892,0.7089974
0.77018803,0.110674806
0.10897691,0.7575379
0.07074676,0.9066263
0.77926344,0.28447083
0.7759999,0.13017239
0.09904861,0.8611058
0.10983075,0.8517511
0.77001214,0.11972668
0.105678424,0.8159265
0.11378504,0.90787596
0.10864312,0.81452465
0.10459444,0.7682095
0.111333676,0.6913727
0.11408409,0.7287353
0.110761076,0.7497405
0.76791483,0.20460284
0.76291215,0.13563074
0.7759834,0.1470313
0.11573236,0.64758724
0.74799573,0.2909177
0.76015675,0.20964946
0.108943194,0.6795123
0.7649458,0.20918004
0.11250754,0.84464896
0.10550257,0.9099106
0.7759101,0.119363
0.75096816,0.17222597
0.103936814,0.73264444
0.77505416,0.17587875
0.09871978,0.6588132
0.81620955,0.047930084
0.7644676,0.19769777
0.76211905,0.20467974
0.75152606,0.12354289
0.75075966,0.16765997
0.7639949,0.1723269
0.101288095,0.84941846
0.7493097,0.22444007
0.7526747,0.14771059
0.11288744,0.68136114
0.770257,0.0717213
0.099091895,0.84265274
0.110257514,0.75736165
0.10885556,0.8852991
0.10890169,0.92737514
0.7736798,0.2487744
0.1124522,0.8552437
0.78529674,0.24385594
0.7552667,0.17531161
0.10536052,0.8349803
0.110421255,0.87053895
0.10676333,0.7682383
0.116541006,0.8200551
0.76377064,0.14018232
0.75064105,0.35110065
0.76350516,0.11076132
0.77667254,0.17277548
0.765238,0.20033805
0.753741,0.24864782
0.10416662,0.8661396
0.09615149,0.8062738
0.10899724,0.8610673
0.7581757,0.16536576
0.760322,0.20300394
0.104840524,0.84788364
0.10826107,0.7782002
0.8784514,0.24692717
0.77108616,0.16787946
0.7667182,0.15699157
0.7583985,0.098577335
0.11335531,0.807501
0.762456,0.15281169
0.11384665,0.8488433
0.75168455,0.112182386
0.7729449,0.2123554
0.10119224,0.756253
0.10878203,0.8175126
0.77348936,0.13746835
0.117112845,0.82550544
0.10488804,0.6799641
0.77028024,0.10113108
0.7795256,0.056253005
0.10445143,0.7705261
0.76484627,0.19811112
0.76295364,0.30728796
0.7546056,0.111948475
0.1058662,0.808685
0.10421133,0.71610916
0.11708577,0.72021854
0.10864718,0.90982246
0.7695367,0.16225769
0.76175046,0.13107918
0.10924171,0.8277436
0.78299594,0.18220064
0.11026574,0.7706944
0.7696376,0.12892915
0.11862171,0.7624307
0.109569915,0.8691788
0.7485001,0.40271077
0.76481,0.14599153
0.73846817,0.2976353
0.11872466,0.74235636
0.7552012,0.29409465
0.11109915,0.7574241
0.11596256,0.72388417
0.12175137,0.8323208
0.7507464,0.22728379
0.7758611,0.1274328
0.115942776,0.80918
0.75559163,0.17096992
0.1083239,0.7879314
0.09032079,0.86948955
0.7577764,0.07404435
0.78175694,0.1987712
0.7714643,0.21172899
0.7784406,0.17018488
0.7446846,0.15679611
0.1029634,0.8996219
0.10652451,0.89042264
0.108022645,0.81948155
0.7514749,0.08621231
0.75441515,0.07395623
0.10628794,0.85043097
0.11369976,0.8444519
0.1089566,0.64669967
0.7653534,0.11843379
0.09930354,0.7777468
0.103376925,0.8096158
0.10342226,0.77287644
0.10959524,0.8651254
0.106565125,0.61034477
0.76752704,0.23960717
0.76259995,0.17397065
0.10237172,0.88783365
0.7708261,0.027649075
0.09759683,0.6906838
0.10343841,0.8513698
0.7632412,0.1527508
0.76574594,0.27468517
0.1068197,0.8637508
0.7736963,0.122575216
0.105979055,0.8715931
0.10747283,0.83649427
0.11141223,0.74655867
0.105493784,0.6152728
0.11749883,0.7535615
0.75611913,0.25881797
0.7815376,0.13939248
0.11195161,0.8361963
0.113984406,0.75911915
0.79885256,0.11369156
0.11852219,0.67062384
0.11139542,0.817402
0.7570969,0.18135794
0.7683773,0.058858022
0.1124345,0.78501076
0.10530885,0.6742462
0.109152064,0.883085
0.10238678,0.7511151
0.11504403,0.72089463
0.7569459,0.21720177
0.76524234,0.09940081
0.74030316,0.33960396
0.7625377,0.28283188
0.1151546,0.8355859
0.7666039,0.23632126
0.107950866,0.8525441
0.7535963,0.1673828
0.115852475,0.84091127
0.8288704,0.35576275
0.76808244,0.2509068
0.11277115,0.74897784
0.78327405,0.1876494
0.7664993,0.17959082
0.11117034,0.9099122
0.112463295,0.7301131
0.7876009,0.1250761
0.8003817,0.102678716
0.11045826,0.79270405
0.772979,0.14069499
0.763432,0.22679676
0.1142925,0.75119835
0.76526463,0.18846968
0.7772036,0.13114807
0.11266999,0.6669887
0.7559427,0.16853471
0.7602802,0.20879875
0.78088963,0.09332084
0.7591807,0.14698964
0.11800394,0.7667644
0.108116224,0.7514531
0.10565841,0.81810695
0.76400363,0.16826236
0.7625079,0.2041895
0.098962925,0.84324396
0.10182438,0.88496107
0.7555572,0.12147617
0.11698242,0.82425904
0.7700968,0.17836522
0.7597556,0.14880162
0.74357396,0.1969496
0.845743,0.105128326
0.7612335,0.16437887
0.10045284,0.8518232
0.113189295,0.704417
0.113462254,0.680645
0.75048095,0.26541704
0.74009,0.32979268
0.111023895,0.76749176
0.75826424,0.16481304
0.097410046,0.8876238
0.7933115,0.17534205
0.0822561,0.7433641
0.7663984,0.2823849
0.09610659,0.7343651
0.7635715,0.145583
0.77958107,0.16799802
0.10891632,0.6130219
0.7551193,0.18538883
0.77031577,0.15606396
0.105600104,0.8618668
0.7732066,0.26396874
0.09777827,0.89669967
0.7489888,0.23176166
0.11933847,0.8099811
0.12226103,0.7528726
0.749063,0.29010862
0.11278192,0.7318642
0.73601097,0.314193
0.7677479,0.11939825
0.75375056,0.18306899
0.10691984,0.77186066
0.107655786,0.7573697
0.75571764,0.15144189
0.76708436,0.20509468
0.755468,0.22448492
0.763488,0.080379054
0.09522131,0.73899674
0.78805274,0.13680029
0.10992713,0.87475085
0.77311295,0.1221074
0.11142619,0.72406995
0.10356226,0.78092855
0.11814473,0.49782595
0.7566839,0.12786375
0.12151476,0.7772902
0.7652336,0.21895286
0.108833544,0.8788346
0.74899644,0.22736871
0.11221384,0.6080618
0.746322,0.15311289
0.7644109,0.15247364
0.12224486,0.5668525
0.7532558,0.30264506
0.7719746,0.13150053
0.78554875,0.17267455
0.11302097,0.6565494
0.109707005,0.78052646
0.7639064,0.20356308
0.102854185,0.8323128
0.76793146,0.16048896
0.75752306,0.33769745
0.77040887,0.24390079
0.118282944,0.8269554
0.10568839,0.64927745
0.7606683,0.14785318
0.11300809,0.68808675
0.11495494,0.82016724
0.7617951,0.11427793
0.7705774,0.2189064
0.76236933,0.13180493
0.8396032,0.19037457
0.769226,0.2426832
0.75870603,0.17031465
0.7603238,0.33113363
0.10107549,0.6561425
0.77953035,0.198321
0.7806775,0.1022878
0.76765305,0.28613862
0.75843585,0.2695232
0.10253794,0.8250633
0.7545591,0.18751001
0.77400285,0.25848633
0.760565,0.13405107
0.10750159,0.6085312
0.10361291,0.8697795
0.11469473,0.8363966
0.10795172,0.8824426
0.10789173,0.85029
0.10689286,0.86848027
0.09309134,0.89236116
0.11106055,0.7757586
0.794636,0.063372746
0.7569521,0.19577046
0.109967716,0.73752284
0.105039194,0.7945561
0.7488076,0.30559453
0.10006273,0.84141433
0.11511317,0.77990645
0.10392057,0.69808227
0.76307315,0.15707648
0.118903555,0.8737976
0.10894402,0.8449261
0.7472481,0.16918838
0.10164354,0.81702554
0.103792325,0.6334407
0.11079934,0.6476818
0.76898843,0.28984427
0.105502896,0.7224999
0.7752221,0.32489988
0.11049739,0.83280146
0.12718636,0.7520475
0.10159546,0.8362411
0.74641365,0.15628184
0.749039,0.116067484
0.10829703,0.700157
0.10281394,0.79333687
0.7671639,0.23500593
0.7455132,0.17715243
0.11303401,0.85240316
0.7589167,0.14734532
0.77116936,0.16474734
0.7732078,0.19549648
0.7442591,0.24888974
0.7625857,0.20486078
0.7720775,0.1612067
0.7612953,0.20575956
0.10093784,0.89348423
0.7665016,0.11446057
0.77376616,0.1617466
0.119168684,0.7764059
0.1023494,0.7690586
0.10157338,0.8924669
0.7591172,0.22943541
0.10556362,0.92268896
0.111887194,0.6299737
0.13006689,0.8189785
0.7815644,0.09163062
0.76827645,0.28541285
0.778422,0.14127655
0.10863325,0.86336637
0.10599048,0.8247637
0.7752113,0.16428274
0.105676144,0.86072767
0.10927674,0.8029831
0.78897035,0.12566248
0.10652333,0.59082794
0.10689029,0.7447643
0.106317,0.95078504
0.784036,0.24180685
0.114840895,0.78840077
0.104745366,0.8329248
0.7562899,0.24507514
0.7826717,0.19719152
0.75774217,0.09688552
0.11099762,0.65625143
0.09406663,0.8621712
0.76468855,0.23762536
0.79114443,0.28747636
0.7636646,0.21106732
0.11232924,0.82548785
0.09922704,0.6592762
0.117149696,0.84857255
0.7643103,0.17427985
0.7520022,0.16887757
0.10251518,0.7468551
0.11327785,0.7924621
0.7593096,0.21999423
0.11533343,0.7977907
0.110393316,0.8691339
0.111725435,0.70855683
0.101733215,0.7305761
0.09808144,0.7795684
0.7531257,0.26518953
0.09677346,0.80119514
0.7840211,0.17303342
0.76203346,0.12851742
0.101364076,0.84127176
0.8057444,0.2601365
0.104961365,0.8386619
0.75061566,0.32932648
0.103305675,0.93555224
0.10373445,0.80011857
0.08493354,0.7812955
0.10958427,0.8589926
0.12006513,0.81536895
0.1034842,0.778817
0.78981656,0.15931782
0.7796518,0.21720658
0.09585568,0.8255727
0.75556815,0.13081002
0.7708093,0.17969176
0.7580124,0.057403315
0.1059044,0.85021627
0.11137152,0.8019594
0.111825116,0.7395799
0.08645882,0.86512387
0.10026585,0.8070156
0.11565651,0.72581464
0.75744605,0.23042873
0.7658788,0.16876382
0.76280755,0.24409625
0.7628382,0.13585825
0.7569433,0.24742222
0.75730133,0.19479798
0.7715018,0.069761924
0.10953323,0.8161203
0.75868106,0.16578071
0.75411904,0.18230318
0.7721137,0.25688905
0.09832871,0.8591208
0.11285,0.7801371
0.74179757,0.24461533
0.10360412,0.80164534
0.7810541,0.14415553
0.756732,0.19674613
0.7912708,0.21374764
0.1094249,0.95273
0.7643573,0.143135
0.08901379,0.89005417
0.11146334,0.8721651
0.115011565,0.5828399
0.11008407,0.85672724
0.76531565,0.1371175
0.77576756,0.058556825
0.75296354,0.12801436
0.751635,0.38386843
0.11361834,0.77131754
0.755677,0.29978693
0.7902725,0.1402512
0.10522766,0.6870214
0.10211144,0.7755487
0.7837268,0.13319555
0.7750635,0.06666827
0.0650401,0.7681038
0.10786832,0.87252235
0.10323102,0.8037025
0.76110834,0.091781214
0.101937465,0.8344708
0.7594681,0.17226762
0.7844618,0.14858054
0.7545093,0.23686758
0.75702107,0.2715755
0.10321596,0.875177
0.7509473,0.08713672
0.785449,0.084036656
0.758927,0.23807876
0.7701092,0.17140087
0.094464995,0.8670832
0.76606685,0.14733891
0.76412064,0.104014866
0.8492313,0.20291583
0.75996816,0.21704796
0.7526628,0.18036625
0.75694144,0.08649428
0.108210385,0.8413679
0.11713866,0.6834439
0.11952049,0.79446954
0.114398755,0.8578471
0.78040266,0.05714057
0.7815314,0.111985326
0.77639705,0.114713706
0.10891589,0.8260085
0.03940348,0.7195873
0.7614978,0.08630203
0.7520504,0.31016374
0.113268636,0.77627766
0.7709154,0.14762408
0.7714126,0.13492903
0.7654469,0.11154314
0.7766945,0.15684257
0.10423781,0.86442214
0.11048415,0.84464896
0.76066035,0.18103592
0.7692774,0.17145535
0.114678286,0.7685251
0.10095666,0.8449678
0.7757647,0.2283556
0.10164456,0.7438704
0.11599785,0.7763594
0.75658274,0.12194399
0.058109455,0.70537025
0.7800317,0.1536576
0.10567734,0.8159505
0.10775467,0.88489217
0.76301837,0.17008555
0.7434122,0.15546797
0.11206671,0.6738697
0.10070186,0.7403089
0.7708891,0.11959531
0.7577537,0.17412765
0.7837033,0.2630283
0.749958,0.2098321
0.11661493,0.81871414
0.10618017,0.8508443
0.762359,0.1374972
0.8891467,0.3198805
0.10930365,0.86626136
0.113864586,0.869065
0.110356666,0.84941846
0.7645858,0.34165144
0.11089173,0.8419959
0.7455322,0.3145599
0.111766644,0.79615813
0.887076,0.25558332
0.7698411,0.21854754
0.10063989,0.8618956
0.75361687,0.21106091
0.05053169,0.8533195
0.77664906,0.14828415
0.11479285,0.78808516
0.7562211,0.1215723
0.12130364,0.7189416
0.10621834,0.82885706
0.10629365,0.6772694
0.10441925,0.7021084
0.7467955,0.17001185
0.115946084,0.88815403
0.77234125,0.1888718
0.11159343,0.8849803
0.11269574,0.8359047
0.7633892,0.2547086
0.74451905,0.25154924
0.7570656,0.06682528
0.7994898,0.18280944
0.76326126,0.15615527
0.105832286,0.6236406
0.7776536,0.16622609
0.7650664,0.25231022
0.75284904,0.14272965
0.11856162,0.8235557
0.7653121,0.20237751
0.77191687,0.15338844
0.10183689,0.8474831
0.7594022,0.34201032
0.10549267,0.8361274
0.7790562,0.15741453
0.76825833,0.11550995
0.109156825,0.8019722
0.100949295,0.8750937
0.7677896,0.17037232
0.111428834,0.8601557
0.7619676,0.25139382
0.10876162,0.75346214
0.10796173,0.8526627
0.7680374,0.13752122
0.7787112,0.09244449
0.104185574,0.8179676
0.11605966,0.71978277
0.10394124,0.83265406
0.78202635,0.28581178
0.10910617,0.7099138
0.10320434,0.8328062
0.77531856,0.19211125
0.76389426,0.1216428
0.11175882,0.6869589
0.7654546,0.16282643
0.7636693,0.23863149
0.77268213,0.30005768
0.77449757,0.23957191
0.7854138,0.081611075
0.7474375,0.17978147
0.7585317,0.08227435
0.10163208,0.90498734
0.744982,0.2795171
0.75940275,0.23191066
0.1209694,0.74867344
0.76669365,0.21115863
0.7685324,0.17038836
0.10117547,0.8568618
0.75157106,0.22249992
0.77362984,0.15637636
0.75789154,0.17513378
0.107095234,0.87265533
0.114696644,0.73244256
0.114323966,0.66185075
0.7816961,0.29193503
0.7499014,0.23884456
0.7722056,0.09681342
0.117115125,0.66649044
0.10621576,0.8868772
0.11554633,0.87433755
0.10075667,0.7097504
0.11373971,0.8645471
0.7578018,0.14141113
0.7670154,0.40065685
0.11501936,0.7441091
0.09161239,0.79503345
0.11764391,0.87658685
0.102643594,0.84095454
0.77783585,0.1557868
0.11638618,0.8570124
0.7608517,0.1490083
0.10911469,0.79158574
0.76560843,0.13655356
0.7599108,0.16169214
0.09727161,0.8137188
0.7768889,0.2581579
0.7742053,0.2254574
0.101675205,0.71619725
0.11342897,0.88916177
0.7738863,0.30910635
0.76583254,0.43093818
0.106529534,0.8134849
0.7651534,0.1583838
0.7427172,0.2668605
0.11061952,0.798454
0.77551997,0.106198534
0.7753955,0.17102759
0.110050425,0.8038867
0.76412576,0.23442437
0.106578864,0.80426
0.7842596,0.17556794
0.11574926,0.77801436
0.76865363,0.16718255
0.7692841,0.05584767
0.80059963,0.24620943
0.7650615,0.14313659
0.7491724,0.12431831
0.116514355,0.6904691
0.7448808,0.28715596
0.75236434,0.08526226
0.113922134,0.8196562
0.7468791,0.20412862
0.102196,0.69103783
0.7794437,0.33076996
0.10088277,0.8482137
0.75519145,0.23653753
0.108256385,0.8743872
0.101573475,0.8001778
0.12080441,0.78455895
0.10824525,0.88822937
0.09687872,0.8382117
0.11626197,0.83319396
0.11326722,0.76580316
0.09729247,0.7737015
0.77800596,0.30550003
0.7813597,0.09158256
0.11526597,0.7918181
0.09700135,0.7357333
0.77740514,0.10798488
0.76675415,0.16185395
0.09898822,0.8954837
0.7678324,0.27192476
0.11390784,0.75017786
0.11625041,0.8316447
0.11486649,0.69006854
0.10339383,0.8657134
0.7670063,0.17612869
0.10436803,0.69538754
0.7550966,0.29624468
0.11074443,0.85196257
0.76433456,0.17302221
0.108614534,0.83922744
0.10720505,0.6714297
0.101523586,0.91339195
0.110305294,0.89821845
0.11726611,0.77392256
0.09818789,0.71909064
0.75929946,0.18197955
0.75903004,0.19684386
0.10794439,0.921034
0.75259095,0.024148483
0.10656539,0.796517
0.10906777,0.85256976
0.104023024,0.7515845
0.10903462,0.9276635
0.75656265,0.17322887
0.9112233,0.15947804
0.10795783,0.87192637
0.7674745,0.23076837
0.7576419,0.31862605
0.8415472,0.40005928
0.10797467,0.81819504
0.7533354,0.13730974
0.76900005,0.1486286
0.10483735,0.73273736
0.7522616,0.1637188
0.110580996,0.8372216
0.7657063,0.16855554
0.119736135,0.68601686
0.09874405,0.8092794
0.749365,0.40059918
0.11366046,0.88009065
0.11463239,0.52817935
0.109299265,0.84308213
0.110571384,0.74425644
0.76248837,0.19929989
0.109608576,0.84806144
0.7776741,0.2000817
0.107575975,0.87847257
0.0912789,0.78128266
0.11402366,0.7435291
0.119017005,0.51817423
0.10664912,0.84752315
0.10579316,0.8556186
0.092888705,0.7598129
0.09973753,0.9193454
0.12373543,0.67996734
0.11360767,0.8649668
0.7622707,0.178668
0.7786246,0.1796517
0.1058241,0.6664296
0.099143535,0.78703576
0.7890729,0.17528918
0.7634625,0.14416675
0.12047409,0.6708017
0.7574985,0.17874491
0.7848995,0.25687942
0.76267207,0.13663206
0.08914144,0.8146272
0.111024424,0.7370294
0.10529868,0.84660673
0.78363913,0.12844853
0.75241,0.08607133
0.789935,0.105094686
0.76245654,0.15178314
0.109657146,0.8275994
0.7892544,0.104780674
0.1116628,0.72122145
0.7607122,0.12559839
0.11072508,0.7210116
0.11871908,0.8568025
0.7605865,0.30148676
0.79041815,0.061328463
0.111537896,0.9307139
0.110501386,0.6203179
0.7750219,0.26659137
0.10812557,0.7769682
0.10912371,0.8035679
0.7704493,0.13219744
0.77069175,0.16118267
0.75669724,0.106341116
0.8628531,0.3129466
0.7762243,0.09809189
0.7544463,0.20093243
0.808991,0.15910955
0.11183803,0.73973054
0.09758643,0.9275305
0.104776435,0.7079544
0.0902046,0.86771923
0.11165844,0.7847208
0.7639373,0.10888846
0.11138753,0.7746996
0.10696045,0.79767054
0.7617815,0.14850363
0.10640575,0.7910763
0.11240214,0.8343362
0.7668339,0.14058445
0.7609301,0.16736838
0.09347848,0.61474574
0.76793486,0.106341116
0.7809142,0.14882405
0.10163994,0.818735
0.101056576,0.8368387
0.100244954,0.83598644
0.7626389,0.12105642
0.10776012,0.86490756
0.75278455,0.26357782
0.113633655,0.88509244
0.10831063,0.7685908
0.1136251,0.8795572
0.77177316,0.14251497
0.10654102,0.8422907
0.10606358,0.81620365
0.11436382,0.69584733
0.77533257,0.07792624
0.75825423,0.13655676
0.77873063,0.08169919
0.8010648,0.18560672
0.11269026,0.8309879
0.7660312,0.10344131
0.77187765,0.12899804
0.7687997,0.13057292
0.11059473,0.87663174
0.11044995,0.77917266
0.11162972,0.84110194
0.10595221,0.6695505
0.112280436,0.6989955
0.7535642,0.20316735
0.7511248,0.18070589
0.11140282,0.7744
0.7749716,0.1443574
0.7923147,0.20866737
0.7697221,0.10191451
0.7646365,0.17456022
0.77122194,0.28690442
0.77560765,0.15738569
0.744347,0.23479125
0.75607914,0.16323176
0.77070946,0.17746483
0.0998564,0.7599026
0.10097413,0.8812378
0.7590106,0.11187158
0.10556223,0.83465666
0.11487834,0.63174886
0.7618338,0.13838957
0.75282866,0.14723317
0.7842126,0.18318754
0.11085439,0.8727306
0.02928919,0.7938351
0.110403255,0.8325483
0.7548851,0.10424878
0.10284305,0.7519177
0.10486687,0.8489362
0.7459029,0.25339165
0.10651207,0.83222467
0.10556702,0.82328975
0.110328205,0.6874828
0.09949026,0.8217213
0.7632892,0.09041462
0.76461524,0.07773719
0.10951497,0.73835915
0.7624396,0.15816592
0.103909805,0.80995864
0.11154909,0.6710917
0.7577891,0.26526642
0.7673983,0.18956392
0.76188624,0.25277805
0.7600907,0.057710916
0.10822442,0.79028803
0.7545369,0.13029255
0.77248424,0.20310327
0.7481236,0.12737831
0.10177941,0.87173253
0.10623128,0.82402194
0.77986145,0.20192413
0.10728387,0.84925663
0.10685496,0.74936396
0.76884514,0.23227595
0.108764865,0.80430967
0.7789735,0.14502707
0.10557095,0.8197235
0.7583945,0.18510526
0.785348,0.19140632
0.10266459,0.8830978
0.753629,0.24765132
0.7687944,0.2935083
0.7528987,0.07528758
0.10516737,0.7688712
0.7613834,0.08352078
0.7566506,0.24366689
0.7699689,0.12755616
0.75101876,0.24483962
0.7733282,0.27502164
0.11535641,0.8725256
0.77379864,0.17134961
0.80103993,0.24049634
0.111066654,0.7810071
0.7706601,0.16290653
0.76514155,0.27651158
0.78824556,0.1732465
0.7611518,0.23602167
0.1187277,0.7044442
0.75832504,0.15742093
0.11362916,0.82770514
0.7510222,0.10689224
0.7693378,0.2543305
0.753967,0.19693999
0.76463836,0.12751931
0.10574671,0.65651894
0.10157083,0.8014851
0.7710497,0.16502291
0.10807795,0.863142
0.76431423,0.22068955
0.7825532,0.26039603
0.11675149,0.80276686
0.11352641,0.6798119
0.7648449,0.1472588
0.78691465,0.17961004
0.1174254,0.7246083
0.78653663,0.12260726
0.7564438,0.30825242
0.779896,0.055157166
0.7407184,0.23721842
0.10509156,0.8176728
0.7684703,0.23904803
0.77420413,0.098816045
0.7610131,0.28808838
0.7692083,0.119073026
0.10871953,0.8110145
0.7567116,0.21419142
0.7668693,0.10500657
0.7823498,0.16817103
0.10553955,0.8110545
0.113161564,0.79021436
0.7786778,0.079587616
0.10103663,0.8208289
0.1149279,0.8210212
0.7487645,0.18991156
0.11241304,0.74315584
0.104528405,0.77715886
0.1162168,0.6948861
0.10496087,0.8387773
0.095154874,0.7681342
0.7587791,0.23442276
0.7878808,0.08525105
0.10691149,0.7419959
0.7620631,0.31673715
0.1075633,0.84986866
0.7779723,0.08288955
0.7630324,0.2587635
0.7556392,0.26803645
0.78250223,0.1698997
0.781611,0.19724919
0.75576586,0.299851
0.11057607,0.721952
0.103536636,0.8648098
0.09709585,0.7983883
0.75782806,0.1944343
0.11687928,0.698965
0.7600554,0.2454997
0.10853258,0.8493143
0.7582471,0.17973982
0.76487976,0.18253389
0.114820324,0.74601877
0.1165209,0.8457416
0.76439786,0.094011344
0.75137377,0.061746612
0.10623894,0.796775
0.76016873,0.42520267
0.11106768,0.78481686
0.109263405,0.79775065
0.7601083,0.12756898
0.7584505,0.08615143
0.11377022,0.79597074
0.76484674,0.27021533
0.7567232,0.19331282
0.11531973,0.67205614
0.09912432,0.7468022
0.116387434,0.719818
0.11147404,0.68798906
0.74165666,0.14836906
0.7393711,0.11020859
0.7733669,0.1835384
0.101194456,0.81085104
0.10603409,0.8839037
0.11035096,0.79575604
0.1006868,0.8330289
0.759608,0.21360986
0.74680537,0.20866577
0.116823934,0.6658448
0.74849,0.24028005
0.110981666,0.8559582
0.7538102,0.23126662
0.76299614,0.16582076
0.09723974,0.7521837
0.7641761,0.24343298
0.10103353,0.74606526
0.11042313,0.806112
0.11228384,0.805508
0.7811036,0.13736582
0.74685055,0.21309558
0.11479144,0.83511806
0.115265645,0.68891823
0.10840837,0.7801788
0.7745195,0.14931591
0.76851624,0.19921176
0.11063531,0.71208143
0.7629737,0.091266945
0.76852393,0.124786116
0.7805201,0.24196546
0.7653926,0.13465026
0.10062909,0.84037775
0.77615917,0.2996988
0.7649342,0.20639239
0.123398446,0.67188793
0.10506851,0.7226906
0.7559678,0.23119453
0.77635545,0.15340607
0.12315206,0.82099235
0.770826,0.20509788
0.75258094,0.14050914
0.10552898,0.9346567
0.74091166,0.2428402
0.11107887,0.68249065
0.105071485,0.78995645
0.77213955,0.22558877
0.101679295,0.8823192
0.11761201,0.72693616
0.11298828,0.8144766
0.7413736,0.20554487
0.113093145,0.8244817
0.7323191,0.21948317
0.7951191,0.1907783
0.10525837,0.77627605
0.7686025,0.31590408
0.77663004,0.27732384
0.113855965,0.5433657
0.10087963,0.8305617
0.7669626,0.23116569
0.7675067,0.100599185
0.08846417,0.79367167
0.10598077,0.8297622
0.7624824,0.16107532
0.107930794,0.84179884
0.7877363,0.29247174
0.09963769,0.62068474
0.11791657,0.84081835
0.10143701,0.68701017
0.11128976,0.8151943
0.10675327,0.78129065
0.115766004,0.77084655
0.11606379,0.75604796
0.75877357,0.113616265
0.10291863,0.7542616
0.10959405,0.88465667
0.7599152,0.22073601
0.11262237,0.8607886
0.75299907,0.35531738
0.7372623,0.108374186
0.109982245,0.77762663
0.11169694,0.7594957
0.7819932,0.35178313
0.12622415,0.7529719
0.09725846,0.8909033
0.10735281,0.7617642
0.12155174,0.7808469
0.102317505,0.79904515
0.75606805,0.19218174
0.09725219,0.8479461
0.7662133,0.23973213
0.111808084,0.8539652
0.100504905,0.7639447
0.10980602,0.85715336
0.7733039,0.32948828
0.10365742,0.893268
0.7637276,0.37122944
0.76928335,0.28707585
0.097704075,0.8800763
0.109932415,0.83180815
0.10651055,0.8096094
0.76615006,0.13151175
0.102073304,0.9151142
0.76524776,0.18578295
0.09775145,0.8582268
0.109925024,0.8151078
0.78320616,0.100430965
0.7829785,0.1761527
0.7494785,0.30415586
0.7706899,0.26609793
0.10641156,0.78555226
0.7685674,0.21367714
0.7774868,0.14887051
0.767185,0.08518216
0.09464649,0.72435194
0.11269039,0.6869333
0.7671867,0.12063828
0.76440644,0.27121183
0.7615731,0.18241212
0.76206213,0.26476496
0.7643688,0.08760614
0.7575476,0.17254318
0.10459675,0.70885324
0.76547784,0.2367362
0.79265994,0.123100705
0.75901115,0.30963024
0.1054712,0.80284053
0.76300275,0.26078534
0.111813426,0.6831699
0.7418632,0.3403201
0.7775202,0.12993687
0.7900098,0.15317056
0.10387276,0.70422477
0.77169687,0.30172548
0.7759653,0.13046236
0.7669417,0.28126982
0.7988671,0.15378737
0.11567272,0.8142283
0.10200403,0.7405556
0.11122191,0.8066119
0.09736495,0.69838667
0.7520727,0.22905092
0.10940017,0.76868534
0.09922661,0.85215324
0.09841014,0.7580121
0.7653222,0.22338428
0.76432335,0.23807716
0.7650152,0.13166395
0.77401817,0.26816943
0.75161123,0.2580089
0.118040524,0.755343
0.77057874,0.22045724
0.757748,0.14270723
0.10738893,0.80017143
0.10079527,0.91862285
0.10799663,0.78903043
0.75111663,0.13439393
0.7630593,0.13027492
0.7870239,0.14104104
0.10842613,0.6419046
0.09023675,0.74782115
0.76982814,0.11717774
0.115533255,0.7973341
0.7422528,0.2725528
0.10072174,0.86968184
0.1109228,0.7171537
0.08907871,0.7105787
0.10931871,0.75978565
0.10063216,0.7976513
0.7680829,0.12269378
0.7695042,0.122129835
0.10430285,0.88259155
0.11304335,0.7486462
0.78078294,0.18979621
0.75548506,0.30256498
0.099515125,0.7386779
0.7735188,0.18872921
0.7672735,0.2622016
0.7620205,0.15642764
0.7834384,0.18861867
0.7732652,0.104157455
0.10858802,0.8108959
0.098817445,0.9045115
0.09617675,0.5087202
0.10942991,0.75911754
0.10253364,0.7000256
0.098410666,0.8430693
0.11826297,0.742523
0.08697849,0.82668144
0.7669624,0.27490467
0.7634354,0.22471242
0.10170994,0.7612227
0.8267389,0.27474767
0.11022509,0.7085745
0.091882475,0.8488801
0.75108165,0.22769393
0.7734151,0.2491637
0.76827246,0.09023679
0.112280965,0.7796645
0.10633829,0.8337611
0.10999812,0.7423147
0.75654215,0.13296485
0.7709329,0.14784677
0.77651024,0.21383575
0.11092864,0.80217886
0.7545393,0.26009485
0.75329226,0.18693967
0.110140264,0.86744046
0.7527975,0.2336121
0.7595705,0.26184595
0.11127685,0.75337726
0.10842144,0.79262555
0.099360466,0.8505607
0.7727205,0.10722708
0.76016665,0.18016438
0.109088674,0.79274726
0.75185704,0.16649204
0.76522183,0.13320516
0.7608405,0.13524304
0.11265071,0.80519885
0.10321322,0.8586578
0.1065573,0.78563553
0.10646558,0.8480807
0.10114754,0.77899325
0.10844383,0.6755199
0.10927935,0.62665415
0.75935453,0.32472044
0.79171085,0.23317793
0.774513,0.17389375
0.7621365,0.23794578
0.7647382,0.19828095
0.74931663,0.17799352
0.7565076,0.20458521
0.7781507,0.16390784
0.7596987,0.14742543
0.097804025,0.87061745
0.09591802,0.85360634
0.10319034,0.80865455
0.1125325,0.7666603
0.10431309,0.9804063
0.10691218,0.6589061
0.7662387,0.117725655
0.7577299,0.08707745
0.76638895,0.17861354
0.11055365,0.925467
0.10848523,0.82274187
0.10652554,0.7769041
0.778451,0.21867089
0.11151108,0.74429333
0.1151688,0.9107501
0.1165725,0.7938255
0.10096541,0.79300684
0.7650553,0.04033452
0.7540514,0.21397193
0.7620381,0.18419527
0.09230042,0.8469656
0.7692572,0.26520234
0.10986592,0.73760617
0.10582889,0.7992294
0.7870866,0.12509693
0.79811853,0.42014804
0.7725857,0.12176295
0.09286629,0.70561534
0.10387652,0.8257474
0.101936445,0.7398827
0.104445726,0.72693133
0.10788331,0.81413054
0.10687616,0.7995338
0.10958692,0.62833
0.78058916,0.2310984
0.09801114,0.82655966
0.7709113,0.13512129
0.7644385,0.12224198
0.7792514,0.13160947
0.74640465,0.23035663
0.12320912,0.9101413
0.77746564,0.10715018
0.76447433,0.17655484
0.76588815,0.040377777
0.76167595,0.23508924
0.77861416,0.24964434
0.7540644,0.14071742
0.73828906,0.28309783
0.09422383,0.5655997
0.108928636,0.77536285
0.11176443,0.669528
0.7661934,0.26076293
0.76360464,0.07784133
0.7705907,0.20177032
0.77640843,0.17649236
0.10931029,0.8634945
0.77099925,0.11688455
0.10921503,0.77817935
0.1060094,0.7700872
0.110991836,0.81132525
0.10332258,0.83784324
0.76626813,0.1684402
0.7687569,0.19640008
0.11429504,0.8238922
0.75938004,0.19789164
0.109522,0.8815069
0.7666552,0.15580761
0.12692921,0.73158383
0.11656791,0.7425182
0.10049616,0.77635455
0.10578313,0.64773303
0.7841588,0.14384633
0.10226022,0.84855974
0.10870652,0.6745955
0.09840112,0.78476083
0.101694025,0.8151591
0.7718795,0.12399468
0.08234848,0.8450495
0.10095494,0.8784533
0.7668493,0.12658368
0.7572188,0.20919126
0.75707006,0.20294146
0.1047278,0.81311643
0.7464534,0.17306226
0.76828843,0.16545548
0.76194555,0.15907751
0.7723138,0.17984076
0.7682244,0.13494985
0.775472,0.079026885
0.11273794,0.70448107
0.75463253,0.22948349
0.78156954,0.23489699
0.76629007,0.110493764
0.08774758,0.7531882
0.10524404,0.8217085
0.772223,0.17395142
0.12305529,0.6900253
0.10660135,0.771952
0.7601938,0.2539476
0.7548333,0.13203083
0.75336725,0.32192478
0.11445944,0.7301884
0.12045742,0.7604089
0.09668058,0.8532763
0.767256,0.12047326
0.10937299,0.8507754
0.10766242,0.77572817
0.11475726,0.76416737
0.10369241,0.83806914
0.11746462,0.74416834
0.10453282,0.8467846
0.80285686,0.100591175
0.7697609,0.24738216
0.10635038,0.8365343
0.7646188,0.120736
0.78830975,0.24272966
0.77010536,0.16914512
0.7528017,0.03528149
0.10993793,0.80902946
0.10780826,0.78569806
0.75969976,0.246799
0.78349185,0.06694383
0.7620714,0.21588483
0.76099265,0.22039315
0.113326125,0.8024336
0.76927924,0.19745907
0.116506234,0.7112211
0.10860453,0.71946234
0.10720862,0.76874137
0.7479879,0.3008491
0.10285821,0.79687107
0.7737236,0.107384086
0.10976901,0.8420215
0.113230966,0.7090006
0.10606163,0.8358214
0.114465386,0.7273992
0.10153171,0.89431894
0.10912717,0.7996475
0.09966975,0.8205245
0.7590041,0.1859736
0.7515505,0.18828863
0.10574535,0.6292848
0.76701975,0.1252251
0.100855395,0.8352062
0.11062309,0.8811737
0.7731623,0.23366977
0.103696875,0.8145855
0.10371411,0.79820406
0.7787067,0.11976513
0.111498535,0.81938064
0.12081088,0.7303454
0.11299931,0.7300282
0.7723591,0.15032843
0.104669884,0.7036416
0.105441615,0.72619915
0.7728349,0.13416642
0.762486,0.14335288
0.78504425,0.14408024
0.10924105,0.77398026
0.7630836,0.121950395
0.75784254,0.123075075
0.888478,0.25881156
0.11586499,0.8805665
0.7766484,0.1261399
0.7577267,0.2542808
0.110278316,0.781108
0.097768396,0.70827323
0.095571466,0.82990485
0.7621586,0.20761639
0.775888,0.2215643
0.75743735,0.10620334
0.74913305,0.24572238
0.78088474,0.25667116
0.793429,0.16590726
0.11639945,0.7019417
0.75871146,0.18229997
0.11423023,0.83104074
0.12997493,0.8112532
0.106532864,0.91978115
0.75826716,0.1429043
0.7719274,0.113364734
0.11190634,0.58524466
0.1098818,0.71497643
0.11165659,0.77898043
0.11159046,0.72421736
0.7658809,0.15381621
0.106063254,0.8186517
0.7659904,0.20012015
0.7542318,0.18163991
0.09277572,0.74113077
0.110059865,0.7876286
0.086712494,0.8567929
0.76607555,0.27009678
0.76410586,0.23166235
0.09671795,0.7150437
0.09887117,0.7433433
0.109273076,0.87290204
0.106604815,0.8492967
0.7720952,0.10247685
0.92137396,0.30342528
0.79091406,0.21382293
0.09892485,0.8229245
0.11146767,0.8042231
0.7610918,0.33616585
0.109569415,0.87889874
0.11026167,0.85911757
0.11729844,0.8182351
0.76772475,0.24521452
0.11189347,0.91392386
0.11011726,0.8468823
0.11644977,0.667998
0.10308072,0.8419302
0.10471142,0.8438768
0.10842646,0.6755295
0.77339214,0.2637156
0.77568793,0.08673299
0.11305788,0.6988865
0.10522885,0.83644944
0.11344869,0.6933705
0.76871306,0.15955013
0.101266704,0.80660385
0.106427245,0.8641337
0.10947518,0.76290494
0.10139181,0.76559967
0.11745518,0.82991284
0.7671654,0.18155019
0.105652936,0.76664746
0.100802206,0.79350024
0.7665471,0.34051555
0.773716,0.14732769
0.75453097,0.113936685
0.109150715,0.7267375
0.760614,0.2388686
0.7909739,0.20642602
0.09614856,0.8857381
0.12834308,0.76522315
0.7754951,0.11076613
0.79902136,0.10504662
0.756878,0.14124772
0.7568178,0.13081963
0.76002795,0.134301
0.76177,0.11417219
0.78260523,0.24198148
0.76930445,0.14935917
0.10739012,0.6599074
0.09637889,0.8832741
0.103706576,0.8380195
0.09194541,0.74857736
0.110768005,0.81154317
0.76793396,0.26665226
0.11374196,0.6984956
0.7697027,0.1324714
0.7530601,0.15894935
0.76322556,0.13992599
0.7417153,0.3458089
0.76780033,0.27247748
0.7622988,0.24966677
0.7720004,0.20776859
0.09998302,0.8422682
0.111944415,0.7841456
0.7644474,0.19063891
0.7730654,0.2692092
0.7766917,0.18394534
0.77563816,0.11718575
0.09373433,0.84866226
0.10964536,0.8305265
0.09823953,0.76452786
0.112296455,0.8088436
0.1161681,0.6934538
0.76860267,0.16909705
0.11313528,0.86997503
0.09201706,0.80521965
0.11292264,0.75409335
0.11307806,0.7673876
0.10715312,0.82071036
0.11428751,0.81373
0.1099588,0.7074257
0.10760252,0.8757506
0.7493713,0.14258708
0.7774952,0.1439793
0.094571576,0.8095517
0.10843158,0.5495562
0.09712781,0.6436877
0.7720696,0.08450447
0.09771025,0.7441331
0.1091762,0.83988434
0.77099025,0.120885
0.74845296,0.1356692
0.107499905,0.77100194
0.75493366,0.14035694
0.12666684,0.73813325
0.76621914,0.18129545
0.77841854,0.08258515
0.7503745,0.23447883
0.09919412,0.72460186
0.11676292,0.84112597
0.7604675,0.16823833
0.11011022,0.8725368
0.7624659,0.14103143
0.7707478,0.17564966
0.1191469,0.84442466
0.77334684,0.17269216
0.7501843,0.14396489
0.7556339,0.055416707
0.12556002,0.60567623
0.7564963,0.20467654
0.75093937,0.1435179
0.7591439,0.3395543
0.122215375,0.7985101
0.10518586,0.79996794
0.1084887,0.83579737
0.10580987,0.7679371
0.11302031,0.76993173
0.121799506,0.75977284
0.78371495,0.110237435
0.75551385,0.1016005
0.10796761,0.8141273
0.7888684,0.12009196
0.10533725,0.6782691
0.78419846,0.24440226
0.7622984,0.14250216
0.11177137,0.8035214
0.7808289,0.18153258
0.112597145,0.86574864
0.10943381,0.8435227
0.11943815,0.6413198
0.74640256,0.15857765
0.112064004,0.79533947
0.10555524,0.71237946
0.7775449,0.13859144
0.09805621,0.7315486
0.7912696,0.23336537
0.09098455,0.77526355
0.77451265,0.24055241
0.10745804,0.78411674
0.77289873,0.27167964
0.78053856,0.2508459
0.8004143,0.12480855
0.10954409,0.7864334
0.10082875,0.8554231
0.10991498,0.73656
0.10307722,0.7462927
0.08614488,0.80197376
0.76516557,0.16458873
0.7622986,0.07599731
0.7812759,0.18663207
0.7515069,0.17449774
0.111681886,0.8009789
0.7590166,0.09956904
0.77796936,0.29346022
0.0996183,0.80260825
0.7928121,0.19933994
0.11421425,0.69727165
0.10686262,0.834897
0.11274903,0.8352847
0.77596223,0.10195296
0.7580498,0.1266029
0.120468184,0.7100852
0.7491534,0.16660099
0.09732546,0.7965683
0.11118423,0.8896248
0.11646209,0.6682816
0.120253496,0.6040165
0.09916975,0.7867618
0.10229769,0.86724824
0.7762795,0.2383399
0.7653325,0.38317794
0.11471424,0.83131146
0.112657905,0.7795588
0.10286478,0.8753629
0.11410175,0.74434936
0.10156063,0.8050482
0.10603446,0.86206865
0.7675104,0.21021661
0.09766475,0.8929524
0.757433,0.29384473
0.78135955,0.14266077
0.76369375,0.10255535
0.825051,0.15299593
0.101789415,0.90208596
0.10531054,0.7311705
0.10974488,0.6971963
0.10245731,0.8398715
0.11124198,0.8328062
0.1085159,0.84513605
0.1063763,0.900141
0.11064175,0.89631355
0.11464176,0.66015095
0.7668606,0.24065174
0.75717705,0.18257874
0.7833176,0.5344484
0.77740175,0.14125893
0.77741045,0.13892306
0.11754624,0.8589429
0.104148366,0.8066679
0.7663714,0.107464194
0.77464104,0.17573456
0.10955274,0.9070076
0.11690965,0.675028
0.86687195,0.06667468
0.76028985,0.12123586
0.115533754,0.7899596
0.10970991,0.6997645
0.11168888,0.77616394
0.09949521,0.78310585
0.7736544,0.11393028
0.75897956,0.29727003
0.88248175,0.21380691
0.778,0.18751001
0.11196627,0.84551734
0.7658471,0.20429684
0.7695599,0.30835497
0.09864592,0.80638117
0.10599576,0.72130793
0.115610056,0.73531353
0.101941,0.80843985
0.7668479,0.13716556
0.7630539,0.111192286
0.7615344,0.13166074
0.76252794,0.21403281
0.09833574,0.69023037
0.10285537,0.88073635
0.10313243,0.7223974
0.1147609,0.598744
0.7723313,0.18138358
0.11192533,0.8087491
0.7654806,0.20498094
0.10118742,0.9163398
0.7484449,0.15349098
0.75928587,0.14101861
0.7536856,0.21354097
0.10986635,0.698446
0.75149715,0.25322503
0.7502036,0.29842514
0.09969365,0.77024895
0.77181834,0.2483274
0.10261929,0.8338861
0.78654206,0.098442756
0.12891486,0.6503829
0.108869396,0.7856692
0.10467302,0.8393508
0.108329184,0.7722596
0.122799896,0.7760822
0.09338081,0.83225834
0.1100246,0.8394101
0.76099193,0.11988849
0.1183957,0.7756641
0.1055162,0.8480278
0.07872431,0.63913774
0.7822208,0.14735653
0.10842101,0.77813613
0.11114537,0.8578615
0.7768283,0.19703451
0.11345734,0.670438
0.7569196,0.17125349
0.74167055,0.27324972
0.09301338,0.7700631
0.10816469,0.74396807
0.1163319,0.8158159
0.10698165,0.85623217
0.098698415,0.81828797
0.7544763,0.18494184
0.100900926,0.74332726
0.7673412,0.122708194
0.11134599,0.8077061
0.7594231,0.21439649
0.10614249,0.79848284
0.095289454,0.86749977
0.7569459,0.16728668
0.7621675,0.16809094
0.11279622,0.80901664
0.112760656,0.7068986
0.7639871,0.17770195
0.1083598,0.72945946
0.7953228,0.17160915
0.115064494,0.72862476
0.75501895,0.28020284
0.11541571,0.72320485
0.09749395,0.8283973
0.10286854,0.7067913
0.099361755,0.79653305
0.11044179,0.6886491
0.7482508,0.12014483
0.75233763,0.16418502
0.11313832,0.74712104
0.091859266,0.8189897
0.10369225,0.8211061
0.74991703,0.26194367
0.7565228,0.13226794
0.1012179,0.6600996
0.11837209,0.7406117
0.7556854,0.2088436
0.74977756,0.17078727
0.11471365,0.85546154
0.7710728,0.2474062
0.10665302,0.79132783
0.120073184,0.73250026
0.10416629,0.74227464
0.76193774,0.114792205
0.10817721,0.77808326
0.12292648,0.6108911
0.76520175,0.15376173
0.77934676,0.21584639
0.11199509,0.682018
0.111946195,0.75821716
0.112786874,0.89589864
0.7730489,0.20070973
0.7755367,0.13985069
0.10874997,0.83750683
0.11123215,0.85124326
0.74634683,0.19121727
0.099617444,0.878213
0.11750121,0.67876416
0.10080392,0.7533035
0.10218857,0.7421257
0.7586078,0.17376077
0.10477217,0.8294915
0.7653649,0.13030696
0.115148,0.6934794
0.7549794,0.21281521
0.10727264,0.78715116
0.11605993,0.7975792
0.11565113,0.64623505
0.7595821,0.11022301
0.10400708,0.86405206
0.7827364,0.1602134
0.10902359,0.83805954
0.79495007,0.059269764
0.103670225,0.90567625
0.10395593,0.91118747
0.11291142,0.76284564
0.747177,0.21056587
0.77314925,0.1790429
0.7696344,0.2592249
0.111207314,0.83319557
0.11151108,0.77891797
0.10741693,0.7612676
0.05654892,0.8974591
0.105680734,0.8772021
0.75968033,0.24452882
0.7704609,0.1310215
0.7623865,0.36307475
0.10954419,0.7213528
0.74935466,0.11568778
0.7938206,0.29770258
0.108282074,0.69607484
0.11561217,0.7156493
0.77233315,0.09224743
0.7688358,0.25965586
0.10831813,0.8007658
0.11718997,0.7569483
0.75416577,0.21591207
0.7620379,0.20493928
0.11022093,0.7852623
0.76105666,0.24218816
0.10294954,0.8427617
0.11769211,0.7880772
0.08217732,0.80986094
0.114099145,0.84367007
0.768978,0.23136115
0.07762263,0.78151655
0.73818713,0.09137268
0.09684874,0.78499633
0.76784414,0.19323753
0.7619021,0.27388254
0.104063936,0.77969337
0.74909246,0.17971739
0.10381676,0.83372104
0.11442199,0.77460027
0.09637107,0.7593867
0.7507308,0.22516581
0.09821226,0.83319557
0.111258954,0.82663333
0.7605386,0.22684802
0.09729419,0.7554199
0.10354476,0.7967974
0.10906021,0.8548832
0.11078518,0.8055497
0.8026766,0.17656285
0.75462806,0.12105162
0.7592708,0.118965685
0.09126269,0.7778413
0.7266591,0.40687624
0.10017443,0.5935371
0.10865026,0.79159856
0.77711827,0.14296196
0.1067566,0.7108735
0.76076573,0.14419398
0.74946666,0.24930629
0.09898799,0.8753981
0.112136014,0.83777916
0.10199838,0.756591
0.10858564,0.8156029
0.77364385,0.19939761
0.751154,0.14567913
0.7558245,0.102882184
0.80050385,0.22589158
0.108086966,0.7922779
0.75322384,0.12217149
0.10460939,0.82003266
0.76092476,0.18888623
0.75854653,0.27015764
0.110738754,0.8044202
0.7415099,0.17154667
0.7641452,0.32098594
0.7871863,0.10348297
0.7653073,0.09579288
0.7619495,0.33325964
0.83077294,0.13167356
0.7459877,0.21539299
0.7594435,0.13314909
0.75566626,0.36926368
0.776564,0.17267935
0.10653369,0.8102038
0.78008515,0.16828158
0.7694865,0.14079273
0.7448623,0.26068762
0.11401554,0.80413824
0.77046883,0.1423756
0.7809219,0.257924
0.78380406,0.10540069
0.7601308,0.27549106
0.77631223,0.20371848
0.10623095,0.7827646
0.1120434,0.6047919
0.10378404,0.925342
0.09315133,0.8447243
0.7542355,0.14827454
0.77067196,0.23396456
0.105373636,0.6819091
0.75739866,0.25550643
0.109954245,0.71849626
0.74793196,0.2989939
0.097433396,0.7331539
0.10878728,0.8144606
0.11468406,0.89482844
0.0990257,0.86070204
0.79426914,0.14430933
0.7715926,0.09834503
0.7783055,0.11538339
0.7592148,0.1760742
0.11232247,0.7834567
0.779993,0.12012561
0.76470226,0.2638614
0.7704135,0.13846967
0.11875801,0.70888364
0.100878574,0.8864943
0.11881295,0.7805665
0.77099156,0.24502708
0.109873384,0.8039524
0.76254195,0.22769234
0.7673934,0.09686949
0.7574257,0.24929027
0.7623926,0.13914095
0.7750105,0.08974495
0.76945597,0.13854818
0.11553662,0.72746646
0.77193534,0.1284325
0.77530056,0.16342081
0.11656719,0.6762921
0.81052715,0.0749191
0.097427815,0.87424463
0.78799593,0.18635489
0.7600175,0.50244963
0.10794644,0.7802397
0.7404424,0.18663527
0.77040374,0.12876414
0.76037925,0.27219072
0.7829584,0.14996795
0.76118296,0.340538
0.864059,0.1973341
0.7594471,0.14239322
0.7749915,0.25074178
0.7577971,0.12239258
0.77871704,0.14562465
0.7872957,0.10257298
0.7674748,0.12474767
0.038253423,0.80476785
0.11122072,0.84279376
0.7755188,0.058990996
0.77539724,0.13287833
0.768882,0.13592394
0.73993707,0.12626006
0.10901032,0.7787529
0.096046165,0.8580153
0.76738334,0.08716877
0.108548656,0.8590503
0.09710357,0.84396005
0.09439265,0.7832228
0.7810381,0.13150214
0.7640028,0.19715787
0.74624145,0.053479765
0.76796603,0.1491509
0.7565597,0.31140375
0.103409715,0.7702217
0.1086671,0.8434138
0.12206286,0.7589029
0.10389521,0.83647346
0.7571749,0.15489763
0.102380276,0.8284229
0.7950011,0.10714698
0.76233715,0.1252988
0.1199215,0.81795794
0.76145065,0.15234067
0.7638599,0.17023295
0.10899434,0.8373514
0.1093656,0.86598414
0.116612256,0.6867538
0.10338393,0.84722036
0.77155,0.073845685
0.7859697,0.18751642
0.7411851,0.112901725
0.7555734,0.2958089
0.10317505,0.79866064
0.108655706,0.88755006
0.104147665,0.7349579
0.7561944,0.16831042
0.80128986,0.14263032
0.7476706,0.09609568
0.11581668,0.84569997
0.10747029,0.7439296
0.76867527,0.16288891
0.76164466,0.17067672
0.108058736,0.717072
0.07430595,0.71386456
0.7475035,0.32494792
0.1071996,0.88356405
0.7708209,0.171348
0.7708925,0.12723093
0.7714468,0.19108109
0.110827774,0.7599074
0.09459277,0.8421625
0.109801635,0.82682717
0.1025969,0.7002067
0.0972271,0.8332981
0.113544375,0.6675911
0.11229358,0.7088228
0.76447487,0.15227178
0.75451064,0.20245762
0.1119599,0.5898555
0.75855124,0.28966963
0.75689363,0.2506697
0.78052324,0.21644717
0.10594871,0.8171313
0.09285351,0.8640104
0.108914964,0.8723686
0.7747801,0.15971835
0.11038969,0.7796453
0.7508727,0.40659904
0.11100832,0.84292674
0.10149836,0.77665895
0.1071516,0.78959113
0.7789125,0.16494441
0.7630919,0.16536896
0.73702145,0.2238585
0.7581339,0.26668268
0.109410204,0.7506841
0.7574178,0.27045885
0.07026453,0.76528406
0.11185906,0.789197
0.7507929,0.16161044
0.09387367,0.8361242
0.7531487,0.11229133
0.10345508,0.89875996
0.743246,0.19523695
0.76275027,0.15984972
0.75874925,0.18193309
0.76997143,0.085427284
0.114486516,0.8470313
0.77327657,0.09747509
0.75383824,0.44258386
0.79488283,0.25287738
0.77650404,0.19688231
0.10109276,0.8429315
0.7856741,0.21492037
0.7382228,0.19732289
0.7731813,0.15458041
0.106578596,0.90788233
0.77299815,0.1737111
0.7616749,0.19425166
0.7581533,0.21527284
0.097791806,0.7029014
0.105346456,0.69197345
0.10762551,0.7960316
0.102588885,0.8010221
0.0124680875,0.6370358
0.77789396,0.107090905
0.7537334,0.28784806
0.7540807,0.2331459
0.096112035,0.86638147
0.7502266,0.19350669
0.1094345,0.7564661
0.7611403,0.09650101
0.7635369,0.17429267
0.08616845,0.8765612
0.111878544,0.87740874
0.100665376,0.9337931
0.7643883,0.18755968
0.115081966,0.8592874
0.10936791,0.95134735
0.7541258,0.23610978
0.7668932,0.21917395
0.7569043,0.21812458
0.108499,0.76603705
0.76281655,0.13900638
0.110736445,0.8505511
0.10196999,0.8682223
0.10654905,0.7734003
0.74071157,0.11938864
0.73207,0.29623187
0.12190596,0.7826797
0.7588834,0.22742479
0.1037253,0.7001025
0.10613024,0.7904755
0.7651306,0.14159057
0.10743324,0.73897916
0.7602366,0.20949085
0.114034496,0.8084607
0.7745221,0.096249476
0.7760463,0.37182865
0.7975098,0.2412301
0.10580673,0.8063539
0.79617345,0.19847
0.7534221,0.20001121
0.7697398,0.17170207
0.09375501,0.68648785
0.10051904,0.8217085
0.11498654,0.8163174
0.104256004,0.7717293
0.10878457,0.7921
0.10617862,0.7982441
0.7509398,0.28318593
0.7665526,0.27239257
0.10183211,0.8002579
0.10867116,0.8370726
0.101971015,0.8468535
0.76154387,0.13569644
0.08600961,0.8120558
0.115898274,0.74459934
0.11035555,0.827452
0.10007617,0.7392852
0.7856894,0.07564164
0.09990857,0.7962447
0.095340736,0.81588644
0.7664393,0.11569739
0.7597464,0.24163863
0.74405485,0.2735685
0.77213836,0.19020635
0.11858024,0.8190506
0.7650726,0.17900126
0.1081705,0.81094396
0.7961806,0.11231055
0.10174827,0.82678235
0.10618211,0.8788362
0.11274649,0.70520043
0.76222867,0.23870519
0.7628325,0.18540806
0.10424497,0.8565638
0.10928906,0.87496394
0.10470076,0.86331505
0.05971678,0.78918743
0.76362866,0.19934635
0.763477,0.1477154
0.7825828,0.054652505
0.105227135,0.80551445
0.78503764,0.039857093
0.7595769,0.2136419
0.76786184,0.1711846
0.12276951,0.6896168
0.768773,0.3676055
0.7591889,0.14962511
0.10939541,0.6850508
0.7852309,0.10593739
0.7748135,0.16368034
0.10559311,0.6934586
0.10086745,0.7431174
0.7468476,0.16228491
0.113735944,0.7215755
0.7713911,0.1436765
0.75437933,0.16933738
0.107527144,0.73416
0.11222401,0.7935884
0.10478003,0.82428145
0.7616675,0.2593835
0.10960448,0.8268
0.09966443,0.8744513
0.7911591,0.10315294
0.7698254,0.20704764
0.096498616,0.82948506
0.7636482,0.15909834
0.7544194,0.35379058
0.804659,0.20051588
0.110671796,0.6392643
0.11461869,0.8412221
0.75586385,0.20032202
0.10564376,0.77375436
0.7588015,0.25166938
0.7562166,0.28472555
0.103571504,0.8462094
0.7683022,0.10361755
0.833582,0.22538531
0.11050637,0.84303564
0.76180935,0.19666122
0.10969944,0.75194657
0.09835077,0.9090775
0.094121866,0.8215931
0.7585847,0.167692
0.75594586,0.2932087
0.7636683,0.1817825
0.7603836,0.13256273
0.7873267,0.1842129
0.10909002,0.8497789
0.75429916,0.22985677
0.75615746,0.14392002
0.7631141,0.1905524
0.7505832,0.20850717
0.10612572,0.8140216
0.76444566,0.17396745
0.113747135,0.8227306
0.75686115,0.13784485
0.7663696,0.17602615
0.109118156,0.8199157
0.76242137,0.09386395
0.11231696,0.8115223
0.76476806,0.08715274
0.7727454,0.15470538
0.101112805,0.81519115
0.754011,0.13048159
0.75326437,0.31911948
0.76464313,0.18107277
0.77844113,0.16283605
0.76047474,0.3023647
0.10372811,0.71894646
0.10831301,0.665212
0.1051497,0.82350284
0.7632941,0.10498254
0.109211996,0.84975487
0.10854807,0.768743
0.7795739,0.17885546
0.104017906,0.8260918
0.087053075,0.7435371
0.7667359,0.19834663
0.10435843,0.9506777
0.7730877,0.24676536
0.10429381,0.853648
0.7743251,0.15795283
0.75314736,0.110727675
0.10723477,0.69079113
0.759568,0.14331122
0.777673,0.1657679
0.105805345,0.84157777
0.10016158,0.654127
0.766037,0.09604922
0.7675194,0.27790222
0.764137,0.23508924
0.75811094,0.14671409
0.7606157,0.26373643
0.11576963,0.7438848
0.101773165,0.7855202
0.09321704,0.6499696
0.7702507,0.121649206
0.09889372,0.8622641
0.75307447,0.11835688
0.75351334,0.120695956
0.7452385,0.26957607
0.11028578,0.714004
0.78142637,0.14202474
0.7900255,0.1427553
0.11485315,0.88827103
0.7442706,0.27677113
0.7449804,0.22657086
0.7923537,0.048538882
0.7848607,0.15538947
0.10869685,0.81254125
0.12286362,0.70364
0.7696756,0.21218398
0.76683855,0.21866609
0.7471975,0.23676184
0.7968527,0.12846614
0.77038604,0.08961517
0.10627457,0.8558637
0.80461425,0.16968182
0.09574299,0.6124211
0.12030636,0.80452114
0.101405844,0.6782755
0.78060263,0.18685956
0.09765772,0.8203515
0.7652332,0.11635426
0.11842991,0.84297156
0.7604931,0.18990836
0.10406657,0.81618446
0.11067823,0.83473355
0.75582516,0.22506489
0.775659,0.14627191
0.7739739,0.21954724
0.104324184,0.72572654
0.10625921,0.824972
0.7687504,0.11270146
0.11894476,0.7842898
0.11151297,0.8658143
0.100456506,0.7822631
0.7600384,0.19850524
0.7530186,0.2387116
0.7824437,0.13534717
0.7516,0.18960236
0.7871636,0.15588933
0.10852647,0.85181355
0.7317146,0.27235574
0.10490474,0.8900013
0.09303151,0.7416643
0.76604927,0.3057259
0.1061873,0.8343715
0.1167614,0.7344612
0.10872838,0.72098434
0.09064945,0.8607085
0.7642605,0.16161044
0.10849788,0.75356305
0.1221392,0.8176215
0.76722753,0.18903843
0.11488782,0.83288956
0.10850164,0.87178856
0.7784542,0.13005063
0.75979286,0.2989282
0.7588404,0.17513058
0.10646445,0.71733636
0.7563237,0.19188535
0.11377286,0.72001505
0.7734529,0.07728059
0.76663214,0.13626038
0.8038288,0.20661668
0.76822585,0.18569644
0.7614694,0.12607902
0.7526447,0.2229405
0.11403027,0.74177
0.11031923,0.8118011
0.7651545,0.23755006
0.10621569,0.8940306
0.1046575,0.7905364
0.77601945,0.18097503
0.101182476,0.90519243
0.78824556,0.12277388
0.107211195,0.8498638
0.11232732,0.60079306
0.1071647,0.8144702
0.10844482,0.7647714
0.082059935,0.7581803
0.10887901,0.8753565
0.11074952,0.8842978
0.09570225,0.75467014
0.783389,0.16892883
0.11319762,0.58796823
0.77636653,0.2445833
0.099996164,0.7986334
0.7650527,0.121389665
0.10687044,0.6638486
0.11045037,0.7834455
0.7716777,0.16631581
0.10660746,0.67618316
0.11630251,0.6645343
0.7423158,0.11082861
0.7445401,0.25825563
0.10709454,0.82009035
0.74896383,0.2700487
0.7345899,0.18150693
0.7639993,0.17832677
0.11336119,0.8189256
0.099272504,0.8512192
0.11604913,0.8107661
0.100697406,0.7383976
0.11889041,0.71712965
0.1081214,0.78831905
0.7683913,0.12519626
0.7685444,0.13166715
0.7661881,0.1926063
0.10763333,0.789668
0.10838132,0.7737944
0.122767664,0.7623025
0.7579337,0.18159345
0.7569512,0.3597696
0.760946,0.16938704
0.76842093,0.16518152
0.109537125,0.7104922
0.096266694,0.84045947
0.7450578,0.14997116
0.77323735,0.20351982
0.7543116,0.25263226
0.76163185,0.2167628
0.76995695,0.26099524
0.103375375,0.664358
0.75721216,0.15147074
0.10098833,0.8391442
0.76643664,0.2724198
0.11211865,0.74043065
0.098651566,0.8114534
0.7548071,0.2206639
0.10772727,0.702895
0.76949966,0.090239994
0.10443443,0.70193374
0.7861612,0.22138967
0.10883856,0.8031081
0.09734091,0.86848503
0.7734924,0.33570284
0.10772462,0.80408216
0.119025126,0.68077797
0.77025104,0.1758435
0.106431305,0.762514
0.77719474,0.112030186
0.10116055,0.6744497
0.10987193,0.83910733
0.75591785,0.1517559
0.10848497,0.5332324
0.7640101,0.2438175
0.104558185,0.9218158
0.7676866,0.15321381
0.1087963,0.8048127
0.7521461,0.12962447
0.10022756,0.81976676
0.7529151,0.120630264
0.103727445,0.84296197
0.100973964,0.7410667
0.7802385,0.25989297
0.11696314,0.8133038
0.7771331,0.22407478
0.7554514,0.15458521
0.74293774,0.2240107
0.74869615,0.24478675
0.75983196,0.19079112
0.10466193,0.8043241
0.10695322,0.87382007
0.7941183,0.17275625
0.09031197,0.8346022
0.10599236,0.7754173
0.744544,0.13064821
0.09938678,0.87832195
0.09824349,0.9342241
0.76336175,0.29851967
0.08164744,0.872705
0.7713585,0.1380403
0.77662843,0.1370406
0.110965356,0.7516662
0.7575561,0.24636804
0.7589376,0.25051588
0.11658347,0.79418755
0.756483,0.14895062
0.092256606,0.6830578
0.11642263,0.6097472
0.7759042,0.11998462
0.104729414,0.86238426
0.1053073,0.80018425
0.7554707,0.20036048
0.77935493,0.15656382
0.7931848,0.20593739
0.12399066,0.7573216
0.11065159,0.76656574
0.7484262,0.16770643
0.112698115,0.84418595
0.10390819,0.7777805
0.7610575,0.17563362
0.77879864,0.18143484
0.10607458,0.6360537
0.75733805,0.104763046
0.7972332,0.13753565
0.7680413,0.12908937
0.106296025,0.810082
0.11138472,0.6406661
0.11022704,0.7161492
0.10723391,0.76001793
0.11399524,0.88598484
0.778317,0.10612483
0.7540958,0.23113044
0.10837373,0.72465956
0.76281035,0.21986766
0.7743786,0.10489122
0.76326346,0.12644911
0.104884766,0.8523567
0.77121264,0.16187638
0.10745556,0.8093675
0.106724404,0.87398344
0.099257216,0.84579927
0.11272235,0.7459419
0.11158029,0.68912816
0.11292918,0.81040245
0.79302526,0.2939072
0.7809253,0.16633984
0.11787309,0.6148579
0.73624974,0.17209458
0.7611659,0.18575731
0.7536479,0.11736999
0.7565127,0.18858662
0.7617531,0.12380083
0.76263785,0.2566343
0.112137206,0.7551572
0.75048137,0.12067833
0.7831829,0.20143548
0.755934,0.17255439
0.76872045,0.20084591
0.7509848,0.16411772
0.09961949,0.76314527
0.75732666,0.2731744
0.7605563,0.19709219
0.09411635,0.8145503
0.10378414,0.7951969
0.77280205,0.2699125
0.7579239,0.19575763
0.77894396,0.074701205
0.10900666,0.8858919
0.10851389,0.74103624
0.09340917,0.8552004
0.12408634,0.7784806
0.113747835,0.783415
0.11257546,0.750455
0.100519896,0.85217726
0.09666047,0.8454965
0.7686896,0.15583326
0.76695806,0.1162325
0.105573,0.7880563
0.098273344,0.87590116
0.11279433,0.8888173
0.10402184,0.74894744
0.7794783,0.10375372
0.7753188,0.2370422
0.11406547,0.6388622
0.7625162,0.2441251
0.7588282,0.18255952
0.76264244,0.09383992
0.11620954,0.8601013
0.11606953,0.74027044
0.7623892,0.20034926
0.10310542,0.8344244
0.7661658,0.1356628
0.76971203,0.1656333
0.09800798,0.7699846
0.7643198,0.19175078
0.11396849,0.7421673
0.74939954,0.25330833
0.776849,0.108936526
0.111477435,0.823937
0.76862407,0.15376173
0.10904687,0.78829503
0.75603527,0.19686309
0.7872627,0.12965171
0.75788915,0.16573904
0.78192484,0.1621199
0.80228263,0.23430741
0.7896558,0.10563139
0.74966,0.27247748
0.11220757,0.67914385
0.7581541,0.11454869
0.11263383,0.8154443
0.76600766,0.14848922
0.7750442,0.21818545
0.09772349,0.6945817
0.1093584,0.7567256
0.115320556,0.7624852
0.75490063,0.12546861
0.7549833,0.31098562
0.09688526,0.885517
0.10513128,0.8113733
0.12045204,0.89386874
0.77168995,0.20246884
0.108686805,0.7726906
0.76432043,0.22939697
0.10839493,0.793574
0.7705972,0.33693007
0.118568085,0.74668044
0.09824012,0.8038915
0.7643659,0.24808869
0.11090853,0.87831557
0.11410555,0.71972185
0.7603209,0.031042328
0.1009214,0.7560159
0.10787479,0.80407894
0.10992849,0.84648496
0.089381255,0.755218
0.7564027,0.28769425
0.7483345,0.23694126
0.1059678,0.939942
0.76021445,0.23245698
0.104134366,0.64652985
0.10390307,0.73424816
0.103974886,0.72290206
0.10589443,0.92834437
0.76438797,0.202126
0.10032796,0.7834631
0.7681976,0.064191416
0.11110212,0.86171776
0.7424216,0.25682977
0.7720218,0.17503124
0.76402384,0.08628921
0.108431906,0.82537407
0.11877016,0.8258067
0.106124766,0.67558557
0.105623186,0.83782566
0.10081284,0.7649524
0.12412181,0.70210195
0.11096275,0.86048096
0.7563471,0.116137974
0.10790814,0.9196193
0.7583495,0.23614343
0.7615243,0.23748118
0.10790474,0.67467237
0.10355338,0.9106636
0.10805405,0.89063895
0.76089156,0.28393412
0.1082539,0.80590695
0.11037542,0.8660579
0.10599781,0.9366962
0.09420161,0.6803967
0.100761294,0.912341
0.10810925,0.87983596
0.10093038,0.8024768
0.11647025,0.8329937
0.110715315,0.79258066
0.10015713,0.74256784
0.11378461,0.8458137
0.78683263,0.107829474
0.7850123,0.23399019
0.11916981,0.8132574
0.108346954,0.79350346
0.110851675,0.8191147
0.10244869,0.81892884
0.75715923,0.20788875
0.7617158,0.15856804
0.7478328,0.15093563
0.108527295,0.7291118
0.10893969,0.7316143
0.117633544,0.8393268
0.1130843,0.7595517
0.100595936,0.8277116
0.11472887,0.89411867
0.117380954,0.8394806
0.75222075,0.13890545
0.10160643,0.7720273
0.7701697,0.2521468
0.110367365,0.80051106
0.7793309,0.084196866
0.10550144,0.8269345
0.7526456,0.1576116
0.1109854,0.7253837
0.108124144,0.86565894
0.11728308,0.8854385
0.7765312,0.23627318
0.7576306,0.13323721
0.7807383,0.14278734
0.74771243,0.23970489
0.749714,0.2199686
0.76653886,0.10545676
0.102213465,0.7527716
0.76507777,0.08922106
0.75641686,0.13027492
0.7748945,0.20610401
0.7628673,0.18111442
0.090156354,0.8053478
0.7644763,0.14226185
0.1109368,0.8718078
0.10824228,0.7232321
0.7630634,0.12879778
0.12794155,0.69312376
0.76490265,0.11734115
0.10071609,0.8671633
0.7490947,0.19945048
0.107332565,0.7705053
0.10018747,0.82946587
0.7540069,0.16557403
0.111181,0.8193886
0.7750655,0.045504503
0.7644083,0.2558717
0.107020415,0.767809
0.74954706,0.2069371
0.7598272,0.17277548
0.10833206,0.7804399
0.10485799,0.85964304
0.74594665,0.22025377
0.116768464,0.810505
0.10401226,0.7583053
0.78659755,0.14122689
0.115516946,0.8291166
0.7596761,0.2763562
0.7621864,0.10382262
0.10886481,0.90957415
0.11281094,0.80856484
0.7591625,0.19149604
0.108191565,0.8554167
0.10121516,0.70267874
0.11587902,0.6123458
0.121092655,0.7382486
0.768523,0.108266845
0.7761609,0.25337562
0.7488425,0.21703035
0.10766057,0.7066391
0.10597123,0.8246788
0.10137144,0.82464194
0.76210046,0.116487235
0.7520779,0.22138326
0.74228585,0.26484507
0.10013025,0.73433787
0.7701162,0.26487392
0.7820545,0.1502259
0.12149779,0.7581707
0.115111314,0.8354305
0.7604338,0.15924893
0.7721731,0.19073825
0.7622531,0.19830658
0.86997265,0.28549138
0.7691366,0.11088628
0.7641303,0.17403954
0.11580612,0.8572399
0.75969803,0.18631485
0.761718,0.16283444
0.12652065,0.7558365
0.11062369,0.8324986
0.1118794,0.7387661
0.7785263,0.15540549
0.7698811,0.30336443
0.7636806,0.31150308
0.7577288,0.26039603
0.09158581,0.8282659
0.7475088,0.21342081
0.76378095,0.097747445
0.1124279,0.7552485
0.11730603,0.76305234
0.09572701,0.74408025
0.09546171,0.8809638
0.76621664,0.3094556
0.76184684,0.20265628
0.8016327,0.16673715
0.0971149,0.8389199
0.76226896,0.13427697
0.10389105,0.747874
0.775953,0.28898233
0.7675844,0.17810087
0.10793112,0.7904435
0.7645907,0.13343106
0.7749416,0.1546573
0.8032659,0.1456551
0.10510553,0.81310517
0.77150744,0.12711076
0.7473284,0.17693134
0.7542989,0.39005736
0.10517292,0.75886124
0.111690864,0.8255711
0.8844755,0.1918421
0.75991637,0.11590246
0.7770738,0.2359768
0.10269794,0.74767697
0.78243446,0.15560415
0.76119643,0.24014547
0.74798054,0.15539908
0.10633146,0.78915375
0.11614515,0.7485437
0.7863337,0.075302
0.105526276,0.78638375
0.111666,0.83221024
0.7516062,0.23714313
0.7612449,0.23594956
0.7650354,0.033179533
0.7496132,0.13034222
0.76500446,0.1727098
0.10089931,0.7845942
0.7579668,0.25066006
0.11560517,0.8325531
0.085362874,0.83809155
0.7997999,0.1082316
0.77877855,0.16083181
0.78385574,0.15947323
0.7760019,0.12287321
0.095594384,0.81584156
0.7684793,0.115016505
0.10151315,0.7693326
0.75146765,0.24057323
0.109304346,0.7428242
0.76285774,0.14450158
0.7770853,0.17642507
0.1091796,0.84330964
0.7664085,0.16352814
0.7703468,0.08122497
0.11269686,0.8550995
0.73178345,0.32017368
0.7748935,0.15239033
0.7584958,0.25747222
0.11234773,0.79575604
0.7675722,0.13162549
0.09606205,0.85001445
0.10473021,0.6203082
0.111807354,0.8416899
0.11094112,0.7328575
0.10640875,0.84969723
0.7574095,0.13934122
0.11577782,0.87529236
0.103611454,0.45802012
0.100289136,0.71047616
0.10503731,0.8331411
0.10427211,0.82634336
0.10506432,0.8748502
0.769674,0.12783171
0.113590136,0.81811017
0.7469281,0.20444103
0.11295685,0.8937854
0.1033933,0.88053286
0.11107769,0.87059504
0.11210739,0.8243776
0.09819783,0.79959625
0.76794624,0.20835496
0.10169726,0.827915
0.78150034,0.24828415
0.7730943,0.10410138
0.772218,0.13865072
0.09843503,0.7337691
0.10874307,0.82518506
0.7913828,0.20553686
0.7726812,0.13584062
0.109580874,0.81439006
0.10496599,0.8352943
0.7712726,0.15802974
0.79285675,0.2113557
0.11201042,0.82548624
0.096537545,0.91107535
0.110910155,0.9253324
0.097115755,0.8504374
0.12491537,0.8055753
0.11371726,0.8271156
0.754189,0.14422923
0.77528036,0.13975456
0.79548156,0.111413375
0.11391705,0.70370245
0.11562274,0.8326701
0.10801637,0.8507546
0.10976621,0.75705886
0.7845953,0.15047583
0.10793241,0.75667113
0.101310186,0.77421254
0.120226756,0.81200135
0.10796738,0.650431
0.78733295,0.15212119
0.10517965,0.75963664
0.88265294,0.08345349
0.7793935,0.17892115
0.7782383,0.096731715
0.7724057,0.17109808
0.10826302,0.77366304
0.75427514,0.08680189
0.10627166,0.8792704
0.11048372,0.63899356
0.11337691,0.8111234
0.7668079,0.10848153
0.10501793,0.75306803
0.76899385,0.20848152
0.115258016,0.8188215
0.7911993,0.15749784
0.7837445,0.19853407
0.10680794,0.8356067
0.11466824,0.723019
0.76736104,0.15019386
0.76934963,0.17235413
0.7674433,0.17594925
0.79380727,0.21564132
0.7464419,0.13592553
0.110488474,0.73888624
0.7471559,0.18224871
0.7501518,0.16063476
0.75831443,0.26764074
0.7658394,0.17186068
0.11415937,0.74958825
0.10621391,0.89235157
0.75922155,0.13144445
0.11123224,0.77923995
0.10456178,0.70448107
0.75965893,0.1910763
0.758801,0.183681
0.7549696,0.058242813
0.10567886,0.8413423
0.751408,0.1308677
0.11275937,0.64851487
0.7583871,0.23710468
0.088992,0.746815
0.09984884,0.8230895
0.76636267,0.1185956
0.76691914,0.14939441
0.77327245,0.16412093
0.10332499,0.7695216
0.7842118,0.22860393
0.7699083,0.2054071
0.1077135,0.75105256
0.7599758,0.19408505
0.7624446,0.25234067
0.109511636,0.7723253
0.765846,0.20641802
0.09163553,0.77140087
0.7946727,0.27120063
0.0958641,0.84656507
0.7668899,0.07412605
0.11494986,0.84134704
0.108427316,0.8517431
0.7546514,0.2833814
0.746612,0.30513474
0.11353995,0.76514465
0.74635446,0.22436477
0.77823657,0.20389631
0.75229853,0.1469512
0.1033758,0.8662757
0.7499288,0.18851453
0.7711192,0.07954276
0.107201815,0.8419398
0.75491095,0.2637941
0.7455721,0.131249
0.103395715,0.6986382
0.10283777,0.80050784
0.11594625,0.7748566
0.10959081,0.88028294
0.7623346,0.22174694
0.109101415,0.7871223
0.08819729,0.7604409
0.7395546,0.13021885
0.111476675,0.77008235
0.7821982,0.1125797
0.75094706,0.28060335
0.7628387,0.18556026
0.7484259,0.20439136
0.758906,0.23030856
0.74635607,0.20019226
0.77458304,0.10591496
0.10382786,0.81813097
0.109077975,0.8423804
0.10209381,0.8470329
0.1101473,0.7735894
0.11470443,0.7691291
0.10936484,0.8186741
0.78885627,0.1138005
0.76396596,0.17535807
0.75973964,0.1384152
0.74966764,0.29545003
0.11677698,0.83337176
0.7535218,0.3791839
0.11286786,0.6824762
0.10707473,0.87130475
0.109502986,0.7680589
0.75809836,0.14838187
0.7664715,0.11800762
0.10770633,0.7712807
0.110472,0.7212359
0.10820058,0.7879906
0.76532435,0.068344064
0.80198586,0.16933738
0.11531923,0.8450463
0.77194566,0.1645519
0.11711908,0.7799913
0.10586111,0.8198597
0.1031249,0.8162677
0.766707,0.1034317
0.7789421,0.21630299
0.80100906,0.1756881
0.10108114,0.806825
0.09633838,0.7671697
0.10876569,0.8190346
0.10159041,0.7165449
0.118652776,0.8030296
0.74254364,0.16694863
0.09488221,0.7729709
0.7685358,0.19350347
0.7639528,0.14836106
0.11518848,0.78649586
0.76671124,0.23261239
0.7844632,0.20592457
0.11136709,0.7847304
0.7932109,0.12788458
0.10949499,0.83249706
0.10734686,0.89064693
0.75394815,0.18602647
0.11063181,0.83775836
0.100707345,0.8443045
0.11952152,0.7851469
0.75936115,0.11679483
0.09975183,0.8392691
0.10856761,0.87624085
0.11202316,0.69012785
0.7601801,0.13786729
0.10833523,0.8667131
0.10574928,0.7836634
0.7707593,0.23492423
0.8216269,0.33500433
0.77318054,0.14173795
0.09678739,0.79446477
0.7567557,0.15794322
0.11321558,0.755045
0.10645313,0.7662982
0.80168766,0.21462879
0.7516942,0.07729181
0.7589362,0.122841164
0.10970657,0.83480245
0.10900556,0.858951
0.745173,0.21939024
0.757244,0.32709154
0.78593665,0.101778336
0.10041625,0.8184274
0.75054383,0.09025441
0.11387594,0.75499374
0.759267,0.24251978
0.7417477,0.34461695
0.1108595,0.8479205
0.100713514,0.8436685
0.7612285,0.2135698
0.11701234,0.82502323
0.7764125,0.18554904
0.76876724,0.10380659
0.10690997,0.85486716
0.7860299,0.3035006
0.7577967,0.2110513
0.7516094,0.26016533
0.84330094,0.25307122
0.09499893,0.8814621
0.75294,0.14331283
0.103914596,0.8147906
0.7784711,0.11589285
0.7640796,0.24217534
0.75282395,0.2473245
0.76530635,0.11861803
0.7702154,0.14933193
0.73580956,0.2974895
0.76790726,0.15962543
0.78129697,0.06345765
0.7698062,0.12117819
0.09867438,0.8372569
0.74783623,0.11941427
0.7919911,0.08499952
0.7591959,0.26896888
0.81404173,0.15422314
0.11230824,0.8145615
0.11527459,0.8109039
0.11379353,0.77953637
0.7698995,0.2523038
0.11012211,0.8394149
0.76432323,0.2365936
0.7594619,0.15683296
0.75111055,0.19439745
0.7635097,0.25764844
0.78282875,0.17025538
0.76178557,0.25271076
0.75982445,0.2370454
0.11086984,0.71422344
0.113973744,0.73022527
0.10676928,0.7101333
0.76709807,0.21671472
0.108097665,0.8867314
0.119245484,0.8567561
0.760519,0.09163383
0.10736473,0.80561215
0.7700018,0.18930757
0.11011438,0.88838315
0.7679005,0.31682688
0.106058665,0.8049537
0.11395604,0.83633566
0.100050904,0.8311961
0.7625035,0.17432792
0.7729171,0.11225448
0.75773674,0.20013778
0.76164,0.269661
0.100664616,0.84384793
0.75104016,0.29707456
0.11639816,0.82748246
0.7831639,0.24152488
0.79371774,0.13796501
0.76614875,0.15285654
0.10421331,0.7404755
0.101368956,0.8928947
0.1114888,0.72868246
0.10660211,0.71604985
0.76092947,0.341762
0.11028033,0.8372905
0.76381755,0.1886459
0.10908834,0.74484444
0.76036936,0.19079272
0.10556055,0.7865343
0.10097122,0.80080587
0.10519831,0.82236856
0.10569873,0.8665786
0.105554044,0.8251338
0.7651954,0.17643788
0.10237139,0.70010096
0.7798003,0.14660835
0.113618,0.8637941
0.11457296,0.6282739
0.11013066,0.7687334
0.76229537,0.12227563
0.7582541,0.0808677
0.106186114,0.8969945
0.76007366,0.2689881
0.104808524,0.7254959
0.79285777,0.077929445
0.7658006,0.17966452
0.7800658,0.10257298
0.11024725,0.7375853
0.7549783,0.15097408
0.10388897,0.7482986
0.77746814,0.19822006
0.75058544,0.30415905
0.10037247,0.8503044
0.79348594,0.25354064
0.10534738,0.78175366
0.7538974,0.2163831
0.7746592,0.35859528
0.7823066,0.13570285
0.75761604,0.21446057
0.78121257,0.1474895
0.0652424,0.7285927
0.10169059,0.72114134
0.7532916,0.17735429
0.76603425,0.21018296
0.11209924,0.7013009
0.76796895,0.13855939
0.77149427,0.21307476
0.9028595,0.25831813
0.7716892,0.17028742
0.75903136,0.123723924
0.7794709,0.16954724
0.7339867,0.2730943
0.11613742,0.56331664
0.7762684,0.1928434
0.77297056,0.18690121
0.094287485,0.8136643
0.11572496,0.86260855
0.7723456,0.17293088
0.7603946,0.10851037
0.09509739,0.68244094
0.7479059,0.10070172
0.76538575,0.20404531
0.79231447,0.12666059
0.77871454,0.073419526
0.7587146,0.1752251
0.81645507,0.10114711
0.11068061,0.790695
0.110737465,0.7807652
0.11429927,0.7545484
0.11468337,0.73950464
0.7672838,0.14721395
0.751924,0.26717773
0.1067601,0.8688407
0.111481,0.81586564
0.11332018,0.733202
0.10572676,0.7774969
0.78383857,0.21002436
0.10776504,0.83668333
0.7708413,0.1421545
0.8640658,0.3154106
0.12622814,0.7199686
0.11263736,0.7784117
0.76101404,0.3115127
0.10148816,0.6978708
0.090987585,0.6329905
0.10545225,0.89400977
0.10877573,0.8118892
0.10718633,0.72943383
0.107590705,0.8079945
0.77160466,0.15720786
0.111834794,0.68898714
0.7667486,0.19125253
0.782479,0.17826909
0.7627996,0.12343875
0.7755479,0.11409049
0.10798098,0.77413404
0.77919286,0.19629274
0.097405754,0.7679003
0.11241433,0.7110657
0.7654748,0.18380596
0.10969188,0.8397177
0.77128714,0.077154025
0.10337144,0.86687654
0.11052516,0.69846356
0.09347158,0.77671343
0.7687907,0.1976401
0.7722058,0.16116345
0.77267313,0.13466628
0.1114608,0.8284662
0.76398593,0.23146048
0.7384008,0.3037361
0.79763263,0.17290366
0.80100775,0.2002307
0.7629716,0.120301835
0.104735985,0.80397
0.108766384,0.8448797
0.096317574,0.8786776
0.11975727,0.766955
0.7628534,0.2779615
0.10776761,0.6999808
0.76057476,0.15536864
0.76001847,0.3073953
0.11375866,0.8452177
0.78615165,0.11830081
0.11295764,0.88534397
0.104652055,0.6712871
0.7512195,0.2567144
0.7443911,0.120026276
0.086548656,0.7875629
0.10770693,0.8712198
0.099114016,0.7426544
0.10612816,0.86520237
0.76206464,0.22149861
0.11041752,0.8187398
0.11055095,0.8400365
0.7795936,0.2560287
0.10727086,0.7717902
0.09677881,0.8244593
0.10776887,0.9323352
0.10647885,0.72834116
0.10900164,0.7761046
0.10973233,0.75394917
0.11498641,0.5548207
0.10166563,0.8302621
0.7894532,0.30046782
0.10293706,0.7610064
0.7640039,0.17335224
0.10544202,0.65726715
0.767706,0.2249896
0.7820503,0.21304752
0.7429816,0.16300106
0.10146514,0.79943925
0.11005723,0.81309235
0.7962852,0.06353936
0.0921489,0.74082154
0.94254917,0.24788682
0.7613116,0.2692925
0.112009756,0.6110801
0.10977581,0.7928322
0.76434845,0.20409498
0.10794056,0.7528998
0.7740297,0.1492406
0.7809182,0.0550322
0.11756625,0.8329504
0.78141433,0.12487103
0.110089585,0.79065496
0.1266506,0.7226217
0.7569935,0.15532058
0.76657087,0.079988144
0.11559077,0.60440737
0.76236933,0.18096222
0.75502217,0.19050114
0.76454276,0.09823128
0.09854227,0.8868355
0.76897657,0.16627735
0.76182055,0.10668397
0.10989078,0.79615974
0.7731399,0.08012913
0.76142275,0.2293505
0.7623794,0.22875613
0.7818419,0.1384937
0.74591494,0.273772
0.7726727,0.15316576
0.079028144,0.6883207
0.75145,0.04891538
0.7572482,0.17482777
0.76376337,0.063806914
0.10956126,0.7778365
0.10544631,0.8862748
0.05385292,0.74645454
0.1105455,0.8930196
0.10564441,0.86673874
0.11716845,0.8628024
0.76540226,0.17283155
0.08770026,0.83799225
0.10755828,0.8855042
0.7759089,0.21511424
0.105143234,0.82150984
0.110703096,0.80277324
0.7801021,0.24163222
0.79525214,0.19855972
0.7907815,0.23380916
0.10760441,0.78706783
0.11349306,0.778841
0.10835369,0.7798728
0.11079178,0.8808741
0.76914245,0.13134673
0.7662767,0.2211109
0.8045041,0.15705085
0.118493795,0.7883575
0.76367015,0.13965203
0.11239957,0.72480536
0.77049077,0.20888205
0.7561852,0.042183343
0.11255099,0.73432344
0.76139677,0.30971035
0.75911576,0.14251818
0.7471205,0.1404707
0.7505363,0.18280464
0.094735414,0.66910505
0.118810736,0.7279647
0.9209492,0.24775866
0.11166729,0.7495931
0.099338606,0.8685075
0.7500031,0.027371911
0.11263037,0.5879778
0.768185,0.21157359
0.11048762,0.73243296
0.7496383,0.18459418
0.7781537,0.12685764
0.10618518,0.7894726
0.7440247,0.19079593
0.77601194,0.17532283
0.113089584,0.80903906
0.7511035,0.2135778
0.11990314,0.744838
0.7593263,0.2193566
0.10149723,0.81619567
0.110838,0.84318304
0.76472026,0.30027077
0.09942115,0.88600886
0.109431796,0.77153224
0.11829457,0.78134674
0.099461794,0.8913967
0.78299075,0.17711878
0.7643716,0.10921369
0.7567217,0.23585343
0.105937816,0.82929605
0.7711573,0.105725914
0.77952385,0.12659809
0.7658876,0.10203788
0.750832,0.12180781
0.10613107,0.86214554
0.10748372,0.8208305
0.09672776,0.8171409
0.10486294,0.8293697
0.124010965,0.7826476
0.11729144,0.7780624
0.10281,0.8008972
0.7504049,0.1653209
0.7629205,0.25901183
0.10667647,0.7669647
0.11279113,0.674416
0.09957066,0.8977154
0.11461743,0.75813705
0.084001206,0.8374668
0.75888485,0.17574097
0.111459374,0.9204172
0.7588746,0.2003092
0.10164767,0.8437518
0.10908781,0.82848537
0.09992253,0.80148995
0.105272435,0.8036672
0.10482206,0.85921687
0.75315374,0.26307636
0.77945495,0.14315102
0.11178583,0.81491876
0.7776465,0.06877664
0.106580645,0.82160115
0.7724886,0.21964337
0.777918,0.121513024
0.10820382,0.8598305
0.105442375,0.84967315
0.108377494,0.77047324
0.7665373,0.12560159
0.117261656,0.7676055
0.7605273,0.18250504
0.11810847,0.8675943
0.7873596,0.2560223
0.7694022,0.17578903
0.09317058,0.8814252
0.11247446,0.64401937
0.7668832,0.2948765
0.11830348,0.7703002
0.10521607,0.7056106
0.11023553,0.7882726
0.7649067,0.22375436
0.7600362,0.11871255
0.75421757,0.27065912
0.77506864,0.21881668
0.09852913,0.7406149
0.76772755,0.15854241
0.11688789,0.7383287
0.780815,0.14701529
0.73728716,0.43321797
0.77200496,0.11098401
0.12115938,0.83168316
0.10593012,0.8239354
0.10147508,0.7508876
0.11466359,0.69631356
0.7823054,0.23527028
0.77424425,0.11357781
0.77195793,0.20501298
0.8619339,0.12170688
0.7792958,0.12807684
0.10976663,0.8175382
0.12567891,0.7963472
0.75449705,0.3622817
0.10581353,0.89851004
0.11576769,0.85865134
0.10773612,0.881539
0.7515708,0.17289244
0.7571158,0.31736037
0.1161398,0.7707088
0.09802224,0.938396
0.7671263,0.11139415
0.7733159,0.12274985
0.113140464,0.7083101
0.11557862,0.69502544
0.11518993,0.8019914
0.8711309,0.1694351
0.76584524,0.13831267
0.76750314,0.19248293
0.109990925,0.8328062
0.1108879,0.77982473
0.73716617,0.31535774
0.7716566,0.09326637
0.10525837,0.81541544
0.10165014,0.7723173
0.107712306,0.8179884
0.7499861,0.20293826
0.7481211,0.14071421
0.10783438,0.88510364
0.75486153,0.10891409
0.7773935,0.15712775
0.76647365,0.19371656
0.103014156,0.8564709
0.79223615,0.13961037
0.81741077,0.10339645
0.11526224,0.6617771
0.11319128,0.7301243
0.1013818,0.81057066
0.10776557,0.8064757
0.1086005,0.6145167
0.74752146,0.2833141
0.7850074,0.15339485
0.11244302,0.79575765
0.76127476,0.16507739
0.101356216,0.84986544
0.11281695,0.8150357
0.75892293,0.34495497
0.10143067,0.9203419
0.10535745,0.8565077
0.76316506,0.12852703
0.77082306,0.15193534
0.09555367,0.90788716
0.7666691,0.17627607
0.11225534,0.7988016
0.11857258,0.7274216
0.09982889,0.6792175
0.11078871,0.78335416
0.092414565,0.85608315
0.7809546,0.14227466
0.1019339,0.6163943
0.10285009,0.7866353
0.09589161,0.69819605
0.77303225,0.17449774
0.11157293,0.8745971
0.75219053,0.27626005
0.11045886,0.7089157
0.11533138,0.79244286
0.77957773,0.16597135
0.75239813,0.07625525
0.10685717,0.7892851
0.10840513,0.680347
0.11098514,0.6359047
0.759123,0.16816783
0.7545715,0.23288955
0.11381839,0.8521308
0.7733056,0.1742398
0.09299321,0.8279839
0.74551964,0.19668205
0.7496118,0.2518344
0.7851667,0.2015172
0.11372512,0.7620398
0.7685766,0.52169085
0.09537646,0.8625092
0.10114602,0.8251322
0.11080723,0.8352366
0.11391305,0.8106892
0.76896715,0.06947515
0.7690097,0.19587299
0.1108668,0.70809543
0.7753542,0.1005335
0.114040405,0.7693326
0.10864114,0.8008892
0.12060762,0.7134064
0.10197032,0.7533532
0.7781716,0.08336377
0.75272435,0.085050784
0.76355916,0.25407735
0.10391631,0.7713352
0.7531356,0.21032394
0.7607363,0.08502035
0.77037215,0.25415105
0.7659168,0.14584415
0.11215239,0.70782465
0.76421785,0.16472012
0.09017504,0.78676504
0.106806256,0.9015172
0.75746167,0.04961069
0.7616291,0.13548656
0.77471113,0.2581467
0.7655302,0.10813067
0.78736895,0.12714441
0.7803376,0.12232369
0.7510008,0.21446057
0.7743078,0.21033035
0.11070811,0.6662501
0.7459382,0.29501104
0.755505,0.2957336
0.7984442,0.131241
0.75817245,0.28975296
0.105170704,0.7353087
0.7888452,0.10527412
0.76515967,0.13479605
0.108703315,0.73966485
0.1067984,0.6465891
0.75612044,0.099868625
0.7818078,0.14508796
0.7614327,0.32178217
0.7702168,0.18562435
0.7555449,0.13318755
0.7617309,0.18874843
0.11772401,0.7209635
0.77467287,0.19091928
0.76770586,0.22320324
0.10532982,0.8202009
0.761499,0.13322599
0.0985113,0.7303855
0.7742917,0.19121727
0.77487874,0.097755454
0.109886885,0.7904563
0.10600138,0.77039474
0.76823705,0.13426095
0.11245735,0.7593819
0.104325205,0.83066905
0.112960845,0.8355779
0.09268792,0.8108382
0.7417668,0.1714938
0.10280631,0.7332901
0.101486705,0.7404835
0.751957,0.19121727
0.065533854,0.8400253
0.7794039,0.17559198
0.12296644,0.74402416
0.10198828,0.88522863
0.75958896,0.11752699
0.088023975,0.86148065
0.110700324,0.8436829
0.76863736,0.15814829
0.11174663,0.80982727
0.7798518,0.15725432
0.1143796,0.81564134
0.79052156,0.14475472
0.77553225,0.13104072
0.75750285,0.32739434
0.10698439,0.862647
0.75647694,0.35288858
0.76564765,0.11957288
0.119484805,0.59148645
0.09837134,0.7947323
0.772797,0.24531065
0.77115154,0.1560175
0.7665674,0.10288859
0.7516298,0.35673204
0.10702916,0.8060896
0.1067428,0.8191179
0.7571852,0.14763209
0.11792839,0.80895096
0.1152773,0.7823352
0.76182836,0.17130636
0.7497279,0.25125283
0.106621094,0.82068473
0.106785655,0.9055817
0.7785264,0.14154892
0.7436532,0.23677304
0.104006715,0.7157711
0.113364555,0.6965026
0.7482064,0.20183761
0.10776197,0.69378704
0.111614525,0.6521372
0.75044197,0.20817073
0.10089023,0.86941427
0.7844186,0.10061681
0.11249658,0.82929605
0.78341854,0.19466981
0.76714283,0.20436253
0.10974725,0.754417
0.75735044,0.2956663
0.7694199,0.07377039
0.75552005,0.30077702
0.76019686,0.18099748
0.7581214,0.20584607
0.11781171,0.755327
0.100467995,0.6640873
0.7655528,0.3518248
0.11005637,0.83340544
0.7528815,0.35763884
0.8318591,0.19324875
0.1027017,0.80405974
0.78510815,0.13898875
0.11431719,0.815228
0.77024496,0.075994104
0.74919045,0.33191386
0.75719845,0.23560031
0.7619174,0.10161011
0.76075226,0.14241405
0.7599695,0.18075395
0.10893824,0.8233426
0.102539286,0.47168607
0.10645485,0.86100966
0.7570217,0.16096158
0.75067407,0.254433
0.085530706,0.794657
0.7637169,0.24068537
0.76769227,0.1673043
0.110236876,0.7277276
0.7763696,0.19841072
0.7648362,0.2111362
0.7613493,0.117368385
0.09918719,0.69000286
0.112815864,0.8712198
0.109637864,0.6407863
0.120172404,0.8354962
0.11042703,0.8369765
0.111062765,0.8334823
0.108276725,0.6599154
0.11427104,0.7198837
0.7567845,0.29998398
0.11661351,0.70065045
0.10251416,0.6882486
0.74687725,0.16305873
0.10733554,0.781084
0.10306425,0.80671924
0.110864915,0.8086257
0.74886096,0.10364158
0.10169848,0.88608736
0.77032036,0.06205742
0.11066747,0.8409017
0.09957855,0.90531576
0.7799789,0.32510975
0.08759154,0.8504133
0.12278464,0.6857637
0.756707,0.24517447
0.7625817,0.17717966
0.10105271,0.866186
0.10554569,0.9089237
0.09537979,0.84716266
0.10928794,0.82421094
0.75091153,0.10230863
0.7795309,0.18699414
0.10345412,0.89028645
0.08939641,0.7152905
0.74365824,0.12953795
0.7606154,0.14556217
0.7759699,0.14134385
0.7696664,0.11049537
0.8754436,0.14011663
0.74780506,0.25161812
0.10369165,0.62757856
0.76048756,0.16872537
0.7656425,0.25427923
0.10858435,0.85905826
0.09858292,0.88411033
0.772351,0.13740267
0.77066535,0.16679323
0.10643599,0.76610595
0.7604387,0.16786344
0.097719,0.6438559
0.10588717,0.8666474
0.7573358,0.25352943
0.10882393,0.801844
0.11339421,0.69928384
0.103601485,0.73781765
0.846297,0.14269762
0.11058192,0.7763754
0.7557957,0.28035343
0.7917164,0.35584608
0.7802586,0.05019065
0.108555295,0.7121119
0.7746954,0.1842209
0.7903838,0.13661283
0.1096411,0.792374
0.75230277,0.27715883
0.10221148,0.83507323
0.11061417,0.80911756
0.10023997,0.8089926
0.7493343,0.3801772
0.09810033,0.820704
0.7812469,0.16903618
0.105558075,0.7868612
0.10781721,0.8209507
0.7501983,0.21953924
0.7538097,0.17977506
0.75411034,0.20027876
0.101707034,0.8171313
0.115514405,0.8485197
0.7537014,0.12499279
0.77388847,0.05714858
0.1155151,0.82457304
0.11054382,0.7474174
0.109605074,0.6563315
0.09289069,0.80729276
0.7749956,0.1482489
0.75836635,0.23982665
0.77908844,0.28137076
0.098585,0.754864
0.763623,0.3055593
0.12331029,0.8562274
0.09436439,0.86582714
0.7688153,0.21045211
0.7668897,0.13022526
0.7762437,0.17506008
0.76446795,0.104094975
0.7755589,0.18042071
0.7773153,0.2765308
0.01737792,0.6361819
0.77333033,0.24082476
0.76425034,0.1307091
0.7549241,0.15356949
0.11955441,0.7382838
0.09707241,0.8998013
0.09331824,0.767849
0.9321489,0.14793809
0.11081572,0.655053
0.10820085,0.68356246
0.10132557,0.8755904
0.10207783,0.8719664
0.77104557,0.09327438
0.10828359,0.82258004
0.75629467,0.1131084
0.7670207,0.31857476
0.104294464,0.86518794
0.060125444,0.73585343
0.785803,0.14114198
0.77500105,0.39653304
0.11488544,0.7255888
0.112920724,0.7839213
0.11286057,0.8151959
0.1098092,0.68630844
0.10608729,0.7716332
0.745792,0.12231247
0.10676102,0.8391105
0.10147449,0.8233426
0.7517936,0.31026947
0.8021973,0.15817232
0.7689981,0.036620848
0.11523048,0.8407543
0.76256865,0.23228876
0.10565174,0.7379618
0.11768373,0.6639527
0.7939482,0.21979077
0.7693119,0.23281907
0.7690586,0.1565574
0.108022645,0.855625
0.109401554,0.7075459
0.112865984,0.7622
0.10858548,0.7664135
0.76951885,0.26162967
0.7473227,0.19711941
0.76460177,0.18579416
0.11331133,0.49971962
0.75966793,0.15337723
0.7661997,0.12916306
0.1060018,0.73240894
0.10622088,0.72535485
0.76601744,0.16001314
0.11117915,0.7987375
0.10129084,0.8415313
0.79756856,0.17105322
0.11088512,0.8561569
0.11276521,0.7619885
0.108634934,0.74207443
0.10846915,0.5752187
0.7587587,0.20520683
0.76220334,0.14906438
0.7619082,0.11173059
0.108457595,0.8633679
0.09344123,0.8717357
0.10934836,0.8738921
0.76722723,0.15278766
0.11075919,0.7998943
0.11659469,0.7489346
0.11658237,0.773929
0.76923054,0.3616537
0.76071763,0.24929348
0.103738874,0.8243872
0.74585205,0.1462639
0.76414376,0.28481847
0.7692486,0.20439136
0.75247765,0.07593643
0.11484529,0.69630873
0.122921795,0.7017239
0.76647127,0.21863565
0.7550182,0.17762664
0.76451117,0.1541222
0.11681634,0.74320227
0.09552501,0.77642184
0.10207116,0.89211124
0.7697065,0.14149764
0.08660912,0.7552501
0.10818427,0.7440402
0.102047816,0.7104809
0.11063937,0.6660899
0.10280145,0.7905508
0.11572529,0.85971195
0.76507527,0.1105947
0.7809447,0.34950015
0.11836925,0.69204557
0.11134335,0.8302813
0.10702798,0.8298728
0.10418154,0.69120127
0.75707203,0.32504246
0.7766875,0.52608865
0.10830604,0.83401746
0.10490319,0.7202474
0.7633271,0.23874043
0.11636003,0.61137974
0.75781244,0.09417636
0.75217336,0.17267135
0.116897695,0.7180156
0.7762016,0.13135634
0.10446543,0.79677176
0.78077316,0.073784806
0.10761751,0.6976898
0.10745318,0.8703755
0.7829003,0.17376718
0.7769486,0.53586626
0.107999004,0.8316864
0.75530636,0.15646608
0.77996194,0.26911148
0.747964,0.23821974
0.10293366,0.79631037
0.7768161,0.10978404
0.10389617,0.81956965
0.11550697,0.8637284
0.07802737,0.8847063
0.106807284,0.7847704
0.11160218,0.83173126
0.122984864,0.77060145
0.11082794,0.8449662
0.756201,0.08717998
0.10286042,0.86612356
0.11889583,0.7392964
0.75473315,0.12811689
0.7553233,0.160819
0.09371505,0.85610884
0.109728396,0.8482697
0.110301726,0.77655965
0.10657117,0.8423644
0.10658652,0.8534205
0.7754797,0.21017174
0.742294,0.20881316
0.78365445,0.18934762
0.78086865,0.077259764
0.7462812,0.40316576
0.77767074,0.23995322
0.110797726,0.86445093
0.100931406,0.8501458
0.74817234,0.25671762
0.7879313,0.18828222
0.76487184,0.19467622
0.7682414,0.08514691
0.76950777,0.16808292
0.7701722,0.2143244
0.7549279,0.13093019
0.11048323,0.75111985
0.1043783,0.84082156
0.104041286,0.8351709
0.111384824,0.84012306
0.7528839,0.111636065
0.75803554,0.29721716
0.10855969,0.7307043
0.112000115,0.7221795
0.7865763,0.18659842
0.76488006,0.25462526
0.76536447,0.09880964
0.8009037,0.14042103
0.78218484,0.1263754
0.7520529,0.27993047
0.7509749,0.18875484
0.7618667,0.13659681
0.10795519,0.8551668
0.121377766,0.6855843
0.1021856,0.91901535
0.74439204,0.040957738
0.7628502,0.18354961
0.75592554,0.14453523
0.7653865,0.09710981
0.10036511,0.79577684
0.7602979,0.10123362
0.75186986,0.30397803
0.76916885,0.22154187
0.10042335,0.9024464
0.7743606,0.33098465
0.74536026,0.33578616
0.102696754,0.71305716
0.7519998,0.26292896
0.10622088,0.8213704
0.7628316,0.27883622
0.76348287,0.15314654
0.74002725,0.20420712
0.10272307,0.72878337
0.7497454,0.24557659
0.7739743,0.12036752
0.10513838,0.8101381
0.7708399,0.32257843
0.100289926,0.81510943
0.10489579,0.85017145
0.110401906,0.7543705
0.7502208,0.23735622
0.11352489,0.76331025
0.76873404,0.12678234
0.11473673,0.76572144
0.107897446,0.8570861
0.75483394,0.3482537
0.11098573,0.6704204
0.75738174,0.1017543
0.7388315,0.21277356
0.113679945,0.76468647
0.77039355,0.1576901
0.11156332,0.8219696
0.10578609,0.8132334
0.11286017,0.8070589
0.74704784,0.2293457
0.76784307,0.111092955
0.76947206,0.12999135
0.10558934,0.83206767
0.1032821,0.87138164
0.102035396,0.7941956
0.76568055,0.1066295
0.119639695,0.8161876
0.10575096,0.8095213
0.104032665,0.7730238
0.7637813,0.16446218
0.7649701,0.19498542
0.10415559,0.89544845
0.1275869,0.7779807
0.7674087,0.18189144
0.7336496,0.24848281
0.8162555,0.16333109
0.76925457,0.073507644
0.114498205,0.899114
0.76939124,0.18278061
0.10705436,0.80479187
0.10344115,0.51933897
0.09635258,0.7985998
0.76204354,0.18776634
0.80150974,0.10929059
0.7507364,0.22255118
0.10367125,0.7833269
0.7898032,0.10036688
0.7696061,0.107634015
0.7604202,0.10675286
0.107550286,0.8517431
0.1190242,0.7697443
0.0930784,0.84357077
0.7550574,0.13045757
0.11628597,0.7881268
0.104563035,0.86398953
0.7753061,0.0641802
0.10787667,0.70551443
0.11042363,0.65833896
0.7680569,0.14767855
0.105297424,0.86344486
0.08795774,0.8061681
0.7764557,0.15089718
0.026212227,0.5598
0.7617506,0.15852319
0.76388407,0.18419527
0.103826135,0.8094844
0.762451,0.056264218
0.11681099,0.8630315
0.7502477,0.3145759
0.77022976,0.11403762
0.7921784,0.12172931
0.75711125,0.1935163
0.77061135,0.11096478
0.103952006,0.87267774
0.76956546,0.1884857
0.10005751,0.8811737
0.77538997,0.18508443
0.7576657,0.1573072
0.7668304,0.17490788
0.7608517,0.24424045
0.76786214,0.22084334
0.11720107,0.74704415
0.76037467,0.20008491
0.770299,0.14378224
0.11265645,0.8602839
0.101474814,0.8576436
0.81803745,0.1871191
0.75087005,0.22131276
0.7624091,0.30062962
0.77733845,0.11262296
0.10511867,0.74799895
0.095074475,0.7620863
0.108810395,0.8493271
0.77543,0.12803678
0.10277315,0.69920695
0.75949836,0.2195088
0.11080281,0.84112275
0.7565534,0.07351886
0.10243046,0.91086066
0.7719109,0.39666283
0.7628987,0.1454949
0.75825024,0.34775385
0.10663318,0.7829104
0.7557023,0.36480182
0.7503266,0.23007625
0.11045826,0.79270405
0.100929454,0.89849883
0.11123528,0.6345173
0.10457225,0.71744686
0.106701225,0.86758786
0.1120256,0.78695726
0.105739735,0.694077
0.770598,0.23015957
0.7659667,0.1411644
0.7661956,0.12322407
0.11205925,0.7820501
0.110207856,0.89918935
0.7592614,0.19477715
0.7487162,0.2638069
0.7612981,0.21072927
0.75214416,0.24247172
0.11353301,0.77735907
0.09900308,0.7363469
0.11071287,0.7591464
0.77925193,0.15232305
0.75328964,0.3466484
0.11488121,0.7494633
0.7569311,0.32702425
0.07163723,0.77428144
0.7558708,0.17654042
0.108670995,0.870611
0.7603769,0.32443205
0.7649165,0.08561152
0.1139118,0.66742605
0.7692062,0.15483835
0.7608081,0.25757954
0.7572303,0.18914416
0.7554111,0.23729213
0.75549006,0.17308308
0.7562714,0.20295587
0.75621676,0.1735525
0.7584991,0.09091128
0.10620315,0.8098866
0.10369327,0.7406934
0.11004145,0.87947226
0.760934,0.11095357
0.76794416,0.1515316
0.7817596,0.25697073
0.9919269,0.383532
0.109512165,0.7511295
0.7544459,0.16649204
0.11225944,0.8269826
0.7707545,0.1737015
0.75907993,0.21065718
0.10851729,0.8345189
0.7876281,0.26320934
0.7740385,0.100493446
0.10797748,0.7278317
0.09798635,0.82831395
0.7703792,0.1933657
0.09830838,0.84364927
0.10816284,0.7625477
0.11489594,0.62529236
0.7827497,0.22191195
0.8008094,0.17062546
0.11690562,0.67996734
0.7639588,0.05461726
0.11534307,0.83349353
0.101653114,0.81199175
0.117647275,0.6003076
0.103678085,0.86952484
0.7612721,0.26793072
0.11232587,0.8355154
0.7618264,0.1014531
0.76059955,0.19090967
0.7611479,0.26185235
0.78098404,0.12642026
0.7548979,0.1261463
0.11556918,0.74333364
0.10558901,0.8714217
0.75744355,0.25713417
0.10933951,0.8441283
0.7661964,0.09832901
0.09994003,0.8453507
0.77230585,0.124947935
0.11314181,0.83484733
0.11649712,0.7299657
0.09534625,0.84775865
0.7662313,0.18790893
0.7774856,0.14966996
0.7614455,0.20745137
0.7848942,0.12323689
0.7590646,0.11944311
0.7709278,0.14183088
0.11815543,0.5767407
0.109925255,0.80667436
0.7640588,0.3211045
0.09543583,0.77464515
0.7764842,0.2461982
0.093583874,0.8560928
0.10432742,0.88491464
0.7706264,0.38224712
0.7701414,0.28237048
0.11480329,0.62176293
0.75452423,0.19246371
0.1019999,0.8435916
0.77780867,0.18768625
0.12111385,0.8345157
0.7611614,0.052968696
0.11004501,0.7773895
0.7637388,0.25637317
0.75802547,0.16352814
0.11118493,0.72344196
0.7467886,0.1535022
0.78195876,0.15218526
0.73677975,0.14210483
0.7782207,0.123172805
0.10695662,0.87374634
0.11007591,0.83880293
0.7682438,0.17227402
0.08899329,0.84409785
0.7565526,0.1980871
0.75478375,0.1078519
0.74701273,0.17677432
0.75591934,0.23874523
0.09899277,0.79234195
0.10414261,0.8565446
0.7709102,0.17800474
0.10337778,0.86575985
0.09921743,0.8009869
0.10955964,0.83545774
0.7528077,0.17178218
0.7781246,0.12839246
0.114017226,0.7081835
0.11038764,0.8186533
0.8770983,0.291009
0.77266985,0.08677945
0.78169924,0.06124195
0.11126024,0.75863534
0.1081807,0.761008
0.77819085,0.16275914
0.76614213,0.18318273
0.8771056,0.14977731
0.10526791,0.75984174
0.7345123,0.13821654
0.7837619,0.08736422
0.10241072,0.77410525
0.116202466,0.8919238
0.7613763,0.27563843
0.1088553,0.7186677
0.11268356,0.8549569
0.10836924,0.8833782
0.7810679,0.1266013
0.10464657,0.8939553
0.11064683,0.77144253
0.7577489,0.17883302
0.10608729,0.79910284
0.7601221,0.31286487
0.10969214,0.82155305
0.7629675,0.13118652
0.77030927,0.39867827
0.116647355,0.7900958
0.09985115,0.9281169
0.75517243,0.26674357
0.10689481,0.8102711
0.11313571,0.8187446
0.11427586,0.6125797
0.106802,0.7591929
0.76242614,0.077963084
0.75565755,0.37274343
0.11301777,0.8627335
0.11195517,0.75628346
0.7695041,0.116657056
0.7710909,0.14907879
0.11922327,0.84658915
0.758513,0.17177577
0.7547983,0.18580057
0.79948425,0.3298696
0.10860961,0.67817134
0.09233304,0.78390366
0.7623577,0.20063923
0.75172216,0.109050274
0.10586171,0.85118556
0.11332038,0.7975071
0.77006626,0.13904643
0.0981975,0.8188151
0.8104273,0.14450479
0.10887636,0.8784854
0.77324605,0.16810855
0.779113,0.20513955
0.11708399,0.83058095
0.096429676,0.9011679
0.11354979,0.91147107
0.7448939,0.12189913
0.76780057,0.15227178
0.7698066,0.1724086
0.7735493,0.0927569
0.75364196,0.19366689
0.10514987,0.81862926
0.09399676,0.64647216
0.73092574,0.21560928
0.77648556,0.12086257
0.112551056,0.66156715
0.11207757,0.8186885
0.75308263,0.22951393
0.7624636,0.18775032
0.10485459,0.84191257
0.09907654,0.9015252
0.100673266,0.8331603
0.10187701,0.81306994
0.78155106,0.10072095
0.112497,0.7561761
0.76657623,0.13445961
0.7673793,0.14929987
0.76312834,0.31254447
0.069309086,0.58883977
0.7865178,0.10658464
0.11339269,0.83934605
0.77097374,0.19151527
0.110047884,0.79499024
0.10845485,0.81223845
0.10973903,0.7342257
0.10736294,0.6675094
0.75367093,0.26864526
0.10487248,0.8564837
0.097507946,0.7858983
0.11721322,0.7076388
0.76352936,0.28012753
0.7573589,0.19686629
0.75519145,0.10000961
0.77254754,0.11126598
0.7739903,0.0990115
0.10763667,0.8462655
0.033753112,0.6149909
0.10707463,0.8002804
0.78156835,0.07780769
0.10316162,0.83378834
0.7720896,0.14529142
0.76723397,0.12021051
0.75724965,0.20361915
0.10743625,0.7018232
0.75096273,0.16068442
0.7640998,0.25485596
0.09708261,0.824267
0.77242565,0.14183408
0.10515585,0.84632635
0.76889825,0.10689545
0.10101444,0.84156495
0.7788948,0.08197956
0.10828428,0.84422123
0.77130604,0.15125445
0.10082961,0.66679645
0.10163789,0.7767231
0.11019818,0.8828719
0.10873885,0.8067016
0.7476555,0.17661892
0.12582187,0.8109456
0.7637392,0.21504053
0.10700344,0.8798712
0.74593925,0.1887901
0.7615843,0.40095165
0.7916542,0.22226281
0.10217728,0.81987727
0.09875904,0.7879682
0.11153126,0.7196161
0.7777735,0.14633119
0.8319444,0.25615206
0.76086134,0.1993175
0.76193154,0.11567176
0.09937007,0.72274184
0.7860254,0.28389245
0.7571887,0.14788201
0.7831453,0.07383447
0.7761108,0.18228075
0.110142216,0.8140921
0.1047382,0.7579961
0.086717516,0.77687204
0.11146209,0.8483162
0.75235677,0.29810312
0.7576522,0.125302
0.10055236,0.8732449
0.77560264,0.20010895
0.10159949,0.8311032
0.7557464,0.2365872
0.1034355,0.8807604
0.74575555,0.16595693
0.093597144,0.83898073
0.7501867,0.15692107
0.7631309,0.3086065
0.7442717,0.17160115
0.11130884,0.78777593
0.110316515,0.87620556
0.098507345,0.79784197
0.11685867,0.6515124
0.111608945,0.8321478
0.7651722,0.21090071
0.12299252,0.7017591
0.7697052,0.2047278
0.7693996,0.2842129
0.10007841,0.83861065
0.09825617,0.7871239
0.7627909,0.16795635
0.103607886,0.83879167
0.78417796,0.08944535
0.7694968,0.13344228
0.10471502,0.93242335
0.7549167,0.18904002
0.11257004,0.8645519
0.79977524,0.15348297
0.10093596,0.89594024
0.76620287,0.1538034
0.10244971,0.78256434
0.09884251,0.7420263
0.0926136,0.7253869
0.7424821,0.25393155
0.11581041,0.8285046
0.10832288,0.81388223
0.76235247,0.15857926
0.76851654,0.116496846
0.11431449,0.6070925
0.76489323,0.18054087
0.7691847,0.08899356
0.76783824,0.12699382
0.7661584,0.2897097
0.096660204,0.82467717
0.7502953,0.14894742
0.11094178,0.82687044
0.11745264,0.8513554
0.7761802,0.13627319
0.11974492,0.8424461
0.79276735,0.13708545
0.778301,0.20326027
0.11250209,0.73862666
0.7646624,0.2967189
0.78643525,0.12186709
0.76304585,0.17167163
0.11505079,0.81772244
0.10839839,0.77563524
0.10807148,0.85941714
0.11260527,0.847842
0.09561416,0.7946538
0.10727231,0.85041654
0.76210135,0.2034333
0.7688698,0.10217085
0.10270204,0.8452402
0.7544875,0.13221346
0.1211231,0.7860954
0.104793176,0.8116136
0.10218788,0.6968374
0.08561619,0.69783235
0.09885298,0.92123264
0.098404124,0.6650149
0.1165582,0.6748374
0.7638162,0.1606668
0.773404,0.18889904
0.74753946,0.16203499
0.11280298,0.759438
0.104625575,0.8312842
0.7660597,0.13650069
0.7547214,0.2800394
0.0242805,0.8584655
0.102244996,0.71598417
0.106258385,0.9361114
0.7696804,0.1300298
0.77078134,0.18738505
0.7650355,0.16293697
0.098862484,0.74735975
0.7781742,0.1308613
0.7615283,0.21042968
0.76565045,0.1615047
0.10195714,0.8500064
0.115208685,0.6454741
0.7755469,0.09114358
0.11410185,0.84250057
0.75584257,0.23884456
0.7622505,0.15737608
0.75854295,0.2269778
0.76477957,0.29028326
0.7629696,0.17457624
0.11999368,0.7166314
0.11041455,0.81809896
0.742879,0.32889873
0.10487556,0.82657725
0.031070784,0.8134945
0.7539296,0.08420007
0.76640165,0.27502164
0.77269137,0.24445672
0.11340147,0.69758564
0.112119935,0.8731135
0.7724687,0.12089301
0.10959847,0.81910664
0.10333975,0.62755615
0.10575882,0.9295668
0.7429162,0.22905733
0.10871385,0.73547214
0.1051601,0.8279038
0.107650004,0.65065366
0.10396481,0.72648114
0.7902145,0.22597648
0.7828768,0.09940562
0.7763726,0.1822327
0.7299685,0.20979525
0.10702593,0.8507289
0.10751215,0.7314589
0.11107313,0.86571825
0.09791552,0.8901551
0.782236,0.15516518
0.114045724,0.80926013
0.7616136,0.113891825
0.10712878,0.8869637
0.09371763,0.5599042
0.7549065,0.20628665
0.096456416,0.78829503
0.111409485,0.7768448
0.773535,0.18248902
0.81904566,0.36148226
0.76336,0.21012689
0.10403805,0.80041337
0.10126805,0.8714313
0.74975705,0.13001058
0.7592849,0.051842418
0.12704873,0.87603575
0.769279,0.13295203
0.77486116,0.18117851
0.1148721,0.70651895
0.77870584,0.15517318
0.10749086,0.8430549
0.7681425,0.20532858
0.09627287,0.89212245
0.76900536,0.12448493
0.107735254,0.8789468
0.7598749,0.16665706
0.1044131,0.8386363
0.7698934,0.108196355
0.76038325,0.18237208
0.72601825,0.20377135
0.10810747,0.8420984
0.10713915,0.75675446
0.11202237,0.8045051
0.7820498,0.10180557
0.7569043,0.25598705
0.10307765,0.6443814
0.76418984,0.23234324
0.11166221,0.92188793
0.10439765,0.86163926
0.120668866,0.7794931
0.10638062,0.7570877
0.10874522,0.7272165
0.1098677,0.7529703
0.07707291,0.6759012
0.7725026,0.16415937
0.105947025,0.882646
0.09929803,0.86056906
0.116906814,0.76580316
0.106367774,0.7624339
0.08587588,0.78470796
0.8919919,0.02804159
0.77249044,0.15247846
0.11269449,0.5814188
0.76517904,0.11994296
0.03393884,0.73456854
0.7400571,0.21841776
0.7639245,0.09782755
0.7588512,0.20812586
0.10776488,0.7796277
0.11638331,0.8223589
0.10865356,0.87442726
0.10733035,0.78641737
0.73572236,0.15847191
0.10240124,0.83540004
0.105215475,0.8510622
0.10345719,0.8249848
0.7465528,0.21625653
0.7530638,0.19049473
0.10746312,0.81454706
0.1067875,0.8114662
0.10113704,0.85995066
0.10790569,0.8009661
0.10362998,0.67245984
0.10994302,0.7333974
0.78209335,0.11765997
0.09736022,0.8087587
0.10606153,0.82594764
0.7863498,0.16233778
0.11362685,0.776973
0.7659885,0.18443558
0.10768388,0.8394502
0.10714988,0.86602104
0.7426196,0.13385402
0.759737,0.16677721
0.7556034,0.20751706
0.09084835,0.86666346
0.7546397,0.18424173
0.109853275,0.53266686
0.7478996,0.19390881
0.75891805,0.20213881
0.7739632,0.27467877
0.112847194,0.6497789
0.1037042,0.7886395
0.7718033,0.14677016
0.7714797,0.18000257
0.106848486,0.6236054
0.76728165,0.11085424
0.762325,0.12058701
0.7758331,0.10441059
0.10595188,0.7948893
0.11341072,0.7157951
0.109764256,0.73998207
0.74004483,0.123012595
0.04808897,0.76319975
0.7556029,0.27425262
0.84799546,0.4035711
0.100465514,0.7517126
0.10388197,0.86779135
0.7801145,0.14791887
0.77059084,0.15999871
0.10914408,0.8321366
0.7696097,0.125757
0.7724836,0.23057131
0.75497115,0.13759172
0.103725135,0.8812362
0.7592532,0.19648178
0.09813991,0.822745
0.7996764,0.112803996
0.76183695,0.15307443
0.7550715,0.08115447
0.11149124,0.8262777
0.11588569,0.808254
0.7717688,0.18260919
0.10953092,0.73144287
0.75726724,0.17358775
0.756892,0.19151206
0.7523935,0.3259909
0.1120256,0.7735237
0.111177795,0.7471643
0.76517403,0.2890929
0.111841656,0.83576214
0.7551433,0.13775033
0.11172408,0.74365085
0.76023084,0.26726747
0.11879934,0.749992
0.10750961,0.71435803
0.113622725,0.87556154
0.107877865,0.81900734
0.7638332,0.20759396
0.104912005,0.76597136
0.10516549,0.6901887
0.7647654,0.14678779
0.11048934,0.90058
0.7486524,0.1498558
0.10978159,0.7510446
0.7620944,0.09518568
0.77394724,0.13220546
0.76935416,0.061016053
0.7279096,0.2299561
0.77046263,0.27268738
0.107849635,0.76749974
0.11128804,0.7667051
0.11415798,0.8264251
0.77136695,0.1591528
0.105046526,0.7653305
0.74742544,0.1710436
0.112271294,0.8641129
0.110928744,0.7330129
0.7889634,0.08108398
0.76647323,0.1320853
0.094630115,0.81710726
0.118011534,0.7570765
0.77585846,0.21537057
0.111220025,0.86421543
0.8085063,0.17084494
0.7610457,0.17272261
0.10488922,0.7544907
0.11220555,0.77065593
0.76015675,0.17882341
0.1052199,0.7598145
0.79312974,0.18531674
0.7791634,0.10966548
0.7373025,0.1634913
0.7742354,0.08383319
0.11237448,0.84179723
0.7907689,0.13454293
0.76698595,0.20381941
0.7794627,0.33577815
0.108621694,0.8849034
0.7559905,0.10994425
0.74998146,0.08122497
0.10709081,0.71663946
0.77361363,0.11050659
0.1102205,0.65561056
0.10203497,0.7392531
0.1159689,0.83783686
0.9338238,0.27174693
0.79061097,0.22372232
0.09420058,0.8049457
0.10957823,0.6856388
0.7718243,0.16467205
0.7485143,0.21982922
0.77317053,0.2722516
0.76544833,0.36103207
0.10493271,0.6844228
0.7727069,0.21628056
0.7618816,0.21228813
0.75481755,0.06611394
0.76795894,0.19183248
0.10965876,0.6996988
0.7722307,0.14834663
0.10965688,0.8380291
0.7706733,0.16352494
0.7733516,0.0576965
0.7664562,0.269057
0.7743988,0.13974334
0.7781638,0.08918741
0.10535607,0.7592826
0.10553308,0.68464386
0.10429704,0.78966165
0.76438004,0.12189913
0.75483656,0.10756833
0.112815335,0.68220705
0.10692357,0.79455286
0.76118755,0.19233073
0.7628119,0.28418246
0.7805938,0.12909417
0.76643664,0.09241886
0.7527172,0.20722067
0.1034701,0.8521933
0.11269508,0.7910042
0.10905793,0.86954886
0.11121511,0.80312407
0.75740075,0.26140696
0.10809426,0.8081643
0.10230314,0.82206416
0.115286775,0.8093611
0.7584209,0.36450222
0.7839672,0.08724086
0.7765999,0.22270659
0.11461869,0.63760775
0.7803896,0.13030696
0.75916725,0.18143484
0.77297,0.14554456
0.10550845,0.769637
0.10508429,0.8588484
0.106343575,0.8088981
0.771229,0.17353328
0.7753769,0.06092954
0.10510477,0.74348104
0.108776584,0.6760069
0.112601966,0.7464257
0.76466924,0.116931014
0.057075426,0.6837226
0.10136127,0.8024192
0.7527571,0.08672658
0.7598947,0.2587475
0.77326995,0.16813259
0.10787496,0.8586674
0.750158,0.21792752
0.7728953,0.09493415
0.7532359,0.11923964
0.09419121,0.8720898
0.1126544,0.83684677
0.113251306,0.75091803
0.7695066,0.09066936
0.11011818,0.57672143
0.11747374,0.7406982
0.12637205,0.8814877
0.115218,0.72868246
0.109000385,0.76655453
0.7580598,0.12413086
0.0993218,0.872886
0.7500076,0.21083982
0.7731112,0.29018232
0.115093224,0.6590535
0.759354,0.23093018
0.8178982,0.18743472
0.1015294,0.8070589
0.7502212,0.19263834
0.11899429,0.7896664
0.7670217,0.2935275
0.78270155,0.2674517
0.7687556,0.26050818
0.76573694,0.10591976
0.899848,0.2116617
0.79033244,0.14076549
0.77088445,0.10752027
0.12181757,0.8092393
0.780995,0.11422346
0.76123285,0.20752987
0.10459011,0.8202618
0.13288146,0.6572335
0.7834549,0.15604794
0.100615025,0.8568762
0.7684732,0.17932168
0.113136664,0.87913424
0.77149755,0.23577493
0.110608995,0.89875996
0.76537097,0.20121759
0.11534743,0.81214714
0.109242305,0.7684867
0.10022574,0.83609855
0.11456265,0.71373004
0.118993625,0.6400349
0.78282434,0.15362236
0.7604659,0.34089044
0.11724696,0.81801885
0.76439667,0.11734115
0.76293474,0.2545179
0.76304585,0.17167163
0.7750882,0.18774071
0.098205656,0.8450159
0.75801426,0.224384
0.098681346,0.8388221
0.104263395,0.8657134
0.10581736,0.8576917
0.76813483,0.09911884
0.74923897,0.26831684
0.11961562,0.7208209
0.10355912,0.8266221
0.108459376,0.8103848
0.117839046,0.8221699
0.11364567,0.869653
0.09744191,0.7564452
0.11404381,0.7655596
0.120907955,0.7951312
0.7640068,0.15385947
0.76719505,0.1359752
0.7534288,0.17801917
0.10675099,0.78783363
0.11017916,0.8777212
0.11972303,0.78712714
0.109229326,0.7222548
0.10804563,0.68121535
0.7677683,0.19787882
0.109501265,0.69656026
0.11797323,0.90075296
0.11943098,0.8310888
0.10338462,0.75269634
0.76508385,0.1749976
0.7926469,0.18648466
0.7603939,0.18802749
0.10947264,0.7962735
0.7488826,0.19095454
0.11889404,0.8747925
0.83489865,0.15782627
0.106475085,0.79776025
0.73961455,0.35138422
0.7645479,0.19934955
0.11079281,0.7896777
0.10706099,0.89637923
0.11036948,0.75024194
0.101724826,0.84887373
0.7654771,0.13632606
0.10833675,0.7442917
0.77159476,0.11137973
0.785332,0.19383031
0.8040705,0.14684707
0.10971499,0.8254141
0.7739211,0.12530841
0.7600821,0.13827261
0.76593375,0.2004646
0.7464855,0.121870294
0.1050281,0.78539366
0.10770217,0.83740425
0.115835436,0.6879442
0.7825186,0.08164151
0.10562566,0.80680734
0.943666,0.27082092
0.752557,0.25589573
0.1125365,0.7121007
0.76707864,0.18550257
0.10297486,0.76659137
0.7680033,0.1959595
0.100312546,0.7808805
0.75880456,0.28229198
0.03409574,0.7434522
0.761147,0.22494954
0.10694777,0.8208594
0.7918789,0.13172802
0.10891411,0.88085645
0.7554265,0.20354064
0.7844396,0.08373546
0.76081103,0.25667596
0.7501253,0.1672258
0.7528371,0.16662982
0.7500297,0.24134384
0.11849901,0.6559406
0.123301044,0.67429906
0.76210785,0.15559454
0.7516057,0.21761832
0.7733565,0.25204748
0.78628635,0.14528662
0.11574279,0.7824698
0.7499809,0.10980486
0.7741127,0.13631965
0.7219094,0.23801628
0.7528902,0.11395751
0.09530613,0.9016838
0.74868673,0.09088564
0.11452257,0.7654907
0.11511723,0.76582557
0.103011414,0.7673187
0.10344372,0.7747653
0.77678716,0.1608222
0.10590473,0.84411067
0.10508984,0.76014453
0.10371044,0.8721907
0.74380136,0.15202186
0.75301886,0.14362523
0.11429082,0.8590871
0.7376764,0.1688231
0.76518965,0.21236663
0.11080892,0.76314205
0.7609917,0.12418533
0.12157056,0.7320228
0.77568835,0.1644061
0.10581875,0.79387194
0.75834787,0.15245281
0.74430275,0.3450271
0.10206858,0.8925679
0.7603707,0.20890288
0.867153,0.22915666
0.11611497,0.7157503
0.098339245,0.8231167
0.76495403,0.10037009
0.75578576,0.25628343
0.10457984,0.76370275
0.7612874,0.31359223
0.11788091,0.77606297
0.7543111,0.23045917
0.76788944,0.11673716
0.7850853,0.21647282
0.11212486,0.79888815
0.7701249,0.18660001
0.119823836,0.71475697
0.09640286,0.7575699
0.7486111,0.23636611
0.08984182,0.91118264
0.10470732,0.76965296
0.76056117,0.23597841
0.10997927,0.7661989
0.10740577,0.8139703
0.1073255,0.7435435
0.11595926,0.71160084
0.11330546,0.81373
0.7684341,0.111395754
0.7749354,0.15726233
0.758633,0.31236982
0.78476465,0.11424589
0.11394802,0.70192415
0.108240135,0.76743567
0.113546886,0.63454133
0.7637347,0.13325323
0.764854,0.08428338
0.7643091,0.2678394
0.7739606,0.08119132
0.115145884,0.8869621
0.104242064,0.7589189
0.7865212,0.09501266
0.11750477,0.5390464
0.1178123,0.80774456
0.112072125,0.6172242
0.7542869,0.15744656
0.11101697,0.8550306
0.7464796,0.22104362
0.76799804,0.20459162
0.11894189,0.8315598
0.75692767,0.19284981
0.111844465,0.829719
0.77794015,0.17275466
0.10496906,0.89158094
0.7633027,0.2868948
0.10723401,0.8740363
0.7693226,0.174541
0.7608636,0.12520267
0.10724388,0.9035326
0.118253425,0.8810359
0.09898343,0.7664808
0.75483143,0.15208434
0.752139,0.18479605
0.11872598,0.68326443
0.114883065,0.8287129
0.11020835,0.6626534
0.77470124,0.10625461
0.79501164,0.08751802
0.74851954,0.13669935
0.07724015,0.8846374
0.09917114,0.82389694
0.10491703,0.8300442
0.11353047,0.8234019
0.103724346,0.7643452
0.13089615,0.6095165
0.7623112,0.23561953
0.114318386,0.7762601
0.115413,0.8074578
0.7816316,0.2616425
0.80337816,0.09920376
0.081991225,0.8972636
0.11581213,0.8513009
0.10531037,0.7611763
0.7672307,0.19582973
0.10989828,0.7535951
0.120364636,0.7024464
0.11417806,0.8814861
0.096587665,0.7772037
0.02687444,0.72899646
0.743143,0.39967155
0.75538707,0.1679964
0.77618337,0.15184723
