model1_loss,model2_loss
0.7975686,0.1898335
0.7679484,0.21044885
0.8529202,0.5027419
0.8298129,0.4354287
0.7639465,0.16810423
0.14323139,0.56263995
0.8503358,0.55726874
0.786815,0.17942268
0.16082123,0.7586818
0.23364642,0.7060884
0.1798655,0.5336349
0.19749461,0.79071194
0.83704215,0.29301187
0.18684766,0.8363773
0.17520002,0.6425301
0.13479322,0.5713893
0.84738964,0.3902684
0.83072,0.34446678
0.85427743,0.41459128
0.8717594,0.41974565
0.790502,0.45352095
0.16102113,0.54243946
0.8607448,0.4515371
0.12206638,0.49757394
0.14355741,0.61626184
0.794473,0.21390496
0.21651031,0.621195
0.18870425,0.5592548
0.861724,0.3374582
0.8782446,0.5424044
0.8447537,0.3143377
0.7398849,0.2601976
0.21168897,0.8224775
0.17850904,0.49446738
0.82103443,0.286889
0.1355373,0.40997306
0.16358729,0.6179404
0.81604534,0.29050848
0.21303788,0.74545395
0.9450942,0.6083877
0.14445616,0.663707
0.116895996,0.544754
0.7896243,0.39071342
0.15796396,0.5948795
0.80973506,0.24888268
0.8476752,0.43409884
0.22900514,0.7587392
0.13321269,0.5870343
0.8492411,0.3131607
0.7825251,0.28017604
0.18203226,0.71071935
0.2295624,0.72714925
0.13428594,0.5283294
0.17978618,0.651986
0.15415083,0.36937225
0.76030946,0.1811941
0.85819286,0.37893942
0.1208777,0.57487875
0.13948607,0.4890471
0.24419343,0.8336602
0.7862442,0.229673
0.81749535,0.41549408
0.827593,0.21342312
0.21222797,0.68409896
0.8509601,0.478935
0.19068578,0.5397863
0.14597999,0.5130892
0.1536602,0.62972975
0.81647444,0.36494985
0.7515421,0.19924343
0.124891125,0.5869607
0.11200206,0.4896043
0.748776,0.23467056
0.19102569,0.69490796
0.16050513,0.6236568
0.8248147,0.4472211
0.22640924,0.72773707
0.8330216,0.37525773
0.21067837,0.63652724
0.1919649,0.71891505
0.21289352,0.7680733
0.14047009,0.6376521
0.8579303,0.47383624
0.83410674,0.29026055
0.8534596,0.41793218
0.8563799,0.29379025
0.216312,0.90516406
0.14903875,0.65235746
0.19155596,0.57583106
0.19842945,0.5934997
0.15314856,0.53997684
0.15891188,0.68729925
0.13502644,0.48453662
0.8830465,0.57911545
0.22030878,0.7678175
0.15223712,0.74490947
0.84100044,0.4408398
0.85909796,0.4766296
0.79851097,0.2554204
0.8090695,0.26664466
0.16645725,0.6575197
0.23675793,0.79113597
0.18939635,0.71426654
0.1403757,0.5436765
0.14556472,0.58821917
0.16402872,0.64599496
0.18571411,0.596071
0.851386,0.27300364
0.8037072,0.31951487
0.7650491,0.18995616
0.8786983,0.38643163
0.92372537,0.63940555
0.07182293,0.31436223
0.16514283,0.5361624
0.19089322,0.66898406
0.8761893,0.5941401
0.19304648,0.56775975
0.21540137,0.739964
0.85299397,0.43275845
0.74810374,0.1663766
0.11911431,0.5178489
0.18494783,0.6304569
0.12107958,0.42307213
0.14708537,0.5973956
0.20100869,0.80097383
0.14691958,0.5702881
0.7852503,0.39182606
0.24148609,0.672664
0.13992791,0.39735803
0.14943537,0.5156517
0.1755074,0.75199604
0.21196859,0.81290114
0.8046309,0.53573924
0.7918973,0.2082578
0.7578706,0.20513327
0.81746125,0.38002884
0.80013835,0.3955568
0.836968,0.40930286
0.20723608,0.717625
0.1579592,0.59241426
0.82368267,0.4862327
0.85105366,0.38278714
0.13207912,0.5776997
0.83917797,0.31653094
0.19361126,0.6516645
0.79256284,0.29003584
0.2178644,0.9086211
0.8450504,0.4410715
0.7631167,0.28022513
0.890856,0.44260815
0.8055745,0.12762828
0.20255512,0.5994645
0.855762,0.30299693
0.14390723,0.5145391
0.8267304,0.31581083
0.14653684,0.63581806
0.15241322,0.7258667
0.7990992,0.39339948
0.18262124,0.59783846
0.84878457,0.33579144
0.24139407,0.78638417
0.18159477,0.54870385
0.822851,0.2509752
0.24066864,0.6727897
0.9236484,0.47354233
0.26560473,0.7993426
0.84506744,0.36643478
0.09129039,0.61192006
0.15572344,0.5260529
0.76583755,0.22620724
0.78837687,0.2738302
0.18798359,0.5777365
0.20317227,0.7439348
0.77083385,0.25862113
0.8543032,0.53409225
0.805492,0.17800781
0.11738384,0.4902596
0.8227919,0.37821755
0.17536382,0.6599228
0.83124197,0.4862222
0.12572642,0.6148505
0.8334249,0.46570235
0.1555402,0.44750234
0.77746576,0.12541488
0.09942712,0.40376037
0.7598196,0.29541755
0.83669233,0.5054209
0.19425777,0.7187275
0.17190011,0.4604551
0.78672296,0.24691458
0.87864554,0.45767137
0.85402,0.33735436
0.14511852,0.6196707
0.13727291,0.55753684
0.84481716,0.3781457
0.84212327,0.36153182
0.15076722,0.4867566
0.20332815,0.63487756
0.14201692,0.5909906
0.15332426,0.62307113
0.76903236,0.12845223
0.8793464,0.36172763
0.12600842,0.6448508
0.21407664,0.7704058
0.14791471,0.4897164
0.24318165,0.7041978
0.19713685,0.6640355
0.2117663,0.77631277
0.7882341,0.19354719
0.15283641,0.4703048
0.15543509,0.6811133
0.13377945,0.5467896
0.8021679,0.25674325
0.79751664,0.24134055
0.1287709,0.6252745
0.8260263,0.30560413
0.1586751,0.54652286
0.80559427,0.21055485
0.8792722,0.36917076
0.17995751,0.5568627
0.13371837,0.57638997
0.15115234,0.62912965
0.1275501,0.53945553
0.12936226,0.6564562
0.7704487,0.2515328
0.9008525,0.49436662
0.8386878,0.36738533
0.22787477,0.7181901
0.21986179,0.6955562
0.10527493,0.46670634
0.10069631,0.46565765
0.27299425,0.6636689
0.8559615,0.3410803
0.83307236,0.5002613
0.838821,0.28336498
0.20112927,0.57893586
0.14625722,0.4218995
0.8189188,0.38276568
0.8512639,0.4201456
0.872461,0.53968245
0.8507558,0.42129195
0.16650723,0.5171481
0.8513936,0.40146068
0.85283136,0.44990015
0.8151061,0.37727752
0.1357824,0.61704683
0.79294956,0.17236589
0.80008245,0.29860997
0.11784869,0.5020454
0.15342103,0.61897594
0.7916764,0.390409
0.87124735,0.40276122
0.1822615,0.88869387
0.75874597,0.3587665
0.16079228,0.5411744
0.8344978,0.31069368
0.8269719,0.419199
0.84384304,0.34032995
0.77222556,0.21050623
0.1433702,0.46834064
0.7706819,0.13677931
0.8476844,0.39638427
0.8472457,0.46237633
0.8203832,0.5373998
0.7836507,0.23777187
0.13837592,0.4433204
0.880543,0.38526163
0.83416665,0.35538706
0.16491596,0.5590516
0.8059469,0.20655645
0.12071944,0.46201757
0.85718626,0.29578158
0.8596045,0.27848393
0.9110108,0.64503217
0.83567023,0.27836215
0.8625284,0.45290992
0.82727534,0.41559133
0.83850294,0.5217663
0.14016034,0.47807822
0.16299076,0.5202901
0.8169115,0.42372566
0.805281,0.29851186
0.8742962,0.4220388
0.18758021,0.66281474
0.19564357,0.69913894
0.8481163,0.52487725
0.08938699,0.431164
0.12870665,0.43140623
0.75995326,0.24467051
0.15480049,0.7447776
0.7998932,0.18742035
0.78765583,0.15623167
0.21209908,0.77354527
0.85575485,0.46899158
0.13549486,0.70040095
0.89668876,0.42660138
0.86480737,0.3685724
0.112883754,0.6249289
0.81898034,0.34103212
0.8338977,0.3928506
0.80133694,0.39130828
0.8795035,0.4762656
0.7478872,0.24181539
0.8537396,0.4142632
0.8224615,0.28666732
0.7817136,0.30455634
0.76225287,0.3083239
0.78056973,0.096640214
0.86868757,0.36196855
0.20949644,0.74773175
0.79030925,0.27632484
0.8559833,0.36930743
0.75862217,0.15260647
0.13608702,0.58539426
0.22377884,0.784137
0.84376055,0.36443076
0.15086281,0.5959873
0.17390068,0.6201319
0.86914206,0.53134483
0.1293095,0.42588738
0.7957073,0.3114484
0.7909478,0.30449587
0.846993,0.49659318
0.1907298,0.6931996
0.17005542,0.63928163
0.9293233,0.59968394
0.15100044,0.6153617
0.21523558,0.6901439
0.15705767,0.53470635
0.87067777,0.5748993
0.21715721,0.68355316
0.17775467,0.42209882
0.777014,0.22694358
0.14537673,0.61610156
0.22210468,0.68331224
0.21862511,0.6687637
0.18705192,0.64954305
0.16307881,0.6526693
0.87357754,0.42137605
0.77541125,0.265992
0.8518461,0.5228951
0.7909934,0.23931725
0.84082556,0.35584435
0.82541555,0.29128337
0.15490083,0.50457376
0.78254056,0.24293633
0.09377008,0.41156137
0.12809505,0.62833375
0.8016947,0.34345227
0.12767145,0.5825466
0.78914154,0.40281597
0.11669253,0.51928043
0.21865565,0.84185016
0.2181567,0.7925237
0.19482137,0.81184024
0.13021223,0.56870985
0.12096575,0.64870113
0.866468,0.4094772
0.77232635,0.25683394
0.854989,0.44673577
0.8654943,0.33708277
0.80127627,0.20146559
0.85171527,0.42665526
0.8388924,0.349184
0.1553149,0.5210343
0.1665457,0.5621222
0.7982409,0.32601666
0.1683305,0.7682485
0.7731311,0.18313329
0.9007371,0.5882643
0.1952755,0.66620076
0.1386496,0.59904873
0.17416443,0.581653
0.8547034,0.3904388
0.8703772,0.5690914
0.17734098,0.6087662
0.8060615,0.28551704
0.8370822,0.37019095
0.1616355,0.5723355
0.19483168,0.7539887
0.8322858,0.45350564
0.76756763,0.1499581
0.14064103,0.527512
0.7541927,0.1848298
0.75209653,0.18051076
0.851035,0.48480034
0.86530155,0.45705506
0.15479335,0.48740447
0.8361771,0.31023243
0.78897893,0.24000235
0.1380384,0.51515764
0.7496771,0.23034626
0.17245816,0.59877145
0.19239563,0.8139752
0.1350427,0.5476004
0.9420137,0.5302541
0.09294153,0.30411524
0.84020877,0.2934556
0.13779646,0.5187688
0.20130815,0.7255789
0.84523994,0.4911996
0.75469446,0.2458611
0.7597839,0.32394913
0.8214604,0.52852434
0.22358449,0.6619811
0.160425,0.6164292
0.7845788,0.32100156
0.11617414,0.46654686
0.0834908,0.34943938
0.82418483,0.2813868
0.045721546,0.39310995
0.7718123,0.24884282
0.7966278,0.24360389
0.8684956,0.52788347
0.21714927,0.82166237
0.7673741,0.18700904
0.8127585,0.39334866
0.09824637,0.33273438
0.8469078,0.40290225
0.8389614,0.4831717
0.82178843,0.4062239
0.26136446,0.8583948
0.79721045,0.24936539
0.21255717,0.7705802
0.2538742,0.8007211
0.18963234,0.5262207
0.25571615,0.81164664
0.13284144,0.5801895
0.86107874,0.37053657
0.7942136,0.44432744
0.13882688,0.6836556
0.8444412,0.30383268
0.18738429,0.59944034
0.12602626,0.51801187
0.82255507,0.40940318
0.7759614,0.16859527
0.7853895,0.2375213
0.87527823,0.348233
0.12406298,0.5042391
0.12964901,0.6154147
0.21090047,0.80612123
0.15048721,0.6210019
0.15992169,0.51135767
0.8662594,0.51424736
0.14308503,0.65831435
0.78314817,0.31765497
0.8663764,0.6303325
0.8532565,0.36948353
0.9281176,0.47676498
0.8514721,0.34309572
0.85796565,0.3306708
0.16380543,0.58954597
0.8288995,0.4720714
0.22202735,0.7502829
0.81604886,0.3240744
0.16744722,0.6011176
0.7825501,0.17730345
0.1686129,0.5540361
0.8406479,0.2056322
0.15152161,0.5054157
0.16609196,0.6185668
0.12055841,0.63619345
0.13974904,0.41727775
0.17647715,0.63944805
0.83115745,0.3687533
0.7938356,0.32240897
0.8103153,0.3391004
0.20024678,0.59954065
0.8114183,0.34862944
0.13084246,0.57549286
0.22279362,0.7014549
0.8447795,0.39718106
0.18651608,0.7237317
0.79099536,0.12097844
0.22023858,0.7069237
0.12446436,0.649621
0.80011415,0.17192566
0.13771792,0.551131
0.18328835,0.7943696
0.8544587,0.52125293
0.82367593,0.49756825
0.82621276,0.49705353
0.1257161,0.47845492
0.8269961,0.49487782
0.82330036,0.3509344
0.84130824,0.35708445
0.7996227,0.30080542
0.85351354,0.47419414
0.16905592,0.6349555
0.8398685,0.28157339
0.8654689,0.36615402
0.16126941,0.6289036
0.8354231,0.40413797
0.15304622,0.6075642
0.16859862,0.75242925
0.8220871,0.19587842
0.8503358,0.47090447
0.7805424,0.26898772
0.8726221,0.45125282
0.76155007,0.26446497
0.77440584,0.35631832
0.12562567,0.5414407
0.7644593,0.08406109
0.81869316,0.38732257
0.11457178,0.32900494
0.1492307,0.46928066
0.8310785,0.42547476
0.81181216,0.46379295
0.8307973,0.30568472
0.82311594,0.33685282
0.15664835,0.5326563
0.21168698,0.75459754
0.16369952,0.7251369
0.12425534,0.5777689
0.19938293,0.6535108
0.87689286,0.35362396
0.8559881,0.37928766
0.7821967,0.18552016
0.7914245,0.4021291
0.14426579,0.6199655
0.14445853,0.34296957
0.18333198,0.66208535
0.15669516,0.60214615
0.84517455,0.38259923
0.85101914,0.52596533
0.84912807,0.41954285
0.13671526,0.53450924
0.7668549,0.23411557
0.8576162,0.46360984
0.85771257,0.50172037
0.19813873,0.6709574
0.19511487,0.7210614
0.8913145,0.56795686
0.87315035,0.51043075
0.16359799,0.6725838
0.80301464,0.27713695
0.2000802,0.7076369
0.89031583,0.53034526
0.792474,0.27810547
0.12355173,0.50002784
0.14837876,0.60787606
0.21219902,0.8275097
0.14673436,0.58086586
0.197708,0.7049469
0.82789207,0.5978275
0.7802616,0.29044804
0.8389614,0.35091293
0.20270307,0.6625703
0.9029415,0.447427
0.84960324,0.36498794
0.77930135,0.15798075
0.8380916,0.5268366
0.7575311,0.2656297
0.22694111,0.7320228
0.20199113,0.73359364
0.23711807,0.8409456
0.16269448,0.626826
0.15111506,0.70748883
0.18317968,0.5911019
0.17291586,0.5221535
0.13715631,0.49181023
0.842884,0.4805492
0.157488,0.6684803
0.17407995,0.5946605
0.16044603,0.6572552
0.86245185,0.417838
0.84577066,0.42079958
0.8136521,0.4086874
0.765855,0.14117809
0.8430867,0.30491772
0.1615534,0.5029342
0.8579597,0.41679636
0.19153693,0.59540516
0.8699274,0.5996051
0.19476664,0.6072716
0.15122057,0.6198078
0.18591599,0.7250563
0.11512785,0.42675644
0.7810584,0.15305853
0.82329243,0.303187
0.7658253,0.2315491
0.16968338,0.57139987
0.91318154,0.6593989
0.8911733,0.4062401
0.88588554,0.48580518
0.22013903,0.67604256
0.21264364,0.6842505
0.15196979,0.58336174
0.8690342,0.33022708
0.14767437,0.6230812
0.16804177,0.6084118
0.8145679,0.21879959
0.12811965,0.55837303
0.8518894,0.47317174
0.9013534,0.56697744
0.14929377,0.61635035
0.14757283,0.67639476
0.1947714,0.6665363
0.15421349,0.5144103
0.237314,0.6948677
0.82813996,0.2988785
0.17498069,0.4443353
0.15700056,0.7374326
0.23152846,0.6602491
0.13764296,0.5249609
0.8118851,0.2676355
0.20010836,0.68630755
0.15818052,0.80472565
0.26800156,0.7645782
0.21400921,0.70956117
0.8346224,0.24163009
0.908194,0.49088904
0.1598376,0.36639187
0.16445272,0.48040593
0.87933016,0.50247467
0.8492966,0.49436575
0.7985661,0.38353574
0.7660327,0.19873793
0.11894257,0.5509584
0.8624887,0.47440788
0.16438529,0.6094749
0.15860529,0.69218993
0.8333968,0.3534991
0.8117162,0.2558917
0.82960665,0.37222958
0.14464812,0.50499076
0.8436075,0.42338794
0.19889787,0.8394256
0.81024075,0.2097274
0.22064313,0.6612706
0.8427567,0.34012365
0.14283992,0.63817513
0.8693654,0.5605935
0.1413748,0.5500907
0.20508201,0.8048198
0.86227256,0.32640168
0.15046857,0.5821274
0.20937863,0.72948134
0.16660361,0.7317451
0.84592295,0.4608007
0.8932151,0.50408053
0.91072327,0.63953394
0.8276735,0.42515588
0.86837816,0.3682154
0.13213585,0.58924025
0.72855103,0.19277011
0.12964109,0.5502619
0.8362255,0.4591493
0.84810835,0.3641732
0.83630997,0.44034657
0.85424846,0.42994362
0.20667446,0.75817627
0.15199994,0.7262793
0.83545923,0.5109709
0.23207143,0.6939504
0.19133028,0.77483225
0.8722282,0.4134169
0.17089348,0.50475776
0.16859466,0.6120326
0.80599606,0.41147378
0.15828958,0.5940411
0.21389776,0.7720384
0.73383164,0.2631548
0.83870953,0.44077978
0.15420397,0.71028394
0.94153136,0.5892621
0.8558409,0.31429872
0.84377444,0.46791357
0.8040022,0.29269955
0.7481081,0.27201936
0.17569381,0.77037036
0.7714153,0.19595727
0.8493688,0.5913989
0.20809318,0.773943
0.15645996,0.5969085
0.8297967,0.364065
0.16482753,0.6656882
0.18978544,0.6476192
0.86325026,0.46682942
0.8027664,0.22540914
0.80292267,0.3180584
0.15855691,0.6880518
0.1651349,0.72538745
0.22270438,0.74019396
0.14775527,0.71877396
0.22612883,0.66807026
0.83188885,0.30297065
0.07541356,0.40901375
0.8588358,0.39179233
0.7762509,0.18820664
0.17589688,0.5111093
0.21710049,0.8488697
0.20841008,0.6087092
0.12884466,0.5982524
0.13648283,0.5969628
0.19749302,0.73342544
0.12414905,0.44754526
0.8022531,0.4170548
0.16078791,0.4721082
0.86877877,0.34342337
0.8604497,0.4435368
0.16637674,0.82581276
0.14109835,0.4880199
0.15994985,0.659465
0.15447645,0.69449884
0.85953903,0.38644433
0.09948463,0.36568925
0.86674327,0.55983126
0.77863306,0.1767029
0.81416297,0.29273152
0.225075,0.7446716
0.83071405,0.48178795
0.83114594,0.28470975
0.9174318,0.576411
0.17767772,0.63210434
0.16405411,0.5371068
0.82702744,0.5090001
0.89391434,0.32845083
0.8807413,0.41545552
0.8448104,0.4056089
0.7723612,0.22669828
0.7735178,0.22313923
0.14704293,0.54980373
0.8656189,0.46260718
0.7738652,0.43378168
0.12326537,0.50184304
0.8607027,0.42680377
0.80051273,0.46981114
0.16239186,0.5754981
0.17309473,0.6091543
0.10763365,0.46286693
0.11659813,0.45357177
0.98309034,0.5948484
0.8600697,0.33419526
0.15350273,0.6830406
0.14411864,0.76747143
0.1635258,0.787198
0.12440566,0.5594747
0.1919629,0.59264463
0.16938354,0.6872064
0.8331287,0.36004338
0.8297042,0.43946305
0.80884266,0.18283936
0.19176579,0.74777293
0.8303971,0.3203651
0.20220411,0.7577777
0.86067736,0.50995815
0.12429619,0.59821737
0.85433733,0.34384432
0.869409,0.5054586
0.876998,0.32583663
0.89828634,0.73133427
0.24441713,0.8396775
0.13603942,0.5118369
0.76261264,0.21749556
0.1365582,0.52174044
0.1461188,0.48754114
0.845054,0.51259595
0.15937157,0.6804133
0.15876791,0.49024558
0.1568677,0.68373317
0.7712471,0.3274486
0.13523188,0.6335845
0.20410791,0.7367151
0.15802345,0.6571307
0.15873459,0.68855906
0.123562835,0.6149986
0.19853655,0.7655625
0.22592695,0.73200446
0.17864628,0.7219524
0.24625786,0.8788595
0.14808129,0.4914703
0.833515,0.25522327
0.9482704,0.64669234
0.17043696,0.7087258
0.8437027,0.4892521
0.8405424,0.41514802
0.82229966,0.2971456
0.8691738,0.46721357
0.84773713,0.37167853
0.847701,0.48669353
0.8380357,0.30793315
0.21802185,0.79145926
0.8280563,0.23397714
0.13284025,0.5799022
0.2123771,0.82584256
0.22267781,0.7596183
0.1276766,0.5643694
0.84528005,0.30037615
0.15450779,0.57644254
0.20069735,0.81630075
0.7984412,0.28852898
0.14949447,0.6509036
0.11952283,0.55773395
0.16863114,0.68426365
0.8483134,0.38823503
0.13584903,0.575142
0.16415803,0.61982834
0.15096793,0.5975086
0.17009786,0.6263415
0.7861982,0.26197955
0.21724606,0.874837
0.1602727,0.58020306
0.14780882,0.3990252
0.21662216,0.6311744
0.87173283,0.361771
0.771493,0.2812269
0.8293366,0.34795618
0.23473635,0.7506438
0.22919194,0.81101495
0.21448119,0.88424516
0.17289484,0.51762027
0.15266071,0.6049662
0.22126503,0.6293447
0.1472575,0.5327693
0.84761333,0.3166996
0.14503404,0.42573583
0.8557584,0.41363898
0.88092816,0.3960934
0.096430235,0.44515753
0.23680037,0.7425524
0.1567253,0.54811555
0.22531694,0.76033145
0.14413014,0.57353485
0.75047714,0.16632317
0.7830161,0.1873954
0.79583895,0.22555369
0.1670379,0.6198546
0.7908974,0.30875316
0.8684321,0.42455575
0.8283783,0.30177656
0.20237784,0.811149
0.12654069,0.62858164
0.121421464,0.5684072
0.86172837,0.39935985
0.82365376,0.31913465
0.78130865,0.20781493
0.11876726,0.36520433
0.81576174,0.37872478
0.1149101,0.5010695
0.2328972,0.8684811
0.20438515,0.69820726
0.217346,0.7628133
0.8611668,0.38476095
0.16943985,0.70084596
0.8918575,0.53655577
0.76568604,0.27105087
0.86346084,0.47282615
0.16782798,0.6994408
0.8308747,0.3426603
0.81078887,0.31678107
0.22042221,0.7919367
0.20485395,0.6783405
0.14182892,0.4772442
0.7800573,0.20779172
0.20171984,0.70416015
0.83964676,0.28421083
0.76813483,0.1557989
0.07381517,0.32606658
0.8267022,0.3981938
0.17532654,0.5532419
0.11673576,0.60617256
0.131742,0.52031463
0.16944462,0.73067325
0.14021744,0.57818943
0.22839633,0.8466261
0.84835863,0.36610276
0.8179162,0.39201483
0.7423285,0.35600293
0.14863102,0.40923277
0.20698343,0.7892489
0.79757696,0.22355887
0.21381328,0.8365858
0.8426044,0.42915428
0.7690954,0.23223332
0.21393624,0.7525729
0.119233295,0.33497277
0.862127,0.41596848
0.88710237,0.5928076
0.16302843,0.59097135
0.15077992,0.6016367
0.7604026,0.23787042
0.8463485,0.17651017
0.8723904,0.37710056
0.83942986,0.3888369
0.8013465,0.2935086
0.77825904,0.1802716
0.86522144,0.29454193
0.17332716,0.7264475
0.7746394,0.18505934
0.13941349,0.46735987
0.7865159,0.19483633
0.77017105,0.22131611
0.798678,0.23185967
0.13725229,0.6026297
0.8462926,0.27019626
0.79850984,0.2615669
0.14052245,0.4803455
0.76672244,0.2510168
0.85913247,0.45163828
0.13191731,0.69464165
0.81475353,0.41678452
0.16793863,0.5791522
0.2093818,0.76519275
0.20647456,0.8093601
0.7695309,0.26282322
0.76477224,0.21142173
0.84188175,0.45928773
0.117958546,0.54454553
0.2364093,0.8104613
0.16812466,0.57170343
0.8522935,0.2849892
0.12092648,0.5262794
0.14241554,0.42312118
0.7758995,0.2699435
0.7834449,0.2767366
0.7443354,0.07838501
0.11816757,0.46375132
0.1444871,0.5824191
0.17692295,0.5192213
0.15028097,0.5658832
0.18144009,0.6041462
0.8629381,0.34995058
0.85798347,0.37797093
0.8777885,0.46324757
0.7940787,0.3617824
0.21919507,0.80260813
0.13470756,0.47001743
0.23189415,0.7933406
0.8533295,0.43277463
0.7579531,0.13498993
0.8539693,0.5871328
0.1867243,0.5162926
0.16143322,0.791634
0.8572783,0.43620405
0.18490103,0.59589314
0.15202175,0.45508564
0.13380048,0.5781991
0.15044478,0.5939031
0.23271437,0.7184901
0.190495,0.67875665
0.9065298,0.54768014
0.7573756,0.18832797
0.18701582,0.83617586
0.8365837,0.38147217
0.75528145,0.23895544
0.7973235,0.27732837
0.17447816,0.6848217
0.21235727,0.75985616
0.76049346,0.25154552
0.820499,0.30508196
0.79001415,0.23070282
0.17549431,0.5103383
0.15312594,0.6068927
0.13469844,0.710849
0.22021677,0.76685905
0.13348515,0.42058933
0.15119241,0.5885087
0.77231205,0.153087
0.21251315,0.83037883
0.14424992,0.5663694
0.9152876,0.54657364
0.8430887,0.41539377
0.21484172,0.7913239
0.76736575,0.31510776
0.123543,0.69243217
0.116636604,0.41965675
0.115515746,0.5907059
0.14727059,0.45462438
0.8770424,0.48633698
0.83629376,0.3034551
0.8449219,0.42468452
0.78316605,0.21560411
0.23045836,0.76904577
0.14467986,0.49157545
0.810418,0.4384551
0.8426754,0.36276928
0.14717898,0.60920423
0.8905407,0.7016397
0.19038434,0.61955416
0.8411976,0.4601949
0.8421201,0.3895163
0.21110831,0.71756583
0.7998734,0.33583832
0.7904064,0.4615642
0.18248163,0.80479485
0.14317268,0.52922124
0.77647424,0.26396954
0.16809571,0.53916335
0.786627,0.2052765
0.85721004,0.37408468
0.2081729,0.68100506
0.84394777,0.3829291
0.7596451,0.15598418
0.15600781,0.6631012
0.85407555,0.42713842
0.8487969,0.37690607
0.7993237,0.14441036
0.85491043,0.40940142
0.8316731,0.39383358
0.8142165,0.2589527
0.14056489,0.5932474
0.14768903,0.49636143
0.8467495,0.36742255
0.8820319,0.39114314
0.86297536,0.27243856
0.20862822,0.70741785
0.20637144,0.7639855
0.8391439,0.34358326
0.8306478,0.27974853
0.16515672,0.577945
0.8247996,0.3267337
0.18401577,0.6807729
0.86931103,0.4393658
0.19615759,0.65400577
0.19312818,0.6888315
0.18984851,0.7713314
0.17221305,0.82946247
0.85611576,0.32297406
0.8188796,0.26482943
0.86017007,0.39441574
0.79116434,0.23349969
0.17037748,0.65807426
0.8326535,0.29531595
0.84672886,0.25966057
0.23007286,0.8142284
0.8352522,0.26278335
0.20757717,0.7017518
0.82836443,0.40256453
0.768953,0.13523348
0.13865872,0.59916526
0.138531,0.60264593
0.81077063,0.4011913
0.125588,0.44618165
0.18249987,0.5868398
0.8141415,0.35254198
0.14082229,0.43933338
0.21832845,0.81948483
0.070382394,0.35461348
0.17339142,0.72809714
0.8113382,0.38507676
0.107925564,0.61389035
0.78926533,0.25130984
0.8368252,0.4379356
0.8781601,0.49859717
0.8263127,0.37438342
0.81939995,0.36565727
0.14685057,0.5509851
0.15214033,0.5484949
0.17536898,0.6319528
0.16945176,0.71670645
0.15646511,0.6433685
0.1653586,0.621139
0.85100806,0.48920393
0.15623547,0.43761933
0.88370055,0.54028696
0.84709376,0.36858118
0.22013704,0.75806504
0.20462471,0.7040428
0.25622383,0.6693213
0.15827769,0.5109446
0.86070114,0.48057458
0.16896272,0.5854004
0.21503408,0.6971726
0.07992158,0.34069222
0.20235682,0.7636202
0.18892556,0.64811814
0.14876547,0.5119223
0.16736235,0.63466555
0.184128,0.66194874
0.8670003,0.3385419
0.7751237,0.25157967
0.7550502,0.09608522
0.1439707,0.54981863
0.92365557,0.59618574
0.8595648,0.34212503
0.8818459,0.54260546
0.7571329,0.15072905
0.86301863,0.37057248
0.12569627,0.55427086
0.80682224,0.48915398
0.7800244,0.32372177
0.85778713,0.47891486
0.8571946,0.48375562
0.79994833,0.25499898
0.20419,0.7416614
0.84664005,0.308415
0.8368474,0.23657733
0.15174292,0.5841113
0.19134536,0.5750487
0.8462847,0.3321207
0.161482,0.62553996
0.23159906,0.7116489
0.80100775,0.30030122
0.1356067,0.60701054
0.1773751,0.6031444
0.857193,0.35523766
0.11254186,0.49169284
0.7928714,0.39821875
0.22582303,0.93374777
0.17598018,0.6182181
0.07651498,0.3575387
0.13586172,0.542754
0.8294611,0.37332118
0.1712314,0.71189505
0.7792966,0.15479185
0.16460185,0.43140095
0.1724054,0.6681684
0.13611199,0.57584155
0.8813767,0.39790162
0.13129818,0.54883915
0.83813167,0.4100541
0.86021525,0.59312516
0.86657155,0.4364156
0.83054584,0.3960404
0.75611913,0.25118676
0.82228935,0.39405084
0.09730835,0.40356982
0.84144425,0.42036724
0.7580955,0.22233938
0.14851837,0.7387209
0.22769906,0.8196662
0.112448655,0.55823594
0.16787636,0.57090795
0.15903722,0.66900945
0.8656827,0.39968356
0.83953536,0.35870036
0.15944415,0.5820836
0.11983299,0.42493114
0.8836997,0.5955795
0.8086241,0.23296747
0.18591599,0.673233
0.81940275,0.4835252
0.17133492,0.5706447
0.8814076,0.46438253
0.10628989,0.6153919
0.8252307,0.46752152
0.18552372,0.7141246
0.09728059,0.39855474
0.8508855,0.3921033
0.15496191,0.548473
0.15333813,0.71735996
0.7981838,0.20574039
0.14473578,0.3944858
0.13690168,0.68384093
0.86658263,0.4142229
0.24513938,0.7806397
0.7733516,0.26761883
0.8298169,0.3142168
0.80172724,0.2656144
0.22089817,0.7763776
0.79240024,0.16145352
0.14163814,0.6487669
0.85573345,0.55542815
0.80815053,0.25946522
0.79987615,0.36292347
0.12731013,0.63515794
0.87752116,0.4535293
0.19702144,0.7220917
0.14211766,0.6203584
0.20554368,0.76089215
0.17347986,0.5168966
0.8564799,0.33164936
0.15864377,0.62229455
0.86576325,0.50729483
0.73443574,0.16998035
0.16722432,0.6689893
0.19136004,0.7650202
0.18851505,0.71668977
0.2041087,0.7268356
0.75746566,0.27079725
0.76567495,0.1379388
0.16006249,0.66187644
0.15383075,0.8699888
0.17171806,0.78572357
0.16403309,0.57485944
0.18303491,0.7929065
0.7706605,0.27653903
0.19702977,0.8598754
0.78186315,0.28154844
0.8251724,0.36581147
0.88229966,0.5582767
0.1497245,0.7449029
0.2340244,0.86285406
0.10582584,0.35210264
0.84375143,0.40129247
0.88564676,0.45480222
0.7683831,0.22319354
0.18924603,0.6757368
0.20477067,0.7723389
0.7859523,0.24130288
0.8565374,0.28529364
0.14709212,0.49444634
0.1657806,0.5390727
0.07256937,0.35934514
0.8620976,0.47666246
0.79007757,0.29398167
0.13960823,0.5559148
0.18832825,0.6770601
0.119975775,0.61610943
0.19648798,0.67333984
0.1807571,0.62519914
0.1278543,0.5167512
0.839834,0.50052017
0.12651134,0.5661311
0.10837811,0.5272755
0.15458116,0.6578443
0.84991455,0.4704809
0.8347691,0.27144158
0.8054654,0.2707324
0.8700416,0.5897365
0.81376594,0.39527646
0.17494221,0.51963437
0.11617295,0.3862656
0.8290415,0.30794322
0.21110077,0.74007833
0.21605618,0.72301024
0.83821535,0.47137186
0.8057664,0.13464212
0.8527334,0.3466298
0.13581255,0.5973132
0.8543286,0.38473728
0.8201123,0.4700928
0.8795126,0.4557326
0.8377192,0.35929698
0.12797964,0.44341457
0.13358709,0.5464335
0.19949836,0.5913402
0.16530585,0.6833858
0.82561785,0.39849296
0.15451333,0.6342415
0.8805204,0.71109605
0.15386921,0.38602555
0.14455888,0.4538359
0.2062711,0.778736
0.14782348,0.58803385
0.14043717,0.56851757
0.7890765,0.28296065
0.85529953,0.3775872
0.21140459,0.77134544
0.17169426,0.48263466
0.8652516,0.3277977
0.10201826,0.44817603
0.16457447,0.4829483
0.8641339,0.27038944
0.9026845,0.65307367
0.7945285,0.3653178
0.7605351,0.20614864
0.12877288,0.56196016
0.2338963,0.7124483
0.7959425,0.28817067
0.1782326,0.5563594
0.15326437,0.6586858
0.84593683,0.19811854
0.14278995,0.7939429
0.23771776,0.80303216
0.14371844,0.5343502
0.8254175,0.34744018
0.92356116,0.6408384
0.21789493,0.7103181
0.83534145,0.44398797
0.15389618,0.47301406
0.76997596,0.28405488
0.19326065,0.7297416
0.18115333,0.55251473
0.13738437,0.56258744
0.84046227,0.3872293
0.8658862,0.37787017
0.17161612,0.6641061
0.89826137,0.6206059
0.84024173,0.3910897
0.22860931,0.73619384
0.14571425,0.416767
0.83536243,0.50074184
0.8200845,0.24513307
0.124619044,0.50240195
0.17125005,0.67150974
0.8188201,0.24933386
0.801354,0.2767033
0.7552842,0.26568404
0.121333815,0.6554688
0.84981936,0.47549334
0.15127927,0.44052833
0.1700586,0.6401813
0.85919476,0.5227707
0.24697614,0.7503249
0.8569058,0.4351278
0.7749226,0.2368349
0.8468705,0.38639176
0.10507583,0.6662358
0.13279028,0.39779386
0.1815095,0.6744043
0.15811746,0.5432836
0.8461641,0.32875612
0.11727596,0.5905311
0.14118282,0.514897
0.82271653,0.3556144
0.8054249,0.19684298
0.82696277,0.3478537
0.8269045,0.32580858
0.18585609,0.762533
0.7912381,0.23370293
0.14608192,0.4816977
0.15005529,0.6458728
0.22626567,0.79920197
0.1327046,0.4885705
0.7772036,0.14381112
0.8957333,0.4934406
0.8376978,0.4321338
0.22753644,0.76237094
0.8284156,0.34198967
0.7896318,0.33055735
0.82338285,0.36446494
0.13553293,0.5653076
0.8754658,0.46304214
0.8002339,0.24363017
0.82984585,0.3663314
0.15149106,0.57330793
0.1946064,0.7064695
0.08311043,0.25182453
0.20518751,0.705865
0.06413637,0.42114258
0.7612653,0.25908852
0.19103362,0.68157935
0.8700349,0.62210965
0.14901851,0.54354334
0.20523155,0.6741314
0.19044662,0.7242775
0.83877224,0.35903677
0.114947386,0.44848004
0.7736475,0.24064626
0.17080702,0.70994574
0.8248123,0.4013573
0.81812876,0.3552565
0.86650574,0.5161318
0.90454227,0.53770036
0.8413792,0.4573091
0.1419844,0.46664983
0.14116101,0.5039719
0.16830155,0.66098154
0.19507839,0.77298766
0.18194221,0.5287867
0.81883043,0.36351615
0.8661884,0.534193
0.873892,0.49240246
0.9180354,0.51070017
0.7936226,0.2456793
0.16624585,0.5315236
0.19080397,0.67998755
0.7882119,0.21924727
0.17550859,0.62209874
0.19636859,0.62005967
0.1546125,0.43642044
0.10820836,0.44320345
0.82166743,0.304481
0.13236272,0.5090391
0.099564746,0.5412997
0.21367882,0.70896983
0.17160264,0.6844336
0.20911448,0.7133607
0.86500925,0.53836966
0.1805572,0.58474684
0.124509975,0.6363809
0.7543299,0.2974689
0.16956757,0.6668219
0.8373035,0.3575124
0.85338104,0.55836123
0.8817995,0.5127729
0.2086306,0.8429177
0.19447273,0.75381476
0.14926244,0.62575763
0.22368048,0.71645415
0.84109205,0.3670038
0.81864357,0.34920985
0.8613865,0.4040784
0.18667036,0.8533486
0.16225702,0.6325652
0.9268238,0.5721949
0.868137,0.46083137
0.1794066,0.7203334
0.2017008,0.67489576
0.16236252,0.6249727
0.77353996,0.37145996
0.22788864,0.7644613
0.22668569,0.7593599
0.818293,0.3407645
0.26924813,0.7520534
0.19448464,0.576969
0.77865404,0.29734755
0.7427489,0.16827463
0.7652839,0.2389331
0.13596128,0.6405055
0.8419246,0.34425345
0.13099913,0.4493548
0.23238279,0.75031525
0.16282022,0.52367
0.80895406,0.33796105
0.802338,0.32515678
0.7840632,0.18818298
0.7667371,0.20162284
0.79602295,0.30624497
0.22714578,0.6883562
0.8260319,0.45085245
0.88890225,0.51372
0.80200565,0.33113116
0.16899683,0.4799609
0.86435324,0.37304127
0.8674901,0.47133812
0.8887567,0.49132052
0.86538684,0.4272545
0.8208357,0.40458477
0.8282518,0.31298462
0.83559567,0.3236276
0.8165478,0.31634304
0.8605647,0.52846867
0.12364573,0.58666897
0.827148,0.33190736
0.2320988,0.7929249
0.78937554,0.26123664
0.23505008,0.65325236
0.8758577,0.46242845
0.84621805,0.4452219
0.1392711,0.5434084
0.17534241,0.7444552
0.11113663,0.48448318
0.8131868,0.23221798
0.85669565,0.37428835
0.8098996,0.29216513
0.1327288,0.6564369
0.14475283,0.7681118
0.13543734,0.7025346
0.78255606,0.15931807
0.17930983,0.72046787
0.13509981,0.4427194
0.14493568,0.64353275
0.14654359,0.5530018
0.9259417,0.515063
0.84502816,0.34955153
0.18958555,0.61837494
0.8203328,0.20322606
0.7744792,0.15879944
0.8264178,0.38808566
0.14666337,0.58894235
0.11654419,0.58887666
0.08361771,0.4087794
0.18124694,0.7569095
0.89246196,0.49827743
0.77163106,0.2737378
0.8348119,0.28348893
0.16075698,0.70589393
0.923305,0.58895373
0.85038495,0.4977509
0.8143664,0.40825596
0.1685665,0.63659644
0.13033439,0.65666556
0.14712265,0.5262312
0.22810084,0.6801356
0.2319707,0.65688896
0.83365065,0.35647687
0.15083942,0.62643045
0.8499522,0.35442686
0.15308431,0.52820414
0.88044983,0.46861878
0.18280408,0.6254405
0.84144586,0.50047946
0.87030894,0.3709965
0.17371269,0.6718987
0.82889473,0.41238007
0.8318674,0.3685759
0.14191063,0.8048448
0.15384343,0.632994
0.2090542,0.7148658
0.19409198,0.6769541
0.92654216,0.6400578
0.7823327,0.31264076
0.8591725,0.4166838
0.85796916,0.37168598
0.80807835,0.33618173
0.9122467,0.5678132
0.13965225,0.66297024
0.7946879,0.32296354
0.19166385,0.7257848
0.1815103,0.6840775
0.11467887,0.39335874
0.80905205,0.28347096
0.19470952,0.6880509
0.15575041,0.6182457
0.123529516,0.6651004
0.81776947,0.38061318
0.79418105,0.2922812
0.19023085,0.72385216
0.12623806,0.4918571
0.21874925,0.76410997
0.14806186,0.53428406
0.8547129,0.3988281
0.18814303,0.7963048
0.1597924,0.59340686
0.22755627,0.7836902
0.16823334,0.5880304
0.13135292,0.47382748
0.8543607,0.5625401
0.7599219,0.3836089
0.78818053,0.39409772
0.1482221,0.5959448
0.8663419,0.33870134
0.21024644,0.8260519
0.22562155,0.75704706
0.9086362,0.49077034
0.18980488,0.57296014
0.84601337,0.3530672
0.16226771,0.7364698
0.7882944,0.09437775
0.8421733,0.36091334
0.13006626,0.56093603
0.20345546,0.69928306
0.84833837,0.5009692
0.22981663,0.71103036
0.8436511,0.3364196
0.17943755,0.7443203
0.7723037,0.12017989
0.79094934,0.2514842
0.20043002,0.7439191
0.8365186,0.3301228
0.21567383,0.69848937
0.85967386,0.4917086
0.21323857,0.74025446
0.15928352,0.6223287
0.8080077,0.19597916
0.15005252,0.6391213
0.15620057,0.74874055
0.8278425,0.34458855
0.15927717,0.6461912
0.15397988,0.6695027
0.24279614,0.7285961
0.8598056,0.43931323
0.1394238,0.6342696
0.13801658,0.51918846
0.85923165,0.38504347
0.13811693,0.5095017
0.16719854,0.59874564
0.8606087,0.43802014
0.20030905,0.7374948
0.75116605,0.18461429
0.8708107,0.30944747
0.75438786,0.29909444
0.18679331,0.6937143
0.86569977,0.28701293
0.8202789,0.38782153
0.86338866,0.4502567
0.19357398,0.6571754
0.8387504,0.3602808
0.13507324,0.67810136
0.22131461,0.7632334
0.15175442,0.64862627
0.75131166,0.14910787
0.12687781,0.5193181
0.83342296,0.35725704
0.13142946,0.5619934
0.90003425,0.44256917
0.2025686,0.7565599
0.8574401,0.44850326
0.7615552,0.2273492
0.83080524,0.29530936
0.16590634,0.50267184
0.7701262,0.27571508
0.83907485,0.25554565
0.81954473,0.3230853
0.15200032,0.5198595
0.2005026,0.73887944
0.7430817,0.31970146
0.21081838,0.81710196
0.8473127,0.35683215
0.20159927,0.73527175
0.8725582,0.33512563
0.15529588,0.5092853
0.2258266,0.7055216
0.1798183,0.62319994
0.86774474,0.46303776
0.15388785,0.5958108
0.7506227,0.36039293
0.117093116,0.43838677
0.17631096,0.69222015
0.16708273,0.56207055
0.7695131,0.2743068
0.8465821,0.2923903
0.7578868,0.2474652
0.15399654,0.6215065
0.13339037,0.56866825
0.76773024,0.24454829
0.19751881,0.83454806
0.14228703,0.44281226
0.813708,0.49755204
0.11431993,0.52644145
0.17360401,0.5599688
0.7813178,0.25840604
0.7683708,0.15215617
0.16982776,0.67183656
0.8723246,0.40155178
0.16175409,0.5754018
0.19089718,0.6526706
0.14132085,0.68178874
0.095161036,0.41105938
0.168647,0.6228053
0.8769012,0.3330949
0.86344737,0.33660007
0.16935538,0.634825
0.13627025,0.50387293
0.24109185,0.814281
0.12646215,0.65805936
0.7835099,0.30906197
0.8555684,0.4216472
0.8652119,0.29622707
0.8155527,0.29789686
0.16495246,0.65466285
0.7950675,0.32394737
0.9127841,0.59074444
0.797755,0.38075292
0.7994867,0.30878252
0.8112581,0.3158349
0.14799999,0.4885486
0.18748106,0.7748563
0.8875097,0.36604404
0.21091515,0.75420505
0.83973163,0.3482602
0.15257703,0.64209557
0.19564436,0.6733101
0.8543988,0.42805347
0.8728537,0.42123544
0.13515733,0.50553745
0.7763029,0.21841456
0.22333382,0.67980355
0.83254164,0.3008374
0.11925194,0.4180395
0.15965833,0.679811
0.15164971,0.58489317
0.8566996,0.5236958
0.20035744,0.7298243
0.17343307,0.55146873
0.7834873,0.2179695
0.80601037,0.28632742
0.845265,0.2914875
0.7948807,0.3048936
0.17107354,0.60680467
0.80040014,0.25012803
0.22261912,0.8998594
0.17603174,0.79172033
0.86000305,0.54537696
0.13859724,0.62637264
0.12452227,0.4555136
0.15569685,0.6777443
0.2232894,0.78941095
0.8013036,0.20720957
0.764048,0.34483692
0.19695838,0.7021417
0.7776855,0.21204637
0.8293401,0.27280477
0.16612607,0.66771984
0.13126644,0.41901064
0.17025214,0.71369886
0.8428424,0.38009235
0.12809941,0.52925277
0.22943032,0.67265916
0.21307833,0.7347063
0.85621256,0.3789368
0.118279815,0.51694
0.84792984,0.4036548
0.14511098,0.5948226
0.8765554,0.43720627
0.18928094,0.67454445
0.18537895,0.5201442
0.15854461,0.48679253
0.82595533,0.35902056
0.20879401,0.71130544
0.21104445,0.7324587
0.8650065,0.39339027
0.19291124,0.61844856
0.8191707,0.26982087
0.14485279,0.61245096
0.21967457,0.76962835
0.75969464,0.35746115
0.78775895,0.17568797
0.20085877,0.77383
0.226274,0.7072365
0.08102935,0.3562999
0.17757222,0.6542349
0.8274276,0.32940793
0.85744727,0.4254914
0.13426453,0.5037143
0.8282355,0.24342561
0.8221557,0.27859563
0.10335369,0.44854617
0.21388547,0.8051838
0.20823477,0.730456
0.14737451,0.72756886
0.16463596,0.48513544
0.19227505,0.7142692
0.7989873,0.33248776
0.01317543,0.32402357
0.085912175,0.33455488
0.11790262,0.33374712
0.87785274,0.38093558
0.21133478,0.74376225
0.88587797,0.6537754
0.7712435,0.26427794
0.14927593,0.60108167
0.1478691,0.54879713
0.88850045,0.61804646
0.793157,0.2854474
0.8616415,0.2958832
0.8169512,0.15984504
0.14621478,0.4587717
0.18186764,0.6436528
0.14794089,0.48187688
0.13019954,0.50025386
0.1579132,0.6240795
0.85884374,0.49835187
0.85563785,0.32004225
0.23280956,0.72540325
0.7567378,0.18668051
0.2149841,0.7237676
0.73688644,0.27266195
0.90402985,0.6889559
0.8020877,0.21377093
0.21502773,0.71706384
0.17498942,0.6353033
0.18499345,0.6994986
0.15852557,0.58427817
0.17074554,0.6678539
0.8133352,0.2167982
0.7612153,0.23259908
0.1499478,0.48630193
0.13413443,0.6573559
0.8534707,0.41315582
0.21778308,0.6957385
0.8085126,0.21500313
0.7976729,0.26336813
0.15019728,0.5881127
0.8888051,0.41969618
0.16889808,0.6001933
0.14079413,0.4130507
0.7821749,0.2507452
0.8610145,0.591023
0.10870612,0.54864734
0.8313034,0.30264604
0.22057293,0.7512934
0.14100634,0.5052895
0.14041218,0.66355413
0.19873129,0.7471509
0.7722819,0.25055686
0.8446117,0.4096721
0.8252918,0.44737968
0.8313439,0.49336657
0.1897212,0.5661355
0.19650106,0.7645068
0.83051175,0.38761738
0.16210431,0.45752594
0.84886074,0.4727407
0.13481702,0.47879878
0.7453623,0.21057457
0.21623902,0.67220056
0.8510247,0.2670757
0.7828896,0.27348197
0.7430706,0.2662294
0.15281619,0.6478185
0.8094471,0.3390303
0.8225571,0.28247488
0.85437065,0.18800777
0.80743027,0.28606066
0.19762312,0.7403017
0.8577935,0.3638197
0.8419024,0.40988895
0.12632135,0.6116073
0.13884354,0.5909766
0.84254056,0.31658965
0.8110284,0.32939568
0.13977362,0.6383959
0.8316358,0.34046707
0.8731797,0.4993138
0.17477167,0.6369539
0.8550905,0.34780988
0.2232303,0.76508504
0.8258713,0.18910462
0.76628655,0.19636026
0.78220385,0.17544223
0.8243494,0.28033376
0.9228532,0.53719
0.79826784,0.3241309
0.17807871,0.716409
0.8049109,0.5362211
0.13785198,0.5372382
0.8388516,0.2718424
0.8549255,0.40464476
0.852284,0.39211604
0.8539363,0.4430554
0.21298513,0.6796178
0.75612146,0.18984008
0.12318842,0.54183716
0.76015794,0.23823181
0.2264838,0.80838764
0.1439818,0.5843912
0.16974486,0.69929886
0.78607804,0.36412546
0.74151266,0.2784283
0.8516494,0.39575437
0.14354274,0.54749614
0.8806906,0.38782895
0.18421288,0.6336493
0.74804145,0.2912939
0.8630916,0.32569295
0.8437713,0.32028887
0.16479065,0.60243654
0.119851634,0.60202914
0.0766538,0.29469788
0.13291164,0.5499124
0.8658045,0.52607787
0.16845465,0.5092196
0.804943,0.3200217
0.113673426,0.5711502
0.8325706,0.16180526
0.2070921,0.7738221
0.15452483,0.5579504
0.74918413,0.25067118
0.87119937,0.49316466
0.17640576,0.6140901
0.8781216,0.50524706
0.122742616,0.4824932
0.853203,0.3761014
0.17194691,0.67099726
0.8349313,0.55544436
0.84337264,0.47635016
0.13896333,0.591002
0.8012961,0.1779719
0.77980465,0.19310126
0.8556545,0.61893654
0.7811909,0.24611822
0.18763931,0.6894456
0.8337185,0.5706999
0.15135106,0.6422226
0.7714518,0.23539245
0.23111835,0.8094731
0.25069726,0.7046604
0.1904359,0.7885752
0.8615178,0.42570603
0.86239,0.41912058
0.15391602,0.6111456
0.8523677,0.47114015
0.1508291,0.4107913
0.1488198,0.6258212
0.15546325,0.60842055
0.8307664,0.42838594
0.196979,0.71678
0.17124093,0.7375066
0.16883817,0.69389606
0.12365009,0.6535257
0.8674521,0.35693812
0.86845434,0.4452228
0.8165558,0.2661409
0.8901845,0.4336722
0.8894575,0.4988889
0.7549046,0.24305415
0.78532684,0.23422025
0.19003808,0.5829378
0.22516939,0.7118429
0.8025391,0.4385322
0.8742799,0.4720197
0.2223042,0.8137807
0.22821467,0.68687695
0.7765523,0.15794177
0.83782786,0.31514895
0.16395019,0.61860013
0.16038574,0.5724266
0.16446184,0.40234026
0.22265758,0.7796375
0.1384481,0.72920716
0.22282496,0.9261329
0.23229474,0.83260846
0.23481964,0.7262171
0.14597324,0.5654421
0.83399016,0.37921715
0.8327931,0.29315904
0.8499812,0.4023477
0.08465131,0.3237695
0.88566816,0.46823683
0.8651524,0.7486209
0.16855222,0.59509593
0.7727947,0.3119872
0.2221396,0.6884872
0.13970858,0.45889744
0.84972537,0.29074326
0.8259149,0.3245514
0.12035693,0.4451194
0.19220127,0.6842974
0.18182164,0.68579066
0.8354791,0.5326152
0.09114205,0.41711393
0.11165303,0.5608738
0.13551389,0.46237808
0.8217789,0.3252654
0.18416807,0.6773037
0.15110119,0.58048433
0.82949007,0.33446243
0.82072985,0.28730556
0.8092464,0.26058176
0.21122016,0.77549714
0.22099018,0.5965607
0.8358864,0.38847813
0.7974429,0.202053
0.1848098,0.7119686
0.8636913,0.54199964
0.89385843,0.7963688
0.17061307,0.4821721
0.15673284,0.56391466
0.14033365,0.5008163
0.10093627,0.48329085
0.190401,0.5385681
0.82875866,0.39025962
0.88595456,0.45077536
0.93873596,0.61104834
0.1107059,0.35878053
0.1311431,0.38607463
0.76336104,0.20131534
0.8286143,0.2820942
0.15507059,0.6284809
0.8261176,0.36792454
0.15177386,0.5691571
0.14007427,0.49441043
0.17377654,0.64707124
0.23265645,0.73938274
0.13836005,0.65007704
0.15022029,0.59676087
0.17142178,0.49243093
0.15588327,0.53220075
0.84388864,0.3248392
0.09545136,0.354433
0.19509901,0.75755864
0.16000062,0.6244812
0.13926238,0.5610858
0.8270175,0.21073227
0.15234143,0.53741777
0.18917266,0.6032276
0.19091105,0.6353651
0.8590857,0.41460618
0.23290633,0.7719968
0.7954915,0.23617521
0.82513595,0.34926152
0.84769666,0.40897784
0.13754936,0.47373727
0.8676071,0.30273542
0.8940976,0.61131686
0.17101644,0.3682973
0.7745946,0.22702068
0.14639644,0.68071467
0.7634959,0.24660708
0.8604552,0.4265138
0.8618081,0.3339
0.16226614,0.68375903
0.12646453,0.6003699
0.12899895,0.5767597
0.7655258,0.13115798
0.17334263,0.5809508
0.75300837,0.19337854
0.8128509,0.32066646
0.86789787,0.45976388
0.75684094,0.27149284
0.17067415,0.6393263
0.13227229,0.61006975
0.8343808,0.4040499
0.8485954,0.5059895
0.7658201,0.25658336
0.20360023,0.5840749
0.9573233,0.5191613
0.12795742,0.4913643
0.15812737,0.5414101
0.16108538,0.55974454
0.85344374,0.41303536
0.76062554,0.33607838
0.7815609,0.24188897
0.7894731,0.23720023
0.19131283,0.67749554
0.20998745,0.6732107
0.8158593,0.39756522
0.20961264,0.64405185
0.8895626,0.5543015
0.158969,0.47754818
0.10725884,0.3563446
0.25724274,0.7634564
0.1693887,0.61135846
0.23062892,0.7045194
0.21530895,0.799506
0.7740849,0.289812
0.16256082,0.6423365
0.24388565,0.59428114
0.17443493,0.66666245
0.14147037,0.58648235
0.88248134,0.46995085
0.16994634,0.7479665
0.16992414,0.51314706
0.19129618,0.72608566
0.15030397,0.70040137
0.9138447,0.61318594
0.22884808,0.8240264
0.27903798,0.7649081
0.25368503,0.6556423
0.79229,0.16577694
0.8384997,0.36951727
0.14323813,0.44087395
0.85616136,0.30427247
0.16095766,0.6603302
0.201583,0.65477544
0.8256765,0.40389046
0.16894408,0.49991655
0.8459543,0.34748662
0.8427531,0.39300174
0.86577237,0.48572108
0.7961804,0.1445698
0.22347066,0.7987863
0.8095502,0.22176729
0.12992746,0.6035938
0.19245829,0.6511559
0.17021684,0.61860496
0.15540494,0.45152438
0.15015325,0.4742029
0.8037298,0.23607096
0.90932757,0.53292876
0.79022396,0.22351287
0.7485369,0.3173873
0.13866982,0.41532937
0.7644081,0.1748211
0.10714223,0.4373219
0.18229124,0.7289557
0.832337,0.34394988
0.7666011,0.27757236
0.17025253,0.68507093
0.20757638,0.7735378
0.79864347,0.38108495
0.8327765,0.24030547
0.84162354,0.42726985
0.8585899,0.35119766
0.85592383,0.3256049
0.82664865,0.34836882
0.8683357,0.38677505
0.12630509,0.71213335
0.20001476,0.67158556
0.22014934,0.7950367
0.79036,0.20893982
0.7567898,0.16930796
0.20729834,0.7869615
0.14686327,0.6249718
0.16224511,0.60436875
0.15319258,0.4856164
0.17052145,0.69830275
0.1496305,0.5049969
0.8788304,0.50002694
0.83790123,0.41080707
0.8553106,0.33691722
0.79269254,0.23024814
0.90721595,0.37734586
0.20484206,0.8043559
0.16867319,0.49570352
0.13217472,0.5429187
0.76023406,0.20703085
0.8552392,0.40295613
0.8390019,0.45068073
0.85647434,0.43768287
0.16139396,0.57573205
0.80156815,0.33491626
0.8248833,0.3900253
0.19901884,0.7672901
0.18996908,0.52109
0.7656016,0.2912943
0.21684308,0.68318695
0.14836806,0.57305914
0.7877784,0.13398595
0.15405285,0.64180994
0.8056573,0.30760464
0.14132957,0.4445736
0.90023255,0.6818798
0.17628439,0.62170494
0.1713845,0.52982837
0.24299802,0.73732394
0.84905547,0.5598514
0.13755412,0.44827065
0.87984973,0.37386915
0.8721885,0.38450557
0.7681035,0.22321764
0.137121,0.42378655
0.15823604,0.5186089
0.8838806,0.5267577
0.13207437,0.5821545
0.8450389,0.30568033
0.75121963,0.2986135
0.84246165,0.45889655
0.14410038,0.40586206
0.9031053,0.68559265
0.22938432,0.7548971
0.823668,0.42649275
0.7799427,0.2675584
0.8232718,0.45116213
0.8823258,0.28709662
0.12258873,0.7696301
0.1474697,0.67135423
0.12285883,0.51444536
0.21089849,0.78366435
0.1683305,0.59917796
0.87352675,0.39663002
0.12972954,0.6266644
0.20032968,0.69748056
0.1892635,0.7287349
0.13924333,0.67033887
0.092875294,0.44766793
0.85615504,0.4304929
0.097033896,0.46444166
0.25431684,0.8533355
0.920596,0.6807594
0.19963004,0.66976196
0.22953622,0.7641397
0.8083243,0.37750268
0.17476095,0.59150004
0.15368082,0.611001
0.8176159,0.23149304
0.093530916,0.35842308
0.13851157,0.5164095
0.84586066,0.3269488
0.808565,0.40300214
0.80326134,0.37865952
0.19894823,0.6369688
0.18367745,0.538583
0.85201824,0.4543541
0.7499528,0.36847165
0.8709122,0.20466632
0.20327578,0.708375
0.13419631,0.35533097
0.15023853,0.628788
0.7695131,0.30939007
0.8466611,0.38637206
0.17275563,0.56862664
0.1435237,0.43963695
0.16053447,0.73098993
0.13778813,0.5404998
0.20220332,0.6383547
0.7714276,0.32516554
0.14789647,0.43722948
0.92078483,0.53041357
0.9097511,0.5538245
0.060208607,0.14677225
0.1927272,0.58557695
0.866196,0.39001608
0.7884994,0.32487908
0.1485858,0.68361795
0.19567093,0.7324101
0.1638074,0.5639497
0.22478269,0.7062514
0.15746103,0.5765932
0.14789408,0.5340874
0.78797984,0.2053847
0.22503772,0.802959
0.2416479,0.9340824
0.78000295,0.27587277
0.20661297,0.8047055
0.81288505,0.40980747
0.8637099,0.4665184
0.12513664,0.46769935
0.863257,0.4938252
0.16533323,0.62694037
0.20478614,0.7571951
0.100411534,0.43280926
0.10423618,0.46980676
0.09475569,0.46300578
0.12678619,0.5285607
0.82830334,0.35516936
0.09681416,0.36190897
0.110709466,0.5981346
0.81443584,0.3050325
0.83551913,0.38605183
0.87520325,0.5466766
0.14192332,0.606873
0.8759866,0.4881986
0.19057353,0.71413076
0.77638376,0.33105233
0.16161051,0.67397505
0.90483576,0.7035294
0.21537082,0.7638909
0.17656559,0.55530024
0.11256804,0.60519445
0.91862875,0.45563623
0.7520327,0.26484475
0.1258327,0.3297404
0.8434599,0.39798835
0.7897722,0.32610777
0.23339616,0.80041534
0.90662855,0.6422108
0.12721534,0.50589925
0.16408862,0.6674645
0.207574,0.76792175
0.8391403,0.4532498
0.20836803,0.7733661
0.8471949,0.37429097
0.17269495,0.6050639
0.15090129,0.6108232
0.044389684,0.3951157
0.8196419,0.34557328
0.09420597,0.4588234
0.83012027,0.3340323
0.14126651,0.5230563
0.8599987,0.6161011
0.20162663,0.71208775
0.76031977,0.16510805
0.79797316,0.29288572
0.15106589,0.50690454
0.7862478,0.22330043
0.2245479,0.7499815
0.7746204,0.15459386
0.21762721,0.61805785
0.17477286,0.61308086
0.82324046,0.3138769
0.83663285,0.31984514
0.1032232,0.52809113
0.84444433,0.41040146
0.14083856,0.6194762
0.21255559,0.80134225
0.23433894,0.8122371
0.15672609,0.47927976
0.07338602,0.5229512
0.84720606,0.5140306
0.83726305,0.39197412
0.17221066,0.62887865
0.17380074,0.5832435
0.83463186,0.49145806
0.7836158,0.15765573
0.20806144,0.65574217
0.84487545,0.35468882
0.18498908,0.61736137
0.8347219,0.3735288
0.8342027,0.41323468
0.13074449,0.5134721
0.8899009,0.5480805
0.78759354,0.3304185
0.18902433,0.557182
0.76952296,0.27606857
0.7964065,0.27398878
0.20815386,0.670306
0.7550157,0.34060898
0.19812801,0.66788894
0.8343249,0.43623427
0.15325168,0.59572846
0.8738722,0.52004963
0.7739933,0.30091098
0.19874278,0.5404481
0.22530623,0.84256506
0.14545922,0.5558031
0.10173031,0.2782649
0.24299246,0.679878
0.7971046,0.16406947
0.12429262,0.42225912
0.8277881,0.35867846
0.2051776,0.76166743
0.78200436,0.12318877
0.7716235,0.33367178
0.13379453,0.42670608
0.1436522,0.5199594
0.79432344,0.27066234
0.82583237,0.5468382
0.17712562,0.6764832
0.14788656,0.5266193
0.84695613,0.43494424
0.14790401,0.71267474
0.72794616,0.1731478
0.059662063,0.27322134
0.8455612,0.3626265
0.8179221,0.2691178
0.8253981,0.4695185
0.19196172,0.5434794
0.8785738,0.47845492
0.21068312,0.85411346
0.784271,0.40049788
0.11633795,0.41294602
0.8375181,0.4020227
0.14716391,0.5226349
0.08447045,0.2974137
0.14256783,0.3630334
0.17464356,0.3980523
0.91368884,0.57511
0.8442611,0.38202628
0.12719233,0.52599335
0.8251716,0.24682522
0.848244,0.37539703
0.21335755,0.64495856
0.7695198,0.25938025
0.14951271,0.5124304
0.7846716,0.28689116
0.18530717,0.60512346
0.861097,0.46189493
0.21068987,0.81501335
0.14476037,0.45720398
0.8232916,0.30510518
0.7964049,0.3071907
0.75938886,0.16360077
0.8356643,0.4069944
0.89985263,0.54703707
0.79908216,0.29152647
0.06391783,0.42058712
0.16928637,0.6774329
0.8222164,0.44951993
0.79630816,0.32705262
0.17848842,0.6617871
0.15723774,0.5414473
0.8817404,0.43204007
0.7732152,0.31239632
0.08021944,0.46494848
0.17686623,0.5720289
0.13701035,0.551661
0.20416582,0.79235154
0.15505393,0.4921852
0.78683245,0.28360808
0.87797725,0.3764365
0.8229287,0.4440979
0.19680369,0.6536751
0.87210566,0.4107843
0.75797373,0.3140105
0.22753644,0.6986895
0.1394008,0.61322975
0.8051021,0.18590343
0.83434,0.20970857
0.77715796,0.26593983
0.7771782,0.32280496
0.068275526,0.5397893
0.13039388,0.67339855
0.887731,0.38882723
0.2159138,0.7470957
0.13593629,0.52932066
0.848033,0.59000945
0.14871986,0.43134096
0.14949366,0.65240693
0.8615166,0.48689196
0.14345944,0.49595276
0.76246387,0.20362817
0.18137583,0.57379764
0.21072438,0.6934563
0.7979466,0.3845888
0.8027132,0.26271063
0.19725426,0.8015157
0.13894309,0.59017634
0.13027728,0.6280026
0.80079156,0.31902778
0.107912876,0.41479146
0.77220654,0.383732
0.1456032,0.47247353
0.20293708,0.7696073
0.8818768,0.39147913
0.8564037,0.3682119
0.8588759,0.37362605
0.16800408,0.47838396
0.76442677,0.17975427
0.8766811,0.4134077
0.8415597,0.31095955
0.8237747,0.31074053
0.08315247,0.33003345
0.8166878,0.27126637
0.8060591,0.3422411
0.18124734,0.7028285
0.88804394,0.47884345
0.83726704,0.375019
0.8378437,0.318694
0.7661735,0.22415285
0.6994178,0.2042169
0.09188057,0.3711669
0.14931916,0.5755586
0.8459622,0.37649912
0.16454037,0.67169327
0.85462964,0.44182363
0.13064335,0.6714379
0.852867,0.41813982
0.7596185,0.19562173
0.7966584,0.31515157
0.7719642,0.23844337
0.18941103,0.72408473
0.8496076,0.36488062
0.20205182,0.7508418
0.21774343,0.70943063
0.14379577,0.5939303
0.24434336,0.821972
0.21689662,0.8072321
0.8655328,0.46383587
0.778213,0.23270333
0.14273918,0.71844065
0.23964773,0.7111057
0.14818244,0.5666778
0.7679381,0.2650861
0.21396558,0.61275536
0.14378269,0.6139902
0.82319367,0.40343842
0.846155,0.39136654
0.16105048,0.71340585
0.76801103,0.17498975
0.18192992,0.7292597
0.1668031,0.7044204
0.84954494,0.44674847
0.7871188,0.39538378
0.8392438,0.40302974
0.14599665,0.6164038
0.21969956,0.7082015
0.86329585,0.34597844
0.17854711,0.77080226
0.24178156,0.7053306
0.22430873,0.6542371
0.050771352,0.30774218
0.8566869,0.34785149
0.86246926,0.33380452
0.14057876,0.6624687
0.7839228,0.30399257
0.19065206,0.7007829
0.19695163,0.9402233
0.8494184,0.3814542
0.1636777,0.5817196
0.7758733,0.29610485
0.7273135,0.19498175
0.16978571,0.6074214
0.20485951,0.75741893
0.8634906,0.35245088
0.8827094,0.53428584
0.84084773,0.333656
0.12777299,0.5971696
0.9071806,0.6709342
0.8096641,0.26017967
0.16661827,0.70923525
0.15557271,0.48435134
0.26102138,0.7089637
0.1681552,0.5929881
0.92869586,0.5365036
0.88019675,0.4502335
0.80085105,0.26748568
0.7536382,0.1734496
0.76761526,0.31781265
0.8133122,0.23332666
0.81947494,0.3337962
0.20645949,0.7840411
0.7824597,0.20313363
0.19615164,0.73272806
0.77925336,0.30453882
0.16910908,0.6342976
0.22487392,0.75491595
0.7946114,0.20805761
0.20539138,0.7890106
0.16078593,0.495198
0.8420515,0.38527256
0.16415326,0.56024873
0.16045079,0.5348877
0.16041508,0.43233925
0.8702562,0.3475142
0.15350948,0.4863904
0.21230492,0.6753627
0.8763979,0.46369702
0.18097565,0.75701284
0.8480921,0.65626955
0.14835656,0.5838804
0.8411567,0.36573043
0.8066323,0.28567824
0.8609153,0.36808836
0.8286183,0.42541298
0.15965675,0.658497
0.1316349,0.5914252
0.18637091,0.5945571
0.16538875,0.62225246
0.2588427,0.7390459
0.8341817,0.35852954
0.82073104,0.35682425
0.14443117,0.49345812
0.83437806,0.32100508
0.84379345,0.37203598
0.23290871,0.81892943
0.14981335,0.64835906
0.20766166,0.6913064
0.83403695,0.4334996
0.16558705,0.59156793
0.16401286,0.7108052
0.14597721,0.58184266
0.79879737,0.26080737
0.2055417,0.7456169
0.21648335,0.8963223
0.84102464,0.47961748
0.80558956,0.35092607
0.7324125,0.13149877
0.7837356,0.3824941
0.2228912,0.7131846
0.8604211,0.56048745
0.8492252,0.53304094
0.24167171,0.8127995
0.80424935,0.32521373
0.8086205,0.43475327
0.8296852,0.33823
0.14094128,0.6141054
0.19713369,0.566535
0.83986574,0.27501947
0.23598056,0.6884811
0.175156,0.6369749
0.7789817,0.24727859
0.81208223,0.31491417
0.15549578,0.6605505
0.17756984,0.5851455
0.10261279,0.35680848
0.14518277,0.6081722
0.8347429,0.2031126
0.13825615,0.5722111
0.17030053,0.62991506
0.7663984,0.3353797
0.19559954,0.6975309
0.19328524,0.7179986
0.84886867,0.44269532
0.078733295,0.40886614
0.15024091,0.6871678
0.7719606,0.32158503
0.16914319,0.6381252
0.82561225,0.41710693
0.15894401,0.5479088
0.883649,0.51210934
0.07000679,0.3066922
0.17408194,0.6013138
0.7435985,0.30643594
0.15304385,0.61757946
0.84503096,0.30807552
0.8176116,0.29328912
0.81189585,0.28527305
0.20569162,0.7204175
0.21608117,0.80177504
0.8656649,0.33626848
0.16833487,0.6800094
0.8871194,0.4081149
0.86248714,0.32361665
0.068650335,0.3120104
0.13890144,0.5122955
0.14448868,0.64774185
0.13834855,0.48966998
0.21046816,0.6807055
0.7782963,0.3234147
0.7404735,0.15816648
0.8587847,0.33253247
0.15842563,0.57996875
0.21030514,0.7805092
0.16495682,0.6283574
0.18055482,0.6457751
0.7628617,0.22672194
0.13087855,0.52059895
0.23114611,0.7067271
0.7930681,0.1740887
0.9145895,0.719901
0.17005026,0.532602
0.12595923,0.49541923
0.8420464,0.46095797
0.8175723,0.30135077
0.208395,0.7914207
0.16760905,0.8318305
0.8595097,0.5139241
0.18272595,0.6390144
0.16564219,0.5592995
0.12553445,0.4685969
0.23642835,0.6465749
0.13068262,0.5798207
0.8306157,0.43457717
0.7827341,0.36430812
0.081313334,0.44692194
0.78052014,0.221681
0.804757,0.21635184
0.15650994,0.6277529
0.15305813,0.6968835
0.17820643,0.6543514
0.15238862,0.48360318
0.20549451,0.55362606
0.15095602,0.5549923
0.15554813,0.5834012
0.85583854,0.41700006
0.15733689,0.67031306
0.089647576,0.33567232
0.8577947,0.38031223
0.84176993,0.24969743
0.8942789,0.53196645
0.8377089,0.38780838
0.15930335,0.6441955
0.7903667,0.24499597
0.20015317,0.7005354
0.16573778,0.73454505
0.8557057,0.4228991
0.21989232,0.4398761
0.2431868,0.53276235
0.8473496,0.3144967
0.7934548,0.32419267
0.17726801,0.7004097
0.17600517,0.74757665
0.8455497,0.43867543
0.2085489,0.7932692
0.8592638,0.38296807
0.24539202,0.849868
0.84032977,0.38076034
0.1058893,0.60488427
0.7896195,0.17894828
0.8744997,0.4359986
0.22699586,0.85393035
0.9187454,0.6710463
0.91458005,0.6433019
0.19081706,0.7685166
0.796982,0.26380092
0.73933005,0.20962009
0.8002498,0.3180089
0.87010586,0.40338278
0.85419136,0.28518632
0.8473421,0.4504328
0.7683121,0.24176545
0.15178496,0.50241995
0.220377,0.62281185
0.16593608,0.6069729
0.7558621,0.19026235
0.82547385,0.17644052
0.7449625,0.2694678
0.82818,0.5472824
0.7957021,0.2101028
0.84270394,0.3324593
0.16948943,0.66310644
0.1602136,0.6822592
0.92522067,0.53274876
0.16462088,0.5996629
0.17268185,0.6078656
0.20473377,0.5673905
0.13653639,0.6034502
0.75920403,0.29998717
0.9335704,0.5938072
0.83566946,0.38597956
0.16635294,0.5778723
0.13100587,0.5719754
0.8860858,0.4634539
0.8750438,0.35272554
0.19819821,0.7023362
0.87513304,0.5414048
0.8393465,0.3834683
0.75306034,0.28321385
0.8685031,0.38914964
0.16080259,0.76181287
0.8541818,0.34233487
0.13100904,0.5936048
0.13989738,0.55701166
0.26906133,0.59835356
0.8887642,0.5808851
0.8319039,0.26512247
0.7659657,0.24278256
0.23081613,0.8213544
0.84482986,0.33630788
0.19941229,0.634896
0.79986787,0.2852468
0.18850356,0.6521266
0.83054346,0.32607886
0.19903351,0.78597504
0.76837754,0.30056143
0.19274703,0.7706516
0.76824945,0.23944823
0.7355046,0.21014442
0.12850317,0.56910014
0.8088034,0.35517812
0.8089077,0.35005262
0.17330693,0.70012236
0.9253515,0.5764881
0.7510312,0.23989941
0.15913558,0.6650347
0.78885835,0.1434204
0.14475958,0.5654767
0.84917766,0.2940557
0.8535282,0.3716404
0.18478641,0.6934002
0.92423385,0.69826597
0.78142446,0.16080216
0.17203337,0.65723234
0.13990927,0.7072755
0.17259817,0.6252539
0.17192867,0.6439471
0.8427428,0.39409027
0.12245348,0.6378032
0.85450983,0.39577058
0.16699468,0.5925299
0.77807856,0.17947742
0.8177623,0.40231004
0.22392996,0.7422317
0.2020998,0.64628935
0.91474545,0.6000387
0.21375616,0.7745891
0.17426042,0.5860329
0.17294522,0.67861646
0.84531176,0.33360344
0.75660336,0.23546077
0.8399526,0.35253587
0.87190217,0.40246028
0.24886844,0.6839877
0.10935301,0.5015592
0.14042805,0.62489295
0.7478836,0.28648424
0.17634507,0.63391477
0.8511754,0.34839553
0.848315,0.46281698
0.8201313,0.32819018
0.21123563,0.78500694
0.2240529,0.67532855
0.8397741,0.3222443
0.7770541,0.29538646
0.19394246,0.70804775
0.20530769,0.68500525
0.1735917,0.73919
0.08236478,0.48959115
0.85265046,0.463234
0.8571926,0.36639404
0.1775746,0.8032731
0.8555498,0.41531274
0.8077472,0.24576123
0.16325174,0.5491756
0.200785,0.7016213
0.8396337,0.37204954
0.7605423,0.30168763
0.14946036,0.54010206
0.1989288,0.6721655
0.20292716,0.5894102
0.07668156,0.44112977
0.8285945,0.46192908
0.14834148,0.47958505
0.8443638,0.40908122
0.9344794,0.67767996
0.82506174,0.3596255
0.839055,0.26695085
0.8369283,0.3638092
0.946973,0.61723036
0.1660519,0.57413846
0.7612883,0.31616607
0.20075881,0.7576384
0.25152263,0.7405545
0.8301108,0.41059726
0.13394326,0.6633938
0.2517487,0.64120066
0.13601245,0.55235046
0.16668133,0.5253429
0.14838788,0.48194346
0.7557867,0.24491888
0.1793844,0.62909853
0.83785284,0.23677796
0.84441656,0.4316664
0.105401054,0.3710022
0.7880774,0.25564948
0.8375665,0.4397044
0.13674422,0.48684245
0.16500482,0.44473526
0.17455035,0.5342823
0.8213815,0.32271603
0.8516613,0.45171055
0.8318896,0.44975823
0.13800587,0.6818522
0.18064249,0.61313343
0.20783974,0.7198051
0.1996114,0.7880899
0.8062995,0.31061703
0.15425514,0.6633246
0.14989902,0.59299946
0.12732957,0.57239246
0.84616446,0.40529394
0.06299727,0.42256048
0.7780464,0.14001597
0.76288116,0.17159583
0.7427604,0.1965438
0.8027033,0.14662902
0.83817214,0.41059288
0.20243098,0.7178304
0.11561292,0.36334005
0.0959527,0.34609628
0.83438915,0.3584025
0.16110641,0.6875831
0.18366714,0.7193934
0.119950786,0.59125346
0.19547738,0.727787
0.15716952,0.64461076
0.8521246,0.5698361
0.8196633,0.26160064
0.8724896,0.4466197
0.79387724,0.33922434
0.12096138,0.6078726
0.18797247,0.59060603
0.22026832,0.7630153
0.92167324,0.6938768
0.20170318,0.70308
0.84572506,0.47934544
0.1468593,0.551308
0.8705334,0.31972075
0.15158586,0.5038799
0.77436817,0.2655259
0.8544944,0.6053547
0.85179335,0.29523227
0.15360467,0.7347772
0.24992543,0.62516016
0.13669068,0.53406155
0.8484903,0.37283495
0.12603459,0.46644437
0.14122447,0.54330504
0.23150387,0.7060683
0.11248158,0.49802774
0.7849627,0.30941767
0.82507086,0.36774626
0.25059375,0.6822951
0.83549136,0.29564753
0.7452366,0.1812287
0.8532446,0.42355353
0.7719309,0.23725322
0.19362675,0.7313088
0.8262072,0.43329898
0.1619294,0.60235417
0.20135574,0.7829574
0.82710636,0.41989285
0.18904534,0.69733644
0.15052053,0.4890173
0.85772926,0.28912604
0.93097246,0.6994127
0.8453514,0.43885812
0.13343796,0.49098015
0.80700946,0.2917674
0.8392089,0.4625914
0.14098054,0.5926955
0.14741972,0.46331635
0.1316028,0.55460113
0.14564484,0.57718676
0.12665887,0.5359162
0.12013879,0.47926047
0.21581227,0.7264992
0.8284148,0.30585247
0.22644812,0.7445498
0.18433227,0.6472692
0.13379255,0.5732186
0.14559129,0.65027106
0.18157057,0.69454086
0.7853427,0.25367042
0.14618029,0.42796412
0.20692036,0.6754854
0.18785904,0.5928085
0.2432582,0.7256985
0.15384503,0.5883799
0.815663,0.35178813
0.8126276,0.2814998
0.2389346,0.7655765
0.85371065,0.41380063
0.17469789,0.51851386
0.16946286,0.68822527
0.79159904,0.14112858
0.8165284,0.28136972
0.25037083,0.6798237
0.7780393,0.2465532
0.17507905,0.7994052
0.13393612,0.54318196
0.21417975,0.6305813
0.8115734,0.26825836
0.18021096,0.7284318
0.7859698,0.26014856
0.80676275,0.36950278
0.20913114,0.8496341
0.22318667,0.67792654
0.123903535,0.42316017
0.8025768,0.2819247
0.16956836,0.8530385
0.23456937,0.66550165
0.1594521,0.38925478
0.19713885,0.69327974
0.2020875,0.7560983
0.80954826,0.26713964
0.15246834,0.64518195
0.86006415,0.37473428
0.85431,0.42505074
0.16280752,0.6368689
0.24261448,0.7485399
0.15826777,0.71225595
0.060851533,0.37150067
0.7473795,0.31222066
0.18449686,0.75733876
0.84731746,0.46965563
0.2059542,0.7177595
0.16054201,0.58534956
0.14280026,0.50163805
0.8463505,0.45926055
0.12507714,0.49069676
0.90566593,0.582462
0.16398232,0.6973776
0.80957204,0.3312823
0.14491466,0.55545616
0.13398491,0.4439827
0.18260062,0.6181603
0.12784716,0.49822092
0.8671482,0.3421281
0.859119,0.4816057
0.7499861,0.22873998
0.7959893,0.11865903
0.81024826,0.32687432
0.12617777,0.35763288
0.21420436,0.81162995
0.121993795,0.48494926
0.7640599,0.27209866
0.8102824,0.35449913
0.8403373,0.2811717
0.8500034,0.42795053
0.17103943,0.53293055
0.12638164,0.37686488
0.13203907,0.46839276
0.119616434,0.49887884
0.1424306,0.6265067
0.16094181,0.77431357
0.80234355,0.23927082
0.15820193,0.64947736
0.123571165,0.61871314
0.13730067,0.40531453
0.84078866,0.37399182
0.77991253,0.27539665
0.14434907,0.6790536
0.85194767,0.33167696
0.12444334,0.44477776
0.88644874,0.53078896
0.76608664,0.21354315
0.86861974,0.5124506
0.8157153,0.49810526
0.78788507,0.21841106
0.23510957,0.76429915
0.19420344,0.7049924
0.7488617,0.25766182
0.87413716,0.599507
0.82739234,0.4535284
0.8739809,0.41218734
0.18048622,0.608053
0.8375574,0.38626778
0.83193403,0.31670353
0.7911639,0.21991484
0.7662144,0.31102616
0.19810066,0.76560056
0.8797997,0.50223815
0.15512057,0.61439496
0.15256195,0.6475513
0.1327653,0.5102008
0.8353315,0.33501744
0.8738004,0.44575545
0.79076654,0.3160154
0.17691977,0.5997899
0.7857457,0.23148778
0.8416751,0.2655649
0.22402316,0.7354465
0.17572634,0.7975155
0.18114619,0.6805561
0.2134361,0.775958
0.17275721,0.69753444
0.16550654,0.64080685
0.83760816,0.37390903
0.89170516,0.6126831
0.14446488,0.5283206
0.18299486,0.8202392
0.82833153,0.3797638
0.8205438,0.14654097
0.14317705,0.6351395
0.7657876,0.15316059
0.12779877,0.48880488
0.86411566,0.37822455
0.1255404,0.31606314
0.14808011,0.63231593
0.8165649,0.38273853
0.24209887,0.80795044
0.14624056,0.5325258
0.83840215,0.40147775
0.85847807,0.30661467
0.1414565,0.44185472
0.9231947,0.44381407
0.87341213,0.4800967
0.8120862,0.41175544
0.84889406,0.28526166
0.15508725,0.37800246
0.8554181,0.32146764
0.18337165,0.55926883
0.18699361,0.7037309
0.13933694,0.5281003
0.16835073,0.64811635
0.82347405,0.37801343
0.77186066,0.24011931
0.84909475,0.1962087
0.23747385,0.72518116
0.20500031,0.8170139
0.17214404,0.495315
0.17071857,0.6308713
0.8682743,0.3214764
0.87421805,0.3150241
0.84142804,0.25979242
0.23151815,0.7301612
0.1402813,0.6935772
0.85544944,0.473343
0.23181126,0.79736483
0.16846575,0.66808516
0.20978874,0.6995143
0.7668033,0.327976
0.20879678,0.7364006
0.14529501,0.58035594
0.81468725,0.5091206
0.7601036,0.28001836
0.84501743,0.3939063
0.13339235,0.58186984
0.18201916,0.55726177
0.16013706,0.58226097
0.8736477,0.5389925
0.19364935,0.7711413
0.80637324,0.269622
0.8713981,0.4812141
0.23365,0.75044364
0.22139433,0.7110049
0.8377652,0.44018713
0.18086103,0.6845764
0.20572415,0.7145723
0.8335511,0.33555228
0.8181137,0.11615565
0.16554977,0.70311767
0.8347215,0.333193
0.19327772,0.72033423
0.22284003,0.6848716
0.74061507,0.25443348
0.8649113,0.51726806
0.8116178,0.39082646
0.8341659,0.37420294
0.7970514,0.24354126
0.8289324,0.2841057
0.8302254,0.48026314
0.8629214,0.42121133
0.13111812,0.5078056
0.13199782,0.58617043
0.8404456,0.42764786
0.17686146,0.5887067
0.8317762,0.28450826
0.8469189,0.41142514
0.21416786,0.7436085
0.20220809,0.7746583
0.7793477,0.21175815
0.08405559,0.2950128
0.11873355,0.5876918
0.08952145,0.433016
0.15675306,0.4770913
0.1686946,0.6600678
0.17433855,0.7660386
0.11760476,0.37171313
0.2384539,0.77991825
0.86032194,0.52976966
0.08755023,0.5104807
0.09242117,0.56412756
0.7751134,0.17470501
0.7600159,0.2616865
0.7719051,0.24817306
0.92126393,0.61326134
0.7794457,0.29789904
0.13959117,0.6944506
0.22572665,0.7013007
0.8467333,0.50817883
0.7567422,0.1188176
0.2096523,0.70409095
0.15847878,0.56694764
0.8193678,0.37867004
0.7729276,0.27187175
0.8540597,0.4567642
0.7962133,0.2318588
0.85613996,0.46293044
0.85942715,0.5903165
0.80721253,0.198893
0.23085976,0.73479474
0.8554451,0.44838148
0.82298064,0.34348425
0.84128803,0.47197503
0.82090396,0.39896473
0.7612046,0.2499826
0.2233957,0.7509675
0.8184806,0.23023455
0.77101034,0.26098478
0.8105894,0.34984937
0.81842583,0.413494
0.81990564,0.40708464
0.749578,0.26489994
0.85844517,0.4480477
0.17765075,0.6517429
0.7780496,0.1980305
0.82719517,0.47798315
0.2310783,0.7404656
0.21898882,0.56613463
0.14871788,0.7105958
0.19398607,0.54147357
0.21876472,0.64459544
0.1811803,0.7213518
0.13183996,0.49562904
0.80060995,0.35048628
0.8503707,0.46568525
0.17520677,0.7292746
0.20552266,0.82153225
0.8170464,0.21083213
0.8269608,0.35709363
0.8501426,0.44696748
0.1650659,0.72856367
0.86736006,0.4357844
0.8474087,0.5360975
0.81631976,0.4232894
0.2583513,0.82132024
0.13514741,0.53364277
0.1559047,0.54196197
0.89603907,0.582989
0.112916276,0.38566858
0.13758744,0.4676087
0.78106236,0.31098628
0.17335454,0.5358566
0.10504647,0.52368623
0.8300735,0.3114782
0.12883554,0.4873129
0.8994211,0.6381935
0.23639661,0.7565091
0.81296754,0.262224
0.19700003,0.70200413
0.83954525,0.48934278
0.7980156,0.25215876
0.81991714,0.26200846
0.8341317,0.48559976
0.19554918,0.7175606
0.81882167,0.34394112
0.8764994,0.49500614
0.80774915,0.3120713
0.7855006,0.3611516
0.28001764,0.70426357
0.78786683,0.30018952
0.17105888,0.54520524
0.8392954,0.31483445
0.8175985,0.37445176
0.8912891,0.6002998
0.84568614,0.39356723
0.7644335,0.23540603
0.8426096,0.29268378
0.23684004,0.78223765
0.17980719,0.71161294
0.16940734,0.63320863
0.13225761,0.6256591
0.92057854,0.58568776
0.8541628,0.48423657
0.8690235,0.40918592
0.84481955,0.20631422
0.8210535,0.35731396
0.23076059,0.7439471
0.8458091,0.37124443
0.8247817,0.33925152
0.16111116,0.6517096
0.74159634,0.14611477
0.7924681,0.1682847
0.9152309,0.55312145
0.8245961,0.3594818
0.17331368,0.5880825
0.17465545,0.58726513
0.8450706,0.35627452
0.15330681,0.5876738
0.14530334,0.53763855
0.8534061,0.42956954
0.21145257,0.7365513
0.1555497,0.66239595
0.14159651,0.53127915
0.8670542,0.55208415
0.82401747,0.29395276
0.16154507,0.54551494
0.16690782,0.4624026
0.8239861,0.2313625
0.8458361,0.47593227
0.18271445,0.5150788
0.7844416,0.323554
0.16320613,0.46208853
0.78841096,0.24237476
0.12922344,0.31060475
0.1749323,0.684176
0.22252908,0.75865203
0.82045853,0.3751977
0.87026846,0.35726753
0.8517664,0.3870567
0.16746587,0.5840136
0.12467814,0.5901128
0.20122287,0.7756347
0.86539,0.5739746
0.8398221,0.42131823
0.025993899,0.37341097
0.13919891,0.5882792
0.7727745,0.15943548
0.17155981,0.5899459
0.14690372,0.7671797
0.14463226,0.40575302
0.16568978,0.62471294
0.17675081,0.7167349
0.087619245,0.46791136
0.84749436,0.34015474
0.9044459,0.44488156
0.117431834,0.31508982
0.7671956,0.2751811
0.7610916,0.248382
0.19314642,0.70104307
0.12741682,0.6837958
0.15948105,0.608442
0.82143307,0.40140155
0.83703583,0.30646047
0.81243885,0.35668144
0.17135793,0.5515743
0.7996636,0.23143697
0.14969833,0.6118447
0.77334166,0.32725412
0.7663722,0.27277586
0.867738,0.42986828
0.22403783,0.8045071
0.8300017,0.5717621
0.8181851,0.28695336
0.13622543,0.5535507
0.21665588,0.7072273
0.20004529,0.6817537
0.15068117,0.5447497
0.13583475,0.59406567
0.7876007,0.36050946
0.8375701,0.35921595
0.77036184,0.26386136
0.21742254,0.862773
0.15847957,0.5148151
0.14164093,0.58150715
0.15200946,0.47162065
0.109529905,0.664474
0.7776189,0.073463224
0.7840715,0.20059215
0.14655112,0.62570506
0.14614339,0.7100386
0.20343207,0.69823
0.8410068,0.5027901
0.8173351,0.29901823
0.1463532,0.57139415
0.84738725,0.3303611
0.13966256,0.6392036
0.85675114,0.48947376
0.8636179,0.47788197
0.860792,0.40911144
0.2117425,0.8969754
0.1374629,0.4646033
0.79354054,0.22962481
0.8534675,0.39393738
0.11136231,0.3340253
0.1974716,0.6226949
0.77611524,0.21589847
0.8470299,0.4281643
0.069941744,0.19559106
0.8387806,0.41784108
0.77405244,0.07299978
0.7433859,0.22276996
0.16788748,0.6890812
0.8576456,0.46491432
0.7801132,0.41622823
0.23408985,0.7269425
0.849792,0.48792836
0.18308568,0.7662655
0.20460646,0.80327487
0.20244527,0.7133524
0.20053235,0.48474953
0.82278675,0.35992074
0.15960677,0.65228826
0.78021556,0.20495762
0.8604814,0.4033
0.8207556,0.41198277
0.15730874,0.6028474
0.8438645,0.46413985
0.7722783,0.13798304
0.8654138,0.4280653
0.1401869,0.62246096
0.84245926,0.4405301
0.17875852,0.58636934
0.1794419,0.74929553
0.78862834,0.29623187
0.75088924,0.3072082
0.78108335,0.22002523
0.15994906,0.5123261
0.14537434,0.6490932
0.79777765,0.29989606
0.81220835,0.3511692
0.18791893,0.62707263
0.8479207,0.3374284
0.13403408,0.54793465
0.17921543,0.58253825
0.11551694,0.5677422
0.19757037,0.78296614
0.8168608,0.2936282
0.116773434,0.4951148
0.14256823,0.6036236
0.8444503,0.23605476
0.11588183,0.58069235
0.20143348,0.7451114
0.12883237,0.554694
0.86908454,0.4279628
0.16000657,0.5556734
0.2055532,0.44339398
0.79307526,0.24048069
0.2089007,0.7374234
0.20808168,0.8208222
0.830833,0.3441457
0.15514159,0.5921155
0.7811326,0.23775828
0.79668415,0.16737577
0.1315199,0.6761994
0.17942008,0.741459
0.18745686,0.6621901
0.86552846,0.36863023
0.8471009,0.3217633
0.72556126,0.15536042
0.17154989,0.47399613
0.13479878,0.6233721
0.8237596,0.3336617
0.87723,0.365942
0.19139613,0.79301953
0.17505088,0.6809267
0.8107163,0.23811616
0.78702796,0.11875014
0.8425909,0.50095385
0.8701741,0.37798014
0.8385759,0.33091348
0.800347,0.21639434
0.224699,0.76934624
0.19496296,0.7164721
0.21736822,0.8007334
0.83214027,0.27244207
0.7899066,0.30321768
0.7983206,0.30317214
0.7672813,0.23280014
0.14310129,0.57188696
0.16646399,0.58220625
0.78582895,0.34178817
0.15935808,0.6358075
0.14359589,0.5344308
0.87286955,0.46094832
0.8406201,0.27004644
0.18212745,0.64967537
0.15199082,0.5139434
0.18914886,0.6359582
0.14815506,0.7357409
0.24098673,0.76253474
0.22671424,0.73745185
0.17541975,0.64670897
0.839546,0.52221966
0.15812935,0.6807751
0.15198684,0.5238224
0.916913,0.7826775
0.8160663,0.40801066
0.7783526,0.23904611
0.1693181,0.5474077
0.849506,0.33771312
0.7951742,0.31748238
0.15177941,0.69686335
0.21391164,0.75487393
0.15216136,0.744718
0.14041378,0.66671324
0.14896815,0.5836772
0.24335259,0.73011124
0.8340893,0.36150074
0.8754813,0.40046194
0.1819196,0.39303678
0.08346541,0.27924216
0.86613846,0.54091555
0.8574643,0.38426465
0.80063885,0.26643878
0.86580765,0.556652
0.84717035,0.3654089
0.15696685,0.70748794
0.8184572,0.54495376
0.7626479,0.31063542
0.8196459,0.278409
0.7686619,0.36655173
0.77035195,0.19243851
0.8768342,0.4019123
0.11750957,0.7029954
0.8639614,0.4507368
0.17001298,0.7020545
0.84102625,0.5001733
0.14951707,0.49367276
0.16479342,0.50815254
0.82706785,0.44236985
0.8486339,0.37916416
0.19991203,0.63918173
0.86031044,0.33057618
0.18612501,0.66587615
0.1591463,0.6008622
0.8057434,0.3719466
0.9037141,0.6708308
0.9008362,0.40820602
0.15822494,0.5322253
0.14687596,0.5947766
0.82372075,0.41326272
0.8219324,0.43222797
0.12963156,0.5434487
0.16126862,0.5643299
0.1898382,0.6880461
0.15482469,0.5152943
0.75934285,0.19600809
0.20849298,0.8023427
0.80457896,0.23791991
0.804105,0.4190838
0.17563789,0.7402378
0.12266171,0.5397341
0.17968464,0.62539583
0.10709583,0.41988847
0.17579257,0.6991087
0.19751048,0.76297545
0.19270697,0.62216747
0.847093,0.34389603
0.8739908,0.40998533
0.8761754,0.43940696
0.19993503,0.9246891
0.8562106,0.2887432
0.78414017,0.2721385
0.1852318,0.5418972
0.77770054,0.32759884
0.11055677,0.46738836
0.8558695,0.5420632
0.86132383,0.2993415
0.8622218,0.36612114
0.14838947,0.553089
0.124898665,0.48479903
0.16881755,0.65558887
0.8328122,0.41853273
0.23498702,0.6725203
0.863299,0.40677318
0.8238283,0.36531955
0.85295665,0.40844342
0.78425515,0.26209694
0.16373523,0.58785516
0.08720279,0.3760011
0.8652849,0.3991553
0.14498645,0.5023818
0.80845356,0.47432247
0.90497816,0.56034863
0.7806923,0.18549913
0.8349944,0.2646139
0.8295948,0.50977105
0.13429745,0.44795963
0.080516115,0.3748959
0.8376633,0.36953083
0.14837162,0.585276
0.85542166,0.5265207
0.16019338,0.54026943
0.1958288,0.7168484
0.18580374,0.41793132
0.15261033,0.47263646
0.773402,0.21586211
0.23531541,0.79893476
0.1706214,0.61172116
0.1636198,0.53501123
0.8741657,0.3082008
0.19526638,0.68058676
0.22459905,0.8044808
0.2560128,0.7262583
0.8481813,0.5042141
0.8456826,0.48912814
0.8423946,0.31295612
0.8878254,0.37121114
0.1334225,0.41536835
0.18124138,0.6533671
0.8117796,0.26032028
0.785846,0.21600448
0.83267015,0.3621175
0.21314259,0.78364205
0.8069234,0.49022585
0.1459197,0.5953938
0.14990021,0.5708558
0.20621556,0.7176053
0.8195316,0.35998994
0.8203427,0.35694426
0.14955078,0.42614013
0.20605256,0.7369122
0.24889937,0.6654657
0.77618825,0.28030396
0.17745918,0.7971511
0.15080333,0.504155
0.17338428,0.6006953
0.7989183,0.24380758
0.85514724,0.5215521
0.75858253,0.15628292
0.88348156,0.5262943
0.19739348,0.6533408
0.7066201,0.2642797
0.8122774,0.30018428
0.15157992,0.5430584
0.15749396,0.5879165
0.13002303,0.53533316
0.18392693,0.6026661
0.15443559,0.62964743
0.21776405,0.7335735
0.768957,0.18089624
0.8611311,0.47213754
0.1264336,0.3001361
0.8100242,0.3853295
0.14542034,0.569285
0.13701274,0.48400134
0.15662377,0.6007041
0.15231247,0.5419309
0.7915594,0.3356009
0.25025344,0.85623354
0.17721407,0.6008351
0.049558874,0.408952
0.8492324,0.35906217
0.7625178,0.18267861
0.8109558,0.22673069
0.78733057,0.18399885
0.84005094,0.4205486
0.91719455,0.6095187
0.8411781,0.36704978
0.8637924,0.46835202
0.152345,0.5654749
0.757048,0.3342281
0.21920934,0.7019411
0.7489866,0.19285552
0.7744371,0.20361985
0.16182786,0.582353
0.15595308,0.5723285
0.17535628,0.7436212
0.8519774,0.4574865
0.83385015,0.34396568
0.8421657,0.3915514
0.7545727,0.18727405
0.2567529,0.7179452
0.22740676,0.75752187
0.16359918,0.5676564
0.8228839,0.47670278
0.7851,0.2589457
0.13222945,0.5982791
0.1643028,0.6539208
0.91913444,0.44357094
0.16452926,0.57258606
0.8588787,0.35384515
0.8199489,0.30876675
0.86478955,0.501476
0.18345018,0.64201933
0.7601278,0.22247955
0.7475532,0.27120155
0.10395854,0.4924419
0.15864536,0.56243235
0.20569995,0.6999436
0.77892774,0.180304
0.13543694,0.50053596
0.7721403,0.14180885
0.8376657,0.55756354
0.8089045,0.21625547
0.14894356,0.5273885
0.13127795,0.5540803
0.8308005,0.40723926
0.1512876,0.5595317
0.16606855,0.69770175
0.78777957,0.30234993
0.148445,0.48367062
0.13939643,0.48054522
0.84745073,0.5098635
0.21435308,0.8503481
0.80660605,0.3222653
0.8338747,0.32819456
0.14514112,0.6837003
0.18410143,0.67170864
0.75176895,0.24211982
0.2169815,0.8151658
0.80493194,0.43504542
0.74303013,0.2224997
0.8644484,0.42259684
0.21098179,0.79282063
0.14779018,0.51450366
0.8114088,0.33212465
0.76903754,0.21340866
0.79989403,0.42859885
0.7161264,0.24106984
0.16196193,0.6208319
0.82857823,0.28506675
0.8901258,0.67453223
0.12775673,0.5476337
0.8471731,0.3916622
0.1680263,0.57992756
0.22011325,0.75939053
0.13566738,0.526374
0.8591979,0.43359727
0.19958204,0.8008766
0.8240214,0.36488062
0.06686355,0.2871702
0.19622146,0.7338074
0.17871132,0.5023275
0.18993299,0.7290998
0.15178297,0.5694436
0.14026465,0.48948425
0.8322882,0.33000937
0.7960837,0.3720215
0.86369604,0.37729898
0.8771757,0.4810459
0.11063371,0.30116156
0.8399173,0.28001443
0.77493334,0.21442711
0.13578954,0.44727018
0.24423905,0.7826354
0.76739115,0.23833123
0.8163773,0.3681554
0.84613514,0.44623685
0.8559833,0.4077623
0.8571716,0.3589207
0.12790903,0.5100466
0.84609747,0.27517498
0.90966743,0.47650477
0.17338943,0.58427024
0.8164824,0.36089492
0.19673865,0.47849697
0.79945576,0.22711398
0.975098,0.73406714
0.76805466,0.27568093
0.14512606,0.49387822
0.8717606,0.46019664
0.16445628,0.6247484
0.7948442,0.28228125
0.8543901,0.2915348
0.8527326,0.61488116
0.8758192,0.5008776
0.9419066,0.7186557
0.14516294,0.49824414
0.8516228,0.35985065
0.16200674,0.51209223
0.8454153,0.3710228
0.7775487,0.11717934
0.80148965,0.3045778
0.8336118,0.27702788
0.08766486,0.35686585
0.15586701,0.49715078
0.13512757,0.39023027
0.820779,0.20082605
0.8702756,0.44645718
0.85131466,0.34625486
0.22157162,0.6848602
0.76174283,0.22961079
0.2266147,0.83632654
0.75962484,0.19151601
0.8640169,0.37164962
0.2234667,0.7751152
0.8866752,0.3732257
0.8622757,0.41839126
0.13685091,0.66400707
0.13689493,0.4861429
0.78827536,0.19809839
0.11253353,0.3088653
0.108817175,0.46588326
0.8701614,0.38761738
0.16210312,0.54526526
0.8462605,0.3429801
0.8338252,0.3387583
0.14558217,0.6188095
0.19976845,0.63059795
0.20942226,0.64768755
0.20862068,0.7314201
0.1551638,0.4374599
0.20983039,0.75019133
0.18428586,0.6922123
0.8419143,0.3548741
0.84638226,0.3932155
0.14928068,0.438919
0.18445006,0.7792954
0.8069273,0.34588954
0.16985473,0.53389335
0.8365876,0.4829343
0.7649289,0.2783363
0.09160689,0.28800815
0.14544256,0.5132495
0.84537363,0.35898378
0.89377594,0.51940924
0.116383955,0.49165124
0.8625022,0.51136947
0.74146664,0.26302165
0.81077737,0.27699986
0.9505934,0.6154611
0.18613334,0.5819443
0.76316315,0.14268844
0.8857479,0.3761408
0.8421447,0.45199835
0.7749377,0.24348299
0.86354095,0.48106474
0.8231052,0.38404518
0.24768332,0.73626345
0.77429914,0.22037959
0.84968334,0.43606824
0.1537074,0.44976524
0.2158892,0.8328415
0.20255077,0.73205876
0.7970074,0.258682
0.228622,0.75421077
0.88839614,0.4308407
0.23988016,0.7478929
0.14845769,0.6039802
0.18756951,0.7420881
0.8683877,0.3601967
0.14243576,0.40502104
0.8842629,0.6810029
0.90406555,0.6802118
0.15733571,0.6568911
0.22825989,0.8977463
0.77323776,0.42184123
0.21324928,0.685272
0.82868093,0.4348111
0.9670228,0.6777163
0.89585304,0.635083
0.14784095,0.45502913
0.9062018,0.51771486
0.1466479,0.5605348
0.7993253,0.34786332
0.14764342,0.5153613
0.19004722,0.75266844
0.21418214,0.8991752
0.1399287,0.571293
0.1341384,0.47873658
0.11488868,0.5490175
0.8716789,0.5109919
0.22060625,0.790549
0.8525216,0.39534
0.80954546,0.38980758
0.22615738,0.8614576
0.14976536,0.38855568
0.84529626,0.41064063
0.13643762,0.5534898
0.83978325,0.37752852
0.7668069,0.3011957
0.8541818,0.27152264
0.8642231,0.30146468
0.09984357,0.42062175
0.15475924,0.51483434
0.15634295,0.68447566
0.820612,0.3038717
0.17220551,0.5084206
0.79854155,0.26277372
0.85873824,0.3867619
0.18537539,0.5793012
0.22740795,0.7669782
0.76629883,0.20564446
0.79037267,0.35668933
0.15786837,0.5189817
0.89563495,0.43433055
0.14489482,0.5938992
0.21662296,0.81785667
0.8556295,0.4021497
0.79763407,0.34758735
0.1907897,0.7549068
0.16793229,0.4504328
0.22060943,0.85346735
0.13113636,0.5903029
0.8105735,0.33925152
0.16289479,0.6826342
0.105343945,0.47526777
0.81367546,0.47635323
0.919687,0.5046062
0.18246853,0.6447807
0.8419004,0.3960645
0.7629946,0.24028313
0.82588595,0.4031388
0.84516937,0.4402331
0.09456809,0.41318431
0.8279726,0.18410048
0.76083577,0.22089517
0.22951044,0.7619631
0.21441536,0.7364225
0.8744703,0.44259414
0.76305246,0.22746179
0.75255543,0.30734092
0.13235836,0.68927044
0.25314245,0.79141104
0.141631,0.52741873
0.1329878,0.46063864
0.89329684,0.43049905
0.16641322,0.5629295
0.15194242,0.5618559
0.15371017,0.5332293
0.84914035,0.30907074
0.9274219,0.52181274
0.11976358,0.4913354
0.9158036,0.69402355
0.16012238,0.555546
0.8728366,0.41905138
0.16432025,0.64389676
0.12444334,0.5409475
0.15928987,0.5510443
0.81595486,0.3566626
0.2114978,0.7753255
0.16023938,0.66692877
0.77815354,0.20193735
0.18507634,0.69100636
0.13903749,0.50134546
0.18433306,0.6527622
0.15836376,0.5850614
0.17173076,0.6977679
0.1303669,0.54144335
0.12796298,0.47647718
0.82582647,0.37537295
0.78624225,0.3814608
0.7722379,0.22209933
0.15259011,0.6865791
0.83908474,0.39789155
0.105389155,0.51346505
0.2234425,0.7545064
0.88415945,0.5656703
0.20929177,0.7457768
0.88281167,0.49221104
0.7386673,0.37782595
0.8952752,0.57081723
0.8103502,0.34273696
0.8263246,0.4064346
0.81719035,0.29977998
0.12496847,0.65184057
0.18283463,0.65639484
0.20512366,0.64914227
0.16480769,0.66906375
0.20647138,0.61791456
0.14478853,0.4554006
0.16105841,0.68368983
0.7631429,0.32821822
0.16556127,0.6300316
0.75813633,0.17332432
0.7841441,0.35839942
0.7842619,0.21795112
0.8121675,0.2724057
0.1681306,0.67453134
0.75953245,0.29282394
0.8535191,0.5451422
0.13532074,0.597647
0.19720706,0.62942404
0.13534611,0.4366364
0.21704854,0.72695386
0.16459075,0.7732575
0.7443227,0.26607957
0.83551437,0.39836857
0.18664062,0.8350045
0.8072042,0.29880446
0.8713699,0.28571242
0.12669298,0.496644
0.2352829,0.69168353
0.24058495,0.8757446
0.7749825,0.2928187
0.14989188,0.5600783
0.14160404,0.54108196
0.83283955,0.41364512
0.78944856,0.3217204
0.9164902,0.632107
0.2624131,0.78756857
0.16134161,0.713998
0.83840376,0.47188875
0.7927885,0.30861387
0.23259696,0.7559007
0.13548335,0.5639865
0.12831122,0.50305814
0.14959402,0.505675
0.2032516,0.6722128
0.93825763,0.5467265
0.8302603,0.4644859
0.8374293,0.2629669
0.22740953,0.63678306
0.1977655,0.7823621
0.8348588,0.33529735
0.85371464,0.57929325
0.20296048,0.7425261
0.75529253,0.17396605
0.22024293,0.7568876
0.7946455,0.11453447
0.19436684,0.6386911
0.1398117,0.6570453
0.23017637,0.81005436
0.8805767,0.27779183
0.77289826,0.26396737
0.7599374,0.30314934
0.08105473,0.37328744
0.795152,0.27943313
0.79737663,0.19575796
0.85270876,0.44375625
0.059125032,0.3722554
0.8660246,0.3796359
0.8572989,0.38253835
0.13619569,0.49386463
0.73023427,0.13360442
0.1322231,0.50580287
0.22408067,0.7398068
0.8593407,0.24744153
0.2015497,0.63010824
0.80646807,0.21160395
0.19454016,0.84525895
0.8399506,0.34716597
0.86765,0.43186572
0.8890121,0.39150408
0.9213159,0.66566896
0.8144898,0.28791574
0.8477478,0.31238887
0.17544354,0.55395937
0.23994996,0.8115095
0.86613923,0.35634592
0.74822116,0.16419606
0.85644376,0.3959747
0.8133253,0.2907056
0.16594322,0.54457885
0.90372086,0.541845
0.14622986,0.656977
0.8494846,0.4824958
0.78793585,0.3321312
0.8275934,0.40798306
0.1378865,0.6355005
0.12141948,0.53659475
0.19475156,0.7128254
0.16078752,0.6983816
0.83606094,0.38170913
0.7759594,0.104964234
0.8329621,0.31373584
0.13925643,0.5423589
0.19708847,0.6318595
0.86569065,0.42571306
0.82378185,0.35073027
0.14493766,0.4922833
0.21381924,0.7558906
0.82247895,0.31631458
0.15186152,0.5888981
0.8991466,0.6423391
0.779671,0.21734005
0.8568908,0.46905202
0.21189164,0.8005227
0.85596627,0.4294508
0.78700775,0.25241852
0.83831096,0.35200408
0.7975988,0.25225073
0.7701235,0.22724013
0.20374936,0.6910059
0.14462394,0.5954928
0.8190037,0.43808892
0.22517177,0.6946294
0.22389624,0.7117584
0.17745681,0.6905486
0.15344048,0.5945913
0.8174137,0.3753484
0.14347531,0.46896616
0.14363714,0.61626536
0.17009309,0.36882997
0.8629698,0.70151573
0.08814834,0.44223714
0.75926113,0.22418088
0.11252005,0.43270236
0.09286935,0.51103526
0.82592523,0.32272655
0.8327372,0.385531
0.2055413,0.833877
0.20109595,0.6196111
0.17967671,0.8040633
0.82710713,0.35775506
0.18118228,0.58458215
0.7939419,0.3651982
0.7574105,0.16895927
0.16221258,0.7119257
0.24110176,0.786021
0.7581871,0.23595664
0.8136275,0.3380123
0.8425881,0.4166492
0.76893675,0.16821593
0.8432961,0.43987042
0.8150847,0.33779198
0.8509799,0.32727295
0.7718464,0.26980904
0.1332329,0.6553155
0.76048476,0.16522633
0.16132335,0.58505434
0.8506983,0.46175432
0.84030557,0.3894059
0.82789403,0.45014808
0.7902969,0.21400352
0.86296904,0.52104485
0.7776942,0.1444546
0.1263983,0.5525914
0.16472599,0.64244336
0.8198422,0.28379205
0.87259704,0.45004162
0.75642926,0.23961556
0.9067904,0.6104846
0.84088546,0.5261138
0.22828408,0.679779
0.8763281,0.41712007
0.82635754,0.30031526
0.7661818,0.3015076
0.15183851,0.57322294
0.17120285,0.49910182
0.88604814,0.49912545
0.15497659,0.6398484
0.13875668,0.5970215
0.8080506,0.27788642
0.775514,0.1278162
0.8662102,0.42411816
0.15238427,0.5722821
0.201537,0.73290765
0.16579528,0.6235206
0.16095014,0.56436497
0.12409828,0.63818127
0.7769537,0.21978956
0.8589901,0.44480884
0.83998275,0.49127758
0.84621805,0.33950162
0.83208,0.30222508
0.78613716,0.24691194
0.84461135,0.45578867
0.18507871,0.67538726
0.7973449,0.20581749
0.15428884,0.6715426
0.87305236,0.4199984
0.1633513,0.6235184
0.21189521,0.805317
0.7641706,0.12510036
0.8320721,0.40087372
0.21900111,0.8410398
0.8204891,0.36619255
0.7819028,0.17947349
0.11446152,0.4426594
0.14850251,0.5202958
0.77660114,0.23098491
0.8788185,0.35096943
0.16517894,0.5452823
0.88231355,0.59203494
0.14407659,0.49882323
0.15378593,0.65294045
0.8462196,0.37389675
0.8709673,0.36439836
0.8416323,0.21423262
0.7810584,0.15305853
0.20165162,0.6385037
0.18948084,0.67820907
0.8536226,0.3744005
0.82826567,0.47481528
0.18232575,0.6056513
0.15093897,0.7057612
0.13564715,0.49902034
0.19737443,0.6872318
0.8819736,0.55984
0.14880157,0.5805811
0.25013286,0.7795622
0.16881636,0.56779045
0.16591784,0.6692512
0.8655423,0.43414176
0.14768349,0.53390914
0.24650694,0.78793305
0.8298577,0.3560568
0.7544509,0.1283506
0.83333886,0.3613071
0.8080482,0.31631413
0.17613287,0.6267038
0.78456175,0.11428216
0.8014476,0.25137118
0.19260107,0.722542
0.15678123,0.5905289
0.20033126,0.70881474
0.84797585,0.40214708
0.77900904,0.15671745
0.20394489,0.7896011
0.893089,0.47767434
0.8186277,0.18600857
0.15072638,0.6244532
0.19389723,0.855545
0.23023745,0.69106376
0.78528005,0.28317618
0.09114879,0.3670467
0.16457091,0.6591282
0.736301,0.28863895
0.8370683,0.40518355
0.7544684,0.26281795
0.1651583,0.58427244
0.8084238,0.40580252
0.17403315,0.67903787
0.16310419,0.57514375
0.7898912,0.16516763
0.81635547,0.44760263
0.8609102,0.30055836
0.81455123,0.18974634
0.2471816,0.7472341
0.20936118,0.7467606
0.169894,0.58185494
0.85167915,0.3510899
0.8434663,0.40341127
0.73997295,0.24744898
0.24622494,0.75184226
0.19965224,0.6524017
0.85360676,0.4383526
0.17338626,0.81864643
0.87077934,0.4634999
0.8172824,0.21255274
0.18504302,0.5323085
0.16191472,0.5945278
0.12274659,0.5467515
0.8749383,0.51480895
0.12688416,0.43687907
0.25106415,0.76171434
0.8347941,0.49224916
0.14350109,0.5316966
0.12686989,0.71021295
0.15978327,0.58116895
0.15708068,0.57663614
0.15429679,0.54385257
0.7505763,0.33056042
0.742695,0.25172818
0.14050856,0.64304256
0.16134517,0.44112626
0.13507324,0.60653394
0.7954019,0.25773454
0.86820924,0.43524605
0.7805491,0.26309744
0.14550602,0.62513345
0.87575936,0.43359816
0.8643338,0.4444457
0.7665416,0.107932374
0.16737741,0.55041
0.8171539,0.34880596
0.18054649,0.67205644
0.8667921,0.40212125
0.8065228,0.34533674
0.81458974,0.24803945
0.85402834,0.58954686
0.86223406,0.39169946
0.16552995,0.5643965
0.124693215,0.48801202
0.8096073,0.3868101
0.1467649,0.61216664
0.7916498,0.16403224
0.20667088,0.78509325
0.20480001,0.63125587
0.8147083,0.34493986
0.14404367,0.6350523
0.21225375,0.7393928
0.8445058,0.47548285
0.1244009,0.46408948
0.83686805,0.3657672
0.86151105,0.30386424
0.76521885,0.2373439
0.1686597,0.6319471
0.8274502,0.41106114
0.9172965,0.5470498
0.79995275,0.114647046
0.8837184,0.44728988
0.11876885,0.569416
0.7359401,0.18770815
0.12710151,0.5652463
0.90903723,0.53907007
0.7743126,0.36276665
0.8628417,0.46288446
0.20795277,0.74313366
0.84228987,0.35252884
0.8535738,0.55767965
0.8555165,0.35484037
0.1650996,0.7090123
0.1243299,0.54745674
0.14396316,0.58655417
0.17718154,0.67711836
0.7435089,0.24346504
0.8172062,0.41193283
0.09666384,0.44326082
0.16017157,0.5844604
0.18968669,0.6630784
0.76342887,0.1935888
0.84575754,0.47207448
0.81100106,0.34178817
0.8759148,0.48357865
0.92116797,0.69331527
0.2100644,0.6390249
0.12411335,0.5499623
0.83206254,0.38405308
0.22447531,0.6908574
0.18832548,0.72809803
0.77642703,0.17982742
0.78770894,0.12506226
0.8632609,0.3490872
0.79297733,0.24379487
0.15886508,0.71253985
0.21830702,0.7809179
0.86098945,0.3623422
0.20123,0.5392733
0.14352567,0.52493197
0.14454143,0.5455732
0.14144222,0.55518544
0.16290906,0.5661399
0.13829303,0.6679542
0.12387537,0.5726456
0.13051644,0.6746119
0.7779266,0.3130744
0.8349119,0.4382234
0.14828715,0.58557034
0.19999969,0.69362015
0.81263596,0.37385163
0.8276791,0.35552722
0.19178997,0.7121079
0.17178509,0.5355623
0.10887151,0.36433747
0.8301885,0.25113067
0.21623506,0.86482173
0.7688741,0.22326407
0.8323521,0.48522785
0.86173,0.30737728
0.84615415,0.34681466
0.14014803,0.4782705
0.19366363,0.8277462
0.08035628,0.3677143
0.7528077,0.254253
0.87984854,0.48259962
0.19404835,0.51661277
0.83887297,0.46147746
0.87573516,0.26991066
0.16450427,0.6894605
0.77016515,0.26065186
0.78344643,0.3063615
0.83577853,0.5018684
0.1327046,0.4885705
0.21859854,0.5481865
0.84242237,0.3131239
0.79942757,0.27605325
0.7745276,0.24407084
0.14975663,0.57777506
0.14415313,0.65225583
0.86515325,0.47165176
0.18969144,0.7078327
0.850381,0.3870208
0.82470876,0.41445854
0.10535148,0.31443933
0.7676565,0.2113026
0.16475613,0.69412476
0.19352005,0.6634341
0.20521052,0.6893567
0.09091876,0.4284512
0.20829268,0.9150839
0.13975577,0.5631117
0.7857346,0.21019392
0.22105126,0.70445806
0.82477343,0.32186142
0.8582405,0.43026426
0.75073814,0.20679606
0.13815619,0.51375765
0.82153815,0.4568286
0.22037898,0.71842444
0.8001431,0.20588319
0.21537082,0.8446133
0.16611338,0.7204884
0.24157216,0.72335494
0.11487044,0.5023415
0.78336513,0.18939722
0.7986922,0.25944024
0.14437406,0.4962817
0.22388275,0.6992918
0.12997226,0.5206331
0.83539337,0.44145656
0.9383798,0.6409146
0.7553667,0.26011527
0.2116271,0.7238298
0.21674274,0.7712841
0.23358496,0.747108
0.85228956,0.33808765
0.7749246,0.19076303
0.78738093,0.149259
0.2280572,0.8721001
0.2022295,0.69059855
0.20588796,0.72377723
0.83586377,0.27379385
0.15985665,0.56477803
0.7519145,0.18006134
0.8154904,0.36415654
0.23356314,0.69073606
0.20627426,0.69198537
0.8529634,0.5085069
0.23501557,0.76545995
0.7620486,0.19473033
0.8587656,0.56071216
0.16674162,0.46457046
0.23946728,0.6879659
0.13881339,0.4458299
0.16275834,0.62004036
0.82363945,0.45642427
0.8324227,0.23587342
0.7703662,0.24830359
0.8090072,0.41861683
0.15473703,0.5978472
0.18392058,0.61806834
0.84563065,0.34043947
0.17861535,0.74834234
0.80417556,0.24241813
0.09352021,0.40034282
0.84710526,0.31383923
0.1477529,0.43393502
0.7497069,0.18528274
0.14867029,0.5401253
0.83353484,0.4695483
0.16660559,0.6460081
0.21273169,0.654393
0.16753249,0.7166276
0.17670283,0.7582455
0.11033545,0.54242545
0.8670126,0.48506665
0.24753776,0.67015094
0.12723279,0.52436864
0.1427122,0.53010476
0.8314105,0.2622288
0.83824235,0.3799662
0.8523371,0.390059
0.8259768,0.3217134
0.20736538,0.8182645
0.7792537,0.21298027
0.1516521,0.6366867
0.18201004,0.7212804
0.19682749,0.7462135
0.79263306,0.21115935
0.25363386,0.76323915
0.13692111,0.63462967
0.8323271,0.35573003
0.23097199,0.73686886
0.81224287,0.3353823
0.8604251,0.35883266
0.7562048,0.18697093
0.73669565,0.25172642
0.8350483,0.3286269
0.19921516,0.7631314
0.83241874,0.3493715
0.885567,0.4900248
0.8529654,0.51416415
0.76375055,0.23915431
0.83672845,0.3462763
0.1472353,0.5603968
0.15980905,0.5529291
0.124358855,0.5344926
0.80883944,0.39302495
0.21206218,0.6702368
0.20210615,0.7515681
0.86967313,0.4365203
0.89718294,0.63873273
0.85141975,0.33886296
0.08143946,0.32650113
0.20126253,0.69453955
0.14978242,0.589963
0.1227212,0.39425015
0.22152205,0.7778897
0.82676166,0.2875907
0.2694028,0.79591143
0.8924028,0.480851
0.19321981,0.75692
0.89269435,0.59754807
0.84706444,0.255515
0.7841275,0.17889704
0.201913,0.8025236
0.7331431,0.20211826
0.85369873,0.3131585
0.08545884,0.28306928
0.21027976,0.8321012
0.16081846,0.7326943
0.9016398,0.49239546
0.20563531,0.8227723
0.82082343,0.3603522
0.8880729,0.5711353
0.13421653,0.5212761
0.15668683,0.58534914
0.76785636,0.24959317
0.21019529,0.7737871
0.1729706,0.7023178
0.7888477,0.24044695
0.1559154,0.6647219
0.7545699,0.23277692
0.8852632,0.60305065
0.14141525,0.5172576
0.8726296,0.26701042
0.24742353,0.6921825
0.86691463,0.43736264
0.14806503,0.5223204
0.19146554,0.6102441
0.7446793,0.25813052
0.17565891,0.6275803
0.8304971,0.3387425
0.15712233,0.62779015
0.21376608,0.7373757
0.18620473,0.7937668
0.21617398,0.7203062
0.8658164,0.4095578
0.1841994,0.59820247
0.77709174,0.2947259
0.15281579,0.6035746
0.1787383,0.6645546
0.9936778,0.74259704
0.1613773,0.66740274
0.110346556,0.4690003
0.75313056,0.2197659
0.15446733,0.5000379
0.87848175,0.39689195
0.2078429,0.74391514
0.83762795,0.35934997
0.7902918,0.3597328
0.16275,0.67113787
0.13974507,0.5029057
0.83715993,0.34439495
0.83143705,0.3199941
0.88642097,0.39779344
0.13636425,0.59291625
0.89532954,0.61858
0.7541618,0.10622534
0.8651548,0.49931294
0.84863544,0.38364175
0.7711428,0.17605592
0.20156674,0.75254136
0.16352382,0.5521065
0.19575304,0.74562216
0.2429881,0.7983163
0.14882338,0.5967088
0.124047115,0.500864
0.21430153,0.8538445
0.7711912,0.28429186
0.2221027,0.7788074
0.7578805,0.25406727
0.1711144,0.67344236
0.8805196,0.2562947
0.14167504,0.61343086
0.90869415,0.6373739
0.78490126,0.32994717
0.82731813,0.19049977
0.15010685,0.5908627
0.8165752,0.30909526
0.8487485,0.25313732
0.7645112,0.21309811
0.82222116,0.23051578
0.128617,0.56609875
0.88500345,0.37675363
0.16952871,0.6385882
0.90702635,0.56957585
0.85689235,0.3972279
0.21290421,0.6964091
0.8357512,0.3111374
0.14601806,0.54963726
0.15325287,0.5983207
0.83816063,0.5164779
0.84110004,0.34801662
0.85288566,0.57801247
0.7908665,0.11832831
0.17860186,0.5486101
0.22001052,0.69828653
0.82905656,0.3265331
0.14285856,0.4586793
0.8211578,0.3573477
0.16337827,0.6820016
0.12448221,0.53452677
0.24311937,0.8294528
0.8590508,0.48333552
0.1580639,0.60073435
0.7485369,0.3173873
0.19412489,0.79752696
0.7822447,0.22403939
0.23415807,0.78050655
0.16237004,0.5627171
0.83939254,0.4857224
0.17181246,0.64298916
0.814575,0.2678992
0.79549783,0.25480494
0.85530627,0.4114396
0.16303518,0.66479987
0.14920096,0.5656537
0.7391472,0.24887742
0.21614583,0.7431245
0.7698018,0.24093142
0.19303815,0.6832741
0.81201917,0.2648176
0.8615991,0.39235783
0.81936705,0.2822344
0.7904413,0.21232803
0.8012663,0.38005337
0.16386095,0.67401093
0.8481944,0.5241987
0.8674707,0.58983856
0.84942794,0.33930057
0.19048588,0.7362569
0.14122884,0.4791181
0.16691059,0.63584477
0.14443514,0.599959
0.778213,0.28517187
0.7781333,0.016040485
0.18781185,0.7213908
0.8992989,0.5141265
0.81095463,0.35327527
0.14351021,0.57575524
0.18898189,0.8302067
0.18503508,0.53199095
0.1736746,0.67652965
0.827758,0.37168422
0.15399733,0.5498519
0.7441526,0.22033623
0.1626691,0.62326825
0.17366073,0.72475666
0.7825894,0.26970783
0.81362987,0.3649932
0.8259375,0.3562272
0.17051114,0.69531447
0.7516777,0.31718406
0.8710268,0.5420645
0.82873726,0.25779805
0.84036624,0.23978288
0.20556907,0.79957956
0.16711207,0.58609164
0.18965098,0.6069575
0.8027806,0.26858953
0.23470144,0.7285689
0.85863274,0.4807822
0.8198965,0.37985405
0.81713086,0.34805474
0.13879792,0.7010081
0.81708765,0.3766612
0.20984665,0.73222524
0.23170258,0.73309255
0.13788848,0.50194204
0.10144593,0.39600667
0.83160406,0.29002225
0.2507413,0.8534065
0.2126492,0.76944435
0.16075619,0.55970514
0.21794966,0.6554075
0.7650463,0.28037712
0.8908794,0.37332425
0.1264098,0.4935107
0.80929244,0.38029164
0.14473896,0.63019145
0.16684039,0.48655948
0.16758049,0.6095783
0.8502791,0.4044424
0.08397229,0.38192114
0.13791545,0.4461374
0.8480643,0.51915514
0.7560092,0.2738495
0.82605964,0.3447506
0.17699116,0.7470379
0.74735093,0.12864058
0.17561409,0.62747127
0.8325262,0.45686144
0.82343125,0.31879824
0.14039196,0.6075642
0.85214555,0.4552985
0.7797753,0.20232195
0.16436546,0.46140212
0.22259809,0.6836802
0.78848475,0.2954386
0.13429745,0.44601607
0.96643853,0.6246459
0.8524327,0.35534412
0.18431997,0.83756965
0.78434557,0.42281586
0.8146619,0.3425013
0.15405722,0.63598496
0.8349301,0.34695396
0.9233954,0.6560431
0.15218714,0.5618647
0.20702507,0.76119
0.8440449,0.5735725
0.77115786,0.27907088
0.15604787,0.6481668
0.82112765,0.27796835
0.21306762,0.7430272
0.94374454,0.7238657
0.15665986,0.649897
0.17175257,0.655701
0.22908725,0.74036133
0.798223,0.3058437
0.19123074,0.65345913
0.12487605,0.6232744
0.108698584,0.3574388
0.8350392,0.4085411
0.15802187,0.63914275
0.14782467,0.5933963
0.80500966,0.22033535
0.879016,0.31420937
0.10451381,0.56462604
0.1773759,0.55390203
0.8098687,0.30989906
0.07398016,0.38831475
0.18508387,0.5263915
0.7581863,0.1808796
0.12443422,0.6221167
0.14838074,0.60603195
0.15081047,0.5833451
0.7925874,0.23419529
0.16428296,0.559211
0.89069617,0.67788273
0.8336272,0.43787208
0.15631163,0.60825366
0.15952903,0.76490104
0.20792978,0.6830253
0.8439204,0.56544167
0.22463158,0.8431012
0.22626646,0.8260024
0.14328136,0.40882978
0.14950478,0.6471356
0.88825536,0.47235614
0.85979605,0.46961796
0.7569929,0.20673342
0.07652014,0.31857222
0.1911411,0.6681754
0.84295857,0.3075271
0.23484026,0.77985126
0.19527312,0.7670106
0.20083655,0.71783704
0.9231487,0.5944616
0.78320765,0.19512631
0.23455746,0.75567377
0.19738197,0.8591242
0.8246929,0.3410479
0.19628452,0.7112349
0.17131707,0.61921513
0.12983543,0.62599856
0.83369106,0.3176646
0.8541045,0.42391315
0.13849966,0.58630013
0.7945095,0.21189788
0.19403051,0.83896875
0.17807554,0.6222187
0.78735757,0.29768002
0.8402576,0.5335841
0.83556634,0.32465217
0.9311113,0.5242819
0.7717655,0.41324607
0.84291893,0.3023714
0.17281432,0.59488
0.8614813,0.36639142
0.13578995,0.51904917
0.11613368,0.43062565
0.14691205,0.5832461
0.9088917,0.58915526
0.13157938,0.60200024
0.20006672,0.75167847
0.8401144,0.3489698
0.76858693,0.2232448
0.18448497,0.69853926
0.8200056,0.24392803
0.86430883,0.30958807
0.043331098,0.37423754
0.15081204,0.63374305
0.088021025,0.40299776
0.8397213,0.2841898
0.8228914,0.39084834
0.85447973,0.3833982
0.15450817,0.56315774
0.07985574,0.38374776
0.21136017,0.6788289
0.8708904,0.5744674
0.15826698,0.5907252
0.82632816,0.3522021
0.1576308,0.63878834
0.8772994,0.7096571
0.8483313,0.39488485
0.7681749,0.23480503
0.13293584,0.61714935
0.17238677,0.52363104
0.73977625,0.058357947
0.20321193,0.73913527
0.14323972,0.52462274
0.850809,0.2669561
0.8097569,0.2574406
0.14148109,0.48349804
0.15911298,0.59193414
0.12986478,0.5325192
0.93001425,0.62280875
0.14388065,0.5722702
0.0993827,0.55519205
0.8521491,0.3571383
0.1468708,0.59236604
0.7777791,0.17115165
0.12822554,0.63125587
0.20389016,0.7712701
0.0998408,0.41574594
0.15676774,0.6867727
0.23532811,0.6982138
0.14593358,0.5284332
0.23490848,0.7303714
0.8702118,0.5365982
0.1472583,0.55938184
0.20447716,0.7315664
0.853228,0.47360104
0.75712734,0.18478163
0.12212785,0.54693943
0.17780821,0.674781
0.15967062,0.5453778
0.22404219,0.7642238
0.15656428,0.6524569
0.8284735,0.25173563
0.80296665,0.34158537
0.7493174,0.23788576
0.1680259,0.720347
0.13630238,0.64214987
0.8538538,0.47425503
0.14442165,0.5621901
0.13687907,0.62237775
0.8750783,0.36095273
0.7986439,0.30125442
0.76385564,0.119157076
0.18464084,0.6773059
0.76792496,0.25851905
0.85327077,0.2644251
0.8199711,0.41443577
0.8336943,0.41958448
0.8065105,0.23526235
0.26082584,0.6926792
0.13066874,0.4399427
0.83038247,0.42316717
0.917356,0.8155565
0.76053077,0.2386002
0.09877547,0.3258664
0.7483473,0.28902134
0.1621761,0.60934967
0.16066417,0.5683362
0.7678734,0.3052563
0.14727932,0.6148198
0.8776794,0.64178807
0.8200524,0.32190874
0.17163992,0.5694839
0.14131252,0.58234555
0.75723284,0.15477695
0.20150208,0.7720945
0.8979175,0.41988102
0.76636386,0.3883064
0.10646242,0.38119358
0.8025855,0.27686843
0.12811211,0.66227067
0.90736943,0.75429267
0.79722357,0.27609882
0.8221192,0.25447202
0.1549528,0.57980317
0.20248136,0.71132296
0.83844066,0.3546056
0.7875717,0.35282934
0.14344834,0.6326339
0.8401291,0.4158734
0.8568967,0.5373381
0.7913345,0.3649253
0.16346036,0.50641
0.22203806,0.7134711
0.17902704,0.8109313
0.7971236,0.35960448
0.19867933,0.4973006
0.8574782,0.3705909
0.8427472,0.5077285
0.8586768,0.44904816
0.097619705,0.46291205
0.76925683,0.22010888
0.86253035,0.5627907
0.85888225,0.37008363
0.8529289,0.52315927
0.85506827,0.31801808
0.1955928,0.54626524
0.136722,0.62479174
0.14695488,0.4728371
0.8268307,0.3169887
0.21422021,0.7659887
0.2079968,0.7339432
0.15400843,0.67807245
0.81313175,0.4106945
0.79635215,0.2742056
0.19171304,0.72017395
0.15857397,0.41149437
0.8634668,0.42499292
0.16129836,0.6149977
0.84715605,0.4523514
0.16080101,0.6868446
0.8125245,0.30671278
0.8401675,0.37290943
0.22924867,0.7211245
0.8300231,0.4696968
0.16311333,0.42978856
0.2141861,0.849048
0.1511456,0.56517535
0.11698405,0.39421597
0.11604286,0.4721533
0.84896666,0.4273176
0.7900669,0.23613054
0.17281869,0.7123646
0.14788575,0.5490976
0.8358162,0.33835703
0.80470705,0.21985921
0.15148869,0.5559376
0.09710806,0.36669102
0.8924671,0.4725861
0.121919625,0.47862706
0.1297105,0.5954354
0.76986766,0.17773491
0.1436875,0.67390144
0.7388854,0.17076355
0.8706937,0.5658499
0.14324448,0.61394554
0.8695189,0.35882828
0.07437163,0.38939276
0.9142385,0.52382636
0.86182994,0.5916481
0.8354449,0.42550278
0.20768109,0.708237
0.82862145,0.47921842
0.18764764,0.69376904
0.14842081,0.6620889
0.22462721,0.7931921
0.85964215,0.44335675
0.87404555,0.41548708
0.8203328,0.4171459
0.1737107,0.5937643
0.84622556,0.39514506
0.81763065,0.38507414
0.8676694,0.43084946
0.81540674,0.32333148
0.18697338,0.53873456
0.760129,0.20792182
0.81941146,0.38972872
0.18127549,0.8074432
0.18231305,0.673321
0.76521885,0.348675
0.79334974,0.3534483
0.8343844,0.50531405
0.14286768,0.45374435
0.16773596,0.6929714
0.8289784,0.38804096
0.84988046,0.36440623
0.16770224,0.635751
0.14706832,0.6743815
0.22223558,0.83264524
0.14454778,0.56155103
0.19159207,0.7186408
0.7625932,0.19884174
0.86547804,0.5127401
0.11447857,0.57788104
0.8403151,0.5083286
0.18651132,0.70984066
0.7656714,0.26913708
0.81584144,0.3539157
0.12762624,0.5235697
0.87739855,0.45314294
0.14600338,0.57802343
0.1404459,0.5427794
0.81105816,0.32108742
0.12975769,0.62052137
0.22187425,0.84685254
0.22481878,0.7776466
0.14806186,0.5229266
0.7916982,0.44884667
0.18474832,0.6654631
0.122837014,0.53536123
0.8001756,0.27046388
0.8956857,0.5074876
0.84719056,0.41942722
0.85998565,0.43182367
0.16016205,0.6668928
0.85650563,0.43301687
0.8827657,0.5666857
0.20946708,0.7599
0.85747224,0.3165958
0.18960379,0.5588847
0.89191616,0.4580735
0.8405011,0.3734561
0.8189173,0.27596828
0.15096752,0.6884097
0.14912482,0.6302834
0.8021373,0.34023622
0.8490785,0.34751683
0.815143,0.27296814
0.23474944,0.7933226
0.21155728,0.79625046
0.74309796,0.18790965
0.1975545,0.58266574
0.88623375,0.46273202
0.1347361,0.49567285
0.7864628,0.20298076
0.8900925,0.6210128
0.8149641,0.40798217
0.03935336,0.41775873
0.24636932,0.80040395
0.7546667,0.32333586
0.8366094,0.3410571
0.8202305,0.4455237
0.870982,0.4358751
0.14596848,0.6178966
0.84444314,0.3888093
0.7881409,0.15784189
0.84378874,0.35208908
0.8244827,0.37986806
0.8671609,0.4037087
0.17629668,0.6314977
0.1733458,0.7507069
0.81344265,0.24772231
0.81207114,0.4953443
0.7811607,0.23714197
0.7530397,0.27431905
0.17191954,0.67589974
0.7550478,0.26470065
0.8704839,0.54499847
0.15331276,0.6164826
0.8070745,0.33427498
0.26281133,0.8720195
0.21902928,0.75000775
0.8408557,0.4031283
0.20726186,0.69466746
0.15111983,0.43699118
0.1342197,0.4462005
0.18339862,0.5673708
0.8204994,0.288999
0.9582284,0.7748366
0.14929338,0.54869986
0.13443388,0.62549525
0.19391033,0.71305144
0.76611364,0.15806924
0.79819727,0.39069724
0.109695695,0.4564926
0.23102474,0.7734388
0.7921912,0.30529574
0.84992844,0.40353084
0.82809556,0.28073454
0.12710468,0.5119608
0.7465779,0.23067303
0.8097303,0.36191994
0.8717907,0.39775664
0.8741451,0.48743513
0.86294484,0.40578672
0.76376957,0.2480745
0.21956709,0.6813358
0.75526357,0.16900922
0.7655278,0.17188492
0.20682716,0.8335375
0.121827215,0.6089738
0.13887368,0.5471151
0.87987393,0.47549248
0.83745664,0.38324708
0.1967676,0.7941199
0.80308884,0.24994974
0.17170894,0.5892998
0.16373561,0.67547226
0.85118693,0.4800831
0.23392843,0.7739404
0.18211912,0.55921626
0.8009399,0.3433568
0.82514626,0.32099673
0.17650808,0.5846023
0.8064526,0.308369
0.08359788,0.4526129
0.8558112,0.38413236
0.1944521,0.72305274
0.1279019,0.42306292
0.7932974,0.18588066
0.14963923,0.47472548
0.17853403,0.54229885
0.16613916,0.8002594
0.21827728,0.77901375
0.8687649,0.5975069
0.12831518,0.5762498
0.8276533,0.3436472
0.85225344,0.35113502
0.7697197,0.24403492
0.8501692,0.39735407
0.9392476,0.47552928
0.89385927,0.5527202
0.9246868,0.54070044
0.836801,0.43176454
0.8231453,0.23457463
0.8291315,0.33510593
0.77840257,0.23912057
0.2188738,0.83084536
0.1716431,0.6846623
0.7272398,0.23587692
0.8741808,0.49371657
0.20401946,0.7711133
0.77240646,0.18355425
0.15506543,0.63623506
0.23384117,0.752855
0.7780849,0.26824218
0.24579579,0.8628453
0.14764342,0.5366679
0.135454,0.6095919
0.15170604,0.51660925
0.8385846,0.4635069
0.84305894,0.28180337
0.8387972,0.4033495
0.15706839,0.5443344
0.8166625,0.38918117
0.887848,0.68405163
0.19116014,0.77716917
0.7999674,0.29248753
0.77693194,0.13307133
0.86999637,0.5285309
0.20894553,0.80121523
0.8423684,0.42884326
0.15624657,0.45596564
0.13893715,0.54347104
0.16706765,0.5662433
0.14700526,0.59388125
0.20034753,0.7110772
0.87952924,0.54399186
0.8374951,0.33353207
0.14713416,0.5589158
0.8328388,0.3669451
0.83793217,0.32835928
0.21682563,0.91320556
0.8681858,0.44702575
0.78066653,0.13958625
0.81506485,0.40174627
0.81032485,0.18506634
0.11211113,0.47010767
0.77210146,0.13777891
0.87035495,0.4463446
0.17052978,0.76131874
0.7910366,0.3258318
0.18172844,0.5743058
0.95165163,0.7918294
0.14866552,0.50798607
0.17496799,0.64624554
0.759912,0.30188122
0.7988267,0.441874
0.84697676,0.441828
0.8021004,0.3688501
0.123707205,0.5475347
0.15042771,0.6378229
0.89806265,0.5074473
0.8293036,0.31285626
0.14034912,0.5090225
0.7716965,0.22968176
0.8512151,0.33357412
0.21705687,0.77175367
0.10587026,0.6203089
0.1300849,0.4220125
0.12673622,0.4226573
0.17125718,0.6602907
0.16421396,0.67970455
0.10875927,0.46443596
0.14959243,0.6400412
0.7750242,0.15487988
0.8497373,0.37511143
0.24908023,0.6625677
0.8551349,0.2805418
0.13695046,0.72496563
0.10652628,0.4049527
0.80391735,0.19422176
0.8388555,0.37954348
0.11865819,0.59600395
0.13840051,0.5815658
0.8550183,0.34512207
0.21918118,0.64200705
0.15687403,0.65724856
0.77401197,0.23513794
0.1718311,0.6431885
0.8365067,0.4341203
0.14667249,0.5287534
0.87379605,0.57339203
0.8254532,0.39441746
0.15586622,0.598015
0.15872031,0.67141426
0.88752675,0.47905064
0.8245176,0.37182045
0.13451321,0.49756166
0.8384625,0.39534655
0.21740946,0.6111968
0.2104864,0.7025482
0.829592,0.4039899
0.124895886,0.32157627
0.1396697,0.5418696
0.03746702,0.49480465
0.19485945,0.6182059
0.12202632,0.46170044
0.14366172,0.48400617
0.806944,0.4037446
0.16187426,0.5591256
0.874178,0.3317799
0.16247,0.68438977
0.89547706,0.5408345
0.7879037,0.2563718
0.7648976,0.33233884
0.8130282,0.2365861
0.8301207,0.3459815
0.7514405,0.22689058
0.8313395,0.50377566
0.92113423,0.6097027
0.15361895,0.6117273
0.8829735,0.48137838
0.8207175,0.23225479
0.86823976,0.43560174
0.85011804,0.36491698
0.8293988,0.29801294
0.10894568,0.36969686
0.18015304,0.76201
0.1762229,0.73361903
0.751951,0.22879253
0.83448476,0.35247716
0.18022445,0.6547539
0.8379631,0.28875196
0.23768881,0.7697444
0.74508387,0.1698117
0.86232054,0.32317117
0.94576734,0.6862589
0.86916983,0.47610793
0.1449924,0.54997545
0.81670374,0.4377078
0.1439707,0.54900914
0.8615332,0.32892567
0.82198673,0.30699664
0.1995983,0.8270239
0.2396648,0.7640057
0.20953134,0.662756
0.76557064,0.27695474
0.87896323,0.33697328
0.11399033,0.6199931
0.19401424,0.7290148
0.14678632,0.6352096
0.8641506,0.3649196
0.76084566,0.3110003
0.21568812,0.75537765
0.7565054,0.26079947
0.8535754,0.4441255
0.16851375,0.50323033
0.16131185,0.6390328
0.8827578,0.48434827
0.15606175,0.6166254
0.11619119,0.3067588
0.19257608,0.722863
0.15914986,0.52703017
0.7647437,0.23052366
0.21181867,0.75665456
0.8113596,0.2314339
0.08796589,0.45725656
0.13670693,0.46970993
0.18298574,0.45282885
0.7752641,0.24773239
0.23407954,0.81729114
0.8185861,0.2604832
0.82306755,0.2889946
0.124435805,0.55089664
0.17457771,0.5174328
0.74330974,0.25797284
0.8305812,0.4568623
0.11501521,0.31301177
0.1949126,0.6316698
0.23537491,0.6953346
0.7727245,0.2791852
0.9044586,0.35108727
0.8194626,0.25144124
0.87732124,0.33458424
0.14305052,0.44278643
0.8119486,0.23828393
0.8354017,0.31038266
0.7466553,0.09323841
0.12947609,0.38198203
0.17140116,0.788287
0.22274405,0.6712281
0.7649277,0.32762426
0.21124792,0.7120365
0.85303086,0.51991296
0.16769709,0.54345524
0.14987919,0.44936267
0.7967,0.32291755
0.7733805,0.19091897
0.12924843,0.6185655
0.8163852,0.23856777
0.19811334,0.6761547
0.78568065,0.26234618
0.19527312,0.82565373
0.119433194,0.5223384
0.829423,0.48900944
0.13431688,0.62496656
0.12576726,0.46590734
0.15908244,0.5946399
0.18361518,0.5845068
0.8417017,0.5270696
0.16292928,0.6437189
0.8248734,0.23436876
0.1423969,0.46298826
0.79642713,0.1900556
0.80616665,0.25941485
0.2124124,0.62106365
0.14187413,0.6468102
0.7796301,0.33498064
0.17925033,0.56509125
0.22510594,0.7607454
0.11667428,0.575358
0.84069467,0.29596424
0.8605631,0.35970303
0.11510881,0.65951365
0.24865307,0.7753833
0.23037389,0.729321
0.75936824,0.19747858
0.20124587,0.8486384
0.85887665,0.4396111
0.8701233,0.33927253
0.11184182,0.38982552
0.77065176,0.13756253
0.7958092,0.30275425
0.13482773,0.46900207
0.2043423,0.6899608
0.20077428,0.7606661
0.7800462,0.24151751
0.8431462,0.41018552
0.22959334,0.74501854
0.87909216,0.3526432
0.20589192,0.60756856
0.81722486,0.37130708
0.83837044,0.35346755
0.16463754,0.6603196
0.8446121,0.47283095
0.88136363,0.5652761
0.8536401,0.6723876
0.85828924,0.5387398
0.21121658,0.66384715
0.14247225,0.5668565
0.103622995,0.40016013
0.7890281,0.22211334
0.76518273,0.19477719
0.7963395,0.30837426
0.08701241,0.5061275
0.18522348,0.8996185
0.8581683,0.37729722
0.76310563,0.2541851
0.84276146,0.4187798
0.18898387,0.816126
0.12462777,0.4136806
0.848896,0.3343122
0.79442936,0.31231922
0.8156713,0.33398542
0.8552551,0.4481296
0.8387881,0.3344607
0.18082096,0.72057647
0.86976475,0.58808994
0.89678156,0.5076435
0.212859,0.88930887
0.23395738,0.81547946
0.85493106,0.48138496
0.8720271,0.4237432
0.853345,0.49754152
0.86314434,0.3644658
0.2090185,0.7687825
0.8373908,0.3077251
0.1306501,0.5497205
0.2335683,0.85112953
0.8288995,0.29455376
0.20745224,0.7581264
0.19287911,0.7167371
0.76231635,0.22370824
0.852896,0.31024382
0.06824182,0.41697463
0.813121,0.27997148
0.9050567,0.6646212
0.8390146,0.35798988
0.81031847,0.30942994
0.09451573,0.51963174
0.87287986,0.26951948
0.22970201,0.7991117
0.23446466,0.724012
0.85031754,0.44322315
0.21093498,0.72300714
0.16680232,0.59259385
0.85441387,0.57738256
0.14715955,0.46509346
0.21921133,0.8183941
0.094068736,0.36487493
0.8250399,0.3149549
0.85071176,0.32998088
0.8330914,0.19195141
0.12003249,0.518011
0.09823963,0.37795562
0.17681666,0.60030067
0.87505174,0.5990177
0.7793386,0.33103612
0.14052245,0.62968856
0.16409734,0.5267297
0.89278084,0.5260043
0.14530414,0.5812907
0.79737866,0.25916693
0.7971462,0.2809058
0.85769475,0.3566832
0.8753207,0.33178604
0.2536053,0.86439025
0.8456945,0.47654465
0.23301342,0.762604
0.14175873,0.5212643
0.90699106,0.5420382
0.22964172,0.72629285
0.8339687,0.5490713
0.8598924,0.4335605
0.17402007,0.6984622
0.23346041,0.72387713
0.1548104,0.62946826
0.18114263,0.82042754
0.7705419,0.2699273
0.23590758,0.92854124
0.7799034,0.14540471
0.87058496,0.37054664
0.22521184,0.7559055
0.85142016,0.35097778
0.2034868,0.7179115
0.9443157,0.6367962
0.90933704,0.53353065
0.121473424,0.5504266
0.16081251,0.6410127
0.9478298,0.5118487
0.16543555,0.51852435
0.1504174,0.5427706
0.12708168,0.5724941
0.7903937,0.20437196
0.86437345,0.45210567
0.78613436,0.22807898
0.9617814,0.5940227
0.15191664,0.5856641
0.80041164,0.26970652
0.7917537,0.28935644
0.13560948,0.6087881
0.84505516,0.34934914
0.24623327,0.6542616
0.8653928,0.56403995
0.7695972,0.26784182
0.16294871,0.66169506
0.14986928,0.63876384
0.81426847,0.33202302
0.2173238,0.7899541
0.23073204,0.8195926
0.8842336,0.52675337
0.22559895,0.70281017
0.8531038,0.38085848
0.15564054,0.5720087
0.84876835,0.40307048
0.17003281,0.68707675
0.21864931,0.7231684
0.18755801,0.7772449
0.8047193,0.27358973
0.24202588,0.6761052
0.7828222,0.26088226
0.84409094,0.28248715
0.17634983,0.7009686
0.15194757,0.5714296
0.8510961,0.3246583
0.85625935,0.3386549
0.18413793,0.70186836
0.23079035,0.7440181
0.1997264,0.7095822
0.16392203,0.66042125
0.85561204,0.4420838
0.2363851,0.9288566
0.21735552,0.71794474
0.17098668,0.6175436
0.8870671,0.3754566
0.19245432,0.7038737
0.7406286,0.13580818
0.8296979,0.3522231
0.14907801,0.7184586
0.1406212,0.50506216
0.24225473,0.75192636
0.16281903,0.75479597
0.17343861,0.73871344
0.23987976,0.78956956
0.13672161,0.50751126
0.08409445,0.37199304
0.16457091,0.6860885
0.8499447,0.36471197
0.14387947,0.6562205
0.10450667,0.6725978
0.1470346,0.54430985
0.15465929,0.46790785
0.15944812,0.6187057
0.7761375,0.28599933
0.9149096,0.543489
0.754021,0.15072773
0.8019493,0.24655932
0.2201303,0.73570365
0.10523527,0.547674
0.77582216,0.22599742
0.7946241,0.35925534
0.20918825,0.66924644
0.8516518,0.39538905
0.1643369,0.5382343
0.22273254,0.8436698
0.850237,0.28801212
0.87098837,0.2771812
0.8978552,0.589793
0.22883895,0.8015205
0.79890126,0.25707135
0.79175574,0.16998866
0.7995045,0.28552273
0.154248,0.4896393
0.20738085,0.6934033
0.94371164,0.49779382
0.8146286,0.20423836
0.7717659,0.21688712
0.87985885,0.55001223
0.84612644,0.40948159
0.7841493,0.20209154
0.19823432,0.7057222
0.13695443,0.6666208
0.7744213,0.18420342
0.16916896,0.6771946
0.79151416,0.32452118
0.20248096,0.7328893
0.12673067,0.5471164
0.19353512,0.79363674
0.15433565,0.5368913
0.8387552,0.45161462
0.14422968,0.59582746
0.14835773,0.42485887
0.18426564,0.69361925
0.20319806,0.7101201
0.15991732,0.52319646
0.88365847,0.558161
0.21222281,0.7010251
0.16668054,0.5602168
0.8265082,0.22064854
0.7562135,0.37359318
0.1609303,0.4482089
0.09048287,0.40457207
0.2054596,0.6728992
0.13451321,0.578567
0.16006328,0.6622755
0.7716568,0.22605306
0.2264386,0.73633665
0.74232215,0.18192299
0.1616819,0.73314553
0.84417146,0.35020462
0.17099978,0.80718607
0.17802952,0.7138894
0.105169825,0.3602865
0.7696971,0.22180934
0.785142,0.23815645
0.19642928,0.71583736
0.8691429,0.2974277
0.15007909,0.56531376
0.17257,0.547865
0.8634922,0.3656831
0.8508839,0.31617528
0.87174076,0.43911698
0.8334349,0.47962448
0.11724225,0.48402017
0.7408158,0.23851652
0.84614545,0.3931936
0.13583437,0.588383
0.88472503,0.58492076
0.8646888,0.3920963
0.8677253,0.46415564
0.15850218,0.52881783
0.23447695,0.7275356
0.7776153,0.29979575
0.8213391,0.38566068
0.14945361,0.52843016
0.7795159,0.25134268
0.124383055,0.6008254
0.25182247,0.67904663
0.20628576,0.7076483
0.79302216,0.23118159
0.83310604,0.4854508
0.8402425,0.37861574
0.09641238,0.48966998
0.16068439,0.73499274
0.76096785,0.20899938
0.82589746,0.37940902
0.8575456,0.5832759
0.79109174,0.24933998
0.123934865,0.5636413
0.20860244,0.69521105
0.84831417,0.5508226
0.14498803,0.60775036
0.84118927,0.49081588
0.21773627,0.8603235
0.8854437,0.362796
0.85682136,0.33866104
0.15889959,0.6209738
0.9008874,0.49537936
0.8512679,0.44172418
0.1442519,0.5400079
0.8392141,0.4478497
0.90007114,0.6125412
0.72945887,0.21045367
0.8133788,0.45015115
0.73790896,0.25705734
0.2016766,0.8025617
0.23928483,0.80711734
0.8282359,0.41636446
0.13174477,0.37207758
0.21961349,0.8376853
0.81862414,0.3100629
0.18179546,0.836825
0.7781067,0.21594359
0.14100713,0.52960455
0.8473587,0.401515
0.22585873,0.59283215
0.24046795,0.71940696
0.19763541,0.5917988
0.7878831,0.15246587
0.78102624,0.3285634
0.8197399,0.29508203
0.8462442,0.4202998
0.8091786,0.30169857
0.81126004,0.23317686
0.8064272,0.33057135
0.84230494,0.3221698
0.098742545,0.3309647
0.22518963,0.713666
0.2315939,0.6956517
0.7423194,0.25362882
0.846343,0.4109017
0.7688333,0.3182945
0.17077014,0.6573305
0.778969,0.277179
0.8500565,0.44249994
0.8487826,0.32142296
0.2437274,0.766884
0.80110294,0.37991276
0.79282856,0.31791472
0.89700127,0.57943606
0.15941481,0.6875463
0.7541189,0.19943178
0.82272923,0.2797227
0.75841475,0.21741015
0.789656,0.20746581
0.17561091,0.642884
0.18193588,0.6299803
0.78150934,0.24325697
0.8471497,0.39658532
0.21284433,0.8463295
0.8089775,0.47109678
0.17943555,0.7834256
0.08843549,0.5552608
0.8705838,0.54415876
0.14939451,0.6145789
0.16481562,0.6550483
0.17251012,0.70736134
0.14594628,0.50629437
0.83088654,0.35951906
0.14461164,0.60977364
0.20483492,0.77850825
0.9016775,0.6161883
0.77645636,0.2143062
0.77700686,0.26178506
0.78747654,0.3588449
0.249835,0.81830305
0.15215898,0.5728024
0.19202042,0.68360656
0.8282129,0.47540355
0.10568583,0.4791102
0.14819036,0.7157887
0.7935929,0.23200598
0.15531135,0.7259433
0.09956197,0.3663406
0.21991573,0.7335805
0.8015999,0.21402499
0.8387294,0.31471047
0.09940966,0.34353858
0.1863261,0.79966015
0.22237003,0.70232874
0.84089535,0.2964408
0.866752,0.4175879
0.7942175,0.30399784
0.09931646,0.48787928
0.12981045,0.40757394
0.1583824,0.644284
0.7634606,0.15678886
0.20634367,0.66515297
0.22186315,0.9311922
0.21217285,0.82598317
0.14841565,0.5692062
0.17777093,0.39020532
0.759655,0.110059045
0.84566,0.4658609
0.82502687,0.4007099
0.83190745,0.37025973
0.8604298,0.39034462
0.8512829,0.35385698
0.87102365,0.45108548
0.72599,0.2816045
0.15541486,0.6265658
0.7904084,0.15103348
0.85159546,0.28896746
0.83996093,0.29568303
0.8250257,0.45179993
0.17844836,0.66839707
0.7804424,0.29887497
0.77798337,0.33885685
0.16129917,0.5170657
0.14824708,0.74224573
0.7692009,0.1484574
0.80805534,0.41086403
0.7662885,0.24498065
0.11903459,0.46982032
0.13656217,0.5136648
0.8391145,0.37770373
0.1689068,0.56626827
0.22127773,0.84363645
0.22595946,0.78492546
0.78367096,0.3579071
0.23754483,0.75790644
0.768418,0.27014017
0.13149728,0.4481239
0.1640438,0.64016515
0.14376564,0.74160576
0.8354676,0.27118534
0.1255872,0.434854
0.20551513,0.7213448
0.8141491,0.27490604
0.060576674,0.27105394
0.20355462,0.816727
0.2194735,0.750685
0.17107236,0.75721306
0.85097754,0.38019046
0.1719493,0.57698834
0.24609128,0.7387029
0.23650607,0.81993514
0.23122108,0.84863096
0.18636654,0.5820853
0.8798085,0.53927857
0.13922271,0.513656
0.879064,0.5287311
0.8521182,0.35568315
0.88575304,0.41410288
0.14740227,0.60836756
0.21945207,0.68683404
0.19373225,0.7430132
0.789138,0.23804256
0.744109,0.10489809
0.19944163,0.7986264
0.13717891,0.5977749
0.8517382,0.43713617
0.20691639,0.63728064
0.87699366,0.45646897
0.15093976,0.70504457
0.79945457,0.32034406
0.852211,0.4218084
0.76300645,0.33674288
0.85628116,0.49641925
0.85406643,0.2969945
0.786673,0.28892058
0.21045665,0.6904487
0.8265273,0.4626672
0.16170967,0.40479633
0.17070112,0.5433528
0.80350804,0.45778
0.840774,0.44386223
0.14670342,0.33145708
0.2673376,0.7471369
0.84614825,0.44879192
0.7546865,0.32076764
0.22655281,0.7640048
0.9157937,0.67955476
0.12784716,0.46872085
0.1508184,0.60531884
0.15624063,0.55042225
0.85957867,0.46679655
0.77684623,0.33204055
0.19020031,0.7221495
0.8081604,0.28685263
0.79346794,0.21870016
0.7991091,0.31746924
0.1454033,0.59520763
0.92892987,0.6549506
0.8666767,0.29511005
0.8589473,0.32968697
0.08770849,0.26005086
0.14956705,0.5417421
0.16974883,0.692228
0.15863465,0.5463608
0.16602573,0.59877366
0.7800787,0.24263014
0.7659883,0.28896177
0.8221696,0.29625598
0.90714175,0.5681969
0.19584069,0.783996
0.7718484,0.16960889
0.77756494,0.23573148
0.21176592,0.764569
0.12296195,0.40473062
0.1467891,0.49103227
0.06866858,0.3363206
0.80829966,0.29639
0.12901124,0.58228725
0.8360792,0.36093086
0.8082786,0.28841466
0.23950416,0.8435874
0.82559127,0.42291048
0.8144747,0.35648257
0.1368632,0.5888705
0.84000415,0.39657524
0.21128957,0.7980587
0.7574688,0.17947173
0.8280281,0.32399642
0.82523626,0.48916712
0.8341242,0.39344284
0.19299929,0.6835291
0.2286573,0.7509706
0.8509244,0.42880428
0.8553614,0.2983905
0.8394988,0.2897003
0.1137357,0.48048216
0.77544856,0.27577817
0.1856919,0.8185886
0.2004907,0.753541
0.16601461,0.7092134
0.8522328,0.33140144
0.78008425,0.3294938
0.8284398,0.21495582
0.13775837,0.6935982
0.83901894,0.39907643
0.7730803,0.2983397
0.8365293,0.38690427
0.17343345,0.63742256
0.23596667,0.799375
0.8281253,0.2617969
0.77327424,0.24647172
0.12948363,0.71524906
0.7590339,0.22092627
0.7377947,0.1900972
0.22968377,0.8038224
0.8473294,0.3562075
0.15429796,0.507612
0.16862598,0.5959553
0.8587529,0.43144563
0.100335784,0.4183054
0.7853824,0.29409644
0.18026689,0.5151375
0.13637218,0.6003344
0.13189588,0.47010067
0.85218245,0.3881255
0.8673632,0.45556265
0.23751311,0.6971634
0.16918483,0.57679296
0.17755596,0.69616425
0.7909149,0.3843908
0.8233749,0.35332784
0.8385267,0.41616207
0.7326945,0.17049722
0.13389051,0.5968647
0.19937262,0.62383026
0.809902,0.4927034
0.19007815,0.71626925
0.15167311,0.6264397
0.14259282,0.5327378
0.13825852,0.6445481
0.7720804,0.14459082
0.13827161,0.4880913
0.18096732,0.65407676
0.7947435,0.35166505
0.81489825,0.33724135
0.85094184,0.35977748
0.08598952,0.32456544
0.15121144,0.4359653
0.2202481,0.76280326
0.12465394,0.5276377
0.80743104,0.2308316
0.77047807,0.23931463
0.21075174,0.6112963
0.83525735,0.4328548
0.1304978,0.6037428
0.80849284,0.46979624
0.83422214,0.5215626
0.122099295,0.5679735
0.15566196,0.5440637
0.25915685,0.65471894
0.84692204,0.33996594
0.8155944,0.2691892
0.8233087,0.40995336
0.80599093,0.39229125
0.8670935,0.61935526
0.828955,0.34641254
0.13333523,0.5707638
0.13707143,0.58772945
0.86182755,0.47575572
0.9265414,0.54682684
0.85151774,0.47279635
0.14378864,0.5942803
0.11015062,0.5235294
0.8503925,0.2586382
0.2093941,0.61948496
0.13872653,0.5431705
0.1937366,0.6858752
0.13485232,0.60011053
0.79724103,0.30344197
0.16241646,0.59651995
0.78488344,0.2743953
0.8290125,0.32615158
0.145203,0.5651333
0.77137285,0.31841365
0.7820789,0.10178846
0.8913173,0.5897746
0.24008839,0.5330786
0.7766658,0.18347934
0.8671752,0.49201086
0.845372,0.41342393
0.8229117,0.36196244
0.08957579,0.34451628
0.8661618,0.46613687
0.09058797,0.54097027
0.10762254,0.51681995
0.81756,0.370827
0.78870213,0.296496
0.15824676,0.6149828
0.14345786,0.500606
0.17101048,0.48393697
0.114329845,0.4138729
0.77694064,0.1993503
0.17416562,0.5046754
0.81464684,0.33653873
0.8219082,0.30391067
0.1908246,0.6524604
0.22024176,0.6983501
0.8541446,0.3415709
0.17660446,0.52984065
0.20687634,0.7345512
0.17227016,0.64220154
0.8391062,0.424667
0.19230519,0.7968199
0.1644785,0.56675225
0.83426696,0.4729019
0.7783423,0.3550077
0.17085342,0.7100702
0.122365035,0.40851966
0.15043129,0.4318688
0.8603089,0.39193732
0.8799703,0.4711038
0.21505392,0.68300253
0.124623805,0.62875295
0.14016905,0.6231837
0.16844751,0.5971477
0.17670996,0.70839995
0.11560974,0.39802077
0.8558266,0.30469036
0.81802565,0.26462835
0.14314175,0.3838888
0.1587929,0.5074468
0.8073049,0.18407024
0.7463237,0.293474
0.13642454,0.51763165
0.08775568,0.37167722
0.8342186,0.40376258
0.8646785,0.49697295
0.1502417,0.55096895
0.1329878,0.58977026
0.8197375,0.23169453
0.1936196,0.71886945
0.83606803,0.3387022
0.8080597,0.3942335
0.8016907,0.38289842
0.1606483,0.5904159
0.1865962,0.69978505
0.8413233,0.45960268
0.8609181,0.4774238
0.21359514,0.7968848
0.20155643,0.7077056
0.843874,0.4237515
0.193384,0.80409837
0.7718476,0.09951986
0.17298765,0.7293491
0.15286537,0.49553707
0.1382383,0.61518604
0.22410962,0.76080805
0.11143211,0.5329761
0.78377444,0.39861256
0.8080708,0.19346045
0.19940396,0.79913014
0.87028515,0.48576927
0.15474218,0.75479114
0.87393564,0.51294553
0.8446855,0.41036335
0.7728471,0.1954084
0.8425596,0.42163143
0.13389765,0.45212275
0.15586305,0.6635769
0.7578424,0.24886385
0.92009866,0.5284065
0.866468,0.47350115
0.16249657,0.56936914
0.86040884,0.37475488
0.13904859,0.6272023
0.13832358,0.6000843
0.80422795,0.10547761
0.77373433,0.2788869
0.1420086,0.586598
0.82304215,0.39841852
0.2082665,0.80355084
0.1280887,0.45701563
0.91259295,0.6762747
0.1422656,0.63831353
0.25159007,0.8531419
0.1980955,0.77123505
0.17530671,0.67990345
0.23912062,0.77541745
0.16468593,0.6963968
0.19664386,0.573219
0.23047225,0.80612475
0.7922531,0.25243297
0.25619525,0.7645769
0.23672977,0.76954424
0.75457704,0.2593316
0.17908931,0.66323173
0.13508673,0.62231946
0.8194162,0.39966518
0.19260544,0.7566077
0.22041468,0.69976187
0.8281431,0.2866612
0.8599452,0.4187605
0.8202781,0.28551966
0.22508334,0.68661505
0.86941373,0.30864367
0.15765618,0.6594335
0.7398643,0.25858214
0.23762575,0.6756843
0.15780056,0.51986915
0.785215,0.19137277
0.21461605,0.7960358
0.8254683,0.3201728
0.15862592,0.5579635
0.12884824,0.40951005
0.23886639,0.67275816
0.12655655,0.6694063
0.13074052,0.5786607
0.17674169,0.6281918
0.1545982,0.6477029
0.18202472,0.6830249
0.81705236,0.2849686
0.7815494,0.25755274
0.054546017,0.34618607
0.17252916,0.71653163
0.16952354,0.74856925
0.8281546,0.3865845
0.8433429,0.3159313
0.78700614,0.29361898
0.12592314,0.48513544
0.16323508,0.5928251
0.7929686,0.27986637
0.17691065,0.4690485
0.75453854,0.23268625
0.20566942,0.74409604
0.14974394,0.646419
0.86666673,0.38118437
0.8375728,0.32380718
0.11976913,0.5466118
0.16280991,0.6382474
0.20833036,0.7332765
0.14089487,0.5206576
0.25549918,0.885123
0.8432005,0.4491638
0.83960754,0.27747774
0.88858813,0.53990936
0.14789885,0.43873107
0.10835273,0.56741285
0.8642473,0.24569595
0.11611386,0.30683237
0.8246116,0.35805732
0.83751774,0.39834228
0.82650703,0.43272164
0.8017066,0.19702214
0.15779103,0.54274434
0.80094033,0.29696122
0.8642743,0.53982085
0.10875094,0.46182176
0.16188854,0.57303244
0.13799834,0.56910455
0.1657711,0.63777035
0.76755255,0.15199454
0.23905121,0.8264146
0.23223683,0.6664022
0.8495287,0.425003
0.82681245,0.38059258
0.24701858,0.83327955
0.16084939,0.5218316
0.21168777,0.6337106
0.11713992,0.536964
0.84361064,0.31380418
0.8137703,0.3223091
0.86903816,0.39050186
0.82814986,0.24925938
0.7690498,0.22679903
0.14206055,0.52402174
0.14683312,0.727702
0.8541287,0.4049952
0.13207635,0.5488887
0.862925,0.4504547
0.13000122,0.42695183
0.18747987,0.5162256
0.9087477,0.630424
0.84247077,0.37514383
0.21082354,0.90534014
0.1676598,0.525745
0.11524049,0.5245202
0.83497536,0.4165449
0.11943121,0.52442473
0.77679706,0.15613267
0.16936211,0.5424158
0.20144458,0.73980767
0.88928103,0.61072594
0.110804655,0.24944468
0.81434065,0.44919798
0.8840123,0.47731954
0.8224817,0.40882453
0.1385667,0.5111925
0.79433733,0.23549363
0.81405824,0.35196772
0.14447282,0.49307573
0.13301873,0.51805305
0.097200476,0.510666
0.82862103,0.35029006
0.23478156,0.8432825
0.8287761,0.568988
0.17071539,0.47098333
0.816407,0.35522804
0.13664228,0.60476995
0.7523785,0.13575518
0.7787691,0.22917144
0.90024406,0.5879007
0.116009146,0.52034575
0.76997435,0.1491854
0.23214482,0.7861064
0.14554489,0.7536119
0.12905131,0.5313405
0.14025553,0.5977609
0.1915766,0.5157551
0.17465387,0.6913905
0.0901152,0.3560393
0.13180585,0.4844845
0.11084273,0.43330073
0.77697873,0.29995212
0.19259116,0.6812894
0.8529587,0.44859216
0.93506444,0.61061734
0.12810734,0.59818494
0.15862474,0.63773227
0.8187816,0.282937
0.16808817,0.73389065
0.15660433,0.51905614
0.14650512,0.6366735
0.8552523,0.56609434
0.83211887,0.2683048
0.12992428,0.6993593
0.14774615,0.62819487
0.7808303,0.21830286
0.18122631,0.64610887
0.17382294,0.52950597
0.2219496,0.7588815
0.83812493,0.23797818
0.21372801,0.7165255
0.78132176,0.14317466
0.17608409,0.6522887
0.91365826,0.58662254
0.93301666,0.77437055
0.8682366,0.36895612
0.17448331,0.6845378
0.19415782,0.6736706
0.1531438,0.54054624
0.85735404,0.37479472
0.14291726,0.5480831
0.20524105,0.6141615
0.16084146,0.56486523
0.75744265,0.32990992
0.7750369,0.2624973
0.16568701,0.5912153
0.14357209,0.6239893
0.76355976,0.24141546
0.8360121,0.49161136
0.16170768,0.52047276
0.1553391,0.49605656
0.8651866,0.26925403
0.83009255,0.416403
0.83177423,0.5027095
0.82208747,0.36531517
0.20823953,0.87859625
0.13810265,0.5297215
0.85801995,0.404014
0.14652812,0.5697388
0.79087955,0.2879683
0.17866492,0.68733513
0.14793494,0.56604177
0.14702192,0.6124181
0.14733882,0.5862642
0.8495584,0.30767822
0.8123222,0.17825925
0.88121766,0.57370174
0.11953116,0.5754556
0.76022494,0.2579251
0.15766926,0.62419295
0.1604726,0.52839863
0.821629,0.30940583
0.21038407,0.71703625
0.8675445,0.32274538
0.7441653,0.31319574
0.20995612,0.7508541
0.76395243,0.2650883
0.15437849,0.5522449
0.88592994,0.49899012
0.810961,0.33139488
0.82050496,0.40469253
0.79426676,0.2838976
0.8575317,0.35304835
0.16587104,0.599464
0.19852306,0.72619605
0.8051961,0.28234872
0.2580217,0.7234505
0.1985175,0.7667154
0.16267584,0.7196159
0.23554744,0.89852077
0.8876941,0.46830165
0.21701959,0.7438358
0.121264406,0.5386916
0.8789795,0.45941082
0.25262287,0.65917635
0.7793148,0.33389693
0.1603302,0.5730666
0.20644085,0.67649287
0.1625751,0.65131885
0.7671583,0.2562062
0.7626293,0.23464252
0.91309667,0.50882626
0.7554405,0.16172335
0.83395046,0.33016443
0.14975068,0.5350296
0.8437407,0.39476615
0.2090538,0.6524297
0.7404124,0.270449
0.8880765,0.377023
0.14269158,0.6675341
0.17210358,0.64171666
0.8561344,0.48344108
0.8767045,0.4657755
0.8390697,0.2885671
0.11836509,0.50781
0.12712531,0.4842195
0.86720973,0.42749542
0.2013724,0.7272141
0.81140363,0.29755387
0.1682127,0.74040776
0.8529844,0.40837467
0.10598925,0.4917778
0.83344716,0.348742
0.17024104,0.7073587
0.84193134,0.4674821
0.23818222,0.4820604
0.21037059,0.77779114
0.15903087,0.7752151
0.8401148,0.33033964
0.883814,0.35619304
0.18069206,0.6795276
0.21990383,0.844036
0.19761162,0.66587704
0.7706768,0.14187764
0.14743797,0.55897796
0.7812991,0.22636494
0.7898444,0.37167153
0.2262732,0.6658954
0.23836584,0.76467854
0.8119101,0.26925316
0.8518846,0.25281626
0.16331401,0.6077416
0.13487731,0.50802153
0.8875882,0.37630245
0.11145472,0.66280943
0.7907947,0.31627384
0.09226926,0.25246844
0.15689348,0.7265167
0.1998216,0.76668036
0.78352696,0.28429797
0.8582012,0.3913407
0.77850336,0.32386544
0.14471991,0.52436864
0.87542456,0.6436523
0.18429062,0.786431
0.87697655,0.47725952
0.15597212,0.5559389
0.89428836,0.652392
0.14257339,0.572021
0.8343693,0.38356334
0.87174314,0.64037627
0.20580228,0.64990836
0.7758733,0.29610485
0.2025944,0.77484447
0.79043734,0.29758936
0.18564351,0.7147112
0.8684674,0.4609746
0.87898505,0.4663353
0.2179334,0.7985134
0.14561509,0.55962366
0.12195334,0.46426252
0.8343059,0.31280282
0.12370205,0.6384931
0.20941274,0.8064629
0.16883421,0.6792389
0.7666023,0.27652764
0.86772734,0.42080134
0.16422069,0.47451565
0.14400877,0.6116874
0.84078944,0.38613462
0.7663028,0.14652477
0.16267386,0.50303274
0.24121678,0.72242194
0.83599865,0.3409454
0.22456773,0.6996541
0.16689116,0.5369614
0.90631163,0.549979
0.1600732,0.6815723
0.8037175,0.3250911
0.7949573,0.30428123
0.15260756,0.5851752
0.16121785,0.7154983
0.7912195,0.40279582
0.14808011,0.61766356
0.874953,0.48945886
0.15804765,0.61297965
0.82276845,0.43738016
0.15240131,0.46183753
0.86864746,0.58655417
0.15349203,0.68136734
0.8719113,0.42280975
0.13104434,0.4983221
0.19751523,0.69778717
0.8500276,0.32461098
0.8828022,0.4921274
0.88630396,0.6270205
0.17590839,0.5506693
0.86592543,0.53305143
0.17107989,0.612878
0.13370608,0.45397478
0.23967549,0.720124
0.21216254,0.8353751
0.85634226,0.478663
0.14504832,0.5716377
0.8239508,0.49742675
0.82123476,0.2838652
0.20127125,0.72397524
0.8436987,0.44780633
0.116935655,0.2561611
0.20877735,0.74085194
0.12831795,0.49963227
0.23448925,0.76740396
0.8623685,0.44640198
0.8632978,0.48903745
0.8224968,0.32605127
0.94437915,0.6889831
0.9068919,0.42463768
0.8889268,0.478083
0.81796575,0.36900124
0.9330516,0.59762865
0.843216,0.48288962
0.17916664,0.6261173
0.8249646,0.3059874
0.82235086,0.33906314
0.78657067,0.2534225
0.19817165,0.75100344
0.19473729,0.6775617
0.15517966,0.72108287
0.7748512,0.14290702
0.858014,0.38172972
0.13390915,0.56773347
0.81907594,0.36689693
0.22618316,0.83175164
0.82891774,0.34537527
0.1745444,0.6135189
0.15376411,0.46407986
0.0955061,0.37715444
0.16831464,0.6539423
0.77882224,0.21809654
0.88896096,0.47063816
0.8115837,0.2794025
0.19214535,0.8579537
0.148445,0.68741226
0.851653,0.43815288
0.85678923,0.30599177
0.81454724,0.3695422
0.120080486,0.3782675
0.13832594,0.5309681
0.8723214,0.33368668
0.23497273,0.61801225
0.8412531,0.3592755
0.189085,0.6767066
0.21506383,0.7612916
0.8512968,0.40357947
0.13751882,0.61204094
0.82339436,0.37864465
0.79564184,0.24676389
0.16060705,0.56105167
0.14964478,0.41458383
0.13110225,0.46447584
0.13406938,0.45136276
0.20359626,0.79376066
0.8506971,0.41949862
0.22503415,0.71326214
0.17382017,0.7010186
0.76917,0.20090708
0.834146,0.3991277
0.18003327,0.63690484
0.8418365,0.4746151
0.8194476,0.2653139
0.8373341,0.3335268
0.1586989,0.50721866
0.7877871,0.22226009
0.16006607,0.53912437
0.86438817,0.6916148
0.8129608,0.34375805
0.9216574,0.570282
0.7457565,0.22449628
0.88965464,0.40589932
0.75473213,0.1402179
0.81655854,0.15375106
0.22310339,0.8262661
0.18706937,0.60221225
0.79133964,0.28047875
0.7885617,0.28998414
0.21641156,0.8540626
0.21940726,0.7438218
0.793811,0.39653102
0.11862805,0.50858
0.8029639,0.15115175
0.8648609,0.40495753
0.1964749,0.6965944
0.8755943,0.4260236
0.1491613,0.6958966
0.764725,0.14350362
0.22821705,0.8225069
0.20968205,0.80601436
0.7953372,0.21080191
0.14113483,0.25576687
0.8510493,0.3284526
0.7850516,0.3340704
0.8193547,0.3791694
0.15984395,0.5495786
0.19989696,0.55413854
0.8497869,0.34083632
0.85666233,0.5429984
0.8562788,0.42114565
0.22979125,0.7032771
0.8745084,0.53398097
0.21903284,0.80606997
0.9359009,0.6061892
0.18885377,0.63982654
0.7989044,0.18577115
0.79273933,0.34221175
0.8820561,0.42955157
0.13221596,0.69100326
0.73135036,0.23973514
0.82912874,0.41040584
0.8405709,0.27790877
0.8332469,0.3915019
0.21416707,0.82278854
0.8553285,0.5181113
0.15800084,0.6129043
0.77775925,0.26427135
0.88798326,0.47597957
0.15740472,0.6550623
0.8701372,0.4710775
0.16665398,0.6480818
0.87065125,0.4498121
0.14673159,0.66623753
0.15739797,0.5489864
0.83046454,0.34673187
0.12580019,0.5489031
0.7671159,0.28099167
0.19156985,0.6743395
0.80369365,0.2747825
0.82046133,0.3792579
0.79121196,0.4465312
0.8377255,0.45447063
0.16416596,0.6410819
0.17543443,0.5865305
0.21261626,0.84246385
0.1353727,0.5576674
0.11994206,0.6798158
0.8505234,0.46671772
0.85735047,0.37050283
0.8740737,0.40830982
0.20285338,0.7078274
0.1640898,0.6080933
0.8588533,0.29427427
0.7578591,0.31794274
0.85791683,0.3862551
0.83166987,0.33173347
0.13455565,0.31902295
0.817959,0.34056607
0.82087857,0.39705315
0.14709489,0.49616522
0.19477695,0.7406202
0.8330486,0.370636
0.87849605,0.57130086
0.18320705,0.6303697
0.23004746,0.72149765
0.7946991,0.33602625
0.20796983,0.7342586
0.8385997,0.50150836
0.7935413,0.46366152
0.106514774,0.34649578
0.7781337,0.19860214
0.13548613,0.52719575
0.14286014,0.4520715
0.86409146,0.39773735
0.14366251,0.4906893
0.15619303,0.4585146
0.17066145,0.5407587
0.24213694,0.75396854
0.13092813,0.5334982
0.860548,0.38604438
0.21071129,0.7900623
0.1847281,0.59665006
0.78923,0.18913221
0.174801,0.5723355
0.20997754,0.69083244
0.14760812,0.57570136
0.82752436,0.4776818
0.8891192,0.5835199
0.85551846,0.4219354
0.13136244,0.6044892
0.21364115,0.88606566
0.13858454,0.5077259
0.16333146,0.6189983
0.77029604,0.26681855
0.13216282,0.4795719
0.87702537,0.482908
0.78251714,0.16944769
0.22267424,0.8165772
0.7770902,0.20586917
0.20334202,0.70007503
0.8048526,0.31903565
0.7634102,0.2614631
0.106226034,0.36378947
0.17287502,0.7233506
0.186407,0.674675
0.1575479,0.635723
0.1499244,0.4055125
0.15736823,0.6098718
0.8193627,0.26287314
0.76934373,0.155183
0.8489111,0.25850067
0.14515184,0.56991315
0.79480135,0.2746901
0.75462425,0.15428065
0.13760132,0.56423616
0.8007404,0.2244437
0.8240305,0.45114067
0.89621955,0.5293115
0.13086665,0.6935658
0.8346719,0.3569355
0.05775073,0.23338667
0.123981275,0.4196782
0.15409966,0.68428206
0.8900624,0.4745428
0.7831466,0.2270728
0.15558025,0.4823736
0.14853583,0.59280103
0.7953221,0.38892317
0.12855989,0.63694334
0.14409444,0.55670196
0.10533125,0.5394056
0.1510294,0.48035425
0.24045208,0.72835517
0.8108309,0.3066059
0.17160621,0.785127
0.8175505,0.42140713
0.14146324,0.53663456
0.21657299,0.7629483
0.7646394,0.2233311
0.83682007,0.23857303
0.18854283,0.7179093
0.87033,0.38912773
0.23701416,0.6529028
0.12145796,0.56091326
0.18703407,0.68721336
0.86983377,0.46988997
0.20105192,0.7884175
0.8266352,0.38184625
0.12610836,0.51755804
0.09578294,0.2548216
0.08907604,0.46197027
0.12354023,0.36908534
0.21335518,0.719509
0.83599627,0.27822942
0.80225354,0.50272304
0.16586113,0.7043244
0.23381063,0.729
0.11656124,0.45205835
0.8490317,0.38797262
0.20701356,0.89696574
0.1345727,0.37935907
0.86017877,0.47979882
0.1223333,0.39108577
0.8123781,0.2563801
0.86847854,0.51104623
0.13872495,0.6554776
0.9018996,0.57231975
0.141069,0.6823354
0.15665947,0.7082339
0.2367619,0.8386998
0.21059626,0.7461329
0.8520024,0.34586018
0.8146575,0.4118264
0.1429823,0.6026678
0.8419932,0.39348885
0.8365674,0.24631359
0.9209744,0.55439
0.18068056,0.7201231
0.1868183,0.62310135
0.7864251,0.36085638
0.21227041,0.76769745
0.22863232,0.7303189
0.7575065,0.22266527
0.805914,0.2459557
0.22650245,0.79728866
0.15830347,0.6307552
0.7663583,0.22785294
0.1628333,0.5606811
0.93781024,0.669062
0.14192967,0.63150775
0.8471097,0.33024678
0.22055389,0.80785847
0.18430728,0.563163
0.77197254,0.19613424
0.10626808,0.2977751
0.098293565,0.48919648
0.8248135,0.28242713
0.17403592,0.65253747
0.10137216,0.43973726
0.18386821,0.50809556
0.8233555,0.3440708
0.19483684,0.8483607
0.8329355,0.46092772
0.13185345,0.52411854
0.14432012,0.4791422
0.70539695,0.3362435
0.7911639,0.11746538
0.8444035,0.31061834
0.15762247,0.5894172
0.8841447,0.3975963
0.0995231,0.54386
0.17109536,0.76565975
0.84101987,0.35656932
0.104928285,0.5686639
0.14859453,0.6357598
0.74633914,0.11288789
0.13728322,0.5254419
0.14148228,0.54754174
0.84818566,0.35844716
0.14198598,0.4664619
0.8083215,0.2346618
0.84384465,0.26778224
0.22100009,0.6349135
0.7559672,0.22050531
0.87678736,0.6217807
0.20370732,0.69459957
0.77927756,0.36137107
0.941433,0.5405051
0.8632161,0.46210563
0.15802822,0.5279019
0.81189185,0.2088395
0.8964234,0.5962002
0.16433927,0.67178047
0.15972893,0.5986974
0.89552504,0.33026913
0.17390266,0.6209576
0.1304157,0.5451176
0.1882751,0.49661812
0.8095292,0.117614746
0.8783505,0.50320405
0.8538439,0.49550903
0.83463943,0.46039727
0.832076,0.29582757
0.15447249,0.5465583
0.86476254,0.37710756
0.20738085,0.8205462
0.23341599,0.7585714
0.15471165,0.4976922
0.81493515,0.3674094
0.19615601,0.73204213
0.7884233,0.25998867
0.14153305,0.53375846
0.24148886,0.7880649
0.13390082,0.42266387
0.1490804,0.6051016
0.8354803,0.48451385
0.15658808,0.53366995
0.1428177,0.5548578
0.22824997,0.709011
0.10078952,0.4842773
0.12870069,0.52209085
0.1606019,0.60575336
0.78846174,0.19899374
0.83311874,0.47867262
0.88267404,0.3751469
0.14474767,0.5970732
0.16341238,0.6579157
0.85888106,0.4242995
0.122374155,0.56281084
0.19559716,0.7685144
0.18135323,0.67594445
0.21813607,0.7481461
0.796652,0.32135725
0.95955193,0.74825037
0.8064784,0.31767467
0.17061862,0.58766633
0.8198596,0.32090256
0.12530163,0.5766646
0.21093379,0.6842505
0.13236153,0.5553607
0.8313022,0.23040144
0.8572465,0.34557238
0.8019985,0.26183018
0.20649122,0.72965086
0.1798544,0.62953526
0.1125613,0.59270906
0.9030712,0.4681834
0.19918224,0.73375964
0.15121263,0.65800947
0.81503475,0.39943126
0.84946716,0.42209312
0.13311075,0.52971274
0.22061695,0.70800704
0.1500993,0.38602906
0.16796283,0.63392967
0.19082935,0.6079856
0.7525967,0.27002847
0.14302078,0.53232867
0.8705945,0.46615353
0.81765085,0.30012122
0.22745554,0.83000124
0.8579736,0.42460087
0.8623959,0.5137244
0.8597417,0.37823945
0.7337297,0.2630374
0.18586601,0.48130655
0.19004801,0.75932395
0.8410496,0.35926062
0.84783787,0.37242758
0.8265376,0.28210342
0.12500496,0.5016109
0.7590018,0.24856554
0.15496747,0.5189528
0.9175999,0.7128403
0.84090924,0.39816532
0.8470656,0.36511806
0.16265205,0.5917879
0.8709253,0.45871434
0.7858845,0.2359781
0.22216576,0.8104118
0.7880834,0.27107495
0.19535364,0.6285799
0.80880296,0.3622476
0.13943452,0.51012367
0.19858849,0.7631778
0.20870002,0.78282815
0.77792984,0.15527412
0.8489428,0.43368533
0.8114893,0.25702754
0.78800046,0.2194238
0.15792826,0.6837424
0.7452877,0.21774611
0.7359857,0.15198885
0.15192974,0.47388268
0.77002156,0.24465562
0.7885359,0.15447864
0.21481793,0.8517428
0.8601716,0.30133414
0.8326821,0.450039
0.097755745,0.35774192
0.7896425,0.23666932
0.16234505,0.63716936
0.23928681,0.8501304
0.81282634,0.32144925
0.20965627,0.8642834
0.16695501,0.72941476
0.7691212,0.22991523
0.09391247,0.24538977
0.82202244,0.41272086
0.87883276,0.52315134
0.103179574,0.46753553
0.18946299,0.644899
0.8696347,0.47048044
0.19061637,0.5633382
0.78298396,0.21224962
0.82830137,0.31536534
0.81212115,0.31306913
0.12177724,0.3458545
0.1339385,0.50684017
0.12711619,0.6760461
0.8625954,0.5474541
0.09828564,0.3439245
0.15288043,0.5961288
0.21171792,0.77738863
0.8006218,0.24284127
0.7916637,0.2403703
0.14015874,0.6158199
0.114136286,0.42291442
0.87144965,0.46508163
0.8284608,0.47760645
0.88166624,0.31493124
0.8371346,0.24262619
0.21701482,0.7558941
0.8104486,0.27350432
0.20233142,0.79879767
0.22502463,0.6286754
0.9311101,0.6466441
0.114855364,0.6370739
0.7742809,0.21370216
0.15219864,0.50981706
0.15484095,0.73212534
0.85920864,0.3954184
0.82452947,0.3351585
0.86171055,0.42828915
0.74788004,0.2363294
0.12653552,0.5362684
0.8642002,0.4133858
0.83476156,0.2893617
0.14818521,0.57697564
0.18310472,0.6531166
0.08041339,0.3267819
0.8658164,0.46147704
0.12658232,0.5354922
0.84517056,0.38566068
0.84222883,0.4224387
0.84636873,0.45650926
0.8154008,0.5137642
0.23677975,0.7431205
0.89765376,0.63556355
0.21096711,0.7480997
0.23665005,0.75012475
0.7661152,0.26509136
0.822966,0.42303184
0.81331414,0.2719795
0.8661797,0.30516958
0.7564955,0.22110629
0.19874041,0.78594434
0.23043022,0.7553483
0.82910097,0.28503785
0.15513286,0.60678184
0.76395005,0.34509537
0.13411579,0.58125746
0.86281675,0.33114827
0.12796219,0.5888942
0.140081,0.46863282
0.7707819,0.20391685
0.89156556,0.4621744
0.8246338,0.3176243
0.17030926,0.61071634
0.767781,0.26796007
0.89656025,0.47950578
0.79077286,0.2891015
0.1620464,0.6531595
0.85085934,0.38942912
0.1689175,0.6649024
0.82930523,0.38005644
0.84217405,0.37287349
0.04265763,0.19436194
0.20028129,0.7448065
0.84974,0.37798625
0.83509475,0.35405937
0.15417224,0.54064745
0.19928218,0.65784127
0.8469938,0.4628564
0.2179691,0.8283814
0.15940212,0.60406166
0.7747854,0.34010306
0.8708349,0.23880038
0.8268438,0.31097227
0.10988211,0.44208995
0.1450868,0.68565005
0.06801217,0.39345598
0.8451289,0.3387977
0.22737938,0.75764364
0.909019,0.39009973
0.20320083,0.60849106
0.12232894,0.63164574
0.8206989,0.2538601
0.7601849,0.2147311
0.2320992,0.79422766
0.7747675,0.19181518
0.7828602,0.16263622
0.19302149,0.6981941
0.86648744,0.3844425
0.8752017,0.326629
0.83054113,0.39603516
0.8334539,0.2300116
0.7468865,0.28363216
0.1431596,0.63451487
0.8170932,0.2549955
0.8482662,0.48213398
0.15918794,0.46514472
0.81710035,0.40065295
0.1801364,0.6499426
0.8805101,0.33825848
0.13459492,0.52410674
0.8838358,0.38381568
0.8469843,0.23052935
0.14612237,0.612762
0.78479934,0.24693866
0.7641404,0.23135243
0.7819996,0.21578984
0.8345831,0.30458173
0.105994806,0.5199165
0.8718522,0.62096554
0.8544829,0.3200497
0.91111434,0.5730092
0.16270955,0.4016315
0.16333345,0.54993165
0.8900802,0.46978748
0.12900054,0.4783463
0.8327963,0.2201759
0.8856828,0.42304847
0.86041874,0.4562644
0.9032679,0.5249206
0.830624,0.34130284
0.8651667,0.46941733
0.77317786,0.254101
0.76568764,0.18141794
0.8063169,0.40980837
0.83345985,0.35525125
0.18410382,0.7162347
0.14828476,0.55054665
0.18564628,0.6183723
0.8234534,0.4968827
0.7740568,0.26540938
0.85588175,0.40051144
0.103179574,0.43616855
0.18455794,0.8427499
0.85747856,0.31363815
0.12217823,0.31738952
0.7911604,0.14732112
0.8269037,0.31442794
0.82885385,0.3995552
0.17813106,0.74078184
0.8425675,0.428269
0.8082445,0.40782186
0.7789142,0.338071
0.8432501,0.27480397
0.099202625,0.35575983
0.14858025,0.5869081
0.88603705,0.4661531
0.81996435,0.3522792
0.7539523,0.26168913
0.11227573,0.52371424
0.20327976,0.7265951
0.8084016,0.30561155
0.14126651,0.68899006
0.14642619,0.48016983
0.80936813,0.25951427
0.7864703,0.33164105
0.85864025,0.5768578
0.8753774,0.68216896
0.78058404,0.25976396
0.7479201,0.2764891
0.09730835,0.552905
0.8399613,0.31577885
0.83784574,0.41531712
0.84052926,0.24443528
0.8625855,0.35173908
0.88088214,0.49064595
0.12661724,0.4079235
0.18376866,0.6907317
0.86228764,0.56423795
0.16521661,0.7303162
0.771447,0.2107616
0.8794844,0.3712786
0.13500938,0.6205958
0.83315444,0.37368912
0.18828581,0.51034886
0.8189942,0.47536018
0.14424872,0.415622
0.8834919,0.5183982
0.16848399,0.5480262
0.7948684,0.23124729
0.1808749,0.7221416
0.8483114,0.4322271
0.17241018,0.62046355
1.0,0.56426424
0.819277,0.25145704
0.20270267,0.71578264
0.17423622,0.7028557
0.15691449,0.7071848
0.76993823,0.33101597
0.16000062,0.6117562
0.14827564,0.56529665
0.14902169,0.5665087
0.1456734,0.4622182
0.8389241,0.3590775
0.17391337,0.6499404
0.8082235,0.18790089
0.80449367,0.26032904
0.7692743,0.29355633
0.21802819,0.768641
0.087571256,0.38327733
0.15923077,0.68217593
0.24720341,0.7277318
0.0947549,0.35769024
0.8558318,0.5349635
0.12360884,0.59146285
0.085850306,0.38281518
0.23553555,0.8377471
0.8554352,0.33601004
0.17217775,0.6170407
0.1970504,0.731905
0.13335626,0.50329906
0.76556665,0.19334131
0.782625,0.09746153
0.85288566,0.29229656
0.8512809,0.48138365
0.13884869,0.5242075
0.83403337,0.29520336
0.17492516,0.6184096
0.21184285,0.739155
0.12931466,0.41440776
0.15118487,0.6074652
0.8527516,0.3432626
0.13973951,0.5050144
0.7451703,0.2149672
0.79263306,0.40538988
0.21911693,0.88183945
0.8586161,0.4380701
0.12761751,0.6111561
0.115461014,0.5459722
0.14918153,0.659985
0.8483328,0.28249457
0.8691373,0.55405706
0.15892537,0.55227864
0.7999115,0.29633132
0.14353044,0.53794694
0.15098974,0.52610946
0.2149972,0.6392273
0.1681306,0.51501656
0.84197617,0.3379939
0.8318563,0.38905415
0.7826746,0.31283963
0.8191608,0.43485752
0.8023777,0.18484864
0.84581625,0.35747516
0.84269166,0.5596999
0.7816763,0.26955366
0.109433524,0.5265632
0.107276686,0.42549402
0.80570656,0.22329736
0.21730237,0.7398164
0.905307,0.62296075
0.20046611,0.6206361
0.23055238,0.72019935
0.8375994,0.49095255
0.83296883,0.35935217
0.20720236,0.73920316
0.8064276,0.39760333
0.22591664,0.7633145
0.7688043,0.23927696
0.8158756,0.22364736
0.74769443,0.27947956
0.84895474,0.3771829
0.20195861,0.72270626
0.15019569,0.4841529
0.22905393,0.6684518
0.14809756,0.6526584
0.16234624,0.4921852
0.791463,0.3094527
0.14056925,0.42088544
0.85167557,0.6131483
0.16119683,0.64700246
0.14989743,0.5875608
0.12940827,0.5782849
0.15494922,0.7451105
0.88915765,0.4618419
0.79712045,0.41954198
0.1747562,0.6164038
0.8525751,0.24303313
0.2100533,0.59299594
0.75992155,0.20922147
0.15861204,0.45979452
0.18048462,0.5924747
0.18307061,0.66496503
0.82959795,0.31289962
0.14918788,0.67916054
0.15618749,0.6985594
0.14504157,0.58007383
0.8020588,0.24637054
0.83012384,0.27542773
0.87514734,0.4880523
0.19934842,0.7617936
0.80031765,0.35086212
0.8442278,0.36668053
0.21055502,0.72550833
0.17528053,0.6839903
0.14124985,0.5379531
0.7782035,0.2611696
0.8363564,0.3703088
0.14652178,0.60470426
0.8896483,0.6688649
0.8414657,0.3396383
0.8663546,0.3582146
0.8502279,0.66081285
0.13239326,0.5050372
0.9125061,0.5716075
0.84865963,0.39591512
0.7456229,0.2118094
0.12162216,0.5071669
0.14058392,0.7117636
0.15101948,0.5470292
0.1546474,0.7083316
0.84895194,0.325887
0.1664977,0.5135798
0.75870866,0.2149764
0.84893847,0.32568595
0.1454025,0.7202861
0.7421401,0.19729635
0.1810288,0.6245903
0.89112216,0.43291745
0.7999781,0.38257033
0.1368057,0.539548
0.7857663,0.30646968
0.21195827,0.7040577
0.8232468,0.4087343
0.8786182,0.49922183
0.21589634,0.77851176
0.7592013,0.08891148
0.8346668,0.2981185
0.09684391,0.36209866
0.8223774,0.33676696
0.8011192,0.40470567
0.18414783,0.5141431
0.16253583,0.51303226
0.1857514,0.7385527
0.7816089,0.21795505
0.85451144,0.3573753
0.16593133,0.60596013
0.20448034,0.7325853
0.8327491,0.3312144
0.2066213,0.71805996
0.15578015,0.70364326
0.15332347,0.6062054
0.78980273,0.32934397
0.84629893,0.46891317
0.2186624,0.7075672
0.795125,0.12999237
0.12266091,0.35424158
0.8377993,0.3633681
0.8861874,0.5058546
0.85011524,0.3969204
0.7559799,0.24119775
0.8068345,0.3058639
0.87588584,0.5540071
0.19168447,0.7094236
0.827052,0.45789346
0.87238365,0.34733197
0.1402456,0.6073776
0.18704954,0.64314157
0.80958116,0.2462321
0.17524761,0.654863
0.90136653,0.6042351
0.12788364,0.51882094
0.20778936,0.8242822
0.142337,0.44371814
0.8637567,0.3528346
0.77344877,0.20284584
0.23891121,0.8575845
0.16321921,0.5272365
0.16249458,0.57167405
0.801335,0.22116281
0.18419187,0.59943026
0.17358893,0.5548315
0.14169526,0.6883698
0.8780784,0.34800875
0.1309317,0.431528
0.79501003,0.34803852
0.18521912,0.76199466
0.24092962,0.76621604
0.09506228,0.38729587
0.14208713,0.659497
0.8294536,0.45729992
0.19739506,0.7269197
0.78063595,0.260923
0.74836314,0.23455054
0.96004814,0.7740814
0.20120661,0.789446
0.83833,0.33563113
0.8424303,0.4881697
0.13718367,0.49455103
0.16066417,0.5190903
0.21703465,0.77053857
0.12943365,0.6019389
0.79349095,0.24080527
0.851532,0.29709876
0.17450236,0.6338758
0.84700257,0.29299477
0.1706686,0.61178076
0.83302677,0.42431265
0.20963009,0.7473055
0.18282391,0.63528407
0.8546669,0.36778086
0.84069705,0.34646773
0.85625815,0.3482409
0.8300318,0.37907392
0.169681,0.66906726
0.8596453,0.5074635
0.82501733,0.33851779
0.7139033,0.19008888
0.18056831,0.74571854
0.13950987,0.64102936
0.7403819,0.22003223
0.88733995,0.4465851
0.12397334,0.41564608
0.2273663,0.8003527
0.82282835,0.34182015
0.7819619,0.29556957
0.86113626,0.32900056
0.13641502,0.62964565
0.8734145,0.45231462
0.24773608,0.82101977
0.23463878,0.78364116
0.87068695,0.4655153
0.8367324,0.43846124
0.84175247,0.35683388
0.8464564,0.4119591
0.8043215,0.21778116
0.8238267,0.34998122
0.7616215,0.14594437
0.85837334,0.45741686
0.15713026,0.43635166
0.18862373,0.6251584
0.16759318,0.6488685
0.18791299,0.6654219
0.77430034,0.17299272
0.88664067,0.53955364
0.2547797,0.7555805
0.18371354,0.55790305
0.17035407,0.5966273
0.7773876,0.2946304
0.84814405,0.4020503
0.1761539,0.73500764
0.8176913,0.27374217
0.079631254,0.2778505
0.15295143,0.39723668
0.16423298,0.73302466
0.8364429,0.4658171
0.8168572,0.37855485
0.18537697,0.70468056
0.07826092,0.23379405
0.17242603,0.70949763
0.19956261,0.70842403
0.13993901,0.5963163
0.1333753,0.5835475
0.20094919,0.83092946
0.21627115,0.71726364
0.11055795,0.42715856
0.82166505,0.4079572
0.90054196,0.39224568
0.72336555,0.30614817
0.78049594,0.30212697
0.2315007,0.76479155
0.85232323,0.48733085
0.8536579,0.31440604
0.84152836,0.44426262
0.16152802,0.58383137
0.16682056,0.7718715
0.19976369,0.70558643
0.2237126,0.6921299
0.21901579,0.73398787
0.14236793,0.7623753
0.75140005,0.13824806
0.80655056,0.297949
0.14216526,0.6050726
0.8761389,0.5397192
0.8622575,0.4550681
0.22460262,0.74535406
0.1699408,0.69865227
0.83476,0.3243968
0.21949412,0.8326115
0.12608734,0.6480787
0.17020336,0.75568736
0.15911773,0.61135936
0.118604645,0.3965494
0.855526,0.4158721
0.1405625,0.5001321
0.15267141,0.6275286
0.82483566,0.40580907
0.17665602,0.68538505
0.7987621,0.19397646
0.14249326,0.5153714
0.21400484,0.7956845
0.16494611,0.5953526
0.0772416,0.33154163
0.12910882,0.613836
0.13391946,0.5433812
0.8058755,0.24029233
0.14000803,0.62826014
0.80354095,0.3220927
0.0959289,0.28144154
0.23697053,0.70291525
0.23006056,0.8290954
0.23942205,0.83874977
0.8343372,0.30628088
0.7940763,0.26042628
0.19401741,0.7124435
0.8413812,0.36917427
0.25469086,0.9302579
0.12849326,0.74023867
0.16740121,0.5666612
0.7823173,0.217662
0.76848936,0.19846766
0.25158727,0.78582346
0.854705,0.47195578
0.19124383,0.64364356
0.21588168,0.6587944
0.14651066,0.5259342
0.13570903,0.5415117
0.86485535,0.59735703
0.7993038,0.388327
0.16320732,0.5403351
0.13736375,0.5324916
0.23437026,0.7190981
0.80884737,0.28405705
0.8480607,0.3308596
0.82996404,0.40251592
0.8610228,0.43314785
0.21976343,0.68679726
0.17592901,0.53350043
0.8247552,0.27069432
0.82276255,0.3865867
0.15403779,0.486068
0.79439723,0.24998872
0.15576786,0.6067188
0.8382999,0.24368624
0.14570037,0.5638253
0.7826659,0.19051991
0.8643929,0.40143308
0.8476844,0.4283176
0.16327593,0.686594
0.18110019,0.5732887
0.7965358,0.3966966
0.14589114,0.54376495
0.17374441,0.7437009
0.23044091,0.7228486
0.9197798,0.6536431
0.7466402,0.20146646
0.7978078,0.35488373
0.12877208,0.54029834
0.82839817,0.32835138
0.82874995,0.4491095
0.15740472,0.5263249
0.21799608,0.59756994
0.0971148,0.42666447
0.84457207,0.40872422
0.18886568,0.70506865
0.8014991,0.290777
0.85213405,0.32967076
0.81723243,0.27028736
0.77085006,0.110636376
0.12785588,0.52746385
0.19335465,0.54754215
0.16583376,0.5439686
0.7940065,0.20710883
0.81046325,0.3464572
0.74646175,0.26343647
0.17508262,0.6733648
0.8329153,0.3796644
0.15930812,0.5637964
0.7663159,0.26501253
0.16888142,0.5177377
0.11448611,0.45608
0.18797447,0.69844556
0.82480794,0.3956037
0.8449203,0.51253206
0.8453066,0.2871715
0.16757573,0.53636914
0.20056567,0.74402463
0.23233756,0.8172995
0.23764995,0.8011942
0.7930356,0.39466846
0.14700288,0.6490446
0.12193668,0.4976037
0.19086742,0.6383665
0.8011065,0.23621508
0.2069041,0.8133497
0.7930899,0.36434317
0.87983423,0.44205272
0.8282217,0.32869393
0.17169149,0.6178563
0.19331262,0.7761665
0.7446428,0.2756958
0.78241324,0.21316819
0.14454699,0.64017344
0.82728326,0.39604303
0.8909151,0.62376195
0.8752013,0.41085133
0.16630495,0.5944117
0.8332306,0.45366594
0.8455791,0.51372
0.7732683,0.12554453
0.80060595,0.18441279
0.2411684,0.6501651
0.8649426,0.33198097
0.106579825,0.42752084
0.16970679,0.7438091
0.9159246,0.6667352
0.8237025,0.4574519
0.75704324,0.25575855
0.86013716,0.45879844
0.22271906,0.728243
0.803401,0.26642826
0.83193445,0.29541406
0.17512941,0.7840266
0.138203,0.6595929
0.22175765,0.82648385
0.7743888,0.35859436
0.18417877,0.64429975
0.14667566,0.6287871
0.78918993,0.24275672
0.72683996,0.20426814
0.85339177,0.45480922
0.83386046,0.30908957
0.86768764,0.4702299
0.13570823,0.63374746
0.19619408,0.8696296
0.12515329,0.46889082
0.21809444,0.7424998
0.14025672,0.70433843
0.8882137,0.6383845
0.17820562,0.617424
0.83215934,0.48878604
0.8404956,0.43993568
0.12244317,0.659564
0.14400242,0.66470355
0.14798452,0.54688114
0.86905,0.39570707
0.78418416,0.25500205
0.16106199,0.5354966
0.21491589,0.6458793
0.8313566,0.4146009
0.11762102,0.32045445
0.7761783,0.32482257
0.14343843,0.5228128
0.1628091,0.3452075
0.16177669,0.50087583
0.15428369,0.46510267
0.81411177,0.29749122
0.8515732,0.44806126
0.8729834,0.42536175
0.837325,0.30702686
0.1115979,0.50101864
0.88842946,0.68485063
0.925367,0.59983724
0.824,0.32147288
0.8089497,0.30028284
0.7867166,0.31567723
0.7938126,0.26498273
0.22011879,0.69061214
0.18381587,0.77142256
0.8641073,0.4237007
0.80020577,0.34887782
0.22007239,0.8182807
0.8226257,0.35687768
0.87641615,0.5614161
0.18799865,0.58175504
0.82427603,0.39683807
0.85875493,0.34704813
0.18373932,0.7192383
0.8366872,0.35811207
0.2425538,0.7203728
0.19924094,0.6902954
0.2573657,0.8086062
0.22869815,0.8632693
0.7245701,0.15201119
0.8546126,0.4096003
0.79991066,0.2469356
0.121780016,0.5602325
0.13652052,0.63431907
0.8415371,0.3477135
0.7842381,0.29289404
0.8539224,0.4325289
0.196016,0.7998713
0.7962859,0.23203927
0.12392455,0.74292386
0.13815778,0.555429
0.15798697,0.60584885
0.15704419,0.52927905
0.21458788,0.80219555
0.20821771,0.80356437
0.7905468,0.24072336
0.8837755,0.47103107
0.15367725,0.58184266
0.82704765,0.40314144
0.2022775,0.6915114
0.21714927,0.7882064
0.10593848,0.42034796
0.15172666,0.61762375
0.17580685,0.6784369
0.8073355,0.23857653
0.8864801,0.5024668
0.17284408,0.55560815
0.20282364,0.79359686
0.1543765,0.65642816
0.2169006,0.8099926
0.75345814,0.22469208
0.84391963,0.43740776
0.78591347,0.17454512
0.12487685,0.5595422
0.15037537,0.56074154
0.82673395,0.34940216
0.1470588,0.637356
0.15006402,0.48884997
0.212694,0.70297134
0.8446181,0.37343726
0.8402425,0.31984165
0.21354993,0.69792736
0.8355576,0.28947076
0.8674497,0.47233686
0.24924126,0.7035403
0.12592235,0.4666323
0.8354933,0.46901697
0.754345,0.14764526
0.89901775,0.50359166
0.15928948,0.6558736
0.84563065,0.37089005
0.16197501,0.43328014
0.23378049,0.6807909
0.12212111,0.52325296
0.18219368,0.7031755
0.7394181,0.15108123
0.83251035,0.39280593
0.85153043,0.30053338
0.749108,0.19078273
0.14760654,0.5177219
0.81208545,0.3542512
0.1604492,0.7118319
0.82626194,0.26152706
0.8307259,0.39341176
0.1318832,0.4912745
0.14299302,0.649734
0.791135,0.26662186
0.2061521,0.81238514
0.24794906,0.7662826
0.19693974,0.76820034
0.8548708,0.25201902
0.8273705,0.37000522
0.16988686,0.77496934
0.2197547,0.76401097
0.1569256,0.749571
0.8306688,0.3688405
0.84164494,0.30213222
0.8492022,0.520563
0.18538055,0.57690775
0.17444842,0.58254176
0.22085652,0.8981905
0.20015198,0.6989677
0.86430407,0.4754145
0.19388573,0.7515111
0.10623476,0.31996953
0.8488231,0.36960793
0.78896624,0.2711735
0.83999026,0.453411
0.14814793,0.46922943
0.14699732,0.53204834
0.20231993,0.6424609
0.16108419,0.47239643
0.22094536,0.87641746
0.24255736,0.68841845
0.76014525,0.19133729
0.8570637,0.43000275
0.912113,0.5707743
0.84579486,0.45996624
0.83742607,0.39729756
0.78741544,0.2826444
0.846201,0.43083984
0.8984319,0.5485115
0.22239263,0.7539002
0.7555333,0.2241638
0.20509629,0.79090816
0.14196219,0.57996434
0.8535754,0.46878305
0.1736992,0.54439265
0.85652035,0.5557821
0.7964993,0.2844053
0.80816245,0.4684405
0.75270694,0.3381205
0.84162754,0.4404193
0.15118884,0.5865042
0.24848847,0.7137751
0.86173075,0.40064636
0.19292353,0.79573494
0.18820132,0.4706298
0.9191317,0.55181956
0.7505965,0.3032558
0.14518872,0.5102126
0.13922589,0.40969884
0.15674831,0.65499663
0.12494467,0.6122205
0.13764296,0.4746926
0.77691764,0.285634
0.7777089,0.1623677
0.076076314,0.35711336
0.20215692,0.742442
0.80784553,0.33587775
0.859821,0.4271494
0.14827801,0.72846335
0.83190626,0.43107507
0.14097142,0.6711532
0.20757757,0.93092066
0.22094695,0.8710388
0.071086794,0.42330822
0.19531794,0.65502375
0.20975582,0.7283775
0.16771653,0.5846391
0.15435469,0.5987474
0.7833636,0.27066275
0.22100009,0.72107714
0.19667955,0.63592273
0.78713626,0.27936307
0.8191973,0.40277568
0.828115,0.31855205
0.8785599,0.39734706
0.18158525,0.59249574
0.7577635,0.15038475
0.14705166,0.5400119
0.7937563,0.27157387
0.77039874,0.26163
0.17005423,0.81248856
0.85532254,0.3509182
0.15240726,0.72113764
0.15521377,0.6254445
0.847091,0.37005517
0.1477981,0.59415936
0.21343173,0.81840116
0.776757,0.24515148
0.10053251,0.3974995
0.8145001,0.2560275
0.18057546,0.43913627
0.8340362,0.38505006
0.14541084,0.7255986
0.11933523,0.43587595
0.81364334,0.26236984
0.85304195,0.35789263
0.7658943,0.25072375
0.85774434,0.43414703
0.84724134,0.54498094
0.08572735,0.39075944
0.22515473,0.6876374
0.8483491,0.51408005
0.118490025,0.39259437
0.870531,0.47897705
0.83826613,0.56429666
0.13988468,0.5526238
0.7828103,0.15162264
0.16994794,0.6308029
0.17303208,0.6845484
0.18805498,0.58014834
0.20304218,0.7411279
0.82661927,0.33292714
0.217041,0.84858894
0.8625514,0.5791487
0.7664075,0.32466748
0.74663186,0.30876675
0.24007252,0.8686147
0.14501025,0.45244515
0.12583469,0.49728483
0.78900355,0.2627343
0.19265184,0.67963624
0.7938701,0.28481838
0.17763726,0.680843
0.14695965,0.53214735
0.8205549,0.25802407
0.24098554,0.7905946
0.20944329,0.8089632
0.84720445,0.3563976
0.21781799,0.8331985
0.8801404,0.49671274
0.8352339,0.4586184
0.77544934,0.19515215
0.23251328,0.8417617
0.8727553,0.3736716
0.1756375,0.63862103
0.1491141,0.43775162
0.8752592,0.41862386
0.13892762,0.5817778
0.13632974,0.4887742
0.8459059,0.32059726
0.86271006,0.6721072
0.16962588,0.5833162
0.066147245,0.37039858
0.15203127,0.4388546
0.8632748,0.45121118
0.24117038,0.70224684
0.8906228,0.5011404
0.8653646,0.5743715
0.80297816,0.3216665
0.81625634,0.38564184
0.15351622,0.6183675
0.7923554,0.32623437
0.857966,0.46685
0.8412765,0.41107604
0.20348442,0.8510459
0.25247136,0.868729
0.8263785,0.4115951
0.16560213,0.60184914
0.21670982,0.7407748
0.14010797,0.4205315
0.21726826,0.68329734
0.81322414,0.32828656
0.19559835,0.66038144
0.15868105,0.568578
0.8761611,0.41521636
0.20606008,0.869634
0.12672988,0.5894505
0.18382658,0.6458189
0.8430661,0.32500786
0.16611259,0.7776006
0.19706665,0.85721654
0.7941676,0.33213866
0.8391593,0.3345137
0.7696023,0.25224942
0.81945986,0.30074322
0.21138555,0.7876023
0.8228133,0.3289331
0.9012785,0.5008872
0.119790554,0.48706806
0.7979922,0.2755057
0.7838427,0.24335639
0.21552709,0.71847695
0.7563154,0.12788147
0.13113596,0.50199765
0.78922206,0.14463332
0.24495336,0.7813489
0.8420618,0.34427667
0.83383745,0.4687559
0.8644298,0.54759866
0.20089526,0.60454524
0.81202316,0.15472789
0.16576475,0.6008079
0.2039215,0.7233672
0.14913036,0.59892696
0.8816496,0.54274607
0.772713,0.19345257
0.8288523,0.3777011
0.13412927,0.5748875
0.08142597,0.47858852
0.8332988,0.46150067
0.11719941,0.439792
0.80433065,0.3072345
0.20759185,0.7521033
0.79244226,0.32161614
0.84976226,0.2413769
0.13961695,0.49663523
0.18007332,0.4852169
0.82213426,0.5449862
0.770908,0.2136763
0.118850954,0.44323236
0.21948262,0.73362255
0.14673913,0.50026613
0.14484723,0.7106852
0.8613036,0.47094214
0.1805104,0.6384169
0.8354759,0.464846
0.8530094,0.54334706
0.2548158,0.734818
0.8570157,0.38336888
0.16281784,0.6630092
0.081366085,0.3408337
0.14728527,0.549929
0.18431085,0.713274
0.19221476,0.66341305
0.17512822,0.6053197
0.76521325,0.25354558
0.16291223,0.5771596
0.8768925,0.29986933
0.96938145,0.64327914
0.852023,0.4679048
0.15952586,0.6678022
0.1282771,0.5503714
0.1568201,0.58872026
0.83965075,0.5088744
0.90832055,0.35877526
0.14989743,0.5995902
0.72425956,0.30337232
0.23072015,0.8242117
0.72669876,0.17630166
0.9203267,0.73423666
0.18611191,0.6184919
0.815845,0.23622866
0.85388476,0.34427184
0.8363104,0.3859778
0.23318516,0.81082577
0.1345604,0.6280722
0.7725072,0.31329167
0.15418255,0.49338016
0.17279965,0.6113935
0.19081388,0.62331647
0.83880436,0.26524293
0.20341976,0.69915164
0.80675876,0.25913012
0.13456318,0.6249963
0.8324945,0.34114078
0.7501959,0.119233735
0.7495205,0.1241196
0.15314458,0.51979643
0.8307779,0.52273697
0.81893474,0.28483415
0.11712009,0.5965134
0.8451876,0.3920696
0.15709218,0.57521427
0.17624868,0.73949224
0.784538,0.18650267
0.8848579,0.35253236
0.16545855,0.67815304
0.1587822,0.61256355
0.78877985,0.23431794
0.20028526,0.75431806
0.14015755,0.71334934
0.84769744,0.45766917
0.7582926,0.20358218
0.76870596,0.26907706
0.2104864,0.6964095
0.8426052,0.4376741
0.24363498,0.73945457
0.8784568,0.32600394
0.12988818,0.50095993
0.8282391,0.34543878
0.8407724,0.34409183
0.13666092,0.6610433
0.8944839,0.51986694
0.88366127,0.40805182
0.84290105,0.40692258
0.79941887,0.3145103
0.1333753,0.5334842
0.23816516,0.80841476
0.7861986,0.10974234
0.153519,0.6681535
0.16659091,0.6560251
0.15283047,0.5054608
0.8584261,0.43278384
0.1140292,0.49429828
0.86921185,0.44596395
0.11802082,0.5300719
0.21834826,0.7753456
0.74850196,0.12193818
0.17331289,0.6286912
0.80180496,0.4234773
0.8037912,0.29246256
0.1519333,0.5425875
0.8495461,0.43574452
0.8417219,0.2783201
0.8100813,0.4438662
0.75587994,0.19928636
0.78622794,0.2843098
0.20683628,0.73151034
0.7574533,0.2866012
0.20528151,0.6807935
0.12545314,0.53607786
0.8474277,0.42594478
0.9082928,0.6158803
0.85974133,0.52875954
0.1448746,0.5229534
0.7728368,0.18800952
0.1389066,0.36921895
0.15749475,0.52487415
0.14052403,0.6438569
0.92733586,0.6679643
0.82692945,0.37833408
0.85795176,0.33499947
0.14755815,0.6569871
0.22995743,0.84137005
0.84269446,0.309935
0.12526396,0.41943684
0.7825207,0.295736
0.74432117,0.21615472
0.08755856,0.3654987
0.2197297,0.67868
0.8529658,0.4186751
0.20927432,0.8196241
0.8441465,0.4476228
0.8409636,0.4253118
0.83941156,0.4486789
0.22429961,0.7806835
0.12945546,0.50799614
0.7630501,0.06748182
0.1489975,0.50377876
0.24676831,0.8544021
0.73360914,0.25790536
0.22353372,0.718265
0.84621525,0.45183232
0.14309415,0.6414937
0.8545348,0.48023203
0.77077436,0.29437327
0.22908288,0.68198586
0.21567066,0.90490913
0.17005026,0.67115146
0.8564874,0.2695208
0.15441298,0.60455793
0.84579843,0.30994242
0.17987382,0.6472039
0.82394564,0.40064505
0.08797898,0.46095183
0.8454486,0.4041778
0.83544815,0.3616698
0.15180162,0.50578713
0.22448522,0.77407265
0.1744623,0.64041525
0.87495893,0.40776098
0.82117563,0.29018345
0.7472391,0.08509005
0.14606011,0.6119236
0.1360422,0.5482176
0.20274986,0.65024084
0.82009405,0.24327667
0.15243423,0.5689845
0.86180454,0.35702488
0.8124384,0.3871557
0.043736447,0.3274959
0.86396056,0.4148322
0.11569303,0.4362163
0.12533931,0.57868266
0.8318968,0.46941864
0.83741814,0.30833396
0.7938225,0.30504256
0.8069587,0.31823316
0.8313578,0.40549195
0.22433054,0.8675647
0.13788371,0.65763754
0.18045884,0.5726084
0.8146207,0.38144457
0.17249584,0.6666396
0.22023104,0.65204686
0.07797852,0.3639489
0.16376576,0.6704295
0.16353057,0.57673955
0.13088965,0.40457293
0.78567153,0.27741337
0.78752095,0.24041016
0.15939061,0.5594914
0.05056511,0.39673558
0.17922297,0.73704976
0.22444636,0.83881456
0.87205565,0.39882982
0.20648368,0.73647505
0.04368568,0.32882667
0.7469274,0.25385833
0.81343913,0.2732866
0.82918066,0.4004028
0.82364064,0.28260148
0.82929015,0.36074513
0.80597186,0.2566044
0.17608885,0.5177236
0.8747654,0.5400631
0.94464886,0.6275045
0.8501708,0.45914844
0.8563073,0.49980617
0.7611463,0.2267964
0.8773625,0.33165902
0.0883649,0.34180528
0.74481416,0.30538553
0.1719128,0.64813256
0.18020937,0.5994645
0.7672543,0.30285192
0.15976898,0.40681744
0.8616685,0.39178312
0.19374652,0.6749028
0.82052636,0.17970784
0.80707884,0.4027367
0.24197195,0.8342388
0.7671555,0.15589043
0.85994875,0.34585053
0.15697993,0.6224347
0.8314989,0.5153197
0.14986768,0.4464116
0.14006434,0.60165423
0.7872243,0.26504976
0.86807674,0.30925953
0.81747234,0.34887868
0.7975428,0.17500332
0.07108759,0.24915601
0.21351224,0.80477643
0.15891069,0.5559949
0.85063523,0.32380894
0.18261965,0.6924685
0.77501976,0.23180228
0.8294805,0.39752972
0.13805188,0.49649635
0.13148062,0.389055
0.77955836,0.19873399
0.13094003,0.59341776
0.7872322,0.2362786
0.83374107,0.5235416
0.09041068,0.29897487
0.84432656,0.39178136
0.17096408,0.64659417
0.7395125,0.18944672
0.12678184,0.52522725
0.21158227,0.7523434
0.91201866,0.7000321
0.18788919,0.81915456
0.14271736,0.5559555
0.78598285,0.36445794
0.21508764,0.73402554
0.21765101,0.76002216
0.12016972,0.52242815
0.100323886,0.35157305
0.17292696,0.7664232
0.20155168,0.8852159
0.24771386,0.82874936
0.17581558,0.7292685
0.77864176,0.27086994
0.79915315,0.40466055
0.86513734,0.37543863
0.77686054,0.30100167
0.14798094,0.6444075
0.16557755,0.6204565
0.15103218,0.51552033
0.20204428,0.746535
0.75806534,0.16481239
0.8377906,0.4130577
0.16447294,0.4486281
0.16874458,0.6697611
0.15590706,0.62674934
0.13570942,0.6041037
0.84246796,0.3549801
0.14185074,0.45069432
0.18636575,0.7294507
0.13016543,0.6219213
0.7609456,0.26738974
0.11768448,0.34365422
0.17161772,0.49116018
0.22143003,0.66418314
0.7857013,0.23862122
0.88914734,0.5013936
0.232898,0.67283744
0.084281266,0.4054328
0.07011348,0.43137732
0.7895033,0.22090743
0.1358189,0.519135
0.14115863,0.6509877
0.0981722,0.46048224
0.20900978,0.6090763
0.8429729,0.378119
0.856092,0.2738495
0.14538544,0.5830083
0.85452807,0.4482641
0.16686617,0.7049075
0.81015426,0.3603132
0.07663833,0.39880267
0.19682908,0.6843416
0.8517026,0.46496075
0.8239151,0.30511045
0.2221511,0.7242775
0.79145306,0.28474915
0.15385295,0.60401434
0.8336316,0.28393397
0.23049963,0.7747157
0.1608601,0.56269956
0.13080557,0.55158305
0.20569083,0.776693
0.18011378,0.550152
0.7721006,0.23468588
0.1309313,0.55583113
0.14105591,0.6915557
0.8353165,0.26791146
0.8259792,0.34838897
0.8834542,0.3944858
0.8429705,0.3178915
0.83227396,0.45121908
0.23502985,0.7366888
0.21150255,0.75339645
0.8583777,0.4761307
0.84905154,0.3913845
0.16874775,0.61843234
0.15737894,0.41408578
0.8271111,0.38433912
0.14195426,0.6983544
0.76750976,0.29202846
0.19673507,0.81137854
0.12361241,0.5157796
0.1478794,0.6183662
0.8607618,0.41796944
0.15046144,0.6854463
0.8577903,0.35977048
0.82939726,0.524925
0.13349071,0.6021413
0.20218468,0.7698754
0.81928456,0.30944088
0.19112207,0.6474221
0.20253848,0.85313576
0.23036318,0.738271
0.14433518,0.5218083
0.79791486,0.25193143
0.1496769,0.518644
0.1547053,0.52315354
0.8773347,0.39729145
0.9527828,0.70469546
0.17719226,0.7449151
0.20147195,0.5942794
0.8255488,0.32354304
0.79887193,0.22844474
0.1915044,0.69936806
0.125423,0.5218806
0.86902666,0.5488598
0.77440345,0.22712493
0.16044246,0.60670304
0.07967766,0.37725255
0.18521753,0.6733924
0.16746587,0.7154247
0.11925868,0.50141114
0.8326353,0.25300768
0.8080248,0.25973198
0.854444,0.34599686
0.17712998,0.7294069
0.20047325,0.65981764
0.92247283,0.6988135
0.77117294,0.2619857
0.8352276,0.29653457
0.19476743,0.62823737
0.14239372,0.677107
0.16008748,0.54566956
0.8517049,0.4431754
0.15896186,0.5222766
0.17315741,0.7100728
0.15079935,0.5624122
0.23419218,0.72605896
0.2328968,0.68246067
0.85028976,0.41656378
0.8287706,0.3730176
0.8307335,0.44626707
0.20728406,0.74223435
0.23941849,0.6492724
0.7769335,0.19753464
0.16284758,0.6122512
0.20636985,0.7615299
0.14188246,0.72872794
0.16254932,0.7466143
0.2110274,0.71309173
0.1414101,0.67366755
0.84470415,0.5028996
0.1922096,0.73432255
0.19886653,0.7248793
0.84998995,0.31602547
0.780611,0.2310042
0.74684566,0.23964316
0.8753774,0.40984383
0.21452998,0.6844914
0.16970956,0.55858636
0.06995325,0.43708974
0.80149716,0.267441
0.13454176,0.6189155
0.14292757,0.5945571
0.849345,0.48930204
0.82946545,0.27613297
0.1979765,0.787997
0.23571602,0.6737884
0.12801136,0.53431475
0.09002199,0.36991325
0.09656112,0.4154967
0.15765935,0.50392985
0.16427186,0.7060726
0.16655006,0.7756785
0.8282843,0.35868853
0.7865992,0.20644563
0.8530856,0.45433572
0.18100064,0.7112029
0.16202934,0.7024435
0.15513207,0.57205254
0.17399508,0.6477725
0.8474634,0.48015055
0.17416285,0.6249972
0.15650994,0.6277529
0.16170928,0.6983356
0.8271472,0.44493368
0.8671201,0.356872
0.1252806,0.45890662
0.79476845,0.3383741
0.85420644,0.3751088
0.1902122,0.5457278
0.2036502,0.7828527
0.20397463,0.6541933
0.83090085,0.44878316
0.78718424,0.34879372
0.17856656,0.6494958
0.81684375,0.3231059
0.83200705,0.47298867
0.84187186,0.3990462
0.11879662,0.525441
0.13175589,0.5520658
0.8734014,0.3291473
0.82635236,0.31140503
0.8586649,0.46543646
0.88098484,0.6137694
0.8388813,0.35161686
0.9007454,0.5646637
0.22328424,0.7567562
0.83935684,0.43031856
0.8321855,0.3082332
0.23066422,0.6932075
0.15097189,0.6184512
0.16235538,0.5766839
0.2541086,0.65839493
0.16772842,0.65478724
0.90766054,0.6173342
0.85527694,0.39184445
0.13924254,0.61706525
0.119472064,0.45127645
0.8069273,0.4027367
0.7894033,0.22053115
0.15514079,0.7163306
0.8367185,0.34995538
0.16241685,0.48402807
0.77528036,0.10707426
0.8309599,0.22435565
0.90484136,0.42729962
0.16260841,0.62420696
0.7435902,0.24152628
0.14666456,0.5067736
0.8338672,0.5044432
0.84045666,0.4116871
0.82264674,0.37769586
0.86898345,0.42307037
0.8140043,0.40258598
0.26619175,0.74543554
0.7842218,0.17026025
0.88287276,0.46224886
0.8056546,0.4192082
0.85933477,0.37302768
0.888464,0.4658399
0.8021191,0.3110752
0.8088863,0.3801528
0.13623178,0.45390645
0.18218178,0.6300916
0.16383319,0.5683038
0.17441589,0.63598275
0.84138834,0.3855608
0.86144125,0.47287038
0.7838312,0.17860661
0.13224293,0.6346331
0.16073754,0.52744853
0.83813524,0.3744859
0.23272903,0.61937106
0.8120303,0.3062844
0.9362198,0.5788574
0.8087296,0.3583013
0.15526414,0.5801124
0.07370213,0.32944518
0.1936902,0.64185023
0.87221074,0.37840196
0.7967282,0.34749886
0.85317206,0.5555683
0.14154018,0.61047804
0.24055918,0.8104473
0.8616467,0.48892707
0.775792,0.23352422
0.84298635,0.28801122
0.21771446,0.6805631
0.12736407,0.48295355
0.13741688,0.5631104
0.19618417,0.6581343
0.11086534,0.39460453
0.72972465,0.38077962
0.98201156,0.80166113
0.21814004,0.6652393
0.79751545,0.38866034
0.13074529,0.55515
0.12148572,0.5294692
0.77275467,0.20421076
0.8095332,0.2403024
0.8515435,0.45150688
0.19737959,0.7278361
0.16495842,0.5672674
0.8884795,0.43050736
0.15632829,0.51338357
0.83121777,0.5243516
0.14075407,0.4734394
0.8231988,0.35744318
0.16299196,0.5305336
0.8366955,0.328782
0.17777252,0.78612834
0.12196167,0.4967215
0.8074497,0.3103082
0.7915046,0.2632262
0.86135316,0.31387252
0.80916035,0.39360142
0.84404695,0.3841766
0.8002022,0.28444692
0.1565016,0.4453901
0.8580921,0.41864443
0.20652533,0.79365295
0.83872104,0.15064713
0.1149807,0.532475
0.15764666,0.56440616
0.19160078,0.502773
0.8522138,0.4560927
0.78213245,0.18706161
0.19462623,0.6466069
0.7896532,0.3053759
0.15100203,0.6738213
0.18784913,0.6280481
0.85480416,0.33832464
0.145274,0.54113847
0.14495154,0.61735
0.15400288,0.60653484
0.8236161,0.23970492
0.15542398,0.5727464
0.7891693,0.2541378
0.8564113,0.34579754
0.75911796,0.10451218
0.18001384,0.7370822
0.1794197,0.758574
0.8517557,0.36034387
0.21815273,0.6280621
0.8218634,0.28074375
0.86127585,0.41465
0.8011434,0.25277945
0.15952943,0.57136434
0.17042586,0.72386134
0.8348373,0.47831386
0.1752024,0.45839325
0.12600802,0.55200094
0.83271897,0.2830316
0.8916433,0.4318114
0.24419859,0.7214092
0.21266624,0.6051594
0.19134536,0.7111924
0.14216249,0.582102
0.8034533,0.3024682
0.17868197,0.75978124
0.7691248,0.23185486
0.17285638,0.5543882
0.13471073,0.4862064
0.77756333,0.36235666
0.79174024,0.253281
0.25785115,0.84893763
0.76971376,0.15193585
0.91252154,0.67010057
0.21625926,0.76459616
0.20767713,0.86132264
0.8526128,0.41021222
0.8620687,0.35622326
0.18324314,0.757404
0.14407104,0.5962681
0.24916868,0.8238473
0.1331401,0.55179155
0.8392192,0.29751182
0.8305836,0.34967417
0.130944,0.40777937
0.82861984,0.31950304
0.14738443,0.4906661
0.8651842,0.54834116
0.769968,0.16764867
0.82169956,0.45625782
0.24531667,0.6398467
0.15742733,0.5931896
0.87808317,0.4664974
0.13084841,0.5537439
0.85370904,0.4181525
0.2168169,0.82586443
0.77576345,0.23386282
0.7699521,0.29373989
0.2240299,0.74087644
0.8236034,0.27767444
0.16740161,0.5530575
0.75335145,0.21179187
0.18017884,0.7066824
0.19709006,0.7856044
0.1721841,0.60051095
0.7915566,0.24981876
0.8707405,0.31871632
0.7778287,0.31219614
0.7388981,0.32796636
0.8459785,0.3345886
0.8111383,0.2789259
0.17900522,0.4538079
0.202335,0.61615497
0.7622505,0.3201036
0.1463889,0.54090196
0.2138458,0.7453917
0.10766974,0.480886
0.22066455,0.65086025
0.15200311,0.3643265
0.8642906,0.453694
0.23758966,0.8157515
0.1624109,0.6090329
0.15491869,0.6185642
0.837883,0.31658044
0.799123,0.26615623
0.25052592,0.81223273
0.764259,0.22171517
0.8647332,0.459512
0.14192332,0.5568233
0.16251521,0.4871263
0.78050786,0.4296523
0.20513278,0.78581643
0.8532843,0.45345834
0.17330852,0.47830686
0.178515,0.5722864
0.75469446,0.2458611
0.14655231,0.4415262
0.1898493,0.7541004
0.15020244,0.51123893
0.15215778,0.6213773
0.7894934,0.20925958
0.75912035,0.21508197
0.77550924,0.2756853
0.24737316,0.90171015
0.1396939,0.53353506
0.20306201,0.6815171
0.78645205,0.28395763
0.75874674,0.30231753
0.80140555,0.4000458
0.16359562,0.70576775
0.19612348,0.6935715
0.22400491,0.80133
0.81021816,0.3092486
0.14553219,0.5346525
0.7698772,0.23198058
0.884468,0.6189597
0.84677094,0.39979658
0.13670772,0.7394484
0.16800368,0.6970789
0.8410306,0.32640168
0.12747711,0.31862345
0.8530146,0.34175226
0.8671058,0.48044667
0.15740393,0.5865971
0.13512559,0.6395142
0.12339308,0.45106095
0.8278163,0.4157337
0.1824495,0.6557435
0.83915496,0.21265525
0.12434934,0.5817507
0.20371129,0.6392899
0.7890051,0.22377351
0.84924585,0.3803508
0.16833447,0.6841173
0.781764,0.31318742
0.7760276,0.1783289
0.8514523,0.43055642
0.86508423,0.5135421
0.16379908,0.49396977
0.12511204,0.51837367
0.8594137,0.2639792
0.8630075,0.5513474
0.08840258,0.309988
0.11314473,0.511196
0.7808208,0.28958774
0.86750203,0.46317136
0.8284112,0.37145776
0.22315693,0.6514586
0.90267104,0.6173193
0.7720546,0.22407706
0.17279053,0.6062098
0.05425926,0.2802904
0.81560826,0.21574298
0.1269972,0.4653931
0.22525229,0.82511187
0.20217516,0.77691376
0.13950075,0.5699894
0.1984124,0.714981
0.17494538,0.6724962
0.23982462,0.7562174
0.1464242,0.43091166
0.15488616,0.582674
0.21050267,0.75276566
0.82098806,0.3728757
0.16265918,0.6424162
0.13867061,0.62645763
0.8053143,0.2926728
0.7841873,0.2086564
0.8239151,0.29492915
0.15224385,0.49498862
0.7919893,0.23771273
0.13104673,0.60296655
0.85692847,0.4749988
0.8476546,0.38729674
0.23481727,0.7979063
0.13472897,0.48295268
0.17919639,0.6753772
0.88940316,0.5361396
0.223667,0.6924948
0.7740675,0.31184176
0.11032751,0.24537925
0.13817325,0.4030569
0.7889544,0.3943062
0.10031793,0.35689607
0.19623652,0.67148435
0.77252424,0.2603159
0.13536039,0.6216681
0.2289044,0.7796603
0.7862478,0.2697122
0.19878522,0.6674058
0.11526151,0.35783523
0.80509496,0.30677938
0.85978574,0.44322008
0.12943088,0.55453366
0.87084913,0.51817876
0.8200417,0.23113778
0.14118877,0.735069
0.19503713,0.7167108
0.16889688,0.57515514
0.22988167,0.7592578
0.15660751,0.591971
0.82979745,0.32717264
0.1616244,0.41025648
0.06391426,0.35458237
0.82414037,0.58761513
0.1302261,0.6049211
0.8044068,0.43148464
0.7943496,0.21210682
0.88745415,0.46992853
0.1999501,0.78534114
0.12122672,0.5346555
0.16631368,0.6979545
0.197121,0.6713135
0.83692473,0.3099192
0.20365892,0.5550523
0.21397787,0.72404706
0.8009562,0.23931725
0.83532083,0.33893088
0.16969568,0.57839966
0.8161488,0.40040326
0.15990067,0.7372092
0.11987503,0.52091956
0.22699863,0.8184984
0.8212339,0.3286773
0.17787406,0.50928706
0.7578004,0.26076663
0.1794899,0.5734437
0.8585899,0.41911227
0.86009747,0.5198871
0.23769873,0.75561464
0.845687,0.43375805
0.85901904,0.5831765
0.23325258,0.6782976
0.16640727,0.6794645
0.19224292,0.5845944
0.15690814,0.45322397
0.15225655,0.5353932
0.8376783,0.36002368
0.14555004,0.5449433
0.87964904,0.4638131
0.924824,0.5805864
0.18871655,0.60871184
0.9331924,0.60240585
0.1641497,0.48271483
0.76029754,0.3137148
0.8458603,0.444062
0.10837454,0.36359367
0.85308635,0.41424087
0.8288277,0.36463884
0.20788734,0.7785866
0.16572627,0.58708507
0.8232853,0.34485883
0.87195253,0.48210466
0.788058,0.3030946
0.85652745,0.42108563
0.18624201,0.74172276
0.14304775,0.6150143
0.17664412,0.7903475
0.14664394,0.6399448
0.8348675,0.4122504
0.11570692,0.39349717
0.79685587,0.2382467
0.1929977,0.73458797
0.90008026,0.5111347
0.9307337,0.73994035
0.8296027,0.3866892
0.17011689,0.5606793
0.8462081,0.4870571
0.8189609,0.46093607
0.856846,0.41468328
0.1419844,0.42730445
0.82052875,0.3692908
0.1804882,0.73878175
0.83246,0.37626085
0.8849459,0.6788863
0.2567886,0.7275032
0.8346426,0.36746418
0.13871703,0.45585132
0.8462216,0.4079362
0.8325643,0.33039
0.8880344,0.5161756
0.22462523,0.8471307
0.88660973,0.6325779
0.15216611,0.621351
0.8326563,0.46519554
0.14848387,0.64318454
0.8267676,0.18355599
0.13283628,0.42035192
0.7821511,0.3878351
0.13150045,0.71308213
0.16362734,0.75142175
0.20134106,0.68934226
0.06458138,0.28039333
0.8739091,0.4633111
0.15756139,0.5228382
0.81857616,0.342903
0.8354644,0.4552258
0.19999294,0.7031071
0.11834486,0.5840118
0.8595275,0.38862926
0.19745336,0.86046326
0.14391874,0.69355357
0.83423406,0.3449933
0.14813206,0.62306285
0.1405641,0.5070653
0.8236708,0.29928106
0.8326674,0.35976347
0.7709742,0.1645846
0.21858029,0.79089594
0.19509663,0.48151022
0.8450135,0.36216393
0.81683856,0.3196638
0.120968916,0.5593083
0.75385517,0.28313893
0.19114943,0.8021876
0.8049248,0.45973277
0.8460348,0.38876548
0.8304586,0.38213667
0.89024043,0.37039945
0.1887681,0.67211646
0.9228183,0.6016213
0.8585026,0.43911698
0.1831777,0.575386
0.17572515,0.7479858
0.23691222,0.732637
0.8863583,0.6481668
0.15232636,0.573693
0.14554211,0.50597507
0.78700453,0.19419329
0.15389618,0.6165527
0.90901023,0.7307652
0.18938883,0.6016595
0.87028277,0.4773743
0.8450198,0.50813633
0.061602738,0.28803706
0.8402259,0.5428078
0.82342803,0.34349698
0.14767475,0.6444364
0.12398762,0.5720972
0.86745006,0.48498738
0.85959375,0.42521676
0.85144436,0.33078292
0.8499701,0.412384
0.756507,0.19562742
0.83793294,0.33532888
0.77721155,0.31625235
0.120980814,0.6600814
0.18349104,0.6103002
0.8411595,0.44382676
0.14133155,0.5871197
0.17386776,0.5413943
0.74771744,0.15286404
0.7946951,0.3062489
0.14769697,0.5373276
0.8451773,0.38626912
0.16941527,0.46749523
0.15057804,0.5314925
0.15810278,0.7244303
0.8187915,0.29243627
0.1815686,0.56316954
0.792476,0.2667362
0.119705275,0.45189366
0.81047595,0.42331743
0.82694334,0.43762547
0.7988184,0.23009832
0.1608847,0.52612126
0.8305566,0.45267907
0.17839998,0.7535944
0.1511583,0.5975787
0.80919725,0.41953498
0.21944454,0.7832605
0.1606253,0.5418161
0.13136996,0.5414784
0.83135694,0.44521227
0.12712094,0.55293787
0.803677,0.30895993
0.234989,0.72751284
0.7228349,0.2088706
0.18393049,0.7026849
0.111771226,0.4188582
0.77772,0.28051335
0.79285437,0.37004334
0.87483245,0.3808817
0.19890104,0.7684579
0.14881068,0.52000934
0.8335761,0.35208073
0.13492689,0.67205775
0.15559532,0.7107789
0.84187895,0.5932395
0.19260424,0.766838
0.23423423,0.84297943
0.13020787,0.49600136
0.2310065,0.7899502
0.85750914,0.46262732
0.88984543,0.3773844
0.7781785,0.2560516
0.1613888,0.39849824
0.7797864,0.46781325
0.1749557,0.5891465
0.12353745,0.45794997
0.03054515,0.27984884
0.842228,0.5816114
0.10617487,0.29591122
0.899078,0.26155466
0.82526124,0.3984759
0.14855288,0.41384968
0.19846594,0.7009936
0.9168051,0.5730425
0.8604897,0.46065834
0.22974683,0.6692823
0.075722136,0.3396878
0.15750982,0.48994595
0.7725615,0.15377735
0.8465591,0.38372412
0.17921901,0.48693445
0.15014651,0.46559635
0.15236562,0.6692539
0.8550818,0.4577717
0.86767536,0.39483535
0.8525366,0.41972333
0.8605147,0.385146
0.8111883,0.2343083
0.8362382,0.34507346
0.92138606,0.6034931
0.8529257,0.40937382
0.8399998,0.3784694
0.084342346,0.36914974
0.15678082,0.5965971
0.21050148,0.72014326
0.8081176,0.3071136
0.8715587,0.53875643
0.76050454,0.22047947
0.88617826,0.38844967
0.83237946,0.42367706
0.15729445,0.7266227
0.19675134,0.6337531
0.1322707,0.6486021
0.10077246,0.28201625
0.17171964,0.6829005
0.21035552,0.78355354
0.7217402,0.30294478
0.83937114,0.52719223
0.16169024,0.562548
0.14330873,0.41345546
0.81687385,0.42855152
0.18346247,0.7562686
0.8044306,0.36021248
0.17325418,0.7380774
0.16749561,0.67327416
0.76913273,0.22494043
0.115358286,0.32909036
0.81939125,0.399585
0.107486896,0.36084762
0.86150944,0.43040663
0.7762017,0.22807547
0.8779423,0.68546915
0.8503687,0.30310118
0.74317056,0.1882465
0.19677672,0.5948239
0.79197264,0.15090558
0.8032681,0.19137014
0.8448834,0.34653082
0.83634174,0.43462798
0.16303003,0.5205196
0.7993697,0.28171968
0.7426819,0.22773686
0.81023556,0.20222558
0.13591884,0.5198525
0.17767772,0.6458728
0.25695598,0.7215314
0.84674597,0.43034485
0.80435884,0.51577216
0.78603756,0.3035576
0.15961827,0.4802202
0.21961747,0.749384
0.2242425,0.79500604
0.85849315,0.43746865
0.84401995,0.32722694
0.85913724,0.42370683
0.19078851,0.6989099
0.20271258,0.7799152
0.12039857,0.36081958
0.7905067,0.38220325
0.23361668,0.86740744
0.22035003,0.6801899
0.7998639,0.24505554
0.77207565,0.24133179
0.13383657,0.5145733
0.14094564,0.5838462
0.12926072,0.71208906
0.14685453,0.60017717
0.84947866,0.36667702
0.11824808,0.47937348
0.1224388,0.4841481
0.15207966,0.6778525
0.8209099,0.24985468
0.7648127,0.2380509
0.16628075,0.5431587
0.85703397,0.321274
0.14867742,0.5451684
0.85572076,0.38407716
0.20360617,0.8060349
0.1433706,0.53737134
0.13411659,0.6251409
0.7758967,0.24546029
0.77187216,0.2862538
0.8477597,0.33525574
0.17635934,0.60643494
0.18506444,0.68231046
0.7354344,0.12266926
0.88095075,0.47782677
0.8292517,0.22641881
0.1384957,0.47153306
0.1943716,0.68574244
0.19214614,0.71899605
0.8975383,0.54277414
0.8740816,0.29330665
0.789416,0.26243556
0.14863102,0.44104522
0.17758769,0.6525432
0.12800065,0.57599133
0.7632607,0.09909716
0.18280408,0.66954035
0.15612006,0.49020964
0.1992564,0.52763206
0.17211588,0.6762993
0.24024306,0.68196833
0.18241063,0.59718883
0.24539877,0.9059368
0.7597212,0.20359269
0.8388329,0.509259
0.76888204,0.4077395
0.7970685,0.3256776
0.8713596,0.6321635
0.8194452,0.31310332
0.85808146,0.4123008
0.18837465,0.7274366
0.17276317,0.8493099
0.81422603,0.19459584
0.7749809,0.20420025
0.21562704,0.7460593
0.13360296,0.45561785
0.93855274,0.7312519
0.8592566,0.51353735
0.77177024,0.27457574
0.8212982,0.46718422
0.8409326,0.3557642
0.82752997,0.38903752
0.85908765,0.43766096
0.779625,0.30517003
0.8586411,0.42822957
0.24066785,0.8099173
0.8550691,0.3876117
0.87181014,0.4845743
0.8053714,0.2844732
0.1537074,0.6587839
0.14887057,0.63949186
0.8295531,0.44130543
0.75642294,0.25406727
0.7479903,0.24954236
0.11493866,0.5645288
0.102913834,0.5421236
0.79252636,0.1824079
0.8220966,0.26613608
0.24832228,0.80430466
0.8486835,0.39356375
0.14912283,0.7324285
0.81647885,0.43642744
0.77244294,0.25681642
0.7996969,0.37209204
0.78077006,0.14360613
0.14714962,0.56037706
0.77384025,0.07127435
0.23162444,0.792401
0.07382944,0.36786103
0.69214815,0.24255566
0.8024947,0.26737967
0.7435279,0.254695
0.80741125,0.32324737
0.8253624,0.45623854
0.15414487,0.6063771
0.8611541,0.432553
0.8514804,0.34152886
0.83269835,0.34634683
0.13718526,0.6174595
0.17676668,0.6312874
0.8165153,0.4906582
0.77175045,0.20503253
0.86598694,0.36703533
0.8279115,0.43516108
0.8059005,0.2732923
0.159297,0.49893972
0.7934203,0.30576968
0.14112571,0.4639353
0.12995759,0.53280264
0.8382007,0.38547978
0.14976813,0.61967766
0.78391844,0.23267268
0.8727819,0.46709356
0.20272607,0.7774959
0.86092126,0.3795251
0.1475867,0.5099717
0.85615504,0.36180297
0.16000181,0.6244234
0.8491182,0.38745794
0.14113444,0.6345587
0.8187245,0.27352798
0.90740395,0.7297122
0.1805227,0.7728926
0.19668669,0.77250844
0.8172737,0.17628852
0.88987714,0.38198468
0.21553859,0.6745121
0.767098,0.15684931
0.20555915,0.7565731
0.21995221,0.6371878
0.15439157,0.6526194
0.88415504,0.5010975
0.21464658,0.6860719
0.75968,0.18144554
0.7672761,0.17311756
0.9505938,0.566846
0.17473756,0.5541605
0.16832218,0.5800309
0.12612581,0.4213664
0.78294474,0.23692995
0.24852695,0.6290696
0.7929424,0.27752724
0.22814685,0.7379083
0.9464122,0.58865064
0.15106429,0.58297014
0.18265972,0.66885877
0.85468596,0.46968806
0.14755973,0.48251683
0.11198381,0.49000028
0.19210926,0.63572955
0.12644312,0.48296276
0.86668974,0.33331567
0.91345006,0.5935698
0.21969402,0.7068786
0.8746008,0.6303675
0.15033174,0.45769897
0.15248263,0.52176934
0.77832484,0.15148467
0.24789868,0.792065
0.15915819,0.7148912
0.8735327,0.44751284
0.19147387,0.71088845
0.8438613,0.39013785
0.8423684,0.4979997
0.8394786,0.34296957
0.94113475,0.7479503
0.85435915,0.53693116
0.22897342,0.6732374
0.83525574,0.560876
0.853124,0.32847404
0.7590791,0.15836228
0.2321115,0.75125533
0.85796285,0.4130875
0.18856464,0.81506723
0.7401542,0.34615454
0.8356964,0.47663006
0.8061924,0.31502324
0.22620736,0.7383542
0.8552214,0.484785
0.14284864,0.56357735
0.17456067,0.7302002
0.18672113,0.7150673
0.7128245,0.21276651
0.1745452,0.56980103
0.8579359,0.31003663
0.18312891,0.87686163
0.11376267,0.59186536
0.21033093,0.7804146
0.17872164,0.6932881
0.1415394,0.6077845
0.83124906,0.38919476
0.17361075,0.66501015
0.15964921,0.6400149
0.14200383,0.5422642
0.8353966,0.3019995
0.13512282,0.6487432
0.10356033,0.5025667
0.80978024,0.38461772
0.81888396,0.40489095
0.76798886,0.33752784
0.1757176,0.65686834
0.87945986,0.41902554
0.13492887,0.5681575
0.85947555,0.45881203
0.14976338,0.59128326
0.20674387,0.7731563
0.18699084,0.6838396
0.12598343,0.5526063
0.83469576,0.19156069
0.84558505,0.50591636
0.8280448,0.43181053
0.83731306,0.3891514
0.13701114,0.55225325
0.12104269,0.42896459
0.16571952,0.64320993
0.8422014,0.4304802
0.16648343,0.66739744
0.13301833,0.50640345
0.8151188,0.15011097
0.16104414,0.5837231
0.8458,0.40086365
0.8714195,0.39000732
0.19722015,0.622542
0.15245485,0.5847591
0.77938145,0.21995863
0.8043239,0.31930286
0.81715786,0.2711858
0.86200166,0.4070128
0.9042004,0.6075252
0.12035812,0.4323029
0.1636912,0.40036952
0.119469285,0.3404618
0.20733087,0.75697607
0.8429213,0.35532266
0.88199663,0.55408597
0.8522404,0.31980002
0.11855824,0.527774
0.8130683,0.3323108
0.15617678,0.6222446
0.8667818,0.3725283
0.8079974,0.16767146
0.060097158,0.26162344
0.8657561,0.44323674
0.7455697,0.18176924
0.24203819,0.84165215
0.16072525,0.6890111
0.8562233,0.3600942
0.14939174,0.6765621
0.11170182,0.48815614
0.11108626,0.50030553
0.15264682,0.50939614
0.767336,0.27931312
0.20839977,0.71285474
0.1205723,0.6261063
0.8043013,0.31450284
0.22221495,0.7461758
0.8615737,0.47322083
0.121189445,0.84718984
0.15379584,0.34699687
0.13372433,0.60877496
0.20528191,0.7658577
0.8289106,0.32226792
0.8233186,0.40641662
0.78137845,0.13407093
0.15018657,0.7168624
0.86490893,0.38637906
0.19491458,0.64785004
0.83444905,0.31573197
0.21377996,0.70796406
0.10776692,0.6603183
0.18917623,0.69148165
0.76410073,0.24451019
0.19515692,0.82295936
0.74681395,0.2038577
0.2058582,0.63416004
0.087116726,0.38240257
0.83897567,0.3182196
0.78440905,0.24868731
0.14217518,0.52013373
0.17138767,0.60179216
0.111223094,0.39672244
0.18107599,0.5445889
0.13161428,0.5408126
0.7798856,0.1718718
0.79474825,0.2492375
0.9258846,0.51812136
0.14292122,0.42060772
0.23816675,0.7812569
0.13137592,0.47469306
0.8017899,0.26071274
0.80743104,0.23695931
0.15556042,0.5566503
0.2238177,0.7319098
0.8667762,0.36725128
0.7609416,0.2573574
0.8818768,0.39147913
0.23316057,0.92239994
0.8241166,0.27584562
0.76790756,0.16939995
0.78779304,0.359378
0.83131295,0.47452793
0.8191231,0.36625868
0.17882912,0.78776836
0.85987616,0.49902996
0.101175435,0.30357558
0.16881438,0.52658385
0.14713971,0.6237689
0.23769198,0.8369371
0.13211325,0.6642944
0.8177774,0.30432373
0.7855474,0.23502493
0.15045112,0.4716868
0.21524985,0.8025499
0.8506805,0.5175322
0.1341971,0.5399917
0.14315008,0.6070907
0.12537421,0.47358263
0.121398464,0.5252579
0.8481008,0.446356
0.89819634,0.52413565
0.16340603,0.70074964
0.14120385,0.5436064
0.10902143,0.33227313
0.13086982,0.51331085
0.10769314,0.51475376
0.14387234,0.58628434
0.8058148,0.17231157
0.85305506,0.5274796
0.88465244,0.5103121
0.13988666,0.61336297
0.84461844,0.32157144
0.1461311,0.53209215
0.8495576,0.28147835
0.87508947,0.35822946
0.8198442,0.29854077
0.13648959,0.5803932
0.84065145,0.43272865
0.17720813,0.50468063
0.78110003,0.25557938
0.20637262,0.68444496
0.75559556,0.2917652
0.16907734,0.6483748
0.1784666,0.54763633
0.14249565,0.39571625
0.15895234,0.4844017
0.78979284,0.258113
0.7600893,0.28761086
0.768443,0.19653985
0.16348416,0.5717113
0.77868897,0.20993459
0.14306441,0.6071993
0.13667837,0.58912194
0.15576707,0.4058612
0.17506516,0.70726585
0.87239754,0.43023446
0.19285809,0.689132
0.17707683,0.7571776
0.21993953,0.7130348
0.17982465,0.5936648
0.10283768,0.40027973
0.15479335,0.78285706
0.7888346,0.30783504
0.8638852,0.4626295
0.2175685,0.75323087
0.8246584,0.31976017
0.93146986,0.7244146
0.83582693,0.44315657
0.78907454,0.26070705
0.8592539,0.3670248
0.23615943,0.7075234
0.14909229,0.6913007
0.18245783,0.5754018
0.86724067,0.40685904
0.721104,0.27645275
0.86057144,0.42870572
0.14796667,0.60917574
0.801045,0.28102627
0.8314212,0.3781063
0.1434055,0.65756875
0.12939636,0.5915093
0.2623183,0.8001363
0.13035104,0.41791993
0.81930995,0.2533813
0.7686536,0.23013951
0.19195141,0.49463645
0.82590693,0.29635102
0.7972537,0.20336053
0.84924346,0.35056207
0.8227883,0.32202306
0.17629866,0.65799326
0.21558578,0.8230487
0.8259577,0.44603053
0.81901723,0.42638895
0.816618,0.4481927
0.1390843,0.49836415
0.7140179,0.25416148
0.797216,0.21449412
0.1645836,0.69107515
0.8292208,0.37817025
0.14857192,0.64117044
0.16589603,0.63234
0.92398834,0.5230248
0.14883171,0.55451787
0.78623986,0.22922707
0.21147043,0.5255917
0.80397767,0.19344337
0.8262084,0.27007797
0.21406315,0.83365977
0.19603385,0.75135165
0.77312946,0.1646709
0.14316356,0.43307602
0.1132538,0.5830245
0.22102785,0.7504108
0.81406856,0.41772455
0.7543692,0.21910359
0.80872166,0.19287567
0.21533354,0.83399355
0.09483739,0.5545985
0.8350051,0.2755561
0.17711174,0.62812346
0.8126121,0.38812068
0.105845675,0.36609223
0.85132414,0.5204964
0.8026434,0.29159263
0.16199008,0.64733535
0.8405007,0.41927916
0.22488542,0.7473734
0.8304352,0.34767848
0.17144994,0.5984197
0.8467059,0.32038742
0.7773916,0.18415742
0.2093826,0.7031904
0.13870354,0.62400025
0.8122207,0.30267584
0.8427694,0.38346437
0.8641355,0.46724334
0.8429134,0.33532494
0.8319376,0.3311982
0.8320562,0.40495753
0.77302915,0.17257002
0.9452537,0.5514341
0.18024863,0.64982253
0.18210563,0.73415256
0.9939222,0.799951
0.8392934,0.4028072
0.7775273,0.26146093
0.12452147,0.6069588
0.22629938,0.65031403
0.12625709,0.5778596
0.8250677,0.41949028
0.82304096,0.37293658
0.17860384,0.66878164
0.11934911,0.51505077
0.8314061,0.35548693
0.120093174,0.59233713
0.12864715,0.5407898
0.23155345,0.74163514
0.7846129,0.17754656
0.8603517,0.36638835
0.17309156,0.66350067
0.835531,0.41439417
0.13354743,0.49949735
0.798135,0.29926527
0.23894016,0.8571508
0.18919368,0.6573261
0.18960656,0.6601225
0.1444403,0.66392297
0.87991756,0.42790717
0.14023608,0.56184536
0.22726832,0.89531565
0.23570451,0.71035707
0.17110567,0.6772945
0.8732781,0.40924242
0.15068156,0.6225766
0.21842681,0.7916309
0.80981594,0.41223508
0.82143307,0.40140155
0.12106292,0.4392024
0.16649374,0.7627144
0.7777878,0.2949493
0.8010399,0.19507068
0.7811647,0.22488305
0.7868114,0.16200237
0.13069056,0.51611865
0.864615,0.46904588
0.77408415,0.28921846
0.18844089,0.7946788
0.1607653,0.47052515
0.81829023,0.28070477
0.84565204,0.38166666
0.14563571,0.6791202
0.86417633,0.42696276
0.13067271,0.67121625
0.8633926,0.42389256
0.7700362,0.22791384
0.8701495,0.41526806
0.8387056,0.4613513
0.83438635,0.41847274
0.879881,0.6200759
0.864757,0.36451048
0.22845781,0.71941525
0.14296366,0.44471684
0.9112524,0.518711
0.8549013,0.46999335
0.8313173,0.3904861
0.8491015,0.40893972
0.23549469,0.65477234
0.8245061,0.43562365
0.77702355,0.29942954
0.15871833,0.55897844
0.21609624,0.6616057
0.1649485,0.7098069
0.15376927,0.5145479
0.14813405,0.3645442
0.81104946,0.2989442
0.13804236,0.642587
0.90702474,0.64121336
0.10946645,0.55319107
0.7965374,0.26903108
0.8042589,0.40111506
0.73191,0.19523713
0.77777714,0.261994
0.8638769,0.4156982
0.79148245,0.24655977
0.1683174,0.63775986
0.12947133,0.54835737
0.8571192,0.3969673
0.18692222,0.8308896
0.11487361,0.6767767
0.14543939,0.6535314
0.20853621,0.6876913
0.21517648,0.78044087
0.21575436,0.7320079
0.15326357,0.5497205
0.1960989,0.6335328
0.8361093,0.2684371
0.7576045,0.2547975
0.808772,0.13616475
0.11165025,0.6050017
0.18724824,0.47794724
0.74833614,0.2183217
0.86278063,0.41498682
0.7708374,0.17564242
0.22744323,0.7063214
0.80441314,0.27268606
0.24418749,0.6843863
0.1081211,0.32641703
0.07585381,0.45010602
0.16548473,0.6560286
0.13187209,0.49631897
0.13374534,0.5450795
0.8054079,0.32650462
0.78109884,0.34792072
0.8443119,0.33793738
0.8057018,0.38159832
0.15148313,0.49101037
0.21317393,0.75058293
0.08610573,0.31836766
0.13905692,0.6486293
0.25323763,0.8602696
0.77807975,0.23558956
0.22947554,0.76298946
0.8067826,0.1458883
0.19888121,0.7755322
0.80296034,0.33915251
0.16538161,0.6034817
0.8513289,0.28379643
0.8653543,0.249308
0.096138716,0.49264863
0.8312487,0.38344553
0.8276517,0.40851703
0.1601894,0.55194664
0.23040482,0.820396
0.11405617,0.64588547
0.10462209,0.35537785
0.7269514,0.30760026
0.1719608,0.7660005
0.7806098,0.22166348
0.8331069,0.30638337
0.13176224,0.46965212
0.808235,0.35742348
0.82477814,0.39665058
0.16964015,0.502296
0.24035016,0.79461485
0.15454467,0.60902196
0.7872524,0.28066796
0.8044798,0.36736867
0.1443685,0.66994596
0.17911072,0.7164138
0.8802638,0.5609106
0.78198886,0.33762112
0.2260162,0.7040822
0.8024257,0.22240683
0.1923397,0.75391376
0.7899296,0.23799701
0.18537222,0.570911
0.8506261,0.30132055
0.8680014,0.5123371
0.8128065,0.35213724
0.8769865,0.5103585
0.17680317,0.5245728
0.14970705,0.6229971
0.88371795,0.6170731
0.7918438,0.27373427
0.22211897,0.7376963
0.82312065,0.41786212
0.15860727,0.61011094
0.14438437,0.4837534
0.19235556,0.61578745
0.8286028,0.3327874
0.17808029,0.69416064
0.18152219,0.7766965
0.16984244,0.555012
0.85684633,0.4252299
0.8894936,0.60295385
0.7612328,0.21814735
0.8625391,0.25413606
0.7521735,0.31800362
0.82418483,0.2813868
0.8175743,0.35636038
0.17497553,0.78536046
0.16552995,0.69039005
0.10151494,0.41424173
0.205999,0.7284257
0.7901724,0.20934281
0.19812524,0.637759
0.7805872,0.24385576
0.21134984,0.63063914
0.10538797,0.39723274
0.7295124,0.27265888
0.17552367,0.6480349
0.80883867,0.37652585
0.8519139,0.46542242
0.25518942,0.75017685
0.16230182,0.515289
0.18762504,0.7299242
0.1347266,0.47567776
0.8493153,0.45133123
0.759208,0.22018686
0.17953154,0.7251369
0.7794338,0.20995037
0.2199435,0.69617474
0.7711785,0.21746401
0.754583,0.27831352
0.19443943,0.77450454
0.8676159,0.45746723
0.85776055,0.44197255
0.18909293,0.6645651
0.13072704,0.5296676
0.10418541,0.4667405
0.1525433,0.57020533
0.778186,0.37144285
0.25242496,0.723641
0.14409126,0.5621722
0.20318615,0.75387037
0.20870835,0.77488565
0.8541092,0.33087668
0.23047423,0.7226427
0.84200394,0.26462618
0.15764587,0.600945
0.14402185,0.3736567
0.11569859,0.50704604
0.23854156,0.64129835
0.84047693,0.37934244
0.21995063,0.7236887
0.19111532,0.6025741
0.14099047,0.61797243
0.15384582,0.53937626
0.14929932,0.49105945
0.77834946,0.19850314
0.78542995,0.4089095
0.7952004,0.31384316
0.20342056,0.84837604
0.21803732,0.7558634
0.8694871,0.41636622
0.7955915,0.26892814
0.100781985,0.5099778
0.87291634,0.32629964
0.78111666,0.19583724
0.18692261,0.5939298
0.77966344,0.13596632
0.8275248,0.32395044
0.7568774,0.3710451
0.2529608,0.71821547
0.14813405,0.5855379
0.19605963,0.6082414
0.19035181,0.57280594
0.89989626,0.64499974
0.16873348,0.69017714
0.78161323,0.19368342
0.20271735,0.6504042
0.86325383,0.47155714
0.15575278,0.47969544
0.21057723,0.82468086
0.8523522,0.37673917
0.878853,0.3679942
0.8283565,0.29713336
0.15130863,0.63126904
0.16114448,0.7038623
0.17366627,0.7751476
0.78735,0.20156282
0.8205851,0.3008111
0.16327038,0.67359525
0.7600528,0.13467367
0.8294813,0.28822368
0.7907316,0.22448575
0.79633313,0.27765295
0.77514553,0.15416151
0.83522207,0.33607355
0.2095932,0.64688593
0.896001,0.55773306
0.19927426,0.78741705
0.7290337,0.22963226
0.1714194,0.53489643
0.8354779,0.29161233
0.87583154,0.4771189
0.84751934,0.34727284
0.8118439,0.31793356
0.8479501,0.33492237
0.2017468,0.7157975
0.7412267,0.28661916
0.14261463,0.5974727
0.82588315,0.4197023
0.8413118,0.38516045
0.8249376,0.27219152
0.06482094,0.38645527
0.8214116,0.4672394
0.1500533,0.57900244
0.8382221,0.3860317
0.09942236,0.30795768
0.1367109,0.48733962
0.16397518,0.7864709
0.858181,0.34708098
0.19361207,0.7552739
0.85803306,0.47885484
0.8553983,0.46222433
0.8129144,0.41640607
0.15771766,0.51026565
0.84896785,0.39196754
0.24478757,0.81322354
0.17458129,0.6008062
0.8324679,0.40612447
0.8553983,0.3295249
0.96737695,0.7281655
0.8032927,0.25692153
0.20115782,0.5587489
0.8563597,0.3756016
0.8655225,0.45402953
0.8751938,0.5696976
0.81801695,0.46906254
0.8281669,0.30499
0.205295,0.6346743
0.15802108,0.6048396
0.7922713,0.3109403
0.91100603,0.45107016
0.20786354,0.7733315
0.21484846,0.7502522
0.7562214,0.2474849
0.21625489,0.97633547
0.14543027,0.45708483
0.8030559,0.28310826
0.2072686,0.7434293
0.8885826,0.5547886
0.8083992,0.3702895
0.13287951,0.39998275
0.20387945,0.7983408
0.81983227,0.29666683
0.16314544,0.5536147
0.8321617,0.34970176
0.1305779,0.4045392
0.1512523,0.5829115
0.13928856,0.4936526
0.79200715,0.30428606
0.8482075,0.5721853
0.82504666,0.3827394
0.17012125,0.5217238
0.14114118,0.5707722
0.81240195,0.2803679
0.15485205,0.6068607
0.832287,0.31728175
0.86948675,0.433281
0.16395257,0.66040814
0.12859876,0.61287934
0.23260053,0.7010672
0.21257463,0.7572713
0.8548529,0.3679596
0.8728168,0.47456208
0.8225967,0.2619441
0.2196242,0.65069336
0.12951298,0.49354398
0.83099204,0.3767786
0.8403992,0.4666564
0.9286939,0.5976168
0.14683749,0.5095166
0.15169057,0.63964736
0.1843886,0.82024443
0.7894676,0.28985667
0.14158222,0.5789998
0.16659567,0.5920003
0.7795651,0.3001891
0.86523455,0.40444633
0.85760945,0.5197071
0.76600695,0.19171707
0.80620867,0.27564764
0.14121455,0.56994295
0.84022623,0.34531263
0.16749243,0.61019945
0.16505161,0.37824866
0.12246062,0.5983365
0.79971474,0.28946024
0.20970663,0.776806
0.1430315,0.57369167
0.8547791,0.34943587
0.15306844,0.54131895
0.22575243,0.86462283
0.14249763,0.5057127
0.17854632,0.69297796
0.79102236,0.26840204
0.93002295,0.64158565
0.1435705,0.60607487
0.8438018,0.5002749
0.7808541,0.20344989
0.83739555,0.4689184
0.8134625,0.39532247
0.84704936,0.46023783
0.11992183,0.59498113
0.145015,0.6692223
0.14804918,0.50508016
0.8516165,0.60323244
0.19065563,0.8665239
0.7936599,0.19941337
0.21591617,0.80134225
0.84671855,0.42396617
0.16525945,0.6652011
0.8196304,0.33503497
0.20358913,0.7717042
0.8831377,0.34140357
0.83975905,0.45393535
0.81755805,0.38756526
0.8315953,0.34810424
0.23680156,0.7813371
0.1910705,0.74791837
0.103169255,0.4118816
0.8380456,0.38536632
0.8461173,0.35713437
0.2265092,0.6830008
0.81285685,0.33369237
0.14452636,0.622623
0.8745124,0.5467532
0.79651916,0.22108352
0.7706351,0.30588534
0.1699166,0.60680205
0.87694246,0.48895994
0.21372999,0.75449413
0.74473166,0.15439586
0.79848284,0.3379663
0.8496869,0.42482603
0.10393831,0.3624885
0.11759961,0.4595602
0.8472302,0.38223433
0.15076247,0.60656375
0.08688946,0.2689899
0.8934741,0.52135056
0.87337285,0.5792648
0.9224415,0.6109862
0.8271805,0.2365804
0.75610083,0.35760966
0.7562825,0.1871387
0.7953162,0.23317203
0.8655859,0.414678
0.8005429,0.18073592
0.20841524,0.74613726
0.08759307,0.25156608
0.24839011,0.87779987
0.8580279,0.49299556
0.83028805,0.44565383
0.2192851,0.8372451
0.8600546,0.45057735
0.13052198,0.55655915
0.13657883,0.5807721
0.8476566,0.4457839
0.8598436,0.38469306
0.7388882,0.31761423
0.8751537,0.48075593
0.8556601,0.4625393
0.081856705,0.43568453
0.79062176,0.29101878
0.8493307,0.35500684
0.8497095,0.33417553
0.14190191,0.6027511
0.13348436,0.42338708
0.7588102,0.2076187
0.85807747,0.34966716
0.81395787,0.25808147
0.22211143,0.8475622
0.836218,0.4237248
0.2037807,0.8256656
0.8594799,0.40718582
0.17952558,0.61050695
0.8498749,0.45377898
0.107388936,0.5230502
0.20191815,0.79521674
0.85741353,0.41555583
0.11168159,0.42350402
0.23112628,0.806186
0.83537036,0.2724749
0.811032,0.3077448
0.8576789,0.5187758
0.7650784,0.18200447
0.76166826,0.20574433
0.22569254,0.821976
0.08020715,0.2999162
0.14720516,0.49386814
0.8455553,0.38321424
0.22684157,0.8404042
0.22027071,0.8104048
0.14993511,0.5906122
0.8565473,0.44687945
0.15994747,0.7016651
0.8721076,0.3295941
0.9342363,0.587128
0.86112034,0.39916667
0.84207374,0.35579354
0.17429294,0.73887724
0.15570122,0.69025075
0.8060897,0.32863086
0.14525099,0.57890826
0.12423353,0.49860463
0.20626079,0.8494738
0.8556803,0.47202367
0.1636083,0.5291021
0.09604511,0.4396698
0.7723747,0.16043858
0.9528018,0.5659362
0.7493936,0.20705275
0.80313563,0.25264192
0.21842799,0.6961152
0.76862586,0.21786
0.82013214,0.2874891
0.0708512,0.2883078
0.8753647,0.64394933
0.86328673,0.43132913
0.84162235,0.38926968
0.14502491,0.41736975
0.14956863,0.40983245
0.8395611,0.3753979
0.21877503,0.82492703
0.17492397,0.6648253
0.87867886,0.481526
0.16173506,0.77028847
0.18154718,0.61553824
0.18440129,0.804617
0.11911867,0.42679587
0.17736518,0.63757324
0.20919183,0.73922503
0.8803729,0.34499243
0.23853204,0.60263366
0.154998,0.5724941
0.15165527,0.5494209
0.80352074,0.38773477
0.21620135,0.7823621
0.056628685,0.20936252
0.20810944,0.7050809
0.15449628,0.4043364
0.18343313,0.5355526
0.82878643,0.5455083
0.17000465,0.70944726
0.1191623,0.40878642
0.7878335,0.27891406
0.76714486,0.14521547
0.8407002,0.37095928
0.13900259,0.561947
0.15605263,0.51592857
0.7904203,0.30691123
0.83805114,0.34804818
0.21346425,0.70557415
0.12332169,0.51382947
0.13656454,0.7413355
0.15083346,0.53417635
0.23634069,0.7406058
0.18981797,0.60355526
0.1622578,0.6845212
0.20873334,0.6653527
0.75975096,0.18855882
0.8651457,0.43006277
0.23041196,0.8171203
0.20679702,0.7108665
0.23529004,0.80646116
0.15681693,0.6009595
0.1983065,0.78560793
0.85776454,0.47479555
0.22684632,0.7426058
0.10901469,0.59459215
0.23733304,0.81917036
0.13867974,0.5985441
0.17644304,0.6288112
0.13640708,0.54290026
0.1631625,0.44726053
0.8696073,0.354412
0.1391426,0.5292607
0.84973687,0.2799658
0.1439806,0.5315814
0.8825694,0.4925961
0.86849713,0.42360213
0.23072332,0.83141
0.8705711,0.45880413
0.7790709,0.26048803
0.79612255,0.30144015
0.8774172,0.55861706
0.16336438,0.69933826
0.20388699,0.7058948
0.17802596,0.4617933
0.1285226,0.52989846
0.21002394,0.8010549
0.1681794,0.5548368
0.8193674,0.2555474
0.88403094,0.5847311
0.18019667,0.69461226
0.7790158,0.23836803
0.08337934,0.42553213
0.11737274,0.36121294
0.7650828,0.20080897
0.23320697,0.79525924
0.8677626,0.43418074
0.13949677,0.6368426
0.16885564,0.5805049
0.8600951,0.46130487
0.93297184,0.5838449
0.16857125,0.61159766
0.77759665,0.10509521
0.7333478,0.1466439
0.1496559,0.59442484
0.7469745,0.320426
0.79401445,0.3313397
0.8138825,0.48793274
0.13919218,0.64572686
0.21503091,0.71178114
0.21717665,0.895246
0.14794327,0.61440283
0.18921311,0.678694
0.91430396,0.54730165
0.11088041,0.54671425
0.14380768,0.48773867
0.14564563,0.46608606
0.8793853,0.35645717
0.8502132,0.428764
0.14658365,0.507697
0.85625064,0.2523931
0.23410413,0.74785966
0.7681376,0.21883902
0.17874028,0.6580116
0.15163663,0.57827526
0.15058677,0.61975086
0.8898855,0.3802391
0.20178925,0.78817964
0.8515629,0.30151767
0.12710705,0.4617311
0.152345,0.493148
0.22344092,0.7574005
0.18976839,0.6553663
0.7659819,0.39490634
0.09317911,0.31423083
0.7821776,0.37952378
0.7843813,0.25162742
0.13469923,0.40405256
0.20177259,0.7448328
0.9102148,0.48263073
0.16978452,0.60396093
0.23184536,0.6740188
0.90299505,0.5118487
0.12991951,0.59911186
0.73674923,0.27214244
0.14339043,0.64987683
0.80913335,0.33175406
0.1160972,0.66106564
0.21006836,0.7848913
0.78413975,0.11468691
0.85200316,0.40874875
0.74376506,0.32307392
0.23747464,0.7669073
0.12564114,0.6552288
0.90040153,0.60557026
0.15615575,0.66468686
0.76144934,0.13141423
0.09193728,0.44137946
0.87155753,0.33950776
0.90155053,0.4973777
0.15068394,0.54619694
0.7908867,0.37498528
0.8475011,0.48183525
0.17897508,0.5779862
0.17290951,0.6627083
0.17720653,0.7193658
0.85432106,0.37718773
0.14081515,0.50806624
0.17149992,0.70899874
0.15950762,0.62543744
0.7654342,0.27414122
0.16033338,0.681306
0.20597164,0.7268794
0.79007757,0.1864304
0.14890747,0.6582477
0.1864546,0.8329098
0.21054193,0.77641267
0.22041586,0.78046536
0.8389047,0.28564143
0.15833361,0.6529834
0.7924819,0.42747745
0.16690901,0.674668
0.19946542,0.7294726
0.2230546,0.7163941
0.77788776,0.24085039
0.21480802,0.6974039
0.13696751,0.6152272
0.8270651,0.4031204
0.8814533,0.29806682
0.83187854,0.33202782
0.12098439,0.5040604
0.8651473,0.5905184
0.7836241,0.25210705
0.83529305,0.26217842
0.133762,0.46599275
0.14372598,0.5810958
0.7640306,0.14542705
0.92755157,0.46826836
0.8565691,0.5744394
0.1875703,0.733828
0.17010182,0.5779446
0.19929211,0.6958186
0.14856794,0.5300395
0.82418245,0.4102959
0.8770297,0.5444842
0.21299782,0.70373267
0.18924841,0.6299637
0.18416291,0.77010053
0.17718393,0.60276246
0.16320255,0.50420934
0.2151261,0.8256927
0.84747374,0.4523812
0.80744654,0.28592223
0.15829435,0.468013
0.16307168,0.6705951
0.8375554,0.4275458
0.19429266,0.5871596
0.80698246,0.4577108
0.17968304,0.5654706
0.17250933,0.5196265
0.13451678,0.55713516
0.13130254,0.43824047
0.7854573,0.38019308
0.75236744,0.25863427
0.2579523,0.69897646
0.13930838,0.57487524
0.17452298,0.5600345
0.7526427,0.09810676
0.8263571,0.30053952
0.83999264,0.33063883
0.20559841,0.59403324
0.82152504,0.48502243
0.79094934,0.2514842
0.85000026,0.4261222
0.1275727,0.43109873
0.15694384,0.6604003
0.79638946,0.265557
0.84728855,0.28476143
0.76700085,0.24758652
0.81686556,0.23515765
0.12704757,0.4814651
0.17466576,0.6932618
0.08164213,0.24701971
0.18999287,0.6293995
0.22244698,0.7805828
0.8749625,0.46311134
0.8475051,0.509068
0.2293637,0.75124216
0.0952237,0.3046194
0.18962878,0.44701743
0.8804966,0.37947777
0.7454551,0.16448867
0.13417886,0.3777401
0.16881795,0.519333
0.21766686,0.8021688
0.16480015,0.6251952
0.76627624,0.25480494
0.12406655,0.47448543
0.8352098,0.4148195
0.8457012,0.3225119
0.853437,0.3578567
0.24415377,0.80450094
0.23483987,0.76403767
0.14118877,0.735069
0.8234574,0.38555554
0.13513115,0.39377487
0.11253869,0.28072184
0.80278224,0.43933076
0.21365502,0.64616275
0.14028685,0.6446064
0.22029649,0.7883282
0.1413843,0.71175927
0.16644575,0.7084481
0.117677346,0.35308164
0.13872653,0.50612617
0.12689486,0.50572187
0.8505075,0.33466437
0.82818675,0.304011
0.8179832,0.35971794
0.7987192,0.2560932
0.111658186,0.40055218
0.8337312,0.31148344
0.78389305,0.19028074
0.83466876,0.39288655
0.17726405,0.67477316
0.7764274,0.1608534
0.8201226,0.2858898
0.8342281,0.46904895
0.17050716,0.63013804
0.76703817,0.23946576
0.81219333,0.42536175
0.118617736,0.4965752
0.12265615,0.5648468
0.8914946,0.49436092
0.14136131,0.60453254
0.15838121,0.50981617
0.8804153,0.5731949
0.13313296,0.4678934
0.80589813,0.26695916
0.7578627,0.28625864
0.14774655,0.6442941
0.1311423,0.69514406
0.18141034,0.52808106
0.1527202,0.6013371
0.14255752,0.5087465
0.04800689,0.3323266
0.8103161,0.39038974
0.818032,0.29476488
0.8383193,0.36139122
0.76449263,0.2618188
0.84517807,0.44694823
0.23260807,0.84968317
0.84028333,0.4283956
0.85661435,0.37842125
0.84148353,0.266469
0.7694449,0.2513335
0.783615,0.58927876
0.15598798,0.5723907
0.19080436,0.76531106
0.11284171,0.4505914
0.8149855,0.34300593
0.8360605,0.18577422
0.8609288,0.4218811
0.85919714,0.44949496
0.15409689,0.73152614
0.8423906,0.35100272
0.84953463,0.2913158
0.79074985,0.2784651
0.15561754,0.7080495
0.15533832,0.62593025
0.1712917,0.43934828
0.791459,0.18494764
0.21175005,0.7675897
0.15747651,0.67612404
0.75368065,0.19765466
0.1526036,0.59518266
0.90385455,0.528898
0.17868356,0.6427929
0.1647601,0.61618215
0.87747157,0.53631306
0.15554614,0.80535114
0.16335645,0.6022464
0.25121167,0.80014026
0.74368536,0.18085419
0.1618937,0.45100006
0.151593,0.6259946
0.20959598,0.69454134
0.7750753,0.2874155
0.8440612,0.39713505
0.87874234,0.52245444
0.19029312,0.7031877
0.93560106,0.67260396
0.23526068,0.67732865
0.86021525,0.36221036
0.1512047,0.4651412
0.12247728,0.25837275
0.81297904,0.3833785
0.88326705,0.4343472
0.15189761,0.5671399
0.12655218,0.45618466
0.09486516,0.46062022
0.20203912,0.63575363
0.838637,0.43605337
0.7585159,0.21590942
0.1442281,0.633206
0.14638177,0.62625873
0.19889985,0.5403198
0.83477783,0.4100865
0.216713,0.8178983
0.90905666,0.5758477
0.8786856,0.3949611
0.13486977,0.4835918
0.7675617,0.18809757
0.83078146,0.23305552
0.9195497,0.4338947
0.21964127,0.81119454
0.87992823,0.32418653
0.8841904,0.6495781
0.123050004,0.54461473
0.14634329,0.4993769
0.14729598,0.60306513
0.8813787,0.546221
0.8409033,0.31771365
0.8532819,0.4040153
0.85374755,0.49215716
0.8404678,0.41863742
0.13668115,0.53572
0.16670673,0.6246091
0.1436764,0.5391971
0.7711928,0.21357863
0.84212804,0.53118014
0.17601904,0.6394314
0.15750745,0.5078503
0.8528543,0.43758693
0.19956063,0.69539505
0.854588,0.32621115
0.8222445,0.35494506
0.16060746,0.65860254
0.8734827,0.37782374
0.7767221,0.3444418
0.16365907,0.5692495
0.12877606,0.7328516
0.7391282,0.11715875
0.8410393,0.33771837
0.82924813,0.48695636
0.85872674,0.43933952
0.8482781,0.5250638
0.1500545,0.6603043
0.8547363,0.4550322
0.7556737,0.21432899
0.8778904,0.4891645
0.1830948,0.83116466
0.22411557,0.78074485
0.15962899,0.54879624
0.8481992,0.47809353
0.13830176,0.62969387
0.17083755,0.66382134
0.8611239,0.42862162
0.8575107,0.32929447
0.21303193,0.8063297
0.13484439,0.56893414
0.1362885,0.5011308
0.84754515,0.3899631
0.76215136,0.24047543
0.16529316,0.47033107
0.15695575,0.48067927
0.18671677,0.49316597
0.14227553,0.4803779
0.14259124,0.5301849
0.09599157,0.3855008
0.14122963,0.6151414
0.14461401,0.6221889
0.18398681,0.5768534
0.20302036,0.85409856
0.8382233,0.39515558
0.14865719,0.58090043
0.12972954,0.6266644
0.82050973,0.5601576
0.2170997,0.68598384
0.77803415,0.27150422
0.160496,0.6287004
0.13795273,0.5938326
0.12534328,0.526643
0.11871332,0.41164154
0.8356968,0.3913118
0.87199575,0.40004978
0.7613327,0.23243044
0.85416836,0.38742903
0.1551515,0.5555613
0.90159655,0.4783901
0.74345213,0.16964963
0.08359193,0.3939216
0.1657473,0.7881249
0.855365,0.53852606
0.8207874,0.33504328
0.23883347,0.86425924
0.22646596,0.7522277
0.16739328,0.50984246
0.8558481,0.35616237
0.20333767,0.7473739
0.13159843,0.560339
0.80222815,0.44332346
0.88462865,0.5945063
0.14240879,0.5059772
0.83105356,0.37507683
0.22763957,0.73607117
0.13088292,0.47092023
0.7656226,0.3321886
0.8427202,0.39238366
0.85174656,0.5187557
0.8229184,0.3665754
0.117206946,0.57102925
0.18305911,0.6349494
0.90104485,0.61840385
0.057837196,0.28683773
0.17512862,0.65814173
0.13550913,0.52004915
0.74547017,0.18651845
0.8532486,0.5072734
0.14927512,0.52374315
0.11713754,0.4064267
0.15620573,0.5382334
0.1321878,0.550417
0.818479,0.4913862
0.1469295,0.5208556
0.20208593,0.81817776
0.109097585,0.3534404
0.21833439,0.80695
0.83430505,0.23709641
0.87162256,0.3612344
0.8950773,0.6419129
0.15367883,0.53572476
0.80071306,0.32547435
0.14303704,0.7937546
0.7768954,0.32647964
0.2107811,0.69231474
0.81983507,0.5079186
0.82300925,0.529958
0.73800415,0.22828266
0.16587937,0.57224524
0.15383114,0.6812237
0.18823345,0.5900366
0.17224675,0.63865435
0.79838485,0.22193857
0.18528655,0.5828107
0.21163225,0.70287365
0.85146177,0.36318544
0.110678926,0.54970384
0.7565661,0.23314969
0.7881734,0.22857483
0.83200705,0.3647028
0.16658218,0.5392299
0.21874093,0.73078406
0.84751815,0.32023236
0.20593832,0.83893985
0.832287,0.4288643
0.8418909,0.37771994
0.7945709,0.269622
0.7706296,0.2281241
0.82433,0.2621079
0.069963954,0.3506225
0.84076923,0.45129135
0.85685194,0.36658153
0.86136466,0.28764942
0.87678856,0.47053084
0.8727886,0.35101062
0.21161082,0.7424074
0.87069046,0.44215608
0.8176516,0.30460802
0.16566242,0.57869756
0.15107183,0.5181455
0.8346406,0.3758482
0.80348545,0.16210663
0.12198784,0.42409626
0.07375448,0.37402114
0.14769736,0.5942063
0.84885836,0.44501734
0.14010678,0.607071
0.776968,0.20382749
0.15568694,0.5573476
0.8014904,0.24781387
0.87940866,0.4643589
0.86983496,0.5021865
0.8579188,0.3242794
0.16772842,0.6570138
0.82829857,0.33112022
0.099324785,0.38480693
0.82210416,0.24450319
0.19617821,0.6677409
0.07309133,0.39725113
0.22245292,0.8052907
0.10930423,0.40624055
0.16750076,0.6513434
0.7753113,0.25353068
0.14894712,0.636854
0.14102061,0.5812916
0.09367766,0.47847638
0.1798869,0.5642011
0.8568194,0.4432249
0.87859917,0.50240505
0.8432263,0.37029126
0.86662155,0.38181603
0.1485045,0.6954551
0.8725229,0.4983979
0.83036065,0.36279207
0.81966805,0.37317136
0.8884505,0.39603952
0.76842,0.1842183
0.1293932,0.61590225
0.8466365,0.47587007
0.22739366,0.7804181
0.07559997,0.2610978
0.24425451,0.70125556
0.8249955,0.3548658
0.13674858,0.4565202
0.7327929,0.16470462
0.8636635,0.33654225
0.87366754,0.34412685
0.104587585,0.548554
0.14985777,0.6206961
0.85311097,0.5242968
0.13803959,0.51311725
0.12508865,0.49165517
0.16981745,0.59674907
0.8171297,0.42048815
0.84974563,0.4285962
0.8261017,0.22783674
0.16356586,0.7413749
0.8068893,0.24974254
0.84687567,0.4465509
0.8650731,0.5430317
0.8253513,0.27040476
0.2181698,0.63816285
0.8611382,0.37718597
0.13930799,0.4783905
0.88976413,0.37705413
0.8386683,0.33301562
0.7868356,0.29001263
0.16468355,0.28806993
0.13640748,0.40594968
0.8120097,0.3299432
0.17831153,0.71667445
0.03914831,0.32900232
0.85743773,0.49707282
0.15060224,0.5061743
0.108581185,0.3910345
0.85504174,0.34875822
0.824192,0.28931832
0.18576209,0.6865283
0.79093903,0.24837236
0.8969184,0.57714736
0.8626394,0.56264085
0.75915766,0.15031773
0.86797005,0.3978368
0.86603254,0.40365568
0.8502985,0.5336796
0.8488762,0.351888
0.9081444,0.47058076
0.17453964,0.74549204
0.16634342,0.69866806
0.86775947,0.48523924
0.8298526,0.4363359
0.21910939,0.61966014
0.7860305,0.23665574
0.22035994,0.76240337
0.8241376,0.3244831
0.8556882,0.32851347
0.13355616,0.48121017
0.78107226,0.22324567
0.7953412,0.36022255
0.72902143,0.17711028
0.8467281,0.30501804
0.13520214,0.5427198
0.17370157,0.5095183
0.2220674,0.7096247
0.8678856,0.43932945
0.7500052,0.25243384
0.8242515,0.42284477
0.17456067,0.6819438
0.8037821,0.2683495
0.83348644,0.4831222
0.15793778,0.68088025
0.111093,0.63916594
0.18152775,0.647352
0.098503776,0.34031332
0.22482195,0.8418458
0.22461532,0.7425883
0.18155035,0.629792
0.15190554,0.45644093
0.18905209,0.7409623
0.14466836,0.5982533
0.15398067,0.60948193
0.82073975,0.32564214
0.16650802,0.520125
0.12951972,0.6142066
0.8231635,0.2568764
0.8317484,0.49429742
0.87860155,0.5360257
0.83631116,0.45524114
0.88359344,0.4388489
0.16865414,0.80563325
0.14744273,0.44307378
0.8378838,0.33118725
0.7871965,0.14011846
0.17511633,0.62475324
0.1768813,0.6714353
0.86872166,0.2996179
0.23483352,0.774304
0.20674506,0.82455426
0.09564809,0.44259325
0.1684598,0.65839887
0.15099053,0.6040126
0.8504052,0.4680349
0.92954105,0.67940015
0.14315602,0.50673765
0.11027001,0.4004703
0.80420053,0.26952168
0.86533767,0.3820482
0.7594606,0.34387413
0.15307479,0.38478985
0.15828958,0.5940411
0.80806607,0.4627929
0.8505702,0.3136088
0.8217674,0.29852062
0.23560813,0.7782349
0.15802345,0.61384654
0.79503536,0.26693156
0.12987708,0.5343217
0.13959713,0.623072
0.7943988,0.22493212
0.8272325,0.390257
0.81164557,0.12456596
0.84589124,0.42756507
0.94599575,0.6748463
0.15918556,0.71812916
0.83342934,0.362789
0.21498768,0.63062686
0.8848821,0.5281279
0.83337694,0.26867625
0.18928729,0.7008302
0.22327076,0.6692346
0.13141558,0.54059356
0.21530895,0.7613013
0.11568352,0.6409247
0.80161023,0.2634702
0.86817193,0.36926055
0.98748296,0.6873483
0.8092024,0.2872578
0.8745298,0.39971772
0.19920604,0.9515377
0.8522328,0.4417277
0.15943226,0.5678614
0.8845612,0.47714606
0.8235209,0.25843188
0.22028062,0.83719254
0.7804801,0.25936666
0.87951934,0.30030695
0.23927213,0.81135094
0.7803734,0.28880715
0.1256812,0.5190369
0.7819869,0.2314904
0.10352542,0.27489728
0.88524896,0.43086743
0.76093453,0.23002474
0.11598574,0.48051545
0.12626582,0.5808873
0.060278017,0.3265585
0.16278015,0.66095304
0.19970341,0.7414078
0.90637946,0.55911905
0.16797353,0.73471415
0.8070467,0.28222167
0.8428622,0.28192338
0.83031344,0.53946257
0.17707248,0.67794365
0.7778025,0.24030723
0.8106814,0.2506874
0.14365657,0.5637981
0.21304105,0.8965014
0.82634205,0.28023562
0.81345856,0.29995298
0.22282535,0.80710196
0.10846418,0.49179623
0.10917493,0.44085905
0.18787809,0.6736605
0.16125752,0.52150655
0.8533525,0.39184007
0.88638407,0.40975842
0.1212759,0.5189015
0.1645955,0.6266118
0.8616352,0.37687802
0.14992757,0.5427982
0.7578809,0.21334472
0.85831743,0.42761326
0.1370159,0.46062022
0.110582545,0.5666336
0.80254185,0.23875526
0.17389512,0.6065011
0.20925608,0.75247306
0.22640091,0.77638465
0.7444013,0.29239818
0.80288535,0.38967615
0.2196488,0.662806
0.14360303,0.58529437
0.8435107,0.4421193
0.13310242,0.55359715
0.13984184,0.50592995
0.8387397,0.34164143
0.82430696,0.26965836
0.14480558,0.5902048
0.8798604,0.5866987
0.7861411,0.18264575
0.8946517,0.52380973
0.2205531,0.72678745
0.15380655,0.50943863
0.10613798,0.583042
0.7544021,0.21177347
0.877332,0.50444716
0.13243411,0.6338885
0.1961794,0.60604596
0.7392265,0.24672097
0.8183327,0.3980247
0.1614126,0.538307
0.16097432,0.7203167
0.15770258,0.64387006
0.17963743,0.6760776
0.86167204,0.42790323
0.7487812,0.17991503
0.22981505,0.80140704
0.19510219,0.7695876
0.22448324,0.8002651
0.84308195,0.45771912
0.77947426,0.26949057
0.21240686,0.75784993
0.7589458,0.24676389
0.74392253,0.2198614
0.815803,0.21310905
0.8249824,0.519796
0.8534267,0.38075992
0.8342317,0.3618034
0.08043441,0.42489392
0.7749492,0.30669484
0.21293634,0.6738835
0.13225801,0.53147495
0.13146992,0.5399978
0.14949447,0.6509036
0.17845154,0.7326326
0.20041654,0.6122109
0.8746678,0.53030145
0.88227385,0.395499
0.88112086,0.47532514
0.15062405,0.6336861
0.73313123,0.17004254
0.12714037,0.4816561
0.83211374,0.500161
0.099543326,0.35155597
0.8806414,0.33114082
0.14657293,0.5160556
0.12511562,0.6430093
0.15496826,0.72083974
0.7845383,0.35111573
0.752183,0.18301633
0.79495764,0.250365
0.23701574,0.71238124
0.1375216,0.58458126
0.18304999,0.78506917
0.1003921,0.4942777
0.21541049,0.81799245
0.17939669,0.62363315
0.81644946,0.46961358
0.8353422,0.39573684
0.8410171,0.31691423
0.803965,0.23669122
0.79627645,0.33465037
0.85544467,0.3887173
0.85107666,0.38611537
0.8079455,0.18134873
0.82529217,0.41385144
0.14666972,0.7042233
0.12873362,0.5136262
0.7983262,0.27181876
0.8462744,0.44309744
0.84319896,0.3590188
0.8540216,0.27173597
0.8678078,0.4776761
0.13900457,0.6033586
0.9086862,0.7623236
0.8595513,0.3516484
0.135406,0.49660498
0.16289319,0.5952869
0.1595322,0.46868843
0.12949038,0.6020712
0.82067865,0.3858924
0.8109162,0.32704735
0.8328673,0.35473832
0.814414,0.33955243
0.18386623,0.5238658
0.7877788,0.19309032
0.7728189,0.17625654
0.85086966,0.36238337
0.16096124,0.43585536
0.22560728,0.6579823
0.15661305,0.6120348
0.78074586,0.18229575
0.09996414,0.42031598
0.2445964,0.8116554
0.20255156,0.63206625
0.12909375,0.610499
0.85692966,0.3221847
0.8867775,0.46772957
0.09790726,0.33159244
0.15194838,0.5177666
0.24091494,0.72797054
0.23077646,0.73574793
0.20784013,0.960023
0.83991253,0.3286751
0.16288526,0.5667584
0.18969898,0.87367094
0.8406554,0.3359566
0.868824,0.47730726
0.80978817,0.43477517
0.19493322,0.76149225
0.8907715,0.4812864
0.15267657,0.47984964
0.17036161,0.6772261
0.7584869,0.23909079
0.1771645,0.6975528
0.16556168,0.6483507
0.15526414,0.51140976
0.12964149,0.5149579
0.14334998,0.624009
0.18163761,0.64397824
0.22715846,0.77857566
0.11649065,0.45375925
0.15174332,0.5365435
0.1649727,0.45460773
0.86046636,0.47629103
0.13772665,0.58073443
0.16524874,0.6004995
0.17822467,0.6442244
0.7745018,0.3211816
0.7507639,0.26750275
0.14164172,0.506799
0.2215395,0.7736539
0.17928286,0.45712864
0.13692111,0.6250542
0.17862883,0.71203434
0.15931565,0.45749834
0.19791305,0.70792466
0.75556624,0.14291096
0.106445365,0.41990906
0.7725254,0.14063141
0.8174946,0.43856156
0.8493026,0.36475316
0.24104822,0.67158246
0.22409971,0.75035644
0.95139384,0.77105546
0.72253937,0.23674291
0.06375363,0.42121354
0.85036594,0.4666704
0.18087055,0.63424766
0.80852497,0.38541976
0.17622252,0.5113073
0.21158148,0.750964
0.15782832,0.5747298
0.24122947,0.69766843
0.12802564,0.5794466
0.14440024,0.6313102
0.8577998,0.44117576
0.8611378,0.31647927
0.8123702,0.29470927
0.8278048,0.5437452
0.21200627,0.8010842
0.122670434,0.57062364
0.14180592,0.38798273
0.17880334,0.6426738
0.8087062,0.17014022
0.22593567,0.80509883
0.8045353,0.16593245
0.83614814,0.31713152
0.16990906,0.65940154
0.8511921,0.4026666
0.08912562,0.3886608
0.8693967,0.37738046
0.1843156,0.7225696
0.85488266,0.40803343
0.18232892,0.54007316
0.8185734,0.36538306
0.20534775,0.7894776
0.117406845,0.5816122
0.84537166,0.40837377
0.80941856,0.40182906
0.84019613,0.3556652
0.8397924,0.52453953
0.17200284,0.49461544
0.86778325,0.60657465
0.22478785,0.7673987
0.2560608,0.8214433
0.16170412,0.5563331
0.12150198,0.42867288
0.1534837,0.5450852
0.8536159,0.3878224
0.14387709,0.583678
0.74946815,0.2693009
0.13511409,0.5914532
0.8152814,0.28938052
0.7786763,0.31884378
0.1790199,0.69906884
0.9125521,0.5065204
0.8200516,0.3650808
0.16847448,0.60129064
0.83731264,0.5269211
0.8559615,0.29923373
0.14390881,0.4949536
0.7664551,0.25525567
0.9231118,0.5129486
0.14966144,0.66211563
0.15477233,0.53933114
0.123465665,0.50966245
0.8576836,0.422472
0.803445,0.34103388
0.83389574,0.34285524
0.7866535,0.2501797
0.1917872,0.76354223
0.19780675,0.7480642
0.20721704,0.7780246
0.13582683,0.5403509
0.15231049,0.7367033
0.21266228,0.61707574
0.1395884,0.61321837
0.121855766,0.5948235
0.15628585,0.56942827
0.167402,0.54960835
0.8334912,0.21814911
0.7836471,0.34775907
0.8436241,0.48362508
0.1271848,0.6273039
0.18267438,0.6162045
0.10948311,0.58398116
0.81992745,0.34091473
0.12737319,0.61390173
0.8453935,0.41753882
0.21855928,0.7085826
0.1908583,0.76350766
0.18326575,0.6817108
0.22268535,0.88108516
0.23287897,0.7165391
0.8484518,0.40519407
0.18225078,0.8128026
0.7755001,0.18441981
0.800487,0.33795184
0.12527823,0.78331745
0.15441418,0.6682731
0.20021346,0.8329221
0.764773,0.21830198
0.2073745,0.76498604
0.83624333,0.4131935
0.19620162,0.72945243
0.9049635,0.48710045
0.1824959,0.575223
0.8539736,0.48475608
0.87325627,0.5490302
0.81379724,0.33740562
0.21751973,0.7522277
0.79780895,0.20832656
0.7867349,0.44948795
0.13150284,0.43384433
0.80934715,0.32676965
0.8693753,0.44438133
0.2009262,0.61861193
0.8227046,0.5351606
0.77052444,0.22239982
0.22796202,0.749808
0.21970631,0.8848391
0.26928264,0.7805635
0.072763324,0.35499808
0.884115,0.5364839
0.18248717,0.6311937
0.841965,0.56208456
0.18377145,0.6699994
0.82343006,0.3188762
0.14396514,0.54421353
0.15462439,0.4709369
0.81346923,0.31581914
0.18379763,0.6541915
0.14185232,0.61001897
0.82950395,0.26766264
0.92099583,0.5163701
0.14772433,0.5139311
0.85923207,0.3056155
0.7586036,0.3458606
0.1498193,0.5940709
0.90172744,0.47816712
0.8455652,0.36896446
0.16145504,0.5907646
0.20292042,0.686856
0.83689463,0.351259
0.8280864,0.4040578
0.13622345,0.5672622
0.8423157,0.3827819
0.8665803,0.3582851
0.18511124,0.6981503
0.83806187,0.34848094
0.17962514,0.7498676
0.7927417,0.25167823
0.13652925,0.48706892
0.13854925,0.5370989
0.1518635,0.6517184
0.1338215,0.7152241
0.14183052,0.55728453
0.19911878,0.78245014
0.81568915,0.38364527
0.78002834,0.2943137
0.19510534,0.6396811
0.1512174,0.608188
0.769053,0.09009418
0.75937575,0.1368126
0.1624569,0.5955497
0.14921802,0.5764907
0.20536044,0.8604387
0.15783863,0.5641749
0.15834987,0.6752896
0.8177429,0.42504153
0.14586814,0.3990646
0.79454875,0.24079563
0.8610248,0.3848998
0.8699095,0.38840193
0.87056595,0.6475491
0.7934132,0.27472556
0.7729205,0.13204195
0.17697689,0.56296766
0.17714109,0.65749127
0.749741,0.23495178
0.880965,0.5396947
0.8385858,0.32108128
0.81546384,0.4835401
0.15237474,0.6003287
0.8509236,0.40771717
0.77059746,0.14691111
0.78569335,0.33106196
0.865442,0.40920517
0.8573544,0.31419885
0.20257576,0.6931943
0.74522704,0.24632673
0.8308025,0.47136396
0.81448776,0.35414785
0.83419716,0.3180978
0.85837376,0.35594335
0.8257261,0.45070747
0.86490774,0.49229732
0.11701657,0.5561224
0.1511,0.55444604
0.77139425,0.310596
0.7399952,0.2543586
0.13300921,0.5959238
0.8721921,0.44803455
0.15828958,0.72530335
0.15581545,0.61259377
0.13345185,0.41528162
0.783151,0.29610178
0.90640485,0.58576834
0.08140178,0.2625236
0.79421633,0.23966637
0.7806887,0.22120792
0.09432218,0.33359995
0.8445562,0.45933285
0.9902629,0.75942296
0.8470359,0.3255453
0.1721361,0.68297404
0.85354686,0.29009277
0.75593865,0.28648642
0.18835403,0.8550255
0.14241473,0.6313781
0.7885423,0.3031717
0.7607394,0.242062
0.7635514,0.19614519
0.7742793,0.21695107
0.86908776,0.44419602
0.17832382,0.651873
0.24297303,0.7700686
0.8260505,0.36346707
0.14692196,0.6578272
0.07436171,0.21910709
0.18958277,0.6697261
0.8432069,0.4287215
0.22864223,0.87031555
0.787912,0.2626528
0.8645539,0.3695672
0.8175739,0.42704424
0.8364544,0.39435178
0.14087227,0.46526167
0.7717508,0.37776944
0.75742835,0.14409979
0.13509625,0.6224846
0.20446725,0.73402816
0.8839996,0.559183
0.12383849,0.687181
0.14798094,0.53449565
0.17295513,0.68184656
0.10337233,0.3742945
0.8547863,0.3471616
0.8234447,0.4660935
0.14927395,0.63146704
0.77153945,0.24970706
0.20058233,0.7200132
0.767265,0.27126813
0.82849455,0.46103242
0.1389296,0.60956955
0.8723115,0.49205554
0.092655174,0.40416467
0.043924842,0.3225325
0.82650506,0.36049718
0.15707473,0.5819771
0.17417316,0.5512834
0.93196523,0.69066775
0.9313001,0.5953517
0.16034687,0.57062453
0.8178979,0.392399
0.16817264,0.6270245
0.8415129,0.49161267
0.12170545,0.4718239
0.8401192,0.26795614
0.15160054,0.47655997
0.81551224,0.37187302
0.81916314,0.30389053
0.83807176,0.34413123
0.89456326,0.44835475
0.8608451,0.49593568
0.21462834,0.8687719
0.12135087,0.7086133
0.8385545,0.24621546
0.7512664,0.18204828
0.77972853,0.17921154
0.1371912,0.6949973
0.20958091,0.80437785
0.8269374,0.35204265
0.124107,0.5905688
0.8678856,0.4143302
0.84833837,0.46829203
0.13270937,0.4991237
0.85456854,0.39002398
0.20667446,0.717367
0.82922274,0.3722633
0.1811803,0.6834699
0.15446733,0.67067134
0.8442833,0.36443296
0.82174283,0.48424578
0.25072145,0.73103815
0.8171376,0.38373595
0.12925556,0.6791097
0.73857445,0.2745499
0.8124483,0.3586202
0.18292941,0.66151726
0.1456734,0.34555092
0.20549451,0.73520344
0.22452171,0.63374656
0.17864072,0.64178234
0.86044335,0.3955958
0.78735673,0.17283066
0.20678908,0.6611747
0.7437341,0.36727494
0.8687641,0.48730022
0.8478767,0.3445272
0.17084946,0.5186777
0.06742001,0.326495
0.89143986,0.52569944
0.8668583,0.5578934
0.19250032,0.7925863
0.14954443,0.70780027
0.8731218,0.41907677
0.19311787,0.7911425
0.1724296,0.6069054
0.19037482,0.70515454
0.79010737,0.14371125
0.14178926,0.5778263
0.16893178,0.5333944
0.15800402,0.49912807
0.19266492,0.5704787
0.8719065,0.35998425
0.80946773,0.454157
0.1941943,0.69714284
0.18295242,0.5322516
0.23070031,0.79547167
0.79580563,0.34256876
0.1538494,0.5807839
0.1403051,0.46033025
0.09940134,0.42566925
0.8370128,0.3916907
0.85508335,0.34030762
0.82383937,0.29766864
0.19568363,0.75636107
0.21703227,0.74104464
0.874552,0.48380074
0.74581283,0.1624864
0.18797287,0.75195616
0.86643356,0.5621424
0.85398906,0.40223643
0.1015899,0.37250465
0.23728466,0.8098787
0.20339319,0.81474924
0.8558124,0.5226428
0.18155274,0.70839864
0.16959335,0.6025136
0.815968,0.43561575
0.10558747,0.59744465
0.15746738,0.6676726
0.12748861,0.5236389
0.84271467,0.37987596
0.8272987,0.13940315
0.7941719,0.16020817
0.8029429,0.48517922
0.24331571,0.8330684
0.12157694,0.3957154
0.22039287,0.7688635
0.084786564,0.34017357
0.12163683,0.47187647
0.1275965,0.6640381
0.8682362,0.43384826
0.89371884,0.36953476
0.16662383,0.65508336
0.22165254,0.7613249
0.15006283,0.64873314
0.17711927,0.5832886
0.83259404,0.4979375
0.77681136,0.275235
0.15847282,0.67845875
0.16392878,0.535741
0.14027455,0.4638065
0.07014125,0.45986417
0.86001694,0.4196195
0.16995071,0.686523
0.1348785,0.63100225
0.8329454,0.25036675
0.76908153,0.22562115
0.8173106,0.42801845
0.19741529,0.7389302
0.72810006,0.2674721
0.13975736,0.48506272
0.84417266,0.43746427
0.1295558,0.47849828
0.77745944,0.38426116
0.76768583,0.11831999
0.16074826,0.6162496
0.78296334,0.24243651
0.8074481,0.2048411
0.7951798,0.42841882
0.21098337,0.751639
0.7951393,0.2612042
0.7839406,0.30488178
0.2018884,0.81131107
0.24416766,0.72287357
0.83689183,0.3226315
0.8570661,0.48532817
0.83784574,0.38085148
0.11832741,0.51503325
0.214645,0.63437206
0.1633156,0.5048151
0.8285893,0.4119219
0.822191,0.25338307
0.16473472,0.6608751
0.8074751,0.42712003
0.83199114,0.39295313
0.78189445,0.29693273
0.8520639,0.45330063
0.19723125,0.5789341
0.8537051,0.24045265
0.1218637,0.5954713
0.86778086,0.38800198
0.8812538,0.50507885
0.14916447,0.45578167
0.8444122,0.38148838
0.23808226,0.7222511
0.8041938,0.30246952
0.79678965,0.3460726
0.85184294,0.21998492
0.83787787,0.36045426
0.13556069,0.4621757
0.87683856,0.5484309
0.79685986,0.20626953
0.81243366,0.24652253
0.8391605,0.25930884
0.7450509,0.27910155
0.84295225,0.47518015
0.2226544,0.82668793
0.7820999,0.287769
0.21790722,0.7992506
0.9909744,0.62964696
0.20984863,0.8197889
0.21651983,0.75198597
0.8691183,0.6638134
0.15246002,0.73205656
0.15695891,0.53461915
0.71861047,0.28850666
0.18360487,0.54019845
0.8453058,0.3842353
0.8273879,0.37330058
0.162188,0.5202555
0.15398939,0.61467266
0.1413141,0.51175845
0.8086582,0.23884681
0.7842687,0.21624278
0.113028124,0.6209204
0.86143094,0.47917944
0.8473932,0.37317488
0.76762754,0.19357829
0.22972502,0.7429028
0.8041942,0.2550726
0.784417,0.2089017
0.15310255,0.5043994
0.2063282,0.650993
0.78684235,0.32133666
0.22851491,0.7456695
0.14942862,0.5719903
0.84243226,0.36295545
0.8573076,0.508927
0.11805929,0.5377866
0.8367058,0.39306659
0.83067596,0.3911033
0.8375459,0.3565522
0.14439508,0.49213088
0.1848098,0.725016
0.14916487,0.5309861
0.82782143,0.2929803
0.7674046,0.20693886
0.8319681,0.43611073
0.84024805,0.3142374
0.20730232,0.7672594
0.7715652,0.30561727
0.7517281,0.18371762
0.77414405,0.2576649
0.13933694,0.57605314
0.81970257,0.37483722
0.15494446,0.57100564
0.8835268,0.39966342
0.1017898,0.50599825
0.21440345,0.8480922
0.8503778,0.44335237
0.15349877,0.43132123
0.23067652,0.76957315
0.23331763,0.7530758
0.18707214,0.72939634
0.22497466,0.6752944
0.23673652,0.7576349
0.26040104,0.700125
0.7793045,0.4119083
0.15093698,0.61126167
0.14033563,0.5736671
0.16660479,0.5617144
0.9542975,0.655411
0.14063707,0.5056706
0.8621548,0.44109997
0.7729585,0.13529043
0.8405364,0.37648335
0.7666681,0.21587656
0.09858112,0.44504932
0.82099515,0.41258684
0.16258383,0.5686875
0.8150466,0.2974803
0.14222991,0.64464754
0.8612394,0.4605138
0.83079135,0.32285577
0.16250053,0.6338819
0.8753389,0.35375097
0.8428864,0.35594597
0.16644257,0.69656897
0.15055147,0.57136565
0.8269017,0.40485942
0.83204985,0.24345452
0.1649251,0.6078314
0.1574186,0.59302837
0.14243934,0.5443725
0.22295228,0.68100595
0.19431885,0.71350086
0.19936667,0.6652594
0.14976099,0.5204754
0.20551275,0.7378238
0.13562931,0.61133265
0.76049507,0.24477126
0.78910387,0.32840747
0.86383325,0.45300233
0.87915045,0.4201859
0.22929071,0.7628773
0.20150843,0.71098655
0.793813,0.23219433
0.86820364,0.32939786
0.82666254,0.38496113
0.20269276,0.751275
0.7448617,0.28526562
0.20508638,0.74714214
0.91159546,0.6597769
0.8015634,0.1778015
0.1673782,0.68847054
0.8433163,0.32869393
0.14773782,0.49737155
0.20856199,0.69363415
0.83877736,0.34729606
0.23117824,0.74843174
0.91209084,0.508255
0.81303495,0.2422648
0.9044701,0.49130476
0.75046366,0.2688458
0.1349598,0.45407203
0.843663,0.4524688
0.22460222,0.6818921
0.1410579,0.58907205
0.81199974,0.41310632
0.83032376,0.42024064
0.10309628,0.38108712
0.1444514,0.6566375
0.13548572,0.4202919
0.21675186,0.82986724
0.8621028,0.39407405
0.8386866,0.34571606
0.8575476,0.40353084
0.83695924,0.37612987
0.86336446,0.38986146
0.77892333,0.2421172
0.22880842,0.8318778
0.15687522,0.64790654
0.16388792,0.5305586
0.772838,0.19255897
0.7994633,0.11670013
0.21107619,0.5697467
0.17787246,0.58498603
0.11454838,0.34588733
0.82732844,0.4152435
0.78084105,0.21512008
0.8995115,0.67829496
0.122320615,0.531984
0.8501061,0.40442312
0.10535069,0.45375004
0.13694927,0.53406066
0.85590476,0.3664659
0.11661122,0.3864658
0.7392646,0.059904218
0.86357665,0.5397753
0.85829246,0.29387128
0.15199001,0.56238854
0.894006,0.59024817
0.13615523,0.45426255
0.1845266,0.5816482
0.22490208,0.6619798
0.16422862,0.2961526
0.85745555,0.44685447
0.86203456,0.3938432
0.20665026,0.7497327
0.767645,0.27578956
0.76971734,0.27875638
0.9320735,0.58151674
0.12150238,0.6260213
0.86736995,0.46865952
0.87854326,0.46518326
0.8133812,0.23234852
0.7636863,0.22740483
0.21700212,0.7209203
0.84539783,0.39187905
0.1578783,0.5647075
0.19878522,0.7615509
0.23794107,0.74691
0.84914315,0.39487347
0.8607856,0.39543065
0.16013429,0.52081794
0.16857839,0.5581466
0.8460459,0.39256325
0.14749151,0.6718278
0.17236376,0.5777829
0.16500124,0.62368923
0.22596344,0.73334485
0.83446014,0.35828117
0.25300363,0.7727813
0.106606,0.49687394
0.15068156,0.5066908
0.1683301,0.5789534
0.16644496,0.5371883
0.19721459,0.6108328
0.8428987,0.36092648
0.14687833,0.51489127
0.1363932,0.7041856
0.21308428,0.7467225
0.15556994,0.5217807
0.15110675,0.5907234
0.1426079,0.47366762
0.15040988,0.5066781
0.7654929,0.26420435
0.24761868,0.76634
0.18422161,0.60140365
0.1370504,0.56371933
0.8715135,0.48255756
0.8493422,0.31553093
0.8104256,0.40570658
0.8834455,0.37640756
0.8626668,0.4430085
0.23853323,0.6937515
0.8169131,0.24495041
0.16956559,0.6224925
0.14497891,0.44287446
0.20105034,0.7250992
0.87763375,0.5750566
0.860859,0.39631417
0.1458253,0.61257094
0.14209704,0.57456905
0.19903351,0.7535585
0.7744907,0.16215526
0.2119666,0.7040275
0.16125514,0.5293877
0.8320237,0.35670555
0.1660761,0.60563815
0.23457333,0.750784
0.17223209,0.75671107
0.8432727,0.29805234
0.20100711,0.7772103
0.8064696,0.26193267
0.7867031,0.26147273
0.873831,0.6496101
0.21464738,0.7007838
0.2030406,0.75225973
0.21749276,0.68534386
0.8672676,0.42093274
0.135688,0.4888894
0.15951435,0.66282433
0.85761935,0.5140476
0.20262533,0.6387174
0.14416027,0.6293027
0.22901624,0.7521559
0.75360847,0.26670116
0.12833302,0.4750194
0.8851046,0.41256842
0.13677555,0.4480687
0.13880427,0.61600345
0.8768211,0.48757443
0.1462945,0.6315555
0.8320951,0.34053144
0.14910816,0.5891097
0.13981766,0.43917832
0.2028756,0.77084523
0.13240238,0.562753
0.13531478,0.72573435
0.7834536,0.23469333
0.1495714,0.35858822
0.16108896,0.6057551
0.14199789,0.58364826
0.20640238,0.82626045
0.15713264,0.53743225
0.12726532,0.5284157
0.15129434,0.5453857
0.8516926,0.30966252
0.13764852,0.57821614
0.13328248,0.591702
0.1646542,0.7662248
0.8178698,0.3038914
0.14773703,0.5059229
0.21790326,0.62654084
0.20488133,0.6771377
0.0668219,0.40914473
0.75871223,0.1940702
0.84909075,0.4480385
0.21776325,0.6504612
0.1338207,0.6322371
0.7402216,0.25008377
0.8081362,0.30284667
0.8444368,0.39144585
0.14978242,0.58266264
0.82952535,0.4398244
0.8312423,0.3100997
0.18001503,0.62960714
0.20724837,0.81127125
0.12943326,0.56840456
0.7863283,0.4331071
0.12512712,0.60446376
0.79178786,0.34813973
0.86557364,0.41198146
0.81587595,0.581614
0.7819012,0.26651016
0.76274747,0.27327216
0.8033879,0.31931645
0.8105251,0.34721678
0.124907784,0.64690256
0.16258541,0.5539099
0.82487255,0.28355944
0.21205108,0.77242476
0.79482675,0.1936808
0.8044838,0.18103772
0.83929616,0.42055473
0.2218326,0.8630284
0.82155716,0.3328798
0.82737446,0.37373248
0.78868943,0.25507784
0.17165063,0.63047004
0.8725852,0.40261227
0.2298801,0.69588566
0.8572406,0.41819763
0.15898764,0.66897
0.18392375,0.69345367
0.22016402,0.79190075
0.22567628,0.8692328
0.84246635,0.2140298
0.14322624,0.59207654
0.7508325,0.18799506
0.8381817,0.2766052
0.80905324,0.22907946
0.7642273,0.25802144
0.75597155,0.20776938
0.83942705,0.38842556
0.76238614,0.18976955
0.8950408,0.5638976
0.16006607,0.76166743
0.7631382,0.22794011
0.8529499,0.4419984
0.8258669,0.36060408
0.26434466,0.6774942
0.73177713,0.23181762
0.20563531,0.69803905
0.7822106,0.2656985
0.8164562,0.30778947
0.82830536,0.38585165
0.20409879,0.6319217
0.21207924,0.72640806
0.21923909,0.7598084
0.8908596,0.38679606
0.91392404,0.66574734
0.16918047,0.61446065
0.12850556,0.5479947
0.13559876,0.45464015
0.84101355,0.4065949
0.17950656,0.6897969
0.1898251,0.637734
0.26960865,0.84984875
0.8159862,0.36488983
0.15935333,0.48847765
0.13733003,0.62570596
0.1406327,0.6110133
0.81250584,0.36265627
0.88309133,0.41113824
0.083292484,0.3183589
0.19525409,0.75959116
0.19766,0.7089943
0.10924791,0.48058993
0.82053626,0.2342842
0.1410551,0.6040774
0.07838506,0.4574344
0.85252357,0.5187688
0.82268244,0.3919075
0.95914936,0.7108306
0.16206624,0.48135737
0.84155333,0.37243852
0.75022846,0.2590916
0.23662864,0.70372826
0.119804434,0.35518554
0.84360427,0.49295002
0.8774743,0.45240265
0.84944415,0.38188437
0.18340933,0.5766221
0.7430742,0.28549165
0.18444967,0.7561692
0.13198195,0.5717783
0.13648006,0.56935596
0.7712808,0.10865513
0.21162431,0.79574937
0.76430225,0.31290138
0.23844637,0.72182053
0.22202577,0.7092283
0.22031195,0.7606985
0.76153064,0.21836244
0.8914355,0.48467857
0.12283027,0.5983847
0.124721766,0.38027194
0.13841836,0.60140187
0.78301454,0.1620142
0.16948625,0.570614
0.18621226,0.7199702
0.8618839,0.5418954
0.2264033,0.8387962
0.15247667,0.6765888
0.1814385,0.65115374
0.84401757,0.29514423
0.8493367,0.41422683
0.21474494,0.72160196
0.939419,0.70000756
0.19668907,0.62341154
0.12890495,0.40380856
0.869572,0.5515857
0.8535611,0.3942024
0.8714992,0.47186595
0.1234839,0.55744004
0.23661277,0.7738624
0.7948379,0.22281684
0.87220716,0.5581926
0.76559365,0.2006758
0.13600768,0.5897282
0.14221326,0.6373612
0.8503651,0.47389495
0.7485813,0.16065498
0.16019179,0.6264401
0.8645206,0.4376281
0.72809887,0.24701971
0.20709884,0.6265947
0.19862498,0.6978152
0.19282159,0.7745799
0.82725906,0.3906911
0.09768435,0.37522268
0.83466125,0.42671615
0.8376018,0.35956988
0.7935603,0.2660283
0.210181,0.59582
0.78416234,0.21040417
0.84242153,0.35488638
0.20052402,0.7539173
0.23440754,0.70670956
0.7826949,0.3228584
0.15824516,0.5142264
0.22099772,0.8539505
0.15795206,0.5865279
0.85986346,0.49978426
0.8693487,0.34220213
0.88052595,0.3856287
0.83447796,0.368989
0.15569845,0.66978216
0.8652512,0.48055312
0.16255328,0.6912775
0.15147679,0.5863904
0.22532329,0.7185891
0.8043683,0.1648356
0.78086996,0.31202224
0.13358551,0.6038715
0.8441132,0.5195559
0.816014,0.17494856
0.22519082,0.67938304
0.75167096,0.12059559
0.22411478,0.7221223
0.76687235,0.18698013
0.84338737,0.4955204
0.16255328,0.67190397
0.81450164,0.22773424
0.1814734,0.6298143
0.20265864,0.69734913
0.16237798,0.52164143
0.17432506,0.6123598
0.76791984,0.17877658
0.097553864,0.3585729
0.1920799,0.68258244
0.86295116,0.4948756
0.8045424,0.42970008
0.18332088,0.6845405
0.81849843,0.3553279
0.21206933,0.74317396
0.7839827,0.15039219
0.77861243,0.2996122
0.8165324,0.2726418
0.81552017,0.33929664
0.81572366,0.18627533
0.20616837,0.73536026
0.7627911,0.36906913
0.14222237,0.5541359
0.84829754,0.40813023
0.17136268,0.60088325
0.7944238,0.16914414
0.85936767,0.4151095
0.86117154,0.44703537
0.828813,0.3167837
0.14537236,0.5221566
0.23984684,0.77199024
0.15564926,0.49134943
0.06634873,0.3700657
0.1585228,0.6995954
0.83479923,0.41741705
0.8402461,0.39442623
0.79856414,0.24751687
0.24696544,0.7613827
0.85012716,0.36663803
0.83958966,0.32872242
0.17233244,0.66067094
0.1845048,0.6200316
0.84274125,0.377274
0.115971066,0.62240535
0.16340245,0.5828247
0.7823113,0.26345748
0.20894434,0.7494734
0.84626764,0.4556069
0.19613102,0.59738815
0.23967549,0.7349612
0.8778686,0.3797971
0.11201435,0.5929206
0.16550337,0.57918465
0.8075996,0.21162279
0.15599948,0.6107479
0.880209,0.53235495
0.24580333,0.6820726
0.18088919,0.65650564
0.13973832,0.52874726
0.22814843,0.6824712
0.80023354,0.26763505
0.21783029,0.824164
0.7724017,0.2726291
0.15760581,0.53422886
0.75025344,0.2793591
0.9081904,0.5725904
0.8087578,0.37798715
0.8061773,0.3723531
0.8424569,0.3149194
0.18249431,0.66906375
0.77792585,0.16298139
0.10975082,0.48960954
0.15515745,0.6037038
0.83341384,0.33501086
0.7625523,0.2793521
0.13517517,0.46864375
0.7900605,0.30763662
0.13789442,0.67411214
0.8283755,0.38201797
0.8557057,0.29485074
0.86953354,0.38847595
0.16921894,0.7217719
0.7855882,0.27910155
0.7878462,0.09034255
0.80525833,0.3154801
0.22322793,0.7712968
0.84975713,0.34178206
0.11944906,0.6104298
0.14536007,0.5656563
0.89672804,0.395255
0.8465591,0.34849322
0.12938567,0.49050838
0.8662352,0.56698227
0.8887912,0.67591375
0.8881161,0.696406
0.8242582,0.30898663
0.19434978,0.77809954
0.17628597,0.69367445
0.8371635,0.34743536
0.826091,0.27962896
0.7573756,0.23793744
0.86499536,0.35627538
0.85456854,0.31992486
0.108183764,0.5531499
0.8351903,0.30389884
0.89572215,0.48200607
0.83671373,0.44350567
0.82381994,0.3116131
0.85182667,0.43064183
0.72396445,0.25177854
0.1848225,0.6756036
0.16846377,0.70683306
0.84738964,0.45830083
0.19250667,0.72127956
0.14654756,0.50082064
0.882473,0.46994823
0.86257714,0.49669346
0.7303683,0.2817368
0.09590312,0.48491335
0.8486061,0.48200828
0.87137824,0.40814513
0.8019922,0.31803867
0.23021325,0.733789
0.87209535,0.48078573
0.81055564,0.3835121
0.75363904,0.22546083
0.18165427,0.6611291
0.2151269,0.7287472
0.74160546,0.13698344
0.84828085,0.33924624
0.79848206,0.16693117
0.82861745,0.3804292
0.85548395,0.40114003
0.19796143,0.8265281
0.13632895,0.5202678
0.81065047,0.26234618
0.8161187,0.3573074
0.8257923,0.31703645
0.78458434,0.17645541
0.80247366,0.25267696
0.14238697,0.5625839
0.8655804,0.41106552
0.20032015,0.7555958
0.22732703,0.7635278
0.8532018,0.41447958
0.8069107,0.19290283
0.82064855,0.37693453
0.8560745,0.42844334
0.1766576,0.72466165
0.8315779,0.41487643
0.84770024,0.49342045
0.1331984,0.59439504
0.8121509,0.4160631
0.17394431,0.6385461
0.11915714,0.5234821
0.23067334,0.7423881
0.13015313,0.35309392
0.79075223,0.29658887
0.8281376,0.30765325
0.7814693,0.28333956
0.24729027,0.82496035
0.88062906,0.4794532
0.8466,0.3130157
0.7956616,0.20574433
0.74494743,0.23227713
0.7655754,0.20629713
0.77725714,0.26891586
0.7635233,0.3324536
0.113080874,0.41256186
0.19907238,0.702585
0.86229396,0.33929837
0.85767174,0.31928316
0.16960683,0.5292668
0.78132254,0.23729134
0.7577262,0.22033754
0.15462439,0.4891956
0.8279992,0.4027853
0.20225964,0.8240943
0.8890898,0.40951705
0.15144585,0.58150274
0.8471041,0.30469036
0.11053971,0.4657711
0.2088896,0.79198575
0.7976793,0.3080786
0.14668518,0.5519212
0.85272264,0.31644422
0.8064494,0.3510426
0.7915237,0.22221278
0.77601534,0.17602438
0.1946294,0.5257222
0.14234097,0.596615
0.18526474,0.6843679
0.20111816,0.7655379
0.8491582,0.3254389
0.19265541,0.7219392
0.14666297,0.564103
0.15176235,0.55064565
0.8158121,0.45664242
0.24177998,0.72208464
0.7993407,0.29264042
0.86261684,0.39681575
0.82778853,0.3278735
0.82368624,0.43252453
0.122914754,0.49997526
0.20378506,0.66057765
0.9531338,0.65562475
0.19578715,0.6490161
0.8806981,0.3928055
0.15743685,0.5323506
0.7761026,0.34222797
0.83833474,0.32278612
0.7710008,0.19232506
0.21717823,0.68819636
0.8295654,0.38866955
0.8513674,0.37366283
0.86754924,0.46213016
0.86622053,0.46505404
0.81757987,0.33970794
0.12944476,0.49983597
0.8307188,0.30328077
0.22570603,0.8059911
0.87104744,0.53403354
0.1609426,0.7248741
0.84793663,0.47011206
0.77398103,0.26692936
0.15008701,0.77963835
0.20631908,0.7655353
0.8388428,0.3835397
0.8383673,0.3930241
0.082633294,0.37478378
0.84943146,0.3674852
0.7824204,0.19956538
0.14816459,0.45976737
0.8081247,0.24642222
0.22646278,0.66200346
0.78175646,0.2385888
0.11567003,0.45593324
0.19622146,0.79237694
0.79715616,0.3810004
0.93199456,0.4786551
0.13456596,0.68354875
0.8261632,0.42857563
0.8613615,0.24885902
0.7918303,0.24504854
0.22665831,0.8346707
0.8478228,0.24808808
0.09913719,0.39108488
0.84007233,0.27971655
0.79890484,0.15914375
0.13151117,0.5568049
0.82453704,0.32086095
0.7808275,0.11099206
0.8486188,0.31991568
0.08026307,0.40711224
0.8650965,0.44278598
0.8628072,0.34195682
0.86541736,0.5271734
0.7880802,0.3754877
0.16079862,0.6820428
0.24237889,0.79617864
0.19225085,0.6136853
0.12022684,0.5192296
0.7420663,0.3242877
0.17774673,0.7042084
0.15745747,0.6194604
0.8235165,0.38470444
0.80660367,0.3146465
0.21098258,0.6878227
0.15016556,0.5843583
0.85431314,0.4680209
0.8440564,0.3988929
0.12204218,0.44623157
0.13628057,0.6752948
0.86011297,0.41251412
0.16640054,0.61409444
0.16891235,0.83732307
0.16066496,0.5341255
0.1324357,0.48324794
0.15253657,0.6584711
0.13631625,0.5398726
0.8343657,0.35489076
0.8579053,0.5261287
0.15036704,0.732354
0.14184637,0.45184547
0.8205684,0.1900407
0.8810162,0.58732426
0.8583028,0.48150015
0.87657124,0.48688102
0.1508767,0.78241944
0.79424846,0.23041984
0.8690905,0.38404956
0.21838318,0.6934865
0.80304915,0.26120728
0.14937747,0.4483771
0.88435614,0.43204793
0.17014863,0.74028075
0.13391669,0.6027686
0.84030163,0.3784817
0.86846185,0.23317379
0.21477707,0.76193726
0.20556471,0.81393534
0.8609558,0.50889105
0.85548276,0.30466628
0.20079412,0.7855186
0.13999295,0.520185
0.19393373,0.45509002
0.9236504,0.580214
0.84793305,0.33169407
0.8507558,0.42129195
0.10993486,0.31646568
0.8743668,0.3486448
0.17418703,0.57300043
0.16986147,0.69291925
0.8546086,0.5147722
0.8081644,0.45123133
0.8098957,0.331843
0.82080835,0.31073704
0.7674419,0.22507492
0.76600254,0.1961557
0.82267565,0.34890673
0.14620289,0.61370766
0.8206882,0.3179042
0.23122504,0.78165203
0.78837925,0.31501272
0.18257482,0.57309157
0.12744816,0.56483805
0.88886416,0.45317316
0.7612764,0.27664372
0.15384859,0.58161664
0.09679433,0.40383923
0.8598365,0.44687155
0.16108261,0.639399
0.85195756,0.3960093
0.7885018,0.36218846
0.15094134,0.6576012
0.15350194,0.5290872
0.20839818,0.71724695
0.76490706,0.21437673
0.798536,0.23700005
0.75365686,0.25079602
0.8482539,0.4148712
0.111464635,0.50791514
0.8576598,0.419418
0.1644773,0.42774773
0.16022272,0.5306523
0.79772174,0.3355479
0.14437763,0.5500543
0.88025624,0.5599347
0.2466525,0.7952417
0.7983218,0.28187126
0.23904566,0.85258424
0.20995493,0.7978695
0.84766257,0.51080966
0.15187816,0.6542502
0.783126,0.22565137
0.8364516,0.29834542
0.8356877,0.5173417
0.8552694,0.2552767
0.16170332,0.4701484
0.1660987,0.61892337
0.15006837,0.60267484
0.8469062,0.30488223
0.20962335,0.68116236
0.18093915,0.70009035
0.16608681,0.5059509
0.18158525,0.64899904
0.20595895,0.6239056
0.8354025,0.30352607
0.132893,0.6529256
0.12867254,0.5942185
0.15649685,0.758447
0.78551644,0.2450078
0.9293844,0.547377
0.8693293,0.43773147
0.78118765,0.2871334
0.15376054,0.6280889
0.13468495,0.4555425
0.84019846,0.32906845
0.7838871,0.26876563
0.21575911,0.65158385
0.12809743,0.5825225
0.22825989,0.72386134
0.7606636,0.26658902
0.88833743,0.5247734
0.11542135,0.47684953
0.20759423,0.77381337
0.19767785,0.77098715
0.85716563,0.35253587
0.863395,0.42406166
0.826816,0.4188648
0.06982633,0.35734594
0.79624826,0.24234279
0.7960063,0.40530795
0.13864206,0.5343384
0.80176413,0.18308598
0.23876049,0.7351934
0.8373424,0.45741162
0.84684354,0.39646882
0.8282272,0.3109508
0.21924543,0.8047081
0.20651026,0.847224
0.8707123,0.29658931
0.20173094,0.6981512
0.15062642,0.5393859
0.84217685,0.5387757
0.7739767,0.28289014
0.8498642,0.3552438
0.80880934,0.2916903
0.14917795,0.3935208
0.13830493,0.5959965
0.8318575,0.33780205
0.16301337,0.52453953
0.13712022,0.45375225
0.2405445,0.69153506
0.2150559,0.7190149
0.8589675,0.45372334
0.8490523,0.38863847
0.81274265,0.15210624
0.8102439,0.30267277
0.1640553,0.57499176
0.16549425,0.78299063
0.18601713,0.720499
0.820664,0.39831337
0.83201694,0.3555627
0.14378983,0.49591815
0.78722984,0.20535842
0.16343895,0.63946736
0.21650317,0.77019733
0.15310651,0.6046276
0.80879784,0.39515734
0.24586123,0.6907177
0.15665351,0.67257947
0.17462967,0.7745882
0.81961614,0.43213117
0.8484915,0.38189268
0.9205405,0.5492536
0.21726668,0.68331176
0.25063023,0.6919236
0.13922073,0.5046526
0.19550753,0.7219664
0.84503174,0.4929395
0.23804657,0.77440906
0.12950148,0.61180526
0.24476616,0.76243925
0.13125217,0.73275
0.77525735,0.27368084
0.82416856,0.4216253
0.2664547,0.7355315
0.097890995,0.38920745
0.757002,0.19903229
0.15283126,0.5039053
0.82450527,0.39862353
0.24767856,0.7324548
0.24699558,0.749985
0.21037535,0.66315025
0.2292324,0.7833192
0.07878922,0.327315
0.8312102,0.3219661
0.16795966,0.4946027
0.81390274,0.30590197
0.16179614,0.5671763
0.15063556,0.7355464
0.24879427,0.7457851
0.88092375,0.51974386
0.058903717,0.34399632
0.17911667,0.63641506
0.16636483,0.5730241
0.7797444,0.3519156
0.15081245,0.60091305
0.16738178,0.40113917
0.7818318,0.24990374
0.13313653,0.5127484
0.8737913,0.4653392
0.859472,0.5154853
0.20029715,0.5668618
0.17232648,0.5874268
0.8768413,0.36875287
0.7443632,0.2141586
0.24736087,0.8142871
0.24484111,0.7520319
0.15504877,0.5727341
0.9040005,0.7302479
0.1367462,0.48376438
0.16546212,0.66720957
0.13939048,0.54967844
0.20984308,0.80043197
0.88982797,0.3615419
0.12449291,0.5305082
0.20560159,0.7959167
0.1460383,0.6729583
0.15355271,0.54734725
0.7698645,0.19628842
0.20776755,0.7577391
0.21793063,0.7423977
0.14386797,0.5974473
0.12492603,0.58874744
0.16506074,0.66087025
0.8183568,0.2214081
0.82091427,0.3327677
0.1900504,0.8186894
0.8307846,0.4226621
0.77285385,0.19814044
0.83823323,0.2875421
0.14208792,0.43503973
0.13193674,0.47706503
0.8704406,0.4303387
0.1387547,0.4099954
0.22356783,0.72597617
0.1707162,0.56397074
0.2230205,0.7915197
0.22081764,0.63465154
0.8470807,0.5982165
0.77930135,0.22184877
0.7760665,0.20315553
0.13491182,0.5641258
0.17032829,0.6306295
0.12906757,0.57736504
0.2647405,0.7231206
0.23230188,0.7455179
0.86640143,0.3762867
0.8582373,0.41833562
0.79902226,0.34108907
0.80496246,0.42336604
0.8524387,0.47488886
0.15700373,0.59403586
0.7796198,0.28042838
0.208865,0.6527959
0.148046,0.4926482
0.90318346,0.548342
0.2323915,0.7624095
0.81630033,0.33957434
0.19310835,0.61952
0.20451444,0.67766595
0.14935802,0.5267547
0.21268448,0.76143444
0.19602591,0.7031632
0.86830556,0.4841354
0.8480667,0.5226914
0.16794775,0.682324
0.87870544,0.58369905
0.87995046,0.44859305
0.18254945,0.51031816
0.8054174,0.3670397
0.17735884,0.6164498
0.8467737,0.34898907
0.14278677,0.51353294
0.75569195,0.22857483
0.78513646,0.2223604
0.8264321,0.39027452
0.1871253,0.66120666
0.8785793,0.49489227
0.14392667,0.6570453
0.851647,0.3021099
0.86157924,0.23074794
0.84950805,0.30416122
0.86137104,0.3199805
0.16987614,0.715338
0.85136384,0.3536936
0.19937739,0.6335144
0.24365601,0.725518
0.14364664,0.6131575
0.15804724,0.61228013
0.2079504,0.8209952
0.233932,0.6467133
0.78039956,0.34346718
0.76425105,0.29062456
0.83789253,0.46462435
0.74952644,0.29739136
0.7496886,0.29691213
0.84015447,0.393788
0.87129414,0.54391694
0.8383665,0.34276325
0.14881663,0.6309028
0.86409146,0.542881
0.75715387,0.19858286
0.1353961,0.562449
0.7993713,0.44032642
0.19915012,0.9156445
0.12896723,0.473573
0.76056486,0.22699308
0.21728374,0.83887416
0.76182294,0.33507088
0.7829745,0.21035555
0.21967101,0.78338885
0.22539745,0.7718019
0.8177044,0.32975224
0.12997346,0.5625524
0.82303065,0.5258247
0.8900037,0.49998358
0.13934448,0.6091166
0.8436368,0.3531592
0.8864511,0.3368607
0.8896118,0.52033085
0.75523144,0.11902829
0.81870866,0.40899274
0.82017654,0.2600294
0.1782314,0.71699685
0.19556504,0.7723783
0.76117325,0.21194431
0.22883578,0.7352074
0.7682855,0.3279725
0.86876214,0.32598424
0.8370029,0.37662047
0.83487976,0.42469504
0.85469985,0.26244825
0.7892796,0.2110551
0.12264227,0.49276164
0.8978243,0.58151937
0.863957,0.36442244
0.20790915,0.76796293
0.8182192,0.21943694
0.8595307,0.4991894
0.17935266,0.72029877
0.16429645,0.63276887
0.16452292,0.6659362
0.8459951,0.48771197
0.2217267,0.87107253
0.8656288,0.3547142
0.19119862,0.61448604
0.18453653,0.5613644
0.7705796,0.2574222
0.16569296,0.58881974
0.8879892,0.43031287
0.12266171,0.4059243
0.14641547,0.6261449
0.15204316,0.59098536
0.15205942,0.6151374
0.12376987,0.52385265
0.7377622,0.2814766
0.16997212,0.6031838
0.7797404,0.2175709
0.13561583,0.6357948
0.84864616,0.34586763
0.20325834,0.7510205
0.21615098,0.7520617
0.10127697,0.38978744
0.15458512,0.6328297
0.8534445,0.5706359
0.1878051,0.6647373
0.14792146,0.67390054
0.16023384,0.60021746
0.21067083,0.7868178
0.11627687,0.35646945
0.13808441,0.65811193
0.7296818,0.1931074
0.81767625,0.31514105
0.8746948,0.34533015
0.9154248,0.6514923
0.14175555,0.65684515
0.7715029,0.14612003
0.14115189,0.6451312
0.7582946,0.15384525
0.8677023,0.48580694
0.09880958,0.4988267
0.13694213,0.49933746
0.77564925,0.14315888
0.24583507,0.97082496
0.12369689,0.41536003
0.13228656,0.40003356
0.8863099,0.573191
0.2265786,0.6624152
0.15513961,0.468713
0.20530531,0.73302066
0.7928841,0.26301727
0.8459075,0.37831524
0.15591262,0.60127664
0.8428713,0.2334607
0.84786046,0.40383878
0.7781575,0.25174218
0.17982544,0.73792803
0.83339006,0.34070054
0.8473349,0.4602387
0.17421718,0.642764
0.8463977,0.32572097
0.15096197,0.6188143
0.18900053,0.6921746
0.8511326,0.46957633
0.1199139,0.612373
0.14465606,0.49678677
0.124642044,0.5142553
0.16160417,0.70287323
0.82043356,0.3417562
0.15044716,0.54617065
0.84444356,0.42256314
0.09429719,0.27869856
0.15415122,0.6091271
0.81069964,0.33961684
0.83018255,0.38027018
0.83815587,0.37375966
0.13128866,0.55169344
0.17184299,0.5462298
0.20144974,0.6927528
0.17849913,0.5990444
0.75368184,0.28222606
0.8495013,0.28701514
0.8642192,0.3113805
0.22592814,0.7466064
0.75938606,0.2922935
0.8097521,0.24982752
0.8732828,0.33748797
0.8231651,0.35467175
0.77170086,0.29677022
0.84176636,0.4039899
0.8690556,0.5091749
0.13860041,0.7324429
0.19421017,0.82835597
0.85933477,0.3345286
0.08434631,0.29293302
0.79912496,0.19535847
0.25427836,0.76497066
0.7719709,0.18791315
0.79850703,0.18615706
0.8386588,0.25760138
0.17179857,0.5431867
0.7716021,0.17913006
0.8060322,0.42639375
0.8505444,0.4539822
0.8694106,0.4521727
0.78011996,0.18915193
0.17428699,0.65290457
0.13744465,0.51580983
0.15454428,0.6754898
0.14597999,0.5130892
0.8323497,0.35258886
0.87322176,0.5184911
0.21276303,0.79074657
0.7595035,0.2283856
0.7916685,0.24286623
0.83629215,0.3176576
0.8392934,0.3275292
0.13592796,0.43122882
0.15500356,0.5597708
0.2123537,0.7087149
0.15878536,0.6491703
0.74221987,0.3062511
0.84582776,0.3968661
0.77891386,0.3285739
0.82323295,0.31050095
0.8406419,0.2984247
0.1923504,0.7974875
0.822987,0.50040454
0.1597432,0.47868752
0.91242915,0.5297609
0.14984944,0.5255106
0.9103679,0.5155501
0.14579278,0.61882174
0.84863424,0.37871385
0.8015531,0.33365822
0.13581017,0.5231343
0.18606353,0.67705923
0.15864892,0.5075866
0.8576368,0.3649135
0.82910097,0.3490066
0.16409416,0.6360191
0.80247366,0.34633458
0.8535306,0.33087885
0.17511514,0.5644298
0.77180594,0.2016097
0.84897494,0.4488011
0.1708427,0.59795016
0.7923078,0.30419058
0.8222596,0.3767107
0.835999,0.39806634
0.12352159,0.48884428
0.24926466,0.8426579
0.7728019,0.18759601
0.1284873,0.58167225
0.8527893,0.4553686
0.8275315,0.40856478
0.1432655,0.5240616
0.1539418,0.6538148
0.8690096,0.42096692
0.18343908,0.6689547
0.20994025,0.7686576
0.15181708,0.69155085
0.7882793,0.26460034
0.8413511,0.28137103
0.19217747,0.61295384
0.8345145,0.40704915
0.9020245,0.5846443
0.122894526,0.49603292
0.22181436,0.7909498
0.22065662,0.8510472
0.8490912,0.3608025
0.8285394,0.47033545
0.8522773,0.36175653
0.7758495,0.1805309
0.8294849,0.53983885
0.2101108,0.67647624
0.82616717,0.17410797
0.19327018,0.7099598
0.77018934,0.26382852
0.8324996,0.35642388
0.8779308,0.41490185
0.11104699,0.43942887
0.13149728,0.5811948
0.17918172,0.75611925
0.8530784,0.39585993
0.105134524,0.4084465
0.7983781,0.41766104
0.13323568,0.5588606
0.19171184,0.5696924
0.18890177,0.71003777
0.14353123,0.4906582
0.82501656,0.45923734
0.133716,0.48144585
0.81853217,0.2949861
0.81867176,0.40390143
0.08867307,0.28488365
0.15641317,0.64049494
0.15098774,0.6619001
0.11650492,0.53773624
0.16046824,0.44045958
0.13576496,0.58051103
0.91112185,0.47161192
0.19204858,0.7612846
0.19304132,0.7506359
0.867134,0.51181585
0.8102261,0.47405046
0.15670666,0.6138387
0.8452082,0.5304609
0.13719597,0.6556773
0.843993,0.30910492
0.13279861,0.6280801
0.77229935,0.19862755
0.8515463,0.3259518
0.85739803,0.49085706
0.20203318,0.75241876
0.18358305,0.7015801
0.14576937,0.63733715
0.92559505,0.5869782
0.85684717,0.4418039
0.8147785,0.20801161
0.23337474,0.96568066
0.14390089,0.56734186
0.8177968,0.286705
0.1868183,0.7650092
0.9160348,0.5214312
0.7625099,0.26249993
0.07370451,0.34950203
0.12592632,0.59889805
0.7680404,0.22350849
0.80152655,0.3983528
0.20650153,0.8203215
0.8402806,0.4501818
0.780515,0.3226797
0.2154783,0.74176085
0.872674,0.46698755
0.1728294,0.6065094
0.16468713,0.5894864
0.1731709,0.43153018
0.12573038,0.50672626
0.81944436,0.18923777
0.10351908,0.36411187
0.21768829,0.66723716
0.75627977,0.33605778
0.77596456,0.2142186
0.14299896,0.4940451
0.78827417,0.24020077
0.7922404,0.31115973
0.20356216,0.7386206
0.8070717,0.2219355
0.14373232,0.55559677
0.18342559,0.7732544
0.77804244,0.29467902
0.8375617,0.28271797
0.8771999,0.33218992
0.7822078,0.15472613
0.114160486,0.4702159
0.8508054,0.41826117
0.14882259,0.6419786
0.82838905,0.5041007
0.19359818,0.82250905
0.7960341,0.4076979
0.13957928,0.66239244
0.16871166,0.6531551
0.87502956,0.5078389
0.8533374,0.37018043
0.11500529,0.5325267
0.8112454,0.20886403
0.08033605,0.3474152
0.15604906,0.65673476
0.81499267,0.20366278
0.1987991,0.7337286
0.1409623,0.45502037
0.8331981,0.4801374
0.19568919,0.68475777
0.88908744,0.46075296
0.78700376,0.31735796
0.84430236,0.3616996
0.1830956,0.6731384
0.8414403,0.31213525
0.07587523,0.38579604
0.24178395,0.6874324
0.7902509,0.2492134
0.14195108,0.7112301
0.8983455,0.41530615
0.7830645,0.1268201
0.13780518,0.64132243
0.1700463,0.58069676
0.7759039,0.344101
0.84841096,0.396789
0.9450419,0.6148032
0.18545431,0.7215669
0.19011067,0.7258636
0.8671653,0.51205105
0.15260796,0.45895395
0.8220462,0.38582274
0.8207152,0.30459532
0.8873546,0.42336956
0.21384937,0.71428585
0.08890827,0.3698138
0.11881644,0.5945256
0.87754536,0.31745303
0.75600606,0.21811187
0.16601461,0.5552669
0.84121543,0.29030916
0.13063979,0.57269734
0.7469337,0.26791278
0.1479516,0.3523843
0.8130215,0.41986918
0.8564723,0.40863398
0.15091597,0.570918
0.80557483,0.33931372
0.16958423,0.5875809
0.15167628,0.5528761
0.13446482,0.5895346
0.1243775,0.4586447
0.75287235,0.2223214
0.25421333,0.68462193
0.1601783,0.7038851
0.1675789,0.7562524
0.8394278,0.4074215
0.84128565,0.48292685
0.8400708,0.44556445
0.17649737,0.6521511
0.10227487,0.42700702
0.8510485,0.524073
0.11239749,0.39390454
0.8439688,0.35139346
0.2135995,0.9601075
0.1456948,0.7177595
0.1373669,0.5258054
0.18286793,0.5176448
0.7892637,0.3222044
0.16609791,0.7042381
0.13936788,0.6429138
0.15120867,0.44325557
0.07221796,0.4479294
0.16220307,0.6648201
0.22964568,0.79262745
0.21199436,0.6924558
0.8923073,0.6224246
0.7952281,0.30219838
0.22399262,0.8209514
0.7722462,0.2314869
0.16620381,0.5932851
0.15232834,0.6452122
0.9263443,0.57011336
0.7556174,0.21619458
0.8878234,0.5469438
0.1429839,0.55259055
0.16793269,0.78009874
0.14004095,0.58386815
0.85607296,0.33762026
0.13262053,0.6103685
0.13817523,0.55019313
0.90487903,0.65099996
0.7291856,0.21140991
0.163738,0.60871446
0.77256036,0.24621108
0.8665989,0.370477
0.8166307,0.2620917
0.22234108,0.8100136
0.20261541,0.6703656
0.14274037,0.5536015
0.83011633,0.34539804
0.022759039,0.33967158
0.15114799,0.45174122
0.74534005,0.22637238
0.15348807,0.5679805
0.7989477,0.23947757
0.23833968,0.74855
0.16907972,0.5751889
0.85723466,0.21090573
0.15351543,0.70723253
0.12045728,0.60378397
0.76635873,0.12999849
0.8587656,0.5092884
0.1321299,0.5978293
0.14181226,0.6197425
0.8284751,0.41212207
0.19699566,0.71569455
0.7515044,0.17681591
0.11188466,0.3123718
0.7986018,0.3793433
0.22195318,0.7435861
0.1802411,0.6709867
0.12704876,0.597064
0.17061545,0.74787366
0.16340801,0.5525476
0.114450015,0.43959883
0.14949287,0.5064083
0.14407183,0.5885718
0.14124312,0.6666506
0.8510695,0.4600889
0.19678941,0.66273147
0.81766236,0.3093835
0.9053704,0.63415396
0.80319273,0.31841758
0.17404862,0.7052027
0.83941716,0.47221988
0.84626764,0.4556069
0.15583806,0.6233664
0.1336565,0.55622184
0.15752767,0.60487026
0.82944447,0.31215802
0.15388945,0.55816764
0.1738384,0.53186435
0.7913341,0.28230053
0.2550958,0.85558003
0.7543387,0.14350757
0.87101334,0.5118474
0.16582423,0.5557536
0.70294976,0.23572448
0.22342545,0.7838593
0.8565858,0.3727907
0.8553281,0.42774862
0.14877737,0.65189403
0.18111327,0.6539125
0.24076939,0.68595093
0.24593976,0.7480708
0.75570387,0.23863567
0.8826372,0.5855353
0.8245299,0.46543384
0.21916927,0.79992473
0.9198194,0.6365938
0.16233674,0.5414096
0.8485054,0.3416594
0.7946701,0.18004031
0.88925445,0.63960445
0.17226778,0.54433876
0.21237156,0.7961883
0.15618153,0.6551587
0.15098538,0.6086514
0.21767163,0.68161
0.8793876,0.49062228
0.05750403,0.2805094
0.8291002,0.46176043
0.84669715,0.3766095
0.1288756,0.6043893
0.11098948,0.61927646
0.14563373,0.5065081
0.9125085,0.4903923
0.814625,0.4226192
0.9005435,0.37967885
0.8453558,0.29641935
0.88076633,0.59236866
0.13333485,0.5351847
0.13842867,0.54311055
0.89895624,0.64822197
0.88521403,0.5105118
0.83277565,0.35160723
0.7953067,0.3154341
0.76059854,0.28350514
0.15334964,0.46528357
0.8598246,0.43128532
0.8473401,0.40266398
0.8306125,0.41385406
0.83076125,0.32030115
0.83776915,0.28456956
0.84233904,0.49968526
0.13840765,0.48526466
0.20181543,0.74246216
0.85571045,0.31058678
0.16875926,0.6771701
0.15578967,0.4748731
0.15138835,0.6163179
0.16941686,0.6578167
0.20691441,0.66270566
0.15781602,0.43326175
0.07458819,0.29883382
0.7951936,0.33736137
0.93180937,0.65794724
0.15134273,0.51343524
0.18495616,0.5939009
0.8089521,0.23660186
0.8269949,0.2941464
0.1774207,0.68732727
0.89045703,0.54708964
0.8456679,0.49940097
0.8751041,0.50889546
0.20363513,0.6951182
0.17145668,0.6588781
0.8580965,0.34909552
0.13911165,0.5994772
0.16483586,0.71644884
0.74023235,0.23403059
0.203674,0.6998144
0.152228,0.5444334
0.8444705,0.31782186
0.83406115,0.40199378
0.15373755,0.61733943
0.8238842,0.5055309
0.8519667,0.47624022
0.76150924,0.32496053
0.8437336,0.3319398
0.8126645,0.30388656
0.91358054,0.5407679
0.82967687,0.4235005
0.14291884,0.5542034
0.19904184,0.67049086
0.14368156,0.48505965
0.0971382,0.4104343
0.9082634,0.62924707
0.23704866,0.6854599
0.1008034,0.23512699
0.8541866,0.5394223
0.8301833,0.2649994
0.15383393,0.64968234
0.95375454,0.5994351
0.8325353,0.31047115
0.7418744,0.11047474
0.25351092,0.64505666
0.14671652,0.7329988
0.79279566,0.2525946
0.1468474,0.52045435
0.13496615,0.55569273
0.09157596,0.48004892
0.86040765,0.39662126
0.7654223,0.26793772
0.15677013,0.6914002
0.16529158,0.7880167
0.16739923,0.66240734
0.8438462,0.43620884
0.8109503,0.27923208
0.77985144,0.24239972
0.14028844,0.56383014
0.8172979,0.26092914
0.83880633,0.41012636
0.1536356,0.5683143
0.25060764,0.76579726
0.16323666,0.68393075
0.123095214,0.53081393
0.77209944,0.3115461
0.20897487,0.7335065
0.89220375,0.5139189
0.19480194,0.7249827
0.76284623,0.2810644
0.81573874,0.41953233
0.22856925,0.6350887
0.20765015,0.69985557
0.15589556,0.5007799
0.2274016,0.6716753
0.11346758,0.55119056
0.8281618,0.56729764
0.11557405,0.58038485
0.14359628,0.64319986
0.823434,0.5346126
0.113412455,0.570784
0.19454691,0.7160551
0.22864263,0.8492425
0.1892492,0.71407646
0.81564194,0.45565507
0.11650135,0.5059939
0.77632624,0.22536972
0.16134596,0.5899573
0.7653291,0.24101552
0.13820457,0.4655175
0.18067144,0.5634753
0.81652486,0.31712407
0.12125012,0.5414657
0.86197865,0.42517602
0.8548819,0.4504477
0.15075335,0.47958374
0.22245729,0.7236603
0.24348547,0.7987784
0.1449801,0.54737264
0.17236495,0.7031308
0.1662633,0.65933317
0.8216758,0.2557997
0.17046751,0.57667905
0.17516948,0.55198777
0.1787958,0.65094566
0.19320156,0.73290765
0.2081146,0.6814703
0.7870347,0.25013983
0.1375089,0.5512247
0.8211752,0.3815396
0.22189607,0.82726175
0.8524006,0.3590188
0.8302809,0.24562894
0.8400172,0.41507795
0.17713752,0.6205108
0.13799398,0.54081476
0.79410845,0.25813404
0.13183878,0.5845646
0.18401854,0.73764944
0.18858844,0.6247572
0.77036345,0.23893222
0.7677275,0.18717726
0.17388442,0.71651983
0.7701731,0.22837159
0.18248837,0.7841103
0.21079578,0.6787194
0.7599509,0.24668197
0.81648916,0.2792899
0.8317659,0.4451593
0.13737564,0.6457654
0.8270405,0.33969656
0.21114956,0.6689612
0.8564113,0.34858388
0.7936694,0.4684081
0.8261164,0.32399994
0.14027297,0.670066
0.14067475,0.52091604
0.16678922,0.75948733
0.847093,0.43283114
0.8538903,0.5398682
0.83786076,0.3704424
0.18697299,0.79236555
0.7228833,0.117030844
0.13541275,0.40595362
0.13903472,0.5279168
0.15469936,0.6602855
0.19504903,0.5917874
0.86079633,0.40875927
0.10323668,0.562297
0.06877488,0.39636588
0.10814609,0.45453635
0.7677969,0.109324455
0.83387,0.32647923
0.78925854,0.22998926
0.84027344,0.41344583
0.7540777,0.1911301
0.8383153,0.5853023
0.20425585,0.6219082
0.08436019,0.44261298
0.81147265,0.2609366
0.19565706,0.7444675
0.85653937,0.5488646
0.8982804,0.62769115
0.18616466,0.6697186
0.14593834,0.6032955
0.16365233,0.5333108
0.8152219,0.360382
0.2310073,0.7525799
0.81471187,0.39714208
0.08285937,0.48300263
0.8367919,0.38719073
0.22959174,0.7445139
0.19305283,0.7073833
0.83964,0.24406733
0.09514953,0.35427618
0.844035,0.4337769
0.15821344,0.51118726
0.14061922,0.59615594
0.1910594,0.31059247
0.8552722,0.33652472
0.13535683,0.46264398
0.16283767,0.64631826
0.13352443,0.66565406
0.84660953,0.42299414
0.844881,0.50398195
0.17310664,0.73809886
0.8138353,0.29032362
0.17742825,0.52221525
0.23299953,0.8024899
0.82950634,0.23097089
0.16571754,0.5409602
0.75937694,0.2972836
0.84251475,0.4240853
0.14919382,0.5948515
0.83787507,0.26110697
0.044458695,0.41897514
0.124000706,0.5828142
0.76111376,0.3191329
0.7783546,0.29001263
0.8352387,0.28490335
0.751972,0.16419125
0.16941646,0.6600831
0.8347818,0.36027947
0.14759742,0.5222823
0.77362764,0.195482
0.90284556,0.6239109
0.76455843,0.2383746
0.83844185,0.41334113
0.20076635,0.75984174
0.13873844,0.511698
0.76384336,0.13610035
0.14197052,0.71542823
0.8396214,0.29782677
0.7322309,0.31028718
0.13696037,0.45421264
0.75607705,0.23836015
0.86325026,0.50837857
0.11805493,0.5466407
0.13009721,0.3896639
0.13448465,0.32302266
0.19070323,0.6573156
0.19986404,0.7450098
0.1935129,0.8158176
0.20152232,0.8161829
0.79326963,0.20717014
0.14646585,0.5598339
0.8055348,0.35931012
0.1705389,0.6809245
0.8782628,0.59476215
0.1582412,0.5553256
0.13583277,0.46029958
0.16718863,0.77271825
0.050751124,0.2733904
0.85452133,0.41133755
0.20552187,0.8244154
0.15856722,0.5987325
0.9056441,0.61987305
0.82774013,0.3977159
0.1831071,0.5730793
0.8326162,0.3343709
0.12327528,0.60043734
0.16752258,0.64826095
0.16789025,0.6519041
0.82606995,0.3307514
0.18003525,0.60719365
0.07902878,0.39713505
0.13878524,0.5536966
0.8735882,0.45288232
0.85448563,0.50180626
0.7540289,0.24884018
0.14207523,0.5651232
0.8322914,0.36566865
0.16460423,0.7196895
0.8435797,0.42854014
0.20211884,0.66818506
0.12689765,0.551025
0.13553888,0.54972225
0.17746116,0.7597094
0.7814606,0.22436792
0.8390043,0.5216572
0.88410825,0.44281447
0.19158413,0.78959846
0.7504704,0.19694547
0.13510378,0.42778584
0.16959096,0.52953225
0.8807334,0.5252097
0.15518045,0.50701714
0.8513095,0.39353877
0.12232339,0.53827983
0.21936879,0.83738303
0.8215576,0.29537332
0.122967504,0.4184311
0.1808626,0.5238176
0.8119411,0.4048213
0.13882291,0.5902753
0.034336075,0.30827528
0.19602156,0.8266021
0.7752875,0.26832715
0.18333833,0.6552424
0.78408897,0.07885108
0.15299664,0.53602135
0.8713925,0.5816105
0.79657626,0.39678288
0.8813339,0.4556161
0.21483974,0.7173512
0.21962222,0.8049569
0.20905022,0.7913633
0.16686061,0.5222214
0.81916356,0.39221108
0.83243656,0.29143187
0.20894235,0.7766264
0.15717229,0.71893036
0.84245014,0.53699464
0.8627981,0.46536067
0.13555434,0.5486088
0.12193113,0.41472137
0.18715821,0.4544356
0.82259476,0.38427955
0.8537507,0.4284512
0.12900212,0.63635594
0.21002553,0.7249052
0.7808446,0.28448722
0.1859608,0.6217899
0.8375958,0.4298915
0.82277644,0.35443607
0.78216296,0.30382526
0.8355175,0.4141515
0.14740902,0.56698835
0.21262856,0.72581935
0.8285612,0.33316147
0.1475637,0.5640023
0.16062014,0.5128422
0.17086056,0.4634688
0.15949175,0.6836267
0.839757,0.32859668
0.1858446,0.5745204
0.15261033,0.57631814
0.064926445,0.27428532
0.8040911,0.27875462
0.102974914,0.3557401
0.7872334,0.31019562
0.8438669,0.39588138
0.8399157,0.3454918
0.811782,0.2875688
0.72418654,0.2000481
0.8460419,0.37570408
0.16437855,0.55494934
0.8664922,0.44368002
0.13066596,0.42443573
0.15266308,0.5848682
0.14371805,0.49292374
0.22940731,0.87151754
0.8038468,0.38395628
0.81903505,0.44213814
0.8357016,0.2980436
0.8444265,0.3413116
0.1714777,0.5809368
0.1684598,0.5857359
0.85910434,0.5047183
0.14405993,0.63054407
0.827357,0.26575762
0.7589942,0.10653109
0.14479329,0.5194819
0.22520192,0.71260554
0.8677456,0.34410584
0.12760681,0.35448688
0.1384489,0.4698935
0.80469394,0.34894922
0.8399141,0.3305924
0.7987557,0.3887081
0.2007148,0.7164721
0.83086795,0.47740933
0.8705247,0.35417545
0.8374816,0.38501588
0.09960639,0.46893373
0.8217702,0.19397734
0.7625432,0.25419125
0.86854076,0.37908047
0.8413967,0.37757888
0.14392509,0.73990136
0.8296733,0.31387252
0.21104048,0.86322373
0.15347339,0.6098376
0.23192707,0.772084
0.8375554,0.30799317
0.83992285,0.44913754
0.8547688,0.318146
0.23185329,0.7393096
0.85617805,0.35576507
0.84315217,0.32686076
0.1358169,0.49228945
0.80381465,0.21416034
0.14118877,0.735069
0.7856659,0.11196188
0.93297464,0.64856625
0.86034894,0.4938883
0.2258726,0.72617245
0.8600332,0.5225342
0.15095165,0.62732977
0.15601891,0.59952533
0.8815996,0.5183951
0.17970407,0.64067984
0.76834464,0.25180045
0.21311364,0.8126931
0.864007,0.41742977
0.24199177,0.7294603
0.792921,0.1897862
0.19527352,0.7611427
0.8472925,0.40103185
0.7940878,0.20740187
0.8361644,0.46136227
0.9222174,0.70445406
0.15144347,0.66050804
0.8361351,0.32363942
0.10983491,0.23199634
0.13249916,0.6228171
0.84533834,0.31818804
0.7562861,0.2730654
0.7712594,0.17965572
0.83767915,0.42640078
0.1600137,0.6535791
0.14207166,0.41147903
0.7760276,0.28113666
0.85972863,0.37086073
0.853784,0.4329183
0.8408882,0.28805897
0.7822705,0.27932626
0.21033886,0.77312696
0.1550587,0.46737564
0.10093627,0.48329085
0.16943629,0.6238653
0.8393021,0.46069863
0.79314905,0.3805672
0.8344046,0.46101534
0.15122533,0.58609074
0.795294,0.22371744
0.16265522,0.5114588
0.8119724,0.24614757
0.813338,0.3668483
0.76018214,0.2123841
0.8874792,0.5398734
0.86607575,0.48563346
0.7906959,0.24138041
0.7786104,0.28010815
0.1043976,0.43063134
0.13096303,0.56061715
0.070492655,0.30599836
0.7987736,0.232543
0.23499812,0.69849896
0.853809,0.40156713
0.7916458,0.1959923
0.83580786,0.39321113
0.7452306,0.23019382
0.8363742,0.49620637
0.1401996,0.539516
0.8878682,0.4382856
0.0813645,0.44281402
0.8257162,0.281099
0.20909743,0.83562744
0.84712,0.36451575
0.15291692,0.5361816
0.18501486,0.75651175
0.13029155,0.62577343
0.18838339,0.6638397
0.17774436,0.65933055
0.15397036,0.6187788
0.19607073,0.61377776
0.18883196,0.6919455
0.19039941,0.6789459
0.83689463,0.576577
0.8585748,0.47065872
0.17281076,0.68966466
0.03691849,0.38904056
0.87651134,0.63047093
0.8761647,0.45532656
0.78111786,0.20623976
0.85865057,0.451626
0.14952777,0.50023806
0.8621861,0.39569962
0.14569561,0.6167604
0.8348881,0.33357367
0.13558766,0.3932974
0.1607427,0.6379342
0.8941071,0.46532476
0.7542712,0.21636848
0.7517416,0.2572562
0.15517174,0.43178776
0.7853237,0.14764526
0.1261274,0.5420137
0.14979352,0.5333169
0.90466684,0.629078
0.8659735,0.47488886
0.15847759,0.6808846
0.8066509,0.36684915
0.19532865,0.72565424
0.16003077,0.5977355
0.85529435,0.45340532
0.8842526,0.32777974
0.7881048,0.34182367
0.7463082,0.28009897
0.25305757,0.7618764
0.12408241,0.577471
0.15005648,0.5332179
0.7887616,0.29645878
0.8549061,0.5297167
0.8460951,0.35620224
0.85134476,0.4546476
0.21851961,0.7109226
0.7791871,0.28657535
0.13579549,0.5276075
0.8754587,0.4213248
0.8208516,0.2735354
0.2222915,0.73837703
0.8458349,0.35409352
0.1392834,0.659313
0.14693981,0.62817824
0.2167721,0.7561092
0.23089783,0.73381835
0.7521548,0.18368916
0.1109403,0.34789443
0.23511472,0.76189524
0.19739704,0.67786044
0.21165486,0.73209643
0.1555517,0.5950714
0.18888432,0.7228578
0.8417469,0.43317196
0.8424394,0.34614533
0.21322231,0.7815062
0.1680263,0.57992756
0.74453217,0.33621854
0.7949152,0.3017187
0.12276007,0.5896958
0.8134185,0.2588305
0.2016893,0.73970646
0.81896764,0.24909468
0.2200236,0.7314797
0.2119194,0.7845667
0.21549575,0.69277996
0.16435555,0.4902044
0.17582272,0.62542427
0.8159315,0.4166356
0.8460923,0.3907879
0.82443035,0.4039128
0.16589047,0.5503259
0.12649626,0.38784122
0.7990698,0.20793803
0.24594294,0.73732615
0.18688296,0.6950674
0.817142,0.33252808
0.18725578,0.7680155
0.8092131,0.30121586
0.77651626,0.1950698
0.10619827,0.52628464
0.23152727,0.7037659
0.22449434,0.6581277
0.16232364,0.62338394
0.7897504,0.3146868
0.12403006,0.62975997
0.18134172,0.7727305
0.7570948,0.26644447
0.7701818,0.27846202
0.17497116,0.5200277
0.8342031,0.3645994
0.18259229,0.560989
0.82353437,0.4541421
0.8427063,0.42440552
0.20231557,0.67079574
0.8098596,0.35577428
0.84007674,0.38509735
0.16726676,0.49946976
0.83682364,0.28588632
0.14449304,0.4954845
0.86165226,0.46376622
0.11786733,0.72168165
0.10304591,0.4417531
0.12130367,0.5422353
0.86575687,0.5322831
0.8593364,0.5751372
0.1468704,0.48829278
0.21105278,0.7511116
0.14070053,0.6706118
0.78763795,0.2125786
0.786266,0.2563591
0.7527867,0.21059209
0.17107236,0.5676704
0.1873954,0.68857265
0.8519175,0.35106888
0.107820064,0.37483108
0.92825246,0.4825979
0.7555412,0.21911804
0.84676695,0.46029872
0.75886375,0.19325458
0.14188167,0.4566722
0.19368623,0.5723644
0.1470223,0.667581
0.86537653,0.4599899
0.14148863,0.6665661
0.1783131,0.650155
0.19481106,0.6140217
0.80617374,0.34607393
0.23750359,0.80082667
0.8212593,0.19159223
0.12136475,0.35227174
0.76497453,0.2797148
0.12918219,0.584887
0.83432925,0.27201104
0.14477544,0.6394796
0.08073307,0.36990622
0.7727868,0.30033585
0.81316346,0.4114957
0.83104324,0.24149999
0.74764484,0.32458252
0.8623634,0.37555778
0.86369085,0.40688094
0.1748506,0.68620855
0.14453708,0.5199042
0.8352835,0.30332676
0.12846947,0.5334448
0.7947974,0.2743379
0.22573975,0.8464452
0.12949117,0.47017732
0.16262746,0.60348916
0.14123121,0.6524998
0.7286676,0.25276586
0.8245299,0.2997401
0.18270175,0.5849098
0.82701313,0.38732696
0.17688844,0.49088466
0.19492131,0.7277949
0.25020823,0.80851686
0.8528952,0.33162045
0.8375487,0.32598817
0.16157283,0.5652327
0.7675002,0.23610644
0.17314829,0.6835847
0.14645514,0.5825751
0.83547986,0.4745218
0.86465627,0.47282308
0.81763065,0.39622393
0.85045356,0.3878364
0.8915763,0.57599926
0.11604761,0.53096116
0.20996921,0.7440001
0.78546166,0.22209495
0.8356928,0.3896556
0.8953315,0.662304
0.87833184,0.5075349
0.77814716,0.23683971
0.14565714,0.43159765
0.74654937,0.27521878
0.1527079,0.6701742
0.13229331,0.53348464
0.15578689,0.6331946
0.17691383,0.81304306
0.13811098,0.361877
0.8370862,0.3337962
0.17124529,0.68831897
0.9668058,0.7009643
0.23143922,0.8705924
0.22933355,0.8194288
0.8007491,0.35551146
0.23407677,0.8073057
0.14395125,0.49947238
0.8319047,0.29038978
0.18444015,0.7749798
0.82272047,0.35401905
0.21276143,0.9041938
0.17588776,0.68060386
0.7693382,0.27432343
0.89754665,0.40828398
0.17597502,0.57047474
0.83242625,0.46936476
0.86659414,0.47159788
0.76384175,0.27317402
0.19046366,0.7942706
0.84724766,0.4165721
0.7867174,0.25323457
0.14009528,0.57132274
0.22607727,0.70178735
0.85683566,0.32755065
0.22691494,0.6777413
0.82977486,0.3250223
0.87093085,0.42989323
0.15811864,0.38601154
0.13120219,0.5874246
0.14771879,0.56925344
0.8549291,0.47891662
0.8023372,0.24064057
0.17862485,0.5085363
0.82515734,0.18473782
0.13301198,0.64205086
0.7585984,0.23883323
0.1873466,0.53748965
0.13950828,0.4790042
0.2135654,0.66660416
0.20356335,0.7516136
0.13300882,0.61734205
0.19190897,0.8196785
0.15918794,0.5057788
0.16327752,0.75127983
0.15397511,0.6015088
0.1473769,0.53366643
0.16994238,0.6147042
0.16546847,0.69365865
0.10995429,0.50607187
0.84121186,0.36847824
0.7889048,0.16523202
0.83208,0.3405262
0.1411027,0.71439886
0.8334999,0.24096033
0.80003244,0.32433066
0.855131,0.44281447
0.826864,0.3384591
0.87655574,0.45615402
0.15626521,0.64863807
0.21044396,0.7426724
0.114081554,0.3426879
0.8069666,0.40325838
0.7406337,0.22608635
0.13351095,0.538378
0.82766914,0.50570434
0.81952965,0.2697972
0.120730154,0.5042102
0.8527247,0.33458424
0.83019125,0.35482636
0.16091682,0.57175994
0.21144345,0.83109725
0.19903113,0.63380176
0.8697608,0.40128592
0.81527627,0.39475915
0.7524333,0.16411284
0.1343137,0.73830867
0.7335195,0.17335191
0.19097373,0.6998175
0.14048992,0.5126617
0.8269402,0.2946098
0.7621632,0.15059763
0.1033283,0.68220925
0.09811667,0.46958247
0.20536283,0.75199556
0.7841334,0.30786133
0.16591625,0.72786415
0.16551962,0.60785156
0.21845338,0.63889873
0.87103873,0.33921996
0.83237034,0.45278725
0.15349798,0.5844744
0.18885773,0.6530916
0.786673,0.10980848
0.14653844,0.45814663
0.17988771,0.778478
0.1844461,0.5641863
0.8165165,0.2524426
0.24784158,0.7645883
0.15645996,0.48427117
0.14988792,0.7412251
0.15279159,0.66934013
0.20613505,0.74018216
0.8407264,0.42645684
0.75270814,0.26068076
0.18492086,0.62307775
0.21044476,0.76976323
0.8223675,0.46533263
0.13497646,0.5555341
0.1834121,0.62563235
0.16133447,0.65171397
0.20957576,0.77316767
0.2100755,0.6765651
0.13479482,0.5295401
0.1442051,0.4503798
0.16085415,0.51439893
0.7536874,0.26952693
0.17259936,0.67710346
0.15503925,0.64080775
0.18534961,0.74010724
0.15572621,0.5039649
0.7714589,0.270746
0.25790828,0.6508598
0.15935808,0.5790182
0.10471847,0.44979677
0.1582761,0.579267
0.25653952,0.73388803
0.8571843,0.4284486
0.8593661,0.4587866
0.22736432,0.80493283
0.80380476,0.42551988
0.77128637,0.18657538
0.17849001,0.5233577
0.8289173,0.35468355
0.8429998,0.4874522
0.19576295,0.7949587
0.21262261,0.7533044
0.15270196,0.5541333
0.8151025,0.34952173
0.09003508,0.4249364
0.21615693,0.8073065
0.7760728,0.33769077
0.19617504,0.7182943
0.14135575,0.5766756
0.12520804,0.46975464
0.78148437,0.15792249
0.1061951,0.47560635
0.24501485,0.74716187
0.83173853,0.41450894
0.78560966,0.2818695
0.17634585,0.6735585
0.15009575,0.53446805
0.14070371,0.6329143
0.16355,0.5973956
0.82556665,0.38625684
0.18240428,0.63590086
0.15330522,0.54674536
0.82931,0.4705777
0.80269855,0.28198734
0.13156153,0.41925812
0.14990695,0.6620954
0.14140294,0.6293596
0.836028,0.34905347
0.14511575,0.6973881
0.1291338,0.47705713
0.20416503,0.68659884
0.75008684,0.30030957
0.78137606,0.23462632
0.21362211,0.7851502
0.8089049,0.41245192
0.8776243,0.26961762
0.7602805,0.33073345
0.1507482,0.6045715
0.06018243,0.2508718
0.1376973,0.47393656
0.8354164,0.3591051
0.81380916,0.57026535
0.22295664,0.70604897
0.13907437,0.55404484
0.77564925,0.2689001
0.9116859,0.59780914
0.8363397,0.36848962
0.83738685,0.42056656
0.15305734,0.5699907
0.061000664,0.10988514
0.8238929,0.23106551
0.13145286,0.51304626
0.13424906,0.539834
0.7661128,0.22679815
0.8632566,0.3552425
0.16757137,0.51029456
0.15655595,0.6403233
0.8280448,0.5788706
0.8506606,0.4046198
0.13331977,0.42253247
0.9314508,0.49567986
0.8437768,0.5194863
0.84599197,0.35655048
0.11526984,0.51391274
0.2060696,0.7147515
0.20619851,0.75557
0.24276163,0.65395147
0.11715578,0.37286034
0.20301561,0.78735
0.2405092,0.80188364
0.1461668,0.48828098
0.70957893,0.2692387
0.83126575,0.30839136
0.8539855,0.4634298
0.83357286,0.43022484
0.7994248,0.26963338
0.15337344,0.5853671
0.8106429,0.29061362
0.16760984,0.64557356
0.21806984,0.7608969
0.79788435,0.35584742
0.14127722,0.47614032
0.17051233,0.60453516
0.22117779,0.7321236
0.7506191,0.210879
0.82106537,0.31134984
0.8913625,0.53591007
0.16261238,0.63038856
0.84257585,0.3507548
0.88571614,0.66297066
0.7959322,0.31728
0.11979769,0.43882263
0.114515856,0.32095557
0.8196657,0.4100335
0.77051413,0.21857838
0.1570311,0.62788916
0.20703182,0.8113137
0.8363116,0.39175028
0.10880528,0.24593863
0.79269767,0.12531807
0.1594029,0.72597265
0.8294306,0.3893691
0.13368705,0.4008492
0.18237692,0.63093394
0.84327114,0.1979039
0.78004104,0.16330904
0.15634653,0.67644733
0.7903489,0.34052795
0.10809453,0.4355873
0.21638657,0.7708772
0.7671266,0.1645097
0.13087101,0.4869905
0.83865404,0.5197912
0.14388502,0.514872
0.1745797,0.63142407
0.18678856,0.6929438
0.2519375,0.835132
0.8484201,0.408001
0.84075254,0.36490515
0.23451304,0.7063464
0.13530566,0.2873949
0.8312344,0.47013265
0.20505029,0.77989244
0.7856001,0.2677402
0.8422534,0.37366107
0.79493225,0.25792333
0.19020705,0.70727634
0.1814746,0.7401598
0.1492898,0.63194275
0.24084911,0.71772444
0.13329042,0.61665654
0.9066809,0.415265
0.85232764,0.43287495
0.22275476,0.6948974
0.7583188,0.112254925
0.12326696,0.6225836
0.20330316,0.52036196
0.13946822,0.48785475
0.8626632,0.50557864
0.77422535,0.3029023
0.7891896,0.28914487
0.7848168,0.18539444
0.7761212,0.262107
0.14240086,0.5219428
0.82296324,0.46568263
0.14003935,0.6864529
0.7999039,0.33472395
0.19229607,0.919727
0.16043255,0.5681461
0.1475276,0.56616926
0.13098326,0.48642108
0.8565227,0.37452182
0.7888925,0.17084108
0.869687,0.46519116
0.92375076,0.72102857
0.8656597,0.37091896
0.8729144,0.28941032
0.15110157,0.6340716
0.13571061,0.62371856
0.16043492,0.5714673
0.8627981,0.48996085
0.77128756,0.24335684
0.21617557,0.72963464
0.81971604,0.30204332
0.85680115,0.3657221
0.8571894,0.42193803
0.14820029,0.5822807
0.080581956,0.39664534
0.7632024,0.13272178
0.05496247,0.43985114
0.15340637,0.48967788
0.7844888,0.31018335
0.21260476,0.6838519
0.8714092,0.37601686
0.8000868,0.3468427
0.8356397,0.49955648
0.1468109,0.4351199
0.78577346,0.24065371
0.1518635,0.6517184
0.16621095,0.4224396
0.82075995,0.27849138
0.21686053,0.802874
0.13454136,0.5532826
0.83567935,0.29052207
0.77539897,0.27619955
0.845,0.43176016
0.84697205,0.38089615
0.8537785,0.34574014
0.87556857,0.4433055
0.22947514,0.81911427
0.7953868,0.07522851
0.79241806,0.2409196
0.15947232,0.6413246
0.8332338,0.28963152
0.7538651,0.21542276
0.83692354,0.33950514
0.15617558,0.66505265
0.1335038,0.4600521
0.7770382,0.24058494
0.14802021,0.5135246
0.8690207,0.4374069
0.8562994,0.40649328
0.82852787,0.47578377
0.10847846,0.36229753
0.15765777,0.69295913
0.1324238,0.53740555
0.09166044,0.3494902
0.78282493,0.3236425
0.19685842,0.7314902
0.77612716,0.40138796
0.7565185,0.241097
0.80876094,0.20512232
0.848169,0.32142383
0.80864197,0.31713763
0.7969594,0.2275507
0.16737027,0.57827264
0.8572533,0.21807815
0.22248068,0.85513145
0.8003922,0.16123274
0.79048055,0.17126642
0.20586891,0.6361409
0.14663957,0.54754436
0.26840648,0.8094021
0.8514789,0.49504426
0.19657603,0.6754328
0.8229763,0.32960287
0.7475227,0.28935513
0.8394941,0.47503778
0.81316346,0.26773536
0.2281286,0.66221327
0.18924841,0.73443776
0.16033497,0.6430343
0.1711501,0.69128275
0.19989775,0.7551065
0.21288478,0.60873115
0.86123025,0.47987854
0.1360886,0.4756414
0.17664452,0.61902547
0.22830787,0.7184034
0.79985076,0.255681
0.19863926,0.72323495
0.24354218,0.8300328
0.840162,0.46108368
0.74776304,0.26308122
0.7596471,0.25541118
0.8270068,0.39626995
0.8224313,0.3195876
0.88304013,0.43959752
0.77743644,0.33535472
0.13954002,0.5407552
0.20880115,0.7909721
0.12837982,0.5274148
0.15088423,0.45302948
0.1482796,0.606806
0.206306,0.76709604
0.15440069,0.62006664
0.8727989,0.3557883
0.21854737,0.71741563
0.21437728,0.7752575
0.11974653,0.49447438
0.17179105,0.5782363
0.83165044,0.5286001
0.16994396,0.6097798
0.8688018,0.34706214
0.8631023,0.393827
0.1554232,0.53680587
0.788127,0.2518311
0.754556,0.25668105
0.21545728,0.6891802
0.2140223,0.6849846
0.83619815,0.19899987
0.14184558,0.49294826
0.83551395,0.33716688
0.15853192,0.6234838
0.24481533,0.6860368
0.2637771,0.7248583
0.81953955,0.4093572
0.85383517,0.65038455
0.23031639,0.64407724
0.84147364,0.40590018
0.128147,0.573891
0.11302654,0.33346152
0.81401896,0.5706771
0.15080094,0.50930893
0.16613123,0.42111146
0.13740698,0.60035676
0.78547996,0.30279806
0.85505956,0.22911274
0.14410079,0.5347103
0.77986574,0.281251
0.8164697,0.3549937
0.84966034,0.44461304
0.827543,0.3276834
0.22155577,0.72710454
0.82620084,0.38981283
0.21179724,0.8191217
0.23410691,0.9045
0.8646733,0.35508612
0.13393691,0.5663922
0.83840454,0.40780434
0.7635181,0.22927175
0.8496433,0.48637465
0.16547441,0.6742558
0.12971725,0.38061187
0.82632935,0.50851697
0.7557189,0.1525469
0.107074805,0.3624955
0.23142613,0.80886114
0.20294857,0.9293043
0.15384264,0.5166461
0.22993284,0.893352
0.24444251,0.64744705
0.781313,0.29006213
0.87569743,0.6717025
0.8653111,0.5387792
0.17006612,0.60619575
0.1859846,0.73559415
0.86767495,0.3574778
0.14408611,0.6484839
0.7617857,0.12973787
0.874337,0.4803249
0.8726395,0.60407305
0.7641535,0.1604434
0.86920035,0.62798375
0.83289707,0.4385677
0.8417326,0.34497184
0.16647312,0.62489516
0.8815627,0.44534543
0.800719,0.3000003
0.8125094,0.22495708
0.15521972,0.60947144
0.8568634,0.3503575
0.82653123,0.32379493
0.17203258,0.57157594
0.13088094,0.5896783
0.8395889,0.44184378
0.21151365,0.8143138
0.86408275,0.37732658
0.846082,0.45569012
0.21820787,0.77792346
0.78999627,0.14411205
0.7771457,0.14791597
0.79728067,0.13858359
0.19506925,0.63440627
0.16300346,0.7171278
0.18538491,0.90031105
0.8724856,0.40215454
0.124043144,0.53263354
0.87784475,0.4356521
0.20455292,0.8526241
0.7832652,0.23119605
0.8517049,0.47699493
0.18467297,0.58378756
0.16421038,0.51432055
0.8445312,0.37443596
0.18638797,0.7206295
0.13030504,0.468271
0.8628211,0.39465445
0.778708,0.23491542
0.15904039,0.6995822
0.83851564,0.28509608
0.85461575,0.32982233
0.18686709,0.6629435
0.83519906,0.45449165
0.8737897,0.5022824
0.83902806,0.34492454
0.1710442,0.62373394
0.14946353,0.7263275
0.18570815,0.57197016
0.7963292,0.2063221
0.86328393,0.49559224
0.17793116,0.5125018
0.8159239,0.38096973
0.8498396,0.3123026
0.13759814,0.6409558
0.7581407,0.29291025
0.19893752,0.8786852
0.8272646,0.3627925
0.80101806,0.2657931
0.19253483,0.6975239
0.8890466,0.34501475
0.7818231,0.14483044
0.84585196,0.4220541
0.22531417,0.80251926
0.831489,0.3831262
0.82863253,0.32224733
0.88957334,0.38178405
0.18691944,0.54460424
0.9268432,0.51746345
0.9324043,0.6713179
0.15173896,0.6120085
0.11211985,0.54355997
0.7928,0.2801353
0.93207586,0.64689773
0.8162603,0.31561458
0.17161018,0.6115442
0.97912097,0.6384187
0.8569364,0.4672793
0.1518972,0.7293333
0.8750414,0.5658679
0.13582088,0.6543181
0.75667876,0.18081652
0.22658852,0.77122104
0.16392124,0.5458614
0.13055807,0.551824
0.8498848,0.33922523
0.19648838,0.6852054
0.7576374,0.2579759
0.77890193,0.23677708
0.8241777,0.43204883
0.14443196,0.55486745
0.78513527,0.22270995
0.8510695,0.4600889
0.16176084,0.4315556
0.16012436,0.53937495
0.15338852,0.62476414
0.17413588,0.5865603
0.19357517,0.7853215
0.85333186,0.42521325
0.16912693,0.68583184
0.23603925,0.736217
0.17759444,0.61249125
0.86682814,0.5943894
0.16157164,0.66169333
0.16087002,0.76424706
0.13838466,0.62036276
0.21600462,0.67274064
0.1701165,0.6073224
0.87699443,0.53266597
0.20180789,0.6212805
0.23095772,0.75526553
0.19848657,0.7711952
0.23141979,0.7255872
0.825809,0.3923193
0.7888056,0.31069103
0.7618297,0.20504873
0.17031401,0.46004772
0.79345125,0.25435638
0.8888737,0.48964897
0.8595196,0.31046677
0.8950622,0.5602943
0.8310476,0.35314035
0.07375607,0.33625972
0.843191,0.32176155
0.9096421,0.525886
0.2301617,0.8014158
0.13772388,0.6669445
0.1225336,0.48760858
0.84240687,0.474202
0.17885093,0.6922368
0.8518323,0.49087372
0.16347227,0.553584
0.15412028,0.5151813
0.8428027,0.43407825
0.17804737,0.64927804
0.8399082,0.28206488
0.8126284,0.2892649
0.14036936,0.54029834
0.15883376,0.52680063
0.8322315,0.33290654
0.7755937,0.15979423
0.85057455,0.4344957
0.72821504,0.22033623
0.96145695,0.77361184
0.7750178,0.2975048
0.84574926,0.52954715
0.74542415,0.25310668
0.15196304,0.51704204
0.16168348,0.6237392
0.08902408,0.30198154
0.8636564,0.46430236
0.790665,0.15245229
0.77771205,0.22184965
0.8526493,0.397814
0.19845682,0.7225547
0.7448744,0.091044724
0.83759904,0.34103826
0.8954866,0.64749044
0.8493002,0.3475891
0.1317547,0.6027405
0.8821148,0.63908273
0.8843871,0.35620397
0.72976667,0.08423193
0.82174873,0.43604854
0.78014535,0.21370523
0.16339889,0.7014106
0.12804905,0.570363
0.13819982,0.67011416
0.7921162,0.16221395
0.23140272,0.7545774
0.75700754,0.29278627
0.851227,0.26198307
0.92217296,0.47003192
0.22689272,0.72727364
0.17122109,0.5195266
0.83372,0.46854258
0.8191362,0.31547484
0.9308519,0.5217212
0.14458942,0.50668377
0.1428542,0.37460855
0.14804243,0.6146893
0.22548273,0.73933804
0.12568238,0.45080864
0.81564987,0.3197019
0.14807534,0.6768792
0.8714155,0.44097033
0.8257832,0.40807155
0.1319661,0.5607915
0.79313236,0.23072208
0.8291791,0.3362838
0.9164354,0.58375335
0.21616209,0.84318703
0.21989113,0.6962904
0.8206057,0.4278432
0.19811453,0.63707566
0.83828837,0.39691955
0.86933404,0.47911197
0.23420884,0.7272425
0.841804,0.54119015
0.7709905,0.13488612
0.7517721,0.24824621
0.76880866,0.21814647
0.8658354,0.46165007
0.1286174,0.58301
0.22972898,0.75560504
0.21544498,0.52829874
0.21212326,0.79240453
0.14115903,0.49526635
0.13187566,0.5750776
0.14531484,0.64827234
0.21161242,0.7464544
0.16128053,0.6328959
0.20247898,0.81219155
0.828982,0.42899877
0.2245935,0.8474518
0.8605389,0.3945559
0.8711795,0.37658718
0.81629795,0.39576268
0.126292,0.5383482
0.81942415,0.23076984
0.1629051,0.6522418
0.8587823,0.3985613
0.8295971,0.42049953
0.13914299,0.5645266
0.8398471,0.4347664
0.15982927,0.515134
0.22259967,0.846429
0.12500535,0.6554408
0.8342773,0.47800943
0.1517917,0.4911133
0.8617113,0.4318736
0.13487056,0.49130824
0.74915874,0.2123828
0.7848366,0.3935344
0.84063834,0.41844076
0.8011216,0.33665174
0.8518846,0.35613346
0.15530142,0.6393289
0.8212022,0.3310326
0.22149627,0.675502
0.93103987,0.40840796
0.1916813,0.6775389
0.16548473,0.68813455
0.843145,0.31926343
0.8601601,0.41448265
0.24629158,0.82147926
0.10440276,0.2901182
0.8951356,0.62115866
0.8356072,0.2969555
0.84816784,0.4820937
0.85256994,0.388518
0.8356036,0.35439926
0.13592044,0.5437185
0.8316528,0.41175455
0.88428634,0.5658674
0.7808807,0.30719858
0.8744794,0.4713215
0.760081,0.16554084
0.15601256,0.53434277
0.23309076,0.7090911
0.8456477,0.47954783
0.15592651,0.5154406
0.15038568,0.49213132
0.17512941,0.5380775
0.18162769,0.57687485
0.7951405,0.24838594
0.8862004,0.46000522
0.80506283,0.36909938
0.79233,0.27875376
0.2168653,0.6811124
0.17205162,0.6409807
0.7838895,0.19806948
0.14754228,0.62809765
0.8770813,0.4403207
0.86404544,0.44606337
0.7675478,0.13228987
0.81746525,0.33398673
0.12697102,0.5562578
0.75986916,0.22928314
0.11826157,0.45548338
0.92890644,0.58062536
0.8488429,0.37287745
0.16108261,0.6319488
0.84544224,0.38725075
0.81686354,0.20402065
0.79452175,0.2833378
0.12587316,0.5670103
0.13515891,0.5354528
0.8624558,0.3768224
0.87094474,0.3846225
0.20023052,0.851904
0.8255127,0.39177436
0.15215541,0.6381287
0.8222584,0.36979935
0.937911,0.68444896
0.83405596,0.3339079
0.1865482,0.742619
0.15105002,0.6269618
0.78908205,0.1846489
0.14973998,0.7095778
0.155094,0.59205157
0.14079453,0.56106216
0.8457282,0.3714963
0.16061419,0.71523595
0.82639915,0.45285776
0.095067434,0.3695571
0.9021792,0.6141453
0.16659488,0.52446854
0.8331517,0.4051967
0.85178864,0.38850486
0.1555628,0.5880566
0.85053253,0.41087192
0.75923693,0.38192028
0.17777807,0.8025214
0.15529667,0.583332
0.8051854,0.2956414
0.85879576,0.33348563
0.80045366,0.26082882
0.9586619,0.72820884
0.86299044,0.48764715
0.148234,0.49030602
0.15691131,0.5986497
0.21904871,0.6826578
0.23249266,0.78864443
0.8362977,0.3383785
0.16138443,0.6986181
0.2249338,0.7691342
0.14886701,0.59951484
0.1324472,0.46652716
0.8663447,0.46122384
0.84196067,0.30511394
0.2089705,0.76255316
0.13267209,0.66960603
0.84071845,0.38782984
0.7818802,0.09038241
0.86426556,0.5295796
0.1863241,0.6995783
0.16271035,0.73953784
0.16115797,0.64448243
0.14570989,0.5815229
0.8717923,0.45860177
0.14946273,0.46531293
0.7758991,0.27856103
0.8387754,0.45244384
0.83896184,0.36006922
0.87718797,0.4870041
0.8264539,0.26433268
0.08795796,0.35456878
0.14379737,0.5921488
0.1643603,0.5652345
0.1389308,0.552361
0.1466253,0.56099033
0.21207567,0.76106995
0.1855023,0.5871438
0.13453186,0.58312786
0.17913175,0.5959694
0.8462303,0.47832745
0.8687978,0.3416927
0.169681,0.6523763
0.21751814,0.7645427
0.15812935,0.60203356
0.1422561,0.5917489
0.1421371,0.44625655
0.8397515,0.4184469
0.21736583,0.82168555
0.8132991,0.34329897
0.9048703,0.50805
0.8464306,0.46877167
0.18050247,0.6289527
0.21778625,0.77340376
0.7557157,0.25986472
0.7245741,0.35376936
0.81093204,0.17452148
0.76403135,0.1281802
0.84691054,0.36374393
0.7477642,0.20717715
0.16043174,0.50658876
0.7831002,0.30509248
0.77096075,0.20617142
0.8079911,0.2578265
0.1515335,0.6836846
0.7664626,0.15532887
0.80012566,0.27888077
0.76413846,0.23740216
0.11086335,0.5616272
0.7965933,0.36890092
0.78782874,0.22689758
0.14550126,0.5547632
0.8429542,0.38018215
0.14166829,0.58645564
0.17846304,0.7741055
0.14736222,0.61388683
0.8422891,0.47140208
0.17398317,0.519863
0.8654154,0.38628313
0.24375397,0.83836424
0.78577304,0.264083
0.77261704,0.33343086
0.12175542,0.50048774
0.81053305,0.34149864
0.9445616,0.55595946
0.8068151,0.4157337
0.123278454,0.5245894
0.21255836,0.7732934
0.15107541,0.6223725
0.871617,0.40700448
0.14758432,0.6502483
0.87465316,0.39787886
0.1387182,0.5146968
0.81990844,0.36440885
0.8285215,0.35202774
0.8881098,0.46476144
0.18125209,0.74412054
0.15620969,0.52751726
0.8853215,0.46534708
0.14637819,0.4893809
0.15943226,0.6471365
0.75097805,0.20915796
0.8198624,0.39216465
0.74730814,0.24155256
0.8086689,0.30550292
0.14953572,0.555185
0.16216262,0.76855516
0.80101013,0.27992332
0.18226269,0.81559813
0.14322624,0.59253955
0.84488696,0.4425928
0.18254071,0.74374473
0.81997544,0.31519583
0.8555117,0.402427
0.8823433,0.46755612
0.09225538,0.32758394
0.84419763,0.38956404
0.16023423,0.6048387
0.23837021,0.6820467
0.14469254,0.4282773
0.8532121,0.4228807
0.7884233,0.25998867
0.86476254,0.42022488
0.15937553,0.63867885
0.86184144,0.29304427
0.8627802,0.441524
0.8530606,0.46770462
0.7965338,0.08691272
0.8204328,0.26090986
0.8434877,0.34155953
0.15408458,0.56381744
0.8415216,0.27874193
0.9280319,0.6465368
0.14144023,0.57603693
0.21986218,0.62598413
0.21995658,0.79937017
0.79320854,0.15441206
0.2213277,0.5843114
0.13420464,0.62548256
0.12009198,0.4583639
0.20856437,0.7688127
0.7673336,0.1612621
0.2108156,0.7722793
0.77045506,0.1886232
0.8564168,0.3477766
0.88732845,0.48470572
0.20967808,0.6907273
0.78631085,0.27107626
0.10177037,0.3789035
0.17150071,0.61422586
0.21094291,0.62998295
0.7588475,0.19187213
0.8433707,0.4403229
0.7927822,0.16890453
0.12313091,0.48634133
0.8178345,0.3832265
0.76910096,0.3111891
0.15906142,0.46547937
0.16612805,0.5377288
0.89173335,0.5906428
0.8542786,0.3982827
0.7195449,0.2096214
0.77565837,0.23576522
0.85972387,0.36260676
0.9256149,0.6650338
0.20187849,0.8340921
0.22335246,0.7114636
0.12498989,0.57653844
0.8664351,0.33967027
0.7756786,0.15142553
0.1370873,0.6044966
0.20422055,0.73720217
0.2011023,0.7289049
0.16846892,0.66309416
0.81224406,0.24708804
0.84844947,0.52080655
0.8069924,0.3502305
0.7840846,0.24331741
0.15057367,0.6892073
0.8327574,0.32611653
0.1584046,0.6849899
0.20130299,0.84140074
0.8350571,0.28415957
0.8187257,0.56108755
0.23037389,0.729321
0.20920214,0.7845172
0.22592218,0.7013944
0.07656734,0.34326786
0.83874404,0.3948875
0.16711485,0.667828
0.8430732,0.35638052
0.8435273,0.3829015
0.8071054,0.22813198
0.2053533,0.6280197
0.1851513,0.7701111
0.758623,0.32114306
0.2118032,0.73486394
0.23569936,0.75057286
0.21177067,0.86231524
0.196979,0.72094136
0.16783789,0.7336471
0.13534175,0.58997875
0.111451544,0.5622672
0.8161885,0.31726116
0.16929232,0.6582311
0.22905749,0.80356705
0.1657354,0.483311
0.17603134,0.5731257
0.16014935,0.55506456
0.13583039,0.4241646
0.19917907,0.6820034
0.1434765,0.37736207
0.8235474,0.30476308
0.21130583,0.87894404
0.1924813,0.6877084
0.830534,0.29766032
0.17263903,0.5291354
0.76499,0.22739914
0.759181,0.22084917
0.8736505,0.39903834
0.18844168,0.52336645
0.7795516,0.21906549
0.8234495,0.549169
0.20765214,0.8314564
0.1778812,0.8333299
0.2026055,0.6835908
0.15200548,0.5762699
0.13821529,0.60226655
0.8200159,0.49179184
0.76382905,0.18210828
0.8002843,0.15383166
0.74525756,0.25221744
0.8527909,0.4052751
0.17249107,0.6367182
0.22737938,0.74791306
0.17159669,0.51176894
0.12974738,0.57339555
0.7411331,0.20167716
0.19214496,0.7699516
0.18372424,0.6648367
0.75854725,0.26503924
0.77553225,0.24401039
0.8747293,0.29121327
0.84605145,0.36288232
0.8378334,0.46074244
0.83775526,0.32250622
0.14599586,0.58327067
0.80156934,0.28169912
0.15437809,0.58512616
0.8323672,0.43284518
0.7935774,0.39649552
0.76454896,0.29851186
0.14640397,0.6023428
0.82723325,0.3338238
0.21199279,0.7639886
0.8252279,0.31754896
0.18133855,0.64016557
0.104150504,0.4562762
0.8364024,0.41205812
0.20013374,0.7057634
0.8085408,0.33178255
0.17629866,0.54357964
0.7794203,0.29975587
0.23751588,0.7921224
0.7685703,0.24590577
0.8395333,0.3444138
0.18585332,0.53441375
0.15176474,0.6250839
0.16746706,0.54812604
0.19136004,0.82648206
0.8703645,0.4122123
0.8647733,0.4360411
0.79986346,0.30626425
0.18584856,0.7275925
0.88599735,0.38916016
0.13400038,0.5388221
0.11289367,0.44637132
0.8255619,0.21466452
0.19583593,0.72789913
0.8377783,0.39225358
0.10963263,0.39610875
0.84640604,0.57757705
0.85882354,0.40847802
0.878592,0.6061371
0.16489534,0.6828041
0.80256605,0.2817911
0.76971734,0.27875638
0.20056328,0.72864383
0.7963113,0.26090592
0.80953676,0.36829206
0.81819856,0.2897415
0.21919307,0.6473704
0.78645325,0.18531734
0.85263145,0.5527938
0.82539177,0.41861817
0.15597053,0.5392041
0.8470014,0.27635592
0.17957477,0.6576919
0.12091101,0.54105484
0.16085732,0.66667646
0.8094534,0.31852096
0.7854276,0.109052435
0.12979616,0.48846978
0.06803518,0.374966
0.7823581,0.18170573
0.16791603,0.5457887
0.14067316,0.5872612
0.21068154,0.8062947
0.08800476,0.29738083
0.20384216,0.7077039
0.8681878,0.47269386
0.7360444,0.122744165
0.8311039,0.43168348
0.12376551,0.5154187
0.8183315,0.3357573
0.86067295,0.40143177
0.17058888,0.6045312
0.8672121,0.30454627
0.149573,0.58270514
0.8592352,0.44599548
0.207363,0.7599447
0.1740153,0.710616
0.22077124,0.91843134
0.1428185,0.5741144
0.79030925,0.34317982
0.22614628,0.80268174
0.11359529,0.5433138
0.110866524,0.44020638
0.8490511,0.4321281
0.19085315,0.8879895
0.83345115,0.35107368
0.81194425,0.35023266
0.83398736,0.5419515
0.7772413,0.30097318
0.8001689,0.32858485
0.09973093,0.4399992
0.06353747,0.2809781
0.25320828,0.8252766
0.803518,0.3149111
0.8547157,0.31924197
0.7822078,0.13348396
0.15722267,0.56959164
0.83524305,0.32079613
0.8001677,0.19245122
0.151875,0.43238568
0.21515743,0.80131507
0.113897525,0.35590175
0.83938265,0.36422926
0.19405748,0.61064404
0.14562303,0.5371611
0.18275252,0.5587949
0.18102682,0.6389592
0.17707168,0.53091204
0.8200417,0.4281976
0.14441174,0.4984824
0.83503085,0.52240276
0.21966705,0.7872804
0.15904555,0.5844507
0.80770713,0.43675116
0.12725262,0.4588488
0.8982772,0.6061901
0.7643157,0.2719782
0.77895033,0.37121508
0.124707095,0.5254077
0.88227504,0.50321233
0.11232689,0.4196975
0.19002739,0.80756414
0.22025841,0.72482413
0.7493297,0.22991566
0.16239582,0.65495896
0.15928154,0.62553513
0.17783597,0.6566796
0.21345434,0.73533005
0.76312584,0.18968764
0.8442671,0.33943066
0.13839456,0.62461346
0.8418159,0.4270955
0.86855227,0.37901434
0.92041475,0.6602802
0.8254477,0.20915227
0.8962489,0.54332167
0.81715345,0.4018466
0.21336113,0.64730734
0.7769696,0.19881809
0.84611136,0.37931088
0.83039516,0.2739546
0.122102864,0.3940136
0.20270506,0.8012555
0.8303158,0.42641872
0.8061746,0.23070677
0.12972637,0.64950716
0.9370495,0.7240663
0.78355074,0.23040232
0.21551955,0.76381165
0.84736073,0.45303738
0.83697474,0.34157398
0.8584606,0.4489842
0.9015121,0.67084044
0.8560273,0.2945682
0.7687647,0.13749681
0.79038775,0.19960436
0.91871166,0.5871346
0.18916076,0.68225396
0.8973563,0.56843436
0.83627427,0.44906262
0.8605754,0.5734468
0.74899733,0.20402986
0.87640744,0.49983332
0.15402113,0.5973281
0.09734207,0.32896113
0.8767001,0.52188414
0.17243436,0.6595684
0.24244234,0.6557496
0.83798057,0.46781194
0.8483249,0.31676662
0.7635316,0.17939113
0.14849418,0.5514372
0.8022543,0.39935634
0.17667863,0.47010154
0.14146839,0.6178914
0.11272074,0.5541298
0.77763236,0.2030872
0.1345009,0.5965563
0.17066304,0.6407157
0.7776149,0.4380092
0.17327718,0.74101835
0.81386113,0.28408948
0.7881484,0.074235484
0.81303495,0.44093704
0.8748661,0.5553086
0.20126213,0.7681206
0.7874301,0.23963703
0.20282008,0.7898525
0.09196029,0.39278403
0.14761408,0.51300377
0.14495948,0.6253897
0.7617246,0.25302738
0.8683143,0.39927182
0.8431712,0.30580956
0.16399224,0.598181
0.11649739,0.52557987
0.8512159,0.33625358
0.15116067,0.58108926
0.18173835,0.555224
0.16427979,0.64945894
0.8360982,0.34312245
0.8670812,0.5017703
0.8242118,0.39558703
0.9012749,0.35328448
0.03151807,0.25051743
0.13163015,0.5544658
0.82996124,0.51117146
0.11948753,0.565128
0.7632349,0.2206687
0.120295055,0.44939247
0.8776917,0.45248896
0.14836924,0.60812753
0.15140857,0.7690926
0.1847265,0.53980947
0.76756525,0.21850435
0.14526407,0.5853172
0.13786626,0.38374734
0.080751315,0.5286851
0.08139702,0.36100793
0.8403885,0.4862765
0.82840645,0.4300781
0.80852616,0.3642218
0.13792536,0.58873475
0.88596445,0.37835202
0.14074138,0.5495523
0.20685849,0.6991096
0.17992103,0.6328854
0.8350642,0.4583398
0.1948999,0.7692998
0.7618273,0.28450736
0.15562785,0.5530899
0.21440426,0.77070767
0.8306006,0.43108732
0.17470662,0.753329
0.19442396,0.65721923
0.1517691,0.54952776
0.80964184,0.30094603
0.78398865,0.1618876
0.8642144,0.41074356
0.857899,0.37077704
0.8236426,0.43996328
0.12435608,0.5895929
0.86180216,0.5391559
0.8742165,0.23642534
0.89682794,0.50963134
0.16515751,0.6117457
0.7678199,0.123438455
0.1688124,0.723309
0.7340585,0.24550848
0.79460704,0.33550498
0.1594283,0.78242517
0.7890412,0.20422171
0.855553,0.3273509
0.76384413,0.20594539
0.17139125,0.60737276
0.7833981,0.35454425
0.8006,0.3746791
0.7491112,0.21258779
0.76647216,0.20918687
0.8951229,0.47498786
0.2004669,0.60239667
0.84254533,0.3088574
0.14358477,0.53454167
0.8352593,0.47926134
0.78028893,0.17142105
0.8618537,0.4237226
0.18521118,0.75583893
0.8726121,0.50581384
0.17778401,0.60513616
0.8516946,0.54164094
0.8447858,0.40022323
0.92883587,0.550148
0.16931055,0.49520063
0.78312635,0.28144506
0.80932456,0.2932265
0.12052708,0.5040604
0.17059086,0.72286
0.82073975,0.3494188
0.8288535,0.28940332
0.14099601,0.4695391
0.8547867,0.41434512
0.14225173,0.6331749
0.8153556,0.29280204
0.16246921,0.53106755
0.89370656,0.38994598
0.13098723,0.5336638
0.88871664,0.47557965
0.7974746,0.1935266
0.14718929,0.6349757
0.8079082,0.3083322
0.7501067,0.23897034
0.9336227,0.59725016
0.18410936,0.6272899
0.8665676,0.4573573
0.8463025,0.3140854
0.16439322,0.48582622
0.13538934,0.5201004
0.84519595,0.45124316
0.17024778,0.65825737
0.8308235,0.33467096
0.18395627,0.7028141
0.75421375,0.12331405
0.19764255,0.7119853
0.8317123,0.31857485
0.8292398,0.33197132
0.12459088,0.40788275
0.20322026,0.7891026
0.114452794,0.45875025
0.81229645,0.19600764
0.73183703,0.21765588
0.8337728,0.43130022
0.84585357,0.50062007
0.13466987,0.6480126
0.89275384,0.5092634
0.83461046,0.38565016
0.8602224,0.51321536
0.13332017,0.6511165
0.16620103,0.5812504
0.7875035,0.2067584
0.2154906,0.72053313
0.21130662,0.8093662
0.7996164,0.42166382
0.8452483,0.5187
0.23071975,0.81790966
0.16358966,0.553061
0.7739894,0.2965731
0.8416525,0.38783115
0.1240717,0.38828057
0.2187457,0.8673632
0.19302665,0.78818667
0.80850077,0.2991457
0.84247667,0.31729534
0.8405388,0.41915125
0.1530728,0.5477564
0.12527744,0.7265084
0.14916447,0.45930567
0.1545407,0.76964676
0.95318097,0.5492527
0.8020302,0.23728696
0.18219288,0.66631025
0.8103637,0.24003695
0.24759527,0.69872546
0.8559996,0.3528118
0.13731575,0.5779871
0.79475063,0.26237905
0.80866814,0.45194578
0.74645376,0.28000173
0.13384332,0.5448469
0.8583615,0.42238396
0.1863372,0.5315341
0.17027515,0.5738923
0.7865009,0.33629343
0.22140664,0.6152947
0.16165216,0.63299054
0.9318276,0.6788907
0.81465,0.40056664
0.8103684,0.44396958
0.8205775,0.34478742
0.7801041,0.24544759
0.18768492,0.6854687
0.12164357,0.48285982
0.83455056,0.46066272
0.19950113,0.7830437
0.15083307,0.65246
0.7915542,0.19596821
0.8653928,0.47698268
0.7791669,0.2653787
0.16081251,0.5659375
0.8140892,0.31840312
0.18399118,0.5259719
0.8930065,0.50238794
0.7677953,0.30211076
0.79399943,0.22835581
0.15584598,0.63489205
0.7557431,0.21737246
0.84760386,0.36618292
0.12500535,0.47112742
0.17402086,0.60024196
0.8018843,0.2709129
0.14464416,0.5287854
0.16082837,0.66392076
0.22242953,0.69266605
0.15084338,0.674944
0.15445305,0.5364449
0.7628601,0.2080541
0.13959236,0.4831222
0.86154354,0.653976
0.78564733,0.21662737
0.79160935,0.20062849
0.23228323,0.7494585
0.8401176,0.4440874
0.8473579,0.44611683
0.11425924,0.5431517
0.1427245,0.55014455
0.82251227,0.3080983
0.7651125,0.28429186
0.21453592,0.65090185
0.86399233,0.37329444
0.8825749,0.41169804
0.78038174,0.11565278
0.8650497,0.50195605
0.8311737,0.52845466
0.17867841,0.5627915
0.8210927,0.4073098
0.17008278,0.6515782
0.17697293,0.7114097
0.77192336,0.16869558
0.7882706,0.24952352
0.20197526,0.734694
0.7947855,0.19610138
0.8599912,0.3793595
0.8463291,0.39704263
0.14199828,0.49583843
0.22975872,0.8031452
0.15381727,0.65670496
0.15668683,0.5810919
0.8860406,0.5353792
0.86960614,0.4220541
0.13475356,0.46858856
0.16155101,0.88032514
0.1702093,0.64214855
0.7828452,0.17671297
0.053434677,0.3915641
0.8447438,0.34428412
0.21858148,0.6898587
0.20411386,0.7686428
0.7970867,0.36335364
0.85766935,0.638282
0.19387978,0.6742852
0.80209845,0.17213067
0.87684727,0.36620218
0.1510286,0.6465767
0.11554748,0.6152955
0.8054321,0.27942702
0.8399843,0.3686819
0.80837303,0.32238358
0.22303319,0.8218297
0.21084099,0.8560058
0.8421162,0.3005658
0.77793777,0.23682088
0.109092034,0.5200571
0.84381926,0.36253494
0.7580749,0.19392477
0.15895869,0.62097734
0.16161686,0.4669376
0.19160238,0.7114097
0.86160266,0.39025524
0.8234074,0.43007457
0.7810219,0.19886057
0.23293053,0.76302844
0.14212877,0.55994827
0.18915719,0.7765695
0.16126306,0.59739125
0.12449291,0.5608274
0.21399017,0.7861489
0.15658252,0.70666397
0.1639129,0.62600166
0.8608899,0.4435083
0.2678774,0.74441755
0.086518615,0.310808
0.14730352,0.63939196
0.8590976,0.4450537
0.8197585,0.30239373
0.20414123,0.7999024
0.2237471,0.866523
0.20834662,0.8590843
0.83724284,0.47303772
0.87413514,0.49298942
0.17005938,0.68492204
0.8548426,0.4119083
0.17715894,0.6123738
0.23706016,0.78655845
0.8482884,0.6003598
0.87968,0.4573678
0.19780517,0.73672736
0.7889801,0.29865816
0.21973565,0.6541801
0.2014061,0.5968507
0.7648472,0.22743988
0.17223962,0.65559846
0.21601057,0.78396046
0.79043573,0.2657274
0.7717076,0.33162397
0.7755481,0.27129528
0.8350495,0.43121347
0.79916424,0.2190979
0.8442936,0.4845743
0.15558264,0.6515278
0.14791669,0.63338476
0.8298399,0.36717683
0.21047331,0.728123
0.87128145,0.29411483
0.12684727,0.42924055
0.80833375,0.26291826
0.7737597,0.21755469
0.7797598,0.1753809
0.19456753,0.73106444
0.16850978,0.5980676
0.1487044,0.5976882
0.12538373,0.58946407
0.89665544,0.20071216
0.20111498,0.4226836
0.87180066,0.49134284
0.80166614,0.5375812
0.8227062,0.3706925
0.14482859,0.621895
0.7609095,0.21484937
0.21833082,0.87068087
0.8066707,0.20470268
0.20521408,0.7619618
0.21687323,0.75373197
0.8585637,0.4866795
0.14266779,0.66235346
0.8075473,0.3249649
0.09836338,0.6745519
0.16595513,0.7358811
0.12509896,0.5211666
0.8166577,0.40021622
0.107157305,0.45275658
0.8547363,0.32797074
0.8137183,0.49694622
0.77662015,0.29474473
0.9085946,0.6886992
0.7797535,0.31397283
0.17572515,0.6198126
0.7605744,0.19351302
0.22443485,0.78488296
0.8336843,0.40343928
0.14985023,0.6278523
0.7410708,0.15985423
0.7885589,0.3364021
0.75379133,0.19404085
0.20369542,0.74712026
0.73444325,0.21914257
0.8568971,0.44982526
0.14036024,0.5878289
0.15047294,0.4694182
0.84350353,0.39320368
0.10284482,0.37805328
0.79009026,0.21137968
0.7723053,0.20124656
0.1864903,0.58139324
0.23662665,0.7713665
0.23715813,0.69770265
0.24657199,0.87248695
0.14060019,0.56271183
0.17689638,0.7073149
0.8657791,0.48026052
0.09432852,0.35472605
0.8246992,0.3023482
0.8620278,0.43325385
0.796418,0.23887222
0.8221299,0.28179547
0.15108493,0.50789803
0.8568666,0.4146202
0.21326117,0.77610296
0.23122029,0.8040331
0.814297,0.29365447
0.813831,0.33433455
0.7952956,0.30478936
0.83077866,0.31221366
0.841737,0.53271943
0.13429269,0.57449764
0.16609275,0.6302611
0.15931961,0.7031641
0.77398777,0.2056335
0.23489857,0.7174822
0.89508796,0.51346767
0.81988186,0.38564622
0.8259006,0.35936573
0.13250788,0.5612111
0.20103368,0.7813257
0.1254103,0.62419295
0.85442615,0.47824904
0.7643867,0.056947906
0.10408466,0.5947078
0.13912712,0.5394096
0.7747509,0.2748285
0.13088965,0.5296794
0.19241188,0.8970744
0.8078618,0.30606845
0.11572278,0.5228154
0.880167,0.3291127
0.16789937,0.5669818
0.16348179,0.6459135
0.20888563,0.6545603
0.1340321,0.46877474
0.23947044,0.685756
0.8714655,0.41998264
0.14229336,0.68202704
0.9204128,0.648186
0.90452164,0.44062078
0.79565966,0.19566947
0.21793975,0.8249761
0.8409287,0.39423263
0.8531661,0.3435193
0.7748984,0.18804982
0.19829856,0.76432985
0.9245202,0.55010426
0.79619986,0.19840239
0.18602823,0.60891074
0.8454926,0.39587745
0.76138073,0.20857406
0.8315882,0.3334729
0.79899013,0.32636225
0.8170099,0.28421256
0.8396805,0.36704364
0.8390007,0.48893496
0.77556753,0.26920322
0.85772485,0.45762536
0.19411895,0.7749882
0.10787638,0.44726273
0.20737608,0.66957015
0.13291997,0.5325884
0.88396627,0.4848551
0.17081773,0.7192865
0.2009135,0.7446094
0.19227901,0.7560571
0.84324974,0.31454313
0.84518045,0.53510976
0.7699763,0.1612621
0.13028282,0.58455366
0.7868935,0.20254622
0.7723989,0.24202871
0.833047,0.30416384
0.1439354,0.49364385
0.11799583,0.33163667
0.13192366,0.5399383
0.7559065,0.27225634
0.14501698,0.6205266
0.7856132,0.23458382
0.87857616,0.3898584
0.7477119,0.2048919
0.7575616,0.31304154
0.12239517,0.5777812
0.23176366,0.69575906
0.8121854,0.22193682
0.17293371,0.6516185
0.17747822,0.6358877
0.81853133,0.2413756
0.86575097,0.46339214
0.8350686,0.37874758
0.8199306,0.3491139
0.8329502,0.43377292
0.8915346,0.49726644
0.09901027,0.4998605
0.8357349,0.4593302
0.76564,0.2710294
0.21867032,0.78275543
0.88194585,0.68042207
0.8027374,0.30819818
0.16593489,0.67394567
0.83191144,0.28396332
0.1901075,0.6679695
0.15064189,0.57403946
0.15571034,0.50395525
0.12259428,0.43243912
0.07864406,0.23804389
0.13623932,0.6405331
0.2153379,0.7513946
0.1575717,0.7303846
0.90966505,0.46662617
0.84945804,0.52765745
0.1904252,0.63937974
0.8147642,0.28256774
0.19401187,0.84638166
0.18018597,0.63362306
0.86147773,0.40932563
0.82271254,0.47997624
0.7763691,0.24028488
0.84488976,0.37003765
0.1307314,0.55161196
0.20354827,0.65681183
0.83597046,0.51823527
0.82694054,0.16721809
0.12214411,0.43569505
0.83057916,0.23378572
0.8218487,0.44184333
0.8665097,0.5073886
0.19777185,0.8535712
0.15133837,0.5389496
0.87639314,0.45838448
0.82649475,0.30811846
0.16537407,0.6710551
0.7717536,0.15148467
0.10413504,0.36038724
0.14241554,0.57292336
0.17192034,0.63617724
0.8332009,0.45844975
0.84984356,0.37997845
0.1691765,0.5119201
0.83863384,0.41151276
0.8507562,0.45430857
0.15282412,0.6553944
0.20412853,0.6043915
0.19222824,0.77189827
0.18200806,0.6976124
0.21656664,0.73010427
0.8401434,0.49860463
0.14958331,0.47998103
0.19897243,0.5643457
0.12453456,0.55959475
0.21492343,0.7200837
0.7804591,0.234618
0.7793097,0.29975194
0.15450461,0.5138479
0.15893568,0.61072946
0.90812856,0.70644933
0.13844573,0.49432063
0.76631945,0.24148116
0.11109617,0.3548382
0.20750974,0.7064055
0.7832438,0.33410195
0.85509884,0.44318154
0.7429635,0.32163146
0.7868507,0.3753944
0.8716027,0.5498195
0.7774154,0.19191681
0.8752596,0.52757335
0.82330906,0.5040937
0.7746692,0.2927394
0.12689804,0.5574878
0.74902076,0.31254
0.8740848,0.3794909
0.20395878,0.753138
0.15036426,0.60067916
0.20108722,0.8747581
0.09440032,0.35205665
0.12649943,0.52466655
0.7714791,0.20329088
0.16015331,0.53200364
0.7773464,0.20585297
0.17999639,0.6466314
0.85474145,0.5366136
0.17426954,0.6080802
0.114663005,0.44468093
0.84076524,0.44043592
0.8691072,0.5114343
0.811853,0.446409
0.13998581,0.6318608
0.21261905,0.67588925
0.7963712,0.44891238
0.19764811,0.7951541
0.15936324,0.7486709
0.89103055,0.40936023
0.7829693,0.164451
0.22934029,0.80955327
0.82650745,0.27242586
0.21570319,0.78910786
0.13556823,0.5094474
0.19227347,0.63195103
0.8765843,0.35008505
0.21510072,0.7034243
0.20955315,0.6770995
0.22928119,0.7137484
0.18150316,0.57836944
0.8466178,0.414208
0.85361505,0.4630014
0.786036,0.24454829
0.77383745,0.31926256
0.83977765,0.41883105
0.8663217,0.37401766
0.10283411,0.351036
0.8424953,0.40774038
0.74126995,0.1997327
0.18339148,0.71989447
0.8700773,0.59895766
0.15939339,0.48891306
0.8023785,0.2323494
0.75937104,0.17609052
0.845278,0.35454383
0.2231359,0.67170644
0.83917403,0.47088957
0.13738318,0.60106504
0.19266929,0.69763386
0.8583971,0.45155725
0.80315506,0.29233333
0.7503153,0.24606216
0.08529979,0.26679096
0.1601557,0.49503464
0.82147586,0.29238284
0.21190473,0.69225824
0.743378,0.21231708
0.8483669,0.33922172
0.7765357,0.1652789
0.8709439,0.35929698
0.17254066,0.5011124
0.16230103,0.6865511
0.15889405,0.65545785
0.8408133,0.4562035
0.7770985,0.25522065
0.83349156,0.3119898
0.14771046,0.6721598
0.8518081,0.3680748
0.84763163,0.35998908
0.76905775,0.19671069
0.85247636,0.46173897
0.78420675,0.4322512
0.15776089,0.4117633
0.81497204,0.2867843
0.8164229,0.20759198
0.8465199,0.52086174
0.15822613,0.48513675
0.8095062,0.23422508
0.8315894,0.32427895
0.20682676,0.7998512
0.7197587,0.42000586
0.8297316,0.20129782
0.08323933,0.23649718
0.78288364,0.20565541
0.832836,0.2060238
0.13386989,0.49478102
0.7729978,0.3659271
0.85796046,0.4455789
0.8059037,0.23990686
0.75094515,0.30614948
0.83055496,0.3626668
0.83872545,0.44417718
0.84988046,0.4794313
0.15213637,0.6432739
0.8251379,0.40585157
0.20428678,0.79497933
0.8182688,0.41559657
0.17192867,0.7483367
0.7727031,0.21286288
0.18466265,0.77485675
0.15000373,0.64699805
0.7777577,0.31931248
0.8541715,0.36723465
0.13798486,0.5913993
0.14769776,0.52638805
0.86307216,0.39280462
0.0839715,0.3445189
0.83591294,0.30912113
0.85385066,0.39930335
0.84594953,0.43280444
0.8232952,0.53306806
0.7977586,0.22901681
0.15987767,0.48518535
0.20818797,0.758348
0.7786445,0.37492043
0.20228423,0.6967718
0.10676425,0.46982732
0.7740338,0.15811786
0.19539806,0.7183079
0.88935953,0.5656414
0.14548261,0.5483595
0.2418847,0.807657
0.7956232,0.31518048
0.15506543,0.60714763
0.8292295,0.25133523
0.11003759,0.39654326
0.20148107,0.79328233
0.7576489,0.21728267
0.18356045,0.5244681
0.8200512,0.33671308
0.8824551,0.4753904
0.15144268,0.52052706
0.77614975,0.33329245
0.13500026,0.51221573
0.8594458,0.33141372
0.16140348,0.62457234
0.7811496,0.2049747
0.833538,0.3607942
0.24883987,0.7203001
0.7800228,0.2037701
0.17466854,0.7728742
0.9239764,0.60173744
0.78678405,0.22652394
0.741047,0.29687098
0.096699536,0.3542508
0.8589358,0.2909938
0.84028333,0.44320694
0.80162054,0.2981496
0.18111248,0.5285852
0.069672436,0.38215068
0.18172923,0.5798299
0.15579125,0.54350126
0.8349238,0.3137665
0.10278017,0.42611605
0.8476387,0.6283701
0.1557754,0.68420494
0.8296543,0.4874071
0.8473639,0.38901824
0.77588046,0.23017804
0.84855616,0.36238775
0.8624296,0.53193706
0.22998638,0.8395189
0.17767218,0.70134974
0.8439803,0.3638438
0.77365816,0.14413133
0.23391177,0.7842448
0.85621136,0.39716354
0.8430764,0.5798347
0.21242431,0.6580427
0.1355242,0.50866854
0.8389384,0.49768737
0.17413865,0.5544434
0.22965996,0.7296469
0.8261509,0.4206467
0.8731305,0.5450589
0.14577255,0.41545334
0.7990468,0.38387525
0.84786797,0.5833057
0.7785656,0.24713272
0.757282,0.28871998
0.18769485,0.5346932
0.7723176,0.22027753
0.82777464,0.35601607
0.8680228,0.3115163
0.8489032,0.2804301
0.9443125,0.7365092
0.8164693,0.36911556
0.15507376,0.53126335
0.7690415,0.27930567
0.84061056,0.40580994
0.20532395,0.81477857
0.16643147,0.631029
0.85572195,0.42131823
0.2118254,0.69366217
0.17833413,0.6093531
0.13867459,0.5835265
0.87584895,0.4356587
0.14922833,0.43219075
0.1855852,0.76676536
0.81652445,0.34671217
0.16878463,0.6393455
0.21607244,0.7433903
0.11427947,0.48549944
0.83395165,0.36600727
0.20706671,0.78959143
0.19866584,0.7004075
0.107952535,0.46791267
0.12535359,0.5763251
0.783945,0.17923783
0.19812047,0.74388534
0.16063601,0.6337812
0.20039076,0.66987324
0.07539016,0.38829592
0.16205592,0.51750815
0.7761391,0.18003549
0.12831122,0.5464532
0.8679645,0.45181262
0.81748825,0.44608966
0.13995646,0.38427866
0.8454347,0.25428894
0.8436035,0.37035698
0.84660596,0.45625958
0.14406271,0.6138851
0.865254,0.4700744
0.20929573,0.69746345
0.84467995,0.3466587
0.18429935,0.5979962
0.7397905,0.18285732
0.12779361,0.67968833
0.11758136,0.6140892
0.8154361,0.24026649
0.16120596,0.51819235
0.15854304,0.41348085
0.841342,0.32403803
0.104239345,0.32292587
0.7744673,0.24001768
0.14903438,0.5841389
0.14283833,0.53391874
0.7777256,0.24439368
0.764303,0.20383099
0.8647546,0.35723907
0.17818223,0.5974762
0.8169258,0.29626998
0.78300184,0.27897277
0.18657081,0.8218757
0.1746261,0.7094263
0.85572076,0.43203568
0.23033185,0.76028764
0.15812816,0.7053534
0.7575489,0.22995771
0.16348179,0.6478794
0.07632262,0.34281757
0.21804287,0.7777776
0.1794082,0.7131596
0.8837878,0.72404265
0.75832194,0.18195234
0.80736166,0.22281596
0.77143115,0.21125528
0.72991854,0.31106862
0.83180714,0.33737758
0.88650984,0.46725607
0.8295131,0.36571378
0.8751295,0.4145983
0.13771792,0.49056095
0.8639574,0.5057293
0.19268158,0.73119235
0.8508788,0.48743775
0.14704452,0.65383846
0.15168898,0.5343077
0.15932001,0.5360669
0.21923512,0.8995874
0.15966983,0.5353984
0.097034685,0.42369545
0.18811764,0.56477106
0.89706594,0.46676415
0.22884966,0.809891
0.14168257,0.7212822
0.13522474,0.5129429
0.22602135,0.689068
0.12900807,0.688086
0.14310923,0.651035
0.8352994,0.43836838
0.14210974,0.6668341
0.1444629,0.62430686
0.12633643,0.5145461
0.7875321,0.29423836
0.14402741,0.5683257
0.17115128,0.59239584
0.8494517,0.4007099
0.74319357,0.22440822
0.21230769,0.6821427
0.9066773,0.42355353
0.13614611,0.4935488
0.83679825,0.37696826
0.8515324,0.41098404
0.842537,0.3084702
0.17448491,0.65185505
0.24193585,0.721043
0.8328911,0.46094745
0.22171123,0.8061063
0.13897999,0.5616693
0.2146093,0.7665608
0.874159,0.58788407
0.16317202,0.5542752
0.8634906,0.51823264
0.86906314,0.35596877
0.13981804,0.43575725
0.80143094,0.26275092
0.21639252,0.7936411
0.8480734,0.50090474
0.85053927,0.43671873
0.76535565,0.1472357
0.1444403,0.5307824
0.13785239,0.5868871
0.7707581,0.21295924
0.8881911,0.36488324
0.09915146,0.33986038
0.81299293,0.3874667
0.7872294,0.21463035
0.85551447,0.4240034
0.816979,0.36183363
0.15592214,0.64014715
0.13675293,0.54320997
0.12087294,0.5559415
0.86331844,0.50199986
0.84933037,0.33173612
0.8675651,0.39739394
0.8009474,0.2245427
0.23611978,0.7956885
0.18388051,0.64635193
0.84069467,0.425922
0.85479623,0.3262142
0.79989004,0.26642036
0.7850845,0.30678856
0.82783294,0.27488852
0.7813368,0.14303099
0.16091682,0.5562735
0.23484106,0.84006387
0.1706682,0.69818187
0.1339032,0.46346048
0.11200484,0.5658775
0.8979809,0.56318665
0.16353334,0.6299882
0.8979171,0.45611328
0.16120437,0.4784926
0.89761645,0.3802772
0.886486,0.40396538
0.20435977,0.7863035
0.1335169,0.5370989
0.17099898,0.5874132
0.12467497,0.44988614
0.16552003,0.55440664
0.7486479,0.1668729
0.7847561,0.18220027
0.8680347,0.43131948
0.08630999,0.39485288
0.15929344,0.5918325
0.1852921,0.69419
0.84632593,0.30807683
0.8423938,0.5253779
0.8904844,0.4242535
0.8058481,0.30698657
0.16316408,0.63526434
0.13520531,0.50458515
0.17883031,0.5230808
0.8332667,0.3757733
0.8337494,0.35883966
0.20678194,0.78843415
0.0709218,0.36857942
0.17226262,0.56371975
0.21903919,0.80841786
0.13584031,0.6173088
0.13018367,0.6710432
0.12598065,0.48146468
0.82152945,0.33711606
0.17949228,0.7896869
0.14468819,0.6709771
0.13201924,0.52317107
0.8250776,0.3223345
0.11283061,0.5070382
0.8367237,0.39528698
0.814608,0.42454612
0.17516829,0.6472171
0.15240806,0.6526982
0.14837241,0.6159517
0.8978231,0.34109214
0.7683018,0.20001087
0.09741346,0.46461558
0.18141352,0.5624893
0.8431474,0.44549438
0.14987482,0.5965844
0.19549364,0.73649913
0.7402316,0.23092446
0.19874437,0.8647915
0.7980652,0.24213822
0.7663179,0.20319408
0.8782779,0.51452774
0.17185013,0.736122
0.8581746,0.5943635
0.16187188,0.58228856
0.15303987,0.598906
0.84660035,0.3672132
0.7751792,0.2428934
0.90041584,0.49409592
0.20838548,0.5638919
0.82789326,0.42816475
0.83394337,0.4027139
0.16469228,0.5946833
0.15129314,0.45447412
0.86902905,0.6346235
0.79692054,0.31712362
0.8712569,0.4680156
0.15341033,0.46583945
0.19366482,0.7352258
0.7621938,0.21030343
0.7721625,0.25371116
0.81949794,0.33314088
0.14535847,0.4655946
0.83392113,0.39546964
0.20629528,0.66408896
0.84507734,0.36584693
0.13471827,0.5853706
0.76737887,0.33265293
0.8324017,0.51076806
0.21393147,0.7475101
0.21863583,0.674265
0.18522626,0.64048004
0.7806875,0.19040646
0.19554323,0.6864933
0.16680707,0.53024715
0.13249756,0.5290631
0.8116222,0.2939313
0.83277565,0.26593414
0.1590987,0.5953114
0.15371652,0.519375
0.22459112,0.8784727
0.1725712,0.6135443
0.2412838,0.76786524
0.7315745,0.22185446
0.8257824,0.288087
0.12885776,0.49175897
0.15458553,0.40062314
0.12639672,0.43338615
0.16182072,0.5965134
0.76274943,0.18269262
0.14536998,0.57919514
0.17381382,0.669352
0.15152834,0.660628
0.8634767,0.38699493
0.80939794,0.4860242
0.19239642,0.77178526
0.16881755,0.77445334
0.24022838,0.7861397
0.12312377,0.501458
0.7582835,0.13470872
0.8262429,0.35261384
0.8260735,0.344126
0.14185391,0.62214035
0.8692555,0.35401335
0.16249499,0.5725777
0.8696783,0.39877245
0.7665007,0.2858692
0.77521014,0.22569692
0.1682258,0.63930523
0.7764623,0.15073869
0.18069524,0.6880562
0.24036403,0.7504765
0.14716074,0.52903813
0.19510059,0.68033534
0.16019854,0.5589727
0.14857271,0.43370372
0.16498578,0.6122407
0.18841788,0.66211647
0.1442281,0.50643367
0.2315475,0.7464991
0.18985327,0.739699
0.1486683,0.461046
0.15317275,0.42298758
0.8500383,0.41346467
0.841286,0.48121807
0.061267592,0.41564563
0.14685176,0.5339354
0.2024068,0.6928172
0.84170604,0.46524504
0.08693626,0.32474855
0.11097719,0.4303593
0.7712499,0.27296683
0.80268705,0.26543742
0.7753561,0.29681402
0.13153377,0.56769276
0.8114072,0.322999
0.24643317,0.82346314
0.18581446,0.72900563
0.18696822,0.609828
0.16281743,0.57303286
0.87885064,0.3715756
0.84210306,0.29390588
0.78890795,0.24225211
0.12010825,0.3014064
0.1473527,0.5473411
0.20141205,0.7319501
0.24639192,0.80104434
0.22221416,0.8664639
0.8565255,0.45445135
0.14727376,0.68575865
0.91749996,0.59458077
0.20617907,0.7073149
0.11240265,0.42071593
0.15756813,0.5605628
0.15461408,0.57654285
0.15555923,0.7904956
0.8568868,0.2903727
0.8670614,0.52976704
0.23338267,0.8315799
0.8682576,0.6320426
0.1352779,0.6503648
0.20575549,0.8259547
0.73135513,0.13698256
0.741638,0.18435805
0.88825417,0.49417475
0.2070342,0.8122253
0.20397742,0.7372215
0.88160634,0.53684574
0.7577504,0.27671424
0.87372583,0.40320274
0.15549974,0.55716014
0.7474588,0.23125912
0.8003105,0.25555792
0.80366075,0.44546503
0.8479552,0.34015518
0.75972915,0.32151318
0.76223385,0.21828096
0.18212308,0.6502886
0.81321424,0.25729692
0.21507533,0.70437396
0.17841347,0.65793586
0.85122144,0.49163678
0.19486539,0.7233269
0.13305324,0.40624624
0.150254,0.682522
0.18199497,0.5970653
0.75503117,0.23905882
0.14359549,0.33638805
0.7888564,0.28207758
0.21502773,0.77780735
0.1411142,0.55436635
0.1853024,0.7151729
0.83210975,0.43821856
0.85325694,0.46083444
0.193714,0.64966875
0.84368676,0.367787
0.88647807,0.61130637
0.074328795,0.22384447
0.15810674,0.62693685
0.8815175,0.40674123
0.7755886,0.09605149
0.14709014,0.5603692
0.13293624,0.49668908
0.8192913,0.4510395
0.16004583,0.573767
0.1314846,0.6024072
0.18719192,0.7464246
0.08981733,0.37010553
0.119061165,0.5036723
0.21654126,0.94754326
0.79533404,0.33144042
0.79403627,0.09584824
0.13559401,0.6266311
0.8103498,0.3977584
0.85059714,0.5288397
0.022881595,0.3096564
0.12309323,0.4310181
0.14764105,0.4686788
0.2046497,0.81695473
0.22397755,0.7509592
0.1542956,0.47881237
0.19935517,0.6864236
0.14724085,0.5325906
0.19902875,0.7463265
0.24343272,0.6297937
0.14922158,0.46670195
0.7532341,0.22977637
0.08546836,0.41823575
0.16786288,0.6460848
0.8117467,0.22868259
0.17853126,0.55429363
0.14793058,0.54990274
0.77446055,0.30741933
0.86378807,0.49922314
0.1658512,0.67005503
0.81557095,0.32877365
0.15777318,0.59155
0.8872666,0.493353
0.044902913,0.25811124
0.72956914,0.27092382
0.79058963,0.33662373
0.81338197,0.32274714
0.8747904,0.4584708
0.8577225,0.33317944
0.18663466,0.7479941
0.17776498,0.664626
0.12403164,0.38083437
0.88817006,0.5138378
0.901451,0.5999143
0.8127224,0.31769174
0.17538287,0.64013225
0.8078967,0.20480037
0.14840098,0.5488059
0.15879965,0.64956367
0.83460253,0.34095678
0.81631345,0.31901857
0.86721843,0.54586756
0.20137359,0.755457
0.8632205,0.36237198
0.75383335,0.2877541
0.7977669,0.3034424
0.8950606,0.4795496
0.83345586,0.49056533
0.80479234,0.29541317
0.18717645,0.75838524
0.1628091,0.7037616
0.20397148,0.611348
0.21583249,0.8071042
0.7853217,0.24871272
0.10009979,0.5208705
0.20717262,0.7849588
0.83771443,0.36946556
0.91287136,0.55135703
0.23492831,0.76364124
0.8339132,0.32521066
0.12648277,0.47197765
0.17776181,0.7729469
0.8493958,0.34793648
0.18435805,0.55465895
0.9021114,0.54926145
0.16173346,0.5578251
0.223853,0.82874495
0.8642977,0.52007765
0.109682605,0.35285476
0.144146,0.6351842
0.21488376,0.69336694
0.86945856,0.36416575
0.7979601,0.2989928
0.8270266,0.45471242
0.21005845,0.6879309
0.18429181,0.6876825
0.85629463,0.42806968
0.12910604,0.5228548
0.7195552,0.23424916
0.8409497,0.44566128
0.80948514,0.30414152
0.21575198,0.70297354
0.17109972,0.63064396
0.80126,0.11943479
0.11017442,0.39588404
0.8070201,0.27373034
0.8080534,0.2727329
0.17203179,0.67991656
0.15826182,0.5747158
0.8399768,0.46103024
0.75240356,0.32446995
0.8082977,0.31923845
0.052971818,0.20850791
0.21179406,0.63875943
0.22975,0.7584076
0.15351067,0.62887734
0.86409384,0.41574332
0.23471731,0.71054983
0.15750189,0.5376324
0.16605507,0.5113309
0.79049367,0.31417695
0.8053234,0.32672584
0.15059708,0.6463927
0.16401048,0.55133075
0.15014255,0.5657448
0.15180796,0.5209073
0.17675398,0.6483034
0.83940524,0.34866711
0.16723026,0.58137834
0.7965029,0.3945366
0.84218043,0.3730658
0.21379027,0.7355753
0.8347342,0.38301143
0.8304729,0.33096647
0.76786906,0.16290998
0.851747,0.47407937
0.15033253,0.52852434
0.8046289,0.3627855
0.8812847,0.58171123
0.8284521,0.2082429
0.14667962,0.47313845
0.7833346,0.2326683
0.18099548,0.5361142
0.12833342,0.64951503
0.24285404,0.78741
0.13976212,0.47133988
0.16038653,0.47083965
0.8019668,0.381148
0.87720025,0.4435241
0.15306725,0.59209406
0.7939546,0.25474405
0.23207858,0.7820546
0.16108023,0.6098639
0.19790591,0.67210287
0.7771282,0.30129513
0.94422644,0.63059926
0.15750268,0.44576815
0.17177795,0.5471825
0.14074297,0.461032
0.86476374,0.42886955
0.20250396,0.6977894
0.1625406,0.47453842
0.84430593,0.44402257
0.21049353,0.7155632
0.18884346,0.73229355
0.8273943,0.36872748
0.8364425,0.2447809
0.14058432,0.47114146
0.8717554,0.5579337
0.90141016,0.5740579
0.79051465,0.17444745
0.21871276,0.8417599
0.8301488,0.35402825
0.8214664,0.23529214
0.16334932,0.6197684
0.7470432,0.29073232
0.81638604,0.30931428
0.17435282,0.72450787
0.13133547,0.46515962
0.8350138,0.5300106
0.18863286,0.6499741
0.87177444,0.48418927
0.1921295,0.81282145
0.8515974,0.40700403
0.84876317,0.3600701
0.13547899,0.6090062
0.837948,0.21442974
0.8304031,0.3853501
0.78424287,0.21178661
0.2079496,0.69256705
0.735854,0.15942803
0.8298974,0.46597874
0.1526373,0.5816845
0.19846117,0.7004465
0.771447,0.16007501
0.8634208,0.5057363
0.85470575,0.4593092
0.23522936,0.7063924
0.839335,0.4511814
0.10847806,0.26204875
0.8754722,0.42648005
0.17036755,0.5512926
0.7923935,0.2867282
0.1728179,0.6229971
0.8047154,0.25303438
0.18101531,0.60744244
0.86012566,0.45543563
0.7972557,0.31248787
0.11705385,0.48841283
0.8673874,0.4104676
0.12972319,0.517834
0.7703055,0.171941
0.19829223,0.7624419
0.17560893,0.6742843
0.19439381,0.8097771
0.8562843,0.4031769
0.03657303,0.3697078
0.8900394,0.43241152
0.8104355,0.2501197
0.18611826,0.7335166
0.13668194,0.517891
0.18834928,0.70468014
0.15229383,0.6658135
0.8816274,0.38868663
0.8710522,0.34793472
0.21947388,0.71080697
0.18270572,0.6244479
0.81780356,0.23852398
0.14557146,0.5780913
0.9108581,0.5658657
0.81346685,0.50348306
0.7979922,0.27612904
0.13973476,0.619057
0.20960194,0.85426414
0.82626235,0.32339194
0.78559536,0.22891037
0.13484478,0.5388905
0.7501107,0.29893762
0.14272054,0.6345727
0.79747224,0.20123562
0.20479843,0.63983613
0.16106476,0.6176872
0.7954304,0.2949563
0.86021054,0.5402309
0.7870589,0.20529272
0.15740234,0.57079494
0.88374215,0.6035023
0.8272737,0.28390637
0.8551151,0.3955415
0.81073654,0.34461
0.8345228,0.31374067
0.22538318,0.6932333
0.08795955,0.3357551
0.8009673,0.3876266
0.16531418,0.5341588
0.18706422,0.7847126
0.85040915,0.5637272
0.15780333,0.5348553
0.84841967,0.3457555
0.8707762,0.44812173
0.804151,0.3316463
0.8706992,0.45452932
0.23331286,0.81514215
0.19436763,0.7730634
0.11897351,0.5293124
0.7712491,0.28719604
0.16061975,0.5899297
0.16278571,0.572297
0.8613282,0.3591016
0.8047431,0.25994092
0.84252506,0.38112438
0.8248805,0.37124968
0.90647584,0.56889606
0.876576,0.4013332
0.1597924,0.6924633
0.16824403,0.48348314
0.21051575,0.7719819
0.805135,0.27820796
0.8202297,0.28227732
0.7939859,0.43633938
0.87458813,0.30158514
0.16725804,0.4532231
0.87929565,0.45978665
0.22836895,0.77737635
0.18816563,0.80687463
0.12970059,0.55682373
0.17576124,0.7398992
0.8118391,0.32463378
0.84344566,0.39395928
0.8869703,0.520266
0.21525341,0.7307065
0.15334845,0.5216686
0.88537824,0.5288086
0.8496409,0.33807626
0.13655463,0.78195995
0.8635747,0.4113349
0.10631528,0.4337436
0.75736964,0.23648973
0.91848755,0.740943
0.20491186,0.85945576
0.85534155,0.32429472
0.8641454,0.4659989
0.8744838,0.35052308
0.2313587,0.76006246
0.21750386,0.6403513
0.22026396,0.8241342
0.22909477,0.7944396
0.76508874,0.22812803
0.12230554,0.5915802
0.82099557,0.33550277
0.1221461,0.4831095
0.8734304,0.38138676
0.7772643,0.23240416
0.17459437,0.53713834
0.81910604,0.22671887
0.7980402,0.2058293
0.1444169,0.55240875
0.8626264,0.3463784
0.19806536,0.6725847
0.25633964,0.65120673
0.24386543,0.8699625
0.82599384,0.25760794
0.8477768,0.34978062
0.81070834,0.19979447
0.21896383,0.7384545
0.10582386,0.40208796
0.8256944,0.30658445
0.15895076,0.57590723
0.12202314,0.37270573
0.81261533,0.1826913
0.23648506,0.7738843
0.8480544,0.3999744
0.15105042,0.45761135
0.84781206,0.3978631
0.15248936,0.6619115
0.8656201,0.42207253
0.10822898,0.4930201
0.15069583,0.702924
0.23231694,0.6765901
0.21085922,0.79421014
0.1383438,0.746429
0.14731541,0.5768832
0.15359992,0.55163383
0.16584328,0.48375955
0.15367329,0.48388878
0.14315246,0.5576262
0.881953,0.32474896
0.8331529,0.4098675
0.20810032,0.7889852
0.19842866,0.78738284
0.19278392,0.79258585
0.17612416,0.6177687
0.14825779,0.5561658
0.14644602,0.56422216
0.15769623,0.54060805
0.830484,0.33007812
0.19747953,0.8016567
0.82330906,0.4027919
0.82804716,0.40198195
0.16392918,0.58112955
0.7685592,0.29146516
0.8450924,0.33142203
0.83884835,0.34514573
0.7777783,0.18495902
0.20095912,0.83737564
0.083891384,0.35968113
0.16855817,0.8164769
0.16660479,0.56004286
0.7628232,0.27425992
0.16178344,0.55868846
0.1664874,0.57629055
0.8645333,0.60617214
0.87939835,0.5138812
0.2229142,0.6302519
0.8417489,0.31685203
0.1221227,0.4844915
0.8119355,0.40345374
0.7291733,0.28962803
0.1335629,0.5519983
0.20140809,0.61645985
0.16098861,0.61897856
0.83405083,0.40514675
0.88721144,0.4089165
0.8183592,0.28646103
0.1663573,0.58489054
0.16105524,0.47345516
0.8219213,0.31187025
0.76695126,0.25743666
0.8501668,0.4575417
0.18034422,0.70136636
0.8073426,0.24434899
0.20722775,0.7260384
0.8763491,0.5054446
0.87410223,0.57937473
0.8362977,0.3383785
0.08952859,0.24652077
0.13822918,0.40764663
0.917028,0.5961262
0.7600647,0.21420765
0.80569226,0.43132386
0.85291976,0.43204224
0.8406978,0.46453628
0.13706389,0.5783559
0.21692875,0.75217956
0.19602552,0.74952066
0.84260005,0.3417343
0.73917377,0.37598488
0.14315523,0.62872535
0.22077203,0.7781924
0.8674164,0.49122676
0.12522826,0.65819997
0.8722631,0.44108465
0.8536567,0.4512204
0.8135172,0.36744753
0.84410644,0.35228837
0.86587906,0.54898065
0.20754068,0.81470984
0.068360806,0.22190528
0.7737569,0.32360393
0.13747202,0.5700174
0.20132282,0.7489714
0.1577716,0.51862866
0.8269695,0.47060966
0.8697604,0.32690936
0.7558415,0.20722446
0.8198426,0.4225973
0.80356044,0.23167089
0.8105489,0.33627328
0.80886286,0.3790437
0.7527458,0.28315777
0.805956,0.41833693
0.86590284,0.46006525
0.7910866,0.30438375
0.83381283,0.2915094
0.7425835,0.2283948
0.22745672,0.857715
0.15102027,0.68571794
0.76659155,0.2022672
0.116571955,0.5951599
0.84698826,0.40953547
0.14151916,0.61177814
0.8151783,0.25774768
0.7547365,0.17694382
0.20880075,0.71730393
0.16481999,0.5186024
0.24110533,0.8115007
0.8313478,0.318245
0.82945436,0.32837197
0.8156657,0.4572215
0.81639516,0.35854003
0.14382274,0.49106383
0.13851792,0.6849014
0.1484565,0.40362108
0.8530328,0.43314874
0.17113979,0.7412786
0.8615983,0.23310676
0.16134755,0.57039934
0.1546121,0.55466944
0.79067135,0.39853108
0.7650971,0.30379808
0.18168084,0.6117002
0.8014702,0.36933723
0.14746454,0.48376438
0.21542715,0.7420758
0.7868975,0.2510676
0.84588486,0.35059536
0.8905395,0.51477826
0.20175673,0.8259411
0.19660617,0.7299141
0.8528619,0.51117146
0.10624785,0.42763558
0.8352617,0.41956344
0.21977969,0.6337702
0.1871844,0.6348031
0.18440445,0.6811965
0.84291416,0.40664265
0.17294522,0.71085554
0.8390756,0.3526147
0.21493056,0.7313281
0.11363773,0.59101605
0.83855647,0.36374786
0.8870635,0.33213514
0.83947146,0.41234592
0.20190467,0.7060547
0.07436449,0.40237704
0.12938209,0.46964335
0.2198122,0.75347793
0.85461855,0.5455504
0.16743928,0.56472415
0.15377364,0.50325
0.17074078,0.71574974
0.8222152,0.4824739
0.14230646,0.6014641
0.83690214,0.33132216
0.195358,0.7697746
0.76205933,0.24468365
0.77179444,0.35116044
0.8093107,0.31230038
0.87305474,0.49482176
0.7139505,0.15603806
0.1617886,0.5231343
0.744665,0.2434808
0.13047598,0.6897952
0.9374477,0.59465086
0.81092054,0.4875061
0.83209664,0.4254301
0.138648,0.5411565
0.8097596,0.2877024
0.8182549,0.31542534
0.12587951,0.52042896
0.20408966,0.6485426
0.8523435,0.41609287
0.7961372,0.29578114
0.18185456,0.7480471
0.87177324,0.43766096
0.1932543,0.61853176
0.7846982,0.2570446
0.14257577,0.7402229
0.83196497,0.46315908
0.15298395,0.6132845
0.13312106,0.3414496
0.1962861,0.63558984
0.12050368,0.52843976
0.7879414,0.1721149
0.86583024,0.38165262
0.15372922,0.6199764
0.10395259,0.33196083
0.83925253,0.5014444
0.143465,0.7724366
0.21968688,0.6534127
0.13599737,0.48423263
0.22174455,0.76009667
0.7713094,0.2192026
0.23920153,0.6372614
0.8532462,0.48528084
0.11824491,0.4327304
0.7961372,0.09866788
0.83404726,0.32826072
0.09791162,0.3272598
0.18932496,0.6974705
0.21378274,0.7904719
0.12073531,0.6719504
0.19587202,0.7514161
0.17633158,0.6486179
0.8008717,0.21157417
0.82747084,0.457833
0.14151797,0.44819137
0.16933872,0.6261203
0.1480103,0.53894395
0.19381712,0.6256718
0.1988233,0.6613819
0.8478065,0.3717175
0.18026926,0.6774504
0.15042177,0.62146837
0.7846589,0.30621168
0.111411884,0.6666112
0.16596504,0.6556572
0.7921448,0.17757021
0.13689771,0.50058717
0.19934526,0.7122906
0.83270824,0.26844323
0.17629509,0.6925583
0.7619344,0.124202386
0.2105217,0.81963205
0.16051742,0.4095232
0.89815664,0.6247992
0.85427386,0.45228657
0.17919402,0.61666137
0.8855024,0.38142443
0.77719766,0.23666845
0.21558143,0.84842426
0.8522229,0.45041966
0.16790968,0.5333445
0.8794162,0.38923505
0.8648954,0.48180723
0.8463061,0.34255782
0.86061466,0.47791877
0.89238894,0.4913582
0.91775024,0.7231802
0.8966126,0.62120116
0.8286607,0.44982964
0.77527165,0.28936434
0.814201,0.26426697
0.738068,0.28036615
0.16761301,0.80052835
0.90797466,0.57540965
0.84258574,0.31392244
0.15217325,0.50636446
0.8225075,0.44982788
0.7976309,0.2646507
0.7859698,0.2538912
0.82358396,0.31834006
0.15466405,0.65045244
0.8342297,0.3582435
0.14265549,0.5036241
0.73722315,0.2322377
0.22934902,0.74700457
0.7510808,0.16144826
0.21915302,0.75309855
0.748032,0.19427477
0.081721455,0.40425098
0.120481074,0.43664208
0.19486302,0.75453883
0.10866765,0.57530016
0.19540401,0.77026874
0.76679856,0.21966559
0.7924819,0.17789699
0.18721414,0.6954581
0.7251587,0.18390687
0.7457252,0.20370395
0.78254336,0.2908208
0.77824634,0.25725183
0.15283284,0.622093
0.2081598,0.7817313
0.19837393,0.61378694
0.25243327,0.6534267
0.16144195,0.6994994
0.81550395,0.1328948
0.7686171,0.18647376
0.8303,0.5028707
0.19388494,0.7348859
0.84943265,0.30031875
0.86511236,0.41324696
0.11457734,0.54558456
0.8308834,0.30208668
0.8185298,0.44614574
0.23166609,0.8029437
0.06665493,0.48921618
0.22938272,0.74287
0.16414613,0.64010864
0.16395138,0.5704918
0.2143622,0.8004407
0.13964115,0.5735419
0.16960485,0.825832
0.17384793,0.5990781
0.76595974,0.27714133
0.14538506,0.50608414
0.8500248,0.398917
0.2538631,0.68466705
0.8556553,0.538993
0.76185584,0.3539586
0.86635023,0.4570524
0.8281848,0.38278934
0.21684784,0.77417386
0.7779917,0.14800358
0.19971848,0.7330842
0.8317496,0.4325
0.87743706,0.41030684
0.17999837,0.58964324
0.16007201,0.5188897
0.1556802,0.5539817
0.81787574,0.31946713
0.21675424,0.5942978
0.18691707,0.61605775
0.12810695,0.69623697
0.22803976,0.8279197
0.82025665,0.32854193
0.1744381,0.4637741
0.16987891,0.6132657
0.86680716,0.30896473
0.22474025,0.8210662
0.18046956,0.7079575
0.1457551,0.51855856
0.21359156,0.713408
0.82433397,0.35772398
0.77386004,0.30622482
0.15917881,0.5072467
0.89069617,0.67788273
0.16136025,0.628427
0.9006514,0.5656738
0.8377295,0.38282394
0.7708969,0.29758322
0.18427476,0.6457628
0.82441646,0.33105847
0.8524466,0.4540339
0.86293054,0.38008577
0.79725254,0.35227436
0.13086665,0.59190655
0.8357833,0.21541093
0.83493567,0.40254876
0.14482701,0.64206666
0.18146469,0.7094508
0.2278478,0.7543864
0.18685797,0.7539449
0.8778206,0.503388
0.24215162,0.70650715
0.14095873,0.6182142
0.83912164,0.33574197
0.8477042,0.40065512
0.7898444,0.19484071
0.74736524,0.29609653
0.23871449,0.78779113
0.8734066,0.4461111
0.13688105,0.52408874
0.21347338,0.69680905
0.75421727,0.3203686
0.14410515,0.57157636
0.8191691,0.35316005
0.22662342,0.7687172
0.15603557,0.5752134
0.77533036,0.27117002
0.16672695,0.5936075
0.113151476,0.3967395
0.71468943,0.19511274
0.7580507,0.21010982
0.15270275,0.8021478
0.8185881,0.44090155
0.14303823,0.5879585
0.1814631,0.59790546
0.7983301,0.29597035
0.82872933,0.21274066
0.14737967,0.5480691
0.7610182,0.19148491
0.8403873,0.5505405
0.8272888,0.25194323
0.8374178,0.35115167
0.8071907,0.3468265
0.111891,0.46361423
0.14476632,0.66362333
0.18915957,0.75108975
0.8675334,0.49941587
0.14039354,0.60692555
0.21177661,0.7262504
0.81672114,0.23406781
0.1592633,0.5997584
0.8587644,0.3329775
0.14560716,0.45971832
0.22947395,0.5903292
0.17615311,0.51599514
0.8559908,0.5077776
0.16435237,0.6187622
0.81436324,0.3288652
0.7851369,0.23002867
0.13723285,0.5786095
0.17545505,0.61190426
0.769001,0.24320702
0.15222402,0.4834389
0.8179551,0.30463386
0.15285426,0.5211964
0.80628085,0.18473782
0.23335887,0.8184914
0.15382361,0.50016624
0.8547629,0.40879124
0.21087271,0.8130773
0.2001746,0.9001941
0.75954634,0.310359
0.13327098,0.56797266
0.85583854,0.52718085
0.79106754,0.339598
0.20769775,0.7778407
0.8851565,0.5098784
0.8079098,0.18818824
0.78769547,0.20803133
0.16504884,0.5659165
0.8498019,0.3113376
0.788108,0.36906388
0.16603762,0.6576757
0.19475989,0.83505535
0.8414899,0.39978257
0.84572345,0.4876445
0.08125067,0.4021646
0.20705244,0.79641604
0.14626397,0.54220206
0.8440842,0.40174934
0.7548586,0.15739378
0.21063118,0.69448394
0.087760046,0.34530607
0.8269243,0.35266465
0.865532,0.425618
0.19004166,0.5990317
0.79818773,0.20309727
0.84512335,0.36376187
0.8563244,0.31919423
0.24020776,0.6460151
0.7825969,0.42928743
0.15632233,0.5192874
0.13725388,0.48653802
0.1606015,0.5496837
0.7862859,0.24099012
0.14911133,0.5224623
0.16322318,0.5666997
0.15085448,0.600864
0.8029714,0.236608
0.82465917,0.35487235
0.7655956,0.14149566
0.88731533,0.344437
0.07803762,0.49113128
0.89995337,0.6961704
0.746096,0.19280647
0.84978926,0.4336595
0.78560966,0.2818695
0.24906754,0.71516675
0.18705589,0.72769326
0.21649167,0.7225306
0.12981798,0.40756387
0.88632977,0.5387932
0.87482923,0.31661463
0.90899044,0.6410631
0.1684721,0.5993304
0.79963464,0.4913179
0.78791004,0.25623688
0.8765439,0.39729014
0.16766536,0.53059494
0.8705727,0.51242864
0.171983,0.46172452
0.23188224,0.7363975
0.7688233,0.24767238
0.1603778,0.49595013
0.8408311,0.44999695
0.11584534,0.47214016
0.7935921,0.38247484
0.84779936,0.38102317
0.15878972,0.53704154
0.20556629,0.8111648
0.9218581,0.6032986
0.80994403,0.49633867
0.17966044,0.7291791
0.18766788,0.8188523
0.1774457,0.6114356
0.8583908,0.29122028
0.19193117,0.7199142
0.18611747,0.6951918
0.8360665,0.472615
0.13800111,0.5458395
0.1429478,0.55125976
0.86436313,0.36690524
0.15076008,0.5532927
0.25907752,0.65385246
0.7768538,0.23767199
0.7679952,0.29739618
0.9233787,0.551951
0.14887573,0.52357364
0.21556477,0.7771713
0.15631004,0.64677554
0.21838318,0.6690322
0.8406161,0.22709645
0.14277329,0.4590893
0.845186,0.24912447
0.13022809,0.3507627
0.83084255,0.47446877
0.14397386,0.5940967
0.14170875,0.5104807
0.8312812,0.3341313
0.19051245,0.72522014
0.87428784,0.4986629
0.8015531,0.33758476
0.85217136,0.45357442
0.13018605,0.6031435
0.2204591,0.7204692
0.8945105,0.60726196
0.1705163,0.6615654
0.82071,0.2679811
0.12915087,0.5338728
0.1244477,0.60881263
0.19722728,0.8674482
0.13705716,0.47144106
0.8166823,0.57659674
0.8912598,0.5142938
0.14506537,0.30678725
0.7716965,0.21947417
0.1414212,0.6423575
0.7759586,0.2236491
0.14269634,0.59327894
0.13214457,0.5029666
0.18160628,0.55354017
0.13351928,0.37868887
0.1551178,0.62669766
0.113465995,0.3776779
0.8359792,0.30121586
0.8005536,0.13947587
0.74556255,0.15387066
0.18454169,0.758447
0.21142481,0.7532466
0.78506505,0.20550911
0.16598289,0.58755904
0.13133349,0.6303557
0.80625665,0.33947533
0.2203195,0.79657286
0.84914154,0.357844
0.17359726,0.7091722
0.23125638,0.7152044
0.8313764,0.39881143
0.8506396,0.3562548
0.17803429,0.69385797
0.8734411,0.38442102
0.7969519,0.2225689
0.8784873,0.4934625
0.17786731,0.60625666
0.8110673,0.29628357
0.7730553,0.34266862
0.83261704,0.5418472
0.20523313,0.7680304
0.84385216,0.58936244
0.18281835,0.6006975
0.84234935,0.44714358
0.7788369,0.30084354
0.16472599,0.4582544
0.072915226,0.32215184
0.86049527,0.4205591
0.10888261,0.42990944
0.077291176,0.3457625
0.84263694,0.37116426
0.7836571,0.24399067
0.21186745,0.7459892
0.11433381,0.61980385
0.15750031,0.7025022
0.7955958,0.19625556
0.8391696,0.41907942
0.17385586,0.5593652
0.75072896,0.22747931
0.85158753,0.4337589
0.17752224,0.520966
0.2057297,0.7324784
0.19012377,0.7163731
0.1270305,0.38835284
0.7776355,0.204241
0.834148,0.34897113
0.77051413,0.22937863
0.22355594,0.7993649
0.85024655,0.3679622
0.8190204,0.32102522
0.16081965,0.6175173
0.8124241,0.23486461
0.14392984,0.6806087
0.24513145,0.838334
0.13465798,0.5617657
0.8109023,0.35621318
0.14686248,0.54228175
0.1115154,0.45065838
0.75041926,0.21510124
0.16422346,0.58564353
0.74118185,0.33025554
0.13560036,0.48203105
0.8585966,0.3283619
0.21752885,0.7319361
0.77091515,0.17129883
0.81693894,0.44508657
0.17631057,0.6978034
0.849468,0.3339622
0.86177003,0.43179607
0.12798241,0.44705072
0.8740824,0.43886992
0.17242564,0.50390095
0.08966146,0.37900206
0.7756552,0.27242893
0.7931395,0.14664172
0.75971925,0.18955842
0.18007492,0.55637383
0.14514191,0.5613907
0.21363877,0.598287
0.12722288,0.5363043
0.1355008,0.4007239
0.11241534,0.3734
0.15942234,0.6744271
0.23729378,0.72235096
0.13134657,0.43882
0.7704531,0.18645404
0.77180237,0.21158907
0.75639755,0.19235179
0.7895418,0.25870654
0.9240399,0.53090596
0.10852605,0.36656094
0.7588705,0.1681603
0.19914219,0.7788788
0.15124755,0.631029
0.117130004,0.616063
0.8609244,0.5006923
0.16452292,0.47548765
0.19596761,0.7379092
0.78533673,0.10690167
0.8277084,0.32974347
0.8173621,0.2843663
0.8574782,0.5209432
0.84222364,0.4054293
0.18144247,0.5635993
0.80188787,0.22903346
0.24141231,0.73322743
0.22835904,0.91046387
0.7997207,0.18815188
0.7722351,0.305612
0.842092,0.3378704
0.14668082,0.59801584
0.7775744,0.20578901
0.119718365,0.35814187
0.23578621,0.6740898
0.895301,0.6108346
0.08575551,0.3558737
0.8743688,0.42502314
0.83995456,0.35903153
0.17126195,0.6730867
0.16056739,0.6341824
0.9009187,0.524423
0.106969304,0.44678703
0.09337028,0.35456005
0.20036854,0.6783957
0.14228703,0.6356003
0.18603458,0.72338563
0.8093749,0.37693805
0.86182517,0.416396
0.091716364,0.3274258
0.14958133,0.64184326
0.8036972,0.19234084
0.21977413,0.84071213
0.8760136,0.40482917
0.12898389,0.41106638
0.19973117,0.6883085
0.18885458,0.81038684
0.7782027,0.2023881
0.19432598,0.7425655
0.889256,0.6311784
0.12855038,0.39932042
0.78465575,0.27412194
0.83711237,0.49438238
0.8533093,0.43549004
0.14168178,0.542584
0.84062725,0.31919247
0.18156305,0.6931479
0.11044888,0.43203655
0.11025811,0.5253376
0.23078717,0.7411634
0.8006821,0.27388233
0.20392546,0.7712272
0.86072654,0.4610149
0.8630428,0.5194994
0.2179445,0.76933396
0.7571075,0.21415421
0.8651306,0.394877
0.85943115,0.37370357
0.7582315,0.27537298
0.7733782,0.32869524
0.8730417,0.4536055
0.114779614,0.34930447
0.13464648,0.51357806
0.170245,0.49194166
0.18112002,0.641739
0.20384216,0.8420955
0.15252545,0.79110533
0.7435703,0.37937045
0.8272166,0.34456927
0.81484234,0.15585408
0.13095193,0.51130944
0.25160116,0.6513193
0.10546491,0.52463937
0.21124792,0.7527324
0.08190628,0.48057503
0.86336446,0.38529798
0.7380581,0.18792629
0.16238195,0.6954406
0.79245853,0.26554167
0.20710479,0.61085254
0.07957057,0.43464857
0.8308465,0.36559725
0.85173386,0.3497679
0.89118165,0.7861695
0.87616825,0.5128255
0.8049478,0.38801774
0.7735975,0.25110045
0.75724316,0.2490176
0.19939245,0.8027466
0.1342677,0.48985222
0.14179759,0.7344706
0.2438456,0.7526886
0.1827779,0.7588557
0.7737609,0.25700346
0.7275079,0.22965065
0.81869596,0.3964447
0.1518869,0.65535057
0.24945068,0.7999195
0.22333145,0.8481237
0.81957763,0.2681112
0.13307862,0.50318694
0.13846992,0.6460011
0.14848982,0.560505
0.14802021,0.62853307
0.16593608,0.6760373
0.8099274,0.22636056
0.15558264,0.5150104
0.8551111,0.4371813
0.8420249,0.39847985
0.8514487,0.32528117
0.85143083,0.53453946
0.82187724,0.4343494
0.7740877,0.18176311
0.8281177,0.47476226
0.21025556,0.72194403
0.83314455,0.550682
0.7685937,0.31886175
0.82420385,0.53704196
0.8477958,0.41414055
0.8295932,0.42914638
0.8501581,0.41380852
0.21264006,0.75818634
0.828907,0.39264956
0.7669315,0.22094466
0.85120595,0.525985
0.21080886,0.7172045
0.8685844,0.33057225
0.20559168,0.6012188
0.83729756,0.46810147
0.17293252,0.5768175
0.8129957,0.38889384
0.11673734,0.4161336
0.09814285,0.32779685
0.7867071,0.3480105
0.84418297,0.28528926
0.15740512,0.5671982
0.19885622,0.77241164
0.8051743,0.29636547
0.15399058,0.7012735
0.8522459,0.31757787
0.74643236,0.19598223
0.18629873,0.78022534
0.15019093,0.6786498
0.913922,0.6079497
0.22888654,0.7833818
0.1493858,0.5370297
0.7839208,0.26270187
0.87348235,0.327315
0.85680866,0.5003581
0.7967865,0.28907084
0.13778059,0.51241726
0.1288518,0.5523549
0.20819075,0.7739439
0.8366578,0.454878
0.8885322,0.6437461
0.13509783,0.47813034
0.1643369,0.6066776
0.78206265,0.26757547
0.17731799,0.5702119
0.8230576,0.37915188
0.80881524,0.20488621
0.2824914,0.8136756
0.81007415,0.55537206
0.79031956,0.20895997
0.15757488,0.59853715
0.10542287,0.39865416
0.15788265,0.6580681
0.77472746,0.17440628
0.87673664,0.33281544
0.15032183,0.46508777
0.13002501,0.29399788
0.82041216,0.3534632
0.11860544,0.59540516
0.21317829,0.5232876
0.788127,0.35789874
0.20029397,0.7855107
0.1382149,0.5979125
0.22556007,0.8610528
0.15333813,0.5809377
0.05880813,0.2628517
0.15249929,0.56630546
0.7873028,0.28516838
0.78506386,0.14184478
0.16247277,0.6553164
0.13701472,0.57936424
0.23568428,0.6625694
0.16212453,0.7738572
0.15294747,0.5417596
0.19534928,0.7770417
0.76531285,0.21891831
0.8501494,0.40263638
0.7576132,0.1392297
0.1641255,0.51458204
0.7955129,0.20923987
0.8041129,0.33345497
0.8318452,0.3862529
0.2183911,0.8037379
0.85845625,0.43182498
0.22688955,0.7858147
0.12943166,0.45480922
0.1666627,0.60894054
0.16350003,0.67379016
0.7268443,0.24964005
0.734492,0.22653489
0.8274474,0.38265443
0.15331712,0.651286
0.23397562,0.9249239
0.8817983,0.44722506
0.1421022,0.52055687
0.23726958,0.7176307
0.10585876,0.39036432
0.2414131,0.8018512
0.13092813,0.47658363
0.86114854,0.40579462
0.86436754,0.48751834
0.07594266,0.31660497
0.8282446,0.39184183
0.8347406,0.30326542
0.7842738,0.24295253
0.7862359,0.18952732
0.77496785,0.2489475
0.7539563,0.20948122
0.16909242,0.6796695
0.82005954,0.3763445
0.23747186,0.73786974
0.8234828,0.23335382
0.824633,0.41483396
0.12589894,0.40477487
0.9269432,0.63289416
0.17246252,0.6280556
0.87566096,0.4808225
0.7444155,0.14147156
0.22530821,0.823273
0.7507778,0.28624463
0.09223594,0.51972723
0.15246437,0.69223505
0.18491848,0.79668415
0.8380329,0.4181525
0.1645606,0.5372448
0.8440104,0.2901887
0.18339585,0.5458842
0.07827639,0.253387
0.81941104,0.26496214
0.137802,0.6798233
0.14994186,0.51024634
0.1523097,0.63289064
0.16528086,0.69539243
0.78733337,0.41228765
0.75860316,0.19700943
0.16231254,0.5650141
0.8136608,0.32692295
0.16687371,0.48175904
0.7641753,0.29086328
0.7647516,0.30485553
0.86819416,0.41884682
0.16926138,0.5560186
0.20850883,0.6907028
0.8350963,0.4077084
0.8158613,0.5156202
0.16871403,0.487542
0.8657922,0.35296515
0.80355287,0.31186235
0.83265114,0.37953734
0.76937944,0.35442206
0.2179223,0.8402119
0.23485336,0.78145623
0.7981457,0.2908186
0.7841731,0.15480718
0.95414084,0.6369679
0.19998659,0.8028561
0.8019937,0.44923434
0.83753717,0.42988142
0.22041586,0.76786304
0.13105783,0.45113543
0.15284395,0.5709373
0.13064177,0.62352717
0.8327305,0.3463569
0.21113051,0.830533
0.782115,0.25284427
0.86113226,0.55032897
0.13589385,0.48403728
0.17425685,0.6074661
0.7710163,0.2403865
0.8531994,0.47804096
0.23315898,0.82025534
0.20099322,0.755315
0.15690298,0.6819403
0.86773205,0.42597148
0.21420753,0.72537255
0.12882127,0.53778046
0.89922196,0.57458264
0.77340555,0.2170422
0.8582956,0.36074862
0.85493386,0.35688427
0.7558387,0.27695647
0.1632922,0.71312326
0.18874113,0.70963216
0.81996596,0.24000585
0.8568702,0.43641737
0.14201176,0.52840036
0.20232311,0.7331517
0.8794297,0.4063159
0.15334012,0.6246669
0.830647,0.46824908
0.8398911,0.46125188
0.83994824,0.41880608
0.18446435,0.6258492
0.85212654,0.40320843
0.12331891,0.5600932
0.15783505,0.7109388
0.85533404,0.39200127
0.8832111,0.4204474
0.19238967,0.74840456
0.14769776,0.5681899
0.75017965,0.24318995
0.17645732,0.61134446
0.1520043,0.57186764
0.101267844,0.44020024
0.8465147,0.28988647
0.7739295,0.12729493
0.8744489,0.4416147
0.14963329,0.6062571
0.8066021,0.29444513
0.21171713,0.77709335
0.12462499,0.5601204
0.84594876,0.3851486
0.8349329,0.42064714
0.78162354,0.25948405
0.8341004,0.37617674
0.8119125,0.3257845
0.7784058,0.23191574
0.14942466,0.703935
0.83057404,0.48366886
0.84174335,0.33519793
0.13162777,0.59566885
0.21339682,0.77669126
0.8592182,0.46969813
0.19084007,0.6447702
0.15917088,0.5568995
0.13428912,0.54379344
0.1812382,0.6695176
0.82904583,0.17738536
0.16803026,0.7128657
0.1703862,0.5769673
0.18850672,0.6771219
0.21086915,0.7733836
0.20054345,0.7566677
0.8124928,0.2375984
0.19847903,0.60882574
0.2316526,0.76396364
0.84091675,0.4048743
0.8548303,0.35876825
0.17213213,0.75267893
0.82935363,0.39221898
0.20766918,0.6418787
0.14311914,0.49097314
0.79691184,0.31698388
0.25172848,0.6885586
0.8468122,0.3090357
0.23103784,0.7056565
0.8005413,0.34480143
0.12844804,0.55483854
0.15363243,0.6391642
0.8339905,0.33636966
0.1717839,0.71329063
0.15373158,0.58414674
0.78980154,0.36602786
0.79921657,0.21515074
0.84643894,0.38630548
0.8452233,0.5853986
0.85045874,0.42844158
0.2234306,0.7154931
0.13777147,0.57357955
0.8361287,0.3888868
0.19523267,0.76813287
0.85387963,0.3029715
0.7889258,0.35962594
0.1881696,0.69319695
0.13319007,0.5584856
0.14675617,0.66955173
0.17959103,0.6903366
0.16456893,0.5920848
0.17151618,0.7483301
0.16596107,0.5768131
0.79819965,0.28336322
0.8293695,0.47224617
0.8418294,0.55589813
0.77919304,0.23533726
0.16829957,0.59564257
0.82836086,0.40710697
0.15541922,0.5811589
0.76882887,0.1540647
0.15310612,0.41829315
0.86439764,0.47136748
0.7897714,0.16823214
0.19490585,0.73591304
0.16760388,0.5394656
0.123458125,0.6611712
0.1279118,0.46488672
0.16585954,0.61320347
0.7557804,0.28416395
0.18937375,0.64987683
0.8302916,0.45659992
0.85074115,0.37911773
0.12735932,0.580603
0.90474457,0.5928383
0.7991983,0.3335487
0.13511091,0.54475534
0.1742271,0.59499776
0.8000134,0.44781157
0.1429244,0.44429153
0.14864649,0.6392869
0.8073426,0.2998172
0.14589867,0.34070843
0.7481347,0.25147718
0.81760645,0.37434575
0.80235904,0.40919992
0.83694893,0.32326445
0.83185196,0.36330763
0.8347239,0.18736868
0.16156688,0.5512081
0.23310186,0.80887383
0.861918,0.38250768
0.22104809,0.89260817
0.13921359,0.44994745
0.18577954,0.58484936
0.09650321,0.48257554
0.7559184,0.22266702
0.8518287,0.37521437
0.82776195,0.2829738
0.20117329,0.7483283
0.76026976,0.17538616
0.109687366,0.6674338
0.8180292,0.4183111
0.16124007,0.71910906
0.2227952,0.65811193
0.18180458,0.6262272
0.7791098,0.2991825
0.20528072,0.64431727
0.14350347,0.49137396
0.84379584,0.308316
0.13578558,0.4787852
0.15337622,0.59671885
0.847135,0.47307494
0.06882287,0.27982825
0.77405244,0.1898046
0.7946701,0.35952783
0.79093194,0.2281863
0.7541114,0.25749537
0.1359692,0.53329015
0.7932609,0.2726922
0.16194844,0.5910235
0.85333306,0.4866462
0.1627516,0.64475006
0.1794074,0.6863452
0.24340852,0.82618684
0.8207592,0.3927319
0.21613908,0.70237297
0.80514055,0.12214931
0.8035624,0.32473144
0.83067435,0.4749353
0.23777132,0.62617993
0.8428396,0.33060816
0.7593714,0.25312462
0.20998666,0.75865334
0.7467116,0.1595958
0.84605026,0.33670563
0.8561832,0.50917757
0.14246154,0.5703941
0.15820193,0.6675385
0.13368982,0.5530658
0.14377832,0.61384743
0.8345946,0.39467284
0.86316776,0.3445154
0.84462005,0.49209103
0.16286503,0.51638675
0.7694766,0.14327541
0.23819967,0.7256179
0.12775475,0.6083141
0.1410805,0.5844862
0.18686312,0.5589955
0.16626449,0.5023144
0.14560002,0.61604375
0.15625729,0.5075892
0.17326885,0.5076435
0.8295301,0.26101893
0.82560235,0.4160206
0.8254195,0.3300479
0.20241274,0.7532992
0.88220567,0.4430624
0.8117872,0.36172107
0.81847227,0.3108286
0.16274208,0.5906761
0.8405055,0.43023884
0.13044901,0.47633788
0.83808094,0.49283963
0.836471,0.33963215
0.8797216,0.5448346
0.157607,0.5847854
0.7855501,0.24153066
0.16042857,0.5544741
0.84669834,0.47069553
0.20476551,0.6796305
0.7472506,0.17178506
0.83345705,0.26247892
0.14750381,0.53751504
0.75230515,0.37607554
0.9081841,0.597958
0.7982976,0.4454589
0.19470833,0.78829926
0.77644765,0.30853766
0.78637475,0.13619497
0.86771226,0.43354252
0.17176566,0.74476707
0.13240238,0.39331844
0.23013313,0.6457221
0.13011585,0.34400773
0.8225999,0.2795142
0.19781627,0.8585368
0.7987874,0.29217258
0.8348956,0.2307602
0.8350182,0.3086489
0.8660893,0.50331134
0.88922507,0.55574965
0.14295216,0.43938637
0.114886306,0.6129319
0.78638977,0.27176356
0.13572806,0.51725143
0.15491948,0.57820255
0.8598714,0.42153636
0.15669397,0.7336296
0.9167265,0.6070964
0.8629036,0.40949383
0.19298342,0.7723179
0.09977654,0.43192878
0.19424468,0.6801093
0.21203284,0.74618196
0.18679331,0.7263529
0.8394556,0.4054201
0.20977248,0.9376104
0.17479785,0.62629557
0.15393823,0.5079344
0.84592456,0.4899547
0.80684763,0.33165374
0.8401846,0.461184
0.19924888,0.6883829
0.16205592,0.5796012
0.8218007,0.3540344
0.13631704,0.6358903
0.14028963,0.5657702
0.18400267,0.63599634
0.17739335,0.63453895
0.8902837,0.6467563
0.18659501,0.6905477
0.7741639,0.23618004
0.17999758,0.7759422
0.77176076,0.29453054
0.21630248,0.7608378
0.14450216,0.62349737
0.19732486,0.72501075
0.13774727,0.66862744
0.15134273,0.4431548
0.8190014,0.5306948
0.76422924,0.23326446
0.2088535,0.6771727
0.063189626,0.281707
0.20073146,0.6458298
0.8628588,0.5273035
0.8559627,0.36770904
0.17148842,0.70700127
0.82729715,0.36259496
0.8230945,0.29698268
0.8333484,0.36271846
0.8514741,0.43335462
0.13177492,0.55449903
0.8666751,0.3832817
0.25124183,0.80539936
0.15873697,0.51760054
0.18073133,0.65462166
0.21500792,0.6749589
0.15220062,0.5660006
0.7920036,0.29512408
0.87721294,0.43747216
0.14032334,0.5522699
0.23174977,0.84677327
0.16585875,0.6135653
0.8420487,0.53185123
0.22305539,0.73239344
0.16224432,0.55317444
0.13128231,0.57673997
0.872649,0.39337188
0.14917439,0.6106401
0.7395541,0.33420357
0.2098534,0.6118552
0.75863725,0.23318517
0.8730496,0.42411464
0.8446308,0.43462974
0.1687537,0.5329139
0.08791354,0.46112004
0.8780324,0.5879445
0.7698157,0.23081276
0.22030284,0.843173
0.77135736,0.18885186
0.9251635,0.5460629
0.8181165,0.35878885
0.8615154,0.4284315
0.13507403,0.5567063
0.75143063,0.46525028
0.17002606,0.59499604
0.86528885,0.4610355
0.22549304,0.6572437
0.15574762,0.6286592
0.8297915,0.17024842
0.7669557,0.21292464
0.13921557,0.571282
0.14970745,0.42982185
0.19669145,0.6979431
0.74599606,0.34495607
0.19496177,0.74507546
0.17506635,0.60306644
0.15016158,0.5636545
0.80567163,0.45350125
0.8608189,0.59052545
0.1866787,0.60589266
0.16498181,0.6438433
0.87068254,0.3231265
0.16807587,0.700881
0.13552499,0.48021278
0.8611965,0.48115322
0.7708866,0.32570302
0.1486445,0.46132898
0.7919064,0.30455983
0.19648917,0.8181046
0.8720692,0.42720893
0.86334425,0.5812925
0.2019241,0.7568841
0.792593,0.30925384
0.23587862,0.7175816
0.16480611,0.46628886
0.84237593,0.39507058
0.19672516,0.6745896
0.8527044,0.46689862
0.8586819,0.37679875
0.14942902,0.567744
0.9163692,0.63806564
0.22796836,0.8252433
0.18919884,0.4535652
0.09292051,0.41065553
0.7995474,0.42801845
0.25526518,0.7795218
0.8485756,0.15703723
0.1341027,0.5667304
0.22373956,0.77140677
0.84390813,0.41503194
0.15173736,0.6731804
0.09673444,0.29301667
0.22880524,0.8020431
0.7649563,0.19428703
0.7955514,0.26314604
0.90152955,0.4397219
0.8521412,0.45548424
0.7730894,0.2674178
0.2118385,0.8354675
0.94107723,0.7328192
0.14335038,0.48349103
0.8562197,0.2804301
0.15958694,0.59650373
0.74407685,0.23812361
0.17007881,0.7499149
0.81818116,0.40608242
0.060078517,0.31490672
0.24887875,0.7179824
0.13547622,0.51633024
0.75417566,0.17944546
0.80322564,0.32255965
0.19900574,0.7263827
0.22266869,0.66155887
0.83034277,0.27902576
0.1472012,0.5014716
0.8207874,0.33504328
0.87009275,0.64093345
0.84853154,0.42064014
0.121896625,0.57096094
0.8578391,0.5626956
0.16325809,0.5938856
0.76036257,0.13679245
0.15885398,0.50863785
0.23697251,0.6872519
0.8529828,0.30113745
0.81242734,0.23031603
0.21897137,0.8898538
0.807347,0.34436736
0.1397883,0.6442542
0.20451365,0.6851336
0.74540114,0.1828455
0.13271412,0.46412322
0.12805341,0.48074716
0.7911699,0.3463223
0.20599861,0.8143975
0.7889103,0.23230208
0.9012749,0.5640045
0.20481072,0.7235604
0.23533446,0.79629165
0.8395004,0.33873463
0.13714163,0.5186628
0.84091836,0.48678026
0.2282456,0.7078572
0.74683017,0.1989254
0.84001607,0.45210785
0.81135166,0.3270977
0.15361577,0.55643475
0.13690762,0.5031931
0.7993435,0.29121503
0.1492898,0.5177482
0.21144821,0.7237877
0.7494713,0.1701192
0.1194439,0.54464716
0.16064315,0.6189558
0.77150095,0.29299653
0.8448009,0.4219709
0.12451196,0.59154826
0.114832364,0.3535806
0.15071249,0.6782888
0.2115426,0.7757324
0.7930328,0.28312537
0.8213684,0.40254965
0.8921331,0.6793191
0.20206094,0.70078903
0.8626057,0.45138553
0.13035461,0.4701813
0.8744909,0.44341677
0.17828971,0.6033976
0.15692045,0.5704826
0.80607104,0.27784395
0.12366516,0.3446709
0.16852643,0.52833027
0.88145244,0.5357747
0.14017302,0.7218008
0.8268144,0.29036087
0.2102294,0.72080034
0.13012774,0.41530004
0.18280844,0.66539824
0.8477085,0.4630588
0.8309425,0.42706877
0.1753547,0.58829933
0.7657479,0.21336837
0.79207224,0.2359816
0.84626603,0.41605696
0.7723727,0.29729804
0.20593436,0.6679424
0.76477146,0.2212929
0.13957174,0.5933604
0.23585959,0.7301183
0.82537824,0.47305918
0.23303285,0.68077207
0.1957697,0.74121636
0.10724377,0.4694191
0.12295164,0.5392983
0.121132724,0.5858454
0.9006693,0.3864176
0.2199661,0.7637367
0.13339116,0.45555303
0.15974203,0.58273625
0.16995071,0.6444066
0.91073436,0.6939337
0.8521626,0.4344357
0.9106598,0.46833977
0.1725601,0.74741024
0.776521,0.22519931
0.815095,0.43398452
0.8607983,0.37479693
0.16367453,0.7979212
0.84959173,0.36182663
0.12755723,0.64038634
0.87882245,0.44073686
0.17699632,0.61321926
0.19791622,0.72911954
0.086867645,0.47810143
0.15610816,0.5303242
0.20435025,0.6551219
0.19446044,0.8384146
0.8278972,0.3195381
0.8260696,0.36938715
0.81964666,0.5017528
0.14087465,0.36207148
0.8182224,0.3942011
0.13262568,0.6293154
0.80925155,0.25512472
0.8364964,0.3524255
0.12899023,0.5333528
0.8438296,0.4301
0.23794384,0.70666486
0.14618544,0.51026696
0.1407144,0.4022163
0.160755,0.66200346
0.8232333,0.41565877
0.7599152,0.21462159
0.8156566,0.32961994
0.15687959,0.59744817
0.23672898,0.7910431
0.81481856,0.27450654
0.21889561,0.81807745
0.8586807,0.43222842
0.7767534,0.21986972
0.8298827,0.33289295
0.15963732,0.5445534
0.8732388,0.55710495
0.15859856,0.7152456
0.18471779,0.7124798
0.8781637,0.45799157
0.86987585,0.49345112
0.87853056,0.3962616
0.8507784,0.4062379
0.20579118,0.76227546
0.15187381,0.6424784
0.8110114,0.32214266
0.81207114,0.41920775
0.848336,0.38586876
0.7797733,0.24193847
0.7584497,0.26282102
0.91611934,0.58676267
0.96421266,0.7016117
0.19606319,0.7350146
0.7852923,0.30035993
0.80429894,0.31497067
0.84003586,0.34996545
0.16628788,0.6562512
0.80862725,0.12179056
0.8915152,0.4468234
0.82850087,0.31169897
0.07001948,0.4015877
0.91746587,0.46888688
0.18909334,0.58889985
0.7510689,0.22336964
0.81698054,0.378582
0.7837971,0.1990025
0.8107032,0.5125211
0.22682174,0.7075668
0.75552934,0.23211111
0.24116164,0.83307934
0.78141814,0.24233928
0.13638249,0.73041177
0.7587864,0.2077098
0.1764942,0.54994696
0.0742812,0.26231903
0.12491056,0.35531127
0.080638275,0.48100823
0.21125981,0.8242345
0.15665947,0.6570861
0.8385973,0.33034664
0.76689696,0.19026542
0.15163782,0.5514052
0.25704205,0.7920865
0.14037967,0.6374887
0.21242352,0.6875402
0.21695255,0.8539207
0.21391085,0.8274234
0.76478136,0.22329824
0.77038205,0.2188653
0.16041628,0.49885476
0.84415203,0.44169748
0.087214686,0.29509735
0.8621115,0.4434969
0.792923,0.11313012
0.22492865,0.82230973
0.7443902,0.18185729
0.1431354,0.6516343
0.8673378,0.45966136
0.1731007,0.5186895
0.15504679,0.53675634
0.8569975,0.38506582
0.83562505,0.24357629
0.12460595,0.45648953
0.85898376,0.48569655
0.8338073,0.34831318
0.21472947,0.7057196
0.21343292,0.7206273
0.13707699,0.53248465
0.13857265,0.59563774
0.13999137,0.5754421
0.87895495,0.38775057
0.100979105,0.43473312
0.7989528,0.19122602
0.18062423,0.81584036
0.9035373,0.5969339
0.12905845,0.48002484
0.88825375,0.34740162
0.92983735,0.69300246
0.82660025,0.39230964
0.8585899,0.35119766
0.05056392,0.33402047
0.22603364,0.75600886
0.83208555,0.39406267
0.81127393,0.25185475
0.13825217,0.6974275
0.7346856,0.18951243
0.14148347,0.57679296
0.13933615,0.27173027
0.20152827,0.7192668
0.8680022,0.31974396
0.1498419,0.5718668
0.19951898,0.49890336
0.14747486,0.63400674
0.8193678,0.36654386
0.079653464,0.44777524
0.7702016,0.19133116
0.14279827,0.634369
0.8665446,0.5071985
0.8058636,0.20808038
0.840822,0.32898042
0.21586184,0.72446406
0.16923718,0.6491199
0.16947,0.69427365
0.14510702,0.5614047
0.20127958,0.7438919
0.79293525,0.23449491
0.17891638,0.7025228
0.90548545,0.49547485
0.11382613,0.39282522
0.14001913,0.5980807
0.8606206,0.27846858
0.12536985,0.56831694
0.21764784,0.734722
0.8213565,0.404689
0.1835648,0.7457768
0.12933251,0.5126424
0.8369898,0.33564997
0.82561386,0.29365927
0.7871176,0.12053251
0.86720455,0.42588738
0.15303987,0.60508186
0.2096523,0.7829893
0.7891479,0.25809065
0.84865487,0.38433912
0.9021475,0.59371346
0.1843985,0.6830547
0.1249411,0.53828424
0.22175367,0.84507674
0.88086826,0.3113875
0.21097305,0.7071187
0.11237568,0.35892332
0.1901666,0.6931304
0.13606797,0.60872805
0.7636684,0.17865217
0.8530618,0.37616447
0.13112287,0.6329441
0.83376604,0.42693606
0.18291712,0.6414858
0.14050896,0.60530436
0.8626188,0.4801545
0.7550776,0.2291088
0.14610969,0.6116949
0.17949744,0.6715299
0.9420343,0.5946815
0.11788438,0.52466
0.83208716,0.34963036
0.17843527,0.63772047
0.1670843,0.7057047
0.8302262,0.31453001
0.13466154,0.46995217
0.84628826,0.44065055
0.21227239,0.76600313
0.16630019,0.6051366
0.8666152,0.43492103
0.89689934,0.46913612
0.18309996,0.7531459
0.7643332,0.18243243
0.8580065,0.5275392
0.17507112,0.60023975
0.7718845,0.18436462
0.17451902,0.7081231
0.8709721,0.44807836
0.14944012,0.6712417
0.2136106,0.7953937
0.8401945,0.52344614
0.2216807,0.7000277
0.8446704,0.34662193
0.7714204,0.30635843
0.9108831,0.6779927
0.16664763,0.71610457
0.18679966,0.59889764
0.8407724,0.49324962
0.15131536,0.6413693
0.8194107,0.32788005
0.18686035,0.80833334
0.2152435,0.82631737
0.088890426,0.2873244
0.15077318,0.6055983
0.8231722,0.3311097
0.20340073,0.7161527
0.8671506,0.4679096
0.17946333,0.66492605
0.8319773,0.39506796
0.13236628,0.47794986
0.12096495,0.3886906
0.87456983,0.40522167
0.18657438,0.67600226
0.19062907,0.81188405
0.8551944,0.38296455
0.1374387,0.5128658
0.13590972,0.71731883
0.16439481,0.698181
0.87174153,0.40876144
0.16561879,0.6897102
0.12680483,0.57915
0.7772024,0.29173368
0.84330326,0.43555838
0.110919274,0.65136003
0.14034675,0.68959105
0.15533474,0.6050875
0.87280923,0.31903479
0.85274804,0.31075236
0.16245532,0.7115757
0.17289683,0.49453658
0.83431935,0.43018234
0.15035672,0.5739028
0.17518099,0.7997408
0.23173232,0.77127624
0.1896137,0.7514292
0.2181103,0.7179443
0.16465935,0.617095
0.15857714,0.5531854
0.20363513,0.7511055
0.7805055,0.24278082
0.8512627,0.4583039
0.16823769,0.7255627
0.14652097,0.52490044
0.2140933,0.7792398
0.19926989,0.80322886
0.20242028,0.7293526
0.15599115,0.7275908
0.7590168,0.26549962
0.1596841,0.6240458
0.83965033,0.31667814
0.8432565,0.41696894
0.23322283,0.7965142
0.9106491,0.5391875
0.8225416,0.34585536
0.21374069,0.75605005
0.9069672,0.63273996
0.7930725,0.49630976
0.7650388,0.20938793
0.22575323,0.78103834
0.1590749,0.6408831
0.9402602,0.5812206
0.86395305,0.31011066
0.13913506,0.7016923
0.2279406,0.68535
0.21238028,0.8729394
0.12978348,0.66979617
0.8374737,0.30356637
0.86258906,0.5426532
0.16604912,0.7324285
0.7649888,0.19061409
0.22884649,0.7763198
0.2204353,0.69883716
0.13930601,0.6346467
0.17550938,0.7208389
0.7783994,0.1979845
0.81990486,0.59850955
0.20351614,0.56906295
0.84688,0.51448786
0.23075663,0.7410385
0.8873923,0.4190816
0.9379423,0.56864023
0.84880364,0.359417
0.23969454,0.7060271
0.8330283,0.39923456
0.10301299,0.47065786
0.7794477,0.15677528
0.8192762,0.32263675
0.14185748,0.60801536
0.7327148,0.21619765
0.86589134,0.47971514
0.85007876,0.2949598
0.13131523,0.5447085
0.85492826,0.4480249
0.7367369,0.12636717
0.78038096,0.1970677
0.77374864,0.20596817
0.8608209,0.57070863
0.7691704,0.26143506
0.13101539,0.566719
0.119316585,0.52872014
0.17847493,0.5999126
0.853412,0.26490083
0.14893007,0.4804226
0.8118681,0.3879065
0.7718793,0.17681067
0.83541167,0.30284405
0.22142924,0.7838155
0.15350354,0.521539
0.7866167,0.19664586
0.7843714,0.15224423
0.7649483,0.34080303
0.8363298,0.43931323
0.8448533,0.3751824
0.72398347,0.16145045
0.7641912,0.22397062
0.8045424,0.2741294
0.11746118,0.3984115
0.16659448,0.6180727
0.80660015,0.14831941
0.15618907,0.6659265
0.84074503,0.39727217
0.20310445,0.7631323
0.14739275,0.6339104
0.21302043,0.7507735
0.10311809,0.46820003
0.12589023,0.5951384
0.19560549,0.49102572
0.16141854,0.61710554
0.8079554,0.5092266
0.87802285,0.4164087
0.0795555,0.28788638
0.11622094,0.48525283
0.15399098,0.5778701
0.13921319,0.5025198
0.85715413,0.39530888
0.15551917,0.6118955
0.7974996,0.32518613
0.7736562,0.19373511
0.14860088,0.6852076
0.2106403,0.75149053
0.103262864,0.29369387
0.80415416,0.411412
0.1462596,0.6142898
0.18223333,0.6142592
0.18321736,0.70669687
0.8507463,0.5242364
0.22051185,0.8471434
0.848929,0.37064344
0.8528242,0.3944525
0.17733029,0.5185222
0.07531599,0.29896083
0.8554316,0.32020476
0.83590704,0.29889032
0.9662771,0.50786954
0.21067995,0.6486946
0.85618955,0.18524902
0.23006056,0.73352355
0.15378514,0.6111298
0.834405,0.34801796
0.8275133,0.21375604
0.20128474,0.75391155
0.2243936,0.8251986
0.8557481,0.3477284
0.029499255,0.38055974
0.15675347,0.5596044
0.18586957,0.694006
0.89408296,0.53365594
0.9052737,0.6328179
0.23340012,0.6769007
0.13912554,0.498867
0.12156028,0.6053714
0.17976992,0.674216
0.75304645,0.29527345
0.14043915,0.5657277
0.13487493,0.6624608
0.19271213,0.70102906
0.81403404,0.4201653
0.8449397,0.4306734
0.22120078,0.7952846
0.7604812,0.19398347
0.154388,0.54237986
0.21405284,0.7517958
0.1450868,0.63722456
0.20846759,0.7337014
0.8178916,0.3542797
0.79207975,0.19046691
0.12123624,0.43126428
0.16870412,0.71374357
0.17197546,0.7405654
0.87948006,0.325134
0.8463854,0.44217187
0.79929674,0.23871233
0.18016693,0.49240598
0.74079716,0.12483667
0.8390856,0.2672785
0.8402917,0.4781093
0.8004465,0.2360311
0.16810364,0.6963815
0.15316322,0.56186813
0.18271206,0.5986786
0.20362839,0.660363
0.8605044,0.41371346
0.11591157,0.4465798
0.22209676,0.7802656
0.7578995,0.21891743
0.07967091,0.32711437
0.89166474,0.40391105
0.82320875,0.36298218
0.89521056,0.36726925
0.10552084,0.40161267
0.13792972,0.41083995
0.2185807,0.76733124
0.18147182,0.4954499
0.16036274,0.58444285
0.93794036,0.7329151
0.22426708,0.821633
0.83158064,0.3978298
0.7504248,0.1825796
0.22978649,0.64761484
0.19745098,0.7534534
0.8990661,0.46141353
0.21572937,0.68846095
0.76205456,0.2757523
0.18339545,0.56116426
0.16012675,0.61664736
0.85539234,0.40648586
0.880192,0.5756545
0.22324696,0.68229425
0.8389011,0.3645416
0.14637859,0.6676568
0.89154613,0.51231915
0.228246,0.75353575
0.84581983,0.39006206
0.15138358,0.61759
0.23976791,0.76449454
0.84756696,0.41410944
0.1515803,0.6539554
0.79492515,0.40046763
0.7688345,0.30119133
0.86451584,0.43322188
0.14546557,0.544528
0.82635355,0.50026435
0.17301066,0.75505
0.11722559,0.42847267
0.15595387,0.50893134
0.76674384,0.20131096
0.19948764,0.83794725
0.18833262,0.56651396
0.8306256,0.26077014
0.860552,0.5101412
0.8011053,0.22001383
0.8342285,0.22296883
0.21038209,0.7980438
0.89828795,0.5677554
0.7828019,0.25969607
0.79948074,0.25958392
0.87483484,0.47572595
0.8485105,0.33650458
0.17120522,0.71873194
0.16416436,0.6306448
0.11427669,0.543259
0.22778393,0.77724934
0.14614855,0.6668236
0.09700613,0.46077356
0.6954377,0.17105047
0.8426552,0.4533532
0.17522302,0.6189724
0.19800189,0.8176486
0.22627796,0.87115663
0.23595953,0.71444964
0.7503173,0.2865416
0.14887771,0.7028811
0.13015829,0.5953228
0.81471664,0.29881367
0.19805504,0.8063805
0.13729274,0.55142754
0.16794658,0.62666523
0.16573976,0.65715617
0.2125536,0.6518988
0.79144436,0.31102616
0.17234354,0.50706095
0.1812862,0.8033984
0.14558534,0.5091784
0.85127497,0.31422862
0.79137814,0.17632313
0.8543992,0.31196266
0.8796113,0.46820003
0.13848737,0.5568448
0.8581973,0.3386264
0.8011612,0.254801
0.7881627,0.3357862
0.15043962,0.6046131
0.21705052,0.618693
0.85081017,0.37796
0.1445208,0.5774018
0.95390445,0.37815446
0.852305,0.48012254
0.89413965,0.5111785
0.8010506,0.36456567
0.18075116,0.69483393
0.9822773,0.84169376
0.886584,0.62683344
0.1806635,0.6882542
0.15206894,0.64251256
0.16608085,0.5749957
0.84108293,0.2476369
0.8026827,0.30293384
0.7485024,0.2139549
0.8339041,0.33695927
0.8395865,0.20852543
0.76821375,0.20661603
0.19823273,0.6646006
0.8458472,0.2963357
0.7995184,0.5105806
0.8466325,0.40800977
0.18050684,0.6153613
0.13685845,0.60990506
0.1825066,0.6508817
0.83291173,0.26436818
0.86083,0.50015223
0.80152017,0.40296972
0.8641708,0.50997126
0.1662748,0.69992787
0.84898686,0.3655561
0.20298745,0.6652787
0.8441112,0.5018334
0.15291573,0.64123523
0.87495023,0.4571418
0.8228498,0.44259807
0.8737667,0.41920295
0.83809716,0.2956449
0.8072526,0.36115205
0.92515165,0.61594385
0.90075374,0.6183798
0.8460316,0.54294276
0.20032531,0.71539974
0.76595217,0.24100107
0.16039962,0.5600941
0.77028334,0.20324183
0.834668,0.379918
0.20632344,0.7819915
0.84439754,0.4096721
0.17356673,0.6143608
0.7481347,0.37822676
0.81518185,0.28043845
0.20061088,0.8179973
0.82162344,0.32044393
0.80225235,0.39673468
0.060870968,0.29633218
0.75658673,0.2528272
0.19542384,0.69475025
0.15467595,0.60233754
0.063507326,0.35050556
0.17830518,0.692087
0.11160702,0.40609774
0.15307796,0.52286005
0.8402231,0.34397486
0.15039599,0.5753851
0.86678654,0.5258602
0.16919634,0.7131193
0.775984,0.21212697
0.86727595,0.54872006
0.1409159,0.62076664
0.89635795,0.5045545
0.8380611,0.36331904
0.09684272,0.45381227
0.83810276,0.4931988
0.8470109,0.4513137
0.7744086,0.18689471
0.8004771,0.21526594
0.8231445,0.35922995
0.80154043,0.48088908
0.83705527,0.41298807
0.11764403,0.46235967
0.15231326,0.6058874
0.1467066,0.64735115
0.73981035,0.1782264
0.22860812,0.7987035
0.14360976,0.51356053
0.828134,0.3833404
0.16628511,0.5789831
0.1546926,0.5996156
0.7762152,0.21133894
0.1605892,0.5553335
0.77975506,0.33709723
0.8792429,0.3531938
0.78029054,0.247668
0.7825537,0.28120983
0.8620774,0.39893627
0.16101676,0.59298635
0.9047434,0.54143107
0.81015706,0.21415596
0.15863425,0.5701295
0.8746004,0.41058457
0.19462465,0.5895486
0.84998316,0.39480644
0.8164209,0.4590893
0.17042309,0.64006484
0.81127274,0.25548258
0.858739,0.561113
0.1658163,0.6538262
0.18071467,0.65741986
0.7600302,0.22332276
0.84760183,0.55366635
0.8240381,0.3203064
0.83328813,0.35765213
0.9306873,0.513444
0.1772462,0.67830986
0.14316674,0.43937588
0.15008861,0.58090043
0.86015815,0.3179248
0.17580368,0.65967965
0.17136268,0.5042312
0.14030828,0.5329384
0.8436305,0.36553112
0.19760527,0.7170849
0.8633462,0.37957284
0.18663031,0.769804
0.7844519,0.14187588
0.8444249,0.36530772
0.7742789,0.2457323
0.15736505,0.6143954
0.8070007,0.23465173
0.8884223,0.5728839
0.17567636,0.64803094
0.19147705,0.5761657
0.08943974,0.39619285
0.14227632,0.58775353
0.767313,0.09772523
0.1573131,0.65991753
0.15045191,0.5275059
0.16931967,0.5404166
0.07686758,0.4216888
0.88911444,0.51746607
0.85850304,0.4257446
0.17221226,0.7133436
0.8797779,0.58059865
0.78634816,0.23503895
0.7456459,0.15519133
0.15777913,0.6951349
0.76830137,0.29975718
0.7736169,0.20740187
0.78394383,0.3082008
0.86283576,0.260916
0.7504498,0.34849584
0.78227246,0.48600054
0.7862244,0.32175717
0.8661805,0.53896934
0.8092444,0.34399807
0.18206002,0.6231382
0.19788925,0.73574966
0.22524634,0.81042844
0.1412689,0.61774945
0.79956126,0.24261655
0.8519556,0.4926311
0.16247356,0.6327592
0.1658286,0.5737206
0.86628836,0.34637094
0.8411551,0.2448155
0.8323009,0.5145365
0.14730074,0.5191604
0.1551749,0.6066925
0.16797632,0.75274026
0.17612652,0.6278129
0.18418592,0.60575163
0.14248732,0.5746742
0.7959944,0.26731223
0.14185153,0.6237243
0.80604047,0.35589385
0.82779926,0.43130633
0.12317652,0.50942415
0.06168603,0.36820927
0.7853328,0.2927845
0.14241633,0.55995876
0.15100838,0.60784894
0.12063219,0.49859762
0.81810695,0.25105578
0.2210925,0.7680107
0.15015325,0.7075541
0.84305537,0.41302487
0.14272808,0.5951406
0.14403138,0.66666156
0.82483846,0.3606527
0.8840543,0.37694767
0.8246893,0.32670525
0.8358781,0.5087071
0.79813856,0.31192717
0.13041212,0.54010385
0.15078825,0.6544793
0.1773755,0.763551
0.8522368,0.34319472
0.9290485,0.6104754
0.14991924,0.63682026
0.90633106,0.5986589
0.129204,0.5836947
0.1688128,0.6195971
0.15243186,0.66512096
0.15759312,0.470526
0.214668,0.7453633
0.8037631,0.27432606
0.8705842,0.46243328
0.8442329,0.37543514
0.22599398,0.75951934
0.8425382,0.45365807
0.7990123,0.36707783
0.21913834,0.7864792
0.15011795,0.7113584
0.14984746,0.48589453
0.14803013,0.68423164
0.8285818,0.28965563
0.17535311,0.5526431
0.8654618,0.35385698
0.14008339,0.43138474
0.8166692,0.4257437
0.9016275,0.6487975
0.81467813,0.37666997
0.8338672,0.38097498
0.14527202,0.47459626
0.14626634,0.52962816
0.15110952,0.61939734
0.17893541,0.670529
0.83840615,0.34211758
0.24827588,0.9213101
0.18777615,0.69326484
0.8416323,0.37800598
0.1667341,0.6265531
0.8086535,0.40216023
0.081335545,0.31182644
0.19179751,0.6630495
0.7372545,0.23634298
0.7767356,0.12584896
0.118603855,0.5691089
0.7928964,0.35825402
0.23035525,0.84737647
0.14390683,0.50342524
0.19890183,0.75799495
0.17466696,0.5805811
0.9959743,0.7534008
0.9331329,0.5142693
0.20788734,0.81889266
0.10126586,0.43764254
0.19679774,0.8720629
0.8788613,0.29931566
0.15327825,0.61446506
0.15975948,0.6200522
0.8074021,0.4631429
0.83772194,0.42741394
0.07781155,0.291993
0.11620587,0.41656378
0.8417858,0.40049523
0.22204162,0.79677266
0.16137214,0.7327815
0.7989592,0.31126663
0.8692813,0.46329796
0.8725296,0.47819647
0.842021,0.44102246
0.77518797,0.3113332
0.12198864,0.49932694
0.1934653,0.61912924
0.2234302,0.7897702
0.11800971,0.35611683
0.12338356,0.540067
0.1814984,0.6882717
0.17303406,0.7413197
0.7912302,0.31450853
0.77510864,0.2059927
0.77403575,0.34974295
0.8068163,0.20908305
0.8293758,0.43093446
0.1575939,0.55879575
0.7955264,0.26619434
0.1781501,0.6110387
0.77110034,0.2828989
0.79240024,0.21779606
0.16277263,0.65188175
0.8550905,0.39620247
0.124607936,0.65220106
0.07031457,0.3598283
0.8343098,0.3364297
0.13066001,0.5862782
0.8515578,0.30269074
0.16780458,0.5328508
0.7632643,0.17231202
0.2482148,0.81954795
0.76458424,0.31979126
0.2626626,0.75207883
0.17788674,0.84390455
0.14957458,0.5607376
0.88134456,0.4489277
0.17257318,0.5096918
0.19729273,0.61919844
0.06733553,0.38442454
0.7954939,0.42007244
0.7431999,0.22640567
0.7684993,0.24626715
0.7932871,0.35039473
0.07696673,0.44621846
0.85847807,0.3986958
0.8490527,0.43851557
0.79189533,0.2307037
0.18852498,0.62041974
0.765855,0.25224373
0.15685818,0.56935114
0.10039924,0.6107601
0.76400435,0.29046643
0.8614186,0.38898888
0.80410737,0.4392738
0.111420214,0.5429717
0.20334321,0.7361934
0.1375918,0.4601305
0.11800059,0.38339296
0.19038792,0.68783015
0.2238415,0.77034235
0.84451336,0.51732326
0.13008451,0.45440447
0.08473302,0.40028235
0.2138339,0.6789945
0.78349286,0.26953176
0.23490492,0.87512
0.84545135,0.37257868
0.8293437,0.3462163
0.8462232,0.43668938
0.8465393,0.35002458
0.1812636,0.7593257
0.8569542,0.5076444
0.7886823,0.22617483
0.22534867,0.8487291
0.16738416,0.6966487
0.21472551,0.5662739
0.15311842,0.4314439
0.7591069,0.2307707
0.88600016,0.5842685
0.77432334,0.28683904
0.8178944,0.46966526
0.23176207,0.76285803
0.86279136,0.2075162
0.21885079,0.71332306
0.8583345,0.41769302
0.14866473,0.55094963
0.8407736,0.5235793
0.14232351,0.71003336
0.18352316,0.78304017
0.8463898,0.4093804
0.116017476,0.3391109
0.840043,0.5195568
0.8255873,0.4560309
0.7940494,0.21137705
0.7438638,0.18713783
0.7509087,0.15786467
0.81596917,0.34794566
0.13901766,0.5646808
0.17451148,0.7245324
0.20312944,0.62675196
0.8572477,0.34790275
0.8704672,0.52964175
0.77995735,0.14087802
0.86944824,0.42489043
0.21934062,0.7539054
0.20382789,0.7659541
0.7360841,0.207051
0.15343413,0.6859663
0.089051455,0.47529054
0.23647158,0.78456235
0.8833602,0.51802415
0.1620226,0.6952715
0.19671048,0.8486222
0.82774055,0.38252082
0.24083047,0.75018126
0.14935088,0.51214653
0.23105171,0.75226456
0.80953515,0.33371735
0.7850849,0.21703124
0.8587799,0.30298904
0.16341832,0.6186036
0.83534265,0.41237524
0.22127336,0.6117137
0.22629105,0.7645068
0.8516728,0.3102114
0.12744062,0.46254146
0.8404773,0.33503628
0.20821296,0.68831766
0.16037424,0.6357795
0.13975935,0.57669747
0.15175998,0.65591127
0.12883514,0.6607537
0.87487805,0.42467403
0.1416449,0.6367686
0.15233785,0.5606771
0.15698867,0.66621256
0.16186514,0.4228163
0.79292494,0.1647677
0.81594694,0.51523733
0.23179658,0.7563961
0.8701305,0.29872867
0.8165748,0.23716211
0.8145548,0.45453545
0.82280856,0.3907419
0.09494924,0.29901078
0.2671472,0.6828698
0.79411405,0.2764637
0.12807442,0.46903756
0.16587698,0.5174424
0.7792728,0.14236999
0.7958509,0.29424974
0.12023517,0.6013147
0.14363714,0.5611708
0.86113507,0.39165697
0.77164173,0.17094359
0.14880037,0.55307853
0.81321186,0.40086406
0.19676602,0.6977127
0.7839434,0.27468657
0.8335027,0.5161292
0.8716971,0.48239943
0.16522732,0.65242624
0.19348237,0.6248404
0.81773454,0.44935042
0.22115201,0.776877
0.73735285,0.24490355
0.81648636,0.29273853
0.7999035,0.2947881
0.75766,0.23403409
0.8418393,0.38074458
0.7790963,0.35096067
0.9306655,0.7579875
0.91953146,0.59292674
0.8437487,0.2870918
0.8260898,0.33040404
0.10867082,0.40448883
0.1565032,0.47314197
0.08728568,0.2979687
0.9338353,0.6846062
0.8201,0.28703836
0.23094185,0.74751097
0.15643497,0.63732576
0.15926409,0.5855511
0.84082437,0.24981132
0.14479448,0.49067834
0.81277716,0.34665653
0.80308765,0.3146036
0.7694516,0.3645591
0.20082228,0.7710739
0.12827036,0.39099947
0.8490856,0.3266921
0.8817142,0.44503838
0.88029593,0.42841837
0.17009786,0.33746257
0.7580899,0.2979985
0.12493595,0.5567615
0.792144,0.14352421
0.15262184,0.5283338
0.14495035,0.57455635
0.7604649,0.23087409
0.77705723,0.35922995
0.91847885,0.6034081
0.1198905,0.51882356
0.15102385,0.6283035
0.7816803,0.3533296
0.1617997,0.7446598
0.84897697,0.45943227
0.21449944,0.73684126
0.15091754,0.4901422
0.11894416,0.5094513
0.14507964,0.5557032
0.7868102,0.17621975
0.7699989,0.1519227
0.8231746,0.3263075
0.8604112,0.43525395
0.21104564,0.593257
0.12489351,0.41955337
0.82300526,0.3225369
0.22489375,0.686912
0.8491729,0.31948113
0.81815374,0.37017167
0.18360843,0.57030565
0.20502609,0.807869
0.17656559,0.660013
0.83863735,0.42330033
0.20718016,0.72662187
0.16154943,0.6537434
0.24460037,0.8783956
0.21489567,0.68563205
0.118700236,0.39996433
0.8438823,0.24948278
0.1670157,0.5014895
0.20637381,0.7613249
0.20754227,0.64981204
0.1779149,0.78980345
0.8092992,0.2887651
0.13479045,0.62497705
0.8623685,0.45778656
0.865108,0.36470848
0.90331393,0.5712632
0.15785529,0.5986125
0.8279099,0.25845903
0.22756778,0.7713126
0.82960427,0.52013856
0.13060012,0.40292546
0.82002026,0.38560724
0.85815996,0.54365194
0.18194261,0.62005264
0.13472858,0.4397206
0.19071235,0.8017417
0.83885866,0.3414084
0.20764023,0.8480878
0.267008,0.77253556
0.7887037,0.31884554
0.15830149,0.6972874
0.9002445,0.38015807
0.78676105,0.24334194
0.8909988,0.5718799
0.21732855,0.76191974
0.82523584,0.49343097
0.16038415,0.5032903
0.13369338,0.5101281
0.15592413,0.60718006
0.89057404,0.31107345
0.17302494,0.41856298
0.14123677,0.63866
0.84966666,0.39631638
0.23077448,0.7305988
0.8844156,0.47442323
0.12465553,0.5554754
0.1769166,0.64172846
0.22464229,0.762473
0.13012457,0.46397516
0.2054136,0.7771065
0.79478234,0.32525316
0.7517027,0.15643711
0.8527921,0.40547705
0.82101065,0.39475828
0.21776523,0.8327854
0.8663197,0.49662077
0.7998151,0.28826615
0.84720683,0.5655192
0.13975221,0.56972915
0.83070767,0.29919258
0.25481063,0.85415506
0.8429106,0.44148678
0.8720779,0.4370157
0.13046804,0.39061618
0.19619884,0.69147724
0.77172226,0.24083768
0.8813799,0.46528533
0.76785517,0.21163769
0.16264887,0.6774504
0.80841625,0.31295702
0.8509208,0.45333305
0.8270115,0.498832
0.83753276,0.40863922
0.22568858,0.79225206
0.81582123,0.2811691
0.7571444,0.24790147
0.8215667,0.35654345
0.17089824,0.6527022
0.10191474,0.59912145
0.18487525,0.565277
0.1844112,0.67229646
0.20971775,0.6580204
0.8633494,0.33049077
0.17130755,0.6290727
0.18776345,0.6789152
0.78031355,0.17300062
0.78300935,0.35681418
0.19878244,0.81107104
0.13724555,0.6202248
0.7948446,0.2978732
0.8305812,0.2019632
0.79704624,0.31955516
0.23101126,0.8245862
0.8090183,0.44905782
0.83594865,0.44493893
0.7902902,0.27977568
0.7977106,0.27349424
0.8117277,0.27906474
0.857805,0.44930267
0.15079856,0.7012437
0.16895042,0.48361063
0.7763687,0.18276665
0.10055115,0.29537025
0.8554475,0.43780595
0.15713224,0.6557448
0.19080517,0.71341723
0.7865254,0.23537798
0.7837181,0.2439425
0.21531807,0.74648684
0.20214264,0.718696
0.22938947,0.7028443
0.16619945,0.59112644
0.8142994,0.44163132
0.89357406,0.6427833
0.8204264,0.5034611
0.8384351,0.3684445
0.8854441,0.48496634
0.16809094,0.6283832
0.23823695,0.70452285
0.15771924,0.64717764
0.79955137,0.19879049
0.84945965,0.55416614
0.16783552,0.48262548
0.23860224,0.69965583
0.7961011,0.25472477
0.821301,0.43715897
0.8127228,0.38130307
0.15458433,0.5415638
0.13480948,0.51417994
0.20250952,0.5013524
0.94007814,0.59904087
0.7347145,0.21484236
0.81894183,0.32323205
0.22757453,0.7733385
0.07154014,0.3231891
0.17458922,0.65044016
0.71215695,0.23659398
0.15026669,0.5804497
0.14611246,0.64051557
0.08178095,0.33850947
0.16590515,0.75186944
0.8204502,0.28101447
0.17777926,0.5850657
0.14254522,0.45365894
0.20693503,0.62493235
0.8034533,0.39763573
0.1722083,0.82246524
0.88187766,0.46510705
0.71997124,0.26475102
0.8018537,0.30025306
0.08893683,0.44334054
0.8099806,0.33680418
0.1656878,0.57446176
0.8001284,0.2835748
0.22720844,0.8639351
0.8303662,0.41734698
0.20174403,0.7559287
0.10535465,0.5238023
0.23624788,0.7895319
0.23323712,0.8596564
0.23253469,0.6630031
0.79687136,0.18473388
0.08712545,0.4292397
0.19543177,0.693052
0.14169368,0.53962725
0.1287475,0.49335212
0.7786731,0.23066296
0.8418766,0.35189238
0.8198723,0.28893855
0.18747868,0.6404389
0.18855353,0.7650657
0.13586967,0.37140125
0.20335512,0.84593445
0.17506795,0.5632734
0.12598224,0.50577134
0.15152597,0.5249933
0.8604822,0.4016061
0.21900666,0.75903046
0.14889081,0.5423422
0.8573485,0.58901685
0.81322056,0.44904336
0.8023674,0.40145892
0.21839388,0.6996387
0.13968597,0.64077705
0.1528273,0.6183986
0.8372678,0.41335997
0.12891567,0.60937244
0.83772874,0.63790005
0.17119968,0.59297365
0.83254844,0.44138908
0.2132247,0.7850043
0.1436522,0.6298857
0.09644451,0.42928085
0.8706056,0.39545694
0.15760303,0.41886827
0.80026287,0.38114408
0.76353,0.1427248
0.86214286,0.3803727
0.2068224,0.72668755
0.7418018,0.20345777
0.17053652,0.6268948
0.14464337,0.6472758
0.15863782,0.43234318
0.22086444,0.7683878
0.1490328,0.52778625
0.84827214,0.35184246
0.1464484,0.58264774
0.13136163,0.52298445
0.17184974,0.6926047
0.7958155,0.3432823
0.14430782,0.41896945
0.17997853,0.59944344
0.757873,0.27685574
0.8412531,0.44986686
0.16979602,0.45968372
0.22041944,0.7615518
0.19975536,0.6796669
0.19352996,0.7552327
0.15971227,0.718272
0.13330747,0.58078873
0.21091872,0.7627529
0.818926,0.4222981
0.8581326,0.3948025
0.8180078,0.36155987
0.09766611,0.325226
0.8467015,0.3894646
0.79290867,0.22994502
0.15961987,0.72898024
0.861889,0.40564305
0.16683285,0.58589405
0.0944725,0.38641104
0.2085247,0.7430154
0.18762107,0.6745725
0.16718625,0.57792926
0.76094955,0.15492807
0.7990746,0.17416492
0.85794145,0.29071084
0.21865486,0.9014171
0.17299083,0.5874968
0.1986694,0.669458
0.18455398,0.66944045
0.12973589,0.44875294
0.1465071,0.615858
0.12858091,0.6641244
0.77772874,0.14162312
0.84058756,0.2738232
0.7448046,0.19302067
0.21177979,0.68699175
0.13826486,0.5620162
0.77065295,0.24526756
0.9475386,0.6656865
0.19837908,0.74851185
0.21032497,0.7439488
0.1534488,0.5418284
0.78989553,0.27129793
0.14114872,0.5744792
0.7653335,0.16306637
0.76980144,0.24031161
0.86383367,0.34572
0.8208254,0.42634162
0.099551655,0.35543305
0.17617135,0.7254479
0.7771739,0.34088627
0.8297395,0.30321157
0.2512426,0.8016414
0.15558977,0.6552135
0.21125229,0.74977255
0.76994383,0.27523413
0.81295085,0.32309756
0.8489099,0.35626662
0.12487844,0.593314
0.19549681,0.5825746
0.822126,0.46354064
0.15657221,0.5923034
0.2010186,0.76122284
0.14037848,0.60422283
0.86299914,0.36664066
0.81391823,0.36279863
0.20275146,0.7914921
0.77134985,0.2735157
0.08895983,0.27673265
0.7891273,0.18973626
0.147317,0.68677795
0.22152682,0.84439427
0.8217896,0.32807368
0.22713268,0.691613
0.77590626,0.15813056
0.8414042,0.41143566
0.7611376,0.270382
0.15021671,0.48563215
0.15399891,0.5775674
0.78465414,0.41482913
0.7787409,0.2493908
0.18151069,0.65915275
0.7824735,0.2826619
0.77890867,0.24619313
0.12417324,0.49547574
0.1980011,0.7160669
0.22641122,0.7621861
0.14884757,0.6588693
0.8519381,0.35878447
0.15844902,0.6353314
0.7388624,0.26142323
0.8754472,0.53986424
0.15603359,0.6273232
0.81334275,0.4795233
0.15908402,0.6173193
0.23095614,0.73060095
0.19873287,0.6287748
0.8819296,0.42563903
0.87068415,0.4993572
0.2220674,0.6319603
0.70951784,0.27121338
0.8744132,0.49565226
0.16952513,0.5960675
0.23916742,0.7500612
0.15527168,0.75852144
0.7947462,0.19500935
0.82268995,0.28735593
0.21586937,0.77062184
0.15168898,0.5921124
0.7766384,0.33167958
0.10275201,0.3989744
0.15932913,0.64413506
0.882515,0.38260713
0.13759497,0.55899376
0.77390766,0.23825853
0.85182077,0.38118613
0.15342857,0.66039234
0.13693023,0.46643475
0.1748966,0.7350926
0.16783829,0.7003904
0.088905096,0.47078708
0.13127795,0.5410333
0.06321858,0.33067343
0.17124449,0.8190512
0.9071402,0.54358053
0.15167907,0.4795947
0.12697102,0.43118107
0.12163723,0.44558242
0.78341115,0.22938696
0.8195237,0.30818677
0.108779095,0.30347
0.15985823,0.59297365
0.21792151,0.8089908
0.81263477,0.5087912
0.16177432,0.5855239
0.12191486,0.6442209
0.106636934,0.47744262
0.15288599,0.69668245
0.8516363,0.37503478
0.17295592,0.65606195
0.15422697,0.41988015
0.7740481,0.30138406
0.15578371,0.5078809
0.20472308,0.7728365
0.8674735,0.3604363
0.14207284,0.6000834
0.7893597,0.27758944
0.7467405,0.24425524
0.13852426,0.5028076
0.13523546,0.61170805
0.8084131,0.3442377
0.80083245,0.3790012
0.85771453,0.36143196
0.8323557,0.31970277
0.13428912,0.6346892
0.14635637,0.53818
0.22382644,0.83642113
0.2078782,0.6861866
0.13391113,0.5897234
0.14633219,0.6124536
0.11951926,0.44422758
0.21023138,0.7185935
0.7738141,0.19451305
0.7804932,0.17065492
0.80462694,0.3444221
0.2026876,0.6887873
0.827219,0.26026988
0.79278815,0.17741121
0.22417308,0.84700847
0.18821402,0.53343606
0.7355931,0.3148204
0.79518133,0.37315866
0.8756689,0.37839627
0.860458,0.65685874
0.875496,0.3798707
0.16715968,0.72036624
0.14398853,0.6324202
0.12652045,0.5704936
0.8470755,0.4517872
0.79036117,0.28798494
0.15781404,0.537169
0.819889,0.35734025
0.8836886,0.5085349
0.15868224,0.5871065
0.8963207,0.42048725
0.11784948,0.59211904
0.19782896,0.6865099
0.7969404,0.22121099
0.8199481,0.40434954
0.87470984,0.40693876
0.78674,0.11489848
0.855526,0.46747157
0.8704196,0.33363938
0.13979504,0.5280092
0.14711909,0.5555359
0.16290827,0.49319795
0.17003757,0.5345303
0.8146905,0.29271048
0.8152168,0.4120406
0.13833427,0.5347957
0.8402489,0.35793772
0.84106433,0.31807372
0.1756716,0.66955346
0.85668653,0.3881299
0.13857186,0.6314583
0.21510032,0.6979304
0.7967801,0.281145
0.21786518,0.8110544
0.839243,0.43874508
0.14518951,0.6888867
0.16456695,0.5718055
0.2197186,0.7677895
0.7909109,0.20194218
0.1582654,0.5668013
0.163903,0.6292523
0.13477537,0.542697
0.21651468,0.71772534
0.82052124,0.28290722
0.76479167,0.16057305
0.88940716,0.5724652
0.21428446,0.7894911
0.8497512,0.49878818
0.87881374,0.45023218
0.8253378,0.38197154
0.15311801,0.5039798
0.7736423,0.114259385
0.14861198,0.49789545
0.13719438,0.58607584
0.20894988,0.69669336
0.19307385,0.7269171
0.8408053,0.25561225
0.21560562,0.7847108
0.1042798,0.34629822
0.80003244,0.42749104
0.20552583,0.632856
0.7298154,0.13390885
0.7686326,0.162408
0.21187696,0.8017522
0.17021525,0.74665064
0.14524147,0.47807777
0.16936529,0.59044963
0.12742634,0.5691838
0.23085895,0.7233357
0.82692707,0.50113606
0.22802469,0.67527246
0.83092344,0.38862225
0.19732605,0.7551911
0.80123186,0.2344406
0.23479822,0.7189628
0.8163785,0.36976692
0.23125836,0.9071817
0.86856896,0.45605326
0.15022425,0.55753946
0.77515626,0.24025466
0.2067875,0.8763903
0.12101017,0.26433796
0.86342037,0.43574452
0.8542219,0.5883107
0.15474139,0.59749633
0.16841577,0.48887715
0.78955007,0.19636333
0.21884881,0.8018749
0.20808762,0.725341
0.20448709,0.70962775
0.17622092,0.6155847
0.19604257,0.72930175
0.78558147,0.15867724
0.10212931,0.6215963
0.8390582,0.20910408
0.12206201,0.4641841
0.14375414,0.68833566
0.8239338,0.3801554
0.1284774,0.35218805
0.7566121,0.18839893
0.25248486,0.8731453
0.1703743,0.63228744
0.8050458,0.32927346
0.1907068,0.67544025
0.85664487,0.25520924
0.2233485,0.71870303
0.840728,0.29206613
0.15799807,0.44514483
0.7574589,0.20056017
0.86718434,0.35983488
0.17326133,0.6301818
0.8231536,0.115795575
0.14481868,0.5474138
0.14033525,0.5838366
0.26799875,0.67404115
0.81359893,0.4433287
0.18871258,0.6343787
0.1651135,0.58151674
0.20906094,0.53770167
0.7547761,0.29912028
0.8501859,0.42336166
0.8277715,0.4369382
0.8118633,0.30263248
0.777066,0.23826553
0.23157923,0.73030925
0.77745783,0.09056113
0.82947814,0.3650484
0.8157292,0.33691853
0.18033828,0.6250454
0.80415493,0.23758088
0.7772508,0.19898148
0.19013566,0.7401178
0.2113677,0.7307236
0.8839599,0.51884675
0.20456244,0.74461687
0.85097235,0.39757836
0.13849054,0.5194026
0.2145736,0.8151597
0.17793751,0.5861135
0.8398253,0.35314998
0.23433536,0.7689651
0.1652178,0.5764793
0.14211608,0.6338377
0.770883,0.13443932
0.13373147,0.57970506
0.18199734,0.7960608
0.74956053,0.17471597
0.8520706,0.56511796
0.14735468,0.5267415
0.18734184,0.64194137
0.17198578,0.71770823
0.8612651,0.5520789
0.71567345,0.17995796
0.814063,0.30860993
0.13428396,0.5363227
0.789094,0.16977972
0.8609728,0.45854744
0.08017542,0.28668484
0.24146031,0.6509338
0.91496515,0.60270464
0.143277,0.5755796
0.09608993,0.49048823
0.91014105,0.609895
0.23453288,0.74188745
0.16757216,0.6009919
0.76932347,0.2801498
0.8622234,0.42248338
0.8442028,0.4648749
0.15484531,0.66684026
0.87007177,0.47770938
0.91985434,0.65510654
0.16248943,0.6174179
0.73744094,0.10522004
0.15324692,0.5717551
0.19233653,0.71762323
0.799236,0.22237135
0.17067137,0.7169325
0.83872265,0.47079802
0.08433639,0.4759156
0.71418613,0.24825278
0.19632219,0.7069531
0.21090563,0.73584604
0.14604226,0.5774798
0.79451543,0.32413486
0.8406875,0.28241354
0.88927627,0.5794755
0.778213,0.3014594
0.13167061,0.50678235
0.8362735,0.4230743
0.21678399,0.6386206
0.18379763,0.65439653
0.775815,0.22695541
0.13153139,0.5761245
0.21727501,0.7135955
0.18922223,0.31726643
0.7544521,0.23365957
0.25147942,0.91907877
0.8134272,0.2634667
0.111214764,0.4541145
0.1210062,0.6252355
0.15574525,0.64987946
0.77518517,0.22031783
0.16725962,0.6333992
0.1482213,0.5924029
0.15775812,0.7692043
0.19943807,0.77622384
0.88838387,0.47653675
0.8199116,0.3300882
0.14550999,0.59070766
0.16548552,0.58810484
0.7602475,0.27107978
0.17614478,0.7879602
0.12822078,0.5762524
0.14046295,0.3838367
0.15005212,0.6765665
0.21760738,0.6524884
0.1445212,0.5397981
0.21452165,0.7195747
0.11943914,0.5630377
0.17055675,0.5500674
0.14129825,0.5801054
0.8283196,0.3472194
0.7943584,0.23244226
0.14365497,0.63825047
0.15804249,0.5402081
0.13391273,0.5416768
0.18390669,0.80535597
0.76323926,0.2531632
0.8806477,0.7054546
0.114995375,0.5450007
0.18234955,0.7160796
0.20916803,0.7162066
0.8109328,0.19771467
0.16982895,0.6629628
0.13487175,0.5694326
0.25408363,0.85832036
0.86933446,0.6108758
0.123506516,0.6062054
0.83230966,0.38918906
0.20791629,0.7068269
0.13839774,0.5764469
0.10219237,0.42176414
0.22459747,0.7636509
0.15690735,0.614649
0.8020096,0.2792899
0.15087947,0.4693972
0.10138524,0.53614223
0.8241003,0.27995878
0.9226236,0.6134497
0.19095547,0.7710353
0.83933145,0.37705675
0.13714361,0.68374765
0.7971026,0.26891983
0.15199597,0.7018605
0.8217,0.28583592
0.1976021,0.75509775
0.8827106,0.5095994
0.8404396,0.30202624
0.8497484,0.29470488
0.84964484,0.37734762
0.7516313,0.22490233
0.247065,0.84089833
0.13003533,0.43294242
0.22558308,0.7810594
0.8958733,0.72088003
0.8346961,0.4643488
0.15444155,0.6140419
0.12452029,0.52293366
0.2220793,0.8481728
0.8357321,0.37923598
0.75778216,0.19741505
0.81680685,0.29906905
0.84902376,0.52406377
0.8643342,0.5289996
0.20126848,0.59035724
0.12810616,0.44214252
0.14566666,0.44849974
0.13344868,0.5151804
0.121600345,0.56665504
0.83607596,0.41203138
0.12297385,0.6139517
0.121168025,0.49087766
0.21541008,0.74983037
0.84861326,0.40436268
0.8441643,0.2638929
0.7895505,0.26666743
0.1469771,0.48595062
0.2023116,0.77735704
0.78831303,0.21123514
0.1041628,0.44553468
0.16071415,0.50725454
0.13877057,0.6408997
0.15465692,0.57335174
0.8326408,0.38844615
0.7843956,0.22585857
0.8470954,0.4996879
0.75214297,0.28680837
0.17468956,0.5969514
0.16917808,0.6365754
0.80357194,0.3418631
0.75128627,0.18301283
0.20013572,0.680631
0.1591923,0.5411148
0.804849,0.21709563
0.84010327,0.32699084
0.8137195,0.36608917
0.7721153,0.1866021
0.8235082,0.37936565
0.8590456,0.43013635
0.82709444,0.32456544
0.85419136,0.4009749
0.13458182,0.6531341
0.8814818,0.39452216
0.11936299,0.48469126
0.78532684,0.25043857
0.7882468,0.40951532
0.09811509,0.332306
0.83947426,0.3772403
0.12536113,0.6683879
0.8281114,0.44032684
0.87595886,0.44976437
0.17543443,0.66614294
0.10625102,0.6878753
0.17812432,0.53392315
0.18127708,0.67216504
0.1554343,0.6234571
0.85316133,0.3873909
0.16425757,0.6622356
0.7924442,0.3503654
0.7852598,0.20167804
0.21064347,0.6714826
0.7545695,0.16113156
0.9526503,0.6333611
0.7773456,0.17081787
0.8388301,0.38813734
0.18468407,0.62484217
0.76580185,0.20067142
0.84581906,0.3972954
0.18459047,0.6558298
0.84574246,0.37794727
0.1415731,0.5339398
0.16912493,0.53145653
0.1370155,0.7059202
0.765955,0.29512933
0.25750133,0.7450807
0.84863585,0.4577371
0.85535264,0.6276136
0.25516403,0.751042
0.17982504,0.69354826
0.23089267,0.72382325
0.10214676,0.37831217
0.76930606,0.14825414
0.7672749,0.19324362
0.8660484,0.32535654
0.83651507,0.486365
0.83927435,0.44864473
0.15815195,0.60706836
0.861116,0.5060465
0.22274405,0.7847958
0.94841635,0.60037297
0.22265996,0.7994578
0.12588388,0.44836658
0.06714317,0.42321754
0.80891085,0.24603762
0.8213188,0.22242917
0.79598016,0.33213383
0.18242887,0.70691323
0.7605236,0.11729892
0.7930475,0.18632439
0.8462823,0.39015406
0.2105681,0.6536961
0.8175787,0.38094914
0.7854498,0.18872878
0.8564596,0.51107687
0.78792316,0.32147288
0.7274246,0.085029155
0.8825392,0.39011726
0.85833764,0.41290835
0.1764339,0.6082204
0.77440107,0.22879079
0.82957256,0.3202407
0.78931844,0.32240942
0.08810947,0.19324932
0.15156206,0.52284956
0.14666416,0.52835834
0.9462409,0.6127637
0.20615011,0.74894947
0.16972066,0.6201061
0.20462789,0.834821
0.24447781,0.7312782
0.1272542,0.6389925
0.14163814,0.69112766
0.813004,0.21765807
0.8387187,0.44581765
0.15151684,0.67171824
0.7863624,0.21255624
0.8308124,0.26112932
0.85571,0.49506748
0.18681513,0.6133371
0.77580786,0.2943746
0.7713387,0.2021993
0.7708088,0.23614149
0.12744696,0.6328442
0.18579383,0.7769304
0.16716085,0.6056859
0.8287059,0.22864842
0.077738166,0.44268963
0.8270639,0.47897795
0.1411507,0.6743456
0.8629587,0.3274451
0.75387895,0.33365732
0.8238104,0.39207792
0.7418371,0.22003047
0.14278439,0.4747246
0.23887749,0.8993636
0.16789302,0.6278935
0.8143168,0.33045617
0.14781398,0.49161136
0.15896146,0.6061774
0.13742958,0.5505107
0.8188986,0.23042904
0.7795195,0.3559578
0.15144823,0.6323983
0.8516839,0.62247676
0.19010274,0.70126826
0.14678632,0.6860964
0.1508878,0.6510911
0.7889758,0.22143045
0.7721423,0.37702128
0.15808097,0.66197634
0.21985821,0.79465777
0.7832299,0.24366915
0.76766044,0.19746806
0.7864727,0.17233305
0.85272384,0.40610564
0.8764911,0.64417315
0.86620307,0.41775084
0.79815996,0.3690214
0.14079453,0.63568795
0.18053778,0.5544671
0.24251136,0.7857131
0.14821297,0.3794138
0.8010621,0.30389753
0.21759191,0.8000737
0.84605426,0.43079692
0.85063326,0.3767926
0.11391537,0.39693618
0.16457488,0.47496858
0.1612718,0.6024453
0.84022623,0.44772223
0.8499939,0.43344834
0.15321003,0.6734608
0.17493309,0.7455275
0.86679804,0.31750295
0.8928871,0.735083
0.8221263,0.27352226
0.1502064,0.48315507
0.773256,0.23982581
0.83579123,0.48321903
0.834923,0.36059794
0.21031824,0.7345249
0.83614814,0.25011927
0.818638,0.31436837
0.82108325,0.2991251
0.8284846,0.20901735
0.09435827,0.34128708
0.15320012,0.6742326
0.8396559,0.26428846
0.15373755,0.61733943
0.85150146,0.32807368
0.8349087,0.26013365
0.76677793,0.30887583
0.8430593,0.47273985
0.8238223,0.46103373
0.7868745,0.29472414
0.88256854,0.45177057
0.23292021,0.74947774
0.7927834,0.24671352
0.18890652,0.7563694
0.1545066,0.46358618
0.758976,0.10732745
0.87767106,0.39159784
0.80372304,0.26938018
0.74568987,0.27397212
0.11602065,0.38931742
0.10363886,0.47622442
0.798793,0.52180266
0.8675016,0.44167468
0.18430331,0.6735142
0.830108,0.36511192
0.7702302,0.2585957
0.784795,0.23101339
0.8385731,0.26525387
0.14843547,0.6165527
0.13889788,0.5860123
0.14093216,0.5248961
0.16839238,0.56282747
0.13763939,0.56485385
0.15750626,0.4751959
0.15557113,0.5603613
0.092087604,0.49066433
0.12996751,0.5485711
0.75668585,0.20070997
0.19987276,0.72049195
0.7586888,0.356363
0.88192207,0.64028955
0.14640754,0.39976984
0.17989287,0.5850053
0.1407045,0.57251334
0.1879348,0.684678
0.13010831,0.5519799
0.84263337,0.4196756
0.78012395,0.3056961
0.16346155,0.67405564
0.85630614,0.40582222
0.81945705,0.29103675
0.17377654,0.57529575
0.22213879,0.75673515
0.8335558,0.3172559
0.117982745,0.46011078
0.16086367,0.61955506
0.21210383,0.88148856
0.14420708,0.6360778
0.13709998,0.5770413
0.1642421,0.5217352
0.77016985,0.19167896
0.15314578,0.61528546
0.8357841,0.5254664
0.15094809,0.4635608
0.85042584,0.392954
0.8131079,0.3203572
0.934153,0.73555166
0.16085097,0.69466746
0.17686623,0.5720289
0.21671219,0.7991709
0.20091589,0.7906235
0.78296655,0.059445154
0.78624225,0.15780991
0.75272363,0.27114022
0.14865957,0.6683962
0.13264075,0.47489017
0.20228502,0.6580537
0.78040195,0.4187036
0.1636555,0.65503955
0.839644,0.47708386
0.77488893,0.14905444
0.8345196,0.44404623
0.83619297,0.3624723
0.12828146,0.55357784
0.14725116,0.62697977
0.24275686,0.7912682
0.7794457,0.26118672
0.873499,0.49515948
0.9010127,0.4290176
0.8863016,0.5335131
0.8273308,0.38457477
0.1940547,0.70867723
0.12884665,0.51803946
0.16782124,0.7167932
0.7882071,0.24357761
0.18465354,0.61345583
0.8471283,0.23809864
0.8473932,0.37317488
0.77282846,0.20917504
0.1130539,0.49354926
0.138744,0.54236585
0.7891376,0.27038243
0.15671618,0.66986626
0.8558905,0.44692105
0.18316302,0.4558119
0.81374013,0.3264652
0.83558255,0.34621587
0.25847623,0.67185056
0.764965,0.22786084
0.15777953,0.71811825
0.86585844,0.4498717
0.1367466,0.5791768
0.21661583,0.88370854
0.12651213,0.54988694
0.8497258,0.22938214
0.16009144,0.65309644
0.20776635,0.9027908
0.16335486,0.786809
0.12573911,0.29002225
0.77015203,0.22719765
0.848173,0.48186547
0.87084717,0.44175354
0.21904632,0.7707409
0.85583216,0.298055
0.8265241,0.26772046
0.78302085,0.2206192
0.85647947,0.49685118
0.13769294,0.5433151
0.79771256,0.3787077
0.79359245,0.43134007
0.9072239,0.589178
0.7469567,0.18883565
0.7775209,0.3060601
0.16833724,0.51410675
0.16373721,0.6604887
0.16333424,0.44000095
0.78247076,0.18084498
0.7904671,0.13710478
0.22041705,0.6879769
0.7724374,0.25802013
0.15312079,0.6529948
0.8359455,0.26807222
0.13793686,0.5355518
0.16032664,0.6844787
0.1562089,0.64937925
0.13493918,0.51688963
0.10494811,0.41021004
0.79802233,0.3521898
0.7449811,0.23300295
0.15043327,0.67220974
0.1466594,0.63501775
0.83185947,0.22688445
0.85196275,0.28048968
0.16012,0.60364115
0.18832706,0.56509125
0.110062174,0.56307846
0.18487048,0.6324263
0.8760647,0.43847176
0.112290405,0.32475203
0.8276743,0.39469564
0.12158131,0.46707514
0.85637516,0.61891246
0.15625729,0.52025855
0.89497614,0.63477856
0.22899999,0.6691273
0.1562664,0.61633986
0.8503386,0.3943233
0.85551447,0.3674151
0.13795987,0.5156132
0.21870841,0.8436479
0.79963064,0.57908916
0.8134502,0.25345358
0.1693054,0.69480455
0.8156657,0.4234094
0.16537051,0.7075129
0.83051455,0.3470845
0.81514895,0.43653345
0.14176825,0.49683848
0.23922771,0.73996884
0.12476619,0.46982867
0.8138163,0.37178278
0.76709646,0.2832826
0.24593501,0.7201757
0.23927371,0.76621777
0.16537407,0.69552994
0.7596233,0.31253168
0.24432789,0.76472056
0.8500764,0.30870894
0.21514276,0.6057306
0.17371625,0.73531866
0.18155274,0.7013436
0.1260679,0.48585513
0.13022055,0.61041147
0.21890593,0.77057976
0.22136578,0.73303294
0.2273187,0.74817675
0.88506573,0.55338335
0.19739506,0.7269197
0.23963782,0.7524564
0.8282891,0.25095022
0.8347418,0.3589439
0.22696292,0.64828587
0.8848531,0.6337658
0.1109165,0.61829305
0.14712384,0.5241991
0.8800377,0.32586247
0.08988674,0.51591104
0.84209675,0.40620857
0.8225301,0.32712883
0.14127047,0.6508221
0.7391781,0.32508057
0.14998113,0.5620863
0.16432619,0.603232
0.21577735,0.73135614
0.9154681,0.51017976
0.1619528,0.818816
0.87488043,0.40848944
0.8057196,0.27966312
0.80158365,0.35518554
0.12897278,0.6196514
0.15325406,0.5629593
0.88611555,0.46230975
0.20038481,0.76810837
0.20882614,0.86602896
0.20626514,0.89133084
0.12043427,0.5321951
0.12286518,0.6146052
0.14312787,0.5537452
0.14358121,0.6544613
0.8362672,0.35391042
0.9096647,0.59027135
0.7948747,0.310822
0.14582014,0.55004334
0.93498826,0.7531459
0.15188928,0.6118145
0.1025652,0.4238295
0.15989909,0.63226247
0.8270484,0.23922265
0.7639354,0.15896371
0.12845875,0.5369219
0.12860511,0.5971827
0.22757532,0.7306417
0.8640542,0.45666477
0.1160611,0.45551184
0.19054061,0.68175983
0.14242981,0.4997098
0.8655871,0.4031778
0.883077,0.46533352
0.1719842,0.5611971
0.11955813,0.47837958
0.90466404,0.6008456
0.83112496,0.30974224
0.78382164,0.31127495
0.87953836,0.41234547
0.75373936,0.23386677
0.17433657,0.6992213
0.19816689,0.76993936
0.84070617,0.4892705
0.8290629,0.38856792
0.1494663,0.71871614
0.84291494,0.40280282
0.8698231,0.5143135
0.82800114,0.48391682
0.7555071,0.28853643
0.8189026,0.4900905
0.9084054,0.5793143
0.83034676,0.42077592
0.16055588,0.5632778
0.15160291,0.5470971
0.8907664,0.4258414
0.08449901,0.54608655
0.8715464,0.4825072
0.17208296,0.5643159
0.15096077,0.6741494
0.20826967,0.7343326
0.19126326,0.7186303
0.136369,0.4928887
0.15376332,0.49428383
0.8092024,0.5343616
0.11190964,0.53590655
0.10074272,0.45893773
0.1273966,0.6028553
0.82698697,0.2713566
0.15756139,0.41233188
0.15652065,0.49616694
0.75775915,0.16513522
0.20560873,0.7445691
0.14971419,0.46156463
0.14292122,0.6535765
0.87675565,0.4972375
0.22327472,0.6975257
0.13529654,0.49665624
0.86401093,0.31925905
0.87154007,0.50805
0.9039311,0.51882136
0.8722587,0.36330193
0.21643297,0.83332247
0.20785838,0.83626914
0.066106796,0.38790956
0.22974168,0.7466888
0.81641656,0.35345006
0.7625714,0.19920969
0.8607436,0.33948892
0.21134469,0.78023934
0.8429475,0.37326947
0.7943405,0.31235078
0.8335594,0.42657992
0.1599915,0.55293655
0.19748707,0.6995091
0.8039388,0.37043408
0.12821682,0.4866598
0.7765841,0.3715826
0.83422333,0.3287881
0.1342197,0.4462005
0.82926595,0.39073402
0.13887765,0.6043464
0.79225546,0.2724999
0.20520575,0.646044
0.19086823,0.65975636
0.87035775,0.47212002
0.1747792,0.6480568
0.13535643,0.6079015
0.7762779,0.33923617
0.17003281,0.63606644
0.7618293,0.21217604
0.2216922,0.7739859
0.8140094,0.32990205
0.15894084,0.4221045
0.15904158,0.5922386
0.8638353,0.3547471
0.17032671,0.63477683
0.780206,0.42243084
0.12848493,0.49696067
0.87782335,0.5198525
0.19584426,0.6452153
0.18176135,0.5308989
0.14550126,0.5083142
0.82675016,0.26036364
0.8690215,0.44140574
0.7920734,0.27398616
0.77313346,0.17623858
0.82693183,0.2553643
0.8314672,0.6058322
0.18574385,0.7863149
0.21984076,0.6819902
0.84569764,0.41319308
0.8049073,0.3331098
0.88050056,0.5489579
0.86404306,0.39660197
0.13211325,0.46443686
0.8102201,0.16480888
0.0768418,0.27472118
0.7692882,0.2197624
0.83226997,0.41323993
0.9040362,0.6314837
0.16630891,0.6330387
0.85684955,0.29070383
0.22212571,0.8912879
0.84551007,0.44296294
0.83754665,0.34384653
0.16800289,0.6797817
0.12772381,0.39549547
0.19189349,0.77327895
0.15899122,0.489486
0.90261984,0.61753654
0.15605065,0.66103715
0.7876423,0.2161937
0.21000887,0.6860031
0.84020126,0.42286843
0.1357832,0.48302978
0.83966625,0.48798966
0.86721367,0.4650295
0.11804858,0.31200603
0.84046024,0.30510256
0.8450301,0.40767556
0.21961588,0.7924816
0.8306208,0.38640842
0.11152889,0.7193798
0.8523356,0.36532348
0.120131254,0.52631617
0.7858968,0.27874807
0.10350242,0.43568015
0.7869677,0.2529196
0.8619842,0.31009445
0.1296387,0.511776
0.2048952,0.8282763
0.79763806,0.337682
0.24832387,0.83555645
0.90984076,0.63207895
0.2138232,0.7554841
0.2101239,0.6007698
0.8254477,0.37457395
0.121531725,0.5193562
0.8440806,0.36407027
0.87459403,0.43261477
0.24113983,0.5966807
0.1953346,0.69489217
0.16714619,0.61833555
0.86741835,0.35676336
0.10270878,0.5000637
0.2232204,0.82135177
0.8261961,0.4355794
0.9195751,0.74189794
0.82760096,0.34046617
0.20129268,0.6845313
0.7915316,0.2837018
0.13503516,0.7559975
0.8446081,0.43578485
0.122204006,0.6482403
0.76375645,0.29313233
0.1648434,0.5719947
0.86530596,0.41753006
0.2064456,0.70895404
0.15633978,0.7401887
0.22861923,0.74369216
0.81418437,0.30009228
0.14848426,0.6673072
0.8195685,0.35299844
0.90002716,0.44717643
0.8611862,0.48172662
0.15287171,0.5556489
0.23343582,0.85418004
0.15212248,0.6871494
0.8627092,0.472159
0.8385069,0.41845608
0.23612453,0.6693669
0.14888248,0.6781868
0.85065866,0.5275637
0.85740876,0.38307187
0.8526493,0.4339385
0.21432652,0.6630079
0.15924346,0.5691383
0.1689072,0.44162256
0.8159965,0.2013079
0.834363,0.42407653
0.14125144,0.582462
0.22365747,0.64949226
0.85380304,0.34874728
0.80659103,0.2366956
0.22661112,0.7374335
0.7946225,0.3257337
0.18036127,0.6263096
0.23460269,0.7099414
0.7709766,0.2078421
0.8306803,0.27531165
0.13740776,0.61681205
0.7987835,0.38502333
0.17307174,0.5803954
0.13622345,0.68645865
0.17190051,0.63624775
0.13737366,0.6842238
0.8658961,0.3618424
0.11731324,0.4618349
0.19930202,0.81624514
0.8363413,0.35197124
0.15524232,0.6671964
0.1415263,0.5519133
0.1795129,0.6735081
0.816388,0.32469684
0.74952126,0.2848749
0.15021315,0.73142886
0.83937943,0.30324134
0.85838485,0.4873449
0.1571473,0.5868652
0.13848658,0.47440878
0.82671887,0.26962507
0.8853953,0.7207942
0.21174845,0.73737913
0.12300241,0.5876195
0.8328959,0.3166847
0.85608524,0.42118025
0.121367924,0.5634438
0.85745674,0.41126746
0.75207114,0.116958566
0.9048346,0.4809364
0.16218045,0.55180556
0.86988455,0.44239745
0.8661912,0.39043617
0.812139,0.29767126
0.08477347,0.36716455
0.1927264,0.6385676
0.07479046,0.39613152
0.1321176,0.537176
0.17140989,0.5937875
0.81122637,0.21617006
0.81875706,0.1861588
0.19473173,0.6505164
0.12603618,0.41976407
0.7787976,0.18104911
0.77241516,0.2801016
0.7566081,0.23162927
0.84008944,0.31757787
0.14540845,0.5699438
0.84108174,0.45883042
0.13783771,0.47434658
0.77745545,0.31493342
0.14611088,0.5972546
0.20904666,0.77100116
0.12821443,0.5316033
0.14729756,0.61342734
0.16220188,0.56202585
0.2156203,0.76782715
0.7669687,0.19944054
0.8235843,0.40605438
0.841196,0.26992905
0.17515361,0.5974232
0.14670858,0.71369845
0.78528243,0.2092955
0.18403322,0.6062571
0.13409437,0.55281305
0.13960466,0.42616117
0.17088436,0.6132359
0.15402034,0.68755156
0.76440257,0.23880695
0.22594242,0.68954635
0.14725116,0.43924883
0.13714123,0.55335534
0.1745797,0.5165637
0.90708345,0.5127427
0.18975213,0.7418103
0.13589464,0.76336706
0.15645005,0.69132745
0.82335705,0.40002042
0.17591949,0.6247055
0.86687857,0.64208156
0.21024723,0.8147606
0.24262837,0.8523981
0.06634516,0.43987042
0.14671056,0.5242539
0.14381126,0.51904476
0.774315,0.26013672
0.16343737,0.73260456
0.18380396,0.76410556
0.77088064,0.29615128
0.87909573,0.41060382
0.21129432,0.65324974
0.8560198,0.4686521
0.86652434,0.64730644
0.17686346,0.61467093
0.13949677,0.6827034
0.22172908,0.7447864
0.15812935,0.56393963
0.16101836,0.46103024
0.8596465,0.39465097
0.8710558,0.6439971
0.13824385,0.6053911
0.14792582,0.5096427
0.19549762,0.727529
0.17764401,0.6834086
0.14678314,0.51579803
0.7950933,0.32579327
0.109953895,0.47998193
0.76137793,0.18066144
0.19198154,0.70546025
0.2214344,0.81133956
0.24884266,0.71593726
0.14080761,0.6059124
0.8220462,0.2802365
0.15519989,0.6620534
0.8222711,0.48429835
0.7508119,0.22206998
0.13189986,0.46486613
0.18116127,0.6892354
0.1474816,0.64527047
0.14451407,0.63033426
0.8337363,0.42704073
0.8650136,0.41327366
0.90908444,0.59628433
0.8281261,0.32215667
0.8516216,0.43416587
0.16142885,0.64646846
0.89297676,0.46381047
0.15934223,0.6461325
0.8104093,0.2994532
0.21640879,0.7254641
0.11491328,0.65285724
0.1543297,0.53727674
0.78348017,0.23388208
0.8088359,0.26492843
0.25537464,0.90899867
0.8805926,0.42750505
0.8043517,0.2670818
0.14493884,0.5370875
0.19149013,0.7144729
0.8979619,0.4442569
0.93015105,0.6026288
0.1071581,0.46667346
0.17274809,0.63472074
0.8259879,0.46608344
0.8653186,0.46359715
0.17340371,0.6431477
0.22833088,0.76968175
0.2197789,0.79857296
0.8379746,0.3230761
0.8405808,0.3349675
0.7480736,0.25135407
0.139095,0.47165614
0.85309035,0.54700553
0.8706441,0.58210677
0.1502782,0.7613293
0.14338052,0.559052
0.14551593,0.6140638
0.2205642,0.80145437
0.14467707,0.6793633
0.15446098,0.64270705
0.7907292,0.27868804
0.8561479,0.3992486
0.14065413,0.64798015
0.19814388,0.6899783
0.116511665,0.59492946
0.20713414,0.75683415
0.18536983,0.7235792
0.84839827,0.4281643
0.86453927,0.45158046
0.8064018,0.37018043
0.78928,0.32622516
0.15585789,0.6627937
0.16848083,0.6066487
0.7824204,0.24798907
0.8329974,0.43158406
0.79830873,0.22841845
0.20068823,0.69226485
0.22557633,0.9210254
0.16576396,0.7013278
0.77970034,0.27903408
0.11067813,0.51420623
0.7696214,0.24886078
0.81000596,0.2912987
0.7863557,0.36121732
0.17297854,0.5731511
0.13386948,0.57860994
0.16130352,0.6514354
0.23519723,0.73405796
0.8622936,0.35447288
0.14755537,0.47269034
0.14886224,0.5123796
0.780212,0.34376505
0.17969099,0.74809575
0.17512545,0.5405993
0.22134833,0.8340663
0.8628175,0.2677752
0.805791,0.29503602
0.15439236,0.67966336
0.16225702,0.5325201
0.13723801,0.46927497
0.19916637,0.7375894
0.17809774,0.7805123
0.26327696,0.84975326
0.8035485,0.2945174
0.24232455,0.7439488
0.20871112,0.7174397
0.2436457,0.8061291
0.24490815,0.7781797
0.8004041,0.40862522
0.21244691,0.7220522
0.133716,0.538703
0.8265943,0.31834793
0.1789846,0.6631148
0.74163246,0.24763209
0.20469888,0.71089894
0.13620679,0.5816377
0.16723265,0.47077394
0.77953136,0.17527841
0.78039205,0.14662595
0.8408922,0.43536082
0.12860075,0.40898615
0.79040164,0.16027562
0.86758214,0.36577553
0.7771112,0.23319131
0.8355695,0.3508827
0.8519163,0.38783333
0.19416496,0.6758542
0.8426627,0.34980908
0.17778482,0.6320715
0.85806084,0.45397127
0.21073627,0.6969838
0.8486426,0.4565789
0.20226797,0.81047136
0.74014866,0.13502629
0.15483539,0.6072821
0.7802846,0.31592384
0.2023116,0.74161583
0.8645476,0.39453444
0.8590385,0.40728658
0.19443981,0.7402303
0.906122,0.74381304
0.7640476,0.19556566
0.14773703,0.53908056
0.8456124,0.36139297
0.7694762,0.13090436
0.831541,0.33098707
0.18869077,0.6025189
0.7960547,0.30705708
0.7459905,0.24752432
0.8510822,0.3381091
0.8275823,0.3538399
0.08858145,0.35051346
0.8612421,0.43932986
0.7647651,0.22742279
0.7668684,0.26279387
0.17024778,0.5827345
0.047350477,0.36393052
0.12522945,0.5510447
0.13829938,0.65095
0.7792593,0.2056852
0.25231072,0.72976124
0.22207415,0.77436525
0.15070575,0.63641423
0.2232073,0.9298952
0.16315854,0.59908205
0.7543795,0.31772637
0.15112141,0.5797773
0.14769459,0.5646466
0.15816425,0.65978265
0.8489024,0.46613687
0.89871866,0.55020237
0.8929339,0.47928676
0.86396337,0.4061214
0.79083437,0.2469654
0.7357279,0.2100371
0.22838205,0.79998565
0.18722722,0.6350388
0.17303564,0.6363748
0.7829289,0.3051512
0.8010962,0.14433283
0.1863499,0.8123028
0.15888572,0.77351725
0.8594589,0.3012579
0.7712245,0.1908423
0.13273396,0.53220123
0.18092012,0.71776646
0.1009684,0.43726847
0.7873734,0.25380534
0.81574386,0.27566952
0.20103963,0.8167979
0.13024475,0.56102014
0.7574589,0.094595894
0.13787855,0.6075042
0.15708584,0.6835663
0.120979235,0.5184368
0.7463348,0.2602769
0.80505645,0.30143356
0.13202916,0.5575487
0.88505304,0.4695851
0.8159898,0.3681335
0.84714615,0.315601
0.09920104,0.43679714
0.14628617,0.5934563
0.83389574,0.32759446
0.19844928,0.77516073
0.14378864,0.5942803
0.101976216,0.37571374
0.7431912,0.19213451
0.8353327,0.33128536
0.10952316,0.63658506
0.18156146,0.6954949
0.84316087,0.3134901
0.77030635,0.17915766
0.83210105,0.4940635
0.8180546,0.4109109
0.14404605,0.49485984
0.77623224,0.3298048
0.8958832,0.42329422
0.26120144,0.72923386
0.76898915,0.31016758
0.84016716,0.30127105
0.1199262,0.37565678
0.7935437,0.18706204
0.07143463,0.30033147
0.90500116,0.51951873
0.83988434,0.5164511
0.16900238,0.5908356
0.15531293,0.46216825
0.21131971,0.722093
0.10901271,0.55318624
0.14598753,0.5537855
0.16292016,0.5564803
0.8090501,0.2716917
0.8083877,0.41877103
0.17121395,0.62178946
0.7872144,0.24635695
0.15067719,0.54496604
0.14330159,0.5960701
0.910239,0.58906674
0.20800234,0.7543689
0.7419648,0.38347092
0.16219752,0.6948151
0.7816969,0.2797503
0.8669674,0.29938662
0.8260985,0.32723176
0.84431344,0.36837485
0.85657823,0.47767958
0.86955774,0.39540833
0.80364925,0.20405526
0.16170809,0.53933287
0.20509708,0.79858917
0.1524624,0.6587243
0.8435872,0.33132872
0.79409224,0.35450923
0.13700718,0.5634267
0.18429975,0.8226466
0.22521025,0.7165825
0.88238454,0.6515387
0.7802223,0.19478595
0.18368855,0.524352
0.7630057,0.17382982
0.1874898,0.6728576
0.2167479,0.78326094
0.7800153,0.17229187
0.13715194,0.52416366
0.7824811,0.262648
0.12202711,0.3931358
0.13286524,0.52307034
0.21824,0.6590362
0.103108175,0.36073068
0.8654412,0.32376778
0.21989827,0.79872274
0.12762862,0.46277186
0.1509929,0.6232367
0.7857052,0.21784511
0.8061873,0.3620382
0.83467907,0.4381266
0.14517444,0.47823328
0.7810441,0.19534095
0.14141724,0.4780033
0.13690247,0.5822781
0.8565961,0.29769975
0.8502588,0.4553489
0.15285783,0.57315373
0.80113983,0.25905302
0.14670303,0.6436931
0.15729961,0.61203045
0.86223763,0.39962706
0.8703026,0.3952515
0.14188723,0.5854148
0.83024085,0.40107432
0.19811215,0.7582657
0.15408975,0.39829716
0.8201393,0.28183314
0.8421578,0.4172918
0.1510187,0.5350756
0.16025881,0.4453231
0.82636344,0.50008214
0.18307656,0.68387115
0.75331223,0.1924556
0.82606286,0.32303143
0.16936252,0.60910344
0.1633501,0.6037314
0.7693735,0.37023914
0.21752726,0.65551525
0.13982914,0.69497013
0.15933073,0.7356415
0.8207255,0.28275785
0.87533814,0.5632322
0.7139188,0.18840507
0.91847765,0.44848353
0.78253543,0.22324128
0.7589395,0.1380794
0.85159826,0.43688518
0.12781623,0.5773992
0.16284679,0.4568908
0.8503247,0.34760532
0.12538016,0.6256937
0.22348732,0.7338657
0.7904659,0.30519763
0.8157193,0.40212604
0.91966236,0.683561
0.1502064,0.6505584
0.8537392,0.376797
0.7715196,0.235795
0.85072845,0.45714924
0.84614587,0.32993183
0.85243315,0.38101792
0.82016546,0.296648
0.16997807,0.5811812
0.23233281,0.87037516
0.10853914,0.3258581
0.17121118,0.5630088
0.82331383,0.30014575
0.13639994,0.51222235
0.20140214,0.6625944
0.8614416,0.6018715
0.787214,0.21084966
0.072289355,0.3313616
0.84781283,0.35271546
0.773678,0.26222265
0.8406011,0.37133422
0.14901099,0.570833
0.8534921,0.4918076
0.9271379,0.6863421
0.79826826,0.2509029
0.21078148,0.68838906
0.18163681,0.6845387
0.7903834,0.18556571
0.16523565,0.48967525
0.88847744,0.5696153
0.79165655,0.21418706
0.7626281,0.2774931
0.16427423,0.65326023
0.13792576,0.5187583
0.21324095,0.7605899
0.102619536,0.52440107
0.8821692,0.38337982
0.7786933,0.2700197
0.86604446,0.55816585
0.21812814,0.65793675
0.10272464,0.44553554
0.8453629,0.39556295
0.1457551,0.51253116
0.15185992,0.61703587
0.15827094,0.53993213
0.21448596,0.725815
0.77445894,0.27980503
0.880288,0.49724102
0.8310754,0.37659243
0.12719947,0.47094828
0.83354115,0.42892736
0.8424989,0.26425517
0.20954403,0.69108605
0.10219793,0.5385032
0.21372999,0.6620368
0.7833953,0.17607081
0.86931974,0.4150845
0.8959173,0.5294289
0.17868951,0.66453093
0.15397353,0.5735865
0.93013245,0.6327321
0.8948972,0.6337921
0.10606738,0.54626
0.7405623,0.18737087
0.8769111,0.4524022
0.13644992,0.5787852
0.12686235,0.6101635
0.1154384,0.58086365
0.14651503,0.5550024
0.2127531,0.70729125
0.13435614,0.5737521
0.095264554,0.41983896
0.79253703,0.29783028
0.797032,0.2808997
0.16638824,0.6811128
0.17409939,0.7073228
0.8517382,0.35463318
0.7718924,0.18019055
0.12555031,0.44033253
0.7710468,0.21439688
0.15446852,0.50130993
0.7840402,0.39378932
0.1483514,0.5210536
0.8204736,0.19728014
0.855597,0.4579701
0.22562353,0.88883317
0.81162137,0.23982275
0.73075664,0.12156628
0.83307195,0.427753
0.8098445,0.39114535
0.15840937,0.56855696
0.81681436,0.3583324
0.13038595,0.3680472
0.16886356,0.6058471
0.13402973,0.5781084
0.15081006,0.63949054
0.106999844,0.55513245
0.15749991,0.64479256
0.8082211,0.36012924
0.149149,0.66170913
0.81833065,0.2881295
0.7765226,0.21155359
0.13797335,0.52274704
0.796115,0.27646062
0.21342894,0.7570488
0.79829365,0.3848113
0.08442246,0.38334477
0.82325596,0.50793874
0.8733915,0.44558153
0.14392468,0.62388986
0.8130377,0.4002977
0.887217,0.5158059
0.85073,0.29655164
0.86383843,0.42306378
0.86825085,0.4054363
0.77562624,0.19825083
0.054981112,0.28824908
0.8259129,0.30036256
0.86040723,0.2699825
0.8049355,0.2669482
0.15043764,0.6970149
0.06432516,0.27576983
0.83168775,0.32181543
0.82341975,0.43365029
0.8612076,0.41850033
0.8493014,0.31404728
0.7977185,0.31512573
0.17181048,0.4917349
0.84402037,0.39208668
0.15108374,0.58134764
0.85594124,0.4005062
0.047137093,0.3660471
0.79024416,0.21526726
0.16345243,0.7000834
0.7769069,0.24887261
0.75971967,0.3329635
0.75817835,0.31043085
0.7809644,0.27201018
0.85525036,0.38944706
0.8366701,0.31377834
0.8127026,0.39966035
0.20713851,0.7350374
0.17005621,0.6508256
0.14705245,0.60147285
0.21657854,0.88441294
0.120735705,0.3256417
0.87589777,0.5078941
0.8364627,0.22938608
0.8679415,0.50683445
0.8136239,0.37522358
0.19364062,0.7342998
0.77039593,0.118925355
0.11506241,0.50367665
0.20812015,0.79751027
0.74568313,0.27032766
0.8308148,0.30443236
0.114920415,0.50114566
0.8160497,0.4613176
0.17533447,0.49432632
0.13030344,0.63534844
0.8594192,0.4867947
0.9321905,0.69523036
0.82684934,0.3785741
0.92373055,0.57769006
0.85458046,0.44088972
0.11660368,0.4638271
0.1934669,0.5800012
0.8198977,0.35362703
0.8532446,0.40079486
0.8663776,0.45227474
0.8627049,0.5018833
0.13523307,0.53235626
0.16048332,0.6235018
0.12837428,0.70455265
0.9051241,0.40012246
0.15849306,0.5538845
0.786717,0.23649892
0.8120061,0.49249795
0.15211456,0.4913884
0.15076008,0.6341557
0.7753914,0.28055716
0.90886664,0.5559801
0.15402867,0.6046714
0.8135299,0.17492315
0.19183123,0.74241
0.8461867,0.3337673
0.16886158,0.46998328
0.73463005,0.25135407
0.16809689,0.5956798
0.115930215,0.4777304
0.8243776,0.4182305
0.8469379,0.4497718
0.1638915,0.71629643
0.83579713,0.33024022
0.21500117,0.7432195
0.8071078,0.26473218
0.21332543,0.8354198
0.75596917,0.27160147
0.18660611,0.5919885
0.84149665,0.3379825
0.13312067,0.6415371
0.81687546,0.37416703
0.14908555,0.57341045
0.14898044,0.6495111
0.7731882,0.250206
0.17185213,0.5256609
0.7772488,0.19679786
0.81515765,0.4393995
0.8103355,0.32080007
0.08197291,0.22215277
0.07445333,0.38726214
0.15846728,0.5757053
0.7831958,0.29335353
0.15203285,0.61113685
0.13650942,0.4414066
0.86525714,0.39798003
0.8298157,0.3638587
0.20102218,0.71376544
0.7534629,0.14484446
0.19814388,0.7616048
0.2039215,0.8260922
0.13836879,0.57426196
0.09123645,0.27534977
0.8537178,0.35643044
0.8130036,0.46368212
0.8455176,0.36745542
0.8602355,0.46949837
0.22493738,0.7258001
0.86312926,0.38060352
0.1709018,0.6548775
0.1269619,0.30136347
0.16746229,0.62454164
0.21930692,0.80873454
0.8400529,0.47047827
0.15897138,0.6156723
0.13180189,0.58547264
0.7536969,0.24005623
0.80719984,0.31682357
0.898207,0.45227388
0.18353744,0.60494035
0.14795834,0.6204959
0.8179832,0.35516363
0.83800435,0.42730093
0.8283569,0.3728459
0.19384488,0.78294116
0.13792457,0.6010033
0.78537124,0.22400303
0.8694899,0.5179751
0.12272279,0.51471084
0.15232477,0.531386
0.17916466,0.6166881
0.16947357,0.5086352
0.15005212,0.5669117
0.80028784,0.31962657
0.19485945,0.6182059
0.17029141,0.60274494
0.23614714,0.7053937
0.1389891,0.50783014
0.14397585,0.4244848
0.77335954,0.27559507
0.08025395,0.3852012
0.8603815,0.33464512
0.8803332,0.5699482
0.23566604,0.8192737
0.16193257,0.75325495
0.22448047,0.7751432
0.7854446,0.24014252
0.15705211,0.55032235
0.20120184,0.5129359
0.15932636,0.6865134
0.85926616,0.4527811
0.86677146,0.54945284
0.9162141,0.5830219
0.78827256,0.22107914
0.8968454,0.46676502
0.7913202,0.24429817
0.15774383,0.66352475
0.10328269,0.41724053
0.7778743,0.29078662
0.15002158,0.5211316
0.7601607,0.20977472
0.7929658,0.26825926
0.9472158,0.7343427
0.79989916,0.32922134
0.10988607,0.4240853
0.1606951,0.68453085
0.8086753,0.38916278
0.7812507,0.19177532
0.1319534,0.57717144
0.17826036,0.5400355
0.20188682,0.6144138
0.15699382,0.5055296
0.83236396,0.2907906
0.8528024,0.32410857
0.82976055,0.47949612
0.16066773,0.63002455
0.21810673,0.7125582
0.7758059,0.25506732
0.121398464,0.5507889
0.75339746,0.27218887
0.84487665,0.4072673
0.2370907,0.81175965
0.19957688,0.71705246
0.18830088,0.7954147
0.8172431,0.28222257
0.16334851,0.73115027
0.81211555,0.33936715
0.14249684,0.55552274
0.8291839,0.4671334
0.7964652,0.21354227
0.8161746,0.3845358
0.8142843,0.18640192
0.9337877,0.5019359
0.106669456,0.3585291
0.82091147,0.26393715
0.8502676,0.48512578
0.8412912,0.4286746
0.1428526,0.5924353
0.7748409,0.2274355
0.13903193,0.5814169
0.8701372,0.47544518
0.81196964,0.34753305
0.85990787,0.4277508
0.112368934,0.37723154
0.1753416,0.74362993
0.8277199,0.4107707
0.8577245,0.4255146
0.19612625,0.6465421
0.82148224,0.37321517
0.78579444,0.30464962
0.17399071,0.708212
0.86603135,0.4895745
0.17571047,0.53500336
0.2233473,0.8399421
0.85010177,0.5192642
0.20345704,0.7309873
0.20579197,0.8034185
0.1846107,0.4988565
0.17761545,0.69852525
0.86385906,0.5404153
0.19070442,0.73807085
0.11315465,0.40612972
0.7738525,0.19601421
0.83842915,0.409673
0.7691922,0.25914282
0.23607653,0.78836495
0.20722775,0.7852369
0.21925059,0.8346554
0.113151476,0.50966024
0.1384965,0.43127087
0.8685511,0.35136324
0.22847366,0.7549164
0.0907248,0.45802224
0.095573924,0.34729913
0.7994918,0.28147745
0.8638916,0.38942823
0.16468395,0.61457366
0.21750902,0.86912984
0.2136578,0.9065421
0.88110304,0.4988946
0.17173512,0.58952975
0.15652937,0.68626195
0.8162988,0.5105801
0.8482801,0.5956505
0.1872407,0.6471584
0.17936179,0.71390474
0.16048332,0.6437474
0.81147027,0.46026453
0.1818494,0.6069352
0.2271438,0.7944589
0.78700334,0.43729737
0.83466125,0.30974314
0.82670814,0.3077457
0.8442484,0.33914638
0.74736524,0.24510854
0.83976376,0.37448153
0.71363795,0.2993678
0.12619007,0.54832405
0.8298462,0.34782434
0.20882337,0.8162819
0.92970365,0.63168603
0.22261079,0.7785862
0.13439779,0.54067284
0.12451314,0.47225845
0.21604031,0.75972694
0.16953504,0.66975933
0.8695637,0.42376992
0.7967623,0.22004318
0.118367866,0.5488909
0.11107277,0.5253709
0.14693029,0.63601124
0.15259565,0.6049697
0.20089842,0.7172741
0.7725405,0.2548724
0.797757,0.2831683
0.159439,0.6242981
0.77013814,0.19801167
0.79301935,0.20297112
0.21576744,0.68708813
0.1431592,0.5661609
0.08858899,0.34749886
0.826279,0.40505126
0.83187693,0.39803654
0.85268223,0.29788327
0.7825473,0.22341608
0.16110204,0.6709416
0.8472124,0.37511888
0.78401756,0.23555408
0.1301567,0.5661894
0.83037454,0.29960608
0.8189216,0.31225833
0.11522105,0.4258195
0.1413379,0.504325
0.7656131,0.33154732
0.12602864,0.556051
0.863422,0.39488047
0.7886676,0.38927272
0.7686429,0.21076117
0.15748365,0.6362968
0.21780886,0.73061764
0.22587499,0.88082844
0.8261481,0.31470126
0.14393301,0.74462825
0.80418193,0.22197843
0.8320519,0.3594954
0.86716056,0.42831674
0.85688245,0.6040673
0.17269693,0.51437
0.1720068,0.5165081
0.16879891,0.66816974
0.77023333,0.20650652
0.848994,0.40720597
0.77670187,0.14681475
0.90383554,0.46394274
0.12374211,0.48120448
0.80694044,0.19382928
0.116223715,0.28931746
0.24615315,0.7657876
0.8141221,0.20056717
0.78343135,0.195132
0.1354655,0.34864742
0.84290344,0.37769365
0.8547562,0.46430632
0.1242363,0.48176253
0.7571198,0.23267399
0.7956783,0.39194825
0.20894909,0.6824414
0.7742694,0.33927384
0.16528998,0.6217899
0.17215832,0.5972835
0.8175711,0.2858285
0.8357789,0.29454762
0.8460891,0.43497404
0.23570967,0.70866495
0.7636744,0.2866406
0.85267425,0.3875162
0.7749611,0.2730632
0.8004426,0.20628706
0.8021627,0.43619353
0.23920709,0.7762532
0.22732346,0.69884545
0.85671663,0.36289588
0.91340643,0.49269596
0.15565363,0.55248713
0.15981421,0.5174315
0.21410282,0.69953054
0.16158672,0.6567558
0.84344566,0.2644641
0.75257605,0.21499524
0.77554137,0.25261387
0.084257066,0.2642731
0.7634368,0.08721409
0.84768873,0.45092252
0.1864661,0.5876484
0.90539145,0.66295224
0.25166622,0.813093
0.82088053,0.3219175
0.8482424,0.5632213
0.9149822,0.68071467
0.15711042,0.73520035
0.13569474,0.69097525
0.23505127,0.7891017
0.8284136,0.37042925
0.21854816,0.80973285
0.18313962,0.60666186
0.7509253,0.24019815
0.8667362,0.48679602
0.9017171,0.48818374
0.152345,0.5526133
0.24511836,0.8106825
0.84704894,0.5319581
0.83610415,0.4475917
0.83002865,0.27684698
0.8806477,0.5540689
0.81404555,0.38611624
0.17598255,0.7203141
0.77678794,0.34997028
0.8351221,0.3056834
0.8127224,0.28159443
0.7825021,0.21858189
0.17215553,0.5865139
0.8090806,0.2999381
0.22541094,0.7551442
0.17665206,0.6885069
0.16390221,0.48061356
0.77824515,0.19191769
0.14642659,0.5983037
0.13385561,0.48869228
0.8423791,0.27174997
0.12130803,0.49911845
0.74833894,0.261075
0.18485661,0.50677973
0.82869047,0.31927395
0.1536947,0.58846664
0.75285566,0.15994886
0.17652276,0.7082567
0.20247898,0.67134374
0.2483913,0.70829
0.88545877,0.52547514
0.7461123,0.28321692
0.22553033,0.7664333
0.7982274,0.26457492
0.20655388,0.7649904
0.81894183,0.33470204
0.8485272,0.4371905
0.16035362,0.59055173
0.80071145,0.38475612
0.8479624,0.5007624
0.20555241,0.6746505
0.15139389,0.64835113
0.8346521,0.2819063
0.19005594,0.47436717
0.85980517,0.5345053
0.8609688,0.38352612
0.14102338,0.5832058
0.82045376,0.49787092
0.86421245,0.54126465
0.107584074,0.6992344
0.18121204,0.61204535
0.8597298,0.36869943
0.19399719,0.74847114
0.8314922,0.530531
0.15364076,0.53073907
0.8549521,0.37339696
0.9155046,0.6890654
0.17084669,0.5054056
0.14597046,0.536738
0.8565342,0.39090574
0.16242677,0.601465
0.11586319,0.46606854
0.14396752,0.4879748
0.13547145,0.6826806
0.8067405,0.17772046
0.14624056,0.6291218
0.90472794,0.5207268
0.85897976,0.26654652
0.12209493,0.6967836
0.79830515,0.31373322
0.75616986,0.22609073
0.86337876,0.3384385
0.13156034,0.60120916
0.1818506,0.719629
0.8044437,0.37996137
0.12666047,0.45576677
0.8552194,0.28232813
0.74770397,0.18183888
0.1732169,0.66614074
0.8257277,0.34084597
0.15845299,0.4396641
0.10320059,0.51912886
0.8622615,0.44825488
0.20661734,0.7483441
0.734233,0.223915
0.044398014,0.35552984
0.20316355,0.71515006
0.22335762,0.74421126
0.84743565,0.4809916
0.912445,0.7413053
0.8580755,0.38383406
0.21748562,0.848493
0.16052258,0.6990772
0.7830435,0.18167113
0.1520626,0.46594194
0.78175884,0.24623124
0.20926441,0.727335
0.86685234,0.37186733
0.11866255,0.45877698
0.23269454,0.80290866
0.053985983,0.29187033
0.82666093,0.30477577
0.8686407,0.57046115
0.16060865,0.6967556
0.15036704,0.5175248
0.089446485,0.51164716
0.13166665,0.6770505
0.86227536,0.46895564
0.12699838,0.60976666
0.8061468,0.1633121
0.8710598,0.4676858
0.88777065,0.53387845
0.15608713,0.5686262
0.852894,0.47496068
0.18966924,0.6278195
0.83671933,0.2923272
0.1590856,0.6285129
0.1893206,0.5947122
0.85464746,0.41456544
0.22373956,0.7467168
0.84923476,0.3368572
0.13028084,0.47371492
0.7557062,0.22624184
0.127654,0.60326356
0.16763958,0.7199282
0.8238247,0.38839623
0.09637629,0.34232435
0.85521305,0.4935878
0.20936555,0.91665906
0.15879647,0.65631294
0.19251579,0.6496745
0.19959116,0.7182085
0.21455655,0.5387792
0.84103733,0.26116523
0.7765587,0.15085915
0.14842755,0.5629808
0.9329084,0.58594793
0.14381362,0.62077016
0.15891665,0.5572232
0.23830675,0.804691
0.8197795,0.32531142
0.21954885,0.79265946
0.80086374,0.31726468
0.16763245,0.63268214
0.19754934,0.87137955
0.1844925,0.569207
0.23668893,0.73784524
0.8698306,0.27279818
0.81856865,0.34397486
0.20274788,0.6685845
0.22282852,0.80608135
0.7446908,0.40448138
0.11287939,0.45048755
0.8435987,0.41471392
0.8275232,0.31150842
0.07584746,0.46678692
0.14200622,0.5423326
0.17745918,0.7971511
0.20342293,0.63508695
0.14475085,0.55095667
0.8508875,0.38221946
0.8258253,0.31703162
0.83664674,0.4691243
0.8668345,0.55224186
0.174404,0.7388764
0.74820054,0.21768303
0.83171314,0.38082257
0.8699464,0.4935558
0.20240916,0.6963552
0.14903359,0.6138141
0.22017154,0.63540494
0.15964763,0.7796357
0.15935808,0.6024738
0.85191476,0.44532222
0.08524585,0.37424982
0.8560234,0.5096173
0.77941877,0.18541415
0.16076015,0.67765105
0.86417156,0.35441285
0.26444662,0.7666462
0.14308067,0.65285814
0.7967956,0.2674178
0.8747515,0.35950285
0.82737523,0.4042326
0.1326923,0.62732667
0.1730162,0.646391
0.10756543,0.37234917
0.85498816,0.34033346
0.18853925,0.6099839
0.17053573,0.7525624
0.8588969,0.35164532
0.89008456,0.56910104
0.7764298,0.23788488
0.1450499,0.5696135
0.12283979,0.37947166
0.7950322,0.16720581
0.19223934,0.7535708
0.23946132,0.78731716
0.22355396,0.7363441
0.84323585,0.3555281
0.16008589,0.56343544
0.8204899,0.38477015
0.7513525,0.14133403
0.22926295,0.85381997
0.7416622,0.20539565
0.83531564,0.34521976
0.15640324,0.5324049
0.22025405,0.66341835
0.13868132,0.62240404
0.75867295,0.2832007
0.16198611,0.6807002
0.7751939,0.26688427
0.76647735,0.39024517
0.8345319,0.42954457
0.8501759,0.45096895
0.19969071,0.6556817
0.8204621,0.4133709
0.88754976,0.40852052
0.94963676,0.62125593
0.13786547,0.62346405
0.19207872,0.86669654
0.14391556,0.6554294
0.79412276,0.27751935
0.22159463,0.7345372
0.80549634,0.36770335
0.14946987,0.6527863
0.8469443,0.31750777
0.8365404,0.37600458
0.090507455,0.45473084
0.13676009,0.55688196
0.16930817,0.64916897
0.8430534,0.41443315
0.18890256,0.66805804
0.93308526,0.5630815
0.16436546,0.6104675
0.8081656,0.3155112
0.7672123,0.17268917
0.82733005,0.29501545
0.13935241,0.49776667
0.73948276,0.19158828
0.7618325,0.38528877
0.7964438,0.20726344
0.12877367,0.5781833
0.8490749,0.39871112
0.7764992,0.26043066
0.8657398,0.55897623
0.82620203,0.3132908
0.12290484,0.5150494
0.8361224,0.5626233
0.17732869,0.6552165
0.78600985,0.23209709
0.77681136,0.3666455
0.8266796,0.47263515
0.1883921,0.6066255
0.1391188,0.6671574
0.18740094,0.63266635
0.2006791,0.67263377
0.83513993,0.49313486
0.75623375,0.19864112
0.19180822,0.6435652
0.21130306,0.7164642
0.21367367,0.77502364
0.80224955,0.3047184
0.8343542,0.58502454
0.14488491,0.53924745
0.14934255,0.49042693
0.1983525,0.67881095
0.8546316,0.39367852
0.20778103,0.73054576
0.17250258,0.7997557
0.7758087,0.26453507
0.75025266,0.1454507
0.7368551,0.15717258
0.1976489,0.802065
0.88780874,0.48673558
0.19849172,0.7420083
0.16607173,0.65210736
0.13262132,0.71428144
0.836964,0.52578
0.87807006,0.356278
0.2425772,0.58045536
0.7961955,0.2097147
0.14036974,0.43589786
0.13156907,0.43475634
0.14976932,0.5272185
0.21604984,0.84439343
0.8192413,0.29118174
0.86818224,0.48162937
0.16334058,0.6030844
0.1602485,0.7023949
0.13320951,0.6676471
0.21805,0.7148956
0.8959137,0.39992756
0.85266435,0.41703597
0.9200011,0.538236
0.8648649,0.3570139
0.15520743,0.4805645
0.82502884,0.44674408
0.77378154,0.15709679
0.7649888,0.23423603
0.18235074,0.62755054
0.1633505,0.74758804
0.7865433,0.46790567
0.8396797,0.2802746
0.15791002,0.6369302
0.109349445,0.4673012
0.124458805,0.46812645
0.14568648,0.45176092
0.16166842,0.5609461
0.77471876,0.24068744
0.8343832,0.34552947
0.8117118,0.30133238
0.21854737,0.7434022
0.8787189,0.5285186
0.86172444,0.42392015
0.8222342,0.29199475
0.8359316,0.3493027
0.21224424,0.7713533
0.86565614,0.45915806
0.81945866,0.42107642
0.89765847,0.5374511
0.1662526,0.4531977
0.14453548,0.6514796
0.7563408,0.2003775
0.8215032,0.30798003
0.15203127,0.57649773
0.79134876,0.24149999
0.8073434,0.25389206
0.78847325,0.22183475
0.8400172,0.2708336
0.21963134,0.79237646
0.12976919,0.5390223
0.79683405,0.4023153
0.14002152,0.6687536
0.12818469,0.5544574
0.83801466,0.3833001
0.14992282,0.7980482
0.81208026,0.3074592
0.8751862,0.676732
0.7680479,0.26880416
0.8290026,0.4550059
0.13611516,0.5300115
0.854427,0.43249035
0.83436537,0.26111925
0.25015548,0.72486925
0.8471049,0.3323831
0.1794193,0.6190307
0.82374775,0.36461517
0.8743184,0.54205835
0.21368477,0.720555
0.13890898,0.35305977
0.76366407,0.16761976
0.20059185,0.85271
0.15072915,0.5040048
0.10681066,0.5402116
0.14396077,0.544811
0.13259673,0.69039965
0.15449232,0.39786395
0.8284925,0.3383614
0.7988735,0.114183605
0.8253263,0.38762835
0.20282999,0.72065926
0.79472244,0.22596325
0.14897132,0.5619085
0.0843824,0.3865626
0.7572094,0.23895982
0.13787459,0.6888245
0.21077158,0.67770535
0.93365407,0.69156617
0.2212218,0.705522
0.8292497,0.25405282
0.17352349,0.6225941
0.8363703,0.58719194
0.7307205,0.2732831
0.84938943,0.45045075
0.84022146,0.50071377
0.14957538,0.5341952
0.7686056,0.14833693
0.14329484,0.59078914
0.17182356,0.7270327
0.17112233,0.6643032
0.86159354,0.53384864
0.21797147,0.6385422
0.16634263,0.5121115
0.7481006,0.26936835
0.8521575,0.16490963
0.13590734,0.68189603
0.17260332,0.6001386
0.16997173,0.6531052
0.76471037,0.17551976
0.8418306,0.43951342
0.14906135,0.47667912
0.16050354,0.6101048
0.14229575,0.52658075
0.15220301,0.6430049
0.14703897,0.50902337
0.8490166,0.46655345
0.9168039,0.5882139
0.85155976,0.310603
0.81687427,0.22771803
0.14182377,0.5746781
0.8115702,0.34605554
0.8761516,0.25544184
0.7909327,0.23542441
0.11362861,0.49087545
0.1805469,0.7223199
0.8043759,0.36144292
0.14585108,0.54849267
0.20812927,0.7612601
0.13574591,0.5437185
0.84907174,0.40341738
0.811314,0.36054274
0.15176989,0.59073395
0.18696585,0.777174
0.7748857,0.17541857
0.15954411,0.57375824
0.13551746,0.6460287
0.2189202,0.9374233
0.8198025,0.3357722
0.20379339,0.6404884
0.1373669,0.6170591
0.19151075,0.6032434
0.808993,0.22407706
0.746035,0.23042466
0.21709415,0.5787589
0.19009838,0.7132696
0.13902599,0.6800296
0.15413298,0.590723
0.1651107,0.60066164
0.2254042,0.73802483
0.85687053,0.43969387
0.19705118,0.6956964
0.83662176,0.27798104
0.14539497,0.7157585
0.82314765,0.26952824
0.14270388,0.54833984
0.7880136,0.2326718
0.108842954,0.35786372
0.24285443,0.61309004
0.83958054,0.25363407
0.85773957,0.4984969
0.8352288,0.5150928
0.21929938,0.8118376
0.11805731,0.5918299
0.14102577,0.5485168
0.87522906,0.54914933
0.8400565,0.29400006
0.14898519,0.52653784
0.7862962,0.2614552
0.83907765,0.3681852
0.1576534,0.62465376
0.8026065,0.48861519
0.7440241,0.23686337
0.8243173,0.43777177
0.84560806,0.44021866
0.80027044,0.3152878
0.83911216,0.40799224
0.81578356,0.41177732
0.85392326,0.26662362
0.7900677,0.24181932
0.20110309,0.70407784
0.18513186,0.70417726
0.14285341,0.554153
0.23614159,0.83701247
0.9044717,0.58644295
0.2260979,0.75791085
0.8275815,0.24889538
0.8827407,0.29679826
0.766072,0.24104005
0.8193992,0.36755878
0.08727141,0.43720672
0.13873567,0.6186185
0.172946,0.513246
0.8536825,0.35899472
0.7941017,0.26623595
0.14520141,0.625027
0.7823034,0.21830505
0.18486255,0.6341285
0.18201916,0.6336169
0.828654,0.27473214
0.842397,0.36255595
0.08056768,0.38244328
0.08119593,0.40738863
0.12518978,0.6004584
0.7493079,0.44756234
0.1522978,0.5885363
0.21294825,0.73426694
0.762847,0.23781611
0.92586994,0.672123
0.9538489,0.70831627
0.7936198,0.25189155
0.16776134,0.55924433
0.85477,0.3541671
0.13597278,0.70108557
0.74207425,0.2035962
0.8895083,0.44526222
0.7656214,0.2567875
0.18920676,0.6671513
0.7728019,0.21458086
0.14630482,0.67174894
0.15744358,0.36567742
0.7780639,0.29770586
0.8470192,0.3957894
0.85042703,0.31928357
0.13574076,0.5520386
0.14863855,0.4690288
0.21269916,0.8518786
0.17205518,0.54991764
0.21637586,0.7362972
0.8500145,0.3604236
0.8555851,0.4935957
0.807061,0.3364656
0.7435037,0.2630799
0.8165367,0.22337402
0.20117845,0.66988724
0.85931695,0.5301858
0.8754496,0.4532647
0.10950175,0.31492642
0.7873806,0.21111116
0.13139457,0.63202596
0.78330207,0.21684244
0.20366845,0.6040012
0.8400708,0.5052917
0.7927949,0.16999042
0.77798456,0.29815573
0.21692201,0.6858371
0.8121148,0.23233801
0.12811528,0.61318904
0.8394675,0.26101062
0.87213737,0.3512581
0.7914757,0.23941757
0.1932797,0.76815563
0.23248352,0.77924937
0.83119076,0.44613653
0.19395514,0.88106674
0.802574,0.24825102
0.8269362,0.3126092
0.7642031,0.22606532
0.8282839,0.32597372
0.86919445,0.34250394
0.8247627,0.28464052
0.83516055,0.34188104
0.75696826,0.24761237
0.21608593,0.81402254
0.83951235,0.31163546
0.16178423,0.5629974
0.14690927,0.5464852
0.7627645,0.26427224
0.21451212,0.6235692
0.175954,0.72871566
0.16011286,0.56129956
0.7898166,0.15284432
0.78401405,0.33019203
0.14765175,0.62876606
0.8146516,0.40363422
0.15418136,0.59730715
0.20939331,0.63275045
0.12705074,0.4094045
0.77989787,0.17157392
0.779318,0.16612649
0.21082036,0.7874337
0.19133148,0.6891394
0.17709666,0.6760194
0.8852216,0.47986364
0.8418762,0.35392314
0.1986468,0.73373556
0.22014894,0.6801908
0.7432296,0.20368162
0.78177506,0.22955866
0.756649,0.09853735
0.22740318,0.76824373
0.1493366,0.6582355
0.88903826,0.5286443
0.7720265,0.19092728
0.85422623,0.42955157
0.18090743,0.57809395
0.86891836,0.47313845
0.18363976,0.64175344
0.8371929,0.3327598
0.83805555,0.4539888
0.8492518,0.5370205
0.15190277,0.58106995
0.86345845,0.49842548
0.8802559,0.33726326
0.8346148,0.388083
0.1383311,0.572763
0.16841894,0.6588264
0.23233598,0.92199785
0.2134948,0.83954346
0.78690064,0.2572667
0.1214413,0.5306987
0.24570695,0.72713345
0.8636782,0.38247353
0.85477,0.4137345
0.20773938,0.71210134
0.79054916,0.2993152
0.12551263,0.6238811
0.778969,0.28009763
0.8373789,0.36583686
0.8751255,0.48307183
0.13979504,0.63653076
0.8722754,0.40761554
0.23558553,0.7272938
0.15324533,0.5814397
0.05484666,0.31153908
0.17439805,0.551923
0.15412861,0.6493258
0.82929534,0.3160132
0.18909016,0.6473301
0.19559558,0.66577494
0.20782189,0.7341911
0.77931285,0.24107686
0.12909533,0.44955105
0.8648117,0.3531237
0.7871454,0.17556094
0.85841936,0.47500977
0.86573946,0.44318417
0.11384993,0.527972
0.7631191,0.2306231
0.12241065,0.49668646
0.100233056,0.4347778
0.8396043,0.42716426
0.12143059,0.39445996
0.16484378,0.6481413
0.7896956,0.19771948
0.82815623,0.47528267
0.77150613,0.34064752
0.790387,0.2533765
0.8002684,0.23329249
0.86917937,0.4544461
0.7892479,0.2522455
0.852543,0.3669635
0.8401802,0.39807683
0.8389043,0.36369574
0.7570012,0.21923062
0.1994115,0.75716835
0.8283129,0.3109048
0.21088898,0.8094271
0.18678658,0.69995236
0.8428273,0.33108124
0.218215,0.5874565
0.17834523,0.5917309
0.15483262,0.6481799
0.114313185,0.4629462
0.8452296,0.4233564
0.8276243,0.27408734
0.14854772,0.64525557
0.8575999,0.49818498
0.78067565,0.3172533
0.159063,0.53368574
0.7696257,0.13012685
0.19859008,0.7180433
0.8476574,0.3183488
0.11815805,0.45473695
0.9201002,0.70379484
0.13894825,0.5444579
0.79593927,0.25448692
0.22758761,0.72341454
0.13448744,0.50269896
0.20572852,0.7401905
0.15204197,0.6328569
0.17166531,0.73142624
0.8448001,0.23805352
0.18281637,0.63130754
0.8665458,0.43635955
0.14608826,0.585138
0.7728705,0.21719944
0.14431417,0.51209486
0.80635977,0.30086893
0.15967777,0.54670334
0.1645368,0.5414793
0.21857315,0.7380888
0.80854994,0.22822703
0.11057065,0.59743506
0.19249399,0.78560704
0.78179413,0.33964705
0.86920077,0.35113546
0.20099957,0.7989142
0.886841,0.46857324
0.7675022,0.16305716
0.8517113,0.30049133
0.8376272,0.3351988
0.76537156,0.16860753
0.16905315,0.73812294
0.25865868,0.74004066
0.8032102,0.2838766
0.8187293,0.37998414
0.07606997,0.27563888
0.78849787,0.1962087
0.25293976,0.8329738
0.8327297,0.3144862
0.2515516,0.6928194
0.77021986,0.23232618
0.13218543,0.45639405
0.12640741,0.4771176
0.22700973,0.9232077
0.78289515,0.19058956
0.13941745,0.6690313
0.73286825,0.27816197
0.14793652,0.7201586
0.24456903,0.6978213
0.17725928,0.4746764
0.75733954,0.19655299
0.79895043,0.44904906
0.82883006,0.3877466
0.1362532,0.56293607
0.7985804,0.17573747
0.8371897,0.39065474
0.8712636,0.34652555
0.15521733,0.63452625
0.83535016,0.4784225
0.22831185,0.6544491
0.064429075,0.3385918
0.75007457,0.20948999
0.7736705,0.15015171
0.7753938,0.22861557
0.19414909,0.71744937
0.78356266,0.28915933
0.12429936,0.47107488
0.7921563,0.2588673
0.18919368,0.69861376
0.12214808,0.5691273
0.85804415,0.41643718
0.7582046,0.16377686
0.23974729,0.8185466
0.84888536,0.3815646
0.11157053,0.5475487
0.12502082,0.5055944
0.84409255,0.2877147
0.8015654,0.36966488
0.1423723,0.7301866
0.16883858,0.5709872
0.75899976,0.18657845
0.8733836,0.57743424
0.76124984,0.11865421
0.14767198,0.69156176
0.2080666,0.7582788
0.22227088,0.82972574
0.79393834,0.47433037
0.16336478,0.64070433
0.87088245,0.52378696
0.13248646,0.62321526
0.1464714,0.45190328
0.8992664,0.6066614
0.80789906,0.3653559
0.17435838,0.58101124
0.8683698,0.49381864
0.8517537,0.4174048
0.80834687,0.3434203
0.78746146,0.14255002
0.20822883,0.64670414
0.16440551,0.56819826
0.16165018,0.5863908
0.87342244,0.459989
0.14608073,0.5185467
0.81309164,0.3517005
0.8319876,0.33734736
0.15346347,0.48154616
0.8291014,0.31802598
0.8360058,0.35488024
0.183167,0.8490261
0.81062984,0.26978144
0.23633832,0.7017913
0.19495623,0.79775035
0.09784221,0.54692936
0.7777283,0.20665108
0.80531627,0.34910384
0.1988566,0.7562542
0.8229331,0.34172204
0.24343073,0.77612925
0.7822776,0.17854704
0.8523665,0.3733041
0.12146113,0.53375405
0.7639873,0.19439259
0.8361184,0.44165543
0.14975862,0.723984
0.13882014,0.35488287
0.12112519,0.35087308
0.108543105,0.3907949
0.135147,0.48958457
0.19228774,0.7669077
0.10293644,0.48508635
0.83441293,0.36264226
0.8179273,0.3264201
0.24196005,0.6349406
0.23288293,0.72883743
0.8535484,0.37353274
0.1639605,0.6549782
0.1577125,0.6408016
0.84401834,0.35420522
0.20595895,0.7801342
0.16082202,0.7107412
0.16891512,0.5462035
0.14248732,0.60724443
0.86776817,0.34403664
0.81750804,0.2156628
0.8109483,0.31006026
0.8424315,0.3958665
0.22159702,0.8249621
0.1804172,0.7001994
0.1557746,0.5830078
0.21526095,0.6683313
0.84688914,0.43591538
0.20442005,0.6264129
0.7818889,0.18688157
0.19741568,0.6812543
0.15150099,0.6270008
0.8396789,0.3908225
0.8370457,0.20998585
0.24912703,0.7611633
0.17758293,0.80170405
0.7741024,0.2996284
0.85191315,0.46336454
0.18117674,0.5855546
0.16137214,0.79714805
0.93600404,0.58612317
0.7490199,0.22004975
0.8673295,0.38820478
0.13781945,0.5612549
0.16060428,0.7354755
0.1935141,0.7640845
0.7492016,0.20776588
0.15676934,0.7326326
0.0924632,0.49598387
0.77138114,0.26169002
0.81668586,0.295259
0.75841594,0.2711998
0.8593086,0.36770946
0.8343757,0.50150836
0.18719628,0.646115
0.18514217,0.7371663
0.9059019,0.6214907
0.21276501,0.82054317
0.8352173,0.39904973
0.82862145,0.3728262
0.90593684,0.5636142
0.8245148,0.52991205
0.8209262,0.35033384
0.85218364,0.5134291
0.86991906,0.35305977
0.164442,0.7453164
0.84951955,0.5109459
0.8395675,0.4408284
0.22276269,0.881037
0.817025,0.25614488
0.15816861,0.75216204
0.14854653,0.6346892
0.17852412,0.7317951
0.8541878,0.35728857
0.18171178,0.5767934
0.19318014,0.7928715
0.21894123,0.829982
0.83330876,0.38701904
0.13931711,0.6919464
0.78218,0.21940365
0.7788444,0.32969046
0.87316066,0.31747273
0.15948898,0.59281987
0.10623119,0.48988727
0.23942682,0.80774856
0.1495952,0.62501913
0.23260133,0.73539746
0.14317466,0.45392177
0.13978314,0.47231847
0.86074674,0.3871395
0.83180714,0.33737758
0.17293173,0.6726513
0.20649518,0.8047563
0.14400837,0.55955225
0.76935285,0.21314454
0.8387528,0.3709825
0.83389693,0.36869812
0.9315833,0.6083851
0.16037662,0.7365649
0.17190051,0.70498633
0.11996982,0.4726334
0.9078977,0.6125
0.1568661,0.59742016
0.2254387,0.7540184
0.14352052,0.58071077
0.21697278,0.6747236
0.11733426,0.44986072
0.1403063,0.5369596
0.14709885,0.6309843
0.14735112,0.31814292
0.15143514,0.6178064
0.14555877,0.56138194
0.86709076,0.41670918
0.7821471,0.2915624
0.8872392,0.643902
0.8023975,0.29018563
0.23749368,0.75118697
0.13472262,0.5608581
0.18072538,0.65130484
0.11350288,0.52097386
0.8239532,0.46893942
0.137896,0.66377574
0.85073954,0.41952008
0.1559388,0.576238
0.7979787,0.32268712
0.14533706,0.59455144
0.8448033,0.4702518
0.16596346,0.6967915
0.83616126,0.41537055
0.19262367,0.7558902
0.1281819,0.50963175
0.2055897,0.77652395
0.7802302,0.23737806
0.7624151,0.30469605
0.9025124,0.47486696
0.20965111,0.8992374
0.14100395,0.6127085
0.74887,0.2545719
0.7918279,0.2548921
0.16580401,0.6954564
0.90661824,0.5411411
0.10954934,0.560901
0.87247056,0.39367282
0.8309865,0.3283702
0.13927706,0.6560672
0.8413765,0.40708727
0.14332578,0.51587075
0.8025974,0.46087122
0.22790174,0.791185
0.78709024,0.24597104
0.80248713,0.29552224
0.14653288,0.64216125
0.86080426,0.41678497
0.7902624,0.24565609
0.80755955,0.25596926
0.17223486,0.67155397
0.1203252,0.41722125
0.23140986,0.8396363
0.8582686,0.42952746
0.18638836,0.5197228
0.8334444,0.36804324
0.8429447,0.34879985
0.77221686,0.23316853
0.23808543,0.7532843
0.1844338,0.63515264
0.21126974,0.5787974
0.79349726,0.15822913
0.74981123,0.1437371
0.16037264,0.6965191
0.22935694,0.7675126
0.73379594,0.25281626
0.87043667,0.40324655
0.20696637,0.8189364
0.9508504,0.65213275
0.16413066,0.44527054
0.15477669,0.5644535
0.8363893,0.45656094
0.8389297,0.36119324
0.82844335,0.368045
0.7775832,0.22451423
0.23534358,0.7956793
0.15787987,0.6582403
0.14252579,0.54807436
0.15864892,0.5512825
0.8148162,0.2862166
0.21929184,0.72216
0.21041025,0.7780921
0.19390993,0.7157318
0.8326139,0.31774563
0.9211783,0.6634656
0.81327134,0.33363062
0.13337132,0.5447527
0.89244646,0.4034349
0.7761962,0.10642333
0.14455135,0.5242793
0.12376313,0.48985702
0.73336643,0.27691442
0.8548874,0.6467786
0.776732,0.17476721
0.8385073,0.37466288
0.7537386,0.17998993
0.14921722,0.5835282
0.1483867,0.6092524
0.87712413,0.54391783
0.86915594,0.45757675
0.15851328,0.5540071
0.14902803,0.6149854
0.16131027,0.6898346
0.7919572,0.35882652
0.7998833,0.36318105
0.13710237,0.5653365
0.12918894,0.567136
0.13612151,0.44723776
0.7789793,0.20984523
0.85100406,0.36804062
0.8302345,0.30665016
0.80362904,0.34520444
0.064930804,0.47178274
0.14760257,0.645401
0.8009943,0.49016804
0.8863805,0.52427447
0.83193326,0.35909328
0.14820306,0.65410125
0.8068472,0.28098643
0.14092939,0.56087905
0.12702654,0.47921973
0.74855274,0.20259485
0.8097077,0.35523373
0.8486636,0.5230756
0.1796069,0.7242735
0.19732209,0.66443896
0.13762194,0.61226434
0.12152855,0.3590968
0.7803127,0.17260945
0.7963185,0.27314776
0.16390894,0.52758646
0.13508315,0.4985744
0.13829897,0.52979857
0.8671665,0.5699193
0.874978,0.41717613
0.120089605,0.5877474
0.8357662,0.25440764
0.2401455,0.79022485
0.16626528,0.68956476
0.1189033,0.5047367
0.8109249,0.25415137
0.17053334,0.71792066
0.14538506,0.44524643
0.204614,0.72967935
0.18151863,0.6717244
0.22457288,0.8587593
0.8460761,0.5089287
0.14837004,0.50039667
0.15029684,0.57615256
0.10617844,0.3598169
0.8395175,0.30071518
0.110599205,0.57111603
0.11106166,0.57256943
0.20908831,0.69004226
0.18548565,0.7636921
0.8515816,0.4075954
0.78088623,0.29933712
0.88318926,0.44729865
0.8202789,0.3886161
0.15507536,0.55728364
0.11605396,0.51148075
0.86393917,0.33476338
0.20101306,0.70677525
0.1413859,0.62067074
0.1404221,0.511362
0.84911853,0.34793997
0.891702,0.6260459
0.8543139,0.3977943
0.8194642,0.4474581
0.8336586,0.33746126
0.15512295,0.66633916
0.84876275,0.3854986
0.1249998,0.6691321
0.13743751,0.5306186
0.7746862,0.34345227
0.87604254,0.37502426
0.8000951,0.31398728
0.21194637,0.76499
0.7616512,0.20061272
0.83717144,0.4348067
0.8215108,0.42630002
0.078586146,0.36582986
0.22074744,0.9439317
0.8000705,0.1812401
0.17365794,0.6282194
0.23679364,0.75670844
0.7642721,0.35520658
0.8601629,0.4845077
0.05110769,0.22302665
0.20425941,0.8018197
0.7613625,0.2008024
0.81288344,0.17444175
0.86193305,0.34081924
0.7601492,0.20868576
0.86222655,0.42713842
0.16508573,0.5386425
0.19586211,0.62135273
0.8402326,0.3607092
0.15053204,0.5503754
0.21514355,0.7647118
0.81222504,0.45068642
0.7804698,0.34218153
0.78877586,0.3014756
0.20678075,0.65269077
0.11656204,0.34721854
0.78605145,0.2597009
0.8052976,0.19214942
0.16650009,0.4659446
0.18746917,0.6885932
0.85855186,0.4926583
0.14367244,0.40643546
0.7813094,0.23457725
0.76045775,0.31698126
0.19880347,0.69758
0.24162649,0.6104706
0.8041534,0.33808327
0.13978751,0.45190898
0.81291556,0.5218167
0.7808216,0.35582948
0.21241677,0.7098415
0.75037324,0.13893051
0.13750097,0.58230174
0.7685854,0.26626924
0.15590747,0.5317715
0.85986865,0.35523066
0.13316944,0.4820823
0.8252188,0.18887027
0.21266584,0.85812324
0.22742103,0.663237
0.8297304,0.37063557
0.84037143,0.3935909
0.7779453,0.3349605
0.75470793,0.3479702
0.14314413,0.60094106
0.14715835,0.5286334
0.19120733,0.695321
0.85712796,0.29351604
0.88071156,0.457621
0.86423504,0.63261557
0.8501121,0.30195832
0.90473306,0.4902298
0.8130151,0.37817636
0.7734059,0.2166554
0.21141529,0.7754271
0.13950987,0.48471886
0.85284203,0.29371753
0.84487826,0.33700788
0.8263353,0.45405757
0.8101487,0.41386852
0.8272412,0.36414605
0.14050896,0.42158455
0.8527179,0.3545333
0.19940634,0.76908123
0.14378586,0.38118175
0.76295173,0.24661233
0.17204964,0.66832787
0.79399186,0.30078965
0.13749185,0.72732097
0.81579983,0.19349287
0.18089592,0.70336384
0.86274296,0.34856594
0.8470133,0.4801164
0.093413115,0.50628823
0.81291914,0.47949174
0.10356786,0.30729756
0.122522496,0.57083875
0.20874482,0.8152333
0.1013785,0.34759
0.12758817,0.5532537
0.1439699,0.4799359
0.8514931,0.29456997
0.09254967,0.33733553
0.16043572,0.6572096
0.13573045,0.6774911
0.80145556,0.2661545
0.8364175,0.36395156
0.77019405,0.22673814
0.12142583,0.5627381
0.12044022,0.5438832
0.15627553,0.67766064
0.13404162,0.4574449
0.17470066,0.5933985
0.16780695,0.7326974
0.8527679,0.5321136
0.8730988,0.4308048
0.84238505,0.4118369
0.7772809,0.18711855
0.25812206,0.7304709
0.18210682,0.6429747
0.86599207,0.68978465
0.7569258,0.1594933
0.855455,0.3447458
0.79508734,0.23509327
0.7951976,0.24320702
0.16647272,0.71561
0.8603878,0.4177951
0.8664351,0.42231125
0.11362385,0.49581477
0.19414195,0.6152531
0.11010065,0.43871883
0.82482415,0.35116306
0.79156137,0.21473067
0.8460828,0.20268421
0.19818236,0.8569642
0.16997887,0.63620305
0.8218055,0.26397437
0.12706661,0.5132872
0.21266426,0.662597
0.1956527,0.71986204
0.14370932,0.4595422
0.7841366,0.17989488
0.12568675,0.51915425
0.13931236,0.6264541
0.7861363,0.25933513
0.80780506,0.44304135
0.14931162,0.5621441
0.21539304,0.7997557
0.8409247,0.40592033
0.14885749,0.53668016
0.812325,0.24426445
0.1766235,0.569861
0.21905307,0.7403114
0.15521972,0.6858327
0.09424206,0.32461405
0.8482198,0.23848324
0.08687359,0.46000084
0.8404599,0.46078274
0.09264803,0.44224152
0.11831075,0.6494669
0.7538631,0.22592953
0.15583608,0.67079663
0.8306982,0.27653727
0.18258911,0.7980806
0.81732243,0.39490676
0.8178111,0.44050163
0.12721613,0.5557181
0.16573857,0.6256998
0.79187155,0.37824252
0.20440021,0.66327775
0.15954728,0.6818098
0.86717004,0.4003012
0.21538034,0.69247204
0.7802362,0.3226648
0.12944198,0.6526391
0.83166116,0.40419886
0.08926365,0.44080782
0.873896,0.45102108
0.7898317,0.32949597
0.7961701,0.22026834
0.1772573,0.6880185
0.83870125,0.46518153
0.9430941,0.7234474
0.2141516,0.728473
0.2122589,0.6990632
0.83844227,0.3129824
0.7854379,0.30701196
0.84930295,0.55927235
0.77287287,0.13609861
0.11565179,0.5585693
0.81523144,0.3761198
0.799399,0.39397594
0.88154763,0.51401436
0.84382164,0.29791218
0.21318899,0.7072895
0.91541886,0.5662345
0.15262026,0.6056281
0.15688118,0.5197491
0.23306419,0.72444916
0.81227106,0.33399594
0.17775348,0.7255653
0.16721162,0.62999433
0.8629508,0.49298638
0.78698593,0.29333118
0.8289344,0.40612182
0.13576534,0.5286496
0.92468756,0.57870805
0.19431211,0.6724892
0.17744371,0.57318354
0.17972271,0.64845145
0.22616254,0.6862427
0.81068414,0.25606516
0.78535616,0.3511819
0.8748138,0.4522555
0.8114734,0.18570632
0.7940359,0.23316064
0.13471112,0.6165983
0.15773511,0.558554
0.1726771,0.5014492
0.8238485,0.31279406
0.15791675,0.6651074
0.08928427,0.5570979
0.17796963,0.66898316
0.89377236,0.5539524
0.21238543,0.6205853
0.75498354,0.22428119
0.79363096,0.258378
0.15218396,0.627975
0.8499292,0.55352443
0.16186395,0.60776746
0.13160913,0.53501254
0.23546137,0.73360676
0.78490126,0.32994717
0.16030681,0.5456761
0.20439903,0.58413446
0.81777537,0.4173636
0.75034267,0.1879333
0.12995006,0.6233086
0.76893044,0.30032226
0.7819627,0.20558883
0.88874,0.61993086
0.16429883,0.58607674
0.15031269,0.5333721
0.74341327,0.3635512
0.88030344,0.40382347
0.8613294,0.27466074
0.86814934,0.37558714
0.19865394,0.695968
0.78556323,0.27628586
0.82571656,0.25843757
0.8194872,0.28712553
0.21327981,0.7198857
0.87686276,0.5436598
0.12508705,0.5341632
0.106671445,0.35108772
0.21684428,0.78589225
0.16418579,0.68837243
0.14313738,0.43528593
0.19422168,0.7858116
0.877088,0.4683459
0.7972775,0.2683679
0.22389346,0.8616249
0.14693268,0.48444375
0.19346492,0.704416
0.8013695,0.2654878
0.19011582,0.8104622
0.7933077,0.3491529
0.16876678,0.7069106
0.783778,0.21020794
0.77311003,0.16056123
0.89759105,0.53531086
0.146776,0.6390757
0.8100789,0.29666683
0.85134876,0.2830163
0.76675415,0.19192383
0.2092767,0.78183335
0.19992551,0.747175
0.17107315,0.45206976
0.8429007,0.2991943
0.10565569,0.55469924
0.85251045,0.5227681
0.7767249,0.25185564
0.23339656,0.6857144
0.8273951,0.45087567
0.8616387,0.28933015
0.11920395,0.3481638
0.87682426,0.48535356
0.78320414,0.14484182
0.15588169,0.53852165
0.16101716,0.6156162
0.2110508,0.7429979
0.8401366,0.38656348
0.8717868,0.39072132
0.77654165,0.21193029
0.8601744,0.42252982
0.86396176,0.52108777
0.18670607,0.7633057
0.8375998,0.5135544
0.8510949,0.33851385
0.84203327,0.4942628
0.854722,0.38407543
0.79546374,0.3074224
0.12653196,0.39583585
0.18328121,0.6061191
0.15881352,0.6310229
0.79193777,0.31510428
0.14933899,0.52333313
0.85319227,0.34892556
0.86349577,0.3814266
0.8184429,0.34745243
0.8463255,0.35519344
0.16492192,0.6244124
0.16947396,0.6544701
0.8635374,0.3454747
0.16990827,0.46672955
0.1633259,0.6012411
0.17810687,0.5523838
0.10343856,0.33274096
0.8103407,0.46302593
0.77449226,0.14960767
0.14654517,0.44078678
0.8028691,0.30816662
0.7756647,0.13100335
0.88012654,0.4462789
0.79128414,0.25081486
0.22765504,0.79664034
0.7864033,0.21491377
0.88065207,0.46181124
0.82118356,0.34334716
0.1168361,0.45353454
0.8701614,0.48456553
0.78009456,0.28045377
0.13927348,0.49734047
0.777791,0.12496194
0.8334995,0.32934487
0.7827789,0.21314016
0.8319261,0.28138196
0.1902368,0.563248
0.2299146,0.83105606
0.9383171,0.7092449
0.8376391,0.3351817
0.1663676,0.5563182
0.77674115,0.2991654
0.826655,0.57538074
0.20457314,0.80485487
0.92496365,0.6833705
0.8292794,0.42460918
0.81893474,0.32934004
0.17657709,0.5380074
0.1524041,0.5939395
0.77365184,0.2274596
0.77461445,0.2681585
0.8017455,0.35967192
0.15099886,0.48076338
0.80533844,0.33800223
0.21351422,0.7560207
0.14066999,0.71480536
0.7552565,0.2144661
0.21049275,0.78752565
0.22783431,0.6617065
0.7812662,0.2333858
0.80571645,0.29447404
0.8655923,0.45012355
0.7472367,0.12906373
0.84672254,0.37194705
0.23675159,0.6497796
0.7535506,0.17481278
0.17363891,0.6659493
0.08542036,0.4435048
0.8306434,0.3924082
0.7585639,0.23568198
0.7628688,0.24031116
0.8425842,0.4159768
0.8382507,0.42987308
0.8662586,0.56654114
0.86020255,0.5399409
0.8586232,0.3594319
0.841687,0.42606217
0.20791271,0.81438
0.9320894,0.56346
0.84763163,0.47369915
0.842725,0.39387518
0.16929033,0.74338377
0.8602288,0.37440398
0.8585225,0.34710684
0.83657694,0.43633413
0.78624463,0.25692415
0.14244409,0.56920964
0.070260234,0.3074097
0.14825581,0.7056819
0.17867523,0.6936968
0.84289193,0.2005019
0.1966264,0.59084344
0.8482781,0.5308227
0.8457699,0.31691775
0.09658055,0.4104978
0.89403576,0.50042206
0.7705332,0.21336925
0.77108294,0.25510588
0.18251415,0.5797769
0.18462895,0.66057724
0.83491266,0.4028361
0.18235709,0.6426983
0.86999047,0.49310946
0.8554808,0.52526665
0.15507813,0.51451105
0.9185098,0.53035223
0.16543277,0.64027244
0.82043236,0.44552854
0.85358965,0.42860934
0.86773485,0.37577417
0.81390035,0.34965885
0.23063804,0.8385373
0.84428567,0.26918307
0.86275643,0.45283237
0.213235,0.746733
0.17721605,0.65194523
0.85211426,0.4023153
0.8605837,0.5317746
0.12877525,0.5577401
0.77514553,0.20920789
0.79876524,0.282117
0.22627954,0.58546525
0.79327756,0.2925125
0.8382709,0.40002656
0.85951126,0.65231323
0.8100293,0.34522504
0.8139773,0.2266558
0.15856722,0.5151519
0.17033187,0.629905
0.7506346,0.29790166
0.7777767,0.18741861
0.16778198,0.65779394
0.11517148,0.4097273
0.8022361,0.23796767
0.22589602,0.7747744
0.2382766,0.779694
0.83792424,0.5879831
0.8628707,0.2366321
0.8628615,0.557394
0.80579734,0.31445903
0.14879918,0.5394389
0.8474226,0.3564458
0.12854998,0.65639573
0.08272888,0.41827604
0.8707191,0.4080974
0.20357287,0.77705306
0.16856807,0.48214144
0.806754,0.4502633
0.8025752,0.31443056
0.8427575,0.38081422
0.19232185,0.702871
0.16348971,0.62498057
0.14977527,0.563184
0.80406094,0.32234415
0.16485608,0.42592025
0.86976874,0.33762726
0.15754671,0.70624083
0.84762365,0.33189425
0.79731756,0.28022555
0.15192933,0.5553379
0.78280157,0.1259725
0.19961655,0.76597863
0.16897064,0.7920046
0.18813272,0.6499951
0.8205268,0.2651124
0.8272797,0.28533044
0.83674115,0.43461308
0.8479489,0.38539916
0.16168112,0.6503727
0.8075199,0.32368368
0.83974993,0.39472103
0.8432069,0.34385177
0.13617387,0.5709995
0.14648607,0.6268501
0.8480758,0.32698032
0.7719123,0.20960388
0.8644722,0.42014736
0.81234086,0.42648092
0.8693705,0.6642366
0.93571967,0.6155505
0.19354305,0.6988354
0.12440368,0.6317517
0.8642319,0.32133755
0.89636195,0.41513577
0.16495524,0.6824405
0.14634687,0.4723268
0.86586356,0.36660692
0.14305568,0.4973019
0.16071771,0.5157805
0.82304096,0.37293658
0.12014751,0.5445587
0.8157102,0.34163618
0.23644342,0.7459822
0.87596834,0.41862735
0.92320144,0.54360944
0.83093536,0.26515138
0.1552681,0.54422796
0.20832282,0.82396597
0.13419393,0.46848476
0.17087682,0.736949
0.13918385,0.44779494
0.89223945,0.54942966
0.83190113,0.5091364
0.12861185,0.66243887
0.15742733,0.6312603
0.15680423,0.55655783
0.16837016,0.51476073
0.05245264,0.3525985
0.86700904,0.4240739
0.13634957,0.42784497
0.18593502,0.7132433
0.14329723,0.5466157
0.82115304,0.36080864
0.14459816,0.4295174
0.05135637,0.29410872
0.20014921,0.6152982
0.19930679,0.7003256
0.16559142,0.7321192
0.15570876,0.53438133
0.8245021,0.33654532
0.16223916,0.5963172
0.13027251,0.6978428
0.22438726,0.9039936
0.21483934,0.84151286
0.7503189,0.1929738
0.8452348,0.36633316
0.8467079,0.5000637
0.8676742,0.32291797
0.8283323,0.3344769
0.23932528,0.9005953
0.15934183,0.6150529
0.14343406,0.47054878
0.12249988,0.6278094
0.75361127,0.029730901
0.16158275,0.5523588
0.16892742,0.45184898
0.14025155,0.57680523
0.8814497,0.45841777
0.15486713,0.6055107
0.85300267,0.42693868
0.8513051,0.32017848
0.8392026,0.23160036
0.87166303,0.42363542
0.11333789,0.5189554
0.13605449,0.5237957
0.18793043,0.76494306
0.21329212,0.62623817
0.7704876,0.10500979
0.17365794,0.47774005
0.19933018,0.6905626
0.166838,0.66157377
0.20092183,0.67988765
0.1588877,0.75547534
0.12055484,0.44898683
0.21971028,0.7348
0.775959,0.3014165
0.787774,0.21168455
0.7892126,0.41167703
0.858983,0.46698403
0.82967967,0.26348114
0.7635649,0.30731115
0.78181237,0.27473825
0.7476512,0.22937338
0.8456108,0.40438938
0.8655273,0.39811847
0.12946379,0.55293393
0.096286654,0.5068533
0.17201355,0.728915
0.86071146,0.45073855
0.15622397,0.7303031
0.75275695,0.27123308
0.08541362,0.41682923
0.11869428,0.7081673
0.09774543,0.4027196
0.06957764,0.43093184
0.80028313,0.36166063
0.19868885,0.7426365
0.16175964,0.5467112
0.8067306,0.37743083
0.20229693,0.7110067
0.8594462,0.331461
0.21065734,0.7790602
0.78497225,0.34046444
0.83467394,0.40559182
0.14542115,0.7012148
0.13039784,0.6231242
0.8114548,0.26023528
0.7911778,0.2513497
0.11268782,0.46197727
0.15016714,0.52978104
0.23030885,0.89230853
0.14155129,0.59864926
0.8874435,0.6088941
0.7839565,0.2563661
0.17888702,0.6162207
0.19336537,0.77959806
0.84488577,0.42514184
0.79192585,0.23008563
0.10513611,0.55688065
0.16604912,0.6823827
0.12793362,0.6101942
0.76676685,0.2870804
0.14455372,0.4229613
0.83325243,0.33625445
0.73136663,0.22560713
0.86279255,0.60689837
0.2480502,0.79249036
0.7951623,0.3127936
0.12811965,0.5552766
0.20814157,0.84707814
0.84685147,0.57425237
0.7890039,0.24997164
0.21970116,0.7944396
0.1716673,0.58935064
0.19458419,0.61104745
0.8126328,0.39312133
0.20227829,0.6597896
0.7650816,0.19362429
0.15092508,0.48223343
0.8053777,0.46604446
0.12080908,0.50116056
0.80332005,0.27658984
0.16159068,0.5673655
0.24238642,0.85266966
0.75808674,0.22228023
0.8673351,0.35341412
0.75025743,0.24140057
0.15180479,0.59695494
0.10076968,0.44179472
0.16616772,0.57118696
0.8059306,0.3086336
0.22247949,0.7371404
0.14017779,0.70881563
0.12650618,0.52674544
0.78784776,0.1734553
0.75050926,0.11597079
0.7761954,0.1780135
0.13464569,0.5832882
0.1405173,0.70876306
0.89001435,0.41068092
0.7924355,0.3711494
0.20408729,0.6565298
0.8011414,0.3733952
0.15200786,0.5654066
0.17092799,0.5696262
0.8902214,0.5163193
0.16975358,0.61650676
0.10221855,0.4331991
0.21126062,0.8459563
0.1931024,0.579903
0.87911916,0.3631009
0.85426354,0.21744125
0.15375817,0.5880172
0.78364474,0.25293496
0.15015167,0.7073132
0.19685128,0.7073714
0.8360764,0.44729602
0.17379756,0.7148833
0.7682066,0.21058202
0.73730487,0.21570092
0.83158225,0.3663108
0.15933111,0.50315803
0.7730605,0.13279055
0.84005255,0.3179581
0.13942736,0.6129188
0.7578524,0.26946604
0.17591037,0.6935027
0.8388464,0.6278094
0.1837528,0.6323536
0.786126,0.27436724
0.8477807,0.4562539
0.76657134,0.25311807
0.8292156,0.46606898
0.80181485,0.17071012
0.22595233,0.81824696
0.13015908,0.43871662
0.8542794,0.39247346
0.22135031,0.63395685
0.22974445,0.7834081
0.73151934,0.28966132
0.18641256,0.6016866
0.13872138,0.6289982
0.77198917,0.19375701
0.7631199,0.25548038
0.7197539,0.33989236
0.23799936,0.73574
0.7593008,0.22145805
0.8625256,0.43100366
0.8747424,0.3738709
0.8729441,0.5398458
0.16410646,0.5636685
0.8581675,0.49341697
0.8899846,0.47023603
0.75881654,0.2369466
0.1479516,0.5362465
0.18015304,0.6506434
0.88438153,0.36604625
0.7801267,0.14391406
0.17021883,0.61090815
0.19463933,0.6603897
0.8497262,0.32483745
0.8943713,0.61421186
0.16454948,0.5576319
0.8192314,0.32442307
0.14660308,0.73312366
0.8729707,0.38811237
0.8479608,0.3942278
0.058292918,0.37039334
0.8627136,0.4935256
0.8077995,0.27439
0.16252513,0.7299693
0.24865307,0.74471366
0.22353412,0.64065003
0.7813436,0.21945271
0.8387536,0.33378875
0.17916824,0.6038527
0.03872828,0.2970405
0.1425841,0.5367844
0.18239874,0.5977855
0.17354926,0.7179978
0.762753,0.28112397
0.107590415,0.39066482
0.79034054,0.18550657
0.19998936,0.6526023
0.80161417,0.37310347
0.9042139,0.6051607
0.8175802,0.2895299
0.16144513,0.46443686
0.19687587,0.51869345
0.8350285,0.372011
0.15369074,0.5011137
0.7754997,0.24150132
0.82570547,0.40682268
0.14968325,0.5740929
0.8349488,0.27548644
0.8422744,0.20698617
0.18560661,0.5797576
0.8491364,0.45232818
0.15459187,0.5836491
0.12633285,0.51467884
0.20142594,0.7114202
0.104196906,0.49699003
0.1071581,0.34176803
0.15438245,0.6421543
0.8983141,0.4173413
0.22284637,0.7881056
0.21004893,0.9211073
0.8514011,0.30965507
0.19082579,0.62657106
0.83093494,0.38534048
0.8991173,0.58161837
0.78598166,0.29320416
0.11383803,0.4702947
0.206657,0.7053236
0.8161988,0.4146053
0.7722545,0.28052825
0.20902088,0.7589959
0.85655165,0.54715097
0.22482473,0.7076119
0.17490096,0.58175945
0.122099295,0.4257595
0.20016547,0.74577063
0.795177,0.36088353
0.81155235,0.34463236
0.14550285,0.6908123
0.8496266,0.4195586
0.7734234,0.32713366
0.15094294,0.6529501
0.85109335,0.27396074
0.24440365,0.71115565
0.84246635,0.40063542
0.18212862,0.6283088
0.8529753,0.29817763
0.1326233,0.51469153
0.8309373,0.35423458
0.14970745,0.42870483
0.15302163,0.6755861
0.18370877,0.5559056
0.17965251,0.6214561
0.19845642,0.7734997
0.83241117,0.46826136
0.13057712,0.54683167
0.8481932,0.5195853
0.17017598,0.7140506
0.822072,0.30233023
0.7602678,0.33029583
0.24616902,0.67447305
0.15116107,0.61198837
0.12508865,0.5226849
0.81494707,0.115883626
0.7831236,0.39112824
0.8247234,0.39182124
0.26059142,0.71239614
0.81896126,0.24889319
0.18324393,0.7018079
0.80535674,0.3392467
0.8454716,0.49179447
0.8451067,0.36260545
0.90438724,0.5257651
0.804105,0.4516821
0.8405967,0.34718174
0.22280553,0.681186
0.2194481,0.7443413
0.08904471,0.31155616
0.8187011,0.36185378
0.8187435,0.25331825
0.14618623,0.46432602
0.20834464,0.6786506
0.75208664,0.21832915
0.13471429,0.6021124
0.14049825,0.5858621
0.87087053,0.42540774
0.8235903,0.27446973
0.18676674,0.73632395
0.78080136,0.119647674
0.7663151,0.19073017
0.14256942,0.60099584
0.18723832,0.73870206
0.13522634,0.5057696
0.21260041,0.75869274
0.9193189,0.60941625
0.1676023,0.58730894
0.85495526,0.482339
0.84132135,0.30384934
0.8603838,0.38814697
0.2127646,0.83338904
0.7752899,0.36433396
0.15538353,0.5875989
0.8040189,0.33289164
0.15408102,0.52919716
0.85246605,0.47828934
0.12908979,0.51886296
0.85548156,0.46013576
0.19768697,0.51907367
0.790195,0.21060216
0.8392462,0.55683863
0.14088933,0.50187284
0.8233325,0.45684043
0.15695971,0.6016892
0.80177957,0.23381901
0.12431325,0.5637491
0.17468283,0.7731177
0.8609764,0.37202895
0.871268,0.39539737
0.8152965,0.23853229
0.76287794,0.19983171
0.8617022,0.3777703
0.86633396,0.3835603
0.22364478,0.8977463
0.20536402,0.67191625
0.830108,0.51194066
0.1783385,0.7182238
0.14023054,0.53761315
0.757069,0.18375398
0.8547716,0.49264777
0.06901959,0.36816722
0.059125032,0.3025646
0.83618784,0.41525227
0.1456373,0.5239727
0.22765425,0.7468951
0.8639574,0.34943676
0.8600697,0.41749328
0.12643082,0.592798
0.15736069,0.6028763
0.18055205,0.66773826
0.7975888,0.25086305
0.101044945,0.40091312
0.82583475,0.32164416
0.17060395,0.575739
0.13369894,0.6865603
0.76870716,0.17514086
0.854208,0.49829406
0.20172143,0.86517173
0.14673476,0.5172348
0.13324718,0.641566
0.8541049,0.48857138
0.18729742,0.55765164
0.85766655,0.2368568
0.78242236,0.19038105
0.83118445,0.32632896
0.124552414,0.50293857
0.86676234,0.3858889
0.76618224,0.25265548
0.25496534,0.8615811
0.78470176,0.17058966
0.22904956,0.7280262
0.14943339,0.6348162
0.1384965,0.58842856
0.84946996,0.34141716
0.7579773,0.2371148
0.8059124,0.39699796
0.15065816,0.6077149
0.7521029,0.26980728
0.8230132,0.3230358
0.21952426,0.7559778
0.13060884,0.4475571
0.8239524,0.42190826
0.1748617,0.5266745
0.11128933,0.597029
0.78028256,0.28481355
0.19883837,0.7672612
0.16961199,0.65137583
0.15642981,0.4527303
0.15253855,0.6888157
0.77281773,0.1290024
0.1426654,0.58018863
0.14168416,0.605261
0.82409203,0.350902
0.91106474,0.53947353
0.16791207,0.693501
0.17002606,0.6672844
0.112792134,0.58031917
0.16064553,0.7213978
0.8296261,0.31772548
0.84279954,0.34420177
0.16118494,0.44153452
0.08151085,0.33753133
0.16801122,0.57163507
0.12166896,0.51777446
0.8233765,0.25660703
0.14274076,0.54368526
0.16777563,0.6754083
0.773114,0.3367639
0.7666324,0.2180085
0.8104648,0.33198446
0.8695089,0.5858989
0.83235687,0.3408337
0.12912627,0.49842724
0.8335237,0.39053735
0.8264797,0.45487976
0.78250724,0.20096841
0.20833354,0.65656304
0.1949812,0.83224314
0.13968557,0.60730135
0.8598512,0.36827806
0.83347654,0.38202146
0.84294313,0.25186002
0.13618815,0.6999173
0.886444,0.64913744
0.15496191,0.66695374
0.85544074,0.44663197
0.91503775,0.5292484
0.7612506,0.2025944
0.8722905,0.4596053
0.8413665,0.46885183
0.22910231,0.6360905
0.9363594,0.5193317
0.0929812,0.32647088
0.16548671,0.5619733
0.20925766,0.7189615
0.74709713,0.21856436
0.76571697,0.42107904
0.21269916,0.8649829
0.16279086,0.54637915
0.12757547,0.7640723
0.14145371,0.42802632
0.20352328,0.7100824
0.17092521,0.61282766
0.8020588,0.27395898
0.20955552,0.6806043
0.25488323,0.7379118
0.138719,0.60930145
0.21782592,0.7136511
0.1971424,0.68979865
0.82600296,0.47308284
0.12470392,0.6385501
0.77326393,0.17336112
0.86724263,0.43442693
0.16131344,0.5243345
0.8263924,0.38012388
0.83151877,0.54971
0.870911,0.31927043
0.19786347,0.8415505
0.09656786,0.50770134
0.8098687,0.27254018
0.21120588,0.75558573
0.8097457,0.39647537
0.12248918,0.4936351
0.15592451,0.72089934
0.7672432,0.24277687
0.8187193,0.3862726
0.11775349,0.4420711
0.12187124,0.45862016
0.8257697,0.2788996
0.8151954,0.29865378
0.82820106,0.27210915
0.22773199,0.7698754
0.19279899,0.7315918
0.07755334,0.3878202
0.1448865,0.5505366
0.7994355,0.2618788
0.23860501,0.7214206
0.14316198,0.6312454
0.86440676,0.47920704
0.19935398,0.7528042
0.18180856,0.74538076
0.7711773,0.15657948
0.8714084,0.40341344
0.8683825,0.3745135
0.76029676,0.18505408
0.16506273,0.64841247
0.21608554,0.8221363
0.21499006,0.84260887
0.1311431,0.6328096
0.13946703,0.73429406
0.19547738,0.60502356
0.8327035,0.33398673
0.26361728,0.70764166
0.8823425,0.5418731
0.854895,0.48693138
0.80723435,0.23534076
0.77542037,0.3868101
0.84087396,0.57001567
0.17583779,0.4606601
0.22197619,0.7747709
0.25045413,0.7487068
0.7875027,0.22328202
0.8156832,0.23510684
0.17946252,0.45214817
0.18363738,0.64951855
0.09187422,0.4374958
0.15681177,0.66943085
0.8165835,0.46552977
0.8502878,0.3446087
0.83729404,0.24004133
0.78210074,0.13853015
0.15976939,0.63072586
0.81523144,0.34163442
0.76822364,0.20515737
0.23373646,0.7178011
0.22746228,0.817052
0.83310604,0.25464767
0.8378695,0.42945826
0.16080418,0.6021093
0.21575236,0.65408814
0.16306771,0.62555045
0.1411392,0.6417784
0.10450945,0.4501196
0.14596254,0.65131885
0.17684402,0.6159224
0.12892954,0.5281091
0.839757,0.411313
0.80243677,0.23677489
0.15211852,0.60997254
0.17645335,0.5881407
0.07951385,0.34450182
0.7505148,0.23395437
0.8470855,0.5193312
0.83271223,0.4299147
0.18396023,0.64163953
0.84758204,0.39762565
0.15198566,0.6212073
0.22216815,0.7775489
0.83086157,0.4250179
0.1691757,0.5973115
0.13156153,0.65800416
0.16885445,0.4872634
0.83316594,0.33393374
0.15150376,0.47999987
0.19959116,0.85879433
0.21611767,0.8495184
0.76152307,0.19255503
0.15569924,0.5824472
0.73385704,0.34279653
0.85711485,0.50961906
0.11467649,0.42153066
0.16871959,0.56504744
0.20318893,0.72137153
0.8215401,0.38567427
0.86555225,0.39913863
0.1556806,0.62750715
0.8264507,0.44989315
0.77796316,0.24964924
0.7719293,0.28800467
0.12525086,0.5488357
0.82764417,0.44026378
0.7670028,0.24023056
0.79386336,0.35304397
0.17389433,0.6968826
0.12837586,0.62906396
0.7808196,0.24146146
0.87491333,0.46911028
0.08917321,0.40242743
0.8677658,0.42405245
0.22275159,0.88519263
0.12985209,0.5928085
0.8274804,0.22597946
0.15153946,0.48584506
0.7566319,0.14924279
0.79223245,0.18290332
0.13837712,0.4923359
0.15061057,0.46952555
0.81402373,0.504537
0.15085766,0.5954691
0.23933956,0.8819963
0.13888003,0.6557019
0.2043074,0.64833933
0.122501075,0.37151864
0.23482281,0.79710245
0.8366979,0.33036548
0.17777252,0.8463006
0.15716873,0.70518166
0.80275965,0.28405443
0.8353022,0.42021042
0.13290094,0.4708852
0.2191677,0.75496286
0.21573532,0.59603506
0.14554489,0.51939213
0.21784931,0.7965952
0.25468373,0.72528845
0.1823547,0.7611641
0.1416913,0.52887255
0.76970863,0.1592182
0.22975753,0.76027447
0.11258906,0.4233472
0.10177037,0.3470131
0.8398435,0.42679542
0.86527497,0.40079704
0.19595215,0.6421661
0.88330907,0.5132758
0.8022833,0.28059876
0.15163663,0.7339699
0.12678619,0.4319402
0.21860687,0.7279285
0.794914,0.32658172
0.8642485,0.45740592
0.8290633,0.3831297
0.11857926,0.50477177
0.2020772,0.8489205
0.86995435,0.3413887
0.1271499,0.45985323
0.14382355,0.5258155
0.8506983,0.44458193
0.85906744,0.31123334
0.8794852,0.5764347
0.8486124,0.44442117
0.15776485,0.71833944
0.16607252,0.6442678
0.14471,0.570169
0.15662338,0.58990604
0.8270104,0.41583574
0.8131702,0.32538763
0.81822795,0.3590429
0.8419801,0.46236363
0.7987022,0.21866731
0.14543542,0.61311764
0.15029961,0.6627039
0.7950945,0.21984957
0.13767032,0.4235163
0.12783962,0.5589035
0.8165736,0.17196421
0.82349986,0.5653637
0.1366407,0.38997623
0.1650651,0.6766111
0.81240314,0.42044565
0.790193,0.26054543
0.8151747,0.18113497
0.89090204,0.2873476
0.8108428,0.26840907
0.21340476,0.78432363
0.7465125,0.3118834
0.10203055,0.4497052
0.22688678,0.65948564
0.18435408,0.6994565
0.8430201,0.39034462
0.8400315,0.2588756
0.18786499,0.65432644
0.8562883,0.41394782
0.8625823,0.44710767
0.19865076,0.6456791
0.8589564,0.49796116
0.1891806,0.7354991
0.8196419,0.23570038
0.1686958,0.4115894
0.8091877,0.2445794
0.20459457,0.7404682
0.24579698,0.752714
0.8516712,0.3183786
0.11345648,0.34573752
0.12753105,0.49059424
0.74427754,0.2754965
0.8341024,0.502681
0.8130028,0.16472477
0.7509967,0.20925958
0.15756972,0.51577216
0.8588346,0.40343317
0.15671024,0.6048396
0.15869533,0.6323799
0.24187438,0.91566557
0.25598425,0.68621117
0.1723245,0.50754803
0.1949705,0.6572819
0.23673771,0.6526987
0.17283218,0.60958356
0.25170112,0.741166
0.17989762,0.55624026
0.84849226,0.3860825
0.7875959,0.22694051
0.91281265,0.5795583
0.16482593,0.699347
0.18078685,0.6213072
0.8611497,0.30735233
0.1612496,0.6153315
0.81197953,0.30525237
0.85934347,0.34059978
0.9449138,0.666793
0.23788236,0.75665325
0.17225787,0.71088845
0.17182277,0.62374616
0.81014436,0.42989936
0.14477742,0.5943504
0.17477761,0.57339114
0.80885416,0.21855079
0.15324692,0.5759051
0.8467919,0.4223327
0.8453122,0.46613908
0.8413392,0.35056558
0.82413805,0.46887198
0.19612744,0.7886795
0.14425546,0.6683454
0.14626873,0.60541433
0.15785687,0.81063473
0.11565139,0.44976348
0.8261037,0.28741288
0.7809073,0.19576015
0.13426492,0.4650707
0.82259595,0.5192918
0.2308427,0.6968467
0.1785031,0.59672713
0.87168604,0.42759353
0.926497,0.61795753
0.8183925,0.34084466
0.905963,0.68967605
0.89263725,0.62880903
0.085758686,0.34659433
0.10186358,0.5147393
0.1949828,0.7035145
0.21945882,0.7700817
0.8269108,0.33897862
0.7284895,0.21523616
0.8502017,0.33898607
0.13794956,0.5695185
0.18417679,0.6493841
0.20778301,0.7789209
0.855382,0.5332862
0.8175422,0.26393452
0.04583022,0.30339292
0.17081337,0.58921874
0.7602345,0.2856454
0.7937428,0.17453243
0.8791132,0.4036303
0.80224204,0.23710823
0.85330373,0.3119403
0.83706236,0.3169484
0.83986574,0.45458496
0.81228614,0.20100652
0.06614368,0.16114251
0.21233626,0.70862025
0.13786983,0.7129656
0.10084346,0.3558759
0.14031145,0.49583754
0.1731356,0.5587515
0.86884856,0.467716
0.14106146,0.60300684
0.87062544,0.42768684
0.75206286,0.28774884
0.14133155,0.5149141
0.87638164,0.42973292
0.14147355,0.3914857
0.8406058,0.3725016
0.09631482,0.33361703
0.143582,0.49707633
0.87761873,0.36756536
0.8296519,0.37793544
0.14612673,0.44222748
0.13653797,0.6598028
0.8616098,0.42395958
0.12172686,0.28691307
0.86301625,0.5403763
0.8540902,0.3504552
0.112658866,0.55545616
0.74306744,0.2482138
0.84105283,0.45394015
0.22448958,0.79180133
0.833369,0.34787646
0.12434815,0.4639528
0.8432866,0.35389465
0.16147685,0.73633665
0.88933057,0.7249446
0.15541685,0.65426946
0.1372614,0.55015856
0.20236474,0.73179245
0.76311594,0.24554439
0.116536655,0.5240248
0.8098116,0.42037645
0.87309563,0.4870584
0.17547885,0.7372057
0.8979758,0.4139307
0.23242523,0.86313087
0.14184241,0.6012573
0.14493488,0.52180964
0.16077602,0.70266473
0.7981989,0.33746213
0.7592013,0.19124968
0.14528233,0.59484404
0.7953154,0.33699125
0.11811561,0.5268138
0.7800022,0.18764463
0.7612768,0.25175795
0.7854145,0.29248577
0.80285126,0.3469338
0.19772227,0.6839185
0.8347421,0.44713396
0.18905844,0.73372245
0.12449212,0.49397764
0.86811006,0.40627426
0.8636302,0.39044887
0.10797713,0.3151082
0.7470483,0.20481832
0.82087463,0.35787466
0.84301573,0.45788032
0.848879,0.3957592
0.20585385,0.79778975
0.89464176,0.5381936
0.8544202,0.35622808
0.16702601,0.56686
0.80839086,0.32875174
0.8502787,0.24318206
0.1935962,0.744531
0.13406502,0.6472692
0.8552781,0.41318431
0.84366024,0.3071136
0.20787385,0.7270573
0.19161943,0.709983
0.8134284,0.3209639
0.85399383,0.25934258
0.817138,0.35332477
0.7969963,0.3351861
0.79971397,0.2498573
0.77220696,0.29020798
0.7763009,0.23822786
0.8728652,0.43652818
0.8063249,0.41217858
0.20940839,0.7499219
0.1545768,0.62515664
0.20136169,0.77752614
0.82144135,0.36323625
0.76573366,0.2205732
0.20499475,0.6824239
0.794684,0.28516224
0.8139337,0.48406398
0.22500877,0.76462024
0.15433486,0.6460431
0.8261588,0.3835038
0.7764215,0.26027164
0.78169537,0.35065845
0.15706958,0.7509881
0.79807866,0.24539633
0.16451499,0.4905671
0.7565685,0.30547708
0.20249802,0.6772656
0.8543385,0.28296855
0.22556126,0.7669073
0.20585226,0.79261476
0.15742415,0.5288656
0.14579199,0.5568737
0.83670104,0.63092387
0.83322865,0.41954374
0.8565818,0.4153552
0.15930574,0.6209313
0.21151762,0.8465402
0.8571458,0.37261856
0.7774547,0.13737504
0.90917486,0.57409817
0.15052092,0.47194964
0.12624043,0.67100424
0.23560336,0.7916152
0.82164645,0.30768916
0.13188836,0.57844263
0.14524226,0.5713166
0.7894196,0.22059555
0.9058103,0.48988768
0.84336233,0.35237378
0.9253293,0.5210913
0.84771806,0.4063089
0.89181507,0.41260478
0.8153195,0.3297693
0.2133191,0.67373323
0.7644585,0.19228914
0.21177424,0.85231227
0.20342572,0.6687221
0.79457253,0.17951378
0.21603596,0.86226094
0.14607121,0.646811
0.13395436,0.48385987
0.15391047,0.6140892
0.07805983,0.32189253
0.87506527,0.3378774
0.87184227,0.46607074
0.8293199,0.27293748
0.8830755,0.47486696
0.7769791,0.15418428
0.876764,0.45887902
0.08223905,0.42352507
0.20496303,0.59542924
0.7831704,0.27913132
0.14241435,0.5406168
0.78967184,0.43899083
0.84794253,0.5612698
0.16089778,0.6264673
0.8628147,0.37037274
0.1891568,0.7540141
0.14039434,0.5738791
0.08802816,0.43500513
0.14810945,0.4633847
0.14713377,0.56521696
0.23479663,0.77783716
0.21750069,0.681087
0.16966078,0.51697284
0.1995158,0.62015516
0.8396781,0.4276207
0.7793406,0.12489186
0.83619297,0.45244208
0.8560876,0.5314456
0.8715722,0.5854924
0.8142534,0.30933794
0.8493601,0.4162383
0.19880505,0.7755383
0.11580607,0.6308954
0.8207774,0.4393071
0.8688137,0.5866571
0.83571863,0.4069458
0.12867968,0.5231255
0.22213563,0.71896756
0.7866353,0.18666913
0.84357774,0.36759472
0.84363204,0.42797244
0.8896471,0.47749692
0.7514275,0.2661282
0.8282756,0.3917174
0.15114124,0.5926806
0.15889126,0.7705307
0.15565284,0.52561665
0.066805646,0.32936677
0.86854714,0.40882626
0.72924787,0.2916649
0.17789745,0.6416943
0.12389401,0.4534662
0.8217928,0.31109098
0.77220255,0.22467148
0.82990175,0.41423383
0.1591213,0.55258
0.7747307,0.21941328
0.83288676,0.3441895
0.18449765,0.6481654
0.12591323,0.39971423
0.14619099,0.5131663
0.1566678,0.5987115
0.8672117,0.4042326
0.176119,0.6461264
0.21729405,0.74652404
0.77435625,0.25118062
0.18691984,0.6605277
0.8333135,0.31451204
0.7729062,0.38571674
0.17271398,0.65456647
0.14527042,0.54222393
0.22332272,0.65767914
0.7654441,0.13444589
0.13241269,0.64680314
0.80317134,0.20814215
0.8745758,0.46211788
0.7904433,0.42511383
0.12733473,0.7142937
0.22488065,0.63896537
0.81258595,0.44673884
0.1328692,0.54484165
0.73082286,0.25821418
0.2223744,0.8274221
0.84604865,0.50089777
0.859683,0.34657374
0.8574944,0.5257629
0.84272933,0.45938715
0.8599305,0.49681658
0.77911335,0.20844702
0.7891412,0.2751369
0.18520524,0.8363309
0.8423125,0.3908536
0.22671187,0.83018655
0.20883249,0.8522921
0.8384212,0.2336289
0.14165084,0.43766227
0.15472671,0.6102713
0.78076804,0.25636348
0.265529,0.76848245
0.25891253,0.74166447
0.21105476,0.8135153
0.19557059,0.6854919
0.1434416,0.49893886
0.1006503,0.49659887
0.82051724,0.30948117
0.17471297,0.68134457
0.9154808,0.5832549
0.74954945,0.20230837
0.15847719,0.66351336
0.78682965,0.27395767
0.1435586,0.64281833
0.81103915,0.28507286
0.22053128,0.86483574
0.80155075,0.31661373
0.8919551,0.50846004
0.7845368,0.28067717
0.83518714,0.37173417
0.19420938,0.5684352
0.14289783,0.6060661
0.24755006,0.7456957
0.8147428,0.36243418
0.8988119,0.6850425
0.7846375,0.25956202
0.22168784,0.69922435
0.11830996,0.504593
0.13480552,0.47353444
0.20167582,0.73149985
0.16993603,0.62033385
0.14193086,0.5134309
0.1580532,0.49334204
0.8248301,0.33223635
0.91254973,0.64378154
0.1266438,0.42709768
0.16795689,0.5518143
0.75905454,0.29596597
0.75838184,0.28815272
0.8290756,0.35089454
0.15942591,0.48142657
0.8444312,0.38042656
0.15412386,0.60210055
0.15677924,0.50263196
0.76596844,0.23951569
0.16486679,0.63818914
0.1592974,0.48745176
0.7670548,0.33353817
0.7768625,0.31100905
0.19512281,0.80841917
0.8384438,0.444221
0.80014867,0.38643426
0.16843323,0.5467712
0.19335744,0.61099577
0.11345806,0.58771676
0.84140104,0.47407585
0.9438195,0.590822
0.1843755,0.6885678
0.7529481,0.28620696
0.24078564,0.7871713
0.16295506,0.64793545
0.80906,0.3684239
0.8001078,0.2664462
0.76879,0.24013726
0.9360762,0.59464383
0.8365083,0.42471302
0.80773765,0.2862595
0.15077992,0.5700599
0.15761374,0.74708784
0.22041786,0.7135359
0.17210755,0.732092
0.1288994,0.5473376
0.8317988,0.49477136
0.8268299,0.35143158
0.862031,0.4416922
0.21131693,0.72429806
0.71134627,0.2790179
0.7595202,0.2862595
0.101154014,0.53808844
0.14852868,0.5416746
0.14733961,0.45597878
0.14941673,0.6641411
0.2248184,0.85145545
0.16293603,0.54676116
0.14901812,0.62123096
0.8035826,0.3870383
0.858135,0.33891773
0.80888546,0.30730852
0.17386934,0.68378705
0.79576004,0.23591766
0.7711551,0.16121083
0.8490511,0.44338873
0.13438272,0.49185228
0.20577134,0.8111385
0.17330693,0.70012236
0.9303577,0.6057989
0.2220789,0.86978465
0.84018815,0.40151542
0.19001985,0.76901156
0.20177735,0.75406665
0.22502661,0.6671714
0.21770217,0.7349275
0.16076769,0.48099816
0.8205724,0.3455864
0.8358392,0.5344054
0.21246754,0.6325884
0.1499252,0.68929887
0.14024839,0.4056851
0.7948656,0.345805
0.19437754,0.6673554
0.10960169,0.41060603
0.17896636,0.6139473
0.86628836,0.41060778
0.19699249,0.6829942
0.84546524,0.45801523
0.85608286,0.4996428
0.13807608,0.5972883
0.18507396,0.6331237
0.20473973,0.8284287
0.13463497,0.5285344
0.16483347,0.4551369
0.722211,0.33833995
0.7639405,0.32988057
0.09800919,0.4479014
0.16691773,0.66424006
0.85851973,0.45767882
0.14290337,0.5628169
0.8125118,0.27315345
0.13145286,0.51304626
0.11937925,0.4237892
0.7769696,0.20846543
0.8230576,0.24870001
0.7393138,0.2396563
0.20666653,0.6836285
0.07388973,0.32794183
0.23080066,0.73631734
0.18234637,0.60942763
0.87709117,0.57075244
0.8857328,0.66720384
0.8401846,0.491568
0.8617355,0.50494826
0.7898416,0.10718201
0.79925704,0.31859937
0.17596272,0.53052044
0.93333435,0.66721964
0.13644238,0.6355806
0.84964603,0.4002276
0.7719317,0.16959049
0.77250403,0.281965
0.7799958,0.32701144
0.8624526,0.49931645
0.7493551,0.17681986
0.107223935,0.5233148
0.17021169,0.7014855
0.14062597,0.6201035
0.8317528,0.30808955
0.19982992,0.8911149
0.83568573,0.5136797
0.8329153,0.39735234
0.8359435,0.3070746
0.20407975,0.6551977
0.05401256,0.24574019
0.78077203,0.2126443
0.14972173,0.5160153
0.88607115,0.6499947
0.12913817,0.59604734
0.1811807,0.68616956
0.8694431,0.38672554
0.85620856,0.35627276
0.14606565,0.5271248
0.8218911,0.32656464
0.18477014,0.71787864
0.124507986,0.49811885
0.81635034,0.24444185
0.113676205,0.3379063
0.25267166,0.8424945
0.21766925,0.77960247
0.19512558,0.7468955
0.78921056,0.22081019
0.17457296,0.78487206
0.16046348,0.6726653
0.82011825,0.32719323
0.88394606,0.5339258
0.87855154,0.4078455
0.8788641,0.5498099
0.16999076,0.67896384
0.8040542,0.22614373
0.8774006,0.46099082
0.8286068,0.493749
0.8177635,0.2926632
0.8579176,0.39479288
0.8358039,0.3620474
0.13810821,0.2897371
0.88227427,0.40376037
0.21502377,0.8405746
0.7566363,0.18395811
0.7704868,0.16738935
0.74939036,0.2577766
0.14215614,0.5436804
0.24533056,0.6661083
0.16896668,0.58297014
0.15722069,0.57108796
0.85138565,0.42562807
0.77117926,0.23629043
0.15581624,0.7547574
0.11444645,0.64031404
0.18961766,0.56032103
0.14520101,0.51630616
0.20169128,0.73861706
0.07632857,0.42440814
0.7702282,0.33837238
0.1766005,0.61801887
0.2138569,0.77751434
0.7470598,0.29242882
0.8476895,0.3719948
0.8803098,0.5739028
0.83685297,0.42005143
0.15206775,0.6821742
0.80473363,0.30586913
0.14453708,0.5756672
0.14104639,0.6174783
0.13960704,0.5663843
0.17051153,0.60419834
0.16752575,0.6021286
0.16033576,0.553782
0.14551634,0.6130887
0.7847819,0.16147454
0.13667242,0.56946725
0.8088807,0.28507724
0.8207556,0.28312272
0.81465197,0.39322472
0.8180562,0.38072664
0.25260702,0.86772895
0.22159344,0.6929245
0.84276146,0.41922352
0.8003993,0.21078746
0.76109076,0.28327298
0.15515904,0.45866877
0.8240948,0.36990798
0.88946545,0.56382835
0.78847367,0.30651087
0.22706923,0.7857021
0.84690976,0.45693022
0.767215,0.22512223
0.21157077,0.7786703
0.8695054,0.45011565
0.7922951,0.24288069
0.18668543,0.71234053
0.8308735,0.30740532
0.19646418,0.81336415
0.09450819,0.43594998
0.8203475,0.21075767
0.825201,0.36049893
0.20433319,0.71284735
0.20191656,0.75064296
0.23269413,0.7712241
0.8235653,0.35900128
0.15302242,0.5958423
0.17273143,0.6632326
0.14663798,0.6146061
0.87066513,0.41007206
0.14367877,0.45701912
0.8748431,0.5263074
0.15627237,0.57473856
0.81507874,0.24154468
0.15935491,0.59896773
0.86413985,0.44187048
0.7121019,0.12503728
0.11179661,0.43881562
0.19109827,0.67205817
0.88940316,0.616452
0.12693612,0.71494114
0.7793438,0.2747816
0.8491126,0.36031628
0.13445412,0.5550168
0.116467245,0.528159
0.13709046,0.54909414
0.2307614,0.7677255
0.84224904,0.30410165
0.064499676,0.44828293
0.870748,0.25142416
0.13115658,0.60832155
0.86382496,0.5280009
0.7567922,0.07982396
0.8303599,0.3663599
0.16367969,0.6908136
0.85137016,0.4979638
0.8539054,0.54250777
0.20561388,0.81132114
0.13943729,0.5865244
0.77583206,0.31962788
0.21855928,0.75783026
0.09389898,0.2784721
0.16209796,0.71635514
0.8368252,0.47114453
0.18294448,0.6116993
0.8154849,0.2295359
0.22618476,0.66874313
0.17145431,0.5120598
0.8083294,0.39771327
0.84647423,0.36497918
0.20909901,0.81827897
0.09693513,0.44751722
0.7858183,0.24724442
0.15097268,0.558455
0.14481589,0.45785052
0.8459479,0.25306112
0.13362993,0.6283245
0.16090928,0.66080195
0.8053674,0.13945046
0.8412392,0.31245106
0.03982574,0.34905127
0.8508232,0.39924598
0.15401359,0.48388395
0.19906524,0.82829463
0.16564536,0.58516824
0.79538995,0.20191151
0.86689955,0.40697995
0.86435324,0.32822698
0.13919574,0.63764244
0.16666627,0.69112504
0.7873048,0.25370458
0.8380456,0.41031823
0.76585937,0.27988914
0.18128064,0.6052575
0.8286159,0.3952055
0.11563989,0.37858507
0.09838836,0.30222508
0.8523879,0.36566427
0.8490059,0.31678677
0.78595906,0.34029448
0.21383628,0.714009
0.8875462,0.4235347
0.8391201,0.4558925
0.19970658,0.7634967
0.14055496,0.5159522
0.15280627,0.5011641
0.07418086,0.322879
0.82757634,0.4092871
0.14814039,0.49408716
0.778846,0.15438578
0.21779022,0.65743214
0.21318978,0.7424753
0.93162173,0.46222344
0.22256398,0.7247917
0.9080833,0.53292483
0.8472496,0.409825
0.13084841,0.471887
0.8491312,0.3439175
0.16787717,0.6001925
0.8702542,0.41467714
0.23116,0.84481657
0.15429083,0.63777214
0.82496816,0.40340775
0.7794092,0.41379887
0.22900555,0.71735996
0.91535187,0.48347133
0.9154145,0.69338006
0.13393097,0.52010655
0.9125362,0.50545114
0.8422915,0.3405367
0.2333906,0.74587446
0.7374897,0.10185636
0.22228515,0.8094757
0.23740205,0.7000886
0.8312336,0.4348286
0.82774806,0.52959096
0.83378744,0.3744421
0.8490622,0.32193106
0.8370073,0.38583982
0.18811883,0.6457996
0.21602128,0.8039626
0.8036715,0.16825579
0.799403,0.27133426
0.79220825,0.1806102
0.8732388,0.5230966
0.12776229,0.62028044
0.8500554,0.513193
0.9220064,0.55025184
0.12703845,0.4057425
0.78022945,0.3265515
0.77366334,0.17899603
0.7642316,0.24302568
0.1647129,0.519206
0.22417308,0.8266748
0.8643501,0.5104794
0.11696699,0.53405106
0.8454918,0.37576586
0.8334297,0.39289266
0.14144817,0.66387653
0.15251039,0.6175996
0.20048872,0.73228306
0.1471294,0.651565
0.84884685,0.58030516
0.16148399,0.6975668
0.14575669,0.5967035
0.8420122,0.32469028
0.1874771,0.8149065
0.8556612,0.34567752
0.8455918,0.18425247
0.7786017,0.31735492
0.734594,0.32378486
0.82954717,0.45477375
0.15443401,0.63150424
0.2107811,0.69231474
0.8887606,0.3172261
0.8081319,0.49135557
0.7993951,0.33095595
0.79502386,0.31587917
0.12376551,0.5657969
0.10736989,0.60362715
0.8525823,0.581444
0.8307513,0.5003704
0.8400077,0.47269386
0.19459608,0.73039424
0.832859,0.41342393
0.7629767,0.33480018
0.13577408,0.5398235
0.76598513,0.15073386
0.81076074,0.34390652
0.19743909,0.57575744
0.14161594,0.57197195
0.8333143,0.3143732
0.9504867,0.6560365
0.15108572,0.5567107
0.14140096,0.6674364
0.8702423,0.5219656
0.15767759,0.65521216
0.21419603,0.6862996
0.22550653,0.7499605
0.11785701,0.42472878
0.13065168,0.49132138
0.14767753,0.6778232
0.85716045,0.4582325
0.8426234,0.34258628
0.08935566,0.2761378
0.84190196,0.5273048
0.18461387,0.5253183
0.13705398,0.5426795
0.115663685,0.617484
0.22468552,0.9722556
0.1991172,0.9063485
0.20256187,0.7509982
0.86761427,0.3900695
0.854872,0.44753036
0.15613076,0.6311359
0.13706468,0.45525298
0.8596223,0.27574927
0.1350205,0.67449236
0.8014472,0.26591706
0.8494017,0.5119214
0.22303556,0.7485386
0.85783315,0.3810017
0.8089473,0.33431527
0.09468747,0.42170414
0.83322823,0.41595927
0.13431053,0.6016735
0.14873295,0.5658613
0.21185514,0.6652817
0.14010084,0.56596905
0.19798683,0.5917896
0.26348004,0.8066894
0.17929833,0.7289601
0.8583028,0.46162552
0.8469089,0.40443978
0.1754261,0.75671065
0.8736378,0.5936171
0.15447526,0.5418687
0.19445807,0.45025364
0.14622153,0.5954928
0.8491376,0.41652653
0.17168634,0.6552279
0.8836399,0.44681418
0.79415685,0.2739984
0.19810224,0.7449397
0.87439495,0.43860492
0.12324752,0.43686372
0.14062676,0.52931935
0.7490632,0.1487224
0.7766031,0.23354962
0.22377448,0.73274124
0.78028613,0.27690786
0.16913128,0.72363883
0.7928571,0.38155013
0.1508176,0.56483716
0.15595783,0.61815596
0.84512496,0.44190335
0.90743923,0.630329
0.18766509,0.58785427
0.1347246,0.6219047
0.9395221,0.5014313
0.78195,0.28147528
0.15484016,0.5925273
0.82270306,0.30546263
0.13576496,0.5196567
0.75006545,0.16867106
0.15874213,0.483007
0.8304348,0.3067614
0.25139374,0.7370848
0.75309885,0.15515278
0.13607194,0.6526855
0.14423285,0.48455942
0.19937818,0.76585424
0.8195023,0.24984373
0.123199925,0.28486043
0.8228101,0.33019114
0.7693025,0.33178604
0.1363111,0.6241921
0.85786885,0.48782673
0.22397755,0.76632464
0.14365497,0.63825047
0.12133341,0.6195971
0.9027456,0.4512147
0.84686494,0.49385238
0.16857323,0.5588575
0.8595315,0.45826402
0.8152041,0.37534314
0.12938844,0.365235
0.81437236,0.38544473
0.2256755,0.72088796
0.122945294,0.5470143
0.092071734,0.39983118
0.16676384,0.6367734
0.1497713,0.5855966
0.17667109,0.70636964
0.14925252,0.5691387
0.8250994,0.3440502
0.75410384,0.0835521
0.94017375,0.6316694
0.1326233,0.45727888
0.12150833,0.55156726
0.23731956,0.7436983
0.83672285,0.45901045
0.17216863,0.6276438
0.82401747,0.29395276
0.13372591,0.5736715
0.12301153,0.5646506
0.20742725,0.74490905
0.14606011,0.46827012
0.1344192,0.52913016
0.8501347,0.32931945
0.17308165,0.704518
0.15317196,0.44854003
0.21449785,0.672215
0.7480978,0.21606581
0.20783259,0.7634599
0.78089297,0.24802105
0.15082513,0.5913323
0.16816749,0.6868752
0.1527924,0.666298
0.22855061,0.6595767
0.8672081,0.516081
0.14721943,0.59576565
0.15708505,0.6343248
0.22012277,0.7197858
0.1438521,0.57334036
0.23366666,0.74491996
0.163009,0.59889984
0.16883184,0.5404131
0.19227347,0.6118666
0.1488682,0.5652332
0.79219437,0.20371841
0.110001095,0.5334956
0.1458836,0.58746094
0.900461,0.34334716
0.17539714,0.61029845
0.2187219,0.7272382
0.7748274,0.1996381
0.1843398,0.6490332
0.82169956,0.3460849
0.18153845,0.63100225
0.1440393,0.7107277
0.84760267,0.33004528
0.16835192,0.6621112
0.13317698,0.56809837
0.8507229,0.36213982
0.13179952,0.53071624
0.16152802,0.7026297
0.8970485,0.5726045
0.83880275,0.29187647
0.19553569,0.7177411
0.82407695,0.28081867
0.76691836,0.26440495
0.13457191,0.5903936
0.83162785,0.32368016
0.78610504,0.1400221
0.7999317,0.3181473
0.06782338,0.4421342
0.8699615,0.31461716
0.16617247,0.7020988
0.14412458,0.4891636
0.80665565,0.37906253
0.7491968,0.2037447
0.77430034,0.2850225
0.89804244,0.50105107
0.19471745,0.75472367
0.1798052,0.8104644
0.14152035,0.6815723
0.24368854,0.8248802
0.15066569,0.64891404
0.7448134,0.15839207
0.23400141,0.65572506
0.16593687,0.6551447
0.7505695,0.20189004
0.80792844,0.29032493
0.77647656,0.16080128
0.85905594,0.5298494
0.15307161,0.61348474
0.14195268,0.6085121
0.7807526,0.19987857
0.17472367,0.6007221
0.86137974,0.31289348
0.10213209,0.4570511
0.21523875,0.79798514
0.20539297,0.8606345
0.8624598,0.34124896
0.8512044,0.42096296
0.13893476,0.7213277
0.16440433,0.5922092
0.1617652,0.5997566
0.7601662,0.22502498
0.88191414,0.3527772
0.7880929,0.34774548
0.86125326,0.3982411
0.82795787,0.26578742
0.17176804,0.6001973
0.2221856,0.77457774
0.8329597,0.37986806
0.16448286,0.66938525
0.21040034,0.7818023
0.870466,0.49944872
0.7609301,0.11528789
0.15522131,0.49173272
0.19285214,0.5059785
0.16048926,0.635433
0.25278747,0.73451924
0.7499758,0.30176383
0.13138068,0.4656384
0.2106625,0.72659165
0.8800306,0.49926344
0.16201586,0.55809927
0.8698243,0.52757686
0.13736017,0.62271243
0.22877708,0.6850946
0.17619118,0.58825815
0.18864119,0.66393787
0.129346,0.5508721
0.7759332,0.3282572
0.12642486,0.6651
0.22815518,0.81430465
0.80929995,0.30177042
0.7751614,0.22664528
0.11417476,0.48166135
0.83861434,0.24463372
0.89026225,0.698131
0.8612556,0.386627
0.21193963,0.661077
0.12381588,0.45677558
0.21423014,0.6743868
0.16067052,0.58999586
0.82704926,0.2797459
0.16685784,0.7791434
0.2011614,0.83586484
0.7737161,0.2336898
0.74777335,0.18698363
0.79021084,0.24887261
0.7996727,0.36297518
0.16250688,0.61690754
0.8596088,0.50262713
0.14338568,0.535649
0.7681213,0.18084235
0.19126326,0.6522659
0.8120327,0.4485777
0.8573481,0.6079212
0.20999816,0.774346
0.11569938,0.6324285
0.8150506,0.32450718
0.7234869,0.30565974
0.7667549,0.2669447
0.22992055,0.7635637
0.14884439,0.51809555
0.7636173,0.16888788
0.15512651,0.5248269
0.7989945,0.42532143
0.17097083,0.45199484
0.89002824,0.70098794
0.8228442,0.37824163
0.8157126,0.4009946
0.13911285,0.60081315
0.86340135,0.6202445
0.08927316,0.57313186
0.8509918,0.3537133
0.895178,0.54054713
0.819248,0.40290314
0.15560445,0.5411779
0.20814037,0.7008136
0.7836789,0.27574137
0.13133466,0.6082326
0.16403626,0.7755616
0.19343041,0.6915307
0.16658655,0.6926056
0.83594906,0.33253247
0.24238801,0.71253985
0.21099408,0.74739444
0.85367495,0.35337996
0.122301176,0.42648005
0.81467694,0.34955457
0.8627505,0.43894792
0.12688376,0.63813
0.15191346,0.499581
0.80171454,0.19075996
0.2114732,0.7069908
0.16751742,0.5848765
0.1791829,0.6855725
0.8779376,0.5601423
0.20250158,0.7424341
0.758669,0.27659643
0.1544364,0.5094066
0.9109922,0.60705084
0.8311618,0.32357723
0.17538287,0.6719487
0.14615172,0.4715243
0.851225,0.37227687
0.13955866,0.5922408
0.7749603,0.28099257
0.84030676,0.37310696
0.7723283,0.20536543
0.19947535,0.72301984
0.10385224,0.3814126
0.76787186,0.21131879
0.8577423,0.3695203
0.83383507,0.3964031
0.92496836,0.6476757
0.1627992,0.5445267
0.105968624,0.46457177
0.16822103,0.6269675
0.16798107,0.5762261
0.23456421,0.7172268
0.7635157,0.14878766
0.21430112,0.69311416
0.11562204,0.46159574
0.14066444,0.5697414
0.8192425,0.21041906
0.8481532,0.34457102
0.7550823,0.2465786
0.88997114,0.54135925
0.81901366,0.3414789
0.046472352,0.23202394
0.14456047,0.5929399
0.7344353,0.3306502
0.14144698,0.5232893
0.87123185,0.3481533
0.83199435,0.54650617
0.18674017,0.71320915
0.7851384,0.1637716
0.8491606,0.4506343
0.8507336,0.5027489
0.24264224,0.7844051
0.22303794,0.7024492
0.20124428,0.7241452
0.8572545,0.3429954
0.14672247,0.5710985
0.8373642,0.41513753
0.15036267,0.603211
0.7716136,0.16572657
0.15099092,0.5131199
0.14897013,0.50966597
0.23691183,0.6581391
0.20600377,0.6434123
0.14118679,0.67465836
0.21452007,0.7855028
0.78485763,0.1725503
0.18711141,0.7874604
0.8602331,0.51094675
0.8735819,0.30466935
0.7448443,0.21558571
0.18215163,0.6936814
0.15034601,0.7999077
0.17856735,0.8091936
0.20979747,0.7734629
0.13639757,0.5914475
0.79200757,0.29766995
0.85291344,0.42266387
0.80602145,0.28083485
0.11271955,0.2958302
0.14863458,0.5789437
0.19070244,0.53119856
0.18866499,0.56966305
0.111649856,0.39106563
0.12872331,0.51675206
0.7961142,0.27729115
0.13435614,0.4778925
0.9017794,0.67489225
0.1443106,0.6147064
0.7842928,0.25647563
0.77346426,0.10413415
0.16206662,0.50628257
0.88544726,0.52956027
0.8380444,0.44887033
0.8225333,0.43378913
0.85790455,0.431885
0.15827848,0.55390555
0.78132415,0.25828514
0.17129962,0.5335491
0.22193176,0.7789086
0.19745971,0.73602915
0.81626266,0.4074631
0.80445755,0.44097382
0.17813423,0.66609037
0.74016416,0.29625377
0.19216478,0.7445735
0.12883118,0.58297193
0.8632875,0.3443923
0.22224708,0.71504104
0.20891775,0.72979325
0.14246233,0.55366594
0.14599822,0.57670885
0.14699137,0.48468995
0.22863668,0.73331857
0.88972604,0.4797055
0.7903699,0.27777255
0.8489468,0.4684002
0.16476604,0.6214044
0.7615342,0.32612836
0.80071026,0.2247534
0.19463694,0.59458995
0.82022536,0.16424951
0.13513829,0.6666773
0.16768162,0.57701373
0.8840849,0.7291607
0.18275887,0.68226707
0.81086224,0.30429876
0.19677037,0.7630324
0.17682339,0.7245714
0.7678457,0.3158971
0.84889764,0.32781568
0.7879096,0.17763416
0.18569268,0.6780102
0.74961686,0.2517242
0.8554538,0.5969891
0.15310016,0.5202117
0.19845523,0.8132227
0.83537275,0.29165262
0.8337462,0.36271015
0.09976425,0.3241103
0.75871855,0.24820547
0.16302645,0.67839044
0.78512615,0.33197966
0.23015377,0.76028985
0.11900762,0.39255276
0.8030813,0.23773201
0.78713983,0.30655465
0.93285406,0.5310864
0.1478699,0.5838388
0.20213947,0.82663536
0.18516716,0.82435143
0.11783282,0.5451176
0.1910824,0.6818501
0.14483374,0.5964705
0.8427964,0.3451996
0.8430431,0.24982008
0.7727638,0.17831664
0.86556095,0.2964684
0.06633009,0.42621768
0.1171419,0.54499626
0.17182595,0.46762884
0.8796395,0.5228583
0.1242482,0.46446487
0.17459358,0.5982051
0.8650414,0.3672329
0.8662416,0.3439464
0.16125356,0.6226366
0.20045738,0.80528194
0.1475994,0.5140161
0.8067786,0.399242
0.14070807,0.5051717
0.8650481,0.361089
0.84068036,0.35155335
0.867644,0.512702
0.7833798,0.24828345
0.14840256,0.590253
0.83858144,0.43772796
0.69443625,0.13063015
0.16862679,0.56488097
0.8688529,0.35913754
0.83458465,0.36468744
0.9063021,0.5624683
0.77375895,0.30280375
0.84339446,0.44233438
0.78116786,0.28899726
0.7946237,0.3004607
0.12859519,0.62584877
0.83890826,0.35830393
0.8797573,0.43070844
0.8223001,0.4258786
0.91847605,0.5286325
0.78515154,0.18030751
0.14332658,0.4825002
0.14675221,0.5499658
0.11940543,0.47789863
0.70825183,0.12729976
0.79694986,0.2606637
0.0813875,0.43911216
0.2017008,0.696873
0.83068347,0.29927054
0.8338902,0.44119504
0.21654205,0.7866106
0.8593788,0.4334777
0.75722134,0.20969412
0.120543346,0.4470345
0.15092349,0.5501121
0.17144756,0.66517925
0.84831655,0.30124214
0.80601865,0.2658943
0.7826949,0.3228584
0.8838711,0.6169724
0.22472717,0.732446
0.24786815,0.7792555
0.16644257,0.6946188
0.08931283,0.401423
0.20101306,0.8104613
0.14862785,0.59506744
0.18227696,0.6530487
0.89059144,0.5704344
0.8735184,0.39152995
0.09514953,0.35427618
0.2254748,0.75228554
0.16909163,0.76523834
0.88752,0.6992156
0.8941341,0.49453306
0.7867198,0.33345234
0.80976397,0.43557546
0.818314,0.39684945
0.13843066,0.5163964
0.13159208,0.597513
0.9018948,0.4379737
0.75387424,0.17468706
0.14163736,0.632676
0.8518378,0.50671446
0.81787574,0.29668742
0.79266435,0.21971904
0.15164892,0.69343746
0.807226,0.3844539
0.8839758,0.6563204
0.90705687,0.5233691
0.17669529,0.73875284
0.7719364,0.37427476
0.21572818,0.7632873
0.18242371,0.66066134
0.18252367,0.64594066
0.835203,0.50836587
0.92401093,0.7139862
0.8575047,0.39825776
0.20123397,0.6780496
0.85357225,0.4121054
0.8607416,0.31648934
0.82345665,0.4295621
0.85131264,0.41335163
0.13723364,0.4686455
0.7971712,0.25559166
0.1388011,0.5276088
0.78266394,0.3274648
0.124563515,0.5771539
0.8825226,0.4433699
0.8250923,0.3892942
0.12706423,0.5541758
0.78513604,0.1973406
0.8350396,0.19974497
0.85923797,0.44206497
0.8393632,0.40197012
0.81455284,0.24171507
0.7871977,0.1918003
0.7780159,0.19875632
0.18075037,0.6149732
0.22859107,0.6784123
0.837578,0.36241448
0.7924327,0.40173137
0.16643147,0.59846526
0.89047086,0.46532652
0.84376174,0.3368134
0.8218519,0.3113884
0.82858497,0.35206804
0.19593747,0.6857394
0.22789618,0.822842
0.7592096,0.32111895
0.8478204,0.44030976
0.15123168,0.5410588
0.15865964,0.5593521
0.1436296,0.6804234
0.79561406,0.18829249
0.16019456,0.6617494
0.8018982,0.20493966
0.76281214,0.32214615
0.122825116,0.50043344
0.052145652,0.3733816
0.7987748,0.28264046
0.8454605,0.39798486
0.21034521,0.7913086
0.8451138,0.4089717
0.78457326,0.2407492
0.15389103,0.65837824
0.7911116,0.39792222
0.13689493,0.70030546
0.1389304,0.5466245
0.8602672,0.34987873
0.84166676,0.40253782
0.8391748,0.36713958
0.82028085,0.394276
0.86201715,0.4738056
0.85218287,0.43465558
0.21266426,0.7507244
0.15125984,0.5882249
0.9067293,0.50570214
0.2318049,0.73432606
0.14029518,0.60677046
0.75481063,0.32656813
0.88105464,0.34047362
0.2704142,0.73068506
0.20576698,0.7976658
0.14649679,0.42488077
0.8149502,0.46739537
0.82784367,0.38762045
0.8589869,0.55090934
0.23428777,0.8234526
0.11588183,0.49617222
0.13530645,0.66165656
0.11464278,0.35481322
0.115284115,0.62891763
0.75992787,0.19245604
0.891913,0.56030303
0.835207,0.4883103
0.98739177,0.6523886
0.8258229,0.47726783
0.8430994,0.4476368
0.20651938,0.8099234
0.87150556,0.39321068
0.18761115,0.5039894
0.81443465,0.38147917
0.80061114,0.3239706
0.83787465,0.44213068
0.8436186,0.4126372
0.8749193,0.49067223
0.19214892,0.83615917
0.8714437,0.49505392
0.18587117,0.5263556
0.116427585,0.4489715
0.82872415,0.29652667
0.18358226,0.6440142
0.797947,0.12541138
0.2149984,0.73468786
0.19053228,0.7184682
0.18848889,0.6314784
0.8307565,0.524126
0.85129046,0.23120219
0.22255446,0.8512373
0.25628805,0.726557
0.17766304,0.6211547
0.14883567,0.60867596
0.84989315,0.43696755
0.8142585,0.3770896
0.7747362,0.27727056
0.8606591,0.35212716
0.14917836,0.54917777
0.8608796,0.359643
0.10482199,0.62639326
0.19242537,0.7605597
0.1980947,0.7329313
0.8239845,0.34464812
0.16168033,0.53611684
0.14988792,0.53481495
0.8233856,0.40827084
0.095945954,0.4528626
0.13894825,0.62991154
0.8938009,0.36932057
0.83874685,0.4336459
0.22939026,0.73033464
0.77785486,0.11954518
0.20397702,0.7006068
0.8379135,0.3874943
0.2300558,0.6376924
0.80527025,0.42515936
0.17749448,0.6109428
0.8071788,0.43679452
0.15120232,0.7045566
0.20056567,0.581847
0.7669152,0.21623532
0.114335395,0.56436276
0.17927691,0.5170534
0.8336074,0.2816518
0.8788026,0.45952383
0.82260627,0.47245687
0.1419848,0.5521538
0.1824487,0.48192242
0.8218289,0.27585393
0.11932809,0.5201131
0.8451892,0.33953887
0.8235129,0.27807304
0.8084984,0.309988
0.887121,0.6355666
0.89225847,0.3375747
0.8299307,0.38865334
0.13688423,0.57101
0.8774049,0.41482168
0.80591434,0.3271678
0.8316132,0.51064235
0.81525445,0.30757484
0.2143622,0.8636679
0.7755176,0.21923544
0.13317698,0.4394061
0.14133196,0.5413974
0.13827598,0.5550444
0.8644992,0.3283054
0.16574532,0.63773054
0.88469523,0.6270459
0.84450185,0.30977467
0.8970112,0.5367432
0.86976594,0.46407327
0.14207959,0.5725589
0.16962786,0.60794
0.27280107,0.8607445
0.16874616,0.6188748
0.20558454,0.73787063
0.14555123,0.5530671
0.7120991,0.09914973
0.79697883,0.20624588
0.7861681,0.22812365
0.15361775,0.60918933
0.22395216,0.79314303
0.84649926,0.30967435
0.7898571,0.26746815
0.20977248,0.781005
0.848685,0.3914581
0.1718196,0.6036762
0.14573805,0.39828974
0.13580422,0.5383333
0.15494525,0.5240892
0.8744997,0.37910676
0.87228334,0.49401093
0.77869374,0.21858802
0.77810115,0.23951831
0.14863458,0.59619755
0.8415859,0.30490807
0.78480095,0.32307786
0.8840519,0.38969675
0.14395562,0.577917
0.15682565,0.44175747
0.8419591,0.3650817
0.11812632,0.38622093
0.096657895,0.3474634
0.8394794,0.39947286
0.19548373,0.73673964
0.7911437,0.32788268
0.7597264,0.3134419
0.7814308,0.25966495
0.83774817,0.46658587
0.82925564,0.36857766
0.84809047,0.44566128
0.8484304,0.4661211
0.7715017,0.25781032
0.87227976,0.44372866
0.8101253,0.33567232
0.14495908,0.43192354
0.74813825,0.30271658
0.8415914,0.2935051
0.7802715,0.12685163
0.7761418,0.2640839
0.17168236,0.53737223
0.19756758,0.67654455
0.8276358,0.29370132
0.8093567,0.41441783
0.15953815,0.661257
0.80640775,0.25201553
0.8271436,0.34841174
0.15452722,0.6470077
0.7682768,0.2023294
0.84681696,0.43957475
0.1347008,0.6447588
0.1205834,0.49058023
0.84542716,0.24043381
0.13127358,0.60396177
0.15960479,0.5598782
0.12041087,0.5181573
0.17356473,0.47225055
0.845021,0.6260218
0.85550934,0.42185524
0.781476,0.31432107
0.16345045,0.49298155
0.92252123,0.58824414
0.23938914,0.78377694
0.79387486,0.25642216
0.8387207,0.46093693
0.21402904,0.7595649
0.16978809,0.6440142
0.88574433,0.5518165
0.14710917,0.54629683
0.12997305,0.5133634
0.12365565,0.585778
0.7724592,0.25436032
0.7745954,0.25524297
0.21527167,0.70156044
0.16378719,0.4554387
0.77537435,0.2279734
0.061422274,0.37575796
0.7967028,0.2954811
0.21434991,0.7910576
0.88111335,0.39649072
0.75135964,0.26215214
0.80291945,0.34677392
0.80514926,0.4600578
0.11777174,0.60179174
0.20815068,0.68187284
0.1975081,0.760787
0.80003166,0.21644384
0.12742317,0.61584663
0.15269521,0.58871543
0.84213716,0.3566832
0.8134704,0.2553034
0.19519578,0.6778692
0.81172013,0.38557044
0.103121266,0.27452976
0.17781416,0.63784224
0.15369709,0.68794537
0.8288995,0.32569864
0.7864822,0.24582912
0.81795067,0.30524492
0.84629697,0.30291587
0.1546585,0.9240601
0.16786288,0.526003
0.21155411,0.7333659
0.18758537,0.7021548
0.8386913,0.508831
0.8644405,0.43087795
0.20011352,0.7763881
0.18001899,0.60733557
0.7600778,0.14791334
0.7685814,0.20627041
0.24957363,0.8445029
0.873029,0.3906552
0.80355686,0.23025821
0.14604305,0.6070981
0.7985348,0.4370306
0.16913486,0.48181072
0.8231318,0.53469497
0.20282404,0.7329042
0.8781732,0.4831809
0.14039037,0.7189203
0.9340265,0.6197789
0.8608558,0.40471748
0.83045703,0.4176961
0.14141802,0.419319
0.16025327,0.5705264
0.76463777,0.17217492
0.1585454,0.6560978
0.7873322,0.14928089
0.08187257,0.44695216
0.7811254,0.21235213
0.23113024,0.6214211
0.14565516,0.5991968
0.74109143,0.21132362
0.75126326,0.27345306
0.18105021,0.61812
0.14848109,0.6774057
0.8423529,0.4016832
0.12736288,0.5589986
0.11777729,0.5638104
0.16271749,0.48046112
0.116167,0.6112788
0.8438526,0.36916158
0.7750297,0.3285853
0.82636386,0.36952952
0.85741353,0.4753628
0.7819754,0.22719501
0.1392949,0.4680209
0.23190248,0.8565503
0.10037623,0.4865516
0.91228557,0.6017738
0.8217051,0.4923753
0.8668151,0.4435587
0.7679778,0.29968888
0.14757004,0.5606084
0.7439487,0.16559385
0.23754047,0.7846057
0.8450028,0.37252963
0.22057492,0.7970398
0.20479089,0.7414039
0.76017183,0.22812453
0.7924109,0.28151688
0.26929176,0.5545126
0.15153827,0.64809144
0.77912724,0.22138971
0.8283692,0.4261489
0.1789144,0.6546773
0.8101063,0.40250233
0.84024566,0.4225767
0.18385988,0.6135504
0.83927596,0.5382623
0.22166999,0.7943126
0.18131952,0.71656185
0.15589358,0.50255877
0.21815075,0.70106673
0.10665677,0.5522857
0.2343536,0.783462
0.78020245,0.18605632
0.20773067,0.76853323
0.79193616,0.23870663
0.19658197,0.6307469
0.10174419,0.4649152
0.77718216,0.27093786
0.8399268,0.4656664
0.8667659,0.4406843
0.092118144,0.45065665
0.084817894,0.3261034
0.8353835,0.38148838
0.87908304,0.5904168
0.8591226,0.3804336
0.1416199,0.6944217
0.07808482,0.33586723
0.10981746,0.46839935
0.1590638,0.6680931
0.121530935,0.40441218
0.07838665,0.3023911
0.17937607,0.61016613
0.8128172,0.4683976
0.84688395,0.3738976
0.09972697,0.25949413
0.12536588,0.39960954
0.17472605,0.6224378
0.8261917,0.39561245
0.8391883,0.3510908
0.8929629,0.5788552
0.11364131,0.35607433
0.8798263,0.4996914
0.18485343,0.72211534
0.20902048,0.7393889
0.82203037,0.3622581
0.08356734,0.22336745
0.78597254,0.13169545
0.20314094,0.6873518
0.8293802,0.31417343
0.79593134,0.12558527
0.8994734,0.5471291
0.7083744,0.2254963
0.7809513,0.2434278
0.06783369,0.31728175
0.83865285,0.38827005
0.83882695,0.36243114
0.8993358,0.48813334
0.19177015,0.67220753
0.83188325,0.36511236
0.20047206,0.5679061
0.1532489,0.53386617
0.16830988,0.6507564
0.20570312,0.6778819
0.85321563,0.34039918
0.09851806,0.3471892
0.1519452,0.41965938
0.8562883,0.45617372
0.14221008,0.5203361
0.94250274,0.6594795
0.7533507,0.16589302
0.15584044,0.6691001
0.8382927,0.30526376
0.18339108,0.5978564
0.8371068,0.36853692
0.86019665,0.42924362
0.14712979,0.5128036
0.83254963,0.38663006
0.19819267,0.71888435
0.83498526,0.30467418
0.17454955,0.625939
0.14551474,0.4743768
0.19795232,0.86532503
0.83248377,0.40427244
0.8937121,0.63967055
0.20882931,0.7069268
0.8502636,0.379791
0.8379786,0.3560958
0.78232676,0.25985506
0.15808612,0.55019975
0.8374245,0.4975932
0.89924145,0.44176975
0.80019784,0.25553864
0.88951266,0.45176005
0.16138087,0.57293123
0.8439835,0.4345325
0.86731565,0.43021694
0.814721,0.41140938
0.78726155,0.14345281
0.7852309,0.20712678
0.8391328,0.26248023
0.8683722,0.39559054
0.09773314,0.37563574
0.7926501,0.29793978
0.84240013,0.42190126
0.790782,0.24649712
0.092303365,0.41143653
0.8566607,0.4129491
0.14379181,0.5462202
0.8485208,0.34814146
0.7801346,0.18506022
0.8252851,0.3387736
0.21861798,0.6485969
0.80938363,0.30393565
0.13513829,0.60618746
0.15680185,0.45820928
0.209452,0.79158014
0.7775491,0.18426168
0.8306942,0.30601236
0.19745654,0.5924221
0.1728643,0.7290052
0.15760858,0.5963119
0.18855512,0.7437298
0.87080985,0.48507935
0.20980778,0.7625558
0.15115076,0.49461368
0.100498,0.33867374
0.7883939,0.23645906
0.80605197,0.28939456
0.16278373,0.44784182
0.7544612,0.22003923
0.19288823,0.6345201
0.17873353,0.68256056
0.85387444,0.37833318
0.15910742,0.6311709
0.17512941,0.7130633
0.8392093,0.41940838
0.85931927,0.43722904
0.8670368,0.45440885
0.20742646,0.64908576
0.12813629,0.5306063
0.14268602,0.41028407
0.16940376,0.61240846
0.23211904,0.5553322
0.8323239,0.3421868
0.8106568,0.28668267
0.85545933,0.381544
0.80016494,0.44270584
0.16754399,0.6969632
0.8482892,0.3954149
0.17467132,0.59358996
0.102390684,0.4307461
0.16502346,0.61866754
0.21735275,0.6435647
0.14093891,0.57986623
0.14753355,0.532015
0.8096962,0.32734567
0.85256165,0.45319113
0.18435052,0.6322108
0.20069139,0.7389469
0.21270274,0.7507029
0.8633248,0.35787115
0.13062194,0.40577185
0.77247226,0.2613019
0.80041754,0.3122417
0.19257887,0.5366565
0.19595769,0.642566
0.84158826,0.4998364
0.13007063,0.6579087
0.17500806,0.64057994
0.7725468,0.10892058
0.80082846,0.32473803
0.15932398,0.65228343
0.75856113,0.21965684
0.7922023,0.33539852
0.89166594,0.54661655
0.16479103,0.5536751
0.77234375,0.35561877
0.7995652,0.27256602
0.14318022,0.5134878
0.83430547,0.41331878
0.7855041,0.20975281
0.18094827,0.7049679
0.2514195,0.6989567
0.2222673,0.70844245
0.16517417,0.654697
0.10533125,0.5394056
0.18127866,0.6984613
0.8389142,0.39396936
0.8752778,0.58495975
0.15552908,0.64316654
0.851114,0.26541463
0.8193615,0.43760708
0.77288795,0.31749287
0.8455426,0.37643868
0.11537732,0.6113523
0.18762028,0.84626514
0.18453336,0.73797053
0.9125509,0.5371116
0.86154395,0.3134831
0.8236073,0.37791792
0.73963267,0.30645874
0.23184575,0.7484387
0.7663405,0.25581416
0.7710718,0.21996082
0.77783185,0.2395792
0.79740757,0.31570613
0.15899003,0.6615812
0.16514006,0.6353476
0.12917665,0.48311388
0.1688128,0.60555977
0.84974444,0.460332
0.8173145,0.3350262
0.18765002,0.6476262
0.16289914,0.50204015
0.84627396,0.30814517
0.8359165,0.36042053
0.1892968,0.7620152
0.8270001,0.64691484
0.15580633,0.6729001
0.8356873,0.5024817
0.748776,0.23467056
0.18507634,0.62511724
0.7914713,0.14790283
0.8431347,0.4770817
0.82510144,0.20019571
0.87835324,0.4522511
0.7973493,0.32705173
0.8282843,0.28691393
0.82058984,0.37637734
0.82889235,0.3488038
0.14693862,0.43837628
0.17983298,0.6387717
0.16058247,0.4105574
0.7526824,0.31853148
0.1991287,0.85039717
0.14547509,0.53292793
0.8269806,0.39694145
0.14339836,0.52712524
0.8312705,0.4574576
0.8748114,0.32344276
0.18272832,0.5342876
0.23158994,0.86685336
0.21383153,0.76160264
0.8162587,0.252316
0.86918014,0.45166063
0.78326917,0.1731929
0.82676643,0.1296634
0.79540545,0.39285982
0.19129737,0.68109137
0.823693,0.42481726
0.17865025,0.67717093
0.7712689,0.23745997
0.22076966,0.7108192
0.847584,0.42500648
0.14130776,0.55092335
0.8308223,0.32737896
0.14937904,0.5563533
0.7768986,0.22650117
0.16934863,0.70933163
0.11066821,0.44366995
0.8205752,0.39129558
0.7464526,0.25845903
0.8658287,0.5111128
0.7930439,0.27358887
0.13820419,0.5932671
0.15945248,0.6811553
0.24312533,0.79606825
0.15940529,0.67141074
0.18770833,0.75308365
0.11744254,0.5182116
0.17663619,0.72322094
0.18846588,0.5639103
0.15954132,0.5758433
0.8268438,0.5284538
0.8424426,0.39431718
0.89007705,0.44738275
0.20005283,0.77763087
0.8622821,0.31938696
0.7704971,0.16840911
0.21299425,0.82943004
0.22678763,0.87970537
0.8283708,0.35127476
0.84422976,0.3589163
0.1732522,0.6260599
0.83166474,0.52999395
0.21306843,0.75170296
0.17284209,0.6922556
0.85202104,0.3554405
0.8760187,0.30148044
0.15258773,0.5800861
0.17110051,0.5963662
0.1249998,0.6691321
0.12785786,0.566044
0.1432647,0.49016234
0.13650861,0.53797543
0.126739,0.48680478
0.8472405,0.36324763
0.12017805,0.5352898
0.8088446,0.38688982
0.14448631,0.50882536
0.16006686,0.6069711
0.8851347,0.35932982
0.84368956,0.42997646
0.8273051,0.33260956
0.19576137,0.85949516
0.140881,0.5058642
0.13378778,0.52461135
0.11410059,0.44022083
0.84403104,0.36009288
0.78722787,0.30679294
0.8521313,0.37527788
0.83509237,0.29694456
0.14027496,0.59880084
0.82541275,0.32357502
0.84983444,0.35858646
0.94162977,0.622666
0.22300383,0.7114088
0.20894353,0.8679905
0.13599737,0.46835554
0.12574823,0.549003
0.12231982,0.5828817
0.79380226,0.45625257
0.22521263,0.7017409
0.76374656,0.2699365
0.83216923,0.29184404
0.13363746,0.60421497
0.81553924,0.25524473
0.7866714,0.26950023
0.14930964,0.6605045
0.21406117,0.7626303
0.11847376,0.47573516
0.14531247,0.6556401
0.24514613,0.8304305
0.847912,0.3275362
0.80850035,0.26434714
0.13516684,0.6260875
0.14210814,0.71604717
0.17951092,0.49639255
0.13768977,0.55751055
0.16790849,0.5761701
0.23452099,0.79423463
0.77621007,0.21630366
0.89306164,0.5929609
0.86496323,0.34573972
0.7627784,0.30865505
0.7960547,0.14398415
0.22388712,0.70622855
0.864097,0.4068608
0.8280908,0.4421193
0.80070394,0.4447151
0.14933503,0.53713745
0.1964031,0.7462696
0.15727383,0.7126555
0.18322727,0.7173547
0.147317,0.6188971
0.21188807,0.7008127
0.15315609,0.61636263
0.8462276,0.48889202
0.8072708,0.34070578
0.8643814,0.40059555
0.13954675,0.4883401
0.15788661,0.45239916
0.20135534,0.6919372
0.21725914,0.73950803
0.15176156,0.5990742
0.14505744,0.52718216
0.83500826,0.40163547
0.8160334,0.3592685
0.87744814,0.470671
0.22328702,0.6508795
0.7897274,0.28242627
0.7776732,0.209642
0.16510516,0.7063223
0.84547436,0.3180251
0.8924318,0.43268004
0.84810835,0.3641732
0.742973,0.2989433
0.82273793,0.33088675
0.22167316,0.8067047
0.86767495,0.5224615
0.76317465,0.26506904
0.17191875,0.5559376
0.842462,0.42023626
0.852121,0.44670072
0.2062215,0.7665459
0.79989004,0.23384179
0.7927183,0.21386774
0.17119531,0.55250555
0.15016119,0.6034913
0.76528984,0.13215145
0.8168691,0.30583408
0.15702595,0.58289266
0.21061452,0.74362034
0.8645381,0.41127533
0.766187,0.25063482
0.8100991,0.16958655
0.86594373,0.4025549
0.21737337,0.7415966
0.88639164,0.46454418
0.22632675,0.8706511
0.78429365,0.1585191
0.83652335,0.5000173
0.83594906,0.33253247
0.8233551,0.41160607
0.1383426,0.61935484
0.7897365,0.24017625
0.7878728,0.22144052
0.8471596,0.36423102
0.97510076,0.7371575
0.13309528,0.59678674
0.1483038,0.45259365
0.24858762,0.75523794
0.18987231,0.6018268
0.9058345,0.4515704
0.1976255,0.7480059
0.124610715,0.49355888
0.80603534,0.25096598
0.78085613,0.36921808
0.15994826,0.6015552
0.7722593,0.23267968
0.15679392,0.6091867
0.15265515,0.45664766
0.1623181,0.64508295
0.8813402,0.5279036
0.1569831,0.640689
0.86949545,0.46708348
0.12445762,0.5586941
0.8202067,0.42525837
0.1551531,0.5768306
0.11503385,0.49028367
0.7910684,0.30383268
0.7758658,0.29333556
0.78288007,0.26181048
0.7860788,0.3049326
0.8492657,0.42519793
0.16163589,0.52023625
0.21975112,0.7974463
0.15220499,0.6336099
0.22587141,0.7823314
0.78243387,0.25029096
0.14878808,0.5403027
0.8133887,0.27983615
0.12311703,0.3507224
0.171866,0.6489105
0.83143234,0.4201583
0.21656267,0.83249766
0.7901621,0.335353
0.8503822,0.45346096
0.13112445,0.4476609
0.07402657,0.27905557
0.1655807,0.62395906
0.15984753,0.6645511
0.16437022,0.5485597
0.84749043,0.36103642
0.04141461,0.21223122
0.81681794,0.38573954
0.124843135,0.43831363
0.7575945,0.192838
0.76733524,0.31618404
0.7906289,0.26504755
0.8721326,0.4711533
0.8564414,0.28827274
0.21502694,0.6614494
0.16065505,0.5438552
0.8638658,0.41751605
0.8503461,0.38439432
0.11450872,0.40203977
0.20671293,0.87019557
0.86328,0.43916297
0.24873874,0.7880846
0.7840592,0.23937595
0.18664895,0.87367356
0.8632963,0.34264278
0.89891106,0.48910886
0.7679698,0.21216859
0.058777194,0.5419427
0.7827123,0.18824606
0.12264346,0.5450891
0.1213465,0.41652477
0.7816271,0.11165569
0.1516505,0.50437576
0.76321626,0.292463
0.16724613,0.6580629
0.7496379,0.19902746
0.81061476,0.385153
0.8435329,0.37459937
0.85267466,0.3198263
0.22296298,0.6017418
0.24539283,0.8002712
0.15137604,0.56820744
0.77885157,0.31176293
0.8278167,0.3179388
0.15527168,0.7415624
0.20623143,0.7058374
0.8208627,0.39150146
0.8648704,0.32674378
0.82722294,0.27412632
0.13125098,0.64049935
0.21412581,0.6047117
0.14998946,0.59764266
0.78283525,0.26080868
0.8591341,0.35235408
0.1635722,0.6752265
0.16866922,0.6851152
0.029506395,0.41620106
0.15857913,0.72173554
0.17635578,0.56008625
0.1833653,0.64112747
0.140668,0.53130716
0.8939366,0.52532667
0.89078224,0.6179667
0.13763702,0.6008513
0.123102754,0.47988686
0.8501125,0.32005408
0.83685297,0.3402809
0.0637921,0.3458742
0.15373516,0.510878
0.8586867,0.44956857
0.853059,0.24397665
0.8769365,0.37164304
0.1394825,0.6028886
0.85035324,0.56978786
0.1553863,0.5760728
0.21137087,0.678655
0.8715587,0.5237887
0.7838316,0.3005991
0.824798,0.32343355
0.8261065,0.38807163
0.1528848,0.61436516
0.18945545,0.60719365
0.7567541,0.23251455
0.87575775,0.3666402
0.86439884,0.4930709
0.7757932,0.29220325
0.7989683,0.29562607
0.13313693,0.58080935
0.82603943,0.3122347
0.79577273,0.33347028
0.1585347,0.6142031
0.840611,0.23107778
0.17381303,0.65069425
0.21995617,0.7084963
0.16419095,0.5494222
0.8012461,0.20205124
0.12817992,0.6241115
0.1785019,0.7035237
0.83866,0.3071206
0.83785444,0.34555355
0.765882,0.28100175
0.23774156,0.6525152
0.07885863,0.34163004
0.91685504,0.72285384
0.8508649,0.3884523
0.84515786,0.36957726
0.85472757,0.39517617
0.95316,0.6054914
0.8550754,0.50360745
0.12931705,0.5485269
0.86147374,0.2940145
0.8555962,0.4454961
0.86948794,0.32038262
0.20415431,0.77639645
0.22168308,0.81665164
0.1440171,0.61677086
0.77215976,0.18151781
0.13495187,0.5971994
0.12275135,0.5534885
0.21071129,0.81386703
0.7637426,0.24662854
0.83979195,0.35313773
0.8220522,0.28853732
0.8677813,0.41286716
0.19990449,0.73924786
0.15332545,0.6795889
0.78457606,0.25927424
0.22417665,0.8715254
0.23758887,0.8024255
0.8418468,0.5392299
0.8337601,0.40610826
0.13651457,0.35115516
0.17419219,0.5518301
0.7846371,0.37393662
0.7732842,0.25737533
0.22231172,0.775032
0.8209297,0.30391768
0.7577417,0.16013415
0.1554807,0.5693498
0.8548208,0.44289067
0.23613009,0.78012985
0.7965882,0.21065605
0.13309647,0.5318486
0.14899036,0.56102496
0.1728881,0.5823464
0.14169249,0.5712781
0.78112304,0.30216116
0.8604489,0.4207133
0.16970083,0.43408525
0.19743234,0.680352
0.88542783,0.5679735
0.2029799,0.81478995
0.8191148,0.26468223
0.13177928,0.4635897
0.13917314,0.43313733
0.13726895,0.6288143
0.8541291,0.44998208
0.14634489,0.54022866
0.20598552,0.80795133
0.084531926,0.41829577
0.15459663,0.64809054
0.22969249,0.72020197
0.8527619,0.3656288
0.2394526,0.72017133
0.19788212,0.669822
0.8931933,0.4715335
0.8032086,0.22426105
0.8060639,0.30144408
0.18059012,0.6336112
0.14236952,0.5346253
0.8532704,0.4616807
0.1370052,0.4483806
0.8227007,0.24099362
0.17609401,0.54071534
0.83810157,0.3606273
0.22745435,0.805278
0.83961624,0.42683968
0.83704615,0.27198827
0.8351943,0.202668
0.15462162,0.43999612
0.17944667,0.5976234
0.8645024,0.59555495
0.15674514,0.5472403
0.17864032,0.75259703
0.1730059,0.66550034
0.17428382,0.6749983
0.7563178,0.2243631
0.14025988,0.6227987
0.19781706,0.6934296
0.7550252,0.27549124
0.8624625,0.43299454
0.16592379,0.6248881
0.14664869,0.54085904
0.82959557,0.4051818
0.87028277,0.5216231
0.7665868,0.26607126
0.14006554,0.644093
0.14796072,0.25722378
0.75920683,0.31022015
0.8111708,0.34764344
0.15777834,0.6242473
0.21316083,0.73257697
0.18826438,0.588365
0.14583759,0.4875074
0.8097279,0.18549475
0.17665325,0.6988161
0.82982403,0.41598687
0.8211602,0.38419193
0.8239405,0.48188257
0.7878256,0.3094352
0.8195899,0.4560642
0.8356873,0.3767716
0.14488055,0.53962463
0.79557085,0.26733544
0.84683836,0.37747246
0.787678,0.28309208
0.10186556,0.3504911
0.88378185,0.5848966
0.7802342,0.35240665
0.1850914,0.5987815
0.13432322,0.4862292
0.87426484,0.40844694
0.14134148,0.6554986
0.20598552,0.78594434
0.12547852,0.5492632
0.8321165,0.50827694
0.21272177,0.70323414
0.16986147,0.6730832
0.1252933,0.6558434
0.8303166,0.40418833
0.1467998,0.74914837
0.79802036,0.1962144
0.91922015,0.61360914
0.16316488,0.47164562
0.22602808,0.8491987
0.78737146,0.27549693
0.83839345,0.5183391
0.15286496,0.58790904
0.80620944,0.261789
0.16508175,0.59095556
0.7321103,0.27333304
0.828203,0.37469572
0.88265663,0.67677146
0.14238974,0.51202345
0.13196094,0.5569034
0.85402876,0.48014882
0.15820709,0.533076
0.1742521,0.6557474
0.7835008,0.17157699
0.753497,0.18989658
0.84857,0.3731004
0.8306597,0.12295661
0.7847073,0.21631767
0.122388035,0.5787729
0.78378755,0.29192376
0.117528215,0.57655644
0.12756199,0.5723355
0.871805,0.4668601
0.19251779,0.651021
0.78090805,0.23303099
0.17176883,0.5672867
0.203626,0.6766418
0.17195167,0.6913134
0.76700723,0.19823243
0.21942748,0.7395137
0.14982961,0.5807147
0.21435824,0.7538178
0.8581604,0.39239287
0.1386373,0.6019661
0.8339715,0.29341048
0.14242743,0.55163604
0.85028976,0.41656378
0.8314232,0.37981552
0.83253294,0.38207096
0.8619616,0.4284236
0.15255918,0.5786634
0.2423071,0.7571627
0.1062423,0.37628493
0.19794755,0.8301607
0.8335979,0.4179068
0.8060726,0.3947679
0.83176947,0.35109252
0.17076933,0.56539434
0.16151373,0.5493114
0.84107107,0.34879458
0.24964978,0.75336313
0.813967,0.4436003
0.8759148,0.29785788
0.17149357,0.63435984
0.18817396,0.5228828
0.12464165,0.6585132
0.82919854,0.4115224
0.86398757,0.46727315
0.8191806,0.21869446
0.1564663,0.5974061
0.8419686,0.4414031
0.18305911,0.5547912
0.15472712,0.6524998
0.0870247,0.3712729
0.81398726,0.32509327
0.13797493,0.45473084
0.1812275,0.71649224
0.83246434,0.56570274
0.17461342,0.6670904
0.17294799,0.8245214
0.8351566,0.4034358
0.8335201,0.37619862
0.1929136,0.7208389
0.18378176,0.75308365
0.17989683,0.78199065
0.81345856,0.18211135
0.14164251,0.5043144
0.8291676,0.35357794
0.15571114,0.5930192
0.16220386,0.57827526
0.25846514,0.70130724
0.9165727,0.6626667
0.1589464,0.68676573
0.7754783,0.2899158
0.08762361,0.34597364
0.16155261,0.5845506
0.18777615,0.6881394
0.82320476,0.23097308
0.8484074,0.33182022
0.14902209,0.67162055
0.20897527,0.7449414
0.87505096,0.45242894
0.22225422,0.7108753
0.9028848,0.44809368
0.10293525,0.2970786
0.16832218,0.48844567
0.7707858,0.18638703
0.14469492,0.55623674
0.8613167,0.49303544
0.18927419,0.6985647
0.83986455,0.26139563
0.18446276,0.9862417
0.8427591,0.49248394
0.11939631,0.51876795
0.76545525,0.2030815
0.13299969,0.5189011
0.14955395,0.49563342
0.20875911,0.66773826
0.20435302,0.67924154
0.15237673,0.4946461
0.7904401,0.26282057
0.79950297,0.15414487
0.8716174,0.43592894
0.16770622,0.62927943
0.8764066,0.3602992
0.20195146,0.83000475
0.7640242,0.20044276
0.78855217,0.2216004
0.1711021,0.7672314
0.14731462,0.5634714
0.76735383,0.23530571
0.8462874,0.33756858
0.17258984,0.5537014
0.8197656,0.38917682
0.8436015,0.48451298
0.8158585,0.48374158
0.841459,0.3601739
0.16964848,0.5557961
0.8310357,0.2982153
0.77916414,0.32038
0.17960848,0.60642445
0.16101836,0.60708016
0.07777823,0.50407004
0.18669058,0.60673016
0.19378221,0.69851696
0.12105538,0.4702115
0.8916929,0.3628166
0.83618784,0.39017507
0.18945862,0.5929609
0.13733122,0.64494365
0.9260385,0.6371602
0.834025,0.39805055
0.1294646,0.5754701
0.11671791,0.39095566
0.899644,0.52300286
0.2011721,0.62348074
0.11147891,0.41538763
0.8023872,0.27895173
0.9428121,0.70014685
0.7515048,0.23850338
0.16651991,0.65323967
0.779786,0.14572667
0.20417374,0.7212077
0.81662357,0.25329897
0.8709693,0.37243283
0.8360653,0.48139766
0.21655752,0.66616523
0.79960173,0.28709748
0.17000386,0.58669263
0.79680115,0.20363957
0.88455325,0.6292786
0.180535,0.602313
0.1626346,0.727101
0.8225876,0.32777232
0.13738555,0.56302285
0.21826379,0.68058324
0.8672831,0.38320372
0.7622358,0.252037
0.24452461,0.76318043
0.1324004,0.5016954
0.80405223,0.33942014
0.8870444,0.47487834
0.8127077,0.36377284
0.19681202,0.67492294
0.8248301,0.44364673
0.86608213,0.56815046
0.82947814,0.52009255
0.784538,0.09574267
0.20796269,0.84232104
0.11911748,0.46155587
0.83988833,0.4246692
0.8455521,0.4471957
0.09411276,0.30573946
0.86338866,0.41955513
0.7796845,0.29646754
0.15547079,0.479041
0.064926445,0.3392064
0.18540514,0.5546922
0.23900282,0.73023653
0.1554454,0.6916152
0.15904,0.6001763
0.14501818,0.5311565
0.8127244,0.3529726
0.14859532,0.54366463
0.8506678,0.42020518
0.781171,0.30433556
0.84866047,0.43376768
0.8252676,0.4178643
0.1741803,0.49135292
0.12176296,0.3710105
0.7448237,0.14486285
0.14434668,0.6915018
0.16941606,0.60502535
0.83736223,0.5787724
0.78748566,0.35378864
0.1989879,0.8288781
0.22911303,0.8327907
0.858438,0.41496712
0.90574646,0.5116117
0.20626277,0.6049193
0.82629806,0.2414115
0.8231036,0.28761217
0.8624153,0.5014444
0.81183356,0.43941528
0.13664743,0.5077929
0.13227229,0.49516034
0.18689881,0.6903528
0.2381485,0.80811954
0.10694472,0.4146399
0.8794186,0.46890965
0.7797995,0.25317195
0.15160371,0.57461065
0.08682481,0.30447003
0.19329438,0.7426225
0.8576432,0.5958169
0.2070929,0.6543663
0.8177123,0.3661711
0.23474547,0.710686
0.14481114,0.5835821
0.13429269,0.64711195
0.17127305,0.8341889
0.81768733,0.33462232
0.16478191,0.5139285
0.1305906,0.49720687
0.18197553,0.6268177
0.79379874,0.11861128
0.8170143,0.29584202
0.8695228,0.43577784
0.85719377,0.38306573
0.8606317,0.5518082
0.87072974,0.3606203
0.8981507,0.46898106
0.20380488,0.8284348
0.78912926,0.14835489
0.10486562,0.428064
0.21714213,0.7315182
0.7566446,0.27529895
0.10763841,0.5157796
0.827355,0.44327658
0.76356965,0.16804773
0.20155048,0.6992296
0.14876388,0.48421028
0.17335017,0.77462983
0.8685297,0.5974438
0.7835262,0.108545184
0.18045884,0.7529654
0.20853105,0.6925154
0.8032193,0.27375662
0.8024669,0.22346382
0.14330634,0.5177797
0.18824694,0.67183256
0.8035814,0.3097094
0.15426148,0.47499135
0.15296215,0.5721051
0.8294397,0.41628823
0.8228557,0.3376023
0.7567795,0.3014235
0.18475586,0.54584736
0.14904271,0.5489312
0.10905158,0.5991876
0.7701009,0.1826624
0.7684426,0.24791943
0.87647206,0.37477675
0.8509569,0.48188695
0.8472084,0.47565585
0.14809993,0.63125765
0.7746279,0.2742757
0.8485954,0.43247065
0.8314803,0.3557344
0.8566619,0.3402485
0.17161731,0.76202315
0.1629162,0.55179244
0.8330053,0.3729046
0.85023504,0.24269322
0.7861094,0.28280953
0.8026922,0.29418054
0.8797271,0.42115745
0.1554684,0.63003904
0.8482476,0.41378093
0.16185959,0.60496753
0.9546731,0.72787243
0.21278682,0.7347593
0.21437728,0.7752575
0.76992714,0.06288112
0.7857798,0.20338857
0.16938354,0.5383289
0.17267947,0.550205
0.80024266,0.1465287
0.15976265,0.613221
0.17667466,0.51466966
0.7941945,0.44472387
0.22529434,0.6922403
0.75634634,0.26024973
0.15899003,0.644026
0.13504864,0.5859177
0.12363581,0.528841
0.22496316,0.8219037
0.8198101,0.41620982
0.15298475,0.58167136
0.95229095,0.66632336
0.8349884,0.30955127
0.81275535,0.19846153
0.17462927,0.6175716
0.8625843,0.39248618
0.77354234,0.24407127
0.91087633,0.5804532
0.800715,0.40910006
0.17629986,0.5937669
0.86626893,0.4648131
0.8336471,0.36205354
0.84816307,0.41155
0.23582111,0.7462135
0.2282583,0.791733
0.16043095,0.5642826
0.16489336,0.5091224
0.26191258,0.75167274
0.8531974,0.486075
0.09475172,0.44458368
0.7981604,0.30209455
0.8525382,0.33459342
0.8698433,0.37136182
0.8378628,0.4260394
0.8004596,0.36162996
0.7838835,0.1708757
0.1283243,0.6408244
0.7706435,0.26568753
0.15390491,0.5297285
0.8623733,0.34737492
0.16621095,0.70533764
0.14691958,0.47278848
0.79504174,0.36021993
0.16397955,0.5690966
0.75755763,0.11546136
0.8170916,0.3460297
0.14840256,0.46001223
0.8472635,0.6009201
0.16357934,0.7806432
0.21298711,0.75169903
0.8418508,0.46737784
0.23861215,0.70418733
0.20672959,0.75003934
0.77835304,0.15439805
0.19113238,0.79080045
0.8023642,0.38460633
0.8495203,0.40611878
0.15021354,0.52188236
0.15131417,0.6618186
0.12085945,0.5231509
0.20366646,0.78956777
0.2329107,0.9374294
0.1822496,0.7548227
0.13386671,0.4541154
0.8212466,0.26033384
0.7925192,0.19262905
0.22869141,0.86583006
0.78976107,0.38133943
0.7999559,0.38478678
0.7744217,0.24238922
0.743683,0.23042466
0.7660918,0.22364604
0.87902397,0.373386
0.16868706,0.5810507
0.8510259,0.40125963
0.21430153,0.8083215
0.13157582,0.54510623
0.08175795,0.41581514
0.7635205,0.2532534
0.80727917,0.188098
0.8609756,0.39947855
0.8885199,0.46224535
0.90114164,0.5402085
0.8364532,0.42438886
0.8171368,0.38015148
0.84459066,0.44383422
0.8195574,0.37437946
0.88132197,0.5583577
0.8172253,0.25173166
0.84406877,0.5590323
0.84728456,0.31944698
0.833089,0.5017506
0.835201,0.40697205
0.8714286,0.45473257
0.8156031,0.33686158
0.76848465,0.31847146
0.22762331,0.77969
0.1635369,0.81697184
0.8498186,0.62249774
0.21670823,0.7196032
0.7604966,0.33802587
0.15271187,0.6758652
0.053679395,0.25997773
0.81456435,0.19959167
0.18069127,0.76660675
0.76276135,0.21531895
0.85172,0.40216547
0.8925972,0.58898616
0.14979827,0.54184765
0.7985713,0.32806492
0.7905639,0.2530598
0.86941695,0.40847978
0.16079426,0.4946785
0.88899463,0.47751796
0.7806875,0.19040646
0.7645529,0.30019042
0.10726162,0.4311688
0.18313368,0.6882914
0.80539876,0.30804268
0.78510076,0.32698646
0.1500882,0.6030489
0.7843896,0.30399215
0.78515196,0.22950391
0.2268495,0.85448664
0.8277568,0.42838946
0.8355215,0.38804185
0.85875493,0.35367388
0.16519876,0.5465285
0.7783395,0.33976707
0.800393,0.5198858
0.2137768,0.8358815
0.81860155,0.29406446
0.7765892,0.21154176
0.17499933,0.6740788
0.18958753,0.72067064
0.15967262,0.53143376
0.8244355,0.3783183
0.7731227,0.21886617
0.846713,0.20512363
0.19254316,0.63449734
0.7721816,0.25867543
0.121803015,0.54975426
0.85595715,0.43001062
0.15966746,0.6818851
0.21862353,0.74054354
0.2062473,0.81100094
0.12590925,0.45905644
0.74178356,0.22695497
0.12680285,0.48134947
0.78971905,0.2552246
0.77719885,0.22730978
0.7927318,0.2918467
0.19897163,0.70961505
0.13312185,0.5205306
0.8602101,0.4311697
0.84448874,0.41262493
0.21837325,0.73786366
0.19925006,0.69495654
0.8230838,0.27848566
0.13804078,0.6051883
0.863466,0.28242362
0.9062232,0.45563582
0.20432645,0.71952474
0.13232344,0.65646183
0.8701217,0.55691135
0.80161655,0.3202245
0.23656756,0.8287432
0.14487578,0.60223943
0.7635463,0.4618244
0.17144004,0.70472085
0.21075611,0.75915664
0.17011254,0.6425607
0.80975527,0.43633327
0.22380938,0.80040836
0.8659227,0.5142842
0.2102746,0.6835707
0.23638035,0.75897133
0.82992435,0.3367293
0.15244177,0.4494183
0.79272544,0.40133804
0.7753764,0.19367246
0.20129347,0.6737398
0.8716015,0.5684352
0.07781155,0.36282447
0.28497544,0.9290362
0.9064683,0.62440145
0.19777264,0.65621877
0.240017,0.68074447
0.9773984,0.67366666
0.18399553,0.7551547
0.75671566,0.24128711
0.15714692,0.69447607
0.16844988,0.6868446
0.82219774,0.34062213
0.85267425,0.36452362
0.840655,0.3897077
0.81077814,0.27265015
0.15660553,0.76010454
0.7563551,0.29710224
0.19374058,0.6632948
0.8155408,0.43991026
0.16579607,0.7295471
0.1894269,0.70160556
0.14611007,0.5365847
0.88888,0.5434154
0.18547256,0.49362898
0.82744664,0.3907892
0.17233045,0.64774096
0.20640951,0.68953234
0.7731176,0.3086809
0.8132884,0.3278954
0.20370969,0.5719448
0.14475283,0.63216305
0.10245217,0.39214537
0.20849298,0.74928284
0.14236793,0.50410855
0.16757731,0.51967114
0.19823948,0.70562845
0.84502184,0.45266855
0.7463225,0.3126828
0.82898116,0.30712587
0.8181129,0.26513034
0.8559992,0.30482793
0.8393045,0.41117373
0.8525882,0.30193073
0.21172109,0.7477825
0.1053376,0.30160132
0.88088727,0.38804054
0.8348782,0.24637054
0.8279321,0.52501696
0.85997015,0.41609156
0.77463466,0.1705511
0.11756351,0.4671343
0.16890839,0.5766751
0.204309,0.74094915
0.13996519,0.5881714
0.17341958,0.69947845
0.8271373,0.33489916
0.852961,0.47790736
0.1287828,0.50511694
0.8368383,0.30404866
0.19485071,0.6860079
0.8881197,0.49554276
0.8349452,0.41489485
0.1476934,0.47418144
0.8034224,0.23459916
0.8029651,0.26785538
0.7813995,0.20246081
0.17234552,0.5264051
0.15932994,0.628187
0.13895221,0.46990663
0.8059612,0.23946838
0.79397404,0.16871311
0.1543182,0.5704537
0.85710657,0.2328159
0.8542691,0.44587722
0.17789428,0.5989235
0.1428669,0.57527035
0.15651906,0.5757049
0.13895221,0.46725914
0.17384079,0.63972926
0.7242714,0.16629119
0.24560145,0.8036156
0.15470253,0.54848176
0.13686757,0.47635278
0.16662978,0.6385273
0.84087753,0.3214624
0.20460567,0.88049734
0.88344353,0.5217361
0.8206771,0.42432448
0.8466801,0.48545477
0.1437815,0.5670817
0.10854747,0.3290102
0.20438832,0.6611712
0.17543522,0.62913316
0.78605384,0.3476233
0.7675902,0.14578098
0.786506,0.30967042
0.13007776,0.34435508
0.78118056,0.28626564
0.16776294,0.6838663
0.09406438,0.34894353
0.8684155,0.2846414
0.14399488,0.5379798
0.7704543,0.23664436
0.1554335,0.537607
0.04496558,0.19169517
0.01644321,0.43319997
0.8804938,0.44589517
0.1621039,0.7310846
0.8695379,0.47926134
0.8451912,0.45723113
0.83351976,0.4784247
0.8213684,0.28544828
0.86324465,0.40869004
0.13294813,0.51486284
0.22743332,0.74004155
0.7928329,0.28027767
0.1863725,0.48481697
0.2002333,0.7019402
0.21126379,0.7956556
0.10664209,0.4899731
0.8125356,0.3431413
0.21943739,0.82334703
0.7699347,0.29224268
0.8418457,0.31870493
0.13580859,0.498595
0.13925286,0.5824743
0.85702485,0.5132215
0.15095602,0.51716995
0.83671933,0.39263424
0.14850608,0.44667926
0.22129479,0.7067963
0.8365995,0.46155587
0.12567009,0.4517719
0.7759677,0.22076726
0.7544644,0.30557215
0.15710963,0.63016164
0.75200254,0.33771664
0.8413023,0.3456714
0.902253,0.6830415
0.1647601,0.67829317
0.14322187,0.5230322
0.77654916,0.15873243
0.86663544,0.44146925
0.8111704,0.3795527
0.83579797,0.46667567
0.18061392,0.53293145
0.14196815,0.45409435
0.8345066,0.33926728
0.7825497,0.22975358
0.15958892,0.607622
0.8284176,0.3080869
0.21305494,0.8115577
0.83521134,0.31967518
0.15417343,0.68528515
0.8886044,0.36738008
0.7782876,0.27538612
0.1925273,0.67538464
0.86783004,0.35451096
0.7710099,0.22671273
0.79310346,0.22411211
0.8358154,0.43863907
0.13639915,0.58484626
0.19308297,0.5531976
0.15681097,0.7602351
0.18781343,0.6335595
0.13964948,0.5319257
0.7633785,0.21939883
0.81717646,0.39942688
0.8465869,0.2867983
0.8510279,0.46148974
0.10839438,0.333066
0.16078237,0.5668749
0.84205943,0.38615346
0.16562474,0.4085652
0.84018856,0.36035046
0.837785,0.47185546
0.76046014,0.24910258
0.83220613,0.3766936
0.84103495,0.44220734
0.8565346,0.41044965
0.17966084,0.55956936
0.18606274,0.5751166
0.1489142,0.575075
0.8929823,0.5195108
0.81336534,0.36362654
0.13479997,0.59393424
0.21912645,0.83974016
0.16567947,0.6575381
0.8010557,0.33671966
0.794496,0.19430543
0.17480141,0.6181025
0.8092623,0.35588247
0.13815698,0.4681317
0.1464464,0.55837965
0.13929926,0.52317894
0.804949,0.31747624
0.77569205,0.27879012
0.7411303,0.18228087
0.20427053,0.6907028
0.7699037,0.14003436
0.20198399,0.6952356
0.2095591,0.73267376
0.73342395,0.27947563
0.7845673,0.21173011
0.76304257,0.11795335
0.14092344,0.662979
0.19434106,0.7314473
0.85237086,0.43318683
0.21516576,0.6884776
0.134138,0.4825488
0.8010494,0.376415
0.21478382,0.6349792
0.7763239,0.29017207
0.73089147,0.29717672
0.1398827,0.47994995
0.14989227,0.5596543
0.7997699,0.14434335
0.16841221,0.6588356
0.2449375,0.8295908
0.83021426,0.4747421
0.8696438,0.3053474
0.8509172,0.35865217
0.9120952,0.5640058
0.79189134,0.25682518
0.9362412,0.7292527
0.15083744,0.523451
0.1781275,0.6158396
0.12595963,0.49123204
0.1562914,0.48498124
0.17803945,0.6754512
0.1307437,0.5932474
0.16317756,0.68665355
0.8385604,0.30018649
0.8072308,0.28558713
0.83979434,0.32039663
0.80239433,0.255225
0.26646978,0.7392807
0.8679736,0.32871014
0.86270326,0.46974805
0.8298756,0.37930387
0.2200704,0.6840867
0.095435895,0.39413363
0.83113486,0.3710368
0.14433677,0.6149885
0.15346229,0.6461413
0.76700044,0.20216031
0.8084044,0.3725958
0.16977501,0.46943793
0.8713473,0.48001125
0.7863458,0.29840103
0.8596096,0.59097487
0.0777925,0.43853703
0.8274161,0.38871422
0.7703614,0.2423546
0.74667984,0.23172607
0.2268733,0.73928815
0.74896836,0.19283406
0.22694905,0.6888061
0.17136547,0.6475947
0.16891274,0.51575685
0.8362318,0.32623217
0.11066385,0.39622045
0.82306236,0.37393835
0.19472063,0.78631276
0.7948161,0.29886624
0.787045,0.14914992
0.8146706,0.3744005
0.85348976,0.28297773
0.9007244,0.70702666
0.78272104,0.2990007
0.1914239,0.7994162
0.87904257,0.6344632
0.75239563,0.2513922
0.8365345,0.391579
0.20650311,0.7209256
0.13448782,0.61082935
0.16140744,0.67748195
0.8462454,0.41890246
0.10614433,0.47843215
0.23968978,0.8089553
0.87728477,0.55075955
0.16436744,0.655284
0.7840906,0.18048054
0.17124131,0.7436698
0.2377729,0.7090355
0.80677027,0.28136095
0.84695774,0.3166523
0.20080364,0.67651826
0.80568594,0.20341003
0.17613724,0.5438622
0.21152873,0.7723617
0.8149459,0.3948647
0.14596531,0.6531446
0.12802365,0.5362053
0.15287212,0.52655053
0.11287344,0.48837253
0.19157976,0.69336605
0.7844797,0.29929376
0.14603075,0.61584264
0.8143259,0.42051178
0.17248434,0.78698075
0.14026147,0.51501614
0.79996544,0.31450853
0.09118766,0.345356
0.19829658,0.7651564
0.8570998,0.47143713
0.14854534,0.68157935
0.19734389,0.6777719
0.15662853,0.65752584
0.8199699,0.34597933
0.82099164,0.29291767
0.18230988,0.7230291
0.14468263,0.39156893
0.14788418,0.59803385
0.1596841,0.6308406
0.20379418,0.66266185
0.8120517,0.45633537
0.120411664,0.3472032
0.8293798,0.32448658
0.784561,0.25160596
0.11399152,0.45179424
0.83478856,0.42250836
0.84767324,0.40714332
0.8311353,0.41053638
0.14397982,0.57778466
0.16911581,0.526063
0.9286126,0.74861217
0.12683141,0.43316758
0.81119776,0.17989007
0.8255397,0.373255
0.79105884,0.28882903
0.11526825,0.5630798
0.8665735,0.4939251
0.80394,0.27654824
0.736773,0.3112066
0.8281415,0.35533318
0.9138383,0.4010178
0.7639262,0.22577402
0.17873472,0.6450383
0.12020463,0.59550506
0.09024132,0.38214323
0.14286451,0.620736
0.13940635,0.6482666
0.8545257,0.28202283
0.78424567,0.19645794
0.8304273,0.38316342
0.83277607,0.6223646
0.18635188,0.55241007
0.18578391,0.6434421
0.1953925,0.79148555
0.8343951,0.44220954
0.8518323,0.4040368
0.17272152,0.78047764
0.14291884,0.5698501
0.8193222,0.44659033
0.23614515,0.7095822
0.13512678,0.55226815
0.8337807,0.3618494
0.1557623,0.628279
0.14584632,0.6721182
0.14349435,0.68969005
0.13090354,0.5324342
0.13434781,0.51701754
0.15383749,0.6291222
0.8655007,0.432673
0.22345994,0.84675
0.25226352,0.7779532
0.2052244,0.759783
0.7750983,0.29293784
0.893628,0.5693323
0.14265113,0.61682564
0.84655714,0.39087462
0.20550561,0.76985526
0.17875019,0.60699564
0.17914562,0.6600673
0.17285717,0.53003204
0.18781422,0.6774574
0.16265562,0.6622085
0.8255829,0.3216424
0.1591447,0.5325915
0.21105437,0.68821734
0.17548916,0.49924722
0.8092349,0.3569171
0.14030787,0.6287345
0.84956676,0.3030381
0.16168231,0.59406567
0.7749393,0.07688999
0.13195498,0.47561732
0.8586736,0.3923022
0.10177037,0.4921081
0.20894235,0.7976189
0.8482067,0.39354315
0.18942373,0.67658746
0.7747461,0.21210113
0.19249834,0.757443
0.799545,0.24387985
0.11580964,0.4734201
0.19405073,0.69008386
0.18074124,0.6373884
0.7657979,0.23822129
0.8264091,0.45334092
0.8606127,0.38619378
0.76899034,0.24271424
0.20338883,0.6994136
0.86699235,0.3763375
0.1903415,0.6376512
0.9326894,0.6395834
0.77981377,0.18610537
0.8243772,0.4052392
0.8822925,0.37457395
0.7542217,0.25632492
0.08957738,0.40048912
0.8078828,0.26877922
0.82437086,0.34959182
0.22780773,0.62574977
0.8874629,0.42281675
0.8559821,0.4666117
0.753593,0.23334156
0.2348367,0.75357866
0.1351728,0.6994565
0.82535684,0.2833597
0.83994704,0.35143068
0.86199254,0.4124633
0.20737371,0.8416741
0.18761551,0.7143879
0.17462254,0.7168387
0.8514868,0.53337383
0.11155705,0.30775577
0.17310743,0.65301144
0.86896795,0.3900323
0.8328693,0.45365325
0.8134403,0.36310613
0.7389338,0.29624063
0.1100717,0.6229459
0.20187531,0.71198267
0.77241397,0.23862472
0.87365603,0.5554115
0.8766906,0.48002967
0.8308477,0.38539216
0.8317417,0.32267705
0.16545102,0.5741025
0.8816135,0.49756166
0.16036431,0.5256197
0.86024857,0.53522676
0.22696927,0.8599472
0.19907317,0.7056075
0.7823212,0.17714444
0.20794444,0.8378807
0.85793984,0.48398995
0.17170656,0.6713521
0.14219818,0.5410482
0.12347915,0.5108026
0.1657937,0.57410514
0.15301648,0.57192856
0.14432369,0.5129727
0.24780548,0.82474744
0.8583349,0.47663006
0.8343487,0.591426
0.8729913,0.4766918
0.8298359,0.3399322
0.81126046,0.427806
0.78274524,0.23975836
0.77261466,0.14662726
0.77028686,0.2295867
0.13956381,0.5423913
0.80596316,0.36767137
0.7531972,0.18891932
0.8119093,0.29012036
0.21585946,0.7588929
0.0735526,0.2909097
0.0650958,0.3488178
0.8478791,0.4388958
0.22924787,0.7263748
0.2071857,0.8215283
0.23165974,0.7668481
0.76231676,0.1270873
0.79852486,0.18414603
0.8467297,0.33836886
0.82287437,0.28080115
0.74803114,0.19876334
0.7929178,0.23794839
0.8661579,0.36970517
0.16175172,0.5997496
0.24592033,0.8486511
0.814272,0.314781
0.85039926,0.4261454
0.19788925,0.8076583
0.8413015,0.39233682
0.1898251,0.6710262
0.1321993,0.70102906
0.113732524,0.47788897
0.17119333,0.7172417
0.15037656,0.57392555
0.16984323,0.63988173
0.17705026,0.668793
0.844628,0.4006858
0.1449107,0.5409335
0.82682633,0.50879335
0.7372787,0.12487259
0.8156987,0.24756725
0.8329661,0.42747176
0.18090783,0.60720456
0.82544726,0.36133254
0.10267943,0.48220628
0.18432672,0.62428015
0.16711922,0.58031213
0.16711287,0.48408675
0.74655133,0.16226432
0.85436946,0.20644563
0.89828396,0.5147739
0.22252472,0.7048128
0.80202985,0.21513541
0.20824508,0.62937844
0.8312788,0.3954784
0.10128887,0.35862982
0.759632,0.30302015
0.2061644,0.7291305
0.79916346,0.3012658
0.8227149,0.42370114
0.76089525,0.14589225
0.8475507,0.4225986
0.8569824,0.40684417
0.1540017,0.4778916
0.1987991,0.776693
0.83039117,0.40596238
0.14892095,0.5903029
0.20670499,0.8660272
0.21545808,0.85288167
0.070600934,0.4582071
0.772013,0.21776013
0.77476,0.22431098
0.15569766,0.54864997
0.19210847,0.7152574
0.8820335,0.59528166
0.13250035,0.7115069
0.19974387,0.741629
0.8300092,0.33824357
0.8624919,0.4512357
0.16723186,0.65454984
0.7661652,0.24928173
0.8761754,0.4188512
0.18954311,0.7837003
0.8269326,0.41922352
0.8360185,0.31042823
0.8625807,0.47780576
0.142266,0.5871315
0.78369594,0.3274486
0.14398536,0.5193584
0.7267769,0.23347822
0.8335602,0.43441728
0.12271089,0.8081537
0.8126082,0.44002855
0.16624744,0.5393425
0.8762872,0.461898
0.18661563,0.75300306
0.193595,0.873342
0.7710313,0.21127893
0.1823436,0.65037185
0.1315187,0.41605696
0.20057836,0.5645498
0.20529144,0.80062735
0.8387512,0.6025881
0.83930016,0.327626
0.2179814,0.6411818
0.8390249,0.3262002
0.82352525,0.21122155
0.7876871,0.15883054
0.09804965,0.31187856
0.15177347,0.65848076
0.8709772,0.41709554
0.8493228,0.4876677
0.87687105,0.5231737
0.7939502,0.2976428
0.8093301,0.26865655
0.8282181,0.3783634
0.18713282,0.61214083
0.836803,0.3620334
0.17370792,0.6718094
0.8651461,0.37225848
0.17154355,0.4762297
0.1380368,0.5139775
0.21374783,0.82648206
0.16080695,0.56264174
0.19412728,0.7049644
0.7448173,0.27360287
0.86026406,0.30915397
0.8805053,0.27556792
0.22292411,0.84200525
0.79108304,0.35586494
0.8296844,0.3287868
0.14618742,0.5986133
0.81450206,0.45075783
0.17691304,0.6466161
0.80179346,0.30281338
0.81988424,0.44246972
0.81906205,0.23639643
0.7526633,0.18438607
0.8580402,0.4404206
0.18210642,0.67540216
0.1304022,0.5353546
0.18496686,0.7012919
0.88243014,0.37805766
0.85723424,0.51123893
0.2248648,0.70560133
0.17182435,0.60916567
0.8228569,0.43318158
0.17126195,0.7198139
0.80416924,0.24580415
0.8479969,0.41516116
0.12797448,0.57127196
0.8559234,0.48568603
0.1541996,0.5991451
0.8452935,0.40730014
0.17325379,0.55689204
0.16705179,0.5741542
0.16635175,0.6415384
0.1405046,0.5577515
0.1245068,0.45397213
0.15455419,0.5919009
0.1987047,0.7361877
0.12576647,0.5302839
0.13005912,0.5308656
0.7640167,0.3197019
0.15140659,0.53239
0.11364408,0.6232363
0.19408166,0.69195294
0.19082935,0.6829417
0.18625271,0.59190965
0.15461408,0.53196204
0.8530249,0.43811783
0.825433,0.18183276
0.15413892,0.67819726
0.87051123,0.38512978
0.16318312,0.70566
0.8272432,0.37734672
0.18304007,0.60569817
0.8187205,0.34696227
0.76221365,0.19812423
0.17937051,0.5417171
0.20957299,0.65879005
0.1557385,0.5584208
0.8453419,0.35511547
0.21702196,0.708378
0.8873657,0.5783392
0.8320356,0.42831936
0.77803177,0.30167493
0.79245895,0.3513352
0.20154136,0.56276965
0.8040974,0.16783528
0.12587118,0.50101167
0.76040024,0.27848393
0.8646872,0.46289933
0.08138195,0.37498966
0.19778652,0.7374869
0.7871648,0.3823145
0.7964026,0.2582904
0.8801527,0.6575469
0.846247,0.523511
0.1474824,0.67594266
0.8215314,0.490709
0.11932888,0.51876706
0.79865456,0.21744475
0.07138466,0.31758794
0.91125196,0.55518895
0.21842046,0.81969863
0.80825526,0.39681968
0.767192,0.2279918
0.19771712,0.700577
0.12544441,0.62767273
0.18577717,0.6314705
0.21380375,0.8213605
0.7558212,0.22767423
0.21975945,0.68725634
0.7943671,0.2516747
0.13139574,0.6059023
0.84907174,0.32940137
0.76917475,0.2081439
0.13844374,0.5707756
0.21321954,0.70614624
0.1214647,0.5049251
0.840325,0.38257995
0.77156043,0.21292464
0.19509543,0.7021264
0.8475305,0.3687047
0.8333865,0.4136631
0.14183289,0.68340945
0.8293445,0.28153747
0.8421622,0.33841178
0.78802866,0.21765807
0.8109202,0.43010744
0.16940218,0.6509816
0.11733823,0.7308559
0.24620987,0.8369503
0.17834881,0.686191
0.87166303,0.40753627
0.18181609,0.7118556
0.8304348,0.3787261
0.7969646,0.20478065
0.1919756,0.77418566
0.9072469,0.68078566
0.83466995,0.3268844
0.18152219,0.70617336
0.12231823,0.5639331
0.85678804,0.4341286
0.19294217,0.7076522
0.14442839,0.57776105
0.8539324,0.4748468
0.85003,0.38030568
0.22134277,0.68082243
0.14409444,0.5504306
0.10013826,0.40678853
0.15005806,0.59569514
0.81394637,0.30797917
0.8608336,0.57016456
0.14791511,0.4424557
0.84760344,0.3846129
0.23633832,0.79265857
0.8681616,0.36695606
0.13753231,0.5975485
0.77180636,0.24640776
0.21160884,0.8580707
0.13389686,0.6034502
0.78893256,0.25853088
0.8399014,0.4893822
0.9126723,0.6063539
0.90727544,0.5234821
0.94990885,0.55247927
0.7700664,0.14647482
0.7935818,0.35896012
0.82449895,0.42594433
0.14851362,0.6187893
0.15753244,0.6093917
0.2191554,0.76363426
0.23133412,0.7630937
0.947844,0.73602605
0.111702606,0.49962088
0.84484535,0.44717425
0.1422787,0.59691423
0.114948176,0.543079
0.19153059,0.730092
0.8721104,0.42351234
0.8693769,0.48735014
0.76110864,0.1738688
0.19385916,0.6883273
0.80624676,0.20678861
0.22633904,0.6770851
0.16059674,0.61238045
0.13364977,0.45175743
0.84977096,0.47997972
0.22484496,0.70218813
0.19746962,0.8258452
0.84239817,0.3334322
0.0927456,0.37844533
0.2186259,0.78996027
0.7911449,0.23968433
0.21386722,0.7446383
0.86428857,0.35050642
0.18030138,0.5713604
0.15398027,0.5662696
0.072942995,0.3997519
0.81149286,0.3421986
0.8323628,0.45156074
0.77030116,0.23006986
0.77657413,0.19381483
0.87985766,0.59396315
0.7895485,0.13026527
0.8457381,0.4710442
0.21265474,0.6788416
0.7550502,0.18434621
0.22921178,0.8024781
0.03586585,0.3215741
0.14225331,0.5472114
0.88150084,0.3529923
0.22570366,0.8969027
0.7749813,0.2228313
0.8340465,0.48399872
0.16367732,0.67597467
0.14309852,0.5875415
0.16279404,0.6008202
0.8415617,0.3731661
0.8205867,0.35849404
0.8772403,0.48283136
0.13872218,0.62213856
0.19272482,0.62235016
0.84092116,0.3872008
0.8459031,0.408973
0.14847077,0.55637646
0.19853812,0.79072946
0.8399629,0.463181
0.13064216,0.5289251
0.12181769,0.5999949
0.20664947,0.6795784
0.19778731,0.7247786
0.82754344,0.41008213
0.8485847,0.4187824
0.15348409,0.5423207
0.7872957,0.33862248
0.7748921,0.1811735
0.14306362,0.6545297
0.1491966,0.6873864
0.10576278,0.41216895
0.19949122,0.64947253
0.18235232,0.5026928
0.19521005,0.5525805
0.7556301,0.29354715
0.818859,0.37271842
0.8373836,0.35860136
0.8786995,0.36782336
0.13936351,0.61783445
0.19902122,0.71620005
0.14288117,0.4577318
0.9239181,0.66515297
0.8270699,0.42931196
0.8063427,0.4388257
0.1632906,0.56842643
0.13375446,0.612592
0.85262907,0.38623407
0.17270803,0.70358723
0.1444645,0.63736564
0.2493888,0.70037115
0.25725386,0.6878805
0.21620412,0.80668586
0.8540692,0.42342868
0.22664008,0.5966273
0.15013541,0.7145684
0.1794788,0.544931
0.16808698,0.5566853
0.7615794,0.24255173
0.13871068,0.51922566
0.17144756,0.45122695
0.17545544,0.5961437
0.22257747,0.73545444
0.11982902,0.62431955
0.81026614,0.34757948
0.7893486,0.23409322
0.18669853,0.806218
0.75971293,0.22618446
0.8444439,0.28997803
0.8673164,0.40850562
0.7843345,0.35925665
0.8506864,0.35153276
0.22556484,0.84299344
0.8722572,0.3890305
0.8378382,0.40717357
0.22717512,0.8625089
0.2869871,0.7758415
0.83538944,0.38154575
0.2220916,0.6690147
0.16350558,0.8042245
0.86934555,0.38329178
0.22896191,0.6776445
0.7541546,0.18616757
0.13157819,0.58121276
0.7045878,0.25197697
0.15831457,0.6100089
0.85111475,0.35611638
0.11160107,0.38981238
0.20712541,0.70511466
0.15705252,0.53055376
0.82542706,0.36524507
0.78236526,0.19534183
0.8619874,0.48243624
0.8332814,0.41562155
0.23449084,0.7972212
0.77548224,0.28290504
0.8044001,0.49221587
0.13381396,0.6309913
0.8067445,0.27223882
0.8156959,0.2700399
0.15910742,0.8062544
0.8409394,0.40846446
0.16367097,0.49079487
0.85519284,0.45071447
0.8126538,0.3449736
0.84172666,0.32248387
0.26236752,0.92803925
0.18498273,0.7499714
0.8802396,0.3608384
0.21776246,0.6978323
0.8040074,0.27976823
0.2443751,0.7367466
0.14955872,0.5518485
0.16013388,0.6177319
0.15209235,0.4836312
0.8068801,0.31576616
0.75876456,0.21474162
0.112549,0.6534653
0.75690365,0.23393773
0.15970077,0.5242495
0.8781637,0.5036451
0.7676347,0.23008782
0.8304007,0.34206808
0.79095453,0.35223538
0.17973977,0.65915227
0.8404063,0.47281608
0.25244004,0.87756157
0.7905615,0.10032148
0.17994998,0.7731594
0.83729875,0.3793284
0.10547007,0.28357303
0.84455657,0.4518437
0.81325704,0.34028748
0.7665999,0.13229863
0.16678883,0.58806455
0.8329502,0.4381625
0.8668036,0.51736575
0.14426856,0.5850158
0.7799336,0.1823457
0.12988818,0.44877747
0.13547145,0.56695944
0.74725497,0.184118
0.8449536,0.29997796
0.1923389,0.67873734
0.13649434,0.55629545
0.220377,0.7195081
0.09263296,0.36191556
0.8147797,0.3117432
0.81952685,0.3095907
0.7910418,0.30274156
0.8730809,0.42768684
0.887501,0.58868086
0.16321485,0.7272513
0.19103004,0.6942688
0.92815167,0.59526193
0.8652409,0.5271467
0.7706752,0.27051735
0.16187784,0.67885214
0.20814514,0.74003804
0.1314132,0.6417784
0.1921874,0.844902
0.7811159,0.21384145
0.7889738,0.17810024
0.79934865,0.23486987
0.25138065,0.83678514
0.16627757,0.59421897
0.1157672,0.45275748
0.76327497,0.22352207
0.18570459,0.6367007
0.12593584,0.5367125
0.16960208,0.61106104
0.8275736,0.29329702
0.16631407,0.7215757
0.91855496,0.6888026
0.14214306,0.6591133
0.7716886,0.23577179
0.83668363,0.3144367
0.8398221,0.3219105
0.21973883,0.69181806
0.12917069,0.68876845
0.15623389,0.49795854
0.86094624,0.3455759
0.14868812,0.6995389
0.19332531,0.7543106
0.15370661,0.81680757
0.851626,0.4747062
0.15335162,0.6610284
0.24022838,0.70445585
0.18004556,0.6315835
0.15153271,0.4936675
0.18271087,0.7148062
0.76771635,0.179219
0.7761819,0.40907595
0.116286784,0.55919397
0.8265118,0.39272666
0.88780874,0.47991052
0.81860435,0.33625272
0.16258423,0.6352762
0.18020342,0.5140897
0.20257416,0.71845156
0.89065254,0.54906255
0.78922725,0.27973056
0.19460045,0.7516276
0.8070991,0.2733409
0.16898097,0.66770977
0.14350744,0.49470216
0.78763163,0.25730395
0.8371925,0.37391382
0.18423748,0.5498296
0.13966297,0.47141305
0.78603244,0.35671693
0.8328832,0.3528736
0.22776689,0.88604987
0.20344475,0.79165155
0.11442582,0.36715972
0.8386584,0.30877593
0.87760085,0.45367208
0.836684,0.38111165
0.7782114,0.15207076
0.7812127,0.2566828
0.24543248,0.91931045
0.8515003,0.35689566
0.8321562,0.38237146
0.14857112,0.6446839
0.20918746,0.7086987
0.15578967,0.5394529
0.15904278,0.4802487
0.8149459,0.38943306
0.86954665,0.3919623
0.16588214,0.6306943
0.8611402,0.36918697
0.818437,0.4137853
0.20840968,0.6518296
0.150325,0.6214447
0.23567079,0.6684277
0.15736347,0.59461933
0.83299583,0.42663425
0.87719434,0.6272925
0.21937275,0.7947305
0.15753481,0.6603985
0.13784444,0.8078637
0.8734617,0.3760037
0.21531251,0.6957928
0.852825,0.45589513
0.8371302,0.38245556
0.12809624,0.37724555
0.16236608,0.70222056
0.8158387,0.29496813
0.76822245,0.3343547
0.14950636,0.6515199
0.08428166,0.3386264
0.15852875,0.5510154
0.9137709,0.63980377
0.87441796,0.35706386
0.1851743,0.5260866
0.85374635,0.46493885
0.9157909,0.59463334
0.18722247,0.6108495
0.23339933,0.7451149
0.1197501,0.6467037
0.88577765,0.4054087
0.12413,0.5900962
0.82168686,0.20668218
0.21680659,0.69027615
0.1622943,0.71450925
0.16263182,0.59428906
0.15033332,0.5233445
0.13602236,0.53927857
0.21927795,0.7112721
0.89461875,0.5033569
0.069489196,0.2703693
0.12733473,0.5053837
0.22252828,0.9101866
0.8715095,0.42225388
0.8360974,0.41216105
0.20432407,0.7928741
0.18840282,0.7666681
0.78551286,0.31892177
0.7993082,0.31427464
0.7624698,0.2708012
0.8734133,0.28445917
0.13250907,0.5105219
0.8356369,0.2352768
0.19550039,0.68688357
0.21879685,0.8125209
0.14269793,0.6048015
0.8687423,0.27862364
0.20867541,0.6827761
0.8207786,0.34945384
0.7849346,0.3180698
0.85160935,0.4044275
0.8039221,0.29340786
0.8391811,0.26369533
0.21143672,0.81701696
0.86357033,0.51528203
0.25405943,0.7796927
0.82873213,0.35214514
0.21541564,0.72458583
0.80195093,0.30258384
0.14600894,0.63932365
0.80046874,0.2679316
0.7533792,0.26088446
0.17224675,0.5953517
0.1330231,0.5983952
0.86296505,0.3078749
0.8596199,0.37180248
0.12475945,0.4601603
0.15277216,0.5148703
0.1905188,0.68422246
0.112143256,0.4638122
0.879674,0.69687474
0.8351566,0.36643785
0.855434,0.49407795
0.17297854,0.752848
0.75921476,0.36851633
0.111857295,0.4960364
0.8392724,0.43274266
0.1976727,0.7322366
0.76129305,0.32145843
0.06307144,0.32196
0.83207524,0.50228107
0.12902394,0.41796768
0.8499431,0.45143458
0.16502067,0.78363854
0.76578796,0.16860665
0.80341285,0.35675636
0.14637978,0.5297062
0.17973699,0.7968699
0.8784853,0.46599627
0.8454339,0.4467695
0.7922868,0.25178862
0.9229289,0.5994623
0.7626055,0.3259527
0.8247627,0.28464052
0.2549459,0.7658056
0.8152576,0.26549086
0.78094614,0.20701289
0.14414203,0.5535025
0.16146138,0.617166
0.759799,0.21187861
0.82770246,0.58623046
0.8576741,0.29827577
0.8723043,0.35675284
0.16355397,0.49859107
0.7928143,0.19923554
0.89068663,0.5941918
0.14349514,0.5457326
0.82789046,0.30190182
0.8398665,0.39122155
0.15383828,0.6587226
0.9060748,0.63409
0.88714164,0.70758384
0.24797484,0.907462
0.88435775,0.50240374
0.75871027,0.26024362
0.88080436,0.425222
0.16296816,0.6803117
0.14056925,0.6137712
0.16831344,0.62069786
0.18311463,0.70217586
0.11879741,0.42419964
0.8422728,0.35150078
0.13892485,0.51577175
0.8657803,0.44454953
0.24021927,0.774127
0.83277094,0.45205048
0.8427507,0.30682886
0.83053195,0.22614285
0.24724862,0.7572871
0.8862992,0.5364414
0.18951614,0.7256617
0.8141503,0.23845826
0.18366198,0.65942603
0.7620427,0.16139789
0.13904424,0.52566963
0.83089685,0.47122335
0.7543716,0.17016082
0.8477355,0.45670855
0.2413441,0.7369131
0.7752431,0.25703105
0.14492457,0.5093221
0.14178133,0.46563664
0.8274395,0.38886097
0.80537415,0.37121773
0.7688674,0.21103013
0.84398466,0.3397351
0.84840816,0.35460165
0.8182398,0.16358456
0.14226164,0.5151103
0.17559624,0.686661
0.81417644,0.3328277
0.7555543,0.19609219
0.18938525,0.68735003
0.88662046,0.37448415
0.081011504,0.3875587
0.09945766,0.2584757
0.8315402,0.39094517
0.17169863,0.4890725
0.16496515,0.48628965
0.8826178,0.5548736
0.1603778,0.6404757
0.20509946,0.6913493
0.79397166,0.22266702
0.80693924,0.22445378
0.22592576,0.71106887
0.85234785,0.40369818
0.8416525,0.43716422
0.21202134,0.80259764
0.8556573,0.40722042
0.85118973,0.4822895
0.8377597,0.33736005
0.848453,0.49428952
0.13080002,0.5824314
0.13272007,0.58796203
0.21550527,0.697106
0.7676751,0.2750659
0.8081557,0.31876582
0.11005741,0.5612676
0.77351344,0.22966817
0.8310337,0.1720641
0.824236,0.40324962
0.14577533,0.6107641
0.1560788,0.6335722
0.19522831,0.5403724
0.8774212,0.35175878
0.7700921,0.25367656
0.84748524,0.36876163
0.8355148,0.38949087
0.22026157,0.784724
0.14991766,0.62968594
0.8906692,0.6621498
0.1924218,0.66762877
0.07992396,0.36390993
0.8544868,0.4289252
0.12444334,0.5409475
0.15122691,0.6140384
0.8106679,0.33231783
0.12905924,0.4274017
0.10018705,0.42860585
0.13814549,0.6240795
0.8172495,0.33837938
0.13510814,0.6342564
0.21815036,0.7436926
0.13933933,0.37595728
0.15714057,0.6437461
0.8614793,0.4067224
0.8269901,0.41062397
0.7964597,0.319772
0.26028207,0.73906386
0.9121515,0.5637955
0.15136494,0.6429151
0.8794507,0.57566285
0.19593072,0.82162553
0.8435004,0.43562803
0.21863583,0.7126029
0.21325444,0.62823826
0.85271114,0.32662028
0.19088131,0.65047085
0.8284025,0.3880217
0.79277307,0.19757625
0.83102816,0.36931312
0.745279,0.32960725
0.8261104,0.3687783
0.7601385,0.28198734
0.2274,0.77263504
0.76736933,0.34631005
0.86150867,0.48473024
0.8531185,0.37627134
0.13904859,0.5127878
0.86766344,0.4236937
0.75555706,0.29398167
0.8607027,0.4628748
0.13395794,0.5418205
0.83380216,0.2848613
0.23781058,0.743248
0.79259497,0.3549998
0.15472117,0.64780843
0.80844086,0.39778423
0.14939888,0.6602732
0.84382325,0.31225833
0.9248022,0.6529904
0.8327368,0.30779517
0.20175831,0.62872183
0.7381128,0.31658044
0.80683213,0.431807
0.76016587,0.28248012
0.80991155,0.34091517
0.17216982,0.7481155
0.8127593,0.33060202
0.85766816,0.31727737
0.7340022,0.27725172
0.2035697,0.7218389
0.20007741,0.6247913
0.7709001,0.16795443
0.84120274,0.54321915
0.86146384,0.31717706
0.13758188,0.6448543
0.14200622,0.43968424
0.19120654,0.6763378
0.17308244,0.6643566
0.8659572,0.4270784
0.14973323,0.6605277
0.7577048,0.23525885
0.17061862,0.68895984
0.1843279,0.6463248
0.18535437,0.63126725
0.12734306,0.6131426
0.234801,0.7907772
0.13701709,0.60453254
0.85527694,0.45080337
0.14817609,0.59681654
0.8228545,0.36636338
0.13556227,0.60403365
0.8378068,0.27748433
0.76152074,0.19715355
0.16507462,0.71112585
0.1255864,0.61286443
0.776809,0.2548724
0.85795885,0.41517562
0.15611054,0.5266
0.12421568,0.51981306
0.7815954,0.2323678
0.088356964,0.37396115
0.77200824,0.20338024
0.8170904,0.40342703
0.8359229,0.26790226
0.086932294,0.36363265
0.78408027,0.16370678
0.15329808,0.50367665
0.14940482,0.60919416
0.79735327,0.1979039
0.16439123,0.56104463
0.15969759,0.54768276
0.88813,0.52612257
0.16319859,0.6288861
0.098951966,0.5399023
0.82532036,0.36532566
0.8639102,0.4482873
0.15498215,0.47253004
0.84890795,0.24668461
0.9283266,0.5724376
0.87522906,0.5196282
0.14976259,0.46823332
0.15481357,0.58067834
0.14096786,0.41283825
0.76803803,0.29270172
0.17792204,0.66878426
0.904037,0.64369875
0.74624044,0.11889601
0.83562344,0.2924893
0.8082223,0.37450737
0.87403995,0.43003383
0.85456616,0.4397561
0.8007682,0.26702836
0.08515423,0.4261073
0.15975828,0.6570011
0.19499113,0.73504007
0.22773357,0.9251968
0.7880445,0.36474133
0.8501133,0.48891044
0.7734218,0.25514486
0.10156214,0.30834228
0.8256801,0.39574912
0.14405914,0.56483895
0.73528844,0.30786702
0.1553391,0.49605656
0.17693287,0.60998696
0.20012383,0.6021203
0.81796455,0.26635334
0.15192497,0.5708584
0.17145233,0.656853
0.15396917,0.5770882
0.21922202,0.7655677
0.15131576,0.5486521
0.15939815,0.7037388
0.08756253,0.36766216
0.13128509,0.6464028
0.15021394,0.6290793
0.14240046,0.61800176
0.8039324,0.18998595
0.14683828,0.5945703
0.20853026,0.68267137
0.86231023,0.5852081
0.14865284,0.583261
0.1450963,0.48792747
0.18600483,0.79775167
0.76275223,0.13673463
0.1306033,0.5619549
0.18621068,0.6662774
0.13442674,0.7022582
0.12717448,0.56240344
0.17369245,0.7366459
0.16088033,0.6266363
0.16228437,0.6849794
0.22111551,0.79127175
0.18249987,0.6545183
0.8536214,0.37141877
0.16320652,0.6897111
0.16637357,0.6250778
0.86473954,0.4669814
0.76944685,0.1772211
0.27189797,0.7887469
0.8321506,0.3161836
0.16974644,0.70704025
0.21171434,0.6705115
0.8489591,0.3376746
0.2172873,0.8058628
0.065390885,0.37478203
0.7991952,0.28513288
0.80155426,0.2881698
0.17646247,0.64040387
0.16167675,0.4830517
0.8394584,0.41091
0.92448807,0.68036646
0.84313744,0.45689955
0.87766707,0.5127909
0.847795,0.50628036
0.84489095,0.36689603
0.8639713,0.34654614
0.15519553,0.5600477
0.86166173,0.32999402
0.15069544,0.45327434
0.14526051,0.5563033
0.19616671,0.75862485
0.13548493,0.50286716
0.21958812,0.6990544
0.1246714,0.4963987
0.7417197,0.15483652
0.8833158,0.46865427
0.7651312,0.20071785
0.804103,0.31307396
0.7678139,0.24737933
0.19218819,0.6725663
0.7576616,0.27433702
0.83235484,0.3860317
0.847749,0.35410842
0.14419082,0.5087745
0.1447219,0.5088017
0.8643021,0.3909973
0.77117217,0.22197405
0.18225,0.61580104
0.1327637,0.7264685
0.8454418,0.47273546
0.088671885,0.3124638
0.09238348,0.44919273
0.135782,0.60126436
0.77281535,0.23350056
0.12829258,0.5552275
0.1680255,0.6099248
0.16201626,0.49848813
0.8671213,0.38695946
0.13467225,0.45375618
0.19640072,0.83057904
0.8336522,0.21940716
0.822661,0.41284877
0.8712751,0.5239468
0.79399943,0.23817529
0.1495012,0.6143739
0.10264135,0.34719443
0.12587039,0.58715606
0.22685148,0.7796335
0.22339967,0.7798057
0.83293116,0.32575822
0.8204641,0.35344917
0.11941971,0.46933237
0.18631023,0.78424037
0.856462,0.45878047
0.85055393,0.502257
0.75840366,0.25225207
0.76501817,0.23002824
0.17574735,0.775198
0.84438246,0.36005038
0.170291,0.72971743
0.16004425,0.57047296
0.93552846,0.70037025
0.81488717,0.5283522
0.1614118,0.6006988
0.8323862,0.40191317
0.78880125,0.16348512
0.8384605,0.43332702
0.7923788,0.24870001
0.81480986,0.25103432
0.8477633,0.39519718
0.8108329,0.41387597
0.24077177,0.70845383
0.85998327,0.25751728
0.109809525,0.58219135
0.1285357,0.44963208
0.84647983,0.3244892
0.77804565,0.3428338
0.14242585,0.5517582
0.8155452,0.42062
0.14177617,0.4630509
0.83304536,0.49162275
0.8204712,0.34787384
0.080451466,0.30131397
0.19854487,0.78403366
0.14133751,0.44453332
0.83805513,0.44297215
0.1219573,0.5800813
0.1942665,0.7081726
0.8037012,0.14773418
0.82318056,0.42823133
0.82974154,0.39845312
0.8202943,0.34347814
0.17081693,0.69817746
0.8416053,0.2820802
0.22148953,0.6299628
0.78176755,0.124361835
0.883486,0.36852598
0.20317902,0.88283163
0.12014275,0.57353395
0.84827614,0.35231334
0.8182299,0.38828716
0.8543865,0.5093164
0.7868673,0.13265564
0.14216328,0.53232783
0.16902459,0.7014575
0.15211615,0.7156078
0.17200164,0.6440365
0.28101078,0.82233036
0.2008671,0.7217728
0.15770575,0.7361128
0.15043208,0.5513938
0.12067582,0.5491554
0.17207502,0.7044475
0.15537758,0.5356376
0.1294396,0.52399194
0.21957701,0.7204753
0.7886323,0.30126405
0.13852663,0.4435473
0.7567747,0.35842746
0.8940107,0.5077627
0.83751535,0.42979118
0.8486188,0.45366552
0.18933924,0.64642334
0.14463821,0.6321994
0.15545532,0.49794978
0.8174565,0.23236735
0.14428918,0.6836355
0.15661345,0.5518108
0.14835814,0.54573
0.24172762,0.7338389
0.83481866,0.42850947
0.9069875,0.42494166
0.8603664,0.3510277
0.15913162,0.49690637
0.14629331,0.6231198
0.16420284,0.5342359
0.17982306,0.655093
0.76815426,0.3927113
0.81071866,0.18233344
0.8536174,0.48923546
0.1339393,0.65383846
0.81629556,0.2202714
0.84664994,0.34308478
0.15841016,0.5192366
0.16859347,0.5736391
0.23064081,0.744167
0.16814607,0.53566563
0.14228107,0.56570756
0.7911088,0.19999948
0.76872104,0.17983487
0.7582795,0.15816341
0.15431741,0.54858774
0.118440844,0.50018114
0.09412823,0.38674876
0.23100808,0.8511532
0.8553991,0.32648447
0.13656811,0.4978674
0.17064638,0.732524
0.17258428,0.5934857
0.7575489,0.22995771
0.8350777,0.3345851
0.1419852,0.52647036
0.8306422,0.4771662
0.84828645,0.5954674
0.12516598,0.42705476
0.20324406,0.6944892
0.1688227,0.44540852
0.86013275,0.41108173
0.8301282,0.28067803
0.22626527,0.8109834
0.11120207,0.4047442
0.8727807,0.45088616
0.7695928,0.29162723
0.79391533,0.28376138
0.8498836,0.3887379
0.84521854,0.26478824
0.16989598,0.4863479
0.098623954,0.41821343
0.1356999,0.65572464
0.16195558,0.667998
0.84557194,0.33077022
0.23278338,0.73749393
0.88199186,0.5188091
0.7870756,0.19138679
0.23795375,0.726805
0.7978411,0.20456864
0.86504894,0.33456233
0.7930519,0.2585484
0.8604584,0.40373102
0.8274502,0.20934807
0.14713812,0.5295638
0.7893891,0.28183842
0.8129814,0.42395565
0.9608787,0.5706048
0.8631987,0.46919918
0.8339616,0.45194447
0.84406674,0.5864035
0.8147531,0.23407483
0.76386476,0.2731657
0.113764256,0.46073458
0.8457028,0.3530554
0.8572041,0.52923876
0.86732155,0.38740802
0.21362132,0.776612
0.7604582,0.29417616
0.19604099,0.6006686
0.19447234,0.6538323
0.8482591,0.37717634
0.8458095,0.43739724
0.7661247,0.2535885
0.8753199,0.44637614
0.82654035,0.35076532
0.081887245,0.26010695
0.8437998,0.34400684
0.7826159,0.24994448
0.18096414,0.5945799
0.12879866,0.58217204
0.22490723,0.6690112
0.78514045,0.22995597
0.1532259,0.49308056
0.9047462,0.68868387
0.8407371,0.3895316
0.1352545,0.5973229
0.14286055,0.6598847
0.1383077,0.48657
0.13769531,0.4239565
0.8753032,0.4683573
0.17471534,0.6683826
0.16101795,0.4498305
0.15359317,0.51058626
0.074429534,0.30423832
0.82556033,0.2773389
0.8514983,0.27290156
0.21481991,0.7889283
0.85210633,0.2598967
0.8689287,0.33499202
0.7749532,0.2368936
0.80846465,0.3660642
0.75436485,0.23613054
0.19444299,0.6762462
0.16610703,0.4347931
0.16746825,0.6914641
0.23228958,0.75779873
0.15734443,0.50304675
0.09715764,0.33035147
0.80658543,0.2674883
0.13062154,0.502345
0.17606267,0.6243927
0.82272404,0.28715792
0.19777106,0.6550584
0.14645673,0.54131544
0.834779,0.33379313
0.8488984,0.4337173
0.15953895,0.7022381
0.8199854,0.45276448
0.85679203,0.36527488
0.13249876,0.64530283
0.16578537,0.64667565
0.123997934,0.58901507
0.22631286,0.8111622
0.9108248,0.59966946
0.13787618,0.6400696
0.75151235,0.24974999
0.16880922,0.6207938
0.20578206,0.8665638
0.14534737,0.4573323
0.20354232,0.69057184
0.84762645,0.4022899
0.10039567,0.5280972
0.88962567,0.5460042
0.8058949,0.25793165
0.12937495,0.49865937
0.80241495,0.22161618
0.19486143,0.86705834
0.756062,0.26204437
0.8841023,0.6887894
0.870002,0.37938973
0.15553147,0.57727045
0.8145623,0.32359344
0.8585102,0.28503785
0.9130701,0.6512707
0.17294997,0.53987694
0.8406693,0.33155608
0.8424303,0.4488563
0.13719517,0.4405108
0.17623799,0.5876554
0.8055415,0.29013395
0.8592642,0.44918397
0.8417925,0.4052659
0.8963191,0.4899959
0.13477696,0.4990282
0.09662775,0.32774603
0.80464596,0.3038397
0.841971,0.35556534
0.7813622,0.36978358
0.9009084,0.69705606
0.16457646,0.5579245
0.8341456,0.37731037
0.76646465,0.23818319
0.20047048,0.71384734
0.79622644,0.18801565
0.7946368,0.2956865
0.84020877,0.2934556
0.14148188,0.4657838
0.18844922,0.67826957
0.18470351,0.57719946
0.82374734,0.30468118
0.7966076,0.3000555
0.12284772,0.5537991
0.8195959,0.43292314
0.22065146,0.7744704
0.14965907,0.67045975
0.8979266,0.68338495
0.8427698,0.39840582
0.7952853,0.2953961
0.23143724,0.7678604
0.22929429,0.74828845
0.7861185,0.20932704
0.16982934,0.59814465
0.8168199,0.28398654
0.15340279,0.6409654
0.7909105,0.283948
0.13873169,0.46034163
0.8582548,0.5014322
0.7676359,0.20194437
0.86577195,0.38732085
0.15843356,0.5286544
0.7509158,0.17050467
0.15815116,0.67148435
0.84436023,0.45776948
0.22684315,0.8008214
0.82103205,0.33395344
0.81309044,0.3809877
0.20887414,0.78244835
0.10291978,0.55499625
0.14967057,0.5890256
0.19557615,0.8140742
0.22585556,0.6498479
0.8958983,0.5325438
0.7977975,0.19334306
0.15884486,0.6201779
0.1451094,0.57319754
0.81534886,0.33950076
0.7798602,0.19595683
0.20920214,0.67711836
0.8007892,0.2131949
0.12292903,0.437763
0.23355956,0.80377245
0.2373017,0.7425086
0.8152981,0.42054552
0.26386714,0.7703143
0.94847906,0.5650658
0.21624537,0.6744113
0.8336419,0.54913706
0.10545579,0.4356543
0.7738537,0.17897676
0.80013317,0.24414268
0.7595416,0.21428518
0.11737472,0.5265483
0.8431585,0.44573793
0.8328732,0.36818606
0.85023385,0.36320513
0.12317692,0.45417628
0.21879129,0.711775
0.8541291,0.38279197
0.17688051,0.66264826
0.7970915,0.27418897
0.75593466,0.29675752
0.7584342,0.2506112
0.7394653,0.34891766
0.12130367,0.3769858
0.19846117,0.67342484
0.84627753,0.3231624
0.78138083,0.27679747
0.8322573,0.3799145
0.19751206,0.6114321
0.14843628,0.7130602
0.7988069,0.2610623
0.13618894,0.5353161
0.18064566,0.68479455
0.22386926,0.80760616
0.15021592,0.55251694
0.8421546,0.38635892
0.8810162,0.59902686
0.18627849,0.67930067
0.76115346,0.26163262
0.7767784,0.23908728
0.20528072,0.6005118
0.12126837,0.40844473
0.2520303,0.7148343
0.84255165,0.35834467
0.16331996,0.606095
0.90525186,0.61375326
0.14628737,0.5365987
0.91100407,0.5164113
0.8326079,0.3539148
0.10518133,0.6075721
0.16748014,0.6367918
0.8688109,0.44498274
0.10162838,0.7486433
0.89399606,0.6277945
0.14114514,0.6212949
0.17238122,0.6794172
0.7886621,0.21706934
0.120949484,0.48899454
0.8655768,0.53486186
0.9381775,0.511995
0.22948149,0.7888906
0.12718044,0.43157575
0.82543063,0.42808545
0.13809988,0.5993808
0.1361465,0.47877163
0.12977117,0.57639873
0.07433554,0.38975984
0.16277578,0.63402164
0.21614781,0.6776147
0.7817299,0.26942182
0.84318465,0.4097295
0.80440205,0.3875508
0.13882451,0.5311158
0.77262974,0.28885838
0.11554748,0.29024917
0.13194665,0.6316685
0.06417762,0.4088898
0.14650472,0.6039942
0.81686115,0.23669253
0.15816544,0.77554536
0.1869595,0.60323286
0.7951603,0.24448216
0.19342802,0.60771096
0.80251175,0.32922044
0.8433112,0.48990652
0.14009687,0.56174636
0.20688863,0.891874
0.15597053,0.55300796
0.8373095,0.34891725
0.8183255,0.3807678
0.80695033,0.28025535
0.8303983,0.42010835
0.17120285,0.73184454
0.1758362,0.68287027
0.14953968,0.65801644
0.8158196,0.2645333
0.80469716,0.36591044
0.15645163,0.60467756
0.78867674,0.27641508
0.8369168,0.37597084
0.14237468,0.53929436
0.93217665,0.632874
0.84952784,0.36077535
0.15154421,0.44274044
0.8828783,0.4602904
0.81557256,0.29038888
0.7691994,0.20753634
0.77839625,0.13725503
0.23874344,0.82203424
0.7505922,0.17844804
0.87969387,0.41294163
0.8398681,0.34101287
0.82026577,0.27752024
0.15699461,0.5994802
0.12473922,0.47102493
0.12316344,0.39982504
0.18970096,0.8096632
0.2159725,0.6893624
0.17206153,0.5472828
0.17920154,0.7152101
0.8113921,0.30141956
0.8509946,0.4483968
0.8317659,0.47839448
0.82920605,0.37389982
0.23617014,0.68441
0.14209308,0.49043655
0.15909632,0.74717677
0.7867519,0.29748815
0.83411586,0.34189025
0.78502935,0.20329088
0.87303334,0.36773136
0.7978062,0.23096958
0.8687248,0.42213997
0.18603815,0.5948918
0.8600725,0.3376058
0.16089223,0.57554716
0.15316601,0.7521691
0.76567656,0.133162
0.16039844,0.58601016
0.21379384,0.70098394
0.15949889,0.4582614
0.13561027,0.39663526
0.7774206,0.1906084
0.09687048,0.62360775
0.2001274,0.8022823
0.78160375,0.2503282
0.8825503,0.4320523
0.7738497,0.18098865
0.16485608,0.5833289
0.8064276,0.36013186
0.8184112,0.34950948
0.17381105,0.53562623
0.83134663,0.37353012
0.16075738,0.6231478
0.16765822,0.5918448
0.91443884,0.5340002
0.82204545,0.4607648
0.15280071,0.6627792
0.16686974,0.6037204
0.14439349,0.691306
0.8734169,0.3927744
0.12231387,0.48239067
0.22003035,0.7782095
0.8700317,0.43165326
0.8537511,0.39738518
0.78482276,0.1691174
0.12974976,0.7020576
0.90733373,0.7037642
0.8359138,0.44858867
0.84106433,0.37722978
0.12589975,0.5218342
0.828817,0.21500926
0.887783,0.35176668
0.23979013,0.71695083
0.83953774,0.2873603
0.84459347,0.50040674
0.87407887,0.38942122
0.8391772,0.37344074
0.16241407,0.6253091
0.24668384,0.81090504
0.7656666,0.103769705
0.11567995,0.47746584
0.19671485,0.8135692
0.808521,0.30271658
0.75258917,0.2542276
0.862269,0.3862494
0.16111512,0.7000277
0.79283136,0.25365114
0.86512864,0.40164334
0.17785382,0.6118447
0.1991398,0.6628498
0.86787766,0.41793132
0.7859551,0.20656829
0.7991258,0.35526308
0.15128402,0.62566084
0.7626035,0.21614772
0.21612123,0.85003793
0.11428859,0.47334477
0.7920881,0.3072139
0.2543942,0.85771936
0.17107633,0.5885604
0.75037163,0.1630414
0.7800026,0.24055296
0.23065788,0.7890995
0.8062023,0.3092267
0.88631785,0.63348025
0.16373721,0.55447495
0.13978434,0.632994
0.83487064,0.5454523
0.7601238,0.2690753
0.84672135,0.44328797
0.8612152,0.38303027
0.75914574,0.22527029
0.8244577,0.32176945
0.77394056,0.20409425
0.7999301,0.25964788
0.14819235,0.5693901
0.8577665,0.4522235
0.8882609,0.6089861
0.12049059,0.5076957
0.11126156,0.5108408
0.84008706,0.35693902
0.88379216,0.5688242
0.21284433,0.7428012
0.22167712,0.8784657
0.15725242,0.6256254
0.87585014,0.41323382
0.15880123,0.5924712
0.21880637,0.72204214
0.1548223,0.5668837
0.22998242,0.85331446
0.09251318,0.376415
0.13356647,0.42336428
0.7389929,0.21666767
0.78694904,0.32194948
0.7926001,0.19629937
0.79747623,0.23561014
0.77092427,0.14380981
0.8680121,0.46655607
0.76425105,0.14975354
0.24064445,0.61575985
0.20537552,0.7457159
0.15398265,0.4929614
0.18216354,0.6306597
0.8193353,0.23197794
0.74500614,0.167201
0.09790131,0.2518574
0.8371163,0.2601525
0.12533337,0.47735062
0.82818276,0.33234015
0.12634555,0.5674689
0.15554218,0.58332235
0.80911314,0.1425325
0.7564312,0.2558339
0.21067362,0.79301953
0.085504055,0.33233446
0.81515527,0.493749
0.18399553,0.6995279
0.116397046,0.5205481
0.1410095,0.51174355
0.81187284,0.34318683
0.8087185,0.27698365
0.16183421,0.5976356
0.20056765,0.72986066
0.24821043,0.7279535
0.22697046,0.64016646
0.7653541,0.22566013
0.21707669,0.85237443
0.15673602,0.57310295
0.8823798,0.44091776
0.19153732,0.684869
0.7818239,0.33953756
0.8443285,0.38801643
0.8379972,0.34786156
0.86472607,0.60161656
0.77807736,0.354896
0.79913014,0.26553947
0.7877534,0.27817643
0.22297448,0.8358736
0.8582294,0.35327527
0.18334031,0.6442827
0.7790463,0.22786039
0.8355005,0.5126792
0.09773155,0.4891969
0.8591396,0.45827278
0.12985606,0.48170295
0.8605076,0.39645347
0.786343,0.3347117
0.15399931,0.50705963
0.16245928,0.64390856
0.15783665,0.6220186
0.87689686,0.46304435
0.79089147,0.21807902
0.085657544,0.42483917
0.8077531,0.3541452
0.8042474,0.39579117
0.7801461,0.24180882
0.83503526,0.5833442
0.815849,0.34229147
0.16255051,0.5285931
0.17443176,0.58355844
0.8681446,0.51580065
0.83242506,0.388624
0.77290976,0.2781085
0.85324025,0.6462429
0.16730206,0.58532506
0.74594015,0.14535609
0.8322973,0.2659197
0.86092323,0.46393266
0.8530261,0.47286075
0.8228716,0.3491634
0.17248274,0.5872857
0.13264154,0.46532562
0.15590945,0.7330321
0.2452786,0.73255724
0.22870053,0.79485404
0.14568648,0.48546088
0.8229668,0.3228492
0.21095006,0.6496657
0.16994436,0.36077315
0.21010128,0.80300856
0.8653083,0.5022618
0.9379864,0.644977
0.79888856,0.4598852
0.1389308,0.48860908
0.87677073,0.599443
0.18459126,0.79005927
0.82336617,0.3317637
0.89819473,0.5374923
0.89175636,0.73132724
0.1867243,0.6855848
0.118958436,0.6252933
0.78948665,0.2097204
0.7981889,0.34536695
0.81743467,0.4707735
0.8406193,0.2864159
0.7674808,0.280703
0.78318584,0.28498834
0.7758527,0.27792192
0.13740698,0.62147975
0.16354406,0.66074103
0.8873657,0.5783392
0.73525554,0.19116032
0.21973486,0.81614
0.8342218,0.32533726
0.14676648,0.59019077
0.8471279,0.33962122
0.85660046,0.59444106
0.8342527,0.35037765
0.80445164,0.163737
0.15214193,0.51995766
0.78856367,0.34594604
0.8502346,0.34382463
0.14905104,0.60674155
0.20729755,0.844962
0.1724177,0.66576755
0.86301106,0.5594581
0.1306862,0.6018601
0.18264543,0.7574465
0.09781881,0.4581852
0.17835277,0.64560246
0.9341185,0.6211696
0.14948495,0.69121575
0.114663795,0.56226504
0.17814574,0.52323854
0.8559908,0.5956058
0.86671233,0.5354015
0.13855678,0.6843569
0.77569765,0.3560047
0.1239543,0.6111149
0.12100541,0.474941
0.18025498,0.6080364
0.15032658,0.6565998
0.10479343,0.4101049
0.901474,0.40032792
0.16579607,0.5755783
0.9004277,0.54750055
0.75453615,0.24784015
0.13273355,0.41795936
0.8627961,0.3953207
0.15747888,0.58873034
0.12789278,0.7053464
0.75794077,0.29473203
0.2179334,0.7145758
0.7762029,0.4054144
0.13370489,0.6213313
0.86235386,0.42239228
0.16971909,0.62814844
0.18816721,0.78560704
0.79829127,0.23262537
0.14985777,0.6189576
0.84370065,0.25391003
0.18918853,0.6396955
0.82591844,0.3766437
0.14124985,0.6387231
0.8340933,0.4607144
0.08588204,0.357798
0.17269336,0.60600656
0.76700366,0.22546345
0.93898267,0.61800086
0.15893964,0.7436273
0.8291482,0.30588052
0.17173393,0.5693998
0.88623416,0.43814805
0.8625867,0.43734995
0.86914444,0.48316294
0.18893547,0.73357177
0.15953578,0.6493394
0.78909796,0.1743121
0.85310185,0.5091749
0.14955792,0.65347576
0.83604944,0.3548658
0.7684101,0.24107817
0.876033,0.5129648
0.854657,0.31589842
0.80491567,0.26985854
0.8418619,0.31857833
0.85269016,0.3241607
0.086702645,0.33838463
0.8738829,0.2706146
0.874721,0.36709535
0.82815105,0.3319687
0.15602368,0.610234
0.15930812,0.67237574
0.8430264,0.41165906
0.2203421,0.78142995
0.8144378,0.3294307
0.8493014,0.50387466
0.06565028,0.24616948
0.8272682,0.46330103
0.75754535,0.23465173
0.12108394,0.43830398
0.1645249,0.5410737
0.85678846,0.38517445
0.8563097,0.28940243
0.11719743,0.46499008
0.22072008,0.7214346
0.83691406,0.36241055
0.08940802,0.40427375
0.15267181,0.68290836
0.7927556,0.30277088
0.1280649,0.49526286
0.21228945,0.7532427
0.14681488,0.45816636
0.13858931,0.624956
0.19862379,0.630506
0.7925906,0.2528986
0.16533163,0.6599412
0.7588062,0.16308302
0.12691946,0.5680581
0.8296876,0.62584615
0.13200298,0.37280822
0.16438846,0.6441552
0.8096018,0.20909663
0.8235395,0.31664968
0.14904112,0.53020024
0.16513173,0.56739485
0.1303907,0.61572134
0.14135575,0.43642393
0.1933626,0.68613845
0.85607255,0.3480162
0.18198347,0.51813453
0.14592803,0.47018433
0.81754494,0.40854943
0.082747914,0.4373149
0.16944382,0.88977146
0.15038885,0.38356906
0.776621,0.26952824
0.15415479,0.5098241
0.21058874,0.79345053
0.7324022,0.03867124
0.8226475,0.45875463
0.18015939,0.68128103
0.8679288,0.43073604
0.8664958,0.48819557
0.13775322,0.48514944
0.22775696,0.8114828
0.19347087,0.72711855
0.24663386,0.8217346
0.15071408,0.65726215
0.22328821,0.63204306
0.11931302,0.54600686
0.84815514,0.42116183
0.79666233,0.12983073
0.16084383,0.5571952
0.17053017,0.52283376
0.24443617,0.91566426
0.7591453,0.15060946
0.1727136,0.67103755
0.22456217,0.66831386
0.7908498,0.4291779
0.8658977,0.40809038
0.18682148,0.6803686
0.26279864,0.7519448
0.7835825,0.21670884
0.870414,0.53410316
0.12785232,0.61432314
0.80157214,0.35907313
0.16791682,0.5191898
0.83527637,0.49372622
0.8366943,0.30605748
0.21394297,0.7379127
0.15421905,0.57476133
0.113894746,0.60761285
0.7645315,0.26606426
0.16648343,0.64750004
0.113177255,0.4223616
0.7287382,0.23711656
0.10775105,0.6252924
0.83402705,0.228715
0.86970645,0.4022474
0.86360997,0.43127963
0.9410884,0.54733497
0.16968973,0.47934502
0.2266726,0.77970624
0.21784694,0.8098743
0.80914485,0.29937086
0.7742987,0.2843453
0.17288294,0.66491556
0.20801425,0.79476553
0.24994011,0.7034006
0.22439955,0.8243926
0.15461011,0.5580292
0.78900313,0.32944342
0.1760484,0.6042071
0.83758515,0.28534752
0.2267662,0.81076
0.8221057,0.40006247
0.84338456,0.4758372
0.83543026,0.20148574
0.8330882,0.43263447
0.13264075,0.6417022
0.7596169,0.23594306
0.18885179,0.5458465
0.86793554,0.5572565
0.7458013,0.23976669
0.11218847,0.6437798
0.72611254,0.12378976
0.8585804,0.3448702
0.07269788,0.32641527
0.14111818,0.5899687
0.16476685,0.6691356
0.22139552,0.78945434
0.8252581,0.32154474
0.8469129,0.33070892
0.08674866,0.328591
0.1353366,0.56524014
0.81839806,0.26492316
0.13546471,0.52494425
0.83025235,0.4714735
0.20481032,0.7734835
0.8577193,0.44853216
0.17607656,0.5886204
0.1324246,0.6684006
0.13056205,0.55291206
0.7928611,0.17367081
0.09185121,0.38366672
0.7922114,0.23274757
0.91693044,0.5231746
0.14000565,0.67314714
0.8240127,0.45836785
0.86976993,0.35986292
0.09192816,0.4283163
0.16956559,0.7749781
0.11540747,0.4898623
0.8559952,0.38897967
0.76520294,0.27104256
0.1105052,0.49302536
0.80017006,0.21164908
0.2333204,0.82543516
0.7749,0.17442687
0.2305373,0.8980985
0.7874547,0.25500733
0.16745912,0.7533198
0.7776724,0.28851104
0.82367396,0.3081973
0.14409919,0.5384743
0.12972398,0.6266915
0.837363,0.47797439
0.16920823,0.67363554
0.16083352,0.54990625
0.79339457,0.24127923
0.8754317,0.3520698
0.154601,0.7120996
0.21297482,0.7702652
0.1867961,0.7547066
0.8816706,0.58805317
0.21567225,0.65548986
0.13661332,0.4492085
0.8431803,0.3686403
0.22942358,0.6370866
0.844647,0.45104474
0.80878234,0.22163501
0.2465113,0.77182025
0.2300082,0.7341184
0.8496877,0.38102713
0.13582683,0.59946924
0.1595691,0.55105305
0.87166816,0.47035825
0.16823372,0.47146428
0.13997827,0.6336064
0.18623805,0.5951726
0.81786346,0.2499182
0.88359106,0.47690034
0.15323581,0.4618568
0.1834593,0.5100895
0.22557038,0.69258285
0.84632987,0.45321873
0.786581,0.34835085
0.8501125,0.3023149
0.070600934,0.35917345
0.19131164,0.59790987
0.14766444,0.45106095
0.10124841,0.3898584
0.87449133,0.35628065
0.7761026,0.28855047
0.15535417,0.5518113
0.14414798,0.71250826
0.72034603,0.23284745
0.21463032,0.79840475
0.1326106,0.54395854
0.8329359,0.46082392
0.12091736,0.54841995
0.89412975,0.5595203
0.14238857,0.58635443
0.20365575,0.71080434
0.83407503,0.30284536
0.82146674,0.28730422
0.79536104,0.2753949
0.2118377,0.42091173
0.14694855,0.4642612
0.1756137,0.75638735
0.8270472,0.37864813
0.161106,0.6093799
0.14389731,0.4768714
0.771138,0.2065201
0.7682641,0.259693
0.16666071,0.5927401
0.785146,0.35063916
0.17721526,0.68795365
0.22786248,0.78667015
0.81976366,0.3554269
0.75491893,0.27439705
0.8878084,0.49050182
0.23681307,0.72974986
0.78326917,0.24836491
0.15348013,0.4103156
0.84876156,0.42695662
0.13947576,0.5559078
0.14574756,0.6651267
0.18019113,0.75582755
0.82664627,0.27847603
0.22175565,0.74549514
0.1360644,0.46245122
0.15008464,0.44774544
0.22085652,0.7256976
0.08214227,0.34877095
0.25189665,0.66986096
0.77537555,0.2572956
0.22853197,0.70873857
0.76656735,0.25730744
0.20633495,0.743389
0.13428833,0.50616735
0.85119885,0.39649028
0.15148115,0.5970995
0.7948724,0.22415504
0.8206323,0.25938243
0.90079457,0.55722016
0.18400188,0.7668687
0.12415182,0.50991696
0.14457871,0.5718116
0.10268102,0.4214952
0.8450555,0.47745225
0.82171226,0.39196315
0.1127259,0.6721055
0.8517521,0.44907445
0.87276167,0.5735151
0.8815957,0.48260182
0.8791477,0.4253473
0.87099034,0.29455024
0.16250014,0.61118853
0.75043786,0.19152083
0.7811389,0.32976317
0.12279577,0.6764977
0.82188165,0.3214129
0.13097414,0.57842684
0.846665,0.3429722
0.78316087,0.23679985
0.2080091,0.6846916
0.22360948,0.74418014
0.10342548,0.24571742
0.7670877,0.27255157
0.865507,0.4116411
0.95979947,0.6886747
0.16297807,0.5287701
0.91207176,0.57967263
0.12629002,0.4955397
0.1448512,0.49147645
0.12296354,0.47766382
0.84649646,0.44390255
0.77562624,0.22004756
0.8454732,0.44110173
0.77947825,0.3488314
0.75680804,0.096179835
0.12089277,0.53115034
0.85141814,0.6877583
0.16297014,0.5068586
0.86684006,0.36823732
0.20512049,0.80504715
0.14987324,0.63522494
0.8620366,0.4658057
0.1367688,0.4383132
0.84980154,0.42951435
0.15834194,0.5631393
0.72406363,0.2366956
0.1666746,0.5709255
0.78127176,0.18042928
0.14245836,0.6113112
0.8199969,0.33642396
0.7851658,0.34960365
0.15681693,0.5924125
0.1470001,0.69937503
0.75030184,0.32416856
0.87628484,0.50574946
0.19759615,0.7747258
0.84978724,0.39120755
0.19671167,0.8054896
0.8325579,0.56020975
0.8548767,0.3543073
0.948955,0.7028399
0.84519714,0.38636065
0.8167283,0.38861656
0.7973239,0.23008212
0.14026742,0.60755897
0.86236376,0.4339166
0.11121,0.5117515
0.22575481,0.74275386
0.14951946,0.48824024
0.16083115,0.5473402
0.13548057,0.7079991
0.8141403,0.4397066
0.86540747,0.47851098
0.1792305,0.658946
0.15157197,0.6106769
0.8522503,0.4633768
0.7731394,0.18239169
0.14757164,0.57294965
0.8603497,0.5166491
0.874347,0.46143016
0.7900415,0.21416341
0.14100395,0.6666116
0.7947296,0.18728106
0.83793217,0.36452013
0.8987476,0.50796765
0.18210483,0.6844669
0.19432797,0.73173285
0.7810084,0.24058056
0.8258851,0.32843682
0.87190574,0.38153
0.20745897,0.6838703
0.77003306,0.15627941
0.1603076,0.5693455
0.74543524,0.33709723
0.86549634,0.474658
0.8337795,0.291908
0.90622836,0.62759215
0.2055544,0.7138163
0.25492328,0.8400253
0.8868271,0.44172508
0.8334793,0.40535614
0.19875072,0.9527358
0.1616708,0.5980474
0.12269621,0.4364143
0.8200893,0.42919588
0.1818605,0.7716328
0.8175176,0.4201916
0.14217716,0.6690029
0.1643972,0.6105135
0.14061368,0.5695233
0.17824806,0.5690765
0.2273421,0.7808079
0.80833495,0.26424903
0.8435174,0.53603095
0.112090506,0.4631981
0.20604858,0.85823625
0.25313333,0.8626026
0.1295701,0.5688242
0.8559067,0.36977
0.21854778,0.688185
0.1528388,0.62623334
0.850101,0.4194649
0.8125269,0.32022142
0.80880296,0.27161723
0.76331186,0.13253254
0.8326416,0.3332977
0.2002337,0.687011
0.8775342,0.3527895
0.13477618,0.59857833
0.7972164,0.3222583
0.8343503,0.46163034
0.7904397,0.26234618
0.87407804,0.37240654
0.18916473,0.70712435
0.15031111,0.63467956
0.84670115,0.40560144
0.1485152,0.47009367
0.1502417,0.5509558
0.8491554,0.47904408
0.136323,0.55007005
0.9041076,0.62428236
0.8747515,0.4072095
0.14695607,0.6209611
0.8701305,0.5771495
0.20637698,0.6325043
0.8638924,0.503137
0.86130244,0.48172662
0.22504248,0.75957495
0.1696687,0.5838331
0.21341467,0.69819146
0.13400394,0.60668814
0.71667176,0.15663335
0.7594063,0.326594
0.14963129,0.64770067
0.1304157,0.5867395
0.83089054,0.36592886
0.22280195,0.71779937
0.12544759,0.59884286
0.76913035,0.17716898
0.78414255,0.24956426
0.8460586,0.28871253
0.8123139,0.25340584
0.78439635,0.23732463
0.8646337,0.4167
0.26012263,0.69104886
0.8297689,0.4687905
0.8262996,0.45372903
0.85176206,0.27451223
0.17901434,0.54742736
0.112169035,0.44653034
0.22969724,0.85581
0.204121,0.7625194
0.8459146,0.528509
0.17825441,0.6610897
0.23006374,0.7393652
0.14860365,0.6930936
0.1513213,0.69128716
0.08472231,0.4463643
0.18131277,0.7839416
0.1702811,0.6663602
0.1496781,0.5873164
0.825809,0.32897297
0.8258177,0.4294863
0.83858544,0.23604819
0.8008491,0.30890036
0.84737223,0.351789
0.17540705,0.61581683
0.14420192,0.5460524
0.82462347,0.2919864
0.82918984,0.35517284
0.1906021,0.6092265
0.8062459,0.33799347
0.13960466,0.63040257
0.20387906,0.73289365
0.114576936,0.47612193
0.79339653,0.3176164
0.9089071,0.5381594
0.1501715,0.4255488
0.8287468,0.39131442
0.18801808,0.63739365
0.8842328,0.40666324
0.8022944,0.25487942
0.15064348,0.50186056
0.79288965,0.19551703
0.15857238,0.5368488
0.1540243,0.56822234
0.13434187,0.5243056
0.051216763,0.27529457
0.8190382,0.39134246
0.12068652,0.47179326
0.18547295,0.68177384
0.14344516,0.5828291
0.7719936,0.2756564
0.7843972,0.46199566
0.8530011,0.5369644
0.86436474,0.41551992
0.83411866,0.37724116
0.21024565,0.75390893
0.17552842,0.6375645
0.8589223,0.46508867
0.87027246,0.42103526
0.85749763,0.4177193
0.19397259,0.6755984
0.816083,0.41776705
0.86306936,0.46101886
0.7967603,0.21278797
0.17337278,0.5948077
0.13357282,0.5582482
0.16171998,0.5761447
0.16957232,0.7335564
0.8783568,0.47053084
0.16494611,0.4952103
0.16324976,0.5887724
0.85313195,0.35380793
0.93848133,0.60968167
0.81345934,0.25805342
0.82849133,0.35431385
0.14761408,0.5318757
0.13890065,0.50252026
0.18589853,0.5306282
0.139918,0.65982115
0.8162952,0.3306362
0.22483584,0.79969174
0.9091586,0.66954035
0.874834,0.46919176
0.7588582,0.20440044
0.8376657,0.1697736
0.9057032,0.47128206
0.83362764,0.37523758
0.86861974,0.5124506
0.13575067,0.5007278
0.20189355,0.6856575
0.20613584,0.75743866
0.76104474,0.18286827
0.81679016,0.38459057
0.7750535,0.28660864
0.18044853,0.566199
0.16845147,0.5818365
0.15440188,0.7349603
0.1812283,0.65972394
0.17487082,0.666411
0.13166307,0.6409667
0.82138705,0.21710658
0.82975537,0.37330845
0.08937866,0.47844878
0.7949965,0.2531404
0.8560329,0.4929027
0.78122616,0.2570455
0.11013,0.497743
0.20061564,0.65745836
0.82381,0.37972835
0.86324745,0.35319948
0.8756114,0.42285705
0.7513271,0.40045187
0.19843024,0.7032315
0.19745573,0.81459683
0.17906074,0.67481166
0.24086536,0.81104517
0.07985019,0.41979867
0.18292664,0.6510315
0.8632209,0.504275
0.11219283,0.64755785
0.85026675,0.2407124
0.22546051,0.7169342
0.9079766,0.53234005
0.7863573,0.24499378
0.8503501,0.43515056
0.1845758,0.6896147
0.8753397,0.5297197
0.16603921,0.56460017
0.8563601,0.44573924
0.22678643,0.73971
0.87594414,0.2777953
0.8408755,0.52849233
0.85447735,0.337813
0.79245573,0.29911417
0.81559557,0.19897665
0.87309164,0.4976506
0.8752941,0.5461356
0.8335812,0.20068325
0.8357789,0.43153676
0.87136596,0.38203284
0.14697273,0.46540317
0.1710331,0.53008944
0.7534669,0.0887078
0.14668359,0.5775753
0.7825695,0.3572645
0.8317314,0.45475975
0.15191267,0.5887269
0.8255242,0.3883752
0.86178946,0.40879825
0.15795086,0.55169165
0.16455029,0.5808527
0.13588116,0.4131646
0.77175677,0.26708794
0.7986288,0.30525368
0.95378864,0.6819193
0.08894595,0.35746333
0.872906,0.53600293
0.20029636,0.82009155
0.7957695,0.33343393
0.8252712,0.31823844
0.20023568,0.5990321
0.8701051,0.49376738
0.7896437,0.23844863
0.85998166,0.36546892
0.15834194,0.4600499
0.84042615,0.48513368
0.7462844,0.23020214
0.16347148,0.6541793
0.92686224,0.6563068
0.8754151,0.40298462
0.7182368,0.14376207
0.20461123,0.6782612
0.83907205,0.46188703
0.22900355,0.6850688
0.8125602,0.10665812
0.22637236,0.75863665
0.8414669,0.2389712
0.14284389,0.6853079
0.8644417,0.5217273
0.14700288,0.6610056
0.10470855,0.39085317
0.15685104,0.7239761
0.16415367,0.549929
0.17672662,0.5957337
0.7987176,0.2983949
0.7768597,0.15067516
0.1584764,0.559925
0.17183943,0.5954564
0.15341508,0.46746632
0.86606187,0.380922
0.15916969,0.528085
0.8330359,0.31556815
0.802482,0.2598542
0.7952329,0.30806634
0.21586779,0.7457842
0.76653403,0.21071124
0.0919698,0.39973438
0.8739793,0.5556822
0.87458813,0.6191792
0.8214719,0.3566521
0.74279255,0.27702087
0.21642941,0.7109112
0.87361836,0.36793593
0.16076213,0.64243984
0.7963847,0.4187824
0.19162577,0.4561702
0.18081422,0.5759226
0.8429594,0.31984076
0.9402146,0.6479556
0.2296441,0.7491501
0.7151737,0.23322591
0.83561033,0.45713258
0.893956,0.48351425
0.16470179,0.6586437
0.8032725,0.23114918
0.22545616,0.63157654
0.7600465,0.20003363
0.18610081,0.6873509
0.13755491,0.5045142
0.8006381,0.25220564
0.8348532,0.32162884
0.15243423,0.44504407
0.14614776,0.69751865
0.7612161,0.15638366
0.19812524,0.9098445
0.73663735,0.1144565
0.143206,0.6645866
0.7881016,0.24509804
0.8589385,0.36210874
0.7559418,0.22912063
0.17427391,0.7658919
0.16991065,0.5710284
0.8360268,0.32950693
0.85226655,0.42494386
0.8527718,0.36711287
0.7692453,0.17683563
0.8320443,0.3619278
0.14277567,0.59760934
0.852708,0.4484187
0.894336,0.6707476
0.77413535,0.26153538
0.8636128,0.4434759
0.8592027,0.41901416
0.7870843,0.3513733
0.81822556,0.4751451
0.8523157,0.45729554
0.13195102,0.55317837
0.8247564,0.41971895
0.1707503,0.585495
0.8741193,0.4886673
0.16473988,0.45360374
0.1510639,0.73213845
0.09302324,0.5016052
0.22113772,0.67282647
0.14497335,0.63638
0.14744234,0.44414216
0.21081124,0.821053
0.13443586,0.4856453
0.20065212,0.6902871
0.1601319,0.59238577
0.76220965,0.19661038
0.8047832,0.32752305
0.07813955,0.4719356
0.845265,0.4223822
0.8486077,0.3441987
0.84297484,0.32259032
0.89854693,0.6018303
0.18150514,0.6010287
0.7676743,0.20013964
0.8622995,0.4577708
0.19341138,0.71558815
0.22046545,0.7703599
0.84829396,0.3785798
0.847822,0.3742187
0.1495488,0.675898
0.16861805,0.6987565
0.22101238,0.73946774
0.8375423,0.39333728
0.21825188,0.7456966
0.15616964,0.5305424
0.82804555,0.38085935
0.22089499,0.73461384
0.77209866,0.13139759
0.8555248,0.44452718
0.8371596,0.4244296
0.817959,0.31256714
0.8377914,0.4242706
0.84314936,0.4300036
0.910872,0.5276741
0.7940038,0.23815514
0.88253087,0.45598447
0.83896023,0.32647485
0.08303468,0.5823534
0.7734519,0.2536551
0.18659341,0.72136366
0.7750864,0.1803522
0.8607876,0.30825293
0.12362154,0.6340269
0.7893629,0.28464052
0.8515959,0.4489908
0.86715853,0.39638296
0.7829606,0.2501416
0.14092462,0.58002
0.12887084,0.5845887
0.18095462,0.60741967
0.8293393,0.19209903
0.21126895,0.7023795
0.1582995,0.628774
0.098476015,0.43178117
0.8357476,0.39387563
0.15344365,0.6085007
0.21359514,0.7835084
0.80026525,0.16858782
0.14120187,0.5692648
0.1809455,0.7743013
0.18746401,0.8186048
0.17088199,0.56260055
0.8222886,0.27602172
0.9526503,0.6333611
0.16632478,0.6372294
0.13889153,0.56754076
0.7832989,0.24719623
0.23144358,0.7791758
0.7547392,0.20942867
0.89314014,0.31238756
0.7444624,0.2884151
0.925321,0.51343524
0.24321179,0.6392606
0.8402032,0.28267023
0.12888433,0.6021264
0.08372361,0.30413055
0.24301586,0.8725557
0.14584117,0.7045605
0.8503465,0.28679043
0.804103,0.29054353
0.13518271,0.40710172
0.817,0.28938887
0.76193637,0.18485872
0.84680665,0.44190904
0.132001,0.4583823
0.8314121,0.50840575
0.21333852,0.6866159
0.8242197,0.2304597
0.8249547,0.47364044
0.84069586,0.36317492
0.87486535,0.47270173
0.7813178,0.25088188
0.90736943,0.43481854
0.8255254,0.35920805
0.23311456,0.7223396
0.13482614,0.69890547
0.80125403,0.35301727
0.81517196,0.25160027
0.16837731,0.675866
0.12589023,0.5285125
0.13456953,0.55492
0.8430395,0.48311302
0.228198,0.7215669
0.82204545,0.18151167
0.8574988,0.608626
0.16258223,0.7611768
0.8309298,0.41367096
0.258245,0.7298397
0.22452727,0.778425
0.85938275,0.2820053
0.17217934,0.66418314
0.24363498,0.73945457
0.8075362,0.30499086
0.16735917,0.6741319
0.7923935,0.24710731
0.8789085,0.40308756
0.13933139,0.5883957
0.20311001,0.62929
0.16803621,0.66774875
0.18573235,0.7870727
0.15527168,0.6654298
0.12618412,0.6967556
0.83919823,0.30793712
0.13732131,0.48687136
0.11885968,0.49626684
0.80317765,0.32068443
0.14228623,0.62179255
0.19350459,0.7056057
0.7484631,0.15042855
0.75240076,0.22236083
0.17590363,0.6199843
0.22059356,0.6512558
0.943781,0.47659326
0.83166516,0.48602244
0.17269892,0.57721263
0.09430037,0.29616922
0.12469083,0.7311853
0.8412099,0.29972348
0.75471544,0.26303917
0.25408086,0.73745626
0.13324799,0.6063377
0.81709677,0.3250692
0.21629258,0.81912786
0.8377573,0.39744082
0.8367312,0.42935532
0.8913462,0.55857104
0.1541901,0.6488479
0.75967246,0.14720678
0.16432025,0.66210246
0.18034105,0.7421459
0.16653499,0.63884705
0.8281459,0.36388057
0.79448926,0.28530678
0.8576741,0.37953296
0.90626246,0.53416055
0.18463093,0.48360667
0.12149405,0.49369904
0.8496115,0.36205703
0.22970836,0.7583051
0.8124483,0.30946454
0.9091915,0.6417035
0.16170928,0.4969046
0.22871521,0.68384486
0.8355374,0.38008884
0.8763305,0.36313155
0.14856121,0.58389264
0.79636484,0.2263759
0.21079616,0.75632644
0.76873213,0.20295797
0.7913837,0.17349033
0.8165994,0.32217464
0.13574155,0.6107391
0.77988833,0.28978616
0.20753156,0.7732544
0.8545614,0.43419695
0.17128773,0.53127694
0.15771408,0.58710873
0.05801528,0.34523204
0.8429094,0.34678093
0.15268847,0.6129862
0.7576925,0.24992476
0.7872802,0.34777483
0.21582456,0.772794
0.1493374,0.7123033
0.756177,0.08202028
0.23467527,0.6982217
0.16138801,0.612083
0.9261376,0.762505
0.8004501,0.31638202
0.8183624,0.412462
0.13392304,0.662975
0.8912126,0.51286757
0.79425246,0.36292785
0.13138662,0.4683078
0.7618769,0.20756525
0.14428164,0.70384127
0.20249127,0.5863032
0.15737815,0.5685596
0.9175658,0.66607106
0.17843924,0.76386553
0.84278727,0.46794948
0.83423686,0.46823683
0.8491733,0.4430773
0.75036687,0.26905343
0.09351902,0.38648418
0.14806424,0.6281778
0.80496526,0.36079198
0.7416812,0.2075175
0.7653767,0.2573841
0.8329875,0.29395363
0.123834126,0.5548617
0.1785146,0.5889362
0.75026095,0.20463347
0.23185171,0.71857643
0.86805296,0.40632638
0.78901505,0.2151376
0.1332817,0.61717737
0.15917207,0.5124208
0.22673288,0.7689209
0.082495265,0.42819673
0.18810257,0.7187385
0.82190144,0.33054376
0.16351232,0.6560562
0.83834624,0.42769998
0.87192595,0.64485955
0.8171745,0.45592403
0.15621802,0.5853281
0.77706873,0.18673177
0.8149209,0.3666976
0.101330906,0.33569464
0.12548845,0.5420969
0.15504362,0.619909
0.7866266,0.3135913
0.19058503,0.7302024
0.2034852,0.7162614
0.8582968,0.5684646
0.1427955,0.5102056
0.8474456,0.34572875
0.75040776,0.16105403
0.14995137,0.6169956
0.8077932,0.3793271
0.8699028,0.3652267
0.746102,0.25859484
0.14304061,0.43388945
0.7586365,0.18104604
0.13674541,0.4824025
0.216195,0.8495163
0.21832645,0.63654214
0.23335214,0.74283445
0.21845576,0.8975111
0.86533964,0.38898098
0.8124087,0.33574983
0.13410588,0.70689267
0.77549016,0.18711592
0.14430742,0.6027953
0.763509,0.14339104
0.15825786,0.6150958
0.78624624,0.33682084
0.17294362,0.6394178
0.16427621,0.68413484
0.13271374,0.4958139
0.109450184,0.4600486
0.8387552,0.27318805
0.10457212,0.4549345
0.118281,0.6453134
0.1396705,0.4963242
0.13331857,0.5588492
0.8180324,0.31957707
0.86161137,0.45019275
0.15640403,0.47245687
0.890599,0.4310707
0.1678387,0.6752234
0.8218059,0.33907673
0.1647236,0.6459691
0.9199162,0.54407376
0.8419436,0.37438953
0.16028579,0.65917504
0.85604995,0.26013586
0.8251367,0.39230394
0.13794321,0.5026631
0.2138339,0.7543706
0.8518184,0.31276953
0.13775639,0.5928242
0.76840055,0.12703343
0.7361333,0.2420655
0.8702145,0.5116419
0.27225095,0.6048089
0.8846849,0.4941476
0.81876934,0.33907762
0.18848927,0.8416329
0.19977044,0.69265646
0.17560655,0.50785995
0.71783704,0.2043102
0.8361835,0.44958958
0.81446517,0.34181315
0.89879405,0.62152797
0.81409156,0.30449894
0.13823512,0.62037635
0.8560924,0.33298713
0.12409034,0.62390214
0.17682537,0.61247855
0.80181843,0.24477652
0.7974774,0.27792805
0.21876195,0.7787943
0.12114264,0.574142
0.21310888,0.8399701
0.8696045,0.21980183
0.9296422,0.6508344
0.8797458,0.53587765
0.1566785,0.58530664
0.8408997,0.44768894
0.84452564,0.2076752
0.10099933,0.3513085
0.8668016,0.3691055
0.76433474,0.18956192
0.78929704,0.21445514
0.853101,0.34036323
0.21658726,0.6807462
0.7563805,0.22582221
0.1513241,0.5519922
0.120236754,0.6691128
0.9354428,0.7472074
0.10387128,0.43971798
0.8303357,0.44934165
0.13031177,0.5438806
0.83261824,0.3469649
0.8314367,0.3918773
0.8521333,0.48514113
0.20420548,0.68132746
0.23100175,0.7082856
0.20731421,0.74345344
0.20248255,0.7248215
0.7790705,0.18909366
0.1843057,0.6484348
0.79590875,0.34712303
0.8365567,0.3685422
0.8427646,0.32628384
0.7723751,0.25180352
0.18792409,0.4513102
0.88550395,0.40772855
0.14032295,0.71096814
0.7943302,0.25999042
0.12825172,0.5091513
0.8069777,0.28913173
0.84049594,0.46954787
0.12420695,0.37489417
0.8021746,0.24836843
0.8349773,0.4003091
0.857711,0.38101047
0.7571368,0.24207601
0.18709832,0.5819452
0.21441337,0.74524325
0.8558167,0.35822728
0.7794774,0.29339996
0.20170952,0.788428
0.15040193,0.4937893
0.20452198,0.6315835
0.8913732,0.4905132
0.80197984,0.311052
0.1740522,0.68862647
0.84452844,0.47341925
0.88368386,0.56117517
0.1946536,0.7900689
0.86694044,0.54897106
0.1664057,0.6147445
0.87271446,0.34225908
0.8216008,0.22644773
0.7535748,0.24523515
0.22485408,0.81540847
0.84368205,0.37308463
0.74999166,0.23021747
0.13038753,0.5131409
0.85438174,0.3763791
0.15537281,0.71344304
0.14068863,0.6168633
0.18010823,0.5340405
0.79475856,0.20576142
0.8144057,0.4737828
0.1947706,0.73305225
0.82360375,0.47934544
0.85484576,0.32908204
0.14327104,0.55031097
0.20831211,0.580695
0.14081198,0.48594886
0.88907754,0.47586218
0.8032562,0.33006325
0.15925695,0.5755411
0.16906664,0.6019836
0.8145334,0.3455391
0.1416786,0.60182375
0.9560613,0.7355118
0.26446128,0.72088444
0.21562982,0.6667093
0.17552525,0.61373526
0.78728974,0.31390318
0.1455437,0.56242096
0.20987956,0.74215376
0.18026847,0.61888087
0.83934414,0.29520512
0.84968174,0.4294206
0.16927883,0.56754863
0.14023252,0.62475103
0.8323862,0.365493
0.08995972,0.39597908
0.90029603,0.54420125
0.78856725,0.23559394
0.1396352,0.5923573
0.784935,0.28924122
0.097885445,0.39368728
0.8744957,0.44340536
0.8585419,0.37839013
0.8545709,0.44661224
0.1477529,0.50977063
0.86391455,0.38052687
0.15333378,0.63310355
0.16941448,0.65279025
0.86108863,0.5531254
0.12867054,0.5958704
0.83730114,0.35695872
0.8144945,0.286507
0.77602524,0.15279132
0.84736943,0.3644426
0.921164,0.60087365
0.846155,0.29139155
0.8605885,0.4330563
0.13596405,0.57195836
0.25161663,0.72124845
0.76901174,0.3315876
0.16395892,0.6795749
0.17014426,0.56358135
0.82048196,0.4434737
0.1857494,0.56346524
0.07352484,0.33951566
0.17073523,0.65160096
0.22766456,0.6757263
0.21669039,0.6586481
0.15027581,0.75313276
0.08906573,0.4568899
0.22826663,0.7387774
0.1643496,0.53354114
0.8117106,0.31982586
0.24519728,0.7688815
0.055518538,0.33324033
0.87330025,0.42384613
0.14713694,0.550919
0.19520451,0.71674716
0.8555506,0.3276155
0.7773047,0.1867782
0.1253175,0.44633585
0.8607047,0.5113064
0.12877606,0.53846645
0.13384332,0.44599023
0.14010838,0.66466147
0.13408566,0.3751145
0.8251506,0.40979126
0.81100106,0.21976416
0.80684763,0.3974237
0.15309381,0.49186367
0.106672235,0.29050934
0.8379552,0.38717455
0.14419359,0.608315
0.8517129,0.28712377
0.8034109,0.2836326
0.83379024,0.374001
0.7470836,0.23227713
0.26447994,0.81382453
0.8005802,0.38848513
0.7487673,0.31729445
0.8401723,0.43267828
0.09056179,0.32014957
0.15726392,0.65435225
0.7566018,0.107517116
0.22341633,0.9122003
0.9323868,0.54811907
0.85948193,0.5353126
0.8812724,0.4018216
0.099047154,0.38647673
0.7723458,0.15402134
0.096314415,0.3758561
0.14699732,0.4502418
0.15162551,0.6840858
0.86245656,0.400709
0.15611649,0.56175166
0.13993385,0.63335365
0.83004534,0.45752946
0.80868083,0.29416257
0.13650782,0.5740894
0.86203855,0.3821314
0.73272544,0.28047174
0.21581067,0.7763452
0.8091798,0.26856983
0.21857513,0.6857293
0.8313439,0.4732861
0.21219584,0.7282032
0.14255832,0.59727603
0.80815214,0.31066346
0.11428582,0.45407683
0.8493791,0.479741
0.12814225,0.6276806
0.7623453,0.32552123
0.85319304,0.27437732
0.1544233,0.50710565
0.86043185,0.42886734
0.9577826,0.650954
0.24401931,0.6381646
0.16955647,0.67154217
0.8780986,0.29287258
0.19700716,0.70716333
0.17867444,0.602624
0.78726155,0.25908852
0.17427112,0.5083102
0.8731281,0.37624595
0.13327098,0.56797266
0.19695441,0.7373853
0.82203907,0.4364121
0.8023824,0.28532782
0.22260284,0.7274449
0.8496976,0.44370982
0.12901403,0.5666647
0.1331865,0.67291933
0.14474529,0.3967855
0.08086871,0.2986853
0.13106655,0.55868715
0.18041363,0.6516763
0.8372932,0.42709944
0.8252204,0.168325
0.17754088,0.6659257
0.0768652,0.34555706
0.75799555,0.2729708
0.15907569,0.6365347
0.16976152,0.69199586
0.83502054,0.46859777
0.9470151,0.66470003
0.7837102,0.2474376
0.8249003,0.31762913
0.13757157,0.65814877
0.7689963,0.19346352
0.1643619,0.6295686
0.8532704,0.44550356
0.159627,0.5820144
0.8282526,0.26981342
0.90224105,0.6428665
0.17756628,0.58622086
0.85448444,0.31376827
0.13345899,0.52525526
0.15849385,0.52955854
0.12984733,0.5078503
0.17333628,0.67819333
0.1649727,0.60797596
0.21033292,0.7368045
0.23828375,0.7821378
0.18710427,0.65306884
0.102631435,0.34712303
0.13994853,0.54450613
0.77561235,0.38556343
0.86605793,0.37416264
0.82611954,0.40868786
0.8331338,0.33646297
0.16652904,0.5287385
0.77454185,0.23123284
0.18056078,0.63190067
0.18356004,0.80213594
0.2020772,0.7859356
0.86117154,0.5030389
0.84023696,0.37081778
0.16803859,0.53977704
0.2048135,0.73607165
0.8181014,0.35504538
0.16029333,0.5812846
0.23090774,0.8217828
0.15739243,0.5767413
0.17699395,0.58782715
0.8312233,0.43326437
0.9212179,0.77294034
0.91664964,0.7065045
0.15005054,0.64471066
0.81493276,0.32672232
0.8528393,0.36389548
0.19372748,0.65904146
0.7685969,0.20888111
0.18105021,0.6130248
0.86767536,0.49966338
0.85538995,0.23964447
0.8288003,0.2559469
0.7393764,0.2258901
0.77449465,0.15147984
0.15093182,0.56604177
0.78165174,0.19933541
0.14049152,0.58312917
0.23930901,0.64947474
0.8767961,0.46988648
0.83654124,0.41491807
0.16758564,0.5821983
0.7183102,0.18886851
0.20614338,0.84917897
0.13891731,0.55438167
0.91058683,0.6523005
0.784417,0.069223896
0.7890063,0.1852985
0.75373185,0.17334096
0.864193,0.49150798
0.17100334,0.6829434
0.20619415,0.8302803
0.18299842,0.6812342
0.16826308,0.5669441
0.16036908,0.5830407
0.8721679,0.438318
0.14784649,0.65510046
0.8398982,0.30084264
0.12333398,0.37811416
0.76512605,0.32066777
0.21997997,0.6974459
0.7932296,0.29558095
0.110726126,0.52509403
0.15620731,0.70451146
0.24836154,0.7546939
0.9405442,0.5753431
0.23081851,0.7397989
0.81843936,0.4479855
0.8251736,0.32838294
0.8402441,0.3360718
0.8704509,0.5294455
0.8861822,0.6518848
0.20629172,0.7910992
0.85575205,0.25709194
0.87849724,0.5285138
0.23365396,0.7028925
0.85231256,0.39494094
0.81876737,0.39836377
0.13755451,0.4967907
0.20782784,0.8017251
0.12877923,0.5396763
0.14880314,0.90098345
0.889709,0.45408517
0.12249155,0.5160626
0.098215036,0.31673288
0.8431855,0.49146858
0.14219144,0.58887404
0.14175357,0.6886458
0.8592067,0.3853869
0.08550445,0.33586285
0.12845439,0.59125346
0.0849932,0.45076528
0.7913662,0.2060663
0.16711287,0.63325423
0.15675385,0.644977
0.81439376,0.2927797
0.82651937,0.3491564
0.16368128,0.61549443
0.85400695,0.44006008
0.13561583,0.592504
0.24055521,0.790429
0.2173694,0.8096132
0.77635086,0.21544029
0.84908724,0.43993786
0.8321665,0.34033653
0.82580185,0.17046525
0.1680719,0.72114027
0.8370259,0.31012204
0.15907213,0.6334198
0.15446256,0.7381738
0.824351,0.43142724
0.15855691,0.61327094
0.8112505,0.3627811
0.19692427,0.80994177
0.8151609,0.4724411
0.21429121,0.74554986
0.8907299,0.5628301
0.7610178,0.21522872
0.7553211,0.27941957
0.758742,0.26488638
0.8213105,0.23863742
0.80739814,0.35007584
0.89429355,0.5136087
0.16752496,0.5714726
0.80878276,0.3020109
0.13531002,0.58735406
0.80986196,0.22937424
0.09516421,0.3732051
0.18441595,0.6438884
0.8838334,0.51426226
0.8043029,0.544719
0.18358384,0.79415494
0.84141296,0.21825467
0.8009903,0.2266501
0.84851885,0.44406024
0.8505333,0.24237081
0.2174642,0.73995394
0.15448003,0.5750505
0.1624938,0.48497072
0.8266149,0.4792666
0.78733176,0.25253153
0.15769584,0.5037669
0.13545796,0.520782
0.83704174,0.49239632
0.14581539,0.5783647
0.85999,0.31015444
0.15482865,0.42425087
0.08855448,0.47667998
0.19954316,0.7679327
0.8525953,0.40887228
0.125728,0.5514271
0.85340446,0.4514394
0.87584895,0.43671873
0.10218563,0.41719803
0.18766905,0.6949211
0.16486996,0.5965125
0.22974524,0.77432233
0.18636179,0.5480691
0.108944885,0.5520202
0.86235386,0.4404784
0.8748162,0.5180066
0.17384,0.7655384
0.24615395,0.7952364
0.15650994,0.6277529
0.7792109,0.25081706
0.12543689,0.60845256
0.17028427,0.65185505
0.20355739,0.75571585
0.14774139,0.37743345
0.89473695,0.47725296
0.1344672,0.35345486
0.1710073,0.5960556
0.8490626,0.5247169
0.88304174,0.64080507
0.8768671,0.5575167
0.82356685,0.40618446
0.86848766,0.44227874
0.75526917,0.22624448
0.89194393,0.5230922
0.87049615,0.5127729
0.83284825,0.30624935
0.8495874,0.42239535
0.18258315,0.6393018
0.17479269,0.57588184
0.88605803,0.5973023
0.7590307,0.14389391
0.84496033,0.41135243
0.8438895,0.40543061
0.16779704,0.7184761
0.83562857,0.27384686
0.8614103,0.426703
0.8786797,0.29492083
0.74377143,0.3052572
0.14775328,0.7725544
0.14978321,0.62497836
0.84731114,0.5201232
0.20036854,0.7928478
0.09453596,0.41516468
0.85358095,0.45339525
0.7556114,0.26651368
0.10945058,0.52871835
0.1442749,0.58711314
0.84232044,0.4373171
0.15442489,0.42388424
0.17014624,0.5859436
0.75855637,0.16274266
0.8015634,0.19876115
0.8303622,0.32935232
0.14485675,0.43644145
0.13034707,0.54442465
0.15735474,0.73440665
0.12908344,0.5182099
0.16719458,0.5607363
0.1635258,0.5649966
0.18170106,0.72421134
0.85007995,0.4873957
0.21534306,0.738013
0.24838059,0.6849128
0.16657743,0.7507336
0.84324497,0.48646224
0.11848289,0.41177997
0.21373236,0.7753535
0.8559536,0.39293954
0.75609136,0.23342697
0.2289512,0.80805475
0.25970498,0.7094026
0.16984442,0.41540164
0.1642437,0.6917392
0.14219977,0.5440247
0.1475165,0.45089537
0.15011398,0.678581
0.8227732,0.24604157
0.84310573,0.33890852
0.7525257,0.18468745
0.22552954,0.8815793
0.15849027,0.62711734
0.81333715,0.3401105
0.12892598,0.43300375
0.12757824,0.4203379
0.8033609,0.2833102
0.16852802,0.6200509
0.13448584,0.471392
0.87746084,0.57051766
0.8759628,0.4927919
0.834689,0.27374128
0.22527173,0.69377345
0.20564482,0.71627015
0.20774138,0.6236108
0.8069682,0.37767088
0.8500462,0.54816985
0.1418325,0.54611284
0.7601365,0.22315894
0.7752812,0.2260618
0.84809047,0.46187872
0.81626225,0.25863382
0.1482459,0.5515883
0.85585874,0.35519913
0.7831486,0.25950596
0.7585223,0.23751211
0.7490846,0.19755785
0.75858533,0.21185145
0.20805788,0.5979567
0.20788336,0.60237217
0.12850556,0.54742694
0.820307,0.3190085
0.86463326,0.5033972
0.17376623,0.70185566
0.9052217,0.6400166
0.77717584,0.14114611
0.85105246,0.33245668
0.19049302,0.6940178
0.8189934,0.34320742
0.7721843,0.2453372
0.9249946,0.57300216
0.13375962,0.68322504
0.7553647,0.25346193
0.754909,0.19063862
0.17130557,0.61793077
0.82554245,0.2891611
0.10721244,0.45174474
0.18022285,0.6302996
0.8522162,0.2957531
0.86663544,0.5980544
0.78243905,0.20620865
0.1337271,0.59192234
0.08059624,0.49903083
0.84218913,0.30427513
0.89089406,0.5910616
0.81266606,0.37008756
0.2131767,0.8232555
0.7468528,0.22026877
0.8927955,0.46321297
0.16376893,0.74455947
0.17883864,0.7087981
0.21531807,0.88452023
0.83650154,0.21161929
0.68143374,0.2798081
0.16506352,0.8372661
0.80908537,0.213113
0.8519964,0.35075918
0.15767007,0.71513826
0.14764263,0.64352137
0.91893256,0.6352232
0.19739188,0.7397288
0.19864284,0.7001302
0.11317488,0.767552
0.12780194,0.5690082
0.13480432,0.6027405
0.86784273,0.36820927
0.7691982,0.217701
0.87035775,0.34663814
0.19411221,0.7663343
0.82349074,0.3911909
0.1768,0.6561903
0.2009143,0.7194494
0.14414045,0.5952203
0.16711882,0.5820735
0.87011063,0.4037849
0.845259,0.37042004
0.7910442,0.4442661
0.20590144,0.62982833
0.8480552,0.46622974
0.8320221,0.41923052
0.24891405,0.94620025
0.82894194,0.354882
0.8430395,0.5027314
0.91065824,0.5992581
0.12740295,0.5714511
0.84058124,0.4491476
0.8479184,0.36287004
0.88372433,0.5835247
0.87310237,0.42125952
0.1416326,0.50395614
0.14639089,0.539134
0.118903704,0.4704682
0.07127321,0.4701068
0.24347952,0.6321293
0.17548598,0.72234136
0.1428411,0.52638847
0.20254481,0.70119727
0.07342489,0.30992448
0.8674568,0.4292121
0.16710731,0.55383193
0.11679763,0.47780707
0.8922117,0.57362247
0.8736965,0.4623229
0.124663465,0.54488283
0.7985804,0.40320843
0.14465408,0.46814045
0.84044755,0.42231476
0.16756977,0.7226821
0.79138327,0.19561735
0.8733669,0.40565312
0.8617645,0.31139934
0.22654052,0.6644013
0.9028574,0.54221606
0.7901454,0.33978856
0.19124383,0.5628888
0.7803377,0.19193302
0.14835575,0.42889407
0.17002289,0.54180866
0.22408661,0.7858567
0.8695863,0.5246902
0.86261684,0.39681575
0.15948738,0.67580867
0.8126978,0.3767567
0.2454067,0.7750127
0.87085783,0.36558893
0.0985478,0.48931256
0.12193946,0.5116634
0.20189673,0.5337418
0.17037232,0.70751905
0.09933907,0.48752096
0.8481175,0.5068152
0.1505947,0.61744016
0.86100256,0.39022765
0.21222322,0.78484184
0.7763949,0.22222549
0.84734285,0.4918199
0.2413655,0.76752925
0.8356988,0.2640195
0.203885,0.8208401
0.17035685,0.5987623
0.8598563,0.43662587
0.80276,0.26044554
0.095924936,0.117771566
0.17947006,0.6738524
0.79119366,0.31190702
0.8470601,0.36421087
0.7991753,0.27960268
0.1587215,0.50065506
0.85532767,0.37456957
0.14206135,0.50921303
0.20665264,0.7146003
0.86862093,0.3135063
0.15865527,0.49445772
0.24696107,0.76266617
0.12658392,0.59212863
0.8195189,0.3556919
0.78252906,0.15397008
0.16650723,0.58381206
0.8910579,0.5971398
0.8066878,0.14882228
0.19381712,0.6297013
0.86540115,0.35198525
0.14410594,0.5891885
0.11794705,0.5110409
0.2278125,0.7385662
0.81420773,0.3142965
0.75567645,0.17181528
0.8236708,0.43869734
0.2336738,0.89553076
0.8346287,0.3188276
0.81794196,0.36836126
0.8552924,0.3849055
0.78929466,0.35227346
0.12833977,0.48344812
0.8750414,0.2546582
0.14743242,0.6593424
0.7760435,0.36703184
0.93362033,0.5401183
0.85359406,0.3191399
0.22325014,0.7689257
0.12029386,0.48626074
0.8519822,0.29589853
0.16936886,0.5760036
0.17511356,0.61610985
0.88731617,0.4403505
0.86783165,0.46474567
0.86191165,0.36695254
0.83948696,0.37204647
0.18495934,0.7414196
0.8495937,0.42502752
0.8466523,0.43176934
0.7707097,0.15041147
0.1482931,0.6758113
0.15688752,0.5669012
0.8703224,0.33010617
0.8005596,0.28393966
0.14994621,0.5425332
0.8163444,0.30276477
0.15771487,0.56216776
0.8244184,0.22531277
0.14500073,0.3924336
0.18871655,0.70583785
0.17175059,0.64224446
0.85008866,0.39024168
0.16779506,0.5191788
0.8618371,0.41439372
0.18448497,0.6362158
0.84242237,0.47012958
0.85553473,0.400504
0.87820965,0.40911844
0.8388845,0.4239539
0.8801468,0.38693056
0.16910034,0.54565114
0.8332405,0.3669473
0.15722981,0.71703845
0.0682442,0.3968131
0.85324305,0.5094307
0.09583926,0.30886003
0.7795968,0.25590703
0.8240547,0.3601967
0.13095906,0.551923
0.22090015,0.8133059
0.21061769,0.7750232
0.13376279,0.70358634
0.850571,0.30284184
0.7952408,0.2193848
0.8299351,0.4434207
0.14585346,0.42185524
0.82500345,0.2893985
0.7751023,0.33296436
0.7698054,0.22083077
0.8574877,0.40393427
0.20423165,0.794766
0.1321894,0.611284
0.13029909,0.51615286
0.12797052,0.5747342
0.7988485,0.39916888
0.16356984,0.6329143
0.041676383,0.25954756
0.14502491,0.5866168
0.77960354,0.35143596
0.75684494,0.29876634
0.8727902,0.53809327
0.838098,0.23369592
0.16243033,0.6428985
0.8750581,0.30595762
0.14109239,0.6856461
0.16944541,0.55916196
0.8553689,0.4444203
0.798344,0.2228015
0.16474265,0.5702833
0.8614186,0.5816368
0.14343762,0.6049728
0.82158417,0.2864207
0.1293928,0.54364055
0.14766444,0.5210965
0.183564,0.7098494
0.20660703,0.74233294
0.21083187,0.7520486
0.19290806,0.73264396
0.79966676,0.3224773
0.12914927,0.56931174
0.7778108,0.2975359
0.14430068,0.5632769
0.81525487,0.35635337
0.11498269,0.5192914
0.13341813,0.46735373
0.15545413,0.77968657
0.15614465,0.522486
0.20596053,0.6982554
0.08504794,0.3246526
0.77175874,0.24774115
0.18717091,0.71029836
0.8476173,0.34454212
0.22566795,0.8106505
0.22571397,0.68501574
0.18947846,0.65487397
0.7962653,0.27759513
0.13525885,0.34388024
0.17850944,0.57148135
0.8468276,0.4143276
0.77823484,0.3169804
0.21480523,0.7304555
0.8346648,0.33617035
0.13652408,0.522698
0.14829746,0.57177746
0.8005139,0.39784774
0.14527321,0.60395217
0.2078683,0.67662996
0.14847514,0.49196792
0.81501293,0.40509552
0.1491498,0.67034197
0.82261896,0.3095272
0.13042164,0.57783854
0.11258153,0.35339442
0.77365583,0.195747
0.124507986,0.74693185
0.1536963,0.58269155
0.85606265,0.3842099
0.82811415,0.22846839
0.7883745,0.25121477
0.7862303,0.10529539
0.1599435,0.6286618
0.8616213,0.48835063
0.85526425,0.45567787
0.22042063,0.7704834
0.8186991,0.3871579
0.8399871,0.20299345
0.1791591,0.6072953
0.87635905,0.45686668
0.85913765,0.56039023
0.8392347,0.45043895
0.7478507,0.15225692
0.15049554,0.8182242
0.17675517,0.6484313
0.18187995,0.61024064
0.16335605,0.55997056
0.76250154,0.2792137
0.2554492,0.79980123
0.11134644,0.5850526
0.8207889,0.3221247
0.12732719,0.59296703
0.082843505,0.48338723
0.088564,0.3404732
0.14343604,0.6357475
0.21038368,0.61755717
0.138203,0.6205678
0.8448433,0.41357198
0.848175,0.4160692
0.82721025,0.38351473
0.19571497,0.6527399
0.7561639,0.15561272
0.20799442,0.63674754
0.18816444,0.52325165
0.18978108,0.7466892
0.85123414,0.46465895
0.8443178,0.45815408
0.8293782,0.38662875
0.12387458,0.50917315
0.79185444,0.4163141
0.81733674,0.26556927
0.14131133,0.64082175
0.18872805,0.68701935
0.7983329,0.31471747
0.7602246,0.18746416
0.15019411,0.6301704
0.16567868,0.5127414
0.15293081,0.57089084
0.17254819,0.5351571
0.8063566,0.2849739
0.8812605,0.4683205
0.80560935,0.43862244
0.8527425,0.2881365
0.8817218,0.4816425
0.123113066,0.4310308
0.19242258,0.6810817
0.18075949,0.6778692
0.8538483,0.31329167
0.8276894,0.4383789
0.15094015,0.618866
0.1713373,0.49839392
0.1507006,0.4648407
0.113894746,0.60761285
0.8661912,0.36719477
0.14222436,0.62976307
0.79501796,0.15881872
0.22868903,0.7611716
0.84770733,0.33516943
0.19490308,0.780139
0.8213708,0.1461371
0.117680915,0.38942036
0.24611706,0.6554776
0.1543646,0.47606236
0.18831913,0.66289794
0.83741933,0.5155965
0.14897767,0.52554303
0.7690788,0.09751891
0.17175376,0.62618077
0.15521654,0.47761783
0.8982364,0.6482828
0.2133524,0.744895
0.14505546,0.6636934
0.23541458,0.678217
0.20057836,0.85367715
0.1840118,0.6827472
0.82542306,0.38325235
0.7834306,0.27855927
0.16142093,0.5902915
0.16087279,0.77361536
0.8711093,0.46947822
0.13583437,0.5493035
0.17256089,0.66444945
0.857661,0.43951428
0.8396095,0.40249532
0.8618815,0.6439695
0.21777673,0.7779291
0.15893964,0.64533836
0.856535,0.56867176
0.88462627,0.5241264
0.12756595,0.61271465
0.14167027,0.56578815
0.81980133,0.17377813
0.12044855,0.56452835
0.13618617,0.61358106
0.1541064,0.51358026
0.14977607,0.53769726
0.15877306,0.69397056
0.79335606,0.3051652
0.21754272,0.815483
0.79125875,0.33737057
0.83839226,0.24524915
0.16230063,0.64015156
0.89212835,0.6585027
0.7748465,0.17688513
0.23785222,0.879312
0.74746877,0.29659238
0.13584626,0.5267266
0.75869,0.32662377
0.20376284,0.7740569
0.16570327,0.562873
0.84103656,0.30398118
0.82617587,0.4047832
0.7862966,0.24092397
0.24796969,0.8318533
0.9193236,0.6276272
0.16720964,0.55195975
0.19409238,0.7781819
0.81342006,0.34824878
0.16778396,0.6994802
0.81292546,0.3827048
0.7648226,0.22972775
0.18243958,0.52754533
0.15918477,0.5812005
0.8318321,0.3829466
0.111547925,0.39861608
0.13394445,0.52849585
0.79366624,0.27585438
0.75774884,0.2241213
0.1787022,0.6655349
0.8417251,0.37584734
0.20249048,0.80314785
0.22747219,0.8179916
0.14954126,0.7657197
0.79248273,0.48016283
0.1670391,0.640813
0.20031698,0.748147
0.7834349,0.23254214
0.13562693,0.6532997
0.12825926,0.5060088
0.12671322,0.56566596
0.7875281,0.23380105
0.14645514,0.5377897
0.7762283,0.17878751
0.20697628,0.63213325
0.7782328,0.19021416
0.1690365,0.5898088
0.7982064,0.39202142
0.15654247,0.5761815
0.19577208,0.7488321
0.8181062,0.31810877
0.09138478,0.33967334
0.7901557,0.26519826
0.17390464,0.71139216
0.7891836,0.22032571
0.101117924,0.39604303
0.8828748,0.24200593
0.8449762,0.5367555
0.8617137,0.49721563
0.117921665,0.37072492
0.84358567,0.512041
0.78763044,0.1881821
0.8630817,0.3698002
0.85758764,0.38126847
0.14885907,0.56429183
0.8958035,0.585495
0.85336876,0.36811727
0.22569612,0.76736194
0.1876167,0.5397911
0.19776313,0.67629397
0.15356342,0.56504744
0.15222561,0.62154764
0.22318192,0.81630385
0.7670397,0.15268138
0.22430198,0.824047
0.22491278,0.83492744
0.8157653,0.3854491
0.7891237,0.2239369
0.815335,0.31321457
0.2284233,0.8238223
0.88358116,0.46689337
0.15794611,0.6868634
0.13730821,0.4803801
0.8417029,0.27911645
0.2044605,0.77669126
0.22661747,0.7995191
0.7579436,0.27913398
0.114077196,0.49866202
0.86012125,0.44218326
0.74624634,0.14612046
0.22659566,0.6884986
0.80992424,0.30403638
0.12064844,0.7381352
0.22369674,0.7804982
0.19154367,0.84472454
0.15268847,0.7212594
0.9243247,0.7720971
0.12920639,0.47389933
0.22470376,0.70425653
0.88394165,0.47068897
0.7339082,0.29014885
0.1614126,0.6089878
0.22182983,0.810128
0.07387268,0.39285192
0.91303915,0.50970757
0.17080265,0.6763781
0.20817369,0.6593726
0.8514523,0.4577051
0.8168596,0.18577553
0.7769339,0.2650896
0.12867016,0.5191718
0.11181882,0.47842515
0.25682113,0.7764959
0.782466,0.35979676
0.80298215,0.31478187
0.13816968,0.5057381
0.77290934,0.22425184
0.15080729,0.6091753
0.7207562,0.19037054
0.18339783,0.54671997
0.8902059,0.6164664
0.22041349,0.6798088
0.87720937,0.6313369
0.15166637,0.5463292
0.7815216,0.24676257
0.21035989,0.8126655
0.18918456,0.76730365
0.8708959,0.37322786
0.2001968,0.7093124
0.10624983,0.46384376
0.11994722,0.5055611
0.21058159,0.61783093
0.2405913,0.84106344
0.78183734,0.12776275
0.16374633,0.52616155
0.05822589,0.3092144
0.124829255,0.45712295
0.7381842,0.0
0.8013262,0.2664668
0.213822,0.66757095
0.85601026,0.34397224
0.8119367,0.23024507
0.8462962,0.4116766
0.23830596,0.78228587
0.74663424,0.06326659
0.15519711,0.52135015
0.7789602,0.29832745
0.15144268,0.52683747
0.1706345,0.4616334
0.8385997,0.40249664
0.75963837,0.24069619
0.13718367,0.63499933
0.80472606,0.35961586
0.74758697,0.28834546
0.091884136,0.38294485
0.7709397,0.21221983
0.14134148,0.7326059
0.15948422,0.41782007
0.09095246,0.35864693
0.82847786,0.38747984
0.12926033,0.38780442
0.8444035,0.39305517
0.10316767,0.30732253
0.8413979,0.43631485
0.8472913,0.36490515
0.83056253,0.2923434
0.8371623,0.42632806
0.84716994,0.47033808
0.7832239,0.19807298
0.18726133,0.6848331
0.15458909,0.45532262
0.20337455,0.75758934
0.20098767,0.7744288
0.8230834,0.542711
0.8528813,0.39140683
0.18920955,0.74892145
0.07796345,0.37792668
0.7460477,0.24448873
0.21687005,0.75289446
0.9133513,0.59026176
0.9450328,0.59023106
0.1428419,0.6899003
0.14879918,0.55303514
0.14387234,0.5634039
0.1715725,0.4149912
0.85111517,0.32739735
0.7383567,0.22752705
0.15848196,0.70932287
0.14500825,0.6135075
0.15271743,0.50012416
0.1257046,0.58947635
0.15301092,0.49463382
0.15603994,0.565178
0.8691516,0.44965968
0.23266043,0.7996426
0.21464738,0.7988883
0.88586646,0.49552393
0.8337363,0.4674698
0.20312825,0.83520514
0.1077808,0.37410307
0.86565775,0.4978271
0.85924274,0.42684013
0.18652283,0.7210973
0.75749105,0.17125547
0.8778896,0.38365316
0.83975464,0.32176244
0.790339,0.25913888
0.84297884,0.4656993
0.85823494,0.52363235
0.21127687,0.7342726
0.839851,0.34993
0.81261533,0.31609598
0.1619405,0.6927445
0.9647497,0.74652755
0.1499827,0.64321387
0.15674117,0.57474077
0.16824245,0.6024453
0.84883374,0.5312765
0.785378,0.29794285
0.13445531,0.3844539
0.17661953,0.67916226
0.1224035,0.43050167
0.84022707,0.39013392
0.2131414,0.78154165
0.12077378,0.51705873
0.80129725,0.35361782
0.12645897,0.44469497
0.21005845,0.7552283
0.8781736,0.51242954
0.16417032,0.58936286
0.78255725,0.26208818
0.83675224,0.36831352
0.18671519,0.61501783
0.8287218,0.44707832
0.20712858,0.83360803
0.16205552,0.6240598
0.8474063,0.32340813
0.08872225,0.37702563
0.12114621,0.48309022
0.21860132,0.75003713
0.2117437,0.7101118
0.14176467,0.542209
0.8186583,0.3437138
0.168365,0.54236233
0.7706268,0.2630304
0.13031337,0.599938
0.8019668,0.28866303
0.12793878,0.692992
0.21645756,0.7348184
0.15605898,0.65652275
0.2409558,0.76852757
0.8675623,0.36019844
0.22749321,0.8332042
0.19619766,0.776665
0.13110662,0.6369845
0.78758836,0.2104217
0.7725151,0.3536432
0.8514836,0.33071154
0.22006169,0.7072334
0.8615217,0.3694362
0.85011405,0.5010581
0.18366753,0.6174621
0.8143958,0.32463157
0.12228888,0.51177424
0.7310037,0.24487858
0.1239428,0.50588435
0.801822,0.28359362
0.124516316,0.51521283
0.7946812,0.26571995
0.8357662,0.25947922
0.8158272,0.24772626
0.8524141,0.517099
0.12953241,0.48851183
0.8293592,0.32359958
0.22699109,0.7846101
0.14534578,0.7661109
0.16585319,0.7955908
0.16003989,0.5293395
0.8557108,0.50043124
0.8387615,0.5190062
0.11836628,0.32953015
0.14912917,0.6976501
0.87992704,0.5668184
0.8108424,0.35382107
0.18089831,0.6006826
0.17263228,0.47854823
0.17358893,0.5919298
0.8715174,0.5094299
0.1566551,0.65214676
0.7341767,0.13461936
0.8318218,0.5457554
0.85986185,0.37558538
0.22267662,0.7891438
0.17103943,0.6108337
0.85712993,0.54617107
0.83461523,0.3630667
0.12706502,0.6297228
0.14879522,0.5514122
0.84719056,0.41942722
0.2190614,0.8387265
0.77409565,0.23402752
0.84517926,0.4217243
0.15918317,0.5901496
0.15530856,0.49745566
0.16872475,0.6704953
0.8422102,0.35196203
0.16685784,0.5545433
0.15727146,0.61933774
0.8310413,0.29956707
0.81876415,0.32078516
0.18333079,0.66849035
0.74143213,0.21208273
0.8917171,0.56778866
0.19893,0.6227198
0.20404246,0.6730236
0.79966396,0.20198204
0.93067265,0.590182
0.19635591,0.79312813
0.8156796,0.31321633
0.13265543,0.41085613
0.78998715,0.27418327
0.11646844,0.5189239
0.8385628,0.36027774
0.13623534,0.63999474
0.8360359,0.41999623
0.15593761,0.6170591
0.14963566,0.42130333
0.19730543,0.4423957
0.7567422,0.26315394
0.75349545,0.21139632
0.7732588,0.20430845
0.20121098,0.7468557
0.17901751,0.6333173
0.07485908,0.32067347
0.13417529,0.45535678
0.18786936,0.7215213
0.16373879,0.4991193
0.7916201,0.23145273
0.7918949,0.26925755
0.2199304,0.78155214
0.16946524,0.88877493
0.20429511,0.7564925
0.8665267,0.41837725
0.17068961,0.6347672
0.73119015,0.12625416
0.24639747,0.81840116
0.15211456,0.56147045
0.9174147,0.59965587
0.15250681,0.58184266
0.22626646,0.8080175
0.20936435,0.5903511
0.8607551,0.36366376
0.76269394,0.0705713
0.2107684,0.6197714
0.17776816,0.72804505
0.15708584,0.68264556
0.1783496,0.71584
0.20382789,0.7671968
0.79655606,0.166957
0.17216149,0.6656646
0.8793734,0.49510297
0.11831828,0.48486692
0.25639397,0.72195673
0.8738766,0.43474975
0.1635972,0.5698509
0.8574349,0.64147663
0.8164626,0.23883586
0.8153885,0.31227806
0.88259715,0.5153162
0.80594176,0.35184333
0.7634146,0.1892934
0.14931321,0.6211223
0.8198311,0.27056816
0.1624351,0.46667477
0.83275944,0.37177226
0.8541767,0.4157845
0.16449475,0.51463723
0.15077834,0.6102056
0.17494816,0.6393736
0.7673106,0.26461917
0.7760149,0.25001588
0.17867008,0.84734356
0.84695256,0.35057127
0.10176363,0.4277298
0.23375075,0.7492351
0.81870663,0.32839343
0.24636732,0.7369683
0.21696763,0.75751615
0.8027977,0.36399448
0.8178876,0.2873235
0.87204057,0.5520513
0.16525945,0.71899474
0.86484784,0.2681309
0.78705496,0.30463386
0.22680864,0.8093605
0.8549957,0.37821755
0.15515625,0.6538976
0.1358768,0.6100829
0.85769117,0.46050328
0.90607363,0.506608
0.91204286,0.5852287
0.13771078,0.5818619
0.10805923,0.4108176
0.18466662,0.5866961
0.18004437,0.47398868
0.15809366,0.67475295
0.20923862,0.690115
0.15974995,0.49491593
0.87015665,0.46929204
0.21342935,0.82688594
0.8537507,0.44774106
0.9284928,0.60130817
0.82544845,0.3060185
0.80051196,0.3160925
0.20821771,0.80356437
0.85201347,0.47006652
0.14648013,0.41359475
0.09900749,0.45299882
0.15022346,0.5169107
0.8063427,0.25880465
0.17415175,0.67355627
0.7733179,0.24639419
0.16538002,0.56065917
0.15191346,0.5560756
0.15496707,0.5553747
0.18098715,0.815829
0.15341628,0.5319117
0.74389994,0.35039648
0.75726813,0.16750938
0.15103455,0.56760514
0.20090319,0.79428107
0.77557784,0.23655587
0.8362588,0.3813942
0.16474423,0.5737013
0.14902169,0.45381227
0.84069663,0.4221369
0.124279134,0.35328227
0.24602306,0.81393754
0.7884764,0.28422529
0.8264543,0.33005273
0.8482206,0.43893784
0.8665723,0.3394574
0.8309171,0.3900279
0.7428731,0.2636971
0.8692012,0.36135748
0.7755203,0.30402893
0.8855254,0.41043958
0.22848913,0.76399255
0.14510623,0.5295848
0.7839763,0.26580757
0.89876425,0.52467614
0.826822,0.46209335
0.09658452,0.48849472
0.76571107,0.2783823
0.1765648,0.5832028
0.73233837,0.19626564
0.121081956,0.54753995
0.15659522,0.618668
0.8413697,0.3016793
0.90767044,0.64005077
0.846155,0.4204448
0.8802594,0.5210387
0.8675956,0.39157638
0.16709225,0.601044
0.13554126,0.43592587
0.8423676,0.36090282
0.8111883,0.28991407
0.82675177,0.44433314
0.06475907,0.33870396
0.21561791,0.8023716
0.8178817,0.43736526
0.16422704,0.7217202
0.17178509,0.7624533
0.19234405,0.73844886
0.16439956,0.58027446
0.17537889,0.48538816
0.8889879,0.61075836
0.20087622,0.61984766
0.13990054,0.52852255
0.16479619,0.6158072
0.14981414,0.61407083
0.8059992,0.33271775
0.8073541,0.2002531
0.15782237,0.49094293
0.18041562,0.78779286
0.8034668,0.23606922
0.78251517,0.25785238
0.83408654,0.36412108
0.8319249,0.4073654
0.82752,0.25516018
0.8445205,0.3396685
0.16411875,0.71333265
0.8195237,0.3173663
0.22836341,0.78326356
0.2542629,0.8316623
0.15570281,0.550721
0.8320622,0.35503268
0.13172811,0.41729355
0.16917054,0.47950664
0.1759766,0.7212725
0.17587666,0.6562774
0.2179913,0.7313535
0.75859404,0.26373696
0.21212882,0.77270335
0.80066746,0.41262144
0.82418245,0.33830974
0.8282752,0.3107747
0.8569931,0.43846345
0.16469188,0.72873056
0.14816736,0.6093786
0.1297458,0.6783699
0.83487344,0.22258642
0.17177756,0.59582525
0.1055958,0.48245552
0.19076906,0.54929256
0.17919956,0.5927156
0.8958872,0.3982551
0.1391406,0.4985271
0.7806955,0.16406728
0.22048092,0.86113167
0.7806217,0.14004444
0.1511004,0.6538599
0.20532158,0.7438656
0.85576475,0.48499876
0.2304544,0.6781451
0.84872866,0.44572872
0.2093707,0.7717038
0.17153561,0.5506982
0.18202075,0.82945895
0.8255853,0.3526699
0.22323467,0.7984792
0.19678505,0.6366451
0.17210318,0.59506965
0.7699906,0.33410895
0.1271372,0.62425256
0.20391,0.74971515
0.90916055,0.5308214
0.8484879,0.3506786
0.13925245,0.5645349
0.86518854,0.38879263
0.8608197,0.30525455
0.13786745,0.46758503
0.85238355,0.5303505
0.8389412,0.26524773
0.82930404,0.37022075
0.10988131,0.43762767
0.20967135,0.9150979
0.8263416,0.36863548
0.8169623,0.2757466
0.88641936,0.47967398
0.18673342,0.6796721
0.17641488,0.7442213
0.08466678,0.31819987
0.080265455,0.29688412
0.81732047,0.3731074
0.82765764,0.41524923
0.16705099,0.6741958
0.21145417,0.7061182
0.8946247,0.5572385
0.799516,0.33066905
0.758013,0.25754353
0.75943923,0.14565702
0.14501897,0.61442167
0.8446847,0.3639555
0.8240135,0.4641565
0.8323263,0.3698839
0.06873363,0.3830754
0.76919377,0.17665823
0.87713957,0.50572187
0.8217932,0.29043052
0.071515545,0.4365273
0.24539362,0.71454513
0.8065026,0.27292392
0.8765756,0.4494376
0.16508017,0.6835759
0.22111988,0.7429637
0.10716881,0.3435986
0.18130603,0.6095222
0.85172874,0.36287487
0.7618884,0.28696433
0.79699945,0.40934974
0.8576904,0.5322227
0.808496,0.45184898
0.77024645,0.3177719
0.8239722,0.49802423
0.18163048,0.52906793
0.8538637,0.39454582
0.8376462,0.30405873
0.18488635,0.6918338
0.7530116,0.15635607
0.17250575,0.7626732
0.83146125,0.33859664
0.15359238,0.66492516
0.18803792,0.65168417
0.1724403,0.6695189
0.13244283,0.5742309
0.8509089,0.3312788
0.82299614,0.51006675
0.9240462,0.60885906
0.17234275,0.62469757
0.85154784,0.52380097
0.74207187,0.20684819
0.1504289,0.6360738
0.79687333,0.29083437
0.772153,0.13330393
0.7420489,0.14240766
0.14946194,0.60223156
0.20520417,0.6176106
0.18446672,0.6904566
0.14090876,0.5890466
0.24051158,0.71246713
0.1642195,0.5869537
0.78852046,0.25917742
0.14332816,0.4990348
0.17343505,0.5585776
0.8638761,0.27536947
0.17638631,0.59445065
0.2594797,0.8653465
0.8623519,0.44890538
0.14442958,0.6418231
0.17391457,0.65328217
0.07728126,0.43746778
0.821184,0.37310347
0.8351693,0.36478865
0.16626132,0.50784326
0.7872636,0.30811188
0.7991511,0.22288254
0.7467021,0.31000465
0.15670031,0.6155049
0.1537074,0.57624805
0.14719008,0.60537404
0.8385148,0.4954214
0.15502894,0.71662366
0.14074971,0.5192187
0.18191287,0.5005946
0.15560009,0.69406253
0.7765908,0.1975053
0.8833642,0.50039446
0.121326275,0.54179376
0.23534437,0.6819193
0.84058046,0.22152287
0.1803458,0.63171846
0.13079248,0.34827682
0.82553375,0.41625625
0.84758955,0.42103875
0.13694173,0.52661973
0.72654134,0.26283854
0.7835924,0.22954947
0.2334382,0.7382526
0.13322894,0.5349823
0.11017759,0.5513369
0.16389307,0.7135368
0.8779967,0.6848292
0.18637449,0.66420066
0.086951725,0.35211623
0.07296917,0.22829361
0.8122052,0.30350634
0.7927112,0.29657224
0.84347063,0.2650134
0.83927435,0.44864473
0.1655589,0.5778368
0.8634208,0.56144106
0.25561222,0.8116133
0.105042905,0.40438676
0.099747986,0.5362237
0.76839143,0.18695341
0.12296513,0.48789418
0.82000047,0.269159
0.9512522,0.61705035
0.14203636,0.45046127
0.11654419,0.6177144
0.7720705,0.19816059
0.8222953,0.42151883
0.87184507,0.6794172
0.15293398,0.55113626
0.7666229,0.19465804
0.14902803,0.6392181
0.90405446,0.7599617
0.15432295,0.51264375
0.16277103,0.6566524
0.83145493,0.3708191
0.81312853,0.32756555
0.16500401,0.75218874
0.8496409,0.41749197
0.22953384,0.73248804
0.8456235,0.40135422
0.20491663,0.77477616
0.19042996,0.63019407
0.14650273,0.5663309
0.16865574,0.7701785
0.15722466,0.59273446
0.8055126,0.44525257
0.18762623,0.6147209
0.7538298,0.23694003
0.17714824,0.59262276
0.18270572,0.7168913
0.8550421,0.34947047
0.19224688,0.58750606
0.8512155,0.39552045
0.82522553,0.32193983
0.8180034,0.33936715
0.14432171,0.5073597
0.77521133,0.2830154
0.82937545,0.3251752
0.14019404,0.56438684
0.2435037,0.74403906
0.08867902,0.29045284
0.832924,0.23074925
0.18396936,0.5523058
0.20353082,0.64385647
0.84327984,0.58244276
0.14035943,0.54740155
0.17979887,0.54320556
0.18735415,0.7691062
0.83769935,0.4610136
0.19668828,0.70653874
0.85524005,0.5099406
0.7936016,0.20991664
0.22409217,0.71505857
0.21290144,0.69357806
0.8473821,0.44376457
0.15924743,0.598372
0.1922227,0.59774256
0.90305215,0.45463225
0.12842424,0.5750964
0.10355954,0.4453196
0.8529967,0.29832
0.16390894,0.66173977
0.82463616,0.38257295
0.8614147,0.29577455
0.8481861,0.47749782
0.17215672,0.7120834
0.14765294,0.5515892
0.1350431,0.40556246
0.87226427,0.33328238
0.17751233,0.59260696
0.22374909,0.7716985
0.17566724,0.6556607
0.8095244,0.23100594
0.81017214,0.26330504
0.15876871,0.3356044
0.78652066,0.2346999
0.8530733,0.5499387
0.84774506,0.38560504
0.88234013,0.5333143
0.13938017,0.55306494
0.14523235,0.4396168
0.15323581,0.59754145
0.19467859,0.62441504
0.80390114,0.21524185
0.13941984,0.52205056
0.15337622,0.5521017
0.80565935,0.23823136
0.93706304,0.5576306
0.8188007,0.44670817
0.76795197,0.2674594
0.94406897,0.606233
0.27554056,0.7309032
0.15215382,0.6546427
0.81776386,0.33967552
0.82187015,0.41720855
0.13654193,0.59131825
0.75116926,0.11413279
0.85007757,0.3365926
0.8066743,0.28451437
0.15212527,0.5716127
0.1645836,0.5198893
0.23659295,0.7284134
0.8797117,0.35834116
0.17747465,0.6597292
0.77694064,0.1993503
0.828721,0.35115606
0.81189704,0.42003477
0.7789904,0.2669491
0.8220891,0.41807893
0.16579449,0.509556
0.14194435,0.5786905
0.8190712,0.31782886
0.8994092,0.78849244
0.849318,0.27608216
0.08743799,0.35894874
0.76657766,0.21970983
0.15488338,0.5501918
0.84425396,0.340616
0.21762046,0.7687523
0.8362854,0.3719256
0.8298938,0.43199933
0.2168522,0.8469191
0.7450549,0.26076663
0.13836005,0.6666712
0.7811044,0.29046994
0.15933746,0.58771497
0.7994347,0.19800203
0.19606557,0.6394428
0.8423133,0.26084766
0.10390579,0.39207092
0.82726777,0.45878398
0.16635056,0.6773497
0.8462133,0.33114475
0.7785073,0.23054864
0.16002838,0.5799451
0.20437324,0.8647871
0.10984205,0.6379184
0.18771626,0.7500827
0.7888005,0.26987386
0.19623256,0.60352635
0.8113564,0.28582937
0.7690851,0.22231485
0.86820805,0.53032947
0.80074996,0.31553093
0.8606075,0.45907572
0.8628072,0.3427006
0.8666834,0.49487475
0.87498194,0.4645214
0.7437671,0.25231427
0.12972558,0.5371839
0.79641724,0.2576675
0.15039124,0.5977758
0.75362873,0.18137063
0.79956603,0.25328583
0.85576874,0.40342528
0.13914974,0.555284
0.13972484,0.56905895
0.83970785,0.4395835
0.17937845,0.628116
0.86717045,0.41773728
0.14222436,0.5602426
0.108415395,0.5163403
0.13269825,0.53703845
0.857544,0.3342167
0.8770527,0.49770796
0.19940951,0.71098435
0.14547707,0.5286991
0.76595974,0.27714133
0.21680818,0.7092716
0.89456326,0.692271
0.8432834,0.45063168
0.16612211,0.67219925
0.1329291,0.5607634
0.22490525,0.722008
0.8448148,0.29647893
0.23784271,0.7404428
0.1770344,0.6926179
0.84556085,0.3944236
0.16011643,0.43648395
0.8866121,0.40567854
0.8423105,0.3333897
0.8287317,0.41888493
0.843264,0.33880207
0.7638271,0.20186551
0.80583185,0.19898717
0.8533616,0.31849775
0.2152086,0.74037445
0.15425117,0.5217085
0.20716746,0.93364525
0.15911496,0.55320334
0.8469772,0.48453838
0.77115864,0.16792332
0.1814631,0.5486254
0.196956,0.85573596
0.14638732,0.6229135
0.12659264,0.6165107
0.87286,0.55956936
0.20295888,0.78222543
0.1869706,0.5012701
0.22361107,0.6874727
0.8965412,0.58880043
0.14097936,0.55773485
0.8228672,0.3574673
0.16412391,0.67387515
0.21954092,0.8468749
0.86493826,0.43087006
0.746518,0.15392365
0.88636506,0.65775186
0.8040514,0.26041314
0.8531986,0.47263953
0.25028834,0.73343116
0.22281107,0.79925454
0.8077813,0.25440675
0.8224095,0.28326508
0.84843236,0.5645875
0.16209875,0.5534359
0.83045065,0.32572362
0.8704815,0.4355943
0.8488718,0.38842994
0.19866386,0.6722356
0.16860774,0.6270117
0.80052066,0.28597173
0.80580014,0.26781026
0.77613354,0.19440311
0.11953949,0.42372042
0.8497099,0.3544146
0.7833346,0.363245
0.7695218,0.26124585
0.8510989,0.3204492
0.06773731,0.4758245
0.1732272,0.6373739
0.8299759,0.5174017
0.14720476,0.46294007
0.80831116,0.39288828
0.13800985,0.6363932
0.8723448,0.5736058
0.7968285,0.28558362
0.1540112,0.6398502
0.20564958,0.6538402
0.8500792,0.3335982
0.16787478,0.551463
0.16412312,0.76736236
0.7812305,0.20277663
0.846318,0.37612066
0.88837594,0.62099177
0.1993508,0.7901679
0.118637964,0.45218232
0.13761084,0.6564062
0.2214233,0.8083289
0.8599317,0.5017572
0.8000269,0.16083895
0.79853994,0.21787928
0.16949737,0.73836565
0.85630536,0.45926845
0.83513916,0.29091892
0.809808,0.3205377
0.92934793,0.6890527
0.26413566,0.8289745
0.15772599,0.64539486
0.8620263,0.3294237
0.17115287,0.59599257
0.8250538,0.32754803
0.78853947,0.28849745
0.18267319,0.7307324
0.77138555,0.105465785
0.81324714,0.24762726
0.092901476,0.42691326
0.20412536,0.7484177
0.8366487,0.39767078
0.77225137,0.17603183
0.896256,0.46088043
0.21830465,0.7571938
0.8461792,0.39406136
0.19390239,0.8297656
0.76902205,0.22778855
0.12845518,0.6181717
0.20510383,0.84015584
0.86439687,0.38330534
0.09633623,0.35129973
0.8884299,0.57658535
0.123471215,0.5771828
0.8502838,0.32074136
0.8332195,0.3884444
0.15637825,0.6467808
0.8786364,0.6256674
0.7492183,0.3212517
0.07901728,0.49746618
0.84676814,0.3460008
0.15097784,0.68648666
0.8141721,0.19124442
0.75655264,0.27438477
0.8025978,0.25138518
0.1756359,0.5508769
0.09771648,0.40811753
0.19127278,0.8057918
0.86214525,0.38245338
0.83047605,0.24662153
0.12947609,0.54018444
0.2186382,0.7456554
0.79927963,0.14211942
0.7881318,0.24529734
0.83851445,0.32931027
0.20821019,0.683533
0.7761355,0.16339621
0.84782237,0.33439806
0.14266779,0.6362149
0.18399672,0.5627933
0.2097348,0.7994872
0.18456747,0.58536446
0.16326642,0.59701014
0.10564696,0.4757829
0.16027349,0.5779669
0.17073444,0.6581172
0.83789927,0.28906253
0.117157765,0.48428607
0.74490064,0.27544042
0.12384365,0.5559748
0.16446184,0.70416015
0.16196074,0.6807602
0.12010507,0.42915952
0.17103428,0.523999
0.8555232,0.39829236
0.85886276,0.46586353
0.86088,0.38235393
0.19314604,0.6424968
0.853855,0.3515104
0.8187662,0.20085715
0.18082453,0.63987297
0.8445467,0.36308467
0.21614066,0.7279307
0.8578823,0.50172216
0.16254655,0.5934349
0.78600705,0.17896755
0.14788973,0.60320485
0.78199995,0.25772315
0.14304894,0.64908314
0.253242,0.7913629
0.79349965,0.1199381
0.8387171,0.5438403
0.14033881,0.6350519
0.13757038,0.5550716
0.14572813,0.56100476
0.802601,0.39908212
0.19255388,0.80845815
0.15221213,0.6447965
0.82786983,0.2928682
0.8701372,0.4259763
0.75390637,0.23079918
0.03900552,0.3694914
0.85391134,0.27213895
0.15450738,0.5794427
0.16012952,0.6324631
0.23458801,0.8672248
0.13362636,0.62142766
0.87145954,0.41095513
0.12909454,0.5949198
0.13839099,0.5682153
0.7771017,0.23103572
0.8658124,0.33984372
0.15389936,0.49206343
0.15805082,0.5912018
0.8845592,0.5413251
0.837981,0.40700534
0.8737651,0.34709632
0.08049946,0.4020954
0.15923315,0.5106599
0.8132515,0.28688854
0.94794834,0.62141055
0.2086187,0.75304866
0.8406582,0.23321234
0.8406229,0.3361077
0.0627236,0.36539358
0.14050698,0.5408231
0.8615166,0.5414815
0.14241394,0.42447734
0.8368696,0.33615413
0.84008145,0.4679731
0.84163624,0.44911256
0.8878968,0.43866932
0.8652111,0.6953744
0.17901355,0.6069146
0.13332532,0.54034036
0.1830119,0.739558
0.13283549,0.586768
0.16125712,0.4516155
0.21831456,0.7257265
0.1843636,0.64374346
0.8433592,0.41723967
0.80993295,0.2601214
0.7605462,0.22754808
0.12551898,0.50239587
0.20218389,0.4672219
0.8419789,0.3935909
0.15687959,0.69238615
0.8512833,0.35326257
0.13029353,0.40212956
0.17972152,0.7493183
0.81529015,0.28060883
0.8726312,0.56594366
0.15832092,0.54213893
0.21024723,0.75583017
0.20257694,0.8220544
0.83329207,0.41213784
0.8299795,0.24198052
0.18000749,0.7839644
0.8734474,0.34759086
0.16073675,0.5455583
0.23421082,0.66691166
0.16605507,0.7588027
0.853598,0.40742937
0.17512268,0.6519286
0.084395885,0.26151654
0.13986127,0.5711651
0.8384541,0.42616248
0.21301885,0.7996098
0.17669488,0.54438174
0.15902136,0.4769783
0.17174226,0.5717345
0.111738704,0.5693901
0.16845663,0.54156774
0.25238767,0.7934917
0.7868352,0.27004337
0.85143363,0.35585093
0.82985973,0.33852044
0.88956064,0.6206922
0.8419722,0.39843604
0.12672868,0.66626817
0.86687934,0.46861267
0.20339438,0.9223728
0.17711729,0.70477957
0.826273,0.34685147
0.8127343,0.24276505
0.8513111,0.44472387
0.8509319,0.42769516
0.24268785,0.7254369
0.71409327,0.19531423
0.79409695,0.2706746
0.8547831,0.42526668
0.21210146,0.6383398
0.22447848,0.71003425
0.8457127,0.38810316
0.20411386,0.7259915
0.09112539,0.5072344
0.83299303,0.22770709
0.9088385,0.6028518
0.19481304,0.642983
0.85335326,0.29826173
0.7894696,0.24798383
0.15656507,0.6264099
0.1560098,0.5703529
0.18065755,0.6433562
0.7548166,0.27559462
0.17307411,0.6436992
0.17332795,0.6686993
0.20467468,0.73808485
0.8193028,0.35495603
0.8065256,0.37238902
0.8901889,0.4896595
0.8568233,0.41284525
0.23794265,0.7026135
0.19408563,0.8709669
0.15836574,0.5355351
0.78093743,0.20471013
0.13991046,0.6830709
0.8379822,0.4235347
0.809827,0.2132155
0.8425306,0.4025895
0.8375451,0.52533543
0.8175001,0.41335514
0.1473999,0.47084314
0.7859801,0.28674793
0.7615846,0.26574537
0.1381439,0.6433006
0.8680204,0.368395
0.1426071,0.5487086
0.15619065,0.6064582
0.83413017,0.4025387
0.09417067,0.4623921
0.19404002,0.54634196
0.13443151,0.28853118
0.8861231,0.55211085
0.115453474,0.48646006
0.19824979,0.76010454
0.21339326,0.70456845
0.1841288,0.75024694
0.16649255,0.47403556
0.06821802,0.22242829
0.13085158,0.44867015
0.81863767,0.3729278
0.85568225,0.28233775
0.77067083,0.10694153
0.1599316,0.56713074
0.79068404,0.23832642
0.8121862,0.3036969
0.16306175,0.48437893
0.85988367,0.37674573
0.8225888,0.26196247
0.80298805,0.25562143
0.7748092,0.1985719
0.22262625,0.70928913
0.86118144,0.40061307
0.10067053,0.35273647
0.13451241,0.63477856
0.14272927,0.5598265
0.8566108,0.44993958
0.8366721,0.2999482
0.14024164,0.5957179
0.10190324,0.4874938
0.16938195,0.6897544
0.85616654,0.26074693
0.19543494,0.7927059
0.15154858,0.55686927
0.84034604,0.482947
0.22659367,0.7455994
0.85693043,0.43575025
0.23501438,0.64297515
0.76443195,0.2915335
0.13027807,0.5103129
0.8630293,0.41585764
0.19568442,0.6716845
0.7678905,0.24896152
0.21751773,0.7566493
0.8420729,0.31287333
0.087730296,0.35956112
0.89204746,0.53386575
0.1896502,0.7091757
0.14368275,0.5904878
0.13546789,0.5192296
0.18643636,0.8183941
0.7954534,0.21644777
0.12323483,0.60595137
0.18985882,0.61888266
0.0948021,0.43756196
0.90508246,0.55690604
0.22081329,0.7883908
0.8630674,0.39270827
0.7785886,0.22616081
0.8647352,0.4407684
0.81788486,0.4259119
0.12618451,0.59723705
0.8615848,0.36164835
0.7676612,0.32752395
0.17699791,0.7627249
0.19524853,0.63907135
0.7786279,0.2175249
0.7498271,0.17583165
0.8048205,0.31610125
0.17867523,0.70165634
0.2224565,0.7501155
0.78766376,0.058568206
0.1983533,0.7040152
0.2541245,0.793112
0.8436836,0.36917865
0.1992929,0.7053245
0.20911051,0.66078925
0.14432289,0.63835996
0.11432072,0.43384084
0.14745979,0.5031541
0.22210588,0.8175671
0.83854854,0.22741841
0.12152776,0.31454885
0.17689677,0.73114854
0.18147817,0.7087263
0.88727766,0.5004847
0.11616938,0.52331215
0.1588754,0.48068103
0.8405273,0.3319985
0.2000802,0.7496521
0.8563002,0.30363384
0.120089605,0.5877474
0.884938,0.56539524
0.106918536,0.40925467
0.14755973,0.55503654
0.8556311,0.47944444
0.8864872,0.59938955
0.8382253,0.24490005
0.77410996,0.20874533
0.109940805,0.6000072
0.20331307,0.6913651
0.18281043,0.71484524
0.8318952,0.44018447
0.17618722,0.6376337
0.8400648,0.3794734
0.83679426,0.30501014
0.24027361,0.79001856
0.7773083,0.35475716
0.23342986,0.8815828
0.8824095,0.62484086
0.8390213,0.25497183
0.11160187,0.49826166
0.15404056,0.6375969
0.17718631,0.5696534
0.15283403,0.6189558
0.15790446,0.6138877
0.8639622,0.36233738
0.87851906,0.37805328
0.21089493,0.6912503
0.18419464,0.76946276
0.7278363,0.35317847
0.86053854,0.348
0.86516076,0.49965286
0.7586,0.17862107
0.0937911,0.35703757
0.15108214,0.6869015
0.18119815,0.6522326
0.81747556,0.40578672
0.7748076,0.1842862
0.14666812,0.47709262
0.8558092,0.32497764
0.85272306,0.45033643
0.7466097,0.21691033
0.12151586,0.5440957
0.7989374,0.4329538
0.7941969,0.24402528
0.84687644,0.30485463
0.062095344,0.3005229
0.80349296,0.34776083
0.8139567,0.35242897
0.79998404,0.29168943
0.7974909,0.24781606
0.83428407,0.20442453
0.820495,0.41458338
0.7701148,0.27558324
0.1382835,0.55354017
0.16036987,0.5118246
0.8161818,0.31926343
0.14135735,0.5218167
0.8356837,0.33279046
0.15840739,0.57292116
0.13616395,0.53676164
0.83772755,0.32534733
0.13507561,0.59405077
0.73853004,0.20424493
0.8499011,0.37286517
0.12891725,0.43173605
0.21400881,0.67836547
0.18220201,0.646921
0.16512935,0.5932005
0.9242077,0.49144578
0.13306196,0.46989217
0.1852921,0.7219979
0.18028434,0.63270926
0.2349307,0.7402115
0.1641255,0.61383384
0.85076016,0.4293124
0.8467321,0.47989956
0.8246877,0.30908957
0.22691454,0.80725
0.15358484,0.7290836
0.79262114,0.36775854
0.14146204,0.68383175
0.14446013,0.52624214
0.7681062,0.19853424
0.059613675,0.32742888
0.14999977,0.47851098
0.8310436,0.33455136
0.87338275,0.47534528
0.8619132,0.42569685
0.8292703,0.17754568
0.9037613,0.49754983
0.16385183,0.59874827
0.16738099,0.525006
0.14135337,0.48814562
0.25222188,0.6956509
0.89567816,0.49601933
0.85600513,0.46551487
0.8428305,0.3212346
0.872931,0.40313837
0.8167842,0.30186066
0.14784966,0.59260875
0.18651052,0.66147166
0.18663466,0.79438096
0.7820265,0.17813046
0.8460582,0.50416905
0.8431601,0.44425604
0.15308668,0.72794646
0.19173524,0.6864486
0.15769148,0.5030249
0.8718375,0.33044434
0.1549996,0.53761405
0.7352115,0.09968194
0.12922424,0.62097776
0.14675736,0.7479595
0.21758477,0.71491396
0.8192667,0.49698785
0.7578678,0.19037579
0.15319695,0.57591254
0.15930335,0.5967657
0.87064564,0.52182496
0.16610941,0.79279876
0.83237547,0.38715744
0.15618749,0.588945
0.23527893,0.819187
0.8377283,0.4146399
0.874341,0.3644667
0.8340719,0.5225758
0.8009078,0.44824743
0.1314604,0.482452
0.8460788,0.3542508
0.7743872,0.25421578
0.8306002,0.468999
0.16899484,0.5171367
0.7645553,0.23273662
0.21966624,0.847185
0.77240324,0.2114997
0.8406764,0.33736268
0.77292126,0.14703858
0.13535167,0.64297426
0.13811535,0.575683
0.14409167,0.56876504
0.8689973,0.28336498
0.21605301,0.77889544
0.13326107,0.49220797
0.15755504,0.5555171
0.820804,0.2761667
0.8410794,0.37946814
0.84677964,0.36582854
0.18709952,0.68267447
0.24091575,0.77871716
0.1445926,0.6996199
0.22160296,0.6573664
0.8326353,0.4274573
0.7921035,0.25895667
0.7860634,0.27842653
0.78752494,0.35702398
0.16405688,0.5447497
0.8011394,0.24319783
0.8390574,0.35583034
0.15004379,0.6701444
0.11721845,0.49328598
0.21312197,0.79100543
0.12870744,0.4691313
0.8073339,0.3149882
0.159276,0.60263014
0.20053829,0.8400288
0.84084064,0.2113477
0.110586904,0.46416527
0.10074629,0.40209013
0.8496294,0.25335547
0.07431531,0.3579627
0.84246993,0.40749946
0.18094075,0.7379749
0.14514707,0.6098402
0.77754194,0.27567962
0.2019947,0.6995428
0.19383536,0.61708933
0.2243119,0.878644
0.21404332,0.7852943
0.13057236,0.50233537
0.8359792,0.38546664
0.7949481,0.27467126
0.87724113,0.51457065
0.7744431,0.2647059
0.15642387,0.5268537
0.22021478,0.77274626
0.8579509,0.46831042
0.84913915,0.33378348
0.16218998,0.6641647
0.7876245,0.27975205
0.17102993,0.57799053
0.11849121,0.51898956
0.8866351,0.58358866
0.7659264,0.2602239
0.14914781,0.688605
0.73948115,0.23513137
0.8016138,0.34377995
0.09384623,0.45816284
0.1487397,0.5093037
0.8374646,0.33024195
0.8445201,0.33018064
0.8229886,0.42262006
0.16331084,0.52126914
0.9242346,0.5759327
0.794323,0.26006708
0.14102577,0.5110366
0.8853422,0.3381008
0.16651991,0.46928766
0.14548619,0.5102297
0.78051186,0.2952016
0.880731,0.4222714
0.8614698,0.40754983
0.14424992,0.54072106
0.84671897,0.48522392
0.18117832,0.5684913
0.14108486,0.58330786
0.11218014,0.5554807
0.17931537,0.7223886
0.16567035,0.6350125
0.8894746,0.6065322
0.8271258,0.30648327
0.19620162,0.6846478
0.7619352,0.22641926
0.21495992,0.78368145
0.14619456,0.61204135
0.2254617,0.70364326
0.22525229,0.74525946
0.83076954,0.44691798
0.89519984,0.5410763
0.8763646,0.58300084
0.21361735,0.78644896
0.75438267,0.387698
0.8361204,0.42442346
0.18457897,0.6193746
0.19699407,0.7389272
0.21359237,0.49512357
0.20625721,0.73207104
0.86341643,0.47359928
0.77480406,0.3285599
0.940685,0.6795442
0.89944726,0.5698229
0.18462735,0.6911141
0.10093627,0.48687664
0.17706692,0.6984438
0.8351868,0.42805347
0.16067766,0.7063267
0.83891064,0.41198188
0.8983605,0.43220958
0.8320594,0.3328531
0.12961015,0.45465636
0.17081931,0.62541115
0.8194694,0.24689925
0.14911172,0.614373
0.8182478,0.5252268
0.7763298,0.19217306
0.0850991,0.4505721
0.13671526,0.58937514
0.20676409,0.7795218
0.7830371,0.3353188
0.17354372,0.7059745
0.8370045,0.33345804
0.8773577,0.6349437
0.08461641,0.24690187
0.13105544,0.38567558
0.1374387,0.5907392
0.21428367,0.73291296
0.1343268,0.6196435
0.17101921,0.59532195
0.17943715,0.72360116
0.87751955,0.5844341
0.76206964,0.18495421
0.78452563,0.2361301
0.78278726,0.16313338
0.12586166,0.5645231
0.8035763,0.24466656
0.83679426,0.3638013
0.20671809,0.6658214
0.8304721,0.25760576
0.21974042,0.87854236
0.14837004,0.50039667
0.19410071,0.64396244
0.85663295,0.40977812
0.13743791,0.6233349
0.133833,0.5498493
0.16778713,0.52747345
0.83796114,0.5126284
0.9022399,0.39463475
0.14729598,0.68175894
0.1713032,0.6622514
0.8709213,0.37256995
0.08017621,0.44578698
0.84325206,0.52766186
0.7992753,0.36487713
0.1763423,0.6102634
0.95936435,0.6697988
0.11945144,0.44326082
0.84166324,0.41982582
0.8566183,0.41126132
0.813666,0.34674984
0.15428211,0.53714186
0.7719666,0.16898732
0.7537453,0.1638211
0.13772665,0.47757754
0.15628743,0.6617879
0.22002004,0.69904655
0.1598146,0.59492594
0.2359179,0.7464833
0.14498208,0.48106563
0.17283337,0.6253065
0.8552837,0.2748916
0.14022657,0.60000455
0.2706633,0.77564436
0.13677119,0.55020106
0.1604135,0.5379601
0.14228028,0.51811177
0.16609553,0.5650965
0.9078541,0.5196843
0.8420591,0.52109915
0.8122286,0.24554308
0.7691129,0.18363352
0.8500605,0.29949743
0.21551599,0.7161335
0.9067051,0.5937774
0.1425952,0.67870146
0.21124713,0.6900852
0.8330077,0.33226788
0.8345803,0.41389918
0.14522877,0.678312
0.8442278,0.49699834
0.8541172,0.3536997
0.7772107,0.22966555
0.8683996,0.37401152
0.8454676,0.3672561
0.1264451,0.5481777
0.8624308,0.5710266
0.18773966,0.65253925
0.13667242,0.6980548
0.11543166,0.5473056
0.14439349,0.60570955
0.17948236,0.6886922
0.77163106,0.23722431
0.8061,0.29711363
0.1547291,0.49997437
0.9011654,0.6183452
0.8402386,0.28505754
0.9142536,0.42160732
0.83084375,0.3290172
0.20425625,0.7074971
0.24826834,0.7431253
0.77509,0.1986109
0.18958277,0.70276153
0.8661912,0.36719477
0.0932977,0.53324944
0.17957318,0.66912204
0.18224524,0.7298519
0.15576032,0.5712772
0.21881668,0.7986851
0.19002937,0.5174705
0.8276957,0.47055492
0.8116991,0.50527245
0.9066095,0.5970609
0.8407831,0.39773256
0.16436586,0.60945606
0.13273078,0.4567515
0.12249037,0.39830068
0.14332062,0.606795
0.75364894,0.30764538
0.82343876,0.39218262
0.8488857,0.42085215
0.19594699,0.83100784
0.15386169,0.5909232
0.83673555,0.39153695
0.13168013,0.6013686
0.14781436,0.5220742
0.76335156,0.2838652
0.13242498,0.6596337
0.7999087,0.24077241
0.21296173,0.7035005
0.12907115,0.61692154
0.13465044,0.56327164
0.83649206,0.2892443
0.9100078,0.58941853
0.16436546,0.49528036
0.16803105,0.5674549
0.25309286,0.8353681
0.97479975,0.691903
0.15662496,0.62711555
0.8266201,0.39935854
0.78652704,0.28286824
0.16910392,0.65674394
0.22603364,0.8072575
0.78700334,0.3628591
0.8645099,0.354161
0.1210066,0.47641322
0.19692387,0.74556434
0.08928665,0.3718143
0.20835297,0.6748209
0.86658466,0.3729738
0.85280436,0.3105018
0.12741128,0.5418034
0.11819137,0.63324285
0.19483288,0.6707498
0.15522051,0.62201065
0.7700961,0.23741268
0.84944415,0.39235738
0.18253914,0.6866198
0.23228085,0.76598126
0.22787079,0.8459936
0.78338975,0.2627978
0.14345111,0.53631437
0.85480136,0.6683191
0.20628418,0.726953
0.7882071,0.17697318
0.9032271,0.5976067
0.23864943,0.76309633
0.8818499,0.42182326
0.78315175,0.2943991
0.1761063,0.69704384
0.2385602,0.7550382
0.16443169,0.5841389
0.7722367,0.26323453
0.845428,0.54501337
0.842932,0.36801216
0.10397044,0.33262706
0.78963256,0.18031234
0.0679503,0.41195735
0.8784112,0.45898372
0.16977382,0.7457991
0.8398015,0.41833737
0.11755518,0.5730539
0.19411895,0.62369096
0.85800725,0.4261099
0.216523,0.7574575
0.7973227,0.21865022
0.7704634,0.13028629
0.202711,0.78685194
0.19078176,0.6688325
0.15241441,0.57147604
0.80400664,0.36402208
0.2294454,0.73298126
0.86144996,0.4809697
0.8185667,0.31157938
0.88278633,0.40864143
0.22432102,0.73665464
0.8389154,0.45565507
0.15261033,0.61036766
0.74399316,0.17081568
0.85880846,0.48288304
0.8107016,0.3206656
0.84934264,0.39321288
0.16174537,0.53469145
0.14448431,0.5562052
0.8381337,0.5683016
0.8462859,0.54778135
0.86068845,0.52587813
0.1510528,0.48455983
0.757706,0.21858802
0.8453649,0.46419287
0.22899999,0.76120794
0.21284552,0.7423255
0.20381163,0.76389796
0.18888511,0.64270353
0.8526053,0.40484363
0.71779937,0.26776996
0.15691647,0.4367275
0.75912553,0.07969781
0.17543958,0.69270635
0.15248817,0.65096754
0.1296292,0.5513386
0.11984925,0.5503868
0.8176703,0.3916
0.7732092,0.2374499
0.19801378,0.65565896
0.8218507,0.31954816
0.18718955,0.68455935
0.7799161,0.1984935
0.16166446,0.693879
0.85237837,0.31380504
0.79737306,0.23202482
0.14288354,0.6724235
0.87111014,0.34721327
0.15716714,0.52814716
0.8422625,0.35330373
0.804521,0.4668557
0.85421634,0.46890748
0.7510943,0.21851005
0.17970249,0.49187595
0.84226924,0.41534778
0.8558671,0.40558305
0.88933736,0.44770864
0.21770892,0.7490292
0.15455577,0.62594336
0.87154084,0.37924123
0.85838884,0.47694895
0.79826033,0.2569027
0.032717854,0.29508203
0.15963414,0.49756387
0.19174674,0.63940996
0.8744961,0.411967
0.78088707,0.27577466
0.15385257,0.6871232
0.20936832,0.6501686
0.11638554,0.4398932
0.83226204,0.3260412
0.72339255,0.2715524
0.85986465,0.5001925
0.1996578,0.803373
0.15099607,0.5412541
0.82812965,0.35236898
0.21314576,0.7305287
0.17326649,0.6167376
0.7734416,0.200632
0.16886634,0.7184437
0.23560336,0.6999734
0.90297484,0.5880856
0.14477345,0.59063053
0.7015711,0.045289107
0.88407654,0.5752922
0.11099146,0.46775982
0.21944216,0.6846824
0.20045143,0.88632977
0.16302091,0.53347325
0.09883258,0.36689255
0.75816727,0.13104235
0.85515517,0.31378007
0.74469954,0.24083506
0.8255472,0.28332466
0.8375439,0.34620842
0.16779903,0.6317557
0.18987587,0.6732479
0.83305806,0.3730798
0.7954776,0.33443135
0.14468025,0.62723035
0.14371249,0.5055865
0.8081894,0.2212583
0.1801471,0.6531043
0.83223546,0.33508533
0.23046115,0.7309067
0.16018346,0.6792043
0.15084854,0.6141308
0.22221138,0.7597646
0.1258577,0.5972554
0.10686698,0.48332196
0.769989,0.23510158
0.7639377,0.1895006
0.7997917,0.20484854
0.21128957,0.83656347
0.8442647,0.3290124
0.13026498,0.51897645
0.8342178,0.39913514
0.18654147,0.57127106
0.13726895,0.6298686
0.17007843,0.6483231
0.84008145,0.40089518
0.7448261,0.20744962
0.16654411,0.68757695
0.76677203,0.20185018
0.20485872,0.7194253
0.78369075,0.31488657
0.20475797,0.80828553
0.12837626,0.43406424
0.17076062,0.6369714
0.16116987,0.63488984
0.83685493,0.42125645
0.09240292,0.2894896
0.228622,0.8126164
0.17895803,0.6640018
0.84393746,0.25705996
0.10026756,0.3730592
0.2339558,0.68725544
0.8800793,0.48491815
0.21958573,0.70442826
0.831915,0.37203115
0.16411956,0.5763961
0.1988463,0.6325862
0.19749461,0.75293297
0.117032036,0.44987473
0.7912139,0.30771413
0.82973593,0.4596044
0.08376605,0.451375
0.21955281,0.625377
0.81824976,0.40865806
0.17498465,0.56922454
0.8476499,0.38237584
0.14541003,0.5450922
0.16376893,0.53818524
0.15789415,0.6598553
0.21265395,0.9667819
0.1542928,0.53460294
0.8372139,0.31797954
0.74088085,0.31487998
0.84941995,0.45201895
0.860036,0.5594064
0.14903875,0.5420163
0.86648864,0.37252787
0.8336419,0.2990673
0.1296502,0.47196057
0.8318079,0.44328797
0.16980158,0.7100509
0.8697267,0.32513487
0.74817556,0.23924367
0.12149048,0.6177267
0.13705398,0.41793394
0.1786328,0.5091096
0.8705794,0.40064767
0.1384366,0.6970381
0.13440295,0.5476039
0.83568925,0.32290748
0.20445496,0.64080423
0.16190283,0.5546099
0.15615179,0.63993824
0.21045467,0.74413544
0.2419311,0.7851322
0.74422795,0.19208896
0.21769543,0.76917714
0.8148317,0.3155388
0.86858046,0.3973694
0.83199275,0.42581162
0.815778,0.3284403
0.79603326,0.2497789
0.18659341,0.76320803
0.7588986,0.26083365
0.1358181,0.5098644
0.2080904,0.7431534
0.15225297,0.8380813
0.11037908,0.42162353
0.14026345,0.46255153
0.7426248,0.2634321
0.21017505,0.7602079
0.8250066,0.27650487
0.1233784,0.4780813
0.8209099,0.24985468
0.7857346,0.28767088
0.19258322,0.6328924
0.15271187,0.56978434
0.12809703,0.5697677
0.10628235,0.40484628
0.17000148,0.6495369
0.86100656,0.47849435
0.22879493,0.8623985
0.11228088,0.5293868
0.796539,0.20793496
0.795881,0.1816869
0.13331184,0.5520377
0.18789236,0.6959321
0.7398338,0.28274864
0.17379399,0.60772276
0.11865898,0.42399856
0.14901851,0.6461426
0.17200126,0.3691344
0.8541537,0.37203598
0.21718894,0.75892186
0.7729292,0.26741734
0.18164277,0.8025324
0.16695064,0.5533764
0.16111751,0.6607253
0.78319657,0.36098123
0.21662177,0.7695937
0.78666544,0.2918918
0.7916534,0.4000607
0.8583904,0.3795251
0.17522143,0.4256881
0.85209244,0.20404343
0.8551468,0.20261718
0.9119338,0.61001456
0.84427696,0.5051112
0.80906236,0.29546618
0.21963888,0.7506311
0.15541843,0.5494472
0.86064994,0.40406173
0.21391164,0.6747092
0.12828186,0.51180315
0.85524637,0.45127735
0.11923964,0.52430385
0.14155565,0.5454637
0.16395456,0.6768424
0.8363195,0.35365942
0.79055274,0.2615538
0.15517807,0.67559355
0.19567093,0.67144406
0.844135,0.23018637
0.13307585,0.5532774
0.71700805,0.26136324
0.8559968,0.3854272
0.104832694,0.39733
0.8673961,0.3299752
0.24227616,0.7902371
0.18458968,0.7384226
0.8442762,0.30188867
0.7603348,0.23944297
0.13916402,0.51061475
0.14641428,0.5900821
0.22980513,0.8231197
0.8646896,0.37838444
0.12425455,0.55105346
0.18286754,0.6925767
0.8434357,0.4107637
0.822421,0.3060943
0.84865725,0.35079205
0.8073327,0.41194642
0.17620942,0.7089409
0.8073914,0.3762385
0.826578,0.40291628
0.1370865,0.5369465
0.17296028,0.501497
0.8382301,0.5364217
0.76193833,0.25032994
0.20816457,0.72259235
0.16142014,0.56747067
0.8547573,0.42363808
0.14578564,0.4632594
0.8064153,0.35494506
0.81896925,0.22484319
0.8255968,0.54211706
0.76891494,0.35308123
0.83924896,0.54833543
0.82556903,0.26910904
0.7731394,0.18023393
0.12848969,0.5224781
0.846107,0.3331869
0.114951745,0.47750044
0.18599214,0.8686773
0.8521745,0.359378
0.8350241,0.45676506
0.83505946,0.31181285
0.8606432,0.4479614
0.7957287,0.13788141
0.28640288,0.9591679
0.22665516,0.7500564
0.18372504,0.45986417
0.21349002,0.7132258
0.87062305,0.53231114
0.1539771,0.5126218
0.1383906,0.6383315
0.19432004,0.7180836
0.121321514,0.52697325
0.8444118,0.30242395
0.7743027,0.27791974
0.8125146,0.34817213
0.108970664,0.40964234
0.19027328,0.757945
0.17450076,0.6680501
0.81106335,0.5087833
0.12502915,0.510185
0.8138464,0.34705427
0.19596444,0.6211486
0.14092977,0.51857954
0.17871886,0.7139608
0.84449315,0.30140334
0.13621908,0.48161143
0.16372253,0.5986992
0.8718225,0.39854378
0.8218126,0.3790691
0.15809762,0.64117306
0.13234924,0.38498786
0.84557074,0.43591055
0.8529043,0.41776967
0.21655038,0.7926875
0.17560339,0.64751846
0.8701967,0.400939
0.11365439,0.49997613
0.82932067,0.30795768
0.06142426,0.3368274
0.8383657,0.268314
0.8522122,0.4329262
0.21269242,0.6780663
0.18407644,0.76564395
0.17293887,0.7009498
0.87135917,0.5186461
0.15566671,0.5678929
0.18599293,0.72482675
0.22811393,0.9390103
0.8636623,0.4606535
0.79494774,0.41329426
0.83133036,0.2969174
0.15464859,0.66073143
0.8272975,0.38569003
0.17345646,0.61289686
0.838633,0.44591883
0.16852802,0.63220465
0.16279325,0.64502865
0.8614091,0.34617776
0.115211934,0.33260518
0.82819825,0.33759004
0.20566109,0.7024028
0.8859014,0.43803898
0.8139559,0.26280218
0.18003446,0.76625896
0.070191614,0.32435825
0.91899246,0.6374173
0.8487009,0.39775312
0.7730573,0.29144326
0.84470296,0.46809533
0.86430407,0.44134924
0.12172964,0.5754955
0.2030045,0.748062
0.16342229,0.7678613
0.14806345,0.5223756
0.80244315,0.42827293
0.85436904,0.33226132
0.8463378,0.395718
0.16068043,0.47961047
0.15007235,0.5102008
0.09634575,0.3871259
0.77864057,0.31234244
0.831986,0.5206024
0.11343625,0.5604971
0.80983776,0.17391612
0.10954776,0.45083362
0.14448431,0.48211735
0.114205696,0.4904716
0.74130243,0.19818951
0.7523964,0.12650865
0.8448878,0.5320001
0.7688852,0.16329283
0.13100547,0.49344325
0.21826895,0.6947976
0.22262189,0.6990474
0.20038916,0.68771887
0.83932513,0.47100917
0.104121946,0.5074718
0.84665275,0.15930626
0.8519298,0.35396168
0.82231075,0.32923928
0.17795615,0.73669845
0.12334152,0.5549892
0.8171408,0.36022604
0.18235074,0.7349691
0.2017,0.65869015
0.879436,0.5389264
0.874669,0.45597002
0.77537596,0.24089944
0.9208808,0.6684943
0.13643089,0.52828735
0.8577423,0.44171456
0.14883052,0.4540313
0.1470235,0.6626973
0.8846425,0.41141638
0.82583004,0.29527256
0.14688191,0.4444457
0.8409342,0.41853186
0.75706583,0.24982008
0.79729694,0.27852377
0.8434881,0.38476753
0.85186434,0.40870407
0.19636066,0.7306185
0.20476432,0.7476862
0.18444292,0.65108585
0.84448636,0.58377266
0.20651938,0.6367423
0.78854823,0.17400284
0.8152806,0.19318624
0.16316012,0.48993894
0.8250118,0.5167293
0.15446852,0.50130993
0.19490823,0.6340576
0.10152327,0.47296894
0.13322061,0.59330654
0.14679426,0.6665078
0.12099708,0.3756721
0.7425649,0.14093629
0.20611204,0.71639895
0.8597484,0.31073967
0.77983123,0.15165593
0.15705529,0.6643864
0.8605389,0.39409772
0.16138364,0.51384175
0.8125015,0.240429
0.835159,0.35396037
0.79680234,0.36289325
0.84070617,0.4093769
0.7743975,0.2521846
0.18385077,0.57680744
0.08755023,0.34305674
0.825387,0.34649226
0.8422716,0.5530119
0.13988745,0.5297977
0.13874319,0.52849454
0.18021572,0.6613407
0.8631352,0.51674855
0.22127852,0.8277038
0.2379712,0.83032674
0.76905775,0.21585292
0.906713,0.37032893
0.7741611,0.15509102
0.12415856,0.46991625
0.8566032,0.39596945
0.8477609,0.3800906
0.09684867,0.4561527
0.106540956,0.4058174
0.8431081,0.35261032
0.7502138,0.26946518
0.9023259,0.5394074
0.115084216,0.51007116
0.7916395,0.21732384
0.16241606,0.6266797
0.7777438,0.20007437
0.82759184,0.33597192
0.12844369,0.5523733
0.79604244,0.20883644
0.18848175,0.6509807
0.14689896,0.5591418
0.73579055,0.3897375
0.96784735,0.67646486
0.13977006,0.55047655
0.14197369,0.43694168
0.12991832,0.43633765
0.8067306,0.32003132
0.14471912,0.49787354
0.8608717,0.5907173
0.859211,0.42946264
0.21240209,0.65179545
0.13275537,0.5135474
0.1657596,0.548342
0.7702353,0.29975238
0.80931383,0.2148301
0.84604114,0.38358352
0.10893299,0.3684029
0.88976884,0.5194399
0.7856925,0.2342207
0.8500399,0.41972378
0.22869101,0.86719584
0.82855046,0.3948174
0.8469875,0.49535835
0.7958723,0.48595062
0.7976079,0.21528654
0.12969622,0.40906456
0.7661715,0.25239137
0.7828031,0.15388511
0.21555248,0.69988054
0.8242824,0.4608616
0.84390175,0.45548382
0.119929366,0.5485961
0.17136705,0.6124781
0.8390146,0.35798988
0.15733887,0.28775847
0.80574024,0.19393617
0.85628635,0.40878117
0.15452483,0.62001014
0.82933694,0.33121878
0.16013904,0.7062689
0.7867384,0.24721813
0.14103052,0.51250046
0.80657077,0.2636923
0.85572547,0.3931774
0.18230751,0.6308717
0.1431695,0.64781547
0.13441643,0.4837188
0.22996259,0.7807094
0.8045591,0.21969363
0.017614834,0.25088012
0.1499375,0.6679371
0.8530804,0.3956637
0.2199082,0.70811915
0.16336755,0.6333418
0.793508,0.1891471
0.75738513,0.3070549
0.22960682,0.70471996
0.83908397,0.43566525
0.20597164,0.7557544
0.8454359,0.33998784
0.15189324,0.59542096
0.15793778,0.68088025
0.12375956,0.47395498
0.8499384,0.39946762
0.8603303,0.32768032
0.14978242,0.5015855
0.86677384,0.35824043
0.85856014,0.34278297
0.90342224,0.451598
0.82814866,0.34083414
0.84566593,0.48631507
0.09969325,0.21431234
0.7517467,0.22691905
0.8485462,0.4432341
0.10718467,0.55236363
0.072528124,0.2818428
0.096571825,0.5423194
0.2188159,0.719378
0.1981542,0.73518986
0.121412344,0.67482656
0.8606924,0.5331741
0.132377,0.51687735
0.13752635,0.5456065
0.10552203,0.46608168
0.8189244,0.22158113
0.12869316,0.37334308
0.08378826,0.25477472
0.13823988,0.6281195
0.9004051,0.52186483
0.78622323,0.2648811
0.22207573,0.81152093
0.784655,0.28939763
0.17200086,0.6551294
0.16638744,0.6045141
0.14743719,0.5925194
0.16087438,0.5120309
0.86275804,0.3682697
0.79316413,0.24081053
0.12504938,0.5914392
0.06728556,0.49288255
0.1759076,0.60710424
0.7941676,0.3753484
0.17222574,0.49157283
0.101145685,0.39981323
0.7643268,0.23409191
0.18714869,0.5516036
0.843166,0.38002926
0.75637573,0.25467703
0.8635203,0.5259995
0.16205592,0.5796012
0.12875701,0.5012832
0.7696995,0.17988655
0.2187568,0.7227439
0.20055218,0.6687492
0.10868906,0.35508436
0.15205427,0.68922836
0.8458579,0.36951023
0.21234141,0.7668836
0.22907732,0.7824488
0.11985242,0.5456126
0.22382088,0.8226694
0.15460218,0.45178413
0.17421997,0.52752036
0.08947941,0.43636394
0.15612957,0.6209204
0.15187341,0.6227286
0.06929049,0.37044284
0.82173723,0.45745015
0.8247286,0.28098992
0.83634293,0.4120559
0.15165289,0.51934
0.13106337,0.64032936
0.08881943,0.4829054
0.0948013,0.38442102
0.181966,0.6781066
0.21647541,0.7684868
0.19139852,0.77978027
0.20734039,0.7273223
0.8509803,0.3128567
0.8109709,0.34157267
0.862169,0.24395432
0.848877,0.3860203
0.14958133,0.58527684
0.17371863,0.67347306
0.81362593,0.30632514
0.068256095,0.28730556
0.784862,0.23978464
0.8023987,0.12105203
0.14304894,0.7021145
0.8210836,0.19961575
0.77907807,0.19996531
0.77876866,0.28361902
0.9084383,0.621669
0.7853812,0.30131835
0.110344574,0.5068691
0.13041292,0.4938471
0.2214344,0.6372868
0.13032685,0.55920094
0.7392908,0.13890949
0.88449776,0.32061434
0.8378497,0.47376704
0.8406455,0.3955441
0.13729988,0.6466389
0.13203432,0.44993696
0.20151478,0.61762065
0.8325873,0.51751864
0.152884,0.51194066
0.85201234,0.3937267
0.1847618,0.77574944
0.1840693,0.63240176
0.74287945,0.3683477
0.8520369,0.49126533
0.81538457,0.3321461
0.14390208,0.6535945
0.84296614,0.32319525
0.81126285,0.2642166
0.14806107,0.58845437
0.76851475,0.27349994
0.8292513,0.41036072
0.16045833,0.5527526
0.17656282,0.78766584
0.16098265,0.55356735
0.13918068,0.4956571
0.14619812,0.45444828
0.79815996,0.14709641
0.817702,0.3810223
0.8288281,0.26340973
0.86339855,0.42651904
0.8809765,0.51065195
0.13844137,0.46080247
0.147833,0.6044016
0.19820774,0.6480967
0.768861,0.27055457
0.1586636,0.612415
0.8401041,0.43870172
0.8615412,0.4571961
0.8059001,0.34884277
0.80221033,0.31914955
0.09209196,0.57257026
0.140904,0.5851906
0.7828222,0.15984854
0.81715864,0.33395958
0.81417763,0.27749482
0.10831425,0.494463
0.9593219,0.5477879
0.81990325,0.32777888
0.80485815,0.35426655
0.13090672,0.52028
0.14695925,0.5628993
0.078426704,0.46442896
0.14703104,0.57831734
0.8104533,0.2667283
0.16770305,0.67374855
0.16326086,0.6290815
0.16686934,0.44055375
0.13933575,0.4932181
0.82571816,0.44088885
0.8635596,0.38651267
0.87405586,0.4352719
0.15286894,0.6443891
0.8043267,0.21952981
0.8203086,0.43050167
0.80737233,0.40401796
0.7701465,0.06302173
0.15702277,0.48013085
0.17809021,0.6926884
0.17294918,0.60385007
0.23142177,0.8211516
0.7909918,0.17430465
0.7957045,0.29200217
0.15589596,0.5060018
0.8664962,0.46201143
0.81367314,0.29332024
0.1350907,0.46739843
0.110066935,0.54663235
0.2127297,0.6779051
0.21915896,0.7680304
0.7821269,0.22447656
0.83838356,0.35081658
0.10813419,0.45994872
0.8142216,0.40725154
0.23620425,0.89239
0.22664523,0.729434
0.8334087,0.32203534
0.1638673,0.5296663
0.84021354,0.27647114
0.8435206,0.37496382
0.14941277,0.6860942
0.7913892,0.22319092
0.21410123,0.6751393
0.83990616,0.33939168
0.85490966,0.44171193
0.13512084,0.5906446
0.8152271,0.4175695
0.8631515,0.43776038
0.82710236,0.5657001
0.12658867,0.5110979
0.07511728,0.33499554
0.8354513,0.4651684
0.19128151,0.74096406
0.8954703,0.5046123
0.85026044,0.5245202
0.15678757,0.54186386
0.8427904,0.43023622
0.9054926,0.41282117
0.12050289,0.5727323
0.10977779,0.3273553
0.15653333,0.59540296
0.11533251,0.598824
0.85700977,0.4877505
0.7703016,0.30964983
0.7252935,0.27908885
0.7982322,0.23533726
0.23070864,0.8115958
0.7886783,0.30165258
0.2210473,0.8275106
0.85396606,0.44974902
0.22784978,0.82249725
0.1243656,0.46616578
0.20923585,0.8042797
0.16640925,0.65285903
0.1470108,0.58407575
0.15130228,0.56525636
0.16627838,0.6675201
0.045081396,0.3472032
0.14364149,0.65871644
0.8224746,0.2986906
0.14929178,0.6307031
0.12336254,0.43882877
0.86035526,0.23545289
0.1792071,0.52613133
0.09043369,0.33881652
0.1360168,0.49757963
0.7905222,0.29216513
0.14865561,0.54804456
0.17947799,0.56712985
0.2401804,0.71535116
0.1159199,0.49917364
0.8600649,0.36285645
0.22050749,0.8963008
0.85816115,0.3451418
0.23079748,0.74869716
0.19495423,0.77009964
0.77802384,0.21647844
0.8326607,0.37229747
0.8663142,0.44924134
0.8192024,0.3585234
0.747347,0.17761359
0.8227629,0.45821014
0.78111154,0.29503253
0.16250291,0.39941284
0.8691429,0.40385675
0.8357809,0.46241224
0.8037222,0.29854164
0.8386334,0.41504553
0.7648278,0.29363737
0.060101915,0.2690131
0.8413011,0.31172875
0.18900053,0.5165357
0.21570042,0.75644344
0.17484583,0.7412921
0.8674493,0.42057487
0.05636017,0.43075705
0.7861907,0.21654502
0.827754,0.36659247
0.91858435,0.6946193
0.9365827,0.61896235
0.14826612,0.5827415
0.84991455,0.45375094
0.85722274,0.20643423
0.18014313,0.63903326
0.78342426,0.17003947
0.15018936,0.5157963
0.20162663,0.71471775
0.07510895,0.3651027
0.82122403,0.42843458
0.7992007,0.33644414
0.84468704,0.28250334
0.13999414,0.5866041
0.19076113,0.7775345
0.16564061,0.46819127
0.13095827,0.42874515
0.14412855,0.6004978
0.8512936,0.3011195
0.19344588,0.6873838
0.20923427,0.5961954
0.22450109,0.78852963
0.86199015,0.44531742
0.1613301,0.54261905
0.17900284,0.64602387
0.7679218,0.1236693
0.7756552,0.24859752
0.11694795,0.5842904
0.1993159,0.8582144
0.13032249,0.5728419
0.854588,0.32621115
0.87311584,0.43399194
0.8724027,0.41937685
0.8661008,0.23269852
0.7661997,0.14267968
0.8974356,0.62523377
0.16405688,0.5393127
0.22307444,0.791252
0.77297837,0.2908414
0.15387319,0.47346175
0.8825606,0.45352623
0.83133435,0.4582557
0.15558025,0.52719223
0.8563482,0.545221
0.12076545,0.40918678
0.15788265,0.525985
0.1708923,0.529124
0.85953945,0.35453245
0.82982045,0.29342842
0.24063572,0.74255675
0.81369257,0.26573002
0.83701956,0.3761325
0.7837296,0.18452975
0.78568697,0.27319813
0.8560567,0.54738706
0.12784518,0.6357344
0.8472576,0.2937355
0.14731105,0.55764765
0.9261757,0.65098685
0.8141836,0.25638142
0.87638324,0.5141598
0.15765142,0.46983698
0.1952755,0.6516229
0.90188295,0.64323795
0.7711067,0.3696088
0.10715611,0.44333133
0.1932793,0.70262706
0.8010732,0.34974426
0.79445827,0.27195233
0.8684385,0.4368589
0.8566615,0.33451194
0.87605876,0.30923894
0.07493404,0.4709842
0.22990468,0.7926612
0.16518725,0.60914904
0.8724237,0.36678216
0.0681732,0.33181757
0.8454557,0.44652244
0.12212111,0.49884555
0.84297365,0.49324438
0.83731425,0.32742187
0.1513102,0.5343612
0.86064404,0.47326374
0.18905725,0.7255898
0.77743286,0.33139881
0.11888228,0.57411
0.7436628,0.28696257
0.72526896,0.19427608
0.836705,0.41347998
0.12937655,0.37144113
0.8127573,0.38443592
0.21754313,0.82284546
0.15733571,0.54995006
0.15165487,0.5760299
0.15562427,0.64441276
0.24137345,0.78512216
0.1932317,0.7367948
0.24533927,0.73316085
0.7915213,0.25369802
0.15022664,0.45645887
0.103337824,0.40746793
0.13463299,0.49621165
0.22757532,0.7780255
0.8037718,0.21868701
0.22616334,0.8028333
0.19819425,0.8419912
0.21628067,0.7043656
0.9114316,0.6142167
0.16258581,0.7059675
0.848175,0.49458915
0.15409529,0.7162259
0.16842966,0.5294008
0.15195234,0.58003795
0.83859175,0.51386845
0.22055627,0.74156594
0.21387039,0.7749943
0.78947353,0.18456611
0.13932663,0.5810516
0.8564573,0.3922356
0.1629388,0.58915174
0.83052206,0.29236314
0.14429474,0.52475065
0.16582543,0.6612378
0.8444376,0.3907822
0.77919626,0.15890852
0.894683,0.5542884
0.24217582,0.7060985
0.79930145,0.40808293
0.15859777,0.56830996
0.845888,0.39264518
0.17140195,0.6286938
0.80825204,0.2949182
0.20711789,0.75466895
0.83890986,0.28052342
0.8344011,0.35388896
0.23025094,0.72194886
0.7542609,0.21922536
0.15348251,0.65425193
0.8013619,0.12824635
0.09648973,0.38290673
0.21587929,0.76822007
0.85556644,0.5104943
0.12317652,0.50942415
0.9200673,0.428276
0.8419024,0.26421705
0.15648614,0.57528436
0.8171261,0.2491236
0.8394278,0.35640943
0.81624043,0.31800407
0.8812351,0.5507236
0.22489375,0.7612789
0.14222753,0.55714
0.74924165,0.30650473
0.8189962,0.30813554
0.17785382,0.66747105
0.19079486,0.72379297
0.16637674,0.642665
0.15475091,0.6819245
0.14823677,0.6043035
0.15293914,0.7738861
0.16013508,0.54145867
0.17143606,0.7275553
0.84634376,0.36161506
0.19396545,0.56468165
0.053354163,0.31002128
0.8242273,0.2040005
0.1457678,0.5623842
0.1553633,0.56055844
0.91853356,0.62697715
0.13714322,0.5353266
0.06473527,0.3585523
0.16283251,0.64587146
0.8350912,0.3584108
0.82526124,0.20523621
0.15540811,0.4908413
0.11897351,0.5018807
0.15581267,0.59115094
0.13904265,0.45228657
0.15122057,0.568889
0.12859122,0.5432104
0.87145436,0.42042595
0.80928093,0.36806735
0.84131896,0.31766152
0.8045702,0.29582933
0.75393647,0.24524477
0.7829483,0.2276278
0.8382047,0.3011878
0.767712,0.20352961
0.8530451,0.42571568
0.11584534,0.5176654
0.7567299,0.27315432
0.17644422,0.74317616
0.12433784,0.63767445
0.13456398,0.5388265
0.16471687,0.72781503
0.1710549,0.54096067
0.7604403,0.33331084
0.10820756,0.5664728
0.16954933,0.60278827
0.7942846,0.214237
0.8470676,0.33014953
0.83348006,0.3719212
0.09156049,0.32575294
0.13750216,0.57622087
0.1886745,0.5901312
0.16384113,0.62311757
0.8868303,0.42902812
0.20256941,0.7479998
0.17529401,0.63532174
0.86100656,0.5340843
0.20528865,0.6766558
0.83546877,0.32212338
0.12163485,0.45085552
0.81678504,0.31241867
0.22004423,0.7772966
0.83074814,0.31617922
0.87105143,0.38403118
0.14148109,0.60046536
0.1954512,0.7532072
0.86067295,0.3285393
0.8612025,0.43192136
0.111846976,0.52932024
0.8675389,0.4843255
0.7391131,0.25401473
0.85045636,0.432143
0.14100713,0.5844919
0.9027579,0.4945252
0.23966995,0.84309334
0.756012,0.23510027
0.799334,0.23650856
0.7471566,0.25322363
0.25056875,0.7937099
0.8398181,0.39111555
0.77119714,0.23455097
0.17625265,0.6039289
0.225687,0.72279775
0.8364468,0.41706005
0.24763732,0.7577921
0.14341106,0.66639215
0.19707538,0.73879665
0.16925067,0.5932382
0.780774,0.19513902
0.11891163,0.5391454
0.81139016,0.41154474
0.16299433,0.66584855
0.17397842,0.62288237
0.16915151,0.46749303
0.8467602,0.40687308
0.1745432,0.68879294
0.7829225,0.16870785
0.82561266,0.35783744
0.17219242,0.6961967
0.18193588,0.6299803
0.91866845,0.5888504
0.1573714,0.57283485
0.14583522,0.7164217
0.11512824,0.62273127
0.14377198,0.6545844
0.2354467,0.75553447
0.17043895,0.66559887
0.19392976,0.83934194
0.16960485,0.6151133
0.8381154,0.37105387
0.21230017,0.772335
0.11517663,0.35936397
0.13525291,0.53842354
0.1738162,0.66298467
0.88330907,0.54456526
0.84913915,0.38903487
0.856558,0.4346718
0.13747202,0.5629273
0.8715234,0.5782236
0.8278619,0.45504272
0.8831453,0.40488306
0.14235644,0.5584953
0.8949718,0.59128934
0.23381142,0.7744003
0.7330269,0.27016646
0.13603267,0.5200978
0.8566635,0.3302586
0.109184444,0.6053924
0.17515877,0.5441942
0.19741766,0.8137063
0.7845201,0.3286659
0.80308247,0.3873353
0.21073945,0.7661275
0.15477273,0.43630522
0.8733241,0.45741248
0.8640399,0.3876476
0.83537036,0.29281956
0.8157114,0.26391655
0.8367871,0.2957439
0.20957139,0.77249926
0.8567127,0.29688892
0.16483268,0.50294864
0.19177333,0.62845594
0.82243294,0.36955273
0.17602816,0.5608042
0.7891285,0.28904718
0.77851325,0.24174398
0.22257072,0.86296093
0.8352046,0.29754993
0.13624011,0.55987245
0.21252704,0.8353234
0.22559656,0.8253703
0.8234126,0.39154133
0.8266479,0.304368
0.9159115,0.5932338
0.81276125,0.41190216
0.18765914,0.7102506
0.85638785,0.4196471
0.10469428,0.43797195
0.8394925,0.41300997
0.79074985,0.2468861
0.8710014,0.51918405
0.19379848,0.79617864
0.14697075,0.5187592
0.19721697,0.7742479
0.10418779,0.5251843
0.15122533,0.5297758
0.8108654,0.39036518
0.1456143,0.5855423
0.8578224,0.42209268
0.819298,0.3525823
0.1702684,0.73064786
0.9117481,0.56793934
0.23246013,0.7657508
0.8400521,0.29344946
0.84844625,0.272584
0.15584877,0.56751794
0.14886343,0.5966264
0.75606555,0.3239386
0.2231014,0.846821
0.11427908,0.60403275
0.1834823,0.60296303
0.21707986,0.6561662
0.7704963,0.1792514
0.151451,0.5089778
0.115846924,0.41981092
0.83865523,0.42254823
0.13154964,0.65981853
0.7449518,0.38565454
0.19008926,0.8175426
0.78223836,0.34958085
0.20482063,0.5668469
0.7966179,0.20217827
0.14825223,0.59783804
0.11968426,0.53769374
0.11348979,0.453549
0.15610498,0.562753
0.24917383,0.8098191
0.23381539,0.82207894
0.7372759,0.13091443
0.20242544,0.72569495
0.8834899,0.6244383
0.07197682,0.38404346
0.8251633,0.5123971
0.81187797,0.24668899
0.77656543,0.2070107
0.7457974,0.23064588
0.741005,0.17957029
0.22346908,0.72989833
0.15646313,0.71051085
0.79055554,0.15094061
0.8213343,0.32130468
0.16566876,0.55686754
0.86995715,0.43369803
0.20252538,0.7467216
0.83976257,0.40730804
0.123288766,0.5852348
0.2173099,0.7794509
0.83045065,0.47436365
0.87446237,0.32861817
0.22350238,0.68041766
0.17161018,0.44036978
0.19815975,0.6645537
0.8185024,0.4451308
0.08971936,0.40770754
0.13341694,0.47945058
0.09061494,0.5068967
0.8274427,0.29894945
0.15557867,0.6636216
0.781691,0.27571508
0.8718177,0.38798314
0.16954616,0.46015942
0.21622792,0.72950673
0.85683924,0.4646655
0.7495181,0.23466793
0.7561984,0.23059507
0.17679207,0.78183687
0.20679265,0.74038583
0.84786284,0.49434164
0.853949,0.40576395
0.85404265,0.4025041
0.76863056,0.28802744
0.21827966,0.85679513
0.13914378,0.59890944
0.13814549,0.5815737
0.21902412,0.7764455
0.15663329,0.67616475
0.7826921,0.30653495
0.24524647,0.8586506
0.17981315,0.70646685
0.83780766,0.5165357
0.18554553,0.6919324
0.17167324,0.6700073
0.2334374,0.73770505
0.1585343,0.5661303
0.75117517,0.24923311
0.8284636,0.32001466
0.85657704,0.3784427
0.8518945,0.362955
0.11703759,0.5522296
0.12382738,0.41004664
0.80499774,0.2845849
0.20975503,0.77829444
0.8597357,0.5829579
0.15733968,0.5930713
0.8221176,0.44950765
0.13153219,0.51972985
0.77017266,0.2082521
0.20476986,0.72134525
0.8537745,0.2867453
0.8234646,0.19018306
0.079191394,0.3704945
0.77419084,0.3081202
0.124108195,0.4461939
0.1729468,0.6820204
0.8072879,0.23885776
0.87664145,0.34690315
0.7706589,0.2626997
0.8478751,0.36147052
0.94235754,0.6603293
0.8462212,0.36463007
0.86869985,0.3881404
0.16367097,0.5901654
0.19232899,0.73233384
0.7554476,0.22352514
0.13279186,0.5219253
0.12749575,0.6413754
0.11939195,0.4690923
0.14998905,0.4870308
0.87170666,0.38669664
0.80546343,0.46343768
0.8669039,0.35523725
0.16785693,0.59509856
0.81966215,0.3819632
0.14493686,0.69891554
0.7440086,0.14136513
0.83069617,0.33032605
0.8166664,0.3146798
0.85750675,0.4478843
0.14728011,0.50636184
0.83466876,0.3792579
0.16526817,0.6790273
0.8273776,0.40351552
0.20708337,0.6447842
0.8778,0.45179686
0.84214747,0.37500104
0.8626454,0.4024686
0.8433326,0.35883704
0.92755,0.57894635
0.8537713,0.28823814
0.82669663,0.33891028
0.77282846,0.28835115
0.7806229,0.32482782
0.21139467,0.92666906
0.8341837,0.45280215
0.22009857,0.6122153
0.8645603,0.44442207
0.20542787,0.7913383
0.12309601,0.47014666
0.8561943,0.43435508
0.8550612,0.41145536
0.8565485,0.47239468
0.7985955,0.3495537
0.14180236,0.5978415
0.21194082,0.78610206
0.83276856,0.36318454
0.23016685,0.81735075
0.15049793,0.7130107
0.78772086,0.3055923
0.10155262,0.40233806
0.8416311,0.38056892
0.1668388,0.6979151
0.18341567,0.6488562
0.81828225,0.38738742
0.18544321,0.64860564
0.14717422,0.5323598
0.75128543,0.07279872
0.22101398,0.687223
0.16343816,0.509881
0.84903884,0.4907721
0.19433273,0.6646264
0.8197236,0.25053188
0.15764745,0.54758507
0.77388984,0.25798202
0.76270664,0.23339018
0.836661,0.3686889
0.0805296,0.49721035
0.1748601,0.6345543
0.15991296,0.6056675
0.92935264,0.70143473
0.13639757,0.5586626
0.2163481,0.7184051
0.7626955,0.21711184
0.8545515,0.44395685
0.81426805,0.254338
0.8341928,0.2876078
0.7923344,0.24494867
0.86065197,0.39370653
0.88077784,0.45218715
0.22991936,0.6868682
0.16608284,0.6128014
0.82366365,0.32628515
0.8157391,0.31491286
0.14214623,0.5159329
0.85787004,0.41416684
0.874149,0.48454452
0.1516862,0.6803235
0.8986052,0.4732585
0.08413729,0.41826773
0.8229406,0.39443368
0.7435525,0.16926941
0.87823427,0.54672825
0.13700281,0.6101793
0.84466445,0.34393194
0.1742271,0.62774545
0.13031852,0.42991206
0.78144747,0.23596014
0.85393155,0.2995224
0.19530207,0.8272057
0.8535929,0.4645258
0.79410094,0.27855095
0.19449614,0.720852
0.868613,0.5254721
0.2513767,0.7244746
0.14829548,0.6623355
0.15721712,0.63098866
0.820574,0.33725536
0.76307905,0.150429
0.20251387,0.8414235
0.21120825,0.7899822
0.12275888,0.4442635
0.8366372,0.27057865
0.8480659,0.35008767
0.1429363,0.62947524
0.1482459,0.51567364
0.7633071,0.20768528
0.8339838,0.20001306
0.8427448,0.25213423
0.75005275,0.029815441
0.8035834,0.27891058
0.10922649,0.4683481
0.86268383,0.48060393
0.8401596,0.49327415
0.84020245,0.3470096
0.17812075,0.6205621
0.14110628,0.5636724
0.18674453,0.5933297
0.85419095,0.5271493
0.22157441,0.68051493
0.85105485,0.49950656
0.7924482,0.26885456
0.77369744,0.26390123
0.83015597,0.37441057
0.1292869,0.33822474
0.838564,0.38775274
0.7859008,0.2311483
0.7897615,0.2856927
0.7354697,0.23118816
0.13444698,0.5497573
0.19899543,0.57157946
0.1980598,0.5358575
0.8398752,0.44531828
0.22100921,0.73715925
0.24692854,0.8652764
0.1701502,0.68313044
0.15711994,0.3301329
0.11414977,0.58049965
0.15740155,0.70442736
0.12075672,0.44481936
0.7992642,0.27375048
0.13549802,0.659469
0.20360935,0.69931066
0.19868408,0.7006331
0.1315425,0.53803104
0.22015251,0.8005555
0.21342696,0.8301914
0.8592733,0.43773848
0.1306834,0.47173148
0.84297526,0.39028198
0.8463529,0.26879454
0.8399252,0.35960096
0.8010129,0.35332125
0.8009284,0.2784029
0.16042897,0.4879726
0.19142231,0.8040283
0.14094763,0.6431214
0.23038658,0.7540745
0.9117989,0.3134406
0.8295361,0.29484418
0.16197105,0.65299654
0.14539179,0.65937
0.11877202,0.5056548
0.12137149,0.60771227
0.2178747,0.70618826
0.13223381,0.61208475
0.76355577,0.19408554
0.8302496,0.37211657
0.86186045,0.40553704
0.23622528,0.76152813
0.842274,0.24779327
0.22160296,0.6573664
0.8401243,0.4070645
0.9327164,0.49138317
0.20212042,0.73707163
0.17588182,0.6190399
0.8230299,0.25522634
0.8564505,0.43681246
0.8938767,0.5233848
0.14042528,0.5094469
0.16379987,0.56248754
0.7853824,0.26738712
0.18826003,0.8270081
0.81812245,0.40121275
0.13420464,0.6228158
0.87622654,0.45481712
0.79762334,0.13809736
0.8785984,0.48088822
0.83671534,0.42145008
0.84952945,0.37046736
0.88315916,0.5272632
0.7812876,0.21227898
0.17247601,0.5677983
0.83496743,0.34963605
0.9109688,0.47512102
0.8744628,0.47323745
0.22665752,0.73723197
0.8368244,0.30441967
0.15078825,0.6544793
0.18575574,0.614805
0.86363655,0.4904637
0.15267141,0.6275286
0.76905257,0.16672222
0.8553368,0.29940107
0.77295774,0.24400032
0.23697846,0.7863754
0.19054815,0.8383879
0.09078945,0.45190635
0.8032685,0.28542507
0.8425179,0.34878102
0.13790949,0.49613455
0.8016844,0.43475544
0.7933664,0.17385916
0.124916114,0.49544376
0.76704407,0.24379794
0.17537731,0.61189026
0.17954978,0.78046536
0.13184275,0.604568
0.81331617,0.2928743
0.8559666,0.31309456
0.7669957,0.19782987
0.16923639,0.5876344
0.77205306,0.2406213
0.8283045,0.3677984
0.14503404,0.62967193
0.8331771,0.27708483
0.19601521,0.7268527
0.7788214,0.29265574
0.84151447,0.43100673
0.153306,0.6205091
0.18415537,0.64985496
0.13678506,0.66338724
0.8479128,0.5282365
0.80424064,0.28832355
0.16603048,0.50842893
0.7940442,0.220822
0.8614825,0.5864219
0.15533197,0.6297806
0.83053,0.23300909
0.78410923,0.21911454
0.8544944,0.30145285
0.13031258,0.4551693
0.85811675,0.5134125
0.19789837,0.5858332
0.88943493,0.6031974
0.08865126,0.29955658
0.1612242,0.5482347
0.14857112,0.45704365
0.23407954,0.81729114
0.13760528,0.62065977
0.17384356,0.56478286
0.16139634,0.4732519
0.8409279,0.27174515
0.14480042,0.6120313
0.85204446,0.36093742
0.21942154,0.75261235
0.14895545,0.6283832
0.8448013,0.41161832
0.13894904,0.709969
0.17867444,0.7391252
0.8496861,0.4640308
0.13329399,0.50403583
0.12369689,0.41504115
0.175789,0.47894466
0.737715,0.28915012
0.19415544,0.76248395
0.24017563,0.7728225
0.8725229,0.344239
0.7806923,0.27958426
0.24717763,0.7871297
0.21771446,0.8483314
0.76326746,0.20680788
0.90294904,0.5366311
0.17538287,0.6719487
0.13437597,0.64651096
0.7634951,0.17031237
0.8421102,0.32427633
0.7828475,0.1824666
0.19736293,0.706459
0.7946023,0.30084616
0.19912235,0.7180941
0.090803735,0.39363033
0.8531637,0.4645179
0.77343804,0.24173215
0.821249,0.21050711
0.8417386,0.4474134
0.19039862,0.78868383
0.81896603,0.35510847
0.86035764,0.3628775
0.77052563,0.23125869
0.11214881,0.5219157
0.16040398,0.5588606
0.15237553,0.53153497
0.7934346,0.361354
0.22827059,0.76139456
0.16126426,0.5911729
0.82739705,0.23543231
0.80715543,0.29485467
0.87316936,0.378119
0.89648646,0.49439377
0.14409602,0.43960145
0.90147007,0.3272589
0.15869811,0.6196978
0.1317432,0.55501723
0.8102574,0.4535306
0.18517946,0.6656453
0.9094025,0.65604967
0.21696882,0.7435581
0.08593954,0.31347653
0.13610803,0.7029214
0.8141463,0.30902213
0.8275886,0.40555194
0.15701523,0.59042734
0.18430173,0.6207877
0.8556319,0.34412423
0.82370687,0.37726438
0.09462956,0.42909688
0.9047819,0.5652367
0.7723886,0.14339104
0.06761317,0.43794304
0.7613462,0.31511652
0.8500617,0.3111212
0.21216452,0.7966465
0.84923434,0.33623913
0.16919197,0.55401504
0.19502166,0.8278781
0.77443796,0.23299725
0.8007936,0.25128004
0.14484683,0.50187546
0.91597295,0.5656283
0.15998515,0.5309125
0.11028111,0.3602059
0.11585803,0.46637517
0.14881147,0.5783077
0.2464288,0.7511046
0.8035267,0.3266965
0.1493013,0.41046366
0.13828152,0.61541647
0.80295396,0.22135073
0.81118906,0.14273442
0.737291,0.2627759
0.19870351,0.79690665
0.83142,0.4365746
0.8780308,0.4924778
0.84698033,0.45270666
0.13794638,0.6759383
0.8905296,0.47814786
0.22994752,0.83657706
0.12613851,0.5767658
0.12935235,0.62215436
0.81248206,0.2934061
0.1548465,0.47698617
0.21405442,0.7230987
0.20896138,0.7295742
0.852706,0.32965675
0.88629764,0.49335387
0.7981493,0.2410659
0.81777936,0.34383208
0.2256501,0.7559217
0.8529729,0.3968972
0.8380254,0.46322173
0.1427725,0.6722176
0.23336878,0.66019
0.798885,0.26786852
0.78614944,0.20817588
0.19183797,0.7541972
0.15858784,0.6413741
0.85812587,0.39310995
0.16735402,0.6282439
0.77611965,0.21159169
0.18370442,0.65679914
0.8552698,0.5910379
0.19569671,0.7580326
0.82939565,0.39793053
0.82039624,0.39905804
0.12840918,0.6543733
0.74689204,0.26873145
0.15416272,0.7411892
0.13774648,0.460675
0.79724854,0.20001744
0.17681387,0.6162312
0.14321037,0.52100277
0.15832171,0.6409076
0.15118329,0.63097113
0.77985024,0.10132195
0.1399295,0.41193852
0.14650352,0.5274586
0.12887996,0.7205778
0.71841174,0.18066363
0.17292102,0.80862415
0.8474646,0.37733886
0.17966521,0.68975574
0.15274955,0.49128196
0.22222963,0.7843438
0.7987676,0.21280812
0.12906717,0.5247165
0.85492986,0.42668462
0.17745402,0.6708755
0.15640761,0.60284567
0.1224626,0.4745726
0.15200628,0.60521984
0.82031536,0.4490403
0.15332782,0.7705999
0.80879784,0.47100392
0.85486996,0.57559186
0.77757883,0.21211208
0.8055554,0.36962852
0.09783745,0.44019762
0.22682926,0.9652974
0.19969349,0.78646696
0.7547547,0.30271176
0.21330282,0.7922416
0.82574713,0.40878248
0.8740154,0.45147052
0.19617346,0.46368212
0.21162868,0.8954116
0.85203016,0.32145187
0.07993268,0.44840163
0.20214541,0.7424061
0.22524753,0.8324499
0.16037345,0.46311355
0.20744231,0.8824869
0.76081634,0.27631652
0.83151245,0.332921
0.13819149,0.5130248
0.8356571,0.3959826
0.13120656,0.56871074
0.17244111,0.6533838
0.14194275,0.55090845
0.8011723,0.36080644
0.81638443,0.3127669
0.14202209,0.481275
0.8438411,0.48411435
0.81709516,0.22810175
0.22727546,0.85978776
0.20924854,0.73019755
0.82844734,0.38312313
0.8287507,0.35630605
0.17368135,0.61867195
0.13089362,0.63725394
0.22661152,0.8216628
0.21087192,0.71368706
0.21720044,0.68852484
0.8414744,0.4558233
0.8543968,0.30979788
0.16807349,0.59915125
0.8330712,0.34994048
0.83261824,0.35031414
0.21192853,0.8670123
0.84674716,0.42498416
0.848873,0.3805825
0.8807834,0.5387915
0.85254616,0.4403492
0.13641581,0.5542901
0.8165197,0.2988023
0.16773279,0.6267555
0.22979522,0.78081757
0.17930546,0.5707883
0.16540541,0.71082884
0.18548684,0.68354
0.15914074,0.47818464
0.20455094,0.73087955
0.82602954,0.41744772
0.7999916,0.30922142
0.86282426,0.31683627
0.77567345,0.23092315
0.11333035,0.52996325
0.23094344,0.74497736
0.14666337,0.7597243
0.1564802,0.55764854
0.22992332,0.752212
0.14227156,0.61071455
0.83044827,0.3847281
0.7646929,0.12072087
0.8472584,0.32046804
0.8382059,0.3881378
0.20219816,0.7967113
0.769005,0.2150811
0.86181563,0.42669207
0.873779,0.53785586
0.2285629,0.8643797
0.13427642,0.5121895
0.8140765,0.19761568
0.20292558,0.7696152
0.9052106,0.5739729
0.7990369,0.19385381
0.8428075,0.41696325
0.08634767,0.25501344
0.85278296,0.3775193
0.87103796,0.24463108
0.85985273,0.33825234
0.17222653,0.72412676
0.22500877,0.69343877
0.8218507,0.3827254
0.21074699,0.6717958
0.88723207,0.5463726
0.84464425,0.4134051
0.7673971,0.2159874
0.8313379,0.3207164
0.8195558,0.33612654
0.76708615,0.31434077
0.8775255,0.43634465
0.81412524,0.19392872
0.77253497,0.23609681
0.77916414,0.1984497
0.83870757,0.45480484
0.10391769,0.6175567
0.8154535,0.38064733
0.15743487,0.66431147
0.1698476,0.5705947
0.78504527,0.40168056
0.17163001,0.6604322
0.19716224,0.62856984
0.82753116,0.51717216
0.82719797,0.32676
0.120207004,0.68089336
0.15330245,0.5755323
0.7697768,0.27468
0.23715813,0.69770265
0.14638732,0.6778105
0.12329591,0.5054126
0.13242063,0.677934
0.7816771,0.19063468
0.8081779,0.24000059
0.7804916,0.43653125
0.123882115,0.43523642
0.20749348,0.8183517
0.24044415,0.70209134
0.20182732,0.7890982
0.8436991,0.5523461
0.78912175,0.095287986
0.8056712,0.18698627
0.08265035,0.25814584
0.15959606,0.58101916
0.8408743,0.36349466
0.8100091,0.3337099
0.8922295,0.58212036
0.8656443,0.46160975
0.8457623,0.47045636
0.15708505,0.40709382
0.20747842,0.671056
0.84131974,0.33983672
0.14827485,0.59484756
0.77487624,0.21834184
0.79080063,0.27983877
0.11664335,0.4447335
0.19686477,0.7020103
0.19591446,0.6957481
0.1839749,0.8008779
0.17680635,0.61531395
0.7941604,0.3728091
0.80162764,0.29940456
0.7568013,0.22399515
0.20089605,0.9031719
0.8428689,0.49357203
0.8199675,0.37544698
0.7662743,0.24066728
0.18635663,0.6748914
0.17726444,0.7626491
0.18229482,0.46305573
0.17959778,0.75048876
0.19476743,0.7705631
0.1334808,0.5699933
0.8093567,0.22449628
0.1353719,0.5550313
0.14287086,0.47104684
0.21470687,0.8105909
0.8219435,0.39410955
0.81234205,0.20816843
0.2077136,0.756588
0.16357736,0.5307027
0.82983154,0.3807367
0.20845608,0.88917744
0.2096293,0.7168492
0.15533474,0.640141
0.16851296,0.59512305
0.8304769,0.29838002
0.17423543,0.5558408
0.7824866,0.28322262
0.23529004,0.7583366
0.19380799,0.7460786
0.9200875,0.56275034
0.21143037,0.8432151
0.23502906,0.7811829
0.11181684,0.42682916
0.8740677,0.5887908
0.79406804,0.28443116
0.11850589,0.5523185
0.8878492,0.35086694
0.16278769,0.49864843
0.8404928,0.324526
0.15511897,0.49808204
0.8367645,0.24881828
0.7608084,0.11162021
0.79934746,0.2994037
0.74087965,0.21579379
0.14237547,0.62942404
0.1478937,0.58228505
0.2089606,0.707378
0.869409,0.4971534
0.07719083,0.39138845
0.7279275,0.14764395
0.87567884,0.6259657
0.21999148,0.7795214
0.83107775,0.43860492
0.23859985,0.62163836
0.8994909,0.6527679
0.80626297,0.2454213
0.8087665,0.47498304
0.15551005,0.44155642
0.7914539,0.15435249
0.15707116,0.6752944
0.09911537,0.37588632
0.16401723,0.57598346
0.82023484,0.41877192
0.18836196,0.5641144
0.1791242,0.66405785
0.7397616,0.2012067
0.13579708,0.70859927
0.755122,0.19153485
0.13100666,0.5119455
0.103461176,0.45485434
0.8459261,0.37388143
0.1723701,0.69096035
0.22375464,0.64862144
0.84566116,0.45446187
0.8383407,0.41908687
0.85056186,0.29573208
0.15369986,0.6867044
0.8022492,0.28336102
0.09916257,0.35735998
0.16615264,0.565722
0.06890894,0.3973716
0.178091,0.61197084
0.14321354,0.602136
0.8530562,0.39951885
0.14674388,0.5623675
0.7985792,0.25410846
0.93806213,0.6577887
0.7842345,0.20665108
0.0834309,0.415173
0.87373257,0.4544185
0.85300505,0.57669836
0.8229771,0.43079996
0.8018843,0.23934485
0.76677877,0.2640002
0.85874736,0.43871137
0.81978667,0.33745992
0.17356157,0.6121925
0.8554185,0.23402402
0.24981597,0.7817313
0.21407108,0.85489315
0.83307475,0.40011153
0.13692944,0.38312706
0.8595192,0.44439578
0.1458975,0.6693914
0.14803806,0.5358746
0.7749202,0.30679032
0.8607289,0.4875061
0.15133043,0.72117877
0.13058387,0.57388574
0.2021117,0.73668355
0.17047505,0.66585296
0.7739386,0.30034462
0.7562258,0.057271615
0.2461591,0.79595876
0.8423565,0.35134703
0.7604288,0.2883183
0.10797633,0.54177624
0.16099535,0.5361251
0.23252398,0.84357166
0.15095046,0.47727573
0.14194593,0.62564987
0.7544053,0.26530907
0.16117859,0.6994145
0.19230758,0.75596774
0.2152098,0.68612444
0.18000828,0.6790935
0.12474438,0.316142
0.8085975,0.27364492
0.12962443,0.5163964
0.20885152,0.7218407
0.80282944,0.28984442
0.11066147,0.4678601
0.82485116,0.30179977
0.18996789,0.6688071
0.18090425,0.6415366
0.15849464,0.4468098
0.1447564,0.52723867
0.23007286,0.6914124
0.8367506,0.385153
0.7837455,0.26681548
0.82379854,0.39978167
0.8248464,0.4891645
0.12423749,0.51772976
0.87088126,0.31678063
0.13992354,0.61383426
0.85313517,0.287854
0.98476094,0.6030169
0.8499086,0.454977
0.13725863,0.5721314
0.782846,0.18433045
0.76160204,0.27411494
0.1837409,0.6831957
0.17907542,0.7054252
0.8117566,0.30967873
0.85283965,0.43658906
0.22137967,0.76228595
0.79648226,0.31099635
0.1277135,0.44789702
0.12750646,0.5903463
0.78350556,0.12470219
0.13167061,0.58627737
0.17448649,0.63081783
0.1568435,0.6909078
0.1982716,0.6809179
0.801709,0.31372577
0.8468745,0.3354384
0.12688574,0.53614837
0.19903786,0.626367
0.24221191,0.7704098
0.8382459,0.4856405
0.15874094,0.52069354
0.7651526,0.23198934
0.14982525,0.5333686
0.13346335,0.62293977
0.8523086,0.33441162
0.8340084,0.27894825
0.1374391,0.49454448
0.1670034,0.55492
0.85745716,0.5023573
0.89516413,0.65783644
0.22344884,0.76573026
0.8385541,0.3526156
0.22064829,0.7176561
0.21452165,0.6863978
0.18025061,0.592027
0.11931024,0.5585557
0.8152592,0.38113794
0.2482628,0.7055969
0.83517605,0.36226863
0.84192026,0.37340438
0.8449528,0.34787908
0.14771958,0.4515139
0.7420751,0.246452
0.8293302,0.41054776
0.14836647,0.65733486
0.7216652,0.23162664
0.794519,0.21889947
0.79139715,0.30655333
0.21309182,0.7264431
0.20776002,0.8026362
0.8435333,0.2850282
0.21482348,0.8140313
0.18256174,0.68995464
0.86703044,0.44717732
0.16814846,0.6556436
0.078880444,0.37089664
0.79784465,0.34945908
0.06484315,0.25572044
0.14716668,0.46655783
0.1769519,0.7429308
0.8373222,0.32952794
0.9327454,0.5387805
0.79558945,0.28978223
0.805158,0.25036323
0.18091258,0.7143883
0.2221043,0.68726856
0.21171553,0.77566886
0.17144082,0.6029022
0.19787775,0.7845667
0.9587361,0.6871538
0.14100157,0.50648713
0.8723464,0.36318982
0.16014579,0.5404709
0.16661312,0.69116753
0.8402374,0.28762093
0.24052268,0.7829758
0.14815666,0.6550904
0.16378956,0.53639895
0.9310748,0.6356161
0.23708159,0.7551087
0.80484706,0.2117358
0.85808104,0.37827054
0.2203766,0.776092
0.17286867,0.564485
0.7682145,0.2173694
0.1357824,0.46780097
0.8071292,0.48599136
0.16161051,0.5284608
0.15136455,0.55438954
0.16065584,0.5624937
0.80921906,0.27400893
0.14819235,0.5693901
0.8462922,0.39360973
0.21329251,0.7434223
0.124183156,0.47342363
0.8046138,0.37227207
0.12944515,0.66358477
0.17370951,0.63758725
0.82901055,0.38679606
0.156855,0.50905573
0.8474547,0.29726914
0.8157455,0.23079087
0.8477268,0.5216616
0.11696778,0.4077119
0.83707666,0.37870684
0.78424364,0.31792173
0.7656388,0.16404626
0.7738097,0.14225784
0.12504105,0.41567367
0.8407181,0.45454815
0.7375928,0.13481471
0.1999632,0.76832825
0.19454531,0.72803843
0.107484914,0.40630624
0.17255533,0.6546532
0.8643326,0.40251064
0.19647528,0.6741025
0.18670526,0.72198564
0.14116538,0.50341034
0.120882854,0.38653806
0.7575945,0.325873
0.08416942,0.28168815
0.8582294,0.46559942
0.7615529,0.21346518
0.85032666,0.36872834
0.86107993,0.41521156
0.870631,0.5501533
0.8678257,0.4470415
0.8580485,0.42605165
0.15143038,0.6094232
0.14682004,0.6042789
0.08417695,0.38604704
0.8430355,0.4541938
0.8729092,0.6337124
0.25305915,0.6973557
0.81819737,0.29222864
0.8414221,0.40388346
0.8773093,0.34214824
0.03238231,0.38005948
0.14634804,0.5334496
0.82246345,0.32100594
0.83549654,0.31702068
0.18654701,0.68073523
0.82595414,0.32170242
0.16430715,0.53803104
0.8208484,0.2505897
0.85926974,0.40931424
0.7883269,0.32225215
0.82528424,0.47195664
0.8149832,0.5144489
0.15359277,0.478525
0.17046553,0.6889831
0.20840889,0.77275157
0.82210535,0.46023345
0.79688287,0.20885572
0.8323596,0.37582412
0.21496983,0.69230163
0.8405816,0.4421206
0.85328823,0.4205705
0.17351913,0.5330212
0.86743027,0.36224672
0.8921474,0.6553795
0.1382732,0.5350765
0.7803318,0.1355699
0.8286536,0.31839788
0.9014764,0.5281314
0.14370932,0.44115517
0.15301886,0.5951432
0.8436503,0.43992165
0.0971148,0.41773245
0.8290641,0.40016803
0.83494717,0.31369993
0.83979195,0.4610206
0.7936615,0.3608958
0.7897313,0.24414837
0.13256618,0.59779245
0.17506199,0.63389635
0.8431799,0.40582746
0.83820546,0.24213603
0.1485267,0.5269373
0.8809856,0.4800958
0.17220908,0.49302623
0.8575575,0.42982578
0.8472675,0.31511566
0.76318574,0.2065512
0.12096932,0.42402706
0.1794181,0.4529743
0.81244475,0.29585385
0.13555236,0.6353848
0.8208817,0.38322213
0.13548018,0.55780536
0.1914945,0.5518257
0.78077084,0.13784024
0.15255758,0.49721387
0.7933735,0.3658566
0.20438713,0.6972852
0.13002303,0.5797681
0.80766547,0.15676038
0.07472264,0.26645935
0.78031117,0.24249303
0.8724301,0.27783036
0.8809829,0.30214056
0.16126029,0.47446352
0.7330075,0.2788221
0.14034714,0.56871206
0.23380032,0.7239796
0.13529415,0.4355772
0.14691998,0.67123204
0.18902116,0.7281366
0.8008213,0.3168389
0.79319865,0.15699035
0.09854423,0.31705222
0.8335269,0.43505946
0.18138774,0.71846646
0.88664824,0.37266544
0.7314305,0.18071356
0.8645456,0.48624015
0.8167077,0.3736326
0.16366899,0.63349074
0.82233655,0.4545569
0.84468824,0.41564783
0.8186123,0.5702741
0.16614749,0.4793599
0.85662144,0.5747631
0.14753872,0.48487478
0.82721424,0.30648327
0.14653844,0.65193695
0.1345842,0.6214031
0.15221886,0.6507652
0.22931927,0.6928719
0.1146404,0.4510627
0.1309777,0.55704623
0.22368127,0.7026463
0.84461886,0.25032339
0.20087066,0.6623048
0.17737867,0.6625869
0.22090411,0.7619986
0.10325612,0.3162379
0.7734214,0.21849997
0.16225542,0.4186405
0.17366429,0.5658105
0.8867291,0.49315062
0.21596338,0.6053127
0.82624173,0.53639543
0.18227062,0.7049701
0.8348762,0.34084684
0.07785795,0.41841534
0.22839355,0.7387196
0.8408454,0.53188103
0.16422664,0.5823652
0.17070271,0.5168283
0.106738865,0.55261767
0.86718434,0.39121762
0.15692005,0.739406
0.8749994,0.44758818
0.9354329,0.5561027
0.15355113,0.68181986
0.22260365,0.7736101
0.8300604,0.40335345
0.23666632,0.7059903
0.8562082,0.47461948
0.19917709,0.6267318
0.14346182,0.49535
0.84223354,0.43217674
0.77919704,0.31410292
0.759747,0.1957641
0.8310115,0.32924587
0.872841,0.5469872
0.17201473,0.54186475
0.15528199,0.6062606
0.83044034,0.32394913
0.08893326,0.4683345
0.20986053,0.6889191
0.15031785,0.6778569
0.15273607,0.7355999
0.14700763,0.58143705
0.16612607,0.653354
0.7776657,0.32378662
0.7800014,0.16502702
0.1405756,0.49448752
0.21180955,0.6269158
0.20989782,0.64115906
0.79803663,0.29019704
0.8012663,0.31215233
0.124712646,0.6769997
0.86100334,0.42905965
0.807462,0.41456676
0.8056776,0.33660927
0.16991739,0.5578119
0.16267544,0.5823779
0.15563498,0.6302274
0.7486396,0.17741384
0.16505915,0.5901128
0.8365777,0.37799063
0.0925342,0.4179843
0.20306201,0.6323536
0.8378243,0.36345437
0.8077166,0.51392496
0.8444868,0.3740286
0.82221836,0.51152587
0.20828475,0.65062326
0.20549451,0.8025254
0.7630783,0.20723103
0.14486825,0.38335484
0.17385586,0.6191661
0.8085824,0.31186673
0.7636073,0.23480941
0.8387853,0.3198837
0.12797804,0.65659636
0.18504857,0.6191271
0.23819055,0.83476007
0.17720772,0.7686397
0.14726703,0.48914698
0.84847164,0.28606635
0.15581109,0.49660498
0.15617995,0.62088317
0.21420157,0.80899036
0.8384692,0.3836514
0.1427007,0.5803945
0.1480091,0.5076742
0.88787025,0.33953318
0.78989476,0.24682829
0.8258062,0.40722743
0.1541413,0.6327268
0.80354655,0.204096
0.16562395,0.6233502
0.14804243,0.5691755
0.121630885,0.527788
0.12988184,0.517332
0.7576814,0.30482486
0.87309563,0.5464002
0.16288526,0.65970993
0.23277624,0.74618286
0.8734113,0.3930543
0.16027826,0.60863036
0.90881157,0.5564571
0.2149984,0.70829874
0.8463331,0.47508028
0.9179632,0.6228999
0.79958385,0.2158849
0.17669687,0.69227314
0.818644,0.35360423
0.16272542,0.58898264
0.781762,0.26443782
0.15914391,0.6029188
0.20917715,0.85626245
0.21589833,0.6993312
0.76796466,0.18368872
0.15298158,0.69785684
0.2179568,0.75725293
0.12681752,0.53161293
0.8755856,0.41374105
0.85495645,0.38274643
0.21906179,0.7706131
0.1775865,0.49469253
0.829755,0.40056664
0.1074401,0.44265065
0.82439184,0.3391017
0.1822381,0.79846084
0.16344133,0.6118123
0.12362074,0.48150322
0.20946947,0.69525445
0.16728143,0.63001275
0.15540415,0.7149854
0.80558914,0.28046778
0.21076404,0.74325764
0.1641497,0.66393435
0.7667637,0.3000073
0.8763202,0.35422626
0.798536,0.33472046
0.18339981,0.7517214
0.80937886,0.44267252
0.12293736,0.501306
0.88917947,0.39918903
0.16232364,0.65368253
0.22540738,0.8716989
0.88074607,0.41877016
0.7594805,0.17545143
0.86109656,0.3136964
0.91979724,0.4366815
0.1776456,0.6949544
0.8638638,0.39501846
0.1195613,0.6348701
0.78556955,0.21079403
0.7988525,0.2030885
0.8432553,0.47505006
0.75444573,0.24570866
0.8642672,0.4849891
0.17186798,0.6527898
0.058649085,0.35677123
0.15478581,0.60169846
0.15555844,0.6600139
0.09427974,0.41924894
0.13950749,0.64635855
0.06728556,0.49288255
0.2102294,0.72080034
0.15514556,0.64116734
0.17724223,0.7059561
0.13494672,0.61133045
0.11900444,0.4914357
0.19436446,0.68339807
0.1459542,0.45675325
0.14009608,0.5684383
0.78759515,0.31072435
0.8485867,0.33730707
0.20513952,0.68894935
0.18232377,0.640187
0.87540156,0.5497994
0.17040841,0.67278266
0.15359277,0.65806466
0.82833666,0.4840342
0.17617135,0.5995328
0.8984498,0.57996696
0.9151869,0.5866212
0.2272128,0.7135797
0.17089348,0.5927638
0.8586827,0.40855688
0.86830837,0.6574768
0.23145786,0.7857525
0.8347116,0.41989636
0.20164646,0.6723823
0.78254294,0.23331834
0.78847086,0.38538864
0.82744426,0.33075052
0.76567334,0.30749074
0.795687,0.17567527
0.19669463,0.7164471
0.8444745,0.34743187
0.7676462,0.18706292
0.75486696,0.24552555
0.2547468,0.7955654
0.18131675,0.7693699
0.82455724,0.35630956
0.20332853,0.72619605
0.8696501,0.40612534
0.73597145,0.37743783
0.13803998,0.5336472
0.20055059,0.6828308
0.8519889,0.31433418
0.7967115,0.101879574
0.8442924,0.50093716
0.8833158,0.63610715
0.12865032,0.44577953
0.83175474,0.42024416
0.10145545,0.5882958
0.1911062,0.54431427
0.884376,0.37073892
0.8407177,0.37936738
0.79996306,0.20919958
0.74437785,0.20417047
0.23549865,0.72988963
0.86017126,0.40119305
0.22562829,0.6445188
0.08635441,0.24773239
0.84196943,0.3345207
0.16396368,0.801054
0.83225846,0.4690831
0.8055023,0.30705884
0.860502,0.43283552
0.8660869,0.47621524
0.1650643,0.5819863
0.13254,0.6776274
0.17837936,0.6725102
0.8362481,0.36387357
0.852048,0.37734672
0.14784808,0.5567799
0.13275617,0.5546607
0.7585627,0.32969442
0.17841306,0.5277722
0.88133585,0.40810877
0.17817311,0.6490726
0.26065528,0.7128815
0.7976519,0.28209904
0.8904078,0.5494481
0.928705,0.68876797
0.15684786,0.47421998
0.13694054,0.5268725
0.23453844,0.6556099
0.18489547,0.7108385
0.7769767,0.19387046
0.85245496,0.35232866
0.12675883,0.5719465
0.81026495,0.30908695
0.78968495,0.25362793
0.14604503,0.54107016
0.7332665,0.12644382
0.8669944,0.5449599
0.8571454,0.30217648
0.7679936,0.14585808
0.77007985,0.25821507
0.14761923,0.5753492
0.8262984,0.27409303
0.13396944,0.44697538
0.8641617,0.44138822
0.8103034,0.44959965
0.15814205,0.7342253
0.13646023,0.50627685
0.82080877,0.38244024
0.9686878,0.6753487
0.15725717,0.6970136
0.13821925,0.63265014
0.13033874,0.41153598
0.8249812,0.37526342
0.7751895,0.112285584
0.76614416,0.30306086
0.15212288,0.5943508
0.12355768,0.5317338
0.7911485,0.35509488
0.11825245,0.4248523
0.79119724,0.23957
0.84381014,0.36607033
0.16563782,0.5888622
0.8266594,0.31432632
0.83430505,0.36965173
0.8637702,0.6151116
0.84434164,0.46421215
0.22847445,0.68791074
0.8563692,0.4069598
0.825876,0.47603038
0.7674562,0.22658658
0.90132844,0.50033355
0.1775996,0.68380284
0.8772657,0.39458787
0.82862145,0.335611
0.18473564,0.45778045
0.16551329,0.6181726
0.86822784,0.43879458
0.8476308,0.3992315
0.2247819,0.72737
0.14395483,0.62990105
0.84076685,0.40542448
0.83731025,0.5366144
0.8238334,0.37320158
0.15678202,0.67050487
0.1106706,0.24431832
0.8443789,0.32764658
0.19611713,0.7414897
0.15772678,0.67546433
0.17101881,0.65238595
0.8386521,0.35864165
0.1932785,0.6277989
0.16740756,0.68220794
0.84393907,0.4370214
0.21450578,0.7219874
0.11874783,0.27606332
0.17757936,0.71515405
0.15823129,0.5930297
0.8192992,0.5381774
0.7863902,0.25397003
0.17643154,0.6676419
0.788196,0.2603588
0.19118315,0.75152516
0.8930926,0.64526695
0.19527788,0.7760697
0.8211435,0.30674782
0.8498507,0.36447018
0.22264172,0.7431096
0.16216221,0.52332264
0.81533855,0.2668641
0.8122016,0.34354603
0.8425088,0.23922922
0.16562553,0.6051708
0.84640086,0.34508398
0.19439262,0.7850595
0.16624585,0.6797944
0.8706949,0.527523
0.19932027,0.64337945
0.79017836,0.26212585
0.116057135,0.47933713
0.110647194,0.5677536
0.15101273,0.63571775
0.84911937,0.4658679
0.17938082,0.6689315
0.20268205,0.6327873
0.81116885,0.25988835
0.114191815,0.50211287
0.7896897,0.44338128
0.78795487,0.260785
0.82365257,0.51041454
0.769375,0.29180112
0.8917873,0.60369194
0.9114697,0.600864
0.8011517,0.38456514
0.80571926,0.27858728
0.15428409,0.5906038
0.91638905,0.52265465
0.76174444,0.23913328
0.85974526,0.38512233
0.1357713,0.56819165
0.8139777,0.24285966
0.77248776,0.21357644
0.90716237,0.5523549
0.82253724,0.3991553
0.12622735,0.5504818
0.7733512,0.16776168
0.16658099,0.664877
0.8101333,0.20041166
0.82692033,0.3969686
0.18719748,0.5913923
0.13376439,0.5227015
0.83916885,0.43831012
0.2461238,0.6271839
0.16460977,0.6156127
0.823432,0.2966423
0.11367422,0.38929155
0.82830495,0.4011637
0.08885631,0.32350406
0.8255968,0.4161231
0.2304671,0.65746105
0.88492453,0.5174433
0.19694568,0.6268589
0.21567781,0.834895
0.82960904,0.30722484
0.15636756,0.58915436
0.8435916,0.3421649
0.12792529,0.6822005
0.81390476,0.28142402
0.19162458,0.64202285
0.89493525,0.66291505
0.7732437,0.30076554
0.9102545,0.5022018
0.87034225,0.4785158
0.10655047,0.50670743
0.7625067,0.19679786
0.8071256,0.23026302
0.13635433,0.48430097
0.18845676,0.768231
0.17737392,0.61369807
0.7716338,0.17970565
0.7557268,0.22643195
0.21729007,0.67306304
0.8424739,0.32756424
0.18794234,0.6695325
0.7497164,0.21823145
0.18612382,0.6405309
0.149573,0.6330935
0.86797523,0.4097269
0.07941152,0.33167434
0.12404196,0.6521822
0.79204446,0.27707475
0.1500422,0.5950162
0.8371889,0.57158643
0.8741324,0.19599362
0.8545249,0.3720942
0.11952997,0.54194623
0.1659119,0.65266275
0.14060931,0.63536996
0.8465655,0.34164277
0.81821764,0.34897068
0.17630184,0.598206
0.8217369,0.46300668
0.16342904,0.646723
0.7723826,0.083139904
0.1384838,0.48767778
0.19510534,0.6224912
0.19130966,0.7040419
0.13067271,0.574605
0.83426183,0.35876474
0.73348063,0.3130433
0.20842396,0.75142616
0.83800954,0.3597131
0.12961808,0.5120879
0.85284996,0.5147222
0.16803263,0.7814948
0.79678726,0.3263119
0.1255404,0.5173732
0.84176517,0.33568764
0.8612346,0.49599525
0.7980378,0.2902737
0.09977972,0.5673997
0.7544612,0.34558553
0.16244501,0.6930516
0.20976138,0.72462
0.18456112,0.71812916
0.8747753,0.34836575
0.1398117,0.47959206
0.11743025,0.505558
0.86521274,0.39091843
0.23193263,0.82661784
0.8624336,0.2848359
0.7737974,0.36033687
0.1145817,0.49985436
0.15026827,0.6797514
0.8091885,0.42987132
0.86135674,0.32471436
0.8485022,0.37075034
0.81220484,0.41920513
0.78031355,0.1819427
0.12150238,0.45373693
0.8455029,0.33649713
0.19686873,0.7795337
0.83046377,0.43319166
0.1403035,0.5483328
0.7709556,0.16970569
0.8386052,0.42101684
0.12889822,0.5412971
0.89202684,0.4347169
0.14456682,0.5726237
0.20770448,0.7807812
0.7621898,0.25899082
0.13286325,0.5138146
0.13092457,0.5714476
0.8462831,0.40110892
0.13834697,0.5621424
0.87568396,0.44934952
0.13751723,0.54354155
0.8149661,0.42092136
0.20434628,0.7294533
0.15527803,0.61399895
0.895723,0.75652575
0.80640775,0.36706382
0.8288931,0.3817893
0.08728965,0.4203563
0.1383553,0.51924276
0.7727007,0.17305844
0.14445259,0.5426944
0.9029796,0.6201429
0.809434,0.3043557
0.849328,0.4695172
0.15943067,0.52585447
0.16261436,0.60612875
0.13507523,0.5260569
0.18689525,0.7257002
0.8745457,0.33611253
0.75902355,0.10654029
0.13736612,0.4466968
0.15750031,0.68434644
0.14592604,0.4733772
0.17789944,0.64273465
0.14675142,0.48828843
0.21590745,0.78572446
0.8100801,0.14612527
0.8298498,0.4240463
0.22716838,0.7017374
0.20874324,0.71583825
0.20598234,0.6290079
0.18060242,0.7457426
0.7312314,0.16522282
0.13284144,0.56043273
0.19143143,0.8035324
0.1670843,0.6299352
0.8344288,0.37319282
0.7084482,0.24666578
0.15417343,0.39491773
0.8354497,0.50191224
0.88524777,0.56888026
0.17104301,0.5904238
0.8119204,0.26340887
0.22142448,0.7409557
0.8099262,0.37223178
0.8516327,0.4348216
0.8365067,0.35384077
0.24115054,0.761989
0.8524482,0.34267914
0.26110306,0.7072904
0.7695551,0.21064597
0.76520497,0.27933326
0.18246853,0.7199742
0.77680737,0.2434808
0.84105676,0.27309957
0.12968789,0.5344098
0.8472941,0.38540882
0.7868586,0.2891681
0.8678233,0.6481983
0.15306011,0.64979976
0.801264,0.34328845
0.17844757,0.43201333
0.22710373,0.79280925
0.84346074,0.3102149
0.818713,0.45440975
0.8503869,0.4504223
0.7366092,0.26872313
0.22132374,0.6885056
0.82094836,0.16905433
0.89832604,0.4835033
0.20325597,0.7373012
0.8079863,0.36142057
0.08222001,0.37462476
0.16694114,0.6474668
0.83532757,0.2723952
0.85046786,0.45169216
0.16486917,0.5919552
0.8449028,0.36976123
0.16568185,0.6607209
0.19745058,0.57240516
0.81798047,0.32513225
0.759252,0.16646773
0.13008055,0.42537576
0.18800698,0.73207587
0.8404738,0.41331965
0.101542704,0.48549724
0.13513987,0.64735025
0.13698933,0.3491735
0.862616,0.41819063
0.18221588,0.54587543
0.8357043,0.43521494
0.7557304,0.18906431
0.75745535,0.29915184
0.86059284,0.42562544
0.1313081,0.45164353
0.90665984,0.48930687
0.14813603,0.54242676
0.23253708,0.71949583
0.2096531,0.78757167
0.86669374,0.48642677
0.8936649,0.5942356
0.7781452,0.2896473
0.1421264,0.6353708
0.85736156,0.41724098
0.7661382,0.2588283
0.19921556,0.5719194
0.16594045,0.66130173
0.12557887,0.5484327
0.79863554,0.28864068
0.8570046,0.341595
0.85447615,0.3195727
0.17448372,0.71175396
0.83210343,0.4142242
0.8205232,0.37250948
0.19644713,0.729936
0.83461446,0.3683315
0.14485873,0.7045886
0.13854527,0.65071
0.21698627,0.84432286
0.11450872,0.33217633
0.791881,0.27672476
0.8482472,0.45766568
0.77098495,0.20251249
0.13659628,0.61198574
0.85938555,0.25816864
0.8408319,0.4055734
0.8496861,0.35550007
0.1364166,0.5008058
0.86219245,0.4003831
0.8950269,0.47317
0.16758564,0.55349374
0.79826903,0.27759513
0.16329497,0.44087657
0.86805373,0.5089502
0.21838714,0.77948594
0.8679094,0.40335345
0.20380965,0.7924001
0.12597589,0.46098423
0.13351174,0.5388204
0.7531619,0.00807653
0.13114667,0.66269207
0.14294106,0.45569012
0.23975602,0.9117171
0.097789064,0.34566087
0.20352328,0.7517621
0.1965439,0.69563246
0.81234324,0.31741184
0.134936,0.6375522
0.8119367,0.24861152
0.10140429,0.43289554
0.23286508,0.69549406
0.10583695,0.5411928
0.8261727,0.3332447
0.23802634,0.7895783
0.2040972,0.68313134
0.8035572,0.18140042
0.85077524,0.33065853
0.8528714,0.46376973
0.82771397,0.43164188
0.74698406,0.27671862
0.81807446,0.55264044
0.8046924,0.27120024
0.8584019,0.5070671
0.14295335,0.60425305
0.17207979,0.68850124
0.18680918,0.6818216
0.8268188,0.4071201
0.78559375,0.2528837
0.23453526,0.79417115
0.87868047,0.4882065
0.1372499,0.6261834
0.9103996,0.59122103
0.14589193,0.55529106
0.19087537,0.7390157
0.22744165,0.8593646
0.25015745,0.7483559
0.7829935,0.13445027
0.77653766,0.2532026
0.76813954,0.35660568
0.14394888,0.54557276
0.12507437,0.47688413
0.120909825,0.28938973
0.14845213,0.6849549
0.18709157,0.7782332
0.85611576,0.34732935
0.85514086,0.42929006
0.7624044,0.29362467
0.16422029,0.6377095
0.16070186,0.61437654
0.79996777,0.4881434
0.08630721,0.34470114
0.1672735,0.6664027
0.8970021,0.46727753
0.92344815,0.5495882
0.8551924,0.4650567
0.85003793,0.40089342
0.80529207,0.35901794
0.83694893,0.36627534
0.86752784,0.3154284
0.1615768,0.66759807
0.8073823,0.21117073
0.8654245,0.42418867
0.2339796,0.77390534
0.84789497,0.40597904
0.85899764,0.41229728
0.11869428,0.4228036
0.10909323,0.35445708
0.16756779,0.78461754
0.8505202,0.35730216
0.887501,0.6392588
0.17776577,0.49633077
0.20837636,0.7497257
0.1802058,0.7173337
0.79775107,0.23240809
0.8392839,0.36203995
0.82756287,0.31430835
0.1598487,0.5094053
0.8601118,0.4604919
0.15474616,0.59272873
0.8265967,0.4302774
0.8292656,0.38825256
0.15421706,0.4875604
0.83335316,0.32934222
0.75353193,0.19941556
0.7734214,0.18503919
0.18256451,0.7692595
0.8285794,0.4201167
0.79141104,0.26795483
0.068964064,0.24115658
0.8783961,0.3649551
0.87412924,0.34817433
0.24586639,0.8288685
0.8051092,0.29425633
0.863228,0.59011763
0.81027323,0.249559
0.841806,0.35996497
0.8613865,0.52573884
0.88637614,0.5740885
0.8789986,0.43717384
0.14128992,0.58402103
0.7524432,0.20744742
0.12793124,0.6122315
0.11139007,0.3721989
0.13627818,0.61591846
0.23740166,0.82681763
0.1814397,0.5540369
0.85546887,0.39146817
0.20227432,0.7032561
0.20367797,0.6700467
0.85809016,0.5016547
0.7504486,0.29296938
0.8779765,0.45727977
0.22545774,0.81076527
0.14204589,0.55760914
0.23371425,0.80444
0.8123944,0.23223989
0.7626868,0.2053847
0.2264017,0.7082668
0.7676172,0.25718918
0.8198267,0.35326958
0.19128467,0.7861822
0.8459249,0.41561717
0.21040668,0.8332322
0.8500641,0.3227975
0.89782906,0.57455766
0.20621318,0.64932317
0.111239746,0.34634072
0.8568408,0.4459911
0.85998565,0.2996087
0.18477689,0.7489784
0.15777516,0.5851577
0.85572827,0.4740338
0.7698006,0.2491433
0.851979,0.50445503
0.83991057,0.50781083
0.09028495,0.4932229
0.14121892,0.5789008
0.85704625,0.3393619
0.19394642,0.6985323
0.13868132,0.576284
0.21103255,0.7097355
0.8423057,0.35687858
0.1271388,0.6328162
0.8020441,0.31272396
0.780122,0.20283094
0.7994637,0.12624058
0.16796522,0.61318773
0.2303263,0.7602522
0.17440003,0.7074078
0.8891382,0.4337865
0.8977545,0.48195702
0.85331404,0.41565397
0.8085567,0.25018716
0.8490356,0.38455114
0.8146222,0.31674603
0.83468145,0.27661306
0.13851197,0.5709565
0.76695365,0.17038597
0.79106677,0.3368642
0.8270294,0.42263103
0.14607477,0.65200746
0.72256756,0.28022206
0.15850773,0.5500407
0.8550806,0.44302034
0.83511853,0.21687573
0.13917392,0.5171516
0.16043095,0.6044011
0.20742486,0.75698394
0.87125725,0.4819452
0.11485735,0.53233045
0.7979946,0.25649884
0.7845899,0.24081798
0.7803159,0.26193532
0.17768803,0.51893437
0.8035406,0.40732336
0.15200192,0.5462206
0.11622808,0.49519363
0.200173,0.7675512
0.83616006,0.33064976
0.20710836,0.76088864
0.1786435,0.7630153
0.84495556,0.47260538
0.1682484,0.6758945
0.16378163,0.44150078
0.15325366,0.5756427
0.13413681,0.5135474
0.1849982,0.7831532
0.78438646,0.25618607
0.14216922,0.515597
0.85451657,0.41910964
0.19707023,0.78696895
0.21412344,0.7791876
0.13180506,0.4109731
0.12935314,0.51012546
0.8105299,0.3724017
0.8698167,0.6262014
0.14082587,0.64789295
0.15347894,0.52627456
0.8324715,0.3345781
0.7947324,0.23029107
0.83290696,0.303622
0.16664565,0.61376065
0.7765218,0.31262803
0.16957352,0.6931628
0.73658776,0.07971533
0.87360054,0.70811915
0.03848555,0.34615672
0.22244182,0.821873
0.8909801,0.49874306
0.21802384,0.7082694
0.15520069,0.6527232
0.22347304,0.8333119
0.8511183,0.33397096
0.7536525,0.21543284
0.1263027,0.500974
0.2116029,0.7863193
0.827052,0.33048376
0.15187341,0.5335517
0.15524471,0.62270844
0.20976573,0.7392229
0.8681196,0.48673558
0.94534767,0.6157564
0.9119401,0.5698273
0.77518797,0.3113332
0.8918432,0.5361808
0.8183009,0.32661676
0.79495925,0.2465291
0.747671,0.25819886
0.15517807,0.59019953
0.18661126,0.5914821
0.20979945,0.67486686
0.86060315,0.48481083
0.8147706,0.29584247
0.21420355,0.8316781
0.13724475,0.6020664
0.8491126,0.53598803
0.18953001,0.6128355
0.93826675,0.5903809
0.8120271,0.34978148
0.7982647,0.27605325
0.81114066,0.2517667
0.7319969,0.21601193
0.20529817,0.7816599
0.85144037,0.5132338
0.13670059,0.58951706
0.19354662,0.863487
0.14482026,0.6539567
0.21669474,0.679203
0.14166036,0.5591576
0.87125725,0.4209161
0.78573895,0.20902304
0.19641303,0.66029865
0.77603674,0.13320449
0.0880353,0.27962062
0.91308475,0.5651674
0.8508855,0.26907006
0.7957822,0.39476615
0.14221722,0.5219735
0.16680034,0.51917046
0.20332853,0.5845909
0.8089065,0.2611131
0.7371899,0.29626253
0.1387678,0.55345434
0.7739652,0.16260774
0.8323045,0.26230678
0.8191441,0.41740435
0.15970236,0.46699235
0.14214979,0.615978
0.22657661,0.8502316
0.8349416,0.3461624
0.21663366,0.7512851
0.1369453,0.47875455
0.08918948,0.2879604
0.80182636,0.33690846
0.77584714,0.27300712
0.7671361,0.06524827
0.7733603,0.1858938
0.15137248,0.774459
0.13446245,0.6055352
0.04369837,0.23550853
0.8577272,0.4518941
0.83272016,0.3624815
0.7505351,0.28845102
0.21409686,0.5678215
0.8900913,0.5305419
0.83099604,0.3679561
0.16341832,0.6855142
0.76045537,0.13603158
0.1745448,0.7621401
0.8260894,0.44058135
0.8153504,0.29468647
0.13595572,0.560604
0.8132797,0.28422222
0.08273166,0.41703072
0.855593,0.65332335
0.17714705,0.62185645
0.8122667,0.24850158
0.13506809,0.41446337
0.14020911,0.4448947
0.17732671,0.58391017
0.87918776,0.52006453
0.88121927,0.40214488
0.8298609,0.52223414
0.8612207,0.4445355
0.8084539,0.2777927
0.24340138,0.7485605
0.15119994,0.6976886
0.84485006,0.40735972
0.8501644,0.46595773
0.18108036,0.7209011
0.15570955,0.6531586
0.2281881,0.7454811
0.19912156,0.67025435
0.14876984,0.4750321
0.14997715,0.43335986
0.747648,0.23442043
0.8466178,0.21115716
0.19632497,0.65255415
0.21000807,0.78334767
0.2229971,0.58129686
0.7686159,0.091544084
0.2279069,0.82719696
0.88785434,0.552845
0.114527754,0.44040307
0.782397,0.34468624
0.9235973,0.7219121
0.21954527,0.71008503
0.7691882,0.16251138
0.19714043,0.8432659
0.7952472,0.18343028
0.12558165,0.46408468
0.904576,0.58731025
0.1421022,0.52828825
0.124414384,0.50031954
0.7969146,0.32582173
0.18525958,0.5923862
0.15872428,0.60295343
0.22361979,0.6683191
0.8270687,0.38127637
0.14060852,0.47261807
0.883509,0.3022702
0.83223784,0.309009
0.22494689,0.7071344
0.8269826,0.42816517
0.19441761,0.69866234
0.83180475,0.34635034
0.90036464,0.5991022
0.16508175,0.6459744
0.21866636,0.7942863
0.8465671,0.28717676
0.786431,0.22163501
0.7583013,0.2860602
0.92602897,0.62090594
0.8706619,0.40174848
0.82718724,0.49685642
0.14497058,0.72658896
0.14837559,0.54138774
0.8158272,0.3937543
0.18467098,0.40393996
0.1638435,0.58958364
0.1787847,0.63043064
0.1944422,0.76000464
0.16769472,0.5556042
0.8420448,0.37234083
0.8597191,0.40902996
0.7613252,0.271679
0.7799324,0.12880003
0.8419004,0.46196237
0.13639757,0.58804965
0.221879,0.7118324
0.9252666,0.49365
0.18555386,0.56661826
0.1509695,0.69977456
0.22405171,0.82042575
0.8597826,0.49566147
0.13189034,0.57550865
0.23485811,0.70733595
0.861494,0.34243342
0.11982982,0.51617956
0.17904964,0.58011985
0.79287976,0.15816736
0.13913545,0.5679923
0.17710857,0.5850508
0.8755614,0.38613594
0.21591617,0.7112025
0.7998258,0.18552673
0.1892857,0.6997255
0.8133693,0.40166348
0.20971417,0.63109905
0.16508612,0.6875143
0.21660392,0.6244063
0.1254809,0.45886633
0.74332047,0.12692611
0.8997043,0.57013303
0.8447708,0.33682084
0.7834298,0.22289349
0.085832454,0.41523126
0.849136,0.45976123
0.819492,0.36807567
0.79364604,0.31147295
0.84749436,0.33679894
0.8839643,0.2978951
0.78366697,0.15540159
0.16097353,0.45844975
0.19341138,0.7208205
0.8519671,0.41224602
0.15258773,0.6138527
0.8162583,0.45952645
0.1492787,0.544192
0.13233893,0.4746151
0.11017283,0.3238532
0.8688204,0.4636865
0.8459404,0.3602164
0.25535402,0.7348613
0.8122726,0.34340715
0.8699095,0.58329606
0.8144961,0.4482781
0.06990407,0.29736376
0.8679403,0.44777086
0.7946237,0.24445719
0.12387617,0.4859747
0.8529178,0.46716845
0.85708356,0.41716957
0.20131211,0.73686665
0.17096448,0.77007645
0.17238359,0.60089684
0.77207845,0.21740444
0.914465,0.6396653
0.82240796,0.41090256
0.16433612,0.7256897
0.13397698,0.6023936
0.15146291,0.66266054
0.79866886,0.23375945
0.22719139,0.6585171
0.13211562,0.6264471
0.20918706,0.86209977
0.8908885,0.59639424
0.1022134,0.3226013
0.124278344,0.65463483
0.8663348,0.5224365
0.13951343,0.5481935
0.86155665,0.4065682
0.84441817,0.32566273
0.85110325,0.4644662
0.7412727,0.20264083
0.84823525,0.4342482
0.24045208,0.6407534
0.18807164,0.6437645
0.7678572,0.23472138
0.12194342,0.5144629
0.8134395,0.27909893
0.19604138,0.678171
0.82748234,0.48818853
0.17938003,0.7177306
0.15123008,0.64536244
0.75835884,0.2712725
0.15708861,0.6743027
0.13527472,0.58275205
0.17169546,0.57234687
0.76174206,0.17740376
0.8336411,0.47107267
0.84480447,0.4173693
0.1539061,0.40060782
0.14298905,0.6178559
0.13699964,0.58834577
0.8771428,0.5631157
0.89878094,0.6238837
0.1901305,0.7835921
0.82375884,0.3197295
0.16363646,0.60624397
0.123147964,0.48825118
0.11266204,0.5779897
0.110652745,0.39406398
0.86334187,0.38915008
0.112338,0.42536
0.21053082,0.79690754
0.10231017,0.38576713
0.13918464,0.50567234
0.18294686,0.575407
0.22978847,0.8002533
0.083364666,0.26590174
0.14336742,0.51256007
0.84494805,0.47836205
0.17038421,0.62202424
0.15778825,0.691246
0.7706617,0.26488373
0.75286484,0.25997597
0.13674541,0.5895661
0.20343246,0.6503889
0.9125973,0.5365969
0.17053494,0.5639576
0.14664394,0.55496734
0.7899955,0.30286506
0.22524634,0.6593551
0.88620126,0.38845405
0.15570876,0.6387104
0.8197589,0.33228278
0.13041212,0.5974674
0.12365565,0.4316042
0.863328,0.47708255
0.14871946,0.51920116
0.10441942,0.36019057
0.23634426,0.7018377
0.1622344,0.46137452
0.89726305,0.3627522
0.12568438,0.7739982
0.24742512,0.8046179
0.87103117,0.5018939
0.115370184,0.5756015
0.210252,0.68206954
0.8200294,0.42836535
0.16962746,0.57264036
0.1689766,0.58068275
0.22903092,0.73262954
0.7717104,0.32081145
0.77840614,0.20870459
0.13146159,0.6095345
0.1936775,0.7687295
0.8824575,0.42367882
0.18504778,0.736999
0.12408836,0.46915713
0.12617777,0.48347527
0.21316598,0.7206628
0.85326684,0.32241598
0.21100637,0.7022004
0.84960043,0.3521193
0.21954131,0.73198956
0.82103443,0.36582285
0.22066574,0.70104045
0.13286524,0.51556677
0.19170113,0.5676152
0.80524486,0.27678695
0.9082702,0.42071593
0.11803867,0.61419
0.16250609,0.58635837
0.801864,0.3393321
0.10157999,0.54348373
0.76396513,0.29935157
0.1601783,0.60567015
0.14614776,0.5328898
0.16830671,0.7906734
0.2572574,0.66603255
0.76345426,0.2503155
0.857895,0.4559411
0.7573756,0.23793744
0.84255165,0.25970528
0.12251178,0.44642827
0.8202293,0.3505879
0.15328023,0.68325484
0.1575237,0.5492658
0.7953384,0.22634523
0.77785087,0.21395315
0.1673334,0.59298235
0.24192752,0.844255
0.15498848,0.5551833
0.9437338,0.58766943
0.8181387,0.30535048
0.84826463,0.41230252
0.85726756,0.30994987
0.2606549,0.7633548
0.8220637,0.4216923
0.8472572,0.3463385
0.7994601,0.2120674
0.21502139,0.7926612
0.21298315,0.86826205
0.13193595,0.5027936
0.14002587,0.47300312
0.8405963,0.35224152
0.8738944,0.4304088
0.13176262,0.6286522
0.16795608,0.5348268
0.84701884,0.27297297
0.851037,0.41227275
0.19507402,0.7366923
0.18328439,0.58086145
0.9306516,0.7142201
0.19125772,0.55017257
0.20365694,0.75762045
0.18391542,0.54629594
0.15590945,0.56874055
0.7792343,0.20584902
0.15070853,0.51941884
0.15423848,0.66004544
0.7849429,0.2667822
0.81420934,0.22924985
0.11727041,0.569055
0.82876104,0.31245106
0.7723168,0.09755045
0.84346783,0.59389657
0.8478906,0.38217127
0.22427264,0.7140992
0.16876599,0.7303824
0.2269903,0.81164837
0.16971909,0.52244395
0.7653989,0.2531702
0.12180381,0.46438515
0.8389916,0.44662407
0.11306937,0.47718635
0.7779901,0.45107627
0.77634215,0.11536367
0.8370354,0.2144109
0.874389,0.3106722
0.81556064,0.33992872
0.19734667,0.68974787
0.17025651,0.6096002
0.7839894,0.22475997
0.8133193,0.31280634
0.84607565,0.28739184
0.74527025,0.16183242
0.15473504,0.60151315
0.7804127,0.33267045
0.799117,0.44138122
0.7722771,0.19087735
0.7856632,0.44321394
0.8174704,0.3651601
0.86889976,0.462177
0.85008395,0.27798235
0.8199596,0.29025748
0.7937313,0.11778164
0.18735453,0.7402728
0.19469246,0.7426084
0.19357716,0.71113545
0.8200746,0.46256074
0.82498,0.23993796
0.2388057,0.56809354
0.17606981,0.78683573
0.8110114,0.32214266
0.8993965,0.509973
0.86228484,0.34966892
0.85627127,0.30753893
0.16556048,0.55749786
0.13076472,0.43501303
0.18090981,0.610641
0.83018214,0.41724753
0.84887505,0.5078757
0.78492147,0.36649787
0.19370686,0.45348766
0.7377301,0.2785137
0.8690342,0.3623882
0.70560634,0.15314701
0.17167483,0.553227
0.21258137,0.7687255
0.8016031,0.37286034
0.77792984,0.24047498
0.83383703,0.36041176
0.15761334,0.57387125
0.7760907,0.26053798
0.84912014,0.41060075
0.22038057,0.74881804
0.841131,0.48321903
0.8712838,0.54389024
0.12689447,0.5638682
0.7970645,0.28023914
0.8317341,0.4404771
0.90856725,0.64245385
0.80457455,0.51658475
0.7981568,0.32115313
0.14299698,0.5315779
0.20205419,0.70975125
0.14170875,0.46868142
0.81200415,0.39251202
0.8458583,0.4613106
0.819795,0.35684088
0.17199253,0.58593565
0.18884425,0.62116873
0.22664602,0.7800808
0.1891449,0.6517569
0.104540385,0.38133067
0.13774489,0.51680374
0.1346318,0.5233831
0.23030171,0.8493388
0.7825477,0.28218752
0.13464132,0.53341323
0.12891448,0.54881024
0.19728044,0.60029453
0.16839992,0.683653
0.7531908,0.27890006
0.8460483,0.38208148
0.1992802,0.63066715
0.8814719,0.69703114
0.7828551,0.10044193
0.13528305,0.6351794
0.12551422,0.36812255
0.8005826,0.23763563
0.070570394,0.39834625
0.22135428,0.7808859
0.23030329,0.7141522
0.15703745,0.59794927
0.81833583,0.35618734
0.8541906,0.35441637
0.17853245,0.59966815
0.12607822,0.61127436
0.88870233,0.6101863
0.12710032,0.6640158
0.12419386,0.6334566
0.8340326,0.24183378
0.7946534,0.1793285
0.8661464,0.43827552
0.09318069,0.4814664
0.7865433,0.12359089
0.8679978,0.58712536
0.8347461,0.40618446
0.86415094,0.44531304
0.8519655,0.38479248
0.7887334,0.29705933
0.1516053,0.533062
0.15959923,0.5169965
0.16633072,0.5740311
0.77457994,0.1573583
0.15288043,0.51897645
0.89363116,0.4021567
0.20078024,0.7679454
0.20047286,0.7848046
0.061849043,0.37397602
0.7961158,0.3459114
0.8706084,0.34909114
0.15055424,0.5311324
0.77727896,0.20172314
0.84068596,0.48151022
0.21084058,0.8100145
0.15029168,0.516717
0.8380349,0.32208395
0.7226905,0.22102833
0.12776625,0.663336
0.19032802,0.79518867
0.7850758,0.20211126
0.7443747,0.19171488
0.22292253,0.737808
0.86718273,0.48090792
0.2263442,0.7367361
0.1607776,0.5853338
0.14259203,0.5894268
0.1501822,0.6354676
0.14153066,0.657981
0.1746388,0.54174256
0.16243073,0.630407
0.82840294,0.4822076
0.8433136,0.3772118
0.13159762,0.6177713
0.7695944,0.24848537
0.7276071,0.21379676
0.17197388,0.7295755
0.8245985,0.3328509
0.12629557,0.7083758
0.85985196,0.45309213
0.21470727,0.78239185
0.17081693,0.6937375
0.84764546,0.47602162
0.25794,0.79974425
0.15031667,0.6036582
0.13838702,0.5224347
0.19986603,0.71248287
0.17462967,0.73402643
0.13357955,0.56458664
0.8159696,0.44054237
0.1271499,0.46170306
0.77637506,0.18183188
0.78086996,0.3496422
0.23871408,0.70853794
0.9203612,0.4353814
0.7913579,0.3119539
0.16542047,0.54711944
0.78131497,0.4123078
0.9188505,0.6198643
0.19822241,0.8008722
0.22657742,0.75294656
0.11690392,0.56570053
0.22998638,0.8658962
0.1247059,0.5644491
0.1102934,0.3720999
0.12590966,0.5500201
0.878757,0.3857715
0.8172907,0.32065156
0.1517572,0.4086528
0.91415286,0.6338613
0.22717948,0.89249605
0.8567571,0.40074012
0.7677263,0.18751322
0.86131155,0.4337541
0.07708493,0.35283065
0.14651503,0.54494286
0.1548104,0.5262058
0.15632312,0.52787733
0.8847151,0.5566091
0.84259486,0.35352582
0.8494489,0.39298028
0.19865988,0.7083776
0.11450674,0.42468628
0.76617986,0.18610275
0.74997026,0.32444453
0.20784529,0.73600197
0.17481093,0.46229398
0.90935373,0.5089572
0.743142,0.24802105
0.16771296,0.5768552
0.17087325,0.7192488
0.8717844,0.47765595
0.83376247,0.40765366
0.19405548,0.59400254
0.2070564,0.6772542
0.14121138,0.6223414
0.7940339,0.21196796
0.7696626,0.26059973
0.76829505,0.2687538
0.85473037,0.45171055
0.1320359,0.5581913
0.13452749,0.6184012
0.15534426,0.5059615
0.7556491,0.23704296
0.18366595,0.59959894
0.15037338,0.6176864
0.22559062,0.74630153
0.8846921,0.5980925
0.8220982,0.3920477
0.22374988,0.63150513
0.2109346,0.7136752
0.9498359,0.7466095
0.8245097,0.46406627
0.78943783,0.29809704
0.8414197,0.50752044
0.92654777,0.56917727
0.14213909,0.592501
0.21243383,0.8829477
0.23230307,0.6729439
0.21524191,0.7697304
0.17958072,0.7451491
0.2436687,0.73289627
0.12837428,0.47125226
0.8627858,0.43413562
0.16713151,0.66219795
0.14478575,0.53581893
0.20081753,0.8078979
0.10233952,0.43027827
0.8609276,0.45314994
0.13757752,0.5329533
0.83488137,0.28255853
0.82469565,0.32849067
0.76881105,0.26573527
0.7937432,0.28906208
0.1365816,0.47763622
0.76605886,0.25907362
0.8228189,0.34956247
0.7568842,0.21517439
0.85860896,0.4471265
0.76996446,0.30457997
0.8460106,0.3476329
0.80149204,0.31926695
0.12934838,0.5130949
0.8005683,0.20221506
0.21192694,0.6763728
0.855714,0.3136364
0.16368486,0.80151874
0.16802986,0.58476347
0.8222176,0.31571576
0.14436415,0.5382781
0.14122567,0.5451036
0.8779852,0.2833308
0.8778416,0.39891043
0.16307762,0.71646553
0.8935443,0.47912687
0.14123042,0.5788732
0.18619838,0.6447115
0.87113947,0.35784355
0.16147685,0.5512098
0.07339355,0.3272598
0.824491,0.39835674
0.87569666,0.547476
0.8304582,0.22150491
0.86651367,0.3651921
0.1552923,0.67499477
0.81652445,0.41728127
0.16097711,0.555641
0.813123,0.29843432
0.13269825,0.5543878
0.18321696,0.7810769
0.16052099,0.70800525
0.16596702,0.61093706
0.8454359,0.33828562
0.8618585,0.36262912
0.80015343,0.30896562
0.872208,0.5776489
0.84464425,0.5253814
0.80034935,0.2437756
0.8213228,0.30377445
0.25809786,0.6617336
0.8616971,0.3840623
0.12392416,0.56120324
0.22114962,0.7577943
0.7268959,0.21072657
0.14696996,0.5259675
0.25064492,0.75237495
0.8662459,0.42915252
0.17999677,0.4889516
0.846905,0.39442185
0.91128963,0.5293851
0.15820788,0.7026691
0.13958721,0.5262128
0.7826072,0.20094913
0.76614577,0.32974392
0.2660914,0.6451951
0.19060527,0.6301122
0.19434978,0.6873071
0.13836284,0.56542677
0.8019989,0.24489348
0.77377045,0.24242777
0.8421507,0.345826
0.13308854,0.57315683
0.18644865,0.64483154
0.82383657,0.3238396
0.17869863,0.4862822
0.86704713,0.28184235
0.099180415,0.3023565
0.13909778,0.56503123
0.21302281,0.7791898
0.15353645,0.46850842
0.7968488,0.2576719
0.16818018,0.5571584
0.82447195,0.28949398
0.7625341,0.2935261
0.16412471,0.74550563
0.19160475,0.78153247
0.18012053,0.68409675
0.14976576,0.643499
0.1875239,0.48955652
0.14531405,0.6021895
0.8503465,0.3039917
0.13983232,0.7814251
0.7620764,0.21435614
0.14964241,0.60233533
0.77184206,0.1660056
0.8719216,0.3378292
0.7621379,0.13942243
0.8567547,0.4405327
0.87070715,0.3017091
0.12484155,0.6156162
0.74586004,0.20114407
0.20870239,0.5498033
0.16309151,0.63574445
0.15706877,0.52820325
0.17243952,0.55379164
0.7561988,0.35029048
0.1843057,0.6373166
0.17292419,0.66411394
0.85297966,0.3816018
0.099550866,0.39946148
0.20184478,0.6699709
0.14109755,0.5568833
0.17895605,0.7363743
0.7799181,0.20591122
0.14919144,0.6087092
0.87690675,0.21952717
0.17068605,0.6389662
0.8604116,0.4041844
0.8650001,0.443726
0.21970987,0.79789007
0.20787226,0.6390744
0.8677928,0.4282541
0.85187626,0.40349844
0.0970212,0.39165258
0.1395182,0.5461764
0.10806954,0.5425297
0.82759815,0.36097685
0.79591864,0.35999957
0.78733695,0.09531208
0.91461015,0.66856265
0.10824564,0.44230765
0.23637123,0.7261317
0.18955818,0.5749523
0.21421348,0.7207767
0.8157193,0.41834176
0.7543371,0.4387416
0.10851217,0.5590419
0.7781654,0.24889538
0.8637829,0.534016
0.17250654,0.5908995
0.8690017,0.5057731
0.16345401,0.7005315
0.21013896,0.70048416
0.15847719,0.49388084
0.24806249,0.73667306
0.8735422,0.3570332
0.84895116,0.33188635
0.87208503,0.34483778
0.82297033,0.49139586
0.041889768,0.322939
0.7848033,0.21028985
0.8113251,0.31961122
0.86611384,0.35079378
0.14970903,0.548052
0.8788244,0.3827635
0.81266373,0.3192332
0.15519156,0.6005149
0.8286401,0.47730374
0.8379504,0.43090904
0.8609308,0.43436515
0.7322257,0.30937344
0.16499768,0.5627482
0.15128483,0.5543843
0.12537858,0.4027577
0.854283,0.4085109
0.7763104,0.21279278
0.8320673,0.4138602
0.17994165,0.8067012
0.8511397,0.46701384
0.22583255,0.7539449
0.859756,0.43459162
0.8523308,0.5097689
0.8126197,0.32932165
0.8573663,0.34706214
0.13937977,0.43427756
0.13585816,0.653453
0.84604514,0.37593582
0.81133777,0.38511357
0.8726082,0.39417744
0.15049276,0.5596898
0.14600061,0.44619304
0.79171604,0.32746392
0.81592196,0.19347228
0.15284197,0.4613027
0.16576594,0.51700085
0.8421074,0.5001373
0.784467,0.30026928
0.15353923,0.5880584
0.15287727,0.5162317
0.21704933,0.7188721
0.82052004,0.42978022
0.7890753,0.19246435
0.84643936,0.4156049
0.838825,0.32357767
0.096619025,0.39004192
0.83580625,0.30818942
0.15114482,0.65806466
0.91711205,0.513458
0.19368385,0.6996786
0.78048605,0.10931263
0.845428,0.54501337
0.8829894,0.5754482
0.83748084,0.4947096
0.21410084,0.73857063
0.14704135,0.5324049
0.8156011,0.34636962
0.74420094,0.19661476
0.11261841,0.2647129
0.15271544,0.6506697
0.15577182,0.5716951
0.1631399,0.62671083
0.13643841,0.48728532
0.7689757,0.280696
0.75828147,0.2762381
0.86208534,0.46858025
0.8463053,0.41062048
0.7870668,0.23994234
0.21480523,0.79682213
0.8218638,0.29228604
0.8941785,0.5205753
0.1625759,0.6024138
0.14913394,0.3561523
0.17201394,0.64098996
0.15650003,0.7173942
0.1855023,0.79769075
0.8969295,0.5362938
0.7668105,0.28302723
0.76523113,0.2313336
0.14968802,0.67812324
0.16231254,0.56594014
0.23567475,0.6538954
0.8941809,0.5810612
0.7706129,0.26781508
0.79293644,0.2990489
0.17228802,0.709124
0.15887897,0.7102454
0.23761028,0.92620736
0.13777345,0.5960955
0.18943363,0.5985113
0.138485,0.62845856
0.8195007,0.44736305
0.11964776,0.44121432
0.7527978,0.3041989
0.17784867,0.6627328
0.13567452,0.60555184
0.7708612,0.24395958
0.857379,0.46820793
0.1980364,0.75921226
0.12071508,0.5005425
0.22767645,0.7297144
0.8395397,0.31758487
0.9158913,0.5382518
0.17890726,0.6509947
0.7237527,0.2363951
0.85457015,0.5155413
0.81882644,0.26301944
0.20190348,0.6773488
0.822874,0.34919584
0.20349869,0.7848186
0.8474551,0.4001584
0.778374,0.28689292
0.82028997,0.4766546
0.82655823,0.3920455
0.9484247,0.5418696
0.7774515,0.15872541
0.13654551,0.5899043
0.23542449,0.6574667
0.8595192,0.32125255
0.1650302,0.46089226
0.100283824,0.3415753
0.84814006,0.30068102
0.1443574,0.5691615
0.85242164,0.43931848
0.7522437,0.30971026
0.86873555,0.3520908
0.77826416,0.31080055
0.8668329,0.39497903
0.82758546,0.42355877
0.80691266,0.25949544
0.88406146,0.51184696
0.17476334,0.6226344
0.121072836,0.5579206
0.8138453,0.4272278
0.16220663,0.5702706
0.86293215,0.45198914
0.2064452,0.78302395
0.8722385,0.4551014
0.80974096,0.27587453
0.7763362,0.24332136
0.09134949,0.30511177
0.8660984,0.3537133
0.75823665,0.25584134
0.13965702,0.45320645
0.14224777,0.5374397
0.75032204,0.2164964
0.8126197,0.32932165
0.2024873,0.66456074
0.1628234,0.7300902
0.8434976,0.31513712
0.83993196,0.2966147
0.25170827,0.65736467
0.85844195,0.42419657
0.84792036,0.41134587
0.84052926,0.4144752
0.16310816,0.45167902
0.7640294,0.12541312
0.20175473,0.69532365
0.09599077,0.31567854
0.8663431,0.47368687
0.21249212,0.6238955
0.16432182,0.5353275
0.1458241,0.60011667
0.8381218,0.34954888
0.7844225,0.3561593
0.21021155,0.628074
0.863345,0.35719526
0.20925012,0.7395422
0.7566649,0.17404884
0.14960314,0.5092625
0.8553943,0.45272943
0.76138663,0.21119659
0.21152,0.60531884
0.84181434,0.36804897
0.12970059,0.48150674
0.8257614,0.23578843
0.8190446,0.34490174
0.8218122,0.24637054
0.2149972,0.75768965
0.86947286,0.41148734
0.17465228,0.73533267
0.16302012,0.5367143
0.21304265,0.74241745
0.8553963,0.36907747
0.81914055,0.385874
0.12392257,0.6421043
0.8417199,0.20871817
0.81766987,0.36586708
0.11230865,0.52528244
0.81409234,0.34427404
0.1407862,0.5511708
0.8880705,0.50575644
0.2108501,0.70379394
0.2249342,0.72147095
0.758105,0.33683485
0.8716753,0.48575
0.119388774,0.6124404
0.2463471,0.7557119
0.81693614,0.37042093
0.13172811,0.63303083
0.12317652,0.50942415
0.18371552,0.656811
0.9111048,0.6700213
0.88452905,0.54625255
0.16872117,0.45980504
0.1507006,0.7712692
0.78107506,0.21593176
0.19083966,0.6200312
0.85712993,0.41398242
0.14223269,0.57286155
0.7867908,0.3485795
0.15811864,0.4725804
0.8725411,0.40555808
0.82184714,0.2719208
0.8738119,0.2910845
0.822711,0.37477458
0.8498329,0.46010247
0.891635,0.6534933
0.877706,0.33051354
0.7639108,0.22668295
0.8313391,0.33028138
0.21880399,0.7737608
0.8358951,0.34580716
0.1457329,0.7092984
0.16041192,0.6585263
0.7652367,0.035898466
0.8213101,0.34083632
0.21077515,0.78987616
0.0994529,0.66133636
0.16909043,0.55116254
0.8616467,0.469077
0.14244965,0.45896927
0.8806715,0.5867802
0.21977255,0.75269645
0.098218605,0.52922034
0.13318889,0.5230353
0.8437399,0.5905758
0.86035764,0.36619386
0.15414685,0.68777055
0.81660295,0.4835401
0.8111696,0.16793996
0.25175706,0.7602824
0.8312217,0.42449662
0.85626173,0.40520284
0.84291494,0.32282817
0.74878395,0.20780443
0.8507379,0.4631569
0.8662836,0.40815738
0.17338626,0.5996331
0.2260626,0.8279421
0.88274944,0.59635836
0.22962666,0.72531253
0.15498929,0.6625274
0.78635687,0.16355084
0.8464346,0.40708202
0.7768589,0.21476659
0.1922215,0.5692105
0.8796201,0.40919772
0.8524744,0.45737702
0.7503403,0.20276393
0.13280812,0.4677134
0.25812602,0.86937076
0.7283571,0.26971355
0.78440785,0.26332477
0.20908473,0.69337964
0.09108216,0.3139531
0.22925739,0.66541755
0.83621085,0.39646706
0.13042799,0.60491055
0.79318076,0.36486837
0.84121424,0.28356034
0.19528225,0.62877
0.23263346,0.7415068
0.14878649,0.61814106
0.7880477,0.2908243
0.21109404,0.6653781
0.83491385,0.2975197
0.78266907,0.2678015
0.0,0.26904598
0.14384219,0.60765797
0.8462474,0.52038693
0.9107673,0.70495564
0.10934786,0.49112734
0.15458195,0.5707318
0.14761011,0.58591115
0.22462404,0.71048015
0.14748913,0.6887903
0.12649785,0.48340037
0.16101518,0.55521744
0.86443734,0.55706555
0.76511097,0.20437546
0.12007612,0.44326872
0.17333946,0.47787452
0.17374639,0.6086961
0.87218815,0.47463962
0.8543659,0.48499745
0.87482685,0.5228443
0.14635916,0.6754503
0.7792815,0.21594754
0.8311848,0.46898806
0.80502987,0.52323675
0.14412458,0.68030643
0.85763085,0.4730136
0.21531332,0.7926888
0.12733988,0.5254896
0.80420494,0.23086709
0.16399224,0.59658045
0.80382377,0.37903535
0.12291237,0.46088699
0.22453004,0.780956
0.16546649,0.71628195
0.15191346,0.5861433
0.16639379,0.7179005
0.14301562,0.6447921
0.16849709,0.60284394
0.11910003,0.4110848
0.23174977,0.70248204
0.85851455,0.41696107
0.15323225,0.53698194
0.18265772,0.71050733
0.13439621,0.40845963
0.21304065,0.875756
0.2052942,0.6698838
0.21610814,0.7728794
0.122658536,0.47078753
0.16229746,0.54784614
0.7896143,0.3512016
0.12971804,0.47247702
0.7593436,0.21461853
0.8924508,0.48811582
0.14228147,0.63420784
0.12872013,0.4848196
0.22236131,0.8452292
0.83129823,0.35282147
0.7957731,0.3800284
0.18939358,0.65582013
0.13627025,0.52547777
0.1373566,0.53871876
0.15803932,0.5846391
0.90053046,0.4916175
0.9288882,0.52399987
0.1783028,0.685516
0.18931663,0.594247
0.7368706,0.22793925
0.22323626,0.8515203
0.1558202,0.4886603
0.8548224,0.42766494
0.16647945,0.42362142
0.8427432,0.32153115
0.18788244,0.5220983
0.1376386,0.63197166
0.82249284,0.2734745
0.19949003,0.8174681
0.2348252,0.70057744
0.15762049,0.50297755
0.11215317,0.32700092
0.7856441,0.2470048
0.18953834,0.6121185
0.78863627,0.29313144
0.13501851,0.5012206
0.21460216,0.7337417
0.1843989,0.7718842
0.22091402,0.7914058
0.13457032,0.67260396
0.17118143,0.6737192
0.8059695,0.23529959
0.767476,0.35729733
0.79681545,0.33097172
0.18864436,0.7462608
0.06934879,0.32462457
0.8431672,0.48744345
0.24700986,0.6956544
0.19905414,0.8257295
0.8122572,0.26631656
0.85549384,0.43681204
0.8805093,0.33165726
0.06000633,0.3974579
0.85862124,0.3727767
0.8355453,0.5184946
0.21045825,0.7753798
0.21691011,0.7197587
0.7620435,0.2752534
0.2108164,0.62032336
0.8835629,0.3528447
0.80704516,0.26186392
0.21083385,0.753237
0.7897036,0.33825672
0.86922693,0.38611448
0.19428553,0.6106896
0.1607653,0.5622571
0.22802906,0.69559044
0.8298196,0.41821343
0.7823799,0.28473166
0.24646807,0.7656317
0.23142812,0.75402325
0.16369635,0.78133446
0.1884052,0.5340405
0.14671493,0.6622304
0.8537507,0.44116
0.14144896,0.5918873
0.89965075,0.57812107
0.15085925,0.6842194
0.77003384,0.19785835
0.83815587,0.3756708
0.22667022,0.80431736
0.22625574,0.66524583
0.875584,0.45493627
0.20509312,0.75472546
0.14707546,0.5532677
0.076851316,0.32701144
0.22245252,0.6396925
0.7303501,0.26873103
0.8331398,0.25833333
0.7459144,0.26663765
0.13369378,0.5784373
0.8231441,0.34254336
0.183401,0.62078243
0.8406443,0.4192244
0.8488092,0.5159084
0.20225726,0.710725
0.18100975,0.564605
0.14038521,0.5996099
0.17757817,0.68877673
0.7362871,0.24903731
0.8249289,0.43236947
0.8279079,0.57037574
0.16854984,0.6603775
0.7739525,0.23244314
0.8525989,0.39168194
0.8610502,0.48382834
0.12764567,0.57409114
0.2295378,0.7415436
0.16268377,0.7592315
0.21771646,0.6649024
0.8437661,0.5277065
0.09912172,0.29656348
0.8399026,0.2316262
0.13856947,0.49553618
0.10845585,0.5907804
0.79850304,0.29263514
0.82161075,0.31215978
0.13358194,0.64664936
0.15282531,0.5563988
0.15243503,0.5480958
0.15222125,0.42866498
0.07334913,0.4681422
0.2242988,0.80493414
0.08422137,0.4213388
0.8308247,0.3639844
0.150112,0.5883939
0.78595906,0.4570866
0.8183759,0.420383
0.21069899,0.751194
0.080942094,0.45075256
0.8900449,0.44124934
0.8770317,0.52701443
0.19373502,0.5896642
0.77844584,0.21206301
0.8554237,0.32510555
0.21195589,0.73183095
0.22936766,0.8524542
0.16591784,0.72756976
0.15440823,0.5697817
0.14653724,0.53276235
0.15397036,0.71022785
0.1499938,0.4867785
0.2093227,0.728176
0.15999903,0.66788894
0.77057284,0.20596117
0.17428818,0.7397025
0.1577585,0.6548179
0.15870683,0.49343535
0.15550926,0.47259048
0.7582803,0.29779696
0.7641515,0.22230652
0.090429716,0.48669833
0.22873822,0.70772666
0.21724685,0.76277304
0.09373716,0.5426852
0.84889686,0.42145663
0.8293453,0.49506047
0.07510895,0.3651027
0.7515869,0.24984066
0.21649405,0.739657
0.84785134,0.32716474
0.809835,0.43601438
0.88542503,0.3103555
0.85577667,0.32631496
0.78935415,0.27197117
0.7549102,0.14735922
0.15109047,0.6044419
0.8446351,0.5821983
0.1530851,0.52821815
0.7915451,0.18189365
0.83114237,0.5075025
0.09653891,0.40806627
0.15348172,0.6009507
0.8432695,0.38588014
0.78555965,0.17756101
0.19255982,0.70039654
0.86003757,0.49142432
0.74283063,0.19862185
0.88429826,0.43255213
0.86926067,0.39474514
0.8222937,0.31260788
0.7955217,0.27166194
0.83496505,0.33640164
0.09190595,0.35450923
0.20997119,0.71845025
0.1245183,0.42855415
0.7632365,0.17161028
0.15543905,0.63348156
0.08781716,0.33111146
0.7978903,0.2911892
0.13489318,0.8242822
0.78395134,0.27830696
0.78119004,0.22614767
0.18221946,0.6647342
0.18174748,0.6075099
0.8812744,0.37738177
0.104409106,0.46192208
0.76907164,0.21115804
0.17811203,0.49216944
0.15014057,0.5799731
0.108363435,0.4374577
0.21001561,0.66703653
0.1225098,0.533903
0.18420535,0.5864298
0.8605044,0.54179376
0.18013678,0.67865586
0.2226556,0.71413255
0.77859414,0.17678788
0.22097114,0.6977245
0.7865766,0.23771887
0.80161935,0.2689347
0.7623116,0.12331843
0.8265364,0.33786073
0.22172116,0.7692586
0.8187919,0.2751938
0.17421599,0.57081026
0.1303923,0.536879
0.7449264,0.10303205
0.82522756,0.4801313
0.8801773,0.44680017
0.85362697,0.4373149
0.17553437,0.54450786
0.18475428,0.7345678
0.17675596,0.65480125
0.14822526,0.5241418
0.22874536,0.82995045
0.1442162,0.6636461
0.8330716,0.33166558
0.8765042,0.33012193
0.8846302,0.4851525
0.18793559,0.5742269
0.14870122,0.60102695
0.8296939,0.309387
0.8337744,0.4204794
0.11227335,0.30923587
0.18121402,0.7098038
0.18648554,0.69192666
0.19804314,0.77875704
0.8341547,0.3830951
0.17813067,0.65389276
0.8327261,0.3014432
0.14818798,0.50290483
0.14643015,0.49874613
0.8184905,0.4212928
0.79518807,0.27171755
0.20807652,0.6883085
0.78692484,0.27118886
0.9497684,0.63827413
0.21557984,0.7544626
0.1724772,0.5161432
0.84839076,0.49327415
0.1613067,0.5572933
0.21820073,0.8451004
0.23560019,0.73695517
0.87236625,0.5206322
0.8221438,0.2756818
0.88374615,0.4371546
0.8230378,0.46590078
0.122959174,0.5569021
0.14315246,0.5576262
0.787022,0.2500658
0.0741872,0.2912041
0.8023547,0.2969231
0.14370178,0.47503254
0.7828043,0.32826072
0.84785414,0.36940774
0.18265693,0.6843876
0.1664525,0.5530448
0.062086225,0.340206
0.74782175,0.13181329
0.13495345,0.53403485
0.8379096,0.34550974
0.8770337,0.58561593
0.7915721,0.30983207
0.21217443,0.7878691
0.25305676,0.60425967
0.8023166,0.22650686
0.15751062,0.6219358
0.7799494,0.24153022
0.87170106,0.47264612
0.17848326,0.66606146
0.11198699,0.2701393
0.1987749,0.7490502
0.112774685,0.5177797
0.17891915,0.83870596
0.779107,0.30859327
0.8036663,0.19302592
0.81828904,0.37239295
0.2280814,0.85524404
0.17031044,0.612355
0.7457942,0.30065736
0.8228189,0.3414084
0.7841608,0.20573032
0.1940424,0.72273207
0.84821343,0.32466838
0.8247766,0.4039207
0.8666945,0.41959235
0.8718724,0.49756867
0.9125057,0.63948923
0.06752512,0.38751358
0.17315581,0.5442227
0.7655742,0.20371184
0.21616526,0.73985934
0.78287375,0.3093673
0.75073695,0.23146676
0.10120161,0.39824373
0.16047181,0.60059154
0.81149447,0.3927315
0.17215157,0.50780296
0.77445936,0.37497345
0.7735904,0.19134079
0.8702641,0.34835348
0.81345814,0.35222092
0.75360173,0.18318848
0.18977791,0.8334806
0.16452609,0.44010168
0.7904925,0.25314346
0.8063328,0.29291943
0.10811237,0.4157039
0.87394834,0.35689873
0.8048411,0.344444
0.13571617,0.4078613
0.17263585,0.5507814
0.9322595,0.55602825
0.82150245,0.38314942
0.784388,0.20595284
0.92664415,0.63192785
0.817752,0.18757455
0.13443904,0.5212349
0.105794504,0.40624404
0.14941277,0.7111425
0.07523944,0.44237468
0.81012887,0.3946251
0.16307326,0.6051962
0.7701219,0.22050838
0.1543872,0.569038
0.8434762,0.438576
0.0993002,0.41587606
0.10244661,0.4565916
0.8126514,0.3073659
0.13855441,0.4649095
0.21899278,0.6708615
0.824286,0.34081224
0.8879186,0.4685741
0.14721943,0.51171553
0.1752024,0.5075108
0.87166977,0.40328512
0.12356244,0.6107321
0.17440161,0.7272509
0.85849035,0.3574099
0.10124008,0.40593478
0.1543416,0.5272873
0.8295004,0.3605007
0.23258904,0.7370252
0.20962414,0.61033523
0.16874696,0.53050995
0.12942056,0.5188148
0.81757075,0.23262887
0.8209365,0.40021798
0.8753032,0.49760023
0.11601628,0.5413549
0.15795721,0.5490705
0.84400964,0.40301
0.8105037,0.3718638
0.18066311,0.5720867
0.80482244,0.28199828
0.23550302,0.72995794
0.1936319,0.5392711
0.13946068,0.5311657
0.084040515,0.41614762
0.16183977,0.59111506
0.91300106,0.486708
0.92157805,0.38052776
0.8337605,0.33807012
0.15469974,0.63509876
0.16174021,0.65236926
0.80377537,0.2552938
0.22383396,0.7824869
0.81190455,0.35223362
0.11639466,0.38121942
0.8446109,0.5572701
0.21856998,0.94359
0.8627263,0.47838658
0.20313579,0.8285308
0.107235834,0.49897346
0.84287053,0.26139128
0.13031852,0.45160544
0.16210788,0.6295804
0.84643894,0.4206432
0.23578502,0.6871083
0.877984,0.50594527
0.1710438,0.54889876
0.79746985,0.38168988
0.8458012,0.28448197
0.19204223,0.69435513
0.7706891,0.20974755
0.22111908,0.7855234
0.20568964,0.6690984
0.1825316,0.80926895
0.8277782,0.32596934
0.8594359,0.44357184
0.19038355,0.8713161
0.18255737,0.74665767
0.1722071,0.46056768
0.19483128,0.6147331
0.86560065,0.50237304
0.1341983,0.5133459
0.83910936,0.31198543
0.13939127,0.44252184
0.84499365,0.2759547
0.7674463,0.21705927
0.9786454,0.77490973
0.15733887,0.6842251
0.78002834,0.20799102
0.13859685,0.5127344
0.77087426,0.31297058
0.18369965,0.5966693
0.9829809,0.5817743
0.14655747,0.61740994
0.13621035,0.53631264
0.80573905,0.33934876
0.07667323,0.41439065
0.10938355,0.43109873
0.114026025,0.49003094
0.83503443,0.26733106
0.7589443,0.046110865
0.140198,0.66402674
0.7694893,0.23633686
0.19181496,0.7254505
0.16323905,0.6332244
0.21188727,0.7004745
0.83128595,0.4731332
0.9356994,0.5217663
0.15997484,0.5665096
0.8155464,0.29605052
0.8692067,0.31115142
0.15158427,0.6101863
0.16062331,0.641244
0.11425052,0.6039298
0.10043652,0.36481625
0.22257231,0.7672007
0.17887117,0.6052812
0.13757434,0.49788493
0.7971117,0.13600925
0.17673415,0.59154737
0.18140163,0.81303567
0.14791828,0.52725536
0.16986822,0.738462
0.8908227,0.5039719
0.20963605,0.80255824
0.21802938,0.7718176
0.19930202,0.771847
0.8420567,0.45605984
0.7991222,0.1899382
0.8522368,0.49372622
0.83425903,0.41609156
0.71266425,0.29149625
0.8172665,0.25077587
0.8641922,0.4331141
0.8641875,0.49943033
0.16482158,0.69620365
0.15613393,0.67522603
0.8656141,0.44444615
0.8238663,0.45237067
0.17161573,0.7188458
0.8635275,0.488659
0.8746321,0.4716294
0.866023,0.5429485
0.2052942,0.7611173
0.7716814,0.18792234
0.7621034,0.2514592
0.21612084,0.7136301
0.8621599,0.40545776
0.7906313,0.27745628
0.7538825,0.30582008
0.089830026,0.34510761
0.87381274,0.37668046
0.16971274,0.68191445
0.82518786,0.45239827
0.83771044,0.33558822
0.82181144,0.2362177
0.2397802,0.80086344
0.16875131,0.61355
0.8066612,0.35121867
0.7663389,0.23332492
0.15569766,0.6137953
0.1375557,0.5520246
0.7923217,0.29758584
0.15081085,0.52722555
0.14829586,0.62894833
0.114833556,0.5019473
0.14071323,0.6739522
0.20077349,0.65562344
0.1699995,0.62542564
0.1620111,0.55828416
0.86462533,0.4051818
0.16597773,0.6153919
0.13491063,0.42526186
0.774858,0.18936305
0.867105,0.46192953
0.8000126,0.3984588
0.16431548,0.6467554
0.87193114,0.2630545
0.79915315,0.26223755
0.87471503,0.51291835
0.14195228,0.5950714
0.16436109,0.5529173
0.14803806,0.5893427
0.85369796,0.4380648
0.8443285,0.52165633
0.14134742,0.5600039
0.80559987,0.3403685
0.8470831,0.5779967
0.14785324,0.5469933
0.87071985,0.4456503
0.8036969,0.5374787
0.8612774,0.37685043
0.16269924,0.67075545
0.77387476,0.2957474
0.82346374,0.4706491
0.13536356,0.7535966
0.22435711,0.7223615
0.18338712,0.6027681
0.79607254,0.2623085
0.83839065,0.34268004
0.20832679,0.773685
0.12877606,0.53846645
0.12692937,0.47803047
0.7451759,0.30867127
0.91910946,0.5256657
0.8412539,0.438622
0.1411384,0.52912354
0.17328472,0.69550896
0.8182958,0.32847404
0.85124165,0.36566952
0.17964299,0.72579134
0.89548934,0.3105938
0.8010704,0.24924012
0.84061056,0.40580994
0.89400953,0.6309011
0.84080255,0.48505044
0.16875489,0.64373076
0.86212385,0.59696984
0.14351775,0.58497375
0.13536595,0.5669581
0.7715628,0.3092547
0.049479153,0.41989502
0.8650644,0.4577384
0.22839196,0.7717484
0.8062574,0.32977676
0.8377041,0.41924804
0.8522991,0.38933143
0.7447737,0.2102618
0.79386336,0.39903265
0.8518453,0.28921407
0.15108374,0.6328854
0.15662734,0.65702474
0.8945331,0.568451
0.22005613,0.6738125
0.14510821,0.6477756
0.14042924,0.47265092
0.85507226,0.5853014
0.82823354,0.23205723
0.8642279,0.41022143
0.8632796,0.4954915
0.8115889,0.32337266
0.826628,0.2508166
0.19518468,0.6432406
0.21059626,0.78601617
0.15791795,0.62240624
0.13915211,0.5012355
0.20557502,0.81541026
0.22354324,0.9044667
0.16420919,0.55497956
0.84324294,0.33009696
0.17120959,0.6100531
0.13003731,0.4877584
0.19883837,0.6702977
0.8984089,0.57453007
0.8047459,0.3691585
0.16182072,0.62355083
0.88971096,0.5513382
0.16004781,0.66352606
0.11712088,0.6060048
0.1070169,0.59094507
0.84096515,0.36010864
0.21839349,0.7887986
0.82210773,0.41924673
0.84923357,0.40170467
0.76809394,0.25436777
0.8402643,0.39377576
0.14522125,0.6254887
0.1296502,0.564644
0.12507476,0.51475465
0.18949471,0.81150997
0.89925647,0.61844724
0.0849345,0.5355106
0.15586028,0.5675149
0.8301274,0.39111817
0.83439946,0.40605086
0.14145848,0.5460103
0.15574604,0.6199151
0.9578179,0.5840447
0.85800964,0.40448752
0.80132025,0.2751097
0.27354357,0.7101858
0.78414017,0.25216225
0.11281752,0.51606786
0.17279251,0.612949
0.14074059,0.6702316
0.16917968,0.5983584
0.8510176,0.5326572
0.15358087,0.6639063
0.11797085,0.49256453
0.13152663,0.5638586
0.122168705,0.46473908
0.88933814,0.4782429
0.22733735,0.76741534
0.12892677,0.5517145
0.103177585,0.32636315
0.2055659,0.80585575
0.22455622,0.8660316
0.2381723,0.7623832
0.9302689,0.60800135
0.83774775,0.31665406
0.8522911,0.33585715
0.8442571,0.4338693
0.13513471,0.53105134
0.15165883,0.600023
0.14979906,0.58681786
0.8866879,0.4953776
0.8435769,0.524197
0.1973562,0.8170783
0.1439223,0.6952321
0.8402044,0.5001093
0.21302876,0.8022696
0.20575072,0.767386
0.21623863,0.779425
0.2330499,0.7280126
0.7819869,0.21779299
0.7303961,0.22042121
0.23756705,0.7548104
0.15103257,0.4861657
0.83210856,0.40928227
0.8755245,0.48629797
0.059205152,0.41963223
0.8032911,0.37404174
0.8596838,0.40537587
0.20455411,0.7569822
0.90778506,0.62942356
0.09722824,0.38847288
0.7898725,0.25852257
0.76931316,0.10047435
0.15516658,0.54259056
0.16008708,0.6553523
0.798954,0.23741399
0.8595791,0.539424
0.22795647,0.87553126
0.15078825,0.5533527
0.02481672,0.29004502
0.21709692,0.75247043
0.8320733,0.4225281
0.85702604,0.31889287
0.16422506,0.5437562
0.102006756,0.40972427
0.7717306,0.25236377
0.87238646,0.33066818
0.8032165,0.21333289
0.17264101,0.66107965
0.7907534,0.22807986
0.16298482,0.7361382
0.8238822,0.57407624
0.08538943,0.30036914
0.21598677,0.73818296
0.8036671,0.4432915
0.15812856,0.64654994
0.81703013,0.49315938
0.15522845,0.6033503
0.81043035,0.33728123
0.21721949,0.72077227
0.8242971,0.26710021
0.84716797,0.3415709
0.82059854,0.31844255
0.73716486,0.20544471
0.18416291,0.70308876
0.8150859,0.43787077
0.23040165,0.70603585
0.8376756,0.2936514
0.77585864,0.07957647
0.086416684,0.47670716
0.2151856,0.7563663
0.17546298,0.7478351
0.14868972,0.622595
0.18581207,0.5628432
0.82837516,0.35274437
0.17498069,0.5610451
0.16008748,0.54940164
0.17236812,0.69729614
0.8039483,0.25082317
0.12795345,0.67654103
0.21129353,0.8632172
0.84639966,0.47651923
0.11890806,0.3530821
0.87007093,0.43714756
0.17938955,0.5664702
0.23672819,0.68258464
0.83142,0.41942808
0.86215,0.39566633
0.16970004,0.6181415
0.77388626,0.2317782
0.19833902,0.76197755
0.8693959,0.3866651
0.8322327,0.4037008
0.17637998,0.7622229
0.15596616,0.58202666
0.75964427,0.26311275
0.78522885,0.26556972
0.8008261,0.27852336
0.07621672,0.5638669
0.8730484,0.4084982
0.77358997,0.3077435
0.16110878,0.63339484
0.14369504,0.44165105
0.8784659,0.54231244
0.14049588,0.5860294
0.17084351,0.7143279
0.02407781,0.31436837
0.19696234,0.6900221
0.16874696,0.5238176
0.14921206,0.5159767
0.23346636,0.74851495
0.8316358,0.39277658
0.21473622,0.79112196
0.2066459,0.84678507
0.78183776,0.19960262
0.15604469,0.5105206
0.18484788,0.79174834
0.8537753,0.38717628
0.11576522,0.32685593
0.09692205,0.48824942
0.1976969,0.731226
0.7790225,0.29412317
0.851108,0.3870602
0.80579656,0.28832135
0.15132765,0.54157215
0.16556406,0.7262902
0.232781,0.86556244
0.82672244,0.40059513
0.83459264,0.21592125
0.83654755,0.39906418
0.7413679,0.20998716
0.83211845,0.35887295
0.15301172,0.6150827
0.23229949,0.80746204
0.8608356,0.46374652
0.89733684,0.5600188
0.78506625,0.2512989
0.8447454,0.51001114
0.13729909,0.58625895
0.814084,0.373036
0.22680508,0.9371145
0.80644107,0.35956284
0.14687358,0.49288607
0.12762743,0.5715172
0.8766748,0.41903737
0.1501124,0.7204468
0.16766973,0.6283447
0.76870394,0.27378467
0.80837464,0.2809032
0.17145073,0.7541179
0.09024806,0.5241672
0.83350587,0.3809706
0.15790565,0.7051716
0.13920923,0.7069654
0.817654,0.29091805
0.12283384,0.5518441
0.21470925,0.7467869
0.8090017,0.41377172
0.2229134,0.88808984
0.8460558,0.33271512
0.1782314,0.5777759
0.81864953,0.43036762
0.13293187,0.53034437
0.18272674,0.6169873
0.11838492,0.32622078
0.20289305,0.64357436
0.13604695,0.5252763
0.8198529,0.23679547
0.20670897,0.7607563
0.1601557,0.5977504
0.7869907,0.23110713
0.14655668,0.6182383
0.90479493,0.5603964
0.15130663,0.62258625
0.8245037,0.40629968
0.17981315,0.70646685
0.7556023,0.22670092
0.8694558,0.46983874
0.8109543,0.23191093
0.85445154,0.44987473
0.8434952,0.48718283
0.7966889,0.2355278
0.7979458,0.22882451
0.86809975,0.3907095
0.17642161,0.75694716
0.13455327,0.5268983
0.8010085,0.47665942
0.8243482,0.453998
0.14123717,0.6191406
0.08541918,0.35416362
0.8270421,0.44310224
0.26903632,0.8596038
0.7583699,0.35011527
0.7672444,0.19292255
0.8613524,0.48621652
0.77770853,0.2796872
0.15227044,0.5982769
0.8466036,0.40687177
0.16050196,0.58766025
0.87049335,0.46397123
0.15690379,0.5144651
0.81176573,0.33580458
0.89502096,0.45889392
0.8377204,0.403749
0.83390486,0.3820749
0.7850643,0.30389532
0.82884157,0.3633659
0.22495086,0.8542427
0.2002321,0.75054395
0.80511916,0.18773575
0.16299155,0.6123309
0.83980304,0.46331418
0.767248,0.21180195
0.9036479,0.61152536
0.7802901,0.32454264
0.1905069,0.5935934
0.06506367,0.32844952
0.74137384,0.30166355
0.18602942,0.59855026
0.15078904,0.69798386
0.07967369,0.21814647
0.8559135,0.4173969
0.21452998,0.68286455
0.15385772,0.61766094
0.8342079,0.25859308
0.19913544,0.5322787
0.78550375,0.22103271
0.15660393,0.63459724
0.74549156,0.23662026
0.84494764,0.35296822
0.1420308,0.6755213
0.77655435,0.40058416
0.80627966,0.27170837
0.91645485,0.6607244
0.84609944,0.5420356
0.12598778,0.5353437
0.7968182,0.19535978
0.12229404,0.52416277
0.7703571,0.24262881
0.84378636,0.4403654
0.84619343,0.48443282
0.8020941,0.5096673
0.7942572,0.2099495
0.8291129,0.39757836
0.83041734,0.2737404
0.846454,0.35177192
0.84455657,0.38943654
0.7566617,0.2755933
0.14411348,0.54125327
0.09111588,0.30284405
0.8336685,0.3583832
0.8687375,0.48914084
0.19034627,0.6531341
0.19841716,0.72833896
0.8569717,0.3359233
0.19947177,0.7176368
0.09643975,0.3991553
0.22735757,0.7698022
0.85750353,0.35233173
0.7662199,0.028230185
0.8546066,0.3753313
0.2095476,0.7520026
0.19534689,0.7180267
0.15468864,0.6033779
0.16562235,0.53159934
0.79373366,0.25518516
0.14652613,0.5802237
0.8298819,0.38953292
0.1190441,0.5554614
0.8163614,0.38275254
0.7912044,0.24888004
0.16625299,0.62370235
0.1811918,0.6161068
0.8302111,0.46695164
0.79046273,0.1405863
0.14757362,0.5762656
0.90374786,0.70338047
0.7745593,0.21923676
0.17309473,0.5915789
0.2129899,0.6917418
0.15948778,0.67697734
0.12581685,0.44002503
0.2307483,0.7251281
0.14501739,0.5555429
0.13024038,0.44974858
0.8588124,0.47934195
0.8241777,0.458395
0.8952288,0.4530045
0.86154914,0.53392136
0.8716055,0.44720185
0.17589094,0.7870193
0.85130274,0.32324475
0.80239594,0.22293554
0.18940945,0.72810066
0.8845652,0.34260425
0.7144229,0.25346324
0.16835034,0.60380846
0.10016404,0.4848205
0.9663897,0.47487265
0.13805346,0.5675942
0.1560312,0.45745367
0.82789207,0.3543844
0.77807575,0.21947812
0.849038,0.37670675
0.18313645,0.5897589
0.86620665,0.476786
0.23147373,0.63458407
0.79623556,0.25728336
0.7967686,0.31535175
0.7507663,0.27209777
0.24503666,0.90302205
0.7764326,0.3023955
0.82984346,0.28805283
0.7600362,0.13905843
0.17224756,0.49629837
0.21661067,0.6834927
0.107783176,0.4326165
0.13699527,0.5845366
0.8429158,0.37834895
0.22903092,0.6916367
0.13672598,0.5950451
0.24827826,0.74496156
0.7666721,0.30912375
0.8087006,0.29295447
0.7810687,0.3408188
0.8866133,0.498952
0.84781086,0.41878855
0.14990377,0.52313954
0.14563651,0.69223416
0.8287392,0.4190978
0.10131742,0.42683005
0.14740466,0.49433815
0.16043136,0.52111495
0.1301214,0.4605624
0.1716788,0.7023204
0.12382144,0.5689998
0.22438964,0.68965065
0.14217082,0.65772957
0.1163078,0.5663252
0.84004897,0.35345444
0.7573863,0.15721639
0.11775151,0.5990216
0.8456172,0.33388862
0.787632,0.17869903
0.19313611,0.7416299
0.1498895,0.66668606
0.16493937,0.6004452
0.75368065,0.19798931
0.8735303,0.66247743
0.8030936,0.29930735
0.13381554,0.554913
0.759448,0.2410234
0.7942235,0.2848565
0.16894011,0.59396404
0.7409332,0.18994828
0.83253175,0.38290235
0.77480125,0.29230663
0.82589823,0.37994385
0.21363044,0.693105
0.1789846,0.6734774
0.7827052,0.25821507
0.17313877,0.5930529
0.8745124,0.43917918
0.79813105,0.19255766
0.08243102,0.29459712
0.13538182,0.5437308
0.20424792,0.7887198
0.20037489,0.7767679
0.8318865,0.49576133
0.14830142,0.5059339
0.21258573,0.73548424
0.20489362,0.736468
0.75328684,0.29704705
0.8084841,0.3460297
0.12638402,0.40063104
0.782863,0.17391041
0.786059,0.2744531
0.11107872,0.55141526
0.77629375,0.2640773
0.1271848,0.48346737
0.7769351,0.2036308
0.17703876,0.46219584
0.12490263,0.58760107
0.8665426,0.48017246
0.16631447,0.679786
0.23988888,0.8157449
0.15147758,0.6112104
0.8480548,0.43617338
0.18019629,0.7128044
0.1863733,0.57171875
0.16912256,0.6544469
0.14783064,0.5762314
0.050867334,0.389794
0.8282645,0.27448463
0.16169181,0.50702417
0.103562705,0.4151108
0.84021115,0.3963904
0.23193778,0.8043866
0.24234001,0.6893922
0.07285851,0.35356262
0.18145755,0.5094491
0.85200596,0.39653802
0.2061644,0.86801416
0.8455271,0.42378744
0.15617162,0.45338342
0.07902799,0.42922392
0.117607936,0.40690592
0.20607357,0.7213829
0.74937016,0.15066992
0.85173863,0.56478375
0.14779533,0.5620605
0.8172737,0.38492915
0.12214808,0.70311767
0.07242619,0.31570745
0.83187294,0.31530225
0.79097396,0.21532114
0.15019093,0.5610788
0.12381826,0.5490477
0.89812493,0.47025356
0.21983957,0.86321414
0.15276858,0.53526443
0.16852207,0.6039241
0.14931598,0.4914975
0.808561,0.31475207
0.22553112,0.8029568
0.1674972,0.5465675
0.16749005,0.5739637
0.23745124,0.81078196
0.85628116,0.506661
0.17806363,0.6502067
0.21560958,0.66990477
0.11659615,0.4144542
0.81723917,0.39061576
0.8614492,0.33931547
0.12366913,0.27284023
0.8402203,0.37527657
0.7972081,0.404332
0.20363355,0.8125148
0.7554119,0.22486378
0.82398134,0.5236643
0.8336169,0.33017406
0.8654245,0.46895915
0.8892616,0.5939426
0.21560046,0.67661375
0.13517478,0.5374239
0.88863057,0.58476657
0.13643841,0.4287088
0.80733746,0.2562382
0.25013167,0.655552
0.17915158,0.67597073
0.21103255,0.6851336
0.10251443,0.5047941
0.18685836,0.50457025
0.15999348,0.66627693
0.8594748,0.40359086
0.7798396,0.22499388
0.85020804,0.44814625
0.15156801,0.58176774
0.806996,0.10166143
0.10460384,0.5084066
0.7958001,0.39161274
0.2171576,0.78465825
0.11924559,0.5658762
0.7547789,0.19202632
0.79809016,0.31741315
0.2278823,0.73429143
0.14933264,0.61261696
0.853414,0.46174335
0.12578234,0.6620385
0.8372706,0.4806118
0.8560539,0.31742018
0.15426743,0.39685383
0.15623626,0.55308026
0.86883867,0.3183589
0.21563695,0.7143857
0.14096706,0.58438987
0.79599005,0.17424245
0.8952363,0.5407381
0.768065,0.22874172
0.7717925,0.21043265
0.16277263,0.6452227
0.17996426,0.6712675
0.18093796,0.6767513
0.7878767,0.49332497
0.8373008,0.51807755
0.85589564,0.47220764
0.84146214,0.53735995
0.13419035,0.42673805
0.16079426,0.52423114
0.8462819,0.2917179
0.16898255,0.73471326
0.86293334,0.3574537
0.16168033,0.6898451
0.14674784,0.50216454
0.8505956,0.43891156
0.23353696,0.84311694
0.83750266,0.45999297
0.88729274,0.58273584
0.8759148,0.5518174
0.118306786,0.46098423
0.21132328,0.73738
0.8596247,0.32612047
0.84669995,0.32187063
0.753338,0.33299065
0.14421144,0.5234965
0.20751768,0.6824353
0.8382602,0.4324286
0.16687053,0.6812381
0.16831385,0.56031096
0.24307297,0.8032179
0.22242557,0.67230564
0.7658368,0.20420726
0.13459294,0.52024937
0.15624896,0.55047655
0.83997834,0.45615926
0.8466825,0.4875788
0.23240103,0.83557177
0.12670845,0.51872104
0.81956017,0.4627307
0.23301817,0.8089387
0.21080886,0.6234356
0.850243,0.3776928
0.14114158,0.5075025
0.83226085,0.47892976
0.83656144,0.5175686
0.10651755,0.55457836
0.8240805,0.3524395
0.7801652,0.22773293
0.8087641,0.26603314
0.17941256,0.7398523
0.87446314,0.523101
0.16111116,0.6517096
0.1715142,0.6995941
0.8016233,0.08363839
0.20752998,0.7429414
0.166462,0.7892945
0.8045781,0.3135326
0.7433137,0.2816036
0.13077067,0.42111978
0.22107427,0.87231565
0.893131,0.64562
0.8334912,0.41984993
0.2152915,0.66303813
0.79863036,0.25208473
0.1863955,0.8128175
0.9596142,0.7491177
0.8017181,0.46043757
0.8331136,0.386284
0.8294143,0.35729426
0.8167985,0.34881824
0.8172483,0.48966387
0.7739311,0.14264463
0.23665759,0.80452675
0.84123725,0.5150521
0.75014716,0.27014017
0.24219207,0.7332104
0.81800425,0.13278836
0.19130133,0.76633954
0.16022749,0.6800445
0.86661917,0.5118408
0.8403952,0.36476806
0.19813873,0.8352419
0.8060512,0.22022277
0.85920113,0.46514386
0.83884877,0.42753395
0.7463503,0.18669716
0.82419276,0.3015111
0.17672503,0.65551615
0.85328585,0.29264346
0.17184697,0.56785524
0.84656787,0.352496
0.8299993,0.3866213
0.810817,0.33701795
0.11809776,0.48499176
0.81269145,0.28568
0.15071487,0.6124019
0.14165957,0.7464816
0.8198307,0.4600591
0.7523024,0.23602672
0.73135275,0.2774313
0.12349065,0.52642745
0.77630407,0.18556702
0.18774481,0.74743384
0.82973474,0.4430256
0.85251284,0.3645245
0.1762483,0.59055257
0.16988328,0.59352946
0.23832063,0.7954016
0.13196014,0.54951286
0.8069765,0.35533187
0.21880597,0.8138758
0.17812829,0.5203698
0.14622113,0.50813633
0.75561816,0.27554905
0.77317035,0.2608573
0.14985499,0.6490967
0.21675305,0.7275785
0.22280155,0.84458745
0.16318154,0.76558745
0.22422266,0.7237965
0.17732196,0.67889595
0.86496204,0.56549776
0.14132918,0.5890072
0.094787024,0.44806784
0.19258957,0.7398637
0.86763847,0.4017213
0.25817043,0.804988
0.8264242,0.3226731
0.20591255,0.8808806
0.15876316,0.5172891
0.13177334,0.34624696
0.86740845,0.46738616
0.25791463,0.7663391
0.24876413,0.7549409
0.22769153,0.7660163
0.14799245,0.4444339
0.8547093,0.4498454
0.8021405,0.32622123
0.857402,0.4162037
0.82824385,0.39836463
0.14706276,0.55696213
0.8528024,0.3669889
0.83141965,0.2778777
0.8176917,0.35650754
0.1700558,0.7061804
0.18709038,0.6550102
0.19806693,0.6593652
0.111979455,0.4312481
0.12486217,0.48926085
0.818199,0.36088747
0.1496317,0.57961303
0.13674104,0.5859852
0.8203336,0.41472137
0.80824214,0.32461098
0.84194124,0.5591396
0.12831597,0.5900423
0.24136472,0.6432616
0.11227613,0.5073466
0.77637786,0.29075992
0.8755273,0.49161705
0.11372935,0.45590565
0.83149064,0.33448216
0.2040155,0.6880632
0.8145437,0.33379355
0.77934456,0.13411386
0.88979185,0.38099426
0.8480326,0.41599256
0.80456585,0.36422357
0.15267816,0.61707485
0.25013882,0.71237904
0.842301,0.31072038
0.8336792,0.30212873
0.23329622,0.764184
0.22560687,0.8074012
0.87499624,0.33837017
0.18056594,0.61641866
0.22432181,0.75943696
0.23278536,0.7125889
0.23565057,0.8422225
0.21593204,0.7375053
0.82096267,0.49982193
0.85550654,0.5035448
0.8109281,0.1747729
0.8091159,0.25468317
0.91519636,0.5456599
0.81423396,0.3227984
0.85623914,0.35593548
0.8336284,0.42315271
0.19578199,0.7396333
0.16397399,0.56132674
0.7710698,0.32847315
0.098708436,0.30175203
0.8924437,0.37536418
0.9357831,0.45495597
0.2158654,0.61679715
0.22596939,0.73882204
0.19196132,0.6651696
0.85166883,0.56942123
0.84185797,0.4660808
0.83811504,0.36482412
0.15962899,0.56732696
0.14697194,0.57084614
0.28095725,0.801952
0.857118,0.46111566
0.12652878,0.5646199
0.14022061,0.6091648
0.77344006,0.21902475
0.23069397,0.8026511
0.1853619,0.7531117
0.87698174,0.4511735
0.7249758,0.15988359
0.84921056,0.32878986
0.17324308,0.6193728
0.25358072,0.8071112
0.80935585,0.23731762
0.12966211,0.50437886
0.19044583,0.74417967
0.2038612,0.659582
0.83562857,0.39819774
0.9355158,0.5543436
0.774478,0.22965722
0.847308,0.22699177
0.83959085,0.22723049
0.7941807,0.27558455
0.76697904,0.18170485
0.14444862,0.57263905
0.11705107,0.3902833
0.19277877,0.76571405
0.2277871,0.7067236
0.20385803,0.7906265
0.2061989,0.7692867
0.19058701,0.6745261
0.12655616,0.4335539
0.20969632,0.8307398
0.86334103,0.48282874
0.8216135,0.31309718
0.8945216,0.45293707
0.8190129,0.37937614
0.80044574,0.24033745
0.91699904,0.59035283
0.20186777,0.6951033
0.16638744,0.6578588
0.16872871,0.7763767
0.8416398,0.33262312
0.7744014,0.25843847
0.8693749,0.4827525
0.15769148,0.53218675
0.8301873,0.2909369
0.75261694,0.24006762
0.81940633,0.35242417
0.7746636,0.19944668
0.17127463,0.5199629
0.19325392,0.6982274
0.13395317,0.5837928
0.8237319,0.34195158
0.15094452,0.68996555
0.81954473,0.37231192
0.8357789,0.31849205
0.15514833,0.5847722
0.044707775,0.37296197
0.115388036,0.39762655
0.79923403,0.33713317
0.7624453,0.22986792
0.94479007,0.59144354
0.8494263,0.25958654
0.8586058,0.42101204
0.7671095,0.17867231
0.930794,0.55668706
0.12642209,0.5499216
0.83293986,0.37014583
0.2156659,0.6428297
0.15263136,0.5002
0.16209757,0.5853172
0.20654595,0.75386864
0.80533373,0.30041206
0.15958655,0.6065567
0.15279675,0.54535985
0.22410883,0.6806595
0.20233777,0.73374784
0.092364445,0.26122305
0.14472865,0.6722509
0.22212055,0.8217635
0.90152,0.37850052
0.8109023,0.2486917
0.86012447,0.41187063
0.17975365,0.73841816
0.18015702,0.54155374
0.16572706,0.50679725
0.17476611,0.6887014
0.73298764,0.2773415
0.19537069,0.6685149
0.75987154,0.18808705
0.7949204,0.28114587
0.86646485,0.43171766
0.86194575,0.45719698
0.18171734,0.6334031
0.18001343,0.5813845
0.80732435,0.28564847
0.18103038,0.82484204
0.80525005,0.24989893
0.18093479,0.5850797
0.789393,0.28593054
0.8478283,0.36243594
0.8120299,0.43375978
0.8434702,0.4548929
0.12203861,0.6004198
0.76688504,0.2787231
0.732827,0.11570534
0.80831116,0.35216352
0.86098593,0.43522283
0.22032663,0.8305606
0.8845782,0.63799727
0.8208929,0.55030835
0.21278602,0.8285847
0.16810086,0.60996467
0.11935506,0.6761775
0.83935964,0.39275336
0.14051531,0.7312344
0.11465309,0.49034852
0.2286938,0.76571053
0.1430061,0.59403235
0.15922561,0.7337995
0.14840652,0.54875904
0.837298,0.4752187
0.1984834,0.80885106
0.15792508,0.6705811
0.15675585,0.46038458
0.91874456,0.6942119
0.87371516,0.56394136
0.087658904,0.42779854
0.8217765,0.3008041
0.8410877,0.39202973
0.14077152,0.6212783
0.1570081,0.6305384
0.13499708,0.5071779
0.84721833,0.3185157
0.7946253,0.21036562
0.8723016,0.5607871
0.1595433,0.75306135
0.7826298,0.4076383
0.89698184,0.59973645
0.7627673,0.117191166
0.78728974,0.3501814
0.7855918,0.33486983
0.76872855,0.23084562
0.15589795,0.5122017
0.2198138,0.7741243
0.79814136,0.36234745
0.2829574,0.6884224
0.082444504,0.34225208
0.20498762,0.6969387
0.14100038,0.5402633
0.86343944,0.34718657
0.79921186,0.21814473
0.19617267,0.7204407
0.20701516,0.8218196
0.15812221,0.6147077
0.21176432,0.70730877
0.86628956,0.31040064
0.15042375,0.544196
0.8535738,0.5039106
0.8096454,0.2690762
0.8645595,0.630661
0.21633857,0.7780588
0.8453693,0.49937427
0.13710237,0.5600503
0.8738528,0.538989
0.7818302,0.29284102
0.85214555,0.38679343
0.83237904,0.40620857
0.84250206,0.3593193
0.8496143,0.373895
0.88037246,0.45535326
0.15952943,0.5509983
0.20869644,0.755782
0.757142,0.19142753
0.22319342,0.6969124
0.8037643,0.3634684
0.8102098,0.34969038
0.18414268,0.6139963
0.8058953,0.3198872
0.8600685,0.37427565
0.23029973,0.6559699
0.80622095,0.15739116
0.7370784,0.3082547
0.8369628,0.2976082
0.15371017,0.76642233
0.79832697,0.26167074
0.8655003,0.47505137
0.17865619,0.75915927
0.24567522,0.8372552
0.16012,0.52590835
0.78005093,0.25331387
0.15181987,0.54049236
0.2018313,0.6438442
0.12097328,0.38784474
0.7290158,0.22013561
0.15170406,0.5433817
0.2322166,0.8017426
0.78565407,0.31073266
0.90537363,0.68387556
0.8042731,0.396584
0.16951442,0.5924353
0.051732372,0.2982648
0.12624678,0.51985335
0.1455326,0.4470564
0.13715908,0.529428
0.13229568,0.51939344
0.76748633,0.18994214
0.16885445,0.62861407
0.78181434,0.35589823
0.81261015,0.30444682
0.7794826,0.23080006
0.22491874,0.8087179
0.18201004,0.51944774
0.818011,0.29308107
0.83210063,0.47295755
0.85250014,0.41888973
0.8261128,0.25506383
0.19159642,0.7511353
0.8495838,0.38289884
0.11911153,0.60162354
0.13841082,0.58494
0.9240486,0.44893909
0.8750541,0.46508121
0.8672589,0.36421743
0.1968616,0.80318683
0.14731859,0.713691
0.77647144,0.18579568
0.8306141,0.46049452
0.7505787,0.34363362
0.875795,0.40689978
0.15988083,0.5455057
0.15651707,0.5236801
0.21116939,0.6818352
0.89574796,0.55459803
0.878903,0.4218154
0.19200653,0.80654526
0.8593494,0.24055296
0.8077666,0.32660317
0.86986077,0.45214728
0.17935583,0.6768039
0.811172,0.35311362
0.83454067,0.35694647
0.7507068,0.36358404
0.7870006,0.24865007
0.8665517,0.41087192
0.80795026,0.2190138
0.22627202,0.7355447
0.22236131,0.83904237
0.8296011,0.25877836
0.80418587,0.43589696
0.8209845,0.17207591
0.11349138,0.6027344
0.80935746,0.37929556
0.7522881,0.18717068
0.8351598,0.48860908
0.90676296,0.6505584
0.8003303,0.37202895
0.22589006,0.6543483
0.9281176,0.47676498
0.73815763,0.32548004
0.20372993,0.7542944
0.17618285,0.5982489
0.12945428,0.53969514
0.8014579,0.19239165
0.12527823,0.5073439
0.21653491,0.5229573
0.8350531,0.5397832
0.84107107,0.5410763
0.20868692,0.711301
0.14529581,0.56372106
0.19161665,0.5424215
0.20933937,0.7219515
0.14427054,0.63920844
0.14562738,0.5538275
0.11362465,0.70746386
0.14392309,0.4536607
0.82599896,0.32727295
0.77511895,0.23142427
0.7674518,0.256653
0.941101,0.66576093
0.780047,0.24202739
0.15758954,0.6843302
0.80907106,0.22750689
0.18989253,0.5882218
0.18952963,0.741781
0.19377309,0.7146126
0.16313235,0.56633
0.22896191,0.89759785
0.12208581,0.50567585
0.21255638,0.7667189
0.81211793,0.3180019
0.7272723,0.25759262
0.20963089,0.72785753
0.1567729,0.7480471
0.10973377,0.4276102
0.20472625,0.7439344
0.8442916,0.41679636
0.7915677,0.18259318
0.92444605,0.61439586
0.8351078,0.42237607
0.83323777,0.3960277
0.14913234,0.6650855
0.8034021,0.24562763
0.78214115,0.283446
0.801897,0.16741608
0.8173752,0.4496404
0.824913,0.27747643
0.82812685,0.38141784
0.86375475,0.3594253
0.7683974,0.32795322
0.20544095,0.7207644
0.14126214,0.44606426
0.86786413,0.5589289
0.75960267,0.26121473
0.7351084,0.4145615
0.20545167,0.8949219
0.8551841,0.39707944
0.79672617,0.25718787
0.13396865,0.7032048
0.1282553,0.6531573
0.8015388,0.22400217
0.2194378,0.8243926
0.8704549,0.35992292
0.22107427,0.7574579
0.14392865,0.4761894
0.1600744,0.7203198
0.8554046,0.45159668
0.83275306,0.33623737
0.1512055,0.6907492
0.76222193,0.28336585
0.21388626,0.72847515
0.14390683,0.4197623
0.72803617,0.13000068
0.19377507,0.75568515
0.18200329,0.52593595
0.21679074,0.7223282
0.7609127,0.13756646
0.1827319,0.7016559
0.244316,0.94569916
0.12573276,0.477203
0.8215056,0.47659853
0.9082333,0.5083124
0.7685766,0.27440712
0.8469201,0.3974465
0.837459,0.31794712
0.85987574,0.35423064
0.15293081,0.6610004
0.15535577,0.6766628
0.8093975,0.33263013
0.16576396,0.63946384
0.8261505,0.32915783
0.17599684,0.6902941
0.078584164,0.57373196
0.7856624,0.25832546
0.17576283,0.5931563
0.84717274,0.35474005
0.81637174,0.25962904
0.8471303,0.2935673
0.15116306,0.5236082
0.77997243,0.22527291
0.8028322,0.32439855
0.12294093,0.4259014
0.8808433,0.558052
0.124474674,0.40599173
0.8626886,0.40070462
0.16066258,0.5671325
0.8471259,0.35769024
0.12089554,0.6292234
0.07633729,0.2618902
0.1646312,0.42640164
0.8380928,0.32602277
0.8401953,0.4760339
0.805908,0.26557013
0.7731188,0.20289928
0.9149132,0.6460103
0.20928107,0.67309237
0.1806167,0.5896077
0.12761156,0.21373019
0.20577294,0.71157086
0.82746845,0.50186056
0.1963682,0.6404678
0.18637012,0.7852374
0.9112627,0.4280307
0.1773037,0.74071175
0.8658112,0.36370844
0.77795875,0.23633248
0.78354996,0.19439478
0.19402416,0.81680846
0.1899913,0.54910725
0.8908033,0.5247296
0.17234671,0.6129354
0.84150535,0.55352706
0.7947244,0.21554103
0.8195749,0.26874328
0.8231853,0.29568303
0.8748578,0.51310587
0.86476374,0.39119002
0.12296354,0.6402137
0.16109054,0.6087583
0.8442254,0.30882895
0.8113485,0.42013463
0.79584134,0.31620374
0.8392347,0.34266776
0.8252343,0.29718372
0.83184797,0.3172467
0.049922977,0.33800092
0.8185631,0.33309314
0.1884274,0.66470486
0.10574374,0.48154572
0.1603683,0.6926915
0.075825654,0.27771297
0.73924,0.10772649
0.8231397,0.34515494
0.77083063,0.27252355
0.8234713,0.2875754
0.85325575,0.38733968
0.8476566,0.31222287
0.7586198,0.30302015
0.8458,0.3789425
0.79293805,0.21289617
0.1453668,0.5842142
0.25983348,0.8403849
0.06228057,0.35534674
0.14975068,0.5835519
0.1898136,0.7407582
0.79521626,0.20490111
0.8323628,0.45156074
0.21865486,0.8675542
0.1401869,0.7211306
0.81696784,0.34292752
0.8205319,0.3223091
0.17110726,0.42218947
0.164772,0.6060363
0.8284275,0.3217896
0.7707414,0.19475485
0.85276073,0.48192504
0.8662634,0.45524728
0.15291256,0.5337365
0.12546267,0.51086134
0.12607068,0.47001174
0.08500352,0.46554464
0.8254592,0.37292868
0.17063805,0.43049905
0.1404681,0.49891344
0.90640247,0.51480454
0.84222645,0.32358906
0.8410691,0.46893638
0.7821967,0.30708644
0.13444498,0.55442154
0.23417315,0.775484
0.16816352,0.66758496
0.22211857,0.76276517
0.8701804,0.2319118
0.83842915,0.34495214
0.8366677,0.48890078
0.8314565,0.35293403
0.15335281,0.6106905
0.83974075,0.47798577
0.14505427,0.669967
0.844511,0.49412528
0.16292334,0.51196873
0.17388125,0.61751026
0.22226374,0.8708837
0.80616385,0.29405484
0.15023774,0.6456191
0.1353965,0.4866173
0.88209224,0.48316208
0.19890104,0.6941431
0.88743156,0.61823916
0.19857302,0.7189242
0.83314455,0.33614102
0.87614405,0.54277366
0.77851087,0.25527582
0.835882,0.4262952
0.87102765,0.42109656
0.8510846,0.39354098
0.77401,0.22639473
0.25758305,0.8293836
0.7647135,0.28968978
0.864991,0.5650019
0.89182097,0.56078446
0.14554648,0.44437605
0.8647126,0.47858328
0.8260291,0.261775
0.20444147,0.71597797
0.88718766,0.32200992
0.15065499,0.6770816
0.20630084,0.7278957
0.875845,0.47344157
0.8165621,0.26143944
0.86575925,0.38903925
0.856911,0.3336385
0.8535496,0.44770032
0.23123853,0.8275316
0.8566151,0.40694752
0.11591435,0.5390867
0.84564173,0.37906778
0.13816096,0.56570536
0.8022337,0.24885201
0.7659792,0.33374056
0.1517925,0.58320147
0.19653201,0.6991885
0.82175905,0.2066112
0.8871468,0.37574744
0.14183964,0.61954147
0.83980584,0.39965028
0.11102994,0.42351148
0.8382273,0.43365642
0.13204145,0.64975595
0.8045857,0.28443596
0.87415695,0.54268914
0.9245646,0.6324903
0.94690406,0.66363823
0.8470783,0.3003332
0.17360917,0.554008
0.1579949,0.63536423
0.80057937,0.23704822
0.7977939,0.45209602
0.84031826,0.42827207
0.13851236,0.6810844
0.13047004,0.5360866
0.9717533,0.6715343
0.76359665,0.21876104
0.2273663,0.7802069
0.16081686,0.78158236
0.81680524,0.45385343
0.24391262,0.8073302
0.78587896,0.25527978
0.8579557,0.33676958
0.7930328,0.24391884
0.23566762,0.6962124
0.828817,0.3216306
0.84416074,0.34072068
0.23996384,0.69546163
0.12750685,0.59172565
0.8678114,0.33812532
0.8636893,0.36691225
0.7509975,0.1395613
0.20355105,0.7603183
0.14918827,0.51238745
0.8602668,0.44523332
0.77861875,0.101917244
0.17325617,0.6495273
0.77829117,0.34815067
0.75133187,0.17436597
0.8331096,0.3323984
0.9194418,0.5977732
0.17189693,0.70652467
0.7289044,0.21393782
0.118932255,0.42465213
0.80189776,0.39274636
0.123215,0.6101184
0.7457149,0.26384252
0.8322629,0.4289843
0.8384466,0.34459686
0.18836315,0.73152
0.8334412,0.37894863
0.15324256,0.5879752
0.79069513,0.41392854
0.14902803,0.47825694
0.87829494,0.46624857
0.87096655,0.4651421
0.8289209,0.28361246
0.1271019,0.45177275
0.19263043,0.69507354
0.14121099,0.4562267
0.74645734,0.26753694
0.75912434,0.24572355
0.8080018,0.41755286
0.8381091,0.48848423
0.8108214,0.41415063
0.23672383,0.69287413
0.16327475,0.5259749
0.22781606,0.89091384
0.8503663,0.38496375
0.116307005,0.578687
0.07412929,0.32058498
0.781996,0.23851828
0.8434508,0.45186123
0.18361557,0.6895525
0.103041545,0.3052068
0.8036314,0.17993693
0.86938876,0.42180926
0.15298831,0.5427084
0.12512553,0.50861335
0.8522991,0.39274287
0.12904496,0.4802478
0.77061844,0.32703772
0.87392735,0.5973387
0.8531899,0.48585862
0.83587927,0.30886355
0.1766481,0.5818181
0.8342575,0.3332022
0.14703381,0.51876706
0.8121485,0.33704293
0.15036465,0.4508704
0.21074183,0.7982742
0.8622936,0.35447288
0.1879935,0.7750057
0.8554205,0.294294
0.7705304,0.24005754
0.9067265,0.63199526
0.18454644,0.71341544
0.79147094,0.43563282
0.8489317,0.3323498
0.161083,0.56885487
0.94626945,0.72316134
0.8459971,0.4092078
0.8224976,0.3465352
0.7678659,0.15959404
0.17002568,0.5407149
0.20403731,0.72242457
0.14977011,0.46176264
0.8380635,0.44710153
0.17003281,0.6592815
0.84157276,0.25405458
0.8334936,0.3133451
0.21012507,0.7954042
0.85051507,0.3143596
0.11740248,0.4387074
0.16357578,0.63500637
0.8377898,0.48094693
0.8228351,0.31076112
0.83069736,0.44475147
0.90605384,0.358961
0.23254342,0.777718
0.2251103,0.8052197
0.15564093,0.54429543
0.15127729,0.60803205
0.76077425,0.20390764
0.14958727,0.56312096
0.8457469,0.4509624
0.2159709,0.80580056
0.13240476,0.6088599
0.8192865,0.4814178
0.15029247,0.65617055
0.10771813,0.3759113
0.1791143,0.6951668
0.1945834,0.60403365
0.19631942,0.621577
0.13627183,0.5157205
0.14258449,0.5937047
0.16969568,0.42372742
0.18770595,0.6184306
0.1232384,0.55121773
0.79561883,0.21894546
0.14853622,0.4162948
0.22175328,0.83393484
0.21929699,0.76829803
0.76894355,0.17638269
0.13912475,0.50631016
0.074567564,0.27087566
0.16859029,0.6065453
0.13882372,0.61021435
0.1611651,0.5499658
0.86329585,0.36752987
0.9015946,0.3296528
0.8776933,0.30968574
0.86492395,0.5117931
0.14473855,0.58008397
0.0846886,0.3200957
0.8241674,0.35087964
0.21658726,0.6944944
0.89196336,0.3794414
0.20257495,0.47799367
0.86831033,0.4950714
0.7790618,0.20129913
0.7763604,0.24729216
0.8254655,0.38706416
0.1442515,0.6188235
0.22303002,0.85251594
0.13035382,0.5515261
0.2353983,0.7103794
0.8865054,0.61138475
0.20559722,0.7542716
0.19594857,0.8028999
0.18765518,0.7551521
0.8631197,0.34772316
0.8203197,0.30359966
0.8098457,0.3542083
0.13577883,0.4116792
0.81660855,0.29999417
0.10822263,0.23586246
0.1818744,0.60812664
0.19528304,0.7346629
0.2616631,0.7854932
0.21221092,0.69343877
0.17120522,0.5815969
0.8191961,0.267844
0.13279463,0.5764031
0.12817438,0.5204636
0.7964382,0.29815793
0.12016576,0.46682504
0.8388365,0.26059318
0.08123678,0.43990502
0.1479044,0.56789994
0.8435091,0.32764834
0.16590832,0.6351903
0.23310821,0.8995668
0.1782092,0.53335196
0.15661584,0.5707568
0.14487539,0.6143586
0.12403997,0.40095562
0.14912283,0.5443756
0.12861066,0.76691645
0.22509761,0.71793383
0.19237064,0.503222
0.11922655,0.52777135
0.14965074,0.525328
0.8948944,0.77113783
0.7908486,0.2966918
0.13250986,0.56057334
0.13165951,0.49825552
0.14141843,0.5773436
0.16563901,0.64745754
0.7951992,0.18131763
0.7876415,0.2948617
0.20456958,0.56321734
0.7499175,0.27762842
0.8660805,0.54314905
0.8734633,0.4881763
0.10335012,0.4274709
0.082014166,0.3345645
0.13164641,0.589751
0.13265781,0.6822706
0.1473178,0.6208166
0.8558877,0.40876496
0.8640891,0.4346236
0.8723297,0.39905718
0.87087053,0.3658408
0.20569043,0.6478903
0.7744994,0.25304142
0.17189655,0.56246215
0.13374613,0.759776
0.8319019,0.4154266
0.21520464,0.8169968
0.16050313,0.63486314
0.8549473,0.29270172
0.8592947,0.49998882
0.873938,0.34404713
0.830647,0.3683017
0.132423,0.5983952
0.103748724,0.38102844
0.12092569,0.4955318
0.11974771,0.57460105
0.8799417,0.40523612
0.8566032,0.5174109
0.772103,0.16820455
0.14474648,0.5467813
0.17446627,0.62874943
0.21633461,0.8507485
0.8959435,0.4800875
0.8433326,0.49384886
0.13081747,0.38702998
0.17247443,0.67976147
0.93299407,0.6549252
0.9583593,0.63842565
0.1648537,0.64928025
0.77432054,0.28813913
0.14240879,0.6269833
0.13491698,0.6625151
0.14145412,0.50503284
0.8257404,0.2645723
0.797872,0.3757203
0.8519623,0.48055574
0.8067465,0.2911848
0.7477016,0.16571079
0.8666624,0.40856212
0.756085,0.26017746
0.115083426,0.5734569
0.13136163,0.66012514
0.8811804,0.35665736
0.15611808,0.6462105
0.15835345,0.5889091
0.18113151,0.5658902
0.7999634,0.19710405
0.8626081,0.55876863
0.7682407,0.2732796
0.18610518,0.48420548
0.8536857,0.43054855
0.15801433,0.68952006
0.8259688,0.31117857
0.85455984,0.37143236
0.81779045,0.24715856
0.1993286,0.7310714
0.12453337,0.5189418
0.14491425,0.5833
0.16737266,0.68188596
0.82888716,0.3247472
0.24152099,0.8639947
0.86325383,0.5336104
0.7973445,0.1564726
0.17556809,0.64749044
0.91220665,0.30623797
0.20275265,0.5941559
0.81142944,0.33583832
0.15548824,0.4949676
0.19935398,0.8090648
0.18922144,0.63843924
0.12710786,0.5808571
0.7692152,0.21042213
0.23395778,0.76084876
0.13750573,0.6651854
0.123172164,0.5826587
0.11991866,0.2839318
0.80772775,0.2647808
0.15016991,0.5616864
0.15206023,0.6832649
0.16800685,0.58472973
0.8406681,0.4868959
0.12105657,0.62598807
0.13190898,0.6017059
0.16550654,0.6843092
0.82568485,0.48837864
0.83428603,0.25359422
0.89596295,0.5162146
0.84976304,0.5032693
0.92430484,0.64488846
0.14971855,0.6529195
0.16169856,0.5481173
0.18001145,0.6646965
0.8006282,0.36645493
0.22941168,0.705964
0.7678084,0.24138962
0.19080834,0.71014816
0.18217781,0.66727567
0.87659425,0.49145147
0.8195963,0.28202546
0.8787142,0.48686612
0.16426155,0.744987
0.8752957,0.50002915
0.80285203,0.125216
0.17131351,0.6140787
0.21191622,0.7606871
0.1397407,0.60106593
0.7706105,0.19362122
0.22714458,0.7852023
0.8471989,0.41778412
0.8713981,0.4665473
0.8066977,0.18665248
0.15616725,0.5938024
0.1431945,0.57372934
0.8121675,0.32574594
0.11972074,0.51936543
0.847421,0.2408574
0.75578755,0.24952616
0.11474392,0.5124917
0.82533664,0.39170647
0.14046891,0.5977473
0.78862673,0.36340883
0.18569268,0.7543785
0.081067026,0.49990603
0.1286761,0.32573673
0.83621716,0.41868475
0.12136951,0.59669214
0.13566698,0.5300833
0.11101883,0.590592
0.84977895,0.40274456
0.8342983,0.319581
0.8003216,0.32061258
0.82665616,0.26220164
0.77432215,0.28554857
0.8921458,0.48899147
0.11263824,0.4760146
0.14360064,0.5913095
0.82057077,0.28843042
0.75221395,0.35783175
0.8493355,0.39867607
0.21047609,0.7712815
0.7934533,0.23154867
0.82642376,0.17364803
0.75980014,0.18110473
0.8109582,0.44317803
0.20598513,0.7605097
0.85366106,0.44315875
0.8309409,0.42342648
0.23640415,0.6577361
0.15800323,0.5946145
0.13999613,0.55675364
0.15578452,0.6708895
0.86428183,0.25024277
0.15979318,0.64063954
0.8752481,0.3450292
0.13653004,0.44163877
0.8523955,0.44837973
0.7505351,0.2150189
0.81675804,0.25518078
0.13967963,0.47867483
0.12447031,0.48161843
0.8558453,0.53642434
0.8273122,0.49980703
0.8309171,0.3477008
0.86753535,0.42068788
0.19349506,0.77105284
0.17189655,0.7282001
0.14261702,0.3960172
0.85325694,0.45078936
0.121177144,0.3920271
0.18584023,0.6745918
0.1750961,0.58460665
0.79846776,0.21117687
0.13476427,0.5045904
0.21116503,0.69523996
0.8341036,0.24567318
0.21411908,0.6809258
0.16686815,0.42218333
0.8460233,0.25897023
0.85137254,0.41936412
0.13551389,0.48867476
0.82180905,0.2683565
0.16497388,0.46110603
0.22076212,0.6558911
0.8670011,0.39761472
0.7947312,0.29046074
0.7643356,0.22914296
0.16474105,0.6522493
0.84761375,0.47430584
0.7660918,0.28661212
0.12944634,0.58149266
0.1514411,0.48186415
0.7189995,0.2650156
0.23016883,0.73798275
0.119948804,0.61207426
0.14823955,0.6783011
0.83341384,0.30758667
0.8286258,0.52387065
0.1928434,0.7881503
0.85199964,0.4796639
0.14196497,0.657578
0.13244323,0.6173618
0.8582405,0.5454698
0.19470833,0.68217593
0.18165427,0.47237846
0.7996604,0.36118272
0.20826413,0.81090546
0.77638817,0.19592266
0.87085783,0.49896953
0.8613492,0.45824432
0.118637964,0.5721204
0.15709376,0.6418853
0.21633105,0.6455219
0.17952837,0.7112117
0.13129143,0.33849546
0.86155427,0.557207
0.12238962,0.452729
0.19614689,0.78260607
0.22494213,0.7589696
0.17679723,0.68886393
0.7593159,0.23330739
0.15067323,0.53571296
0.86046594,0.43419212
0.14747882,0.5466569
0.16429883,0.74335396
0.8440473,0.50935274
0.23044568,0.7029582
0.7685929,0.2790573
0.2389243,0.7781429
0.1456373,0.52124417
0.860291,0.4583661
0.2124846,0.7022113
0.22287454,0.80888873
0.14257854,0.59649324
0.1484918,0.5884211
0.16247277,0.7230873
0.754067,0.3556928
0.8498757,0.40310857
0.7356347,0.2055954
0.16739646,0.5967263
0.8181748,0.27161285
0.8084639,0.41380718
0.14198044,0.518043
0.7817239,0.23879074
0.9159611,0.5505011
0.12480546,0.42597237
0.8006266,0.25479224
0.119485945,0.45255333
0.82853025,0.27452144
0.15481517,0.7930029
0.2062104,0.7244172
0.84610224,0.45473346
0.19050927,0.7439484
0.14829428,0.48783112
0.7719095,0.19210649
0.802574,0.24204579
0.17757499,0.7480147
0.16317004,0.6917252
0.18780035,0.60126305
0.1699741,0.671455
0.16981705,0.62166417
0.8634303,0.3832379
0.8795415,0.39464
0.8680307,0.37866127
0.1699408,0.5467191
0.7955177,0.22863923
0.13124701,0.48496196
0.11560776,0.70027083
0.213281,0.68885076
0.7648492,0.18549737
0.120067,0.56030434
0.15473029,0.6142644
0.8016138,0.33897072
0.14526011,0.6115188
0.13604021,0.7062811
0.1351597,0.54678607
0.19120575,0.65624064
0.74680597,0.22722393
0.79760987,0.16203085
0.11534401,0.45771343
0.15229304,0.5973982
0.18767303,0.7043082
0.14246392,0.49878597
0.21297006,0.86923057
0.8438276,0.40001822
0.085050315,0.32384005
0.8032709,0.27642602
0.9129277,0.40540257
0.8201591,0.22958364
0.17325498,0.7132424
0.83896774,0.45864645
0.1779022,0.68865013
0.7790654,0.1989206
0.2394054,0.75887364
0.7786766,0.21119745
0.7657547,0.21556382
0.14012939,0.58232933
0.20320122,0.6570659
0.14293313,0.66169244
0.8663181,0.3735542
0.8486763,0.3917183
0.18422121,0.485103
0.8356433,0.4047924
0.80558753,0.4581786
0.8417715,0.5362101
0.14235683,0.6290679
0.20284624,0.78732765
0.18197235,0.5157091
0.14730352,0.49670222
0.14573963,0.4267258
0.8451511,0.39711183
0.14486547,0.59101033
0.7960908,0.25275317
0.86463046,0.66657573
0.06537383,0.25041404
0.78782594,0.20683505
0.9228643,0.53900963
0.8636183,0.37694636
0.8638737,0.48991266
0.20744152,0.57585555
0.8603116,0.44021514
0.8603775,0.35887074
0.21627432,0.814072
0.76677,0.3305902
0.8463842,0.22842765
0.2139624,0.53769904
0.20136923,0.6434561
0.21674947,0.8046779
0.7583977,0.18358754
0.20183645,0.54270446
0.8842054,0.5475864
0.2043788,0.75416124
0.1405978,0.459618
0.0891863,0.3761636
0.14358477,0.4985306
0.15564372,0.5330904
0.123013906,0.6843723
0.92776024,0.5834967
0.8228748,0.38924208
0.1255043,0.5693761
0.8195737,0.57885176
0.86137974,0.46301147
0.14697035,0.50680685
0.75767344,0.35138777
0.18569745,0.6024072
0.86026365,0.33843938
0.85609037,0.38201883
0.8635148,0.5190807
0.78174853,0.23872021
0.8910115,0.5045081
0.8174593,0.4566617
0.8073656,0.21551213
0.90555286,0.57819116
0.16064474,0.52998126
0.822778,0.4472487
0.1191385,0.43890804
0.851062,0.417467
0.18333238,0.6336388
0.7421096,0.32828656
0.84166205,0.42572093
0.0815636,0.46000215
0.8252851,0.21099684
0.836709,0.33667934
0.19307186,0.7652681
0.20677282,0.612861
0.77019405,0.21389227
0.15204118,0.6741165
0.19677037,0.8142801
0.20461202,0.69898826
0.8498531,0.40553224
0.7767086,0.28103855
0.84530103,0.39921704
0.74829173,0.310108
0.84188575,0.29756483
0.8761373,0.57654417
0.15719451,0.68510294
0.15629815,0.60532933
0.14407183,0.4364279
0.7731426,0.18079197
0.83427215,0.41477
0.8472405,0.30282608
0.16539231,0.47920352
0.1740506,0.69975966
0.17316574,0.5379391
0.10792398,0.59698826
0.803117,0.23855026
0.87661844,0.48711756
0.17867166,0.605141
0.22439282,0.6856719
0.14223863,0.5424552
0.19441563,0.6816564
0.15525977,0.6524823
0.8031384,0.27511147
0.20671293,0.70901364
0.7856025,0.08238604
0.2125786,0.78007686
0.7848255,0.22466886
0.8563264,0.39820737
0.1968267,0.6872064
0.83818877,0.38957322
0.15324414,0.45165932
0.90081483,0.5714349
0.09989434,0.37880102
0.8851982,0.55330366
0.8102308,0.47880667
0.17616025,0.6261571
0.8771507,0.44957513
0.84317195,0.40425447
0.09805083,0.370424
0.8292509,0.46319064
0.18528219,0.5490556
0.7899717,0.25103563
0.79350007,0.21466716
0.18655336,0.69824404
0.85616297,0.38364702
0.19176896,0.68438846
0.8014432,0.27878308
0.19205135,0.7540868
0.824353,0.36180472
0.1285702,0.6212507
0.7461389,0.19563968
0.18456389,0.59241205
0.85314786,0.45229095
0.9009588,0.54604185
0.13960545,0.4535157
0.8492744,0.4693297
0.1686014,0.53551674
0.13934289,0.58515507
0.17888664,0.68715423
0.12470828,0.57615256
0.17037946,0.5567659
0.81566495,0.43836048
0.8066132,0.35299754
0.12554318,0.37398875
0.8757903,0.52224594
0.84320015,0.40443802
0.17010063,0.6761315
0.8353406,0.43368796
0.8340417,0.291908
0.09560605,0.32411382
0.82910454,0.48909047
0.17039533,0.5403053
0.13679974,0.34412423
0.7565391,0.10036353
0.17150508,0.5637355
0.19364499,0.74577457
0.8167077,0.2772272
0.22995347,0.72277063
0.7626566,0.28327298
0.76577014,0.17209432
0.15078428,0.6442533
0.8691298,0.40433332
0.7741647,0.3599076
0.21797743,0.8146213
0.20499952,0.6797913
0.13606203,0.6805819
0.86971,0.3054736
0.8470486,0.33195293
0.15703784,0.6170565
0.82123154,0.45808795
0.8629329,0.42473227
0.2344837,0.6781977
0.14358716,0.6124387
0.9414013,0.66829896
0.13367039,0.6044568
0.10704863,0.54056203
0.10722275,0.53224546
0.8258189,0.33883888
0.8916215,0.4183536
0.84478384,0.3267267
0.8264313,0.35378295
0.80611426,0.23905794
0.25917113,0.85841936
0.20122446,0.7672445
0.8048177,0.23884769
0.16198255,0.45525998
0.23983534,0.88667715
0.12489827,0.50271124
0.887169,0.43978673
0.23351395,0.775866
0.76182693,0.22194032
0.8296122,0.2965179
0.8334249,0.43068346
0.8235375,0.42666927
0.8437538,0.28209642
0.82355577,0.37054664
0.09001644,0.45913923
0.17426042,0.55201936
0.8263234,0.31815434
0.152086,0.6292269
0.19186138,0.79444623
0.1501136,0.60491055
0.14139263,0.6759786
0.19722292,0.6578894
0.13847151,0.6357589
0.7766083,0.19705543
0.12554239,0.4953715
0.15587613,0.51733464
0.17526586,0.55323577
0.21490915,0.8081003
0.13207239,0.5562464
0.78485644,0.23833255
0.12702972,0.60351586
0.21077237,0.8317043
0.8795364,0.45463663
0.7673114,0.20064513
0.19654073,0.8275929
0.13382468,0.4080067
0.16782442,0.64380085
0.772736,0.28700376
0.78330404,0.19510485
0.86225355,0.5404884
0.86479586,0.63297826
0.8540391,0.3896569
0.8217004,0.34064052
0.8524696,0.32701057
0.766985,0.32481423
0.1455207,0.52228624
0.13783611,0.50079435
0.7485785,0.23799308
0.77512926,0.29302064
0.7357787,0.19420686
0.849178,0.4471484
0.13811296,0.29651135
0.1960977,0.6986996
0.7603657,0.26102856
0.18690477,0.81094927
0.23883703,0.7155106
0.1291096,0.44278598
0.85524875,0.29675227
0.8302254,0.36671558
0.14926681,0.5017493
0.8500209,0.46430632
0.19578873,0.7816735
0.2187798,0.78791815
0.8357968,0.35288498
0.14659792,0.63951814
0.77192575,0.19369963
0.19614649,0.7274322
0.17918529,0.565432
0.82232785,0.35000357
0.18074639,0.6627928
0.77504796,0.169389
0.17391774,0.5961682
0.16787875,0.49180323
0.13816611,0.585679
0.10800132,0.42760274
0.11340571,0.35840863
0.16947713,0.5045124
0.20036933,0.68326753
0.77790684,0.114413135
0.106445365,0.41581166
0.81303656,0.2911997
0.16905196,0.702168
0.14973006,0.63279605
0.8454775,0.35951293
0.7866777,0.25672266
0.81142306,0.3191631
0.14161912,0.5190973
0.20846362,0.7803611
0.8504952,0.4753072
0.88038,0.43705735
0.88635,0.5050924
0.13374694,0.5088131
0.85244703,0.46041918
0.18404828,0.6376841
0.77990896,0.13140109
0.17737272,0.8182579
0.8152437,0.41212383
0.84335285,0.25113067
0.23456739,0.77192456
0.83960396,0.31354135
0.8086919,0.22348791
0.22255921,0.79849327
0.83747804,0.39348182
0.81749934,0.24559258
0.7531159,0.14535695
0.9196465,0.7414722
0.20695804,0.86399645
0.22918719,0.7205717
0.7700767,0.26453507
0.15857118,0.613108
0.7780397,0.37854037
0.8689878,0.36188227
0.85024613,0.2682737
0.74072295,0.18989177
0.120752364,0.2971053
0.8577463,0.44612032
0.12261887,0.63969773
0.78976107,0.30425978
0.15683675,0.6873062
0.17635418,0.59107167
0.22813693,0.76958454
0.85394824,0.48760727
0.8469458,0.37052867
0.82045615,0.3584669
0.82855403,0.3808313
0.7618682,0.24995631
0.823411,0.21423787
0.75578594,0.1860918
0.1981768,0.7944843
0.8137183,0.30238673
0.2056246,0.72408736
0.18633522,0.73194796
0.8179388,0.26439357
0.8439188,0.31540915
0.80439055,0.26601082
0.15072677,0.65362906
0.82404876,0.30977115
0.856888,0.4744863
0.78389347,0.24434373
0.85395694,0.59748715
0.8304602,0.5003765
0.8573191,0.3076743
0.77880794,0.34002858
0.83640915,0.21661729
0.8819122,0.3855538
0.84219784,0.37953472
0.7946443,0.26056337
0.23104498,0.7440382
0.15685856,0.5271493
0.8480088,0.36590037
0.8729921,0.455723
0.76577765,0.19658016
0.8148574,0.23714985
0.15088105,0.58086145
0.14674309,0.5719842
0.14586298,0.57012516
0.8120604,0.26311627
0.8682659,0.44851464
0.75930357,0.192329
0.832337,0.39164206
0.83415353,0.29535362
0.85065985,0.3092201
0.84188056,0.5168953
0.1325293,0.5510206
0.87032837,0.5512703
0.19889389,0.91496384
0.8482103,0.33597893
0.11199452,0.59660274
0.84123886,0.42852437
0.15021315,0.54858685
0.86828613,0.2691463
0.7390635,0.2094085
0.89186025,0.53714186
0.13801341,0.5887409
0.20980065,0.7377708
0.14066364,0.44159496
0.1749787,0.6870202
0.23258904,0.7882839
0.16228953,0.61576384
0.8340092,0.33618262
0.16848281,0.694243
0.2638604,0.8637853
0.19525845,0.6748445
0.17819849,0.595562
0.8753933,0.554927
0.16748133,0.56271315
0.7904306,0.23167746
0.8073327,0.29784736
0.14905421,0.5603017
0.8417719,0.43758166
0.20439744,0.77015007
0.83579713,0.334144
0.11547925,0.5603026
0.733765,0.3011817
0.78161126,0.44333047
0.1983291,0.68361884
0.8133352,0.34873152
0.20455767,0.6545411
0.23264733,0.73450387
0.8263813,0.41519842
0.22824442,0.81296164
0.19545953,0.6931593
0.7978252,0.27272722
0.7503241,0.14067303
0.14489561,0.5609439
0.83999026,0.31063104
0.925676,0.6726101
0.14132205,0.466539
0.8264773,0.29815704
0.15338773,0.5899297
0.19512637,0.81664723
0.785119,0.20215636
0.87900925,0.43648702
0.22277816,0.707127
0.7623449,0.19694942
0.77156323,0.14428946
0.8452578,0.38169336
0.88032526,0.48125267
0.16355237,0.6027852
0.22545497,0.8616573
0.16585399,0.576072
0.9020487,0.61226434
0.7643328,0.2320857
0.86843926,0.62406504
0.20877299,0.66123515
0.15050903,0.55083925
0.16298005,0.649427
0.8227221,0.4226849
0.19891016,0.7187499
0.17439567,0.5974105
0.85952675,0.42561448
0.8157129,0.3390579
0.14813206,0.6453484
0.13838941,0.6687536
0.12561814,0.4969585
0.06434698,0.3912356
0.17619634,0.70043904
0.14864133,0.47486258
0.84829473,0.4808856
0.20332617,0.68717486
0.12177327,0.5517153
0.85486287,0.3974154
0.79721683,0.31573242
0.7833572,0.23037079
0.12876812,0.49048692
0.18885694,0.6351058
0.1786776,0.73780495
0.16524993,0.62836134
0.8811725,0.53263795
0.21742056,0.71498317
0.21116701,0.725327
0.8594002,0.45525384
0.82012856,0.3016136
0.893983,0.64170045
0.8393017,0.24323419
0.17068525,0.58687305
0.20427766,0.7893803
0.10442576,0.636702
0.84529907,0.39278972
0.21175599,0.7343453
0.86864233,0.43049246
0.17067455,0.624857
0.11986908,0.27168995
0.83011514,0.26453593
0.20485951,0.75741893
0.17719741,0.6977504
0.14288513,0.5794002
0.8547946,0.41129112
0.13306673,0.56728846
0.15967262,0.73439175
0.20847236,0.8061006
0.7767495,0.29468998
0.84672177,0.4073768
0.10815402,0.3051652
0.21844028,0.7964774
0.17276634,0.71053976
0.7792549,0.20302762
0.15083942,0.62643045
0.1953941,0.6452275
0.14000407,0.6348119
0.84436107,0.4904878
0.7703983,0.18790351
0.24629554,0.669083
0.8161548,0.34818748
0.7884483,0.23252374
0.15740076,0.605777
0.15046103,0.5188818
0.19285768,0.724613
0.2588229,0.77358645
0.18417957,0.53346235
0.8571121,0.48793885
0.08484288,0.48325405
0.8368625,0.36921194
0.8472203,0.2912654
0.1310729,0.3602243
0.21203007,0.654492
0.15950008,0.40937075
0.18028632,0.43883884
0.88287795,0.5542884
0.13647214,0.57676756
0.7960928,0.32061172
0.13679221,0.45167288
0.87268984,0.59951305
0.1950526,0.79687774
0.22332193,0.7074034
0.8638178,0.3458063
0.19916043,0.75822055
0.14105193,0.5351856
0.82698697,0.34423462
0.15525065,0.6218801
0.13635315,0.5595054
0.1874406,0.6453975
0.8329645,0.3416454
0.20429987,0.7020138
0.8496865,0.3411688
0.80717325,0.3481463
0.8512972,0.42354915
0.86625785,0.4397066
0.78909355,0.33384964
0.21318424,0.65072316
0.8903773,0.37967184
0.86183983,0.34510237
0.76824033,0.17496082
0.83386046,0.4428311
0.86125404,0.4854241
0.7818663,0.23851214
0.15364473,0.59892
0.8513265,0.39880443
0.11095894,0.34586543
0.77145416,0.3038165
0.8491146,0.42365164
0.81262165,0.46219498
0.7901038,0.2760677
0.8461978,0.31604078
0.16178304,0.67458
0.8439509,0.41065115
0.14852273,0.5389509
0.14338845,0.7222467
0.1310721,0.57311785
0.9133473,0.7358701
0.79635215,0.2518517
0.17243952,0.6624135
0.1433357,0.6100115
0.799662,0.24488384
0.78424525,0.2448374
0.136605,0.66263777
0.17292935,0.48193163
0.79266876,0.35081658
0.87467855,0.40332848
0.83618903,0.27682638
0.87057865,0.44660786
0.8672101,0.42375723
0.8559135,0.24533983
0.17622489,0.6156718
0.19979344,0.7643079
0.16661748,0.5116398
0.812536,0.21526594
0.86748457,0.39717317
0.8211816,0.34151527
0.8443329,0.36056465
0.14700963,0.6020371
0.7739794,0.14142689
0.8324992,0.33212945
0.82914895,0.3393124
0.7745097,0.22271521
0.15520783,0.70055383
0.8870444,0.3896858
0.17431158,0.5253827
0.20554528,0.5980824
0.16462842,0.64880455
0.15184565,0.55282885
0.85629666,0.35118452
0.23519048,0.64564365
0.7875483,0.24594213
0.7671964,0.20175645
0.7606303,0.2174776
0.1467197,0.5969238
0.8656383,0.5044117
0.19549364,0.7498794
0.83007747,0.4681571
0.15981342,0.66152865
0.08569483,0.3702413
0.8421344,0.3933824
0.8349686,0.35501033
0.14892411,0.48539782
0.21203007,0.7830209
0.15288718,0.64382315
0.19266929,0.5480113
0.1242014,0.6300644
0.83632904,0.3872792
0.18681394,0.7134908
0.22451498,0.71195024
0.10126586,0.44808537
0.15548189,0.566422
0.85302293,0.21667117
0.75949794,0.3104935
0.23383364,0.7408655
0.79957473,0.26864472
0.79517895,0.28315207
0.2454531,0.7178887
0.20199986,0.6117413
0.22368602,0.7377918
0.7736804,0.19115682
0.16488543,0.8303622
0.81619364,0.38365534
0.11424219,0.3848109
0.82987994,0.32340857
0.84341866,0.43727022
0.17977586,0.46809185
0.19509465,0.6833481
0.21529983,0.752523
0.8358975,0.3696364
0.11827783,0.53456706
0.17096844,0.6311665
0.7851896,0.4111908
0.13500105,0.528318
0.18883434,0.6471041
0.87562644,0.39946938
0.15063635,0.65488976
0.87991357,0.40155837
0.16612092,0.704084
0.8165038,0.35675985
0.19145244,0.6929035
0.8182779,0.47173542
0.8319479,0.36003023
0.20923704,0.78291315
0.09803695,0.4698247
0.84433687,0.38367504
0.17728665,0.589093
0.14690015,0.50565135
0.17276871,0.595986
0.7200823,0.29529798
0.19595096,0.67851657
0.12951814,0.44139785
0.76545995,0.2936501
0.20194472,0.78952926
0.15710527,0.5985266
0.90180284,0.5288112
0.87349147,0.4141594
0.8365051,0.3327633
0.84877664,0.5655065
0.19932383,0.67640746
0.79546887,0.38678512
0.8786464,0.64837873
0.13475277,0.64340574
0.866819,0.41004577
0.15418176,0.5012819
0.20525058,0.7695
0.15788463,0.6957183
0.22132492,0.7721777
0.15290305,0.7226068
0.15986696,0.6347431
0.1154507,0.5361974
0.86614835,0.50904
0.7862732,0.2110161
0.84843594,0.4976449
0.7791086,0.3123026
0.830317,0.28430542
0.82713014,0.27680537
0.1478346,0.57674694
0.19082183,0.76058114
0.15621604,0.6285322
0.14642341,0.5325048
0.82577527,0.41067523
0.13063066,0.47025532
0.7636375,0.17125021
0.89634764,0.487231
0.8256904,0.27581584
0.14459062,0.66834885
0.1824733,0.48952106
0.86271834,0.48786965
0.7937012,0.25391352
0.8938596,0.46485913
0.20842634,0.79159504
0.111739494,0.50658876
0.8034874,0.18412325
0.13165951,0.50223553
0.8591448,0.36204478
0.78105915,0.24992433
0.7825909,0.28613248
0.13136996,0.49936727
0.17397644,0.72597796
0.14397188,0.6248264
0.8556993,0.55104995
0.83642066,0.47612938
0.7602567,0.27695605
0.794216,0.12932743
0.77460253,0.23725279
0.17432943,0.65080327
0.8648966,0.56812596
0.19088885,0.7352468
0.1648767,0.5659472
0.84607166,0.49629924
0.19733398,0.73386174
0.21129948,0.70697236
0.87057745,0.44410622
0.16325888,0.53881556
0.7857679,0.23922527
0.85643744,0.42685938
0.17418823,0.6760163
0.7788928,0.23439065
0.7271838,0.18941738
0.82043517,0.41205898
0.14342137,0.4742445
0.8053234,0.17025937
0.8533553,0.30756345
0.7854764,0.30321243
0.18816286,0.65581137
0.7806721,0.32498947
0.8160064,0.34586895
0.1595929,0.71709454
0.1068178,0.43738106
0.24217978,0.81388324
0.8712823,0.50022495
0.17104143,0.7338635
0.8282189,0.21974707
0.87694645,0.4388949
0.18766034,0.6215025
0.13551825,0.49303237
0.13836046,0.6663865
0.79754007,0.32157803
0.75095546,0.20305347
0.17018075,0.6300846
0.22511348,0.90010124
0.1559158,0.5944905
0.8519695,0.449926
0.2583152,0.80778664
0.8069333,0.3617513
0.15797943,0.6165545
0.1404344,0.69352114
0.838568,0.45602566
0.8496742,0.42844072
0.13787103,0.68737066
0.8797553,0.45019144
0.14676648,0.6631314
0.1501822,0.4683284
0.90389025,0.36841384
0.10300109,0.34880948
0.15145934,0.5487047
0.24212663,0.74740934
0.14003024,0.46378374
0.8113231,0.36549607
0.18928412,0.74920005
0.8224159,0.4428377
0.19531755,0.6750289
0.21710803,0.8707409
0.1418194,0.6460142
0.18545829,0.6413881
0.16256836,0.70655626
0.13904582,0.64721006
0.15883216,0.48283222
0.15030834,0.6061467
0.1930314,0.68362063
0.74657196,0.16211276
0.19087219,0.54945946
0.13237621,0.5687594
0.2255914,0.80818176
0.08745385,0.30141518
0.8137794,0.3118422
0.85660756,0.4180553
0.82318574,0.2941328
0.20046334,0.7307473
0.8422677,0.36833543
0.13860835,0.541495
0.244738,0.77776355
0.16237679,0.5687011
0.17659733,0.69043034
0.18351918,0.5779275
0.13785397,0.55245125
0.17074713,0.60885644
0.7818968,0.29290894
0.78870803,0.26452586
0.7762497,0.22786039
0.17838015,0.59029675
0.8422002,0.38553014
0.76673114,0.25546592
0.18414585,0.6655183
0.8357694,0.30151415
0.22529355,0.7233865
0.84834194,0.35765126
0.22503494,0.8662103
0.8552797,0.38476664
0.8709289,0.40865937
0.8838473,0.6516356
0.21300021,0.7265518
0.23698917,0.80378735
0.123580284,0.60186356
0.21187736,0.7130436
0.8344784,0.42457548
0.13807647,0.61355263
0.7894248,0.17175134
0.1580298,0.58054125
0.13235557,0.45056334
0.18817198,0.68996423
0.814692,0.20286775
0.8344494,0.4012145
0.7413921,0.2552894
0.93235433,0.58635753
0.14068428,0.6325498
0.8174391,0.26238078
0.17866015,0.6716359
0.798979,0.33601835
0.14675578,0.580437
0.7884776,0.21416079
0.8418667,0.40148127
0.80867684,0.37168336
0.7933989,0.20671678
0.8789712,0.55377847
0.16482872,0.6745077
0.8012477,0.21159564
0.16674124,0.7125477
0.8290859,0.41695407
0.80232966,0.26094228
0.7855454,0.27913484
0.18139528,0.7473292
0.18785666,0.84370834
0.8034204,0.24026823
0.17076696,0.5964319
0.88592637,0.44918966
0.15643181,0.4826075
0.19228259,0.7666856
0.12285526,0.5726588
0.8365012,0.32253513
0.19627856,0.61899436
0.91598886,0.573972
0.16307405,0.725684
0.16519758,0.56467026
0.8504786,0.4289703
0.18592986,0.7169916
0.8457524,0.38774136
0.11727675,0.52443177
0.15759312,0.64881545
0.17428263,0.50197667
0.1428427,0.5927454
0.24575733,0.6802696
0.9289255,0.65956664
0.87410504,0.36576065
0.18024665,0.5473814
0.20812015,0.7310451
0.82756126,0.33989412
0.1862539,0.46709442
0.20676726,0.7323794
0.13623217,0.38460326
0.18732955,0.81034565
0.18560623,0.79971886
0.14635637,0.61117715
0.19594936,0.65485823
0.88876104,0.3502804
0.16080616,0.5851744
0.12397175,0.543588
0.8655558,0.53668976
0.8278167,0.31553093
0.19911283,0.693932
0.15320607,0.5817743
0.8611878,0.35970917
0.20643054,0.73434883
0.20478693,0.7324258
0.12733155,0.66622615
0.24826676,0.76037216
0.17054327,0.7185409
0.15131615,0.5362237
0.8173883,0.34150434
0.7919699,0.31598735
0.83703303,0.40004057
0.88738513,0.44840512
0.16797353,0.585004
0.15237078,0.67156404
0.84531415,0.3865083
0.7607461,0.2697613
0.7637026,0.10400055
0.8016701,0.24429029
0.12181214,0.4274858
0.826774,0.24149299
0.14772433,0.53232694
0.092200644,0.3319919
0.9049972,0.57530016
0.87856424,0.42175275
0.1739209,0.66252035
0.7768863,0.0708972
0.8547034,0.44638315
0.79189014,0.16957122
0.8582306,0.2722375
0.7793592,0.23442657
0.82065326,0.41104582
0.14288513,0.44488594
0.9077597,0.54495114
0.09966113,0.3905242
0.15845855,0.58750343
0.18415459,0.6904124
0.19610047,0.78378963
0.86274374,0.34394288
0.1761892,0.53634983
0.81022406,0.3747483
0.77152514,0.26873583
0.17245816,0.5902214
0.8204526,0.38255456
0.14969239,0.5164498
0.76137954,0.31074756
0.8217702,0.19397734
0.87765795,0.6517192
0.20714128,0.70097566
0.22349723,0.75743604
0.11526627,0.54141444
0.8396674,0.47435313
0.1581119,0.51290786
0.14125223,0.66640663
0.15641832,0.5888828
0.08992323,0.3470639
0.17698601,0.5673611
0.83671415,0.38672203
0.82566106,0.2119741
0.8805775,0.3789863
0.9212544,0.6601471
0.15404016,0.5461207
0.7667129,0.21950221
0.24303927,0.7957818
0.2229249,0.89759654
0.8390471,0.36778438
0.1834121,0.5870518
0.74581164,0.29104683
0.8403924,0.4062471
0.16260524,0.54804456
0.15885398,0.57548934
0.89855725,0.46746808
0.8183176,0.48031437
0.83143705,0.3199941
0.8176223,0.33766583
0.15108572,0.5567107
0.84633464,0.42280537
0.85401446,0.3463004
0.1572302,0.6604318
0.8625716,0.391943
0.85178626,0.46479473
0.82686204,0.5511529
0.86268145,0.45347235
0.7830863,0.24647741
0.8179027,0.23350143
0.7720281,0.2897003
0.8356635,0.31025565
0.09368679,0.414579
0.9178042,0.65129256
0.1773037,0.5966448
0.7523242,0.2595007
0.21588326,0.7279254
0.20934373,0.6577558
0.23012362,0.6734669
0.8366618,0.34440106
0.8820534,0.5674724
0.15376411,0.52536917
0.8534072,0.45097116
0.09213916,0.2924617
0.15878774,0.6615926
0.77489245,0.21087112
0.8465885,0.43156436
0.20746255,0.8241701
0.79700184,0.31688225
0.25101814,0.7277743
0.16283806,0.5327939
0.8643314,0.35049286
0.14247899,0.5281695
0.86839443,0.44500685
0.7998008,0.46209773
0.25440648,0.800948
0.22123173,0.73563576
0.7661231,0.19506499
0.13771792,0.46117085
0.16804929,0.638296
0.12709358,0.58998317
0.75660735,0.29986188
0.20333013,0.73196065
0.21830544,0.6286859
0.82297117,0.3873826
0.21389101,0.9135551
0.19416694,0.7650329
0.1531668,0.65848076
0.15419525,0.44246623
0.16815916,0.65638435
0.1351137,0.5542038
0.97678244,0.69836056
0.19226116,0.71677256
0.1679557,0.57485026
0.23075584,0.75031483
0.78938824,0.20042875
0.8161207,0.20894551
0.9307964,0.7140681
0.766112,0.14905006
0.8100682,0.28907785
0.8309306,0.44183633
0.17504176,0.62311494
0.84149665,0.51984197
0.78418773,0.14088504
0.098078996,0.49841848
0.88048077,0.47593227
0.8475622,0.30689588
0.17075665,0.74514556
0.10547483,0.37620565
0.10900676,0.50827605
0.8343828,0.3415065
0.83729243,0.43620622
0.89231,0.42032474
0.7991095,0.2362488
0.20700762,0.80510145
0.15603875,0.65029037
0.15456648,0.46948346
0.7414607,0.232186
0.17525356,0.66036475
0.78769785,0.13225527
0.13409041,0.6359648
0.21830384,0.66643244
0.9154407,0.6193045
0.16878821,0.7178392
0.1513352,0.50995636
0.2106387,0.8504992
0.12559633,0.5262483
0.8963334,0.5321714
0.8364143,0.30107877
0.09879014,0.43660048
0.8489163,0.40950173
0.86745167,0.4020919
0.22869974,0.6893278
0.73207504,0.26469538
0.14519864,0.5336038
0.7817925,0.22427638
0.16757573,0.6575298
0.16257311,0.4111045
0.85499847,0.42915252
0.16027349,0.5147594
0.09868464,0.4478786
0.76869804,0.18699108
0.17343426,0.65987414
0.900816,0.46819916
0.1514042,0.5860583
0.76998425,0.32497764
0.8753338,0.5375632
0.16146614,0.51745164
0.8070939,0.21854772
0.8722734,0.65042526
0.88835686,0.5372934
0.84772444,0.40396845
0.1584879,0.50208837
0.20296921,0.80581194
0.19171263,0.76172704
0.7791026,0.2772202
0.15788345,0.6018837
0.19725664,0.65415037
0.25660932,0.83451915
0.13691357,0.54122436
0.8231481,0.38038802
0.87741524,0.4854381
0.7851436,0.24044739
0.8605096,0.4004361
0.8339715,0.29341048
0.8275248,0.17521533
0.82164884,0.389907
0.15900034,0.53172946
0.1276905,0.57793885
0.85886794,0.4442438
0.7910652,0.17117532
0.7985511,0.32707933
0.79782957,0.24879989
0.86609757,0.41987532
0.21078229,0.5714752
0.85828334,0.4317378
0.1607078,0.649049
0.8617736,0.41710255
0.8135105,0.2801905
0.86639583,0.3704573
0.764046,0.0901761
0.81508785,0.3052975
0.20293708,0.71523815
0.15511066,0.43391836
0.7757484,0.4383491
0.16157085,0.60786206
0.8386925,0.26583734
0.13789125,0.62298226
0.13269192,0.5186313
0.802741,0.40519756
0.789134,0.29793847
0.7833735,0.21675527
0.26198754,0.67469513
0.8628683,0.32065594
0.21734282,0.8569861
0.848077,0.31181985
0.11225867,0.41228107
0.115488775,0.2952822
0.8678118,0.51783794
0.7902644,0.33630484
0.20850883,0.5718497
0.83834386,0.40716174
0.90942115,0.68025386
0.87165743,0.40566802
0.21100439,0.76989555
0.21405205,0.8140256
0.22046901,0.685127
0.17952718,0.44487894
0.9252381,0.4689298
0.19333601,0.6273363
0.8020378,0.29881454
0.11466618,0.5550672
0.16438371,0.6712561
0.22853553,0.63033557
0.8337438,0.30845356
0.84136415,0.3692496
0.7683617,0.22007516
0.78207654,0.14342566
0.090624064,0.25602707
0.15084496,0.48752362
0.24342558,0.6473231
0.17407797,0.44324854
0.22772445,0.8077639
0.7933672,0.3865499
0.8108273,0.2952511
0.1552796,0.669772
0.8648181,0.3501214
0.8421939,0.30830592
0.8167592,0.44673315
0.2202711,0.7659545
0.15038766,0.75485116
0.76994026,0.26777127
0.8587656,0.41576302
0.18795979,0.62507343
0.16422465,0.5208438
0.7597363,0.22457993
0.84165806,0.30740622
0.7967191,0.102802515
0.13369577,0.46762532
0.17288373,0.5164691
0.24581245,0.73847467
0.8366574,0.19583417
0.79516786,0.16943893
0.10020965,0.4573446
0.14527321,0.6069273
0.8674834,0.46959823
0.8036814,0.3244187
0.77862036,0.29453668
0.16575523,0.68112075
0.22371419,0.7896309
0.86607736,0.5054507
0.20314689,0.74951106
0.13074885,0.5870198
0.12910049,0.6508055
0.8854988,0.6172076
0.17184776,0.59586596
0.14287046,0.5341807
0.80210006,0.25627148
0.8252545,0.31785032
0.8131968,0.3607609
0.85021085,0.45908186
0.83877265,0.30479726
0.16482832,0.68419796
0.14984666,0.57055616
0.82184,0.4221956
0.14286253,0.65997756
0.8696434,0.51177424
0.7867222,0.33242995
0.18778606,0.55130005
0.849844,0.41626722
0.85080063,0.44860268
0.21607482,0.69710076
0.14920652,0.63535506
0.86227334,0.4423694
0.14734675,0.64535016
0.83282727,0.42698115
0.86101246,0.42865184
0.8353851,0.33727595
0.8651425,0.35173118
0.8317012,0.3930048
0.21123086,0.81011045
0.91312087,0.5017506
0.89256704,0.5413023
0.92312765,0.69127923
0.18425176,0.61495256
0.8311555,0.48351032
0.16881438,0.64381397
0.7531484,0.19693452
0.7307535,0.2108733
0.13644834,0.54017437
0.1768341,0.74637777
0.85931057,0.44618514
0.77387357,0.37393004
0.7805808,0.261008
0.10981468,0.69096035
0.20989464,0.78188986
0.7928036,0.35447726
0.16674401,0.54456395
0.88888556,0.6075348
0.16121864,0.65294176
0.13848975,0.5730661
0.14876111,0.57429487
0.81268394,0.333907
0.10261161,0.37451527
0.86139363,0.40347826
0.7614093,0.24329026
0.82540244,0.3210274
0.8708892,0.5422222
0.1498189,0.53228575
0.1479052,0.6224855
0.8346501,0.23787042
0.118306786,0.5817945
0.78463274,0.24797857
0.8771233,0.31577665
0.8400196,0.31137964
0.84040314,0.3351791
0.15095879,0.54450434
0.136465,0.55183446
0.21534027,0.78884196
0.79202265,0.30443498
0.15401478,0.64372855
0.2120832,0.7956022
0.102456525,0.5301271
0.16926177,0.65497124
0.8168116,0.28252307
0.15701881,0.53090376
0.85697526,0.32709947
0.76674265,0.28851104
0.19365093,0.69503194
0.22658494,0.77411425
0.24557488,0.7758914
0.16605309,0.64314246
0.12862216,0.5370336
0.21341467,0.6679941
0.12776902,0.53144383
0.12658153,0.5549993
0.8622765,0.56247616
0.13523388,0.7079781
0.18369846,0.682186
0.13933733,0.41162226
0.22114605,0.7282075
0.867414,0.4125566
0.13236867,0.45582986
0.25465557,0.6900317
0.8461145,0.358042
0.79474306,0.22824061
0.13996837,0.78453124
0.12971725,0.34022307
0.21275905,0.7860118
0.13902837,0.5570962
0.18388884,0.7043319
0.18295123,0.68354
0.8317341,0.30752096
0.22167435,0.7625961
0.15556519,0.5371883
0.8683687,0.5054463
0.14906889,0.5839575
0.8930188,0.599853
0.14580944,0.46562526
0.20572613,0.78582084
0.79501796,0.3298819
0.8547256,0.35175222
0.122650206,0.5130279
0.9126572,0.6641744
0.8007404,0.33747396
0.8045155,0.22727387
0.79616857,0.2283418
0.17609242,0.6245495
0.76774573,0.265557
0.7973025,0.25822425
0.14339241,0.46901566
0.903095,0.47603476
0.12753065,0.37628406
0.83954126,0.3912141
0.74843574,0.2921095
0.234237,0.81438786
0.8785333,0.4861
0.81243205,0.30106562
0.16258025,0.6278383
0.8506047,0.45308292
0.16792119,0.6063044
0.74599606,0.34495607
0.13145366,0.5162501
0.13833983,0.5733018
0.16758128,0.735528
0.85392404,0.4453231
0.19232582,0.7232735
0.14924736,0.6395015
0.7754882,0.18862101
0.7412096,0.21114051
0.18604966,0.8045811
0.2047778,0.752392
0.17845273,0.6306172
0.19823194,0.81528056
0.7453306,0.24938992
0.76319444,0.19420774
0.18519571,0.69152105
0.8607487,0.33960414
0.7888984,0.2585598
0.078805484,0.42732415
0.19240792,0.85076904
0.7928619,0.157972
0.8232282,0.2998242
0.19984896,0.6925487
0.15725797,0.59227496
0.9031878,0.5989791
0.8029393,0.17424333
0.11589293,0.5406693
0.8043477,0.26311627
0.84933114,0.3614394
0.17300391,0.66303813
0.7902628,0.24718441
0.1388606,0.5443629
0.7999051,0.45292217
0.20094167,0.7005451
0.1636091,0.5776489
0.7971002,0.39935064
0.1372757,0.53146046
0.15148313,0.5676687
0.19699804,0.7984118
0.16083194,0.5749944
0.17670044,0.7304691
0.79767454,0.31469253
0.9455837,0.7097412
0.21515903,0.7437425
0.8322359,0.47847462
0.19577366,0.79447865
0.095308185,0.42661366
0.90628546,0.56995213
0.12082931,0.4169567
0.8467063,0.4075932
0.18857257,0.71604675
0.19756521,0.7610489
0.2121538,0.7672546
0.16243985,0.63394195
0.1387666,0.62379086
0.12499901,0.60021216
0.84240055,0.3207199
0.9354468,0.61855453
0.758619,0.32048643
0.17285955,0.6508703
0.17915158,0.61742
0.81530046,0.4017222
0.24901201,0.8333654
0.15532285,0.60118026
0.8361668,0.2762968
0.2725306,0.70841616
0.13515891,0.66286117
0.19939443,0.65283006
0.88697666,0.5212468
0.834428,0.30349278
0.7795195,0.2110862
0.8333702,0.28584644
0.79830396,0.3493198
0.8507431,0.3878101
0.7729308,0.14890769
0.7929769,0.23541479
0.2433177,0.71810204
0.80170184,0.31966862
0.77515185,0.23066472
0.15220618,0.45034695
0.8360292,0.47727352
0.7380493,0.21135077
0.78835744,0.28890657
0.12038033,0.5977929
0.831326,0.38670364
0.12470075,0.56212395
0.88768303,0.6145772
0.86023074,0.39549547
0.09872827,0.42191088
0.82657605,0.33055735
0.82180625,0.2501219
0.18343867,0.69215095
0.2639893,0.68037736
0.82433,0.34251752
0.82563764,0.27409434
0.8988515,0.6087228
0.8134855,0.38667825
0.15943821,0.44493455
0.23793036,0.720117
0.8375716,0.41462502
0.8905566,0.549463
0.12159043,0.5396606
0.14934415,0.53238124
0.14589074,0.6583862
0.20051014,0.78304017
0.15065737,0.3658719
0.14084172,0.55865294
0.84722227,0.31697908
0.19107963,0.82223046
0.13284223,0.56928235
0.8309068,0.45016867
0.8746968,0.4699789
0.20466517,0.7115639
0.20149852,0.7467326
0.78167313,0.22028147
0.13475475,0.69396615
0.9580428,0.71758777
0.7868047,0.33570123
0.14988792,0.58943033
0.8270865,0.36965436
0.8302369,0.33134055
0.80449367,0.20122422
0.21123245,0.47497296
0.82007104,0.4097615
0.14614537,0.7298418
0.17908098,0.6008123
0.16666985,0.59666145
0.84180284,0.28324232
0.1497364,0.4508117
0.17342275,0.56162375
0.8805581,0.47470358
0.22605783,0.75936776
0.7984797,0.33014998
0.8197125,0.46906692
0.8734803,0.40494218
0.23382214,0.7831843
0.85570604,0.54401463
0.15525977,0.42211238
0.7821491,0.17032771
0.81636024,0.371562
0.14542115,0.4368843
0.14156914,0.5444019
0.14765652,0.6368794
0.8538229,0.33838725
0.81683815,0.32335776
0.15414646,0.5823359
0.15345633,0.5480656
0.7978824,0.19890614
0.82576257,0.24755542
0.840843,0.27488893
0.82349825,0.55613774
0.13058108,0.5166014
0.14738284,0.6544
0.13970302,0.53227437
0.8211451,0.42648005
0.21857513,0.7448328
0.8746793,0.5746562
0.84253657,0.4533453
0.14980622,0.5224492
0.10921182,0.3695146
0.19137272,0.547045
0.16395496,0.680988
0.15452087,0.7851712
0.16578814,0.64980674
0.90387,0.76988155
0.1487849,0.60660535
0.124995045,0.5019359
0.17335056,0.6382097
0.8172027,0.39637813
0.85894966,0.49679685
0.74057347,0.33862337
0.06703925,0.18944015
0.7665309,0.065179504
0.9290203,0.46019927
0.7650352,0.2515626
0.85703635,0.33117366
0.13552143,0.5839071
0.8427484,0.3737684
0.22344765,0.745291
0.15218873,0.61628026
0.8385648,0.307814
0.9518035,0.6170573
0.16385064,0.6444758
0.17706692,0.6921277
0.87870306,0.4044358
0.82325274,0.45088005
0.7872227,0.21346211
0.7786422,0.30312088
0.8902115,0.63645273
0.20170437,0.7753403
0.88142943,0.3775605
0.8386945,0.46758372
0.16113536,0.5528827
0.14097817,0.4795027
0.21796156,0.7144015
0.8165201,0.4134125
0.21828243,0.7410845
0.85627085,0.62338084
0.8608618,0.3719317
0.14394571,0.33921647
0.16227922,0.6632913
0.1506189,0.5425945
0.77550524,0.2539394
0.8672462,0.42649758
0.74815845,0.17364322
0.872135,0.44291344
0.13403687,0.32933173
0.11598138,0.42858613
0.2122379,0.8333645
0.8448695,0.29956576
0.2055064,0.73851675
0.13990729,0.69017714
0.81861585,0.21841587
0.8263861,0.27973452
0.16745833,0.5756655
0.8309048,0.40584457
0.8640054,0.4169234
0.10643386,0.4406501
0.75533897,0.16610722
0.80739415,0.3499348
0.74059564,0.18357702
0.81781423,0.31360576
0.06032561,0.37080115
0.23799738,0.77927786
0.22299828,0.6750986
0.783193,0.17522103
0.8753401,0.5801124
0.8557885,0.44547555
0.19024275,0.6420478
0.8129949,0.26067507
0.8357666,0.27368084
0.86180055,0.38064253
0.1641489,0.6651109
0.1256102,0.43074477
0.8554324,0.43791676
0.1879463,0.5206839
0.17433022,0.7293394
0.17300709,0.6471023
0.226437,0.65155715
0.79382765,0.17998599
0.80595523,0.22510996
0.115781486,0.5952961
0.22201744,0.7184726
0.09258735,0.40062404
0.85125357,0.295319
0.8584785,0.4039943
0.884161,0.399857
0.21083702,0.7684649
0.8978271,0.60716605
0.77614105,0.22487605
0.8459138,0.37168422
0.837864,0.5364165
0.88494986,0.42652428
0.7736768,0.41911533
0.16482475,0.5566923
0.21662058,0.7755077
0.8392664,0.28770196
0.85615104,0.45917514
0.87726253,0.44179034
0.8673632,0.44003817
0.23398237,0.84846234
0.09485246,0.40934053
0.8296237,0.35335544
0.80835557,0.30494663
0.16246802,0.5387823
0.78268296,0.23417777
0.19752197,0.66374946
0.15170406,0.54721975
0.82544214,0.28097942
0.176307,0.49067572
0.77154815,0.16228272
0.17384118,0.73162466
0.78495204,0.36758375
0.77415156,0.1837715
0.16495365,0.52052534
0.1881696,0.7062058
0.82443154,0.47867045
0.23976514,1.0
0.1720655,0.6290648
0.13333564,0.59406126
0.7405191,0.23422377
0.15973012,0.4669249
0.8331794,0.4674742
0.764213,0.20436408
0.8760021,0.43428805
0.8321105,0.44977093
0.8490257,0.4473753
0.87301785,0.47216076
0.863633,0.2528237
0.20679027,0.8642566
0.78875566,0.3497688
0.84107304,0.29852808
0.1452022,0.43813708
0.22010809,0.6938794
0.80818504,0.39707375
0.83798575,0.3950535
0.8715964,0.5514503
0.8064086,0.2958683
0.7205666,0.2907643
0.091507345,0.33270198
0.095943175,0.39727435
0.12718639,0.36421743
0.20334718,0.76666284
0.15365902,0.672229
0.14708735,0.57154924
0.8367534,0.4271069
0.8594145,0.35878885
0.12427636,0.6614813
0.10132932,0.40827084
0.20784767,0.8385316
0.19964907,0.6456822
0.18304284,0.67697513
0.1517925,0.53026944
0.16020408,0.7706586
0.7375659,0.13176993
0.8311662,0.33519965
0.829966,0.30099553
0.83432883,0.23765579
0.14355066,0.49836022
0.1128905,0.5067902
0.853312,0.2916452
0.7568009,0.15255961
0.17047821,0.50654143
0.14493053,0.6136643
0.20088296,0.6663479
0.1435471,0.6101587
0.2321115,0.75125533
0.16445708,0.63128
0.2115319,0.7801745
0.17041238,0.4965244
0.820551,0.22530094
0.86867326,0.38701335
0.82789683,0.5031909
0.21949174,0.7526202
0.118495576,0.5455079
0.11833296,0.6797558
0.15088344,0.5446625
0.8878885,0.5099844
0.14823875,0.66524583
0.17126353,0.64006084
0.13896333,0.5707437
0.858177,0.39917982
0.1691634,0.6111281
0.19546945,0.64243853
0.8404583,0.4169015
0.12716219,0.63719696
0.8460935,0.51603323
0.15905349,0.6760246
0.20743479,0.77994716
0.14826335,0.5353888
0.7567834,0.20896478
0.2156782,0.73619294
0.22410406,0.6720091
0.80906636,0.3522853
0.08139265,0.39417875
0.8256539,0.4159711
0.80777335,0.42415014
0.84468627,0.425268
0.1880518,0.74613553
0.7814796,0.25677875
0.17391059,0.62349164
0.8978814,0.5715532
0.7707204,0.19846416
0.21115154,0.7077889
0.8387552,0.42809772
0.21925813,0.80995405
0.15948422,0.62350965
0.79783595,0.21445821
0.14828397,0.6333142
0.8554502,0.4637417
0.8064042,0.3405367
0.8385299,0.444935
0.21161956,0.80649966
0.19647093,0.7125341
0.15299347,0.49098584
0.789909,0.19908749
0.8504742,0.39542365
0.8570812,0.40512925
0.12177486,0.43125686
0.7555234,0.20109414
0.771213,0.2763533
0.90239495,0.49529132
0.16247952,0.793614
0.1505372,0.6143709
0.8351959,0.34902588
0.85025764,0.3683455
0.13656057,0.45614612
0.17622054,0.5935584
0.102965,0.26010168
0.1337743,0.6143091
0.84143,0.39497554
0.17153324,0.6927699
0.8126185,0.3388472
0.86265886,0.35300368
0.85008985,0.42125207
0.17928246,0.69691765
0.15813094,0.56704795
0.13942538,0.6287468
0.87828225,0.46683204
0.12093243,0.5837503
0.24879347,0.7130567
0.16698317,0.5243884
0.7721867,0.14070325
0.85226893,0.4373079
0.8615535,0.49849382
0.14705722,0.55882204
0.84946716,0.47935072
0.8458789,0.407538
0.19732128,0.7552642
0.76953965,0.15196168
0.7919735,0.29342756
0.14412062,0.62535506
0.7823577,0.23754321
0.84865254,0.4380771
0.13414752,0.4595361
0.96803015,0.6862589
0.16567273,0.5792346
0.17971915,0.5643387
0.7997869,0.27821803
0.22769232,0.74750394
0.7861657,0.2857781
0.17056428,0.61885244
0.21393068,0.6677698
0.20538464,0.70705473
0.14907286,0.6580896
0.16945176,0.62345004
0.8115468,0.25662455
0.19977678,0.7826906
0.8115393,0.24309665
0.14291607,0.5961209
0.21246952,0.7205594
0.19561978,0.7906147
0.22487074,0.74290985
0.15271544,0.676011
0.8225154,0.23967338
0.13669583,0.72876036
0.14138828,0.4875569
0.73072255,0.23306252
0.8384105,0.45287442
0.1665675,0.48511484
0.21495794,0.719873
0.11902388,0.43451145
0.13807172,0.5487402
0.8023626,0.29435357
0.8378584,0.33063883
0.77684784,0.13953675
0.20016389,0.56553626
0.83899117,0.34504062
0.23608051,0.7716074
0.8587212,0.35200232
0.18457976,0.7640749
0.85716283,0.48530626
0.21929064,0.81003904
0.13640629,0.55085635
0.17952876,0.6489346
0.82768977,0.37188178
0.15891585,0.5469276
0.12797567,0.5625252
0.87166977,0.40328512
0.78751385,0.1927158
0.83312905,0.39976504
0.83505785,0.28693804
0.7864136,0.37460813
0.82471156,0.35627013
0.7992531,0.2322009
0.11968465,0.5811348
0.15176514,0.5470415
0.2238776,0.8974669
0.8457964,0.41550633
0.74751514,0.23041415
0.18409747,0.72309124
0.16001926,0.6311648
0.22988088,0.88888395
0.10525113,0.41491982
0.7585897,0.14280802
0.8446843,0.3928493
0.7754565,0.1874611
0.14491902,0.6365929
0.1851267,0.8035692
0.7748659,0.29959074
0.21756335,0.7444009
0.90206456,0.5596464
0.15000848,0.60507
0.74973786,0.30097362
0.11986512,0.60226923
0.15191585,0.621294
0.8362957,0.38969105
0.17110409,0.7568674
0.16832416,0.70214915
0.19290568,0.70000935
0.13330589,0.62254333
0.20430464,0.7995962
0.13380761,0.50536484
0.20824866,0.65666556
0.23713751,0.77380985
0.7963177,0.17112055
0.76916724,0.28760603
0.88388616,0.42937505
0.15443559,0.61485535
0.08158343,0.36622977
0.16681461,0.59850824
0.083938584,0.24972941
0.8399014,0.32662553
0.20200819,0.72361255
0.7595257,0.20185106
0.19546628,0.662473
0.16649057,0.53418684
0.82226753,0.37517363
0.16631089,0.6234772
0.17469274,0.5406159
0.8653353,0.4108154
0.8505817,0.48500225
0.14196497,0.5069567
0.79393435,0.5043985
0.84820074,0.33900183
0.90284514,0.5175843
0.11714825,0.41218558
0.13135648,0.54412943
0.7630965,0.2951416
0.14606565,0.57914346
0.8697953,0.29241306
0.87176216,0.49781835
0.791862,0.24286449
0.81784165,0.41803208
0.17586039,0.6593218
0.7499671,0.24806179
0.2624492,0.7181927
0.18294726,0.72172195
0.13285334,0.59076285
0.10154905,0.39357907
0.20982523,0.5940105
0.83405006,0.27603704
0.805653,0.3779385
0.15081641,0.72456485
0.8420567,0.366437
0.16798346,0.6137449
0.8691365,0.47900772
0.11307572,0.51364374
0.8054575,0.33544147
0.8203459,0.32409498
0.85663617,0.3928804
0.17730728,0.7000181
0.16046268,0.5300693
0.14031105,0.72555524
0.14088774,0.62714624
0.1674266,0.65094215
0.16673528,0.63056993
0.87051994,0.31053993
0.8646055,0.20050935
0.27121815,0.69981045
0.8402203,0.5147459
0.11652674,0.36300364
0.8393156,0.47351035
0.75941384,0.24339363
0.14058274,0.41597024
0.10236332,0.40082815
0.86649424,0.4061972
0.21217006,0.7703143
0.8243419,0.48480996
0.14229971,0.50065774
0.85940737,0.38367417
0.16695462,0.50810784
0.79024416,0.1311685
0.19214654,0.6474659
0.17616461,0.82349074
0.7989786,0.37751186
0.15679431,0.591971
0.12008723,0.4307781
0.20565078,0.75601983
0.11387928,0.50636005
0.8394437,0.43390042
0.836026,0.3794353
0.1666282,0.7056644
0.8426072,0.4262295
0.19665496,0.74475
0.12312853,0.52785194
0.20257495,0.75760245
0.20759977,0.81045866
0.9035666,0.68812275
0.7876796,0.46875808
0.15293874,0.5580511
0.857005,0.5295112
0.8966154,0.55703354
0.8357726,0.3485116
0.1418321,0.5533536
0.18179269,0.70560217
0.81998694,0.30172968
0.8416775,0.37050983
0.028799612,0.2987138
0.21505114,0.8167874
0.19254951,0.72650754
0.823812,0.26468223
0.8165522,0.25095505
0.14046137,0.41856822
0.14758432,0.7070004
0.09225775,0.27055544
0.85809296,0.43043247
0.18792251,0.6000063
0.23030011,0.66467726
0.9104924,0.49059424
0.87192005,0.5044248
0.24000826,0.7093952
0.8023142,0.30225006
0.8423287,0.44845462
0.7911497,0.28957808
0.23308045,0.73475355
0.7819857,0.13630272
0.940946,0.6540391
0.20020989,0.8029989
0.82197285,0.36674842
0.15815434,0.6718392
0.81192005,0.2906644
0.17441233,0.4638468
0.08610176,0.3656406
0.8496092,0.3026903
0.88063306,0.4507127
0.22519478,0.68036777
0.84199876,0.3201132
0.88370526,0.3766301
0.8486692,0.30904227
0.86821914,0.46726218
0.25214297,0.7772756
0.16301179,0.5958607
0.7737518,0.113181375
0.77433246,0.21358038
0.15383154,0.6654372
0.15346427,0.41262317
0.8303,0.33674288
0.1515803,0.55709004
0.14696401,0.4884163
0.046516377,0.2140333
0.8284707,0.41088417
0.85931575,0.48363733
0.16420919,0.7365118
0.24095936,0.74240255
0.8681382,0.35731965
0.7776256,0.2732542
0.22954018,0.7004916
0.82395875,0.44714883
0.10423459,0.704868
0.784695,0.13952799
0.19586687,0.6412475
0.11160663,0.42316848
0.84291816,0.27727407
0.8303864,0.582869
0.78353095,0.19531818
0.15742654,0.6951252
0.14767437,0.59586775
0.16367415,0.533705
0.112395115,0.60354125
0.20226519,0.77369374
0.788292,0.27034694
0.90875643,0.48320892
0.13733518,0.6236411
0.21536843,0.80176973
0.8399058,0.2931183
0.762471,0.20952897
0.15183613,0.61618567
0.19473253,0.7066035
0.8469399,0.27562398
0.8515986,0.44712606
0.7794334,0.28088525
0.7676398,0.19910851
0.18407367,0.59317994
0.84507614,0.26678833
0.15186667,0.6452748
0.27311718,0.72242546
0.19352798,0.60043293
0.9299361,0.704126
0.15610538,0.5674698
0.8012489,0.34645414
0.17847018,0.70898384
0.84992605,0.29745793
0.8566746,0.5113997
0.76722574,0.23471129
0.8292981,0.41919112
0.12768494,0.5538582
0.8157768,0.29433516
0.9157703,0.59196746
0.8323469,0.39313096
0.2121903,0.70761365
0.17139283,0.66941154
0.15168819,0.45546234
0.18233329,0.57689637
0.14321116,0.7007558
0.85925424,0.32294163
0.8998538,0.6561675
0.8657803,0.4252343
0.20289028,0.8180678
0.87449414,0.5113239
0.1662859,0.44590393
0.23763289,0.72204477
0.22387046,0.8537113
0.7948593,0.2219228
0.20249484,0.6989081
0.1747447,0.63731134
0.85007364,0.42161083
0.14511257,0.6103129
0.83614737,0.3307755
0.14131133,0.44137245
0.82625085,0.3345978
0.14570235,0.6011838
0.8689481,0.5292979
0.11831234,0.589998
0.8100349,0.29476225
0.7600449,0.26679358
0.8112061,0.36188138
0.83452916,0.4138177
0.20686325,0.8490883
0.8345807,0.3536362
0.18559036,0.6659423
0.8481861,0.39599136
0.20414995,0.7264685
0.1547176,0.6954424
0.16029967,0.54507774
0.8696029,0.5850631
0.862877,0.55276924
0.8532954,0.37924913
0.16846219,0.5196922
0.10610427,0.41131783
0.22199205,0.6034265
0.17083003,0.54927284
0.85725725,0.3394784
0.22466053,0.8290021
0.14720039,0.5043675
0.13669424,0.5681908
0.111416645,0.5485168
0.7776728,0.24664211
0.8470807,0.3561085
0.8395548,0.43856332
0.771681,0.26159102
0.16526341,0.5341842
0.19215527,0.6491488
0.7203496,0.13849248
0.091724694,0.23668377
0.8736842,0.4421596
0.14697789,0.64252657
0.846224,0.3982871
0.13643247,0.60160077
0.8302591,0.41081846
0.15526891,0.6590721
0.16214001,0.6836714
0.13362318,0.5522782
0.8578169,0.42298365
0.8520698,0.2931586
0.80252326,0.41886172
0.76747245,0.17164621
0.7701465,0.4148103
0.14971419,0.6412458
0.868022,0.62270015
0.12382619,0.56751794
0.15485285,0.5344313
0.86591315,0.40573987
0.8804288,0.51711476
0.16961794,0.5473827
0.7869129,0.25998342
0.19999215,0.68019557
0.22481045,0.7764617
0.7509269,0.24480192
0.17014743,0.54892635
0.76344556,0.1566478
0.16940773,0.42224687
0.80395466,0.39802733
0.2020998,0.6402672
0.83321476,0.46688548
0.85577506,0.38513985
0.9317943,0.7301183
0.0968213,0.5620933
0.8172142,0.3063422
0.7685945,0.24623825
0.14985262,0.50257456
0.21563616,0.71203214
0.78525704,0.23209797
0.15710011,0.6973259
0.18927816,0.70866585
0.13962449,0.486054
0.23647594,0.81848484
0.8573243,0.42873463
0.1261028,0.43082407
0.83585864,0.3463508
0.78151053,0.19431989
0.178843,0.65600586
0.8404012,0.49419886
0.1381328,0.43580586
0.18367466,0.70905346
0.8073121,0.24294727
0.23434567,0.7384725
0.12094829,0.6293513
0.123531505,0.4224742
0.8224591,0.3708213
0.8283541,0.2621692
0.8802281,0.41758832
0.75802565,0.22057189
0.8553689,0.45642078
0.7800339,0.23597065
0.122281745,0.51543623
0.1832241,0.66964895
0.8426607,0.26834205
0.15625729,0.6332301
0.838048,0.39717844
0.8441504,0.44403395
0.8654499,0.5398117
0.93280965,0.65533346
0.8419119,0.40014526
0.8871583,0.41823837
0.8258713,0.18910462
0.110738024,0.5528332
0.2253098,0.71552986
0.17486487,0.56622225
0.82717896,0.32183295
0.7912223,0.2562325
0.22414769,0.76012295
0.20360102,0.8108853
0.8840849,0.58497727
0.7773289,0.24845296
0.8342142,0.4798076
0.23460943,0.69929796
0.15404889,0.5740631
0.1507692,0.6779103
0.8223298,0.34176934
0.17166491,0.5873987
0.14194831,0.68779206
0.13065922,0.706989
0.8331287,0.33363762
0.7841711,0.23908247
0.13757513,0.46466988
0.87957764,0.44753125
0.15027899,0.71119857
0.23361708,0.6706687
0.16732626,0.54983526
0.21721314,0.7725124
0.210745,0.741636
0.83538306,0.3903262
0.87066275,0.40614548
0.18292108,0.7346765
0.8073378,0.4336849
0.8704644,0.5491988
0.12507635,0.54404616
0.20179202,0.7905363
0.20530412,0.7601663
0.8410318,0.37573957
0.7785061,0.20053257
0.1437593,0.61832064
0.8418988,0.4575207
0.8799774,0.47953862
0.8350626,0.39259875
0.2119674,0.76357466
0.8216623,0.32434684
0.8644175,0.45786804
0.84358525,0.26714182
0.86428106,0.3267955
0.05560024,0.31952977
0.15034164,0.42037162
0.21912645,0.70990986
0.1841994,0.57374775
0.8354775,0.33799478
0.8677888,0.38790736
0.79342985,0.3531535
0.7695682,0.3281026
0.16242081,0.7294682
0.7865012,0.24548307
0.15140936,0.6114991
0.81453615,0.3141752
0.8676242,0.296139
0.1804418,0.7142771
0.86497396,0.51649714
0.8380992,0.32216674
0.15454665,0.6339349
0.04727393,0.1988089
0.18756713,0.78123367
0.8463358,0.3655368
0.8080609,0.23329951
0.2219504,0.7151593
0.12438702,0.5574317
0.7848699,0.31837377
0.14248376,0.54476804
0.13932584,0.5441938
0.8262615,0.22470608
0.1661578,0.6629286
0.8336407,0.31821653
0.18917385,0.7062623
0.8746115,0.36834726
0.1821445,0.48036125
0.7668208,0.25208998
0.19594619,0.7945938
0.74183315,0.21868877
0.17416641,0.5676003
0.17765869,0.54991853
0.11489622,0.4863387
0.8337125,0.36984578
0.7559541,0.21961303
0.8413463,0.380512
0.20173927,0.6652703
0.1523799,0.6476525
0.8239223,0.23372571
0.12730895,0.6635497
0.79740125,0.23820595
0.8415141,0.41538018
0.8226122,0.37835684
0.761961,0.27790308
0.82269037,0.40778288
0.7697808,0.20118831
0.94683105,0.5417535
0.12880303,0.54797184
0.8402925,0.39700103
0.82764894,0.34656104
0.8671252,0.32554445
0.7760653,0.17096637
0.8734399,0.4274306
0.14057162,0.58347213
0.1599792,0.63065356
0.8322057,0.25754836
0.14377753,0.47149363
0.9505157,0.57433295
0.16742422,0.63267994
0.13978076,0.6362565
0.14925808,0.5983146
0.8869552,0.31982282
0.83217204,0.36209297
0.82839775,0.29428786
0.8366975,0.403247
0.1439469,0.5717503
0.8033002,0.3345172
0.7644962,0.28365976
0.81640506,0.45750666
0.13729036,0.7073447
0.1507359,0.48929414
0.83376604,0.38939187
0.7505922,0.22514676
0.83258015,0.36739233
0.86411643,0.49034938
0.9509135,0.52529335
0.8565945,0.5329533
0.22449355,0.78431225
0.8443638,0.36557886
0.8598579,0.36878747
0.18229403,0.54864556
0.83694935,0.33967727
0.20783378,0.7957853
0.8029829,0.21273454
0.8762559,0.7438936
0.12890932,0.6591063
0.15628068,0.4898785
0.17485733,0.6352333
0.8190438,0.35235715
0.16309586,0.69687647
0.78564256,0.39717406
0.21630645,0.7226506
0.17972073,0.55042267
0.19590573,0.744202
0.7651966,0.16953355
0.8537281,0.3219784
0.2122958,0.70859927
0.070310205,0.30596286
0.91974723,0.6167472
0.17180055,0.4293584
0.1590971,0.63431996
0.23722556,0.741488
0.8239183,0.2849857
0.78892857,0.24698159
0.845261,0.32476607
0.15217127,0.72754437
0.9001838,0.6294687
0.17437068,0.6290131
0.12335223,0.435674
0.7644169,0.25129977
0.8462847,0.46846023
0.14587647,0.53974336
0.13171503,0.62444615
0.86707926,0.42204142
0.1731598,0.55441713
0.16802946,0.71434104
0.21816583,0.7309865
0.76968324,0.21949433
0.15095046,0.5747132
0.8385327,0.3845866
0.12552017,0.41156006
0.13549486,0.55513245
0.22998321,0.8141456
0.81545,0.3518201
0.73580086,0.2505897
0.21648613,0.8559602
0.7814919,0.22635442
0.12344781,0.5081569
0.17615944,0.67188996
0.14095794,0.5828694
0.75593626,0.30624497
0.840774,0.4010866
0.20832956,0.7389132
0.7412029,0.087767325
0.21516418,0.6924076
0.8450452,0.41475862
0.16027588,0.58351684
0.8497361,0.36338955
0.7237245,0.24261086
0.7432764,0.22352383
0.7832224,0.2234187
0.15564252,0.6532252
0.78178775,0.37933454
0.76314014,0.11034946
0.15155214,0.4358593
0.7866385,0.22849686
0.1892393,0.698937
0.8597056,0.37948874
0.24100934,0.80873764
0.12048068,0.517389
0.22270636,0.81398135
0.20200303,0.6925206
0.18126479,0.6647285
0.8475733,0.28499007
0.87380874,0.5031379
0.7554357,0.18488106
0.19079486,0.6912004
0.76912004,0.14946662
0.15031111,0.51402396
0.7605855,0.24088325
0.87468964,0.42428198
0.10532054,0.52743053
0.18444689,0.7013068
0.8337696,0.3723658
0.8357702,0.44324988
0.15348609,0.5744175
0.8029254,0.27344912
0.17233521,0.64209163
0.17079313,0.6466993
0.8202967,0.37917465
0.8244196,0.26231116
0.17732711,0.64792496
0.83021903,0.35150254
0.13926713,0.64159226
0.15075018,0.5146508
0.1744266,0.6040529
0.15992248,0.51381284
0.803986,0.32342392
0.15289114,0.59309673
0.12618135,0.62720406
0.22008587,0.716165
0.76974905,0.28264967
0.15147956,0.6985025
0.1376386,0.49244714
0.9221904,0.4808628
0.17460547,0.6468001
0.82370096,0.3318456
0.7513172,0.11376221
0.81683064,0.34308258
0.077471636,0.31499565
0.16402198,0.4619164
0.8680549,0.25279653
0.79663616,0.22105812
0.23103784,0.75882024
0.12005232,0.60536
0.14303307,0.64133865
0.20244446,0.80805385
0.73158437,0.31041902
0.106719434,0.42083025
0.1424659,0.5843614
0.16128251,0.6097693
0.18253238,0.6439813
0.7844011,0.18219545
0.11312014,0.45497918
0.78777283,0.19869412
0.1629384,0.68964887
0.18587355,0.804313
0.1332678,0.58014655
0.18287428,0.55624115
0.2613954,0.676329
0.7674526,0.2485143
0.7854137,0.30724806
0.8387635,0.25954056
0.122702956,0.5843675
0.2320409,0.82519686
0.7513715,0.18018924
0.8748015,0.38896567
0.0864619,0.49888718
0.08570078,0.48052508
0.14591533,0.60983104
0.17112154,0.47579646
0.13757078,0.6290876
0.83120346,0.35483906
0.8311662,0.38804665
0.7575319,0.16363144
0.882515,0.41127533
0.059787393,0.2848289
0.78788984,0.20669663
0.82753825,0.2947066
0.8464572,0.4487998
0.052048083,0.3407522
0.16519162,0.46002406
0.10430598,0.40350413
0.78188735,0.35759738
0.13856551,0.4692049
0.11998569,0.66862833
0.14554766,0.55819345
0.84035754,0.42951828
0.77049553,0.25568977
0.7680856,0.20304076
0.17353539,0.6497612
0.21917999,0.81839675
0.86166334,0.4339394
0.8891989,0.642771
0.7564082,0.13906017
0.2446793,0.7067034
0.8740721,0.44177982
0.8385239,0.5012224
0.21702196,0.77099675
0.22734646,0.7592635
0.19673428,0.79796803
0.81166935,0.26823035
0.13796026,0.5449358
0.14838709,0.531761
0.10395774,0.55847865
0.8961783,0.6087933
0.8690374,0.5450326
0.78218,0.23251586
0.11268623,0.32258946
0.8768909,0.56352395
0.7532745,0.1334406
0.8513452,0.43193316
0.7820761,0.31507623
0.8754468,0.33245844
0.173441,0.6312007
0.8497349,0.40734616
0.15977731,0.61127263
0.14762914,0.5897891
0.8249773,0.31631982
0.18282986,0.5620613
0.13840488,0.46877253
0.7580177,0.17373608
0.16830155,0.60242474
0.829145,0.3954092
0.13533898,0.71403265
0.17286153,0.67702115
0.18018676,0.64218974
0.21211573,0.68604994
0.16170014,0.5073325
0.1462382,0.5061831
0.13446839,0.5612549
0.8757518,0.44876125
0.11359133,0.39655292
0.19057393,0.6585158
0.7386835,0.23531447
0.90839547,0.6162356
0.14632148,0.45297036
0.831466,0.47335005
0.1257272,0.5803971
0.74174905,0.22298285
0.14632307,0.58909565
0.7920151,0.10505403
0.12887679,0.48842028
0.8623138,0.38160446
0.7770878,0.4588475
0.8580382,0.37887853
0.81434935,0.27751762
0.84274364,0.36388803
0.23821037,0.73021376
0.1467292,0.7176653
0.7567632,0.29814872
0.20448034,0.72689605
0.17131034,0.5133301
0.123531505,0.4224742
0.20230684,0.78915036
0.8226741,0.5199611
0.24121717,0.70209086
0.8372524,0.6252079
0.84831697,0.37521785
0.8507554,0.46959913
0.13190421,0.54366595
0.19593905,0.7814812
0.8972789,0.52393323
0.8643921,0.34604767
0.83723056,0.27218145
0.8391526,0.28841552
0.8241333,0.33586374
0.8547335,0.50655895
0.85530704,0.57615954
0.8301294,0.4593048
0.17165142,0.6932294
0.20908989,0.6471623
0.1389649,0.61899436
0.75899184,0.42592463
0.7477753,0.33379355
0.86548835,0.50120264
0.7771219,0.2477797
0.8087169,0.26441154
0.1157795,0.5328534
0.8320078,0.31436923
0.7591271,0.10749915
0.85272145,0.4120857
0.8169393,0.36682463
0.21705449,0.8061703
0.122230574,0.5276881
0.22658336,0.7631226
0.84736985,0.33163753
0.2183221,0.84777594
0.83569247,0.45836872
0.12949473,0.5388677
0.8678804,0.37076917
0.15478899,0.6708448
0.22619547,0.84996086
0.8648054,0.469826
0.7588998,0.17922162
0.8308061,0.34322625
0.869012,0.5031992
0.1768349,0.6750561
0.8636116,0.42349395
0.21603358,0.64073765
0.12565026,0.59439415
0.13649791,0.4989555
0.8860755,0.48881757
0.14892332,0.62386227
0.17635697,0.72834593
0.14113285,0.5241961
0.17568944,0.43427143
0.7483056,0.22811884
0.7611931,0.19265798
0.8009907,0.26973325
0.14175278,0.55364007
0.80097836,0.2591034
0.14400758,0.33080265
0.22908644,0.77150136
0.7313464,0.17067114
0.16110362,0.5810139
0.74798554,0.30354315
0.17098312,0.6830003
0.80286634,0.26713789
0.10188142,0.24806967
0.8958209,0.6086488
0.2040738,0.773745
0.78486794,0.21133631
0.14868416,0.57209504
0.77618706,0.25796056
0.1865371,0.7378356
0.22632833,0.8249231
0.0967622,0.50777406
0.13662483,0.67250496
0.10207577,0.6107601
0.21246,0.7769926
0.81885344,0.3471051
0.8519671,0.28692797
0.22658336,0.70940346
0.2538524,0.804384
0.13494672,0.5153924
0.19660023,0.69764566
0.87435055,0.62552375
0.2173337,0.86284965
0.23466575,0.7640394
0.18197514,0.6088932
0.21173775,0.83274335
0.8440152,0.5502882
0.17467013,0.53901446
0.8640883,0.40160304
0.77516496,0.26092958
0.8139333,0.27829382
0.85415804,0.3821831
0.14377357,0.5333686
0.8687121,0.3576346
0.74638915,0.23796898
0.76240677,0.27676287
0.19434026,0.5436423
0.12875305,0.600588
0.85076296,0.3689964
0.14904945,0.57594144
0.20759462,0.79061294
0.8134665,0.35138032
0.23596945,0.66889554
0.8091377,0.32256973
0.1768349,0.6239082
0.7936373,0.3021296
0.08066009,0.39828536
0.15871675,0.5643895
0.8042283,0.3887256
0.1583705,0.596113
0.08732495,0.41246638
0.8507784,0.26528192
0.8252335,0.37397733
0.14445536,0.6094793
0.22349049,0.7614962
0.8396587,0.5698632
0.22475691,0.8204074
0.7574601,0.27018967
0.22852722,0.72801745
0.2251341,0.79962295
0.20644441,0.66124916
0.8481944,0.34318683
0.14045304,0.52913016
0.8543512,0.35089585
0.9009901,0.599408
0.15184247,0.63631
0.8508232,0.42300817
0.81575656,0.35951117
0.15283403,0.63292307
0.8351451,0.40336832
0.8932528,0.59035724
0.9043432,0.50654054
0.8265229,0.38872343
0.8333008,0.39299956
0.18415616,0.71480143
0.14471595,0.5626194
0.17294641,0.6606657
0.2339895,0.6177985
0.83544534,0.4560677
0.86801684,0.29976156
0.86412,0.37659243
0.11110966,0.53282803
0.13132554,0.58239985
0.14971896,0.626172
0.156245,0.5335841
0.781641,0.28260234
0.8322664,0.27711987
0.16770384,0.60573494
0.76771396,0.1658444
0.8390629,0.43176892
0.87214255,0.5088849
0.14687794,0.6006029
0.85243434,0.49143702
0.19389842,0.7015793
0.09559494,0.4420584
0.85746074,0.43656322
0.08899275,0.3976677
0.7993736,0.4429415
0.20755576,0.70394903
0.8521983,0.39275643
0.21518639,0.8681447
0.84996253,0.5102726
0.14273243,0.6289728
0.23621218,0.62809324
0.77252585,0.29380822
0.74004835,0.30630323
0.90201896,0.6540452
0.16668966,0.6406553
0.2281524,0.75523967
0.7491282,0.19668923
0.7868899,0.1402052
0.83001757,0.3928839
0.147129,0.62194234
0.1345838,0.4070084
0.22842409,0.6537298
0.84965837,0.4874167
0.83305925,0.34040356
0.73856497,0.31619015
0.8217472,0.3552736
0.84851927,0.5478308
0.82283074,0.30672768
0.13982598,0.5251764
0.85337394,0.33032167
0.7788242,0.47110817
0.11436514,0.38819167
0.1310721,0.6595916
0.78659046,0.4566135
0.8704204,0.44022918
0.8786261,0.5008338
0.19879553,0.719926
0.7703309,0.18736868
0.8463672,0.37670544
0.86193347,0.39347744
0.903377,0.6624336
0.9322845,0.6878796
0.14637542,0.568246
0.09727028,0.46447846
0.1198782,0.4695299
