model1_loss,model2_loss
0.9333318,0.9991033
0.92288655,0.9991209
0.9530714,0.9991569
0.94007427,0.9991182
0.90005624,0.9990993
0.03925016,0.0007793451
0.9527297,0.9991789
0.93229306,0.99908483
0.051950414,0.0007841803
0.06555741,0.0008505543
0.06109496,0.000785499
0.06114052,0.0007978068
0.9390251,0.9991402
0.061902173,0.00083165313
0.061390854,0.0007912133
0.06695865,0.0007973672
0.9410008,0.9991147
0.864986,0.9990822
0.9401515,0.99912524
0.93436927,0.9991358
0.92060107,0.999142
0.061378475,0.0007626417
0.9283885,0.99915385
0.015951144,0.0007819825
0.06408239,0.0007793451
0.918383,0.9991015
0.059535995,0.0007894551
0.05346233,0.00080264197
0.94260436,0.9991226
0.9436409,0.9991015
0.8891995,0.99911165
0.94245505,0.99910414
0.055647504,0.0007850594
0.052860633,0.00084088393
0.945571,0.9990945
0.0375669,0.0007665978
0.06533556,0.0007696747
0.9220833,0.99910945
0.059669953,0.0008022024
0.96168035,0.99915206
0.06966405,0.0008114332
0.040601626,0.0007771473
0.8895471,0.99913275
0.04608251,0.00077407033
0.94083,0.9991191
0.9684194,0.9991437
0.04653143,0.0007885759
0.07035638,0.0008044002
0.9345119,0.99908966
0.92686516,0.9991178
0.05915071,0.0007894551
0.0760918,0.00081319147
0.022116674,0.0007890155
0.035871007,0.000792532
0.03661731,0.0007841803
0.92321193,0.99912524
0.9450426,0.99909145
0.04570317,0.00082154316
0.044263307,0.0007885759
0.049902417,0.0008083563
0.8856601,0.99909407
0.95040905,0.99910855
0.93002695,0.99911386
0.06121084,0.0007868177
0.92562515,0.9991187
0.07376723,0.0007780264
0.045191605,0.00073450967
0.060591318,0.0007687956
0.932945,0.9990954
0.9246109,0.9991323
0.08121341,0.0008127519
0.039211784,0.0007837407
0.9304397,0.9990963
0.06500524,0.0007762682
0.059378266,0.0007547296
0.9272987,0.9990967
0.04422567,0.00080264197
0.91910326,0.99910283
0.063042425,0.00073582836
0.088905215,0.0007582461
0.07184403,0.000799565
0.04321046,0.00080747716
0.9523843,0.9991323
0.922196,0.9991024
0.9534995,0.99910283
0.9419229,0.9991389
0.05509855,0.0008008837
0.08772015,0.00083780696
0.048102032,0.0008048398
0.04583267,0.0008017628
0.027957585,0.0007846199
0.05352869,0.0007762682
0.042201694,0.0007951694
0.9458684,0.99915385
0.06680018,0.0007951694
0.06830294,0.0008008837
0.94260263,0.9991011
0.94085795,0.99911207
0.92546123,0.9990756
0.9348328,0.9991196
0.08265896,0.0007986859
0.0569383,0.0007969276
0.05948771,0.0007982463
0.046714664,0.0008149497
0.04984943,0.000785499
0.04788141,0.0007938507
0.04811763,0.0007969276
0.93017846,0.9990985
0.9203525,0.99910766
0.9264618,0.99911207
0.92859006,0.9991569
0.96807986,0.9991468
0.06191356,0.0007837407
0.062369913,0.0007780264
0.06318777,0.00080967497
0.9305526,0.99912393
0.0713966,0.0007819825
0.058031507,0.0008008837
0.9492602,0.9990923
0.933051,0.99915123
0.063228875,0.0007903342
0.059615973,0.0007687956
0.05297676,0.00082681794
0.034007482,0.000719125
0.05950356,0.0007942903
0.05254146,0.00083341135
0.93261546,0.99910414
0.04955898,0.0007771473
0.05524637,0.0007876968
0.025269512,0.00076220214
0.08206643,0.0007802242
0.08505089,0.0007969276
0.9649724,0.9991596
0.9432746,0.9991165
0.94259596,0.99913627
0.8797298,0.99910814
0.97014916,0.99911034
0.9243324,0.9991407
0.061900936,0.0007824221
0.048685156,0.0008105541
0.9046893,0.99913275
0.9146864,0.99905056
0.051654268,0.00083824655
0.9094395,0.9990813
0.0475298,0.0007969276
0.9651432,0.9991015
0.064489216,0.0007709934
0.95605636,0.9991024
0.93219453,0.99910283
0.9623821,0.99910593
0.9214571,0.9991174
0.06514638,0.0008044002
0.9626302,0.99908656
0.03568084,0.0007876968
0.95661026,0.99913317
0.039326675,0.0007652791
0.044057544,0.0007679165
0.9347318,0.99911034
0.053147614,0.0007837407
0.92746043,0.99913317
0.097421326,0.00081099366
0.07350377,0.000792532
0.93706185,0.99910504
0.12215847,0.0007780264
0.95540094,0.9991428
0.07047721,0.00080967497
0.88607836,0.99911386
0.05534096,0.0008035211
0.056057796,0.00083253224
0.90754575,0.99911076
0.93031144,0.9990971
0.06350744,0.000785499
0.05370771,0.0007890155
0.94650996,0.99910945
0.92027897,0.9991393
0.9224946,0.9990958
0.04030573,0.0007916529
0.933339,0.99908656
0.053187232,0.00073802617
0.9518913,0.99911165
0.04854575,0.0007863781
0.96367437,0.9991428
0.027667137,0.0008092354
0.9441133,0.9990954
0.057408515,0.0008092354
0.95778716,0.9991196
0.9461883,0.9990936
0.045047496,0.000785499
0.06093302,0.0007595648
0.9284677,0.9990923
0.92134863,0.9991407
0.93984896,0.99908745
0.06755713,0.0007837407
0.044639926,0.0007745099
0.93450797,0.9991156
0.92339045,0.9991279
0.060078017,0.0007626417
0.06827149,0.0007973672
0.06737414,0.0007978068
0.04627862,0.0007868177
0.9427316,0.9990985
0.95874393,0.99912
0.0737541,0.0007723121
0.07511102,0.0008197849
0.05278214,0.0007837407
0.055509582,0.0007679165
0.06251848,0.0007696747
0.06575353,0.0008022024
0.93200606,0.99908835
0.03419096,0.0007837407
0.07854811,0.0007802242
0.056607988,0.0007986859
0.9239023,0.99909055
0.93649036,0.9991222
0.067407325,0.0007828616
0.92968893,0.99912524
0.05694251,0.0007894551
0.8872131,0.99912524
0.9360382,0.99910593
0.050394174,0.0007793451
0.05557941,0.0007934111
0.06316301,0.0008114332
0.045730904,0.0007652791
0.03874652,0.0007520922
0.8881189,0.99911034
0.93335384,0.9991424
0.90843123,0.9990923
0.054983657,0.00082681794
0.08824607,0.0008048398
0.054345064,0.0007723121
0.042213827,0.000785499
0.050848294,0.0007780264
0.9326083,0.9990791
0.96436644,0.9991226
0.9261996,0.99911296
0.055386767,0.0007811034
0.060073808,0.0007802242
0.93500245,0.9990563
0.9318342,0.9991226
0.9506359,0.99912
0.92883146,0.99912703
0.063043416,0.00083736744
0.92985606,0.9990835
0.9051776,0.99910855
0.96647215,0.99912
0.03460472,0.000775389
0.93667877,0.99907255
0.9244579,0.9990985
0.048811935,0.00082154316
0.07185072,0.0007850594
0.93600404,0.9991196
0.9450101,0.99909407
0.062720776,0.0008044002
0.9353981,0.99910945
0.04543748,0.0007982463
0.9309012,0.99907166
0.9409322,0.9991006
0.9474179,0.99912965
0.94593996,0.9991143
0.06076613,0.0007881364
0.93019605,0.99908745
0.90833986,0.99909276
0.8998767,0.9991428
0.9373567,0.9990985
0.95019066,0.9990958
0.04473897,0.00076220214
0.938933,0.9991217
0.9464077,0.99911207
0.03560705,0.0007661582
0.9344057,0.99908835
0.027237035,0.0007652791
0.938386,0.9990932
0.9062099,0.9990804
0.9538276,0.9991187
0.92689687,0.99907386
0.9368397,0.99910593
0.95318085,0.99913096
0.9599528,0.9991006
0.0370068,0.0007890155
0.054048672,0.0007674769
0.9541767,0.99914813
0.8988588,0.9991156
0.94182587,0.9991174
0.047342606,0.00082022446
0.032510918,0.0007863781
0.9460026,0.99915475
0.054006085,0.0007463779
0.040712062,0.0007630813
0.9319964,0.99910945
0.06326725,0.0007876968
0.93153167,0.99912524
0.9194284,0.9990998
0.050909206,0.00082022446
0.9594828,0.9991534
0.059875965,0.0007507735
0.9162602,0.99900526
0.9582269,0.9990998
0.028871272,0.0007986859
0.9433001,0.9990945
0.9024586,0.9990945
0.95164716,0.9991191
0.96197057,0.99914634
0.9467063,0.99908745
0.9649179,0.9991556
0.8983084,0.99912614
0.93507797,0.9991147
0.9370512,0.99906904
0.94222105,0.9991802
0.9056852,0.99916
0.0618732,0.0007942903
0.9258688,0.99909496
0.93745035,0.99914855
0.92820126,0.99909097
0.031186193,0.00082198274
0.052009344,0.00082242227
0.93124294,0.9990835
0.06858917,0.0007833012
0.05805206,0.00075297133
0.9477007,0.9991411
0.038375847,0.0007780264
0.94061506,0.99912393
0.93400156,0.9991068
0.9406621,0.9991024
0.068640426,0.00081319147
0.062046282,0.0007894551
0.94057566,0.99912876
0.056830343,0.0007828616
0.054174706,0.0008118728
0.053952105,0.0008035211
0.9533314,0.99910504
0.073611975,0.0007934111
0.06591571,0.00084484
0.937667,0.9991182
0.04695237,0.0007780264
0.072306074,0.00083165313
0.064506054,0.00083604874
0.07421045,0.0007811034
0.06729218,0.0007569274
0.94347495,0.9991112
0.92777586,0.9991213
0.9391514,0.99908304
0.9161089,0.9990954
0.93683946,0.9990879
0.94134897,0.9990985
0.042434942,0.00082505966
0.9306036,0.99907607
0.04755679,0.0007841803
0.06506244,0.00077055383
0.94638884,0.9991209
0.044880357,0.0007890155
0.9425885,0.9991622
0.05513569,0.0007793451
0.07782484,0.00081363105
0.059864823,0.0008149497
0.06388678,0.00081231236
0.058345728,0.0008149497
0.060724035,0.0008127519
0.9568997,0.9990901
0.93102753,0.9991037
0.9689433,0.99911606
0.94118977,0.99909186
0.9337936,0.999109
0.91836566,0.99908304
0.9353667,0.9991143
0.038164634,0.00074901525
0.047643207,0.0007771473
0.9485163,0.99911255
0.050801743,0.00080615847
0.9384915,0.9991112
0.93811715,0.9991987
0.08005037,0.0007731912
0.04437102,0.0007802242
0.07997089,0.0007947298
0.93600154,0.99912924
0.9492911,0.9991006
0.096694335,0.0008118728
0.908612,0.9991569
0.9503848,0.99914944
0.05990345,0.0007960485
0.091589324,0.0007916529
0.94426185,0.9991015
0.9537741,0.9991015
0.049045928,0.0007837407
0.92929673,0.9990985
0.9489571,0.9991248
0.9426395,0.9991279
0.93524384,0.9991235
0.04206105,0.0007723121
0.92415905,0.99914855
0.9429629,0.9990844
0.031173812,0.0007630813
0.93323797,0.9991196
0.08538962,0.0007736308
0.05262763,0.0008092354
0.06930155,0.0008887963
0.93876046,0.99909145
0.06705918,0.0007767077
0.9240553,0.9991134
0.06479329,0.00081363105
0.06588897,0.0007969276
0.9528473,0.9992061
0.9313564,0.9991235
0.9386396,0.9991006
0.9292524,0.99911034
0.045530584,0.0007969276
0.06064208,0.0007762682
0.9360773,0.9990844
0.028102685,0.0008022024
0.053951114,0.00073011406
0.94439656,0.99911165
0.04774993,0.00074242183
0.8972018,0.99909186
0.9383645,0.9990782
0.9313232,0.9991455
0.047431003,0.0007947298
0.93867797,0.9991006
0.90386355,0.99911296
0.05807137,0.00075385044
0.93790567,0.9991226
0.9549899,0.99913406
0.95718426,0.999149
0.056583226,0.0007811034
0.947772,0.99909496
0.051147904,0.0008048398
0.06906805,0.0007986859
0.057546932,0.0008092354
0.059222024,0.0007890155
0.044550784,0.0008101145
0.93262213,0.99911606
0.94640696,0.9990998
0.056546826,0.0007881364
0.9436493,0.9991182
0.074079216,0.00076703733
0.028632822,0.0008052793
0.957932,0.9990404
0.9309198,0.9991174
0.935752,0.99910945
0.9491121,0.99913055
0.037255157,0.000785499
0.05014904,0.0007907738
0.05420987,0.0008017628
0.056755316,0.0007986859
0.039801344,0.0007582461
0.9584431,0.9991006
0.059283927,0.0007907738
0.9346553,0.9991011
0.95356786,0.99911296
0.9321304,0.9991279
0.92176014,0.9991437
0.9370534,0.9990989
0.9199944,0.99912614
0.05441192,0.00083736744
0.94441265,0.9990998
0.070913754,0.0008149497
0.9452845,0.9990734
0.100308225,0.0007547296
0.9383739,0.99909407
0.036491275,0.0007920924
0.91893864,0.9990954
0.08703823,0.000705059
0.04310102,0.00083473005
0.054605056,0.00082022446
0.032148164,0.0007771473
0.056162532,0.00082022446
0.9301326,0.99910504
0.93739706,0.99910814
0.9366837,0.9991428
0.05070344,0.0007969276
0.92626196,0.9991196
0.043410532,0.0007507735
0.06664443,0.0008175871
0.93975586,0.9991209
0.073364116,0.0007828616
0.92626077,0.99910635
0.07365011,0.0007811034
0.067429855,0.0008149497
0.9070322,0.9990932
0.0639212,0.0007687956
0.087107554,0.00084440043
0.953945,0.99914855
0.9556104,0.99912614
0.9517596,0.99912876
0.043361507,0.0007969276
0.95987827,0.99909097
0.9360253,0.9990813
0.9264655,0.9991006
0.92700434,0.99912614
0.94019264,0.99909407
0.06690071,0.0007485757
0.90262026,0.99911386
0.9372391,0.9991222
0.045697227,0.00075736694
0.95807487,0.9990901
0.052630354,0.00082418055
0.078026645,0.000785499
0.92526907,0.9991187
0.9405021,0.99914813
0.9415322,0.9990804
0.9083002,0.99908745
0.9308386,0.99910504
0.9462618,0.9990879
0.04825679,0.00082374096
0.9436493,0.999138
0.93787473,0.99910504
0.060463548,0.00073978445
0.054172233,0.00075516914
0.9456453,0.9991358
0.946681,0.99912614
0.9395607,0.9991266
0.9538306,0.9991217
0.054835584,0.0007828616
0.059970308,0.0008035211
0.06782232,0.0007507735
0.04673472,0.000761323
0.056242265,0.0007736308
0.9302188,0.9990989
0.9406824,0.99904877
0.89355326,0.9991068
0.9441871,0.99913144
0.050230008,0.0007806638
0.041838694,0.0007771473
0.051043905,0.000771433
0.05535235,0.0008017628
0.94721115,0.99908173
0.94607884,0.9991169
0.9387213,0.9991156
0.065489076,0.00084440043
0.93836325,0.99911255
0.9670634,0.9991037
0.9500733,0.99913013
0.075442076,0.0007846199
0.056452487,0.00081714755
0.954463,0.9991596
0.93866855,0.99910945
0.05094511,0.0007868177
0.93733025,0.9991244
0.043669783,0.0008052793
0.8890316,0.9991455
0.92990285,0.9990963
0.037117977,0.0007934111
0.058050077,0.0008105541
0.061508965,0.0007863781
0.041818887,0.0007674769
0.04821395,0.00072703714
0.9613711,0.9991147
0.9371252,0.9991231
0.94306445,0.99906373
0.044310603,0.00080615847
0.95466477,0.99913627
0.93721485,0.99907255
0.9109757,0.9991055
0.98042804,0.9991147
0.96283275,0.9990936
0.044743426,0.0007793451
0.06167313,0.0008017628
0.06817021,0.00082681794
0.059982687,0.000785499
0.059013784,0.000792532
0.061076634,0.00083253224
0.043501902,0.0007723121
0.06118732,0.0008017628
0.96632206,0.9991191
0.0714424,0.0007850594
0.05768386,0.00080747716
0.071870774,0.0008057189
0.9319531,0.99913144
0.9395176,0.9991556
0.9444025,0.9991222
0.8712635,0.9991213
0.9404432,0.9991385
0.04142543,0.0007894551
0.9580506,0.9991398
0.058213253,0.000799565
0.9725911,0.9991534
0.047828175,0.0007569274
0.0364831,0.0007986859
0.051550023,0.000778466
0.05459466,0.0007973672
0.9179066,0.99913496
0.93088615,0.99912
0.8918073,0.9991231
0.07182397,0.0007780264
0.97748494,0.9991415
0.9547022,0.99910414
0.9454202,0.9990963
0.04741466,0.0007846199
0.06503644,0.0008118728
0.042123202,0.0008052793
0.9106996,0.9991011
0.054951467,0.0008127519
0.053294696,0.0008044002
0.9303694,0.99909145
0.04569475,0.00075604825
0.9391108,0.9991569
0.9606998,0.99913496
0.06077034,0.0007934111
0.05208833,0.0007982463
0.04563483,0.0007894551
0.03766693,0.0007745099
0.06877488,0.0008105541
0.9154857,0.9991402
0.03803439,0.0007819825
0.058074344,0.0007837407
0.05284751,0.0008083563
0.1000366,0.0008149497
0.9412613,0.9991015
0.048167896,0.000771433
0.060400162,0.00081714755
0.068745166,0.0007903342
0.086821064,0.0008092354
0.9192912,0.99909407
0.9472216,0.9991398
0.03807029,0.0007802242
0.050976556,0.0007828616
0.9480419,0.9990835
0.9540698,0.9991209
0.9482603,0.9991226
0.88786066,0.99911034
0.05860225,0.00073802617
0.9531707,0.99913406
0.07661377,0.0007934111
0.10890357,0.0007841803
0.931958,0.9990435
0.89998,0.999109
0.9299009,0.9991209
0.045630123,0.0007507735
0.9325642,0.99909407
0.098708905,0.0007982463
0.9192432,0.99909407
0.048279073,0.0007903342
0.9259755,0.9991657
0.048940692,0.0007485757
0.95995945,0.99912924
0.045871545,0.0007903342
0.06979875,0.0007846199
0.95607936,0.99910945
0.051381152,0.0007687956
0.071515694,0.0008035211
0.058663163,0.0007986859
0.9673658,0.99906594
0.93709403,0.99914724
0.95222557,0.9992264
0.9497717,0.9991174
0.93368936,0.9991604
0.056703813,0.0007771473
0.93641454,0.9990945
0.052384477,0.00080264197
0.9345466,0.99912703
0.9488318,0.99913496
0.9649372,0.99909496
0.9607439,0.99912703
0.059555557,0.00077407033
0.06350645,0.0008057189
0.962029,0.99910855
0.04797055,0.0008175871
0.06544228,0.0007986859
0.94789237,0.99913013
0.041895647,0.000775389
0.07327151,0.00079560897
0.9563013,0.9991248
0.060469244,0.0007780264
0.059955943,0.0008175871
0.89762324,0.99912745
0.9584282,0.99912876
0.068064235,0.0007868177
0.9368256,0.99912524
0.9316473,0.99904794
0.96566445,0.99911606
0.9423882,0.9991156
0.9318389,0.9991187
0.0577938,0.0007837407
0.90572435,0.99910766
0.9726458,0.9991174
0.047057852,0.00082418055
0.06763339,0.0007819825
0.9254832,0.9990976
0.06828783,0.0007841803
0.059988383,0.00081934535
0.9708487,0.99915606
0.9428349,0.99925536
0.95407325,0.9991165
0.056290302,0.00080615847
0.04354672,0.0007802242
0.06627078,0.0008105541
0.080550306,0.0007912133
0.062264428,0.0007876968
0.936709,0.9991178
0.055360768,0.0008035211
0.91896784,0.9991437
0.92101854,0.99908394
0.022794634,0.00077407033
0.088413954,0.0008092354
0.06277921,0.0007942903
0.057608835,0.00082681794
0.061396796,0.0007736308
0.06031003,0.0007978068
0.045294363,0.0007837407
0.939531,0.9991587
0.05419303,0.0008127519
0.92936605,0.99909407
0.9548599,0.99908304
0.05355989,0.0007960485
0.056911312,0.0007652791
0.049131352,0.000792532
0.0757189,0.00080747716
0.92245746,0.99912
0.04965109,0.0007824221
0.9506418,0.9991235
0.8861068,0.9990958
0.92513734,0.99911207
0.044839997,0.0007903342
0.9304649,0.99907607
0.94460875,0.99911296
0.9573883,0.9991248
0.042820476,0.00077407033
0.05191525,0.0007903342
0.9573405,0.9991899
0.9449755,0.99910945
0.94928145,0.9991407
0.9424885,0.9991323
0.93764347,0.9991174
0.91924244,0.999102
0.05876444,0.00076352083
0.9246525,0.99915516
0.9285643,0.9991244
0.050781436,0.00074066356
0.96504146,0.9991428
0.94244117,0.99912703
0.045947317,0.0007824221
0.057663556,0.0008022024
0.06693339,0.0007907738
0.094049096,0.000771433
0.9493503,0.9991345
0.9159272,0.9991174
0.07211987,0.00082022446
0.046064436,0.0007942903
0.05369657,0.0007736308
0.05021936,0.0008127519
0.047877945,0.00076703733
0.09150192,0.00081846624
0.9530828,0.9991209
0.9443594,0.99908966
0.9271947,0.9991046
0.056451496,0.00081890577
0.93060136,0.99910635
0.06309071,0.00081714755
0.955911,0.99913317
0.04927051,0.00082901574
0.94590205,0.9990954
0.95037293,0.999138
0.95420027,0.9991191
0.96576595,0.99913716
0.0522993,0.0007934111
0.053856526,0.0007687956
0.95284957,0.99910855
0.05670183,0.0007745099
0.034822866,0.0008057189
0.95622694,0.99912524
0.08451407,0.00083297177
0.037615925,0.0007978068
0.07385934,0.0007894551
0.9459934,0.99910855
0.0762894,0.00083253224
0.039834775,0.0008052793
0.058336318,0.0007679165
0.06385831,0.0007978068
0.06426983,0.00081319147
0.07193688,0.00081846624
0.063810766,0.0008118728
0.0747703,0.0008048398
0.05755634,0.000792532
0.018397547,0.0007450592
0.93704253,0.9990844
0.96907777,0.99915475
0.05643689,0.00082154316
0.9732911,0.99910414
0.94391173,0.9990936
0.9378116,0.9990826
0.96380734,0.99908924
0.9398821,0.99912614
0.9215093,0.9991569
0.9319635,0.9990787
0.05944512,0.0007837407
0.9596044,0.9991191
0.048928313,0.000771433
0.056982625,0.0007876968
0.059647173,0.000799565
0.03814656,0.0008052793
0.9414183,0.9991556
0.05985814,0.00084396085
0.05398702,0.0008035211
0.9215596,0.99908656
0.05662334,0.0008035211
0.06484529,0.0008017628
0.05953253,0.0008092354
0.9004514,0.99908745
0.08918353,0.000785499
0.04676072,0.0007920924
0.051137008,0.0007916529
0.05933122,0.0008197849
0.93821716,0.9991217
0.06537096,0.00081934535
0.06555296,0.0007951694
0.0242444,0.0007969276
0.03730963,0.0007938507
0.94798744,0.99910766
0.8944865,0.99908745
0.9081611,0.999138
0.03824783,0.00080747716
0.06557772,0.000792532
0.06518253,0.000778466
0.042428754,0.000799565
0.055023767,0.0007661582
0.045323085,0.00081538927
0.048214696,0.0007903342
0.94896424,0.99915516
0.060276106,0.0008008837
0.9446254,0.9991182
0.9516137,0.99903953
0.052082885,0.0007947298
0.055523697,0.0007762682
0.029219167,0.0008079167
0.0743298,0.0008149497
0.07323214,0.00074066356
0.93765384,0.9991174
0.9394052,0.9991147
0.9199368,0.99911165
0.04967412,0.0007969276
0.9369083,0.99912965
0.9337599,0.9991235
0.93408877,0.9991002
0.056041203,0.0007520922
0.05963009,0.00073670753
0.04727377,0.0008044002
0.95579684,0.9991156
0.9357242,0.99913406
0.8993528,0.9990923
0.040761583,0.00082549924
0.9318491,0.99912
0.037078362,0.00080747716
0.07432064,0.00079560897
0.07170091,0.00079560897
0.034352157,0.0008083563
0.9493273,0.9991174
0.10499403,0.0007986859
0.9386121,0.9991323
0.9395899,0.9991385
0.95986587,0.99909496
0.05851633,0.000792532
0.9452147,0.99911034
0.9196228,0.9990813
0.05344376,0.00080615847
0.060767367,0.0008149497
0.03868338,0.0007679165
0.9342237,0.9990963
0.057469923,0.00077407033
0.9268488,0.9990826
0.9349106,0.9991257
0.0445025,0.00077055383
0.95798326,0.9991842
0.115452655,0.00074066356
0.046416044,0.00081363105
0.034671824,0.0007771473
0.07168729,0.0007793451
0.055619027,0.0007885759
0.057169322,0.0008008837
0.8884522,0.99909407
0.94552,0.9991046
0.933005,0.9990901
0.053974636,0.0007547296
0.060486823,0.0008118728
0.9370341,0.99910635
0.053021334,0.0008017628
0.92969435,0.99909097
0.9372659,0.9990963
0.036647268,0.0007951694
0.04573214,0.0008017628
0.93061155,0.9991354
0.959179,0.9991626
0.06347054,0.0007960485
0.04857101,0.0007876968
0.9361774,0.9991222
0.93995816,0.9991446
0.9263858,0.99907076
0.95791495,0.9991226
0.89858943,0.9991231
0.9399178,0.9990971
0.8924343,0.99917316
0.07024099,0.0008233014
0.91969657,0.99911034
0.045469176,0.0007811034
0.9482019,0.9991068
0.9202599,0.9991222
0.9442599,0.9991134
0.04706231,0.0008048398
0.9178484,0.99912524
0.9425078,0.9991165
0.061868746,0.0007595648
0.94822836,0.9991011
0.93467236,0.99912965
0.085967794,0.0007938507
0.93605477,0.99909097
0.054865792,0.000775389
0.07845179,0.0007692352
0.050784655,0.0007894551
0.9471963,0.9990936
0.9217094,0.9990958
0.9310374,0.9991393
0.04755654,0.000771433
0.055018816,0.0008017628
0.05819196,0.00077055383
0.91744554,0.99910593
0.06206733,0.0007802242
0.036214445,0.00075253175
0.93507695,0.9991437
0.9149182,0.9991015
0.9580239,0.9990813
0.055651218,0.0007758286
0.061471824,0.0008118728
0.049132593,0.00075297133
0.044589166,0.0008048398
0.035720706,0.0008092354
0.9295456,0.9991046
0.9368833,0.99910504
0.9375605,0.9990791
0.95300084,0.9990901
0.05327984,0.0008101145
0.053142663,0.0007969276
0.050359506,0.0007890155
0.9550149,0.9991455
0.9424117,0.9991437
0.9700504,0.9991147
0.080553524,0.0008118728
0.051430676,0.00060703646
0.9465709,0.9991182
0.05481899,0.0008175871
0.06341805,0.0007846199
0.060204796,0.0008083563
0.039672587,0.0007793451
0.051404182,0.00083341135
0.058288034,0.00080396066
0.94555813,0.9990822
0.92470056,0.99908656
0.05593176,0.00081363105
0.91988105,0.99912965
0.93002343,0.9991182
0.9468742,0.9990804
0.04179561,0.0007947298
0.062149785,0.00080396066
0.9130603,0.9990932
0.95339996,0.9991046
0.92364794,0.9991024
0.07671232,0.0007771473
0.04460006,0.0007969276
0.058888987,0.0007912133
0.063609205,0.0007960485
0.05646462,0.0007639604
0.040185392,0.00075033394
0.9275248,0.99912393
0.08798459,0.0007894551
0.04734756,0.000775389
0.9393859,0.999102
0.9232191,0.9991024
0.08215235,0.00082681794
0.9368516,0.9990954
0.06557524,0.00077055383
0.08013877,0.0007485757
0.0479136,0.0008083563
0.020326937,0.000761323
0.952288,0.99910414
0.8900847,0.9991402
0.9288089,0.9991217
0.9190352,0.9991187
0.06708122,0.00082549924
0.027106792,0.00075429
0.9358027,0.99913496
0.8987429,0.9991442
0.043000735,0.0008118728
0.92557216,0.99917936
0.0402983,0.00082989485
0.9510573,0.99912965
0.9134072,0.99910593
0.05378992,0.0007885759
0.92972606,0.99909186
0.95722234,0.99913365
0.05124967,0.00083165313
0.06307511,0.0007837407
0.93345934,0.9991006
0.049781334,0.0008052793
0.9272445,0.99910414
0.95235974,0.99913055
0.054036293,0.0007920924
0.93970233,0.99913317
0.9243618,0.99909097
0.07439641,0.0007885759
0.9547581,0.99910766
0.9432199,0.99912876
0.95094246,0.9990945
0.94067794,0.99911255
0.93303764,0.9991178
0.9389583,0.99909407
0.041602474,0.0007920924
0.053358085,0.0008470378
0.9594724,0.999098
0.96796477,0.9990985
0.9279155,0.99904794
0.066086315,0.00081846624
0.052769758,0.0007833012
0.9372805,0.9991565
0.958737,0.9991235
0.04517675,0.0007876968
0.91048616,0.99906284
0.056485914,0.0008400048
0.9652326,0.9991182
0.04041963,0.00076220214
0.04314039,0.000799565
0.056307387,0.0008092354
0.061564926,0.0007986859
0.94550043,0.9991468
0.9447739,0.99910945
0.95993495,0.99911255
0.91564834,0.99911207
0.0514074,0.00080615847
0.95497704,0.9991226
0.9465656,0.999142
0.050140865,0.000806598
0.9074626,0.9991248
0.046505183,0.0007679165
0.9150328,0.99911296
0.9239047,0.99910504
0.052696217,0.0007833012
0.0626772,0.00076703733
0.93235004,0.9991024
0.072913714,0.0007894551
0.034713916,0.0007973672
0.92903596,0.99923164
0.042625606,0.00076220214
0.07002705,0.0008092354
0.048709422,0.0007978068
0.046882793,0.0007894551
0.9476742,0.9991455
0.050171074,0.0006936303
0.9277885,0.99908614
0.94593596,0.99910504
0.9508065,0.99908924
0.92547184,0.9991112
0.9491111,0.99908924
0.051616386,0.0007986859
0.03912388,0.00071341067
0.051696364,0.00082769705
0.03597525,0.0007903342
0.06490224,0.000771433
0.04871809,0.00080264197
0.95394796,0.99913055
0.05184716,0.0007793451
0.9473065,0.99913496
0.9420985,0.99912965
0.057055917,0.0007903342
0.05875181,0.0008017628
0.050409526,0.0008149497
0.047383215,0.00081714755
0.91632634,0.99919385
0.054080863,0.00076220214
0.06429782,0.0007630813
0.04314039,0.0007512131
0.05408235,0.0007876968
0.04144202,0.000799565
0.037099406,0.00077407033
0.04946365,0.000792532
0.051111504,0.0007969276
0.95526993,0.99910593
0.92719895,0.9990985
0.9362828,0.9990752
0.05315826,0.0007745099
0.9436716,0.9991147
0.93515027,0.99912703
0.9869293,0.99913406
0.94411725,0.9991235
0.9240709,0.9990945
0.049412146,0.0008052793
0.9514228,0.99912393
0.9513708,0.99911076
0.92662823,0.99913317
0.9580546,0.9991187
0.9210715,0.999102
0.062730685,0.00081846624
0.94388103,0.9991213
0.9134327,0.99910814
0.055746794,0.0007986859
0.07054382,0.0008017628
0.891659,0.9991411
0.050602168,0.0008149497
0.050966155,0.0007876968
0.94378966,0.9991424
0.044764724,0.0008105541
0.07176058,0.0007802242
0.93645763,0.9991174
0.048494745,0.000771433
0.9479877,0.99908483
0.055144355,0.0007868177
0.063919716,0.0007415427
0.05157949,0.0006905534
0.049653813,0.0007846199
0.91641176,0.9990998
0.058602996,0.0008233014
0.8756415,0.99910504
0.025970254,0.00072747667
0.045606107,0.00082418055
0.056523304,0.00082418055
0.9429594,0.99907035
0.043880995,0.0007736308
0.93352544,0.9991248
0.94275093,0.9991468
0.9291843,0.9990822
0.9446229,0.9990901
0.94697225,0.9990835
0.9721687,0.99913627
0.050887167,0.0007736308
0.9111735,0.9991578
0.93905634,0.99909407
0.051731028,0.0007595648
0.051027562,0.0007969276
0.057580605,0.0007793451
0.053540327,0.0007903342
0.08421941,0.0007771473
0.9391046,0.99912614
0.94488806,0.99910635
0.04518368,0.0008127519
0.058584176,0.0007595648
0.9588982,0.99913317
0.9151856,0.9991209
0.063447766,0.0007986859
0.93118674,0.9991367
0.061946,0.00074066356
0.94468826,0.9991596
0.045488987,0.0007885759
0.93050754,0.9990936
0.06844581,0.00083824655
0.024925333,0.0007709934
0.94724953,0.99910593
0.06347525,0.0008013233
0.066647895,0.00076220214
0.9534609,0.99912876
0.041222885,0.0007828616
0.038593,0.0007951694
0.9396806,0.9990985
0.060546253,0.0007806638
0.92680573,0.9990998
0.9165313,0.99913406
0.91714144,0.999138
0.095891826,0.0007951694
0.93966246,0.99909186
0.053212736,0.0008030815
0.94473654,0.9991622
0.92145586,0.9990976
0.95282525,0.9991367
0.061738253,0.0007687956
0.93783635,0.9991006
0.056993023,0.00080396066
0.06310383,0.00080747716
0.057320368,0.00081846624
0.05614421,0.0007758286
0.92715067,0.99908304
0.06676526,0.0008175871
0.9564845,0.9991174
0.9343012,0.9991015
0.06233896,0.000785499
0.064349815,0.0008101145
0.10126376,0.00076703733
0.07874769,0.0008057189
0.94465035,0.99912614
0.9372891,0.9990985
0.05492398,0.0007934111
0.039000075,0.0007907738
0.06270493,0.000785499
0.041409336,0.0008149497
0.05795871,0.0007894551
0.91875714,0.9991257
0.061522584,0.0008118728
0.9189683,0.99911034
0.93566877,0.9991024
0.9519819,0.9991323
0.054106615,0.0007828616
0.042707812,0.0007837407
0.050444685,0.00082945527
0.9409852,0.9990998
0.95476854,0.99912524
0.91922116,0.9990998
0.07422184,0.0007868177
0.078856885,0.0007828616
0.93183774,0.99909407
0.92821366,0.9991398
0.049215294,0.0007828616
0.046593335,0.0007679165
0.03283578,0.00080396066
0.9341437,0.99904
0.93511534,0.99907166
0.044907097,0.0007920924
0.052960422,0.0007811034
0.058925137,0.0007736308
0.040871773,0.0007894551
0.062245116,0.0007947298
0.06728401,0.0007771473
0.9505121,0.9991446
0.08281298,0.0007969276
0.069644496,0.0007986859
0.06941793,0.0007828616
0.9323659,0.99910855
0.9198815,0.9991182
0.9383422,0.999102
0.97892255,0.9991196
0.94304013,0.99908614
0.051960565,0.0007960485
0.04417912,0.00073582836
0.9268194,0.99910593
0.06351165,0.0007973672
0.0512935,0.0008048398
0.9513928,0.99915427
0.91787094,0.9991191
0.93649703,0.99914724
0.033334967,0.00081538927
0.9187715,0.9991881
0.9381528,0.9990655
0.9486513,0.9991433
0.93354475,0.99912524
0.023196507,0.0007674769
0.045728922,0.0007951694
0.054384932,0.0007894551
0.086147815,0.0007846199
0.89620566,0.9991217
0.05747735,0.0008052793
0.9427507,0.99913096
0.037731808,0.0007907738
0.033632103,0.0007841803
0.07360727,0.0007837407
0.049687985,0.00075297133
0.044584956,0.0007498944
0.93481994,0.99912
0.9138824,0.99913275
0.054771204,0.0007973672
0.053600743,0.0007912133
0.933468,0.9990936
0.050120562,0.00073494925
0.05256845,0.000799565
0.94853616,0.99915165
0.94313174,0.99915826
0.9315804,0.99906766
0.93426156,0.99910414
0.04608573,0.0008101145
0.062000226,0.0007934111
0.93759173,0.9990813
0.049091734,0.00075516914
0.07832427,0.0008083563
0.93351084,0.99908304
0.060817137,0.0007903342
0.047026157,0.0007736308
0.051096153,0.0007556087
0.9279487,0.9991033
0.9433477,0.99915516
0.058408126,0.00082769705
0.9380869,0.99913406
0.0351767,0.0007780264
0.93453765,0.9990971
0.06364387,0.00080615847
0.07359514,0.0007850594
0.036442246,0.0007723121
0.9356673,0.99912876
0.94898903,0.9991156
0.03232793,0.0008008837
0.9487724,0.99917054
0.9409701,0.9991477
0.047301255,0.00081363105
0.07978964,0.00073978445
0.94806194,0.9991174
0.9312704,0.99909496
0.05763087,0.0007745099
0.06097338,0.0007701143
0.926393,0.9991191
0.91894555,0.999098
0.9308557,0.9990233
0.049645644,0.0007780264
0.9523541,0.9991174
0.046230584,0.0007582461
0.076137364,0.00081319147
0.9571934,0.9991437
0.055731937,0.0008017628
0.9491242,0.9990795
0.9240944,0.9990646
0.9429956,0.99910945
0.03628724,0.0007960485
0.03313019,0.0007582461
0.06371073,0.0007934111
0.051976413,0.0008017628
0.9582923,0.99910593
0.045485023,0.00075648783
0.05320407,0.0007969276
0.929057,0.9991024
0.92739356,0.99912876
0.91966957,0.9990822
0.9290419,0.99917185
0.042957157,0.0007916529
0.94855523,0.99912876
0.03873538,0.0007837407
0.044589166,0.00076220214
0.0897211,0.0007824221
0.05810084,0.0007846199
0.93942255,0.9991446
0.9547653,0.9991187
0.93878794,0.9991411
0.05732705,0.0007841803
0.9373897,0.9991068
0.9494526,0.9991248
0.9274473,0.99910945
0.106469795,0.0007960485
0.95239097,0.99912965
0.92838454,0.99908525
0.9317763,0.9990813
0.060184985,0.0007947298
0.057982728,0.0008149497
0.030750398,0.000747257
0.113506176,0.0007881364
0.0437302,0.00082945527
0.9480558,0.99911386
0.057413965,0.0007978068
0.9521394,0.99910766
0.035549853,0.0007731912
0.07229023,0.0007960485
0.06658872,0.0007986859
0.9146181,0.99910766
0.030758569,0.0007692352
0.9396308,0.9991006
0.05422819,0.0008052793
0.9187262,0.99910766
0.9461749,0.9990826
0.9435314,0.99916834
0.905604,0.9991767
0.9430654,0.9991015
0.049806837,0.00080967497
0.04855516,0.00081231236
0.051073123,0.00073231186
0.06091866,0.0007907738
0.0473639,0.0007806638
0.9338909,0.99910855
0.9560299,0.9991446
0.9514441,0.99912614
0.95391476,0.99911207
0.93526715,0.99908924
0.044145692,0.0007947298
0.05725029,0.0008175871
0.8945345,0.9990598
0.046198145,0.0007846199
0.066055365,0.0007771473
0.03232595,0.0008030815
0.07527865,0.00073011406
0.9032851,0.9990936
0.03653609,0.0007947298
0.019735392,0.0007934111
0.05995842,0.0007771473
0.063999444,0.0007850594
0.052889604,0.0007837407
0.9574742,0.9991578
0.04946959,0.0007793451
0.060286753,0.0007960485
0.9534661,0.99910855
0.06707874,0.0007723121
0.92671514,0.99911076
0.89636683,0.99912876
0.95914084,0.9991358
0.057765324,0.0007679165
0.07315662,0.000785499
0.056703813,0.0008175871
0.049470086,0.0008092354
0.9164353,0.9990963
0.9389768,0.99912965
0.95001936,0.999138
0.07376946,0.0007916529
0.06909133,0.0008092354
0.9627768,0.9991657
0.9307096,0.9991376
0.07743312,0.0007912133
0.055285,0.000785499
0.05523696,0.0008022024
0.9401463,0.99911207
0.041878313,0.00079560897
0.08565259,0.0008008837
0.9269647,0.99913406
0.055786166,0.0008017628
0.058272187,0.0007986859
0.95119053,0.9991231
0.935855,0.9991648
0.93048424,0.9991147
0.041888714,0.0007696747
0.9317704,0.9991323
0.045825984,0.0007745099
0.05534294,0.00083297177
0.031197831,0.00082374096
0.9724386,0.9990774
0.9415315,0.9991534
0.9315344,0.9991112
0.9448792,0.99906814
0.93726486,0.9990958
0.061878648,0.0007868177
0.9529179,0.99912876
0.94470215,0.99907607
0.9015922,0.9991015
0.052858155,0.0008057189
0.9581851,0.9990998
0.9497457,0.9991833
0.9410043,0.9991213
0.95292085,0.9991244
0.96081173,0.9991859
0.9328148,0.99911386
0.9261627,0.99910766
0.93161386,0.99915475
0.91012985,0.99921584
0.050217625,0.0007736308
0.9064461,0.9990971
0.07356542,0.0007863781
0.9340935,0.99910986
0.046592344,0.0007793451
0.9438756,0.9991323
0.93482095,0.99912614
0.041235264,0.00080747716
0.05778241,0.0007907738
0.051103827,0.0008101145
0.93524235,0.99912524
0.9236477,0.9991182
0.9521322,0.99913275
0.054886345,0.000785499
0.0563527,0.0007780264
0.058111735,0.0007758286
0.929471,0.999102
0.04864009,0.0007863781
0.045344383,0.000775389
0.04824837,0.000799565
0.05422349,0.0007687956
0.96002656,0.99915737
0.9300386,0.9991165
0.052048218,0.0008118728
0.92865366,0.99908876
0.9018648,0.99910593
0.94127023,0.9991174
0.050178006,0.0007652791
0.063508675,0.0007652791
0.083126456,0.000771433
0.079043835,0.0008057189
0.94563514,0.9991006
0.9348338,0.99909496
0.91839415,0.9991187
0.06259499,0.0007771473
0.92349124,0.99918944
0.9332565,0.99912524
0.97332925,0.9991455
0.04555163,0.0008175871
0.055683654,0.00074813614
0.045645475,0.0007767077
0.057131685,0.0007846199
0.048039634,0.0007986859
0.93257856,0.99908745
0.08276073,0.00082901574
0.8984468,0.99904394
0.040135868,0.0007846199
0.9480072,0.99915826
0.06259474,0.0008057189
0.94559103,0.9991446
0.93030894,0.99913627
0.06422576,0.0008175871
0.9400753,0.99911255
0.93618876,0.9991859
0.07292832,0.00082022446
0.050075743,0.00076088344
0.044554003,0.0008118728
0.061534468,0.0008092354
0.9880708,0.99916923
0.93386096,0.9990958
0.96571743,0.999149
0.9529263,0.9990998
0.93123305,0.9991156
0.9334536,0.99912834
0.052046485,0.00073231186
0.9367939,0.99913317
0.05461075,0.0008083563
0.043189168,0.0007806638
0.027712945,0.0007868177
0.91544753,0.99911076
0.063165985,0.00076220214
0.04847444,0.0007731912
0.048468992,0.0007811034
0.9287641,0.9990857
0.9464324,0.9990769
0.05171196,0.0007903342
0.042945024,0.00077055383
0.073028356,0.0008118728
0.03738639,0.00072923495
0.9315802,0.9990963
0.069615774,0.00080264197
0.052484017,0.00079560897
0.09554715,0.0008008837
0.057328537,0.0007894551
0.03110572,0.00082901574
0.94950974,0.99914634
0.9596138,0.99911034
0.93374455,0.9991217
0.056055564,0.000771433
0.93880004,0.9991279
0.09921428,0.0007920924
0.07453928,0.000806598
0.9800031,0.9992281
0.032560933,0.000775389
0.9418169,0.99915123
0.05852054,0.00082418055
0.942697,0.9991068
0.9301906,0.9990998
0.041265473,0.0007771473
0.052109625,0.00082505966
0.94141734,0.999142
0.0608523,0.0008035211
0.9143511,0.9991222
0.064707115,0.000778466
0.9347996,0.99912
0.9255625,0.99910814
0.054863315,0.0008092354
0.9073162,0.99915165
0.043992173,0.00085494993
0.9187522,0.9991415
0.09925192,0.0007885759
0.053261515,0.00074549875
0.926727,0.9990589
0.054262858,0.00084176305
0.041809972,0.0007881364
0.9394347,0.9991209
0.048189934,0.0007771473
0.062317666,0.0007978068
0.057076715,0.0008175871
0.9479486,0.9991178
0.060274374,0.0007837407
0.05314836,0.00080044416
0.9279834,0.9990844
0.04948915,0.000761323
0.084318705,0.0007912133
0.9497148,0.9991244
0.058150858,0.0007916529
0.9567301,0.99910724
0.95140594,0.9991323
0.95498097,0.999102
0.06251625,0.0007894551
0.93521416,0.99906904
0.94938296,0.9990901
0.94069576,0.99912614
0.055160698,0.0007982463
0.9499225,0.99912
0.050947584,0.0007868177
0.063773125,0.0008022024
0.053890448,0.0008083563
0.93167007,0.9991191
0.04751098,0.00081363105
0.9586434,0.9990936
0.06185884,0.0008030815
0.9296102,0.999142
0.06255017,0.0008017628
0.9456416,0.99908614
0.9308688,0.9991156
0.9258916,0.9991437
0.052161872,0.0007802242
0.9531165,0.99911606
0.9145257,0.99910414
0.9323812,0.9991217
0.052379772,0.0008101145
0.047856152,0.0007661582
0.95040166,0.9990563
0.042085316,0.0007986859
0.89918715,0.99911296
0.0563163,0.0007894551
0.9445253,0.99908173
0.05249417,0.0007696747
0.055295397,0.00076703733
0.054829393,0.0007951694
0.9528909,0.999062
0.059591707,0.0007903342
0.9423107,0.9991147
0.04737009,0.0007920924
0.082488604,0.0008364883
0.10219701,0.0008052793
0.9422186,0.9991196
0.88533944,0.99908924
0.9284816,0.9990936
0.06652434,0.0007863781
0.057682868,0.00075297133
0.9281272,0.9990945
0.066395335,0.0008013233
0.04355811,0.00081099366
0.9823148,0.99912614
0.058718383,0.0007595648
0.053957306,0.0007771473
0.9234177,0.99911034
0.9393445,0.99911034
0.067404106,0.0007876968
0.9456968,0.99910414
0.05441291,0.00080044416
0.069749236,0.00081670796
0.06632551,0.0007890155
0.056712233,0.00080044416
0.053659182,0.00081319147
0.94269574,0.99915165
0.92087793,0.9991191
0.053127557,0.00077055383
0.04285316,0.0007692352
0.065654725,0.0007907738
0.043376114,0.0008083563
0.93097305,0.99911034
0.935672,0.99911296
0.9480172,0.9991385
0.93357,0.9990936
0.0604014,0.0008083563
0.9467006,0.99910283
0.9357782,0.9991385
0.8891232,0.99913716
0.94461226,0.9990958
0.92640835,0.99915075
0.04222373,0.0008044002
0.10402364,0.0008079167
0.93559176,0.9991006
0.056615416,0.0007841803
0.93965036,0.9991244
0.056420296,0.00075253175
0.068813264,0.00084440043
0.986523,0.9991459
0.9395261,0.99910855
0.042090267,0.0007723121
0.950959,0.9991037
0.094820164,0.0007771473
0.9322057,0.9990932
0.046027046,0.0007885759
0.062203765,0.0007639604
0.049867008,0.00072835584
0.9351319,0.9991354
0.05786709,0.0007942903
0.05836529,0.0008580269
0.9448626,0.99909055
0.8828222,0.9991037
0.9474264,0.99909496
0.93924475,0.9991187
0.05106545,0.0007863781
0.93938094,0.99910855
0.056479476,0.00082418055
0.058376182,0.0007907738
0.93414223,0.9991112
0.057862885,0.0007841803
0.048493505,0.0007934111
0.03470253,0.00076000433
0.04598941,0.00080264197
0.9153126,0.99907166
0.93162227,0.9991279
0.06646219,0.0007978068
0.93458647,0.9991244
0.92533743,0.9991213
0.050971605,0.00082989485
0.042853408,0.0007793451
0.0637917,0.0007982463
0.9582636,0.99912614
0.030072683,0.00072396017
0.049685758,0.00080747716
0.055212695,0.0008017628
0.94134253,0.99906725
0.05266279,0.0007894551
0.9280911,0.99913716
0.043885205,0.0008101145
0.95188016,0.99910635
0.1101399,0.00079560897
0.054192785,0.000775389
0.045425348,0.00076703733
0.92757136,0.9991213
0.048448935,0.0008114332
0.059810597,0.0007938507
0.94635147,0.99916923
0.04589581,0.00082418055
0.91628796,0.9990585
0.06617966,0.0007696747
0.10076259,0.0007978068
0.9502873,0.9991165
0.9210936,0.9990985
0.06458331,0.0008118728
0.055141877,0.00082154316
0.049034536,0.0007780264
0.054161336,0.00073802617
0.9396692,0.9990989
0.94046944,0.9991367
0.050308254,0.000771433
0.92998755,0.9991196
0.94888055,0.9991015
0.04017821,0.0007507735
0.04990613,0.000771433
0.057224046,0.0008008837
0.06236768,0.000785499
0.059540946,0.0007846199
0.06283938,0.0007942903
0.8913549,0.9991358
0.05679048,0.000785499
0.059565213,0.00080264197
0.0366079,0.0007556087
0.9375798,0.9990752
0.07218474,0.0008035211
0.95432705,0.99913365
0.9302441,0.99911207
0.043549195,0.000775389
0.057364937,0.0007903342
0.97083557,0.99912614
0.9119082,0.99909186
0.9452642,0.99910945
0.936965,0.999142
0.054226954,0.00081670796
0.064667255,0.0007687956
0.04087796,0.00077407033
0.05500792,0.00080747716
0.06125244,0.0007767077
0.9211345,0.99906373
0.9429483,0.9991213
0.058648802,0.0007969276
0.93333924,0.9990963
0.043253794,0.0008008837
0.93537754,0.9991666
0.96100515,0.9991393
0.9259738,0.99908483
0.05868669,0.000799565
0.06531797,0.00082593877
0.06434214,0.0007687956
0.061183356,0.0007920924
0.059716504,0.0007687956
0.92771894,0.9990752
0.92606986,0.99912876
0.029735437,0.0007723121
0.06334228,0.0007692352
0.92796457,0.9990857
0.08533242,0.0007661582
0.9405613,0.9991174
0.935699,0.9991178
0.04893871,0.0008044002
0.9331352,0.9991393
0.039965514,0.000775389
0.029335791,0.0007894551
0.9575628,0.99910814
0.95766234,0.99919647
0.04025076,0.0007894551
0.92276174,0.9991169
0.044049866,0.0007920924
0.030504024,0.0008083563
0.044232603,0.0007868177
0.041500457,0.0008044002
0.93946713,0.9990804
0.8993335,0.99911386
0.92551345,0.9991182
0.9358265,0.999102
0.041488573,0.00076220214
0.07343394,0.0007982463
0.9646109,0.99910766
0.054371808,0.0008149497
0.9471295,0.99913013
0.051288795,0.0008013233
0.92269737,0.99908835
0.048220143,0.0007811034
0.93469167,0.99912524
0.9298709,0.9991393
0.9507166,0.9991033
0.0849979,0.0007969276
0.93969095,0.9991213
0.9304813,0.99910635
0.92183644,0.9990945
0.9230029,0.99913627
0.09788188,0.0008246201
0.94030774,0.99910504
0.9699367,0.9991367
0.0640918,0.00084044435
0.06745115,0.0007828616
0.9549037,0.9991024
0.94069624,0.99912614
0.04589581,0.0007907738
0.9295027,0.99906904
0.93631774,0.9991248
0.06618288,0.00076220214
0.9436161,0.99911386
0.0656208,0.00077407033
0.9216522,0.99908614
0.8971119,0.9990826
0.93378097,0.9990963
0.9324852,0.99907607
0.94202495,0.99910855
0.9092486,0.99911034
0.061576314,0.0008008837
0.9552385,0.9991644
0.06669891,0.0007582461
0.9169488,0.99909186
0.9187643,0.9991257
0.94510376,0.99910855
0.9352136,0.9991165
0.04362744,0.0008079167
0.93173844,0.99911517
0.050928272,0.00080044416
0.938599,0.999142
0.07405842,0.0008057189
0.05899744,0.00074901525
0.07501668,0.0007881364
0.89954025,0.99913144
0.94793516,0.99912834
0.941475,0.99911207
0.04323473,0.00081231236
0.9307012,0.9991213
0.044999953,0.0007837407
0.9379012,0.99910414
0.9736831,0.9991428
0.9338235,0.9991112
0.06195739,0.0007793451
0.05276134,0.0007652791
0.04886839,0.00074813614
0.07120568,0.000771433
0.9480097,0.9991402
0.03454554,0.0007978068
0.96052,0.999102
0.019472923,0.0007771473
0.920042,0.9991196
0.058065925,0.00084044435
0.06862186,0.00080264197
0.9662188,0.9990998
0.923619,0.9991428
0.05046722,0.0007881364
0.9511341,0.9990804
0.05315331,0.0007762682
0.9263202,0.99913406
0.055980045,0.0008118728
0.9583708,0.9991165
0.9329742,0.9991279
0.060046818,0.00082769705
0.920584,0.999098
0.9416555,0.9991006
0.9268825,0.9991604
0.94090796,0.99912
0.0471049,0.0007951694
0.94528896,0.99915826
0.04835831,0.0007881364
0.9291531,0.9991169
0.054335162,0.0007837407
0.042324014,0.00081934535
0.07339804,0.0008175871
0.929551,0.9990668
0.94987327,0.99913317
0.0608471,0.0007811034
0.9753426,0.9991648
0.039857555,0.0007793451
0.056427974,0.0007793451
0.0475974,0.0007652791
0.93366754,0.99910855
0.04712248,0.0007762682
0.058049582,0.0008101145
0.09559321,0.0007837407
0.056857333,0.0007837407
0.93655246,0.99914724
0.9330703,0.99915165
0.9385475,0.9991174
0.9533502,0.99913496
0.95415646,0.9991204
0.9359753,0.99910855
0.9440385,0.9990945
0.06332866,0.0007639604
0.06290129,0.0007947298
0.9265611,0.99910724
0.93851256,0.99919033
0.06495572,0.00082286185
0.07253932,0.0008101145
0.94145393,0.99908483
0.9361219,0.999149
0.063069664,0.00080264197
0.035854418,0.0007534109
0.03687557,0.0008035211
0.07744847,0.0007938507
0.057174027,0.00082945527
0.075836025,0.0007969276
0.07422927,0.0008092354
0.062017065,0.00080264197
0.057999812,0.0007762682
0.94601053,0.9991323
0.92245,0.99912614
0.9019901,0.99911034
0.07993202,0.0007674769
0.89914876,0.9991169
0.9562374,0.9992044
0.051739696,0.0007894551
0.9416407,0.9990835
0.06161346,0.0007731912
0.032289054,0.0008030815
0.9291848,0.99909276
0.9504955,0.99912614
0.044623584,0.0007824221
0.05807583,0.0007938507
0.072288,0.000799565
0.9344005,0.9991015
0.038316417,0.00081890577
0.029357087,0.0007885759
0.050705668,0.000785499
0.93290544,0.9991437
0.054610256,0.00081582885
0.057115097,0.00080264197
0.92879385,0.99908924
0.93064225,0.99912745
0.93215466,0.9991209
0.06082333,0.0008083563
0.039681256,0.0007828616
0.9397036,0.99911296
0.936033,0.99911255
0.11573493,0.0007885759
0.9479981,0.9991415
0.96976167,0.99914986
0.05037783,0.00081319147
0.03478523,0.0007920924
0.049398772,0.0007652791
0.054256916,0.0008048398
0.055347398,0.00074901525
0.96491367,0.9990787
0.96004367,0.999149
0.92921454,0.99913496
0.05612044,0.0007731912
0.053358827,0.0007978068
0.9433715,0.99908656
0.9139314,0.99911255
0.055459812,0.0007771473
0.93331003,0.99910504
0.051870186,0.0007696747
0.04591166,0.0007696747
0.07136341,0.00081670796
0.049916778,0.0007762682
0.04822757,0.0007767077
0.079261236,0.0007868177
0.053558156,0.0007771473
0.0487998,0.0008101145
0.9409144,0.9991165
0.060884487,0.000719125
0.08106831,0.000761323
0.060807727,0.00081670796
0.054737035,0.00082418055
0.907397,0.9991323
0.042676613,0.00073407014
0.04761374,0.00083341135
0.05761428,0.0008035211
0.93706304,0.9990932
0.059151206,0.0007868177
0.8957382,0.999142
0.8881731,0.99911606
0.93774545,0.99906856
0.032985587,0.0007833012
0.959053,0.99913275
0.95957243,0.9991657
0.045365427,0.0007824221
0.93290246,0.9991178
0.06923346,0.00081934535
0.929288,0.9990576
0.95376223,0.9991156
0.9433992,0.99910945
0.073207624,0.0007938507
0.053491298,0.00081582885
0.062340196,0.000785499
0.95298326,0.9991248
0.037079103,0.0007960485
0.9205139,0.99908656
0.92967284,0.99913317
0.9439853,0.99912876
0.9392324,0.9990936
0.047177944,0.00081363105
0.056628786,0.0007876968
0.9494355,0.999102
0.9455304,0.9991156
0.92224324,0.9990985
0.051761486,0.000778466
0.9318845,0.99912965
0.048845857,0.0008118728
0.09499869,0.0007868177
0.04711728,0.0007569274
0.94049495,0.99911076
0.9539175,0.9990901
0.9150952,0.99910855
0.87417096,0.9990879
0.056057796,0.00079560897
0.06017112,0.0007793451
0.93189317,0.999098
0.06123758,0.0008118728
0.93367994,0.9990998
0.061259124,0.000771433
0.043085173,0.0007415427
0.041097842,0.0008030815
0.05719062,0.00081670796
0.07221718,0.00080967497
0.07268616,0.00082769705
0.9264118,0.9990752
0.056013472,0.0007767077
0.042532504,0.00082286185
0.05924307,0.0007846199
0.04252458,0.0008035211
0.942694,0.99913186
0.07192252,0.0008118728
0.039377436,0.0008083563
0.050642278,0.0007819825
0.0566013,0.0007771473
0.9472733,0.99923605
0.056246724,0.0007837407
0.055145346,0.0007811034
0.03569149,0.000792532
0.9206821,0.9991165
0.92121613,0.9991402
0.04132119,0.000775389
0.92056495,0.99911165
0.05503194,0.0007811034
0.049331423,0.0008092354
0.94157404,0.9991182
0.03240469,0.000775389
0.9426586,0.999207
0.95740855,0.99910593
0.95107466,0.9991112
0.9361927,0.99910504
0.05537092,0.000775389
0.94892687,0.99913716
0.052341145,0.0007846199
0.03880892,0.0007512131
0.06597761,0.0008149497
0.05737286,0.0007876968
0.038582105,0.0007811034
0.92794776,0.99909496
0.9323765,0.9991622
0.925587,0.9991112
0.93224233,0.9991209
0.043777496,0.0007582461
0.9393569,0.9991226
0.056956626,0.0007894551
0.07106009,0.00083560916
0.94144106,0.99912614
0.9313905,0.99911386
0.05859408,0.0007846199
0.058655985,0.0008052793
0.93090373,0.99911386
0.93956816,0.99910593
0.9403724,0.9991367
0.93564224,0.99908656
0.9231287,0.9991279
0.94904673,0.99910593
0.94804317,0.9991433
0.04260555,0.0008044002
0.061125662,0.0007934111
0.07085432,0.0008017628
0.95171225,0.9991015
0.9299457,0.9990976
0.06722681,0.0007846199
0.050544474,0.0008175871
0.05104242,0.00077055383
0.05852797,0.0008101145
0.06293075,0.00081582885
0.045693267,0.0007802242
0.9662201,0.9991156
0.9311216,0.9990993
0.95167065,0.9991006
0.9315772,0.9991244
0.9389647,0.99908656
0.062474404,0.0007885759
0.097901195,0.00074418006
0.036268424,0.0008052793
0.9519455,0.9991147
0.95692027,0.9991455
0.9458109,0.9991385
0.9517066,0.9991147
0.061906133,0.0008246201
0.94417024,0.9991024
0.92164207,0.9991385
0.062154736,0.0007868177
0.03977411,0.0007916529
0.9448019,0.9991323
0.057121783,0.0008052793
0.051819675,0.00081099366
0.93761694,0.9991156
0.058486123,0.00076703733
0.93126225,0.99915385
0.0610697,0.0007960485
0.94498265,0.9991648
0.050978288,0.0007595648
0.052529823,0.0007881364
0.04748251,0.000785499
0.93207914,0.9991442
0.051785752,0.000792532
0.9477475,0.9991266
0.9556428,0.99910855
0.9279309,0.999102
0.026289921,0.0007771473
0.061583742,0.0007661582
0.9353897,0.99908924
0.04401322,0.0008008837
0.93714404,0.99912524
0.9248714,0.99911255
0.9522206,0.9991367
0.06063539,0.0007894551
0.9671427,0.99917847
0.06165555,0.00081846624
0.93649507,0.99910414
0.93736637,0.9991006
0.9317857,0.99913013
0.93388027,0.99911255
0.04640193,0.000775389
0.073154636,0.0007942903
0.026335482,0.0007582461
0.060476672,0.0007916529
0.06565399,0.0007824221
0.94445974,0.99908835
0.043560587,0.0007674769
0.056240037,0.0007890155
0.094283834,0.00075516914
0.05894668,0.00083077396
0.055584114,0.000747257
0.93058527,0.99919164
0.0625992,0.0007780264
0.06813877,0.000799565
0.9663268,0.9991398
0.049081337,0.0008008837
0.049865026,0.0008044002
0.93096906,0.999142
0.049122192,0.0007876968
0.059263624,0.0008044002
0.93423015,0.9991191
0.03142093,0.00073363056
0.037923954,0.0007661582
0.96629983,0.99913055
0.9478369,0.99908614
0.9316765,0.9990809
0.03422662,0.0007986859
0.043627936,0.0008118728
0.92706996,0.999102
0.9604225,0.9990936
0.93621695,0.9991182
0.071421854,0.0007947298
0.076320104,0.0008048398
0.093281254,0.0007942903
0.93294084,0.99907607
0.9465463,0.99911207
0.036814407,0.0008114332
0.043600205,0.0007652791
0.06729714,0.0007771473
0.0455811,0.00083077396
0.03461413,0.0007907738
0.9404353,0.9991112
0.06889547,0.00074549875
0.9463208,0.9991859
0.9267664,0.99913013
0.025265798,0.0007811034
0.049159087,0.0007833012
0.944274,0.99912965
0.9615132,0.9990835
0.08236084,0.00073846575
0.040024195,0.000761323
0.077649534,0.0008118728
0.059846006,0.00082549924
0.06542915,0.0007837407
0.037720665,0.0007802242
0.9412801,0.99909097
0.089767896,0.0008092354
0.058648556,0.0008013233
0.9331857,0.9991024
0.09460895,0.0008008837
0.970452,0.9991033
0.96219933,0.9991393
0.054248,0.00076703733
0.9623962,0.9991477
0.054454014,0.000778466
0.08058101,0.0007731912
0.100707375,0.0007507735
0.052965123,0.000775389
0.03661186,0.0007692352
0.054413404,0.0008149497
0.9516214,0.99910593
0.047026407,0.0007639604
0.05432798,0.00080747716
0.93034756,0.99908304
0.9500996,0.99912
0.95706934,0.99911076
0.054072198,0.00075736694
0.9592468,0.99915427
0.068065725,0.0007960485
0.9353951,0.9990778
0.085852906,0.00080264197
0.949849,0.99920046
0.04172702,0.0008022024
0.024366226,0.0007652791
0.06691259,0.00085494993
0.94182193,0.9991196
0.93659955,0.99912524
0.04823252,0.00074242183
0.94894,0.9991182
0.9328826,0.99910724
0.046147138,0.00080747716
0.94101495,0.99919605
0.046341762,0.00081670796
0.066230424,0.0008017628
0.060221136,0.0008008837
0.93686324,0.9990795
0.057608835,0.00081231236
0.9550434,0.9991657
0.061349504,0.0007828616
0.049038004,0.000778466
0.053260773,0.0007780264
0.95716345,0.99906284
0.048265457,0.0007463779
0.9434294,0.99911165
0.033985198,0.00073363056
0.95661396,0.9992018
0.052374076,0.0008030815
0.9501303,0.99911207
0.9237237,0.99910593
0.026438488,0.00081846624
0.9433739,0.99910593
0.05216113,0.000799565
0.935956,0.9991147
0.05079976,0.00081099366
0.050512034,0.0007520922
0.9250086,0.99910986
0.93449754,0.9991037
0.07311527,0.0007582461
0.94332266,0.9990571
0.06955882,0.000761323
0.06290327,0.0007960485
0.043350365,0.0007903342
0.04195656,0.0007569274
0.04812283,0.0007762682
0.9635684,0.99914724
0.933955,0.99910414
0.034947664,0.0007934111
0.0536936,0.0007595648
0.9547019,0.9991226
0.92931455,0.9991134
0.05027656,0.0007969276
0.9317156,0.99911296
0.05804859,0.0007982463
0.93810993,0.9991248
0.9618631,0.99912
0.052270327,0.0007582461
0.9435579,0.99916744
0.9422968,0.9990813
0.04910189,0.0007793451
0.9445652,0.9990901
0.8748241,0.9990901
0.065865695,0.00081846624
0.93995786,0.9990804
0.071031116,0.0007942903
0.96375436,0.99908924
0.0547197,0.00080615847
0.9477569,0.9990976
0.94477963,0.99908
0.054806367,0.0008083563
0.060473453,0.00080044416
0.043023765,0.0007745099
0.057983223,0.0007226415
0.08010188,0.0007876968
0.92443216,0.9991033
0.050151266,0.0007665978
0.93196994,0.9991231
0.04699298,0.0008079167
0.9400911,0.99909496
0.95357776,0.99910945
0.03520691,0.0007736308
0.023137825,0.0007679165
0.93879956,0.9990998
0.921393,0.99916834
0.070682235,0.0007969276
0.07698915,0.0008118728
0.9511893,0.99908656
0.065033965,0.0007819825
0.9255372,0.9990936
0.030218279,0.00075297133
0.93471766,0.99913716
0.9379592,0.99911386
0.95160383,0.9991534
0.056772403,0.0007978068
0.94266033,0.99909496
0.07200052,0.0008052793
0.9473456,0.99906814
0.047898,0.0007679165
0.9378284,0.9991182
0.046187993,0.0007679165
0.03165616,0.00072396017
0.04121001,0.00080615847
0.0577314,0.0007736308
0.939064,0.9991596
0.8824258,0.9991213
0.050461028,0.0007986859
0.9496588,0.999149
0.9288164,0.9991187
0.054829393,0.0008048398
0.94631904,0.99911255
0.04861236,0.00082769705
0.9516308,0.99911386
0.068082556,0.0007863781
0.95983934,0.99911386
0.08137411,0.0008035211
0.04063778,0.00083209266
0.9408201,0.99910986
0.9472902,0.99912965
0.92631894,0.9991323
0.9294973,0.999142
0.9364606,0.99914986
0.93042755,0.99915606
0.06509859,0.0007771473
0.055394445,0.0007903342
0.9525088,0.9990967
0.9425462,0.9990945
0.10495862,0.00080044416
0.044458427,0.0007934111
0.9147996,0.9991187
0.95260537,0.99910945
0.07413815,0.0007723121
0.08969336,0.0007920924
0.039003294,0.00081363105
0.078629576,0.0008052793
0.050311472,0.0007960485
0.9297189,0.99908745
0.94935477,0.99914813
0.9448071,0.9991222
0.05635889,0.000799565
0.9558038,0.99911034
0.89473337,0.99912
0.043751493,0.0008118728
0.043595996,0.0008022024
0.9364953,0.9990932
0.9332659,0.99908656
0.9315329,0.99909496
0.96006244,0.99909407
0.040911637,0.0007938507
0.077124596,0.0007709934
0.95444417,0.9991178
0.07641345,0.00082901574
0.053579696,0.0007709934
0.9540933,0.99912393
0.035064783,0.0007903342
0.06495151,0.00083473005
0.93473774,0.9990963
0.046259057,0.0007731912
0.9190753,0.9991147
0.05976157,0.0008083563
0.066531025,0.0007771473
0.9409884,0.9991182
0.9388805,0.9990993
0.07158701,0.0007916529
0.049440622,0.0007582461
0.042301234,0.00080747716
0.9394394,0.9991156
0.050691307,0.0007903342
0.95276636,0.99912
0.04832538,0.0008083563
0.06535537,0.0007687956
0.93744636,0.999142
0.9445917,0.99908483
0.9520379,0.9991112
0.043894365,0.0007819825
0.9369306,0.9991191
0.93331796,0.9991147
0.9274535,0.99906945
0.9544818,0.99910283
0.04301559,0.00072571845
0.92269516,0.99915737
0.93877184,0.99910945
0.05208734,0.0007978068
0.9394505,0.9990998
0.94799584,0.9991196
0.9379089,0.9991323
0.9375437,0.9990787
0.96444,0.9991143
0.03972038,0.0007582461
0.057990402,0.0007687956
0.9376913,0.9991174
0.06592041,0.00081846624
0.94446737,0.9990971
0.059863586,0.0008127519
0.9363331,0.9990945
0.92019945,0.9990945
0.94877535,0.9990901
0.8913933,0.9991446
0.061364856,0.0008057189
0.9567875,0.99913055
0.065645814,0.0007969276
0.06330935,0.0007723121
0.049259618,0.0007942903
0.05089113,0.0007885759
0.064907186,0.0008048398
0.9511073,0.9991217
0.88733494,0.99912965
0.058458388,0.0007881364
0.041919913,0.0007903342
0.03708133,0.0008149497
0.9232966,0.9990734
0.04886022,0.00081451016
0.07505704,0.0007547296
0.9185261,0.9990963
0.9335165,0.99910814
0.045746997,0.0007951694
0.94220865,0.99912965
0.065986276,0.0007723121
0.07727935,0.0007687956
0.9011477,0.9991569
0.93593174,0.9991437
0.95684254,0.99913275
0.06502282,0.0007767077
0.044255633,0.0007868177
0.9430877,0.9991244
0.07997089,0.0007951694
0.054075416,0.0007885759
0.048849817,0.0007951694
0.051521055,0.0007960485
0.93180305,0.9991112
0.9413393,0.9990778
0.052766044,0.0007736308
0.9479964,0.9990985
0.06767128,0.00080264197
0.04840486,0.0007837407
0.92021185,0.999149
0.056798153,0.0007626417
0.9394976,0.9991354
0.9394022,0.99910283
0.05198706,0.00079560897
0.06635943,0.00082418055
0.94023275,0.99915516
0.95479476,0.99910504
0.9123467,0.9991191
0.040319595,0.0007745099
0.9533418,0.9991248
0.94818205,0.9990945
0.05074479,0.0007894551
0.061061036,0.0007652791
0.04909644,0.0008162684
0.05444535,0.00076703733
0.95992506,0.9991428
0.9462992,0.99914855
0.9375952,0.9991147
0.8994352,0.99910855
0.9376237,0.9991248
0.93203384,0.9990963
0.9338627,0.9991323
0.061375007,0.0008092354
0.9349311,0.9991024
0.03721306,0.00073846575
0.9284719,0.99908483
0.060279325,0.00083077396
0.05105356,0.0007986859
0.93062985,0.99912703
0.071296066,0.0007837407
0.05037288,0.0007868177
0.9306695,0.9991385
0.05646363,0.0007802242
0.06270938,0.0007674769
0.036724523,0.00083736744
0.93793786,0.99911517
0.052641496,0.000747257
0.05130613,0.00081582885
0.93848085,0.999102
0.06618189,0.0007894551
0.9475125,0.99910945
0.06224462,0.0007815429
0.9336886,0.99910504
0.9307864,0.99913496
0.9606146,0.9991437
0.9632745,0.99912924
0.060940202,0.0008008837
0.055639826,0.00072220195
0.04576953,0.00075297133
0.039600782,0.0007960485
0.054480758,0.0007960485
0.9366077,0.99912745
0.9304625,0.9991182
0.04768555,0.0007547296
0.93169165,0.99912524
0.9426484,0.9990743
0.09297793,0.0008017628
0.064643726,0.00084484
0.04665078,0.00081582885
0.9348898,0.99923736
0.037533224,0.0007969276
0.061677836,0.0007556087
0.06827074,0.00077055383
0.9347006,0.99910855
0.066113055,0.0007934111
0.07134262,0.00081670796
0.9308096,0.9990734
0.9305115,0.9991015
0.953292,0.999142
0.9110411,0.99908525
0.068424016,0.0007819825
0.9670956,0.9991446
0.97839195,0.9991745
0.055740602,0.0008105541
0.9325919,0.99913496
0.9496618,0.99908483
0.925355,0.9991147
0.059262384,0.0007885759
0.06706463,0.0007547296
0.9103205,0.9991222
0.059471864,0.0008057189
0.04033297,0.000785499
0.9310124,0.9991182
0.9113709,0.99913317
0.05386346,0.0007934111
0.04067393,0.00073538884
0.039238773,0.00083077396
0.06838985,0.000785499
0.920302,0.99914724
0.07346465,0.0007934111
0.07645085,0.0008400048
0.9376219,0.99908173
0.099323474,0.0007986859
0.09358458,0.00076000433
0.93691474,0.9991842
0.04166289,0.0007885759
0.054740004,0.0007951694
0.9440177,0.99910504
0.060905784,0.0007687956
0.91335946,0.99906987
0.045204233,0.0007850594
0.9620795,0.9990954
0.040384967,0.00072879536
0.040865332,0.000799565
0.9551551,0.99915254
0.05351111,0.0007696747
0.925823,0.9991587
0.95294064,0.99909097
0.93367845,0.9991231
0.052717514,0.00082154316
0.06930997,0.00081099366
0.92298263,0.9991226
0.06801645,0.0008092354
0.9421547,0.9991112
0.9465904,0.9990989
0.042924225,0.0006747291
0.0687786,0.000747257
0.03184509,0.0008149497
0.05344846,0.0008044002
0.046863478,0.00081670796
0.9269147,0.99908304
0.93010193,0.999102
0.92284715,0.9991389
0.048373662,0.0007661582
0.080601804,0.0008149497
0.0463378,0.0007630813
0.046677522,0.0007824221
0.93867403,0.99908835
0.043225814,0.00075516914
0.07034796,0.0007982463
0.92716974,0.99911034
0.94896376,0.99917054
0.028447362,0.00081363105
0.043838408,0.0007771473
0.9344921,0.99909407
0.92805547,0.9991231
0.051839482,0.0007885759
0.084839925,0.00080747716
0.9838961,0.9991648
0.08431994,0.00080264197
0.04479914,0.0007811034
0.03854447,0.0007890155
0.075584695,0.0007876968
0.078018226,0.000771433
0.94305056,0.99911386
0.927631,0.9991112
0.052248783,0.00075033394
0.9212261,0.99908745
0.93654406,0.99912703
0.0674977,0.0008083563
0.05364383,0.00080747716
0.05479869,0.0007986859
0.060343456,0.0007723121
0.038958725,0.0007876968
0.03846449,0.00075736694
0.06956204,0.0008083563
0.95374787,0.999098
0.06303871,0.0007912133
0.04384088,0.0007630813
0.97048223,0.99910283
0.9195368,0.9991134
0.919393,0.99911034
0.94016045,0.99908394
0.06712727,0.0008114332
0.94399047,0.9990998
0.06065124,0.0008035211
0.052061096,0.0007876968
0.95703566,0.99910283
0.04885626,0.0007982463
0.059413925,0.0007731912
0.9162758,0.9991134
0.95374364,0.99915427
0.05958453,0.0007951694
0.080835305,0.0007903342
0.937382,0.99908656
0.05033623,0.0007951694
0.9189867,0.9991165
0.059205435,0.0007894551
0.9497029,0.99912745
0.04180725,0.0008083563
0.9308619,0.99908614
0.9437109,0.99909496
0.04772393,0.0007907738
0.9331233,0.9991842
0.9736603,0.9992272
0.040400073,0.0007736308
0.9304617,0.9990844
0.9252525,0.9991437
0.9125317,0.99910593
0.95411336,0.99910814
0.95253456,0.9991147
0.9479332,0.99912745
0.92408997,0.999149
0.050560568,0.0007969276
0.05196824,0.00082505966
0.024311999,0.0007780264
0.9308646,0.9991046
0.9343594,0.99908614
0.9322022,0.99908656
0.9600179,0.9991385
0.9371673,0.9991587
0.9488516,0.99913144
0.050955262,0.0007811034
0.051480446,0.0007903342
0.94172883,0.99912876
0.048416995,0.0008008837
0.041645806,0.0008127519
0.059856404,0.000792532
0.059659556,0.000761323
0.95016193,0.99911034
0.9202178,0.9990901
0.93424946,0.99907166
0.051344506,0.000775389
0.054189317,0.000771433
0.95033973,0.9991182
0.92253494,0.99912703
0.051590633,0.0007920924
0.9472045,0.9991226
0.95088476,0.99913496
0.93839496,0.999098
0.9457126,0.99912703
0.05491581,0.0008101145
0.93032134,0.99913096
0.03895501,0.0007881364
0.064412214,0.000792532
0.0634131,0.0007837407
0.9108536,0.99911076
0.9512188,0.99913275
0.918434,0.99912
0.061760787,0.0008052793
0.928071,0.9990734
0.05660873,0.0008044002
0.9233278,0.99911165
0.071329,0.00083165313
0.9347407,0.99912876
0.061334647,0.0008057189
0.9346152,0.9990976
0.06025803,0.0008017628
0.9339548,0.99911076
0.948032,0.9991134
0.061116748,0.000771433
0.9459407,0.99910593
0.91565233,0.99910724
0.06953654,0.0008233014
0.96140057,0.99913365
0.9307779,0.9991196
0.04272985,0.00082637835
0.9230284,0.99910855
0.089731246,0.00076220214
0.9156551,0.99908745
0.9539638,0.9991169
0.052218825,0.0007793451
0.94755906,0.99916923
0.93807775,0.9991248
0.03958023,0.00082022446
0.08278005,0.0007960485
0.059057113,0.0007819825
0.05816497,0.0007569274
0.93047315,0.99908876
0.055491507,0.00081934535
0.94113404,0.9990998
0.04923659,0.00076703733
0.9488298,0.99912393
0.9704161,0.9990963
0.05146559,0.0008092354
0.052098237,0.00080747716
0.94185704,0.9992198
0.054219525,0.0007903342
0.058811978,0.0007890155
0.08684905,0.00075297133
0.92337036,0.99911255
0.9244356,0.99913317
0.9243024,0.99909276
0.9339558,0.99905056
0.049281407,0.0008052793
0.041275624,0.00073670753
0.07511349,0.0007661582
0.9416307,0.9990791
0.07161226,0.0007604439
0.91676015,0.9991011
0.94087803,0.9991006
0.91711694,0.99912
0.07370285,0.0008022024
0.05582999,0.0007907738
0.9256157,0.9990945
0.94396204,0.9991024
0.060456615,0.0008083563
0.064644225,0.0007837407
0.043516017,0.000806598
0.062200792,0.0007846199
0.94220793,0.99910504
0.94872135,0.9991187
0.056443326,0.0007885759
0.93682116,0.99914944
0.92783135,0.9990998
0.047810096,0.0007547296
0.057723727,0.0007595648
0.87980855,0.9990774
0.9235442,0.9991534
0.07252323,0.00071341067
0.0588979,0.0008083563
0.047792517,0.0008008837
0.03913973,0.00073275145
0.95365924,0.99913365
0.060124073,0.00075297133
0.94682467,0.99910635
0.95385486,0.99913716
0.90987056,0.99908966
0.91623944,0.9991209
0.95005596,0.99913096
0.94342345,0.9991609
0.04767738,0.0007920924
0.9438969,0.99910855
0.054658044,0.00081099366
0.056772403,0.000785499
0.91082144,0.9991367
0.04984299,0.00080044416
0.03893545,0.0007907738
0.046817422,0.0007771473
0.05906999,0.00081714755
0.028395362,0.00081890577
0.9261748,0.9990945
0.048752755,0.00081099366
0.9385091,0.99910504
0.94930744,0.99906725
0.052347332,0.00073187234
0.92722493,0.9991006
0.9399376,0.99908483
0.05435076,0.0007745099
0.049984377,0.0007661582
0.048113175,0.00079560897
0.91697407,0.9990813
0.9335081,0.9991182
0.9496489,0.9991653
0.07459375,0.0007986859
0.05078193,0.0007969276
0.083743006,0.00080264197
0.07393808,0.0007951694
0.922916,0.9991178
0.056866247,0.00079560897
0.047851697,0.0007934111
0.03529209,0.00080264197
0.93227476,0.9991006
0.04953818,0.0007960485
0.93159556,0.9990611
0.9312355,0.99913144
0.9336341,0.99906725
0.9075242,0.9990963
0.952592,0.9991024
0.048662625,0.0008105541
0.044156834,0.0007692352
0.033819295,0.0007630813
0.9263801,0.99904794
0.05805379,0.0007723121
0.038166117,0.0007876968
0.044763733,0.000771433
0.067080475,0.0008175871
0.05924629,0.00073934486
0.971568,0.9990936
0.8929852,0.9991178
0.95218396,0.9991393
0.9316099,0.99910593
0.039778814,0.0007639604
0.06665433,0.0007846199
0.06535041,0.0008079167
0.9543605,0.99922156
0.04486649,0.0008118728
0.9266111,0.99911207
0.049605034,0.00074813614
0.9212521,0.99912876
0.05573689,0.0007811034
0.9395882,0.9990963
0.9782025,0.9992044
0.93094534,0.99909186
0.055351853,0.00081538927
0.054902192,0.0007986859
0.06444638,0.0007661582
0.93577796,0.9991015
0.033649683,0.00076703733
0.060114168,0.0007556087
0.06863696,0.0008057189
0.03902236,0.0007485757
0.9240632,0.99915737
0.93978953,0.9991631
0.05298122,0.00080747716
0.9325013,0.9991222
0.9490863,0.9991367
0.92892903,0.9990734
0.9352275,0.9990901
0.08199066,0.0008008837
0.96018034,0.99911034
0.04160891,0.0007520922
0.03791009,0.00084044435
0.90499264,0.9991182
0.06659417,0.0007986859
0.05015894,0.00076703733
0.91235936,0.99911034
0.95143145,0.9991837
0.94994456,0.9990721
0.041944426,0.0007912133
0.8674953,0.99915516
0.9379691,0.9991147
0.050498914,0.0008197849
0.045493197,0.0007736308
0.038878497,0.0007762682
0.055351358,0.0007903342
0.048353855,0.000761323
0.049487665,0.0007960485
0.05225448,0.0008175871
0.95404327,0.99913406
0.05051699,0.0007661582
0.035207655,0.0008052793
0.045355275,0.0007868177
0.048466764,0.0007912133
0.03646874,0.0007837407
0.9276434,0.99910945
0.041961014,0.0007780264
0.055647504,0.00082022446
0.089665875,0.0008044002
0.058730762,0.000806598
0.03360115,0.00080615847
0.94893456,0.9990602
0.92644274,0.9991006
0.05314712,0.0007942903
0.9602823,0.99910766
0.06531253,0.00081714755
0.07948161,0.0008017628
0.9314257,0.9990734
0.99300647,0.9991217
0.049980663,0.0007986859
0.943445,0.99910593
0.04231015,0.0007802242
0.049803372,0.0007793451
0.05476353,0.00081231236
0.9428993,0.9991428
0.06424582,0.0007969276
0.93395996,0.99912614
0.9452954,0.99911034
0.051726323,0.0008017628
0.060896374,0.0007723121
0.042393096,0.0007595648
0.93880796,0.9990901
0.105132446,0.00080747716
0.06439835,0.0007876968
0.027710222,0.0007903342
0.04412935,0.0007819825
0.06320189,0.0008149497
0.9323463,0.9990611
0.04922495,0.0007485757
0.9254736,0.99911034
0.94349426,0.9991385
0.048908256,0.0007595648
0.06345271,0.000799565
0.059826195,0.000792532
0.050920594,0.00074418006
0.92584056,0.99908745
0.05772546,0.00081670796
0.9639331,0.9991424
0.06264526,0.0007920924
0.049902167,0.0007947298
0.05753901,0.0007736308
0.9488826,0.99914944
0.052188616,0.0007652791
0.9417947,0.9991468
0.037615925,0.0007665978
0.9078379,0.9991407
0.05768485,0.0008118728
0.03376086,0.00071736675
0.050773513,0.000785499
0.06128042,0.0007771473
0.9531915,0.999142
0.95476556,0.9991257
0.9096733,0.9991156
0.9314621,0.9990976
0.9341081,0.99910635
0.049254168,0.0007890155
0.06691829,0.0007969276
0.04350958,0.0007907738
0.92932963,0.9990967
0.9338659,0.99906504
0.93749166,0.99912876
0.92233783,0.9990822
0.034147877,0.00076703733
0.046115693,0.0007679165
0.043233242,0.0008022024
0.05015399,0.0007934111
0.043683402,0.0007723121
0.056285597,0.0008048398
0.9348784,0.9991024
0.059107628,0.0008035211
0.0379606,0.00075297133
0.043555386,0.0007248393
0.93786955,0.9991156
0.922427,0.9990826
0.057195075,0.00082769705
0.92382056,0.9990976
0.039151367,0.00073450967
0.95036304,0.9991248
0.95254475,0.9991196
0.92423576,0.9991182
0.9162929,0.99912703
0.91948956,0.999102
0.052697457,0.000792532
0.07379348,0.0007916529
0.94398826,0.9991231
0.9721041,0.9991279
0.9507035,0.999149
0.95275646,0.9991174
0.106333606,0.0007978068
0.9542198,0.9991217
0.9377274,0.99908704
0.926161,0.99907607
0.941501,0.99910766
0.09320697,0.0007903342
0.92971593,0.99912703
0.045899525,0.0007833012
0.070000805,0.000785499
0.047240343,0.0007942903
0.9384683,0.9991182
0.96072656,0.99917185
0.94217205,0.99909097
0.05663795,0.0007841803
0.931549,0.9991222
0.9355281,0.99910593
0.041909263,0.0008013233
0.07120693,0.0007881364
0.05632794,0.0007837407
0.07024941,0.000799565
0.05886992,0.00075385044
0.050211683,0.0007828616
0.9433665,0.9990769
0.95013696,0.99915075
0.042120725,0.00074286136
0.059907164,0.00081451016
0.9306997,0.99908656
0.9157657,0.99905056
0.085274234,0.0007811034
0.8893094,0.9991006
0.060111444,0.00082769705
0.9437525,0.9991407
0.036876805,0.0007793451
0.06298869,0.00080264197
0.9489727,0.99910593
0.06805978,0.0007894551
0.04992173,0.0007793451
0.9247486,0.9991367
0.9669263,0.99915075
0.048868883,0.0007644
0.9449636,0.99910593
0.94695884,0.9991187
0.9577577,0.99907386
0.93642694,0.9991015
0.043898825,0.0007934111
0.93053454,0.9991279
0.039943475,0.0007934111
0.05912818,0.0007679165
0.065301135,0.0007942903
0.06760839,0.0007986859
0.88906777,0.99914813
0.95351386,0.9990954
0.9291343,0.9991455
0.040246554,0.00082022446
0.04681247,0.0007811034
0.025831096,0.000747257
0.05567969,0.00073978445
0.9338681,0.999109
0.9513443,0.99908924
0.91996944,0.9990769
0.057584815,0.0007907738
0.049069203,0.0007665978
0.9499171,0.99912393
0.049176667,0.0007982463
0.06046553,0.0008017628
0.08927069,0.0008114332
0.94307435,0.99908656
0.06730283,0.0008105541
0.062135916,0.0007582461
0.9564919,0.9991385
0.9337775,0.99910945
0.94188035,0.99912924
0.032378197,0.0007687956
0.043202292,0.0007951694
0.057936672,0.0008149497
0.9578758,0.99913496
0.087919965,0.0007793451
0.9227048,0.9991147
0.9526787,0.99912
0.054417368,0.0007978068
0.07021697,0.00082242227
0.9348905,0.99910945
0.061923467,0.0007841803
0.05858269,0.0007978068
0.922733,0.99915165
0.9440794,0.9991604
0.06640969,0.0008044002
0.92856675,0.9990967
0.051664915,0.0008044002
0.05934261,0.0007745099
0.94445974,0.99910414
0.9316213,0.9991701
0.9457176,0.9991231
0.9074824,0.99908614
0.94072026,0.9991244
0.9273039,0.999098
0.9400782,0.9990998
0.9468499,0.9991604
0.04256816,0.00077407033
0.045783643,0.0007846199
0.9372505,0.9990936
0.053745102,0.00076220214
0.9242316,0.9991569
0.9364898,0.9991112
0.045507558,0.0008083563
0.06825044,0.0007982463
0.9277848,0.9991367
0.025466612,0.00073978445
0.051084515,0.0007969276
0.03727645,0.0007556087
0.053813938,0.00075033394
0.076157674,0.0007652791
0.079187445,0.0008246201
0.088578865,0.00072835584
0.053467777,0.0008052793
0.9462556,0.99913406
0.060825806,0.00075297133
0.044238795,0.0007569274
0.93491155,0.99908835
0.9381793,0.99906945
0.9333756,0.99910414
0.962213,0.99911517
0.93228096,0.9991156
0.10744687,0.00073363056
0.042463914,0.000785499
0.9763145,0.99914944
0.9412999,0.9991011
0.050409526,0.00080044416
0.0591881,0.0007986859
0.91904736,0.9991279
0.9387342,0.99909186
0.9551984,0.9990985
0.934193,0.99905056
0.94854385,0.99915737
0.96140873,0.99910814
0.938389,0.99910504
0.05778018,0.0007986859
0.9401208,0.99912614
0.9438122,0.99911207
0.9361442,0.9991191
0.94302285,0.9990945
0.9322819,0.9991213
0.054172974,0.0008233014
0.93354106,0.9990835
0.9409082,0.9991112
0.9685127,0.99913144
0.9580182,0.9991174
0.93495566,0.9991217
0.92202187,0.9990822
0.95480466,0.999149
0.075581476,0.0007978068
0.9266349,0.9990923
0.973718,0.9991231
0.057525635,0.00080615847
0.051094916,0.0007903342
0.060698286,0.0007692352
0.057418916,0.0007630813
0.058877595,0.0007876968
0.059591956,0.0008083563
0.040222533,0.0007679165
0.9417016,0.9990963
0.9510487,0.9991358
0.056838762,0.0007973672
0.07596949,0.0007973672
0.9334499,0.99914503
0.9377705,0.99913317
0.9389731,0.9990791
0.03788706,0.0008052793
0.9349821,0.9991415
0.9452924,0.9991437
0.9513349,0.9991112
0.04812085,0.0007960485
0.039405167,0.0007960485
0.044868473,0.0007868177
0.9429114,0.99916965
0.014783654,0.0007736308
0.061720673,0.0007661582
0.94151044,0.99911517
0.04434304,0.000771433
0.051396504,0.0008044002
0.90667045,0.9991015
0.029587613,0.00082549924
0.95341635,0.9991956
0.050571464,0.0007903342
0.93900806,0.9991174
0.084848344,0.0007942903
0.90505403,0.999138
0.9332788,0.9990532
0.8995784,0.9991385
0.9333174,0.9991011
0.04412638,0.0008044002
0.9398031,0.9991112
0.93993163,0.99915165
0.90635526,0.9990958
0.91147614,0.9991156
0.056769677,0.0007903342
0.9405606,0.99907166
0.040373083,0.0007595648
0.933542,0.99913144
0.9569713,0.99913317
0.95394003,0.99917364
0.93542016,0.9991244
0.9387022,0.99909186
0.91907877,0.99911386
0.050364956,0.0008118728
0.06554429,0.0007912133
0.047172993,0.0007960485
0.05138561,0.0007894551
0.95295995,0.9992026
0.9737373,0.9991196
0.95287085,0.9991556
0.9054871,0.99908924
0.94890803,0.9991798
0.0893061,0.0008052793
0.9343673,0.9990655
0.93092006,0.9990901
0.071633555,0.0007828616
0.940303,0.9991015
0.9335034,0.99908614
0.9527995,0.99917185
0.93975013,0.9991604
0.05847399,0.0007951694
0.055869363,0.0007802242
0.9008231,0.9991231
0.057745762,0.0007687956
0.07222758,0.00081890577
0.94182587,0.9991323
0.06435575,0.0008048398
0.05882535,0.0007982463
0.038070045,0.0007916529
0.9471441,0.99909186
0.9447209,0.9991134
0.047914095,0.0007771473
0.05359604,0.0007841803
0.9100618,0.999142
0.94827044,0.99912703
0.04795817,0.0007969276
0.94174886,0.9990998
0.064511254,0.0007556087
0.9278227,0.99910504
0.043642297,0.00073670753
0.06747195,0.0008162684
0.070236534,0.00079560897
0.9413767,0.9991174
0.9184776,0.99915034
0.97921276,0.9991217
0.061505996,0.00076703733
0.04661983,0.0008233014
0.06632229,0.000785499
0.9531115,0.99915206
0.9549057,0.9991402
0.052968096,0.0007811034
0.05704007,0.00082505966
0.89265066,0.9991037
0.026092326,0.00080967497
0.06094045,0.0007960485
0.044598326,0.0007850594
0.06638939,0.0007793451
0.07646322,0.0008035211
0.049698632,0.0007498944
0.90509295,0.9990945
0.93540406,0.99906284
0.056801867,0.00075033394
0.9386852,0.9991156
0.9514753,0.9990769
0.058589622,0.0007890155
0.07777705,0.0007665978
0.06937039,0.0007802242
0.9412801,0.9990615
0.93530256,0.99907076
0.9183813,0.99910593
0.06495027,0.0008149497
0.9341957,0.9990813
0.0682861,0.0007828616
0.94267446,0.99909097
0.9309181,0.9991024
0.9396538,0.99910414
0.054062787,0.0007846199
0.95742047,0.9990844
0.8877054,0.9991266
0.044560444,0.0007248393
0.058299176,0.000785499
0.06672812,0.00080747716
0.05557173,0.0007982463
0.050339945,0.0007771473
0.95109004,0.99908876
0.9285242,0.9991209
0.9332887,0.9990835
0.06269354,0.00081099366
0.044949193,0.0008013233
0.03466588,0.0007639604
0.03616492,0.00075516914
0.045513254,0.0008048398
0.9150224,0.99908745
0.95093054,0.9990536
0.05993911,0.0008035211
0.058786724,0.0007520922
0.06870679,0.00081846624
0.9537966,0.99912614
0.89715797,0.9991244
0.06723102,0.000778466
0.9192452,0.99907386
0.059589975,0.00080396066
0.9395746,0.9991235
0.93793887,0.99913716
0.95455635,0.99908173
0.06413414,0.0007982463
0.05569529,0.0007547296
0.93083584,0.9991143
0.92241263,0.9990954
0.043196846,0.00072923495
0.03548374,0.0008035211
0.9309911,0.9990923
0.9513673,0.9991174
0.038956,0.0007696747
0.9512604,0.99909055
0.94169563,0.9991196
0.9277595,0.9990976
0.06252838,0.0007960485
0.95132303,0.9991789
0.9488726,0.9991209
0.05707647,0.0008052793
0.91776866,0.99912524
0.0424914,0.0008008837
0.080036506,0.0007868177
0.05081536,0.0007868177
0.0512623,0.000775389
0.9480157,0.99912614
0.053046342,0.0007815429
0.9118411,0.9991402
0.9372936,0.99913406
0.9348581,0.9991213
0.034537617,0.0007815429
0.92720145,0.99912
0.9541475,0.99909276
0.928848,0.9991248
0.05377531,0.0007595648
0.937821,0.9990752
0.043475904,0.0008035211
0.07769336,0.0008637412
0.93192786,0.9991213
0.94114643,0.99908
0.9249707,0.99910504
0.036874328,0.00071692717
0.08131914,0.00083560916
0.9385039,0.99911034
0.944171,0.9990945
0.054280438,0.00082022446
0.9267785,0.99910414
0.046250146,0.0007903342
0.058915976,0.0007951694
0.06152729,0.00085011474
0.059857395,0.0008118728
0.92729896,0.99907297
0.032925665,0.0007986859
0.04726634,0.00074286136
0.93573415,0.9990954
0.05035406,0.0007868177
0.05290421,0.0007876968
0.049007796,0.0007595648
0.90615916,0.99913055
0.0573996,0.0007512131
0.04677855,0.0007701143
0.8885601,0.999102
0.066118255,0.0007938507
0.07990725,0.0007934111
0.9317649,0.99910593
0.03832335,0.0007903342
0.94252515,0.9991024
0.9287257,0.99908876
0.061883602,0.0007687956
0.076674186,0.00081582885
0.059803665,0.0008162684
0.9433061,0.9991459
0.9753401,0.99911296
0.9067294,0.9991244
0.04608474,0.0007696747
0.048243664,0.0008175871
0.9132535,0.99912524
0.93591785,0.99913055
0.06958977,0.0007767077
0.07953806,0.0007934111
0.93667704,0.99912614
0.92034405,0.9990936
0.94809365,0.9991393
0.92808044,0.999109
0.940727,0.99911606
0.934763,0.9991437
0.066530034,0.0007762682
0.057053193,0.0008118728
0.07080653,0.00082945527
0.9271016,0.9991217
0.9371522,0.9990945
0.92482185,0.99913055
0.92404044,0.9990901
0.09928287,0.00076703733
0.06422155,0.00072835584
0.9250653,0.9991182
0.052683096,0.0007731912
0.047066767,0.0007960485
0.93837565,0.9991178
0.91201913,0.9991147
0.047739033,0.0007463779
0.049085792,0.00081582885
0.055456344,0.0008048398
0.06355226,0.0007960485
0.06668826,0.0007912133
0.05725896,0.0008022024
0.042232893,0.0007556087
0.9471993,0.9991006
0.06639459,0.0007912133
0.03829562,0.000761323
0.977913,0.999178
0.9402644,0.99910814
0.93741316,0.9990857
0.06420818,0.0007894551
0.92306554,0.9990765
0.9289218,0.9990752
0.047347806,0.000775389
0.065371215,0.0007833012
0.061825164,0.0007969276
0.054652352,0.0007780264
0.054544393,0.0007920924
0.047857393,0.00081890577
0.929887,0.9991196
0.93383545,0.9990989
0.053570785,0.000771433
0.039409626,0.00081846624
0.9308094,0.9991798
0.953842,0.99913406
0.92656606,0.99908745
0.95400167,0.99915475
0.9261996,0.99908924
0.053097844,0.0008052793
0.9590183,0.99915516
0.9235895,0.99913317
0.92484516,0.9991226
0.9313257,0.9991134
0.94459665,0.9990954
0.9502442,0.9991446
0.048659902,0.0008017628
0.93459934,0.99913317
0.058110744,0.0008175871
0.9444401,0.999178
0.039496537,0.00082242227
0.03999597,0.0007841803
0.9582237,0.99912965
0.9366968,0.99910724
0.0386294,0.0007978068
0.9079427,0.9991112
0.049565665,0.0008101145
0.049199197,0.000761323
0.97697484,0.99906814
0.95995647,0.99910855
0.92332876,0.9991402
0.044375475,0.0007762682
0.062019788,0.0007903342
0.9440445,0.9991024
0.97210926,0.99905056
0.05146881,0.0007824221
0.04936485,0.0007806638
0.07396408,0.0007938507
0.052961163,0.0007780264
0.9214113,0.99910593
0.060070835,0.00083341135
0.94176966,0.99914634
0.9383598,0.99909097
0.06479675,0.0008044002
0.05633487,0.0007661582
0.047563475,0.0007876968
0.056894723,0.0007595648
0.06944071,0.000799565
0.054103147,0.0007876968
0.04056077,0.0008052793
0.94486904,0.9991165
0.9334645,0.9991385
0.932842,0.99911255
0.048847344,0.0007811034
0.94063586,0.9991147
0.9285762,0.9991191
0.043896597,0.0007828616
0.9515102,0.99910283
0.053790413,0.0007028612
0.9530511,0.99907166
0.930511,0.9991209
0.9446333,0.9991244
0.10110777,0.000785499
0.07146295,0.00075429
0.06004459,0.000771433
0.8936013,0.99915075
0.047895525,0.000785499
0.95664644,0.9991196
0.946327,0.9991209
0.93154156,0.99912614
0.8884348,0.9991226
0.046827327,0.0007802242
0.050627917,0.00073670753
0.9392215,0.9991446
0.05206481,0.0007868177
0.94791436,0.99912
0.93717843,0.99910855
0.9260223,0.99909496
0.9325612,0.9990795
0.9481479,0.9991033
0.06396775,0.0007934111
0.036255796,0.0007903342
0.9288265,0.99913496
0.052719742,0.0008118728
0.947074,0.9991639
0.05336601,0.0007903342
0.052856177,0.0007762682
0.04696995,0.0007912133
0.02471412,0.0007556087
0.93062663,0.9990795
0.06552795,0.0007793451
0.055427376,0.0007947298
0.052898023,0.000778466
0.9096247,0.9991011
0.06085428,0.0008052793
0.047356967,0.0007942903
0.040132154,0.0007819825
0.9619339,0.99910766
0.94733524,0.9991644
0.94521344,0.99909145
0.9135756,0.99913055
0.04153859,0.0007604439
0.03458937,0.0007903342
0.930512,0.9991169
0.9446375,0.99912
0.9037697,0.9991046
0.05179293,0.0007841803
0.9466798,0.9991455
0.06283938,0.0007687956
0.045951772,0.0007806638
0.05465557,0.00075648783
0.9297211,0.99910855
0.93647796,0.9991235
0.062319152,0.0007696747
0.048415754,0.0007762682
0.05926461,0.0007687956
0.92490137,0.9990769
0.05391001,0.0007960485
0.053195402,0.0008092354
0.053949628,0.0007644
0.9281899,0.9990958
0.96052873,0.9990936
0.9333048,0.99915826
0.95389444,0.99916834
0.05182735,0.00080747716
0.9278187,0.9991618
0.906198,0.999098
0.057961185,0.0007687956
0.059129912,0.0007762682
0.041838694,0.0007903342
0.05032187,0.0008149497
0.06864835,0.00074813614
0.051204607,0.00080747716
0.92799133,0.9990936
0.95769554,0.99915075
0.037699867,0.0007920924
0.94209975,0.99906945
0.04608152,0.000771433
0.048854027,0.0007661582
0.0432221,0.0007644
0.06501366,0.0007679165
0.92996454,0.999149
0.07336659,0.0007850594
0.051693887,0.000771433
0.03758968,0.0007661582
0.9551182,0.9991437
0.93166786,0.9991011
0.9295161,0.9991015
0.9202361,0.99906904
0.9390246,0.9991279
0.97033316,0.9991578
0.9129583,0.999102
0.95831954,0.9990576
0.042899463,0.0007520922
0.90487427,0.9991398
0.046639636,0.00080264197
0.92316437,0.9991011
0.93152475,0.9990765
0.07470766,0.0007630813
0.051001318,0.0007951694
0.06283839,0.0007894551
0.9392747,0.99908304
0.9287233,0.9990778
0.93287003,0.99908745
0.9212751,0.9990936
0.049921233,0.0008083563
0.06362778,0.0008505543
0.048645787,0.0007569274
0.9458981,0.99913317
0.93691075,0.9990826
0.048006453,0.0007951694
0.06612321,0.00080747716
0.91340303,0.99911606
0.03925363,0.0008149497
0.91247004,0.9991033
0.9358097,0.9991015
0.9666348,0.99911207
0.05364581,0.00084088393
0.96141243,0.9990963
0.9205706,0.99913627
0.046600513,0.00080264197
0.047614235,0.000771433
0.07600291,0.00082374096
0.9363918,0.9991209
0.059565958,0.00077055383
0.92038244,0.9990633
0.9648723,0.9991037
0.9405722,0.9991068
0.063010976,0.000799565
0.04003212,0.0007679165
0.9200668,0.99911255
0.048498955,0.0007679165
0.053369723,0.0007969276
0.91598785,0.9991244
0.029050296,0.0007837407
0.04086979,0.0007723121
0.96011966,0.99911386
0.050420668,0.0008048398
0.9141414,0.9990668
0.9245069,0.99910593
0.07895519,0.00082198274
0.06740089,0.0008175871
0.9159284,0.9990901
0.045927756,0.0008008837
0.95292014,0.9990976
0.93488604,0.9991222
0.96008354,0.99914503
0.057445657,0.0007903342
0.04371782,0.0007595648
0.8942473,0.99910814
0.9357839,0.9990958
0.94290644,0.99910593
0.9379198,0.99910855
0.06036921,0.0007846199
0.9287926,0.99910593
0.94201654,0.99913275
0.06761333,0.0007819825
0.92205757,0.9991046
0.07145602,0.0007771473
0.058244947,0.0007951694
0.087901644,0.0007894551
0.93762016,0.9991024
0.059758104,0.00080264197
0.9397898,0.99913365
0.03519255,0.000712092
0.060197614,0.0007885759
0.04600179,0.00074242183
0.06576318,0.0008052793
0.05769748,0.0008364883
0.040183164,0.0007894551
0.93013066,0.9990752
0.9380513,0.9991165
0.9383675,0.9990791
0.9434093,0.9991196
0.02957548,0.00076352083
0.9386299,0.9990936
0.91679853,0.9990993
0.05029934,0.0007876968
0.06092386,0.0007696747
0.940303,0.99908173
0.9327098,0.99912524
0.96756953,0.9991358
0.9420128,0.9991217
0.94590104,0.999142
0.028632574,0.0007450592
0.8998706,0.99907297
0.9483717,0.9990171
0.047082614,0.000785499
0.9361367,0.99912834
0.05347496,0.0008083563
0.93542856,0.9990945
0.92594355,0.999149
0.94423586,0.99909407
0.059460968,0.00076220214
0.9726622,0.9991437
0.054861583,0.0007934111
0.94530874,0.99911034
0.95074755,0.99908656
0.9525955,0.9991354
0.8948153,0.99912393
0.97233903,0.9991596
0.06389619,0.000761323
0.9512418,0.99913144
0.03910234,0.0007762682
0.9139713,0.9991442
0.9314688,0.99908483
0.9247622,0.99908835
0.9217277,0.9991182
0.04438043,0.00073670753
0.039245952,0.0007696747
0.03859969,0.000761323
0.9255558,0.9991222
0.93355167,0.99913186
0.9322302,0.9990299
0.05006906,0.0007745099
0.9283942,0.9991156
0.07139239,0.0008057189
0.9353303,0.9991213
0.94905066,0.9991006
0.053822357,0.0007793451
0.9401584,0.99908745
0.9207838,0.9990976
0.055867627,0.0007679165
0.033318873,0.00076220214
0.93587923,0.99910283
0.04218956,0.0007142898
0.0395936,0.0007916529
0.9279938,0.9990923
0.027199894,0.0007731912
0.95098996,0.9991437
0.94092333,0.9991143
0.0596754,0.0007811034
0.070483156,0.0008149497
0.05266824,0.0007885759
0.05930448,0.0008048398
0.026754193,0.0007833012
0.07597716,0.0008162684
0.0647398,0.0008035211
0.89811695,0.99912703
0.94828826,0.99914986
0.03590245,0.0008149497
0.048656434,0.00080747716
0.94293,0.99915165
0.055050015,0.0007973672
0.95650506,0.99911386
0.924781,0.9991006
0.049798667,0.00074066356
0.026387231,0.000771433
0.93745255,0.99913275
0.92471415,0.9991217
0.025931131,0.000778466
0.94299734,0.9990936
0.93391913,0.9990857
0.93038845,0.9990857
0.93930197,0.9991556
0.035715505,0.00080967497
0.9007971,0.9991182
0.9287386,0.99909097
0.9460776,0.99910945
0.9173138,0.99908745
0.9232508,0.99906284
0.9362967,0.99911207
0.051555965,0.0008008837
0.9387681,0.9991134
0.9082111,0.99911207
0.057165362,0.0007687956
0.05298196,0.0007811034
0.06464125,0.00080044416
0.91411936,0.9990826
0.079311006,0.0008044002
0.9628654,0.99915165
0.050386496,0.0007876968
0.06856689,0.00081231236
0.059619192,0.0008048398
0.9409122,0.99913627
0.025897704,0.00075033394
0.9677317,0.99914634
0.9911927,0.9991899
0.10981305,0.0007811034
0.068831585,0.00081231236
0.9403214,0.9990954
0.050972592,0.0008149497
0.9427831,0.999109
0.95448726,0.9991446
0.94375056,0.99917537
0.0396924,0.0008030815
0.9497272,0.9991165
0.055971872,0.0007907738
0.93207663,0.99908656
0.07647907,0.0007912133
0.09740969,0.0007903342
0.07123738,0.00079560897
0.043330308,0.00082242227
0.04038373,0.0007569274
0.06470513,0.0008083563
0.92525643,0.9990809
0.05551627,0.0008083563
0.95095557,0.99913317
0.9530697,0.9990936
0.047603343,0.0007771473
0.042980183,0.000792532
0.9428978,0.9990615
0.061375007,0.000771433
0.93081653,0.9991657
0.9152428,0.9990954
0.94318825,0.9991015
0.9434646,0.99913013
0.053788185,0.00082022446
0.05403654,0.000771433
0.05893232,0.00082198274
0.91980624,0.99912614
0.034252368,0.0007687956
0.95896703,0.99912876
0.93484545,0.9990347
0.06134133,0.0007868177
0.05026492,0.0008008837
0.92312527,0.9990967
0.92865443,0.9990901
0.05573169,0.0007837407
0.9201792,0.99913716
0.062666304,0.00076220214
0.06624256,0.00081451016
0.9377831,0.9990822
0.93122464,0.9991266
0.06771931,0.0007973672
0.044951916,0.0008083563
0.06851761,0.0008118728
0.04506953,0.0007837407
0.92899734,0.999109
0.06183012,0.0007903342
0.05507032,0.0007815429
0.93786335,0.999138
0.9390385,0.9991437
0.07105192,0.0007582461
0.94173574,0.99912614
0.9269553,0.9991024
0.9506126,0.9991134
0.9582475,0.99913317
0.048483353,0.00073802617
0.9402407,0.9990791
0.9231178,0.9990936
0.05264422,0.0007969276
0.054508734,0.0007986859
0.9382484,0.9991385
0.9416357,0.99909496
0.9454447,0.99906904
0.055925816,0.0007780264
0.061370056,0.0007942903
0.034159265,0.000761323
0.057582587,0.0007547296
0.94339174,0.9991398
0.049745183,0.0007868177
0.05678701,0.00076220214
0.05806716,0.000771433
0.9424939,0.9990879
0.9563104,0.99912703
0.048124563,0.00083692785
0.971153,0.9991534
0.06051951,0.0007762682
0.9214291,0.9991112
0.050511047,0.0007595648
0.049866267,0.0007652791
0.06677368,0.0007802242
0.9285165,0.9990989
0.052639764,0.00080044416
0.051989783,0.00081319147
0.9531298,0.9991033
0.05609766,0.00081670796
0.051424485,0.000771433
0.09974021,0.00082549924
0.053106513,0.0007894551
0.04193972,0.0007894551
0.053069368,0.00080396066
0.060674265,0.0007806638
0.95895934,0.9991389
0.9278871,0.99910855
0.9291333,0.99913496
0.056344777,0.0007661582
0.9600387,0.99911386
0.046120394,0.0007916529
0.06658278,0.000806598
0.9564456,0.99911606
0.058468293,0.0008118728
0.93277663,0.9991046
0.94200784,0.99912524
0.96547973,0.9990923
0.9317241,0.9990993
0.9382813,0.9991006
0.94124794,0.99912703
0.05608528,0.00083121355
0.060875326,0.0008083563
0.054370817,0.0007885759
0.06195863,0.0008008837
0.05299063,0.0008008837
0.0380745,0.0007947298
0.07022836,0.00081846624
0.94638836,0.9991385
0.05191352,0.00077055383
0.92592275,0.9991112
0.93575716,0.9991213
0.92269343,0.9990879
0.9285269,0.99912876
0.053967457,0.00082681794
0.92632437,0.99908483
0.9482623,0.99912524
0.047048446,0.0007903342
0.061266802,0.00080264197
0.049050633,0.000806598
0.050126754,0.0007802242
0.055482097,0.00076220214
0.94671595,0.99908704
0.9444,0.99914634
0.044813007,0.0007547296
0.9410682,0.99908614
0.92601633,0.9990857
0.046908543,0.0007934111
0.0645744,0.0007903342
0.06325116,0.0007969276
0.93859035,0.9991068
0.05911456,0.0007934111
0.036740124,0.0007661582
0.9339637,0.99914634
0.9394367,0.99911207
0.9500711,0.9991534
0.05740381,0.0007894551
0.07036653,0.00077055383
0.95728004,0.99912965
0.9241125,0.99911517
0.06491511,0.0007960485
0.033591244,0.00080396066
0.0866574,0.0008008837
0.05087999,0.0007863781
0.047094997,0.00080615847
0.8970067,0.99913317
0.95113605,0.99916744
0.9242952,0.9991442
0.063019894,0.00082989485
0.08086947,0.0008083563
0.9414614,0.99911165
0.9473808,0.9991468
0.05660155,0.00081670796
0.9356905,0.9991187
0.049688976,0.0007982463
0.9182721,0.99910986
0.07070353,0.0007837407
0.06542668,0.00082681794
0.06817467,0.0007894551
0.95829207,0.99912965
0.9439875,0.9990826
0.9308371,0.99908525
0.07266238,0.00076352083
0.9300626,0.9990923
0.9180819,0.9991222
0.9311766,0.99910635
0.053513337,0.00075648783
0.948627,0.99913627
0.9110143,0.99913317
0.053802546,0.00074901525
0.9306125,0.9991046
0.040725682,0.0007819825
0.07098804,0.0007973672
0.92642814,0.9991226
0.055269152,0.0007745099
0.93198085,0.99912614
0.053637885,0.00079560897
0.87579477,0.99910593
0.9710339,0.99909276
0.9045994,0.9991437
0.9510073,0.9990901
0.9006327,0.9991024
0.94848615,0.99908704
0.018835325,0.00076220214
0.034251872,0.00082154316
0.9465226,0.9991217
0.93983084,0.9991112
0.9387109,0.99910855
0.9352587,0.99908745
0.044444066,0.0007841803
0.93134767,0.99913406
0.045913886,0.0007986859
0.9439823,0.9991244
0.9305041,0.99911606
0.93724406,0.99908876
0.060586363,0.0007723121
0.05652875,0.0008562686
0.055666815,0.0008044002
0.08713306,0.0007692352
0.9412029,0.9991235
0.9283142,0.9990879
0.9394807,0.9991428
0.04357247,0.0007951694
0.061303943,0.0007947298
0.9540252,0.99913275
0.93025446,0.99911034
0.056268513,0.0007731912
0.08018136,0.00074549875
0.9102472,0.99908
0.062900044,0.0007507735
0.9574088,0.9991556
0.93278706,0.9990646
0.9546207,0.99913406
0.057792313,0.000785499
0.94526076,0.9990963
0.93298566,0.99913365
0.92841125,0.9991244
0.9185575,0.99908656
0.9459704,0.99910504
0.058429915,0.0007934111
0.06425894,0.000799565
0.94309264,0.99912703
0.04415436,0.00080747716
0.044459417,0.0007868177
0.050846063,0.0008017628
0.058791924,0.0008149497
0.9500238,0.99908
0.052192576,0.0007828616
0.054509975,0.00082549924
0.037655544,0.00073978445
0.92366403,0.9991815
0.052232936,0.0007876968
0.9589844,0.99909276
0.047301505,0.00072659756
0.04484074,0.00081846624
0.9353003,0.99911207
0.9401228,0.999098
0.056265295,0.00080615847
0.055294905,0.0008092354
0.06535734,0.0008118728
0.90323186,0.9990857
0.051150378,0.00081099366
0.93696475,0.99913406
0.9433321,0.99912
0.06268339,0.00076352083
0.05407492,0.0007639604
0.89092386,0.9991015
0.92772985,0.99910414
0.93175894,0.99908656
0.9341509,0.9991424
0.9441663,0.9991591
0.9336596,0.99913055
0.93864506,0.9991156
0.9396637,0.99910986
0.0285521,0.0008083563
0.92823815,0.9990967
0.065125085,0.0008048398
0.93636185,0.99913144
0.9333895,0.9991446
0.9442639,0.99912703
0.9421443,0.9990791
0.9452632,0.9991631
0.9226632,0.9990813
0.053280335,0.0007547296
0.056373745,0.0008017628
0.9453348,0.99910766
0.9381813,0.9991187
0.92390347,0.99910945
0.96149933,0.99916744
0.9614961,0.99911076
0.061527535,0.00081582885
0.94424105,0.99916744
0.9328549,0.9990778
0.9311065,0.9990752
0.03292963,0.0007547296
0.045233697,0.0007920924
0.95820487,0.99919426
0.07855579,0.0007745099
0.048005957,0.00083165313
0.92141426,0.9990901
0.9387146,0.99911034
0.95098525,0.9990971
0.051748607,0.000778466
0.0456014,0.0007951694
0.040330246,0.0007582461
0.059929203,0.000785499
0.060632914,0.0007942903
0.9209899,0.99909496
0.92093736,0.9991455
0.9369781,0.99907386
0.9145197,0.9991156
0.9174822,0.99909496
0.89720553,0.9991213
0.95292234,0.99911606
0.06583573,0.00081451016
0.92102176,0.9990558
0.05067125,0.000761323
0.9702358,0.9991226
0.044650078,0.00080396066
0.07673956,0.0007912133
0.9230314,0.9991006
0.9343163,0.99912614
0.0561972,0.00081890577
0.9476378,0.9990985
0.93811464,0.9991182
0.05078961,0.0007890155
0.10487864,0.0007582461
0.9274703,0.99910593
0.96653676,0.9991174
0.0559434,0.0008008837
0.9595677,0.9991165
0.050382286,0.0007850594
0.050027955,0.0007780264
0.95858794,0.99912745
0.9329475,0.9991235
0.94377977,0.99907255
0.9179066,0.99913496
0.060547736,0.0008083563
0.058976393,0.0007934111
0.93835783,0.9991407
0.93978727,0.9990936
0.059647918,0.0007802242
0.051265024,0.0007986859
0.04164952,0.00075516914
0.058245443,0.0007723121
0.9546113,0.99912524
0.058236033,0.0007912133
0.064747475,0.0008114332
0.076664284,0.0007709934
0.060064893,0.0007811034
0.95251226,0.9990835
0.05334843,0.0007512131
0.05465111,0.00081582885
0.9177662,0.9991428
0.9346461,0.9990936
0.8790766,0.9991367
0.90452963,0.9991024
0.06653722,0.0008092354
0.9484178,0.9990787
0.9325659,0.9990954
0.080425255,0.0007894551
0.041358575,0.0008496752
0.05981852,0.00082593877
0.9445127,0.9991112
0.9353768,0.9990985
0.07534699,0.0008118728
0.95814866,0.999109
0.92033464,0.99908304
0.06736052,0.00077407033
0.069035865,0.000806598
0.047524355,0.000792532
0.941653,0.9991068
0.047245543,0.00072571845
0.063899405,0.00077055383
0.9254845,0.99908704
0.9363829,0.9991209
0.9317704,0.99908745
0.092720665,0.0007793451
0.908532,0.99910855
0.07116706,0.00077055383
0.079592295,0.0007894551
0.94088644,0.9991182
0.8842901,0.9991398
0.94108325,0.9991147
0.9321849,0.99907297
0.053853802,0.0007912133
0.058411345,0.0008105541
0.054892533,0.0007793451
0.90556586,0.99906635
0.9504118,0.9990791
0.93137246,0.9990778
0.05339993,0.0008035211
0.053646304,0.00081714755
0.9500525,0.99912703
0.07259429,0.0007912133
0.966851,0.9991613
0.92429495,0.9991376
0.049423534,0.00080747716
0.049805354,0.000761323
0.050757173,0.0007986859
0.9713565,0.99913627
0.05090425,0.0007947298
0.04954313,0.0007687956
0.96344113,0.9991433
0.07526478,0.00079560897
0.058505435,0.0007841803
0.041912977,0.000761323
0.03929399,0.0008092354
0.054262362,0.0007960485
0.9328113,0.99911606
0.954539,0.99910504
0.0573221,0.0007771473
0.034036204,0.000771433
0.097928435,0.0007626417
0.9427891,0.9991147
0.97026503,0.9991402
0.93299305,0.99909055
0.053575736,0.000775389
0.9270365,0.99910766
0.9466746,0.99912524
0.9095626,0.99911165
0.084486835,0.0007687956
0.9521151,0.9990936
0.102623396,0.0007767077
0.93695486,0.99914986
0.94914925,0.9990985
0.9324426,0.99911296
0.9539873,0.99916923
0.9397816,0.9991178
0.05366735,0.000785499
0.04807232,0.0007762682
0.9465904,0.9991187
0.05640445,0.000771433
0.93262464,0.99912703
0.05668648,0.0008175871
0.041977607,0.0007982463
0.9429099,0.9991226
0.031951312,0.0007028612
0.060162455,0.0007947298
0.9948346,0.9991169
0.038243372,0.00075297133
0.9421993,0.99913317
0.91943264,0.999098
0.9402112,0.99906594
0.05319491,0.0007687956
0.94301516,0.9991213
0.9241548,0.9991846
0.9351141,0.99910724
0.9152527,0.9991596
0.076189116,0.0007767077
0.95153224,0.9991182
0.075863756,0.00076703733
0.9488779,0.99916834
0.9348769,0.99915737
0.9432016,0.99912924
0.051947687,0.0007736308
0.9197406,0.9991015
0.9684258,0.9991428
0.9396298,0.99911207
0.06187642,0.00085582904
0.052045744,0.0007604439
0.063172914,0.000806598
0.047711797,0.0007806638
0.93108916,0.999149
0.95259845,0.99913275
0.051826358,0.0007745099
0.06802487,0.0007780264
0.045261677,0.0007960485
0.9370051,0.9991011
0.9478775,0.9990985
0.9302765,0.99909496
0.9570181,0.9991385
0.9636216,0.9991468
0.03845929,0.0008008837
0.03411767,0.0007982463
0.94066507,0.9990998
0.05365621,0.0007771473
0.065012425,0.0008017628
0.94047517,0.99908483
0.86526436,0.99908966
0.92526114,0.9990734
0.94461226,0.99908656
0.07386677,0.0007837407
0.06798896,0.0008615434
0.95529693,0.99914855
0.05330584,0.0007696747
0.05238621,0.00084747735
0.0462702,0.00081099366
0.042863313,0.00075648783
0.060124073,0.0007947298
0.049764745,0.00082374096
0.06323185,0.00080044416
0.050750982,0.0008127519
0.9596705,0.9991358
0.94729686,0.9991182
0.05703289,0.0007498944
0.062861174,0.000806598
0.92313194,0.9991745
0.93098843,0.9990976
0.04921059,0.0007661582
0.072399914,0.0007793451
0.05341751,0.00072044367
0.9287864,0.99913275
0.057471905,0.0007942903
0.93582624,0.99909097
0.92905056,0.99912614
0.93862003,0.9991217
0.913351,0.9990615
0.062372386,0.0007819825
0.07207109,0.00081582885
0.058263022,0.0007696747
0.9280708,0.99912876
0.9091748,0.9991393
0.040907674,0.0007595648
0.92332584,0.99917406
0.9390813,0.99915165
0.06519467,0.0008118728
0.9219825,0.9990998
0.89589363,0.9991169
0.9460571,0.99913055
0.05810084,0.0007846199
0.04349175,0.000761323
0.9211124,0.9991147
0.8860164,0.99911296
0.92834365,0.99916834
0.048698034,0.0007692352
0.060100056,0.00082418055
0.90981686,0.9991428
0.052832406,0.0007833012
0.9329203,0.99911207
0.91580236,0.9991235
0.051598307,0.00072220195
0.9184501,0.99911076
0.060645793,0.00075297133
0.047491174,0.00082154316
0.043910462,0.00083824655
0.04495464,0.0007595648
0.109024405,0.00077055383
0.059885625,0.0007903342
0.90644044,0.9991217
0.06503545,0.0007969276
0.96961606,0.99910414
0.9254783,0.99911034
0.9481618,0.9990857
0.04783362,0.0006852786
0.95419407,0.9990857
0.05715001,0.0008175871
0.92288506,0.9990954
0.09030571,0.0007942903
0.05571114,0.0007811034
0.053431377,0.0007973672
0.054067492,0.0007938507
0.94576114,0.9990901
0.92968595,0.99908656
0.063579,0.0007771473
0.044412866,0.0007934111
0.045599915,0.0007978068
0.9422483,0.9991402
0.96150357,0.99911034
0.9395714,0.99911034
0.054334667,0.0008057189
0.06849236,0.0008197849
0.06717803,0.0007833012
0.93254834,0.99911034
0.907835,0.9991345
0.93302226,0.99908614
0.08093361,0.0007819825
0.06065619,0.0007986859
0.06737092,0.0007960485
0.9327497,0.99914724
0.052796006,0.0007723121
0.9264824,0.9990901
0.9605379,0.9991279
0.054417863,0.00081099366
0.044358887,0.0008083563
0.9389976,0.99913716
0.07004191,0.0008052793
0.94132596,0.9991235
0.95939887,0.9991385
0.04668396,0.0007507735
0.04176986,0.0008008837
0.045669496,0.0007920924
0.06339948,0.0007828616
0.9504942,0.99912965
0.94344676,0.9990857
0.9367176,0.99910504
0.9342044,0.99910855
0.05942853,0.0007828616
0.0577834,0.00080967497
0.9439875,0.9991112
0.077173375,0.0007780264
0.95040363,0.9991024
0.03879456,0.0007498944
0.92875147,0.99912
0.034899626,0.00076220214
0.93392015,0.99908704
0.066568665,0.0007986859
0.946837,0.99910414
0.07205895,0.000785499
0.06893311,0.0007947298
0.046189725,0.0007960485
0.07349535,0.0007837407
0.038850766,0.000778466
0.95488393,0.99908924
0.042921998,0.00082286185
0.036835454,0.0007969276
0.050370153,0.0007903342
0.91952896,0.99913055
0.8790244,0.99913275
0.93589187,0.999102
0.9352857,0.99908614
0.06899699,0.0007841803
0.9364121,0.99908924
0.058105294,0.0007819825
0.060790397,0.0007885759
0.0673999,0.00082989485
0.926414,0.99909276
0.04547413,0.0007692352
0.052279737,0.0007793451
0.94315875,0.99909496
0.050511047,0.0007912133
0.9341729,0.99911296
0.95357007,0.9991156
0.93471766,0.9991046
0.9476655,0.9990747
0.9534245,0.99911076
0.06282304,0.0007903342
0.93841106,0.9990787
0.9419031,0.9991156
0.9715046,0.9991477
0.9335834,0.9991455
0.9367704,0.99913317
0.053961266,0.0007780264
0.050413486,0.00080264197
0.041848104,0.000775389
0.9358319,0.99912524
0.05255062,0.0007780264
0.053039905,0.0007960485
0.93587106,0.9991376
0.9469544,0.9991235
0.922271,0.999149
0.058837235,0.0007028612
0.058459874,0.0008044002
0.0320511,0.0007920924
0.06045117,0.0007819825
0.046389796,0.0008030815
0.94185036,0.9991248
0.060700513,0.00083253224
0.949354,0.999102
0.055593275,0.0007986859
0.9290602,0.9991156
0.95103604,0.9991147
0.9260248,0.9991266
0.05450601,0.0007982463
0.93536544,0.99907076
0.94486827,0.99912834
0.03744037,0.00074330095
0.059175227,0.0008092354
0.050868597,0.0007793451
0.9447457,0.9991169
0.044595603,0.0007863781
0.92351645,0.99911207
0.9335284,0.9991147
0.060037162,0.0007758286
0.057263415,0.0007934111
0.9217629,0.9990985
0.051692154,0.0008030815
0.06357083,0.0008175871
0.9312018,0.99911386
0.055038378,0.0007762682
0.930022,0.99916834
0.93812853,0.9991187
0.042460695,0.0007894551
0.9256103,0.9991209
0.04822138,0.0008017628
0.94836235,0.9991657
0.04287495,0.0007802242
0.06303475,0.0007771473
0.919473,0.9991055
0.060232528,0.00081231236
0.93070513,0.99910945
0.081851505,0.0007811034
0.051325936,0.0007947298
0.06524023,0.0007960485
0.049145963,0.0008118728
0.9338258,0.99907386
0.048799556,0.0007850594
0.8961096,0.9991244
0.05412469,0.00075736694
0.044118457,0.0007868177
0.9522565,0.9991248
0.07561738,0.0007762682
0.055291932,0.0007758286
0.93522877,0.9991209
0.05075816,0.000771433
0.92543495,0.99910283
0.06687223,0.0008008837
0.9483294,0.9990787
0.95410466,0.9990901
0.04640639,0.0007938507
0.058895674,0.0008149497
0.94195265,0.9991112
0.9181225,0.99909097
0.94608355,0.9991407
0.059202462,0.0007885759
0.93983036,0.9991635
0.9348031,0.9991165
0.94745034,0.9990769
0.9434923,0.99910283
0.94373894,0.99911296
0.09463693,0.0007969276
0.06433496,0.0007833012
0.0788143,0.0007833012
0.050621975,0.000799565
0.06480938,0.0007916529
0.042358432,0.0008101145
0.06476927,0.0007652791
0.9348863,0.9990857
0.038245603,0.0007947298
0.9363873,0.9991209
0.06202796,0.0007828616
0.9383942,0.99913716
0.055592284,0.000792532
0.9449577,0.9991626
0.94043404,0.9991006
0.92737824,0.99912834
0.06442236,0.00075385044
0.95198834,0.99913627
0.9315512,0.99912965
0.93395406,0.9991033
0.9298073,0.99911165
0.030322276,0.00073407014
0.94753975,0.99908304
0.036969658,0.00074286136
0.96256584,0.9991622
0.9374352,0.99908656
0.05399519,0.0007679165
0.9194747,0.99910766
0.064248785,0.0007771473
0.049092975,0.0007846199
0.94607884,0.9990778
0.9447001,0.9991165
0.93913084,0.99908656
0.931705,0.99909186
0.038802728,0.0007498944
0.058159027,0.000778466
0.9630078,0.99917626
0.040865827,0.0008233014
0.92486227,0.99908173
0.065111466,0.0007745099
0.047999274,0.00083077396
0.06874715,0.0007833012
0.9344515,0.99911207
0.028910642,0.0007520922
0.93224233,0.9991209
0.056304663,0.000778466
0.9547675,0.9991068
0.05957908,0.0008233014
0.07405941,0.00081846624
0.9607315,0.99908924
0.04994129,0.000771433
0.92010486,0.9991112
0.92847884,0.99909097
0.93258154,0.99906945
0.05693979,0.0007582461
0.054236114,0.0007863781
0.944147,0.99910855
0.09928089,0.000785499
0.9391715,0.99910593
0.065252356,0.00082154316
0.9189931,0.9991437
0.9601868,0.99912703
0.93696374,0.9991174
0.92968076,0.99907607
0.9112973,0.9991169
0.045395635,0.0007630813
0.9282513,0.99908876
0.96156645,0.99912614
0.94402665,0.99911386
0.06026571,0.00080747716
0.05071384,0.0007644
0.04957012,0.0008035211
0.053845383,0.0007894551
0.9403328,0.99908394
0.9439756,0.9990993
0.056553267,0.0007978068
0.92135185,0.99915737
0.9417437,0.99912524
0.051751826,0.0007960485
0.06899203,0.0007960485
0.040913124,0.0007837407
0.07584692,0.00084088393
0.952931,0.9991231
0.062474404,0.0007912133
0.9256331,0.99912614
0.10685755,0.000775389
0.039011713,0.000799565
0.9403209,0.99910414
0.9299801,0.9990804
0.9306997,0.999102
0.06960612,0.000806598
0.93248844,0.99908924
0.93879634,0.9992435
0.8929347,0.9990747
0.9239778,0.99912965
0.061284132,0.000806598
0.06080996,0.00082154316
0.05675482,0.0007846199
0.9313781,0.9991196
0.067392215,0.0007951694
0.9392113,0.9991433
0.9299519,0.9990963
0.93666714,0.99911255
0.05925347,0.0008008837
0.96139807,0.9991196
0.08711053,0.0008013233
0.057501122,0.00080967497
0.0537971,0.0008052793
0.033529095,0.000799565
0.92247975,0.9990954
0.057016548,0.0007890155
0.04971621,0.0007811034
0.05214033,0.00076703733
0.057737593,0.00082593877
0.8988286,0.99909097
0.9192937,0.99913365
0.05810257,0.0007463779
0.920145,0.9991196
0.03278849,0.0007934111
0.07128641,0.0008118728
0.051196434,0.0007771473
0.9451981,0.9991147
0.0336893,0.0008364883
0.028411457,0.0007868177
0.94274056,0.9990778
0.92816067,0.9990787
0.94880205,0.999142
0.06339849,0.00083341135
0.9264826,0.9991446
0.048714377,0.0007811034
0.9449755,0.9990936
0.94881696,0.99909276
0.06190762,0.0007951694
0.92089105,0.999109
0.9267263,0.9991143
0.02595094,0.000771433
0.0785912,0.00081231236
0.9237524,0.99913144
0.04444753,0.00074593833
0.9724153,0.99914634
0.90143967,0.9990976
0.077422224,0.0007876968
0.91951483,0.9991279
0.9525712,0.9990936
0.059177455,0.0008048398
0.9202834,0.9991178
0.9723861,0.99917275
0.049647376,0.0007978068
0.06603704,0.0007885759
0.9501798,0.9991006
0.9342071,0.9990822
0.04624321,0.0007780264
0.93448144,0.99907386
0.065092154,0.0007934111
0.94474596,0.9992079
0.052197527,0.0007639604
0.061172213,0.00073802617
0.043364972,0.00080967497
0.95473313,0.99908483
0.053879306,0.00089407107
0.057714067,0.0007758286
0.035918053,0.00074549875
0.93235797,0.9990985
0.04233689,0.0007846199
0.06552399,0.00080044416
0.92365366,0.9991534
0.9364492,0.9991165
0.0506299,0.0007679165
0.051926393,0.0007876968
0.9441316,0.99908745
0.06123709,0.00073407014
0.047668464,0.00074242183
0.94054574,0.99909097
0.056393307,0.0007569274
0.04704572,0.0007986859
0.04366384,0.0007696747
0.94801813,0.99913144
0.058212757,0.0007802242
0.9656486,0.99912524
0.9299356,0.99909097
0.060955554,0.00081099366
0.05893009,0.0007569274
0.055582874,0.0007920924
0.9433848,0.99913144
0.062386997,0.0007824221
0.06444762,0.00083165313
0.032437872,0.0007723121
0.057753935,0.0007745099
0.9612624,0.9991578
0.9581145,0.9991011
0.9474563,0.99910855
0.03579202,0.0007450592
0.05977395,0.0008118728
0.9181346,0.99911386
0.0513559,0.0007912133
0.065814935,0.0007938507
0.05303173,0.0008127519
0.9169137,0.9991385
0.9181666,0.999102
0.06383429,0.0007894551
0.0570943,0.0007819825
0.92297864,0.99910635
0.054085813,0.0008175871
0.0672694,0.00081319147
0.09671538,0.000771433
0.94459563,0.9991226
0.9396979,0.9991147
0.054995045,0.0007986859
0.92462355,0.99909097
0.06568642,0.0008092354
0.08456681,0.000778466
0.95766085,0.9991358
0.938624,0.99906284
0.930717,0.9991011
0.9438434,0.99915206
0.9093026,0.99904174
0.9367221,0.9991217
0.07262797,0.0007723121
0.9397152,0.99911386
0.06059404,0.00081538927
0.0626923,0.00074066356
0.04960652,0.0007881364
0.959152,0.99917275
0.062132947,0.0007885759
0.061158348,0.0007868177
0.91050696,0.99914813
0.9333702,0.99911207
0.04813447,0.0008022024
0.945207,0.9991112
0.93153065,0.99913317
0.054815527,0.00076088344
0.05161366,0.000785499
0.073970765,0.0007837407
0.90858126,0.9990752
0.93766946,0.9991147
0.9409577,0.99908614
0.046392523,0.00073802617
0.045564756,0.00073582836
0.06594369,0.0007912133
0.9639633,0.99912524
0.046600018,0.00081363105
0.93879586,0.9991407
0.05691255,0.0007960485
0.9487919,0.99912924
0.9510432,0.99913406
0.94368887,0.99913365
0.08583137,0.0008048398
0.04284697,0.0007903342
0.9543961,0.9990998
0.053948887,0.0007679165
0.06462417,0.0007731912
0.92317474,0.9991015
0.9374199,0.99906635
0.047677875,0.00084659824
0.055859953,0.0007969276
0.039078817,0.0007793451
0.9495885,0.999142
0.043077495,0.0007595648
0.04401297,0.0007463779
0.92230046,0.99911165
0.07506793,0.0007837407
0.9534327,0.99913013
0.041576475,0.0008162684
0.0793167,0.0007903342
0.056567874,0.00081231236
0.040112346,0.0007687956
0.045363694,0.0008083563
0.04995912,0.0007463779
0.052211147,0.00073143275
0.9546205,0.9991055
0.047223505,0.000747257
0.07819799,0.0008127519
0.96175563,0.99915475
0.9328636,0.999058
0.04150442,0.0007771473
0.05787898,0.00081538927
0.06563442,0.0007819825
0.0625727,0.00081714755
0.0589811,0.00082418055
0.9275887,0.9991323
0.9054161,0.99906945
0.94142795,0.9990954
0.059955448,0.0008035211
0.06733477,0.0007846199
0.9338934,0.9990958
0.102204934,0.0007815429
0.08731778,0.0007556087
0.95353615,0.9990804
0.93554795,0.9990976
0.92787766,0.99910855
0.04558605,0.0007824221
0.9162018,0.9991143
0.91789174,0.9990804
0.9418583,0.99915516
0.9469009,0.99912703
0.94061357,0.99910986
0.047872745,0.00081582885
0.05605284,0.0007520922
0.9362219,0.9991174
0.96569043,0.999138
0.92797124,0.9990835
0.047442395,0.00073319103
0.9420331,0.9991204
0.060244907,0.00073407014
0.050375108,0.000761323
0.9385222,0.9991147
0.060281556,0.0007885759
0.9780713,0.9991156
0.9658484,0.9990901
0.046397224,0.0007780264
0.06740534,0.0007806638
0.9281857,0.99909186
0.07303752,0.0007986859
0.94203633,0.99913096
0.9335299,0.9990589
0.08728162,0.000761323
0.9409117,0.99910855
0.069102965,0.0007986859
0.96396583,0.9991112
0.94396573,0.9991257
0.91498375,0.9991323
0.08200106,0.0007907738
0.041801307,0.0007837407
0.9608739,0.9991824
0.9260852,0.9991196
0.04512054,0.0007507735
0.94358265,0.9991046
0.9486966,0.9990963
0.9477933,0.99909097
0.035028633,0.000771433
0.048036166,0.0008149497
0.063563645,0.00083736744
0.9302738,0.9990945
0.036883492,0.00080747716
0.9253862,0.9991376
0.9632106,0.99915427
0.957625,0.9991604
0.047531288,0.0007806638
0.93435615,0.9990967
0.9451077,0.99906284
0.94175506,0.9991222
0.9359357,0.99913186
0.9580984,0.99915385
0.049194742,0.0007520922
0.031484812,0.0007630813
0.03556694,0.00079560897
0.884663,0.99908656
0.06486237,0.0007863781
0.058886014,0.0007986859
0.06450556,0.0007986859
0.9519101,0.99912
0.9392408,0.9991015
0.07243112,0.0007912133
0.024222858,0.0007828616
0.8910917,0.9990945
0.056245733,0.0007947298
0.9459595,0.9991182
0.053240716,0.0007731912
0.9473293,0.9991037
0.94669044,0.99911034
0.062929265,0.0007982463
0.9562376,0.999142
0.041018605,0.00080264197
0.0641339,0.00083341135
0.05328479,0.0007758286
0.06374366,0.00075385044
0.063243486,0.0007916529
0.94354427,0.99913186
0.92239577,0.9990993
0.059044488,0.000775389
0.06925253,0.00074901525
0.9477864,0.99909407
0.9449138,0.9991182
0.06880113,0.0007969276
0.059133872,0.00074901525
0.9565278,0.9991235
0.04616868,0.00073582836
0.028351784,0.0007556087
0.93552864,0.99910635
0.049686003,0.0007837407
0.9224683,0.99910986
0.96808434,0.9991477
0.05304857,0.0008057189
0.93736887,0.9990901
0.051871423,0.00074198225
0.9267203,0.9991398
0.95150155,0.9991266
0.9277442,0.99915606
0.062308505,0.0008052793
0.9079348,0.9991182
0.059346076,0.00082901574
0.07736676,0.0007890155
0.05082477,0.00081363105
0.9594355,0.99912524
0.95846313,0.9990945
0.934352,0.9991134
0.06345817,0.0007903342
0.95765764,0.9991455
0.92321265,0.999102
0.9385985,0.9990998
0.92816615,0.99913406
0.051173408,0.0007520922
0.9132282,0.9991002
0.95080006,0.9991367
0.05087256,0.0007938507
0.046297684,0.00073934486
0.9481048,0.99909276
0.94096965,0.99908656
0.9385131,0.9991811
0.043257263,0.0007938507
0.055406574,0.000799565
0.9406933,0.9991055
0.92546344,0.999098
0.05086711,0.000785499
0.06609176,0.0007745099
0.06059627,0.0008022024
0.047727395,0.0007819825
0.06333139,0.0008615434
0.92490333,0.99906856
0.9621241,0.9991442
0.025832335,0.0007916529
0.9471079,0.99912876
0.04463745,0.00077407033
0.9417152,0.99908835
0.91188616,0.9991182
0.04588764,0.00075604825
0.93907195,0.9990936
0.071566954,0.0007696747
0.054578315,0.0007556087
0.87400997,0.9991358
0.045406036,0.0007811034
0.062201288,0.0007973672
0.05647329,0.0007802242
0.07464997,0.0007793451
0.94646066,0.9991147
0.06324596,0.0007920924
0.06903983,0.0008008837
0.9172145,0.99910855
0.9547591,0.9991433
0.9512656,0.9991437
0.9223685,0.9991367
0.052393638,0.0007969276
0.9503437,0.99917185
0.95855993,0.9991455
0.05519462,0.0007846199
0.951455,0.9991367
0.05642352,0.0007665978
0.95807314,0.9991402
0.9336475,0.9991191
0.9289095,0.9991376
0.06891949,0.0008052793
0.050650947,0.0007986859
0.9313866,0.9990813
0.94833755,0.9991217
0.9224906,0.9991613
0.073735535,0.0007934111
0.052947048,0.0007969276
0.9321111,0.9990971
0.04271945,0.0007819825
0.94510674,0.99915427
0.058034975,0.0006852786
0.93556947,0.9991182
0.9511811,0.99912876
0.9394005,0.99908483
0.044497795,0.0007934111
0.054810822,0.0007819825
0.9554408,0.99911034
0.94256794,0.99913275
0.9315532,0.9990778
0.9448131,0.99911386
0.04772071,0.0008052793
0.9445647,0.99912
0.94199103,0.99912614
0.9319967,0.99910855
0.9364289,0.9991209
0.9709148,0.99916923
0.053805023,0.0008175871
0.0661039,0.0007806638
0.9199038,0.9991015
0.959747,0.9991266
0.8918281,0.9991174
0.93543726,0.9991385
0.058385592,0.0008048398
0.9302094,0.9990936
0.95540684,0.9991428
0.08320792,0.0007841803
0.89134455,0.9991182
0.08047305,0.0008101145
0.057579614,0.0008044002
0.94202393,0.99913365
0.061664466,0.0007868177
0.0381889,0.0007868177
0.055605903,0.00073802617
0.024610618,0.0007696747
0.9056991,0.99908483
0.9445877,0.99913716
0.059938613,0.00082418055
0.06900565,0.0007973672
0.06868797,0.0007780264
0.9079828,0.9990752
0.94277644,0.9991213
0.03112949,0.0007876968
0.07104647,0.0007846199
0.9385292,0.9991323
0.94477,0.99908745
0.91344905,0.9990901
0.042772193,0.0007833012
0.915636,0.99911165
0.9510734,0.9990963
0.94061136,0.99912965
0.9530563,0.99910283
0.94900435,0.99913317
0.9321975,0.9991393
0.07501668,0.0007661582
0.9321888,0.99909186
0.93307877,0.9990879
0.072885975,0.000799565
0.08238139,0.0007630813
0.045505825,0.0007903342
0.95604324,0.9991578
0.9267332,0.99910504
0.091323145,0.0007951694
0.9281374,0.99908656
0.053459853,0.0007960485
0.055171594,0.0007920924
0.9469457,0.99914944
0.06448427,0.0007771473
0.050602414,0.0007850594
0.94288045,0.99916834
0.8657779,0.99913365
0.058391534,0.00083121355
0.92343944,0.99909496
0.082753055,0.000747257
0.939999,0.999102
0.05753133,0.0008008837
0.03905034,0.0007802242
0.94155425,0.99912745
0.04217941,0.0008017628
0.065312035,0.000792532
0.0635733,0.00082242227
0.08401612,0.0007934111
0.9715742,0.9991407
0.0712037,0.0007582461
0.95099247,0.9990989
0.9300534,0.9990822
0.9323587,0.99904615
0.9690889,0.9991402
0.9503754,0.99913406
0.96405345,0.9991156
0.9487932,0.9991046
0.9242172,0.9991556
0.89888334,0.99911034
0.9319018,0.9991187
0.9443055,0.9991112
0.05578567,0.0007652791
0.059574623,0.0007863781
0.9529803,0.9991112
0.96173704,0.9991376
0.06632873,0.0007819825
0.9397878,0.9991217
0.04686125,0.0007595648
0.06625098,0.00077055383
0.9342888,0.99906284
0.060871366,0.00080264197
0.08483844,0.0007841803
0.047678616,0.0008022024
0.030946506,0.00076703733
0.96297836,0.99908
0.9415317,0.99907076
0.9287292,0.9991569
0.040553592,0.0008044002
0.93585396,0.99919033
0.96042025,0.99917185
0.07924885,0.00082154316
0.8947118,0.99913496
0.95271087,0.99912614
0.9588276,0.99915165
0.046624284,0.0008017628
0.92210853,0.9991209
0.068504244,0.0007806638
0.040954225,0.0007837407
0.038852748,0.00075033394
0.04109685,0.00081099366
0.052098732,0.00080747716
0.95107913,0.9991899
0.92873365,0.99906987
0.04452751,0.0007780264
0.9354989,0.99911296
0.9462502,0.99911255
0.0470945,0.000792532
0.94922054,0.99913096
0.9334821,0.99910814
0.9477094,0.99910945
0.9279705,0.99910766
0.04699818,0.0007819825
0.9348472,0.9990971
0.94386595,0.999102
0.056334376,0.0007942903
0.92929053,0.9991226
0.058969956,0.00080615847
0.9707672,0.9992413
0.025501277,0.000747257
0.091719076,0.0007630813
0.9516293,0.9991415
0.930462,0.99915427
0.948627,0.9990976
0.91719246,0.99909276
0.05963108,0.00076703733
0.056563664,0.0007986859
0.9930245,0.9991389
0.9269246,0.9990963
0.059838578,0.00080264197
0.9365829,0.9990668
0.94290197,0.9991165
0.055708166,0.0007806638
0.047527574,0.0007833012
0.04461566,0.0007556087
0.040985424,0.00081890577
0.039506193,0.0007934111
0.041750792,0.0007960485
0.047279466,0.0007903342
0.06710276,0.0007986859
0.92970604,0.99909097
0.9034874,0.999109
0.053225365,0.0007876968
0.9256048,0.99910635
0.06584465,0.0007736308
0.0345084,0.0006703335
0.8802159,0.99911207
0.9147191,0.99910814
0.04280983,0.0007934111
0.054211106,0.0007920924
0.9353746,0.9990752
0.08182823,0.0007986859
0.059671935,0.0007771473
0.9322136,0.9990571
0.044471055,0.0007890155
0.92463917,0.99910855
0.053400923,0.0007885759
0.95679796,0.9991174
0.9295322,0.9990945
0.058263022,0.0007723121
0.048676245,0.0007679165
0.9090795,0.99912834
0.90959376,0.9991618
0.046924885,0.0007595648
0.94275147,0.9991477
0.050843835,0.0007846199
0.054797947,0.0007978068
0.95205003,0.9991393
0.04316812,0.000775389
0.041739404,0.0007920924
0.04581831,0.0007644
0.022440055,0.0007920924
0.05552716,0.000719125
0.025722148,0.0007811034
0.8923486,0.9991046
0.04816245,0.0007819825
0.95050365,0.9991235
0.0670827,0.0008175871
0.9677966,0.9991596
0.94968903,0.99910766
0.9241152,0.99913096
0.9372208,0.9990985
0.94503593,0.99915075
0.9325709,0.9991174
0.94825584,0.9991147
0.929322,0.99913406
0.057138123,0.0007701143
0.9571897,0.9991266
0.936009,0.99911207
0.9494974,0.99913406
0.88580126,0.99913406
0.9474018,0.9991231
0.031393446,0.00074549875
0.055328332,0.00082593877
0.050766084,0.0008030815
0.93142295,0.9990985
0.94846904,0.9991323
0.08124015,0.00076352083
0.956926,0.99911076
0.065551475,0.0008175871
0.9312422,0.99911207
0.95409554,0.99910414
0.9534096,0.9991231
0.95620817,0.9991569
0.04923659,0.0007912133
0.9382338,0.99906725
0.057277035,0.0007758286
0.94028497,0.99913627
0.9269863,0.99913055
0.06802462,0.000778466
0.06717259,0.00080396066
0.046823364,0.0007978068
0.91886705,0.99908525
0.9321066,0.9991182
0.059739534,0.00074110314
0.07234866,0.0008092354
0.039491087,0.0007837407
0.92773527,0.9991279
0.932565,0.9991112
0.04933786,0.0007934111
0.93468153,0.9991187
0.9270625,0.9991701
0.062743805,0.0007463779
0.063736975,0.0008175871
0.9851557,0.99909496
0.06555469,0.000775389
0.034102812,0.00073934486
0.06119648,0.0008030815
0.035095733,0.0007547296
0.935019,0.9991015
0.059563234,0.00080264197
0.9308089,0.9991226
0.058012936,0.00073802617
0.029540319,0.0007876968
0.06462293,0.0007811034
0.9391029,0.99913627
0.06551606,0.0007960485
0.92841077,0.9990778
0.94337416,0.99910635
0.0627552,0.0008162684
0.060754243,0.00077407033
0.94144803,0.9991209
0.9672387,0.9991002
0.047907162,0.0007415427
0.050459296,0.0007868177
0.045088846,0.0007960485
0.9426516,0.99913317
0.9479793,0.9991622
0.92321265,0.9991024
0.9301928,0.9991433
0.03644101,0.0007556087
0.9076079,0.99911034
0.9362504,0.99913496
0.8979005,0.99910283
0.026916625,0.0007811034
0.080226175,0.0007907738
0.06163599,0.00080747716
0.9422223,0.99911255
0.049091242,0.0008149497
0.9091342,0.99916923
0.049857847,0.0007973672
0.029383829,0.00076220214
0.93244165,0.9990963
0.91270846,0.99908656
0.06157706,0.0007745099
0.94721264,0.99913716
0.055095576,0.0007868177
0.92919344,0.99911076
0.047276247,0.0007903342
0.04290615,0.0008175871
0.9453053,0.9991011
0.032036245,0.00075297133
0.097591184,0.00076352083
0.04857101,0.0008083563
0.0649941,0.0008246201
0.9400188,0.99914813
0.06534323,0.000771433
0.9802891,0.9991217
0.027675308,0.0007758286
0.93130857,0.9991323
0.93333083,0.9991055
0.08662372,0.0008149497
0.06573817,0.00077407033
0.93057936,0.99909407
0.04696153,0.0007679165
0.058727544,0.00081582885
0.055814143,0.0007894551
0.90466404,0.9991437
0.93298066,0.9991156
0.06214186,0.000771433
0.070754535,0.0007934111
0.073870234,0.000806598
0.93223614,0.99910414
0.05998467,0.00082022446
0.95103353,0.99911255
0.9414485,0.9990712
0.06329053,0.0007920924
0.9278373,0.99908656
0.8981764,0.99909407
0.049377974,0.0007485757
0.06723647,0.0007626417
0.059266098,0.0007960485
0.93766844,0.9990835
0.9325102,0.99912965
0.05310775,0.00080747716
0.9541505,0.99914813
0.06409378,0.0007876968
0.93058157,0.9991006
0.9249623,0.9991354
0.061138537,0.0008008837
0.94735456,0.99913275
0.9473139,0.9991745
0.9642961,0.9991604
0.9390811,0.99911386
0.050223075,0.000792532
0.054121967,0.000858906
0.047033094,0.000719125
0.92183393,0.9991112
0.92276174,0.9990963
0.95640475,0.9991011
0.06439513,0.0007920924
0.0646831,0.00076703733
0.92994595,0.9991604
0.92827505,0.99910945
0.9365988,0.9991222
0.04822584,0.0007986859
0.037427247,0.00075429
0.93428487,0.99910414
0.94366413,0.99908394
0.9258757,0.9991231
0.92751765,0.99912876
0.9544105,0.99912876
0.05650721,0.0007973672
0.9470133,0.99915123
0.9126265,0.99911255
0.06223942,0.0007982463
0.046669103,0.00082022446
0.94749963,0.99912614
0.93182486,0.9991407
0.9556292,0.9991323
0.92029256,0.99913406
0.04942502,0.0007947298
0.9361491,0.9990835
0.033224534,0.0007890155
0.06482473,0.0007696747
0.9283233,0.99911034
0.06443078,0.0008052793
0.072914705,0.0007762682
0.9285534,0.99910814
0.9266156,0.9990993
0.05027408,0.0007011029
0.89895886,0.99913716
0.9494833,0.999189
0.91391337,0.9990734
0.8680579,0.999098
0.04252755,0.00073494925
0.94221216,0.99913716
0.05409052,0.0008083563
0.065010935,0.00081582885
0.93110526,0.9991596
0.06226146,0.0007920924
0.052973047,0.000792532
0.95278865,0.99913144
0.045978762,0.00077055383
0.069571204,0.0007903342
0.069352314,0.00075297133
0.92638975,0.9991178
0.9288213,0.9990826
0.9018901,0.99910814
0.055367947,0.0007767077
0.049678575,0.00075736694
0.048125554,0.00081714755
0.9411244,0.9992061
0.9365896,0.99908876
0.051495798,0.0007868177
0.044918984,0.0007916529
0.93843704,0.9990374
0.056627795,0.0007942903
0.9503177,0.9991182
0.92527056,0.9990985
0.9470703,0.99909097
0.9408795,0.99910945
0.068699114,0.00084659824
0.9332357,0.99914813
0.06688115,0.0008013233
0.05340835,0.00074198225
0.9204037,0.9991222
0.06308328,0.0008149497
0.95813555,0.9991165
0.9249776,0.9991446
0.058498997,0.0007644
0.06563244,0.0007802242
0.05787898,0.000785499
0.08464307,0.0008083563
0.9388882,0.99910414
0.051904358,0.0007986859
0.9500471,0.9991147
0.9318112,0.99913365
0.06766385,0.0007819825
0.93578786,0.9991033
0.075080805,0.0008044002
0.9448638,0.99913317
0.94464564,0.9991196
0.05907296,0.0007556087
0.064693995,0.000792532
0.9447608,0.99919033
0.051155828,0.0007793451
0.044403456,0.00081363105
0.042461686,0.00073890534
0.92701274,0.9991024
0.9413524,0.99915737
0.9379381,0.9990734
0.9474647,0.9991569
0.058284815,0.0007701143
0.9394976,0.99913096
0.9149526,0.99908924
0.0513294,0.0007978068
0.9610695,0.99914944
0.04816245,0.0008149497
0.9388946,0.9991213
0.94275934,0.9991411
0.0460679,0.00082637835
0.0651075,0.0008030815
0.9383712,0.99910593
0.046110988,0.0007876968
0.062470935,0.0008149497
0.96286917,0.99915427
0.057813607,0.0007811034
0.9384789,0.9991354
0.059170272,0.0008022024
0.929347,0.9991182
0.03920262,0.0007811034
0.06993692,0.00080615847
0.07459648,0.0007960485
0.9333328,0.9990989
0.064302765,0.00081582885
0.9543758,0.99911255
0.9275268,0.99909097
0.076685086,0.0007780264
0.034914482,0.00075648783
0.94676274,0.99914986
0.95321006,0.9991006
0.05882114,0.0007811034
0.060934257,0.0007824221
0.05066308,0.0007846199
0.05046722,0.0007723121
0.96029025,0.99911034
0.052556317,0.0007876968
0.062105708,0.00077407033
0.061616182,0.0007696747
0.9491366,0.99913317
0.056320015,0.0007916529
0.930721,0.99910766
0.9304417,0.9991226
0.07223154,0.00080264197
0.03745473,0.0007731912
0.070822135,0.0007745099
0.070454925,0.0007947298
0.06803725,0.0008175871
0.060527187,0.0007885759
0.054422814,0.0007652791
0.05543406,0.0007736308
0.046370484,0.0007780264
0.93855786,0.9990963
0.05590254,0.00080747716
0.040584046,0.0007951694
0.032550037,0.0007846199
0.043414246,0.0008092354
0.053933535,0.0007837407
0.923284,0.9990826
0.93595153,0.99910414
0.9316703,0.9991182
0.9360466,0.9991147
0.06236075,0.00082242227
0.055058185,0.00075648783
0.8949458,0.99913186
0.9310191,0.9990769
0.053833004,0.00082769705
0.92571306,0.9991231
0.04602977,0.0007934111
0.06055566,0.0007960485
0.92657495,0.99911165
0.9454588,0.99913627
0.95212626,0.99914813
0.06035262,0.0007885759
0.9287589,0.9990976
0.9516065,0.99912
0.93235177,0.9991428
0.06810113,0.0007828616
0.051581223,0.0007868177
0.9693826,0.9991213
0.9284732,0.9991191
0.93741167,0.99910945
0.9408376,0.9991024
0.9491596,0.99913275
0.9555366,0.99909097
0.061830614,0.0007793451
0.037905134,0.0007767077
0.93206376,0.99910414
0.04047906,0.0007450592
0.93661314,0.9990936
0.09274939,0.0007876968
0.047784347,0.0007771473
0.07028655,0.0008149497
0.05734909,0.00076220214
0.9598827,0.9991376
0.057301797,0.0007841803
0.05460134,0.0007912133
0.064607084,0.00080615847
0.06546431,0.00080747716
0.06557995,0.0007780264
0.95220846,0.9991165
0.048662625,0.00083824655
0.04714328,0.0007463779
0.9239072,0.99912703
0.93931556,0.9990967
0.03467207,0.0007582461
0.04180824,0.0007595648
0.066341355,0.00077055383
0.05454167,0.0007885759
0.05085275,0.0007745099
0.9047985,0.9990901
0.065016635,0.0007876968
0.9293802,0.99911076
0.08213106,0.00073978445
0.9243851,0.9990967
0.06068318,0.0007938507
0.073946744,0.0007837407
0.036183987,0.00073890534
0.9243299,0.9990769
0.923774,0.99910766
0.102706596,0.0007837407
0.94132715,0.99913144
0.034937263,0.0007679165
0.061131854,0.0008149497
0.95547473,0.9991248
0.94375503,0.99910766
0.93567246,0.99905276
0.93641406,0.9991402
0.0490749,0.00084308174
0.930539,0.99913055
0.9669562,0.9991222
0.045233946,0.0007868177
0.95000124,0.99913716
0.93345857,0.9991187
0.944456,0.99911386
0.044653296,0.0007833012
0.058251385,0.00081451016
0.9329604,0.9991165
0.9374674,0.99913627
0.061686255,0.0007661582
0.93218833,0.99910855
0.048752755,0.00082022446
0.05975637,0.0008083563
0.06860725,0.00082901574
0.91862315,0.9991015
0.9468977,0.99915165
0.92137414,0.9991024
0.049919255,0.00080615847
0.075195454,0.0007723121
0.9292856,0.9990958
0.91310835,0.9991134
0.8888684,0.99915427
0.9191952,0.9990813
0.042171486,0.000865939
0.06595235,0.0007894551
0.9599292,0.99913627
0.058168933,0.0007793451
0.9563488,0.9991248
0.049677584,0.0007828616
0.93622684,0.99912614
0.93154556,0.99911296
0.056821924,0.0007969276
0.9426722,0.99913317
0.94729686,0.9990976
0.03611416,0.00075516914
0.93320453,0.9991578
0.95037395,0.9991569
0.93792695,0.99907607
0.8847769,0.99911034
0.9255409,0.9991033
0.05918191,0.0008118728
0.049865276,0.000792532
0.94585127,0.99908745
0.030958144,0.00073934486
0.05892687,0.0007907738
0.92463714,0.9991169
0.06650305,0.00081934535
0.9381716,0.9991428
0.037655544,0.0007951694
0.9378054,0.99910504
0.0629674,0.00081846624
0.05900462,0.00082022446
0.06677071,0.00081846624
0.9087207,0.99908614
0.92259735,0.99908394
0.9044462,0.99913275
0.96418345,0.9990932
0.9371995,0.99912965
0.9440385,0.9991367
0.95183706,0.99911296
0.929425,0.99910635
0.040969826,0.0007142898
0.03881313,0.0007960485
0.04475977,0.00080264197
0.9505804,0.99907076
0.9393178,0.99914634
0.9276456,0.99910593
0.043989945,0.0008162684
0.9480679,0.9991112
0.9565652,0.9991182
0.9243606,0.9991235
0.0597898,0.00081363105
0.93829936,0.9990857
0.9452209,0.99912524
0.9446541,0.9991385
0.062150527,0.0007890155
0.94307584,0.9991156
0.94623655,0.99911296
0.9268278,0.9991222
0.9400914,0.99909186
0.09426031,0.0007723121
0.051654268,0.0007758286
0.9239176,0.99914944
0.92805076,0.99911076
0.06546951,0.000775389
0.95145005,0.99915427
0.055124052,0.0008048398
0.057620473,0.0008044002
0.90564334,0.99910855
0.054317083,0.0007863781
0.048224352,0.0007903342
0.083642475,0.0008114332
0.050770048,0.00074901525
0.93912715,0.999098
0.08531386,0.0007661582
0.05514584,0.000799565
0.9338689,0.99909496
0.92311853,0.9990936
0.9246562,0.9990804
0.9326073,0.99912965
0.06059726,0.0007881364
0.035439666,0.0008044002
0.060976848,0.0007982463
0.9484589,0.999102
0.04935767,0.00072923495
0.048516534,0.0007745099
0.9243324,0.9990782
0.0494478,0.0007986859
0.046015408,0.0007894551
0.079905026,0.00081538927
0.92427367,0.9990936
0.9188824,0.9991578
0.048149325,0.0007709934
0.063075356,0.0008101145
0.08076424,0.00080615847
0.9580796,0.99912876
0.989941,0.9991477
0.9325058,0.99908656
0.06550665,0.00075385044
0.036130752,0.00073802617
0.06690542,0.0007793451
0.900059,0.9991266
0.070732996,0.0007582461
0.053051293,0.00080264197
0.07078747,0.0007920924
0.04966545,0.0007709934
0.026716061,0.0007604439
0.9117834,0.9990945
0.9434029,0.9991596
0.92853856,0.9990765
0.9066932,0.9990998
0.93393797,0.9991046
0.90714735,0.9990958
0.9486154,0.9991376
0.9442267,0.99911034
0.03601462,0.000775389
0.9132302,0.99908614
0.90416044,0.9991248
0.93443984,0.99910504
0.9302248,0.9991055
0.059043497,0.0007938507
0.9326504,0.9991156
0.9283511,0.9991428
0.04719627,0.00080044416
0.059341125,0.0007723121
0.9097604,0.9991147
0.9810857,0.99914634
0.9238344,0.99908656
0.029338762,0.00082022446
0.043299604,0.0007868177
0.9424647,0.99912876
0.036602948,0.0007890155
0.07227438,0.0007978068
0.07132355,0.0007894551
0.93553853,0.9990985
0.05960409,0.00081890577
0.92686814,0.9991266
0.04608969,0.00075297133
0.057745267,0.0007841803
0.04552613,0.0007938507
0.94632894,0.9991398
0.03908575,0.0007920924
0.044976182,0.0007868177
0.9371106,0.99910283
0.043383047,0.00071956456
0.062154736,0.0007960485
0.060169388,0.00082286185
0.07841416,0.00081670796
0.95082134,0.99917275
0.050306022,0.00080747716
0.052942343,0.0008092354
0.08332009,0.0008035211
0.062490497,0.0007828616
0.06838712,0.0007907738
0.957494,0.9991455
0.057792313,0.0007595648
0.94620365,0.99916613
0.9346912,0.99909097
0.9493493,0.99917275
0.06005177,0.0007828616
0.063994244,0.0008105541
0.04712248,0.0007982463
0.91282606,0.9990945
0.94793445,0.999098
0.05627495,0.00082418055
0.043465503,0.0007876968
0.91692555,0.99912745
0.043746542,0.00082769705
0.95027536,0.9990734
0.07621759,0.0007934111
0.94505847,0.9991182
0.9610529,0.9991015
0.94069505,0.9991222
0.96058667,0.99910414
0.92704815,0.9991033
0.92726237,0.999109
0.052185398,0.0007912133
0.9571758,0.99910593
0.034060717,0.0007811034
0.03570238,0.00076220214
0.94071853,0.9991213
0.955806,0.9991248
0.041924123,0.0007912133
0.066300996,0.0007960485
0.9395969,0.9991596
0.9222252,0.9990563
0.052717514,0.000799565
0.9495833,0.9991213
0.06442286,0.0007520922
0.048482858,0.0007595648
0.066631064,0.0007894551
0.9661277,0.9991354
0.9088111,0.99908304
0.09546693,0.0007758286
0.9293512,0.9991182
0.93972164,0.9990774
0.90183634,0.99912924
0.04658095,0.0007916529
0.91435784,0.99913144
0.90559286,0.99910945
0.9031249,0.99908483
0.03266295,0.000771433
0.052008603,0.0008017628
0.05225621,0.0007819825
0.05058632,0.0007837407
0.04872032,0.0007920924
0.9372738,0.9990778
0.9490034,0.9991112
0.9049045,0.99912524
0.947778,0.9991407
0.076442674,0.00080747716
0.930514,0.9990954
0.94749963,0.9991112
0.06403386,0.0008017628
0.039733995,0.0007793451
0.055480115,0.0007767077
0.0387901,0.0007661582
0.94630593,0.99910945
0.07455562,0.0007907738
0.94255584,0.9991037
0.89410514,0.9990945
0.05461298,0.0008048398
0.9349145,0.9991604
0.94666547,0.999178
0.049474545,0.0007986859
0.9458139,0.999109
0.06944269,0.000799565
0.93497866,0.99912965
0.9293101,0.99910724
0.9543176,0.99911034
0.91612774,0.99906987
0.050337717,0.00081670796
0.06909975,0.0008118728
0.9372176,0.99910414
0.90245485,0.99908924
0.91853356,0.9991156
0.044844948,0.00082593877
0.92195207,0.9991222
0.061891526,0.00082593877
0.041225854,0.0007841803
0.07069462,0.0007780264
0.94560766,0.99907386
0.9519958,0.99912703
0.9375969,0.9991323
0.059326764,0.0007912133
0.9060717,0.99908656
0.9504903,0.9991244
0.9444441,0.9990936
0.06315212,0.0007986859
0.059952725,0.0007868177
0.9397383,0.9990835
0.92772734,0.99915075
0.042401765,0.0007762682
0.94483584,0.9991068
0.9195131,0.9991174
0.058314774,0.0007780264
0.92676145,0.99911034
0.035137087,0.000778466
0.043483578,0.0007604439
0.92743915,0.9991187
0.05184716,0.00081582885
0.9515818,0.9991156
0.05030627,0.0008030815
0.054376263,0.00081846624
0.043723516,0.0007582461
0.93272716,0.9991182
0.95383704,0.9991209
0.06251625,0.0007644
0.05224953,0.00073978445
0.053481396,0.0008079167
0.93580174,0.99913013
0.9406222,0.9991024
0.9392854,0.99912965
0.93994325,0.9990971
0.054332435,0.0007762682
0.06541974,0.0008092354
0.9607028,0.9991217
0.058947176,0.0007652791
0.08427612,0.0007723121
0.03580737,0.0007969276
0.05777523,0.0008044002
0.93016535,0.9991279
0.046867937,0.000775389
0.05161911,0.0007978068
0.9627486,0.999109
0.94447976,0.9991147
0.94376963,0.9990976
0.030590687,0.0007415427
0.049337365,0.00074813614
0.056010004,0.0007969276
0.057182446,0.0007723121
0.9394659,0.9991156
0.8906624,0.9991006
0.07960343,0.0007582461
0.9525697,0.9991112
0.063146666,0.0007815429
0.97257626,0.99913186
0.9096472,0.9990936
0.048496973,0.00074374053
0.052686315,0.00079560897
0.047224496,0.0008008837
0.9206192,0.9991222
0.94157773,0.99913055
0.92530173,0.9990998
0.94151336,0.9990954
0.93571234,0.999142
0.9201113,0.9990857
0.053152815,0.0007846199
0.03520691,0.0007595648
0.9371195,0.99907607
0.93743646,0.9991648
0.9496157,0.9991222
0.047629587,0.000771433
0.032076854,0.000775389
0.95240384,0.99913144
0.054203928,0.0008013233
0.048764147,0.0007934111
0.062203765,0.00079560897
0.05831552,0.0007652791
0.94066954,0.9991033
0.057231475,0.00081714755
0.94147724,0.9991226
0.92480034,0.9991442
0.034031745,0.0007868177
0.9516053,0.9990857
0.9307735,0.9990835
0.9700212,0.99912876
0.061546106,0.0007881364
0.8951766,0.99910766
0.9605728,0.9991767
0.926984,0.9991196
0.9430575,0.99912965
0.056547817,0.00073934486
0.95158005,0.9991323
0.04651088,0.0007934111
0.048975606,0.0007556087
0.9359919,0.99919826
0.9372896,0.9991209
0.057148524,0.0007920924
0.04260134,0.0007837407
0.033334225,0.0007894551
0.060519014,0.00074330095
0.935672,0.9991169
0.037289325,0.0007824221
0.94974744,0.99910414
0.9241531,0.99905187
0.06278194,0.0007920924
0.04267562,0.0007736308
0.90714437,0.99910766
0.051197425,0.0007951694
0.075514376,0.0007894551
0.043051,0.0008175871
0.9561074,0.9991011
0.05901824,0.0007903342
0.04571035,0.00072659756
0.9507349,0.99906415
0.9266309,0.9990993
0.059125952,0.0007661582
0.05573912,0.0008127519
0.035336412,0.00082945527
0.95069903,0.9991248
0.8933903,0.99909097
0.05539791,0.0007736308
0.029061686,0.0008044002
0.06769431,0.0007978068
0.0659531,0.0007811034
0.05329519,0.0008092354
0.036235984,0.000771433
0.93242455,0.99909186
0.94693184,0.9990967
0.04713709,0.0008083563
0.045506567,0.0008030815
0.94217104,0.9990844
0.9337067,0.99910635
0.052760847,0.0007947298
0.026116345,0.000747257
0.92845803,0.99904305
0.93363684,0.9991068
0.0640767,0.00079560897
0.04367845,0.0007960485
0.89757645,0.9991279
0.069902755,0.0007894551
0.94203067,0.9990795
0.927194,0.999098
0.9256276,0.999149
0.064511254,0.00082901574
0.050210197,0.00076088344
0.92417735,0.9991587
0.96706295,0.9991068
0.06505254,0.0007986859
0.059388667,0.00081363105
0.9451711,0.9991165
0.080022395,0.00082242227
0.9031831,0.9991169
0.054426033,0.0007960485
0.05164709,0.0007881364
0.048473448,0.0008044002
0.054972265,0.0007986859
0.07106232,0.00076352083
0.9324359,0.9990923
0.9417952,0.9990971
0.07980202,0.0007894551
0.8978498,0.99915516
0.06955214,0.00081319147
0.9226652,0.99906856
0.9443763,0.9990998
0.9182812,0.9991165
0.9417313,0.9991569
0.018275473,0.0007723121
0.04888003,0.0007780264
0.93956643,0.99909276
0.9176921,0.99909496
0.95557475,0.9991002
0.10029634,0.00076220214
0.94583917,0.99910855
0.04732379,0.0007758286
0.062997356,0.0007498944
0.92403275,0.9991217
0.93492913,0.99911165
0.041750792,0.00076088344
0.9790518,0.99919343
0.09179014,0.0008233014
0.056935824,0.0007644
0.93069446,0.9991815
0.041270427,0.0007907738
0.06591422,0.0008035211
0.07014789,0.0007986859
0.042917293,0.0007762682
0.07937935,0.0008083563
0.0714892,0.000771433
0.028752666,0.0007463779
0.052511007,0.0007978068
0.9192543,0.99910724
0.061693933,0.0008105541
0.05220966,0.0008035211
0.9402897,0.99910504
0.05412865,0.00082418055
0.056570847,0.000771433
0.9431139,0.99915254
0.07378159,0.00082505966
0.053373188,0.0007841803
0.91567236,0.9991411
0.935981,0.9990963
0.92858607,0.99910766
0.049944013,0.0008017628
0.95358324,0.99910945
0.051263787,0.0007876968
0.9412009,0.99910945
0.06262941,0.0008149497
0.045847528,0.0007626417
0.9412648,0.99910724
0.07376178,0.00081099366
0.93340164,0.9990936
0.045772254,0.0007894551
0.055150297,0.0007934111
0.055129748,0.0008114332
0.052774712,0.0007986859
0.055620514,0.0008079167
0.09865987,0.0007736308
0.036573976,0.00073978445
0.039614398,0.000799565
0.9099919,0.9990967
0.93241537,0.9991217
0.06791715,0.00074110314
0.05258281,0.0008092354
0.060644057,0.0008035211
0.9484742,0.9991644
0.9284387,0.9991459
0.946582,0.999062
0.041962747,0.00080264197
0.08523462,0.0007960485
0.935279,0.9991393
0.05143117,0.0007692352
0.9357403,0.9991169
0.046912752,0.0008092354
0.040620197,0.00075736694
0.9437486,0.9991169
0.910861,0.99910945
0.053859003,0.000778466
0.08880072,0.0007837407
0.05938,0.0008118728
0.0580216,0.00084176305
0.061731074,0.00076000433
0.92719424,0.9991393
0.92579204,0.99911207
0.9261149,0.9991631
0.04650147,0.00075297133
0.058290508,0.00076352083
0.9649795,0.99913055
0.037239805,0.0007665978
0.9370549,0.99913275
0.95426935,0.9991442
0.9497749,0.9991112
0.94656515,0.9990963
0.065160744,0.0007771473
0.94246864,0.9991398
0.9715348,0.99916834
0.041583158,0.0007824221
0.061577305,0.00082022446
0.059769247,0.0007736308
0.035005357,0.0007731912
0.92653686,0.9990998
0.04508216,0.00080615847
0.049776383,0.00080264197
0.945465,0.99908656
0.93826026,0.9991257
0.071071975,0.0007903342
0.045513254,0.0007934111
0.052489463,0.000761323
0.06481483,0.000799565
0.9023437,0.99912
0.9243383,0.9991174
0.9432952,0.9991433
0.91629016,0.99908924
0.9394748,0.99910593
0.044974945,0.00076220214
0.06247564,0.0008083563
0.93174285,0.9991266
0.053435586,0.0007837407
0.95405096,0.9991609
0.026391193,0.0007802242
0.052161872,0.00073978445
0.9093241,0.9991666
0.9523444,0.9991191
0.089140445,0.0007885759
0.051733255,0.00076703733
0.033906206,0.0007665978
0.9578186,0.9991604
0.046853326,0.00076703733
0.88880676,0.99913013
0.05257068,0.0008017628
0.05112017,0.0007780264
0.9351849,0.9991534
0.033230226,0.000785499
0.9496266,0.9991248
0.9413143,0.99910945
0.9534505,0.9991182
0.043740846,0.00080264197
0.92610997,0.99913317
0.9262932,0.9990998
0.030226946,0.0007661582
0.04091263,0.000761323
0.0640866,0.00072659756
0.92526954,0.99906284
0.05832864,0.00077407033
0.9473362,0.9991569
0.015660694,0.0007903342
0.92704767,0.9991367
0.03814111,0.0007912133
0.92463917,0.9990778
0.8859993,0.9991428
0.94473183,0.9991648
0.060851555,0.0008017628
0.91621095,0.9991002
0.056405194,0.0008044002
0.06224561,0.0007920924
0.04210562,0.0007520922
0.04299306,0.00076220214
0.06287925,0.0007498944
0.052729398,0.0007745099
0.046777803,0.0006769269
0.034578968,0.0007736308
0.054807357,0.00083297177
0.9207645,0.99911386
0.046341512,0.0008035211
0.93401617,0.99913317
0.9533804,0.99915606
0.072791636,0.0008008837
0.027418535,0.00081363105
0.93242604,0.99911296
0.049117487,0.0008017628
0.05323428,0.00076703733
0.073972,0.0007771473
0.95993745,0.999149
0.91936404,0.9991143
0.100563265,0.0007986859
0.06582954,0.0007679165
0.9393829,0.99906904
0.0707481,0.0007986859
0.054883126,0.0007986859
0.06302658,0.0007973672
0.92963594,0.9991143
0.0486183,0.0008233014
0.9307972,0.99910814
0.057449125,0.000806598
0.90846616,0.9991323
0.9720325,0.9991666
0.91769415,0.99913627
0.06364883,0.0008022024
0.06216192,0.0007912133
0.075123645,0.0008008837
0.945752,0.9991424
0.064515464,0.0007595648
0.048596263,0.00080264197
0.06745511,0.0007745099
0.9377698,0.999051
0.9574031,0.99907076
0.05592384,0.0007626417
0.042403746,0.0007652791
0.92466044,0.99909186
0.9442185,0.9991156
0.051909555,0.00080044416
0.0339228,0.0007815429
0.9257039,0.99914813
0.95795333,0.9991182
0.9453732,0.99910724
0.9308656,0.9990879
0.071648665,0.000799565
0.052121263,0.0007951694
0.9691226,0.9991402
0.052333467,0.0007793451
0.9414762,0.9990932
0.053227346,0.000792532
0.056815486,0.00080264197
0.055327587,0.0008175871
0.051719885,0.00076220214
0.94073987,0.99912703
0.93425983,0.9991046
0.9465087,0.9991165
0.056965042,0.0007569274
0.93778956,0.99908835
0.059547137,0.0007890155
0.05806741,0.0008079167
0.9537167,0.99910945
0.05746918,0.0007894551
0.93429923,0.9991618
0.93753326,0.9990835
0.05856833,0.0007819825
0.92839766,0.9991226
0.040975768,0.0007876968
0.9211699,0.9991156
0.94142276,0.9991169
0.9503071,0.99910414
0.9417506,0.9990976
0.9569215,0.9991323
0.043528646,0.0008364883
0.06768935,0.00081846624
0.93173915,0.99909276
0.043820083,0.0008044002
0.05478928,0.0008044002
0.069543466,0.000792532
0.084197626,0.0007894551
0.93556476,0.99916923
0.05458178,0.0008092354
0.03704419,0.0007736308
0.93648833,0.9991112
0.035547625,0.00074286136
0.9539205,0.9990936
0.04033594,0.00074593833
0.06547001,0.00083692785
0.06466503,0.00081099366
0.9302436,0.9991112
0.9400874,0.99910945
0.936996,0.9991244
0.94186795,0.9990822
0.9268471,0.99910855
0.043858215,0.00073407014
0.9412469,0.99912614
0.043733418,0.0008083563
0.94917995,0.99908966
0.94363344,0.9991824
0.046548516,0.00084747735
0.039294485,0.000792532
0.92839813,0.99913275
0.9492542,0.99908745
0.9584792,0.99912614
0.05259346,0.0007745099
0.040689528,0.0007969276
0.9494233,0.999167
0.05413509,0.0008008837
0.9305427,0.9991011
0.07561936,0.00082022446
0.94627666,0.9991191
0.04880302,0.0007701143
0.9571037,0.9991182
0.08349936,0.0007890155
0.9442933,0.9991174
0.034524493,0.0007986859
0.06931913,0.0007780264
0.09223188,0.0007709934
0.9511202,0.9991358
0.9415166,0.99910283
0.067262225,0.00080747716
0.08616168,0.0007969276
0.049991805,0.0007890155
0.9209792,0.9990976
0.060480636,0.0007868177
0.9386713,0.9991037
0.9362883,0.9990993
0.04821742,0.0007802242
0.055034664,0.00081363105
0.93569726,0.99910855
0.9504512,0.9991569
0.05630615,0.0007582461
0.038720272,0.0007912133
0.9530266,0.9991842
0.038467214,0.0007701143
0.93914896,0.99912703
0.038605876,0.0007907738
0.053599507,0.0007780264
0.055681426,0.0008101145
0.93538696,0.9990576
0.9389353,0.9991222
0.9423899,0.9990857
0.03139617,0.0008030815
0.9482893,0.9991459
0.055547964,0.0008175871
0.93567795,0.9991428
0.054237105,0.000792532
0.9650865,0.9991868
0.06164614,0.0007815429
0.96580607,0.9991231
0.9323627,0.9991323
0.06249322,0.00081231236
0.9394976,0.9991354
0.0594632,0.0008149497
0.94844997,0.9991147
0.048663367,0.00081670796
0.9531813,0.99913716
0.9580028,0.9990857
0.08172349,0.0008083563
0.059376534,0.000792532
0.056869466,0.0008013233
0.9416508,0.99909186
0.04585941,0.0007696747
0.059660047,0.00081714755
0.06283517,0.0007626417
0.9352956,0.99911207
0.95158005,0.99911296
0.06436492,0.0007736308
0.059639003,0.00077407033
0.94970983,0.99911517
0.94107014,0.99910724
0.026004424,0.0007723121
0.060645048,0.0007863781
0.90917677,0.9991635
0.055882484,0.00080264197
0.067633145,0.00075736694
0.9500104,0.99912876
0.036162198,0.0007969276
0.9263464,0.9991112
0.9238909,0.99912614
0.09779423,0.0007709934
0.047038045,0.0007986859
0.929738,0.99906945
0.07210947,0.000775389
0.96120244,0.9991147
0.07373083,0.0007687956
0.94401944,0.9991354
0.04495167,0.000799565
0.9901141,0.9991279
0.056549553,0.00076220214
0.9513233,0.99915737
0.048170373,0.0008149497
0.051140476,0.0007934111
0.95181453,0.9991226
0.95846885,0.99913496
0.94527364,0.9991859
0.051454693,0.0007644
0.94727707,0.99915516
0.035730362,0.0007736308
0.026671737,0.0007696747
0.05470831,0.0008092354
0.059574127,0.0007903342
0.93646854,0.99912745
0.04033817,0.0007850594
0.9515996,0.99913144
0.96599823,0.99913627
0.04657006,0.00082505966
0.9232084,0.9991587
0.046164222,0.0007696747
0.060719084,0.0008083563
0.024526183,0.00073143275
0.046205822,0.00080747716
0.94479275,0.9990954
0.9483148,0.9991226
0.88841057,0.9991231
0.9626109,0.99921846
0.9522127,0.99913496
0.96054184,0.9990844
0.93058777,0.9991455
0.9577208,0.99918944
0.9175822,0.9991156
0.056878626,0.0007802242
0.92342263,0.99908835
0.9265631,0.9990752
0.93476075,0.99911296
0.08131121,0.0007863781
0.066722676,0.0007868177
0.05454662,0.0007793451
0.9157006,0.99910414
0.95425326,0.99913317
0.05466399,0.0008035211
0.94405437,0.99908966
0.034890465,0.00072747667
0.9338545,0.99908924
0.05006287,0.0007811034
0.034552474,0.0007687956
0.03896318,0.0008044002
0.0680266,0.0007934111
0.920503,0.9990954
0.9022159,0.99915034
0.9151026,0.9991385
0.07248609,0.00081670796
0.04812729,0.0007912133
0.9315413,0.9990787
0.9239461,0.99913406
0.9512537,0.9991037
0.044803843,0.0007701143
0.046562135,0.00079560897
0.9419571,0.9991222
0.05677884,0.0007942903
0.94022036,0.9990523
0.06509067,0.0007986859
0.048304826,0.0007951694
0.93120706,0.9991459
0.0592141,0.0007811034
0.95633614,0.9991046
0.92303264,0.9991244
0.049042955,0.0008030815
0.03654575,0.00074901525
0.06268017,0.0007863781
0.05525281,0.0008127519
0.07146444,0.0007912133
0.9346273,0.9991024
0.051007755,0.00079560897
0.07251332,0.000792532
0.9233872,0.99908924
0.93126076,0.9991231
0.081618,0.0007679165
0.9512126,0.99912703
0.93930244,0.99911207
0.92523664,0.9991393
0.04353236,0.000799565
0.9292279,0.99909097
0.07126239,0.0007907738
0.9831154,0.9991257
0.92236704,0.99912876
0.9631423,0.99915826
0.9334878,0.99910724
0.938569,0.99912614
0.9397655,0.9991002
0.9230064,0.99913317
0.059387676,0.0007824221
0.06606502,0.0007903342
0.9509372,0.99909097
0.9334125,0.9990224
0.08408595,0.00083341135
0.06515678,0.00083077396
0.91031384,0.99912524
0.03899116,0.000761323
0.93575865,0.9990936
0.9346268,0.9991033
0.0660774,0.00080615847
0.9581759,0.99911076
0.03856849,0.0007687956
0.90638125,0.9990945
0.06427132,0.0007824221
0.059229452,0.0007819825
0.9178432,0.99908835
0.04309681,0.0007701143
0.9216193,0.9991477
0.9245317,0.9990936
0.9226362,0.9991213
0.038762614,0.0007582461
0.0694526,0.000747257
0.9286388,0.9991226
0.9537221,0.9991815
0.95323235,0.99908614
0.058749087,0.0007780264
0.95249397,0.99910504
0.07231449,0.0007903342
0.938079,0.9991385
0.054163564,0.0008048398
0.89168996,0.99906945
0.93259144,0.9991182
0.9374214,0.99912834
0.05891375,0.0007709934
0.9233887,0.99909276
0.94014233,0.9991165
0.9354583,0.99909097
0.9330458,0.9991006
0.062856466,0.0007679165
0.9510103,0.99914813
0.04114117,0.0007863781
0.92568403,0.99913186
0.9435438,0.9991653
0.06546778,0.00077407033
0.9510682,0.99911386
0.06892097,0.000806598
0.9505398,0.99908614
0.04739089,0.000775389
0.027467066,0.0007986859
0.94253653,0.9991174
0.052268345,0.00076703733
0.9308366,0.99908924
0.06333634,0.0007833012
0.93905586,0.9991147
0.92899066,0.9991112
0.93816245,0.9991156
0.93797255,0.99913496
0.07340176,0.0007894551
0.041541807,0.000771433
0.06556386,0.00080044416
0.057169322,0.0007938507
0.062584095,0.0007947298
0.95523006,0.9990795
0.9485515,0.99917364
0.95198387,0.99909186
0.09625037,0.00083165313
0.059824713,0.0007986859
0.93412536,0.9991244
0.9419762,0.9991006
0.94696057,0.99909097
0.9249969,0.9991226
0.04264244,0.0007485757
0.93878496,0.9991437
0.93052435,0.99909097
0.060023792,0.0007793451
0.06319991,0.0008052793
0.9474779,0.99912703
0.94807607,0.9991006
0.06689625,0.0007876968
0.056133315,0.000785499
0.9269348,0.9990233
0.053795367,0.000761323
0.9653324,0.9991231
0.93627787,0.9990769
0.039945703,0.00071824586
0.9398967,0.9991257
0.06378848,0.00074242183
0.04267166,0.00074286136
0.9534119,0.99913627
0.07176875,0.00082242227
0.04686645,0.0007938507
0.076311685,0.00082989485
0.051404677,0.00084088393
0.042952206,0.0007846199
0.957983,0.99920046
0.05883699,0.0007938507
0.08587568,0.000785499
0.9193922,0.9990976
0.04903429,0.00081363105
0.06032142,0.0007811034
0.07323288,0.0007758286
0.89266557,0.9991323
0.9549765,0.9991169
0.93117905,0.9990813
0.05481924,0.000792532
0.057814598,0.0007868177
0.0554353,0.00074593833
0.04449953,0.0007846199
0.949666,0.9990963
0.038375102,0.0007916529
0.9422755,0.99908173
0.9289996,0.9991279
0.05586119,0.000799565
0.9264187,0.99910814
0.07313433,0.0008637412
0.94636506,0.9991037
0.95123214,0.9990879
0.047704615,0.00082198274
0.06573768,0.0008035211
0.057810884,0.0007837407
0.05959666,0.0007846199
0.08179851,0.000775389
0.055014852,0.0007142898
0.93610555,0.99909407
0.924443,0.9990985
0.93569696,0.99906635
0.037422787,0.0007498944
0.9467226,0.99908304
0.95040613,0.99908835
0.068209834,0.00082374096
0.9257254,0.9990835
0.9510118,0.99913716
0.9481018,0.9990993
0.0656208,0.00077055383
0.929108,0.9991393
0.046171155,0.0007661582
0.048355833,0.0007947298
0.056128364,0.00083253224
0.9420309,0.9991556
0.9237554,0.99909097
0.029003002,0.0007951694
0.06894078,0.0008083563
0.9351035,0.99910283
0.052166823,0.0007595648
0.0630241,0.00076000433
0.050003443,0.00083912566
0.047453783,0.0007846199
0.048334043,0.0008175871
0.9305704,0.9991428
0.056012236,0.0008400048
0.9308879,0.9990593
0.054694198,0.00083473005
0.06811698,0.00082198274
0.9430201,0.99911034
0.93101215,0.9990976
0.068514645,0.0008149497
0.9359988,0.99906635
0.040492676,0.00084308174
0.056691434,0.0007709934
0.060018342,0.0007986859
0.960578,0.9991182
0.058561396,0.0007920924
0.93134445,0.9991217
0.04564498,0.0007837407
0.02813661,0.00072659756
0.056393307,0.000806598
0.03611094,0.00074901525
0.061003096,0.0008118728
0.9178833,0.99911255
0.9429008,0.9991639
0.060044095,0.00082593877
0.055604912,0.000799565
0.04232005,0.0008017628
0.91538763,0.99912834
0.050187416,0.0007969276
0.07091969,0.000771433
0.8799274,0.9991587
0.04851678,0.00072308106
0.91758347,0.99909407
0.94561803,0.9991187
0.053838205,0.0007696747
0.95218396,0.9991323
0.06108357,0.0007463779
0.05420987,0.0007833012
0.050041575,0.0007903342
0.06443177,0.0008127519
0.93771875,0.9991244
0.94820386,0.99908924
0.048343454,0.000761323
0.9427829,0.9991112
0.9271732,0.9991213
0.92344046,0.99917537
0.09229601,0.0007960485
0.08766567,0.0007868177
0.9509333,0.99908483
0.056593377,0.0007986859
0.058897156,0.0007920924
0.93573934,0.9991112
0.93423164,0.9990545
0.057565503,0.0008092354
0.06346361,0.0008118728
0.95430696,0.99913406
0.059751417,0.0007903342
0.97755325,0.9991776
0.047108613,0.000771433
0.91699094,0.99912
0.066453025,0.0007802242
0.07825271,0.0007534109
0.926263,0.9991209
0.048088413,0.00075297133
0.042394582,0.0007793451
0.9189203,0.99913365
0.06876324,0.00082681794
0.0410243,0.00073143275
0.04859577,0.0007876968
0.93154156,0.9991477
0.054919522,0.00080615847
0.9633703,0.9991248
0.043618526,0.0007723121
0.04939283,0.0007876968
0.9491044,0.99908876
0.93585545,0.9990998
0.9478141,0.9991231
0.060450673,0.0008435213
0.9455299,0.9991433
0.044477493,0.00077055383
0.04845438,0.00079560897
0.9476393,0.9991174
0.039889,0.0008092354
0.08884579,0.00081538927
0.9236091,0.9990936
0.044283614,0.0007780264
0.05723296,0.000792532
0.9364854,0.99911255
0.058427684,0.00072044367
0.92507744,0.9991596
0.9176899,0.9991156
0.04112359,0.0007762682
0.92768776,0.99912745
0.9625854,0.9992022
0.050216634,0.0008048398
0.93315524,0.99910593
0.95542073,0.9991596
0.94349355,0.9991222
0.05280789,0.0007951694
0.9460365,0.9990923
0.9524435,0.9991156
0.038003687,0.00083736744
0.05197047,0.0007969276
0.9490155,0.99913496
0.042617682,0.00080747716
0.048802525,0.0008052793
0.06468533,0.0007978068
0.9186152,0.9990971
0.93051296,0.99915385
0.9480612,0.9991134
0.9460692,0.9991824
0.90185815,0.9990611
0.06022609,0.0007885759
0.9448992,0.9991635
0.06667464,0.0008035211
0.05241716,0.0007934111
0.05582826,0.0007876968
0.9521567,0.99909186
0.05224606,0.00081846624
0.93715346,0.9991147
0.040396605,0.0008044002
0.053887974,0.00075429
0.016187612,0.00076220214
0.05812659,0.00076088344
0.9494882,0.9990945
0.047714025,0.00076220214
0.051648077,0.0007876968
0.06224784,0.00081099366
0.05504011,0.0007850594
0.0563475,0.0007811034
0.022814196,0.0007415427
0.9405893,0.99910766
0.9582329,0.99911207
0.9457032,0.99913365
0.04750603,0.000771433
0.051901385,0.00083341135
0.9185321,0.99908704
0.04769917,0.0007463779
0.0672694,0.0007771473
0.04671615,0.0007811034
0.053241953,0.0007811034
0.93712866,0.99911076
0.97485876,0.9991407
0.9389912,0.99910504
0.06693661,0.0007595648
0.927375,0.99912834
0.04550533,0.00081582885
0.07031899,0.0007863781
0.034231074,0.00071824586
0.92274666,0.9991112
0.94458574,0.99907035
0.9248209,0.9990923
0.066723175,0.00081846624
0.06520284,0.00080044416
0.044432674,0.00074242183
0.86951363,0.99912614
0.047769986,0.0008149497
0.05757095,0.00084308174
0.93348604,0.99911386
0.9394037,0.99911034
0.04697218,0.00082418055
0.06362877,0.0007978068
0.042496104,0.0007876968
0.039069407,0.0007723121
0.053221405,0.0007846199
0.94788444,0.9991037
0.057379544,0.0008013233
0.94553214,0.99912614
0.94324595,0.99912
0.045035858,0.0008118728
0.9354568,0.9991802
0.96259606,0.9991204
0.94266975,0.9991156
0.9214524,0.99909496
0.04211107,0.0008127519
0.06882985,0.0008149497
0.9179623,0.9991112
0.93294525,0.999149
0.9341588,0.9991231
0.050599195,0.0007661582
0.9340519,0.9991068
0.050742563,0.0007793451
0.9522058,0.99919164
0.93115383,0.9990976
0.933885,0.9991424
0.047160365,0.000747257
0.95604867,0.9991428
0.9351706,0.99908614
0.05753232,0.0008030815
0.9235687,0.99908656
0.069742054,0.0007828616
0.93802774,0.999098
0.07994489,0.0007973672
0.05165303,0.0007876968
0.06550517,0.0007828616
0.9259968,0.99912614
0.92064935,0.9991433
0.9361098,0.9990998
0.94239515,0.9990945
0.05818775,0.0007920924
0.93570936,0.99908173
0.953916,0.9991174
0.046419017,0.00075604825
0.8848078,0.99908966
0.9281602,0.9990971
0.067807466,0.000792532
0.93682736,0.9991191
0.928048,0.99908394
0.052464455,0.00084879604
0.93247235,0.9991402
0.063019395,0.0007696747
0.054568905,0.0007969276
0.95867807,0.9991385
0.061124425,0.00081231236
0.058799352,0.0007723121
0.9289535,0.9991006
0.03574522,0.0007604439
0.92402434,0.9991596
0.9381053,0.9991178
0.054263104,0.0007498944
0.087829344,0.0007780264
0.9331134,0.9991134
0.049033053,0.00076088344
0.9423877,0.9991235
0.9488313,0.9991178
0.9645353,0.9991807
0.056060765,0.00071341067
0.053852566,0.000799565
0.0531231,0.0008083563
0.9440162,0.9991846
0.03735618,0.00072747667
0.06649809,0.0007824221
0.055362254,0.00083604874
0.9138039,0.99908483
0.9341504,0.99911034
0.051887766,0.0007894551
0.042397305,0.0007582461
0.9513666,0.99913317
0.9611205,0.999098
0.9339464,0.99911296
0.9095824,0.999142
0.07371919,0.00080615847
0.92059785,0.99910855
0.06803106,0.0007802242
0.06415519,0.0007942903
0.8790291,0.99921054
0.05968085,0.0007762682
0.94202,0.99910766
0.054254934,0.0007745099
0.062429834,0.00076220214
0.9391591,0.99911386
0.9561123,0.9991112
0.9616395,0.9990901
0.93195707,0.99910855
0.05370103,0.0007876968
0.9573365,0.9991604
0.93414325,0.9990976
0.05182314,0.0007876968
0.065287516,0.0007771473
0.048871856,0.0007644
0.94322044,0.9991248
0.04136427,0.0007828616
0.9389952,0.9991244
0.917215,0.99904877
0.98080784,0.99915123
0.9458585,0.9991187
0.06748879,0.00080264197
0.95667017,0.99913317
0.058179826,0.0008052793
0.05642748,0.000785499
0.9297134,0.99911076
0.94522357,0.99910504
0.94725204,0.9990963
0.92843777,0.99908924
0.9372193,0.9990901
0.06275891,0.0007942903
0.09293732,0.0008008837
0.96810937,0.99913317
0.052447367,0.0007969276
0.9223614,0.99907386
0.06692522,0.0007960485
0.92392254,0.9990958
0.0450881,0.00080967497
0.035894282,0.000775389
0.9495788,0.9991187
0.9583515,0.9990795
0.9305056,0.99912
0.08586529,0.00082242227
0.9496241,0.99910283
0.927997,0.9990936
0.93209374,0.9990945
0.05375154,0.00076000433
0.92900354,0.9990857
0.055770814,0.00080747716
0.92949307,0.99911606
0.93267417,0.99912876
0.042428754,0.0006813226
0.052355506,0.0008013233
0.9436416,0.9990778
0.9320289,0.9991191
0.04579652,0.0007520922
0.06222778,0.00080967497
0.9489202,0.9991231
0.06849236,0.0007696747
0.05680484,0.0007837407
0.9415409,0.99909097
0.93411773,0.99913055
0.943473,0.9990963
0.04482068,0.000775389
0.06818482,0.00082593877
0.044005297,0.0007802242
0.94468975,0.99909097
0.06405466,0.000799565
0.94439805,0.9990721
0.05331079,0.00082242227
0.04841155,0.000792532
0.9416664,0.9991187
0.9592404,0.9990936
0.051704038,0.0007986859
0.892048,0.9991266
0.9374337,0.99913055
0.087009005,0.0007960485
0.9079818,0.9990233
0.91952544,0.9991196
0.93734115,0.9991323
0.92584676,0.99912393
0.9439818,0.9991956
0.063397005,0.0007811034
0.9214717,0.99913013
0.95880705,0.99917364
0.023386179,0.0007644
0.92724353,0.99911034
0.057792313,0.0007652791
0.9562928,0.9991191
0.060023047,0.0008052793
0.9386522,0.9991191
0.91744256,0.99912524
0.05592631,0.0008364883
0.9241122,0.9990857
0.9330433,0.9991174
0.9214259,0.99909496
0.9439585,0.9990857
0.04657427,0.00080264197
0.9231609,0.99910766
0.925383,0.99912876
0.9337151,0.9991899
0.0469962,0.0007652791
0.05662235,0.00073407014
0.9346914,0.9991415
0.04295394,0.0007912133
0.9256048,0.999098
0.96411663,0.99921364
0.9522451,0.9991455
0.94782454,0.9991569
0.9497497,0.99914724
0.95321375,0.99910945
0.9367434,0.99911255
0.9321096,0.9990901
0.9303619,0.9990936
0.93764544,0.99909186
0.06625222,0.0007811034
0.044193976,0.0007850594
0.064314656,0.0007665978
0.93969,0.9991279
0.9516798,0.99913096
0.946558,0.99909407
0.04609712,0.0007780264
0.07303801,0.00080747716
0.9243826,0.99910504
0.031244135,0.00075297133
0.91820645,0.9990998
0.92660195,0.99907076
0.92240345,0.9991015
0.063138,0.0008052793
0.9434076,0.9991147
0.9339219,0.99912524
0.96278495,0.9990932
0.90899056,0.9991235
0.058096133,0.00076352083
0.052955963,0.0007973672
0.9476601,0.999182
0.9146198,0.99912524
0.92517644,0.9990976
0.050998345,0.00074901525
0.04853857,0.00081363105
0.9291794,0.9990844
0.046378408,0.0008048398
0.04480112,0.000771433
0.9188653,0.99904704
0.93977517,0.9990998
0.9353714,0.99909276
0.9589477,0.9991833
0.9429156,0.9991068
0.929681,0.9990971
0.055768337,0.0007696747
0.93034905,0.99908483
0.93897635,0.9991191
0.94157207,0.99910945
0.9453632,0.9991134
0.93638784,0.9991187
0.056386374,0.0007793451
0.06583053,0.0007679165
0.94537365,0.9991679
0.05624177,0.0007876968
0.9332813,0.9991174
0.9277209,0.9991231
0.05067546,0.0007934111
0.943917,0.99910635
0.047049433,0.0007846199
0.94326895,0.99911034
0.057217114,0.00080747716
0.9631824,0.9990958
0.06534695,0.00082505966
0.9348868,0.9991455
0.06743208,0.0007934111
0.95966405,0.9990998
0.056285597,0.0008052793
0.94105655,0.9992202
0.9486718,0.9990963
0.048967436,0.00080747716
0.051909555,0.0007819825
0.051626287,0.0007982463
0.94934535,0.9990813
0.032752585,0.0007731912
0.06842748,0.0007723121
0.03805098,0.000771433
0.033849504,0.00076088344
0.9435817,0.9991279
0.055595007,0.0007837407
0.92351174,0.99910414
0.90317816,0.9991618
0.9381043,0.99910945
0.047638997,0.0007920924
0.056502257,0.00076220214
0.05612564,0.0007661582
0.0629934,0.00083165313
0.036384057,0.0007498944
0.95551926,0.9990844
0.06897099,0.00082505966
0.050163895,0.0007639604
0.062212184,0.00080396066
0.9220784,0.99910504
0.050962936,0.0007802242
0.057990402,0.0007934111
0.054575343,0.0007736308
0.9359312,0.99912614
0.9205399,0.99911165
0.9440301,0.9991222
0.921393,0.99910414
0.045261182,0.0008044002
0.9253161,0.99909407
0.06201657,0.00083385094
0.049497325,0.00083077396
0.040860135,0.000806598
0.04290937,0.0007815429
0.94788295,0.9990936
0.043164406,0.0007582461
0.9206625,0.99909055
0.94673824,0.99908924
0.093323596,0.00082154316
0.9324815,0.9991565
0.071688525,0.0007520922
0.045817815,0.00082022446
0.061126158,0.0007903342
0.94579333,0.99912614
0.9522374,0.9990963
0.045688067,0.00081319147
0.89345664,0.99913317
0.02932143,0.0007679165
0.07209659,0.00082242227
0.047154423,0.0007982463
0.045943107,0.0007903342
0.9286735,0.9990936
0.9519903,0.9991209
0.9302887,0.9990954
0.9499787,0.9990321
0.8793728,0.99910855
0.9252386,0.9991226
0.9664778,0.99912965
0.92655593,0.99913186
0.046757005,0.0007780264
0.029501196,0.0007696747
0.87423855,0.99911034
0.04539737,0.00081846624
0.95836484,0.99913365
0.06646268,0.0007986859
0.04898353,0.0007894551
0.9694477,0.9991358
0.9246879,0.999149
0.06795479,0.00081582885
0.9224032,0.9991196
0.076632835,0.000806598
0.9432053,0.99908745
0.9471787,0.999142
0.95737016,0.9991024
0.9489502,0.9991279
0.062308505,0.0008092354
0.042650614,0.0007982463
0.065479174,0.00082418055
0.035436448,0.0007824221
0.024318684,0.00075516914
0.92909217,0.9991345
0.032948695,0.0008118728
0.9553083,0.99910724
0.06498246,0.0007824221
0.040246554,0.00074330095
0.048821345,0.0007674769
0.092114754,0.0007894551
0.9429822,0.99910414
0.8934901,0.99914986
0.049748898,0.0007960485
0.8807579,0.9990668
0.059200235,0.0008008837
0.9354798,0.9991011
0.03823446,0.0007644
0.057775475,0.0007890155
0.04167106,0.0007907738
0.9528612,0.9990936
0.04346377,0.00081582885
0.06136238,0.00083385094
0.028986163,0.0007665978
0.9230084,0.9991134
0.8961143,0.99910414
0.94532514,0.9990963
0.051234815,0.0008035211
0.93880475,0.9991006
0.95452785,0.99910945
0.05747314,0.00082154316
0.040448356,0.0007815429
0.044528253,0.0007815429
0.9194586,0.9990932
0.9350765,0.9991815
0.04962757,0.0007850594
0.96427757,0.9992009
0.92783034,0.9990998
0.9425328,0.99908483
0.92051715,0.99914813
0.037969515,0.00072879536
0.9804191,0.99912
0.9327905,0.99907166
0.9502174,0.9991477
0.06564656,0.0007811034
0.062322617,0.0007894551
0.053713653,0.0007934111
0.05988389,0.0007771473
0.9337094,0.9991213
0.06564656,0.0007758286
0.9500664,0.9991165
0.9337166,0.99906814
0.05814244,0.00075253175
0.91558546,0.99911034
0.038475387,0.0007793451
0.9536117,0.9991134
0.95287085,0.99912524
0.035711296,0.0008022024
0.9410885,0.9990752
0.053266965,0.0007828616
0.9346974,0.99913055
0.9505948,0.99910766
0.05550265,0.00071956456
0.9304944,0.9990954
0.9318305,0.99910414
0.037989818,0.00072396017
0.92665815,0.99910414
0.9420621,0.99912876
0.057889875,0.0007885759
0.05836999,0.000785499
0.073296025,0.0008022024
0.938367,0.99910504
0.93442225,0.99910945
0.04815477,0.0007912133
0.058727544,0.0007978068
0.9271311,0.9991222
0.06508027,0.000799565
0.062238924,0.0008035211
0.050797038,0.0007811034
0.9331934,0.99912
0.9449923,0.99913055
0.055990692,0.0007960485
0.9358738,0.99909276
0.04034708,0.000747257
0.94932455,0.999098
0.95271236,0.99910945
0.9017093,0.9991191
0.92131746,0.999102
0.8991237,0.9991446
0.9359701,0.99911606
0.061427005,0.000771433
0.94646734,0.99906987
0.9427529,0.99913055
0.047999274,0.0007942903
0.051521055,0.0007762682
0.91717714,0.999149
0.05951198,0.0008044002
0.9257306,0.9991455
0.03747553,0.0007736308
0.0450002,0.0008048398
0.037690703,0.0007969276
0.9397484,0.99912524
0.9304112,0.9991037
0.09807972,0.00081846624
0.04617685,0.0007960485
0.046668112,0.000771433
0.9194955,0.99908835
0.05616625,0.0007969276
0.048085935,0.00081846624
0.030788282,0.00073407014
0.9329812,0.99911034
0.07527964,0.00076220214
0.92923707,0.99908483
0.06626311,0.000799565
0.050751477,0.0008052793
0.048791632,0.0007833012
0.037893005,0.000771433
0.9551144,0.9991037
0.057370137,0.00083253224
0.9468489,0.9991323
0.92625827,0.9991147
0.952025,0.99915296
0.06896232,0.0007876968
0.9018306,0.9991424
0.95400244,0.99912614
0.046367265,0.0008035211
0.034833267,0.0007745099
0.060683675,0.0007868177
0.067351855,0.00081363105
0.95392394,0.9990989
0.95565844,0.99911207
0.045430303,0.00082154316
0.9206729,0.99910414
0.06465661,0.0007696747
0.95297086,0.99908656
0.06312017,0.0007771473
0.04646012,0.0007978068
0.9358468,0.99910724
0.9186244,0.99907607
0.9446556,0.9991657
0.949822,0.99911165
0.06484974,0.0008008837
0.9264286,0.99913317
0.9307802,0.9991428
0.93449634,0.9991367
0.060077026,0.0007582461
0.07257993,0.0007802242
0.9373508,0.99908483
0.9474056,0.9991244
0.057129707,0.0007556087
0.05942853,0.0008092354
0.950705,0.9991191
0.9401292,0.9991033
0.960503,0.9990993
0.037024383,0.0007876968
0.9453571,0.999142
0.05522978,0.000785499
0.05823777,0.0008149497
0.9387738,0.9990923
0.9573051,0.99910766
0.95799464,0.99909097
0.9243725,0.99911034
0.88308245,0.9990998
0.93157846,0.9990976
0.92884064,0.9990998
0.9451785,0.9991112
0.039801594,0.0007894551
0.05263803,0.0008149497
0.05597113,0.0007762682
0.09678645,0.00081363105
0.92182577,0.99909186
0.9272131,0.99917233
0.0537196,0.00081582885
0.054888077,0.0007771473
0.043148562,0.0007850594
0.9401951,0.9991143
0.9383457,0.99913496
0.05401178,0.00081363105
0.9528089,0.9991182
0.06311448,0.0006975864
0.05779033,0.0007806638
0.068582736,0.00081846624
0.9309104,0.99914855
0.93681175,0.99911207
0.097192034,0.0007850594
0.020441828,0.00073407014
0.056395043,0.0007912133
0.05757293,0.0007978068
0.044913538,0.00079560897
0.0488362,0.0008105541
0.060691353,0.0007951694
0.05707845,0.0008114332
0.060923114,0.0007934111
0.96166354,0.9991899
0.9569861,0.99917585
0.92873687,0.99912614
0.9391244,0.999102
0.065674044,0.00082198274
0.9564738,0.9990998
0.96670985,0.99914724
0.96009815,0.99912876
0.049465135,0.0007723121
0.05774329,0.0007903342
0.058266986,0.0008101145
0.05651018,0.0007868177
0.067998864,0.0007986859
0.077389784,0.0007701143
0.9238639,0.9991596
0.95635104,0.9990804
0.038269866,0.0007978068
0.9192875,0.99912703
0.929781,0.9991428
0.086342186,0.0008233014
0.07042373,0.00083253224
0.95463187,0.9990826
0.08213205,0.0007876968
0.054997522,0.000799565
0.061710272,0.0007969276
0.042644177,0.0007802242
0.0461927,0.0007059381
0.9554742,0.99908656
0.06140076,0.000858906
0.06890834,0.0007696747
0.9607293,0.9991182
0.07641519,0.0007934111
0.93344843,0.9990563
0.042135827,0.00081099366
0.07634338,0.00082154316
0.056627795,0.0007687956
0.056501266,0.00075033394
0.059992343,0.0007912133
0.044917498,0.0007802242
0.93455696,0.99910593
0.058204833,0.0007723121
0.9278046,0.9991231
0.043479618,0.0007969276
0.06368399,0.00081099366
0.070429176,0.00081231236
0.07109649,0.0007745099
0.94825387,0.9991248
0.9202953,0.9991411
0.06726717,0.0007802242
0.9469871,0.9990826
0.04817582,0.00076703733
0.058329135,0.0007841803
0.07945982,0.0008013233
0.9349868,0.9990822
0.9354637,0.9991002
0.05886992,0.0007674769
0.954696,0.99915606
0.06227359,0.0007934111
0.049885083,0.0008127519
0.039918218,0.00077055383
0.047399063,0.0007868177
0.9200489,0.9991802
0.93945575,0.999098
0.043354325,0.0007960485
0.057483543,0.000775389
0.05198706,0.000799565
0.9151769,0.99908483
0.93731093,0.99908483
0.9254919,0.9991266
0.8958003,0.9991398
0.057850257,0.00081099366
0.05704453,0.0007903342
0.9440113,0.99909145
0.9852233,0.99908394
0.03612976,0.00074901525
0.93868417,0.9990734
0.06929016,0.0007894551
0.9106367,0.99910283
0.051983096,0.0007687956
0.920243,0.9991248
0.92565334,0.9991437
0.93919945,0.9991187
0.061262593,0.00082022446
0.057716545,0.0007661582
0.9425368,0.99911386
0.054608274,0.0007630813
0.064771496,0.0007960485
0.05601991,0.0007986859
0.9700905,0.9991217
0.94257516,0.99908394
0.92193,0.9990976
0.03573061,0.0007894551
0.9286725,0.99912965
0.9375979,0.9991596
0.048807476,0.0007912133
0.089214236,0.00082901574
0.059256196,0.00076703733
0.9440417,0.999149
0.075438604,0.0007450592
0.9386998,0.9991174
0.9343381,0.9990795
0.9361932,0.99908614
0.94447803,0.99910593
0.057385985,0.0007942903
0.042898227,0.0007248393
0.04720147,0.000761323
0.9263588,0.9991279
0.96411437,0.99911386
0.94305056,0.9991182
0.036110446,0.000761323
0.9502286,0.9991182
0.033255238,0.00080615847
0.935959,0.9990826
0.044456694,0.0007595648
0.033467438,0.0008052793
0.058584176,0.0007780264
0.96288794,0.99921143
0.9486832,0.9991367
0.9237475,0.9990787
0.048532628,0.00081363105
0.05887314,0.0007986859
0.060535852,0.00081714755
0.06289609,0.0008008837
0.9264717,0.9990963
0.074632384,0.0007582461
0.036497712,0.0007978068
0.11366341,0.0007912133
0.9146594,0.99906635
0.06561189,0.0008008837
0.93972015,0.99910855
0.96298975,0.9991024
0.93294054,0.99912524
0.058441304,0.0007912133
0.059578586,0.0007885759
0.93702614,0.99909145
0.9188797,0.99907035
0.07151446,0.0008149497
0.9412408,0.9991143
0.958293,0.99917096
0.9524989,0.99908924
0.07546981,0.0007868177
0.94110334,0.9990971
0.9558595,0.99913716
0.9244844,0.9991134
0.906615,0.9990998
0.049317557,0.0008035211
0.9606161,0.999185
0.05431114,0.0007652791
0.09109856,0.0007841803
0.9499688,0.99913496
0.91386855,0.99904877
0.9509548,0.9991182
0.9498074,0.99915475
0.047308438,0.000775389
0.934503,0.99910593
0.9201945,0.9991033
0.054909125,0.00084308174
0.06428246,0.0007969276
0.056323975,0.0008022024
0.9590723,0.9991182
0.052334458,0.0007912133
0.04558778,0.0007771473
0.9420824,0.9991055
0.93630785,0.99910945
0.9318258,0.999102
0.9307814,0.99911076
0.9539373,0.9991556
0.05276258,0.0007969276
0.061124425,0.0007960485
0.032772392,0.000771433
0.06453924,0.0007745099
0.07068545,0.0007960485
0.93889046,0.9991015
0.03480454,0.0007731912
0.9429718,0.9990835
0.922114,0.9991367
0.047384206,0.0007745099
0.05583767,0.0007802242
0.012430601,0.0007986859
0.94043505,0.99911034
0.92742574,0.99908924
0.052730635,0.0007868177
0.05489526,0.0008030815
0.9488895,0.9991235
0.071661785,0.0007903342
0.9434492,0.99910724
0.03707044,0.0007868177
0.024369197,0.0007969276
0.05051798,0.0008052793
0.03430833,0.0007793451
0.94316864,0.9991006
0.9547227,0.9991393
0.93055016,0.99910414
0.92048866,0.99912745
0.047621913,0.0007876968
0.94377655,0.9991802
0.91652983,0.9991745
0.9345805,0.99910504
0.9144113,0.99910766
0.9255746,0.99911296
0.93095124,0.99911386
0.08160463,0.0007978068
0.04868169,0.00081099366
0.9458208,0.99912
0.9514896,0.99909496
0.06462144,0.00080747716
0.9183404,0.9991213
0.93548995,0.99913716
0.049014483,0.0007951694
0.951921,0.9991226
0.92239976,0.99913627
0.05191525,0.0007969276
0.9203007,0.9991231
0.051177863,0.0008057189
0.061588943,0.00081099366
0.06060642,0.0007920924
0.06044176,0.0008008837
0.9420539,0.99912965
0.94498587,0.9990857
0.91969234,0.9990826
0.04670154,0.00079560897
0.06329202,0.0007938507
0.9444347,0.9991424
0.9392175,0.99907386
0.9391068,0.99914855
0.057885416,0.0007863781
0.9416293,0.99906856
0.069517225,0.0007934111
0.059928708,0.0007986859
0.056216512,0.0007942903
0.039682988,0.0007811034
0.06319446,0.0008127519
0.057492208,0.0008127519
0.922734,0.9991213
0.94510573,0.9991393
0.058734722,0.0008035211
0.9387466,0.99908656
0.073427506,0.0008105541
0.06836335,0.00079560897
0.04335185,0.00072923495
0.058898643,0.0008149497
0.044139255,0.00077407033
0.94163597,0.9991002
0.91333693,0.9991446
0.056409404,0.0007709934
0.05404719,0.0007498944
0.059120007,0.0007934111
0.042144246,0.0008400048
0.9330981,0.9991015
0.9319635,0.99910945
0.918379,0.9990976
0.07015655,0.0007802242
0.053042132,0.0007679165
0.9222908,0.999109
0.053418998,0.0007709934
0.0588771,0.0007846199
0.08067634,0.0007978068
0.9448809,0.9990769
0.9282788,0.9990936
0.06127918,0.000799565
0.91839635,0.9990752
0.94338185,0.99912876
0.07181852,0.0007986859
0.04542411,0.0007876968
0.9356534,0.9991213
0.92068976,0.99908525
0.9388263,0.9990879
0.07282234,0.00082769705
0.91594154,0.99906856
0.047396835,0.0007679165
0.055115137,0.000806598
0.06695469,0.0008162684
0.048193153,0.0007793451
0.9188896,0.9991174
0.9281533,0.999149
0.9331743,0.9991209
0.94327414,0.9990936
0.051887766,0.0007868177
0.95842355,0.9991411
0.06744125,0.0007604439
0.93771106,0.9991147
0.94618756,0.99912876
0.04517774,0.00082418055
0.05606646,0.00081451016
0.9355422,0.99907166
0.059798464,0.0008030815
0.052456778,0.0007903342
0.095183164,0.00082242227
0.9362011,0.99904174
0.94451296,0.9991187
0.09366059,0.0007951694
0.050587807,0.0007885759
0.061161812,0.0007745099
0.94386077,0.9991178
0.92862123,0.9991204
0.9534057,0.9991182
0.045751948,0.0007811034
0.048544515,0.0007604439
0.050717555,0.0007934111
0.060754243,0.0007745099
0.92860687,0.9991279
0.07332103,0.0007767077
0.048741613,0.0007934111
0.94833803,0.9991323
0.9378829,0.9990945
0.9432739,0.99913406
0.04030771,0.0007969276
0.04267785,0.0008698951
0.048938215,0.0007745099
0.055476155,0.00083560916
0.06324992,0.0007969276
0.057923798,0.0008197849
0.9486495,0.99912876
0.9429369,0.9991565
0.8949661,0.99915606
0.95051455,0.99914855
0.88591987,0.99908966
0.95227087,0.99912965
0.9631388,0.9990804
0.97197133,0.9991657
0.06631015,0.00081319147
0.93589336,0.9990721
0.060571756,0.00082022446
0.04838456,0.0007837407
0.93958795,0.9990985
0.06021148,0.0008114332
0.96866304,0.9991459
0.95012456,0.9991024
0.94709754,0.9990963
0.92029107,0.99906987
0.94922745,0.9991591
0.06154066,0.0007780264
0.09727919,0.0007907738
0.93565637,0.9991046
0.05620116,0.0007846199
0.052151967,0.00075297133
0.88479275,0.9991815
0.94102436,0.9990989
0.054965578,0.00076703733
0.024394453,0.0007824221
0.06264055,0.0007771473
0.054410186,0.0007696747
0.026989423,0.0007837407
0.9273795,0.9991015
0.9292784,0.9990989
0.049702097,0.0007556087
0.060453396,0.000778466
0.9250361,0.99909097
0.9491527,0.99910766
0.06290129,0.0007762682
0.9664796,0.9991147
0.06780449,0.0007934111
0.07527048,0.0008233014
0.044409398,0.0008035211
0.05080496,0.0007248393
0.06689477,0.0007934111
0.03803018,0.0007903342
0.06937138,0.0007745099
0.046104055,0.0007934111
0.92021954,0.99908483
0.07556167,0.0007868177
0.05605953,0.0008149497
0.94167703,0.99908966
0.93652546,0.9991235
0.9387446,0.99908614
0.9574729,0.9991037
0.05957611,0.0007828616
0.9337904,0.99910724
0.053632192,0.00074418006
0.93896073,0.99911034
0.9487243,0.9991257
0.059712544,0.0008030815
0.93406177,0.99908924
0.06424656,0.0007762682
0.044554003,0.0007903342
0.91902035,0.9991428
0.052330498,0.0007652791
0.048952825,0.0007978068
0.92013264,0.99911034
0.04660324,0.00073978445
0.93357176,0.99908483
0.05948499,0.0007745099
0.9224062,0.999138
0.058251385,0.0007652791
0.059387676,0.0007938507
0.9206697,0.9991024
0.9372891,0.99915427
0.9324456,0.99911034
0.9421091,0.99910766
0.9797515,0.9991323
0.024850307,0.00073407014
0.0525479,0.0008008837
0.9487043,0.99913716
0.038016066,0.0008175871
0.9403412,0.99909145
0.9775528,0.99913055
0.06621631,0.000799565
0.91671705,0.99908483
0.08166802,0.00081363105
0.06298968,0.0007934111
0.04191372,0.00082022446
0.050306022,0.0007947298
0.9261924,0.99908835
0.06901061,0.0007736308
0.93865794,0.99911606
0.9307086,0.99911207
0.93789035,0.9990971
0.061099168,0.00082549924
0.03737921,0.0007534109
0.022213737,0.00082593877
0.9294334,0.9991459
0.061009284,0.0007595648
0.9354358,0.9991134
0.048814163,0.0007934111
0.0483125,0.0007973672
0.92348576,0.99911517
0.065477684,0.0007876968
0.0750605,0.0008044002
0.9179298,0.9990936
0.06610587,0.00081363105
0.9610123,0.9991556
0.9539504,0.99909097
0.92155117,0.99910635
0.067007184,0.00084396085
0.9381721,0.9990998
0.06398731,0.0008092354
0.0511947,0.0007661582
0.9599275,0.99907255
0.056254152,0.0007780264
0.05104861,0.0007811034
0.9244208,0.99914855
0.9568086,0.99910814
0.052058864,0.00082154316
0.0572909,0.0007687956
0.056277428,0.00076220214
0.9549013,0.9991604
0.053511355,0.0007824221
0.9491888,0.9991279
0.96329284,0.99917585
0.9384435,0.99910283
0.93707097,0.99911517
0.05278957,0.0008083563
0.92570835,0.99910766
0.9473833,0.99914986
0.92809755,0.9991279
0.053535376,0.0007920924
0.050430324,0.0007802242
0.9511341,0.99912614
0.06365328,0.00081714755
0.053505167,0.00081846624
0.049204648,0.00073187234
0.04662181,0.000792532
0.9331627,0.99911165
0.053912982,0.0008008837
0.04956517,0.0007868177
0.9334212,0.99909407
0.06385335,0.0007723121
0.05114716,0.00076220214
0.06560446,0.00081363105
0.88032657,0.9991134
0.082529955,0.00083165313
0.053619564,0.0007942903
0.8736824,0.9991358
0.8880949,0.99906814
0.9331164,0.99912703
0.9229227,0.99913144
0.06483241,0.0007978068
0.9560888,0.9991147
0.941243,0.99910766
0.05769104,0.0007850594
0.94517034,0.9991024
0.9284033,0.99910504
0.058975402,0.0008083563
0.91593164,0.99910766
0.05662408,0.00072176236
0.93571013,0.9991191
0.05358341,0.0008101145
0.9392661,0.99912614
0.95001614,0.9991182
0.95487255,0.99917185
0.05693558,0.00081714755
0.93887484,0.99908656
0.047462698,0.0007450592
0.05588422,0.00081670796
0.042811066,0.0007745099
0.9581053,0.9991393
0.9401842,0.9991015
0.94764894,0.99911606
0.055921856,0.0007604439
0.050757173,0.00072176236
0.9722118,0.99912524
0.050140124,0.00073978445
0.9375531,0.9991217
0.043443467,0.0008017628
0.9337126,0.9990778
0.95966977,0.99908745
0.029313259,0.0007687956
0.04643858,0.0007868177
0.9642471,0.99910593
0.92347956,0.99912876
0.05238299,0.0007903342
0.090356216,0.0008017628
0.042171486,0.0007630813
0.0455499,0.0008052793
0.94518,0.9990963
0.058118172,0.00081363105
0.94313353,0.99915075
0.9631725,0.9991222
0.05428861,0.00081451016
0.92758375,0.99911386
0.071843036,0.0007692352
0.055255286,0.000747257
0.06771857,0.0007815429
0.052161872,0.0008052793
0.054353237,0.0007885759
0.064177476,0.0007947298
0.9419967,0.9990998
0.05620537,0.0007767077
0.93453026,0.9990976
0.93220466,0.9991666
0.94880354,0.99913055
0.055346157,0.00071516895
0.046558917,0.00073407014
0.045299068,0.0008118728
0.9526564,0.99906904
0.9452102,0.99913496
0.055438023,0.0008175871
0.9371002,0.9991182
0.062232487,0.0008022024
0.9492785,0.99913496
0.96186185,0.99917185
0.042014003,0.0007679165
0.9272044,0.9991182
0.92510617,0.999098
0.95042247,0.99908656
0.07645357,0.0007912133
0.06651394,0.0007723121
0.9222185,0.99915075
0.047630083,0.0007793451
0.05891548,0.0008246201
0.053536613,0.0008114332
0.92999446,0.99910504
0.06483835,0.0007876968
0.9290065,0.9991147
0.066940576,0.0007547296
0.95421857,0.9991209
0.87586385,0.9990901
0.91641176,0.9990971
0.051762722,0.0007881364
0.9644279,0.9990945
0.9369544,0.99909186
0.044854853,0.0008008837
0.9401109,0.999102
0.042886835,0.0008083563
0.07408467,0.000761323
0.8768065,0.99912
0.9552482,0.9991446
0.060504653,0.00082769705
0.055151287,0.0007876968
0.9158187,0.99906766
0.058186512,0.0007973672
0.073167264,0.00081099366
0.93331003,0.9990365
0.9363331,0.99912614
0.93831104,0.9990967
0.055303074,0.0008105541
0.94827914,0.9990879
0.060945153,0.00083165313
0.95723426,0.9990998
0.07826113,0.0007512131
0.93205756,0.9991165
0.93209124,0.99911296
0.06323383,0.0007903342
0.93975633,0.99914634
0.94313353,0.99915165
0.9537558,0.9991367
0.9556035,0.9991358
0.05223244,0.0008030815
0.06354879,0.0007885759
0.93417865,0.9991015
0.0671243,0.0007780264
0.08121687,0.0007696747
0.05346134,0.0008048398
0.9313217,0.9991156
0.02860707,0.00080264197
0.9154082,0.9991385
0.03976247,0.00074901525
0.05772447,0.0007960485
0.9407458,0.9991666
0.05697272,0.00075736694
0.9466625,0.99913275
0.9512891,0.99911296
0.07166005,0.0008175871
0.96825665,0.99910855
0.9249823,0.9990936
0.94324416,0.9990813
0.9442138,0.999109
0.922163,0.9990923
0.0553677,0.0007960485
0.9440786,0.999102
0.06228498,0.0007986859
0.056638196,0.0007652791
0.92891884,0.9990782
0.94432724,0.99918944
0.9482051,0.99910593
0.063546315,0.0008013233
0.9301324,0.9990826
0.031600945,0.0005912122
0.05643887,0.0007894551
0.059407733,0.0008105541
0.9280473,0.99916965
0.9562106,0.9990611
0.91599923,0.99909186
0.040051185,0.0007793451
0.055557866,0.0008233014
0.95426613,0.99913096
0.036740124,0.00082681794
0.9192769,0.9990963
0.92862964,0.9991209
0.049853884,0.0008083563
0.06431688,0.0008052793
0.92974937,0.9990963
0.04793217,0.0007903342
0.94177115,0.99908745
0.9501927,0.9991182
0.93337613,0.9991556
0.051554978,0.0007692352
0.047673415,0.0007986859
0.92229176,0.99910635
0.060184244,0.0007876968
0.06105212,0.0007903342
0.9465223,0.99910945
0.05335734,0.00082681794
0.9226652,0.99908745
0.05764449,0.0007819825
0.9324867,0.99909496
0.93472266,0.9991226
0.052857168,0.0007951694
0.08105568,0.00080044416
0.06985942,0.0008017628
0.9304095,0.9991143
0.03945766,0.00082154316
0.9265495,0.9991226
0.066481255,0.00082637835
0.93947357,0.99908656
0.047585268,0.0007485757
0.9727612,0.9991046
0.9467558,0.9990778
0.051477227,0.0008035211
0.051608212,0.0007912133
0.06147727,0.0007850594
0.93142813,0.9991147
0.9423867,0.99913496
0.9318471,0.9991217
0.05637424,0.00080747716
0.060395952,0.0007780264
0.033260684,0.0007920924
0.94835216,0.99917364
0.056776363,0.0007894551
0.9550176,0.9991354
0.92040694,0.9991178
0.04279299,0.00073802617
0.9484205,0.99913406
0.042195503,0.00072879536
0.05246495,0.00073934486
0.9256115,0.9990769
0.9560591,0.99908835
0.9451404,0.99913365
0.90909606,0.9991037
0.93055904,0.9990989
0.049328204,0.0007639604
0.049401004,0.0007912133
0.04389338,0.00076220214
0.9539559,0.9991389
0.07524646,0.0007837407
0.057232216,0.0007819825
0.04308319,0.0006769269
0.079431094,0.0008162684
0.04843705,0.0008017628
0.04361655,0.0008035211
0.9259,0.9991147
0.952441,0.9991209
0.057460513,0.00074901525
0.035528064,0.00075736694
0.08902036,0.000799565
0.060264718,0.0007903342
0.9292502,0.9991213
0.06133638,0.0007912133
0.060162455,0.00083736744
0.93439037,0.99911034
0.9365,0.99911606
0.9373159,0.99908614
0.92598915,0.99913406
0.932714,0.99913186
0.9196156,0.9991182
0.04095497,0.00082681794
0.9515174,0.99913186
0.9469395,0.9991191
0.911438,0.9991644
0.9847617,0.9991235
0.9132267,0.9990826
0.9411848,0.9991213
0.027362822,0.0007498944
0.9199063,0.99910504
0.06655703,0.00081363105
0.061008543,0.0007934111
0.93963426,0.99910986
0.048348404,0.00074549875
0.9568069,0.99913275
0.057785135,0.00081582885
0.9130467,0.9991235
0.9330297,0.9990844
0.056770172,0.0007881364
0.9186321,0.99906766
0.9493627,0.9991354
0.06782306,0.0007881364
0.9323812,0.9991196
0.060529415,0.00074110314
0.04379532,0.000806598
0.89602095,0.9991257
0.92595345,0.9991015
0.94132864,0.9991147
0.90916735,0.9991147
0.0607119,0.000771433
0.07082659,0.0008017628
0.046926126,0.0007973672
0.9293264,0.999109
0.05655574,0.0008092354
0.9275095,0.9990655
0.9331089,0.9990809
0.03707143,0.00075033394
0.045339182,0.00071736675
0.9355915,0.99910504
0.05069205,0.0007644
0.93333477,0.99911207
0.9391331,0.9991134
0.040946055,0.00070769637
0.9567113,0.99908614
0.048682928,0.0007920924
0.9355435,0.9990923
0.036115896,0.00074198225
0.07398884,0.0007894551
0.9672932,0.99915385
0.056505725,0.00080747716
0.054408453,0.00082989485
0.9524224,0.99919736
0.046222907,0.00082022446
0.047300264,0.0007850594
0.057129953,0.000761323
0.066163324,0.00073450967
0.062659614,0.0007652791
0.06523552,0.00081670796
0.06177688,0.0008083563
0.050156217,0.0007868177
0.92838895,0.9990963
0.9466615,0.99909276
0.946241,0.9990901
0.9285341,0.9990844
0.0677411,0.0007793451
0.066867776,0.000775389
0.039885286,0.0007498944
0.04773284,0.0008052793
0.9273218,0.99910283
0.9363856,0.9990765
0.04619121,0.0008105541
0.06245385,0.0007595648
0.08109406,0.00083560916
0.050304785,0.0007665978
0.94745433,0.9991402
0.04478676,0.00075429
0.05150174,0.0007916529
0.058216225,0.0007630813
0.9296709,0.99908614
0.05445649,0.0007661582
0.049263578,0.00081451016
0.056179125,0.00082022446
0.9258247,0.9991231
0.9564553,0.99913406
0.0700226,0.0007907738
0.052427065,0.0006936303
0.047664255,0.000747257
0.93804854,0.9990963
0.054138556,0.00080396066
0.059588984,0.00083253224
0.08489861,0.00071736675
0.045698218,0.0007745099
0.95574707,0.9990844
0.91712856,0.99915075
0.04173371,0.0008013233
0.9468056,0.9991442
0.07911069,0.0008030815
0.9198375,0.99909097
0.048011158,0.00073275145
0.06569261,0.0007942903
0.9525237,0.99913496
0.92826813,0.99911207
0.07452888,0.0007951694
0.91642636,0.99910855
0.04803245,0.0007837407
0.93812406,0.99908656
0.088824496,0.0008017628
0.0630761,0.00081670796
0.047067758,0.0007942903
0.059360687,0.0007863781
0.05124274,0.00076000433
0.8851292,0.99911296
0.044808052,0.0008118728
0.051332127,0.00080747716
0.88820237,0.9991393
0.92925984,0.9991046
0.9498314,0.9991006
0.94354254,0.99913406
0.9567598,0.99911255
0.05931711,0.00080264197
0.058185026,0.0007723121
0.93455106,0.99913275
0.9226808,0.999102
0.06275792,0.00080747716
0.043420933,0.0008118728
0.940567,0.9991112
0.036188196,0.0007793451
0.92986375,0.99908924
0.06407967,0.0007912133
0.041263,0.0007793451
0.06644238,0.0007960485
0.93976575,0.9991358
0.07473984,0.0007723121
0.96309024,0.99908483
0.97207165,0.99910283
0.07157933,0.0007819825
0.043418705,0.0008127519
0.9436092,0.99910724
0.03526213,0.0008083563
0.08023856,0.0007912133
0.0462806,0.0008052793
0.05131529,0.000771433
0.94217,0.9991006
0.033897292,0.0007723121
0.045334972,0.00073802617
0.94093746,0.9991376
0.95598185,0.9991631
0.0722776,0.0008079167
0.084721565,0.000778466
0.9376398,0.9991015
0.92543644,0.99909496
0.048386786,0.0007969276
0.06386821,0.000775389
0.8829109,0.99919826
0.9229361,0.999109
0.059754886,0.00080615847
0.06799738,0.0007498944
0.057520684,0.00075648783
0.06741079,0.00081582885
0.05921014,0.0007639604
0.90296817,0.99910766
0.9037843,0.9991279
0.9005559,0.99913096
0.05276679,0.0007811034
0.059464186,0.00082681794
0.9566306,0.9991459
0.94870156,0.9991002
0.9312103,0.9990989
0.05301242,0.0007916529
0.05181794,0.0008101145
0.050661348,0.00082549924
0.9505834,0.99914724
0.04681965,0.00081099366
0.05007723,0.00080264197
0.03537009,0.0007894551
0.075400226,0.0007973672
0.04691721,0.00082286185
0.9469539,0.99914813
0.95556384,0.9990936
0.932481,0.9991244
0.05657357,0.000778466
0.0582291,0.000771433
0.950988,0.9990844
0.072423935,0.00082505966
0.06871248,0.0007863781
0.06607468,0.0007780264
0.0642842,0.0008149497
0.058168188,0.0007894551
0.057889625,0.0007969276
0.9347504,0.99910593
0.06419456,0.00084088393
0.069420904,0.0007731912
0.9495043,0.99913144
0.945077,0.99912614
0.92788064,0.9991147
0.9453917,0.99913716
0.0685347,0.0007758286
0.057980996,0.0007846199
0.062438004,0.00076352083
0.9320452,0.9990804
0.060726266,0.0007837407
0.056776118,0.0007903342
0.961507,0.9991196
0.9184137,0.999062
0.06744744,0.0008052793
0.04704176,0.00081231236
0.044808052,0.0007868177
0.07428573,0.00075648783
0.03882155,0.0007556087
0.051321972,0.0007661582
0.09373711,0.00080615847
0.060964715,0.0007969276
0.9383459,0.9991402
0.94102657,0.9991112
0.9798798,0.9991147
0.04218015,0.0007639604
0.064467184,0.0008052793
0.056027092,0.0008105541
0.040700424,0.0007824221
0.9505532,0.99910855
0.032259095,0.0007947298
0.0674977,0.0008083563
0.09016407,0.000792532
0.9371767,0.9990752
0.9483554,0.9991006
0.03455297,0.0007978068
0.93887186,0.99912834
0.9761614,0.99908394
0.056922454,0.00080264197
0.055111423,0.00082681794
0.04657699,0.00081934535
0.9370915,0.99910766
0.95415497,0.99912614
0.052827206,0.0007885759
0.93681765,0.9991187
0.9417563,0.99913716
0.9504289,0.99910635
0.041769613,0.00084044435
0.04545209,0.0008044002
0.93737775,0.99910414
0.90797263,0.999109
0.9440247,0.9990989
0.9574281,0.9990901
0.9254595,0.9991437
0.8977936,0.9991815
0.04345436,0.0007894551
0.9383714,0.9991222
0.93212914,0.99910945
0.07155383,0.0007780264
0.055377357,0.0007986859
0.047988873,0.0007811034
0.035017986,0.00081934535
0.04760904,0.00074549875
0.96794343,0.9991604
0.9091094,0.99913365
0.066230424,0.0007639604
0.050516244,0.0008022024
0.95450014,0.99913055
0.92264634,0.9991006
0.08374548,0.0008017628
0.964961,0.9991244
0.06202895,0.0007903342
0.93774223,0.9991468
0.9197359,0.99914724
0.9517333,0.99914813
0.035799198,0.00077407033
0.9087541,0.9990743
0.039406404,0.0007951694
0.95912254,0.9991666
0.90123117,0.99914813
0.94797826,0.99914724
0.91058916,0.99913055
0.94119644,0.99915254
0.06272796,0.0007868177
0.94161814,0.9991226
0.96156424,0.99913406
0.9399145,0.9990804
0.93673795,0.99913406
0.92905825,0.9991248
0.95713794,0.9991367
0.89767325,0.99913627
0.028619451,0.0007692352
0.09251712,0.00080044416
0.062159687,0.0007868177
0.07743461,0.0008127519
0.9322225,0.9990985
0.95763415,0.999138
0.937302,0.99913096
0.055874314,0.0007934111
0.049201924,0.0008079167
0.9529424,0.9991323
0.045790825,0.0007912133
0.92060035,0.9991244
0.9137457,0.99913275
0.925691,0.9991222
0.052807394,0.000806598
0.03191343,0.000771433
0.04272861,0.0008083563
0.9128526,0.9991015
0.944997,0.9991411
0.9556525,0.99910766
0.047550105,0.0008175871
0.054978207,0.0007934111
0.91850656,0.9991279
0.906743,0.9991217
0.9414844,0.99909407
0.062125765,0.0007819825
0.036750026,0.0007679165
0.05586713,0.00080615847
0.054758824,0.00080264197
0.05504135,0.0007978068
0.9616445,0.999098
0.9663003,0.99918944
0.053789426,0.0007934111
0.94568217,0.9990963
0.059424818,0.0007731912
0.042340603,0.0007696747
0.9371584,0.99908394
0.94834745,0.99912924
0.92047083,0.99913317
0.0648121,0.00080615847
0.07353571,0.0007595648
0.96105886,0.9991367
0.039847896,0.000771433
0.96202505,0.99908394
0.04739634,0.0007806638
0.9498824,0.9991222
0.043919377,0.0007723121
0.9538519,0.9991182
0.07828466,0.00077055383
0.056823906,0.00074242183
0.93194246,0.9991006
0.9303248,0.99910945
0.9459256,0.99910593
0.9479042,0.9991156
0.9232966,0.9991213
0.9270484,0.9991011
0.039647333,0.00082154316
0.9605839,0.99913496
0.06368844,0.0008079167
0.91184556,0.9991209
0.03850906,0.0007942903
0.06067055,0.0007837407
0.052642982,0.0007828616
0.94020027,0.9991134
0.9385361,0.9991437
0.08779096,0.0008013233
0.94241196,0.9991437
0.056689948,0.0008035211
0.039351933,0.0007986859
0.960217,0.9991468
0.04664781,0.0007802242
0.0748852,0.0008083563
0.048853286,0.00080396066
0.9450468,0.99917275
0.069759384,0.0008083563
0.93187433,0.99906987
0.94026345,0.99908656
0.9255677,0.99909276
0.061949715,0.0007912133
0.061175432,0.0007547296
0.9489613,0.9991222
0.06181848,0.0007226415
0.95321876,0.9990945
0.93974,0.9991596
0.9152408,0.99907255
0.047846746,0.0007881364
0.08121786,0.00080615847
0.94536227,0.99911034
0.058696344,0.0007507735
0.057306748,0.0007793451
0.92392826,0.9991174
0.93041074,0.9990804
0.059742007,0.0008127519
0.05778464,0.0007960485
0.05562274,0.0007978068
0.040839583,0.0007687956
0.925793,0.9990976
0.04602581,0.00081099366
0.94270587,0.9991068
0.051645353,0.00082022446
0.059301507,0.0007630813
0.9377165,0.9991244
0.9289181,0.9990813
0.049891274,0.0007986859
0.91682476,0.9991407
0.9458961,0.99915254
0.050979033,0.0007679165
0.066532016,0.00083341135
0.93981105,0.99910945
0.9519027,0.9991442
0.038109664,0.0007934111
0.019688841,0.0007701143
0.052997068,0.0007762682
0.050715324,0.000785499
0.9387097,0.9991191
0.969135,0.9991112
0.04055656,0.0007687956
0.9326583,0.9991002
0.061979923,0.00074901525
0.9380944,0.99913144
0.88645744,0.9991235
0.9360288,0.99914634
0.048326865,0.0007811034
0.041347433,0.0007723121
0.95376176,0.99916834
0.0443886,0.0007850594
0.9529872,0.9991178
0.06950954,0.0007960485
0.9455579,0.9991037
0.9490497,0.99911296
0.050848294,0.0007986859
0.89678335,0.9990795
0.059992593,0.0007868177
0.93207616,0.9991033
0.04531937,0.0007969276
0.06551705,0.0008017628
0.032428958,0.0007828616
0.9120488,0.9991222
0.89146686,0.99913496
0.9445823,0.99911207
0.9462755,0.99912
0.92466366,0.99907166
0.91643727,0.9991156
0.053908773,0.0007978068
0.058362562,0.0007876968
0.95455784,0.9991055
0.040442165,0.00072439975
0.053285286,0.0007868177
0.0428336,0.000771433
0.06019316,0.0007938507
0.03309751,0.0007986859
0.9413891,0.9991376
0.060645543,0.0008035211
0.05837519,0.00076220214
0.07015754,0.00081670796
0.9365651,0.99912393
0.91947544,0.9990971
0.050443694,0.00081934535
0.92366254,0.99911034
0.9637348,0.9991033
0.054950226,0.0007819825
0.048381336,0.0007811034
0.9601821,0.9991231
0.06025902,0.0007960485
0.94948596,0.9991455
0.016380006,0.0007811034
0.040511,0.0007762682
0.9313564,0.9991235
0.02696689,0.0007960485
0.05766207,0.00080615847
0.07165213,0.0008057189
0.048434574,0.00075385044
0.93986577,0.99908483
0.9332736,0.99909496
0.9237799,0.99910504
0.040280476,0.0007894551
0.06974379,0.0007652791
0.054214574,0.00081582885
0.9373845,0.9991182
0.9459278,0.9990967
0.94588125,0.99909186
0.05363343,0.0007960485
0.073285624,0.0007723121
0.05962563,0.000806598
0.93067193,0.99909097
0.044888776,0.0007841803
0.9285148,0.9991002
0.9468749,0.9990998
0.94979846,0.9991231
0.039581962,0.0007876968
0.06120663,0.0007951694
0.9119971,0.9991015
0.021872032,0.0007709934
0.9326536,0.99912
0.94824344,0.99913096
0.053372942,0.0008162684
0.037927173,0.0007661582
0.047645435,0.00075604825
0.9556042,0.99910986
0.057776716,0.0007745099
0.92857194,0.99912876
0.055264693,0.00071824586
0.056776613,0.0007942903
0.9403392,0.99910855
0.9506797,0.9991217
0.07325541,0.00076220214
0.9296419,0.99911034
0.91935635,0.9991178
0.940877,0.9990967
0.94039667,0.9991644
0.038373616,0.00074901525
0.05388748,0.0007630813
0.901506,0.99907076
0.96842974,0.9990985
0.046316255,0.00075297133
0.047930934,0.0007802242
0.940776,0.9991156
0.9411281,0.99916923
0.92400354,0.99911207
0.052651647,0.00080747716
0.97641027,0.9991112
0.93183225,0.99907076
0.04896273,0.0008030815
0.047081377,0.0007512131
0.9124871,0.9991437
0.050867606,0.00083824655
0.07905101,0.0007881364
0.056308623,0.0008008837
0.052629117,0.0007885759
0.04558778,0.0008030815
0.09429448,0.0007824221
0.054291334,0.0007885759
0.037196472,0.00076703733
0.056117468,0.0007731912
0.06358568,0.0007934111
0.8734311,0.9991231
0.06826258,0.00082374096
0.07899877,0.00083560916
0.9305519,0.99911034
0.93400925,0.9990998
0.94597334,0.99909496
0.028735582,0.0007604439
0.9447115,0.99909496
0.05123432,0.0007811034
0.956249,0.99910283
0.94574434,0.99913496
0.057455562,0.0007828616
0.04169508,0.0007771473
0.06617521,0.00081231236
0.9440955,0.99913716
0.05541326,0.00082989485
0.89900786,0.9990998
0.025295017,0.0007604439
0.060144626,0.0007903342
0.94589365,0.9990954
0.045602392,0.00073978445
0.065011434,0.0008092354
0.9194373,0.99912703
0.048742108,0.0007890155
0.043442477,0.000771433
0.93404543,0.99913055
0.060254812,0.0007986859
0.038189393,0.00080615847
0.9209116,0.99906725
0.94964594,0.9991024
0.06303351,0.00075648783
0.9135724,0.99915737
0.9423637,0.9991191
0.056428965,0.00080264197
0.054272514,0.0007912133
0.05745977,0.00083692785
0.0692862,0.0007802242
0.060373418,0.0007644
0.9250378,0.99912745
0.029573498,0.0007806638
0.074252054,0.00075297133
0.9313772,0.99916613
0.04653539,0.0007604439
0.93970037,0.999109
0.92789125,0.9990734
0.9373936,0.9991279
0.04884759,0.00082022446
0.05406551,0.0007731912
0.04381662,0.00081099366
0.04777048,0.0007793451
0.9254162,0.9990989
0.06572653,0.0008044002
0.050154485,0.000799565
0.89576715,0.99913365
0.90126336,0.99903035
0.054486204,0.00075604825
0.92845434,0.99911034
0.06258162,0.00079560897
0.05318525,0.0007674769
0.06333411,0.0007903342
0.93298787,0.9991015
0.05823133,0.0008048398
0.94778067,0.99908394
0.052912135,0.0007978068
0.9426348,0.9990835
0.9547616,0.99915075
0.065134495,0.0008035211
0.9479456,0.9991609
0.9552281,0.99912965
0.046150606,0.0008175871
0.055086166,0.00076703733
0.049598843,0.00082769705
0.030311381,0.0008118728
0.055119097,0.00080967497
0.94068485,0.9991112
0.03273872,0.0007986859
0.9343535,0.9991639
0.9141072,0.99912924
0.044157825,0.00082198274
0.95821476,0.9991323
0.045161642,0.0007758286
0.9429277,0.9991174
0.95119053,0.99915034
0.039495792,0.00074549875
0.97043097,0.99915737
0.94269645,0.9991165
0.057686582,0.0007674769
0.032491107,0.0007520922
0.9165566,0.9991235
0.9437322,0.99909276
0.9114132,0.99908835
0.94601643,0.9991196
0.093576655,0.0007780264
0.053733464,0.0007876968
0.07025659,0.0007833012
0.044172682,0.0008083563
0.92013335,0.99908745
0.04726634,0.0007885759
0.921387,0.99913317
0.0764917,0.0008092354
0.94072896,0.9991609
0.9482769,0.9991657
0.93040925,0.9991147
0.092905134,0.00076220214
0.94859385,0.9990795
0.96521276,0.9991169
0.92690605,0.999142
0.057188388,0.00075297133
0.9517997,0.9991011
0.059828177,0.000775389
0.9159727,0.9991191
0.93766475,0.9991055
0.05220248,0.00081363105
0.90150625,0.9991428
0.05792033,0.0007639604
0.9630442,0.99913186
0.93106246,0.9991147
0.94083023,0.99910414
0.07161573,0.0007916529
0.94330955,0.9991455
0.05023768,0.0007960485
0.9618708,0.9991279
0.04926036,0.0008013233
0.93161285,0.99911386
0.032939285,0.0007507735
0.9345337,0.9991196
0.055448174,0.0007626417
0.06467394,0.0007582461
0.046412826,0.0007850594
0.04090099,0.0007986859
0.94311446,0.9990998
0.04946018,0.0008505543
0.9501612,0.9991244
0.93175894,0.9990989
0.07511968,0.0007934111
0.0461667,0.00083473005
0.94830585,0.99912965
0.061879393,0.0007951694
0.064698696,0.0008197849
0.92483526,0.99909186
0.052927487,0.0008044002
0.037390105,0.0007960485
0.9240877,0.99908394
0.9126671,0.9991182
0.9157021,0.99909186
0.062129233,0.00082198274
0.0433261,0.0007679165
0.9359451,0.99911386
0.93918335,0.99910283
0.042448066,0.00081670796
0.9271878,0.9991455
0.062335,0.0008114332
0.95750886,0.99913096
0.9434876,0.99912
0.89857185,0.99909097
0.95779955,0.9990857
0.087243244,0.00081582885
0.95834154,0.9991833
0.9510474,0.9991398
0.036185473,0.0008079167
0.064842805,0.00082374096
0.057314422,0.0008013233
0.9023031,0.9991912
0.053566575,0.0008008837
0.09106934,0.0007582461
0.9271925,0.9991147
0.041351892,0.0007841803
0.95680934,0.99916613
0.08849492,0.0007876968
0.94236815,0.99914986
0.9493305,0.9991156
0.0410711,0.00082374096
0.9562852,0.9991147
0.9445117,0.9990976
0.058898147,0.0007903342
0.05221808,0.0008008837
0.959539,0.9991446
0.931475,0.9991534
0.9592966,0.99908745
0.9438949,0.9990998
0.9480221,0.9990541
0.9459347,0.9991147
0.94892144,0.9991235
0.058138724,0.0007920924
0.04603522,0.0007723121
0.95863426,0.99910414
0.05827689,0.0007811034
0.055953056,0.000775389
0.9058484,0.9991196
0.94544196,0.99911255
0.040898267,0.0007604439
0.9301133,0.9994804
0.030020934,0.0007780264
0.066556774,0.0008022024
0.04802824,0.0007595648
0.91698796,0.99911386
0.05729016,0.00082989485
0.95866346,0.9991143
0.024113415,0.0007837407
0.93859506,0.99911207
0.9288547,0.9991424
0.91195476,0.99910855
0.053489815,0.0008044002
0.9314534,0.9991196
0.07938108,0.00074901525
0.055739615,0.0007736308
0.93918484,0.99912393
0.06618486,0.00081890577
0.0604378,0.00080747716
0.034102812,0.0007986859
0.95623267,0.99907607
0.05263481,0.0007802242
0.9225468,0.99910414
0.06733131,0.0007894551
0.93185776,0.9991358
0.06587931,0.00081934535
0.04550087,0.00075297133
0.9365094,0.9990985
0.94876516,0.99913365
0.9357653,0.99910855
0.046491813,0.00083077396
0.060131997,0.0007687956
0.9444476,0.99910414
0.055190906,0.0007771473
0.06073295,0.0007687956
0.92864597,0.99915254
0.041968692,0.0008118728
0.054121472,0.00081538927
0.05229088,0.00074901525
0.06193486,0.0007771473
0.93030626,0.9991446
0.9464614,0.99908745
0.9233887,0.99910724
0.046280354,0.0007802242
0.93875575,0.9990954
0.05141037,0.0007701143
0.0409775,0.0008035211
0.04785021,0.00083868613
0.9735786,0.9991367
0.053358827,0.0007824221
0.9310379,0.99911386
0.94912696,0.9991402
0.016860621,0.0007934111
0.06729565,0.0008127519
0.9447254,0.999138
0.93790966,0.9991055
0.0862216,0.000775389
0.049005568,0.00074242183
0.048433337,0.0007547296
0.93940276,0.99911296
0.9461779,0.99913406
0.03485852,0.00073978445
0.03430313,0.0007876968
0.04794158,0.0007811034
0.94474345,0.99909407
0.9412192,0.9991402
0.9660656,0.999182
0.936703,0.9991424
0.8992498,0.99910504
0.93605006,0.9990795
0.95729613,0.9991437
0.88594836,0.9991226
0.921002,0.99915516
0.037871957,0.00073934486
0.051734246,0.0007890155
0.07583231,0.00082593877
0.9322549,0.99912745
0.9586652,0.9992061
0.9476395,0.99910766
0.9532482,0.9991178
0.93112385,0.9991011
0.09039534,0.0008118728
0.0575712,0.0007828616
0.05151214,0.0007736308
0.018863056,0.0007604439
0.02873657,0.0007520922
0.06853668,0.0008008837
0.9118728,0.99912
0.93846947,0.9991182
0.05692617,0.0007701143
0.04039264,0.0007463779
0.9539989,0.9991591
0.065138206,0.0008057189
0.9242868,0.9991011
0.054125927,0.00081099366
0.06320139,0.0008048398
0.8910858,0.9991209
0.031104235,0.0007248393
0.9080063,0.9990945
0.049395554,0.00073890534
0.95403016,0.9991196
0.9418492,0.9990932
0.9332491,0.9991648
0.95168203,0.99913716
0.92546713,0.9991257
0.06050094,0.0007674769
0.9252953,0.9990989
0.93652624,0.9991037
0.9484173,0.99916
0.9296647,0.9991798
0.047859866,0.0007934111
0.9255969,0.9991002
0.93410283,0.99908483
0.9187232,0.9990826
0.05407071,0.0007868177
0.05668153,0.0007969276
0.046841443,0.0008092354
0.94330657,0.99910635
0.96641374,0.9991358
0.9463054,0.99907255
0.038542487,0.00072176236
0.063950166,0.0008048398
0.04531442,0.00081714755
0.9512059,0.99913317
0.9539004,0.99908745
0.9534671,0.99907035
0.0697579,0.00080747716
0.058439817,0.0008013233
0.030587964,0.000771433
0.94035405,0.9990998
0.065351896,0.0007938507
0.059710067,0.0008105541
0.92848355,0.9990901
0.92708504,0.9991323
0.053145632,0.0007793451
0.045151245,0.0008008837
0.048706453,0.00074901525
0.03854744,0.00073363056
0.9489551,0.99912745
0.02905822,0.000775389
0.058228604,0.000747257
0.050950557,0.00076220214
0.9397769,0.99914944
0.928465,0.9990778
0.031634618,0.0007811034
0.9587739,0.9991367
0.053515565,0.000771433
0.92204094,0.9991446
0.06677071,0.0007912133
0.057564262,0.0007846199
0.05160029,0.00074901525
0.93628085,0.9990936
0.94710696,0.9991112
0.92610747,0.9991244
0.056121927,0.0007736308
0.057904977,0.0007736308
0.92390025,0.9991015
0.94590896,0.99915075
0.92076325,0.9991196
0.036157247,0.0007630813
0.06150525,0.0007903342
0.06709187,0.0007811034
0.954075,0.999167
0.9479241,0.99910504
0.93905413,0.99911034
0.028259672,0.0007534109
0.061599344,0.0007723121
0.047321312,0.0007833012
0.9305239,0.9990936
0.08969188,0.000799565
0.06597142,0.00075648783
0.033223543,0.0008008837
0.040339407,0.0007833012
0.056953654,0.0008092354
0.06009114,0.0007679165
0.039477967,0.0007498944
0.96022266,0.9990954
0.93467486,0.9993556
0.9412098,0.99910504
0.9297553,0.9991112
0.9591416,0.9992066
0.931055,0.99912924
0.8835626,0.9991248
0.06336804,0.000799565
0.058042403,0.0007679165
0.91441697,0.99911034
0.92938983,0.9990954
0.061461918,0.000785499
0.049736764,0.0008052793
0.95428294,0.9992044
0.9428287,0.99911606
0.941737,0.9991024
0.97468174,0.99913013
0.9408476,0.9990958
0.937513,0.99908876
0.95784384,0.99913406
0.92924917,0.9991112
0.9543367,0.99914813
0.06141908,0.0008118728
0.93347096,0.9991011
0.9457827,0.9991398
0.93127465,0.9991345
0.038351826,0.0007876968
0.052393388,0.0007982463
0.96177894,0.9991631
0.9292517,0.9990998
0.95325315,0.99912524
0.054796956,0.0007696747
0.041958787,0.0008052793
0.9276464,0.99910283
0.92628133,0.9990795
0.053302865,0.0008008837
0.95207995,0.9991565
0.04442822,0.0007837407
0.96049035,0.99912524
0.94084483,0.99911517
0.9278638,0.999138
0.9096302,0.99911034
0.049757067,0.00081099366
0.93632495,0.9990791
0.04483405,0.0007661582
0.044616897,0.0007868177
0.94664437,0.99910414
0.9305318,0.9991178
0.94024116,0.99910414
0.91993254,0.99910945
0.9206806,0.99917495
0.056362852,0.0007723121
0.9541052,0.9991596
0.9226716,0.9991196
0.9331404,0.9991191
0.050388727,0.0008052793
0.05106644,0.000771433
0.95994186,0.9991446
0.9292848,0.99911517
0.94988835,0.9991182
0.93491405,0.9991182
0.9174421,0.9990932
0.060536593,0.0007973672
0.9183008,0.9990985
0.049988586,0.00082637835
0.045191355,0.00075736694
0.9205991,0.9991433
0.054403253,0.0007934111
0.929988,0.99910504
0.9553512,0.999098
0.05209601,0.0007942903
0.94522136,0.99907607
0.038875278,0.0007415427
0.9597138,0.99913406
0.041580684,0.0008079167
0.92762583,0.9991209
0.067056954,0.0007745099
0.92539805,0.9991165
0.93927866,0.99914724
0.068925925,0.0007811034
0.06130444,0.000806598
0.91516674,0.9991345
0.9430122,0.9991367
0.040891826,0.00082505966
0.93955624,0.9990826
0.056150403,0.0008083563
0.05484623,0.00081363105
0.035668213,0.0007876968
0.95022637,0.9991222
0.06567602,0.00077055383
0.9364505,0.99915254
0.9240939,0.99911606
0.951999,0.99911296
0.052900497,0.0007903342
0.06101077,0.0007644
0.03703602,0.0007639604
0.9264517,0.9991002
0.039745137,0.0007802242
0.9282295,0.9990804
0.061289087,0.0008162684
0.94923043,0.9991213
0.07780676,0.0007837407
0.081092075,0.000747257
0.9564617,0.9991174
0.040369615,0.0007868177
0.052505556,0.0007745099
0.06300405,0.0007876968
0.04248892,0.000785499
0.93386763,0.9991209
0.9562235,0.9991798
0.040211886,0.00082154316
0.95886105,0.9991235
0.023091026,0.0007969276
0.03742898,0.0008048398
0.9266809,0.999102
0.055470213,0.0008030815
0.06169616,0.00077055383
0.91421765,0.99911296
0.054520372,0.0007736308
0.9234694,0.9990804
0.9309988,0.9990985
0.92081255,0.9991385
0.95855874,0.9991323
0.94931066,0.99911296
0.056936074,0.0008022024
0.8743274,0.99915254
0.94117814,0.9990804
0.89429605,0.99907255
0.061089512,0.000806598
0.91559535,0.9991015
0.067457095,0.00082769705
0.9430424,0.99907076
0.93912965,0.9991235
0.9398252,0.9991657
0.067013375,0.0008052793
0.94603354,0.9991354
0.05108501,0.0007881364
0.046134014,0.0007811034
0.05765266,0.0008175871
0.93325084,0.9991147
0.057169322,0.0007978068
0.9315042,0.99908745
0.07129904,0.000799565
0.042848207,0.00076703733
0.053480156,0.0007960485
0.046160262,0.0007934111
0.087726586,0.0007837407
0.9361828,0.9991213
0.06851117,0.0007938507
0.053302374,0.00076220214
0.06278194,0.0007903342
0.9433623,0.9991402
0.046609428,0.0007767077
0.034710452,0.000775389
0.9346585,0.99910945
0.9124388,0.9991178
0.9266438,0.9990954
0.06936915,0.00080264197
0.9658541,0.99910593
0.052138597,0.0007969276
0.9438788,0.99908924
0.0543104,0.0007806638
0.0560833,0.00080747716
0.059698675,0.0007876968
0.04531442,0.00074330095
0.94316447,0.9991226
0.954102,0.99912614
0.9315901,0.99911207
0.9328296,0.9990835
0.046298675,0.0007885759
0.033863124,0.00073319103
0.07107272,0.0008118728
0.9238963,0.9991534
0.070448734,0.0007934111
0.05298122,0.00080615847
0.93026364,0.99913055
0.08159968,0.0007833012
0.9316203,0.9990958
0.9545828,0.99911207
0.068608984,0.00083473005
0.053291723,0.0008118728
0.9406195,0.9991393
0.95891184,0.999142
0.92956316,0.9990611
0.9098765,0.99914813
0.9146641,0.9991459
0.042104136,0.0007762682
0.054829393,0.0008105541
0.03971518,0.0007692352
0.058544062,0.0008105541
0.951612,0.9991213
0.92328745,0.9991556
0.93157274,0.9990989
0.04627441,0.0007696747
0.93921256,0.9991604
0.049414124,0.0007547296
0.9320918,0.99914724
0.9158784,0.9991191
0.036872596,0.0007894551
0.92191714,0.99910414
0.93988854,0.99910814
0.052997313,0.00081099366
0.054689493,0.0007934111
0.9315918,0.9990985
0.057656128,0.0008035211
0.042110078,0.0007595648
0.06454493,0.0007920924
0.031109681,0.0007951694
0.9311942,0.9991002
0.045727685,0.0008017628
0.07595314,0.00081099366
0.9443785,0.9991367
0.05084854,0.0007982463
0.9532259,0.9991178
0.07292535,0.0007802242
0.046365038,0.00074330095
0.04231015,0.0007811034
0.068776615,0.0007920924
0.9199199,0.99915427
0.9548889,0.99910593
0.91348326,0.9990963
0.05358143,0.0008022024
0.9250066,0.99912965
0.055509087,0.0007819825
0.93145984,0.9991244
0.054252952,0.0008092354
0.0455811,0.0007652791
0.06448798,0.0007978068
0.92976815,0.99908
0.06956303,0.0007819825
0.9050147,0.9991191
0.04012547,0.0007780264
0.056861542,0.0008044002
0.8991515,0.99910724
0.9449953,0.99911386
0.0516924,0.0007881364
0.06277079,0.0007920924
0.04402486,0.0007938507
0.041790906,0.0007973672
0.063773125,0.0008052793
0.93066055,0.99908966
0.90595835,0.9991165
0.92994225,0.99913317
0.042024404,0.0007780264
0.086591534,0.0007780264
0.041285284,0.0008022024
0.94093496,0.9991112
0.93793416,0.9991147
0.059686545,0.0008092354
0.04570119,0.0007863781
0.9163595,0.99912614
0.93065935,0.9991226
0.93744636,0.999142
0.048867647,0.00080747716
0.9304387,0.99910766
0.92987734,0.9991213
0.9328267,0.9991147
0.9292687,0.9991024
0.9370321,0.9990809
0.06348441,0.0007793451
0.95778096,0.99912924
0.03146649,0.000761323
0.041319206,0.0007696747
0.07178188,0.0007520922
0.07609478,0.00083077396
0.053632192,0.0007498944
0.9215613,0.99911034
0.9443421,0.9990752
0.048652224,0.0007780264
0.05454588,0.0007850594
0.9470965,0.9991578
0.047808364,0.0007876968
0.048873093,0.0007903342
0.0607072,0.0008022024
0.039234314,0.0007630813
0.95347154,0.99912614
0.9330629,0.9991112
0.05420566,0.0007767077
0.050239168,0.0007841803
0.04317431,0.0007876968
0.043067593,0.0007745099
0.065051794,0.00073890534
0.056752592,0.0007507735
0.9264571,0.99909186
0.9364844,0.99908
0.9378616,0.99907076
0.067276336,0.0007846199
0.928802,0.9991534
0.041428156,0.000771433
0.9230086,0.9991187
0.9246386,0.99912924
0.922143,0.9991231
0.039038703,0.0008008837
0.9600798,0.9991169
0.02358724,0.00072747667
0.9451471,0.9991178
0.067305304,0.00080264197
0.9363928,0.99906904
0.06783916,0.000771433
0.05530679,0.0007595648
0.02604949,0.00074901525
0.035795733,0.0007415427
0.9343851,0.9991033
0.95050466,0.9990932
0.9417915,0.99909496
0.056918494,0.0007780264
0.9605124,0.99913055
0.062817596,0.00074286136
0.060403876,0.00074813614
0.044355668,0.00073582836
0.054728366,0.00083560916
0.93911105,0.99911255
0.05479894,0.0007736308
0.09800742,0.00074110314
0.05995347,0.0008175871
0.053097844,0.000806598
0.046574764,0.0007463779
0.044272967,0.0007780264
0.9231116,0.99911207
0.9532705,0.99912876
0.06909133,0.00081934535
0.9323389,0.99909276
0.9595066,0.99908745
0.92895675,0.9991354
0.9237329,0.99909055
0.9550315,0.99912876
0.050452113,0.0007841803
0.050270118,0.0007582461
0.051683735,0.0008008837
0.93426454,0.99912965
0.95075476,0.9991187
0.93471944,0.9990756
0.03178096,0.0007692352
0.95335835,0.99912876
0.92443657,0.99915075
0.057558075,0.0007771473
0.061806593,0.0008044002
0.058874626,0.0007920924
0.045649935,0.00079560897
0.9206068,0.9991191
0.9374768,0.9990985
0.06809445,0.00079560897
0.9492032,0.99910414
0.94349504,0.99904877
0.938702,0.9991204
0.94088715,0.9991411
0.073066734,0.0008149497
0.10603276,0.0008105541
0.9569688,0.99907255
0.9409409,0.9991037
0.94360024,0.99910504
0.039896183,0.0007696747
0.9695841,0.9991209
0.9290627,0.99910504
0.056951426,0.0007951694
0.9311632,0.9990936
0.061910342,0.0008048398
0.05049074,0.0007828616
0.9407562,0.9991613
0.051579736,0.00077407033
0.91719395,0.9990844
0.042007565,0.0007780264
0.92145413,0.99909407
0.9293465,0.99910945
0.08017047,0.00080747716
0.07228874,0.00077055383
0.92443514,0.99913096
0.055394445,0.00080747716
0.04316936,0.0007802242
0.04285836,0.0008017628
0.87730545,0.99912614
0.90805215,0.99909186
0.9178944,0.99908304
0.049971003,0.0008048398
0.10509357,0.0007736308
0.9408312,0.99911255
0.07076469,0.0007934111
0.9498103,0.9991033
0.06919582,0.0008364883
0.9610353,0.99913055
0.9094108,0.9990813
0.060295172,0.0007951694
0.924371,0.99910724
0.052257698,0.0008114332
0.9468425,0.9991002
0.05933246,0.0007771473
0.9084018,0.9990901
0.9505032,0.99917537
0.05880579,0.0008127519
0.05296364,0.0007723121
0.93884116,0.99909097
0.94196975,0.99910635
0.94445676,0.9991222
0.875461,0.99910724
0.93429255,0.99909097
0.95269305,0.9991037
0.9487927,0.9991002
0.95995176,0.9991587
0.06257543,0.0007652791
0.047468144,0.0007907738
0.9519824,0.9991591
0.9424741,0.99912965
0.9376447,0.9991015
0.051718894,0.0007661582
0.05996684,0.00080264197
0.05119198,0.0007824221
0.9565328,0.99913496
0.94427645,0.9990655
0.048512325,0.00073670753
0.074192375,0.0007881364
0.93336475,0.9991182
0.060101047,0.0007107733
0.067404844,0.0007960485
0.049550314,0.00081582885
0.9365027,0.9991006
0.9366399,0.9991428
0.059062313,0.00073802617
0.9395199,0.9991002
0.03138354,0.0007876968
0.9425026,0.99913406
0.08525294,0.0007986859
0.06085428,0.0007938507
0.07190667,0.0008118728
0.05489179,0.00077055383
0.9375169,0.99913055
0.054048672,0.0008149497
0.06010872,0.0007837407
0.058656976,0.000799565
0.05130613,0.000785499
0.91171855,0.9991015
0.061217528,0.0008118728
0.07123763,0.0008092354
0.9442802,0.99913055
0.9412801,0.9990615
0.053969685,0.0007520922
0.064761095,0.0008105541
0.93914425,0.99906415
0.9483148,0.99909097
0.95527935,0.9991112
0.9378797,0.9991266
0.060372427,0.0007868177
0.9564221,0.99914724
0.929135,0.99907297
0.038113624,0.000747257
0.03940913,0.00074813614
0.95457315,0.99911034
0.94317114,0.9991569
0.059709325,0.0008008837
0.9596623,0.9990743
0.053522002,0.0007582461
0.9556436,0.9991604
0.9414039,0.99909145
0.9487241,0.99913716
0.9383467,0.99910283
0.96641374,0.9991279
0.9555084,0.99918854
0.94555885,0.999182
0.06667291,0.0007837407
0.052386455,0.000747257
0.92688525,0.9991266
0.9381538,0.9990985
0.94744617,0.9990971
0.88448,0.9991613
0.062491737,0.0008400048
0.94815236,0.9991217
0.9372114,0.99912
0.054858364,0.000785499
0.058524005,0.00082418055
0.0768906,0.0007960485
0.059420362,0.000775389
0.034626756,0.0008017628
0.9381035,0.9991578
0.052086845,0.0007644
0.94924086,0.999142
0.07296249,0.0008083563
0.93531865,0.9991217
0.9287423,0.999138
0.9428485,0.99910504
0.92199117,0.9991266
0.9284033,0.9991354
0.9215576,0.9990752
0.043499425,0.0008118728
0.026634844,0.00074330095
0.93018514,0.99910283
0.06594047,0.0008149497
0.041433107,0.00076703733
0.05422943,0.00082769705
0.05113775,0.0007978068
0.05205961,0.0007894551
0.04726362,0.0007876968
0.040695965,0.0007837407
0.06230182,0.0007811034
0.9176298,0.9991024
0.9317496,0.99908656
0.9282048,0.99909276
0.059437446,0.00079560897
0.06098799,0.0007731912
0.9367865,0.9990826
0.9429671,0.999149
0.9207093,0.99910414
0.0604066,0.00080747716
0.8996185,0.9991033
0.061249964,0.00080044416
0.041510362,0.0007582461
0.037224203,0.0007116524
0.05433615,0.0007674769
0.035337403,0.0007811034
0.06630916,0.0007938507
0.94754845,0.99910945
0.93705463,0.9991345
0.9396528,0.99908924
0.9391809,0.9991358
0.034097858,0.0007824221
0.04657699,0.00080264197
0.03736361,0.00070769637
0.05527138,0.0007841803
0.061235603,0.00081670796
0.94510424,0.9990923
0.06431861,0.0008022024
0.9020783,0.99910635
0.058308832,0.0008127519
0.9532071,0.9990998
0.10153118,0.00075736694
0.9343628,0.9991367
0.9197491,0.99910724
0.05062247,0.0007885759
0.9171028,0.9991147
0.946168,0.99912524
0.059623897,0.0007934111
0.07603114,0.0007942903
0.046777308,0.0007723121
0.049225446,0.00074901525
0.9280309,0.9990998
0.05900066,0.0007547296
0.9333065,0.9990787
0.93323326,0.99911296
0.05800724,0.0007595648
0.90924066,0.9991235
0.9565397,0.9990945
0.06547422,0.0007969276
0.055999357,0.000771433
0.06439067,0.0007679165
0.9396474,0.99911034
0.9075958,0.9991174
0.030880641,0.0007696747
0.05382607,0.0008013233
0.9293851,0.9991217
0.9353506,0.99908745
0.049196724,0.0007942903
0.93440294,0.9991596
0.047939103,0.0008008837
0.90061414,0.99908656
0.058467798,0.0007938507
0.91194457,0.9991033
0.943266,0.99914813
0.9092986,0.99910855
0.94756895,0.9991358
0.051982105,0.0007868177
0.038096044,0.0007969276
0.92048424,0.9991402
0.9466434,0.9991024
0.06070497,0.0007934111
0.9378638,0.9991187
0.04787101,0.00075297133
0.040542696,0.0007885759
0.06278466,0.0007868177
0.9170003,0.9990752
0.06191356,0.0007942903
0.057532817,0.0007824221
0.05750756,0.0007771473
0.92678,0.9991257
0.9249707,0.99917585
0.94503516,0.99911386
0.9334853,0.99911076
0.94721884,0.9991024
0.94439656,0.99911165
0.94926465,0.99909407
0.049208112,0.00082022446
0.05415094,0.0007863781
0.057990897,0.0007868177
0.11296663,0.0008175871
0.9316624,0.99906635
0.05632447,0.0008044002
0.9405531,0.9991112
0.063715436,0.0007942903
0.048201818,0.00075385044
0.9366691,0.9991055
0.07154467,0.0007894551
0.90814424,0.99910855
0.9723789,0.9991112
0.04463002,0.0007868177
0.06207228,0.0007780264
0.078230925,0.00082418055
0.05013616,0.000747257
0.92569596,0.99911606
0.9438248,0.9991147
0.06934464,0.00082154316
0.9330173,0.99910814
0.066749915,0.0007894551
0.9278301,0.9991323
0.9365275,0.9991033
0.04050159,0.0007942903
0.9523803,0.9990936
0.9433764,0.9991182
0.048005957,0.0008013233
0.04351701,0.0007811034
0.055095576,0.0008052793
0.044373743,0.0007837407
0.9478921,0.9991367
0.06552721,0.0008017628
0.072859235,0.00081846624
0.050140124,0.0007762682
0.068599075,0.0008017628
0.96290034,0.9991143
0.06005895,0.0008101145
0.94419104,0.9991182
0.07734546,0.0007850594
0.04202391,0.00071824586
0.039118927,0.00075297133
0.05132371,0.00080264197
0.9501939,0.99909097
0.06278218,0.0008175871
0.07407352,0.0007745099
0.060232032,0.0007793451
0.041435584,0.00081890577
0.04459288,0.0007767077
0.9307457,0.9990971
0.94839156,0.99911255
0.9489997,0.9991217
0.052878708,0.0007745099
0.06137699,0.0008057189
0.9457349,0.9991226
0.9389283,0.99910855
0.043507844,0.000799565
0.92806286,0.99912614
0.937457,0.9991165
0.01871969,0.00083341135
0.95746154,0.99910945
0.9314648,0.9991037
0.9387783,0.99908835
0.047739778,0.0007986859
0.083964616,0.0007696747
0.048841152,0.00082374096
0.04002989,0.0007978068
0.9432536,0.99913365
0.05515426,0.0007868177
0.9098644,0.999098
0.042124685,0.0007903342
0.9577592,0.99908304
0.034588378,0.0007846199
0.049508467,0.0007824221
0.8884923,0.99911207
0.9388196,0.9991596
0.93722796,0.99910855
0.06659144,0.0007661582
0.052978,0.0007982463
0.07531505,0.0007868177
0.9297355,0.9990844
0.94259495,0.9990787
0.06872709,0.00080396066
0.9242207,0.9991182
0.93793046,0.99912614
0.9069901,0.9990989
0.95092684,0.9991178
0.9317897,0.99910814
0.9344451,0.99909186
0.07689431,0.0007793451
0.97344834,0.99915427
0.05357202,0.00081934535
0.9290526,0.9991015
0.054044712,0.000771433
0.9244267,0.9991068
0.93031293,0.99914813
0.9472179,0.9991385
0.9513842,0.99910283
0.94635916,0.99913096
0.06777131,0.00082593877
0.9551142,0.9991006
0.06802734,0.0007745099
0.94758034,0.99914813
0.9308564,0.9991402
0.9071924,0.9991231
0.055713862,0.00073099317
0.93391764,0.9991046
0.07581696,0.00081451016
0.91983694,0.999149
0.062295876,0.0007846199
0.033930227,0.0007960485
0.060193405,0.0008083563
0.94803995,0.9991442
0.048459087,0.00081363105
0.9248714,0.999149
0.96310043,0.9991407
0.9279032,0.99913406
0.042343576,0.0007661582
0.9527614,0.9991147
0.061751377,0.0007595648
0.04262486,0.0008017628
0.9447447,0.99910593
0.93855935,0.99915165
0.9720043,0.9998101
0.92730147,0.99912834
0.072373174,0.00083341135
0.95851636,0.99917364
0.9442039,0.9991209
0.9676503,0.9991055
0.9473766,0.99912524
0.9375798,0.99912524
0.050648224,0.0007973672
0.039724093,0.0008092354
0.9187321,0.9991182
0.9105508,0.99907255
0.0642062,0.0007890155
0.06309145,0.00080747716
0.938206,0.9990954
0.068998724,0.0007802242
0.06458975,0.00073978445
0.9393339,0.99911386
0.043962214,0.0007687956
0.9540891,0.99904925
0.94220424,0.99915123
0.039299686,0.00083473005
0.06780425,0.0007960485
0.9485478,0.9990444
0.059012793,0.0008057189
0.9346729,0.9991235
0.040887866,0.0007547296
0.06304985,0.000785499
0.04498361,0.0007894551
0.95724267,0.9991618
0.9496192,0.9991257
0.96528757,0.9991134
0.047845755,0.00076220214
0.07189652,0.0007885759
0.93795866,0.99913496
0.071435966,0.0007894551
0.91445065,0.9990936
0.953426,0.9990976
0.036488548,0.0007986859
0.03803761,0.000792532
0.06881821,0.00081099366
0.08076127,0.0008013233
0.9574521,0.9991217
0.97341245,0.9991609
0.8978097,0.99908394
0.052374817,0.0008149497
0.04779945,0.00076703733
0.9425771,0.99909276
0.9401716,0.99913406
0.87815624,0.9992035
0.04183845,0.0007520922
0.042299252,0.00074901525
0.053597774,0.0007758286
0.93619174,0.9991182
0.05217425,0.0007828616
0.048310768,0.00077055383
0.9568465,0.9991011
0.94185656,0.99913365
0.94456965,0.99911034
0.93938935,0.9991169
0.9571971,0.9990945
0.046501223,0.0007934111
0.9381028,0.9990769
0.05702769,0.0008052793
0.045279752,0.0007916529
0.052193567,0.00075033394
0.9488788,0.99910593
0.07373603,0.0007894551
0.053334065,0.0007846199
0.9090946,0.9991165
0.058476467,0.0007731912
0.06239492,0.00081582885
0.03491473,0.0007793451
0.063883066,0.0007767077
0.9072717,0.9990365
0.97668266,0.9990835
0.09086358,0.0007841803
0.97435856,0.9991358
0.9319979,0.99908745
0.93984574,0.99908745
0.9702088,0.9991385
0.94735503,0.9991257
0.047157887,0.0007652791
0.09993557,0.0008118728
0.049763013,0.0007802242
0.9775686,0.99912
0.0641797,0.0008175871
0.92530346,0.99908483
0.08205875,0.0007960485
0.9386205,0.99911034
0.053513337,0.0008048398
0.931236,0.9991147
0.07034399,0.0007912133
0.95570105,0.9991279
0.96176183,0.9990936
0.938935,0.99910814
0.90749997,0.9990985
0.06816328,0.0008035211
0.055892885,0.0008048398
0.058349937,0.0007661582
0.9389692,0.9991024
0.9284833,0.9991367
0.06894029,0.0007894551
0.93213856,0.9991165
0.05206555,0.0007687956
0.95304245,0.9991244
0.93414694,0.99910766
0.93524486,0.9990963
0.05188752,0.0007604439
0.9790491,0.99911386
0.06841386,0.0007907738
0.9262365,0.9990998
0.9392752,0.9990826
0.94482344,0.9990901
0.07503475,0.00073319103
0.059753895,0.00072088325
0.93043476,0.9991134
0.05214652,0.0008197849
0.051304393,0.00074066356
0.96656823,0.9991235
0.8980558,0.9990998
0.9487127,0.99913317
0.9273948,0.9991389
0.9297761,0.9991002
0.9263378,0.9991165
0.92201024,0.9990813
0.9475863,0.9991213
0.9241895,0.99909186
0.07001938,0.0007903342
0.04139349,0.00072747667
0.06732437,0.0008035211
0.9622239,0.9990998
0.9482259,0.9991182
0.05078961,0.00082505966
0.93633384,0.99912745
0.03973796,0.0007969276
0.04774869,0.0007582461
0.9425501,0.99908304
0.9575388,0.9991046
0.95079386,0.99914855
0.9518789,0.99919736
0.9482672,0.99908394
0.053600498,0.0007534109
0.9252438,0.99912524
0.93387383,0.99910724
0.9276704,0.9990954
0.06582632,0.00081582885
0.042438164,0.000799565
0.9251621,0.9991174
0.9167537,0.9990971
0.9234023,0.9990989
0.06688486,0.0007973672
0.92265576,0.99906635
0.061053853,0.0008118728
0.93383247,0.9991187
0.0875535,0.0007793451
0.9473679,0.99910945
0.053171385,0.0007916529
0.07368874,0.000785499
0.9460972,0.99911034
0.042405974,0.00071956456
0.055944882,0.00080747716
0.9302025,0.9991182
0.9495665,0.99913627
0.9282756,0.99913716
0.91884035,0.99908745
0.9341011,0.99911296
0.05592953,0.0008233014
0.046121385,0.00074066356
0.034207303,0.00077055383
0.92434204,0.99908656
0.070603244,0.0008017628
0.0700689,0.0007828616
0.05414673,0.00076088344
0.9452479,0.9991618
0.06666374,0.00075253175
0.92045105,0.9991323
0.9182582,0.99919033
0.8970646,0.999142
0.949019,0.99913716
0.05695415,0.00081099366
0.053843156,0.0007723121
0.92468077,0.99910504
0.050308254,0.000799565
0.038873296,0.0008017628
0.06470365,0.0008013233
0.91256535,0.9991231
0.049245503,0.00075736694
0.05801566,0.0007652791
0.9084258,0.99911255
0.92502767,0.9990822
0.9410469,0.9990985
0.92831767,0.9990743
0.06163797,0.0008083563
0.947407,0.99907076
0.9217832,0.9991169
0.026860913,0.0007498944
0.934222,0.99914855
0.9316797,0.99912524
0.93592626,0.99912
0.072514564,0.00076220214
0.038552888,0.0007569274
0.9443602,0.99910766
0.056744173,0.00081363105
0.06361886,0.0007920924
0.9461878,0.99908483
0.062246848,0.0007951694
0.076945074,0.0007942903
0.06754351,0.00079560897
0.038207717,0.0007912133
0.06397889,0.0007811034
0.06904601,0.0007811034
0.9404415,0.9991165
0.056372013,0.0008092354
0.032941017,0.0007415427
0.085511945,0.00075736694
0.95045733,0.9990985
0.06064183,0.0007837407
0.0420145,0.0006800039
0.06282477,0.0007942903
0.041488573,0.0007868177
0.05768064,0.0007687956
0.9550736,0.9990835
0.08783677,0.00081099366
0.03560928,0.00074549875
0.9375328,0.9991002
0.91439646,0.99911255
0.9629256,0.9990809
0.060110454,0.0008013233
0.03701225,0.0007498944
0.9273542,0.9991015
0.91348624,0.9991196
0.06250585,0.00082681794
0.05179392,0.00083209266
0.04974766,0.0007881364
0.06565349,0.0007687956
0.05532709,0.0007868177
0.08354962,0.0008092354
0.044781808,0.0007828616
0.08071719,0.0007876968
0.9285371,0.9991222
0.9388258,0.9991156
0.05424701,0.0007863781
0.04668297,0.0008013233
0.059503064,0.0007960485
0.05677463,0.0007520922
0.06255191,0.00080044416
0.9452464,0.99915737
0.054989845,0.0007934111
0.036716353,0.0007745099
0.04903404,0.0007894551
0.06046751,0.0008008837
0.034867436,0.0007811034
0.050477616,0.0007780264
0.049557246,0.0007828616
0.9304303,0.99913096
0.050833438,0.00082593877
0.92837733,0.9991226
0.056112517,0.0007811034
0.9331342,0.9991455
0.93658614,0.9991191
0.06368374,0.0007876968
0.94673777,0.9991385
0.92912936,0.9991235
0.9418729,0.9990813
0.93165296,0.9991191
0.055222105,0.000785499
0.050314195,0.0008101145
0.040660806,0.00077055383
0.07203197,0.0007692352
0.061070196,0.0008044002
0.0299568,0.000761323
0.9312994,0.9991156
0.92892087,0.99915516
0.05332614,0.0007876968
0.93590075,0.99910814
0.03735123,0.00075297133
0.054702617,0.0007661582
0.9326395,0.9991178
0.06247465,0.00077055383
0.93889046,0.9991653
0.067938946,0.0007745099
0.060614593,0.00075648783
0.95057374,0.9990936
0.92345655,0.99908924
0.06114151,0.0007828616
0.94235975,0.99912524
0.94785845,0.9990967
0.06772699,0.0008030815
0.93778557,0.99910593
0.9414485,0.9990879
0.9575997,0.99917537
0.07419312,0.0007679165
0.05605111,0.0007665978
0.06337472,0.0008092354
0.04341375,0.0007960485
0.07862735,0.00075648783
0.96244496,0.99911076
0.08895127,0.00075429
0.041726526,0.0007674769
0.037296258,0.0007687956
0.921856,0.99914634
0.93238616,0.9991358
0.048879284,0.0007604439
0.9299281,0.9990778
0.052316133,0.000799565
0.9165727,0.9991222
0.049984623,0.0007837407
0.042575587,0.0007868177
0.05540806,0.0007793451
0.95242786,0.999102
0.08099575,0.0008030815
0.928958,0.99912
0.056301445,0.0007903342
0.06646219,0.0007679165
0.05294829,0.0007793451
0.055547964,0.0008092354
0.95293766,0.9990936
0.034222655,0.00073978445
0.94585973,0.99911386
0.91851324,0.9990985
0.05322388,0.00073011406
0.042684287,0.0008008837
0.9473679,0.9991385
0.05379388,0.0008008837
0.05524464,0.0008035211
0.9496727,0.9991442
0.054182384,0.0007665978
0.9589977,0.9990795
0.061846707,0.00081319147
0.8922364,0.99912876
0.06156369,0.000778466
0.060485587,0.0007806638
0.92730045,0.99910945
0.9347246,0.99912965
0.9468551,0.99910855
0.05131108,0.0007828616
0.052588753,0.0008008837
0.9598493,0.9991648
0.04903355,0.0007604439
0.86401665,0.9991112
0.060020078,0.000747257
0.93807924,0.99913096
0.948451,0.9991011
0.07246925,0.0007942903
0.93747234,0.9991156
0.9460479,0.99909186
0.046263516,0.00077055383
0.05257365,0.0007815429
0.041287016,0.000799565
0.907368,0.99917054
0.025554018,0.00080615847
0.072047815,0.0007846199
0.054907143,0.0007582461
0.9428354,0.99910504
0.058200628,0.0007811034
0.056617398,0.0008118728
0.91295534,0.9991002
0.067623734,0.000778466
0.05983511,0.00082769705
0.069620475,0.000799565
0.09610279,0.0008008837
0.9313719,0.99912703
0.05149134,0.00075033394
0.95312786,0.99913144
0.0542376,0.0007986859
0.04904791,0.00076220214
0.059428286,0.00080264197
0.91827554,0.9990774
0.058963764,0.0007960485
0.05456098,0.0007903342
0.9398301,0.9991248
0.9182414,0.99909276
0.9357582,0.99906766
0.055582132,0.00081890577
0.95975393,0.99908656
0.9352025,0.99909496
0.9545997,0.9991248
0.041751042,0.0008013233
0.052211147,0.0007837407
0.9188661,0.99912745
0.9471733,0.99911207
0.9569861,0.9991402
0.06722582,0.0008057189
0.051493075,0.00077407033
0.059543177,0.0007960485
0.059508264,0.00084484
0.9602224,0.99913096
0.9499567,0.9990813
0.09284125,0.0007920924
0.059414666,0.00082549924
0.057609577,0.00082154316
0.08297962,0.0007982463
0.039331626,0.00072835584
0.065760456,0.00082374096
0.936887,0.9991376
0.9412054,0.99908394
0.06769208,0.0008022024
0.09113273,0.0007868177
0.94012505,0.9991174
0.048385546,0.00077055383
0.9607481,0.99911165
0.084205054,0.0008017628
0.054640714,0.00073670753
0.045608584,0.000775389
0.059594184,0.0007846199
0.9367966,0.99910945
0.929835,0.99911207
0.06394794,0.00082505966
0.03504423,0.0007894551
0.0797109,0.0008048398
0.9324706,0.99912614
0.9359089,0.99906415
0.9377769,0.9990752
0.050789855,0.0008035211
0.9748622,0.9991191
0.9255625,0.99910814
0.94826627,0.9991006
0.06440701,0.0007639604
0.07237491,0.00074593833
0.96932614,0.9991143
0.92231184,0.99911207
0.9223839,0.99908924
0.9351498,0.9991068
0.028389916,0.0007793451
0.055397414,0.0007802242
0.04081977,0.00072835584
0.041682206,0.00082242227
0.045107912,0.00079560897
0.9618636,0.9991569
0.9684904,0.99915606
0.056120194,0.0008022024
0.0400705,0.00073319103
0.07228874,0.0007978068
0.9429054,0.999098
0.94693977,0.99910766
0.061403483,0.0007687956
0.058472503,0.0007780264
0.070350185,0.0007811034
0.05848736,0.0007819825
0.9259802,0.99908876
0.061747417,0.0007745099
0.9436577,0.99911296
0.9501149,0.9991226
0.93069226,0.99910814
0.06387762,0.0007969276
0.09542631,0.0008127519
0.056428965,0.00080264197
0.9316094,0.9990954
0.030979438,0.0007723121
0.059342116,0.000792532
0.9407359,0.99910283
0.043587822,0.0008008837
0.068468586,0.00073099317
0.054819487,0.0007885759
0.05997204,0.0007793451
0.05218267,0.0008044002
0.062656894,0.00073978445
0.05577007,0.0008030815
0.04616645,0.0007811034
0.9251579,0.99913317
0.94581145,0.99913317
0.96096975,0.9991187
0.9117054,0.9990985
0.03371604,0.0007762682
0.9525368,0.99908924
0.9281978,0.9990998
0.90020233,0.99912965
0.10105948,0.00077055383
0.89639634,0.99913186
0.9531259,0.9991196
0.94487697,0.99915737
0.058245443,0.0007762682
0.9401332,0.9991354
0.9325979,0.99910945
0.0349026,0.0008017628
0.054257907,0.0007833012
0.894616,0.99915075
0.05843462,0.0007498944
0.06253804,0.0008044002
0.9596123,0.9991446
0.05518001,0.0008149497
0.9250509,0.99907297
0.9321378,0.9990809
0.06354285,0.000799565
0.045668505,0.00080264197
0.03815646,0.0007679165
0.05089113,0.0007639604
0.07742965,0.0007661582
0.065945916,0.00074769655
0.94724756,0.99917054
0.93310744,0.99911034
0.9200885,0.99906987
0.93036395,0.9990879
0.9416285,0.99912524
0.05650077,0.0007986859
0.934529,0.9990954
0.9462596,0.9991046
0.9226028,0.9991367
0.9276248,0.9990976
0.94374186,0.99913365
0.04883843,0.0007986859
0.062408786,0.0008035211
0.070568085,0.0007806638
0.93868613,0.99906504
0.92665344,0.9991244
0.958139,0.99913055
0.951789,0.99914724
0.043939434,0.0007595648
0.9387837,0.99913496
0.92380494,0.9991156
0.9179165,0.99910593
0.04804954,0.0007604439
0.090805136,0.00075297133
0.03200802,0.0006786852
0.92691743,0.9990567
0.047206666,0.0008035211
0.056157336,0.00082418055
0.9332788,0.9991147
0.05884813,0.00073275145
0.8920059,0.99915826
0.073137306,0.0008035211
0.032786507,0.000761323
0.9674153,0.99915737
0.049624845,0.0007652791
0.057090335,0.0007771473
0.06300454,0.0007912133
0.93895555,0.9991182
0.041800067,0.00081099366
0.052833643,0.0007679165
0.06347475,0.0008118728
0.93931955,0.99904704
0.9243762,0.99911606
0.93709695,0.99913406
0.061834328,0.0007969276
0.966022,0.9991745
0.062048264,0.0007951694
0.93776107,0.99909407
0.04784724,0.0007547296
0.033176497,0.00077407033
0.9620238,0.9991622
0.9301965,0.9991187
0.1250117,0.0007556087
0.042970777,0.0007498944
0.046881057,0.00081099366
0.06957566,0.0008083563
0.9493186,0.99911386
0.94022804,0.99908394
0.071774945,0.0008092354
0.051483665,0.0007846199
0.048527677,0.00062505854
0.94182736,0.99914813
0.053332333,0.00076000433
0.9367582,0.99915206
0.9349958,0.99913496
0.04974147,0.0007661582
0.92989343,0.99911034
0.944114,0.99912876
0.94334275,0.9991657
0.054786555,0.00080747716
0.9321024,0.99913496
0.9425957,0.99923694
0.044943746,0.0007920924
0.057225037,0.0007876968
0.05886398,0.00080615847
0.92463815,0.9991648
0.9214707,0.99910855
0.95183384,0.9991279
0.9384066,0.99911255
0.96497655,0.9990633
0.03482757,0.0007876968
0.07309199,0.0007876968
0.05077599,0.0007894551
0.93608624,0.9990809
0.955602,0.9990936
0.061868746,0.0007863781
0.032723613,0.0007802242
0.92972016,0.99915385
0.055661865,0.0007582461
0.9203369,0.99911076
0.94219977,0.99910986
0.06852578,0.0007793451
0.9552167,0.99911606
0.95399004,0.9990646
0.04746542,0.0007846199
0.064856924,0.0008127519
0.940154,0.9990901
0.92870295,0.9991134
0.9410028,0.99908614
0.93745553,0.9991143
0.951845,0.9991367
0.044049866,0.0007767077
0.95408416,0.9991455
0.8915966,0.9991648
0.88888156,0.99914634
0.052740045,0.0007894551
0.055262465,0.0008118728
0.05147079,0.0007582461
0.9329188,0.9991024
0.08505238,0.0007723121
0.056864515,0.0007692352
0.93429774,0.99910724
0.9440056,0.99910855
0.04500862,0.00081934535
0.071331225,0.00082769705
0.04926754,0.0008400048
0.93973976,0.9990998
0.92881984,0.99912614
0.03555159,0.0007692352
0.04722425,0.0007903342
0.05262317,0.0007947298
0.049786285,0.0007723121
0.05409572,0.0008083563
0.0458552,0.0007556087
0.060404617,0.0007780264
0.044054817,0.00081846624
0.049432945,0.00081363105
0.04919821,0.00080264197
0.89576143,0.99912
0.037421055,0.0007696747
0.043560587,0.0007674769
0.95878035,0.9991596
0.063827604,0.0008175871
0.9067178,0.9990963
0.054344073,0.0007894551
0.045299068,0.000771433
0.047012787,0.0007811034
0.045307238,0.0007885759
0.93600523,0.99913317
0.9233533,0.9991226
0.9340182,0.9990809
0.9447024,0.9991424
0.05931364,0.000775389
0.9515741,0.99916923
0.9498034,0.99910635
0.024714863,0.00075297133
0.06644535,0.00083912566
0.94949293,0.9991393
0.93408877,0.99912876
0.044550043,0.000785499
0.057999317,0.0007969276
0.037716456,0.0007758286
0.9357643,0.99907255
0.055473432,0.0007947298
0.025697634,0.00076088344
0.9374751,0.99911207
0.944504,0.99914813
0.048449926,0.000799565
0.9023699,0.99912745
0.049341824,0.0007723121
0.04442574,0.0008105541
0.93855196,0.9990835
0.9659432,0.9991266
0.948918,0.99910855
0.88234854,0.99915516
0.053005982,0.0007881364
0.053271174,0.0007512131
0.9730388,0.99917054
0.052864842,0.00073670753
0.06745263,0.000806598
0.05736692,0.0007973672
0.9440108,0.99911386
0.9599867,0.9991178
0.052166082,0.0007701143
0.0419521,0.0007841803
0.0481778,0.0007604439
0.048364747,0.00080044416
0.94003665,0.99908483
0.04354053,0.000799565
0.08976839,0.00080747716
0.058335822,0.0007485757
0.040823486,0.000778466
0.9206734,0.9990976
0.9608769,0.9991147
0.9574655,0.99913627
0.07121163,0.00081846624
0.9062423,0.99910414
0.07139511,0.0007771473
0.9462554,0.9991046
0.047525343,0.0007828616
0.9487689,0.9991639
0.9477428,0.9991789
0.9381444,0.9991006
0.045127224,0.0007885759
0.058929596,0.00075736694
0.08240689,0.00074286136
0.052368134,0.0007881364
0.9362937,0.9991279
0.051670365,0.0007837407
0.04310597,0.0007762682
0.9142919,0.99912965
0.057758145,0.0007806638
0.93894565,0.99911255
0.9488833,0.99913716
0.95816207,0.9991147
0.0548804,0.0007758286
0.062001713,0.0007881364
0.9045715,0.99913317
0.06057423,0.0007951694
0.94358194,0.99908656
0.9312273,0.9990901
0.92064935,0.99910945
0.93144745,0.9991231
0.92420954,0.99908173
0.054458965,0.0007415427
0.9653549,0.9990782
0.93612784,0.9991191
0.9286217,0.9990936
0.9462502,0.9990857
0.91214913,0.9991279
0.06848443,0.00076220214
0.9489071,0.99919647
0.89539474,0.9991376
0.025336368,0.00082901574
0.03718929,0.00077407033
0.95256877,0.9991644
0.9156588,0.99908924
0.046336807,0.00073143275
0.05525776,0.0007692352
0.053712666,0.0008044002
0.94451195,0.9991226
0.061152406,0.0008083563
0.91955173,0.9991147
0.045946326,0.00082769705
0.96623665,0.9991613
0.9484695,0.99917233
0.94922155,0.9991191
0.967937,0.99915475
0.09252183,0.00080747716
0.9380652,0.9991398
0.05478631,0.0007604439
0.9564196,0.99909097
0.050006907,0.0008149497
0.05494973,0.0007679165
0.06718076,0.0007828616
0.04680306,0.00075429
0.07894553,0.0008149497
0.93107456,0.99909496
0.07744376,0.000792532
0.058643356,0.0008092354
0.04936906,0.0008149497
0.062101252,0.0008092354
0.9592785,0.9991591
0.9310127,0.999185
0.933675,0.9991428
0.91191936,0.9991187
0.06702278,0.000785499
0.96279436,0.9991015
0.9405056,0.9991367
0.9133228,0.9991393
0.92903125,0.99913317
0.92507917,0.9991011
0.03510737,0.0007942903
0.95337373,0.9991011
0.054212347,0.0007969276
0.03131842,0.00072396017
0.0579181,0.00081934535
0.9383078,0.9991112
0.04122338,0.0007942903
0.940486,0.9990993
0.9381253,0.99904656
0.93526465,0.99910593
0.0649733,0.0007802242
0.045358248,0.0007837407
0.914518,0.99910504
0.05499876,0.0007947298
0.039450727,0.0007639604
0.0416411,0.0007661582
0.95854163,0.99912965
0.9510063,0.9991393
0.9397137,0.9990795
0.07240858,0.0007639604
0.88364184,0.9990752
0.94161814,0.99913627
0.95106673,0.9990857
0.9281488,0.9990945
0.060087178,0.00074066356
0.9248402,0.9991143
0.0430562,0.0007595648
0.9558085,0.99912393
0.9298717,0.9991428
0.9210614,0.9990998
0.032262065,0.0007107733
0.047330968,0.0007604439
0.92136747,0.9991169
0.09174681,0.0007661582
0.041846372,0.0007894551
0.93812484,0.9991376
0.058084,0.000799565
0.040511742,0.000799565
0.94903535,0.99912703
0.9137096,0.9991428
0.057188142,0.00082901574
0.9300965,0.9991147
0.973325,0.9991534
0.9424048,0.99912524
0.94074184,0.99910986
0.9364579,0.99914503
0.93486255,0.9990967
0.9280096,0.9991565
0.91579866,0.99910414
0.947748,0.99911517
0.073755346,0.0007912133
0.06345544,0.0007912133
0.93681175,0.9991182
0.9172291,0.9991187
0.04583267,0.0007942903
0.907837,0.99906415
0.053107254,0.00080044416
0.927195,0.99911034
0.9318808,0.99909097
0.03998012,0.000771433
0.9274951,0.99912703
0.9468316,0.9991407
0.93538105,0.9991231
0.887204,0.9990976
0.056564905,0.0007819825
0.031130977,0.00073407014
0.05319689,0.0008079167
0.940207,0.99912965
0.92480505,0.99908656
0.94860893,0.9991398
0.064403795,0.0007920924
0.9351735,0.9990826
0.9495211,0.99915206
0.05824594,0.00076352083
0.0715308,0.0007894551
0.06320833,0.0007885759
0.038669016,0.000719125
0.09616494,0.0007802242
0.045794785,0.0007912133
0.05074801,0.0007824221
0.03957899,0.000792532
0.059111588,0.0007885759
0.053755503,0.0007938507
0.08048469,0.00081231236
0.91492313,0.99912393
0.0577522,0.0008052793
0.061821204,0.0008149497
0.9134174,0.9991279
0.9194977,0.9991156
0.94323426,0.99909186
0.93395454,0.99913317
0.96677524,0.9991182
0.06438423,0.0007498944
0.03808837,0.0007868177
0.9723559,0.99916834
0.9345451,0.99910945
0.05656614,0.00080615847
0.049043946,0.00081582885
0.89350617,0.9991468
0.05384192,0.0007876968
0.07195421,0.00081934535
0.062311724,0.0007736308
0.08488994,0.0007868177
0.03920906,0.00077055383
0.9650026,0.99914724
0.94702643,0.99915516
0.050537046,0.0008162684
0.041259285,0.00073143275
0.90907454,0.99906594
0.9290397,0.9991411
0.9391769,0.99911296
0.039560914,0.0007920924
0.060469244,0.0007780264
0.9735952,0.9991174
0.95066905,0.9990945
0.9350299,0.99911034
0.044230375,0.0007969276
0.09089304,0.0007894551
0.928545,0.99908745
0.034594074,0.0007498944
0.05406774,0.000761323
0.93539244,0.9991398
0.9306086,0.99908835
0.9503987,0.9990985
0.94308895,0.999098
0.9444721,0.99913055
0.057572186,0.00081363105
0.94062126,0.99913055
0.057974555,0.0007674769
0.9400807,0.9991235
0.9483913,0.99910986
0.060123578,0.0008017628
0.057771515,0.0008079167
0.048107974,0.0007876968
0.06671772,0.00080615847
0.04539514,0.00076220214
0.8910541,0.9990993
0.93771356,0.9991644
0.9692667,0.9992242
0.9438585,0.9991156
0.944511,0.99910414
0.054637,0.0007894551
0.8863009,0.99914813
0.050437506,0.00080396066
0.92515767,0.99908
0.92167425,0.9991182
0.089145645,0.0007850594
0.9308143,0.99908304
0.9197099,0.99912524
0.065404885,0.0007780264
0.9308978,0.9991015
0.038929507,0.0007696747
0.94500446,0.9991323
0.032811515,0.00064220146
0.9571875,0.99912834
0.9325781,0.9990835
0.048031215,0.0007942903
0.038526393,0.00076220214
0.05828085,0.00075648783
0.092106834,0.000806598
0.061037514,0.00081099366
0.9527243,0.9990826
0.05521839,0.0008052793
0.9166554,0.9991037
0.9320737,0.9991024
0.9702185,0.9991459
0.05767668,0.0007863781
0.92897534,0.99912965
0.9359161,0.9990646
0.07009738,0.0007890155
0.0637709,0.000799565
0.9339746,0.9990932
0.9344713,0.99900746
0.0621015,0.0007819825
0.05016835,0.00074901525
0.033183925,0.00083473005
0.047311656,0.0007903342
0.03821069,0.00073187234
0.9336212,0.9991648
0.9456208,0.9991407
0.04013983,0.0007745099
0.056077108,0.0007903342
0.94711953,0.99907386
0.050455086,0.0007881364
0.8933029,0.99912703
0.94769895,0.99911034
0.018195247,0.0008035211
0.046081766,0.0007687956
0.94482344,0.9990813
0.0492715,0.0008052793
0.060590573,0.000799565
0.060006954,0.0008044002
0.9467719,0.9990778
0.9484787,0.9991442
0.057848025,0.00081538927
0.057178732,0.0007604439
0.9256769,0.9991147
0.060040627,0.00079560897
0.052303754,0.0007894551
0.9343158,0.9991156
0.946137,0.99911034
0.07376426,0.0007876968
0.9435188,0.99911034
0.9130118,0.9991174
0.93467337,0.99913096
0.05823777,0.0007771473
0.043733418,0.0007661582
0.055438023,0.0008083563
0.947202,0.9991433
0.93635863,0.9991222
0.065695085,0.0007876968
0.068032295,0.0007745099
0.9368798,0.99908876
0.9283038,0.9990752
0.05954417,0.0007595648
0.05938124,0.00082286185
0.057180714,0.0007731912
0.0981446,0.0008101145
0.9308549,0.99908876
0.937713,0.9990963
0.046396237,0.00081846624
0.06529074,0.0007881364
0.089677766,0.00081846624
0.9225701,0.9990804
0.9249831,0.9991033
0.065986775,0.0007912133
0.9473855,0.9990954
0.91731006,0.99910593
0.92496526,0.9991015
0.9416872,0.9990963
0.9392299,0.9991187
0.9199105,0.9991037
0.04812209,0.0007723121
0.93121296,0.99911034
0.063908815,0.0007920924
0.050433792,0.00080747716
0.056917254,0.0007815429
0.05662334,0.0008035211
0.07507561,0.0008083563
0.05653395,0.00081231236
0.95663553,0.99911255
0.9434985,0.99908483
0.9535592,0.99911034
0.059547137,0.00077407033
0.938386,0.9991156
0.06327295,0.0007934111
0.96448284,0.9990901
0.04746666,0.0007793451
0.93286407,0.9991217
0.052601878,0.0007819825
0.053478178,0.0007841803
0.059121743,0.0007771473
0.93203455,0.9991231
0.92634124,0.99912
0.91872764,0.99912965
0.05419006,0.0008101145
0.05351507,0.00081538927
0.06602119,0.0007934111
0.04124195,0.0008030815
0.059455276,0.0008149497
0.03706598,0.00084527954
0.9591045,0.999138
0.93956244,0.99910855
0.9285801,0.9991068
0.9311642,0.99909097
0.9388352,0.9991345
0.9331089,0.99910593
0.9217654,0.9990976
0.94053286,0.9990813
0.93143904,0.9991037
0.06640252,0.0007942903
0.026396642,0.000761323
0.93135583,0.99909407
0.94400066,0.99916744
0.9255278,0.99913317
0.9425761,0.99910945
0.9391393,0.9990945
0.036179777,0.000771433
0.97889185,0.9991802
0.92401564,0.99910945
0.04709351,0.0007569274
0.061974227,0.00082242227
0.04746889,0.0007846199
0.05774725,0.0007876968
0.955423,0.99912965
0.9243202,0.9991323
0.93768924,0.9991376
0.927404,0.9990752
0.09821244,0.0007745099
0.9302287,0.9990998
0.9177642,0.9990985
0.94381124,0.9990936
0.053966712,0.00073802617
0.053055752,0.00082154316
0.0494478,0.00081670796
0.9265111,0.9991231
0.061781835,0.00081670796
0.07311155,0.0007780264
0.068127625,0.00083253224
0.061019685,0.0007771473
0.937926,0.99912965
0.94832915,0.99912703
0.05605507,0.0007824221
0.060109958,0.0007986859
0.05766405,0.00080264197
0.04638534,0.0007934111
0.059510738,0.000778466
0.9561304,0.99911296
0.04692365,0.0007696747
0.040103927,0.00082505966
0.90314865,0.9990923
0.93184316,0.99917275
0.9581789,0.99913716
0.0603078,0.00079560897
0.93181145,0.9991345
0.045691036,0.0007903342
0.05294556,0.0008017628
0.9191429,0.9991231
0.08222465,0.0007604439
0.056060024,0.0007731912
0.052400075,0.0008017628
0.054497346,0.00080747716
0.07389153,0.0007679165
0.047614235,0.0007819825
0.048464783,0.0007960485
0.04311513,0.00074242183
0.043914672,0.0008175871
0.0345859,0.00080396066
0.9445602,0.99915427
0.04601392,0.000775389
0.058841694,0.0007780264
0.056998968,0.0008083563
0.9449064,0.9990646
0.94971627,0.9991147
0.025529506,0.00072659756
0.049636975,0.000806598
0.025797421,0.0008044002
0.057763096,0.0007745099
0.05967045,0.00086066424
0.038393922,0.00080044416
0.05509434,0.000806598
0.92328423,0.9991266
0.04418754,0.0007771473
0.9259502,0.9991068
0.9362729,0.9991235
0.92985237,0.9990752
0.04651385,0.00082022446
0.05330361,0.0007934111
0.9634686,0.99911386
0.9365104,0.99911076
0.045951772,0.00072571845
0.9325647,0.9991015
0.053886488,0.0008030815
0.9502043,0.9991323
0.03987043,0.0007934111
0.0545746,0.0007793451
0.036423426,0.0007696747
0.052688543,0.00081670796
0.06592883,0.0007960485
0.06275148,0.0007828616
0.95367014,0.9991015
0.9235479,0.9990985
0.89875925,0.9990989
0.95401603,0.99912965
0.066890806,0.0008008837
0.044180606,0.0007969276
0.051207826,0.0007582461
0.06577581,0.0007885759
0.95176625,0.9991002
0.05902963,0.00075648783
0.9382558,0.99908656
0.8885527,0.9990633
0.042393096,0.0007736308
0.9275976,0.9991024
0.07108411,0.0007556087
0.93123055,0.9991024
0.056930624,0.0008149497
0.9274889,0.99911034
0.04661983,0.00080615847
0.9339756,0.9991807
0.08631495,0.0008017628
0.050171323,0.000771433
0.9243754,0.9991147
0.9247662,0.9991182
0.94406056,0.99905497
0.9294894,0.9991393
0.051104322,0.0007885759
0.9677617,0.99910724
0.04691102,0.0007916529
0.06511691,0.0007863781
0.057318136,0.0008044002
0.035106875,0.0007828616
0.025869723,0.00074901525
0.9179098,0.9991182
0.049703088,0.000778466
0.94855374,0.9990967
0.043277565,0.0008083563
0.949508,0.99912924
0.9528572,0.9991068
0.053762436,0.0008044002
0.90724987,0.99907297
0.951142,0.9991169
0.03960623,0.00082154316
0.9506956,0.99914724
0.97155905,0.9990879
0.036341716,0.0007850594
0.93838453,0.9991367
0.93137616,0.9991165
0.06871595,0.0007920924
0.03745473,0.0007903342
0.044456445,0.000799565
0.97713405,0.99913055
0.9344354,0.9991187
0.9070523,0.9991196
0.93983555,0.9990963
0.04865767,0.0007833012
0.06721641,0.0007793451
0.04727897,0.0008017628
0.05090747,0.00080615847
0.06951524,0.000761323
0.059574127,0.0007793451
0.050715078,0.00080615847
0.05431956,0.0007938507
0.04450275,0.0008017628
0.02688196,0.00076352083
0.95528454,0.99912614
0.92006177,0.99908745
0.94488215,0.9991226
0.06193164,0.0007780264
0.051749103,0.0007920924
0.045222554,0.0007767077
0.9393423,0.99910504
0.05906578,0.0007762682
0.9392822,0.9991266
0.059313145,0.0008149497
0.04992693,0.00075297133
0.06180313,0.0007969276
0.09678372,0.0007960485
0.042936854,0.0007903342
0.90936273,0.9991147
0.059034333,0.0008035211
0.9390615,0.9991015
0.9311746,0.99907035
0.05737261,0.00083473005
0.04703953,0.0007920924
0.050529122,0.0007978068
0.92931676,0.9991033
0.05301638,0.0008127519
0.9420923,0.9991213
0.061977696,0.0007934111
0.9199058,0.99913496
0.080484934,0.0007833012
0.93529236,0.9991222
0.9392383,0.9990857
0.9385309,0.99909097
0.06439835,0.00080747716
0.9440016,0.9990857
0.9454291,0.99910635
0.053817652,0.0008052793
0.92807746,0.99910855
0.92407805,0.99906814
0.046568077,0.0007942903
0.96969086,0.9991147
0.9098077,0.9990936
0.06150129,0.0007868177
0.058037944,0.000799565
0.0442227,0.0007679165
0.045595706,0.0007868177
0.92381114,0.9991345
0.065160744,0.000785499
0.96044827,0.99914813
0.05494379,0.00080044416
0.9335487,0.9991257
0.057372116,0.0007841803
0.058766667,0.0007947298
0.9371596,0.9991323
0.04285415,0.00082505966
0.058073353,0.0007951694
0.9217968,0.9991433
0.93610704,0.9991596
0.047378264,0.0007934111
0.93576854,0.9990558
0.9266195,0.9990967
0.07699782,0.0007868177
0.9549258,0.9990998
0.95876104,0.9991402
0.051273193,0.0007604439
0.066304706,0.00081846624
0.90053713,0.99908745
0.9177439,0.9991156
0.059993334,0.000806598
0.94035256,0.9990963
0.9300287,0.99910414
0.05594389,0.0008114332
0.93723315,0.99913716
0.080529995,0.0007828616
0.9395201,0.9991323
0.039603256,0.0007745099
0.0354778,0.0007687956
0.0459488,0.00073407014
0.066357695,0.00076000433
0.055060167,0.00075033394
0.066879414,0.0007890155
0.9502026,0.9990989
0.93728465,0.99909407
0.06001587,0.0007846199
0.041250616,0.0007960485
0.9183664,0.9992053
0.9289862,0.9990813
0.067968905,0.0007841803
0.053112205,0.00074901525
0.05840961,0.00080747716
0.03131941,0.0007679165
0.06225873,0.00074813614
0.9504878,0.9991596
0.07630772,0.000761323
0.91984785,0.99908876
0.9625183,0.9991358
0.93268085,0.99908304
0.9688267,0.9991235
0.934786,0.9991209
0.9511272,0.9990826
0.05319045,0.00072571845
0.046067655,0.0007912133
0.90415746,0.9991033
0.9097505,0.99913317
0.916512,0.9991112
0.93603474,0.9991393
0.06735533,0.0007762682
0.9252086,0.99915165
0.9298202,0.99909186
0.9402293,0.9991666
0.96118885,0.9991209
0.93362004,0.99908966
0.06139457,0.0007934111
0.9441232,0.9990774
0.9576661,0.99910814
0.95275146,0.9991569
0.91627336,0.9991213
0.94100726,0.99914813
0.9408453,0.9991446
0.9536523,0.99916744
0.05029934,0.00075648783
0.060001504,0.00075736694
0.93461293,0.99911076
0.9468992,0.9991068
0.046231326,0.0007556087
0.95850253,0.99912876
0.051558938,0.0007723121
0.076864354,0.0008101145
0.03791108,0.00074549875
0.9281238,0.9991279
0.94762546,0.99912614
0.031003704,0.0007736308
0.93003386,0.99909496
0.91130054,0.9991134
0.02738164,0.00072044367
0.9252493,0.9991446
0.9600323,0.9992031
0.9329819,0.99905056
0.08757653,0.000775389
0.90332896,0.9990971
0.93422866,0.9990844
0.06499014,0.0008738511
0.06288692,0.0007828616
0.9314056,0.99904525
0.9247285,0.9991187
0.9254238,0.9991024
0.9212778,0.99909097
0.9524865,0.9991446
0.060634896,0.00080615847
0.059012793,0.000806598
0.9124096,0.9991165
0.062842354,0.0007863781
0.075961314,0.00074330095
0.050218865,0.00082154316
0.9100335,0.9991024
0.04713907,0.00079560897
0.95223397,0.99909276
0.9551135,0.99912745
0.9241246,0.9991358
0.924834,0.9991134
0.038466223,0.0007661582
0.9476888,0.9991006
0.9236923,0.9991134
0.06422576,0.0007780264
0.051895194,0.0007890155
0.9505616,0.9991156
0.055441737,0.00073494925
0.03160862,0.00082374096
0.062873304,0.0007802242
0.044931613,0.00074242183
0.91922635,0.99910855
0.94234437,0.99908656
0.09187136,0.0007815429
0.9534443,0.99910283
0.053134985,0.0008233014
0.94098943,0.99911207
0.93565094,0.9991222
0.059428286,0.0007986859
0.9480711,0.99911296
0.04291333,0.00081319147
0.046698816,0.0006887951
0.9348383,0.9991178
0.055964198,0.00084308174
0.06771609,0.00081846624
0.9520728,0.99909496
0.9457676,0.99915427
0.043621004,0.0007876968
0.9159564,0.99909186
0.0674452,0.0007934111
0.9406507,0.99909407
0.025920484,0.0007934111
0.92651606,0.99911207
0.04378616,0.0007894551
0.9282117,0.9991222
0.9468915,0.9991006
0.90757525,0.9991266
0.9531997,0.9991385
0.97662425,0.99913055
0.06345445,0.0007819825
0.06020108,0.0007868177
0.9373877,0.9990945
0.9168317,0.9991169
0.9409847,0.99910593
0.049940053,0.000785499
0.07171898,0.0008013233
0.94621754,0.99912
0.054017473,0.00075736694
0.94987005,0.9991033
0.95139456,0.99913144
0.03466365,0.0007679165
0.94809616,0.9991015
0.061536945,0.0007978068
0.9383997,0.99913406
0.09151034,0.0008008837
0.056542866,0.00082242227
0.91377544,0.9990822
0.947465,0.9991037
0.060079254,0.0007731912
0.95383626,0.99913055
0.04258252,0.0007863781
0.95530534,0.999098
0.9304679,0.9990971
0.09064815,0.0007868177
0.02582342,0.000799565
0.044349726,0.0007709934
0.04121892,0.00072396017
0.046490327,0.0008008837
0.940359,0.9991393
0.9374704,0.9990901
0.063814476,0.000778466
0.9427794,0.9991112
0.94120634,0.9991191
0.9219414,0.99912
0.036251586,0.0008118728
0.07380635,0.00073143275
0.9205253,0.99911606
0.9535317,0.9991428
0.05517605,0.00081846624
0.08970005,0.0007819825
0.965604,0.99906814
0.06464175,0.0007885759
0.067002974,0.0007969276
0.06544896,0.0007903342
0.9271722,0.9991428
0.036836445,0.00076000433
0.024390738,0.0007894551
0.04936287,0.0007687956
0.06284112,0.0007876968
0.930794,0.99908656
0.9627671,0.9991156
0.047886856,0.0007986859
0.05958304,0.00073363056
0.05714555,0.0007863781
0.9358881,0.9991231
0.060866907,0.0007868177
0.040314645,0.0007723121
0.045805927,0.0007762682
0.9265418,0.99910724
0.9582121,0.99915075
0.90898263,0.9991112
0.07986491,0.00080264197
0.0602199,0.000785499
0.9318904,0.9991367
0.9408983,0.99910504
0.04817607,0.000761323
0.925278,0.9991169
0.95537865,0.9991411
0.043806218,0.000799565
0.060618803,0.00080967497
0.085358426,0.0007942903
0.9452731,0.9990813
0.06531698,0.0007894551
0.039865725,0.00080264197
0.93988436,0.9991169
0.04405185,0.00074549875
0.094289035,0.00075297133
0.06505922,0.00080615847
0.940722,0.9991187
0.9162288,0.99908394
0.93467337,0.9991156
0.95505303,0.99913013
0.08436228,0.0007846199
0.018226447,0.000792532
0.060759198,0.0008052793
0.062119327,0.00074066356
0.02761093,0.00080264197
0.039142948,0.0007582461
0.945417,0.99911386
0.94529885,0.9991244
0.09796631,0.0007885759
0.06672911,0.00082769705
0.06216365,0.0007986859
0.069701195,0.0008083563
0.9000107,0.9990963
0.9260055,0.9991222
0.0811047,0.00081846624
0.0660665,0.00075033394
0.046900373,0.00076352083
0.04625361,0.00074242183
0.94093424,0.9991024
0.055935226,0.0008048398
0.06098725,0.00080615847
0.9308356,0.9990963
0.954559,0.9990985
0.9424377,0.99909496
0.07564511,0.0007986859
0.92089576,0.9991006
0.031240173,0.000761323
0.9434034,0.99916834
0.05690933,0.0007894551
0.94366515,0.99906987
0.9214447,0.9990971
0.0595407,0.00076220214
0.9117267,0.99909097
0.9406784,0.99914944
0.9648409,0.9991609
0.059511233,0.00080747716
0.93194544,0.99910283
0.92509943,0.99908924
0.06297284,0.0007846199
0.04161114,0.00081099366
0.93292177,0.99913013
0.91263765,0.999138
0.9382622,0.99910724
0.030454997,0.0007630813
0.043638583,0.0007811034
0.040292855,0.0007604439
0.92411447,0.99910945
0.9199251,0.9990993
0.061302457,0.0007951694
0.93713707,0.9991002
0.9320717,0.9991393
0.92909664,0.99910414
0.9429005,0.99915475
0.06956105,0.0007951694
0.9038264,0.9990769
0.06475862,0.0007687956
0.92356944,0.99910593
0.9255761,0.99912965
0.046251383,0.0007723121
0.92705977,0.9991244
0.07426344,0.0007969276
0.8937558,0.9991257
0.95505875,0.99908525
0.93652153,0.99910945
0.9091756,0.9990967
0.023591202,0.00075297133
0.96725607,0.99917185
0.9318481,0.99911034
0.94529295,0.99912834
0.9263108,0.9991235
0.94811225,0.9991046
0.95061755,0.9990844
0.06523057,0.0007986859
0.94479525,0.9990985
0.06984085,0.00081099366
0.93636304,0.99911165
0.063200645,0.0008101145
0.058801085,0.0007960485
0.93714404,0.9991824
0.061527535,0.000771433
0.04777345,0.0007512131
0.95009756,0.9990971
0.060084704,0.00073407014
0.92832977,0.99908394
0.91794395,0.99912876
0.04866931,0.0007951694
0.056697376,0.0007894551
0.05885457,0.00076703733
0.9271041,0.9991323
0.94653666,0.99912965
0.06524815,0.00081099366
0.93410313,0.9991257
0.94929534,0.99914724
0.89229465,0.9991055
0.050730925,0.0008013233
0.93060684,0.9990967
0.93884885,0.99908394
0.06333634,0.0007863781
0.048422936,0.0008052793
0.95991117,0.99913144
0.053540822,0.000799565
0.044803843,0.0007652791
0.9523226,0.99908656
0.9574551,0.9990312
0.047020465,0.0007894551
0.9562178,0.99911606
0.9363014,0.99910593
0.9358097,0.9991235
0.07041333,0.0007758286
0.0619772,0.00080615847
0.03681094,0.0007938507
0.92256886,0.9991622
0.91654325,0.99911034
0.9524643,0.9992044
0.9365453,0.99915826
0.09784424,0.0007903342
0.9271148,0.9991174
0.93063504,0.9991217
0.9296721,0.9990795
0.048143137,0.0007881364
0.9548389,0.9990932
0.10948521,0.0007969276
0.93095005,0.99913144
0.058719866,0.0007085755
0.06803254,0.0008118728
0.93790245,0.9991631
0.053088684,0.0007723121
0.06634309,0.0007942903
0.050713096,0.000785499
0.05699946,0.00081670796
0.107977256,0.0008083563
0.07241477,0.0007934111
0.057657614,0.0007819825
0.9461425,0.9991648
0.097035296,0.0007934111
0.053956065,0.0007811034
0.037431207,0.0007876968
0.9467786,0.999142
0.039627522,0.000775389
0.9613723,0.99911606
0.9329473,0.9990932
0.9173713,0.9990804
0.94166493,0.99908835
0.053152073,0.0007850594
0.90944666,0.9991446
0.0519514,0.0007969276
0.92623055,0.9991257
0.06295106,0.000778466
0.95036155,0.9991345
0.9096064,0.99909407
0.039828584,0.00077055383
0.9313514,0.9991345
0.9306202,0.9991147
0.05426806,0.00076088344
0.068150155,0.0007868177
0.9078632,0.999142
0.9392685,0.9991147
0.05751078,0.0007771473
0.047712043,0.0007665978
0.050100505,0.00080264197
0.04692984,0.0007894551
0.046981838,0.0008083563
0.057714067,0.000775389
0.024247373,0.00075385044
0.05728694,0.0008118728
0.070007,0.00073143275
0.92443633,0.99909097
0.9180566,0.99912703
0.93668944,0.99915123
0.9527629,0.99913144
0.0514849,0.00081714755
0.0854493,0.0007920924
0.93457186,0.9991147
0.946094,0.99910766
0.93956494,0.9991345
0.046854813,0.0007969276
0.9418313,0.9990963
0.042110324,0.0007903342
0.9514483,0.9991644
0.9440202,0.9991231
0.042359423,0.0007745099
0.9212251,0.9990734
0.0385051,0.0007876968
0.060790397,0.00083253224
0.9232171,0.99911255
0.046120644,0.0007934111
0.92906696,0.999098
0.944458,0.9991182
0.92956614,0.99910414
0.9465258,0.9991015
0.033506066,0.00075516914
0.9434447,0.9991345
0.044622347,0.0008101145
0.053168662,0.0007828616
0.9479741,0.9991837
0.94873226,0.9990971
0.044821672,0.00074374053
0.097633034,0.00084659824
0.04120877,0.0007811034
0.07255369,0.00082989485
0.9515602,0.9990576
0.95988417,0.99917626
0.9393262,0.9990795
0.9468541,0.99909496
0.9260708,0.9990923
0.92669433,0.99910593
0.065210514,0.0007837407
0.050629403,0.00080747716
0.05170528,0.00073890534
0.9338934,0.99910504
0.92658114,0.99911207
0.057457294,0.00083077396
0.059758104,0.0007894551
0.053179804,0.0007736308
0.9521305,0.9991648
0.9309597,0.99913144
0.9593486,0.99912876
0.03250423,0.0007876968
0.93260133,0.99912
0.04156335,0.00076088344
0.06097462,0.0007837407
0.9349955,0.99915123
0.05339795,0.00070549856
0.9372183,0.9991266
0.96712434,0.99913144
0.9474261,0.9991178
0.06653697,0.0007687956
0.9573838,0.9991596
0.038266648,0.0007762682
0.053249136,0.00082505966
0.052953735,0.00080747716
0.03703156,0.0007723121
0.93963945,0.99910414
0.9141781,0.99913627
0.05872457,0.0007679165
0.9429599,0.9991174
0.9453204,0.9990813
0.935595,0.99917364
0.05216732,0.0007644
0.9509981,0.99913144
0.9291276,0.9991587
0.9508263,0.9990879
0.94319963,0.9990971
0.05050238,0.00080747716
0.9381221,0.9991609
0.04911031,0.0008030815
0.0675648,0.0008008837
0.06829699,0.0008127519
0.8979882,0.99909097
0.94136137,0.99915826
0.055161193,0.0007912133
0.04913358,0.00071824586
0.95579165,0.9991196
0.052662294,0.000771433
0.050255015,0.0007767077
0.058589127,0.0007582461
0.07283299,0.00080264197
0.91571003,0.99907255
0.054166783,0.00081934535
0.043431334,0.00073670753
0.038992893,0.0008017628
0.03740397,0.0007885759
0.039135765,0.0007723121
0.06465908,0.0007687956
0.947927,0.99912703
0.038954515,0.0007819825
0.05411231,0.00075385044
0.05179788,0.00072835584
0.059315372,0.0007920924
0.053681962,0.0007736308
0.01883557,0.0007736308
0.059433483,0.0007934111
0.9367969,0.9991147
0.050511543,0.0008083563
0.05299979,0.00082593877
0.037283134,0.0007969276
0.92375666,0.99913317
0.9558437,0.99919957
0.91378236,0.99913317
0.929478,0.99904174
0.9487486,0.9991156
0.052482035,0.00081451016
0.9158613,0.99914813
0.06536774,0.0008083563
0.032976672,0.0008175871
0.05872383,0.000799565
0.96498424,0.9990844
0.9267857,0.99910414
0.05659709,0.0007762682
0.037890032,0.0007569274
0.044678304,0.0008149497
0.94204944,0.99908656
0.049486678,0.00082505966
0.05583321,0.000775389
0.9414678,0.99911606
0.057896312,0.0007951694
0.0537919,0.000778466
0.059145264,0.00080747716
0.91518706,0.99908614
0.08473866,0.00081231236
0.90154785,0.9991024
0.9424523,0.9990936
0.9528176,0.9991631
0.06306619,0.00083297177
0.056716442,0.0007920924
0.0742679,0.0007819825
0.96463686,0.99912703
0.035795238,0.0007595648
0.043129,0.0007982463
0.9603561,0.9991147
0.05331104,0.00080615847
0.06807761,0.0007841803
0.037826397,0.0008052793
0.9261377,0.99907255
0.047301505,0.00074813614
0.9478334,0.9991587
0.0422891,0.00081319147
0.06726792,0.0007951694
0.97100246,0.99915427
0.074424885,0.0007709934
0.9328197,0.9991024
0.043106712,0.0008052793
0.040790554,0.0007507735
0.063216,0.0007894551
0.058732,0.00075253175
0.048098814,0.00081363105
0.93142694,0.9990923
0.05658397,0.00074066356
0.04357173,0.00077407033
0.043809682,0.0007661582
0.07662813,0.0007894551
0.04713362,0.0007894551
0.046118166,0.00080264197
0.04458842,0.0007582461
0.93784577,0.99913317
0.049571607,0.00077055383
0.041225854,0.0007920924
0.068068445,0.00080264197
0.868234,0.99907076
0.059609786,0.00077407033
0.055292673,0.0007916529
0.04334665,0.0007846199
0.049760535,0.00074813614
0.9280931,0.9991002
0.93044364,0.99910414
0.044294756,0.0008083563
0.07736948,0.0007890155
0.9374451,0.99908966
0.95048636,0.9991156
0.9399108,0.9991244
0.0414393,0.0007709934
0.94944066,0.9991631
0.9302317,0.99910414
0.050115857,0.0007507735
0.05278214,0.0007806638
0.046556193,0.0007604439
0.9437533,0.99917275
0.03440886,0.0007745099
0.95013326,0.999109
0.9363965,0.99913317
0.9564367,0.99913496
0.9269763,0.9991231
0.94756895,0.9991037
0.9275164,0.9991534
0.92419887,0.999102
0.043647252,0.00075648783
0.03809976,0.00072835584
0.9346652,0.99913275
0.066993564,0.0007863781
0.9289258,0.9990945
0.8889533,0.9990954
0.90743184,0.99910855
0.05169587,0.0007780264
0.9455846,0.99909055
0.9629392,0.9991266
0.92867815,0.9991174
0.07064485,0.0007841803
0.9475135,0.9990826
0.051342774,0.0007885759
0.9383509,0.99912614
0.070148386,0.0008149497
0.04667455,0.00081451016
0.0594632,0.00081846624
0.062609844,0.0007736308
0.9376942,0.99911034
0.059013784,0.0007841803
0.9191536,0.9991134
0.9214861,0.9991165
0.9170583,0.9991055
0.9321757,0.9990945
0.93804437,0.9990901
0.9336557,0.99915427
0.91999394,0.9990857
0.94803524,0.9990954
0.06403163,0.0007811034
0.959543,0.9991134
0.9485448,0.9991244
0.9419455,0.999149
0.0384011,0.00076703733
0.93566084,0.99910855
0.060896374,0.0008017628
0.94486904,0.99910593
0.8886131,0.99915427
0.93877774,0.9991169
0.05620958,0.0008035211
0.060654208,0.0007934111
0.052565727,0.0007969276
0.946741,0.9990589
0.9540121,0.9991323
0.05583767,0.0007723121
0.04245525,0.0007630813
0.07020261,0.00073319103
0.9407646,0.99908835
0.07329627,0.0008052793
0.058660936,0.00080747716
0.048528172,0.0007841803
0.922533,0.9990998
0.08702485,0.00073407014
0.040603608,0.0007978068
0.07531653,0.0008057189
0.9306502,0.99916834
0.95584613,0.99911034
0.046187498,0.0008175871
0.05793568,0.0008400048
0.050143097,0.00079560897
0.050477616,0.000771433
0.88397115,0.99912876
0.035509247,0.0007819825
0.059460226,0.0007903342
0.9599087,0.9991257
0.93799084,0.9991174
0.94963753,0.9991182
0.045142826,0.0007973672
0.9336143,0.99911296
0.90374345,0.9991015
0.061205395,0.00081582885
0.038348857,0.0007679165
0.9660202,0.99909145
0.9488427,0.99913096
0.92435634,0.99911207
0.04309978,0.0007771473
0.92816466,0.9991213
0.059492167,0.00080396066
0.05940996,0.0007762682
0.04642496,0.0007947298
0.91802245,0.9990998
0.079442985,0.0008175871
0.9337441,0.99911076
0.042047925,0.0007863781
0.05676349,0.0007894551
0.06022584,0.000785499
0.9193452,0.9991235
0.94641286,0.9990998
0.049664214,0.0007723121
0.05334298,0.0007978068
0.0644647,0.0007876968
0.9263239,0.99909055
0.044577032,0.0007894551
0.07612697,0.0008092354
0.9597475,0.99915516
0.05990023,0.0007969276
0.052498873,0.0007912133
0.054061797,0.000799565
0.9295973,0.99915034
0.9434953,0.9990932
0.07151124,0.00082154316
0.94338906,0.9991745
0.061712503,0.0007709934
0.04402783,0.0007973672
0.9635761,0.9991437
0.942743,0.9990998
0.9566113,0.9991266
0.058086228,0.0007811034
0.053899612,0.0008030815
0.9403823,0.9990901
0.94858295,0.99913055
0.90286046,0.9991015
0.059585765,0.0007819825
0.047831394,0.0007762682
0.9486387,0.99910593
0.93094754,0.999102
0.052537996,0.0007934111
0.97721726,0.99911165
0.9472082,0.9990967
0.07248237,0.0007894551
0.06471009,0.0008101145
0.050420668,0.0007947298
0.93950427,0.9991182
0.02749059,0.0007582461
0.9019569,0.9990936
0.905527,0.9991006
0.92427146,0.99910504
0.048131745,0.000799565
0.9368147,0.99909496
0.9350876,0.9990963
0.072932035,0.0007890155
0.05418783,0.00080747716
0.9335319,0.99908924
0.04894317,0.000761323
0.06517708,0.0008048398
0.093985215,0.0007661582
0.955079,0.99911207
0.9381538,0.999149
0.9264571,0.9991217
0.9367107,0.99910945
0.037359893,0.00064615754
0.94553906,0.99910593
0.071371585,0.0007934111
0.05589858,0.0007863781
0.046678513,0.0007709934
0.92834514,0.9991169
0.9190783,0.99910945
0.042213332,0.00077055383
0.9564045,0.9991389
0.9253639,0.9990954
0.07953484,0.00077055383
0.92413944,0.9991015
0.051612422,0.0007969276
0.9199454,0.99910635
0.9398759,0.9991165
0.061624106,0.0007745099
0.9176758,0.99911606
0.035626117,0.0007850594
0.06647036,0.0007811034
0.03635979,0.0007661582
0.056677565,0.0007868177
0.92804873,0.9990752
0.05979401,0.00071604806
0.06283567,0.0007868177
0.93764764,0.99912965
0.9396469,0.9990787
0.07319623,0.00081670796
0.9376801,0.9991244
0.051492084,0.000785499
0.94747066,0.99913275
0.9534181,0.9991393
0.92859125,0.99908483
0.9335618,0.99912876
0.9031576,0.99908656
0.04131871,0.0007969276
0.9369883,0.9991024
0.035597645,0.00082681794
0.9434007,0.9991701
0.07894924,0.0007973672
0.9309064,0.99910635
0.95385486,0.99906284
0.9547564,0.99908304
0.9291571,0.99915165
0.039564382,0.00073582836
0.07112992,0.0008013233
0.052673932,0.00075604825
0.0484841,0.00075385044
0.07312567,0.0007723121
0.92247206,0.99918854
0.916464,0.99910724
0.9378537,0.99908924
0.04740129,0.0008083563
0.92919815,0.9990901
0.93347836,0.99913275
0.051232833,0.0007723121
0.051249918,0.00081363105
0.95027936,0.99914634
0.07083699,0.0007679165
0.0502929,0.0008149497
0.93993855,0.9991191
0.045607343,0.0007846199
0.9593261,0.9990936
0.06392788,0.0008233014
0.06803304,0.00081670796
0.92106885,0.9991323
0.038491976,0.0008149497
0.082580715,0.0007736308
0.92125106,0.99910766
0.06522859,0.0008079167
0.9404907,0.9991112
0.06518922,0.000806598
0.072994925,0.0007903342
0.041494515,0.0008008837
0.046410598,0.000792532
0.89590925,0.999102
0.0704735,0.0008008837
0.9498156,0.9991143
0.05366141,0.0007520922
0.9489509,0.99910724
0.96121633,0.99911296
0.95504165,0.9990752
0.95424014,0.9991424
0.9255924,0.9990769
0.07120568,0.000761323
0.9219194,0.99911207
0.041827057,0.0007652791
0.09288755,0.0007912133
0.940436,0.9991358
0.93848014,0.99914724
0.047709074,0.0008175871
0.94770813,0.9991174
0.035331957,0.0007793451
0.9374991,0.9991213
0.93180823,0.9991398
0.9365904,0.99911207
0.096635155,0.0008017628
0.9156018,0.99912393
0.9392663,0.9990791
0.93950206,0.999149
0.075598314,0.0008052793
0.9580952,0.99912876
0.06966579,0.00075736694
0.03518834,0.0008035211
0.9180522,0.9991248
0.9636409,0.99906415
0.039885536,0.0007912133
0.9337805,0.99916834
0.91973245,0.9991231
0.96633446,0.99908745
0.9133983,0.9991428
0.06592289,0.0008030815
0.052756883,0.0007916529
0.94533455,0.9990945
0.9270323,0.99910766
0.9287148,0.99910855
0.94184446,0.9991455
0.9515402,0.9991231
0.04963351,0.0008127519
0.9386401,0.9990567
0.95280594,0.999149
0.94555414,0.99912614
0.8960667,0.9990985
0.9285801,0.999142
0.9461957,0.99911255
0.04490091,0.0007811034
0.06325265,0.00081934535
0.9550691,0.99910504
0.06271359,0.00081363105
0.041542552,0.00073802617
0.9401292,0.9990844
0.9369172,0.9991653
0.929011,0.99910593
0.045745265,0.0006843995
0.9413428,0.99915075
0.9317634,0.9991011
0.9402471,0.9991112
0.05984353,0.000806598
0.9494444,0.9991367
0.94181746,0.9991266
0.918096,0.9991024
0.066200465,0.00081363105
0.055873323,0.00080264197
0.9008707,0.9991156
0.93852496,0.9991407
0.9045118,0.9990985
0.9286163,0.9991323
0.9158413,0.9991134
0.070160024,0.0007942903
0.04930171,0.0007556087
0.9255023,0.99915123
0.9004185,0.9991231
0.960476,0.99904835
0.94164217,0.99910414
0.93815726,0.99915075
0.051400468,0.0007762682
0.90402645,0.99910814
0.058539357,0.0007986859
0.045534052,0.0007978068
0.95299417,0.9991428
0.9240394,0.9990809
0.9499775,0.99913365
0.9469148,0.99904794
0.06114671,0.0007903342
0.92824537,0.9991182
0.92817307,0.9991534
0.060865175,0.0007793451
0.9500102,0.9991174
0.060539316,0.00074418006
0.05618482,0.0007498944
0.059344344,0.0008092354
0.03810075,0.0007556087
0.9423612,0.9990936
0.9346268,0.99910414
0.8918217,0.9991112
0.074927285,0.000799565
0.93957084,0.9991266
0.9318788,0.99910283
0.92057186,0.99908876
0.9304095,0.99913627
0.9350889,0.9991187
0.8948252,0.9991033
0.93480164,0.99909407
0.034105286,0.0008083563
0.05333555,0.0008044002
0.9518024,0.9991644
0.93992126,0.99908924
0.04623603,0.0007450592
0.90526974,0.99910414
0.9371675,0.99912614
0.045734864,0.0007868177
0.92991525,0.9990782
0.05360322,0.00075253175
0.95849085,0.9990752
0.062279534,0.0007876968
0.9344919,0.9991235
0.06559481,0.0007639604
0.04968823,0.0007837407
0.9336141,0.99910986
0.0481726,0.0007978068
0.935569,0.99910593
0.93362916,0.9991385
0.9046517,0.99913013
0.9293586,0.999062
0.06535313,0.0007837407
0.05883575,0.00081363105
0.050297853,0.0007934111
0.056691434,0.00082154316
0.9400916,0.99908
0.05594736,0.00074769655
0.021799235,0.0007692352
0.05199969,0.0007652791
0.94344205,0.99913406
0.065621056,0.0007868177
0.9412752,0.9991147
0.94882905,0.99910504
0.90584147,0.9991217
0.9352186,0.9991191
0.022353142,0.00070769637
0.063373975,0.0008008837
0.9555619,0.99917585
0.08590094,0.0007890155
0.9234692,0.9991446
0.052924268,0.0007876968
0.9354558,0.99910855
0.92588264,0.9991068
0.922813,0.99910945
0.07296274,0.0008044002
0.967311,0.99917537
0.9421899,0.9991257
0.9566506,0.99911034
0.93616843,0.9991015
0.9237284,0.9991323
0.043606147,0.0007604439
0.9216322,0.9991024
0.06310507,0.00082681794
0.94694597,0.9991393
0.06637528,0.00081714755
0.948812,0.9991222
0.94179815,0.9991393
0.058014423,0.0007679165
0.06633492,0.000785499
0.9637323,0.9991587
0.94150496,0.9991196
0.05900586,0.00083560916
0.973509,0.99911034
0.9318196,0.99909097
0.045424607,0.000792532
0.93516165,0.9991459
0.050365943,0.0007960485
0.9488419,0.9991196
0.05345787,0.0008101145
0.08272433,0.000799565
0.95351267,0.9990976
0.9431315,0.9991534
0.051096153,0.0007894551
0.95841116,0.99912924
0.94300944,0.9991002
0.92959285,0.9990844
0.054915313,0.0007863781
0.9197614,0.99910724
0.055160943,0.00076352083
0.9353491,0.99912965
0.8838939,0.9991006
0.0579181,0.0007604439
0.9373374,0.9990963
0.9182676,0.9990844
0.9440269,0.99910593
0.060618058,0.00080396066
0.9421287,0.99917054
0.93024707,0.9990936
0.92820376,0.99911255
0.9582222,0.9991446
0.061947733,0.00074901525
0.06235778,0.00080264197
0.0329482,0.00075648783
0.029574985,0.0007780264
0.94778734,0.99910855
0.061307408,0.0008057189
0.07549061,0.000792532
0.92971766,0.9991323
0.92611295,0.99911296
0.034435354,0.0007819825
0.05607587,0.0008083563
0.953272,0.9991956
0.9144279,0.99914986
0.037804607,0.0007881364
0.04492666,0.0008175871
0.9220194,0.99911034
0.06713198,0.000771433
0.09528518,0.0008083563
0.05393898,0.0007903342
0.06704061,0.0007819825
0.052434493,0.0007498944
0.035518408,0.00076220214
0.9238047,0.99912
0.9691419,0.9991424
0.053877078,0.0007745099
0.053962506,0.00080264197
0.93680704,0.9990963
0.93545955,0.99925536
0.9448772,0.9990989
0.9474818,0.9991165
0.050193112,0.0007793451
0.9369999,0.9990804
0.9391596,0.9991015
0.060168892,0.0007938507
0.8860157,0.99910593
0.034158275,0.0007969276
0.9215955,0.99908173
0.062292658,0.0008149497
0.04509578,0.0007824221
0.9297553,0.9991134
0.9458295,0.9990976
0.054584257,0.000799565
0.05625539,0.0007745099
0.954308,0.9992431
0.9188866,0.99907076
0.06997134,0.000806598
0.04642496,0.00072571845
0.036142636,0.0007938507
0.9522228,0.99912703
0.9572783,0.9991209
0.92883146,0.99912703
0.0508993,0.00072571845
0.9266493,0.99909186
0.031254534,0.000775389
0.06714362,0.00071736675
0.9357475,0.9991745
0.8911613,0.9990795
0.9172675,0.9991455
0.90052325,0.99908745
0.94065565,0.9991134
0.92683345,0.9990945
0.9401753,0.99912614
0.061330188,0.0008118728
0.93576485,0.99912
0.06779879,0.0007819825
0.93314683,0.9991174
0.06149411,0.00081846624
0.035678364,0.0007582461
0.9222031,0.99909276
0.9282045,0.9990901
0.06789412,0.0007652791
0.04192957,0.0007894551
0.93941784,0.9990532
0.07647313,0.00082154316
0.95395416,0.9991569
0.9330396,0.9991112
0.06470217,0.00082418055
0.04995095,0.0007639604
0.05027755,0.0007986859
0.9327935,0.9991112
0.930486,0.9991112
0.9550907,0.99910414
0.9549174,0.99912614
0.0445961,0.0007894551
0.9569683,0.99912
0.020893471,0.0007731912
0.054155145,0.0008035211
0.93849325,0.9991196
0.044258356,0.0007802242
0.9359253,0.9990646
0.05346728,0.00082154316
0.9491985,0.999098
0.06685911,0.0008008837
0.061226193,0.0007907738
0.9837849,0.9991393
0.063370265,0.0008052793
0.882561,0.99910814
0.9302582,0.9991279
0.9713897,0.9990954
0.9340796,0.9991174
0.036036905,0.00074110314
0.04377576,0.000799565
0.067523204,0.00075604825
0.9322839,0.99910766
0.049739983,0.0007912133
0.053719845,0.00080396066
0.05590576,0.000747257
0.10748352,0.00074769655
0.07259132,0.0007802242
0.9141637,0.9991407
0.082354404,0.0008233014
0.046613637,0.0007811034
0.062860675,0.0007687956
0.9150011,0.9991279
0.94408137,0.9992272
0.9466533,0.9990769
0.93794805,0.99907297
0.055875055,0.0007986859
0.03915285,0.00071341067
0.87961197,0.99915737
0.92971665,0.99910724
0.05213612,0.0008105541
0.043435294,0.0008079167
0.074557856,0.0007846199
0.95742315,0.9991112
0.9596913,0.99912
0.05695588,0.00076000433
0.07902551,0.0008048398
0.04679266,0.0007661582
0.92899066,0.99909496
0.93715143,0.9991156
0.9271346,0.99913365
0.03328792,0.000761323
0.924369,0.99914724
0.9474719,0.9991428
0.040519666,0.0007960485
0.93421525,0.99910593
0.060440026,0.000799565
0.97223556,0.9991209
0.9300554,0.99912524
0.89714956,0.9990945
0.07043041,0.0008092354
0.04485535,0.000785499
0.9226431,0.9991358
0.065806516,0.00080615847
0.05371316,0.00073670753
0.9589737,0.9990936
0.9364289,0.9991046
0.9534641,0.99915206
0.94839007,0.9991446
0.03556372,0.0007841803
0.03306606,0.0007626417
0.95369685,0.9990976
0.07463833,0.0007876968
0.047784347,0.0007934111
0.047852192,0.0007723121
0.04613946,0.0007920924
0.9652985,0.99914634
0.95378006,0.9990826
0.9262793,0.9991455
0.9492859,0.99913055
0.044557717,0.00072396017
0.066461444,0.0008149497
0.047715757,0.0008175871
0.92718214,0.9991006
0.93057936,0.9991196
0.059758846,0.00074813614
0.92333573,0.9991156
0.07579492,0.0007828616
0.056503497,0.0007942903
0.069516234,0.0007876968
0.9483316,0.99919385
0.06579537,0.0008030815
0.09511779,0.00074198225
0.048546,0.00080747716
0.94166,0.9991174
0.9357329,0.99908656
0.9497732,0.99917716
0.0554764,0.0007942903
0.06296343,0.0007709934
0.05662532,0.0007894551
0.06426983,0.0008101145
0.9469225,0.99906504
0.069285706,0.0007846199
0.08899807,0.0007960485
0.055551182,0.0008057189
0.06723251,0.0007894551
0.9358475,0.99909186
0.92306554,0.9990778
0.04289253,0.0007986859
0.04825679,0.0007512131
0.93317187,0.9990932
0.03590691,0.00072703714
0.932245,0.9991446
0.046954103,0.00080967497
0.038561307,0.0007780264
0.04904568,0.00083473005
0.054172233,0.0007951694
0.021564005,0.000726158
0.9506562,0.9990813
0.05251472,0.00082022446
0.95048535,0.99913055
0.057822276,0.0007903342
0.06853792,0.00082418055
0.05694226,0.0008162684
0.95642084,0.999102
0.08026728,0.0007547296
0.050889395,0.0007824221
0.060921878,0.00082154316
0.9423424,0.9990971
0.050284483,0.0008017628
0.059426054,0.0008008837
0.94125044,0.9991015
0.03630581,0.00072835584
0.93449855,0.99917537
0.9467454,0.999138
0.06217504,0.00074418006
0.062127005,0.0007969276
0.9527297,0.9991393
0.9392807,0.99908924
0.06425894,0.0008035211
0.04431506,0.0007863781
0.10552912,0.0007894551
0.9796307,0.9991178
0.02839041,0.0007745099
0.042192284,0.0008052793
0.05476526,0.00080264197
0.06424656,0.0007973672
0.92824435,0.9990835
0.035016745,0.00082505966
0.069611065,0.0007837407
0.07018924,0.000785499
0.05572872,0.00082769705
0.92621297,0.9990936
0.08697756,0.0008092354
0.05102187,0.0007978068
0.047051664,0.0007679165
0.014963916,0.00076220214
0.057124753,0.0008101145
0.9367543,0.99912614
0.9112109,0.99910855
0.05984427,0.00080967497
0.89357924,0.99906415
0.9077723,0.99911255
0.9389917,0.99912524
0.05436859,0.0007876968
0.057165857,0.0007745099
0.9429728,0.99915123
0.054974247,0.0007736308
0.063926645,0.0007868177
0.06298646,0.0007907738
0.059713285,0.00082154316
0.05185434,0.00081538927
0.95899475,0.99917275
0.93720496,0.99910283
0.91672546,0.9990813
0.053100567,0.0007819825
0.05558139,0.0008048398
0.045870062,0.0007661582
0.05423265,0.0007920924
0.06441716,0.0007907738
0.9414114,0.99914986
0.913714,0.99914944
0.9670956,0.99908745
0.94435745,0.99913317
0.93038327,0.99913317
0.061660998,0.0007850594
0.9361806,0.9991037
0.055482592,0.000799565
0.06278813,0.000785499
0.9423132,0.9991174
0.08728311,0.0008149497
0.91883314,0.99910504
0.07773025,0.0007969276
0.04531764,0.0008044002
0.043419447,0.00084659824
0.050245605,0.0007986859
0.06202078,0.00082154316
0.93406177,0.9990576
0.97231084,0.9991569
0.057876255,0.0007652791
0.9363814,0.9991604
0.9388201,0.9991033
0.045184918,0.0007630813
0.94238746,0.9991248
0.06445505,0.0008083563
0.9422614,0.99914724
0.052806903,0.00082989485
0.9312167,0.99908835
0.9233513,0.9991178
0.9303855,0.99910593
0.06083843,0.0007982463
0.95532393,0.99913365
0.05181497,0.00081363105
0.95359534,0.9990954
0.8968326,0.9991213
0.9293232,0.99915165
0.9222856,0.99910945
0.05810257,0.0007692352
0.93275464,0.9991534
0.058554213,0.0007811034
0.050742563,0.0007960485
0.05956868,0.0007802242
0.063672595,0.00079560897
0.061556257,0.0007868177
0.057870314,0.00082505966
0.9411222,0.99911207
0.9470309,0.99908924
0.9420046,0.99910414
0.94749194,0.99908304
0.94089437,0.9990945
0.9291519,0.99912703
0.9456146,0.99907607
0.9360476,0.99914813
0.049632765,0.0007793451
0.95400363,0.99914724
0.94485146,0.99909407
0.051806055,0.000806598
0.954386,0.99915165
0.05806147,0.00079560897
0.042833105,0.0007762682
0.9191991,0.9991112
0.052110866,0.0007903342
0.9446392,0.9991354
0.92816293,0.9990976
0.05598549,0.0007701143
0.055747785,0.00081099366
0.9578493,0.99910766
0.042975727,0.0008044002
0.94959694,0.99909407
0.9490294,0.9991437
0.046746604,0.00080264197
0.9374483,0.9990945
0.95072454,0.9991367
0.95948625,0.9991407
0.9378854,0.9990795
0.94710344,0.9991037
0.9531298,0.99910986
0.06281908,0.0007969276
0.058750074,0.0008175871
0.9449163,0.99908483
0.045457292,0.0007934111
0.94679767,0.9990813
0.947565,0.9991235
0.9372876,0.9991455
0.9426207,0.9991011
0.922529,0.999142
0.9276308,0.99909097
0.046450708,0.0007661582
0.94006014,0.9992229
0.9423013,0.99911034
0.05386891,0.0007793451
0.94330263,0.9990791
0.96454227,0.9991323
0.055350367,0.00085494993
0.059119016,0.00075648783
0.0632472,0.0007745099
0.9440539,0.9991226
0.064223535,0.0008101145
0.9448965,0.99910855
0.037601564,0.00080044416
0.03442817,0.0008175871
0.89119595,0.99910635
0.058229595,0.0007969276
0.9419425,0.99911076
0.027452953,0.0007068172
0.05143117,0.0007687956
0.069098756,0.0007942903
0.05572872,0.0007811034
0.064653136,0.0008013233
0.94776803,0.9990993
0.06342251,0.0007793451
0.94765294,0.99906594
0.063472524,0.0008149497
0.94517905,0.9991618
0.04911204,0.00074418006
0.06807637,0.0007960485
0.04835831,0.0007969276
0.056783296,0.0008149497
0.94174665,0.99915123
0.05139873,0.00081714755
0.065364525,0.0008105541
0.065720096,0.0008246201
0.05028473,0.0007885759
0.0533254,0.0007498944
0.038848784,0.0007758286
0.9453046,0.9990963
0.93619025,0.9990774
0.9361051,0.9991393
0.9564077,0.9991446
0.06219039,0.00080967497
0.93489176,0.9991112
0.050305527,0.0007780264
0.934789,0.99910724
0.968197,0.9991235
0.049477268,0.0007986859
0.06702526,0.0007630813
0.92995465,0.99908
0.05246074,0.0007846199
0.050439734,0.00083385094
0.04350933,0.00074066356
0.97537553,0.9991613
0.056480717,0.0007837407
0.06904131,0.0007679165
0.04762637,0.0007687956
0.8989289,0.99909407
0.9347759,0.9991191
0.05249615,0.0007630813
0.912628,0.9990936
0.9466335,0.99909186
0.92661136,0.9990809
0.08948363,0.0007920924
0.9348729,0.99911296
0.9258594,0.9991178
0.11147403,0.0007630813
0.92343354,0.9991217
0.07715431,0.0008048398
0.06504734,0.0007894551
0.93663245,0.9991578
0.058085736,0.0008022024
0.038758654,0.0007960485
0.043165397,0.00073099317
0.066569656,0.00080044416
0.94601,0.99908966
0.062006664,0.0007771473
0.92427117,0.99909276
0.0491888,0.0007534109
0.048352864,0.0007595648
0.94175035,0.9991147
0.93654776,0.9991217
0.95013225,0.9991428
0.045334227,0.00075297133
0.04573635,0.0007881364
0.06323036,0.0008149497
0.07132404,0.00080044416
0.9196428,0.9991226
0.9607402,0.9991279
0.9476494,0.999109
0.053810224,0.0008048398
0.9056263,0.9991182
0.9184424,0.9991191
0.96605194,0.9991415
0.9359738,0.99912924
0.93944633,0.9991226
0.94826424,0.99914634
0.9377383,0.99913275
0.042114038,0.00082198274
0.06941298,0.0007960485
0.93462384,0.9990774
0.02875638,0.0007762682
0.9203089,0.99913144
0.06337942,0.00080396066
0.9267939,0.9990822
0.91195947,0.99908924
0.93342984,0.99909496
0.04860741,0.0007916529
0.92908007,0.9991323
0.913614,0.9990901
0.9441207,0.99912524
0.94167435,0.99913496
0.9562676,0.9991354
0.06746972,0.0007916529
0.0503501,0.0007582461
0.06267868,0.0007833012
0.045191605,0.00073450967
0.9340672,0.9990985
0.9239099,0.99910593
0.08745223,0.0007960485
0.9422686,0.9990945
0.9240147,0.9990844
0.93713164,0.9991609
0.9374674,0.9991411
0.024514297,0.0007912133
0.046622306,0.0007841803
0.067312986,0.0008233014
0.052411467,0.0007771473
0.9162213,0.9990857
0.9543312,0.9991428
0.93623775,0.99913716
0.9249808,0.9991393
0.9305056,0.99912524
0.053374924,0.0007876968
0.9655008,0.99909186
0.04577671,0.00074901525
0.9444533,0.99913496
0.071816795,0.0008092354
0.94540185,0.9991569
0.04197909,0.00071516895
0.9295958,0.99908394
0.91799104,0.99908924
0.04333823,0.0007731912
0.07660387,0.0007942903
0.04543674,0.000771433
0.9588571,0.99914813
0.92981845,0.99909097
0.062273096,0.00082769705
0.93886346,0.99911296
0.9234031,0.9991156
0.051168453,0.0007885759
0.9356331,0.9990782
0.9426492,0.9991112
0.054443367,0.0007934111
0.9244799,0.9991235
0.9739198,0.9991209
0.943033,0.99913406
0.052015536,0.0007709934
0.043210957,0.0007745099
0.9279569,0.99910283
0.053627238,0.0007890155
0.92311186,0.99909097
0.95357925,0.99917847
0.04148907,0.00082549924
0.0633403,0.00082681794
0.9347417,0.9990901
0.04291085,0.00081363105
0.055724014,0.00080747716
0.062960215,0.0007894551
0.94618034,0.99914986
0.916255,0.9991015
0.040950015,0.0008035211
0.93414295,0.9991213
0.9732084,0.99910593
0.048827287,0.00082681794
0.06334278,0.000799565
0.0530092,0.00080044416
0.9384336,0.99917096
0.9361536,0.9991187
0.9416469,0.9991191
0.9331944,0.9991112
0.95533013,0.99914813
0.060028,0.0007876968
0.927507,0.99909186
0.056049623,0.00081231236
0.9256601,0.9990769
0.94686574,0.9991174
0.93760705,0.9991609
0.052631345,0.0007802242
0.040590484,0.0007498944
0.07795186,0.0008149497
0.9332647,0.99913317
0.064236656,0.0008017628
0.9496942,0.99912614
0.051490843,0.0007723121
0.07816803,0.00081538927
0.07081495,0.0007837407
0.04720989,0.00080747716
0.9664558,0.9991424
0.04248422,0.0007802242
0.9285034,0.99908924
0.93382704,0.9990655
0.07217731,0.00074418006
0.04797699,0.0007652791
0.06469028,0.0008079167
0.03641055,0.0007498944
0.06141487,0.0007723121
0.03661186,0.0007837407
0.9578731,0.9991648
0.056471802,0.0007811034
0.06488317,0.00075736694
0.9579902,0.9991112
0.8994028,0.9991191
0.08436872,0.0007745099
0.93671024,0.9991807
0.07656425,0.0007885759
0.9151413,0.9990901
0.07545248,0.0007736308
0.9465592,0.99912
0.92843825,0.9991231
0.93271226,0.99912965
0.055578172,0.0007912133
0.04269568,0.0007780264
0.057210427,0.0008105541
0.95612764,0.99917144
0.9424959,0.99910814
0.93769693,0.99910504
0.055975586,0.0007960485
0.032510173,0.0007934111
0.92280585,0.99910593
0.06210447,0.0007960485
0.9534421,0.9991437
0.95057946,0.9990976
0.039301418,0.0007639604
0.03302149,0.0008364883
0.8746305,0.99912
0.9643199,0.99909186
0.06914308,0.0007947298
0.9478369,0.9990985
0.9394924,0.9991011
0.0598673,0.00081363105
0.94824594,0.9991578
0.036023784,0.000771433
0.05583544,0.0007652791
0.022286782,0.0007771473
0.04557169,0.00082549924
0.9339964,0.99912834
0.059347067,0.0007819825
0.047429025,0.0007661582
0.9415535,0.99906856
0.88206923,0.9991147
0.0588979,0.0007837407
0.9218956,0.99910504
0.9178677,0.9990633
0.056875657,0.0008044002
0.9415894,0.999098
0.07013576,0.0007534109
0.08767929,0.00079560897
0.93074423,0.9991015
0.94843364,0.99914724
0.9505403,0.9991442
0.92507744,0.9990541
0.052578602,0.0007582461
0.95421785,0.99907297
0.07797415,0.00081319147
0.9233501,0.99915123
0.06345495,0.0007934111
0.9360459,0.99908924
0.04332362,0.0007811034
0.06757842,0.00080747716
0.95482326,0.9991631
0.92602277,0.9990857
0.045635078,0.000799565
0.91136074,0.9990356
0.049457457,0.000785499
0.061770443,0.00074593833
0.92537135,0.9991231
0.04565439,0.0007793451
0.04462804,0.0007498944
0.9618131,0.99906725
0.033953503,0.00081099366
0.95925033,0.9991235
0.92465824,0.999109
0.95030063,0.99914813
0.04798615,0.00082681794
0.922266,0.9991147
0.045142576,0.0008048398
0.046283077,0.0007679165
0.9250789,0.99907035
0.05796094,0.00074549875
0.91776395,0.99913013
0.88055784,0.9991024
0.07061216,0.0008233014
0.04992718,0.0007793451
0.9443842,0.9991393
0.9179091,0.99910945
0.9384727,0.9991266
0.045928497,0.00082418055
0.057397623,0.0007806638
0.95991635,0.9992013
0.05839921,0.0007780264
0.941553,0.99914724
0.91358477,0.9991222
0.937149,0.9991622
0.03953888,0.00080396066
0.05920593,0.0007969276
0.04751866,0.0007498944
0.945337,0.999098
0.93833774,0.9991407
0.06411657,0.0007868177
0.9248848,0.9991618
0.05603254,0.00082374096
0.94666076,0.99908483
0.041655708,0.0007674769
0.911695,0.99912834
0.9363244,0.9991437
0.07403168,0.0008035211
0.93452156,0.9990963
0.061401006,0.0007969276
0.045334723,0.0007916529
0.06009114,0.0007986859
0.04987815,0.0007920924
0.90379816,0.9990734
0.056259844,0.0007876968
0.04686521,0.0007912133
0.066368595,0.0007969276
0.9583708,0.9991648
0.93595725,0.9991235
0.93151855,0.9991147
0.046331856,0.0007973672
0.048979815,0.0007679165
0.9314824,0.99913186
0.08274117,0.00073802617
0.9437362,0.99906987
0.056682024,0.0007969276
0.09445469,0.0008052793
0.05798867,0.0007903342
0.047184877,0.0007661582
0.93420833,0.99912614
0.06367136,0.0007960485
0.035133865,0.0006465971
0.03946385,0.00076352083
0.048804753,0.0007881364
0.056321252,0.0007819825
0.061469596,0.00082286185
0.048055727,0.00077055383
0.9891291,0.99916
0.9029932,0.99907076
0.057592493,0.000775389
0.91869396,0.999142
0.06195318,0.00083473005
0.037845213,0.00081363105
0.94771653,0.999149
0.9405653,0.9990971
0.95374244,0.99915206
0.04819241,0.0007723121
0.06815139,0.0007947298
0.055917893,0.000761323
0.9361283,0.99915123
0.053189956,0.0007907738
0.055462535,0.00073538884
0.9672878,0.9991833
0.93856084,0.99912965
0.036020316,0.0007556087
0.9011368,0.99911034
0.9575809,0.9991446
0.92489094,0.9991235
0.062470935,0.0007780264
0.05478507,0.00081451016
0.05341256,0.0007969276
0.92306757,0.9991415
0.07431296,0.0007745099
0.053565335,0.00073538884
0.9276917,0.9991134
0.050582357,0.000785499
0.932822,0.99908745
0.0847441,0.0007771473
0.043449905,0.00082022446
0.9427277,0.99913186
0.054330207,0.0007876968
0.057995852,0.0007604439
0.9271655,0.99907076
0.95697874,0.99912614
0.04032554,0.0007679165
0.0619668,0.00075604825
0.9467632,0.9991037
0.07581522,0.00082549924
0.87527823,0.99905497
0.06619279,0.0007780264
0.9383551,0.9991068
0.06757941,0.0008149497
0.059245795,0.0007986859
0.04598718,0.0007916529
0.057154715,0.0007837407
0.04987493,0.0008118728
0.033091318,0.00074286136
0.025944008,0.00075516914
0.061221737,0.0007986859
0.04861731,0.0007745099
0.94139975,0.9990989
0.0592453,0.00081099366
0.94024116,0.99913496
0.9358406,0.99911296
0.8861199,0.99913144
0.06262941,0.00080747716
0.9532752,0.99912393
0.9593261,0.9990936
0.058447,0.0008052793
0.042393096,0.0007934111
0.04270509,0.00073231186
0.9415743,0.9990844
0.054444604,0.00081846624
0.032590896,0.0007846199
0.93211406,0.9991174
0.047187354,0.00076220214
0.92288655,0.99908924
0.9432846,0.9991468
0.063745886,0.0007696747
0.93660843,0.9991244
0.060490537,0.00081231236
0.9313242,0.99917054
0.9375345,0.99915075
0.042445593,0.0007736308
0.0637808,0.0008030815
0.06744595,0.00081582885
0.064253986,0.0008057189
0.94784975,0.9990835
0.94723195,0.99919695
0.98906696,0.99911386
0.05161044,0.0008175871
0.9486129,0.99908483
0.06573248,0.0007828616
0.93357694,0.99913496
0.9276506,0.9990976
0.9298043,0.9991169
0.0440048,0.0007687956
0.059568185,0.0007934111
0.052165587,0.0008083563
0.04898427,0.0007665978
0.051959574,0.000775389
0.945931,0.99917185
0.03912586,0.00074066356
0.9470074,0.99909097
0.9380258,0.99913055
0.038139377,0.0007868177
0.0416671,0.0007863781
0.041202333,0.00076220214
0.97481096,0.9991569
0.93382454,0.999098
0.9319875,0.99903387
0.9444139,0.99913496
0.94408137,0.9991534
0.06097957,0.0007736308
0.034218445,0.0007850594
0.9548376,0.9991446
0.95034915,0.99916613
0.92780906,0.9991385
0.93281406,0.99907035
0.95094687,0.9991279
0.044376466,0.0007912133
0.94459736,0.9991187
0.940673,0.99910504
0.93228364,0.99910504
0.9329163,0.9990976
0.96228105,0.99910724
0.93525845,0.9990998
0.057265643,0.0007934111
0.044957116,0.0007969276
0.935536,0.99909407
0.0655589,0.0008044002
0.04848385,0.000761323
0.0649728,0.0007934111
0.055196848,0.0007709934
0.04688923,0.000806598
0.049349498,0.0007745099
0.04079724,0.0007806638
0.9503155,0.9991868
0.9442354,0.9991209
0.04257757,0.0007415427
0.058361575,0.0007582461
0.94190115,0.9990813
0.9175914,0.99910766
0.06752816,0.0007485757
0.9562661,0.99908924
0.94143265,0.9991407
0.95880586,0.99906945
0.056102365,0.0007819825
0.061357923,0.0007881364
0.9510596,0.99906987
0.04829616,0.00080967497
0.06617545,0.00080967497
0.9449433,0.9991011
0.070332855,0.0007811034
0.0434088,0.00075648783
0.94339573,0.9991033
0.9195443,0.99910945
0.044774625,0.0007890155
0.9597762,0.9991367
0.9464899,0.9991433
0.92563653,0.99909407
0.9085347,0.9991006
0.92600596,0.99911207
0.941814,0.999185
0.9421349,0.9991657
0.0530664,0.0007938507
0.06652607,0.0007986859
0.048315473,0.00076352083
0.042867273,0.0007920924
0.9593001,0.9990963
0.04690359,0.00083077396
0.03714868,0.0007178063
0.95656174,0.9990998
0.9473694,0.9991323
0.10307974,0.0007934111
0.9285982,0.9991257
0.9410637,0.99915206
0.94087356,0.99910855
0.044529244,0.0008017628
0.027621081,0.00076703733
0.9314564,0.9990963
0.04646829,0.00073890534
0.05010001,0.0007881364
0.055157974,0.0007758286
0.9455118,0.9991428
0.9201091,0.9991235
0.05183354,0.0007802242
0.041975375,0.0007850594
0.058758743,0.00082681794
0.953782,0.99910945
0.93817014,0.99911517
0.91604155,0.99910945
0.049658768,0.0008022024
0.9480917,0.99908
0.92077094,0.9991587
0.054542165,0.0008035211
0.040149737,0.0007868177
0.06261034,0.0007868177
0.048790887,0.0008052793
0.9387505,0.9990857
0.09085714,0.00081582885
0.966228,0.9991235
0.03329832,0.0007938507
0.9358252,0.9991217
0.9370561,0.99913186
0.046935286,0.000806598
0.036393467,0.00079560897
0.03681911,0.0007811034
0.04425291,0.000799565
0.04832117,0.000771433
0.97168386,0.9991468
0.06637206,0.00073319103
0.042066004,0.0007894551
0.9514481,0.999149
0.058777314,0.00082154316
0.040108386,0.00082374096
0.06189846,0.0007934111
0.05963207,0.0008118728
0.9432073,0.99914986
0.047808364,0.0007723121
0.93960655,0.99912
0.054018464,0.0007876968
0.92723906,0.99910283
0.045757398,0.0007745099
0.044278163,0.0007978068
0.88536,0.9991112
0.031953048,0.0008030815
0.9465424,0.9991143
0.94147277,0.9991437
0.03419616,0.0008052793
0.051340546,0.00083692785
0.055487048,0.0007916529
0.059235394,0.00083077396
0.076564744,0.0007986859
0.056611206,0.0007819825
0.93449163,0.9991024
0.06555346,0.0007885759
0.04485089,0.00082681794
0.070402436,0.0007833012
0.059990115,0.0007793451
0.0619148,0.0007890155
0.9338919,0.99908
0.037857346,0.0007819825
0.9344988,0.99911296
0.07360604,0.0007894551
0.9166616,0.9991385
0.94582504,0.9990923
0.90729195,0.9991323
0.059806634,0.0008035211
0.055442233,0.0007736308
0.926521,0.999138
0.042747926,0.00076352083
0.063010484,0.0007942903
0.051805064,0.00081363105
0.9431023,0.999098
0.93822384,0.99910593
0.059257433,0.0007762682
0.93612236,0.9990936
0.08542775,0.0007846199
0.05355172,0.0007960485
0.9471327,0.9990826
0.9529996,0.9990998
0.93945175,0.99912876
0.058097865,0.0007863781
0.86471933,0.99912876
0.062497184,0.0007916529
0.94438815,0.9991279
0.95048237,0.9991824
0.94868076,0.99908745
0.0666266,0.0007907738
0.04948395,0.00071604806
0.06469721,0.0008175871
0.88502425,0.99909276
0.9365374,0.99911207
0.93648636,0.99912834
0.09087397,0.000785499
0.95490915,0.9991033
0.035162095,0.00082681794
0.049595874,0.00082198274
0.06734418,0.00081934535
0.040659815,0.00074593833
0.942333,0.9991187
0.03164774,0.0007547296
0.05831453,0.0007745099
0.053477187,0.00076703733
0.9308631,0.9990954
0.9369266,0.999102
0.92857075,0.9990963
0.9461613,0.9991187
0.9256427,0.9990989
0.9581559,0.9991217
0.04066526,0.0007687956
0.08129536,0.00076352083
0.90047073,0.99912876
0.06303524,0.0007731912
0.96389997,0.9991002
0.9140495,0.9991402
0.0547561,0.0007934111
0.057265643,0.0008101145
0.052690275,0.0007771473
0.89721566,0.9991428
0.06601129,0.0007811034
0.94857603,0.9991235
0.0483541,0.0007485757
0.951766,0.9991196
0.05517704,0.0007986859
0.06443177,0.00081319147
0.9340885,0.9991437
0.031934228,0.0007226415
0.9291665,0.99912
0.038014084,0.0007837407
0.04439182,0.0007731912
0.018993795,0.00077407033
0.94809616,0.99908656
0.054564945,0.0007802242
0.032386616,0.0007644
0.05984105,0.0007767077
0.9315549,0.99910855
0.9385698,0.99910283
0.05274054,0.00082154316
0.89264476,0.99912703
0.045982227,0.000771433
0.053642094,0.0008044002
0.90819895,0.99910766
0.059213605,0.0007811034
0.93130904,0.9991006
0.91613466,0.9990936
0.044999704,0.0007582461
0.9415307,0.9991156
0.036135703,0.0007780264
0.058656976,0.0007868177
0.950782,0.99909097
0.9662877,0.99913406
0.94243103,0.99911034
0.9196842,0.99906904
0.06687223,0.00081363105
0.9002816,0.99911207
0.04512698,0.0007687956
0.9243071,0.9990936
0.9221932,0.9990993
0.9382897,0.9990985
0.96029323,0.9991411
0.05540212,0.0008083563
0.047946285,0.00081363105
0.944303,0.9991428
0.08924642,0.0007942903
0.917239,0.99911517
0.9359983,0.9991046
0.049313348,0.0008035211
0.9232176,0.99910414
0.96131665,0.99912614
0.03937595,0.00075429
0.04644972,0.0007696747
0.054251466,0.0007806638
0.06278194,0.0007876968
0.09840434,0.0008035211
0.06849211,0.0008083563
0.09448341,0.0007934111
0.9253161,0.99910283
0.05423265,0.0008118728
0.9469326,0.99912703
0.06746105,0.0007828616
0.9374808,0.99913627
0.06134653,0.000778466
0.040820267,0.0007986859
0.07337798,0.0007745099
0.04699793,0.000785499
0.9132609,0.99906945
0.0946243,0.00081231236
0.07023777,0.0008092354
0.96050274,0.99912965
0.8942589,0.9991147
0.04359872,0.0007701143
0.9186301,0.9991147
0.057156697,0.0007771473
0.047284912,0.0007723121
0.05706186,0.0007758286
0.93320525,0.99908745
0.06096323,0.0007894551
0.044979896,0.0007520922
0.04771031,0.0008197849
0.9452907,0.99915034
0.9795654,0.9991389
0.9393042,0.9990954
0.03891044,0.00080264197
0.93210316,0.9990743
0.060577944,0.0007894551
0.9428376,0.99913716
0.050613556,0.0007912133
0.04582326,0.000775389
0.05493562,0.0007868177
0.06595459,0.0008083563
0.9338825,0.9990985
0.9118448,0.99911517
0.9240112,0.99908924
0.06635943,0.00081363105
0.9567861,0.99913627
0.02967799,0.0007687956
0.061290324,0.0008008837
0.95301914,0.99910635
0.06723325,0.0007938507
0.93506485,0.99915516
0.03096359,0.0007824221
0.059944306,0.0007679165
0.9282077,0.9991006
0.047829907,0.00077055383
0.039629254,0.0007687956
0.91300833,0.9991235
0.046432633,0.0007771473
0.05569529,0.0007806638
0.06312265,0.0008017628
0.9527822,0.9991015
0.059407484,0.0007894551
0.9582145,0.99907386
0.055362005,0.0007969276
0.94426435,0.99914724
0.9517244,0.9991235
0.9523018,0.9991604
0.061433442,0.0007828616
0.062140126,0.00080747716
0.052058864,0.00083560916
0.04186123,0.0008505543
0.9079972,0.9991244
0.92637813,0.99911255
0.05910094,0.0007833012
0.04554544,0.0007951694
0.9436755,0.9991376
0.92781377,0.99908
0.045180462,0.0007604439
0.043339223,0.00075648783
0.059286404,0.0007780264
0.93484443,0.999102
0.9440209,0.9991389
0.04957507,0.00081582885
0.106366545,0.0007661582
0.94060814,0.9991428
0.05326548,0.0007868177
0.94849527,0.99912
0.9297216,0.9990998
0.9386507,0.99909186
0.92569643,0.9991222
0.060688626,0.00073582836
0.06730283,0.00080264197
0.9246352,0.9991011
0.06350571,0.0007582461
0.0566377,0.00081451016
0.029117646,0.0007630813
0.05145197,0.0007894551
0.92414093,0.9991055
0.055375624,0.0007894551
0.053157024,0.0008017628
0.037687734,0.00074198225
0.9259039,0.99910593
0.038505595,0.00072879536
0.90087885,0.99911034
0.9468148,0.99914724
0.93794703,0.99915075
0.9269055,0.99912
0.9359988,0.9990993
0.95620096,0.9990976
0.032973703,0.0008008837
0.94768137,0.9991006
0.048521735,0.0007736308
0.061556507,0.0007780264
0.04241662,0.000771433
0.056937065,0.0007986859
0.93077075,0.9991358
0.94697917,0.9991112
0.9362457,0.9991191
0.9183015,0.9991147
0.052905202,0.000775389
0.0468714,0.00073802617
0.93233395,0.9991165
0.068164274,0.0007762682
0.9243202,0.99915165
0.9176144,0.9991191
0.051321972,0.00080264197
0.048672035,0.0007969276
0.9366446,0.99913627
0.04433809,0.00073143275
0.046045866,0.0007824221
0.93614465,0.999098
0.98831,0.99910504
0.9313049,0.99917144
0.060767863,0.0008030815
0.943157,0.9991402
0.96009934,0.9991824
0.94561386,0.9991279
0.05198879,0.0007687956
0.94460505,0.9991323
0.91911393,0.9991033
0.95324177,0.99910593
0.9446073,0.99910593
0.06505303,0.0007951694
0.92444104,0.9990752
0.076420635,0.0007942903
0.055070072,0.0007986859
0.07217905,0.000785499
0.9186583,0.9990936
0.9254639,0.9991191
0.94586986,0.9991165
0.0494894,0.0008092354
0.92818147,0.9991648
0.95252395,0.9991182
0.041346937,0.0008048398
0.89809763,0.9990954
0.056428965,0.00080264197
0.9533398,0.9991112
0.9529726,0.9991657
0.9397308,0.99911034
0.058009468,0.0008044002
0.9710143,0.99912703
0.03300218,0.0007723121
0.047579817,0.00075736694
0.95564926,0.9990923
0.080523066,0.00083736744
0.92565185,0.99910414
0.06317564,0.0007745099
0.9402399,0.99909186
0.057833914,0.00081846624
0.9232446,0.9991248
0.059726905,0.0007969276
0.94637597,0.99910414
0.9587075,0.9990879
0.9577208,0.99915826
0.9586996,0.9991578
0.056762498,0.0007885759
0.96066415,0.9991248
0.021507548,0.0007850594
0.06406679,0.0007973672
0.9298672,0.9991217
0.94718367,0.9991209
0.9449079,0.9990963
0.9367568,0.9990963
0.05870204,0.0007876968
0.054620657,0.0007824221
0.9172653,0.99909496
0.96180516,0.9991165
0.9483039,0.9991156
0.9158774,0.99908745
0.9503479,0.9990936
0.056370527,0.0008008837
0.03347041,0.0007837407
0.054256916,0.0008048398
0.05813278,0.00082769705
0.946323,0.99911034
0.918226,0.9991191
0.96906316,0.9991134
0.039872658,0.00083692785
0.8953484,0.9991226
0.07852979,0.00083077396
0.9410008,0.9990541
0.93827313,0.99911606
0.9232956,0.99910635
0.97177774,0.9991666
0.94968855,0.99910504
0.923849,0.99911517
0.9317218,0.9991165
0.051912032,0.00074198225
0.049056575,0.0008083563
0.030362142,0.00075736694
0.9334764,0.9991033
0.04916082,0.0007876968
0.93624,0.9991011
0.9196931,0.99913275
0.9453031,0.9991165
0.9187227,0.9991147
0.9588685,0.9990752
0.05647725,0.0008017628
0.9442022,0.99914986
0.04079947,0.00073582836
0.9392616,0.99911165
0.06628391,0.00080967497
0.93421924,0.99909496
0.05367082,0.0007894551
0.06340864,0.0007828616
0.04903528,0.00073099317
0.06736375,0.0007969276
0.050015327,0.0007912133
0.07033063,0.00081670796
0.063460395,0.0008048398
0.054374777,0.0007692352
0.073268786,0.0007868177
0.9427207,0.99919474
0.95125395,0.9991279
0.057659842,0.000785499
0.048765384,0.0006923117
0.9248454,0.9990945
0.9491203,0.99910766
0.9245079,0.99913496
0.9541203,0.99915475
0.0340003,0.00081231236
0.9461247,0.99914724
0.11396921,0.0008149497
0.9480273,0.9991209
0.060663868,0.00082154316
0.061794214,0.0007868177
0.87716013,0.99911034
0.9454125,0.9990826
0.9223591,0.9991279
0.0381889,0.00073670753
0.9225238,0.9990971
0.057143077,0.0007687956
0.04823599,0.0007973672
0.9575081,0.99917537
0.94306713,0.99912965
0.0489969,0.0008035211
0.95246774,0.9991411
0.052639764,0.00080396066
0.049634006,0.0007837407
0.92083186,0.99910945
0.944667,0.99905497
0.93335456,0.9991165
0.94541675,0.9991165
0.06866197,0.0007828616
0.049298987,0.0007731912
0.06615292,0.0007951694
0.94492817,0.99910855
0.95395786,0.9991187
0.960111,0.9991143
0.94823605,0.99910945
0.053689636,0.0007960485
0.94200665,0.99909276
0.062307514,0.0007771473
0.92956513,0.99913144
0.911378,0.9991833
0.05334917,0.0007868177
0.9395154,0.99911296
0.06322541,0.0007780264
0.055306047,0.0007903342
0.060014132,0.0007951694
0.05549225,0.0008118728
0.9240776,0.99909496
0.037351724,0.00076220214
0.057143077,0.0008052793
0.053036686,0.00076220214
0.061020676,0.0007868177
0.046196166,0.0007846199
0.052449103,0.0007828616
0.935955,0.9990936
0.9601236,0.9990967
0.059679113,0.00082593877
0.07145602,0.0007771473
0.94990546,0.9991385
0.9326905,0.99911606
0.056973215,0.0007644
0.94231933,0.9991385
0.05980416,0.0008052793
0.931392,0.9991147
0.10602731,0.0007960485
0.057149515,0.0008022024
0.054240324,0.00082549924
0.054983903,0.000761323
0.033072002,0.0007920924
0.94335264,0.99911207
0.9250299,0.9991235
0.94906825,0.99917275
0.03551915,0.0007837407
0.024925828,0.0007507735
0.9301534,0.99910945
0.06494136,0.0008057189
0.05868322,0.00082681794
0.944487,0.9990945
0.060909003,0.00081670796
0.92526287,0.999149
0.91496867,0.99910504
0.04896917,0.00071516895
0.055248354,0.0007920924
0.053309552,0.00080615847
0.06299587,0.0007731912
0.93775266,0.999142
0.049405213,0.000775389
0.05388302,0.0007806638
0.94397813,0.99910855
0.9037194,0.999102
0.037812036,0.0007960485
0.9349145,0.99915165
0.04874384,0.0007978068
0.9329096,0.9991055
0.95816153,0.9991385
0.05231564,0.0007819825
0.9240362,0.99910635
0.9435032,0.9991147
0.042881634,0.00073978445
0.93406224,0.9991437
0.060944658,0.0008013233
0.9209616,0.99911386
0.0707112,0.0007762682
0.066277966,0.0008127519
0.04190456,0.00075648783
0.98661983,0.9991191
0.9612005,0.999149
0.044871937,0.00074813614
0.060757466,0.00080264197
0.058521282,0.00083341135
0.932119,0.99910504
0.915068,0.99910724
0.93520796,0.9991011
0.060170375,0.0007819825
0.06270889,0.00082989485
0.9392497,0.99911034
0.07299616,0.000775389
0.9485233,0.99906987
0.9073118,0.9990857
0.93752337,0.9990778
0.9314088,0.99910635
0.04682832,0.0007978068
0.048603445,0.00080396066
0.07073696,0.0007811034
0.95272994,0.99915075
0.050294634,0.000775389
0.08601608,0.0007876968
0.048472706,0.0007960485
0.95939195,0.9991055
0.05607414,0.0007665978
0.936109,0.9991182
0.05885977,0.0007938507
0.9338213,0.9991046
0.039586913,0.0007661582
0.9081487,0.99912
0.060671046,0.0007811034
0.037356675,0.0007771473
0.950311,0.99910766
0.9496118,0.999138
0.92003554,0.9991415
0.9292655,0.99908924
0.95936275,0.99911207
0.93775016,0.9990752
0.059695706,0.0007894551
0.061312363,0.000761323
0.93551624,0.999149
0.05407319,0.00081231236
0.90295506,0.99910724
0.08366006,0.00083473005
0.038358513,0.0007846199
0.05381245,0.000775389
0.03825427,0.000771433
0.94480586,0.99910414
0.9279202,0.9991609
0.056252416,0.0007833012
0.9481335,0.99912965
0.056039967,0.0007837407
0.08171754,0.00081099366
0.054261126,0.00077055383
0.9653584,0.9991015
0.96014047,0.9991859
0.052112598,0.0007876968
0.95048684,0.9991055
0.06851959,0.00083473005
0.046562135,0.00080615847
0.94179267,0.9991235
0.9310399,0.9990795
0.9416352,0.9991156
0.9211367,0.9991248
0.9399205,0.99910766
0.039164983,0.0007604439
0.065520525,0.0007890155
0.92982835,0.99908304
0.93135434,0.99912614
0.905421,0.9991807
0.9305667,0.9991701
0.93323797,0.99909407
0.03152146,0.0007582461
0.93360513,0.99910283
0.06285523,0.0008083563
0.0427816,0.0007802242
0.05625118,0.000771433
0.06222605,0.0007696747
0.03480479,0.0007767077
0.9129905,0.9990998
0.05998219,0.0008035211
0.9709559,0.99921757
0.05383003,0.0007951694
0.08021776,0.0008008837
0.9475994,0.99910855
0.04574378,0.0007885759
0.039743405,0.0007982463
0.9240721,0.99912
0.057914883,0.0007723121
0.9520017,0.99912524
0.08072264,0.000785499
0.07799817,0.0007960485
0.9271878,0.9991112
0.9472718,0.99908483
0.055370674,0.00080747716
0.934451,0.9991178
0.95006466,0.9991165
0.9380122,0.99912703
0.071493655,0.0007986859
0.93951464,0.9991266
0.95124376,0.99910593
0.049063757,0.0007920924
0.054117013,0.0007876968
0.9473258,0.9991244
0.04810921,0.00082198274
0.937513,0.99917054
0.9524472,0.99912614
0.03822505,0.0007876968
0.05144801,0.0007736308
0.05651439,0.0007903342
0.93589556,0.9990857
0.91303337,0.9991002
0.046486367,0.0007723121
0.9287564,0.9991024
0.05110754,0.0007811034
0.9445694,0.9991182
0.049159087,0.0007793451
0.038205985,0.0007731912
0.058430906,0.00082681794
0.0675648,0.00081319147
0.058995213,0.0007806638
0.0658543,0.0007868177
0.046706494,0.0007934111
0.05838163,0.0007762682
0.03509301,0.00075516914
0.04547512,0.0007736308
0.04786383,0.00081451016
0.06945507,0.00080967497
0.036522966,0.000771433
0.93386865,0.9991428
0.9428517,0.9991112
0.92260975,0.9991231
0.06605834,0.0007942903
0.9585731,0.9991578
0.94662905,0.9991191
0.9193036,0.99914634
0.9268048,0.99913406
0.954926,0.999149
0.09657053,0.0007833012
0.044554994,0.0007942903
0.10217373,0.00075033394
0.92671365,0.999142
0.93192166,0.99908656
0.07040912,0.0007885759
0.9675817,0.9991385
0.8898995,0.9991187
0.040662788,0.0007960485
0.945261,0.99909097
0.95552623,0.99906415
0.0605829,0.0007960485
0.060754243,0.00082418055
0.056983862,0.0007969276
0.93847096,0.99913406
0.89920026,0.9991174
0.9223638,0.9991222
0.06066238,0.0007868177
0.92750305,0.9991033
0.05313969,0.0008008837
0.024830746,0.0007736308
0.92187333,0.9991024
0.9230564,0.999098
0.054919027,0.0007762682
0.03098637,0.0007652791
0.05910862,0.0007894551
0.9475281,0.99911165
0.061406206,0.00081363105
0.08634367,0.00076220214
0.04502397,0.0007960485
0.96330446,0.99915254
0.9492661,0.99912524
0.060235746,0.0007876968
0.070953615,0.0007876968
0.94371516,0.9991248
0.03452623,0.00076703733
0.051403437,0.0008079167
0.08630777,0.0008030815
0.9455762,0.99911255
0.061642677,0.000778466
0.053876583,0.0007916529
0.101419754,0.0007920924
0.059232175,0.00076220214
0.057458285,0.0007762682
0.9503021,0.9991235
0.92626816,0.99912
0.06323581,0.0008101145
0.079178534,0.00080967497
0.931652,0.99908304
0.08337332,0.00082242227
0.034319717,0.0008022024
0.049478505,0.00082857616
0.063222684,0.00081363105
0.07022341,0.00082769705
0.057725955,0.000799565
0.05133782,0.0007674769
0.044709504,0.0008118728
0.94474024,0.99913496
0.07256681,0.0007894551
0.051923424,0.0007960485
0.06434536,0.00082769705
0.04080368,0.0007595648
0.9274238,0.99910504
0.060154036,0.0007824221
0.04496578,0.000747257
0.047284912,0.00081846624
0.012458828,0.0008175871
0.04708732,0.0007802242
0.93002766,0.9991424
0.9563815,0.99912524
0.050665062,0.0008101145
0.96470666,0.999142
0.9343757,0.9991147
0.053576477,0.0007837407
0.9373092,0.9991015
0.893782,0.99912524
0.052619953,0.0007951694
0.06990498,0.0007687956
0.047336664,0.00077055383
0.9472357,0.99914944
0.06085973,0.0007780264
0.05848909,0.0008400048
0.9452268,0.9991068
0.06603481,0.00081231236
0.05414722,0.000785499
0.046373453,0.0007947298
0.93347985,0.99910855
0.05179615,0.00074813614
0.05893727,0.0007731912
0.91896415,0.9991367
0.9037184,0.99915206
0.07234148,0.0007846199
0.04792375,0.0007938507
0.05820112,0.0006870369
0.070487365,0.0007652791
0.93735427,0.99908745
0.041730985,0.0008233014
0.032206353,0.000778466
0.9433925,0.9991411
0.9316859,0.99908876
0.10308272,0.00077055383
0.08670543,0.0008118728
0.067007676,0.0007687956
0.9399099,0.9990813
0.03883244,0.0007556087
0.06896529,0.0007639604
0.0511328,0.0007863781
0.91754013,0.9990857
0.9513965,0.9991191
0.04897511,0.00080615847
0.9526165,0.9991745
0.9304256,0.99910504
0.91879207,0.99910766
0.047420606,0.0007951694
0.00705718,0.000785499
0.05524365,0.0007762682
0.88515127,0.9991428
0.9632376,0.9991833
0.043857224,0.0007780264
0.05993589,0.00082505966
0.94140095,0.9990901
0.9496204,0.9990743
0.93246466,0.9991143
0.95534647,0.9990989
0.050718296,0.0007960485
0.034625273,0.00075736694
0.93571556,0.99908614
0.03923506,0.0007661582
0.05480166,0.0007630813
0.9024145,0.9990743
0.92210436,0.99915516
0.043605406,0.0007973672
0.07371919,0.00083297177
0.9575212,0.99911034
0.93956417,0.99911517
0.03762385,0.0007696747
0.96418816,0.9990998
0.9757913,0.9991385
0.9335898,0.9991037
0.052964877,0.0007696747
0.060290962,0.0007644
0.08537824,0.0007969276
0.052935906,0.0008364883
0.036189683,0.0007463779
0.058551986,0.000799565
0.06655306,0.00081670796
0.042635012,0.0007793451
0.95872885,0.99911076
0.90894306,0.9991609
0.92694145,0.9991024
0.9506027,0.9991591
0.9287426,0.9991011
0.06610909,0.0007960485
0.93357295,0.999142
0.046830546,0.000806598
0.06345222,0.00080264197
0.95653003,0.9990809
0.029759703,0.0007806638
0.06120663,0.00075033394
0.07274955,0.0008233014
0.94797134,0.9991209
0.9210307,0.9991169
0.94696033,0.99916923
0.05415985,0.0008092354
0.95425797,0.9990945
0.9370121,0.9991455
0.93004674,0.99911034
0.05979896,0.00076220214
0.048459087,0.00076703733
0.9554014,0.9991011
0.92291725,0.99909276
0.05654336,0.0007762682
0.06258731,0.0007885759
0.93145984,0.99911207
0.04909941,0.0007745099
0.9172316,0.9990998
0.06878999,0.0007736308
0.9370066,0.9991024
0.05663151,0.0007846199
0.06312587,0.00082022446
0.93125707,0.9991191
0.94172484,0.99911076
0.07475619,0.0007687956
0.86552036,0.99915826
0.049512923,0.00082154316
0.04766475,0.0007767077
0.92979217,0.9990795
0.100173034,0.0007595648
0.9574138,0.9991385
0.061722405,0.00082769705
0.037658762,0.0007828616
0.055994157,0.0007850594
0.08921869,0.0008127519
0.93117905,0.99910593
0.96579045,0.9991222
0.053595543,0.0008052793
0.098232,0.0007450592
0.9495672,0.99910635
0.06058785,0.00081363105
0.8916075,0.9991178
0.9613456,0.9991688
0.9113097,0.9991156
0.05153467,0.00077407033
0.06573495,0.0007811034
0.0576903,0.0008035211
0.051998943,0.0007951694
0.061172955,0.0007973672
0.9396523,0.99913096
0.94965315,0.9991609
0.052086845,0.00083165313
0.91081744,0.9991011
0.06488144,0.0007903342
0.047189582,0.00076220214
0.04209002,0.0007665978
0.9635345,0.99910414
0.9344758,0.9990901
0.9434787,0.99909097
0.93417567,0.9991006
0.9302703,0.99911296
0.0506866,0.00073802617
0.9377081,0.9990752
0.08222961,0.0007811034
0.9273307,0.9991217
0.059987888,0.00083473005
0.06206238,0.0007679165
0.059184883,0.0007881364
0.03948985,0.0007920924
0.93755406,0.99915075
0.9280602,0.99908656
0.93901575,0.9991156
0.96015555,0.9991846
0.9297266,0.9991631
0.9356527,0.9991182
0.05164065,0.00076352083
0.064563006,0.0007626417
0.053376406,0.00082505966
0.94173473,0.99908745
0.9326739,0.99910504
0.0585349,0.0007920924
0.9370653,0.9991428
0.91787416,0.9991569
0.9489564,0.9991424
0.052334707,0.0007556087
0.049603548,0.00072659756
0.93368834,0.9991068
0.032459166,0.00074110314
0.0444765,0.00080615847
0.9367375,0.99910414
0.05530852,0.00081934535
0.938136,0.99911076
0.91280305,0.9991244
0.94353193,0.99913627
0.051186036,0.0007780264
0.9466184,0.9990945
0.0459488,0.00073407014
0.0484477,0.00080967497
0.95478386,0.99912524
0.056394547,0.0007986859
0.05620859,0.0008030815
0.93330556,0.99908745
0.9445315,0.99906987
0.9322767,0.9991024
0.9420336,0.9991112
0.9195376,0.9991415
0.95048434,0.99910414
0.06458331,0.000785499
0.9297355,0.99911517
0.9148107,0.9991011
0.04570738,0.0008035211
0.9247815,0.9991217
0.9111074,0.9990646
0.9386827,0.9991015
0.081800245,0.0007767077
0.051801596,0.00073670753
0.9390638,0.9991037
0.051735733,0.0007969276
0.9407099,0.99914813
0.94618136,0.9991446
0.9409238,0.9990998
0.025388366,0.0007248393
0.062321626,0.00081934535
0.05349749,0.0008162684
0.03629467,0.0006760478
0.92430335,0.99909407
0.05482147,0.0008101145
0.94383,0.9991279
0.9320472,0.9991015
0.89473337,0.99910504
0.93085396,0.9991169
0.9459526,0.9991257
0.93893325,0.9990985
0.05562398,0.0007296745
0.9435178,0.9991217
0.06351833,0.0007841803
0.93417513,0.99910855
0.94891304,0.99912
0.065301135,0.00081363105
0.056469575,0.00074374053
0.04873666,0.000792532
0.93103546,0.99912
0.080467105,0.0008052793
0.94051105,0.9991147
0.924861,0.9991156
0.96437985,0.99909407
0.93396765,0.9991068
0.04397905,0.0008197849
0.10668274,0.0007903342
0.04398623,0.000771433
0.0749726,0.0007986859
0.060262736,0.0008092354
0.0679132,0.0008118728
0.9440799,0.9991006
0.04496182,0.0007811034
0.06345074,0.00083473005
0.066558264,0.00081846624
0.92183816,0.9990901
0.06553563,0.0008052793
0.06551755,0.0007969276
0.93993485,0.99908614
0.94531053,0.9991191
0.92787594,0.9991055
0.9394869,0.99914855
0.94356334,0.9991196
0.93387854,0.99912965
0.89425325,0.9990963
0.041853055,0.00073538884
0.070116445,0.0007951694
0.03712293,0.0007687956
0.055091612,0.0007903342
0.046250887,0.0007745099
0.057541236,0.0007885759
0.07003523,0.0008057189
0.9472488,0.99908924
0.06476135,0.0008030815
0.06978192,0.0007723121
0.069375835,0.0007731912
0.06355127,0.0007942903
0.96841884,0.99911386
0.059294328,0.0007696747
0.92211723,0.99912703
0.95057994,0.9991037
0.061566412,0.0008118728
0.9376135,0.99910945
0.9386344,0.9991143
0.053685922,0.0007731912
0.04860295,0.0007986859
0.9248365,0.9991213
0.04231015,0.00080264197
0.92776597,0.999109
0.06692027,0.00076703733
0.050507333,0.00081846624
0.042300243,0.0007903342
0.92516655,0.9991213
0.90659666,0.9991604
0.050721515,0.00083868613
0.949252,0.9990879
0.042923976,0.0007811034
0.03675919,0.0007947298
0.94938695,0.9990963
0.05482766,0.00082857616
0.048778508,0.00071253156
0.015520299,0.000747257
0.9536221,0.99913317
0.92175645,0.99906415
0.059710313,0.0007841803
0.92908776,0.9990998
0.9331089,0.99910855
0.95562625,0.99913627
0.9223609,0.9991428
0.056339327,0.0007894551
0.9376541,0.9991015
0.05641906,0.0007986859
0.052084617,0.00080967497
0.9369415,0.9991415
0.035713524,0.00075297133
0.9506131,0.99915475
0.93844175,0.9990958
0.93667305,0.99911255
0.103416,0.00076220214
0.05118133,0.0007811034
0.95324004,0.9991055
0.9446754,0.9990989
0.03953987,0.0007762682
0.050305527,0.00082989485
0.071698435,0.0007907738
0.04511608,0.0007771473
0.08681438,0.0008008837
0.060083464,0.00081231236
0.9186858,0.9990998
0.96204036,0.9992053
0.95529544,0.9991613
0.065197386,0.0008008837
0.087639675,0.0008457191
0.931598,0.99915516
0.0387537,0.0007885759
0.95272946,0.9991217
0.9474459,0.9991213
0.9597401,0.99909186
0.859859,0.99913406
0.93743104,0.9990545
0.92975307,0.99912834
0.9316505,0.9991398
0.046387322,0.00074198225
0.9339325,0.9991024
0.924347,0.99909496
0.91493475,0.9991024
0.046854813,0.00082769705
0.9502588,0.99907076
0.92515,0.99910855
0.050137896,0.00084747735
0.053291973,0.0007881364
0.9406482,0.99916834
0.08366476,0.0008105541
0.9400832,0.99911207
0.9689611,0.99913275
0.062862165,0.0008079167
0.92055774,0.9991015
0.887643,0.9991182
0.9263571,0.9991033
0.060842395,0.0007811034
0.07003894,0.00077055383
0.051689927,0.0007903342
0.92410827,0.99913406
0.04094234,0.0007569274
0.9646839,0.9991657
0.062298104,0.0008105541
0.91353476,0.99910414
0.9545967,0.99913275
0.038224306,0.0007661582
0.056155104,0.00075736694
0.9074658,0.9991231
0.057175267,0.0007894551
0.039524022,0.0007982463
0.9393777,0.9991191
0.90442014,0.9990844
0.060614098,0.0007731912
0.9276526,0.99910724
0.92309254,0.99912965
0.10163047,0.0007885759
0.9493389,0.9991244
0.9357091,0.9991187
0.9486964,0.9991209
0.040574636,0.0007881364
0.05927749,0.00080264197
0.05316594,0.000799565
0.9315549,0.99912614
0.95386773,0.9991591
0.038322113,0.00080044416
0.96360576,0.99911076
0.93425316,0.99908924
0.050480343,0.000775389
0.9330857,0.9991266
0.065034956,0.00082681794
0.9459679,0.9990611
0.9260025,0.99911207
0.07793379,0.0007934111
0.9441133,0.99913627
0.9385532,0.99913627
0.9509905,0.9990721
0.064336196,0.0008057189
0.93654627,0.99913627
0.9367461,0.99907076
0.9009098,0.99909496
0.048045576,0.000771433
0.94927204,0.9991609
0.94969845,0.99915254
0.059011057,0.00082286185
0.041991223,0.0007723121
0.9206251,0.9990655
0.9532789,0.99912524
0.9377591,0.99910414
0.10349128,0.0007793451
0.92518115,0.9990523
0.94200814,0.9991376
0.06667291,0.0007767077
0.94562596,0.9991437
0.06303227,0.0007960485
0.93519753,0.99910814
0.054985885,0.00082418055
0.048484344,0.0007960485
0.053972658,0.0007868177
0.936421,0.99910855
0.061280668,0.00082637835
0.93882036,0.99911255
0.9398883,0.99912524
0.9413621,0.99908
0.03764242,0.0007811034
0.9368575,0.9990936
0.94139975,0.9990989
0.04321987,0.0008083563
0.053001523,0.0007463779
0.05117415,0.0008030815
0.06255463,0.0007604439
0.05551775,0.0007912133
0.9190684,0.9991618
0.04955576,0.00082154316
0.0763518,0.00081890577
0.060600724,0.0007771473
0.9406106,0.9991415
0.04934826,0.0007837407
0.046367265,0.0007969276
0.053745102,0.0007969276
0.06638295,0.0007863781
0.049749393,0.0007846199
0.96070474,0.9990963
0.07387667,0.000806598
0.07083031,0.0007986859
0.071816295,0.0008008837
0.054711528,0.000799565
0.9471971,0.999178
0.93939036,0.99908483
0.9193368,0.9991033
0.060704723,0.00076703733
0.94429654,0.99910593
0.9368657,0.9991424
0.92051095,0.9991244
0.9354489,0.999142
0.94176966,0.99910593
0.03907807,0.000719125
0.93204594,0.99913144
0.9028315,0.9991428
0.06453503,0.0007876968
0.05602833,0.0007951694
0.065418504,0.00080264197
0.9521909,0.9990901
0.04979025,0.0007903342
0.94259346,0.99908876
0.05134649,0.0007951694
0.052112598,0.00079560897
0.93578243,0.99915427
0.045622695,0.00081670796
0.9203129,0.99904174
0.93944556,0.99907607
0.02907877,0.0007644
0.04646705,0.00075429
0.91605395,0.9990998
0.93781877,0.9990844
0.95967644,0.99913096
0.92779297,0.9990774
0.97506946,0.9992233
0.93966246,0.99911386
0.94914925,0.9990967
0.9302248,0.9990971
0.051977154,0.0007802242
0.052199014,0.0007978068
0.039025333,0.00076220214
0.95554256,0.99908656
0.91295016,0.9990734
0.92418104,0.99907076
0.9130096,0.99912965
0.056660235,0.00081934535
0.9240914,0.9990976
0.8873501,0.9991033
0.91503525,0.99915075
0.92507124,0.9991033
0.048564818,0.00080747716
0.9491938,0.9991815
0.93211603,0.99909097
0.9307294,0.9991345
0.9528337,0.99908656
0.9414438,0.99913496
0.09069693,0.00076352083
0.055730205,0.0008879172
0.06391476,0.00075033394
0.9368967,0.9990901
0.07143943,0.0008052793
0.93929034,0.9991037
0.9329958,0.9991226
0.93498933,0.9991112
0.072949365,0.0007881364
0.036402132,0.0007819825
0.96020335,0.9991037
0.93180996,0.99911296
0.951605,0.99920046
0.037718683,0.0007085755
0.05972517,0.00074330095
0.056139752,0.0008008837
0.053974636,0.0007894551
0.040356986,0.0007520922
0.94209975,0.9990585
0.057883684,0.0007815429
0.9478542,0.9991323
0.94168025,0.99917847
0.0609298,0.00083341135
0.924424,0.9990782
0.9143125,0.999102
0.9537305,0.99913275
0.075699344,0.0007916529
0.047565456,0.00081670796
0.923877,0.9990778
0.06163921,0.0007723121
0.9414421,0.9991385
0.9758643,0.9991033
0.0528173,0.0007811034
0.9547294,0.9991209
0.92764145,0.9990936
0.89600486,0.9990998
0.9365136,0.99907076
0.94613874,0.9991024
0.053043123,0.00073582836
0.05782005,0.0007569274
0.0371571,0.0007885759
0.071374804,0.0007907738
0.025693672,0.0007868177
0.034925625,0.000792532
0.0708261,0.0007736308
0.053653732,0.00081099366
0.019305043,0.00074593833
0.05107907,0.0008233014
0.93132514,0.99911207
0.10712052,0.0008052793
0.94400114,0.9991424
0.92405105,0.9990769
0.9655154,0.9990787
0.06195244,0.0007868177
0.91386604,0.9991385
0.061249964,0.0008127519
0.9443916,0.999149
0.95117766,0.9990576
0.05216014,0.000775389
0.9387431,0.9990936
0.03324657,0.0007696747
0.0691255,0.0007934111
0.037551053,0.0007876968
0.92304945,0.99909407
0.035555303,0.0007841803
0.9438018,0.999102
0.06521918,0.0007907738
0.9289555,0.99910986
0.94090724,0.9990985
0.92812103,0.99915034
0.9440385,0.9990971
0.93129444,0.99908966
0.056399994,0.000775389
0.9204867,0.9991182
0.06475961,0.0007771473
0.9064647,0.9991156
0.038925543,0.00080264197
0.0706238,0.0008030815
0.93923736,0.999149
0.93521017,0.9991024
0.046078302,0.0008030815
0.037385896,0.0007556087
0.95309246,0.9990936
0.901327,0.9991015
0.9273648,0.99909276
0.9475212,0.9990936
0.9329205,0.9991385
0.05625118,0.0008013233
0.93888426,0.9991376
0.94315803,0.9991459
0.9523979,0.99906856
0.9319967,0.99915475
0.92318815,0.99912
0.047032103,0.0007661582
0.056352947,0.0008079167
0.9300913,0.9991428
0.05170181,0.0007951694
0.037293784,0.00074330095
0.043254785,0.0007969276
0.06370479,0.0007723121
0.9389417,0.999109
0.94600356,0.99912524
0.9281265,0.99905145
0.9352936,0.99910593
0.0645323,0.000778466
0.061566412,0.00075385044
0.94027406,0.9990998
0.060426407,0.0007692352
0.9571758,0.99913317
0.95946026,0.99910945
0.92954975,0.99910766
0.9402429,0.9990879
0.048623007,0.0007907738
0.9256732,0.99910766
0.033870056,0.0007723121
0.93951786,0.99915737
0.9483628,0.9991798
0.052680865,0.00083121355
0.9240553,0.9991196
0.95101374,0.9990985
0.939303,0.9990769
0.05489947,0.000771433
0.046293475,0.0008092354
0.9398598,0.99902767
0.912702,0.99910504
0.057599176,0.00082198274
0.94380975,0.9991006
0.03144371,0.00073670753
0.93474466,0.9991006
0.9585181,0.99913096
0.95461106,0.99919736
0.048338503,0.00082681794
0.04074128,0.00080615847
0.93793243,0.9990971
0.08169526,0.00076703733
0.045632105,0.00074813614
0.032442573,0.0007850594
0.9346434,0.99912876
0.06039694,0.0007745099
0.9552736,0.9991231
0.061270267,0.00074066356
0.9360758,0.9991701
0.05439533,0.0007811034
0.9346328,0.99909496
0.90249175,0.9990554
0.054142766,0.00079560897
0.93844545,0.9991182
0.92718184,0.9991182
0.051327422,0.0007960485
0.06052644,0.0007986859
0.93370026,0.99908656
0.9547418,0.9991437
0.9153022,0.99912614
0.97474855,0.9991156
0.9630209,0.99917275
0.04614491,0.00076220214
0.05716957,0.000785499
0.06284632,0.000792532
0.04663617,0.0008057189
0.95455015,0.9991002
0.06393581,0.00082989485
0.052571174,0.0008044002
0.07885664,0.00082681794
0.03771596,0.0007828616
0.9718287,0.9991235
0.95011985,0.9991358
0.051190987,0.0007934111
0.051422257,0.00075648783
0.9271222,0.99912924
0.9152542,0.9991231
0.9615122,0.9990782
0.050022013,0.00075297133
0.060812432,0.00075253175
0.05528054,0.00081846624
0.04409741,0.0008101145
0.95116675,0.9991187
0.042385917,0.0007723121
0.9378775,0.99908745
0.9483492,0.9991156
0.9389516,0.9991323
0.9531581,0.9991393
0.9437149,0.99915475
0.049526047,0.00074418006
0.036288727,0.0007876968
0.050706163,0.0007661582
0.05039764,0.00082681794
0.050499655,0.000771433
0.07233059,0.00081670796
0.068542376,0.000775389
0.050019786,0.00080967497
0.055210467,0.00082242227
0.93651015,0.99910945
0.94888204,0.9991442
0.06392615,0.0007762682
0.06179892,0.00080264197
0.06612073,0.0008127519
0.055087406,0.0007679165
0.03160614,0.0007652791
0.9513832,0.99913317
0.05669193,0.0008101145
0.9407968,0.9991209
0.95686084,0.9991244
0.9576329,0.9991209
0.061670657,0.0007547296
0.05920593,0.00082681794
0.900966,0.9990558
0.94393104,0.99910593
0.9283172,0.9991209
0.92184806,0.9991006
0.925124,0.99910945
0.9515181,0.9991217
0.053184014,0.0007973672
0.9329681,0.9991358
0.9309562,0.9990813
0.931862,0.9990993
0.04270509,0.0007661582
0.9321086,0.99911517
0.9110103,0.99908656
0.94480515,0.9991024
0.038632125,0.0007942903
0.92216,0.9991165
0.8918125,0.9991011
0.0696492,0.000785499
0.92433655,0.99913317
0.052987162,0.0007938507
0.05291882,0.000799565
0.040132154,0.00084747735
0.9564298,0.9991354
0.03735816,0.0007661582
0.9375095,0.9990967
0.054956418,0.0007780264
0.946404,0.9991196
0.93001676,0.99913096
0.048090395,0.0007745099
0.93606097,0.99917275
0.95140797,0.99919826
0.93511903,0.9991156
0.049564425,0.00071253156
0.06925624,0.0007811034
0.043964192,0.00073275145
0.94037414,0.9990976
0.11509287,0.00083780696
0.96210825,0.9990778
0.046541087,0.0007780264
0.94379514,0.99912
0.9433279,0.99913186
0.9529065,0.9991613
0.08404361,0.0007745099
0.05053952,0.00083736744
0.8813789,0.99910986
0.03021085,0.000799565
0.053883765,0.0008118728
0.92231137,0.99912703
0.95355946,0.9991213
0.9401129,0.99907166
0.9167215,0.9990985
0.029062428,0.00081714755
0.08825127,0.0007837407
0.92449427,0.9991156
0.058471512,0.00074901525
0.04648488,0.0008092354
0.9469841,0.99910945
0.04300668,0.00081934535
0.9156122,0.99912614
0.9383982,0.9990747
0.93603945,0.9991204
0.025936332,0.0006945095
0.93291754,0.9990826
0.059465673,0.0007885759
0.052062087,0.00081231236
0.048809707,0.0007652791
0.95309615,0.9991213
0.93715346,0.9991147
0.94497126,0.99908304
0.051992506,0.00074242183
0.9700672,0.9991807
0.9440056,0.99912
0.9288285,0.9991015
0.9171635,0.99910766
0.9346199,0.99910414
0.9395471,0.9991209
0.05963108,0.000799565
0.9264403,0.9991217
0.87796086,0.9991657
0.05468132,0.0007986859
0.05689274,0.0008017628
0.067088395,0.00080396066
0.92116517,0.9990721
0.039631236,0.000771433
0.054271277,0.00082593877
0.042858854,0.00084396085
0.06475243,0.0007876968
0.9042476,0.9991033
0.06422427,0.00077055383
0.9070988,0.99907386
0.94245285,0.9991112
0.9463869,0.9991635
0.041996673,0.0007894551
0.9321913,0.99913406
0.04917543,0.000747257
0.051123884,0.0007960485
0.06106153,0.0008048398
0.9541968,0.99911386
0.9342606,0.99913406
0.8929394,0.99908394
0.044748627,0.000792532
0.9457458,0.9991024
0.9284256,0.99910414
0.028999535,0.0007960485
0.03809679,0.0008233014
0.96000105,0.9991648
0.9402508,0.9991196
0.93129224,0.9991204
0.9279618,0.9990936
0.96135724,0.9990813
0.9290657,0.9991068
0.042219523,0.0007850594
0.05009283,0.00080264197
0.058715656,0.00081451016
0.92382646,0.99910986
0.93297374,0.9991147
0.05390778,0.0007639604
0.055200066,0.0008052793
0.05301564,0.0007696747
0.062082928,0.0007894551
0.90741974,0.9991279
0.9343329,0.99912703
0.9445625,0.9990967
0.9565112,0.9991631
0.048679214,0.0008057189
0.91822326,0.9991156
0.050816845,0.000778466
0.076756895,0.0008246201
0.93956,0.99912614
0.9485339,0.99911296
0.073870234,0.000806598
0.061091244,0.0007986859
0.04880228,0.0008092354
0.05553558,0.0007692352
0.93801785,0.9991174
0.09978849,0.0007894551
0.9434913,0.9991178
0.92437273,0.9991015
0.9358552,0.999109
0.048992444,0.0007986859
0.06388802,0.00081846624
0.9246134,0.99910414
0.057491217,0.0008083563
0.052824978,0.00080396066
0.06995475,0.0007736308
0.060551204,0.0008400048
0.043762144,0.0007661582
0.06633838,0.0007934111
0.04877405,0.0007938507
0.9104339,0.9991156
0.05438369,0.00081670796
0.07102963,0.000799565
0.060213707,0.0007595648
0.044807557,0.0008013233
0.051176626,0.0007811034
0.026210932,0.0007780264
0.056367062,0.00082505966
0.04710267,0.0008092354
0.9486203,0.99915123
0.05522582,0.0007771473
0.07230236,0.0007960485
0.9424409,0.99915475
0.042320546,0.0008127519
0.9432541,0.9991231
0.9444763,0.9990936
0.94413334,0.9990963
0.042039014,0.0008092354
0.8950258,0.999102
0.9457386,0.9990967
0.049438145,0.0008052793
0.047589477,0.000771433
0.057752695,0.0007894551
0.041511104,0.0007674769
0.061897222,0.000799565
0.932322,0.99911076
0.9365904,0.9991213
0.9182961,0.99911165
0.93612635,0.99910414
0.94062716,0.99912
0.07532916,0.0007731912
0.0679226,0.0007969276
0.039051577,0.0007696747
0.06299142,0.0007846199
0.9411915,0.9990967
0.067596495,0.0007639604
0.04111666,0.00076088344
0.9301901,0.9991006
0.9265155,0.99910855
0.9495018,0.9991415
0.9372027,0.9990963
0.9477564,0.9991244
0.90107393,0.9991209
0.030181633,0.0007938507
0.9388778,0.99913317
0.05642847,0.0007674769
0.91348374,0.9991446
0.9383058,0.99910504
0.9068225,0.999098
0.05886967,0.0007639604
0.94849753,0.99912524
0.09407609,0.0008030815
0.95329523,0.99913317
0.0593852,0.0007969276
0.047107622,0.0007780264
0.9447856,0.9991182
0.051257346,0.00084396085
0.92392427,0.9990989
0.06218643,0.0007762682
0.9286554,0.99909186
0.05097928,0.0007947298
0.91912955,0.9990954
0.94793,0.9990835
0.037037753,0.0007802242
0.058339782,0.0007767077
0.053472728,0.0007745099
0.06663131,0.00083604874
0.96519494,0.99914634
0.95882416,0.9991112
0.94438964,0.9991222
0.056228645,0.0008052793
0.93860495,0.9991235
0.048374653,0.0007762682
0.053410824,0.00076352083
0.9242747,0.99908614
0.05254493,0.000778466
0.96190345,0.9992875
0.041676015,0.00077055383
0.97579646,0.9991824
0.94289726,0.9991231
0.92322725,0.99916923
0.07422011,0.00081934535
0.9487895,0.9990752
0.9453204,0.9990813
0.06434709,0.00081451016
0.94190264,0.9990149
0.9537073,0.99913317
0.9167349,0.99912524
0.04267562,0.0008083563
0.92720586,0.9991213
0.9643402,0.99912965
0.9629672,0.9991011
0.033499382,0.0007942903
0.93655324,0.99913055
0.06427058,0.0007828616
0.07473465,0.000761323
0.043009154,0.00080264197
0.9505304,0.9990734
0.9333835,0.99911076
0.044468828,0.0007837407
0.04596663,0.0007679165
0.9244824,0.99911386
0.070405155,0.00076703733
0.0450782,0.0007639604
0.06876225,0.0007912133
0.030794224,0.00071604806
0.041871626,0.0007811034
0.9540851,0.9991424
0.92388767,0.99910766
0.9625257,0.99913186
0.055590056,0.00080967497
0.92501056,0.99907607
0.9597787,0.9991231
0.028706858,0.0007903342
0.9570052,0.99913627
0.072751276,0.000778466
0.9285561,0.99906725
0.061631534,0.0008127519
0.07089245,0.00080044416
0.07124159,0.0007674769
0.08097174,0.0007819825
0.9269543,0.9991231
0.05999977,0.0007947298
0.038495194,0.0008030815
0.033108402,0.00074418006
0.95033526,0.9991015
0.054615702,0.00082418055
0.92194164,0.999098
0.9375766,0.9991323
0.93794334,0.99915075
0.94049245,0.99909097
0.9478027,0.99908704
0.033323083,0.00081451016
0.05548383,0.00071341067
0.054441385,0.0007876968
0.93904126,0.9991191
0.9126112,0.9990879
0.9289976,0.9991024
0.061243527,0.0007828616
0.85700846,0.99912393
0.93112457,0.99908745
0.04874508,0.0007920924
0.051742665,0.00082769705
0.045477595,0.00081846624
0.9270365,0.99914724
0.056977425,0.0007907738
0.059696697,0.0008149497
0.046940982,0.0007582461
0.057188142,0.0007709934
0.05857972,0.0007837407
0.9437476,0.99910414
0.05621503,0.0008092354
0.9502187,0.99917537
0.0651496,0.0007986859
0.038280517,0.00076703733
0.937561,0.9990611
0.046556193,0.0007837407
0.94474196,0.9990967
0.9278078,0.9991209
0.9408461,0.9991196
0.056080822,0.0007661582
0.95323163,0.9991006
0.046796624,0.0007868177
0.064053915,0.00081099366
0.052668735,0.0007951694
0.9370445,0.99913144
0.04978604,0.0007687956
0.057360973,0.0007837407
0.055501908,0.0007780264
0.050084908,0.0008127519
0.9342653,0.99912876
0.9511735,0.9991226
0.043480854,0.0007876968
0.9284387,0.99912703
0.9240261,0.99913496
0.94737834,0.9990857
0.9379792,0.9990971
0.94181347,0.9991639
0.94495493,0.9991011
0.042878665,0.00080044416
0.9235293,0.9990971
0.9405984,0.99908656
0.9372542,0.99912614
0.040101204,0.00074901525
0.06181947,0.0007885759
0.9180566,0.9991446
0.8793482,0.99910635
0.08014471,0.00079560897
0.9847394,0.9991609
0.9272126,0.99911296
0.06457167,0.0007912133
0.9328767,0.9991165
0.9434683,0.99911606
0.95633936,0.99913496
0.9459003,0.99913055
0.9559593,0.99908656
0.9392735,0.9991024
0.93404394,0.99908394
0.9357713,0.999138
0.06398508,0.0007960485
0.9394661,0.99909097
0.94522905,0.9991446
0.9407354,0.9990932
0.9305125,0.9991011
0.96027493,0.99906856
0.051341783,0.0007793451
0.04398871,0.00073978445
0.91209763,0.9990967
0.050030183,0.0008035211
0.049676348,0.0007806638
0.9604252,0.99908
0.9303842,0.9991011
0.9453085,0.9991068
0.048446458,0.0007868177
0.95791817,0.9990901
0.056506466,0.0007674769
0.055489775,0.0008044002
0.05436413,0.0008008837
0.9448002,0.99907255
0.051445283,0.0007819825
0.063812494,0.0008435213
0.9389407,0.99911076
0.07491813,0.0007907738
0.9350705,0.99908656
0.9068688,0.9991231
0.93333524,0.99912524
0.9644863,0.99912524
0.0867968,0.0007868177
0.9401669,0.99912965
0.072723545,0.0007986859
0.08849071,0.0007652791
0.048168145,0.0007723121
0.07347604,0.0007793451
0.93781656,0.99908304
0.9478297,0.99910766
0.9246815,0.99909097
0.060365,0.0007960485
0.04225295,0.0007960485
0.9254595,0.9990545
0.050362974,0.00081451016
0.047249258,0.0007885759
0.056801867,0.0007802242
0.90949124,0.99910766
0.95397073,0.99915075
0.9534921,0.9990985
0.93340534,0.99910414
0.0468974,0.00074901525
0.045306247,0.00075604825
0.96077883,0.9991046
0.057107914,0.00082989485
0.95836383,0.99912965
0.04227796,0.0008127519
0.94485515,0.9991428
0.062996864,0.0007868177
0.08155263,0.000771433
0.042802896,0.0007960485
0.9489182,0.99908745
0.0591725,0.0007780264
0.015927868,0.00072703714
0.03482559,0.00074769655
0.031513784,0.00074593833
0.9417786,0.9991569
0.94921434,0.9991609
0.93355215,0.99911165
0.058726057,0.000775389
0.9391155,0.99909097
0.047960397,0.00080747716
0.0558446,0.000799565
0.05889369,0.00075604825
0.9285371,0.99908835
0.06807043,0.0008470378
0.927115,0.9991143
0.05680583,0.00075297133
0.0399514,0.0007934111
0.9398091,0.9991182
0.06113656,0.0007841803
0.047281448,0.0007745099
0.03950768,0.0007819825
0.9505864,0.9990976
0.9278274,0.9991182
0.94667214,0.99909097
0.94302434,0.99913055
0.94673723,0.9991367
0.05372059,0.00073978445
0.94705987,0.9991147
0.9499589,0.9990936
0.9682795,0.99915123
0.05029513,0.000778466
0.9251517,0.9991367
0.058517322,0.00076703733
0.9467056,0.9990971
0.9267325,0.9991156
0.066554055,0.000761323
0.94315404,0.9991367
0.9428747,0.99913627
0.9457983,0.9990945
0.081589036,0.00076703733
0.94548804,0.99911296
0.93471444,0.99911386
0.9458456,0.99909407
0.93044615,0.99911207
0.95225084,0.99913406
0.04398549,0.00075297133
0.93959117,0.9991178
0.05861909,0.0007639604
0.9392928,0.9991266
0.913428,0.9991407
0.9676931,0.99913275
0.05779875,0.00081670796
0.93935794,0.9991701
0.0866829,0.0007793451
0.96868086,0.99915737
0.9188896,0.99913406
0.95914257,0.9991323
0.057974804,0.00073802617
0.942201,0.99908656
0.9293913,0.9990901
0.055078987,0.00081099366
0.06965737,0.0007828616
0.9229054,0.9990954
0.93647003,0.9991226
0.04233689,0.0007951694
0.9489848,0.99914855
0.035458982,0.0007868177
0.93568707,0.9991068
0.05772546,0.00080747716
0.94644654,0.9991015
0.044850394,0.0007973672
0.94237506,0.9991358
0.93084085,0.99908745
0.04179685,0.0007679165
0.9302079,0.99912703
0.9152435,0.99911076
0.96563494,0.9991578
0.049259122,0.0008017628
0.96173036,0.9991622
0.93880796,0.9991389
0.045080427,0.0008035211
0.054188326,0.0007841803
0.9527426,0.9991235
0.049113527,0.00076088344
0.896063,0.9990404
0.07657564,0.0007920924
0.9398306,0.9990998
0.059865814,0.0008022024
0.94908583,0.99912
0.9298905,0.9991217
0.035803407,0.0008022024
0.052630108,0.0007876968
0.03525272,0.0007894551
0.9173772,0.99908304
0.9348903,0.9991402
0.93441635,0.9990998
0.9444785,0.9991534
0.04205288,0.0007802242
0.8912542,0.9992198
0.9380136,0.99909407
0.9455247,0.99910855
0.038940154,0.0007947298
0.034677517,0.0007934111
0.9390878,0.9991033
0.07292634,0.0008052793
0.061153147,0.00082418055
0.97293854,0.99912745
0.95192444,0.99917275
0.07396631,0.0008048398
0.047430757,0.00080967497
0.9153398,0.9991323
0.93907714,0.99908656
0.047209144,0.0007248393
0.063824385,0.0008092354
0.058331367,0.0008175871
0.8710624,0.9991187
0.9379344,0.9990901
0.9355675,0.99904263
0.060120113,0.000761323
0.033031892,0.0007903342
0.037182853,0.0007059381
0.05988909,0.00084615865
0.9519289,0.9991648
0.9428126,0.99908525
0.055582628,0.0007934111
0.93257684,0.99913096
0.041940216,0.0007793451
0.9412138,0.9991437
0.055564303,0.0007665978
0.9314911,0.999142
0.939375,0.99910855
0.94657654,0.99906284
0.067429364,0.0007498944
0.94039416,0.99913365
0.059845015,0.00083077396
0.064102694,0.0007793451
0.9407337,0.99908614
0.058715656,0.000785499
0.054392606,0.00080264197
0.9428156,0.9991424
0.9330401,0.99913406
0.9353607,0.99916923
0.97047925,0.99907035
0.89293915,0.99908656
0.04205684,0.00080264197
0.04370519,0.0007802242
0.9363782,0.99912524
0.058227617,0.0007947298
0.07088478,0.0007679165
0.9368043,0.9991002
0.93794185,0.9991433
0.9329713,0.99913144
0.058050077,0.0007907738
0.912237,0.99910855
0.03567465,0.00075429
0.92525893,0.99913365
0.94788444,0.999149
0.9257534,0.9990844
0.061354704,0.0007811034
0.92984766,0.99910504
0.9451669,0.9991358
0.03317823,0.00074418006
0.040042024,0.0007868177
0.9254617,0.99911165
0.052013554,0.00081363105
0.044760514,0.000775389
0.05355172,0.0007723121
0.06375728,0.0007969276
0.051501244,0.000771433
0.9282654,0.9991231
0.055424653,0.0007934111
0.9505356,0.9993336
0.9196032,0.99908614
0.91946405,0.9991402
0.049105603,0.0007942903
0.9514926,0.9991248
0.95317614,0.9991393
0.041033708,0.00076000433
0.041949626,0.0007947298
0.93579257,0.9991415
0.94369435,0.99910986
0.05705889,0.0007863781
0.9337899,0.99910945
0.9471163,0.99909186
0.9431724,0.99912924
0.9396984,0.9991112
0.95967126,0.99910855
0.053563107,0.0007942903
0.937999,0.9990743
0.04473278,0.0008149497
0.061495345,0.0007868177
0.927791,0.99907607
0.9264831,0.99909407
0.053626742,0.0008149497
0.94315356,0.99911296
0.93729806,0.9991231
0.95480615,0.9991257
0.038253527,0.0008083563
0.07095857,0.00082022446
0.07657762,0.00082989485
0.037539415,0.0007837407
0.90309715,0.9991385
0.9526247,0.9990998
0.047231924,0.0007644
0.043169856,0.00076000433
0.058074098,0.0007824221
0.92136747,0.99909407
0.03875816,0.000761323
0.9078786,0.9990958
0.049683526,0.0007696747
0.07112397,0.0007982463
0.9562453,0.9990954
0.978233,0.99914813
0.06158127,0.0008127519
0.9291224,0.9990967
0.93552566,0.9990976
0.06760368,0.00080615847
0.04222373,0.0007569274
0.9339122,0.9991156
0.95674247,0.9990593
0.92853135,0.99910945
0.061698884,0.0007692352
0.06032018,0.0007960485
0.8981868,0.9991226
0.94027877,0.99910283
0.04748251,0.0007942903
0.9459872,0.99910593
0.9023105,0.99910414
0.08315617,0.0007894551
0.06380235,0.0008092354
0.057692032,0.0008118728
0.9348222,0.99912876
0.933671,0.99909097
0.9352223,0.99910414
0.05798867,0.00081363105
0.04368489,0.00075297133
0.06219361,0.00082681794
0.059697933,0.0007745099
0.0648651,0.0008030815
0.05239859,0.00075385044
0.07039823,0.0007696747
0.054567914,0.00081363105
0.9339667,0.9990752
0.0557515,0.0007661582
0.046519298,0.00075297133
0.052525118,0.0007920924
0.9619631,0.9991358
0.87137365,0.99912924
0.086318165,0.0008083563
0.069701694,0.0008035211
0.075885296,0.0008118728
0.9555743,0.99917936
0.9435032,0.99912745
0.0680885,0.0007745099
0.96823466,0.99915737
0.05330782,0.0008052793
0.050623707,0.00077407033
0.87295467,0.9991323
0.9427633,0.9990945
0.054190803,0.0008101145
0.9079949,0.99911076
0.060075045,0.00082769705
0.047175717,0.0007731912
0.9317681,0.9990826
0.07898094,0.000799565
0.05945478,0.0008083563
0.9205293,0.99910766
0.93947875,0.99910724
0.9445664,0.9991196
0.90596896,0.9991134
0.93112457,0.99912
0.963503,0.9991209
0.05168002,0.0007969276
0.048092127,0.0007771473
0.9474927,0.9991323
0.044514388,0.0007969276
0.9216678,0.99913496
0.050982993,0.0008149497
0.93505144,0.9991587
0.9606515,0.99911034
0.93401843,0.9991165
0.050770544,0.0007837407
0.057806674,0.0007841803
0.041823342,0.00082681794
0.055405587,0.0007960485
0.9370499,0.99917936
0.04025101,0.0007903342
0.94645894,0.99914855
0.916098,0.9991859
0.93605876,0.9991002
0.055718567,0.0007938507
0.9226352,0.9991217
0.056044176,0.0007938507
0.90934914,0.99912614
0.059594434,0.00082989485
0.07386305,0.0007890155
0.92358756,0.99908656
0.060509603,0.0007885759
0.92323965,0.99912
0.064066544,0.0007969276
0.029925603,0.0007903342
0.03666188,0.000775389
0.92457825,0.999033
0.063760005,0.0008127519
0.92481667,0.9991015
0.9564305,0.99915165
0.92304677,0.9991433
0.9342564,0.99914855
0.9380107,0.9990857
0.059964612,0.0008052793
0.901225,0.9990976
0.06247267,0.00081231236
0.9488848,0.9991385
0.06074137,0.0007630813
0.91991323,0.99911296
0.9450275,0.999185
0.9297746,0.99911034
0.054703113,0.0007736308
0.9482932,0.9991209
0.93304133,0.9991393
0.050593253,0.0007661582
0.045304514,0.0007679165
0.9482843,0.9991446
0.01877664,0.0007885759
0.92576677,0.9991011
0.919523,0.99910855
0.0455499,0.0007934111
0.04974221,0.0008044002
0.0707632,0.0008175871
0.06263238,0.0007876968
0.06471578,0.00081363105
0.04183424,0.0008149497
0.95757395,0.99916923
0.047296055,0.0007630813
0.93139476,0.9991468
0.9411209,0.9991248
0.93752265,0.99910724
0.9240961,0.99910283
0.04500243,0.00076703733
0.95227486,0.99911386
0.053143654,0.0007679165
0.062431566,0.00082154316
0.88432175,0.99915075
0.8882779,0.99912965
0.95206064,0.9991279
0.9038645,0.99913716
0.92785317,0.99913275
0.05218193,0.0007582461
0.04959191,0.0007969276
0.040078424,0.0008118728
0.934838,0.9990963
0.0533566,0.0008092354
0.929992,0.99907255
0.91559887,0.9990985
0.9100833,0.99910945
0.039541602,0.0007793451
0.061792232,0.0007828616
0.05261525,0.0007507735
0.9639955,0.99912614
0.94556034,0.9991385
0.05747735,0.0007881364
0.071645446,0.0007920924
0.9229435,0.9990356
0.052724447,0.00074418006
0.06119945,0.0008118728
0.9514379,0.9990668
0.051707506,0.0007960485
0.95544255,0.99912745
0.05067026,0.0008149497
0.054993063,0.0007973672
0.05320209,0.0007942903
0.04110106,0.0008044002
0.06714362,0.0007771473
0.9475967,0.9991385
0.056172192,0.0007639604
0.9490849,0.99915075
0.96581644,0.9991174
0.9266433,0.99910945
0.072922625,0.0007920924
0.93191695,0.9991701
0.9333258,0.9990857
0.9160475,0.99912
0.06336853,0.00080747716
0.9323879,0.99916923
0.94810236,0.9991134
0.046546783,0.0007661582
0.9493419,0.9991648
0.94132566,0.9991213
0.9303865,0.9991428
0.92765903,0.9991068
0.94060636,0.99911386
0.9319036,0.99911034
0.9358022,0.9991639
0.9257009,0.9991015
0.9394674,0.9991266
0.055907,0.0007828616
0.06730704,0.0008162684
0.064690776,0.0008101145
0.05025056,0.00080747716
0.94337887,0.99908656
0.061179146,0.0008017628
0.07473168,0.0007885759
0.051790453,0.0007547296
0.93768555,0.9991428
0.96650654,0.9991217
0.94858766,0.9991191
0.044782054,0.0007912133
0.88470656,0.9990967
0.93059546,0.9990857
0.9456495,0.9991385
0.04202391,0.00075385044
0.038509555,0.0007824221
0.06710648,0.0007679165
0.9360107,0.9991178
0.064699195,0.0008092354
0.9346335,0.99913096
0.962236,0.9990998
0.9344629,0.9991112
0.95264256,0.9990967
0.06780449,0.0007890155
0.058998432,0.0007811034
0.9269288,0.99909055
0.050263185,0.0008008837
0.07386627,0.00082901574
0.92357093,0.9991147
0.94135493,0.9991217
0.92990386,0.99913055
0.9257019,0.9991217
0.9411291,0.9991182
0.93391293,0.99913716
0.046690397,0.00081670796
0.96500874,0.99915254
0.9336886,0.9990769
0.06324076,0.0007907738
0.962728,0.9991389
0.9400852,0.9991217
0.038420416,0.00075736694
0.9413339,0.99911296
0.042898968,0.0007982463
0.049563684,0.0007912133
0.05674764,0.0008008837
0.031357046,0.0008105541
0.043286234,0.0007556087
0.05429356,0.0007723121
0.04593444,0.0008127519
0.061980914,0.00081846624
0.9448108,0.99912524
0.95245683,0.9991037
0.078406975,0.00083297177
0.9150853,0.9991033
0.054218534,0.0007811034
0.058734477,0.00080747716
0.9419784,0.9991596
0.96413445,0.9991169
0.9131247,0.99908525
0.9364621,0.9991367
0.058053296,0.0007687956
0.055379834,0.0007626417
0.95001364,0.9991578
0.9303364,0.9991411
0.05182933,0.0008008837
0.9592654,0.99919426
0.9268087,0.9991187
0.9576775,0.99907166
0.07838048,0.00080615847
0.052715283,0.0007736308
0.9607137,0.9991156
0.9201928,0.9991112
0.05111076,0.00080967497
0.88299036,0.9991134
0.044835538,0.0007793451
0.065924376,0.0007639604
0.05103524,0.00082945527
0.96408516,0.9991011
0.9659695,0.9990844
0.07391976,0.0007942903
0.94116575,0.99910593
0.93475163,0.99910855
0.058892947,0.0007723121
0.06862136,0.0007701143
0.07938207,0.0007881364
0.061607018,0.0007916529
0.050652433,0.000806598
0.9501565,0.9990747
0.045219336,0.0007960485
0.055644777,0.0008044002
0.03653535,0.0007582461
0.042377993,0.0008149497
0.93317384,0.99910635
0.9274362,0.9991345
0.047771223,0.0008118728
0.06934464,0.0007723121
0.9505517,0.99912614
0.053655714,0.0007978068
0.9356282,0.9991046
0.03448116,0.00076352083
0.064972065,0.00080615847
0.92424,0.9990567
0.94398826,0.9991231
0.9342653,0.9990954
0.92714447,0.99913406
0.937328,0.9991802
0.9274468,0.9991323
0.9532913,0.9991833
0.9533064,0.99907166
0.95234686,0.99910945
0.043145094,0.00080264197
0.93111545,0.99915075
0.9292489,0.99905497
0.07221198,0.0007630813
0.054970037,0.0007982463
0.07022118,0.0008092354
0.027081782,0.0007534109
0.05957586,0.0007837407
0.93023366,0.99910635
0.04923411,0.0007723121
0.93711257,0.9990936
0.08250668,0.0007679165
0.95682967,0.99909186
0.08543073,0.0007793451
0.050681155,0.00075516914
0.88435346,0.99912965
0.93860495,0.9991231
0.95151615,0.99907076
0.037631277,0.0007793451
0.04795891,0.00082154316
0.95862657,0.99910945
0.046248164,0.0007951694
0.04893475,0.0007534109
0.93643093,0.99914724
0.93418807,0.9990611
0.0628894,0.0007973672
0.93107283,0.99911386
0.07201711,0.0007850594
0.028940603,0.0007731912
0.04804929,0.00081231236
0.9468826,0.9991182
0.07099571,0.00082505966
0.057954006,0.0008175871
0.05725376,0.0007960485
0.045456547,0.0008233014
0.9356306,0.999167
0.93055016,0.9991174
0.9420792,0.99908745
0.930871,0.99911296
0.9087539,0.9991424
0.9489534,0.9991657
0.064400576,0.00073407014
0.93711454,0.9991393
0.95753413,0.9990963
0.04681965,0.0007894551
0.9378958,0.9991279
0.05200142,0.000771433
0.93789726,0.99911034
0.9563428,0.99909407
0.9026076,0.9991006
0.055630665,0.0008057189
0.9504774,0.9990954
0.044859063,0.00081099366
0.06770619,0.0007819825
0.954769,0.9991279
0.93476003,0.99906594
0.936135,0.9991037
0.031865392,0.00076703733
0.047554564,0.0007951694
0.96416616,0.999149
0.045617003,0.0008044002
0.9256548,0.9990971
0.9497264,0.9991411
0.92768204,0.9990901
0.9268516,0.9991279
0.050148048,0.0007894551
0.11001163,0.0007701143
0.05175232,0.0007876968
0.9560004,0.9991248
0.93296385,0.9991191
0.937175,0.99913055
0.046849858,0.0007582461
0.93310624,0.99910766
0.94063413,0.9991323
0.92942226,0.9991257
0.9497331,0.99915516
0.9355628,0.99911296
0.046137728,0.0007595648
0.9285804,0.99913144
0.87253845,0.9991358
0.9717599,0.99910945
0.047585268,0.0007934111
0.93264097,0.99909407
0.9257816,0.9991024
0.095517434,0.0007837407
0.9388231,0.9991244
0.92559594,0.9990567
0.04854377,0.0007520922
0.9300534,0.9990936
0.95290154,0.99910945
0.050367925,0.000785499
0.9206291,0.99911296
0.91982955,0.99908614
0.9303154,0.9991639
0.9435468,0.99909496
0.9321148,0.9991182
0.94907296,0.9990795
0.94712627,0.99910945
0.039609693,0.0007907738
0.9493842,0.9990857
0.08078182,0.0007960485
0.95146763,0.9991231
0.050751973,0.0007903342
0.9071469,0.99913317
0.06658401,0.0007986859
0.07830149,0.0007771473
0.9274248,0.9990989
0.9341796,0.9991226
0.06681924,0.0008030815
0.06436566,0.0008079167
0.9369467,0.9991222
0.038987447,0.0007696747
0.93116593,0.9991217
0.95558316,0.9991534
0.9386629,0.99906904
0.944247,0.9990945
0.92232126,0.9990958
0.036285013,0.0007881364
0.07844634,0.00080615847
0.9534904,0.99910283
0.053127557,0.0008017628
0.027135514,0.0007894551
0.93807405,0.9990936
0.08756514,0.0007903342
0.9428386,0.9991393
0.051468313,0.0007912133
0.059463695,0.0008035211
0.93465304,0.99917096
0.059936877,0.0007903342
0.92995614,0.9991046
0.061710272,0.000761323
0.09324907,0.00081363105
0.9352738,0.9990769
0.04287049,0.0007665978
0.9231723,0.999098
0.9547812,0.999109
0.06639038,0.00073802617
0.9456896,0.99908876
0.051494557,0.00073890534
0.9419571,0.99910766
0.048759937,0.00073978445
0.9109388,0.99906635
0.9244631,0.9991174
0.06585851,0.0007661582
0.9280148,0.9990971
0.062300332,0.00081538927
0.9599228,0.9991196
0.93408775,0.9991182
0.9396563,0.9991257
0.032361854,0.00074549875
0.92766494,0.99908745
0.9377242,0.99914855
0.9116165,0.9991244
0.051004782,0.0008044002
0.052646942,0.000761323
0.043678943,0.0008083563
0.06014487,0.00082418055
0.9080685,0.99914503
0.06021074,0.0007863781
0.97673863,0.9991248
0.055651464,0.00080967497
0.9430186,0.999102
0.9392282,0.9991068
0.9172073,0.9990835
0.9117866,0.99914813
0.96014094,0.9991244
0.04149179,0.0007846199
0.047330473,0.0008246201
0.95586246,0.9991424
0.92851007,0.99911296
0.054440394,0.0008008837
0.9519752,0.99911034
0.9592231,0.9991631
0.063600294,0.00081582885
0.047978472,0.000775389
0.9181381,0.9991182
0.042688005,0.00074286136
0.06262842,0.0008008837
0.9501587,0.9991226
0.94110656,0.99915606
0.037553526,0.0008008837
0.924757,0.99907076
0.9581375,0.9991459
0.9555349,0.99913317
0.9338399,0.9991156
0.030377246,0.0007723121
0.9164303,0.9990782
0.93111515,0.99913716
0.9229831,0.99912614
0.94641286,0.9991244
0.96366227,0.9991428
0.91742104,0.99915475
0.036212463,0.0007745099
0.94157207,0.9990963
0.9357435,0.9990993
0.08467823,0.00083209266
0.081550404,0.0008118728
0.9669495,0.9991833
0.07035761,0.0007903342
0.053343475,0.0008052793
0.047780383,0.0007661582
0.95190215,0.99908656
0.045607593,0.000761323
0.05274995,0.0008057189
0.9312343,0.99915826
0.050268386,0.0007652791
0.05336774,0.0008022024
0.047294818,0.0007973672
0.901949,0.99911034
0.06266605,0.0007850594
0.04714229,0.00081319147
0.033802707,0.0007463779
0.040768024,0.000799565
0.91718554,0.99912924
0.04406398,0.00080396066
0.05606151,0.0007841803
0.049783066,0.0007767077
0.04639995,0.0007942903
0.064823,0.0007674769
0.95512086,0.99910504
0.057643004,0.0008013233
0.9481457,0.9991156
0.9381659,0.99908614
0.029182024,0.000775389
0.89745855,0.99912876
0.9322735,0.99908835
0.9268964,0.9991174
0.052060105,0.0007934111
0.9488348,0.9991174
0.052593213,0.0007978068
0.9442832,0.99906814
0.057039823,0.00082022446
0.9274015,0.99910414
0.03913205,0.0007920924
0.07233009,0.00083253224
0.9103232,0.99911034
0.06277277,0.0007652791
0.018175934,0.0007745099
0.92492884,0.99913627
0.04709227,0.0007841803
0.94581145,0.99906373
0.061008047,0.0008030815
0.04880104,0.0007986859
0.92071897,0.99913406
0.9344837,0.9991112
0.9470586,0.9991701
0.049283635,0.00072396017
0.93913877,0.9991428
0.94692767,0.99908656
0.08220831,0.00080264197
0.06852975,0.00074198225
0.93438566,0.9991006
0.067185216,0.0007942903
0.07287558,0.0008022024
0.9470871,0.99910504
0.11988638,0.0008127519
0.05334298,0.000785499
0.052819528,0.0008092354
0.066748425,0.0007916529
0.9488635,0.99923253
0.940883,0.9990989
0.9303317,0.99910414
0.912162,0.9991257
0.91662645,0.9992255
0.9247367,0.9991323
0.94490665,0.99910945
0.9087207,0.9991244
0.94953454,0.99912965
0.070243716,0.0007868177
0.9532071,0.9991569
0.06512484,0.0008008837
0.9103609,0.9991367
0.07850627,0.0007951694
0.055510573,0.00082198274
0.051345743,0.0007696747
0.069457054,0.0008052793
0.060896374,0.00076220214
0.06345791,0.00077407033
0.045907944,0.0007793451
0.94283813,0.99912876
0.04907143,0.0007960485
0.060109463,0.000799565
0.034543063,0.0007907738
0.05938644,0.00082154316
0.059236635,0.0007903342
0.057347853,0.0007687956
0.95426613,0.99915427
0.0538699,0.0007837407
0.059837833,0.0007674769
0.047839813,0.0008013233
0.94340664,0.99909186
0.07464006,0.00074286136
0.056796916,0.0007771473
0.9149887,0.9990923
0.8995323,0.9990756
0.07411785,0.00082637835
0.9530759,0.99912876
0.054553803,0.0007780264
0.9258656,0.99909496
0.9391046,0.99912614
0.9420923,0.999102
0.085735045,0.0007745099
0.051123638,0.0007876968
0.92500263,0.9991112
0.072254814,0.0008079167
0.06699183,0.00083604874
0.052076448,0.0007745099
0.9649625,0.9991402
0.052224517,0.0008092354
0.94169635,0.9991389
0.93058974,0.9991147
0.054606296,0.0008083563
0.9340687,0.9990752
0.06548462,0.0008048398
0.94646585,0.9991191
0.93533844,0.99912614
0.9390811,0.9990826
0.049172953,0.00081670796
0.071199745,0.0007837407
0.9413383,0.99910986
0.93570143,0.99914986
0.045387466,0.0007938507
0.94290644,0.99908745
0.92060953,0.99908745
0.9487924,0.99915826
0.9539274,0.9990787
0.055155497,0.00076352083
0.04851579,0.00082505966
0.02725313,0.0008030815
0.95870256,0.9991033
0.9323233,0.9991156
0.9414282,0.99910283
0.87833947,0.99911296
0.055430595,0.00082022446
0.056443326,0.0007837407
0.93709993,0.99911517
0.9347105,0.9991446
0.93146926,0.99910945
0.9453155,0.9991037
0.93965185,0.99910504
0.9340521,0.9991112
0.035873234,0.00075604825
0.062161174,0.0008057189
0.06626212,0.0007881364
0.045556832,0.00081582885
0.0666162,0.0007582461
0.87774324,0.9991174
0.051098876,0.00079560897
0.9477658,0.9990615
0.037614193,0.0007644
0.9668564,0.99910593
0.9454561,0.9991591
0.071803175,0.0008022024
0.044934336,0.0007674769
0.051722113,0.0007793451
0.06130122,0.0007652791
0.058554213,0.0008044002
0.92541265,0.99906987
0.92980504,0.9991015
0.96444863,0.9991596
0.07266115,0.0007780264
0.053945668,0.0007736308
0.057320863,0.0008008837
0.9187876,0.99912614
0.9305563,0.9991824
0.94309366,0.999098
0.9239914,0.99908966
0.06940134,0.0008052793
0.032489374,0.0007934111
0.054340113,0.0007819825
0.9355328,0.9990967
0.91851276,0.999102
0.06450631,0.0008044002
0.04711604,0.0007863781
0.056724116,0.00081934535
0.07644069,0.0007674769
0.06388579,0.00075516914
0.056561437,0.0007745099
0.04413356,0.000799565
0.94962615,0.9990774
0.06594518,0.0007815429
0.06722013,0.00075516914
0.05478111,0.00076000433
0.9588531,0.9991222
0.030408198,0.00072571845
0.9216747,0.99908483
0.94490665,0.9990844
0.07665463,0.0007745099
0.07475619,0.00082022446
0.041563846,0.0007780264
0.9382107,0.9991178
0.94681054,0.9991248
0.06366863,0.0007969276
0.04705934,0.0008114332
0.9412353,0.99913365
0.053736433,0.0007894551
0.066863075,0.0007986859
0.9427418,0.999102
0.07957595,0.00082769705
0.94169164,0.9990923
0.94127244,0.9991015
0.9303701,0.99910593
0.07131439,0.0007942903
0.96394205,0.9991428
0.07597939,0.00082198274
0.055055957,0.00073319103
0.9410291,0.99912703
0.92445093,0.9990971
0.93154305,0.9991789
0.04580816,0.0008052793
0.93542266,0.99908835
0.9184845,0.99913317
0.039707996,0.0007498944
0.050798275,0.00082022446
0.9475526,0.9991745
0.93731487,0.9991187
0.9347823,0.9990835
0.067393206,0.0007806638
0.059433483,0.0007850594
0.9495635,0.9990835
0.9316936,0.9991279
0.9603707,0.9991226
0.040695474,0.0008013233
0.9453823,0.9991174
0.048348404,0.00080264197
0.9266886,0.99911034
0.057418916,0.00081846624
0.93757415,0.999102
0.9534614,0.99910283
0.0458661,0.00080264197
0.053755008,0.0007723121
0.0683636,0.00080396066
0.9011943,0.9991182
0.07388113,0.0007890155
0.05816274,0.0007679165
0.04761473,0.00079560897
0.9143959,0.99908483
0.9340298,0.9990936
0.05190411,0.0007846199
0.050811645,0.0007679165
0.07169348,0.0007920924
0.055343684,0.000778466
0.06112071,0.0007833012
0.92699194,0.9991112
0.96033114,0.99909407
0.049544122,0.00080264197
0.04369826,0.0007679165
0.051882073,0.0007920924
0.054604314,0.00080747716
0.900602,0.9991015
0.05756872,0.0007771473
0.053107254,0.00077407033
0.060967192,0.0007811034
0.9345166,0.99916744
0.96324575,0.99913055
0.069542974,0.0008035211
0.067748286,0.0007802242
0.06791171,0.000799565
0.06303079,0.00075648783
0.9224277,0.99908304
0.94927454,0.99913055
0.92994297,0.9991156
0.051544577,0.0007736308
0.922323,0.99908656
0.047364395,0.0007745099
0.9555713,0.99912703
0.9379042,0.9991046
0.9178734,0.99911606
0.060436312,0.0008105541
0.90540767,0.99906856
0.055760413,0.0007978068
0.04265631,0.0008044002
0.042017717,0.0007767077
0.04592107,0.0007833012
0.03142712,0.00080615847
0.0568868,0.0007626417
0.07524943,0.0007951694
0.072846115,0.00075604825
0.04906648,0.000719125
0.062190145,0.0007969276
0.06007579,0.0007894551
0.04807628,0.00082505966
0.046410102,0.0007687956
0.93887955,0.999138
0.9422983,0.99911165
0.05813501,0.00075297133
0.055816375,0.000761323
0.029930802,0.0007951694
0.9628939,0.9990998
0.047119755,0.0007771473
0.04290813,0.0008400048
0.9139339,0.9990923
0.94722927,0.99911296
0.94588053,0.9991323
0.040394127,0.0007938507
0.9435908,0.9991033
0.06562402,0.0007806638
0.08232915,0.00080967497
0.06087805,0.0007630813
0.061601326,0.0008092354
0.92944527,0.99914634
0.92196447,0.99909276
0.9430221,0.9990813
0.024127776,0.00076220214
0.023884125,0.00080615847
0.09682284,0.0007881364
0.065591335,0.0008083563
0.05464022,0.00081670796
0.9417377,0.99915737
0.05201504,0.0007828616
0.9473756,0.9990655
0.08310417,0.00080615847
0.051175635,0.0007556087
0.045692522,0.0008101145
0.04471099,0.0007709934
0.049022898,0.0008175871
0.93552166,0.99913317
0.9527089,0.9991455
0.050924063,0.00082022446
0.9619171,0.9991231
0.07556018,0.0007745099
0.05848439,0.0007938507
0.9329302,0.99911517
0.9338622,0.9990932
0.95582557,0.99916613
0.057627406,0.0008083563
0.065356605,0.0008175871
0.9385175,0.9991248
0.93220615,0.9990954
0.94217825,0.99911207
0.03155959,0.00075297133
0.94295347,0.99910814
0.9402154,0.9991147
0.96348345,0.9991033
0.9548297,0.9991156
0.9428084,0.9990936
0.9501842,0.99908304
0.06295997,0.0007903342
0.9276788,0.9991015
0.066313624,0.000799565
0.076276526,0.00075297133
0.93140364,0.9990782
0.09995315,0.000799565
0.028651888,0.0007846199
0.054490414,0.0007661582
0.051098876,0.0008101145
0.93540454,0.99910945
0.03534805,0.00070417987
0.94337887,0.99908876
0.08859917,0.00080264197
0.05278189,0.0007969276
0.049892016,0.0008092354
0.9546284,0.9991415
0.9463849,0.99908656
0.052097246,0.00083560916
0.9168505,0.99908745
0.9060418,0.9991134
0.041552704,0.00072659756
0.086046785,0.0007604439
0.9385673,0.9991446
0.9276209,0.99911386
0.04700734,0.0007876968
0.056760516,0.0007824221
0.945753,0.9991182
0.053371456,0.00074901525
0.045202993,0.0007630813
0.052723702,0.0007934111
0.03908575,0.0007828616
0.027510399,0.0007890155
0.0658439,0.0008127519
0.9248756,0.9990633
0.92308563,0.9991182
0.05218267,0.0007942903
0.942876,0.9991385
0.95915693,0.99911517
0.042449553,0.00074593833
0.061272494,0.0007687956
0.04300346,0.0007463779
0.06710053,0.0007916529
0.06642901,0.0008149497
0.033786114,0.00073450967
0.06277599,0.00076220214
0.047633797,0.0007969276
0.063000575,0.000785499
0.042789772,0.0007969276
0.033642996,0.0006993447
0.9474209,0.99907386
0.051223177,0.000747257
0.054507498,0.0007828616
0.9184783,0.9990879
0.04091238,0.00081934535
0.041197132,0.0007604439
0.9404576,0.9991011
0.94626355,0.99915606
0.059930936,0.0007885759
0.8764626,0.9991437
0.07021004,0.0007745099
0.94919235,0.99915427
0.028997306,0.000778466
0.9435547,0.9991393
0.937353,0.99909097
0.9315849,0.9991446
0.95009315,0.9991143
0.93060386,0.99906635
0.07077187,0.0007894551
0.05710965,0.000806598
0.040253982,0.00080747716
0.9386738,0.9991024
0.9388729,0.9991622
0.9326373,0.99913627
0.05672189,0.00077055383
0.9271371,0.99910945
0.052801948,0.0007652791
0.0895906,0.00083121355
0.94850594,0.9991279
0.9280527,0.9991428
0.9458525,0.9991376
0.059955943,0.00083253224
0.9094489,0.99908394
0.9374981,0.9990976
0.95069754,0.99913275
0.93832713,0.9991407
0.9629157,0.9991266
0.93603474,0.9991037
0.059765037,0.00082681794
0.050975565,0.0008083563
0.058170415,0.0008101145
0.055248354,0.00081538927
0.93351007,0.9991024
0.04436161,0.0007665978
0.06972794,0.000799565
0.89834476,0.9991213
0.937949,0.99912834
0.06501589,0.00079560897
0.9370742,0.99912524
0.057964157,0.0007661582
0.0595095,0.00081231236
0.9263338,0.9991446
0.055848066,0.00080967497
0.9495085,0.99910986
0.052361943,0.00082242227
0.06827669,0.000785499
0.96013826,0.9991178
0.05323428,0.0007942903
0.06477818,0.0008030815
0.045180462,0.0008044002
0.95272774,0.9990963
0.8930127,0.99912393
0.9610633,0.9991446
0.056057796,0.000785499
0.06441716,0.0008118728
0.9520703,0.99913317
0.040090308,0.0007951694
0.90743905,0.99911606
0.94749963,0.99910414
0.9229066,0.9991033
0.061860327,0.0007973672
0.07437784,0.00077055383
0.9529743,0.9991046
0.03851327,0.0007885759
0.95415914,0.9991213
0.9423384,0.9990901
0.05936787,0.00081846624
0.050177265,0.000785499
0.94702077,0.99913365
0.9283964,0.99910724
0.9443079,0.99912703
0.041550722,0.00075648783
0.052208424,0.0007912133
0.063742176,0.0008017628
0.060615335,0.0007582461
0.9294178,0.99910593
0.054962855,0.00076703733
0.04706652,0.0007731912
0.046671826,0.0007846199
0.95321304,0.99912
0.9478401,0.9991182
0.05159286,0.0007890155
0.059896518,0.00083385094
0.05382409,0.0007780264
0.108349666,0.0008052793
0.06801248,0.0007679165
0.952466,0.9991248
0.06141487,0.0007841803
0.9275218,0.9991358
0.9295617,0.999142
0.0607483,0.00080264197
0.9403922,0.99912876
0.9282097,0.9990936
0.87389064,0.9990835
0.94935995,0.99913496
0.065334566,0.0007837407
0.9372807,0.9991455
0.9606562,0.9992264
0.93302256,0.99906635
0.059011552,0.0007828616
0.9357933,0.99912965
0.05310775,0.0007679165
0.054623876,0.0007978068
0.10060734,0.0008114332
0.035789296,0.00082857616
0.043102257,0.0007687956
0.8811184,0.9991248
0.96234024,0.99912614
0.06906013,0.0008030815
0.9264125,0.99906284
0.058327157,0.0008149497
0.042222742,0.0007986859
0.10416379,0.00071956456
0.93842024,0.99906725
0.9417454,0.9991798
0.046427682,0.000792532
0.03589973,0.0007661582
0.04083686,0.000785499
0.9712035,0.99915123
0.072954565,0.0007771473
0.048781972,0.0007780264
0.982012,0.99915075
0.068903394,0.0007982463
0.050734885,0.0007947298
0.9397113,0.9991006
0.87400675,0.99913317
0.043509826,0.0007626417
0.9372609,0.9990752
0.9494927,0.9991428
0.9128018,0.99908525
0.050888404,0.0007736308
0.90715504,0.9990835
0.9355338,0.9990954
0.081052214,0.0008175871
0.92625904,0.99910593
0.93321466,0.9991165
0.065241955,0.00080396066
0.04119441,0.000785499
0.95206785,0.99912965
0.05769104,0.0007780264
0.95612174,0.9991402
0.07372959,0.0007868177
0.9612354,0.99911517
0.92880493,0.9991169
0.026636576,0.00080264197
0.93199396,0.9990826
0.9303095,0.99911606
0.9249368,0.9991358
0.05236516,0.0008114332
0.93427294,0.99907607
0.924007,0.9990536
0.045698714,0.000761323
0.10014926,0.00081099366
0.93584305,0.9991231
0.94196206,0.99910593
0.93799037,0.99915123
0.056878626,0.00083824655
0.9428272,0.99917316
0.020413848,0.000719125
0.9859151,0.9991437
0.07284314,0.0007986859
0.92437667,0.99913627
0.0645796,0.0007903342
0.9434383,0.99911207
0.05447209,0.0007951694
0.9450886,0.99911296
0.93038523,0.9990813
0.040035833,0.0007912133
0.9465949,0.9991204
0.05933964,0.0007824221
0.8792519,0.9991653
0.05952733,0.0007885759
0.05996362,0.0008105541
0.06284978,0.00080967497
0.938413,0.9991639
0.043709155,0.0007661582
0.92830926,0.9991209
0.95610267,0.9991209
0.09241734,0.00080396066
0.041893665,0.00081363105
0.0746777,0.000771433
0.07279238,0.00082374096
0.9473704,0.9991134
0.95276487,0.9991358
0.06922801,0.0007876968
0.056479476,0.0007828616
0.92562413,0.99911517
0.048402384,0.00074374053
0.9704941,0.9991622
0.964831,0.99914855
0.9076406,0.9990593
0.061346285,0.00082505966
0.06383305,0.0008079167
0.92726284,0.9990963
0.9339397,0.99908656
0.065224625,0.0007811034
0.94903433,0.99911165
0.05310354,0.0007604439
0.92520666,0.9990976
0.05359604,0.00082769705
0.053581182,0.0007767077
0.8922924,0.99910504
0.94477,0.9991187
0.90964353,0.99908745
0.053108245,0.0007661582
0.9617913,0.9991209
0.9115051,0.99919826
0.9395003,0.9990954
0.93264616,0.9991178
0.933933,0.9990743
0.055056702,0.0008044002
0.055827763,0.0007920924
0.9494734,0.99911207
0.042329956,0.0007736308
0.054014254,0.0008101145
0.948054,0.9990826
0.054162327,0.0007828616
0.9452263,0.99912614
0.94976825,0.9991147
0.93571776,0.99908656
0.9274973,0.9990936
0.061514907,0.0007736308
0.05909079,0.0007828616
0.041918427,0.0007595648
0.9449787,0.99912614
0.049339347,0.000785499
0.04358683,0.0007595648
0.9145297,0.9991437
0.94467586,0.999109
0.9330659,0.99914634
0.9275055,0.99912
0.9716804,0.9991657
0.9475499,0.9990932
0.05693335,0.00082242227
0.05065441,0.0008101145
0.101544306,0.0007881364
0.9228784,0.9990954
0.9270957,0.9990971
0.9530565,0.99915034
0.9345015,0.9991068
0.04362571,0.00076352083
0.9177251,0.9990844
0.07827574,0.000747257
0.06143171,0.00080044416
0.057873532,0.0008017628
0.07808781,0.0007876968
0.96451133,0.9991345
0.9238064,0.99912614
0.976229,0.9991244
0.06654192,0.0007890155
0.050504606,0.000747257
0.95594025,0.99917847
0.9438986,0.9991191
0.05740901,0.0007942903
0.924807,0.9990998
0.07217137,0.0008092354
0.926514,0.99910855
0.9692003,0.9991046
0.07019543,0.0007885759
0.9385081,0.9991402
0.9460964,0.99913406
0.9338374,0.9991609
0.052104674,0.0007912133
0.06266234,0.0008083563
0.06485915,0.00080747716
0.052093286,0.000806598
0.9253532,0.9991174
0.046689406,0.00081670796
0.9210361,0.9991182
0.05042339,0.0008175871
0.9308148,0.9991174
0.9395884,0.99908656
0.053452425,0.0008101145
0.87659234,0.99913055
0.9184929,0.9990787
0.06139209,0.0007780264
0.9029652,0.9991002
0.07118662,0.0007679165
0.041357584,0.0008197849
0.08022717,0.0008052793
0.91661006,0.9990554
0.9312358,0.99909097
0.9259394,0.9991446
0.054657057,0.0007969276
0.06564037,0.0007674769
0.9415508,0.99913496
0.046401434,0.0007652791
0.04110824,0.00073275145
0.95159835,0.99912745
0.051525757,0.00077055383
0.9774661,0.9991815
0.01953854,0.0007806638
0.9322557,0.9991112
0.04782,0.0007969276
0.94469917,0.9991323
0.03959385,0.000775389
0.04587823,0.0007885759
0.044249196,0.0007960485
0.0697267,0.000792532
0.047980454,0.000771433
0.033535782,0.0008035211
0.040472127,0.0007890155
0.040238135,0.0007868177
0.036889184,0.00082989485
0.052025933,0.00076220214
0.9318506,0.99909097
0.95542395,0.9991248
0.056975693,0.0008092354
0.0444614,0.0008035211
0.051437113,0.0008052793
0.05065268,0.0008008837
0.056516122,0.0007934111
0.065297425,0.00082681794
0.050454836,0.0007986859
0.92118394,0.9991196
0.064879954,0.0007811034
0.94473976,0.99912614
0.93416727,0.9991156
0.062172316,0.0008052793
0.93347293,0.9990532
0.9258658,0.9991323
0.93419373,0.99913317
0.91417336,0.99909097
0.06872957,0.0008118728
0.02867442,0.0007793451
0.06699084,0.0008083563
0.051677793,0.000747257
0.9342826,0.99908924
0.048079252,0.0007942903
0.061751377,0.0007920924
0.9628954,0.9991402
0.9605238,0.9991415
0.060198605,0.0007894551
0.9093456,0.9991165
0.045671724,0.0008017628
0.954254,0.9991376
0.9343995,0.9990936
0.043891147,0.00076703733
0.063500755,0.0008017628
0.07771416,0.0007894551
0.9321752,0.9991389
0.92791504,0.99911207
0.912421,0.999109
0.048453145,0.00082989485
0.033111125,0.00080967497
0.95014787,0.9990352
0.9364274,0.9990985
0.9523994,0.9991446
0.057779685,0.0007986859
0.9309604,0.99908304
0.071034834,0.00076352083
0.9709457,0.99915826
0.95116603,0.999149
0.95455015,0.9991002
0.049191028,0.00081934535
0.048180774,0.0007731912
0.95612025,0.99914813
0.9208908,0.9990787
0.9251586,0.99912703
0.94752216,0.999098
0.9373159,0.9991385
0.051793426,0.0007846199
0.060070835,0.0008083563
0.05982149,0.0007758286
0.9317704,0.9991279
0.93351257,0.99909496
0.06235233,0.00075297133
0.059170272,0.0008105541
0.9518534,0.9991477
0.05112141,0.0008175871
0.93963206,0.99913144
0.93335164,0.9991033
0.9358577,0.9991174
0.9319917,0.9990998
0.964878,0.9990963
0.05590799,0.0007868177
0.016935151,0.000719125
0.9458057,0.99911034
0.053755503,0.000771433
0.068882346,0.0007828616
0.040862113,0.0008030815
0.9262065,0.999109
0.9352773,0.9991196
0.9348853,0.9990721
0.9536399,0.99914855
0.9192645,0.99912965
0.93347394,0.9990945
0.9686487,0.9991213
0.9393582,0.99911386
0.9661054,0.9991411
0.9335673,0.9991376
0.92703754,0.9991191
0.9428777,0.9990589
0.9289835,0.9991147
0.06658872,0.0007907738
0.060696304,0.0007986859
0.93446934,0.9990835
0.052002907,0.0007687956
0.9614139,0.9991248
0.06563096,0.0007762682
0.8879208,0.99912745
0.9347613,0.99909186
0.052836616,0.0008044002
0.058555204,0.0007771473
0.050940406,0.0007969276
0.9445714,0.9991024
0.9372921,0.9991209
0.94983536,0.99912876
0.94342,0.99912876
0.053424444,0.000761323
0.063019395,0.0008175871
0.049249217,0.00074330095
0.95556486,0.9991191
0.06651592,0.00077407033
0.93337315,0.9991446
0.062441472,0.0007556087
0.050125018,0.0007969276
0.9331959,0.9991182
0.933542,0.9990923
0.058023337,0.00074066356
0.94804317,0.9990985
0.039526,0.0007679165
0.047609534,0.00082286185
0.9317112,0.99912524
0.9206838,0.9991182
0.9396137,0.99908924
0.066331945,0.0008035211
0.06465042,0.0007868177
0.9706243,0.999149
0.052488968,0.000806598
0.9245054,0.99908304
0.0537196,0.00081582885
0.06077009,0.0008364883
0.05332862,0.0007986859
0.8956074,0.9991182
0.05873101,0.0007969276
0.9107749,0.99913186
0.05010026,0.00080967497
0.037365343,0.00083780696
0.93890923,0.9990795
0.9420599,0.9991407
0.9258279,0.9990967
0.04435319,0.0008017628
0.05304857,0.0007723121
0.038881715,0.0007819825
0.054883372,0.0008197849
0.9119936,0.9991407
0.053849347,0.000799565
0.045475613,0.0007876968
0.07904779,0.00082418055
0.94346434,0.9991354
0.04599956,0.0008149497
0.9213905,0.99910504
0.08419217,0.0007986859
0.9403293,0.9991006
0.940619,0.9991226
0.95210326,0.9990932
0.92998606,0.9991231
0.94313425,0.9990769
0.040824726,0.000792532
0.95348316,0.9991011
0.059453294,0.000785499
0.90805906,0.99925184
0.9452003,0.99910855
0.9534849,0.9991068
0.045032144,0.00082593877
0.9180715,0.99908656
0.93624914,0.9990668
0.032523047,0.00074901525
0.06967743,0.00082242227
0.95070916,0.9991437
0.93581486,0.9991033
0.07732541,0.00081319147
0.94653916,0.9991424
0.039550517,0.00081582885
0.9320603,0.99910945
0.090887845,0.00076000433
0.9401317,0.99911034
0.05651885,0.0007709934
0.04477834,0.0007876968
0.054333676,0.000775389
0.05400138,0.0007894551
0.9272819,0.99910414
0.9421676,0.99913317
0.044464864,0.00076220214
0.034520283,0.000785499
0.8852929,0.99912
0.06882614,0.000778466
0.047465917,0.0007876968
0.053130034,0.0008013233
0.053990733,0.0008149497
0.94684446,0.9991376
0.05552444,0.00083473005
0.93887186,0.99914724
0.026312701,0.0007876968
0.9331409,0.9991174
0.93580544,0.99912876
0.03713209,0.00076220214
0.07286741,0.0007960485
0.05437453,0.00082549924
0.0561509,0.0007745099
0.050461773,0.0008175871
0.05841902,0.0008044002
0.9324778,0.99906594
0.96967006,0.99911386
0.06393333,0.0007767077
0.048868883,0.00076703733
0.047331713,0.0007837407
0.067547716,0.0007876968
0.053869404,0.0007986859
0.93472385,0.9991248
0.07056511,0.0007868177
0.06537864,0.0007806638
0.92476916,0.99908394
0.04627664,0.0007512131
0.055443224,0.000775389
0.9287802,0.9990971
0.07634982,0.0007723121
0.051452465,0.0007885759
0.9104349,0.9991231
0.060295172,0.000771433
0.9108036,0.99911165
0.05270934,0.0008092354
0.030325001,0.0007736308
0.93729854,0.99915737
0.948501,0.99913406
0.052098237,0.0008013233
0.9561621,0.9990791
0.9283216,0.99908656
0.05681994,0.0007833012
0.9459001,0.9990778
0.062321875,0.0007824221
0.93643856,0.99915123
0.9215962,0.99910724
0.9336017,0.9990813
0.9471119,0.9991354
0.94605905,0.99908304
0.97753245,0.9991165
0.9648855,0.999142
0.96572906,0.99913317
0.94899845,0.99904394
0.9402813,0.99909097
0.94661665,0.99910945
0.06568023,0.0007876968
0.9696302,0.99911296
0.86937594,0.9991191
0.026878493,0.00075297133
0.90659666,0.9990945
0.925377,0.99911606
0.94016045,0.99908304
0.9134674,0.99914944
0.09309233,0.000785499
0.9329163,0.9990967
0.03998037,0.00072879536
0.9627008,0.99912745
0.06372459,0.0007916529
0.93184936,0.9990752
0.05037684,0.0008008837
0.9240778,0.9990743
0.028295575,0.000775389
0.03823669,0.0007771473
0.07652315,0.00082022446
0.06314766,0.0007942903
0.055696778,0.00082154316
0.9417791,0.99912703
0.92367744,0.99911296
0.07122871,0.0007916529
0.93473476,0.9991376
0.9332689,0.9991437
0.9361206,0.99906945
0.9398447,0.9990795
0.05796515,0.0007828616
0.0870558,0.0007912133
0.050488017,0.0007850594
0.05632051,0.0008105541
0.06101845,0.00083824655
0.88404715,0.99921584
0.9324089,0.9991006
0.919319,0.99910593
0.055965684,0.0007978068
0.92773676,0.99911034
0.947771,0.99911255
0.05407046,0.0008057189
0.92259413,0.9990901
0.9517467,0.99908656
0.061145965,0.0008083563
0.047451805,0.00075648783
0.05333035,0.00080967497
0.06358395,0.0007819825
0.059352517,0.0007978068
0.06810807,0.0007811034
0.057288177,0.0007982463
0.057201512,0.0007894551
0.056770172,0.0007639604
0.9345973,0.99909407
0.0272925,0.0007942903
0.91560256,0.999109
0.08162147,0.0008233014
0.94415987,0.9991143
0.9431912,0.9990813
0.87750554,0.99915516
0.9547774,0.9991134
0.059048202,0.0007942903
0.940852,0.99910855
0.059688028,0.0008083563
0.9453365,0.99913406
0.95022166,0.9990989
0.09879532,0.0007819825
0.052239623,0.0007498944
0.053676512,0.00081714755
0.9352592,0.999062
0.055428613,0.00082374096
0.06687966,0.0007916529
0.062747024,0.000775389
0.044703066,0.00083604874
0.93515843,0.99914813
0.039119672,0.0008052793
0.06322442,0.0007920924
0.92644054,0.9991015
0.09523367,0.0007942903
0.100746006,0.0007507735
0.07492679,0.00077407033
0.058133524,0.00080747716
0.8858956,0.9990813
0.9449106,0.99913716
0.052221052,0.0007723121
0.9656486,0.99912524
0.07456602,0.0007696747
0.8959013,0.99910593
0.92599654,0.99906373
0.9383521,0.9991015
0.05438617,0.0007802242
0.91780925,0.9990813
0.9575611,0.9991134
0.9206593,0.9990813
0.9532304,0.99906635
0.040876474,0.0007780264
0.9430808,0.99911165
0.9336928,0.999149
0.047600124,0.0007498944
0.06282527,0.0007894551
0.05230004,0.0007687956
0.07462446,0.0008044002
0.9462851,0.9991222
0.051648077,0.00083560916
0.0584574,0.0007569274
0.9447655,0.9990857
0.92097175,0.9991455
0.9384732,0.99911296
0.9350777,0.9990778
0.06642282,0.00083253224
0.929885,0.99911076
0.04951515,0.00083604874
0.06459792,0.00076220214
0.9397504,0.99904656
0.033507057,0.0007771473
0.9404162,0.99910593
0.07118662,0.00081319147
0.056992527,0.0007868177
0.921336,0.99910414
0.03967754,0.0007582461
0.027855074,0.00082989485
0.9452523,0.9990954
0.93827784,0.9991156
0.061897717,0.0007709934
0.97131914,0.9991191
0.06642876,0.0007819825
0.05671768,0.0008017628
0.92854995,0.9991468
0.94178975,0.9990923
0.05625316,0.0007938507
0.938236,0.999102
0.96496767,0.99911076
0.9386797,0.99908924
0.9278616,0.9990822
0.96247643,0.9991068
0.093872555,0.0007723121
0.066358194,0.0008052793
0.06412647,0.0008149497
0.95317787,0.9991182
0.06416485,0.0007582461
0.066530034,0.000792532
0.9193076,0.99913496
0.049655054,0.00075033394
0.94075865,0.99906856
0.029042125,0.0007811034
0.03842314,0.00080264197
0.05075222,0.000799565
0.9407458,0.99907166
0.0427556,0.0007498944
0.91092193,0.99911076
0.9304773,0.99909276
0.050454095,0.0007736308
0.04084924,0.0007885759
0.92607355,0.99910635
0.032711234,0.0007802242
0.93490636,0.9991002
0.05404372,0.0007903342
0.9226201,0.9991248
0.07601455,0.000799565
0.04149575,0.000726158
0.9455445,0.9991213
0.07970322,0.00083253224
0.054008313,0.000806598
0.93642694,0.99911207
0.040975273,0.00079560897
0.9499421,0.9991455
0.9345505,0.9990958
0.06290228,0.0008092354
0.95279306,0.99913144
0.92067885,0.9990945
0.91950417,0.9990945
0.051716667,0.0007745099
0.90471333,0.99911207
0.92857516,0.9990945
0.05342568,0.0008044002
0.06277674,0.0007595648
0.9404759,0.9991248
0.96663755,0.9991182
0.060057465,0.00072703714
0.05635666,0.0007942903
0.05786734,0.0008017628
0.8984344,0.99912614
0.92247254,0.9991147
0.06467641,0.0007986859
0.05013542,0.0007107733
0.9723712,0.9991217
0.9686177,0.99915034
0.037623603,0.0007767077
0.9146913,0.99907386
0.9593692,0.99915254
0.9369078,0.99908924
0.042512197,0.0008052793
0.9383905,0.9990611
0.045770273,0.0008035211
0.025532477,0.00074901525
0.061270762,0.0008017628
0.94814444,0.9991323
0.06747839,0.0007837407
0.047898,0.0007833012
0.054575592,0.0007595648
0.9375375,0.9990734
0.93307155,0.9991833
0.9255392,0.99910283
0.9460286,0.99910504
0.066853166,0.0007582461
0.9258116,0.9991587
0.9477978,0.9991156
0.9175305,0.99909145
0.9037184,0.99915206
0.04931508,0.00080967497
0.09048621,0.00081714755
0.054162573,0.0008175871
0.04619443,0.0007731912
0.93102705,0.99912876
0.9423899,0.99910766
0.9936183,0.9991213
0.05985591,0.0007780264
0.94782895,0.999142
0.9323042,0.9991024
0.95332444,0.99915075
0.051636934,0.0007960485
0.9493149,0.9990923
0.05710519,0.00070769637
0.07666082,0.0007868177
0.9691548,0.9990791
0.04671714,0.000726158
0.96791893,0.99916744
0.050151266,0.0008092354
0.92703056,0.99912703
0.9204201,0.99906904
0.048978824,0.0007951694
0.08113887,0.0008035211
0.9570074,0.99915123
0.9355415,0.999142
0.05642748,0.0007723121
0.065157525,0.000799565
0.055038378,0.00082022446
0.9470824,0.9991248
0.062906735,0.000799565
0.055052243,0.0007811034
0.93440396,0.9991565
0.050412495,0.0007687956
0.049563188,0.000775389
0.9491309,0.99915254
0.056977175,0.000775389
0.05583098,0.000687916
0.92988527,0.9991222
0.9345991,0.9991024
0.9356742,0.99907035
0.05200464,0.0007828616
0.056757547,0.0007881364
0.052764807,0.0007758286
0.05622815,0.0007960485
0.9232877,0.9991165
0.04134867,0.00074066356
0.9434621,0.99912703
0.039379414,0.0007815429
0.93775684,0.99912524
0.052624412,0.0007569274
0.047958665,0.0007960485
0.92997223,0.99913275
0.064357735,0.0007951694
0.9458372,0.9991433
0.8693861,0.99909097
0.94296044,0.9991147
0.067455605,0.00077055383
0.039246943,0.0007841803
0.9634201,0.99913496
0.06218569,0.0007692352
0.93309456,0.99912
0.060577944,0.0007942903
0.0531647,0.000771433
0.050903756,0.0007916529
0.03834564,0.0007934111
0.97547626,0.9991367
0.93931854,0.9991534
0.056365825,0.0007547296
0.90770644,0.99910593
0.061110806,0.0007604439
0.93626946,0.99909097
0.06227458,0.000761323
0.05999061,0.0007802242
0.05896352,0.0007986859
0.0327043,0.0007863781
0.038717303,0.0007824221
0.051886775,0.0006760478
0.9310795,0.99908745
0.93111765,0.9990936
0.95001364,0.9991156
0.08244181,0.0007687956
0.061412893,0.00081582885
0.91803956,0.9991191
0.05689497,0.000771433
0.051098876,0.0007907738
0.94480884,0.99911207
0.06272622,0.0007828616
0.9322745,0.9990813
0.06745783,0.0007969276
0.05580152,0.00082022446
0.9466761,0.9991209
0.93929154,0.9991011
0.043263454,0.00080615847
0.9222962,0.9991165
0.93348926,0.9990985
0.9367897,0.9991213
0.05318624,0.0007863781
0.9183429,0.9990932
0.9479993,0.9991209
0.9406269,0.9991024
0.06294685,0.0008101145
0.9529768,0.9991248
0.074087635,0.0007916529
0.92086357,0.99910945
0.92200106,0.9991191
0.041766144,0.0008022024
0.0771402,0.0006993447
0.9281186,0.99911386
0.043039612,0.000778466
0.056217752,0.00080615847
0.9314051,0.9991222
0.9418761,0.99911255
0.05930225,0.0007978068
0.04637618,0.0007850594
0.06661496,0.0007771473
0.9297424,0.9991011
0.94133335,0.9991534
0.04572273,0.0007960485
0.9462938,0.9991147
0.92708755,0.999098
0.055373147,0.0007969276
0.06099715,0.00082769705
0.08607897,0.00080747716
0.050956253,0.0008030815
0.9448732,0.99915737
0.8854754,0.9991556
0.9477141,0.99911076
0.06335541,0.0007986859
0.92759585,0.99908173
0.9368583,0.99912745
0.038104217,0.0007547296
0.9106065,0.9990998
0.049741965,0.00079560897
0.056663454,0.000778466
0.048456118,0.0007942903
0.9510058,0.99911606
0.059755627,0.0007903342
0.047319826,0.0007942903
0.94656044,0.9991244
0.062180985,0.00080615847
0.933989,0.9991196
0.053324904,0.00081934535
0.93132764,0.99912614
0.05840045,0.00083341135
0.9074116,0.99909276
0.9355888,0.9991134
0.07115988,0.0007780264
0.94406307,0.9991358
0.9568621,0.99906904
0.046482403,0.0007982463
0.97945887,0.9991174
0.05975538,0.0008052793
0.07080703,0.00071516895
0.92174876,0.9991011
0.9052076,0.99910766
0.9557315,0.9990585
0.049040727,0.0007850594
0.04380275,0.0007947298
0.06989384,0.0007947298
0.05341355,0.0007986859
0.03868957,0.00084044435
0.044887044,0.0007507735
0.055836428,0.0007811034
0.062933475,0.0008052793
0.035060573,0.0007876968
0.9534181,0.9991112
0.9458917,0.9990932
0.9372203,0.9990936
0.88867456,0.9991015
0.9240627,0.99914813
0.036035173,0.00076352083
0.9306685,0.999102
0.056746155,0.0007960485
0.053313516,0.0007780264
0.059792522,0.0007885759
0.94057393,0.99912
0.036534853,0.0007463779
0.07910029,0.0007723121
0.93804556,0.9991182
0.9453177,0.9991156
0.9298043,0.9991024
0.8833645,0.99906725
0.9200068,0.9991257
0.02091229,0.00082418055
0.93484026,0.99907166
0.062056433,0.000806598
0.061743207,0.00080615847
0.92777145,0.9990774
0.9437741,0.99908483
0.92919344,0.99912
0.026099259,0.00080396066
0.92504275,0.99908835
0.03996774,0.0007595648
0.062162414,0.0008035211
0.95568496,0.9991556
0.040000178,0.00074242183
0.94845814,0.99913055
0.93331647,0.9991156
0.05273955,0.0007771473
0.0575712,0.0007916529
0.9244255,0.99912
0.050098523,0.00072396017
0.048315722,0.00080264197
0.056487154,0.0007973672
0.059376534,0.0007881364
0.0772801,0.0008008837
0.8882073,0.99913406
0.9534143,0.9991209
0.057732146,0.0007736308
0.039183307,0.0007973672
0.92617357,0.9990945
0.05191525,0.0007973672
0.957235,0.9991174
0.049764495,0.0007876968
0.051335096,0.0008105541
0.08212957,0.000806598
0.9444946,0.9991143
0.06813555,0.0007745099
0.9698748,0.999138
0.034060966,0.0007802242
0.9373268,0.999138
0.91433996,0.99908924
0.926904,0.9991248
0.049181618,0.0007824221
0.9512212,0.99910283
0.03778777,0.0007595648
0.034637652,0.00075385044
0.035898738,0.0007903342
0.059424076,0.0008127519
0.9308804,0.99913096
0.05547566,0.0008017628
0.9552697,0.9991437
0.94090575,0.99910724
0.065050304,0.00082593877
0.9088848,0.9991174
0.92871284,0.99915427
0.9385544,0.99916744
0.9556926,0.99909496
0.9305618,0.9990611
0.9723465,0.9991182
0.06376644,0.0007771473
0.0491108,0.00082857616
0.03425831,0.0008017628
0.05368939,0.0007934111
0.08411368,0.0007850594
0.050506093,0.00075648783
0.92451113,0.99911255
0.946217,0.9991209
0.9058685,0.99913365
0.03190427,0.0007547296
0.05777102,0.0008057189
0.041491047,0.0008008837
0.06353418,0.0007780264
0.05464938,0.0008149497
0.9367565,0.99905497
0.91468614,0.99913055
0.06010674,0.0007828616
0.9227474,0.9990857
0.058719866,0.0007652791
0.09114387,0.0006764874
0.94548136,0.99911386
0.95896137,0.99913406
0.95864516,0.99913627
0.94013196,0.9991024
0.95622694,0.9991024
0.94082254,0.99908966
0.9336168,0.9991011
0.06955486,0.00081846624
0.051389325,0.0007762682
0.073131114,0.000771433
0.050324593,0.0007903342
0.08380144,0.00081670796
0.939636,0.99908304
0.94225127,0.9991033
0.9361199,0.99911034
0.053534135,0.00074242183
0.051990774,0.0007890155
0.04978381,0.0007942903
0.9296493,0.9991187
0.03434894,0.0007507735
0.038852993,0.00081670796
0.061130118,0.0007644
0.050099764,0.00082769705
0.07386157,0.0007692352
0.92481345,0.99906814
0.052901242,0.0008008837
0.91672426,0.99912876
0.9248761,0.9991226
0.93052936,0.9991626
0.96835077,0.9991604
0.9570636,0.99909496
0.9469948,0.99911034
0.97542554,0.9991635
0.05468132,0.0007934111
0.96070254,0.9990998
0.94318503,0.99910593
0.94553906,0.99911255
0.956196,0.99912524
0.92151034,0.9991011
0.9605728,0.99911076
0.07627182,0.0008052793
0.91148055,0.9991407
0.9415723,0.9991002
0.9441445,0.9991011
0.052733608,0.0007969276
0.94898385,0.9991217
0.06548586,0.0007793451
0.9384992,0.99911386
0.049303196,0.0007969276
0.9795594,0.99911386
0.035498597,0.0007811034
0.04889934,0.0007701143
0.94546825,0.9990835
0.9765113,0.99912524
0.0595719,0.0007811034
0.06400588,0.00080747716
0.9424917,0.9990857
0.10347865,0.0007876968
0.93470407,0.9991191
0.9249917,0.99913096
0.06544451,0.0007793451
0.073148444,0.0007793451
1.0,0.99921316
0.061304934,0.0007885759
0.044938546,0.0007934111
0.9330604,0.9991187
0.9442396,0.9991235
0.9612693,0.99911296
0.93554693,0.9991147
0.032356653,0.0007942903
0.042688496,0.0008149497
0.060044095,0.0007986859
0.93309015,0.99913144
0.9468994,0.999244
0.031266667,0.0007969276
0.051180836,0.0007894551
0.915063,0.99909145
0.063423745,0.00073143275
0.9212751,0.99910635
0.9325843,0.99911517
0.04533695,0.0007723121
0.9646017,0.9991006
0.93599856,0.9991428
0.0723754,0.00082242227
0.04001231,0.000761323
0.04514629,0.0007463779
0.9500421,0.9990998
0.9545997,0.9991015
0.0457465,0.000799565
0.04869407,0.00080615847
0.93104464,0.9991244
0.0420561,0.0007903342
0.026181962,0.0007696747
0.958685,0.99931604
0.052286174,0.0008008837
0.049204152,0.00077055383
0.098204024,0.0008017628
0.083316125,0.0007661582
0.039033502,0.0007534109
0.049345784,0.00075516914
0.915095,0.99913055
0.93205434,0.999109
0.053936258,0.0007819825
0.05117019,0.0007815429
0.048201323,0.0007771473
0.048878293,0.0007679165
0.055910464,0.0008162684
0.048310522,0.0008175871
0.9567529,0.99910724
0.9358599,0.99913186
0.9256499,0.99911606
0.051533435,0.00082286185
0.9191216,0.99910635
0.94649065,0.9991112
0.9166606,0.9991455
0.06847676,0.0007942903
0.92727596,0.99917495
0.048464287,0.0007903342
0.04252656,0.000771433
0.052213624,0.0007771473
0.07286171,0.0008175871
0.9306526,0.99910283
0.92605376,0.9991222
0.934526,0.99908656
0.042459458,0.00082242227
0.057180464,0.000775389
0.9438508,0.9991011
0.03600051,0.0008008837
0.051413342,0.0007696747
0.039510403,0.00074901525
0.057866104,0.00081319147
0.0869684,0.000761323
0.9383831,0.9991235
0.9455277,0.9991569
0.043151036,0.0007771473
0.9460947,0.9991657
0.9256816,0.99908304
0.94522506,0.9990901
0.9271541,0.9990835
0.90812,0.99915296
0.9402325,0.99910766
0.060009677,0.0008044002
0.93040925,0.99910766
0.070243716,0.0007907738
0.94672513,0.9991015
0.9476591,0.9991191
0.04178323,0.00076220214
0.9563676,0.9991174
0.0673999,0.00076703733
0.9589784,0.9991191
0.93520004,0.9990976
0.044558212,0.0007978068
0.9686526,0.99911207
0.07325021,0.00071516895
0.03330773,0.0007890155
0.06143196,0.0008017628
0.94710696,0.9991231
0.032187536,0.0007881364
0.9468784,0.9992026
0.035610765,0.0008197849
0.031113148,0.00072659756
0.93901694,0.9991266
0.035847235,0.0007837407
0.03892678,0.0008162684
0.0656936,0.00081670796
0.076670475,0.00081319147
0.90593433,0.9991345
0.91249776,0.99904877
0.08046017,0.00076352083
0.9484542,0.99913406
0.030236356,0.0007885759
0.9276578,0.9990774
0.9219223,0.99909496
0.8768194,0.9990945
0.07179773,0.0007811034
0.074011125,0.0008162684
0.9368152,0.9991024
0.9439402,0.9991178
0.056326453,0.000799565
0.9490346,0.9991701
0.9472872,0.99909407
0.9445095,0.99911255
0.9334888,0.9991174
0.058716647,0.0007828616
0.05303099,0.0007837407
0.96061164,0.9991815
0.8874555,0.9990782
0.90358025,0.99908
0.044065714,0.00080264197
0.9332597,0.99913144
0.9540034,0.9990963
0.0603702,0.00082374096
0.045350075,0.000761323
0.055422917,0.0007736308
0.05171023,0.00076088344
0.9344983,0.9991222
0.08620526,0.0007894551
0.8905388,0.99912524
0.9512004,0.9991459
0.03381781,0.0007674769
0.055400882,0.0007903342
0.9410716,0.99913055
0.95176005,0.99921143
0.056071907,0.0007960485
0.073094465,0.00080264197
0.05825213,0.000778466
0.9334172,0.99910283
0.058523264,0.0007920924
0.031195356,0.0007745099
0.93905264,0.9991204
0.92999697,0.9991024
0.940959,0.9990963
0.944793,0.9991279
0.93231386,0.99909407
0.06501589,0.00080747716
0.05636533,0.0007920924
0.9307864,0.99907166
0.89249814,0.9991455
0.046724815,0.0007912133
0.053771842,0.00083341135
0.95193905,0.99908614
0.043357793,0.0007644
0.9232545,0.9991231
0.94586295,0.99908876
0.93955874,0.99910593
0.051550023,0.0007868177
0.938419,0.9991235
0.050804466,0.00074901525
0.05072127,0.0008013233
0.9458956,0.99911386
0.950106,0.9991468
0.06290723,0.0008022024
0.05450626,0.0007903342
0.931649,0.9991468
0.05109442,0.0007912133
0.06047791,0.0007802242
0.036295414,0.0007986859
0.93274444,0.9991279
0.93900114,0.99910945
0.94867975,0.99912524
0.057804942,0.00081714755
0.92648655,0.99889404
0.0933548,0.0007960485
0.073459946,0.0007736308
0.90302116,0.9991899
0.95361865,0.9990734
0.95948255,0.9991631
0.8861776,0.9991226
0.92678744,0.99912924
0.9312165,0.9991266
0.07193961,0.0007947298
0.98068506,0.99910814
0.94741815,0.9991235
0.05513866,0.0007556087
0.06942486,0.00080747716
0.9530273,0.9991174
0.05377506,0.0007973672
0.041871876,0.0007665978
0.058060974,0.0007811034
0.07332326,0.0008083563
0.9283803,0.9991033
0.05495493,0.00081363105
0.055018816,0.0007846199
0.04822658,0.0007960485
0.06799342,0.0008527521
0.060261004,0.0008118728
0.94599366,0.99911165
0.07293773,0.0007969276
0.07718823,0.0008030815
0.9604983,0.99913496
0.9262632,0.99915165
0.05223789,0.0007771473
0.90464944,0.99915427
0.05789408,0.0007894551
0.040414184,0.00081846624
0.94352496,0.9991002
0.05552221,0.00081099366
0.95399475,0.9991587
0.06713718,0.0007674769
0.94243103,0.9991244
0.043670278,0.0007780264
0.06627821,0.0007885759
0.92413723,0.99910504
0.05919553,0.0008022024
0.05308472,0.00076088344
0.9637385,0.99914724
0.9286143,0.99911034
0.95142925,0.99913365
0.9394815,0.9991187
0.9623603,0.99912965
0.037889782,0.0007731912
0.06811846,0.0007846199
0.94070864,0.99913716
0.059886612,0.0007947298
0.9184944,0.99910504
0.93528324,0.9991169
0.047355235,0.0007903342
0.050579634,0.000778466
0.06474525,0.00081231236
0.069883436,0.0007723121
0.050985716,0.00074901525
0.067353345,0.0008149497
0.071344845,0.00075429
0.93311244,0.9990791
0.9313712,0.9991578
0.911229,0.99912
0.90490746,0.9990791
0.041348178,0.0008030815
0.92936206,0.999098
0.04788661,0.0007876968
0.92366356,0.9990822
0.06554528,0.0008101145
0.9419893,0.99914634
0.92690724,0.99908
0.058141448,0.0007736308
0.046789195,0.000771433
0.05430941,0.00082901574
0.047698423,0.000747257
0.047371577,0.0007903342
0.9383427,0.9991143
0.05313969,0.0007903342
0.9206945,0.99909186
0.9364933,0.99908483
0.050130468,0.00080615847
0.946635,0.999182
0.9485827,0.9990835
0.050313205,0.0007679165
0.065861486,0.00082242227
0.9364064,0.9990747
0.04520349,0.00080615847
0.051392544,0.000771433
0.91308016,0.9991376
0.058000557,0.0006927512
0.9530427,0.99912614
0.9398299,0.99908745
0.97308934,0.99919826
0.9151826,0.9991424
0.95499015,0.99911076
0.90732044,0.99912876
0.07443727,0.0008712138
0.05075519,0.0007894551
0.95279086,0.9990971
0.06716194,0.0007876968
0.056066215,0.0008022024
0.0338968,0.0007841803
0.042677354,0.00076220214
0.9259332,0.9991376
0.94899523,0.99913013
0.9514288,0.9991178
0.07052971,0.00080264197
0.9161134,0.9990945
0.059594434,0.0007696747
0.96067756,0.99912524
0.053907286,0.0007986859
0.05827169,0.0007934111
0.060553927,0.0007876968
0.91153824,0.9991033
0.056312833,0.00081934535
0.021525873,0.00074593833
0.93431604,0.9990958
0.035769485,0.0007661582
0.024300857,0.0007771473
0.90298355,0.99914855
0.035194285,0.0007415427
0.89592063,0.9990857
0.93800646,0.99911207
0.904593,0.9990721
0.92634666,0.9990857
0.041029748,0.00073099317
0.9349967,0.9990971
0.052996323,0.0007679165
0.95624727,0.9991389
0.021288412,0.00075297133
0.0604581,0.0008057189
0.08407456,0.0007951694
0.9407844,0.99907076
0.03574745,0.00081890577
0.9389194,0.9992233
0.9371737,0.99906725
0.9065209,0.99913055
0.06026744,0.00081582885
0.92896366,0.99913496
0.90968937,0.9990963
0.045074485,0.0008008837
0.93078434,0.99913716
0.92678195,0.9991367
0.9245468,0.99910724
0.050135914,0.00075736694
0.10504305,0.000806598
0.046772357,0.0007850594
0.073879644,0.0007973672
0.9123611,0.99913317
0.94082105,0.9990998
0.9470133,0.99911517
0.019650213,0.0007652791
0.9209215,0.999102
0.0382461,0.0008092354
0.05862528,0.00074813614
0.053488575,0.0008083563
0.059584774,0.0007837407
0.04422171,0.0008022024
0.046180815,0.0007679165
0.048129022,0.0008175871
0.05938322,0.0007556087
0.930015,0.9991182
0.9317966,0.9990655
0.9554673,0.99910945
0.052107647,0.0007912133
0.94424033,0.99910504
0.93674165,0.9990813
0.9254882,0.9991182
0.06100681,0.000806598
0.90699387,0.9991428
0.02646721,0.00081846624
0.96644735,0.9991182
0.93798465,0.99910414
0.97125846,0.9990976
0.041471735,0.0007903342
0.9384227,0.9990879
0.06263981,0.00073494925
0.9864849,0.9991112
0.06542841,0.00081451016
0.9367176,0.9991147
0.9595199,0.99908614
0.041006967,0.0007556087
0.9399722,0.99907076
0.95653474,0.9991187
0.95199084,0.9991266
0.061526544,0.0008703346
0.9492017,0.99915034
0.9351443,0.9991169
0.9370658,0.9991169
0.079085186,0.0007811034
0.05006906,0.0007745099
0.048477907,0.0007960485
0.03729403,0.0007072568
0.8981345,0.9990971
0.06673035,0.0007960485
0.947778,0.9991156
0.9236668,0.999102
0.9112164,0.9991174
0.97659427,0.9991187
0.951974,0.9992483
0.054760806,0.0007837407
0.05746002,0.00075297133
0.9305078,0.9990989
0.051912032,0.0007934111
0.045034867,0.0007841803
0.9641847,0.9991112
0.05067224,0.0008175871
0.9772878,0.9991428
0.9259094,0.99911076
0.05765712,0.0007903342
0.07131686,0.00072571845
0.05684297,0.0008114332
0.054275732,0.00081451016
0.08059784,0.0007802242
0.9528223,0.99910945
0.07494586,0.00081451016
0.050597463,0.00075385044
0.07230508,0.0007652791
0.95262074,0.9991046
0.94250333,0.99909097
0.9482747,0.9991358
0.055823803,0.0007947298
0.066929184,0.0007652791
0.89474845,0.9991266
0.04103247,0.000799565
0.06445926,0.000775389
0.10344349,0.0007885759
0.050701708,0.0008008837
0.98593295,0.9991182
0.078852184,0.0008052793
0.9305744,0.9991182
0.06444762,0.0007942903
0.951921,0.9990787
0.03921203,0.0007868177
0.080193244,0.00080044416
0.048280064,0.0007868177
0.056948703,0.00081231236
0.036533367,0.0007912133
0.94066334,0.9990985
0.9345015,0.9991055
0.047239352,0.0007771473
0.030454006,0.00073407014
0.034286045,0.0007709934
0.9413586,0.99917495
0.94121474,0.99913317
0.09581631,0.0008149497
0.92841077,0.9991169
0.9044407,0.99911606
0.93500936,0.99913055
0.9361288,0.99917275
0.058502216,0.000778466
0.92661536,0.9991446
0.061667684,0.00081846624
0.052085113,0.0007547296
0.059356973,0.0007652791
0.07153749,0.0007841803
0.048625484,0.0008008837
0.9281342,0.99913055
0.9225451,0.9991165
0.055479374,0.00080264197
0.06527662,0.0007868177
0.044635717,0.0007920924
0.94344276,0.99912614
0.068015955,0.0007960485
0.024051512,0.000799565
0.055395186,0.00083385094
0.9276573,0.99913055
0.05509929,0.00077055383
0.9445164,0.99911296
0.04144524,0.0007736308
0.9373835,0.9991358
0.9381746,0.99913317
0.9378898,0.9991033
0.053835977,0.0008092354
0.06290747,0.0007762682
0.94775045,0.99918944
0.92497563,0.9990967
0.08487014,0.0007863781
0.93131995,0.99914855
0.9482821,0.9991187
0.94436115,0.999102
0.93912643,0.99913096
0.060410064,0.0008118728
0.971332,0.9990989
0.060726266,0.0007687956
0.9662087,0.9991112
0.06292431,0.0007969276
0.068609975,0.0007780264
0.9313155,0.9991169
0.928177,0.99908924
0.04932127,0.0007723121
0.041505657,0.0007969276
0.062153004,0.0008175871
0.9414921,0.9990971
0.040948037,0.0007894551
0.067156985,0.00081582885
0.031825278,0.00083341135
0.9341989,0.9991046
0.9463158,0.99911034
0.09015021,0.0007736308
0.05613505,0.00075297133
0.92951906,0.99912703
0.086491,0.0008092354
0.045459274,0.000785499
0.94816524,0.99909186
0.9414446,0.9991024
0.047358207,0.0007863781
0.93920314,0.99910724
0.04895134,0.0007793451
0.9551892,0.99910504
0.9412668,0.99916923
0.062169593,0.000775389
0.9336168,0.9990998
0.060830757,0.00082418055
0.04317679,0.0007986859
0.9406237,0.99912524
0.05561655,0.0007692352
0.94873893,0.99908614
0.94887537,0.9991424
0.054016236,0.0007885759
0.9285566,0.99915034
0.06706611,0.0007863781
0.05389837,0.0007806638
0.05133361,0.0007868177
0.95365256,0.99912834
0.04587328,0.0007885759
0.9496125,0.99912876
0.047714025,0.000806598
0.07324452,0.0007876968
0.93350065,0.99913317
0.052835375,0.0007736308
0.07937935,0.0008079167
0.061235107,0.0007938507
0.9095616,0.9990857
0.9205897,0.9991187
0.9240798,0.9991266
0.93905264,0.99910593
0.921177,0.9991235
0.05412469,0.000775389
0.941757,0.99927914
0.039702795,0.00075604825
0.9316812,0.9991033
0.033612292,0.0007982463
0.9410667,0.99910945
0.037559222,0.0007771473
0.9144873,0.9991011
0.058633946,0.00074769655
0.057578873,0.00080747716
0.04180403,0.00080615847
0.938439,0.99909186
0.970352,0.9990804
0.0665751,0.0008114332
0.044518843,0.0007960485
0.94412714,0.9991169
0.041910503,0.0007811034
0.93408877,0.99912876
0.94542885,0.99910504
0.94867605,0.99913716
0.056431193,0.0007679165
0.89713144,0.9991701
0.04039685,0.0007885759
0.9257385,0.99910724
0.07781593,0.0007745099
0.052015536,0.00083121355
0.9270635,0.99914855
0.92604357,0.99906945
0.057827227,0.0007837407
0.9673695,0.99910766
0.04201227,0.0007679165
0.055696033,0.0008044002
0.93322337,0.99911034
0.03416496,0.0007745099
0.042251214,0.00073890534
0.95450956,0.9990936
0.06401554,0.00083868613
0.9075686,0.9990554
0.9484173,0.9991231
0.061484452,0.000799565
0.052284688,0.00080396066
0.90783226,0.99915123
0.07972353,0.0007463779
0.9592659,0.99913096
0.07439987,0.0007969276
0.93148464,0.99910593
0.93534535,0.99909276
0.90572804,0.9991393
0.061298,0.000775389
0.042255178,0.0007868177
0.95293325,0.99909407
0.047987882,0.0007745099
0.05378249,0.0007876968
0.9287505,0.99909276
0.034017634,0.0008052793
0.07358449,0.0007819825
0.94349277,0.9991266
0.9434547,0.99910283
0.031213678,0.000792532
0.044190016,0.0007701143
0.06391525,0.0007824221
0.058816932,0.0007868177
0.90879995,0.99912834
0.9389266,0.9991578
0.9554257,0.9991209
0.035036802,0.0007885759
0.9194091,0.9991165
0.09106637,0.0007534109
0.95001537,0.9991217
0.04012547,0.0007652791
0.054965083,0.00073275145
0.9618416,0.99910593
0.03915929,0.0007846199
0.053808738,0.0007780264
0.9602484,0.99912876
0.053369228,0.00076220214
0.9485493,0.99908966
0.04776231,0.0007951694
0.014076723,0.00072703714
0.053147864,0.00080967497
0.94120336,0.99914634
0.93997574,0.99911076
0.056940034,0.00079560897
0.9390036,0.9990971
0.92996526,0.9991323
0.9462787,0.99908656
0.9178984,0.9990795
0.055739615,0.0007986859
0.94453424,0.99909496
0.05144702,0.0007868177
0.08730218,0.0007894551
0.95718324,0.99916
0.05213191,0.00081582885
0.06844828,0.0007912133
0.0511328,0.00074901525
0.05173375,0.000799565
0.062793076,0.0007903342
0.9448606,0.9991244
0.051722858,0.00080747716
0.06646541,0.00079560897
0.037396047,0.0007652791
0.040160384,0.00073231186
0.9572226,0.9991622
0.95211315,0.9990998
0.9279685,0.99913275
0.060740873,0.000771433
0.9251685,0.9991209
0.943007,0.9990646
0.93659633,0.99913317
0.04068829,0.0007969276
0.9505066,0.9991209
0.03827804,0.0007806638
0.94614494,0.999142
0.05716338,0.0007920924
0.06215771,0.0007903342
0.034904826,0.00075736694
0.05675829,0.0007582461
0.058041908,0.0008118728
0.0576799,0.0007745099
0.9186093,0.9990985
0.88854134,0.9991055
0.9562458,0.9991442
0.057376325,0.0007982463
0.9313843,0.9990844
0.04922099,0.0007868177
0.92564046,0.99910945
0.9245468,0.99909496
0.058652766,0.00083692785
0.9341529,0.99910593
0.05352894,0.0007723121
0.05828209,0.00074110314
0.043232996,0.0007907738
0.056613684,0.0007907738
0.9353206,0.9990615
0.931781,0.9990998
0.94748455,0.99911296
0.055822812,0.00076000433
0.0712713,0.00086901593
0.90439665,0.99910635
0.07601653,0.0007986859
0.93599313,0.99912614
0.935076,0.9990901
0.94388676,0.9991596
0.0552798,0.0007661582
0.9373347,0.9991358
0.062441967,0.00077055383
0.06901779,0.0007942903
0.9458258,0.9991565
0.9391205,0.9991455
0.9476111,0.99908483
0.95377064,0.99910814
0.060541052,0.00075604825
0.059604336,0.0007837407
0.9273604,0.9991068
0.96619385,0.99910635
0.9400312,0.99910414
0.9172913,0.9990822
0.9382768,0.9990936
0.94646984,0.99913096
0.969731,0.99913275
0.054815527,0.0007942903
0.92282313,0.9991143
0.95438373,0.99913365
0.9476378,0.99910855
0.05419551,0.0007793451
0.9357059,0.9990857
0.9041215,0.9991187
0.9457924,0.9991455
0.051631738,0.00074066356
0.932795,0.9991433
0.07860259,0.0007903342
0.93498707,0.999098
0.93791556,0.9991015
0.93904644,0.9991015
0.92861086,0.9990835
0.054137815,0.00081099366
0.93291706,0.99911296
0.04916899,0.0008022024
0.92270726,0.99910986
0.056687966,0.0007679165
0.9402899,0.99910635
0.062032416,0.00079560897
0.03172797,0.0007507735
0.0628223,0.00073494925
0.047258668,0.00082418055
0.0627906,0.00080044416
0.06769975,0.000761323
0.939686,0.99911386
0.9168572,0.9990985
0.04684689,0.0007841803
0.047988873,0.0008017628
0.047722444,0.00074901525
0.057597443,0.00081670796
0.07630921,0.0007815429
0.116700865,0.00081846624
0.9340256,0.99911165
0.9312226,0.99907607
0.048588093,0.0007674769
0.8928042,0.9991398
0.057660583,0.00075253175
0.93448025,0.9990774
0.91943383,0.9991015
0.047828175,0.0007960485
0.9283642,0.99910414
0.056904625,0.00080615847
0.9619369,0.99911165
0.05481503,0.0007828616
0.059525844,0.00082593877
0.9365161,0.9991468
0.92285335,0.9991046
0.036008183,0.00082022446
0.9470158,0.9991068
0.9239634,0.9991428
0.04839347,0.0007811034
0.050276805,0.0007846199
0.06343464,0.00075604825
0.037745673,0.0007942903
0.04982417,0.0007811034
0.9432323,0.9991534
0.036923107,0.00074901525
0.94385284,0.99911606
0.067284256,0.0007920924
0.950338,0.9991248
0.04173371,0.00075385044
0.93917763,0.9991037
0.9613733,0.9991279
0.93407017,0.9990963
0.93564224,0.99908656
0.040970817,0.00073582836
0.05090252,0.0007894551
0.94177413,0.9990844
0.9587561,0.9991191
0.04822262,0.0008114332
0.9413599,0.9990923
0.041684184,0.0007520922
0.024860954,0.0007986859
0.05860671,0.0008035211
0.904407,0.99910814
0.055122316,0.0008044002
0.05485019,0.00072923495
0.039361093,0.00081319147
0.94246596,0.99914855
0.0472812,0.0007850594
0.92899936,0.9990901
0.048299626,0.0007661582
0.96639466,0.99908614
0.9397588,0.9991174
0.93722993,0.99908745
0.062656395,0.0008175871
0.06644659,0.00082681794
0.052558545,0.0007920924
0.04448492,0.0007837407
0.059257433,0.0007868177
0.92370117,0.9990541
0.04718463,0.0008118728
0.95084906,0.99915606
0.06795652,0.0007630813
0.055232506,0.00076000433
0.92435193,0.999142
0.055285,0.0007819825
0.06698217,0.0007833012
0.9198399,0.99910766
0.07776096,0.0007833012
0.038287695,0.0007916529
0.934661,0.99913406
0.9317644,0.9990932
0.9383098,0.9991006
0.95541304,0.9991596
0.05290768,0.0008149497
0.060397685,0.0008008837
0.93476796,0.99912876
0.9038786,0.9990998
0.92998856,0.9991428
0.048288483,0.0007876968
0.0473639,0.0007762682
0.05885457,0.000775389
0.9653173,0.9991279
0.04936931,0.0008022024
0.051843937,0.0007960485
0.067404106,0.00082154316
0.06840272,0.00080747716
0.9397504,0.9990826
0.93989474,0.99914944
0.056428965,0.000799565
0.94407296,0.99912393
0.046051063,0.0007973672
0.049149677,0.0007630813
0.94793594,0.99913406
0.9472461,0.99909186
0.059729874,0.0007920924
0.05801467,0.0007903342
0.9583693,0.99915737
0.047489688,0.0007841803
0.934506,0.9991112
0.057956234,0.0007828616
0.055067595,0.0008540708
0.9360199,0.9991165
0.05624276,0.00073099317
0.94110954,0.99911207
0.059693478,0.00081099366
0.0609558,0.0008048398
0.9347296,0.99908924
0.9533502,0.99913317
0.059473597,0.00080615847
0.920559,0.99910945
0.9346828,0.9991578
0.066173725,0.0007824221
0.9245594,0.9990844
0.0625373,0.00081582885
0.9440308,0.9990967
0.07483146,0.0007556087
0.050069556,0.0008127519
0.9424162,0.99912965
0.06612469,0.000806598
0.94360024,0.99908304
0.94999975,0.9990932
0.9633468,0.99913186
0.11182044,0.00077407033
0.042320546,0.0007811034
0.95768046,0.99908656
0.07207579,0.00082769705
0.94424653,0.99911165
0.0615003,0.0007960485
0.07212779,0.0007969276
0.024867887,0.0007701143
0.05066407,0.0007630813
0.9409124,0.9990734
0.057476114,0.0007881364
0.9448863,0.9991534
0.03636425,0.0008017628
0.93872154,0.9991367
0.06081169,0.0008233014
0.049800895,0.0008035211
0.92873514,0.99908614
0.04872205,0.00075604825
0.059105646,0.0007978068
0.961356,0.9991767
0.063660465,0.0008008837
0.056794688,0.00080044416
0.09439774,0.000771433
0.9285034,0.99911517
0.07160608,0.0007806638
0.054743472,0.00083824655
0.93133754,0.9990923
0.9805548,0.99910283
0.037282392,0.0007881364
0.05498316,0.000775389
0.042968795,0.0007819825
0.912652,0.99915254
0.87686545,0.99910593
0.07669078,0.0007736308
0.059084352,0.0006997842
0.937462,0.99912
0.046843175,0.0008127519
0.06315113,0.0007973672
0.047069244,0.0007912133
0.048384063,0.0007687956
0.048461318,0.0008044002
0.05649755,0.00081363105
0.055780716,0.00082769705
0.059877206,0.0007780264
0.910842,0.9991323
0.9360835,0.9991442
0.05469915,0.0008044002
0.05176594,0.0007837407
0.07584222,0.0007912133
0.05880034,0.0008057189
0.05997501,0.0007920924
0.061288837,0.00081846624
0.934422,0.9990795
0.072002,0.0008052793
0.9126349,0.99910593
0.9490849,0.99914634
0.06142428,0.0007942903
0.9516365,0.9991424
0.93629026,0.999102
0.06286786,0.0007920924
0.94676375,0.9991653
0.96067554,0.99913496
0.94423664,0.9991015
0.057635825,0.0008233014
0.04386366,0.0007802242
0.917422,0.99923164
0.9394785,0.9991279
0.062236942,0.00079560897
0.045507558,0.00081451016
0.058654994,0.0007969276
0.042908378,0.0007824221
0.92875916,0.99910945
0.9398259,0.99909276
0.08112526,0.00075516914
0.93944484,0.99907386
0.050049994,0.0008127519
0.053638875,0.0008035211
0.06708196,0.0007951694
0.052770253,0.0007969276
0.92609584,0.99908173
0.9742427,0.99915427
0.060216185,0.0008127519
0.9865978,0.9991358
0.065704994,0.0007978068
0.9379047,0.9991235
0.94089633,0.9991846
0.9441784,0.99908924
0.04267042,0.0007978068
0.92808443,0.9991323
0.048258275,0.00075604825
0.9335638,0.99910593
0.9024754,0.9991006
0.060883004,0.0007793451
0.9533888,0.9990963
0.9247315,0.99914724
0.9299633,0.9991578
0.05051253,0.00072571845
0.9097265,0.99913317
0.9486025,0.99908656
0.92943466,0.9991006
0.9415421,0.99910635
0.9621211,0.99913496
0.9450656,0.9990826
0.0514698,0.0007876968
0.039896183,0.0007696747
0.031497937,0.0007938507
0.9534854,0.9991446
0.028960412,0.0008008837
0.9383863,0.99910855
0.8941871,0.9990936
0.9343287,0.9990813
0.057969358,0.000799565
0.039102588,0.00079560897
0.9378938,0.9991002
0.9245716,0.9990835
0.93726856,0.9991231
0.9323173,0.9990835
0.9616702,0.9992646
0.9360164,0.9991222
0.94004184,0.99908924
0.9129449,0.9991068
0.040652636,0.0007630813
0.049330927,0.0007885759
0.92378193,0.9991002
0.06428073,0.0007942903
0.93567026,0.9991231
0.05484425,0.0007903342
0.06462887,0.0007679165
0.037675105,0.0007986859
0.04932969,0.000792532
0.05323428,0.00080044416
0.03691766,0.0007903342
0.05625836,0.0007951694
0.9450327,0.99912965
0.95388305,0.99909097
0.048597503,0.0007630813
0.04504675,0.0007142898
0.041261017,0.0007885759
0.06303797,0.0008013233
0.9350606,0.9991358
0.05157751,0.0007652791
0.93815255,0.9991112
0.9325298,0.9990756
0.052379522,0.0007903342
0.0419989,0.0007894551
0.017639855,0.0007498944
0.9156513,0.99921143
0.05451542,0.0007630813
0.06877439,0.00076703733
0.0679954,0.0007745099
0.9453303,0.9991235
0.060631182,0.0007920924
0.9510967,0.99909097
0.9469004,0.99912876
0.051673334,0.00081714755
0.044893727,0.00075297133
0.9419447,0.9991618
0.9067301,0.99909496
0.95127225,0.9991217
0.051321726,0.0007868177
0.95444095,0.99908835
0.099165745,0.0007863781
0.064707614,0.0007986859
0.9471124,0.9991191
0.9344981,0.99910593
0.06762596,0.0008118728
0.05220372,0.0007942903
0.9482972,0.99911034
0.056060765,0.0007652791
0.074629165,0.000778466
0.063519575,0.0008105541
0.96822524,0.99913186
0.9598745,0.9991666
0.053954333,0.00081451016
0.04590844,0.0007837407
0.055323377,0.0007811034
0.07346291,0.0007723121
0.93719405,0.9990985
0.032392558,0.0007960485
0.04910263,0.0007696747
0.048821345,0.0008162684
0.9626032,0.99915075
0.93708706,0.9991569
0.054370817,0.0007736308
0.9184721,0.9991226
0.056801867,0.0008083563
0.07870832,0.0007903342
0.07008945,0.0007595648
0.052633822,0.00080615847
0.9398851,0.99910283
0.8736851,0.99908704
0.058461115,0.0007736308
0.10881963,0.000775389
0.0456378,0.0007815429
0.9331728,0.9991182
0.95605165,0.99910593
0.9328148,0.9991143
0.032614667,0.0007793451
0.9450349,0.9990963
0.94585127,0.99906856
0.9454078,0.9990822
0.8839268,0.9991226
0.0569383,0.0007986859
0.046476956,0.00081582885
0.06422502,0.0007951694
0.06284978,0.00082769705
0.94020796,0.99911165
0.04130732,0.0007736308
0.0812446,0.00080396066
0.9254684,0.99912
0.042694192,0.0007894551
0.96295136,0.9991248
0.8795513,0.99908835
0.94337046,0.99910635
0.028033849,0.00075516914
0.03492414,0.000799565
0.055773783,0.0008175871
0.11516072,0.0007960485
0.0813751,0.0007894551
0.968841,0.9991639
0.042833105,0.0007665978
0.94613135,0.9991217
0.90191907,0.99906415
0.050891377,0.00077055383
0.056696385,0.0007876968
0.9595876,0.99915385
0.054011285,0.00084484
0.91978246,0.9990985
0.035821483,0.0007969276
0.053518783,0.00081670796
0.9500057,0.9991165
0.9543481,0.99916744
0.06207996,0.00081846624
0.93261296,0.99910855
0.056743678,0.0007793451
0.9143311,0.99912
0.037741713,0.0007986859
0.9403043,0.9991459
0.054258153,0.00073143275
0.046347454,0.0007806638
0.9551283,0.99908656
0.06656124,0.0007745099
0.9361291,0.9991112
0.93523866,0.99910814
0.93835384,0.9991156
0.030920506,0.0007903342
0.96431345,0.99911296
0.07437016,0.0007745099
0.036064144,0.00082374096
0.052594945,0.0007815429
0.90174323,0.9991169
0.055611845,0.0008118728
0.041232046,0.0007890155
0.89316624,0.99910766
0.9605411,0.9990813
0.92781156,0.9990985
0.9497009,0.9991165
0.09603321,0.00081319147
0.9487724,0.99912924
0.94091713,0.99906504
0.9185543,0.99912876
0.950265,0.999149
0.9325904,0.9991187
0.050147552,0.0008149497
0.059073456,0.0007947298
0.04001058,0.0007885759
0.06164515,0.0007920924
0.048618797,0.000771433
0.07136713,0.0007793451
0.9152136,0.99910945
0.92568976,0.99908924
0.06666078,0.00081538927
0.068208344,0.0007986859
0.07401583,0.0008149497
0.05351631,0.0008030815
0.93149304,0.9990804
0.0752737,0.0008118728
0.04964193,0.00080615847
0.93902487,0.99912703
0.05135169,0.0008149497
0.04806192,0.00080967497
0.106257595,0.000799565
0.062337473,0.0007863781
0.056185808,0.000775389
0.94053954,0.99912703
0.03909491,0.000761323
0.07536903,0.0007762682
0.03883591,0.0007780264
0.9196473,0.9991055
0.94090325,0.9991213
0.9193727,0.99911386
0.9432313,0.9991046
0.041434098,0.0007644
0.9487895,0.9991468
0.9246045,0.9990813
0.9244163,0.9990985
0.05039764,0.00073231186
0.058498256,0.00080615847
0.9472835,0.9991015
0.075439595,0.0007868177
0.92103815,0.9990602
0.962727,0.9991415
0.9568012,0.99911255
0.9386656,0.99908394
0.07812495,0.0007960485
0.9713206,0.99914813
0.9521493,0.9991112
0.07364887,0.0007934111
0.060471967,0.0008044002
0.04777766,0.0007248393
0.8933866,0.99912876
0.92787343,0.9990743
0.92749757,0.9990963
0.93234974,0.9990857
0.9334544,0.99911606
0.93642396,0.9990844
0.05838386,0.0007780264
0.939583,0.99911165
0.96612155,0.9991437
0.8971607,0.9991257
0.06426191,0.0008057189
0.06495622,0.0007824221
0.06724266,0.0007903342
0.93052936,0.99908835
0.9458446,0.99914813
0.95282304,0.99913406
0.95894176,0.99919736
0.07076939,0.000799565
0.94669515,0.99913496
0.04239904,0.0007894551
0.9418531,0.9991248
0.061377235,0.00081231236
0.94577104,0.9991407
0.94938993,0.9990936
0.9510935,0.9991411
0.9318565,0.9991143
0.9290395,0.9991182
0.9278004,0.99911517
0.933103,0.9990985
0.9592892,0.99917096
0.05698213,0.0008017628
0.9332979,0.9990932
0.05034391,0.0007547296
0.9521664,0.9990985
0.9451701,0.9991367
0.050798275,0.000775389
0.93266594,0.9990945
0.056571092,0.0007833012
0.96055573,0.9990945
0.91851,0.9991235
0.05764548,0.0007960485
0.9500171,0.9990971
0.9126052,0.9991024
0.036828026,0.0007582461
0.9416669,0.9990585
0.055919133,0.00080044416
0.052347828,0.00083341135
0.039785746,0.00072703714
0.059814807,0.0008017628
0.05143934,0.0007011029
0.054155145,0.0007978068
0.92112356,0.9991323
0.04504106,0.0008149497
0.9576552,0.9991112
0.054132365,0.0008052793
0.93626326,0.99908304
0.971591,0.9991174
0.04940051,0.00075648783
0.910344,0.99913317
0.9542074,0.9991446
0.025057806,0.0007595648
0.94230723,0.99911165
0.9348811,0.9991033
0.9307086,0.99910504
0.92789054,0.9990901
0.9354895,0.9990998
0.95707625,0.9991182
0.93852025,0.99906373
0.0530716,0.00072659756
0.04307923,0.0007626417
0.07237639,0.000785499
0.9408379,0.99909097
0.057542723,0.0008175871
0.07222585,0.0007780264
0.8976851,0.99913186
0.057116088,0.000761323
0.054177925,0.0007780264
0.9188688,0.9990976
0.06418614,0.0007903342
0.95384145,0.9990936
0.93715394,0.9991354
0.912908,0.9990563
0.9390759,0.99908924
0.9380329,0.99910945
0.07561466,0.00085143343
0.93577325,0.9991609
0.88571906,0.9991156
0.046260297,0.0007687956
0.91992855,0.9991653
0.064290136,0.000775389
0.9190493,0.9991323
0.9410865,0.9991376
0.066177435,0.0007881364
0.91946256,0.99913365
0.9418808,0.9990646
0.06635522,0.0007723121
0.069369644,0.0007837407
0.9391737,0.99912614
0.96608907,0.9991182
0.930898,0.99913496
0.9506651,0.99910766
0.9410585,0.9991376
0.042803884,0.0008101145
0.04800819,0.0007745099
0.04964614,0.00075604825
0.927604,0.99910593
0.06398632,0.0007868177
0.04458347,0.0007868177
0.048841648,0.000761323
0.91459996,0.99912703
0.042769466,0.0008030815
0.91791874,0.9991833
0.05459045,0.00083692785
0.9256539,0.9991235
0.9241506,0.9990923
0.92046493,0.9991217
0.04514208,0.000761323
0.93052435,0.9990822
0.9461833,0.99911296
0.06286241,0.0007876968
0.05157924,0.00075033394
0.049729582,0.00073978445
0.06228399,0.0007745099
0.9388679,0.99911076
0.09046864,0.0008092354
0.05310453,0.0007762682
0.044832814,0.0008052793
0.059225492,0.0007520922
0.94135,0.99911255
0.9614246,0.99909097
0.07699286,0.0007938507
0.9559798,0.99912614
0.93929774,0.99915296
0.95518106,0.9991165
0.10038944,0.0007881364
0.94701976,0.9990985
0.91636324,0.99910593
0.9268894,0.99913013
0.9361833,0.9991235
0.942094,0.99908
0.9526829,0.9991015
0.9441061,0.999102
0.94023424,0.99913716
0.95556486,0.9991187
0.04714947,0.0007894551
0.055832714,0.0008246201
0.056795925,0.00080747716
0.056254398,0.0007723121
0.9273641,0.9990835
0.93114936,0.9991367
0.073998496,0.00076703733
0.060086187,0.0008083563
0.9349472,0.9990615
0.9380176,0.99909407
0.9451404,0.99918854
0.050161913,0.00076352083
0.0477477,0.0007876968
0.06382116,0.0007731912
0.05916334,0.0007793451
0.032448024,0.0007942903
0.047921523,0.00084088393
0.9279841,0.99906904
0.05098374,0.0007630813
0.9298999,0.99911034
0.9433608,0.999098
0.059020963,0.0007885759
0.050795056,0.00072176236
0.93333226,0.9991165
0.064429544,0.0007736308
0.056014463,0.0007894551
0.042273253,0.0007604439
0.9418231,0.9990958
0.060182508,0.0008030815
0.05368295,0.00080615847
0.93260306,0.99913627
0.05979797,0.00080747716
0.06571712,0.0007723121
0.93846476,0.99912876
0.94206953,0.99911207
0.9257616,0.99908745
0.9614793,0.9991354
0.941243,0.9991112
0.040684327,0.0008008837
0.06365452,0.00081363105
0.07949151,0.0007920924
0.93758255,0.99910814
0.9619577,0.999142
0.05980837,0.0007811034
0.9656733,0.99921143
0.05041918,0.00075648783
0.05319268,0.00080044416
0.06897644,0.0008017628
0.04409493,0.0007696747
0.04422468,0.0007780264
0.93197936,0.9990998
0.9279586,0.9991011
0.9152294,0.99911076
0.06865256,0.0007652791
0.9503588,0.99910414
0.9333734,0.99909496
0.06774234,0.00081099366
0.05322908,0.0008400048
0.05035307,0.00071824586
0.061491136,0.0007652791
0.9310706,0.9991191
0.056838762,0.0008162684
0.9468702,0.9991174
0.055767592,0.0007920924
0.9261808,0.9991174
0.96995085,0.99910414
0.9467177,0.99911386
0.90684825,0.9991217
0.03318021,0.000799565
0.056675337,0.0007701143
0.049083564,0.000806598
0.078085326,0.0007969276
0.93787843,0.9990989
0.07686881,0.0007947298
0.0566793,0.0008092354
0.93305594,0.9991411
0.07262846,0.0007595648
0.9461957,0.99913365
0.033183925,0.0007002238
0.057070278,0.0007837407
0.9448841,0.99909097
0.940467,0.9991068
0.04359872,0.0008030815
0.9284744,0.99912876
0.064847015,0.0008035211
0.07826262,0.00076088344
0.058437094,0.0007982463
0.043083686,0.0007463779
0.9420537,0.9991802
0.95576715,0.99912703
0.07595215,0.0008017628
0.06666969,0.0007701143
0.0617333,0.00080044416
0.926577,0.9990646
0.072504655,0.0007520922
0.05915591,0.0008101145
0.9677179,0.99915165
0.93358064,0.9991534
0.03326192,0.00074374053
0.05574234,0.00076352083
0.95190245,0.99911296
0.056258112,0.0007920924
0.06558069,0.00081846624
0.93043476,0.9990791
0.9592686,0.9990563
0.9469418,0.9990795
0.883317,0.9990857
0.9377165,0.9990945
0.034750067,0.0007498944
0.051492084,0.0007802242
0.08881855,0.0008044002
0.014384752,0.0007745099
0.034287777,0.0007934111
0.088396624,0.00080264197
0.06526375,0.0008052793
0.94280344,0.99910724
0.9296488,0.9991068
0.9323589,0.99912524
0.87615305,0.99911606
0.9315547,0.99907607
0.06965365,0.00075297133
0.92593145,0.9991169
0.04329589,0.0007876968
0.95215005,0.99910855
0.92962307,0.99906856
0.05832542,0.0008052793
0.9411348,0.9990976
0.059646927,0.00077055383
0.05509607,0.00077407033
0.93278456,0.9991385
0.048415508,0.0007846199
0.9194101,0.9991006
0.049060784,0.0007934111
0.9449978,0.99908745
0.05118777,0.0007828616
0.94920665,0.9990932
0.042956166,0.0007780264
0.06209085,0.0008118728
0.06238353,0.0007793451
0.9429099,0.99917185
0.057406783,0.000775389
0.052098237,0.0007876968
0.032191496,0.0007520922
0.9374496,0.9990813
0.92148954,0.9991182
0.92373484,0.9991068
0.9110631,0.9991147
0.039859287,0.00075253175
0.93095595,0.9990976
0.9363269,0.9991459
0.921597,0.9990989
0.04373738,0.0007868177
0.9295518,0.99909097
0.039308105,0.0007894551
0.06007975,0.00082593877
0.93072665,0.99908173
0.92717075,0.9991534
0.9273886,0.9991442
0.04058677,0.0007837407
0.025283627,0.000799565
0.04237824,0.0007903342
0.05616922,0.000799565
0.056489877,0.0008092354
0.092665195,0.0007850594
0.94028497,0.999109
0.032005787,0.00080747716
0.08293975,0.0008008837
0.058404904,0.0007828616
0.9245599,0.9991033
0.05116573,0.0007920924
0.93903184,0.99913186
0.9210151,0.9991147
0.9336448,0.99911517
0.9202673,0.9991367
0.043175057,0.0007885759
0.96454275,0.9991182
0.9318263,0.99910283
0.070188,0.0007863781
0.04838951,0.00082154316
0.035142038,0.0008092354
0.04341326,0.00074286136
0.9424362,0.99911076
0.9446442,0.99917185
0.9392891,0.99910855
0.9376581,0.9991257
0.06853792,0.0008008837
0.9296674,0.99913055
0.066357695,0.000785499
0.9320482,0.9991235
0.06955808,0.0007793451
0.95686924,0.9991279
0.046422236,0.0007723121
0.048517276,0.0007868177
0.9494112,0.9990769
0.10233542,0.00071253156
0.9533896,0.99914813
0.95054924,0.99910283
0.9304511,0.99910766
0.88333505,0.99912614
0.90515184,0.99908745
0.91210675,0.9991174
0.05445847,0.00074198225
0.05307333,0.00073802617
0.07957694,0.000799565
0.92426324,0.9991068
0.93526465,0.99909186
0.905004,0.99909097
0.93025696,0.9991147
0.058939498,0.0007841803
0.06662437,0.00081099366
0.93516266,0.99910414
0.04588046,0.000806598
0.048456363,0.00075604825
0.065016136,0.0008044002
0.96089596,0.9992642
0.06755862,0.0008035211
0.06229538,0.00082769705
0.94794387,0.9991244
0.050094314,0.00081846624
0.051433645,0.00075648783
0.05904721,0.00081582885
0.9362422,0.99912614
0.9246169,0.99910814
0.95752245,0.99913013
0.04428584,0.0007498944
0.92858136,0.9991024
0.045139607,0.0007604439
0.044931363,0.0007934111
0.8923902,0.99908304
0.049847446,0.00074549875
0.92995685,0.99912965
0.09590421,0.0007934111
0.04291506,0.0008052793
0.050366934,0.0007876968
0.06217504,0.0007951694
0.06948181,0.000785499
0.9666086,0.99910855
0.052890595,0.0007894551
0.055376366,0.00084396085
0.02883413,0.00081099366
0.043104485,0.0007894551
0.9308903,0.9990932
0.97308934,0.9991437
0.06943006,0.0007806638
0.9316748,0.9991437
0.92158335,0.99913013
0.96202207,0.99911386
0.9354858,0.99911165
0.06795034,0.00074330095
0.05082155,0.0007811034
0.94095623,0.99911386
0.04331372,0.0007758286
0.03819212,0.0007815429
0.9343564,0.9991187
0.9324726,0.99910945
0.04337364,0.0007960485
0.040898763,0.00075648783
0.9477958,0.9991222
0.9254149,0.99913406
0.042594902,0.0007595648
0.9480825,0.9991226
0.052372344,0.00080615847
0.937614,0.9990998
0.97025216,0.9991407
0.9545296,0.9991679
0.06577432,0.0007978068
0.07337179,0.00076000433
0.9502724,0.9991455
0.064502835,0.00080044416
0.9296327,0.999109
0.932456,0.9991046
0.92230266,0.9990624
0.9386178,0.99910766
0.9437285,0.99909496
0.93664014,0.99907607
0.96296966,0.99917275
0.94211805,0.999142
0.9243286,0.9991024
0.9558142,0.9991002
0.046416786,0.0007736308
0.052019,0.00082242227
0.05301143,0.0007534109
0.96442264,0.9992334
0.88423735,0.9991877
0.05325186,0.00081451016
0.061951447,0.0007811034
0.07097045,0.0007652791
0.9392844,0.9990826
0.05100231,0.00076000433
0.9406658,0.99910504
0.9404321,0.99910593
0.9466709,0.999098
0.059040774,0.00082505966
0.038117338,0.00071516895
0.9362551,0.99913496
0.9492136,0.99909186
0.95124006,0.9991534
0.048519503,0.0007780264
0.9434257,0.9990747
0.03660567,0.00076352083
0.92935663,0.9991279
0.060714133,0.0007604439
0.040156916,0.00075253175
0.9184528,0.99911165
0.93133855,0.9991354
0.9361283,0.9991534
0.058804303,0.0007582461
0.05578567,0.0007547296
0.9255068,0.99907166
0.052684087,0.0007986859
0.9561673,0.99912876
0.07252001,0.0007881364
0.05383771,0.0008092354
0.0553937,0.0007661582
0.041696317,0.00081099366
0.9288624,0.9990936
0.94883925,0.99908483
0.8902271,0.9991112
0.93968004,0.9991455
0.053899612,0.000799565
0.035454523,0.0007960485
0.9506834,0.9991433
0.049701605,0.0007934111
0.94230425,0.99911386
0.92585146,0.9991112
0.048044834,0.0007916529
0.055667806,0.00082022446
0.05525974,0.0007630813
0.92357737,0.9991226
0.060939707,0.0008092354
0.052465692,0.000775389
0.07181902,0.00080264197
0.06324225,0.0007942903
0.031242402,0.00080396066
0.9473033,0.99915296
0.0322378,0.0007582461
0.066041745,0.00081363105
0.06010154,0.00082022446
0.037549317,0.0008101145
0.922971,0.999149
0.051523283,0.000771433
0.9653965,0.99916744
0.9421163,0.9991407
0.9593622,0.9991631
0.06535462,0.0007665978
0.9225275,0.9991622
0.07264629,0.0008149497
0.9367325,0.9990976
0.049858343,0.0007815429
0.9252661,0.9991191
0.951974,0.9991534
0.04918781,0.0007837407
0.051198415,0.00075385044
0.07953955,0.0007894551
0.9285242,0.9991147
0.07590585,0.0008035211
0.049018197,0.0007793451
0.9444238,0.9991257
0.05250432,0.0008044002
0.9446085,0.99913317
0.89917994,0.99911296
0.88165057,0.9991376
0.051077086,0.0007903342
0.9585614,0.999204
0.04161411,0.0007780264
0.047121737,0.0008052793
0.049401004,0.00080747716
0.9197699,0.99906415
0.046123616,0.00074549875
0.048790887,0.0007903342
0.9467009,0.99912524
0.044887044,0.0008008837
0.95316947,0.99906725
0.053441282,0.0008246201
0.06802487,0.0007520922
0.060934257,0.0007811034
0.044823404,0.000771433
0.06530386,0.0007762682
0.9437825,0.9990787
0.9297702,0.99909097
0.92467433,0.99912614
0.96184355,0.99915123
0.09063503,0.0007934111
0.9517066,0.99914986
0.9361751,0.9990936
0.96736306,0.9990971
0.049345043,0.00076220214
0.9441336,0.9991147
0.056312833,0.0007793451
0.94573367,0.99908304
0.95085675,0.9991446
0.041631445,0.00075604825
0.062321626,0.0007868177
0.93698037,0.99906594
0.9387713,0.99915516
0.91876304,0.99912
0.07189677,0.0007793451
0.92620677,0.99911255
0.94007033,0.9991376
0.9466023,0.999138
0.9647371,0.9991424
0.06291441,0.0008092354
0.8842913,0.999098
0.942747,0.99910855
0.930878,0.99910766
0.055550933,0.0008233014
0.05374733,0.00082286185
0.03881412,0.00073582836
0.036933754,0.00076703733
0.05381567,0.0007907738
0.9219144,0.9991222
0.049109813,0.0007916529
0.06562179,0.0008044002
0.93267787,0.9990985
0.94278014,0.9991182
0.060536593,0.00080264197
0.07337006,0.00082418055
0.9224329,0.99910593
0.9143593,0.99912703
0.94458675,0.99911386
0.08315666,0.0007811034
0.9496836,0.99912965
0.933415,0.9990901
0.92248267,0.9991068
0.8936753,0.9991178
0.92614436,0.9991226
0.9500864,0.9991437
0.04971324,0.0007837407
0.031581134,0.00073407014
0.9364787,0.9990857
0.03129316,0.000775389
0.9338627,0.9991024
0.057763837,0.0007837407
0.051067676,0.00081363105
0.93427646,0.9990743
0.92945915,0.99907255
0.051248927,0.0007907738
0.06688362,0.0007745099
0.047720216,0.0008092354
0.08708304,0.0007951694
0.94707525,0.9990963
0.94254047,0.99921405
0.9302718,0.9991442
0.9522424,0.9991279
0.94657356,0.9991046
0.05115434,0.00080396066
0.0544607,0.000785499
0.0790681,0.0007780264
0.9251948,0.9991248
0.9662924,0.9990901
0.071961895,0.0007661582
0.06703888,0.0007934111
0.9368692,0.99909186
0.9340457,0.99918944
0.94746053,0.9991455
0.054910857,0.0008017628
0.044025354,0.00076220214
0.08804996,0.0007903342
0.9366758,0.99918854
0.96183807,0.99908656
0.9505579,0.9990976
0.06465957,0.0008105541
0.040289883,0.00076703733
0.053674534,0.0007828616
0.93096167,0.99914724
0.057079937,0.0008149497
0.05367998,0.00080044416
0.039757766,0.0007947298
0.05147277,0.00082154316
0.94056976,0.9990835
0.054376513,0.0008035211
0.043416973,0.00076220214
0.058122877,0.0008030815
0.9235185,0.9990936
0.064700186,0.0008092354
0.92528045,0.9991455
0.92953295,0.99907607
0.9428463,0.9991196
0.047304228,0.0007819825
0.94086784,0.99914634
0.04125334,0.0007687956
0.94092804,0.9991174
0.044386867,0.0008118728
0.9407438,0.99915075
0.07021994,0.00081670796
0.051076837,0.00076352083
0.04584629,0.00083209266
0.066180654,0.0008083563
0.045875754,0.0008127519
0.92416793,0.99909496
0.044130836,0.0007652791
0.08947744,0.0008044002
0.049013242,0.0008470378
0.038076237,0.00080044416
0.94081014,0.999102
0.9203446,0.9990901
0.9169961,0.99908394
0.07953039,0.0007828616
0.07985179,0.000785499
0.03348378,0.00071341067
0.07258315,0.0008044002
0.04559447,0.0007868177
0.04021139,0.00073538884
0.053858012,0.00073978445
0.94374585,0.99914724
0.0611529,0.0007960485
0.059585765,0.00074330095
0.9566989,0.9991455
0.9411707,0.99908745
0.95298374,0.99908924
0.06041056,0.0007837407
0.06608582,0.0008092354
0.060961496,0.0008149497
0.9487372,0.99907607
0.06076935,0.0007986859
0.93351156,0.99917185
0.040178705,0.00077055383
0.946842,0.99908924
0.07642732,0.0007868177
0.051106058,0.0007868177
0.04930666,0.000771433
0.9467825,0.9990813
0.030268049,0.0007903342
0.93650293,0.999102
0.9274307,0.99909407
0.9475707,0.9990901
0.054465897,0.00080747716
0.93461096,0.9990945
0.050422896,0.0007868177
0.051577263,0.0007841803
0.03336988,0.0008083563
0.059894785,0.0007868177
0.06846685,0.0008149497
0.9387159,0.9990835
0.067598976,0.00082198274
0.047348548,0.0007894551
0.061922476,0.0008044002
0.9322596,0.99913406
0.035249997,0.0007969276
0.05733671,0.00076220214
0.93866956,0.99908483
0.92492783,0.99917096
0.039477967,0.00074330095
0.06510057,0.0007868177
0.06065966,0.0007885759
0.0924525,0.00082374096
0.091157,0.000761323
0.0576487,0.0007978068
0.06956823,0.0008083563
0.9415347,0.9991011
0.93929255,0.9991248
0.95753634,0.9990809
0.04620706,0.0008233014
0.93453693,0.99913055
0.9311085,0.9990879
0.077957064,0.000799565
0.93666714,0.9991428
0.032049615,0.00076703733
0.05536572,0.0007881364
0.07158057,0.0008017628
0.051024098,0.0007687956
0.050867606,0.000761323
0.9459912,0.99912614
0.926339,0.9990945
0.92490655,0.99912745
0.050208464,0.000792532
0.057342898,0.0007771473
0.04305001,0.00081582885
0.059062563,0.00081099366
0.048909742,0.00076220214
0.05133782,0.00083341135
0.043802008,0.0007960485
0.9411484,0.99910855
0.95735556,0.99913496
0.91487235,0.99910504
0.05055487,0.0008013233
0.06517931,0.00076703733
0.9462301,0.99909276
0.9482241,0.9991596
0.048073556,0.00080967497
0.057344384,0.0007806638
0.08371329,0.0007868177
0.92968845,0.99907166
0.06631932,0.0007876968
0.9197389,0.9991156
0.93721384,0.99912876
0.9181874,0.9991182
0.9438461,0.9991055
0.036543023,0.0007916529
0.057294615,0.00083473005
0.9480711,0.99910635
0.90202034,0.99910283
0.036919642,0.00080264197
0.06721047,0.00076703733
0.05083938,0.0007960485
0.93895656,0.9991279
0.9565793,0.9990963
0.9282389,0.9991169
0.058760475,0.0007885759
0.052778427,0.0008044002
0.89281607,0.9991196
0.056547076,0.0008017628
0.050138637,0.0007938507
0.04830359,0.0007811034
0.92539686,0.9990734
0.9110586,0.99906063
0.059592947,0.0008052793
0.92247504,0.99911296
0.043982763,0.00081538927
0.9318365,0.999102
0.06536007,0.0007837407
0.0626356,0.00082418055
0.9489625,0.9991222
0.062792584,0.0008114332
0.94632494,0.9990822
0.9414084,0.9991279
0.94095105,0.9991178
0.04774745,0.0007868177
0.045809396,0.0007846199
0.9358047,0.9991033
0.9380344,0.9991174
0.04420388,0.0007969276
0.92637295,0.9991279
0.9256048,0.99908656
0.04083661,0.0007841803
0.04674933,0.0007758286
0.06310136,0.0007986859
0.06043532,0.000775389
0.92051643,0.999062
0.04826719,0.00075385044
0.94455457,0.99909496
0.95171547,0.9991156
0.051378183,0.0008013233
0.94419205,0.99913406
0.05017702,0.0007767077
0.048140906,0.0007841803
0.05945775,0.00080615847
0.9476888,0.99910414
0.9464646,0.99908745
0.059560012,0.0007903342
0.93255776,0.9990936
0.97130376,0.99912614
0.08160983,0.0007982463
0.052562013,0.00081670796
0.05951792,0.0008101145
0.9404692,0.9991015
0.91009766,0.99912703
0.045506317,0.00082022446
0.052226994,0.0007767077
0.9507721,0.99910766
0.051944718,0.00073890534
0.056657262,0.0007876968
0.9431164,0.9991534
0.038971353,0.0008118728
0.9506921,0.99911296
0.94465286,0.9991209
0.054970283,0.0008083563
0.031447425,0.000775389
0.08001051,0.0007978068
0.062755935,0.0007960485
0.054598123,0.0007547296
0.047066025,0.0008030815
0.03963619,0.0007116524
0.060529415,0.00082022446
0.9270509,0.9990752
0.055414252,0.00075648783
0.050705917,0.0007687956
0.04452627,0.0007679165
0.94454515,0.9991217
0.9155367,0.9990963
0.027569577,0.00076000433
0.07494487,0.0007837407
0.09947699,0.00081934535
0.9621102,0.9991323
0.07416093,0.00082901574
0.05742981,0.0007881364
0.039437853,0.00082242227
0.053012915,0.0007837407
0.93418854,0.99906635
0.055490516,0.0007960485
0.056017432,0.0007582461
0.9416961,0.9991165
0.059008334,0.0007978068
0.06612618,0.00080747716
0.9398861,0.9990923
0.054217793,0.0008457191
0.9427539,0.9991068
0.9502372,0.9991015
0.03310989,0.0008083563
0.06218544,0.00074813614
0.87529236,0.9991389
0.9414787,0.99913627
0.9193561,0.9990769
0.92971665,0.99914813
0.044005297,0.0007793451
0.04184959,0.0007876968
0.0835313,0.00081582885
0.04790865,0.0008052793
0.04928091,0.0007824221
0.050155226,0.0007723121
0.047061566,0.00081934535
0.058792666,0.0007912133
0.9036251,0.99909496
0.9290699,0.9991024
0.8967828,0.9991015
0.06614203,0.00082505966
0.9364859,0.99908525
0.90331113,0.99906987
0.08734179,0.0007868177
0.052988153,0.00077407033
0.9133104,0.9991006
0.89568985,0.9991367
0.93975437,0.99913055
0.9449849,0.99921143
0.95659244,0.9992
0.042490903,0.0007811034
0.067362756,0.0008118728
0.045959942,0.0007916529
0.95186776,0.9991002
0.9001865,0.9990734
0.059926726,0.0007415427
0.94000965,0.9991217
0.9231094,0.9991217
0.05599614,0.0008101145
0.9455237,0.9990646
0.039793175,0.0007837407
0.076873764,0.0008118728
0.9476041,0.99914813
0.95074385,0.99913096
0.94340515,0.99912965
0.88508815,0.9990989
0.9544967,0.99911034
0.95745015,0.9991231
0.050133437,0.000785499
0.08304202,0.0007745099
0.032235075,0.00075385044
0.030136816,0.00082418055
0.94318825,0.9990936
0.9281671,0.9990967
0.05767247,0.00075297133
0.9562582,0.9991442
0.9452186,0.99910414
0.05628931,0.0007780264
0.9329594,0.9990523
0.08057853,0.0008233014
0.05287648,0.0007841803
0.93696177,0.9991011
0.07548367,0.0007692352
0.9495395,0.9991169
0.0797208,0.0007674769
0.05533056,0.0007846199
0.060518518,0.0007978068
0.92580885,0.9991055
0.062395416,0.0007595648
0.049404223,0.0008127519
0.0675445,0.0007960485
0.051273443,0.0008149497
0.92984617,0.99912393
0.93263406,0.9991187
0.8965865,0.999149
0.058389306,0.0007793451
0.97131246,0.99908483
0.93802357,0.9990923
0.89028156,0.99910593
0.042527054,0.00073582836
0.8931006,0.9991134
0.07191014,0.0007582461
0.038448397,0.00082242227
0.06677096,0.0008118728
0.08186066,0.0007951694
0.92866284,0.99913144
0.062150527,0.00080747716
0.09462975,0.00071516895
0.9437325,0.9991112
0.060549717,0.0008118728
0.93304557,0.99910593
0.91719294,0.99909276
0.09250821,0.0008030815
0.063445784,0.00083253224
0.038525157,0.0007806638
0.06583499,0.0007934111
0.050812636,0.00077407033
0.061838288,0.0007850594
0.9698939,0.9991178
0.04352196,0.00080044416
0.94353193,0.9991244
0.067829005,0.0008052793
0.9308542,0.99911165
0.049585473,0.0008233014
0.9596584,0.99912703
0.057752945,0.00081846624
0.9518514,0.9990945
0.041346937,0.0007811034
0.92768824,0.9991015
0.0585661,0.0007850594
0.042650614,0.0007200041
0.9288649,0.99910724
0.95087165,0.9991147
0.051467076,0.00075604825
0.029715627,0.0007736308
0.93411326,0.99908304
0.060108226,0.0008008837
0.058265995,0.00080044416
0.05684545,0.00081363105
0.06735458,0.0007960485
0.07537819,0.0008105541
0.92411447,0.9990967
0.054719206,0.000778466
0.9287901,0.9991428
0.06257939,0.00074593833
0.08211942,0.00083077396
0.9318828,0.9991248
0.037610974,0.00071604806
0.92642564,0.9990795
0.038655646,0.0007868177
0.06268017,0.0007920924
0.92826617,0.99911034
0.06783792,0.0007942903
0.92760676,0.9990734
0.067620516,0.0008017628
0.93336743,0.9991217
0.051083524,0.0007644
0.91975725,0.9990857
0.9602571,0.9990985
0.06001983,0.0007951694
0.97447646,0.99917626
0.039210543,0.0007687956
0.080429465,0.00083341135
0.061839033,0.0007912133
0.95190394,0.999098
0.054127414,0.00081582885
0.050760143,0.00081714755
0.044218987,0.0007696747
0.94257367,0.9990923
0.9263125,0.9991428
0.9230346,0.9991112
0.9383477,0.9991112
0.9406517,0.9991196
0.067439266,0.0008118728
0.9411328,0.9991187
0.90685195,0.99913096
0.92666954,0.9991446
0.05702323,0.0007960485
0.94849825,0.9990993
0.9382578,0.99909496
0.07264728,0.00083209266
0.06923049,0.0007969276
0.9592424,0.99911296
0.059017498,0.0008008837
0.9323149,0.99912924
0.057952024,0.000792532
0.048066128,0.0007837407
0.08708725,0.00075385044
0.913769,0.99910414
0.06141339,0.0007912133
0.07967994,0.0007885759
0.0503449,0.0008092354
0.91745716,0.99908173
0.03896318,0.000785499
0.062696755,0.0007894551
0.92493874,0.99911034
0.96404755,0.99912393
0.049676098,0.0008118728
0.058935784,0.0007771473
0.053858507,0.0008048398
0.9475086,0.99914813
0.9490487,0.9991244
0.92893994,0.99915123
0.055667806,0.0007863781
0.92790663,0.9990967
0.9702814,0.9991569
0.061033055,0.000747257
0.062182717,0.0007920924
0.9367689,0.99912876
0.05195685,0.0007696747
0.063794665,0.00074198225
0.9435683,0.99911034
0.07048439,0.00080396066
0.051124875,0.0007947298
0.93626106,0.99911165
0.94504607,0.999058
0.96862584,0.99911034
0.04150244,0.0008052793
0.95287085,0.99904263
0.94386196,0.9991424
0.0675029,0.000799565
0.9326627,0.9991402
0.044173427,0.0007942903
0.06844234,0.00082154316
0.92427343,0.99911034
0.070899144,0.0007802242
0.94981235,0.9991266
0.045858424,0.00073275145
0.9468987,0.99913627
0.06708716,0.0008101145
0.06473163,0.0007920924
0.07444865,0.00082989485
0.92380196,0.9991415
0.9503487,0.9991178
0.9451295,0.9991604
0.9341851,0.9991147
0.039896924,0.000775389
0.9390348,0.99913406
0.06272177,0.00075033394
0.06497008,0.00080396066
0.93521464,0.99908173
0.042703107,0.0007815429
0.057388708,0.0008105541
0.04265185,0.0007828616
0.9382875,0.9990787
0.06539622,0.0007920924
0.93306637,0.99910855
0.060236737,0.0007582461
0.041064907,0.0007696747
0.05116499,0.000761323
0.92441034,0.99908704
0.04213806,0.00082022446
0.054734804,0.0007934111
0.06237734,0.0007833012
0.057265893,0.0008008837
0.938702,0.9991147
0.9388422,0.99911034
0.05483484,0.000799565
0.033132173,0.0007661582
0.92496794,0.99914724
0.05878301,0.0007863781
0.041295435,0.00076352083
0.042984642,0.0007604439
0.06632996,0.000792532
0.052798234,0.0008035211
0.0413353,0.000785499
0.054403502,0.0007938507
0.05834127,0.0008044002
0.05588744,0.0007973672
0.04465503,0.0007986859
0.9402644,0.99912834
0.9216346,0.9990901
0.06439265,0.0007986859
0.04256816,0.000806598
0.047779392,0.00073802617
0.06567974,0.0008149497
0.9331622,0.99912524
0.9671704,0.99914986
0.052845776,0.0008197849
0.04291531,0.00079560897
0.057201017,0.0007947298
0.92044264,0.99907255
0.069519944,0.0007841803
0.05645199,0.000778466
0.07059136,0.0008008837
0.9445776,0.99908924
0.041651748,0.0007894551
0.9392049,0.99912393
0.056685243,0.0008149497
0.05646462,0.0007687956
0.04750405,0.0007903342
0.0616506,0.0008127519
0.050846063,0.0007885759
0.9527911,0.99917936
0.045169815,0.0007771473
0.040196534,0.0007498944
0.9289877,0.9990945
0.95760566,0.99913275
0.0887101,0.0007903342
0.9526648,0.9991037
0.04394166,0.00073407014
0.9286341,0.9990989
0.06278813,0.0007982463
0.9316426,0.999102
0.040937882,0.0008030815
0.92930937,0.99917275
0.91242963,0.99908745
0.9310508,0.99913716
0.9526111,0.99910414
0.92823666,0.9990945
0.09727919,0.0007819825
0.06354136,0.0007679165
0.05765712,0.0008030815
0.96178335,0.9991833
0.96213794,0.9991037
0.046179574,0.0007885759
0.039714187,0.0007876968
0.10627245,0.0008092354
0.9353714,0.9991231
0.9313794,0.9990993
0.91658086,0.9991037
0.94952756,0.99909276
0.95596695,0.99915123
0.08143131,0.000799565
0.04267488,0.00082242227
0.054103397,0.0007903342
0.049507227,0.0007687956
0.051956106,0.000858906
0.9483509,0.9991231
0.049480237,0.0008048398
0.032569848,0.0007767077
0.0731685,0.0008118728
0.94911927,0.99909097
0.9209846,0.9990985
0.8732865,0.99910945
0.04703854,0.00074549875
0.08568651,0.0007850594
0.90020084,0.9990971
0.07722587,0.0008083563
0.045473386,0.0008149497
0.06323482,0.00082505966
0.04386639,0.0007463779
0.92551076,0.99912965
0.92267656,0.99910814
0.93123156,0.9991165
0.940877,0.99912
0.045099244,0.000799565
0.079967424,0.0008092354
0.93134123,0.9991112
0.926417,0.9990989
0.048512325,0.00081582885
0.03577097,0.0007811034
0.9163407,0.9991147
0.92028415,0.99908835
0.92345554,0.9991428
0.91923153,0.9990857
0.94464916,0.99910504
0.94815755,0.9991244
0.94299805,0.9991165
0.87426627,0.9990945
0.06979356,0.00080615847
0.94497204,0.99914944
0.06376223,0.0007960485
0.9378552,0.9990769
0.9332694,0.99908745
0.041283056,0.0007248393
0.95013124,0.99910724
0.057044033,0.0007850594
0.94431585,0.99908483
0.92325205,0.9990844
0.06524097,0.0007894551
0.04321046,0.0007665978
0.073440626,0.0007876968
0.046574764,0.0008400048
0.05569356,0.0007661582
0.910421,0.99914986
0.079114154,0.000778466
0.9443248,0.99913317
0.93453467,0.99910766
0.051944964,0.0007837407
0.9195928,0.99910414
0.9553727,0.9991868
0.92867,0.9991006
0.93955773,0.99912876
0.05846879,0.00082154316
0.9467979,0.99908924
0.9722499,0.9991174
0.050868597,0.00080396066
0.92431426,0.99914813
0.07220034,0.0008035211
0.03426252,0.00076703733
0.061457463,0.0008035211
0.9216017,0.9991354
0.058517568,0.00082989485
0.9458045,0.9991279
0.9382751,0.9991846
0.046877097,0.000785499
0.066652104,0.00080396066
0.04966669,0.0007687956
0.047117528,0.0007811034
0.9263501,0.99915165
0.9294849,0.9991156
0.93644553,0.9991235
0.94174564,0.99908394
0.92153436,0.9991459
0.055738624,0.0007819825
0.95498616,0.99910724
0.067201555,0.00079560897
0.9598622,0.9991578
0.057305016,0.0008052793
0.051304393,0.0007652791
0.046249896,0.00073802617
0.9017197,0.99911606
0.90747964,0.99912524
0.9435599,0.9990615
0.07696315,0.00082242227
0.95591646,0.99910504
0.92266965,0.9990998
0.9479451,0.99915516
0.050564777,0.000785499
0.9656256,0.9991415
0.930198,0.99908525
0.9469455,0.9991147
0.90299714,0.9991534
0.93524635,0.99910855
0.9499787,0.99906987
0.93844646,0.99915165
0.056382164,0.0007802242
0.94368047,0.9991024
0.9386188,0.9990998
0.9362561,0.99908525
0.028410219,0.00073143275
0.044736248,0.0007912133
0.02676063,0.0007969276
0.94337,0.9991182
0.04243247,0.0008079167
0.054896742,0.0007894551
0.07020707,0.00081846624
0.053847615,0.0007876968
0.044852626,0.0007903342
0.06618858,0.000775389
0.9255734,0.9991235
0.9403598,0.99913496
0.07666329,0.00080044416
0.9166044,0.9990971
0.93155247,0.99910414
0.9458426,0.9991622
0.062916145,0.0007701143
0.943164,0.9990998
0.898213,0.9990813
0.94066507,0.99910593
0.06959101,0.0007934111
0.07613489,0.0008035211
0.0710742,0.00081582885
0.92632216,0.9990734
0.06255513,0.0007520922
0.96509194,0.99908966
0.05483286,0.0008052793
0.9446915,0.9991442
0.9358844,0.9990985
0.930591,0.9990782
0.9531504,0.99913317
0.04838728,0.00082154316
0.045507558,0.0007876968
0.05922351,0.0007942903
0.9405244,0.99910593
0.031921104,0.0007582461
0.051274184,0.00082681794
0.051009983,0.000771433
0.9300272,0.99910724
0.9401758,0.99912524
0.06664592,0.0007793451
0.9377757,0.9991354
0.04677855,0.00082637835
0.061022654,0.0007894551
0.03171435,0.00080044416
0.9091733,0.9990668
0.9380166,0.99910766
0.06815238,0.0007802242
0.06371469,0.0008083563
0.9195589,0.99909186
0.9307287,0.9991178
0.9184838,0.99913317
0.9551122,0.99911606
0.9636647,0.99912745
0.9431538,0.99909407
0.9344213,0.9991877
0.059424818,0.0007881364
0.044045907,0.00080264197
0.056039717,0.0007978068
0.036259014,0.00082154316
0.95631015,0.99907166
0.075700335,0.0008149497
0.93375474,0.9991015
0.93900335,0.99913317
0.052392647,0.0007947298
0.06027908,0.0007745099
0.05612391,0.0007947298
0.9406178,0.9990936
0.9393522,0.9991666
0.045703664,0.0007833012
0.06472569,0.0007701143
0.95020354,0.9991244
0.89009756,0.9991991
0.91948855,0.99908835
0.04865173,0.00076703733
0.9193776,0.9991024
0.9442589,0.9991217
0.93933785,0.99910766
0.06939119,0.0007802242
0.9221422,0.9991015
0.93685234,0.9991011
0.94569355,0.9991015
0.9102603,0.9991068
0.045956723,0.0007098942
0.06286514,0.0007986859
0.9394597,0.99910414
0.044774625,0.0007890155
0.8996353,0.99913406
0.9272433,0.9990844
0.92596537,0.9991068
0.94263357,0.9991226
0.9047386,0.9991578
0.9632824,0.99908924
0.9514359,0.99912745
0.039416805,0.0007916529
0.9294797,0.9990945
0.06071215,0.0007969276
0.0558654,0.0007630813
0.91641027,0.9991204
0.9333504,0.9991196
0.94295496,0.9991459
0.9295275,0.99909496
0.051885292,0.0007498944
0.035443135,0.00080615847
0.92864746,0.9990743
0.94102263,0.9991323
0.0624697,0.00075033394
0.9388422,0.99911076
0.932274,0.9990822
0.938473,0.9990985
0.94499433,0.99913406
0.04480533,0.0007745099
0.05723395,0.0007907738
0.04515669,0.0007894551
0.04538771,0.0007745099
0.062609844,0.00074549875
0.043245375,0.00074901525
0.065097354,0.00080044416
0.0366542,0.00072396017
0.057813607,0.000785499
0.9359622,0.9991024
0.065538846,0.0008008837
0.93276924,0.9991024
0.94131356,0.99914503
0.04326692,0.0007723121
0.05445129,0.00082022446
0.050062127,0.0007767077
0.04789082,0.00082505966
0.037416846,0.0007894551
0.963403,0.99913144
0.94052196,0.99909186
0.039614398,0.00081363105
0.93119913,0.9991358
0.9508117,0.9991169
0.057793304,0.0008048398
0.09122286,0.00082154316
0.9269439,0.99912876
0.046840202,0.0007947298
0.05401475,0.00080264197
0.06505254,0.0008022024
0.049989082,0.0008008837
0.049843486,0.00075385044
0.05627074,0.00083297177
0.9285004,0.99911207
0.07629658,0.0007811034
0.95462096,0.99911255
0.036320172,0.0007630813
0.95379466,0.9990901
0.94187415,0.9990804
0.95920473,0.99915165
0.06581369,0.0008083563
0.08969336,0.0007920924
0.039314542,0.0008114332
0.058651775,0.0007696747
0.9331837,0.9991213
0.92661387,0.9991257
0.9413685,0.9991147
0.06541628,0.00081670796
0.06382463,0.0008044002
0.047193296,0.0008118728
0.9416852,0.9991156
0.044091217,0.00076220214
0.9538271,0.99915165
0.93153465,0.99907076
0.95965093,0.99910766
0.9217961,0.9991165
0.04346798,0.0007828616
0.035454027,0.0007745099
0.037464634,0.00082418055
0.9424008,0.99915123
0.94245577,0.9991424
0.9308725,0.99916834
0.9597505,0.9991024
0.9364398,0.99908483
0.06466007,0.0008013233
0.045900766,0.0007758286
0.048340976,0.0007736308
0.9437617,0.99912834
0.06138813,0.0007802242
0.9305001,0.99910766
0.94929534,0.99914724
0.9204684,0.9990954
0.056719165,0.0007837407
0.044267766,0.0008035211
0.94114643,0.9991187
0.04626822,0.0007806638
0.9262177,0.9990976
0.028361192,0.00082549924
0.9142803,0.999109
0.94731617,0.9991156
0.036248613,0.0008008837
0.9344307,0.9991147
0.054903675,0.0008149497
0.9400163,0.9991402
0.039769158,0.0008052793
0.07227339,0.0007811034
0.05917374,0.0008233014
0.8968673,0.99913406
0.079442486,0.0008400048
0.06315261,0.0007920924
0.07481438,0.0007815429
0.008439844,0.00074374053
0.949017,0.99908745
0.9281894,0.9991279
0.95707107,0.9990835
0.058240492,0.0007762682
0.9362576,0.9991323
0.9287881,0.9991222
0.9400007,0.99911606
0.97014445,0.99913317
0.031729702,0.0007868177
0.91681165,0.9990923
0.9450728,0.99913144
0.940416,0.9991248
0.9447284,0.99908304
0.9349651,0.99906766
0.037101388,0.0008175871
0.05374312,0.0008052793
0.031941656,0.0007463779
0.9351998,0.9990844
0.9211198,0.9990523
0.05143538,0.0008083563
0.93862027,0.9990963
0.069792315,0.0007890155
0.93043005,0.9991209
0.057016548,0.0007701143
0.06680117,0.0007802242
0.079085186,0.0008118728
0.051889252,0.0007674769
0.035160113,0.0007630813
0.9289788,0.99910766
0.9492411,0.99912703
0.046045616,0.00075648783
0.07626687,0.0007723121
0.9261793,0.99910283
0.89463407,0.9991389
0.0625628,0.0008048398
0.10779477,0.000799565
0.038380302,0.00081451016
0.059266098,0.0007934111
0.9289877,0.99915165
0.049440622,0.00072308106
0.9284261,0.9990998
0.037762016,0.0007978068
0.96724147,0.99913496
0.036177304,0.0008030815
0.8985136,0.9991459
0.056504734,0.0006896743
0.05436091,0.0007626417
0.93680185,0.9991767
0.9216121,0.99911255
0.08722988,0.00074066356
0.051492084,0.000775389
0.9483539,0.9992009
0.9129385,0.9990936
0.054855146,0.0007920924
0.962447,0.99915427
0.055945132,0.000799565
0.92827606,0.99910766
0.93328947,0.9991182
0.06791146,0.0007582461
0.043975584,0.0007978068
0.049282644,0.0007520922
0.9339746,0.9991213
0.92100966,0.99908483
0.03913205,0.00080747716
0.067155,0.00080264197
0.058560655,0.00082154316
0.93013763,0.99909186
0.06185389,0.0007837407
0.95128465,0.9991068
0.035372067,0.00074110314
0.051924907,0.0007696747
0.061766233,0.0007942903
0.040183164,0.000771433
0.06283121,0.00084615865
0.071949266,0.0007951694
0.057026945,0.000775389
0.065016136,0.0007876968
0.9175589,0.9991846
0.057370137,0.00083253224
0.062308505,0.0008162684
0.9461739,0.99912703
0.95048606,0.9991468
0.06847874,0.000785499
0.9603517,0.99910593
0.050677687,0.0008149497
0.051676057,0.0007837407
0.9538781,0.9991354
0.050442703,0.0007876968
0.959592,0.99913317
0.9309983,0.9991222
0.06228498,0.0007934111
0.9079204,0.999058
0.062265914,0.0007639604
0.06374044,0.0008013233
0.06563764,0.0008118728
0.94250584,0.99911076
0.05694053,0.000799565
0.92253345,0.99912614
0.92276746,0.9991147
0.90863055,0.9990743
0.051222187,0.00082022446
0.03695084,0.0007780264
0.9181799,0.9991147
0.05308918,0.0007973672
0.06712529,0.00082198274
0.07359637,0.0007920924
0.04855417,0.0008364883
0.0620443,0.0007885759
0.058417782,0.00079560897
0.05442752,0.0007978068
0.9396469,0.99913716
0.92919,0.99912524
0.8897809,0.9991002
0.06345148,0.0008035211
0.9887173,0.99916834
0.066676624,0.000785499
0.044560444,0.0007556087
0.049498066,0.00076703733
0.9343926,0.9991156
0.9262788,0.9990782
0.045292877,0.00081099366
0.05165724,0.0007885759
0.059053894,0.0007973672
0.95414853,0.9990721
0.061079606,0.0007850594
0.065895155,0.0007934111
0.038163394,0.0007916529
0.946921,0.99912393
0.9444931,0.99912524
0.05762914,0.0007679165
0.030764759,0.000785499
0.9619941,0.999149
0.92430437,0.99910945
0.8992084,0.99909055
0.94142795,0.9991191
0.9507065,0.99910766
0.06391748,0.0007802242
0.06113111,0.000806598
0.92350703,0.99910724
0.9397469,0.9991323
0.07132033,0.0007973672
0.91879106,0.99912524
0.9256395,0.99917406
0.96646696,0.99915075
0.9396739,0.9990936
0.9605084,0.9991248
0.94425,0.99916744
0.956534,0.9991244
0.042738516,0.00077407033
0.049620386,0.0007960485
0.9308834,0.99911296
0.050722755,0.00082637835
0.93993855,0.9991244
0.04418927,0.00076703733
0.051298205,0.0007938507
0.05369855,0.000771433
0.060930297,0.00080396066
0.054893773,0.0007415427
0.05191748,0.00081670796
0.9807888,0.99914986
0.046866946,0.0007841803
0.03229079,0.00076352083
0.057324328,0.0007771473
0.9372837,0.9991213
0.03883467,0.0007846199
0.045527365,0.00081319147
0.9116118,0.9991015
0.08288008,0.00082022446
0.020348478,0.0007916529
0.076694496,0.0007912133
0.9573204,0.99918854
0.059868537,0.0007907738
0.0683532,0.00083341135
0.9470232,0.9991367
0.9331602,0.99915516
0.96096796,0.99910635
0.95098054,0.9990936
0.044033524,0.0007885759
0.06936593,0.00082022446
0.051512882,0.0007903342
0.059457008,0.0007723121
0.92638505,0.99907297
0.9233669,0.99909496
0.9204778,0.9990752
0.058595072,0.0007758286
0.9549612,0.9991556
0.93678224,0.99911207
0.9340197,0.99910414
0.059625138,0.0007907738
0.1089682,0.000771433
0.9579806,0.99914855
0.053912982,0.0008118728
0.94526124,0.99909055
0.9475194,0.99909097
0.055605903,0.00073802617
0.9308594,0.9990989
0.058869425,0.0007846199
0.9082772,0.9990787
0.038756672,0.0008044002
0.061883107,0.0007881364
0.9258262,0.9991156
0.11145645,0.0007951694
0.09108049,0.00080044416
0.95524764,0.9990765
0.07469577,0.0008162684
0.92962086,0.99909097
0.06042839,0.0007903342
0.939428,0.9991376
0.052611288,0.0007876968
0.058264263,0.0007885759
0.9400369,0.9990901
0.061476775,0.000775389
0.93206996,0.9990976
0.040090803,0.0007626417
0.9078018,0.9990971
0.06360426,0.0007723121
0.06850994,0.000799565
0.04862474,0.00082154316
0.9351198,0.99904
0.9489135,0.9990923
0.9275008,0.9991226
0.9517546,0.99909276
0.92791975,0.99911207
0.9353729,0.9991204
0.05650944,0.0007885759
0.055152774,0.0008083563
0.926801,0.99913096
0.9287757,0.9991015
0.9466511,0.999149
0.9550981,0.9991006
0.053690873,0.00076352083
0.9273822,0.999102
0.0240889,0.00071121287
0.95071214,0.99907166
0.951612,0.9991147
0.9695133,0.9991639
0.05178253,0.0007885759
0.94303596,0.99910504
0.053596534,0.0008035211
0.9261917,0.99913496
0.92032874,0.99911517
0.067816876,0.0008057189
0.04460105,0.0007762682
0.053797595,0.0007881364
0.035060573,0.0007934111
0.9525732,0.9991428
0.07664002,0.0007745099
0.92964065,0.9990795
0.054874707,0.00082901574
0.9406943,0.99908483
0.0404798,0.0007661582
0.9428285,0.99915826
0.92632884,0.9991156
0.036708675,0.0007661582
0.9524227,0.99915075
0.94821227,0.999149
0.08599305,0.0008052793
0.9377891,0.99911034
0.04035971,0.00081670796
0.92238563,0.9991455
0.04162773,0.00075429
0.95359486,0.9991257
0.053881288,0.0007986859
0.9254949,0.99910593
0.93414295,0.9991385
0.099539146,0.0008083563
0.06112294,0.0007982463
0.93002343,0.9991015
0.06708815,0.0008175871
0.9365953,0.9991446
0.05474595,0.0007934111
0.07148772,0.00082681794
0.93540657,0.9990945
0.05856189,0.000775389
0.9404467,0.9991226
0.9541797,0.99915254
0.05652776,0.0007894551
0.067008175,0.00080967497
0.05313895,0.00081099366
0.9376036,0.9990826
0.055659633,0.0007780264
0.07330196,0.0007986859
0.9252141,0.9991182
0.9325295,0.99922067
0.92599237,0.9990826
0.056029815,0.0007934111
0.92297447,0.9990998
0.06915472,0.0007960485
0.94621056,0.99912876
0.079423174,0.0008246201
0.94987994,0.99911386
0.08628944,0.0007938507
0.93516314,0.9991802
0.06938624,0.00081231236
0.0715823,0.00080747716
0.060483854,0.0007819825
0.9220892,0.9991024
0.07099348,0.000799565
0.9517717,0.99911255
0.94165653,0.99913144
0.9485872,0.9991204
0.045085378,0.000747257
0.05205466,0.0007811034
0.06015453,0.00073275145
0.94898033,0.9991266
0.95140696,0.99910766
0.054634277,0.0007868177
0.07010109,0.0008092354
0.950545,0.9990963
0.93205214,0.99916
0.9381176,0.9991024
0.07091945,0.0008118728
0.055624723,0.00084308174
0.04958696,0.0008052793
0.9480357,0.9991468
0.9442569,0.9990646
0.062960215,0.0008149497
0.073721424,0.0007907738
0.93423855,0.9991235
0.9365988,0.9991248
0.07302489,0.0008030815
0.9188844,0.9990835
0.060997896,0.00077407033
0.05498712,0.0007762682
0.9275773,0.99910414
0.9019136,0.9991174
0.04484371,0.00081582885
0.94698954,0.99913496
0.046389796,0.00074549875
0.06145152,0.0007696747
0.11004779,0.0007920924
0.05950752,0.0007828616
0.9023447,0.9990954
0.05399519,0.0007630813
0.07001888,0.00082154316
0.9528458,0.9991011
0.041014396,0.0007978068
0.05515723,0.0007701143
0.05212399,0.00080264197
0.90297335,0.9991248
0.92349863,0.9991165
0.064162865,0.00082901574
0.9148043,0.9991182
0.9229616,0.9991415
0.051349953,0.00080264197
0.044697125,0.0008083563
0.934352,0.99908483
0.9472035,0.9992453
0.049533475,0.00081231236
0.05252091,0.0007863781
0.95025235,0.99913144
0.9443337,0.99906945
0.060907762,0.00081363105
0.9490554,0.9991037
0.9312489,0.99911076
0.9297781,0.9991446
0.045982476,0.0007762682
0.945394,0.99909407
0.946895,0.99908924
0.88363266,0.99912703
0.038230747,0.0007885759
0.05933246,0.00083253224
0.088586785,0.00076703733
0.04945523,0.0007828616
0.05461843,0.0008149497
0.92757064,0.9991068
0.93155867,0.99906904
0.06461377,0.0007894551
0.02638228,0.0007850594
0.91886234,0.99911386
0.89983094,0.9991231
0.92118347,0.99908924
0.92581606,0.9991231
0.09266321,0.00075297133
0.9482672,0.99912745
0.061000865,0.0007973672
0.9326875,0.99910855
0.048593294,0.0008101145
0.065225124,0.0007824221
0.025453242,0.00076352083
0.044499036,0.0007802242
0.047326017,0.0007639604
0.07289564,0.0007868177
0.9419326,0.99907076
0.9323322,0.9991235
0.91843724,0.9990954
0.044234835,0.000792532
0.045006145,0.0007819825
0.935929,0.99913096
0.05816274,0.0007885759
0.04722078,0.0007811034
0.035145752,0.0007920924
0.047670692,0.0007687956
0.07233777,0.0007912133
0.9321465,0.9990795
0.049445573,0.0008149497
0.046392027,0.0007982463
0.03948168,0.0007837407
0.045985695,0.0007947298
0.963247,0.99911255
0.042911842,0.0008035211
0.07631713,0.0007920924
0.06568642,0.0007841803
0.9464854,0.99914855
0.05171023,0.0007828616
0.93173295,0.99915296
0.07568374,0.0008035211
0.06996688,0.0008149497
0.057239894,0.0007907738
0.046474233,0.00074901525
0.043577176,0.00075385044
0.94627696,0.99913317
0.05478631,0.000778466
0.068545595,0.0007758286
0.9453348,0.9990963
0.9243809,0.9991398
0.04961791,0.0007745099
0.9594746,0.99912965
0.96065646,0.9991534
0.04029731,0.0007582461
0.06712455,0.0007498944
0.0620547,0.00082022446
0.06053486,0.0007665978
0.041203324,0.00075297133
0.93130904,0.9991626
0.94127965,0.9991459
0.06622448,0.0008175871
0.053833995,0.00073407014
0.056430202,0.0007687956
0.081729926,0.0008057189
0.05258925,0.0007534109
0.934738,0.99913096
0.039177366,0.00082901574
0.93591887,0.9990998
0.049476277,0.00082945527
0.06244271,0.0007920924
0.062250562,0.0007837407
0.043038372,0.0007942903
0.8607969,0.9991235
0.07631565,0.0008008837
0.9629157,0.9991222
0.94346976,0.99913406
0.04878767,0.000799565
0.07806775,0.0007920924
0.05733745,0.0007745099
0.052259184,0.00076220214
0.9174787,0.99917716
0.9612839,0.99913627
0.91182595,0.9992009
0.9505173,0.9990954
0.9401701,0.9990668
0.04448418,0.0008233014
0.95477223,0.99914813
0.05340216,0.0007692352
0.93454957,0.99910635
0.05711881,0.0008044002
0.054380722,0.0007780264
0.0669428,0.0007819825
0.9353652,0.9990967
0.9475259,0.99911296
0.047616467,0.0007960485
0.92247206,0.99907297
0.9004353,0.9991156
0.03953244,0.0007485757
0.064961664,0.0008052793
0.9497019,0.99910855
0.9045098,0.9990971
0.030862564,0.00080044416
0.03428951,0.0007890155
0.9300814,0.9991244
0.93949735,0.999102
0.058138724,0.0007793451
0.07867687,0.0007903342
0.07805586,0.0007973672
0.92443115,0.9991217
0.9295087,0.99909055
0.9438865,0.9990782
0.053923134,0.00080044416
0.9433962,0.99913275
0.9865401,0.9991407
0.040085603,0.0007463779
0.05469667,0.0007912133
0.063859545,0.0008044002
0.05809836,0.0007938507
0.05177015,0.0008083563
0.07446079,0.0007978068
0.9272792,0.9990945
0.94096667,0.9990857
0.049473554,0.00076000433
0.043960728,0.0007639604
0.04291011,0.0008092354
0.07756807,0.00081538927
0.05987993,0.00080615847
0.9500201,0.9990971
0.9344535,0.9990721
0.943161,0.99911034
0.94987273,0.9991143
0.082807034,0.0007780264
0.04808049,0.0008083563
0.94300795,0.9990971
0.95626265,0.99909276
0.9234892,0.9991134
0.050122295,0.0007802242
0.06625841,0.00080044416
0.070830554,0.0007969276
0.92060137,0.99910724
0.041469753,0.0007520922
0.931838,0.99910945
0.94814444,0.99912614
0.9383261,0.99911386
0.050854236,0.0008035211
0.055519734,0.0007661582
0.06489184,0.00082242227
0.05640247,0.0007920924
0.91104573,0.9991217
0.05337443,0.0007824221
0.040589247,0.00081846624
0.9217753,0.99910945
0.059086084,0.0008035211
0.05384365,0.0007828616
0.06979974,0.0007920924
0.9431818,0.99912965
0.94374585,0.9990769
0.05512009,0.0007894551
0.054985635,0.0007890155
0.037461415,0.0007665978
0.062088378,0.00082418055
0.061504014,0.0008681368
0.06528405,0.0008035211
0.8987637,0.9990971
0.04980956,0.0007903342
0.038542736,0.0008083563
0.06623711,0.000799565
0.037547834,0.0008162684
0.9305006,0.9991006
0.048708927,0.00080747716
0.061362874,0.0006923117
0.9077696,0.9990835
0.05436091,0.0007986859
0.91960096,0.99913096
0.06516842,0.00082945527
0.059210386,0.0007582461
0.041682947,0.0007679165
0.9254295,0.99913096
0.9040193,0.999102
0.9399044,0.9991257
0.04591859,0.000778466
0.9303124,0.9990769
0.94780546,0.9991807
0.93837863,0.9991147
0.9365889,0.99911034
0.95827395,0.99911207
0.06062598,0.0008052793
0.91868234,0.9991156
0.041634664,0.0007846199
0.9461306,0.9991385
0.051696364,0.0007969276
0.94046426,0.999109
0.07175662,0.0008101145
0.9611846,0.99908924
0.06912426,0.00075297133
0.93961495,0.99911165
0.045313183,0.0007960485
0.9333457,0.999109
0.94230175,0.9991393
0.06463556,0.0007758286
0.95914185,0.9991393
0.9222024,0.99910724
0.05017281,0.0007709934
0.92556024,0.99913317
0.9083443,0.99912965
0.9316703,0.99913716
0.0566273,0.0008048398
0.9433123,0.99907255
0.91993797,0.999149
0.9189951,0.9991213
0.91619015,0.9991209
0.053477187,0.00076220214
0.959673,0.9991358
0.9466303,0.9991187
0.9309196,0.99912924
0.059012793,0.0007644
0.03596411,0.0007679165
0.049387384,0.00082374096
0.051114228,0.0007582461
0.9422178,0.99910766
0.04731339,0.0007767077
0.093799256,0.0007973672
0.026810648,0.00075385044
0.051303156,0.00075297133
0.1043906,0.0007903342
0.9392514,0.99910504
0.07091301,0.000785499
0.051785752,0.0007626417
0.06924064,0.000785499
0.94838536,0.9991398
0.9417053,0.9991604
0.9209928,0.9991842
0.9485921,0.99912614
0.9255625,0.9990989
0.9263355,0.99912876
0.06255785,0.0007868177
0.03433284,0.0007846199
0.050538283,0.0007652791
0.9393715,0.9990576
0.9376739,0.999102
0.07120693,0.00075429
0.056175906,0.0007903342
0.9454908,0.99915427
0.9397214,0.99908304
0.034594815,0.00076352083
0.05811025,0.0007850594
0.044962563,0.00074549875
0.941733,0.9991033
0.9307319,0.9990963
0.06810336,0.0008057189
0.023852184,0.000761323
0.94662654,0.9991147
0.04893376,0.000775389
0.031765606,0.0007802242
0.032814734,0.000775389
0.95045143,0.9990936
0.92237055,0.9991006
0.046477452,0.0007762682
0.94691825,0.99908304
0.939792,0.99917406
0.9283028,0.9991376
0.04432001,0.0007595648
0.06671822,0.0007679165
0.94033724,0.99913406
0.05172385,0.00083736744
0.047629587,0.000771433
0.051064212,0.0007723121
0.92968374,0.99913275
0.9430087,0.9991257
0.053139195,0.0007771473
0.050180484,0.0008233014
0.9471609,0.9991112
0.9202284,0.9990835
0.9361036,0.9991235
0.93970877,0.9991143
0.044776607,0.0007920924
0.9303689,0.99914986
0.93949115,0.99910814
0.04071924,0.0008233014
0.9361496,0.9991011
0.93042284,0.99910766
0.03880768,0.0007687956
0.9101494,0.99908745
0.03060183,0.0008013233
0.90436023,0.99912524
0.91068476,0.99910814
0.058638897,0.0007665978
0.07525488,0.0007894551
0.045393657,0.0007938507
0.05201826,0.0007811034
0.02896586,0.00076352083
0.052138846,0.0007802242
0.9345397,0.9990901
0.92652744,0.9991266
0.06239591,0.000799565
0.92026335,0.9990963
0.09047656,0.0007846199
0.068136536,0.0007828616
0.94469446,0.99913317
0.0636414,0.0007960485
0.9413368,0.99906904
0.054048672,0.0007876968
0.929112,0.99910766
0.93289053,0.9990971
0.94033724,0.9990945
0.90908444,0.9991244
0.93616647,0.99908525
0.94719607,0.9991226
0.9205184,0.99909186
0.04848162,0.0007876968
0.06890686,0.000785499
0.051381648,0.0007837407
0.93630266,0.9990967
0.91799027,0.9991112
0.0665751,0.0007582461
0.075634964,0.0007947298
0.060719084,0.000785499
0.93217915,0.99913186
0.9372129,0.99912524
0.059295315,0.0007907738
0.912859,0.99912524
0.05762691,0.0007942903
0.07064064,0.0007868177
0.8845201,0.99908173
0.045219336,0.0007890155
0.87666065,0.9991187
0.0681202,0.0007885759
0.035668213,0.0007793451
0.038500145,0.00080264197
0.086979784,0.00072176236
0.9449141,0.999149
0.06128339,0.00082681794
0.03556694,0.0007934111
0.053228833,0.00081714755
0.94153345,0.9991037
0.8950396,0.999062
0.9316483,0.9991209
0.04567296,0.0007890155
0.93650323,0.9991191
0.07960616,0.0007885759
0.048189934,0.0007723121
0.92942125,0.99909496
0.97071326,0.9991187
0.04164358,0.0007679165
0.94296664,0.99910414
0.039110262,0.0007780264
0.05169141,0.00074901525
0.9385321,0.9991644
0.9387144,0.99911386
0.058381137,0.0008083563
0.9150244,0.99909097
0.05592953,0.000792532
0.079694554,0.0007661582
0.94763535,0.9990901
0.961664,0.99912876
0.068621114,0.00082505966
0.039115958,0.00075648783
0.9435292,0.99912834
0.061910342,0.0008044002
0.91955715,0.9991006
0.92779076,0.99917364
0.049782325,0.0007916529
0.112013325,0.0007885759
0.94873005,0.99906945
0.040977996,0.0008149497
0.06122966,0.0007846199
0.056533456,0.0007679165
0.93932724,0.9990857
0.96459997,0.9991068
0.956223,0.99912924
0.94858766,0.9991323
0.94195735,0.99910945
0.92448664,0.9990769
0.9463572,0.9991187
0.05927823,0.00081714755
0.04648414,0.0007661582
0.9285197,0.99910593
0.045158423,0.0007837407
0.075448014,0.00080747716
0.9313056,0.99908394
0.9351297,0.99913055
0.96595514,0.99915427
0.06371419,0.0007687956
0.9447816,0.9991156
0.91787636,0.99910283
0.938497,0.99911034
0.9477002,0.99908
0.94376886,0.9991248
0.93411994,0.9991187
0.066353984,0.0007811034
0.07537027,0.00079560897
0.029347181,0.000761323
0.057852484,0.00077055383
0.9481615,0.9991033
0.06342053,0.0007793451
0.049788762,0.00083473005
0.93240774,0.99908745
0.9316495,0.99909055
0.04775513,0.0007771473
0.950134,0.99916744
0.9313925,0.9991196
0.944171,0.9990936
0.048170123,0.000771433
0.9409486,0.99912614
0.938782,0.9991235
0.92706746,0.9990774
0.06607567,0.0007894551
0.049787275,0.0007912133
0.9334363,0.99907255
0.06700273,0.0007894551
0.9515533,0.9991279
0.9422899,0.99913275
0.9288515,0.9991134
0.059640735,0.0008105541
0.05478111,0.0007876968
0.07125917,0.0007837407
0.040179946,0.0008035211
0.9567138,0.99914503
0.94425917,0.9991407
0.9551659,0.9991877
0.04962435,0.00081451016
0.048425164,0.00081846624
0.9371651,0.9991178
0.056622844,0.00081231236
0.063637435,0.0007960485
0.057467695,0.0007942903
0.05564552,0.0008149497
0.9434044,0.9991156
0.94021344,0.99911034
0.9317706,0.99914813
0.044671867,0.00081934535
0.9497641,0.99914944
0.9565367,0.99908924
0.06983119,0.0007903342
0.042296283,0.00071385026
0.06115587,0.0007846199
0.9312697,0.99907076
0.9501335,0.99911296
0.9291519,0.9990857
0.06135421,0.00083385094
0.055237953,0.00076352083
0.9489987,0.99910855
0.94982374,0.9991648
0.057714563,0.0007679165
0.94700515,0.9991006
0.9520542,0.9991015
0.059523366,0.0007982463
0.053285286,0.0008092354
0.05019237,0.0008149497
0.05277372,0.00074769655
0.078765765,0.0007969276
0.059062067,0.0007846199
0.05627396,0.00074813614
0.94064575,0.9991437
0.93643486,0.9990752
0.06310061,0.0007793451
0.061236344,0.0008079167
0.9397259,0.99912965
0.9319912,0.99909186
0.056933597,0.00076220214
0.92569,0.99910945
0.05379388,0.0007934111
0.95285845,0.9990901
0.052799225,0.0007793451
0.9045779,0.99912876
0.95437336,0.9991393
0.079778,0.00082198274
0.9464577,0.9991134
0.9434747,0.99915296
0.96043783,0.9991006
0.9539752,0.99913406
0.054624867,0.00076703733
0.92016184,0.99914855
0.050840616,0.0007520922
0.05328405,0.00080747716
0.038351826,0.000761323
0.06595508,0.0007595648
0.03890004,0.0007556087
0.04760136,0.0008048398
0.92216206,0.9990857
0.05238101,0.0007846199
0.92542905,0.9991244
0.9588031,0.99910593
0.050519217,0.0007802242
0.93375224,0.9991266
0.0611737,0.0007604439
0.9312105,0.99912965
0.03895724,0.00075736694
0.9257326,0.99911606
0.9256123,0.9991345
0.061230153,0.0007696747
0.9013624,0.99913496
0.9648394,0.99913317
0.90630645,0.99912
0.94545287,0.99915075
0.9393324,0.9991134
0.94595975,0.99911034
0.05047316,0.000747257
0.9424162,0.9991367
0.9195017,0.99912614
0.9315889,0.99912
0.062019788,0.0007802242
0.037727848,0.0007463779
0.95333534,0.99914634
0.9273262,0.99908924
0.9409575,0.9991648
0.93800074,0.99910724
0.9216061,0.99912965
0.022052541,0.0007846199
0.95161843,0.99910283
0.06801422,0.000747257
0.9481496,0.9990646
0.032319758,0.00075297133
0.9236066,0.9990589
0.057737593,0.00082198274
0.9595004,0.999109
0.95242214,0.9990804
0.93516266,0.99908304
0.93141526,0.9990791
0.9382739,0.9990769
0.9233986,0.99913013
0.9439925,0.9990963
0.06873353,0.0007942903
0.048622265,0.00082681794
0.05828927,0.0007692352
0.08308387,0.0007771473
0.040096994,0.0007833012
0.94448024,0.9991354
0.9271549,0.9991182
0.9634755,0.9991367
0.95408165,0.9991112
0.063204855,0.0007894551
0.936108,0.99913365
0.050344404,0.0007868177
0.0629877,0.0007890155
0.9559031,0.99910283
0.9396719,0.9991385
0.04279274,0.0007894551
0.9367045,0.99911207
0.054411426,0.0007837407
0.033344623,0.0007595648
0.9458085,0.9990857
0.8645223,0.99918944
0.9449027,0.99912524
0.9520151,0.99923384
0.93910015,0.9991635
0.05337022,0.00073143275
0.040651646,0.000775389
0.8898933,0.99910855
0.92414266,0.9991178
0.9786276,0.9991666
0.95107836,0.99911296
0.04847023,0.0007982463
0.044642895,0.0007881364
0.057920825,0.0007969276
0.92057335,0.99908876
0.060607165,0.00075516914
0.9362182,0.99912524
0.97244525,0.9991596
0.033700194,0.0007793451
0.065458864,0.0007679165
0.94999534,0.9991037
0.9468011,0.99915737
0.04393349,0.00082945527
0.93508786,0.99908656
0.059714522,0.0007837407
0.9344713,0.9991015
0.05498836,0.0007463779
0.9541874,0.99908656
0.059328992,0.0008008837
0.053617336,0.0007780264
0.9268033,0.9990967
0.95550495,0.9991622
0.056285597,0.00081582885
0.90304,0.99905497
0.0515473,0.0008118728
0.9288312,0.99912745
0.05991633,0.0008052793
0.9292274,0.99909496
0.029340249,0.00074330095
0.91163456,0.9991358
0.05121649,0.0007986859
0.93925244,0.99908966
0.057055175,0.00082154316
0.07200374,0.0007828616
0.9398316,0.9991455
0.070599034,0.00083121355
0.9195661,0.999098
0.95349306,0.999149
0.9167495,0.9991209
0.05293046,0.00073978445
0.07958685,0.000761323
0.04813224,0.0007890155
0.9431154,0.9991455
0.051780302,0.0007885759
0.062060643,0.0007793451
0.94046795,0.9991046
0.92711306,0.9990835
0.057956975,0.0007960485
0.9413829,0.99912
0.050333012,0.0007736308
0.070703775,0.0008149497
0.093794554,0.0007815429
0.026043547,0.0007098942
0.9289278,0.9991147
0.9717626,0.99919826
0.93247706,0.99901277
0.9423139,0.9990936
0.058421247,0.00081846624
0.9411615,0.99908614
0.05778885,0.00080747716
0.039763957,0.0007903342
0.0511531,0.0007806638
0.054879412,0.0007951694
0.95115787,0.9991165
0.05573565,0.0007771473
0.049003337,0.00075385044
0.93264467,0.99910766
0.9102457,0.9991385
0.9593622,0.99915123
0.06285944,0.0007723121
0.03739258,0.0007679165
0.9003175,0.99913406
0.95280224,0.9991433
0.90537596,0.99910814
0.06267398,0.0007868177
0.055853516,0.0007811034
0.91858035,0.9991455
0.9287079,0.99915075
0.05687219,0.0007876968
0.057225283,0.0007802242
0.057522416,0.00082549924
0.056444317,0.000775389
0.051066685,0.00081582885
0.9303909,0.9991169
0.022440055,0.0007920924
0.105744295,0.0007652791
0.06293645,0.0007846199
0.041611634,0.0007582461
0.041486837,0.0007802242
0.9317174,0.9991037
0.055124052,0.0007837407
0.9335596,0.99913716
0.91167766,0.99917316
0.053478178,0.0008175871
0.091363505,0.0007912133
0.060785443,0.0007802242
0.94015497,0.9990989
0.03266295,0.0006628609
0.035534006,0.0008105541
0.08741732,0.0007665978
0.90596575,0.99909055
0.94520676,0.99911606
0.9506235,0.99912876
0.9400431,0.9991156
0.952382,0.9991209
0.9318513,0.9990936
0.03583931,0.0008162684
0.03767857,0.0007595648
0.9236779,0.9991226
0.049874436,0.00081714755
0.92871386,0.9991217
0.9406368,0.99909097
0.98669064,0.999142
0.927558,0.9991323
0.04553009,0.0007507735
0.057088353,0.00082505966
0.94708365,0.99911076
0.92053324,0.99911034
0.040212132,0.0008022024
0.050815854,0.0007850594
0.06750142,0.00082769705
0.044072896,0.0007811034
0.9298264,0.99913186
0.9358797,0.9991209
0.9223086,0.9990804
0.058654744,0.0007986859
0.04499203,0.0007833012
0.9485181,0.9991156
0.063890494,0.0008364883
0.9066695,0.99908924
0.9450047,0.9991182
0.066099934,0.0008035211
0.04267983,0.0007881364
0.05661492,0.0007969276
0.922582,0.99912924
0.0707788,0.0008233014
0.93212694,0.9991174
0.055876542,0.0007885759
0.9503603,0.99911034
0.9405613,0.99909276
0.9457577,0.9991442
0.93915164,0.99909496
0.937198,0.99912965
0.037330925,0.00076352083
0.94368446,0.9991578
0.9396137,0.9990958
0.8775419,0.99912965
0.067674495,0.0007903342
0.9302765,0.9991266
0.052253738,0.0007863781
0.9617202,0.99910593
0.9448462,0.99910724
0.9163575,0.9991068
0.044241518,0.0007793451
0.06304094,0.0007960485
0.8836094,0.99910766
0.9326588,0.9991002
0.044299707,0.0007868177
0.94581985,0.9991358
0.9396808,0.9990901
0.06608656,0.0007793451
0.95586246,0.99910724
0.04876241,0.0007582461
0.058831044,0.000806598
0.94328725,0.9991411
0.057057403,0.0007978068
0.054520126,0.00080615847
0.036104504,0.0008044002
0.06957244,0.0007986859
0.95560396,0.9991147
0.07051534,0.0008030815
0.061177164,0.00071341067
0.9400193,0.9991112
0.94472516,0.9991024
0.9280943,0.9991011
0.043731686,0.0008035211
0.06354285,0.0007986859
0.09118795,0.0007824221
0.047527574,0.0007780264
0.033844553,0.0007837407
0.92381036,0.9991385
0.05458723,0.0007833012
0.05183032,0.0007498944
0.07302043,0.000775389
0.9361095,0.99911207
0.9243836,0.9991446
0.05553162,0.0008079167
0.07342082,0.0007916529
0.06322219,0.00080615847
0.9337421,0.99917275
0.040714785,0.00082154316
0.0649369,0.0007978068
0.95323235,0.9991653
0.950414,0.99910814
0.056412622,0.00082681794
0.0631125,0.0007920924
0.056422032,0.00081846624
0.9564835,0.99917233
0.056925178,0.0007098942
0.040762328,0.0007960485
0.9499465,0.9990998
0.8990896,0.99912876
0.9215009,0.9991266
0.9445137,0.99909097
0.9401783,0.9991147
0.9333068,0.99911296
0.94602364,0.9991196
0.045589022,0.00073231186
0.88134,0.99913275
0.051417306,0.0008030815
0.93417937,0.9991556
0.06807315,0.0008101145
0.052570183,0.0007885759
0.046934295,0.0007582461
0.054198727,0.0008149497
0.062297113,0.0008092354
0.93072397,0.99911517
0.9289857,0.9991068
0.047212612,0.00077055383
0.090250984,0.0007978068
0.052848004,0.0007868177
0.054876193,0.0008101145
0.06916957,0.0008149497
0.93914276,0.99909276
0.88020027,0.9991156
0.04369058,0.00080615847
0.93520224,0.99909407
0.9280525,0.9990963
0.05476427,0.0008083563
0.0625628,0.0008175871
0.03579499,0.00074813614
0.9277417,0.99911034
0.94493437,0.99909276
0.949074,0.9991393
0.94893503,0.99910504
0.05620339,0.000806598
0.9388392,0.9990976
0.9295386,0.9990774
0.03749311,0.0007912133
0.9440294,0.99913716
0.9406324,0.99919343
0.05837024,0.0007463779
0.046976637,0.00080264197
0.9596316,0.99910283
0.065317236,0.0008083563
0.9531281,0.9991217
0.91661626,0.99910945
0.9503927,0.999098
0.04595103,0.00081582885
0.07346341,0.0007758286
0.069335476,0.0008008837
0.92558575,0.9991257
0.061566908,0.000785499
0.9284202,0.9990985
0.9482046,0.999109
0.95557404,0.9990787
0.9472726,0.9991358
0.053593315,0.0007723121
0.041646797,0.0008105541
0.06780945,0.00075604825
0.9333229,0.9990712
0.95035636,0.9991015
0.9384222,0.99910283
0.9275919,0.9991217
0.046710208,0.0007679165
0.9332298,0.9990822
0.042676117,0.00071692717
0.06274504,0.0007903342
0.95536107,0.9990971
0.910504,0.9991112
0.03492018,0.0007938507
0.9250962,0.99915206
0.9499371,0.99908304
0.0517184,0.0007679165
0.94664985,0.9991222
0.8817043,0.9990936
0.06362827,0.0008162684
0.9335413,0.99908745
0.05618977,0.0008562686
0.04551424,0.0008035211
0.9185328,0.99911386
0.9281594,0.99911034
0.9583069,0.9991222
0.07550472,0.0007894551
0.94426334,0.9991156
0.9417422,0.99913627
0.91182524,0.9990787
0.9350933,0.99904704
0.93731636,0.9991266
0.07892523,0.00082901574
0.060258526,0.0008017628
0.92833424,0.99911296
0.94377905,0.9991244
0.05484846,0.0007951694
0.047653113,0.000775389
0.044000346,0.0007837407
0.06370206,0.00077407033
0.9288708,0.9990844
0.9240677,0.99911606
0.92031956,0.99906504
0.03358753,0.0007679165
0.9391299,0.99908745
0.9314004,0.99912703
0.047101185,0.0008162684
0.9537588,0.9991789
0.061000865,0.00073407014
0.92651755,0.99913365
0.9414515,0.9991666
0.9375813,0.9991631
0.06947612,0.00082198274
0.05575224,0.00077055383
0.06300553,0.000778466
0.93385106,0.99913144
0.06514267,0.0007960485
0.098802745,0.0007912133
0.9273079,0.99910724
0.9610289,0.99908924
0.8863512,0.99915737
0.054415636,0.0007780264
0.05864608,0.000778466
0.94102013,0.99911296
0.9428636,0.99910945
0.9559798,0.99917185
0.9681693,0.9991407
0.9391214,0.99910855
0.04948816,0.00083560916
0.94777447,0.99906284
0.9136264,0.99910855
0.94088644,0.99910283
0.9362313,0.99910635
0.04860394,0.0007960485
0.94957614,0.99909186
0.06868302,0.00083077396
0.061944265,0.0007894551
0.045820042,0.0007868177
0.9283511,0.99908745
0.049686253,0.000761323
0.07275722,0.00072835584
0.9255657,0.9991046
0.055259496,0.0007938507
0.94738895,0.99911034
0.050399125,0.0007569274
0.93487394,0.99911386
0.04452627,0.0008048398
0.94013715,0.99910504
0.05354726,0.00077055383
0.04700214,0.0007793451
0.07329231,0.0008017628
0.95214283,0.9990822
0.93811566,0.99910593
0.05056032,0.0007876968
0.9325266,0.99912965
0.10582997,0.000771433
0.905058,0.9990778
0.9440578,0.99910945
0.062378578,0.0008105541
0.9438783,0.99912876
0.9364183,0.99912965
0.05293987,0.0008101145
0.07229839,0.0007978068
0.9282077,0.99908614
0.03685279,0.00072747667
0.94241446,0.9991174
0.94612515,0.9991323
0.07824627,0.00075736694
0.8992674,0.99915516
0.9594182,0.9991385
0.060854528,0.00081451016
0.05828927,0.0007762682
0.9340001,0.9991182
0.04996754,0.00083824655
0.9649657,0.9991178
0.048227817,0.0008035211
0.94798994,0.9990976
0.9528275,0.99917364
0.051692896,0.00082593877
0.050346136,0.0008175871
0.9326964,0.99912
0.033142325,0.0007868177
0.06689105,0.0007692352
0.052456282,0.00072659756
0.04555931,0.0007920924
0.94770515,0.9990954
0.045423616,0.0007745099
0.93439007,0.99908704
0.93288857,0.9991231
0.066590205,0.0008105541
0.92768353,0.9991033
0.92226976,0.9990734
0.94214976,0.99914813
0.058747847,0.0008092354
0.040161125,0.0007885759
0.95878625,0.9991213
0.05353884,0.0007885759
0.9141825,0.99913055
0.9453962,0.99910593
0.038380302,0.0007916529
0.9359726,0.9990993
0.054909125,0.0007771473
0.06303797,0.00080044416
0.9380614,0.9991165
0.059469637,0.0007894551
0.9354774,0.99910504
0.028758362,0.000761323
0.0471257,0.000799565
0.06041254,0.0007890155
0.9315027,0.99908483
0.9495127,0.99919647
0.9445924,0.9990967
0.083848245,0.00080747716
0.06611627,0.00076352083
0.9282419,0.9991156
0.028120019,0.0007960485
0.93626106,0.99909186
0.058731753,0.000799565
0.93748546,0.9991169
0.051152114,0.0007881364
0.055167135,0.0008162684
0.02230263,0.00071516895
0.94648963,0.9991222
0.9532913,0.9991367
0.07064757,0.0008052793
0.05677166,0.00082022446
0.041311033,0.0007595648
0.047336664,0.000775389
0.9398425,0.9991556
0.05019435,0.0007806638
0.9334935,0.99908394
0.9403568,0.999182
0.9788706,0.999251
0.0571718,0.0007833012
0.9495605,0.9991204
0.044043675,0.0008048398
0.91345453,0.999102
0.055185955,0.0007960485
0.051630747,0.000775389
0.9394953,0.99913144
0.05299459,0.000806598
0.92266273,0.99910945
0.036622014,0.0007868177
0.94515675,0.99908924
0.056294017,0.0007885759
0.086286224,0.0007833012
0.9435916,0.9991455
0.05411553,0.00075385044
0.96872246,0.9991006
0.06269354,0.0007679165
0.06635176,0.0007582461
0.045593973,0.0007850594
0.08069367,0.00081714755
0.09159304,0.0008035211
0.9173782,0.9991015
0.9236769,0.99909097
0.06679523,0.0007868177
0.9457186,0.9991578
0.071978725,0.0007780264
0.03814953,0.0008083563
0.10238693,0.0007890155
0.9220655,0.999062
0.06974602,0.00080615847
0.874991,0.9991402
0.04971522,0.0007802242
0.06227557,0.0007960485
0.04710094,0.00076000433
0.040378775,0.0007969276
0.92800397,0.99910635
0.9347595,0.9991134
0.067224585,0.00082242227
0.103520244,0.0007837407
0.93646604,0.99906904
0.075859055,0.0008030815
0.9432001,0.9991134
0.92900753,0.9991323
0.020455446,0.00074593833
0.039903857,0.0008052793
0.05391001,0.0007960485
0.05611846,0.0007942903
0.055660624,0.00082593877
0.9357297,0.99912965
0.9320036,0.99908745
0.9383875,0.9991596
0.9653463,0.9991196
0.06163797,0.0007912133
0.9314336,0.9991191
0.92373514,0.9991147
0.96381676,0.99907297
0.08387697,0.000778466
0.047015015,0.0008052793
0.045670733,0.000799565
0.06551755,0.00080264197
0.06622597,0.0008052793
0.95612323,0.99913186
0.044118702,0.0007960485
0.9709641,0.9990787
0.93109685,0.9991169
0.047347065,0.0008400048
0.95779556,0.99912965
0.052929223,0.0007969276
0.07361024,0.0007556087
0.9353179,0.99906415
0.92468,0.99915427
0.9573922,0.9990985
0.036102276,0.0008017628
0.09901941,0.0007811034
0.059606317,0.00074593833
0.8973813,0.99909407
0.055067595,0.0007863781
0.05364581,0.0007604439
0.9526849,0.9991398
0.93134075,0.99913406
0.926574,0.99910593
0.04399861,0.0007731912
0.1152974,0.00072571845
0.9085149,0.9990945
0.042163312,0.0007978068
0.04763182,0.0008149497
0.036396686,0.00082418055
0.94085,0.99913406
0.045496166,0.000761323
0.93170744,0.99911517
0.9298494,0.99908614
0.080141,0.000799565
0.9330644,0.9991358
0.9153804,0.99907607
0.06163599,0.0007890155
0.05770466,0.0007661582
0.05662854,0.0007771473
0.933671,0.99910414
0.11864337,0.0007815429
0.9335133,0.9991442
0.9694764,0.99913317
0.9649147,0.9991174
0.91952074,0.99910724
0.07098903,0.00081319147
0.947645,0.9990963
0.9439608,0.99911034
0.9070498,0.9991407
0.062683634,0.0007986859
0.08375687,0.0007780264
0.06610959,0.0008035211
0.95588875,0.99910504
0.05641411,0.0007951694
0.92823076,0.99908
0.0667571,0.0008044002
0.93398005,0.9991182
0.93534213,0.9991701
0.04867971,0.0007819825
0.048286997,0.0007960485
0.0553781,0.0007811034
0.9426717,0.9990791
0.0862991,0.00080264197
0.96685296,0.9991824
0.061020922,0.0008044002
0.9332796,0.99913406
0.93608224,0.9990963
0.9380728,0.99913365
0.041334804,0.0007894551
0.9259495,0.99913365
0.94901204,0.99904
0.92683893,0.99912965
0.043787893,0.00077407033
0.9452464,0.99912876
0.9488788,0.99911207
0.9573945,0.9991385
0.9385661,0.99906945
0.05083096,0.0007248393
0.94841087,0.99914724
0.066677116,0.0007912133
0.9238455,0.99913144
0.9218832,0.99908
0.95393705,0.99912
0.079977326,0.00082989485
0.031435292,0.000761323
0.06584093,0.0007556087
0.06294536,0.00082022446
0.94802386,0.9991024
0.90321827,0.9990804
0.074615546,0.00077055383
0.1089058,0.00077407033
0.06572876,0.0007934111
0.9363076,0.99912703
0.9750606,0.9991204
0.073813036,0.0007969276
0.038821794,0.00082242227
0.056267522,0.0008628621
0.97003156,0.999149
0.06727039,0.0007876968
0.050514266,0.0007771473
0.9240471,0.99912393
0.8843993,0.9991006
0.89717036,0.9991187
0.06995896,0.00081451016
0.9510588,0.9991534
0.05073637,0.00081582885
0.057396382,0.00075516914
0.04104708,0.0007934111
0.97450614,0.9991578
0.9426415,0.9990954
0.049390603,0.00075385044
0.91623443,0.99909097
0.052888118,0.0007890155
0.02175516,0.0007894551
0.0388005,0.0008008837
0.07133519,0.00080967497
0.9535275,0.9991639
0.9360144,0.9991798
0.06347847,0.000775389
0.07847804,0.0007978068
0.046062455,0.00073319103
0.046523258,0.0007828616
0.95185935,0.9991446
0.9517749,0.9991037
0.93174785,0.99917716
0.9366951,0.9991402
0.044671867,0.0007687956
0.91594225,0.9990976
0.9239951,0.99909276
0.94301045,0.9990655
0.067816876,0.0007731912
0.07176058,0.0007982463
0.944917,0.99924177
0.945308,0.99912924
0.06865752,0.00081582885
0.039043408,0.000778466
0.04128974,0.0008118728
0.05157355,0.0007978068
0.067134455,0.000785499
0.94201356,0.9991011
0.9314903,0.9991209
0.917245,0.99910855
0.10472438,0.0007951694
0.92858386,0.99904877
0.93420684,0.9991266
0.9200769,0.9990958
0.9662295,0.9991068
0.06847502,0.00082989485
0.93874013,0.9991024
0.9566078,0.99914813
0.9573724,0.99909407
0.056260094,0.0007978068
0.06143072,0.0008044002
0.9288495,0.9990989
0.92074424,0.99908304
0.05400732,0.00083121355
0.90811455,0.9991112
0.92769814,0.9990998
0.9353746,0.9991006
0.94602835,0.9991455
0.06145994,0.0007868177
0.045293372,0.0007652791
0.92377526,0.9991217
0.05608429,0.0008017628
0.059362914,0.0007811034
0.93766105,0.9991648
0.04253374,0.0007819825
0.93553627,0.9991068
0.9557654,0.9991789
0.89504784,0.9990787
0.9236363,0.9991376
0.051077582,0.0008008837
0.9169043,0.9991134
0.94355124,0.99912524
0.055783935,0.0008083563
0.9308683,0.9991033
0.05080496,0.0007903342
0.93943024,0.9990989
0.9307403,0.9991165
0.06404476,0.00083077396
0.054942302,0.0007758286
0.91400546,0.9991024
0.0446944,0.0007828616
0.041362785,0.0007885759
0.046090186,0.0007556087
0.047317598,0.0007846199
0.069247074,0.0007520922
0.04393052,0.0008092354
0.91563994,0.9990976
0.92655367,0.9990844
0.9267327,0.99910504
0.090070724,0.00081538927
0.9339082,0.99908924
0.045191355,0.0007771473
0.042286377,0.0007059381
0.9352228,0.99907607
0.06389619,0.000785499
0.06366219,0.0007986859
0.94655156,0.99915165
0.057750717,0.000771433
0.92202336,0.9991165
0.061368074,0.00074330095
0.9592446,0.99913317
0.94165206,0.9991385
0.9654812,0.9991257
0.95162535,0.99912
0.09841078,0.0007630813
0.9306447,0.99909097
0.07213869,0.00082593877
0.03840853,0.0007745099
0.054721434,0.0007947298
0.93177384,0.99912745
0.045819547,0.0007802242
0.07331707,0.0007894551
0.9216884,0.9991248
0.94001436,0.99908835
0.054384682,0.0007903342
0.044648346,0.0007582461
0.060743846,0.00080747716
0.9424152,0.9991068
0.9444231,0.9991407
0.041910503,0.000785499
0.06017706,0.0007894551
0.07030215,0.00084879604
0.064443655,0.00079560897
0.052028906,0.00075033394
0.9456527,0.99912614
0.9550565,0.99917185
0.9202475,0.9991191
0.9172608,0.99910593
0.049085792,0.0007986859
0.9264742,0.99908394
0.92527944,0.99908745
0.9416362,0.9990712
0.047180668,0.0007582461
0.043737877,0.0008637412
0.9182458,0.9990945
0.05408408,0.0007986859
0.06681157,0.0007652791
0.055640567,0.0007762682
0.9497858,0.9991178
0.94599766,0.9991037
0.08803907,0.00082769705
0.07436868,0.0008048398
0.91621614,0.99907076
0.043849796,0.0007758286
0.056766953,0.0008175871
0.06244271,0.0007652791
0.944821,0.99910814
0.073609255,0.0007837407
0.041107744,0.0007811034
0.06299315,0.0008035211
0.9411536,0.9990787
0.9378985,0.9991033
0.048171114,0.0007894551
0.055125043,0.00081846624
0.05753356,0.00076352083
0.062465984,0.0008175871
0.06736201,0.0007986859
0.030185843,0.00081846624
0.93972117,0.9991455
0.05883154,0.00082242227
0.90646,0.9991187
0.065468274,0.0008118728
0.92762387,0.99910945
0.05012378,0.0007780264
0.93576604,0.9991385
0.043847322,0.0007793451
0.08325645,0.00081582885
0.92842215,0.9990989
0.93973106,0.9991455
0.9360912,0.9991037
0.0596031,0.00080044416
0.050265912,0.0008044002
0.06279952,0.000778466
0.9324736,0.9991112
0.92311037,0.9991024
0.04820306,0.00073582836
0.92826915,0.9991033
0.9125572,0.99904746
0.03783531,0.00073978445
0.9432744,0.9991002
0.920972,0.99911386
0.9249115,0.99913496
0.9548079,0.99913055
0.9330079,0.99911207
0.9668894,0.99916834
0.85712785,0.99912965
0.9181116,0.99913055
0.9184751,0.99909097
0.07066886,0.0007885759
0.055909473,0.0008127519
0.04084924,0.0007942903
0.051232588,0.00080747716
0.94157976,0.99919474
0.061421063,0.0007868177
0.9269063,0.9991037
0.950595,0.99908614
0.93737924,0.9991407
0.9381246,0.9991323
0.04307601,0.0007485757
0.08087071,0.0008083563
0.046242468,0.00076703733
0.9391346,0.9991217
0.92620456,0.99910986
0.061468355,0.0007868177
0.94411576,0.9990985
0.06900591,0.0008030815
0.030987114,0.0007780264
0.93137515,0.9991459
0.94645846,0.99911255
0.050096545,0.0008400048
0.048082717,0.0007696747
0.040444393,0.0007903342
0.94686675,0.99923646
0.040031873,0.00080747716
0.04721385,0.00074769655
0.92814684,0.9991187
0.934398,0.99917054
0.95590603,0.9991182
0.91780406,0.9991169
0.036547482,0.0007811034
0.9472399,0.99913317
0.069694266,0.000778466
0.9461957,0.9990993
0.9216294,0.99913317
0.92557263,0.99910945
0.045871545,0.0007978068
0.9350158,0.9990857
0.04280884,0.0007687956
0.04255677,0.00079560897
0.9385891,0.99908745
0.90694654,0.99915254
0.92352045,0.9991653
0.06485865,0.0008105541
0.053810224,0.0007639604
0.04539019,0.0008013233
0.050172314,0.0007828616
0.049727354,0.0008118728
0.94498616,0.99910414
0.95625913,0.9991015
0.9339414,0.99913406
0.9403662,0.9991226
0.93813866,0.9991182
0.04958696,0.00080615847
0.92661065,0.9991402
0.9364465,0.9991459
0.041330844,0.0007920924
0.95007825,0.9990901
0.06211784,0.00084088393
0.93213534,0.9991182
0.04010269,0.0007626417
0.9556389,0.9991024
0.93265927,0.9990954
0.93534684,0.9991226
0.06764553,0.0007819825
0.91113985,0.99911296
0.06571861,0.0007907738
0.937068,0.9991279
0.91781247,0.99910593
0.9047844,0.99909097
0.058158778,0.0008092354
0.06417599,0.00080264197
0.94426537,0.9990945
0.09121717,0.0007903342
0.92885995,0.99913055
0.91354764,0.9991033
0.9211315,0.9991112
0.9482774,0.9991169
0.94093496,0.9991609
0.9301403,0.9991385
0.9386557,0.9990901
0.9330109,0.9990976
0.08061518,0.0007876968
0.9294871,0.99911207
0.06375232,0.0007644
0.05670604,0.0007828616
0.9116675,0.99910283
0.05868223,0.0007833012
0.058585413,0.0007771473
0.08855138,0.0007626417
0.9077015,0.9991134
0.9150011,0.9991209
0.056542866,0.0007828616
0.94450426,0.9991631
0.04477512,0.00080615847
0.044531472,0.0007876968
0.04396741,0.0007960485
0.9281847,0.9991015
0.965187,0.99911386
0.06563244,0.0007824221
0.04840313,0.00080264197
0.048661634,0.0007868177
0.9490373,0.9991618
0.9522681,0.9991217
0.05168646,0.0007986859
0.05220669,0.0007876968
0.93275905,0.9990857
0.90645725,0.9991217
0.9335205,0.9991222
0.03952006,0.000792532
0.057421144,0.0007863781
0.9267141,0.9991556
0.9329995,0.99910504
0.9719243,0.9991591
0.05154136,0.0008017628
0.9313133,0.9990989
0.04843185,0.00076703733
0.9196661,0.99911207
0.944511,0.9991376
0.9531472,0.99910283
0.052947793,0.00080967497
0.94210297,0.9990611
0.8819984,0.9991134
0.93442696,0.99908924
0.051825862,0.0007969276
0.05121575,0.00075648783
0.07415375,0.000785499
0.04802577,0.0007969276
0.9480585,0.9991068
0.053966466,0.00074374053
0.05885457,0.0008149497
0.9460571,0.999109
0.96362513,0.9991398
0.04493805,0.0007731912
0.92865616,0.9991191
0.050982002,0.00083121355
0.9355945,0.9990954
0.94678134,0.9991112
0.96906215,0.9990998
0.049857847,0.00084659824
0.92245424,0.9991231
0.060581163,0.00081363105
0.049942035,0.0007723121
0.05049074,0.00073846575
0.050543483,0.0007652791
0.052909166,0.0007942903
0.92152965,0.99910855
0.052869298,0.000778466
0.06491907,0.000778466
0.07857387,0.00075385044
0.9264985,0.99907297
0.08795265,0.00072176236
0.94109493,0.99910814
0.9235199,0.9991068
0.96993524,0.9991178
0.93403155,0.99911606
0.032422025,0.0007415427
0.93244684,0.9990967
0.046788204,0.0008162684
0.049131848,0.00074901525
0.9515704,0.9992229
0.07711073,0.0007876968
0.06280422,0.0007582461
0.92270356,0.99910855
0.9408463,0.9991174
0.95203984,0.9990844
0.93632144,0.9991187
0.93480235,0.99908924
0.945281,0.9991024
0.9098889,0.999102
0.95819324,0.999102
0.91582245,0.99913144
0.9486112,0.9990963
0.91738707,0.99911034
0.07509913,0.00077407033
0.92164975,0.9991257
0.057223797,0.00080264197
0.060425416,0.00080747716
0.92865884,0.9991165
0.07068471,0.0008712138
0.058476467,0.0007687956
0.057865113,0.00080396066
0.057129953,0.0007639604
0.9377804,0.99910766
0.933001,0.9990989
0.06640524,0.00079560897
0.96752006,0.99917847
0.9333063,0.9991011
0.03609064,0.0007903342
0.8843307,0.99908966
0.066500075,0.00081934535
0.9411073,0.99911207
0.05573268,0.0007802242
0.9369806,0.9991613
0.061552297,0.0007696747
0.9260832,0.9990985
0.052494414,0.0007986859
0.05234981,0.0007780264
0.063773125,0.0008083563
0.08100863,0.00082242227
0.054665722,0.0007942903
0.92908525,0.9991279
0.066509485,0.0007780264
0.93307525,0.9990998
0.058270205,0.0007920924
0.90479606,0.9991226
0.06682742,0.0008035211
0.90347034,0.9991222
0.0650097,0.0007793451
0.055407815,0.0007894551
0.061378475,0.00083165313
0.93470156,0.9991187
0.066561975,0.000761323
0.06420001,0.000771433
0.9276464,0.9990923
0.94248825,0.9991398
0.066073686,0.0007912133
0.9282548,0.99914986
0.9328564,0.999062
0.9435468,0.99913496
0.9451716,0.99912876
0.9438959,0.99910504
0.05176842,0.0007978068
0.054971028,0.0008008837
0.93711805,0.9990778
0.94445056,0.999142
0.027823132,0.0007986859
0.88254666,0.9990879
0.094259076,0.0008052793
0.88716185,0.9990998
0.050077725,0.0008175871
0.91005236,0.99910855
0.053324163,0.0007960485
0.016944066,0.0008022024
0.065278605,0.0007846199
0.9356336,0.9990998
0.067148566,0.0007894551
0.93881315,0.9990769
0.052702162,0.0007876968
0.050478607,0.00082681794
0.054737777,0.0007942903
0.92520744,0.9991006
0.9429946,0.99911207
0.8976435,0.9991217
0.06118905,0.0007652791
0.9390442,0.99913627
0.94755435,0.99915826
0.9345057,0.9991165
0.05227305,0.00075648783
0.94881374,0.9991248
0.05963677,0.0008175871
0.042407706,0.0007630813
0.9278442,0.99908483
0.9436914,0.9990778
0.9419249,0.99906987
0.051212035,0.0007916529
0.9416699,0.99910593
0.03162892,0.0007942903
0.93250674,0.9991024
0.047561992,0.0007806638
0.056655776,0.000792532
0.96313804,0.9991174
0.930255,0.9990932
0.050633367,0.0008079167
0.95418245,0.99907297
0.035044726,0.0007920924
0.041726775,0.0007850594
0.9033693,0.99910635
0.9361652,0.99910814
0.060887214,0.0007894551
0.04996729,0.000761323
0.9394758,0.9990782
0.979939,0.99915254
0.9096695,0.999102
0.06947983,0.0008035211
0.059748694,0.0007912133
0.08027248,0.0007978068
0.9269801,0.9990998
0.053723063,0.0008092354
0.9233263,0.9991415
0.055962957,0.00082242227
0.03185004,0.0007780264
0.94977814,0.9992031
0.9504878,0.99907035
0.06492997,0.00081363105
0.96723604,0.9991437
0.9596722,0.99911207
0.90479505,0.99913096
0.9065412,0.99908876
0.058313783,0.0008083563
0.076606594,0.0007938507
0.0710279,0.00074330095
0.94485563,0.9991187
0.08593214,0.0007661582
0.935389,0.9990835
0.88465035,0.99910414
0.05236541,0.0008035211
0.9217807,0.99913055
0.933936,0.9991354
0.07151495,0.000799565
0.92100793,0.9990989
0.04961469,0.0007969276
0.06699604,0.0007951694
0.055794336,0.00077407033
0.90636265,0.99908525
0.936005,0.99910635
0.049222227,0.000799565
0.9457963,0.99909097
0.0612928,0.000799565
0.9275305,0.99907297
0.94494927,0.9991156
0.05897763,0.0008470378
0.92239183,0.99910593
0.93873763,0.99911034
0.053497985,0.0007802242
0.03783432,0.00070417987
0.046725065,0.00073143275
0.055098794,0.0007938507
0.048305072,0.0007846199
0.064566225,0.00082989485
0.06235654,0.00077407033
0.91336167,0.9990563
0.93734115,0.99909496
0.052361943,0.00076088344
0.05243796,0.0007736308
0.9295748,0.99909276
0.056399498,0.0007767077
0.05580845,0.0008008837
0.9308965,0.99912876
0.08795216,0.0008052793
0.11914008,0.0008057189
0.036568034,0.0007767077
0.06396824,0.0007824221
0.96103704,0.99912703
0.92768204,0.9990945
0.92473966,0.99912876
0.92761666,0.9990879
0.075364076,0.0008008837
0.065346204,0.0008030815
0.05305798,0.00074330095
0.06365081,0.00082681794
0.9575291,0.9991604
0.049022403,0.00081538927
0.92933136,0.99908745
0.046005007,0.0007973672
0.0661289,0.0007802242
0.9321772,0.9991657
0.95222753,0.9992018
0.052723702,0.00081231236
0.049758554,0.0007846199
0.8837025,0.99910724
0.950621,0.9991182
0.049198706,0.0007723121
0.05023248,0.00075385044
0.95913047,0.99919164
0.9261768,0.9991266
0.93984944,0.9990954
0.06339676,0.00073934486
0.048999872,0.000785499
0.06458455,0.00082022446
0.9606592,0.9991745
0.060579184,0.00083604874
0.056542866,0.0006843995
0.92139494,0.9991178
0.9320781,0.99909186
0.94408756,0.9990963
0.9380748,0.99908304
0.9405945,0.99911386
0.06313627,0.0008083563
0.058645338,0.0007731912
0.9337896,0.9991978
0.055777747,0.0008101145
0.93695784,0.99915123
0.94883674,0.99909407
0.96172345,0.9991657
0.95694035,0.9991068
0.94175875,0.9991231
0.8799945,0.9991196
0.9289525,0.99913055
0.06837796,0.0007978068
0.9561074,0.99914724
0.9647079,0.999138
0.052017514,0.0007762682
0.93054515,0.9991156
0.05602932,0.00079560897
0.081324585,0.00080264197
0.06613881,0.0007938507
0.928592,0.99910593
0.058102075,0.00082374096
0.06070175,0.0007934111
0.06127918,0.0008013233
0.9549552,0.99913055
0.08339288,0.0007780264
0.92791086,0.99909407
0.93199617,0.9991178
0.93956816,0.99913275
0.05572872,0.0007885759
0.0945057,0.00076703733
0.072093375,0.0007960485
0.048848085,0.0008035211
0.05603749,0.0007960485
0.039199155,0.0008044002
0.054303963,0.00081582885
0.9343411,0.9990963
0.9247367,0.9991323
0.06046553,0.0008105541
0.06970046,0.00081670796
0.06395413,0.0007762682
0.92794776,0.9990936
0.9679147,0.99912
0.9424637,0.99914944
0.9510727,0.99914634
0.056864515,0.00074418006
0.056004062,0.0008246201
0.080848925,0.00075648783
0.9144997,0.9991182
0.104110554,0.0007762682
0.0487483,0.0007745099
0.054558754,0.0007863781
0.060372923,0.0007885759
0.03211647,0.0007819825
0.05965906,0.0007978068
0.06500079,0.000806598
0.060595527,0.00071604806
0.05219035,0.00076703733
0.043182485,0.0007833012
0.9489224,0.99913406
0.94309217,0.9990971
0.9471535,0.99912524
0.93604714,0.99909097
0.04000612,0.00082198274
0.04304085,0.00075429
0.061067227,0.0007652791
0.0551087,0.000778466
0.92947894,0.9991367
0.050315432,0.0008008837
0.93982863,0.99919033
0.05343856,0.0007934111
0.92843306,0.9991248
0.05629773,0.0007512131
0.94502974,0.99914634
0.049532734,0.00083385094
0.9161795,0.9990936
0.061563194,0.0008052793
0.04731413,0.0007534109
0.055229533,0.0008008837
0.96496123,0.9990971
0.9354459,0.9990945
0.9536736,0.9990985
0.085471086,0.00081714755
0.063612424,0.0007802242
0.938083,0.9990998
0.92547804,0.9990936
0.05776334,0.0007701143
0.9527488,0.9991653
0.05026492,0.0007960485
0.9408052,0.99917406
0.93167454,0.99912614
0.07362956,0.0007745099
0.93295443,0.99909496
0.05313994,0.0007850594
0.9485587,0.9991213
0.066530034,0.00081934535
0.9199365,0.9991068
0.94470507,0.99913406
0.035622157,0.0007960485
0.92321163,0.9991196
0.92767686,0.99909496
0.9192224,0.9991437
0.060595527,0.0008017628
0.04681074,0.00075385044
0.061461672,0.0007960485
0.94312733,0.9991648
0.042984147,0.00073538884
0.9165853,0.9990963
0.93918735,0.99915165
0.94932157,0.99908876
0.05820533,0.0007850594
0.03347066,0.0007780264
0.046399456,0.0007463779
0.937612,0.99909097
0.9286094,0.9990712
0.05476749,0.00081582885
0.059823968,0.0007793451
0.9602269,0.99908304
0.94602835,0.9991648
0.06182071,0.0007885759
0.94316643,0.9991802
0.05453845,0.0008052793
0.045438472,0.0007951694
0.96273917,0.99913275
0.9190196,0.99906987
0.9430117,0.9991178
0.9388414,0.99910724
0.05245133,0.0008022024
0.072690114,0.0007771473
0.04297325,0.0008030815
0.05624177,0.0007630813
0.93527454,0.9991367
0.07245885,0.00080615847
0.07409655,0.0007731912
0.04717027,0.0008101145
0.9293658,0.9991191
0.94684845,0.99915075
0.92347884,0.9990822
0.061058063,0.0007894551
0.94612837,0.9991266
0.93100077,0.99911207
0.04556327,0.0007780264
0.043885455,0.00073934486
0.9319665,0.9991156
0.9480877,0.9991037
0.9310033,0.99911296
0.93386984,0.9991204
0.917242,0.99911034
0.04810773,0.00076220214
0.040443156,0.0007894551
0.9392081,0.999149
0.9389045,0.9991147
0.06457588,0.0007811034
0.036385294,0.00081582885
0.06365923,0.00083209266
0.9352909,0.99913096
0.9541807,0.99912876
0.04969071,0.0007934111
0.042975977,0.0007876968
0.04468078,0.0007885759
0.93205065,0.99913186
0.950342,0.9990778
0.9372614,0.99911165
0.94694376,0.99912834
0.04459783,0.00075253175
0.050925054,0.0007652791
0.9550221,0.99908745
0.9138413,0.9991789
0.9178628,0.99913406
0.054561477,0.0007762682
0.939892,0.9991226
0.052707855,0.00081934535
0.0511947,0.0007498944
0.93707913,0.99911386
0.94223666,0.9991428
0.96220726,0.9991279
0.09402211,0.0008022024
0.0686793,0.00081714755
0.05805825,0.0008052793
0.04406398,0.00074066356
0.9176166,0.99912703
0.9425244,0.99911034
0.052667744,0.00083165313
0.05334075,0.0007780264
0.043587327,0.0007701143
0.9324458,0.9990791
0.9545796,0.99915385
0.05278189,0.00080264197
0.91669524,0.99908924
0.05816101,0.00082286185
0.04877083,0.0008017628
0.046155557,0.0007912133
0.895518,0.999149
0.06598331,0.0007938507
0.03472085,0.0007846199
0.05050238,0.0007912133
0.055219132,0.00082681794
0.059869282,0.0007978068
0.9489942,0.9991055
0.050320137,0.00080615847
0.08020761,0.0007969276
0.056779582,0.0007534109
0.9356945,0.99912614
0.05146237,0.0007819825
0.04643858,0.0007767077
0.04391071,0.00080747716
0.073272005,0.0007828616
0.9505856,0.99911296
0.930978,0.9991112
0.94155896,0.9991437
0.9335232,0.99910855
0.04270707,0.00077055383
0.033787355,0.0007815429
0.9294257,0.99913096
0.060737904,0.000806598
0.06733898,0.0007868177
0.041574743,0.0008044002
0.9238329,0.99913406
0.93785936,0.99919647
0.9282023,0.9991024
0.9486436,0.99915075
0.9373139,0.99915427
0.055674493,0.0007841803
0.93231857,0.9991156
0.03877326,0.0007947298
0.03416075,0.0007903342
0.94095725,0.9991015
0.926524,0.99910945
0.9500364,0.9990936
0.05788294,0.0007986859
0.93667656,0.9991024
0.9396268,0.9991437
0.9277276,0.9991385
0.04230668,0.0007582461
0.061615437,0.0008035211
0.90250045,0.9991191
0.054299753,0.00081846624
0.060667332,0.0007833012
0.92655146,0.99912524
0.9185635,0.99913317
0.035512216,0.00072835584
0.0766425,0.00082901574
0.9271163,0.99912703
0.92466146,0.99910593
0.9330614,0.99913365
0.93388397,0.99913144
0.9671885,0.999149
0.043897092,0.0008044002
0.062468212,0.0007986859
0.9329532,0.99918944
0.04233268,0.000785499
0.06621953,0.0007982463
0.9346511,0.9991191
0.939529,0.99908835
0.9512594,0.9991112
0.06446792,0.00081451016
0.06356761,0.0007885759
0.9337951,0.99911296
0.9459085,0.99914855
0.027939262,0.0008233014
0.07072557,0.0008083563
0.9452687,0.99910814
0.03394533,0.0007841803
0.94425195,0.9991015
0.9585659,0.99910724
0.050515007,0.00081670796
0.056014214,0.0007973672
0.9542171,0.9990791
0.04429253,0.00081934535
0.953786,0.9991002
0.9476165,0.99911076
0.05365522,0.00081099366
0.934629,0.9990985
0.04259911,0.0007907738
0.94246197,0.99912703
0.07356716,0.000761323
0.92904687,0.9991345
0.0564198,0.000775389
0.907495,0.9990989
0.05597435,0.0007969276
0.08193891,0.0007793451
0.93828255,0.99913406
0.9649731,0.99912524
0.96162564,0.99912
0.9449636,0.9991244
0.049507476,0.0007868177
0.049584236,0.0007837407
0.044581242,0.00080264197
0.92618966,0.9991428
0.9573145,0.9991169
0.9570599,0.9991657
0.92987984,0.9990782
0.9404685,0.99911207
0.9498156,0.9990752
0.9328326,0.9990998
0.0584886,0.0007960485
0.04340558,0.0007736308
0.93957704,0.9991178
0.9737727,0.99912524
0.91856223,0.99911517
0.9376551,0.9991376
0.93749636,0.9991244
0.038977046,0.0007951694
0.94820905,0.9990734
0.07167912,0.0008035211
0.04972463,0.0007745099
0.92419666,0.9991468
0.053608917,0.00075385044
0.9265386,0.9991147
0.077473976,0.0008118728
0.9541681,0.99917275
0.054616693,0.0007679165
0.9388887,0.99913365
0.92232794,0.9991415
0.03920064,0.0007951694
0.9384207,0.9991767
0.038887907,0.0007661582
0.042377498,0.0007850594
0.057742544,0.00081934535
0.04946142,0.00074549875
0.062109176,0.0008175871
0.06184522,0.00074242183
0.93990636,0.99907607
0.05315331,0.00072659756
0.046762947,0.0007876968
0.06427479,0.000775389
0.9304402,0.99910283
0.92585886,0.99907386
0.93417513,0.99911165
0.031566277,0.00077407033
0.04289154,0.0007934111
0.054982416,0.0007582461
0.041433603,0.000775389
0.06343415,0.00082022446
0.059138577,0.0007903342
0.93779624,0.9990936
0.94698286,0.9991398
0.94278216,0.99910504
0.9164219,0.99908304
0.050395906,0.0007876968
0.07879325,0.0008044002
0.94269425,0.99925405
0.90792215,0.9990857
0.9152772,0.99915075
0.94365126,0.99910414
0.9451161,0.99908745
0.08637536,0.0007745099
0.94561064,0.99913627
0.92401814,0.9990774
0.055440992,0.0007520922
0.048037406,0.0007415427
0.044511415,0.00081582885
0.93241835,0.99907166
0.9308463,0.9990936
0.9125673,0.9991244
0.08616217,0.000778466
0.035024174,0.0007811034
0.9126087,0.99906856
0.043838408,0.00075385044
0.04320997,0.0008105541
0.048140164,0.0007903342
0.049711507,0.00083077396
0.9262541,0.99911034
0.054610256,0.00076352083
0.04974221,0.00081670796
0.8864277,0.9991257
0.982974,0.9991244
0.059592202,0.00081714755
0.082672335,0.0007679165
0.9445461,0.9991534
0.052150484,0.0007793451
0.9334596,0.9990976
0.05478111,0.0008044002
0.062037367,0.0007868177
0.049920246,0.0008035211
0.026835904,0.00070417987
0.9498081,0.9991354
0.045947317,0.0007978068
0.92906815,0.9991578
0.032191496,0.0007687956
0.06844011,0.0007863781
0.9321735,0.99912745
0.080113515,0.0007969276
0.9353258,0.99912
0.075490855,0.00080044416
0.9017551,0.9991402
0.95707184,0.9991415
0.04351156,0.00074901525
0.05794385,0.0007960485
0.9454794,0.99911034
0.059488207,0.00080264197
0.06645476,0.0007811034
0.9220568,0.99916613
0.050526645,0.0008175871
0.94095826,0.99911034
0.08169526,0.0008127519
0.9613278,0.99910855
0.0551087,0.00079560897
0.9460407,0.9991385
0.9136957,0.9991367
0.9237438,0.9990936
0.07206762,0.0007824221
0.9408676,0.9991279
0.9620585,0.99915075
0.05312211,0.00079560897
0.04548577,0.000799565
0.93615955,0.9990936
0.93253744,0.9991345
0.9490819,0.9991411
0.8939766,0.99911386
0.0420145,0.00081846624
0.9357183,0.9991428
0.9570446,0.99913627
0.9616222,0.9991798
0.92884684,0.9991266
0.05438171,0.0007811034
0.95438075,0.9991182
0.06892394,0.0007960485
0.030384675,0.0007903342
0.05687244,0.0007978068
0.9029766,0.9991046
0.06560297,0.0007745099
0.054788783,0.0007674769
0.9510449,0.99914986
0.91976416,0.99908704
0.9391601,0.99913365
0.04890157,0.0008127519
0.9538697,0.99917585
0.07015135,0.00076352083
0.04806687,0.0007819825
0.05602932,0.0007903342
0.05011338,0.00082022446
0.93320054,0.9990985
0.9474885,0.9990655
0.9767099,0.9991446
0.9293864,0.9991222
0.90485793,0.99913496
0.07050297,0.00081846624
0.061414625,0.000761323
0.044601545,0.000761323
0.91852266,0.9991385
0.052995335,0.0007837407
0.04105327,0.0007811034
0.09223881,0.0007780264
0.92677504,0.99911606
0.04851356,0.000799565
0.9410008,0.9991147
0.94415045,0.9991006
0.0553573,0.00077407033
0.9409825,0.99911386
0.053444747,0.00074549875
0.04436186,0.0007846199
0.061139032,0.00082242227
0.94043404,0.9991006
0.057969358,0.0007942903
0.058567833,0.00076220214
0.9437347,0.9991248
0.9351869,0.9991112
0.07029274,0.00081670796
0.9342098,0.9990835
0.9384336,0.99910414
0.9446754,0.9991143
0.058802817,0.0008044002
0.043624718,0.00082154316
0.938729,0.99908835
0.95073396,0.99910283
0.9342019,0.99908924
0.93547857,0.99912614
0.069153726,0.00081363105
0.93904126,0.9990576
0.9107313,0.9991244
0.9282862,0.9991174
0.06197274,0.0007986859
0.95325685,0.99917054
0.04940645,0.0007885759
0.045641266,0.000719125
0.062486783,0.0007920924
0.061857354,0.0007934111
0.03358035,0.00075648783
0.053205557,0.0007762682
0.93474466,0.9991147
0.95134556,0.99910504
0.059220042,0.00080747716
0.050573442,0.000806598
0.06283715,0.0007819825
0.93914646,0.99909097
0.08167619,0.0007723121
0.94023865,0.9990976
0.054362893,0.0008079167
0.91871923,0.999098
0.88893753,0.9991024
0.9490841,0.9990523
0.050714582,0.0007828616
0.92406815,0.9990602
0.93368685,0.9990963
0.936736,0.9991011
0.060531642,0.0008079167
0.06676749,0.000799565
0.051540613,0.0007507735
0.94095623,0.9991248
0.047558278,0.0007951694
0.93944657,0.99915385
0.92109233,0.9991244
0.04534636,0.00080615847
0.95873946,0.9991653
0.96570355,0.9991824
0.031066597,0.00074242183
0.94488907,0.99908656
0.9177867,0.99910766
0.060011905,0.0007780264
0.09219622,0.00082989485
0.05678503,0.0007978068
0.9387552,0.9991174
0.9526205,0.9991385
0.9222643,0.99910414
0.9384581,0.9991622
0.9502063,0.99908745
0.035042744,0.00075033394
0.9534597,0.99915206
0.9351552,0.9991556
0.944715,0.9991196
0.94638294,0.9991468
0.9361929,0.99908704
0.1024882,0.0007595648
0.046074092,0.0007837407
0.05366017,0.0007903342
0.93979716,0.9991376
0.059015762,0.0007885759
0.9498089,0.99908304
0.9421334,0.9991248
0.91268843,0.99913496
0.9428069,0.99910945
0.06762844,0.00079560897
0.042014994,0.0007709934
0.9469054,0.99910814
0.043623976,0.0007547296
0.056131583,0.0007912133
0.07510235,0.0007701143
0.022836976,0.00076088344
0.9618255,0.99915165
0.93634945,0.9990985
0.02559438,0.00076220214
0.9220823,0.9990963
0.9255172,0.9990835
0.9231054,0.99915826
0.90505284,0.9990945
0.06376495,0.0007793451
0.9439707,0.99910945
0.9588457,0.99911076
0.95409995,0.9991011
0.04431927,0.00080044416
0.9538573,0.9991112
0.9527391,0.99910766
0.0365767,0.0007507735
0.87974864,0.99911076
0.9269694,0.9990835
0.95423347,0.9990857
0.94812757,0.99911606
0.050624453,0.0007824221
0.07270695,0.0008044002
0.9547165,0.99915826
0.9583678,0.99914724
0.05061653,0.0008083563
0.9527089,0.9990985
0.960113,0.99913055
0.071139075,0.0007793451
0.95642656,0.9991248
0.9433447,0.9991182
0.90814227,0.9990778
0.0524496,0.0007665978
0.06514044,0.0007837407
0.93958795,0.99908304
0.9535768,0.9991024
0.9422069,0.99911034
0.104533225,0.0007824221
0.96052253,0.9991217
0.06184968,0.0007885759
0.058843426,0.00077407033
0.95039916,0.99911165
0.070148386,0.0007942903
0.05242137,0.0007938507
0.91767776,0.99908704
0.95439637,0.99910724
0.95867383,0.99910855
0.92506874,0.9991011
0.9517358,0.99912524
0.042835828,0.00082593877
0.946632,0.99908304
0.072151065,0.0007828616
0.044677313,0.00075736694
0.9403454,0.99911296
0.92929894,0.99911207
0.92645514,0.99909186
0.93431854,0.99915254
0.91495407,0.99914944
0.932405,0.9991385
0.96017337,0.9991235
0.92099655,0.9991174
0.94793147,0.99911517
0.06134059,0.0007868177
0.9454685,0.99919385
0.9549295,0.9991147
0.9421393,0.999182
0.04962856,0.0007903342
0.9436332,0.999109
0.9431055,0.99910855
0.9314762,0.99909407
0.9284132,0.99909276
0.053658687,0.0007986859
0.061241545,0.0007415427
0.06648348,0.0007841803
0.064049706,0.00080747716
0.96522343,0.999109
0.054553058,0.0007837407
0.9111072,0.9991244
0.9444961,0.99910766
0.051493816,0.00075297133
0.92662376,0.99914503
0.94818825,0.9991442
0.927744,0.99910945
0.06338958,0.0007793451
0.06485964,0.0007903342
0.9292081,0.99910855
0.06093005,0.0007547296
0.9472057,0.99908614
0.96065277,0.999098
0.053060703,0.00075385044
0.9539435,0.9991653
0.056700345,0.0007876968
0.93456787,0.9991376
0.94171,0.99910855
0.95142204,0.99917364
0.965031,0.99909496
0.046923153,0.0007960485
0.9518965,0.9991187
0.9467425,0.9991156
0.058333345,0.0007679165
0.054119244,0.0007934111
0.9453969,0.9990844
0.9027057,0.9992026
0.032346252,0.0007780264
0.9421448,0.99911517
0.94306445,0.9991455
0.039168946,0.0008035211
0.9411846,0.9990967
0.9219174,0.99909097
0.97952574,0.99912614
0.94518125,0.99910855
0.94028026,0.99914724
0.05253725,0.0007793451
0.072754495,0.0007824221
0.9056362,0.9990778
0.9368875,0.9991428
0.05525702,0.000771433
0.030673886,0.0007582461
0.8743903,0.99912614
0.051741924,0.00081846624
0.041156773,0.000799565
0.94809216,0.9991407
0.939766,0.99912745
0.9511294,0.9990923
0.95853543,0.9991156
0.038599193,0.000806598
0.92938787,0.99915165
0.04886022,0.000761323
0.040397596,0.0008035211
0.930695,0.99911034
0.06489456,0.0007938507
0.061025627,0.0008105541
0.9439957,0.9990936
0.9656417,0.9991424
0.91960967,0.9991323
0.07332103,0.0007767077
0.055334274,0.0007837407
0.06393754,0.0007942903
0.9226731,0.99912703
0.03187282,0.0007793451
0.95049995,0.9990813
0.045914136,0.00082418055
0.92019403,0.99906504
0.92184013,0.99908394
0.04330951,0.0008105541
0.9333335,0.9991231
0.06354285,0.000799565
0.061624106,0.0007771473
0.053482633,0.00076352083
0.92652225,0.9990822
0.92066544,0.9991424
0.9501771,0.99913317
0.9467719,0.9991569
0.051393285,0.0007802242
0.9320611,0.9991011
0.9602784,0.9991147
0.92901367,0.9991323
0.055343684,0.0008013233
0.063474014,0.0007841803
0.9430637,0.99910724
0.9444518,0.99911207
0.9504071,0.999098
0.93966025,0.99908745
0.9759824,0.999182
0.9324929,0.999102
0.060290962,0.00080044416
0.05008763,0.00073890534
0.9354174,0.9991006
0.94019413,0.99906904
0.06727807,0.0008127519
0.051027562,0.0007661582
0.88407046,0.9991209
0.049355194,0.0007802242
0.04031836,0.0007837407
0.94427645,0.9990655
0.06912154,0.00075297133
0.9319504,0.99912614
0.057813607,0.0007903342
0.955856,0.9991639
0.9282092,0.9991868
0.8882053,0.9991156
0.061095208,0.0008079167
0.08344612,0.00082681794
0.031647246,0.00075604825
0.069766074,0.0007745099
0.039072625,0.0008035211
0.9583881,0.9991987
0.9541943,0.9990567
0.040114574,0.0007582461
0.06410641,0.0008048398
0.052961905,0.0007934111
0.039378427,0.000761323
0.045525137,0.0007868177
0.9318793,0.99912924
0.047510486,0.00085099385
0.05220124,0.00080264197
0.040908664,0.0007969276
0.9404645,0.99912393
0.041574493,0.0008092354
0.070192955,0.00071341067
0.04876687,0.0008022024
0.05150199,0.00081670796
0.105894595,0.0007894551
0.051280376,0.00075385044
0.93602777,0.9990822
0.05476749,0.000806598
0.0506866,0.0008030815
0.065137714,0.000775389
0.058671832,0.0007863781
0.9572315,0.99913144
0.94396645,0.99912614
0.9373951,0.99910986
0.95796496,0.9990611
0.92809206,0.9991402
0.07075627,0.00081363105
0.050382286,0.0008092354
0.05579805,0.0008127519
0.050663576,0.00080967497
0.94573665,0.9990901
0.060950104,0.0007723121
0.05568415,0.0007969276
0.05435274,0.00076703733
0.94529986,0.9991279
0.047293086,0.0007986859
0.9337698,0.9991182
0.9437231,0.99911034
0.9233038,0.9990752
0.9200509,0.9991446
0.035726648,0.00076703733
0.048024036,0.0007978068
0.06809445,0.0008079167
0.047130402,0.000761323
0.94599664,0.9990778
0.0369548,0.0007692352
0.059232425,0.0007850594
0.04717844,0.00082374096
0.05160326,0.0007802242
0.055001482,0.000771433
0.03494816,0.000775389
0.05840639,0.00081231236
0.93136376,0.99907297
0.9378824,0.99910635
0.93021786,0.9991112
0.9610363,0.99912614
0.9113904,0.99910945
0.9622157,0.999142
0.9414589,0.999098
0.91971564,0.99910593
0.9634161,0.99913317
0.9456453,0.99915427
0.05289926,0.0007868177
0.03976148,0.000799565
0.05156414,0.0007912133
0.9430924,0.99910414
0.061539173,0.0007885759
0.9457208,0.99908483
0.055213686,0.00063165196
0.06088771,0.000785499
0.015410607,0.0007661582
0.044508692,0.00075604825
0.9461492,0.9990998
0.06407645,0.000799565
0.05784035,0.0007745099
0.9618378,0.99911255
0.05425196,0.0007811034
0.94040406,0.99908614
0.073150426,0.000775389
0.9519678,0.9991134
0.9426447,0.99909186
0.062743805,0.00081934535
0.034612395,0.00074549875
0.9144603,0.9990778
0.92842513,0.9991569
0.042372793,0.0007793451
0.06284211,0.0007903342
0.0722823,0.0007907738
0.075916745,0.0007876968
0.96237665,0.9991569
0.9394701,0.9990778
0.04949262,0.00076220214
0.057898786,0.000775389
0.92082494,0.99913365
0.9292125,0.99909407
0.059784845,0.0007767077
0.075982116,0.0007942903
0.05333679,0.0007696747
0.94365746,0.9990804
0.06413637,0.0007978068
0.9378423,0.9991024
0.9364443,0.9991024
0.9669535,0.9991015
0.048238713,0.0007982463
0.93638164,0.9990778
0.04462581,0.000775389
0.051949173,0.0007978068
0.95095927,0.9991631
0.9372604,0.9992202
0.056504484,0.000799565
0.036807224,0.0007582461
0.04734756,0.0008092354
0.9410531,0.99909097
0.03907733,0.0007920924
0.9280869,0.9991209
0.049309388,0.0008118728
0.9439328,0.99912614
0.03398693,0.0007934111
0.94885063,0.9990958
0.04639029,0.000785499
0.06042938,0.0007771473
0.9364198,0.9991182
0.91446525,0.9991604
0.9414899,0.99908656
0.048900332,0.0007815429
0.05478606,0.0007802242
0.044411875,0.00082681794
0.94399023,0.99913275
0.049234856,0.00080044416
0.063698344,0.0008048398
0.053958543,0.0007868177
0.93312556,0.99913275
0.88946146,0.9990932
0.9322116,0.9991248
0.031336248,0.0007986859
0.05158271,0.0007969276
0.9479981,0.9991411
0.9474756,0.99912524
0.031014847,0.0007828616
0.949818,0.9991222
0.048917912,0.00074418006
0.03939972,0.0007863781
0.8915057,0.9991745
0.058023833,0.0007982463
0.061926935,0.00073890534
0.08909191,0.0008035211
0.044301193,0.0007687956
0.95239097,0.99909496
0.9258413,0.9991165
0.077537365,0.00084308174
0.93330973,0.99911296
0.053455148,0.0008083563
0.07492531,0.0007978068
0.93866634,0.9990993
0.07224441,0.0007960485
0.92993754,0.9991248
0.9368259,0.99908
0.9309493,0.99910945
0.036438532,0.000771433
0.946012,0.9990936
0.87041616,0.99912876
0.029096352,0.0007604439
0.9285608,0.9991015
0.04240944,0.0007512131
0.96514297,0.99909145
0.09339739,0.0008052793
0.93931115,0.9990985
0.9436594,0.9991455
0.9303986,0.9991235
0.9716381,0.9991864
0.94834125,0.99908525
0.05952807,0.0008505543
0.047227714,0.0007415427
0.95524913,0.99906284
0.052101206,0.0007986859
0.06979504,0.00082022446
0.9358812,0.9990936
0.0588927,0.0008052793
0.05325904,0.00076220214
0.9309612,0.99913317
0.92940366,0.99910593
0.9251279,0.9991196
0.04067195,0.0007986859
0.928801,0.9991257
0.9390536,0.9991112
0.9348935,0.9991147
0.9340137,0.99908173
0.03618869,0.0007951694
0.94151634,0.99913013
0.95392984,0.9991213
0.93149054,0.9991178
0.037119713,0.0007661582
0.070794895,0.0008044002
0.952728,0.99915075
0.95156395,0.9991222
0.04830359,0.0008035211
0.059169035,0.0008013233
0.93214774,0.9991455
0.94874907,0.99914986
0.03455916,0.0007951694
0.94442874,0.9991147
0.083407,0.0007978068
0.9153787,0.9990989
0.9223146,0.9990923
0.032248944,0.0007547296
0.9675839,0.9991459
0.92410576,0.9990936
0.051801596,0.00084088393
0.06951425,0.0007982463
0.098121814,0.0007415427
0.92045003,0.99908745
0.94316274,0.99915034
0.08229695,0.00083077396
0.026035871,0.00073890534
0.057903245,0.0007679165
0.06189945,0.0008022024
0.058112476,0.0008149497
0.9551214,0.99911034
0.027549027,0.0007595648
0.92574745,0.9990954
0.049402487,0.0007745099
0.9622672,0.99914724
0.95389646,0.99913144
0.925381,0.9991024
0.045558814,0.00075297133
0.056487154,0.0007793451
0.9411281,0.9991033
0.050048754,0.00081846624
0.91591036,0.9990782
0.9607486,0.99911606
0.059209645,0.00081890577
0.95087683,0.9991402
0.9246951,0.9991147
0.050003443,0.0007894551
0.94817144,0.99908656
0.028605584,0.0008052793
0.05174143,0.00076220214
0.055538554,0.0007934111
0.03551618,0.0007868177
0.030700628,0.00071516895
0.06869837,0.00079560897
0.9314202,0.9990835
0.053872127,0.0007960485
0.09795914,0.0008035211
0.95761234,0.9991002
0.06900194,0.000778466
0.9503534,0.9990936
0.9234338,0.9991196
0.9451154,0.9990791
0.049092975,0.00076220214
0.05584881,0.00079560897
0.92729104,0.99910504
0.94026244,0.99910855
0.06344182,0.0007951694
0.9401139,0.999182
0.056984853,0.00080264197
0.056518354,0.0007793451
0.035345078,0.0007885759
0.06197596,0.0007723121
0.8948398,0.9991622
0.9196721,0.9991112
0.04850366,0.0007885759
0.9341588,0.99915165
0.953732,0.99910945
0.05160301,0.0008540708
0.9570738,0.9990971
0.06280769,0.00080747716
0.92853063,0.9991147
0.06309814,0.00075736694
0.9178843,0.999098
0.046570305,0.000775389
0.94599736,0.9991323
0.04419373,0.00075736694
0.086131714,0.00083824655
0.067389,0.0007639604
0.06247465,0.00080747716
0.056794688,0.00081582885
0.9368929,0.9990936
0.059647422,0.0007920924
0.94412816,0.99915516
0.07699931,0.0008079167
0.93730277,0.99915737
0.91589004,0.99913144
0.071007594,0.0008118728
0.06643966,0.0008149497
0.057980005,0.0007978068
0.9193006,0.99913496
0.90324795,0.99911255
0.94373494,0.9990457
0.054143507,0.0007793451
0.9045972,0.99908304
0.055994652,0.0007709934
0.95266706,0.9990844
0.9375684,0.99910504
0.94812584,0.9990936
0.93916476,0.99910724
0.92420036,0.99910855
0.9473701,0.9991846
0.03980729,0.0007745099
0.062036376,0.0007982463
0.046617847,0.00071516895
0.9309357,0.9990782
0.9289964,0.99913716
0.03374328,0.0007687956
0.062305283,0.00082418055
0.93653613,0.9990787
0.054078385,0.0007841803
0.037400752,0.0007512131
0.9584698,0.9991424
0.9235863,0.9991393
0.07337353,0.0008149497
0.93089825,0.9991244
0.93256176,0.9991033
0.040873256,0.0007639604
0.059181415,0.0008017628
0.027665898,0.0007894551
0.06431812,0.0007876968
0.95556384,0.9991653
0.052653383,0.0007762682
0.9773282,0.9991428
0.9322163,0.9991222
0.9424862,0.9991217
0.069285706,0.0007973672
0.9260203,0.9991437
0.05510325,0.0007687956
0.95376027,0.99909097
0.07068248,0.0007819825
0.88931537,0.9991209
0.051492084,0.0007876968
0.93588245,0.9991187
0.04163912,0.00080044416
0.9277781,0.9990963
0.98112655,0.99913627
0.050886177,0.0007758286
0.9560782,0.999102
0.042611245,0.00080747716
0.9451894,0.9990752
0.040993843,0.0007780264
0.082081534,0.0007771473
0.9551736,0.99910414
0.94244194,0.9990752
0.90789264,0.99911207
0.94166243,0.99906904
0.9409102,0.99913317
0.96849316,0.9991868
0.08435312,0.0008105541
0.052742768,0.0008175871
0.95263785,0.9991235
0.060536843,0.00084879604
0.043679688,0.00072088325
0.9465946,0.99912834
0.96597743,0.99909097
0.096527696,0.00073143275
0.05398058,0.0007960485
0.9401555,0.9991578
0.035291098,0.00076703733
0.070907064,0.0008017628
0.9385737,0.99912
0.940127,0.9990936
0.05442653,0.0007903342
0.061901182,0.0007723121
0.08835874,0.00079560897
0.9294049,0.99910593
0.05432872,0.00077055383
0.95442384,0.9991037
0.043061152,0.0007771473
0.07003126,0.0007938507
0.92344713,0.9990985
0.9563166,0.9991437
0.060386047,0.0007960485
0.05328702,0.0007771473
0.05373792,0.0007767077
0.9719359,0.9991266
0.058825597,0.0007802242
0.93731487,0.9990782
0.90199554,0.99914634
0.9306643,0.99910414
0.058308337,0.0007934111
0.9301656,0.99911296
0.91569865,0.99906284
0.05960384,0.0007793451
0.9228323,0.99912703
0.058757506,0.0008035211
0.056051604,0.0007802242
0.052919813,0.0008083563
0.9358926,0.9991147
0.9376444,0.9991455
0.94082975,0.9990879
0.042100668,0.00074813614
0.92405826,0.999109
0.9048079,0.99910504
0.05284429,0.00074286136
0.0235033,0.0008079167
0.9434903,0.99912524
0.06393977,0.0007709934
0.053072836,0.0007978068
0.94268334,0.99910504
0.06280695,0.0008149497
0.058439817,0.00081846624
0.05075841,0.0008008837
0.049626578,0.000771433
0.923924,0.99910504
0.066309415,0.0007881364
0.04558803,0.00076220214
0.91411835,0.9991415
0.93756425,0.99909186
0.06471578,0.0008017628
0.052270822,0.0008030815
0.06458851,0.00085363124
0.06797658,0.0007819825
0.89494133,0.99910504
0.91519326,0.9991156
0.055298124,0.0007894551
0.05950752,0.00073802617
0.053205308,0.00082593877
0.04776404,0.0007762682
0.94252515,0.999098
0.03647369,0.0007969276
0.04929255,0.0007604439
0.93368167,0.9991147
0.9290449,0.9991002
0.9374201,0.99910504
0.9511811,0.9991165
0.88618875,0.99915516
0.06378724,0.0007894551
0.9355737,0.9990932
0.9566115,0.99908745
0.9050154,0.9991112
0.04222497,0.0007828616
0.07081149,0.0007903342
0.044542365,0.0007868177
0.9442391,0.99912703
0.9382546,0.9990822
0.9052071,0.9991191
0.061652333,0.0007679165
0.95803356,0.9991226
0.06528826,0.00074066356
0.9582549,0.99914813
0.9397207,0.99912924
0.9375729,0.99909097
0.9494023,0.9992013
0.9445508,0.9991389
0.04903355,0.0007780264
0.9400753,0.9991393
0.08232593,0.0006967073
0.051078077,0.0007762682
0.06651394,0.0007863781
0.91936255,0.9990967
0.9506339,0.9991912
0.064856924,0.0008162684
0.04602556,0.0008118728
0.04560264,0.0007687956
0.04216084,0.00081670796
0.059360437,0.0008008837
0.040232934,0.0007630813
0.93195456,0.99912
0.060106244,0.0008052793
0.052841567,0.0007978068
0.03725689,0.0007837407
0.048320673,0.000775389
0.060766872,0.0007846199
0.94570273,0.99916834
0.061542887,0.0007894551
0.9279143,0.9991213
0.96128565,0.99909496
0.06622993,0.0007841803
0.9208046,0.99912876
0.96592987,0.999138
0.92594653,0.9991187
0.054462183,0.00082681794
0.03739357,0.00072396017
0.9376244,0.99909496
0.07487405,0.00080264197
0.93269444,0.9991156
0.03664826,0.0007850594
0.07327919,0.00077055383
0.9398408,0.99909097
0.9020998,0.99914986
0.059084848,0.0008013233
0.06190762,0.0007556087
0.9422656,0.9991055
0.9173767,0.9991015
0.9390014,0.9991222
0.059566204,0.0007885759
0.0899541,0.00081451016
0.04371757,0.0007415427
0.037416104,0.0007960485
0.9568891,0.99907255
0.053175844,0.0008008837
0.048936483,0.0007802242
0.9566239,0.9990822
0.064842805,0.0008035211
0.061706062,0.0007916529
0.9371049,0.99910414
0.92957205,0.99909097
0.9269563,0.99910766
0.92640436,0.99908614
0.069674455,0.0007942903
0.049430963,0.0008092354
0.06428568,0.00079560897
0.049505,0.0008044002
0.054634027,0.00073407014
0.048857495,0.00082505966
0.94514436,0.9990923
0.060504157,0.0008044002
0.94561285,0.9991596
0.9440276,0.99906945
0.93038076,0.99909186
0.95507705,0.99910945
0.97044456,0.99915206
0.063033015,0.0007639604
0.058462847,0.00077407033
0.0485564,0.000771433
0.93156284,0.99910945
0.8860798,0.99911606
0.040222287,0.0007661582
0.05428638,0.000761323
0.056612197,0.00073890534
0.055801764,0.00077055383
0.9257385,0.9991556
0.9600716,0.9990541
0.9522102,0.9991657
0.9272881,0.9991112
0.05022753,0.0007938507
0.92192286,0.9991688
0.92573756,0.9990844
0.045503844,0.000799565
0.058559168,0.0008044002
0.9398376,0.99912
0.94119865,0.99913496
0.03751688,0.0008092354
0.03865639,0.0007934111
0.059595175,0.0007920924
0.052113835,0.00080747716
0.057931226,0.0007850594
0.062413987,0.00082769705
0.06031523,0.0007639604
0.046271935,0.0008149497
0.9340194,0.9991191
0.93863463,0.9990998
0.050926045,0.0007736308
0.050542247,0.0007547296
0.024130251,0.000712092
0.93027455,0.9990901
0.9531251,0.9991174
0.94511044,0.99912745
0.05534294,0.0007767077
0.9331862,0.9990963
0.0637657,0.0007868177
0.061756577,0.0008083563
0.95583254,0.99916744
0.047475327,0.0007811034
0.07138446,0.0007780264
0.058930583,0.0007736308
0.9270573,0.9991257
0.06072032,0.0007771473
0.04904147,0.00083077396
0.052447367,0.0007978068
0.93431014,0.99910855
0.079247616,0.0007833012
0.9380983,0.99909097
0.946114,0.9991174
0.043674488,0.0007824221
0.05683579,0.0007885759
0.0736516,0.0007876968
0.9514458,0.99908745
0.9561106,0.99908656
0.058200873,0.00081451016
0.96146244,0.9991609
0.9491733,0.99910766
0.9175099,0.99907386
0.042564444,0.0007723121
0.9576106,0.99915206
0.9234553,0.999102
0.9668827,0.99910593
0.049227674,0.00077055383
0.037241783,0.0007507735
0.9186155,0.99908656
0.9390907,0.99914724
0.05430941,0.0008052793
0.9390759,0.9990936
0.05584361,0.0007582461
0.06213468,0.00082374096
0.9370769,0.9990795
0.052537747,0.0007837407
0.9365275,0.9991006
0.9367944,0.9991226
0.024565553,0.000799565
0.053559393,0.00081363105
0.9530355,0.99912
0.065255575,0.000771433
0.049680557,0.00076703733
0.06091866,0.0007868177
0.06300504,0.000799565
0.10340214,0.0007068172
0.061034787,0.0008197849
0.9203562,0.9990901
0.057300556,0.0007692352
0.06722409,0.00081582885
0.93757635,0.9990945
0.9488501,0.99913317
0.04880797,0.0007745099
0.069244355,0.00083165313
0.060407095,0.0007890155
0.03995115,0.0007934111
0.060940698,0.0007982463
0.043095075,0.000792532
0.05236962,0.0007969276
0.022709455,0.0007960485
0.88418037,0.99913317
0.04959934,0.0007661582
0.05419105,0.0007498944
0.085044704,0.00076220214
0.9296159,0.9991147
0.9361813,0.9991134
0.061937828,0.00081934535
0.9888171,0.9991622
0.9183493,0.99908614
0.08035989,0.0007762682
0.042350262,0.0007802242
0.051599298,0.00079560897
0.9371631,0.999102
0.9437954,0.99911255
0.91641945,0.9991864
0.05188306,0.0007674769
0.059624642,0.0008008837
0.9275315,0.99906635
0.068126634,0.00073582836
0.048937473,0.000775389
0.95480764,0.9991534
0.9041953,0.99913406
0.9403167,0.9991618
0.9308681,0.9991112
0.083610535,0.0007793451
0.06496389,0.0007841803
0.074121065,0.000775389
0.052166082,0.0007661582
0.9394622,0.99917537
0.93158686,0.99912524
0.9502224,0.9991389
0.95933175,0.9990734
0.9316027,0.99911296
0.05953154,0.0007868177
0.0458864,0.0007903342
0.9696017,0.99913055
0.043581385,0.0007507735
0.040649418,0.0007630813
0.92872226,0.99911165
0.98069745,0.9991196
0.027795646,0.00073143275
0.07221223,0.00077055383
0.9649979,0.9991358
0.94200987,0.99908656
0.9174708,0.99911034
0.9599352,0.99913627
0.9185836,0.99913055
0.053636402,0.000792532
0.9309896,0.99909276
0.047748193,0.00085231254
0.047271788,0.0007863781
0.06974428,0.0007811034
0.9281864,0.99911386
0.9395137,0.9991367
0.07340621,0.0007547296
0.94877684,0.9991156
0.9645883,0.99913716
0.044289306,0.00081582885
0.94696087,0.99910414
0.08697211,0.000806598
0.9457986,0.99908394
0.024460318,0.00081451016
0.8576884,0.9991015
0.07243533,0.00075648783
0.04730943,0.0008013233
0.92578435,0.9991323
0.0,0.00074813614
0.045266382,0.0007934111
0.9470941,0.99910766
0.95017534,0.9991591
0.9277526,0.9990998
0.94007725,0.9991169
0.023571145,0.00072571845
0.9463408,0.999149
0.058168683,0.0007780264
0.06609449,0.0007912133
0.069553375,0.0008048398
0.048160717,0.0007679165
0.047883637,0.00083297177
0.08555181,0.00076703733
0.05869659,0.0007894551
0.0643144,0.0007780264
0.07536011,0.0007881364
0.045360476,0.00080615847
0.94590896,0.9991011
0.9231931,0.99908924
0.9458218,0.99917275
0.11676574,0.0008052793
0.05744442,0.0007951694
0.9143806,0.99911606
0.059185874,0.0007916529
0.916459,0.99908745
0.9330688,0.99912703
0.95407695,0.99915123
0.053827308,0.0008017628
0.060310774,0.0007837407
0.06482052,0.0007912133
0.93752706,0.9991596
0.06327295,0.0007942903
0.08291351,0.0008022024
0.9421938,0.9990945
0.041113194,0.0008017628
0.9375974,0.9991257
0.92315966,0.99911517
0.9413277,0.99911034
0.9200321,0.9991024
0.05375228,0.0007942903
0.037796434,0.0007969276
0.043633137,0.0007824221
0.08721576,0.0007978068
0.08249133,0.0007806638
0.94762397,0.9991323
0.9267555,0.99907255
0.043361507,0.0007582461
0.9631554,0.9990945
0.057746507,0.0007960485
0.03101757,0.0007881364
0.95212406,0.99911207
0.9502801,0.9990971
0.89922726,0.99912614
0.96875906,0.99917406
0.9159537,0.9991578
0.050730925,0.00074286136
0.065987766,0.00076000433
0.061700616,0.0008105541
0.049633015,0.0007850594
0.93985337,0.9991424
0.9527302,0.99912876
0.9372282,0.9991191
0.05564775,0.000785499
0.094642624,0.0007868177
0.06287281,0.0008052793
0.9624898,0.99913055
0.93377846,0.99909407
0.040698692,0.0007723121
0.052983943,0.0007986859
0.9443032,0.9990958
0.91732764,0.99908173
0.9377997,0.99911076
0.93480086,0.9990998
0.9342465,0.9990936
0.9465102,0.9991068
0.9572843,0.9990611
0.8963837,0.9991187
0.03957255,0.00074813614
0.06213072,0.0007802242
0.074584596,0.0008118728
0.036831986,0.00074066356
0.035215084,0.00081451016
0.030698646,0.0007894551
0.9830309,0.99913317
0.057153475,0.00075648783
0.9598416,0.99910814
0.9370831,0.9990967
0.05345366,0.0007912133
0.9281181,0.9990901
0.05175777,0.00073582836
0.9592968,0.99911386
0.047677875,0.00081846624
0.03679881,0.000771433
0.94171715,0.9991376
0.9379344,0.9991024
0.045963906,0.0007701143
0.063233085,0.00081582885
0.8982351,0.9990971
0.040186133,0.0007512131
0.94853914,0.9990976
0.9447209,0.9991459
0.057353795,0.00076000433
0.9307571,0.99910855
0.93518615,0.99913716
0.08260721,0.00083077396
0.9276506,0.9991024
0.043703705,0.0007885759
0.93552786,0.9990576
0.034074582,0.0007248393
0.95551634,0.99917537
0.048260503,0.000799565
0.059774198,0.000775389
0.06614525,0.0007969276
0.92949307,0.99910593
0.056695644,0.00074549875
0.94018394,0.99911076
0.93487096,0.99913055
0.116472065,0.0007942903
0.92755675,0.99912965
0.06752221,0.000806598
0.069570705,0.00082418055
0.050159436,0.0007679165
0.05349526,0.00080264197
0.94765216,0.99911386
0.9319194,0.9990971
0.05011883,0.00080747716
0.91207755,0.99909407
0.038494203,0.00075297133
0.9251047,0.9991248
0.87017995,0.99913275
0.92546046,0.9991015
0.9409684,0.99912614
0.05860448,0.0008083563
0.9373124,0.99909055
0.046283323,0.0008035211
0.05254146,0.0008092354
0.9483358,0.9991217
0.94698113,0.99916
0.027362574,0.0007731912
0.92982614,0.9991187
0.9473959,0.99912614
0.92057115,0.99912876
0.9136551,0.99915034
0.05002028,0.0007942903
0.9404635,0.9991569
0.92945915,0.99912703
0.050746772,0.0007652791
0.93163866,0.99910504
0.9218184,0.99911296
0.040462468,0.0007969276
0.057873283,0.00081934535
0.96980006,0.9991385
0.88240725,0.9991217
0.050595976,0.0007969276
0.06503198,0.0007793451
0.9152136,0.99915034
0.8764856,0.99913365
0.9280339,0.9991385
0.9372805,0.99910855
0.9475749,0.9990774
0.9373206,0.9991174
0.931835,0.99909186
0.9452055,0.99906284
0.9664365,0.9991657
0.10850368,0.00083253224
0.06268141,0.0008008837
0.06615564,0.0007771473
0.9612644,0.9991182
0.94284976,0.9991257
0.055532612,0.00082989485
0.92971814,0.99912965
0.9586853,0.9991244
0.056617893,0.00082593877
0.069361225,0.000799565
0.9474803,0.99912614
0.9332867,0.9990945
0.95582634,0.9990901
0.06708642,0.0007819825
0.92549145,0.9990795
0.04191496,0.0008048398
0.9337589,0.9991235
0.054722425,0.0007951694
0.9368712,0.99908304
0.05534294,0.0007833012
0.064654626,0.0008127519
0.05722677,0.0007731912
0.046315268,0.0008030815
0.9344057,0.9991881
0.95165706,0.99910724
0.94041127,0.99908745
0.07237714,0.0007723121
0.066317834,0.00079560897
0.9456203,0.9991187
0.90843964,0.99908876
0.9268939,0.99917185
0.05881569,0.0007850594
0.07501866,0.0007745099
0.079650976,0.0007758286
0.92465746,0.9991231
0.047124214,0.0007833012
0.070054784,0.0007986859
0.91840726,0.99913055
0.88939804,0.9991393
0.93969244,0.99912
0.95641613,0.99912834
0.9282426,0.99911207
0.96931076,0.99908876
0.9181913,0.9990963
0.057243608,0.00082154316
0.93241364,0.99913406
0.05616006,0.00081319147
0.06444638,0.0007942903
0.9388347,0.9990787
0.07923227,0.0007982463
0.05930448,0.00080747716
0.04184414,0.0007736308
0.051372983,0.0007938507
0.03458169,0.00075253175
0.94340414,0.99911606
0.9725012,0.99908394
0.9340791,0.9991569
0.93973356,0.99910855
0.94469744,0.99910593
0.94527334,0.9991842
0.049938567,0.00074330095
0.04831349,0.000799565
0.9477725,0.9991011
0.055320904,0.0007824221
0.9469992,0.9991068
0.94830734,0.9991169
0.05943695,0.0007674769
0.9290602,0.99912614
0.049421307,0.00079560897
0.04409815,0.0007841803
0.03681317,0.0008008837
0.031251565,0.00077055383
0.04256147,0.00077407033
0.062793575,0.0008035211
0.061308894,0.000799565
0.051328164,0.0007569274
0.053686664,0.0008008837
0.948401,0.99910945
0.9275355,0.99909186
0.95067054,0.99913496
0.955132,0.99911606
0.9539222,0.99908835
0.9342982,0.9990826
0.92104256,0.9990945
0.060684666,0.0007986859
0.049791735,0.0007661582
0.94462264,0.99911076
0.95459694,0.9991657
0.9237205,0.9990795
0.050493713,0.00080264197
0.06391426,0.000778466
0.92795044,0.99910766
0.913251,0.9991428
0.9544318,0.99910635
0.9346206,0.9991868
0.9373436,0.99912393
0.95074856,0.99911255
0.052187625,0.0007890155
0.069538265,0.0008083563
0.050983243,0.0007920924
0.024871849,0.0007644
0.96292216,0.9991222
0.9351243,0.9990998
0.057448383,0.0008008837
0.060692836,0.0008162684
0.92960846,0.99912965
0.948241,0.999109
0.9469269,0.99909055
0.0661289,0.00082989485
0.9554336,0.99908173
0.96686286,0.99917185
0.077160254,0.0007709934
0.03325994,0.00075385044
0.043970138,0.0007723121
0.07105514,0.0007811034
0.963246,0.99912524
0.051933575,0.00079560897
0.05472713,0.0007780264
0.934735,0.9990615
0.063501745,0.00083121355
0.92344564,0.9990971
0.9549636,0.99912965
0.056276932,0.00081670796
0.047743984,0.000761323
0.05039888,0.0007942903
0.9254429,0.99909276
0.0645947,0.0007885759
0.95354337,0.9990954
0.9483284,0.9991222
0.9567197,0.99913406
0.034072604,0.00075253175
0.05445228,0.0007986859
0.9497113,0.9991196
0.045123264,0.0007793451
0.9470663,0.9991191
0.042231902,0.00075385044
0.93947035,0.99914503
0.9386445,0.99910283
0.9714895,0.9991815
0.9678647,0.99912876
0.9415889,0.99911034
0.93768406,0.9991257
0.91841614,0.99908966
0.056479476,0.00080264197
0.93750656,0.9991226
0.049277693,0.0007806638
0.07231276,0.0007907738
0.92499644,0.99909496
0.015169186,0.0007507735
0.055575695,0.0007969276
0.9231446,0.99909097
0.05191352,0.0008527521
0.05009704,0.0007762682
0.05867703,0.0008118728
0.055267915,0.00081714755
0.031191394,0.0007736308
0.04762414,0.00073890534
0.92130035,0.99911386
0.069924794,0.0007745099
0.9687626,0.9991385
0.9311907,0.99908
0.08517965,0.000792532
0.9395377,0.999138
0.053972162,0.0007951694
0.9555619,0.9991402
0.058782265,0.0008035211
0.93377626,0.9990932
0.89566314,0.9991323
0.93501854,0.9991182
0.94497895,0.99915475
0.05269201,0.0007696747
0.07168283,0.0007951694
0.06905121,0.0007630813
0.9511571,0.9991217
0.9408166,0.9991209
0.93888843,0.9990826
0.0830856,0.00081934535
0.041632187,0.0007652791
0.05761824,0.0007595648
0.06657906,0.0008175871
0.03775533,0.0007947298
0.043924574,0.0007982463
0.09593838,0.00080044416
0.9216948,0.99908614
0.94266677,0.99919033
0.062006168,0.0008035211
0.052629363,0.0007745099
0.933365,0.9991068
0.92587817,0.99910635
0.93304926,0.9991367
0.050125018,0.0007934111
0.9220947,0.99910766
0.043184713,0.00077055383
0.04698357,0.0007547296
0.933055,0.9990945
0.059789304,0.00077055383
0.045550395,0.000785499
0.94382584,0.99911606
0.8956032,0.9991231
0.05568588,0.00080044416
0.9510534,0.99913716
0.94393873,0.99912614
0.0475766,0.0007868177
0.039046872,0.0007912133
0.032432176,0.0007701143
0.9328173,0.99910504
0.9471433,0.9991033
0.07797514,0.0008162684
0.91347235,0.9991033
0.054858364,0.0008114332
0.066779874,0.00081319147
0.92298734,0.99908304
0.9302198,0.9990936
0.9414693,0.9991134
0.9499748,0.99912614
0.92893994,0.99909145
0.9339263,0.99910766
0.036873337,0.0007679165
0.06651443,0.0007903342
0.060962733,0.0007758286
0.06058389,0.00082154316
0.051283594,0.0008079167
0.9547351,0.9992053
0.9491658,0.9991213
0.93929625,0.9990826
0.0688873,0.0007696747
0.94562423,0.9990813
0.9364106,0.9991156
0.040267352,0.000799565
0.04328326,0.00081934535
0.045745015,0.0007876968
0.06086245,0.00081099366
0.07401187,0.0008044002
0.07436125,0.0007547296
0.047144517,0.00075297133
0.9438031,0.9991248
0.9405569,0.9991024
0.9249026,0.99911386
0.05492126,0.00082549924
0.933596,0.9991046
0.92877275,0.9991046
0.93996185,0.99912703
0.048791632,0.0007876968
0.05346951,0.0007973672
0.06953654,0.0008233014
0.9439125,0.9991169
0.056868725,0.0008008837
0.9515117,0.9991187
0.051533185,0.0008149497
0.09059442,0.00082989485
0.05436091,0.0007881364
0.07316875,0.00082418055
0.04971448,0.0008052793
0.95878726,0.99912965
0.9221908,0.99914855
0.060263477,0.0007951694
0.08676536,0.0007534109
0.029341983,0.0007868177
0.8931588,0.9991033
0.060985018,0.00081846624
0.05127369,0.0007679165
0.048117384,0.0008030815
0.9389191,0.999167
0.046128318,0.00077055383
0.9419004,0.99914724
0.9747706,0.9991376
0.058459874,0.0007885759
0.06074434,0.0008057189
0.06436888,0.0007780264
0.04044167,0.0007723121
0.042041738,0.0007912133
0.94203883,0.9991569
0.9415223,0.9991156
0.0481211,0.00073011406
0.0856048,0.0007811034
0.94402814,0.9991174
0.05901601,0.0007960485
0.915764,0.9991226
0.03923506,0.0007661582
0.05941813,0.0007639604
0.9340942,0.9990857
0.95514315,0.9991477
0.93159753,0.99909496
0.06357578,0.0007960485
0.054237105,0.0007868177
0.053526957,0.0008017628
0.055868372,0.00075648783
0.9460979,0.99906725
0.94782776,0.9991644
0.95016396,0.9990598
0.9543835,0.99913496
0.94691205,0.99910283
0.9363861,0.99907386
0.053811956,0.00074330095
0.9637417,0.999142
0.06329449,0.0007973672
0.9398398,0.9991165
0.93901545,0.999102
0.940724,0.9990743
0.96319056,0.9991178
0.9480526,0.9991622
0.94443816,0.9991015
0.036670543,0.00076220214
0.08312249,0.0007811034
0.06185562,0.00077055383
0.900032,0.9990879
0.06798797,0.0007661582
0.935903,0.999142
0.95855945,0.9991437
0.9369974,0.99908656
0.06321971,0.0007890155
0.028684326,0.0007556087
0.935333,0.99909186
0.05327984,0.0007951694
0.93883127,0.9991398
0.06102835,0.0007876968
0.05504036,0.00083824655
0.9337183,0.9991033
0.88431907,0.99915075
0.036652718,0.0007868177
0.9169067,0.9991182
0.058995705,0.00073494925
0.053596288,0.0007837407
0.9291105,0.99911255
0.0252086,0.00075385044
0.062316425,0.0007969276
0.070619345,0.0008052793
0.056898933,0.0007903342
0.94162977,0.999098
0.061542887,0.00081099366
0.07821656,0.0007868177
0.9346003,0.9991213
0.95813656,0.99913317
0.9441341,0.9991244
0.94403505,0.9991534
0.09069,0.00084440043
0.9405447,0.99908924
0.95104593,0.9991257
0.96220726,0.99913144
0.92923284,0.9990901
0.943343,0.9990998
0.93417317,0.9990998
0.040221047,0.00071604806
0.92647195,0.9990963
0.07242022,0.0008044002
0.88138735,0.9991235
0.92615277,0.99911076
0.9443233,0.99908656
0.06769431,0.0008175871
0.047643702,0.000771433
0.066518396,0.0007986859
0.03954581,0.0008127519
0.9494305,0.9991411
0.9409454,0.9991257
0.07063742,0.0007723121
0.055737633,0.0007604439
0.0896327,0.0007696747
0.03958865,0.0007771473
0.08735096,0.0008052793
0.049500294,0.0007780264
0.9543149,0.99910814
0.050776485,0.0007687956
0.067057446,0.0008008837
0.9551013,0.9991015
0.9280641,0.9991143
0.92551297,0.99913406
0.94952834,0.99915516
0.07212581,0.000799565
0.899355,0.99915606
0.03899339,0.0008364883
0.0505264,0.0007701143
0.07600712,0.00082154316
0.051032517,0.0007863781
0.040328264,0.0007731912
0.05941937,0.0007837407
0.059551843,0.0007903342
0.922139,0.99910414
0.049589187,0.0007920924
0.9155874,0.9991187
0.9386359,0.9990826
0.957597,0.99911386
0.9151165,0.9991209
0.058409113,0.0007894551
0.057382517,0.0007771473
0.91494465,0.9991618
0.88103867,0.99910855
0.9423855,0.99910635
0.09578411,0.00074593833
0.9557746,0.9991534
0.9389298,0.9991877
0.89430916,0.9991657
0.05498217,0.0007934111
0.9457119,0.9990945
0.9360674,0.9991143
0.051273193,0.0007969276
0.9457624,0.99909496
0.92391664,0.9991231
0.06643198,0.0007802242
0.9250101,0.9991169
0.060358807,0.00081582885
0.047759585,0.00074593833
0.9347345,0.9990998
0.925795,0.9991187
0.060942926,0.0007767077
0.071398824,0.00082637835
0.056265295,0.00081538927
0.9422218,0.99912703
0.050283242,0.0007837407
0.061302457,0.0007679165
0.05946741,0.0007736308
0.9532596,0.9991648
0.03371604,0.0007986859
0.93259615,0.99912524
0.0606552,0.00080967497
0.9309032,0.99910283
0.052831165,0.0008083563
0.9467679,0.99913055
0.9420794,0.9990923
0.036547977,0.0007780264
0.06114646,0.0007674769
0.9405346,0.9991855
0.052982707,0.0007696747
0.9349341,0.99908924
0.93911797,0.9991433
0.039870925,0.0007868177
0.04404417,0.00084176305
0.048185475,0.00072176236
0.071693234,0.0008017628
0.92398,0.9991407
0.026499648,0.00076703733
0.9503224,0.99907386
0.043360516,0.0007595648
0.95519143,0.9991257
0.9442094,0.9990901
0.93598795,0.9990936
0.05971799,0.0008008837
0.9305395,0.9991631
0.9652994,0.99917716
0.066444606,0.000799565
0.049425762,0.0007837407
0.9422624,0.9991015
0.07930085,0.0008118728
0.037863288,0.0007978068
0.049205143,0.0008079167
0.9370329,0.99904877
0.09095296,0.0007692352
0.9387015,0.9990655
0.050275814,0.0008092354
0.048687387,0.0007907738
0.932791,0.9990985
0.9454041,0.99914724
0.04726362,0.0007903342
0.041219912,0.00072088325
0.9407621,0.9991011
0.05290768,0.000799565
0.031812157,0.00074901525
0.89361686,0.99907297
0.0487998,0.0007520922
0.06099641,0.0007846199
0.9193568,0.9990756
0.9531789,0.99911517
0.07840673,0.000771433
0.97184336,0.999102
0.03852169,0.0007736308
0.069716305,0.0007868177
0.049660005,0.000785499
0.9394391,0.99910414
0.93586385,0.9991147
0.9295389,0.99910504
0.042413402,0.0007793451
0.061209355,0.0007767077
0.93296313,0.9990769
0.9415015,0.9991156
0.9342143,0.9990967
0.05243276,0.00083912566
0.9674876,0.9991437
0.059280954,0.00083736744
0.046141196,0.00076220214
0.92830503,0.9991376
0.97872245,0.99908745
0.92143655,0.9991411
0.04061079,0.0008083563
0.95684844,0.9991196
0.9578954,0.9991644
0.050262194,0.0008114332
0.049635243,0.000799565
0.040598657,0.0007837407
0.038170822,0.0007652791
0.98343354,0.9991688
0.03662845,0.0007811034
0.90553737,0.9991231
0.06071215,0.0007894551
0.052807394,0.000785499
0.95102215,0.99916
0.06731249,0.0007960485
0.9481095,0.9990857
0.9284786,0.99912614
0.043542262,0.00075297133
0.89652604,0.99904484
0.046068646,0.00081582885
0.94283414,0.99915296
0.06312265,0.0007960485
0.053394485,0.0007687956
0.9443656,0.9991015
0.9390291,0.9990857
0.094616875,0.00082769705
0.95336163,0.9991855
0.9624341,0.9991855
0.044946715,0.000799565
0.9412777,0.9991402
0.93951267,0.9991165
0.06371518,0.0008079167
0.9280408,0.99908966
0.059722695,0.0007868177
0.043930024,0.000799565
0.92973274,0.9991415
0.957625,0.99906945
0.92767984,0.9991565
0.9419888,0.99908966
0.9214038,0.99912965
0.04614565,0.000771433
0.06927679,0.0008083563
0.9335559,0.9991165
0.90348023,0.99910945
0.9294487,0.99910855
0.95242214,0.99914986
0.04959637,0.0007890155
0.968245,0.99914724
0.94481206,0.9991569
0.023537718,0.0007661582
0.94637996,0.99913627
0.95094293,0.99910283
0.967574,0.99913186
0.048742108,0.0007811034
0.064176984,0.0007951694
0.9409201,0.9990857
0.054225467,0.00073011406
0.9214452,0.99915206
0.9436775,0.99907076
0.03655565,0.0007894551
0.044891745,0.0007679165
0.063774616,0.000775389
0.057565503,0.0007978068
0.9257299,0.99913496
0.05577106,0.0007868177
0.05111101,0.00074198225
0.9334556,0.9991358
0.069557585,0.00080747716
0.95474523,0.9991231
0.90642655,0.9991024
0.92998856,0.99908304
0.96173286,0.9991156
0.95457685,0.9991156
0.0527809,0.0007767077
0.047525343,0.0007828616
0.9493337,0.99911034
0.94130635,0.99907386
0.93295914,0.9991112
0.93501556,0.999098
0.039205097,0.000775389
0.040394623,0.0007802242
0.95985645,0.9991015
0.94052935,0.9991112
0.9303575,0.9991534
0.06904181,0.0007837407
0.93097526,0.9991165
0.9309525,0.99909097
0.052298307,0.00080615847
0.9331446,0.9990945
0.93736786,0.99913365
0.049974225,0.00076220214
0.043393448,0.0007894551
0.9440853,0.9991217
0.9375328,0.99915737
0.05595157,0.0007745099
0.06208937,0.00082681794
0.93541443,0.9990782
0.047265846,0.00076220214
0.06956476,0.0008083563
0.051211786,0.0007780264
0.036217414,0.0007912133
0.04332907,0.0007595648
0.056667168,0.0007582461
0.9263427,0.99911034
0.9449894,0.9990782
0.04172034,0.00073494925
0.9479196,0.99908173
0.04569698,0.0007828616
0.0455811,0.00080396066
0.04304902,0.0007793451
0.05973582,0.000775389
0.055839155,0.0007850594
0.049042214,0.00081099366
0.9475048,0.9990936
0.92274266,0.999138
0.046975896,0.0007942903
0.039179347,0.00082022446
0.91981614,0.99908835
0.043945126,0.0007604439
0.9303402,0.9991033
0.95279014,0.99914944
0.052582316,0.000785499
0.94686896,0.9990971
0.9150605,0.9991345
0.04632294,0.0007630813
0.94837964,0.9990734
0.059634544,0.000775389
0.059154425,0.0008092354
0.06173454,0.00082154316
0.036103763,0.0007731912
0.04997695,0.0007793451
0.050443694,0.000799565
0.082266,0.0007903342
0.94960606,0.99920046
0.9365468,0.9990963
0.066054866,0.0007828616
0.93327636,0.9991613
0.056708764,0.0007687956
0.05244192,0.0008017628
0.064102694,0.0007811034
0.95996815,0.9990756
0.07135549,0.00080747716
0.9666965,0.9991196
0.9347969,0.99908924
0.060195137,0.0008013233
0.93344915,0.9991354
0.028331479,0.0007595648
0.045329522,0.00075736694
0.94671524,0.9991411
0.9004024,0.9991323
0.08299472,0.0008017628
0.94882685,0.99911034
0.04507894,0.0007709934
0.8912388,0.99919516
0.057657365,0.000785499
0.06741747,0.0007894551
0.94925123,0.9991182
0.97632116,0.999149
0.050786886,0.0008149497
0.050061382,0.00082242227
0.9310649,0.9991455
0.943806,0.9990971
0.052521653,0.0007793451
0.9257695,0.99907166
0.035445362,0.0007745099
0.9345921,0.99910414
0.0502825,0.0007934111
0.9378428,0.9991209
0.046767652,0.0007960485
0.96029574,0.9991217
0.068678066,0.0008083563
0.046227366,0.0007960485
0.063449495,0.0007837407
0.92636746,0.99911296
0.050492477,0.0006562675
0.9316067,0.9991191
0.934114,0.99908394
0.043534093,0.0007885759
0.93642795,0.99910635
0.06526895,0.00080044416
0.06439265,0.0007986859
0.06056507,0.00081231236
0.9268976,0.9991534
0.9547923,0.99909276
0.050868843,0.0007745099
0.9566546,0.99913627
0.95486015,0.9990787
0.04257757,0.00081099366
0.94448495,0.99908924
0.05441836,0.00080967497
0.054286875,0.0007850594
0.051851615,0.0007780264
0.06941694,0.0008017628
0.05865202,0.00080747716
0.06202598,0.0007942903
0.05821474,0.0008101145
0.9413014,0.9990998
0.9278224,0.9990835
0.95420945,0.9991833
0.05740406,0.0007415427
0.05378893,0.00073011406
0.08729673,0.0008052793
0.95164245,0.99909407
0.06812837,0.0007907738
0.9447209,0.9991134
0.040154193,0.0007912133
0.061184593,0.0007771473
0.097157866,0.0008017628
0.053780757,0.0007780264
0.045158673,0.0007745099
0.9536399,0.99912703
0.059978973,0.0007819825
0.06107218,0.0007876968
0.03589329,0.0008092354
0.9333395,0.9990963
0.06343959,0.0007978068
0.94132596,0.99910814
0.0597945,0.0007907738
0.074075006,0.00080264197
0.05542094,0.0007920924
0.055309016,0.00080967497
0.9332424,0.9991257
0.06078817,0.00082505966
0.05629055,0.0007881364
0.04762241,0.000778466
0.057129953,0.00080264197
0.05884714,0.00080396066
0.03663167,0.0007547296
0.061033055,0.0008162684
0.05160153,0.0008175871
0.06291862,0.000799565
0.9291796,0.99911034
0.041026033,0.00077055383
0.067958504,0.0008079167
0.9515951,0.9991248
0.057754926,0.0007850594
0.089601,0.0008197849
0.94874215,0.99911386
0.03756987,0.0007969276
0.93636453,0.9991147
0.05133782,0.00071253156
0.03328792,0.00083560916
0.9311996,0.9991033
0.04550508,0.0007876968
0.038854975,0.0007920924
0.92353106,0.9991037
0.06573768,0.0007833012
0.07620496,0.00080747716
0.96698594,0.9991226
0.9230024,0.9991393
0.058168188,0.0007868177
0.90757376,0.9990989
0.93715465,0.9990945
0.046922658,0.0008246201
0.8922188,0.9990958
0.94091463,0.9990998
0.90546805,0.99910945
0.055042833,0.0007771473
0.9733414,0.9991182
0.0697683,0.0007960485
0.045439217,0.0008233014
0.9325427,0.99909496
0.9330968,0.9991323
0.922764,0.99909097
0.9399643,0.9991235
0.045603383,0.0007951694
0.061862804,0.0007951694
0.05012725,0.00074769655
0.0527913,0.0007942903
0.061594393,0.0007890155
0.8774889,0.9990791
0.06302633,0.0007986859
0.07670415,0.0007920924
0.9293886,0.9990936
0.9384222,0.99910283
0.913978,0.999102
0.94603777,0.99913406
0.060894147,0.00081451016
0.033894073,0.00081363105
0.9465186,0.9990967
0.059274767,0.0007701143
0.93694913,0.9991165
0.058267977,0.0007415427
0.052889604,0.00080615847
0.08885247,0.0007960485
0.93403083,0.9991196
0.9698803,0.9990989
0.057882443,0.0007780264
0.055445697,0.0007868177
0.051017165,0.0007709934
0.9304711,0.9990835
0.949588,0.9991376
0.9397239,0.9991174
0.9109581,0.9991033
0.91606903,0.9990615
0.051721618,0.0008175871
0.068535194,0.00080396066
0.9259656,0.99914634
0.077976376,0.000778466
0.051544577,0.0007885759
0.9558803,0.9991618
0.8909424,0.9991187
0.048046816,0.0007824221
0.048273627,0.0007841803
0.046605468,0.0007723121
0.074378334,0.00080967497
0.939249,0.99908924
0.049696404,0.00074549875
0.056518354,0.0007802242
0.95480096,0.99915075
0.048455372,0.0007890155
0.87150466,0.9991437
0.04329391,0.0007885759
0.052606832,0.0007903342
0.05362996,0.00074769655
0.058276396,0.0007986859
0.06648943,0.0007942903
0.92521113,0.9991068
0.064349815,0.0008101145
0.067067355,0.0007837407
0.9518967,0.9990967
0.9237963,0.99909186
0.061393578,0.00076088344
0.92083335,0.9991222
0.95179844,0.9990795
0.9464963,0.99910593
0.047974512,0.0008175871
0.044924926,0.0007960485
0.06571787,0.0007824221
0.04353731,0.000806598
0.90966904,0.9991165
0.06983169,0.00081363105
0.06742441,0.0007894551
0.93269247,0.9990734
0.90572035,0.99906725
0.93592304,0.9990945
0.9324587,0.9991174
0.0645843,0.0008083563
0.9497742,0.99915165
0.04040032,0.0007771473
0.91979337,0.999098
0.04725198,0.00082022446
0.95319074,0.9991635
0.9535966,0.9991393
0.06857555,0.0008092354
0.050792333,0.00072923495
0.91682106,0.99912
0.92487687,0.9991147
0.94416136,0.9990835
0.07236723,0.0007903342
0.039654266,0.0008017628
0.91413593,0.9991024
0.06014413,0.00081582885
0.94819814,0.9991134
0.04599783,0.00084088393
0.9358559,0.9991196
0.95612246,0.9991279
0.9527438,0.9991187
0.068378456,0.0008197849
0.91227365,0.99917626
0.07720408,0.0008149497
0.9311496,0.9991323
0.9474719,0.99911207
0.93759465,0.99911386
0.037539415,0.00070198206
0.056428965,0.0007709934
0.9460999,0.9991248
0.048046567,0.00077055383
0.07474208,0.00081319147
0.07458905,0.00083560916
0.04290392,0.000771433
0.897881,0.99910986
0.050480094,0.00082593877
0.060943916,0.0007969276
0.95946276,0.99910504
0.04123601,0.00076220214
0.9384606,0.9991279
0.94261324,0.99912614
0.055659633,0.0007709934
0.06132796,0.0007846199
0.9227355,0.99908656
0.047725663,0.0007969276
0.04807306,0.0007661582
0.06407769,0.0007771473
0.96798056,0.9991846
0.05474471,0.0008092354
0.94705147,0.9991006
0.053677753,0.0007652791
0.96991295,0.9992255
0.9624093,0.99906415
0.053314753,0.00074593833
0.050667536,0.0007868177
0.9260802,0.9991213
0.06471578,0.0007815429
0.946763,0.9990857
0.95831233,0.99909496
0.9401792,0.99910945
0.052980725,0.0007978068
0.07859565,0.0007912133
0.93235177,0.9991231
0.93134004,0.9990576
0.9422116,0.9991376
0.94184566,0.9991165
0.05869585,0.0007920924
0.07614604,0.0008364883
0.05692394,0.0007903342
0.045067057,0.0007837407
0.059072465,0.0007934111
0.93272465,0.999062
0.056262817,0.0008035211
0.08431747,0.0007745099
0.05872383,0.00075033394
0.93774027,0.99912965
0.9328059,0.99907607
0.9140619,0.99911386
0.94425744,0.9990945
0.9404271,0.99915475
0.03183172,0.00075604825
0.052628126,0.0007907738
0.95017684,0.99906945
0.07917829,0.000799565
0.9177033,0.99908745
0.968044,0.99913013
0.05499777,0.0007771473
0.9316213,0.99911255
0.94515944,0.99908745
0.95336604,0.9990985
0.04546769,0.0008092354
0.085779615,0.00082681794
0.06038258,0.0007679165
0.9407693,0.9990576
0.09144819,0.0007771473
0.95032537,0.9991015
0.051626783,0.00082022446
0.92148113,0.99911296
0.03997591,0.0007534109
0.04972067,0.0008052793
0.0522161,0.0007890155
0.043755952,0.0008079167
0.065011434,0.0008083563
0.057845797,0.0007723121
0.9172066,0.99908
0.05964643,0.0007885759
0.954226,0.9991437
0.9247273,0.9991006
0.9432583,0.9990778
0.055225573,0.0007916529
0.07459277,0.0007969276
0.059847243,0.000799565
0.07112769,0.0008149497
0.04166809,0.0007463779
0.9456554,0.99912965
0.94072723,0.9990857
0.91794324,0.9991134
0.043525424,0.0007463779
0.045952763,0.0007762682
0.04783263,0.0007903342
0.051685963,0.0007837407
0.049277693,0.00074813614
0.038694028,0.0007767077
0.9382657,0.99911606
0.03933534,0.0007520922
0.9572939,0.9991613
0.06484727,0.0007828616
0.9403283,0.9991006
0.9169419,0.99908
0.04702814,0.0007696747
0.9595692,0.99910855
0.9510702,0.99915427
0.95336014,0.9991385
0.9405007,0.9991591
0.1014257,0.0007569274
0.9241246,0.9991112
0.033675432,0.0007639604
0.075168215,0.0008083563
0.06927654,0.0008400048
0.94446343,0.9991174
0.93743026,0.9991266
0.04537855,0.0007951694
0.9438887,0.9990998
0.052247547,0.0007674769
0.04933712,0.0007837407
0.9529756,0.99905056
0.044201158,0.0007679165
0.047538962,0.0007811034
0.05204624,0.00077055383
0.059473597,0.0007868177
0.061942782,0.00083077396
0.05243697,0.00081451016
0.92386043,0.9990932
0.93631256,0.99912614
0.9384668,0.9991068
0.061943278,0.0007916529
0.9454103,0.99908966
0.93924034,0.99909276
0.040583305,0.0007903342
0.9293762,0.99911165
0.047379997,0.0007833012
0.049833827,0.0008035211
0.9506733,0.9991367
0.0487483,0.0007942903
0.92218435,0.99911207
0.06317093,0.0007982463
0.041980825,0.0007661582
0.93584925,0.99913317
0.91039604,0.99906284
0.9345213,0.99908966
0.056216512,0.0008149497
0.9284286,0.9991112
0.94677514,0.9991407
0.042506255,0.0008083563
0.04976425,0.0008013233
0.92011577,0.9990813
0.9252958,0.9991244
0.029759208,0.0007644
0.9364767,0.9990971
0.10766403,0.0007679165
0.93276453,0.99911207
0.059989374,0.0008092354
0.04020743,0.00076703733
0.9259614,0.99912614
0.931625,0.9990936
0.95773,0.9991534
0.043982267,0.0007811034
0.0730915,0.0007903342
0.068172194,0.0007802242
0.057868827,0.0007876968
0.06047568,0.000799565
0.056939293,0.0007986859
0.958425,0.9991182
0.9512212,0.99913365
0.9317763,0.9991015
0.9398524,0.99912924
0.05448868,0.00073319103
0.04878123,0.0007687956
0.021271328,0.000778466
0.96510386,0.99914813
0.05735503,0.0007934111
0.07676729,0.0007793451
0.9287381,0.99908876
0.95746034,0.999149
0.06933671,0.0008118728
0.05659709,0.0007630813
0.05019212,0.0008092354
0.952465,0.9990901
0.045659345,0.000806598
0.9247709,0.99910504
0.9469804,0.9991437
0.93707323,0.9991358
0.9399708,0.9991257
0.057152238,0.0007661582
0.9314126,0.99913096
0.9495672,0.9990778
0.05608404,0.0007767077
0.9222316,0.9990734
0.9280708,0.99908173
0.9571971,0.99908656
0.8909711,0.999062
0.96910375,0.99908966
0.92320377,0.9991037
0.9374258,0.99908
0.036874823,0.00077055383
0.9244995,0.9990844
0.93105006,0.9991011
0.94551575,0.99913144
0.95103997,0.99912703
0.9372807,0.9990857
0.05183032,0.00080615847
0.047691245,0.0007828616
0.034947664,0.0007868177
0.94726664,0.9991182
0.9252891,0.9990857
0.06067501,0.0007767077
0.024911467,0.0007793451
0.9086251,0.99914724
0.9374377,0.99908614
0.053315494,0.0007986859
0.9321319,0.99912703
0.9231208,0.9991011
0.045724217,0.0008101145
0.062657885,0.00083824655
0.058398716,0.0007736308
0.9142132,0.99912
0.92934775,0.9990989
0.9335319,0.99908924
0.910917,0.99912
0.05907296,0.00082681794
0.06416906,0.0007498944
0.05360545,0.000778466
0.048740126,0.0006997842
0.07276638,0.000792532
0.05139601,0.0007912133
0.054816023,0.0007692352
0.9406661,0.99917185
0.93833876,0.99913627
0.031934228,0.0007226415
0.07501519,0.00079560897
0.074974336,0.000778466
0.908844,0.99922067
0.9498985,0.99913317
0.93962806,0.9991385
0.9488018,0.9991354
0.92621,0.9990989
0.050313946,0.0007758286
0.044894967,0.0007723121
0.94872063,0.9992699
0.94479173,0.99910814
0.06322145,0.0007771473
0.95728177,0.9991442
0.9560088,0.999109
0.93621397,0.9990945
0.052609555,0.00082857616
0.93433535,0.99910283
0.94402516,0.99926066
0.9610217,0.9990923
0.06594691,0.0007745099
0.94837767,0.9991037
0.05327489,0.0007969276
0.080195725,0.0008083563
0.06214186,0.0007942903
0.94736195,0.9991446
0.928697,0.99918854
0.9471926,0.9991393
0.045580108,0.00082418055
0.94978213,0.9990585
0.93080616,0.99912965
0.9287173,0.99912614
0.9411053,0.99913406
0.049539912,0.00073846575
0.9373406,0.9991354
0.04278358,0.000799565
0.9240969,0.999102
0.03472531,0.00076220214
0.9570074,0.99913317
0.9322136,0.999062
0.03318244,0.00077055383
0.93921036,0.9991213
0.9323688,0.9991046
0.9569022,0.99917936
0.9375422,0.99912876
0.9483903,0.99911296
0.9150229,0.9990655
0.94514114,0.9991046
0.047648158,0.0007846199
0.061881375,0.00080264197
0.9434076,0.9990971
0.9464178,0.9991248
0.054939333,0.00077407033
0.9504987,0.99911207
0.9221823,0.99908924
0.9428225,0.99907297
0.91889876,0.9990822
0.041090164,0.0008092354
0.05596519,0.000785499
0.9182661,0.9990835
0.9366597,0.99915075
0.039118186,0.00082154316
0.05115558,0.000761323
0.04856878,0.0007942903
0.8963881,0.99909407
0.05651142,0.00081099366
0.93309855,0.99915165
0.94575125,0.9991006
0.05287722,0.0007811034
0.058590367,0.0008057189
0.9328549,0.9991182
0.9508528,0.99915826
0.06998471,0.00082022446
0.9316451,0.99912614
0.9384093,0.9990826
0.049350243,0.00081099366
0.8690595,0.9990936
0.041099574,0.0008052793
0.028790798,0.00077055383
0.9515104,0.9991644
0.95332545,0.99912924
0.928827,0.99910766
0.9442173,0.9990976
0.9369769,0.99908704
0.92567617,0.9991037
0.057050966,0.0007934111
0.056567132,0.0007639604
0.9411771,0.9991855
0.064907186,0.0007916529
0.04787646,0.0007903342
0.92115176,0.9991209
0.9309664,0.99915165
0.049035776,0.0008162684
0.055613086,0.0008092354
0.069665045,0.0007903342
0.95865804,0.9991569
0.93882483,0.9991011
0.98189414,0.9991442
0.054370817,0.0007881364
0.04466543,0.0007723121
0.07041011,0.0007885759
0.042861577,0.0007723121
0.058055032,0.0007841803
0.9348942,0.9990945
0.9359961,0.9992079
0.94804114,0.99915206
0.9512891,0.99916834
0.9467578,0.99912924
0.96106136,0.99910504
0.06972125,0.0007912133
0.92515,0.99915034
0.059745476,0.0008092354
0.9390437,0.99910945
0.9378274,0.99908304
0.9458867,0.9991156
0.9631631,0.9990989
0.92868143,0.9990945
0.05582999,0.0007890155
0.94822663,0.99913144
0.052742273,0.0008162684
0.026525151,0.00081670796
0.92705387,0.99913317
0.072071336,0.0007903342
0.94596547,0.99912614
0.059390895,0.000799565
0.05808945,0.0007802242
0.057887148,0.0008035211
0.94331354,0.99925804
0.9312885,0.99911606
0.06220896,0.0008013233
0.05872482,0.0008013233
0.033780172,0.0008246201
0.045682866,0.00076000433
0.94000244,0.9991428
0.9496449,0.9991046
0.942897,0.9990813
0.9463455,0.99919826
0.046111483,0.00082769705
0.9442802,0.9991024
0.0677624,0.0007894551
0.0627027,0.0007960485
0.05982149,0.0008052793
0.94394344,0.9991477
0.04727897,0.0007802242
0.08071496,0.0008052793
0.9521612,0.99910855
0.042381953,0.0008175871
0.05063609,0.00082418055
0.9488996,0.9991231
0.9320556,0.9991235
0.052460987,0.0007731912
0.8712664,0.99913317
0.08542058,0.0007868177
0.9383269,0.9991235
0.05567078,0.0008052793
0.9451632,0.9990985
0.069491714,0.00074901525
0.9440296,0.99913317
0.06264105,0.0007696747
0.054504525,0.0008127519
0.93930197,0.9990971
0.04844869,0.0007661582
0.058371972,0.000785499
0.9371284,0.99911034
0.9377722,0.99913055
0.9218894,0.99911076
0.059650887,0.0007934111
0.063459896,0.0007837407
0.9175644,0.9991037
0.04307477,0.00074549875
0.9410929,0.9991046
0.9425791,0.9990787
0.93408304,0.99908614
0.94884664,0.99912
0.9563674,0.99912703
0.93038917,0.99913186
0.033183925,0.0007960485
0.9264601,0.99908924
0.95774186,0.9991354
0.95197797,0.99915075
0.93507844,0.9990998
0.056837525,0.0008022024
0.9364445,0.9991182
0.04675973,0.0007916529
0.047557533,0.0007837407
0.048600722,0.0007771473
0.9039705,0.9991033
0.0483078,0.0007819825
0.9650152,0.9991415
0.93590546,0.9990989
0.9238832,0.9991213
0.94239265,0.9990571
0.054105375,0.0007938507
0.071250506,0.0007894551
0.071072474,0.0007947298
0.045915622,0.0008008837
0.05572649,0.0007960485
0.05091787,0.0008149497
0.93765485,0.99907166
0.91442764,0.9990963
0.93627316,0.99912965
0.03855908,0.0008092354
0.059057113,0.0008175871
0.95169693,0.99909055
0.93520695,0.9991015
0.05597831,0.0008083563
0.928155,0.9991407
0.058021106,0.0007868177
0.04679811,0.0007837407
0.054850686,0.00074901525
0.049879882,0.00082593877
0.9753421,0.99911034
0.9486679,0.9991011
0.91864127,0.9991112
0.9294755,0.99911207
0.056842476,0.0007833012
0.93440765,0.99909276
0.94325507,0.99908656
0.94787455,0.99913144
0.06963038,0.00077055383
0.049272243,0.0008114332
0.9301708,0.999098
0.049620386,0.00073407014
0.0455395,0.00074374053
0.9495984,0.9990989
0.06841114,0.0007973672
0.91759706,0.9991213
0.9452355,0.99910593
0.9240731,0.999098
0.9635944,0.9991354
0.93388647,0.9991156
0.9415936,0.9991446
0.9501778,0.9990844
0.8878604,0.9990457
0.955056,0.99908656
0.92797893,0.9990813
0.042667698,0.0007828616
0.9587152,0.9990795
0.94301146,0.9991244
0.91950864,0.999102
0.9255949,0.99911296
0.038274076,0.0007780264
0.054998264,0.0007758286
0.9395986,0.99912614
0.9414532,0.9991226
0.057639044,0.0007819825
0.9212882,0.99910414
0.93457234,0.99902725
0.092080586,0.00076220214
0.9237725,0.99911207
0.9172405,0.9991213
0.055219878,0.0007595648
0.058453437,0.0007811034
0.9424432,0.99909407
0.046790432,0.0007661582
0.07531257,0.0007960485
0.048329093,0.0007644
0.048630435,0.0007736308
0.9664424,0.99915385
0.9414671,0.9991437
0.9388008,0.99908394
0.054660276,0.0007811034
0.94757146,0.99916744
0.058855064,0.0007771473
0.9356336,0.9991134
0.96861005,0.99911034
0.0696279,0.0007903342
0.048036166,0.0007912133
0.94337815,0.9991767
0.048159726,0.0007951694
0.049304433,0.00072659756
0.04291011,0.0007951694
0.92987686,0.99910855
0.9183503,0.99907607
0.068536185,0.0008022024
0.043718066,0.0008044002
0.93323374,0.9991024
0.048618797,0.000771433
0.95087165,0.9990752
0.06541207,0.00076703733
0.9359176,0.99912965
0.9108449,0.9991235
0.9183924,0.9991156
0.9512443,0.9991428
0.056980394,0.0007824221
0.07407253,0.000799565
0.046273667,0.000799565
0.9313204,0.9991323
0.048109706,0.000771433
0.06272672,0.0007841803
0.9366889,0.99910986
0.92881584,0.9990985
0.06828288,0.00083912566
0.92970824,0.99908966
0.045007627,0.0007762682
0.042247996,0.0008008837
0.055636853,0.0007736308
0.9297085,0.9991165
0.93705934,0.99910283
0.9277108,0.999109
0.9313918,0.9990901
0.036353603,0.00077055383
0.029465292,0.00073978445
0.06297755,0.0007876968
0.07499415,0.00081890577
0.93896395,0.99912703
0.9460595,0.9991196
0.062585086,0.00081582885
0.051490102,0.0008127519
0.9429617,0.9990787
0.9344342,0.99910855
0.06732883,0.0007885759
0.92894584,0.9991235
0.92377496,0.9990879
0.05670109,0.0007793451
0.9251683,0.9991446
0.043570988,0.0007837407
0.9694816,0.99913716
0.05821771,0.0007920924
0.95253485,0.99911207
0.063610695,0.00077407033
0.9370044,0.9991398
0.95443845,0.99913275
0.9348165,0.9991578
0.09888892,0.00074813614
0.06754376,0.00077407033
0.9139728,0.9991217
0.040757623,0.0007802242
0.9283058,0.999109
0.051159292,0.00081231236
0.9171514,0.9991156
0.06038877,0.00081538927
0.04364205,0.0007833012
0.9323597,0.9991165
0.9347051,0.99910766
0.05114221,0.0007916529
0.06443004,0.0007463779
0.95391476,0.9990787
0.06217603,0.0007498944
0.09061299,0.0007828616
0.052202232,0.000761323
0.051855575,0.0008052793
0.9327628,0.99913627
0.9286044,0.9990936
0.9384999,0.99911386
0.9554713,0.9990985
0.9240632,0.9991015
0.041043118,0.000771433
0.041628227,0.00082857616
0.047366627,0.00064967404
0.9537105,0.99919957
0.9427792,0.99913496
0.9379936,0.99915206
0.9364933,0.99909276
0.051611926,0.0007507735
0.92109853,0.99910855
0.052101456,0.0007960485
0.95730656,0.9991398
0.095274284,0.00083385094
0.09274394,0.0007723121
0.8937442,0.9991222
0.9352988,0.99908924
0.053486347,0.00081451016
0.06008842,0.0008048398
0.94824547,0.9991046
0.96291596,0.99911165
0.04855417,0.000785499
0.93292993,0.9990989
0.9363752,0.9990782
0.052359715,0.00084044435
0.9635367,0.9991393
0.060032953,0.0008008837
0.051335096,0.0007604439
0.03228559,0.000785499
0.06406877,0.00081714755
0.054158118,0.0007679165
0.050324593,0.0007802242
0.9333897,0.9991015
0.058972433,0.0007745099
0.9253102,0.9990752
0.06655232,0.00081934535
0.055812906,0.0008083563
0.95234835,0.99911386
0.9292789,0.9991174
0.92963123,0.99911386
0.0515733,0.0007569274
0.04702294,0.00073890534
0.93492144,0.99914724
0.9245785,0.9991644
0.92792815,0.99910855
0.055895112,0.0008101145
0.040209904,0.00075516914
0.03526213,0.0007846199
0.048392482,0.0008008837
0.060490537,0.0007837407
0.046617847,0.0007731912
0.04727575,0.00080615847
0.9303035,0.99910945
0.9351723,0.99916
0.040839583,0.00073319103
0.05269498,0.0007644
0.07108906,0.00076000433
0.9125948,0.9991204
0.9388305,0.99912703
0.94584805,0.9991393
0.054416128,0.000785499
0.9415807,0.9991578
0.063623816,0.0007731912
0.07186854,0.0008083563
0.9330218,0.9990954
0.049136057,0.00071736675
0.9351404,0.9991323
0.04875399,0.0007771473
0.8683664,0.9991345
0.9325627,0.9991006
0.9459912,0.99910283
0.93220514,0.99908656
0.9421963,0.99910855
0.029958535,0.0007604439
0.92118794,0.99910414
0.93135166,0.9990593
0.960496,0.9991323
0.06477793,0.0007973672
0.9195866,0.9990998
0.05239537,0.000792532
0.047842536,0.0008052793
0.06811797,0.0007819825
0.05577626,0.0007986859
0.9437008,0.99913496
0.050873548,0.0007736308
0.056105334,0.00075297133
0.94354653,0.999098
0.06683385,0.00074901525
0.9423679,0.99913186
0.9425647,0.99911386
0.05571609,0.0007868177
0.9316921,0.9990936
0.052028906,0.0007745099
0.90100956,0.9991468
0.9175891,0.99908394
0.048977092,0.0007837407
0.9557184,0.9991033
0.09605698,0.000775389
0.9452593,0.99910855
0.0959359,0.0008044002
0.035838816,0.00074066356
0.06546456,0.0007652791
0.9536632,0.9991156
0.9563399,0.99916923
0.07520115,0.0007951694
0.9182607,0.9991037
0.92858607,0.9991398
0.91763026,0.99910283
0.034173876,0.0007736308
0.9462348,0.9991745
0.9327336,0.99912965
0.933255,0.99910766
0.91862714,0.9990844
0.045562528,0.0007762682
0.94943005,0.99913627
0.9571669,0.9990734
0.9349066,0.9991244
0.91956115,0.9990844
0.9395922,0.99910593
0.93646556,0.9991385
0.9526611,0.9990967
0.051716916,0.00076220214
0.94553113,0.99909496
0.93650025,0.999142
0.9154565,0.99911386
0.024050768,0.0007696747
0.94111425,0.9990971
0.05900462,0.00082593877
0.92788064,0.9991367
0.913715,0.9991143
0.9590641,0.99913317
0.058239006,0.0008092354
0.915632,0.99912924
0.04342341,0.00082549924
0.059266098,0.000778466
0.06280942,0.00082418055
0.9385267,0.999109
0.9511841,0.9991393
0.05253626,0.0007890155
0.06333089,0.0008101145
0.049102385,0.0008083563
0.06461921,0.0008149497
0.93115205,0.9991248
0.04318793,0.0007951694
0.081967875,0.00081934535
0.03584352,0.000775389
0.93312854,0.9991112
0.941863,0.99908656
0.055883724,0.00075297133
0.92727894,0.99912614
0.060756475,0.00081099366
0.05595751,0.0007793451
0.9390759,0.99914724
0.06286266,0.0007758286
0.0632581,0.0007846199
0.9473726,0.9991415
0.9288931,0.99911296
0.9449027,0.99911207
0.07063321,0.0007841803
0.06428494,0.0007876968
0.042607527,0.00071604806
0.06479131,0.0007947298
0.06343068,0.000799565
0.91548395,0.9991235
0.9206932,0.9991235
0.9411177,0.9991147
0.94750065,0.99919695
0.061915297,0.0007771473
0.92235667,0.99913275
0.06946101,0.0007745099
0.043754466,0.00082198274
0.063949674,0.0007639604
0.053128053,0.0007868177
0.0549735,0.0007885759
0.05399395,0.0007723121
0.94673425,0.9990901
0.9456579,0.99921316
0.08196565,0.0007793451
0.062263686,0.0007960485
0.052150484,0.00077407033
0.9453717,0.9991217
0.01868552,0.0007806638
0.9403818,0.9991156
0.9338134,0.999102
0.039237782,0.000785499
0.057159666,0.00081670796
0.94671917,0.999138
0.05145692,0.0007780264
0.09628751,0.0007885759
0.94406825,0.99910766
0.9291343,0.99910414
0.0639935,0.0008044002
0.9328321,0.99911296
0.89323455,0.9991068
0.9173782,0.99915427
0.05417347,0.00082374096
0.9476871,0.99915427
0.90804124,0.99912924
0.04675676,0.00081670796
0.954899,0.99908304
0.94583046,0.99913716
0.056399994,0.0007982463
0.062498175,0.00080396066
0.053926602,0.0008052793
0.056048136,0.0007828616
0.050003443,0.00083912566
0.058984812,0.00081670796
0.9322017,0.99912876
0.9417407,0.9991815
0.06392071,0.0007903342
0.94256127,0.9991006
0.9355727,0.9991385
0.914184,0.99912614
0.9262479,0.999102
0.072487816,0.00081934535
0.06729615,0.0007947298
0.0554452,0.00081582885
0.9429748,0.99915206
0.9275372,0.99913317
0.93313026,0.9990923
0.9448544,0.9990835
0.06417054,0.0007920924
0.91803586,0.99906814
0.931262,0.99911296
0.9413693,0.9991037
0.9228249,0.9990985
0.059517674,0.0007709934
0.05900561,0.00074593833
0.049888056,0.00075429
0.08579026,0.0007920924
0.9491277,0.99913716
0.92864454,0.9991248
0.05106966,0.0007498944
0.05352448,0.0007934111
0.95136386,0.9990998
0.93018067,0.99909097
0.072932035,0.0008048398
0.95212674,0.9990936
0.055137422,0.0007912133
0.9348333,0.99915123
0.9304397,0.9990963
0.08923503,0.0007652791
0.93696845,0.9990813
0.95382565,0.99910855
0.9171429,0.99910504
0.94255334,0.99912614
0.9239072,0.99913406
0.93660027,0.9991244
0.9445048,0.99913317
0.94107115,0.99913096
0.049581513,0.0008615434
0.06351561,0.0007780264
0.07473465,0.0007876968
0.9340444,0.99910504
0.062171325,0.0007811034
0.0624021,0.00083341135
0.9129534,0.99906635
0.04603992,0.00082286185
0.94279575,0.99909097
0.9443017,0.9991428
0.051174644,0.00082242227
0.064796254,0.0007793451
0.05459144,0.00081846624
0.9266557,0.9990787
0.9562691,0.9991257
0.9437949,0.99908614
0.9160752,0.99915737
0.94929755,0.9991631
0.047431003,0.0007850594
0.9404021,0.99913627
0.061547097,0.0007960485
0.93505144,0.999098
0.062663086,0.0007986859
0.9424241,0.99913365
0.050627917,0.000775389
0.9481533,0.99915427
0.043664582,0.0008008837
0.9465701,0.99908483
0.05454637,0.0007837407
0.060289726,0.00082418055
0.92382425,0.99909186
0.93496233,0.99909097
0.93994004,0.9991358
0.94564056,0.9990857
0.03892183,0.0007498944
0.090909876,0.00081363105
0.061851908,0.0007982463
0.046718627,0.0007876968
0.06606824,0.0008017628
0.061633267,0.0007894551
0.06413117,0.0007960485
0.050807685,0.0008044002
0.060906775,0.0008035211
0.9506995,0.99917585
0.9494808,0.99910814
0.9405036,0.99911076
0.072887465,0.0007903342
0.9507458,0.99909496
0.9441663,0.99910766
0.055170108,0.0008035211
0.05134327,0.0007793451
0.9317288,0.99913275
0.9274332,0.9991235
0.063964285,0.0007894551
0.93075985,0.9990976
0.049472313,0.0008044002
0.056569114,0.000775389
0.94346184,0.99907076
0.9302104,0.9991213
0.04467484,0.0008127519
0.048283037,0.000761323
0.03877326,0.0007947298
0.05679048,0.0007894551
0.056085773,0.00081231236
0.057239894,0.0007811034
0.054233886,0.0007912133
0.945364,0.99907076
0.04199692,0.00076703733
0.95584863,0.9991213
0.048970405,0.0007639604
0.06678161,0.0007876968
0.951559,0.99908924
0.9515689,0.99908483
0.9275694,0.9991169
0.08929892,0.00081934535
0.03446061,0.000785499
0.050989926,0.00074901525
0.03721207,0.000799565
0.90202945,0.99909055
0.9050508,0.99913144
0.9631324,0.99912876
0.9281151,0.9991248
0.060185235,0.0007780264
0.9132916,0.99915075
0.9379235,0.9991222
0.9586704,0.9991639
0.06199156,0.0007556087
0.078683555,0.0008127519
0.053934276,0.00076000433
0.052210405,0.0007969276
0.07924687,0.00079560897
0.93302304,0.99909186
0.05789408,0.00080967497
0.92772144,0.9991266
0.8991582,0.99906766
0.04760483,0.0008457191
0.93869287,0.99912
0.9417028,0.999109
0.064225264,0.000775389
0.06478289,0.0007938507
0.055640075,0.0007868177
0.046504192,0.000799565
0.05251051,0.0007912133
0.92455894,0.99912524
0.8815203,0.9990791
0.06438745,0.00082549924
0.048049044,0.000775389
0.06294561,0.0007868177
0.06441394,0.0007639604
0.047698673,0.00080264197
0.066803895,0.0007811034
0.95327145,0.9991455
0.9658501,0.9991244
0.92346,0.99912965
0.96072656,0.9990989
0.9319744,0.9991015
0.06782975,0.00081582885
0.94362825,0.99912393
0.9281,0.99913186
0.9450562,0.9991147
0.059680104,0.0007507735
0.06610587,0.00083736744
0.048919644,0.0007687956
0.04387654,0.00082681794
0.05869164,0.0007969276
0.06676081,0.000785499
0.03218927,0.0007630813
0.9463148,0.99910766
0.9292165,0.99909097
0.9383014,0.9991147
0.04741491,0.0007837407
0.03749336,0.0008044002
0.062381797,0.00080747716
0.06471355,0.0007582461
0.05993589,0.0007652791
0.027234806,0.0007942903
0.97211444,0.9990976
0.92552906,0.9990795
0.96371895,0.99910855
0.05851138,0.0007876968
0.91247797,0.9991235
0.9308188,0.9990765
0.052611783,0.0008035211
0.94984204,0.9990901
0.9376791,0.99917406
0.9488318,0.99913496
0.9425635,0.99910986
0.9359822,0.99912703
0.066013515,0.0007938507
0.9356071,0.9991279
0.93905014,0.9991411
0.058611907,0.0007942903
0.9417667,0.99912703
0.95275545,0.99910593
0.06774432,0.0007811034
0.92841375,0.9990936
0.9181299,0.99910814
0.06523701,0.0007780264
0.055894617,0.0007556087
0.95158476,0.9991204
0.9337765,0.99910724
0.0546781,0.00080967497
0.08915555,0.0008101145
0.93670154,0.9991217
0.9271002,0.9990998
0.93963003,0.9990734
0.93472636,0.99914724
0.06084908,0.00080264197
0.95727116,0.99916
0.08089894,0.0007885759
0.92824167,0.9990954
0.9704651,0.9991569
0.897881,0.99910986
0.94067746,0.9991446
0.036345184,0.0007934111
0.893422,0.99906635
0.9296218,0.9991231
0.950572,0.9991134
0.9644779,0.99919295
0.06146068,0.0007701143
0.04208284,0.0007485757
0.03527624,0.0007973672
0.058617108,0.0008505543
0.9583176,0.9991235
0.092011996,0.0007960485
0.04068334,0.0008013233
0.93169385,0.9991182
0.9313588,0.9991112
0.056086518,0.0007793451
0.9424377,0.9990958
0.07372538,0.0008048398
0.03203228,0.0007907738
0.040476833,0.0007661582
0.94896823,0.9990993
0.06618759,0.000792532
0.94900215,0.99911296
0.05496137,0.0008118728
0.9457572,0.99914986
0.06075375,0.0007960485
0.057151992,0.0007846199
0.9253755,0.9990826
0.9236472,0.9990958
0.91736627,0.9991006
0.9297553,0.99912614
0.92557806,0.99915165
0.050510056,0.0007802242
0.0626153,0.00081231236
0.056470066,0.0007969276
0.06986214,0.0007679165
0.93438464,0.99908656
0.05691379,0.0007833012
0.893552,0.9991565
0.03432616,0.00073143275
0.061276704,0.0007811034
0.9445293,0.9991428
0.061801396,0.0007767077
0.91554636,0.99908966
0.8936305,0.99907607
0.04183597,0.0007969276
0.046397474,0.00081582885
0.058770876,0.0007679165
0.060385056,0.0007960485
0.048089404,0.00075429
0.94994307,0.99912393
0.007770797,0.00075429
0.97322154,0.99912876
0.034725804,0.0007771473
0.9362197,0.99912924
0.9293205,0.99909276
0.91759855,0.9991279
0.96586376,0.9991209
0.8880946,0.99911034
0.06174568,0.0007885759
0.04497321,0.00080264197
0.94889194,0.99915475
0.939893,0.99907607
0.04464587,0.00082154316
0.06151689,0.00082857616
0.9586142,0.99916613
0.060404617,0.0007920924
0.9172353,0.9991068
0.099492095,0.00080396066
0.9316765,0.99910855
0.9584646,0.99911034
0.93002224,0.9990967
0.061223965,0.0007696747
0.8986632,0.999098
0.057665784,0.00076703733
0.039385855,0.0007912133
0.90355,0.99908876
0.03663761,0.00075297133
0.87845534,0.9991266
0.049081337,0.00073011406
0.9465671,0.99909276
0.9143774,0.9991011
0.94260216,0.9991024
0.9290456,0.9991174
0.048290215,0.0007582461
0.06118311,0.0008013233
0.051248185,0.0007890155
0.9291818,0.9990901
0.91725934,0.99913144
0.056498047,0.000771433
0.06498172,0.0008083563
0.9366228,0.99914944
0.9338835,0.99910593
0.9610393,0.9990844
0.06765865,0.0007762682
0.04523667,0.0008118728
0.055945873,0.0007696747
0.93193376,0.99910855
0.92362565,0.9991323
0.038546946,0.00080264197
0.062282998,0.0007903342
0.031512298,0.00076220214
0.045271583,0.0008017628
0.03813492,0.0007802242
0.06496661,0.0007903342
0.06306694,0.0007723121
0.93560165,0.9990813
0.9291387,0.9991191
0.047513705,0.00077407033
0.06853396,0.000778466
0.94189966,0.9991231
0.93070215,0.9991011
0.064347334,0.0007806638
0.05521542,0.00077055383
0.94856066,0.99911034
0.9229752,0.9991407
0.94140667,0.9991006
0.052874252,0.00085231254
0.86941504,0.9991231
0.035726648,0.0007846199
0.04974221,0.00080747716
0.9431092,0.9991631
0.95653796,0.99910724
0.9353414,0.9991235
0.9438937,0.9991196
0.05387881,0.0007582461
0.08149519,0.0007771473
0.9337574,0.9990844
0.9159789,0.9991165
0.90118414,0.99914944
0.9284316,0.9990822
0.9434341,0.9990998
0.07122277,0.0008030815
0.93801785,0.99910504
0.8847405,0.99910635
0.049753107,0.0007811034
0.91098607,0.99910766
0.052574642,0.0008101145
0.062557355,0.0007837407
0.05560937,0.0007595648
0.940619,0.99910414
0.060111444,0.0007903342
0.06290228,0.000785499
0.94465905,0.9990409
0.94819045,0.9991798
0.9483195,0.9991024
0.04986998,0.0007745099
0.051617373,0.0006870369
0.9720637,0.99914944
0.9299073,0.99914724
0.93120974,0.9991055
0.94029045,0.9991182
0.9496989,0.9991868
0.9489098,0.9990993
0.043750506,0.00080747716
0.9406007,0.9991147
0.9693335,0.99909276
0.88006806,0.9991174
0.06473336,0.0007934111
0.058706746,0.0008017628
0.049624845,0.0007701143
0.92234725,0.9991015
0.05062074,0.0007912133
0.05356162,0.0007903342
0.070338055,0.0007947298
0.9331882,0.9990804
0.9318241,0.99910855
0.9207207,0.9990611
0.9176114,0.99913317
0.04930072,0.00074901525
0.06866024,0.00081099366
0.9387253,0.9991015
0.05815581,0.00082242227
0.05337839,0.0007811034
0.9718758,0.9990901
0.9386213,0.99910593
0.052598163,0.0007679165
0.042418353,0.0007665978
0.93380624,0.9991402
0.91789716,0.99911034
0.055689596,0.0007736308
0.9409263,0.999138
0.93712944,0.99914944
0.05607166,0.0007811034
0.94772995,0.99914813
0.062694035,0.0008017628
0.9215692,0.9991134
0.058784,0.00075033394
0.04755927,0.0007604439
0.05063485,0.0007824221
0.026134172,0.00082418055
0.8806561,0.99910945
0.9070018,0.99909407
0.04172628,0.0007960485
0.05521319,0.0008092354
0.93816566,0.99906284
0.060405113,0.0007771473
0.87810105,0.9991112
0.05234263,0.00073231186
0.051789217,0.00073670753
0.057320863,0.00083253224
0.93478084,0.99915516
0.055541277,0.00079560897
0.06703566,0.0008044002
0.026924301,0.00076088344
0.054856382,0.0007771473
0.053547755,0.000785499
0.9532056,0.9990963
0.060341228,0.0007582461
0.05711708,0.0007903342
0.9586466,0.9991446
0.9090411,0.99915123
0.9068111,0.9990945
0.04486649,0.0007876968
0.036382325,0.0007846199
0.94961673,0.9991209
0.03461289,0.0007582461
0.9454826,0.99909186
0.04459783,0.0007767077
0.8945999,0.9990734
0.06065817,0.0007819825
0.9706858,0.99913055
0.9461588,0.9991178
0.93491703,0.9990976
0.044875156,0.00076703733
0.041489564,0.0007520922
0.95959103,0.99920046
0.046278868,0.0007745099
0.06783148,0.0007942903
0.058304623,0.000799565
0.042071696,0.000775389
0.90037566,0.99912614
0.03472283,0.00086066424
0.07142061,0.00082418055
0.9224976,0.99911034
0.90538883,0.9991279
0.06576715,0.0007679165
0.05928046,0.0007652791
0.93173397,0.99906594
0.96281713,0.9990954
0.93073064,0.99910414
0.069788605,0.0007661582
0.04177283,0.0006523114
0.9503977,0.9991622
0.89988095,0.9990901
0.05111076,0.0007863781
0.06466948,0.0007969276
0.037815005,0.00076220214
0.044983856,0.00082945527
0.94176495,0.9990879
0.04807801,0.0008017628
0.92087597,0.99913186
0.945933,0.99912614
0.94514906,0.99910724
0.94812137,0.99912876
0.9469913,0.9991015
0.91463464,0.9991112
0.050859187,0.0008092354
0.93811667,0.9990998
0.9614788,0.99914724
0.93803495,0.9991182
0.057242863,0.000858906
0.95938206,0.9990523
0.938028,0.9991609
0.049209353,0.0008052793
0.030646896,0.0007960485
0.9432355,0.99913275
0.056274455,0.0007762682
0.08604901,0.0007942903
0.04453296,0.000747257
0.94398284,0.9991358
0.04060658,0.0007793451
0.057276044,0.00082286185
0.08553696,0.0007731912
0.93075144,0.99910855
0.054838553,0.0007639604
0.93119365,0.9990826
0.94290346,0.9991235
0.045494433,0.0008149497
0.0579753,0.0007793451
0.9077718,0.99912876
0.95301396,0.9991257
0.05863023,0.0007661582
0.9493788,0.9991231
0.05508914,0.00072747667
0.95014364,0.99913496
0.9424783,0.9991033
0.9615491,0.9991745
0.03788929,0.0007463779
0.07113264,0.00081890577
0.94154584,0.99910814
0.05640445,0.00083077396
0.053347684,0.00082681794
0.9365428,0.9991037
0.94468504,0.9991002
0.9299685,0.999149
0.93915266,0.9991187
0.9195245,0.9990804
0.06410963,0.0007696747
0.9329314,0.9991648
0.05156711,0.0008175871
0.05674591,0.0007881364
0.9553928,0.99912614
0.063428946,0.0007885759
0.9202527,0.9991182
0.049435917,0.00082989485
0.054039758,0.000792532
0.057887398,0.00080747716
0.9347526,0.99910986
0.05008218,0.0008013233
0.051441073,0.0007960485
0.05549522,0.0007986859
0.957001,0.9990778
0.047639742,0.0008118728
0.9393369,0.99911386
0.05300499,0.00076703733
0.9469539,0.99914813
0.9455908,0.9990936
0.92119783,0.9991385
0.94511515,0.9990963
0.04731413,0.0007661582
0.07708721,0.00076220214
0.061760537,0.000690993
0.060917668,0.0008035211
0.9470287,0.9991169
0.939583,0.99908924
0.94664884,0.99908656
0.052419882,0.0007793451
0.07628123,0.0008052793
0.9286225,0.99908614
0.054793738,0.0007811034
0.9575871,0.9991244
0.9159933,0.99906814
0.04021585,0.0008052793
0.04977267,0.0007863781
0.040168554,0.0007463779
0.93242157,0.99910635
0.9523159,0.9991639
0.9227315,0.9991015
0.04334665,0.00081582885
0.9300911,0.9991024
0.040226992,0.0007942903
0.06929115,0.0007938507
0.062348865,0.00074769655
0.94066703,0.9991068
0.049923215,0.0007736308
0.04654406,0.00082374096
0.95101917,0.9991468
0.066358685,0.0007850594
0.06000621,0.00075736694
0.9331602,0.99913317
0.9423924,0.99911255
0.05603526,0.0008114332
0.065148115,0.00080747716
0.045934193,0.000747257
0.85536754,0.9991015
0.05398677,0.000747257
0.9594063,0.99915165
0.060623504,0.0007771473
0.071227476,0.0007947298
0.06066659,0.0007973672
0.94964075,0.9991477
0.04722301,0.0007696747
0.9471166,0.99906594
0.025090985,0.0007837407
0.04579528,0.00074769655
0.06686926,0.0008101145
0.9247246,0.9991187
0.9567088,0.9991174
0.06235555,0.0007582461
0.08087814,0.0007745099
0.95208865,0.9991015
0.05471029,0.0007982463
0.9597185,0.99908924
0.0433464,0.0007876968
0.035019223,0.0007824221
0.9359743,0.9991182
0.044699106,0.0008127519
0.9386015,0.99912703
0.04726956,0.0007938507
0.9285742,0.99915165
0.046636913,0.0007595648
0.94152826,0.99910766
0.059116047,0.0007828616
0.9337958,0.99911207
0.058793902,0.0008118728
0.06721319,0.0007771473
0.057345126,0.0007793451
0.067120835,0.0008052793
0.08686737,0.0007934111
0.909854,0.99913096
0.92402655,0.99911606
0.92945397,0.9991209
0.05964049,0.00074593833
0.9226186,0.9990752
0.052152462,0.0007986859
0.879632,0.9990936
0.9202443,0.99906987
0.05643169,0.0007907738
0.054609515,0.0007547296
0.906123,0.99909097
0.9082735,0.99917716
0.026660843,0.00075033394
0.9065063,0.9991178
0.9608791,0.9991011
0.9445491,0.9991477
0.9408374,0.9991393
0.05247386,0.0007661582
0.9334093,0.9991147
0.91854495,0.99908924
0.05324542,0.00079560897
0.06008074,0.0007876968
0.054602582,0.0007630813
0.040923025,0.0007916529
0.05489179,0.00082418055
0.028596176,0.0007868177
0.93702173,0.99912965
0.9301525,0.99908394
0.05727629,0.0007920924
0.08735913,0.0008092354
0.9559239,0.99917185
0.9446214,0.99913317
0.045020506,0.0007942903
0.044099636,0.0007723121
0.95617944,0.99912965
0.092406936,0.00081099366
0.074456334,0.0007780264
0.9248303,0.9990743
0.94357723,0.99911255
0.9319603,0.99906987
0.05378051,0.0007885759
0.9141914,0.99908304
0.07002309,0.0007802242
0.9327474,0.99910414
0.9343891,0.9990967
0.95854485,0.9991182
0.062284485,0.0008035211
0.93437153,0.9991534
0.043444704,0.00076220214
0.93354225,0.99912
0.92176336,0.9991191
0.08498181,0.0007745099
0.070899144,0.00080747716
0.93356824,0.9991147
0.038610335,0.0007762682
0.051941745,0.000771433
0.89513993,0.9991015
0.9359035,0.99910414
0.06873824,0.0007876968
0.055518247,0.00082505966
0.928283,0.9990923
0.9319333,0.9991398
0.9446246,0.9990998
0.05321348,0.0008118728
0.9504541,0.99912524
0.9593407,0.9991248
0.91354513,0.99912876
0.9313982,0.99911255
0.06502431,0.0007837407
0.06974552,0.0007771473
0.9331394,0.99911034
0.9380681,0.99910945
0.057530094,0.00062330026
0.95484453,0.99906594
0.9338166,0.99910504
0.04001454,0.0007986859
0.0595407,0.0007630813
0.04291432,0.00075736694
0.0438441,0.000799565
0.047154173,0.0007652791
0.050649215,0.0007762682
0.05572624,0.0007951694
0.937456,0.99909407
0.041592073,0.0007846199
0.9461499,0.9991631
0.95194846,0.99911034
0.94665974,0.99914986
0.9074777,0.9991569
0.032007523,0.0008175871
0.08338694,0.00073626795
0.91892207,0.99910766
0.05904003,0.0007661582
0.06258905,0.0007947298
0.96050566,0.99915475
0.94453275,0.99908745
0.0640715,0.0007709934
0.05764771,0.0007824221
0.93337166,0.9991143
0.9562864,0.99910635
0.035173483,0.0007819825
0.9359005,0.9991477
0.92396736,0.99909407
0.9407547,0.9991798
0.9367176,0.99913406
0.017120613,0.0007661582
0.054629818,0.0007652791
0.06744026,0.0007841803
0.05600208,0.0008149497
0.049667183,0.0007819825
0.9340848,0.99908304
0.9281067,0.9991279
0.06756852,0.0007920924
0.07578923,0.000778466
0.057237662,0.0007960485
0.95231545,0.9991213
0.05563611,0.0007960485
0.9417875,0.99910593
0.057998575,0.0007978068
0.099021636,0.0008092354
0.04121298,0.0007938507
0.071816795,0.0007824221
0.9425187,0.9991855
0.04741466,0.00082154316
0.08126689,0.00077055383
0.05386891,0.0008083563
0.93937874,0.9991165
0.94090647,0.99910766
0.9638648,0.99912
0.9456579,0.999149
0.9564518,0.9991147
0.94893974,0.9991046
0.9488996,0.9991323
0.06596077,0.00083077396
0.93735176,0.99908745
0.033760365,0.0007731912
0.05602907,0.00082154316
0.94278806,0.9990857
0.06467542,0.0008079167
0.9623177,0.99912745
0.912266,0.9991209
0.055336256,0.00082022446
0.05216732,0.0007828616
0.068809055,0.00080264197
0.95614153,0.9991147
0.9280648,0.99909186
0.050896578,0.00080747716
0.047220286,0.0008057189
0.9368375,0.9991433
0.93799555,0.9990932
0.030972505,0.0007819825
0.054112803,0.0007811034
0.93093294,0.99910414
0.033290643,0.0007652791
0.06127299,0.0007793451
0.9590906,0.9991217
0.9301502,0.9991407
0.9265638,0.99911034
0.023673903,0.0007639604
0.03302966,0.0007485757
0.048441507,0.00082769705
0.8917902,0.9991134
0.9313462,0.9990712
0.9240976,0.9991657
0.95020205,0.99910986
0.9581668,0.9991015
0.04901151,0.0007723121
0.91736627,0.9990795
0.9453355,0.9991182
0.94877017,0.9991407
0.92817205,0.99913627
0.06115488,0.0007802242
0.05614545,0.0007863781
0.9373327,0.99910504
0.93359923,0.99913627
0.9307455,0.99910414
0.91994864,0.9990835
0.9394976,0.99916744
0.066535234,0.0007951694
0.95032066,0.9991279
0.0477685,0.0007947298
0.95651865,0.99923515
0.055553906,0.0008052793
0.06978192,0.0007723121
0.94767594,0.99913144
0.93376166,0.9991248
0.057238903,0.0007771473
0.06581047,0.0007582461
0.93738794,0.9990901
0.07631292,0.0008496752
0.05675383,0.0007951694
0.94391125,0.9990954
0.057440706,0.0007934111
0.88071924,0.999102
0.04116841,0.00079560897
0.0405994,0.0007679165
0.041991472,0.0007894551
0.056609474,0.0007837407
0.92893815,0.9990923
0.04806885,0.0008044002
0.95543087,0.9991802
0.90850526,0.99904877
0.9386376,0.9991169
0.08425284,0.0008079167
0.93255526,0.9991398
0.949948,0.9990967
0.9333006,0.9991657
0.9588618,0.99911386
0.05114394,0.00080615847
0.9467172,0.999098
0.93210834,0.9991354
0.932688,0.99912703
0.09063206,0.0007947298
0.053237744,0.0008149497
0.043442227,0.0007771473
0.052844785,0.0007802242
0.0577834,0.0007806638
0.9380691,0.99911207
0.036622755,0.00082418055
0.9254092,0.9991015
0.92130977,0.9990954
0.93461317,0.99911165
0.93036216,0.9991437
0.96595466,0.99911207
0.91771615,0.9991587
0.03956686,0.0007723121
0.9375199,0.99911386
0.05255731,0.00075297133
0.92251563,0.9991367
0.10102729,0.000761323
0.045939144,0.00076220214
0.934558,0.9991024
0.045148026,0.0007736308
0.94660825,0.99909097
0.93144155,0.9990985
0.04483232,0.0008052793
0.958146,0.99924046
0.08173463,0.0007709934
0.08745322,0.0007811034
0.9481395,0.9990998
0.090738535,0.0008083563
0.039283343,0.0007701143
0.93438214,0.9991068
0.070910536,0.0007951694
0.9399772,0.99909097
0.98056275,0.9991024
0.041792143,0.0007833012
0.0787878,0.0007767077
0.055232506,0.00076088344
0.058862988,0.00082242227
0.044809293,0.0008149497
0.060441017,0.0007920924
0.054463424,0.000799565
0.93263257,0.9991358
0.9216601,0.99906945
0.07181407,0.0007942903
0.9428168,0.99912614
0.9695064,0.99911207
0.9372398,0.9991147
0.9372074,0.99910414
0.9277041,0.99912524
0.9483435,0.99911386
0.052809626,0.0008083563
0.9223309,0.9991556
0.062096797,0.0007876968
0.04618205,0.0007912133
0.034068145,0.00072923495
0.9350388,0.99910283
0.9319174,0.99910766
0.9636719,0.99913716
0.96355724,0.99909097
0.93076926,0.9991846
0.9630026,0.9992066
0.93065906,0.99912876
0.9425115,0.9991648
0.9418568,0.9991459
0.9471245,0.9991156
0.93821347,0.99906284
0.9341395,0.9990985
0.9402468,0.9991446
0.95031476,0.9990976
0.9582762,0.9991477
0.9525378,0.99913055
0.962313,0.9990954
0.9325097,0.9990747
0.063470796,0.00080615847
0.06599173,0.00081582885
0.95333016,0.9991187
0.06163178,0.00081231236
0.9507112,0.99910766
0.08062459,0.0008149497
0.043288462,0.00073802617
0.93161213,0.9991134
0.056954645,0.0008030815
0.93492293,0.9990989
0.93943393,0.99912614
0.95134825,0.9991446
0.048040625,0.0007912133
0.9361637,0.99913627
0.93216556,0.99908483
0.95282257,0.9990813
0.05470113,0.00083165313
0.95188165,0.9991609
0.9011943,0.9991182
0.94714063,0.9990734
0.046725065,0.00081099366
0.062671006,0.00080615847
0.9277427,0.99911517
0.9260815,0.9991587
0.0833087,0.0007824221
0.9243616,0.9990976
0.91127235,0.99910945
0.051557206,0.00080264197
0.9511158,0.9990769
0.9391705,0.9990826
0.94081044,0.9991591
0.08520837,0.0007811034
0.9267131,0.99912614
0.96071565,0.9991112
0.08523784,0.0007837407
0.92027026,0.9991437
0.90540814,0.9991002
0.074643776,0.0008048398
0.054171983,0.0007969276
0.030575087,0.00076703733
0.8821948,0.99910593
0.93247706,0.99913055
0.96127033,0.9991688
0.060816146,0.0007978068
0.937198,0.9990795
0.045648694,0.0007780264
0.9305442,0.99912614
0.056512658,0.0007978068
0.06586222,0.0007907738
0.06950088,0.00080264197
0.053100567,0.00083473005
0.94458354,0.99910724
0.042582024,0.00080747716
0.9236824,0.99908656
0.9382892,0.99909496
0.9383806,0.99912
0.05420244,0.000799565
0.0515889,0.0007868177
0.94662184,0.9991385
0.9479572,0.99913317
0.06573867,0.0007912133
0.059107874,0.0007934111
0.9493188,0.99915075
0.057410248,0.0007771473
0.926387,0.99912524
0.9386089,0.99911296
0.059273776,0.0008400048
0.06288816,0.0007894551
0.9384044,0.999149
0.9335244,0.9990813
0.061621133,0.0008470378
0.060617562,0.0007934111
0.95494854,0.99915254
0.08181758,0.0007907738
0.0697678,0.0008017628
0.057299566,0.0007982463
0.93392086,0.99911296
0.059084352,0.0007969276
0.9458394,0.9991046
0.057232216,0.0007837407
0.06583499,0.0007986859
0.93772393,0.99906725
0.035427038,0.0007745099
0.9552796,0.9991165
0.9272054,0.9991244
0.038360495,0.000799565
0.93960947,0.9991824
0.05793073,0.00072659756
0.047271047,0.00075297133
0.9140176,0.99921185
0.06562675,0.00081451016
0.04512772,0.0007903342
0.95385164,0.9992703
0.07620571,0.0007920924
0.9439338,0.9991147
0.07054902,0.0007793451
0.05162827,0.0007837407
0.95899326,0.99913186
0.91730016,0.9991446
0.933829,0.999062
0.9395845,0.9991398
0.068885565,0.0007947298
0.94251275,0.99908304
0.07417257,0.00081363105
0.95158374,0.9992
0.074737124,0.000799565
0.059836347,0.0007986859
0.054911103,0.0007498944
0.94720846,0.9991477
0.03685749,0.0007793451
0.95448303,0.9991222
0.06266358,0.0007876968
0.060521737,0.0008079167
0.9178575,0.9991068
0.92417836,0.9991209
0.05632893,0.0007986859
0.069607355,0.0007846199
0.062565275,0.0007850594
0.054427274,0.00077055383
0.04122165,0.0007837407
0.05182908,0.0007213228
0.038923316,0.00084484
0.9593221,0.99910945
0.9202371,0.99908
0.94012356,0.9991433
0.93893254,0.9991174
0.9284794,0.9990743
0.8912705,0.9991156
0.9341935,0.9991006
0.062060148,0.0008017628
0.04306363,0.0007582461
0.9558184,0.9991323
0.9189119,0.99912703
0.9474526,0.99912876
0.9583193,0.9991376
0.932119,0.9990936
0.09543944,0.0007687956
0.05501659,0.0007520922
0.049479496,0.0008013233
0.055825535,0.0007696747
0.089195415,0.00082154316
0.9354999,0.9991428
0.94507104,0.99912614
0.04787819,0.0007793451
0.8958191,0.9991407
0.060310774,0.0008175871
0.92635655,0.9990998
0.93824667,0.9991209
0.060210984,0.000775389
0.9226563,0.99912
0.9327779,0.9991015
0.93179905,0.99909097
0.042925462,0.00081319147
0.048971646,0.0007947298
0.056918,0.0007815429
0.94273955,0.9990945
0.8903271,0.9990985
0.044169713,0.00082989485
0.9362992,0.9990963
0.9530313,0.99908924
0.057573427,0.0007582461
0.039349206,0.00080264197
0.05153715,0.0007520922
0.029047571,0.0007868177
0.071044244,0.0007811034
0.94484574,0.9991156
0.079732195,0.0007802242
0.049862303,0.00079560897
0.045270592,0.00083165313
0.045116577,0.0007850594
0.9299133,0.9990971
0.045212653,0.00081934535
0.94361335,0.9990945
0.93382233,0.99909407
0.952465,0.9991156
0.050942633,0.0007973672
0.047660787,0.00080615847
0.06046231,0.0008457191
0.057251036,0.0008092354
0.9328579,0.99908835
0.91669947,0.9990989
0.8963359,0.9990558
0.044499036,0.0008022024
0.928747,0.99908656
0.06597291,0.000778466
0.0342442,0.0007665978
0.94339377,0.9991459
0.062711366,0.0007828616
0.93239903,0.9991187
0.06637305,0.00081231236
0.028030878,0.0007248393
0.04766896,0.0005327503
0.9429753,0.99906415
0.064577125,0.0007876968
0.94569206,0.9991033
0.9676602,0.99913186
0.9308856,0.9990923
0.9382469,0.9991178
0.91878635,0.99912876
0.044756055,0.0007837407
0.06143295,0.0007868177
0.92861056,0.99911255
0.03919767,0.0008052793
0.08007885,0.0007894551
0.058395498,0.00081934535
0.09843579,0.0007687956
0.9386141,0.99912965
0.06059404,0.0007793451
0.94540757,0.99908483
0.93780416,0.99908
0.046868432,0.0008197849
0.06655628,0.00082374096
0.9006961,0.9991191
0.03402308,0.0007876968
0.9522087,0.99911386
0.054729607,0.00081363105
0.05535408,0.000785499
0.90975446,0.9990985
0.0527861,0.00075516914
0.9407621,0.99909145
0.9372713,0.9991006
0.05014904,0.0007595648
0.9445394,0.99907166
0.93101615,0.99910593
0.9344089,0.9991824
0.081728935,0.0007868177
0.037134074,0.00073670753
0.9201968,0.9990945
0.9239939,0.99914944
0.9015961,0.99913013
0.9585483,0.9991209
0.04894218,0.0008017628
0.027221683,0.0007815429
0.9290125,0.99914944
0.9343743,0.99910945
0.04630041,0.0007745099
0.91587144,0.9991147
0.047779888,0.000799565
0.923543,0.9991015
0.047951236,0.0007802242
0.96319205,0.999102
0.9482356,0.99912614
0.04649528,0.0007780264
0.91743636,0.99909055
0.917629,0.9990857
0.95393336,0.99910855
0.93812335,0.9991165
0.05398776,0.0008118728
0.056508448,0.00077055383
0.06437928,0.0007978068
0.040627625,0.0007960485
0.04545977,0.0007819825
0.9196045,0.99909055
0.94146013,0.99910283
0.94608605,0.9991024
0.96590984,0.9991134
0.089045115,0.00075516914
0.06482944,0.0008057189
0.9435614,0.99910593
0.045195814,0.0007903342
0.93701875,0.99913496
0.947148,0.99906373
0.93697613,0.99911386
0.9290649,0.99912965
0.9373307,0.99912965
0.94724065,0.9990932
0.0718366,0.0007793451
0.054184612,0.0008052793
0.07673461,0.0007815429
0.9367652,0.9990901
0.9381273,0.99911255
0.06502257,0.000775389
0.07349065,0.00082154316
0.048074298,0.0007876968
0.923151,0.9990967
0.9124141,0.9990998
0.04650147,0.0007837407
0.9084889,0.9991187
0.038552146,0.0008101145
0.05541351,0.0008092354
0.0553214,0.000775389
0.9478448,0.9991424
0.94488215,0.9990615
0.93744713,0.9990646
0.04914423,0.00075297133
0.90578943,0.9990971
0.052358724,0.0007894551
0.058754038,0.0008149497
0.941403,0.99910945
0.9253691,0.9991393
0.91632956,0.99910945
0.060168643,0.000806598
0.09855563,0.000778466
0.96624434,0.9991459
0.06764429,0.0007793451
0.05233842,0.00083121355
0.9348667,0.99911207
0.061091244,0.00081451016
0.94219655,0.99913186
0.9302718,0.9991015
0.05165204,0.0008118728
0.048608396,0.0007595648
0.9293195,0.99908656
0.06220401,0.00081538927
0.058503952,0.00082989485
0.94929534,0.99912965
0.9294636,0.99908614
0.92952996,0.9991024
0.94957215,0.9991881
0.93591934,0.99912614
0.9590052,0.99917233
0.05845022,0.0007802242
0.062566265,0.0007912133
0.06389817,0.0008052793
0.05160574,0.0007661582
0.05581043,0.0008017628
0.049503513,0.000761323
0.063826114,0.0007890155
0.8725904,0.9990963
0.9263546,0.99910593
0.9068193,0.9990976
0.93681246,0.9990976
0.062488023,0.0008127519
0.9681289,0.9990778
0.93438166,0.9991248
0.93682957,0.9991244
0.055584114,0.0007890155
0.0387641,0.00073978445
0.9284254,0.99914855
0.037410904,0.000775389
0.061815508,0.0007771473
0.9068354,0.9991068
0.9311271,0.9991024
0.044613183,0.0008162684
0.9448225,0.99913275
0.9432932,0.9991134
0.9529236,0.9990857
0.073472075,0.0007652791
0.93568707,0.99908835
0.9291056,0.99907386
0.9363304,0.9990901
0.048732698,0.0007780264
0.92914194,0.999178
0.07104845,0.0007837407
0.06908489,0.00080396066
0.059044983,0.0007639604
0.9221135,0.9991393
0.05281408,0.0007028612
0.9378683,0.99906766
0.06289609,0.0007837407
0.96155506,0.9991006
0.89672834,0.9990826
0.9596809,0.99911034
0.940877,0.9991235
0.9630185,0.99916744
0.9506173,0.99906725
0.062059157,0.0008101145
0.93894416,0.99922943
0.9461256,0.99912876
0.92974937,0.99910593
0.06545961,0.0008008837
0.055465013,0.000785499
0.044527013,0.0007885759
0.9508273,0.9990567
0.035622403,0.000775389
0.06637825,0.0007978068
0.9263021,0.9991244
0.063093185,0.0007661582
0.86946535,0.9991068
0.055763137,0.0008118728
0.052356496,0.00081538927
0.9391754,0.99913317
0.9330035,0.99913716
0.055436786,0.00080747716
0.93781656,0.99908656
0.03988801,0.0007837407
0.06418911,0.0008127519
0.9192746,0.99912876
0.05012378,0.00075604825
0.04887062,0.0007828616
0.04625708,0.0007837407
0.045537516,0.0008052793
0.04924872,0.0007762682
0.92923975,0.9991011
0.056640424,0.00075297133
0.9542765,0.99913055
0.066023916,0.0007811034
0.074066095,0.0007863781
0.95243454,0.99910283
0.043929774,0.00073319103
0.053032722,0.0007894551
0.9496905,0.9991657
0.054711528,0.0007687956
0.051693145,0.0007868177
0.052151967,0.0007679165
0.93013835,0.9990752
0.9143506,0.99909097
0.06199453,0.0007986859
0.03749905,0.0007846199
0.0467939,0.0007986859
0.04600278,0.000799565
0.050559826,0.0007903342
0.9552605,0.9991222
0.05808945,0.0007969276
0.9750306,0.9990541
0.9254377,0.9991011
0.06511642,0.0007569274
0.9595296,0.99911207
0.9225508,0.9991209
0.91475797,0.999138
0.035863824,0.0007771473
0.05364185,0.00081319147
0.9569569,0.9991745
0.04541718,0.00080264197
0.8999983,0.9991235
0.95249546,0.99915165
0.9250467,0.9990743
0.056961577,0.00074374053
0.96117103,0.99915737
0.94386864,0.99907166
0.94269,0.9991068
0.92288405,0.9991055
0.94425666,0.99914503
0.92783827,0.9991187
0.0721476,0.0008030815
0.059938613,0.0007679165
0.06303896,0.0007942903
0.041719843,0.0007687956
0.0566065,0.0007582461
0.9238099,0.9991187
0.9324399,0.99910283
0.92388093,0.9991196
0.96379447,0.9991244
0.039391797,0.0007811034
0.08588088,0.000806598
0.07583726,0.0007894551
0.9389253,0.99912965
0.9345151,0.9991191
0.061646886,0.0007762682
0.042563207,0.00076703733
0.9043102,0.9991354
0.062417205,0.00081890577
0.06357133,0.000792532
0.947564,0.999102
0.059281945,0.0007951694
0.033950284,0.00072176236
0.074598216,0.000785499
0.044647355,0.0007771473
0.048188202,0.0007903342
0.052613515,0.00081934535
0.9537964,0.9990835
0.06857555,0.00082505966
0.039353665,0.0007942903
0.06546456,0.00080396066
0.94261324,0.99906504
0.95191854,0.9991745
0.04000513,0.00080264197
0.9335611,0.99910724
0.057659842,0.00082022446
0.0516872,0.0007863781
0.052970324,0.0007736308
0.06166075,0.0007916529
0.05009382,0.0008013233
0.053890944,0.0008022024
0.92253447,0.99909097
0.04909,0.0007582461
0.05320308,0.00082154316
0.053230565,0.00083253224
0.9422901,0.99909407
0.06402668,0.000761323
0.9163768,0.9990976
0.04688329,0.0007793451
0.9420782,0.999062
0.03270752,0.0007762682
0.94300526,0.99913627
0.05530431,0.00076703733
0.06190663,0.00082374096
0.9811877,0.99914813
0.07031676,0.0008048398
0.9313083,0.99910766
0.052641496,0.0008052793
0.96054655,0.9990721
0.04882902,0.000775389
0.10027975,0.0007811034
0.061272494,0.00081846624
0.9379681,0.9990633
0.9303617,0.99912703
0.91134465,0.99911207
0.9365498,0.9991033
0.04916602,0.000799565
0.94740754,0.99912745
0.054512944,0.00081231236
0.94407713,0.9991815
0.92191243,0.9990976
0.9530199,0.9991196
0.93658346,0.9990787
0.9456475,0.9990945
0.0493651,0.0007723121
0.9264809,0.99912834
0.9451471,0.9991006
0.04588764,0.0007903342
0.9419638,0.99912965
0.96113956,0.99912393
0.9438023,0.99910724
0.060656935,0.0007903342
0.07670415,0.0007811034
0.9405715,0.9990945
0.94820064,0.9991323
0.9397561,0.99914634
0.08957922,0.0007819825
0.06057423,0.00081934535
0.059954956,0.0007960485
0.90498817,0.9991196
0.053140186,0.0007723121
0.053362045,0.00082681794
0.94156194,0.99913055
0.9399658,0.99912965
0.9281832,0.999149
0.9411638,0.99908704
0.0418897,0.0008017628
0.060896374,0.00080615847
0.9219481,0.99911165
0.9419467,0.9991639
0.9545942,0.9991182
0.95720476,0.9991134
0.9119233,0.99914813
0.051935308,0.00074901525
0.97559863,0.9991437
0.06123288,0.00076703733
0.95029765,0.99911386
0.064680874,0.0007960485
0.071897015,0.0007767077
0.8931751,0.99910945
0.095302016,0.0008092354
0.93772095,0.99913406
0.06300008,0.0008035211
0.051657487,0.0007850594
0.040026672,0.0007745099
0.065563604,0.0007881364
0.053550232,0.0007731912
0.050028946,0.0008013233
0.06721914,0.00080044416
0.9368734,0.99911207
0.9588492,0.99917275
0.9421359,0.99916
0.93210834,0.9991024
0.94818676,0.99915737
0.9441717,0.99910414
0.92216897,0.99910855
0.9253503,0.99909097
0.054740995,0.0007780264
0.91409755,0.9991257
0.92384285,0.99909496
0.9344966,0.9991191
0.07038089,0.00081846624
0.05133064,0.0006989051
0.0531699,0.00073670753
0.9456698,0.99911076
0.060100056,0.0007894551
0.060667828,0.00081582885
0.052313905,0.0007969276
0.91730714,0.99911034
0.92944676,0.9990585
0.9593446,0.99908835
0.9359728,0.99913144
0.94126827,0.99908394
0.934138,0.9991222
0.90832055,0.9991385
0.052230958,0.0007780264
0.05336254,0.00076000433
0.93241984,0.99909097
0.9429384,0.9990778
0.06403386,0.000799565
0.9170682,0.9991112
0.043718066,0.000799565
0.06387217,0.0007868177
0.03456238,0.0008197849
0.0603026,0.0007960485
0.051404677,0.00076352083
0.052552108,0.00081582885
0.07002458,0.00081670796
0.94572574,0.9991182
0.0558342,0.0008052793
0.9642196,0.99913406
0.9557075,0.9991442
0.9224921,0.9991235
0.95570403,0.9991653
0.068273716,0.0007569274
0.9400307,0.9990998
0.0483177,0.00073582836
0.080408424,0.000785499
0.023008322,0.0007745099
0.050000966,0.0007934111
0.8464354,0.99917364
0.927091,0.99912614
0.8858998,0.9991424
0.04211701,0.000785499
0.93274766,0.9990826
0.05147995,0.00081363105
0.93606293,0.99912614
0.04386366,0.00073890534
0.949252,0.999138
0.05525578,0.0008035211
0.91313636,0.9991358
0.9409533,0.9990844
0.9254147,0.9990822
0.94927895,0.99914634
0.95663005,0.9991033
0.04374481,0.0007595648
0.06397963,0.0008044002
0.9434705,0.99914813
0.06017211,0.0007793451
0.052185643,0.000771433
0.054487936,0.00081231236
0.07407352,0.00074813614
0.9334749,0.99913406
0.9299856,0.99911296
0.06513128,0.0007894551
0.066293314,0.0007661582
0.94117117,0.9990813
0.06306619,0.000771433
0.043938443,0.0007793451
0.90607446,0.9991191
0.95685166,0.9990901
0.06747195,0.0007498944
0.9492488,0.9990835
0.951712,0.99912965
0.05855991,0.0008022024
0.9516516,0.99907076
0.94515944,0.99910766
0.95449865,0.99909097
0.030271763,0.000747257
0.9297796,0.99912524
0.06354706,0.0007780264
0.948137,0.9990835
0.92345953,0.9991437
0.045935184,0.0007863781
0.94791764,0.9990954
0.042417858,0.00081934535
0.9406339,0.9991196
0.08071422,0.0007916529
0.07973021,0.0007969276
0.9481372,0.999098
0.047491916,0.0007890155
0.018223723,0.00076000433
0.050922822,0.0007934111
0.073085055,0.0007912133
0.9542443,0.9991815
0.9366431,0.9991354
0.07224763,0.0007652791
0.94553435,0.99912876
0.8955359,0.99912614
0.9298593,0.9991191
0.051206585,0.00071516895
0.07117325,0.0007802242
0.9397836,0.9991385
0.964931,0.9991569
0.94543606,0.99910945
0.9257395,0.99911034
0.9322096,0.9990985
0.94828707,0.99912924
0.058284815,0.00080615847
0.93864036,0.99911034
0.07283893,0.0007846199
0.9151167,0.99910635
0.05707226,0.000785499
0.03786552,0.0007846199
0.05597509,0.0008048398
0.06924733,0.0007978068
0.056181353,0.0008118728
0.93197066,0.9991279
0.93900955,0.99910593
0.9351983,0.9991231
0.08074913,0.0007811034
0.9375174,0.9990822
0.91630304,0.99910283
0.046568077,0.000785499
0.9237148,0.9991609
0.08937964,0.0007934111
0.8945922,0.99909496
0.95741254,0.9991244
0.9383544,0.9991015
0.9250316,0.9991015
0.95376474,0.99919206
0.055196848,0.0007626417
0.046294715,0.0007885759
0.05595751,0.0007723121
0.9259408,0.99915296
0.9308158,0.9991613
0.050638318,0.00081451016
0.06716441,0.000799565
0.95765567,0.9990936
0.07930085,0.0008149497
0.9377066,0.99912524
0.9257962,0.99913275
0.06614475,0.00074066356
0.96841145,0.9991156
0.08933804,0.0007745099
0.95144135,0.99911165
0.05373693,0.00073890534
0.03934475,0.00080967497
0.056537915,0.0008044002
0.04768976,0.00075385044
0.03980283,0.0007771473
0.04673447,0.0007934111
0.056079585,0.0007986859
0.05021713,0.0007863781
0.05777003,0.000775389
0.94078565,0.9991376
0.048126794,0.00076220214
0.050797038,0.00081451016
0.05960483,0.0007890155
0.05120634,0.00082857616
0.07014046,0.000799565
0.055850297,0.0007969276
0.9589616,0.9990787
0.9201462,0.99910593
0.10078166,0.0008092354
0.94106495,0.9991596
0.056277428,0.000799565
0.94614744,0.99913275
0.06172117,0.0007903342
0.9300029,0.99904925
0.94660425,0.99908745
0.020078335,0.0007771473
0.061351236,0.00080747716
0.059706353,0.0007771473
0.94024336,0.9991393
0.06708939,0.000799565
0.95558715,0.99913317
0.95798796,0.99912524
0.92495114,0.99910635
0.9544189,0.99909186
0.049437895,0.0008008837
0.9407062,0.99910814
0.05211037,0.0007903342
0.94164187,0.9991147
0.9265596,0.99912965
0.038134426,0.000799565
0.07304841,0.0008044002
0.9775815,0.99912834
0.93670774,0.99906814
0.9337973,0.9991015
0.9554076,0.99910414
0.056622844,0.0007661582
0.9766708,0.99911386
0.029372191,0.00073978445
0.9255538,0.99907255
0.01997112,0.00075253175
0.9591961,0.9991147
0.068455465,0.0008118728
0.9349222,0.9991437
0.9294272,0.9991143
0.0698926,0.00082681794
0.04949782,0.00074286136
0.08491347,0.0007986859
0.07102468,0.0007876968
0.9333021,0.99913055
0.056688216,0.000785499
0.9431214,0.99908835
0.055222105,0.00075297133
0.93232846,0.9991112
0.9445825,0.99911076
0.03568802,0.00076703733
0.04280116,0.0008114332
0.041719843,0.000775389
0.9457827,0.9991244
0.9307393,0.9991226
0.060182013,0.0007828616
0.9563852,0.99913186
0.95792407,0.99910855
0.043452132,0.00081363105
0.942331,0.9990976
0.94355047,0.99913406
0.9397692,0.99908
0.9407314,0.99915075
0.07197551,0.0007652791
0.06813555,0.00081099366
0.05574407,0.00081670796
0.06472792,0.0007771473
0.9438239,0.99913496
0.060025524,0.0007881364
0.9244693,0.9991033
0.91745543,0.99911386
0.05879217,0.0008022024
0.95074457,0.99912965
0.9664187,0.9991235
0.05546798,0.0007942903
0.07258488,0.0007894551
0.9515632,0.9990958
0.0549116,0.0007942903
0.066486456,0.000799565
0.95040786,0.99911034
0.94852597,0.9991222
0.05563339,0.0007868177
0.038062368,0.00075297133
0.040016275,0.00074813614
0.06674174,0.0007604439
0.93289846,0.9991385
0.9481016,0.99911296
0.05432996,0.0007819825
0.90643495,0.9991112
0.09396665,0.0007951694
0.9536473,0.99915516
0.06032043,0.0008127519
0.9326033,0.9991182
0.077283315,0.0008017628
0.04311538,0.00076220214
0.9250299,0.99911034
0.9621538,0.9990809
0.95993817,0.9991569
0.96208894,0.9991587
0.9371824,0.99917626
0.9441784,0.9990501
0.9493458,0.99910504
0.9456777,0.9990971
0.050374612,0.0007938507
0.06735458,0.0007942903
0.061673626,0.0007960485
0.067506865,0.0007912133
0.96749157,0.9991248
0.044591147,0.0007415427
0.94902444,0.99913144
0.030257154,0.0007780264
0.08005805,0.00074330095
0.05757937,0.00080264197
0.9353699,0.99910945
0.97213995,0.99917406
0.928961,0.99912393
0.059534263,0.0008052793
0.9108217,0.99912876
0.052773472,0.0007982463
0.070735715,0.00082154316
0.09128575,0.00073494925
0.9284333,0.9991415
0.05152526,0.0007837407
0.054200955,0.0008101145
0.9353429,0.99913406
0.031156976,0.0007903342
0.056915272,0.0008022024
0.9316005,0.9990857
0.050119326,0.00081846624
0.93003386,0.99913496
0.040276017,0.00080044416
0.055842124,0.0007639604
0.04751841,0.00076220214
0.92447424,0.9991182
0.97015613,0.99915427
0.9309681,0.9990835
0.92603916,0.99908745
0.9330319,0.9991446
0.9173403,0.99909407
0.93838507,0.9990769
0.04731413,0.0007986859
0.9080009,0.9991428
0.06378947,0.00081582885
0.051014442,0.0007709934
0.05650003,0.0008035211
0.945204,0.9991217
0.049186572,0.000799565
0.92966616,0.9990752
0.95422626,0.99917495
0.027106792,0.0007630813
0.04286777,0.0007507735
0.056609225,0.0008083563
0.92418206,0.9991015
0.92112803,0.99912703
0.9199722,0.9991358
0.057424363,0.0007894551
0.08236901,0.0007876968
0.926957,0.9990971
0.9404759,0.9991393
0.05052788,0.00080615847
0.07634883,0.000806598
0.9006891,0.9991393
0.043117363,0.000792532
0.04571951,0.0007630813
0.07825445,0.0008052793
0.07763418,0.0007920924
0.92634076,0.99912924
0.9356596,0.99917054
0.043981526,0.00081231236
0.95587265,0.99916965
0.9306487,0.9990936
0.05865648,0.00077055383
0.06458529,0.0007679165
0.1046912,0.0007903342
0.04153339,0.0007881364
0.055647504,0.0007890155
0.049907368,0.0007833012
0.9318342,0.99908924
0.9231485,0.99908656
0.93670624,0.99909186
0.9444025,0.99911034
0.08697434,0.0007960485
0.046891704,0.0008127519
0.032324217,0.0007771473
0.96367365,0.9991881
0.9438875,0.99911034
0.8975519,0.9991217
0.0505675,0.0007736308
0.05884516,0.0007868177
0.9406022,0.9991257
0.08355259,0.0007793451
0.04992297,0.0007868177
0.04537756,0.0008048398
0.051870186,0.000799565
0.061193757,0.0007978068
0.9422867,0.999098
0.03970849,0.0008092354
0.043865148,0.00073582836
0.055362996,0.0007973672
0.0720644,0.00082374096
0.9324659,0.99911207
0.04425068,0.0007498944
0.026970604,0.0007846199
0.0527861,0.00081319147
0.08586578,0.0007920924
0.044192985,0.0007942903
0.963767,0.9990985
0.93292624,0.99908173
0.058244947,0.000806598
0.9524227,0.999102
0.9266042,0.9990778
0.96676975,0.9991411
0.95723104,0.9990826
0.9452201,0.9991446
0.038855717,0.0007960485
0.9249987,0.9991415
0.95930725,0.9991011
0.06707057,0.0007903342
0.056479476,0.0007802242
0.9424484,0.9991244
0.0616766,0.00082637835
0.064553104,0.0007969276
0.9306365,0.99913406
0.07541087,0.00081451016
0.94025207,0.9990752
0.043887433,0.0007630813
0.9506547,0.9990804
0.051800113,0.0007876968
0.93046594,0.99910504
0.055083938,0.00073011406
0.062856965,0.00082154316
0.06547298,0.0008013233
0.9135873,0.9991112
0.91290134,0.9990936
0.9346199,0.9991345
0.9259438,0.99915606
0.048270904,0.0007868177
0.9289686,0.99909097
0.9333595,0.99911034
0.06752271,0.0007639604
0.93684196,0.9991244
0.87486696,0.99908924
0.046558667,0.0007595648
0.94196653,0.99913275
0.03615551,0.00063165196
0.959646,0.9990787
0.9121565,0.9990787
0.93256766,0.99908304
0.06935999,0.00084747735
0.11364682,0.0007978068
0.9279987,0.9991209
0.052091055,0.00081099366
0.93861234,0.9991011
0.06290822,0.0007793451
0.05345292,0.00081670796
0.043259986,0.0007771473
0.051818684,0.0008044002
0.9204716,0.99908483
0.9456515,0.9990923
0.035712287,0.0007630813
0.9420153,0.99909097
0.03192878,0.00081451016
0.9464409,0.99915075
0.94421035,0.9990976
0.9346496,0.9991222
0.9452751,0.99912
0.054343827,0.0007837407
0.9583282,0.9991046
0.056871943,0.0007969276
0.9510167,0.9990967
0.05553385,0.00081582885
0.91499716,0.99912924
0.040149488,0.00071253156
0.9436755,0.99908745
0.9244277,0.99907386
0.9381944,0.9991354
0.06923371,0.0007912133
0.9110787,0.9991345
0.9451107,0.9991385
0.052610792,0.0007951694
0.94474053,0.9990936
0.05317188,0.000761323
0.05915393,0.00074549875
0.9386384,0.9991182
0.9462086,0.9990963
0.046595562,0.00082242227
0.05731393,0.0007986859
0.06773417,0.0007978068
0.04700239,0.0006786852
0.93297374,0.9991006
0.9564444,0.99919516
0.9402847,0.9991006
0.9401946,0.9991569
0.93183523,0.99920046
0.048661634,0.0007969276
0.053963743,0.00080967497
0.9670669,0.99913275
0.95616186,0.99912965
0.9351067,0.9991015
0.06050168,0.0008030815
0.050602168,0.0007951694
0.073189795,0.00076220214
0.0539214,0.0008118728
0.9291229,0.99908525
0.9233122,0.9990923
0.93233687,0.9991235
0.04408057,0.0007960485
0.04824961,0.0007969276
0.04192709,0.00074593833
0.9315671,0.9991257
0.05757937,0.0007969276
0.04459288,0.00082154316
0.041747328,0.0007639604
0.91559166,0.9991156
0.06259128,0.0007960485
0.9457778,0.99915737
0.06042393,0.0007811034
0.9213137,0.9991147
0.9264556,0.99912524
0.9159344,0.99910593
0.057717286,0.0007920924
0.07062504,0.0007951694
0.045364436,0.000761323
0.94418013,0.9991358
0.057545196,0.000761323
0.07595042,0.0008127519
0.059357964,0.0007802242
0.94939387,0.99907297
0.04851257,0.0007661582
0.057316404,0.0008101145
0.07143324,0.0007687956
0.05133782,0.00084484
0.05694251,0.000785499
0.9326464,0.99908394
0.93384755,0.9991569
0.03981719,0.0007793451
0.96559983,0.9991393
0.93135685,0.99912524
0.91943383,0.99912
0.037736263,0.0007692352
0.033875752,0.0007696747
0.07061959,0.0007828616
0.9657486,0.9991407
0.95169294,0.9990646
0.05793568,0.00081099366
0.9528634,0.9991178
0.0616917,0.0007868177
0.03987365,0.0008092354
0.9256338,0.9991187
0.9513857,0.99910855
0.048419718,0.0008118728
0.03548696,0.0007846199
0.9265217,0.99910283
0.947594,0.999142
0.09641553,0.000775389
0.06786491,0.0007916529
0.03355559,0.0007498944
0.92146426,0.9991187
0.95105135,0.9991604
0.93025446,0.9991455
0.93909246,0.99910945
0.9213697,0.99911207
0.058976147,0.00071736675
0.9367637,0.99910724
0.92816514,0.9991134
0.065805525,0.0008022024
0.058610424,0.0008017628
0.037110057,0.00080747716
0.05051278,0.0007934111
0.8845206,0.99911296
0.9355821,0.9991455
0.055529885,0.0007736308
0.9586793,0.9991213
0.94722754,0.9991657
0.060286507,0.0008817633
0.052509766,0.0007942903
0.045900516,0.0008008837
0.051072627,0.0008052793
0.9701702,0.99915737
0.98139197,0.9991209
0.092288084,0.0007868177
0.067270644,0.0008030815
0.078082606,0.0007811034
0.961978,0.99912745
0.04894218,0.0008233014
0.9252958,0.99914813
0.9368746,0.99912
0.044205118,0.00081934535
0.05167556,0.0007833012
0.9302186,0.9991235
0.94360965,0.9990936
0.07942565,0.0007815429
0.057647463,0.0007687956
0.054469366,0.00073275145
0.9299893,0.99914724
0.9336017,0.9991165
0.04349002,0.0007912133
0.9624492,0.99915296
0.94780666,0.99917316
0.04986775,0.0007547296
0.06941545,0.0007978068
0.058848873,0.0007556087
0.9513327,0.9991222
0.044201404,0.0007876968
0.92409366,0.99912965
0.060544766,0.000799565
0.055119347,0.00082198274
0.05698634,0.0007665978
0.049555264,0.00081538927
0.045902994,0.00080264197
0.054640464,0.0008052793
0.93996334,0.9991688
0.039730776,0.0007226415
0.023308923,0.0008083563
0.063985825,0.0007894551
0.9665462,0.9991398
0.93534684,0.9991112
0.057344384,0.0007828616
0.06519194,0.0007793451
0.94207644,0.99908745
0.9376427,0.99910414
0.94983613,0.99912
0.9402597,0.99912
0.03996056,0.0007916529
0.94282895,0.99915165
0.07064732,0.0007876968
0.063476734,0.00080264197
0.061722405,0.00080044416
0.88968456,0.9990822
0.047294818,0.0008030815
0.94486505,0.9990778
0.9385096,0.9991367
0.94013196,0.99912614
0.9233199,0.9990954
0.94128484,0.99911296
0.040666502,0.000785499
0.9587662,0.99908304
0.054370817,0.00081363105
0.95684105,0.9991165
0.063287064,0.0007912133
0.91369545,0.9990857
0.061401006,0.0007903342
0.93531144,0.99908876
0.93722874,0.99910945
0.08253021,0.0008101145
0.053513832,0.00083077396
0.9216584,0.9991196
0.95313007,0.99912393
0.05398702,0.0008017628
0.059919298,0.0008017628
0.04437597,0.0007723121
0.03935812,0.0007802242
0.95662934,0.9991613
0.94014114,0.99913317
0.961797,0.99912703
0.0596031,0.0008118728
0.9544489,0.9991002
0.05096269,0.0007793451
0.94607514,0.99911296
0.059871756,0.0007969276
0.9431308,0.99910593
0.051230356,0.0007595648
0.9600738,0.99908745
0.055990938,0.0007903342
0.95450383,0.99912524
0.05990469,0.0008092354
0.9417907,0.99911386
0.93488085,0.99908614
0.050773267,0.00081846624
0.084295675,0.00082418055
0.9584183,0.9991877
0.94996905,0.99913317
0.92175174,0.9990795
0.93977517,0.9991433
0.9543228,0.9990936
0.9301403,0.9991385
0.052744254,0.0007934111
0.96377814,0.9990963
0.9454531,0.9990998
0.07936622,0.00079560897
0.07025807,0.000799565
0.9346781,0.99909496
0.9648864,0.99913496
0.89993095,0.9991169
0.93625015,0.9991424
0.06429683,0.0007415427
0.91784567,0.99908483
0.93893427,0.999149
0.05433739,0.0008083563
0.8907688,0.9991323
0.9302971,0.999102
0.08052703,0.0007828616
0.9388714,0.99923474
0.95867014,0.99919385
0.054021187,0.00083253224
0.96080357,0.99909496
0.93172973,0.99909097
0.94671816,0.9991191
0.10082227,0.0007960485
0.06434263,0.0007837407
0.051812988,0.0007736308
0.10721981,0.000799565
0.06832373,0.00075297133
0.96115446,0.99906945
0.050715324,0.00075253175
0.93527013,0.99910504
0.053615104,0.0007951694
0.9463126,0.99913144
0.94947904,0.9990782
0.94135815,0.9991226
0.06318604,0.0007951694
0.9112483,0.99908656
0.05300895,0.0007934111
0.93528074,0.9991266
0.0407809,0.0007828616
0.91005456,0.999142
0.051226147,0.0007692352
0.9522127,0.99912924
0.9142419,0.99910635
0.9524142,0.99912965
0.049630787,0.0007903342
0.93358064,0.9990945
0.038656637,0.0007819825
0.044947706,0.0008008837
0.9145297,0.99912876
0.9288272,0.99909407
0.931601,0.99912965
0.92439276,0.9990782
0.9315411,0.99911296
0.91219246,0.99908745
0.040703148,0.00082857616
0.08601262,0.0007824221
0.92598367,0.99910504
0.9232392,0.99908876
0.08361227,0.00083209266
0.9337458,0.9991279
0.04943245,0.00071516895
0.044278163,0.00075385044
0.93564326,0.9990976
0.080932364,0.0007556087
0.04481053,0.0007745099
0.91216123,0.9991455
0.07833739,0.0008175871
0.05635592,0.0008013233
0.9404383,0.9991037
0.94333726,0.9990804
0.064816564,0.0007692352
0.9630239,0.9991187
0.91453063,0.99910414
0.056295503,0.0007868177
0.9365067,0.9991402
0.94567573,0.9991213
0.87232596,0.9991156
0.9630316,0.99908924
0.051574785,0.00076220214
0.042826664,0.000775389
0.05639207,0.000775389
0.93519634,0.9990804
0.9253062,0.99909496
0.050807435,0.0007868177
0.9047356,0.9991006
0.9271301,0.9991015
0.9354625,0.9991015
0.06817517,0.00080967497
0.049443096,0.0007780264
0.031561077,0.00082198274
0.95915943,0.99909276
0.92421794,0.9990976
0.8928426,0.9990971
0.9355883,0.9990998
0.053122606,0.000785499
0.058368508,0.00081670796
0.9423392,0.9990932
0.06107911,0.0007745099
0.03906173,0.0007903342
0.9617903,0.99906373
0.049866267,0.0007652791
0.061392587,0.00077055383
0.95921195,0.9991112
0.066763535,0.0007850594
0.043155495,0.0007639604
0.051785752,0.0007973672
0.92286825,0.9991217
0.08820051,0.0007960485
0.057732146,0.0007934111
0.014202262,0.0007745099
0.05021391,0.0007863781
0.91757035,0.9990646
0.94467586,0.9991015
0.9471364,0.9990998
0.052842557,0.0007661582
0.92705137,0.99917185
0.06473089,0.0007986859
0.9509521,0.99913496
0.06139754,0.00080615847
0.92943513,0.99912965
0.06535908,0.0007969276
0.030547109,0.0007833012
0.9370539,0.9990787
0.06723647,0.00075253175
0.94278044,0.99911296
0.91482085,0.99908656
0.92813146,0.9991011
0.9265658,0.9991156
0.92115057,0.9990752
0.89015204,0.9991143
0.072597265,0.00081846624
0.9459862,0.99910593
0.9690641,0.9991437
0.945281,0.99915254
0.03950644,0.0007916529
0.95974946,0.99912876
0.9507488,0.99910635
0.9584683,0.9991217
0.047270056,0.00080615847
0.9369863,0.99912745
0.055651218,0.0007942903
0.93299085,0.99912876
0.06350248,0.0007802242
0.9401005,0.99908
0.07946378,0.0007723121
0.94900614,0.9991165
0.9193506,0.9991446
0.9232156,0.9991231
0.05142399,0.00081846624
0.93464684,0.9991147
0.9513037,0.9991815
0.94839305,0.999102
0.959803,0.9991191
0.06361564,0.0007850594
0.946091,0.9990971
0.901975,0.9991217
0.93917394,0.999062
0.057077955,0.0008149497
0.05020995,0.0008118728
0.93173915,0.99910504
0.96343344,0.9991165
0.92630607,0.99912965
0.058644347,0.00082154316
0.056710996,0.0007582461
0.05193704,0.0008008837
0.04819439,0.00076703733
0.9159611,0.999062
0.046954103,0.0007701143
0.9222299,0.99914813
0.062498175,0.000799565
0.060441263,0.00080615847
0.069942616,0.0007969276
0.06300429,0.000771433
0.06702798,0.0007819825
0.06508646,0.0007890155
0.9552989,0.9991385
0.09192038,0.0007595648
0.94083714,0.99909496
0.047711052,0.0007982463
0.94492203,0.99912876
0.94265586,0.9991002
0.03441827,0.0007556087
0.0651127,0.0008457191
0.9312888,0.9990954
0.9227731,0.999062
0.051250413,0.0007920924
0.055204526,0.00080747716
0.9349544,0.99910945
0.064716525,0.00073363056
0.8878376,0.9991169
0.88099265,0.9991178
0.93400973,0.9991024
0.04975583,0.0007894551
0.9064714,0.99910504
0.03308364,0.0007881364
0.059941337,0.0007920924
0.91043764,0.99910414
0.056177884,0.00080615847
0.051499512,0.0008149497
0.9610222,0.9991657
0.05168002,0.0007556087
0.058707487,0.0007960485
0.94183576,0.99917364
0.97361475,0.9990971
0.038810406,0.00080747716
0.909933,0.9990809
0.95204306,0.9992189
0.96562034,0.9991279
0.029813683,0.0007723121
0.03992416,0.0008175871
0.07916863,0.000775389
0.9532868,0.9991046
0.062029444,0.0007723121
0.93651956,0.99919826
0.9398727,0.99910504
0.9394924,0.9990936
0.906665,0.9991235
0.93983656,0.99910724
0.931781,0.9990734
0.93927497,0.9991244
0.049100403,0.0007582461
0.05056032,0.0007450592
0.06315113,0.000799565
0.05976677,0.0007969276
0.94544894,0.99910766
0.9388615,0.99912703
0.93696374,0.9990998
0.051984336,0.00074549875
0.9374199,0.9991437
0.044776853,0.000775389
0.954795,0.99913275
0.0339228,0.0007815429
0.085012265,0.0008505543
0.05382409,0.0007903342
0.93781257,0.99912614
0.036633898,0.0007723121
0.056437135,0.00076703733
0.06818458,0.0008035211
0.074927285,0.0008083563
0.045248307,0.0008044002
0.055908237,0.0007973672
0.049520846,0.0007630813
0.049052615,0.00075516914
0.059748694,0.00081582885
0.07082288,0.0007652791
0.93437153,0.9990976
0.054896247,0.0007960485
0.055690832,0.0007885759
0.95042545,0.99913144
0.061144233,0.0007793451
0.056154363,0.0007696747
0.06666622,0.0007595648
0.9291276,0.99912876
0.05404075,0.0007876968
0.057458285,0.0007745099
0.049141504,0.00074418006
0.04978604,0.00074593833
0.055069823,0.0008083563
0.05067546,0.00076703733
0.07098407,0.0007920924
0.045380283,0.00082374096
0.10755433,0.00082901574
0.9469294,0.9991165
0.033576388,0.0007687956
0.06304639,0.0007837407
0.9464077,0.99910724
0.94798994,0.9991055
0.060363512,0.0007846199
0.9536976,0.9990936
0.056096174,0.0007745099
0.04551127,0.000778466
0.943601,0.99911034
0.06578274,0.0007986859
0.046291,0.00074110314
0.93611646,0.99910593
0.92210186,0.9991437
0.059775434,0.00081231236
0.058312792,0.0008118728
0.94927454,0.99917495
0.9421386,0.9991279
0.93815005,0.99912965
0.93625635,0.9990787
0.9626824,0.9991231
0.9371646,0.99908656
0.9637747,0.99912
0.05475065,0.0007762682
0.9523627,0.99911165
0.042735543,0.0007630813
0.08578952,0.0008101145
0.05555341,0.0007868177
0.045637306,0.0008052793
0.06360698,0.0007885759
0.043037135,0.0007595648
0.9590047,0.9991187
0.95528877,0.9991415
0.92746615,0.9991257
0.9534646,0.99912524
0.91703796,0.9991006
0.05243152,0.0007661582
0.93473774,0.99907607
0.95159215,0.9991011
0.94553655,0.9991165
0.05377432,0.0008092354
0.053097844,0.0007982463
0.93167776,0.99913496
0.9401352,0.99906814
0.048353605,0.0008092354
0.07224961,0.0007815429
0.94650847,0.99913317
0.04400802,0.00073582836
0.048167896,0.0007534109
0.061492622,0.000761323
0.9477794,0.99906635
0.033979006,0.0007819825
0.060840413,0.0007934111
0.044581983,0.0007824221
0.955679,0.9991235
0.051477473,0.0007978068
0.0559382,0.000771433
0.94151956,0.9990778
0.9304444,0.9991235
0.95400715,0.99911207
0.9289357,0.9991143
0.038456816,0.0007938507
0.04399044,0.0007745099
0.06867955,0.00083912566
0.058731753,0.0007837407
0.062042817,0.0007806638
0.93537235,0.99912745
0.92314404,0.999109
0.047353502,0.00076220214
0.086287715,0.0008035211
0.94186,0.99910855
0.92439795,0.99913317
0.93403107,0.999109
0.9470064,0.999098
0.06693587,0.0007696747
0.937922,0.99913144
0.069662325,0.0008044002
0.0673323,0.00077055383
0.9631177,0.9991165
0.9508649,0.9991653
0.059896518,0.0007793451
0.923874,0.99912965
0.92515415,0.99911606
0.94417423,0.99917096
0.9160752,0.9990813
0.930204,0.9990985
0.93613154,0.9991428
0.9558298,0.99913186
0.05921831,0.0007969276
0.90184253,0.99904656
0.0624021,0.0007819825
0.024070082,0.00076000433
0.94186056,0.9991182
0.9523172,0.99911034
0.070302896,0.0008030815
0.9396313,0.99910593
0.032974694,0.0007687956
0.9420844,0.9990857
0.9461727,0.9991226
0.028593946,0.00074901525
0.05729016,0.0007986859
0.04566058,0.000792532
0.96523905,0.99912965
0.05300796,0.00076220214
0.05693731,0.00082154316
0.92813593,0.9990795
0.9700234,0.99913186
0.9393775,0.9990813
0.9381043,0.99910766
0.044516366,0.0007767077
0.9061124,0.9991402
0.05334496,0.00082989485
0.9392621,0.9990963
0.92690724,0.99915075
0.045522165,0.0007868177
0.04474615,0.0007723121
0.9410583,0.9991187
0.9458758,0.9991209
0.98118746,0.9991415
0.91364294,0.9990813
0.044081066,0.00081538927
0.0587528,0.000775389
0.046180815,0.00075297133
0.047177203,0.0007907738
0.045883182,0.00082242227
0.05650721,0.0007960485
0.06346758,0.0007903342
0.058564615,0.0007806638
0.038980264,0.0007595648
0.091822825,0.00082769705
0.057210427,0.0008162684
0.07277183,0.0007846199
0.057855703,0.00076220214
0.9365042,0.9991147
0.031652197,0.00075033394
0.9400292,0.9990971
0.9592176,0.9991147
0.95590806,0.9990976
0.9442495,0.99911165
0.053560384,0.0007841803
0.06260093,0.00073978445
0.04512698,0.0007723121
0.93689543,0.99910593
0.06299513,0.00083209266
0.04230074,0.0008149497
0.05236739,0.0007771473
0.06464819,0.0007986859
0.95913464,0.99910593
0.962004,0.99915165
0.9408022,0.9991196
0.059356477,0.0007806638
0.035757106,0.0007828616
0.062278543,0.00081846624
0.05323923,0.0007644
0.93778336,0.99909097
0.93404394,0.999098
0.9354276,0.9991174
0.07332549,0.000771433
0.9151952,0.99913013
0.9288005,0.9990901
0.044141483,0.0007582461
0.060294677,0.0007885759
0.054714255,0.00082681794
0.054513935,0.0007894551
0.051331136,0.0008083563
0.9423169,0.9990954
0.9249754,0.9991169
0.9258685,0.99911034
0.06978737,0.0007674769
0.035750914,0.00076220214
0.045962173,0.0007736308
0.060377873,0.0008092354
0.9378636,0.9991376
0.057203244,0.0007802242
0.06257815,0.00075648783
0.058466066,0.0008175871
0.9470871,0.99910504
0.92064023,0.9991213
0.037787274,0.0007837407
0.93296283,0.9991174
0.9255754,0.9991217
0.059905928,0.0007665978
0.06364734,0.0007828616
0.04259094,0.0007942903
0.92101955,0.99912876
0.91977257,0.9991354
0.050494704,0.000806598
0.05226463,0.0007837407
0.948054,0.9990646
0.9197736,0.9991385
0.8995036,0.9991068
0.9481266,0.99909186
0.893498,0.99912834
0.05963925,0.0007780264
0.053908773,0.0007661582
0.027748106,0.0007652791
0.060042113,0.0007692352
0.9407176,0.9991393
0.06933374,0.0007938507
0.93052435,0.9991244
0.9403521,0.9990976
0.061527535,0.0007969276
0.9391106,0.99909496
0.932769,0.99912524
0.9420737,0.9991024
0.95642626,0.99914855
0.92750573,0.9990967
0.05498316,0.00076352083
0.9471265,0.99908924
0.94322807,0.9991618
0.9541198,0.99914986
0.9697451,0.9991257
0.9416114,0.99912876
0.9599216,0.9991213
0.93292546,0.9991015
0.92760056,0.9991376
0.0443834,0.0007512131
0.93682116,0.9991046
0.9737846,0.9990993
0.94313747,0.99912614
0.06426884,0.00081363105
0.92978376,0.99908745
0.061233867,0.0007942903
0.058244452,0.00082901574
0.9248746,0.999138
0.9445788,0.99911207
0.964308,0.9991815
0.9346922,0.9991587
0.94557816,0.9990998
0.029876575,0.0007736308
0.92823744,0.99912
0.94027555,0.99909407
0.070550255,0.0008048398
0.056323975,0.0007912133
0.051308602,0.00080967497
0.89322364,0.99907386
0.0760923,0.0007534109
0.97278625,0.99914986
0.94489354,0.99911076
0.05874166,0.00076703733
0.07462198,0.0007661582
0.04212543,0.0007802242
0.04695683,0.0007595648
0.9590735,0.99914855
0.03058623,0.0007819825
0.050326824,0.0007841803
0.060819615,0.00075648783
0.05746324,0.0007498944
0.9357163,0.9991222
0.93202686,0.99911207
0.062379073,0.0007652791
0.9348452,0.9990932
0.9239597,0.9991156
0.9341068,0.9990791
0.9764638,0.99908394
0.90634483,0.9990971
0.063382894,0.0007687956
0.05008763,0.0007846199
0.058177847,0.0008079167
0.06237437,0.0007903342
0.025372025,0.00076352083
0.041233037,0.00077055383
0.9362219,0.9990967
0.037070684,0.0007868177
0.054504525,0.0007780264
0.9417595,0.99910635
0.052270327,0.0007876968
0.046404652,0.000747257
0.92556274,0.9991226
0.9458164,0.9990743
0.056947462,0.0007951694
0.92907983,0.9990923
0.9347766,0.9990615
0.059636526,0.0007960485
0.06407645,0.0008044002
0.079646766,0.0008233014
0.050817836,0.0007793451
0.95536256,0.99910635
0.04567717,0.00071604806
0.9396707,0.99910855
0.07553963,0.00081670796
0.060826052,0.00082154316
0.042494617,0.00081582885
0.060889937,0.00082154316
0.92622215,0.99908483
0.074465744,0.0008083563
0.93929106,0.9991244
0.93050927,0.99908966
0.06508671,0.0007846199
0.92586035,0.99911034
0.06830912,0.0007780264
0.94496506,0.99910855
0.9581199,0.9991639
0.9345505,0.99913406
0.04020644,0.0007916529
0.9441009,0.99908614
0.96084046,0.9991376
0.94607884,0.9992009
0.054085568,0.0007903342
0.92302865,0.9991182
0.9558575,0.9991565
0.062630646,0.0007907738
0.034976386,0.0008083563
0.9334712,0.99910414
0.9623784,0.9991323
0.9313643,0.9990989
0.9497009,0.9991187
0.048458096,0.0008030815
0.038492966,0.00076352083
0.9249709,0.9991266
0.9278502,0.99908656
0.91539925,0.9990958
0.96022195,0.9991648
0.060514558,0.0007894551
0.95657736,0.99912965
0.9292796,0.99913406
0.060173843,0.0008092354
0.9115472,0.99908924
0.91991323,0.9990822
0.9240553,0.9991134
0.04625386,0.000747257
0.05527237,0.0007802242
0.05724113,0.0008013233
0.94353664,0.9991279
0.9245983,0.9991182
0.0470841,0.00081890577
0.93858415,0.99908876
0.059240844,0.0007969276
0.037378713,0.0007947298
0.94144106,0.99912965
0.91603714,0.9990954
0.94291013,0.99910766
0.06097858,0.00081582885
0.051530216,0.0007863781
0.9196032,0.9990734
0.047395594,0.0007876968
0.9042805,0.99908394
0.068616904,0.0007758286
0.9325573,0.9990901
0.04782149,0.00073802617
0.9373706,0.9991235
0.9492094,0.99908745
0.9379567,0.9991213
0.06318777,0.0007846199
0.91069514,0.9991068
0.05354751,0.00081846624
0.9585352,0.99911255
0.077945925,0.0008044002
0.9478812,0.99911386
0.9296426,0.9990787
0.059103664,0.0007771473
0.044421036,0.00074066356
0.03604186,0.0007894551
0.06009832,0.0007723121
0.049459193,0.000799565
0.9469678,0.99913406
0.9349326,0.99907607
0.06257766,0.0007876968
0.041918922,0.0008017628
0.9454831,0.9991745
0.9338414,0.9990954
0.054193772,0.0007828616
0.9309956,0.9991112
0.040280476,0.0007679165
0.048581656,0.0008008837
0.04958696,0.00081099366
0.94609916,0.99908394
0.059765283,0.0007912133
0.95348316,0.99915427
0.0544919,0.0008118728
0.9065729,0.9991244
0.03656407,0.0007731912
0.9398301,0.99912524
0.9164135,0.99909496
0.9508305,0.9990976
0.027328651,0.00083077396
0.93461937,0.99913627
0.9419962,0.99913627
0.93236834,0.99914724
0.054142766,0.0007885759
0.047253713,0.0008083563
0.9397182,0.99912614
0.105221584,0.0007934111
0.9378175,0.9991033
0.9392871,0.9990963
0.9266262,0.99910414
0.8925103,0.99908525
0.07812024,0.0007731912
0.08800861,0.00082945527
0.94197667,0.99902856
0.9300762,0.99913317
0.9276479,0.9990936
0.041313265,0.00076703733
0.05601496,0.0007771473
0.9327665,0.9991046
0.047996797,0.0007868177
0.047012787,0.0007661582
0.054408204,0.0008057189
0.040906932,0.00080615847
0.9327596,0.9991182
0.9266995,0.9991877
0.055747043,0.0007903342
0.94264793,0.9991182
0.9410323,0.99908525
0.05749617,0.000806598
0.05657258,0.0007767077
0.04999106,0.0007920924
0.9370559,0.9991024
0.045826234,0.0008149497
0.95296764,0.9991182
0.051554978,0.00074286136
0.9141805,0.99912834
0.93243545,0.9991147
0.03923159,0.0007709934
0.058097124,0.0007969276
0.9541183,0.99915075
0.045698714,0.0008022024
0.9638286,0.99927473
0.049360394,0.0007652791
0.07985625,0.0007881364
0.9281325,0.9991147
0.03239776,0.0007547296
0.9522657,0.9991231
0.93070984,0.99915206
0.07701317,0.000775389
0.041156277,0.00084440043
0.9455386,0.99910414
0.045168575,0.0007951694
0.046624284,0.0008127519
0.049866762,0.0008035211
0.022970686,0.00074066356
0.05998615,0.0008175871
0.060489547,0.0007986859
0.95591325,0.9991024
0.9329866,0.99906635
0.9567658,0.9991182
0.04919821,0.00080967497
0.9314388,0.99909097
0.025069444,0.00074242183
0.057508055,0.0008118728
0.046073597,0.0007811034
0.054646656,0.0007934111
0.90763617,0.99911386
0.05153195,0.0007973672
0.07742916,0.0007679165
0.9392237,0.9991147
0.061837792,0.0008052793
0.8964337,0.99915075
0.9473025,0.99911606
0.051187027,0.0007547296
0.069970354,0.000799565
0.061159585,0.000799565
0.96452147,0.99914944
0.9337136,0.9990936
0.9011123,0.9991011
0.92972016,0.99912876
0.05512727,0.0008092354
0.05862924,0.00072044367
0.066062294,0.0007876968
0.95160925,0.9990879
0.94383276,0.9990782
0.04770412,0.0007978068
0.95303947,0.99910814
0.93792874,0.9991279
0.0522733,0.0007903342
0.93200433,0.9991015
0.9435651,0.9991279
0.066293314,0.00072747667
0.921284,0.9990712
0.9250789,0.9991459
0.929945,0.99913275
0.90979505,0.9990844
0.06730605,0.00082198274
0.941684,0.99913186
0.9382268,0.99910283
0.95235384,0.99912745
0.9469123,0.99910504
0.044682764,0.0008149497
0.039097138,0.00083077396
0.05803968,0.0007863781
0.06155329,0.0007969276
0.047716748,0.0008008837
0.049862303,0.0007938507
0.0747911,0.0007986859
0.949201,0.99911386
0.9533126,0.99913144
0.9392356,0.9991191
0.9425234,0.99908394
0.056847427,0.0007986859
0.05727159,0.0008017628
0.100847274,0.0007894551
0.97106636,0.99912
0.9325927,0.9991622
0.9413428,0.99912614
0.9435168,0.9990936
0.8764752,0.999098
0.9398653,0.9991231
0.05502055,0.00080044416
0.9236977,0.9991248
0.05357846,0.0007907738
0.07016844,0.0007960485
0.93438214,0.99913406
0.06638345,0.0007630813
0.057919834,0.0008101145
0.041074317,0.0007868177
0.041545276,0.0007595648
0.9393874,0.9990857
0.040737815,0.00081099366
0.057687078,0.00080396066
0.9261196,0.9990813
0.9439385,0.99908525
0.9241526,0.99911034
0.0705666,0.0007938507
0.93864954,0.9991226
0.9581598,0.9990554
0.024776766,0.0007771473
0.95353466,0.9991437
0.049490392,0.0008048398
0.054296285,0.00075385044
0.9356673,0.99914503
0.94643044,0.9991209
0.06424483,0.00081670796
0.055279553,0.0007938507
0.058981594,0.00077055383
0.92397827,0.9990954
0.051929116,0.00076220214
0.046300903,0.0007833012
0.9454071,0.99911207
0.93532705,0.9990954
0.89890337,0.9990954
0.044670876,0.00077055383
0.98301977,0.9991653
0.9387253,0.99909145
0.9340563,0.99911386
0.056915026,0.0007723121
0.9337146,0.9990963
0.9338959,0.99910414
0.06746105,0.0007745099
0.939969,0.9990985
0.9559004,0.9991442
0.9398804,0.99912614
0.90586674,0.9991015
0.05233941,0.0007876968
0.042558253,0.0007978068
0.9141107,0.99912
0.041273892,0.0007736308
0.056344282,0.0007723121
0.93388474,0.9990901
0.9503596,0.9990945
0.94615537,0.99911296
0.053766645,0.0007934111
0.9231936,0.99909097
0.9475259,0.9990998
0.05552048,0.00077055383
0.06370157,0.0008105541
0.9312197,0.9991376
0.93861854,0.99910986
0.9459283,0.99912614
0.050510798,0.0008008837
0.93596935,0.99908656
0.060156263,0.0007951694
0.035618443,0.00077055383
0.9327781,0.9990963
0.058717888,0.0008118728
0.05409869,0.0007450592
0.8906609,0.9990967
0.9375283,0.99911296
0.06361787,0.00080615847
0.9370551,0.9991134
0.9686779,0.9992079
0.03973895,0.000799565
0.07124456,0.00081582885
0.94320804,0.9991648
0.9165269,0.99908924
0.94029635,0.99908876
0.94864607,0.9991446
0.9328467,0.99910504
0.94486827,0.9991437
0.94226164,0.9991191
0.9283724,0.9991178
0.071543925,0.0007696747
0.9714036,0.9991257
0.9401025,0.99915606
0.07747422,0.0008008837
0.05727654,0.0007903342
0.9236732,0.99913275
0.93845785,0.99915475
0.060122587,0.00081099366
0.05889171,0.0007969276
0.04952382,0.0007833012
0.928435,0.9991187
0.04121001,0.0008052793
0.06433644,0.0008118728
0.04391616,0.0007982463
0.076266125,0.0008083563
0.028647432,0.0007630813
0.04239681,0.0007762682
0.9318632,0.9991112
0.9382781,0.9990976
0.9462834,0.99912614
0.9144759,0.9990809
0.92499965,0.9991002
0.95954865,0.9991596
0.9365559,0.99908614
0.04953496,0.0007002238
0.044896204,0.00081099366
0.043189663,0.00080264197
0.080789246,0.0007595648
0.92877126,0.9990822
0.9445751,0.99910593
0.058214244,0.0007679165
0.9348326,0.9991618
0.040785108,0.0007881364
0.87599856,0.99912614
0.045813356,0.000775389
0.045855947,0.00073407014
0.9408676,0.9991767
0.9551006,0.9991156
0.055677217,0.0008008837
0.032994006,0.00071604806
0.95573497,0.99912
0.078053385,0.00081582885
0.063890494,0.00077055383
0.05300202,0.0007652791
0.9472342,0.99912393
0.93634254,0.9991147
0.054998264,0.0007819825
0.0781294,0.0007876968
0.05216113,0.0007934111
0.05690438,0.000761323
0.92966515,0.99906504
0.053876087,0.0007828616
0.057827227,0.0007512131
0.93668544,0.9991187
0.043817606,0.0007868177
0.94507676,0.999102
0.9387275,0.99907166
0.94176,0.9991613
0.9406185,0.9991393
0.9459969,0.99911034
0.92823845,0.99912
0.94764894,0.99910945
0.067388505,0.0007916529
0.9407641,0.99911296
0.043655917,0.0007969276
0.9317342,0.9991222
0.9480526,0.99917096
0.048098814,0.00076352083
0.94507724,0.9991037
0.032484915,0.0007771473
0.9244316,0.9991037
0.94501805,0.99910635
0.040869296,0.0007745099
0.043715343,0.00082989485
0.062416214,0.00080615847
0.930981,0.99914855
0.94314414,0.9990769
0.050058164,0.00081451016
0.92986274,0.9991604
0.93843657,0.9990813
0.9233959,0.99910724
0.9345159,0.9991182
0.9174225,0.9991037
0.057289414,0.0007802242
0.047396585,0.0007793451
0.96159273,0.99910414
0.92881536,0.999138
0.93808913,0.9991015
0.95675784,0.99916834
0.09844743,0.0008017628
0.9475742,0.9991011
0.9350775,0.99908924
0.96746606,0.99911034
0.99537706,0.99910855
0.9555544,0.99906725
0.060657922,0.0007679165
0.10630389,0.0007819825
0.049510695,0.0007547296
0.052262403,0.0008114332
0.060520746,0.0007868177
0.05206456,0.00084440043
0.9216386,0.99910593
0.05117712,0.00081538927
0.03591112,0.0007463779
0.10331523,0.0008233014
0.9610054,0.9990976
0.964203,0.99917096
0.9461873,0.9991006
0.03054686,0.0007793451
0.97476566,0.99911207
0.06929239,0.00080396066
0.93216133,0.99911296
0.9843631,0.9991376
0.98516387,0.9992211
0.058335327,0.0007679165
0.06698762,0.0007960485
0.9349784,0.9991046
0.93490833,0.99909097
0.9530219,0.9991134
0.9248645,0.9991037
0.9167069,0.9991015
0.9522496,0.9991033
0.9437441,0.9990404
0.058459133,0.0007894551
0.046057254,0.00076703733
0.95558715,0.99913317
0.9465102,0.9990936
0.05574828,0.0007907738
0.91595244,0.99908304
0.051840223,0.0008083563
0.93566453,0.99910724
0.9591109,0.9991204
0.93578017,0.9990971
0.95734644,0.9991015
0.052261166,0.0008017628
0.9447093,0.99908966
0.9517095,0.9991376
0.06382909,0.0007876968
0.060974866,0.0007920924
0.07894082,0.00079560897
0.94570225,0.9991604
0.056770667,0.0008083563
0.052552108,0.00074901525
0.058059983,0.000761323
0.061320286,0.000785499
0.9349076,0.99915206
0.061503023,0.0007758286
0.06945829,0.0007758286
0.06120663,0.0007868177
0.95762074,0.9991165
0.94461197,0.99912834
0.056234095,0.0007595648
0.9292863,0.99911076
0.064208426,0.0008035211
0.039507184,0.0007894551
0.07132528,0.00074901525
0.04822064,0.0007679165
0.03489492,0.0007582461
0.9666502,0.9991424
0.06623785,0.0007846199
0.96041876,0.9991842
0.92835355,0.99911207
0.034447487,0.00073143275
0.9763345,0.99913496
0.07620298,0.0007679165
0.056659244,0.0007969276
0.94371116,0.99913716
0.08008182,0.00084044435
0.92241806,0.999149
0.052308705,0.00080615847
0.92289275,0.9991046
0.08728781,0.0007876968
0.07497607,0.0008233014
0.922527,0.9990945
0.06261975,0.00080747716
0.93733716,0.9991398
0.059635784,0.0008101145
0.9402298,0.9991389
0.043602433,0.00077407033
0.8951013,0.9991244
0.05784877,0.000778466
0.08436154,0.0007679165
0.92339265,0.9991217
0.9586199,0.99910814
0.048001252,0.0007986859
0.9336257,0.9990743
0.09011604,0.0007828616
0.94082654,0.99915826
0.9387614,0.99912876
0.9194215,0.9991187
0.06328162,0.0007903342
0.041407354,0.00076220214
0.9323998,0.99910855
0.9437701,0.99910945
0.06375629,0.0007811034
0.9293242,0.99911034
0.9311256,0.99909407
0.8830654,0.99913055
0.95202845,0.99909097
0.93383497,0.99910724
0.9282449,0.9990787
0.9354491,0.9991165
0.060162947,0.00074066356
0.91598016,0.9991244
0.93106914,0.99908304
0.93497866,0.99914813
0.046684455,0.0008044002
0.0496189,0.000761323
0.95103306,0.9991156
0.06511691,0.0007762682
0.9307826,0.9991182
0.9744319,0.9991112
0.04088143,0.00073670753
0.9589789,0.99912393
0.9416615,0.99908614
0.05702348,0.00074066356
0.06280224,0.0007556087
0.94160056,0.9991015
0.93779373,0.99911296
0.10790545,0.0007819825
0.08220261,0.0008127519
0.93450004,0.9991279
0.05897342,0.0007696747
0.05243771,0.0007920924
0.9340068,0.99913055
0.043325603,0.0007934111
0.053033218,0.0008035211
0.049599092,0.0007793451
0.0636414,0.000771433
0.050140865,0.0007973672
0.9188022,0.99913317
0.06594939,0.00080615847
0.9303827,0.9991112
0.054839794,0.0007969276
0.9627629,0.9991657
0.045433026,0.0007912133
0.051681012,0.00082505966
0.9212323,0.999102
0.91732347,0.99907166
0.09094801,0.000775389
0.05815779,0.000775389
0.055526666,0.000785499
0.07249178,0.00073582836
0.038309734,0.0008083563
0.9525987,0.99911034
0.05409349,0.0008052793
0.051388085,0.0008079167
0.9545333,0.9991323
0.06457167,0.0007687956
0.06576912,0.000799565
0.05205515,0.0007178063
0.9286943,0.9991174
0.05376813,0.0008035211
0.06264649,0.00080747716
0.927814,0.9992664
0.89598995,0.9991428
0.05400732,0.0007986859
0.91256166,0.99915516
0.95194626,0.9991037
0.06120985,0.0007863781
0.06591893,0.0007912133
0.065537356,0.0008101145
0.055924825,0.0007819825
0.03942052,0.0007837407
0.04409518,0.00080396066
0.049255654,0.0008035211
0.9393589,0.9990765
0.9376482,0.99910814
0.056814,0.0007692352
0.050662335,0.0007841803
0.06616456,0.0007942903
0.935536,0.999098
0.046665885,0.0008022024
0.05619299,0.000778466
0.94275117,0.99910414
0.9591416,0.9991354
0.049168743,0.00073407014
0.06033281,0.000799565
0.9332818,0.99910635
0.9505433,0.99911207
0.0566897,0.0007969276
0.94670355,0.9991257
0.049334146,0.0007824221
0.93209475,0.9990901
0.9394092,0.999109
0.05572129,0.0008197849
0.051359612,0.0007582461
0.062018055,0.0007846199
0.9475373,0.99910504
0.050147057,0.0007903342
0.02817375,0.0007736308
0.93361706,0.99911207
0.042430487,0.0007947298
0.93666464,0.9991178
0.9175312,0.9991437
0.9514812,0.99910283
0.937845,0.9991402
0.049206626,0.00081934535
0.061984874,0.0007771473
0.04487813,0.0007868177
0.9327687,0.9991446
0.93373984,0.99907166
0.07342032,0.0007837407
0.070294224,0.0007973672
0.058250643,0.0007947298
0.055769823,0.00079560897
0.05464294,0.0007986859
0.89357007,0.99910945
0.064793035,0.0008048398
0.92855287,0.9991231
0.06528182,0.00079560897
0.93803346,0.99912
0.92992467,0.99910855
0.9171464,0.9991182
0.93703085,0.9991112
0.04433264,0.00080967497
0.92497045,0.9991156
0.04473377,0.0007907738
0.9458132,0.99915075
0.93453467,0.9991011
0.07820195,0.00082681794
0.9393436,0.9991178
0.945437,0.9991156
0.03653114,0.00074549875
0.051193215,0.0008118728
0.03361576,0.0007661582
0.065778784,0.00080264197
0.92811364,0.999102
0.9324367,0.9991068
0.09300071,0.0006984655
0.0600748,0.0007547296
0.9425484,0.9991156
0.034215722,0.0008044002
0.9686566,0.99911386
0.056957368,0.0007815429
0.947929,0.9991266
0.05833186,0.00080264197
0.06720973,0.0008008837
0.045303028,0.0008052793
0.93558407,0.99911386
0.035400793,0.0008035211
0.91958886,0.99913317
0.94743574,0.99914813
0.04510667,0.0007951694
0.95488465,0.99914813
0.93478775,0.99909496
0.054755606,0.0007661582
0.088585794,0.0007837407
0.050140865,0.0007894551
0.9225131,0.99913496
0.9098389,0.9990967
0.047284912,0.00073978445
0.93161464,0.9991068
0.07598583,0.000806598
0.9108004,0.9991217
0.060418483,0.0007942903
0.93788093,0.99908745
0.034599766,0.00072659756
0.9412814,0.9991033
0.98016113,0.9991393
0.026523914,0.0008052793
0.06148767,0.0007837407
0.9509372,0.99909097
0.039736472,0.0008030815
0.047593437,0.0007771473
0.92019176,0.9990989
0.94384986,0.9991169
0.06923618,0.000775389
0.06577531,0.0007978068
0.06435897,0.0007916529
0.94139725,0.99906987
0.044457436,0.0007771473
0.026023738,0.0007582461
0.94891673,0.9991323
0.097198226,0.00080264197
0.93478084,0.9991398
0.9461301,0.9990998
0.049626578,0.0007903342
0.050599445,0.0008092354
0.92486817,0.9990976
0.05814739,0.0007837407
0.04313197,0.00076088344
0.9399024,0.99910414
0.022638144,0.0007745099
0.042257655,0.0007762682
0.051319744,0.000806598
0.8878317,0.9991147
0.9382991,0.9990985
0.06276461,0.000747257
0.056828115,0.00082549924
0.04909644,0.00081099366
0.9603799,0.99914986
0.9409768,0.9991398
0.91701144,0.9991046
0.0436319,0.0007652791
0.03984146,0.00084308174
0.044444066,0.0007731912
0.054091264,0.0008105541
0.9246629,0.9991217
0.9274664,0.99912
0.03969388,0.0008127519
0.06179471,0.0007687956
0.95446795,0.99911606
0.046360828,0.0007846199
0.037085295,0.0007903342
0.95109445,0.99910414
0.056993768,0.0008118728
0.8946157,0.9991657
0.04974766,0.00073143275
0.09007295,0.000775389
0.93534386,0.99912
0.9427549,0.9990945
0.9289535,0.9990963
0.046110988,0.0007811034
0.0397699,0.00074066356
0.059197757,0.0007802242
0.92966396,0.9990954
0.06176029,0.0007960485
0.036824062,0.0007626417
0.94067127,0.9991187
0.94275117,0.99908876
0.064526364,0.0008118728
0.92394507,0.9991235
0.062053215,0.0007876968
0.061404474,0.00082769705
0.9391252,0.9991244
0.94323725,0.9991112
0.9513782,0.99913186
0.06720973,0.00081231236
0.9386505,0.99908656
0.035319824,0.0007463779
0.9482608,0.9990967
0.044078838,0.0007674769
0.047662027,0.0008118728
0.064390175,0.00083077396
0.9225441,0.999138
0.050865874,0.0007942903
0.028637527,0.0007758286
0.05051773,0.00075297133
0.08361276,0.00081846624
0.045561288,0.0008496752
0.048967436,0.0008118728
0.9232624,0.9991191
0.057922557,0.0007934111
0.9228977,0.9991244
0.066857874,0.0007824221
0.058966983,0.0007745099
0.9410216,0.99909276
0.056480467,0.0007679165
0.918169,0.99909097
0.9552536,0.99910766
0.9644546,0.99913406
0.0681093,0.00081319147
0.0658439,0.000775389
0.05511786,0.0007868177
0.07497904,0.0007912133
0.94304264,0.99908656
0.8914136,0.9991156
0.057677917,0.0007868177
0.9698619,0.99910855
0.9249125,0.99912876
0.8816406,0.99916834
0.95733106,0.9991385
0.93256617,0.99911076
0.056073394,0.000806598
0.88454956,0.99908745
0.94230425,0.9991376
0.05448125,0.000761323
0.93886197,0.99909186
0.05178179,0.0007604439
0.9231909,0.99913716
0.9436485,0.99910635
0.047731604,0.0007978068
0.057426345,0.0007885759
0.03642318,0.0007028612
0.9453553,0.99908304
0.930252,0.99910814
0.94488835,0.9991648
0.05865747,0.0007828616
0.9377254,0.99920046
0.05194447,0.00076000433
0.050764848,0.0007811034
0.04244856,0.0007802242
0.9504858,0.99913627
0.9316842,0.99909097
0.9398935,0.9991015
0.9259364,0.99910504
0.92901146,0.9991235
0.047507763,0.0008048398
0.9586253,0.9991402
0.03041934,0.0007595648
0.9589361,0.9991622
0.05745878,0.0007947298
0.045614276,0.0007819825
0.95194227,0.9991604
0.019211447,0.00079560897
0.9339357,0.99908304
0.029383829,0.0007868177
0.9379691,0.99913144
0.041406117,0.0008022024
0.92177826,0.99904877
0.049271256,0.00081582885
0.9235972,0.9991033
0.9491034,0.9990993
0.05819493,0.0007661582
0.060523964,0.0007652791
0.96567583,0.9991169
0.9540651,0.9991112
0.06724539,0.00081319147
0.94324565,0.999149
0.054862574,0.0007912133
0.9172398,0.9991024
0.92175746,0.9991622
0.9581123,0.999149
0.90632576,0.9991046
0.9391806,0.99909276
0.93917096,0.9991174
0.057711344,0.0007876968
0.9356465,0.99912745
0.04064248,0.0007947298
0.06368795,0.0007894551
0.04549988,0.0007828616
0.051281612,0.0008083563
0.049866267,0.00083297177
0.9577624,0.99913055
0.95165753,0.99911207
0.05281012,0.0007920924
0.05445624,0.00076703733
0.9279116,0.9991354
0.9208289,0.99908924
0.04625782,0.0007811034
0.96192646,0.99911207
0.98361576,0.9991437
0.90645206,0.9991002
0.04769075,0.00076220214
0.94106895,0.99910814
0.93525326,0.99903387
0.93527627,0.9991446
0.061416112,0.0007736308
0.06600584,0.0007986859
0.9306479,0.9990985
0.8757512,0.9991231
0.9355821,0.9990945
0.038449883,0.0007920924
0.9081363,0.9991055
0.077926606,0.0007771473
0.9406195,0.99917406
0.949954,0.99913317
0.8841046,0.9991376
0.9571253,0.9991156
0.05869585,0.0007969276
0.10563733,0.00082505966
0.8692504,0.9991385
0.9306774,0.99910945
0.07662244,0.0007969276
0.060341723,0.0007969276
0.04397509,0.00074418006
0.9451738,0.99913627
0.10252212,0.0007780264
0.9511509,0.9990967
0.057284214,0.0007951694
0.035945043,0.0007903342
0.085487925,0.0007534109
0.03642244,0.00081582885
0.063346,0.0007912133
0.94132024,0.99911034
0.9611554,0.99909145
0.07578699,0.0007639604
0.04372624,0.0007644
0.05393898,0.0007828616
0.05328826,0.000775389
0.93271005,0.99911606
0.043746047,0.0007894551
0.05727431,0.0007841803
0.9470512,0.9991112
0.9393829,0.9991187
0.9242021,0.99912614
0.9343599,0.9991002
0.9466288,0.99908
0.046451204,0.0007951694
0.9410043,0.9991134
0.051339556,0.0008048398
0.9342826,0.9991196
0.95164394,0.99913317
0.9259624,0.9990655
0.9343297,0.9991442
0.049707547,0.0008083563
0.057374347,0.0007802242
0.94112563,0.9991477
0.03658586,0.0007802242
0.039583944,0.0007986859
0.9339313,0.99916744
0.06710821,0.0007780264
0.94830143,0.9990857
0.93641806,0.99910724
0.052649174,0.0007771473
0.9631041,0.9991217
0.06414677,0.0007978068
0.94006854,0.9991024
0.8997737,0.9991653
0.06479205,0.0008008837
0.06397864,0.0007885759
0.05707127,0.00084176305
0.05703066,0.00082681794
0.9445751,0.9991143
0.9524006,0.99906373
0.049199197,0.00082418055
0.048376385,0.0007771473
0.9205996,0.999142
0.100858666,0.0007863781
0.053505167,0.00077407033
0.8900186,0.99908966
0.93302625,0.9991182
0.93105775,0.999102
0.89771634,0.9991257
0.9190654,0.99911255
0.9557372,0.9990782
0.04459288,0.0007890155
0.95795184,0.9991209
0.9671887,0.9991209
0.9242291,0.99913096
0.06498791,0.0007815429
0.03557486,0.00082418055
0.07957521,0.00081099366
0.0653722,0.0007793451
0.9630177,0.9991244
0.051674575,0.0007868177
0.058921423,0.00084088393
0.061189793,0.0008105541
0.055687368,0.0007934111
0.052504815,0.00076088344
0.057706393,0.0008035211
0.08754954,0.0007951694
0.05553459,0.0007745099
0.9595083,0.99914813
0.93579453,0.9991534
0.9125329,0.9990756
0.9326335,0.999142
0.9383561,0.9991037
0.059976745,0.0007876968
0.043765362,0.00073802617
0.94277173,0.99917275
0.90776986,0.9990998
0.045087114,0.00079560897
0.92017597,0.99911386
0.06322541,0.0008562686
0.059114806,0.00081846624
0.03919371,0.0007639604
0.93861806,0.9991156
0.9613292,0.9991323
0.037987094,0.0007942903
0.9433301,0.9990998
0.051413592,0.0008030815
0.9511542,0.9991639
0.91846323,0.9990998
0.042467628,0.0007828616
0.9256786,0.9991415
0.06499286,0.000771433
0.059639003,0.0007903342
0.05586466,0.00075736694
0.017620046,0.0007811034
0.9393136,0.9991257
0.04714823,0.0008052793
0.10329517,0.0008035211
0.06763859,0.0008127519
0.9340776,0.9991222
0.95357704,0.9990826
0.94212896,0.9991156
0.94399494,0.9990945
0.92228734,0.99909407
0.07079564,0.0007863781
0.068754084,0.0007771473
0.91548073,0.99906904
0.94066036,0.99913055
0.95827395,0.99913317
0.06165357,0.0007916529
0.9770897,0.99910814
0.9409493,0.9991367
0.93079305,0.99908656
0.067948356,0.0007863781
0.061110806,0.000778466
0.054059073,0.0007837407
0.06668628,0.0007885759
0.9425132,0.9991411
0.032523543,0.0007969276
0.11400264,0.0007639604
0.95371395,0.9991345
0.8900931,0.99913627
0.9507342,0.99908745
0.9560244,0.9991231
0.045967866,0.0007868177
0.03852986,0.00075648783
0.05112215,0.0007912133
0.068866,0.00075648783
0.9288327,0.99910414
0.059774693,0.000799565
0.94424456,0.9991745
0.92959017,0.99908
0.9193863,0.9990611
0.9241439,0.99910724
0.9616301,0.9990945
0.9367206,0.9991112
0.92423576,0.9991182
0.04565117,0.000775389
0.05926387,0.0008079167
0.059675895,0.0007868177
0.93518394,0.99910724
0.93634427,0.9991024
0.94568515,0.9991174
0.0755634,0.0007661582
0.051369764,0.00081670796
0.07501519,0.0007986859
0.052524623,0.0007986859
0.06004038,0.00072835584
0.0664971,0.0007780264
0.936447,0.9991046
0.94890434,0.99913275
0.051037963,0.00083824655
0.92464805,0.9990791
0.9396499,0.99913317
0.937533,0.9991112
0.030748663,0.0007934111
0.06292357,0.00079560897
0.8937872,0.999149
0.95607936,0.9991428
0.9372052,0.99912745
0.937975,0.9991244
0.05944859,0.0007951694
0.057397623,0.00082242227
0.079759926,0.0007696747
0.046524744,0.00080615847
0.046300903,0.00074813614
0.043955278,0.0007771473
0.9506532,0.9991112
0.053484365,0.0007973672
0.9307403,0.99908924
0.046445757,0.000761323
0.8962029,0.9990998
0.909828,0.9990712
0.9221541,0.9991266
0.061920743,0.00079560897
0.95427823,0.9990963
0.07036925,0.00076703733
0.9556171,0.99912524
0.063904114,0.00082286185
0.95498097,0.9991226
0.9757031,0.99913496
0.9632247,0.99915123
0.9379597,0.9991407
0.9310218,0.9991134
0.909858,0.9991578
0.9460972,0.99916744
0.9534983,0.9991393
0.9445221,0.9991587
0.9471342,0.9991402
0.039266504,0.00073319103
0.053937495,0.00074242183
0.88795847,0.99910593
0.038697988,0.0007661582
0.9331966,0.9990844
0.9425172,0.9990804
0.04702814,0.0007569274
0.9136224,0.9990971
0.94251746,0.9990804
0.062456574,0.0007771473
0.051591128,0.00073143275
0.062675215,0.00083560916
0.9435111,0.99911165
0.9111547,0.9991244
0.9583297,0.99917936
0.05941813,0.0007951694
0.9379782,0.9991143
0.07115814,0.0007903342
0.9305734,0.9990985
0.92327976,0.9991433
0.06414603,0.0007736308
0.94974124,0.9991178
0.93303144,0.9991033
0.9117579,0.9990967
0.050723743,0.00080264197
0.9459127,0.9991596
0.91819257,0.99910766
0.0576383,0.0007978068
0.9731081,0.9991591
0.93677855,0.9990958
0.93667454,0.9991169
0.059006106,0.00081319147
0.9446843,0.99908835
0.04495167,0.0007846199
0.9314086,0.99908614
0.049712252,0.0008118728
0.92532355,0.99910766
0.062571466,0.00081363105
0.94937754,0.9991024
0.07207852,0.00080615847
0.04880104,0.0008101145
0.06716739,0.0007811034
0.04487367,0.0007498944
0.06033083,0.0007652791
0.9346989,0.99913317
0.9317768,0.9990936
0.05726391,0.00080615847
0.08372766,0.0008364883
0.03551593,0.00075297133
0.95425105,0.9990967
0.06133341,0.0007802242
0.92035574,0.9991367
0.94875455,0.999098
0.9255771,0.9991006
0.059049685,0.0008083563
0.9222467,0.9990936
0.046912257,0.0007595648
0.9781653,0.9991393
0.9494835,0.9991815
0.9178907,0.99908173
0.9371797,0.9990804
0.042507246,0.000785499
0.9362504,0.999138
0.05568712,0.0007556087
0.94116575,0.9991446
0.05373891,0.0007652791
0.052830424,0.0007912133
0.9285665,0.9990998
0.9673762,0.99916
0.04769174,0.0007960485
0.9498086,0.99913013
0.9189812,0.99912834
0.957126,0.9991446
0.0584262,0.0007894551
0.9324659,0.99908656
0.04753228,0.0007934111
0.93252456,0.99910814
0.066564456,0.0007876968
0.046124604,0.0007894551
0.94207346,0.9991345
0.9458208,0.9991231
0.041414287,0.0007978068
0.044758037,0.000778466
0.91884106,0.9990958
0.050633863,0.00073538884
0.94103473,0.99913496
0.059962135,0.0007920924
0.943624,0.99908656
0.9448576,0.99913275
0.9416045,0.99910814
0.07888536,0.0008118728
0.06423913,0.0007969276
0.9200447,0.9991196
0.90441173,0.9990954
0.94871837,0.9990958
0.90740734,0.99910504
0.92737997,0.99915206
0.055265684,0.0007520922
0.92990017,0.9991657
0.95766586,0.9991455
0.88036025,0.9990752
0.9614184,0.99912745
0.94495964,0.99911606
0.9457146,0.99910414
0.90871006,0.99913055
0.94251126,0.99907607
0.05457757,0.00072835584
0.95714885,0.9991187
0.065468274,0.0007745099
0.90407175,0.999149
0.036468245,0.0007674769
0.080561444,0.00082154316
0.053479414,0.00074242183
0.03626545,0.000806598
0.07236698,0.00080615847
0.026542732,0.0007811034
0.053787194,0.000799565
0.040694483,0.0007837407
0.061658274,0.0007736308
0.05568712,0.0008008837
0.949667,0.9990778
0.9276149,0.99909186
0.052783377,0.0007881364
0.927917,0.9991424
0.9359698,0.9990936
0.9238292,0.99912
0.93873346,0.99916
0.04452231,0.00085011474
0.9462202,0.9991446
0.9718981,0.999149
0.060189195,0.0008083563
0.06146712,0.0007920924
0.9337849,0.99910945
0.9498267,0.9991266
0.059441656,0.0007982463
0.051172417,0.0007885759
0.055137668,0.0007978068
0.94436264,0.99917275
0.06389173,0.00081363105
0.042725887,0.0007841803
0.93775314,0.99917537
0.042046938,0.000775389
0.93839544,0.9991037
0.93062294,0.99917626
0.97248715,0.99909276
0.935285,0.9991428
0.95382637,0.9991257
0.9567831,0.99913144
0.92791504,0.99912924
0.9096487,0.99910593
0.9494409,0.9990857
0.8878901,0.9991226
0.050685365,0.00073319103
0.9119436,0.9991147
0.0917837,0.0007731912
0.9302834,0.9990967
0.92472756,0.9990835
0.0736615,0.00080264197
0.95886505,0.9991437
0.9185177,0.99909407
0.9439006,0.9991033
0.9355435,0.9991279
0.05640148,0.0007802242
0.06987304,0.0007951694
0.05955506,0.00080615847
0.9215452,0.99911207
0.04110007,0.0007639604
0.061326724,0.0007630813
0.037233118,0.0007661582
0.9275981,0.9991002
0.06798302,0.000775389
0.09304033,0.0007986859
0.9355234,0.9990787
0.051364314,0.0007604439
0.053178318,0.0007837407
0.07161226,0.000792532
0.049740974,0.0007934111
0.91298455,0.99913013
0.9553727,0.9991868
0.053561125,0.00073143275
0.04364329,0.0007736308
0.92509425,0.9991147
0.085325494,0.0007841803
0.9071565,0.99912965
0.9114766,0.99913406
0.9320734,0.9990901
0.9192184,0.9991653
0.061930154,0.0007978068
0.9375942,0.99909496
0.04188896,0.0007868177
0.04321319,0.0007912133
0.052043762,0.00074901525
0.08266045,0.0008197849
0.91377395,0.9990923
0.94722134,0.9991011
0.02558299,0.0007762682
0.923669,0.9990756
0.8722975,0.99907166
0.95589095,0.9991442
0.04537855,0.0007863781
0.94909674,0.99910855
0.049016956,0.0008052793
0.9512054,0.99906635
0.9259569,0.9991235
0.9478872,0.99910414
0.9447625,0.9991006
0.93938935,0.99905497
0.8985691,0.99912524
0.95152384,0.9990923
0.061221983,0.00082154316
0.056964055,0.00074066356
0.91633576,0.99911517
0.9500233,0.99910945
0.05658298,0.00080264197
0.042971022,0.00081099366
0.038131207,0.0007520922
0.9579558,0.9991112
0.06604199,0.00082198274
0.9349581,0.9991226
0.9279148,0.9990923
0.04377279,0.0008114332
0.9345273,0.999109
0.061123434,0.000792532
0.09666833,0.00082769705
0.9249125,0.9991015
0.04537013,0.0008127519
0.060945153,0.00083165313
0.9397182,0.99910414
0.073457964,0.0007885759
0.9163372,0.99912876
0.95253307,0.99912924
0.038341925,0.0007696747
0.08259261,0.00076703733
0.05834746,0.0007661582
0.06299464,0.000775389
0.04334467,0.00077055383
0.05192392,0.0008083563
0.9309025,0.99913716
0.041741878,0.0007745099
0.049299482,0.00072308106
0.91079766,0.99913406
0.030388884,0.0007520922
0.05875503,0.00081890577
0.9280332,0.99911386
0.9344703,0.99910283
0.062871575,0.00081582885
0.05682762,0.00082989485
0.9422639,0.9991824
0.93999153,0.99910766
0.045784883,0.0007876968
0.037164778,0.0007415427
0.06366442,0.0007837407
0.9523932,0.9991235
0.9487602,0.9990971
0.0648745,0.0007811034
0.057314917,0.0007661582
0.9228885,0.9990787
0.09475331,0.00075648783
0.93793243,0.999062
0.9365983,0.99906904
0.9279586,0.9991631
0.08366427,0.00082681794
0.9392834,0.99910945
0.062561564,0.0007696747
0.06063341,0.0007780264
0.05333803,0.00081451016
0.95116353,0.9991147
0.9391732,0.9991006
0.9009967,0.9991174
0.9731029,0.99910283
0.05029389,0.00073978445
0.053189956,0.0008057189
0.9365745,0.9990743
0.05594934,0.0007850594
0.9654339,0.9991196
0.9572412,0.9991807
0.0443111,0.00074418006
0.044158567,0.0008127519
0.91591084,0.99912965
0.9654874,0.99909276
0.0640507,0.00077055383
0.9262348,0.9990901
0.06732016,0.0008057189
0.9489843,0.9991226
0.93142617,0.99910986
0.9341375,0.99914634
0.06548041,0.00081582885
0.93022776,0.99912
0.06297879,0.0007969276
0.9364153,0.99913144
0.08005112,0.0007894551
0.044433665,0.0008092354
0.036616564,0.0007846199
0.9218268,0.99913496
0.057245586,0.0007978068
0.89046526,0.9991002
0.9279032,0.9990646
0.06320833,0.0008246201
0.06549675,0.000785499
0.9207737,0.9991174
0.06602788,0.0007876968
0.09092325,0.0007762682
0.98545206,0.99921143
0.94125164,0.99910766
0.95524937,0.99907607
0.076237895,0.0007903342
0.9199105,0.9991446
0.94080645,0.9990826
0.058590118,0.0007745099
0.9246161,0.9990963
0.05425023,0.0007960485
0.05224507,0.00083473005
0.044738475,0.00081846624
0.9428777,0.9991653
0.1017315,0.00081363105
0.90685964,0.99913317
0.9145257,0.9990624
0.94204795,0.99912965
0.9155805,0.99910724
0.047168534,0.0007934111
0.053454652,0.0007780264
0.93417984,0.9990958
0.9333922,0.9991217
0.9037239,0.9990963
0.93466467,0.99911034
0.061051875,0.00084308174
0.04859057,0.0007837407
0.9202175,0.9991156
0.05181596,0.0008017628
0.9493741,0.9991376
0.94297135,0.99910945
0.06163277,0.00075736694
0.039595086,0.0007652791
0.05874735,0.0008030815
0.057809398,0.0007512131
0.07530143,0.00075297133
0.9423223,0.9990835
0.0697376,0.0007969276
0.9480996,0.9991345
0.9672546,0.999182
0.9424476,0.99915165
0.043924574,0.0007881364
0.92102647,0.9991037
0.9361221,0.99909097
0.060109217,0.000719125
0.051773123,0.00080615847
0.052968346,0.0008052793
0.9297216,0.9991156
0.056850646,0.0007982463
0.05343435,0.0007951694
0.96208,0.99912524
0.06577705,0.0007736308
0.9597393,0.9991385
0.9166051,0.99910414
0.09578956,0.00077055383
0.96131635,0.9991596
0.93322605,0.99911296
0.93154204,0.9991006
0.024888935,0.00074330095
0.94469917,0.9991367
0.051708993,0.00076703733
0.070690155,0.0008175871
0.05312038,0.0007802242
0.05058508,0.0007938507
0.100631855,0.0008022024
0.93191445,0.9991437
0.91337925,0.99910504
0.07018998,0.0007780264
0.93051374,0.99907386
0.052906193,0.0008048398
0.918615,0.99912876
0.060824815,0.000747257
0.9186343,0.99909496
0.043845836,0.00081099366
0.04997026,0.00081582885
0.106869936,0.0007767077
0.050121058,0.0007498944
0.9460615,0.99912703
0.054394834,0.0006123112
0.0556579,0.0007723121
0.052279737,0.0007969276
0.06518649,0.00075736694
0.8786923,0.9991587
0.9670565,0.9991459
0.04217495,0.0007986859
0.93561083,0.9990778
0.052302763,0.0008008837
0.9190738,0.9991213
0.061507974,0.0007639604
0.9674601,0.99913055
0.9536528,0.9991402
0.058853082,0.0008044002
0.9320229,0.9990879
0.93423164,0.9990795
0.056688957,0.00080615847
0.05431015,0.0007868177
0.93077177,0.9991068
0.06591076,0.0008035211
0.9213791,0.9990963
0.9437516,0.99908
0.9395278,0.99911034
0.059132636,0.0007986859
0.94195116,0.9990655
0.94103,0.99908304
0.07532099,0.000785499
0.04260629,0.00077055383
0.033694994,0.0007885759
0.95166844,0.9991169
0.9440754,0.99912614
0.9184414,0.99908614
0.9383053,0.9991446
0.929655,0.99912
0.044858567,0.00075516914
0.9418843,0.99912703
0.043090124,0.0008092354
0.050850272,0.0007485757
0.9414153,0.9990787
0.9625901,0.9991323
0.059747703,0.0008052793
0.043517996,0.00074330095
0.090227954,0.0007802242
0.92258894,0.99912965
0.9110705,0.99919075
0.92592674,0.99912745
0.058705755,0.0007731912
0.94587654,0.9991134
0.9308488,0.9990963
0.032028817,0.0007687956
0.96081424,0.99913317
0.9363913,0.9990998
0.93466496,0.99909407
0.9120258,0.99910504
0.05636211,0.00082022446
0.91968393,0.99911255
0.054643683,0.0008149497
0.063603014,0.0007811034
0.96371204,0.9992589
0.048300616,0.0007978068
0.9455685,0.99910724
0.04539613,0.00082022446
0.9046383,0.9990945
0.9552142,0.9990791
0.8881501,0.99911076
0.055381566,0.0007802242
0.053239726,0.0007846199
0.065705985,0.00080615847
0.05406576,0.0007806638
0.92801213,0.9990936
0.04825778,0.00080044416
0.94711804,0.99910283
0.9138663,0.9991033
0.9300881,0.9991134
0.93876785,0.99911207
0.05626901,0.0007951694
0.95589715,0.9991393
0.06255339,0.0007960485
0.9407054,0.9990976
0.052452818,0.0007758286
0.9371688,0.99911386
0.8964728,0.99913317
0.077581435,0.00073890534
0.9559697,0.9990998
0.949411,0.999062
0.9421126,0.99910945
0.9042132,0.9991147
0.0396352,0.0007696747
0.075654276,0.0007986859
0.923126,0.9991182
0.93992865,0.99906635
0.0721424,0.0008022024
0.02943954,0.0007652791
0.048761174,0.0008052793
0.9494288,0.99911076
0.9398643,0.99910766
0.055067845,0.0007815429
0.95070326,0.9991446
0.9572808,0.999222
0.055954292,0.00076220214
0.9526358,0.9991257
0.058703527,0.00081231236
0.9653272,0.9990804
0.9298484,0.9991618
0.9402253,0.99905276
0.05353785,0.00084747735
0.9436225,0.99912524
0.9286779,0.99912703
0.05177238,0.0007661582
0.9231837,0.99908924
0.05443767,0.0007920924
0.051507186,0.0008030815
0.056389097,0.0007687956
0.9257487,0.99909496
0.94078,0.99914986
0.059555557,0.00077407033
0.94416356,0.99911517
0.9265779,0.99914634
0.046237763,0.0008118728
0.0472812,0.0007837407
0.041179057,0.00074813614
0.9576651,0.99909097
0.96484685,0.99914944
0.04905113,0.00071516895
0.06570227,0.0007881364
0.9407151,0.9991182
0.059656333,0.0007661582
0.9484111,0.99912614
0.049554028,0.0007912133
0.055303074,0.0007912133
0.061820213,0.000778466
0.9215336,0.99908656
0.059609786,0.0007415427
0.07387568,0.0008030815
0.049274474,0.000785499
0.9474234,0.9991182
0.93351203,0.9991442
0.055948596,0.0007903342
0.055588074,0.0007846199
0.94530654,0.9990901
0.04905682,0.0007059381
0.9557122,0.99910504
0.9320291,0.9991134
0.05699055,0.0007463779
0.92861354,0.99912
0.04354548,0.0007723121
0.9791516,0.9991174
0.93347514,0.9990932
0.9494679,0.99910855
0.043639574,0.0007780264
0.92270255,0.99915075
0.055148814,0.00076000433
0.05159707,0.000799565
0.95947564,0.999062
0.041553695,0.00081890577
0.949172,0.99910504
0.9156199,0.9991147
0.9432328,0.99910504
0.9488162,0.99911606
0.945725,0.9991569
0.94074726,0.9990901
0.94405115,0.9991006
0.044560444,0.000778466
0.0519514,0.0007793451
0.965297,0.99917364
0.060446464,0.0007903342
0.06299984,0.0007986859
0.95341086,0.99912703
0.061479498,0.00081846624
0.07755148,0.0007960485
0.047991846,0.0007960485
0.09408946,0.0007687956
0.06426167,0.00081670796
0.066598125,0.0007986859
0.0609714,0.00072835584
0.065443516,0.0008118728
0.042046938,0.0007824221
0.94259495,0.99908173
0.053619564,0.0007868177
0.056067698,0.00076220214
0.93249583,0.9991231
0.042105123,0.0008044002
0.07548887,0.00080264197
0.9340964,0.9990787
0.9372572,0.9991174
0.040751927,0.00075604825
0.92303956,0.9991358
0.06967272,0.0007811034
0.060088664,0.0007837407
0.051357135,0.00076000433
0.047561992,0.0007920924
0.95279384,0.9990835
0.93785614,0.99910945
0.9017014,0.9990822
0.053039655,0.0007793451
0.07357533,0.00074769655
0.9430476,0.99913186
0.05597608,0.0007701143
0.936526,0.99911386
0.9533151,0.99911386
0.93131673,0.99912703
0.9374659,0.9990967
0.03630408,0.00080967497
0.9497819,0.9990958
0.9652301,0.9990778
0.9423602,0.9991209
0.049254913,0.00082198274
0.049314834,0.00082857616
0.9285487,0.9991037
0.055913683,0.0007885759
0.9476039,0.9991415
0.9526309,0.9990963
0.9702086,0.99913716
0.040229466,0.000799565
0.8951743,0.9990791
0.045453824,0.0008057189
0.043547217,0.0007745099
0.04335581,0.0007969276
0.9438392,0.99911207
0.0217148,0.00081582885
0.048143383,0.0007894551
0.9030828,0.9991618
0.9412083,0.99911517
0.05061826,0.0007723121
0.93273157,0.9990233
0.9071847,0.99906987
0.05644209,0.0007876968
0.91133296,0.99913186
0.05819196,0.00080264197
0.9262085,0.9990963
0.107489705,0.0007969276
0.08086353,0.0007644
0.94271183,0.9990901
0.06065743,0.00072835584
0.9581422,0.99910945
0.068914786,0.0007762682
0.9483066,0.99909496
0.9517081,0.9991811
0.046551984,0.0007687956
0.955133,0.9991235
0.9041946,0.9990998
0.048919894,0.0008101145
0.060871366,0.0007969276
0.91999394,0.9991156
0.071290866,0.0007934111
0.054868765,0.0007885759
0.9441386,0.99914813
0.03721232,0.0007942903
0.9492904,0.9991209
0.040975273,0.00079560897
0.08787317,0.0007969276
0.9557466,0.9991182
0.9401498,0.99912614
0.061385904,0.0007661582
0.9077451,0.99912876
0.077650525,0.0007811034
0.03698204,0.000799565
0.0429995,0.0007692352
0.0451661,0.0007780264
0.04769991,0.000771433
0.06713891,0.0008017628
0.9480479,0.99912393
0.9340303,0.9990945
0.07056189,0.0007969276
0.061706558,0.0007692352
0.92254287,0.99908924
0.043748274,0.0008105541
0.059098467,0.0007846199
0.94718814,0.99910724
0.93262166,0.99917495
0.9315287,0.9991024
0.92748964,0.99913627
0.05648443,0.0007894551
0.9314628,0.9990963
0.047847487,0.00077055383
0.9600853,0.99906814
0.0631484,0.000778466
0.92741686,0.99905497
0.94238174,0.99915427
0.045660086,0.0007938507
0.95354855,0.9991244
0.046236277,0.0007582461
0.066150196,0.0008149497
0.050211187,0.000761323
0.061122198,0.0007920924
0.07038238,0.000775389
0.054882877,0.000799565
0.06544129,0.000799565
0.044925176,0.0007652791
0.051341288,0.0007665978
0.049826153,0.00074286136
0.94576514,0.9991182
0.9314296,0.99911207
0.9478104,0.99912876
0.9605609,0.9991411
0.06199577,0.0006984655
0.93472385,0.999102
0.056525532,0.0007679165
0.061647877,0.0008030815
0.06444069,0.00082593877
0.9454779,0.9991415
0.94238174,0.9991433
0.049940053,0.00081714755
0.066715494,0.000799565
0.9526106,0.99910855
0.06304936,0.0007920924
0.059351526,0.0007907738
0.052854937,0.000778466
0.04635414,0.000761323
0.9492904,0.9991235
0.9648322,0.9991468
0.95616853,0.9991596
0.051989783,0.0007758286
0.93224233,0.9990795
0.92838895,0.9991648
0.062236942,0.0008101145
0.91900104,0.9990826
0.054157622,0.0007661582
0.93977416,0.9990809
0.9308795,0.9991196
0.9296669,0.9991217
0.92903525,0.999098
0.8860511,0.99908835
0.049476027,0.0008030815
0.91850954,0.9990976
0.07562011,0.0007758286
0.05049173,0.0007960485
0.93521714,0.9990765
0.93231535,0.9990954
0.049550314,0.0008118728
0.9389531,0.9991367
0.030245021,0.000778466
0.0484269,0.0007969276
0.9472832,0.9991433
0.9293762,0.9991068
0.9094967,0.99910635
0.9243247,0.99907166
0.93439823,0.9991442
0.059508014,0.00084044435
0.06495918,0.0007793451
0.055183973,0.0007520922
0.061964076,0.0007912133
0.051880337,0.00076703733
0.9561428,0.99914724
0.07400766,0.0007828616
0.9358703,0.9991428
0.046249155,0.0007630813
0.93753475,0.99906635
0.045914877,0.0008092354
0.8925806,0.9990989
0.032635465,0.0008118728
0.087743424,0.0007894551
0.06484108,0.0008092354
0.95741874,0.9991323
0.057021253,0.00082945527
0.94893456,0.99910766
0.93588865,0.99914986
0.948966,0.9991033
0.95985895,0.99915737
0.96225035,0.9992061
0.06337348,0.0007934111
0.9298833,0.99910593
0.942437,0.99910504
0.04951837,0.00080264197
0.94198436,0.99909407
0.9282486,0.9991187
0.054371312,0.0007806638
0.11126133,0.00080044416
0.021834396,0.0008092354
0.07208991,0.00081231236
0.9205753,0.9991006
0.05393081,0.00084791693
0.035688516,0.00073626795
0.9678001,0.999138
0.04453964,0.000775389
0.058302145,0.0007498944
0.95838344,0.9991411
0.043835435,0.00077055383
0.055672262,0.0008101145
0.046491813,0.00076000433
0.94442976,0.9991587
0.074909955,0.0007811034
0.07101923,0.0007894551
0.92087966,0.99915075
0.9368127,0.99909097
0.053884756,0.0008044002
0.9484024,0.99913496
0.051785007,0.0008035211
0.054136824,0.0008118728
0.058668364,0.0008175871
0.9248932,0.9991156
0.9396469,0.9991165
0.9531068,0.9991424
0.93233365,0.9991209
0.06133415,0.0007701143
0.95021445,0.99913716
0.052996572,0.0007802242
0.070667624,0.00081451016
0.9246379,0.9990963
0.045276288,0.0007661582
0.95429534,0.99908173
0.07438947,0.0008364883
0.945308,0.99915206
0.0442799,0.0007978068
0.9431662,0.999102
0.926418,0.9991033
0.9583143,0.9990936
0.936316,0.99910814
0.9229269,0.9991112
0.9332367,0.9990971
0.9590054,0.9990813
0.07270869,0.00084308174
0.9405715,0.99912614
0.046134014,0.0007771473
0.9214816,0.9991279
0.024768595,0.0007098942
0.060969666,0.0008105541
0.94399023,0.99912614
0.96074265,0.9990963
0.045023475,0.0008008837
0.9226929,0.99914634
0.9282909,0.99911207
0.9364891,0.9991217
0.941943,0.9991402
0.050019786,0.0007986859
0.06735904,0.0007881364
0.04695262,0.0007723121
0.92773306,0.9991209
0.92519575,0.9990787
0.056395043,0.0007850594
0.03782565,0.0007806638
0.96465665,0.9991024
0.059990115,0.0008149497
0.92800766,0.99906856
0.04389338,0.0007498944
0.052970324,0.0007463779
0.050099764,0.0007978068
0.95296615,0.99909407
0.047570907,0.00081363105
0.91163135,0.99910414
0.9372292,0.99908656
0.033118803,0.00074330095
0.043855242,0.00077055383
0.047212858,0.000775389
0.06990572,0.0008083563
0.04514307,0.0007960485
0.04849598,0.00081451016
0.9323743,0.9990998
0.9482811,0.9992211
0.046681482,0.0008052793
0.033516467,0.0007969276
0.0674977,0.0008083563
0.93663394,0.9990936
0.059162598,0.00074242183
0.042109583,0.0007912133
0.07137282,0.0008457191
0.051225405,0.00072659756
0.9473939,0.9991046
0.095179446,0.0006975864
0.071148485,0.0007652791
0.92457205,0.9991169
0.9542431,0.99919295
0.9540371,0.9990989
0.94926465,0.9991569
0.94627494,0.9991345
0.9510432,0.99911207
0.9287995,0.99916834
0.97457254,0.99910945
0.8874754,0.99913317
0.94928914,0.9991033
0.055816375,0.0008035211
0.046085976,0.0007630813
0.931239,0.9991174
0.92308366,0.9991182
0.93614614,0.99913144
0.8882177,0.9991433
0.036824062,0.0007745099
0.91474754,0.99914724
0.9282008,0.9990998
0.95412546,0.9991182
0.9361021,0.99910504
0.059125703,0.00076703733
0.053882033,0.0007569274
0.94413656,0.9991376
0.07846665,0.00071341067
0.027332118,0.0007520922
0.9413123,0.99913406
0.87907314,0.9991147
0.0422012,0.0008052793
0.078249745,0.0007780264
0.94000494,0.9990932
0.05450106,0.00073978445
0.06985892,0.00076220214
0.95060694,0.9990967
0.9162268,0.9990312
0.9219466,0.99915427
0.04246218,0.0007687956
0.054703854,0.0007679165
0.06656841,0.0007780264
0.020327928,0.000775389
0.047956187,0.0007885759
0.099088244,0.000771433
0.08721205,0.0007942903
0.9418932,0.9990804
0.06143765,0.0008030815
0.05240874,0.0008162684
0.07526577,0.0007982463
0.95907575,0.9991217
0.058719866,0.00075516914
0.07544925,0.00083560916
0.94806516,0.9991235
0.94804937,0.99909496
0.047838572,0.0007907738
0.06829922,0.00080264197
0.026261445,0.0007556087
0.058847386,0.00080264197
0.044504482,0.0007639604
0.024367463,0.0007793451
0.07761858,0.0007920924
0.93058133,0.99911165
0.92839247,0.9991112
0.93351156,0.9990936
0.056140993,0.00080747716
0.058213007,0.0007687956
0.9253738,0.9991248
0.06832225,0.0008035211
0.0399098,0.00075385044
0.9293693,0.9990936
0.05493562,0.0008035211
0.058258567,0.00071253156
0.954619,0.9991468
0.96533364,0.99914813
0.9138601,0.9991956
0.052570183,0.00080967497
0.074215405,0.00081363105
0.05240453,0.00080264197
0.9405408,0.9990971
0.9433477,0.99908876
0.05671966,0.00079560897
0.8994558,0.99914813
0.9321351,0.9991354
0.94037735,0.9991006
0.9259765,0.99910945
0.068346515,0.0007736308
0.94317734,0.9991046
0.893446,0.9990734
0.9461977,0.9990993
0.9396877,0.9990954
0.9346043,0.9991455
0.05729016,0.00079560897
0.04830334,0.000799565
0.058323443,0.000775389
0.885465,0.9991147
0.96683514,0.9991618
0.06359113,0.0008052793
0.9700449,0.99915427
0.92742574,0.9990923
0.95049924,0.9991815
0.056472298,0.0008092354
0.96549606,0.9991367
0.94929653,0.999102
0.94987375,0.9991393
0.059195034,0.00075736694
0.9079942,0.9990813
0.9299254,0.99911034
0.06615639,0.00084484
0.9286777,0.9990954
0.047141794,0.0007881364
0.06362654,0.0007951694
0.9248677,0.99913716
0.9530541,0.99912524
0.9178321,0.9991165
0.0497593,0.0007973672
0.057447888,0.0007806638
0.93787,0.9991165
0.8795805,0.99912614
0.9252247,0.99911296
0.05085275,0.0007745099
0.92462456,0.9991226
0.9287069,0.99915075
0.06337794,0.0007793451
0.048624244,0.00075736694
0.10145021,0.00081714755
0.93637764,0.9991468
0.950522,0.99912965
0.06320436,0.0007745099
0.9110965,0.99907386
0.9322943,0.9990967
0.06684723,0.0007978068
0.05236516,0.0007894551
0.95276433,0.99909186
0.062162414,0.00083604874
0.067596994,0.0007868177
0.060826793,0.0007881364
0.0460939,0.0008149497
0.057969604,0.0007767077
0.9167889,0.9990813
0.913717,0.99909496
0.9268238,0.9991433
0.044662707,0.00082242227
0.8825746,0.9991191
0.070166215,0.0007903342
0.09484963,0.0007885759
0.05399519,0.0008149497
0.06672664,0.0007709934
0.93777966,0.9991182
0.9327187,0.99909496
0.9571315,0.9991055
0.05483187,0.0007868177
0.92632043,0.99907166
0.9501882,0.99912876
0.06400514,0.00084044435
0.93259764,0.9991358
0.9490851,0.9991631
0.94847524,0.9991604
0.04896496,0.0007938507
0.9628808,0.99910504
0.92350954,0.9991187
0.9276996,0.9991534
0.9792479,0.9991389
0.046326656,0.0007885759
0.046772357,0.0007745099
0.05497598,0.0007850594
0.05370573,0.000747257
0.052172273,0.0007916529
0.041369222,0.0007876968
0.034293223,0.0007837407
0.07238902,0.0007986859
0.049776383,0.00075297133
0.9381216,0.99912
0.047163337,0.00081538927
0.046222165,0.0007986859
0.9656563,0.9991323
0.9563312,0.9991455
0.05367577,0.00081451016
0.9443161,0.9990901
0.050989185,0.0008008837
0.949201,0.99906856
0.03506701,0.0007661582
0.93808347,0.99906594
0.95081764,0.99912745
0.9603014,0.99912524
0.048918903,0.0007969276
0.95822495,0.99915516
0.94057447,0.99910766
0.03645017,0.0007894551
0.92694193,0.9990989
0.04939382,0.0007085755
0.038419425,0.0007652791
0.052802444,0.0007986859
0.92792493,0.9990844
0.94882905,0.99910504
0.059103664,0.0007626417
0.9294188,0.99912703
0.037260354,0.0007920924
0.9365129,0.9991217
0.054623876,0.00082857616
0.051620346,0.0007828616
0.039144184,0.0007903342
0.057845302,0.0008017628
0.058227863,0.0007920924
0.9537952,0.9991213
0.052964382,0.0007767077
0.9332318,0.99912614
0.04631254,0.0007731912
0.92400944,0.99910414
0.9454717,0.99919474
0.062973835,0.0007815429
0.9183107,0.99910814
0.05650523,0.0007824221
0.044547815,0.0008035211
0.9315327,0.99910855
0.9440138,0.9991187
0.030183366,0.0007701143
0.06935677,0.00080615847
0.94215024,0.99908924
0.9177199,0.9991147
0.91796255,0.999102
0.06534868,0.00077055383
0.9095658,0.99914813
0.07684851,0.0007850594
0.049538676,0.00082901574
0.93832713,0.99908745
0.05019138,0.0007802242
0.052019745,0.0007960485
0.04057018,0.0008044002
0.94506633,0.9990844
0.93170625,0.9990567
0.05934979,0.00083824655
0.96733034,0.99914724
0.92072344,0.9990967
0.04995491,0.00082022446
0.9473986,0.9991578
0.06095605,0.0007916529
0.052688297,0.0007920924
0.06320956,0.0007811034
0.91669405,0.9991279
0.93270636,0.999138
0.915479,0.9991068
0.07085482,0.00081582885
0.9217775,0.9991147
0.9458857,0.9991279
0.9247508,0.9991367
0.9451439,0.99909407
0.038898803,0.0007556087
0.9425563,0.9991209
0.03790167,0.0007846199
0.9490564,0.9991015
0.92989546,0.9991956
0.9453058,0.9991354
0.049840514,0.000799565
0.04190852,0.0007723121
0.955158,0.99910724
0.04506879,0.00081451016
0.047539707,0.0008035211
0.9446855,0.9990615
0.9593043,0.9991411
0.9311548,0.99908614
0.94444287,0.99916
0.0660561,0.0007982463
0.9278871,0.99913144
0.93599415,0.9991209
0.93599635,0.9991015
0.061883602,0.0007806638
0.053658687,0.0007969276
0.91102594,0.9991015
0.95163995,0.9991345
0.09200531,0.0007604439
0.9410338,0.99910283
0.06077455,0.0007894551
0.9385235,0.9991235
0.034519292,0.00075604825
0.054436434,0.00081890577
0.030033067,0.00082154316
0.92362887,0.999149
0.05651761,0.0007806638
0.96321136,0.9991279
0.038528126,0.00082022446
0.92098117,0.99910855
0.9428455,0.9991011
0.9335103,0.99912703
0.9579914,0.9991428
0.9444669,0.9991626
0.048108965,0.0007723121
0.9472426,0.999149
0.06304688,0.0007679165
0.055406082,0.00073802617
0.94029117,0.9991112
0.03195825,0.0007595648
0.90581125,0.99910593
0.9429508,0.99912
0.06421065,0.0007960485
0.073638715,0.0007885759
0.060512576,0.0007811034
0.07150678,0.0007661582
0.9193244,0.99908656
0.9423107,0.9990804
0.93028986,0.9991112
0.03763499,0.00082505966
0.92440414,0.99915075
0.9461526,0.99913317
0.94298023,0.99912
0.94318527,0.99910766
0.062850274,0.0008127519
0.04752039,0.0007811034
0.06502901,0.00077407033
0.05097408,0.0007802242
0.93989646,0.99911207
0.040194307,0.00076088344
0.037503015,0.0006887951
0.037330676,0.0007938507
0.92694616,0.99910766
0.947981,0.99910945
0.9468504,0.9991174
0.9477495,0.999182
0.058717143,0.00082198274
0.9585575,0.9990765
0.052197527,0.0007828616
0.047774196,0.000778466
0.9411875,0.9991398
0.92524976,0.9990954
0.05409275,0.00081670796
0.9421099,0.99913496
0.049032804,0.0007767077
0.9309052,0.9991376
0.02698967,0.0007652791
0.056092214,0.0007762682
0.049046174,0.0007942903
0.079941675,0.0007960485
0.068368554,0.0007639604
0.063355654,0.00081934535
0.89262694,0.9991626
0.055559848,0.00076703733
0.9340541,0.99914944
0.0734072,0.0007934111
0.93004745,0.999098
0.04934108,0.0007415427
0.058327157,0.0008083563
0.06833859,0.000778466
0.0526722,0.0007942903
0.05416307,0.000771433
0.029062675,0.0007780264
0.93859255,0.99909276
0.06886081,0.00079560897
0.9397214,0.99908924
0.052775703,0.0007841803
0.055925816,0.00082593877
0.05789359,0.0007978068
0.93249464,0.9991112
0.037695657,0.0007986859
0.05954689,0.0007811034
0.932071,0.99911386
0.9526544,0.9991196
0.05104341,0.0007986859
0.93957585,0.9991829
0.028186873,0.0007696747
0.048255056,0.0007709934
0.94491434,0.99908656
0.027005518,0.0007652791
0.050538532,0.0007802242
0.051191483,0.0007903342
0.95046353,0.9991165
0.06703318,0.0007863781
0.90618837,0.9991244
0.016199993,0.0007630813
0.030645657,0.0007674769
0.92766494,0.9990989
0.05128904,0.0007762682
0.086805716,0.0007815429
0.93682534,0.9991046
0.9314972,0.9990857
0.9456673,0.99908525
0.9076262,0.9991006
0.04580989,0.00074593833
0.9286985,0.9991196
0.9647983,0.9991411
0.052769758,0.0008013233
0.93193305,0.9991134
0.931185,0.9991112
0.039760243,0.000792532
0.94684374,0.99908835
0.96421146,0.99915606
0.90732116,0.99913496
0.92484146,0.9991068
0.062276315,0.000775389
0.04766896,0.0008162684
0.09732748,0.00074769655
0.044994753,0.00076703733
0.93273777,0.9991112
0.056140002,0.0008233014
0.0661965,0.00077407033
0.92536837,0.99911207
0.05505868,0.000785499
0.041361548,0.00074593833
0.049245253,0.00073494925
0.06589343,0.0008804446
0.058503702,0.0007903342
0.043926805,0.0007556087
0.9351364,0.99912614
0.939892,0.9991389
0.9387882,0.9990967
0.045840595,0.0007780264
0.920324,0.999102
0.04597158,0.0007903342
0.05711386,0.0007903342
0.06293273,0.0008364883
0.94319415,0.9991393
0.9437424,0.9991024
0.9547039,0.9991222
0.06629084,0.00073670753
0.9118074,0.9991393
0.9183075,0.9990857
0.057039574,0.0007679165
0.06363025,0.0007811034
0.95517313,0.99908924
0.9096557,0.9990923
0.05798545,0.0008118728
0.045645475,0.000785499
0.062067825,0.0007951694
0.04332189,0.0007679165
0.9337879,0.99908745
0.933158,0.99912876
0.9616732,0.99916965
0.9428148,0.9991846
0.9271356,0.99913317
0.024365978,0.0007595648
0.06387094,0.00082418055
0.110365964,0.0008092354
0.92634,0.99909145
0.93585795,0.9991235
0.05976355,0.00082286185
0.07980796,0.0007758286
0.044554252,0.0007934111
0.062018055,0.0007846199
0.9366535,0.99911606
0.05452904,0.0007986859
0.9252032,0.9990985
0.067441985,0.0007894551
0.9435542,0.9990593
0.039140224,0.0007951694
0.9279133,0.9991587
0.069107175,0.0007723121
0.06353567,0.00081582885
0.040612273,0.00075385044
0.06252442,0.00076352083
0.92583805,0.99912965
0.056291044,0.0007652791
0.90353125,0.99906635
0.067615815,0.0007934111
0.037068207,0.00081538927
0.95685345,0.99913716
0.10222078,0.0008118728
0.04801809,0.00076220214
0.06887789,0.0008008837
0.055577923,0.0008057189
0.05792974,0.0008105541
0.9445637,0.9991609
0.8958342,0.99914724
0.08441874,0.0007969276
0.057831686,0.0007986859
0.92587847,0.99912524
0.028883653,0.0007819825
0.0568764,0.0007828616
0.938363,0.99915034
0.9366221,0.99915296
0.9518452,0.999098
0.058579225,0.0007912133
0.06043755,0.0007696747
0.9702113,0.9991112
0.9577498,0.99910283
0.05749345,0.00076000433
0.072623014,0.0007903342
0.9377908,0.9991446
0.040332474,0.0007780264
0.045186404,0.00081670796
0.04749241,0.00082593877
0.05513891,0.0007846199
0.071713045,0.0008118728
0.9205345,0.99908304
0.05871863,0.0008052793
0.90391827,0.999178
0.9552915,0.9991428
0.05895931,0.00081363105
0.97095937,0.999098
0.9145522,0.9991015
0.05004504,0.0007885759
0.92867815,0.9991235
0.051966753,0.0007762682
0.9517437,0.99908924
0.053858012,0.00082989485
0.060940698,0.000771433
0.95413417,0.9991187
0.884943,0.9991455
0.9451696,0.99911034
0.053659182,0.0007723121
0.94098693,0.9991182
0.050416704,0.0007595648
0.05603873,0.0007824221
0.92799354,0.9990374
0.07042596,0.0007837407
0.93604016,0.99910414
0.9445023,0.9990813
0.04266646,0.0007556087
0.060059197,0.000775389
0.94851434,0.9991244
0.04286876,0.0008127519
0.06952341,0.00081099366
0.9332714,0.99910766
0.90102094,0.99911296
0.052278496,0.0007811034
0.92714053,0.9991134
0.06887838,0.0007837407
0.07265297,0.0007885759
0.07299939,0.0007780264
0.94501364,0.99915254
0.054934133,0.000778466
0.06668355,0.0007885759
0.9321049,0.9991134
0.05843536,0.000785499
0.02613442,0.0007969276
0.06498915,0.00077407033
0.9219446,0.99909145
0.055030454,0.00077055383
0.91836935,0.99908704
0.051132552,0.0008035211
0.9346082,0.9991389
0.050770544,0.0008127519
0.93524337,0.9991217
0.05211458,0.0007806638
0.0644704,0.0008052793
0.9209074,0.9991187
0.037190035,0.00081099366
0.92631847,0.9990769
0.05638885,0.00081670796
0.8943617,0.9990936
0.05610385,0.00076703733
0.93761474,0.9991002
0.93765485,0.99912876
0.93453,0.9990945
0.051057275,0.00072088325
0.9587506,0.9991385
0.94419503,0.999058
0.9440841,0.99908
0.93447876,0.9991358
0.050887663,0.0007868177
0.95741993,0.9990989
0.9614493,0.9991323
0.062341683,0.00083824655
0.05032385,0.0007951694
0.056697376,0.00081538927
0.099750854,0.0007903342
0.0689336,0.0008044002
0.056697622,0.0007907738
0.9269719,0.9991024
0.051068667,0.0007868177
0.058646575,0.0007978068
0.88149804,0.99913716
0.93439925,0.99909407
0.94554996,0.99912614
0.046193935,0.0007920924
0.9450646,0.99910724
0.057109155,0.00076220214
0.042368833,0.00075604825
0.92704296,0.9990734
0.06712455,0.0007978068
0.052954476,0.0007978068
0.95184624,0.9991231
0.03581876,0.0007793451
0.94706976,0.99912876
0.94091713,0.99910414
0.041065402,0.000792532
0.9123128,0.99909055
0.061062768,0.0007665978
0.061544128,0.00079560897
0.05541029,0.00080264197
0.05731591,0.00075385044
0.97619385,0.9991156
0.061393082,0.0007811034
0.050910443,0.000771433
0.96166795,0.99909496
0.9446749,0.9991174
0.07254402,0.0007771473
0.105991654,0.00079560897
0.048796088,0.00073143275
0.9495766,0.9990936
0.043869607,0.0007903342
0.046926126,0.0007863781
0.9516105,0.99913716
0.92722696,0.9990602
0.9137564,0.9990769
0.06758387,0.0008364883
0.04540876,0.0007582461
0.06342152,0.0008092354
0.91978246,0.99910635
0.93749094,0.9991037
0.041359816,0.0007696747
0.9335507,0.9990795
0.05730526,0.0007868177
0.93503684,0.9991226
0.052484512,0.00075648783
0.9518279,0.9991437
0.050334994,0.000799565
0.9701804,0.9991604
0.049077623,0.0007986859
0.9293586,0.9991226
0.06861814,0.0008052793
0.05677785,0.00080396066
0.95461696,0.99910766
0.062356293,0.0007912133
0.048094355,0.0007687956
0.038323846,0.0007793451
0.05416431,0.0007793451
0.060066134,0.00082022446
0.94179887,0.999138
0.03059366,0.000799565
0.039749347,0.000785499
0.0706233,0.0007679165
0.9373268,0.9991006
0.93042284,0.9991248
0.0432689,0.0007978068
0.9157796,0.99912614
0.95621085,0.9991165
0.9598713,0.9991534
0.07331608,0.0007960485
0.93757486,0.99908304
0.05439211,0.0007793451
0.9470262,0.99908304
0.05241716,0.000799565
0.040250268,0.00074901525
0.9375865,0.99911606
0.9588083,0.9990844
0.07461332,0.0007876968
0.9395129,0.99910855
0.9062198,0.9991354
0.03315149,0.0007894551
0.939529,0.999102
0.050699726,0.0007811034
0.043494474,0.0007723121
0.06836261,0.0007771473
0.9514305,0.9991244
0.036463294,0.0007674769
0.9233184,0.99910283
0.05032732,0.0007951694
0.9609739,0.99910414
0.92903125,0.99915075
0.9160297,0.99912965
0.9366612,0.99915075
0.9476834,0.9990976
0.9290959,0.9990954
0.068072654,0.0007960485
0.063719645,0.0008044002
0.07665141,0.0007947298
0.05509112,0.00081363105
0.9406522,0.9990963
0.9513864,0.9991213
0.06623637,0.0007907738
0.052198023,0.00072923495
0.93196225,0.9990822
0.060598,0.00076703733
0.92048424,0.99913365
0.9736014,0.9991222
0.07145008,0.0007762682
0.04842244,0.0007652791
0.06322145,0.00081890577
0.047441155,0.0007802242
0.9401218,0.9990998
0.9294012,0.9990936
0.08118443,0.0007780264
0.05819815,0.0008105541
0.056676578,0.0007824221
0.054965083,0.00082154316
0.049725372,0.0007947298
0.057294615,0.0007833012
0.9507211,0.99904835
0.06849508,0.0007833012
0.075846426,0.00080747716
0.93707025,0.99910814
0.9447326,0.9990752
0.060176816,0.0007960485
0.042336393,0.0007780264
0.96237564,0.99910504
0.92929524,0.9991015
0.059125952,0.0007556087
0.9028637,0.99911034
0.9453055,0.99913716
0.9392423,0.99914724
0.9433155,0.9991156
0.9408156,0.9991222
0.9518351,0.99906814
0.06082853,0.0008101145
0.9401614,0.9990752
0.9500788,0.99908614
0.048350632,0.0007841803
0.97112846,0.9991428
0.04429228,0.0007903342
0.047920533,0.0007780264
0.04549171,0.00076088344
0.94004923,0.99908656
0.9422414,0.9991143
0.049540408,0.000799565
0.08522051,0.000785499
0.01657859,0.0007604439
0.9575344,0.99913055
0.054685283,0.000799565
0.05733473,0.0007837407
0.93944407,0.9990615
0.04526564,0.0007828616
0.10878323,0.0007815429
0.9566427,0.9990963
0.044772398,0.0007793451
0.9417699,0.9990795
0.95081294,0.99917364
0.06656693,0.0008101145
0.96846366,0.9991244
0.042121716,0.0008083563
0.045278765,0.00073890534
0.93761545,0.9990963
0.023451548,0.00073846575
0.06673704,0.0007916529
0.050035384,0.0008149497
0.044653296,0.0007986859
0.04469836,0.00076703733
0.9219308,0.999102
0.05564874,0.0007687956
0.94651467,0.9991143
0.05927204,0.00082242227
0.9209413,0.9991147
0.05955011,0.000775389
0.058757257,0.0007837407
0.047337405,0.0007582461
0.056337595,0.0008052793
0.92935765,0.9991182
0.056657016,0.0008118728
0.06295477,0.0007978068
0.066281185,0.00081582885
0.92130035,0.9990778
0.9151982,0.99917185
0.94256675,0.99908835
0.064971566,0.0008175871
0.9315698,0.99911255
0.9518581,0.9991358
0.037854873,0.00080264197
0.9288555,0.9991002
0.033444908,0.0007639604
0.9292024,0.9991385
0.042154647,0.00073143275
0.8878663,0.9991428
0.056426488,0.00082505966
0.8822161,0.9991244
0.92538047,0.9991437
0.91254133,0.99914855
0.94891053,0.9991323
0.040640503,0.0008057189
0.9479889,0.9991134
0.06090925,0.00082154316
0.069054686,0.0007661582
0.056632254,0.0007982463
0.11014138,0.00083121355
0.94629747,0.9991002
0.94108504,0.99911386
0.05839921,0.00074901525
0.06364041,0.0007696747
0.9024185,0.9991437
0.93647945,0.9991143
0.057196066,0.00075297133
0.052388687,0.0007894551
0.039445527,0.0007793451
0.93209445,0.99912614
0.042246263,0.0007833012
0.9352211,0.99911517
0.9629055,0.9991037
0.9488115,0.9991231
0.050022013,0.0007903342
0.048495486,0.0007582461
0.95132077,0.99912393
0.93828773,0.9991354
0.043588318,0.0007811034
0.06595459,0.0008149497
0.9512656,0.9991437
0.056087755,0.0007982463
0.926209,0.99909407
0.93475705,0.99911076
0.037594136,0.0007679165
0.054372303,0.000792532
0.07050445,0.0008022024
0.93844944,0.99910414
0.04706132,0.0007644
0.06449937,0.0007978068
0.9501741,0.9991393
0.9465139,0.99915123
0.037147693,0.0007463779
0.9411692,0.9990998
0.9456416,0.9991178
0.0543416,0.0007771473
0.072265215,0.00082505966
0.9440601,0.999102
0.9343643,0.999102
0.06046726,0.0008092354
0.9260287,0.99911606
0.050664566,0.00053055247
0.9413945,0.99908483
0.05931364,0.0008008837
0.9409664,0.99914813
0.05821598,0.0007811034
0.95544994,0.99915516
0.035781868,0.0007723121
0.048854027,0.00075604825
0.048662625,0.00081846624
0.9082381,0.9990809
0.94953924,0.9991235
0.88143736,0.99907166
0.06354458,0.0007978068
0.051580727,0.0007890155
0.03550578,0.000775389
0.048454136,0.00082857616
0.041809477,0.00075385044
0.046174623,0.000771433
0.9107271,0.99909145
0.9362705,0.9990998
0.050782427,0.00081319147
0.052552357,0.0007978068
0.052242596,0.0007907738
0.9255825,0.9991191
0.06762819,0.0007639604
0.9501278,0.99911034
0.06002503,0.0008008837
0.052452322,0.0007450592
0.9170241,0.99910724
0.05486604,0.0007846199
0.0701152,0.0007938507
0.0586597,0.0008052793
0.96411264,0.9991147
0.9220699,0.9991002
0.075984344,0.00082022446
0.044120435,0.0008162684
0.05597336,0.0007701143
0.049981404,0.0007969276
0.068717934,0.0008017628
0.9435099,0.9991191
0.06453082,0.0008008837
0.9648939,0.9991257
0.059687532,0.0007969276
0.05308497,0.000771433
0.95214236,0.99911076
0.057819553,0.00082769705
0.9617269,0.99915075
0.9303882,0.99908656
0.94735354,0.9991323
0.9949247,0.99911296
0.9410028,0.9990989
0.9447665,0.9991147
0.08996722,0.0008092354
0.8560505,0.999142
0.030257154,0.000785499
0.9391009,0.9990646
0.943234,0.9991134
0.058745123,0.0007846199
0.07743981,0.0007793451
0.054999996,0.00082154316
0.9232139,0.9990752
0.9266418,0.9991437
0.06331826,0.0007982463
0.91222787,0.9991182
0.05036446,0.0007762682
0.061107587,0.0005727505
0.9413886,0.9991213
0.06118905,0.00082242227
0.07030413,0.00081099366
0.93242306,0.999062
0.9236071,0.99913013
0.9387166,0.99919474
0.073018454,0.00082286185
0.92141104,0.99908745
0.92179084,0.9991226
0.05409349,0.00080396066
0.94989353,0.99917275
0.065773085,0.0007912133
0.04055483,0.00075253175
0.9454856,0.99912393
0.93582153,0.9991591
0.9703505,0.99913055
0.04106714,0.0007846199
0.037613697,0.00082418055
0.04725421,0.0007903342
0.08126045,0.0008162684
0.0562648,0.0007815429
0.059932668,0.0007850594
0.054806612,0.0008092354
0.9149712,0.99912703
0.061126653,0.0007885759
0.95264107,0.9991407
0.9514443,0.99908656
0.93512547,0.9991204
0.9362945,0.9991367
0.057492208,0.0008127519
0.94781953,0.99913496
0.03720291,0.0007969276
0.043243397,0.0008083563
0.04456267,0.0007556087
0.929578,0.9990747
0.072497725,0.0008035211
0.8956354,0.99910724
0.057722487,0.0007679165
0.06095283,0.0007780264
0.047184877,0.00077407033
0.08016007,0.00080264197
0.03058524,0.0007626417
0.93947256,0.99913317
0.9490819,0.9991024
0.05776755,0.00074549875
0.06348045,0.000785499
0.92779076,0.9991187
0.9432085,0.999149
0.061185833,0.0008162684
0.020094676,0.0007520922
0.9387674,0.99909407
0.04760136,0.0007200041
0.07334084,0.000799565
0.9379215,0.9990826
0.93718714,0.9991217
0.9627855,0.99912614
0.95893234,0.99916834
0.9420054,0.99910945
0.93630886,0.9991112
0.93211305,0.9991385
0.94497,0.9990971
0.9393594,0.99913096
0.062617525,0.0007934111
0.08155957,0.0007811034
0.9182473,0.9990844
0.94971454,0.9991859
0.96171504,0.99908614
0.053700037,0.0007969276
0.96154964,0.9991011
0.07237095,0.0008175871
0.93351007,0.99912
0.07094867,0.00075648783
0.05094808,0.0007780264
0.94237113,0.999109
0.9643526,0.99909097
0.97525096,0.99907607
0.9534703,0.9991367
0.9299197,0.99915206
0.060700018,0.0007920924
0.044195957,0.0007626417
0.9422656,0.9990989
0.9390246,0.9991358
0.9425672,0.9991833
0.042303216,0.0007547296
0.0583331,0.0008052793
0.94472736,0.99910724
0.07111456,0.00080396066
0.06567429,0.0007903342
0.07459945,0.0008127519
0.040618464,0.0007912133
0.048283037,0.00082286185
0.95329005,0.9990752
0.061076388,0.0007960485
0.025136298,0.0007661582
0.05551627,0.00082418055
0.05337418,0.0007696747
0.9354167,0.9990791
0.8962225,0.99906945
0.046498995,0.0007876968
0.06912352,0.0007674769
0.9304808,0.9991257
0.93938196,0.99911255
0.928877,0.99913055
0.94382733,0.99913055
0.9566561,0.99907607
0.9537687,0.99910593
0.0917005,0.0007661582
0.9256967,0.99912
0.0884771,0.0008083563
0.060519014,0.00081231236
0.06104692,0.00082022446
0.9483831,0.99910414
0.044395287,0.00067077304
0.0603806,0.00074901525
0.07737097,0.00075604825
0.054606047,0.0007661582
0.06344182,0.00081099366
0.9348898,0.9990998
0.057213645,0.0007604439
0.9427846,0.99913275
0.95208395,0.9990813
0.92601216,0.9991033
0.9303035,0.999098
0.09983232,0.000785499
0.05957685,0.0007674769
0.050174788,0.0008044002
0.92675745,0.9991222
0.052701667,0.000799565
0.041365508,0.00081231236
0.042410184,0.0007846199
0.045746006,0.0007938507
0.9815091,0.9991204
0.054988112,0.0007811034
0.8727843,0.99911034
0.0738368,0.0007811034
0.92837113,0.99910724
0.047853924,0.0008114332
0.05686823,0.0008083563
0.94963706,0.9990954
0.040648673,0.0008118728
0.9375798,0.9991248
0.072264224,0.0007920924
0.05027408,0.00082374096
0.04602754,0.0007969276
0.9268786,0.99911207
0.067379095,0.0008149497
0.052371103,0.0008083563
0.06776314,0.0007978068
0.94433594,0.999102
0.058576006,0.0007881364
0.053773083,0.0008118728
0.9129244,0.99915123
0.93646556,0.9991604
0.046944696,0.0008008837
0.92610997,0.999167
0.9435829,0.99911255
0.05200241,0.0007819825
0.97235566,0.9990967
0.93829936,0.99911034
0.9266809,0.9990963
0.030654572,0.000799565
0.06421536,0.00080747716
0.94042045,0.99908924
0.92515564,0.9990901
0.9312618,0.99910855
0.050647233,0.000771433
0.07325541,0.0007644
0.043770313,0.0007780264
0.04404764,0.0007982463
0.93193156,0.9992092
0.9589529,0.9991191
0.060617562,0.0007881364
0.06472792,0.00083341135
0.93921185,0.99915254
0.94044966,0.99909496
0.9244901,0.9991169
0.9361095,0.9991024
0.041772086,0.0007969276
0.95107317,0.9991226
0.9491534,0.9991147
0.9526948,0.9991587
0.059715267,0.0007780264
0.92633927,0.99907386
0.9364492,0.9991446
0.9203129,0.9991024
0.040739052,0.00077055383
0.060289476,0.0008246201
0.9114647,0.9991037
0.94075125,0.9991257
0.058430657,0.0007687956
0.06654365,0.00081846624
0.033292875,0.0007868177
0.0895547,0.0007960485
0.9399267,0.9991209
0.95141363,0.9991455
0.9147223,0.99907166
0.90309644,0.99910855
0.963843,0.9991178
0.93107927,0.99911034
0.95140445,0.9990998
0.052315887,0.00082286185
0.93477416,0.9991596
0.9369628,0.99909496
0.06380235,0.0007969276
0.9436062,0.9991323
0.09142046,0.0007912133
0.9299925,0.9991147
0.08093608,0.0007415427
0.06252714,0.0007986859
0.052483026,0.0008149497
0.051028058,0.0007696747
0.90058494,0.9990774
0.9685234,0.9991407
0.952805,0.99919826
0.06297606,0.0007907738
0.97114855,0.9991415
0.9385529,0.99909276
0.11096395,0.0007630813
0.95040613,0.99909276
0.93598765,0.99911386
0.9377452,0.99910414
0.06317589,0.000799565
0.071962886,0.0007652791
0.07910772,0.0008022024
0.044219483,0.0007771473
0.05656317,0.00081231236
0.064202234,0.0008079167
0.93122363,0.9991055
0.04764618,0.0008083563
0.08903496,0.0007692352
0.9209222,0.9991187
0.06136362,0.0007890155
0.058948662,0.0008149497
0.94206333,0.99912524
0.074792095,0.0007863781
0.075442076,0.0007894551
0.05704725,0.0007626417
0.9467464,0.99913627
0.92120725,0.99911165
0.07670737,0.0007819825
0.94830734,0.99911034
0.9404551,0.9991006
0.9314762,0.9990901
0.056178134,0.0007767077
0.054076653,0.0007881364
0.057773743,0.0008118728
0.9341866,0.9991534
0.06319025,0.0008044002
0.04260134,0.00081319147
0.035445362,0.0008035211
0.051837005,0.0007498944
0.93107456,0.9991428
0.96105784,0.99915427
0.05967664,0.00083736744
0.044202644,0.00080615847
0.9209381,0.9991477
0.0905709,0.0008101145
0.03890499,0.0008101145
0.92216474,0.99919343
0.947514,0.9991112
0.05028225,0.0007630813
0.94667286,0.9991015
0.9349759,0.9991011
0.0536936,0.0007846199
0.0649426,0.00083297177
0.043260977,0.0007828616
0.09673247,0.0007771473
0.94009954,0.9990752
0.075866975,0.0007846199
0.05236244,0.0007296745
0.041443754,0.00072659756
0.9032549,0.9991437
0.94486403,0.99912703
0.9163865,0.99910814
0.92153436,0.9991459
0.0406197,0.00076703733
0.95035136,0.99913406
0.054740995,0.0008052793
0.045378055,0.000775389
0.045640524,0.0007771473
0.89703417,0.99908924
0.046984065,0.0007819825
0.93762636,0.9990985
0.91793233,0.9990615
0.07854663,0.00079560897
0.04839892,0.0007833012
0.90926987,0.9990752
0.92489713,0.9991653
0.9538897,0.99919736
0.038948324,0.00075604825
0.93983483,0.9991112
0.050538532,0.0007868177
0.9510271,0.99914634
0.0762743,0.000761323
0.06064876,0.0008127519
0.9168453,0.99912703
0.95198464,0.99908924
0.080240786,0.000771433
0.9290127,0.99911255
0.052615993,0.0007942903
0.96058047,0.9991226
0.067106225,0.0008118728
0.05045682,0.00081451016
0.053346198,0.0007824221
0.059220042,0.0007780264
0.060156014,0.00081582885
0.9463027,0.99910724
0.04926556,0.0007661582
0.9230346,0.99910504
0.03937793,0.0007969276
0.07321654,0.00075297133
0.91835475,0.9992079
0.055532116,0.0008175871
0.9340028,0.9991437
0.9245386,0.9991213
0.8883556,0.9990971
0.044122912,0.00082593877
0.93339866,0.9991147
0.9482479,0.9991415
0.07259454,0.0008052793
0.057252523,0.0008013233
0.02707064,0.0007582461
0.9231213,0.9990967
0.047838572,0.0006936303
0.07345449,0.0008162684
0.9142033,0.9991578
0.049418088,0.000761323
0.074842855,0.0007819825
0.08695552,0.0007960485
0.95887244,0.9990857
0.067728974,0.0007819825
0.9503239,0.99915075
0.9416347,0.99910593
0.068355925,0.0007885759
0.066150695,0.0008083563
0.91151917,0.99915075
0.06572183,0.0007903342
0.05832963,0.0007723121
0.9127535,0.9991428
0.06118806,0.000806598
0.06610315,0.0007687956
0.94405514,0.99911296
0.066970535,0.0007846199
0.94736767,0.99911165
0.91723186,0.99913186
0.9496279,0.99906504
0.05884516,0.0007811034
0.05021218,0.0007802242
0.038638067,0.00076220214
0.94363344,0.99917185
0.052495655,0.000771433
0.056097165,0.0008114332
0.06646541,0.0007969276
0.93091387,0.99906904
0.9236695,0.9991209
0.027231092,0.00074813614
0.93057144,0.99910855
0.9473865,0.9991428
0.9714105,0.9990844
0.946581,0.99911034
0.045286193,0.0007978068
0.037716705,0.0007903342
0.09674609,0.0007850594
0.064658836,0.0007942903
0.91556865,0.99910855
0.050859187,0.0007912133
0.067160204,0.0007652791
0.91046214,0.99908304
0.93826747,0.99916
0.9324595,0.99906635
0.94400066,0.9990804
0.9463024,0.9991657
0.04946365,0.0007903342
0.067271635,0.000775389
0.9371272,0.9991222
0.94990444,0.99917096
0.05188826,0.000785499
0.9032014,0.9990989
0.9073734,0.9991143
0.9022915,0.9990932
0.060757216,0.0007692352
0.036338992,0.0007498944
0.052426323,0.00081890577
0.967028,0.99913496
0.064266615,0.00081319147
0.935672,0.9991169
0.92124516,0.9991257
0.9441046,0.99910766
0.9449381,0.99915516
0.94066036,0.9991244
0.02838224,0.0007894551
0.062002208,0.0007762682
0.9144011,0.99909407
0.96829706,0.999185
0.8771581,0.99912745
0.022763683,0.0007652791
0.94466746,0.99906284
0.08416147,0.0007912133
0.93050605,0.9991385
0.060169633,0.0007942903
0.9300455,0.9991174
0.9573011,0.99915475
0.06968015,0.0008030815
0.93491256,0.9991209
0.08129561,0.0007819825
0.9237532,0.999098
0.066200465,0.0007771473
0.93558705,0.9991015
0.06497305,0.0007811034
0.945828,0.9991222
0.044118207,0.00072396017
0.94531596,0.99911076
0.056865998,0.0007916529
0.93652326,0.9990985
0.9181076,0.99907607
0.06224858,0.0007771473
0.050492477,0.00081670796
0.03352786,0.0007973672
0.053709198,0.0008092354
0.93526244,0.99908394
0.064027175,0.0007828616
0.85214686,0.9991433
0.9525049,0.9990998
0.97523683,0.9991415
0.9505829,0.9991459
0.93998563,0.9991156
0.93130314,0.9991182
0.9308525,0.99917537
0.97912586,0.99913013
0.93928045,0.9990752
0.055706434,0.000785499
0.9534527,0.99910766
0.0088132415,0.0007833012
0.94354874,0.9991235
0.929708,0.999098
0.9510541,0.99910724
0.053101312,0.0007604439
0.055791117,0.0008044002
0.95146316,0.9991596
0.05919652,0.0007982463
0.9568282,0.99913716
0.050964672,0.0007595648
0.059258424,0.00082154316
0.060001012,0.0007780264
0.9254132,0.99910855
0.94981825,0.9991587
0.059831396,0.0008022024
0.057418916,0.00082769705
0.9345973,0.99909407
0.06433174,0.00082154316
0.94588596,0.9991376
0.96731055,0.99913716
0.057964403,0.0008114332
0.055706434,0.0008092354
0.057524648,0.00080747716
0.9333932,0.9990795
0.040449843,0.00081363105
0.040603112,0.0007687956
0.95161843,0.9991046
0.047375537,0.0007731912
0.9262655,0.99913496
0.9387228,0.9991134
0.8973298,0.9991187
0.9087355,0.9991187
0.94372404,0.999098
0.92085564,0.9991156
0.9538182,0.9991459
0.046043143,0.00080747716
0.07507412,0.0007736308
0.073231645,0.0008149497
0.050658375,0.00081714755
0.9596455,0.99912965
0.9265571,0.99914503
0.04973404,0.0007934111
0.069077216,0.0007894551
0.057165608,0.0007846199
0.07282086,0.000778466
0.9654946,0.99910814
0.0852413,0.0008044002
0.034534894,0.00073890534
0.07302093,0.0008008837
0.9477755,0.9991398
0.045116827,0.0007863781
0.92030597,0.9991068
0.05535829,0.0008101145
0.07017488,0.0008044002
0.92698133,0.9991156
0.9529535,0.99911076
0.9348841,0.99917585
0.932791,0.9990857
0.92911446,0.99908656
0.04516511,0.0008057189
0.04094061,0.00080044416
0.93201053,0.99913096
0.9297719,0.99908173
0.965144,0.9991244
0.054828156,0.000775389
0.9258279,0.9991578
0.9396162,0.99914944
0.9425707,0.9991433
0.04506557,0.0007762682
0.055846583,0.0007912133
0.93828005,0.9990998
0.9178947,0.9991174
0.92505884,0.999098
0.047284912,0.0008092354
0.9470894,0.99910814
0.9321371,0.99909097
0.9450411,0.9990985
0.9224084,0.999098
0.043927796,0.00076220214
0.052593213,0.0007811034
0.9721251,0.9991244
0.042679336,0.000799565
0.921492,0.9991591
0.056788743,0.000771433
0.9394951,0.9991244
0.9371762,0.9990967
0.0612361,0.0007687956
0.048447203,0.0008022024
0.95394593,0.9991235
0.03562909,0.0007661582
0.061510697,0.0007802242
0.9351044,0.99910593
0.93270165,0.99910414
0.93619025,0.99915075
0.068640925,0.00081099366
0.045388456,0.00083736744
0.054525822,0.0008030815
0.060416255,0.0007894551
0.95263386,0.99915165
0.8749695,0.99911255
0.91502166,0.99913055
0.067524195,0.0007978068
0.9342113,0.9991182
0.91630673,0.9991446
0.93844944,0.99907386
0.97304106,0.99910504
0.04304803,0.0007780264
0.04077545,0.0007846199
0.93439233,0.9991279
0.03617829,0.00074066356
0.93475705,0.99911606
0.9041629,0.9991174
0.060646534,0.0007934111
0.9181158,0.9991169
0.92174506,0.9991147
0.046347454,0.0007450592
0.056628786,0.0007828616
0.93575615,0.9991134
0.93322086,0.9990769
0.9208868,0.9991402
0.059481025,0.00084044435
0.9259579,0.9991209
0.06671921,0.0008092354
0.9395161,0.9991156
0.05787997,0.0007771473
0.0527762,0.0007709934
0.9352221,0.99911207
0.04860889,0.0007903342
0.9491985,0.99910504
0.051638916,0.0007986859
0.94319564,0.99911255
0.9393653,0.99912876
0.03996081,0.0007498944
0.9452293,0.99917585
0.94179267,0.9990826
0.034976386,0.0007969276
0.94532835,0.9991376
0.06338883,0.00074813614
0.91635185,0.99910855
0.9402543,0.99909055
0.9088133,0.99912876
0.06622473,0.0008048398
0.03624094,0.0007415427
0.07017958,0.0007876968
0.93749833,0.9991407
0.92248094,0.99909186
0.064668246,0.00076220214
0.070940495,0.00080615847
0.9271811,0.9990998
0.92475104,0.9990945
0.9162699,0.99912876
0.056948453,0.0008118728
0.9384789,0.9990963
0.93075764,0.99915206
0.050371144,0.0007960485
0.053521506,0.00081538927
0.080849916,0.0008048398
0.03891366,0.0007894551
0.06146984,0.0008101145
0.039834775,0.0008008837
0.044692915,0.0008017628
0.05208561,0.00082198274
0.873827,0.9991156
0.047370836,0.0007745099
0.9387359,0.99913317
0.048982043,0.0007811034
0.07992112,0.0008162684
0.068424016,0.00081582885
0.046764683,0.0007934111
0.034440305,0.0007626417
0.92657274,0.99912703
0.93364525,0.99914855
0.95097613,0.999098
0.06519194,0.0008101145
0.9630945,0.9991455
0.937019,0.999109
0.05413311,0.0007582461
0.953426,0.99908876
0.07738682,0.0008048398
0.9316035,0.99909276
0.05153715,0.0007745099
0.9397774,0.9990989
0.047295313,0.0007841803
0.92476666,0.9990778
0.08039381,0.00081538927
0.055696283,0.00080264197
0.91319454,0.9990721
0.9472733,0.9990791
0.05718121,0.0008092354
0.050312955,0.0007595648
0.048733443,0.000799565
0.91439027,0.9991767
0.060597755,0.0007828616
0.054897733,0.00082418055
0.9323562,0.9991385
0.94217724,0.9991217
0.8962143,0.99913144
0.049280416,0.0007736308
0.94163895,0.99914724
0.06075375,0.0007876968
0.06919582,0.00081846624
0.036030468,0.0008052793
0.040314645,0.00080396066
0.9508157,0.9990857
0.03773453,0.00076220214
0.04105327,0.0007652791
0.9300004,0.99911034
0.93594956,0.99907076
0.044329915,0.0007644
0.054889563,0.000799565
0.9418363,0.99914634
0.93909866,0.9990752
0.9438865,0.999109
0.047238857,0.000799565
0.040832896,0.0007811034
0.94597954,0.9990936
0.94181496,0.99912745
0.087044165,0.0007973672
0.906957,0.9990923
0.9406475,0.99914724
0.03713457,0.0007780264
0.046676286,0.000761323
0.9468425,0.99909097
0.030167766,0.000775389
0.93174213,0.9991182
0.933622,0.99908483
0.9426885,0.9990954
0.94283664,0.9990804
0.92423606,0.99921143
0.055063635,0.00080044416
0.04441163,0.00082989485
0.055521715,0.0007604439
0.040146023,0.0007973672
0.053117655,0.0008013233
0.06492898,0.0007912133
0.04982219,0.0007819825
0.9287564,0.9990822
0.95385313,0.99917275
0.93843234,0.99908656
0.05952114,0.0007894551
0.06528306,0.0007811034
0.9564889,0.9991657
0.04548304,0.0007969276
0.92863834,0.9990954
0.04184959,0.0007846199
0.07609923,0.00083824655
0.93624246,0.99910414
0.9164568,0.99914724
0.072732456,0.00080615847
0.05451245,0.00081934535
0.052879203,0.0007938507
0.96560127,0.99916923
0.9154805,0.9991631
0.09396244,0.0008079167
0.92976075,0.9991002
0.041271664,0.0007745099
0.043989945,0.00080615847
0.069557585,0.0007942903
0.9468194,0.9990958
0.059314135,0.0007951694
0.054269295,0.0007028612
0.07130597,0.0007806638
0.93974566,0.9991323
0.07407749,0.0007806638
0.066459216,0.00075297133
0.04649949,0.0007644
0.0557099,0.000799565
0.04142642,0.0007802242
0.052672695,0.00076220214
0.046673313,0.0007868177
0.91698945,0.9990967
0.93432224,0.9991015
0.9271816,0.99909407
0.90215796,0.9991428
0.9348749,0.999138
0.06257023,0.0008149497
0.93456936,0.99913496
0.04585025,0.0007934111
0.070315026,0.0007903342
0.94119644,0.9991147
0.95242465,0.9990774
0.9156551,0.99916834
0.95045763,0.9991015
0.06401479,0.0007811034
0.9345936,0.9991147
0.93078434,0.9991323
0.96217287,0.9990967
0.04946018,0.0007890155
0.052479807,0.0007978068
0.9317783,0.99912524
0.05606547,0.0007920924
0.065605454,0.0007639604
0.9445486,0.9990976
0.95080674,0.99910283
0.064817056,0.0008092354
0.9541626,0.9990541
0.9239169,0.9991174
0.065692365,0.00082901574
0.054081853,0.0007876968
0.06285573,0.0008030815
0.9360258,0.99906725
0.055019807,0.0007841803
0.06370206,0.0008057189
0.045299564,0.0007986859
0.93311983,0.9991604
0.94611424,0.9991147
0.9083795,0.99908483
0.91260916,0.9991411
0.05182933,0.0008083563
0.07408888,0.0008035211
0.06403213,0.0008092354
0.9309275,0.9990998
0.054414645,0.0007780264
0.94482344,0.9991437
0.9250824,0.99912876
0.94570225,0.99909276
0.93653244,0.9991244
0.9437144,0.99909097
0.043130733,0.0007841803
0.92073804,0.99911296
0.94395584,0.9990791
0.07268665,0.0007745099
0.94427896,0.99909407
0.066067,0.00081934535
0.040030386,0.0008052793
0.9527819,0.99910986
0.03964436,0.0007819825
0.080784045,0.00082286185
0.03127261,0.00074769655
0.9531826,0.99913317
0.044055067,0.0007696747
0.062393185,0.0008052793
0.06163599,0.0007960485
0.06475961,0.00075736694
0.043760408,0.0007973672
0.036234997,0.00075297133
0.02671284,0.0007696747
0.9462643,0.9991191
0.9173413,0.9990936
0.91440684,0.99910283
0.0775958,0.00081890577
0.9021196,0.9991033
0.94912994,0.9991534
0.04798516,0.0007701143
0.94642997,0.9991402
0.91028285,0.99912876
0.9204669,0.99910593
0.9285479,0.9991182
0.048868883,0.0008022024
0.94565964,0.9991182
0.04439454,0.0007960485
0.05707399,0.0007771473
0.059672676,0.00081099366
0.94803846,0.99910504
0.95020926,0.9991609
0.033302777,0.0007938507
0.054635018,0.00073538884
0.054861583,0.0007920924
0.9157177,0.99908924
0.058245692,0.00081451016
0.07008376,0.0008118728
0.9339414,0.99908483
0.048611864,0.00082022446
0.94841284,0.99908
0.0560209,0.0008101145
0.9467325,0.99912393
0.06846314,0.0007806638
0.96601605,0.9991235
0.08059611,0.00077407033
0.93289226,0.9991323
0.046163727,0.0007978068
0.9322485,0.99905276
0.053799327,0.0007828616
0.9609576,0.9991991
0.047163583,0.0007687956
0.056284856,0.00083560916
0.049709525,0.0007802242
0.08327973,0.0007978068
0.9154634,0.99912834
0.044102114,0.000771433
0.044255633,0.00073802617
0.043182485,0.0007582461
0.91877025,0.9991354
0.054408204,0.0008127519
0.9285232,0.9990954
0.9301426,0.9990923
0.92661506,0.9990857
0.9449455,0.99911296
0.030724397,0.0007780264
0.9480023,0.9991178
0.9324151,0.99912965
0.046913993,0.00083912566
0.057256237,0.000799565
0.9438964,0.9991226
0.9264301,0.9991165
0.92526364,0.9991015
0.055252068,0.00083253224
0.049380697,0.0007780264
0.9406631,0.99910414
0.05786833,0.0007903342
0.03913131,0.00080967497
0.9659779,0.9991912
0.06958135,0.0007828616
0.051932584,0.00082769705
0.05801764,0.0008013233
0.037986353,0.0007661582
0.02664351,0.0007938507
0.079279065,0.0007762682
0.93101364,0.9991385
0.04999651,0.0007661582
0.09339862,0.00077055383
0.056658003,0.0007828616
0.9582611,0.9990804
0.046055026,0.0007969276
0.045726694,0.0008052793
0.9407299,0.9990554
0.060114663,0.0008197849
0.9481152,0.9991631
0.05278189,0.00080264197
0.9271529,0.99913317
0.05220124,0.00072747667
0.055544,0.00077407033
0.95298696,0.9991244
0.93960035,0.99907166
0.94344354,0.9990804
0.94130045,0.9991112
0.07944744,0.0007556087
0.060854774,0.0007846199
0.061840765,0.0007868177
0.93738496,0.99912614
0.07220356,0.0008052793
0.9495063,0.99913317
0.9303033,0.99913055
0.04104015,0.0007951694
0.95430255,0.9990769
0.042075906,0.0007507735
0.96628225,0.9991648
0.93641454,0.99915254
0.04533794,0.00076703733
0.06340567,0.0007771473
0.043957014,0.0007938507
0.043824293,0.0007986859
0.04340063,0.0007986859
0.9067445,0.9991442
0.9372059,0.9991231
0.04999205,0.0007903342
0.045498393,0.00080044416
0.9421562,0.99912393
0.94215715,0.9990804
0.92832655,0.99913716
0.9310758,0.99908483
0.03985087,0.0007762682
0.10308717,0.000775389
0.05375055,0.00082593877
0.94344896,0.99909186
0.9275686,0.99911517
0.036395695,0.00075736694
0.94475806,0.9991569
0.94513494,0.99912965
0.92323744,0.9990901
0.05197765,0.0007828616
0.93843555,0.9991147
0.9376754,0.9991178
0.8940381,0.9991266
0.05931463,0.00072747667
0.93892163,0.99909055
0.893707,0.9990976
0.9021991,0.99911606
0.8982083,0.9990857
0.88704747,0.99911296
0.9324981,0.99915296
0.9180574,0.99909276
0.061421063,0.00080264197
0.047179185,0.0007762682
0.93129694,0.9991407
0.057853226,0.00083473005
0.9445095,0.9991244
0.060351133,0.0007978068
0.048700012,0.0007960485
0.91004246,0.9991015
0.036615573,0.00081846624
0.9261446,0.99910635
0.95476854,0.9991112
0.033499382,0.0007815429
0.061184097,0.00082022446
0.0630756,0.0007811034
0.038405064,0.0007745099
0.938803,0.9991345
0.047572885,0.0007819825
0.049361136,0.0007986859
0.052059855,0.0007934111
0.06754945,0.0007986859
0.059817035,0.0007920924
0.9290412,0.99908656
0.9279975,0.9991745
0.9205899,0.9991182
0.053576972,0.0008008837
0.06295551,0.000778466
0.91150856,0.99911207
0.041086946,0.0007841803
0.050757915,0.00076220214
0.9464339,0.9991187
0.05059053,0.0007894551
0.060249366,0.0007912133
0.93661934,0.99909145
0.94721884,0.9991235
0.9439199,0.99910283
0.920402,0.9990993
0.93740577,0.9991235
0.041896388,0.0007815429
0.03721529,0.000761323
0.07165039,0.000761323
0.061118484,0.0008101145
0.9428386,0.99912524
0.94260335,0.99913275
0.8887404,0.99911606
0.9322839,0.99911034
0.9243799,0.99912614
0.05374238,0.0008008837
0.04896149,0.0007701143
0.07025609,0.0007556087
0.9203522,0.9991226
0.93400156,0.9991217
0.9335544,0.99909186
0.06554801,0.0007986859
0.058971938,0.0007802242
0.053186987,0.0007876968
0.9481397,0.99913496
0.04732775,0.0007498944
0.8934745,0.99909276
0.04486104,0.0007890155
0.047017988,0.00083473005
0.06503347,0.0007920924
0.9556416,0.9991024
0.92550975,0.99908745
0.049418584,0.0007969276
0.060776036,0.0007881364
0.9356368,0.99913365
0.0858123,0.0007850594
0.9328834,0.99912924
0.051406164,0.000806598
0.057413965,0.0008127519
0.9314051,0.99908656
0.94780546,0.99912834
0.95678556,0.99912524
0.9350064,0.99908
0.0355917,0.0007868177
0.932322,0.9991437
0.9263984,0.9990985
0.9447811,0.9991437
0.041961014,0.0007696747
0.9493102,0.99908483
0.07641321,0.0007916529
0.9315651,0.99908304
0.9187044,0.99908656
0.9265091,0.9991068
0.0647195,0.00082505966
0.0572909,0.00075297133
0.06495027,0.0007771473
0.9613367,0.99913496
0.06512855,0.0008044002
0.026383765,0.0007771473
0.04570416,0.0007837407
0.9438523,0.99913406
0.9259084,0.9990985
0.94356734,0.9991358
0.05265883,0.0007986859
0.07299889,0.0007846199
0.07505778,0.0007811034
0.051233824,0.0007960485
0.9392876,0.9991428
0.9401639,0.99907166
0.9466033,0.9990901
0.93980014,0.9991196
0.03860984,0.0007679165
0.92390966,0.9991112
0.9292036,0.99912614
0.05344871,0.0008044002
0.060077522,0.0008233014
0.05460035,0.0007978068
0.039183803,0.0007920924
0.95015055,0.9991407
0.054103892,0.0007692352
0.08419861,0.0007793451
0.9163521,0.99907607
0.04594137,0.0007498944
0.052693743,0.0007679165
0.94631064,0.9991556
0.034760963,0.0007960485
0.9114565,0.99912524
0.1004927,0.0007723121
0.08405326,0.0007661582
0.9399153,0.9990787
0.052437466,0.00083736744
0.06525533,0.0007767077
0.05920593,0.0007885759
0.07601802,0.00080747716
0.04543674,0.00076220214
0.9412098,0.9991442
0.95614576,0.99906814
0.92390347,0.99925363
0.9323295,0.99906635
0.033367157,0.000799565
0.05227726,0.0008092354
0.9281909,0.9990989
0.93585914,0.9991209
0.0509721,0.0008092354
0.93415236,0.9991165
0.027069403,0.000771433
0.023558516,0.00073319103
0.95113087,0.99913406
0.93243694,0.9990989
0.077028766,0.00074418006
0.93104607,0.99915075
0.94329864,0.99910504
0.053152815,0.00071385026
0.057061613,0.0006901138
0.9348561,0.99906635
0.90996194,0.9991015
0.93025696,0.99908304
0.057505332,0.00075648783
0.93287325,0.9991789
0.9370242,0.999098
0.05323428,0.0007639604
0.93302846,0.9991235
0.04885081,0.0008008837
0.058070384,0.0007868177
0.950831,0.9991033
0.95145696,0.999138
0.9597532,0.9991323
0.025699861,0.0007780264
0.9554173,0.999182
0.054176442,0.0007938507
0.05203237,0.0007687956
0.06030285,0.00074242183
0.07666082,0.00085143343
0.09420163,0.0007556087
0.95535386,0.9990646
0.9425568,0.99907166
0.060470976,0.0007912133
0.90444046,0.9991015
0.062469453,0.0007890155
0.06317069,0.0007903342
0.050742563,0.00080396066
0.06878033,0.0007780264
0.9187861,0.99915206
0.94044125,0.9991565
0.9534438,0.999142
0.052162863,0.0007846199
0.9396476,0.99909097
0.94211805,0.99914503
0.06917552,0.000792532
0.035320565,0.0007723121
0.03390398,0.0007652791
0.0681561,0.0007793451
0.953399,0.9991534
0.94321,0.9991006
0.9474912,0.99915165
0.9350005,0.99917316
0.03242747,0.0007885759
0.056312833,0.00075516914
0.06963261,0.00079560897
0.9442648,0.9991407
0.054405235,0.0007903342
0.946401,0.99910504
0.9374793,0.9991222
0.94854504,0.9991323
0.04824961,0.0007780264
0.057457294,0.0007837407
0.92527056,0.99914813
0.042694688,0.0007876968
0.9649996,0.99909055
0.9208477,0.99913406
0.07935161,0.0007485757
0.041549485,0.00075297133
0.054295048,0.0008092354
0.95367455,0.9990985
0.059233908,0.0008246201
0.9460318,0.99913365
0.96003944,0.9991837
0.050490245,0.00073538884
0.03139394,0.0007661582
0.05032608,0.0008017628
0.08395372,0.00080967497
0.0630137,0.00080264197
0.107152216,0.0007894551
0.06430648,0.0007960485
0.9410632,0.99904877
0.921287,0.9991174
0.88953155,0.99904877
0.92377967,0.999102
0.05152972,0.0007942903
0.91418844,0.99908966
0.9421285,0.9991235
0.08217612,0.00077407033
0.93340385,0.9990993
0.059946287,0.0007762682
0.050320137,0.00080615847
0.045049228,0.00076000433
0.9493139,0.9991033
0.059438437,0.0007485757
0.053886984,0.0007885759
0.029864937,0.0007960485
0.9402897,0.99909186
0.9551434,0.9992123
0.07614133,0.0008101145
0.059148483,0.0007679165
0.9491465,0.999109
0.037348505,0.0007894551
0.93943346,0.9991618
0.94592386,0.9990967
0.055423908,0.0007947298
0.9347736,0.9991477
0.0531647,0.000747257
0.94774675,0.999142
0.9374699,0.99908
0.9437555,0.99907607
0.056278415,0.0007938507
0.96257377,0.99910283
0.93551326,0.99910504
0.050052717,0.0007595648
0.04059271,0.0007876968
0.055499677,0.0008083563
0.05600728,0.000771433
0.057072755,0.00083121355
0.044824645,0.000775389
0.04820281,0.0007942903
0.9271024,0.99916923
0.05649087,0.0007934111
0.059266098,0.000775389
0.051447514,0.0007824221
0.053331096,0.0008083563
0.053971913,0.0007679165
0.05371217,0.0008092354
0.9424607,0.9991859
0.94405985,0.9991354
0.9253156,0.9991147
0.9252148,0.9991196
0.92045254,0.99909496
0.04589829,0.00075297133
0.95732313,0.99907076
0.05734166,0.0007907738
0.070395745,0.0007934111
0.94709134,0.99913496
0.9225691,0.99910855
0.06513573,0.0007960485
0.9295225,0.99906766
0.89933795,0.99908304
0.9395263,0.999098
0.936889,0.9991657
0.9684716,0.999109
0.05026195,0.0007745099
0.9472387,0.9991323
0.06000621,0.0007802242
0.042857863,0.000775389
0.04325033,0.0007595648
0.04786903,0.0008118728
0.08698375,0.0008052793
0.90966237,0.9990826
0.9476309,0.9990989
0.03317996,0.00073978445
0.93948495,0.99913496
0.954569,0.9991213
0.95388305,0.9990598
0.93134993,0.9991235
0.061547842,0.0007692352
0.0573533,0.00082286185
0.92855984,0.9991134
0.08287166,0.0007767077
0.9366535,0.99911606
0.06620591,0.0008057189
0.036266938,0.00081670796
0.056109544,0.00083780696
0.03473645,0.0007881364
0.06419927,0.0007938507
0.066779874,0.0007881364
0.96431893,0.99911606
0.9410313,0.9990989
0.9235982,0.99915427
0.9352441,0.99912
0.049581513,0.0008175871
0.06316251,0.0007582461
0.04237824,0.0007894551
0.07288202,0.000806598
0.93992126,0.9990813
0.96309966,0.99908924
0.9385076,0.9991385
0.068010256,0.0007973672
0.049652327,0.0008052793
0.9560338,0.99917537
0.048305072,0.0008092354
0.05889171,0.0007982463
0.93505394,0.9991279
0.054450054,0.0008030815
0.93667257,0.9991231
0.05568489,0.0008105541
0.054405235,0.0007762682
0.057780925,0.0007881364
0.9217522,0.9991226
0.93653864,0.9991354
0.034265492,0.0007068172
0.07726747,0.0007833012
0.061515402,0.0008083563
0.91572684,0.9993697
0.076087594,0.0007982463
0.913092,0.99909097
0.9363024,0.9990778
0.068664946,0.0007973672
0.044152874,0.00081363105
0.9258896,0.9990567
0.9171915,0.99913013
0.041973148,0.00076220214
0.058603738,0.0007969276
0.031377845,0.00073275145
0.064373836,0.0007978068
0.94555587,0.99913186
0.894929,0.9991015
0.060175825,0.0007736308
0.0529416,0.0007811034
0.050739095,0.0007942903
0.048946388,0.0007868177
0.9324067,0.99912524
0.9565791,0.9991587
0.062181726,0.0007942903
0.07961507,0.0007912133
0.074493475,0.0008044002
0.9306041,0.99913627
0.05441712,0.0007811034
0.9364485,0.99913055
0.05891053,0.0008083563
0.93132615,0.9990752
0.9327291,0.99911207
0.06387094,0.0007846199
0.9492171,0.9990954
0.93643934,0.99908173
0.057873283,0.0007868177
0.0409151,0.0007885759
0.05900487,0.0007604439
0.93318075,0.9991147
0.9596487,0.9990993
0.9250163,0.9991323
0.03517002,0.0007709934
0.92591137,0.99909055
0.044519585,0.000761323
0.9388751,0.9991415
0.07155111,0.000799565
0.9308319,0.9991037
0.050965164,0.00081582885
0.061399024,0.0008052793
0.9610509,0.9991837
0.088500865,0.00083341135
0.8835178,0.99910593
0.9345228,0.9990936
0.048763897,0.0008149497
0.054882877,0.0007745099
0.046404652,0.0007463779
0.9289216,0.9991147
0.059570413,0.0007978068
0.9389414,0.9991367
0.9237091,0.9991156
0.9559244,0.9991222
0.06507309,0.000778466
0.9625084,0.9990998
0.06319743,0.0007780264
0.9392643,0.99910766
0.94073784,0.99913144
0.9390843,0.99910283
0.9453979,0.99911296
0.04906202,0.0007850594
0.05748577,0.00083824655
0.9183384,0.99912
0.9428599,0.9991459
0.9541634,0.9990989
0.044593126,0.0007806638
0.93011755,0.99911207
0.9376192,0.99913716
0.06103157,0.0007960485
0.044083294,0.0007868177
0.05705988,0.0008057189
0.069002435,0.0008118728
0.94903064,0.999138
0.95227855,0.99910283
0.0381213,0.0008057189
0.9318335,0.9990936
0.09653116,0.0007890155
0.04471594,0.0007903342
0.050155476,0.00074549875
0.04223215,0.0007582461
0.97571945,0.99913496
0.9415401,0.9990958
0.051210795,0.0008052793
0.92967063,0.9991112
0.04695064,0.0007828616
0.91377544,0.9991323
0.06263263,0.00083604874
0.9544967,0.9991182
0.92468745,0.9990752
0.066158615,0.0007604439
0.9484302,0.9991174
0.049776133,0.00083473005
0.9442354,0.9990826
0.9548433,0.9991407
0.96339285,0.9991248
0.9444795,0.9991002
0.048233017,0.0007745099
0.9346845,0.9991266
0.9563176,0.9991358
0.9284316,0.99914986
0.05528401,0.0008197849
0.030991076,0.0007973672
0.9409553,0.9991209
0.94263035,0.9990901
0.91871554,0.99906856
0.05185607,0.00072835584
0.05477863,0.00082681794
0.06941397,0.0007920924
0.9501783,0.9991428
0.9526118,0.99913096
0.067766115,0.0007556087
0.055923093,0.00080615847
0.05724435,0.0007771473
0.929889,0.99913627
0.9470819,0.99912745
0.95606625,0.99910945
0.06416509,0.0007661582
0.04488333,0.0007696747
0.9508988,0.99910635
0.06773516,0.00083824655
0.038099017,0.000792532
0.9166428,0.99908525
0.06028527,0.000792532
0.05508146,0.0007903342
0.9391091,0.99906945
0.024722291,0.0007885759
0.94933665,0.9991112
0.9497588,0.99911034
0.05945552,0.0007652791
0.0529213,0.0008127519
0.0653207,0.000872972
0.050360993,0.0008044002
0.050930995,0.0007771473
0.9333452,0.9991046
0.95280766,0.99912524
0.9538543,0.99908745
0.9439385,0.9991011
0.94234735,0.9991209
0.059884634,0.0007894551
0.109609015,0.000778466
0.9597161,0.9991358
0.93640417,0.99910283
0.06411805,0.0007916529
0.06555544,0.00076220214
0.9310926,0.99909407
0.05469915,0.0006958282
0.93972313,0.9991046
0.047314625,0.0008101145
0.046844907,0.0007942903
0.070339784,0.00081099366
0.036367964,0.0007960485
0.061236594,0.00080747716
0.04492889,0.0008118728
0.92340976,0.99911165
0.954305,0.99911386
0.9368783,0.99908835
0.060690112,0.00080264197
0.9411784,0.99915475
0.052702162,0.0008030815
0.95561093,0.9990998
0.051636443,0.0007920924
0.049358908,0.0008092354
0.060428634,0.0007938507
0.9438845,0.9991596
0.8828413,0.99912
0.061202176,0.0007894551
0.9151697,0.99910855
0.05613901,0.0007986859
0.93529385,0.99911076
0.060762912,0.0007793451
0.048311513,0.0008118728
0.053744607,0.0007863781
0.06108431,0.0007674769
0.95079756,0.9991046
0.0481575,0.00072703714
0.061839774,0.0007934111
0.06961973,0.00082154316
0.924888,0.99909407
0.03687829,0.0007595648
0.052979734,0.0007833012
0.93457556,0.99911255
0.06377114,0.00082901574
0.92750275,0.99909097
0.033214133,0.00073626795
0.074661605,0.0008044002
0.05361486,0.0007934111
0.03814111,0.0007815429
0.89718765,0.99910504
0.9326811,0.9990985
0.052102197,0.00074901525
0.048481867,0.0008233014
0.93017423,0.9991112
0.06679473,0.0007828616
0.9227848,0.99911255
0.045314915,0.00082286185
0.05810158,0.0008127519
0.06019291,0.0007547296
0.05527633,0.0008118728
0.059151206,0.00081846624
0.8809421,0.99910724
0.94545484,0.9990936
0.9214098,0.99911076
0.95058316,0.9990936
0.033225276,0.0006923117
0.95081365,0.9991196
0.94886845,0.99910766
0.048944656,0.0008083563
0.946214,0.99906904
0.053381607,0.000799565
0.9297325,0.99909276
0.93659383,0.99912876
0.05145692,0.0008233014
0.048842885,0.00084088393
0.047298778,0.000761323
0.93884337,0.9991156
0.07828045,0.0007885759
0.054276228,0.0007604439
0.93438464,0.99914724
0.04682584,0.0007951694
0.07292163,0.00075297133
0.07433822,0.00076703733
0.061471824,0.0008083563
0.0687162,0.0007793451
0.93475455,0.99906635
0.09062166,0.0007696747
0.9338065,0.99910414
0.94316024,0.99910593
0.950964,0.9991147
0.92024106,0.9991002
0.93505245,0.99913406
0.059833623,0.0008008837
0.9522498,0.9990967
0.06659095,0.0007811034
0.053232547,0.00081582885
0.053999893,0.0007582461
0.03583535,0.0006083551
0.052729152,0.00083912566
0.9261701,0.99911207
0.07668855,0.0007969276
0.89438075,0.9990945
0.059418626,0.0008048398
0.9397769,0.99914944
0.9189181,0.9990791
0.09145091,0.0007846199
0.042133104,0.000799565
0.059681345,0.0007903342
0.029364515,0.0007547296
0.053393245,0.000799565
0.95243704,0.9991398
0.052267604,0.0008044002
0.038909946,0.0007960485
0.9436233,0.9991147
0.9279539,0.99910766
0.03765257,0.0007903342
0.06447758,0.00077055383
0.9461962,0.9990945
0.073532246,0.0007780264
0.048650492,0.0007947298
0.078346804,0.00076703733
0.0583019,0.00073978445
0.9129358,0.9991011
0.056273464,0.0007960485
0.87479764,0.9990936
0.05823653,0.00081319147
0.053173613,0.0007916529
0.061357923,0.0007582461
0.96001416,0.9991024
0.050387736,0.0007868177
0.93665427,0.9991156
0.93578935,0.99911255
0.9316149,0.9991244
0.04663444,0.0008127519
0.90681136,0.9990936
0.92044383,0.9991235
0.95509416,0.9991323
0.9774973,0.99915254
0.92981446,0.99908835
0.04920316,0.0007828616
0.05969026,0.00082857616
0.9288728,0.99912924
0.043115877,0.0007960485
0.02117352,0.00077055383
0.93785566,0.99910945
0.04904345,0.0007986859
0.037489396,0.0007644
0.04785021,0.0007876968
0.9387268,0.99909496
0.9232978,0.9990936
0.08307198,0.0007780264
0.07206019,0.00080044416
0.9348556,0.99908704
0.04495043,0.000799565
0.9394691,0.9991112
0.92368037,0.9991279
0.052601878,0.0007837407
0.9326739,0.99911517
0.049192514,0.00083560916
0.06688115,0.0007846199
0.9298727,0.9990998
0.94479525,0.9991182
0.038294878,0.00073978445
0.05894767,0.0007841803
0.0419162,0.0008092354
0.92814183,0.99908614
0.05400039,0.00076088344
0.053105522,0.0007745099
0.9394847,0.9991407
0.93320924,0.99913716
0.9381798,0.99909186
0.92974734,0.9990769
0.07062008,0.0007819825
0.92505264,0.99913496
0.9638655,0.9991877
0.03394459,0.0007846199
0.03881412,0.00073890534
0.952338,0.99913496
0.92904913,0.9990813
0.0668544,0.0007876968
0.076595694,0.000792532
0.94356483,0.9991266
0.04902909,0.00073846575
0.92196596,0.99915075
0.94383574,0.9991196
0.93879855,0.99908835
0.93831027,0.9991468
0.96363354,0.99909186
0.9333197,0.99906635
0.92284393,0.99907166
0.042716727,0.00074242183
0.93255204,0.9991266
0.05176074,0.0007512131
0.041937493,0.0007978068
0.94052887,0.99912
0.9489586,0.9991156
0.8873206,0.9991248
0.9326984,0.9991217
0.93846476,0.9990791
0.035004612,0.00074813614
0.052509025,0.0007701143
0.04905707,0.0007463779
0.051764455,0.00081231236
0.9586538,0.9991217
0.040492184,0.0008052793
0.06949865,0.0007846199
0.04996754,0.00082505966
0.046214737,0.0007758286
0.92528266,0.9991011
0.9251965,0.9990945
0.91573554,0.9991217
0.054141033,0.0007833012
0.06885709,0.0008118728
0.04364502,0.000761323
0.9444919,0.99913317
0.039868698,0.00075736694
0.938806,0.9990932
0.049062517,0.0007986859
0.031244135,0.0007806638
0.052356247,0.0008101145
0.9479803,0.9991354
0.035698917,0.00073231186
0.062077235,0.0007802242
0.9419279,0.99908
0.92519724,0.99907607
0.055930275,0.00081099366
0.028802188,0.0007894551
0.9333657,0.9991468
0.9388837,0.99910766
0.060278088,0.0008008837
0.056367062,0.00082593877
0.94872534,0.9990752
0.042986374,0.0007520922
0.9370846,0.99913144
0.046346713,0.00081363105
0.93741345,0.99911034
0.9401904,0.9990963
0.05076658,0.0007811034
0.06290723,0.0007819825
0.06703987,0.0008052793
0.93764,0.9990809
0.057505332,0.0007824221
0.05044518,0.0008092354
0.05398454,0.0008531917
0.9439442,0.999109
0.9449002,0.9991679
0.939969,0.9991196
0.046582438,0.000799565
0.90445757,0.99910945
0.036281794,0.0007969276
0.9468858,0.9991204
0.094354406,0.00076352083
0.060830757,0.0007828616
0.91681117,0.99906766
0.025727099,0.0007811034
0.95169765,0.9991411
0.055538554,0.0007780264
0.94466746,0.99908656
0.9274503,0.99911255
0.06727757,0.0007942903
0.038303792,0.000775389
0.9210998,0.9991446
0.95046055,0.99912703
0.9520906,0.9990967
0.94370353,0.9990826
0.9546576,0.9991169
0.070711456,0.0007696747
0.058013182,0.0007960485
0.0697168,0.00076703733
0.040027168,0.0007978068
0.9377321,0.9991767
0.9296102,0.9991165
0.9580858,0.9990668
0.04374976,0.00081670796
0.05248773,0.0007793451
0.044066705,0.0007723121
0.9508917,0.9991187
0.9614231,0.9991468
0.04043845,0.0007920924
0.93615705,0.99910766
0.048065882,0.00076220214
0.042536464,0.0007498944
0.043281034,0.0007876968
0.9365106,0.9990976
0.9455324,0.99910724
0.95749575,0.99915826
0.9049476,0.9990963
0.03729329,0.00081670796
0.062801495,0.0008175871
0.046728283,0.0007894551
0.06594097,0.00081363105
0.93961865,0.9990589
0.042600844,0.000761323
0.89382017,0.99910504
0.94192046,0.9991455
0.9349487,0.9991622
0.05772224,0.0007868177
0.04337364,0.00076088344
0.954999,0.9991187
0.070182554,0.0007793451
0.050669022,0.0007876968
0.9321987,0.9991912
0.94723696,0.9991112
0.9414384,0.99908614
0.96428967,0.99915516
0.06150426,0.0008044002
0.95856243,0.9991231
0.042210113,0.000775389
0.055519983,0.0007938507
0.9510979,0.99912876
0.9508637,0.99908924
0.055690587,0.0007986859
0.93106765,0.99912614
0.9339073,0.9991174
0.9348375,0.9991068
0.9499047,0.9991046
0.93607235,0.9991068
0.06251303,0.0007885759
0.059958175,0.0007969276
0.05691676,0.00079560897
0.9488288,0.9991811
0.055983264,0.00082154316
0.897957,0.99908614
0.9271311,0.99909097
0.036916174,0.0007828616
0.9786814,0.9991613
0.05379388,0.0007934111
0.05517679,0.0007876968
0.051014442,0.00074549875
0.07755742,0.0007793451
0.057054926,0.0008013233
0.04103148,0.0007652791
0.899176,0.9990971
0.057387963,0.00080747716
0.93091387,0.99913096
0.9314041,0.99907297
0.06791096,0.0007837407
0.9394968,0.9991217
0.05232901,0.00082242227
0.94474816,0.9991182
0.9286653,0.9991174
0.9228088,0.99908656
0.9171303,0.9991196
0.92826617,0.99909186
0.09275706,0.0007806638
0.04355935,0.0007982463
0.9301695,0.9990976
0.9479619,0.99908304
0.058013678,0.00075385044
0.05834944,0.0007916529
0.071581066,0.00081582885
0.91713727,0.99915165
0.059220042,0.00082198274
0.05889592,0.00082242227
0.9312999,0.9991182
0.9341546,0.99910855
0.9531078,0.9991165
0.044715445,0.0007934111
0.94813925,0.99912965
0.9321393,0.99914986
0.039784014,0.0007969276
0.049263828,0.000792532
0.90962493,0.99908924
0.94262564,0.9990985
0.9743888,0.999149
0.058424465,0.0007679165
0.9253738,0.99913496
0.060419474,0.000799565
0.9216022,0.9990374
0.9254885,0.99910855
0.049828134,0.00075429
0.9368667,0.99908304
0.059469387,0.0007802242
0.023255687,0.0007828616
0.9477101,0.9990945
0.9542481,0.9991657
0.035196513,0.0007960485
0.047175962,0.00075253175
0.04360367,0.0008044002
0.92744976,0.99910945
0.056948453,0.0007903342
0.9474679,0.99907607
0.9399663,0.9991231
0.06724365,0.0008083563
0.055226315,0.00081846624
0.042570636,0.0007881364
0.941552,0.9990822
0.9415701,0.9991011
0.952103,0.99914634
0.042863313,0.0008083563
0.9606107,0.999142
0.9488179,0.9991323
0.9454108,0.99914813
0.05872383,0.0007771473
0.8785529,0.99908656
0.9675255,0.9991389
0.9859495,0.99910414
0.9203827,0.9990835
0.038791586,0.00075385044
0.92802525,0.9990985
0.88272244,0.9990936
0.045884423,0.0007819825
0.94949293,0.99909186
0.92219865,0.9990976
0.049108077,0.00080747716
0.0366594,0.0007903342
0.91391337,0.9990734
0.016357722,0.0007644
0.93361086,0.9991046
0.89990425,0.99912876
0.05698312,0.0007736308
0.9380275,0.9990813
0.051499512,0.0008035211
0.9288634,0.99910855
0.038828727,0.00074418006
0.88310623,0.99912
0.93874186,0.9991033
0.046683464,0.0007731912
0.06742391,0.00080967497
0.057288177,0.0008030815
0.07165634,0.000792532
0.905631,0.99912
0.029867167,0.0
0.07119182,0.0007745099
0.95858324,0.99913317
0.065669835,0.0007942903
0.055184714,0.0007934111
0.9151903,0.9990804
0.92793435,0.9991222
0.055012874,0.00081099366
0.9520059,0.9991393
0.076552115,0.0008127519
0.9324872,0.9991156
0.042770952,0.0007723121
0.05824594,0.00076352083
0.02993526,0.00076220214
0.9341796,0.99913055
0.92163366,0.99914813
0.037436407,0.0007679165
0.9395065,0.99906904
0.9319818,0.99913096
0.942924,0.9991367
0.95638645,0.9991156
0.95498097,0.99912614
0.012901311,0.0007876968
0.9464986,0.99911517
0.9365567,0.9991147
0.034100585,0.0007582461
0.017310036,0.00073231186
0.04999007,0.0007920924
0.05868446,0.0008127519
0.051114228,0.00082418055
0.051736474,0.0007780264
0.9389115,0.9991407
0.043924082,0.000799565
0.056190763,0.00083824655
0.08634813,0.00075385044
0.92214495,0.9991578
0.04386911,0.0007296745
0.047356226,0.0007226415
0.05315331,0.0008079167
0.90408784,0.99917275
0.9036085,0.99911165
0.052934173,0.0007885759
0.9293185,0.99907607
0.070941485,0.00081582885
0.07355156,0.0008105541
0.05106644,0.0007687956
0.062225305,0.0007837407
0.9438216,0.99915826
0.91835624,0.9991169
0.05799808,0.0008022024
0.08099848,0.00092088437
0.05712822,0.0007885759
0.93860245,0.99908745
0.040511,0.0007885759
0.04936584,0.0007723121
0.9492002,0.9991191
0.055261474,0.0007745099
0.94150025,0.9990971
0.9548146,0.9991068
0.9294057,0.9991156
0.066929184,0.0007652791
0.063649565,0.0007837407
0.93495566,0.99911165
0.07206985,0.00082418055
0.04962856,0.00082022446
0.045407522,0.000761323
0.05590155,0.0007802242
0.89173305,0.9991055
0.06395215,0.0007687956
0.07199854,0.0008092354
0.059573136,0.0007881364
0.053273898,0.0007960485
0.043427866,0.0007863781
0.044622593,0.0007687956
0.037471075,0.00076088344
0.055466745,0.0008017628
0.045052446,0.000785499
0.059687532,0.0007745099
0.93278706,0.99912745
0.95863,0.9991701
0.95110834,0.9991147
0.023117272,0.0007846199
0.056706537,0.0007723121
0.06084289,0.0007934111
0.045333236,0.00076703733
0.05772546,0.0007582461
0.06205718,0.0007934111
0.07967153,0.0008013233
0.05276357,0.0007986859
0.92107946,0.99911034
0.92766744,0.99909097
0.9282726,0.9991143
0.9414495,0.99909186
0.10243397,0.0007630813
0.06432951,0.0007780264
0.9111532,0.99910635
0.032865,0.000747257
0.94161713,0.9991231
0.942279,0.99910814
0.057692528,0.0007868177
0.9235915,0.99912614
0.91856027,0.99909276
0.9489739,0.9991165
0.9594281,0.99910855
0.92786527,0.9990954
0.04419769,0.00083912566
0.06887789,0.0007846199
0.070469536,0.00081451016
0.029454397,0.000799565
0.93313694,0.9990752
0.9075173,0.99910504
0.949325,0.9991257
0.94760114,0.99906284
0.056694653,0.0007890155
0.039859287,0.000799565
0.057734374,0.00080747716
0.9482856,0.9990795
0.051753562,0.0007894551
0.9467825,0.99912524
0.07546312,0.00077055383
0.060282793,0.0007912133
0.94046026,0.9991213
0.90462744,0.99914724
0.94084704,0.99913406
0.05881074,0.00081099366
0.9589997,0.99909097
0.87164503,0.9991415
0.0502929,0.0007745099
0.9165229,0.9991446
0.94798595,0.9990998
0.05641089,0.00076703733
0.074039355,0.0007811034
0.045710847,0.00082154316
0.046280105,0.0008364883
0.051505208,0.0007701143
0.9236903,0.9991376
0.945104,0.9990958
0.925591,0.9991231
0.92738664,0.9991222
0.94409746,0.99915075
0.047780138,0.0007907738
0.07682028,0.00081319147
0.06992776,0.00083165313
0.94719434,0.99913716
0.050889395,0.0007819825
0.9607484,0.9990782
0.9521186,0.9990985
0.9102435,0.99912614
0.86305416,0.9991037
0.046331115,0.0007652791
0.04596836,0.0007630813
0.9275642,0.9991217
0.8876395,0.99912876
0.93190455,0.9991174
0.04644452,0.0007534109
0.94375974,0.99911296
0.93709403,0.9991147
0.93346477,0.9990993
0.057892844,0.00075429
0.04478032,0.0007569274
0.04842343,0.000785499
0.052374076,0.0007881364
0.93339914,0.99906504
0.101012185,0.0007890155
0.06931467,0.0008035211
0.053367496,0.0007850594
0.051877864,0.0007547296
0.9560737,0.99912965
0.9244747,0.999051
0.8991822,0.9991024
0.06891726,0.0007762682
0.92120624,0.9990787
0.9714105,0.99917233
0.9579122,0.9991024
0.9124839,0.9990998
0.0486079,0.000785499
0.060553927,0.0007811034
0.04544169,0.000771433
0.05707152,0.0007920924
0.9313341,0.9990985
0.88989455,0.9990971
0.05387832,0.0007815429
0.9592845,0.9990967
0.9231785,0.9991147
0.05358341,0.0008057189
0.043139894,0.0007463779
0.05016117,0.0008044002
0.068573326,0.00076220214
0.9256655,0.99908656
0.95016193,0.9991679
0.053117655,0.00073363056
0.9602308,0.99912965
0.06464645,0.0007828616
0.04755654,0.0008057189
0.9341383,0.9991213
0.051638175,0.0007938507
0.94291514,0.9991354
0.92392135,0.9991037
0.05607488,0.0007811034
0.92628723,0.99909496
0.05292278,0.00082022446
0.93209624,0.99913055
0.945493,0.9990963
0.052020486,0.0007780264
0.9621714,0.99910414
0.9294022,0.99909186
0.952435,0.9991679
0.0457881,0.0007745099
0.060532633,0.00083077396
0.9567945,0.99911255
0.05506809,0.000799565
0.92097425,0.99914813
0.9456225,0.999142
0.062225305,0.0007661582
0.936579,0.9991165
0.939009,0.99913317
0.0687786,0.000775389
0.040812097,0.0007665978
0.071652375,0.0007969276
0.05529317,0.00081934535
0.93986976,0.99914724
0.9395751,0.99908704
0.9410937,0.999098
0.89369833,0.99913144
0.06790353,0.0008035211
0.910808,0.99909407
0.04540356,0.0007762682
0.9342534,0.9990901
0.07017636,0.0008008837
0.054904915,0.0007687956
0.0792704,0.00082593877
0.062408537,0.00081363105
0.039821155,0.00071516895
0.06763909,0.0007811034
0.06704111,0.00076703733
0.041084718,0.00073099317
0.04202688,0.000747257
0.9165143,0.9991015
0.055744566,0.0007951694
0.03202634,0.0007894551
0.89744794,0.99912965
0.059006106,0.0007780264
0.056168478,0.0007556087
0.05784382,0.0007793451
0.9326766,0.99909055
0.081572935,0.0007762682
0.06359064,0.0007894551
0.04296335,0.0008149497
0.034772106,0.00081363105
0.93767667,0.99909407
0.067043826,0.00081846624
0.947718,0.99911296
0.05740381,0.00080264197
0.057050966,0.00080264197
0.92326736,0.99910945
0.9346966,0.99913013
0.9589955,0.99913317
0.95477027,0.99904794
0.9387022,0.99907166
0.92538494,0.9991178
0.9384059,0.9991182
0.011847476,0.0007806638
0.96255296,0.99910945
0.9466154,0.9991196
0.92539537,0.99912524
0.9509444,0.9991187
0.9483653,0.9990945
0.020167474,0.0007604439
0.95204777,0.99912524
0.04411103,0.00080264197
0.060540307,0.00082989485
0.06720552,0.00081451016
0.9385012,0.9991156
0.075490855,0.0007639604
0.9153589,0.99909186
0.93390626,0.99917495
0.94684845,0.99916965
0.9602447,0.9991385
0.041146126,0.0007674769
0.9389293,0.99911207
0.94255036,0.99913627
0.04457852,0.00081363105
0.9369997,0.9990791
0.057936177,0.0007890155
0.05436091,0.0008017628
0.06814471,0.0007213228
0.92038715,0.99908483
0.94336104,0.99915606
0.9059286,0.99912614
0.05678082,0.0007709934
0.10677312,0.0007978068
0.023538211,0.0007828616
0.030072188,0.00076220214
0.047853924,0.0007978068
0.9311172,0.9991213
0.051285822,0.0007661582
0.04091362,0.0007837407
0.06697375,0.0007903342
0.9500357,0.99912393
0.04809163,0.0007938507
0.07380585,0.000747257
0.9340241,0.9991024
0.86822873,0.9990923
0.05220124,0.0007912133
0.055329323,0.0007973672
0.041540816,0.0007986859
0.9203369,0.99911076
0.9463599,0.9990567
0.9308527,0.9991596
0.86782813,0.9991367
0.93724084,0.9990923
0.9587828,0.9991842
0.047798213,0.00080264197
0.08197655,0.00080264197
0.91231006,0.99910814
0.06581097,0.000775389
0.9396538,0.9990787
0.9434403,0.9991323
0.073335886,0.0007960485
0.9587021,0.9991002
0.031958,0.00075604825
0.046314277,0.0008013233
0.033860646,0.0007802242
0.93712944,0.99915123
0.92079175,0.99912524
0.048103765,0.0008118728
0.9571751,0.9991178
0.92746043,0.99913055
0.9231701,0.99908876
0.93296635,0.99911207
0.9727189,0.99912745
0.02577068,0.0007833012
0.9007431,0.9991556
0.047058843,0.0007661582
0.9618854,0.99915165
0.885254,0.99912703
0.93665427,0.9991446
0.03858384,0.000806598
0.053299647,0.000799565
0.9475125,0.99913317
0.9384955,0.99912524
0.05378695,0.0007701143
0.057148524,0.00081670796
0.9319065,0.99906814
0.94273263,0.9991015
0.9293002,0.99911386
0.9533621,0.9991156
0.93444705,0.99907076
0.047551095,0.00075385044
0.059333943,0.0007912133
0.03140607,0.00074593833
0.93136823,0.9991591
0.03407285,0.0007723121
0.95870656,0.9991407
0.052460246,0.0007802242
0.9573313,0.99915385
0.9248288,0.9991358
0.05721662,0.000806598
0.9542344,0.99910414
0.053130776,0.00082154316
0.94031715,0.9991226
0.028906433,0.00081670796
0.9277719,0.99911076
0.9395483,0.9990809
0.94049424,0.9990879
0.049093965,0.000761323
0.9488875,0.999098
0.10623333,0.0007978068
0.063159294,0.00074242183
0.052215606,0.00076703733
0.094254866,0.0007969276
0.040071987,0.00075297133
0.058515836,0.0008048398
0.07045715,0.0008149497
0.91394776,0.9991235
0.044260338,0.0008008837
0.053549983,0.00077407033
0.037995763,0.0007709934
0.039952885,0.0007837407
0.9398093,0.9991024
0.062674224,0.0007969276
0.07191881,0.0008114332
0.055685386,0.00080044416
0.96021646,0.9991468
0.057798255,0.000792532
0.9402169,0.99910855
0.069096036,0.0007986859
0.049482714,0.0007903342
0.049566902,0.0007868177
0.9431068,0.9991112
0.05021416,0.0007745099
0.06394522,0.0007736308
0.9208024,0.9990778
0.06277971,0.0007920924
0.93739337,0.999102
0.056194477,0.0008057189
0.93592453,0.9990923
0.0292053,0.00081582885
0.05899546,0.0008083563
0.945752,0.9991323
0.9308631,0.9991033
0.9521983,0.9991402
0.07736354,0.00081363105
0.9491651,0.99910724
0.0540301,0.0007868177
0.9369172,0.9990963
0.059462454,0.00080747716
0.96034473,0.99913055
0.05866044,0.0007868177
0.93757486,0.9990149
0.949222,0.9991244
0.075302914,0.0007890155
0.928855,0.9991169
0.058803067,0.0007960485
0.9124512,0.99911034
0.02873657,0.0007595648
0.047969807,0.0007916529
0.9445669,0.9991112
0.059020963,0.0007885759
0.9420178,0.9991323
0.9239342,0.9991213
0.059633307,0.00082769705
0.9136551,0.9991213
0.9406049,0.99912614
0.95238847,0.99910414
0.94123405,0.9991169
0.05557916,0.0008079167
0.038772274,0.0007793451
0.9405358,0.99908
0.96012783,0.999229
0.063009985,0.000775389
0.060296413,0.0007828616
0.05975315,0.00081099366
0.06345445,0.0007582461
0.064110376,0.0007595648
0.076698706,0.0007644
0.04345337,0.0007652791
0.052415676,0.0007951694
0.93088764,0.9991147
0.05142919,0.0007876968
0.027562397,0.0007178063
0.9310721,0.99912965
0.06221342,0.000799565
0.052918326,0.000771433
0.94708467,0.99912965
0.039601523,0.000785499
0.042954434,0.00072703714
0.055523697,0.0007723121
0.91954505,0.99911386
0.9366134,0.99906725
0.04243742,0.00082769705
0.07530737,0.0007903342
0.05957388,0.0007903342
0.040517934,0.00076220214
0.05776087,0.0008083563
0.0496969,0.0008118728
0.9354598,0.99910593
0.92871803,0.9990752
0.9311573,0.9990963
0.9302738,0.9990769
0.9407079,0.9991534
0.91267824,0.9990404
0.93106514,0.9990901
0.92448956,0.99911034
0.9107855,0.9990813
0.023179919,0.0007582461
0.9438347,0.99908745
0.09540131,0.00081363105
0.054757092,0.0007907738
0.033060364,0.0007947298
0.050608356,0.00073978445
0.061019436,0.0007969276
0.9265116,0.999109
0.015775833,0.0007942903
0.05747636,0.0008022024
0.9417548,0.9990752
0.93403673,0.9991015
0.92279196,0.9990993
0.05414846,0.00072747667
0.044558957,0.0007903342
0.048842885,0.00082857616
0.051384866,0.00082022446
0.93626106,0.99911034
0.0480275,0.00080264197
0.056833316,0.000792532
0.92022425,0.99912524
0.08288058,0.0007811034
0.92257106,0.9991385
0.032232847,0.0007767077
0.9123118,0.99906504
0.052784123,0.0007960485
0.92333174,0.99912
0.9542941,0.99910945
0.05861983,0.0007969276
0.085626096,0.0007731912
0.9308824,0.99911207
0.9284474,0.9991147
0.0733245,0.0008013233
0.92925316,0.99913275
0.8987068,0.9990971
0.9451976,0.9990967
0.04108744,0.00077407033
0.9367776,0.9991587
0.048817877,0.0007960485
0.9378099,0.9990844
0.9436602,0.99910855
0.9464802,0.9991024
0.05800303,0.0007916529
0.9175634,0.9990989
0.92830354,0.99909097
0.052236155,0.0007771473
0.05084433,0.0007982463
0.93592554,0.99911517
0.058148626,0.0008052793
0.048542287,0.0008013233
0.06818235,0.0007894551
0.07411785,0.0007793451
0.9123296,0.99909186
0.060205538,0.00082418055
0.94060814,0.9990936
0.056675587,0.0007819825
0.08894384,0.0008035211
0.04597084,0.0007771473
0.9362348,0.999149
0.057709612,0.0007920924
0.93137467,0.9991033
0.94145745,0.99913275
0.03492191,0.0007793451
0.051654268,0.0007758286
0.95504683,0.9990765
0.044885557,0.00081451016
0.07028952,0.0007978068
0.0555336,0.00080044416
0.06410047,0.0008048398
0.06546877,0.0007771473
0.06798525,0.0007868177
0.041238733,0.0007885759
0.061791737,0.0007815429
0.9554859,0.99909496
0.07336758,0.00081099366
0.009182679,0.00074418006
0.048358805,0.0007894551
0.060344446,0.0007973672
0.96370506,0.99922943
0.93940693,0.99909097
0.9606315,0.9991024
0.068585955,0.0008022024
0.9367137,0.9991829
0.9423184,0.9991877
0.9455032,0.99904615
0.040750936,0.00074286136
0.9636667,0.99920046
0.065832265,0.0008101145
0.93937624,0.9991011
0.06729639,0.0007819825
0.91853726,0.9991217
0.049026366,0.00074330095
0.02665168,0.0007556087
0.046482652,0.0007876968
0.91601634,0.9990945
0.95130074,0.99913365
0.058826093,0.0007850594
0.044151388,0.0007960485
0.9522756,0.9991407
0.9607392,0.9991006
0.9182842,0.9990963
0.91736233,0.99913275
0.94140095,0.99913627
0.06578745,0.0007938507
0.94415,0.999098
0.04185058,0.0007876968
0.04691498,0.00081099366
0.93594235,0.99908745
0.062411264,0.0007951694
0.939996,0.99911207
0.9057637,0.9990998
0.049383916,0.00080747716
0.9380991,0.9991226
0.073952936,0.00073670753
0.054531764,0.00079560897
0.05367057,0.0008008837
0.9457778,0.99908745
0.9109512,0.99914503
0.94273067,0.9991437
0.9615731,0.99909407
0.0631182,0.000785499
0.9478193,0.99913627
0.06283938,0.00082154316
0.95627373,0.99912
0.9511465,0.9990822
0.9470153,0.99914724
0.076237895,0.00082593877
0.043632146,0.0008092354
0.056006785,0.00080615847
0.051419534,0.0007868177
0.052646942,0.0007604439
0.9317941,0.9991231
0.050964177,0.0007837407
0.94310975,0.9991217
0.9159928,0.9991393
0.06236768,0.0007824221
0.9503125,0.99913055
0.069950044,0.00082769705
0.9216799,0.99910945
0.9162461,0.99911255
0.066367105,0.0007815429
0.06257914,0.0007679165
0.93587846,0.99908
0.043437026,0.000775389
0.047400795,0.0007736308
0.08184754,0.0007696747
0.06526474,0.0007903342
0.92537725,0.99908
0.061565917,0.0007463779
0.052853204,0.0007556087
0.9469002,0.99908835
0.058069143,0.0007868177
0.93438786,0.99910504
0.06878479,0.000799565
0.94260633,0.9990844
0.05710346,0.0008013233
0.94282025,0.9991011
0.05367552,0.0008400048
0.041614853,0.00074813614
0.061903905,0.0007661582
0.046971932,0.00082154316
0.054552317,0.000761323
0.09646777,0.0008035211
0.918429,0.99912614
0.06599222,0.0007881364
0.9773975,0.99915075
0.047860857,0.00074066356
0.9649795,0.9991217
0.94918835,0.99910504
0.93050903,0.9990945
0.9177867,0.99910855
0.93357027,0.99906635
0.051566366,0.00080615847
0.088420145,0.00080967497
0.9342772,0.9990976
0.8769858,0.9991024
0.055277817,0.00080264197
0.95015407,0.99915516
0.047479287,0.0008017628
0.9542466,0.9990998
0.053160492,0.0007868177
0.04857918,0.0008105541
0.9476024,0.9990989
0.9531573,0.9990923
0.058353897,0.0007894551
0.03397356,0.00072747667
0.05050337,0.0007802242
0.95958406,0.9991468
0.048795592,0.0007679165
0.038453348,0.0008052793
0.061062273,0.00075429
0.95268416,0.99913055
0.04567395,0.0007876968
0.94042885,0.9990971
0.9499198,0.9990901
0.04866411,0.0007903342
0.056149658,0.0007920924
0.9484287,0.9991015
0.9355816,0.99910766
0.93853164,0.99909496
0.05892786,0.0008013233
0.059821244,0.0007802242
0.946398,0.9990963
0.9442911,0.9991156
0.956686,0.9990901
0.92523146,0.99910414
0.06524543,0.0007912133
0.0567001,0.0008008837
0.041310042,0.0007679165
0.06270444,0.0008149497
0.061723396,0.0007960485
0.9368343,0.99912876
0.06490397,0.0007736308
0.045262422,0.0007665978
0.945027,0.9991222
0.06853841,0.0008149497
0.03822307,0.0007912133
0.05301564,0.0008092354
0.060341723,0.0008101145
0.9416768,0.9991037
0.9100511,0.9991231
0.9392661,0.9990901
0.93759394,0.9991358
0.04628407,0.00082505966
0.036624983,0.0007709934
0.9353228,0.9990963
0.051364314,0.00081846624
0.94141585,0.99910986
0.051738456,0.0008052793
0.94458425,0.9991231
0.047104403,0.0008364883
0.9477039,0.99911165
0.07529648,0.0007595648
0.9149957,0.9991433
0.92103463,0.9991217
0.035993822,0.0007942903
0.92657965,0.99911034
0.046542328,0.0008105541
0.06275,0.00080396066
0.92516035,0.9990769
0.93155396,0.9991178
0.9330463,0.9990857
0.9381704,0.99910945
0.9310164,0.99915475
0.9220499,0.9991006
0.9453902,0.99915516
0.08836666,0.00083341135
0.08610448,0.0007819825
0.9320447,0.9991055
0.043044563,0.0007881364
0.048619293,0.0007934111
0.047967084,0.0007793451
0.054006085,0.00075604825
0.93836576,0.99913365
0.98236734,0.9991701
0.9192365,0.9991147
0.054448567,0.0007960485
0.88126624,0.9991134
0.06439785,0.0007652791
0.9072524,0.99910504
0.95190096,0.9990998
0.9192598,0.99912
0.92064613,0.99912834
0.061636735,0.00073626795
0.9435126,0.99913317
0.05729016,0.0007762682
0.93473476,0.9991455
0.06281487,0.0007661582
0.9538558,0.99912614
0.9417605,0.9991187
0.93848187,0.99913716
0.9389177,0.99913365
0.9473763,0.9991424
0.9626579,0.99908924
0.93313247,0.99909055
0.91995037,0.9991279
0.9590824,0.99910504
0.0598569,0.0007969276
0.95882463,0.9990879
0.043109685,0.00072659756
0.9412975,0.9991222
0.04719379,0.00077055383
0.044191502,0.0007762682
0.9375135,0.99910635
0.9647099,0.99913317
0.9729536,0.9991433
0.9303434,0.9991187
0.051304642,0.0007894551
0.06743976,0.0008044002
0.9126634,0.9991231
0.068550296,0.0007986859
0.03667624,0.0007745099
0.9335004,0.99909055
0.058666382,0.0007846199
0.93544316,0.99912965
0.046296448,0.0008017628
0.06621012,0.0007973672
0.95972174,0.9991231
0.06242389,0.00082945527
0.07106578,0.00077407033
0.9422805,0.99911386
0.061108578,0.00083385094
0.056151886,0.0007736308
0.97166973,0.99912745
0.055597734,0.00082022446
0.93321717,0.99914634
0.037120454,0.0008162684
0.9334301,0.9991213
0.90961087,0.9990804
0.9160827,0.99908483
0.046254106,0.0007679165
0.053912982,0.0007833012
0.059710313,0.00083341135
0.9497742,0.9991006
0.062072776,0.0007793451
0.06960116,0.00081582885
0.9075646,0.99909186
0.90751207,0.9991578
0.92207485,0.9991235
0.927681,0.9990971
0.9198246,0.9991209
0.9421077,0.9991002
0.9553574,0.99906635
0.09343849,0.00080044416
0.051043905,0.0007942903
0.9356175,0.9991187
0.92165715,0.99912965
0.03927938,0.000761323
0.9301396,0.99914724
0.9316995,0.9991609
0.058414564,0.00082418055
0.9533943,0.9990989
0.05288044,0.00074549875
0.94964075,0.9990778
0.9384004,0.9991393
0.93213534,0.99919736
0.05044419,0.0007876968
0.9495796,0.9991534
0.060113672,0.0007947298
0.05163,0.00076220214
0.9365676,0.9991033
0.92862815,0.99908924
0.07746481,0.00081846624
0.95939934,0.9991191
0.9385698,0.99914634
0.060890432,0.0007881364
0.9407235,0.99918944
0.0635686,0.0008022024
0.06128587,0.00082022446
0.06708518,0.0007951694
0.9415953,0.9990976
0.9316921,0.99911606
0.073897965,0.0007762682
0.05813996,0.0008048398
0.05672461,0.00075604825
0.90229,0.9991569
0.93125457,0.99907166
0.04657922,0.0007846199
0.043334763,0.0007780264
0.92350286,0.99910283
0.9469824,0.99908745
0.93945646,0.99908966
0.93089706,0.99913716
0.92186415,0.9991147
0.06583722,0.00076352083
0.9053078,0.99914724
0.96269655,0.9991147
0.9244269,0.9991112
0.054613475,0.0007815429
0.026954757,0.00073846575
0.055570744,0.0007960485
0.9800046,0.9991437
0.06251477,0.00081890577
0.95174915,0.99912965
0.91105145,0.99910635
0.94179344,0.9991037
0.9710767,0.9991209
0.03859127,0.0007652791
0.9552806,0.99912876
0.93738544,0.99908394
0.9308344,0.99909276
0.93221456,0.9990844
0.074034646,0.0008233014
0.043742333,0.0007912133
0.053997666,0.0007696747
0.91750693,0.9991174
0.072936736,0.000785499
0.047556046,0.0007978068
0.041932043,0.0007780264
0.033793543,0.0007665978
0.047969807,0.0007450592
0.07366199,0.0007723121
0.054495614,0.0007876968
0.92276174,0.9990945
0.060222376,0.00075648783
0.076149255,0.00083736744
0.07059557,0.0007833012
0.033872284,0.00080967497
0.071672186,0.00082593877
0.06487599,0.00081846624
0.9203443,0.9990787
0.054360416,0.0007723121
0.9291551,0.9991011
0.9274347,0.99908704
0.95353395,0.9990971
0.9475464,0.9990998
0.92498976,0.99910945
0.045453824,0.0007556087
0.06457489,0.000747257
0.056789238,0.0007806638
0.049216285,0.0007973672
0.94603676,0.9991015
0.94156563,0.9990936
0.041669823,0.0007960485
0.0490437,0.00082549924
0.033007625,0.00082637835
0.035063297,0.0007661582
0.068261586,0.00081363105
0.036656182,0.0007811034
0.91479486,0.99911255
0.9434611,0.9990936
0.9404442,0.99912876
0.082396,0.0007771473
0.93286973,0.99910504
0.051233824,0.0007960485
0.9280282,0.9991191
0.9364435,0.99915075
0.07087661,0.0008092354
0.07009366,0.0007780264
0.922632,0.99910593
0.94967836,0.99910766
0.90868133,0.9990809
0.047974758,0.0007986859
0.07931819,0.00074242183
0.922502,0.99911165
0.06699951,0.0007806638
0.9149305,0.9991156
0.052533787,0.0007934111
0.9648216,0.9991006
0.9321782,0.9991196
0.9412863,0.9991442
0.952752,0.99907297
0.9669916,0.99910635
0.9428624,0.9990593
0.89646786,0.99912834
0.0652011,0.0008017628
0.9375905,0.9991033
0.94901526,0.9991178
0.9530551,0.99930286
0.05688457,0.0007806638
0.9376506,0.99914944
0.06365452,0.00081363105
0.053890202,0.00083077396
0.94431585,0.99913317
0.06890834,0.0007696747
0.9285341,0.9990791
0.93506956,0.9991037
0.9366312,0.9990985
0.051450733,0.0007793451
0.06216365,0.0007876968
0.05554499,0.00075385044
0.9338998,0.99912
0.94658995,0.9990804
0.047793012,0.00083692785
0.9631831,0.99913186
0.9284902,0.99908525
0.063410625,0.0008149497
0.9340528,0.99910945
0.059188347,0.0007652791
0.056929387,0.0007696747
0.0628431,0.0007920924
0.9463549,0.9991257
0.94974697,0.99910945
0.90484506,0.9990936
0.056080326,0.0008052793
0.93264717,0.9991134
0.96440804,0.9991428
0.054793738,0.0008017628
0.9383997,0.9991191
0.069562286,0.00085494993
0.9426086,0.99911034
0.9462834,0.99910504
0.050302062,0.00081538927
0.05962167,0.00081670796
0.062317666,0.0008052793
0.936262,0.9991415
0.927604,0.9990576
0.048481125,0.0007951694
0.9383336,0.9991174
0.95893806,0.9991385
0.07173954,0.0008118728
0.92108864,0.9991182
0.9248568,0.99911386
0.93124443,0.9991213
0.03970651,0.0008101145
0.9335958,0.9991415
0.050366193,0.000806598
0.9474147,0.99919295
0.0474679,0.00074066356
0.06636636,0.00075385044
0.052236404,0.0008083563
0.06551606,0.0007960485
0.062386747,0.0008044002
0.036706448,0.0007687956
0.042096213,0.0007828616
0.935072,0.9991455
0.0750813,0.0008175871
0.9398529,0.99912614
0.05977271,0.0008044002
0.05652801,0.0007885759
0.94276905,0.9991112
0.05940179,0.000799565
0.055867627,0.00084791693
0.92575216,0.99907166
0.029648278,0.00080396066
0.03702042,0.00076703733
0.047835354,0.00081319147
0.93950325,0.9991037
0.06892766,0.0007986859
0.048736166,0.0007885759
0.94491035,0.99909097
0.9260639,0.9990589
0.057457294,0.000785499
0.06246722,0.0008008837
0.9261169,0.9991002
0.9530466,0.99915737
0.053314753,0.00074593833
0.05821053,0.0007903342
0.92551345,0.99910766
0.9318741,0.9991354
0.94872683,0.9991354
0.08491545,0.0007912133
0.9520166,0.9991112
0.052067533,0.00082286185
0.055143118,0.00072044367
0.9519579,0.9991037
0.9537573,0.99911207
0.9605978,0.9991182
0.9487179,0.99910945
0.059430514,0.00080747716
0.92889607,0.9990963
0.9315958,0.9991209
0.8954264,0.99909496
0.040264133,0.00073978445
0.05049619,0.00084791693
0.064971074,0.0008233014
0.9245926,0.9991266
0.04664682,0.00081363105
0.037293535,0.0007894551
0.9468549,0.9991244
0.92278033,0.99915427
0.95130813,0.9991666
0.9528481,0.99913096
0.07028135,0.00073978445
0.93833476,0.9991033
0.06073716,0.0007665978
0.038478605,0.00079560897
0.9319719,0.9991393
0.075928874,0.0007745099
0.9441752,0.9991415
0.058278374,0.00080264197
0.04588888,0.00074066356
0.05073984,0.0007837407
0.9484512,0.99909186
0.9712347,0.9991248
0.046540346,0.00080615847
0.05191847,0.00080264197
0.93381166,0.99904394
0.91544384,0.9991376
0.05927823,0.0008052793
0.94639903,0.9991455
0.91864395,0.99908745
0.0454147,0.00074813614
0.92479414,0.9991279
0.92870593,0.99904615
0.0609714,0.0008052793
0.9219132,0.9991182
0.07917135,0.0008118728
0.057035614,0.00075736694
0.9336069,0.9991024
0.9368543,0.9991182
0.04598545,0.0007938507
0.96681285,0.9991437
0.06531921,0.00075736694
0.051388334,0.0007142898
0.031755205,0.0007630813
0.03249061,0.0008092354
0.058327157,0.0007960485
0.9323691,0.99906635
0.052069265,0.00081846624
0.03255375,0.0007652791
0.91193515,0.9991046
0.928231,0.9991609
0.931651,0.99912
0.07202503,0.0007745099
0.9443956,0.99913317
0.9222683,0.9990989
0.97179705,0.99914855
0.055192888,0.0007907738
0.8745379,0.99914813
0.04988657,0.0008044002
0.040022712,0.0007951694
0.032457184,0.0007811034
0.9236331,0.9990901
0.02032248,0.00076220214
0.06417673,0.0007885759
0.04934405,0.000799565
0.93609047,0.9990993
0.95766264,0.99910414
0.9461796,0.9991191
0.95447314,0.9990976
0.057285205,0.0008105541
0.9339474,0.99908304
0.96409434,0.9991323
0.05060737,0.00077407033
0.045037095,0.0007881364
0.91582245,0.999109
0.92126447,0.99913496
0.11114767,0.0007771473
0.04541817,0.0007582461
0.92705685,0.9991393
0.03255227,0.0007885759
0.9257061,0.9990813
0.061008047,0.0007942903
0.94985247,0.9991147
0.09024331,0.0007912133
0.8972721,0.9990712
0.9544496,0.9991182
0.036338992,0.00082242227
0.94005543,0.9990971
0.03576998,0.00074593833
0.0342234,0.0007485757
0.9325424,0.99909145
0.048641577,0.0007762682
0.034394003,0.0008035211
0.04088638,0.0007912133
0.046208546,0.00074549875
0.9236361,0.99910414
0.04547314,0.00075604825
0.048156753,0.0008101145
0.06189945,0.0007824221
0.933929,0.9991389
0.05764449,0.0007850594
0.93873763,0.9991209
0.07851345,0.000792532
0.036434572,0.0007912133
0.06755119,0.0008233014
0.9146527,0.9990769
0.04950525,0.0008017628
0.9192157,0.9990769
0.055256028,0.0008017628
0.058948167,0.0007920924
0.05598153,0.0008008837
0.0597794,0.00074769655
0.95047915,0.99910504
0.07150851,0.00080264197
0.92938834,0.999102
0.9593251,0.99910945
0.932011,0.99911034
0.86662054,0.99912965
0.052229967,0.0007934111
0.09876461,0.0007652791
0.04573709,0.000775389
0.93880206,0.99910414
0.063497536,0.0007912133
0.9502313,0.9990655
0.90733504,0.99915737
0.057724964,0.00082286185
0.06792731,0.0008035211
0.94463134,0.9991279
0.06518501,0.00076088344
0.06286687,0.0007894551
0.057334974,0.0007582461
0.055853516,0.0007547296
0.061567403,0.00080264197
0.9385242,0.9990963
0.93070143,0.9991191
0.055371664,0.0007894551
0.95307237,0.99910814
0.048734184,0.00076220214
0.050012108,0.0008118728
0.04891296,0.0008017628
0.92783207,0.9991222
0.9247471,0.99911386
0.067943156,0.0007771473
0.9412408,0.99906725
0.93061054,0.9990945
0.057714067,0.0007885759
0.07535145,0.0007938507
0.95565325,0.99912924
0.93560565,0.99912965
0.053840928,0.0008057189
0.074015334,0.0007687956
0.05663869,0.0007868177
0.050644755,0.0007916529
0.050899796,0.0008127519
0.95470315,0.9990971
0.9467657,0.9991248
0.052698944,0.0008030815
0.938602,0.99913496
0.954438,0.99908656
0.06045117,0.00082505966
0.92317057,0.99913096
0.91349983,0.9991477
0.93223363,0.99912524
0.9565293,0.9991244
0.037523318,0.0007907738
0.9400916,0.9991798
0.045544945,0.00080044416
0.05577849,0.000799565
0.03634221,0.0007837407
0.052905202,0.00082505966
0.06509513,0.0007828616
0.046935286,0.0007934111
0.068834804,0.00082154316
0.96839607,0.9990963
0.9317498,0.99913365
0.94968927,0.99912
0.93264866,0.99913055
0.060558878,0.0007934111
0.038476128,0.00080615847
0.09203106,0.0007907738
0.054542165,0.0007692352
0.074682645,0.00080264197
0.058859024,0.00075648783
0.9382283,0.99906635
0.8985218,0.99910283
0.9437463,0.9991033
0.9414091,0.9991358
0.057551388,0.0008022024
0.8971067,0.9991156
0.9495687,0.9990813
0.9663362,0.99908876
0.07430108,0.0008079167
0.052441426,0.000761323
0.8594769,0.9991165
0.061890535,0.0007890155
0.95178825,0.9991222
0.94941616,0.99906904
0.93197685,0.99915516
0.033142574,0.0007665978
0.9447408,0.9991156
0.964624,0.9991407
0.9104688,0.99906987
0.06582137,0.0007986859
0.0682809,0.0008149497
0.95016146,0.99916834
0.055796564,0.00073802617
0.9656092,0.9991187
0.9786289,0.9991618
0.92097646,0.99912393
0.9499874,0.99910945
0.93879163,0.99913317
0.95508176,0.9991428
0.97239107,0.9991428
0.9401567,0.9991437
0.9353451,0.99911255
0.92242,0.99915075
0.9580038,0.99912965
0.04681544,0.000806598
0.9401213,0.99908656
0.10176047,0.000778466
0.040572904,0.0007969276
0.94981086,0.99912924
0.079741605,0.0007947298
0.053445987,0.0007876968
0.9314903,0.99912876
0.92456436,0.99907035
0.03174208,0.0007793451
0.052085113,0.0007696747
0.9517056,0.99909276
0.0707632,0.0008175871
0.063472524,0.0007793451
0.055927303,0.0007762682
0.039669123,0.0007978068
0.93784577,0.9991068
0.9434725,0.99908656
0.96190345,0.9991174
0.041900102,0.00082022446
0.06941471,0.0007960485
0.06351883,0.0007934111
0.0708417,0.00084747735
0.95311546,0.99913365
0.9396838,0.9990993
0.9167106,0.9991196
0.016963875,0.00073934486
0.060339,0.00082549924
0.9412004,0.9991402
0.9253169,0.9990835
0.9397905,0.9991279
0.9388357,0.99909496
0.94504505,0.99908924
0.043789875,0.0007415427
0.052783377,0.0008149497
0.92857397,0.9991442
0.064345606,0.00083209266
0.93187857,0.9990835
0.9262169,0.9990752
0.037455723,0.000771433
0.05559699,0.0007582461
0.060399417,0.0007986859
0.05317188,0.00081538927
0.043187436,0.000771433
0.9338748,0.99910504
0.92176634,0.99910855
0.930041,0.9991037
0.061306912,0.0007846199
0.95175636,0.9991534
0.8873808,0.9990769
0.93701875,0.9990993
0.04978777,0.0007815429
0.07302761,0.0007758286
0.044094436,0.0007903342
0.06812465,0.0007969276
0.053871382,0.00082154316
0.067056954,0.0007868177
0.88545036,0.9991187
0.05629327,0.0008101145
0.059901964,0.0007942903
0.07060077,0.0008233014
0.92981374,0.99908924
0.9282632,0.9991156
0.05813377,0.0008008837
0.03590097,0.0007846199
0.93407214,0.99915516
0.0666068,0.00082593877
0.045803454,0.0007837407
0.06303945,0.0007947298
0.05705864,0.0008044002
0.9196354,0.9990787
0.06276658,0.000792532
0.93352693,0.9991231
0.049829867,0.0008092354
0.05674987,0.0008197849
0.94062567,0.99921805
0.05934162,0.0007978068
0.0624801,0.00081231236
0.05243598,0.0007960485
0.95825344,0.9991455
0.931209,0.9990998
0.04935173,0.000792532
0.92389953,0.9991424
0.04664855,0.0007661582
0.8935881,0.99908656
0.042368338,0.0007868177
0.9318119,0.9990752
0.90393734,0.99911296
0.93659014,0.9991248
0.91777384,0.9990769
0.059735324,0.0007811034
0.027475238,0.0007723121
0.05556158,0.0008044002
0.94352424,0.99912614
0.03846375,0.00072571845
0.9485827,0.99909407
0.94721437,0.99908745
0.046412826,0.0007841803
0.9538851,0.99910593
0.03392156,0.0008017628
0.9516065,0.9991455
0.9192298,0.99910855
0.9535428,0.99908304
0.04409914,0.000775389
0.9299633,0.9990813
0.062598206,0.0007986859
0.033994853,0.00074593833
0.06242612,0.0007679165
0.9433631,0.99912614
0.05672808,0.0007736308
0.064716525,0.0007762682
0.88272864,0.9990945
0.03658908,0.00076220214
0.9446199,0.9991248
0.059421845,0.0007793451
0.072333306,0.0007701143
0.96698517,0.9990826
0.05672461,0.00082198274
0.04696673,0.0008175871
0.94029313,0.99912703
0.8823166,0.9991147
0.9549196,0.99906814
0.04805375,0.00080747716
0.95108706,0.99910504
0.04478428,0.0007498944
0.06124823,0.0007982463
0.06972571,0.00073494925
0.05966921,0.0007894551
0.056876894,0.0007846199
0.9329668,0.99912965
0.049361136,0.00080747716
0.92859894,0.999102
0.9280926,0.99917626
0.92510664,0.99908924
0.06449838,0.000775389
0.9293294,0.9990822
0.958966,0.99917185
0.93480486,0.9991385
0.9314826,0.99910283
0.9454571,0.99910766
0.95376396,0.99909276
0.93413705,0.99912965
0.061034292,0.0007920924
0.9257739,0.99913406
0.06284384,0.0008052793
0.046194926,0.0008083563
0.90942836,0.9991323
0.04670699,0.0007802242
0.96028286,0.99914634
0.044559453,0.0007942903
0.047509745,0.0007723121
0.9246555,0.9991006
0.93581486,0.99912703
0.06009857,0.0007903342
0.03667624,0.0007881364
0.060794357,0.00080967497
0.05339176,0.00081890577
0.939015,0.9991182
0.92434645,0.99910593
0.05859136,0.0007912133
0.9328742,0.9990936
0.93162006,0.9991248
0.04251938,0.0007652791
0.044461645,0.0007828616
0.06098725,0.0007960485
0.04591983,0.0007811034
0.06813827,0.0007630813
0.94007033,0.99910986
0.06976434,0.0007907738
0.061102636,0.0008052793
0.042063277,0.0007692352
0.0665647,0.0007802242
0.050827246,0.0007837407
0.9264779,0.9990936
0.049226437,0.0007652791
0.05884813,0.000799565
0.92035544,0.99909407
0.051577758,0.0007793451
0.95790327,0.99910945
0.08285928,0.0008035211
0.07031354,0.0008672577
0.02804623,0.0007876968
0.03228237,0.0007569274
0.06867534,0.0007806638
0.94348437,0.99907076
0.9355519,0.9991006
0.9432823,0.99910283
0.93982667,0.9990936
0.04966892,0.0007200041
0.94048107,0.99910945
0.05659115,0.00073670753
0.9243009,0.9990958
0.9584223,0.9991587
0.95512956,0.9991182
0.046079043,0.0007894551
0.93531394,0.99912876
0.924811,0.9991147
0.044176646,0.00080044416
0.08082292,0.0007960485
0.90894055,0.9991055
0.9505651,0.99909186
0.06082828,0.00081099366
0.96033037,0.9991222
0.06933003,0.0007780264
0.062607616,0.0007498944
0.928781,0.9991011
0.05250927,0.00085231254
0.07074785,0.0007595648
0.08092345,0.0007894551
0.04871091,0.0007767077
0.9432685,0.99910414
0.92706424,0.99908745
0.050295625,0.0008017628
0.06648175,0.00080044416
0.049101144,0.00082857616
0.97731405,0.99912524
0.036402132,0.0007595648
0.9443119,0.99915034
0.049948968,0.0007802242
0.058070384,0.0008114332
0.8839006,0.99909186
0.9373508,0.9991437
0.044417076,0.0008083563
0.03915904,0.0007556087
0.9481474,0.99911606
0.9510974,0.999142
0.060469244,0.0007793451
0.940876,0.99912876
0.04836326,0.0007833012
0.059360687,0.0008008837
0.064961664,0.0007978068
0.042403992,0.0007630813
0.9498782,0.99912924
0.06254126,0.0007811034
0.9585567,0.99911165
0.9384051,0.9990835
0.9299257,0.999109
0.039960314,0.00074418006
0.9395261,0.9991639
0.9382875,0.999109
0.06632848,0.0008175871
0.95456004,0.99912834
0.9323334,0.9991024
0.9414344,0.9990954
0.053814184,0.0007942903
0.06658055,0.0007696747
0.93394935,0.999098
0.069439225,0.0007934111
0.05930745,0.00081099366
0.95076615,0.99911386
0.05922351,0.000792532
0.062255267,0.0007626417
0.93996084,0.99910945
0.020014698,0.0007248393
0.047747206,0.0008017628
0.06446174,0.0007986859
0.89873177,0.9991037
0.9296464,0.9991534
0.92560333,0.99909407
0.93117535,0.99908745
0.070015416,0.000778466
0.056109793,0.0007960485
0.07731773,0.00081846624
0.06683559,0.0007978068
0.06807984,0.0008580269
0.968998,0.99914944
0.03991277,0.0007920924
0.9418868,0.99912614
0.05010917,0.00082505966
0.052596185,0.0007973672
0.93155396,0.9990985
0.06720898,0.0008052793
0.08435882,0.00074242183
0.057046507,0.0007696747
0.94667286,0.99910855
0.04574774,0.00076352083
0.9179861,0.999102
0.93408626,0.9991635
0.079726,0.0007907738
0.040323805,0.0007595648
0.9348982,0.99906987
0.042127904,0.0007556087
0.927247,0.9991459
0.076834396,0.0007885759
0.054978207,0.0007881364
0.04899913,0.0007547296
0.934945,0.9991182
0.071543925,0.0007696747
0.9329104,0.99913365
0.04816022,0.00081846624
0.052508775,0.0007701143
0.9178546,0.9991024
0.06428073,0.00081099366
0.06178703,0.000785499
0.94658893,0.9990998
0.04504378,0.00073978445
0.9289756,0.999109
0.9315381,0.9991393
0.95506614,0.9991156
0.032187287,0.000775389
0.96173584,0.9991147
0.93854105,0.99908745
0.92535824,0.999102
0.92856777,0.9991257
0.052720238,0.0007701143
0.93837565,0.9991424
0.9397437,0.99914813
0.084514566,0.00081934535
0.06787655,0.0007978068
0.057098754,0.0008162684
0.02517245,0.0007841803
0.9482001,0.99911207
0.045213394,0.0008044002
0.067262225,0.00082901574
0.039245706,0.0007868177
0.041244674,0.0007415427
0.9424137,0.9990791
0.03551519,0.0007661582
0.9490787,0.99913496
0.9126612,0.99908483
0.9332642,0.9991046
0.95725626,0.9991213
0.9520035,0.9991411
0.94780225,0.99910766
0.949848,0.99913496
0.048723042,0.0007907738
0.06047147,0.0008052793
0.09183842,0.0007696747
0.9630254,0.9991147
0.94797087,0.99908745
0.055834945,0.0008149497
0.9269543,0.99913055
0.92577344,0.9991231
0.9142097,0.9991182
0.07266115,0.0007837407
0.041569788,0.000792532
0.92844045,0.9991248
0.90145826,0.9991437
0.06470414,0.00084088393
0.92848676,0.9990795
0.045761112,0.00081846624
0.93243295,0.9990936
0.9268414,0.9991244
0.9272586,0.9990901
0.9511811,0.99915254
0.94491756,0.99911386
0.03573903,0.0008400048
0.061411157,0.0008008837
0.06407818,0.0007986859
0.96317667,0.99910414
0.9374167,0.9991442
0.93482417,0.99913406
0.045107912,0.0007951694
0.9302726,0.99911606
0.95648694,0.99912965
0.037872948,0.0007868177
0.93217146,0.9991165
0.96862936,0.9991415
0.040215105,0.0007903342
0.9334427,0.99912393
0.92997867,0.9991068
0.9243118,0.9991587
0.034865703,0.00072396017
0.055291437,0.00082769705
0.91689163,0.9991187
0.058064934,0.0007934111
0.95113856,0.999138
0.92393565,0.9991068
0.9395882,0.9991006
0.9538687,0.9991217
0.9413361,0.99908876
0.02973197,0.0007512131
0.03414961,0.00081934535
0.9504455,0.99912
0.9439214,0.99915606
0.051975667,0.00080264197
0.9464255,0.99913317
0.039561164,0.0008092354
0.948085,0.9991037
0.9311773,0.9991182
0.91907334,0.9991024
0.04790345,0.00077055383
0.05973062,0.0008118728
0.91985357,0.99913275
0.053341743,0.00077055383
0.9524821,0.9991358
0.04267389,0.0007767077
0.056158327,0.0007912133
0.92144,0.9991147
0.057507064,0.00074286136
0.9559239,0.9990945
0.058803067,0.0007934111
0.031326093,0.0007903342
0.9140649,0.99908394
0.035548367,0.0007098942
0.87719524,0.99912
0.94258875,0.999109
0.9483388,0.99912
0.035765525,0.000799565
0.9317142,0.99908525
0.034179077,0.00075385044
0.043816864,0.0007837407
0.057048243,0.000761323
0.047891315,0.0007934111
0.041257054,0.0007938507
0.9106186,0.9991455
0.93255234,0.9991222
0.04162872,0.0007960485
0.91066045,0.9991411
0.05438196,0.000771433
0.9540549,0.99915075
0.9401681,0.9991015
0.95341927,0.9991323
0.9348526,0.999109
0.051390562,0.0007811034
0.9538873,0.99912965
0.9417862,0.9990813
0.9653762,0.9991455
0.038072273,0.0006813226
0.9141241,0.99917275
0.038562793,0.0008597851
0.9435609,0.9991204
0.08594898,0.0008162684
0.060601715,0.0008246201
0.061212327,0.0007723121
0.061691206,0.0007986859
0.0438394,0.000799565
0.040914856,0.00081319147
0.062293153,0.0007986859
0.90019786,0.99908924
0.08037252,0.0007745099
0.076507546,0.000785499
0.07261732,0.00081231236
0.04564003,0.0008118728
0.94908386,0.999098
0.069116585,0.0007824221
0.05770466,0.0008083563
0.9410677,0.99908173
0.05328702,0.0007811034
0.94642156,0.9990954
0.05506413,0.00076703733
0.90800184,0.9990857
0.07052574,0.00073802617
0.042659033,0.0007973672
0.970504,0.99913186
0.06023129,0.000771433
0.058809254,0.000806598
0.047829907,0.0007758286
0.9534567,0.9991196
0.057781916,0.0007868177
0.95294064,0.9991143
0.9354845,0.9991565
0.033165354,0.0007692352
0.050678432,0.0007876968
0.94038624,0.99914813
0.06339527,0.0007850594
0.9381924,0.9991789
0.046729024,0.0008008837
0.046415053,0.0007626417
0.9479756,0.99911386
0.9531474,0.99912745
0.9570614,0.9990774
0.93679166,0.9991367
0.9450339,0.9991376
0.0378311,0.00082505966
0.05103945,0.0007723121
0.9439187,0.9991323
0.042459458,0.0007226415
0.043515522,0.0007960485
0.061026122,0.0007903342
0.049861312,0.0007644
0.05038922,0.0007846199
0.05245381,0.0007868177
0.93019456,0.9990976
0.8741744,0.99910414
0.056250438,0.0008035211
0.048676986,0.00076088344
0.067750014,0.000775389
0.9368553,0.9991169
0.9260693,0.99910504
0.05984031,0.0008079167
0.9530615,0.999138
0.9494855,0.9991437
0.9100687,0.9990954
0.035477057,0.0007582461
0.033468924,0.00077407033
0.050962195,0.0008052793
0.9131019,0.9991385
0.042716727,0.0007806638
0.9463547,0.9991068
0.033721488,0.000705059
0.059298784,0.0007762682
0.9417283,0.9991002
0.95043284,0.99908924
0.9444384,0.99912876
0.9112337,0.99913186
0.047713775,0.0007942903
0.05344376,0.0007969276
0.9299281,0.99911207
0.016087577,0.000761323
0.031718064,0.0007916529
0.95386326,0.99911165
0.9221922,0.99908614
0.945281,0.99912876
0.039350197,0.00073978445
0.078644685,0.0007802242
0.09470824,0.0007881364
0.07679503,0.0007969276
0.055053234,0.0007876968
0.92495334,0.9990954
0.054525327,0.0007982463
0.06536824,0.0007692352
0.07730684,0.00075253175
0.92536414,0.9990954
0.045976534,0.0008044002
0.046316504,0.0007709934
0.9258524,0.99909097
0.9422646,0.9990809
0.940286,0.9991323
0.07036851,0.0007947298
0.941604,0.99908483
0.059118275,0.0007463779
0.048900828,0.00077055383
0.06701634,0.0008048398
0.04517947,0.00080967497
0.9601085,0.99908
0.96070826,0.9991385
0.04293289,0.00080264197
0.058312546,0.0007833012
0.94133806,0.99913055
0.071208656,0.00080264197
0.9740751,0.99915254
0.049817733,0.00081670796
0.9524541,0.9991011
0.96201813,0.9991578
0.9459491,0.99910635
0.1003944,0.0007912133
0.9471547,0.9991345
0.042608272,0.0007701143
0.92856055,0.9991156
0.056140993,0.000799565
0.069743045,0.0008127519
0.05278511,0.0007863781
0.9301772,0.99908525
0.06109273,0.000799565
0.06021148,0.0008118728
0.0814271,0.0007674769
0.93490535,0.99909186
0.9521104,0.9991437
0.06376817,0.0007903342
0.04527802,0.0007912133
0.9400911,0.99908704
0.044299707,0.00072176236
0.93392855,0.9991248
0.07851147,0.00081846624
0.061030578,0.000771433
0.041109975,0.0007556087
0.056056555,0.0007837407
0.05723618,0.0007978068
0.06632699,0.00080747716
0.9337327,0.9991182
0.05807162,0.00080967497
0.07260444,0.0007665978
0.93981004,0.9991147
0.9321311,0.99912876
0.9289451,0.9990923
0.057752945,0.0008035211
0.93061674,0.99919647
0.044814985,0.0007969276
0.93302107,0.9991024
0.06256503,0.0007723121
0.058071125,0.0007780264
0.95326877,0.99912524
0.9219753,0.999098
0.91881084,0.9991376
0.94206256,0.99915427
0.07459549,0.0007846199
0.9351213,0.9990985
0.04428163,0.00077407033
0.8916825,0.9991182
0.95599914,0.999204
0.94346803,0.9991402
0.90869915,0.99910593
0.9424454,0.9991169
0.054950226,0.0008175871
0.041781,0.000771433
0.044563167,0.000775389
0.062391702,0.0007556087
0.065200604,0.0007582461
0.04642075,0.0007837407
0.08099848,0.00092088437
0.04776231,0.0007951694
0.064629614,0.00080264197
0.060492024,0.0007969276
0.050406307,0.00080967497
0.05647403,0.0007815429
0.060602706,0.0007885759
0.05050362,0.0007709934
0.053783976,0.0007903342
0.9248709,0.99912524
0.9466865,0.9991182
0.049896225,0.00082549924
0.068263814,0.0007604439
0.9450696,0.99908394
0.06430499,0.000775389
0.0479032,0.00081231236
0.9424031,0.9991609
0.0748124,0.0007846199
0.949281,0.9991266
0.9286019,0.9991639
0.046837974,0.0007841803
0.048970405,0.00073582836
0.94878674,0.9991033
0.9701526,0.999222
0.03635162,0.0007811034
0.9580489,0.9991174
0.056449518,0.0007969276
0.92647743,0.99911076
0.9564236,0.9990391
0.9311875,0.9991112
0.94962615,0.9991169
0.94456863,0.9991156
0.056486163,0.00074813614
0.93524015,0.9991389
0.9269949,0.999102
0.9289466,0.99908614
0.052903965,0.0007903342
0.06396107,0.0007731912
0.93816715,0.99913317
0.053966712,0.0007881364
0.9332288,0.9991015
0.9307393,0.9990985
0.06352106,0.00082242227
0.05637424,0.00084308174
0.93320405,0.9991196
0.9240033,0.99910593
0.9480672,0.9991345
0.9398645,0.9991639
0.03161976,0.0007595648
0.9543595,0.9991428
0.07583231,0.0007771473
0.054519877,0.000785499
0.92089427,0.99913406
0.932898,0.99908614
0.91446084,0.9991187
0.9185754,0.9991112
0.057947814,0.00081538927
0.95166546,0.9991222
0.04881243,0.0007771473
0.032820184,0.00075736694
0.92852443,0.99912965
0.031849544,0.0007687956
0.9586974,0.9991169
0.9271695,0.9991411
0.96086323,0.9991209
0.9614533,0.9991165
0.05049842,0.0007802242
0.063055545,0.0007745099
0.054722425,0.0008048398
0.9469732,0.99910766
0.9389843,0.99909496
0.0429475,0.0007868177
0.059386935,0.00084308174
0.9416855,0.99906635
0.056611948,0.0007890155
0.9345367,0.9991248
0.078404,0.0007868177
0.0516513,0.0008052793
0.9349205,0.9990857
0.9232909,0.99910414
0.9668678,0.9991354
0.047321808,0.0007731912
0.04944285,0.0007745099
0.063080065,0.0007912133
0.04834791,0.0007674769
0.93933636,0.9990782
0.92871976,0.9991174
0.048182506,0.0008175871
0.895858,0.99911034
0.954146,0.9990998
0.039575275,0.0008008837
0.91824955,0.9990826
0.9202114,0.99915034
0.94891155,0.99916834
0.9010393,0.9991358
0.93834394,0.9991244
0.058747847,0.0007916529
0.95640844,0.9991191
0.0297134,0.0007630813
0.9448554,0.999138
0.94209945,0.9990985
0.04653465,0.0007978068
0.052154694,0.0007802242
0.94727653,0.99913144
0.95320064,0.99918944
0.06496464,0.0007876968
0.046454176,0.000747257
0.03322404,0.0007072568
0.94279575,0.9991112
0.9424531,0.9991424
0.9202515,0.99908924
0.067130245,0.00077055383
0.04894515,0.00081890577
0.9482093,0.99910945
0.023373054,0.00075604825
0.91590315,0.99908483
0.95892966,0.99910504
0.05283166,0.00080044416
0.8863401,0.9991209
0.9402691,0.99911034
0.9563466,0.99912703
0.95314765,0.9991411
0.06841064,0.0007920924
0.94339174,0.99917936
0.9587776,0.99907166
0.9047062,0.9990932
0.9432068,0.99919516
0.06102018,0.00083473005
0.9269392,0.9991407
0.93234533,0.99906635
0.03638777,0.0007556087
0.060901325,0.0007912133
0.9237586,0.99912965
0.9574482,0.9991855
0.048243664,0.0007833012
0.06119945,0.00081099366
0.94615513,0.99911386
0.97364026,0.9991191
0.97819436,0.99913716
0.05716437,0.000778466
0.046985798,0.0007498944
0.931417,0.9990993
0.07017587,0.00081670796
0.069855705,0.0007960485
0.05221065,0.0008149497
0.9791095,0.9990734
0.06310458,0.0007701143
0.052559786,0.0008162684
0.91252303,0.99910593
0.06269156,0.00081363105
0.054662254,0.0007771473
0.08239451,0.0007894551
0.029328115,0.0007696747
0.91401464,0.99911034
0.93149054,0.99910414
0.052489463,0.00080615847
0.9357289,0.99909496
0.053626247,0.0007679165
0.9668587,0.9991402
0.07120147,0.0007986859
0.92113,0.999138
0.9204966,0.9991244
0.036022794,0.0007771473
0.04929577,0.00084176305
0.92383194,0.99907076
0.94354725,0.99912876
0.95110613,0.99906594
0.09121048,0.0008127519
0.95946574,0.9991015
0.057387717,0.0007723121
0.059587747,0.00083473005
0.9304848,0.99910855
0.07637656,0.00080396066
0.95449096,0.9991024
0.024803756,0.0007736308
0.060278334,0.0008149497
0.054974742,0.0008364883
0.8966605,0.9991015
0.051605985,0.000799565
0.061532736,0.00082549924
0.92651725,0.9990844
0.09227001,0.00076220214
0.9289496,0.9991226
0.9297251,0.99913055
0.9662225,0.9991424
0.9345389,0.99907076
0.9428723,0.99915385
0.96224815,0.9991701
0.9467764,0.9991209
0.93452233,0.9991112
0.05773586,0.0007920924
0.96187896,0.99917626
0.94256,0.9991182
0.88984996,0.9990765
0.0466176,0.0007582461
0.9107407,0.9990998
0.9379718,0.99907166
0.95729095,0.99915254
0.94208163,0.9991824
0.04563607,0.00075253175
0.89261377,0.9991015
0.061906382,0.0008505543
0.8773981,0.9991209
0.9347719,0.9991165
0.042455744,0.0007960485
0.049437154,0.0008101145
0.9374152,0.99908704
0.03170395,0.0008092354
0.07194233,0.00081670796
0.8889984,0.9990963
0.047598388,0.0007736308
0.94357055,0.99913055
0.055098794,0.0008118728
0.94190186,0.99912
0.052141815,0.0007978068
0.90644836,0.999138
0.07992013,0.0007582461
0.09296159,0.0007969276
0.9277526,0.99908304
0.03745795,0.000792532
0.94090897,0.99910945
0.050456323,0.0007960485
0.91942865,0.99910766
0.06263708,0.00074901525
0.96752894,0.99920964
0.9364752,0.9990998
0.93191177,0.9991169
0.9289763,0.99913496
0.039765444,0.00075385044
0.9256647,0.9990985
0.9490163,0.99908966
0.05845022,0.00074374053
0.057564512,0.0007986859
0.08914342,0.00080747716
0.9409107,0.99909407
0.94705296,0.99908614
0.09060433,0.0007916529
0.9474917,0.99913186
0.06818854,0.00080747716
0.9507334,0.99908924
0.07186062,0.0008162684
0.051002804,0.00074813614
0.9302911,0.99906635
0.050620243,0.00074330095
0.062432803,0.00076703733
0.93671143,0.9990734
0.059430018,0.0007723121
0.94924504,0.9991323
0.91980004,0.99913275
0.9460219,0.9991024
0.049359404,0.0007687956
0.06242265,0.0007604439
0.057650432,0.0007771473
0.92440367,0.9991156
0.90697104,0.99912703
0.049517874,0.000775389
0.9271479,0.99910945
0.057394896,0.00077055383
0.90641046,0.99908656
0.08208574,0.0007639604
0.04524806,0.0007837407
0.0656057,0.00082901574
0.05148416,0.00077055383
0.9467563,0.999062
0.9597344,0.99912614
0.071277246,0.000799565
0.94321495,0.99912614
0.041910008,0.0007582461
0.9345721,0.9991824
0.07025956,0.00074901525
0.9250878,0.9991446
0.040675662,0.0007868177
0.89222676,0.9990963
0.9445803,0.99912965
0.9328628,0.99908876
0.060818873,0.00075297133
0.93516856,0.99913096
0.06772129,0.0008092354
0.045289658,0.0007978068
0.05152477,0.00083253224
0.8961123,0.99911386
0.028549377,0.0007846199
0.086831965,0.0007863781
0.9268439,0.9991415
0.06867881,0.00082022446
0.9396915,0.99912876
0.9382167,0.9991015
0.06942214,0.00074198225
0.058300663,0.00080264197
0.9353397,0.99910283
0.94820833,0.9991653
0.95957965,0.99913144
0.95638347,0.9991182
0.9041166,0.9991024
0.0524808,0.0007920924
0.93190455,0.9991385
0.07171775,0.0007960485
0.9329356,0.99913055
0.062707156,0.0007876968
0.9440848,0.9990985
0.95794046,0.99913096
0.054670427,0.0007771473
0.9587907,0.9991631
0.027506685,0.00074901525
0.06047469,0.00082022446
0.93158144,0.99912
0.05216732,0.0007582461
0.057999812,0.000778466
0.92579126,0.9991112
0.050615292,0.0007969276
0.9473971,0.9991459
0.05967639,0.0007811034
0.94770366,0.99907166
0.066399045,0.0007978068
0.06779583,0.0007912133
0.94124645,0.99917406
0.9276887,0.99915075
0.95448875,0.9991174
0.04551424,0.00072659756
0.05046821,0.0007687956
0.916779,0.9991006
0.053188965,0.0007846199
0.93892807,0.9991266
0.9420378,0.999138
0.95976114,0.9991217
0.039070398,0.0007951694
0.06758635,0.000792532
0.040924266,0.00077407033
0.07460737,0.0008149497
0.95545197,0.99910945
0.92237794,0.9991244
0.044861786,0.00077407033
0.07716941,0.00083560916
0.048788905,0.0007934111
0.049023148,0.0007934111
0.047465175,0.0007894551
0.063021876,0.0008118728
0.9209797,0.9991244
0.9468742,0.9991244
0.07393016,0.0007947298
0.06627475,0.0007828616
0.031735644,0.0007547296
0.06219361,0.0008083563
0.93747556,0.9991165
0.050697003,0.00081890577
0.062487774,0.000858906
0.06531253,0.00075385044
0.931444,0.9991437
0.94549423,0.9991147
0.09750254,0.0007595648
0.9418169,0.99912876
0.93267685,0.9991182
0.081401594,0.0008052793
0.93320256,0.9990857
0.068807565,0.0007868177
0.92770606,0.99908614
0.93151534,0.999142
0.94136876,0.9991367
0.062287953,0.00082374096
0.93229824,0.99912876
0.052443407,0.0008092354
0.9319536,0.9990998
0.9430585,0.999149
0.11539793,0.000775389
0.93403924,0.9991068
0.9225285,0.99915427
0.051078077,0.0008048398
0.95505846,0.9991015
0.93731934,0.99910724
0.9589606,0.9990804
0.062438995,0.0007824221
0.9284157,0.9991323
0.04196151,0.0007837407
0.052419882,0.0007815429
0.9297751,0.9991174
0.9517804,0.9991147
0.92752206,0.9991182
0.93565166,0.9990989
0.06712777,0.0008022024
0.9437793,0.9990857
0.9433308,0.99915254
0.076225765,0.0008022024
0.9421126,0.99912965
0.051996715,0.0007819825
0.05150075,0.0007630813
0.93595105,0.9990985
0.95167786,0.9991191
0.06559357,0.000799565
0.9509652,0.999178
0.08355928,0.0008233014
0.057867587,0.0007885759
0.93576956,0.9991182
0.89908785,0.99911165
0.05497177,0.00072220195
0.04707048,0.0007793451
0.93687713,0.9991213
0.041588113,0.00083912566
0.056380432,0.0007661582
0.028347822,0.00072747667
0.94657284,0.9991217
0.03631522,0.0007652791
0.93532956,0.99910504
0.9374845,0.9990954
0.9360191,0.99910635
0.95214534,0.9991644
0.04737653,0.0007687956
0.92680055,0.9991402
0.047138575,0.00080615847
0.062323857,0.0007890155
0.06919953,0.000799565
0.954486,0.99911386
0.9376229,0.99915385
0.94601494,0.99907297
0.061603554,0.0008022024
0.9263472,0.99913144
0.9290372,0.99910724
0.054058578,0.00080044416
0.09037009,0.0007894551
0.05180754,0.0007687956
0.9261525,0.99910414
0.93796414,0.9991182
0.94048136,0.99912876
0.064518936,0.00079560897
0.9318427,0.99915385
0.93859035,0.9991209
0.062402844,0.00080396066
0.95635647,0.99911034
0.037077866,0.0008233014
0.04870571,0.00073143275
0.075360365,0.0008092354
0.044684,0.0006975864
0.9130573,0.99909186
0.9452256,0.99912876
0.94059277,0.9990998
0.034679748,0.0007802242
0.9463549,0.9991578
0.92982066,0.99915165
0.92464805,0.9991468
0.053482138,0.0007868177
0.9581682,0.99910414
0.93011534,0.9991459
0.05585797,0.00080044416
0.9337448,0.999102
0.047204934,0.00081099366
0.9237272,0.9991112
0.052541215,0.0007582461
0.94798595,0.99911207
0.050948575,0.00082637835
0.034298673,0.0007582461
0.045674697,0.00082374096
0.9211909,0.99917537
0.071021214,0.000775389
0.03785388,0.0007811034
0.060816642,0.0008175871
0.035930682,0.0007463779
0.06563913,0.000785499
0.054829393,0.000785499
0.9424625,0.99913496
0.049848683,0.0007679165
0.92129266,0.99910593
0.06215325,0.0007028612
0.050358515,0.000761323
0.042557757,0.0007644
0.89799464,0.99908656
0.04275882,0.0007881364
0.05299063,0.0007802242
0.9173173,0.99911034
0.94397265,0.9991266
0.9399346,0.9991147
0.93968207,0.9990787
0.93779945,0.9991015
0.94642997,0.9991987
0.94684273,0.9991868
0.94447285,0.99915427
0.050346136,0.0007986859
0.08016502,0.0008175871
0.052921794,0.0007652791
0.9293678,0.9991046
0.9313672,0.9990374
0.059928212,0.0007978068
0.943291,0.99908173
0.06197101,0.0007885759
0.9554405,0.9991789
0.06614896,0.0007687956
0.05690958,0.0008079167
0.060509358,0.0007828616
0.05271256,0.0007903342
0.9280604,0.9990835
0.9298487,0.9991037
0.93672407,0.99907255
0.057660088,0.0007903342
0.046692874,0.0007960485
0.03848752,0.0007885759
0.07059037,0.000747257
0.055208735,0.00079560897
0.96045965,0.9991222
0.94747835,0.9991147
0.9413906,0.9990558
0.08342904,0.0007819825
0.012985003,0.0007745099
0.95879817,0.99911034
0.044005793,0.0007142898
0.066458225,0.0007679165
0.9387758,0.9991415
0.9629979,0.9991631
0.9235769,0.9990971
0.9348066,0.9991859
0.93668544,0.99912876
0.9700727,0.99910414
0.9554898,0.9991187
0.07883039,0.0007969276
0.9227756,0.99910414
0.94985294,0.9991024
0.05444931,0.0007806638
0.9034032,0.9991156
0.94783145,0.9991191
0.04628134,0.000799565
0.052729648,0.0007002238
0.06635176,0.0007687956
0.95421237,0.99908483
0.97462946,0.99921185
0.029647782,0.0007771473
0.06574956,0.0008017628
0.050932232,0.0007661582
0.8760221,0.9991165
0.93557864,0.99911076
0.93114316,0.99911296
0.046014417,0.0007912133
0.9583629,0.9991354
0.056644138,0.0007876968
0.97509843,0.9991437
0.9267939,0.9991112
0.07366249,0.0007894551
0.9107823,0.99910504
0.94805527,0.9991653
0.9449396,0.9991187
0.06376719,0.0008052793
0.93783534,0.99907076
0.9228791,0.9990936
0.026479343,0.00073978445
0.95129156,0.99912
0.94072104,0.9991156
0.05149332,0.000785499
0.93468076,0.99908966
0.9373112,0.99914813
0.94653195,0.9990985
0.92834735,0.99912745
0.9432323,0.99915123
0.92099804,0.9991815
0.9359827,0.99910855
0.06028923,0.0008017628
0.9424756,0.9991631
0.03960598,0.00076088344
0.0358247,0.0007679165
0.052141074,0.000771433
0.059586756,0.0008162684
0.05556158,0.00082769705
0.9139651,0.9990976
0.08873312,0.00080747716
0.050389964,0.0007951694
0.9506874,0.9991156
0.9306581,0.99913186
0.8673854,0.9991174
0.07942862,0.0007723121
0.038180232,0.0007885759
0.04735375,0.0007885759
0.9279948,0.99911296
0.9360498,0.9990945
0.06171795,0.0008017628
0.9015137,0.999062
0.9331211,0.9990936
0.061914057,0.00082769705
0.92421377,0.9991182
0.06476704,0.0007837407
0.9372728,0.9990985
0.9485735,0.9991428
0.046048835,0.0007841803
0.041880295,0.00075297133
0.92440736,0.99916613
0.9411368,0.9991033
0.05048084,0.00080044416
0.064612284,0.0007846199
0.9819687,0.99910504
0.9404655,0.9991217
0.9415478,0.9990967
0.96999717,0.99906635
0.040228724,0.0007687956
0.033323083,0.00074549875
0.932064,0.9991358
0.06391624,0.0008035211
0.05143513,0.0007674769
0.061655056,0.0007978068
0.90617275,0.99913144
0.05404372,0.0007644
0.8934745,0.9991266
0.92392653,0.99913406
0.9268503,0.9991147
0.06166323,0.0007934111
0.056757547,0.0007969276
0.058096133,0.0008083563
0.9439732,0.99913716
0.9512841,0.99912745
0.9498797,0.99913365
0.9152343,0.999109
0.92011726,0.9991385
0.9359211,0.9991068
0.92770505,0.99910814
0.059651382,0.0007661582
0.94081587,0.99911207
0.910041,0.99906766
0.92700434,0.99916
0.053629465,0.000771433
0.9459751,0.9991376
0.031918876,0.0007824221
0.93895876,0.99911034
0.9278081,0.9991248
0.06402074,0.00082593877
0.04745007,0.0007248393
0.063051835,0.0007986859
0.9607949,0.9991156
0.042255178,0.00083473005
0.93173176,0.99910414
0.9541859,0.99909097
0.9305932,0.9990945
0.0435279,0.000785499
0.9179608,0.9991613
0.058608938,0.0007630813
0.046827327,0.0007745099
0.07688961,0.00081099366
0.9527559,0.99908394
0.08359964,0.0008044002
0.050258975,0.00080747716
0.9664481,0.9991323
0.06779632,0.0008149497
0.027770886,0.0007771473
0.058029775,0.0008052793
0.06987898,0.000761323
0.0592453,0.0008017628
0.9494602,0.99911386
0.054562964,0.0007916529
0.9334056,0.99913317
0.045053683,0.0007630813
0.07018751,0.0007978068
0.04122561,0.0007736308
0.02279389,0.0007876968
0.93334395,0.9991182
0.95256084,0.99913144
0.050209206,0.00084044435
0.041229077,0.00075648783
0.9171811,0.9990936
0.9414651,0.99907386
0.92950374,0.9991279
0.05512603,0.0008035211
0.9581568,0.9991134
0.047634292,0.0008083563
0.9489019,0.9991015
0.9580157,0.999109
0.038906477,0.0007793451
0.06738132,0.0008127519
0.94352347,0.99912745
0.067737386,0.0008052793
0.05132891,0.0007876968
0.0527034,0.0008052793
0.93335706,0.9991393
0.9314747,0.9991174
0.03358852,0.00080967497
0.05925124,0.0007903342
0.9053856,0.9991112
0.0492299,0.0007595648
0.031970132,0.0007837407
0.061325487,0.00081670796
0.943264,0.9991037
0.9398482,0.99912965
0.94350964,0.99914986
0.9377165,0.9990945
0.96136737,0.99914855
0.9436879,0.99910766
0.8915832,0.9990795
0.9333241,0.99911034
0.06976904,0.0007833012
0.049926434,0.00080264197
0.05747859,0.0007894551
0.9681326,0.99914986
0.9252963,0.9990611
0.056987576,0.0007846199
0.062773764,0.0007771473
0.95682865,0.99909276
0.08975056,0.000771433
0.9529466,0.99911255
0.9273391,0.99906594
0.94021344,0.9990901
0.9201247,0.99911386
0.943056,0.99911386
0.06432084,0.0008092354
0.97586334,0.9990985
0.042656805,0.00076220214
0.06456177,0.00080264197
0.058960546,0.00076220214
0.051718894,0.0007903342
0.03757928,0.00083121355
0.9513505,0.99912
0.9451647,0.99911255
0.061525803,0.0007951694
0.9187237,0.99908745
0.048776772,0.00072923495
0.8977059,0.9991046
0.93221134,0.99912
0.93336177,0.9990963
0.04849425,0.0008044002
0.048847344,0.0007960485
0.054221753,0.0007868177
0.94800156,0.9990936
0.9511195,0.99910724
0.044425495,0.00075385044
0.9350349,0.9991196
0.959282,0.9991248
0.9364812,0.9990901
0.054159354,0.0007951694
0.052488722,0.0008101145
0.06806919,0.00079560897
0.93168145,0.99912614
0.058295958,0.00081670796
0.067122325,0.0007876968
0.041819382,0.0008118728
0.9151945,0.9990857
0.92987365,0.99911207
0.9236868,0.99910814
0.9230614,0.99910504
0.06392565,0.00083253224
0.04353706,0.0007811034
0.032896448,0.00074110314
0.93346304,0.9991745
0.94155794,0.9991187
0.94894373,0.99911034
0.059034582,0.0007679165
0.9492547,0.99915123
0.93933165,0.9991187
0.060542785,0.0007960485
0.93314904,0.99909186
0.061755586,0.000771433
0.9736313,0.9991279
0.94245034,0.9991367
0.05392561,0.00082022446
0.91179156,0.9990835
0.033081908,0.000761323
0.93373245,0.99915075
0.045093797,0.0007802242
0.8939868,0.9990778
0.03984691,0.0007498944
0.03437271,0.0007652791
0.050943375,0.0007780264
0.9692142,0.99910593
0.9441324,0.9991393
0.95281214,0.9991415
0.9366149,0.9991174
0.93842,0.99914813
0.051523283,0.0007894551
0.055295646,0.00081670796
0.97385144,0.9990945
0.9321908,0.9991644
0.072043605,0.00084879604
0.044731293,0.0007973672
0.04971423,0.0008092354
0.05985913,0.0007969276
0.029848348,0.0007960485
0.039044645,0.0007947298
0.95871574,0.99911165
0.92155343,0.99908614
0.06108679,0.0007894551
0.08601831,0.0008175871
0.061607514,0.0007837407
0.9364106,0.9990932
0.07564413,0.0007881364
0.9504259,0.9991437
0.04172083,0.0007982463
0.90349436,0.99910504
0.95077085,0.999098
0.07295209,0.0008092354
0.9265126,0.99912965
0.06641118,0.0007938507
0.9223921,0.99912876
0.052292366,0.0007903342
0.96414435,0.99917275
0.04495266,0.0007296745
0.054929923,0.00076220214
0.9378235,0.99911076
0.05066407,0.00076088344
0.053313762,0.0008083563
0.035611015,0.0007885759
0.8875539,0.99913365
0.03936555,0.00077055383
0.93306684,0.9991367
0.94006586,0.99915516
0.049425762,0.0007881364
0.9467286,0.99910814
0.06389446,0.00083692785
0.9373597,0.99911034
0.96177,0.9991534
0.068074144,0.0008052793
0.06388802,0.0007960485
0.92743766,0.9991279
0.9467078,0.99910814
0.9333714,0.9991156
0.94923985,0.99915206
0.9424293,0.99912614
0.8623762,0.99916965
0.054540925,0.0007709934
0.04316812,0.00073450967
0.91159374,0.99912524
0.03679955,0.0007498944
0.054729357,0.0007934111
0.048507374,0.00080264197
0.064377055,0.0008149497
0.07197724,0.0007582461
0.9299809,0.99911606
0.9571015,0.9991437
0.931392,0.9991231
0.9434606,0.9990985
0.9331753,0.9991859
0.04426529,0.0007696747
0.103852294,0.00079560897
0.92579377,0.9991587
0.07090162,0.00075736694
0.06726247,0.0007661582
0.058239006,0.0008052793
0.9498064,0.99912614
0.048259016,0.0007885759
0.076811366,0.0008022024
0.95604074,0.9990989
0.041834734,0.0007960485
0.054330207,0.00074286136
0.9318365,0.99910504
0.044429705,0.0007569274
0.06015874,0.0007934111
0.95629925,0.9991385
0.045569707,0.00080615847
0.9208668,0.9990585
0.065672554,0.000799565
0.9572548,0.9991323
0.050329547,0.0008127519
0.055564303,0.0007894551
0.04969987,0.0007661582
0.042521607,0.0007833012
0.9278212,0.999142
0.9410194,0.9992031
0.9542307,0.9990936
0.9330713,0.9990646
0.045062847,0.00074110314
0.9536874,0.9991385
0.93466645,0.99909407
0.9367498,0.99913096
0.9191251,0.99906415
0.9481593,0.9990901
0.9413346,0.9990963
0.048081234,0.00079560897
0.067764625,0.00080264197
0.9359149,0.99912524
0.03977584,0.000785499
0.9752408,0.9990971
0.026770288,0.000775389
0.05058929,0.000775389
0.04579033,0.00080967497
0.9319174,0.999098
0.9326764,0.99911386
0.06658278,0.0008008837
0.9319578,0.9991165
0.9304011,0.99906945
0.95029867,0.9991354
0.055257514,0.000771433
0.95202374,0.99912965
0.93833655,0.9990813
0.05593993,0.0007582461
0.9496865,0.9991323
0.96000105,0.99911606
0.056420296,0.0007894551
0.05005618,0.0007547296
0.053991724,0.0008092354
0.9160802,0.9991112
0.96211714,0.9990998
0.9365094,0.9991231
0.05496137,0.0007652791
0.05346134,0.0007780264
0.055011883,0.0007934111
0.89680386,0.99911076
0.046535887,0.0007762682
0.06838564,0.0007912133
0.060574975,0.0007912133
0.938497,0.9991134
0.030104626,0.00071516895
0.046171155,0.0007894551
0.93816936,0.9991182
0.044693656,0.0007780264
0.941709,0.9990985
0.9368266,0.99909407
0.9197404,0.9991156
0.9417731,0.9990936
0.93131006,0.999102
0.047376283,0.0008149497
0.07366298,0.0007771473
0.9468088,0.99909186
0.039104816,0.0007771473
0.9185662,0.9991156
0.040467422,0.000775389
0.9575257,0.99909407
0.08251089,0.0007920924
0.06429881,0.000771433
0.9184682,0.9991015
0.051719885,0.0007736308
0.052656107,0.0008008837
0.048973873,0.000771433
0.92316043,0.99912614
0.95083153,0.9990901
0.96155113,0.99909496
0.051990774,0.00075648783
0.059263375,0.00080264197
0.054022178,0.00083780696
0.9433286,0.9991345
0.9418868,0.999182
0.064870045,0.0007978068
0.92054117,0.9991385
0.055722527,0.0007758286
0.04374481,0.0008044002
0.05076658,0.0007819825
0.03719276,0.0007837407
0.95888704,0.9991055
0.0403867,0.0007780264
0.04241885,0.00083209266
0.049703088,0.0007547296
0.03525594,0.00082505966
0.057357013,0.0007942903
0.07191138,0.0008017628
0.028989136,0.00075736694
0.04906747,0.0007868177
0.91940117,0.99912524
0.05715075,0.0007723121
0.057492703,0.0007661582
0.93202245,0.99910724
0.91781497,0.99908924
0.065578215,0.0007639604
0.052566964,0.0007885759
0.9344797,0.9991824
0.06038134,0.0007652791
0.05886893,0.0007837407
0.91856223,0.99906635
0.055030204,0.00081099366
0.9538702,0.9990945
0.06042071,0.0008233014
0.9411568,0.99913496
0.058694117,0.0007951694
0.040720727,0.00082198274
0.959589,0.99905497
0.044970486,0.000785499
0.048359547,0.0007582461
0.059651382,0.0008101145
0.025159078,0.0007696747
0.90817374,0.99915254
0.05232381,0.0007802242
0.064213626,0.0007920924
0.9578798,0.9991398
0.07278991,0.0007811034
0.06573124,0.0007863781
0.92896247,0.9991323
0.0575447,0.0007824221
0.050602168,0.000775389
0.04830012,0.0007745099
0.9487392,0.9990932
0.92161953,0.9991006
0.053772587,0.00080264197
0.07018478,0.00080264197
0.9492673,0.9991143
0.059352517,0.000806598
0.041273646,0.0007723121
0.042761296,0.00075253175
0.045898534,0.0008008837
0.94089437,0.99911386
0.095917575,0.00080615847
0.94599766,0.99914986
0.06834156,0.00081670796
0.9537699,0.9991569
0.0635842,0.0007837407
0.057224542,0.00081319147
0.06175212,0.0008079167
0.94239885,0.9990791
0.943917,0.9991385
0.06907177,0.0007876968
0.042645168,0.0007894551
0.93931115,0.99910766
0.037712246,0.0007758286
0.9204991,0.9990998
0.04310003,0.0007868177
0.048682187,0.0007679165
0.06345767,0.0008852798
0.059399314,0.0007687956
0.9076832,0.99909407
0.9274503,0.9991389
0.9287148,0.99910855
0.87692785,0.9990976
0.048997395,0.0007863781
0.9520067,0.9991156
0.057168085,0.0007802242
0.05749914,0.000799565
0.91475695,0.9991112
0.94126207,0.9991156
0.0679959,0.0007762682
0.05638464,0.0007920924
0.058801085,0.0007942903
0.9424568,0.9991433
0.92058325,0.99910855
0.93587625,0.9990954
0.9235125,0.99910414
0.04729754,0.0007876968
0.9484517,0.99910414
0.92071724,0.9991174
0.9277588,0.9990778
0.061755586,0.0007828616
0.06668875,0.0008127519
0.03982982,0.00074593833
0.05226983,0.00074374053
0.93299305,0.9990954
0.9188346,0.99909496
0.050973833,0.0007661582
0.047152936,0.00081231236
0.94347125,0.99917364
0.94595754,0.9991147
0.06562179,0.00081670796
0.053833745,0.0007811034
0.95668656,0.9990602
0.045295104,0.0007819825
0.072197616,0.000799565
0.04195235,0.000775389
0.046152584,0.0007986859
0.9417595,0.9990752
0.027856806,0.0007569274
0.046265002,0.0007639604
0.93190306,0.99916923
0.9385128,0.99909186
0.048249114,0.0007969276
0.929059,0.9991006
0.94972986,0.999102
0.9612361,0.99915075
0.96696264,0.9990945
0.05182413,0.0008101145
0.05593696,0.0007780264
0.060987744,0.0008057189
0.05449784,0.000806598
0.9399539,0.99911034
0.03807549,0.0007687956
0.9433165,0.9991802
0.05150669,0.000761323
0.94763976,0.99910504
0.92835087,0.99909186
0.9171736,0.99910766
0.92842686,0.99911034
0.9227922,0.99907297
0.056895465,0.00080615847
0.05148416,0.0007951694
0.91497487,0.9991398
0.9225087,0.9991376
0.9322376,0.99910766
0.93138534,0.99913365
0.046528213,0.0007881364
0.9580885,0.99908656
0.93692166,0.9991358
0.8841368,0.9990954
0.9738195,0.9991182
0.95797956,0.99914855
0.96074116,0.99909496
0.91504717,0.9990967
0.9341766,0.9991266
0.9309626,0.99910593
0.056268264,0.0008092354
0.06472742,0.0007982463
0.060463548,0.0008175871
0.95439833,0.999142
0.9399438,0.99911255
0.044235576,0.0007547296
0.10473503,0.0007819825
0.9273604,0.9991068
0.9391081,0.99914724
0.9401069,0.9991182
0.9440455,0.9990963
0.053087693,0.0008149497
0.04000117,0.0008149497
0.060743846,0.0007793451
0.9493466,0.9991002
0.96458757,0.9991015
0.9353216,0.9991266
0.035444617,0.0007771473
0.94340116,0.9991468
0.9494409,0.9991257
0.94223297,0.99912965
0.05727555,0.0007736308
0.062335,0.00082681794
0.94775814,0.99910945
0.94448,0.99910593
0.94124,0.9991459
0.0944225,0.00080615847
0.9436661,0.99913144
0.93966126,0.99910593
0.056548808,0.0007907738
0.93785965,0.99915826
0.96190643,0.9991011
0.049211826,0.0007973672
0.9533165,0.99911207
0.9471255,0.9991156
0.9532467,0.99923474
0.9553534,0.9991187
0.90464675,0.99915075
0.04447254,0.0007687956
0.06574535,0.00079560897
0.05550438,0.0007674769
0.94619644,0.9991187
0.9591032,0.9991631
0.8848321,0.99910855
0.042829886,0.00076220214
0.03904192,0.0007912133
0.06082828,0.0008044002
0.05829967,0.00081582885
0.049540903,0.00072659756
0.040082633,0.00075648783
0.064082146,0.000799565
0.086949825,0.0008092354
0.92282116,0.99910504
0.06415272,0.0007604439
0.052972306,0.00074549875
0.05373297,0.0007986859
0.06917626,0.0007687956
0.9251725,0.99913317
0.9694365,0.9991244
0.04259094,0.00080264197
0.9572246,0.9990998
0.93808496,0.9991191
0.05476848,0.0007771473
0.06441122,0.00081670796
0.91102,0.99910986
0.027462114,0.0007604439
0.06716491,0.00080044416
0.053359818,0.0008105541
0.038806938,0.0007846199
0.95194674,0.99910766
0.9419029,0.99909097
0.0377947,0.0007947298
0.06133836,0.0007630813
0.9099087,0.9991389
0.053283058,0.0007731912
0.065170646,0.0008083563
0.93533397,0.9990963
0.9364673,0.9991006
0.95858896,0.9991165
0.05521666,0.0007679165
0.9264185,0.99908656
0.9511393,0.9991587
0.92358285,0.9991231
0.948317,0.9991648
0.96896636,0.9991279
0.91037375,0.99910855
0.053765405,0.00076352083
0.058221426,0.0007828616
0.043728467,0.0007595648
0.93137515,0.9991169
0.049737506,0.0007881364
0.9393074,0.99908483
0.046582192,0.0007903342
0.059156656,0.0008035211
0.035199236,0.0007213228
0.95269454,0.9991006
0.9556119,0.9990936
0.03709718,0.00075648783
0.9283751,0.9991446
0.9483772,0.9991174
0.061467614,0.0007793451
0.04105228,0.0007951694
0.94359136,0.99915254
0.9459793,0.9991015
0.05628337,0.0007709934
0.056650825,0.0007986859
0.9185375,0.99910814
0.8779495,0.9991046
0.0720852,0.0007828616
0.961511,0.9991648
0.06967941,0.0007876968
0.06307932,0.0007582461
0.030630058,0.0007780264
0.06161395,0.000775389
0.042459458,0.00081231236
0.04788587,0.0007885759
0.080280155,0.0007652791
0.94902444,0.99906635
0.9204491,0.99911386
0.077201605,0.00082154316
0.9435557,0.9991446
0.93246716,0.9991169
0.060883995,0.00081363105
0.93780565,0.99912524
0.05162307,0.0007942903
0.9301916,0.99914724
0.07381799,0.0007951694
0.05331599,0.0007876968
0.9465914,0.9991182
0.061090007,0.0008149497
0.053977363,0.00081099366
0.059301756,0.000771433
0.06037862,0.0008044002
0.053888716,0.0007745099
0.045723476,0.000747257
0.93424004,0.99911034
0.039960064,0.00077055383
0.94271725,0.99910766
0.9607176,0.99910504
0.05249615,0.0007894551
0.9574952,0.99919343
0.94001734,0.9990844
0.05690958,0.00083077396
0.94329023,0.99912
0.9404353,0.99911034
0.060841653,0.0007903342
0.04999453,0.0007837407
0.052480053,0.0007960485
0.09537308,0.0008127519
0.047851697,0.0007758286
0.067803994,0.00075648783
0.055587333,0.0007709934
0.92694443,0.99908966
0.92313045,0.9990668
0.033054918,0.00076220214
0.96499884,0.9991569
0.07467671,0.00081670796
0.9290823,0.99909097
0.9291135,0.9990963
0.96836144,0.99913627
0.028396105,0.00076220214
0.030354962,0.0007811034
0.0332384,0.0007828616
0.040137604,0.000771433
0.96380836,0.9991446
0.93772817,0.9991231
0.9512678,0.99908304
0.104061276,0.0007701143
0.047193296,0.0007951694
0.9432806,0.999142
0.9591082,0.9990932
0.06689303,0.0007876968
0.042753372,0.00081099366
0.93494326,0.999149
0.9304632,0.99910593
0.056547817,0.0008105541
0.041000035,0.00074066356
0.9467078,0.9991002
0.9248816,0.9991226
0.05674244,0.0007942903
0.0563111,0.0007920924
0.0564099,0.0007863781
0.9297528,0.9991209
0.91970646,0.9990967
0.9190337,0.99910766
0.9478542,0.99913144
0.047369845,0.00080264197
0.065731734,0.0007947298
0.05150273,0.0007652791
0.93201995,0.99910766
0.043561578,0.0007758286
0.05313895,0.0007762682
0.07681211,0.0007960485
0.9576594,0.9991006
0.9363128,0.99910593
0.047857393,0.0007938507
0.05774081,0.00080615847
0.9884687,0.999189
0.9356782,0.99915075
0.9275525,0.9991055
0.96268415,0.999142
0.9390868,0.9991578
0.057583824,0.00081538927
0.090258166,0.0007934111
0.044982124,0.0007828616
0.07088478,0.0008057189
0.05083517,0.000806598
0.04471619,0.0007723121
0.045678902,0.0007934111
0.9442376,0.9991666
0.11467441,0.0007978068
0.038493957,0.0007731912
0.08617901,0.0007978068
0.061061036,0.00074242183
0.9463334,0.9991613
0.036851052,0.0008044002
0.91752523,0.9990901
0.872845,0.9990646
0.9490517,0.99911207
0.9314836,0.99910283
0.04700239,0.0007758286
0.93344223,0.9990945
0.9390224,0.99909097
0.9376977,0.9990936
0.95981336,0.9991011
0.93519634,0.99910593
0.90087736,0.9991407
0.94415265,0.9990787
0.041778523,0.0007811034
0.9321056,0.99910855
0.058622558,0.00080967497
0.95276433,0.9990936
0.046238013,0.0006786852
0.042857368,0.0007969276
0.9377601,0.99913716
0.05796762,0.00079560897
0.04254142,0.0007960485
0.93374234,0.99910814
0.925791,0.9990954
0.09798043,0.0007780264
0.94011956,0.9991367
0.03894882,0.0007520922
0.07179822,0.0008197849
0.9568415,0.9991358
0.035841044,0.00074813614
0.025097422,0.0007723121
0.9586367,0.999138
0.9505341,0.99915296
0.9364289,0.9991182
0.9390254,0.9990593
0.06477372,0.0007767077
0.9295978,0.99909496
0.060747806,0.0007934111
0.92776275,0.9991556
0.06490397,0.0007837407
0.05478111,0.0007819825
0.06038976,0.0007837407
0.053118397,0.0007828616
0.9267203,0.99917233
0.94753355,0.999138
0.932299,0.9991024
0.9416025,0.999185
0.942851,0.99913406
0.93268156,0.9991112
0.93814117,0.99913496
0.050529618,0.0007969276
0.92950493,0.99910766
0.072005965,0.0008092354
0.046980847,0.0008048398
0.92564344,0.9991147
0.03976148,0.0007907738
0.052440435,0.000799565
0.93941784,0.9990567
0.053867668,0.00084176305
0.92761445,0.999142
0.93858093,0.9991112
0.05311493,0.0007639604
0.045445655,0.0007630813
0.911051,0.9990993
0.93761694,0.99908924
0.03745349,0.00073538884
0.034363795,0.0007934111
0.057048738,0.0007793451
0.04557788,0.0007652791
0.94441193,0.99911034
0.92299724,0.9991024
0.93344766,0.9990932
0.037654553,0.00075516914
0.04653539,0.000761323
0.9621736,0.99911386
0.05341355,0.00083824655
0.93430394,0.9991745
0.013857092,0.0007226415
0.05719483,0.00075297133
0.06306149,0.0007894551
0.048796088,0.00081582885
0.9387686,0.9990795
0.0685139,0.00082769705
0.9262239,0.9990879
0.932375,0.9991213
0.052574888,0.00073231186
0.06585406,0.0008175871
0.06279085,0.000778466
0.057958215,0.0007982463
0.058018137,0.00080747716
0.055522706,0.0007679165
0.93017745,0.99912614
0.06213468,0.0007679165
0.9189753,0.9991147
0.04069225,0.0007767077
0.9038737,0.9990993
0.92681265,0.9991279
0.90093726,0.9991231
0.95458156,0.9991182
0.9417793,0.99906904
0.046719614,0.00082286185
0.91015387,0.9991024
0.045243356,0.0007771473
0.051209062,0.00082549924
0.059098218,0.0007920924
0.059900977,0.0008364883
0.96206665,0.99911606
0.055202793,0.0007881364
0.058503952,0.00076352083
0.95303994,0.99913496
0.040785603,0.00075253175
0.054570887,0.0007894551
0.04759319,0.00075736694
0.0612512,0.000785499
0.9301594,0.9990998
0.061217774,0.0007595648
0.9291318,0.9991411
0.05226562,0.0007639604
0.93755656,0.99910855
0.9567328,0.9991156
0.058625527,0.0007876968
0.057824504,0.0007824221
0.9397053,0.99910814
0.93258053,0.99913406
0.033731643,0.0008035211
0.040456526,0.0007802242
0.051953632,0.0007793451
0.9240909,0.9991217
0.9245891,0.99909145
0.92034805,0.99910283
0.9368251,0.99915296
0.054203182,0.0007731912
0.04746047,0.00081099366
0.060499206,0.000771433
0.051817443,0.0007951694
0.92908156,0.9991037
0.9401753,0.99915206
0.052203223,0.0007745099
0.92736435,0.9991033
0.95295405,0.9991455
0.0729199,0.00082242227
0.9470532,0.9991631
0.062127996,0.0007547296
0.06255636,0.0008008837
0.04781728,0.000799565
0.049843732,0.0008083563
0.9505851,0.9991046
0.9429084,0.9991037
0.9506755,0.99911034
0.9604138,0.99910986
0.049183104,0.0007582461
0.9290023,0.9991266
0.9342559,0.99911207
0.9310372,0.999142
0.028937384,0.0007771473
0.9455024,0.9991569
0.930458,0.9990993
0.06316301,0.00080615847
0.9243947,0.99911034
0.93957114,0.9991367
0.9507196,0.99912703
0.9454712,0.9991398
0.06817814,0.0007771473
0.052904956,0.000747257
0.043542262,0.00076220214
0.9413277,0.99912703
0.93653315,0.9991037
0.9509949,0.9991455
0.063795164,0.0007978068
0.94075966,0.99914986
0.052270327,0.0007986859
0.9568195,0.99907166
0.94409496,0.9991622
0.93004996,0.9991354
0.9329797,0.9990747
0.059135854,0.00075033394
0.0648594,0.0008079167
0.92935985,0.99910414
0.93540233,0.9990611
0.9264195,0.9991226
0.05907296,0.0007837407
0.06655455,0.00082022446
0.89572006,0.99912965
0.9214653,0.9991174
0.05520824,0.00072747667
0.024087166,0.0007942903
0.96138865,0.99910766
0.9448378,0.9990795
0.04261496,0.00083824655
0.045016296,0.00076703733
0.0630912,0.00081231236
0.9265933,0.99914986
0.925071,0.9990778
0.96938205,0.9991644
0.94220126,0.999138
0.04431679,0.0008101145
0.935882,0.9990945
0.06655975,0.0007731912
0.9221994,0.99915206
0.06748879,0.0008079167
0.92245746,0.99909186
0.9596487,0.9990993
0.98208606,0.99912834
0.9455596,0.99910986
0.052100465,0.0008083563
0.043550435,0.00082154316
0.94759697,0.99911034
0.9301864,0.99913144
0.01871028,0.0007072568
0.07100537,0.00075385044
0.05668252,0.0007837407
0.08609482,0.0007806638
0.058251385,0.00073407014
0.93017423,0.99910814
0.94424653,0.9990985
0.9351287,0.99911255
0.955031,0.99910414
0.93153465,0.99912
0.07045096,0.0008101145
0.92890996,0.99912876
0.9634832,0.9991798
0.06802239,0.000771433
0.040975768,0.0007841803
0.036928803,0.00081231236
0.056849904,0.0007833012
0.053513832,0.0007674769
0.94400734,0.99911207
0.9221269,0.9990976
0.9107432,0.99909097
0.04598421,0.00076220214
0.04415114,0.0007811034
0.04658789,0.0007942903
0.9708244,0.99915737
0.9397588,0.99908394
0.9243831,0.99911386
0.06752494,0.0007736308
0.06593403,0.000771433
0.062144335,0.0007903342
0.026772268,0.0007934111
0.041824333,0.00081231236
0.051649068,0.00073363056
0.9268993,0.999138
0.035607796,0.0007547296
0.91344315,0.9991279
0.059464682,0.0007582461
0.06425226,0.00080396066
0.94114816,0.99911606
0.9420185,0.99905497
0.06493393,0.00082286185
0.053290736,0.0007837407
0.055544,0.0007951694
0.92076355,0.99903387
0.95186675,0.99916744
0.09475306,0.00076088344
0.9379552,0.99911386
0.94053435,0.9991147
0.92401963,0.999109
0.075738214,0.0007824221
0.90125024,0.9990967
0.06698539,0.0007802242
0.9071979,0.9991437
0.92059416,0.9990844
0.9578045,0.99910504
0.8700284,0.9991402
0.9605438,0.99912703
0.94638145,0.9991182
0.06265566,0.0007595648
0.050334003,0.0008114332
0.9374226,0.9990589
0.05364432,0.0007912133
0.06675635,0.0007802242
0.94639283,0.9991002
0.059596907,0.0008035211
0.94201505,0.9990813
0.94487447,0.99909097
0.92505413,0.99908745
0.93691075,0.99910593
0.93488485,0.9991428
0.96159,0.9991323
0.92668194,0.99914634
0.9345112,0.9991644
0.057128716,0.000775389
0.03023908,0.0007819825
0.9218005,0.9991112
0.044119447,0.0007652791
0.92800295,0.9991037
0.055608626,0.0007951694
0.9309198,0.9991248
0.9296488,0.9990923
0.9313717,0.9990945
0.090170756,0.0007828616
0.9503125,0.99911296
0.93501806,0.9991134
0.042408697,0.0008048398
0.06829972,0.0008052793
0.94158024,0.99906063
0.93004996,0.9991354
0.05191748,0.00082286185
0.0691411,0.0007661582
0.9184006,0.99913186
0.9274518,0.99910414
0.053808738,0.00077055383
0.9323166,0.99908394
0.9386631,0.9990945
0.9446761,0.99909407
0.04213558,0.00080747716
0.9228536,0.99912876
0.041187476,0.0007986859
0.035549358,0.0007674769
0.97589475,0.9991174
0.028488712,0.0007806638
0.052220557,0.0008013233
0.05253552,0.0007687956
0.93420464,0.999102
0.9126235,0.99911165
0.06301271,0.0007771473
0.92024106,0.9990989
0.06417302,0.0008092354
0.94445723,0.99911034
0.04668817,0.0008233014
0.9534497,0.9991147
0.9205689,0.99911386
0.05988389,0.0007876968
0.9570738,0.99915075
0.039587658,0.0007811034
0.92481494,0.99908704
0.9394525,0.99908745
0.9066516,0.99912614
0.049200933,0.0008052793
0.92255473,0.99910593
0.079084195,0.0007969276
0.044304658,0.00076703733
0.06392615,0.0008079167
0.95135397,0.9990936
0.88549817,0.9991398
0.048509106,0.000799565
0.91249627,0.99912876
0.93347317,0.9991024
0.0448395,0.0007960485
0.9364299,0.9991235
0.055341206,0.00073538884
0.9644841,0.9991437
0.04208086,0.0007674769
0.059700657,0.00082022446
0.94100976,0.9990826
0.9377346,0.9991226
0.057057403,0.00084484
0.047920533,0.0007793451
0.9455638,0.9991112
0.039912526,0.0007626417
0.059020963,0.0007885759
0.047170766,0.00082242227
0.9551434,0.99913055
0.93329686,0.9991477
0.05471277,0.00077055383
0.05816398,0.0007771473
0.92677605,0.9991156
0.047126442,0.0008175871
0.92794377,0.9991398
0.049530007,0.0008114332
0.94640964,0.9991213
0.053142413,0.0008057189
0.9368437,0.99911296
0.92091656,0.99911386
0.94487375,0.99909097
0.93610334,0.9991015
0.9435686,0.9991178
0.9650263,0.99917364
0.94515103,0.9991191
0.94250184,0.99908173
0.94515353,0.9990976
0.06558193,0.000792532
0.953838,0.99910724
0.07237466,0.000785499
0.06912525,0.0007969276
0.93578416,0.9991244
0.93518543,0.9991226
0.05589412,0.0008008837
0.041899856,0.0007665978
0.04651509,0.0007894551
0.924446,0.9990901
0.036044583,0.00075736694
0.94517606,0.9992013
0.05341454,0.0007934111
0.05973656,0.00075253175
0.049349252,0.00082154316
0.95166993,0.9990945
0.9419947,0.9991578
0.062180735,0.00076000433
0.98499745,0.99908924
0.9486669,0.9991002
0.05786239,0.0007846199
0.94637674,0.9990971
0.9441044,0.99913013
0.9083441,0.9991217
0.93882084,0.9991156
0.9779165,0.9991248
0.9419915,0.9991639
0.052544434,0.0007986859
0.05541574,0.0007938507
0.95575476,0.9992299
0.04597381,0.0007942903
0.07661575,0.0007780264
0.9236252,0.9991209
0.8882593,0.99910766
0.9311944,0.99910724
0.060301114,0.0007485757
0.93985337,0.99904263
0.9457632,0.99909407
0.9373758,0.99906373
0.041151326,0.0007960485
0.060672782,0.0008008837
0.9456183,0.999102
0.9422535,0.99908
0.055432327,0.00076088344
0.039200146,0.00080044416
0.04690062,0.0008017628
0.9428639,0.9991191
0.05588521,0.0007793451
0.93985885,0.99909097
0.938936,0.999182
0.058982335,0.0007903342
0.0648334,0.0008035211
0.031338476,0.0007674769
0.93799037,0.99911517
0.08246781,0.00081363105
0.9393359,0.9991248
0.931988,0.9990998
0.033983957,0.00072747667
0.04785888,0.0007762682
0.93912244,0.9990769
0.9378938,0.9991807
0.04203307,0.0007824221
0.044045657,0.0007630813
0.06342226,0.0007951694
0.06662809,0.0007876968
0.068589665,0.0008083563
0.053008456,0.0007934111
0.047912363,0.0007723121
0.9744111,0.99915427
0.9233236,0.99912703
0.0315591,0.000799565
0.063977905,0.0007903342
0.0464985,0.00080615847
0.953811,0.9991679
0.947695,0.99914944
0.94806343,0.99908173
0.058630727,0.0007665978
0.9286658,0.9991068
0.9674586,0.99908924
0.9422562,0.9991217
0.06658401,0.00082154316
0.9379047,0.9991428
0.060463797,0.0008101145
0.055825535,0.0007701143
0.94034666,0.9991002
0.04501134,0.00080967497
0.94310254,0.9990901
0.052305486,0.0007828616
0.059696697,0.0007973672
0.06831011,0.0007907738
0.061135568,0.000761323
0.058300663,0.0007850594
0.057201512,0.0007934111
0.050289433,0.0007595648
0.042411175,0.00074242183
0.061999485,0.0007894551
0.9431402,0.9991437
0.03855586,0.0007687956
0.05464294,0.0007701143
0.04689319,0.0007824221
0.06514316,0.0007978068
0.05209601,0.0008118728
0.058440313,0.0007907738
0.055695042,0.00080044416
0.039725825,0.0007556087
0.9373429,0.99908745
0.034628987,0.0007679165
0.93948495,0.999098
0.9203859,0.9991393
0.09790986,0.0008083563
0.037219252,0.00080264197
0.087743424,0.0007828616
0.923849,0.99912745
0.9471418,0.99912876
0.03961564,0.00075429
0.052337676,0.0008175871
0.03893966,0.00077055383
0.055292178,0.0007846199
0.95690644,0.999098
0.9408384,0.99916834
0.052029647,0.00081099366
0.049834322,0.000799565
0.9374221,0.9991011
0.04636751,0.0008044002
0.048665844,0.00076220214
0.9495603,0.9991802
0.037391342,0.0006945095
0.9443899,0.9991191
0.03857443,0.0007802242
0.047820497,0.0007815429
0.934298,0.9991037
0.06528777,0.00079560897
0.04677409,0.0008083563
0.028897023,0.0007978068
0.045709115,0.00073231186
0.9219214,0.9991174
0.08939103,0.0007661582
0.91757923,0.9991213
0.07249326,0.0007723121
0.06162237,0.0008044002
0.065641604,0.00081451016
0.0742367,0.0008035211
0.03994793,0.00081363105
0.05948053,0.0007687956
0.92550284,0.9990945
0.93984693,0.9991187
0.9354798,0.99911034
0.07111357,0.0007868177
0.05046895,0.0007692352
0.9455643,0.99914724
0.052149244,0.0007767077
0.061098922,0.0007534109
0.93189365,0.99914813
0.9371646,0.9991244
0.9407953,0.99913096
0.045841336,0.00075297133
0.9273933,0.9990945
0.95240706,0.99913317
0.0560469,0.0008149497
0.056450754,0.00081846624
0.943527,0.9991002
0.05704453,0.00081363105
0.9398076,0.99914813
0.9405014,0.9990563
0.05609345,0.0008083563
0.9238124,0.9991196
0.9382615,0.99910414
0.04653465,0.0007951694
0.06505501,0.00077407033
0.05716957,0.0008030815
0.9466647,0.99910814
0.9448772,0.99910414
0.083652385,0.00082769705
0.051807787,0.0008052793
0.053284544,0.000792532
0.04285118,0.0007731912
0.05412469,0.0007780264
0.95529246,0.99913406
0.041849095,0.0007960485
0.96232265,0.999062
0.023827918,0.0008615434
0.9225035,0.9991024
0.9325959,0.99908525
0.053152815,0.00080264197
0.05582504,0.0008044002
0.95870656,0.9991174
0.057441697,0.0007907738
0.046833765,0.0007960485
0.052346345,0.00073978445
0.057580855,0.0008149497
0.9482888,0.99908
0.8847833,0.99909186
0.93637544,0.9991024
0.04455227,0.0007876968
0.9465399,0.99908483
0.053837214,0.0007894551
0.9520587,0.99912834
0.93806165,0.9991235
0.047630083,0.0007934111
0.053824585,0.0007723121
0.068975694,0.00081363105
0.050968878,0.00074593833
0.9237839,0.9991112
0.95136833,0.9991196
0.9534881,0.9991398
0.06752494,0.0008105541
0.92133105,0.99913055
0.9637041,0.99908614
0.9335735,0.9991209
0.045393657,0.0007934111
0.08372592,0.00081363105
0.05753876,0.0007903342
0.059573386,0.0008052793
0.94494206,0.9991169
0.035415154,0.0007595648
0.924287,0.9991191
0.043425884,0.0007960485
0.05633091,0.00075648783
0.9288285,0.9991006
0.93397534,0.9991446
0.04593964,0.0007978068
0.057099745,0.0007876968
0.050619006,0.0007876968
0.024912456,0.0007828616
0.03873191,0.0006813226
0.07679131,0.00080747716
0.04704671,0.0007762682
0.93468523,0.9990945
0.04275684,0.0007894551
0.94322735,0.99912614
0.9473877,0.999149
0.055815134,0.0008035211
0.036442246,0.0008118728
0.95053786,0.99908394
0.96156967,0.9991182
0.037185825,0.000799565
0.946274,0.9991134
0.929815,0.99908924
0.062375855,0.0008008837
0.0481315,0.0007912133
0.07025436,0.0007894551
0.059227224,0.0008246201
0.04140884,0.00076000433
0.068544105,0.0008030815
0.0568452,0.0008052793
0.07850528,0.00081099366
0.06797089,0.0007815429
0.9206219,0.9990954
0.076551124,0.0007885759
0.058036212,0.0008101145
0.04750182,0.0007595648
0.03361551,0.00074198225
0.9219887,0.9990923
0.9357752,0.9990778
0.08634912,0.0007745099
0.05596197,0.0008052793
0.0807162,0.0007709934
0.04431506,0.00071253156
0.9523288,0.99909097
0.95552427,0.99915034
0.06814471,0.0007213228
0.9324265,0.9991398
0.06349729,0.00083077396
0.9182931,0.9991231
0.950367,0.9991428
0.93390524,0.9991037
0.93074524,0.999142
0.9229039,0.99909097
0.9404276,0.9991323
0.062756926,0.00076703733
0.89794534,0.99917233
0.046678513,0.0007978068
0.90028036,0.9990646
0.9348667,0.9990752
0.03433507,0.000747257
0.036522966,0.0007819825
0.8839598,0.9991367
0.9357938,0.999102
0.06890166,0.0008044002
0.97127706,0.99910814
0.92459434,0.9991002
0.949094,0.9990967
0.94442403,0.99915427
0.9222653,0.9991358
0.959356,0.9991209
0.9335242,0.9991235
0.040461972,0.00074901525
0.056416336,0.0007802242
0.050651442,0.0007876968
0.93168074,0.9990945
0.050388478,0.00075648783
0.041196886,0.0007547296
0.93005514,0.9991226
0.07115344,0.0007986859
0.9135149,0.9991222
0.9440269,0.9990857
0.07445361,0.0008175871
0.06722384,0.0007885759
0.9364143,0.9991015
0.048850313,0.0007934111
0.9187403,0.9991182
0.04240944,0.0007226415
0.08509744,0.00074198225
0.05320209,0.0007226415
0.044933595,0.0007934111
0.047957674,0.00074901525
0.04874062,0.0007978068
0.96059436,0.99911165
0.05466498,0.0007463779
0.040112346,0.0008149497
0.93074054,0.99910855
0.062335245,0.0007780264
0.87675005,0.99912393
0.91880196,0.9991191
0.92549986,0.999109
0.94421136,0.9991235
0.057628643,0.0007881364
0.93884313,0.9991244
0.06406828,0.000792532
0.027564626,0.0007837407
0.88548726,0.9991033
0.97499347,0.99912703
0.95023376,0.9991217
0.9506401,0.99912745
0.044557717,0.00075604825
0.07180194,0.000778466
0.08423773,0.000799565
0.050998595,0.0007903342
0.0519982,0.00081231236
0.05978435,0.0008008837
0.92546964,0.9991389
0.95451397,0.9991868
0.9557129,0.9991442
0.06416509,0.0007885759
0.047887105,0.00076220214
0.9666534,0.9991196
0.94015574,0.9990778
0.04126869,0.00080747716
0.0922866,0.0007916529
0.042436924,0.0007745099
0.09549515,0.0007934111
0.9175059,0.9990954
0.062513776,0.000799565
0.9413061,0.9991068
0.04551969,0.0007806638
0.04358287,0.0008079167
0.93539315,0.999149
0.9147478,0.9991156
0.045519937,0.0008233014
0.9498074,0.9991182
0.9685023,0.99911386
0.055101022,0.0007969276
0.046664648,0.000761323
0.93919027,0.99914944
0.03823025,0.00081099366
0.07387717,0.0007806638
0.08653953,0.0007912133
0.97297096,0.99913406
0.9288114,0.9991266
0.9536867,0.99913716
0.9392851,0.9991415
0.05296141,0.0007595648
0.052025933,0.00076220214
0.94499826,0.99912834
0.042680822,0.0007903342
0.92731977,0.9991169
0.039832048,0.0007894551
0.9485456,0.99910766
0.93546075,0.99915385
0.10179093,0.0007780264
0.05335313,0.0007876968
0.051661946,0.00073319103
0.9194091,0.99912703
0.053421225,0.0007679165
0.92170644,0.99912524
0.9046445,0.9991815
0.8919435,0.99911207
0.06841708,0.000775389
0.06256181,0.0007881364
0.93582255,0.99910945
0.054262858,0.0007978068
0.93511015,0.99909097
0.9478302,0.99909186
0.051635947,0.00081363105
0.0515837,0.0008175871
0.041256808,0.0007868177
0.07686361,0.00076088344
0.055560343,0.0007674769
0.9407616,0.9991156
0.922343,0.99908656
0.9274993,0.9990993
0.045710847,0.0008083563
0.060631428,0.0008052793
0.942903,0.999098
0.9365718,0.9991006
0.91383934,0.9991024
0.05047316,0.0008118728
0.9349443,0.99906904
0.96082807,0.9991385
0.9443275,0.9991428
0.92259586,0.99913627
0.9519626,0.99919957
0.05524885,0.00074110314
0.05538627,0.0007701143
0.94061553,0.99908924
0.052652143,0.0007819825
0.92828745,0.9990813
0.9308225,0.99909097
0.02433057,0.0007723121
0.040167563,0.00082505966
0.9581383,0.9992198
0.049637966,0.0007951694
0.9612906,0.99912524
0.9036791,0.9991024
0.93770885,0.9991006
0.92860043,0.99912876
0.92758054,0.99910855
0.06068417,0.00079560897
0.050415717,0.0007762682
0.912447,0.9991037
0.9333001,0.9991134
0.041596036,0.0007547296
0.9265438,0.9991244
0.9285831,0.9991187
0.04856779,0.00074110314
0.051299937,0.0008013233
0.9452533,0.9991222
0.9401629,0.99908656
0.9374127,0.9991222
0.9517333,0.9991398
0.9436255,0.99913144
0.0655225,0.0008008837
0.024212955,0.000775389
0.078603335,0.0007876968
0.044849653,0.00073407014
0.95601624,0.99913627
0.0631385,0.0007828616
0.9315334,0.9991011
0.064099975,0.000747257
0.96333736,0.99908924
0.049653813,0.00073890534
0.079110935,0.0007942903
0.9298264,0.99910945
0.06223546,0.0007903342
0.04559447,0.00081363105
0.9154899,0.9990901
0.93488777,0.9991147
0.050206732,0.0008118728
0.048700012,0.00081934535
0.932115,0.99909097
0.056558218,0.0008008837
0.06493938,0.000806598
0.91721255,0.9991156
0.027001308,0.0007894551
0.045895565,0.00082154316
0.93739235,0.9991217
0.042908378,0.0007652791
0.060513567,0.0007833012
0.062975325,0.0008030815
0.057329774,0.0007876968
0.9275808,0.9990901
0.96721894,0.9990936
0.968918,0.9991217
0.060390998,0.000785499
0.054269295,0.0007942903
0.95449543,0.99908483
0.9454187,0.99910724
0.055370424,0.0007793451
0.9432355,0.9991015
0.068144955,0.000799565
0.050258234,0.0007745099
0.049925197,0.0007819825
0.034401678,0.00074901525
0.055418957,0.0007819825
0.9775607,0.9991446
0.9399891,0.99915075
0.93257606,0.9990976
0.06885015,0.0008092354
0.0617853,0.0007692352
0.93383646,0.99911207
0.06965613,0.0007969276
0.9512926,0.9990901
0.040553592,0.0008017628
0.93242705,0.9990936
0.082874134,0.0007846199
0.9544144,0.99910766
0.058776572,0.000799565
0.04220095,0.0007736308
0.9329864,0.9991323
0.038956,0.00075297133
0.060658667,0.0007547296
0.932142,0.99911255
0.07304271,0.00080967497
0.9490049,0.99911207
0.050025728,0.000771433
0.93252754,0.99915826
0.9327977,0.99911207
0.05940278,0.0007942903
0.93824095,0.99912924
0.044380926,0.0007780264
0.05964544,0.0007986859
0.0679803,0.0008149497
0.9485619,0.999142
0.9574737,0.99910945
0.053022817,0.0007912133
0.05720696,0.0007811034
0.05018816,0.00080264197
0.051111504,0.000799565
0.97045946,0.9992048
0.040879942,0.0007969276
0.9410023,0.9991424
0.024586104,0.0007661582
0.92215437,0.99906945
0.9469064,0.9991231
0.95667243,0.999222
0.05978113,0.0007780264
0.9246755,0.99911386
0.04263353,0.0007639604
0.9444025,0.9990769
0.055385776,0.0007762682
0.95322615,0.99919343
0.056385137,0.0007811034
0.046673063,0.0007661582
0.91304743,0.99912614
0.044922944,0.000761323
0.055505127,0.0007969276
0.043347888,0.00080264197
0.9323111,0.9991398
0.93803936,0.999142
0.068428226,0.0007903342
0.9381644,0.9991187
0.059047457,0.0008008837
0.057755172,0.0008035211
0.09680799,0.0008057189
0.93854576,0.9991222
0.93918586,0.9991428
0.04516016,0.0007534109
0.92866653,0.9990936
0.95603335,0.9991802
0.06598999,0.000799565
0.061102636,0.0007969276
0.06945606,0.00083473005
0.06535958,0.0007811034
0.055325113,0.0007903342
0.058513112,0.0007920924
0.05423166,0.0007582461
0.93253547,0.9990954
0.024194384,0.000690993
0.06367235,0.00082549924
0.053992465,0.0007661582
0.070694864,0.00080264197
0.9438016,0.9991235
0.049188055,0.0007934111
0.061557744,0.0007912133
0.053868413,0.000775389
0.9391291,0.9991569
0.936209,0.9990743
0.9534418,0.9991134
0.9376977,0.99908656
0.9648263,0.9991178
0.93629277,0.9991209
0.9378836,0.9991231
0.93642,0.99913013
0.055427127,0.00080747716
0.05058632,0.0008017628
0.94850844,0.99913365
0.9461663,0.9991653
0.06548338,0.0007885759
0.9597455,0.99915427
0.9151219,0.99910593
0.95567924,0.9991789
0.09636576,0.0008083563
0.9405546,0.99910945
0.93268156,0.9991037
0.058760475,0.0007960485
0.9509682,0.9991112
0.8940601,0.9990576
0.90839654,0.99913275
0.06177614,0.00073143275
0.9309775,0.99915427
0.084481135,0.0008400048
0.9554321,0.9990734
0.9323934,0.9991407
0.9222353,0.9991134
0.059697933,0.0007969276
0.04912863,0.0007595648
0.9488234,0.99913275
0.9570775,0.9990844
0.048103023,0.0007850594
0.05046722,0.0008092354
0.9306264,0.9991402
0.028269576,0.00074066356
0.063400716,0.0007868177
0.048388023,0.00076220214
0.069348596,0.00075516914
0.04135387,0.00083077396
0.08729846,0.0007745099
0.07291272,0.00080264197
0.9496734,0.99913406
0.0685347,0.0007894551
0.02007561,0.0007762682
0.8851597,0.9990963
0.9287203,0.99911386
0.933466,0.99906284
0.056617398,0.0007806638
0.94136804,0.9990857
0.93488455,0.9991609
0.9713503,0.99913096
0.05581142,0.0008044002
0.04005614,0.00072923495
0.062404823,0.00081846624
0.95906955,0.9991428
0.952698,0.9991011
0.05431758,0.00081582885
0.9641114,0.99912703
0.9511688,0.9991112
0.05719235,0.0008175871
0.94947237,0.9991367
0.9205882,0.99918944
0.9629561,0.99908876
0.06140794,0.0007903342
0.91650087,0.9990945
0.96403366,0.9991354
0.07835374,0.00076352083
0.054079376,0.0007934111
0.062973835,0.00080396066
0.93924326,0.99913716
0.89585876,0.9990945
0.07362857,0.0007894551
0.06967272,0.0007811034
0.049777124,0.00080967497
0.93591684,0.99912614
0.9240929,0.99908
0.9648723,0.99913496
0.043148562,0.0008197849
0.06345544,0.0007903342
0.950807,0.99910593
0.9436879,0.99915606
0.065355115,0.0008013233
0.9321425,0.99913627
0.9189322,0.9991046
0.9357435,0.9990993
0.91771543,0.99913365
0.9259906,0.99914944
0.103486076,0.00074901525
0.9568106,0.99913496
0.043077495,0.0008233014
0.06405565,0.0007894551
0.9093996,0.9990879
0.049589187,0.0007745099
0.9521874,0.9991015
0.06415989,0.00077055383
0.92395175,0.9991011
0.93058354,0.99915737
0.9586276,0.9991187
0.95750785,0.9991367
0.9487258,0.99913055
0.927193,0.99908614
0.05866787,0.0007547296
0.072495,0.000785499
0.96484035,0.9991174
0.04700734,0.0008052793
0.05788418,0.0007986859
0.06041229,0.00075429
0.9547235,0.9991222
0.9361172,0.99910766
0.9256432,0.99910945
0.95583546,0.99911606
0.93696105,0.9991033
0.9286118,0.9991802
0.058171656,0.0008035211
0.07145404,0.0007978068
0.07930556,0.0008197849
0.04457307,0.00074330095
0.07063222,0.0007978068
0.06886377,0.0007912133
0.05092456,0.00080747716
0.91628003,0.9991134
0.05753232,0.00082022446
0.057922557,0.000775389
0.059976745,0.0007701143
0.95164216,0.9991877
0.9237586,0.9991231
0.060763653,0.0007595648
0.9675807,0.9991609
0.056388605,0.0008044002
0.04948247,0.0007652791
0.053771347,0.00080264197
0.9392938,0.99910414
0.052415676,0.0007604439
0.9365376,0.9990523
0.94852823,0.9991006
0.9321279,0.9991411
0.9683946,0.9991182
0.070599034,0.00084044435
0.053471737,0.0007890155
0.053263992,0.0007767077
0.07081495,0.0007973672
0.9627746,0.9991156
0.05396845,0.0007450592
0.05490541,0.00081846624
0.89956325,0.9990985
0.9354528,0.9991455
0.032844946,0.00076220214
0.050580624,0.0008013233
0.9464025,0.99913055
0.9120265,0.99910766
0.967527,0.9990901
0.04282815,0.00081363105
0.901117,0.99908745
0.07422283,0.0007868177
0.05286385,0.00082593877
0.051348962,0.0007767077
0.058995213,0.0007841803
0.9450438,0.9991428
0.05876592,0.00083077396
0.053733464,0.00080747716
0.07122871,0.0007802242
0.029534375,0.000771433
0.94237757,0.9991477
0.04460526,0.00080044416
0.04829294,0.00082593877
0.04460229,0.0007947298
0.06611083,0.000806598
0.068764485,0.0007916529
0.059574377,0.0008044002
0.94264597,0.99921143
0.9640084,0.99910855
0.93547535,0.9991376
0.93702817,0.99915475
0.044303916,0.0007960485
0.05429356,0.0008580269
0.03897358,0.00081934535
0.95059055,0.99913365
0.9436047,0.99914986
0.07295902,0.00081670796
0.06274628,0.0007841803
0.97516704,0.9991556
0.054407462,0.00080747716
0.048847094,0.0008035211
0.05223591,0.0007978068
0.065361306,0.0007709934
0.9315854,0.99907035
0.9302641,0.99910414
0.06850696,0.0007881364
0.03396737,0.00083912566
0.9479431,0.9991433
0.95588726,0.99907607
0.055238448,0.0007582461
0.9431417,0.999185
0.9728625,0.9991578
0.04462086,0.0008127519
0.95239544,0.9991653
0.03755204,0.0007674769
0.93090767,0.9990804
0.9370683,0.9990923
0.052341145,0.00072659756
0.055029217,0.0007912133
0.94028646,0.99910283
0.9562277,0.9990945
0.04714229,0.0007885759
0.051329155,0.0007876968
0.05558114,0.00071604806
0.05986829,0.0007837407
0.9456302,0.99910766
0.9209512,0.9990932
0.03626768,0.0007811034
0.049101144,0.00074198225
0.9351928,0.9991147
0.93338555,0.9991244
0.9369239,0.99910414
0.059524357,0.0008017628
0.92187357,0.9991024
0.09329834,0.0007938507
0.975739,0.99915075
0.04646284,0.000775389
0.074987955,0.0008114332
0.9711203,0.99915385
0.067607395,0.0007767077
0.9362105,0.99917275
0.059475083,0.00077055383
0.9215138,0.99908704
0.06059627,0.0007802242
0.9044598,0.9991222
0.9399569,0.9991024
0.93952084,0.99910414
0.92451215,0.99908924
0.051876128,0.0008013233
0.937619,0.99911207
0.052634563,0.0007881364
0.93801415,0.99913627
0.92072195,0.9990923
0.039927628,0.00073231186
0.10660747,0.0007837407
0.064810865,0.00081846624
0.053104036,0.0008035211
0.03762583,0.00082769705
0.9251017,0.9991323
0.060378864,0.0007876968
0.058495037,0.0007934111
0.05919528,0.0007982463
0.9113035,0.9991006
0.04755506,0.0007960485
0.07340522,0.0008044002
0.95158476,0.9991033
0.03239033,0.00074242183
0.9395431,0.9991068
0.03330179,0.0007745099
0.05833087,0.0007951694
0.93587255,0.9990857
0.9679618,0.99916923
0.04309681,0.00076000433
0.9228207,0.99908745
0.05902344,0.0007850594
0.9283479,0.9991174
0.92912835,0.9991428
0.057632852,0.00081099366
0.08207484,0.0008105541
0.9333642,0.9990769
0.92885697,0.9990857
0.9469626,0.99906814
0.060165673,0.00082022446
0.92669034,0.9991015
0.9407163,0.9990985
0.057735115,0.0007916529
0.0353842,0.0007692352
0.94582456,0.9991477
0.049971994,0.00076352083
0.07896088,0.0007802242
0.05243103,0.00074110314
0.06495869,0.0008057189
0.03579202,0.00081846624
0.04686521,0.0007868177
0.052264385,0.0007969276
0.94292575,0.9992035
0.085539676,0.0007679165
0.06382834,0.0008175871
0.92366105,0.99912614
0.05061405,0.0007802242
0.040084366,0.0007894551
0.9434423,0.9990857
0.027820408,0.0007780264
0.050773762,0.0008083563
0.09486745,0.0007868177
0.8832501,0.99908924
0.9380837,0.9991459
0.9065942,0.9991244
0.056194227,0.0008092354
0.06624107,0.0007920924
0.11010201,0.0008162684
0.9524338,0.9991015
0.92917985,0.99908745
0.94330364,0.9991112
0.91596234,0.9991156
0.9252364,0.9990835
0.05241716,0.00074593833
0.06100136,0.0007907738
0.9676936,0.9991257
0.9365859,0.9991323
0.94828504,0.99909055
0.9495912,0.9990813
0.056567132,0.00082418055
0.9243571,0.99910593
0.048008684,0.0008030815
0.93394685,0.9991657
0.038806938,0.0007582461
0.047476318,0.0007885759
0.92923534,0.9990734
0.053094625,0.00074901525
0.038709875,0.000799565
0.9247001,0.99912524
0.9460276,0.99913144
0.074307024,0.0007903342
0.06268017,0.0007485757
0.96113163,0.99911255
0.063383386,0.0008035211
0.06807587,0.0007723121
0.8842245,0.99911165
0.05509855,0.0007960485
0.061411157,0.0008030815
0.9367023,0.99912965
0.06883035,0.0007868177
0.92675793,0.9991534
0.03083409,0.0008246201
0.9320588,0.9990795
0.054922495,0.000799565
0.09108964,0.0007771473
0.053442024,0.00072835584
0.05352869,0.00080044416
0.05405016,0.00080967497
0.9360451,0.9990835
0.07247197,0.0007841803
0.058982585,0.000778466
0.91722196,0.999102
0.07037297,0.0007696747
0.931082,0.99916834
0.046287782,0.0008175871
0.9399344,0.99911034
0.045262422,0.0007665978
0.9480716,0.9990752
0.95307934,0.99907166
0.9328197,0.9991156
0.94280964,0.99909097
0.9395161,0.9990752
0.9249395,0.99911207
0.90110934,0.9991279
0.93856484,0.9990958
0.07204533,0.0007876968
0.038894594,0.000761323
0.95594466,0.9991468
0.943421,0.99906284
0.031692807,0.0007969276
0.041898616,0.000761323
0.9543976,0.99911034
0.06852801,0.0007947298
0.95351386,0.9991037
0.92683,0.99910414
0.935379,0.9991393
0.93222225,0.9990826
0.051404677,0.000771433
0.9228821,0.9991165
0.10450351,0.0007604439
0.9488573,0.999142
0.03907139,0.0008030815
0.9396308,0.9991006
0.93654877,0.99915606
0.9552412,0.9991407
0.9462393,0.999142
0.9315512,0.99908614
0.9049916,0.99910414
0.06923123,0.00082022446
0.061452016,0.0007894551
0.9181423,0.99909496
0.06412052,0.0007793451
0.95428616,0.9991455
0.93438363,0.99908304
0.9692147,0.99916744
0.92314607,0.99908876
0.052411217,0.0008092354
0.05703685,0.0007811034
0.93960726,0.99908745
0.05430446,0.0007912133
0.057278767,0.00076220214
0.0503345,0.0006193442
0.94664043,0.9991196
0.06657906,0.0007758286
0.061565917,0.00080264197
0.91464007,0.9991112
0.06290129,0.0007903342
0.933135,0.9990774
0.052264385,0.0008149497
0.91907406,0.9991231
0.9204198,0.9990795
0.051619604,0.0007534109
0.9442381,0.9990879
0.92453414,0.9990967
0.95771414,0.9991613
0.98994845,0.999138
0.043607138,0.0007696747
0.93876517,0.9990971
0.048997644,0.00081363105
0.93952876,0.9990901
0.9069703,0.99915165
0.93996483,0.9992681
0.9522404,1.0
0.93163246,0.9990778
0.95106894,0.99910414
0.9151259,0.9991055
0.9101197,0.99908704
0.9399861,0.99915165
0.9401555,0.999102
0.053070854,0.0007661582
0.048511334,0.0007811034
0.8995427,0.99909055
0.95321995,0.9991235
0.048661634,0.00080264197
0.050955262,0.00081099366
0.93889564,0.9991402
0.048184983,0.0008083563
0.058687925,0.000747257
0.05380973,0.00082989485
0.9457515,0.9990879
0.91147983,0.99911034
0.94393104,0.9991385
0.06211908,0.00084044435
0.046898145,0.00080264197
0.104786776,0.0007969276
0.051474504,0.0007806638
0.92177105,0.99908304
0.065565586,0.00083604874
0.92965454,0.9991182
0.026561799,0.0007661582
0.950573,0.9991323
0.90733355,0.99908
0.059383713,0.0007890155
0.05103598,0.00080264197
0.965998,0.9991402
0.92196095,0.9991147
0.06595409,0.0008030815
0.9782674,0.9991358
0.9113897,0.9990936
0.04114959,0.00080264197
0.06027165,0.0007903342
0.051241994,0.0008118728
0.055296388,0.0007604439
0.060128283,0.0008114332
0.036365982,0.0007547296
0.07141591,0.0007978068
0.9448492,0.99913317
0.93534166,0.99908304
0.9399869,0.99911165
0.95796794,0.99908614
0.9270338,0.99912965
0.06241225,0.00082022446
0.92337704,0.9991376
0.9284279,0.9991165
0.052429542,0.00080264197
0.93827164,0.9991604
0.9338483,0.99908656
0.06206733,0.000792532
0.034458134,0.0007771473
0.88222325,0.9991191
0.051699087,0.00081099366
0.04611792,0.0007868177
0.9558303,0.99910635
0.8969274,0.999098
0.95481086,0.9991182
0.04691622,0.0007846199
0.94637746,0.9991323
0.06859933,0.000761323
0.9344857,0.9990954
0.8970106,0.9991182
0.9402392,0.9990835
0.05811124,0.0007912133
0.922295,0.99907166
0.92912364,0.99910855
0.91808313,0.9991178
0.04012448,0.0007296745
0.052058123,0.0007771473
0.07748883,0.0007934111
0.02462498,0.0007894551
0.9398509,0.99910855
0.0487379,0.0008092354
0.046015903,0.0007687956
0.054999255,0.00082198274
0.9461779,0.9990985
0.929194,0.99908173
0.9537013,0.9990879
0.929685,0.9991635
0.9516258,0.9991182
0.06403758,0.0007828616
0.0606344,0.0008035211
0.9563869,0.9990936
0.053386807,0.00076703733
0.047526088,0.0007758286
0.05805602,0.00073978445
0.037751123,0.0007894551
0.054666463,0.000778466
0.057583082,0.0007969276
0.069894336,0.0007894551
0.05408334,0.0007811034
0.064830184,0.00081670796
0.95888406,0.9991182
0.9406331,0.9990835
0.05932602,0.00082637835
0.94194496,0.99902505
0.898712,0.99910945
0.060701504,0.0008052793
0.061261352,0.0008083563
0.056474525,0.0007745099
0.9298833,0.9990989
0.92610127,0.9992061
0.9321571,0.99910593
0.046423968,0.00080044416
0.9306403,0.9990985
0.9424667,0.99908614
0.055447433,0.0007679165
0.9336057,0.9991015
0.9415498,0.9990795
0.93562466,0.99913317
0.94180137,0.9991248
0.042532504,0.0008079167
0.07001616,0.00081846624
0.9354806,0.99910986
0.047589973,0.0007942903
0.95402473,0.99909186
0.9350151,0.99910766
0.046503946,0.00071516895
0.044982124,0.00075648783
0.06719512,0.0007780264
0.05491061,0.0008118728
0.9376675,0.9991033
0.046332352,0.00082286185
0.06472965,0.000785499
0.04761597,0.00081714755
0.95894897,0.9990967
0.9375276,0.99910593
0.048804257,0.0007978068
0.9501196,0.99908835
0.92874306,0.9990971
0.04880228,0.0007582461
0.9499822,0.9990782
0.046041902,0.0007828616
0.92901224,0.9990998
0.029183758,0.0007802242
0.045292135,0.00083473005
0.9366389,0.99911207
0.077782996,0.00077407033
0.048165172,0.0007942903
0.058172397,0.0007811034
0.9365537,0.9991178
0.07326012,0.00082418055
0.06327939,0.0007793451
0.04907168,0.0008052793
0.05475585,0.0008008837
0.062277306,0.000747257
0.94599444,0.9991191
0.049821198,0.0007819825
0.04706652,0.00076352083
0.9550798,0.99913406
0.045669496,0.000799565
0.06874591,0.00082769705
0.043665823,0.0007828616
0.07058418,0.00076703733
0.93760556,0.9991165
0.039681997,0.0007969276
0.9404098,0.9991389
0.05573392,0.0007973672
0.03132956,0.0007696747
0.04267909,0.0007595648
0.053294696,0.0007942903
0.93200904,0.9991182
0.9512497,0.99913186
0.04920316,0.0007978068
0.9369752,0.99915516
0.06336902,0.00075736694
0.035404753,0.0007674769
0.93729705,0.9990646
0.93125683,0.99910635
0.033457536,0.00081099366
0.0458817,0.000799565
0.9414354,0.9991204
0.049344793,0.0008101145
0.05832542,0.0007833012
0.023889573,0.0007723121
0.0591106,0.0007837407
0.9666997,0.999109
0.08024673,0.0008105541
0.06855748,0.00083780696
0.06522636,0.000775389
0.06768886,0.0007969276
0.9154552,0.99914986
0.07283472,0.0007828616
0.0537711,0.0007894551
0.042394582,0.0007762682
0.95657015,0.9991244
0.9592986,0.9991156
0.020809531,0.0007674769
0.9321173,0.9991437
0.9598352,0.99911165
0.056140497,0.000799565
0.92252207,0.9991235
0.96934694,0.9991639
0.9247917,0.99910945
0.9467179,0.9991174
0.9491995,0.99912524
0.061806098,0.0007824221
0.059743743,0.00082198274
0.93451464,0.9991578
0.053937495,0.0007507735
0.9489833,0.99911296
0.044262566,0.0007942903
0.05742684,0.0007951694
0.05683703,0.0007942903
0.060925346,0.000775389
0.03777489,0.00064483884
0.06422898,0.0007507735
0.9633433,0.9991455
0.94554126,0.99908656
0.9520304,0.9991046
0.06643099,0.0007679165
0.88588023,0.99910504
0.05564874,0.0007595648
0.9429124,0.99911034
0.064484514,0.0007771473
0.050036125,0.0008013233
0.9038752,0.99909496
0.94678354,0.9990936
0.068582736,0.0008118728
0.07380808,0.00080264197
0.9564184,0.99915075
0.059415407,0.000771433
0.9522949,0.9991178
0.93032825,0.99909496
0.018782087,0.0007639604
0.06261356,0.00080264197
0.9339169,0.9991182
0.053269688,0.0008175871
0.05663151,0.00076703733
0.9271504,0.99908835
0.9204686,0.99912965
0.9530615,0.99910855
0.91597074,0.9990901
0.060522977,0.00074549875
0.10425986,0.0007793451
0.053936258,0.0008092354
0.9438216,0.9991187
0.9471111,0.99911296
0.94051474,0.9991213
0.9290518,0.99915385
0.05123754,0.000785499
0.05103326,0.00075033394
0.9409216,0.99910593
0.06636636,0.0007960485
0.9382563,0.9990967
0.06500549,0.0007811034
0.0424914,0.0007837407
0.9582576,0.9991165
0.058861252,0.0007894551
0.9454101,0.9991165
0.94258606,0.9991815
0.9512844,0.99914986
0.049771182,0.0007692352
0.06175955,0.00081582885
0.9566105,0.99914634
0.9210914,0.9991112
0.95948625,0.9992264
0.07468859,0.0007723121
0.04858537,0.0007811034
0.92482656,0.9991147
0.039557945,0.0007652791
0.045196805,0.0007723121
0.062269133,0.0007916529
0.05489179,0.00082681794
0.9437867,0.99907607
0.08100591,0.00080396066
0.04897536,0.0007556087
0.93732727,0.999207
0.96809673,0.999142
0.055906504,0.0008052793
0.027211778,0.0007771473
0.9505314,0.999142
0.05155052,0.0007916529
0.044706535,0.0008052793
0.95275843,0.99911296
0.07355627,0.0007661582
0.9507803,0.99914813
0.9151796,0.99913317
0.11039592,0.00072571845
0.9579729,0.99908173
0.8938972,0.99912745
0.9290444,0.999138
0.065886244,0.0007978068
0.9384806,0.99912614
0.071633555,0.0007828616
0.06681503,0.0008118728
0.92357117,0.9990936
0.066063285,0.0007736308
0.06943947,0.00083473005
0.9387785,0.99921453
0.9325449,0.99908525
0.038282495,0.00074374053
0.056880113,0.0007934111
0.9614548,0.99917585
0.91179204,0.999138
0.054128405,0.000806598
0.8977723,0.9991112
0.06971556,0.00082505966
0.9662535,0.99911386
0.9503264,0.99911034
0.9381575,0.9990971
0.9420839,0.99910855
0.9524682,0.99914944
0.94904894,0.9991222
0.91031975,0.999102
0.061806593,0.0007978068
0.94367653,0.9991402
0.94789505,0.99910414
0.052745495,0.0007938507
0.9464785,0.9990813
0.07280303,0.0007912133
0.040507782,0.0007556087
0.96912503,0.99916965
0.93658143,0.99907386
0.06922405,0.00080615847
0.9332805,0.9990989
0.9512336,0.9990787
0.95287234,0.9991174
0.9310718,0.9990998
0.9243487,0.9991244
0.05891375,0.0007696747
0.92755973,0.9990321
0.0436215,0.000785499
0.92236704,0.99913496
0.94537216,0.99911034
0.92422044,0.9991178
0.08482284,0.0007960485
0.91615176,0.99908483
0.047920533,0.0007876968
0.060924355,0.0007837407
0.96041405,0.99911207
0.9282211,0.99909276
0.91688246,0.99910855
0.045039818,0.000747257
0.93775684,0.9990844
0.055137917,0.0007969276
0.9352721,0.9991006
0.93089503,0.9991033
0.05051278,0.0008052793
0.062239915,0.0007947298
0.07074959,0.0007771473
0.039113976,0.0007850594
0.9253864,0.9991046
0.06757347,0.0007894551
0.048292447,0.000775389
0.048957776,0.0007745099
0.91680694,0.9991182
0.93880105,0.9991244
0.060441263,0.0007534109
0.063067436,0.0007890155
0.060028248,0.0007947298
0.06321625,0.0008149497
0.06535784,0.00083912566
0.050400365,0.000778466
0.95657164,0.9991455
0.040508524,0.00073890534
0.038119815,0.0007868177
0.06622101,0.0007969276
0.9311573,0.9991015
0.048736412,0.0007912133
0.92397356,0.99911165
0.061867014,0.0007903342
0.04843012,0.0007692352
0.022857528,0.0007934111
0.88891965,0.99916613
0.06109669,0.0008013233
0.062398385,0.0008127519
0.06848344,0.00080044416
0.03666361,0.0008030815
0.94598746,0.9991231
0.9063991,0.9991209
0.9350681,0.9990835
0.9428485,0.99906945
0.05270414,0.0007793451
0.9506146,0.99913013
0.91941506,0.99908394
0.9409149,0.9991033
0.06311547,0.0007986859
0.043874063,0.0007687956
0.05744021,0.00080747716
0.060277347,0.0007771473
0.055207744,0.0007639604
0.9088341,0.9991024
0.06782752,0.00082154316
0.05930225,0.0008044002
0.9250581,0.99915254
0.93405086,0.99904394
0.9203042,0.9991415
0.0683168,0.0007582461
0.0480015,0.0007907738
0.052307718,0.00081846624
0.9429562,0.99913317
0.95907,0.99903035
0.044568863,0.00081099366
0.95624727,0.99913627
0.069095045,0.0007863781
0.9322889,0.9990993
0.926935,0.9991011
0.95248854,0.9992435
0.9502573,0.99911386
0.95180064,0.99908966
0.054688007,0.0008008837
0.04968823,0.00080967497
0.918872,0.9991534
0.9223772,0.9991446
0.049036767,0.0007850594
0.063700326,0.0007815429
0.9233689,0.9991156
0.05708761,0.00085714774
0.059967086,0.00080044416
0.059133627,0.0008162684
0.057927016,0.0008030815
0.04408825,0.0007903342
0.9608266,0.9991358
0.9446392,0.99904925
0.90008944,0.9991609
0.9122219,0.9991398
0.9372896,0.9991182
0.93019205,0.9990791
0.9303971,0.999138
0.95027786,0.99914813
0.06502059,0.0007868177
0.052472875,0.00082242227
0.92702466,0.99913716
0.03739852,0.00073802617
0.93263775,0.9991209
0.9221353,0.99911034
0.059239108,0.0007644
0.049966548,0.0007916529
0.06337596,0.0007986859
0.9643553,0.9991679
0.955186,0.9991833
0.9359996,0.9991437
0.03708554,0.0007876968
0.07089419,0.00073802617
0.058318242,0.0007978068
0.9290273,0.9991235
0.045811873,0.0008022024
0.051286813,0.0007687956
0.9335175,0.9990769
0.080383904,0.00080044416
0.06586767,0.0008013233
0.9408721,0.99913317
0.91136223,0.99907386
0.9538982,0.99910945
0.052727416,0.0008197849
0.06272622,0.000799565
0.90106255,0.99912703
0.04228093,0.0007507735
0.046151098,0.000771433
0.054381464,0.00080264197
0.92840457,0.99910283
0.9419323,0.99910283
0.94500643,0.999102
0.9463557,0.9991398
0.92724353,0.9991156
0.94015104,0.99912965
0.9289424,0.99910766
0.052411217,0.00074813614
0.05237878,0.0007934111
0.0542636,0.00082637835
0.052388437,0.0007986859
0.050953526,0.0008162684
0.06207971,0.0007969276
0.06430153,0.0008118728
0.029640106,0.00073978445
0.06516569,0.0007960485
0.95372754,0.99910724
0.94269174,0.9990844
0.9489326,0.9991279
0.89043087,0.99916965
0.9057439,0.9990967
0.9418422,0.99921536
0.05572872,0.0007969276
0.07587861,0.0007868177
0.06674793,0.0007841803
0.93860567,0.9991459
0.94292104,0.9991187
0.93996876,0.99912524
0.063590884,0.000806598
0.9496019,0.99911076
0.94603777,0.9991248
0.9374944,0.99912614
0.91823393,0.99908304
0.034507904,0.00081846624
0.047874972,0.0007687956
0.031599954,0.0007723121
0.9418187,0.9990936
0.07405619,0.00082154316
0.94850445,0.99910945
0.936192,0.9991182
0.042770952,0.0007973672
0.07135598,0.0008008837
0.03644398,0.00081363105
0.9311882,0.99910504
0.94408655,0.9991358
0.93067074,0.9991446
0.94563514,0.9991024
0.94695836,0.9991248
0.9217592,0.99907297
0.93165475,0.9991644
0.060899097,0.0007793451
0.9623026,0.99908876
0.05475065,0.00081451016
0.043457083,0.0008092354
0.05168423,0.00081934535
0.049584236,0.000771433
0.9448992,0.9991037
0.050161667,0.00081846624
0.06918864,0.000778466
0.056747146,0.0007938507
0.066119,0.00081099366
0.034560397,0.00075253175
0.04599857,0.00079560897
0.06615119,0.0007938507
0.93215567,0.9990734
0.9246723,0.9991165
0.9310065,0.99910504
0.05635171,0.0008118728
0.04079551,0.0007731912
0.051529225,0.00073670753
0.052411217,0.0007665978
0.94460505,0.9991235
0.04876142,0.0008048398
0.8859471,0.9991015
0.93602777,0.9990998
0.9275763,0.99913144
0.92513514,0.9991446
0.051516596,0.0007912133
0.07211442,0.00077055383
0.9272361,0.9991367
0.07055818,0.0007903342
0.93291533,0.999098
0.052586526,0.0007907738
0.9386173,0.9991015
0.92620355,0.99913496
0.9450055,0.99912614
0.9515372,0.99910635
0.05285023,0.0007837407
0.93724775,0.9990787
0.90885985,0.9990734
0.943087,0.9990976
0.94424254,0.999102
0.05746745,0.0007912133
0.95334774,0.9991257
0.9670525,0.99915427
0.06398731,0.0008149497
0.04578265,0.0008044002
0.05786957,0.0007903342
0.933102,0.9991156
0.05561135,0.0007811034
0.07777309,0.0007920924
0.059604585,0.00080615847
0.052310936,0.0007894551
0.08884455,0.0007960485
0.047769986,0.00077407033
0.90065104,0.99908745
0.06193981,0.00081670796
0.06850077,0.00081714755
0.047114063,0.0007828616
0.9436077,0.9991815
0.9390561,0.9991024
0.031674236,0.00071516895
0.929993,0.99912524
0.92822826,0.9991367
0.06845745,0.0008149497
0.060372923,0.0007837407
0.0726406,0.00076352083
0.9361328,0.99908394
0.9204714,0.9991169
0.96385044,0.99907166
0.045236424,0.0007687956
0.9488717,0.9991182
0.92989844,0.99912
0.9225976,0.9991174
0.9411291,0.9990998
0.9425954,0.99913186
0.9413462,0.9991323
0.03848405,0.00081846624
0.058645833,0.0007938507
0.953895,0.999102
0.043433808,0.0007982463
0.07973541,0.00071604806
0.057873283,0.0007903342
0.043463275,0.0007793451
0.94905883,0.99915254
0.93247455,0.99911517
0.05596172,0.0007978068
0.050795056,0.00082593877
0.10106493,0.0007934111
0.06630322,0.000775389
0.92387676,0.99908656
0.05635889,0.00081582885
0.95350474,0.9991235
0.9337304,0.99914813
0.92702436,0.9991604
0.0661294,0.0007969276
0.9441163,0.9991631
0.04749786,0.0007630813
0.9506096,0.9991196
0.9297147,0.99912965
0.928545,0.99911255
0.9406408,0.9990923
0.9554098,0.9990954
0.9269907,0.9990901
0.93203384,0.99912524
0.026758403,0.0007837407
0.06622547,0.00081099366
0.9287772,0.9991165
0.05570668,0.0007951694
0.94169414,0.99909055
0.9063701,0.9991033
0.05902418,0.0008044002
0.9547314,0.99911034
0.9608781,0.999142
0.056390088,0.0007780264
0.89696336,0.99912
0.9468578,0.99910945
0.91537374,0.99910814
0.0522681,0.000771433
0.9302493,0.99908835
0.9421015,0.99914724
0.08707883,0.0008044002
0.056653798,0.0008030815
0.04319511,0.00081099366
0.9427784,0.999138
0.049949463,0.0007837407
0.047625378,0.0007969276
0.027376689,0.0007951694
0.94474894,0.9991437
0.04040973,0.00073363056
0.07177321,0.0007824221
0.93733096,0.9991112
0.9401701,0.9992264
0.9323255,0.9991231
0.050295625,0.0008013233
0.044398505,0.00072879536
0.045196805,0.0007837407
0.051852357,0.0007802242
0.05518719,0.0007912133
0.04523741,0.0007556087
0.9153421,0.99908924
0.049727354,0.00077055383
0.9312702,0.9991178
0.8891554,0.9991037
0.9394312,0.99909055
0.070396736,0.0007850594
0.039462615,0.0007696747
0.9094026,0.9991055
0.9341051,0.9991231
0.9589423,0.9991569
0.93781656,0.99913013
0.07820195,0.0008127519
0.92199713,0.99909097
0.04226013,0.0007951694
0.06653152,0.0007828616
0.95238626,0.99913096
0.94924533,0.9991248
0.95380807,0.9991266
0.065923885,0.0008637412
0.066789284,0.0007771473
0.941112,0.99904484
0.93511957,0.9991653
0.9602041,0.99911034
0.9535545,0.9990857
0.045194823,0.000792532
0.049530502,0.0007604439
0.0684307,0.00081714755
0.9567551,0.9990734
0.93375003,0.9991424
0.062728204,0.0007802242
0.931912,0.99914503
0.93928635,0.9991002
0.95352775,0.99915123
0.05234585,0.0007903342
0.95474994,0.9991455
0.9416231,0.99913275
0.9163273,0.9991213
0.93362695,0.9991112
0.9463802,0.99916
0.9107689,0.9991231
0.06358791,0.0007723121
0.06359955,0.0008118728
0.9248771,0.99908304
0.9629486,0.9991235
0.9245933,0.99911207
0.039306123,0.0007802242
0.9331827,0.9990971
0.94998246,0.99908924
0.9437946,0.9991415
0.9417944,0.9991187
0.94753975,0.99912614
0.051005032,0.0008105541
0.92176014,0.9991437
0.9526482,0.99907255
0.05819394,0.0007687956
0.04711035,0.0007736308
0.041469257,0.0007626417
0.937409,0.9990857
0.08114927,0.00075648783
0.05434457,0.0007661582
0.94037014,0.9990976
0.95383626,0.99913055
0.050774753,0.0007969276
0.051734246,0.0008400048
0.05009159,0.0007863781
0.07466754,0.00081582885
0.03523935,0.0007595648
0.038617764,0.00080747716
0.06305481,0.00084176305
0.03165096,0.0007696747
0.94077796,0.9991134
0.92399657,0.9990804
0.94412863,0.9990752
0.9863118,0.9991556
0.92973596,0.9990813
0.07916095,0.0007920924
0.9269714,0.99910414
0.05191525,0.00082154316
0.052847758,0.0007806638
0.07900892,0.00080615847
0.06063242,0.000775389
0.06631684,0.0007903342
0.0706285,0.00073802617
0.058716647,0.0008008837
0.95669544,0.9991446
0.93488604,0.9991024
0.03138156,0.000799565
0.061721664,0.00082945527
0.043179017,0.0007833012
0.08665665,0.00083473005
0.9450201,0.9990936
0.94774055,0.9990989
0.9487221,0.9991534
0.93785244,0.9991534
0.94553113,0.99909097
0.045226023,0.0007876968
0.94380426,0.99911076
0.9259433,0.9990835
0.93041813,0.99910945
0.94967043,0.9991446
0.92673,0.9991156
0.90344113,0.99913496
0.9395337,0.99912703
0.9576126,0.9990963
0.04752782,0.0008017628
0.043407068,0.000799565
0.96803457,0.9991534
0.891945,0.99910283
0.95127994,0.9991402
0.07931571,0.0007876968
0.9423847,0.99910593
0.95990896,0.99910945
0.054477535,0.0007819825
0.04397608,0.0007978068
0.91611636,0.99909097
0.06641588,0.0008044002
0.93783164,0.9991182
0.04749588,0.000799565
0.06235332,0.0008118728
0.04482712,0.0007802242
0.91158855,0.99910855
0.9379178,0.9991112
0.04599956,0.0007652791
0.93555063,0.99915427
0.067288965,0.0007960485
0.041991968,0.000778466
0.9378844,0.9991428
0.06563492,0.0008052793
0.039279874,0.00077055383
0.049586218,0.0008052793
0.91686416,0.99914813
0.0844128,0.0008052793
0.05179318,0.000799565
0.070993975,0.00074901525
0.945911,0.9991424
0.9518965,0.9991217
0.936006,0.9991174
0.9486226,0.9991323
0.92669976,0.99914855
0.9518427,0.99912524
0.051616386,0.00081099366
0.04163689,0.00081363105
0.9183904,0.9990985
0.051575776,0.00083560916
0.92641157,0.99908483
0.054525573,0.00081319147
0.041059215,0.0007986859
0.9231079,0.9990835
0.047561496,0.00082418055
0.9540643,0.9991358
0.925406,0.99909097
0.91964877,0.9991257
0.05705765,0.0007793451
0.9216792,0.9990993
0.9333541,0.999102
0.019653432,0.0007534109
0.95382464,0.9990954
0.08522768,0.00070417987
0.93831897,0.9990998
0.05628733,0.0008118728
0.8976772,0.9991182
0.046963017,0.0007819825
0.034017384,0.00076220214
0.048860963,0.0007982463
0.9367642,0.9991657
0.9627768,0.9991393
0.92021185,0.9991226
0.9267515,0.9990624
0.95718545,0.9991323
0.052869298,0.0008030815
0.048551943,0.00082593877
0.033036347,0.0007661582
0.08008034,0.0007894551
0.9431432,0.99913186
0.04784427,0.0008044002
0.06308625,0.0008127519
0.9191803,0.9991011
0.052148007,0.0007837407
0.9153366,0.9991213
0.93523914,0.9991024
0.934558,0.99908304
0.051826853,0.00080615847
0.05168225,0.0007837407
0.9490601,0.9991565
0.052186385,0.000761323
0.9575631,0.99914813
0.9282882,0.9991037
0.9271977,0.99913317
0.91756487,0.99910945
0.90221447,0.99913716
0.9024056,0.9991112
0.05775839,0.0007828616
0.07000997,0.0007973672
0.92950124,0.9990989
0.95561856,0.99912
0.890205,0.9990971
0.932895,0.9991244
0.9177226,0.9990976
0.9369051,0.99917537
0.02183192,0.00070769637
0.93910414,0.99910855
0.05578022,0.0007894551
0.057235435,0.0007811034
0.060186718,0.0008118728
0.02685398,0.00075033394
0.94297975,0.9991006
0.88257486,0.99910814
0.91418594,0.9991217
0.9423161,0.9991006
0.94296587,0.99906945
0.9359783,0.99912393
0.93608576,0.9990936
0.93442994,0.99913365
0.91553646,0.9991006
0.037698876,0.00075429
0.054576088,0.0008052793
0.056425992,0.000719125
0.041512344,0.0008149497
0.08513508,0.0008052793
0.9247308,0.99910766
0.97015613,0.99915427
0.09987218,0.00081099366
0.060172852,0.0008083563
0.9416471,0.99907255
0.9405779,0.99917364
0.051578004,0.0007907738
0.05391868,0.0007547296
0.9352221,0.9991156
0.91928726,0.99910504
0.93029684,0.99910414
0.95482427,0.9991235
0.047863334,0.0007890155
0.032555982,0.0007762682
0.057782657,0.00076220214
0.037449036,0.0007556087
0.9530845,0.999149
0.0369496,0.0007793451
0.06938574,0.0007841803
0.94319093,0.9991679
0.93580794,0.999102
0.9333578,0.9991226
0.9384782,0.99908924
0.05208858,0.0007630813
0.046746604,0.0007960485
0.0612049,0.0007863781
0.06893038,0.0008127519
0.9283325,0.9990936
0.93097055,0.9991217
0.9284058,0.9991437
0.9473464,0.99913627
0.06773442,0.0008057189
0.963844,0.9991156
0.08942941,0.0008246201
0.9320868,0.999062
0.05464616,0.0007556087
0.07554781,0.0008092354
0.074470446,0.00081582885
0.93948567,0.99912965
0.057991147,0.0007868177
0.06328607,0.0007630813
0.9304825,0.99916613
0.058037944,0.0007696747
0.96378976,0.9991398
0.066910364,0.0008580269
0.92817307,0.9991618
0.95204926,0.9991393
0.93889195,0.99912
0.9377274,0.99912876
0.9357544,0.99913496
0.95712924,0.9991015
0.9443738,0.99909097
0.062166374,0.0007907738
0.93986875,0.9990826
0.9413455,0.9991385
0.935875,0.9991402
0.037172947,0.0007894551
0.9388798,0.9991248
0.93978703,0.9991323
0.06782851,0.0008118728
0.9353471,0.9991191
0.047995806,0.0007661582
0.058283824,0.00075033394
0.95707256,0.99913186
0.9183087,0.99910814
0.9226176,0.99913144
0.95136636,0.9991248
0.9562312,0.99911255
0.05792974,0.0007758286
0.9576359,0.99911207
0.03668119,0.0007824221
0.9227484,0.9990998
0.047653113,0.0007986859
0.9234657,0.99908835
0.94569206,0.9990787
0.047107622,0.0007819825
0.05660155,0.0007960485
0.93129593,0.99912965
0.93572867,0.99908924
0.058760725,0.0007771473
0.9270563,0.99911165
0.041742127,0.0008035211
0.94512826,0.999142
0.08190325,0.00073670753
0.9287755,0.99912876
0.93953896,0.99908656
0.95778865,0.9991877
0.9629241,0.99916923
0.8482901,0.99912
0.049199447,0.0008013233
0.074877515,0.0007846199
0.9254486,0.99917054
0.9289156,0.99913055
0.9258955,0.9990976
0.06779533,0.000785499
0.049114514,0.000775389
0.9522681,0.99916923
0.9283939,0.99910504
0.05225621,0.00081231236
0.052337676,0.0007881364
0.95154214,0.99910414
0.062884204,0.0007969276
0.95044744,0.999142
0.9269543,0.999138
0.92921895,0.9991024
0.054458965,0.0007916529
0.93801713,0.9991024
0.9148129,0.9991477
0.058820646,0.0008022024
0.07153575,0.0008092354
0.92173564,0.9991147
0.95081764,0.9990985
0.93522555,0.99910283
0.04699793,0.0007837407
0.049038004,0.0007811034
0.9490955,0.99912745
0.9278462,0.9991358
0.058671337,0.0007687956
0.9201643,0.99908966
0.938055,0.9991235
0.92969364,0.9991182
0.9531212,0.99910414
0.05234263,0.0008035211
0.9520366,0.9990611
0.027885035,0.0007582461
0.94914305,0.9991204
0.046034724,0.0007824221
0.9114662,0.9990826
0.945416,0.99908304
0.9334942,0.9991174
0.07183487,0.0008092354
0.928284,0.99911076
0.0571302,0.0008118728
0.9504356,0.999142
0.04023863,0.00081714755
0.91939867,0.99911255
0.97017837,0.99911207
0.9238901,0.9991587
0.05233545,0.0007793451
0.070284076,0.0007679165
0.04447477,0.0007595648
0.94475263,0.9991367
0.93645567,0.9990971
0.909205,0.9991174
0.9517665,0.99913055
0.94330186,0.99909145
0.058293726,0.0008013233
0.049035776,0.0008118728
0.061232135,0.0007819825
0.9507874,0.99912965
0.044048134,0.0007903342
0.058938015,0.0007876968
0.9285259,0.9990985
0.95406085,0.9991437
0.047758594,0.0008101145
0.0480587,0.000761323
0.88607067,0.9990813
0.94995,0.9991385
0.03674062,0.0007582461
0.059228957,0.0007661582
0.95038503,0.9990945
0.045952514,0.0007811034
0.92807627,0.9991182
0.95574236,0.999138
0.94171715,0.9991248
0.9359114,0.99908924
0.05810381,0.0007960485
0.94627696,0.99916
0.043121573,0.00073626795
0.9480231,0.9990976
0.04448839,0.000799565
0.073656544,0.0007885759
0.91104573,0.9991217
0.066667214,0.0007986859
0.96857387,0.99912393
0.9320712,0.9991147
0.95895267,0.99913496
0.05837123,0.000785499
0.8828477,0.99915606
0.9171905,0.99910635
0.041419983,0.00073187234
0.95599496,0.99915165
0.9068668,0.9991358
0.9598153,0.9990967
0.94590205,0.9990998
0.051902127,0.0007912133
0.072632916,0.0008052793
0.04274421,0.0007793451
0.9412593,0.99913317
0.05929284,0.000771433
0.9181319,0.99910766
0.92731065,0.99913406
0.051008992,0.0007885759
0.9271539,0.9990787
0.06426439,0.0007846199
0.053757977,0.0007868177
0.9635256,0.999109
0.92551,0.9991165
0.9453969,0.9990976
0.9450941,0.99913055
0.06443747,0.00083077396
0.059158884,0.0008048398
0.048339985,0.0007951694
0.07490327,0.0007876968
0.9360902,0.99909097
0.06093649,0.0007982463
0.9346996,0.99911076
0.060136702,0.000775389
0.04342143,0.00075604825
0.95156986,0.99908745
0.053276125,0.0007547296
0.058830056,0.00076220214
0.042241808,0.00082505966
0.08168659,0.0008175871
0.064415924,0.0007876968
0.060766872,0.00082769705
0.05307061,0.0007828616
0.04106441,0.00076703733
0.066621155,0.000792532
0.045470912,0.0007771473
0.9030293,0.9990835
0.02039602,0.00079560897
0.08267679,0.00081934535
0.060957287,0.0007811034
0.9273109,0.99910945
0.039318997,0.0007604439
0.020770408,0.000747257
0.05419551,0.00082242227
0.047414415,0.00075736694
0.040519666,0.00081099366
0.9603061,0.99906594
0.9050885,0.99914986
0.92487043,0.99912876
0.97084475,0.9991279
0.076354526,0.0007986859
0.056874912,0.00073099317
0.91729003,0.9990998
0.06575303,0.0007969276
0.9310441,0.99913716
0.05800303,0.00071253156
0.92890155,0.99915165
0.9171853,0.9991222
0.9446432,0.99910945
0.9355435,0.9990857
0.06937534,0.0007960485
0.050984725,0.00081890577
0.055704452,0.00082022446
0.06005623,0.0007903342
0.9714479,0.99919605
0.07065846,0.00080396066
0.08715584,0.0008149497
0.0544243,0.0007938507
0.9391321,0.9991169
0.9472258,0.9990985
0.9303364,0.99911076
0.058269463,0.0007811034
0.9325152,0.999109
0.022050314,0.00075297133
0.055774033,0.0007920924
0.06878999,0.0007868177
0.04145267,0.000785499
0.05348808,0.0007793451
0.055752736,0.0007876968
0.93545777,0.99913716
0.054852173,0.0007960485
0.05862429,0.0007582461
0.9361281,0.99913144
0.048058204,0.00083780696
0.9357886,0.99910724
0.035389155,0.0007876968
0.058190227,0.0007226415
0.92766523,0.9990923
0.05423042,0.0007876968
0.087352194,0.0008127519
0.05740802,0.000761323
0.053241707,0.0008083563
0.06788645,0.0008083563
0.063798875,0.0007595648
0.04644427,0.0007819825
0.07487529,0.00076220214
0.05339993,0.00082198274
0.046320464,0.00076220214
0.06048732,0.00084088393
0.060966447,0.0007951694
0.95259994,0.99908745
0.9380612,0.9990998
0.063372985,0.0008092354
0.04870175,0.000785499
0.049413633,0.0007978068
0.039491583,0.0008030815
0.9169151,0.9990958
0.939867,0.9991068
0.049923215,0.0008101145
0.92658687,0.99908835
0.94862777,0.9991222
0.95600486,0.9990813
0.040510505,0.00076703733
0.034438573,0.000771433
0.049671393,0.00083077396
0.058349937,0.00081451016
0.07121782,0.0008008837
0.8910942,0.99911207
0.93661565,0.9990782
0.9260486,0.9991648
0.93212396,0.9990963
0.05399395,0.0007846199
0.93877083,0.9990857
0.057899036,0.00081670796
0.050982002,0.0007793451
0.9488593,0.9991068
0.057071764,0.0008035211
0.055596743,0.0007771473
0.9361214,0.9991257
0.96619356,0.99909496
0.9444991,0.9991266
0.9459355,0.9990795
0.06604917,0.0008035211
0.07001665,0.0007771473
0.06652186,0.0007986859
0.05530852,0.0007780264
0.92071646,0.99911517
0.9500887,0.9991165
0.9400059,0.9991046
0.050365943,0.0008092354
0.039888754,0.00080615847
0.04098617,0.0007969276
0.92628354,0.9990993
0.96496964,0.99911207
0.04539019,0.0007604439
0.059080143,0.0008149497
0.9513998,0.9991745
0.94761896,0.999167
0.058976147,0.0007736308
0.9362336,0.99909186
0.0597066,0.0008008837
0.07008351,0.0007811034
0.027856313,0.00083209266
0.93038225,0.9990787
0.9769667,0.9991037
0.95059776,0.99909496
0.93081135,0.9990857
0.943104,0.99907076
0.9528736,0.9991213
0.9282815,0.9991358
0.067597486,0.00082198274
0.05564428,0.0007811034
0.91137135,0.9990971
0.06172835,0.00072747667
0.07479234,0.0007876968
0.058522273,0.00073802617
0.9343728,0.99906945
0.964151,0.9990835
0.90992707,0.99910814
0.050932728,0.0007960485
0.92463964,0.99908924
0.055083692,0.0007762682
0.9253847,0.9991446
0.9388466,0.9991266
0.890361,0.9991442
0.055968903,0.0008017628
0.06325389,0.0007745099
0.060228813,0.00074330095
0.054450054,0.0008048398
0.9223185,0.99914813
0.06451522,0.0008035211
0.94263905,0.99908304
0.9188936,0.9990835
0.053197138,0.0007630813
0.92909145,0.9990923
0.103755474,0.0007644
0.92711973,0.99909097
0.052463215,0.0007903342
0.06329202,0.0007986859
0.08785732,0.0007912133
0.0534445,0.0008197849
0.9293262,0.9990765
0.05358985,0.0007960485
0.07135995,0.0007762682
0.06550814,0.0007863781
0.038909946,0.00073363056
0.9230906,0.99910986
0.05094288,0.00081538927
0.058624785,0.0007863781
0.04119218,0.0007679165
0.94018245,0.99913716
0.051731028,0.0007868177
0.05313969,0.0007687956
0.066103645,0.0007709934
0.94621253,0.99911034
0.92515594,0.9991033
0.98242575,0.99910504
0.9676166,0.9991266
0.86190844,0.99926156
0.040285427,0.00072923495
0.0621275,0.000761323
0.059227224,0.0007894551
0.9351604,0.9991156
0.061633762,0.0007556087
0.94137746,0.9990998
0.058591604,0.00082418055
0.08948314,0.000785499
0.94749075,0.99909186
0.94466895,0.9991187
0.959254,0.9990835
0.090124205,0.0007986859
0.958916,0.99914813
0.9224572,0.9991015
0.05727159,0.0007696747
0.05703289,0.0007868177
0.049540903,0.0007802242
0.9336034,0.99909407
0.070492566,0.0007863781
0.9175944,0.9991182
0.9444085,0.9991156
0.91838694,0.99906814
0.04976623,0.0007819825
0.048805248,0.0007912133
0.94090474,0.9991068
0.06723102,0.0007793451
0.92376703,0.9991279
0.95390785,0.999142
0.047535993,0.0007868177
0.93074673,0.9991596
0.061472815,0.0007639604
0.94284654,0.9991534
0.051598307,0.0007868177
0.0532219,0.0007661582
0.02947693,0.0007507735
0.9366015,0.9991393
0.050133437,0.0007973672
0.064906195,0.00081890577
0.047984663,0.0007731912
0.95455784,0.99908924
0.9276872,0.99908394
0.94566214,0.99908745
0.8948641,0.99908924
0.9489566,0.999229
0.9426915,0.99913317
0.030735789,0.0008092354
0.04560363,0.0007687956
0.9487226,0.99913365
0.9399668,0.9990857
0.9408215,0.99912614
0.066470854,0.00082242227
0.9600283,0.9990189
0.9226946,0.9990976
0.9291469,0.99910724
0.9419997,0.99913317
0.057604626,0.00080615847
0.9518274,0.9990791
0.92105746,0.9990826
0.05585129,0.0008114332
0.049901426,0.0007960485
0.04695237,0.0007507735
0.05961424,0.0007912133
0.9522533,0.9991459
0.063051336,0.000799565
0.9325627,0.9991191
0.047731604,0.00082945527
0.9325048,0.99911606
0.93279475,0.999102
0.9286232,0.99911165
0.035332944,0.0007507735
0.045044772,0.0007894551
0.94363767,0.9991437
0.942072,0.9991217
0.93531096,0.99913317
0.95985645,0.99913365
0.072121106,0.0007978068
0.0712089,0.0007771473
0.04804211,0.0007894551
0.94130415,0.99911386
0.039059997,0.00077055383
0.06101572,0.0007942903
0.07999466,0.0007520922
0.9272777,0.9991147
0.043106467,0.000771433
0.057631366,0.000799565
0.9464426,0.99912614
0.048814658,0.0008101145
0.056132324,0.000778466
0.9214192,0.9990989
0.93215066,0.9991156
0.04806192,0.0007824221
0.9256338,0.999102
0.058028042,0.00079560897
0.05543109,0.0007903342
0.92597723,0.9991011
0.92123497,0.9990826
0.9400099,0.9990945
0.06177267,0.0007815429
0.94856435,0.99915034
0.93773335,0.99908745
0.048798315,0.00080747716
0.040535018,0.0007815429
0.94229436,0.9990844
0.069204986,0.00083912566
0.055768833,0.0007828616
0.063968986,0.0007767077
0.92376035,0.9991191
0.9478503,0.9991222
0.05903285,0.0007894551
0.953008,0.99911034
0.048448935,0.000761323
0.057537768,0.0007811034
0.9271009,0.9991006
0.08266342,0.00076703733
0.048652224,0.0007841803
0.94436264,0.9991196
0.053769615,0.0008035211
0.92322254,0.99911034
0.93645763,0.99908656
0.95105237,0.9991196
0.048921626,0.0007951694
0.06153026,0.0007934111
0.066726886,0.0007938507
0.08496274,0.00079560897
0.024260743,0.0007248393
0.93598,0.99910945
0.060864184,0.0007498944
0.05344029,0.000799565
0.060458843,0.00079560897
0.086543,0.0007938507
0.9361105,0.99910593
0.10918758,0.00081363105
0.97119385,0.9991165
0.037404466,0.0007463779
0.05243796,0.0007938507
0.9645752,0.9991112
0.044106323,0.0007960485
0.9569336,0.99910414
0.07816531,0.00080615847
0.037293535,0.00075297133
0.9502125,0.9991169
0.053807005,0.0007819825
0.09208182,0.0008175871
0.09134939,0.0007762682
0.089135,0.0007863781
0.06179149,0.00081099366
0.9486656,0.99915427
0.92451537,0.999149
0.93176985,0.9991011
0.05672684,0.00080747716
0.92553943,0.9990901
0.96157956,0.99908656
0.031710386,0.00073978445
0.9312256,0.99910945
0.9482078,0.9991609
0.050195094,0.0007828616
0.9361575,0.99906987
0.050682392,0.0007604439
0.93333155,0.99906856
0.052217584,0.00082154316
0.038673475,0.000775389
0.9019646,0.99914944
0.049606767,0.0007815429
0.042972755,0.00083077396
0.8791499,0.99908394
0.9247471,0.9991446
0.10054742,0.0007819825
0.06805409,0.000775389
0.060010172,0.0007644
0.037714723,0.00075604825
0.05671768,0.0007890155
0.9285447,0.99912703
0.9087031,0.9991174
0.93302524,0.99907035
0.05024709,0.0007811034
0.92476046,0.99908483
0.051805314,0.0008092354
0.06591843,0.0008030815
0.041247398,0.0007793451
0.9300287,0.9990936
0.050715573,0.00082154316
0.05974993,0.00083077396
0.93262637,0.9990901
0.0700689,0.00075033394
0.09055703,0.00079560897
0.048481125,0.0007982463
0.05146559,0.00082857616
0.94940627,0.9990985
0.925794,0.9991209
0.052061096,0.0007934111
0.057015307,0.000792532
0.055963453,0.0007876968
0.03584996,0.00082637835
0.06611182,0.0007934111
0.96026945,0.99912614
0.046521526,0.00075385044
0.9125084,0.9990747
0.9513366,0.99910945
0.9059346,0.99916834
0.055846334,0.0008233014
0.9510764,0.9990655
0.098634124,0.0007894551
0.92404836,0.9991006
0.04506953,0.0007894551
0.925644,0.9990954
0.92932767,0.9990971
0.067157485,0.0007947298
0.06819869,0.00081890577
0.055961475,0.0007793451
0.89274454,0.99915427
0.94119024,0.9991556
0.045721244,0.0007802242
0.9427893,0.99914813
0.9410692,0.9991213
0.95097166,0.99913144
0.057415944,0.00082198274
0.07170338,0.0007986859
0.06082754,0.0007771473
0.011128658,0.0007846199
0.048575714,0.0007802242
0.92270035,0.9990945
0.050078962,0.00081890577
0.9310357,0.99911034
0.90205,0.9991446
0.01706911,0.0007833012
0.9248239,0.9990967
0.8924048,0.9991358
0.93272096,0.9990769
0.9304719,0.99910504
0.071843535,0.0007771473
0.9277103,0.9991534
0.93919003,0.9991455
0.05984873,0.0008052793
0.94531494,0.999102
0.92294055,0.9991244
0.042075906,0.0007811034
0.049036518,0.00080615847
0.06313231,0.0007819825
0.92173666,0.9990945
0.0477477,0.0007736308
0.9451047,0.9991217
0.050293393,0.00083253224
0.04470703,0.0007885759
0.049932625,0.00082681794
0.049869485,0.0007819825
0.051801596,0.00076703733
0.053149346,0.0007868177
0.9392356,0.99917585
0.93175995,0.9991411
0.04346872,0.0007868177
0.94526076,0.9991037
0.97134614,0.99910855
0.067356065,0.0007876968
0.9541851,0.9990998
0.044044916,0.0008083563
0.9417023,0.99916744
0.94096965,0.99915254
0.9669203,0.9990787
0.9428314,0.99906904
0.953296,0.99906373
0.9572788,0.9991024
0.9557649,0.9991147
0.9447695,0.9991402
0.026666291,0.0007793451
0.95308673,0.99915123
0.078545146,0.00074901525
0.944768,0.99912
0.03689587,0.0007837407
0.93543005,0.99908656
0.9459432,0.9991815
0.05333902,0.0007837407
0.9085246,0.9990844
0.9346503,0.9991182
0.046449225,0.00080264197
0.06407818,0.000747257
0.8804474,0.99912876
0.06459049,0.000771433
0.06643792,0.0007811034
0.047823966,0.0008048398
0.9444525,0.9991178
0.95191383,0.9991024
0.9486332,0.99910414
0.92180693,0.9991244
0.8979996,0.9991112
0.94193035,0.9991182
0.059289128,0.00080044416
0.07102072,0.00082901574
0.033855695,0.00082418055
0.9364849,0.9990615
0.9308849,0.99913055
0.9356428,0.99910504
0.050240405,0.0007569274
0.0658387,0.0007745099
0.03414986,0.00082505966
0.036941927,0.00084088393
0.9207937,0.99910593
0.9301183,0.99909407
0.053872127,0.0007736308
0.060427397,0.0007969276
0.033703662,0.0007973672
0.061019685,0.0008017628
0.06805606,0.000806598
0.886241,0.9990932
0.05527559,0.0007951694
0.9483249,0.99909186
0.10507426,0.000799565
0.9464839,0.99908656
0.93482715,0.99913275
0.06289633,0.0007934111
0.9431833,0.99913013
0.046118166,0.000775389
0.9393153,0.99917096
0.05745457,0.00074066356
0.95815015,0.99914944
0.9607756,0.9990602
0.06313132,0.000785499
0.9314965,0.999098
0.95613015,0.9991323
0.020575043,0.000771433
0.91325694,0.9991222
0.055034168,0.0007978068
0.9234831,0.9991112
0.939163,0.99911076
0.05482865,0.00080747716
0.95359755,0.9991389
0.06698539,0.0007978068
0.9315287,0.9990615
0.059200976,0.0008030815
0.93365395,0.99910855
0.062184945,0.00077055383
0.9115739,0.99912745
0.048558876,0.0007938507
0.947205,0.9991165
0.95615315,0.99910414
0.050962195,0.0007938507
0.93774545,0.99914503
0.056431193,0.000785499
0.042100668,0.0007736308
0.03967754,0.00072747667
0.06256602,0.0007661582
0.045392416,0.00076352083
0.9450371,0.9992075
0.95733875,0.99908835
0.07417554,0.0007723121
0.95948625,0.9991002
0.942383,0.99913144
0.06185909,0.0007644
0.9318912,0.9991033
0.931291,0.9991156
0.054948248,0.0007626417
0.95031947,0.99904704
0.029259775,0.0007745099
0.026086137,0.00074901525
0.94249564,0.9991033
0.047319826,0.0008022024
0.07021771,0.0008079167
0.92876285,0.99911386
0.03138775,0.0007916529
0.90982056,0.9991235
0.93659705,0.9991196
0.05255582,0.0007723121
0.9413809,0.9990822
0.9584951,0.99910945
0.058420505,0.0007942903
0.05508666,0.00084791693
0.04445694,0.0007819825
0.9335697,0.999142
0.93781704,0.9990945
0.055591047,0.0007793451
0.9350564,0.9990782
0.9288966,0.9990365
0.046301894,0.0008044002
0.06627029,0.0008030815
0.9456131,0.99915075
0.060618058,0.0007696747
0.035622403,0.0007701143
0.047067758,0.00076000433
0.93779624,0.9991068
0.9339414,0.9991824
0.9245807,0.99913055
0.94148,0.9991134
0.9269293,0.999142
0.06303673,0.0008149497
0.058664404,0.0008057189
0.9416907,0.99911165
0.06328112,0.0007828616
0.065098345,0.0008435213
0.057738088,0.0008083563
0.9381444,0.9990369
0.04960974,0.0008162684
0.9304652,0.9990998
0.8871884,0.99910724
0.92958397,0.99913096
0.9274349,0.9990857
0.9132866,0.9991393
0.931937,0.99912965
0.049157105,0.0007973672
0.048673768,0.00081714755
0.9284786,0.99913317
0.04051521,0.000775389
0.060530405,0.0007942903
0.049142744,0.0007876968
0.06662066,0.00077407033
0.054315846,0.00081099366
0.059552338,0.0007630813
0.9127449,0.99912614
0.059153434,0.0007767077
0.045919336,0.0007626417
0.057136886,0.0007802242
0.060835462,0.0008175871
0.044936564,0.00077055383
0.94503444,0.9990835
0.049559474,0.0007498944
0.05475412,0.0007885759
0.9581767,0.9990813
0.87552464,0.99913716
0.0718423,0.0008035211
0.04589804,0.00073450967
0.053632688,0.0007837407
0.93932647,0.99911076
0.9269558,0.99910945
0.9651417,0.9991222
0.9416835,0.999182
0.9345748,0.99914813
0.9452439,0.99910635
0.9273,0.9990804
0.9431392,0.9991174
0.024159964,0.0007837407
0.041546512,0.0007806638
0.9637546,0.99910814
0.9391893,0.9990945
0.9534594,0.9991143
0.9600397,0.9991169
0.036595766,0.0007692352
0.060985267,0.00081538927
0.9450092,0.9991231
0.063390814,0.0007894551
0.07011867,0.0008013233
0.04202589,0.0007582461
0.94415814,0.99912965
0.94131136,0.9991767
0.054103397,0.0007833012
0.950704,0.99911165
0.059183396,0.0007960485
0.04827214,0.000771433
0.93712324,0.99906373
0.056693166,0.000775389
0.9287433,0.9990985
0.06057745,0.0007969276
0.040699188,0.00074066356
0.9330235,0.9991398
0.039555468,0.0007556087
0.8839877,0.9991182
0.043561082,0.00080264197
0.06259895,0.00081714755
0.05112017,0.0007837407
0.04261496,0.0007498944
0.041143402,0.0007661582
0.030825423,0.000785499
0.05453523,0.0007876968
0.93383026,0.99910724
0.039318997,0.0007780264
0.9311756,0.99910414
0.053594306,0.00082418055
0.054769967,0.00080615847
0.947148,0.99909186
0.92772835,0.9990769
0.93692833,0.99910724
0.042954434,0.0007828616
0.06827124,0.000799565
0.970165,0.99909186
0.9344235,0.99913716
0.95066065,0.9991455
0.057711594,0.000806598
0.94731367,0.99915516
0.060912717,0.0007846199
0.9266455,0.9991046
0.07236599,0.00082549924
0.9390296,0.99913144
0.9293274,0.99911255
0.05808747,0.0007920924
0.93710095,0.99909276
0.8908654,0.99911606
0.047499593,0.0007934111
0.9543181,0.9991068
0.9389075,0.99908656
0.90955365,0.99910414
0.9556005,0.9990857
0.07585311,0.0007942903
0.056776613,0.0007969276
0.9475571,0.99911076
0.065502696,0.0007960485
0.9546529,0.9991415
0.95378304,0.9990585
0.92458194,0.99914813
0.9414837,0.9990976
0.049915045,0.0007534109
0.90888065,0.99910766
0.05216336,0.0007819825
0.91534156,0.9990901
0.052111857,0.0007630813
0.045295354,0.0007793451
0.069439225,0.00080396066
0.9455009,0.9991037
0.95769083,0.9991217
0.93661565,0.99910766
0.9391316,0.9991217
0.93855935,0.99913096
0.9325597,0.99910414
0.933053,0.99909276
0.037041713,0.00080615847
0.9341204,0.99910766
0.05930448,0.0007986859
0.06266928,0.00081363105
0.91178364,0.99909496
0.93673,0.999102
0.94667435,0.999102
0.054076653,0.0007507735
0.9508325,0.99912965
0.9409738,0.9991037
0.94065934,0.9990976
0.8991713,0.99916744
0.97251064,0.9991046
0.94323677,0.9990813
0.92529356,0.9990936
0.90729195,0.9991182
0.949151,0.99915475
0.9167928,0.99916744
0.9429693,0.99908173
0.050224807,0.00083341135
0.060771827,0.0007951694
0.95623684,0.99909097
0.9482187,0.99915606
0.91347533,0.9991174
0.9297271,0.99908304
0.043684393,0.0007978068
0.05962786,0.0008044002
0.052929718,0.000771433
0.9371584,0.99910855
0.8922718,0.99908304
0.94069874,0.99914813
0.95295453,0.99910766
0.8957857,0.9991204
0.9259517,0.99913365
0.9665311,0.99915206
0.04824961,0.0007692352
0.9557347,0.99915034
0.071684815,0.00082505966
0.9297231,0.99912524
0.03027622,0.0007876968
0.9521141,0.9990998
0.059547883,0.0007815429
0.92535275,0.9990936
0.9513933,0.9991006
0.966642,0.99916
0.055989206,0.0007793451
0.044963554,0.0008149497
0.051550023,0.0007916529
0.05507577,0.00077055383
0.065455645,0.0007960485
0.04607979,0.0008114332
0.9485005,0.9990844
0.052450586,0.00072703714
0.055378597,0.000799565
0.0420353,0.0007920924
0.068313085,0.00082242227
0.97102153,0.99915516
0.04220293,0.0007934111
0.93875253,0.99909097
0.8933658,0.9991156
0.05261327,0.0007630813
0.9417461,0.9991002
0.054013513,0.0007978068
0.96552134,0.99908924
0.047884133,0.0007780264
0.9365027,0.9991046
0.8826308,0.9991112
0.062384274,0.0007934111
0.9317374,0.9991213
0.074578404,0.0008149497
0.06008842,0.000799565
0.9439454,0.99910986
0.035280947,0.00080264197
0.06343266,0.0008048398
0.9315733,0.9991187
0.9387119,0.99908835
0.039312314,0.0007696747
0.9503499,0.9991266
0.9270979,0.9991433
0.049955405,0.0007630813
0.9419878,0.9991169
0.037082322,0.0007723121
0.056951426,0.0007951694
0.9474333,0.99906856
0.95054626,0.9991613
0.059518415,0.0008114332
0.9239629,0.99909407
0.9057746,0.99910945
0.9166596,0.9991015
0.9394592,0.9991622
0.053715635,0.0007960485
0.0890986,0.000785499
0.10097257,0.0007736308
0.96492827,0.99919206
0.9392353,0.9991147
0.9472218,0.99915427
0.04607236,0.00080615847
0.037287343,0.0007582461
0.042980928,0.0007920924
0.961511,0.9991657
0.046987534,0.00079560897
0.06691878,0.0007876968
0.949017,0.99912876
0.9270192,0.9991187
0.040277503,0.00077407033
0.023438424,0.0007709934
0.049449287,0.0007824221
0.047976,0.00083121355
0.074577905,0.00081231236
0.04880649,0.00074769655
0.95243704,0.9991182
0.054197982,0.0007916529
0.04115925,0.0007811034
0.94937557,0.9991266
0.94139355,0.9990954
0.93807775,0.9990835
0.06274158,0.0007846199
0.06598306,0.0008052793
0.052836616,0.00079560897
0.06849805,0.0007951694
0.9552635,0.99906504
0.05456742,0.0007846199
0.042649623,0.00080264197
0.93850195,0.99912876
0.93547267,0.99912614
0.94037163,0.99917233
0.9561252,0.99910945
0.04975979,0.00079560897
0.06492353,0.000785499
0.035319824,0.0008118728
0.88251346,0.99908394
0.05577453,0.00084308174
0.9362521,0.99912703
0.06403213,0.00081934535
0.044009257,0.00073143275
0.9280396,0.99913317
0.06635943,0.00082418055
0.061199944,0.00080264197
0.06347302,0.0007903342
0.9407864,0.9990774
0.036847834,0.0007912133
0.088060364,0.000771433
0.06962345,0.0008105541
0.93100995,0.9990844
0.9341866,0.99914634
0.030203918,0.000785499
0.08237421,0.00083912566
0.061973237,0.0008044002
0.92159677,0.99909097
0.08276073,0.00082901574
0.05081313,0.0007815429
0.07711122,0.0007762682
0.93953544,0.9991235
0.9285789,0.99911034
0.06617669,0.0008233014
0.93371314,0.99912965
0.931939,0.99910724
0.04970284,0.0007780264
0.060133234,0.0008008837
0.055566534,0.0008127519
0.052155185,0.0007986859
0.04838951,0.0008017628
0.9438593,0.9990963
0.05815135,0.0007520922
0.9421785,0.9991174
0.938576,0.99905187
0.07815045,0.0007828616
0.03576998,0.0007960485
0.031568505,0.0007846199
0.042853408,0.0007986859
0.972915,0.9990998
0.045422625,0.0007780264
0.95473385,0.9990936
0.056503993,0.00076220214
0.951348,0.99917626
0.054162573,0.0007969276
0.049313348,0.0008017628
0.9395483,0.9991244
0.0571874,0.0007811034
0.05065961,0.0007793451
0.9417563,0.99908614
0.060700264,0.0007758286
0.053700037,0.000799565
0.06028923,0.00075648783
0.9329032,0.9991033
0.049825657,0.00081846624
0.93393177,0.9990936
0.95308924,0.99911517
0.9333058,0.99910414
0.9129719,0.99914503
0.9298202,0.99911034
0.05770689,0.0007696747
0.9598785,0.99909055
0.93133926,0.99913496
0.91122156,0.99911255
0.9385173,0.999109
0.94606745,0.99911034
0.94076884,0.99910945
0.062358767,0.0007674769
0.91504496,0.9991182
0.047838572,0.0007630813
0.9426039,0.99910593
0.96311355,0.9991622
0.94557226,0.99912
0.95180017,0.99908745
0.91899335,0.99907386
0.05616402,0.0007679165
0.93955183,0.99908483
0.055289455,0.0007709934
0.035290606,0.0007811034
0.039812736,0.00081670796
0.95681703,0.99913275
0.914703,0.99910945
0.11025157,0.00083209266
0.035587244,0.00073407014
0.93085843,0.99908304
0.9407715,0.99909186
0.06252714,0.00082769705
0.05010026,0.0007811034
0.8955965,0.99910814
0.9366706,0.9990585
0.9306219,0.9991385
0.9678085,0.9991174
0.96755123,0.99917275
0.9309052,0.9991143
0.05074281,0.00076703733
0.05829422,0.0008052793
0.047063302,0.0007934111
0.9142459,0.9991174
0.94129425,0.999109
0.9487164,0.99912524
0.92721975,0.99910635
0.05568415,0.0007986859
0.9191283,0.9990923
0.88839054,0.99913055
0.9299757,0.9991002
0.92715883,0.9991006
0.06155106,0.0008017628
0.93701255,0.9991446
0.025384651,0.0007890155
0.035732098,0.00083165313
0.0559434,0.00082989485
0.054729607,0.0008149497
0.93812406,0.9991877
0.03973449,0.000785499
0.92514575,0.9991033
0.9525284,0.99916613
0.9408993,0.99909407
0.047694214,0.0007969276
0.9355484,0.9991279
0.05962563,0.00080747716
0.93043625,0.9991134
0.041537102,0.0008052793
0.042234875,0.00074418006
0.9315183,0.9991393
0.91527444,0.99915254
0.06794043,0.0007934111
0.0587632,0.00080396066
0.054678597,0.0007885759
0.061456718,0.0007793451
0.05971205,0.0007837407
0.94677514,0.9991169
0.058055773,0.00081099366
0.05090153,0.0007986859
0.06911881,0.00074066356
0.037157595,0.00082593877
0.9062676,0.9991257
0.9597614,0.9990835
0.06429237,0.00080044416
0.9531972,0.9991156
0.9233961,0.9991112
0.0587736,0.0008052793
0.039286315,0.0007569274
0.066087306,0.0007802242
0.88562125,0.999098
0.046816926,0.00075297133
0.92762583,0.99913496
0.10287522,0.0007881364
0.9060648,0.9990971
0.947774,0.9991266
0.03998037,0.0007793451
0.05103078,0.0008008837
0.05918191,0.00081934535
0.8931162,0.99913186
0.057213645,0.0008149497
0.06531946,0.00080044416
0.9408156,0.9991248
0.03917588,0.0007687956
0.07446747,0.0007767077
0.9416798,0.9990985
0.055024263,0.0008246201
0.921439,0.9990756
0.042407952,0.0008197849
0.9282226,0.99911165
0.054340113,0.000799565
0.94541824,0.9991345
0.9430929,0.99910414
0.07067159,0.0007736308
0.05443569,0.00075648783
0.9224203,0.9991385
0.06371246,0.0007903342
0.059178196,0.0007630813
0.056154117,0.0008057189
0.95623684,0.9991174
0.0734228,0.00081231236
0.04104188,0.0007630813
0.9306586,0.99912614
0.059902955,0.00080747716
0.06319817,0.0007745099
0.91995436,0.9991556
0.95487154,0.999102
0.94014853,0.99909097
0.9598822,0.9991112
0.06846512,0.0007942903
0.9494439,0.9991209
0.9671001,0.9991257
0.056110784,0.0007762682
0.959514,0.99915034
0.042961117,0.0007793451
0.06266432,0.0008017628
0.0573637,0.0007942903
0.07526478,0.00080044416
0.068237565,0.0008057189
0.06321451,0.00076000433
0.04415733,0.00083077396
0.9524734,0.9991182
0.92670816,0.9990804
0.937875,0.99907076
0.92236555,0.99914944
0.92193174,0.9991169
0.8956587,0.9990923
0.058760475,0.0008092354
0.06658897,0.00082022446
0.07073869,0.0007934111
0.05206159,0.0007639604
0.96990407,0.9991178
0.05990023,0.00074374053
0.92075413,0.99910414
0.9414079,0.999142
0.93773186,0.99913317
0.03993456,0.00075648783
0.04860741,0.0007876968
0.95617074,0.9991428
0.93052316,0.99913055
0.9654493,0.99911076
0.056794193,0.0008048398
0.056594864,0.0008083563
0.9316812,0.99910855
0.04614169,0.000785499
0.9391071,0.9991424
0.93205833,0.9991024
0.9435136,0.9990998
0.037515644,0.0007947298
0.10201774,0.00081846624
0.03932296,0.0008008837
0.96125275,0.9990769
0.94369334,0.9991407
0.9452132,0.9991015
0.9321272,0.99908704
0.92766744,0.999098
0.057958957,0.0007868177
0.8657026,0.9991569
0.0670317,0.0008175871
0.054879162,0.00080396066
0.93936956,0.9991165
0.056378204,0.0008052793
0.055132717,0.00082374096
0.9421002,0.99913365
0.051952146,0.0007723121
0.929035,0.9991015
0.97672576,0.99910986
0.053209767,0.0007868177
0.935331,0.99908394
0.9380736,0.99911034
0.9441056,0.9991156
0.039492078,0.0007903342
0.896741,0.9990936
0.9235675,0.99910283
0.9429748,0.9991037
0.048399415,0.0007947298
0.9401684,0.9990989
0.9332268,0.99906415
0.0823128,0.00081670796
0.039323457,0.00073407014
0.087965034,0.0007556087
0.95262027,0.999142
0.034633443,0.0007868177
0.86669874,0.9991323
0.969209,0.99910766
0.052319355,0.0007723121
0.035407726,0.000747257
0.054373786,0.0007960485
0.93668,0.99910593
0.9447571,0.9990971
0.06289485,0.0007912133
0.07336956,0.00081890577
0.05640866,0.00082681794
0.95186406,0.99914813
0.0596182,0.0007951694
0.8864849,0.99908924
0.062684625,0.0008175871
0.06693339,0.000771433
0.95470464,0.9991147
0.9360966,0.9990585
0.053336047,0.0007920924
0.9430907,0.9991428
0.05731393,0.0007850594
0.04536493,0.0007626417
0.9176322,0.9991068
0.055270143,0.00075297133
0.0333783,0.0007868177
0.05755411,0.0007841803
0.095483266,0.0008175871
0.9418709,0.9990567
0.056959845,0.0007736308
0.934372,0.9991147
0.06455211,0.0008127519
0.05712104,0.0007863781
0.08305886,0.0007868177
0.056003567,0.0007582461
0.05114419,0.000775389
0.057333983,0.0007868177
0.047879923,0.0007837407
0.050130468,0.00083341135
0.05146732,0.0007876968
0.94828534,0.99909276
0.03852441,0.000785499
0.04435839,0.00081670796
0.07182967,0.0007969276
0.03408201,0.0007696747
0.9454977,0.99913627
0.9493057,0.9991134
0.9203208,0.9991196
0.0621998,0.0008035211
0.926028,0.9991428
0.054559745,0.0007644
0.06303054,0.0008013233
0.039880335,0.0007767077
0.0634906,0.00081099366
0.06479131,0.00082989485
0.05654732,0.0007982463
0.06560619,0.0007780264
0.9322282,0.99911207
0.9370331,0.9991266
0.94665134,0.99913406
0.058283824,0.0007916529
0.94429404,0.9990615
0.9424224,0.9990857
0.05224408,0.0007876968
0.95411855,0.99913365
0.050603654,0.0007828616
0.9275087,0.9990901
0.08027446,0.0007828616
0.9350403,0.99911076
0.9583906,0.9991354
0.94672114,0.99912703
0.053896394,0.0008162684
0.052102942,0.0007986859
0.057306748,0.000792532
0.061890285,0.00080967497
0.92417264,0.9991055
0.06290896,0.0007582461
0.9415092,0.99912703
0.054299753,0.0008013233
0.057840105,0.00082154316
0.07241576,0.0007881364
0.8808354,0.9991046
0.90113115,0.9991143
0.92984444,0.99910766
0.9464248,0.9991604
0.05735231,0.000785499
0.9313274,0.99912
0.05323824,0.0007885759
0.92661804,0.99910414
0.09301483,0.0007758286
0.90822744,0.99907166
0.94710344,0.99907607
0.9542188,0.99913716
0.91391164,0.99909276
0.95048237,0.99910855
0.045688562,0.00081363105
0.9376162,0.9991204
0.06073394,0.00084879604
0.91931105,0.99910814
0.9226112,0.99910593
0.93376637,0.99909186
0.071608305,0.0008079167
0.0733609,0.0007894551
0.92825896,0.99907297
0.060770586,0.000771433
0.9376353,0.9991565
0.0449482,0.0008149497
0.085473314,0.00080264197
0.046487603,0.00081582885
0.93546695,0.9991393
0.047538962,0.0007802242
0.94085747,0.99913496
0.059644204,0.0007679165
0.095794514,0.0007630813
0.930226,0.99913186
0.07838048,0.00082857616
0.9712902,0.9991622
0.061421804,0.00081099366
0.06636587,0.0007903342
0.04621548,0.0007978068
0.052557062,0.0007912133
0.06312116,0.0008083563
0.94456196,0.99917716
0.9288,0.99908483
0.056313578,0.0007692352
0.042672403,0.00083780696
0.9298058,0.99912965
0.054539192,0.0008175871
0.058674555,0.0007942903
0.07541855,0.00075385044
0.078003615,0.00082198274
0.09399636,0.0007903342
0.051792435,0.00081582885
0.056666177,0.0007793451
0.94881994,0.9991358
0.061630294,0.00081670796
0.057899036,0.00076000433
0.9342443,0.99911207
0.9497247,0.99916744
0.06128265,0.0008052793
0.043071307,0.00076703733
0.9274723,0.9990985
0.04808668,0.0008101145
0.053255823,0.0008101145
0.050268635,0.00082418055
0.05191748,0.0008162684
0.057316404,0.0008079167
0.06238972,0.0007723121
0.906251,0.9991428
0.94515973,0.99913317
0.91972554,0.99908304
0.9668163,0.9991156
0.056499783,0.00081231236
0.07472078,0.0007973672
0.94582134,0.9991112
0.9341603,0.9991024
0.8817776,0.99908835
0.9277209,0.99908924
0.036289223,0.0007969276
0.9279111,0.99913096
0.06998521,0.0007916529
0.037994772,0.0007046194
0.9230438,0.9990576
0.9644402,0.9991446
0.064689785,0.0007960485
0.92423403,0.99911255
0.9237453,0.9990778
0.90389127,0.99908173
0.9397026,0.9991437
0.91916496,0.9990765
0.94895685,0.9991055
0.04864232,0.0008162684
0.9324102,0.9990787
0.043389488,0.00071253156
0.05197938,0.0007942903
0.055063635,0.0007960485
0.040862113,0.0008017628
0.9407037,0.999142
0.06440776,0.00074593833
0.94425046,0.99908924
0.9281005,0.99910504
0.056950185,0.0007498944
0.9450114,0.9991187
0.04748424,0.0007652791
0.95185214,0.9991006
0.94460505,0.9991323
0.9644071,0.99908704
0.06783247,0.0007903342
0.049278684,0.0008008837
0.06250139,0.0008008837
0.9798516,0.99914855
0.05566632,0.0007863781
0.054153908,0.000775389
0.059402287,0.000799565
0.041138448,0.0007767077
0.029852558,0.0007780264
0.93139625,0.9991191
0.9365683,0.99908745
0.9475192,0.9990945
0.96301645,0.99915427
0.05325879,0.00073407014
0.90211344,0.99908656
0.059435714,0.0008017628
0.070992984,0.000806598
0.94058263,0.99913627
0.05261401,0.0007973672
0.89290005,0.9990993
0.9278833,0.9991196
0.05362996,0.0007771473
0.065998904,0.0007595648
0.94715744,0.9991024
0.9755813,0.99912524
0.9181225,0.99909097
0.9272472,0.999109
0.05595157,0.0007745099
0.945961,0.99911207
0.88643837,0.9991191
0.07239546,0.0007771473
0.954102,0.99913144
0.94570595,0.9991257
0.96866846,0.99915516
0.9179014,0.9991468
0.922556,0.9991257
0.9383615,0.9991112
0.94382066,0.9990954
0.9526235,0.9990752
0.08118072,0.00070769637
0.9704265,0.9991639
0.033431042,0.0007630813
0.93722695,0.999102
0.06973512,0.0008092354
0.09165271,0.0007644
0.046419263,0.0007652791
0.91763395,0.99908745
0.9472671,0.9991639
0.04618007,0.0008044002
0.9371886,0.99913716
0.061616924,0.0007547296
0.065928586,0.0007758286
0.9416659,0.99909097
0.953662,0.99913627
0.047558773,0.000799565
0.9312043,0.9991033
0.06588253,0.00079560897
0.066040255,0.00080264197
0.9225087,0.9991433
0.03854744,0.0008044002
0.94890386,0.9991622
0.93446535,0.99912745
0.048625235,0.0007907738
0.051942736,0.0008008837
0.91031754,0.9991011
0.04863316,0.00075385044
0.09613894,0.00081582885
0.06346238,0.0007951694
0.9628872,0.99910945
0.06812787,0.0008013233
0.07600019,0.0007837407
0.9331704,0.9991411
0.046280105,0.0007824221
0.06348416,0.000799565
0.062366445,0.0007771473
0.043260727,0.0007687956
0.06486707,0.00080615847
0.06161247,0.00075385044
0.94916534,0.99921536
0.05669193,0.0007745099
0.04107803,0.00080044416
0.06329821,0.0008017628
0.92834365,0.9990756
0.94794804,0.9991147
0.958945,0.99919647
0.928338,0.99910635
0.95147777,0.99909496
0.947071,0.9991609
0.056952417,0.0007771473
0.96427137,0.99915206
0.93287843,0.99908394
0.06414207,0.0007762682
0.9482524,0.9991134
0.93437225,0.9990998
0.05772447,0.00084176305
0.0424446,0.00072396017
0.046488594,0.0006813226
0.9376982,0.9991015
0.9321965,0.9991006
0.94390583,0.9990923
0.93233544,0.99909496
0.055701233,0.00081934535
0.059323296,0.0008118728
0.05083022,0.0008035211
0.9304664,0.99911165
0.09000907,0.0007815429
0.90385413,0.9990998
0.067401625,0.0007534109
0.056596104,0.0007894551
0.9501327,0.9991688
0.083145276,0.0007969276
0.05017702,0.0007846199
0.05109219,0.0007837407
0.045513254,0.0007696747
0.9293472,0.9990954
0.9043464,0.99912
0.059871014,0.000747257
0.89151067,0.9990985
0.9474387,0.9990976
0.050594985,0.0008127519
0.93813175,0.9991402
0.05023248,0.000771433
0.9317129,0.9991182
0.07141814,0.0008017628
0.043847322,0.0007802242
0.94579434,0.99907076
0.049308397,0.000747257
0.04903355,0.0007863781
0.9128345,0.9990976
0.055422917,0.0007846199
0.9441725,0.9991415
0.027327165,0.000785499
0.94056875,0.99908966
0.9422661,0.99915123
0.047785833,0.0007846199
0.9312964,0.99906856
0.97817427,0.9991956
0.93189615,0.99912524
0.94035727,0.9990756
0.05526742,0.0007973672
0.0633767,0.00081231236
0.08634318,0.0007951694
0.9425484,0.99910766
0.049349003,0.0007819825
0.06424904,0.0008118728
0.044792455,0.0008114332
0.063260816,0.000799565
0.922321,0.9991358
0.93018144,0.99915606
0.9427247,0.9990752
0.9479191,0.9991182
0.9393369,0.99911386
0.92261416,0.99908656
0.92824066,0.9991002
0.062602416,0.00080264197
0.05952114,0.0007912133
0.93652326,0.99911034
0.93256223,0.99912703
0.9356331,0.9991046
0.9240023,0.9991196
0.9601625,0.999149
0.048536096,0.0007762682
0.94489104,0.9991068
0.05248055,0.0008083563
0.9492312,0.99913144
0.89428097,0.9991156
0.9203124,0.9991196
0.92785066,0.9990936
0.8928676,0.9991006
0.06255389,0.00082681794
0.046109997,0.0007890155
0.93802506,0.9991428
0.03493751,0.00081670796
0.93075764,0.99912876
0.057334233,0.0007674769
0.071580075,0.0007661582
0.95889646,0.99912745
0.94201726,0.9990901
0.94554895,0.9991222
0.057894826,0.0008008837
0.93478256,0.9991182
0.055223096,0.00081319147
0.9444047,0.9991428
0.061248727,0.0007679165
0.042882625,0.0007687956
0.95685095,0.9990734
0.93730795,0.9991407
0.0653722,0.00082769705
0.9402847,0.99914634
0.93941265,0.99919295
0.9402278,0.99910766
0.060702246,0.000799565
0.045493443,0.0008118728
0.06872734,0.0007920924
0.04010071,0.0008083563
0.94274354,0.999149
0.053291723,0.0007876968
0.9320118,0.999102
0.06899006,0.000775389
0.07036727,0.0007687956
0.047073454,0.0007942903
0.9357321,0.99913627
0.9125572,0.9991037
0.9398829,0.9991204
0.92916745,0.9991147
0.04440519,0.0007819825
0.043751,0.0007696747
0.059716504,0.00081099366
0.04326023,0.0007723121
0.057133667,0.00081582885
0.9366503,0.99904794
0.9097619,0.9991257
0.06636364,0.0008175871
0.94460285,0.9990985
0.95295477,0.99915826
0.9194514,0.9991587
0.060590573,0.000785499
0.07026872,0.0007969276
0.93089134,0.99911207
0.9142174,0.9990936
0.05279972,0.0007811034
0.05769525,0.0007951694
0.9304848,0.9991178
0.8912656,0.9991424
0.90101945,0.99911207
0.055519488,0.00073802617
0.038222574,0.0007960485
0.059338152,0.0007885759
0.9367275,0.9990901
0.9239216,0.9991033
0.066336155,0.00074418006
0.044994753,0.0008175871
0.9109165,0.9991147
0.9346253,0.9991015
0.93467486,0.9991235
0.06787234,0.0007942903
0.06276237,0.0007934111
0.9368229,0.999109
0.066545136,0.0008035211
0.053646304,0.0007960485
0.048000015,0.0007758286
0.94762075,0.99913406
0.04325008,0.0007815429
0.03655788,0.00076088344
0.92057806,0.9990795
0.92852366,0.99908745
0.9393215,0.9990985
0.9516934,0.99913716
0.9279148,0.9991235
0.0661606,0.00075648783
0.05519957,0.0008233014
0.95008373,0.99910724
0.06855005,0.0008044002
0.95517164,0.9991033
0.9335779,0.9991222
0.048890427,0.00080264197
0.9485921,0.9991191
0.9491054,0.99910414
0.054425538,0.0008052793
0.08489514,0.00082593877
0.95410246,0.99908483
0.050424878,0.0007894551
0.9694489,0.9991068
0.92904764,0.99913406
0.92267114,0.99908483
0.93858165,0.99914813
0.92742205,0.99906635
0.0582083,0.00083868613
0.9375724,0.9991446
0.9468841,0.9991323
0.9445838,0.9991477
0.044861536,0.0007894551
0.9444441,0.99912745
0.06746105,0.0007978068
0.95114005,0.99908304
0.95941347,0.9991323
0.042895254,0.0007863781
0.057867587,0.0007885759
0.9537513,0.99913186
0.9408852,0.9991437
0.9525244,0.9990945
0.05201826,0.0007876968
0.07383161,0.0007771473
0.9517313,0.99913716
0.047314625,0.0008118728
0.9509333,0.99912524
0.07041234,0.0007723121
0.06859982,0.00080615847
0.052220557,0.00080396066
0.9322151,0.9991415
0.07553245,0.0007595648
0.9566737,0.99907255
0.92948663,0.99905145
0.93747383,0.9991222
0.97619736,0.99913365
0.048058204,0.0007947298
0.06836087,0.000806598
0.9245978,0.9991015
0.05151437,0.00081099366
0.92714053,0.9991134
0.95371395,0.99913055
0.93717426,0.99912524
0.96840596,0.9990998
0.045948554,0.00075736694
0.04427668,0.00082154316
0.05643342,0.0007969276
0.9237609,0.99913186
0.04872131,0.0007903342
0.053060208,0.0008017628
0.08194237,0.0007903342
0.05283191,0.00080264197
0.9482549,0.99917054
0.06435204,0.0007934111
0.9521691,0.99908745
0.92557883,0.99909097
0.054256916,0.0008175871
0.050964177,0.00081451016
0.082598545,0.0008083563
0.051790703,0.00082549924
0.039025333,0.00082637835
0.051908072,0.0008118728
0.05051377,0.000775389
0.049219504,0.000775389
0.92903274,0.99916923
0.065641604,0.0007780264
0.09035993,0.0007745099
0.041332576,0.00082022446
0.06125145,0.0007674769
0.91941947,0.9991446
0.03886364,0.00074286136
0.04669931,0.0007723121
0.91339904,0.99914944
0.92187357,0.9991257
0.062251057,0.000771433
0.041437563,0.0007687956
0.06654291,0.0007916529
0.0541965,0.0007828616
0.051969726,0.00080747716
0.04862152,0.0007978068
0.9219674,0.99913055
0.052668735,0.0007868177
0.052667495,0.0008008837
0.93559843,0.99911386
0.037712496,0.0007907738
0.93248594,0.9991389
0.064016774,0.0008057189
0.06344504,0.0008030815
0.9220038,0.99912703
0.93267685,0.99909276
0.0531907,0.00073450967
0.93335485,0.9992088
0.8818152,0.99911606
0.9310493,0.99912876
0.92207587,0.9991006
0.05325384,0.0007802242
0.9242479,0.99908966
0.9064555,0.9990734
0.024168879,0.0007709934
0.9395491,0.9990778
0.046329875,0.0007885759
0.93058974,0.9991248
0.94570744,0.9990646
0.059599385,0.0007951694
0.9502011,0.99911034
0.94229484,0.9990844
0.062320635,0.0008364883
0.9672333,0.9991534
0.04326271,0.0008083563
0.9414921,0.9990971
0.038322113,0.00074330095
0.05421903,0.0007771473
0.07747744,0.00083253224
0.96221817,0.99913055
0.076875746,0.0007876968
0.057655387,0.0007811034
0.93219155,0.9990936
0.9417976,0.99910593
0.078697175,0.0007986859
0.05844898,0.000806598
0.059733342,0.0007811034
0.10448024,0.0007969276
0.9505673,0.9991156
0.9529444,0.99910814
0.045511767,0.00081319147
0.928828,0.9991235
0.92646897,0.99911296
0.043389734,0.0007828616
0.08495482,0.00081363105
0.93622786,0.9991024
0.93054914,0.99908304
0.066409945,0.0007960485
0.06774234,0.0008008837
0.9514743,0.99915165
0.9227207,0.9991015
0.053416274,0.0008013233
0.9267312,0.9990901
0.94414574,0.99910504
0.087539144,0.0008052793
0.93466866,0.9990901
0.037687484,0.00074901525
0.9341202,0.99912614
0.05584683,0.00081231236
0.04443862,0.00076703733
0.8927027,0.99913716
0.059647918,0.00079560897
0.050252292,0.0007595648
0.06699282,0.0007960485
0.05203584,0.0007876968
0.06429806,0.0007868177
0.9443718,0.99911207
0.95164937,0.9991415
0.065298416,0.0008083563
0.95636165,0.9990936
0.075331636,0.0007868177
0.049381442,0.00074901525
0.951686,0.99919343
0.059034582,0.0007520922
0.9369383,0.9990945
0.050461773,0.0007723121
0.06693785,0.0007850594
0.05568093,0.0007903342
0.06289485,0.0007894551
0.053148855,0.0008057189
0.05192887,0.0007920924
0.9486741,0.99910855
0.901203,0.9990347
0.9465141,0.9991191
0.1077029,0.0007837407
0.06622597,0.0007098942
0.9346429,0.9990826
0.054688502,0.0007934111
0.05484846,0.0008079167
0.9180403,0.9991389
0.06613435,0.0007819825
0.044998962,0.000771433
0.08669652,0.0007837407
0.95790154,0.99915737
0.9363227,0.9990963
0.9251086,0.99908656
0.9424484,0.99909407
0.9470317,0.9991231
0.95704085,0.99913186
0.91232616,0.9991015
0.9176238,0.9991006
0.049843732,0.0007630813
0.93222123,0.9991231
0.9125564,0.9990923
0.036915433,0.0007841803
0.93984723,0.9991147
0.94112563,0.9991037
0.89897937,0.9990963
0.05905439,0.0008092354
0.9174936,0.999098
0.044472046,0.0007833012
0.95169985,0.9991477
0.9432796,0.99906987
0.05384266,0.00074330095
0.95008916,0.9990602
0.9254117,0.9991222
0.06761878,0.0007731912
0.056700595,0.0007916529
0.9580172,0.9991147
0.93760484,0.9991006
0.9434044,0.9991169
0.9362826,0.9991147
0.02436697,0.0007942903
0.05794336,0.00080264197
0.91963243,0.9991235
0.9276709,0.99915516
0.053890944,0.0007793451
0.035857882,0.0007771473
0.088198036,0.0007723121
0.05129845,0.00080264197
0.06348268,0.0007912133
0.050596967,0.0007507735
0.9407492,0.9991358
0.06783346,0.0007863781
0.048295666,0.0007512131
0.9347112,0.9991182
0.96798706,0.9990769
0.07162687,0.0008162684
0.037005316,0.0008052793
0.9388407,0.99911207
0.056806076,0.0007876968
0.9406254,0.9991798
0.9467006,0.9990804
0.051771387,0.0007868177
0.9413017,0.999098
0.9277412,0.9991367
0.92433757,0.99907607
0.035733085,0.00074242183
0.91162443,0.9991442
0.07869049,0.0007819825
0.07103929,0.0007534109
0.053930316,0.0008118728
0.93756425,0.9991279
0.027854579,0.00080044416
0.03833895,0.00081582885
0.930356,0.99915165
0.06479502,0.0007912133
0.95893335,0.9990844
0.9462378,0.99912614
0.9466169,0.9991068
0.05799313,0.0007894551
0.9692865,0.9991433
0.044347744,0.000778466
0.92798364,0.99908173
0.94514513,0.99913055
0.04187757,0.0007762682
0.047315616,0.00076088344
0.07365531,0.0007890155
0.9357614,0.99913317
0.95701534,0.99913144
0.05157627,0.0008052793
0.03932172,0.00075297133
0.9304939,0.99911255
0.92533886,0.99911255
0.917137,0.99916
0.9732359,0.9991011
0.05699154,0.00081363105
0.057753686,0.0007986859
0.055786166,0.00082945527
0.9390915,0.9991235
0.0629882,0.0008035211
0.94544643,0.9991648
0.9464072,0.9990936
0.08021875,0.0007520922
0.031896345,0.000785499
0.037341572,0.0008114332
0.03079769,0.0007723121
0.057679404,0.00082945527
0.084902324,0.0007947298
0.9549037,0.9991398
0.0461615,0.0007771473
0.030378979,0.00081231236
0.05564948,0.00080747716
0.9532195,0.99915165
0.9617435,0.9991196
0.91808015,0.9990822
0.03239751,0.0008008837
0.9238879,0.9990835
0.9614223,0.9991477
0.93503165,0.9990558
0.92279,0.99906725
0.06936865,0.0007547296
0.9480211,0.9990936
0.056348987,0.0007604439
0.05582999,0.0007876968
0.93007296,0.9991459
0.9718988,0.9992378
0.05472787,0.00083165313
0.0478824,0.0008083563
0.9242316,0.99916744
0.935696,0.99913317
0.9282171,0.99910504
0.94009656,0.99909186
0.9623977,0.99912876
0.05106322,0.00080396066
0.95054847,0.9991147
0.95792335,0.99913627
0.055207495,0.00075385044
0.035779886,0.0007894551
0.062246848,0.00080396066
0.9324394,0.99910855
0.05209576,0.000799565
0.9689844,0.9991657
0.92360485,0.9991222
0.038352817,0.0007876968
0.06710227,0.0007934111
0.045834158,0.000775389
0.9412202,0.9990765
0.9353964,0.9991248
0.94147575,0.9990769
0.94569033,0.99913275
0.024126042,0.0007107733
0.041827057,0.00073670753
0.09345186,0.0008101145
0.9223562,0.99912524
0.05902344,0.0008083563
0.04485089,0.0007969276
0.9474363,0.9990971
0.93640864,0.99915075
0.033825237,0.00080264197
0.94569504,0.99910414
0.9375481,0.9990857
0.051404677,0.0007556087
0.9021429,0.9990945
0.9278663,0.99908745
0.95391554,0.9991147
0.9073692,0.99912876
0.06058488,0.0007463779
0.04661215,0.0007894551
0.09107033,0.0007912133
0.93683994,0.9990936
0.95690644,0.9991147
0.9446214,0.9991367
0.06435897,0.0007934111
0.93387604,0.9991015
0.9333526,0.99910945
0.9385822,0.99912
0.060375895,0.0007692352
0.051099617,0.0007046194
0.9308819,0.9991437
0.04733815,0.0006729709
0.067121826,0.0008162684
0.07296497,0.0008030815
0.0629622,0.0008114332
0.93276775,0.9991235
0.9224092,0.9991248
0.051485647,0.0007679165
0.06390486,0.0007960485
0.036509845,0.0007679165
0.92903125,0.999142
0.9357089,0.9990826
0.93193674,0.9990655
0.06576145,0.0008057189
0.949825,0.9990752
0.93123776,0.99912614
0.9186831,0.9990809
0.93205756,0.99913055
0.94598424,0.99913496
0.9610324,0.99908745
0.032339074,0.0007947298
0.07141467,0.0007771473
0.94137573,0.99912965
0.9514936,0.9991015
0.9217609,0.99910945
0.9226409,0.99913096
0.06927605,0.0008022024
0.077391274,0.00075736694
0.96818906,0.9991187
0.88524806,0.99913406
0.038100254,0.0007846199
0.92158335,0.99912614
0.0437042,0.00081363105
0.04305224,0.00075033394
0.9337448,0.99910724
0.039443795,0.00081363105
0.9464448,0.99912965
0.05244638,0.00080264197
0.92590517,0.9991169
0.92607725,0.9990976
0.05644085,0.0007912133
0.07857139,0.00081231236
0.95351416,0.99911296
0.054140538,0.0007811034
0.058374695,0.0008118728
0.06780771,0.0007912133
0.9435532,0.99908745
0.052628126,0.0007793451
0.9394815,0.9991376
0.92076623,0.99908656
0.9298464,0.99906814
0.9607199,0.9991204
0.94361115,0.9991112
0.94040185,0.999178
0.9301879,0.99912
0.063813485,0.00081319147
0.941243,0.99912393
0.93329984,0.9991165
0.064653136,0.0007802242
0.056425747,0.000799565
0.92648387,0.9991556
0.97950345,0.9991358
0.95629483,0.99914813
0.9343059,0.99906987
0.9511133,0.9991196
0.04365369,0.00073319103
0.05576685,0.0007644
0.046713922,0.0007630813
0.07042596,0.00083209266
0.06902101,0.0007771473
0.054222744,0.00082681794
0.91728604,0.9991174
0.9176243,0.9991002
0.060764644,0.0007938507
0.062794566,0.0007736308
0.06814942,0.0007951694
0.068097666,0.0008035211
0.06740707,0.0008008837
0.05358366,0.00082593877
0.07095584,0.0007960485
0.93880945,0.9990844
0.9290298,0.9991213
0.9455841,0.9991006
0.946221,0.99910766
0.039347228,0.0007582461
0.050255015,0.0007846199
0.9033208,0.9991213
0.92074794,0.99908924
0.03147169,0.0007934111
0.05807682,0.0007507735
0.056102365,0.00081538927
0.046703767,0.0007868177
0.061089512,0.000806598
0.09342289,0.0007894551
0.09664506,0.0007986859
0.043002963,0.00077055383
0.9701781,0.9991569
0.93414444,0.9990989
0.9606562,0.9991385
0.066980936,0.0007780264
0.07527419,0.0007696747
0.036276843,0.0007876968
0.05971774,0.00080044416
0.9108182,0.99913365
0.048138183,0.0007982463
0.064290136,0.0007837407
0.05061628,0.0007876968
0.9371428,0.99910855
0.057611063,0.00083736744
0.0607072,0.00073934486
0.9329183,0.9991182
0.053444747,0.0007837407
0.9188653,0.99913365
0.070796385,0.0007696747
0.06372459,0.000778466
0.051935308,0.0007934111
0.9331035,0.9991055
0.07442687,0.0007969276
0.050212674,0.00080747716
0.8737005,0.999149
0.05264199,0.0007639604
0.89423937,0.9991222
0.95321697,0.99914724
0.94860744,0.99915475
0.04641728,0.0007920924
0.9069579,0.9991015
0.049867008,0.0007885759
0.95574707,0.9991367
0.92628676,0.9991266
0.08060601,0.0008017628
0.91762036,0.9991428
0.07327275,0.0007912133
0.046668608,0.0007841803
0.94516194,0.99909407
0.06308947,0.0007916529
0.9531581,0.9991231
0.9399091,0.99913013
0.9511712,0.9991033
0.060878545,0.0007819825
0.05164164,0.00081670796
0.026030423,0.0007639604
0.9331812,0.99910504
0.9292648,0.9990985
0.96380985,0.9991235
0.0581204,0.0007248393
0.943446,0.99909496
0.941449,0.99908835
0.95372087,0.9991367
0.08507912,0.0008057189
0.0333419,0.0007982463
0.9474264,0.99910414
0.9355073,0.99914503
0.056040958,0.0007780264
0.0668653,0.0007512131
0.04467038,0.0007723121
0.055544496,0.0007793451
0.9463772,0.9991213
0.06239046,0.0007916529
0.9355811,0.99912393
0.9238869,0.99912924
0.9450292,0.9991604
0.060702246,0.00080264197
0.05246049,0.00083121355
0.045733873,0.0007833012
0.94325805,0.9991459
0.055856485,0.0008118728
0.057954997,0.0007762682
0.03975529,0.00085231254
0.9318637,0.9990795
0.9690894,0.99914944
0.9250279,0.9990998
0.054164805,0.0007920924
0.9347595,0.9991191
0.94957685,0.9991002
0.064172775,0.00082154316
0.9197822,0.99909407
0.9198533,0.99910504
0.049604043,0.00079560897
0.9362474,0.99910283
0.95170856,0.9990822
0.035194777,0.0007890155
0.9621788,0.99918854
0.050637823,0.0007767077
0.06213963,0.0007780264
0.93354774,0.9991015
0.06271434,0.00082198274
0.9402486,0.9991169
0.058508158,0.00075253175
0.042846475,0.0007846199
0.052432265,0.0008400048
0.06616183,0.0007934111
0.04775587,0.00080264197
0.9494243,0.9991055
0.060641088,0.00081582885
0.9242172,0.9990998
0.06664319,0.0007595648
0.06618214,0.00082242227
0.057791077,0.00081670796
0.049533226,0.0007793451
0.0960555,0.0008127519
0.9198882,0.99909407
0.05463155,0.0007986859
0.032019656,0.00081890577
0.9456188,0.9990998
0.94604,0.99915123
0.04619146,0.000771433
0.056389097,0.0007771473
0.053779025,0.0007582461
0.05694053,0.0007986859
0.92826617,0.99913275
0.92595196,0.9991411
0.9382798,0.9990804
0.058045868,0.0008013233
0.88605976,0.99910986
0.06971382,0.0007846199
0.9539712,0.9991609
0.04759195,0.0008008837
0.9387473,0.9990954
0.054676864,0.00081538927
0.048444975,0.000806598
0.054147717,0.0007723121
0.937121,0.99909097
0.06542346,0.00075604825
0.045543958,0.0007894551
0.932115,0.99909097
0.93098545,0.99909496
0.92107975,0.999142
0.9210007,0.99911386
0.9318902,0.9990945
0.9342143,0.9990993
0.9265007,0.99913496
0.057047497,0.0007868177
0.057952024,0.00080264197
0.054530773,0.00081099366
0.9397838,0.99912614
0.9259862,0.99911034
0.059188347,0.0007687956
0.047135357,0.000799565
0.060300127,0.00081099366
0.04439454,0.0007116524
0.9412323,0.9990954
0.9376913,0.99913055
0.9279334,0.99908656
0.057341166,0.00080967497
0.07576248,0.0007850594
0.9332278,0.9991143
0.06606774,0.0008052793
0.9360137,0.99905276
0.08959011,0.000761323
0.9397992,0.9990826
0.05554004,0.00075604825
0.04579528,0.00080747716
0.9484564,0.9991424
0.06675041,0.00081363105
0.07560376,0.0008149497
0.0699862,0.00077055383
0.06689031,0.0007736308
0.06746972,0.0008105541
0.045710847,0.000775389
0.061962344,0.0007652791
0.053083237,0.0008030815
0.90316576,0.9990769
0.94931465,0.9990734
0.9499703,0.9991407
0.05248253,0.0007868177
0.03823446,0.0007951694
0.056890514,0.00081538927
0.054442625,0.0005780253
0.94860995,0.99910945
0.059461463,0.0007828616
0.9399096,0.99908483
0.059324536,0.0007661582
0.026461763,0.0007828616
0.94354033,0.9991015
0.06951697,0.0008008837
0.053127807,0.00082154316
0.91955566,0.9991556
0.9626384,0.99908745
0.056171697,0.0007723121
0.94391894,0.99909097
0.9331897,0.9991798
0.92382205,0.9991815
0.040612273,0.0007520922
0.055919133,0.0007811034
0.89841557,0.99915206
0.04821321,0.00083341135
0.93888104,0.99911076
0.9698543,0.9991912
0.92508733,0.99912703
0.98050576,0.9991446
0.07587317,0.00082593877
0.9357621,0.9990901
0.051690914,0.0008052793
0.07168803,0.00075648783
0.05547145,0.0007758286
0.028288394,0.0007846199
0.040784612,0.0007868177
0.88869333,0.99913496
0.9480971,0.9991182
0.061100405,0.0007942903
0.9347452,0.9990813
0.058327157,0.0007674769
0.92291504,0.99910945
0.043001976,0.00075297133
0.9228717,0.9991006
0.937225,0.9991376
0.95116705,0.9990778
0.052637536,0.0008035211
0.051077582,0.0008105541
0.057083897,0.0007885759
0.047697186,0.0007876968
0.040712558,0.0007819825
0.03566648,0.0008022024
0.9344629,0.9991191
0.9270192,0.99909407
0.05974919,0.000799565
0.93594384,0.99909276
0.040635303,0.00074330095
0.95843863,0.9990752
0.89873797,0.9991037
0.044046897,0.0007520922
0.031036388,0.0007920924
0.941397,0.99911034
0.069143824,0.0008052793
0.93187636,0.9990857
0.042740744,0.0007903342
0.9325318,0.99913627
0.045851983,0.0007881364
0.9333932,0.99911076
0.103190675,0.0007652791
0.09181886,0.0007890155
0.9244217,0.999098
0.048123326,0.000778466
0.042998012,0.0007512131
0.054747187,0.0008022024
0.033674195,0.0007595648
0.950676,0.9991358
0.94247043,0.9990985
0.061147947,0.0007771473
0.91820866,0.99906284
0.06510553,0.00082505966
0.058978375,0.000799565
0.054044712,0.000799565
0.0604066,0.0008057189
0.9735504,0.99916923
0.93990195,0.9990787
0.059758104,0.0007780264
0.9608392,0.9991226
0.95217407,0.9991569
0.93041617,0.9991182
0.049731813,0.0007736308
0.06033405,0.0008101145
0.9463646,0.9991407
0.95078,0.9991407
0.056534942,0.00071736675
0.06608681,0.0007920924
0.051454198,0.00083560916
0.9260441,0.99910593
0.9333288,0.9990752
0.05388426,0.0008162684
0.06347946,0.0007793451
0.035403516,0.0007758286
0.95818704,0.99919647
0.06725405,0.000775389
0.04669015,0.00081670796
0.9744257,0.99913096
0.9712689,0.9991376
0.06113656,0.00081451016
0.9098988,0.9991182
0.94835883,0.99910766
0.93003017,0.9991165
0.051550023,0.0007969276
0.93443143,0.99908924
0.94712824,0.99921536
0.04932449,0.0007811034
0.906148,0.99913627
0.046381872,0.00077055383
0.93224055,0.99909186
0.030764759,0.00074066356
0.051630992,0.0007595648
0.96059114,0.99909496
0.9163902,0.99910504
0.047040273,0.0007696747
0.9456847,0.9991398
0.94591445,0.99911386
0.9373783,0.9991279
0.9423637,0.99911296
0.050638318,0.0008052793
0.06947265,0.0007674769
0.95209134,0.9990923
0.9363051,0.99911255
0.041554436,0.0007846199
0.023771958,0.00075253175
0.9457332,0.99912614
0.059901472,0.0007819825
0.054862574,0.0007811034
0.047442395,0.0007960485
0.9362742,0.99910504
0.9314495,0.99913496
0.071308196,0.0007723121
0.079282284,0.0007687956
0.9365307,0.99913144
0.90084785,0.999102
0.062667295,0.0007802242
0.986701,0.99913317
0.058699813,0.0008400048
0.9400329,0.9990879
0.052559536,0.00081099366
0.06657411,0.0007951694
0.9465156,0.99911207
0.96076643,0.9990976
0.9216809,0.99908924
0.051714685,0.00079560897
0.058922414,0.0007811034
0.062584594,0.0008013233
0.06708716,0.00082989485
0.066140294,0.0007731912
0.94397813,0.99910814
0.9011591,0.9991279
0.052634317,0.000785499
0.0685706,0.00080615847
0.9364636,0.9990932
0.9261669,0.9991134
0.0715719,0.0007582461
0.056448277,0.0007868177
0.92750305,0.9991147
0.9506641,0.99909097
0.91904414,0.9990769
0.94498414,0.99911034
0.055238448,0.00082242227
0.93264294,0.9991323
0.04947974,0.0007960485
0.046581697,0.0007762682
0.058068648,0.0007762682
0.9345565,0.9991877
0.06416039,0.00075297133
0.9412692,0.9991385
0.08021553,0.0008118728
0.9338305,0.9991182
0.9536902,0.99910414
0.9310394,0.99910593
0.96966285,0.9991367
0.0518323,0.0007520922
0.927191,0.99908924
0.9486718,0.9991134
0.92862123,0.9991385
0.0557099,0.0007758286
0.072366245,0.00081934535
0.030652342,0.000799565
0.06609919,0.0007582461
0.0433001,0.00074110314
0.9249098,0.99910283
0.9594043,0.999142
0.93167007,0.99912703
0.058625776,0.0008052793
0.93453026,0.9991222
0.053264983,0.000778466
0.06179892,0.00079560897
0.07282952,0.0008092354
0.90438896,0.9990901
0.03958741,0.00076352083
0.055024758,0.0007745099
0.97427833,0.99912876
0.06652805,0.0007837407
0.9396838,0.9990791
0.032751594,0.0007731912
0.9565999,0.9991182
0.04793539,0.00082769705
0.95969105,0.9991134
0.047398813,0.0007780264
0.929655,0.9991011
0.9107511,0.99907255
0.9320212,0.99909097
0.9357965,0.99913055
0.0637288,0.0007868177
0.92921454,0.99912965
0.076570936,0.0007912133
0.9276087,0.99913144
0.045203242,0.000778466
0.06936841,0.00074901525
0.08658955,0.0007415427
0.9675671,0.9991534
0.9498403,0.99910986
0.930431,0.9991345
0.04711109,0.00075648783
0.038444683,0.00072659756
0.042027622,0.0007679165
0.050822295,0.0007881364
0.93126947,0.99910504
0.06196185,0.0007960485
0.050707404,0.0007762682
0.051039945,0.00082901574
0.050415963,0.0007920924
0.941813,0.99910766
0.9389897,0.99913096
0.9292041,0.9990936
0.9438585,0.999102
0.05660675,0.0007674769
0.0673729,0.0007951694
0.93849105,0.99912703
0.02668585,0.00080396066
0.93278855,0.99908656
0.051921193,0.00076220214
0.9491965,0.99914724
0.052971315,0.0008079167
0.95892966,0.9991147
0.08465892,0.000775389
0.06520408,0.0007881364
0.04521166,0.00080615847
0.96486616,0.99914724
0.9327249,0.99912614
0.92006254,0.99910855
0.9426561,0.9991174
0.9544318,0.9991196
0.04558605,0.00076703733
0.9249868,0.99915737
0.046718627,0.0007876968
0.05769104,0.0007758286
0.938183,0.9990985
0.9256984,0.999102
0.047621418,0.0007745099
0.9052593,0.9990593
0.04430342,0.0008048398
0.06911213,0.0008035211
0.95404375,0.9990795
0.03489591,0.0007837407
0.9461732,0.9991037
0.04970829,0.0007520922
0.94317436,0.99909097
0.03508484,0.0008052793
0.9647745,0.9991165
0.9338159,0.99912703
0.9758606,0.99912965
0.050591026,0.00074549875
0.9475702,0.9991174
0.9136957,0.99910945
0.047170766,0.0007793451
0.054087054,0.00081890577
0.9253201,0.9991244
0.055794086,0.0007885759
0.046120394,0.00081099366
0.048837688,0.0007951694
0.06581889,0.0007951694
0.9461078,0.99911296
0.029792635,0.0007934111
0.8955473,0.9991578
0.9309379,0.99908394
0.09248568,0.0007938507
0.9368598,0.99914855
0.02697407,0.0008127519
0.07173657,0.0007894551
0.92751837,0.9990998
0.055370424,0.0007863781
0.062498916,0.00083912566
0.03906792,0.00075297133
0.9322874,0.9991433
0.9170466,0.9990782
0.95804024,0.99912965
0.9193506,0.99908656
0.94843906,0.99915123
0.9260532,0.9991006
0.047045473,0.0007811034
0.046007484,0.0007604439
0.9378237,0.9990857
0.040281713,0.0008008837
0.9474679,0.9991156
0.9381278,0.9990989
0.98069423,0.99912524
0.9527401,0.99913627
0.93762094,0.99908483
0.88117933,0.99912745
0.9216522,0.99908614
0.04874285,0.00080044416
0.06928174,0.0007934111
0.055601448,0.0007582461
0.9137088,0.999142
0.93620706,0.9990963
0.06788918,0.0007802242
0.06556014,0.0007846199
0.9402476,0.9991842
0.93220764,0.9991428
0.9632626,0.9991407
0.08431697,0.0008127519
0.038332265,0.00076220214
0.048219897,0.00081099366
0.9389083,0.9990985
0.04600897,0.0007916529
0.053676017,0.0007762682
0.038562544,0.0007811034
0.93744713,0.99910945
0.9246146,0.99913365
0.05313672,0.0007850594
0.9479498,0.99915206
0.06422502,0.0008030815
0.060784206,0.000775389
0.05863023,0.00074901525
0.06828511,0.00080967497
0.057265643,0.0007745099
0.94447803,0.9991367
0.954878,0.9991428
0.05967218,0.0007780264
0.949071,0.99909407
0.9601132,0.9991596
0.03687284,0.0007802242
0.058935538,0.0007960485
0.06823806,0.0007960485
0.9406705,0.99912524
0.92751914,0.9990936
0.050265662,0.00081451016
0.93836474,0.9991402
0.93509626,0.99917185
0.9401367,0.99911386
0.06449293,0.0007665978
0.92642915,0.9991226
0.944694,0.99912614
0.934039,0.9991222
0.9318065,0.9991257
0.03523068,0.0007520922
0.040359214,0.0008672577
0.049526542,0.0008246201
0.0458864,0.00073143275
0.9456894,0.9991134
0.8996229,0.9991402
0.88441956,0.9991279
0.93966943,0.99911034
0.09968078,0.0007942903
0.92708033,0.99910855
0.039498024,0.0007863781
0.9011725,0.99912703
0.9331359,0.999033
0.05982248,0.0007907738
0.9510826,0.99906856
0.9501674,0.9991266
0.052983448,0.0007723121
0.0279717,0.00071385026
0.056647606,0.0007912133
0.9360273,0.9990985
0.9156907,0.99903953
0.054366853,0.0007969276
0.0483905,0.0007942903
0.9462433,0.99911517
0.046915725,0.0007938507
0.05126527,0.0007969276
0.9272348,0.9990958
0.04192016,0.00076703733
0.9299628,0.99912524
0.06347698,0.00081846624
0.92223704,0.9991178
0.045621704,0.0007951694
0.93895805,0.99910504
0.06578621,0.0007912133
0.94655377,0.9990857
0.053210262,0.00074901525
0.04680207,0.0007978068
0.050565273,0.0007723121
0.93193626,0.9990765
0.9220439,0.9990804
0.9190124,0.9990958
0.05166467,0.000792532
0.043792102,0.0007894551
0.9400047,0.999142
0.04760656,0.0007894551
0.93107826,0.9991156
0.8971419,0.99911207
0.92794675,0.99913317
0.95049304,0.9991156
0.9230975,0.9991446
0.92237747,0.99910593
0.9452655,0.99912703
0.045787852,0.0008008837
0.94852424,0.9991455
0.93493336,0.9990752
0.945492,0.99910855
0.9292103,0.99911606
0.94902146,0.9991578
0.049371783,0.00083077396
0.056323975,0.0007846199
0.8720078,0.9991112
0.042367592,0.0007942903
0.9468514,0.99909496
0.05676126,0.0007837407
0.074370906,0.0007630813
0.068017684,0.000806598
0.9219369,0.99911165
0.92672527,0.99912924
0.9302381,0.9990985
0.9448517,0.9991631
0.04088019,0.0007736308
0.88861585,0.9991187
0.9157058,0.99908924
0.97261095,0.99913496
0.05793395,0.000785499
0.029417008,0.0007767077
0.94105107,0.9990567
0.95230705,0.9990936
0.9431924,0.99910283
0.95246327,0.9991604
0.9562901,0.99915427
0.9425177,0.9991881
0.06612841,0.00082505966
0.96413594,0.9990835
0.9402176,0.99912703
0.046165958,0.00081363105
0.9318714,0.9991182
0.074435286,0.00081231236
0.9572907,0.9991147
0.99232304,0.9991657
0.046377417,0.0007969276
0.057394154,0.0007679165
0.061742462,0.0008079167
0.94602835,0.9990576
0.07547129,0.0007833012
0.9355291,0.9991037
0.06493071,0.0007723121
0.060694076,0.0007934111
0.0602974,0.0007709934
0.912805,0.9991068
0.91649765,0.9991191
0.04293784,0.0008127519
0.043434553,0.0007894551
0.94909924,0.9991402
0.06085032,0.000775389
0.053147864,0.0007709934
0.06172513,0.0007969276
0.93502915,0.99910414
0.9395038,0.99911034
0.9319947,0.99908876
0.047582295,0.00074901525
0.9433395,0.9991393
0.07234198,0.00075297133
0.06649314,0.00073187234
0.9264856,0.9990998
0.9399277,0.99906945
0.05384266,0.0007802242
0.0541237,0.0007595648
0.95019215,0.9991165
0.054415386,0.0007520922
0.08711968,0.0007938507
0.05558139,0.0007920924
0.94501215,0.9990391
0.06438374,0.0007890155
0.95457464,0.99908
0.042816762,0.0007507735
0.053657446,0.0007661582
0.03904316,0.0007701143
0.9200836,0.99911034
0.9322596,0.9991174
0.061593153,0.0008118728
0.914965,0.9990989
0.04045702,0.0007534109
0.046982333,0.0008044002
0.053110473,0.00076000433
0.9462502,0.99910504
0.93944037,0.999149
0.06708815,0.0008008837
0.8913854,0.9990971
0.070577,0.00081934535
0.94718987,0.99912524
0.047343597,0.0007498944
0.92992914,0.99913275
0.92947626,0.99912
0.9375999,0.999102
0.91395074,0.9991187
0.05183453,0.0007661582
0.9434178,0.9990993
0.9342019,0.9991033
0.048976842,0.0007819825
0.909259,0.99910504
0.05208734,0.0007960485
0.9363712,0.99908304
0.059766274,0.00082154316
0.04391888,0.00080396066
0.05079555,0.0008044002
0.05375154,0.0007982463
0.055991434,0.0007876968
0.9345045,0.9991015
0.93554395,0.9991257
0.9403729,0.99911034
0.04945696,0.000806598
0.9244881,0.99908745
0.05000047,0.0007819825
0.9310389,0.99908614
0.9257945,0.9990576
0.025627064,0.0007894551
0.061168995,0.0008083563
0.9274,0.99912834
0.9437211,0.9991407
0.04814586,0.0007903342
0.9423384,0.99909407
0.08639295,0.0007978068
0.057120543,0.0007960485
0.9313843,0.99910724
0.909464,0.99912614
0.06256973,0.0007780264
0.9539997,0.99913406
0.057850998,0.00083165313
0.050107934,0.00081670796
0.034422725,0.0007582461
0.051970962,0.0007978068
0.95073915,0.99909276
0.05118455,0.0007837407
0.055925816,0.0007876968
0.0649728,0.00081099366
0.93346673,0.9990971
0.051597815,0.0007907738
0.05334298,0.0007731912
0.94098026,0.99912614
0.05371935,0.0007846199
0.91097766,0.99911076
0.8799259,0.9990567
0.92084,0.9991182
0.035862092,0.00072747667
0.044096913,0.0007569274
0.9246285,0.9991147
0.93339765,0.9990923
0.06878627,0.0008044002
0.04368662,0.0007771473
0.06902051,0.0007876968
0.08274736,0.0008013233
0.9430565,0.9990963
0.051473264,0.00076352083
0.06098205,0.0008092354
0.041200105,0.0007934111
0.0615315,0.0008008837
0.9288478,0.99910593
0.053957306,0.0008092354
0.9036625,0.9990945
0.06527415,0.0007942903
0.05976182,0.0008149497
0.048308786,0.0007833012
0.062061884,0.0007639604
0.065110475,0.000778466
0.9326162,0.9991182
0.93029064,0.99910986
0.9245562,0.99908656
0.049198706,0.00080615847
0.06297606,0.00082989485
0.92792076,0.9990945
0.9558036,0.9990998
0.047146995,0.0007665978
0.049882606,0.0007745099
0.057484534,0.00080747716
0.053829536,0.0008083563
0.04999651,0.0007771473
0.92525226,0.9991046
0.9358688,0.99908483
0.9329535,0.9990782
0.93505245,0.999142
0.032646112,0.00075297133
0.92423135,0.9990945
0.9182537,0.99908835
0.9634884,0.99908394
0.056631014,0.0007723121
0.031379577,0.0007819825
0.059102677,0.0008017628
0.9389001,0.99912614
0.049633015,0.0007920924
0.032230124,0.00081231236
0.025868732,0.00082549924
0.96765524,0.99907255
0.94256103,0.9990857
0.9455609,0.99910504
0.07218895,0.0007780264
0.062487032,0.000799565
0.9331926,0.9991217
0.9434965,0.9992277
0.9238344,0.9990923
0.06323457,0.0007661582
0.960422,0.9991437
0.9283357,0.9991112
0.09659108,0.0007938507
0.056743927,0.0007824221
0.056823906,0.0007811034
0.94387364,0.99908304
0.06017112,0.0007837407
0.06432456,0.0007973672
0.04497445,0.0008052793
0.94788665,0.9990976
0.94439805,0.9991169
0.9272509,0.9990923
0.03326316,0.0007811034
0.93799233,0.99919736
0.931448,0.9991244
0.948658,0.9991385
0.9260146,0.99911034
0.92812204,0.99911296
0.05280591,0.0007951694
0.9352458,0.9990778
0.06215424,0.00074813614
0.084607914,0.0008008837
0.9423538,0.99912393
0.047574125,0.0007811034
0.057863872,0.0007665978
0.93632394,0.999058
0.06659417,0.0007876968
0.93356156,0.9991182
0.055858467,0.00075736694
0.0646831,0.00082593877
0.06856738,0.0007815429
0.048498705,0.0008118728
0.079992436,0.0007463779
0.04679489,0.00081538927
0.059067514,0.0007934111
0.94629157,0.9991354
0.04403006,0.0007841803
0.06366715,0.0007762682
0.9545321,0.9991024
0.96247894,0.9991468
0.04207219,0.0007982463
0.95647234,0.99909276
0.047204934,0.0007793451
0.931398,0.9991411
0.06555296,0.0008052793
0.936007,0.9991015
0.049289826,0.0007978068
0.93608993,0.9991459
0.942074,0.999102
0.94837373,0.99912614
0.9228615,0.99911386
0.9497482,0.99913627
0.046228107,0.0008149497
0.06841485,0.000799565
0.92743766,0.99910814
0.06007455,0.00082242227
0.049563438,0.0008013233
0.03906792,0.00075297133
0.052330002,0.0008175871
0.9554819,0.99912703
0.04270063,0.0007916529
0.95173776,0.99911255
0.93035203,0.9991024
0.949666,0.9990989
0.038596716,0.0007696747
0.08276445,0.00080264197
0.96280354,0.9991626
0.9446893,0.99911207
0.949435,0.9991398
0.9515904,0.9991279
0.9410531,0.9991446
0.9373723,0.9991165
0.97175145,0.99912965
0.89184695,0.9991068
0.07359538,0.0008017628
0.048656188,0.0007837407
0.064454556,0.0008044002
0.9480048,0.9991037
0.9163798,0.99907166
0.96084243,0.9991415
0.9160829,0.99908394
0.91420156,0.99908614
0.03373486,0.0007978068
0.9338409,0.9990835
0.92894113,0.9990826
0.96296644,0.9991323
0.9537766,0.99911255
0.069965646,0.0008017628
0.042228684,0.00080264197
0.04692563,0.00081451016
0.93839,0.9991196
0.04731413,0.0007938507
0.94296885,0.99915075
0.05653643,0.00085231254
0.95616776,0.99912876
0.07098308,0.0007951694
0.06657906,0.000799565
0.9598307,0.99913055
0.9479228,0.99908304
0.94742113,0.99914813
0.9563785,0.9991402
0.06736746,0.0007960485
0.94514436,0.99911034
0.062228028,0.000806598
0.05897664,0.0007938507
0.031961713,0.00076220214
0.9353122,0.9990787
0.055921856,0.000778466
0.063902624,0.0007912133
0.034965985,0.0007626417
0.033639282,0.0007912133
0.9365277,0.99907607
0.9556914,0.99911386
0.93615234,0.999109
0.044339076,0.0008149497
0.9456071,0.9990936
0.08195946,0.0007485757
0.103630185,0.000761323
0.9272302,0.9991182
0.038189147,0.000792532
0.9458208,0.9991398
0.064016774,0.0007903342
0.9414282,0.9990567
0.04285613,0.0007639604
0.9642947,0.9991657
0.049117487,0.0007973672
0.91933507,0.99910945
0.04736935,0.0008233014
0.91643304,0.99914634
0.05801566,0.0007595648
0.051373724,0.00083253224
0.050936442,0.00076220214
0.0590066,0.0008057189
0.06192743,0.0007894551
0.06968882,0.0007947298
0.95160556,0.99913055
0.9324275,0.9991213
0.048438042,0.0008118728
0.07635551,0.0007942903
0.055318426,0.0007969276
0.055900067,0.0008008837
0.9562703,0.99908745
0.06714164,0.0008035211
0.05860745,0.0008035211
0.05169042,0.0007938507
0.071371585,0.0007986859
0.9572328,0.99913406
0.032387607,0.0007903342
0.9084317,0.99913406
0.9223641,0.9991266
0.9460407,0.9990769
0.9548666,0.99911296
0.042455744,0.0007639604
0.9333466,0.999098
0.9328883,0.99910724
0.9459456,0.99908924
0.045619726,0.0007894551
0.061896972,0.0007793451
0.9300596,0.99910504
0.06496067,0.0007811034
0.055540286,0.000799565
0.9314757,0.99915427
0.052656107,0.00080396066
0.9451503,0.99910414
0.069674954,0.00083604874
0.95586395,0.9991015
0.051787484,0.0007595648
0.053627733,0.0007815429
0.94847524,0.99913275
0.04775909,0.0007811034
0.038076732,0.00073582836
0.9148233,0.9990976
0.9387144,0.9991323
0.0660987,0.0008149497
0.06426562,0.0008008837
0.9341204,0.9991815
0.04909025,0.000785499
0.9339107,0.99911606
0.053217195,0.0007833012
0.045801967,0.00081363105
0.056175906,0.00082022446
0.9193368,0.99910635
0.062319398,0.0007916529
0.9151311,0.99913055
0.93163365,0.9991323
0.047287636,0.0007894551
0.943783,0.9991428
0.90413415,0.99909407
0.057709612,0.00080747716
0.90551114,0.99911076
0.94946194,0.99915165
0.9490688,0.9991556
0.94300276,0.99916744
0.9637053,0.9991367
0.06291243,0.0007723121
0.049217522,0.0008017628
0.05960483,0.0007802242
0.052904956,0.000799565
0.96331286,0.9991604
0.94378495,0.9991534
0.91657495,0.9991389
0.053617086,0.0007811034
0.037960105,0.0007819825
0.07092514,0.0008052793
0.039576266,0.0007868177
0.9394478,0.9991213
0.90765524,0.99907607
0.053531907,0.0007947298
0.92232543,0.99912614
0.9490333,0.9991323
0.93982965,0.9991626
0.05214033,0.0007837407
0.9602744,0.99912703
0.05229509,0.000761323
0.048572246,0.0007767077
0.94126976,0.9991398
0.040364664,0.0007723121
0.8998129,0.99912876
0.06394348,0.0007894551
0.9384036,0.999109
0.07265941,0.00082769705
0.97452325,0.9991446
0.054013513,0.0007903342
0.060377628,0.0007903342
0.90931,0.9991037
0.94523424,0.9991191
0.98229355,0.99919295
0.10102729,0.0007639604
0.059513956,0.0007907738
0.9279319,0.9991235
0.8707504,0.9990835
0.9310805,0.9991182
0.06351883,0.0007934111
0.042173218,0.00083385094
0.05388748,0.0008233014
0.9564191,0.9991455
0.9443941,0.9990558
0.95458186,0.9990857
0.96275944,0.99910855
0.93019456,0.99912965
0.931002,0.9991213
0.04739114,0.000761323
0.92374575,0.9991112
0.93738,0.99912614
0.08562288,0.0007595648
0.05895411,0.00082901574
0.9566313,0.9991055
0.96308875,0.9991165
0.9659222,0.99912965
0.06683831,0.0008044002
0.93110156,0.9991015
0.9615001,0.9991367
0.952154,0.9991209
0.9510464,0.99913627
0.96020734,0.99916744
0.06572629,0.0007846199
0.053904813,0.000775389
0.050975565,0.0007248393
