{
    "accuracy": 0.8908291294787221,
    "f1": 0.8905826001134347,
    "precision": 0.8936888151629567,
    "recall": 0.8908291294787221
}