{
    "0": {
        "precision": 0.7101910828025477,
        "recall": 0.6445086705202312,
        "f1-score": 0.6757575757575758,
        "support": 346.0
    },
    "1": {
        "precision": 0.6932668329177057,
        "recall": 0.7533875338753387,
        "f1-score": 0.7220779220779221,
        "support": 369.0
    },
    "accuracy": 0.7006993006993008,
    "macro avg": {
        "precision": 0.7017289578601267,
        "recall": 0.698948102197785,
        "f1-score": 0.6989177489177489,
        "support": 715.0
    },
    "weighted avg": {
        "precision": 0.7014567496451957,
        "recall": 0.7006993006993008,
        "f1-score": 0.6996627614809433,
        "support": 715.0
    }
}